city,latitude,longitude,time,pm10,pm2_5,carbon_monoxide,nitrogen_dioxide,sulphur_dioxide,ozone,temperature_2m,relative_humidity_2m,precipitation,wind_speed_10m
Ahmedabad,23.0225,72.5714,2025-08-28 00:00:00,85.2,49.5,292.0,53.0,14.9,9.0,26.9,95,2.7,6.2
Ahmedabad,23.0225,72.5714,2025-08-28 01:00:00,72.9,41.0,260.0,46.0,11.2,12.0,26.8,95,2.1,5.5
Ahmedabad,23.0225,72.5714,2025-08-28 02:00:00,60.8,33.1,233.0,38.4,8.1,16.0,26.6,94,0.6,7.5
Ahmedabad,23.0225,72.5714,2025-08-28 03:00:00,50.9,26.9,204.0,29.5,6.5,21.0,26.2,93,0.1,8.8
Ahmedabad,23.0225,72.5714,2025-08-28 04:00:00,43.7,22.2,180.0,20.0,5.6,28.0,25.7,91,0.0,8.8
Ahmedabad,23.0225,72.5714,2025-08-28 05:00:00,41.0,20.1,170.0,13.6,5.7,34.0,25.4,90,0.0,8.8
Ahmedabad,23.0225,72.5714,2025-08-28 06:00:00,39.1,18.3,188.0,11.6,5.4,35.0,26.6,91,0.0,9.7
Ahmedabad,23.0225,72.5714,2025-08-28 07:00:00,41.4,18.7,220.0,8.8,5.1,36.0,27.0,90,0.1,10.5
Ahmedabad,23.0225,72.5714,2025-08-28 08:00:00,49.7,19.8,240.0,6.4,4.7,41.0,27.9,86,0.0,13.5
Ahmedabad,23.0225,72.5714,2025-08-28 09:00:00,55.9,21.6,232.0,4.7,4.4,52.0,28.9,81,0.1,12.1
Ahmedabad,23.0225,72.5714,2025-08-28 10:00:00,60.5,23.1,212.0,3.4,4.0,66.0,29.8,76,0.3,11.3
Ahmedabad,23.0225,72.5714,2025-08-28 11:00:00,62.9,23.9,196.0,2.5,3.7,77.0,30.3,76,0.4,9.4
Ahmedabad,23.0225,72.5714,2025-08-28 12:00:00,64.0,24.2,181.0,2.0,3.4,84.0,30.8,75,0.5,8.3
Ahmedabad,23.0225,72.5714,2025-08-28 13:00:00,61.0,24.2,171.0,1.9,3.0,88.0,31.0,75,0.5,7.9
Ahmedabad,23.0225,72.5714,2025-08-28 14:00:00,56.9,23.0,188.0,2.5,2.9,90.0,31.5,74,0.5,7.3
Ahmedabad,23.0225,72.5714,2025-08-28 15:00:00,52.3,21.7,250.0,3.6,2.8,89.0,29.7,77,4.5,11.0
Ahmedabad,23.0225,72.5714,2025-08-28 16:00:00,43.8,20.0,340.0,5.4,2.9,85.0,26.8,92,6.7,2.9
Ahmedabad,23.0225,72.5714,2025-08-28 17:00:00,54.4,25.1,433.0,16.0,4.7,62.0,27.0,92,0.6,1.5
Ahmedabad,23.0225,72.5714,2025-08-28 18:00:00,58.9,30.5,539.0,27.4,7.3,47.0,28.5,87,0.4,6.9
Ahmedabad,23.0225,72.5714,2025-08-28 19:00:00,67.3,37.5,647.0,42.8,10.8,27.0,28.1,89,0.3,4.5
Ahmedabad,23.0225,72.5714,2025-08-28 20:00:00,74.3,43.5,698.0,52.4,13.2,13.0,27.5,91,0.6,4.1
Ahmedabad,23.0225,72.5714,2025-08-28 21:00:00,75.0,43.5,652.0,51.1,13.7,11.0,27.1,95,1.4,4.0
Ahmedabad,23.0225,72.5714,2025-08-28 22:00:00,74.0,42.8,550.0,44.1,13.1,15.0,26.8,95,1.4,4.7
Ahmedabad,23.0225,72.5714,2025-08-28 23:00:00,64.0,37.0,452.0,36.8,12.0,19.0,26.6,96,1.1,4.8
Ahmedabad,23.0225,72.5714,2025-08-29 00:00:00,53.8,30.9,374.0,30.5,10.2,23.0,26.4,95,0.1,6.6
Ahmedabad,23.0225,72.5714,2025-08-29 01:00:00,48.3,27.2,301.0,23.8,7.9,27.0,26.2,95,0.0,7.6
Ahmedabad,23.0225,72.5714,2025-08-29 02:00:00,46.3,25.1,248.0,18.6,6.1,30.0,26.1,96,0.0,7.1
Ahmedabad,23.0225,72.5714,2025-08-29 03:00:00,44.6,23.5,223.0,15.8,5.4,31.0,26.0,97,0.0,6.2
Ahmedabad,23.0225,72.5714,2025-08-29 04:00:00,44.4,22.6,217.0,14.4,5.3,31.0,26.0,97,0.0,4.9
Ahmedabad,23.0225,72.5714,2025-08-29 05:00:00,34.1,18.3,220.0,10.5,5.5,36.0,26.0,97,0.0,5.2
Ahmedabad,23.0225,72.5714,2025-08-29 06:00:00,34.9,18.4,238.0,11.2,6.0,33.0,26.2,94,2.8,8.7
Ahmedabad,23.0225,72.5714,2025-08-29 07:00:00,36.3,19.2,265.0,12.0,6.7,30.0,26.4,93,1.0,6.9
Ahmedabad,23.0225,72.5714,2025-08-29 08:00:00,40.7,20.3,275.0,11.8,6.9,32.0,27.3,90,0.2,6.0
Ahmedabad,23.0225,72.5714,2025-08-29 09:00:00,46.3,21.4,250.0,9.5,6.2,43.0,27.8,90,0.3,5.2
Ahmedabad,23.0225,72.5714,2025-08-29 10:00:00,53.9,23.1,208.0,6.2,5.1,58.0,29.1,84,0.3,6.7
Ahmedabad,23.0225,72.5714,2025-08-29 11:00:00,58.2,24.6,178.0,3.6,4.2,72.0,30.1,79,0.3,6.9
Ahmedabad,23.0225,72.5714,2025-08-29 12:00:00,57.7,24.3,167.0,2.3,3.8,83.0,31.0,74,0.3,7.7
Ahmedabad,23.0225,72.5714,2025-08-29 13:00:00,57.7,24.5,168.0,1.8,3.6,93.0,31.2,73,0.3,7.8
Ahmedabad,23.0225,72.5714,2025-08-29 14:00:00,54.2,23.7,185.0,2.3,3.5,98.0,31.7,72,0.2,7.4
Ahmedabad,23.0225,72.5714,2025-08-29 15:00:00,51.6,23.1,221.0,3.9,3.4,95.0,30.3,75,6.5,5.0
Ahmedabad,23.0225,72.5714,2025-08-29 16:00:00,48.9,22.2,272.0,6.4,3.5,86.0,30.1,76,2.2,4.0
Ahmedabad,23.0225,72.5714,2025-08-29 17:00:00,49.1,23.8,333.0,10.0,4.4,78.0,28.0,83,13.8,8.2
Ahmedabad,23.0225,72.5714,2025-08-29 18:00:00,53.6,30.4,422.0,28.5,7.5,56.0,28.4,87,0.1,2.7
Ahmedabad,23.0225,72.5714,2025-08-29 19:00:00,65.0,40.9,520.0,53.6,11.9,27.0,27.8,91,0.0,5.1
Ahmedabad,23.0225,72.5714,2025-08-29 20:00:00,70.8,48.3,570.0,69.5,15.3,7.0,27.2,94,0.0,6.2
Ahmedabad,23.0225,72.5714,2025-08-29 21:00:00,61.2,43.1,535.0,67.9,17.1,5.0,26.8,95,0.0,5.9
Ahmedabad,23.0225,72.5714,2025-08-29 22:00:00,58.9,42.7,451.0,57.1,18.1,12.0,26.6,94,0.0,6.7
Ahmedabad,23.0225,72.5714,2025-08-29 23:00:00,51.5,39.2,371.0,46.4,18.2,20.0,26.6,93,0.0,6.0
Ahmedabad,23.0225,72.5714,2025-08-30 00:00:00,42.7,33.8,306.0,38.6,17.4,25.0,26.5,94,0.0,7.1
Ahmedabad,23.0225,72.5714,2025-08-30 01:00:00,37.1,29.3,244.0,31.0,15.7,31.0,26.5,94,0.0,6.6
Ahmedabad,23.0225,72.5714,2025-08-30 02:00:00,33.1,25.7,201.0,24.7,13.8,35.0,26.3,94,0.0,7.5
Ahmedabad,23.0225,72.5714,2025-08-30 03:00:00,29.8,22.2,187.0,20.4,11.3,37.0,26.0,95,0.1,6.6
Ahmedabad,23.0225,72.5714,2025-08-30 04:00:00,29.6,20.6,192.0,17.6,8.6,37.0,25.9,95,0.0,6.0
Ahmedabad,23.0225,72.5714,2025-08-30 05:00:00,22.8,13.7,206.0,11.5,5.4,51.0,25.8,96,0.0,5.7
Ahmedabad,23.0225,72.5714,2025-08-30 06:00:00,25.8,14.0,234.0,12.5,5.9,50.0,26.2,96,1.4,5.1
Ahmedabad,23.0225,72.5714,2025-08-30 07:00:00,28.8,15.0,270.0,13.7,6.5,49.0,26.8,95,0.1,6.3
Ahmedabad,23.0225,72.5714,2025-08-30 08:00:00,32.2,16.8,289.0,13.7,6.8,51.0,27.4,88,0.2,9.9
Ahmedabad,23.0225,72.5714,2025-08-30 09:00:00,34.6,17.8,275.0,11.2,6.4,59.0,28.8,79,0.8,9.2
Ahmedabad,23.0225,72.5714,2025-08-30 10:00:00,37.7,17.3,243.0,7.3,5.6,71.0,29.1,84,0.4,6.0
Ahmedabad,23.0225,72.5714,2025-08-30 11:00:00,40.2,17.8,220.0,4.4,4.9,81.0,29.8,81,0.5,5.1
Ahmedabad,23.0225,72.5714,2025-08-30 12:00:00,39.3,17.6,211.0,2.9,4.4,90.0,30.0,82,0.3,6.8
Ahmedabad,23.0225,72.5714,2025-08-30 13:00:00,38.2,17.4,209.0,2.3,3.9,98.0,30.1,81,0.4,6.3
Ahmedabad,23.0225,72.5714,2025-08-30 14:00:00,36.6,17.3,222.0,3.1,3.7,101.0,27.6,88,6.2,6.3
Ahmedabad,23.0225,72.5714,2025-08-30 15:00:00,34.5,17.2,252.0,6.0,3.8,95.0,27.6,90,0.7,5.6
Ahmedabad,23.0225,72.5714,2025-08-30 16:00:00,32.9,17.3,296.0,10.2,4.2,84.0,27.7,89,4.7,2.9
Ahmedabad,23.0225,72.5714,2025-08-30 17:00:00,36.9,17.8,355.0,6.7,4.0,76.0,27.6,92,0.4,4.3
Ahmedabad,23.0225,72.5714,2025-08-30 18:00:00,35.4,19.7,455.0,15.7,6.4,62.0,28.5,88,0.0,5.7
Ahmedabad,23.0225,72.5714,2025-08-30 19:00:00,40.0,24.1,570.0,28.1,9.7,42.0,27.8,89,0.0,7.0
Ahmedabad,23.0225,72.5714,2025-08-30 20:00:00,48.8,31.2,624.0,36.9,11.9,27.0,27.4,90,0.0,5.8
Ahmedabad,23.0225,72.5714,2025-08-30 21:00:00,53.0,34.9,564.0,39.0,12.1,21.0,27.2,92,0.0,7.0
Ahmedabad,23.0225,72.5714,2025-08-30 22:00:00,51.2,33.9,442.0,37.4,11.3,20.0,27.0,93,0.0,7.0
Ahmedabad,23.0225,72.5714,2025-08-30 23:00:00,47.4,31.8,338.0,34.3,10.2,21.0,26.7,93,0.0,7.0
Ahmedabad,23.0225,72.5714,2025-08-31 00:00:00,42.6,28.2,282.0,29.6,8.8,24.0,26.3,93,0.0,6.6
Ahmedabad,23.0225,72.5714,2025-08-31 01:00:00,37.4,25.1,245.0,23.4,7.1,30.0,26.1,93,0.0,6.6
Ahmedabad,23.0225,72.5714,2025-08-31 02:00:00,34.6,22.6,219.0,18.3,5.8,34.0,25.9,93,0.0,7.4
Ahmedabad,23.0225,72.5714,2025-08-31 03:00:00,31.8,21.1,201.0,15.5,5.2,36.0,25.7,93,0.0,7.8
Ahmedabad,23.0225,72.5714,2025-08-31 04:00:00,29.8,19.8,196.0,13.8,5.1,37.0,25.6,94,0.0,7.9
Ahmedabad,23.0225,72.5714,2025-08-31 05:00:00,26.2,17.6,205.0,11.0,5.9,42.0,25.4,96,0.0,6.7
Ahmedabad,23.0225,72.5714,2025-08-31 06:00:00,25.9,17.1,244.0,11.1,6.6,39.0,25.6,98,0.8,5.9
Ahmedabad,23.0225,72.5714,2025-08-31 07:00:00,28.9,17.1,299.0,11.1,7.4,36.0,26.0,97,0.3,5.9
Ahmedabad,23.0225,72.5714,2025-08-31 08:00:00,32.6,17.3,329.0,10.4,7.9,37.0,27.0,91,0.2,5.6
Ahmedabad,23.0225,72.5714,2025-08-31 09:00:00,38.0,18.6,310.0,8.3,7.5,48.0,27.4,90,0.1,5.4
Ahmedabad,23.0225,72.5714,2025-08-31 10:00:00,40.6,19.1,265.0,5.4,6.7,63.0,28.0,88,0.1,4.5
Ahmedabad,23.0225,72.5714,2025-08-31 11:00:00,38.6,18.5,227.0,3.3,6.0,75.0,29.1,82,0.1,7.0
Ahmedabad,23.0225,72.5714,2025-08-31 12:00:00,35.5,17.2,202.0,2.4,5.4,80.0,28.9,82,0.1,7.5
Ahmedabad,23.0225,72.5714,2025-08-31 13:00:00,32.5,15.8,184.0,2.4,4.8,82.0,29.9,77,0.1,7.1
Ahmedabad,23.0225,72.5714,2025-08-31 14:00:00,32.0,15.7,182.0,3.2,4.6,81.0,30.2,76,0.1,4.6
Ahmedabad,23.0225,72.5714,2025-08-31 15:00:00,32.2,15.9,209.0,5.0,5.0,78.0,28.0,83,7.3,12.2
Ahmedabad,23.0225,72.5714,2025-08-31 16:00:00,31.7,16.2,253.0,7.7,5.7,72.0,26.4,90,3.0,5.3
Ahmedabad,23.0225,72.5714,2025-08-31 17:00:00,39.7,20.9,290.0,8.1,5.3,77.0,26.3,93,0.2,5.6
Ahmedabad,23.0225,72.5714,2025-08-31 18:00:00,37.3,22.4,312.0,14.6,6.4,64.0,28.4,80,1.8,9.5
Ahmedabad,23.0225,72.5714,2025-08-31 19:00:00,38.4,24.9,327.0,23.3,8.0,47.0,27.2,90,0.1,6.3
Ahmedabad,23.0225,72.5714,2025-08-31 20:00:00,37.0,25.7,332.0,28.3,9.0,35.0,26.6,92,0.5,6.5
Ahmedabad,23.0225,72.5714,2025-08-31 21:00:00,32.5,23.7,326.0,26.2,8.9,34.0,26.2,95,0.2,8.0
Ahmedabad,23.0225,72.5714,2025-08-31 22:00:00,28.3,21.0,310.0,20.4,8.3,38.0,26.0,95,0.0,8.9
Ahmedabad,23.0225,72.5714,2025-08-31 23:00:00,26.6,19.6,288.0,15.4,7.7,42.0,25.9,95,0.0,9.2
Ahmedabad,23.0225,72.5714,2025-09-01 00:00:00,26.7,18.5,255.0,12.5,7.3,43.0,26.0,95,0.0,8.1
Ahmedabad,23.0225,72.5714,2025-09-01 01:00:00,27.8,17.6,215.0,10.4,6.8,43.0,26.1,95,0.0,9.0
Ahmedabad,23.0225,72.5714,2025-09-01 02:00:00,28.8,16.9,184.0,9.0,6.6,42.0,26.0,93,0.1,10.4
Ahmedabad,23.0225,72.5714,2025-09-01 03:00:00,28.0,15.7,166.0,8.7,6.7,39.0,25.6,96,0.0,9.4
Ahmedabad,23.0225,72.5714,2025-09-01 04:00:00,27.4,14.6,157.0,9.2,7.0,34.0,24.9,97,1.5,7.6
Ahmedabad,23.0225,72.5714,2025-09-01 05:00:00,25.0,12.9,155.0,8.5,6.9,33.0,25.1,95,0.0,9.7
Ahmedabad,23.0225,72.5714,2025-09-01 06:00:00,25.4,12.4,164.0,7.9,6.6,34.0,26.2,90,0.0,10.8
Ahmedabad,23.0225,72.5714,2025-09-01 07:00:00,28.3,12.9,181.0,7.1,6.2,36.0,26.6,88,0.0,10.2
Ahmedabad,23.0225,72.5714,2025-09-01 08:00:00,30.3,13.2,189.0,6.1,5.8,40.0,27.3,85,0.0,13.0
Ahmedabad,23.0225,72.5714,2025-09-01 09:00:00,28.3,13.0,181.0,4.9,5.3,48.0,28.5,78,0.1,13.1
Ahmedabad,23.0225,72.5714,2025-09-01 10:00:00,29.3,13.4,164.0,3.6,4.7,58.0,29.4,73,0.1,13.3
Ahmedabad,23.0225,72.5714,2025-09-01 11:00:00,31.3,14.4,153.0,2.6,4.2,67.0,29.7,72,0.1,11.9
Ahmedabad,23.0225,72.5714,2025-09-01 12:00:00,32.6,15.0,151.0,2.0,3.9,74.0,30.5,72,0.0,11.0
Ahmedabad,23.0225,72.5714,2025-09-01 13:00:00,33.1,15.1,153.0,1.7,3.7,79.0,30.7,71,0.1,10.8
Ahmedabad,23.0225,72.5714,2025-09-01 14:00:00,34.3,15.8,161.0,2.0,3.6,82.0,31.0,72,0.1,11.4
Ahmedabad,23.0225,72.5714,2025-09-01 15:00:00,39.1,17.3,165.0,2.8,3.4,81.0,31.3,70,0.0,9.4
Ahmedabad,23.0225,72.5714,2025-09-01 16:00:00,40.5,18.2,174.0,4.1,3.3,77.0,31.5,69,0.0,9.6
Ahmedabad,23.0225,72.5714,2025-09-01 17:00:00,48.0,22.2,213.0,5.8,3.5,70.0,30.8,71,0.0,8.9
Ahmedabad,23.0225,72.5714,2025-09-01 18:00:00,48.0,23.7,325.0,9.0,4.4,63.0,29.8,76,0.0,5.9
Ahmedabad,23.0225,72.5714,2025-09-01 19:00:00,46.2,24.8,467.0,13.3,5.6,54.0,29.1,79,0.0,8.0
Ahmedabad,23.0225,72.5714,2025-09-01 20:00:00,43.1,24.2,535.0,15.8,6.4,47.0,28.6,79,0.0,8.8
Ahmedabad,23.0225,72.5714,2025-09-01 21:00:00,39.1,21.9,457.0,14.6,6.5,47.0,28.4,75,0.0,9.1
Ahmedabad,23.0225,72.5714,2025-09-01 22:00:00,35.0,19.4,305.0,11.5,6.2,49.0,27.8,77,0.0,8.4
Ahmedabad,23.0225,72.5714,2025-09-01 23:00:00,31.8,17.2,187.0,9.0,6.0,50.0,27.3,80,0.0,9.2
Ahmedabad,23.0225,72.5714,2025-09-02 00:00:00,29.3,15.1,147.0,8.1,6.0,48.0,26.9,83,0.0,9.2
Ahmedabad,23.0225,72.5714,2025-09-02 01:00:00,27.5,13.9,141.0,7.7,6.0,44.0,26.8,85,0.0,9.5
Ahmedabad,23.0225,72.5714,2025-09-02 02:00:00,26.2,13.2,141.0,7.7,6.0,40.0,26.6,87,0.0,10.0
Ahmedabad,23.0225,72.5714,2025-09-02 03:00:00,25.4,12.9,138.0,8.1,6.1,37.0,26.3,89,0.0,10.6
Ahmedabad,23.0225,72.5714,2025-09-02 04:00:00,25.3,12.7,141.0,8.9,6.2,33.0,25.7,91,0.0,10.6
Ahmedabad,23.0225,72.5714,2025-09-02 05:00:00,22.5,11.6,148.0,7.8,6.0,36.0,25.5,92,0.0,9.9
Ahmedabad,23.0225,72.5714,2025-09-02 06:00:00,23.1,11.9,163.0,7.9,6.1,36.0,25.7,92,0.1,11.0
Ahmedabad,23.0225,72.5714,2025-09-02 07:00:00,28.6,13.6,182.0,8.0,6.2,37.0,25.9,91,0.1,10.6
Ahmedabad,23.0225,72.5714,2025-09-02 08:00:00,30.5,14.5,192.0,7.5,6.1,40.0,26.8,86,0.2,12.5
Ahmedabad,23.0225,72.5714,2025-09-02 09:00:00,32.2,14.8,185.0,6.0,5.5,49.0,28.2,78,0.0,12.3
Ahmedabad,23.0225,72.5714,2025-09-02 10:00:00,37.8,16.2,168.0,4.1,4.5,60.0,29.0,73,0.1,12.4
Ahmedabad,23.0225,72.5714,2025-09-02 11:00:00,44.2,17.8,155.0,2.6,3.8,70.0,29.7,70,0.1,11.4
Ahmedabad,23.0225,72.5714,2025-09-02 12:00:00,53.6,19.5,147.0,1.9,3.4,76.0,30.2,68,0.1,11.0
Ahmedabad,23.0225,72.5714,2025-09-02 13:00:00,58.8,20.7,142.0,1.7,3.2,80.0,31.2,63,0.0,9.9
Ahmedabad,23.0225,72.5714,2025-09-02 14:00:00,64.0,21.8,147.0,2.2,3.1,82.0,31.8,59,0.0,9.0
Ahmedabad,23.0225,72.5714,2025-09-02 15:00:00,66.1,22.5,162.0,2.1,2.9,82.0,32.2,57,0.0,8.9
Ahmedabad,23.0225,72.5714,2025-09-02 16:00:00,67.8,23.5,188.0,2.8,2.8,80.0,32.4,54,0.0,8.8
Ahmedabad,23.0225,72.5714,2025-09-02 17:00:00,78.0,30.9,230.0,10.2,4.0,72.0,32.0,56,0.0,6.3
Ahmedabad,23.0225,72.5714,2025-09-02 18:00:00,79.6,35.0,306.0,22.1,6.3,56.0,30.3,68,0.0,7.0
Ahmedabad,23.0225,72.5714,2025-09-02 19:00:00,86.4,41.9,400.0,38.2,9.5,34.0,29.4,74,0.0,5.3
Ahmedabad,23.0225,72.5714,2025-09-02 20:00:00,86.1,44.7,464.0,47.4,11.5,19.0,28.7,78,0.0,5.3
Ahmedabad,23.0225,72.5714,2025-09-02 21:00:00,78.2,41.6,485.0,43.3,11.2,19.0,28.0,81,0.0,5.3
Ahmedabad,23.0225,72.5714,2025-09-02 22:00:00,64.3,35.4,477.0,32.2,9.7,27.0,27.1,85,0.0,7.3
Ahmedabad,23.0225,72.5714,2025-09-02 23:00:00,51.2,28.9,439.0,22.4,8.3,34.0,26.6,89,0.0,7.0
Ahmedabad,23.0225,72.5714,2025-09-03 00:00:00,41.6,23.3,351.0,16.4,7.2,39.0,26.4,90,0.0,6.3
Ahmedabad,23.0225,72.5714,2025-09-03 01:00:00,35.6,19.7,233.0,11.6,6.1,42.0,26.2,88,0.0,7.6
Ahmedabad,23.0225,72.5714,2025-09-03 02:00:00,32.1,17.4,149.0,8.5,5.5,44.0,25.9,86,0.0,8.8
Ahmedabad,23.0225,72.5714,2025-09-03 03:00:00,30.0,16.1,128.0,7.9,5.7,41.0,25.5,89,0.0,9.4
Ahmedabad,23.0225,72.5714,2025-09-03 04:00:00,29.2,15.4,141.0,9.0,6.5,36.0,25.2,91,0.0,10.1
Ahmedabad,23.0225,72.5714,2025-09-03 05:00:00,29.6,15.1,158.0,8.8,7.0,33.0,25.0,93,0.0,9.0
Ahmedabad,23.0225,72.5714,2025-09-03 06:00:00,29.7,15.0,174.0,8.4,6.9,34.0,25.9,93,0.1,12.1
Ahmedabad,23.0225,72.5714,2025-09-03 07:00:00,32.0,15.9,193.0,7.8,6.7,35.0,26.1,91,0.1,10.7
Ahmedabad,23.0225,72.5714,2025-09-03 08:00:00,35.2,16.4,205.0,6.9,6.3,39.0,26.9,85,0.1,11.4
Ahmedabad,23.0225,72.5714,2025-09-03 09:00:00,45.3,18.8,201.0,5.6,5.5,48.0,27.9,79,0.0,12.9
Ahmedabad,23.0225,72.5714,2025-09-03 10:00:00,55.4,21.7,188.0,4.0,4.4,61.0,28.9,74,0.1,11.0
Ahmedabad,23.0225,72.5714,2025-09-03 11:00:00,57.9,22.8,178.0,2.8,3.6,72.0,29.9,69,0.1,9.3
Ahmedabad,23.0225,72.5714,2025-09-03 12:00:00,62.4,24.2,174.0,2.2,3.3,81.0,30.8,65,0.0,8.1
Ahmedabad,23.0225,72.5714,2025-09-03 13:00:00,64.3,25.1,173.0,2.0,3.3,89.0,31.6,63,0.0,7.5
Ahmedabad,23.0225,72.5714,2025-09-03 14:00:00,63.6,25.4,177.0,2.2,3.3,94.0,31.8,63,0.0,7.7
Ahmedabad,23.0225,72.5714,2025-09-03 15:00:00,63.6,25.6,178.0,1.2,3.1,97.0,31.9,64,0.0,8.4
Ahmedabad,23.0225,72.5714,2025-09-03 16:00:00,63.1,25.8,183.0,0.7,2.9,96.0,31.6,65,0.1,8.1
Ahmedabad,23.0225,72.5714,2025-09-03 17:00:00,56.1,23.9,215.0,5.6,3.3,87.0,31.0,66,0.3,10.0
Ahmedabad,23.0225,72.5714,2025-09-03 18:00:00,52.5,26.5,306.0,19.8,5.7,67.0,30.0,70,0.0,6.4
Ahmedabad,23.0225,72.5714,2025-09-03 19:00:00,65.7,35.4,424.0,39.5,9.0,39.0,29.4,75,0.0,3.3
Ahmedabad,23.0225,72.5714,2025-09-03 20:00:00,76.1,44.7,492.0,54.1,12.4,18.0,28.7,79,0.0,4.3
Ahmedabad,23.0225,72.5714,2025-09-03 21:00:00,83.4,52.4,466.0,59.5,16.2,10.0,26.4,89,0.0,7.3
Ahmedabad,23.0225,72.5714,2025-09-03 22:00:00,88.9,59.1,390.0,60.0,19.9,9.0,25.9,91,0.0,2.5
Ahmedabad,23.0225,72.5714,2025-09-03 23:00:00,86.8,59.8,323.0,57.4,21.3,10.0,25.7,93,0.0,3.1
Ahmedabad,23.0225,72.5714,2025-09-04 00:00:00,77.8,52.2,288.0,51.4,18.4,13.0,25.6,94,0.0,3.7
Ahmedabad,23.0225,72.5714,2025-09-04 01:00:00,67.1,41.1,262.0,42.5,13.0,18.0,25.7,94,0.0,5.9
Ahmedabad,23.0225,72.5714,2025-09-04 02:00:00,57.4,34.2,237.0,33.7,8.6,24.0,26.3,87,0.4,8.8
Ahmedabad,23.0225,72.5714,2025-09-04 03:00:00,44.5,27.0,207.0,25.4,6.3,31.0,26.1,87,0.4,9.8
Ahmedabad,23.0225,72.5714,2025-09-04 04:00:00,39.5,22.8,179.0,17.3,5.0,38.0,25.9,89,0.0,9.2
Ahmedabad,23.0225,72.5714,2025-09-04 05:00:00,34.7,18.7,165.0,8.7,4.6,34.0,25.7,90,0.0,10.0
Ahmedabad,23.0225,72.5714,2025-09-04 06:00:00,32.9,18.3,179.0,8.8,4.7,34.0,26.1,91,0.1,14.9
Ahmedabad,23.0225,72.5714,2025-09-04 07:00:00,33.2,19.1,208.0,8.9,4.7,34.0,26.1,90,0.0,14.4
Ahmedabad,23.0225,72.5714,2025-09-04 08:00:00,36.0,20.3,225.0,8.8,4.8,36.0,26.9,85,0.0,14.7
Ahmedabad,23.0225,72.5714,2025-09-04 09:00:00,42.5,21.8,213.0,8.1,4.9,40.0,27.6,81,0.0,16.3
Ahmedabad,23.0225,72.5714,2025-09-04 10:00:00,48.9,23.7,189.0,7.2,4.9,46.0,27.6,82,0.2,14.9
Ahmedabad,23.0225,72.5714,2025-09-04 11:00:00,42.0,23.3,177.0,6.8,4.9,51.0,29.3,76,0.0,13.7
Ahmedabad,23.0225,72.5714,2025-09-04 12:00:00,38.6,23.1,185.0,7.1,4.8,55.0,29.2,73,0.1,14.8
Ahmedabad,23.0225,72.5714,2025-09-04 13:00:00,36.7,22.9,206.0,7.9,4.8,59.0,27.7,81,0.1,11.6
Ahmedabad,23.0225,72.5714,2025-09-04 14:00:00,35.9,22.8,240.0,9.1,4.7,61.0,28.3,82,0.4,9.8
Ahmedabad,23.0225,72.5714,2025-09-04 15:00:00,35.6,22.6,294.0,10.6,4.6,60.0,28.4,84,0.9,9.8
Ahmedabad,23.0225,72.5714,2025-09-04 16:00:00,37.0,23.2,362.0,12.4,4.5,56.0,28.3,87,0.4,8.2
Ahmedabad,23.0225,72.5714,2025-09-04 17:00:00,44.5,26.3,420.0,17.1,5.9,57.0,28.6,85,0.1,6.2
Ahmedabad,23.0225,72.5714,2025-09-04 18:00:00,44.2,26.7,472.0,20.1,6.6,51.0,26.2,93,1.0,9.8
Ahmedabad,23.0225,72.5714,2025-09-04 19:00:00,47.8,28.5,515.0,24.2,7.6,44.0,26.2,93,0.3,11.3
Ahmedabad,23.0225,72.5714,2025-09-04 20:00:00,54.8,31.5,520.0,27.0,8.2,37.0,25.5,91,0.0,11.4
Ahmedabad,23.0225,72.5714,2025-09-04 21:00:00,61.7,34.1,459.0,27.6,8.3,32.0,25.1,91,0.0,4.6
Ahmedabad,23.0225,72.5714,2025-09-04 22:00:00,64.5,35.3,360.0,26.9,8.1,29.0,24.9,93,0.8,5.0
Ahmedabad,23.0225,72.5714,2025-09-04 23:00:00,59.6,32.9,281.0,24.9,7.6,29.0,24.7,94,6.7,7.7
Ahmedabad,23.0225,72.5714,2025-09-05 00:00:00,53.2,29.6,247.0,20.7,6.5,34.0,24.8,95,0.2,7.1
Ahmedabad,23.0225,72.5714,2025-09-05 01:00:00,50.3,27.8,234.0,15.2,5.2,43.0,25.0,95,0.1,6.7
Ahmedabad,23.0225,72.5714,2025-09-05 02:00:00,50.4,26.5,225.0,11.3,4.2,48.0,24.9,96,2.2,0.6
Ahmedabad,23.0225,72.5714,2025-09-05 03:00:00,49.8,26.3,210.0,10.5,4.0,47.0,24.6,99,4.2,3.2
Ahmedabad,23.0225,72.5714,2025-09-05 04:00:00,49.0,26.6,200.0,11.4,4.2,42.0,24.6,99,1.7,1.8
Ahmedabad,23.0225,72.5714,2025-09-05 05:00:00,45.1,26.3,206.0,9.2,4.4,42.0,24.8,98,1.6,5.0
Ahmedabad,23.0225,72.5714,2025-09-05 06:00:00,39.6,23.6,246.0,9.0,4.5,43.0,25.6,91,0.0,11.1
Ahmedabad,23.0225,72.5714,2025-09-05 07:00:00,36.1,22.2,302.0,8.7,4.5,45.0,25.8,91,0.1,11.0
Ahmedabad,23.0225,72.5714,2025-09-05 08:00:00,34.8,20.1,334.0,8.0,4.5,50.0,26.2,90,0.1,8.6
Ahmedabad,23.0225,72.5714,2025-09-05 09:00:00,34.0,19.1,315.0,6.5,4.4,62.0,26.9,88,0.0,6.9
Ahmedabad,23.0225,72.5714,2025-09-05 10:00:00,34.3,18.9,272.0,4.7,4.1,77.0,27.9,84,0.0,9.2
Ahmedabad,23.0225,72.5714,2025-09-05 11:00:00,35.6,18.3,242.0,3.3,3.8,90.0,28.8,82,0.0,8.6
Ahmedabad,23.0225,72.5714,2025-09-05 12:00:00,35.0,17.9,240.0,2.6,3.3,98.0,29.7,78,0.0,8.9
Ahmedabad,23.0225,72.5714,2025-09-05 13:00:00,34.5,17.9,250.0,2.3,2.7,102.0,30.5,73,0.0,8.7
Ahmedabad,23.0225,72.5714,2025-09-05 14:00:00,37.3,19.3,265.0,2.8,2.4,104.0,31.0,71,0.0,9.6
Ahmedabad,23.0225,72.5714,2025-09-05 15:00:00,39.9,20.7,285.0,4.1,2.6,102.0,31.4,70,0.0,8.2
Ahmedabad,23.0225,72.5714,2025-09-05 16:00:00,42.1,22.2,309.0,6.2,3.1,97.0,31.7,68,0.0,8.6
Ahmedabad,23.0225,72.5714,2025-09-05 17:00:00,37.5,22.9,330.0,8.7,4.1,89.0,30.0,79,1.6,8.4
Ahmedabad,23.0225,72.5714,2025-09-05 18:00:00,38.1,25.3,349.0,14.6,5.1,77.0,28.3,84,0.0,12.7
Ahmedabad,23.0225,72.5714,2025-09-05 19:00:00,41.1,28.4,366.0,22.6,6.4,60.0,26.9,90,1.3,8.4
Ahmedabad,23.0225,72.5714,2025-09-05 20:00:00,38.0,27.2,365.0,27.3,7.3,49.0,26.8,92,0.7,6.2
Ahmedabad,23.0225,72.5714,2025-09-05 21:00:00,34.0,24.8,336.0,25.6,7.3,48.0,26.7,93,0.6,7.9
Ahmedabad,23.0225,72.5714,2025-09-05 22:00:00,34.6,24.4,290.0,20.7,6.9,53.0,26.5,95,0.2,7.5
Ahmedabad,23.0225,72.5714,2025-09-05 23:00:00,38.4,25.4,249.0,16.0,6.4,56.0,26.2,94,1.8,9.1
Ahmedabad,23.0225,72.5714,2025-09-06 00:00:00,40.4,25.3,220.0,12.7,5.8,56.0,26.1,94,1.0,8.3
Ahmedabad,23.0225,72.5714,2025-09-06 01:00:00,40.3,24.8,195.0,9.7,5.0,56.0,25.6,95,1.5,12.1
Ahmedabad,23.0225,72.5714,2025-09-06 02:00:00,38.0,23.6,176.0,7.5,4.4,55.0,25.5,95,0.1,11.4
Ahmedabad,23.0225,72.5714,2025-09-06 03:00:00,33.9,21.5,162.0,6.4,4.1,53.0,25.5,95,0.0,10.7
Ahmedabad,23.0225,72.5714,2025-09-06 04:00:00,29.9,19.0,153.0,6.1,3.9,50.0,25.9,94,0.0,12.5
Ahmedabad,23.0225,72.5714,2025-09-06 05:00:00,28.6,17.5,156.0,6.3,4.0,49.0,26.0,93,0.0,10.9
Ahmedabad,23.0225,72.5714,2025-09-06 06:00:00,27.9,17.1,179.0,7.3,4.4,46.0,26.0,92,0.0,10.4
Ahmedabad,23.0225,72.5714,2025-09-06 07:00:00,29.7,18.4,212.0,8.7,4.8,42.0,25.9,92,0.5,9.7
Ahmedabad,23.0225,72.5714,2025-09-06 08:00:00,31.3,18.3,237.0,9.2,5.1,42.0,25.7,93,2.2,13.5
Ahmedabad,23.0225,72.5714,2025-09-06 09:00:00,29.2,16.7,243.0,8.0,4.9,51.0,25.8,93,0.6,12.6
Ahmedabad,23.0225,72.5714,2025-09-06 10:00:00,27.0,16.0,240.0,6.0,4.6,63.0,26.8,87,1.2,12.6
Ahmedabad,23.0225,72.5714,2025-09-06 11:00:00,34.6,19.6,236.0,4.4,4.3,75.0,26.4,90,1.9,13.0
Ahmedabad,23.0225,72.5714,2025-09-06 12:00:00,38.4,22.1,233.0,3.3,4.2,84.0,27.2,86,0.8,14.9
Ahmedabad,23.0225,72.5714,2025-09-06 13:00:00,42.6,23.6,229.0,2.6,4.1,92.0,27.6,88,0.3,9.7
Ahmedabad,23.0225,72.5714,2025-09-06 14:00:00,42.7,24.0,232.0,3.1,4.2,95.0,28.2,85,0.1,10.2
Ahmedabad,23.0225,72.5714,2025-09-06 15:00:00,42.1,25.3,249.0,6.0,4.5,90.0,28.1,87,1.3,9.0
Ahmedabad,23.0225,72.5714,2025-09-06 16:00:00,45.6,28.1,274.0,10.3,4.9,81.0,28.6,86,0.3,8.0
Ahmedabad,23.0225,72.5714,2025-09-06 17:00:00,34.6,25.7,290.0,10.5,5.4,68.0,26.4,91,6.6,13.6
Ahmedabad,23.0225,72.5714,2025-09-06 18:00:00,33.5,25.4,293.0,10.4,5.6,66.0,26.1,94,4.2,13.4
Ahmedabad,23.0225,72.5714,2025-09-06 19:00:00,31.0,23.5,288.0,10.1,5.9,64.0,25.9,95,1.8,13.3
Ahmedabad,23.0225,72.5714,2025-09-06 20:00:00,28.9,21.6,275.0,9.7,6.0,62.0,25.8,95,2.8,13.6
Ahmedabad,23.0225,72.5714,2025-09-06 21:00:00,25.7,19.6,251.0,8.9,5.8,62.0,25.8,95,1.9,13.4
Ahmedabad,23.0225,72.5714,2025-09-06 22:00:00,20.9,16.9,220.0,7.9,5.5,62.0,25.4,96,3.6,13.4
Ahmedabad,23.0225,72.5714,2025-09-06 23:00:00,18.7,14.9,194.0,7.0,5.1,62.0,25.3,96,4.5,15.1
Ahmedabad,23.0225,72.5714,2025-09-07 00:00:00,17.5,13.5,177.0,6.3,4.7,61.0,25.1,96,3.2,17.3
Ahmedabad,23.0225,72.5714,2025-09-07 01:00:00,16.3,11.9,165.0,5.8,4.2,59.0,25.0,96,3.9,14.7
Ahmedabad,23.0225,72.5714,2025-09-07 02:00:00,15.2,10.6,156.0,5.4,3.9,57.0,25.0,96,4.0,16.2
Ahmedabad,23.0225,72.5714,2025-09-07 03:00:00,14.8,9.7,149.0,5.1,3.8,55.0,24.8,96,3.7,15.2
Ahmedabad,23.0225,72.5714,2025-09-07 04:00:00,14.8,9.3,145.0,5.0,3.7,54.0,24.9,96,3.0,15.9
Ahmedabad,23.0225,72.5714,2025-09-07 05:00:00,12.7,8.8,149.0,5.8,4.4,51.0,24.8,95,2.2,16.7
Ahmedabad,23.0225,72.5714,2025-09-07 06:00:00,11.9,7.9,167.0,7.1,4.5,50.0,24.8,93,2.5,15.8
Ahmedabad,23.0225,72.5714,2025-09-07 07:00:00,12.7,8.3,194.0,8.8,4.6,49.0,24.6,92,2.9,17.2
Ahmedabad,23.0225,72.5714,2025-09-07 08:00:00,12.4,8.4,210.0,9.8,4.6,48.0,24.5,93,6.4,15.0
Ahmedabad,23.0225,72.5714,2025-09-07 09:00:00,10.5,8.0,207.0,9.3,4.5,48.0,24.7,93,4.6,17.0
Ahmedabad,23.0225,72.5714,2025-09-07 10:00:00,10.3,8.0,194.0,8.0,4.3,49.0,25.0,94,3.6,18.4
Ahmedabad,23.0225,72.5714,2025-09-07 11:00:00,13.4,8.9,185.0,7.0,4.2,50.0,25.3,93,2.0,19.0
Ahmedabad,23.0225,72.5714,2025-09-07 12:00:00,15.7,10.3,184.0,6.5,4.2,52.0,25.2,95,7.4,19.6
Ahmedabad,23.0225,72.5714,2025-09-07 13:00:00,16.7,11.5,186.0,6.2,4.3,55.0,25.1,93,3.2,21.7
Ahmedabad,23.0225,72.5714,2025-09-07 14:00:00,18.2,12.2,189.0,6.2,4.4,58.0,25.8,88,1.2,20.5
Ahmedabad,23.0225,72.5714,2025-09-07 15:00:00,18.2,12.4,194.0,6.4,4.5,60.0,26.0,85,0.6,18.0
Ahmedabad,23.0225,72.5714,2025-09-07 16:00:00,19.7,12.8,201.0,6.8,4.7,63.0,26.2,84,0.4,17.0
Ahmedabad,23.0225,72.5714,2025-09-07 17:00:00,22.5,14.1,207.0,10.2,5.6,58.0,26.0,87,0.2,17.6
Ahmedabad,23.0225,72.5714,2025-09-07 18:00:00,25.7,15.3,211.0,10.2,5.5,54.0,25.8,83,0.2,15.7
Ahmedabad,23.0225,72.5714,2025-09-07 19:00:00,23.4,15.2,214.0,10.1,5.3,50.0,25.5,87,0.2,16.0
Ahmedabad,23.0225,72.5714,2025-09-07 20:00:00,22.6,15.2,212.0,10.1,5.3,45.0,25.2,90,0.7,16.9
Ahmedabad,23.0225,72.5714,2025-09-07 21:00:00,22.3,15.1,202.0,10.3,5.6,41.0,25.0,93,0.8,14.7
Ahmedabad,23.0225,72.5714,2025-09-07 22:00:00,22.2,15.0,188.0,10.6,5.9,38.0,25.0,93,0.5,15.4
Ahmedabad,23.0225,72.5714,2025-09-07 23:00:00,22.4,15.0,174.0,10.5,6.0,36.0,25.0,92,0.1,17.3
Ahmedabad,23.0225,72.5714,2025-09-08 00:00:00,21.6,14.1,162.0,9.5,5.5,36.0,24.9,91,0.1,16.7
Ahmedabad,23.0225,72.5714,2025-09-08 01:00:00,22.4,13.9,150.0,8.1,4.8,37.0,24.8,91,0.1,16.2
Ahmedabad,23.0225,72.5714,2025-09-08 02:00:00,23.0,13.9,142.0,7.0,4.2,38.0,24.8,90,0.1,15.7
Ahmedabad,23.0225,72.5714,2025-09-08 03:00:00,22.9,13.8,136.0,6.4,4.0,38.0,24.7,90,0.0,14.6
Ahmedabad,23.0225,72.5714,2025-09-08 04:00:00,22.6,13.6,133.0,6.2,3.9,38.0,24.7,90,0.0,13.9
Ahmedabad,23.0225,72.5714,2025-09-08 05:00:00,22.1,13.7,138.0,7.5,5.3,36.0,24.6,91,0.0,13.4
Ahmedabad,23.0225,72.5714,2025-09-08 06:00:00,22.9,13.8,160.0,7.9,5.7,35.0,24.9,91,0.0,13.3
Ahmedabad,23.0225,72.5714,2025-09-08 07:00:00,24.4,14.5,189.0,8.3,6.2,34.0,25.3,90,0.0,13.5
Ahmedabad,23.0225,72.5714,2025-09-08 08:00:00,25.4,15.2,206.0,8.3,6.4,35.0,26.1,87,0.0,14.9
Ahmedabad,23.0225,72.5714,2025-09-08 09:00:00,26.0,14.6,196.0,7.3,6.1,39.0,27.1,81,0.0,15.4
Ahmedabad,23.0225,72.5714,2025-09-08 10:00:00,24.7,13.9,174.0,5.9,5.5,46.0,28.0,75,0.1,18.7
Ahmedabad,23.0225,72.5714,2025-09-08 11:00:00,22.1,13.1,157.0,4.8,5.1,52.0,28.9,71,0.1,16.8
Ahmedabad,23.0225,72.5714,2025-09-08 12:00:00,22.1,13.0,153.0,4.2,4.9,59.0,28.9,68,0.0,16.1
Ahmedabad,23.0225,72.5714,2025-09-08 13:00:00,21.6,13.0,156.0,4.0,4.8,65.0,29.1,70,0.1,16.3
Ahmedabad,23.0225,72.5714,2025-09-08 14:00:00,20.8,12.6,161.0,4.4,4.8,68.0,28.9,70,0.0,17.6
Ahmedabad,23.0225,72.5714,2025-09-08 15:00:00,18.9,11.9,169.0,5.8,4.9,65.0,28.8,74,0.5,13.4
Ahmedabad,23.0225,72.5714,2025-09-08 16:00:00,17.9,11.8,180.0,7.8,5.2,59.0,28.5,74,0.1,12.8
Ahmedabad,23.0225,72.5714,2025-09-08 17:00:00,32.1,16.5,193.0,5.9,5.6,72.0,28.4,76,0.1,10.8
Ahmedabad,23.0225,72.5714,2025-09-08 18:00:00,31.5,18.3,212.0,12.6,7.5,60.0,27.8,80,0.0,11.3
Ahmedabad,23.0225,72.5714,2025-09-08 19:00:00,36.3,22.7,234.0,21.6,10.2,44.0,27.0,82,0.0,11.9
Ahmedabad,23.0225,72.5714,2025-09-08 20:00:00,38.8,25.0,245.0,27.3,12.0,32.0,26.4,85,0.0,11.4
Ahmedabad,23.0225,72.5714,2025-09-08 21:00:00,42.0,26.0,238.0,26.3,12.4,29.0,26.2,87,0.0,10.2
Ahmedabad,23.0225,72.5714,2025-09-08 22:00:00,39.3,24.7,222.0,21.9,11.9,29.0,25.9,89,0.0,9.9
Ahmedabad,23.0225,72.5714,2025-09-08 23:00:00,34.7,22.2,205.0,18.1,11.1,30.0,25.6,90,0.0,9.9
Ahmedabad,23.0225,72.5714,2025-09-09 00:00:00,29.6,19.5,191.0,16.2,9.8,28.0,25.4,91,0.0,9.5
Ahmedabad,23.0225,72.5714,2025-09-09 01:00:00,25.6,17.4,177.0,14.8,8.1,27.0,25.1,92,0.0,9.4
Ahmedabad,23.0225,72.5714,2025-09-09 02:00:00,22.8,15.6,168.0,13.7,6.9,25.0,24.8,93,0.0,8.9
Ahmedabad,23.0225,72.5714,2025-09-09 03:00:00,21.4,14.4,168.0,13.1,6.5,24.0,24.5,94,0.0,8.6
Ahmedabad,23.0225,72.5714,2025-09-09 04:00:00,21.0,13.8,173.0,12.9,6.6,23.0,24.2,95,0.0,7.9
Ahmedabad,23.0225,72.5714,2025-09-09 05:00:00,21.4,13.6,181.0,11.8,5.9,24.0,24.1,96,0.0,7.2
Ahmedabad,23.0225,72.5714,2025-09-09 06:00:00,22.5,13.9,197.0,10.9,6.5,26.0,24.4,96,0.0,5.9
Ahmedabad,23.0225,72.5714,2025-09-09 07:00:00,27.6,15.8,216.0,9.7,7.4,30.0,24.8,94,0.0,7.6
Ahmedabad,23.0225,72.5714,2025-09-09 08:00:00,29.6,16.4,224.0,8.3,8.1,35.0,25.9,88,0.1,8.8
Ahmedabad,23.0225,72.5714,2025-09-09 09:00:00,34.6,17.1,210.0,6.8,8.6,44.0,27.2,81,0.1,8.1
Ahmedabad,23.0225,72.5714,2025-09-09 10:00:00,42.3,19.1,184.0,5.2,9.0,55.0,28.5,75,0.0,8.3
Ahmedabad,23.0225,72.5714,2025-09-09 11:00:00,46.3,20.3,164.0,4.0,9.0,65.0,29.3,70,0.1,10.9
Ahmedabad,23.0225,72.5714,2025-09-09 12:00:00,48.8,21.3,154.0,3.0,8.2,72.0,29.8,67,0.1,10.7
Ahmedabad,23.0225,72.5714,2025-09-09 13:00:00,58.2,24.6,150.0,2.4,7.0,77.0,30.5,64,0.1,10.1
Ahmedabad,23.0225,72.5714,2025-09-09 14:00:00,51.6,21.6,153.0,2.6,6.3,80.0,30.9,62,0.1,10.3
Ahmedabad,23.0225,72.5714,2025-09-09 15:00:00,51.7,21.2,164.0,3.1,6.2,81.0,30.9,62,0.1,10.1
Ahmedabad,23.0225,72.5714,2025-09-09 16:00:00,51.9,21.2,181.0,4.6,6.5,79.0,30.6,64,0.0,9.4
Ahmedabad,23.0225,72.5714,2025-09-09 17:00:00,56.0,26.5,202.0,9.8,9.5,72.0,30.0,67,0.0,9.0
Ahmedabad,23.0225,72.5714,2025-09-09 18:00:00,60.5,31.8,229.0,21.7,12.4,57.0,29.2,72,0.0,5.0
Ahmedabad,23.0225,72.5714,2025-09-09 19:00:00,70.5,40.6,260.0,37.9,16.5,36.0,28.3,77,0.0,5.5
Ahmedabad,23.0225,72.5714,2025-09-09 20:00:00,69.8,43.2,278.0,49.1,19.4,20.0,27.6,79,0.0,7.1
Ahmedabad,23.0225,72.5714,2025-09-09 21:00:00,65.2,42.3,275.0,50.8,20.3,14.0,26.9,81,0.0,8.3
Ahmedabad,23.0225,72.5714,2025-09-09 22:00:00,61.7,41.3,260.0,47.4,20.1,12.0,26.0,85,0.0,8.5
Ahmedabad,23.0225,72.5714,2025-09-09 23:00:00,57.2,38.6,242.0,43.0,19.0,12.0,25.5,88,0.0,8.0
Ahmedabad,23.0225,72.5714,2025-09-10 00:00:00,50.1,33.6,220.0,38.3,16.5,12.0,25.1,91,0.0,7.6
Ahmedabad,23.0225,72.5714,2025-09-10 01:00:00,43.9,29.1,195.0,32.7,13.0,12.0,24.8,93,0.0,7.0
Ahmedabad,23.0225,72.5714,2025-09-10 02:00:00,39.1,25.6,181.0,28.2,10.1,12.0,24.6,94,0.0,6.5
Ahmedabad,23.0225,72.5714,2025-09-10 03:00:00,36.2,23.2,184.0,26.2,8.4,10.0,24.4,95,0.0,5.6
Ahmedabad,23.0225,72.5714,2025-09-10 04:00:00,34.6,21.9,198.0,25.4,7.3,8.0,24.2,95,0.0,5.0
Ahmedabad,23.0225,72.5714,2025-09-10 05:00:00,33.4,20.4,217.0,20.6,5.2,13.0,23.9,95,0.0,5.2
Ahmedabad,23.0225,72.5714,2025-09-10 06:00:00,33.3,21.0,250.0,18.3,6.3,17.0,24.7,95,0.0,4.3
Ahmedabad,23.0225,72.5714,2025-09-10 07:00:00,33.2,22.7,287.0,15.0,7.8,24.0,25.1,94,0.0,4.5
Ahmedabad,23.0225,72.5714,2025-09-10 08:00:00,35.5,20.3,302.0,11.9,8.9,33.0,26.4,87,0.0,6.9
Ahmedabad,23.0225,72.5714,2025-09-10 09:00:00,42.1,20.3,271.0,9.1,9.4,47.0,27.6,80,0.0,6.9
Ahmedabad,23.0225,72.5714,2025-09-10 10:00:00,49.2,21.3,217.0,6.5,9.5,64.0,28.7,73,0.0,7.3
Ahmedabad,23.0225,72.5714,2025-09-10 11:00:00,57.2,23.2,176.0,4.5,9.2,78.0,29.5,68,0.0,6.5
Ahmedabad,23.0225,72.5714,2025-09-10 12:00:00,64.7,25.1,161.0,3.2,8.3,87.0,30.1,64,0.0,6.5
Ahmedabad,23.0225,72.5714,2025-09-10 13:00:00,68.2,26.2,158.0,2.5,6.9,93.0,30.6,61,0.0,6.8
Ahmedabad,23.0225,72.5714,2025-09-10 14:00:00,68.7,26.4,164.0,2.6,5.8,96.0,30.9,59,0.0,6.9
Ahmedabad,23.0225,72.5714,2025-09-10 15:00:00,67.3,26.1,154.0,1.3,4.5,96.0,30.9,58,0.0,6.9
Ahmedabad,23.0225,72.5714,2025-09-10 16:00:00,65.0,25.7,152.0,0.8,3.5,93.0,30.9,58,0.0,6.2
Ahmedabad,23.0225,72.5714,2025-09-10 17:00:00,61.7,26.7,224.0,8.4,4.3,81.0,30.6,58,0.0,5.2
Ahmedabad,23.0225,72.5714,2025-09-10 18:00:00,70.3,35.4,467.0,31.8,9.7,61.0,29.9,66,0.0,2.7
Ahmedabad,23.0225,72.5714,2025-09-10 19:00:00,86.1,49.9,783.0,63.9,17.1,33.0,28.7,74,0.0,3.2
Ahmedabad,23.0225,72.5714,2025-09-10 20:00:00,100.8,63.8,944.0,85.9,22.5,12.0,27.9,79,0.0,4.8
Ahmedabad,23.0225,72.5714,2025-09-10 21:00:00,107.3,70.5,799.0,88.9,24.3,5.0,27.4,80,0.0,6.3
Ahmedabad,23.0225,72.5714,2025-09-10 22:00:00,99.0,64.3,498.0,81.8,24.2,5.0,26.4,82,0.0,8.2
Ahmedabad,23.0225,72.5714,2025-09-10 23:00:00,89.4,57.0,265.0,73.0,23.0,6.0,25.6,86,0.0,7.9
Ahmedabad,23.0225,72.5714,2025-09-11 00:00:00,80.8,50.4,191.0,64.3,20.7,7.0,25.3,89,0.0,7.8
Ahmedabad,23.0225,72.5714,2025-09-11 01:00:00,72.2,44.4,184.0,53.9,17.3,10.0,25.0,92,0.0,7.8
Ahmedabad,23.0225,72.5714,2025-09-11 02:00:00,65.0,39.3,192.0,44.6,14.1,12.0,24.8,94,0.0,7.3
Ahmedabad,23.0225,72.5714,2025-09-11 03:00:00,58.2,34.9,201.0,37.6,11.1,11.0,24.5,95,0.0,6.8
Ahmedabad,23.0225,72.5714,2025-09-11 04:00:00,50.8,30.4,226.0,31.6,8.2,10.0,24.2,95,0.0,6.2
Ahmedabad,23.0225,72.5714,2025-09-11 05:00:00,41.0,25.7,253.0,25.7,6.4,15.0,23.9,93,0.0,6.3
Ahmedabad,23.0225,72.5714,2025-09-11 06:00:00,33.5,21.6,290.0,21.3,6.8,23.0,25.1,90,0.0,7.6
Ahmedabad,23.0225,72.5714,2025-09-11 07:00:00,30.6,20.7,329.0,15.1,7.3,34.0,25.3,90,0.0,5.0
Ahmedabad,23.0225,72.5714,2025-09-11 08:00:00,31.7,19.1,340.0,9.9,7.6,46.0,26.4,86,0.0,5.6
Ahmedabad,23.0225,72.5714,2025-09-11 09:00:00,36.6,19.0,297.0,6.6,7.4,61.0,27.8,81,0.0,5.5
Ahmedabad,23.0225,72.5714,2025-09-11 10:00:00,44.7,20.5,224.0,4.2,6.8,76.0,29.1,73,0.0,6.0
Ahmedabad,23.0225,72.5714,2025-09-11 11:00:00,51.3,22.3,170.0,2.6,6.2,88.0,30.1,66,0.0,6.5
Ahmedabad,23.0225,72.5714,2025-09-11 12:00:00,52.5,22.1,152.0,1.6,5.3,93.0,30.8,61,0.0,8.1
Ahmedabad,23.0225,72.5714,2025-09-11 13:00:00,54.7,22.1,152.0,1.3,4.4,94.0,31.2,58,0.0,8.3
Ahmedabad,23.0225,72.5714,2025-09-11 14:00:00,55.1,22.1,158.0,2.0,3.8,93.0,31.5,55,0.0,8.2
Ahmedabad,23.0225,72.5714,2025-09-11 15:00:00,53.4,21.7,149.0,2.5,3.6,91.0,31.6,53,0.0,8.1
Ahmedabad,23.0225,72.5714,2025-09-11 16:00:00,52.4,21.6,145.0,4.0,3.7,88.0,31.4,53,0.0,7.9
Ahmedabad,23.0225,72.5714,2025-09-11 17:00:00,49.2,22.5,200.0,11.1,4.4,77.0,31.1,54,0.0,5.2
Ahmedabad,23.0225,72.5714,2025-09-11 18:00:00,56.7,31.0,386.0,28.0,8.1,59.0,29.9,60,0.0,4.4
Ahmedabad,23.0225,72.5714,2025-09-11 19:00:00,68.5,42.1,630.0,50.8,13.3,33.0,28.9,65,0.0,5.6
Ahmedabad,23.0225,72.5714,2025-09-11 20:00:00,72.6,47.3,766.0,64.8,16.6,15.0,28.3,68,0.0,5.7
Ahmedabad,23.0225,72.5714,2025-09-11 21:00:00,66.8,44.1,691.0,62.0,16.7,10.0,27.6,72,0.0,6.1
Ahmedabad,23.0225,72.5714,2025-09-11 22:00:00,58.4,39.3,509.0,50.4,15.0,13.0,26.7,77,0.0,6.8
Ahmedabad,23.0225,72.5714,2025-09-11 23:00:00,46.8,32.4,364.0,38.7,13.0,17.0,26.1,80,0.0,7.0
Ahmedabad,23.0225,72.5714,2025-09-12 00:00:00,33.2,23.6,318.0,28.8,10.6,23.0,25.7,81,0.0,7.1
Ahmedabad,23.0225,72.5714,2025-09-12 01:00:00,24.1,17.4,308.0,18.9,7.7,30.0,25.4,81,0.0,7.7
Ahmedabad,23.0225,72.5714,2025-09-12 02:00:00,18.7,13.3,293.0,11.8,5.9,35.0,25.1,83,0.0,7.2
Ahmedabad,23.0225,72.5714,2025-09-12 03:00:00,15.9,10.9,250.0,9.5,5.8,33.0,24.8,87,0.0,7.2
Ahmedabad,23.0225,72.5714,2025-09-12 04:00:00,15.1,9.9,202.0,10.0,6.7,29.0,24.6,90,0.0,7.4
Ahmedabad,23.0225,72.5714,2025-09-12 05:00:00,15.8,9.6,173.0,9.8,7.2,27.0,24.4,91,0.0,6.6
Ahmedabad,23.0225,72.5714,2025-09-12 06:00:00,16.0,9.8,183.0,9.7,8.3,27.0,25.4,91,0.0,7.6
Ahmedabad,23.0225,72.5714,2025-09-12 07:00:00,18.7,11.8,212.0,9.4,9.7,28.0,25.9,89,0.0,7.0
Ahmedabad,23.0225,72.5714,2025-09-12 08:00:00,21.9,12.5,229.0,8.6,10.4,33.0,27.0,84,0.0,8.0
Ahmedabad,23.0225,72.5714,2025-09-12 09:00:00,26.4,13.6,219.0,6.9,9.8,46.0,28.0,78,0.1,6.2
Ahmedabad,23.0225,72.5714,2025-09-12 10:00:00,29.3,14.5,198.0,4.7,8.5,64.0,29.1,72,0.1,5.7
Ahmedabad,23.0225,72.5714,2025-09-12 11:00:00,30.9,14.9,179.0,3.0,7.3,78.0,30.1,66,0.0,5.7
Ahmedabad,23.0225,72.5714,2025-09-12 12:00:00,32.8,15.5,167.0,2.2,6.4,87.0,30.9,62,0.0,6.0
Ahmedabad,23.0225,72.5714,2025-09-12 13:00:00,34.2,16.1,158.0,2.0,5.7,92.0,31.5,58,0.0,6.7
Ahmedabad,23.0225,72.5714,2025-09-12 14:00:00,34.6,16.4,156.0,2.3,5.1,95.0,31.9,54,0.0,6.9
Ahmedabad,23.0225,72.5714,2025-09-12 15:00:00,35.0,16.5,141.0,0.8,4.3,97.0,31.9,54,0.0,6.9
Ahmedabad,23.0225,72.5714,2025-09-12 16:00:00,35.5,16.8,133.0,0.0,3.7,97.0,31.9,54,0.0,6.2
Ahmedabad,23.0225,72.5714,2025-09-12 17:00:00,39.5,18.8,191.0,6.7,4.5,82.0,31.6,54,0.0,5.5
Ahmedabad,23.0225,72.5714,2025-09-12 18:00:00,45.4,25.6,372.0,26.0,8.4,61.0,30.7,60,0.0,4.0
Ahmedabad,23.0225,72.5714,2025-09-12 19:00:00,59.0,38.0,619.0,52.8,14.1,33.0,29.5,68,0.0,3.2
Ahmedabad,23.0225,72.5714,2025-09-12 20:00:00,72.6,50.5,823.0,73.7,19.8,11.0,28.8,74,0.0,2.7
Ahmedabad,23.0225,72.5714,2025-09-12 21:00:00,84.1,61.2,969.0,84.2,26.1,3.0,28.8,74,0.0,1.0
Ahmedabad,23.0225,72.5714,2025-09-12 22:00:00,93.6,70.3,1071.0,88.8,32.5,1.0,28.3,79,0.0,0.4
Ahmedabad,23.0225,72.5714,2025-09-12 23:00:00,99.9,76.1,1068.0,88.5,35.6,1.0,27.6,78,0.0,2.0
Ahmedabad,23.0225,72.5714,2025-09-13 00:00:00,97.3,73.1,875.0,81.9,33.0,1.0,26.7,86,0.0,1.5
Ahmedabad,23.0225,72.5714,2025-09-13 01:00:00,88.2,63.8,575.0,70.2,27.1,2.0,26.1,85,0.0,5.2
Ahmedabad,23.0225,72.5714,2025-09-13 02:00:00,72.9,49.7,357.0,58.4,21.3,4.0,25.6,82,0.0,6.3
Ahmedabad,23.0225,72.5714,2025-09-13 03:00:00,55.2,36.3,313.0,47.3,16.5,7.0,25.3,79,0.0,6.7
Ahmedabad,23.0225,72.5714,2025-09-13 04:00:00,40.7,26.5,351.0,36.0,12.0,11.0,24.8,83,0.0,6.9
Ahmedabad,23.0225,72.5714,2025-09-13 05:00:00,26.3,18.7,380.0,25.3,9.5,19.0,24.4,86,0.0,7.6
Ahmedabad,23.0225,72.5714,2025-09-13 06:00:00,20.8,14.8,369.0,20.8,8.6,23.0,25.2,87,0.0,7.7
Ahmedabad,23.0225,72.5714,2025-09-13 07:00:00,19.4,14.1,349.0,14.5,7.4,30.0,25.7,88,0.0,5.8
Ahmedabad,23.0225,72.5714,2025-09-13 08:00:00,20.1,12.3,321.0,9.2,6.4,39.0,27.0,84,0.0,5.4
Ahmedabad,23.0225,72.5714,2025-09-13 09:00:00,23.0,12.6,277.0,6.0,5.8,53.0,28.6,78,0.0,6.5
Ahmedabad,23.0225,72.5714,2025-09-13 10:00:00,26.5,13.2,225.0,3.8,5.4,69.0,30.2,67,0.0,7.0
Ahmedabad,23.0225,72.5714,2025-09-13 11:00:00,31.3,14.7,187.0,2.4,5.0,82.0,31.2,59,0.0,6.0
Ahmedabad,23.0225,72.5714,2025-09-13 12:00:00,34.0,15.5,174.0,1.6,4.6,90.0,31.9,55,0.0,5.6
Ahmedabad,23.0225,72.5714,2025-09-13 13:00:00,34.7,16.0,176.0,1.6,4.3,95.0,32.4,52,0.0,5.3
Ahmedabad,23.0225,72.5714,2025-09-13 14:00:00,34.0,16.1,180.0,2.2,4.1,97.0,32.7,51,0.1,5.6
Ahmedabad,23.0225,72.5714,2025-09-13 15:00:00,33.9,16.7,173.0,2.1,3.7,98.0,32.7,51,0.0,6.8
Ahmedabad,23.0225,72.5714,2025-09-13 16:00:00,33.6,17.1,170.0,2.7,3.3,95.0,32.3,52,0.0,8.2
Ahmedabad,23.0225,72.5714,2025-09-13 17:00:00,28.1,16.8,199.0,7.9,4.0,86.0,31.9,54,0.0,7.3
Ahmedabad,23.0225,72.5714,2025-09-13 18:00:00,30.6,20.1,282.0,20.7,6.9,68.0,31.6,56,0.0,6.4
Ahmedabad,23.0225,72.5714,2025-09-13 19:00:00,38.0,26.4,398.0,38.6,10.9,44.0,31.0,62,0.0,5.9
Ahmedabad,23.0225,72.5714,2025-09-13 20:00:00,47.6,35.6,513.0,53.3,14.7,24.0,30.4,64,0.0,7.1
Ahmedabad,23.0225,72.5714,2025-09-13 21:00:00,56.2,44.1,648.0,62.7,18.4,13.0,29.7,64,0.0,6.9
Ahmedabad,23.0225,72.5714,2025-09-13 22:00:00,65.0,52.2,781.0,68.9,21.9,6.0,28.8,66,0.0,6.4
Ahmedabad,23.0225,72.5714,2025-09-13 23:00:00,68.5,55.1,813.0,70.2,22.9,2.0,28.0,69,0.0,6.6
Ahmedabad,23.0225,72.5714,2025-09-14 00:00:00,61.5,48.7,656.0,64.2,19.6,2.0,27.3,71,0.0,7.3
Ahmedabad,23.0225,72.5714,2025-09-14 01:00:00,49.6,38.3,399.0,53.4,13.9,6.0,27.0,72,0.0,7.8
Ahmedabad,23.0225,72.5714,2025-09-14 02:00:00,37.8,28.9,208.0,42.6,9.3,10.0,26.3,74,0.0,8.0
Ahmedabad,23.0225,72.5714,2025-09-14 03:00:00,28.9,21.7,159.0,33.0,7.0,14.0,25.9,76,0.0,7.6
Ahmedabad,23.0225,72.5714,2025-09-14 04:00:00,23.2,16.9,176.0,23.5,5.8,19.0,25.6,78,0.0,8.5
Ahmedabad,23.0225,72.5714,2025-09-14 05:00:00,21.0,14.8,206.0,17.7,5.0,21.0,25.3,81,0.0,8.9
Ahmedabad,23.0225,72.5714,2025-09-14 06:00:00,18.5,13.2,241.0,15.8,5.4,24.0,26.1,80,0.0,8.7
Ahmedabad,23.0225,72.5714,2025-09-14 07:00:00,18.3,13.8,288.0,13.0,5.9,30.0,26.4,82,0.0,6.6
Ahmedabad,23.0225,72.5714,2025-09-14 08:00:00,18.8,13.0,310.0,10.2,6.2,39.0,27.7,80,0.0,7.3
Ahmedabad,23.0225,72.5714,2025-09-14 09:00:00,19.8,12.8,280.0,7.4,6.0,55.0,29.4,73,0.0,7.8
Ahmedabad,23.0225,72.5714,2025-09-14 10:00:00,22.8,13.1,225.0,4.6,5.5,74.0,31.0,62,0.0,8.8
Ahmedabad,23.0225,72.5714,2025-09-14 11:00:00,25.1,13.1,184.0,2.6,5.0,89.0,32.2,55,0.0,7.2
Ahmedabad,23.0225,72.5714,2025-09-14 12:00:00,25.9,13.3,175.0,1.7,4.6,97.0,33.1,50,0.0,5.6
Ahmedabad,23.0225,72.5714,2025-09-14 13:00:00,24.9,13.1,180.0,1.5,4.2,102.0,33.7,47,0.0,4.8
Ahmedabad,23.0225,72.5714,2025-09-14 14:00:00,24.7,13.2,187.0,2.2,4.0,103.0,33.9,46,0.0,6.8
Ahmedabad,23.0225,72.5714,2025-09-14 15:00:00,24.5,13.5,180.0,2.9,3.8,102.0,33.7,47,0.0,7.3
Ahmedabad,23.0225,72.5714,2025-09-14 16:00:00,24.3,13.6,175.0,4.4,3.7,97.0,33.4,49,0.0,7.4
Ahmedabad,23.0225,72.5714,2025-09-14 17:00:00,28.8,17.6,204.0,8.8,4.5,88.0,32.9,51,0.0,7.5
Ahmedabad,23.0225,72.5714,2025-09-14 18:00:00,32.8,22.1,307.0,18.6,6.3,71.0,31.9,56,0.0,8.0
Ahmedabad,23.0225,72.5714,2025-09-14 19:00:00,39.3,28.2,444.0,32.1,8.7,47.0,31.2,61,0.0,5.5
Ahmedabad,23.0225,72.5714,2025-09-14 20:00:00,41.0,30.4,531.0,42.2,10.6,28.0,30.7,65,0.0,4.8
Ahmedabad,23.0225,72.5714,2025-09-14 21:00:00,43.9,33.2,527.0,46.4,11.6,18.0,30.0,69,0.0,4.2
Ahmedabad,23.0225,72.5714,2025-09-14 22:00:00,46.0,35.6,473.0,47.2,12.1,12.0,29.1,75,0.0,7.6
Ahmedabad,23.0225,72.5714,2025-09-14 23:00:00,43.5,33.6,407.0,44.4,11.7,11.0,28.5,73,0.0,8.6
Ahmedabad,23.0225,72.5714,2025-09-15 00:00:00,35.2,26.7,329.0,36.0,9.9,15.0,27.7,72,0.0,10.5
Ahmedabad,23.0225,72.5714,2025-09-15 01:00:00,26.8,19.5,240.0,24.1,7.2,24.0,27.2,69,0.0,9.9
Ahmedabad,23.0225,72.5714,2025-09-15 02:00:00,21.9,14.8,176.0,14.8,5.1,30.0,26.5,75,0.0,9.4
Ahmedabad,23.0225,72.5714,2025-09-15 03:00:00,19.2,12.1,158.0,11.1,4.3,30.0,26.1,80,0.0,10.0
Ahmedabad,23.0225,72.5714,2025-09-15 04:00:00,17.5,10.6,166.0,10.0,4.2,29.0,25.7,83,0.0,9.7
Ahmedabad,23.0225,72.5714,2025-09-15 05:00:00,16.5,10.5,180.0,9.5,4.0,26.0,25.4,87,0.0,9.9
Ahmedabad,23.0225,72.5714,2025-09-15 06:00:00,15.8,10.2,202.0,8.7,4.5,28.0,26.4,88,0.0,9.8
Ahmedabad,23.0225,72.5714,2025-09-15 07:00:00,17.4,10.8,230.0,7.7,5.2,31.0,26.8,88,0.0,7.8
Ahmedabad,23.0225,72.5714,2025-09-15 08:00:00,19.2,10.9,244.0,6.5,5.5,37.0,27.8,81,0.0,10.4
Ahmedabad,23.0225,72.5714,2025-09-15 09:00:00,22.9,11.8,231.0,5.3,5.3,48.0,29.0,73,0.0,8.8
Ahmedabad,23.0225,72.5714,2025-09-15 10:00:00,26.4,13.0,205.0,3.9,4.8,61.0,30.3,65,0.0,8.3
Ahmedabad,23.0225,72.5714,2025-09-15 11:00:00,29.9,14.2,182.0,2.9,4.2,72.0,31.5,59,0.0,7.3
Ahmedabad,23.0225,72.5714,2025-09-15 12:00:00,32.4,14.6,168.0,2.0,3.6,78.0,32.3,55,0.0,7.9
Ahmedabad,23.0225,72.5714,2025-09-15 13:00:00,33.2,14.7,158.0,1.4,3.0,81.0,33.2,51,0.0,9.0
Ahmedabad,23.0225,72.5714,2025-09-15 14:00:00,34.2,14.9,154.0,1.7,2.7,81.0,33.8,47,0.0,10.6
Ahmedabad,23.0225,72.5714,2025-09-15 15:00:00,33.1,14.9,154.0,2.7,2.6,79.0,33.5,48,0.0,11.7
Ahmedabad,23.0225,72.5714,2025-09-15 16:00:00,31.8,14.7,159.0,4.8,2.7,75.0,33.1,50,0.0,12.2
Ahmedabad,23.0225,72.5714,2025-09-15 17:00:00,29.6,16.1,178.0,9.0,3.4,69.0,32.7,51,0.0,8.2
Ahmedabad,23.0225,72.5714,2025-09-15 18:00:00,33.8,21.1,226.0,21.6,6.4,53.0,31.6,56,0.0,5.0
Ahmedabad,23.0225,72.5714,2025-09-15 19:00:00,41.9,28.7,287.0,38.5,10.5,31.0,30.7,64,0.0,5.0
Ahmedabad,23.0225,72.5714,2025-09-15 20:00:00,47.1,34.1,326.0,48.0,13.0,16.0,30.1,68,0.0,4.4
Ahmedabad,23.0225,72.5714,2025-09-15 21:00:00,44.0,32.4,326.0,43.2,12.3,16.0,29.6,73,0.0,6.5
Ahmedabad,23.0225,72.5714,2025-09-15 22:00:00,34.8,25.9,303.0,31.1,10.0,24.0,28.8,72,0.0,8.0
Ahmedabad,23.0225,72.5714,2025-09-15 23:00:00,26.1,18.9,273.0,20.6,7.8,31.0,27.8,73,0.0,7.8
Ahmedabad,23.0225,72.5714,2025-09-16 00:00:00,20.4,13.6,235.0,14.8,6.2,34.0,27.0,74,0.0,7.4
Ahmedabad,23.0225,72.5714,2025-09-16 01:00:00,17.4,10.9,190.0,10.6,4.8,36.0,26.3,75,0.0,7.6
Ahmedabad,23.0225,72.5714,2025-09-16 02:00:00,15.1,9.3,158.0,8.0,3.9,36.0,25.7,78,0.0,7.9
Ahmedabad,23.0225,72.5714,2025-09-16 03:00:00,13.4,8.3,148.0,7.7,3.7,33.0,25.3,82,0.0,8.1
Ahmedabad,23.0225,72.5714,2025-09-16 04:00:00,12.1,7.6,151.0,9.0,4.1,28.0,25.2,89,0.0,8.9
Ahmedabad,23.0225,72.5714,2025-09-16 05:00:00,11.6,7.5,159.0,9.2,4.3,26.0,25.3,91,0.0,8.4
Ahmedabad,23.0225,72.5714,2025-09-16 06:00:00,11.6,7.7,175.0,8.6,4.4,27.0,26.2,89,0.0,8.4
Ahmedabad,23.0225,72.5714,2025-09-16 07:00:00,14.3,8.9,196.0,7.8,4.4,28.0,26.6,87,0.0,7.3
Ahmedabad,23.0225,72.5714,2025-09-16 08:00:00,16.4,10.2,207.0,6.7,4.4,33.0,27.8,80,0.0,8.6
Ahmedabad,23.0225,72.5714,2025-09-16 09:00:00,19.3,10.8,196.0,5.3,4.2,43.0,29.1,72,0.0,7.6
Ahmedabad,23.0225,72.5714,2025-09-16 10:00:00,21.9,11.3,175.0,3.7,3.9,56.0,30.2,65,0.0,6.9
Ahmedabad,23.0225,72.5714,2025-09-16 11:00:00,23.3,12.1,158.0,2.5,3.7,66.0,31.4,58,0.0,7.2
Ahmedabad,23.0225,72.5714,2025-09-16 12:00:00,22.3,11.9,150.0,1.9,3.7,73.0,32.1,54,0.0,7.4
Ahmedabad,23.0225,72.5714,2025-09-16 13:00:00,21.8,12.0,147.0,1.8,3.8,77.0,32.5,52,0.0,8.0
Ahmedabad,23.0225,72.5714,2025-09-16 14:00:00,21.7,12.3,147.0,2.1,3.8,79.0,32.9,51,0.0,9.0
Ahmedabad,23.0225,72.5714,2025-09-16 15:00:00,20.2,11.8,145.0,1.6,3.4,80.0,32.6,53,0.0,10.4
Ahmedabad,23.0225,72.5714,2025-09-16 16:00:00,18.9,11.2,147.0,1.6,2.9,80.0,32.5,53,0.0,9.3
Ahmedabad,23.0225,72.5714,2025-09-16 17:00:00,25.6,16.0,169.0,7.3,3.6,70.0,32.1,54,0.0,7.9
Ahmedabad,23.0225,72.5714,2025-09-16 18:00:00,30.9,21.8,233.0,24.3,7.4,52.0,32.0,52,0.0,5.5
Ahmedabad,23.0225,72.5714,2025-09-16 19:00:00,41.8,32.1,316.0,47.5,12.6,28.0,31.5,54,0.0,4.1
Ahmedabad,23.0225,72.5714,2025-09-16 20:00:00,52.2,41.6,368.0,63.3,16.8,10.0,30.7,61,0.0,5.7
Ahmedabad,23.0225,72.5714,2025-09-16 21:00:00,57.2,46.1,359.0,65.3,19.3,4.0,29.8,68,0.0,8.5
Ahmedabad,23.0225,72.5714,2025-09-16 22:00:00,57.7,46.4,318.0,59.8,20.7,4.0,28.5,75,0.0,10.5
Ahmedabad,23.0225,72.5714,2025-09-16 23:00:00,54.5,43.2,283.0,52.2,20.3,7.0,27.6,81,0.0,9.1
Ahmedabad,23.0225,72.5714,2025-09-17 00:00:00,44.0,34.1,271.0,42.7,16.7,12.0,27.2,85,0.0,6.4
Ahmedabad,23.0225,72.5714,2025-09-17 01:00:00,34.1,25.9,265.0,31.0,11.4,18.0,26.9,87,0.0,4.8
Ahmedabad,23.0225,72.5714,2025-09-17 02:00:00,27.1,20.0,252.0,21.7,7.2,23.0,26.6,89,0.0,5.4
Ahmedabad,23.0225,72.5714,2025-09-17 03:00:00,23.6,16.5,219.0,16.9,5.6,24.0,26.5,87,0.0,7.2
Ahmedabad,23.0225,72.5714,2025-09-17 04:00:00,22.5,14.9,180.0,14.6,5.2,23.0,26.1,84,0.0,8.2
Ahmedabad,23.0225,72.5714,2025-09-17 05:00:00,19.5,12.4,159.0,10.1,5.0,25.0,25.6,85,0.0,7.9
Ahmedabad,23.0225,72.5714,2025-09-17 06:00:00,19.2,12.5,176.0,9.6,5.6,26.0,26.8,81,0.0,6.6
Ahmedabad,23.0225,72.5714,2025-09-17 07:00:00,23.6,14.0,212.0,8.9,6.3,28.0,27.0,83,0.0,5.3
Ahmedabad,23.0225,72.5714,2025-09-17 08:00:00,27.2,14.6,233.0,7.8,6.7,34.0,28.2,79,0.0,6.7
Ahmedabad,23.0225,72.5714,2025-09-17 09:00:00,32.7,16.2,221.0,6.2,6.3,47.0,29.8,68,0.1,6.4
Ahmedabad,23.0225,72.5714,2025-09-17 10:00:00,36.0,17.4,195.0,4.2,5.6,64.0,31.1,60,0.1,4.3
Ahmedabad,23.0225,72.5714,2025-09-17 11:00:00,41.6,21.2,175.0,2.8,5.0,77.0,32.3,54,0.1,3.2
Ahmedabad,23.0225,72.5714,2025-09-17 12:00:00,32.6,17.4,172.0,2.2,4.7,85.0,33.0,50,0.1,2.9
Ahmedabad,23.0225,72.5714,2025-09-17 13:00:00,30.2,16.8,175.0,2.1,4.5,89.0,33.0,50,0.2,3.9
Ahmedabad,23.0225,72.5714,2025-09-17 14:00:00,28.3,16.4,179.0,2.5,4.5,91.0,33.4,48,0.4,2.9
Ahmedabad,23.0225,72.5714,2025-09-17 15:00:00,28.4,17.1,176.0,2.0,4.5,92.0,33.2,50,0.2,3.2
Ahmedabad,23.0225,72.5714,2025-09-17 16:00:00,28.3,17.5,172.0,2.0,4.8,90.0,33.1,51,0.1,5.0
Ahmedabad,23.0225,72.5714,2025-09-17 17:00:00,26.5,16.1,183.0,7.5,4.2,75.0,32.5,55,0.0,6.0
Ahmedabad,23.0225,72.5714,2025-09-17 18:00:00,34.7,24.3,224.0,24.7,7.2,56.0,32.3,52,0.0,6.5
Ahmedabad,23.0225,72.5714,2025-09-17 19:00:00,45.1,34.5,279.0,48.4,11.4,30.0,31.8,54,0.0,4.0
Ahmedabad,23.0225,72.5714,2025-09-17 20:00:00,51.6,41.2,316.0,65.0,14.9,11.0,31.2,58,0.0,2.7
Ahmedabad,23.0225,72.5714,2025-09-17 21:00:00,55.1,45.3,319.0,68.4,17.3,6.0,30.6,63,0.0,4.9
Ahmedabad,23.0225,72.5714,2025-09-17 22:00:00,57.4,48.2,303.0,64.8,19.1,7.0,30.0,65,0.0,6.0
Ahmedabad,23.0225,72.5714,2025-09-17 23:00:00,56.3,48.0,282.0,59.5,19.3,9.0,28.7,72,0.0,9.2
Ahmedabad,23.0225,72.5714,2025-09-18 00:00:00,49.1,41.7,257.0,53.5,17.1,10.0,27.5,83,0.0,8.3
Ahmedabad,23.0225,72.5714,2025-09-18 01:00:00,39.3,33.2,227.0,45.8,13.3,11.0,27.1,85,0.0,7.5
Ahmedabad,23.0225,72.5714,2025-09-18 02:00:00,31.1,26.3,206.0,38.6,10.1,12.0,26.8,86,0.0,7.1
Ahmedabad,23.0225,72.5714,2025-09-18 03:00:00,26.4,21.9,198.0,32.4,8.1,13.0,26.4,87,0.0,6.0
Ahmedabad,23.0225,72.5714,2025-09-18 04:00:00,24.3,19.2,198.0,26.7,6.6,14.0,26.0,88,0.0,6.1
Ahmedabad,23.0225,72.5714,2025-09-18 05:00:00,25.1,18.7,205.0,24.7,5.9,17.0,25.9,88,0.0,6.7
Ahmedabad,23.0225,72.5714,2025-09-18 06:00:00,25.7,17.1,228.0,20.7,6.3,24.0,27.1,80,0.0,6.8
Ahmedabad,23.0225,72.5714,2025-09-18 07:00:00,29.9,18.6,259.0,15.2,6.8,35.0,27.3,78,0.0,5.8
Ahmedabad,23.0225,72.5714,2025-09-18 08:00:00,39.9,19.0,271.0,10.4,7.1,48.0,28.6,74,0.0,5.8
Ahmedabad,23.0225,72.5714,2025-09-18 09:00:00,47.5,20.2,247.0,7.1,7.1,63.0,30.4,63,0.0,6.4
Ahmedabad,23.0225,72.5714,2025-09-18 10:00:00,47.1,20.7,205.0,4.6,7.0,81.0,31.9,55,0.0,4.4
Ahmedabad,23.0225,72.5714,2025-09-18 11:00:00,40.7,19.3,174.0,2.9,6.9,95.0,32.9,49,0.0,2.9
Ahmedabad,23.0225,72.5714,2025-09-18 12:00:00,36.0,18.5,166.0,2.1,6.9,105.0,33.7,46,0.0,3.3
Ahmedabad,23.0225,72.5714,2025-09-18 13:00:00,32.4,17.9,169.0,2.1,6.9,111.0,34.1,44,0.0,3.5
Ahmedabad,23.0225,72.5714,2025-09-18 14:00:00,30.4,17.9,173.0,2.5,6.9,115.0,34.4,44,0.0,4.0
Ahmedabad,23.0225,72.5714,2025-09-18 15:00:00,29.8,18.3,173.0,2.3,6.6,117.0,34.4,45,0.0,5.6
Ahmedabad,23.0225,72.5714,2025-09-18 16:00:00,29.2,18.3,174.0,2.6,6.2,116.0,33.9,47,0.0,5.2
Ahmedabad,23.0225,72.5714,2025-09-18 17:00:00,28.6,16.3,183.0,5.5,4.6,86.0,32.7,51,0.1,6.3
Ahmedabad,23.0225,72.5714,2025-09-18 18:00:00,35.0,21.9,207.0,24.1,8.1,64.0,32.5,53,0.0,5.6
Ahmedabad,23.0225,72.5714,2025-09-18 19:00:00,47.8,33.1,239.0,49.1,12.9,35.0,31.6,60,0.0,4.9
Ahmedabad,23.0225,72.5714,2025-09-18 20:00:00,56.1,41.4,269.0,63.3,16.1,16.0,30.9,67,0.0,4.6
Ahmedabad,23.0225,72.5714,2025-09-18 21:00:00,53.0,41.0,298.0,56.4,16.1,17.0,30.3,72,0.0,4.9
Ahmedabad,23.0225,72.5714,2025-09-18 22:00:00,36.3,29.5,324.0,38.6,14.5,29.0,29.6,76,0.0,5.6
Ahmedabad,23.0225,72.5714,2025-09-18 23:00:00,26.2,22.1,338.0,23.9,12.7,39.0,28.9,78,0.0,6.2
Ahmedabad,23.0225,72.5714,2025-09-19 00:00:00,21.5,17.9,330.0,17.2,10.9,42.0,28.5,79,0.0,6.2
Ahmedabad,23.0225,72.5714,2025-09-19 01:00:00,19.6,15.1,309.0,13.5,9.0,44.0,28.0,79,0.0,6.8
Ahmedabad,23.0225,72.5714,2025-09-19 02:00:00,19.3,13.6,289.0,11.8,7.5,43.0,27.4,81,0.0,7.1
Ahmedabad,23.0225,72.5714,2025-09-19 03:00:00,20.5,13.4,269.0,12.9,6.8,38.0,27.1,83,0.0,6.6
Ahmedabad,23.0225,72.5714,2025-09-19 04:00:00,23.4,14.3,250.0,16.1,6.7,31.0,26.8,84,0.0,6.1
Ahmedabad,23.0225,72.5714,2025-09-19 05:00:00,24.3,14.3,249.0,14.0,6.2,31.0,26.6,85,0.0,5.4
Ahmedabad,23.0225,72.5714,2025-09-19 06:00:00,26.7,15.1,288.0,13.3,6.8,32.0,27.5,82,0.0,5.7
Ahmedabad,23.0225,72.5714,2025-09-19 07:00:00,32.0,17.6,344.0,12.3,7.6,35.0,27.9,79,0.0,4.4
Ahmedabad,23.0225,72.5714,2025-09-19 08:00:00,39.2,19.4,366.0,10.9,8.0,42.0,29.3,70,0.0,5.3
Ahmedabad,23.0225,72.5714,2025-09-19 09:00:00,45.3,20.8,319.0,8.7,7.6,58.0,31.0,62,0.0,7.1
Ahmedabad,23.0225,72.5714,2025-09-19 10:00:00,47.4,21.7,238.0,6.0,6.8,78.0,32.1,56,0.2,6.3
Ahmedabad,23.0225,72.5714,2025-09-19 11:00:00,48.5,22.3,178.0,3.9,6.1,95.0,32.7,53,0.2,4.4
Ahmedabad,23.0225,72.5714,2025-09-19 12:00:00,49.1,22.9,162.0,2.8,5.8,107.0,33.4,50,0.1,4.5
Ahmedabad,23.0225,72.5714,2025-09-19 13:00:00,48.5,22.8,166.0,2.3,5.8,115.0,33.7,49,0.0,5.2
Ahmedabad,23.0225,72.5714,2025-09-19 14:00:00,48.3,23.1,175.0,2.4,5.8,120.0,33.8,49,0.2,6.9
Ahmedabad,23.0225,72.5714,2025-09-19 15:00:00,47.5,22.8,184.0,2.2,5.8,121.0,33.0,54,0.4,3.1
Ahmedabad,23.0225,72.5714,2025-09-19 16:00:00,45.9,22.2,197.0,2.6,5.8,118.0,32.9,55,0.2,2.6
Ahmedabad,23.0225,72.5714,2025-09-19 17:00:00,42.0,19.7,217.0,5.4,4.6,96.0,30.5,64,1.1,8.2
Ahmedabad,23.0225,72.5714,2025-09-19 18:00:00,42.8,23.2,249.0,20.2,7.3,74.0,31.6,65,0.0,6.1
Ahmedabad,23.0225,72.5714,2025-09-19 19:00:00,54.2,33.5,287.0,40.4,10.9,45.0,31.1,67,0.0,3.6
Ahmedabad,23.0225,72.5714,2025-09-19 20:00:00,60.5,40.3,315.0,53.4,13.5,24.0,30.8,69,0.0,4.3
Ahmedabad,23.0225,72.5714,2025-09-19 21:00:00,58.8,41.2,326.0,52.7,14.0,20.0,30.4,72,0.0,5.3
Ahmedabad,23.0225,72.5714,2025-09-19 22:00:00,54.8,39.5,325.0,44.9,13.3,24.0,29.5,77,0.0,6.7
Ahmedabad,23.0225,72.5714,2025-09-19 23:00:00,43.9,31.8,316.0,36.6,12.4,29.0,28.8,79,0.0,7.3
Ahmedabad,23.0225,72.5714,2025-09-20 00:00:00,32.9,24.5,293.0,29.4,11.2,33.0,28.3,81,0.0,5.7
Ahmedabad,23.0225,72.5714,2025-09-20 01:00:00,28.3,21.0,262.0,21.9,9.8,37.0,27.9,82,0.0,7.5
Ahmedabad,23.0225,72.5714,2025-09-20 02:00:00,25.1,18.4,236.0,16.4,8.6,40.0,27.4,85,0.0,3.5
Ahmedabad,23.0225,72.5714,2025-09-20 03:00:00,23.1,16.8,219.0,14.5,7.9,40.0,27.1,87,0.0,4.7
Ahmedabad,23.0225,72.5714,2025-09-20 04:00:00,22.5,16.2,208.0,14.7,7.5,38.0,26.9,88,0.0,5.3
Ahmedabad,23.0225,72.5714,2025-09-20 05:00:00,24.9,17.1,212.0,14.7,5.5,32.0,26.6,88,0.0,5.6
Ahmedabad,23.0225,72.5714,2025-09-20 06:00:00,24.7,17.1,246.0,13.7,6.1,34.0,26.5,90,0.0,3.8
Ahmedabad,23.0225,72.5714,2025-09-20 07:00:00,26.7,16.5,294.0,12.2,7.0,37.0,26.8,88,0.1,4.1
Ahmedabad,23.0225,72.5714,2025-09-20 08:00:00,29.6,17.0,317.0,10.4,7.5,44.0,28.1,78,0.0,4.2
Ahmedabad,23.0225,72.5714,2025-09-20 09:00:00,32.8,17.3,291.0,7.8,7.3,60.0,29.3,73,0.0,4.9
Ahmedabad,23.0225,72.5714,2025-09-20 10:00:00,37.1,18.7,241.0,4.9,6.6,81.0,30.6,67,0.0,6.5
Ahmedabad,23.0225,72.5714,2025-09-20 11:00:00,40.0,19.6,201.0,2.8,6.0,97.0,32.0,62,0.0,6.8
Ahmedabad,23.0225,72.5714,2025-09-20 12:00:00,40.6,19.4,184.0,1.9,5.4,104.0,33.0,57,0.0,6.8
Ahmedabad,23.0225,72.5714,2025-09-20 13:00:00,40.0,18.9,178.0,1.8,4.9,105.0,33.8,52,0.0,6.6
Ahmedabad,23.0225,72.5714,2025-09-20 14:00:00,39.8,19.2,181.0,2.3,4.5,105.0,34.1,50,0.0,6.8
Ahmedabad,23.0225,72.5714,2025-09-20 15:00:00,39.5,19.4,195.0,2.5,4.2,105.0,33.0,55,0.3,8.6
Ahmedabad,23.0225,72.5714,2025-09-20 16:00:00,37.6,19.2,218.0,3.2,4.1,103.0,30.8,66,2.4,2.8
Ahmedabad,23.0225,72.5714,2025-09-20 17:00:00,33.6,19.3,237.0,9.2,5.0,87.0,30.4,70,0.2,7.1
Ahmedabad,23.0225,72.5714,2025-09-20 18:00:00,31.2,21.0,249.0,20.9,7.1,67.0,29.5,76,0.0,3.7
Ahmedabad,23.0225,72.5714,2025-09-20 19:00:00,42.6,29.4,258.0,36.7,10.0,40.0,29.2,77,0.0,4.8
Ahmedabad,23.0225,72.5714,2025-09-20 20:00:00,49.1,35.9,264.0,46.2,12.0,21.0,28.9,80,0.0,4.2
Ahmedabad,23.0225,72.5714,2025-09-20 21:00:00,41.8,31.4,267.0,43.4,12.3,19.0,28.5,83,0.0,5.8
Ahmedabad,23.0225,72.5714,2025-09-20 22:00:00,36.3,28.0,266.0,34.2,11.8,26.0,27.8,87,0.0,6.8
Ahmedabad,23.0225,72.5714,2025-09-20 23:00:00,32.6,25.5,260.0,26.3,11.0,32.0,27.5,87,0.0,5.8
Ahmedabad,23.0225,72.5714,2025-09-21 00:00:00,29.6,23.2,245.0,22.2,10.1,34.0,27.2,88,0.1,6.5
Ahmedabad,23.0225,72.5714,2025-09-21 01:00:00,27.1,21.1,225.0,19.4,9.0,36.0,26.8,90,0.0,7.0
Ahmedabad,23.0225,72.5714,2025-09-21 02:00:00,26.2,20.1,213.0,17.3,8.0,36.0,26.5,92,0.1,5.5
Ahmedabad,23.0225,72.5714,2025-09-21 03:00:00,25.6,19.4,215.0,16.1,7.1,34.0,26.3,93,0.0,4.6
Ahmedabad,23.0225,72.5714,2025-09-21 04:00:00,24.6,18.5,224.0,15.7,6.3,31.0,26.1,94,0.0,5.0
Ahmedabad,23.0225,72.5714,2025-09-21 05:00:00,20.7,15.5,238.0,14.3,4.8,27.0,25.9,93,0.0,5.3
Ahmedabad,23.0225,72.5714,2025-09-21 06:00:00,19.4,14.7,261.0,13.1,5.2,30.0,26.6,93,0.0,4.4
Ahmedabad,23.0225,72.5714,2025-09-21 07:00:00,21.0,15.2,288.0,11.3,5.8,35.0,27.1,86,0.0,4.8
Ahmedabad,23.0225,72.5714,2025-09-21 08:00:00,27.6,15.5,297.0,9.3,6.2,44.0,28.0,78,0.0,6.0
Ahmedabad,23.0225,72.5714,2025-09-21 09:00:00,37.7,18.2,271.0,7.0,6.1,62.0,29.2,73,0.0,5.3
Ahmedabad,23.0225,72.5714,2025-09-21 10:00:00,47.6,21.4,226.0,4.5,5.8,84.0,30.7,66,0.0,6.1
Ahmedabad,23.0225,72.5714,2025-09-21 11:00:00,47.5,21.4,191.0,2.7,5.5,100.0,31.9,59,0.0,5.1
Ahmedabad,23.0225,72.5714,2025-09-21 12:00:00,41.0,19.5,177.0,1.9,5.1,106.0,32.6,55,0.1,4.8
Ahmedabad,23.0225,72.5714,2025-09-21 13:00:00,34.6,17.3,172.0,1.8,4.6,106.0,33.3,52,0.2,5.6
Ahmedabad,23.0225,72.5714,2025-09-21 14:00:00,30.5,16.0,171.0,2.2,4.3,104.0,33.2,53,0.2,6.4
Ahmedabad,23.0225,72.5714,2025-09-21 15:00:00,27.8,15.0,172.0,1.7,3.9,102.0,33.0,54,0.2,7.6
Ahmedabad,23.0225,72.5714,2025-09-21 16:00:00,25.4,14.1,178.0,1.6,3.7,97.0,32.8,56,0.2,7.9
Ahmedabad,23.0225,72.5714,2025-09-21 17:00:00,27.0,16.0,188.0,8.5,4.1,73.0,31.5,61,0.1,7.7
Ahmedabad,23.0225,72.5714,2025-09-21 18:00:00,27.8,18.7,206.0,18.5,5.9,57.0,32.1,54,0.0,7.3
Ahmedabad,23.0225,72.5714,2025-09-21 19:00:00,32.5,23.6,229.0,32.4,8.5,34.0,31.6,57,0.0,6.0
Ahmedabad,23.0225,72.5714,2025-09-21 20:00:00,39.2,29.9,246.0,43.5,11.2,16.0,30.7,63,0.0,5.4
Ahmedabad,23.0225,72.5714,2025-09-21 21:00:00,46.2,36.6,252.0,50.0,14.6,8.0,30.3,65,0.0,5.1
Ahmedabad,23.0225,72.5714,2025-09-21 22:00:00,54.1,44.4,252.0,53.8,18.1,5.0,29.7,67,0.0,6.0
Ahmedabad,23.0225,72.5714,2025-09-21 23:00:00,57.5,48.1,246.0,53.7,19.5,5.0,28.9,70,0.0,7.7
Ahmedabad,23.0225,72.5714,2025-09-22 00:00:00,48.4,40.9,231.0,47.9,16.9,8.0,28.3,71,0.0,7.7
Ahmedabad,23.0225,72.5714,2025-09-22 01:00:00,34.2,29.0,210.0,38.2,12.0,14.0,27.7,73,0.0,7.5
Ahmedabad,23.0225,72.5714,2025-09-22 02:00:00,24.5,20.9,194.0,29.3,8.1,20.0,27.2,74,0.0,8.0
Ahmedabad,23.0225,72.5714,2025-09-22 03:00:00,19.2,16.0,185.0,22.6,6.2,24.0,26.9,74,0.0,7.7
Ahmedabad,23.0225,72.5714,2025-09-22 04:00:00,15.9,12.8,182.0,16.7,5.2,26.0,26.7,76,0.0,7.4
Ahmedabad,23.0225,72.5714,2025-09-22 05:00:00,14.1,11.3,188.0,13.3,4.7,29.0,26.5,78,0.0,8.0
Ahmedabad,23.0225,72.5714,2025-09-22 06:00:00,14.0,10.5,216.0,11.9,5.1,32.0,27.4,78,0.0,8.1
Ahmedabad,23.0225,72.5714,2025-09-22 07:00:00,16.3,11.5,253.0,10.0,5.6,37.0,27.7,76,0.0,7.2
Ahmedabad,23.0225,72.5714,2025-09-22 08:00:00,20.0,12.1,271.0,8.0,5.9,46.0,28.7,70,0.0,7.3
Ahmedabad,23.0225,72.5714,2025-09-22 09:00:00,23.7,13.4,249.0,6.0,5.8,61.0,30.1,63,0.0,8.0
Ahmedabad,23.0225,72.5714,2025-09-22 10:00:00,24.9,13.6,208.0,4.0,5.4,80.0,31.5,55,0.0,9.4
Ahmedabad,23.0225,72.5714,2025-09-22 11:00:00,23.1,13.0,176.0,2.6,5.0,93.0,32.6,51,0.0,8.6
Ahmedabad,23.0225,72.5714,2025-09-22 12:00:00,20.7,12.1,165.0,1.8,4.4,96.0,33.5,48,0.0,7.9
Ahmedabad,23.0225,72.5714,2025-09-22 13:00:00,17.5,10.7,164.0,1.5,3.8,94.0,34.0,47,0.0,8.3
Ahmedabad,23.0225,72.5714,2025-09-22 14:00:00,15.5,9.6,165.0,2.0,3.3,90.0,34.1,47,0.0,8.6
Ahmedabad,23.0225,72.5714,2025-09-22 15:00:00,15.9,9.8,168.0,2.4,2.9,86.0,34.1,47,0.0,7.7
Ahmedabad,23.0225,72.5714,2025-09-22 16:00:00,14.1,8.9,174.0,3.6,2.8,81.0,34.0,48,0.0,8.6
Ahmedabad,23.0225,72.5714,2025-09-22 17:00:00,14.3,9.1,181.0,7.2,3.1,69.0,33.5,48,0.0,7.9
Ahmedabad,23.0225,72.5714,2025-09-22 18:00:00,15.8,12.0,192.0,14.9,4.7,56.0,32.8,49,0.0,10.8
Ahmedabad,23.0225,72.5714,2025-09-22 19:00:00,20.2,16.8,205.0,25.4,6.9,37.0,31.5,58,0.0,8.4
Ahmedabad,23.0225,72.5714,2025-09-22 20:00:00,23.3,19.8,212.0,33.3,8.6,23.0,30.7,61,0.0,7.4
Ahmedabad,23.0225,72.5714,2025-09-22 21:00:00,26.3,22.8,209.0,36.7,9.4,17.0,30.5,61,0.0,6.1
Ahmedabad,23.0225,72.5714,2025-09-22 22:00:00,28.8,25.3,201.0,37.4,9.6,15.0,29.8,63,0.0,6.3
Ahmedabad,23.0225,72.5714,2025-09-22 23:00:00,26.7,23.6,190.0,35.1,9.2,17.0,29.0,68,0.0,7.3
Ahmedabad,23.0225,72.5714,2025-09-23 00:00:00,20.4,17.9,174.0,27.7,7.8,24.0,28.4,71,0.0,7.6
Ahmedabad,23.0225,72.5714,2025-09-23 01:00:00,14.8,12.5,156.0,17.2,5.8,33.0,27.8,74,0.0,8.5
Ahmedabad,23.0225,72.5714,2025-09-23 02:00:00,11.8,9.4,144.0,9.5,4.3,40.0,27.2,75,0.0,8.8
Ahmedabad,23.0225,72.5714,2025-09-23 03:00:00,10.6,7.9,142.0,7.3,3.8,40.0,26.8,76,0.0,9.1
Ahmedabad,23.0225,72.5714,2025-09-23 04:00:00,10.7,7.6,147.0,7.8,3.8,36.0,26.5,78,0.0,8.8
Ahmedabad,23.0225,72.5714,2025-09-23 05:00:00,10.9,7.5,159.0,7.5,3.9,35.0,26.2,80,0.0,8.6
Ahmedabad,23.0225,72.5714,2025-09-23 06:00:00,11.9,7.9,185.0,7.6,4.4,36.0,27.3,77,0.0,8.8
Ahmedabad,23.0225,72.5714,2025-09-23 07:00:00,14.4,9.5,218.0,7.6,5.2,37.0,27.5,76,0.0,8.7
Ahmedabad,23.0225,72.5714,2025-09-23 08:00:00,17.9,10.4,234.0,7.1,5.6,43.0,28.6,69,0.0,8.5
Ahmedabad,23.0225,72.5714,2025-09-23 09:00:00,22.2,11.6,216.0,5.7,5.4,56.0,30.0,61,0.0,9.9
Ahmedabad,23.0225,72.5714,2025-09-23 10:00:00,25.0,12.5,180.0,3.8,5.0,73.0,31.2,55,0.0,9.8
Ahmedabad,23.0225,72.5714,2025-09-23 11:00:00,24.3,12.3,153.0,2.4,4.6,86.0,32.5,50,0.0,8.2
Ahmedabad,23.0225,72.5714,2025-09-23 12:00:00,22.6,11.7,144.0,1.9,4.4,91.0,33.6,47,0.0,7.9
Ahmedabad,23.0225,72.5714,2025-09-23 13:00:00,21.0,11.3,144.0,1.9,4.2,93.0,34.0,46,0.0,7.9
Ahmedabad,23.0225,72.5714,2025-09-23 14:00:00,20.0,11.2,145.0,2.3,4.2,92.0,34.0,45,0.3,8.0
Ahmedabad,23.0225,72.5714,2025-09-23 15:00:00,19.9,11.7,146.0,2.4,4.2,91.0,34.0,46,0.5,8.4
Ahmedabad,23.0225,72.5714,2025-09-23 16:00:00,20.0,12.0,148.0,2.9,4.4,88.0,33.8,46,0.3,7.9
Ahmedabad,23.0225,72.5714,2025-09-23 17:00:00,18.7,11.8,154.0,8.0,4.5,73.0,32.9,49,0.1,10.9
Ahmedabad,23.0225,72.5714,2025-09-23 18:00:00,23.2,16.8,165.0,18.3,6.7,58.0,32.2,50,0.0,9.0
Ahmedabad,23.0225,72.5714,2025-09-23 19:00:00,29.8,23.2,180.0,32.2,9.7,37.0,31.7,52,0.0,7.7
Ahmedabad,23.0225,72.5714,2025-09-23 20:00:00,33.1,26.7,194.0,40.9,11.8,22.0,30.9,56,0.0,7.2
Ahmedabad,23.0225,72.5714,2025-09-23 21:00:00,30.3,25.1,210.0,39.8,12.1,20.0,30.2,60,0.0,5.8
Ahmedabad,23.0225,72.5714,2025-09-23 22:00:00,27.6,23.3,225.0,33.5,11.5,24.0,29.1,68,0.0,7.6
Ahmedabad,23.0225,72.5714,2025-09-23 23:00:00,24.8,21.0,226.0,27.0,10.6,29.0,28.4,73,0.0,6.8
Ahmedabad,23.0225,72.5714,2025-09-24 00:00:00,21.2,17.8,200.0,21.5,9.3,33.0,28.1,71,0.0,7.0
Ahmedabad,23.0225,72.5714,2025-09-24 01:00:00,18.3,14.9,160.0,15.9,7.7,38.0,27.7,64,0.0,7.8
Ahmedabad,23.0225,72.5714,2025-09-24 02:00:00,16.3,12.4,131.0,11.7,6.6,41.0,27.0,65,0.0,7.6
Ahmedabad,23.0225,72.5714,2025-09-24 03:00:00,15.5,10.7,123.0,9.9,6.2,40.0,26.4,69,0.0,8.5
Ahmedabad,23.0225,72.5714,2025-09-24 04:00:00,15.1,9.6,125.0,9.5,6.2,36.0,26.0,74,0.0,9.6
Ahmedabad,23.0225,72.5714,2025-09-24 05:00:00,16.1,9.1,136.0,8.7,5.4,34.0,25.6,79,0.0,9.2
Ahmedabad,23.0225,72.5714,2025-09-24 06:00:00,16.8,9.5,161.0,8.5,5.8,34.0,26.6,79,0.0,8.0
Ahmedabad,23.0225,72.5714,2025-09-24 07:00:00,19.4,11.3,194.0,8.2,6.3,35.0,26.8,78,0.0,7.5
Ahmedabad,23.0225,72.5714,2025-09-24 08:00:00,23.9,12.1,212.0,7.5,6.5,40.0,28.0,71,0.0,7.6
Ahmedabad,23.0225,72.5714,2025-09-24 09:00:00,28.1,13.0,202.0,5.9,5.9,52.0,29.5,61,0.0,6.4
Ahmedabad,23.0225,72.5714,2025-09-24 10:00:00,30.2,13.7,177.0,3.9,4.9,68.0,30.9,54,0.0,5.7
Ahmedabad,23.0225,72.5714,2025-09-24 11:00:00,31.1,14.1,157.0,2.4,4.2,80.0,32.0,48,0.0,6.3
Ahmedabad,23.0225,72.5714,2025-09-24 12:00:00,29.5,13.5,147.0,1.7,3.9,86.0,32.5,46,0.0,8.0
Ahmedabad,23.0225,72.5714,2025-09-24 13:00:00,26.7,12.5,142.0,1.6,3.8,89.0,32.5,47,0.1,9.0
Ahmedabad,23.0225,72.5714,2025-09-24 14:00:00,24.1,11.8,141.0,2.2,3.9,90.0,32.6,47,0.2,9.7
Ahmedabad,23.0225,72.5714,2025-09-24 15:00:00,22.3,11.4,145.0,2.9,4.0,89.0,32.2,49,0.5,10.1
Ahmedabad,23.0225,72.5714,2025-09-24 16:00:00,21.0,11.1,154.0,4.4,4.2,85.0,31.5,55,1.2,8.0
Ahmedabad,23.0225,72.5714,2025-09-24 17:00:00,25.7,14.6,169.0,8.7,5.3,79.0,31.0,57,0.1,8.1
Ahmedabad,23.0225,72.5714,2025-09-24 18:00:00,32.9,21.1,192.0,22.5,8.1,61.0,31.0,55,0.0,6.1
Ahmedabad,23.0225,72.5714,2025-09-24 19:00:00,43.2,31.0,221.0,41.1,11.9,37.0,30.5,57,0.0,5.2
Ahmedabad,23.0225,72.5714,2025-09-24 20:00:00,45.5,33.9,245.0,52.1,14.1,21.0,29.4,65,0.0,8.7
Ahmedabad,23.0225,72.5714,2025-09-24 21:00:00,39.9,30.3,262.0,48.2,13.3,19.0,28.3,73,0.0,8.6
Ahmedabad,23.0225,72.5714,2025-09-24 22:00:00,32.5,25.3,274.0,36.6,10.9,26.0,27.5,77,0.0,8.6
Ahmedabad,23.0225,72.5714,2025-09-24 23:00:00,25.3,20.2,279.0,26.4,8.8,31.0,27.0,79,0.0,8.0
Ahmedabad,23.0225,72.5714,2025-09-25 00:00:00,19.6,15.9,275.0,20.3,7.4,34.0,26.7,78,0.0,7.9
Ahmedabad,23.0225,72.5714,2025-09-25 01:00:00,17.5,14.0,263.0,15.5,6.1,36.0,26.5,77,0.0,8.2
Ahmedabad,23.0225,72.5714,2025-09-25 02:00:00,17.0,13.2,246.0,12.6,5.5,36.0,26.3,77,0.0,8.0
Ahmedabad,23.0225,72.5714,2025-09-25 03:00:00,17.8,13.1,218.0,12.9,5.7,32.0,26.2,76,0.0,7.5
Ahmedabad,23.0225,72.5714,2025-09-25 04:00:00,20.0,13.9,186.0,15.1,6.5,26.0,25.9,78,0.0,6.5
Ahmedabad,23.0225,72.5714,2025-09-25 05:00:00,20.5,13.2,171.0,13.1,7.0,28.0,25.7,80,0.0,6.0
Ahmedabad,23.0225,72.5714,2025-09-25 06:00:00,21.8,13.8,190.0,12.3,7.7,30.0,26.7,79,0.0,6.2
Ahmedabad,23.0225,72.5714,2025-09-25 07:00:00,25.4,16.2,227.0,11.1,8.6,35.0,26.9,79,0.0,5.6
Ahmedabad,23.0225,72.5714,2025-09-25 08:00:00,28.6,15.7,249.0,9.6,9.1,43.0,28.1,73,0.0,4.1
Ahmedabad,23.0225,72.5714,2025-09-25 09:00:00,32.5,16.6,242.0,7.5,8.8,59.0,29.6,63,0.1,3.2
Ahmedabad,23.0225,72.5714,2025-09-25 10:00:00,34.0,17.6,220.0,5.1,8.0,80.0,30.5,57,0.2,2.5
Ahmedabad,23.0225,72.5714,2025-09-25 11:00:00,32.7,17.4,202.0,3.4,7.4,96.0,31.5,53,0.1,2.5
Ahmedabad,23.0225,72.5714,2025-09-25 12:00:00,29.9,16.8,192.0,2.7,7.2,106.0,32.1,50,0.1,2.9
Ahmedabad,23.0225,72.5714,2025-09-25 13:00:00,26.7,15.9,185.0,2.6,7.2,112.0,32.4,48,0.6,3.9
Ahmedabad,23.0225,72.5714,2025-09-25 14:00:00,26.5,16.9,182.0,3.0,7.2,114.0,32.2,50,0.5,5.5
Ahmedabad,23.0225,72.5714,2025-09-25 15:00:00,24.4,16.1,183.0,2.1,6.9,115.0,32.1,52,0.7,6.1
Ahmedabad,23.0225,72.5714,2025-09-25 16:00:00,23.1,15.7,189.0,1.6,6.7,112.0,31.5,57,0.6,4.6
Ahmedabad,23.0225,72.5714,2025-09-25 17:00:00,21.7,14.5,199.0,5.9,5.9,100.0,31.2,58,0.1,3.8
Ahmedabad,23.0225,72.5714,2025-09-25 18:00:00,27.5,20.8,215.0,25.5,10.0,77.0,31.3,56,0.0,5.4
Ahmedabad,23.0225,72.5714,2025-09-25 19:00:00,39.1,32.1,237.0,52.5,15.8,45.0,30.8,58,0.0,5.2
Ahmedabad,23.0225,72.5714,2025-09-25 20:00:00,51.0,43.5,257.0,73.3,21.2,20.0,30.4,60,0.0,4.4
Ahmedabad,23.0225,72.5714,2025-09-25 21:00:00,60.5,52.9,280.0,83.1,26.6,9.0,30.2,60,0.0,4.3
Ahmedabad,23.0225,72.5714,2025-09-25 22:00:00,66.4,58.9,302.0,86.5,31.6,6.0,29.5,63,0.0,5.6
Ahmedabad,23.0225,72.5714,2025-09-25 23:00:00,65.7,58.4,310.0,83.9,33.4,6.0,28.4,67,0.0,7.7
Ahmedabad,23.0225,72.5714,2025-09-26 00:00:00,55.4,48.7,290.0,72.3,29.7,10.0,27.3,74,0.0,8.0
Ahmedabad,23.0225,72.5714,2025-09-26 01:00:00,42.3,36.7,255.0,54.6,22.8,18.0,26.8,77,0.0,7.4
Ahmedabad,23.0225,72.5714,2025-09-26 02:00:00,30.7,26.6,230.0,39.7,16.7,24.0,26.6,77,0.0,7.0
Ahmedabad,23.0225,72.5714,2025-09-26 03:00:00,23.9,20.5,222.0,30.9,12.8,25.0,26.3,78,0.0,6.8
Ahmedabad,23.0225,72.5714,2025-09-26 04:00:00,20.9,17.3,223.0,24.8,9.8,23.0,26.1,79,0.0,5.9
Ahmedabad,23.0225,72.5714,2025-09-26 05:00:00,22.0,17.1,233.0,23.1,6.9,23.0,26.0,78,0.0,6.9
Ahmedabad,23.0225,72.5714,2025-09-26 06:00:00,21.9,16.4,261.0,20.8,7.3,30.0,26.6,75,0.0,7.9
Ahmedabad,23.0225,72.5714,2025-09-26 07:00:00,24.0,18.2,297.0,17.6,7.7,40.0,26.9,75,0.0,6.6
Ahmedabad,23.0225,72.5714,2025-09-26 08:00:00,27.3,18.0,313.0,14.1,7.8,53.0,28.4,70,0.0,7.0
Ahmedabad,23.0225,72.5714,2025-09-26 09:00:00,30.6,18.3,289.0,10.2,7.2,73.0,30.4,61,0.0,7.5
Ahmedabad,23.0225,72.5714,2025-09-26 10:00:00,31.5,18.0,245.0,6.2,6.2,97.0,32.1,53,0.0,7.7
Ahmedabad,23.0225,72.5714,2025-09-26 11:00:00,27.8,15.7,211.0,3.2,5.4,115.0,33.3,49,0.0,8.5
Ahmedabad,23.0225,72.5714,2025-09-26 12:00:00,24.6,14.5,199.0,2.0,4.8,124.0,34.2,45,0.0,7.9
Ahmedabad,23.0225,72.5714,2025-09-26 13:00:00,24.0,15.0,196.0,1.8,4.4,128.0,34.6,43,0.3,7.0
Ahmedabad,23.0225,72.5714,2025-09-26 14:00:00,24.2,15.7,199.0,2.4,4.1,128.0,34.8,43,0.3,7.4
Ahmedabad,23.0225,72.5714,2025-09-26 15:00:00,23.9,16.0,204.0,3.3,3.9,126.0,34.9,43,0.3,7.1
Ahmedabad,23.0225,72.5714,2025-09-26 16:00:00,23.5,16.1,214.0,4.8,3.8,121.0,34.6,45,0.1,6.8
Ahmedabad,23.0225,72.5714,2025-09-26 17:00:00,21.9,16.0,231.0,8.3,4.2,108.0,34.3,46,0.0,7.1
Ahmedabad,23.0225,72.5714,2025-09-26 18:00:00,24.7,19.3,262.0,14.3,5.4,92.0,34.3,45,0.0,7.8
Ahmedabad,23.0225,72.5714,2025-09-26 19:00:00,27.5,22.4,301.0,22.5,7.0,70.0,33.9,46,0.0,6.8
Ahmedabad,23.0225,72.5714,2025-09-26 20:00:00,28.4,23.5,331.0,28.4,8.1,53.0,33.1,50,0.0,7.7
Ahmedabad,23.0225,72.5714,2025-09-26 21:00:00,28.2,23.3,348.0,30.0,8.4,44.0,32.4,53,0.0,7.9
Ahmedabad,23.0225,72.5714,2025-09-26 22:00:00,28.5,23.6,355.0,29.4,8.3,40.0,31.9,54,0.0,8.7
Ahmedabad,23.0225,72.5714,2025-09-26 23:00:00,28.2,23.3,348.0,27.9,7.9,38.0,31.5,54,0.0,8.9
Ahmedabad,23.0225,72.5714,2025-09-27 00:00:00,25.7,21.1,315.0,25.7,7.0,37.0,30.8,57,0.0,8.8
Ahmedabad,23.0225,72.5714,2025-09-27 01:00:00,22.9,18.7,267.0,22.7,5.9,38.0,30.3,58,0.0,8.8
Ahmedabad,23.0225,72.5714,2025-09-27 02:00:00,20.7,16.8,237.0,20.3,5.0,38.0,29.8,59,0.0,8.8
Ahmedabad,23.0225,72.5714,2025-09-27 03:00:00,18.9,15.4,236.0,19.2,4.6,36.0,29.3,61,0.0,9.0
Ahmedabad,23.0225,72.5714,2025-09-27 04:00:00,17.5,14.2,253.0,18.8,4.6,33.0,28.8,63,0.0,9.3
Ahmedabad,23.0225,72.5714,2025-09-27 05:00:00,15.2,13.1,280.0,19.7,4.8,31.0,28.3,65,0.0,9.8
Ahmedabad,23.0225,72.5714,2025-09-27 06:00:00,14.9,12.9,331.0,19.6,5.3,32.0,28.7,64,0.0,9.6
Ahmedabad,23.0225,72.5714,2025-09-27 07:00:00,16.4,14.6,393.0,19.3,6.0,35.0,29.0,62,0.0,8.1
Ahmedabad,23.0225,72.5714,2025-09-27 08:00:00,17.0,15.1,420.0,17.7,6.5,46.0,30.3,57,0.0,9.3
Ahmedabad,23.0225,72.5714,2025-09-27 09:00:00,16.1,13.7,381.0,13.4,6.5,75.0,32.3,51,0.0,10.1
Ahmedabad,23.0225,72.5714,2025-09-27 10:00:00,14.4,12.2,309.0,7.8,6.3,113.0,34.3,45,0.0,11.7
Ahmedabad,23.0225,72.5714,2025-09-27 11:00:00,12.6,10.8,250.0,3.6,6.1,140.0,35.8,39,0.0,11.5
Ahmedabad,23.0225,72.5714,2025-09-27 12:00:00,12.9,9.8,225.0,1.9,5.9,146.0,37.0,34,0.0,10.7
Ahmedabad,23.0225,72.5714,2025-09-27 13:00:00,14.0,8.8,214.0,1.7,5.6,142.0,37.2,33,0.0,11.6
Ahmedabad,23.0225,72.5714,2025-09-27 14:00:00,14.8,8.7,210.0,2.4,5.4,135.0,37.4,32,0.0,9.8
Ahmedabad,23.0225,72.5714,2025-09-27 15:00:00,15.3,8.6,208.0,4.2,5.4,130.0,37.5,32,0.0,9.9
Ahmedabad,23.0225,72.5714,2025-09-27 16:00:00,15.5,8.8,211.0,7.0,5.4,122.0,37.5,32,0.0,11.9
Ahmedabad,23.0225,72.5714,2025-09-27 17:00:00,22.9,14.1,226.0,11.9,6.1,106.0,36.6,35,0.0,14.9
Ahmedabad,23.0225,72.5714,2025-09-27 18:00:00,22.8,16.7,262.0,14.2,6.7,97.0,35.4,39,0.0,11.7
Ahmedabad,23.0225,72.5714,2025-09-27 19:00:00,21.4,17.3,308.0,17.3,7.4,84.0,34.2,44,0.0,10.7
Ahmedabad,23.0225,72.5714,2025-09-27 20:00:00,20.1,16.5,340.0,19.4,7.9,74.0,33.5,45,0.0,11.5
Ahmedabad,23.0225,72.5714,2025-09-27 21:00:00,19.8,15.4,347.0,19.5,7.8,68.0,32.9,46,0.0,12.3
Ahmedabad,23.0225,72.5714,2025-09-27 22:00:00,20.4,15.1,339.0,18.6,7.5,64.0,32.3,48,0.0,10.5
Ahmedabad,23.0225,72.5714,2025-09-27 23:00:00,20.7,14.5,324.0,17.5,7.0,61.0,31.7,50,0.0,11.2
Ahmedabad,23.0225,72.5714,2025-09-28 00:00:00,20.0,13.4,297.0,16.4,6.4,58.0,31.3,51,0.0,12.3
Ahmedabad,23.0225,72.5714,2025-09-28 01:00:00,18.9,12.2,263.0,15.2,5.7,55.0,30.9,52,0.0,11.8
Ahmedabad,23.0225,72.5714,2025-09-28 02:00:00,17.6,11.1,239.0,14.0,5.2,53.0,30.6,52,0.0,11.3
Ahmedabad,23.0225,72.5714,2025-09-28 03:00:00,16.0,10.1,229.0,12.8,5.1,52.0,29.9,54,0.0,9.6
Ahmedabad,23.0225,72.5714,2025-09-28 04:00:00,14.8,9.7,229.0,11.7,5.3,51.0,29.6,55,0.0,11.5
Ahmedabad,23.0225,72.5714,2025-09-28 05:00:00,12.3,9.3,246.0,9.6,5.7,57.0,29.4,56,0.0,12.5
Ahmedabad,23.0225,72.5714,2025-09-28 06:00:00,12.8,9.7,293.0,11.4,6.2,55.0,29.7,59,0.0,12.8
Ahmedabad,23.0225,72.5714,2025-09-28 07:00:00,15.5,11.8,357.0,13.9,6.9,54.0,29.9,59,0.0,9.8
Ahmedabad,23.0225,72.5714,2025-09-28 08:00:00,18.5,14.5,399.0,15.1,7.6,59.0,31.2,55,0.0,9.9
Ahmedabad,23.0225,72.5714,2025-09-28 09:00:00,21.0,15.8,397.0,13.9,8.3,78.0,32.4,53,0.0,10.9
Ahmedabad,23.0225,72.5714,2025-09-28 10:00:00,23.7,17.6,374.0,11.6,9.0,105.0,32.2,57,0.0,10.4
Ahmedabad,23.0225,72.5714,2025-09-28 11:00:00,26.4,19.0,359.0,9.7,9.5,125.0,32.9,57,0.0,12.5
Ahmedabad,23.0225,72.5714,2025-09-28 12:00:00,26.4,20.4,366.0,8.6,9.9,134.0,32.3,61,0.1,8.7
Ahmedabad,23.0225,72.5714,2025-09-28 13:00:00,26.2,21.4,382.0,7.9,10.1,137.0,31.7,64,1.0,9.2
Ahmedabad,23.0225,72.5714,2025-09-28 14:00:00,24.9,21.0,399.0,8.8,10.2,133.0,29.5,77,1.3,5.3
Ahmedabad,23.0225,72.5714,2025-09-28 15:00:00,22.5,19.3,412.0,12.3,9.9,121.0,29.5,79,0.2,3.7
Ahmedabad,23.0225,72.5714,2025-09-28 16:00:00,20.4,18.6,426.0,17.4,9.5,103.0,29.6,79,0.1,6.0
Ahmedabad,23.0225,72.5714,2025-09-28 17:00:00,26.8,24.9,449.0,20.5,8.0,82.0,29.5,80,0.3,6.3
Ahmedabad,23.0225,72.5714,2025-09-28 18:00:00,25.8,24.7,500.0,19.8,8.2,79.0,27.5,93,2.5,9.5
Ahmedabad,23.0225,72.5714,2025-09-28 19:00:00,23.5,23.1,560.0,18.7,8.4,75.0,27.6,93,0.5,8.6
Ahmedabad,23.0225,72.5714,2025-09-28 20:00:00,24.4,24.2,586.0,17.6,8.5,71.0,27.4,94,1.0,13.9
Ahmedabad,23.0225,72.5714,2025-09-28 21:00:00,25.4,25.3,547.0,16.6,8.5,67.0,26.7,93,2.0,15.0
Ahmedabad,23.0225,72.5714,2025-09-28 22:00:00,25.3,25.3,473.0,15.5,8.5,63.0,26.3,92,2.9,16.2
Ahmedabad,23.0225,72.5714,2025-09-28 23:00:00,24.2,24.2,412.0,14.3,8.3,60.0,26.6,90,0.2,11.0
Ahmedabad,23.0225,72.5714,2025-09-29 00:00:00,21.7,21.6,384.0,12.6,7.9,58.0,26.4,91,0.4,8.4
Ahmedabad,23.0225,72.5714,2025-09-29 01:00:00,18.9,18.9,368.0,10.8,7.3,58.0,26.6,92,0.0,11.0
Ahmedabad,23.0225,72.5714,2025-09-29 02:00:00,16.8,16.8,357.0,9.6,7.0,57.0,26.9,89,0.0,13.5
Ahmedabad,23.0225,72.5714,2025-09-29 03:00:00,15.3,15.3,347.0,9.3,6.9,56.0,26.8,88,0.0,11.2
Ahmedabad,23.0225,72.5714,2025-09-29 04:00:00,14.1,14.1,340.0,9.5,7.0,56.0,26.7,87,0.0,9.3
Ahmedabad,23.0225,72.5714,2025-09-29 05:00:00,12.6,12.6,337.0,8.8,7.1,62.0,26.6,87,0.0,9.9
Ahmedabad,23.0225,72.5714,2025-09-29 06:00:00,13.4,13.3,344.0,9.7,8.4,62.0,26.9,85,0.0,13.0
Ahmedabad,23.0225,72.5714,2025-09-29 07:00:00,15.4,15.4,354.0,10.7,10.1,62.0,27.1,84,0.0,13.5
Ahmedabad,23.0225,72.5714,2025-09-29 08:00:00,16.9,16.9,348.0,10.8,11.4,67.0,27.9,79,0.0,16.3
Ahmedabad,23.0225,72.5714,2025-09-29 09:00:00,15.4,15.4,310.0,8.9,11.9,82.0,28.7,75,0.1,17.6
Ahmedabad,23.0225,72.5714,2025-09-29 10:00:00,13.1,13.0,255.0,6.0,11.9,103.0,29.4,72,0.0,17.1
Ahmedabad,23.0225,72.5714,2025-09-29 11:00:00,11.3,11.3,215.0,3.8,11.6,118.0,30.0,69,0.1,20.3
Ahmedabad,23.0225,72.5714,2025-09-29 12:00:00,9.9,9.9,202.0,2.9,10.4,122.0,30.0,68,0.0,18.5
Ahmedabad,23.0225,72.5714,2025-09-29 13:00:00,8.8,8.8,203.0,2.6,8.9,121.0,30.3,67,0.1,18.1
Ahmedabad,23.0225,72.5714,2025-09-29 14:00:00,8.3,8.2,211.0,3.1,8.3,118.0,31.1,63,0.0,20.0
Ahmedabad,23.0225,72.5714,2025-09-29 15:00:00,8.8,8.7,229.0,4.5,9.4,116.0,30.9,64,0.0,20.0
Ahmedabad,23.0225,72.5714,2025-09-29 16:00:00,11.1,10.9,254.0,6.7,11.5,112.0,29.4,73,0.1,17.6
Ahmedabad,23.0225,72.5714,2025-09-29 17:00:00,11.7,11.6,265.0,11.3,11.6,82.0,28.0,80,0.1,15.5
Ahmedabad,23.0225,72.5714,2025-09-29 18:00:00,12.4,12.2,250.0,12.5,12.9,78.0,27.0,85,0.2,17.4
Ahmedabad,23.0225,72.5714,2025-09-29 19:00:00,12.2,12.0,222.0,14.1,14.6,72.0,26.7,85,0.2,16.4
Ahmedabad,23.0225,72.5714,2025-09-29 20:00:00,11.6,11.4,202.0,15.1,15.7,68.0,26.4,85,0.1,16.4
Ahmedabad,23.0225,72.5714,2025-09-29 21:00:00,11.1,10.9,200.0,14.7,15.6,68.0,26.1,85,0.1,15.4
Ahmedabad,23.0225,72.5714,2025-09-29 22:00:00,11.4,11.0,207.0,13.6,14.9,69.0,25.7,86,0.1,14.7
Ahmedabad,23.0225,72.5714,2025-09-29 23:00:00,11.6,11.1,210.0,12.8,14.6,70.0,25.4,87,0.0,13.2
Ahmedabad,23.0225,72.5714,2025-09-30 00:00:00,12.0,11.3,205.0,12.7,15.1,70.0,25.3,88,0.0,12.3
Ahmedabad,23.0225,72.5714,2025-09-30 01:00:00,12.6,11.6,197.0,13.0,16.1,70.0,25.2,88,0.1,12.2
Ahmedabad,23.0225,72.5714,2025-09-30 02:00:00,13.2,11.8,193.0,13.5,17.3,68.0,25.1,88,0.1,11.3
Ahmedabad,23.0225,72.5714,2025-09-30 03:00:00,14.1,12.2,194.0,14.4,18.8,64.0,24.8,89,0.0,11.0
Ahmedabad,23.0225,72.5714,2025-09-30 04:00:00,15.9,13.3,197.0,15.5,20.6,59.0,24.5,90,0.0,10.7
Ahmedabad,23.0225,72.5714,2025-09-30 05:00:00,11.7,10.2,205.0,10.7,14.2,73.0,24.4,90,0.0,11.1
Ahmedabad,23.0225,72.5714,2025-09-30 06:00:00,12.3,10.6,222.0,11.7,15.9,71.0,25.0,90,0.0,10.4
Ahmedabad,23.0225,72.5714,2025-09-30 07:00:00,14.8,12.3,244.0,13.1,18.2,69.0,25.2,90,0.0,12.3
Ahmedabad,23.0225,72.5714,2025-09-30 08:00:00,17.3,13.7,253.0,13.4,19.8,71.0,25.6,89,0.0,12.2
Ahmedabad,23.0225,72.5714,2025-09-30 09:00:00,18.9,14.3,239.0,11.8,20.0,79.0,26.5,84,0.1,13.8
Ahmedabad,23.0225,72.5714,2025-09-30 10:00:00,20.8,15.4,212.0,9.2,19.5,92.0,27.3,81,0.0,12.2
Ahmedabad,23.0225,72.5714,2025-09-30 11:00:00,21.9,16.4,192.0,6.9,18.6,103.0,28.8,74,0.0,13.0
Ahmedabad,23.0225,72.5714,2025-09-30 12:00:00,23.7,18.2,187.0,5.3,17.1,113.0,29.3,68,0.1,15.9
Ahmedabad,23.0225,72.5714,2025-09-30 13:00:00,24.2,18.5,188.0,4.1,15.2,122.0,29.5,68,0.1,14.2
Ahmedabad,23.0225,72.5714,2025-09-30 14:00:00,22.9,17.6,190.0,3.7,13.6,126.0,30.1,64,0.1,16.0
Ahmedabad,23.0225,72.5714,2025-09-30 15:00:00,20.9,16.1,190.0,4.4,12.6,121.0,29.4,68,0.2,14.1
Ahmedabad,23.0225,72.5714,2025-09-30 16:00:00,18.7,14.3,190.0,5.9,12.0,110.0,29.0,69,0.0,15.5
Ahmedabad,23.0225,72.5714,2025-09-30 17:00:00,15.9,12.3,197.0,8.2,9.1,87.0,28.0,75,0.0,15.2
Ahmedabad,23.0225,72.5714,2025-09-30 18:00:00,17.1,13.4,217.0,10.9,10.2,78.0,27.1,80,0.1,12.8
Ahmedabad,23.0225,72.5714,2025-09-30 19:00:00,18.5,14.7,243.0,14.6,11.7,65.0,26.5,84,0.0,9.2
Ahmedabad,23.0225,72.5714,2025-09-30 20:00:00,20.0,15.9,259.0,17.4,13.3,55.0,26.3,85,0.0,9.3
Ahmedabad,23.0225,72.5714,2025-09-30 21:00:00,21.2,16.7,256.0,18.4,14.7,50.0,26.2,85,0.0,10.2
Ahmedabad,23.0225,72.5714,2025-09-30 22:00:00,22.3,17.5,243.0,18.5,16.1,47.0,26.0,85,0.0,10.5
Ahmedabad,23.0225,72.5714,2025-09-30 23:00:00,23.2,18.0,227.0,18.7,17.7,44.0,25.8,86,0.0,10.0
Ahmedabad,23.0225,72.5714,2025-10-01 00:00:00,24.1,18.3,206.0,19.5,19.7,41.0,25.4,87,0.0,9.0
Ahmedabad,23.0225,72.5714,2025-10-01 01:00:00,23.9,18.3,182.0,20.5,21.8,38.0,25.1,89,0.0,8.1
Ahmedabad,23.0225,72.5714,2025-10-01 02:00:00,23.6,18.1,170.0,21.1,23.4,35.0,24.8,90,0.0,8.1
Ahmedabad,23.0225,72.5714,2025-10-01 03:00:00,22.7,17.6,178.0,21.2,24.1,33.0,24.5,91,0.0,8.6
Ahmedabad,23.0225,72.5714,2025-10-01 04:00:00,21.1,16.5,198.0,20.9,24.2,31.0,24.3,91,0.0,8.9
Ahmedabad,23.0225,72.5714,2025-10-01 05:00:00,17.4,13.8,214.0,19.2,23.4,32.0,24.5,94,0.0,9.4
Ahmedabad,23.0225,72.5714,2025-10-01 06:00:00,16.7,13.3,221.0,18.4,23.2,33.0,24.6,93,0.0,9.6
Ahmedabad,23.0225,72.5714,2025-10-01 07:00:00,17.2,13.6,225.0,17.3,22.9,34.0,25.0,92,0.0,10.2
Ahmedabad,23.0225,72.5714,2025-10-01 08:00:00,17.6,14.3,223.0,16.1,22.4,37.0,25.5,89,0.0,12.1
Ahmedabad,23.0225,72.5714,2025-10-01 09:00:00,19.5,15.1,212.0,14.9,21.7,42.0,26.1,86,0.2,11.4
Ahmedabad,23.0225,72.5714,2025-10-01 10:00:00,21.0,15.1,196.0,13.7,20.7,49.0,27.4,81,0.0,10.6
Ahmedabad,23.0225,72.5714,2025-10-01 11:00:00,23.1,15.4,188.0,12.2,19.5,56.0,29.1,74,0.0,12.9
Ahmedabad,23.0225,72.5714,2025-10-01 12:00:00,22.8,15.8,193.0,9.9,17.6,65.0,30.0,70,0.0,13.0
Ahmedabad,23.0225,72.5714,2025-10-01 13:00:00,23.3,16.8,205.0,7.2,15.5,75.0,30.3,65,0.0,12.3
Ahmedabad,23.0225,72.5714,2025-10-01 14:00:00,21.1,15.6,218.0,5.9,14.4,82.0,30.9,66,0.2,11.4
Ahmedabad,23.0225,72.5714,2025-10-01 15:00:00,20.5,15.5,229.0,6.5,15.0,86.0,28.7,71,0.8,12.5
Ahmedabad,23.0225,72.5714,2025-10-01 16:00:00,19.0,15.4,240.0,8.3,16.7,87.0,29.1,71,0.0,8.3
Ahmedabad,23.0225,72.5714,2025-10-01 17:00:00,20.7,16.6,253.0,12.9,13.5,67.0,29.6,65,0.0,11.3
Ahmedabad,23.0225,72.5714,2025-10-01 18:00:00,22.2,18.3,274.0,17.6,15.3,57.0,28.5,72,0.0,8.5
Ahmedabad,23.0225,72.5714,2025-10-01 19:00:00,24.3,20.5,296.0,24.0,17.9,44.0,27.7,77,0.0,9.0
Ahmedabad,23.0225,72.5714,2025-10-01 20:00:00,25.0,21.2,304.0,28.8,20.3,33.0,27.3,78,0.0,10.3
Ahmedabad,23.0225,72.5714,2025-10-01 21:00:00,25.6,21.6,282.0,30.2,22.4,28.0,27.1,79,0.0,11.7
Ahmedabad,23.0225,72.5714,2025-10-01 22:00:00,25.2,21.4,245.0,29.9,24.4,26.0,26.6,82,0.0,12.1
Ahmedabad,23.0225,72.5714,2025-10-01 23:00:00,25.5,21.4,220.0,29.4,26.1,24.0,26.5,83,0.0,12.2
Ahmedabad,23.0225,72.5714,2025-10-02 00:00:00,25.6,21.2,221.0,29.2,27.6,22.0,26.2,84,0.0,11.7
Ahmedabad,23.0225,72.5714,2025-10-02 01:00:00,25.7,21.1,234.0,28.9,28.8,22.0,25.9,85,0.0,11.3
Ahmedabad,23.0225,72.5714,2025-10-02 02:00:00,25.1,20.3,238.0,28.1,29.3,21.0,25.6,86,0.0,10.7
Ahmedabad,23.0225,72.5714,2025-10-02 03:00:00,23.7,19.0,221.0,26.8,28.6,20.0,25.2,88,0.0,8.4
Ahmedabad,23.0225,72.5714,2025-10-02 04:00:00,21.5,17.2,196.0,25.0,27.2,19.0,25.1,89,0.0,7.5
Ahmedabad,23.0225,72.5714,2025-10-02 05:00:00,23.1,18.5,182.0,27.4,25.7,15.0,25.3,88,0.0,7.6
Ahmedabad,23.0225,72.5714,2025-10-02 06:00:00,21.6,17.5,193.0,24.2,26.0,19.0,25.4,87,0.0,7.8
Ahmedabad,23.0225,72.5714,2025-10-02 07:00:00,21.7,17.1,216.0,19.8,26.3,25.0,25.6,87,0.0,7.4
Ahmedabad,23.0225,72.5714,2025-10-02 08:00:00,21.0,15.9,229.0,15.9,26.3,33.0,26.4,82,0.0,12.6
Ahmedabad,23.0225,72.5714,2025-10-02 09:00:00,20.3,14.7,219.0,13.3,25.9,45.0,26.9,79,0.1,11.9
Ahmedabad,23.0225,72.5714,2025-10-02 10:00:00,21.8,15.3,199.0,11.4,25.3,60.0,27.9,75,0.1,11.3
Ahmedabad,23.0225,72.5714,2025-10-02 11:00:00,22.8,15.8,185.0,9.6,24.2,75.0,29.2,69,0.2,12.6
Ahmedabad,23.0225,72.5714,2025-10-02 12:00:00,22.7,16.1,182.0,7.5,22.4,90.0,30.2,67,0.2,10.9
Ahmedabad,23.0225,72.5714,2025-10-02 13:00:00,24.7,18.0,184.0,5.7,20.3,104.0,31.1,62,0.0,10.8
Ahmedabad,23.0225,72.5714,2025-10-02 14:00:00,24.9,18.9,194.0,5.3,18.6,112.0,30.0,67,0.1,11.7
Ahmedabad,23.0225,72.5714,2025-10-02 15:00:00,26.4,20.2,214.0,7.1,17.7,111.0,28.4,75,0.8,12.5
Ahmedabad,23.0225,72.5714,2025-10-02 16:00:00,28.2,22.1,241.0,10.2,17.3,105.0,27.0,83,0.4,8.4
Ahmedabad,23.0225,72.5714,2025-10-02 17:00:00,29.4,23.7,267.0,13.8,21.4,102.0,28.9,71,0.1,10.3
Ahmedabad,23.0225,72.5714,2025-10-02 18:00:00,29.5,25.1,293.0,17.2,22.8,88.0,27.7,78,0.0,9.6
Ahmedabad,23.0225,72.5714,2025-10-02 19:00:00,28.6,24.6,319.0,21.9,24.7,70.0,26.9,81,0.0,7.9
Ahmedabad,23.0225,72.5714,2025-10-02 20:00:00,27.6,23.6,337.0,25.7,26.2,53.0,26.4,84,0.1,7.4
Ahmedabad,23.0225,72.5714,2025-10-02 21:00:00,27.2,22.6,340.0,27.5,26.8,42.0,26.2,85,0.0,7.5
Ahmedabad,23.0225,72.5714,2025-10-02 22:00:00,27.8,22.5,335.0,28.2,27.0,33.0,26.0,86,0.2,6.3
Ahmedabad,23.0225,72.5714,2025-10-02 23:00:00,29.2,23.0,340.0,28.9,27.2,26.0,26.1,86,0.1,5.5
Ahmedabad,23.0225,72.5714,2025-10-03 00:00:00,29.4,22.7,368.0,29.7,27.9,22.0,26.0,87,0.0,4.9
Ahmedabad,23.0225,72.5714,2025-10-03 01:00:00,29.2,22.8,406.0,30.4,28.7,19.0,25.8,89,0.0,5.0
Ahmedabad,23.0225,72.5714,2025-10-03 02:00:00,28.1,22.2,427.0,31.0,28.9,17.0,25.5,90,0.0,6.0
Ahmedabad,23.0225,72.5714,2025-10-03 03:00:00,27.1,21.5,418.0,31.9,28.0,14.0,25.3,91,0.0,6.1
Ahmedabad,23.0225,72.5714,2025-10-03 04:00:00,26.8,21.4,393.0,32.6,26.5,11.0,25.1,91,0.0,6.2
Ahmedabad,23.0225,72.5714,2025-10-03 05:00:00,25.5,20.3,363.0,31.1,25.8,9.0,24.7,95,0.4,5.6
Ahmedabad,23.0225,72.5714,2025-10-03 06:00:00,23.9,19.2,331.0,28.3,26.9,13.0,24.8,95,0.1,6.6
Ahmedabad,23.0225,72.5714,2025-10-03 07:00:00,24.0,19.7,294.0,24.2,28.4,18.0,25.3,93,0.0,7.7
Ahmedabad,23.0225,72.5714,2025-10-03 08:00:00,22.2,16.7,261.0,20.3,29.0,26.0,26.4,87,0.0,8.6
Ahmedabad,23.0225,72.5714,2025-10-03 09:00:00,27.6,17.3,234.0,16.7,28.0,37.0,27.9,79,0.0,7.7
Ahmedabad,23.0225,72.5714,2025-10-03 10:00:00,32.8,18.6,211.0,13.2,26.2,50.0,29.3,71,0.0,7.6
Ahmedabad,23.0225,72.5714,2025-10-03 11:00:00,32.2,18.6,194.0,10.3,24.5,66.0,30.7,65,0.1,5.9
Ahmedabad,23.0225,72.5714,2025-10-03 12:00:00,28.9,18.1,185.0,8.0,23.3,86.0,31.6,60,0.0,5.6
Ahmedabad,23.0225,72.5714,2025-10-03 13:00:00,28.9,19.7,183.0,6.2,22.4,108.0,32.1,58,0.2,6.6
Ahmedabad,23.0225,72.5714,2025-10-03 14:00:00,31.1,21.9,187.0,5.4,21.6,124.0,32.3,58,0.0,6.5
Ahmedabad,23.0225,72.5714,2025-10-03 15:00:00,32.6,23.4,199.0,4.2,20.9,131.0,32.3,57,0.0,6.4
Ahmedabad,23.0225,72.5714,2025-10-03 16:00:00,33.9,24.0,217.0,3.9,20.5,132.0,31.5,58,0.0,9.6
Ahmedabad,23.0225,72.5714,2025-10-03 17:00:00,38.2,24.8,232.0,9.8,19.7,114.0,30.0,69,0.0,8.4
Ahmedabad,23.0225,72.5714,2025-10-03 18:00:00,42.0,29.6,243.0,23.2,21.3,90.0,29.2,73,0.0,6.3
Ahmedabad,23.0225,72.5714,2025-10-03 19:00:00,48.8,34.9,251.0,41.5,23.4,56.0,28.5,76,0.0,5.9
Ahmedabad,23.0225,72.5714,2025-10-03 20:00:00,57.0,42.0,256.0,54.8,24.7,29.0,28.0,78,0.0,5.2
Ahmedabad,23.0225,72.5714,2025-10-03 21:00:00,65.2,49.0,259.0,59.2,25.1,17.0,27.6,80,0.0,6.4
Ahmedabad,23.0225,72.5714,2025-10-03 22:00:00,70.3,51.7,258.0,58.5,24.6,12.0,26.9,83,0.0,7.8
Ahmedabad,23.0225,72.5714,2025-10-03 23:00:00,63.1,43.9,253.0,54.2,22.7,10.0,26.9,84,0.0,5.5
Ahmedabad,23.0225,72.5714,2025-10-04 00:00:00,49.6,32.2,239.0,44.3,18.0,11.0,26.9,86,0.0,5.6
Ahmedabad,23.0225,72.5714,2025-10-04 01:00:00,37.8,23.0,219.0,30.7,11.7,16.0,26.6,88,0.0,6.2
Ahmedabad,23.0225,72.5714,2025-10-04 02:00:00,31.8,18.3,205.0,20.4,6.9,19.0,26.3,90,0.0,5.9
Ahmedabad,23.0225,72.5714,2025-10-04 03:00:00,28.5,16.2,197.0,16.8,5.0,19.0,26.0,90,0.0,5.6
Ahmedabad,23.0225,72.5714,2025-10-04 04:00:00,26.2,15.2,195.0,16.5,4.6,17.0,25.7,91,0.0,5.4
Ahmedabad,23.0225,72.5714,2025-10-04 05:00:00,23.9,14.8,205.0,15.8,4.7,18.0,25.3,92,0.0,4.2
Ahmedabad,23.0225,72.5714,2025-10-04 06:00:00,23.9,15.1,243.0,15.2,5.5,20.0,25.5,91,0.0,1.7
Ahmedabad,23.0225,72.5714,2025-10-04 07:00:00,26.9,17.9,293.0,14.3,6.7,25.0,25.7,89,0.0,2.3
Ahmedabad,23.0225,72.5714,2025-10-04 08:00:00,31.7,18.8,315.0,12.7,7.6,33.0,26.9,82,0.0,2.9
Ahmedabad,23.0225,72.5714,2025-10-04 09:00:00,38.3,20.1,281.0,10.0,8.1,50.0,28.6,69,0.0,4.6
Ahmedabad,23.0225,72.5714,2025-10-04 10:00:00,43.5,20.9,218.0,6.7,8.2,71.0,30.1,59,0.0,5.7
Ahmedabad,23.0225,72.5714,2025-10-04 11:00:00,47.8,21.0,170.0,4.1,8.1,87.0,31.1,53,0.0,6.5
Ahmedabad,23.0225,72.5714,2025-10-04 12:00:00,51.9,21.3,154.0,2.7,7.4,95.0,32.2,49,0.0,7.3
Ahmedabad,23.0225,72.5714,2025-10-04 13:00:00,55.5,21.2,152.0,2.1,6.4,97.0,32.5,50,0.0,8.0
Ahmedabad,23.0225,72.5714,2025-10-04 14:00:00,56.6,21.0,155.0,2.5,5.7,97.0,32.9,49,0.0,7.8
Ahmedabad,23.0225,72.5714,2025-10-04 15:00:00,54.7,20.4,159.0,2.9,5.1,95.0,32.8,49,0.1,7.9
Ahmedabad,23.0225,72.5714,2025-10-04 16:00:00,51.9,19.6,167.0,4.2,4.8,89.0,32.5,50,0.0,6.7
Ahmedabad,23.0225,72.5714,2025-10-04 17:00:00,43.7,18.7,180.0,10.2,4.8,73.0,31.8,51,0.0,8.7
Ahmedabad,23.0225,72.5714,2025-10-04 18:00:00,52.3,27.6,204.0,25.5,8.1,55.0,31.0,54,0.0,6.7
Ahmedabad,23.0225,72.5714,2025-10-04 19:00:00,62.2,37.5,234.0,46.1,12.5,31.0,30.5,59,0.0,5.5
Ahmedabad,23.0225,72.5714,2025-10-04 20:00:00,63.1,40.0,254.0,58.4,15.2,14.0,29.6,65,0.0,8.1
Ahmedabad,23.0225,72.5714,2025-10-04 21:00:00,53.7,34.7,255.0,54.5,14.8,12.0,28.5,72,0.0,8.1
Ahmedabad,23.0225,72.5714,2025-10-04 22:00:00,45.3,29.6,246.0,42.2,12.7,19.0,27.9,75,0.0,7.3
Ahmedabad,23.0225,72.5714,2025-10-04 23:00:00,39.0,25.6,235.0,31.3,10.5,24.0,27.4,79,0.0,7.4
Ahmedabad,23.0225,72.5714,2025-10-05 00:00:00,33.8,21.8,222.0,25.2,8.6,26.0,27.0,80,0.0,8.6
Ahmedabad,23.0225,72.5714,2025-10-05 01:00:00,29.7,19.0,206.0,20.5,6.6,27.0,26.6,80,0.0,8.7
Ahmedabad,23.0225,72.5714,2025-10-05 02:00:00,26.6,17.1,199.0,17.1,5.1,27.0,26.2,81,0.0,7.5
Ahmedabad,23.0225,72.5714,2025-10-05 03:00:00,24.6,16.1,206.0,15.3,4.5,25.0,25.8,83,0.0,7.6
Ahmedabad,23.0225,72.5714,2025-10-05 04:00:00,24.0,15.7,220.0,14.8,4.5,22.0,25.6,84,0.0,7.6
Ahmedabad,23.0225,72.5714,2025-10-05 05:00:00,23.4,15.4,234.0,12.7,4.8,25.0,26.0,86,0.0,6.8
Ahmedabad,23.0225,72.5714,2025-10-05 06:00:00,23.5,15.4,249.0,12.0,5.5,29.0,26.1,85,0.0,6.4
Ahmedabad,23.0225,72.5714,2025-10-05 07:00:00,26.5,16.8,264.0,10.8,6.4,35.0,26.4,84,0.0,5.5
Ahmedabad,23.0225,72.5714,2025-10-05 08:00:00,28.8,16.8,264.0,9.4,7.0,43.0,27.5,79,0.0,6.2
Ahmedabad,23.0225,72.5714,2025-10-05 09:00:00,30.7,16.9,237.0,7.3,6.8,56.0,28.8,71,0.0,6.3
Ahmedabad,23.0225,72.5714,2025-10-05 10:00:00,32.8,16.6,196.0,4.9,6.3,71.0,30.3,62,0.1,5.9
Ahmedabad,23.0225,72.5714,2025-10-05 11:00:00,33.1,16.3,165.0,3.1,5.8,83.0,30.9,56,0.2,7.5
Ahmedabad,23.0225,72.5714,2025-10-05 12:00:00,31.5,15.5,154.0,2.2,5.5,89.0,31.8,54,0.1,7.8
Ahmedabad,23.0225,72.5714,2025-10-05 13:00:00,29.9,15.1,152.0,2.0,5.3,92.0,32.1,52,0.1,8.6
Ahmedabad,23.0225,72.5714,2025-10-05 14:00:00,30.3,16.1,154.0,2.5,5.2,92.0,32.5,51,0.1,9.0
Ahmedabad,23.0225,72.5714,2025-10-05 15:00:00,27.5,15.5,157.0,3.7,5.1,89.0,32.1,52,0.0,9.1
Ahmedabad,23.0225,72.5714,2025-10-05 16:00:00,23.4,14.2,163.0,5.7,5.2,84.0,32.2,51,0.0,9.8
Ahmedabad,23.0225,72.5714,2025-10-05 17:00:00,20.8,14.7,172.0,9.1,5.7,77.0,31.3,54,0.0,10.7
Ahmedabad,23.0225,72.5714,2025-10-05 18:00:00,21.9,17.3,187.0,13.2,6.4,66.0,30.3,60,0.0,9.1
Ahmedabad,23.0225,72.5714,2025-10-05 19:00:00,22.2,18.7,205.0,18.7,7.3,51.0,28.8,70,0.0,9.4
Ahmedabad,23.0225,72.5714,2025-10-05 20:00:00,21.0,18.3,221.0,22.1,7.8,40.0,28.2,73,0.0,9.0
Ahmedabad,23.0225,72.5714,2025-10-05 21:00:00,18.9,16.6,238.0,21.2,7.7,38.0,27.9,75,0.0,8.4
Ahmedabad,23.0225,72.5714,2025-10-05 22:00:00,17.8,15.7,253.0,18.1,7.2,40.0,27.4,77,0.0,9.2
Ahmedabad,23.0225,72.5714,2025-10-05 23:00:00,16.4,14.4,256.0,15.4,6.7,42.0,26.5,78,0.2,9.2
Ahmedabad,23.0225,72.5714,2025-10-06 00:00:00,14.7,12.5,234.0,13.9,6.2,41.0,26.1,81,0.0,7.1
Ahmedabad,23.0225,72.5714,2025-10-06 01:00:00,14.1,11.6,198.0,12.7,5.7,39.0,25.9,81,0.0,6.1
Ahmedabad,23.0225,72.5714,2025-10-06 02:00:00,14.1,11.5,177.0,12.1,5.3,36.0,25.7,83,0.0,6.1
Ahmedabad,23.0225,72.5714,2025-10-06 03:00:00,14.0,11.3,184.0,12.5,5.1,31.0,25.4,85,0.0,7.0
Ahmedabad,23.0225,72.5714,2025-10-06 04:00:00,14.2,11.2,204.0,13.4,5.1,25.0,25.3,86,0.0,9.5
Ahmedabad,23.0225,72.5714,2025-10-06 05:00:00,14.2,10.7,221.0,12.7,5.2,22.0,24.7,95,0.0,8.0
Ahmedabad,23.0225,72.5714,2025-10-06 06:00:00,14.1,10.5,230.0,11.6,5.4,25.0,24.9,94,0.0,8.3
Ahmedabad,23.0225,72.5714,2025-10-06 07:00:00,16.1,11.0,235.0,9.9,5.7,29.0,25.2,92,0.0,8.4
Ahmedabad,23.0225,72.5714,2025-10-06 08:00:00,15.8,10.8,231.0,8.2,5.8,36.0,26.2,86,0.0,10.0
Ahmedabad,23.0225,72.5714,2025-10-06 09:00:00,16.1,10.7,211.0,6.3,5.6,47.0,27.6,77,0.1,9.2
Ahmedabad,23.0225,72.5714,2025-10-06 10:00:00,16.1,10.5,183.0,4.3,5.3,61.0,28.7,70,0.1,9.6
Ahmedabad,23.0225,72.5714,2025-10-06 11:00:00,15.7,10.2,162.0,2.9,5.0,72.0,29.8,61,0.1,10.0
Ahmedabad,23.0225,72.5714,2025-10-06 12:00:00,14.8,9.5,154.0,2.1,4.7,78.0,30.4,57,0.0,11.6
Ahmedabad,23.0225,72.5714,2025-10-06 13:00:00,13.6,9.0,153.0,1.9,4.4,80.0,30.8,54,0.1,12.5
Ahmedabad,23.0225,72.5714,2025-10-06 14:00:00,12.1,8.3,158.0,2.4,4.2,81.0,31.3,52,0.3,12.9
Ahmedabad,23.0225,72.5714,2025-10-06 15:00:00,10.7,7.8,170.0,3.8,4.2,80.0,31.4,51,0.4,13.4
Ahmedabad,23.0225,72.5714,2025-10-06 16:00:00,9.5,7.3,189.0,6.0,4.3,76.0,31.1,52,0.2,11.8
Ahmedabad,23.0225,72.5714,2025-10-06 17:00:00,11.4,9.3,206.0,8.0,4.2,70.0,30.3,58,0.1,10.5
Ahmedabad,23.0225,72.5714,2025-10-06 18:00:00,15.3,13.5,220.0,11.9,5.5,63.0,28.8,67,0.0,9.1
Ahmedabad,23.0225,72.5714,2025-10-06 19:00:00,18.7,16.6,233.0,17.3,7.2,52.0,26.8,77,0.3,12.1
Ahmedabad,23.0225,72.5714,2025-10-06 20:00:00,18.5,16.4,247.0,20.8,8.3,44.0,26.4,81,0.3,6.6
Ahmedabad,23.0225,72.5714,2025-10-06 21:00:00,18.5,16.2,269.0,20.7,8.3,40.0,25.8,83,0.0,8.6
Ahmedabad,23.0225,72.5714,2025-10-06 22:00:00,18.3,16.2,292.0,18.8,7.7,39.0,25.5,84,0.0,7.8
Ahmedabad,23.0225,72.5714,2025-10-06 23:00:00,17.5,15.4,299.0,16.8,7.0,38.0,25.7,88,0.0,6.7
Ahmedabad,23.0225,72.5714,2025-10-07 00:00:00,16.5,14.0,278.0,15.1,6.4,37.0,25.7,87,0.1,7.4
Ahmedabad,23.0225,72.5714,2025-10-07 01:00:00,16.4,12.9,242.0,13.4,5.7,36.0,25.4,89,0.1,3.8
Ahmedabad,23.0225,72.5714,2025-10-07 02:00:00,16.6,12.2,212.0,12.3,5.3,35.0,24.7,91,0.4,5.2
Ahmedabad,23.0225,72.5714,2025-10-07 03:00:00,17.2,11.9,194.0,12.4,5.4,31.0,24.9,90,0.1,6.4
Ahmedabad,23.0225,72.5714,2025-10-07 04:00:00,17.5,11.9,182.0,13.2,5.8,27.0,24.8,91,0.0,6.2
Ahmedabad,23.0225,72.5714,2025-10-07 05:00:00,23.7,12.1,178.0,8.4,4.5,35.0,24.5,93,0.0,6.4
Ahmedabad,23.0225,72.5714,2025-10-07 06:00:00,23.1,12.2,188.0,7.7,4.4,37.0,24.1,94,0.0,6.5
Ahmedabad,23.0225,72.5714,2025-10-07 07:00:00,28.8,13.3,206.0,6.8,4.1,39.0,24.3,93,0.0,5.7
Ahmedabad,23.0225,72.5714,2025-10-07 08:00:00,29.6,13.5,215.0,5.7,3.9,45.0,25.3,87,0.0,8.9
Ahmedabad,23.0225,72.5714,2025-10-07 09:00:00,38.3,14.6,204.0,4.4,3.6,56.0,26.8,77,0.1,8.0
Ahmedabad,23.0225,72.5714,2025-10-07 10:00:00,58.1,17.1,184.0,3.0,3.3,70.0,28.1,69,0.0,6.0
Ahmedabad,23.0225,72.5714,2025-10-07 11:00:00,70.3,18.9,168.0,2.0,3.1,81.0,29.7,59,0.0,6.7
Ahmedabad,23.0225,72.5714,2025-10-07 12:00:00,84.3,20.7,161.0,1.3,3.0,88.0,30.8,51,0.0,6.7
Ahmedabad,23.0225,72.5714,2025-10-07 13:00:00,103.8,23.2,158.0,1.0,2.9,92.0,31.6,45,0.0,6.7
Ahmedabad,23.0225,72.5714,2025-10-07 14:00:00,122.0,25.6,159.0,2.0,3.0,94.0,32.0,42,0.0,6.7
Ahmedabad,23.0225,72.5714,2025-10-07 15:00:00,132.2,27.2,158.0,3.2,3.1,94.0,32.1,42,0.0,6.8
Ahmedabad,23.0225,72.5714,2025-10-07 16:00:00,134.6,28.1,162.0,5.7,3.3,91.0,31.8,42,0.0,6.0
Ahmedabad,23.0225,72.5714,2025-10-07 17:00:00,148.1,36.4,191.0,12.7,4.9,84.0,31.4,43,0.0,5.1
Ahmedabad,23.0225,72.5714,2025-10-07 18:00:00,168.1,47.8,274.0,33.7,9.3,63.0,30.7,45,0.0,2.1
Ahmedabad,23.0225,72.5714,2025-10-07 19:00:00,182.5,59.8,382.0,62.6,15.3,34.0,29.7,51,0.0,3.1
Ahmedabad,23.0225,72.5714,2025-10-07 20:00:00,193.2,70.3,446.0,83.8,20.2,12.0,28.7,58,0.0,2.9
Ahmedabad,23.0225,72.5714,2025-10-07 21:00:00,197.9,77.3,426.0,90.5,23.0,4.0,27.9,62,0.0,7.4
Ahmedabad,23.0225,72.5714,2025-10-07 22:00:00,198.4,81.3,363.0,89.5,24.7,3.0,26.7,67,0.0,8.8
Ahmedabad,23.0225,72.5714,2025-10-07 23:00:00,193.7,81.3,307.0,85.7,25.0,3.0,26.5,66,0.0,7.6
Ahmedabad,23.0225,72.5714,2025-10-08 00:00:00,182.1,76.1,277.0,79.5,23.4,3.0,26.1,72,0.0,6.7
Ahmedabad,23.0225,72.5714,2025-10-08 01:00:00,167.2,69.6,255.0,70.5,20.6,5.0,25.5,77,0.0,6.3
Ahmedabad,23.0225,72.5714,2025-10-08 02:00:00,153.7,63.3,240.0,62.4,17.9,6.0,24.9,82,0.0,7.2
Ahmedabad,23.0225,72.5714,2025-10-08 03:00:00,143.4,57.7,228.0,56.6,15.9,5.0,24.6,85,0.0,6.1
Ahmedabad,23.0225,72.5714,2025-10-08 04:00:00,134.6,52.7,222.0,51.7,14.1,4.0,24.3,84,0.0,6.0
Ahmedabad,23.0225,72.5714,2025-10-08 05:00:00,107.6,40.4,231.0,41.1,9.9,10.0,25.2,74,0.0,5.6
Ahmedabad,23.0225,72.5714,2025-10-08 06:00:00,98.3,36.3,270.0,35.4,9.5,21.0,25.6,73,0.0,4.3
Ahmedabad,23.0225,72.5714,2025-10-08 07:00:00,90.8,37.7,324.0,27.3,8.9,38.0,25.8,73,0.0,2.5
Ahmedabad,23.0225,72.5714,2025-10-08 08:00:00,88.2,35.6,350.0,19.8,8.3,56.0,27.1,71,0.0,2.7
Ahmedabad,23.0225,72.5714,2025-10-08 09:00:00,95.2,34.6,324.0,13.5,7.8,78.0,28.9,64,0.0,2.7
Ahmedabad,23.0225,72.5714,2025-10-08 10:00:00,106.4,36.6,272.0,7.7,7.4,103.0,30.5,51,0.0,2.4
Ahmedabad,23.0225,72.5714,2025-10-08 11:00:00,134.6,36.7,227.0,3.6,7.0,121.0,31.6,43,0.0,2.0
Ahmedabad,23.0225,72.5714,2025-10-08 12:00:00,147.1,37.4,201.0,1.5,6.5,130.0,32.5,38,0.0,2.6
Ahmedabad,23.0225,72.5714,2025-10-08 13:00:00,145.8,38.5,182.0,1.1,6.0,134.0,33.1,35,0.0,3.9
Ahmedabad,23.0225,72.5714,2025-10-08 14:00:00,142.5,39.3,173.0,2.5,5.8,133.0,33.3,33,0.0,5.7
Ahmedabad,23.0225,72.5714,2025-10-08 15:00:00,139.2,39.8,172.0,4.5,5.6,130.0,33.3,32,0.0,6.5
Ahmedabad,23.0225,72.5714,2025-10-08 16:00:00,136.4,40.3,179.0,8.2,5.6,123.0,33.0,32,0.0,6.7
Ahmedabad,23.0225,72.5714,2025-10-08 17:00:00,132.2,43.1,202.0,17.5,6.8,111.0,32.3,30,0.0,3.9
Ahmedabad,23.0225,72.5714,2025-10-08 18:00:00,147.1,57.9,232.0,38.2,11.1,86.0,31.0,36,0.0,5.5
Ahmedabad,23.0225,72.5714,2025-10-08 19:00:00,159.7,69.2,277.0,66.6,17.1,53.0,30.3,38,0.0,5.8
Ahmedabad,23.0225,72.5714,2025-10-08 20:00:00,168.1,76.6,365.0,87.1,22.0,27.0,30.1,38,0.0,4.2
Ahmedabad,23.0225,72.5714,2025-10-08 21:00:00,172.3,79.6,536.0,92.5,25.1,18.0,29.5,39,0.0,7.5
Ahmedabad,23.0225,72.5714,2025-10-08 22:00:00,173.2,79.6,750.0,89.9,27.0,17.0,28.4,42,0.0,6.8
Ahmedabad,23.0225,72.5714,2025-10-08 23:00:00,170.9,76.6,915.0,85.1,27.1,17.0,27.9,48,0.0,7.9
Ahmedabad,23.0225,72.5714,2025-10-09 00:00:00,163.9,69.8,1007.0,79.0,24.4,17.0,27.2,48,0.0,5.0
Ahmedabad,23.0225,72.5714,2025-10-09 01:00:00,156.9,63.6,1051.0,70.7,19.9,19.0,26.6,49,0.0,3.2
Ahmedabad,23.0225,72.5714,2025-10-09 02:00:00,149.9,58.4,1023.0,62.8,15.9,20.0,26.4,50,0.0,4.0
Ahmedabad,23.0225,72.5714,2025-10-09 03:00:00,143.9,55.1,870.0,56.2,13.1,18.0,25.8,51,0.0,6.7
Ahmedabad,23.0225,72.5714,2025-10-09 04:00:00,136.0,53.1,647.0,50.0,10.8,16.0,25.3,53,0.0,5.8
Ahmedabad,23.0225,72.5714,2025-10-09 05:00:00,147.6,68.7,493.0,71.8,15.3,2.0,25.0,61,0.0,7.8
Ahmedabad,23.0225,72.5714,2025-10-09 06:00:00,118.7,58.0,496.0,60.5,14.1,12.0,24.9,66,0.0,7.9
Ahmedabad,23.0225,72.5714,2025-10-09 07:00:00,108.3,56.3,569.0,44.5,12.6,27.0,24.7,69,0.0,8.4
Ahmedabad,23.0225,72.5714,2025-10-09 08:00:00,88.7,52.7,593.0,30.4,11.7,49.0,26.0,64,0.0,5.5
Ahmedabad,23.0225,72.5714,2025-10-09 09:00:00,95.2,52.0,499.0,20.1,12.5,83.0,28.5,53,0.0,4.1
Ahmedabad,23.0225,72.5714,2025-10-09 10:00:00,106.2,52.0,355.0,11.6,14.0,124.0,31.1,43,0.0,4.9
Ahmedabad,23.0225,72.5714,2025-10-09 11:00:00,113.6,50.3,248.0,5.6,14.5,153.0,32.5,33,0.0,4.8
Ahmedabad,23.0225,72.5714,2025-10-09 12:00:00,109.2,43.9,215.0,2.3,12.7,162.0,33.1,30,0.0,5.1
Ahmedabad,23.0225,72.5714,2025-10-09 13:00:00,104.3,42.3,219.0,1.4,9.9,159.0,33.7,27,0.0,4.9
Ahmedabad,23.0225,72.5714,2025-10-09 14:00:00,101.5,42.0,231.0,2.6,7.8,153.0,33.6,27,0.0,4.7
Ahmedabad,23.0225,72.5714,2025-10-09 15:00:00,99.0,41.9,236.0,5.1,6.9,147.0,33.4,28,0.0,3.1
Ahmedabad,23.0225,72.5714,2025-10-09 16:00:00,97.1,42.0,250.0,9.8,6.8,139.0,32.8,28,0.0,0.9
Ahmedabad,23.0225,72.5714,2025-10-09 17:00:00,117.8,53.4,295.0,17.5,10.8,140.0,32.5,26,0.0,4.1
Ahmedabad,23.0225,72.5714,2025-10-09 18:00:00,128.5,65.7,383.0,35.9,14.2,113.0,31.6,30,0.0,6.9
Ahmedabad,23.0225,72.5714,2025-10-09 19:00:00,139.2,75.7,501.0,61.3,19.0,76.0,31.1,31,0.0,8.6
Ahmedabad,23.0225,72.5714,2025-10-09 20:00:00,146.7,82.4,632.0,80.0,23.1,48.0,31.1,31,0.0,6.4
Ahmedabad,23.0225,72.5714,2025-10-09 21:00:00,150.9,86.1,789.0,86.2,26.4,37.0,30.4,33,0.0,0.7
Ahmedabad,23.0225,72.5714,2025-10-09 22:00:00,153.7,88.5,958.0,85.7,29.0,34.0,28.9,36,0.0,1.4
Ahmedabad,23.0225,72.5714,2025-10-09 23:00:00,155.1,89.6,1079.0,82.5,29.8,34.0,28.0,43,0.0,0.4
Ahmedabad,23.0225,72.5714,2025-10-10 00:00:00,150.4,85.2,1127.0,76.6,27.8,35.0,27.8,45,0.0,4.0
Ahmedabad,23.0225,72.5714,2025-10-10 01:00:00,143.0,78.0,1126.0,68.0,23.9,38.0,27.2,49,0.0,6.7
Ahmedabad,23.0225,72.5714,2025-10-10 02:00:00,138.8,75.0,1089.0,59.9,20.1,39.0,26.6,53,0.0,4.2
Ahmedabad,23.0225,72.5714,2025-10-10 03:00:00,133.6,74.7,999.0,53.5,16.5,34.0,26.0,56,0.0,3.8
Ahmedabad,23.0225,72.5714,2025-10-10 04:00:00,115.7,67.8,873.0,47.8,13.0,26.0,25.5,59,0.0,5.4
Ahmedabad,23.0225,72.5714,2025-10-10 05:00:00,125.7,77.8,771.0,64.0,19.3,11.0,24.2,72,0.0,7.1
Ahmedabad,23.0225,72.5714,2025-10-10 06:00:00,102.2,66.6,733.0,54.7,17.6,17.0,24.4,66,0.0,7.2
Ahmedabad,23.0225,72.5714,2025-10-10 07:00:00,93.1,62.6,720.0,41.5,15.4,27.0,24.7,60,0.0,6.1
Ahmedabad,23.0225,72.5714,2025-10-10 08:00:00,81.5,58.9,674.0,29.7,14.5,46.0,26.1,50,0.0,4.7
Ahmedabad,23.0225,72.5714,2025-10-10 09:00:00,78.5,55.2,552.0,20.7,16.4,84.0,28.4,43,0.0,5.4
Ahmedabad,23.0225,72.5714,2025-10-10 10:00:00,77.5,52.7,397.0,13.1,19.6,131.0,30.5,35,0.0,6.0
Ahmedabad,23.0225,72.5714,2025-10-10 11:00:00,83.8,53.2,281.0,7.4,21.2,166.0,32.4,27,0.0,6.6
Ahmedabad,23.0225,72.5714,2025-10-10 12:00:00,97.1,55.5,238.0,3.9,19.7,177.0,33.1,25,0.0,6.7
Ahmedabad,23.0225,72.5714,2025-10-10 13:00:00,109.0,55.6,234.0,2.4,16.6,175.0,33.8,23,0.0,7.6
Ahmedabad,23.0225,72.5714,2025-10-10 14:00:00,113.9,54.5,239.0,2.9,14.1,170.0,34.0,23,0.0,10.0
Ahmedabad,23.0225,72.5714,2025-10-10 15:00:00,112.2,53.7,239.0,4.4,12.6,165.0,33.7,23,0.0,9.4
Ahmedabad,23.0225,72.5714,2025-10-10 16:00:00,109.4,53.2,248.0,7.9,11.6,156.0,33.1,24,0.0,9.8
Ahmedabad,23.0225,72.5714,2025-10-10 17:00:00,90.6,49.1,275.0,15.5,11.3,134.0,32.2,22,0.0,7.3
Ahmedabad,23.0225,72.5714,2025-10-10 18:00:00,99.9,58.8,328.0,31.8,14.8,110.0,31.4,24,0.0,2.9
Ahmedabad,23.0225,72.5714,2025-10-10 19:00:00,110.1,68.5,399.0,54.4,19.7,77.0,30.6,27,0.0,5.2
Ahmedabad,23.0225,72.5714,2025-10-10 20:00:00,118.5,76.1,476.0,72.5,24.8,50.0,29.7,32,0.0,5.6
Ahmedabad,23.0225,72.5714,2025-10-10 21:00:00,124.8,81.5,557.0,81.5,30.0,37.0,29.4,33,0.0,3.3
Ahmedabad,23.0225,72.5714,2025-10-10 22:00:00,130.9,86.8,644.0,85.8,35.3,30.0,27.9,37,0.0,4.2
Ahmedabad,23.0225,72.5714,2025-10-10 23:00:00,135.0,90.3,724.0,88.2,39.0,26.0,26.7,47,0.0,6.0
Ahmedabad,23.0225,72.5714,2025-10-11 00:00:00,136.0,90.8,811.0,89.8,40.7,24.0,26.6,50,0.0,2.3
Ahmedabad,23.0225,72.5714,2025-10-11 01:00:00,136.4,91.5,891.0,89.3,40.8,24.0,25.8,53,0.0,4.0
Ahmedabad,23.0225,72.5714,2025-10-11 02:00:00,136.9,92.4,919.0,85.9,38.6,24.0,25.2,55,0.0,4.7
Ahmedabad,23.0225,72.5714,2025-10-11 03:00:00,131.8,90.3,849.0,77.9,32.6,21.0,24.9,56,0.0,3.8
Ahmedabad,23.0225,72.5714,2025-10-11 04:00:00,116.4,80.6,726.0,67.0,24.4,18.0,24.3,58,0.0,4.7
Ahmedabad,23.0225,72.5714,2025-10-11 05:00:00,117.8,81.7,637.0,72.1,23.3,8.0,23.9,62,0.0,5.8
Ahmedabad,23.0225,72.5714,2025-10-11 06:00:00,100.6,71.7,637.0,62.4,21.1,16.0,23.0,64,0.0,7.1
Ahmedabad,23.0225,72.5714,2025-10-11 07:00:00,88.7,66.6,670.0,48.6,18.2,28.0,22.9,63,0.0,5.7
Ahmedabad,23.0225,72.5714,2025-10-11 08:00:00,70.3,56.5,656.0,35.6,16.4,49.0,24.5,55,0.0,4.0
Ahmedabad,23.0225,72.5714,2025-10-11 09:00:00,61.9,49.4,539.0,24.2,17.0,85.0,27.3,45,0.0,4.2
Ahmedabad,23.0225,72.5714,2025-10-11 10:00:00,53.1,41.9,374.0,13.7,18.8,130.0,30.4,33,0.0,5.7
Ahmedabad,23.0225,72.5714,2025-10-11 11:00:00,49.4,39.5,252.0,6.0,19.4,162.0,32.2,23,0.0,8.6
Ahmedabad,23.0225,72.5714,2025-10-11 12:00:00,45.5,36.6,215.0,2.3,17.7,172.0,33.0,22,0.0,7.8
Ahmedabad,23.0225,72.5714,2025-10-11 13:00:00,41.3,32.2,220.0,1.6,14.8,170.0,33.3,21,0.0,8.0
Ahmedabad,23.0225,72.5714,2025-10-11 14:00:00,39.7,31.0,230.0,2.7,12.6,164.0,33.3,21,0.0,9.1
Ahmedabad,23.0225,72.5714,2025-10-11 15:00:00,38.4,30.2,226.0,5.1,11.5,156.0,33.1,21,0.0,9.5
Ahmedabad,23.0225,72.5714,2025-10-11 16:00:00,36.9,29.7,226.0,9.4,11.0,144.0,32.7,21,0.0,9.6
Ahmedabad,23.0225,72.5714,2025-10-11 17:00:00,31.0,26.8,248.0,14.5,11.1,130.0,32.2,23,0.0,10.1
Ahmedabad,23.0225,72.5714,2025-10-11 18:00:00,41.1,37.0,300.0,29.9,14.0,109.0,31.7,24,0.0,7.6
Ahmedabad,23.0225,72.5714,2025-10-11 19:00:00,49.8,45.6,374.0,51.1,18.2,79.0,31.5,24,0.0,5.1
Ahmedabad,23.0225,72.5714,2025-10-11 20:00:00,56.2,51.9,456.0,67.3,21.6,56.0,30.8,26,0.0,4.7
Ahmedabad,23.0225,72.5714,2025-10-11 21:00:00,60.1,55.6,556.0,73.7,24.0,45.0,28.8,31,0.0,5.9
Ahmedabad,23.0225,72.5714,2025-10-11 22:00:00,64.3,59.6,664.0,75.1,25.8,41.0,27.6,36,0.0,3.0
Ahmedabad,23.0225,72.5714,2025-10-11 23:00:00,67.8,62.9,745.0,74.7,26.1,37.0,27.2,38,0.0,5.0
Ahmedabad,23.0225,72.5714,2025-10-12 00:00:00,67.8,62.9,785.0,73.7,24.0,31.0,26.8,38,0.0,7.4
Ahmedabad,23.0225,72.5714,2025-10-12 01:00:00,67.3,62.2,797.0,71.0,20.3,27.0,26.4,40,0.0,7.8
Ahmedabad,23.0225,72.5714,2025-10-12 02:00:00,65.0,60.1,785.0,66.3,17.0,24.0,25.7,44,0.0,7.9
Ahmedabad,23.0225,72.5714,2025-10-12 03:00:00,58.1,53.6,733.0,58.1,14.5,25.0,25.0,47,0.0,7.7
Ahmedabad,23.0225,72.5714,2025-10-12 04:00:00,51.1,46.8,657.0,47.8,12.3,27.0,24.3,49,0.0,7.6
Ahmedabad,23.0225,72.5714,2025-10-12 05:00:00,43.7,40.0,610.0,36.2,11.0,33.0,23.6,56,0.0,8.0
Ahmedabad,23.0225,72.5714,2025-10-12 06:00:00,42.0,38.4,639.0,35.0,11.2,33.0,23.7,54,0.0,7.8
Ahmedabad,23.0225,72.5714,2025-10-12 07:00:00,44.1,40.4,697.0,33.1,11.6,36.0,23.2,58,0.0,7.2
Ahmedabad,23.0225,72.5714,2025-10-12 08:00:00,42.3,39.0,695.0,29.3,12.2,49.0,25.1,51,0.0,4.1
Ahmedabad,23.0225,72.5714,2025-10-12 09:00:00,40.4,36.0,569.0,21.9,13.6,85.0,28.4,41,0.0,4.6
Ahmedabad,23.0225,72.5714,2025-10-12 10:00:00,36.9,31.4,384.0,12.7,15.4,133.0,31.1,32,0.0,6.3
Ahmedabad,23.0225,72.5714,2025-10-12 11:00:00,35.0,29.8,246.0,5.8,16.1,167.0,32.8,24,0.0,8.5
Ahmedabad,23.0225,72.5714,2025-10-12 12:00:00,29.7,24.3,206.0,2.7,14.8,176.0,33.5,22,0.0,8.5
Ahmedabad,23.0225,72.5714,2025-10-12 13:00:00,27.5,21.8,214.0,2.0,12.5,172.0,33.8,21,0.0,8.9
Ahmedabad,23.0225,72.5714,2025-10-12 14:00:00,27.4,21.5,226.0,2.7,10.6,165.0,33.9,22,0.0,9.0
Ahmedabad,23.0225,72.5714,2025-10-12 15:00:00,27.3,21.4,220.0,4.2,9.6,158.0,33.7,22,0.0,9.2
Ahmedabad,23.0225,72.5714,2025-10-12 16:00:00,27.5,21.4,218.0,7.3,9.1,148.0,33.3,23,0.0,9.4
Ahmedabad,23.0225,72.5714,2025-10-12 17:00:00,30.4,24.0,250.0,14.8,9.4,131.0,32.9,24,0.0,10.2
Ahmedabad,23.0225,72.5714,2025-10-12 18:00:00,40.9,34.1,327.0,29.5,12.0,108.0,32.5,26,0.0,6.4
Ahmedabad,23.0225,72.5714,2025-10-12 19:00:00,50.3,43.1,439.0,49.5,15.7,76.0,32.7,26,0.0,2.1
Ahmedabad,23.0225,72.5714,2025-10-12 20:00:00,55.2,47.5,577.0,62.8,18.1,53.0,32.1,27,0.0,3.4
Ahmedabad,23.0225,72.5714,2025-10-12 21:00:00,56.3,48.3,791.0,62.9,18.4,46.0,29.6,32,0.0,3.0
Ahmedabad,23.0225,72.5714,2025-10-12 22:00:00,56.0,47.7,1032.0,56.2,17.5,48.0,28.8,34,0.0,3.5
Ahmedabad,23.0225,72.5714,2025-10-12 23:00:00,53.6,44.9,1150.0,50.0,16.3,49.0,28.3,39,0.0,1.9
Ahmedabad,23.0225,72.5714,2025-10-13 00:00:00,49.6,40.7,1036.0,46.7,15.0,48.0,27.5,43,0.0,3.5
Ahmedabad,23.0225,72.5714,2025-10-13 01:00:00,48.3,39.2,800.0,43.9,13.3,46.0,26.4,47,0.0,5.1
Ahmedabad,23.0225,72.5714,2025-10-13 02:00:00,49.5,40.6,614.0,41.9,11.9,43.0,25.5,52,0.0,6.3
Ahmedabad,23.0225,72.5714,2025-10-13 03:00:00,49.4,41.4,541.0,41.3,10.7,35.0,25.7,51,0.0,5.4
Ahmedabad,23.0225,72.5714,2025-10-13 04:00:00,47.3,40.4,519.0,41.5,9.7,25.0,24.2,56,0.0,7.4
Ahmedabad,23.0225,72.5714,2025-10-13 05:00:00,53.2,47.1,537.0,53.3,10.7,9.0,23.5,64,0.0,5.4
Ahmedabad,23.0225,72.5714,2025-10-13 06:00:00,48.7,43.4,631.0,49.3,11.2,15.0,23.6,63,0.0,5.6
Ahmedabad,23.0225,72.5714,2025-10-13 07:00:00,49.0,44.6,766.0,43.5,11.9,25.0,23.5,62,0.0,5.6
Ahmedabad,23.0225,72.5714,2025-10-13 08:00:00,44.4,41.2,819.0,36.1,12.7,44.0,25.8,52,0.0,2.3
Ahmedabad,23.0225,72.5714,2025-10-13 09:00:00,38.0,34.1,713.0,25.8,13.8,82.0,28.2,44,0.0,4.6
Ahmedabad,23.0225,72.5714,2025-10-13 10:00:00,33.8,27.1,526.0,13.9,14.9,130.0,30.4,36,0.0,3.2
Ahmedabad,23.0225,72.5714,2025-10-13 11:00:00,34.8,25.1,373.0,5.2,15.2,164.0,32.8,27,0.0,4.8
Ahmedabad,23.0225,72.5714,2025-10-13 12:00:00,34.1,23.9,298.0,1.8,14.1,174.0,33.9,22,0.0,7.0
Ahmedabad,23.0225,72.5714,2025-10-13 13:00:00,32.4,22.9,258.0,1.6,12.3,171.0,34.2,22,0.0,9.4
Ahmedabad,23.0225,72.5714,2025-10-13 14:00:00,30.6,21.8,236.0,2.6,10.8,165.0,34.1,23,0.0,10.4
Ahmedabad,23.0225,72.5714,2025-10-13 15:00:00,30.2,21.3,226.0,3.8,10.0,159.0,33.8,24,0.0,9.5
Ahmedabad,23.0225,72.5714,2025-10-13 16:00:00,30.3,21.1,234.0,6.2,9.6,149.0,33.4,25,0.0,9.5
Ahmedabad,23.0225,72.5714,2025-10-13 17:00:00,30.7,20.9,262.0,12.7,9.5,128.0,33.1,24,0.0,9.2
Ahmedabad,23.0225,72.5714,2025-10-13 18:00:00,38.6,29.3,315.0,26.8,11.7,105.0,32.6,25,0.0,7.1
Ahmedabad,23.0225,72.5714,2025-10-13 19:00:00,47.0,37.7,389.0,46.3,14.6,73.0,32.5,25,0.0,4.9
Ahmedabad,23.0225,72.5714,2025-10-13 20:00:00,52.6,43.7,470.0,61.8,17.1,48.0,32.0,26,0.0,4.8
Ahmedabad,23.0225,72.5714,2025-10-13 21:00:00,56.6,47.8,574.0,69.6,18.7,36.0,30.3,30,0.0,7.0
Ahmedabad,23.0225,72.5714,2025-10-13 22:00:00,60.8,51.9,685.0,73.4,19.8,30.0,28.8,34,0.0,5.1
Ahmedabad,23.0225,72.5714,2025-10-13 23:00:00,64.5,55.5,751.0,74.9,19.8,26.0,27.9,39,0.0,4.6
Ahmedabad,23.0225,72.5714,2025-10-14 00:00:00,66.4,57.5,733.0,74.5,17.9,21.0,27.8,39,0.0,2.9
Ahmedabad,23.0225,72.5714,2025-10-14 01:00:00,64.3,56.0,669.0,71.7,14.9,17.0,27.2,40,0.0,4.1
Ahmedabad,23.0225,72.5714,2025-10-14 02:00:00,55.5,48.5,619.0,66.9,12.4,15.0,26.8,41,0.0,6.2
Ahmedabad,23.0225,72.5714,2025-10-14 03:00:00,47.7,41.6,606.0,59.1,10.8,16.0,25.1,46,0.0,8.0
Ahmedabad,23.0225,72.5714,2025-10-14 04:00:00,43.1,37.3,608.0,49.3,9.7,19.0,24.1,49,0.0,7.7
Ahmedabad,23.0225,72.5714,2025-10-14 05:00:00,47.1,39.5,613.0,51.6,11.1,20.0,24.1,54,0.0,7.2
Ahmedabad,23.0225,72.5714,2025-10-14 06:00:00,41.3,34.7,637.0,46.4,11.1,25.0,23.6,56,0.0,7.9
Ahmedabad,23.0225,72.5714,2025-10-14 07:00:00,40.4,34.3,664.0,38.8,11.2,33.0,23.7,56,0.0,7.5
Ahmedabad,23.0225,72.5714,2025-10-14 08:00:00,38.1,33.4,644.0,30.8,11.6,51.0,25.6,49,0.0,5.1
Ahmedabad,23.0225,72.5714,2025-10-14 09:00:00,36.0,30.2,528.0,21.9,12.9,87.0,28.4,41,0.0,6.2
Ahmedabad,23.0225,72.5714,2025-10-14 10:00:00,32.1,25.6,364.0,12.4,14.5,133.0,31.1,35,0.0,6.9
Ahmedabad,23.0225,72.5714,2025-10-14 11:00:00,34.6,26.0,243.0,5.5,15.2,167.0,33.3,23,0.0,11.0
Ahmedabad,23.0225,72.5714,2025-10-14 12:00:00,37.4,23.3,210.0,2.4,14.1,179.0,33.8,22,0.0,8.8
Ahmedabad,23.0225,72.5714,2025-10-14 13:00:00,38.9,23.8,220.0,1.9,12.2,178.0,34.1,21,0.0,8.5
Ahmedabad,23.0225,72.5714,2025-10-14 14:00:00,40.2,24.8,234.0,2.7,10.7,174.0,34.1,22,0.0,8.9
Ahmedabad,23.0225,72.5714,2025-10-14 15:00:00,40.9,25.6,231.0,4.6,10.2,170.0,33.9,23,0.0,9.7
Ahmedabad,23.0225,72.5714,2025-10-14 16:00:00,41.1,26.1,231.0,7.9,10.2,161.0,33.6,24,0.0,11.1
Ahmedabad,23.0225,72.5714,2025-10-14 17:00:00,29.0,20.4,263.0,11.9,9.8,144.0,33.0,25,0.0,10.0
Ahmedabad,23.0225,72.5714,2025-10-14 18:00:00,35.5,28.1,341.0,24.3,11.6,119.0,32.4,26,0.0,7.2
Ahmedabad,23.0225,72.5714,2025-10-14 19:00:00,39.9,33.6,450.0,41.6,14.0,85.0,31.6,28,0.0,4.2
Ahmedabad,23.0225,72.5714,2025-10-14 20:00:00,41.1,36.1,569.0,54.8,15.8,58.0,30.8,31,0.0,3.0
Ahmedabad,23.0225,72.5714,2025-10-14 21:00:00,41.7,37.6,711.0,60.3,16.6,45.0,30.2,34,0.0,3.9
Ahmedabad,23.0225,72.5714,2025-10-14 22:00:00,42.4,39.0,863.0,61.8,16.7,40.0,29.5,36,0.0,1.3
Ahmedabad,23.0225,72.5714,2025-10-14 23:00:00,43.3,40.4,961.0,62.0,16.3,36.0,28.4,39,0.0,4.1
Ahmedabad,23.0225,72.5714,2025-10-15 00:00:00,43.1,40.6,979.0,62.1,15.0,31.0,28.0,41,0.0,1.5
Ahmedabad,23.0225,72.5714,2025-10-15 01:00:00,41.2,39.2,944.0,60.8,13.1,27.0,27.2,44,0.0,4.3
Ahmedabad,23.0225,72.5714,2025-10-15 02:00:00,37.4,35.9,874.0,57.1,11.4,26.0,25.7,49,0.0,6.6
Ahmedabad,23.0225,72.5714,2025-10-15 03:00:00,33.3,32.1,742.0,49.1,10.2,29.0,24.6,50,0.0,7.2
Ahmedabad,23.0225,72.5714,2025-10-15 04:00:00,29.6,28.5,574.0,38.7,9.3,35.0,24.2,49,0.0,6.6
Ahmedabad,23.0225,72.5714,2025-10-15 05:00:00,40.5,37.4,473.0,49.3,12.0,20.0,23.6,53,0.0,8.4
Ahmedabad,23.0225,72.5714,2025-10-15 06:00:00,35.9,32.6,515.0,44.2,12.4,25.0,23.4,54,0.0,9.2
Ahmedabad,23.0225,72.5714,2025-10-15 07:00:00,36.8,33.1,624.0,36.8,12.9,34.0,23.7,53,0.0,9.6
Ahmedabad,23.0225,72.5714,2025-10-15 08:00:00,37.1,34.2,667.0,28.9,13.5,52.0,25.8,46,0.0,6.8
Ahmedabad,23.0225,72.5714,2025-10-15 09:00:00,39.1,33.9,565.0,20.1,14.3,90.0,28.6,39,0.0,7.3
Ahmedabad,23.0225,72.5714,2025-10-15 10:00:00,44.1,34.9,397.0,10.8,15.1,138.0,31.3,33,0.0,8.4
Ahmedabad,23.0225,72.5714,2025-10-15 11:00:00,44.1,31.7,270.0,4.1,15.2,173.0,33.3,26,0.0,8.4
Ahmedabad,23.0225,72.5714,2025-10-15 12:00:00,38.5,27.8,233.0,1.7,13.8,183.0,34.1,24,0.0,6.3
Ahmedabad,23.0225,72.5714,2025-10-15 13:00:00,35.5,26.3,237.0,1.9,11.6,181.0,34.6,23,0.0,6.0
Ahmedabad,23.0225,72.5714,2025-10-15 14:00:00,33.5,25.4,246.0,3.0,10.1,176.0,34.8,23,0.0,6.3
Ahmedabad,23.0225,72.5714,2025-10-15 15:00:00,32.2,24.9,242.0,3.6,9.6,174.0,34.7,24,0.0,6.6
Ahmedabad,23.0225,72.5714,2025-10-15 16:00:00,31.8,24.9,243.0,5.1,9.9,171.0,34.2,25,0.0,5.8
Ahmedabad,23.0225,72.5714,2025-10-15 17:00:00,33.9,25.6,271.0,9.3,9.4,154.0,33.4,25,0.0,5.5
Ahmedabad,23.0225,72.5714,2025-10-15 18:00:00,42.4,33.9,334.0,19.1,11.3,130.0,32.4,27,0.0,5.5
Ahmedabad,23.0225,72.5714,2025-10-15 19:00:00,48.8,40.2,424.0,32.7,14.0,97.0,31.5,28,0.0,6.6
Ahmedabad,23.0225,72.5714,2025-10-15 20:00:00,51.6,42.3,531.0,42.8,15.7,71.0,30.9,30,0.0,5.7
Ahmedabad,23.0225,72.5714,2025-10-15 21:00:00,53.8,43.4,683.0,46.4,15.8,58.0,30.2,34,0.0,5.9
Ahmedabad,23.0225,72.5714,2025-10-15 22:00:00,56.7,45.2,852.0,46.5,14.9,51.0,29.6,36,0.0,6.2
Ahmedabad,23.0225,72.5714,2025-10-15 23:00:00,59.8,47.5,953.0,45.7,13.7,46.0,28.2,41,0.0,3.4
Ahmedabad,23.0225,72.5714,2025-10-16 00:00:00,60.1,47.5,936.0,44.7,12.2,43.0,27.2,44,0.0,6.8
Ahmedabad,23.0225,72.5714,2025-10-16 01:00:00,58.0,45.8,849.0,42.8,10.3,42.0,27.0,43,0.0,6.7
Ahmedabad,23.0225,72.5714,2025-10-16 02:00:00,53.4,42.5,756.0,39.6,8.8,43.0,26.0,45,0.0,7.4
Ahmedabad,23.0225,72.5714,2025-10-16 03:00:00,48.3,38.6,661.0,34.1,7.9,47.0,24.8,50,0.0,8.5
Ahmedabad,23.0225,72.5714,2025-10-16 04:00:00,44.2,35.7,559.0,27.4,7.4,52.0,24.4,51,0.0,8.6
Ahmedabad,23.0225,72.5714,2025-10-16 05:00:00,38.5,32.2,495.0,18.6,7.1,62.0,24.4,55,0.0,8.5
Ahmedabad,23.0225,72.5714,2025-10-16 06:00:00,39.5,32.9,510.0,21.0,8.1,58.0,24.3,56,0.0,8.6
Ahmedabad,23.0225,72.5714,2025-10-16 07:00:00,42.3,35.9,564.0,24.0,9.6,55.0,24.4,56,0.0,8.3
Ahmedabad,23.0225,72.5714,2025-10-16 08:00:00,42.7,38.0,579.0,24.2,10.9,62.0,26.2,50,0.0,6.4
Ahmedabad,23.0225,72.5714,2025-10-16 09:00:00,44.6,38.2,509.0,18.7,12.0,91.0,28.7,44,0.0,7.0
Ahmedabad,23.0225,72.5714,2025-10-16 10:00:00,47.1,38.5,400.0,10.4,12.9,130.0,31.1,39,0.0,6.7
Ahmedabad,23.0225,72.5714,2025-10-16 11:00:00,39.3,31.3,316.0,4.1,13.0,158.0,33.2,32,0.0,5.8
Ahmedabad,23.0225,72.5714,2025-10-16 12:00:00,32.4,25.8,281.0,1.9,11.7,165.0,34.6,27,0.0,4.8
Ahmedabad,23.0225,72.5714,2025-10-16 13:00:00,28.9,23.3,270.0,1.8,9.6,160.0,35.4,25,0.0,4.0
Ahmedabad,23.0225,72.5714,2025-10-16 14:00:00,27.2,22.1,270.0,2.6,7.9,154.0,35.8,25,0.0,3.6
Ahmedabad,23.0225,72.5714,2025-10-16 15:00:00,26.5,21.7,268.0,3.7,7.2,150.0,35.8,25,0.0,3.9
Ahmedabad,23.0225,72.5714,2025-10-16 16:00:00,26.4,21.8,276.0,5.8,6.9,145.0,35.3,26,0.0,4.6
Ahmedabad,23.0225,72.5714,2025-10-16 17:00:00,35.4,29.5,319.0,11.2,9.8,144.0,34.6,26,0.0,0.5
Ahmedabad,23.0225,72.5714,2025-10-16 18:00:00,43.8,38.0,430.0,21.3,11.5,121.0,33.4,29,0.0,2.4
Ahmedabad,23.0225,72.5714,2025-10-16 19:00:00,47.7,42.5,574.0,35.2,13.8,88.0,32.9,30,0.0,3.0
Ahmedabad,23.0225,72.5714,2025-10-16 20:00:00,47.0,42.1,675.0,45.4,15.3,62.0,32.4,31,0.0,2.6
Ahmedabad,23.0225,72.5714,2025-10-16 21:00:00,45.6,41.0,696.0,48.1,15.2,49.0,31.7,34,0.0,4.1
Ahmedabad,23.0225,72.5714,2025-10-16 22:00:00,45.8,41.2,672.0,47.2,14.2,42.0,31.0,36,0.0,4.0
Ahmedabad,23.0225,72.5714,2025-10-16 23:00:00,47.4,42.5,637.0,46.4,13.0,37.0,29.9,41,0.0,5.0
Ahmedabad,23.0225,72.5714,2025-10-17 00:00:00,48.0,42.8,586.0,47.7,11.5,30.0,29.2,42,0.0,6.0
Ahmedabad,23.0225,72.5714,2025-10-17 01:00:00,48.0,42.5,522.0,49.1,9.8,25.0,28.7,43,0.0,6.5
Ahmedabad,23.0225,72.5714,2025-10-17 02:00:00,46.6,40.7,489.0,48.7,8.5,22.0,27.9,44,0.0,7.0
Ahmedabad,23.0225,72.5714,2025-10-17 03:00:00,43.7,37.7,516.0,44.8,7.9,24.0,26.9,47,0.0,6.4
Ahmedabad,23.0225,72.5714,2025-10-17 04:00:00,41.2,35.2,573.0,39.1,7.8,29.0,25.8,51,0.0,5.1
Ahmedabad,23.0225,72.5714,2025-10-17 05:00:00,37.4,31.8,614.0,30.1,6.8,36.0,25.5,55,0.0,7.3
Ahmedabad,23.0225,72.5714,2025-10-17 06:00:00,35.4,30.4,631.0,30.1,7.8,37.0,25.5,54,0.0,7.8
Ahmedabad,23.0225,72.5714,2025-10-17 07:00:00,36.7,32.1,633.0,29.8,9.1,41.0,25.4,54,0.0,8.0
Ahmedabad,23.0225,72.5714,2025-10-17 08:00:00,36.2,32.7,600.0,27.3,10.0,53.0,26.8,49,0.0,5.6
Ahmedabad,23.0225,72.5714,2025-10-17 09:00:00,35.5,31.1,503.0,20.4,10.3,83.0,29.8,42,0.0,4.8
Ahmedabad,23.0225,72.5714,2025-10-17 10:00:00,33.1,27.4,371.0,11.2,10.1,122.0,32.5,35,0.0,6.0
Ahmedabad,23.0225,72.5714,2025-10-17 11:00:00,29.6,23.7,275.0,4.4,9.8,151.0,34.1,29,0.0,5.8
Ahmedabad,23.0225,72.5714,2025-10-17 12:00:00,27.4,22.0,249.0,2.0,9.1,162.0,35.2,26,0.0,3.6
Ahmedabad,23.0225,72.5714,2025-10-17 13:00:00,25.8,21.0,258.0,1.9,8.2,163.0,36.0,23,0.0,2.3
Ahmedabad,23.0225,72.5714,2025-10-17 14:00:00,24.4,20.1,270.0,2.7,7.5,161.0,36.5,21,0.0,1.5
Ahmedabad,23.0225,72.5714,2025-10-17 15:00:00,23.3,19.4,268.0,3.5,6.9,158.0,36.6,20,0.0,5.0
Ahmedabad,23.0225,72.5714,2025-10-17 16:00:00,22.4,18.8,268.0,5.2,6.6,152.0,35.7,19,0.0,9.8
Ahmedabad,23.0225,72.5714,2025-10-17 17:00:00,19.3,16.9,286.0,9.4,6.5,134.0,34.5,21,0.0,8.8
Ahmedabad,23.0225,72.5714,2025-10-17 18:00:00,24.4,22.3,331.0,17.0,7.7,114.0,33.1,27,0.0,8.9
Ahmedabad,23.0225,72.5714,2025-10-17 19:00:00,29.0,26.9,393.0,27.6,9.3,86.0,31.9,32,0.0,9.0
Ahmedabad,23.0225,72.5714,2025-10-17 20:00:00,32.7,30.3,457.0,36.8,10.9,63.0,31.4,32,0.0,8.0
Ahmedabad,23.0225,72.5714,2025-10-17 21:00:00,37.7,34.9,529.0,43.5,12.5,51.0,30.9,31,0.0,6.5
Ahmedabad,23.0225,72.5714,2025-10-17 22:00:00,43.4,40.3,603.0,48.8,14.1,44.0,30.4,33,0.0,5.3
Ahmedabad,23.0225,72.5714,2025-10-17 23:00:00,47.0,43.8,647.0,51.8,14.9,38.0,29.6,36,0.0,4.0
Ahmedabad,23.0225,72.5714,2025-10-18 00:00:00,47.4,44.0,629.0,51.8,14.2,33.0,28.7,39,0.0,6.8
Ahmedabad,23.0225,72.5714,2025-10-18 01:00:00,47.0,43.7,581.0,49.5,12.6,29.0,28.1,40,0.0,6.3
Ahmedabad,23.0225,72.5714,2025-10-18 02:00:00,45.5,42.3,565.0,45.9,11.4,28.0,26.3,46,0.0,6.3
Ahmedabad,23.0225,72.5714,2025-10-18 03:00:00,44.0,41.0,632.0,40.7,10.9,29.0,25.4,50,0.0,4.6
Ahmedabad,23.0225,72.5714,2025-10-18 04:00:00,42.6,39.8,732.0,34.2,10.7,31.0,25.1,52,0.0,4.6
Ahmedabad,23.0225,72.5714,2025-10-18 05:00:00,40.2,37.5,778.0,25.3,10.6,40.0,24.7,61,0.0,10.0
Ahmedabad,23.0225,72.5714,2025-10-18 06:00:00,40.0,37.5,719.0,24.4,11.3,43.0,24.6,61,0.0,10.1
Ahmedabad,23.0225,72.5714,2025-10-18 07:00:00,40.7,38.5,607.0,23.0,12.3,50.0,24.9,59,0.0,9.1
Ahmedabad,23.0225,72.5714,2025-10-18 08:00:00,39.0,37.5,504.0,20.4,13.7,64.0,26.6,53,0.0,7.3
Ahmedabad,23.0225,72.5714,2025-10-18 09:00:00,34.7,33.3,432.0,15.7,16.2,95.0,28.7,48,0.0,7.4
Ahmedabad,23.0225,72.5714,2025-10-18 10:00:00,33.3,31.9,369.0,9.9,19.0,134.0,31.0,45,0.0,7.3
Ahmedabad,23.0225,72.5714,2025-10-18 11:00:00,37.8,35.9,320.0,5.4,20.1,162.0,33.4,39,0.0,7.2
Ahmedabad,23.0225,72.5714,2025-10-18 12:00:00,35.9,32.7,285.0,3.2,17.9,171.0,35.1,30,0.0,7.3
Ahmedabad,23.0225,72.5714,2025-10-18 13:00:00,30.9,27.8,263.0,2.3,14.0,168.0,35.6,28,0.0,7.6
Ahmedabad,23.0225,72.5714,2025-10-18 14:00:00,29.6,26.6,253.0,2.6,11.1,164.0,36.1,26,0.0,6.9
Ahmedabad,23.0225,72.5714,2025-10-18 15:00:00,29.3,26.3,247.0,3.9,10.2,161.0,36.1,25,0.0,8.3
Ahmedabad,23.0225,72.5714,2025-10-18 16:00:00,29.2,26.4,252.0,6.3,10.3,157.0,35.4,27,0.0,9.0
Ahmedabad,23.0225,72.5714,2025-10-18 17:00:00,31.9,29.2,291.0,10.9,10.1,133.0,34.7,29,0.0,3.4
Ahmedabad,23.0225,72.5714,2025-10-18 18:00:00,37.3,34.9,380.0,17.2,10.8,115.0,33.7,32,0.0,1.6
Ahmedabad,23.0225,72.5714,2025-10-18 19:00:00,37.8,35.7,503.0,25.8,11.8,90.0,33.1,33,0.0,1.9
Ahmedabad,23.0225,72.5714,2025-10-18 20:00:00,37.4,35.4,634.0,32.4,12.5,70.0,32.8,33,0.0,2.6
Ahmedabad,23.0225,72.5714,2025-10-18 21:00:00,37.6,35.6,792.0,35.1,12.6,62.0,31.8,34,0.0,4.1
Ahmedabad,23.0225,72.5714,2025-10-18 22:00:00,38.0,36.1,959.0,35.6,12.3,59.0,30.3,38,0.0,4.9
Ahmedabad,23.0225,72.5714,2025-10-18 23:00:00,37.5,35.6,1047.0,35.0,11.8,57.0,28.5,45,0.0,6.3
Ahmedabad,23.0225,72.5714,2025-10-19 00:00:00,35.3,33.5,1005.0,33.2,11.0,54.0,27.8,47,0.0,6.1
Ahmedabad,23.0225,72.5714,2025-10-19 01:00:00,32.9,31.3,884.0,30.2,10.0,53.0,27.1,49,0.0,5.7
Ahmedabad,23.0225,72.5714,2025-10-19 02:00:00,30.4,28.9,758.0,27.0,9.2,52.0,26.1,52,0.0,6.1
Ahmedabad,23.0225,72.5714,2025-10-19 03:00:00,27.9,26.6,632.0,23.5,8.8,53.0,25.1,53,0.0,6.5
Ahmedabad,23.0225,72.5714,2025-10-19 04:00:00,25.7,24.6,500.0,19.9,8.6,54.0,24.3,52,0.0,9.0
Ahmedabad,23.0225,72.5714,2025-10-19 05:00:00,28.7,27.5,416.0,24.4,8.3,40.0,24.2,52,0.0,9.1
Ahmedabad,23.0225,72.5714,2025-10-19 06:00:00,26.5,25.4,423.0,24.6,9.1,44.0,24.2,50,0.0,10.3
Ahmedabad,23.0225,72.5714,2025-10-19 07:00:00,26.8,25.8,478.0,24.5,10.2,50.0,24.6,49,0.0,10.1
Ahmedabad,23.0225,72.5714,2025-10-19 08:00:00,27.2,26.5,506.0,22.6,11.2,64.0,26.2,45,0.0,7.4
Ahmedabad,23.0225,72.5714,2025-10-19 09:00:00,27.0,25.8,472.0,17.0,12.2,94.0,28.4,43,0.0,7.5
Ahmedabad,23.0225,72.5714,2025-10-19 10:00:00,32.2,30.7,412.0,9.6,13.1,133.0,30.9,42,0.0,7.3
Ahmedabad,23.0225,72.5714,2025-10-19 11:00:00,30.7,28.6,358.0,4.1,13.4,161.0,33.1,39,0.0,6.1
Ahmedabad,23.0225,72.5714,2025-10-19 12:00:00,24.7,22.8,317.0,2.1,12.4,171.0,35.0,25,0.0,6.1
Ahmedabad,23.0225,72.5714,2025-10-19 13:00:00,24.0,22.2,281.0,1.9,10.7,170.0,35.6,23,0.0,6.2
Ahmedabad,23.0225,72.5714,2025-10-19 14:00:00,24.3,22.5,262.0,2.7,9.5,167.0,35.7,23,0.0,6.3
Ahmedabad,23.0225,72.5714,2025-10-19 15:00:00,24.9,23.2,256.0,3.4,9.0,165.0,35.6,24,0.0,6.0
Ahmedabad,23.0225,72.5714,2025-10-19 16:00:00,25.5,23.7,268.0,5.0,9.1,161.0,35.3,25,0.0,6.1
Ahmedabad,23.0225,72.5714,2025-10-19 17:00:00,24.2,22.8,318.0,9.8,8.9,139.0,34.4,24,0.0,0.2
Ahmedabad,23.0225,72.5714,2025-10-19 18:00:00,31.4,30.0,438.0,19.6,10.4,116.0,32.9,28,0.0,3.4
Ahmedabad,23.0225,72.5714,2025-10-19 19:00:00,35.9,34.5,598.0,33.4,12.6,85.0,32.3,32,0.0,4.9
Ahmedabad,23.0225,72.5714,2025-10-19 20:00:00,38.0,36.6,723.0,44.5,14.4,60.0,32.0,33,0.0,5.4
Ahmedabad,23.0225,72.5714,2025-10-19 21:00:00,40.2,38.6,786.0,50.5,15.7,48.0,31.4,34,0.0,5.3
Ahmedabad,23.0225,72.5714,2025-10-19 22:00:00,43.5,42.0,815.0,54.0,16.6,42.0,30.7,35,0.0,3.3
Ahmedabad,23.0225,72.5714,2025-10-19 23:00:00,46.1,44.5,823.0,56.2,17.1,38.0,30.3,37,0.0,4.5
Ahmedabad,23.0225,72.5714,2025-10-20 00:00:00,45.6,44.0,808.0,57.6,16.9,35.0,29.7,38,0.0,4.9
Ahmedabad,23.0225,72.5714,2025-10-20 01:00:00,45.2,43.5,771.0,57.9,16.1,33.0,28.3,42,0.0,3.9
Ahmedabad,23.0225,72.5714,2025-10-20 02:00:00,44.7,43.1,736.0,56.8,15.2,31.0,26.8,47,0.0,6.3
Ahmedabad,23.0225,72.5714,2025-10-20 03:00:00,43.8,42.4,702.0,54.1,13.9,27.0,25.8,51,0.0,5.4
Ahmedabad,23.0225,72.5714,2025-10-20 04:00:00,40.7,39.3,668.0,50.2,12.4,22.0,25.2,53,0.0,5.9
Ahmedabad,23.0225,72.5714,2025-10-20 05:00:00,32.5,31.4,656.0,35.6,10.2,38.0,24.6,59,0.0,7.5
Ahmedabad,23.0225,72.5714,2025-10-20 06:00:00,30.7,29.9,701.0,36.5,11.5,36.0,24.8,59,0.0,7.5
Ahmedabad,23.0225,72.5714,2025-10-20 07:00:00,34.6,33.8,768.0,37.4,13.4,34.0,25.2,59,0.0,7.5
Ahmedabad,23.0225,72.5714,2025-10-20 08:00:00,37.4,36.8,773.0,35.0,15.0,47.0,27.4,54,0.0,5.8
Ahmedabad,23.0225,72.5714,2025-10-20 09:00:00,39.0,37.8,655.0,26.3,16.5,87.0,30.0,48,0.0,6.9
Ahmedabad,23.0225,72.5714,2025-10-20 10:00:00,39.1,37.5,477.0,14.5,17.7,142.0,32.0,40,0.0,8.7
Ahmedabad,23.0225,72.5714,2025-10-20 11:00:00,33.6,31.9,339.0,5.6,17.8,181.0,33.5,33,0.0,8.0
Ahmedabad,23.0225,72.5714,2025-10-20 12:00:00,24.3,23.1,287.0,2.3,15.7,191.0,34.8,27,0.0,6.1
Ahmedabad,23.0225,72.5714,2025-10-20 13:00:00,23.2,22.1,276.0,2.0,12.5,186.0,35.5,25,0.0,5.0
Ahmedabad,23.0225,72.5714,2025-10-20 14:00:00,23.9,22.9,277.0,2.8,10.2,180.0,36.0,24,0.0,5.2
Ahmedabad,23.0225,72.5714,2025-10-20 15:00:00,25.0,23.9,272.0,3.2,9.5,179.0,36.1,23,0.0,5.4
Ahmedabad,23.0225,72.5714,2025-10-20 16:00:00,25.8,24.8,278.0,4.8,9.8,175.0,35.8,22,0.0,4.6
Ahmedabad,23.0225,72.5714,2025-10-20 17:00:00,38.4,37.0,321.0,10.5,11.5,157.0,34.3,26,0.0,4.3
Ahmedabad,23.0225,72.5714,2025-10-20 18:00:00,46.3,45.1,430.0,22.5,14.7,133.0,33.2,28,0.0,2.3
Ahmedabad,23.0225,72.5714,2025-10-20 19:00:00,52.4,51.1,575.0,39.2,19.0,99.0,32.9,29,0.0,1.9
Ahmedabad,23.0225,72.5714,2025-10-20 20:00:00,55.6,54.5,692.0,52.5,22.6,70.0,32.3,31,0.0,1.3
Ahmedabad,23.0225,72.5714,2025-10-20 21:00:00,58.0,56.9,751.0,59.5,24.9,53.0,31.5,33,0.0,3.9
Ahmedabad,23.0225,72.5714,2025-10-20 22:00:00,61.5,60.3,782.0,63.1,26.3,41.0,29.9,39,0.0,5.1
Ahmedabad,23.0225,72.5714,2025-10-20 23:00:00,63.1,61.9,809.0,63.9,26.2,32.0,29.6,45,0.0,2.2
Ahmedabad,23.0225,72.5714,2025-10-21 00:00:00,60.1,59.1,854.0,61.3,23.8,26.0,29.3,47,0.0,3.4
Ahmedabad,23.0225,72.5714,2025-10-21 01:00:00,57.9,56.9,896.0,55.9,19.9,24.0,28.4,51,0.0,4.5
Ahmedabad,23.0225,72.5714,2025-10-21 02:00:00,56.3,55.3,889.0,50.2,16.4,22.0,27.6,55,0.0,6.2
Ahmedabad,23.0225,72.5714,2025-10-21 03:00:00,54.7,53.6,791.0,44.4,13.7,20.0,26.9,58,0.0,7.8
Ahmedabad,23.0225,72.5714,2025-10-21 04:00:00,53.1,51.9,645.0,38.2,11.3,19.0,26.5,59,0.0,8.3
Ahmedabad,23.0225,72.5714,2025-10-21 05:00:00,52.7,51.5,539.0,24.3,8.8,36.0,27.1,60,0.0,8.6
Ahmedabad,23.0225,72.5714,2025-10-21 06:00:00,54.7,53.2,526.0,25.4,9.1,36.0,27.5,57,0.0,8.0
Ahmedabad,23.0225,72.5714,2025-10-21 07:00:00,60.3,58.3,553.0,26.7,9.5,38.0,27.1,59,0.0,7.5
Ahmedabad,23.0225,72.5714,2025-10-21 08:00:00,62.9,61.2,553.0,25.6,10.3,51.0,27.7,57,0.0,6.4
Ahmedabad,23.0225,72.5714,2025-10-21 09:00:00,67.5,64.7,485.0,19.9,11.9,85.0,30.2,49,0.0,6.7
Ahmedabad,23.0225,72.5714,2025-10-21 10:00:00,69.8,65.7,389.0,11.8,13.8,129.0,32.5,42,0.0,7.2
Ahmedabad,23.0225,72.5714,2025-10-21 11:00:00,70.8,64.7,316.0,5.6,14.6,162.0,34.3,32,0.0,7.6
Ahmedabad,23.0225,72.5714,2025-10-21 12:00:00,68.7,61.7,288.0,3.1,13.4,174.0,35.0,30,0.0,8.0
Ahmedabad,23.0225,72.5714,2025-10-21 13:00:00,65.9,58.9,282.0,2.6,11.1,176.0,35.4,29,0.0,9.2
Ahmedabad,23.0225,72.5714,2025-10-21 14:00:00,63.8,57.2,282.0,3.2,9.3,173.0,35.6,28,0.0,9.1
Ahmedabad,23.0225,72.5714,2025-10-21 15:00:00,62.4,55.9,277.0,4.9,8.7,169.0,35.5,29,0.0,8.0
Ahmedabad,23.0225,72.5714,2025-10-21 16:00:00,60.8,54.7,278.0,7.7,8.6,160.0,35.1,30,0.0,9.7
Ahmedabad,23.0225,72.5714,2025-10-21 17:00:00,64.7,59.8,303.0,11.4,8.4,136.0,34.5,30,0.0,11.0
Ahmedabad,23.0225,72.5714,2025-10-21 18:00:00,67.1,62.9,376.0,15.1,8.8,121.0,33.8,32,0.0,8.8
Ahmedabad,23.0225,72.5714,2025-10-21 19:00:00,67.1,63.6,473.0,20.2,9.3,101.0,32.7,38,0.0,8.8
Ahmedabad,23.0225,72.5714,2025-10-21 20:00:00,67.3,63.8,539.0,24.2,9.7,84.0,31.5,43,0.0,8.3
Ahmedabad,23.0225,72.5714,2025-10-21 21:00:00,68.2,64.5,546.0,26.2,9.7,75.0,30.8,44,0.0,7.0
Ahmedabad,23.0225,72.5714,2025-10-21 22:00:00,68.9,65.2,522.0,27.0,9.6,70.0,30.0,45,0.0,7.5
Ahmedabad,23.0225,72.5714,2025-10-21 23:00:00,68.0,64.5,498.0,26.5,9.3,66.0,29.2,50,0.0,9.1
Ahmedabad,23.0225,72.5714,2025-10-22 00:00:00,64.5,61.5,486.0,24.2,8.8,64.0,28.5,51,0.0,10.9
Ahmedabad,23.0225,72.5714,2025-10-22 01:00:00,59.1,56.8,475.0,20.7,8.1,64.0,28.0,48,0.0,11.5
Ahmedabad,23.0225,72.5714,2025-10-22 02:00:00,53.7,51.7,457.0,17.6,7.9,64.0,27.6,47,0.0,11.5
Ahmedabad,23.0225,72.5714,2025-10-22 03:00:00,48.9,47.4,421.0,15.0,8.4,65.0,27.2,48,0.0,10.9
Ahmedabad,23.0225,72.5714,2025-10-22 04:00:00,45.2,43.9,380.0,12.8,9.3,68.0,26.5,50,0.0,9.2
Ahmedabad,23.0225,72.5714,2025-10-22 05:00:00,42.7,41.6,364.0,12.2,10.8,69.0,26.2,54,0.0,9.7
Ahmedabad,23.0225,72.5714,2025-10-22 06:00:00,42.1,41.0,404.0,15.1,12.4,65.0,25.9,55,0.0,9.7
Ahmedabad,23.0225,72.5714,2025-10-22 07:00:00,44.1,43.0,470.0,18.9,14.7,61.0,26.0,54,0.0,9.2
Ahmedabad,23.0225,72.5714,2025-10-22 08:00:00,45.9,44.8,502.0,20.2,16.8,66.0,27.6,49,0.0,7.6
Ahmedabad,23.0225,72.5714,2025-10-22 09:00:00,48.5,46.7,463.0,16.6,18.9,91.0,29.7,43,0.0,8.5
Ahmedabad,23.0225,72.5714,2025-10-22 10:00:00,52.3,49.7,390.0,10.5,20.7,125.0,31.9,39,0.0,9.4
Ahmedabad,23.0225,72.5714,2025-10-22 11:00:00,55.5,52.3,329.0,5.6,20.8,151.0,33.5,37,0.0,10.5
Ahmedabad,23.0225,72.5714,2025-10-22 12:00:00,52.4,48.8,299.0,3.3,17.7,161.0,34.7,33,0.0,12.4
Ahmedabad,23.0225,72.5714,2025-10-22 13:00:00,47.1,43.4,282.0,2.3,13.0,162.0,35.4,30,0.0,13.7
Ahmedabad,23.0225,72.5714,2025-10-22 14:00:00,44.4,40.6,272.0,2.5,9.3,159.0,35.7,28,0.0,13.4
Ahmedabad,23.0225,72.5714,2025-10-22 15:00:00,42.4,38.6,263.0,3.8,7.9,155.0,35.4,27,0.0,13.9
Ahmedabad,23.0225,72.5714,2025-10-22 16:00:00,40.9,37.3,262.0,6.4,7.7,147.0,35.2,26,0.0,13.2
Ahmedabad,23.0225,72.5714,2025-10-22 17:00:00,43.0,39.9,279.0,11.6,7.9,131.0,35.0,25,0.0,12.1
Ahmedabad,23.0225,72.5714,2025-10-22 18:00:00,47.7,44.8,335.0,20.0,8.7,110.0,34.3,27,0.0,8.1
Ahmedabad,23.0225,72.5714,2025-10-22 19:00:00,51.2,48.5,409.0,31.3,9.9,82.0,33.1,33,0.0,7.8
Ahmedabad,23.0225,72.5714,2025-10-22 20:00:00,52.9,50.3,456.0,38.5,10.6,61.0,32.0,38,0.0,8.0
Ahmedabad,23.0225,72.5714,2025-10-22 21:00:00,52.7,50.2,450.0,37.9,10.5,56.0,31.4,35,0.0,8.2
Ahmedabad,23.0225,72.5714,2025-10-22 22:00:00,52.9,50.2,416.0,33.2,10.0,60.0,29.7,37,0.0,9.1
Ahmedabad,23.0225,72.5714,2025-10-22 23:00:00,52.5,49.6,381.0,28.2,9.4,64.0,28.7,39,0.0,10.2
Ahmedabad,23.0225,72.5714,2025-10-23 00:00:00,51.0,47.8,347.0,24.0,8.7,67.0,28.1,39,0.0,11.3
Ahmedabad,23.0225,72.5714,2025-10-23 01:00:00,48.9,45.9,312.0,19.6,7.8,70.0,27.5,40,0.0,10.6
Ahmedabad,23.0225,72.5714,2025-10-23 02:00:00,46.0,43.3,291.0,16.0,7.3,73.0,26.8,42,0.0,9.0
Ahmedabad,23.0225,72.5714,2025-10-23 03:00:00,42.7,40.4,291.0,13.2,7.2,76.0,26.5,42,0.0,9.5
Ahmedabad,23.0225,72.5714,2025-10-23 04:00:00,39.8,37.8,304.0,11.1,7.4,79.0,26.2,43,0.0,10.1
Ahmedabad,23.0225,72.5714,2025-10-23 05:00:00,39.9,38.2,329.0,12.2,7.0,76.0,26.1,49,0.0,11.4
Ahmedabad,23.0225,72.5714,2025-10-23 06:00:00,38.3,36.7,378.0,15.3,7.7,71.0,26.2,49,0.0,11.5
Ahmedabad,23.0225,72.5714,2025-10-23 07:00:00,38.6,37.1,437.0,19.2,8.7,66.0,26.6,47,0.0,11.1
Ahmedabad,23.0225,72.5714,2025-10-23 08:00:00,39.1,37.8,466.0,20.6,10.4,71.0,28.1,43,0.0,9.2
Ahmedabad,23.0225,72.5714,2025-10-23 09:00:00,40.0,37.8,436.0,16.8,13.5,95.0,30.2,39,0.0,11.9
Ahmedabad,23.0225,72.5714,2025-10-23 10:00:00,43.7,39.7,376.0,10.4,17.3,129.0,32.3,36,0.0,13.6
Ahmedabad,23.0225,72.5714,2025-10-23 11:00:00,50.4,44.5,327.0,5.4,19.5,155.0,33.8,36,0.0,14.4
Ahmedabad,23.0225,72.5714,2025-10-23 12:00:00,54.7,47.8,306.0,3.2,18.9,166.0,34.7,35,0.0,14.7
Ahmedabad,23.0225,72.5714,2025-10-23 13:00:00,53.9,48.0,297.0,2.4,16.7,170.0,35.3,35,0.0,13.5
Ahmedabad,23.0225,72.5714,2025-10-23 14:00:00,52.2,47.0,292.0,2.8,14.6,168.0,35.4,34,0.0,12.5
Ahmedabad,23.0225,72.5714,2025-10-23 15:00:00,50.3,45.5,283.0,4.5,13.1,162.0,35.5,34,0.0,12.3
Ahmedabad,23.0225,72.5714,2025-10-23 16:00:00,48.3,43.9,278.0,7.6,11.8,151.0,35.1,34,0.0,12.9
Ahmedabad,23.0225,72.5714,2025-10-23 17:00:00,52.6,49.1,294.0,11.9,10.9,133.0,34.8,34,0.0,11.4
Ahmedabad,23.0225,72.5714,2025-10-23 18:00:00,54.2,51.1,356.0,16.8,11.0,117.0,34.0,36,0.0,9.0
Ahmedabad,23.0225,72.5714,2025-10-23 19:00:00,53.4,50.4,441.0,23.4,11.2,95.0,33.3,36,0.0,7.7
Ahmedabad,23.0225,72.5714,2025-10-23 20:00:00,52.2,49.2,491.0,27.1,11.1,80.0,32.4,37,0.0,7.9
Ahmedabad,23.0225,72.5714,2025-10-23 21:00:00,50.3,47.4,477.0,25.1,10.6,79.0,31.0,40,0.0,10.0
Ahmedabad,23.0225,72.5714,2025-10-23 22:00:00,47.8,44.9,430.0,20.2,9.8,85.0,29.9,41,0.0,10.7
Ahmedabad,23.0225,72.5714,2025-10-23 23:00:00,44.7,41.3,384.0,15.8,9.1,91.0,29.4,41,0.0,13.5
Ahmedabad,23.0225,72.5714,2025-10-24 00:00:00,41.8,37.4,346.0,12.8,8.5,96.0,29.5,37,0.0,14.7
Ahmedabad,23.0225,72.5714,2025-10-24 01:00:00,40.5,35.2,309.0,10.3,8.1,100.0,28.8,39,0.0,13.5
Ahmedabad,23.0225,72.5714,2025-10-24 02:00:00,40.4,34.7,291.0,8.6,8.2,103.0,28.3,42,0.0,13.4
Ahmedabad,23.0225,72.5714,2025-10-24 03:00:00,41.4,36.1,305.0,7.8,9.1,102.0,27.9,44,0.0,13.1
Ahmedabad,23.0225,72.5714,2025-10-24 04:00:00,43.4,38.9,338.0,7.7,10.5,98.0,27.5,45,0.0,13.1
Ahmedabad,23.0225,72.5714,2025-10-24 05:00:00,46.1,40.3,371.0,7.9,12.0,101.0,27.4,48,0.0,13.6
Ahmedabad,23.0225,72.5714,2025-10-24 06:00:00,50.5,44.2,405.0,10.7,14.2,95.0,27.3,48,0.0,13.7
Ahmedabad,23.0225,72.5714,2025-10-24 07:00:00,55.6,49.2,439.0,14.4,17.3,88.0,27.4,49,0.0,11.5
Ahmedabad,23.0225,72.5714,2025-10-24 08:00:00,58.6,53.2,453.0,15.9,19.5,90.0,28.5,48,0.0,11.0
Ahmedabad,23.0225,72.5714,2025-10-24 09:00:00,65.2,57.3,433.0,13.2,20.2,109.0,30.3,45,0.0,12.8
Ahmedabad,23.0225,72.5714,2025-10-24 10:00:00,71.0,62.2,393.0,8.4,20.1,137.0,32.0,45,0.0,12.7
Ahmedabad,23.0225,72.5714,2025-10-24 11:00:00,72.9,65.9,358.0,4.7,19.4,157.0,33.4,45,0.0,11.0
Ahmedabad,23.0225,72.5714,2025-10-24 12:00:00,65.0,61.0,334.0,3.0,17.8,162.0,34.5,40,0.0,11.2
Ahmedabad,23.0225,72.5714,2025-10-24 13:00:00,58.6,56.0,315.0,2.5,15.5,160.0,34.8,37,0.0,9.7
Ahmedabad,23.0225,72.5714,2025-10-24 14:00:00,56.5,54.0,304.0,3.0,13.7,155.0,35.1,35,0.1,8.9
Ahmedabad,23.0225,72.5714,2025-10-24 15:00:00,56.2,53.7,303.0,4.8,12.7,149.0,34.9,36,0.2,9.5
Ahmedabad,23.0225,72.5714,2025-10-24 16:00:00,56.5,53.7,311.0,7.8,12.2,141.0,34.5,37,0.1,10.0
Ahmedabad,23.0225,72.5714,2025-10-24 17:00:00,66.4,63.3,327.0,14.5,12.2,121.0,34.5,34,0.0,9.7
Ahmedabad,23.0225,72.5714,2025-10-24 18:00:00,73.1,69.8,359.0,19.8,12.8,105.0,33.8,37,0.0,6.7
Ahmedabad,23.0225,72.5714,2025-10-24 19:00:00,76.6,73.1,399.0,26.9,13.7,84.0,33.0,42,0.0,8.2
Ahmedabad,23.0225,72.5714,2025-10-24 20:00:00,77.1,73.1,427.0,30.6,14.2,71.0,32.2,42,0.0,8.1
Ahmedabad,23.0225,72.5714,2025-10-24 21:00:00,75.9,71.5,433.0,27.8,14.0,72.0,31.4,44,0.0,8.4
Ahmedabad,23.0225,72.5714,2025-10-24 22:00:00,75.0,70.1,426.0,21.6,13.6,81.0,30.5,46,0.0,9.2
Ahmedabad,23.0225,72.5714,2025-10-24 23:00:00,74.5,68.9,412.0,16.2,13.3,90.0,29.9,45,0.0,9.3
Ahmedabad,23.0225,72.5714,2025-10-25 00:00:00,74.3,67.8,385.0,12.9,13.5,96.0,28.9,46,0.0,10.3
Ahmedabad,23.0225,72.5714,2025-10-25 01:00:00,74.0,66.6,350.0,10.4,14.0,102.0,28.1,46,0.0,11.6
Ahmedabad,23.0225,72.5714,2025-10-25 02:00:00,73.1,65.2,329.0,8.6,14.5,105.0,27.9,43,0.0,13.3
Ahmedabad,23.0225,72.5714,2025-10-25 03:00:00,71.9,63.8,331.0,7.6,15.0,104.0,27.8,42,0.0,13.8
Ahmedabad,23.0225,72.5714,2025-10-25 04:00:00,71.5,63.6,348.0,7.3,15.5,101.0,27.5,43,0.0,13.7
Ahmedabad,23.0225,72.5714,2025-10-25 05:00:00,63.6,49.2,369.0,7.8,16.5,105.0,27.7,48,0.0,15.1
Ahmedabad,23.0225,72.5714,2025-10-25 06:00:00,65.7,50.5,402.0,10.5,18.8,100.0,27.4,47,0.0,14.1
Ahmedabad,23.0225,72.5714,2025-10-25 07:00:00,71.5,54.9,440.0,14.1,22.0,95.0,27.5,47,0.0,11.6
Ahmedabad,23.0225,72.5714,2025-10-25 08:00:00,73.8,60.1,457.0,15.6,24.0,97.0,28.6,47,0.0,11.9
Ahmedabad,23.0225,72.5714,2025-10-25 09:00:00,83.8,65.9,435.0,13.0,24.1,116.0,30.3,47,0.0,13.3
Ahmedabad,23.0225,72.5714,2025-10-25 10:00:00,90.6,73.1,391.0,8.3,23.2,142.0,32.1,47,0.0,13.5
Ahmedabad,23.0225,72.5714,2025-10-25 11:00:00,90.1,76.4,353.0,4.7,21.6,161.0,33.0,46,0.0,11.3
Ahmedabad,23.0225,72.5714,2025-10-25 12:00:00,85.0,75.7,327.0,3.2,19.1,166.0,34.2,43,0.0,12.2
Ahmedabad,23.0225,72.5714,2025-10-25 13:00:00,78.5,71.7,305.0,2.7,16.0,162.0,33.3,44,0.1,16.9
Ahmedabad,23.0225,72.5714,2025-10-25 14:00:00,74.7,68.5,295.0,3.3,13.7,157.0,30.2,58,1.4,6.9
Ahmedabad,23.0225,72.5714,2025-10-25 15:00:00,72.4,66.1,298.0,5.0,12.9,151.0,32.4,48,0.0,10.0
Ahmedabad,23.0225,72.5714,2025-10-25 16:00:00,71.2,65.0,312.0,7.9,12.9,143.0,32.7,45,0.0,11.7
Ahmedabad,23.0225,72.5714,2025-10-25 17:00:00,73.8,64.5,334.0,11.3,12.5,131.0,32.8,43,0.0,8.3
Ahmedabad,23.0225,72.5714,2025-10-25 18:00:00,79.2,70.1,368.0,20.1,14.0,109.0,31.9,51,0.0,7.7
Ahmedabad,23.0225,72.5714,2025-10-25 19:00:00,81.3,73.1,411.0,32.1,15.9,79.0,31.0,57,0.0,6.8
Ahmedabad,23.0225,72.5714,2025-10-25 20:00:00,78.7,71.9,447.0,39.6,17.2,58.0,30.5,59,0.0,8.3
Ahmedabad,23.0225,72.5714,2025-10-25 21:00:00,75.4,69.6,476.0,38.4,17.1,55.0,30.0,60,0.0,8.1
Ahmedabad,23.0225,72.5714,2025-10-25 22:00:00,71.9,66.8,499.0,32.7,16.4,60.0,29.2,62,0.0,9.0
Ahmedabad,23.0225,72.5714,2025-10-25 23:00:00,66.6,62.2,499.0,27.2,15.3,64.0,28.4,68,0.0,7.9
Ahmedabad,23.0225,72.5714,2025-10-26 00:00:00,59.4,55.8,459.0,23.1,13.9,63.0,28.2,68,0.0,8.0
Ahmedabad,23.0225,72.5714,2025-10-26 01:00:00,51.9,49.1,397.0,19.2,12.3,61.0,27.9,69,0.0,8.3
Ahmedabad,23.0225,72.5714,2025-10-26 02:00:00,46.7,44.4,352.0,16.3,11.0,59.0,24.5,82,1.3,19.6
Ahmedabad,23.0225,72.5714,2025-10-26 03:00:00,43.7,41.7,340.0,14.8,10.3,57.0,24.4,83,0.3,8.6
Ahmedabad,23.0225,72.5714,2025-10-26 04:00:00,41.6,39.6,346.0,14.4,9.9,55.0,24.5,85,0.0,9.1
Ahmedabad,23.0225,72.5714,2025-10-26 05:00:00,42.6,40.0,363.0,18.4,10.4,47.0,24.5,86,0.0,9.0
Ahmedabad,23.0225,72.5714,2025-10-26 06:00:00,41.6,39.3,405.0,18.9,11.1,48.0,24.4,87,0.0,9.1
Ahmedabad,23.0225,72.5714,2025-10-26 07:00:00,43.2,41.4,458.0,19.3,12.0,50.0,24.7,85,0.0,8.6
Ahmedabad,23.0225,72.5714,2025-10-26 08:00:00,43.9,42.6,475.0,18.4,12.9,57.0,26.0,77,0.0,10.3
Ahmedabad,23.0225,72.5714,2025-10-26 09:00:00,41.7,40.9,423.0,14.8,13.7,74.0,27.6,68,0.0,13.5
Ahmedabad,23.0225,72.5714,2025-10-26 10:00:00,33.8,33.4,336.0,9.8,14.5,97.0,28.1,66,0.0,14.2
Ahmedabad,23.0225,72.5714,2025-10-26 11:00:00,27.8,27.6,266.0,6.0,14.7,114.0,27.9,68,0.1,15.3
Ahmedabad,23.0225,72.5714,2025-10-26 12:00:00,23.9,23.8,234.0,4.2,13.8,123.0,26.9,72,0.1,15.3
Ahmedabad,23.0225,72.5714,2025-10-26 13:00:00,19.8,19.8,220.0,3.5,12.3,126.0,27.3,72,0.1,14.2
Ahmedabad,23.0225,72.5714,2025-10-26 14:00:00,16.5,16.5,217.0,4.2,11.3,124.0,27.5,73,0.0,14.8
Ahmedabad,23.0225,72.5714,2025-10-26 15:00:00,13.1,13.0,226.0,6.6,11.3,113.0,27.2,74,0.1,12.6
Ahmedabad,23.0225,72.5714,2025-10-26 16:00:00,10.8,10.8,246.0,10.3,11.8,95.0,27.0,74,0.0,11.3
Ahmedabad,23.0225,72.5714,2025-10-26 17:00:00,16.9,16.8,266.0,12.1,10.6,82.0,28.1,69,0.1,8.8
Ahmedabad,23.0225,72.5714,2025-10-26 18:00:00,17.5,17.5,282.0,15.5,11.1,72.0,27.7,72,0.0,8.7
Ahmedabad,23.0225,72.5714,2025-10-26 19:00:00,18.5,18.5,298.0,20.1,11.8,59.0,27.5,72,0.0,9.2
Ahmedabad,23.0225,72.5714,2025-10-26 20:00:00,19.3,19.3,309.0,22.2,12.0,50.0,27.2,75,0.0,9.2
Ahmedabad,23.0225,72.5714,2025-10-26 21:00:00,19.1,19.0,313.0,19.6,11.3,50.0,26.7,79,0.2,11.1
Ahmedabad,23.0225,72.5714,2025-10-26 22:00:00,19.6,19.6,312.0,14.6,10.1,55.0,26.0,84,0.4,10.4
Ahmedabad,23.0225,72.5714,2025-10-26 23:00:00,20.5,20.5,307.0,10.6,9.1,58.0,25.5,89,0.6,10.9
Ahmedabad,23.0225,72.5714,2025-10-27 00:00:00,21.0,21.0,294.0,9.0,8.4,58.0,25.1,91,1.4,11.1
Ahmedabad,23.0225,72.5714,2025-10-27 01:00:00,21.8,21.8,277.0,8.5,7.8,57.0,24.6,95,2.1,10.9
Ahmedabad,23.0225,72.5714,2025-10-27 02:00:00,22.8,22.8,265.0,8.2,7.4,56.0,24.4,95,2.0,11.1
Ahmedabad,23.0225,72.5714,2025-10-27 03:00:00,23.8,23.7,260.0,7.8,7.2,55.0,24.1,95,7.0,13.3
Ahmedabad,23.0225,72.5714,2025-10-27 04:00:00,25.3,25.2,260.0,7.8,7.1,55.0,23.8,95,9.1,12.1
Ahmedabad,23.0225,72.5714,2025-10-27 05:00:00,25.3,25.3,274.0,10.6,7.7,44.0,23.6,95,14.6,12.6
Ahmedabad,23.0225,72.5714,2025-10-27 06:00:00,26.9,26.9,315.0,12.3,8.5,44.0,23.5,95,5.4,12.5
Ahmedabad,23.0225,72.5714,2025-10-27 07:00:00,28.6,28.6,368.0,14.5,9.5,45.0,23.6,94,0.9,13.4
Ahmedabad,23.0225,72.5714,2025-10-27 08:00:00,28.8,28.8,400.0,15.3,10.4,50.0,23.9,93,0.6,12.0
Ahmedabad,23.0225,72.5714,2025-10-27 09:00:00,28.5,28.5,386.0,13.3,10.8,62.0,24.1,95,2.7,12.9
Ahmedabad,23.0225,72.5714,2025-10-27 10:00:00,27.2,27.2,351.0,9.8,11.0,78.0,24.0,95,2.3,12.5
Ahmedabad,23.0225,72.5714,2025-10-27 11:00:00,25.3,25.3,326.0,7.5,11.3,90.0,24.9,92,1.1,10.9
Ahmedabad,23.0225,72.5714,2025-10-27 12:00:00,24.4,24.4,326.0,7.1,11.9,94.0,25.3,92,0.7,9.2
Ahmedabad,23.0225,72.5714,2025-10-27 13:00:00,24.6,24.6,337.0,7.9,12.7,94.0,25.5,93,0.4,9.8
Ahmedabad,23.0225,72.5714,2025-10-27 14:00:00,25.0,24.9,354.0,9.5,13.0,91.0,25.7,91,0.2,9.4
Ahmedabad,23.0225,72.5714,2025-10-27 15:00:00,25.2,25.2,382.0,12.7,12.6,84.0,25.7,90,0.2,9.4
Ahmedabad,23.0225,72.5714,2025-10-27 16:00:00,24.2,24.1,415.0,16.9,11.8,74.0,25.7,88,0.1,8.3
Ahmedabad,23.0225,72.5714,2025-10-27 17:00:00,26.4,26.4,428.0,15.1,11.8,73.0,25.6,89,0.0,9.2
Ahmedabad,23.0225,72.5714,2025-10-27 18:00:00,25.0,25.0,402.0,16.2,11.4,66.0,25.2,92,0.0,10.6
Ahmedabad,23.0225,72.5714,2025-10-27 19:00:00,21.7,21.7,356.0,17.6,10.8,57.0,25.0,92,0.1,11.2
Ahmedabad,23.0225,72.5714,2025-10-27 20:00:00,18.0,18.0,316.0,18.2,10.5,50.0,24.7,91,0.4,13.8
Ahmedabad,23.0225,72.5714,2025-10-27 21:00:00,14.5,14.4,292.0,17.1,10.8,49.0,24.0,91,0.9,13.8
Ahmedabad,23.0225,72.5714,2025-10-27 22:00:00,11.8,11.8,275.0,15.1,11.3,51.0,23.6,94,1.6,18.1
Ahmedabad,23.0225,72.5714,2025-10-27 23:00:00,9.8,9.8,262.0,13.4,11.7,53.0,23.7,93,1.0,15.1
Ahmedabad,23.0225,72.5714,2025-10-28 00:00:00,8.1,8.1,251.0,12.3,11.9,55.0,23.7,93,1.0,17.0
Ahmedabad,23.0225,72.5714,2025-10-28 01:00:00,7.1,7.1,244.0,11.4,12.1,56.0,23.6,93,0.7,13.9
Ahmedabad,23.0225,72.5714,2025-10-28 02:00:00,7.1,7.1,242.0,10.7,11.9,57.0,23.3,95,1.6,11.6
Ahmedabad,23.0225,72.5714,2025-10-28 03:00:00,7.6,7.6,244.0,10.1,11.1,57.0,23.1,96,2.0,12.1
Ahmedabad,23.0225,72.5714,2025-10-28 04:00:00,8.3,8.3,253.0,9.8,10.1,55.0,23.0,96,1.9,12.7
Ahmedabad,23.0225,72.5714,2025-10-28 05:00:00,5.6,5.6,274.0,8.8,8.7,54.0,22.8,94,3.2,12.5
Ahmedabad,23.0225,72.5714,2025-10-28 06:00:00,5.4,5.4,324.0,10.6,9.1,52.0,22.8,93,0.8,13.9
Ahmedabad,23.0225,72.5714,2025-10-28 07:00:00,6.0,6.0,386.0,13.0,9.7,51.0,22.9,93,0.8,12.0
Ahmedabad,23.0225,72.5714,2025-10-28 08:00:00,6.7,6.7,426.0,14.3,10.3,52.0,23.4,92,0.6,11.0
Ahmedabad,23.0225,72.5714,2025-10-28 09:00:00,8.3,8.3,419.0,13.3,11.0,59.0,24.2,90,0.3,9.4
Ahmedabad,23.0225,72.5714,2025-10-28 10:00:00,9.8,9.8,389.0,11.2,11.8,69.0,25.2,86,0.7,13.7
Ahmedabad,23.0225,72.5714,2025-10-28 11:00:00,11.2,11.2,369.0,9.3,12.3,80.0,25.6,84,2.5,14.0
Ahmedabad,23.0225,72.5714,2025-10-28 12:00:00,12.6,12.6,369.0,7.6,12.6,94.0,25.5,86,1.0,12.3
Ahmedabad,23.0225,72.5714,2025-10-28 13:00:00,14.1,14.1,378.0,6.0,12.6,108.0,25.2,89,0.3,10.6
Ahmedabad,23.0225,72.5714,2025-10-28 14:00:00,16.1,15.9,398.0,6.0,12.5,115.0,26.0,85,0.3,11.1
Ahmedabad,23.0225,72.5714,2025-10-28 15:00:00,15.9,15.8,440.0,8.8,12.1,108.0,27.6,76,0.1,12.0
Ahmedabad,23.0225,72.5714,2025-10-28 16:00:00,15.5,15.4,492.0,13.2,11.5,92.0,27.6,75,0.1,11.0
Ahmedabad,23.0225,72.5714,2025-10-28 17:00:00,23.2,23.1,523.0,11.4,10.3,96.0,25.4,85,0.1,10.9
Ahmedabad,23.0225,72.5714,2025-10-28 18:00:00,23.6,23.6,513.0,11.9,11.5,92.0,25.0,86,0.0,11.8
Ahmedabad,23.0225,72.5714,2025-10-28 19:00:00,21.7,21.7,481.0,12.5,13.2,88.0,24.8,83,0.0,13.1
Ahmedabad,23.0225,72.5714,2025-10-28 20:00:00,19.0,18.9,452.0,12.9,14.9,83.0,24.6,81,0.0,12.3
Ahmedabad,23.0225,72.5714,2025-10-28 21:00:00,16.6,16.6,433.0,12.8,16.5,80.0,24.4,81,0.0,13.1
Ahmedabad,23.0225,72.5714,2025-10-28 22:00:00,15.4,15.4,416.0,12.4,18.0,77.0,24.3,81,0.0,13.0
Ahmedabad,23.0225,72.5714,2025-10-28 23:00:00,14.8,14.7,401.0,11.9,18.9,74.0,23.9,82,0.0,14.0
Ahmedabad,23.0225,72.5714,2025-10-29 00:00:00,14.2,14.2,386.0,11.1,18.7,72.0,23.7,82,0.0,13.7
Ahmedabad,23.0225,72.5714,2025-10-29 01:00:00,14.3,14.3,373.0,10.2,17.9,70.0,23.6,83,0.0,13.3
Ahmedabad,23.0225,72.5714,2025-10-29 02:00:00,15.4,15.4,365.0,9.5,17.1,68.0,23.0,86,0.6,14.3
Ahmedabad,23.0225,72.5714,2025-10-29 03:00:00,17.4,17.3,360.0,9.0,16.5,66.0,22.6,88,0.4,15.3
Ahmedabad,23.0225,72.5714,2025-10-29 04:00:00,20.0,19.9,360.0,8.6,16.0,64.0,22.6,87,0.0,13.8
Ahmedabad,23.0225,72.5714,2025-10-29 05:00:00,21.6,21.5,369.0,8.7,15.8,63.0,23.2,81,0.0,14.0
Ahmedabad,23.0225,72.5714,2025-10-29 06:00:00,24.6,24.5,397.0,10.0,16.0,60.0,23.1,82,0.0,13.5
Ahmedabad,23.0225,72.5714,2025-10-29 07:00:00,28.0,27.9,434.0,11.6,16.2,57.0,23.1,82,0.0,13.4
Ahmedabad,23.0225,72.5714,2025-10-29 08:00:00,30.4,30.4,454.0,12.0,16.4,62.0,23.7,81,0.0,10.8
Ahmedabad,23.0225,72.5714,2025-10-29 09:00:00,32.5,32.4,440.0,10.0,16.6,81.0,25.3,77,0.0,11.6
Ahmedabad,23.0225,72.5714,2025-10-29 10:00:00,35.3,35.2,410.0,6.7,16.7,108.0,26.9,73,0.0,11.5
Ahmedabad,23.0225,72.5714,2025-10-29 11:00:00,37.7,37.6,385.0,4.2,16.5,129.0,27.6,72,0.0,11.2
Ahmedabad,23.0225,72.5714,2025-10-29 12:00:00,38.8,38.5,371.0,3.1,15.6,141.0,28.7,68,0.0,11.9
Ahmedabad,23.0225,72.5714,2025-10-29 13:00:00,38.4,38.2,363.0,2.8,14.3,148.0,29.7,62,0.0,14.8
Ahmedabad,23.0225,72.5714,2025-10-29 14:00:00,36.6,36.3,371.0,3.5,13.1,149.0,29.8,62,0.0,13.9
Ahmedabad,23.0225,72.5714,2025-10-29 15:00:00,35.0,34.9,402.0,5.3,12.2,143.0,30.0,60,0.0,11.3
Ahmedabad,23.0225,72.5714,2025-10-29 16:00:00,34.0,33.9,450.0,8.1,11.4,131.0,30.0,62,0.0,8.0
Ahmedabad,23.0225,72.5714,2025-10-29 17:00:00,49.1,48.8,502.0,11.2,10.8,103.0,27.4,71,0.0,12.5
Ahmedabad,23.0225,72.5714,2025-10-29 18:00:00,48.9,48.7,572.0,11.9,10.6,97.0,27.1,72,0.0,10.6
Ahmedabad,23.0225,72.5714,2025-10-29 19:00:00,49.1,48.9,646.0,12.8,10.3,89.0,26.5,75,0.1,10.2
Ahmedabad,23.0225,72.5714,2025-10-29 20:00:00,48.7,48.4,676.0,13.2,10.3,84.0,26.2,76,0.0,10.9
Ahmedabad,23.0225,72.5714,2025-10-29 21:00:00,46.6,46.3,625.0,12.5,10.9,86.0,25.9,76,0.1,11.4
Ahmedabad,23.0225,72.5714,2025-10-29 22:00:00,43.3,43.0,530.0,11.2,11.8,91.0,25.8,77,0.0,10.7
Ahmedabad,23.0225,72.5714,2025-10-29 23:00:00,39.1,38.9,448.0,10.1,12.5,93.0,25.9,70,0.0,14.5
Ahmedabad,23.0225,72.5714,2025-10-30 00:00:00,34.5,34.3,399.0,9.6,12.7,91.0,25.5,70,0.0,13.4
Ahmedabad,23.0225,72.5714,2025-10-30 01:00:00,31.0,30.7,364.0,9.3,12.8,86.0,25.1,72,0.0,11.9
Ahmedabad,23.0225,72.5714,2025-10-30 02:00:00,31.9,31.7,341.0,9.1,13.1,81.0,25.0,73,0.0,11.1
Ahmedabad,23.0225,72.5714,2025-10-30 03:00:00,28.3,28.2,330.0,8.9,13.7,77.0,24.9,74,0.0,10.0
Ahmedabad,23.0225,72.5714,2025-10-30 04:00:00,26.9,26.7,331.0,8.8,14.6,73.0,24.5,78,0.2,9.5
Ahmedabad,23.0225,72.5714,2025-10-30 05:00:00,24.6,24.4,343.0,9.3,13.6,70.0,25.0,76,0.6,11.2
Ahmedabad,23.0225,72.5714,2025-10-30 06:00:00,24.1,23.9,373.0,11.7,15.0,68.0,25.1,76,0.0,11.7
Ahmedabad,23.0225,72.5714,2025-10-30 07:00:00,27.1,27.0,415.0,15.0,17.0,65.0,25.2,76,0.0,10.9
Ahmedabad,23.0225,72.5714,2025-10-30 08:00:00,31.9,31.8,443.0,16.9,18.7,65.0,25.4,76,0.0,10.4
Ahmedabad,23.0225,72.5714,2025-10-30 09:00:00,36.3,36.1,445.0,16.2,19.9,71.0,26.4,75,0.0,9.6
Ahmedabad,23.0225,72.5714,2025-10-30 10:00:00,39.6,39.3,435.0,14.3,20.8,81.0,26.6,75,0.0,9.3
Ahmedabad,23.0225,72.5714,2025-10-30 11:00:00,42.8,42.5,428.0,12.8,21.3,90.0,26.3,77,0.1,12.0
Ahmedabad,23.0225,72.5714,2025-10-30 12:00:00,44.4,43.9,418.0,11.8,21.3,100.0,26.2,78,0.2,10.2
Ahmedabad,23.0225,72.5714,2025-10-30 13:00:00,46.1,45.6,412.0,11.3,21.0,109.0,25.6,85,1.2,6.8
Ahmedabad,23.0225,72.5714,2025-10-30 14:00:00,48.2,47.7,448.0,13.0,20.5,112.0,25.4,88,1.3,8.4
Ahmedabad,23.0225,72.5714,2025-10-30 15:00:00,49.2,48.8,561.0,18.6,19.8,104.0,24.9,92,1.7,8.0
Ahmedabad,23.0225,72.5714,2025-10-30 16:00:00,51.3,50.9,716.0,26.4,19.0,89.0,25.0,93,1.4,5.5
Ahmedabad,23.0225,72.5714,2025-10-30 17:00:00,46.4,45.9,853.0,27.3,13.8,75.0,24.4,91,0.3,8.0
Ahmedabad,23.0225,72.5714,2025-10-30 18:00:00,43.4,42.8,973.0,26.7,13.0,69.0,24.2,91,0.1,7.8
Ahmedabad,23.0225,72.5714,2025-10-30 19:00:00,38.8,38.4,1075.0,25.7,11.9,61.0,24.3,91,0.0,8.2
Ahmedabad,23.0225,72.5714,2025-10-30 20:00:00,31.9,31.7,1093.0,24.2,10.9,55.0,24.3,91,0.0,7.3
Ahmedabad,23.0225,72.5714,2025-10-30 21:00:00,27.3,27.1,969.0,22.0,10.4,53.0,24.4,90,0.1,7.9
Ahmedabad,23.0225,72.5714,2025-10-30 22:00:00,25.7,25.5,761.0,19.4,10.0,52.0,24.2,90,0.4,7.7
Ahmedabad,23.0225,72.5714,2025-10-30 23:00:00,24.7,24.4,577.0,16.8,9.6,53.0,23.6,92,0.9,9.3
Ahmedabad,23.0225,72.5714,2025-10-31 00:00:00,23.7,23.4,448.0,14.2,9.0,55.0,23.6,92,0.2,10.0
Ahmedabad,23.0225,72.5714,2025-10-31 01:00:00,23.1,22.9,343.0,11.6,8.4,58.0,23.5,93,1.7,10.1
Ahmedabad,23.0225,72.5714,2025-10-31 02:00:00,22.3,22.1,271.0,9.7,8.2,60.0,23.6,92,1.3,10.5
Ahmedabad,23.0225,72.5714,2025-10-31 03:00:00,21.2,21.1,242.0,8.8,8.5,60.0,23.4,93,0.1,10.2
Ahmedabad,23.0225,72.5714,2025-10-31 04:00:00,20.1,20.1,246.0,8.6,9.2,59.0,23.4,92,0.1,12.4
Ahmedabad,23.0225,72.5714,2025-10-31 05:00:00,15.5,15.5,263.0,7.1,7.9,66.0,22.9,93,0.1,12.9
Ahmedabad,23.0225,72.5714,2025-10-31 06:00:00,15.4,15.3,299.0,9.9,9.1,61.0,23.0,92,1.1,11.7
Ahmedabad,23.0225,72.5714,2025-10-31 07:00:00,16.4,16.4,348.0,13.7,10.7,54.0,23.3,92,0.1,11.3
Ahmedabad,23.0225,72.5714,2025-10-31 08:00:00,18.0,17.9,376.0,15.8,12.0,52.0,24.0,90,0.0,9.2
Ahmedabad,23.0225,72.5714,2025-10-31 09:00:00,15.7,15.6,361.0,14.6,12.6,58.0,24.3,89,0.0,7.9
Ahmedabad,23.0225,72.5714,2025-10-31 10:00:00,13.9,13.9,326.0,11.7,13.0,68.0,26.7,76,0.1,12.1
Ahmedabad,23.0225,72.5714,2025-10-31 11:00:00,13.3,13.1,301.0,9.7,13.4,77.0,26.6,75,0.1,11.6
Ahmedabad,23.0225,72.5714,2025-10-31 12:00:00,13.8,13.5,295.0,8.9,14.0,83.0,27.1,73,0.1,10.8
Ahmedabad,23.0225,72.5714,2025-10-31 13:00:00,14.3,14.1,300.0,9.0,14.7,87.0,27.4,73,0.0,6.4
Ahmedabad,23.0225,72.5714,2025-10-31 14:00:00,15.8,15.5,319.0,11.2,15.3,88.0,27.0,75,0.1,4.8
Ahmedabad,23.0225,72.5714,2025-10-31 15:00:00,18.4,18.1,364.0,17.2,15.7,83.0,27.4,73,0.1,4.0
Ahmedabad,23.0225,72.5714,2025-10-31 16:00:00,20.7,20.4,424.0,25.4,16.0,74.0,27.4,73,0.0,5.6
Ahmedabad,23.0225,72.5714,2025-10-31 17:00:00,29.2,28.5,467.0,25.4,16.1,81.0,26.5,81,0.0,6.6
Ahmedabad,23.0225,72.5714,2025-10-31 18:00:00,33.9,33.4,481.0,31.2,17.1,68.0,25.9,83,0.0,7.5
Ahmedabad,23.0225,72.5714,2025-10-31 19:00:00,37.7,37.3,478.0,39.0,18.4,51.0,25.3,84,0.0,9.0
Ahmedabad,23.0225,72.5714,2025-10-31 20:00:00,36.6,36.2,459.0,43.6,19.0,38.0,25.3,84,0.0,7.1
Ahmedabad,23.0225,72.5714,2025-10-31 21:00:00,34.2,33.9,416.0,42.0,18.4,34.0,25.0,84,0.0,8.1
Ahmedabad,23.0225,72.5714,2025-10-31 22:00:00,33.4,33.1,356.0,37.1,17.0,34.0,24.8,84,0.0,8.5
Ahmedabad,23.0225,72.5714,2025-10-31 23:00:00,31.7,31.3,306.0,32.4,15.5,35.0,25.2,84,0.0,8.4
Ahmedabad,23.0225,72.5714,2025-11-01 00:00:00,29.4,29.0,272.0,29.2,13.9,35.0,25.1,84,0.0,9.6
Ahmedabad,23.0225,72.5714,2025-11-01 01:00:00,27.1,26.8,247.0,26.1,12.2,35.0,24.9,86,0.0,8.3
Ahmedabad,23.0225,72.5714,2025-11-01 02:00:00,26.3,25.9,237.0,23.2,10.7,35.0,24.7,87,0.0,7.9
Ahmedabad,23.0225,72.5714,2025-11-01 03:00:00,24.0,23.7,244.0,19.8,9.5,36.0,24.6,88,0.0,6.3
Ahmedabad,23.0225,72.5714,2025-11-01 04:00:00,22.5,22.2,266.0,16.5,8.5,38.0,24.3,90,0.0,4.4
Ahmedabad,23.0225,72.5714,2025-11-01 05:00:00,20.8,20.6,300.0,15.8,9.3,40.0,23.9,91,0.0,6.5
Ahmedabad,23.0225,72.5714,2025-11-01 06:00:00,19.8,19.7,360.0,16.7,9.9,39.0,24.0,92,0.0,6.3
Ahmedabad,23.0225,72.5714,2025-11-01 07:00:00,21.5,21.4,433.0,17.7,10.8,38.0,24.1,91,0.0,7.4
Ahmedabad,23.0225,72.5714,2025-11-01 08:00:00,22.2,22.0,468.0,17.6,11.7,43.0,25.2,88,0.0,6.9
Ahmedabad,23.0225,72.5714,2025-11-01 09:00:00,20.9,20.6,432.0,15.1,12.7,61.0,26.4,80,0.0,10.2
Ahmedabad,23.0225,72.5714,2025-11-01 10:00:00,20.4,20.0,358.0,11.5,13.8,86.0,27.3,76,0.0,6.4
Ahmedabad,23.0225,72.5714,2025-11-01 11:00:00,21.0,20.4,305.0,8.8,14.7,105.0,28.3,71,0.1,9.7
Ahmedabad,23.0225,72.5714,2025-11-01 12:00:00,21.4,20.5,293.0,7.7,15.2,113.0,27.3,76,0.0,4.9
Ahmedabad,23.0225,72.5714,2025-11-01 13:00:00,20.5,19.6,301.0,7.7,15.5,116.0,27.9,75,0.0,7.5
Ahmedabad,23.0225,72.5714,2025-11-01 14:00:00,20.1,19.3,319.0,8.8,15.9,115.0,28.0,76,0.1,6.0
Ahmedabad,23.0225,72.5714,2025-11-01 15:00:00,19.9,19.2,340.0,10.3,16.2,113.0,28.6,73,0.0,3.5
Ahmedabad,23.0225,72.5714,2025-11-01 16:00:00,20.0,19.4,372.0,13.1,16.7,108.0,28.6,73,0.0,1.8
Ahmedabad,23.0225,72.5714,2025-11-01 17:00:00,21.9,21.2,426.0,13.7,18.6,111.0,27.0,83,0.0,3.3
Ahmedabad,23.0225,72.5714,2025-11-01 18:00:00,31.2,30.5,535.0,31.5,21.2,86.0,26.4,86,0.0,4.4
Ahmedabad,23.0225,72.5714,2025-11-01 19:00:00,42.8,42.1,666.0,56.0,24.7,51.0,26.1,87,0.0,4.5
Ahmedabad,23.0225,72.5714,2025-11-01 20:00:00,52.2,51.5,736.0,73.4,27.2,25.0,25.9,88,0.0,5.8
Ahmedabad,23.0225,72.5714,2025-11-01 21:00:00,57.0,56.2,692.0,78.4,28.0,15.0,25.6,88,0.0,5.8
Ahmedabad,23.0225,72.5714,2025-11-01 22:00:00,60.5,59.6,587.0,76.3,27.8,14.0,25.4,89,0.0,5.2
Ahmedabad,23.0225,72.5714,2025-11-01 23:00:00,59.6,58.8,490.0,69.9,26.9,17.0,25.3,89,0.0,3.1
Ahmedabad,23.0225,72.5714,2025-11-02 00:00:00,53.0,52.0,418.0,57.1,25.0,25.0,25.7,87,0.0,4.9
Ahmedabad,23.0225,72.5714,2025-11-02 01:00:00,43.1,41.9,355.0,39.8,22.5,38.0,25.2,90,0.0,6.2
Ahmedabad,23.0225,72.5714,2025-11-02 02:00:00,33.6,32.2,318.0,26.9,20.7,46.0,25.0,92,0.0,4.4
Ahmedabad,23.0225,72.5714,2025-11-02 03:00:00,31.9,29.6,326.0,22.3,20.2,46.0,24.8,94,0.0,5.2
Ahmedabad,23.0225,72.5714,2025-11-02 04:00:00,29.7,27.1,361.0,22.1,20.3,41.0,24.7,94,0.0,5.4
Ahmedabad,23.0225,72.5714,2025-11-02 05:00:00,32.1,30.0,389.0,28.9,23.5,28.0,24.5,95,0.0,6.0
Ahmedabad,23.0225,72.5714,2025-11-02 06:00:00,28.8,27.2,401.0,27.6,28.1,28.0,24.7,95,0.0,6.3
Ahmedabad,23.0225,72.5714,2025-11-02 07:00:00,29.1,27.7,405.0,25.6,34.4,29.0,25.0,94,0.0,6.7
Ahmedabad,23.0225,72.5714,2025-11-02 08:00:00,22.5,21.3,398.0,22.9,38.1,35.0,26.0,90,0.1,6.4
Ahmedabad,23.0225,72.5714,2025-11-02 09:00:00,23.2,22.1,371.0,19.0,37.2,50.0,27.0,88,0.1,6.2
Ahmedabad,23.0225,72.5714,2025-11-02 10:00:00,22.1,20.8,331.0,14.5,33.7,71.0,28.0,84,0.0,6.0
Ahmedabad,23.0225,72.5714,2025-11-02 11:00:00,20.6,19.3,300.0,10.7,29.5,89.0,28.2,79,0.0,7.9
Ahmedabad,23.0225,72.5714,2025-11-02 12:00:00,21.1,19.7,280.0,7.8,24.4,102.0,29.4,74,0.0,5.5
Ahmedabad,23.0225,72.5714,2025-11-02 13:00:00,21.3,20.0,269.0,5.7,18.6,113.0,30.3,69,0.0,4.0
Ahmedabad,23.0225,72.5714,2025-11-02 14:00:00,21.0,19.7,274.0,5.2,14.4,117.0,30.8,65,0.0,4.6
Ahmedabad,23.0225,72.5714,2025-11-02 15:00:00,20.0,18.8,310.0,6.5,12.8,113.0,30.7,64,0.0,5.8
Ahmedabad,23.0225,72.5714,2025-11-02 16:00:00,20.0,18.9,362.0,9.5,12.7,102.0,29.1,73,0.1,8.3
Ahmedabad,23.0225,72.5714,2025-11-02 17:00:00,32.8,31.2,402.0,17.2,18.4,104.0,27.5,83,0.0,3.5
Ahmedabad,23.0225,72.5714,2025-11-02 18:00:00,39.7,38.2,415.0,23.7,20.2,88.0,26.9,85,0.0,5.9
Ahmedabad,23.0225,72.5714,2025-11-02 19:00:00,41.7,40.3,415.0,32.6,22.5,65.0,26.5,87,0.0,6.3
Ahmedabad,23.0225,72.5714,2025-11-02 20:00:00,38.0,36.8,415.0,38.0,23.9,48.0,26.4,86,0.0,5.6
Ahmedabad,23.0225,72.5714,2025-11-02 21:00:00,32.9,32.0,424.0,36.8,23.5,40.0,26.2,87,0.0,7.5
Ahmedabad,23.0225,72.5714,2025-11-02 22:00:00,28.2,27.3,432.0,32.2,22.1,38.0,25.9,89,0.0,8.9
Ahmedabad,23.0225,72.5714,2025-11-02 23:00:00,25.1,24.0,424.0,27.8,20.3,37.0,24.9,94,0.0,6.1
Ahmedabad,23.0225,72.5714,2025-11-03 00:00:00,21.9,20.7,384.0,24.7,18.2,37.0,25.1,94,0.0,7.4
Ahmedabad,23.0225,72.5714,2025-11-03 01:00:00,22.2,20.5,328.0,21.9,15.7,39.0,24.9,95,0.0,4.5
Ahmedabad,23.0225,72.5714,2025-11-03 02:00:00,19.1,17.5,288.0,19.5,13.5,40.0,24.8,96,0.0,2.2
Ahmedabad,23.0225,72.5714,2025-11-03 03:00:00,15.7,14.1,275.0,17.5,11.6,41.0,24.4,98,0.0,1.4
Ahmedabad,23.0225,72.5714,2025-11-03 04:00:00,14.7,13.3,279.0,16.0,9.9,41.0,24.4,98,0.0,2.0
Ahmedabad,23.0225,72.5714,2025-11-03 05:00:00,6.7,6.4,303.0,10.4,7.7,52.0,23.9,95,0.2,5.2
Ahmedabad,23.0225,72.5714,2025-11-03 06:00:00,6.2,5.9,372.0,11.6,8.9,50.0,24.0,94,0.0,3.5
Ahmedabad,23.0225,72.5714,2025-11-03 07:00:00,7.8,7.6,463.0,13.1,10.5,48.0,24.2,94,0.0,3.9
Ahmedabad,23.0225,72.5714,2025-11-03 08:00:00,9.0,8.7,505.0,13.4,11.4,51.0,25.3,91,0.0,3.4
Ahmedabad,23.0225,72.5714,2025-11-03 09:00:00,10.1,9.7,453.0,11.1,11.0,65.0,27.0,84,0.0,6.6
Ahmedabad,23.0225,72.5714,2025-11-03 10:00:00,11.1,10.6,353.0,7.6,9.8,83.0,28.2,77,0.0,7.1
Ahmedabad,23.0225,72.5714,2025-11-03 11:00:00,12.0,11.3,276.0,4.8,8.6,98.0,29.6,70,0.1,10.0
Ahmedabad,23.0225,72.5714,2025-11-03 12:00:00,11.8,11.1,247.0,3.2,7.3,105.0,30.3,66,0.0,10.8
Ahmedabad,23.0225,72.5714,2025-11-03 13:00:00,11.6,10.9,241.0,2.3,6.0,108.0,30.7,65,0.0,10.3
Ahmedabad,23.0225,72.5714,2025-11-03 14:00:00,11.2,10.5,247.0,2.8,5.1,107.0,30.8,65,0.0,10.3
Ahmedabad,23.0225,72.5714,2025-11-03 15:00:00,10.8,10.2,268.0,5.2,5.1,102.0,30.5,65,0.4,10.5
Ahmedabad,23.0225,72.5714,2025-11-03 16:00:00,10.8,10.2,303.0,9.0,5.6,92.0,29.4,70,0.0,8.5
Ahmedabad,23.0225,72.5714,2025-11-03 17:00:00,21.5,20.6,336.0,15.8,5.9,69.0,29.0,71,0.0,10.2
Ahmedabad,23.0225,72.5714,2025-11-03 18:00:00,23.9,23.1,366.0,20.3,7.0,59.0,27.5,80,0.0,11.4
Ahmedabad,23.0225,72.5714,2025-11-03 19:00:00,25.8,25.1,395.0,26.4,8.6,46.0,27.0,83,0.0,12.1
Ahmedabad,23.0225,72.5714,2025-11-03 20:00:00,28.3,27.6,411.0,30.0,9.5,36.0,26.4,85,0.0,10.4
Ahmedabad,23.0225,72.5714,2025-11-03 21:00:00,27.8,27.2,407.0,28.9,9.3,34.0,26.0,85,0.0,8.9
Ahmedabad,23.0225,72.5714,2025-11-03 22:00:00,27.5,27.0,389.0,25.3,8.5,35.0,25.8,84,0.0,8.9
Ahmedabad,23.0225,72.5714,2025-11-03 23:00:00,27.0,26.4,371.0,21.4,7.9,39.0,25.2,88,0.0,9.9
Ahmedabad,23.0225,72.5714,2025-11-04 00:00:00,26.8,26.0,353.0,17.4,7.7,46.0,24.8,87,0.0,8.4
Ahmedabad,23.0225,72.5714,2025-11-04 01:00:00,28.1,26.9,334.0,13.2,7.7,56.0,24.7,88,0.0,8.4
Ahmedabad,23.0225,72.5714,2025-11-04 02:00:00,28.6,27.2,319.0,10.2,7.7,62.0,24.5,88,0.0,8.1
Ahmedabad,23.0225,72.5714,2025-11-04 03:00:00,27.8,26.3,309.0,9.3,7.8,61.0,24.3,88,0.0,8.5
Ahmedabad,23.0225,72.5714,2025-11-04 04:00:00,26.0,24.6,303.0,9.7,7.9,56.0,24.0,89,0.0,8.9
Ahmedabad,23.0225,72.5714,2025-11-04 05:00:00,20.8,19.8,304.0,9.3,7.6,57.0,24.1,84,0.0,8.6
Ahmedabad,23.0225,72.5714,2025-11-04 06:00:00,19.6,18.6,322.0,9.6,7.6,57.0,24.0,85,0.0,8.2
Ahmedabad,23.0225,72.5714,2025-11-04 07:00:00,20.7,19.7,346.0,9.9,7.7,58.0,23.9,88,0.0,7.6
Ahmedabad,23.0225,72.5714,2025-11-04 08:00:00,20.6,19.0,353.0,9.5,7.5,63.0,24.9,86,0.0,8.1
Ahmedabad,23.0225,72.5714,2025-11-04 09:00:00,22.1,18.9,324.0,7.6,7.0,74.0,26.2,82,0.1,9.9
Ahmedabad,23.0225,72.5714,2025-11-04 10:00:00,24.2,19.2,276.0,5.0,6.3,90.0,27.3,77,0.0,8.3
Ahmedabad,23.0225,72.5714,2025-11-04 11:00:00,27.4,19.6,239.0,3.0,5.8,102.0,28.2,72,0.0,7.2
Ahmedabad,23.0225,72.5714,2025-11-04 12:00:00,31.9,19.8,215.0,1.7,5.4,110.0,29.0,67,0.0,7.0
Ahmedabad,23.0225,72.5714,2025-11-04 13:00:00,36.8,19.6,201.0,1.1,5.2,115.0,29.6,57,0.0,7.2
Ahmedabad,23.0225,72.5714,2025-11-04 14:00:00,40.9,19.3,220.0,2.4,5.2,116.0,30.1,52,0.0,6.3
Ahmedabad,23.0225,72.5714,2025-11-04 15:00:00,43.2,19.4,287.0,5.2,5.1,111.0,30.3,50,0.0,7.1
Ahmedabad,23.0225,72.5714,2025-11-04 16:00:00,42.7,19.3,386.0,10.0,5.2,101.0,29.9,52,0.0,6.3
Ahmedabad,23.0225,72.5714,2025-11-04 17:00:00,47.0,26.1,489.0,20.2,7.1,84.0,28.5,64,0.0,2.8
Ahmedabad,23.0225,72.5714,2025-11-04 18:00:00,59.8,37.8,590.0,38.6,11.2,63.0,27.7,65,0.0,2.6
Ahmedabad,23.0225,72.5714,2025-11-04 19:00:00,71.9,49.0,694.0,63.8,16.8,35.0,27.1,64,0.0,4.0
Ahmedabad,23.0225,72.5714,2025-11-04 20:00:00,80.3,57.0,788.0,81.2,21.3,14.0,25.6,74,0.0,7.2
Ahmedabad,23.0225,72.5714,2025-11-04 21:00:00,85.0,61.5,878.0,83.2,23.7,7.0,24.6,83,0.0,7.9
Ahmedabad,23.0225,72.5714,2025-11-04 22:00:00,87.5,64.0,959.0,77.4,24.9,8.0,24.1,88,0.0,5.9
Ahmedabad,23.0225,72.5714,2025-11-04 23:00:00,87.5,64.0,994.0,72.0,25.2,9.0,24.0,93,0.0,5.4
Ahmedabad,23.0225,72.5714,2025-11-05 00:00:00,84.5,61.0,952.0,69.9,23.9,9.0,23.9,94,0.0,5.2
Ahmedabad,23.0225,72.5714,2025-11-05 01:00:00,82.0,58.2,865.0,68.2,21.6,11.0,23.5,97,0.0,3.2
Ahmedabad,23.0225,72.5714,2025-11-05 02:00:00,82.7,58.6,797.0,66.9,20.1,11.0,23.0,99,0.0,0.5
Ahmedabad,23.0225,72.5714,2025-11-05 03:00:00,84.8,61.0,787.0,66.1,20.2,9.0,22.5,100,0.0,4.4
Ahmedabad,23.0225,72.5714,2025-11-05 04:00:00,86.8,63.8,795.0,65.6,21.1,6.0,22.1,100,0.0,4.2
Ahmedabad,23.0225,72.5714,2025-11-05 05:00:00,70.5,47.7,770.0,52.8,14.9,15.0,22.7,98,0.0,6.2
Ahmedabad,23.0225,72.5714,2025-11-05 06:00:00,75.4,53.1,675.0,50.2,15.4,19.0,22.6,97,0.0,5.0
Ahmedabad,23.0225,72.5714,2025-11-05 07:00:00,84.5,63.6,546.0,46.2,16.0,27.0,22.3,98,0.0,5.2
Ahmedabad,23.0225,72.5714,2025-11-05 08:00:00,72.4,55.5,443.0,39.8,15.9,42.0,23.3,93,0.0,6.1
Ahmedabad,23.0225,72.5714,2025-11-05 09:00:00,61.7,39.2,393.0,28.5,14.6,73.0,24.8,86,0.0,4.1
Ahmedabad,23.0225,72.5714,2025-11-05 10:00:00,57.3,32.7,369.0,14.8,12.5,112.0,26.2,81,0.0,4.0
Ahmedabad,23.0225,72.5714,2025-11-05 11:00:00,51.8,28.6,348.0,4.8,10.7,140.0,28.2,70,0.0,3.6
Ahmedabad,23.0225,72.5714,2025-11-05 12:00:00,44.5,24.9,311.0,0.6,9.2,150.0,29.3,62,0.0,3.3
Ahmedabad,23.0225,72.5714,2025-11-05 13:00:00,41.0,23.6,278.0,0.1,7.9,149.0,30.0,55,0.0,2.9
Ahmedabad,23.0225,72.5714,2025-11-05 14:00:00,39.1,22.6,286.0,2.7,7.2,144.0,30.5,49,0.0,3.0
Ahmedabad,23.0225,72.5714,2025-11-05 15:00:00,38.2,21.7,332.0,7.3,6.7,136.0,30.6,45,0.0,3.2
Ahmedabad,23.0225,72.5714,2025-11-05 16:00:00,37.6,21.2,419.0,15.1,6.8,124.0,30.3,44,0.0,4.1
Ahmedabad,23.0225,72.5714,2025-11-05 17:00:00,55.5,35.3,594.0,30.0,10.1,111.0,29.0,58,0.0,1.9
Ahmedabad,23.0225,72.5714,2025-11-05 18:00:00,68.7,48.2,977.0,51.3,15.3,86.0,28.2,59,0.0,1.9
Ahmedabad,23.0225,72.5714,2025-11-05 19:00:00,80.1,59.8,1449.0,80.3,22.3,52.0,27.6,55,0.0,2.4
Ahmedabad,23.0225,72.5714,2025-11-05 20:00:00,90.1,69.8,1696.0,100.1,27.3,26.0,26.3,61,0.0,6.9
Ahmedabad,23.0225,72.5714,2025-11-05 21:00:00,95.2,75.0,1512.0,102.7,28.4,18.0,25.6,62,0.0,6.9
Ahmedabad,23.0225,72.5714,2025-11-05 22:00:00,95.0,74.7,1103.0,95.9,27.5,18.0,25.4,61,0.0,6.9
Ahmedabad,23.0225,72.5714,2025-11-05 23:00:00,86.1,65.7,777.0,86.4,25.6,21.0,24.7,68,0.0,4.8
Ahmedabad,23.0225,72.5714,2025-11-06 00:00:00,75.7,55.2,657.0,74.1,22.7,27.0,24.6,67,0.0,3.9
Ahmedabad,23.0225,72.5714,2025-11-06 01:00:00,70.1,49.4,620.0,59.1,18.8,35.0,23.8,69,0.0,4.9
Ahmedabad,23.0225,72.5714,2025-11-06 02:00:00,68.5,48.3,602.0,48.0,15.6,39.0,23.2,70,0.0,6.4
Ahmedabad,23.0225,72.5714,2025-11-06 03:00:00,70.3,51.7,573.0,44.8,13.5,33.0,22.6,72,0.0,5.6
Ahmedabad,23.0225,72.5714,2025-11-06 04:00:00,65.9,50.3,564.0,45.5,12.0,24.0,21.6,76,0.0,6.2
Ahmedabad,23.0225,72.5714,2025-11-06 05:00:00,85.9,67.5,605.0,67.4,19.4,13.0,21.5,85,0.0,5.1
Ahmedabad,23.0225,72.5714,2025-11-06 06:00:00,73.6,60.3,767.0,60.3,18.4,16.0,21.9,82,0.0,5.0
Ahmedabad,23.0225,72.5714,2025-11-06 07:00:00,69.2,59.0,980.0,50.2,16.9,21.0,21.8,83,0.0,6.8
Ahmedabad,23.0225,72.5714,2025-11-06 08:00:00,57.6,51.5,1065.0,39.6,15.9,37.0,23.0,81,0.0,5.8
Ahmedabad,23.0225,72.5714,2025-11-06 09:00:00,48.1,41.6,898.0,28.3,15.9,75.0,25.4,72,0.0,4.7
Ahmedabad,23.0225,72.5714,2025-11-06 10:00:00,41.8,34.5,603.0,16.5,16.3,125.0,27.3,61,0.0,5.6
Ahmedabad,23.0225,72.5714,2025-11-06 11:00:00,36.9,29.6,371.0,7.8,16.1,161.0,28.9,53,0.0,5.3
Ahmedabad,23.0225,72.5714,2025-11-06 12:00:00,32.2,25.7,268.0,3.3,14.7,172.0,29.9,45,0.0,5.1
Ahmedabad,23.0225,72.5714,2025-11-06 13:00:00,29.1,23.2,229.0,1.7,12.7,170.0,30.6,36,0.0,5.2
Ahmedabad,23.0225,72.5714,2025-11-06 14:00:00,26.6,21.2,242.0,3.2,11.3,163.0,30.8,33,0.0,5.3
Ahmedabad,23.0225,72.5714,2025-11-06 15:00:00,25.3,20.3,301.0,7.2,10.6,153.0,30.6,33,0.0,5.3
Ahmedabad,23.0225,72.5714,2025-11-06 16:00:00,24.7,20.5,413.0,14.2,10.4,137.0,30.1,36,0.0,5.4
Ahmedabad,23.0225,72.5714,2025-11-06 17:00:00,26.0,23.2,592.0,25.9,12.2,114.0,28.3,47,0.0,4.9
Ahmedabad,23.0225,72.5714,2025-11-06 18:00:00,37.0,34.2,893.0,44.8,16.0,88.0,27.0,51,0.0,4.5
Ahmedabad,23.0225,72.5714,2025-11-06 19:00:00,48.1,45.4,1262.0,70.9,21.4,53.0,25.8,58,0.0,3.9
Ahmedabad,23.0225,72.5714,2025-11-06 20:00:00,58.3,55.8,1546.0,91.8,26.5,25.0,24.9,60,0.0,3.8
Ahmedabad,23.0225,72.5714,2025-11-06 21:00:00,67.8,65.2,1714.0,102.6,31.3,14.0,24.2,60,0.0,5.6
Ahmedabad,23.0225,72.5714,2025-11-06 22:00:00,76.4,73.8,1797.0,108.1,35.8,11.0,23.4,63,0.0,4.7
Ahmedabad,23.0225,72.5714,2025-11-06 23:00:00,82.4,79.6,1739.0,109.8,37.8,9.0,22.3,66,0.0,4.9
Ahmedabad,23.0225,72.5714,2025-11-07 00:00:00,81.3,78.5,1438.0,108.3,35.8,5.0,22.1,63,0.0,5.4
Ahmedabad,23.0225,72.5714,2025-11-07 01:00:00,79.6,77.3,996.0,103.1,31.2,3.0,21.1,68,0.0,6.5
Ahmedabad,23.0225,72.5714,2025-11-07 02:00:00,73.8,71.9,660.0,94.3,26.1,3.0,20.0,70,0.0,8.1
Ahmedabad,23.0225,72.5714,2025-11-07 03:00:00,60.5,59.1,539.0,79.7,20.5,7.0,19.2,72,0.0,9.4
Ahmedabad,23.0225,72.5714,2025-11-07 04:00:00,49.4,48.3,523.0,61.5,14.5,13.0,18.9,71,0.0,8.9
Ahmedabad,23.0225,72.5714,2025-11-07 05:00:00,40.4,39.1,534.0,41.8,9.3,23.0,19.1,72,0.0,9.3
Ahmedabad,23.0225,72.5714,2025-11-07 06:00:00,35.0,33.5,566.0,37.3,9.5,26.0,19.1,70,0.0,9.9
Ahmedabad,23.0225,72.5714,2025-11-07 07:00:00,35.6,33.8,625.0,31.0,9.8,32.0,19.1,68,0.0,9.9
Ahmedabad,23.0225,72.5714,2025-11-07 08:00:00,36.7,35.2,645.0,24.6,10.4,47.0,20.5,68,0.0,9.6
Ahmedabad,23.0225,72.5714,2025-11-07 09:00:00,38.0,36.1,587.0,18.4,11.7,78.0,22.6,63,0.0,5.9
Ahmedabad,23.0225,72.5714,2025-11-07 10:00:00,39.2,36.6,491.0,12.2,13.4,117.0,25.0,56,0.0,6.1
Ahmedabad,23.0225,72.5714,2025-11-07 11:00:00,40.7,36.9,409.0,7.4,14.2,147.0,27.6,46,0.0,6.3
Ahmedabad,23.0225,72.5714,2025-11-07 12:00:00,39.5,35.2,352.0,3.9,13.4,160.0,29.0,36,0.0,6.5
Ahmedabad,23.0225,72.5714,2025-11-07 13:00:00,33.2,29.2,309.0,1.9,11.7,162.0,29.7,29,0.0,6.5
Ahmedabad,23.0225,72.5714,2025-11-07 14:00:00,31.0,27.1,302.0,3.3,10.6,159.0,29.9,27,0.0,6.7
Ahmedabad,23.0225,72.5714,2025-11-07 15:00:00,30.4,26.8,315.0,8.5,10.3,151.0,29.6,27,0.0,7.3
Ahmedabad,23.0225,72.5714,2025-11-07 16:00:00,31.1,28.0,364.0,17.2,10.5,136.0,28.8,32,0.0,6.3
Ahmedabad,23.0225,72.5714,2025-11-07 17:00:00,40.9,36.4,521.0,27.8,11.0,118.0,27.3,46,0.0,4.3
Ahmedabad,23.0225,72.5714,2025-11-07 18:00:00,51.9,47.4,888.0,48.0,15.1,91.0,26.3,49,0.0,4.7
Ahmedabad,23.0225,72.5714,2025-11-07 19:00:00,63.6,58.9,1362.0,75.9,20.9,54.0,24.9,56,0.0,5.6
Ahmedabad,23.0225,72.5714,2025-11-07 20:00:00,78.5,73.6,1711.0,97.7,26.1,24.0,23.3,66,0.0,3.6
Ahmedabad,23.0225,72.5714,2025-11-07 21:00:00,91.3,86.4,1861.0,108.2,30.9,10.0,22.4,70,0.0,3.1
Ahmedabad,23.0225,72.5714,2025-11-07 22:00:00,102.0,96.9,1884.0,112.6,35.1,4.0,21.8,68,0.0,3.5
Ahmedabad,23.0225,72.5714,2025-11-07 23:00:00,105.2,100.1,1768.0,112.0,36.2,1.0,20.3,76,0.0,4.4
Ahmedabad,23.0225,72.5714,2025-11-08 00:00:00,101.5,96.6,1422.0,105.4,32.0,0.0,20.3,71,0.0,5.0
Ahmedabad,23.0225,72.5714,2025-11-08 01:00:00,93.1,88.7,935.0,93.8,24.7,0.0,19.7,70,0.0,6.4
Ahmedabad,23.0225,72.5714,2025-11-08 02:00:00,81.7,77.8,566.0,82.2,18.6,1.0,18.7,71,0.0,7.0
Ahmedabad,23.0225,72.5714,2025-11-08 03:00:00,71.2,68.0,423.0,71.6,15.3,4.0,17.9,70,0.0,7.7
Ahmedabad,23.0225,72.5714,2025-11-08 04:00:00,62.4,60.1,396.0,60.9,13.2,9.0,17.2,66,0.0,8.4
Ahmedabad,23.0225,72.5714,2025-11-08 05:00:00,49.8,48.8,417.0,46.1,12.1,24.0,17.3,66,0.0,8.4
Ahmedabad,23.0225,72.5714,2025-11-08 06:00:00,41.3,40.6,497.0,41.8,12.0,27.0,17.2,64,0.0,8.9
Ahmedabad,23.0225,72.5714,2025-11-08 07:00:00,38.0,37.6,624.0,35.5,11.9,33.0,17.1,63,0.0,9.1
Ahmedabad,23.0225,72.5714,2025-11-08 08:00:00,30.2,30.0,690.0,29.0,12.4,49.0,18.4,64,0.0,8.2
Ahmedabad,23.0225,72.5714,2025-11-08 09:00:00,24.8,24.7,631.0,22.1,14.2,83.0,21.0,57,0.0,4.8
Ahmedabad,23.0225,72.5714,2025-11-08 10:00:00,19.7,19.6,510.0,14.8,16.5,126.0,23.9,54,0.0,3.8
Ahmedabad,23.0225,72.5714,2025-11-08 11:00:00,15.7,15.6,408.0,9.2,18.0,160.0,27.1,42,0.0,3.6
Ahmedabad,23.0225,72.5714,2025-11-08 12:00:00,13.8,13.6,344.0,5.4,17.9,177.0,28.8,31,0.0,3.4
Ahmedabad,23.0225,72.5714,2025-11-08 13:00:00,15.3,14.6,299.0,3.3,17.0,183.0,29.5,26,0.0,3.5
Ahmedabad,23.0225,72.5714,2025-11-08 14:00:00,17.2,15.5,289.0,4.1,16.1,182.0,29.7,25,0.0,5.0
Ahmedabad,23.0225,72.5714,2025-11-08 15:00:00,18.7,16.0,324.0,8.2,15.0,171.0,29.5,25,0.0,6.4
Ahmedabad,23.0225,72.5714,2025-11-08 16:00:00,19.6,16.5,395.0,15.2,13.9,153.0,28.9,27,0.0,6.7
Ahmedabad,23.0225,72.5714,2025-11-08 17:00:00,25.6,22.1,490.0,24.4,12.8,125.0,27.1,37,0.0,8.5
Ahmedabad,23.0225,72.5714,2025-11-08 18:00:00,34.5,30.9,612.0,39.0,15.3,101.0,26.1,40,0.0,8.0
Ahmedabad,23.0225,72.5714,2025-11-08 19:00:00,42.5,39.0,758.0,59.2,18.8,68.0,25.4,43,0.0,7.4
Ahmedabad,23.0225,72.5714,2025-11-08 20:00:00,52.6,49.1,906.0,74.9,21.8,42.0,24.4,47,0.0,7.1
Ahmedabad,23.0225,72.5714,2025-11-08 21:00:00,61.7,58.0,1081.0,82.2,24.3,30.0,23.5,47,0.0,7.6
Ahmedabad,23.0225,72.5714,2025-11-08 22:00:00,68.9,65.0,1257.0,85.0,26.4,26.0,22.7,49,0.0,5.6
Ahmedabad,23.0225,72.5714,2025-11-08 23:00:00,72.2,68.0,1334.0,84.3,26.6,23.0,21.0,61,0.0,4.2
Ahmedabad,23.0225,72.5714,2025-11-09 00:00:00,70.1,65.4,1235.0,79.3,23.5,22.0,20.7,62,0.0,4.1
Ahmedabad,23.0225,72.5714,2025-11-09 01:00:00,66.6,61.5,1037.0,70.8,18.6,23.0,19.5,66,0.0,8.8
Ahmedabad,23.0225,72.5714,2025-11-09 02:00:00,62.2,57.3,868.0,62.8,14.5,23.0,19.6,60,0.0,8.4
Ahmedabad,23.0225,72.5714,2025-11-09 03:00:00,58.8,53.8,769.0,56.6,12.2,21.0,19.4,60,0.0,7.2
Ahmedabad,23.0225,72.5714,2025-11-09 04:00:00,56.2,51.3,700.0,50.9,10.9,18.0,17.4,70,0.0,8.2
Ahmedabad,23.0225,72.5714,2025-11-09 05:00:00,61.7,56.6,671.0,55.9,11.1,11.0,17.2,74,0.0,6.8
Ahmedabad,23.0225,72.5714,2025-11-09 06:00:00,56.0,51.8,718.0,50.8,11.4,14.0,17.1,75,0.0,7.9
Ahmedabad,23.0225,72.5714,2025-11-09 07:00:00,57.6,53.6,805.0,43.3,12.0,20.0,16.8,75,0.0,8.4
Ahmedabad,23.0225,72.5714,2025-11-09 08:00:00,51.6,48.8,832.0,35.3,13.0,38.0,18.5,69,0.0,6.8
Ahmedabad,23.0225,72.5714,2025-11-09 09:00:00,42.8,40.3,738.0,26.3,15.2,78.0,21.2,59,0.0,3.6
Ahmedabad,23.0225,72.5714,2025-11-09 10:00:00,34.8,31.5,585.0,16.6,18.0,130.0,24.3,50,0.0,2.7
Ahmedabad,23.0225,72.5714,2025-11-09 11:00:00,33.2,29.0,459.0,9.2,19.5,169.0,27.5,37,0.0,3.7
Ahmedabad,23.0225,72.5714,2025-11-09 12:00:00,32.9,27.8,386.0,4.7,18.6,185.0,29.1,26,0.0,3.2
Ahmedabad,23.0225,72.5714,2025-11-09 13:00:00,33.3,26.9,341.0,2.6,16.4,189.0,29.7,22,0.0,1.4
Ahmedabad,23.0225,72.5714,2025-11-09 14:00:00,33.3,26.4,335.0,3.5,14.7,185.0,29.8,21,0.0,2.3
Ahmedabad,23.0225,72.5714,2025-11-09 15:00:00,33.3,26.5,374.0,7.3,13.7,176.0,29.7,22,0.0,3.9
Ahmedabad,23.0225,72.5714,2025-11-09 16:00:00,33.3,26.7,453.0,14.3,13.1,159.0,29.2,23,0.0,5.3
Ahmedabad,23.0225,72.5714,2025-11-09 17:00:00,40.6,35.5,564.0,28.3,16.2,140.0,28.1,29,0.0,7.9
Ahmedabad,23.0225,72.5714,2025-11-09 18:00:00,52.5,47.3,719.0,47.1,19.3,110.0,27.2,32,0.0,7.9
Ahmedabad,23.0225,72.5714,2025-11-09 19:00:00,65.0,59.6,907.0,72.9,23.7,69.0,26.1,36,0.0,7.9
Ahmedabad,23.0225,72.5714,2025-11-09 20:00:00,76.8,71.5,1082.0,92.2,27.4,37.0,24.7,42,0.0,8.0
Ahmedabad,23.0225,72.5714,2025-11-09 21:00:00,83.6,78.2,1249.0,98.6,29.9,25.0,24.2,42,0.0,7.3
Ahmedabad,23.0225,72.5714,2025-11-09 22:00:00,89.6,84.3,1403.0,98.4,31.8,22.0,24.0,40,0.0,5.2
Ahmedabad,23.0225,72.5714,2025-11-09 23:00:00,94.1,88.5,1489.0,96.8,32.6,22.0,22.4,46,0.0,4.3
Ahmedabad,23.0225,72.5714,2025-11-10 00:00:00,94.8,89.2,1474.0,95.7,32.2,22.0,21.0,54,0.0,5.7
Ahmedabad,23.0225,72.5714,2025-11-10 01:00:00,95.7,90.1,1391.0,93.1,30.7,23.0,19.8,61,0.0,6.7
Ahmedabad,23.0225,72.5714,2025-11-10 02:00:00,93.6,88.0,1279.0,88.7,28.3,24.0,19.1,64,0.0,7.4
Ahmedabad,23.0225,72.5714,2025-11-10 03:00:00,89.9,84.3,1116.0,81.5,24.3,22.0,18.6,64,0.0,8.3
Ahmedabad,23.0225,72.5714,2025-11-10 04:00:00,83.1,78.0,924.0,72.4,19.4,18.0,18.5,62,0.0,6.9
Ahmedabad,23.0225,72.5714,2025-11-10 05:00:00,73.8,68.9,808.0,61.3,14.0,17.0,18.2,64,0.0,7.0
Ahmedabad,23.0225,72.5714,2025-11-10 06:00:00,66.6,62.2,859.0,56.4,13.9,19.0,17.8,66,0.0,7.7
Ahmedabad,23.0225,72.5714,2025-11-10 07:00:00,68.0,63.8,986.0,49.2,13.7,23.0,17.5,67,0.0,7.3
Ahmedabad,23.0225,72.5714,2025-11-10 08:00:00,59.8,57.3,1026.0,40.6,13.8,39.0,19.4,61,0.0,5.2
Ahmedabad,23.0225,72.5714,2025-11-10 09:00:00,44.5,41.8,881.0,29.5,14.3,77.0,22.3,51,0.0,3.1
Ahmedabad,23.0225,72.5714,2025-11-10 10:00:00,33.4,29.8,648.0,17.0,15.1,127.0,25.3,42,0.0,3.6
Ahmedabad,23.0225,72.5714,2025-11-10 11:00:00,28.3,24.7,463.0,7.7,15.6,165.0,27.8,33,0.0,3.5
Ahmedabad,23.0225,72.5714,2025-11-10 12:00:00,28.0,24.2,373.0,3.2,15.5,183.0,29.4,22,0.0,3.9
Ahmedabad,23.0225,72.5714,2025-11-10 13:00:00,29.5,25.7,330.0,1.9,15.1,189.0,29.8,21,0.0,3.2
Ahmedabad,23.0225,72.5714,2025-11-10 14:00:00,30.6,26.9,320.0,3.7,15.0,188.0,30.0,21,0.0,2.8
Ahmedabad,23.0225,72.5714,2025-11-10 15:00:00,31.5,27.9,306.0,8.0,15.0,182.0,29.8,22,0.0,2.6
Ahmedabad,23.0225,72.5714,2025-11-10 16:00:00,32.4,28.8,327.0,15.4,15.2,169.0,29.4,23,0.0,3.0
Ahmedabad,23.0225,72.5714,2025-11-10 17:00:00,40.3,37.1,481.0,30.0,17.9,146.0,28.1,29,0.0,6.4
Ahmedabad,23.0225,72.5714,2025-11-10 18:00:00,53.8,50.8,892.0,52.4,22.3,112.0,26.8,32,0.0,3.3
Ahmedabad,23.0225,72.5714,2025-11-10 19:00:00,70.5,67.3,1438.0,83.3,28.4,65.0,26.0,36,0.0,2.2
Ahmedabad,23.0225,72.5714,2025-11-10 20:00:00,85.9,82.7,1851.0,106.2,33.3,28.0,25.6,41,0.0,4.3
Ahmedabad,23.0225,72.5714,2025-11-10 21:00:00,95.2,92.2,2026.0,113.9,36.1,12.0,25.6,41,0.0,2.7
Ahmedabad,23.0225,72.5714,2025-11-10 22:00:00,101.3,98.0,2068.0,113.7,37.7,6.0,24.2,45,0.0,1.4
Ahmedabad,23.0225,72.5714,2025-11-10 23:00:00,103.6,100.4,2027.0,110.6,37.5,3.0,22.6,54,0.0,0.4
Ahmedabad,23.0225,72.5714,2025-11-11 00:00:00,101.7,98.7,1897.0,105.9,34.7,2.0,22.5,53,0.0,1.8
Ahmedabad,23.0225,72.5714,2025-11-11 01:00:00,98.5,95.2,1683.0,98.3,30.0,3.0,21.5,57,0.0,2.5
Ahmedabad,23.0225,72.5714,2025-11-11 02:00:00,94.1,90.8,1454.0,89.6,25.5,6.0,20.5,61,0.0,3.9
Ahmedabad,23.0225,72.5714,2025-11-11 03:00:00,87.5,84.5,1192.0,79.7,21.4,9.0,19.4,65,0.0,6.4
Ahmedabad,23.0225,72.5714,2025-11-11 04:00:00,79.2,76.1,915.0,68.6,17.4,13.0,18.8,65,0.0,6.9
Ahmedabad,23.0225,72.5714,2025-11-11 05:00:00,85.2,82.2,739.0,71.1,19.4,9.0,18.0,69,0.0,7.3
Ahmedabad,23.0225,72.5714,2025-11-11 06:00:00,75.2,72.4,765.0,63.8,18.1,15.0,17.8,68,0.0,7.8
Ahmedabad,23.0225,72.5714,2025-11-11 07:00:00,72.2,69.6,892.0,53.1,16.3,25.0,17.8,68,0.0,7.4
Ahmedabad,23.0225,72.5714,2025-11-11 08:00:00,60.8,58.9,938.0,41.8,15.1,45.0,19.8,61,0.0,5.5
Ahmedabad,23.0225,72.5714,2025-11-11 09:00:00,43.9,41.8,797.0,29.0,15.1,83.0,23.0,50,0.0,3.3
Ahmedabad,23.0225,72.5714,2025-11-11 10:00:00,34.2,31.3,573.0,15.6,15.6,132.0,26.0,40,0.0,4.2
Ahmedabad,23.0225,72.5714,2025-11-11 11:00:00,28.9,25.8,401.0,5.8,15.9,168.0,28.4,31,0.0,3.8
Ahmedabad,23.0225,72.5714,2025-11-11 12:00:00,26.9,24.4,332.0,1.8,15.7,184.0,29.6,24,0.0,3.1
Ahmedabad,23.0225,72.5714,2025-11-11 13:00:00,27.0,24.7,314.0,1.6,15.3,188.0,30.1,22,0.0,2.7
Ahmedabad,23.0225,72.5714,2025-11-11 14:00:00,27.6,25.4,320.0,3.5,15.0,186.0,30.2,22,0.0,2.3
Ahmedabad,23.0225,72.5714,2025-11-11 15:00:00,28.2,26.1,319.0,6.2,14.5,179.0,30.2,22,0.0,2.6
Ahmedabad,23.0225,72.5714,2025-11-11 16:00:00,28.6,26.6,342.0,11.1,14.1,166.0,29.7,23,0.0,3.3
Ahmedabad,23.0225,72.5714,2025-11-11 17:00:00,33.5,32.4,451.0,25.4,19.3,147.0,28.1,29,0.0,4.9
Ahmedabad,23.0225,72.5714,2025-11-11 18:00:00,46.9,45.8,710.0,49.3,24.0,112.0,26.8,34,0.0,2.2
Ahmedabad,23.0225,72.5714,2025-11-11 19:00:00,61.5,60.3,1055.0,82.2,30.6,64.0,26.0,38,0.0,3.7
Ahmedabad,23.0225,72.5714,2025-11-11 20:00:00,76.4,75.2,1364.0,106.5,35.9,27.0,25.7,41,0.0,5.5
Ahmedabad,23.0225,72.5714,2025-11-11 21:00:00,86.8,85.7,1633.0,114.6,39.2,12.0,25.5,41,0.0,6.2
Ahmedabad,23.0225,72.5714,2025-11-11 22:00:00,93.1,91.7,1865.0,114.2,41.1,9.0,24.6,43,0.0,6.0
Ahmedabad,23.0225,72.5714,2025-11-11 23:00:00,94.5,93.4,1945.0,110.8,40.7,8.0,23.7,46,0.0,4.9
Ahmedabad,23.0225,72.5714,2025-11-12 00:00:00,90.3,89.2,1772.0,106.1,36.6,8.0,23.1,49,0.0,5.0
Ahmedabad,23.0225,72.5714,2025-11-12 01:00:00,85.0,83.8,1446.0,98.4,30.1,11.0,21.5,56,0.0,5.1
Ahmedabad,23.0225,72.5714,2025-11-12 02:00:00,79.2,78.0,1154.0,88.9,24.1,15.0,20.5,60,0.0,6.7
Ahmedabad,23.0225,72.5714,2025-11-12 03:00:00,72.4,71.2,943.0,76.3,19.3,19.0,19.8,62,0.0,7.5
Ahmedabad,23.0225,72.5714,2025-11-12 04:00:00,63.8,62.6,766.0,61.8,15.1,24.0,19.3,63,0.0,8.1
Ahmedabad,23.0225,72.5714,2025-11-12 05:00:00,58.1,56.9,665.0,52.9,13.3,35.0,18.6,68,0.0,8.0
Ahmedabad,23.0225,72.5714,2025-11-12 06:00:00,47.4,46.4,707.0,47.5,12.8,38.0,18.3,69,0.0,8.2
Ahmedabad,23.0225,72.5714,2025-11-12 07:00:00,43.7,42.8,826.0,39.7,12.1,42.0,18.2,70,0.0,8.1
Ahmedabad,23.0225,72.5714,2025-11-12 08:00:00,35.3,34.7,868.0,31.4,11.5,56.0,20.0,63,0.0,6.4
Ahmedabad,23.0225,72.5714,2025-11-12 09:00:00,27.1,26.5,740.0,22.1,11.1,86.0,23.0,52,0.0,3.9
Ahmedabad,23.0225,72.5714,2025-11-12 10:00:00,19.2,18.5,536.0,12.2,10.9,125.0,25.9,42,0.0,4.5
Ahmedabad,23.0225,72.5714,2025-11-12 11:00:00,15.1,14.3,378.0,5.0,10.7,156.0,28.3,35,0.0,5.6
Ahmedabad,23.0225,72.5714,2025-11-12 12:00:00,18.0,16.9,319.0,2.0,10.6,171.0,29.8,26,0.0,4.7
Ahmedabad,23.0225,72.5714,2025-11-12 13:00:00,19.3,18.2,307.0,1.8,10.7,178.0,30.2,24,0.0,3.8
Ahmedabad,23.0225,72.5714,2025-11-12 14:00:00,20.0,18.9,311.0,3.0,10.7,179.0,30.4,24,0.0,3.6
Ahmedabad,23.0225,72.5714,2025-11-12 15:00:00,20.1,19.2,308.0,4.3,10.4,175.0,30.3,25,0.0,4.2
Ahmedabad,23.0225,72.5714,2025-11-12 16:00:00,20.0,19.1,321.0,7.2,10.2,165.0,29.8,26,0.0,5.6
Ahmedabad,23.0225,72.5714,2025-11-12 17:00:00,28.2,27.0,388.0,16.7,12.3,146.0,28.7,30,0.0,7.1
Ahmedabad,23.0225,72.5714,2025-11-12 18:00:00,40.7,39.6,553.0,38.0,16.3,113.0,27.8,34,0.0,6.6
Ahmedabad,23.0225,72.5714,2025-11-12 19:00:00,52.2,50.9,773.0,67.4,21.7,68.0,27.4,35,0.0,5.6
Ahmedabad,23.0225,72.5714,2025-11-12 20:00:00,62.6,61.5,951.0,89.3,25.7,34.0,27.0,37,0.0,5.6
Ahmedabad,23.0225,72.5714,2025-11-12 21:00:00,70.8,69.6,1065.0,97.3,27.2,20.0,25.6,42,0.0,6.1
Ahmedabad,23.0225,72.5714,2025-11-12 22:00:00,76.4,75.0,1138.0,97.8,27.3,17.0,23.8,49,0.0,6.3
Ahmedabad,23.0225,72.5714,2025-11-12 23:00:00,76.4,75.2,1142.0,94.1,25.9,17.0,22.5,56,0.0,7.3
Ahmedabad,23.0225,72.5714,2025-11-13 00:00:00,71.9,70.8,1035.0,85.9,22.4,20.0,22.4,54,0.0,7.2
Ahmedabad,23.0225,72.5714,2025-11-13 01:00:00,66.4,65.2,860.0,73.5,17.6,27.0,22.2,54,0.0,8.0
Ahmedabad,23.0225,72.5714,2025-11-13 02:00:00,58.3,57.3,717.0,61.4,13.5,33.0,21.6,56,0.0,7.9
Ahmedabad,23.0225,72.5714,2025-11-13 03:00:00,49.1,48.2,639.0,50.2,10.9,38.0,20.1,62,0.0,7.1
Ahmedabad,23.0225,72.5714,2025-11-13 04:00:00,43.2,42.5,594.0,39.3,9.1,41.0,18.9,68,0.0,8.3
Ahmedabad,23.0225,72.5714,2025-11-13 05:00:00,44.7,44.1,587.0,34.6,8.9,41.0,18.5,72,0.0,8.1
Ahmedabad,23.0225,72.5714,2025-11-13 06:00:00,42.1,41.6,655.0,34.4,9.6,38.0,18.6,70,0.0,8.2
Ahmedabad,23.0225,72.5714,2025-11-13 07:00:00,44.6,44.1,760.0,33.8,10.5,36.0,18.5,68,0.0,8.6
Ahmedabad,23.0225,72.5714,2025-11-13 08:00:00,39.9,39.6,798.0,30.8,11.7,47.0,19.8,61,0.0,7.6
Ahmedabad,23.0225,72.5714,2025-11-13 09:00:00,33.6,33.1,699.0,23.3,13.4,83.0,22.5,51,0.0,4.8
Ahmedabad,23.0225,72.5714,2025-11-13 10:00:00,30.3,29.2,533.0,13.4,15.4,131.0,25.7,41,0.0,5.5
Ahmedabad,23.0225,72.5714,2025-11-13 11:00:00,27.0,25.6,401.0,6.0,16.5,168.0,28.4,33,0.0,6.7
Ahmedabad,23.0225,72.5714,2025-11-13 12:00:00,27.7,25.8,344.0,2.9,15.9,182.0,29.9,27,0.0,6.9
Ahmedabad,23.0225,72.5714,2025-11-13 13:00:00,28.8,26.8,321.0,2.2,14.4,184.0,30.3,26,0.0,6.9
Ahmedabad,23.0225,72.5714,2025-11-13 14:00:00,29.0,27.2,314.0,3.1,13.3,181.0,30.4,26,0.0,7.1
Ahmedabad,23.0225,72.5714,2025-11-13 15:00:00,29.2,27.4,303.0,4.5,12.8,175.0,30.2,27,0.0,7.6
Ahmedabad,23.0225,72.5714,2025-11-13 16:00:00,29.5,27.7,309.0,7.4,12.6,163.0,29.7,28,0.0,7.3
Ahmedabad,23.0225,72.5714,2025-11-13 17:00:00,33.2,31.3,373.0,14.7,14.0,149.0,29.0,30,0.0,6.8
Ahmedabad,23.0225,72.5714,2025-11-13 18:00:00,41.9,40.3,545.0,30.1,16.6,121.0,28.1,34,0.0,5.3
Ahmedabad,23.0225,72.5714,2025-11-13 19:00:00,50.3,48.5,775.0,51.3,20.3,82.0,26.8,39,0.0,6.4
Ahmedabad,23.0225,72.5714,2025-11-13 20:00:00,56.9,55.2,955.0,67.4,22.9,52.0,26.0,40,0.0,6.7
Ahmedabad,23.0225,72.5714,2025-11-13 21:00:00,63.6,61.9,1054.0,74.1,23.8,39.0,25.2,40,0.0,6.8
Ahmedabad,23.0225,72.5714,2025-11-13 22:00:00,68.2,66.6,1103.0,75.7,23.7,35.0,24.5,40,0.0,6.4
Ahmedabad,23.0225,72.5714,2025-11-13 23:00:00,71.2,69.6,1082.0,74.5,22.6,33.0,23.0,48,0.0,7.9
Ahmedabad,23.0225,72.5714,2025-11-14 00:00:00,71.2,69.6,949.0,71.0,19.8,30.0,22.0,52,0.0,9.6
Ahmedabad,23.0225,72.5714,2025-11-14 01:00:00,68.0,66.6,746.0,64.8,16.0,29.0,20.8,56,0.0,8.7
Ahmedabad,23.0225,72.5714,2025-11-14 02:00:00,59.5,58.3,583.0,56.9,12.8,31.0,19.6,59,0.0,8.9
Ahmedabad,23.0225,72.5714,2025-11-14 03:00:00,49.2,48.3,499.0,45.8,10.8,36.0,19.1,60,0.0,9.8
Ahmedabad,23.0225,72.5714,2025-11-14 04:00:00,41.2,40.5,455.0,32.9,9.4,44.0,18.5,61,0.0,10.2
Ahmedabad,23.0225,72.5714,2025-11-14 05:00:00,27.9,27.3,438.0,18.9,8.2,57.0,18.4,60,0.0,10.9
Ahmedabad,23.0225,72.5714,2025-11-14 06:00:00,21.9,21.4,462.0,20.1,8.9,54.0,18.6,58,0.0,11.2
Ahmedabad,23.0225,72.5714,2025-11-14 07:00:00,20.8,20.3,514.0,21.5,10.0,50.0,18.6,58,0.0,10.7
Ahmedabad,23.0225,72.5714,2025-11-14 08:00:00,22.7,22.4,538.0,21.1,12.0,57.0,20.0,53,0.0,8.4
Ahmedabad,23.0225,72.5714,2025-11-14 09:00:00,24.7,24.2,505.0,17.2,15.9,83.0,22.2,49,0.0,8.3
Ahmedabad,23.0225,72.5714,2025-11-14 10:00:00,29.4,28.3,443.0,11.5,20.6,120.0,24.8,43,0.0,8.4
Ahmedabad,23.0225,72.5714,2025-11-14 11:00:00,37.1,34.6,388.0,7.0,23.3,149.0,27.8,36,0.0,8.9
Ahmedabad,23.0225,72.5714,2025-11-14 12:00:00,38.8,35.6,346.0,4.4,22.2,164.0,29.5,29,0.0,9.7
Ahmedabad,23.0225,72.5714,2025-11-14 13:00:00,35.7,33.3,311.0,2.9,19.1,171.0,30.2,24,0.0,9.9
Ahmedabad,23.0225,72.5714,2025-11-14 14:00:00,34.0,31.8,291.0,3.1,16.7,172.0,30.3,23,0.0,9.2
Ahmedabad,23.0225,72.5714,2025-11-14 15:00:00,32.4,30.5,287.0,5.3,15.8,166.0,30.2,23,0.0,9.0
Ahmedabad,23.0225,72.5714,2025-11-14 16:00:00,30.5,29.0,300.0,9.2,15.6,153.0,29.7,24,0.0,9.0
Ahmedabad,23.0225,72.5714,2025-11-14 17:00:00,25.5,24.7,339.0,12.2,15.5,134.0,28.8,26,0.0,8.0
Ahmedabad,23.0225,72.5714,2025-11-14 18:00:00,30.6,30.2,437.0,20.2,15.8,113.0,28.0,30,0.0,5.9
Ahmedabad,23.0225,72.5714,2025-11-14 19:00:00,32.5,32.1,561.0,31.2,16.2,85.0,26.6,36,0.0,6.6
Ahmedabad,23.0225,72.5714,2025-11-14 20:00:00,32.2,31.9,631.0,38.9,16.1,63.0,25.6,40,0.0,7.4
Ahmedabad,23.0225,72.5714,2025-11-14 21:00:00,32.6,32.2,595.0,40.6,15.0,54.0,24.7,39,0.0,8.7
Ahmedabad,23.0225,72.5714,2025-11-14 22:00:00,33.1,32.6,505.0,39.0,13.4,52.0,23.8,39,0.0,8.5
Ahmedabad,23.0225,72.5714,2025-11-14 23:00:00,31.7,31.1,426.0,35.7,11.9,52.0,22.8,42,0.0,8.7
Ahmedabad,23.0225,72.5714,2025-11-15 00:00:00,27.9,27.2,381.0,30.1,10.7,55.0,21.7,45,0.0,10.0
Ahmedabad,23.0225,72.5714,2025-11-15 01:00:00,24.9,24.0,348.0,22.9,9.7,61.0,20.3,48,0.0,9.8
Ahmedabad,23.0225,72.5714,2025-11-15 02:00:00,23.3,22.2,331.0,17.0,9.2,66.0,19.5,48,0.0,8.5
Ahmedabad,23.0225,72.5714,2025-11-15 03:00:00,22.6,21.4,334.0,13.5,9.5,69.0,19.1,48,0.0,9.4
Ahmedabad,23.0225,72.5714,2025-11-15 04:00:00,22.3,21.1,354.0,11.5,10.4,70.0,18.5,49,0.0,9.8
Ahmedabad,23.0225,72.5714,2025-11-15 05:00:00,21.9,20.8,382.0,12.0,10.9,68.0,18.7,49,0.0,11.6
Ahmedabad,23.0225,72.5714,2025-11-15 06:00:00,22.1,20.9,427.0,14.3,12.3,65.0,18.6,48,0.0,12.0
Ahmedabad,23.0225,72.5714,2025-11-15 07:00:00,24.0,22.8,481.0,17.2,14.3,62.0,18.6,47,0.0,12.3
Ahmedabad,23.0225,72.5714,2025-11-15 08:00:00,25.8,25.0,508.0,18.2,16.9,67.0,20.0,44,0.0,9.7
Ahmedabad,23.0225,72.5714,2025-11-15 09:00:00,26.4,25.3,488.0,15.5,20.9,85.0,22.1,41,0.0,10.2
Ahmedabad,23.0225,72.5714,2025-11-15 10:00:00,27.4,26.0,442.0,10.8,25.5,111.0,24.6,36,0.0,10.3
Ahmedabad,23.0225,72.5714,2025-11-15 11:00:00,30.2,28.1,400.0,7.0,27.5,132.0,27.4,32,0.0,9.9
Ahmedabad,23.0225,72.5714,2025-11-15 12:00:00,38.4,35.0,370.0,4.6,24.8,146.0,29.0,29,0.0,9.7
Ahmedabad,23.0225,72.5714,2025-11-15 13:00:00,46.8,42.1,344.0,3.0,19.6,156.0,29.8,27,0.0,9.5
Ahmedabad,23.0225,72.5714,2025-11-15 14:00:00,48.0,43.2,331.0,3.1,15.7,160.0,30.1,26,0.0,8.7
Ahmedabad,23.0225,72.5714,2025-11-15 15:00:00,46.9,42.5,332.0,5.3,14.6,156.0,29.9,26,0.0,9.0
Ahmedabad,23.0225,72.5714,2025-11-15 16:00:00,45.2,41.3,345.0,9.1,14.7,145.0,29.4,26,0.0,9.0
Ahmedabad,23.0225,72.5714,2025-11-15 17:00:00,51.3,47.7,372.0,14.3,15.2,128.0,28.4,28,0.0,8.6
Ahmedabad,23.0225,72.5714,2025-11-15 18:00:00,54.2,51.2,426.0,21.9,15.9,108.0,27.4,32,0.0,7.4
Ahmedabad,23.0225,72.5714,2025-11-15 19:00:00,54.1,51.6,494.0,32.3,16.8,81.0,26.2,37,0.0,8.4
Ahmedabad,23.0225,72.5714,2025-11-15 20:00:00,53.2,51.0,532.0,38.9,17.3,62.0,25.3,37,0.0,9.1
Ahmedabad,23.0225,72.5714,2025-11-15 21:00:00,52.5,50.5,516.0,38.5,16.8,57.0,24.3,38,0.0,10.1
Ahmedabad,23.0225,72.5714,2025-11-15 22:00:00,50.8,48.9,470.0,34.2,15.9,59.0,23.8,36,0.0,9.4
Ahmedabad,23.0225,72.5714,2025-11-15 23:00:00,46.9,45.2,427.0,29.3,15.1,63.0,23.1,37,0.0,10.0
Ahmedabad,23.0225,72.5714,2025-11-16 00:00:00,42.1,40.5,394.0,24.0,14.6,67.0,21.5,41,0.0,10.1
Ahmedabad,23.0225,72.5714,2025-11-16 01:00:00,38.6,37.0,363.0,18.0,14.2,71.0,20.6,44,0.0,11.1
Ahmedabad,23.0225,72.5714,2025-11-16 02:00:00,36.0,34.3,345.0,13.3,13.9,75.0,20.0,46,0.0,11.8
Ahmedabad,23.0225,72.5714,2025-11-16 03:00:00,34.2,32.6,344.0,10.7,13.6,77.0,19.6,47,0.0,12.3
Ahmedabad,23.0225,72.5714,2025-11-16 04:00:00,33.2,31.5,355.0,9.5,13.4,78.0,19.3,46,0.0,12.5
Ahmedabad,23.0225,72.5714,2025-11-16 05:00:00,32.4,30.6,380.0,10.1,13.2,75.0,18.6,48,0.0,11.8
Ahmedabad,23.0225,72.5714,2025-11-16 06:00:00,32.2,30.5,434.0,13.1,13.9,71.0,18.3,47,0.0,11.7
Ahmedabad,23.0225,72.5714,2025-11-16 07:00:00,33.5,31.8,501.0,17.2,14.9,66.0,18.2,46,0.0,11.7
Ahmedabad,23.0225,72.5714,2025-11-16 08:00:00,34.2,32.9,536.0,18.8,16.5,69.0,19.5,42,0.0,9.0
Ahmedabad,23.0225,72.5714,2025-11-16 09:00:00,34.2,32.5,512.0,15.8,19.4,89.0,21.7,38,0.0,9.2
Ahmedabad,23.0225,72.5714,2025-11-16 10:00:00,35.2,32.8,457.0,10.5,22.9,117.0,24.3,34,0.0,9.2
Ahmedabad,23.0225,72.5714,2025-11-16 11:00:00,38.3,34.9,406.0,6.2,24.5,139.0,27.2,30,0.0,10.0
Ahmedabad,23.0225,72.5714,2025-11-16 12:00:00,41.9,38.0,369.0,3.9,22.6,151.0,28.8,24,0.0,12.3
Ahmedabad,23.0225,72.5714,2025-11-16 13:00:00,39.9,36.3,337.0,2.7,18.9,157.0,29.4,22,0.0,11.6
Ahmedabad,23.0225,72.5714,2025-11-16 14:00:00,37.7,34.5,318.0,3.1,16.3,158.0,29.6,20,0.0,10.9
Ahmedabad,23.0225,72.5714,2025-11-16 15:00:00,36.2,33.1,314.0,5.1,15.9,152.0,29.4,20,0.0,10.5
Ahmedabad,23.0225,72.5714,2025-11-16 16:00:00,35.5,32.5,323.0,8.8,16.6,141.0,29.0,20,0.0,10.3
Ahmedabad,23.0225,72.5714,2025-11-16 17:00:00,38.6,36.4,355.0,14.8,17.9,127.0,28.0,23,0.0,8.8
Ahmedabad,23.0225,72.5714,2025-11-16 18:00:00,45.9,43.5,432.0,24.1,18.7,106.0,27.2,26,0.0,6.5
Ahmedabad,23.0225,72.5714,2025-11-16 19:00:00,50.2,47.8,532.0,36.5,19.7,78.0,26.1,31,0.0,7.7
Ahmedabad,23.0225,72.5714,2025-11-16 20:00:00,50.6,48.3,591.0,43.6,20.1,59.0,25.1,33,0.0,9.0
Ahmedabad,23.0225,72.5714,2025-11-16 21:00:00,49.1,46.9,573.0,40.3,19.3,57.0,24.2,34,0.0,9.3
Ahmedabad,23.0225,72.5714,2025-11-16 22:00:00,48.0,45.8,515.0,31.5,18.0,63.0,23.1,36,0.0,9.5
Ahmedabad,23.0225,72.5714,2025-11-16 23:00:00,47.0,44.8,462.0,23.6,16.9,69.0,21.8,39,0.0,10.6
Ahmedabad,23.0225,72.5714,2025-11-17 00:00:00,46.4,44.2,425.0,18.5,16.5,73.0,20.8,40,0.0,10.1
Ahmedabad,23.0225,72.5714,2025-11-17 01:00:00,46.7,44.5,393.0,14.3,16.3,77.0,19.8,42,0.0,9.5
Ahmedabad,23.0225,72.5714,2025-11-17 02:00:00,47.1,44.7,376.0,11.3,16.2,80.0,19.0,44,0.0,10.2
Ahmedabad,23.0225,72.5714,2025-11-17 03:00:00,47.4,44.9,380.0,9.6,15.8,80.0,18.4,45,0.0,10.6
Ahmedabad,23.0225,72.5714,2025-11-17 04:00:00,47.6,45.1,400.0,9.2,15.5,79.0,17.9,47,0.0,11.1
Ahmedabad,23.0225,72.5714,2025-11-17 05:00:00,46.2,43.7,431.0,10.4,14.8,75.0,17.7,49,0.0,11.1
Ahmedabad,23.0225,72.5714,2025-11-17 06:00:00,46.6,44.0,486.0,13.8,15.2,69.0,17.4,51,0.0,11.3
Ahmedabad,23.0225,72.5714,2025-11-17 07:00:00,48.9,46.3,553.0,18.4,16.0,62.0,17.2,52,0.0,11.0
Ahmedabad,23.0225,72.5714,2025-11-17 08:00:00,50.1,48.2,588.0,20.3,17.5,65.0,18.5,48,0.0,8.1
Ahmedabad,23.0225,72.5714,2025-11-17 09:00:00,51.5,49.1,566.0,17.0,20.9,85.0,20.8,43,0.0,8.3
Ahmedabad,23.0225,72.5714,2025-11-17 10:00:00,54.1,51.2,513.0,11.2,25.2,115.0,23.4,39,0.0,7.9
Ahmedabad,23.0225,72.5714,2025-11-17 11:00:00,57.2,53.6,463.0,6.5,27.6,139.0,26.5,33,0.0,8.5
Ahmedabad,23.0225,72.5714,2025-11-17 12:00:00,57.0,53.1,425.0,4.1,26.6,152.0,28.2,26,0.0,10.5
Ahmedabad,23.0225,72.5714,2025-11-17 13:00:00,54.5,50.5,390.0,2.9,23.9,159.0,28.9,24,0.0,9.5
Ahmedabad,23.0225,72.5714,2025-11-17 14:00:00,51.7,48.0,370.0,3.7,21.6,159.0,29.3,23,0.0,8.8
Ahmedabad,23.0225,72.5714,2025-11-17 15:00:00,49.5,46.0,363.0,6.4,20.4,152.0,29.3,23,0.0,8.4
Ahmedabad,23.0225,72.5714,2025-11-17 16:00:00,47.7,44.6,370.0,11.1,19.7,139.0,28.9,23,0.0,8.5
Ahmedabad,23.0225,72.5714,2025-11-17 17:00:00,51.7,49.1,406.0,18.2,19.4,116.0,28.0,23,0.0,7.5
Ahmedabad,23.0225,72.5714,2025-11-17 18:00:00,60.3,57.6,504.0,32.7,20.8,92.0,27.0,26,0.0,6.9
Ahmedabad,23.0225,72.5714,2025-11-17 19:00:00,66.6,63.8,630.0,52.3,22.7,58.0,25.8,30,0.0,8.1
Ahmedabad,23.0225,72.5714,2025-11-17 20:00:00,69.2,66.6,699.0,65.2,23.4,34.0,24.8,32,0.0,8.0
Ahmedabad,23.0225,72.5714,2025-11-17 21:00:00,69.4,66.8,658.0,65.5,21.9,28.0,23.8,34,0.0,8.9
Ahmedabad,23.0225,72.5714,2025-11-17 22:00:00,67.3,65.0,560.0,58.9,19.2,30.0,23.1,34,0.0,9.4
Ahmedabad,23.0225,72.5714,2025-11-17 23:00:00,62.4,60.3,478.0,50.9,16.7,35.0,22.2,37,0.0,9.1
Ahmedabad,23.0225,72.5714,2025-11-18 00:00:00,54.9,53.2,439.0,41.9,14.7,40.0,21.2,39,0.0,9.6
Ahmedabad,23.0225,72.5714,2025-11-18 01:00:00,48.7,47.4,417.0,31.4,12.8,47.0,20.0,43,0.0,9.5
Ahmedabad,23.0225,72.5714,2025-11-18 02:00:00,44.5,43.4,406.0,23.0,11.6,53.0,18.8,47,0.0,9.1
Ahmedabad,23.0225,72.5714,2025-11-18 03:00:00,41.7,40.9,403.0,18.2,11.3,55.0,18.1,50,0.0,9.6
Ahmedabad,23.0225,72.5714,2025-11-18 04:00:00,39.8,39.0,410.0,15.5,11.8,56.0,17.7,51,0.0,10.0
Ahmedabad,23.0225,72.5714,2025-11-18 05:00:00,37.5,36.8,432.0,12.9,13.6,62.0,17.4,54,0.0,10.4
Ahmedabad,23.0225,72.5714,2025-11-18 06:00:00,37.6,36.8,486.0,15.6,14.4,59.0,17.1,57,0.0,10.6
Ahmedabad,23.0225,72.5714,2025-11-18 07:00:00,40.2,39.5,556.0,19.1,15.6,55.0,16.9,58,0.0,10.5
Ahmedabad,23.0225,72.5714,2025-11-18 08:00:00,41.4,40.9,589.0,20.3,17.9,61.0,18.2,54,0.0,8.2
Ahmedabad,23.0225,72.5714,2025-11-18 09:00:00,42.1,41.3,556.0,16.9,22.6,85.0,20.6,47,0.0,8.1
Ahmedabad,23.0225,72.5714,2025-11-18 10:00:00,44.2,43.2,487.0,11.1,28.2,118.0,23.4,41,0.0,8.4
Ahmedabad,23.0225,72.5714,2025-11-18 11:00:00,46.0,44.5,426.0,6.5,31.5,144.0,26.4,35,0.0,8.5
Ahmedabad,23.0225,72.5714,2025-11-18 12:00:00,43.4,41.8,383.0,4.1,30.2,156.0,28.1,28,0.0,9.3
Ahmedabad,23.0225,72.5714,2025-11-18 13:00:00,41.3,39.7,347.0,3.0,26.4,159.0,28.8,25,0.0,8.7
Ahmedabad,23.0225,72.5714,2025-11-18 14:00:00,40.4,38.8,329.0,3.6,23.3,158.0,29.2,23,0.0,8.3
Ahmedabad,23.0225,72.5714,2025-11-18 15:00:00,40.2,38.4,331.0,6.0,22.0,151.0,29.2,23,0.0,8.1
Ahmedabad,23.0225,72.5714,2025-11-18 16:00:00,40.2,38.5,350.0,10.2,21.5,140.0,28.7,24,0.0,8.3
Ahmedabad,23.0225,72.5714,2025-11-18 17:00:00,44.9,43.5,389.0,17.0,20.5,127.0,27.9,26,0.0,7.3
Ahmedabad,23.0225,72.5714,2025-11-18 18:00:00,53.0,51.5,468.0,31.0,21.6,103.0,26.9,30,0.0,7.6
Ahmedabad,23.0225,72.5714,2025-11-18 19:00:00,59.4,57.9,566.0,50.3,23.0,69.0,25.7,34,0.0,8.1
Ahmedabad,23.0225,72.5714,2025-11-18 20:00:00,65.7,64.3,621.0,64.2,23.6,44.0,24.7,35,0.0,8.5
Ahmedabad,23.0225,72.5714,2025-11-18 21:00:00,69.8,68.5,592.0,68.5,22.6,34.0,24.0,34,0.0,9.0
Ahmedabad,23.0225,72.5714,2025-11-18 22:00:00,70.8,69.4,520.0,67.5,20.7,31.0,23.3,34,0.0,9.1
Ahmedabad,23.0225,72.5714,2025-11-18 23:00:00,67.1,65.9,460.0,63.0,18.8,32.0,22.1,38,0.0,8.6
Ahmedabad,23.0225,72.5714,2025-11-19 00:00:00,61.0,59.8,431.0,54.0,16.9,35.0,20.7,43,0.0,9.4
Ahmedabad,23.0225,72.5714,2025-11-19 01:00:00,56.6,55.5,413.0,41.6,15.0,41.0,19.4,48,0.0,9.3
Ahmedabad,23.0225,72.5714,2025-11-19 02:00:00,53.8,52.7,407.0,31.1,13.8,46.0,18.8,50,0.0,9.2
Ahmedabad,23.0225,72.5714,2025-11-19 03:00:00,52.0,51.0,411.0,24.3,13.8,49.0,18.4,52,0.0,9.4
Ahmedabad,23.0225,72.5714,2025-11-19 04:00:00,50.8,49.7,426.0,19.4,14.5,50.0,17.8,54,0.0,9.6
Ahmedabad,23.0225,72.5714,2025-11-19 05:00:00,51.5,50.4,451.0,17.7,15.1,48.0,17.2,57,0.0,10.1
Ahmedabad,23.0225,72.5714,2025-11-19 06:00:00,50.6,49.6,502.0,19.3,16.0,47.0,16.6,59,0.0,10.6
Ahmedabad,23.0225,72.5714,2025-11-19 07:00:00,53.3,52.4,563.0,21.2,17.4,46.0,16.5,60,0.0,10.7
Ahmedabad,23.0225,72.5714,2025-11-19 08:00:00,54.5,53.8,592.0,21.2,19.2,55.0,17.9,55,0.0,8.2
Ahmedabad,23.0225,72.5714,2025-11-19 09:00:00,56.5,55.6,560.0,17.3,22.1,83.0,20.4,48,0.0,7.6
Ahmedabad,23.0225,72.5714,2025-11-19 10:00:00,61.0,59.6,495.0,11.3,25.5,120.0,23.3,41,0.0,7.7
Ahmedabad,23.0225,72.5714,2025-11-19 11:00:00,64.7,62.4,441.0,6.7,27.2,149.0,26.4,35,0.0,8.5
Ahmedabad,23.0225,72.5714,2025-11-19 12:00:00,61.2,58.1,411.0,4.3,25.9,162.0,28.1,30,0.0,7.6
Ahmedabad,23.0225,72.5714,2025-11-19 13:00:00,57.7,54.5,391.0,3.1,23.1,166.0,29.0,27,0.0,6.7
Ahmedabad,23.0225,72.5714,2025-11-19 14:00:00,55.8,52.4,383.0,3.8,20.7,164.0,29.4,26,0.0,5.8
Ahmedabad,23.0225,72.5714,2025-11-19 15:00:00,54.1,50.8,386.0,6.6,19.6,156.0,29.5,26,0.0,5.9
Ahmedabad,23.0225,72.5714,2025-11-19 16:00:00,52.9,49.7,401.0,11.2,19.0,141.0,29.0,27,0.0,6.8
Ahmedabad,23.0225,72.5714,2025-11-19 17:00:00,56.5,53.7,436.0,17.8,18.2,119.0,27.9,29,0.0,6.9
Ahmedabad,23.0225,72.5714,2025-11-19 18:00:00,63.1,60.3,514.0,26.9,18.7,98.0,27.0,32,0.0,6.4
Ahmedabad,23.0225,72.5714,2025-11-19 19:00:00,65.0,62.4,612.0,39.3,19.2,70.0,25.8,36,0.0,7.2
Ahmedabad,23.0225,72.5714,2025-11-19 20:00:00,63.1,61.0,667.0,47.6,19.2,49.0,24.7,39,0.0,7.8
Ahmedabad,23.0225,72.5714,2025-11-19 21:00:00,61.0,59.0,643.0,48.1,18.2,42.0,23.6,40,0.0,8.8
Ahmedabad,23.0225,72.5714,2025-11-19 22:00:00,59.3,57.5,577.0,44.4,16.6,42.0,22.7,39,0.0,8.8
Ahmedabad,23.0225,72.5714,2025-11-19 23:00:00,57.4,55.8,517.0,40.1,15.0,43.0,21.6,42,0.0,8.5
Ahmedabad,23.0225,72.5714,2025-11-20 00:00:00,54.1,52.6,478.0,36.0,13.4,43.0,20.7,45,0.0,9.1
Ahmedabad,23.0225,72.5714,2025-11-20 01:00:00,51.6,50.2,446.0,31.3,11.8,44.0,19.8,49,0.0,9.4
Ahmedabad,23.0225,72.5714,2025-11-20 02:00:00,49.9,48.7,428.0,27.1,10.8,45.0,19.1,51,0.0,9.3
Ahmedabad,23.0225,72.5714,2025-11-20 03:00:00,49.2,48.0,425.0,23.7,10.4,46.0,18.5,54,0.0,9.6
Ahmedabad,23.0225,72.5714,2025-11-20 04:00:00,49.1,47.7,435.0,20.9,10.5,46.0,18.0,56,0.0,10.2
Ahmedabad,23.0225,72.5714,2025-11-20 05:00:00,50.9,49.4,461.0,15.0,12.6,58.0,17.7,59,0.0,10.3
Ahmedabad,23.0225,72.5714,2025-11-20 06:00:00,52.3,50.9,520.0,17.8,13.9,54.0,17.5,61,0.0,10.5
Ahmedabad,23.0225,72.5714,2025-11-20 07:00:00,56.5,55.1,595.0,21.4,15.8,50.0,17.3,62,0.0,10.4
Ahmedabad,23.0225,72.5714,2025-11-20 08:00:00,58.6,57.6,634.0,22.5,17.8,57.0,18.7,58,0.0,8.2
Ahmedabad,23.0225,72.5714,2025-11-20 09:00:00,61.2,60.1,606.0,18.8,20.0,84.0,21.1,51,0.0,7.9
Ahmedabad,23.0225,72.5714,2025-11-20 10:00:00,66.8,65.2,541.0,12.7,22.4,122.0,23.9,44,0.0,8.4
Ahmedabad,23.0225,72.5714,2025-11-20 11:00:00,73.6,71.5,485.0,7.8,23.7,153.0,26.5,39,0.0,8.5
Ahmedabad,23.0225,72.5714,2025-11-20 12:00:00,75.0,71.9,449.0,5.0,23.2,172.0,28.2,33,0.0,8.2
Ahmedabad,23.0225,72.5714,2025-11-20 13:00:00,72.2,69.2,421.0,3.4,21.7,183.0,29.2,30,0.0,7.5
Ahmedabad,23.0225,72.5714,2025-11-20 14:00:00,69.6,66.4,408.0,3.9,20.6,186.0,29.6,28,0.0,6.7
Ahmedabad,23.0225,72.5714,2025-11-20 15:00:00,67.8,64.7,411.0,7.1,20.5,178.0,29.6,28,0.0,7.0
Ahmedabad,23.0225,72.5714,2025-11-20 16:00:00,66.1,63.3,430.0,12.4,20.7,161.0,29.2,30,0.0,7.8
Ahmedabad,23.0225,72.5714,2025-11-20 17:00:00,79.6,76.8,469.0,19.3,21.5,133.0,28.3,33,0.0,7.7
Ahmedabad,23.0225,72.5714,2025-11-20 18:00:00,85.7,82.9,549.0,27.0,22.1,112.0,27.1,38,0.0,7.8
Ahmedabad,23.0225,72.5714,2025-11-20 19:00:00,85.2,82.9,650.0,37.6,22.9,83.0,26.1,41,0.0,8.1
Ahmedabad,23.0225,72.5714,2025-11-20 20:00:00,83.4,81.5,718.0,45.3,23.2,60.0,25.2,42,0.0,8.1
Ahmedabad,23.0225,72.5714,2025-11-20 21:00:00,82.0,80.1,727.0,47.5,22.7,50.0,24.3,43,0.0,8.6
Ahmedabad,23.0225,72.5714,2025-11-20 22:00:00,81.3,79.6,702.0,46.7,21.7,47.0,23.6,43,0.0,8.8
Ahmedabad,23.0225,72.5714,2025-11-20 23:00:00,79.2,77.5,664.0,44.6,20.3,45.0,22.4,46,0.0,9.3
Ahmedabad,23.0225,72.5714,2025-11-21 00:00:00,75.0,73.6,608.0,41.3,18.3,42.0,21.5,49,0.0,10.1
Ahmedabad,23.0225,72.5714,2025-11-21 01:00:00,71.0,69.6,538.0,36.7,15.9,41.0,20.5,52,0.0,9.8
Ahmedabad,23.0225,72.5714,2025-11-21 02:00:00,67.5,66.4,491.0,31.9,14.3,41.0,19.8,53,0.0,9.5
Ahmedabad,23.0225,72.5714,2025-11-21 03:00:00,65.2,64.0,479.0,26.4,14.1,45.0,19.5,55,0.0,9.8
Ahmedabad,23.0225,72.5714,2025-11-21 04:00:00,64.0,62.6,490.0,20.6,14.7,50.0,19.1,58,0.0,10.0
Ahmedabad,23.0225,72.5714,2025-11-21 05:00:00,66.1,64.7,518.0,12.4,17.8,65.0,18.9,62,0.0,10.1
Ahmedabad,23.0225,72.5714,2025-11-21 06:00:00,68.5,66.8,582.0,15.5,18.2,59.0,18.5,66,0.0,10.8
Ahmedabad,23.0225,72.5714,2025-11-21 07:00:00,71.9,70.5,663.0,19.5,18.7,52.0,18.4,68,0.0,10.6
Ahmedabad,23.0225,72.5714,2025-11-21 08:00:00,73.6,72.4,702.0,21.1,19.0,55.0,19.8,63,0.0,7.8
Ahmedabad,23.0225,72.5714,2025-11-21 09:00:00,76.4,74.7,662.0,17.8,19.1,78.0,22.2,55,0.0,7.3
Ahmedabad,23.0225,72.5714,2025-11-21 10:00:00,80.8,78.0,580.0,12.1,18.9,112.0,24.9,48,0.0,7.8
Ahmedabad,23.0225,72.5714,2025-11-21 11:00:00,85.7,81.3,507.0,7.5,18.5,140.0,27.2,42,0.0,8.0
Ahmedabad,23.0225,72.5714,2025-11-21 12:00:00,85.2,79.6,458.0,4.9,17.5,157.0,29.0,35,0.0,7.9
Ahmedabad,23.0225,72.5714,2025-11-21 13:00:00,79.9,73.8,418.0,3.4,16.2,167.0,30.0,31,0.0,7.4
Ahmedabad,23.0225,72.5714,2025-11-21 14:00:00,73.8,68.0,397.0,4.0,15.1,169.0,30.4,29,0.0,6.9
Ahmedabad,23.0225,72.5714,2025-11-21 15:00:00,69.8,64.3,394.0,7.3,14.3,160.0,30.4,29,0.0,7.2
Ahmedabad,23.0225,72.5714,2025-11-21 16:00:00,68.0,62.9,410.0,12.8,13.7,143.0,29.8,32,0.0,8.3
Ahmedabad,23.0225,72.5714,2025-11-21 17:00:00,75.4,70.1,455.0,20.8,13.8,116.0,28.9,35,0.0,8.0
Ahmedabad,23.0225,72.5714,2025-11-21 18:00:00,80.6,75.4,553.0,29.2,14.9,97.0,28.1,38,0.0,7.8
Ahmedabad,23.0225,72.5714,2025-11-21 19:00:00,80.8,76.6,681.0,40.6,16.4,71.0,27.4,40,0.0,7.4
Ahmedabad,23.0225,72.5714,2025-11-21 20:00:00,78.7,75.2,776.0,48.2,17.3,51.0,26.2,44,0.0,7.3
Ahmedabad,23.0225,72.5714,2025-11-21 21:00:00,76.6,73.3,818.0,48.7,17.2,45.0,25.0,49,0.0,8.0
Ahmedabad,23.0225,72.5714,2025-11-21 22:00:00,74.7,71.9,829.0,45.4,16.6,45.0,23.9,53,0.0,8.7
Ahmedabad,23.0225,72.5714,2025-11-21 23:00:00,71.0,68.9,807.0,41.6,15.6,45.0,22.7,57,0.0,8.0
Ahmedabad,23.0225,72.5714,2025-11-22 00:00:00,64.7,62.9,736.0,38.0,14.1,43.0,21.8,58,0.0,8.4
Ahmedabad,23.0225,72.5714,2025-11-22 01:00:00,58.9,57.6,633.0,33.8,12.3,41.0,21.2,59,0.0,7.9
Ahmedabad,23.0225,72.5714,2025-11-22 02:00:00,54.2,53.3,553.0,29.8,11.1,40.0,20.1,62,0.0,7.8
Ahmedabad,23.0225,72.5714,2025-11-22 03:00:00,51.5,50.5,513.0,25.8,10.9,41.0,19.3,63,0.0,8.2
Ahmedabad,23.0225,72.5714,2025-11-22 04:00:00,51.0,49.8,496.0,21.9,11.3,43.0,18.8,63,0.0,8.9
Ahmedabad,23.0225,72.5714,2025-11-22 05:00:00,55.4,53.9,503.0,20.9,11.6,42.0,18.4,64,0.0,10.0
Ahmedabad,23.0225,72.5714,2025-11-22 06:00:00,57.9,56.0,554.0,21.4,12.9,42.0,18.6,65,0.0,10.3
Ahmedabad,23.0225,72.5714,2025-11-22 07:00:00,65.2,63.1,630.0,21.9,14.7,44.0,18.5,66,0.0,10.1
Ahmedabad,23.0225,72.5714,2025-11-22 08:00:00,72.2,70.1,670.0,21.0,16.3,53.0,19.9,61,0.0,7.9
Ahmedabad,23.0225,72.5714,2025-11-22 09:00:00,77.3,75.0,642.0,17.5,17.5,77.0,22.3,53,0.0,7.4
Ahmedabad,23.0225,72.5714,2025-11-22 10:00:00,85.7,82.2,578.0,12.6,18.5,109.0,25.1,47,0.0,7.4
Ahmedabad,23.0225,72.5714,2025-11-22 11:00:00,95.7,90.3,518.0,8.5,18.8,135.0,27.8,42,0.0,7.0
Ahmedabad,23.0225,72.5714,2025-11-22 12:00:00,102.0,94.5,469.0,5.4,18.1,152.0,29.7,35,0.0,6.9
Ahmedabad,23.0225,72.5714,2025-11-22 13:00:00,94.1,85.7,423.0,3.2,16.8,163.0,30.6,30,0.0,6.2
Ahmedabad,23.0225,72.5714,2025-11-22 14:00:00,85.0,77.3,398.0,3.7,15.7,165.0,31.0,28,0.0,5.3
Ahmedabad,23.0225,72.5714,2025-11-22 15:00:00,81.0,74.0,400.0,8.2,15.0,155.0,31.0,27,0.0,5.1
Ahmedabad,23.0225,72.5714,2025-11-22 16:00:00,78.9,72.6,423.0,15.5,14.6,136.0,30.7,27,0.0,5.3
Ahmedabad,23.0225,72.5714,2025-11-22 17:00:00,60.8,57.3,462.0,23.2,14.6,116.0,29.3,31,0.0,7.1
Ahmedabad,23.0225,72.5714,2025-11-22 18:00:00,68.2,65.0,526.0,31.2,15.6,97.0,28.4,35,0.0,7.5
Ahmedabad,23.0225,72.5714,2025-11-22 19:00:00,70.3,67.5,606.0,42.0,16.9,72.0,27.6,37,0.0,7.6
Ahmedabad,23.0225,72.5714,2025-11-22 20:00:00,70.5,68.0,670.0,48.7,17.6,53.0,26.7,39,0.0,6.4
Ahmedabad,23.0225,72.5714,2025-11-22 21:00:00,70.3,68.0,711.0,47.7,17.4,48.0,25.7,42,0.0,6.0
Ahmedabad,23.0225,72.5714,2025-11-22 22:00:00,69.2,66.8,737.0,42.7,16.7,50.0,24.4,48,0.0,7.0
Ahmedabad,23.0225,72.5714,2025-11-22 23:00:00,65.4,63.3,737.0,37.3,15.6,52.0,23.1,56,0.0,7.0
Ahmedabad,23.0225,72.5714,2025-11-23 00:00:00,57.7,55.9,694.0,32.4,13.7,52.0,22.4,59,0.0,8.1
Ahmedabad,23.0225,72.5714,2025-11-23 01:00:00,48.5,47.0,627.0,27.2,11.5,53.0,21.8,60,0.0,9.2
Ahmedabad,23.0225,72.5714,2025-11-23 02:00:00,39.8,38.6,579.0,23.2,9.8,52.0,21.0,61,0.0,8.4
Ahmedabad,23.0225,72.5714,2025-11-23 03:00:00,33.8,32.7,566.0,21.0,9.1,50.0,20.3,63,0.0,6.9
Ahmedabad,23.0225,72.5714,2025-11-23 04:00:00,30.9,29.8,572.0,20.0,8.9,46.0,19.3,66,0.0,8.0
Ahmedabad,23.0225,72.5714,2025-11-23 05:00:00,47.1,45.8,598.0,26.2,9.6,32.0,19.0,61,0.0,7.8
Ahmedabad,23.0225,72.5714,2025-11-23 06:00:00,48.0,46.7,669.0,27.0,10.9,31.0,18.7,59,0.0,8.2
Ahmedabad,23.0225,72.5714,2025-11-23 07:00:00,52.7,51.3,760.0,27.9,12.7,32.0,18.1,61,0.0,8.9
Ahmedabad,23.0225,72.5714,2025-11-23 08:00:00,53.2,51.8,793.0,26.8,14.5,42.0,19.5,57,0.0,8.3
Ahmedabad,23.0225,72.5714,2025-11-23 09:00:00,54.4,52.7,715.0,21.9,16.5,71.0,22.5,49,0.0,5.5
Ahmedabad,23.0225,72.5714,2025-11-23 10:00:00,61.5,58.8,580.0,15.0,18.6,110.0,25.9,41,0.0,6.1
Ahmedabad,23.0225,72.5714,2025-11-23 11:00:00,69.2,65.2,473.0,9.4,19.7,141.0,28.4,36,0.0,6.1
Ahmedabad,23.0225,72.5714,2025-11-23 12:00:00,59.8,56.0,428.0,5.9,19.3,158.0,30.0,30,0.0,4.8
Ahmedabad,23.0225,72.5714,2025-11-23 13:00:00,51.7,48.3,412.0,3.6,18.0,167.0,30.7,28,0.0,3.2
Ahmedabad,23.0225,72.5714,2025-11-23 14:00:00,48.7,45.4,409.0,3.5,16.7,168.0,31.2,26,0.0,3.8
Ahmedabad,23.0225,72.5714,2025-11-23 15:00:00,46.8,43.5,409.0,6.4,15.8,160.0,31.1,27,0.0,5.6
Ahmedabad,23.0225,72.5714,2025-11-23 16:00:00,45.6,42.4,421.0,11.5,14.9,145.0,30.5,28,0.0,7.7
Ahmedabad,23.0225,72.5714,2025-11-23 17:00:00,57.3,54.0,462.0,20.9,16.1,124.0,29.4,30,0.0,8.2
Ahmedabad,23.0225,72.5714,2025-11-23 18:00:00,62.9,59.6,561.0,26.7,16.3,106.0,28.4,33,0.0,8.5
Ahmedabad,23.0225,72.5714,2025-11-23 19:00:00,62.6,59.6,688.0,34.4,16.5,82.0,27.8,34,0.0,7.2
Ahmedabad,23.0225,72.5714,2025-11-23 20:00:00,60.1,57.3,769.0,39.3,16.4,63.0,26.7,38,0.0,7.9
Ahmedabad,23.0225,72.5714,2025-11-23 21:00:00,57.0,54.2,764.0,38.6,15.7,57.0,25.3,45,0.0,8.8
Ahmedabad,23.0225,72.5714,2025-11-23 22:00:00,54.1,51.3,712.0,34.9,14.6,57.0,24.2,48,0.0,8.4
Ahmedabad,23.0225,72.5714,2025-11-23 23:00:00,50.2,47.4,659.0,31.2,13.4,57.0,22.8,56,0.0,8.0
Ahmedabad,23.0225,72.5714,2025-11-24 00:00:00,43.9,41.2,615.0,28.3,11.9,55.0,22.2,56,0.0,8.5
Ahmedabad,23.0225,72.5714,2025-11-24 01:00:00,37.5,35.2,569.0,25.4,10.2,53.0,21.6,57,0.0,9.1
Ahmedabad,23.0225,72.5714,2025-11-24 02:00:00,32.7,30.7,534.0,23.2,9.0,50.0,21.1,57,0.0,8.4
Ahmedabad,23.0225,72.5714,2025-11-24 03:00:00,31.0,29.3,513.0,22.0,8.4,46.0,20.2,58,0.0,8.7
Ahmedabad,23.0225,72.5714,2025-11-24 04:00:00,32.5,31.0,503.0,21.4,8.3,42.0,19.9,57,0.0,9.0
Ahmedabad,23.0225,72.5714,2025-11-24 05:00:00,50.3,48.4,508.0,22.3,9.5,39.0,18.8,63,0.0,9.8
Ahmedabad,23.0225,72.5714,2025-11-24 06:00:00,51.0,49.1,543.0,22.1,11.0,41.0,19.1,60,0.0,10.2
Ahmedabad,23.0225,72.5714,2025-11-24 07:00:00,54.5,52.6,593.0,21.7,13.1,45.0,19.1,59,0.0,10.3
Ahmedabad,23.0225,72.5714,2025-11-24 08:00:00,57.0,55.5,616.0,20.1,15.6,55.0,20.5,54,0.0,8.0
Ahmedabad,23.0225,72.5714,2025-11-24 09:00:00,59.3,57.5,585.0,16.4,18.8,75.0,22.8,49,0.0,8.0
Ahmedabad,23.0225,72.5714,2025-11-24 10:00:00,63.3,61.2,526.0,11.6,22.3,100.0,25.4,46,0.0,7.4
Ahmedabad,23.0225,72.5714,2025-11-24 11:00:00,70.5,68.5,476.0,7.7,24.5,124.0,27.7,46,0.0,6.8
Ahmedabad,23.0225,72.5714,2025-11-24 12:00:00,75.7,73.3,447.0,4.9,24.3,147.0,29.3,43,0.0,5.5
Ahmedabad,23.0225,72.5714,2025-11-24 13:00:00,74.0,71.7,427.0,3.1,22.8,169.0,30.3,38,0.0,4.8
Ahmedabad,23.0225,72.5714,2025-11-24 14:00:00,69.6,66.8,421.0,3.7,21.3,179.0,30.9,35,0.0,3.9
Ahmedabad,23.0225,72.5714,2025-11-24 15:00:00,66.4,63.6,426.0,8.2,20.2,171.0,31.1,34,0.0,4.0
Ahmedabad,23.0225,72.5714,2025-11-24 16:00:00,65.2,62.4,446.0,15.1,19.2,151.0,30.7,34,0.0,4.8
Ahmedabad,23.0225,72.5714,2025-11-24 17:00:00,82.2,79.2,492.0,23.6,19.5,120.0,29.5,35,0.0,6.5
Ahmedabad,23.0225,72.5714,2025-11-24 18:00:00,92.7,89.4,593.0,31.5,19.9,100.0,28.8,39,0.0,5.6
Ahmedabad,23.0225,72.5714,2025-11-24 19:00:00,95.5,92.7,721.0,42.2,20.5,72.0,27.9,44,0.0,5.7
Ahmedabad,23.0225,72.5714,2025-11-24 20:00:00,95.2,92.4,808.0,48.6,20.5,51.0,26.8,48,0.0,6.4
Ahmedabad,23.0225,72.5714,2025-11-24 21:00:00,93.4,90.6,823.0,46.8,19.5,45.0,25.7,52,0.0,7.0
Ahmedabad,23.0225,72.5714,2025-11-24 22:00:00,90.1,87.5,797.0,40.8,18.0,46.0,24.5,55,0.0,7.7
Ahmedabad,23.0225,72.5714,2025-11-24 23:00:00,85.0,82.7,758.0,35.4,16.4,47.0,22.9,62,0.0,7.8
Ahmedabad,23.0225,72.5714,2025-11-25 00:00:00,79.4,77.3,710.0,32.6,14.5,43.0,22.4,61,0.0,8.9
Ahmedabad,23.0225,72.5714,2025-11-25 01:00:00,78.2,76.1,650.0,30.4,12.6,39.0,21.9,59,0.0,9.4
Ahmedabad,23.0225,72.5714,2025-11-25 02:00:00,77.8,75.9,593.0,27.4,11.7,39.0,21.6,59,0.0,10.3
Ahmedabad,23.0225,72.5714,2025-11-25 03:00:00,78.0,76.1,538.0,22.0,12.5,47.0,21.1,62,0.0,10.3
Ahmedabad,23.0225,72.5714,2025-11-25 04:00:00,78.0,76.4,486.0,15.7,14.3,58.0,20.5,64,0.0,10.2
Ahmedabad,23.0225,72.5714,2025-11-25 05:00:00,74.7,73.3,463.0,7.9,20.4,80.0,20.5,63,0.0,11.3
Ahmedabad,23.0225,72.5714,2025-11-25 06:00:00,72.6,71.2,495.0,10.3,23.7,76.0,20.4,62,0.0,11.7
Ahmedabad,23.0225,72.5714,2025-11-25 07:00:00,72.4,71.0,554.0,13.5,28.1,71.0,20.3,62,0.0,11.5
Ahmedabad,23.0225,72.5714,2025-11-25 08:00:00,71.7,70.5,587.0,14.9,30.7,73.0,21.5,57,0.0,8.9
Ahmedabad,23.0225,72.5714,2025-11-25 09:00:00,72.4,70.8,563.0,12.8,29.7,87.0,23.7,51,0.0,9.5
Ahmedabad,23.0225,72.5714,2025-11-25 10:00:00,74.7,73.1,511.0,9.0,26.8,108.0,26.0,48,0.0,9.4
Ahmedabad,23.0225,72.5714,2025-11-25 11:00:00,77.8,76.1,468.0,5.9,24.0,127.0,27.7,47,0.0,8.3
Ahmedabad,23.0225,72.5714,2025-11-25 12:00:00,76.6,75.2,445.0,4.1,21.7,144.0,29.2,45,0.0,6.4
Ahmedabad,23.0225,72.5714,2025-11-25 13:00:00,72.9,71.5,429.0,3.1,19.5,158.0,30.2,43,0.0,4.8
Ahmedabad,23.0225,72.5714,2025-11-25 14:00:00,67.1,65.7,424.0,3.7,17.7,165.0,30.8,41,0.0,3.9
Ahmedabad,23.0225,72.5714,2025-11-25 15:00:00,62.9,61.5,427.0,6.4,16.4,160.0,31.0,40,0.0,3.6
Ahmedabad,23.0225,72.5714,2025-11-25 16:00:00,61.5,60.1,439.0,10.7,15.5,146.0,30.6,42,0.0,4.5
Ahmedabad,23.0225,72.5714,2025-11-25 17:00:00,75.9,74.3,467.0,18.6,16.3,120.0,29.3,44,0.0,6.6
Ahmedabad,23.0225,72.5714,2025-11-25 18:00:00,85.4,83.8,530.0,27.9,16.9,97.0,28.3,50,0.0,7.4
Ahmedabad,23.0225,72.5714,2025-11-25 19:00:00,89.2,87.8,609.0,40.6,17.7,66.0,27.3,55,0.0,7.9
Ahmedabad,23.0225,72.5714,2025-11-25 20:00:00,90.6,89.4,651.0,48.5,17.8,43.0,26.2,58,0.0,7.7
Ahmedabad,23.0225,72.5714,2025-11-25 21:00:00,90.8,89.6,622.0,47.8,16.7,35.0,25.4,60,0.0,7.9
Ahmedabad,23.0225,72.5714,2025-11-25 22:00:00,90.3,89.4,556.0,42.4,14.9,35.0,24.8,61,0.0,8.6
Ahmedabad,23.0225,72.5714,2025-11-25 23:00:00,89.2,88.5,498.0,35.9,13.3,38.0,24.0,61,0.0,9.9
Ahmedabad,23.0225,72.5714,2025-11-26 00:00:00,88.2,87.3,460.0,28.7,12.1,44.0,23.4,62,0.0,9.9
Ahmedabad,23.0225,72.5714,2025-11-26 01:00:00,88.9,88.2,430.0,20.4,11.0,53.0,22.9,64,0.0,9.5
Ahmedabad,23.0225,72.5714,2025-11-26 02:00:00,89.9,89.2,414.0,14.0,10.4,60.0,22.5,68,0.0,9.1
Ahmedabad,23.0225,72.5714,2025-11-26 03:00:00,90.6,89.9,416.0,10.4,10.4,64.0,21.9,71,0.0,9.0
Ahmedabad,23.0225,72.5714,2025-11-26 04:00:00,90.8,90.3,433.0,8.6,10.8,66.0,21.5,72,0.0,9.1
Ahmedabad,23.0225,72.5714,2025-11-26 05:00:00,92.2,91.7,462.0,8.9,11.6,64.0,21.0,67,0.0,9.3
Ahmedabad,23.0225,72.5714,2025-11-26 06:00:00,93.1,92.4,519.0,12.2,12.3,58.0,20.8,68,0.0,9.6
Ahmedabad,23.0225,72.5714,2025-11-26 07:00:00,95.7,95.0,589.0,16.6,13.3,51.0,20.8,69,0.0,9.4
Ahmedabad,23.0225,72.5714,2025-11-26 08:00:00,96.4,95.9,626.0,18.7,14.8,53.0,22.0,65,0.0,7.2
Ahmedabad,23.0225,72.5714,2025-11-26 09:00:00,97.6,96.6,602.0,16.1,17.1,73.0,24.3,58,0.0,7.0
Ahmedabad,23.0225,72.5714,2025-11-26 10:00:00,98.3,97.3,545.0,11.2,19.9,104.0,26.7,53,0.0,6.8
Ahmedabad,23.0225,72.5714,2025-11-26 11:00:00,96.6,95.5,495.0,7.2,22.0,130.0,28.4,49,0.0,5.4
Ahmedabad,23.0225,72.5714,2025-11-26 12:00:00,91.0,89.9,464.0,4.9,22.9,150.0,29.9,46,0.0,3.4
Ahmedabad,23.0225,72.5714,2025-11-26 13:00:00,81.3,79.9,439.0,3.6,23.2,166.0,30.9,44,0.0,1.2
Ahmedabad,23.0225,72.5714,2025-11-26 14:00:00,71.0,69.8,423.0,4.6,23.2,173.0,31.3,41,0.0,1.7
Ahmedabad,23.0225,72.5714,2025-11-26 15:00:00,65.9,64.7,403.0,7.5,22.6,169.0,31.4,40,0.0,2.1
Ahmedabad,23.0225,72.5714,2025-11-26 16:00:00,63.8,62.6,393.0,12.6,21.7,156.0,31.2,40,0.0,2.5
Ahmedabad,23.0225,72.5714,2025-11-26 17:00:00,75.9,74.7,432.0,19.8,24.3,151.0,30.4,42,0.0,3.4
Ahmedabad,23.0225,72.5714,2025-11-26 18:00:00,92.2,90.8,559.0,42.5,28.3,115.0,29.2,46,0.0,2.2
Ahmedabad,23.0225,72.5714,2025-11-26 19:00:00,105.0,103.8,735.0,73.7,33.8,66.0,28.4,48,0.0,1.2
Ahmedabad,23.0225,72.5714,2025-11-26 20:00:00,116.9,115.7,891.0,95.2,38.3,29.0,28.0,51,0.0,3.2
Ahmedabad,23.0225,72.5714,2025-11-26 21:00:00,123.4,122.5,1017.0,98.9,41.4,17.0,27.3,55,0.0,3.9
Ahmedabad,23.0225,72.5714,2025-11-26 22:00:00,127.6,126.7,1123.0,92.9,43.5,17.0,26.5,59,0.0,4.8
Ahmedabad,23.0225,72.5714,2025-11-26 23:00:00,127.6,126.2,1163.0,84.2,42.8,20.0,25.2,62,0.0,7.0
Ahmedabad,23.0225,72.5714,2025-11-27 00:00:00,119.7,118.7,1100.0,73.6,37.3,22.0,24.8,62,0.0,7.2
Ahmedabad,23.0225,72.5714,2025-11-27 01:00:00,108.0,107.1,972.0,60.2,28.9,26.0,24.3,63,0.0,7.3
Ahmedabad,23.0225,72.5714,2025-11-27 02:00:00,98.7,98.0,849.0,47.8,21.9,31.0,23.7,64,0.0,8.4
Ahmedabad,23.0225,72.5714,2025-11-27 03:00:00,92.0,91.5,743.0,36.8,17.8,36.0,23.3,65,0.0,8.4
Ahmedabad,23.0225,72.5714,2025-11-27 04:00:00,87.1,86.4,642.0,26.8,15.1,41.0,22.8,66,0.1,8.0
Ahmedabad,23.0225,72.5714,2025-11-27 05:00:00,79.9,79.4,575.0,16.8,12.6,47.0,22.2,69,0.1,8.0
Ahmedabad,23.0225,72.5714,2025-11-27 06:00:00,76.1,75.7,570.0,18.3,12.8,44.0,22.1,70,0.0,9.7
Ahmedabad,23.0225,72.5714,2025-11-27 07:00:00,75.7,75.2,600.0,20.2,13.2,42.0,22.0,70,0.0,10.5
Ahmedabad,23.0225,72.5714,2025-11-27 08:00:00,74.7,74.3,610.0,20.3,14.0,49.0,23.3,64,0.0,9.9
Ahmedabad,23.0225,72.5714,2025-11-27 09:00:00,74.7,74.3,574.0,16.9,15.5,73.0,25.5,56,0.0,10.4
Ahmedabad,23.0225,72.5714,2025-11-27 10:00:00,75.0,74.3,520.0,11.8,17.5,106.0,27.3,51,0.0,9.9
Ahmedabad,23.0225,72.5714,2025-11-27 11:00:00,74.0,73.1,474.0,7.7,19.4,134.0,28.5,49,0.0,6.6
Ahmedabad,23.0225,72.5714,2025-11-27 12:00:00,71.7,70.8,446.0,5.3,21.0,153.0,29.7,46,0.0,4.5
Ahmedabad,23.0225,72.5714,2025-11-27 13:00:00,66.1,64.7,426.0,3.9,22.6,167.0,30.7,42,0.0,2.7
Ahmedabad,23.0225,72.5714,2025-11-27 14:00:00,63.8,62.2,417.0,4.7,23.6,173.0,31.1,40,0.0,2.2
Ahmedabad,23.0225,72.5714,2025-11-27 15:00:00,61.2,59.8,404.0,7.3,23.4,170.0,31.0,39,0.0,1.3
Ahmedabad,23.0225,72.5714,2025-11-27 16:00:00,59.5,58.1,402.0,12.1,22.8,159.0,30.9,40,0.0,1.7
Ahmedabad,23.0225,72.5714,2025-11-27 17:00:00,91.5,89.4,449.0,19.9,22.6,137.0,30.5,43,0.0,3.6
Ahmedabad,23.0225,72.5714,2025-11-27 18:00:00,105.2,103.1,597.0,33.9,26.0,112.0,29.7,46,0.0,4.3
Ahmedabad,23.0225,72.5714,2025-11-27 19:00:00,110.4,108.5,794.0,52.9,30.5,77.0,29.2,49,0.0,2.7
Ahmedabad,23.0225,72.5714,2025-11-27 20:00:00,112.5,110.8,930.0,64.3,32.8,52.0,28.4,52,0.0,4.7
Ahmedabad,23.0225,72.5714,2025-11-27 21:00:00,110.1,108.5,953.0,61.4,31.1,47.0,27.6,57,0.0,6.4
Ahmedabad,23.0225,72.5714,2025-11-27 22:00:00,105.2,103.6,914.0,50.9,27.1,53.0,26.7,60,0.0,6.6
Ahmedabad,23.0225,72.5714,2025-11-27 23:00:00,99.4,98.0,854.0,40.6,23.1,58.0,25.9,62,0.0,5.5
Ahmedabad,23.0225,72.5714,2025-11-28 00:00:00,92.9,91.5,773.0,32.5,19.4,60.0,25.3,64,0.0,5.7
Ahmedabad,23.0225,72.5714,2025-11-28 01:00:00,86.6,85.4,670.0,24.4,15.7,63.0,24.8,65,0.0,6.4
Ahmedabad,23.0225,72.5714,2025-11-28 02:00:00,80.3,79.4,585.0,18.2,12.9,64.0,24.2,66,0.0,7.3
Ahmedabad,23.0225,72.5714,2025-11-28 03:00:00,74.5,73.8,528.0,14.2,11.6,64.0,23.7,66,0.0,8.4
Ahmedabad,23.0225,72.5714,2025-11-28 04:00:00,70.1,69.6,489.0,11.9,11.4,63.0,23.1,67,0.0,8.9
Ahmedabad,23.0225,72.5714,2025-11-28 05:00:00,68.5,68.0,481.0,12.4,11.6,58.0,22.6,70,0.0,8.5
Ahmedabad,23.0225,72.5714,2025-11-28 06:00:00,67.3,66.8,532.0,15.8,12.2,51.0,22.5,70,0.0,9.3
Ahmedabad,23.0225,72.5714,2025-11-28 07:00:00,69.6,69.4,614.0,20.2,13.2,43.0,22.5,70,0.0,9.8
Ahmedabad,23.0225,72.5714,2025-11-28 08:00:00,72.9,72.6,655.0,22.1,14.9,47.0,23.6,65,0.0,7.4
Ahmedabad,23.0225,72.5714,2025-11-28 09:00:00,78.9,78.2,613.0,18.9,17.9,74.0,25.8,58,0.0,7.7
Ahmedabad,23.0225,72.5714,2025-11-28 10:00:00,85.7,84.8,531.0,13.2,21.6,114.0,27.9,52,0.0,8.3
Ahmedabad,23.0225,72.5714,2025-11-28 11:00:00,91.0,89.9,463.0,8.5,24.4,147.0,29.7,48,0.0,7.1
Ahmedabad,23.0225,72.5714,2025-11-28 12:00:00,93.8,92.4,429.0,5.7,25.5,168.0,30.8,43,0.0,5.8
Ahmedabad,23.0225,72.5714,2025-11-28 13:00:00,90.1,88.5,409.0,4.0,25.7,183.0,31.2,40,0.0,5.2
Ahmedabad,23.0225,72.5714,2025-11-28 14:00:00,83.1,81.5,398.0,4.7,25.6,189.0,31.5,38,0.0,4.9
Ahmedabad,23.0225,72.5714,2025-11-28 15:00:00,82.0,80.3,389.0,7.4,24.7,186.0,31.4,38,0.0,4.9
Ahmedabad,23.0225,72.5714,2025-11-28 16:00:00,82.7,81.0,390.0,12.6,23.5,173.0,31.1,39,0.0,5.5
Ahmedabad,23.0225,72.5714,2025-11-28 17:00:00,109.4,107.3,420.0,24.9,23.6,149.0,30.5,41,0.0,6.3
Ahmedabad,23.0225,72.5714,2025-11-28 18:00:00,123.4,121.1,498.0,37.9,26.1,121.0,29.6,43,0.0,4.2
Ahmedabad,23.0225,72.5714,2025-11-28 19:00:00,131.3,129.5,604.0,55.5,29.4,82.0,28.9,47,0.0,2.0
Ahmedabad,23.0225,72.5714,2025-11-28 20:00:00,134.1,132.2,701.0,66.1,31.1,54.0,28.4,49,0.0,1.0
Ahmedabad,23.0225,72.5714,2025-11-28 21:00:00,132.7,130.9,793.0,63.5,29.8,46.0,27.8,51,0.0,3.3
Ahmedabad,23.0225,72.5714,2025-11-28 22:00:00,127.6,126.2,876.0,54.0,26.7,49.0,27.3,53,0.0,3.4
Ahmedabad,23.0225,72.5714,2025-11-28 23:00:00,120.6,119.2,898.0,44.1,23.4,53.0,26.5,65,0.0,0.4
Ahmedabad,23.0225,72.5714,2025-11-29 00:00:00,110.8,109.4,810.0,35.4,19.8,56.0,26.1,58,0.0,4.7
Ahmedabad,23.0225,72.5714,2025-11-29 01:00:00,101.5,100.6,661.0,26.5,15.8,59.0,24.4,65,0.0,7.1
Ahmedabad,23.0225,72.5714,2025-11-29 02:00:00,93.8,92.7,547.0,19.4,12.8,62.0,23.7,67,0.0,7.0
Ahmedabad,23.0225,72.5714,2025-11-29 03:00:00,85.4,84.8,505.0,14.9,11.3,63.0,23.1,68,0.0,7.4
Ahmedabad,23.0225,72.5714,2025-11-29 04:00:00,75.4,75.0,497.0,12.3,10.8,62.0,22.3,70,0.0,8.6
Ahmedabad,23.0225,72.5714,2025-11-29 05:00:00,73.6,73.1,506.0,16.7,10.4,50.0,21.8,71,0.0,8.6
Ahmedabad,23.0225,72.5714,2025-11-29 06:00:00,59.8,59.5,542.0,18.2,10.9,47.0,21.6,70,0.0,9.1
Ahmedabad,23.0225,72.5714,2025-11-29 07:00:00,51.7,51.3,594.0,20.1,11.7,43.0,21.4,71,0.0,9.7
Ahmedabad,23.0225,72.5714,2025-11-29 08:00:00,48.4,48.2,615.0,20.2,12.8,48.0,22.4,66,0.0,8.1
Ahmedabad,23.0225,72.5714,2025-11-29 09:00:00,47.5,47.1,572.0,16.9,14.6,69.0,24.5,57,0.0,8.1
Ahmedabad,23.0225,72.5714,2025-11-29 10:00:00,49.7,49.0,498.0,11.8,16.6,99.0,26.7,49,0.0,8.5
Ahmedabad,23.0225,72.5714,2025-11-29 11:00:00,50.9,50.1,436.0,7.7,17.9,124.0,28.9,42,0.0,8.3
Ahmedabad,23.0225,72.5714,2025-11-29 12:00:00,50.3,49.5,403.0,5.2,17.8,142.0,30.2,37,0.0,7.7
Ahmedabad,23.0225,72.5714,2025-11-29 13:00:00,49.6,48.7,383.0,3.6,16.9,155.0,30.9,36,0.0,7.7
Ahmedabad,23.0225,72.5714,2025-11-29 14:00:00,50.3,49.4,373.0,3.9,16.0,161.0,31.2,34,0.0,7.9
Ahmedabad,23.0225,72.5714,2025-11-29 15:00:00,51.3,50.3,363.0,6.2,14.9,156.0,31.2,34,0.0,7.6
Ahmedabad,23.0225,72.5714,2025-11-29 16:00:00,52.2,51.2,363.0,10.2,13.8,143.0,30.9,34,0.0,8.0
Ahmedabad,23.0225,72.5714,2025-11-29 17:00:00,54.8,54.0,404.0,15.3,12.2,118.0,29.9,38,0.0,7.9
Ahmedabad,23.0225,72.5714,2025-11-29 18:00:00,65.4,64.5,520.0,26.2,13.8,97.0,29.0,41,0.0,6.0
Ahmedabad,23.0225,72.5714,2025-11-29 19:00:00,71.0,70.3,676.0,40.9,16.1,68.0,28.2,46,0.0,5.6
Ahmedabad,23.0225,72.5714,2025-11-29 20:00:00,74.7,74.0,801.0,50.4,17.4,47.0,27.4,49,0.0,5.1
Ahmedabad,23.0225,72.5714,2025-11-29 21:00:00,77.1,76.1,873.0,49.8,17.1,43.0,26.8,51,0.0,4.5
Ahmedabad,23.0225,72.5714,2025-11-29 22:00:00,78.0,77.1,913.0,43.8,15.9,46.0,26.4,51,0.0,4.9
Ahmedabad,23.0225,72.5714,2025-11-29 23:00:00,76.8,75.9,913.0,37.6,14.5,50.0,25.1,55,0.0,5.9
Ahmedabad,23.0225,72.5714,2025-11-30 00:00:00,74.0,73.1,852.0,32.3,12.8,51.0,24.0,60,0.0,6.0
Ahmedabad,23.0225,72.5714,2025-11-30 01:00:00,71.2,70.5,751.0,26.8,10.8,51.0,22.8,64,0.0,7.1
Ahmedabad,23.0225,72.5714,2025-11-30 02:00:00,68.7,68.0,664.0,22.6,9.5,50.0,22.3,66,0.0,6.6
Ahmedabad,23.0225,72.5714,2025-11-30 03:00:00,65.7,65.0,600.0,20.5,9.2,47.0,21.9,67,0.0,7.0
Ahmedabad,23.0225,72.5714,2025-11-30 04:00:00,62.2,61.7,551.0,19.7,9.7,42.0,21.5,68,0.0,7.5
Ahmedabad,23.0225,72.5714,2025-11-30 05:00:00,63.6,63.1,539.0,23.3,9.5,33.0,21.2,71,0.0,8.0
Ahmedabad,23.0225,72.5714,2025-11-30 06:00:00,61.0,60.5,606.0,25.4,10.6,29.0,20.9,72,0.0,7.8
Ahmedabad,23.0225,72.5714,2025-11-30 07:00:00,61.5,61.0,712.0,28.0,12.2,25.0,20.5,73,0.0,7.2
Ahmedabad,23.0225,72.5714,2025-11-30 08:00:00,59.8,59.4,758.0,28.2,14.1,30.0,21.6,69,0.0,6.1
Ahmedabad,23.0225,72.5714,2025-11-30 09:00:00,56.7,56.3,681.0,24.0,16.5,53.0,24.0,59,0.0,5.4
Ahmedabad,23.0225,72.5714,2025-11-30 10:00:00,53.4,52.9,545.0,17.4,19.2,86.0,26.5,47,0.0,6.5
Ahmedabad,23.0225,72.5714,2025-11-30 11:00:00,52.3,51.5,439.0,11.9,21.0,115.0,28.7,38,0.0,5.8
Ahmedabad,23.0225,72.5714,2025-11-30 12:00:00,52.7,51.7,400.0,8.1,21.3,137.0,29.9,33,0.0,5.2
Ahmedabad,23.0225,72.5714,2025-11-30 13:00:00,52.0,51.0,392.0,5.3,20.7,155.0,30.4,32,0.0,5.2
Ahmedabad,23.0225,72.5714,2025-11-30 14:00:00,51.3,50.3,391.0,4.8,19.8,163.0,30.7,32,0.0,6.1
Ahmedabad,23.0225,72.5714,2025-11-30 15:00:00,50.8,49.8,382.0,7.3,18.5,158.0,30.4,32,0.0,7.9
Ahmedabad,23.0225,72.5714,2025-11-30 16:00:00,50.9,49.9,381.0,12.2,17.0,145.0,29.9,33,0.0,9.2
Ahmedabad,23.0225,72.5714,2025-11-30 17:00:00,54.7,54.1,413.0,18.5,14.3,118.0,29.1,37,0.0,8.7
Ahmedabad,23.0225,72.5714,2025-11-30 18:00:00,65.4,64.7,500.0,30.6,16.1,96.0,28.6,40,0.0,6.8
Ahmedabad,23.0225,72.5714,2025-11-30 19:00:00,73.8,73.1,619.0,47.4,18.5,65.0,28.4,40,0.0,5.4
Ahmedabad,23.0225,72.5714,2025-11-30 20:00:00,80.3,79.6,728.0,60.6,20.4,41.0,28.1,42,0.0,4.8
Ahmedabad,23.0225,72.5714,2025-11-30 21:00:00,88.2,87.3,824.0,67.8,21.5,29.0,27.0,46,0.0,4.5
Ahmedabad,23.0225,72.5714,2025-11-30 22:00:00,94.8,94.1,909.0,71.3,22.1,25.0,25.6,52,0.0,4.6
Ahmedabad,23.0225,72.5714,2025-11-30 23:00:00,99.0,98.0,948.0,70.5,21.6,24.0,24.2,59,0.0,4.7
Ahmedabad,23.0225,72.5714,2025-12-01 00:00:00,98.5,97.6,910.0,63.0,19.3,29.0,23.8,61,0.0,6.5
Ahmedabad,23.0225,72.5714,2025-12-01 01:00:00,90.8,90.1,826.0,51.0,15.9,38.0,23.0,64,0.0,4.0
Ahmedabad,23.0225,72.5714,2025-12-01 02:00:00,81.0,80.1,756.0,40.5,13.1,45.0,21.6,70,0.0,5.2
Ahmedabad,23.0225,72.5714,2025-12-01 03:00:00,74.3,73.6,718.0,33.1,11.4,46.0,20.9,71,0.0,5.5
Ahmedabad,23.0225,72.5714,2025-12-01 04:00:00,70.8,70.1,693.0,27.2,10.3,45.0,20.6,72,0.0,5.4
Ahmedabad,23.0225,72.5714,2025-12-01 05:00:00,88.7,88.0,685.0,45.0,12.2,22.0,20.7,65,0.0,5.2
Ahmedabad,23.0225,72.5714,2025-12-01 06:00:00,81.5,80.8,717.0,41.7,12.5,22.0,20.5,67,0.0,6.2
Ahmedabad,23.0225,72.5714,2025-12-01 07:00:00,79.2,78.7,765.0,36.9,13.1,22.0,19.7,69,0.0,7.0
Ahmedabad,23.0225,72.5714,2025-12-01 08:00:00,71.9,71.5,770.0,31.3,14.2,33.0,20.7,65,0.0,3.7
Ahmedabad,23.0225,72.5714,2025-12-01 09:00:00,62.6,62.4,687.0,24.2,16.4,62.0,23.1,55,0.0,3.3
Ahmedabad,23.0225,72.5714,2025-12-01 10:00:00,55.2,54.7,560.0,16.3,19.2,100.0,25.8,44,0.0,3.8
Ahmedabad,23.0225,72.5714,2025-12-01 11:00:00,52.4,51.8,456.0,10.1,20.8,132.0,28.2,37,0.0,4.7
Ahmedabad,23.0225,72.5714,2025-12-01 12:00:00,52.3,51.5,400.0,6.1,20.3,151.0,29.4,34,0.0,4.7
Ahmedabad,23.0225,72.5714,2025-12-01 13:00:00,51.7,50.8,367.0,3.8,18.8,163.0,30.0,32,0.0,4.6
Ahmedabad,23.0225,72.5714,2025-12-01 14:00:00,51.1,50.2,352.0,3.8,17.4,167.0,30.2,32,0.0,4.7
Ahmedabad,23.0225,72.5714,2025-12-01 15:00:00,50.6,49.8,342.0,5.9,16.2,163.0,30.1,32,0.0,5.2
Ahmedabad,23.0225,72.5714,2025-12-01 16:00:00,50.6,49.8,348.0,10.3,15.2,150.0,29.7,33,0.0,5.4
Ahmedabad,23.0225,72.5714,2025-12-01 17:00:00,56.5,55.6,404.0,16.8,14.2,133.0,28.6,34,0.0,6.6
Ahmedabad,23.0225,72.5714,2025-12-01 18:00:00,69.6,68.7,540.0,33.7,17.4,105.0,27.7,37,0.0,4.2
Ahmedabad,23.0225,72.5714,2025-12-01 19:00:00,78.2,77.3,724.0,56.7,21.9,66.0,27.3,38,0.0,2.5
Ahmedabad,23.0225,72.5714,2025-12-01 20:00:00,82.4,81.7,894.0,72.2,24.6,37.0,26.8,40,0.0,2.7
Ahmedabad,23.0225,72.5714,2025-12-01 21:00:00,84.8,83.8,1041.0,73.8,24.4,27.0,26.1,43,0.0,2.4
Ahmedabad,23.0225,72.5714,2025-12-01 22:00:00,86.1,85.2,1173.0,67.9,22.6,26.0,25.2,46,0.0,1.1
Ahmedabad,23.0225,72.5714,2025-12-01 23:00:00,83.4,82.4,1251.0,59.8,20.1,28.0,23.4,57,0.0,0.8
Ahmedabad,23.0225,72.5714,2025-12-02 00:00:00,75.7,74.7,1256.0,50.0,16.6,32.0,23.3,54,0.0,3.4
Ahmedabad,23.0225,72.5714,2025-12-02 01:00:00,66.4,65.7,1207.0,38.0,12.5,38.0,22.8,57,0.0,4.9
Ahmedabad,23.0225,72.5714,2025-12-02 02:00:00,58.9,58.3,1121.0,28.2,9.3,44.0,21.3,63,0.0,4.5
Ahmedabad,23.0225,72.5714,2025-12-02 03:00:00,52.6,52.2,960.0,21.8,7.8,48.0,20.4,66,0.0,6.1
Ahmedabad,23.0225,72.5714,2025-12-02 04:00:00,48.3,47.8,762.0,17.6,7.3,51.0,20.0,66,0.0,5.5
Ahmedabad,23.0225,72.5714,2025-12-02 05:00:00,63.8,63.3,655.0,27.9,8.1,32.0,19.5,68,0.0,5.1
Ahmedabad,23.0225,72.5714,2025-12-02 06:00:00,62.6,62.2,744.0,29.8,8.9,27.0,19.6,65,0.0,6.1
Ahmedabad,23.0225,72.5714,2025-12-02 07:00:00,66.4,65.7,923.0,32.2,10.1,22.0,19.4,65,0.0,5.9
Ahmedabad,23.0225,72.5714,2025-12-02 08:00:00,65.0,64.5,1004.0,31.5,11.3,29.0,20.5,62,0.0,4.1
Ahmedabad,23.0225,72.5714,2025-12-02 09:00:00,58.3,58.0,874.0,25.1,12.6,61.0,23.0,53,0.0,3.0
Ahmedabad,23.0225,72.5714,2025-12-02 10:00:00,53.9,53.4,646.0,15.6,13.8,105.0,25.6,45,0.0,3.8
Ahmedabad,23.0225,72.5714,2025-12-02 11:00:00,50.2,49.5,465.0,8.2,14.3,139.0,27.5,40,0.0,4.6
Ahmedabad,23.0225,72.5714,2025-12-02 12:00:00,47.0,46.2,390.0,4.5,13.5,154.0,28.8,35,0.0,6.0
Ahmedabad,23.0225,72.5714,2025-12-02 13:00:00,44.2,43.4,362.0,2.8,11.9,159.0,29.3,34,0.0,6.0
Ahmedabad,23.0225,72.5714,2025-12-02 14:00:00,42.7,41.9,349.0,3.0,10.7,158.0,29.5,33,0.0,6.2
Ahmedabad,23.0225,72.5714,2025-12-02 15:00:00,42.3,41.6,337.0,5.5,10.2,152.0,29.5,32,0.0,7.4
Ahmedabad,23.0225,72.5714,2025-12-02 16:00:00,42.1,41.4,340.0,9.9,10.0,139.0,28.9,34,0.0,8.9
Ahmedabad,23.0225,72.5714,2025-12-02 17:00:00,47.8,47.1,371.0,17.1,11.3,120.0,28.0,37,0.0,8.6
Ahmedabad,23.0225,72.5714,2025-12-02 18:00:00,57.5,56.8,457.0,26.2,12.9,100.0,27.6,39,0.0,7.9
Ahmedabad,23.0225,72.5714,2025-12-02 19:00:00,61.5,60.8,571.0,38.4,15.0,72.0,27.1,40,0.0,6.7
Ahmedabad,23.0225,72.5714,2025-12-02 20:00:00,59.8,59.1,644.0,45.5,16.0,52.0,26.1,45,0.0,7.5
Ahmedabad,23.0225,72.5714,2025-12-02 21:00:00,56.3,55.8,641.0,42.8,15.1,48.0,25.1,50,0.0,8.0
Ahmedabad,23.0225,72.5714,2025-12-02 22:00:00,52.0,51.6,598.0,35.0,13.1,51.0,24.1,51,0.0,8.3
Ahmedabad,23.0225,72.5714,2025-12-02 23:00:00,47.3,46.9,552.0,27.7,11.3,55.0,22.5,58,0.0,7.3
Ahmedabad,23.0225,72.5714,2025-12-03 00:00:00,41.6,41.2,512.0,22.8,10.1,58.0,21.9,58,0.0,7.3
Ahmedabad,23.0225,72.5714,2025-12-03 01:00:00,36.3,36.0,470.0,18.5,9.1,61.0,21.8,56,0.0,8.3
Ahmedabad,23.0225,72.5714,2025-12-03 02:00:00,31.7,31.4,442.0,15.2,8.4,64.0,20.8,60,0.0,7.3
Ahmedabad,23.0225,72.5714,2025-12-03 03:00:00,27.9,27.6,436.0,12.7,8.1,66.0,19.8,63,0.0,6.3
Ahmedabad,23.0225,72.5714,2025-12-03 04:00:00,25.3,25.0,445.0,11.2,8.2,68.0,19.5,64,0.0,7.5
Ahmedabad,23.0225,72.5714,2025-12-03 05:00:00,36.0,35.7,463.0,18.1,8.3,45.0,19.8,62,0.0,8.2
Ahmedabad,23.0225,72.5714,2025-12-03 06:00:00,35.9,35.6,500.0,20.6,9.3,40.0,19.6,63,0.0,8.6
Ahmedabad,23.0225,72.5714,2025-12-03 07:00:00,39.5,39.1,546.0,23.9,10.7,34.0,18.9,66,0.0,8.8
Ahmedabad,23.0225,72.5714,2025-12-03 08:00:00,42.6,42.4,562.0,24.6,12.1,39.0,19.6,62,0.0,7.1
Ahmedabad,23.0225,72.5714,2025-12-03 09:00:00,44.2,44.0,523.0,20.5,13.5,63.0,22.0,54,0.0,6.1
Ahmedabad,23.0225,72.5714,2025-12-03 10:00:00,47.1,46.7,454.0,13.8,14.8,97.0,25.0,45,0.0,6.8
Ahmedabad,23.0225,72.5714,2025-12-03 11:00:00,51.1,50.5,395.0,8.4,15.3,124.0,27.5,38,0.0,8.4
Ahmedabad,23.0225,72.5714,2025-12-03 12:00:00,43.5,42.8,357.0,5.1,14.3,138.0,28.9,29,0.0,10.6
Ahmedabad,23.0225,72.5714,2025-12-03 13:00:00,41.8,41.1,329.0,3.1,12.5,145.0,29.3,28,0.0,10.2
Ahmedabad,23.0225,72.5714,2025-12-03 14:00:00,40.7,40.0,314.0,3.0,11.2,145.0,29.6,28,0.0,9.7
Ahmedabad,23.0225,72.5714,2025-12-03 15:00:00,39.9,39.3,312.0,5.6,10.9,138.0,29.5,28,0.0,9.7
Ahmedabad,23.0225,72.5714,2025-12-03 16:00:00,39.1,38.5,322.0,10.2,11.1,125.0,29.1,29,0.0,9.7
Ahmedabad,23.0225,72.5714,2025-12-03 17:00:00,42.6,42.0,347.0,13.9,11.1,106.0,28.2,30,0.0,9.2
Ahmedabad,23.0225,72.5714,2025-12-03 18:00:00,49.2,48.8,402.0,20.1,11.8,91.0,27.2,34,0.0,8.3
Ahmedabad,23.0225,72.5714,2025-12-03 19:00:00,51.6,51.1,472.0,28.6,12.8,69.0,26.3,37,0.0,8.7
Ahmedabad,23.0225,72.5714,2025-12-03 20:00:00,52.5,52.2,515.0,33.9,13.2,54.0,25.5,38,0.0,9.6
Ahmedabad,23.0225,72.5714,2025-12-03 21:00:00,53.1,52.7,507.0,33.3,12.7,50.0,24.5,40,0.0,9.2
Ahmedabad,23.0225,72.5714,2025-12-03 22:00:00,52.7,52.4,473.0,29.5,11.7,51.0,23.5,43,0.0,9.3
Ahmedabad,23.0225,72.5714,2025-12-03 23:00:00,50.3,49.9,439.0,25.2,10.8,54.0,22.3,48,0.0,8.7
Ahmedabad,23.0225,72.5714,2025-12-04 00:00:00,46.4,46.2,413.0,20.7,10.1,58.0,21.2,52,0.0,8.2
Ahmedabad,23.0225,72.5714,2025-12-04 01:00:00,43.1,42.8,389.0,15.7,9.4,63.0,20.7,55,0.0,9.5
Ahmedabad,23.0225,72.5714,2025-12-04 02:00:00,40.5,40.4,373.0,11.7,9.4,67.0,20.2,56,0.0,9.8
Ahmedabad,23.0225,72.5714,2025-12-04 03:00:00,39.2,39.1,368.0,9.4,10.1,70.0,19.6,58,0.0,10.6
Ahmedabad,23.0225,72.5714,2025-12-04 04:00:00,39.2,39.1,373.0,8.1,11.5,72.0,19.0,61,0.0,10.9
Ahmedabad,23.0225,72.5714,2025-12-04 05:00:00,39.5,39.3,389.0,8.1,11.0,73.0,18.6,64,0.0,11.3
Ahmedabad,23.0225,72.5714,2025-12-04 06:00:00,40.9,40.6,430.0,10.5,13.3,69.0,18.4,65,0.0,11.8
Ahmedabad,23.0225,72.5714,2025-12-04 07:00:00,44.2,44.1,483.0,13.6,16.5,64.0,18.3,65,0.0,12.2
Ahmedabad,23.0225,72.5714,2025-12-04 08:00:00,47.5,47.3,509.0,15.0,19.7,66.0,19.4,59,0.0,9.0
Ahmedabad,23.0225,72.5714,2025-12-04 09:00:00,49.5,49.2,486.0,12.9,23.2,80.0,21.4,52,0.0,10.2
Ahmedabad,23.0225,72.5714,2025-12-04 10:00:00,50.8,50.5,437.0,9.1,26.6,101.0,23.8,46,0.0,10.4
Ahmedabad,23.0225,72.5714,2025-12-04 11:00:00,48.9,48.4,390.0,5.9,27.6,119.0,26.3,40,0.0,10.8
Ahmedabad,23.0225,72.5714,2025-12-04 12:00:00,40.2,39.5,350.0,4.0,24.3,131.0,27.9,32,0.0,11.4
Ahmedabad,23.0225,72.5714,2025-12-04 13:00:00,38.0,37.1,311.0,2.7,18.6,139.0,28.7,28,0.0,10.5
Ahmedabad,23.0225,72.5714,2025-12-04 14:00:00,37.4,36.4,290.0,3.0,14.5,142.0,29.0,27,0.0,9.4
Ahmedabad,23.0225,72.5714,2025-12-04 15:00:00,37.5,36.4,291.0,5.2,13.5,137.0,28.8,27,0.0,9.3
Ahmedabad,23.0225,72.5714,2025-12-04 16:00:00,38.0,36.9,309.0,8.9,14.0,127.0,28.4,28,0.0,9.1
Ahmedabad,23.0225,72.5714,2025-12-04 17:00:00,38.9,38.4,341.0,12.0,16.3,110.0,27.4,31,0.0,8.3
Ahmedabad,23.0225,72.5714,2025-12-04 18:00:00,46.8,46.3,401.0,20.2,17.2,92.0,26.5,35,0.0,7.6
Ahmedabad,23.0225,72.5714,2025-12-04 19:00:00,52.2,51.7,475.0,31.4,18.4,66.0,25.6,37,0.0,8.5
Ahmedabad,23.0225,72.5714,2025-12-04 20:00:00,55.5,55.1,521.0,38.8,19.0,48.0,24.8,39,0.0,7.8
Ahmedabad,23.0225,72.5714,2025-12-04 21:00:00,57.3,56.8,518.0,39.1,18.5,42.0,23.8,43,0.0,8.5
Ahmedabad,23.0225,72.5714,2025-12-04 22:00:00,58.0,57.5,487.0,35.6,17.5,44.0,23.2,44,0.0,9.3
Ahmedabad,23.0225,72.5714,2025-12-04 23:00:00,56.3,56.0,454.0,31.1,16.4,47.0,22.3,48,0.0,9.3
Ahmedabad,23.0225,72.5714,2025-12-05 00:00:00,53.2,53.0,422.0,25.7,15.3,52.0,21.4,51,0.0,9.7
Ahmedabad,23.0225,72.5714,2025-12-05 01:00:00,50.8,50.5,388.0,19.3,14.3,59.0,20.6,53,0.0,10.1
Ahmedabad,23.0225,72.5714,2025-12-05 02:00:00,49.1,48.8,369.0,14.2,13.6,65.0,20.1,55,0.0,10.4
Ahmedabad,23.0225,72.5714,2025-12-05 03:00:00,47.8,47.6,372.0,11.0,13.5,69.0,19.6,57,0.0,10.2
Ahmedabad,23.0225,72.5714,2025-12-05 04:00:00,47.0,46.8,389.0,9.1,13.9,72.0,19.0,59,0.0,10.5
Ahmedabad,23.0225,72.5714,2025-12-05 05:00:00,45.9,45.5,415.0,8.2,14.0,74.0,18.2,65,0.0,11.0
Ahmedabad,23.0225,72.5714,2025-12-05 06:00:00,46.1,45.9,459.0,11.1,14.3,67.0,17.9,66,0.0,11.3
Ahmedabad,23.0225,72.5714,2025-12-05 07:00:00,47.8,47.5,511.0,14.9,14.8,59.0,17.7,67,0.0,11.9
Ahmedabad,23.0225,72.5714,2025-12-05 08:00:00,48.7,48.4,537.0,16.6,15.4,59.0,18.7,64,0.0,9.2
Ahmedabad,23.0225,72.5714,2025-12-05 09:00:00,49.0,48.8,517.0,14.2,16.3,75.0,20.7,57,0.0,9.8
Ahmedabad,23.0225,72.5714,2025-12-05 10:00:00,49.2,48.8,472.0,9.8,17.2,100.0,23.2,49,0.0,9.3
Ahmedabad,23.0225,72.5714,2025-12-05 11:00:00,48.2,47.6,428.0,6.2,17.7,121.0,26.0,43,0.0,9.7
Ahmedabad,23.0225,72.5714,2025-12-05 12:00:00,44.8,44.1,390.0,4.2,17.2,135.0,27.7,36,0.0,10.6
Ahmedabad,23.0225,72.5714,2025-12-05 13:00:00,42.7,41.9,354.0,3.1,16.2,146.0,28.6,32,0.0,10.3
Ahmedabad,23.0225,72.5714,2025-12-05 14:00:00,42.3,41.2,332.0,3.4,15.4,150.0,29.0,31,0.0,9.7
Ahmedabad,23.0225,72.5714,2025-12-05 15:00:00,42.1,41.1,332.0,5.3,14.9,145.0,28.9,30,0.0,9.8
Ahmedabad,23.0225,72.5714,2025-12-05 16:00:00,42.0,40.9,346.0,8.5,14.6,133.0,28.4,32,0.0,10.5
Ahmedabad,23.0225,72.5714,2025-12-05 17:00:00,41.9,41.0,367.0,11.4,14.4,113.0,27.5,34,0.0,10.1
Ahmedabad,23.0225,72.5714,2025-12-05 18:00:00,47.3,46.4,400.0,18.4,15.0,95.0,26.3,38,0.0,9.8
Ahmedabad,23.0225,72.5714,2025-12-05 19:00:00,51.0,50.2,441.0,27.8,15.7,70.0,25.3,40,0.0,10.3
Ahmedabad,23.0225,72.5714,2025-12-05 20:00:00,53.3,52.6,468.0,33.2,16.3,54.0,24.4,42,0.0,10.2
Ahmedabad,23.0225,72.5714,2025-12-05 21:00:00,53.3,52.6,471.0,30.8,16.3,54.0,23.8,43,0.0,10.4
Ahmedabad,23.0225,72.5714,2025-12-05 22:00:00,50.6,50.3,460.0,24.4,16.2,62.0,23.2,46,0.0,10.7
Ahmedabad,23.0225,72.5714,2025-12-05 23:00:00,47.0,46.7,445.0,18.5,16.2,70.0,22.0,50,0.0,10.9
Ahmedabad,23.0225,72.5714,2025-12-06 00:00:00,43.2,43.1,427.0,14.6,16.7,76.0,21.2,54,0.0,11.6
Ahmedabad,23.0225,72.5714,2025-12-06 01:00:00,40.6,40.5,405.0,11.2,17.4,82.0,20.6,57,0.0,11.0
Ahmedabad,23.0225,72.5714,2025-12-06 02:00:00,38.6,38.5,387.0,8.8,18.0,86.0,19.8,59,0.0,10.9
Ahmedabad,23.0225,72.5714,2025-12-06 03:00:00,37.3,37.1,370.0,7.5,18.4,86.0,19.2,60,0.0,11.2
Ahmedabad,23.0225,72.5714,2025-12-06 04:00:00,36.0,36.0,357.0,7.3,18.8,84.0,18.6,60,0.0,11.7
Ahmedabad,23.0225,72.5714,2025-12-06 05:00:00,35.0,35.0,363.0,7.9,19.7,83.0,17.8,62,0.0,12.1
Ahmedabad,23.0225,72.5714,2025-12-06 06:00:00,34.6,34.5,410.0,10.8,20.9,76.0,17.3,63,0.0,11.9
Ahmedabad,23.0225,72.5714,2025-12-06 07:00:00,35.4,35.3,477.0,14.7,22.6,68.0,17.0,63,0.0,12.4
Ahmedabad,23.0225,72.5714,2025-12-06 08:00:00,36.2,36.1,515.0,16.5,24.7,68.0,17.9,59,0.0,9.1
Ahmedabad,23.0225,72.5714,2025-12-06 09:00:00,35.9,35.7,496.0,14.2,27.9,84.0,19.9,52,0.0,10.6
Ahmedabad,23.0225,72.5714,2025-12-06 10:00:00,35.9,35.6,449.0,9.9,31.4,108.0,22.3,45,0.0,9.4
Ahmedabad,23.0225,72.5714,2025-12-06 11:00:00,35.6,35.4,406.0,6.4,33.2,128.0,25.2,40,0.0,9.6
Ahmedabad,23.0225,72.5714,2025-12-06 12:00:00,33.5,33.3,377.0,4.6,31.6,140.0,26.8,35,0.0,10.2
Ahmedabad,23.0225,72.5714,2025-12-06 13:00:00,31.5,31.3,353.0,3.7,28.2,148.0,27.7,32,0.0,10.0
Ahmedabad,23.0225,72.5714,2025-12-06 14:00:00,30.6,30.3,341.0,4.4,25.4,150.0,28.1,31,0.0,9.3
Ahmedabad,23.0225,72.5714,2025-12-06 15:00:00,29.9,29.6,348.0,7.2,24.0,143.0,28.2,30,0.0,8.2
Ahmedabad,23.0225,72.5714,2025-12-06 16:00:00,29.8,29.5,367.0,11.7,23.2,130.0,27.6,32,0.0,8.7
Ahmedabad,23.0225,72.5714,2025-12-06 17:00:00,40.2,39.7,391.0,19.1,23.1,117.0,26.7,31,0.0,7.5
Ahmedabad,23.0225,72.5714,2025-12-06 18:00:00,45.9,45.4,425.0,26.8,23.1,99.0,25.6,35,0.0,8.5
Ahmedabad,23.0225,72.5714,2025-12-06 19:00:00,49.1,48.7,463.0,37.4,23.1,73.0,24.7,36,0.0,10.4
Ahmedabad,23.0225,72.5714,2025-12-06 20:00:00,51.2,50.8,485.0,44.6,22.7,54.0,24.1,36,0.0,10.2
Ahmedabad,23.0225,72.5714,2025-12-06 21:00:00,51.8,51.3,476.0,45.8,21.7,46.0,23.5,37,0.0,9.8
Ahmedabad,23.0225,72.5714,2025-12-06 22:00:00,53.1,52.5,450.0,43.7,20.4,43.0,22.7,39,0.0,9.6
Ahmedabad,23.0225,72.5714,2025-12-06 23:00:00,53.3,52.6,425.0,40.1,19.0,43.0,21.6,43,0.0,9.0
Ahmedabad,23.0225,72.5714,2025-12-07 00:00:00,49.2,48.7,406.0,35.0,17.3,44.0,20.6,46,0.0,9.0
Ahmedabad,23.0225,72.5714,2025-12-07 01:00:00,46.0,45.4,389.0,28.3,15.5,47.0,19.9,50,0.0,9.2
Ahmedabad,23.0225,72.5714,2025-12-07 02:00:00,42.6,42.0,380.0,22.4,14.3,50.0,19.1,54,0.0,9.3
Ahmedabad,23.0225,72.5714,2025-12-07 03:00:00,38.2,37.6,380.0,17.4,14.0,54.0,18.4,58,0.0,10.2
Ahmedabad,23.0225,72.5714,2025-12-07 04:00:00,33.9,33.4,388.0,13.2,14.2,59.0,17.7,62,0.0,10.5
Ahmedabad,23.0225,72.5714,2025-12-07 05:00:00,30.7,30.4,408.0,10.2,15.2,66.0,17.5,61,0.0,11.2
Ahmedabad,23.0225,72.5714,2025-12-07 06:00:00,29.3,29.0,455.0,12.3,16.3,63.0,17.2,61,0.0,11.8
Ahmedabad,23.0225,72.5714,2025-12-07 07:00:00,30.4,30.0,513.0,15.0,18.0,60.0,16.9,61,0.0,11.8
Ahmedabad,23.0225,72.5714,2025-12-07 08:00:00,32.1,31.9,543.0,16.1,19.7,63.0,17.9,57,0.0,9.2
Ahmedabad,23.0225,72.5714,2025-12-07 09:00:00,32.7,32.5,520.0,14.0,21.7,78.0,20.0,51,0.0,8.6
Ahmedabad,23.0225,72.5714,2025-12-07 10:00:00,33.6,33.3,469.0,10.2,23.8,100.0,22.5,44,0.0,8.5
Ahmedabad,23.0225,72.5714,2025-12-07 11:00:00,34.1,33.6,420.0,7.2,24.7,119.0,25.6,37,0.0,10.6
Ahmedabad,23.0225,72.5714,2025-12-07 12:00:00,32.8,32.0,379.0,5.1,23.3,133.0,27.4,30,0.0,11.1
Ahmedabad,23.0225,72.5714,2025-12-07 13:00:00,30.6,29.4,340.0,3.8,20.7,144.0,28.8,26,0.0,10.4
Ahmedabad,23.0225,72.5714,2025-12-07 14:00:00,28.9,27.5,322.0,4.7,18.7,148.0,29.5,23,0.0,8.6
Ahmedabad,23.0225,72.5714,2025-12-07 15:00:00,27.8,26.3,334.0,8.1,17.7,141.0,29.7,22,0.0,7.6
Ahmedabad,23.0225,72.5714,2025-12-07 16:00:00,27.2,25.8,366.0,13.8,17.3,127.0,29.2,24,0.0,8.3
Ahmedabad,23.0225,72.5714,2025-12-07 17:00:00,22.4,21.9,406.0,21.2,17.1,108.0,28.2,27,0.0,7.4
Ahmedabad,23.0225,72.5714,2025-12-07 18:00:00,32.8,32.5,463.0,37.1,19.7,83.0,27.3,31,0.0,7.5
Ahmedabad,23.0225,72.5714,2025-12-07 19:00:00,43.3,43.1,528.0,58.5,23.2,48.0,26.2,35,0.0,8.2
Ahmedabad,23.0225,72.5714,2025-12-07 20:00:00,47.6,47.5,567.0,71.5,24.9,24.0,25.2,38,0.0,9.1
Ahmedabad,23.0225,72.5714,2025-12-07 21:00:00,46.1,46.0,561.0,68.5,23.2,19.0,24.1,40,0.0,9.3
Ahmedabad,23.0225,72.5714,2025-12-07 22:00:00,41.8,41.7,529.0,57.2,19.7,24.0,22.8,44,0.0,8.9
Ahmedabad,23.0225,72.5714,2025-12-07 23:00:00,35.9,35.9,492.0,45.9,16.3,30.0,21.7,48,0.0,8.9
Ahmedabad,23.0225,72.5714,2025-12-08 00:00:00,28.9,28.9,452.0,37.0,13.5,34.0,20.7,50,0.0,9.6
Ahmedabad,23.0225,72.5714,2025-12-08 01:00:00,23.3,23.3,408.0,28.3,10.9,38.0,19.9,52,0.0,9.8
Ahmedabad,23.0225,72.5714,2025-12-08 02:00:00,19.3,19.3,373.0,21.5,9.1,41.0,19.2,54,0.0,9.3
Ahmedabad,23.0225,72.5714,2025-12-08 03:00:00,16.9,16.9,349.0,17.4,8.3,42.0,18.6,56,0.0,9.3
Ahmedabad,23.0225,72.5714,2025-12-08 04:00:00,15.7,15.5,335.0,15.3,8.3,43.0,18.0,59,0.0,9.7
Ahmedabad,23.0225,72.5714,2025-12-08 05:00:00,14.2,13.9,344.0,12.3,9.0,50.0,17.3,62,0.0,10.3
Ahmedabad,23.0225,72.5714,2025-12-08 06:00:00,14.8,14.4,402.0,14.6,10.3,47.0,17.1,64,0.0,11.1
Ahmedabad,23.0225,72.5714,2025-12-08 07:00:00,17.4,17.1,483.0,17.6,12.0,43.0,16.9,64,0.0,11.2
Ahmedabad,23.0225,72.5714,2025-12-08 08:00:00,20.1,19.8,528.0,18.8,13.6,46.0,17.9,61,0.0,9.7
Ahmedabad,23.0225,72.5714,2025-12-08 09:00:00,21.0,20.7,505.0,16.5,15.0,63.0,20.2,53,0.0,7.8
Ahmedabad,23.0225,72.5714,2025-12-08 10:00:00,21.8,21.4,445.0,12.3,16.1,88.0,23.0,46,0.0,7.7
Ahmedabad,23.0225,72.5714,2025-12-08 11:00:00,22.7,22.1,383.0,8.7,16.5,108.0,26.6,37,0.0,8.0
Ahmedabad,23.0225,72.5714,2025-12-08 12:00:00,21.4,20.7,320.0,5.9,15.4,122.0,28.7,30,0.0,8.7
Ahmedabad,23.0225,72.5714,2025-12-08 13:00:00,18.3,17.5,256.0,3.6,13.4,131.0,30.0,22,0.0,10.5
Ahmedabad,23.0225,72.5714,2025-12-08 14:00:00,15.8,14.6,216.0,3.4,12.1,134.0,30.7,18,0.0,10.7
Ahmedabad,23.0225,72.5714,2025-12-08 15:00:00,14.8,13.5,213.0,5.4,12.0,128.0,30.7,17,0.0,10.8
Ahmedabad,23.0225,72.5714,2025-12-08 16:00:00,15.0,13.6,236.0,9.5,12.5,116.0,30.4,17,0.0,10.4
Ahmedabad,23.0225,72.5714,2025-12-08 17:00:00,10.2,10.2,278.0,17.4,14.2,104.0,29.1,19,0.0,8.1
Ahmedabad,23.0225,72.5714,2025-12-08 18:00:00,19.6,19.5,354.0,33.4,16.3,80.0,27.9,23,0.0,8.0
Ahmedabad,23.0225,72.5714,2025-12-08 19:00:00,29.2,29.1,449.0,55.1,19.1,47.0,26.6,27,0.0,8.2
Ahmedabad,23.0225,72.5714,2025-12-08 20:00:00,38.5,38.5,510.0,69.5,20.6,23.0,25.5,29,0.0,8.4
Ahmedabad,23.0225,72.5714,2025-12-08 21:00:00,42.8,42.7,506.0,70.1,19.9,16.0,25.1,28,0.0,8.8
Ahmedabad,23.0225,72.5714,2025-12-08 22:00:00,41.8,41.7,468.0,63.3,17.9,19.0,23.7,30,0.0,9.0
Ahmedabad,23.0225,72.5714,2025-12-08 23:00:00,36.7,36.6,431.0,55.0,15.8,23.0,21.9,36,0.0,9.6
Ahmedabad,23.0225,72.5714,2025-12-09 00:00:00,30.4,30.3,407.0,45.9,13.8,28.0,20.9,41,0.0,10.4
Ahmedabad,23.0225,72.5714,2025-12-09 01:00:00,25.2,25.1,384.0,35.2,11.8,35.0,20.0,45,0.0,8.9
Ahmedabad,23.0225,72.5714,2025-12-09 02:00:00,20.8,20.6,363.0,26.4,10.3,41.0,19.2,48,0.0,8.9
Ahmedabad,23.0225,72.5714,2025-12-09 03:00:00,16.8,16.6,338.0,20.5,9.5,46.0,18.5,51,0.0,9.5
Ahmedabad,23.0225,72.5714,2025-12-09 04:00:00,13.5,13.2,315.0,16.4,9.2,51.0,18.0,51,0.0,10.2
Ahmedabad,23.0225,72.5714,2025-12-09 05:00:00,12.1,11.8,318.0,14.9,9.1,52.0,17.7,52,0.0,11.2
Ahmedabad,23.0225,72.5714,2025-12-09 06:00:00,10.9,10.7,375.0,16.5,10.1,52.0,17.5,52,0.0,11.3
Ahmedabad,23.0225,72.5714,2025-12-09 07:00:00,12.6,12.3,458.0,18.6,11.6,52.0,17.1,53,0.0,11.0
Ahmedabad,23.0225,72.5714,2025-12-09 08:00:00,15.1,14.9,507.0,19.2,14.1,57.0,18.2,50,0.0,10.2
Ahmedabad,23.0225,72.5714,2025-12-09 09:00:00,16.2,16.0,490.0,17.0,18.8,71.0,20.3,44,0.0,7.3
Ahmedabad,23.0225,72.5714,2025-12-09 10:00:00,16.8,16.6,440.0,13.3,24.4,91.0,23.0,39,0.0,7.2
Ahmedabad,23.0225,72.5714,2025-12-09 11:00:00,17.1,16.9,389.0,10.0,27.6,109.0,26.6,33,0.0,6.8
Ahmedabad,23.0225,72.5714,2025-12-09 12:00:00,15.8,15.6,344.0,7.1,26.2,125.0,28.6,30,0.0,7.3
Ahmedabad,23.0225,72.5714,2025-12-09 13:00:00,14.2,13.8,300.0,4.6,22.3,138.0,29.9,25,0.0,7.8
Ahmedabad,23.0225,72.5714,2025-12-09 14:00:00,13.3,12.8,273.0,4.3,19.0,144.0,30.6,23,0.0,8.2
Ahmedabad,23.0225,72.5714,2025-12-09 15:00:00,12.8,12.3,265.0,7.1,17.2,137.0,30.6,22,0.0,8.5
Ahmedabad,23.0225,72.5714,2025-12-09 16:00:00,12.8,12.2,275.0,12.0,15.8,123.0,30.2,23,0.0,9.0
Ahmedabad,23.0225,72.5714,2025-12-09 17:00:00,12.2,12.2,314.0,18.1,14.7,98.0,29.0,25,0.0,7.5
Ahmedabad,23.0225,72.5714,2025-12-09 18:00:00,19.0,18.9,410.0,25.3,14.9,82.0,27.8,29,0.0,7.4
Ahmedabad,23.0225,72.5714,2025-12-09 19:00:00,21.7,21.6,537.0,35.1,15.2,60.0,26.8,32,0.0,7.9
Ahmedabad,23.0225,72.5714,2025-12-09 20:00:00,23.4,23.3,621.0,42.0,15.1,43.0,25.9,33,0.0,8.6
Ahmedabad,23.0225,72.5714,2025-12-09 21:00:00,26.1,25.7,630.0,43.5,14.3,37.0,24.5,34,0.0,9.4
Ahmedabad,23.0225,72.5714,2025-12-09 22:00:00,27.8,27.1,598.0,41.9,13.2,35.0,23.3,35,0.0,9.4
Ahmedabad,23.0225,72.5714,2025-12-09 23:00:00,26.5,25.8,554.0,39.3,12.0,35.0,22.2,36,0.0,7.6
Ahmedabad,23.0225,72.5714,2025-12-10 00:00:00,23.3,22.6,499.0,35.6,10.6,34.0,20.7,40,0.0,7.8
Ahmedabad,23.0225,72.5714,2025-12-10 01:00:00,21.2,20.4,433.0,30.7,9.2,35.0,19.8,42,0.0,8.9
Ahmedabad,23.0225,72.5714,2025-12-10 02:00:00,19.3,18.6,383.0,26.3,8.4,36.0,19.1,43,0.0,9.0
Ahmedabad,23.0225,72.5714,2025-12-10 03:00:00,16.9,16.2,355.0,22.5,8.5,38.0,18.5,45,0.0,8.9
Ahmedabad,23.0225,72.5714,2025-12-10 04:00:00,14.3,13.8,343.0,19.0,9.2,40.0,17.9,47,0.0,9.7
Ahmedabad,23.0225,72.5714,2025-12-10 05:00:00,11.6,11.6,360.0,16.3,10.5,42.0,17.5,55,0.0,9.2
Ahmedabad,23.0225,72.5714,2025-12-10 06:00:00,11.3,11.3,434.0,18.1,11.3,39.0,17.1,59,0.0,9.4
Ahmedabad,23.0225,72.5714,2025-12-10 07:00:00,13.7,13.7,537.0,20.4,12.5,36.0,16.6,62,0.0,9.7
Ahmedabad,23.0225,72.5714,2025-12-10 08:00:00,16.1,16.1,592.0,21.0,13.7,41.0,17.6,59,0.0,9.3
Ahmedabad,23.0225,72.5714,2025-12-10 09:00:00,17.1,17.1,555.0,18.5,14.8,61.0,20.0,50,0.0,6.0
Ahmedabad,23.0225,72.5714,2025-12-10 10:00:00,16.4,16.4,469.0,14.3,15.9,88.0,23.1,41,0.0,6.0
Ahmedabad,23.0225,72.5714,2025-12-10 11:00:00,15.3,15.2,392.0,10.6,16.5,112.0,26.9,34,0.0,5.5
Ahmedabad,23.0225,72.5714,2025-12-10 12:00:00,13.0,12.9,337.0,7.3,16.3,130.0,29.1,28,0.0,5.0
Ahmedabad,23.0225,72.5714,2025-12-10 13:00:00,10.3,10.2,291.0,4.5,15.6,144.0,30.4,21,0.0,5.1
Ahmedabad,23.0225,72.5714,2025-12-10 14:00:00,10.3,10.3,267.0,4.1,15.0,150.0,30.9,19,0.0,4.3
Ahmedabad,23.0225,72.5714,2025-12-10 15:00:00,10.7,10.6,271.0,6.9,14.6,145.0,30.9,19,0.0,4.2
Ahmedabad,23.0225,72.5714,2025-12-10 16:00:00,11.1,11.0,297.0,12.2,14.3,132.0,30.5,20,0.0,5.6
Ahmedabad,23.0225,72.5714,2025-12-10 17:00:00,15.9,15.9,347.0,18.8,14.9,119.0,29.1,23,0.0,7.3
Ahmedabad,23.0225,72.5714,2025-12-10 18:00:00,27.1,27.1,439.0,30.9,16.8,96.0,27.9,28,0.0,7.1
Ahmedabad,23.0225,72.5714,2025-12-10 19:00:00,33.8,33.8,554.0,47.4,19.3,64.0,26.9,32,0.0,7.9
Ahmedabad,23.0225,72.5714,2025-12-10 20:00:00,35.0,35.0,642.0,57.7,20.6,41.0,25.9,32,0.0,7.1
Ahmedabad,23.0225,72.5714,2025-12-10 21:00:00,34.3,34.3,682.0,56.3,19.6,36.0,24.8,35,0.0,6.6
Ahmedabad,23.0225,72.5714,2025-12-10 22:00:00,33.2,33.2,694.0,48.7,17.3,40.0,23.6,37,0.0,6.9
Ahmedabad,23.0225,72.5714,2025-12-10 23:00:00,30.7,30.7,684.0,41.0,15.0,45.0,21.8,45,0.0,8.7
Ahmedabad,23.0225,72.5714,2025-12-11 00:00:00,26.5,26.5,642.0,34.6,13.1,49.0,21.1,48,0.0,9.0
Ahmedabad,23.0225,72.5714,2025-12-11 01:00:00,23.1,23.1,577.0,28.1,11.1,53.0,20.2,50,0.0,7.7
Ahmedabad,23.0225,72.5714,2025-12-11 02:00:00,20.3,20.3,523.0,23.1,9.7,56.0,19.2,53,0.0,7.1
Ahmedabad,23.0225,72.5714,2025-12-11 03:00:00,18.3,18.3,484.0,20.0,8.8,55.0,18.1,56,0.0,7.3
Ahmedabad,23.0225,72.5714,2025-12-11 04:00:00,17.2,17.2,456.0,18.4,8.4,52.0,17.7,56,0.0,7.5
Ahmedabad,23.0225,72.5714,2025-12-11 05:00:00,20.1,20.1,455.0,20.1,8.8,42.0,17.3,55,0.0,7.8
Ahmedabad,23.0225,72.5714,2025-12-11 06:00:00,20.2,20.2,510.0,22.0,9.9,38.0,17.1,55,0.0,8.5
Ahmedabad,23.0225,72.5714,2025-12-11 07:00:00,23.3,23.3,592.0,24.4,11.4,34.0,16.7,56,0.0,8.7
Ahmedabad,23.0225,72.5714,2025-12-11 08:00:00,24.5,24.5,634.0,24.7,13.4,40.0,17.3,55,0.0,7.8
Ahmedabad,23.0225,72.5714,2025-12-11 09:00:00,22.8,22.8,599.0,21.1,16.2,64.0,19.6,49,0.0,4.7
Ahmedabad,23.0225,72.5714,2025-12-11 10:00:00,21.9,21.8,525.0,15.3,19.4,97.0,22.8,41,0.0,4.2
Ahmedabad,23.0225,72.5714,2025-12-11 11:00:00,20.1,20.0,453.0,10.5,21.4,125.0,26.7,31,0.0,4.5
Ahmedabad,23.0225,72.5714,2025-12-11 12:00:00,17.1,17.0,391.0,7.1,21.3,142.0,28.8,25,0.0,5.0
Ahmedabad,23.0225,72.5714,2025-12-11 13:00:00,15.8,15.8,333.0,4.5,20.1,153.0,29.7,22,0.0,4.4
Ahmedabad,23.0225,72.5714,2025-12-11 14:00:00,15.9,15.8,301.0,4.5,19.1,156.0,30.2,21,0.0,3.8
Ahmedabad,23.0225,72.5714,2025-12-11 15:00:00,16.4,16.2,307.0,7.9,18.6,150.0,30.3,21,0.0,3.1
Ahmedabad,23.0225,72.5714,2025-12-11 16:00:00,16.9,16.8,340.0,13.9,18.3,136.0,30.1,21,0.0,3.9
Ahmedabad,23.0225,72.5714,2025-12-11 17:00:00,21.3,21.2,393.0,20.8,19.4,124.0,28.8,25,0.0,6.2
Ahmedabad,23.0225,72.5714,2025-12-11 18:00:00,31.3,31.3,480.0,31.7,20.9,102.0,27.6,29,0.0,7.4
Ahmedabad,23.0225,72.5714,2025-12-11 19:00:00,37.1,37.0,587.0,46.5,22.9,72.0,26.6,34,0.0,7.5
Ahmedabad,23.0225,72.5714,2025-12-11 20:00:00,39.1,39.0,668.0,56.3,23.8,49.0,25.7,36,0.0,7.4
Ahmedabad,23.0225,72.5714,2025-12-11 21:00:00,40.5,40.5,703.0,56.7,22.9,41.0,24.7,39,0.0,6.7
Ahmedabad,23.0225,72.5714,2025-12-11 22:00:00,41.0,41.0,711.0,52.0,20.9,41.0,23.4,44,0.0,7.0
Ahmedabad,23.0225,72.5714,2025-12-11 23:00:00,39.8,39.8,703.0,46.1,18.6,43.0,21.7,51,0.0,6.8
Ahmedabad,23.0225,72.5714,2025-12-12 00:00:00,35.0,35.0,674.0,39.3,16.1,47.0,20.7,55,0.0,7.2
Ahmedabad,23.0225,72.5714,2025-12-12 01:00:00,29.1,29.1,627.0,31.4,13.3,52.0,19.9,57,0.0,7.0
Ahmedabad,23.0225,72.5714,2025-12-12 02:00:00,24.2,24.2,587.0,25.1,11.1,56.0,19.2,60,0.0,8.0
Ahmedabad,23.0225,72.5714,2025-12-12 03:00:00,20.5,20.5,550.0,21.4,9.7,56.0,18.8,61,0.0,7.0
Ahmedabad,23.0225,72.5714,2025-12-12 04:00:00,18.2,18.2,519.0,19.4,8.9,54.0,18.2,62,0.0,6.6
Ahmedabad,23.0225,72.5714,2025-12-12 05:00:00,17.7,17.7,525.0,18.7,8.8,53.0,17.4,66,0.0,7.2
Ahmedabad,23.0225,72.5714,2025-12-12 06:00:00,18.1,18.1,612.0,21.9,9.6,45.0,17.1,66,0.0,7.7
Ahmedabad,23.0225,72.5714,2025-12-12 07:00:00,22.6,22.5,735.0,26.0,10.9,35.0,16.6,68,0.0,7.7
Ahmedabad,23.0225,72.5714,2025-12-12 08:00:00,24.6,24.4,792.0,27.3,12.6,38.0,17.5,64,0.0,6.5
Ahmedabad,23.0225,72.5714,2025-12-12 09:00:00,22.9,22.9,718.0,23.1,15.1,63.0,20.1,53,0.0,3.6
Ahmedabad,23.0225,72.5714,2025-12-12 10:00:00,20.3,20.3,578.0,16.1,17.9,101.0,23.4,42,0.0,4.1
Ahmedabad,23.0225,72.5714,2025-12-12 11:00:00,19.6,19.6,458.0,10.3,20.1,132.0,26.7,34,0.0,5.9
Ahmedabad,23.0225,72.5714,2025-12-12 12:00:00,18.1,18.1,386.0,6.8,21.0,151.0,28.5,29,0.0,5.9
Ahmedabad,23.0225,72.5714,2025-12-12 13:00:00,18.3,18.2,334.0,4.6,21.2,163.0,29.6,25,0.0,5.7
Ahmedabad,23.0225,72.5714,2025-12-12 14:00:00,19.0,19.0,307.0,4.8,21.2,167.0,30.1,24,0.0,4.9
Ahmedabad,23.0225,72.5714,2025-12-12 15:00:00,19.7,19.6,292.0,7.1,20.7,163.0,30.2,24,0.0,4.9
Ahmedabad,23.0225,72.5714,2025-12-12 16:00:00,20.3,20.1,303.0,11.8,20.1,150.0,29.9,25,0.0,5.2
Ahmedabad,23.0225,72.5714,2025-12-12 17:00:00,27.0,26.9,381.0,21.0,21.0,135.0,28.8,27,0.0,5.6
Ahmedabad,23.0225,72.5714,2025-12-12 18:00:00,38.3,38.3,600.0,39.4,24.2,105.0,28.1,29,0.0,3.7
Ahmedabad,23.0225,72.5714,2025-12-12 19:00:00,51.6,51.6,888.0,64.5,28.6,65.0,27.1,32,0.0,5.4
Ahmedabad,23.0225,72.5714,2025-12-12 20:00:00,62.6,62.6,1068.0,81.6,31.1,34.0,25.6,38,0.0,6.5
Ahmedabad,23.0225,72.5714,2025-12-12 21:00:00,68.7,68.5,1043.0,84.0,30.4,23.0,24.5,42,0.0,6.6
Ahmedabad,23.0225,72.5714,2025-12-12 22:00:00,69.8,69.8,910.0,78.5,27.9,21.0,23.4,43,0.0,6.6
Ahmedabad,23.0225,72.5714,2025-12-12 23:00:00,66.8,66.8,788.0,70.0,24.8,24.0,22.0,48,0.0,5.9
Ahmedabad,23.0225,72.5714,2025-12-13 00:00:00,60.1,60.1,719.0,58.5,20.9,31.0,20.4,53,0.0,6.4
Ahmedabad,23.0225,72.5714,2025-12-13 01:00:00,51.2,51.2,660.0,44.2,16.4,41.0,19.2,59,0.0,7.8
Ahmedabad,23.0225,72.5714,2025-12-13 02:00:00,43.1,43.1,608.0,32.6,12.8,49.0,18.3,63,0.0,8.9
Ahmedabad,23.0225,72.5714,2025-12-13 03:00:00,37.4,37.3,549.0,25.7,10.8,51.0,17.9,65,0.0,8.7
Ahmedabad,23.0225,72.5714,2025-12-13 04:00:00,33.4,33.4,496.0,21.6,9.8,51.0,17.6,64,0.0,8.1
Ahmedabad,23.0225,72.5714,2025-12-13 05:00:00,35.2,35.2,481.0,21.2,9.6,47.0,17.0,63,0.0,8.1
Ahmedabad,23.0225,72.5714,2025-12-13 06:00:00,32.8,32.8,545.0,23.0,10.3,44.0,16.6,62,0.0,8.4
Ahmedabad,23.0225,72.5714,2025-12-13 07:00:00,33.4,33.4,646.0,25.2,11.4,40.0,16.1,64,0.0,8.6
Ahmedabad,23.0225,72.5714,2025-12-13 08:00:00,31.8,31.7,695.0,25.3,13.2,46.0,17.1,62,0.0,8.3
Ahmedabad,23.0225,72.5714,2025-12-13 09:00:00,26.1,26.1,639.0,21.2,16.2,69.0,19.7,53,0.0,5.7
Ahmedabad,23.0225,72.5714,2025-12-13 10:00:00,24.7,24.6,531.0,15.0,19.8,102.0,22.9,45,0.0,5.6
Ahmedabad,23.0225,72.5714,2025-12-13 11:00:00,26.5,26.4,436.0,9.9,22.5,130.0,26.5,37,0.0,6.0
Ahmedabad,23.0225,72.5714,2025-12-13 12:00:00,28.0,27.8,372.0,6.6,23.7,149.0,28.7,29,0.0,6.5
Ahmedabad,23.0225,72.5714,2025-12-13 13:00:00,27.2,26.9,321.0,4.5,24.0,162.0,29.9,24,0.0,6.5
Ahmedabad,23.0225,72.5714,2025-12-13 14:00:00,26.8,26.1,295.0,4.8,24.0,167.0,30.5,22,0.0,5.6
Ahmedabad,23.0225,72.5714,2025-12-13 15:00:00,27.1,26.3,293.0,7.9,23.4,160.0,30.6,22,0.0,5.0
Ahmedabad,23.0225,72.5714,2025-12-13 16:00:00,27.4,26.4,315.0,13.4,22.5,145.0,30.3,23,0.0,5.6
Ahmedabad,23.0225,72.5714,2025-12-13 17:00:00,26.7,26.5,375.0,19.2,22.1,131.0,28.9,26,0.0,5.6
Ahmedabad,23.0225,72.5714,2025-12-13 18:00:00,37.7,37.5,509.0,31.3,23.4,106.0,27.8,30,0.0,5.7
Ahmedabad,23.0225,72.5714,2025-12-13 19:00:00,44.2,44.0,681.0,47.8,25.0,73.0,26.6,36,0.0,7.0
Ahmedabad,23.0225,72.5714,2025-12-13 20:00:00,46.9,46.8,799.0,58.9,25.7,47.0,25.2,41,0.0,6.8
Ahmedabad,23.0225,72.5714,2025-12-13 21:00:00,49.4,49.2,821.0,60.2,24.7,38.0,23.8,45,0.0,7.1
Ahmedabad,23.0225,72.5714,2025-12-13 22:00:00,51.8,51.7,790.0,56.2,22.8,37.0,22.6,48,0.0,7.5
Ahmedabad,23.0225,72.5714,2025-12-13 23:00:00,51.8,51.7,737.0,50.4,20.5,38.0,21.6,52,0.0,7.8
Ahmedabad,23.0225,72.5714,2025-12-14 00:00:00,46.2,46.1,661.0,43.0,17.7,41.0,20.5,54,0.0,8.2
Ahmedabad,23.0225,72.5714,2025-12-14 01:00:00,40.5,40.4,564.0,33.9,14.5,47.0,19.5,57,0.0,8.7
Ahmedabad,23.0225,72.5714,2025-12-14 02:00:00,36.1,36.1,484.0,26.5,12.2,51.0,18.8,57,0.0,9.3
Ahmedabad,23.0225,72.5714,2025-12-14 03:00:00,32.1,32.1,428.0,22.2,11.2,50.0,18.4,56,0.0,10.0
Ahmedabad,23.0225,72.5714,2025-12-14 04:00:00,28.5,28.5,389.0,19.6,10.9,48.0,18.0,58,0.0,10.1
Ahmedabad,23.0225,72.5714,2025-12-14 05:00:00,25.1,25.1,385.0,17.6,11.6,46.0,17.5,62,0.0,9.6
Ahmedabad,23.0225,72.5714,2025-12-14 06:00:00,22.4,22.3,451.0,19.2,12.3,42.0,17.1,64,0.0,10.0
Ahmedabad,23.0225,72.5714,2025-12-14 07:00:00,23.1,22.9,553.0,21.3,13.4,37.0,16.7,66,0.0,9.9
Ahmedabad,23.0225,72.5714,2025-12-14 08:00:00,23.2,23.1,607.0,21.6,14.3,41.0,17.7,62,0.0,8.7
Ahmedabad,23.0225,72.5714,2025-12-14 09:00:00,23.3,23.0,565.0,18.6,14.9,60.0,20.0,53,0.0,6.8
Ahmedabad,23.0225,72.5714,2025-12-14 10:00:00,23.2,22.6,474.0,13.8,15.5,88.0,22.9,45,0.0,7.2
Ahmedabad,23.0225,72.5714,2025-12-14 11:00:00,23.4,22.6,397.0,9.9,16.2,112.0,26.0,39,0.0,5.6
Ahmedabad,23.0225,72.5714,2025-12-14 12:00:00,23.0,21.9,352.0,7.3,17.4,131.0,27.8,35,0.0,4.3
Ahmedabad,23.0225,72.5714,2025-12-14 13:00:00,22.5,21.1,321.0,5.4,18.7,146.0,29.1,32,0.0,3.7
Ahmedabad,23.0225,72.5714,2025-12-14 14:00:00,22.2,20.5,306.0,5.6,19.3,153.0,29.9,29,0.0,3.1
Ahmedabad,23.0225,72.5714,2025-12-14 15:00:00,22.2,20.3,306.0,8.3,18.7,149.0,30.2,28,0.0,3.6
Ahmedabad,23.0225,72.5714,2025-12-14 16:00:00,22.2,20.1,324.0,13.0,17.4,136.0,29.9,29,0.0,5.3
Ahmedabad,23.0225,72.5714,2025-12-14 17:00:00,23.7,22.0,368.0,17.7,17.4,122.0,28.9,31,0.0,6.6
Ahmedabad,23.0225,72.5714,2025-12-14 18:00:00,33.3,31.8,463.0,28.5,18.3,99.0,27.6,37,0.0,6.8
Ahmedabad,23.0225,72.5714,2025-12-14 19:00:00,38.8,37.4,585.0,43.2,19.5,68.0,26.8,40,0.0,6.7
Ahmedabad,23.0225,72.5714,2025-12-14 20:00:00,40.0,38.9,672.0,52.7,20.0,45.0,26.0,42,0.0,6.7
Ahmedabad,23.0225,72.5714,2025-12-14 21:00:00,41.3,40.4,699.0,52.6,19.2,39.0,24.6,46,0.0,7.6
Ahmedabad,23.0225,72.5714,2025-12-14 22:00:00,41.0,40.3,691.0,47.4,17.7,41.0,23.2,51,0.0,8.3
Ahmedabad,23.0225,72.5714,2025-12-14 23:00:00,37.5,37.0,658.0,41.5,16.0,44.0,21.8,53,0.0,8.0
Ahmedabad,23.0225,72.5714,2025-12-15 00:00:00,31.9,31.5,590.0,35.8,14.2,46.0,20.7,55,0.0,8.9
Ahmedabad,23.0225,72.5714,2025-12-15 01:00:00,27.8,27.6,497.0,29.3,12.2,49.0,19.8,54,0.0,9.5
Ahmedabad,23.0225,72.5714,2025-12-15 02:00:00,25.4,25.3,425.0,24.2,11.0,50.0,19.3,53,0.0,9.7
Ahmedabad,23.0225,72.5714,2025-12-15 03:00:00,24.4,24.3,387.0,21.1,11.0,48.0,18.8,55,0.0,9.9
Ahmedabad,23.0225,72.5714,2025-12-15 04:00:00,24.3,24.0,369.0,19.3,11.7,44.0,18.3,57,0.0,10.2
Ahmedabad,23.0225,72.5714,2025-12-15 05:00:00,23.2,22.5,374.0,15.4,13.8,48.0,18.1,62,0.0,10.3
Ahmedabad,23.0225,72.5714,2025-12-15 06:00:00,23.4,22.5,421.0,16.8,14.6,45.0,17.7,65,0.0,10.3
Ahmedabad,23.0225,72.5714,2025-12-15 07:00:00,25.8,24.9,491.0,18.6,15.8,42.0,17.2,68,0.0,10.4
Ahmedabad,23.0225,72.5714,2025-12-15 08:00:00,27.3,26.5,532.0,18.9,17.3,47.0,18.1,65,0.0,9.2
Ahmedabad,23.0225,72.5714,2025-12-15 09:00:00,27.6,26.8,518.0,16.4,19.6,65.0,20.1,57,0.0,7.6
Ahmedabad,23.0225,72.5714,2025-12-15 10:00:00,28.3,27.3,475.0,12.5,22.2,91.0,22.9,49,0.0,6.7
Ahmedabad,23.0225,72.5714,2025-12-15 11:00:00,29.9,28.3,432.0,9.1,24.0,114.0,26.2,40,0.0,6.0
Ahmedabad,23.0225,72.5714,2025-12-15 12:00:00,29.6,27.2,394.0,6.6,24.3,132.0,28.3,33,0.0,5.8
Ahmedabad,23.0225,72.5714,2025-12-15 13:00:00,29.3,26.4,356.0,4.7,23.7,146.0,29.6,29,0.0,6.1
Ahmedabad,23.0225,72.5714,2025-12-15 14:00:00,29.5,26.5,336.0,4.5,23.3,153.0,30.1,27,0.0,6.4
Ahmedabad,23.0225,72.5714,2025-12-15 15:00:00,29.7,27.0,341.0,6.3,23.2,148.0,30.2,26,0.0,7.1
Ahmedabad,23.0225,72.5714,2025-12-15 16:00:00,30.2,27.8,363.0,9.8,23.2,136.0,29.7,28,0.0,7.2
Ahmedabad,23.0225,72.5714,2025-12-15 17:00:00,24.4,24.0,397.0,15.1,24.8,118.0,28.6,30,0.0,6.6
Ahmedabad,23.0225,72.5714,2025-12-15 18:00:00,33.9,33.5,454.0,28.5,26.3,94.0,27.5,34,0.0,7.2
Ahmedabad,23.0225,72.5714,2025-12-15 19:00:00,42.8,42.5,523.0,46.6,28.3,61.0,26.1,38,0.0,7.9
Ahmedabad,23.0225,72.5714,2025-12-15 20:00:00,49.6,49.4,565.0,58.0,29.1,38.0,25.0,38,0.0,8.4
Ahmedabad,23.0225,72.5714,2025-12-15 21:00:00,51.2,51.0,560.0,56.4,27.9,34.0,24.0,38,0.0,9.4
Ahmedabad,23.0225,72.5714,2025-12-15 22:00:00,49.6,49.4,529.0,48.0,25.6,40.0,23.1,39,0.0,9.5
Ahmedabad,23.0225,72.5714,2025-12-15 23:00:00,46.1,45.9,495.0,39.7,23.2,45.0,21.9,43,0.0,9.3
Ahmedabad,23.0225,72.5714,2025-12-16 00:00:00,42.3,41.9,461.0,33.7,20.8,46.0,20.6,48,0.0,10.3
Ahmedabad,23.0225,72.5714,2025-12-16 01:00:00,39.8,39.5,425.0,27.8,18.3,47.0,19.8,51,0.0,10.4
Ahmedabad,23.0225,72.5714,2025-12-16 02:00:00,38.3,37.7,401.0,22.5,16.6,49.0,19.1,54,0.0,10.1
Ahmedabad,23.0225,72.5714,2025-12-16 03:00:00,37.4,36.6,393.0,17.6,16.1,54.0,18.4,57,0.0,10.5
Ahmedabad,23.0225,72.5714,2025-12-16 04:00:00,36.7,35.6,398.0,13.4,16.3,61.0,17.8,60,0.0,10.9
Ahmedabad,23.0225,72.5714,2025-12-16 05:00:00,36.3,35.4,418.0,9.5,17.7,74.0,17.3,65,0.0,11.4
Ahmedabad,23.0225,72.5714,2025-12-16 06:00:00,38.2,37.3,469.0,12.1,19.2,71.0,16.8,66,0.0,11.6
Ahmedabad,23.0225,72.5714,2025-12-16 07:00:00,42.6,41.6,535.0,15.5,21.4,68.0,16.2,67,0.0,11.1
Ahmedabad,23.0225,72.5714,2025-12-16 08:00:00,46.3,45.5,571.0,16.9,23.8,71.0,16.9,64,0.0,9.1
Ahmedabad,23.0225,72.5714,2025-12-16 09:00:00,48.7,47.6,553.0,14.5,27.2,88.0,18.8,56,0.0,9.2
Ahmedabad,23.0225,72.5714,2025-12-16 10:00:00,51.8,50.3,505.0,10.2,30.9,111.0,21.4,47,0.0,9.4
Ahmedabad,23.0225,72.5714,2025-12-16 11:00:00,52.2,50.1,459.0,6.8,32.3,130.0,24.3,40,0.0,9.5
Ahmedabad,23.0225,72.5714,2025-12-16 12:00:00,48.0,45.1,420.0,5.0,29.6,141.0,26.3,34,0.0,8.8
Ahmedabad,23.0225,72.5714,2025-12-16 13:00:00,45.2,41.6,382.0,4.0,24.7,147.0,27.8,27,0.0,8.8
Ahmedabad,23.0225,72.5714,2025-12-16 14:00:00,43.4,39.3,361.0,4.5,20.8,148.0,28.5,24,0.0,8.5
Ahmedabad,23.0225,72.5714,2025-12-16 15:00:00,42.4,38.3,367.0,6.5,19.2,142.0,28.7,24,0.0,8.1
Ahmedabad,23.0225,72.5714,2025-12-16 16:00:00,41.6,37.6,390.0,10.0,18.8,131.0,28.4,25,0.0,8.4
Ahmedabad,23.0225,72.5714,2025-12-16 17:00:00,44.4,40.2,417.0,14.0,18.2,108.0,27.0,29,0.0,7.9
Ahmedabad,23.0225,72.5714,2025-12-16 18:00:00,51.2,47.1,450.0,25.3,19.5,87.0,25.9,33,0.0,7.6
Ahmedabad,23.0225,72.5714,2025-12-16 19:00:00,57.9,53.8,488.0,40.6,21.3,59.0,24.6,37,0.0,9.6
Ahmedabad,23.0225,72.5714,2025-12-16 20:00:00,62.2,58.4,512.0,49.8,22.2,39.0,23.7,39,0.0,10.3
Ahmedabad,23.0225,72.5714,2025-12-16 21:00:00,62.4,59.0,512.0,47.4,21.4,37.0,22.9,43,0.0,10.7
Ahmedabad,23.0225,72.5714,2025-12-16 22:00:00,58.4,55.4,499.0,38.8,19.7,43.0,22.1,46,0.0,10.9
Ahmedabad,23.0225,72.5714,2025-12-16 23:00:00,51.8,49.2,482.0,30.5,17.8,49.0,21.1,50,0.0,11.3
Ahmedabad,23.0225,72.5714,2025-12-17 00:00:00,45.4,43.2,461.0,24.2,15.9,53.0,20.4,52,0.0,11.3
Ahmedabad,23.0225,72.5714,2025-12-17 01:00:00,40.6,38.6,436.0,18.2,13.9,56.0,19.7,54,0.0,10.8
Ahmedabad,23.0225,72.5714,2025-12-17 02:00:00,37.5,35.6,422.0,13.8,12.4,58.0,19.0,56,0.0,10.6
Ahmedabad,23.0225,72.5714,2025-12-17 03:00:00,35.9,33.9,422.0,11.5,11.5,58.0,18.4,58,0.0,10.4
Ahmedabad,23.0225,72.5714,2025-12-17 04:00:00,35.3,33.2,433.0,10.7,10.9,57.0,17.8,60,0.0,10.3
Ahmedabad,23.0225,72.5714,2025-12-17 05:00:00,35.2,33.1,459.0,10.5,10.4,56.0,16.7,65,0.0,9.8
Ahmedabad,23.0225,72.5714,2025-12-17 06:00:00,35.6,33.5,520.0,13.2,11.2,52.0,16.4,67,0.0,9.9
Ahmedabad,23.0225,72.5714,2025-12-17 07:00:00,37.7,35.9,597.0,16.8,12.3,46.0,16.0,69,0.0,10.5
Ahmedabad,23.0225,72.5714,2025-12-17 08:00:00,39.5,37.8,636.0,18.5,13.5,49.0,16.8,65,0.0,8.8
Ahmedabad,23.0225,72.5714,2025-12-17 09:00:00,39.2,37.8,604.0,16.4,14.6,65.0,19.0,56,0.0,7.6
Ahmedabad,23.0225,72.5714,2025-12-17 10:00:00,40.0,38.1,533.0,12.4,15.9,90.0,22.0,46,0.0,7.5
Ahmedabad,23.0225,72.5714,2025-12-17 11:00:00,43.2,40.3,474.0,9.0,17.8,114.0,25.6,38,0.0,6.7
Ahmedabad,23.0225,72.5714,2025-12-17 12:00:00,48.3,44.6,441.0,6.8,21.1,139.0,27.7,33,0.0,5.4
Ahmedabad,23.0225,72.5714,2025-12-17 13:00:00,51.7,47.3,418.0,5.2,25.0,165.0,29.2,29,0.0,4.7
Ahmedabad,23.0225,72.5714,2025-12-17 14:00:00,51.1,46.3,408.0,5.6,27.4,178.0,30.0,27,0.0,4.4
Ahmedabad,23.0225,72.5714,2025-12-17 15:00:00,50.2,45.2,413.0,8.6,26.9,173.0,30.2,26,0.0,4.6
Ahmedabad,23.0225,72.5714,2025-12-17 16:00:00,49.7,44.9,431.0,13.6,24.9,156.0,29.8,28,0.0,5.6
Ahmedabad,23.0225,72.5714,2025-12-17 17:00:00,46.6,42.7,460.0,18.2,24.8,143.0,28.2,31,0.0,6.8
Ahmedabad,23.0225,72.5714,2025-12-17 18:00:00,53.8,50.2,513.0,26.0,24.4,120.0,27.1,34,0.0,6.6
Ahmedabad,23.0225,72.5714,2025-12-17 19:00:00,55.5,52.5,576.0,36.7,23.9,88.0,26.2,36,0.0,7.0
Ahmedabad,23.0225,72.5714,2025-12-17 20:00:00,53.3,50.9,612.0,44.3,23.0,63.0,25.1,38,0.0,8.0
Ahmedabad,23.0225,72.5714,2025-12-17 21:00:00,53.4,51.2,597.0,46.3,21.8,51.0,23.9,39,0.0,7.8
Ahmedabad,23.0225,72.5714,2025-12-17 22:00:00,55.1,53.0,555.0,45.2,20.4,46.0,23.0,40,0.0,8.1
Ahmedabad,23.0225,72.5714,2025-12-17 23:00:00,55.8,53.7,512.0,42.6,18.6,43.0,21.9,42,0.0,8.9
Ahmedabad,23.0225,72.5714,2025-12-18 00:00:00,52.6,50.6,475.0,38.3,16.1,42.0,21.1,44,0.0,9.3
Ahmedabad,23.0225,72.5714,2025-12-18 01:00:00,47.4,45.8,438.0,32.4,13.3,43.0,20.3,46,0.0,9.3
Ahmedabad,23.0225,72.5714,2025-12-18 02:00:00,41.9,40.5,411.0,27.3,11.0,43.0,19.5,49,0.0,9.0
Ahmedabad,23.0225,72.5714,2025-12-18 03:00:00,36.3,35.3,394.0,23.4,9.5,42.0,18.6,52,0.0,8.6
Ahmedabad,23.0225,72.5714,2025-12-18 04:00:00,31.0,30.2,387.0,20.2,8.7,40.0,17.9,56,0.0,9.1
Ahmedabad,23.0225,72.5714,2025-12-18 05:00:00,29.2,28.5,405.0,19.6,8.5,38.0,17.3,60,0.0,9.0
Ahmedabad,23.0225,72.5714,2025-12-18 06:00:00,24.6,24.0,476.0,20.8,9.6,35.0,17.0,61,0.0,9.7
Ahmedabad,23.0225,72.5714,2025-12-18 07:00:00,24.9,24.1,573.0,22.2,11.2,32.0,16.6,63,0.0,10.2
Ahmedabad,23.0225,72.5714,2025-12-18 08:00:00,26.6,25.7,626.0,22.1,12.7,38.0,17.3,62,0.0,9.6
Ahmedabad,23.0225,72.5714,2025-12-18 09:00:00,28.1,27.0,599.0,18.9,13.8,59.0,19.5,55,0.0,6.6
Ahmedabad,23.0225,72.5714,2025-12-18 10:00:00,29.1,27.5,529.0,14.1,14.7,88.0,22.4,47,0.0,6.2
Ahmedabad,23.0225,72.5714,2025-12-18 11:00:00,30.3,27.9,460.0,10.1,15.5,113.0,26.1,39,0.0,5.9
Ahmedabad,23.0225,72.5714,2025-12-18 12:00:00,31.4,28.5,400.0,7.1,16.1,132.0,28.3,32,0.0,6.2
Ahmedabad,23.0225,72.5714,2025-12-18 13:00:00,31.3,28.2,342.0,4.8,16.5,148.0,29.6,26,0.0,6.6
Ahmedabad,23.0225,72.5714,2025-12-18 14:00:00,30.3,27.4,308.0,4.8,16.8,154.0,30.3,23,0.0,6.3
Ahmedabad,23.0225,72.5714,2025-12-18 15:00:00,29.0,26.3,311.0,7.6,16.6,148.0,30.4,24,0.0,6.2
Ahmedabad,23.0225,72.5714,2025-12-18 16:00:00,27.8,25.4,339.0,12.7,16.3,133.0,30.0,26,0.0,6.4
Ahmedabad,23.0225,72.5714,2025-12-18 17:00:00,21.9,20.4,376.0,18.0,15.7,110.0,28.7,27,0.0,6.2
Ahmedabad,23.0225,72.5714,2025-12-18 18:00:00,31.1,29.7,429.0,31.9,17.7,86.0,27.6,31,0.0,6.4
Ahmedabad,23.0225,72.5714,2025-12-18 19:00:00,39.6,38.4,491.0,50.8,20.4,53.0,26.2,34,0.0,8.4
Ahmedabad,23.0225,72.5714,2025-12-18 20:00:00,43.8,42.8,524.0,63.2,21.9,29.0,25.1,32,0.0,8.9
Ahmedabad,23.0225,72.5714,2025-12-18 21:00:00,45.8,45.1,504.0,63.5,21.3,22.0,24.1,32,0.0,8.2
Ahmedabad,23.0225,72.5714,2025-12-18 22:00:00,45.8,45.3,456.0,57.3,19.6,25.0,23.0,33,0.0,8.3
Ahmedabad,23.0225,72.5714,2025-12-18 23:00:00,44.4,44.0,415.0,50.4,17.7,28.0,21.8,37,0.0,8.2
Ahmedabad,23.0225,72.5714,2025-12-19 00:00:00,41.2,40.9,393.0,44.0,15.6,30.0,20.9,40,0.0,8.6
Ahmedabad,23.0225,72.5714,2025-12-19 01:00:00,38.2,37.8,380.0,36.7,13.3,33.0,19.7,44,0.0,8.9
Ahmedabad,23.0225,72.5714,2025-12-19 02:00:00,35.4,35.2,374.0,30.5,11.7,35.0,18.9,48,0.0,9.1
Ahmedabad,23.0225,72.5714,2025-12-19 03:00:00,32.7,32.6,373.0,25.6,11.2,37.0,18.3,52,0.0,8.9
Ahmedabad,23.0225,72.5714,2025-12-19 04:00:00,30.2,30.2,380.0,21.8,11.4,38.0,17.4,57,0.0,8.9
Ahmedabad,23.0225,72.5714,2025-12-19 05:00:00,26.4,26.3,409.0,16.8,13.9,46.0,17.1,60,0.0,8.9
Ahmedabad,23.0225,72.5714,2025-12-19 06:00:00,25.8,25.8,486.0,18.7,15.5,42.0,16.6,64,0.0,9.2
Ahmedabad,23.0225,72.5714,2025-12-19 07:00:00,28.2,28.2,584.0,21.2,17.7,38.0,16.2,66,0.0,9.3
Ahmedabad,23.0225,72.5714,2025-12-19 08:00:00,29.5,29.5,634.0,21.8,19.8,42.0,17.1,63,0.0,8.4
Ahmedabad,23.0225,72.5714,2025-12-19 09:00:00,28.7,28.6,596.0,19.0,21.6,62.0,19.5,55,0.0,5.1
Ahmedabad,23.0225,72.5714,2025-12-19 10:00:00,28.8,28.6,511.0,14.4,23.2,89.0,22.6,45,0.0,5.5
Ahmedabad,23.0225,72.5714,2025-12-19 11:00:00,29.5,29.2,433.0,10.5,24.7,114.0,26.3,37,0.0,6.1
Ahmedabad,23.0225,72.5714,2025-12-19 12:00:00,29.6,29.3,376.0,7.8,26.1,133.0,28.5,31,0.0,6.3
Ahmedabad,23.0225,72.5714,2025-12-19 13:00:00,28.3,28.1,327.0,5.9,27.4,148.0,29.8,26,0.0,6.2
Ahmedabad,23.0225,72.5714,2025-12-19 14:00:00,27.6,27.4,302.0,5.6,27.8,155.0,30.6,23,0.0,6.0
Ahmedabad,23.0225,72.5714,2025-12-19 15:00:00,27.2,27.0,303.0,6.9,26.7,152.0,30.7,23,0.0,5.9
Ahmedabad,23.0225,72.5714,2025-12-19 16:00:00,27.0,26.8,328.0,9.8,24.9,142.0,30.4,23,0.0,6.1
Ahmedabad,23.0225,72.5714,2025-12-19 17:00:00,18.5,18.5,382.0,14.8,23.2,121.0,29.2,27,0.0,6.8
Ahmedabad,23.0225,72.5714,2025-12-19 18:00:00,26.4,26.4,485.0,25.8,23.8,99.0,28.2,32,0.0,6.4
Ahmedabad,23.0225,72.5714,2025-12-19 19:00:00,33.2,33.1,617.0,41.0,24.5,69.0,27.4,35,0.0,5.8
Ahmedabad,23.0225,72.5714,2025-12-19 20:00:00,38.9,38.9,729.0,52.7,25.0,45.0,26.5,39,0.0,6.2
Ahmedabad,23.0225,72.5714,2025-12-19 21:00:00,44.9,44.9,811.0,58.3,25.3,33.0,25.5,44,0.0,6.5
Ahmedabad,23.0225,72.5714,2025-12-19 22:00:00,50.3,50.2,872.0,60.5,25.3,27.0,24.6,47,0.0,6.1
Ahmedabad,23.0225,72.5714,2025-12-19 23:00:00,53.6,53.4,895.0,59.4,24.5,25.0,23.7,50,0.0,5.1
Ahmedabad,23.0225,72.5714,2025-12-20 00:00:00,52.2,52.0,856.0,53.6,22.2,27.0,22.9,52,0.0,5.9
Ahmedabad,23.0225,72.5714,2025-12-20 01:00:00,47.8,47.7,777.0,44.5,18.9,33.0,21.7,57,0.0,5.7
Ahmedabad,23.0225,72.5714,2025-12-20 02:00:00,43.2,43.1,711.0,36.7,16.2,37.0,20.4,63,0.0,6.2
Ahmedabad,23.0225,72.5714,2025-12-20 03:00:00,39.6,39.5,671.0,31.5,14.3,37.0,19.9,64,0.0,6.4
Ahmedabad,23.0225,72.5714,2025-12-20 04:00:00,36.9,36.8,643.0,27.5,12.9,36.0,19.4,63,0.0,6.6
Ahmedabad,23.0225,72.5714,2025-12-20 05:00:00,37.8,37.8,634.0,28.5,12.0,23.0,18.8,62,0.0,6.5
Ahmedabad,23.0225,72.5714,2025-12-20 06:00:00,35.4,35.4,670.0,28.1,12.8,21.0,18.2,61,0.0,6.9
Ahmedabad,23.0225,72.5714,2025-12-20 07:00:00,35.7,35.6,726.0,27.5,14.0,19.0,17.6,62,0.0,7.2
Ahmedabad,23.0225,72.5714,2025-12-20 08:00:00,34.2,34.1,735.0,25.7,15.6,27.0,18.3,59,0.0,6.5
Ahmedabad,23.0225,72.5714,2025-12-20 09:00:00,30.3,30.3,649.0,21.9,17.8,52.0,20.9,51,0.0,3.8
Ahmedabad,23.0225,72.5714,2025-12-20 10:00:00,27.1,26.9,516.0,17.0,20.3,86.0,24.2,40,0.0,4.6
Ahmedabad,23.0225,72.5714,2025-12-20 11:00:00,25.3,25.0,412.0,12.9,23.0,115.0,27.6,32,0.0,4.4
Ahmedabad,23.0225,72.5714,2025-12-20 12:00:00,24.2,24.0,365.0,9.8,26.2,137.0,29.6,27,0.0,3.0
Ahmedabad,23.0225,72.5714,2025-12-20 13:00:00,23.5,23.4,347.0,7.6,29.4,154.0,30.8,24,0.0,2.2
Ahmedabad,23.0225,72.5714,2025-12-20 14:00:00,23.9,23.7,344.0,7.0,31.2,162.0,31.5,23,0.0,3.1
Ahmedabad,23.0225,72.5714,2025-12-20 15:00:00,23.8,23.6,336.0,7.8,30.0,159.0,31.6,23,0.0,4.4
Ahmedabad,23.0225,72.5714,2025-12-20 16:00:00,23.6,23.5,343.0,10.3,27.3,148.0,31.3,24,0.0,4.9
Ahmedabad,23.0225,72.5714,2025-12-20 17:00:00,25.6,25.4,416.0,14.6,22.8,133.0,29.7,27,0.0,5.7
Ahmedabad,23.0225,72.5714,2025-12-20 18:00:00,35.7,35.6,619.0,29.6,24.7,106.0,28.6,30,0.0,4.3
Ahmedabad,23.0225,72.5714,2025-12-20 19:00:00,44.8,44.7,887.0,50.3,27.3,68.0,27.7,33,0.0,3.6
Ahmedabad,23.0225,72.5714,2025-12-20 20:00:00,51.3,51.2,1075.0,65.6,28.9,38.0,27.1,36,0.0,2.6
Ahmedabad,23.0225,72.5714,2025-12-20 21:00:00,56.7,56.6,1121.0,71.0,28.8,25.0,26.0,39,0.0,3.6
Ahmedabad,23.0225,72.5714,2025-12-20 22:00:00,61.7,61.7,1087.0,71.0,27.8,20.0,24.9,44,0.0,4.8
Ahmedabad,23.0225,72.5714,2025-12-20 23:00:00,65.0,65.0,1010.0,67.7,25.9,19.0,23.4,50,0.0,4.9
Ahmedabad,23.0225,72.5714,2025-12-21 00:00:00,63.8,63.8,877.0,60.7,22.8,22.0,21.9,55,0.0,7.1
Ahmedabad,23.0225,72.5714,2025-12-21 01:00:00,58.6,58.6,702.0,50.4,19.0,28.0,20.6,58,0.0,8.1
Ahmedabad,23.0225,72.5714,2025-12-21 02:00:00,50.2,50.1,564.0,40.6,15.9,34.0,20.1,57,0.0,7.4
Ahmedabad,23.0225,72.5714,2025-12-21 03:00:00,41.7,41.6,493.0,31.7,14.2,39.0,19.6,58,0.0,8.1
Ahmedabad,23.0225,72.5714,2025-12-21 04:00:00,34.7,34.6,460.0,23.3,13.2,44.0,19.0,58,0.0,8.6
Ahmedabad,23.0225,72.5714,2025-12-21 05:00:00,33.5,33.4,457.0,22.1,13.7,42.0,18.8,59,0.0,8.3
Ahmedabad,23.0225,72.5714,2025-12-21 06:00:00,25.0,24.9,506.0,22.9,14.0,39.0,18.5,60,0.0,8.8
Ahmedabad,23.0225,72.5714,2025-12-21 07:00:00,21.5,21.4,586.0,23.7,14.5,35.0,18.2,61,0.0,9.1
Ahmedabad,23.0225,72.5714,2025-12-21 08:00:00,20.8,20.7,625.0,23.2,15.2,38.0,18.9,59,0.0,7.5
Ahmedabad,23.0225,72.5714,2025-12-21 09:00:00,19.8,19.8,584.0,20.1,16.4,53.0,20.6,53,0.0,5.5
Ahmedabad,23.0225,72.5714,2025-12-21 10:00:00,18.4,18.3,504.0,15.5,17.9,76.0,23.2,46,0.0,6.2
Ahmedabad,23.0225,72.5714,2025-12-21 11:00:00,17.7,17.6,431.0,11.6,19.1,97.0,26.0,41,0.0,6.2
Ahmedabad,23.0225,72.5714,2025-12-21 12:00:00,17.3,17.2,378.0,8.6,19.9,116.0,27.9,35,0.0,6.3
Ahmedabad,23.0225,72.5714,2025-12-21 13:00:00,17.2,16.6,333.0,6.2,20.5,134.0,29.2,31,0.0,6.3
Ahmedabad,23.0225,72.5714,2025-12-21 14:00:00,18.1,17.3,311.0,6.0,20.8,143.0,30.0,27,0.0,6.1
Ahmedabad,23.0225,72.5714,2025-12-21 15:00:00,18.6,17.6,306.0,7.5,20.2,140.0,30.1,27,0.0,5.2
Ahmedabad,23.0225,72.5714,2025-12-21 16:00:00,18.9,17.8,323.0,11.3,19.3,128.0,29.9,27,0.0,4.9
Ahmedabad,23.0225,72.5714,2025-12-21 17:00:00,30.0,28.5,391.0,23.3,21.8,103.0,28.8,29,0.0,5.4
Ahmedabad,23.0225,72.5714,2025-12-21 18:00:00,40.9,39.2,572.0,41.7,25.0,77.0,28.0,32,0.0,4.3
Ahmedabad,23.0225,72.5714,2025-12-21 19:00:00,53.1,51.6,803.0,66.9,29.3,41.0,27.1,34,0.0,5.0
Ahmedabad,23.0225,72.5714,2025-12-21 20:00:00,65.0,63.3,930.0,84.4,31.9,14.0,25.8,39,0.0,6.7
Ahmedabad,23.0225,72.5714,2025-12-21 21:00:00,72.9,71.2,853.0,88.3,31.5,4.0,24.7,39,0.0,7.2
Ahmedabad,23.0225,72.5714,2025-12-21 22:00:00,75.7,73.8,671.0,84.5,29.3,4.0,23.7,41,0.0,7.6
Ahmedabad,23.0225,72.5714,2025-12-21 23:00:00,71.2,69.6,523.0,76.5,26.4,7.0,22.7,45,0.0,8.0
Ahmedabad,23.0225,72.5714,2025-12-22 00:00:00,60.8,59.3,465.0,62.9,22.6,16.0,21.9,48,0.0,8.2
Ahmedabad,23.0225,72.5714,2025-12-22 01:00:00,49.4,48.0,441.0,45.2,18.1,28.0,21.1,50,0.0,8.7
Ahmedabad,23.0225,72.5714,2025-12-22 02:00:00,40.6,39.5,426.0,31.0,14.5,37.0,20.5,52,0.0,9.0
Ahmedabad,23.0225,72.5714,2025-12-22 03:00:00,35.3,34.1,405.0,23.6,12.3,38.0,19.9,55,0.0,8.7
Ahmedabad,23.0225,72.5714,2025-12-22 04:00:00,31.3,30.2,393.0,19.7,10.9,35.0,19.3,59,0.0,8.8
Ahmedabad,23.0225,72.5714,2025-12-22 05:00:00,27.9,26.8,402.0,17.8,9.9,33.0,18.9,63,0.0,9.0
Ahmedabad,23.0225,72.5714,2025-12-22 06:00:00,25.3,24.3,458.0,18.5,10.5,32.0,18.5,65,0.0,9.9
Ahmedabad,23.0225,72.5714,2025-12-22 07:00:00,25.9,25.0,536.0,19.3,11.3,31.0,18.0,66,0.0,10.5
Ahmedabad,23.0225,72.5714,2025-12-22 08:00:00,27.0,26.2,576.0,19.0,12.3,36.0,18.8,63,0.0,9.4
Ahmedabad,23.0225,72.5714,2025-12-22 09:00:00,27.5,26.8,542.0,16.4,13.7,53.0,20.9,55,0.0,7.3
Ahmedabad,23.0225,72.5714,2025-12-22 10:00:00,27.5,26.8,471.0,12.7,15.2,77.0,23.6,46,0.0,7.7
Ahmedabad,23.0225,72.5714,2025-12-22 11:00:00,27.5,26.7,406.0,9.6,16.6,98.0,26.5,38,0.0,7.7
Ahmedabad,23.0225,72.5714,2025-12-22 12:00:00,25.9,25.0,359.0,7.4,17.8,114.0,28.6,33,0.0,7.4
Ahmedabad,23.0225,72.5714,2025-12-22 13:00:00,24.0,23.1,319.0,5.9,18.8,128.0,29.8,28,0.0,7.2
Ahmedabad,23.0225,72.5714,2025-12-22 14:00:00,22.9,22.0,300.0,6.0,19.2,134.0,30.6,25,0.0,6.7
Ahmedabad,23.0225,72.5714,2025-12-22 15:00:00,21.8,21.0,303.0,7.5,18.3,131.0,30.7,24,0.0,5.9
Ahmedabad,23.0225,72.5714,2025-12-22 16:00:00,20.8,20.1,327.0,10.6,16.8,120.0,30.4,25,0.0,5.9
Ahmedabad,23.0225,72.5714,2025-12-22 17:00:00,22.8,21.9,380.0,16.1,16.7,104.0,29.4,27,0.0,5.4
Ahmedabad,23.0225,72.5714,2025-12-22 18:00:00,32.0,31.3,493.0,32.0,18.8,79.0,28.4,30,0.0,5.2
Ahmedabad,23.0225,72.5714,2025-12-22 19:00:00,41.0,40.3,635.0,53.9,21.7,45.0,27.1,37,0.0,6.4
Ahmedabad,23.0225,72.5714,2025-12-22 20:00:00,47.1,46.6,728.0,69.9,23.6,18.0,26.0,39,0.0,7.5
Ahmedabad,23.0225,72.5714,2025-12-22 21:00:00,53.3,52.9,730.0,75.5,23.8,6.0,25.0,39,0.0,7.2
Ahmedabad,23.0225,72.5714,2025-12-22 22:00:00,58.4,58.1,684.0,75.1,23.1,3.0,24.1,41,0.0,6.3
Ahmedabad,23.0225,72.5714,2025-12-22 23:00:00,59.5,59.3,633.0,71.0,21.4,3.0,22.9,47,0.0,6.4
Ahmedabad,23.0225,72.5714,2025-12-23 00:00:00,53.6,53.3,589.0,61.8,18.3,8.0,22.2,51,0.0,7.0
Ahmedabad,23.0225,72.5714,2025-12-23 01:00:00,43.8,43.7,542.0,48.7,14.2,18.0,21.4,55,0.0,7.0
Ahmedabad,23.0225,72.5714,2025-12-23 02:00:00,35.7,35.7,502.0,37.5,11.0,25.0,20.5,60,0.0,7.6
Ahmedabad,23.0225,72.5714,2025-12-23 03:00:00,30.5,30.4,466.0,30.1,9.3,27.0,19.7,63,0.0,8.0
Ahmedabad,23.0225,72.5714,2025-12-23 04:00:00,27.0,27.0,438.0,24.7,8.5,27.0,19.0,65,0.0,8.2
Ahmedabad,23.0225,72.5714,2025-12-23 05:00:00,27.9,27.8,443.0,24.6,8.9,23.0,18.4,66,0.0,8.1
Ahmedabad,23.0225,72.5714,2025-12-23 06:00:00,25.8,25.6,518.0,24.3,9.5,21.0,18.1,68,0.0,8.8
Ahmedabad,23.0225,72.5714,2025-12-23 07:00:00,27.2,27.1,626.0,23.8,10.5,19.0,17.7,70,0.0,8.8
Ahmedabad,23.0225,72.5714,2025-12-23 08:00:00,28.2,28.2,682.0,22.2,11.6,25.0,18.4,68,0.0,8.5
Ahmedabad,23.0225,72.5714,2025-12-23 09:00:00,28.1,28.1,637.0,18.8,13.3,45.0,20.6,61,0.0,5.5
Ahmedabad,23.0225,72.5714,2025-12-23 10:00:00,25.4,25.3,539.0,14.3,15.1,74.0,23.6,51,0.0,5.9
Ahmedabad,23.0225,72.5714,2025-12-23 11:00:00,22.4,22.4,447.0,10.3,16.1,97.0,26.9,41,0.0,6.1
Ahmedabad,23.0225,72.5714,2025-12-23 12:00:00,17.7,17.7,374.0,7.0,15.5,112.0,28.9,34,0.0,5.5
Ahmedabad,23.0225,72.5714,2025-12-23 13:00:00,14.3,14.3,306.0,4.3,13.9,122.0,30.2,27,0.0,6.1
Ahmedabad,23.0225,72.5714,2025-12-23 14:00:00,13.4,13.3,264.0,3.3,12.7,127.0,30.6,24,0.0,7.6
Ahmedabad,23.0225,72.5714,2025-12-23 15:00:00,13.5,13.4,252.0,4.4,12.1,125.0,30.5,25,0.0,7.8
Ahmedabad,23.0225,72.5714,2025-12-23 16:00:00,13.8,13.7,265.0,7.3,11.7,118.0,30.0,26,0.0,7.7
Ahmedabad,23.0225,72.5714,2025-12-23 17:00:00,8.6,8.6,306.0,11.1,11.9,104.0,29.1,27,0.0,7.0
Ahmedabad,23.0225,72.5714,2025-12-23 18:00:00,15.7,15.7,397.0,21.3,13.1,86.0,28.1,31,0.0,7.4
Ahmedabad,23.0225,72.5714,2025-12-23 19:00:00,21.4,21.4,516.0,35.1,14.8,60.0,27.3,34,0.0,7.0
Ahmedabad,23.0225,72.5714,2025-12-23 20:00:00,24.9,24.9,597.0,43.9,15.7,43.0,26.6,37,0.0,7.1
Ahmedabad,23.0225,72.5714,2025-12-23 21:00:00,26.5,26.5,606.0,43.1,15.4,41.0,25.7,40,0.0,7.9
Ahmedabad,23.0225,72.5714,2025-12-23 22:00:00,25.6,25.6,576.0,37.3,14.4,46.0,24.7,44,0.0,8.2
Ahmedabad,23.0225,72.5714,2025-12-23 23:00:00,22.9,22.9,542.0,31.4,13.2,51.0,23.9,48,0.0,8.4
Ahmedabad,23.0225,72.5714,2025-12-24 00:00:00,19.8,19.8,511.0,26.7,11.7,54.0,23.4,48,0.0,10.8
Ahmedabad,23.0225,72.5714,2025-12-24 01:00:00,18.3,18.3,475.0,21.9,10.1,57.0,22.4,51,0.0,8.3
Ahmedabad,23.0225,72.5714,2025-12-24 02:00:00,18.2,18.1,444.0,17.9,9.0,59.0,20.8,55,0.0,6.4
Ahmedabad,23.0225,72.5714,2025-12-24 03:00:00,18.5,18.5,414.0,15.0,9.0,61.0,19.8,60,0.0,7.2
Ahmedabad,23.0225,72.5714,2025-12-24 04:00:00,18.9,18.9,388.0,12.9,9.5,62.0,19.0,62,0.0,9.2
Ahmedabad,23.0225,72.5714,2025-12-24 05:00:00,20.5,20.5,389.0,16.3,9.6,49.0,18.6,60,0.0,8.3
Ahmedabad,23.0225,72.5714,2025-12-24 06:00:00,21.0,21.0,445.0,18.1,10.3,44.0,18.2,59,0.0,8.8
Ahmedabad,23.0225,72.5714,2025-12-24 07:00:00,23.8,23.8,528.0,20.4,11.4,39.0,17.7,61,0.0,9.2
Ahmedabad,23.0225,72.5714,2025-12-24 08:00:00,24.8,24.7,574.0,20.8,12.6,42.0,18.4,58,0.0,8.2
Ahmedabad,23.0225,72.5714,2025-12-24 09:00:00,24.6,24.6,547.0,17.7,14.2,61.0,20.3,51,0.0,6.9
Ahmedabad,23.0225,72.5714,2025-12-24 10:00:00,24.8,24.6,482.0,12.9,15.9,88.0,22.9,44,0.0,6.5
Ahmedabad,23.0225,72.5714,2025-12-24 11:00:00,22.9,22.7,421.0,8.7,17.0,111.0,26.2,38,0.0,5.7
Ahmedabad,23.0225,72.5714,2025-12-24 12:00:00,20.2,20.0,371.0,6.0,16.9,128.0,28.1,33,0.0,5.3
Ahmedabad,23.0225,72.5714,2025-12-24 13:00:00,17.5,17.4,324.0,4.0,16.0,141.0,29.2,29,0.0,4.6
Ahmedabad,23.0225,72.5714,2025-12-24 14:00:00,16.9,16.8,296.0,3.3,15.2,148.0,29.6,27,0.0,4.7
Ahmedabad,23.0225,72.5714,2025-12-24 15:00:00,17.2,17.1,288.0,4.0,14.5,147.0,29.6,27,0.0,5.8
Ahmedabad,23.0225,72.5714,2025-12-24 16:00:00,17.8,17.6,299.0,6.0,13.8,140.0,29.1,28,0.0,6.9
Ahmedabad,23.0225,72.5714,2025-12-24 17:00:00,19.9,19.7,346.0,9.4,13.1,129.0,28.2,30,0.0,8.1
Ahmedabad,23.0225,72.5714,2025-12-24 18:00:00,26.3,26.1,462.0,16.9,13.7,109.0,27.3,33,0.0,7.4
Ahmedabad,23.0225,72.5714,2025-12-24 19:00:00,29.9,29.7,613.0,27.0,14.4,81.0,26.7,36,0.0,6.6
Ahmedabad,23.0225,72.5714,2025-12-24 20:00:00,30.5,30.4,717.0,33.8,14.7,59.0,25.6,41,0.0,7.1
Ahmedabad,23.0225,72.5714,2025-12-24 21:00:00,30.3,30.0,733.0,34.2,14.1,51.0,24.2,45,0.0,7.5
Ahmedabad,23.0225,72.5714,2025-12-24 22:00:00,29.7,29.5,701.0,31.2,13.1,49.0,22.9,48,0.0,6.6
Ahmedabad,23.0225,72.5714,2025-12-24 23:00:00,28.1,27.8,659.0,27.8,12.0,48.0,21.5,54,0.0,6.6
Ahmedabad,23.0225,72.5714,2025-12-25 00:00:00,25.6,25.3,611.0,24.6,10.9,47.0,20.9,55,0.0,7.6
Ahmedabad,23.0225,72.5714,2025-12-25 01:00:00,23.6,23.2,552.0,20.9,9.7,48.0,20.7,53,0.0,7.7
Ahmedabad,23.0225,72.5714,2025-12-25 02:00:00,22.4,21.9,504.0,18.0,8.9,48.0,20.3,52,0.0,6.4
Ahmedabad,23.0225,72.5714,2025-12-25 03:00:00,22.1,21.6,469.0,16.2,8.6,46.0,18.9,58,0.0,8.0
Ahmedabad,23.0225,72.5714,2025-12-25 04:00:00,22.8,22.4,445.0,15.3,8.7,43.0,18.4,61,0.0,7.6
Ahmedabad,23.0225,72.5714,2025-12-25 05:00:00,27.2,26.7,448.0,18.0,8.9,34.0,18.2,64,0.0,8.6
Ahmedabad,23.0225,72.5714,2025-12-25 06:00:00,29.8,29.4,504.0,19.4,10.3,33.0,17.7,65,0.0,9.5
Ahmedabad,23.0225,72.5714,2025-12-25 07:00:00,34.8,34.5,586.0,21.2,12.2,32.0,17.2,67,0.0,9.7
Ahmedabad,23.0225,72.5714,2025-12-25 08:00:00,37.6,37.3,631.0,21.3,14.5,39.0,17.9,66,0.0,8.1
Ahmedabad,23.0225,72.5714,2025-12-25 09:00:00,37.3,37.0,604.0,18.2,17.4,61.0,19.9,59,0.0,6.7
Ahmedabad,23.0225,72.5714,2025-12-25 10:00:00,36.4,36.2,539.0,13.3,20.5,92.0,22.5,51,0.0,7.0
Ahmedabad,23.0225,72.5714,2025-12-25 11:00:00,34.3,34.2,474.0,9.2,22.5,118.0,25.4,44,0.0,7.3
Ahmedabad,23.0225,72.5714,2025-12-25 12:00:00,31.0,30.9,412.0,6.4,22.5,137.0,27.5,35,0.0,7.6
Ahmedabad,23.0225,72.5714,2025-12-25 13:00:00,27.1,26.8,349.0,4.4,21.5,152.0,28.3,31,0.0,7.0
Ahmedabad,23.0225,72.5714,2025-12-25 14:00:00,26.7,26.5,310.0,4.0,20.7,160.0,28.7,29,0.0,6.6
Ahmedabad,23.0225,72.5714,2025-12-25 15:00:00,27.0,26.8,290.0,4.3,20.4,160.0,28.8,28,0.0,6.2
Ahmedabad,23.0225,72.5714,2025-12-25 16:00:00,27.4,27.1,293.0,6.1,20.3,153.0,28.5,28,0.0,6.1
Ahmedabad,23.0225,72.5714,2025-12-25 17:00:00,29.0,28.7,355.0,12.1,20.0,135.0,27.7,29,0.0,6.3
Ahmedabad,23.0225,72.5714,2025-12-25 18:00:00,39.7,39.3,545.0,28.0,22.5,107.0,26.9,31,0.0,3.9
Ahmedabad,23.0225,72.5714,2025-12-25 19:00:00,49.0,48.7,793.0,49.6,25.9,69.0,26.0,33,0.0,4.9
Ahmedabad,23.0225,72.5714,2025-12-25 20:00:00,53.0,52.7,934.0,63.5,27.6,41.0,24.8,39,0.0,6.7
Ahmedabad,23.0225,72.5714,2025-12-25 21:00:00,53.1,52.9,862.0,62.6,26.3,34.0,23.7,43,0.0,7.3
Ahmedabad,23.0225,72.5714,2025-12-25 22:00:00,53.0,52.7,682.0,53.9,23.4,37.0,22.7,45,0.0,7.9
Ahmedabad,23.0225,72.5714,2025-12-25 23:00:00,52.5,52.3,539.0,45.0,20.4,41.0,21.9,48,0.0,7.3
Ahmedabad,23.0225,72.5714,2025-12-26 00:00:00,49.7,49.4,492.0,37.8,17.4,44.0,21.1,50,0.0,7.5
Ahmedabad,23.0225,72.5714,2025-12-26 01:00:00,45.8,45.5,483.0,30.4,14.3,47.0,19.9,54,0.0,7.6
Ahmedabad,23.0225,72.5714,2025-12-26 02:00:00,41.4,41.2,479.0,24.2,12.0,50.0,18.9,59,0.0,8.4
Ahmedabad,23.0225,72.5714,2025-12-26 03:00:00,37.8,37.7,467.0,19.8,10.8,51.0,18.3,61,0.0,8.8
Ahmedabad,23.0225,72.5714,2025-12-26 04:00:00,35.5,35.3,460.0,16.6,10.5,51.0,17.9,62,0.0,8.8
Ahmedabad,23.0225,72.5714,2025-12-26 05:00:00,34.8,34.5,471.0,14.4,11.3,52.0,17.4,63,0.0,9.0
Ahmedabad,23.0225,72.5714,2025-12-26 06:00:00,32.5,32.1,522.0,15.7,12.6,50.0,17.2,64,0.0,9.6
Ahmedabad,23.0225,72.5714,2025-12-26 07:00:00,32.2,32.0,590.0,17.4,14.5,48.0,16.8,66,0.0,9.9
Ahmedabad,23.0225,72.5714,2025-12-26 08:00:00,31.7,31.4,623.0,17.7,16.4,53.0,17.5,63,0.0,8.2
Ahmedabad,23.0225,72.5714,2025-12-26 09:00:00,30.9,30.7,591.0,15.3,18.3,71.0,19.4,56,0.0,8.0
Ahmedabad,23.0225,72.5714,2025-12-26 10:00:00,30.3,30.2,523.0,11.4,20.1,95.0,22.0,48,0.0,7.9
Ahmedabad,23.0225,72.5714,2025-12-26 11:00:00,30.0,29.8,458.0,8.1,21.1,117.0,24.8,42,0.0,8.0
Ahmedabad,23.0225,72.5714,2025-12-26 12:00:00,29.0,28.8,402.0,5.8,20.8,134.0,26.9,36,0.0,8.8
Ahmedabad,23.0225,72.5714,2025-12-26 13:00:00,25.7,25.4,348.0,4.1,19.6,148.0,28.0,31,0.0,7.7
Ahmedabad,23.0225,72.5714,2025-12-26 14:00:00,24.3,24.0,314.0,3.7,18.7,156.0,28.5,30,0.0,6.1
Ahmedabad,23.0225,72.5714,2025-12-26 15:00:00,24.4,24.2,308.0,4.5,18.3,156.0,28.6,29,0.0,5.6
Ahmedabad,23.0225,72.5714,2025-12-26 16:00:00,24.8,24.6,322.0,6.7,18.1,149.0,28.3,30,0.0,5.7
Ahmedabad,23.0225,72.5714,2025-12-26 17:00:00,29.6,29.3,350.0,10.4,18.8,137.0,27.1,33,0.0,7.1
Ahmedabad,23.0225,72.5714,2025-12-26 18:00:00,35.4,35.0,404.0,18.1,19.2,116.0,26.1,37,0.0,7.2
Ahmedabad,23.0225,72.5714,2025-12-26 19:00:00,38.4,38.1,473.0,28.7,19.7,87.0,24.9,39,0.0,8.5
Ahmedabad,23.0225,72.5714,2025-12-26 20:00:00,39.3,39.0,516.0,36.8,19.8,63.0,24.0,40,0.0,8.6
Ahmedabad,23.0225,72.5714,2025-12-26 21:00:00,41.1,40.7,510.0,40.6,19.3,50.0,23.1,41,0.0,8.5
Ahmedabad,23.0225,72.5714,2025-12-26 22:00:00,45.3,45.1,477.0,41.7,18.5,44.0,22.0,43,0.0,8.8
Ahmedabad,23.0225,72.5714,2025-12-26 23:00:00,46.8,46.6,445.0,40.2,17.6,41.0,20.8,45,0.0,8.6
Ahmedabad,23.0225,72.5714,2025-12-27 00:00:00,42.8,42.6,420.0,34.5,16.3,44.0,20.4,44,0.0,8.6
Ahmedabad,23.0225,72.5714,2025-12-27 01:00:00,36.8,36.6,395.0,26.0,15.0,52.0,19.6,46,0.0,9.1
Ahmedabad,23.0225,72.5714,2025-12-27 02:00:00,30.6,30.5,379.0,18.9,14.6,58.0,18.9,49,0.0,9.6
Ahmedabad,23.0225,72.5714,2025-12-27 03:00:00,25.6,25.4,374.0,14.3,15.9,62.0,18.3,53,0.0,10.2
Ahmedabad,23.0225,72.5714,2025-12-27 04:00:00,22.5,22.4,379.0,11.1,18.1,64.0,17.7,55,0.0,10.5
Ahmedabad,23.0225,72.5714,2025-12-27 05:00:00,25.3,25.2,393.0,13.1,16.4,53.0,16.8,58,0.0,11.0
Ahmedabad,23.0225,72.5714,2025-12-27 06:00:00,21.9,21.8,429.0,14.5,17.8,51.0,16.7,56,0.0,11.1
Ahmedabad,23.0225,72.5714,2025-12-27 07:00:00,22.5,22.4,475.0,16.4,19.8,48.0,16.3,56,0.0,11.0
Ahmedabad,23.0225,72.5714,2025-12-27 08:00:00,24.2,24.1,499.0,16.9,21.6,51.0,16.9,53,0.0,9.2
Ahmedabad,23.0225,72.5714,2025-12-27 09:00:00,24.4,24.4,483.0,15.0,23.2,63.0,18.9,47,0.0,9.1
Ahmedabad,23.0225,72.5714,2025-12-27 10:00:00,25.2,25.1,444.0,11.8,24.7,81.0,21.5,42,0.0,8.5
Ahmedabad,23.0225,72.5714,2025-12-27 11:00:00,27.0,26.8,407.0,9.0,25.5,100.0,24.0,40,0.0,8.3
Ahmedabad,23.0225,72.5714,2025-12-27 12:00:00,29.0,28.7,375.0,6.8,25.4,121.0,26.1,36,0.0,7.5
Ahmedabad,23.0225,72.5714,2025-12-27 13:00:00,30.4,30.0,343.0,5.0,24.6,143.0,27.3,33,0.0,6.2
Ahmedabad,23.0225,72.5714,2025-12-27 14:00:00,29.4,29.0,325.0,4.6,23.8,157.0,28.0,31,0.0,4.7
Ahmedabad,23.0225,72.5714,2025-12-27 15:00:00,29.5,29.0,321.0,6.1,22.9,158.0,28.3,30,0.0,4.3
Ahmedabad,23.0225,72.5714,2025-12-27 16:00:00,30.0,29.6,329.0,9.0,22.0,150.0,28.0,31,0.0,5.1
Ahmedabad,23.0225,72.5714,2025-12-27 17:00:00,38.2,37.8,359.0,13.6,22.4,136.0,26.7,35,0.0,7.7
Ahmedabad,23.0225,72.5714,2025-12-27 18:00:00,43.0,42.5,428.0,20.2,22.4,117.0,25.7,38,0.0,8.0
Ahmedabad,23.0225,72.5714,2025-12-27 19:00:00,43.7,43.4,519.0,29.3,22.3,90.0,24.9,40,0.0,7.6
Ahmedabad,23.0225,72.5714,2025-12-27 20:00:00,41.8,41.6,586.0,35.6,21.9,69.0,24.1,42,0.0,6.8
Ahmedabad,23.0225,72.5714,2025-12-27 21:00:00,40.0,39.9,612.0,36.5,21.0,60.0,23.2,45,0.0,6.6
Ahmedabad,23.0225,72.5714,2025-12-27 22:00:00,39.8,39.7,615.0,34.5,19.7,56.0,22.0,48,0.0,6.8
Ahmedabad,23.0225,72.5714,2025-12-27 23:00:00,39.8,39.7,597.0,32.1,18.2,54.0,20.9,52,0.0,7.6
Ahmedabad,23.0225,72.5714,2025-12-28 00:00:00,38.9,38.8,548.0,30.0,16.4,51.0,20.1,53,0.0,7.7
Ahmedabad,23.0225,72.5714,2025-12-28 01:00:00,38.1,38.0,479.0,27.5,14.3,49.0,19.3,55,0.0,7.5
Ahmedabad,23.0225,72.5714,2025-12-28 02:00:00,36.7,36.6,425.0,24.9,12.7,48.0,18.5,57,0.0,8.7
Ahmedabad,23.0225,72.5714,2025-12-28 03:00:00,34.5,34.5,396.0,21.9,11.7,47.0,17.9,58,0.0,9.1
Ahmedabad,23.0225,72.5714,2025-12-28 04:00:00,32.2,32.1,383.0,18.9,11.1,48.0,17.4,59,0.0,9.2
Ahmedabad,23.0225,72.5714,2025-12-28 05:00:00,28.4,28.2,394.0,14.3,11.9,52.0,17.0,62,0.0,8.9
Ahmedabad,23.0225,72.5714,2025-12-28 06:00:00,26.8,26.7,454.0,16.2,12.7,49.0,16.6,63,0.0,9.4
Ahmedabad,23.0225,72.5714,2025-12-28 07:00:00,28.3,28.1,538.0,18.6,13.9,45.0,16.2,66,0.0,9.9
Ahmedabad,23.0225,72.5714,2025-12-28 08:00:00,30.2,29.9,583.0,19.4,15.2,48.0,17.0,63,0.0,8.5
Ahmedabad,23.0225,72.5714,2025-12-28 09:00:00,30.7,30.4,552.0,17.1,16.5,64.0,19.1,56,0.0,6.8
Ahmedabad,23.0225,72.5714,2025-12-28 10:00:00,32.5,32.1,483.0,13.2,17.9,87.0,21.9,48,0.0,6.7
Ahmedabad,23.0225,72.5714,2025-12-28 11:00:00,34.9,34.5,423.0,9.9,19.7,110.0,24.5,42,0.0,5.8
Ahmedabad,23.0225,72.5714,2025-12-28 12:00:00,36.6,35.9,387.0,7.5,22.3,134.0,26.7,37,0.0,4.6
Ahmedabad,23.0225,72.5714,2025-12-28 13:00:00,37.5,36.8,360.0,5.6,25.3,159.0,28.1,31,0.0,3.3
Ahmedabad,23.0225,72.5714,2025-12-28 14:00:00,39.9,38.5,352.0,5.4,27.1,174.0,28.7,29,0.0,1.3
Ahmedabad,23.0225,72.5714,2025-12-28 15:00:00,42.0,40.3,367.0,7.2,26.8,176.0,28.9,27,0.0,0.4
Ahmedabad,23.0225,72.5714,2025-12-28 16:00:00,43.2,41.3,400.0,10.7,25.3,168.0,28.7,28,0.0,0.7
Ahmedabad,23.0225,72.5714,2025-12-28 17:00:00,49.5,47.4,449.0,14.0,23.5,153.0,27.7,31,0.0,4.8
Ahmedabad,23.0225,72.5714,2025-12-28 18:00:00,58.8,56.9,527.0,23.7,24.1,129.0,26.4,35,0.0,6.5
Ahmedabad,23.0225,72.5714,2025-12-28 19:00:00,61.0,59.3,621.0,36.8,24.8,95.0,25.5,38,0.0,7.8
Ahmedabad,23.0225,72.5714,2025-12-28 20:00:00,59.0,57.6,689.0,45.4,24.8,69.0,24.7,39,0.0,7.7
Ahmedabad,23.0225,72.5714,2025-12-28 21:00:00,57.3,56.0,713.0,45.4,23.5,59.0,24.0,41,0.0,7.2
Ahmedabad,23.0225,72.5714,2025-12-28 22:00:00,56.3,55.3,712.0,40.8,21.5,57.0,23.1,43,0.0,6.9
Ahmedabad,23.0225,72.5714,2025-12-28 23:00:00,55.5,54.5,698.0,35.9,19.4,56.0,21.6,48,0.0,6.8
Ahmedabad,23.0225,72.5714,2025-12-29 00:00:00,53.0,52.0,672.0,31.7,17.1,55.0,20.4,53,0.0,7.8
Ahmedabad,23.0225,72.5714,2025-12-29 01:00:00,50.3,49.5,633.0,27.2,14.6,55.0,19.3,58,0.0,7.9
Ahmedabad,23.0225,72.5714,2025-12-29 02:00:00,47.7,46.9,591.0,23.2,12.7,55.0,18.2,62,0.0,7.9
Ahmedabad,23.0225,72.5714,2025-12-29 03:00:00,45.1,44.4,538.0,19.9,11.4,54.0,17.4,65,0.0,8.4
Ahmedabad,23.0225,72.5714,2025-12-29 04:00:00,42.0,41.4,482.0,17.1,10.7,52.0,16.9,66,0.0,8.7
Ahmedabad,23.0225,72.5714,2025-12-29 05:00:00,41.4,40.9,458.0,17.1,10.4,48.0,16.7,65,0.0,8.7
Ahmedabad,23.0225,72.5714,2025-12-29 06:00:00,37.0,36.6,500.0,18.7,11.2,45.0,16.7,64,0.0,9.4
Ahmedabad,23.0225,72.5714,2025-12-29 07:00:00,36.7,36.2,574.0,20.6,12.5,42.0,16.3,65,0.0,9.5
Ahmedabad,23.0225,72.5714,2025-12-29 08:00:00,36.8,36.4,614.0,21.0,14.0,47.0,17.1,63,0.0,8.3
Ahmedabad,23.0225,72.5714,2025-12-29 09:00:00,34.9,34.6,585.0,18.3,15.8,66.0,19.4,57,0.0,5.9
Ahmedabad,23.0225,72.5714,2025-12-29 10:00:00,36.2,35.6,522.0,13.9,17.8,93.0,22.2,49,0.0,5.8
Ahmedabad,23.0225,72.5714,2025-12-29 11:00:00,37.3,36.4,463.0,10.3,20.0,119.0,24.9,43,0.0,4.8
Ahmedabad,23.0225,72.5714,2025-12-29 12:00:00,37.7,36.7,414.0,7.9,22.6,142.0,27.0,37,0.0,4.0
Ahmedabad,23.0225,72.5714,2025-12-29 13:00:00,39.3,37.7,368.0,6.1,25.4,164.0,28.2,31,0.0,3.9
Ahmedabad,23.0225,72.5714,2025-12-29 14:00:00,40.6,38.9,342.0,5.9,27.4,179.0,28.8,28,0.0,3.4
Ahmedabad,23.0225,72.5714,2025-12-29 15:00:00,41.7,39.8,336.0,5.6,27.9,186.0,29.0,28,0.0,3.2
Ahmedabad,23.0225,72.5714,2025-12-29 16:00:00,42.7,40.9,350.0,6.8,27.6,186.0,28.7,28,0.0,3.0
Ahmedabad,23.0225,72.5714,2025-12-29 17:00:00,47.3,45.3,404.0,15.2,27.7,164.0,27.7,33,0.0,2.6
Ahmedabad,23.0225,72.5714,2025-12-29 18:00:00,61.7,59.6,526.0,34.3,30.5,131.0,26.4,36,0.0,3.8
Ahmedabad,23.0225,72.5714,2025-12-29 19:00:00,74.5,72.6,687.0,60.3,34.2,85.0,25.4,42,0.0,6.5
Ahmedabad,23.0225,72.5714,2025-12-29 20:00:00,84.1,82.2,823.0,78.0,36.4,50.0,25.0,44,0.0,6.1
Ahmedabad,23.0225,72.5714,2025-12-29 21:00:00,89.6,87.8,918.0,79.7,36.1,37.0,24.2,46,0.0,5.6
Ahmedabad,23.0225,72.5714,2025-12-29 22:00:00,91.0,89.4,987.0,73.1,34.2,34.0,23.0,50,0.0,5.6
Ahmedabad,23.0225,72.5714,2025-12-29 23:00:00,88.0,86.4,1011.0,65.7,31.4,33.0,22.3,53,0.0,5.0
Ahmedabad,23.0225,72.5714,2025-12-30 00:00:00,82.9,81.3,966.0,59.6,27.3,30.0,21.2,57,0.0,6.5
Ahmedabad,23.0225,72.5714,2025-12-30 01:00:00,80.8,79.2,877.0,52.8,22.2,28.0,19.8,62,0.0,6.1
Ahmedabad,23.0225,72.5714,2025-12-30 02:00:00,79.2,77.5,791.0,46.3,18.0,27.0,18.7,67,0.0,6.7
Ahmedabad,23.0225,72.5714,2025-12-30 03:00:00,76.6,75.0,716.0,40.1,15.2,27.0,18.2,69,0.0,6.9
Ahmedabad,23.0225,72.5714,2025-12-30 04:00:00,72.6,71.0,645.0,34.3,13.3,28.0,17.8,69,0.0,7.4
Ahmedabad,23.0225,72.5714,2025-12-30 05:00:00,57.2,56.0,609.0,20.9,11.4,41.0,16.8,70,0.0,7.7
Ahmedabad,23.0225,72.5714,2025-12-30 06:00:00,53.2,52.3,643.0,23.0,11.6,36.0,16.7,70,0.0,8.2
Ahmedabad,23.0225,72.5714,2025-12-30 07:00:00,52.3,51.5,711.0,25.6,12.1,31.0,16.4,71,0.0,8.3
Ahmedabad,23.0225,72.5714,2025-12-30 08:00:00,50.8,50.1,739.0,26.2,13.5,37.0,17.2,68,0.0,7.5
Ahmedabad,23.0225,72.5714,2025-12-30 09:00:00,46.1,45.8,683.0,23.0,16.9,62.0,19.7,58,0.0,4.1
Ahmedabad,23.0225,72.5714,2025-12-30 10:00:00,39.6,39.0,587.0,17.7,21.3,97.0,22.7,48,0.0,3.2
Ahmedabad,23.0225,72.5714,2025-12-30 11:00:00,38.6,37.6,506.0,12.9,24.2,128.0,25.5,41,0.0,2.6
Ahmedabad,23.0225,72.5714,2025-12-30 12:00:00,41.9,40.0,458.0,8.8,24.2,151.0,27.4,34,0.0,1.3
Ahmedabad,23.0225,72.5714,2025-12-30 13:00:00,40.6,38.8,424.0,5.1,22.6,169.0,28.4,30,0.0,1.2
Ahmedabad,23.0225,72.5714,2025-12-30 14:00:00,41.2,39.3,403.0,3.3,21.1,179.0,28.8,29,0.0,3.8
Ahmedabad,23.0225,72.5714,2025-12-30 15:00:00,41.8,39.9,379.0,3.5,20.0,178.0,28.8,29,0.0,5.8
Ahmedabad,23.0225,72.5714,2025-12-30 16:00:00,42.4,40.5,368.0,5.7,18.9,169.0,28.3,31,0.0,7.2
Ahmedabad,23.0225,72.5714,2025-12-30 17:00:00,58.1,55.8,411.0,12.0,20.2,154.0,27.3,34,0.0,7.9
Ahmedabad,23.0225,72.5714,2025-12-30 18:00:00,70.1,67.8,564.0,26.2,22.5,126.0,26.4,37,0.0,6.8
Ahmedabad,23.0225,72.5714,2025-12-30 19:00:00,78.7,76.4,771.0,45.6,25.6,86.0,25.7,41,0.0,4.6
Ahmedabad,23.0225,72.5714,2025-12-30 20:00:00,84.3,82.2,911.0,58.8,27.5,56.0,24.9,44,0.0,3.2
Ahmedabad,23.0225,72.5714,2025-12-30 21:00:00,89.4,87.3,921.0,59.9,27.2,44.0,23.9,47,0.0,5.8
Ahmedabad,23.0225,72.5714,2025-12-30 22:00:00,91.7,89.6,863.0,54.7,25.7,42.0,23.1,50,0.0,3.9
Ahmedabad,23.0225,72.5714,2025-12-30 23:00:00,92.4,90.3,808.0,49.2,23.7,40.0,22.0,57,0.0,1.8
Ahmedabad,23.0225,72.5714,2025-12-31 00:00:00,90.8,88.9,768.0,45.0,21.0,36.0,21.7,56,0.0,3.8
Ahmedabad,23.0225,72.5714,2025-12-31 01:00:00,89.2,87.3,730.0,40.5,17.8,34.0,21.1,58,0.0,4.0
Ahmedabad,23.0225,72.5714,2025-12-31 02:00:00,88.7,86.8,723.0,36.9,15.2,31.0,20.3,61,0.0,2.4
Ahmedabad,23.0225,72.5714,2025-12-31 03:00:00,87.5,85.7,762.0,34.3,13.6,29.0,19.3,65,0.0,5.1
Ahmedabad,23.0225,72.5714,2025-12-31 04:00:00,86.1,84.5,833.0,32.6,12.6,27.0,18.9,67,0.0,5.2
Ahmedabad,23.0225,72.5714,2025-12-31 05:00:00,105.9,103.8,922.0,54.4,19.0,8.0,18.7,69,0.0,3.4
Ahmedabad,23.0225,72.5714,2025-12-31 06:00:00,106.9,104.8,1064.0,54.8,22.0,5.0,18.6,69,0.0,2.7
Ahmedabad,23.0225,72.5714,2025-12-31 07:00:00,112.7,110.6,1224.0,54.8,26.1,3.0,17.7,73,0.0,4.1
Ahmedabad,23.0225,72.5714,2025-12-31 08:00:00,120.6,118.7,1281.0,50.8,28.0,14.0,18.1,71,0.0,3.6
Ahmedabad,23.0225,72.5714,2025-12-31 09:00:00,103.6,101.7,1152.0,39.0,26.3,52.0,20.5,61,0.0,1.5
Ahmedabad,23.0225,72.5714,2025-12-31 10:00:00,71.5,69.6,919.0,23.1,22.4,103.0,23.2,50,0.0,1.1
Ahmedabad,23.0225,72.5714,2025-12-31 11:00:00,54.5,52.6,712.0,10.7,18.3,139.0,25.3,42,0.0,2.1
Ahmedabad,23.0225,72.5714,2025-12-31 12:00:00,40.3,38.2,570.0,5.1,13.8,148.0,26.9,35,0.0,3.8
Ahmedabad,23.0225,72.5714,2025-12-31 13:00:00,35.0,32.9,453.0,3.1,9.0,142.0,27.7,33,0.0,6.0
Ahmedabad,23.0225,72.5714,2025-12-31 14:00:00,32.4,30.0,369.0,2.5,5.6,134.0,28.0,32,0.0,7.6
Ahmedabad,23.0225,72.5714,2025-12-31 15:00:00,30.2,27.4,325.0,1.1,4.2,129.0,27.7,34,0.0,11.4
Ahmedabad,23.0225,72.5714,2025-12-31 16:00:00,28.4,25.4,314.0,1.0,4.1,121.0,27.0,36,0.0,9.9
Ahmedabad,23.0225,72.5714,2025-12-31 17:00:00,61.2,55.3,329.0,8.2,6.1,112.0,26.9,38,0.0,6.4
Ahmedabad,23.0225,72.5714,2025-12-31 18:00:00,74.0,68.2,390.0,27.6,10.3,88.0,26.1,41,0.0,5.6
Ahmedabad,23.0225,72.5714,2025-12-31 19:00:00,85.7,79.9,476.0,54.0,15.9,55.0,25.4,44,0.0,5.6
Ahmedabad,23.0225,72.5714,2025-12-31 20:00:00,94.5,88.9,520.0,70.5,19.6,31.0,25.1,46,0.0,4.9
Ahmedabad,23.0225,72.5714,2025-12-31 21:00:00,99.2,94.1,479.0,68.1,19.5,26.0,24.2,49,0.0,6.5
Ahmedabad,23.0225,72.5714,2025-12-31 22:00:00,92.4,87.3,397.0,55.8,17.4,30.0,23.2,54,0.0,6.8
Ahmedabad,23.0225,72.5714,2025-12-31 23:00:00,79.4,75.0,331.0,44.5,15.1,34.0,22.4,58,0.0,7.6
Ahmedabad,23.0225,72.5714,2026-01-01 00:00:00,71.2,66.8,306.0,37.5,12.7,35.0,21.7,62,0.0,7.5
Ahmedabad,23.0225,72.5714,2026-01-01 01:00:00,68.9,64.3,299.0,31.5,10.1,37.0,21.0,66,0.0,7.6
Ahmedabad,23.0225,72.5714,2026-01-01 02:00:00,70.3,65.2,297.0,27.0,8.2,37.0,19.8,74,0.0,7.7
Ahmedabad,23.0225,72.5714,2026-01-01 03:00:00,71.9,66.8,293.0,24.4,7.3,36.0,19.0,79,0.0,7.8
Ahmedabad,23.0225,72.5714,2026-01-01 04:00:00,72.6,67.5,295.0,23.5,7.2,35.0,18.8,80,0.0,8.0
Ahmedabad,23.0225,72.5714,2026-01-01 05:00:00,54.0,50.2,311.0,14.8,6.5,47.0,20.1,76,0.0,9.0
Ahmedabad,23.0225,72.5714,2026-01-01 06:00:00,51.6,48.0,358.0,19.2,7.9,42.0,19.8,77,0.0,6.8
Ahmedabad,23.0225,72.5714,2026-01-01 07:00:00,55.6,51.8,420.0,25.0,9.7,35.0,19.8,79,0.0,6.3
Ahmedabad,23.0225,72.5714,2026-01-01 08:00:00,58.7,54.8,458.0,27.0,10.8,37.0,20.1,78,0.0,3.3
Ahmedabad,23.0225,72.5714,2026-01-01 09:00:00,45.5,40.9,452.0,21.6,10.4,55.0,21.3,72,0.0,2.3
Ahmedabad,23.0225,72.5714,2026-01-01 10:00:00,35.0,26.4,421.0,12.3,9.3,82.0,22.7,65,0.0,0.0
Ahmedabad,23.0225,72.5714,2026-01-01 11:00:00,34.3,22.0,385.0,5.2,8.1,103.0,24.8,57,0.0,6.0
Ahmedabad,23.0225,72.5714,2026-01-01 12:00:00,35.6,18.9,345.0,2.6,7.0,112.0,25.4,52,0.1,4.1
Ahmedabad,23.0225,72.5714,2026-01-01 13:00:00,40.2,18.0,300.0,2.2,5.9,114.0,26.1,48,0.0,5.1
Ahmedabad,23.0225,72.5714,2026-01-01 14:00:00,43.4,17.9,266.0,2.3,5.0,115.0,26.5,46,0.0,6.5
Ahmedabad,23.0225,72.5714,2026-01-01 15:00:00,44.2,18.1,247.0,2.2,4.4,116.0,26.8,44,0.0,7.1
Ahmedabad,23.0225,72.5714,2026-01-01 16:00:00,41.7,17.5,239.0,2.6,4.1,114.0,26.6,44,0.0,8.3
Ahmedabad,23.0225,72.5714,2026-01-01 17:00:00,37.6,16.6,250.0,5.0,5.1,104.0,25.9,46,0.0,9.0
Ahmedabad,23.0225,72.5714,2026-01-01 18:00:00,32.2,17.6,294.0,9.1,5.8,92.0,25.5,47,0.0,6.5
Ahmedabad,23.0225,72.5714,2026-01-01 19:00:00,28.9,18.7,358.0,14.8,6.8,76.0,24.6,49,0.0,8.9
Ahmedabad,23.0225,72.5714,2026-01-01 20:00:00,25.0,18.5,401.0,18.7,7.5,63.0,23.1,51,0.0,9.0
Ahmedabad,23.0225,72.5714,2026-01-01 21:00:00,22.4,18.2,407.0,19.3,7.5,57.0,22.3,52,0.0,9.3
Ahmedabad,23.0225,72.5714,2026-01-01 22:00:00,21.2,18.2,393.0,18.1,7.1,55.0,21.6,53,0.0,9.6
Ahmedabad,23.0225,72.5714,2026-01-01 23:00:00,21.3,18.5,376.0,16.7,6.8,54.0,20.9,58,0.0,8.1
Ahmedabad,23.0225,72.5714,2026-01-02 00:00:00,21.5,18.4,358.0,15.3,6.6,53.0,19.9,62,0.0,8.8
Ahmedabad,23.0225,72.5714,2026-01-02 01:00:00,22.2,18.7,335.0,13.6,6.4,52.0,18.9,65,0.0,8.8
Ahmedabad,23.0225,72.5714,2026-01-02 02:00:00,22.9,19.1,316.0,12.2,6.3,52.0,18.4,66,0.0,9.1
Ahmedabad,23.0225,72.5714,2026-01-02 03:00:00,23.3,19.4,295.0,10.8,6.4,52.0,17.9,68,0.0,9.0
Ahmedabad,23.0225,72.5714,2026-01-02 04:00:00,23.5,19.6,277.0,9.6,6.6,51.0,17.3,70,0.0,8.9
Ahmedabad,23.0225,72.5714,2026-01-02 05:00:00,24.5,20.5,283.0,9.7,7.1,50.0,17.2,71,0.0,9.3
Ahmedabad,23.0225,72.5714,2026-01-02 06:00:00,25.1,21.1,339.0,12.5,7.7,45.0,16.9,71,0.0,9.5
Ahmedabad,23.0225,72.5714,2026-01-02 07:00:00,27.6,23.6,420.0,16.3,8.5,39.0,16.7,72,0.0,9.2
Ahmedabad,23.0225,72.5714,2026-01-02 08:00:00,29.9,26.4,467.0,18.0,9.5,39.0,17.4,70,0.0,8.6
Ahmedabad,23.0225,72.5714,2026-01-02 09:00:00,30.4,26.1,451.0,15.7,10.9,51.0,19.3,62,0.0,7.0
Ahmedabad,23.0225,72.5714,2026-01-02 10:00:00,32.8,27.4,402.0,11.4,12.5,71.0,21.5,57,0.0,6.8
Ahmedabad,23.0225,72.5714,2026-01-02 11:00:00,40.4,33.8,354.0,7.7,13.5,89.0,23.5,57,0.0,7.4
Ahmedabad,23.0225,72.5714,2026-01-02 12:00:00,48.1,39.7,316.0,5.4,13.6,105.0,24.9,47,0.0,6.0
Ahmedabad,23.0225,72.5714,2026-01-02 13:00:00,46.6,35.7,279.0,3.8,13.1,121.0,25.7,42,0.0,5.0
Ahmedabad,23.0225,72.5714,2026-01-02 14:00:00,43.8,32.7,256.0,3.1,12.4,130.0,26.1,40,0.0,5.6
Ahmedabad,23.0225,72.5714,2026-01-02 15:00:00,42.3,31.5,251.0,3.5,11.5,131.0,26.1,39,0.0,7.0
Ahmedabad,23.0225,72.5714,2026-01-02 16:00:00,40.6,30.4,259.0,5.0,10.4,126.0,25.6,39,0.0,8.3
Ahmedabad,23.0225,72.5714,2026-01-02 17:00:00,32.2,24.6,280.0,7.1,6.9,113.0,25.0,42,0.0,8.0
Ahmedabad,23.0225,72.5714,2026-01-02 18:00:00,31.9,26.0,320.0,11.3,7.3,99.0,23.7,48,0.0,8.5
Ahmedabad,23.0225,72.5714,2026-01-02 19:00:00,31.3,26.5,371.0,17.1,7.9,81.0,22.5,51,0.0,9.7
Ahmedabad,23.0225,72.5714,2026-01-02 20:00:00,30.5,26.3,414.0,20.9,8.2,67.0,21.4,49,0.0,9.7
Ahmedabad,23.0225,72.5714,2026-01-02 21:00:00,29.9,26.0,441.0,20.9,8.1,63.0,20.7,46,0.0,9.2
Ahmedabad,23.0225,72.5714,2026-01-02 22:00:00,29.8,26.3,459.0,18.9,7.8,64.0,19.7,48,0.0,9.0
Ahmedabad,23.0225,72.5714,2026-01-02 23:00:00,30.0,26.7,465.0,16.9,7.5,65.0,18.9,52,0.0,7.9
Ahmedabad,23.0225,72.5714,2026-01-03 00:00:00,29.8,26.7,452.0,15.4,7.3,64.0,17.8,58,0.0,8.1
Ahmedabad,23.0225,72.5714,2026-01-03 01:00:00,29.8,26.8,426.0,13.9,7.1,62.0,16.8,62,0.0,7.8
Ahmedabad,23.0225,72.5714,2026-01-03 02:00:00,30.0,27.0,404.0,12.6,7.0,60.0,16.2,64,0.0,7.3
Ahmedabad,23.0225,72.5714,2026-01-03 03:00:00,29.9,26.8,385.0,11.3,7.0,58.0,15.7,67,0.0,7.9
Ahmedabad,23.0225,72.5714,2026-01-03 04:00:00,29.5,26.4,370.0,10.2,7.2,57.0,15.4,72,0.0,8.8
Ahmedabad,23.0225,72.5714,2026-01-03 05:00:00,33.5,29.7,379.0,13.4,7.5,43.0,15.5,89,0.0,8.5
Ahmedabad,23.0225,72.5714,2026-01-03 06:00:00,35.5,31.4,437.0,15.1,8.4,40.0,15.5,90,0.0,9.0
Ahmedabad,23.0225,72.5714,2026-01-03 07:00:00,41.9,37.8,519.0,17.3,9.7,38.0,15.1,91,0.0,9.4
Ahmedabad,23.0225,72.5714,2026-01-03 08:00:00,47.4,43.9,566.0,17.9,11.7,42.0,15.8,88,0.0,7.4
Ahmedabad,23.0225,72.5714,2026-01-03 09:00:00,51.8,47.8,548.0,15.3,15.1,59.0,17.6,79,0.0,7.0
Ahmedabad,23.0225,72.5714,2026-01-03 10:00:00,58.7,53.8,495.0,11.1,19.0,82.0,20.2,69,0.0,6.1
Ahmedabad,23.0225,72.5714,2026-01-03 11:00:00,65.7,58.3,445.0,7.6,21.6,104.0,22.4,59,0.0,6.7
Ahmedabad,23.0225,72.5714,2026-01-03 12:00:00,62.9,52.9,405.0,5.5,21.6,122.0,24.3,48,0.0,5.2
Ahmedabad,23.0225,72.5714,2026-01-03 13:00:00,58.3,48.4,368.0,4.2,20.1,138.0,25.4,43,0.0,3.1
Ahmedabad,23.0225,72.5714,2026-01-03 14:00:00,55.4,46.1,345.0,3.9,18.7,147.0,26.1,40,0.0,2.7
Ahmedabad,23.0225,72.5714,2026-01-03 15:00:00,54.0,45.2,332.0,4.7,17.9,148.0,26.3,38,0.0,4.1
Ahmedabad,23.0225,72.5714,2026-01-03 16:00:00,52.9,44.6,334.0,6.6,17.1,144.0,25.9,40,0.0,6.7
Ahmedabad,23.0225,72.5714,2026-01-03 17:00:00,56.6,47.6,370.0,8.9,14.9,133.0,24.4,42,0.0,8.1
Ahmedabad,23.0225,72.5714,2026-01-03 18:00:00,58.9,51.3,479.0,12.9,14.2,118.0,23.5,46,0.0,7.2
Ahmedabad,23.0225,72.5714,2026-01-03 19:00:00,56.9,50.6,624.0,18.3,13.2,97.0,22.9,50,0.0,6.0
Ahmedabad,23.0225,72.5714,2026-01-03 20:00:00,53.3,47.7,712.0,21.8,12.2,81.0,22.1,55,0.0,6.6
Ahmedabad,23.0225,72.5714,2026-01-03 21:00:00,49.2,44.0,690.0,21.5,11.1,75.0,20.7,63,0.0,7.8
Ahmedabad,23.0225,72.5714,2026-01-03 22:00:00,44.8,40.2,611.0,19.2,10.0,75.0,19.5,68,0.0,8.2
Ahmedabad,23.0225,72.5714,2026-01-03 23:00:00,39.8,36.0,543.0,17.0,9.0,74.0,18.5,71,0.0,7.6
Ahmedabad,23.0225,72.5714,2026-01-04 00:00:00,34.7,31.5,510.0,15.6,8.2,71.0,18.2,71,0.0,7.6
Ahmedabad,23.0225,72.5714,2026-01-04 01:00:00,30.7,28.2,488.0,14.3,7.7,67.0,17.7,71,0.0,6.7
Ahmedabad,23.0225,72.5714,2026-01-04 02:00:00,28.4,26.3,472.0,13.2,7.4,63.0,17.1,73,0.0,7.0
Ahmedabad,23.0225,72.5714,2026-01-04 03:00:00,27.2,25.3,457.0,12.0,7.4,60.0,16.4,75,0.0,7.9
Ahmedabad,23.0225,72.5714,2026-01-04 04:00:00,27.1,25.3,448.0,11.0,7.8,57.0,15.8,77,0.0,8.8
Ahmedabad,23.0225,72.5714,2026-01-04 05:00:00,32.5,30.3,457.0,11.3,8.9,54.0,15.5,82,0.0,9.4
Ahmedabad,23.0225,72.5714,2026-01-04 06:00:00,35.2,32.9,502.0,13.7,10.6,50.0,15.4,84,0.0,9.8
Ahmedabad,23.0225,72.5714,2026-01-04 07:00:00,40.6,38.3,564.0,16.8,13.1,46.0,15.0,86,0.0,9.4
Ahmedabad,23.0225,72.5714,2026-01-04 08:00:00,44.4,42.4,597.0,18.1,15.6,49.0,15.6,82,0.0,7.2
Ahmedabad,23.0225,72.5714,2026-01-04 09:00:00,42.6,40.9,576.0,15.8,18.3,65.0,17.5,73,0.0,7.2
Ahmedabad,23.0225,72.5714,2026-01-04 10:00:00,43.3,41.4,526.0,11.6,21.1,88.0,19.9,64,0.0,6.7
Ahmedabad,23.0225,72.5714,2026-01-04 11:00:00,46.0,43.8,477.0,8.0,22.5,109.0,22.3,59,0.0,7.0
Ahmedabad,23.0225,72.5714,2026-01-04 12:00:00,44.0,40.9,435.0,5.7,21.6,125.0,24.3,53,0.0,6.3
Ahmedabad,23.0225,72.5714,2026-01-04 13:00:00,40.5,36.7,394.0,4.1,19.4,138.0,25.7,44,0.0,5.7
Ahmedabad,23.0225,72.5714,2026-01-04 14:00:00,38.6,34.3,365.0,3.6,17.5,144.0,26.5,38,0.0,6.2
Ahmedabad,23.0225,72.5714,2026-01-04 15:00:00,37.0,32.2,345.0,4.3,16.4,141.0,26.7,36,0.0,7.3
Ahmedabad,23.0225,72.5714,2026-01-04 16:00:00,36.1,31.3,338.0,6.2,15.6,132.0,26.3,37,0.0,8.2
Ahmedabad,23.0225,72.5714,2026-01-04 17:00:00,44.4,39.6,367.0,11.7,16.8,119.0,25.3,38,0.0,8.3
Ahmedabad,23.0225,72.5714,2026-01-04 18:00:00,48.4,44.2,467.0,18.2,16.8,102.0,24.2,43,0.0,8.2
Ahmedabad,23.0225,72.5714,2026-01-04 19:00:00,49.5,45.9,604.0,27.2,16.7,79.0,23.4,46,0.0,7.7
Ahmedabad,23.0225,72.5714,2026-01-04 20:00:00,49.4,46.1,696.0,33.1,16.4,61.0,22.4,49,0.0,7.1
Ahmedabad,23.0225,72.5714,2026-01-04 21:00:00,50.1,46.9,707.0,33.5,15.5,55.0,21.1,54,0.0,7.6
Ahmedabad,23.0225,72.5714,2026-01-04 22:00:00,49.4,46.4,673.0,30.9,14.3,54.0,19.9,58,0.0,7.9
Ahmedabad,23.0225,72.5714,2026-01-04 23:00:00,47.7,45.1,620.0,27.7,13.3,54.0,19.2,57,0.0,8.6
Ahmedabad,23.0225,72.5714,2026-01-05 00:00:00,45.8,43.1,542.0,24.5,12.3,53.0,18.4,57,0.0,10.4
Ahmedabad,23.0225,72.5714,2026-01-05 01:00:00,44.4,41.8,446.0,20.7,11.5,52.0,17.8,59,0.0,11.0
Ahmedabad,23.0225,72.5714,2026-01-05 02:00:00,43.9,41.2,379.0,17.0,11.5,54.0,17.3,63,0.0,11.3
Ahmedabad,23.0225,72.5714,2026-01-05 03:00:00,43.7,40.7,364.0,13.1,12.7,60.0,16.7,66,0.0,11.5
Ahmedabad,23.0225,72.5714,2026-01-05 04:00:00,43.7,40.4,377.0,9.3,14.7,69.0,16.1,68,0.0,12.0
Ahmedabad,23.0225,72.5714,2026-01-05 05:00:00,44.1,41.4,402.0,6.2,19.0,80.0,15.5,72,0.0,13.2
Ahmedabad,23.0225,72.5714,2026-01-05 06:00:00,45.1,42.6,443.0,8.3,22.0,74.0,15.1,73,0.0,12.8
Ahmedabad,23.0225,72.5714,2026-01-05 07:00:00,47.1,44.7,494.0,11.1,26.1,67.0,14.6,75,0.0,12.7
Ahmedabad,23.0225,72.5714,2026-01-05 08:00:00,48.8,46.6,522.0,12.6,29.1,65.0,15.0,73,0.0,9.9
Ahmedabad,23.0225,72.5714,2026-01-05 09:00:00,49.4,47.1,505.0,11.5,30.4,73.0,16.8,65,0.0,10.7
Ahmedabad,23.0225,72.5714,2026-01-05 10:00:00,50.1,47.6,465.0,9.0,30.7,88.0,19.4,57,0.0,10.3
Ahmedabad,23.0225,72.5714,2026-01-05 11:00:00,50.6,47.8,429.0,6.9,29.8,102.0,21.4,52,0.0,10.6
Ahmedabad,23.0225,72.5714,2026-01-05 12:00:00,51.0,48.1,406.0,5.4,26.9,117.0,23.4,47,0.0,9.7
Ahmedabad,23.0225,72.5714,2026-01-05 13:00:00,50.6,47.7,387.0,4.3,22.9,132.0,24.9,43,0.0,9.1
Ahmedabad,23.0225,72.5714,2026-01-05 14:00:00,48.9,45.9,377.0,4.4,19.6,140.0,25.8,41,0.0,8.9
Ahmedabad,23.0225,72.5714,2026-01-05 15:00:00,45.8,43.0,376.0,5.9,17.9,137.0,26.0,40,0.0,9.0
Ahmedabad,23.0225,72.5714,2026-01-05 16:00:00,43.9,41.2,383.0,8.6,17.1,127.0,25.8,40,0.0,9.1
Ahmedabad,23.0225,72.5714,2026-01-05 17:00:00,29.3,28.6,402.0,11.2,16.2,118.0,24.8,35,0.0,9.6
Ahmedabad,23.0225,72.5714,2026-01-05 18:00:00,31.2,30.7,444.0,16.5,16.2,102.0,23.7,36,0.0,8.5
Ahmedabad,23.0225,72.5714,2026-01-05 19:00:00,31.9,31.5,496.0,23.8,16.1,80.0,22.7,37,0.0,9.8
Ahmedabad,23.0225,72.5714,2026-01-05 20:00:00,32.0,31.9,526.0,28.3,15.7,63.0,21.7,38,0.0,10.0
Ahmedabad,23.0225,72.5714,2026-01-05 21:00:00,31.8,31.7,513.0,27.9,14.9,58.0,20.6,42,0.0,9.6
Ahmedabad,23.0225,72.5714,2026-01-05 22:00:00,31.0,31.0,478.0,24.7,13.8,58.0,19.5,47,0.0,9.7
Ahmedabad,23.0225,72.5714,2026-01-05 23:00:00,29.9,29.9,442.0,21.3,12.9,59.0,18.9,51,0.0,10.8
Ahmedabad,23.0225,72.5714,2026-01-06 00:00:00,28.5,28.5,411.0,18.0,12.3,60.0,18.4,54,0.0,10.8
Ahmedabad,23.0225,72.5714,2026-01-06 01:00:00,28.3,28.2,380.0,14.3,11.8,62.0,17.8,58,0.0,10.6
Ahmedabad,23.0225,72.5714,2026-01-06 02:00:00,29.5,29.2,360.0,11.3,11.5,63.0,17.1,62,0.0,10.5
Ahmedabad,23.0225,72.5714,2026-01-06 03:00:00,31.3,30.7,352.0,9.2,11.3,64.0,16.5,66,0.0,10.5
Ahmedabad,23.0225,72.5714,2026-01-06 04:00:00,33.4,32.5,354.0,7.8,11.2,64.0,15.9,69,0.0,10.7
Ahmedabad,23.0225,72.5714,2026-01-06 05:00:00,35.6,34.8,373.0,10.8,11.0,51.0,15.0,71,0.0,10.5
Ahmedabad,23.0225,72.5714,2026-01-06 06:00:00,37.0,36.0,425.0,12.5,11.5,49.0,14.8,71,0.0,10.8
Ahmedabad,23.0225,72.5714,2026-01-06 07:00:00,40.5,39.2,494.0,14.8,12.2,47.0,14.5,72,0.0,10.8
Ahmedabad,23.0225,72.5714,2026-01-06 08:00:00,43.0,41.6,531.0,15.6,12.8,51.0,15.3,68,0.0,9.2
Ahmedabad,23.0225,72.5714,2026-01-06 09:00:00,44.1,42.6,507.0,13.8,13.2,64.0,17.2,61,0.0,8.5
Ahmedabad,23.0225,72.5714,2026-01-06 10:00:00,46.0,44.0,452.0,10.5,13.5,82.0,19.9,52,0.0,7.7
Ahmedabad,23.0225,72.5714,2026-01-06 11:00:00,47.0,44.6,406.0,7.7,13.7,100.0,22.4,46,0.0,7.9
Ahmedabad,23.0225,72.5714,2026-01-06 12:00:00,46.0,43.3,384.0,5.5,13.7,117.0,24.3,41,0.0,7.0
Ahmedabad,23.0225,72.5714,2026-01-06 13:00:00,39.3,37.5,371.0,3.8,13.6,133.0,25.6,38,0.0,6.6
Ahmedabad,23.0225,72.5714,2026-01-06 14:00:00,34.5,33.1,364.0,3.3,13.3,141.0,26.3,35,0.0,6.9
Ahmedabad,23.0225,72.5714,2026-01-06 15:00:00,31.4,30.2,352.0,4.4,12.7,138.0,26.5,34,0.0,7.7
Ahmedabad,23.0225,72.5714,2026-01-06 16:00:00,29.4,28.3,346.0,6.8,11.9,128.0,26.1,35,0.0,8.2
Ahmedabad,23.0225,72.5714,2026-01-06 17:00:00,25.1,24.6,372.0,11.1,12.0,114.0,25.4,37,0.0,7.8
Ahmedabad,23.0225,72.5714,2026-01-06 18:00:00,28.3,27.9,464.0,17.1,12.4,99.0,24.6,41,0.0,6.7
Ahmedabad,23.0225,72.5714,2026-01-06 19:00:00,29.2,28.9,587.0,25.2,13.0,77.0,23.8,44,0.0,6.7
Ahmedabad,23.0225,72.5714,2026-01-06 20:00:00,27.2,27.0,664.0,30.3,13.2,62.0,22.5,49,0.0,7.9
Ahmedabad,23.0225,72.5714,2026-01-06 21:00:00,24.3,24.2,652.0,29.5,12.7,59.0,21.2,51,0.0,8.7
Ahmedabad,23.0225,72.5714,2026-01-06 22:00:00,22.3,22.1,594.0,25.7,11.9,62.0,20.1,52,0.0,8.9
Ahmedabad,23.0225,72.5714,2026-01-06 23:00:00,20.8,20.6,545.0,22.0,11.1,64.0,19.3,56,0.0,7.9
Ahmedabad,23.0225,72.5714,2026-01-07 00:00:00,19.4,19.2,529.0,19.6,10.5,62.0,18.5,59,0.0,7.7
Ahmedabad,23.0225,72.5714,2026-01-07 01:00:00,19.0,18.8,523.0,17.4,10.0,59.0,17.4,63,0.0,8.7
Ahmedabad,23.0225,72.5714,2026-01-07 02:00:00,20.1,19.9,508.0,15.2,9.9,57.0,16.5,67,0.0,9.6
Ahmedabad,23.0225,72.5714,2026-01-07 03:00:00,23.9,23.3,465.0,12.6,10.1,58.0,16.1,69,0.0,10.4
Ahmedabad,23.0225,72.5714,2026-01-07 04:00:00,29.4,28.5,414.0,10.0,10.6,60.0,15.8,70,0.0,11.1
Ahmedabad,23.0225,72.5714,2026-01-07 05:00:00,29.1,28.3,396.0,10.1,10.9,57.0,15.7,70,0.0,11.3
Ahmedabad,23.0225,72.5714,2026-01-07 06:00:00,34.2,33.2,447.0,12.0,12.1,55.0,15.5,70,0.0,11.3
Ahmedabad,23.0225,72.5714,2026-01-07 07:00:00,39.9,38.8,531.0,14.5,13.8,52.0,15.1,71,0.0,11.2
Ahmedabad,23.0225,72.5714,2026-01-07 08:00:00,43.3,42.0,580.0,15.5,15.8,55.0,15.8,68,0.0,9.4
Ahmedabad,23.0225,72.5714,2026-01-07 09:00:00,42.8,41.7,555.0,13.6,18.4,67.0,17.6,61,0.0,9.0
Ahmedabad,23.0225,72.5714,2026-01-07 10:00:00,43.4,42.0,495.0,10.2,21.3,84.0,20.1,54,0.0,8.0
Ahmedabad,23.0225,72.5714,2026-01-07 11:00:00,44.7,43.4,445.0,7.3,23.4,102.0,22.1,49,0.0,7.5
Ahmedabad,23.0225,72.5714,2026-01-07 12:00:00,47.7,46.6,422.0,5.5,24.2,123.0,23.9,46,0.0,6.2
Ahmedabad,23.0225,72.5714,2026-01-07 13:00:00,50.8,49.6,410.0,4.3,24.3,145.0,25.3,42,0.0,5.7
Ahmedabad,23.0225,72.5714,2026-01-07 14:00:00,53.8,52.5,405.0,4.2,23.7,158.0,26.0,40,0.0,5.7
Ahmedabad,23.0225,72.5714,2026-01-07 15:00:00,54.0,52.7,401.0,5.5,22.2,157.0,26.1,40,0.0,6.0
Ahmedabad,23.0225,72.5714,2026-01-07 16:00:00,52.3,51.0,404.0,8.0,20.1,146.0,25.8,41,0.0,6.5
Ahmedabad,23.0225,72.5714,2026-01-07 17:00:00,41.9,40.7,433.0,10.5,18.3,135.0,25.2,43,0.0,7.7
Ahmedabad,23.0225,72.5714,2026-01-07 18:00:00,45.8,44.7,514.0,15.9,17.8,116.0,24.2,47,0.0,7.6
Ahmedabad,23.0225,72.5714,2026-01-07 19:00:00,44.6,43.7,621.0,23.2,17.1,90.0,23.0,52,0.0,8.3
Ahmedabad,23.0225,72.5714,2026-01-07 20:00:00,40.6,39.9,691.0,27.7,16.4,71.0,21.6,55,0.0,9.1
Ahmedabad,23.0225,72.5714,2026-01-07 21:00:00,36.3,35.7,694.0,26.9,15.6,66.0,20.6,53,0.0,8.9
Ahmedabad,23.0225,72.5714,2026-01-07 22:00:00,33.3,32.7,661.0,23.3,14.8,67.0,19.7,54,0.0,8.5
Ahmedabad,23.0225,72.5714,2026-01-07 23:00:00,31.5,31.0,622.0,20.2,13.9,67.0,18.6,59,0.0,9.1
Ahmedabad,23.0225,72.5714,2026-01-08 00:00:00,30.5,29.9,585.0,18.9,12.7,62.0,18.1,60,0.0,8.8
Ahmedabad,23.0225,72.5714,2026-01-08 01:00:00,31.4,30.9,543.0,18.1,11.4,55.0,17.5,67,0.0,8.8
Ahmedabad,23.0225,72.5714,2026-01-08 02:00:00,33.6,33.2,506.0,16.8,11.0,51.0,16.9,74,0.0,8.8
Ahmedabad,23.0225,72.5714,2026-01-08 03:00:00,36.8,36.2,468.0,14.1,11.9,52.0,16.6,77,0.0,9.0
Ahmedabad,23.0225,72.5714,2026-01-08 04:00:00,39.3,38.9,434.0,11.0,13.7,56.0,16.2,78,0.0,9.6
Ahmedabad,23.0225,72.5714,2026-01-08 05:00:00,41.0,40.5,431.0,8.8,14.7,60.0,15.8,76,0.0,10.4
Ahmedabad,23.0225,72.5714,2026-01-08 06:00:00,41.8,41.3,490.0,11.4,16.5,55.0,15.6,76,0.0,10.4
Ahmedabad,23.0225,72.5714,2026-01-08 07:00:00,44.5,44.0,580.0,14.9,18.9,50.0,15.3,76,0.0,9.5
Ahmedabad,23.0225,72.5714,2026-01-08 08:00:00,46.3,45.9,635.0,16.7,20.9,50.0,15.9,73,0.0,6.8
Ahmedabad,23.0225,72.5714,2026-01-08 09:00:00,45.9,45.4,619.0,15.3,21.7,59.0,17.8,65,0.0,7.2
Ahmedabad,23.0225,72.5714,2026-01-08 10:00:00,47.3,46.7,567.0,12.2,22.1,75.0,20.5,56,0.0,6.1
Ahmedabad,23.0225,72.5714,2026-01-08 11:00:00,50.5,49.8,525.0,9.5,22.6,93.0,22.8,51,0.0,2.6
Ahmedabad,23.0225,72.5714,2026-01-08 12:00:00,55.5,54.5,508.0,7.6,23.9,117.0,24.9,45,0.0,0.7
Ahmedabad,23.0225,72.5714,2026-01-08 13:00:00,60.5,59.1,499.0,6.2,25.4,144.0,26.4,40,0.0,3.1
Ahmedabad,23.0225,72.5714,2026-01-08 14:00:00,63.6,62.2,496.0,5.9,26.0,161.0,27.0,38,0.0,5.0
Ahmedabad,23.0225,72.5714,2026-01-08 15:00:00,63.6,62.2,491.0,7.2,25.1,163.0,27.0,39,0.0,7.1
Ahmedabad,23.0225,72.5714,2026-01-08 16:00:00,61.9,60.8,491.0,9.6,23.4,155.0,26.2,43,0.0,8.5
Ahmedabad,23.0225,72.5714,2026-01-08 17:00:00,67.3,65.9,514.0,12.0,20.4,128.0,25.3,48,0.0,8.1
Ahmedabad,23.0225,72.5714,2026-01-08 18:00:00,69.4,68.2,587.0,16.0,19.5,111.0,24.2,52,0.0,7.5
Ahmedabad,23.0225,72.5714,2026-01-08 19:00:00,67.3,66.4,683.0,21.5,18.2,87.0,23.1,57,0.0,8.4
Ahmedabad,23.0225,72.5714,2026-01-08 20:00:00,62.9,61.9,739.0,24.6,17.0,70.0,22.0,60,0.0,8.5
Ahmedabad,23.0225,72.5714,2026-01-08 21:00:00,57.0,56.2,720.0,23.3,16.0,65.0,20.5,65,0.0,10.1
Ahmedabad,23.0225,72.5714,2026-01-08 22:00:00,51.5,50.8,660.0,19.8,15.1,66.0,19.1,67,0.0,11.5
Ahmedabad,23.0225,72.5714,2026-01-08 23:00:00,46.3,45.6,601.0,16.5,14.1,67.0,18.1,66,0.0,10.8
Ahmedabad,23.0225,72.5714,2026-01-09 00:00:00,40.9,40.3,551.0,14.2,12.8,67.0,17.6,63,0.0,11.0
Ahmedabad,23.0225,72.5714,2026-01-09 01:00:00,36.1,35.5,501.0,12.2,11.5,68.0,17.1,61,0.0,10.3
Ahmedabad,23.0225,72.5714,2026-01-09 02:00:00,32.2,31.7,469.0,10.7,10.5,68.0,16.6,61,0.0,5.8
Ahmedabad,23.0225,72.5714,2026-01-09 03:00:00,29.9,29.4,456.0,9.4,9.9,67.0,16.1,63,0.0,5.2
Ahmedabad,23.0225,72.5714,2026-01-09 04:00:00,29.9,29.3,461.0,8.6,9.7,65.0,15.4,65,0.0,8.0
Ahmedabad,23.0225,72.5714,2026-01-09 05:00:00,33.3,32.7,497.0,10.2,10.3,59.0,15.6,65,0.0,7.9
Ahmedabad,23.0225,72.5714,2026-01-09 06:00:00,35.4,34.7,596.0,14.6,10.9,49.0,14.9,67,0.0,8.4
Ahmedabad,23.0225,72.5714,2026-01-09 07:00:00,40.4,39.7,725.0,20.5,11.7,37.0,14.2,70,0.0,7.8
Ahmedabad,23.0225,72.5714,2026-01-09 08:00:00,43.8,43.3,800.0,23.3,12.8,37.0,14.7,67,0.0,6.4
Ahmedabad,23.0225,72.5714,2026-01-09 09:00:00,41.8,41.3,773.0,20.3,14.4,59.0,17.0,58,0.0,4.3
Ahmedabad,23.0225,72.5714,2026-01-09 10:00:00,38.8,38.2,692.0,14.2,16.2,94.0,20.1,49,0.0,3.5
Ahmedabad,23.0225,72.5714,2026-01-09 11:00:00,36.0,34.7,613.0,9.1,17.0,122.0,23.0,40,0.0,4.5
Ahmedabad,23.0225,72.5714,2026-01-09 12:00:00,32.5,29.8,549.0,6.2,15.9,138.0,24.8,32,0.0,4.2
Ahmedabad,23.0225,72.5714,2026-01-09 13:00:00,30.6,27.7,486.0,4.3,13.7,147.0,25.9,29,0.0,4.3
Ahmedabad,23.0225,72.5714,2026-01-09 14:00:00,29.6,26.7,441.0,3.7,11.9,151.0,26.4,27,0.0,5.1
Ahmedabad,23.0225,72.5714,2026-01-09 15:00:00,28.4,25.7,419.0,4.7,10.8,148.0,26.4,28,0.0,5.7
Ahmedabad,23.0225,72.5714,2026-01-09 16:00:00,27.5,25.1,415.0,7.1,10.1,138.0,25.9,31,0.0,7.0
Ahmedabad,23.0225,72.5714,2026-01-09 17:00:00,24.5,23.5,432.0,9.3,10.1,124.0,25.0,32,0.0,8.3
Ahmedabad,23.0225,72.5714,2026-01-09 18:00:00,30.3,29.5,487.0,16.5,10.9,106.0,23.7,38,0.0,8.8
Ahmedabad,23.0225,72.5714,2026-01-09 19:00:00,32.8,32.1,564.0,26.3,12.0,81.0,22.5,44,0.0,8.6
Ahmedabad,23.0225,72.5714,2026-01-09 20:00:00,33.6,33.1,618.0,32.9,12.7,62.0,21.3,48,0.0,8.7
Ahmedabad,23.0225,72.5714,2026-01-09 21:00:00,34.8,34.2,628.0,33.4,12.8,55.0,20.4,49,0.0,8.9
Ahmedabad,23.0225,72.5714,2026-01-09 22:00:00,36.2,35.6,615.0,30.7,12.4,53.0,19.8,48,0.0,8.6
Ahmedabad,23.0225,72.5714,2026-01-09 23:00:00,36.4,36.0,600.0,27.5,11.9,53.0,18.9,49,0.0,7.6
Ahmedabad,23.0225,72.5714,2026-01-10 00:00:00,35.6,35.0,587.0,24.3,11.0,53.0,18.0,51,0.0,8.6
Ahmedabad,23.0225,72.5714,2026-01-10 01:00:00,35.2,34.7,573.0,20.6,9.9,54.0,17.1,51,0.0,10.1
Ahmedabad,23.0225,72.5714,2026-01-10 02:00:00,35.6,35.0,567.0,17.5,9.1,55.0,16.2,52,0.0,6.9
Ahmedabad,23.0225,72.5714,2026-01-10 03:00:00,36.3,35.7,568.0,15.2,8.8,54.0,15.6,53,0.0,4.7
Ahmedabad,23.0225,72.5714,2026-01-10 04:00:00,37.0,36.4,577.0,13.6,8.8,53.0,15.0,56,0.0,5.7
Ahmedabad,23.0225,72.5714,2026-01-10 05:00:00,39.2,38.6,605.0,14.4,8.7,46.0,14.5,62,0.0,6.2
Ahmedabad,23.0225,72.5714,2026-01-10 06:00:00,40.4,39.9,676.0,17.2,9.4,40.0,14.2,63,0.0,8.0
Ahmedabad,23.0225,72.5714,2026-01-10 07:00:00,44.1,43.7,767.0,20.8,10.5,32.0,13.6,65,0.0,8.3
Ahmedabad,23.0225,72.5714,2026-01-10 08:00:00,46.7,46.2,815.0,22.4,11.8,34.0,14.0,63,0.0,6.1
Ahmedabad,23.0225,72.5714,2026-01-10 09:00:00,45.6,45.2,791.0,20.2,13.7,55.0,16.0,56,0.0,4.6
Ahmedabad,23.0225,72.5714,2026-01-10 10:00:00,44.6,44.0,725.0,15.9,15.8,85.0,19.0,48,0.0,5.5
Ahmedabad,23.0225,72.5714,2026-01-10 11:00:00,42.4,41.7,647.0,11.9,16.7,112.0,22.1,41,0.0,4.7
Ahmedabad,23.0225,72.5714,2026-01-10 12:00:00,38.2,37.3,552.0,8.4,15.3,131.0,24.5,29,0.0,4.9
Ahmedabad,23.0225,72.5714,2026-01-10 13:00:00,33.3,32.2,446.0,5.2,12.7,146.0,25.6,25,0.0,5.8
Ahmedabad,23.0225,72.5714,2026-01-10 14:00:00,31.4,30.5,376.0,3.5,10.7,154.0,26.0,25,0.0,8.2
Ahmedabad,23.0225,72.5714,2026-01-10 15:00:00,30.9,29.8,366.0,3.9,9.8,153.0,25.7,28,0.0,9.6
Ahmedabad,23.0225,72.5714,2026-01-10 16:00:00,31.3,30.3,391.0,5.8,9.4,144.0,24.9,31,0.0,10.7
Ahmedabad,23.0225,72.5714,2026-01-10 17:00:00,35.3,34.6,433.0,7.5,10.3,124.0,23.8,35,0.0,10.1
Ahmedabad,23.0225,72.5714,2026-01-10 18:00:00,41.0,40.4,494.0,12.1,11.0,109.0,22.7,39,0.0,8.5
Ahmedabad,23.0225,72.5714,2026-01-10 19:00:00,46.3,45.8,570.0,18.4,12.1,89.0,21.6,44,0.0,9.1
Ahmedabad,23.0225,72.5714,2026-01-10 20:00:00,50.5,49.9,630.0,22.5,12.8,74.0,20.6,46,0.0,9.0
Ahmedabad,23.0225,72.5714,2026-01-10 21:00:00,53.7,53.0,660.0,22.3,13.0,68.0,19.5,49,0.0,9.3
Ahmedabad,23.0225,72.5714,2026-01-10 22:00:00,55.6,54.9,674.0,20.0,12.9,67.0,18.5,52,0.0,9.3
Ahmedabad,23.0225,72.5714,2026-01-10 23:00:00,56.3,55.6,675.0,17.4,12.6,67.0,17.4,58,0.0,9.0
Ahmedabad,23.0225,72.5714,2026-01-11 00:00:00,55.8,55.1,659.0,15.1,12.1,67.0,16.4,62,0.0,9.4
Ahmedabad,23.0225,72.5714,2026-01-11 01:00:00,55.1,54.4,630.0,12.7,11.5,68.0,15.4,66,0.0,8.5
Ahmedabad,23.0225,72.5714,2026-01-11 02:00:00,54.2,53.6,607.0,10.8,11.1,68.0,14.7,68,0.0,8.3
Ahmedabad,23.0225,72.5714,2026-01-11 03:00:00,53.6,53.0,591.0,9.3,11.0,67.0,14.2,71,0.0,8.8
Ahmedabad,23.0225,72.5714,2026-01-11 04:00:00,53.2,52.6,581.0,8.4,11.2,65.0,13.6,74,0.0,7.3
Ahmedabad,23.0225,72.5714,2026-01-11 05:00:00,54.7,54.0,596.0,9.7,11.0,57.0,13.6,79,0.0,6.2
Ahmedabad,23.0225,72.5714,2026-01-11 06:00:00,56.7,56.0,664.0,13.3,11.4,48.0,13.4,79,0.0,7.7
Ahmedabad,23.0225,72.5714,2026-01-11 07:00:00,61.0,60.3,756.0,18.0,12.0,37.0,13.4,77,0.0,8.4
Ahmedabad,23.0225,72.5714,2026-01-11 08:00:00,63.3,62.9,807.0,20.4,13.0,36.0,14.3,73,0.0,8.5
Ahmedabad,23.0225,72.5714,2026-01-11 09:00:00,61.9,61.2,781.0,18.1,14.7,54.0,16.6,66,0.0,6.3
Ahmedabad,23.0225,72.5714,2026-01-11 10:00:00,60.3,59.3,713.0,13.5,16.9,82.0,19.4,59,0.0,5.9
Ahmedabad,23.0225,72.5714,2026-01-11 11:00:00,61.2,60.1,641.0,9.5,18.7,108.0,22.4,52,0.0,6.0
Ahmedabad,23.0225,72.5714,2026-01-11 12:00:00,58.7,57.3,570.0,7.0,20.1,132.0,24.8,46,0.0,6.3
Ahmedabad,23.0225,72.5714,2026-01-11 13:00:00,52.4,51.0,496.0,5.2,21.2,154.0,26.4,40,0.0,5.8
Ahmedabad,23.0225,72.5714,2026-01-11 14:00:00,49.5,47.8,441.0,5.0,21.6,167.0,27.4,34,0.0,4.9
Ahmedabad,23.0225,72.5714,2026-01-11 15:00:00,47.5,46.0,409.0,6.7,20.8,166.0,27.9,30,0.0,4.4
Ahmedabad,23.0225,72.5714,2026-01-11 16:00:00,46.1,44.5,396.0,9.8,19.3,155.0,27.7,29,0.0,4.4
Ahmedabad,23.0225,72.5714,2026-01-11 17:00:00,49.0,47.6,421.0,14.3,18.2,140.0,27.1,31,0.0,5.8
Ahmedabad,23.0225,72.5714,2026-01-11 18:00:00,57.5,56.3,514.0,21.7,18.2,118.0,25.8,37,0.0,7.1
Ahmedabad,23.0225,72.5714,2026-01-11 19:00:00,61.2,60.3,644.0,30.4,18.7,92.0,24.4,45,0.0,9.0
Ahmedabad,23.0225,72.5714,2026-01-11 20:00:00,59.8,58.9,736.0,35.1,18.6,73.0,23.2,48,0.0,9.2
Ahmedabad,23.0225,72.5714,2026-01-11 21:00:00,57.0,56.3,757.0,32.3,17.5,68.0,21.7,54,0.0,9.7
Ahmedabad,23.0225,72.5714,2026-01-11 22:00:00,55.1,54.4,740.0,25.5,15.9,71.0,20.7,55,0.0,9.4
Ahmedabad,23.0225,72.5714,2026-01-11 23:00:00,53.6,53.0,712.0,19.6,14.5,73.0,19.6,60,0.0,8.7
Ahmedabad,23.0225,72.5714,2026-01-12 00:00:00,52.0,51.6,675.0,16.3,13.6,72.0,18.9,61,0.0,9.2
Ahmedabad,23.0225,72.5714,2026-01-12 01:00:00,51.3,50.8,628.0,13.8,12.9,71.0,18.1,62,0.0,8.9
Ahmedabad,23.0225,72.5714,2026-01-12 02:00:00,51.2,50.6,589.0,11.8,12.5,70.0,17.5,62,0.0,8.8
Ahmedabad,23.0225,72.5714,2026-01-12 03:00:00,51.6,51.1,563.0,10.0,12.3,68.0,17.0,64,0.0,9.2
Ahmedabad,23.0225,72.5714,2026-01-12 04:00:00,51.9,51.3,545.0,8.8,12.3,66.0,16.5,66,0.0,9.8
Ahmedabad,23.0225,72.5714,2026-01-12 05:00:00,49.6,48.8,549.0,9.6,12.0,56.0,16.3,68,0.0,10.4
Ahmedabad,23.0225,72.5714,2026-01-12 06:00:00,50.8,49.9,598.0,12.4,12.9,53.0,16.1,68,0.0,11.0
Ahmedabad,23.0225,72.5714,2026-01-12 07:00:00,53.8,52.9,669.0,16.1,14.2,49.0,15.8,69,0.0,10.8
Ahmedabad,23.0225,72.5714,2026-01-12 08:00:00,54.5,53.8,698.0,17.8,15.4,52.0,16.5,64,0.0,10.5
Ahmedabad,23.0225,72.5714,2026-01-12 09:00:00,52.7,52.0,648.0,15.8,16.1,68.0,18.6,55,0.0,8.3
Ahmedabad,23.0225,72.5714,2026-01-12 10:00:00,50.5,49.8,558.0,11.8,16.6,91.0,21.4,46,0.0,8.1
Ahmedabad,23.0225,72.5714,2026-01-12 11:00:00,48.0,47.1,480.0,8.4,17.5,113.0,24.4,38,0.0,8.1
Ahmedabad,23.0225,72.5714,2026-01-12 12:00:00,45.6,44.7,432.0,6.3,19.6,135.0,26.4,34,0.0,6.7
Ahmedabad,23.0225,72.5714,2026-01-12 13:00:00,44.1,43.2,397.0,4.8,22.1,157.0,27.8,30,0.0,4.7
Ahmedabad,23.0225,72.5714,2026-01-12 14:00:00,42.5,41.3,375.0,4.8,23.5,169.0,28.7,27,0.0,4.0
Ahmedabad,23.0225,72.5714,2026-01-12 15:00:00,40.5,39.5,361.0,6.5,22.9,168.0,29.1,26,0.0,4.7
Ahmedabad,23.0225,72.5714,2026-01-12 16:00:00,39.1,38.0,362.0,9.7,21.4,157.0,28.9,26,0.0,5.7
Ahmedabad,23.0225,72.5714,2026-01-12 17:00:00,57.9,56.0,394.0,16.2,18.8,130.0,28.0,30,0.0,6.7
Ahmedabad,23.0225,72.5714,2026-01-12 18:00:00,65.7,63.8,491.0,22.7,18.7,111.0,26.7,34,0.0,6.6
Ahmedabad,23.0225,72.5714,2026-01-12 19:00:00,65.7,64.3,620.0,31.4,18.5,84.0,25.8,39,0.0,7.2
Ahmedabad,23.0225,72.5714,2026-01-12 20:00:00,61.9,60.5,702.0,36.2,17.9,65.0,24.7,42,0.0,8.3
Ahmedabad,23.0225,72.5714,2026-01-12 21:00:00,57.9,56.6,692.0,33.6,16.5,61.0,23.5,44,0.0,8.0
Ahmedabad,23.0225,72.5714,2026-01-12 22:00:00,54.8,53.6,635.0,27.2,14.6,64.0,22.2,47,0.0,8.1
Ahmedabad,23.0225,72.5714,2026-01-12 23:00:00,52.4,51.1,582.0,21.6,12.8,66.0,21.2,50,0.0,8.1
Ahmedabad,23.0225,72.5714,2026-01-13 00:00:00,49.7,48.3,553.0,18.4,11.3,64.0,20.5,52,0.0,8.5
Ahmedabad,23.0225,72.5714,2026-01-13 01:00:00,47.4,46.1,527.0,16.0,10.0,62.0,19.6,54,0.0,7.5
Ahmedabad,23.0225,72.5714,2026-01-13 02:00:00,45.4,44.1,499.0,13.9,9.1,60.0,18.7,56,0.0,7.4
Ahmedabad,23.0225,72.5714,2026-01-13 03:00:00,43.5,42.3,451.0,11.8,8.7,59.0,18.1,56,0.0,8.7
Ahmedabad,23.0225,72.5714,2026-01-13 04:00:00,41.8,40.7,401.0,10.1,8.6,59.0,17.7,54,0.0,9.9
Ahmedabad,23.0225,72.5714,2026-01-13 05:00:00,40.2,39.2,388.0,9.0,8.9,62.0,17.7,56,0.0,9.4
Ahmedabad,23.0225,72.5714,2026-01-13 06:00:00,39.9,39.0,454.0,11.7,9.8,58.0,17.3,59,0.0,9.2
Ahmedabad,23.0225,72.5714,2026-01-13 07:00:00,41.9,41.1,558.0,15.3,11.1,53.0,16.8,63,0.0,9.8
Ahmedabad,23.0225,72.5714,2026-01-13 08:00:00,44.0,43.4,620.0,17.0,12.4,55.0,17.4,62,0.0,9.3
Ahmedabad,23.0225,72.5714,2026-01-13 09:00:00,44.6,44.1,596.0,15.2,13.6,68.0,19.4,56,0.0,7.3
Ahmedabad,23.0225,72.5714,2026-01-13 10:00:00,45.5,45.1,530.0,11.6,14.8,88.0,22.2,48,0.0,6.4
Ahmedabad,23.0225,72.5714,2026-01-13 11:00:00,46.1,45.5,477.0,8.6,16.5,109.0,25.2,40,0.0,5.1
Ahmedabad,23.0225,72.5714,2026-01-13 12:00:00,46.7,46.0,461.0,6.8,19.4,134.0,27.2,36,0.0,2.7
Ahmedabad,23.0225,72.5714,2026-01-13 13:00:00,46.7,46.0,458.0,5.5,22.8,160.0,28.7,32,0.0,0.8
Ahmedabad,23.0225,72.5714,2026-01-13 14:00:00,46.7,46.0,456.0,5.1,24.4,175.0,29.5,29,0.0,3.5
Ahmedabad,23.0225,72.5714,2026-01-13 15:00:00,46.1,45.3,445.0,5.9,22.8,174.0,29.4,30,0.0,6.5
Ahmedabad,23.0225,72.5714,2026-01-13 16:00:00,45.1,44.2,435.0,7.6,19.5,162.0,28.7,34,0.0,8.6
Ahmedabad,23.0225,72.5714,2026-01-13 17:00:00,48.0,46.7,447.0,8.8,12.3,127.0,27.7,38,0.0,9.0
Ahmedabad,23.0225,72.5714,2026-01-13 18:00:00,49.2,48.2,502.0,12.1,12.2,113.0,26.5,43,0.0,7.8
Ahmedabad,23.0225,72.5714,2026-01-13 19:00:00,46.2,45.3,579.0,16.6,12.0,94.0,25.2,49,0.0,9.0
Ahmedabad,23.0225,72.5714,2026-01-13 20:00:00,41.9,41.0,631.0,19.9,11.7,78.0,24.1,50,0.0,8.7
Ahmedabad,23.0225,72.5714,2026-01-13 21:00:00,38.6,37.8,639.0,20.8,11.4,70.0,23.4,48,0.0,8.1
Ahmedabad,23.0225,72.5714,2026-01-13 22:00:00,36.7,35.7,622.0,20.4,10.9,65.0,22.5,47,0.0,8.7
Ahmedabad,23.0225,72.5714,2026-01-13 23:00:00,34.8,33.9,597.0,19.5,10.3,61.0,21.3,48,0.0,9.6
Ahmedabad,23.0225,72.5714,2026-01-14 00:00:00,32.2,31.2,562.0,18.3,9.3,58.0,20.2,48,0.0,9.9
Ahmedabad,23.0225,72.5714,2026-01-14 01:00:00,29.8,28.8,519.0,16.7,8.1,55.0,19.5,46,0.0,10.0
Ahmedabad,23.0225,72.5714,2026-01-14 02:00:00,27.6,26.5,485.0,15.1,7.2,54.0,18.8,46,0.0,10.3
Ahmedabad,23.0225,72.5714,2026-01-14 03:00:00,25.5,24.4,458.0,13.3,6.6,54.0,18.0,46,0.0,10.5
Ahmedabad,23.0225,72.5714,2026-01-14 04:00:00,23.5,22.5,441.0,11.4,6.3,55.0,17.0,48,0.0,10.3
Ahmedabad,23.0225,72.5714,2026-01-14 05:00:00,21.4,20.7,457.0,11.2,6.4,52.0,16.6,51,0.0,8.7
Ahmedabad,23.0225,72.5714,2026-01-14 06:00:00,21.5,20.8,543.0,14.5,7.2,46.0,16.1,52,0.0,8.5
Ahmedabad,23.0225,72.5714,2026-01-14 07:00:00,24.8,24.1,663.0,18.9,8.3,38.0,15.4,54,0.0,8.1
Ahmedabad,23.0225,72.5714,2026-01-14 08:00:00,27.6,27.0,732.0,20.9,9.2,40.0,15.6,53,0.0,7.4
Ahmedabad,23.0225,72.5714,2026-01-14 09:00:00,26.7,26.2,707.0,18.3,10.0,59.0,17.5,46,0.0,4.6
Ahmedabad,23.0225,72.5714,2026-01-14 10:00:00,26.1,25.4,631.0,13.3,10.6,88.0,20.4,37,0.0,4.2
Ahmedabad,23.0225,72.5714,2026-01-14 11:00:00,24.6,23.8,549.0,8.9,10.7,111.0,24.1,28,0.0,4.4
Ahmedabad,23.0225,72.5714,2026-01-14 12:00:00,20.3,19.2,463.0,6.0,9.7,124.0,25.9,22,0.0,6.7
Ahmedabad,23.0225,72.5714,2026-01-14 13:00:00,18.0,17.0,371.0,3.9,8.2,132.0,26.7,20,0.0,6.8
Ahmedabad,23.0225,72.5714,2026-01-14 14:00:00,17.0,15.9,311.0,3.0,7.1,135.0,27.1,20,0.0,6.6
Ahmedabad,23.0225,72.5714,2026-01-14 15:00:00,16.4,15.3,299.0,3.7,6.7,133.0,27.1,20,0.0,6.8
Ahmedabad,23.0225,72.5714,2026-01-14 16:00:00,16.1,15.0,319.0,5.8,6.7,126.0,26.7,22,0.0,6.5
Ahmedabad,23.0225,72.5714,2026-01-14 17:00:00,14.6,14.1,359.0,8.6,7.3,117.0,26.3,24,0.0,7.5
Ahmedabad,23.0225,72.5714,2026-01-14 18:00:00,19.3,18.9,430.0,14.4,8.0,101.0,25.0,29,0.0,7.8
Ahmedabad,23.0225,72.5714,2026-01-14 19:00:00,22.0,21.7,522.0,22.3,9.0,79.0,24.0,32,0.0,8.3
Ahmedabad,23.0225,72.5714,2026-01-14 20:00:00,22.1,21.8,591.0,27.3,9.7,62.0,22.7,34,0.0,9.3
Ahmedabad,23.0225,72.5714,2026-01-14 21:00:00,21.2,21.0,619.0,26.8,9.9,57.0,22.2,32,0.0,9.4
Ahmedabad,23.0225,72.5714,2026-01-14 22:00:00,20.6,20.5,624.0,23.4,9.8,58.0,21.0,34,0.0,9.4
Ahmedabad,23.0225,72.5714,2026-01-14 23:00:00,20.1,20.0,615.0,20.3,9.5,59.0,19.4,41,0.0,7.7
Ahmedabad,23.0225,72.5714,2026-01-15 00:00:00,19.0,19.0,584.0,18.6,9.0,57.0,18.2,46,0.0,7.5
Ahmedabad,23.0225,72.5714,2026-01-15 01:00:00,18.3,18.2,538.0,17.2,8.4,55.0,17.3,49,0.0,7.9
Ahmedabad,23.0225,72.5714,2026-01-15 02:00:00,18.0,18.0,507.0,16.1,8.0,52.0,16.6,49,0.0,7.6
Ahmedabad,23.0225,72.5714,2026-01-15 03:00:00,18.4,18.3,499.0,15.0,7.7,49.0,15.9,50,0.0,7.4
Ahmedabad,23.0225,72.5714,2026-01-15 04:00:00,18.7,18.7,507.0,14.2,7.6,45.0,15.1,51,0.0,7.2
Ahmedabad,23.0225,72.5714,2026-01-15 05:00:00,20.6,20.6,535.0,15.6,7.9,38.0,14.4,55,0.0,6.5
Ahmedabad,23.0225,72.5714,2026-01-15 06:00:00,20.5,20.5,611.0,17.8,8.8,33.0,13.8,58,0.0,6.6
Ahmedabad,23.0225,72.5714,2026-01-15 07:00:00,23.8,23.7,707.0,20.6,10.1,28.0,13.5,63,0.0,8.1
Ahmedabad,23.0225,72.5714,2026-01-15 08:00:00,27.8,27.7,751.0,21.5,12.2,31.0,14.4,64,0.0,8.3
Ahmedabad,23.0225,72.5714,2026-01-15 09:00:00,30.0,29.8,697.0,18.9,15.9,50.0,16.9,59,0.0,5.5
Ahmedabad,23.0225,72.5714,2026-01-15 10:00:00,37.1,36.7,589.0,14.5,20.4,79.0,20.2,51,0.0,5.2
Ahmedabad,23.0225,72.5714,2026-01-15 11:00:00,46.0,45.3,492.0,10.5,23.6,104.0,23.6,42,0.0,6.4
Ahmedabad,23.0225,72.5714,2026-01-15 12:00:00,49.9,49.0,422.0,7.5,24.3,125.0,26.0,35,0.0,7.4
Ahmedabad,23.0225,72.5714,2026-01-15 13:00:00,45.2,44.1,363.0,5.0,23.8,142.0,27.3,29,0.0,7.4
Ahmedabad,23.0225,72.5714,2026-01-15 14:00:00,42.6,41.4,323.0,4.1,23.0,152.0,28.0,26,0.0,6.8
Ahmedabad,23.0225,72.5714,2026-01-15 15:00:00,40.9,39.8,303.0,4.5,22.2,151.0,28.3,25,0.0,6.3
Ahmedabad,23.0225,72.5714,2026-01-15 16:00:00,40.0,39.1,303.0,6.6,21.1,142.0,28.1,25,0.0,6.4
Ahmedabad,23.0225,72.5714,2026-01-15 17:00:00,39.8,38.9,335.0,12.7,22.3,129.0,27.6,23,0.0,5.8
Ahmedabad,23.0225,72.5714,2026-01-15 18:00:00,51.8,51.0,433.0,26.3,23.3,104.0,26.5,27,0.0,4.8
Ahmedabad,23.0225,72.5714,2026-01-15 19:00:00,60.1,59.3,563.0,44.8,24.6,70.0,25.3,32,0.0,7.2
Ahmedabad,23.0225,72.5714,2026-01-15 20:00:00,59.0,58.3,640.0,56.0,25.0,45.0,24.4,34,0.0,8.6
Ahmedabad,23.0225,72.5714,2026-01-15 21:00:00,56.3,55.8,611.0,53.5,23.9,40.0,22.7,40,0.0,9.3
Ahmedabad,23.0225,72.5714,2026-01-15 22:00:00,54.1,53.7,527.0,43.8,21.9,45.0,21.4,45,0.0,8.7
Ahmedabad,23.0225,72.5714,2026-01-15 23:00:00,51.5,51.0,460.0,34.6,19.8,49.0,20.4,46,0.0,8.6
Ahmedabad,23.0225,72.5714,2026-01-16 00:00:00,47.4,46.9,436.0,28.4,17.6,50.0,19.6,47,0.0,9.0
Ahmedabad,23.0225,72.5714,2026-01-16 01:00:00,43.9,43.5,429.0,22.7,15.3,51.0,18.2,53,0.0,9.5
Ahmedabad,23.0225,72.5714,2026-01-16 02:00:00,41.1,40.7,424.0,18.2,13.7,51.0,17.4,57,0.0,9.6
Ahmedabad,23.0225,72.5714,2026-01-16 03:00:00,38.6,38.3,413.0,14.8,12.9,51.0,16.8,60,0.0,9.6
Ahmedabad,23.0225,72.5714,2026-01-16 04:00:00,36.6,36.3,404.0,12.6,12.8,50.0,16.4,63,0.0,9.4
Ahmedabad,23.0225,72.5714,2026-01-16 05:00:00,36.8,36.7,415.0,11.9,13.9,50.0,16.1,63,0.0,10.0
Ahmedabad,23.0225,72.5714,2026-01-16 06:00:00,34.6,34.3,466.0,14.3,14.9,47.0,15.8,65,0.0,10.1
Ahmedabad,23.0225,72.5714,2026-01-16 07:00:00,35.9,35.7,536.0,17.5,16.4,43.0,15.5,66,0.0,10.5
Ahmedabad,23.0225,72.5714,2026-01-16 08:00:00,37.3,37.1,575.0,18.9,17.6,47.0,16.0,64,0.0,9.9
Ahmedabad,23.0225,72.5714,2026-01-16 09:00:00,36.3,36.1,556.0,16.7,18.2,63.0,18.1,56,0.0,7.0
Ahmedabad,23.0225,72.5714,2026-01-16 10:00:00,36.4,36.2,506.0,12.7,18.5,86.0,21.0,47,0.0,6.2
Ahmedabad,23.0225,72.5714,2026-01-16 11:00:00,36.3,36.1,456.0,9.3,19.1,108.0,24.6,39,0.0,6.2
Ahmedabad,23.0225,72.5714,2026-01-16 12:00:00,34.6,34.3,411.0,7.3,20.2,127.0,27.2,34,0.0,5.8
Ahmedabad,23.0225,72.5714,2026-01-16 13:00:00,32.1,31.8,367.0,6.0,21.4,143.0,28.8,29,0.0,5.3
Ahmedabad,23.0225,72.5714,2026-01-16 14:00:00,30.7,30.3,340.0,5.9,22.4,154.0,29.7,26,0.0,4.3
Ahmedabad,23.0225,72.5714,2026-01-16 15:00:00,30.5,30.2,318.0,5.8,22.5,158.0,30.0,26,0.0,3.7
Ahmedabad,23.0225,72.5714,2026-01-16 16:00:00,30.7,30.4,313.0,7.0,22.3,156.0,29.9,26,0.0,3.6
Ahmedabad,23.0225,72.5714,2026-01-16 17:00:00,33.8,33.3,380.0,13.1,22.8,146.0,29.4,28,0.0,2.8
Ahmedabad,23.0225,72.5714,2026-01-16 18:00:00,44.8,44.4,586.0,26.6,23.8,119.0,27.9,31,0.0,1.4
Ahmedabad,23.0225,72.5714,2026-01-16 19:00:00,52.6,52.3,864.0,44.9,25.0,81.0,26.5,36,0.0,4.8
Ahmedabad,23.0225,72.5714,2026-01-16 20:00:00,52.4,52.0,1062.0,56.2,25.1,53.0,25.7,39,0.0,5.3
Ahmedabad,23.0225,72.5714,2026-01-16 21:00:00,49.1,48.9,1110.0,54.1,23.1,44.0,24.4,43,0.0,5.7
Ahmedabad,23.0225,72.5714,2026-01-16 22:00:00,46.4,46.2,1080.0,45.1,20.0,44.0,23.2,49,0.0,6.2
Ahmedabad,23.0225,72.5714,2026-01-16 23:00:00,44.5,44.2,1033.0,36.8,17.2,45.0,21.9,54,0.0,5.6
Ahmedabad,23.0225,72.5714,2026-01-17 00:00:00,41.8,41.6,985.0,31.8,15.1,44.0,20.9,58,0.0,6.2
Ahmedabad,23.0225,72.5714,2026-01-17 01:00:00,39.7,39.6,920.0,27.6,13.4,43.0,20.0,61,0.0,6.0
Ahmedabad,23.0225,72.5714,2026-01-17 02:00:00,38.8,38.6,861.0,24.1,12.0,42.0,19.1,64,0.0,6.0
Ahmedabad,23.0225,72.5714,2026-01-17 03:00:00,38.4,38.2,799.0,21.1,11.1,40.0,18.4,65,0.0,6.2
Ahmedabad,23.0225,72.5714,2026-01-17 04:00:00,38.0,37.7,742.0,18.9,10.5,39.0,17.7,67,0.0,7.1
Ahmedabad,23.0225,72.5714,2026-01-17 05:00:00,35.3,35.2,732.0,17.6,9.7,35.0,17.0,70,0.0,6.2
Ahmedabad,23.0225,72.5714,2026-01-17 06:00:00,34.9,34.8,825.0,20.6,10.5,28.0,16.6,71,0.0,6.0
Ahmedabad,23.0225,72.5714,2026-01-17 07:00:00,38.9,38.6,964.0,24.6,11.7,20.0,16.1,72,0.0,6.1
Ahmedabad,23.0225,72.5714,2026-01-17 08:00:00,41.2,41.1,1024.0,25.8,12.9,24.0,16.7,69,0.0,5.3
Ahmedabad,23.0225,72.5714,2026-01-17 09:00:00,36.3,36.2,926.0,21.9,14.0,50.0,19.2,57,0.0,3.1
Ahmedabad,23.0225,72.5714,2026-01-17 10:00:00,30.5,30.3,748.0,15.3,15.1,87.0,22.4,45,0.0,3.2
Ahmedabad,23.0225,72.5714,2026-01-17 11:00:00,26.0,25.7,595.0,9.8,16.0,119.0,25.2,38,0.0,5.9
Ahmedabad,23.0225,72.5714,2026-01-17 12:00:00,24.6,24.2,503.0,6.6,16.5,138.0,26.6,36,0.0,7.3
Ahmedabad,23.0225,72.5714,2026-01-17 13:00:00,24.7,24.4,436.0,4.5,16.7,151.0,27.4,35,0.0,8.1
Ahmedabad,23.0225,72.5714,2026-01-17 14:00:00,25.8,25.4,390.0,3.4,16.7,159.0,27.9,34,0.0,8.3
Ahmedabad,23.0225,72.5714,2026-01-17 15:00:00,26.5,26.1,355.0,2.8,16.4,162.0,27.9,33,0.0,8.1
Ahmedabad,23.0225,72.5714,2026-01-17 16:00:00,26.7,26.3,341.0,3.3,15.9,159.0,27.6,33,0.0,6.5
Ahmedabad,23.0225,72.5714,2026-01-17 17:00:00,31.4,31.2,369.0,7.2,13.9,127.0,26.9,36,0.0,7.2
Ahmedabad,23.0225,72.5714,2026-01-17 18:00:00,34.9,34.7,482.0,16.4,14.3,105.0,25.8,40,0.0,8.0
Ahmedabad,23.0225,72.5714,2026-01-17 19:00:00,37.8,37.6,638.0,28.9,14.8,74.0,25.0,43,0.0,7.3
Ahmedabad,23.0225,72.5714,2026-01-17 20:00:00,38.4,38.3,723.0,37.0,14.9,52.0,23.8,48,0.0,7.1
Ahmedabad,23.0225,72.5714,2026-01-17 21:00:00,36.6,36.4,672.0,36.6,14.3,46.0,22.3,54,0.0,8.6
Ahmedabad,23.0225,72.5714,2026-01-17 22:00:00,34.0,33.9,552.0,31.9,13.3,48.0,21.5,56,0.0,9.0
Ahmedabad,23.0225,72.5714,2026-01-17 23:00:00,30.9,30.7,449.0,27.2,12.2,51.0,20.6,58,0.0,8.9
Ahmedabad,23.0225,72.5714,2026-01-18 00:00:00,27.4,27.3,397.0,23.9,11.0,51.0,20.2,58,0.0,8.2
Ahmedabad,23.0225,72.5714,2026-01-18 01:00:00,25.9,25.8,363.0,20.8,9.8,52.0,19.8,60,0.0,7.1
Ahmedabad,23.0225,72.5714,2026-01-18 02:00:00,25.6,25.4,337.0,18.3,8.9,52.0,19.1,62,0.0,6.0
Ahmedabad,23.0225,72.5714,2026-01-18 03:00:00,26.1,25.7,306.0,16.6,8.4,51.0,18.3,65,0.0,7.8
Ahmedabad,23.0225,72.5714,2026-01-18 04:00:00,27.2,26.4,282.0,15.6,8.2,49.0,17.4,68,0.0,8.6
Ahmedabad,23.0225,72.5714,2026-01-18 05:00:00,29.8,28.1,291.0,16.3,8.7,46.0,16.6,80,0.0,9.0
Ahmedabad,23.0225,72.5714,2026-01-18 06:00:00,31.8,29.0,368.0,19.3,9.4,40.0,16.1,87,0.0,7.1
Ahmedabad,23.0225,72.5714,2026-01-18 07:00:00,34.8,30.9,478.0,23.2,10.2,31.0,15.9,92,0.0,6.5
Ahmedabad,23.0225,72.5714,2026-01-18 08:00:00,36.2,31.8,541.0,24.0,10.3,32.0,16.8,89,0.0,4.4
Ahmedabad,23.0225,72.5714,2026-01-18 09:00:00,30.5,24.8,514.0,18.8,9.0,49.0,18.9,80,0.0,3.6
Ahmedabad,23.0225,72.5714,2026-01-18 10:00:00,30.9,21.9,441.0,10.6,6.8,75.0,21.3,69,0.0,3.6
Ahmedabad,23.0225,72.5714,2026-01-18 11:00:00,37.6,22.6,367.0,4.3,5.1,95.0,23.6,60,0.0,4.5
Ahmedabad,23.0225,72.5714,2026-01-18 12:00:00,37.6,22.2,301.0,2.0,4.1,104.0,25.3,50,0.0,6.5
Ahmedabad,23.0225,72.5714,2026-01-18 13:00:00,35.2,21.0,235.0,1.6,3.5,108.0,26.0,46,0.0,8.5
Ahmedabad,23.0225,72.5714,2026-01-18 14:00:00,32.6,19.4,192.0,1.8,3.1,110.0,26.2,45,0.0,10.1
Ahmedabad,23.0225,72.5714,2026-01-18 15:00:00,30.3,18.0,174.0,0.8,2.6,111.0,26.3,44,0.0,10.3
Ahmedabad,23.0225,72.5714,2026-01-18 16:00:00,28.8,17.2,178.0,0.5,2.4,110.0,26.0,45,0.0,10.5
Ahmedabad,23.0225,72.5714,2026-01-18 17:00:00,46.0,26.4,218.0,4.0,2.9,102.0,26.0,40,0.0,9.3
Ahmedabad,23.0225,72.5714,2026-01-18 18:00:00,47.7,30.9,325.0,15.1,5.4,83.0,25.1,45,0.0,6.2
Ahmedabad,23.0225,72.5714,2026-01-18 19:00:00,56.7,39.2,469.0,30.3,8.8,58.0,24.4,49,0.0,4.5
Ahmedabad,23.0225,72.5714,2026-01-18 20:00:00,62.6,44.8,572.0,41.1,11.4,38.0,23.7,54,0.0,4.4
Ahmedabad,23.0225,72.5714,2026-01-18 21:00:00,66.4,48.3,601.0,43.4,12.4,31.0,23.0,57,0.0,3.2
Ahmedabad,23.0225,72.5714,2026-01-18 22:00:00,69.2,50.6,588.0,41.4,12.5,30.0,22.2,60,0.0,4.2
Ahmedabad,23.0225,72.5714,2026-01-18 23:00:00,72.4,52.9,555.0,39.1,12.2,29.0,21.5,64,0.0,3.8
Ahmedabad,23.0225,72.5714,2026-01-19 00:00:00,75.0,54.1,492.0,37.5,11.3,28.0,20.6,68,0.0,7.3
Ahmedabad,23.0225,72.5714,2026-01-19 01:00:00,78.0,55.8,408.0,35.6,10.0,27.0,20.4,65,0.0,7.0
Ahmedabad,23.0225,72.5714,2026-01-19 02:00:00,81.5,57.9,355.0,34.2,9.2,26.0,19.5,63,0.0,4.8
Ahmedabad,23.0225,72.5714,2026-01-19 03:00:00,85.2,60.3,344.0,33.5,9.1,24.0,18.5,65,0.0,5.5
Ahmedabad,23.0225,72.5714,2026-01-19 04:00:00,88.2,62.6,362.0,33.4,9.6,23.0,17.8,66,0.0,5.8
Ahmedabad,23.0225,72.5714,2026-01-19 05:00:00,97.3,71.5,426.0,39.5,11.5,14.0,17.2,68,0.0,0.9
Ahmedabad,23.0225,72.5714,2026-01-19 06:00:00,98.7,72.9,588.0,41.4,13.9,10.0,16.9,65,0.0,2.1
Ahmedabad,23.0225,72.5714,2026-01-19 07:00:00,104.8,78.9,794.0,43.5,17.1,7.0,16.3,68,0.0,6.1
Ahmedabad,23.0225,72.5714,2026-01-19 08:00:00,112.7,88.0,901.0,41.7,18.7,15.0,16.9,65,0.0,3.9
Ahmedabad,23.0225,72.5714,2026-01-19 09:00:00,93.6,71.5,819.0,32.2,17.4,46.0,19.1,58,0.0,1.9
Ahmedabad,23.0225,72.5714,2026-01-19 10:00:00,76.1,50.5,638.0,18.7,14.6,88.0,21.8,50,0.0,2.4
Ahmedabad,23.0225,72.5714,2026-01-19 11:00:00,69.4,43.2,480.0,8.2,11.9,120.0,24.1,43,0.0,4.2
Ahmedabad,23.0225,72.5714,2026-01-19 12:00:00,58.3,34.8,385.0,3.8,9.6,131.0,25.7,34,0.0,5.4
Ahmedabad,23.0225,72.5714,2026-01-19 13:00:00,53.2,32.1,313.0,2.4,7.4,132.0,26.4,31,0.0,6.6
Ahmedabad,23.0225,72.5714,2026-01-19 14:00:00,50.2,31.0,268.0,2.1,5.9,131.0,26.7,29,0.0,7.7
Ahmedabad,23.0225,72.5714,2026-01-19 15:00:00,47.6,30.2,248.0,1.2,5.1,132.0,26.7,29,0.0,8.6
Ahmedabad,23.0225,72.5714,2026-01-19 16:00:00,45.4,29.5,254.0,1.3,5.1,130.0,26.3,31,0.0,9.1
Ahmedabad,23.0225,72.5714,2026-01-19 17:00:00,38.0,26.7,293.0,4.9,6.0,121.0,25.5,33,0.0,8.7
Ahmedabad,23.0225,72.5714,2026-01-19 18:00:00,40.7,31.3,386.0,17.3,8.7,99.0,24.7,35,0.0,6.9
Ahmedabad,23.0225,72.5714,2026-01-19 19:00:00,48.7,39.2,512.0,34.4,12.4,69.0,24.2,37,0.0,5.6
Ahmedabad,23.0225,72.5714,2026-01-19 20:00:00,54.4,45.3,612.0,46.9,15.4,46.0,23.6,39,0.0,5.1
Ahmedabad,23.0225,72.5714,2026-01-19 21:00:00,58.0,49.2,667.0,50.8,17.4,37.0,22.8,42,0.0,4.6
Ahmedabad,23.0225,72.5714,2026-01-19 22:00:00,60.8,52.3,697.0,50.1,18.6,34.0,22.3,43,0.0,5.1
Ahmedabad,23.0225,72.5714,2026-01-19 23:00:00,61.9,53.8,699.0,47.7,18.7,33.0,21.8,45,0.0,5.5
Ahmedabad,23.0225,72.5714,2026-01-20 00:00:00,60.5,52.9,661.0,43.8,16.8,32.0,21.5,45,0.0,5.7
Ahmedabad,23.0225,72.5714,2026-01-20 01:00:00,58.2,50.9,595.0,38.2,13.7,32.0,20.2,49,0.0,7.5
Ahmedabad,23.0225,72.5714,2026-01-20 02:00:00,54.5,47.7,542.0,32.8,11.1,33.0,19.2,53,0.0,7.9
Ahmedabad,23.0225,72.5714,2026-01-20 03:00:00,50.1,44.1,504.0,27.5,9.6,35.0,18.3,55,0.0,8.8
Ahmedabad,23.0225,72.5714,2026-01-20 04:00:00,46.9,41.6,479.0,22.3,8.6,37.0,17.5,57,0.0,8.3
Ahmedabad,23.0225,72.5714,2026-01-20 05:00:00,46.8,42.5,498.0,21.1,8.4,33.0,16.9,61,0.0,7.9
Ahmedabad,23.0225,72.5714,2026-01-20 06:00:00,44.7,40.9,615.0,23.2,9.1,27.0,16.8,62,0.0,6.9
Ahmedabad,23.0225,72.5714,2026-01-20 07:00:00,47.3,43.7,776.0,26.0,10.1,19.0,15.6,67,0.0,7.2
Ahmedabad,23.0225,72.5714,2026-01-20 08:00:00,48.8,46.0,852.0,26.4,11.3,23.0,15.8,67,0.0,4.4
Ahmedabad,23.0225,72.5714,2026-01-20 09:00:00,44.8,42.5,765.0,22.5,13.0,48.0,18.1,58,0.0,2.6
Ahmedabad,23.0225,72.5714,2026-01-20 10:00:00,39.3,36.0,593.0,16.2,14.8,84.0,21.3,47,0.0,3.4
Ahmedabad,23.0225,72.5714,2026-01-20 11:00:00,38.0,32.0,445.0,10.9,15.9,114.0,24.4,39,0.0,5.7
Ahmedabad,23.0225,72.5714,2026-01-20 12:00:00,36.6,28.2,357.0,7.4,15.6,132.0,26.2,30,0.0,5.8
Ahmedabad,23.0225,72.5714,2026-01-20 13:00:00,35.4,27.2,293.0,4.7,14.6,144.0,27.0,28,0.0,4.9
Ahmedabad,23.0225,72.5714,2026-01-20 14:00:00,35.0,27.4,252.0,3.5,13.8,151.0,27.5,26,0.0,4.5
Ahmedabad,23.0225,72.5714,2026-01-20 15:00:00,34.8,27.8,222.0,2.8,13.6,155.0,27.7,26,0.0,4.3
Ahmedabad,23.0225,72.5714,2026-01-20 16:00:00,34.6,28.1,215.0,3.5,13.7,153.0,27.6,26,0.0,4.2
Ahmedabad,23.0225,72.5714,2026-01-20 17:00:00,29.9,25.6,269.0,8.3,12.2,136.0,27.0,29,0.0,7.5
Ahmedabad,23.0225,72.5714,2026-01-20 18:00:00,36.0,32.2,439.0,23.2,14.4,109.0,26.2,30,0.0,7.0
Ahmedabad,23.0225,72.5714,2026-01-20 19:00:00,45.1,41.7,669.0,43.5,17.3,72.0,25.6,31,0.0,6.3
Ahmedabad,23.0225,72.5714,2026-01-20 20:00:00,52.2,49.1,831.0,57.6,19.0,44.0,25.0,32,0.0,6.7
Ahmedabad,23.0225,72.5714,2026-01-20 21:00:00,57.3,54.8,870.0,60.3,18.6,34.0,23.8,35,0.0,7.7
Ahmedabad,23.0225,72.5714,2026-01-20 22:00:00,58.6,56.6,840.0,56.8,17.0,32.0,22.3,40,0.0,8.0
Ahmedabad,23.0225,72.5714,2026-01-20 23:00:00,54.2,52.7,772.0,50.8,15.1,34.0,21.1,43,0.0,7.9
Ahmedabad,23.0225,72.5714,2026-01-21 00:00:00,47.3,46.1,650.0,42.0,12.8,38.0,20.7,42,0.0,8.4
Ahmedabad,23.0225,72.5714,2026-01-21 01:00:00,41.2,40.3,491.0,30.8,10.3,46.0,19.7,44,0.0,8.5
Ahmedabad,23.0225,72.5714,2026-01-21 02:00:00,36.9,36.2,376.0,21.5,8.5,53.0,19.0,48,0.0,8.9
Ahmedabad,23.0225,72.5714,2026-01-21 03:00:00,34.0,33.4,344.0,15.7,7.9,58.0,18.5,52,0.0,9.2
Ahmedabad,23.0225,72.5714,2026-01-21 04:00:00,32.0,31.4,357.0,11.8,8.1,62.0,18.2,54,0.0,9.6
Ahmedabad,23.0225,72.5714,2026-01-21 05:00:00,29.0,28.6,384.0,8.2,9.8,69.0,17.9,56,0.0,10.7
Ahmedabad,23.0225,72.5714,2026-01-21 06:00:00,29.4,28.9,430.0,10.2,10.9,68.0,17.6,57,0.0,11.3
Ahmedabad,23.0225,72.5714,2026-01-21 07:00:00,32.1,31.7,490.0,12.8,12.6,67.0,17.3,58,0.0,11.7
Ahmedabad,23.0225,72.5714,2026-01-21 08:00:00,35.6,35.2,524.0,14.1,14.5,71.0,18.0,56,0.0,9.8
Ahmedabad,23.0225,72.5714,2026-01-21 09:00:00,38.2,37.7,508.0,12.7,17.1,83.0,20.0,51,0.0,9.4
Ahmedabad,23.0225,72.5714,2026-01-21 10:00:00,41.2,40.6,464.0,10.0,20.0,101.0,22.6,45,0.0,9.0
Ahmedabad,23.0225,72.5714,2026-01-21 11:00:00,44.2,43.3,424.0,7.6,22.0,118.0,25.4,41,0.0,9.2
Ahmedabad,23.0225,72.5714,2026-01-21 12:00:00,47.0,45.6,394.0,5.9,22.5,136.0,27.4,38,0.0,8.8
Ahmedabad,23.0225,72.5714,2026-01-21 13:00:00,49.7,47.8,367.0,4.7,22.2,154.0,28.9,35,0.0,8.2
Ahmedabad,23.0225,72.5714,2026-01-21 14:00:00,51.8,49.7,349.0,4.7,21.8,165.0,29.9,32,0.0,7.1
Ahmedabad,23.0225,72.5714,2026-01-21 15:00:00,53.1,50.8,322.0,5.8,21.3,166.0,30.0,31,0.0,5.6
Ahmedabad,23.0225,72.5714,2026-01-21 16:00:00,53.7,51.3,305.0,8.1,20.8,159.0,29.9,31,0.0,4.0
Ahmedabad,23.0225,72.5714,2026-01-21 17:00:00,55.5,53.2,360.0,13.8,21.5,150.0,29.2,33,0.0,5.5
Ahmedabad,23.0225,72.5714,2026-01-21 18:00:00,67.8,65.4,568.0,34.4,24.7,117.0,28.5,34,0.0,4.3
Ahmedabad,23.0225,72.5714,2026-01-21 19:00:00,80.8,78.5,849.0,62.4,28.9,71.0,27.5,38,0.0,6.5
Ahmedabad,23.0225,72.5714,2026-01-21 20:00:00,89.6,87.5,1023.0,79.8,31.0,38.0,26.3,43,0.0,7.4
Ahmedabad,23.0225,72.5714,2026-01-21 21:00:00,88.7,86.6,991.0,76.9,29.1,30.0,25.4,44,0.0,8.5
Ahmedabad,23.0225,72.5714,2026-01-21 22:00:00,83.8,82.0,853.0,63.4,25.0,34.0,24.0,48,0.0,8.0
Ahmedabad,23.0225,72.5714,2026-01-21 23:00:00,77.8,76.1,721.0,50.4,21.0,38.0,22.8,53,0.0,8.4
Ahmedabad,23.0225,72.5714,2026-01-22 00:00:00,71.2,69.6,628.0,41.1,17.6,39.0,22.4,54,0.0,8.1
Ahmedabad,23.0225,72.5714,2026-01-22 01:00:00,65.9,64.3,542.0,32.3,14.3,41.0,22.0,55,0.0,7.5
Ahmedabad,23.0225,72.5714,2026-01-22 02:00:00,61.2,59.8,485.0,25.1,11.7,42.0,21.5,56,0.0,7.2
Ahmedabad,23.0225,72.5714,2026-01-22 03:00:00,57.4,56.0,465.0,19.9,10.1,42.0,20.9,58,0.0,5.9
Ahmedabad,23.0225,72.5714,2026-01-22 04:00:00,54.1,52.9,474.0,16.3,9.2,41.0,20.2,61,0.0,5.9
Ahmedabad,23.0225,72.5714,2026-01-22 05:00:00,53.8,53.0,504.0,13.8,12.1,50.0,19.2,67,0.0,7.2
Ahmedabad,23.0225,72.5714,2026-01-22 06:00:00,54.5,53.8,571.0,17.3,13.2,45.0,19.0,68,0.0,8.1
Ahmedabad,23.0225,72.5714,2026-01-22 07:00:00,58.0,57.3,660.0,21.9,14.8,39.0,18.7,69,0.0,7.9
Ahmedabad,23.0225,72.5714,2026-01-22 08:00:00,61.5,60.8,716.0,24.1,17.1,43.0,19.5,66,0.0,6.9
Ahmedabad,23.0225,72.5714,2026-01-22 09:00:00,61.5,61.0,714.0,21.8,20.6,66.0,21.7,58,0.0,3.5
Ahmedabad,23.0225,72.5714,2026-01-22 10:00:00,63.6,62.9,678.0,17.2,24.8,100.0,24.3,50,0.0,5.2
Ahmedabad,23.0225,72.5714,2026-01-22 11:00:00,67.5,66.4,631.0,13.0,28.0,130.0,26.5,46,0.0,6.9
Ahmedabad,23.0225,72.5714,2026-01-22 12:00:00,70.8,69.6,570.0,10.1,30.2,154.0,28.3,42,0.0,7.6
Ahmedabad,23.0225,72.5714,2026-01-22 13:00:00,70.5,69.4,497.0,7.8,31.4,174.0,29.6,36,0.0,9.2
Ahmedabad,23.0225,72.5714,2026-01-22 14:00:00,63.8,62.6,442.0,6.4,30.6,185.0,30.0,33,0.0,11.1
Ahmedabad,23.0225,72.5714,2026-01-22 15:00:00,50.1,49.1,410.0,5.6,26.0,182.0,30.3,32,0.0,13.0
Ahmedabad,23.0225,72.5714,2026-01-22 16:00:00,43.3,42.5,397.0,5.8,19.4,169.0,30.0,32,0.0,12.6
Ahmedabad,23.0225,72.5714,2026-01-22 17:00:00,67.3,66.1,417.0,9.9,18.6,141.0,28.6,39,0.0,10.9
Ahmedabad,23.0225,72.5714,2026-01-22 18:00:00,72.6,71.5,507.0,15.4,18.6,122.0,27.8,40,0.0,7.2
Ahmedabad,23.0225,72.5714,2026-01-22 19:00:00,75.7,74.3,632.0,22.8,18.4,95.0,26.8,42,0.0,7.9
Ahmedabad,23.0225,72.5714,2026-01-22 20:00:00,75.4,74.3,699.0,26.7,17.6,77.0,25.8,42,0.1,6.8
Ahmedabad,23.0225,72.5714,2026-01-22 21:00:00,71.2,70.1,658.0,23.8,15.6,76.0,24.8,45,0.0,8.0
Ahmedabad,23.0225,72.5714,2026-01-22 22:00:00,60.3,59.4,560.0,17.4,12.9,83.0,24.2,51,0.0,8.4
Ahmedabad,23.0225,72.5714,2026-01-22 23:00:00,46.8,46.0,465.0,11.8,10.6,89.0,23.5,55,0.0,12.9
Ahmedabad,23.0225,72.5714,2026-01-23 00:00:00,34.8,33.8,386.0,8.5,9.1,90.0,22.6,48,0.0,14.0
Ahmedabad,23.0225,72.5714,2026-01-23 01:00:00,27.2,24.3,309.0,6.0,7.9,91.0,21.8,48,0.0,13.9
Ahmedabad,23.0225,72.5714,2026-01-23 02:00:00,25.0,18.2,254.0,4.4,6.8,88.0,20.5,53,0.0,14.5
Ahmedabad,23.0225,72.5714,2026-01-23 03:00:00,26.0,15.0,232.0,3.5,5.6,82.0,19.6,58,0.0,12.6
Ahmedabad,23.0225,72.5714,2026-01-23 04:00:00,28.5,14.7,232.0,3.5,4.4,73.0,18.9,63,0.0,9.3
Ahmedabad,23.0225,72.5714,2026-01-23 05:00:00,26.0,14.2,241.0,5.0,4.2,62.0,18.9,73,0.0,8.6
Ahmedabad,23.0225,72.5714,2026-01-23 06:00:00,26.1,14.6,263.0,8.2,5.0,55.0,18.6,78,0.0,7.1
Ahmedabad,23.0225,72.5714,2026-01-23 07:00:00,27.7,16.6,293.0,12.4,6.0,45.0,18.6,82,0.0,7.2
Ahmedabad,23.0225,72.5714,2026-01-23 08:00:00,29.0,19.0,309.0,14.3,6.6,43.0,19.1,82,0.0,6.4
Ahmedabad,23.0225,72.5714,2026-01-23 09:00:00,33.9,18.5,296.0,11.8,6.5,55.0,19.9,78,0.0,6.5
Ahmedabad,23.0225,72.5714,2026-01-23 10:00:00,44.4,20.2,268.0,7.1,6.0,75.0,21.5,67,0.0,4.7
Ahmedabad,23.0225,72.5714,2026-01-23 11:00:00,47.8,20.6,242.0,3.4,5.5,91.0,23.1,56,0.0,6.8
Ahmedabad,23.0225,72.5714,2026-01-23 12:00:00,49.8,21.0,220.0,2.0,5.1,100.0,24.5,47,0.0,10.7
Ahmedabad,23.0225,72.5714,2026-01-23 13:00:00,49.8,20.8,199.0,1.7,4.6,105.0,25.5,42,0.0,11.0
Ahmedabad,23.0225,72.5714,2026-01-23 14:00:00,48.2,20.0,188.0,1.8,4.3,108.0,26.5,36,0.0,12.9
Ahmedabad,23.0225,72.5714,2026-01-23 15:00:00,44.9,18.9,186.0,1.8,4.1,110.0,26.3,36,0.0,14.4
Ahmedabad,23.0225,72.5714,2026-01-23 16:00:00,41.9,18.3,194.0,2.2,3.9,110.0,25.5,39,0.0,13.2
Ahmedabad,23.0225,72.5714,2026-01-23 17:00:00,28.8,13.1,217.0,3.8,4.1,100.0,24.5,46,0.0,11.7
Ahmedabad,23.0225,72.5714,2026-01-23 18:00:00,22.6,13.7,267.0,7.4,5.0,92.0,23.3,50,0.0,11.3
Ahmedabad,23.0225,72.5714,2026-01-23 19:00:00,19.6,14.8,332.0,12.3,6.3,81.0,22.4,50,0.0,9.1
Ahmedabad,23.0225,72.5714,2026-01-23 20:00:00,16.9,14.7,383.0,15.8,7.3,73.0,21.3,52,0.0,9.8
Ahmedabad,23.0225,72.5714,2026-01-23 21:00:00,15.3,14.4,409.0,16.6,7.7,70.0,20.2,50,0.0,8.8
Ahmedabad,23.0225,72.5714,2026-01-23 22:00:00,14.4,14.1,420.0,15.9,7.8,69.0,19.2,49,0.0,9.8
Ahmedabad,23.0225,72.5714,2026-01-23 23:00:00,13.1,13.0,418.0,14.8,7.6,69.0,17.8,46,0.0,10.7
Ahmedabad,23.0225,72.5714,2026-01-24 00:00:00,11.3,11.3,395.0,13.3,7.0,69.0,16.9,42,0.0,10.2
Ahmedabad,23.0225,72.5714,2026-01-24 01:00:00,10.0,9.9,359.0,11.3,6.1,69.0,16.2,39,0.0,10.9
Ahmedabad,23.0225,72.5714,2026-01-24 02:00:00,9.3,8.9,328.0,9.7,5.5,69.0,15.6,38,0.0,8.9
Ahmedabad,23.0225,72.5714,2026-01-24 03:00:00,8.8,8.3,306.0,8.3,5.4,69.0,15.0,39,0.0,7.9
Ahmedabad,23.0225,72.5714,2026-01-24 04:00:00,8.4,7.9,289.0,7.3,5.6,68.0,14.4,41,0.0,8.9
Ahmedabad,23.0225,72.5714,2026-01-24 05:00:00,9.5,8.1,292.0,8.0,5.6,65.0,14.2,43,0.0,9.8
Ahmedabad,23.0225,72.5714,2026-01-24 06:00:00,9.3,8.3,336.0,11.1,7.0,60.0,14.0,44,0.0,9.6
Ahmedabad,23.0225,72.5714,2026-01-24 07:00:00,12.0,11.0,399.0,15.3,8.8,53.0,13.8,45,0.0,10.0
Ahmedabad,23.0225,72.5714,2026-01-24 08:00:00,15.6,14.7,430.0,17.3,10.4,53.0,14.5,48,0.0,8.9
Ahmedabad,23.0225,72.5714,2026-01-24 09:00:00,15.3,14.5,398.0,15.3,11.3,64.0,16.7,40,0.0,11.1
Ahmedabad,23.0225,72.5714,2026-01-24 10:00:00,15.4,14.7,335.0,11.2,12.0,82.0,19.1,29,0.0,10.0
Ahmedabad,23.0225,72.5714,2026-01-24 11:00:00,17.0,15.1,283.0,7.7,12.3,98.0,21.4,27,0.0,11.0
Ahmedabad,23.0225,72.5714,2026-01-24 12:00:00,21.2,15.0,258.0,5.6,12.3,112.0,23.2,27,0.0,11.1
Ahmedabad,23.0225,72.5714,2026-01-24 13:00:00,27.5,15.9,244.0,4.1,12.0,125.0,24.4,29,0.0,10.3
Ahmedabad,23.0225,72.5714,2026-01-24 14:00:00,32.8,17.2,239.0,3.4,11.6,134.0,25.1,30,0.0,8.2
Ahmedabad,23.0225,72.5714,2026-01-24 15:00:00,35.5,18.2,236.0,3.1,11.2,137.0,25.4,30,0.0,6.9
Ahmedabad,23.0225,72.5714,2026-01-24 16:00:00,36.1,18.6,241.0,3.5,10.7,135.0,25.2,31,0.0,7.1
Ahmedabad,23.0225,72.5714,2026-01-24 17:00:00,37.4,20.3,268.0,6.8,10.2,115.0,24.0,34,0.0,7.9
Ahmedabad,23.0225,72.5714,2026-01-24 18:00:00,39.7,24.7,334.0,14.8,10.6,96.0,23.5,36,0.0,7.6
Ahmedabad,23.0225,72.5714,2026-01-24 19:00:00,41.4,28.9,421.0,25.6,11.2,70.0,22.9,37,0.0,7.4
Ahmedabad,23.0225,72.5714,2026-01-24 20:00:00,38.4,28.8,490.0,32.7,11.4,51.0,21.9,41,0.0,7.3
Ahmedabad,23.0225,72.5714,2026-01-24 21:00:00,33.8,26.7,531.0,32.5,11.0,45.0,21.0,43,0.0,7.7
Ahmedabad,23.0225,72.5714,2026-01-24 22:00:00,28.9,24.1,554.0,28.6,10.2,45.0,20.0,45,0.0,8.0
Ahmedabad,23.0225,72.5714,2026-01-24 23:00:00,25.1,21.9,549.0,24.6,9.4,46.0,19.0,43,0.0,8.5
Ahmedabad,23.0225,72.5714,2026-01-25 00:00:00,23.1,20.6,498.0,21.8,8.5,44.0,18.3,42,0.0,9.0
Ahmedabad,23.0225,72.5714,2026-01-25 01:00:00,22.6,20.2,418.0,19.1,7.6,43.0,17.6,42,0.0,9.4
Ahmedabad,23.0225,72.5714,2026-01-25 02:00:00,23.0,20.3,353.0,16.4,7.1,43.0,17.0,43,0.0,9.3
Ahmedabad,23.0225,72.5714,2026-01-25 03:00:00,23.3,20.2,315.0,13.3,7.1,46.0,16.5,44,0.0,9.8
Ahmedabad,23.0225,72.5714,2026-01-25 04:00:00,23.5,20.1,292.0,10.3,7.4,50.0,16.0,46,0.0,10.0
Ahmedabad,23.0225,72.5714,2026-01-25 05:00:00,24.0,20.5,292.0,7.5,8.5,58.0,15.7,48,0.0,10.8
Ahmedabad,23.0225,72.5714,2026-01-25 06:00:00,24.7,21.1,335.0,10.1,9.1,53.0,15.5,50,0.0,10.7
Ahmedabad,23.0225,72.5714,2026-01-25 07:00:00,26.9,23.2,402.0,13.5,10.0,47.0,15.3,53,0.0,10.7
Ahmedabad,23.0225,72.5714,2026-01-25 08:00:00,29.6,26.0,442.0,15.2,11.1,47.0,16.1,51,0.0,8.6
Ahmedabad,23.0225,72.5714,2026-01-25 09:00:00,31.1,26.5,425.0,13.5,12.5,57.0,17.8,47,0.0,10.1
Ahmedabad,23.0225,72.5714,2026-01-25 10:00:00,33.9,27.9,381.0,10.0,14.0,72.0,19.9,44,0.0,9.9
Ahmedabad,23.0225,72.5714,2026-01-25 11:00:00,38.9,31.7,347.0,7.0,15.2,88.0,21.5,45,0.0,9.8
Ahmedabad,23.0225,72.5714,2026-01-25 12:00:00,46.1,38.0,338.0,5.2,15.8,105.0,23.4,43,0.0,8.8
Ahmedabad,23.0225,72.5714,2026-01-25 13:00:00,53.4,44.6,338.0,3.9,16.0,122.0,24.8,42,0.0,7.3
Ahmedabad,23.0225,72.5714,2026-01-25 14:00:00,56.9,47.5,342.0,3.3,15.7,133.0,25.8,41,0.0,6.9
Ahmedabad,23.0225,72.5714,2026-01-25 15:00:00,56.7,46.9,340.0,3.4,14.8,135.0,26.2,41,0.0,6.6
Ahmedabad,23.0225,72.5714,2026-01-25 16:00:00,55.2,45.5,340.0,4.3,13.5,132.0,26.2,41,0.0,6.3
Ahmedabad,23.0225,72.5714,2026-01-25 17:00:00,48.7,39.6,367.0,6.6,14.0,130.0,24.9,44,0.0,7.4
Ahmedabad,23.0225,72.5714,2026-01-25 18:00:00,47.3,40.0,446.0,12.4,13.6,111.0,24.4,46,0.0,6.4
Ahmedabad,23.0225,72.5714,2026-01-25 19:00:00,45.9,39.1,552.0,20.3,12.9,85.0,23.9,48,0.0,6.5
Ahmedabad,23.0225,72.5714,2026-01-25 20:00:00,41.3,35.2,624.0,25.5,12.1,65.0,23.1,51,0.0,7.3
Ahmedabad,23.0225,72.5714,2026-01-25 21:00:00,35.9,30.2,634.0,25.4,11.1,58.0,21.9,55,0.0,7.4
Ahmedabad,23.0225,72.5714,2026-01-25 22:00:00,31.2,26.1,612.0,22.6,10.0,57.0,20.7,59,0.0,7.7
Ahmedabad,23.0225,72.5714,2026-01-25 23:00:00,27.7,23.4,584.0,20.0,9.0,56.0,19.8,62,0.0,7.4
Ahmedabad,23.0225,72.5714,2026-01-26 00:00:00,24.9,21.4,559.0,18.6,8.2,52.0,19.4,63,0.0,8.0
Ahmedabad,23.0225,72.5714,2026-01-26 01:00:00,24.8,21.5,528.0,17.3,7.5,48.0,18.9,64,0.0,8.6
Ahmedabad,23.0225,72.5714,2026-01-26 02:00:00,27.5,24.2,497.0,15.9,7.5,46.0,18.6,65,0.0,9.0
Ahmedabad,23.0225,72.5714,2026-01-26 03:00:00,33.4,29.9,458.0,13.7,8.5,47.0,18.4,67,0.0,9.1
Ahmedabad,23.0225,72.5714,2026-01-26 04:00:00,41.0,37.4,417.0,11.4,10.2,49.0,18.3,69,0.0,9.2
Ahmedabad,23.0225,72.5714,2026-01-26 05:00:00,57.4,54.6,404.0,7.7,15.2,62.0,17.8,70,0.0,10.2
Ahmedabad,23.0225,72.5714,2026-01-26 06:00:00,56.5,54.2,444.0,9.7,16.5,59.0,17.7,69,0.0,10.3
Ahmedabad,23.0225,72.5714,2026-01-26 07:00:00,56.3,54.5,510.0,12.3,18.3,55.0,17.6,70,0.0,10.7
Ahmedabad,23.0225,72.5714,2026-01-26 08:00:00,56.5,54.8,551.0,13.7,19.9,56.0,18.2,68,0.0,8.3
Ahmedabad,23.0225,72.5714,2026-01-26 09:00:00,56.6,55.2,541.0,12.7,20.8,65.0,20.0,61,0.0,8.6
Ahmedabad,23.0225,72.5714,2026-01-26 10:00:00,58.8,57.4,506.0,10.5,21.4,80.0,22.5,55,0.0,8.6
Ahmedabad,23.0225,72.5714,2026-01-26 11:00:00,64.3,62.9,474.0,8.6,22.5,97.0,25.0,50,0.0,7.6
Ahmedabad,23.0225,72.5714,2026-01-26 12:00:00,69.8,68.2,452.0,7.4,24.9,121.0,27.0,46,0.0,6.1
Ahmedabad,23.0225,72.5714,2026-01-26 13:00:00,72.6,70.8,434.0,6.5,27.8,148.0,28.5,42,0.0,6.2
Ahmedabad,23.0225,72.5714,2026-01-26 14:00:00,73.6,71.5,423.0,6.6,29.6,166.0,29.3,39,0.0,8.0
Ahmedabad,23.0225,72.5714,2026-01-26 15:00:00,70.3,68.0,409.0,7.0,29.0,171.0,29.4,38,0.0,8.1
Ahmedabad,23.0225,72.5714,2026-01-26 16:00:00,65.0,62.9,404.0,8.4,27.3,166.0,29.2,39,0.0,7.2
Ahmedabad,23.0225,72.5714,2026-01-26 17:00:00,70.3,67.8,445.0,12.0,21.9,145.0,28.7,41,0.0,5.7
Ahmedabad,23.0225,72.5714,2026-01-26 18:00:00,79.2,76.6,560.0,25.5,23.3,119.0,27.8,46,0.0,5.2
Ahmedabad,23.0225,72.5714,2026-01-26 19:00:00,88.2,85.7,722.0,43.8,25.1,83.0,27.3,49,0.0,3.4
Ahmedabad,23.0225,72.5714,2026-01-26 20:00:00,94.5,91.7,891.0,55.0,26.0,56.0,26.5,52,0.0,3.6
Ahmedabad,23.0225,72.5714,2026-01-26 21:00:00,97.6,95.0,1094.0,52.9,25.2,47.0,25.7,55,0.0,3.7
Ahmedabad,23.0225,72.5714,2026-01-26 22:00:00,92.9,90.6,1305.0,43.7,23.4,48.0,25.0,57,0.0,3.8
Ahmedabad,23.0225,72.5714,2026-01-26 23:00:00,80.6,78.7,1404.0,34.4,21.1,51.0,23.6,63,0.0,4.5
Ahmedabad,23.0225,72.5714,2026-01-27 00:00:00,69.2,67.8,1311.0,26.8,18.0,55.0,22.1,67,0.0,8.6
Ahmedabad,23.0225,72.5714,2026-01-27 01:00:00,62.2,61.0,1107.0,19.1,14.3,60.0,21.6,62,0.0,5.9
Ahmedabad,23.0225,72.5714,2026-01-27 02:00:00,57.5,56.2,912.0,13.3,11.5,64.0,21.2,62,0.0,5.5
Ahmedabad,23.0225,72.5714,2026-01-27 03:00:00,53.2,52.2,752.0,10.1,10.2,65.0,20.7,64,0.0,4.8
Ahmedabad,23.0225,72.5714,2026-01-27 04:00:00,48.1,47.0,601.0,8.8,9.9,64.0,19.9,68,0.0,7.2
Ahmedabad,23.0225,72.5714,2026-01-27 05:00:00,59.1,57.6,508.0,17.8,10.8,39.0,19.3,72,0.0,8.1
Ahmedabad,23.0225,72.5714,2026-01-27 06:00:00,47.7,46.3,519.0,17.9,10.8,40.0,18.6,72,0.0,9.1
Ahmedabad,23.0225,72.5714,2026-01-27 07:00:00,40.9,39.1,586.0,17.9,10.9,42.0,18.0,70,0.0,9.9
Ahmedabad,23.0225,72.5714,2026-01-27 08:00:00,36.0,34.2,620.0,16.7,11.0,50.0,18.5,66,0.0,7.1
Ahmedabad,23.0225,72.5714,2026-01-27 09:00:00,29.3,26.3,575.0,13.2,11.3,71.0,20.4,58,0.0,6.6
Ahmedabad,23.0225,72.5714,2026-01-27 10:00:00,27.3,22.8,495.0,8.6,11.7,98.0,22.9,48,0.0,7.1
Ahmedabad,23.0225,72.5714,2026-01-27 11:00:00,27.3,21.4,423.0,4.9,11.8,120.0,25.0,40,0.0,8.2
Ahmedabad,23.0225,72.5714,2026-01-27 12:00:00,25.7,19.7,371.0,3.1,11.5,131.0,26.2,37,0.0,8.5
Ahmedabad,23.0225,72.5714,2026-01-27 13:00:00,24.9,18.8,327.0,2.3,11.0,137.0,27.0,34,0.0,9.2
Ahmedabad,23.0225,72.5714,2026-01-27 14:00:00,24.7,17.9,299.0,2.1,10.3,139.0,27.3,31,0.0,10.8
Ahmedabad,23.0225,72.5714,2026-01-27 15:00:00,24.8,16.9,290.0,2.0,9.3,138.0,27.1,31,0.0,12.5
Ahmedabad,23.0225,72.5714,2026-01-27 16:00:00,25.0,15.8,296.0,2.4,8.2,133.0,26.4,31,0.0,13.5
Ahmedabad,23.0225,72.5714,2026-01-27 17:00:00,22.8,14.9,313.0,4.2,7.5,125.0,25.7,29,0.0,11.8
Ahmedabad,23.0225,72.5714,2026-01-27 18:00:00,21.8,15.7,348.0,9.0,8.3,111.0,24.6,29,0.0,10.0
Ahmedabad,23.0225,72.5714,2026-01-27 19:00:00,23.3,17.9,394.0,15.5,9.3,92.0,23.2,32,0.0,8.6
Ahmedabad,23.0225,72.5714,2026-01-27 20:00:00,23.6,18.9,427.0,19.9,10.0,78.0,21.9,35,0.0,8.7
Ahmedabad,23.0225,72.5714,2026-01-27 21:00:00,23.3,19.2,437.0,20.2,10.2,72.0,20.9,35,0.0,9.1
Ahmedabad,23.0225,72.5714,2026-01-27 22:00:00,22.5,19.1,434.0,18.3,10.0,71.0,20.2,35,0.0,10.1
Ahmedabad,23.0225,72.5714,2026-01-27 23:00:00,20.3,18.0,424.0,15.9,9.7,71.0,19.6,36,0.0,10.6
Ahmedabad,23.0225,72.5714,2026-01-28 00:00:00,19.0,16.6,405.0,13.3,9.1,71.0,18.8,37,0.0,11.0
Ahmedabad,23.0225,72.5714,2026-01-28 01:00:00,26.7,17.2,379.0,10.3,8.2,73.0,17.9,39,0.0,10.9
Ahmedabad,23.0225,72.5714,2026-01-28 02:00:00,43.1,21.2,364.0,8.0,7.7,74.0,17.2,41,0.0,11.4
Ahmedabad,23.0225,72.5714,2026-01-28 03:00:00,51.8,24.6,359.0,6.6,7.6,74.0,16.7,44,0.0,11.6
Ahmedabad,23.0225,72.5714,2026-01-28 04:00:00,48.1,25.0,364.0,5.9,7.8,74.0,16.0,46,0.0,11.0
Ahmedabad,23.0225,72.5714,2026-01-28 05:00:00,44.4,25.1,395.0,7.0,8.1,69.0,16.0,47,0.0,10.1
Ahmedabad,23.0225,72.5714,2026-01-28 06:00:00,41.1,26.4,484.0,10.4,8.9,62.0,15.7,49,0.0,10.4
Ahmedabad,23.0225,72.5714,2026-01-28 07:00:00,40.4,29.6,598.0,14.9,10.1,53.0,15.3,51,0.0,9.7
Ahmedabad,23.0225,72.5714,2026-01-28 08:00:00,39.3,32.8,658.0,17.0,11.2,53.0,15.9,50,0.0,8.1
Ahmedabad,23.0225,72.5714,2026-01-28 09:00:00,35.5,31.7,614.0,14.6,12.2,72.0,17.7,44,0.0,6.5
Ahmedabad,23.0225,72.5714,2026-01-28 10:00:00,34.8,31.3,515.0,9.8,13.0,100.0,20.1,38,0.0,5.6
Ahmedabad,23.0225,72.5714,2026-01-28 11:00:00,35.9,28.1,427.0,5.9,13.1,122.0,22.7,31,0.0,7.0
Ahmedabad,23.0225,72.5714,2026-01-28 12:00:00,27.1,19.0,369.0,4.0,11.7,131.0,24.2,25,0.0,8.2
Ahmedabad,23.0225,72.5714,2026-01-28 13:00:00,23.5,16.6,323.0,2.9,9.4,134.0,25.1,23,0.0,8.2
Ahmedabad,23.0225,72.5714,2026-01-28 14:00:00,21.9,16.0,295.0,2.5,7.8,135.0,25.6,22,0.0,8.1
Ahmedabad,23.0225,72.5714,2026-01-28 15:00:00,20.8,15.8,277.0,2.1,7.3,135.0,25.8,23,0.0,8.5
Ahmedabad,23.0225,72.5714,2026-01-28 16:00:00,20.0,15.6,277.0,2.4,7.3,133.0,25.6,24,0.0,8.7
Ahmedabad,23.0225,72.5714,2026-01-28 17:00:00,28.8,23.5,331.0,5.7,7.6,128.0,25.0,23,0.0,8.5
Ahmedabad,23.0225,72.5714,2026-01-28 18:00:00,32.9,28.7,494.0,14.8,8.9,108.0,24.4,24,0.0,5.9
Ahmedabad,23.0225,72.5714,2026-01-28 19:00:00,40.3,36.3,711.0,27.3,10.7,79.0,23.8,26,0.0,5.7
Ahmedabad,23.0225,72.5714,2026-01-28 20:00:00,43.2,39.9,853.0,35.5,12.0,58.0,22.7,30,0.0,5.8
Ahmedabad,23.0225,72.5714,2026-01-28 21:00:00,44.1,41.4,863.0,35.9,12.3,50.0,21.4,36,0.0,7.0
Ahmedabad,23.0225,72.5714,2026-01-28 22:00:00,44.2,42.3,798.0,32.1,12.0,48.0,20.4,39,0.0,8.8
Ahmedabad,23.0225,72.5714,2026-01-28 23:00:00,44.0,42.4,705.0,27.4,11.5,50.0,19.0,42,0.0,10.7
Ahmedabad,23.0225,72.5714,2026-01-29 00:00:00,41.6,40.3,574.0,22.1,10.7,55.0,18.1,45,0.0,11.7
Ahmedabad,23.0225,72.5714,2026-01-29 01:00:00,38.1,37.0,415.0,15.8,9.7,63.0,17.7,48,0.0,12.3
Ahmedabad,23.0225,72.5714,2026-01-29 02:00:00,35.5,34.5,307.0,10.7,9.1,70.0,17.5,50,0.0,13.0
Ahmedabad,23.0225,72.5714,2026-01-29 03:00:00,35.9,34.6,292.0,7.5,9.3,76.0,17.0,54,0.0,13.6
Ahmedabad,23.0225,72.5714,2026-01-29 04:00:00,39.1,37.5,327.0,5.6,10.0,82.0,16.5,58,0.0,13.4
Ahmedabad,23.0225,72.5714,2026-01-29 05:00:00,46.3,44.1,370.0,4.8,11.3,89.0,15.9,59,0.0,13.4
Ahmedabad,23.0225,72.5714,2026-01-29 06:00:00,50.6,48.1,416.0,6.8,12.1,84.0,15.5,62,0.0,13.2
Ahmedabad,23.0225,72.5714,2026-01-29 07:00:00,54.4,51.6,469.0,9.4,13.3,78.0,15.1,64,0.0,12.9
Ahmedabad,23.0225,72.5714,2026-01-29 08:00:00,57.0,54.0,496.0,10.8,14.5,78.0,15.8,62,0.0,10.4
Ahmedabad,23.0225,72.5714,2026-01-29 09:00:00,58.6,55.1,477.0,9.6,16.0,88.0,17.7,56,0.0,12.0
Ahmedabad,23.0225,72.5714,2026-01-29 10:00:00,59.5,55.1,432.0,7.1,17.5,103.0,20.1,49,0.0,11.9
Ahmedabad,23.0225,72.5714,2026-01-29 11:00:00,57.0,52.2,392.0,5.1,18.4,117.0,22.4,44,0.0,12.6
Ahmedabad,23.0225,72.5714,2026-01-29 12:00:00,54.6,49.5,367.0,4.0,18.1,129.0,24.4,40,0.0,11.9
Ahmedabad,23.0225,72.5714,2026-01-29 13:00:00,52.5,47.3,347.0,3.3,17.1,140.0,25.8,36,0.0,11.3
Ahmedabad,23.0225,72.5714,2026-01-29 14:00:00,50.8,45.6,334.0,3.4,16.2,146.0,26.7,33,0.0,10.3
Ahmedabad,23.0225,72.5714,2026-01-29 15:00:00,49.1,44.1,327.0,4.1,15.8,146.0,27.0,32,0.0,10.2
Ahmedabad,23.0225,72.5714,2026-01-29 16:00:00,48.1,43.3,328.0,5.4,15.6,140.0,26.9,32,0.0,10.2
Ahmedabad,23.0225,72.5714,2026-01-29 17:00:00,57.0,52.4,343.0,8.2,14.9,130.0,25.6,35,0.0,12.2
Ahmedabad,23.0225,72.5714,2026-01-29 18:00:00,59.8,55.6,385.0,12.9,14.7,114.0,24.9,37,0.0,10.3
Ahmedabad,23.0225,72.5714,2026-01-29 19:00:00,62.4,58.3,441.0,19.3,14.4,91.0,23.9,40,0.0,10.1
Ahmedabad,23.0225,72.5714,2026-01-29 20:00:00,64.0,59.8,475.0,22.9,14.1,76.0,23.0,42,0.0,10.8
Ahmedabad,23.0225,72.5714,2026-01-29 21:00:00,65.4,61.0,466.0,21.1,13.8,74.0,22.1,44,0.0,10.9
Ahmedabad,23.0225,72.5714,2026-01-29 22:00:00,66.4,62.2,434.0,16.5,13.5,79.0,21.3,47,0.0,11.3
Ahmedabad,23.0225,72.5714,2026-01-29 23:00:00,66.8,62.6,404.0,12.4,13.2,83.0,20.7,50,0.0,12.3
Ahmedabad,23.0225,72.5714,2026-01-30 00:00:00,65.9,61.9,382.0,9.8,13.0,85.0,20.1,55,0.0,12.2
Ahmedabad,23.0225,72.5714,2026-01-30 01:00:00,63.8,60.3,363.0,7.7,12.8,87.0,19.6,58,0.0,12.6
Ahmedabad,23.0225,72.5714,2026-01-30 02:00:00,61.7,58.6,353.0,6.2,12.7,88.0,19.0,60,0.0,12.7
Ahmedabad,23.0225,72.5714,2026-01-30 03:00:00,59.8,56.9,356.0,5.2,12.5,87.0,18.4,62,0.0,12.3
Ahmedabad,23.0225,72.5714,2026-01-30 04:00:00,58.2,55.6,370.0,4.7,12.4,84.0,18.0,63,0.0,12.3
Ahmedabad,23.0225,72.5714,2026-01-30 05:00:00,56.5,54.4,391.0,5.5,11.3,77.0,17.4,65,0.0,12.3
Ahmedabad,23.0225,72.5714,2026-01-30 06:00:00,55.3,53.3,429.0,7.6,11.9,72.0,17.2,65,0.0,12.8
Ahmedabad,23.0225,72.5714,2026-01-30 07:00:00,55.2,53.3,474.0,10.5,12.8,66.0,17.0,66,0.0,12.8
Ahmedabad,23.0225,72.5714,2026-01-30 08:00:00,55.4,53.8,500.0,12.2,13.6,64.0,17.6,63,0.0,10.1
Ahmedabad,23.0225,72.5714,2026-01-30 09:00:00,55.3,53.6,488.0,11.7,14.2,69.0,19.5,57,0.0,10.6
Ahmedabad,23.0225,72.5714,2026-01-30 10:00:00,55.1,53.2,457.0,10.1,14.6,78.0,22.0,51,0.0,10.3
Ahmedabad,23.0225,72.5714,2026-01-30 11:00:00,54.7,52.9,431.0,8.5,15.3,90.0,24.2,47,0.0,8.2
Ahmedabad,23.0225,72.5714,2026-01-30 12:00:00,54.7,53.0,419.0,7.1,16.2,108.0,26.1,44,0.0,6.7
Ahmedabad,23.0225,72.5714,2026-01-30 13:00:00,55.4,53.7,412.0,5.7,17.3,129.0,27.5,42,0.0,6.1
Ahmedabad,23.0225,72.5714,2026-01-30 14:00:00,56.9,55.2,409.0,5.5,18.5,143.0,28.5,41,0.0,5.7
Ahmedabad,23.0225,72.5714,2026-01-30 15:00:00,59.0,57.2,396.0,6.0,19.7,148.0,28.9,41,0.0,6.6
Ahmedabad,23.0225,72.5714,2026-01-30 16:00:00,60.3,58.4,387.0,7.6,21.0,147.0,29.0,41,0.0,7.7
Ahmedabad,23.0225,72.5714,2026-01-30 17:00:00,82.9,79.9,420.0,12.4,22.0,137.0,28.5,43,0.0,8.7
Ahmedabad,23.0225,72.5714,2026-01-30 18:00:00,85.7,82.9,543.0,24.4,22.6,110.0,27.8,47,0.0,5.0
Ahmedabad,23.0225,72.5714,2026-01-30 19:00:00,92.0,89.2,707.0,40.9,23.3,73.0,27.3,49,0.0,3.3
Ahmedabad,23.0225,72.5714,2026-01-30 20:00:00,97.8,95.0,812.0,52.3,23.4,44.0,26.6,51,0.0,4.1
Ahmedabad,23.0225,72.5714,2026-01-30 21:00:00,100.1,97.3,803.0,54.2,22.4,32.0,25.5,54,0.0,5.8
Ahmedabad,23.0225,72.5714,2026-01-30 22:00:00,99.9,97.3,733.0,51.0,20.7,28.0,24.5,57,0.0,6.5
Ahmedabad,23.0225,72.5714,2026-01-30 23:00:00,98.5,96.2,661.0,46.4,18.7,27.0,23.2,61,0.0,9.3
Ahmedabad,23.0225,72.5714,2026-01-31 00:00:00,95.7,93.1,602.0,40.9,16.3,27.0,22.6,63,0.0,9.2
Ahmedabad,23.0225,72.5714,2026-01-31 01:00:00,91.7,89.4,541.0,33.9,13.5,30.0,22.2,67,0.2,8.6
Ahmedabad,23.0225,72.5714,2026-01-31 02:00:00,87.8,85.4,490.0,27.7,11.4,33.0,22.0,69,0.1,10.3
Ahmedabad,23.0225,72.5714,2026-01-31 03:00:00,84.1,82.0,444.0,22.5,10.2,35.0,22.0,68,0.0,10.3
Ahmedabad,23.0225,72.5714,2026-01-31 04:00:00,80.6,78.5,409.0,18.1,9.6,36.0,21.8,70,0.0,8.8
Ahmedabad,23.0225,72.5714,2026-01-31 05:00:00,75.7,73.6,409.0,11.4,9.6,49.0,20.8,68,0.0,9.2
Ahmedabad,23.0225,72.5714,2026-01-31 06:00:00,74.7,72.6,482.0,14.9,10.5,43.0,21.0,66,0.1,5.8
Ahmedabad,23.0225,72.5714,2026-01-31 07:00:00,75.9,74.0,591.0,19.5,12.0,36.0,20.8,67,0.0,1.5
Ahmedabad,23.0225,72.5714,2026-01-31 08:00:00,75.9,74.3,648.0,21.8,13.9,39.0,21.3,66,0.0,1.8
Ahmedabad,23.0225,72.5714,2026-01-31 09:00:00,72.6,71.2,600.0,19.5,16.3,59.0,22.8,62,0.0,5.3
Ahmedabad,23.0225,72.5714,2026-01-31 10:00:00,72.6,70.8,500.0,14.9,19.2,89.0,24.9,56,0.0,4.9
Ahmedabad,23.0225,72.5714,2026-01-31 11:00:00,76.1,74.0,421.0,11.1,22.8,119.0,26.9,53,0.0,5.9
Ahmedabad,23.0225,72.5714,2026-01-31 12:00:00,83.6,81.0,393.0,9.0,28.5,150.0,28.4,50,0.0,6.0
Ahmedabad,23.0225,72.5714,2026-01-31 13:00:00,91.0,87.8,386.0,7.8,35.0,182.0,29.5,47,0.0,6.2
Ahmedabad,23.0225,72.5714,2026-01-31 14:00:00,93.4,90.1,388.0,7.4,38.4,200.0,30.1,44,0.0,7.8
Ahmedabad,23.0225,72.5714,2026-01-31 15:00:00,90.6,87.1,393.0,6.4,35.9,199.0,30.2,44,0.0,7.6
Ahmedabad,23.0225,72.5714,2026-01-31 16:00:00,86.8,83.4,406.0,6.3,30.3,186.0,29.9,42,0.1,5.9
Ahmedabad,23.0225,72.5714,2026-01-31 17:00:00,96.2,92.9,439.0,16.0,36.8,183.0,29.1,43,0.0,7.1
Ahmedabad,23.0225,72.5714,2026-01-31 18:00:00,104.5,101.5,496.0,28.5,36.3,150.0,28.3,48,0.1,5.4
Ahmedabad,23.0225,72.5714,2026-01-31 19:00:00,113.6,110.4,571.0,45.4,35.5,105.0,27.9,51,0.0,3.5
Ahmedabad,23.0225,72.5714,2026-01-31 20:00:00,115.9,113.2,659.0,56.0,34.4,71.0,27.7,52,0.0,2.2
Ahmedabad,23.0225,72.5714,2026-01-31 21:00:00,112.5,110.1,789.0,54.8,33.3,59.0,27.2,53,0.0,4.2
Ahmedabad,23.0225,72.5714,2026-01-31 22:00:00,108.3,106.2,932.0,47.3,32.1,57.0,26.6,55,0.0,4.3
Ahmedabad,23.0225,72.5714,2026-01-31 23:00:00,98.5,96.9,991.0,39.5,29.8,57.0,25.8,59,0.0,4.0
Ahmedabad,23.0225,72.5714,2026-02-01 00:00:00,85.7,84.5,894.0,32.8,25.8,56.0,25.2,61,0.0,5.7
Ahmedabad,23.0225,72.5714,2026-02-01 01:00:00,74.5,73.6,713.0,25.7,20.8,56.0,24.4,64,0.0,5.1
Ahmedabad,23.0225,72.5714,2026-02-01 02:00:00,66.6,65.9,572.0,19.9,16.6,57.0,23.4,68,0.0,3.9
Ahmedabad,23.0225,72.5714,2026-02-01 03:00:00,61.5,61.0,514.0,15.5,13.8,58.0,22.8,71,0.0,4.8
Ahmedabad,23.0225,72.5714,2026-02-01 04:00:00,58.8,58.1,495.0,12.3,11.8,59.0,22.2,74,0.0,5.9
Ahmedabad,23.0225,72.5714,2026-02-01 05:00:00,104.5,102.4,508.0,24.6,17.0,34.0,22.2,77,0.0,5.3
Ahmedabad,23.0225,72.5714,2026-02-01 06:00:00,101.0,99.2,578.0,25.6,16.5,30.0,22.2,77,0.0,5.2
Ahmedabad,23.0225,72.5714,2026-02-01 07:00:00,101.3,99.4,679.0,26.7,16.0,25.0,22.2,77,0.0,4.2
Ahmedabad,23.0225,72.5714,2026-02-01 08:00:00,100.1,98.5,728.0,26.1,15.9,31.0,22.4,76,0.0,3.9
Ahmedabad,23.0225,72.5714,2026-02-01 09:00:00,94.8,93.1,672.0,22.3,16.3,55.0,24.0,69,0.0,3.7
Ahmedabad,23.0225,72.5714,2026-02-01 10:00:00,92.0,90.1,564.0,16.7,17.2,91.0,26.7,57,0.0,3.4
Ahmedabad,23.0225,72.5714,2026-02-01 11:00:00,95.9,93.6,477.0,11.9,19.6,126.0,27.4,55,0.0,3.0
Ahmedabad,23.0225,72.5714,2026-02-01 12:00:00,103.1,100.1,439.0,8.5,25.6,163.0,29.1,48,0.0,2.2
Ahmedabad,23.0225,72.5714,2026-02-01 13:00:00,107.1,103.8,421.0,6.0,33.1,200.0,29.8,45,0.0,3.5
Ahmedabad,23.0225,72.5714,2026-02-01 14:00:00,104.1,100.8,413.0,4.8,37.2,221.0,30.3,43,0.0,3.6
Ahmedabad,23.0225,72.5714,2026-02-01 15:00:00,99.9,96.4,411.0,5.3,35.0,218.0,29.3,46,0.5,3.5
Ahmedabad,23.0225,72.5714,2026-02-01 16:00:00,94.5,91.5,419.0,7.2,29.4,199.0,29.1,48,0.1,3.2
Ahmedabad,23.0225,72.5714,2026-02-01 17:00:00,73.1,71.5,438.0,8.1,13.1,141.0,28.9,46,0.0,8.4
Ahmedabad,23.0225,72.5714,2026-02-01 18:00:00,68.5,67.1,473.0,13.7,12.7,120.0,28.2,49,0.0,6.9
Ahmedabad,23.0225,72.5714,2026-02-01 19:00:00,64.7,63.3,520.0,21.3,12.1,91.0,27.7,51,0.0,6.4
Ahmedabad,23.0225,72.5714,2026-02-01 20:00:00,59.5,58.3,565.0,26.6,11.5,68.0,27.0,54,0.0,6.3
Ahmedabad,23.0225,72.5714,2026-02-01 21:00:00,54.9,53.9,617.0,27.7,11.1,58.0,26.5,54,0.0,6.4
Ahmedabad,23.0225,72.5714,2026-02-01 22:00:00,52.4,51.5,668.0,26.4,10.8,54.0,25.9,54,0.0,6.5
Ahmedabad,23.0225,72.5714,2026-02-01 23:00:00,50.8,49.8,682.0,24.7,10.3,51.0,25.1,54,0.0,6.5
Ahmedabad,23.0225,72.5714,2026-02-02 00:00:00,48.8,47.8,631.0,22.8,9.5,49.0,24.3,55,0.0,8.9
Ahmedabad,23.0225,72.5714,2026-02-02 01:00:00,46.7,45.8,543.0,20.4,8.6,48.0,23.2,55,0.0,8.7
Ahmedabad,23.0225,72.5714,2026-02-02 02:00:00,44.7,43.9,471.0,18.0,8.0,48.0,22.7,53,0.0,8.3
Ahmedabad,23.0225,72.5714,2026-02-02 03:00:00,43.1,42.3,425.0,15.5,7.8,49.0,22.3,52,0.0,7.1
Ahmedabad,23.0225,72.5714,2026-02-02 04:00:00,42.0,41.2,394.0,13.1,7.9,50.0,21.8,54,0.0,7.8
Ahmedabad,23.0225,72.5714,2026-02-02 05:00:00,41.0,40.4,402.0,10.3,8.2,58.0,20.8,69,0.0,8.7
Ahmedabad,23.0225,72.5714,2026-02-02 06:00:00,41.3,40.6,488.0,12.8,9.2,54.0,20.9,73,0.0,8.5
Ahmedabad,23.0225,72.5714,2026-02-02 07:00:00,44.2,43.5,612.0,16.1,10.7,50.0,20.9,73,0.0,9.1
Ahmedabad,23.0225,72.5714,2026-02-02 08:00:00,48.9,48.2,676.0,17.6,12.2,52.0,21.8,69,0.0,7.2
Ahmedabad,23.0225,72.5714,2026-02-02 09:00:00,53.1,52.4,621.0,15.7,13.7,65.0,23.7,60,0.0,7.1
Ahmedabad,23.0225,72.5714,2026-02-02 10:00:00,60.1,58.9,506.0,12.1,15.3,85.0,26.2,52,0.0,6.7
Ahmedabad,23.0225,72.5714,2026-02-02 11:00:00,69.2,67.5,410.0,8.9,16.4,104.0,28.1,47,0.0,8.5
Ahmedabad,23.0225,72.5714,2026-02-02 12:00:00,81.3,78.9,363.0,6.7,16.9,124.0,29.7,37,0.0,7.8
Ahmedabad,23.0225,72.5714,2026-02-02 13:00:00,88.2,85.2,335.0,5.1,16.9,145.0,30.5,33,0.0,6.7
Ahmedabad,23.0225,72.5714,2026-02-02 14:00:00,85.0,81.5,321.0,4.5,16.3,156.0,30.6,32,0.0,6.9
Ahmedabad,23.0225,72.5714,2026-02-02 15:00:00,77.8,74.3,316.0,5.2,14.7,153.0,30.2,33,0.0,7.1
Ahmedabad,23.0225,72.5714,2026-02-02 16:00:00,71.9,68.7,325.0,7.0,12.5,142.0,29.0,36,0.6,7.9
Ahmedabad,23.0225,72.5714,2026-02-02 17:00:00,83.6,79.6,357.0,11.6,12.2,118.0,29.0,34,0.2,10.3
Ahmedabad,23.0225,72.5714,2026-02-02 18:00:00,85.7,82.0,427.0,16.4,12.7,103.0,28.0,38,0.0,6.7
Ahmedabad,23.0225,72.5714,2026-02-02 19:00:00,82.2,78.9,520.0,22.8,13.4,83.0,27.2,41,0.0,7.6
Ahmedabad,23.0225,72.5714,2026-02-02 20:00:00,69.8,67.1,596.0,26.7,13.6,67.0,26.6,42,0.0,7.3
Ahmedabad,23.0225,72.5714,2026-02-02 21:00:00,56.1,53.6,636.0,25.8,12.9,60.0,25.9,44,0.0,6.8
Ahmedabad,23.0225,72.5714,2026-02-02 22:00:00,47.4,45.1,660.0,22.3,11.6,57.0,25.4,45,0.0,5.4
Ahmedabad,23.0225,72.5714,2026-02-02 23:00:00,46.0,43.7,685.0,18.9,10.6,56.0,24.4,50,0.0,4.9
Ahmedabad,23.0225,72.5714,2026-02-03 00:00:00,48.8,46.7,734.0,16.5,10.0,55.0,22.8,57,0.0,10.3
Ahmedabad,23.0225,72.5714,2026-02-03 01:00:00,53.4,51.6,784.0,14.3,9.6,55.0,21.6,64,0.0,9.6
Ahmedabad,23.0225,72.5714,2026-02-03 02:00:00,59.1,57.4,784.0,12.2,9.6,56.0,20.9,67,0.0,8.8
Ahmedabad,23.0225,72.5714,2026-02-03 03:00:00,65.4,64.0,683.0,10.0,10.1,59.0,20.3,69,0.0,8.6
Ahmedabad,23.0225,72.5714,2026-02-03 04:00:00,70.8,69.4,532.0,8.0,11.0,63.0,19.8,72,0.0,9.7
Ahmedabad,23.0225,72.5714,2026-02-03 05:00:00,77.1,75.7,430.0,8.0,11.7,62.0,20.0,80,0.0,10.3
Ahmedabad,23.0225,72.5714,2026-02-03 06:00:00,79.6,78.7,433.0,10.2,13.2,60.0,19.9,79,0.0,10.6
Ahmedabad,23.0225,72.5714,2026-02-03 07:00:00,82.0,81.0,485.0,13.0,15.3,58.0,19.7,78,0.0,10.4
Ahmedabad,23.0225,72.5714,2026-02-03 08:00:00,82.4,81.7,515.0,14.3,17.2,61.0,20.6,73,0.0,7.9
Ahmedabad,23.0225,72.5714,2026-02-03 09:00:00,80.6,79.6,493.0,12.5,18.9,75.0,22.4,66,0.0,8.5
Ahmedabad,23.0225,72.5714,2026-02-03 10:00:00,78.7,77.5,449.0,9.0,20.4,94.0,24.4,58,0.0,9.0
Ahmedabad,23.0225,72.5714,2026-02-03 11:00:00,78.7,77.3,409.0,6.2,21.0,112.0,26.5,52,0.0,10.8
Ahmedabad,23.0225,72.5714,2026-02-03 12:00:00,78.9,77.1,377.0,4.6,20.3,127.0,28.3,44,0.0,10.2
Ahmedabad,23.0225,72.5714,2026-02-03 13:00:00,78.0,75.7,348.0,3.5,18.7,141.0,29.4,38,0.0,8.6
Ahmedabad,23.0225,72.5714,2026-02-03 14:00:00,75.4,73.1,330.0,3.5,17.1,148.0,29.8,36,0.0,7.1
Ahmedabad,23.0225,72.5714,2026-02-03 15:00:00,72.4,69.6,321.0,4.3,15.6,145.0,29.9,35,0.0,6.4
Ahmedabad,23.0225,72.5714,2026-02-03 16:00:00,69.6,66.8,322.0,6.1,14.1,136.0,29.7,35,0.0,7.0
Ahmedabad,23.0225,72.5714,2026-02-03 17:00:00,61.7,59.3,345.0,8.3,11.4,119.0,29.2,33,0.0,10.2
Ahmedabad,23.0225,72.5714,2026-02-03 18:00:00,62.4,60.3,413.0,14.3,11.7,102.0,28.3,36,0.0,7.5
Ahmedabad,23.0225,72.5714,2026-02-03 19:00:00,59.4,57.7,503.0,22.4,12.0,79.0,27.4,41,0.0,7.6
Ahmedabad,23.0225,72.5714,2026-02-03 20:00:00,53.4,52.0,556.0,27.7,12.1,61.0,26.2,45,0.0,9.1
Ahmedabad,23.0225,72.5714,2026-02-03 21:00:00,47.8,46.7,539.0,27.9,11.6,53.0,25.4,47,0.0,10.2
Ahmedabad,23.0225,72.5714,2026-02-03 22:00:00,44.5,43.4,486.0,25.2,10.8,50.0,24.8,47,0.0,10.9
Ahmedabad,23.0225,72.5714,2026-02-03 23:00:00,45.9,44.8,437.0,21.6,10.6,52.0,24.0,52,0.0,13.9
Ahmedabad,23.0225,72.5714,2026-02-04 00:00:00,53.1,51.9,403.0,16.7,11.3,62.0,23.1,57,0.0,13.3
Ahmedabad,23.0225,72.5714,2026-02-04 01:00:00,60.3,59.1,374.0,10.8,12.7,76.0,22.4,61,0.0,13.2
Ahmedabad,23.0225,72.5714,2026-02-04 02:00:00,62.6,61.5,357.0,6.5,14.6,86.0,21.7,63,0.0,12.7
Ahmedabad,23.0225,72.5714,2026-02-04 03:00:00,61.9,61.2,355.0,4.9,17.6,87.0,21.0,66,0.0,12.6
Ahmedabad,23.0225,72.5714,2026-02-04 04:00:00,61.2,60.5,365.0,4.8,21.1,83.0,20.4,69,0.0,13.0
Ahmedabad,23.0225,72.5714,2026-02-04 05:00:00,64.0,63.1,387.0,5.4,21.6,77.0,20.3,70,0.0,13.4
Ahmedabad,23.0225,72.5714,2026-02-04 06:00:00,62.9,62.2,433.0,7.4,22.5,71.0,20.1,70,0.0,13.5
Ahmedabad,23.0225,72.5714,2026-02-04 07:00:00,62.6,61.9,490.0,10.1,23.6,63.0,19.8,70,0.0,13.5
Ahmedabad,23.0225,72.5714,2026-02-04 08:00:00,62.6,61.9,521.0,11.5,23.7,62.0,20.5,66,0.0,10.7
Ahmedabad,23.0225,72.5714,2026-02-04 09:00:00,62.4,61.5,501.0,10.2,22.0,72.0,22.1,58,0.0,12.2
Ahmedabad,23.0225,72.5714,2026-02-04 10:00:00,62.9,61.9,454.0,7.6,19.4,87.0,24.1,53,0.0,12.2
Ahmedabad,23.0225,72.5714,2026-02-04 11:00:00,64.5,63.3,412.0,5.4,17.2,103.0,26.1,49,0.0,12.2
Ahmedabad,23.0225,72.5714,2026-02-04 12:00:00,65.7,64.5,386.0,4.2,16.2,119.0,27.9,45,0.0,11.0
Ahmedabad,23.0225,72.5714,2026-02-04 13:00:00,65.4,64.0,365.0,3.5,15.6,134.0,29.2,40,0.0,10.3
Ahmedabad,23.0225,72.5714,2026-02-04 14:00:00,64.5,63.3,351.0,3.5,15.1,143.0,30.1,36,0.0,9.1
Ahmedabad,23.0225,72.5714,2026-02-04 15:00:00,64.0,62.4,342.0,4.2,14.4,142.0,30.2,34,0.0,8.8
Ahmedabad,23.0225,72.5714,2026-02-04 16:00:00,63.8,62.2,339.0,5.6,13.7,135.0,30.0,34,0.0,8.8
Ahmedabad,23.0225,72.5714,2026-02-04 17:00:00,66.1,64.5,346.0,7.5,12.5,118.0,29.2,36,0.0,12.6
Ahmedabad,23.0225,72.5714,2026-02-04 18:00:00,66.4,65.2,369.0,12.1,12.4,103.0,28.4,39,0.0,11.7
Ahmedabad,23.0225,72.5714,2026-02-04 19:00:00,66.8,65.7,401.0,18.2,12.3,83.0,27.2,43,0.0,12.4
Ahmedabad,23.0225,72.5714,2026-02-04 20:00:00,65.9,64.7,424.0,21.4,12.4,71.0,26.3,45,0.0,12.4
Ahmedabad,23.0225,72.5714,2026-02-04 21:00:00,64.0,63.1,431.0,19.0,12.7,74.0,25.4,48,0.0,13.5
Ahmedabad,23.0225,72.5714,2026-02-04 22:00:00,62.4,61.7,429.0,13.7,13.2,85.0,24.6,51,0.0,13.8
Ahmedabad,23.0225,72.5714,2026-02-04 23:00:00,60.1,59.4,424.0,9.3,13.9,94.0,23.7,55,0.0,14.8
Ahmedabad,23.0225,72.5714,2026-02-05 00:00:00,56.2,55.6,414.0,7.2,15.0,99.0,23.0,59,0.0,13.8
Ahmedabad,23.0225,72.5714,2026-02-05 01:00:00,52.3,51.8,401.0,6.0,16.4,102.0,22.3,63,0.0,13.7
Ahmedabad,23.0225,72.5714,2026-02-05 02:00:00,49.1,48.5,397.0,5.2,17.6,103.0,21.7,66,0.0,14.1
Ahmedabad,23.0225,72.5714,2026-02-05 03:00:00,46.6,46.1,411.0,4.6,18.5,100.0,21.2,68,0.0,14.1
Ahmedabad,23.0225,72.5714,2026-02-05 04:00:00,44.2,43.7,434.0,4.5,19.3,94.0,20.6,70,0.0,14.1
Ahmedabad,23.0225,72.5714,2026-02-05 05:00:00,43.3,42.8,456.0,5.0,19.6,89.0,20.1,65,0.0,13.5
Ahmedabad,23.0225,72.5714,2026-02-05 06:00:00,40.6,40.0,476.0,7.0,21.2,83.0,19.8,67,0.0,13.2
Ahmedabad,23.0225,72.5714,2026-02-05 07:00:00,38.9,38.3,494.0,9.7,23.3,74.0,19.5,69,0.0,12.7
Ahmedabad,23.0225,72.5714,2026-02-05 08:00:00,37.8,37.3,497.0,11.2,24.6,71.0,20.1,67,0.0,10.7
Ahmedabad,23.0225,72.5714,2026-02-05 09:00:00,36.9,36.3,472.0,10.3,24.5,77.0,21.8,61,0.0,12.0
Ahmedabad,23.0225,72.5714,2026-02-05 10:00:00,38.0,37.3,433.0,8.3,23.6,89.0,24.0,54,0.0,11.5
Ahmedabad,23.0225,72.5714,2026-02-05 11:00:00,42.7,41.8,399.0,6.5,22.6,102.0,26.4,48,0.0,10.6
Ahmedabad,23.0225,72.5714,2026-02-05 12:00:00,50.5,49.5,379.0,5.2,21.5,119.0,28.4,43,0.0,8.9
Ahmedabad,23.0225,72.5714,2026-02-05 13:00:00,57.3,56.0,366.0,4.2,20.3,139.0,29.9,38,0.0,6.8
Ahmedabad,23.0225,72.5714,2026-02-05 14:00:00,61.9,60.3,359.0,4.3,19.4,151.0,31.0,32,0.0,4.4
Ahmedabad,23.0225,72.5714,2026-02-05 15:00:00,64.5,62.6,353.0,5.4,19.1,153.0,31.4,29,0.0,3.4
Ahmedabad,23.0225,72.5714,2026-02-05 16:00:00,65.4,63.8,353.0,7.5,19.2,149.0,31.4,28,0.0,4.0
Ahmedabad,23.0225,72.5714,2026-02-05 17:00:00,62.6,61.2,374.0,11.1,19.9,130.0,30.3,32,0.0,7.4
Ahmedabad,23.0225,72.5714,2026-02-05 18:00:00,67.1,65.7,433.0,22.2,20.2,106.0,29.3,36,0.0,6.5
Ahmedabad,23.0225,72.5714,2026-02-05 19:00:00,72.6,71.2,513.0,37.4,20.5,72.0,28.5,40,0.0,5.1
Ahmedabad,23.0225,72.5714,2026-02-05 20:00:00,75.9,74.7,571.0,47.9,20.4,46.0,27.6,43,0.0,4.4
Ahmedabad,23.0225,72.5714,2026-02-05 21:00:00,78.2,77.1,592.0,49.8,19.8,35.0,26.8,45,0.0,4.3
Ahmedabad,23.0225,72.5714,2026-02-05 22:00:00,79.4,78.2,593.0,47.1,18.9,33.0,26.5,46,0.0,4.6
Ahmedabad,23.0225,72.5714,2026-02-05 23:00:00,78.0,77.1,580.0,42.9,17.5,32.0,25.1,50,0.0,6.6
Ahmedabad,23.0225,72.5714,2026-02-06 00:00:00,73.6,72.6,549.0,37.7,15.4,33.0,24.1,53,0.0,7.2
Ahmedabad,23.0225,72.5714,2026-02-06 01:00:00,68.5,67.5,504.0,31.0,13.0,36.0,23.2,56,0.0,7.8
Ahmedabad,23.0225,72.5714,2026-02-06 02:00:00,63.8,62.9,466.0,24.9,11.1,39.0,22.4,59,0.0,7.2
Ahmedabad,23.0225,72.5714,2026-02-06 03:00:00,59.4,58.6,437.0,19.5,10.1,43.0,21.3,63,0.0,9.2
Ahmedabad,23.0225,72.5714,2026-02-06 04:00:00,55.3,54.5,415.0,14.5,9.8,48.0,20.4,66,0.0,9.2
Ahmedabad,23.0225,72.5714,2026-02-06 05:00:00,59.8,59.0,416.0,14.5,9.5,43.0,20.3,67,0.0,9.5
Ahmedabad,23.0225,72.5714,2026-02-06 06:00:00,55.4,54.7,464.0,15.3,10.0,40.0,20.0,68,0.0,9.7
Ahmedabad,23.0225,72.5714,2026-02-06 07:00:00,53.9,53.2,534.0,16.3,10.7,38.0,19.7,69,0.0,9.7
Ahmedabad,23.0225,72.5714,2026-02-06 08:00:00,53.4,53.0,574.0,16.2,11.6,43.0,20.5,66,0.0,8.0
Ahmedabad,23.0225,72.5714,2026-02-06 09:00:00,52.6,52.0,553.0,13.9,12.5,62.0,22.7,59,0.0,7.2
Ahmedabad,23.0225,72.5714,2026-02-06 10:00:00,53.1,52.4,500.0,10.5,13.7,89.0,25.6,49,0.0,8.2
Ahmedabad,23.0225,72.5714,2026-02-06 11:00:00,54.9,54.0,451.0,7.7,15.3,115.0,28.2,41,0.0,5.8
Ahmedabad,23.0225,72.5714,2026-02-06 12:00:00,57.7,56.5,413.0,5.9,18.2,140.0,30.0,36,0.0,4.6
Ahmedabad,23.0225,72.5714,2026-02-06 13:00:00,60.8,59.3,379.0,4.8,21.6,163.0,31.2,31,0.0,3.1
Ahmedabad,23.0225,72.5714,2026-02-06 14:00:00,64.0,62.4,357.0,4.9,23.6,177.0,32.0,28,0.0,2.1
Ahmedabad,23.0225,72.5714,2026-02-06 15:00:00,65.2,63.1,349.0,5.2,22.5,178.0,32.3,27,0.0,2.2
Ahmedabad,23.0225,72.5714,2026-02-06 16:00:00,64.7,62.6,354.0,6.7,19.9,169.0,32.2,27,0.0,1.7
Ahmedabad,23.0225,72.5714,2026-02-06 17:00:00,61.9,60.1,376.0,11.8,15.7,145.0,31.2,30,0.0,3.8
Ahmedabad,23.0225,72.5714,2026-02-06 18:00:00,72.4,70.3,423.0,29.3,19.5,118.0,29.8,33,0.0,0.7
Ahmedabad,23.0225,72.5714,2026-02-06 19:00:00,83.4,81.5,488.0,53.1,24.7,81.0,29.0,35,0.0,3.3
Ahmedabad,23.0225,72.5714,2026-02-06 20:00:00,88.9,87.1,553.0,68.0,27.9,53.0,28.9,35,0.0,1.3
Ahmedabad,23.0225,72.5714,2026-02-06 21:00:00,90.8,89.2,623.0,66.2,27.5,44.0,28.6,36,0.0,1.0
Ahmedabad,23.0225,72.5714,2026-02-06 22:00:00,87.1,85.7,692.0,55.6,25.1,46.0,27.7,38,0.0,4.6
Ahmedabad,23.0225,72.5714,2026-02-06 23:00:00,77.5,76.4,727.0,44.4,21.9,49.0,25.5,48,0.0,2.2
Ahmedabad,23.0225,72.5714,2026-02-07 00:00:00,67.3,66.1,703.0,34.5,17.8,53.0,25.4,43,0.0,3.6
Ahmedabad,23.0225,72.5714,2026-02-07 01:00:00,57.6,56.7,645.0,24.0,13.0,58.0,24.3,46,0.0,4.9
Ahmedabad,23.0225,72.5714,2026-02-07 02:00:00,48.8,48.0,593.0,15.8,9.3,63.0,24.0,46,0.0,6.6
Ahmedabad,23.0225,72.5714,2026-02-07 03:00:00,41.8,41.1,554.0,10.9,7.5,66.0,23.2,47,0.0,9.9
Ahmedabad,23.0225,72.5714,2026-02-07 04:00:00,36.7,36.1,520.0,8.2,6.8,68.0,22.7,49,0.0,8.4
Ahmedabad,23.0225,72.5714,2026-02-07 05:00:00,39.7,39.1,508.0,9.4,7.4,59.0,22.0,53,0.0,8.6
Ahmedabad,23.0225,72.5714,2026-02-07 06:00:00,38.3,37.8,542.0,12.9,8.3,52.0,21.6,54,0.0,9.4
Ahmedabad,23.0225,72.5714,2026-02-07 07:00:00,39.9,39.6,597.0,17.6,9.5,42.0,21.0,56,0.0,7.7
Ahmedabad,23.0225,72.5714,2026-02-07 08:00:00,42.1,41.9,619.0,19.8,10.6,44.0,21.2,56,0.0,4.9
Ahmedabad,23.0225,72.5714,2026-02-07 09:00:00,41.9,41.7,574.0,17.4,11.7,67.0,23.4,48,0.0,4.5
Ahmedabad,23.0225,72.5714,2026-02-07 10:00:00,40.9,40.6,497.0,12.6,12.7,100.0,26.5,41,0.0,5.7
Ahmedabad,23.0225,72.5714,2026-02-07 11:00:00,38.1,37.7,431.0,8.4,13.0,126.0,29.5,32,0.0,7.4
Ahmedabad,23.0225,72.5714,2026-02-07 12:00:00,34.3,33.6,395.0,5.5,12.0,138.0,30.8,28,0.0,5.0
Ahmedabad,23.0225,72.5714,2026-02-07 13:00:00,36.2,35.0,371.0,3.1,10.3,144.0,31.5,26,0.0,4.4
Ahmedabad,23.0225,72.5714,2026-02-07 14:00:00,36.6,35.3,352.0,2.0,8.9,144.0,32.0,25,0.0,6.8
Ahmedabad,23.0225,72.5714,2026-02-07 15:00:00,34.7,33.4,319.0,2.4,8.0,140.0,31.9,24,0.0,10.2
Ahmedabad,23.0225,72.5714,2026-02-07 16:00:00,32.7,31.2,292.0,4.2,7.4,131.0,31.4,23,0.0,11.6
Ahmedabad,23.0225,72.5714,2026-02-07 17:00:00,36.8,34.7,318.0,8.3,8.9,123.0,31.0,23,0.0,11.0
Ahmedabad,23.0225,72.5714,2026-02-07 18:00:00,39.9,37.7,458.0,15.5,9.8,104.0,30.0,25,0.0,7.6
Ahmedabad,23.0225,72.5714,2026-02-07 19:00:00,43.5,41.0,651.0,25.4,11.0,78.0,29.1,28,0.0,4.0
Ahmedabad,23.0225,72.5714,2026-02-07 20:00:00,44.1,40.6,766.0,32.2,11.8,58.0,27.7,32,0.0,5.9
Ahmedabad,23.0225,72.5714,2026-02-07 21:00:00,44.4,39.5,730.0,33.0,12.1,51.0,26.6,34,0.0,5.9
Ahmedabad,23.0225,72.5714,2026-02-07 22:00:00,44.9,38.5,617.0,30.7,12.0,49.0,26.1,33,0.0,6.0
Ahmedabad,23.0225,72.5714,2026-02-07 23:00:00,44.7,36.6,514.0,27.9,11.5,49.0,24.7,37,0.0,4.2
Ahmedabad,23.0225,72.5714,2026-02-08 00:00:00,42.6,32.9,448.0,25.1,10.5,49.0,23.9,39,0.0,5.3
Ahmedabad,23.0225,72.5714,2026-02-08 01:00:00,40.2,29.4,394.0,21.7,9.1,49.0,23.2,39,0.0,8.3
Ahmedabad,23.0225,72.5714,2026-02-08 02:00:00,38.6,27.0,359.0,18.9,8.0,49.0,22.4,38,0.0,8.2
Ahmedabad,23.0225,72.5714,2026-02-08 03:00:00,37.4,25.5,349.0,16.8,7.5,47.0,21.3,40,0.0,7.7
Ahmedabad,23.0225,72.5714,2026-02-08 04:00:00,36.4,24.7,359.0,15.3,7.3,44.0,20.1,44,0.0,8.3
Ahmedabad,23.0225,72.5714,2026-02-08 05:00:00,27.2,18.5,387.0,10.6,7.8,55.0,19.5,44,0.0,8.4
Ahmedabad,23.0225,72.5714,2026-02-08 06:00:00,25.8,18.2,449.0,12.7,8.5,50.0,19.2,42,0.0,8.6
Ahmedabad,23.0225,72.5714,2026-02-08 07:00:00,25.6,19.2,528.0,15.6,9.5,44.0,18.4,46,0.0,8.8
Ahmedabad,23.0225,72.5714,2026-02-08 08:00:00,25.1,20.9,570.0,16.8,10.7,47.0,19.0,49,0.0,8.4
Ahmedabad,23.0225,72.5714,2026-02-08 09:00:00,24.3,21.8,544.0,15.0,12.5,67.0,21.5,47,0.0,5.8
Ahmedabad,23.0225,72.5714,2026-02-08 10:00:00,25.6,23.5,481.0,11.5,14.5,97.0,25.0,38,0.0,5.6
Ahmedabad,23.0225,72.5714,2026-02-08 11:00:00,30.0,27.5,421.0,8.4,15.7,122.0,28.8,27,0.0,4.0
Ahmedabad,23.0225,72.5714,2026-02-08 12:00:00,32.8,27.5,373.0,6.0,15.4,138.0,30.6,19,0.0,1.3
Ahmedabad,23.0225,72.5714,2026-02-08 13:00:00,33.2,25.4,328.0,3.9,14.2,148.0,31.3,18,0.0,1.2
Ahmedabad,23.0225,72.5714,2026-02-08 14:00:00,33.4,25.7,302.0,3.0,13.0,154.0,31.8,17,0.0,2.1
Ahmedabad,23.0225,72.5714,2026-02-08 15:00:00,33.1,25.8,298.0,2.8,11.8,154.0,31.9,17,0.0,3.2
Ahmedabad,23.0225,72.5714,2026-02-08 16:00:00,32.8,25.8,312.0,3.9,10.7,150.0,31.6,18,0.0,3.6
Ahmedabad,23.0225,72.5714,2026-02-08 17:00:00,41.7,31.2,350.0,7.8,9.4,136.0,30.9,19,0.0,4.5
Ahmedabad,23.0225,72.5714,2026-02-08 18:00:00,47.3,36.8,419.0,18.1,11.0,114.0,29.2,21,0.0,0.4
Ahmedabad,23.0225,72.5714,2026-02-08 19:00:00,53.1,43.1,513.0,32.1,13.2,84.0,28.0,24,0.0,4.4
Ahmedabad,23.0225,72.5714,2026-02-08 20:00:00,53.0,43.8,617.0,41.6,14.7,61.0,27.5,28,0.0,5.1
Ahmedabad,23.0225,72.5714,2026-02-08 21:00:00,50.5,42.1,761.0,42.2,14.8,53.0,27.6,28,0.0,4.0
Ahmedabad,23.0225,72.5714,2026-02-08 22:00:00,48.9,41.1,916.0,38.2,14.0,51.0,26.9,29,0.0,5.5
Ahmedabad,23.0225,72.5714,2026-02-08 23:00:00,49.8,41.9,978.0,34.5,13.1,50.0,25.2,34,0.0,5.8
Ahmedabad,23.0225,72.5714,2026-02-09 00:00:00,51.8,43.5,863.0,32.7,12.0,46.0,23.5,38,0.0,7.2
Ahmedabad,23.0225,72.5714,2026-02-09 01:00:00,51.7,43.4,655.0,31.2,10.6,42.0,22.2,41,0.0,6.7
Ahmedabad,23.0225,72.5714,2026-02-09 02:00:00,49.9,42.0,504.0,29.2,9.5,39.0,21.8,42,0.0,6.8
Ahmedabad,23.0225,72.5714,2026-02-09 03:00:00,48.2,40.5,472.0,26.0,8.8,38.0,21.5,42,0.0,6.6
Ahmedabad,23.0225,72.5714,2026-02-09 04:00:00,47.3,39.7,497.0,22.4,8.3,38.0,20.9,44,0.0,6.9
Ahmedabad,23.0225,72.5714,2026-02-09 05:00:00,47.1,39.5,546.0,21.3,8.1,36.0,19.8,50,0.0,5.2
Ahmedabad,23.0225,72.5714,2026-02-09 06:00:00,43.4,36.9,637.0,22.9,8.6,31.0,18.9,55,0.0,6.0
Ahmedabad,23.0225,72.5714,2026-02-09 07:00:00,44.9,38.5,753.0,25.0,9.5,25.0,18.2,59,0.0,4.8
Ahmedabad,23.0225,72.5714,2026-02-09 08:00:00,46.6,41.3,803.0,25.1,11.4,32.0,18.9,56,0.0,1.5
Ahmedabad,23.0225,72.5714,2026-02-09 09:00:00,43.3,38.9,732.0,21.8,15.1,62.0,21.6,45,0.0,1.3
Ahmedabad,23.0225,72.5714,2026-02-09 10:00:00,40.0,34.8,596.0,16.5,19.8,105.0,25.0,35,0.0,2.2
Ahmedabad,23.0225,72.5714,2026-02-09 11:00:00,39.2,31.9,477.0,11.9,23.2,141.0,28.2,29,0.0,4.0
Ahmedabad,23.0225,72.5714,2026-02-09 12:00:00,44.4,36.0,399.0,8.5,24.4,163.0,30.2,25,0.0,5.9
Ahmedabad,23.0225,72.5714,2026-02-09 13:00:00,49.4,40.9,338.0,5.7,24.3,177.0,31.1,23,0.0,6.5
Ahmedabad,23.0225,72.5714,2026-02-09 14:00:00,49.8,43.2,299.0,4.2,23.4,183.0,31.5,23,0.0,7.4
Ahmedabad,23.0225,72.5714,2026-02-09 15:00:00,48.1,43.0,277.0,2.6,20.8,182.0,31.5,23,0.0,8.2
Ahmedabad,23.0225,72.5714,2026-02-09 16:00:00,46.4,42.1,277.0,2.2,17.4,173.0,31.0,25,0.0,7.5
Ahmedabad,23.0225,72.5714,2026-02-09 17:00:00,49.1,44.8,319.0,7.4,14.7,157.0,30.5,25,0.0,8.2
Ahmedabad,23.0225,72.5714,2026-02-09 18:00:00,54.2,50.1,431.0,20.6,16.2,128.0,29.5,28,0.0,4.9
Ahmedabad,23.0225,72.5714,2026-02-09 19:00:00,62.9,58.3,585.0,39.0,18.4,89.0,28.5,31,0.0,3.8
Ahmedabad,23.0225,72.5714,2026-02-09 20:00:00,68.7,64.3,716.0,53.0,20.3,57.0,27.5,35,0.0,6.4
Ahmedabad,23.0225,72.5714,2026-02-09 21:00:00,73.8,69.4,816.0,59.0,22.2,41.0,27.3,35,0.0,5.0
Ahmedabad,23.0225,72.5714,2026-02-09 22:00:00,79.4,75.0,893.0,60.7,23.9,32.0,26.2,36,0.0,6.8
Ahmedabad,23.0225,72.5714,2026-02-09 23:00:00,84.5,80.1,908.0,60.2,24.1,27.0,24.9,35,0.0,7.3
Ahmedabad,23.0225,72.5714,2026-02-10 00:00:00,85.9,81.3,817.0,57.9,21.9,23.0,23.5,36,0.0,7.7
Ahmedabad,23.0225,72.5714,2026-02-10 01:00:00,81.3,76.8,664.0,53.2,18.4,23.0,22.5,37,0.0,8.3
Ahmedabad,23.0225,72.5714,2026-02-10 02:00:00,71.7,67.8,535.0,47.0,15.0,24.0,21.5,39,0.0,8.4
Ahmedabad,23.0225,72.5714,2026-02-10 03:00:00,59.8,56.3,454.0,37.7,12.2,29.0,20.5,41,0.0,8.6
Ahmedabad,23.0225,72.5714,2026-02-10 04:00:00,50.1,46.9,399.0,26.9,9.6,35.0,19.7,44,0.0,8.6
Ahmedabad,23.0225,72.5714,2026-02-10 05:00:00,27.2,25.1,383.0,12.8,6.4,43.0,19.2,50,0.0,8.9
Ahmedabad,23.0225,72.5714,2026-02-10 06:00:00,25.6,23.1,445.0,14.7,6.9,37.0,19.0,52,0.0,9.7
Ahmedabad,23.0225,72.5714,2026-02-10 07:00:00,27.6,24.2,546.0,17.1,7.7,30.0,18.7,53,0.0,10.2
Ahmedabad,23.0225,72.5714,2026-02-10 08:00:00,30.3,26.7,595.0,17.6,8.2,31.0,19.4,54,0.0,8.3
Ahmedabad,23.0225,72.5714,2026-02-10 09:00:00,29.7,23.5,534.0,14.5,8.4,47.0,21.5,53,0.0,6.6
Ahmedabad,23.0225,72.5714,2026-02-10 10:00:00,33.4,22.3,419.0,9.6,8.5,72.0,24.2,49,0.0,5.3
Ahmedabad,23.0225,72.5714,2026-02-10 11:00:00,36.2,22.4,326.0,5.6,8.2,93.0,26.7,42,0.0,7.5
Ahmedabad,23.0225,72.5714,2026-02-10 12:00:00,35.2,21.4,284.0,3.5,7.4,106.0,28.2,36,0.0,7.0
Ahmedabad,23.0225,72.5714,2026-02-10 13:00:00,32.5,20.5,264.0,2.4,6.2,116.0,29.1,33,0.0,6.8
Ahmedabad,23.0225,72.5714,2026-02-10 14:00:00,31.8,20.6,251.0,1.9,5.4,122.0,29.6,32,0.0,7.6
Ahmedabad,23.0225,72.5714,2026-02-10 15:00:00,32.0,21.1,237.0,1.0,5.0,124.0,29.8,32,0.0,8.3
Ahmedabad,23.0225,72.5714,2026-02-10 16:00:00,32.2,21.1,231.0,0.7,4.8,123.0,29.5,32,0.0,8.5
Ahmedabad,23.0225,72.5714,2026-02-10 17:00:00,25.1,15.5,247.0,3.7,5.0,105.0,29.0,32,0.0,8.9
Ahmedabad,23.0225,72.5714,2026-02-10 18:00:00,27.8,18.7,307.0,13.3,6.5,86.0,28.4,33,0.0,8.0
Ahmedabad,23.0225,72.5714,2026-02-10 19:00:00,35.2,25.5,390.0,26.5,8.6,60.0,27.7,35,0.0,6.6
Ahmedabad,23.0225,72.5714,2026-02-10 20:00:00,38.3,28.6,446.0,35.3,10.1,41.0,26.6,39,0.0,5.6
Ahmedabad,23.0225,72.5714,2026-02-10 21:00:00,39.1,29.2,450.0,35.6,10.5,36.0,25.3,43,0.0,7.6
Ahmedabad,23.0225,72.5714,2026-02-10 22:00:00,39.3,29.3,428.0,31.5,10.3,38.0,24.1,48,0.0,7.8
Ahmedabad,23.0225,72.5714,2026-02-10 23:00:00,39.1,29.0,404.0,27.8,9.9,39.0,23.4,51,0.0,7.4
Ahmedabad,23.0225,72.5714,2026-02-11 00:00:00,39.5,28.7,387.0,26.4,9.3,37.0,23.1,50,0.0,7.3
Ahmedabad,23.0225,72.5714,2026-02-11 01:00:00,40.0,28.8,369.0,25.3,8.4,35.0,22.5,50,0.0,6.9
Ahmedabad,23.0225,72.5714,2026-02-11 02:00:00,40.7,28.9,353.0,23.9,7.7,33.0,22.0,52,0.0,6.8
Ahmedabad,23.0225,72.5714,2026-02-11 03:00:00,39.5,27.8,328.0,21.3,7.1,33.0,21.4,55,0.0,7.0
Ahmedabad,23.0225,72.5714,2026-02-11 04:00:00,36.6,25.7,305.0,18.2,6.6,34.0,20.8,59,0.0,7.9
Ahmedabad,23.0225,72.5714,2026-02-11 05:00:00,41.7,29.9,325.0,21.1,7.2,25.0,20.2,61,0.0,7.1
Ahmedabad,23.0225,72.5714,2026-02-11 06:00:00,39.8,28.5,442.0,21.7,7.9,23.0,19.8,63,0.0,7.4
Ahmedabad,23.0225,72.5714,2026-02-11 07:00:00,41.6,30.2,602.0,22.2,8.8,22.0,19.6,63,0.0,7.6
Ahmedabad,23.0225,72.5714,2026-02-11 08:00:00,38.6,30.0,680.0,21.0,9.6,30.0,20.5,59,0.0,6.0
Ahmedabad,23.0225,72.5714,2026-02-11 09:00:00,34.8,27.0,597.0,16.3,10.2,56.0,22.7,50,0.0,4.5
Ahmedabad,23.0225,72.5714,2026-02-11 10:00:00,32.1,21.7,434.0,9.9,10.7,91.0,25.6,40,0.0,5.9
Ahmedabad,23.0225,72.5714,2026-02-11 11:00:00,27.8,17.2,304.0,4.9,10.7,118.0,27.7,36,0.0,8.0
Ahmedabad,23.0225,72.5714,2026-02-11 12:00:00,24.7,15.4,256.0,2.8,10.0,129.0,29.1,31,0.0,8.9
Ahmedabad,23.0225,72.5714,2026-02-11 13:00:00,23.1,14.8,242.0,2.2,8.9,132.0,30.1,27,0.0,8.4
Ahmedabad,23.0225,72.5714,2026-02-11 14:00:00,22.1,14.6,237.0,2.2,8.0,133.0,30.8,25,0.0,7.5
Ahmedabad,23.0225,72.5714,2026-02-11 15:00:00,21.2,14.4,225.0,1.5,7.5,135.0,31.1,23,0.0,7.0
Ahmedabad,23.0225,72.5714,2026-02-11 16:00:00,20.7,14.3,221.0,1.3,7.2,133.0,31.0,22,0.0,6.8
Ahmedabad,23.0225,72.5714,2026-02-11 17:00:00,21.9,16.1,250.0,5.1,8.0,123.0,30.4,24,0.0,7.4
Ahmedabad,23.0225,72.5714,2026-02-11 18:00:00,26.5,21.4,326.0,18.0,9.9,99.0,29.7,25,0.0,5.8
Ahmedabad,23.0225,72.5714,2026-02-11 19:00:00,35.3,29.9,434.0,35.4,12.4,67.0,29.2,26,0.0,3.6
Ahmedabad,23.0225,72.5714,2026-02-11 20:00:00,41.9,36.3,555.0,46.3,13.9,43.0,28.7,26,0.0,1.7
Ahmedabad,23.0225,72.5714,2026-02-11 21:00:00,43.4,37.7,718.0,44.6,13.3,37.0,27.3,29,0.0,4.6
Ahmedabad,23.0225,72.5714,2026-02-11 22:00:00,39.9,34.5,894.0,36.3,11.7,41.0,26.0,33,0.0,6.9
Ahmedabad,23.0225,72.5714,2026-02-11 23:00:00,36.2,31.1,973.0,28.8,10.2,44.0,24.6,40,0.0,7.8
Ahmedabad,23.0225,72.5714,2026-02-12 00:00:00,34.0,29.2,876.0,24.8,9.1,43.0,23.7,43,0.0,7.3
Ahmedabad,23.0225,72.5714,2026-02-12 01:00:00,32.8,28.5,682.0,21.5,8.0,42.0,22.5,47,0.0,8.4
Ahmedabad,23.0225,72.5714,2026-02-12 02:00:00,32.5,28.8,520.0,18.3,7.3,42.0,21.4,51,0.0,9.8
Ahmedabad,23.0225,72.5714,2026-02-12 03:00:00,32.7,29.6,434.0,14.5,7.0,46.0,21.0,48,0.0,9.5
Ahmedabad,23.0225,72.5714,2026-02-12 04:00:00,33.1,30.3,380.0,10.8,7.1,51.0,20.5,48,0.0,9.8
Ahmedabad,23.0225,72.5714,2026-02-12 05:00:00,33.1,31.1,355.0,7.3,8.5,66.0,20.7,51,0.0,10.9
Ahmedabad,23.0225,72.5714,2026-02-12 06:00:00,32.4,30.5,377.0,8.8,9.7,66.0,20.9,50,0.0,11.4
Ahmedabad,23.0225,72.5714,2026-02-12 07:00:00,32.5,30.9,427.0,10.8,11.5,66.0,20.8,50,0.0,11.6
Ahmedabad,23.0225,72.5714,2026-02-12 08:00:00,32.9,31.5,454.0,11.6,13.3,71.0,21.8,48,0.0,10.2
Ahmedabad,23.0225,72.5714,2026-02-12 09:00:00,32.7,31.4,427.0,10.2,15.0,83.0,23.8,43,0.0,10.6
Ahmedabad,23.0225,72.5714,2026-02-12 10:00:00,32.6,30.9,376.0,7.6,16.7,100.0,26.3,38,0.0,10.7
Ahmedabad,23.0225,72.5714,2026-02-12 11:00:00,32.9,31.0,335.0,5.5,18.0,116.0,29.2,35,0.0,10.6
Ahmedabad,23.0225,72.5714,2026-02-12 12:00:00,35.4,33.4,319.0,4.2,18.8,132.0,31.0,33,0.0,9.9
Ahmedabad,23.0225,72.5714,2026-02-12 13:00:00,40.3,38.4,313.0,3.3,19.3,147.0,32.3,30,0.0,8.7
Ahmedabad,23.0225,72.5714,2026-02-12 14:00:00,44.5,42.7,313.0,3.2,19.4,157.0,33.1,28,0.0,6.5
Ahmedabad,23.0225,72.5714,2026-02-12 15:00:00,47.0,45.3,302.0,3.6,18.8,160.0,33.5,26,0.0,4.2
Ahmedabad,23.0225,72.5714,2026-02-12 16:00:00,48.3,46.7,297.0,4.8,17.8,158.0,33.5,25,0.0,4.0
Ahmedabad,23.0225,72.5714,2026-02-12 17:00:00,50.8,49.0,344.0,8.2,16.0,139.0,32.6,28,0.0,5.9
Ahmedabad,23.0225,72.5714,2026-02-12 18:00:00,56.1,54.4,488.0,16.9,16.5,117.0,31.3,30,0.0,4.5
Ahmedabad,23.0225,72.5714,2026-02-12 19:00:00,60.8,59.1,685.0,28.6,17.1,87.0,30.1,34,0.0,3.1
Ahmedabad,23.0225,72.5714,2026-02-12 20:00:00,59.8,58.3,850.0,35.5,16.9,65.0,29.7,35,0.0,0.9
Ahmedabad,23.0225,72.5714,2026-02-12 21:00:00,55.8,54.2,955.0,32.9,15.1,60.0,29.0,36,0.0,1.0
Ahmedabad,23.0225,72.5714,2026-02-12 22:00:00,51.5,49.8,1027.0,25.5,12.6,64.0,28.0,39,0.0,4.0
Ahmedabad,23.0225,72.5714,2026-02-12 23:00:00,47.3,45.3,1063.0,19.0,10.3,68.0,26.7,45,0.0,3.1
Ahmedabad,23.0225,72.5714,2026-02-13 00:00:00,43.1,40.9,1062.0,15.4,8.7,69.0,26.0,47,0.0,5.0
Ahmedabad,23.0225,72.5714,2026-02-13 01:00:00,39.5,37.1,1024.0,12.6,7.4,69.0,24.7,51,0.0,6.2
Ahmedabad,23.0225,72.5714,2026-02-13 02:00:00,36.6,34.2,954.0,10.7,6.6,68.0,23.3,55,0.0,7.2
Ahmedabad,23.0225,72.5714,2026-02-13 03:00:00,34.7,32.5,825.0,9.4,6.5,64.0,22.6,56,0.0,8.2
Ahmedabad,23.0225,72.5714,2026-02-13 04:00:00,34.3,32.2,664.0,8.9,6.9,60.0,21.9,58,0.0,8.9
Ahmedabad,23.0225,72.5714,2026-02-13 05:00:00,45.3,44.1,548.0,9.9,10.5,57.0,21.3,60,0.0,9.0
Ahmedabad,23.0225,72.5714,2026-02-13 06:00:00,45.1,44.2,525.0,12.2,11.6,54.0,21.3,58,0.0,9.1
Ahmedabad,23.0225,72.5714,2026-02-13 07:00:00,47.1,46.4,548.0,15.2,13.2,50.0,21.0,59,0.0,9.4
Ahmedabad,23.0225,72.5714,2026-02-13 08:00:00,48.4,47.8,556.0,16.4,14.7,55.0,21.8,56,0.0,7.5
Ahmedabad,23.0225,72.5714,2026-02-13 09:00:00,47.8,47.3,521.0,14.3,16.1,75.0,24.0,50,0.0,6.4
Ahmedabad,23.0225,72.5714,2026-02-13 10:00:00,48.8,48.0,471.0,10.5,17.4,103.0,27.1,43,0.0,6.3
Ahmedabad,23.0225,72.5714,2026-02-13 11:00:00,52.9,51.8,428.0,7.2,18.2,128.0,29.8,39,0.0,6.1
Ahmedabad,23.0225,72.5714,2026-02-13 12:00:00,58.7,57.3,398.0,5.0,18.2,150.0,31.6,31,0.0,4.1
Ahmedabad,23.0225,72.5714,2026-02-13 13:00:00,61.9,59.8,375.0,3.4,17.7,169.0,32.7,27,0.0,1.7
Ahmedabad,23.0225,72.5714,2026-02-13 14:00:00,57.7,55.4,359.0,2.8,16.9,179.0,33.6,23,0.0,2.9
Ahmedabad,23.0225,72.5714,2026-02-13 15:00:00,53.8,51.2,337.0,3.3,15.4,177.0,33.9,22,0.0,6.2
Ahmedabad,23.0225,72.5714,2026-02-13 16:00:00,51.5,48.9,321.0,4.8,13.5,167.0,33.6,21,0.0,8.1
Ahmedabad,23.0225,72.5714,2026-02-13 17:00:00,41.4,39.3,352.0,6.7,11.5,154.0,32.8,23,0.0,8.3
Ahmedabad,23.0225,72.5714,2026-02-13 18:00:00,43.8,41.9,473.0,12.4,11.9,133.0,31.4,26,0.0,6.9
Ahmedabad,23.0225,72.5714,2026-02-13 19:00:00,45.8,44.1,640.0,20.2,12.4,104.0,30.3,29,0.0,3.8
Ahmedabad,23.0225,72.5714,2026-02-13 20:00:00,44.6,43.1,760.0,25.5,12.7,82.0,29.4,31,0.0,2.5
Ahmedabad,23.0225,72.5714,2026-02-13 21:00:00,43.4,41.9,797.0,25.9,12.6,73.0,28.4,35,0.0,4.7
Ahmedabad,23.0225,72.5714,2026-02-13 22:00:00,43.3,41.7,787.0,23.8,12.3,71.0,27.2,40,0.0,6.7
Ahmedabad,23.0225,72.5714,2026-02-13 23:00:00,43.3,41.4,745.0,21.5,11.7,69.0,26.4,44,0.0,7.1
Ahmedabad,23.0225,72.5714,2026-02-14 00:00:00,41.9,39.9,652.0,19.6,10.7,67.0,25.6,43,0.0,7.8
Ahmedabad,23.0225,72.5714,2026-02-14 01:00:00,39.9,37.8,526.0,17.6,9.5,65.0,25.0,42,0.0,8.9
Ahmedabad,23.0225,72.5714,2026-02-14 02:00:00,39.0,36.8,436.0,15.9,8.5,63.0,24.2,42,0.0,9.1
Ahmedabad,23.0225,72.5714,2026-02-14 03:00:00,39.3,37.0,405.0,14.4,7.9,60.0,23.5,42,0.0,8.5
Ahmedabad,23.0225,72.5714,2026-02-14 04:00:00,39.5,37.1,410.0,13.1,7.6,57.0,22.5,44,0.0,7.4
Ahmedabad,23.0225,72.5714,2026-02-14 05:00:00,40.3,38.2,448.0,12.5,7.9,58.0,21.8,48,0.0,5.6
Ahmedabad,23.0225,72.5714,2026-02-14 06:00:00,39.7,37.6,552.0,15.5,8.7,52.0,21.6,49,0.0,5.9
Ahmedabad,23.0225,72.5714,2026-02-14 07:00:00,42.0,39.9,690.0,19.5,9.8,44.0,20.7,52,0.0,6.1
Ahmedabad,23.0225,72.5714,2026-02-14 08:00:00,43.1,41.4,763.0,20.8,10.7,49.0,21.2,52,0.0,2.8
Ahmedabad,23.0225,72.5714,2026-02-14 09:00:00,40.0,38.6,713.0,17.1,11.5,77.0,23.8,45,0.0,1.5
Ahmedabad,23.0225,72.5714,2026-02-14 10:00:00,38.2,36.2,597.0,10.8,12.2,117.0,27.3,35,0.0,1.8
Ahmedabad,23.0225,72.5714,2026-02-14 11:00:00,32.6,29.9,490.0,5.8,12.1,147.0,30.5,24,0.0,3.8
Ahmedabad,23.0225,72.5714,2026-02-14 12:00:00,28.5,25.7,413.0,3.4,10.6,156.0,32.0,20,0.0,6.9
Ahmedabad,23.0225,72.5714,2026-02-14 13:00:00,28.6,25.8,345.0,2.2,8.2,155.0,32.6,20,0.0,9.0
Ahmedabad,23.0225,72.5714,2026-02-14 14:00:00,28.2,25.4,295.0,1.9,6.4,151.0,32.9,20,0.0,9.6
Ahmedabad,23.0225,72.5714,2026-02-14 15:00:00,26.1,23.5,261.0,1.8,5.4,147.0,32.9,19,0.0,9.3
Ahmedabad,23.0225,72.5714,2026-02-14 16:00:00,23.9,21.3,244.0,2.6,5.0,139.0,32.5,18,0.0,9.4
Ahmedabad,23.0225,72.5714,2026-02-14 17:00:00,14.6,14.2,258.0,6.0,5.6,133.0,31.9,17,0.0,9.3
Ahmedabad,23.0225,72.5714,2026-02-14 18:00:00,17.5,17.2,319.0,15.0,7.2,112.0,30.8,18,0.0,8.4
Ahmedabad,23.0225,72.5714,2026-02-14 19:00:00,22.9,22.7,412.0,27.4,9.3,82.0,29.6,20,0.0,8.1
Ahmedabad,23.0225,72.5714,2026-02-14 20:00:00,25.8,25.7,498.0,36.0,11.0,60.0,28.8,22,0.0,7.4
Ahmedabad,23.0225,72.5714,2026-02-14 21:00:00,26.2,26.1,581.0,37.4,11.8,53.0,28.4,22,0.0,5.8
Ahmedabad,23.0225,72.5714,2026-02-14 22:00:00,26.1,26.1,658.0,34.9,12.1,53.0,27.6,23,0.0,5.7
Ahmedabad,23.0225,72.5714,2026-02-14 23:00:00,26.1,25.8,685.0,31.8,11.8,53.0,26.1,26,0.0,4.6
Ahmedabad,23.0225,72.5714,2026-02-15 00:00:00,24.2,23.7,618.0,28.7,10.6,52.0,24.7,29,0.0,8.0
Ahmedabad,23.0225,72.5714,2026-02-15 01:00:00,21.3,20.7,500.0,24.9,8.9,52.0,23.6,31,0.0,7.7
Ahmedabad,23.0225,72.5714,2026-02-15 02:00:00,19.6,18.7,415.0,21.7,7.5,51.0,22.6,32,0.0,8.3
Ahmedabad,23.0225,72.5714,2026-02-15 03:00:00,19.0,17.8,393.0,19.4,6.8,49.0,22.2,32,0.0,8.2
Ahmedabad,23.0225,72.5714,2026-02-15 04:00:00,19.3,17.6,404.0,17.8,6.6,45.0,21.5,33,0.0,7.9
Ahmedabad,23.0225,72.5714,2026-02-15 05:00:00,26.0,24.0,442.0,22.5,7.9,36.0,20.7,37,0.0,5.8
Ahmedabad,23.0225,72.5714,2026-02-15 06:00:00,25.0,22.8,527.0,23.7,8.5,31.0,20.0,41,0.0,6.5
Ahmedabad,23.0225,72.5714,2026-02-15 07:00:00,28.9,26.2,638.0,25.1,9.3,25.0,18.9,47,0.0,7.1
Ahmedabad,23.0225,72.5714,2026-02-15 08:00:00,31.5,29.1,708.0,24.4,10.3,32.0,19.5,49,0.0,5.8
Ahmedabad,23.0225,72.5714,2026-02-15 09:00:00,29.0,27.0,706.0,19.7,11.9,64.0,22.3,43,0.0,3.4
Ahmedabad,23.0225,72.5714,2026-02-15 10:00:00,23.6,21.8,662.0,13.0,13.6,109.0,25.8,34,0.0,3.4
Ahmedabad,23.0225,72.5714,2026-02-15 11:00:00,22.1,20.1,604.0,7.6,14.6,144.0,28.8,27,0.0,2.6
Ahmedabad,23.0225,72.5714,2026-02-15 12:00:00,20.9,18.5,526.0,4.8,14.1,160.0,31.1,21,0.0,2.2
Ahmedabad,23.0225,72.5714,2026-02-15 13:00:00,19.0,16.6,432.0,3.4,12.9,167.0,32.3,18,0.0,2.9
Ahmedabad,23.0225,72.5714,2026-02-15 14:00:00,17.7,15.1,365.0,2.8,11.8,170.0,33.0,16,0.0,2.8
Ahmedabad,23.0225,72.5714,2026-02-15 15:00:00,18.7,15.2,327.0,1.9,11.0,172.0,33.3,16,0.0,3.2
Ahmedabad,23.0225,72.5714,2026-02-15 16:00:00,19.9,15.7,315.0,1.8,10.5,169.0,33.0,16,0.0,4.1
Ahmedabad,23.0225,72.5714,2026-02-15 17:00:00,19.2,15.1,360.0,5.2,11.2,160.0,32.2,17,0.0,2.3
Ahmedabad,23.0225,72.5714,2026-02-15 18:00:00,25.9,22.2,508.0,17.7,13.2,133.0,30.6,18,0.0,2.1
Ahmedabad,23.0225,72.5714,2026-02-15 19:00:00,35.3,31.8,712.0,35.0,16.1,96.0,29.3,20,0.0,1.3
Ahmedabad,23.0225,72.5714,2026-02-15 20:00:00,41.3,38.1,867.0,48.4,18.8,66.0,28.8,22,0.0,2.1
Ahmedabad,23.0225,72.5714,2026-02-15 21:00:00,46.0,42.8,919.0,54.6,21.3,51.0,28.5,24,0.0,3.1
Ahmedabad,23.0225,72.5714,2026-02-15 22:00:00,51.8,48.9,921.0,57.0,23.6,43.0,28.1,27,0.0,4.2
Ahmedabad,23.0225,72.5714,2026-02-15 23:00:00,58.9,56.1,923.0,57.0,24.4,37.0,26.6,32,0.0,4.6
Ahmedabad,23.0225,72.5714,2026-02-16 00:00:00,63.1,60.3,956.0,54.4,22.7,33.0,24.9,37,0.0,3.6
Ahmedabad,23.0225,72.5714,2026-02-16 01:00:00,61.7,59.0,989.0,49.3,19.4,31.0,23.6,41,0.0,2.3
Ahmedabad,23.0225,72.5714,2026-02-16 02:00:00,55.9,53.4,980.0,43.6,16.4,31.0,22.7,44,0.0,2.5
Ahmedabad,23.0225,72.5714,2026-02-16 03:00:00,49.0,46.6,876.0,36.5,13.9,32.0,21.8,48,0.0,3.4
Ahmedabad,23.0225,72.5714,2026-02-16 04:00:00,44.4,42.3,731.0,28.6,11.6,34.0,20.7,54,0.0,5.0
Ahmedabad,23.0225,72.5714,2026-02-16 05:00:00,44.2,42.1,664.0,27.8,13.1,35.0,19.6,62,0.0,7.1
Ahmedabad,23.0225,72.5714,2026-02-16 06:00:00,44.1,42.1,766.0,31.4,15.0,28.0,19.9,61,0.0,4.9
Ahmedabad,23.0225,72.5714,2026-02-16 07:00:00,49.7,47.7,947.0,36.0,17.5,21.0,19.6,62,0.0,1.5
Ahmedabad,23.0225,72.5714,2026-02-16 08:00:00,59.6,57.7,1056.0,36.4,18.9,28.0,20.3,59,0.0,1.5
Ahmedabad,23.0225,72.5714,2026-02-16 09:00:00,44.2,42.3,1022.0,28.6,18.1,63.0,22.8,51,0.0,1.0
Ahmedabad,23.0225,72.5714,2026-02-16 10:00:00,33.3,31.0,917.0,16.6,16.2,113.0,25.8,41,0.0,1.5
Ahmedabad,23.0225,72.5714,2026-02-16 11:00:00,27.1,24.4,799.0,7.4,14.8,152.0,28.5,34,0.0,2.2
Ahmedabad,23.0225,72.5714,2026-02-16 12:00:00,24.6,21.4,677.0,3.9,14.7,170.0,30.8,25,0.0,1.8
Ahmedabad,23.0225,72.5714,2026-02-16 13:00:00,25.6,21.9,542.0,3.0,15.1,177.0,32.0,20,0.0,1.3
Ahmedabad,23.0225,72.5714,2026-02-16 14:00:00,26.3,22.1,435.0,3.0,15.1,180.0,32.7,18,0.0,2.6
Ahmedabad,23.0225,72.5714,2026-02-16 15:00:00,26.0,21.4,357.0,1.2,13.8,181.0,32.9,18,0.0,3.9
Ahmedabad,23.0225,72.5714,2026-02-16 16:00:00,25.5,20.9,307.0,0.1,12.2,178.0,32.8,19,0.0,4.1
Ahmedabad,23.0225,72.5714,2026-02-16 17:00:00,38.1,30.5,314.0,5.2,11.6,162.0,31.9,21,0.0,6.3
Ahmedabad,23.0225,72.5714,2026-02-16 18:00:00,46.2,38.9,415.0,24.4,15.9,132.0,30.5,24,0.0,6.1
Ahmedabad,23.0225,72.5714,2026-02-16 19:00:00,59.5,52.2,575.0,50.9,21.8,89.0,29.4,26,0.0,3.6
Ahmedabad,23.0225,72.5714,2026-02-16 20:00:00,72.2,65.0,715.0,70.4,26.7,56.0,28.7,28,0.0,4.0
Ahmedabad,23.0225,72.5714,2026-02-16 21:00:00,82.7,75.7,825.0,77.0,30.1,40.0,28.2,30,0.0,5.0
Ahmedabad,23.0225,72.5714,2026-02-16 22:00:00,90.3,83.4,916.0,76.6,32.3,32.0,27.3,33,0.0,5.6
Ahmedabad,23.0225,72.5714,2026-02-16 23:00:00,89.6,82.9,946.0,72.3,32.1,29.0,25.9,36,0.0,6.9
Ahmedabad,23.0225,72.5714,2026-02-17 00:00:00,79.9,73.6,870.0,62.9,27.5,30.0,25.3,38,0.0,7.0
Ahmedabad,23.0225,72.5714,2026-02-17 01:00:00,70.5,64.3,734.0,49.4,20.4,36.0,25.0,37,0.0,5.9
Ahmedabad,23.0225,72.5714,2026-02-17 02:00:00,65.9,60.1,632.0,38.6,14.9,40.0,24.0,40,0.0,4.5
Ahmedabad,23.0225,72.5714,2026-02-17 03:00:00,62.9,57.5,608.0,33.2,12.7,39.0,22.4,43,0.0,7.1
Ahmedabad,23.0225,72.5714,2026-02-17 04:00:00,58.9,53.9,618.0,30.4,12.1,36.0,21.1,46,0.0,8.3
Ahmedabad,23.0225,72.5714,2026-02-17 05:00:00,55.9,51.1,622.0,28.9,9.2,33.0,20.1,49,0.0,9.5
Ahmedabad,23.0225,72.5714,2026-02-17 06:00:00,45.5,42.0,610.0,27.0,9.2,33.0,19.7,51,0.0,9.8
Ahmedabad,23.0225,72.5714,2026-02-17 07:00:00,37.7,35.2,592.0,24.2,9.3,33.0,19.4,51,0.0,10.1
Ahmedabad,23.0225,72.5714,2026-02-17 08:00:00,32.4,30.7,560.0,20.7,9.2,41.0,20.3,47,0.0,7.6
Ahmedabad,23.0225,72.5714,2026-02-17 09:00:00,25.6,24.2,498.0,15.8,8.9,62.0,22.2,41,0.0,7.4
Ahmedabad,23.0225,72.5714,2026-02-17 10:00:00,20.4,19.0,421.0,10.1,8.5,90.0,24.8,35,0.0,6.7
Ahmedabad,23.0225,72.5714,2026-02-17 11:00:00,18.6,16.9,365.0,5.8,8.5,115.0,27.3,29,0.0,6.3
Ahmedabad,23.0225,72.5714,2026-02-17 12:00:00,20.5,17.9,351.0,3.8,9.4,134.0,29.2,26,0.0,4.6
Ahmedabad,23.0225,72.5714,2026-02-17 13:00:00,23.3,20.2,358.0,3.1,10.8,151.0,30.5,24,0.0,2.3
Ahmedabad,23.0225,72.5714,2026-02-17 14:00:00,25.7,22.5,363.0,3.0,11.9,162.0,31.5,22,0.0,1.4
Ahmedabad,23.0225,72.5714,2026-02-17 15:00:00,27.4,24.0,352.0,2.1,12.2,169.0,32.0,21,0.0,3.2
Ahmedabad,23.0225,72.5714,2026-02-17 16:00:00,28.1,24.9,339.0,1.7,12.1,170.0,31.9,22,0.0,4.7
Ahmedabad,23.0225,72.5714,2026-02-17 17:00:00,32.1,28.6,342.0,6.0,14.9,158.0,31.3,23,0.0,4.0
Ahmedabad,23.0225,72.5714,2026-02-17 18:00:00,39.6,36.3,376.0,21.0,16.4,129.0,30.0,26,0.0,7.4
Ahmedabad,23.0225,72.5714,2026-02-17 19:00:00,49.5,46.1,427.0,41.6,18.5,90.0,29.0,29,0.0,7.1
Ahmedabad,23.0225,72.5714,2026-02-17 20:00:00,56.3,53.1,472.0,56.6,20.2,59.0,28.2,32,0.0,5.8
Ahmedabad,23.0225,72.5714,2026-02-17 21:00:00,62.4,59.1,508.0,61.7,21.5,46.0,27.4,34,0.0,6.7
Ahmedabad,23.0225,72.5714,2026-02-17 22:00:00,66.8,63.6,538.0,61.2,22.5,41.0,26.7,35,0.0,6.9
Ahmedabad,23.0225,72.5714,2026-02-17 23:00:00,68.5,65.2,551.0,57.0,22.0,41.0,25.5,39,0.0,7.6
Ahmedabad,23.0225,72.5714,2026-02-18 00:00:00,63.6,60.5,533.0,47.9,18.9,44.0,25.2,40,0.0,8.1
Ahmedabad,23.0225,72.5714,2026-02-18 01:00:00,51.0,48.5,497.0,35.1,14.3,52.0,24.1,42,0.0,7.3
Ahmedabad,23.0225,72.5714,2026-02-18 02:00:00,39.8,38.0,470.0,24.6,10.6,57.0,22.8,44,0.0,6.9
Ahmedabad,23.0225,72.5714,2026-02-18 03:00:00,32.7,31.3,458.0,18.4,8.6,59.0,22.3,45,0.0,8.0
Ahmedabad,23.0225,72.5714,2026-02-18 04:00:00,27.4,26.4,455.0,14.5,7.6,58.0,22.0,45,0.0,8.4
Ahmedabad,23.0225,72.5714,2026-02-18 05:00:00,17.8,17.5,471.0,11.5,6.5,59.0,22.0,47,0.0,7.4
Ahmedabad,23.0225,72.5714,2026-02-18 06:00:00,15.3,15.1,531.0,14.5,7.3,52.0,21.9,47,0.0,6.3
Ahmedabad,23.0225,72.5714,2026-02-18 07:00:00,16.9,16.6,609.0,18.5,8.4,45.0,21.5,47,0.0,5.7
Ahmedabad,23.0225,72.5714,2026-02-18 08:00:00,20.5,20.2,637.0,20.0,9.4,47.0,22.3,45,0.0,3.6
Ahmedabad,23.0225,72.5714,2026-02-18 09:00:00,20.0,19.8,565.0,16.9,10.4,69.0,24.8,38,0.0,2.8
Ahmedabad,23.0225,72.5714,2026-02-18 10:00:00,18.4,18.2,444.0,11.4,11.3,101.0,27.5,32,0.0,3.2
Ahmedabad,23.0225,72.5714,2026-02-18 11:00:00,17.5,17.2,351.0,6.8,11.5,127.0,29.2,24,0.0,6.3
Ahmedabad,23.0225,72.5714,2026-02-18 12:00:00,15.5,15.0,324.0,4.4,10.4,140.0,30.4,22,0.0,4.4
Ahmedabad,23.0225,72.5714,2026-02-18 13:00:00,15.3,14.6,326.0,3.1,8.6,146.0,31.3,20,0.0,1.5
Ahmedabad,23.0225,72.5714,2026-02-18 14:00:00,15.7,14.8,328.0,2.4,7.1,149.0,32.1,19,0.0,1.0
Ahmedabad,23.0225,72.5714,2026-02-18 15:00:00,15.8,14.7,311.0,1.2,6.1,151.0,32.3,19,0.0,2.5
Ahmedabad,23.0225,72.5714,2026-02-18 16:00:00,15.8,14.6,293.0,0.6,5.5,149.0,32.0,20,0.0,5.8
Ahmedabad,23.0225,72.5714,2026-02-18 17:00:00,21.7,17.1,298.0,4.1,5.8,136.0,31.1,21,0.0,10.0
Ahmedabad,23.0225,72.5714,2026-02-18 18:00:00,26.3,21.6,347.0,18.7,8.5,110.0,30.0,23,0.0,8.6
Ahmedabad,23.0225,72.5714,2026-02-18 19:00:00,36.9,31.7,418.0,38.7,12.2,73.0,29.0,27,0.0,8.0
Ahmedabad,23.0225,72.5714,2026-02-18 20:00:00,44.1,38.5,477.0,52.0,14.9,46.0,28.2,28,0.0,5.7
Ahmedabad,23.0225,72.5714,2026-02-18 21:00:00,47.3,41.7,516.0,52.9,15.8,37.0,27.2,29,0.0,6.8
Ahmedabad,23.0225,72.5714,2026-02-18 22:00:00,46.7,41.0,542.0,47.2,15.5,37.0,26.1,31,0.0,6.7
Ahmedabad,23.0225,72.5714,2026-02-18 23:00:00,42.0,36.2,538.0,40.3,14.4,39.0,25.2,38,0.0,6.8
Ahmedabad,23.0225,72.5714,2026-02-19 00:00:00,34.9,29.3,477.0,33.0,11.6,43.0,24.9,37,0.0,8.0
Ahmedabad,23.0225,72.5714,2026-02-19 01:00:00,29.8,24.0,384.0,24.6,7.9,49.0,23.7,37,0.0,9.8
Ahmedabad,23.0225,72.5714,2026-02-19 02:00:00,26.8,20.7,323.0,17.4,5.6,55.0,21.2,55,0.0,11.5
Ahmedabad,23.0225,72.5714,2026-02-19 03:00:00,24.7,19.4,323.0,12.3,6.0,61.0,20.7,65,0.0,11.8
Ahmedabad,23.0225,72.5714,2026-02-19 04:00:00,28.8,25.9,353.0,8.5,7.9,67.0,20.4,68,0.0,12.3
Ahmedabad,23.0225,72.5714,2026-02-19 05:00:00,51.8,51.8,384.0,5.3,13.6,88.0,19.9,68,0.0,13.1
Ahmedabad,23.0225,72.5714,2026-02-19 06:00:00,53.6,53.1,409.0,7.6,14.1,84.0,19.8,68,0.0,13.2
Ahmedabad,23.0225,72.5714,2026-02-19 07:00:00,51.9,51.1,434.0,10.7,14.8,79.0,19.7,69,0.0,12.4
Ahmedabad,23.0225,72.5714,2026-02-19 08:00:00,50.1,49.4,445.0,12.3,15.5,81.0,20.7,64,0.0,8.8
Ahmedabad,23.0225,72.5714,2026-02-19 09:00:00,50.1,49.0,434.0,10.9,16.5,97.0,22.9,56,0.0,9.7
Ahmedabad,23.0225,72.5714,2026-02-19 10:00:00,54.5,53.4,410.0,8.0,17.6,121.0,25.5,48,0.0,9.0
Ahmedabad,23.0225,72.5714,2026-02-19 11:00:00,62.4,61.2,384.0,5.5,17.7,140.0,27.5,44,0.0,8.1
Ahmedabad,23.0225,72.5714,2026-02-19 12:00:00,69.4,67.8,355.0,4.1,16.0,151.0,29.5,35,0.0,7.2
Ahmedabad,23.0225,72.5714,2026-02-19 13:00:00,53.6,50.6,323.0,3.0,13.4,158.0,30.8,29,0.0,5.1
Ahmedabad,23.0225,72.5714,2026-02-19 14:00:00,45.8,42.5,304.0,2.6,11.2,161.0,31.5,26,0.0,4.3
Ahmedabad,23.0225,72.5714,2026-02-19 15:00:00,42.7,39.6,302.0,2.2,9.8,161.0,31.9,25,0.0,4.8
Ahmedabad,23.0225,72.5714,2026-02-19 16:00:00,40.6,37.5,311.0,2.5,8.9,158.0,31.7,25,0.0,6.1
Ahmedabad,23.0225,72.5714,2026-02-19 17:00:00,16.2,15.9,331.0,4.1,6.4,140.0,30.5,28,0.0,8.5
Ahmedabad,23.0225,72.5714,2026-02-19 18:00:00,18.9,18.3,371.0,10.9,7.3,119.0,30.0,29,0.0,7.0
Ahmedabad,23.0225,72.5714,2026-02-19 19:00:00,22.7,21.9,421.0,20.3,8.6,90.0,29.5,30,0.0,6.3
Ahmedabad,23.0225,72.5714,2026-02-19 20:00:00,23.8,22.8,451.0,26.5,9.5,69.0,28.9,31,0.0,6.7
Ahmedabad,23.0225,72.5714,2026-02-19 21:00:00,24.1,22.8,442.0,26.9,9.7,62.0,28.5,31,0.0,7.6
Ahmedabad,23.0225,72.5714,2026-02-19 22:00:00,24.0,22.5,412.0,24.1,9.4,63.0,27.7,32,0.0,8.7
Ahmedabad,23.0225,72.5714,2026-02-19 23:00:00,23.4,21.8,386.0,20.9,9.1,65.0,27.1,34,0.0,7.9
Ahmedabad,23.0225,72.5714,2026-02-20 00:00:00,22.3,20.5,373.0,17.9,8.6,67.0,25.7,37,0.0,9.7
Ahmedabad,23.0225,72.5714,2026-02-20 01:00:00,21.3,19.7,365.0,14.4,8.0,71.0,24.5,45,0.0,9.8
Ahmedabad,23.0225,72.5714,2026-02-20 02:00:00,20.4,19.1,360.0,11.4,7.9,74.0,24.0,47,0.0,11.6
Ahmedabad,23.0225,72.5714,2026-02-20 03:00:00,24.6,23.9,355.0,8.9,8.6,76.0,23.3,47,0.0,13.3
Ahmedabad,23.0225,72.5714,2026-02-20 04:00:00,37.3,36.8,353.0,6.9,9.8,78.0,22.8,51,0.0,13.1
Ahmedabad,23.0225,72.5714,2026-02-20 05:00:00,53.7,53.1,362.0,5.5,12.6,85.0,22.4,61,0.0,13.1
Ahmedabad,23.0225,72.5714,2026-02-20 06:00:00,58.0,57.2,394.0,7.5,15.1,82.0,22.1,63,0.0,12.6
Ahmedabad,23.0225,72.5714,2026-02-20 07:00:00,58.8,57.7,436.0,10.1,18.4,79.0,21.9,64,0.0,13.0
Ahmedabad,23.0225,72.5714,2026-02-20 08:00:00,58.4,57.4,459.0,11.4,20.8,83.0,22.7,62,0.0,10.1
Ahmedabad,23.0225,72.5714,2026-02-20 09:00:00,58.3,57.2,444.0,10.2,21.2,98.0,24.5,56,0.0,11.6
Ahmedabad,23.0225,72.5714,2026-02-20 10:00:00,60.8,59.5,410.0,7.6,20.6,120.0,26.8,48,0.0,9.1
Ahmedabad,23.0225,72.5714,2026-02-20 11:00:00,64.7,63.6,380.0,5.5,19.8,139.0,28.0,46,0.0,10.7
Ahmedabad,23.0225,72.5714,2026-02-20 12:00:00,68.7,67.5,363.0,4.3,18.9,155.0,29.5,42,0.0,10.2
Ahmedabad,23.0225,72.5714,2026-02-20 13:00:00,69.8,68.7,351.0,3.6,17.8,168.0,30.9,38,0.0,10.2
Ahmedabad,23.0225,72.5714,2026-02-20 14:00:00,70.5,69.4,344.0,3.5,16.8,175.0,31.7,36,0.0,9.2
Ahmedabad,23.0225,72.5714,2026-02-20 15:00:00,71.2,70.1,342.0,3.7,16.1,175.0,32.0,35,0.0,8.1
Ahmedabad,23.0225,72.5714,2026-02-20 16:00:00,71.5,70.1,344.0,4.6,15.6,168.0,31.7,34,0.0,7.9
Ahmedabad,23.0225,72.5714,2026-02-20 17:00:00,62.6,61.7,356.0,6.0,11.7,154.0,30.6,38,0.0,10.4
Ahmedabad,23.0225,72.5714,2026-02-20 18:00:00,65.4,64.5,384.0,15.5,12.6,129.0,29.9,39,0.0,10.4
Ahmedabad,23.0225,72.5714,2026-02-20 19:00:00,71.0,70.3,420.0,28.7,13.8,94.0,29.1,41,0.0,10.1
Ahmedabad,23.0225,72.5714,2026-02-20 20:00:00,76.1,75.2,447.0,38.4,14.7,66.0,28.2,42,0.0,9.7
Ahmedabad,23.0225,72.5714,2026-02-20 21:00:00,79.9,79.2,457.0,42.0,14.9,51.0,27.4,44,0.0,10.4
Ahmedabad,23.0225,72.5714,2026-02-20 22:00:00,81.3,80.3,458.0,42.1,14.7,44.0,26.5,47,0.0,9.3
Ahmedabad,23.0225,72.5714,2026-02-20 23:00:00,80.1,79.4,450.0,40.0,14.2,40.0,25.5,54,0.0,9.8
Ahmedabad,23.0225,72.5714,2026-02-21 00:00:00,78.2,77.5,426.0,35.1,13.0,40.0,24.7,58,0.0,10.2
Ahmedabad,23.0225,72.5714,2026-02-21 01:00:00,77.3,76.8,394.0,28.0,11.5,44.0,23.9,60,0.0,10.2
Ahmedabad,23.0225,72.5714,2026-02-21 02:00:00,78.2,77.5,374.0,21.5,10.4,49.0,23.1,63,0.0,9.7
Ahmedabad,23.0225,72.5714,2026-02-21 03:00:00,79.2,78.5,377.0,15.9,10.0,56.0,22.4,65,0.0,9.9
Ahmedabad,23.0225,72.5714,2026-02-21 04:00:00,80.8,80.1,393.0,10.9,10.1,64.0,21.8,68,0.0,9.8
Ahmedabad,23.0225,72.5714,2026-02-21 05:00:00,78.9,78.2,414.0,6.3,10.2,77.0,21.3,73,0.0,11.2
Ahmedabad,23.0225,72.5714,2026-02-21 06:00:00,78.0,77.3,445.0,8.8,10.5,71.0,21.1,75,0.0,11.2
Ahmedabad,23.0225,72.5714,2026-02-21 07:00:00,78.7,78.0,481.0,12.1,11.1,65.0,21.0,75,0.0,10.9
Ahmedabad,23.0225,72.5714,2026-02-21 08:00:00,78.5,78.0,496.0,13.6,11.9,69.0,22.0,70,0.0,9.4
Ahmedabad,23.0225,72.5714,2026-02-21 09:00:00,80.1,79.4,474.0,11.7,13.3,93.0,24.1,61,0.0,8.7
Ahmedabad,23.0225,72.5714,2026-02-21 10:00:00,82.0,81.0,432.0,8.0,15.1,127.0,26.8,51,0.0,9.6
Ahmedabad,23.0225,72.5714,2026-02-21 11:00:00,80.3,79.2,396.0,5.0,16.3,156.0,29.4,43,0.0,9.4
Ahmedabad,23.0225,72.5714,2026-02-21 12:00:00,75.7,74.5,373.0,3.6,16.7,174.0,31.3,37,0.0,7.1
Ahmedabad,23.0225,72.5714,2026-02-21 13:00:00,73.6,72.4,357.0,2.8,16.6,186.0,32.6,33,0.0,4.8
Ahmedabad,23.0225,72.5714,2026-02-21 14:00:00,69.2,67.8,347.0,2.9,16.0,191.0,33.5,27,0.0,2.9
Ahmedabad,23.0225,72.5714,2026-02-21 15:00:00,61.7,60.5,345.0,3.5,14.5,187.0,34.0,24,0.0,4.8
Ahmedabad,23.0225,72.5714,2026-02-21 16:00:00,58.4,57.3,350.0,4.9,12.5,175.0,33.8,24,0.0,7.3
Ahmedabad,23.0225,72.5714,2026-02-21 17:00:00,51.8,51.0,363.0,6.6,13.0,172.0,32.9,25,0.0,8.4
Ahmedabad,23.0225,72.5714,2026-02-21 18:00:00,58.1,57.4,383.0,13.6,13.4,148.0,31.7,28,0.0,8.0
Ahmedabad,23.0225,72.5714,2026-02-21 19:00:00,62.6,61.9,411.0,23.0,13.9,116.0,30.5,32,0.0,5.9
Ahmedabad,23.0225,72.5714,2026-02-21 20:00:00,61.5,61.0,454.0,29.0,14.0,91.0,29.9,36,0.0,6.1
Ahmedabad,23.0225,72.5714,2026-02-21 21:00:00,58.1,57.6,530.0,28.2,13.4,83.0,29.2,38,0.0,7.1
Ahmedabad,23.0225,72.5714,2026-02-21 22:00:00,54.8,54.5,621.0,24.0,12.3,82.0,28.7,39,0.0,5.3
Ahmedabad,23.0225,72.5714,2026-02-21 23:00:00,52.0,51.7,672.0,20.2,11.2,81.0,28.2,41,0.0,4.8
Ahmedabad,23.0225,72.5714,2026-02-22 00:00:00,49.1,48.8,648.0,18.1,10.0,77.0,27.2,42,0.0,5.2
Ahmedabad,23.0225,72.5714,2026-02-22 01:00:00,46.7,46.3,586.0,16.5,8.8,72.0,26.0,47,0.0,6.5
Ahmedabad,23.0225,72.5714,2026-02-22 02:00:00,45.2,44.9,535.0,15.4,8.0,67.0,24.7,50,0.0,7.3
Ahmedabad,23.0225,72.5714,2026-02-22 03:00:00,44.8,44.6,502.0,14.3,7.5,62.0,23.8,51,0.0,7.5
Ahmedabad,23.0225,72.5714,2026-02-22 04:00:00,46.3,46.1,482.0,13.7,7.4,57.0,23.0,52,0.0,6.7
Ahmedabad,23.0225,72.5714,2026-02-22 05:00:00,73.3,72.9,510.0,32.2,11.2,21.0,22.6,51,0.0,3.5
Ahmedabad,23.0225,72.5714,2026-02-22 06:00:00,75.4,75.0,646.0,34.1,12.5,18.0,22.8,51,0.0,1.6
Ahmedabad,23.0225,72.5714,2026-02-22 07:00:00,81.7,81.0,830.0,36.4,14.4,16.0,22.2,53,0.0,2.6
Ahmedabad,23.0225,72.5714,2026-02-22 08:00:00,81.7,81.3,921.0,35.1,15.6,28.0,23.2,51,0.0,2.2
Ahmedabad,23.0225,72.5714,2026-02-22 09:00:00,63.1,62.6,833.0,26.9,15.9,69.0,25.8,43,0.0,0.8
Ahmedabad,23.0225,72.5714,2026-02-22 10:00:00,47.7,46.6,652.0,15.3,15.7,124.0,28.6,34,0.0,0.9
Ahmedabad,23.0225,72.5714,2026-02-22 11:00:00,40.3,38.6,496.0,6.3,14.7,164.0,30.8,30,0.0,1.8
Ahmedabad,23.0225,72.5714,2026-02-22 12:00:00,37.7,36.3,406.0,2.8,12.5,174.0,32.6,24,0.0,4.1
Ahmedabad,23.0225,72.5714,2026-02-22 13:00:00,35.0,33.5,340.0,1.9,9.5,168.0,33.5,20,0.0,6.7
Ahmedabad,23.0225,72.5714,2026-02-22 14:00:00,30.6,28.8,298.0,2.0,7.1,159.0,33.9,19,0.0,8.6
Ahmedabad,23.0225,72.5714,2026-02-22 15:00:00,26.5,24.3,273.0,1.7,5.6,152.0,33.9,18,0.0,9.6
Ahmedabad,23.0225,72.5714,2026-02-22 16:00:00,24.0,21.5,271.0,2.3,4.7,143.0,33.6,19,0.0,9.2
Ahmedabad,23.0225,72.5714,2026-02-22 17:00:00,17.9,15.5,307.0,5.3,5.1,141.0,32.8,19,0.0,7.7
Ahmedabad,23.0225,72.5714,2026-02-22 18:00:00,20.6,18.2,408.0,12.1,6.3,123.0,32.0,20,0.0,5.2
Ahmedabad,23.0225,72.5714,2026-02-22 19:00:00,26.5,24.1,547.0,21.4,8.0,97.0,30.9,23,0.0,3.6
Ahmedabad,23.0225,72.5714,2026-02-22 20:00:00,28.1,25.9,652.0,27.9,9.3,77.0,30.0,26,0.0,4.4
Ahmedabad,23.0225,72.5714,2026-02-22 21:00:00,29.4,27.1,691.0,28.9,10.1,69.0,29.2,29,0.0,5.1
Ahmedabad,23.0225,72.5714,2026-02-22 22:00:00,31.3,28.8,696.0,27.1,10.5,67.0,28.5,30,0.0,4.6
Ahmedabad,23.0225,72.5714,2026-02-22 23:00:00,33.3,30.5,700.0,25.6,10.7,64.0,27.2,40,0.0,0.7
Ahmedabad,23.0225,72.5714,2026-02-23 00:00:00,34.9,31.9,713.0,25.7,10.4,58.0,27.0,32,0.0,1.0
Ahmedabad,23.0225,72.5714,2026-02-23 01:00:00,36.4,33.2,723.0,26.1,9.8,51.0,26.2,37,0.0,0.8
Ahmedabad,23.0225,72.5714,2026-02-23 02:00:00,39.5,35.9,729.0,26.5,9.5,45.0,25.4,36,0.0,5.6
Ahmedabad,23.0225,72.5714,2026-02-23 03:00:00,43.0,39.0,724.0,26.9,9.7,40.0,24.5,38,0.0,5.9
Ahmedabad,23.0225,72.5714,2026-02-23 04:00:00,45.9,41.7,714.0,27.3,10.1,36.0,24.0,40,0.0,5.8
Ahmedabad,23.0225,72.5714,2026-02-23 05:00:00,51.6,45.8,717.0,31.9,9.4,26.0,23.6,38,0.0,7.1
Ahmedabad,23.0225,72.5714,2026-02-23 06:00:00,48.3,42.0,762.0,30.3,9.8,30.0,23.3,37,0.0,8.6
Ahmedabad,23.0225,72.5714,2026-02-23 07:00:00,44.4,38.4,819.0,27.8,10.4,37.0,22.7,37,0.0,5.2
Ahmedabad,23.0225,72.5714,2026-02-23 08:00:00,37.0,32.7,821.0,24.2,10.5,49.0,23.4,36,0.0,2.8
Ahmedabad,23.0225,72.5714,2026-02-23 09:00:00,32.5,28.4,716.0,18.4,9.9,73.0,25.2,32,0.0,2.7
Ahmedabad,23.0225,72.5714,2026-02-23 10:00:00,26.3,22.2,554.0,11.4,8.8,102.0,27.6,27,0.0,3.6
Ahmedabad,23.0225,72.5714,2026-02-23 11:00:00,21.7,17.6,423.0,6.0,7.5,122.0,29.6,25,0.0,3.8
Ahmedabad,23.0225,72.5714,2026-02-23 12:00:00,20.6,17.5,356.0,3.3,5.9,126.0,31.3,22,0.0,1.7
Ahmedabad,23.0225,72.5714,2026-02-23 13:00:00,22.0,19.8,319.0,2.2,4.0,121.0,32.5,20,0.0,0.6
Ahmedabad,23.0225,72.5714,2026-02-23 14:00:00,23.5,21.7,292.0,1.8,2.8,116.0,32.9,20,0.0,4.2
Ahmedabad,23.0225,72.5714,2026-02-23 15:00:00,24.6,22.9,254.0,1.3,2.4,116.0,32.9,21,0.0,7.8
Ahmedabad,23.0225,72.5714,2026-02-23 16:00:00,25.1,23.6,226.0,1.5,2.6,115.0,32.7,22,0.0,11.0
Ahmedabad,23.0225,72.5714,2026-02-23 17:00:00,33.1,29.8,247.0,5.9,4.2,112.0,32.2,23,0.0,5.0
Ahmedabad,23.0225,72.5714,2026-02-23 18:00:00,38.9,35.9,362.0,19.1,6.7,91.0,31.7,24,0.0,4.8
Ahmedabad,23.0225,72.5714,2026-02-23 19:00:00,48.4,45.4,526.0,37.1,10.2,62.0,30.4,27,0.0,8.2
Ahmedabad,23.0225,72.5714,2026-02-23 20:00:00,51.8,48.8,650.0,48.3,12.5,42.0,28.9,31,0.0,8.3
Ahmedabad,23.0225,72.5714,2026-02-23 21:00:00,49.0,46.3,700.0,46.4,12.7,39.0,28.3,31,0.0,7.9
Ahmedabad,23.0225,72.5714,2026-02-23 22:00:00,46.3,43.8,710.0,37.8,11.8,45.0,27.6,33,0.0,7.7
Ahmedabad,23.0225,72.5714,2026-02-23 23:00:00,45.2,42.5,688.0,30.2,10.7,49.0,27.0,36,0.0,3.8
Ahmedabad,23.0225,72.5714,2026-02-24 00:00:00,44.1,41.4,618.0,26.4,9.7,48.0,27.1,35,0.0,1.0
Ahmedabad,23.0225,72.5714,2026-02-24 01:00:00,42.1,39.5,518.0,23.7,8.5,46.0,26.5,37,0.0,0.6
Ahmedabad,23.0225,72.5714,2026-02-24 02:00:00,39.7,37.1,445.0,21.0,7.5,44.0,26.0,38,0.0,2.7
Ahmedabad,23.0225,72.5714,2026-02-24 03:00:00,36.7,34.5,422.0,17.6,6.8,45.0,25.2,40,0.0,5.2
Ahmedabad,23.0225,72.5714,2026-02-24 04:00:00,33.2,31.3,427.0,14.3,6.3,46.0,24.1,43,0.0,5.8
Ahmedabad,23.0225,72.5714,2026-02-24 05:00:00,36.8,34.6,456.0,18.0,7.0,35.0,24.0,43,0.0,8.1
Ahmedabad,23.0225,72.5714,2026-02-24 06:00:00,32.9,31.2,537.0,19.1,7.8,34.0,24.3,41,0.0,7.6
Ahmedabad,23.0225,72.5714,2026-02-24 07:00:00,32.4,30.9,642.0,20.4,8.9,33.0,24.1,40,0.0,7.4
Ahmedabad,23.0225,72.5714,2026-02-24 08:00:00,32.1,31.1,678.0,19.9,9.8,41.0,24.7,39,0.0,5.3
Ahmedabad,23.0225,72.5714,2026-02-24 09:00:00,30.9,29.9,580.0,16.0,10.6,65.0,25.9,37,0.0,6.2
Ahmedabad,23.0225,72.5714,2026-02-24 10:00:00,26.8,25.6,413.0,10.3,11.2,97.0,28.6,31,0.0,6.7
Ahmedabad,23.0225,72.5714,2026-02-24 11:00:00,20.7,19.4,284.0,5.8,11.2,121.0,31.5,26,0.0,7.2
Ahmedabad,23.0225,72.5714,2026-02-24 12:00:00,16.8,15.3,236.0,3.5,10.0,130.0,32.8,22,0.0,6.8
Ahmedabad,23.0225,72.5714,2026-02-24 13:00:00,14.6,13.1,225.0,2.3,8.2,130.0,33.2,20,0.0,6.0
Ahmedabad,23.0225,72.5714,2026-02-24 14:00:00,15.0,13.5,223.0,2.2,7.0,128.0,33.8,20,0.0,4.5
Ahmedabad,23.0225,72.5714,2026-02-24 15:00:00,16.0,14.6,214.0,2.2,6.7,127.0,34.1,19,0.0,5.4
Ahmedabad,23.0225,72.5714,2026-02-24 16:00:00,17.5,15.9,215.0,3.2,7.0,123.0,34.0,19,0.0,8.7
Ahmedabad,23.0225,72.5714,2026-02-24 17:00:00,16.7,15.8,245.0,7.7,6.8,116.0,33.4,19,0.0,6.0
Ahmedabad,23.0225,72.5714,2026-02-24 18:00:00,20.8,20.0,332.0,18.0,9.9,98.0,32.5,20,0.0,5.1
Ahmedabad,23.0225,72.5714,2026-02-24 19:00:00,28.8,28.1,449.0,32.0,14.1,72.0,31.3,22,0.0,2.7
Ahmedabad,23.0225,72.5714,2026-02-24 20:00:00,32.9,32.2,536.0,41.1,16.9,53.0,30.9,23,0.0,4.0
Ahmedabad,23.0225,72.5714,2026-02-24 21:00:00,34.2,33.6,562.0,41.0,17.2,46.0,30.2,25,0.0,6.4
Ahmedabad,23.0225,72.5714,2026-02-24 22:00:00,32.9,32.4,558.0,36.0,16.1,44.0,29.6,26,0.0,4.1
Ahmedabad,23.0225,72.5714,2026-02-24 23:00:00,31.4,30.9,556.0,31.0,14.7,44.0,28.2,30,0.0,2.2
Ahmedabad,23.0225,72.5714,2026-02-25 00:00:00,30.0,29.6,570.0,27.1,13.0,43.0,27.2,33,0.0,7.8
Ahmedabad,23.0225,72.5714,2026-02-25 01:00:00,28.4,27.9,586.0,23.2,11.0,43.0,25.9,36,0.0,7.3
Ahmedabad,23.0225,72.5714,2026-02-25 02:00:00,26.3,25.9,595.0,20.3,9.5,42.0,25.0,38,0.0,6.1
Ahmedabad,23.0225,72.5714,2026-02-25 03:00:00,25.9,25.4,588.0,19.0,8.9,41.0,24.2,40,0.0,5.2
Ahmedabad,23.0225,72.5714,2026-02-25 04:00:00,27.1,26.5,573.0,18.7,8.9,39.0,24.0,41,0.0,1.6
Ahmedabad,23.0225,72.5714,2026-02-25 05:00:00,30.3,29.7,573.0,19.2,10.4,39.0,24.3,42,0.0,5.3
Ahmedabad,23.0225,72.5714,2026-02-25 06:00:00,33.1,32.5,615.0,21.1,11.2,33.0,24.8,41,0.0,6.0
Ahmedabad,23.0225,72.5714,2026-02-25 07:00:00,33.9,33.4,671.0,23.5,12.4,26.0,24.1,43,0.0,6.4
Ahmedabad,23.0225,72.5714,2026-02-25 08:00:00,31.4,31.2,674.0,23.6,13.7,31.0,24.7,41,0.0,6.9
Ahmedabad,23.0225,72.5714,2026-02-25 09:00:00,28.0,27.5,574.0,19.5,15.3,59.0,27.2,36,0.0,6.0
Ahmedabad,23.0225,72.5714,2026-02-25 10:00:00,28.6,27.6,422.0,13.1,16.9,99.0,29.9,32,0.0,6.7
Ahmedabad,23.0225,72.5714,2026-02-25 11:00:00,32.5,31.0,303.0,8.0,17.6,131.0,32.2,27,0.0,5.1
Ahmedabad,23.0225,72.5714,2026-02-25 12:00:00,34.7,32.8,253.0,5.2,16.6,149.0,33.8,23,0.0,5.0
Ahmedabad,23.0225,72.5714,2026-02-25 13:00:00,32.6,30.6,236.0,3.5,14.7,158.0,34.9,20,0.0,6.2
Ahmedabad,23.0225,72.5714,2026-02-25 14:00:00,28.1,26.4,230.0,3.2,13.2,162.0,35.2,19,0.0,6.3
Ahmedabad,23.0225,72.5714,2026-02-25 15:00:00,24.2,22.8,221.0,3.6,12.3,160.0,35.2,19,0.0,7.2
Ahmedabad,23.0225,72.5714,2026-02-25 16:00:00,23.1,21.7,222.0,5.2,11.7,151.0,34.9,18,0.0,9.7
Ahmedabad,23.0225,72.5714,2026-02-25 17:00:00,24.6,23.3,251.0,5.6,14.0,155.0,33.9,20,0.0,10.0
Ahmedabad,23.0225,72.5714,2026-02-25 18:00:00,30.9,29.6,336.0,19.3,16.6,126.0,32.8,23,0.0,10.0
Ahmedabad,23.0225,72.5714,2026-02-25 19:00:00,41.9,40.6,448.0,38.1,20.3,86.0,32.3,25,0.0,7.4
Ahmedabad,23.0225,72.5714,2026-02-25 20:00:00,48.7,47.5,520.0,52.0,23.3,55.0,32.0,25,0.0,2.2
Ahmedabad,23.0225,72.5714,2026-02-25 21:00:00,53.9,52.7,520.0,56.8,25.3,41.0,30.7,27,0.0,0.7
Ahmedabad,23.0225,72.5714,2026-02-25 22:00:00,58.9,57.7,480.0,56.8,26.6,36.0,30.2,29,0.0,2.5
Ahmedabad,23.0225,72.5714,2026-02-25 23:00:00,60.1,59.0,430.0,54.1,26.3,34.0,28.9,33,0.0,9.2
Ahmedabad,23.0225,72.5714,2026-02-26 00:00:00,57.9,56.7,368.0,48.8,23.2,33.0,27.2,38,0.0,9.6
Ahmedabad,23.0225,72.5714,2026-02-26 01:00:00,52.3,51.3,296.0,40.9,18.5,34.0,26.4,41,0.0,8.9
Ahmedabad,23.0225,72.5714,2026-02-26 02:00:00,42.0,41.1,253.0,33.0,14.5,37.0,25.4,43,0.0,8.2
Ahmedabad,23.0225,72.5714,2026-02-26 03:00:00,31.0,30.2,263.0,24.9,12.0,43.0,24.7,45,0.0,8.2
Ahmedabad,23.0225,72.5714,2026-02-26 04:00:00,24.4,23.4,303.0,16.8,10.1,51.0,24.0,47,0.0,9.4
Ahmedabad,23.0225,72.5714,2026-02-26 05:00:00,18.7,17.6,341.0,9.9,9.3,57.0,23.1,54,0.0,8.8
Ahmedabad,23.0225,72.5714,2026-02-26 06:00:00,17.5,16.1,373.0,11.8,9.6,54.0,22.5,58,0.0,7.4
Ahmedabad,23.0225,72.5714,2026-02-26 07:00:00,19.9,18.1,405.0,14.3,9.9,50.0,21.9,61,0.0,3.7
Ahmedabad,23.0225,72.5714,2026-02-26 08:00:00,21.6,19.7,420.0,15.0,10.2,54.0,22.8,59,0.0,3.8
Ahmedabad,23.0225,72.5714,2026-02-26 09:00:00,19.0,16.0,412.0,12.3,10.4,72.0,24.7,53,0.0,4.2
Ahmedabad,23.0225,72.5714,2026-02-26 10:00:00,20.4,16.5,389.0,7.8,10.5,96.0,27.4,43,0.0,3.2
Ahmedabad,23.0225,72.5714,2026-02-26 11:00:00,22.2,17.8,355.0,4.3,10.5,117.0,30.1,35,0.0,3.6
Ahmedabad,23.0225,72.5714,2026-02-26 12:00:00,23.2,18.9,303.0,2.9,10.1,129.0,32.0,29,0.0,7.4
Ahmedabad,23.0225,72.5714,2026-02-26 13:00:00,22.3,18.6,240.0,2.4,9.5,138.0,32.7,27,0.0,9.1
Ahmedabad,23.0225,72.5714,2026-02-26 14:00:00,20.3,17.2,196.0,2.4,9.1,142.0,33.0,27,0.0,9.1
Ahmedabad,23.0225,72.5714,2026-02-26 15:00:00,19.9,17.3,184.0,1.6,8.9,143.0,33.1,26,0.0,8.7
Ahmedabad,23.0225,72.5714,2026-02-26 16:00:00,20.4,17.9,192.0,1.2,8.8,141.0,32.8,27,0.0,8.8
Ahmedabad,23.0225,72.5714,2026-02-26 17:00:00,19.6,18.2,209.0,4.8,13.4,133.0,32.0,27,0.0,10.4
Ahmedabad,23.0225,72.5714,2026-02-26 18:00:00,21.8,20.5,238.0,12.6,15.2,114.0,30.9,25,0.0,11.8
Ahmedabad,23.0225,72.5714,2026-02-26 19:00:00,27.6,26.5,277.0,23.1,17.6,88.0,29.6,27,0.0,11.9
Ahmedabad,23.0225,72.5714,2026-02-26 20:00:00,29.6,28.6,309.0,29.6,18.9,67.0,28.8,26,0.0,9.1
Ahmedabad,23.0225,72.5714,2026-02-26 21:00:00,26.7,25.9,330.0,28.3,18.1,58.0,27.7,28,0.0,8.0
Ahmedabad,23.0225,72.5714,2026-02-26 22:00:00,21.9,21.1,344.0,23.1,16.1,55.0,26.2,35,0.0,8.4
Ahmedabad,23.0225,72.5714,2026-02-26 23:00:00,17.4,16.6,343.0,18.1,13.8,53.0,24.9,41,0.0,8.2
Ahmedabad,23.0225,72.5714,2026-02-27 00:00:00,14.1,13.2,312.0,14.8,11.0,53.0,24.0,45,0.0,8.1
Ahmedabad,23.0225,72.5714,2026-02-27 01:00:00,12.4,11.6,266.0,11.8,7.9,54.0,23.2,51,0.0,8.7
Ahmedabad,23.0225,72.5714,2026-02-27 02:00:00,11.7,10.8,239.0,9.6,5.7,55.0,22.3,59,0.0,8.3
Ahmedabad,23.0225,72.5714,2026-02-27 03:00:00,11.7,10.9,249.0,8.3,4.8,53.0,21.6,65,0.0,7.9
Ahmedabad,23.0225,72.5714,2026-02-27 04:00:00,13.1,12.0,277.0,7.8,4.7,51.0,20.9,70,0.0,6.8
Ahmedabad,23.0225,72.5714,2026-02-27 05:00:00,14.2,12.9,309.0,8.9,4.9,45.0,20.3,73,0.0,6.1
Ahmedabad,23.0225,72.5714,2026-02-27 06:00:00,15.9,14.3,347.0,10.6,6.0,42.0,20.2,72,0.0,5.7
Ahmedabad,23.0225,72.5714,2026-02-27 07:00:00,20.8,18.7,388.0,12.8,7.6,40.0,20.0,74,0.0,5.5
Ahmedabad,23.0225,72.5714,2026-02-27 08:00:00,22.5,20.4,403.0,13.5,9.0,45.0,21.0,74,0.0,5.5
Ahmedabad,23.0225,72.5714,2026-02-27 09:00:00,22.9,19.4,370.0,11.1,10.0,65.0,22.8,69,0.0,5.9
Ahmedabad,23.0225,72.5714,2026-02-27 10:00:00,24.6,20.1,312.0,7.1,10.8,94.0,24.9,59,0.0,5.4
Ahmedabad,23.0225,72.5714,2026-02-27 11:00:00,26.1,21.1,262.0,4.0,11.0,116.0,27.0,51,0.0,5.5
Ahmedabad,23.0225,72.5714,2026-02-27 12:00:00,24.2,19.4,233.0,2.6,10.2,127.0,29.0,40,0.0,6.6
Ahmedabad,23.0225,72.5714,2026-02-27 13:00:00,22.8,18.2,214.0,2.0,8.8,132.0,30.0,35,0.0,8.1
Ahmedabad,23.0225,72.5714,2026-02-27 14:00:00,22.4,17.9,202.0,1.9,7.8,134.0,30.5,32,0.0,9.2
Ahmedabad,23.0225,72.5714,2026-02-27 15:00:00,22.2,17.9,194.0,1.0,7.3,136.0,30.7,31,0.0,8.9
Ahmedabad,23.0225,72.5714,2026-02-27 16:00:00,22.0,17.9,195.0,0.5,7.2,135.0,30.6,32,0.0,8.5
Ahmedabad,23.0225,72.5714,2026-02-27 17:00:00,26.0,21.1,216.0,3.6,8.0,120.0,29.7,34,0.0,9.1
Ahmedabad,23.0225,72.5714,2026-02-27 18:00:00,27.9,23.1,281.0,13.6,10.0,103.0,29.3,34,0.0,8.4
Ahmedabad,23.0225,72.5714,2026-02-27 19:00:00,34.8,30.5,367.0,27.2,12.7,79.0,29.0,35,0.0,5.0
Ahmedabad,23.0225,72.5714,2026-02-27 20:00:00,40.4,36.6,415.0,35.7,15.2,61.0,28.1,38,0.0,8.2
Ahmedabad,23.0225,72.5714,2026-02-27 21:00:00,40.0,36.9,391.0,34.3,17.2,56.0,26.0,49,0.0,9.4
Ahmedabad,23.0225,72.5714,2026-02-27 22:00:00,32.0,29.8,330.0,27.7,18.9,57.0,24.3,61,0.0,8.7
Ahmedabad,23.0225,72.5714,2026-02-27 23:00:00,24.0,22.4,279.0,21.5,19.5,59.0,23.3,68,0.0,9.1
Ahmedabad,23.0225,72.5714,2026-02-28 00:00:00,18.5,16.7,252.0,17.4,18.6,61.0,23.1,69,0.0,8.8
Ahmedabad,23.0225,72.5714,2026-02-28 01:00:00,16.4,13.9,234.0,13.6,16.6,64.0,22.7,70,0.0,7.7
Ahmedabad,23.0225,72.5714,2026-02-28 02:00:00,15.7,12.9,228.0,10.6,14.3,65.0,22.4,70,0.0,5.9
Ahmedabad,23.0225,72.5714,2026-02-28 03:00:00,15.4,12.5,233.0,8.3,11.4,63.0,22.1,68,0.0,7.0
Ahmedabad,23.0225,72.5714,2026-02-28 04:00:00,15.3,12.6,249.0,6.8,8.1,59.0,21.7,67,0.0,6.7
Ahmedabad,23.0225,72.5714,2026-02-28 05:00:00,17.2,14.4,279.0,10.6,8.6,45.0,21.6,68,0.0,6.7
Ahmedabad,23.0225,72.5714,2026-02-28 06:00:00,18.3,15.5,341.0,12.3,8.6,42.0,21.6,67,0.0,6.4
Ahmedabad,23.0225,72.5714,2026-02-28 07:00:00,21.8,18.9,418.0,14.5,8.5,39.0,21.5,66,0.0,5.5
Ahmedabad,23.0225,72.5714,2026-02-28 08:00:00,23.1,20.7,454.0,14.9,8.2,45.0,22.5,62,0.0,3.4
Ahmedabad,23.0225,72.5714,2026-02-28 09:00:00,23.3,19.0,415.0,11.9,7.6,68.0,24.7,48,0.0,4.9
Ahmedabad,23.0225,72.5714,2026-02-28 10:00:00,24.9,18.5,336.0,7.2,6.8,100.0,26.7,37,0.0,5.9
Ahmedabad,23.0225,72.5714,2026-02-28 11:00:00,25.3,17.9,272.0,3.5,6.1,124.0,28.6,32,0.0,5.5
Ahmedabad,23.0225,72.5714,2026-02-28 12:00:00,24.0,16.6,242.0,2.1,5.6,133.0,30.2,28,0.0,6.4
Ahmedabad,23.0225,72.5714,2026-02-28 13:00:00,22.8,16.5,227.0,1.7,5.1,133.0,31.0,27,0.0,7.9
Ahmedabad,23.0225,72.5714,2026-02-28 14:00:00,22.6,16.9,219.0,1.7,4.9,133.0,31.4,26,0.0,7.3
Ahmedabad,23.0225,72.5714,2026-02-28 15:00:00,22.5,17.1,213.0,0.5,4.6,136.0,31.6,26,0.0,7.4
Ahmedabad,23.0225,72.5714,2026-02-28 16:00:00,22.5,17.2,215.0,0.0,4.5,137.0,31.5,26,0.0,8.0
Ahmedabad,23.0225,72.5714,2026-02-28 17:00:00,27.2,21.4,236.0,3.2,5.3,124.0,31.1,27,0.0,8.0
Ahmedabad,23.0225,72.5714,2026-02-28 18:00:00,28.3,22.9,295.0,14.2,7.3,104.0,30.4,29,0.0,7.1
Ahmedabad,23.0225,72.5714,2026-02-28 19:00:00,36.6,31.4,374.0,29.5,10.2,76.0,29.5,31,0.0,4.7
Ahmedabad,23.0225,72.5714,2026-02-28 20:00:00,45.2,40.0,424.0,42.8,13.7,53.0,28.4,35,0.0,7.0
Ahmedabad,23.0225,72.5714,2026-02-28 21:00:00,52.6,47.5,420.0,51.9,18.6,40.0,27.6,35,0.0,5.8
Ahmedabad,23.0225,72.5714,2026-02-28 22:00:00,59.1,54.1,388.0,58.8,24.2,31.0,26.8,36,0.0,6.5
Ahmedabad,23.0225,72.5714,2026-02-28 23:00:00,65.7,60.5,359.0,63.4,27.9,25.0,26.5,37,0.0,5.6
Ahmedabad,23.0225,72.5714,2026-03-01 00:00:00,69.6,64.3,343.0,66.2,28.7,19.0,26.2,37,0.0,5.1
Ahmedabad,23.0225,72.5714,2026-03-01 01:00:00,72.9,67.5,329.0,66.5,27.6,16.0,25.8,38,0.0,5.0
Ahmedabad,23.0225,72.5714,2026-03-01 02:00:00,70.8,65.4,317.0,62.6,25.3,15.0,24.2,43,0.0,9.3
Ahmedabad,23.0225,72.5714,2026-03-01 03:00:00,60.1,54.1,302.0,51.0,21.2,19.0,23.0,51,0.0,7.6
Ahmedabad,23.0225,72.5714,2026-03-01 04:00:00,49.8,41.3,289.0,35.1,16.0,26.0,22.3,55,0.0,7.4
Ahmedabad,23.0225,72.5714,2026-03-01 05:00:00,38.4,20.7,294.0,8.4,6.1,52.0,22.1,57,0.0,8.1
Ahmedabad,23.0225,72.5714,2026-03-01 06:00:00,38.0,19.4,339.0,10.2,6.7,48.0,21.7,59,0.0,8.7
Ahmedabad,23.0225,72.5714,2026-03-01 07:00:00,41.6,21.5,402.0,12.7,7.4,44.0,21.3,63,0.0,7.2
Ahmedabad,23.0225,72.5714,2026-03-01 08:00:00,39.1,21.9,434.0,13.4,7.9,48.0,22.4,63,0.0,4.6
Ahmedabad,23.0225,72.5714,2026-03-01 09:00:00,47.4,20.5,404.0,10.9,7.9,66.0,24.6,56,0.0,4.8
Ahmedabad,23.0225,72.5714,2026-03-01 10:00:00,53.6,21.8,343.0,6.7,7.7,93.0,27.1,47,0.0,4.3
Ahmedabad,23.0225,72.5714,2026-03-01 11:00:00,54.2,21.9,292.0,3.5,7.3,114.0,29.5,38,0.0,5.9
Ahmedabad,23.0225,72.5714,2026-03-01 12:00:00,44.9,19.3,267.0,2.2,6.8,125.0,31.1,33,0.0,5.1
Ahmedabad,23.0225,72.5714,2026-03-01 13:00:00,36.1,16.8,254.0,1.8,6.2,132.0,32.1,30,0.0,4.2
Ahmedabad,23.0225,72.5714,2026-03-01 14:00:00,33.4,16.5,247.0,1.8,5.8,136.0,32.8,28,0.0,3.8
Ahmedabad,23.0225,72.5714,2026-03-01 15:00:00,32.1,16.6,239.0,0.9,5.5,141.0,33.2,27,0.0,4.3
Ahmedabad,23.0225,72.5714,2026-03-01 16:00:00,31.7,16.9,237.0,0.3,5.5,144.0,33.1,27,0.0,4.8
Ahmedabad,23.0225,72.5714,2026-03-01 17:00:00,34.0,18.7,266.0,3.8,7.0,136.0,32.6,28,0.0,2.7
Ahmedabad,23.0225,72.5714,2026-03-01 18:00:00,36.9,21.9,355.0,16.2,9.8,114.0,31.6,31,0.0,4.6
Ahmedabad,23.0225,72.5714,2026-03-01 19:00:00,48.1,33.1,474.0,33.2,13.7,84.0,30.0,36,0.0,6.1
Ahmedabad,23.0225,72.5714,2026-03-01 20:00:00,55.6,40.6,556.0,46.0,17.0,60.0,29.4,37,0.0,4.7
Ahmedabad,23.0225,72.5714,2026-03-01 21:00:00,59.5,44.2,571.0,50.3,19.1,48.0,29.0,39,0.0,6.7
Ahmedabad,23.0225,72.5714,2026-03-01 22:00:00,62.4,47.0,549.0,50.3,20.6,42.0,28.4,39,0.0,7.7
Ahmedabad,23.0225,72.5714,2026-03-01 23:00:00,65.2,49.7,514.0,49.4,21.2,37.0,27.6,42,0.0,6.0
Ahmedabad,23.0225,72.5714,2026-03-02 00:00:00,66.1,50.4,460.0,48.8,20.6,33.0,27.3,42,0.0,6.3
Ahmedabad,23.0225,72.5714,2026-03-02 01:00:00,65.9,50.2,392.0,47.3,19.2,30.0,26.6,43,0.0,6.1
Ahmedabad,23.0225,72.5714,2026-03-02 02:00:00,66.1,50.5,351.0,45.2,17.9,28.0,25.7,45,0.0,6.5
Ahmedabad,23.0225,72.5714,2026-03-02 03:00:00,65.2,49.8,350.0,41.8,16.7,25.0,24.9,47,0.0,7.1
Ahmedabad,23.0225,72.5714,2026-03-02 04:00:00,63.6,48.7,376.0,37.7,15.7,23.0,24.4,49,0.0,6.4
Ahmedabad,23.0225,72.5714,2026-03-02 05:00:00,47.6,32.9,426.0,20.4,9.2,40.0,23.4,57,0.0,1.8
Ahmedabad,23.0225,72.5714,2026-03-02 06:00:00,49.9,35.6,533.0,23.6,11.1,37.0,23.6,53,0.0,3.3
Ahmedabad,23.0225,72.5714,2026-03-02 07:00:00,57.3,43.1,665.0,27.6,13.7,34.0,23.1,55,0.0,3.3
Ahmedabad,23.0225,72.5714,2026-03-02 08:00:00,53.3,42.3,724.0,28.2,15.0,42.0,24.0,52,0.0,2.9
Ahmedabad,23.0225,72.5714,2026-03-02 09:00:00,43.8,31.2,642.0,21.9,14.0,71.0,26.5,44,0.0,1.7
Ahmedabad,23.0225,72.5714,2026-03-02 10:00:00,40.3,26.2,486.0,12.2,11.8,112.0,29.0,37,0.0,2.8
Ahmedabad,23.0225,72.5714,2026-03-02 11:00:00,38.1,23.3,365.0,4.8,10.0,143.0,31.0,33,0.0,4.7
Ahmedabad,23.0225,72.5714,2026-03-02 12:00:00,36.9,21.3,322.0,2.3,9.2,156.0,32.6,28,0.0,1.7
Ahmedabad,23.0225,72.5714,2026-03-02 13:00:00,36.3,21.1,313.0,2.0,8.7,160.0,33.8,24,0.0,0.3
Ahmedabad,23.0225,72.5714,2026-03-02 14:00:00,35.5,21.5,311.0,2.3,8.3,161.0,34.5,23,0.0,1.2
Ahmedabad,23.0225,72.5714,2026-03-02 15:00:00,34.7,21.7,301.0,1.2,7.6,164.0,34.8,21,0.0,2.0
Ahmedabad,23.0225,72.5714,2026-03-02 16:00:00,33.5,21.4,298.0,0.6,6.9,165.0,34.6,22,0.0,2.3
Ahmedabad,23.0225,72.5714,2026-03-02 17:00:00,23.5,15.8,321.0,4.0,8.0,150.0,33.9,22,0.0,5.2
Ahmedabad,23.0225,72.5714,2026-03-02 18:00:00,26.9,19.3,388.0,18.3,11.2,125.0,32.7,24,0.0,4.8
Ahmedabad,23.0225,72.5714,2026-03-02 19:00:00,38.8,31.2,481.0,38.2,15.8,89.0,31.3,27,0.0,5.7
Ahmedabad,23.0225,72.5714,2026-03-02 20:00:00,49.7,42.0,559.0,53.8,20.0,60.0,30.8,28,0.0,5.2
Ahmedabad,23.0225,72.5714,2026-03-02 21:00:00,57.5,49.8,621.0,61.5,23.8,44.0,30.3,30,0.0,5.3
Ahmedabad,23.0225,72.5714,2026-03-02 22:00:00,63.1,55.3,669.0,65.0,27.3,34.0,29.3,34,0.0,5.8
Ahmedabad,23.0225,72.5714,2026-03-02 23:00:00,66.8,58.8,665.0,65.8,29.0,28.0,28.6,37,0.0,3.9
Ahmedabad,23.0225,72.5714,2026-03-03 00:00:00,67.8,59.6,563.0,63.8,27.8,25.0,28.1,38,0.0,7.1
Ahmedabad,23.0225,72.5714,2026-03-03 01:00:00,66.4,58.0,410.0,59.2,24.9,24.0,26.8,41,0.0,7.4
Ahmedabad,23.0225,72.5714,2026-03-03 02:00:00,63.1,54.8,307.0,53.5,21.8,25.0,26.2,42,0.0,7.2
Ahmedabad,23.0225,72.5714,2026-03-03 03:00:00,58.3,50.1,297.0,46.6,19.0,25.0,25.7,42,0.0,5.8
Ahmedabad,23.0225,72.5714,2026-03-03 04:00:00,53.2,44.8,337.0,38.7,16.0,26.0,25.2,44,0.0,6.2
Ahmedabad,23.0225,72.5714,2026-03-03 05:00:00,37.6,29.7,399.0,22.3,9.2,39.0,24.3,49,0.0,6.2
Ahmedabad,23.0225,72.5714,2026-03-03 06:00:00,34.8,27.4,503.0,22.5,9.6,39.0,24.1,49,0.0,6.7
Ahmedabad,23.0225,72.5714,2026-03-03 07:00:00,36.6,28.9,629.0,22.6,10.1,40.0,23.8,50,0.0,6.5
Ahmedabad,23.0225,72.5714,2026-03-03 08:00:00,34.1,28.6,687.0,20.9,10.3,50.0,25.1,46,0.0,4.6
Ahmedabad,23.0225,72.5714,2026-03-03 09:00:00,32.6,27.0,616.0,15.8,9.8,77.0,27.7,38,0.0,3.3
Ahmedabad,23.0225,72.5714,2026-03-03 10:00:00,30.3,22.5,476.0,9.0,9.0,112.0,30.4,32,0.0,4.4
Ahmedabad,23.0225,72.5714,2026-03-03 11:00:00,28.2,18.9,360.0,3.9,8.2,139.0,32.6,28,0.0,5.7
Ahmedabad,23.0225,72.5714,2026-03-03 12:00:00,28.4,17.9,303.0,2.0,7.6,151.0,34.5,22,0.0,4.0
Ahmedabad,23.0225,72.5714,2026-03-03 13:00:00,27.1,17.4,269.0,1.9,7.2,155.0,35.6,19,0.0,4.2
Ahmedabad,23.0225,72.5714,2026-03-03 14:00:00,25.5,16.9,247.0,2.1,6.7,156.0,36.4,17,0.0,6.3
Ahmedabad,23.0225,72.5714,2026-03-03 15:00:00,24.2,16.2,225.0,1.2,5.9,157.0,36.4,17,0.0,8.5
Ahmedabad,23.0225,72.5714,2026-03-03 16:00:00,23.2,15.6,216.0,0.6,5.2,155.0,36.1,17,0.0,9.1
Ahmedabad,23.0225,72.5714,2026-03-03 17:00:00,21.9,15.8,240.0,3.6,4.9,135.0,35.5,19,0.0,8.8
Ahmedabad,23.0225,72.5714,2026-03-03 18:00:00,25.3,19.4,317.0,13.8,7.0,114.0,34.7,20,0.0,7.7
Ahmedabad,23.0225,72.5714,2026-03-03 19:00:00,34.1,27.9,428.0,27.8,9.9,84.0,33.8,22,0.0,7.5
Ahmedabad,23.0225,72.5714,2026-03-03 20:00:00,40.4,33.8,541.0,37.8,12.3,61.0,33.3,23,0.0,6.1
Ahmedabad,23.0225,72.5714,2026-03-03 21:00:00,44.1,36.7,674.0,40.2,13.7,52.0,32.5,24,0.0,3.6
Ahmedabad,23.0225,72.5714,2026-03-03 22:00:00,46.7,38.6,809.0,38.6,14.6,49.0,30.8,26,0.0,6.1
Ahmedabad,23.0225,72.5714,2026-03-03 23:00:00,47.5,38.8,856.0,35.7,14.7,48.0,29.4,31,0.0,2.8
Ahmedabad,23.0225,72.5714,2026-03-04 00:00:00,45.4,36.2,739.0,32.0,13.5,48.0,29.3,31,0.0,4.6
Ahmedabad,23.0225,72.5714,2026-03-04 01:00:00,43.2,33.6,534.0,27.0,11.4,49.0,28.3,32,0.0,5.7
Ahmedabad,23.0225,72.5714,2026-03-04 02:00:00,41.0,31.3,380.0,22.4,9.6,51.0,26.9,35,0.0,7.4
Ahmedabad,23.0225,72.5714,2026-03-04 03:00:00,37.8,28.8,333.0,18.5,8.4,52.0,26.3,36,0.0,8.1
Ahmedabad,23.0225,72.5714,2026-03-04 04:00:00,34.3,26.2,337.0,14.9,7.5,53.0,25.9,35,0.0,8.3
Ahmedabad,23.0225,72.5714,2026-03-04 05:00:00,37.8,29.2,366.0,19.6,9.4,44.0,25.4,38,0.0,7.8
Ahmedabad,23.0225,72.5714,2026-03-04 06:00:00,32.2,25.3,434.0,19.7,9.3,44.0,25.3,37,0.0,8.6
Ahmedabad,23.0225,72.5714,2026-03-04 07:00:00,31.0,25.1,527.0,19.6,9.2,46.0,24.6,38,0.0,7.4
Ahmedabad,23.0225,72.5714,2026-03-04 08:00:00,28.6,24.8,576.0,18.1,8.9,55.0,25.6,36,0.0,6.1
Ahmedabad,23.0225,72.5714,2026-03-04 09:00:00,26.6,22.8,541.0,13.9,8.3,79.0,28.1,31,0.0,4.8
Ahmedabad,23.0225,72.5714,2026-03-04 10:00:00,25.8,20.7,462.0,8.2,7.5,110.0,31.1,26,0.0,3.4
Ahmedabad,23.0225,72.5714,2026-03-04 11:00:00,24.6,18.6,388.0,3.9,6.8,134.0,33.7,23,0.0,4.7
Ahmedabad,23.0225,72.5714,2026-03-04 12:00:00,23.1,16.4,333.0,2.2,6.1,143.0,35.7,18,0.0,6.1
Ahmedabad,23.0225,72.5714,2026-03-04 13:00:00,21.9,15.1,283.0,1.8,5.4,144.0,36.6,17,0.0,6.7
Ahmedabad,23.0225,72.5714,2026-03-04 14:00:00,20.8,14.7,248.0,1.9,4.9,144.0,37.0,17,0.0,8.3
Ahmedabad,23.0225,72.5714,2026-03-04 15:00:00,20.0,14.6,227.0,1.5,4.4,145.0,37.0,17,0.0,9.6
Ahmedabad,23.0225,72.5714,2026-03-04 16:00:00,19.2,14.4,222.0,1.6,3.9,144.0,36.6,17,0.0,10.0
Ahmedabad,23.0225,72.5714,2026-03-04 17:00:00,25.0,20.5,244.0,3.8,3.7,133.0,36.1,17,0.0,10.6
Ahmedabad,23.0225,72.5714,2026-03-04 18:00:00,27.2,23.5,324.0,10.5,5.1,115.0,35.3,18,0.0,9.1
Ahmedabad,23.0225,72.5714,2026-03-04 19:00:00,32.9,29.3,431.0,19.6,7.0,90.0,34.3,20,0.0,8.5
Ahmedabad,23.0225,72.5714,2026-03-04 20:00:00,35.9,32.1,491.0,25.6,8.3,71.0,33.5,21,0.0,7.8
Ahmedabad,23.0225,72.5714,2026-03-04 21:00:00,37.1,33.3,458.0,25.7,8.7,64.0,32.2,22,0.0,8.0
Ahmedabad,23.0225,72.5714,2026-03-04 22:00:00,37.1,33.3,377.0,22.7,8.6,64.0,30.3,26,0.0,9.3
Ahmedabad,23.0225,72.5714,2026-03-04 23:00:00,35.3,31.8,312.0,19.2,8.1,65.0,29.2,30,0.0,9.6
Ahmedabad,23.0225,72.5714,2026-03-05 00:00:00,31.3,28.3,286.0,15.7,7.1,67.0,28.5,31,0.0,10.2
Ahmedabad,23.0225,72.5714,2026-03-05 01:00:00,26.8,24.5,274.0,11.8,5.8,71.0,27.6,33,0.0,10.2
Ahmedabad,23.0225,72.5714,2026-03-05 02:00:00,22.0,20.5,268.0,8.6,4.7,74.0,26.8,36,0.0,10.4
Ahmedabad,23.0225,72.5714,2026-03-05 03:00:00,17.6,16.6,262.0,6.4,4.1,77.0,25.9,39,0.0,11.3
Ahmedabad,23.0225,72.5714,2026-03-05 04:00:00,14.7,13.6,261.0,5.0,3.8,80.0,25.3,40,0.0,12.0
Ahmedabad,23.0225,72.5714,2026-03-05 05:00:00,12.6,10.5,273.0,4.7,3.8,81.0,24.6,43,0.0,11.8
Ahmedabad,23.0225,72.5714,2026-03-05 06:00:00,13.2,10.0,312.0,7.4,4.4,73.0,24.1,43,0.0,11.5
Ahmedabad,23.0225,72.5714,2026-03-05 07:00:00,15.7,11.5,363.0,11.0,5.3,63.0,23.7,42,0.0,11.0
Ahmedabad,23.0225,72.5714,2026-03-05 08:00:00,17.7,13.9,388.0,12.7,5.9,62.0,24.6,40,0.0,7.8
Ahmedabad,23.0225,72.5714,2026-03-05 09:00:00,18.7,12.8,365.0,10.7,6.1,79.0,26.8,36,0.0,7.5
Ahmedabad,23.0225,72.5714,2026-03-05 10:00:00,18.1,11.5,316.0,6.7,6.0,105.0,29.7,30,0.0,8.0
Ahmedabad,23.0225,72.5714,2026-03-05 11:00:00,13.6,9.7,273.0,3.6,5.7,126.0,32.6,22,0.0,9.2
Ahmedabad,23.0225,72.5714,2026-03-05 12:00:00,13.4,11.4,246.0,2.3,4.9,136.0,34.5,17,0.0,10.3
Ahmedabad,23.0225,72.5714,2026-03-05 13:00:00,14.9,13.6,224.0,1.9,3.9,140.0,35.6,15,0.0,9.9
Ahmedabad,23.0225,72.5714,2026-03-05 14:00:00,16.4,15.2,212.0,1.9,3.2,142.0,36.2,14,0.0,9.3
Ahmedabad,23.0225,72.5714,2026-03-05 15:00:00,17.4,16.3,205.0,1.4,2.7,143.0,36.3,13,0.0,9.5
Ahmedabad,23.0225,72.5714,2026-03-05 16:00:00,18.4,17.3,207.0,1.3,2.5,142.0,36.2,13,0.0,9.2
Ahmedabad,23.0225,72.5714,2026-03-05 17:00:00,10.6,9.8,231.0,4.0,3.4,134.0,35.6,13,0.0,9.4
Ahmedabad,23.0225,72.5714,2026-03-05 18:00:00,14.6,14.1,297.0,14.1,5.6,113.0,34.5,14,0.0,7.8
Ahmedabad,23.0225,72.5714,2026-03-05 19:00:00,23.0,22.5,386.0,28.1,8.6,83.0,33.0,17,0.0,8.6
Ahmedabad,23.0225,72.5714,2026-03-05 20:00:00,30.0,29.5,454.0,38.9,11.2,59.0,32.1,19,0.0,9.1
Ahmedabad,23.0225,72.5714,2026-03-05 21:00:00,34.9,34.5,490.0,44.2,13.2,46.0,31.0,21,0.0,7.6
Ahmedabad,23.0225,72.5714,2026-03-05 22:00:00,39.2,38.8,504.0,46.4,14.7,38.0,29.6,23,0.0,7.1
Ahmedabad,23.0225,72.5714,2026-03-05 23:00:00,41.7,41.1,490.0,45.4,15.0,34.0,27.9,27,0.0,8.0
Ahmedabad,23.0225,72.5714,2026-03-06 00:00:00,40.4,39.9,425.0,40.0,13.3,34.0,27.1,30,0.0,9.7
Ahmedabad,23.0225,72.5714,2026-03-06 01:00:00,36.0,35.4,332.0,31.5,10.5,39.0,26.0,34,0.0,9.9
Ahmedabad,23.0225,72.5714,2026-03-06 02:00:00,29.5,28.9,265.0,23.6,8.0,43.0,24.8,44,0.0,10.3
Ahmedabad,23.0225,72.5714,2026-03-06 03:00:00,24.0,23.2,250.0,17.2,6.4,47.0,23.8,56,0.0,10.1
Ahmedabad,23.0225,72.5714,2026-03-06 04:00:00,21.3,19.9,261.0,11.4,5.2,50.0,23.2,62,0.0,9.5
Ahmedabad,23.0225,72.5714,2026-03-06 05:00:00,21.6,19.8,284.0,9.4,5.1,49.0,22.3,69,0.0,9.0
Ahmedabad,23.0225,72.5714,2026-03-06 06:00:00,21.1,18.7,324.0,10.4,5.6,46.0,22.0,71,0.0,8.6
Ahmedabad,23.0225,72.5714,2026-03-06 07:00:00,23.3,20.4,375.0,11.6,6.3,43.0,21.5,74,0.0,7.8
Ahmedabad,23.0225,72.5714,2026-03-06 08:00:00,23.3,20.2,403.0,11.7,6.8,48.0,22.5,70,0.0,6.1
Ahmedabad,23.0225,72.5714,2026-03-06 09:00:00,22.6,17.8,388.0,9.6,7.1,67.0,24.6,61,0.0,5.1
Ahmedabad,23.0225,72.5714,2026-03-06 10:00:00,23.4,17.0,350.0,6.3,7.2,93.0,27.1,51,0.0,4.3
Ahmedabad,23.0225,72.5714,2026-03-06 11:00:00,23.8,17.2,315.0,3.8,7.1,115.0,29.5,43,0.0,3.1
Ahmedabad,23.0225,72.5714,2026-03-06 12:00:00,23.1,17.9,290.0,2.7,6.7,129.0,31.8,34,0.0,3.8
Ahmedabad,23.0225,72.5714,2026-03-06 13:00:00,21.6,17.7,268.0,2.3,6.2,139.0,33.2,28,0.0,5.3
Ahmedabad,23.0225,72.5714,2026-03-06 14:00:00,20.2,17.0,251.0,2.3,5.8,145.0,34.2,24,0.0,6.6
Ahmedabad,23.0225,72.5714,2026-03-06 15:00:00,19.0,16.1,236.0,0.7,5.2,149.0,34.6,23,0.0,7.3
Ahmedabad,23.0225,72.5714,2026-03-06 16:00:00,18.0,15.4,226.0,0.0,4.6,148.0,34.4,22,0.0,7.4
Ahmedabad,23.0225,72.5714,2026-03-06 17:00:00,13.2,11.5,237.0,4.2,5.7,134.0,33.7,24,0.0,6.8
Ahmedabad,23.0225,72.5714,2026-03-06 18:00:00,17.3,15.6,286.0,19.6,9.1,109.0,32.8,25,0.0,7.1
Ahmedabad,23.0225,72.5714,2026-03-06 19:00:00,29.9,28.2,355.0,40.9,13.9,75.0,31.8,28,0.0,7.3
Ahmedabad,23.0225,72.5714,2026-03-06 20:00:00,42.6,40.7,412.0,58.5,18.6,46.0,31.2,29,0.0,7.2
Ahmedabad,23.0225,72.5714,2026-03-06 21:00:00,53.6,51.6,443.0,68.9,23.3,29.0,30.6,30,0.0,6.2
Ahmedabad,23.0225,72.5714,2026-03-06 22:00:00,62.6,60.8,461.0,75.5,27.9,18.0,30.0,31,0.0,5.4
Ahmedabad,23.0225,72.5714,2026-03-06 23:00:00,69.8,67.8,472.0,78.4,30.3,10.0,28.5,35,0.0,3.3
Ahmedabad,23.0225,72.5714,2026-03-07 00:00:00,71.9,69.6,481.0,76.9,29.3,6.0,28.4,34,0.0,4.7
Ahmedabad,23.0225,72.5714,2026-03-07 01:00:00,72.4,69.8,483.0,71.7,26.2,6.0,27.1,37,0.0,5.8
Ahmedabad,23.0225,72.5714,2026-03-07 02:00:00,71.0,68.0,466.0,64.9,22.7,8.0,25.5,41,0.0,8.5
Ahmedabad,23.0225,72.5714,2026-03-07 03:00:00,64.5,61.0,405.0,55.9,18.8,11.0,24.0,46,0.0,8.1
Ahmedabad,23.0225,72.5714,2026-03-07 04:00:00,54.6,50.9,325.0,45.1,14.5,16.0,22.6,55,0.0,8.3
Ahmedabad,23.0225,72.5714,2026-03-07 05:00:00,45.6,39.8,285.0,35.4,12.8,23.0,21.6,69,0.0,8.1
Ahmedabad,23.0225,72.5714,2026-03-07 06:00:00,40.4,33.6,331.0,31.8,12.1,26.0,21.0,78,0.0,7.5
Ahmedabad,23.0225,72.5714,2026-03-07 07:00:00,42.4,34.2,417.0,26.6,11.1,31.0,20.7,83,0.0,6.8
Ahmedabad,23.0225,72.5714,2026-03-07 08:00:00,38.9,31.3,468.0,21.2,10.3,44.0,22.1,78,0.0,4.3
Ahmedabad,23.0225,72.5714,2026-03-07 09:00:00,38.0,25.9,445.0,15.3,9.7,70.0,24.7,69,0.0,3.7
Ahmedabad,23.0225,72.5714,2026-03-07 10:00:00,39.1,24.9,387.0,9.1,9.3,104.0,27.8,57,0.0,3.1
Ahmedabad,23.0225,72.5714,2026-03-07 11:00:00,35.7,22.5,336.0,4.6,9.0,132.0,30.6,42,0.0,2.2
Ahmedabad,23.0225,72.5714,2026-03-07 12:00:00,29.7,19.8,305.0,2.8,9.1,148.0,33.0,33,0.0,2.7
Ahmedabad,23.0225,72.5714,2026-03-07 13:00:00,27.6,19.3,281.0,2.7,9.3,158.0,34.7,27,0.0,3.5
Ahmedabad,23.0225,72.5714,2026-03-07 14:00:00,26.1,18.9,261.0,2.9,9.3,164.0,35.7,24,0.0,4.4
Ahmedabad,23.0225,72.5714,2026-03-07 15:00:00,24.8,18.2,232.0,1.4,8.5,167.0,36.2,23,0.0,5.5
Ahmedabad,23.0225,72.5714,2026-03-07 16:00:00,23.5,17.4,206.0,0.3,7.4,166.0,36.1,23,0.0,5.7
Ahmedabad,23.0225,72.5714,2026-03-07 17:00:00,16.7,11.8,222.0,4.5,6.4,150.0,35.2,21,0.0,6.7
Ahmedabad,23.0225,72.5714,2026-03-07 18:00:00,20.8,15.9,320.0,19.7,9.7,124.0,34.2,23,0.0,6.7
Ahmedabad,23.0225,72.5714,2026-03-07 19:00:00,34.2,29.1,458.0,40.9,14.3,88.0,33.1,26,0.0,5.6
Ahmedabad,23.0225,72.5714,2026-03-07 20:00:00,48.4,42.6,553.0,58.6,19.2,57.0,32.3,28,0.0,4.5
Ahmedabad,23.0225,72.5714,2026-03-07 21:00:00,60.5,54.2,563.0,69.9,25.0,38.0,31.2,31,0.0,4.1
Ahmedabad,23.0225,72.5714,2026-03-07 22:00:00,70.3,63.8,529.0,77.6,31.0,24.0,30.4,33,0.0,3.7
Ahmedabad,23.0225,72.5714,2026-03-07 23:00:00,77.3,70.1,486.0,80.6,33.6,15.0,29.1,39,0.0,3.0
Ahmedabad,23.0225,72.5714,2026-03-08 00:00:00,78.2,70.8,435.0,77.3,30.2,11.0,28.6,40,0.0,5.8
Ahmedabad,23.0225,72.5714,2026-03-08 01:00:00,73.6,66.4,376.0,69.4,23.4,11.0,27.4,43,0.0,7.4
Ahmedabad,23.0225,72.5714,2026-03-08 02:00:00,65.9,58.8,336.0,60.3,17.3,13.0,26.7,45,0.0,8.6
Ahmedabad,23.0225,72.5714,2026-03-08 03:00:00,56.9,50.5,323.0,50.1,13.2,16.0,26.1,46,0.0,8.5
Ahmedabad,23.0225,72.5714,2026-03-08 04:00:00,49.7,43.8,330.0,38.8,9.8,22.0,25.3,48,0.0,8.1
Ahmedabad,23.0225,72.5714,2026-03-08 05:00:00,48.5,41.7,369.0,32.6,8.3,24.0,24.0,54,0.0,7.7
Ahmedabad,23.0225,72.5714,2026-03-08 06:00:00,41.0,34.9,477.0,30.5,8.7,30.0,23.9,55,0.0,7.5
Ahmedabad,23.0225,72.5714,2026-03-08 07:00:00,40.2,34.3,616.0,27.3,9.3,40.0,23.5,56,0.0,6.3
Ahmedabad,23.0225,72.5714,2026-03-08 08:00:00,33.8,29.9,684.0,23.1,9.6,57.0,24.8,53,0.0,3.2
Ahmedabad,23.0225,72.5714,2026-03-08 09:00:00,30.3,25.6,612.0,16.8,9.4,87.0,27.7,44,0.0,2.2
Ahmedabad,23.0225,72.5714,2026-03-08 10:00:00,27.9,20.8,469.0,9.5,8.9,124.0,31.2,35,0.0,2.9
Ahmedabad,23.0225,72.5714,2026-03-08 11:00:00,24.4,17.5,353.0,4.1,8.6,153.0,34.0,26,0.0,5.0
Ahmedabad,23.0225,72.5714,2026-03-08 12:00:00,21.0,15.4,306.0,2.2,8.7,167.0,36.0,20,0.0,3.8
Ahmedabad,23.0225,72.5714,2026-03-08 13:00:00,19.4,15.0,286.0,2.3,9.0,173.0,37.3,17,0.0,3.1
Ahmedabad,23.0225,72.5714,2026-03-08 14:00:00,18.3,14.7,275.0,2.7,9.0,176.0,38.3,15,0.0,3.6
Ahmedabad,23.0225,72.5714,2026-03-08 15:00:00,17.5,14.5,261.0,2.3,8.5,179.0,38.7,14,0.0,5.0
Ahmedabad,23.0225,72.5714,2026-03-08 16:00:00,16.5,13.8,255.0,2.3,7.7,178.0,38.4,14,0.0,7.6
Ahmedabad,23.0225,72.5714,2026-03-08 17:00:00,16.8,14.0,268.0,4.6,6.3,165.0,37.7,14,0.0,8.5
Ahmedabad,23.0225,72.5714,2026-03-08 18:00:00,20.4,17.7,317.0,12.2,7.4,140.0,36.3,16,0.0,8.4
Ahmedabad,23.0225,72.5714,2026-03-08 19:00:00,27.1,24.3,385.0,22.6,8.9,106.0,35.1,18,0.0,8.3
Ahmedabad,23.0225,72.5714,2026-03-08 20:00:00,28.8,25.9,433.0,29.0,9.8,81.0,34.1,19,0.0,8.9
Ahmedabad,23.0225,72.5714,2026-03-08 21:00:00,28.5,25.4,444.0,27.9,9.5,73.0,33.5,19,0.0,9.1
Ahmedabad,23.0225,72.5714,2026-03-08 22:00:00,27.5,24.1,435.0,22.9,8.6,73.0,33.1,18,0.0,9.2
Ahmedabad,23.0225,72.5714,2026-03-08 23:00:00,25.5,21.7,416.0,18.2,7.6,74.0,31.7,21,0.0,10.2
Ahmedabad,23.0225,72.5714,2026-03-09 00:00:00,23.1,18.9,385.0,15.1,6.7,74.0,29.6,25,0.0,11.9
Ahmedabad,23.0225,72.5714,2026-03-09 01:00:00,21.8,17.2,345.0,12.3,5.7,74.0,27.9,30,0.0,13.0
Ahmedabad,23.0225,72.5714,2026-03-09 02:00:00,21.0,16.2,311.0,10.2,5.1,74.0,26.9,34,0.0,12.0
Ahmedabad,23.0225,72.5714,2026-03-09 03:00:00,20.3,15.4,281.0,8.7,4.9,74.0,26.4,36,0.0,11.0
Ahmedabad,23.0225,72.5714,2026-03-09 04:00:00,19.7,14.8,257.0,7.8,4.9,73.0,26.0,37,0.0,11.8
Ahmedabad,23.0225,72.5714,2026-03-09 05:00:00,19.7,14.4,269.0,8.6,5.4,72.0,25.9,36,0.0,12.0
Ahmedabad,23.0225,72.5714,2026-03-09 06:00:00,19.0,13.6,356.0,11.0,6.3,69.0,25.4,37,0.0,8.5
Ahmedabad,23.0225,72.5714,2026-03-09 07:00:00,20.7,15.0,477.0,14.2,7.5,67.0,24.8,37,0.0,6.2
Ahmedabad,23.0225,72.5714,2026-03-09 08:00:00,21.9,17.1,541.0,15.4,8.2,72.0,26.4,33,0.0,6.9
Ahmedabad,23.0225,72.5714,2026-03-09 09:00:00,22.5,16.7,490.0,12.7,8.1,92.0,29.6,28,0.0,5.1
Ahmedabad,23.0225,72.5714,2026-03-09 10:00:00,22.9,15.7,381.0,8.1,7.5,120.0,32.7,24,0.0,6.3
Ahmedabad,23.0225,72.5714,2026-03-09 11:00:00,21.3,13.3,293.0,4.4,6.9,142.0,35.5,20,0.0,7.3
Ahmedabad,23.0225,72.5714,2026-03-09 12:00:00,18.2,11.1,255.0,2.8,6.5,152.0,37.3,17,0.0,6.4
Ahmedabad,23.0225,72.5714,2026-03-09 13:00:00,16.1,10.7,237.0,2.2,6.1,156.0,38.4,15,0.0,4.5
Ahmedabad,23.0225,72.5714,2026-03-09 14:00:00,14.3,10.2,229.0,2.2,5.7,157.0,39.3,12,0.0,3.1
Ahmedabad,23.0225,72.5714,2026-03-09 15:00:00,13.0,9.7,223.0,2.5,5.2,157.0,39.6,11,0.0,3.3
Ahmedabad,23.0225,72.5714,2026-03-09 16:00:00,12.2,9.4,227.0,3.5,4.8,154.0,39.5,11,0.0,5.1
Ahmedabad,23.0225,72.5714,2026-03-09 17:00:00,9.9,8.6,247.0,5.9,6.0,149.0,39.0,11,0.0,6.9
Ahmedabad,23.0225,72.5714,2026-03-09 18:00:00,14.6,13.3,299.0,13.3,7.7,128.0,37.8,12,0.0,5.1
Ahmedabad,23.0225,72.5714,2026-03-09 19:00:00,21.9,20.5,369.0,23.4,9.9,100.0,36.3,13,0.0,0.6
Ahmedabad,23.0225,72.5714,2026-03-09 20:00:00,22.6,21.0,417.0,29.6,11.1,78.0,35.0,15,0.0,2.2
Ahmedabad,23.0225,72.5714,2026-03-09 21:00:00,21.1,19.2,427.0,28.3,10.3,70.0,34.1,16,0.0,3.0
Ahmedabad,23.0225,72.5714,2026-03-09 22:00:00,20.0,18.0,416.0,23.2,8.5,70.0,32.8,16,0.0,3.7
Ahmedabad,23.0225,72.5714,2026-03-09 23:00:00,19.1,17.1,396.0,18.5,6.9,70.0,31.2,18,0.0,8.3
Ahmedabad,23.0225,72.5714,2026-03-10 00:00:00,17.1,15.4,366.0,15.5,5.9,71.0,30.7,18,0.0,11.7
Ahmedabad,23.0225,72.5714,2026-03-10 01:00:00,15.4,13.9,327.0,12.9,5.2,72.0,29.9,18,0.0,9.9
Ahmedabad,23.0225,72.5714,2026-03-10 02:00:00,14.2,12.9,299.0,10.9,4.8,73.0,29.2,19,0.0,9.8
Ahmedabad,23.0225,72.5714,2026-03-10 03:00:00,13.6,12.4,287.0,9.2,4.6,71.0,28.5,19,0.0,9.5
Ahmedabad,23.0225,72.5714,2026-03-10 04:00:00,13.3,12.2,286.0,8.1,4.8,68.0,27.7,19,0.0,9.4
Ahmedabad,23.0225,72.5714,2026-03-10 05:00:00,13.4,12.9,304.0,8.9,5.1,66.0,26.7,20,0.0,9.6
Ahmedabad,23.0225,72.5714,2026-03-10 06:00:00,13.6,13.0,360.0,11.9,6.1,60.0,26.2,22,0.0,10.0
Ahmedabad,23.0225,72.5714,2026-03-10 07:00:00,16.6,15.9,434.0,15.8,7.6,52.0,25.9,23,0.0,10.3
Ahmedabad,23.0225,72.5714,2026-03-10 08:00:00,19.2,18.6,473.0,17.5,9.0,57.0,26.9,23,0.0,7.1
Ahmedabad,23.0225,72.5714,2026-03-10 09:00:00,19.3,18.4,448.0,14.8,10.3,86.0,29.3,21,0.0,6.0
Ahmedabad,23.0225,72.5714,2026-03-10 10:00:00,19.1,17.6,388.0,9.8,11.4,128.0,32.5,19,0.0,6.2
Ahmedabad,23.0225,72.5714,2026-03-10 11:00:00,18.3,16.1,332.0,5.8,12.2,160.0,35.9,17,0.0,5.1
Ahmedabad,23.0225,72.5714,2026-03-10 12:00:00,18.2,15.5,288.0,3.8,12.3,174.0,38.2,14,0.0,3.8
Ahmedabad,23.0225,72.5714,2026-03-10 13:00:00,17.9,15.2,247.0,2.7,12.1,179.0,39.4,11,0.0,3.6
Ahmedabad,23.0225,72.5714,2026-03-10 14:00:00,16.4,14.1,221.0,2.6,11.8,180.0,39.9,10,0.0,3.3
Ahmedabad,23.0225,72.5714,2026-03-10 15:00:00,15.7,13.8,195.0,2.7,11.3,180.0,40.1,10,0.0,4.4
Ahmedabad,23.0225,72.5714,2026-03-10 16:00:00,15.9,14.1,185.0,3.7,10.7,177.0,39.9,10,0.0,6.0
Ahmedabad,23.0225,72.5714,2026-03-10 17:00:00,17.0,15.4,241.0,7.0,10.6,166.0,39.1,11,0.0,8.0
Ahmedabad,23.0225,72.5714,2026-03-10 18:00:00,22.2,20.6,421.0,17.7,12.7,140.0,38.2,12,0.0,5.6
Ahmedabad,23.0225,72.5714,2026-03-10 19:00:00,32.4,31.0,669.0,32.2,15.5,105.0,36.8,13,0.0,1.1
Ahmedabad,23.0225,72.5714,2026-03-10 20:00:00,34.7,33.4,868.0,41.0,17.0,78.0,34.9,16,0.0,4.4
Ahmedabad,23.0225,72.5714,2026-03-10 21:00:00,32.1,31.0,994.0,39.1,16.0,69.0,34.6,16,0.0,5.3
Ahmedabad,23.0225,72.5714,2026-03-10 22:00:00,29.9,28.7,1070.0,31.5,13.7,69.0,34.1,16,0.0,7.7
Ahmedabad,23.0225,72.5714,2026-03-10 23:00:00,27.6,26.4,1051.0,24.4,11.5,71.0,32.5,17,0.0,8.1
Ahmedabad,23.0225,72.5714,2026-03-11 00:00:00,24.5,23.3,865.0,19.6,9.7,73.0,30.9,19,0.0,9.3
Ahmedabad,23.0225,72.5714,2026-03-11 01:00:00,22.2,21.0,584.0,15.4,8.0,76.0,29.3,21,0.0,11.7
Ahmedabad,23.0225,72.5714,2026-03-11 02:00:00,20.6,19.5,373.0,12.0,6.8,78.0,28.7,21,0.0,12.4
Ahmedabad,23.0225,72.5714,2026-03-11 03:00:00,19.6,18.6,301.0,9.6,6.1,77.0,27.8,23,0.0,10.3
Ahmedabad,23.0225,72.5714,2026-03-11 04:00:00,18.7,17.9,299.0,8.1,5.9,75.0,27.0,24,0.0,9.8
Ahmedabad,23.0225,72.5714,2026-03-11 05:00:00,19.4,18.3,329.0,9.0,6.6,70.0,26.8,26,0.0,8.1
Ahmedabad,23.0225,72.5714,2026-03-11 06:00:00,19.9,18.9,403.0,12.4,7.6,64.0,26.8,26,0.0,9.1
Ahmedabad,23.0225,72.5714,2026-03-11 07:00:00,23.3,22.2,507.0,17.0,8.9,56.0,26.7,25,0.0,9.0
Ahmedabad,23.0225,72.5714,2026-03-11 08:00:00,25.4,24.6,565.0,18.9,10.2,62.0,27.2,25,0.0,7.3
Ahmedabad,23.0225,72.5714,2026-03-11 09:00:00,25.4,24.4,532.0,15.8,11.4,93.0,29.7,22,0.0,5.7
Ahmedabad,23.0225,72.5714,2026-03-11 10:00:00,24.8,22.7,452.0,10.1,12.5,137.0,32.7,19,0.0,4.5
Ahmedabad,23.0225,72.5714,2026-03-11 11:00:00,24.3,20.7,379.0,5.6,13.1,171.0,35.7,16,0.0,4.2
Ahmedabad,23.0225,72.5714,2026-03-11 12:00:00,23.4,18.8,328.0,3.6,12.8,184.0,38.1,14,0.0,3.1
Ahmedabad,23.0225,72.5714,2026-03-11 13:00:00,21.9,16.9,283.0,2.7,12.0,186.0,39.4,10,0.0,1.5
Ahmedabad,23.0225,72.5714,2026-03-11 14:00:00,20.8,16.1,251.0,2.5,11.1,185.0,40.0,9,0.0,0.6
Ahmedabad,23.0225,72.5714,2026-03-11 15:00:00,19.9,16.0,230.0,2.4,9.9,183.0,40.3,9,0.0,3.1
Ahmedabad,23.0225,72.5714,2026-03-11 16:00:00,19.0,15.8,222.0,3.0,8.5,177.0,39.9,10,0.0,7.6
Ahmedabad,23.0225,72.5714,2026-03-11 17:00:00,21.8,18.7,241.0,5.4,7.1,162.0,38.9,12,0.0,10.4
Ahmedabad,23.0225,72.5714,2026-03-11 18:00:00,25.1,22.3,314.0,11.9,8.0,138.0,37.4,13,0.0,8.8
Ahmedabad,23.0225,72.5714,2026-03-11 19:00:00,30.7,28.2,415.0,20.8,9.2,106.0,36.7,14,0.0,8.2
Ahmedabad,23.0225,72.5714,2026-03-11 20:00:00,31.7,29.6,473.0,26.5,9.9,81.0,35.4,16,0.0,7.0
Ahmedabad,23.0225,72.5714,2026-03-11 21:00:00,30.6,28.9,449.0,26.1,9.8,72.0,33.1,19,0.0,10.6
Ahmedabad,23.0225,72.5714,2026-03-11 22:00:00,29.5,28.1,383.0,22.5,9.2,70.0,31.9,20,0.0,11.7
Ahmedabad,23.0225,72.5714,2026-03-11 23:00:00,27.8,26.7,325.0,18.9,8.5,70.0,31.2,20,0.0,11.6
Ahmedabad,23.0225,72.5714,2026-03-12 00:00:00,25.0,24.2,289.0,16.2,7.6,70.0,30.8,20,0.0,11.4
Ahmedabad,23.0225,72.5714,2026-03-12 01:00:00,22.6,21.9,261.0,13.6,6.6,71.0,30.4,20,0.0,10.5
Ahmedabad,23.0225,72.5714,2026-03-12 02:00:00,20.9,20.3,248.0,11.6,5.9,71.0,29.7,21,0.0,9.9
Ahmedabad,23.0225,72.5714,2026-03-12 03:00:00,19.8,19.2,243.0,10.3,5.5,68.0,29.1,22,0.0,10.7
Ahmedabad,23.0225,72.5714,2026-03-12 04:00:00,19.3,18.7,253.0,9.6,5.4,64.0,28.1,24,0.0,10.8
Ahmedabad,23.0225,72.5714,2026-03-12 05:00:00,19.8,18.9,303.0,10.3,5.8,61.0,27.1,27,0.0,8.4
Ahmedabad,23.0225,72.5714,2026-03-12 06:00:00,21.8,20.8,444.0,14.6,7.1,55.0,26.6,28,0.0,7.0
Ahmedabad,23.0225,72.5714,2026-03-12 07:00:00,27.4,26.4,624.0,20.2,8.8,48.0,26.1,29,0.0,4.8
Ahmedabad,23.0225,72.5714,2026-03-12 08:00:00,27.5,26.9,719.0,22.4,9.8,52.0,27.4,27,0.0,3.5
Ahmedabad,23.0225,72.5714,2026-03-12 09:00:00,21.8,20.8,649.0,18.0,9.6,76.0,30.1,23,0.0,3.0
Ahmedabad,23.0225,72.5714,2026-03-12 10:00:00,19.8,17.1,493.0,10.3,8.8,110.0,32.1,22,0.0,5.4
Ahmedabad,23.0225,72.5714,2026-03-12 11:00:00,21.6,15.3,360.0,4.3,7.8,136.0,34.0,21,0.0,6.2
Ahmedabad,23.0225,72.5714,2026-03-12 12:00:00,21.5,13.9,288.0,2.2,6.7,146.0,35.6,17,0.0,7.2
Ahmedabad,23.0225,72.5714,2026-03-12 13:00:00,20.3,12.4,240.0,1.8,5.4,149.0,36.7,15,0.0,8.1
Ahmedabad,23.0225,72.5714,2026-03-12 14:00:00,20.2,11.8,208.0,2.0,4.5,148.0,37.4,14,0.0,8.6
Ahmedabad,23.0225,72.5714,2026-03-12 15:00:00,21.7,12.7,188.0,1.1,3.8,148.0,37.9,13,0.0,9.6
Ahmedabad,23.0225,72.5714,2026-03-12 16:00:00,23.1,13.4,186.0,0.7,3.4,145.0,37.9,12,0.0,11.2
Ahmedabad,23.0225,72.5714,2026-03-12 17:00:00,21.3,13.2,211.0,3.8,3.9,139.0,37.5,13,0.0,10.8
Ahmedabad,23.0225,72.5714,2026-03-12 18:00:00,23.5,15.7,274.0,13.1,5.7,118.0,36.4,14,0.0,9.4
Ahmedabad,23.0225,72.5714,2026-03-12 19:00:00,31.4,23.3,365.0,26.0,8.4,89.0,35.4,16,0.0,7.7
Ahmedabad,23.0225,72.5714,2026-03-12 20:00:00,40.3,31.1,459.0,37.0,11.0,64.0,34.7,17,0.0,4.3
Ahmedabad,23.0225,72.5714,2026-03-12 21:00:00,48.7,38.4,569.0,44.5,13.8,48.0,33.1,19,0.0,5.0
Ahmedabad,23.0225,72.5714,2026-03-12 22:00:00,56.0,45.3,683.0,50.0,16.7,37.0,32.2,21,0.0,3.9
Ahmedabad,23.0225,72.5714,2026-03-12 23:00:00,61.5,50.4,742.0,52.2,18.2,30.0,30.6,27,0.0,2.6
Ahmedabad,23.0225,72.5714,2026-03-13 00:00:00,61.5,50.3,702.0,49.5,17.4,29.0,29.9,26,0.0,4.7
Ahmedabad,23.0225,72.5714,2026-03-13 01:00:00,57.6,46.9,607.0,43.5,15.2,32.0,28.9,27,0.0,4.1
Ahmedabad,23.0225,72.5714,2026-03-13 02:00:00,52.3,41.9,528.0,37.5,13.1,35.0,27.6,30,0.0,4.8
Ahmedabad,23.0225,72.5714,2026-03-13 03:00:00,48.5,37.4,476.0,31.7,11.2,36.0,26.6,31,0.0,6.8
Ahmedabad,23.0225,72.5714,2026-03-13 04:00:00,48.4,34.9,440.0,25.8,9.3,36.0,26.1,30,0.0,5.0
Ahmedabad,23.0225,72.5714,2026-03-13 05:00:00,63.1,46.2,453.0,34.2,12.5,30.0,25.3,38,0.0,3.9
Ahmedabad,23.0225,72.5714,2026-03-13 06:00:00,67.1,46.4,571.0,36.6,13.5,30.0,25.0,39,0.0,3.6
Ahmedabad,23.0225,72.5714,2026-03-13 07:00:00,77.8,54.0,738.0,39.5,14.9,31.0,24.6,40,0.0,5.8
Ahmedabad,23.0225,72.5714,2026-03-13 08:00:00,84.3,60.8,822.0,38.4,15.8,44.0,26.0,37,0.0,0.4
Ahmedabad,23.0225,72.5714,2026-03-13 09:00:00,82.0,44.9,746.0,29.5,15.9,79.0,28.8,33,0.0,0.4
Ahmedabad,23.0225,72.5714,2026-03-13 10:00:00,91.7,44.1,588.0,16.5,15.5,125.0,31.8,29,0.0,0.7
Ahmedabad,23.0225,72.5714,2026-03-13 11:00:00,93.1,42.1,446.0,6.7,14.9,159.0,34.3,25,0.0,2.1
Ahmedabad,23.0225,72.5714,2026-03-13 12:00:00,87.8,38.0,350.0,3.2,14.0,171.0,36.5,18,0.0,3.1
Ahmedabad,23.0225,72.5714,2026-03-13 13:00:00,74.3,32.1,271.0,2.7,12.8,171.0,37.6,15,0.0,6.5
Ahmedabad,23.0225,72.5714,2026-03-13 14:00:00,59.6,27.1,218.0,2.9,11.4,166.0,38.1,14,0.0,11.1
Ahmedabad,23.0225,72.5714,2026-03-13 15:00:00,50.1,23.5,190.0,1.7,9.2,160.0,37.7,16,0.0,12.5
Ahmedabad,23.0225,72.5714,2026-03-13 16:00:00,44.6,21.1,188.0,1.2,6.7,150.0,37.7,15,0.0,10.8
Ahmedabad,23.0225,72.5714,2026-03-13 17:00:00,31.9,18.1,228.0,4.3,4.4,132.0,36.9,15,0.0,12.9
Ahmedabad,23.0225,72.5714,2026-03-13 18:00:00,30.3,19.1,349.0,10.3,5.7,114.0,36.1,17,0.0,9.0
Ahmedabad,23.0225,72.5714,2026-03-13 19:00:00,33.6,23.4,513.0,18.5,7.5,89.0,34.8,19,0.0,3.7
Ahmedabad,23.0225,72.5714,2026-03-13 20:00:00,33.5,24.4,619.0,23.1,8.6,71.0,33.9,20,0.0,5.5
Ahmedabad,23.0225,72.5714,2026-03-13 21:00:00,30.5,22.1,619.0,21.0,8.4,67.0,33.6,20,0.0,7.5
Ahmedabad,23.0225,72.5714,2026-03-13 22:00:00,28.7,20.3,562.0,15.4,7.4,71.0,31.9,20,0.0,10.2
Ahmedabad,23.0225,72.5714,2026-03-13 23:00:00,27.0,18.7,494.0,10.6,6.5,73.0,29.9,22,0.0,12.4
Ahmedabad,23.0225,72.5714,2026-03-14 00:00:00,24.9,16.9,419.0,8.0,5.7,71.0,28.8,24,0.0,10.8
Ahmedabad,23.0225,72.5714,2026-03-14 01:00:00,27.2,16.3,334.0,6.2,5.0,69.0,27.6,27,0.0,7.7
Ahmedabad,23.0225,72.5714,2026-03-14 02:00:00,37.6,18.2,270.0,5.1,4.4,65.0,26.4,29,0.0,8.7
Ahmedabad,23.0225,72.5714,2026-03-14 03:00:00,52.9,21.7,241.0,4.6,4.0,60.0,25.7,31,0.0,9.6
Ahmedabad,23.0225,72.5714,2026-03-14 04:00:00,69.4,25.1,233.0,4.8,3.8,53.0,25.0,34,0.0,9.4
Ahmedabad,23.0225,72.5714,2026-03-14 05:00:00,78.2,27.0,246.0,5.7,4.1,48.0,24.5,42,0.0,9.8
Ahmedabad,23.0225,72.5714,2026-03-14 06:00:00,92.2,30.7,295.0,8.0,4.9,44.0,24.2,44,0.0,9.4
Ahmedabad,23.0225,72.5714,2026-03-14 07:00:00,105.2,36.0,364.0,11.1,6.0,40.0,23.9,46,0.0,8.5
Ahmedabad,23.0225,72.5714,2026-03-14 08:00:00,99.4,38.5,402.0,12.5,6.9,44.0,25.1,42,0.0,5.5
Ahmedabad,23.0225,72.5714,2026-03-14 09:00:00,115.9,39.6,382.0,10.5,7.4,65.0,27.3,37,0.0,3.2
Ahmedabad,23.0225,72.5714,2026-03-14 10:00:00,110.1,38.3,331.0,6.8,7.6,94.0,29.6,31,0.0,2.8
Ahmedabad,23.0225,72.5714,2026-03-14 11:00:00,102.4,35.3,281.0,3.9,7.5,117.0,31.9,26,0.0,4.5
Ahmedabad,23.0225,72.5714,2026-03-14 12:00:00,88.0,30.5,237.0,2.6,6.8,127.0,34.1,20,0.0,7.2
Ahmedabad,23.0225,72.5714,2026-03-14 13:00:00,67.5,25.1,194.0,2.1,5.7,130.0,35.4,17,0.0,9.7
Ahmedabad,23.0225,72.5714,2026-03-14 14:00:00,55.8,21.6,166.0,2.0,4.7,129.0,36.1,16,0.0,10.7
Ahmedabad,23.0225,72.5714,2026-03-14 15:00:00,51.2,19.9,154.0,1.7,3.8,125.0,36.6,15,0.0,11.0
Ahmedabad,23.0225,72.5714,2026-03-14 16:00:00,51.8,19.6,157.0,1.8,3.1,117.0,36.5,16,0.0,11.7
Ahmedabad,23.0225,72.5714,2026-03-14 17:00:00,41.3,16.6,187.0,3.1,2.7,108.0,35.9,17,0.0,11.5
Ahmedabad,23.0225,72.5714,2026-03-14 18:00:00,43.0,19.2,273.0,6.6,3.8,97.0,35.4,17,0.0,7.8
Ahmedabad,23.0225,72.5714,2026-03-14 19:00:00,46.3,23.2,386.0,11.2,5.2,83.0,34.2,19,0.0,8.1
Ahmedabad,23.0225,72.5714,2026-03-14 20:00:00,46.2,24.0,448.0,13.8,6.2,73.0,32.9,21,0.0,12.4
Ahmedabad,23.0225,72.5714,2026-03-14 21:00:00,44.4,22.5,410.0,12.2,6.3,73.0,31.8,20,0.0,13.1
Ahmedabad,23.0225,72.5714,2026-03-14 22:00:00,44.8,20.9,322.0,8.6,6.0,77.0,30.9,21,0.0,14.2
Ahmedabad,23.0225,72.5714,2026-03-14 23:00:00,47.4,20.0,251.0,5.7,5.7,80.0,29.6,23,0.0,11.7
Ahmedabad,23.0225,72.5714,2026-03-15 00:00:00,49.2,19.4,226.0,4.7,5.6,78.0,28.3,25,0.0,9.2
Ahmedabad,23.0225,72.5714,2026-03-15 01:00:00,51.5,19.6,218.0,4.6,5.6,74.0,27.1,28,0.0,8.6
Ahmedabad,23.0225,72.5714,2026-03-15 02:00:00,53.2,20.1,215.0,4.6,5.5,70.0,26.2,34,0.0,8.0
Ahmedabad,23.0225,72.5714,2026-03-15 03:00:00,53.9,20.7,210.0,4.6,5.1,66.0,25.5,43,0.0,8.4
Ahmedabad,23.0225,72.5714,2026-03-15 04:00:00,54.2,21.2,209.0,4.8,4.6,61.0,24.8,52,0.0,8.7
Ahmedabad,23.0225,72.5714,2026-03-15 05:00:00,54.4,21.3,220.0,5.3,4.4,59.0,24.6,59,0.0,7.9
Ahmedabad,23.0225,72.5714,2026-03-15 06:00:00,51.2,21.5,255.0,6.9,4.9,56.0,24.4,63,0.0,8.5
Ahmedabad,23.0225,72.5714,2026-03-15 07:00:00,49.2,22.9,302.0,9.0,5.6,53.0,24.1,66,0.0,7.9
Ahmedabad,23.0225,72.5714,2026-03-15 08:00:00,46.4,23.0,325.0,9.8,6.1,56.0,25.4,63,0.0,7.0
Ahmedabad,23.0225,72.5714,2026-03-15 09:00:00,50.5,22.1,304.0,8.1,6.2,71.0,27.6,53,0.0,7.4
Ahmedabad,23.0225,72.5714,2026-03-15 10:00:00,55.1,21.9,260.0,5.1,6.1,93.0,30.0,43,0.0,6.8
Ahmedabad,23.0225,72.5714,2026-03-15 11:00:00,58.9,21.8,222.0,2.7,5.8,109.0,32.2,34,0.0,6.3
Ahmedabad,23.0225,72.5714,2026-03-15 12:00:00,62.9,21.4,201.0,1.8,5.1,115.0,34.3,25,0.0,6.8
Ahmedabad,23.0225,72.5714,2026-03-15 13:00:00,68.5,20.3,187.0,1.5,4.2,116.0,35.7,21,0.0,8.3
Ahmedabad,23.0225,72.5714,2026-03-15 14:00:00,68.9,18.7,178.0,1.5,3.5,115.0,36.7,17,0.0,10.3
Ahmedabad,23.0225,72.5714,2026-03-15 15:00:00,64.3,17.3,170.0,1.0,3.0,115.0,37.0,17,0.0,11.9
Ahmedabad,23.0225,72.5714,2026-03-15 16:00:00,61.0,16.4,167.0,0.8,2.6,114.0,36.9,15,0.0,12.6
Ahmedabad,23.0225,72.5714,2026-03-15 17:00:00,40.5,11.3,183.0,2.8,2.6,106.0,36.2,16,0.0,11.9
Ahmedabad,23.0225,72.5714,2026-03-15 18:00:00,37.1,12.9,234.0,8.3,4.0,93.0,35.2,18,0.0,11.3
Ahmedabad,23.0225,72.5714,2026-03-15 19:00:00,39.1,17.5,304.0,15.9,5.9,74.0,34.6,18,0.0,10.8
Ahmedabad,23.0225,72.5714,2026-03-15 20:00:00,40.6,20.3,362.0,21.0,7.4,60.0,34.3,18,0.0,9.2
Ahmedabad,23.0225,72.5714,2026-03-15 21:00:00,40.9,21.1,398.0,21.4,7.9,55.0,33.1,19,0.0,9.7
Ahmedabad,23.0225,72.5714,2026-03-15 22:00:00,40.5,21.2,421.0,19.4,7.9,54.0,31.1,22,0.0,8.5
Ahmedabad,23.0225,72.5714,2026-03-15 23:00:00,38.8,20.3,427.0,17.2,7.8,54.0,28.7,30,0.0,10.2
Ahmedabad,23.0225,72.5714,2026-03-16 00:00:00,36.1,19.0,407.0,15.5,7.5,52.0,28.1,39,0.0,9.0
Ahmedabad,23.0225,72.5714,2026-03-16 01:00:00,34.1,18.3,369.0,13.6,7.1,51.0,27.2,44,0.0,7.3
Ahmedabad,23.0225,72.5714,2026-03-16 02:00:00,34.0,18.3,337.0,11.9,6.8,50.0,26.3,48,0.0,6.9
Ahmedabad,23.0225,72.5714,2026-03-16 03:00:00,35.0,18.6,315.0,10.1,6.7,50.0,25.8,47,0.0,6.8
Ahmedabad,23.0225,72.5714,2026-03-16 04:00:00,35.7,18.6,298.0,8.4,6.8,50.0,25.2,43,0.0,7.8
Ahmedabad,23.0225,72.5714,2026-03-16 05:00:00,35.0,17.9,294.0,7.4,6.7,56.0,25.3,42,0.0,9.1
Ahmedabad,23.0225,72.5714,2026-03-16 06:00:00,32.0,17.6,317.0,9.9,7.7,54.0,24.3,52,0.0,8.8
Ahmedabad,23.0225,72.5714,2026-03-16 07:00:00,33.5,20.3,352.0,13.1,9.1,52.0,23.7,60,0.0,8.3
Ahmedabad,23.0225,72.5714,2026-03-16 08:00:00,30.7,21.0,367.0,14.4,10.1,57.0,24.8,59,0.0,6.9
Ahmedabad,23.0225,72.5714,2026-03-16 09:00:00,29.3,17.3,341.0,11.9,10.6,78.0,27.1,48,0.0,6.9
Ahmedabad,23.0225,72.5714,2026-03-16 10:00:00,30.6,16.0,293.0,7.5,10.8,106.0,29.7,36,0.0,6.0
Ahmedabad,23.0225,72.5714,2026-03-16 11:00:00,33.8,16.1,250.0,4.0,10.4,127.0,32.0,26,0.0,6.3
Ahmedabad,23.0225,72.5714,2026-03-16 12:00:00,36.3,15.7,217.0,2.5,9.1,135.0,34.1,18,0.0,7.9
Ahmedabad,23.0225,72.5714,2026-03-16 13:00:00,38.0,13.9,189.0,2.0,7.3,136.0,35.4,13,0.0,11.1
Ahmedabad,23.0225,72.5714,2026-03-16 14:00:00,37.6,12.8,170.0,1.9,5.8,134.0,35.7,13,0.0,12.3
Ahmedabad,23.0225,72.5714,2026-03-16 15:00:00,35.3,11.8,158.0,1.4,4.8,133.0,36.1,12,0.0,12.3
Ahmedabad,23.0225,72.5714,2026-03-16 16:00:00,33.4,11.2,155.0,1.4,4.1,129.0,36.1,11,0.0,13.0
Ahmedabad,23.0225,72.5714,2026-03-16 17:00:00,7.4,3.7,174.0,3.5,3.7,118.0,35.3,11,0.0,10.8
Ahmedabad,23.0225,72.5714,2026-03-16 18:00:00,10.5,6.7,236.0,9.5,5.4,103.0,34.7,11,0.0,7.9
Ahmedabad,23.0225,72.5714,2026-03-16 19:00:00,17.5,12.9,320.0,17.7,7.8,81.0,33.6,13,0.0,4.2
Ahmedabad,23.0225,72.5714,2026-03-16 20:00:00,22.1,16.5,372.0,22.7,9.6,66.0,31.2,22,0.0,12.5
Ahmedabad,23.0225,72.5714,2026-03-16 21:00:00,24.1,17.1,362.0,21.7,10.2,63.0,28.3,40,0.0,11.0
Ahmedabad,23.0225,72.5714,2026-03-16 22:00:00,26.1,17.1,320.0,17.6,10.3,65.0,27.5,40,0.0,11.4
Ahmedabad,23.0225,72.5714,2026-03-16 23:00:00,28.4,17.2,284.0,13.9,10.0,67.0,26.9,45,0.0,10.7
Ahmedabad,23.0225,72.5714,2026-03-17 00:00:00,29.6,16.4,268.0,11.8,9.3,65.0,26.4,48,0.0,9.5
Ahmedabad,23.0225,72.5714,2026-03-17 01:00:00,30.0,15.8,258.0,10.0,8.3,63.0,25.6,54,0.0,8.1
Ahmedabad,23.0225,72.5714,2026-03-17 02:00:00,29.6,15.2,253.0,8.8,7.5,61.0,25.1,50,0.0,8.7
Ahmedabad,23.0225,72.5714,2026-03-17 03:00:00,29.0,14.8,251.0,7.8,7.2,59.0,24.9,42,0.0,8.8
Ahmedabad,23.0225,72.5714,2026-03-17 04:00:00,28.7,14.6,254.0,7.4,7.2,58.0,24.4,39,0.0,8.5
Ahmedabad,23.0225,72.5714,2026-03-17 05:00:00,24.9,13.0,267.0,7.0,6.1,58.0,24.0,45,0.0,7.7
Ahmedabad,23.0225,72.5714,2026-03-17 06:00:00,25.4,14.0,305.0,9.7,7.2,55.0,24.0,50,0.0,7.1
Ahmedabad,23.0225,72.5714,2026-03-17 07:00:00,30.7,19.3,353.0,13.3,8.8,52.0,23.6,56,0.0,5.6
Ahmedabad,23.0225,72.5714,2026-03-17 08:00:00,28.8,18.5,375.0,14.8,9.9,56.0,24.6,57,0.0,3.9
Ahmedabad,23.0225,72.5714,2026-03-17 09:00:00,30.2,15.4,347.0,12.3,10.2,74.0,26.5,54,0.0,4.5
Ahmedabad,23.0225,72.5714,2026-03-17 10:00:00,36.4,15.8,294.0,7.8,10.0,99.0,28.8,45,0.0,5.1
Ahmedabad,23.0225,72.5714,2026-03-17 11:00:00,42.1,16.2,247.0,4.2,9.5,118.0,30.7,37,0.0,5.7
Ahmedabad,23.0225,72.5714,2026-03-17 12:00:00,44.6,15.5,218.0,2.7,8.4,127.0,32.8,28,0.0,6.4
Ahmedabad,23.0225,72.5714,2026-03-17 13:00:00,43.7,14.1,197.0,2.1,7.0,130.0,34.2,23,0.0,7.7
Ahmedabad,23.0225,72.5714,2026-03-17 14:00:00,41.2,12.5,184.0,1.9,5.8,130.0,35.0,18,0.0,9.9
Ahmedabad,23.0225,72.5714,2026-03-17 15:00:00,41.6,11.9,172.0,0.6,4.9,130.0,35.3,17,0.0,10.1
Ahmedabad,23.0225,72.5714,2026-03-17 16:00:00,44.1,12.0,168.0,0.0,4.2,127.0,35.2,17,0.0,9.8
Ahmedabad,23.0225,72.5714,2026-03-17 17:00:00,16.5,4.9,197.0,3.2,4.0,117.0,34.3,18,0.0,7.6
Ahmedabad,23.0225,72.5714,2026-03-17 18:00:00,22.5,8.8,298.0,17.2,7.4,95.0,33.8,19,0.0,7.1
Ahmedabad,23.0225,72.5714,2026-03-17 19:00:00,35.0,21.1,432.0,36.6,12.2,65.0,32.6,20,0.0,6.2
Ahmedabad,23.0225,72.5714,2026-03-17 20:00:00,45.5,32.5,507.0,51.6,16.1,40.0,32.3,21,0.0,4.5
Ahmedabad,23.0225,72.5714,2026-03-17 21:00:00,52.2,41.0,464.0,59.0,18.3,26.0,31.0,21,0.0,9.4
Ahmedabad,23.0225,72.5714,2026-03-17 22:00:00,56.2,47.1,362.0,61.9,19.7,18.0,29.3,22,0.0,8.9
Ahmedabad,23.0225,72.5714,2026-03-17 23:00:00,56.1,49.0,281.0,60.4,19.8,15.0,27.4,30,0.0,9.7
Ahmedabad,23.0225,72.5714,2026-03-18 00:00:00,48.3,42.3,251.0,52.2,18.3,19.0,26.7,38,0.0,9.3
Ahmedabad,23.0225,72.5714,2026-03-18 01:00:00,38.6,32.6,242.0,39.4,15.6,28.0,26.3,43,0.0,9.5
Ahmedabad,23.0225,72.5714,2026-03-18 02:00:00,34.2,27.2,243.0,28.8,13.0,35.0,25.8,45,0.0,9.8
Ahmedabad,23.0225,72.5714,2026-03-18 03:00:00,33.1,24.4,253.0,22.7,10.6,35.0,25.3,44,0.0,8.8
Ahmedabad,23.0225,72.5714,2026-03-18 04:00:00,33.1,22.5,273.0,18.7,8.4,33.0,24.5,43,0.0,8.1
Ahmedabad,23.0225,72.5714,2026-03-18 05:00:00,32.1,18.9,294.0,15.0,6.4,34.0,24.6,42,0.0,9.2
Ahmedabad,23.0225,72.5714,2026-03-18 06:00:00,29.7,16.9,317.0,15.5,6.9,38.0,24.5,44,0.0,10.3
Ahmedabad,23.0225,72.5714,2026-03-18 07:00:00,32.0,19.2,342.0,16.1,7.7,43.0,23.9,51,0.0,8.8
Ahmedabad,23.0225,72.5714,2026-03-18 08:00:00,31.4,20.4,355.0,15.3,8.1,55.0,24.9,53,0.0,4.3
Ahmedabad,23.0225,72.5714,2026-03-18 09:00:00,33.1,17.2,353.0,11.9,7.9,77.0,27.0,46,0.0,2.3
Ahmedabad,23.0225,72.5714,2026-03-18 10:00:00,34.5,15.1,340.0,7.2,7.5,105.0,29.5,36,0.0,1.5
Ahmedabad,23.0225,72.5714,2026-03-18 11:00:00,33.9,14.2,318.0,3.6,7.2,127.0,31.2,31,0.0,1.8
Ahmedabad,23.0225,72.5714,2026-03-18 12:00:00,32.0,12.9,279.0,2.3,7.3,138.0,33.3,25,0.0,3.8
Ahmedabad,23.0225,72.5714,2026-03-18 13:00:00,31.9,12.1,232.0,2.1,7.6,144.0,34.4,24,0.0,6.0
Ahmedabad,23.0225,72.5714,2026-03-18 14:00:00,31.3,12.1,200.0,2.3,7.8,146.0,34.8,23,0.0,8.0
Ahmedabad,23.0225,72.5714,2026-03-18 15:00:00,29.2,11.4,193.0,0.9,7.6,148.0,34.6,21,0.0,8.0
Ahmedabad,23.0225,72.5714,2026-03-18 16:00:00,26.8,10.7,202.0,0.0,7.3,147.0,34.7,20,0.0,7.9
Ahmedabad,23.0225,72.5714,2026-03-18 17:00:00,7.1,6.9,224.0,4.3,11.6,143.0,34.2,17,0.0,8.5
Ahmedabad,23.0225,72.5714,2026-03-18 18:00:00,11.6,11.2,267.0,18.6,15.1,120.0,33.6,18,0.0,8.5
Ahmedabad,23.0225,72.5714,2026-03-18 19:00:00,23.0,22.6,324.0,38.2,19.8,89.0,32.3,19,0.0,9.0
Ahmedabad,23.0225,72.5714,2026-03-18 20:00:00,34.6,34.2,361.0,51.2,23.0,64.0,30.6,13,0.0,10.2
Ahmedabad,23.0225,72.5714,2026-03-18 21:00:00,38.9,38.5,364.0,52.2,23.7,53.0,29.2,13,0.0,10.5
Ahmedabad,23.0225,72.5714,2026-03-18 22:00:00,38.3,38.0,348.0,46.6,22.8,48.0,28.1,17,0.0,9.6
Ahmedabad,23.0225,72.5714,2026-03-18 23:00:00,36.4,36.0,331.0,39.6,21.0,46.0,27.7,23,0.0,9.5
Ahmedabad,23.0225,72.5714,2026-03-19 00:00:00,30.9,29.9,318.0,31.5,17.7,46.0,26.6,30,0.0,9.5
Ahmedabad,23.0225,72.5714,2026-03-19 01:00:00,22.4,21.1,304.0,21.9,13.3,48.0,25.7,39,0.0,8.2
Ahmedabad,23.0225,72.5714,2026-03-19 02:00:00,17.0,15.4,292.0,14.8,9.9,49.0,25.0,46,0.0,8.0
Ahmedabad,23.0225,72.5714,2026-03-19 03:00:00,15.8,13.9,282.0,12.0,8.0,46.0,24.2,49,0.0,5.5
Ahmedabad,23.0225,72.5714,2026-03-19 04:00:00,16.6,14.2,273.0,11.7,7.0,42.0,23.7,52,0.0,3.8
Ahmedabad,23.0225,72.5714,2026-03-19 05:00:00,5.2,5.0,270.0,2.4,2.8,80.0,24.9,60,0.0,12.6
Ahmedabad,23.0225,72.5714,2026-03-19 06:00:00,7.1,6.2,275.0,4.3,3.6,76.0,24.5,47,0.0,15.5
Ahmedabad,23.0225,72.5714,2026-03-19 07:00:00,12.7,9.3,286.0,6.9,4.8,70.0,24.1,46,0.0,11.3
Ahmedabad,23.0225,72.5714,2026-03-19 08:00:00,21.8,12.1,295.0,8.3,5.9,72.0,24.8,46,0.0,10.6
Ahmedabad,23.0225,72.5714,2026-03-19 09:00:00,34.9,14.6,303.0,7.4,7.1,87.0,26.5,42,0.0,3.0
Ahmedabad,23.0225,72.5714,2026-03-19 10:00:00,43.3,15.9,310.0,5.3,8.2,110.0,28.6,36,0.0,0.7
Ahmedabad,23.0225,72.5714,2026-03-19 11:00:00,45.9,16.7,308.0,3.6,8.6,126.0,30.9,30,0.0,5.3
Ahmedabad,23.0225,72.5714,2026-03-19 12:00:00,44.5,16.1,290.0,2.8,7.7,131.0,32.8,26,0.0,4.7
Ahmedabad,23.0225,72.5714,2026-03-19 13:00:00,48.4,15.5,265.0,2.3,6.0,131.0,34.0,22,0.0,5.5
Ahmedabad,23.0225,72.5714,2026-03-19 14:00:00,52.9,15.6,245.0,2.1,4.7,127.0,34.5,19,0.0,3.4
Ahmedabad,23.0225,72.5714,2026-03-19 15:00:00,55.6,15.6,237.0,2.1,4.0,121.0,34.8,19,0.0,5.9
Ahmedabad,23.0225,72.5714,2026-03-19 16:00:00,59.0,15.9,235.0,2.4,3.6,112.0,34.6,19,0.0,10.8
Ahmedabad,23.0225,72.5714,2026-03-19 17:00:00,50.6,16.0,240.0,3.7,3.6,116.0,32.2,23,0.0,20.4
Ahmedabad,23.0225,72.5714,2026-03-19 18:00:00,48.0,17.7,250.0,4.7,3.5,106.0,27.5,40,0.0,28.2
Ahmedabad,23.0225,72.5714,2026-03-19 19:00:00,44.9,17.5,267.0,6.1,3.4,91.0,24.4,54,0.0,23.6
Ahmedabad,23.0225,72.5714,2026-03-19 20:00:00,42.3,17.6,301.0,7.5,3.6,79.0,23.2,61,1.0,9.0
Ahmedabad,23.0225,72.5714,2026-03-19 21:00:00,44.2,19.0,380.0,8.6,4.3,72.0,22.6,69,0.8,6.7
Ahmedabad,23.0225,72.5714,2026-03-19 22:00:00,44.4,19.8,477.0,9.7,5.3,67.0,22.9,67,0.0,3.8
Ahmedabad,23.0225,72.5714,2026-03-19 23:00:00,43.0,20.3,520.0,11.1,6.4,63.0,22.2,73,0.0,7.9
Ahmedabad,23.0225,72.5714,2026-03-20 00:00:00,47.4,22.3,458.0,13.3,7.5,59.0,21.7,76,0.0,3.8
Ahmedabad,23.0225,72.5714,2026-03-20 01:00:00,51.9,25.3,342.0,15.9,8.6,55.0,21.6,78,0.0,3.5
Ahmedabad,23.0225,72.5714,2026-03-20 02:00:00,56.2,28.9,261.0,17.8,9.4,51.0,20.9,77,0.0,8.0
Ahmedabad,23.0225,72.5714,2026-03-20 03:00:00,60.1,32.5,253.0,18.6,9.7,45.0,20.4,78,0.0,6.7
Ahmedabad,23.0225,72.5714,2026-03-20 04:00:00,61.0,33.4,279.0,18.8,9.7,39.0,20.4,79,0.0,1.1
Ahmedabad,23.0225,72.5714,2026-03-20 05:00:00,68.2,27.4,311.0,12.9,9.3,48.0,20.6,80,0.0,1.9
Ahmedabad,23.0225,72.5714,2026-03-20 06:00:00,70.8,29.3,353.0,13.5,10.4,49.0,20.8,79,0.0,1.5
Ahmedabad,23.0225,72.5714,2026-03-20 07:00:00,75.2,33.3,402.0,14.1,11.9,52.0,20.9,79,0.0,1.9
Ahmedabad,23.0225,72.5714,2026-03-20 08:00:00,72.6,29.1,419.0,13.4,12.3,60.0,22.3,70,0.0,1.1
Ahmedabad,23.0225,72.5714,2026-03-20 09:00:00,75.9,26.1,377.0,10.2,10.7,77.0,24.5,58,0.0,1.6
Ahmedabad,23.0225,72.5714,2026-03-20 10:00:00,76.4,24.3,304.0,5.8,8.2,100.0,26.4,48,0.0,5.2
Ahmedabad,23.0225,72.5714,2026-03-20 11:00:00,77.5,23.5,245.0,2.5,6.0,116.0,27.3,47,0.0,7.3
Ahmedabad,23.0225,72.5714,2026-03-20 12:00:00,75.0,23.1,220.0,1.3,4.8,121.0,28.5,44,0.0,7.2
Ahmedabad,23.0225,72.5714,2026-03-20 13:00:00,67.5,21.4,210.0,1.3,4.1,120.0,29.8,37,0.0,10.1
Ahmedabad,23.0225,72.5714,2026-03-20 14:00:00,58.1,19.1,205.0,1.5,3.5,119.0,30.7,32,0.0,11.2
Ahmedabad,23.0225,72.5714,2026-03-20 15:00:00,51.6,17.5,199.0,1.0,2.9,120.0,31.2,29,0.0,12.1
Ahmedabad,23.0225,72.5714,2026-03-20 16:00:00,47.3,16.4,198.0,0.7,2.5,120.0,31.2,26,0.0,12.2
Ahmedabad,23.0225,72.5714,2026-03-20 17:00:00,12.7,5.7,208.0,2.9,2.4,118.0,30.2,29,0.0,9.5
Ahmedabad,23.0225,72.5714,2026-03-20 18:00:00,13.7,7.4,236.0,10.4,4.0,102.0,29.8,29,0.0,8.7
Ahmedabad,23.0225,72.5714,2026-03-20 19:00:00,21.0,14.2,275.0,20.9,6.3,80.0,29.4,30,0.0,5.7
Ahmedabad,23.0225,72.5714,2026-03-20 20:00:00,29.0,21.5,309.0,29.5,8.3,61.0,29.3,30,0.0,4.0
Ahmedabad,23.0225,72.5714,2026-03-20 21:00:00,36.4,28.3,333.0,34.9,10.0,49.0,28.5,32,0.0,3.9
Ahmedabad,23.0225,72.5714,2026-03-20 22:00:00,42.4,33.8,352.0,38.4,11.4,41.0,27.0,36,0.0,6.1
Ahmedabad,23.0225,72.5714,2026-03-20 23:00:00,43.1,34.5,361.0,38.8,11.8,37.0,26.4,40,0.0,5.1
Ahmedabad,23.0225,72.5714,2026-03-21 00:00:00,37.6,29.2,353.0,34.1,10.5,40.0,25.9,41,0.0,5.9
Ahmedabad,23.0225,72.5714,2026-03-21 01:00:00,32.1,24.3,335.0,26.3,8.3,46.0,24.8,43,0.0,8.4
Ahmedabad,23.0225,72.5714,2026-03-21 02:00:00,28.2,21.0,324.0,20.0,6.6,51.0,24.1,44,0.0,8.7
Ahmedabad,23.0225,72.5714,2026-03-21 03:00:00,25.8,19.2,318.0,16.9,5.9,50.0,23.6,44,0.0,9.1
Ahmedabad,23.0225,72.5714,2026-03-21 04:00:00,24.9,18.5,320.0,15.3,5.8,47.0,23.1,44,0.0,8.5
Ahmedabad,23.0225,72.5714,2026-03-21 05:00:00,28.3,21.8,346.0,17.8,6.6,40.0,22.8,46,0.0,5.4
Ahmedabad,23.0225,72.5714,2026-03-21 06:00:00,26.0,20.3,435.0,19.0,7.5,42.0,23.2,45,0.0,5.6
Ahmedabad,23.0225,72.5714,2026-03-21 07:00:00,29.2,23.7,550.0,20.3,8.7,46.0,22.8,46,0.0,5.9
Ahmedabad,23.0225,72.5714,2026-03-21 08:00:00,27.6,23.2,597.0,19.7,9.9,57.0,23.8,44,0.0,5.0
Ahmedabad,23.0225,72.5714,2026-03-21 09:00:00,24.6,18.7,509.0,15.2,10.9,83.0,26.8,34,0.0,3.4
Ahmedabad,23.0225,72.5714,2026-03-21 10:00:00,21.5,11.2,353.0,8.7,11.9,117.0,29.4,28,0.0,4.3
Ahmedabad,23.0225,72.5714,2026-03-21 11:00:00,22.9,10.6,236.0,3.8,12.3,143.0,30.8,25,0.0,5.2
Ahmedabad,23.0225,72.5714,2026-03-21 12:00:00,22.5,10.8,204.0,2.2,11.8,154.0,32.0,22,0.0,3.3
Ahmedabad,23.0225,72.5714,2026-03-21 13:00:00,22.3,10.9,211.0,2.3,10.8,157.0,32.8,20,0.0,3.1
Ahmedabad,23.0225,72.5714,2026-03-21 14:00:00,22.4,10.9,223.0,2.7,9.9,158.0,33.5,18,0.0,3.4
Ahmedabad,23.0225,72.5714,2026-03-21 15:00:00,22.5,11.2,221.0,2.0,9.3,162.0,33.8,17,0.0,4.6
Ahmedabad,23.0225,72.5714,2026-03-21 16:00:00,22.6,11.5,224.0,1.6,8.9,164.0,33.7,17,0.0,5.3
Ahmedabad,23.0225,72.5714,2026-03-21 17:00:00,34.8,15.7,253.0,4.4,9.4,158.0,32.7,19,0.0,6.7
Ahmedabad,23.0225,72.5714,2026-03-21 18:00:00,41.0,22.2,323.0,19.6,12.5,130.0,32.3,19,0.0,6.1
Ahmedabad,23.0225,72.5714,2026-03-21 19:00:00,53.9,35.4,421.0,40.3,16.7,91.0,31.5,19,0.0,3.4
Ahmedabad,23.0225,72.5714,2026-03-21 20:00:00,59.5,42.3,523.0,53.5,19.3,62.0,30.8,20,0.0,3.5
Ahmedabad,23.0225,72.5714,2026-03-21 21:00:00,55.2,39.6,647.0,52.2,19.0,53.0,29.7,23,0.0,4.3
Ahmedabad,23.0225,72.5714,2026-03-21 22:00:00,52.6,37.6,776.0,43.5,17.0,53.0,29.0,25,0.0,3.3
Ahmedabad,23.0225,72.5714,2026-03-21 23:00:00,51.5,36.7,840.0,35.1,14.8,55.0,28.5,28,0.0,3.6
Ahmedabad,23.0225,72.5714,2026-03-22 00:00:00,47.1,33.2,785.0,29.6,12.3,55.0,27.6,30,0.0,6.4
Ahmedabad,23.0225,72.5714,2026-03-22 01:00:00,42.5,29.4,664.0,24.4,9.5,56.0,27.2,30,0.0,7.4
Ahmedabad,23.0225,72.5714,2026-03-22 02:00:00,38.2,26.2,567.0,20.1,7.4,56.0,26.3,31,0.0,7.4
Ahmedabad,23.0225,72.5714,2026-03-22 03:00:00,33.9,23.3,524.0,16.6,6.3,55.0,25.2,35,0.0,6.5
Ahmedabad,23.0225,72.5714,2026-03-22 04:00:00,30.5,21.1,506.0,14.1,5.8,53.0,24.9,37,0.0,6.5
Ahmedabad,23.0225,72.5714,2026-03-22 05:00:00,29.2,19.9,510.0,13.0,5.8,54.0,23.9,42,0.0,6.4
Ahmedabad,23.0225,72.5714,2026-03-22 06:00:00,27.4,18.9,562.0,15.3,6.8,51.0,23.9,42,0.0,8.3
Ahmedabad,23.0225,72.5714,2026-03-22 07:00:00,31.3,22.4,636.0,18.2,8.1,49.0,23.7,43,0.0,3.6
Ahmedabad,23.0225,72.5714,2026-03-22 08:00:00,32.1,24.8,657.0,18.8,9.0,57.0,25.3,38,0.0,3.5
Ahmedabad,23.0225,72.5714,2026-03-22 09:00:00,33.1,23.3,572.0,14.9,9.4,87.0,28.4,31,0.0,1.0
Ahmedabad,23.0225,72.5714,2026-03-22 10:00:00,31.1,19.6,433.0,8.8,9.3,128.0,31.1,25,0.0,2.4
Ahmedabad,23.0225,72.5714,2026-03-22 11:00:00,28.8,15.5,320.0,4.0,8.8,156.0,32.6,22,0.0,4.2
Ahmedabad,23.0225,72.5714,2026-03-22 12:00:00,33.5,14.1,263.0,2.2,7.3,158.0,33.8,22,0.0,5.5
Ahmedabad,23.0225,72.5714,2026-03-22 13:00:00,40.9,15.1,232.0,1.7,5.3,147.0,34.6,22,0.0,7.3
Ahmedabad,23.0225,72.5714,2026-03-22 14:00:00,41.1,14.8,214.0,1.7,3.8,136.0,35.0,22,0.0,8.9
Ahmedabad,23.0225,72.5714,2026-03-22 15:00:00,41.1,14.7,206.0,0.7,3.0,132.0,35.0,22,0.0,8.6
Ahmedabad,23.0225,72.5714,2026-03-22 16:00:00,42.3,14.9,210.0,0.1,2.7,129.0,34.7,22,0.0,8.2
Ahmedabad,23.0225,72.5714,2026-03-22 17:00:00,19.7,6.6,226.0,3.3,3.2,125.0,34.6,22,0.0,7.9
Ahmedabad,23.0225,72.5714,2026-03-22 18:00:00,23.3,10.9,260.0,13.9,5.1,105.0,34.1,23,0.0,10.1
Ahmedabad,23.0225,72.5714,2026-03-22 19:00:00,32.8,20.4,304.0,28.6,7.9,77.0,33.8,23,0.0,6.5
Ahmedabad,23.0225,72.5714,2026-03-22 20:00:00,42.5,29.5,335.0,41.0,10.6,53.0,33.4,24,0.0,3.7
Ahmedabad,23.0225,72.5714,2026-03-22 21:00:00,50.4,36.9,343.0,49.0,13.4,38.0,32.1,27,0.0,6.7
Ahmedabad,23.0225,72.5714,2026-03-22 22:00:00,57.9,43.8,339.0,54.6,16.2,27.0,30.8,31,0.0,7.8
Ahmedabad,23.0225,72.5714,2026-03-22 23:00:00,64.3,49.5,325.0,57.5,17.7,19.0,30.4,33,0.0,5.2
Ahmedabad,23.0225,72.5714,2026-03-23 00:00:00,67.8,52.6,296.0,57.6,17.0,14.0,30.0,34,0.0,5.3
Ahmedabad,23.0225,72.5714,2026-03-23 01:00:00,68.7,53.2,258.0,54.9,15.1,12.0,29.0,37,0.0,5.9
Ahmedabad,23.0225,72.5714,2026-03-23 02:00:00,60.8,46.3,234.0,49.2,12.9,13.0,28.3,39,0.0,6.4
Ahmedabad,23.0225,72.5714,2026-03-23 03:00:00,43.8,32.2,232.0,38.2,10.6,19.0,27.6,41,0.0,7.3
Ahmedabad,23.0225,72.5714,2026-03-23 04:00:00,33.9,23.7,244.0,24.1,8.1,29.0,26.6,47,0.0,8.0
Ahmedabad,23.0225,72.5714,2026-03-23 05:00:00,32.0,18.7,265.0,11.6,5.8,40.0,26.4,48,0.0,10.1
Ahmedabad,23.0225,72.5714,2026-03-23 06:00:00,29.6,17.5,305.0,11.6,6.1,41.0,26.3,49,0.0,10.2
Ahmedabad,23.0225,72.5714,2026-03-23 07:00:00,30.9,19.3,354.0,11.5,6.5,43.0,26.4,49,0.0,8.7
Ahmedabad,23.0225,72.5714,2026-03-23 08:00:00,32.8,19.6,374.0,10.7,6.7,51.0,27.6,47,0.0,6.9
Ahmedabad,23.0225,72.5714,2026-03-23 09:00:00,40.2,20.1,338.0,8.4,6.7,72.0,29.8,42,0.0,8.5
Ahmedabad,23.0225,72.5714,2026-03-23 10:00:00,51.9,23.1,273.0,5.3,6.6,99.0,31.8,36,0.0,11.5
Ahmedabad,23.0225,72.5714,2026-03-23 11:00:00,67.1,25.4,222.0,2.9,6.3,118.0,33.1,31,0.0,10.1
Ahmedabad,23.0225,72.5714,2026-03-23 12:00:00,69.6,24.7,201.0,1.9,5.6,123.0,34.5,26,0.0,10.2
Ahmedabad,23.0225,72.5714,2026-03-23 13:00:00,68.9,23.9,194.0,1.6,4.7,121.0,35.4,22,0.0,9.6
Ahmedabad,23.0225,72.5714,2026-03-23 14:00:00,64.5,22.5,191.0,1.6,4.0,117.0,36.0,20,0.0,11.2
Ahmedabad,23.0225,72.5714,2026-03-23 15:00:00,57.0,20.7,188.0,0.9,3.4,115.0,36.1,20,0.0,12.1
Ahmedabad,23.0225,72.5714,2026-03-23 16:00:00,50.4,19.0,189.0,0.6,3.0,113.0,35.8,20,0.0,13.0
Ahmedabad,23.0225,72.5714,2026-03-23 17:00:00,33.8,14.2,200.0,3.1,3.4,109.0,35.0,20,0.0,9.4
Ahmedabad,23.0225,72.5714,2026-03-23 18:00:00,30.7,16.3,228.0,11.8,5.0,91.0,34.4,21,0.0,11.0
Ahmedabad,23.0225,72.5714,2026-03-23 19:00:00,35.2,22.8,267.0,23.8,7.3,67.0,33.3,24,0.0,10.2
Ahmedabad,23.0225,72.5714,2026-03-23 20:00:00,40.5,29.1,297.0,33.4,9.3,47.0,32.7,25,0.0,8.3
Ahmedabad,23.0225,72.5714,2026-03-23 21:00:00,44.5,33.9,314.0,38.7,10.8,36.0,31.7,27,0.0,7.7
Ahmedabad,23.0225,72.5714,2026-03-23 22:00:00,47.3,37.5,322.0,41.6,11.9,30.0,30.6,30,0.0,7.9
Ahmedabad,23.0225,72.5714,2026-03-23 23:00:00,48.8,39.6,324.0,41.8,12.2,26.0,29.9,32,0.0,8.5
Ahmedabad,23.0225,72.5714,2026-03-24 00:00:00,46.3,38.0,314.0,38.0,11.0,26.0,29.3,34,0.0,8.8
Ahmedabad,23.0225,72.5714,2026-03-24 01:00:00,40.3,33.2,296.0,31.4,8.8,29.0,28.9,36,0.0,8.6
Ahmedabad,23.0225,72.5714,2026-03-24 02:00:00,31.9,26.5,285.0,25.5,7.1,31.0,28.7,36,0.0,8.2
Ahmedabad,23.0225,72.5714,2026-03-24 03:00:00,25.1,21.1,282.0,21.3,6.2,31.0,28.0,38,0.0,8.5
Ahmedabad,23.0225,72.5714,2026-03-24 04:00:00,21.9,18.4,285.0,17.7,5.8,31.0,26.7,42,0.0,7.6
Ahmedabad,23.0225,72.5714,2026-03-24 05:00:00,14.1,12.8,305.0,12.2,4.9,33.0,26.0,46,0.0,6.8
Ahmedabad,23.0225,72.5714,2026-03-24 06:00:00,12.4,11.5,363.0,12.8,5.5,36.0,26.0,47,0.0,5.6
Ahmedabad,23.0225,72.5714,2026-03-24 07:00:00,14.7,13.9,438.0,13.4,6.3,40.0,26.0,47,0.0,4.8
Ahmedabad,23.0225,72.5714,2026-03-24 08:00:00,14.2,13.2,473.0,12.9,6.9,51.0,27.2,43,0.0,3.2
Ahmedabad,23.0225,72.5714,2026-03-24 09:00:00,15.1,11.7,433.0,10.0,7.0,74.0,29.3,39,0.0,3.0
Ahmedabad,23.0225,72.5714,2026-03-24 10:00:00,26.5,13.4,353.0,6.0,6.8,104.0,31.5,34,0.0,3.4
Ahmedabad,23.0225,72.5714,2026-03-24 11:00:00,38.6,15.0,288.0,2.9,6.5,126.0,33.2,30,0.0,3.8
Ahmedabad,23.0225,72.5714,2026-03-24 12:00:00,32.4,12.6,258.0,1.8,5.9,133.0,34.8,25,0.0,2.6
Ahmedabad,23.0225,72.5714,2026-03-24 13:00:00,29.5,11.7,243.0,1.6,5.1,132.0,35.7,23,0.0,3.2
Ahmedabad,23.0225,72.5714,2026-03-24 14:00:00,29.0,11.4,231.0,1.8,4.5,129.0,35.9,22,0.0,5.4
Ahmedabad,23.0225,72.5714,2026-03-24 15:00:00,29.0,11.4,215.0,1.0,4.0,129.0,35.7,23,0.0,8.0
Ahmedabad,23.0225,72.5714,2026-03-24 16:00:00,29.5,11.3,202.0,0.5,3.7,128.0,35.6,22,0.0,8.3
Ahmedabad,23.0225,72.5714,2026-03-24 17:00:00,13.3,7.1,205.0,3.7,5.3,133.0,35.3,22,0.0,7.0
Ahmedabad,23.0225,72.5714,2026-03-24 18:00:00,17.8,11.5,240.0,14.7,7.5,111.0,34.7,23,0.0,6.5
Ahmedabad,23.0225,72.5714,2026-03-24 19:00:00,28.2,21.0,290.0,29.9,10.5,80.0,33.7,27,0.0,4.7
Ahmedabad,23.0225,72.5714,2026-03-24 20:00:00,38.0,29.3,322.0,41.1,13.0,55.0,33.3,29,0.0,7.6
Ahmedabad,23.0225,72.5714,2026-03-24 21:00:00,45.1,35.0,317.0,45.0,14.6,43.0,33.1,29,0.0,8.3
Ahmedabad,23.0225,72.5714,2026-03-24 22:00:00,50.1,39.0,293.0,45.0,15.8,39.0,32.8,30,0.0,6.8
Ahmedabad,23.0225,72.5714,2026-03-24 23:00:00,51.5,39.2,271.0,42.8,15.8,36.0,32.1,32,0.0,9.6
Ahmedabad,23.0225,72.5714,2026-03-25 00:00:00,49.4,36.2,257.0,38.1,14.1,35.0,31.1,35,0.0,7.9
Ahmedabad,23.0225,72.5714,2026-03-25 01:00:00,45.9,32.4,245.0,31.1,11.4,37.0,30.0,37,0.0,6.6
Ahmedabad,23.0225,72.5714,2026-03-25 02:00:00,40.6,28.1,239.0,24.6,9.1,39.0,29.6,38,0.0,7.6
Ahmedabad,23.0225,72.5714,2026-03-25 03:00:00,33.2,23.0,241.0,19.1,7.7,40.0,28.0,44,0.0,9.2
Ahmedabad,23.0225,72.5714,2026-03-25 04:00:00,25.1,17.9,249.0,14.1,6.6,41.0,27.2,49,0.0,9.6
Ahmedabad,23.0225,72.5714,2026-03-25 05:00:00,17.3,12.3,263.0,8.9,5.6,47.0,26.7,51,0.0,8.9
Ahmedabad,23.0225,72.5714,2026-03-25 06:00:00,15.0,11.0,290.0,9.2,6.2,48.0,26.6,55,0.0,8.3
Ahmedabad,23.0225,72.5714,2026-03-25 07:00:00,16.4,12.6,323.0,9.4,7.0,50.0,26.5,57,0.0,7.5
Ahmedabad,23.0225,72.5714,2026-03-25 08:00:00,16.9,12.0,334.0,9.0,7.7,58.0,27.6,54,0.0,8.1
Ahmedabad,23.0225,72.5714,2026-03-25 09:00:00,18.9,11.5,303.0,7.2,8.3,76.0,29.6,48,0.0,8.3
Ahmedabad,23.0225,72.5714,2026-03-25 10:00:00,21.7,12.5,250.0,4.7,8.8,99.0,31.9,38,0.0,9.7
Ahmedabad,23.0225,72.5714,2026-03-25 11:00:00,24.3,13.2,212.0,2.8,9.0,118.0,33.3,33,0.0,6.1
Ahmedabad,23.0225,72.5714,2026-03-25 12:00:00,25.1,12.7,207.0,2.1,8.6,128.0,33.6,31,0.0,2.7
Ahmedabad,23.0225,72.5714,2026-03-25 13:00:00,25.7,12.4,217.0,2.0,7.8,133.0,35.6,26,0.0,1.2
Ahmedabad,23.0225,72.5714,2026-03-25 14:00:00,27.2,12.7,222.0,2.1,7.2,136.0,35.7,25,0.0,3.8
Ahmedabad,23.0225,72.5714,2026-03-25 15:00:00,28.3,13.4,210.0,1.2,6.9,139.0,36.6,23,0.0,7.4
Ahmedabad,23.0225,72.5714,2026-03-25 16:00:00,28.3,13.5,193.0,0.6,6.7,139.0,36.5,23,0.0,9.5
Ahmedabad,23.0225,72.5714,2026-03-25 17:00:00,5.9,4.7,188.0,3.2,5.8,116.0,35.7,24,0.0,8.4
Ahmedabad,23.0225,72.5714,2026-03-25 18:00:00,8.4,7.4,198.0,11.0,7.0,98.0,35.3,24,0.0,8.7
Ahmedabad,23.0225,72.5714,2026-03-25 19:00:00,14.6,13.7,220.0,22.0,8.7,72.0,34.4,25,0.0,3.7
Ahmedabad,23.0225,72.5714,2026-03-25 20:00:00,21.1,20.3,261.0,31.2,10.3,51.0,33.8,26,0.0,1.1
Ahmedabad,23.0225,72.5714,2026-03-25 21:00:00,27.0,26.2,347.0,37.5,11.9,38.0,32.9,28,0.0,2.1
Ahmedabad,23.0225,72.5714,2026-03-25 22:00:00,32.8,31.9,453.0,42.0,13.4,30.0,31.8,31,0.0,4.4
Ahmedabad,23.0225,72.5714,2026-03-25 23:00:00,37.6,36.3,504.0,43.5,14.0,25.0,30.9,33,0.0,6.2
Ahmedabad,23.0225,72.5714,2026-03-26 00:00:00,39.5,37.6,450.0,40.4,13.0,24.0,30.1,33,0.0,8.3
Ahmedabad,23.0225,72.5714,2026-03-26 01:00:00,36.6,34.1,342.0,34.3,11.0,26.0,29.0,33,0.0,8.0
Ahmedabad,23.0225,72.5714,2026-03-26 02:00:00,29.5,26.1,259.0,28.0,9.2,28.0,27.9,36,0.0,8.4
Ahmedabad,23.0225,72.5714,2026-03-26 03:00:00,24.3,19.3,229.0,21.9,7.7,30.0,27.1,41,0.0,8.4
Ahmedabad,23.0225,72.5714,2026-03-26 04:00:00,23.7,16.1,223.0,15.6,6.2,32.0,26.7,44,0.0,9.1
Ahmedabad,23.0225,72.5714,2026-03-26 05:00:00,24.3,14.4,237.0,10.8,5.3,35.0,26.5,47,0.0,8.9
Ahmedabad,23.0225,72.5714,2026-03-26 06:00:00,25.7,14.1,286.0,10.6,5.5,37.0,26.0,46,0.0,9.8
Ahmedabad,23.0225,72.5714,2026-03-26 07:00:00,28.9,15.9,355.0,10.2,5.8,40.0,26.1,43,0.0,9.0
Ahmedabad,23.0225,72.5714,2026-03-26 08:00:00,33.1,17.0,391.0,9.2,5.9,48.0,27.7,38,0.0,7.2
Ahmedabad,23.0225,72.5714,2026-03-26 09:00:00,43.1,18.6,361.0,7.1,5.8,65.0,30.0,33,0.0,7.7
Ahmedabad,23.0225,72.5714,2026-03-26 10:00:00,49.1,19.8,297.0,4.5,5.5,87.0,32.4,28,0.0,7.6
Ahmedabad,23.0225,72.5714,2026-03-26 11:00:00,51.2,19.2,244.0,2.5,5.1,104.0,34.4,25,0.0,7.7
Ahmedabad,23.0225,72.5714,2026-03-26 12:00:00,44.1,16.4,218.0,1.7,4.6,111.0,35.8,23,0.0,6.6
Ahmedabad,23.0225,72.5714,2026-03-26 13:00:00,38.3,14.6,202.0,1.5,3.9,112.0,36.8,21,0.0,7.4
Ahmedabad,23.0225,72.5714,2026-03-26 14:00:00,34.8,13.5,193.0,1.6,3.4,112.0,37.2,19,0.0,9.4
Ahmedabad,23.0225,72.5714,2026-03-26 15:00:00,31.7,12.3,185.0,0.9,2.9,112.0,37.4,18,0.0,9.4
Ahmedabad,23.0225,72.5714,2026-03-26 16:00:00,29.6,11.6,184.0,0.6,2.4,109.0,37.3,17,0.0,8.1
Ahmedabad,23.0225,72.5714,2026-03-26 17:00:00,14.5,6.5,201.0,3.4,3.0,105.0,36.7,16,0.0,7.8
Ahmedabad,23.0225,72.5714,2026-03-26 18:00:00,16.2,9.5,254.0,11.0,4.3,88.0,36.1,16,0.0,8.1
Ahmedabad,23.0225,72.5714,2026-03-26 19:00:00,21.9,15.9,325.0,21.4,6.2,65.0,35.0,18,0.0,6.1
Ahmedabad,23.0225,72.5714,2026-03-26 20:00:00,26.1,20.6,375.0,28.9,7.6,47.0,33.9,19,0.0,6.8
Ahmedabad,23.0225,72.5714,2026-03-26 21:00:00,27.8,23.0,387.0,30.9,8.4,39.0,32.8,22,0.0,7.0
Ahmedabad,23.0225,72.5714,2026-03-26 22:00:00,28.5,24.1,378.0,30.0,8.7,37.0,31.7,23,0.0,6.9
Ahmedabad,23.0225,72.5714,2026-03-26 23:00:00,28.2,24.0,362.0,27.7,8.6,36.0,30.4,26,0.0,8.7
Ahmedabad,23.0225,72.5714,2026-03-27 00:00:00,25.3,21.4,338.0,23.9,7.8,37.0,29.6,28,0.0,9.6
Ahmedabad,23.0225,72.5714,2026-03-27 01:00:00,21.4,17.7,307.0,18.7,6.5,39.0,28.8,29,0.0,9.3
Ahmedabad,23.0225,72.5714,2026-03-27 02:00:00,18.5,14.7,283.0,14.4,5.4,41.0,27.9,32,0.0,10.4
Ahmedabad,23.0225,72.5714,2026-03-27 03:00:00,17.1,12.8,269.0,11.7,4.8,39.0,27.4,36,0.0,8.4
Ahmedabad,23.0225,72.5714,2026-03-27 04:00:00,16.8,11.8,262.0,9.9,4.4,37.0,26.9,39,0.0,6.8
Ahmedabad,23.0225,72.5714,2026-03-27 05:00:00,16.5,9.5,270.0,6.8,4.0,41.0,26.5,47,0.0,7.9
Ahmedabad,23.0225,72.5714,2026-03-27 06:00:00,18.7,10.7,309.0,8.0,4.6,42.0,26.3,49,0.0,7.8
Ahmedabad,23.0225,72.5714,2026-03-27 07:00:00,22.5,13.4,361.0,9.5,5.5,45.0,26.3,50,0.0,7.7
Ahmedabad,23.0225,72.5714,2026-03-27 08:00:00,24.7,15.1,384.0,9.8,6.0,53.0,27.8,48,0.0,6.8
Ahmedabad,23.0225,72.5714,2026-03-27 09:00:00,30.7,15.7,347.0,7.8,5.9,72.0,30.1,42,0.0,7.5
Ahmedabad,23.0225,72.5714,2026-03-27 10:00:00,47.8,18.8,280.0,4.5,5.5,97.0,32.5,35,0.0,8.5
Ahmedabad,23.0225,72.5714,2026-03-27 11:00:00,54.2,19.2,226.0,2.1,5.0,115.0,34.2,29,0.0,9.7
Ahmedabad,23.0225,72.5714,2026-03-27 12:00:00,50.2,17.9,201.0,1.3,4.5,119.0,35.7,24,0.0,9.9
Ahmedabad,23.0225,72.5714,2026-03-27 13:00:00,47.4,17.2,188.0,1.3,3.9,116.0,36.8,21,0.0,10.2
Ahmedabad,23.0225,72.5714,2026-03-27 14:00:00,45.3,16.8,181.0,1.5,3.5,112.0,37.4,20,0.0,11.4
Ahmedabad,23.0225,72.5714,2026-03-27 15:00:00,43.5,16.4,175.0,1.1,3.2,111.0,37.6,20,0.0,12.3
Ahmedabad,23.0225,72.5714,2026-03-27 16:00:00,41.7,16.0,173.0,0.9,3.0,110.0,37.4,20,0.0,12.7
Ahmedabad,23.0225,72.5714,2026-03-27 17:00:00,6.6,3.8,181.0,2.7,3.3,106.0,36.6,23,0.0,12.0
Ahmedabad,23.0225,72.5714,2026-03-27 18:00:00,7.8,5.5,206.0,7.7,4.5,93.0,36.0,23,0.0,13.1
Ahmedabad,23.0225,72.5714,2026-03-27 19:00:00,11.5,9.6,239.0,14.5,6.0,75.0,35.0,25,0.0,9.4
Ahmedabad,23.0225,72.5714,2026-03-27 20:00:00,15.0,13.1,260.0,18.6,7.1,62.0,34.0,27,0.0,8.9
Ahmedabad,23.0225,72.5714,2026-03-27 21:00:00,15.5,14.0,256.0,17.6,7.2,59.0,32.9,29,0.0,10.8
Ahmedabad,23.0225,72.5714,2026-03-27 22:00:00,13.6,12.4,238.0,13.9,6.7,60.0,31.9,31,0.0,9.5
Ahmedabad,23.0225,72.5714,2026-03-27 23:00:00,10.7,9.9,222.0,10.5,6.2,62.0,30.8,37,0.0,11.4
Ahmedabad,23.0225,72.5714,2026-03-28 00:00:00,8.1,7.6,211.0,8.1,5.7,62.0,29.9,43,0.0,10.3
Ahmedabad,23.0225,72.5714,2026-03-28 01:00:00,6.5,6.1,201.0,6.0,5.1,62.0,29.0,47,0.0,10.5
Ahmedabad,23.0225,72.5714,2026-03-28 02:00:00,5.7,5.3,197.0,4.6,4.8,61.0,28.1,49,0.0,10.7
Ahmedabad,23.0225,72.5714,2026-03-28 03:00:00,5.9,5.0,201.0,4.2,4.8,57.0,27.4,52,0.0,11.1
Ahmedabad,23.0225,72.5714,2026-03-28 04:00:00,6.8,5.0,210.0,4.5,5.0,52.0,26.7,56,0.0,11.2
Ahmedabad,23.0225,72.5714,2026-03-28 05:00:00,8.9,5.7,226.0,5.3,5.2,50.0,26.7,59,0.0,8.6
Ahmedabad,23.0225,72.5714,2026-03-28 06:00:00,10.2,6.3,258.0,6.0,5.8,49.0,26.7,59,0.0,8.5
Ahmedabad,23.0225,72.5714,2026-03-28 07:00:00,12.1,8.0,295.0,7.0,6.7,48.0,26.6,59,0.0,7.0
Ahmedabad,23.0225,72.5714,2026-03-28 08:00:00,12.9,7.1,308.0,7.1,7.1,52.0,27.9,55,0.0,8.2
Ahmedabad,23.0225,72.5714,2026-03-28 09:00:00,15.2,7.0,273.0,5.7,6.9,67.0,29.7,49,0.0,10.0
Ahmedabad,23.0225,72.5714,2026-03-28 10:00:00,20.7,7.7,213.0,3.6,6.3,87.0,31.6,40,0.0,12.9
Ahmedabad,23.0225,72.5714,2026-03-28 11:00:00,27.6,8.7,167.0,1.9,5.5,100.0,33.1,35,0.0,10.7
Ahmedabad,23.0225,72.5714,2026-03-28 12:00:00,40.0,10.5,152.0,1.3,4.5,99.0,34.6,31,0.0,11.2
Ahmedabad,23.0225,72.5714,2026-03-28 13:00:00,48.5,11.6,152.0,1.1,3.4,90.0,35.6,29,0.0,13.1
Ahmedabad,23.0225,72.5714,2026-03-28 14:00:00,51.3,11.4,155.0,1.2,2.5,83.0,36.3,28,0.0,15.0
Ahmedabad,23.0225,72.5714,2026-03-28 15:00:00,51.0,11.0,157.0,1.3,2.0,81.0,36.8,27,0.0,15.5
Ahmedabad,23.0225,72.5714,2026-03-28 16:00:00,45.8,10.2,162.0,1.6,1.8,81.0,36.1,28,0.0,18.9
Ahmedabad,23.0225,72.5714,2026-03-28 17:00:00,14.2,4.7,170.0,2.3,2.1,79.0,35.5,29,0.0,14.4
Ahmedabad,23.0225,72.5714,2026-03-28 18:00:00,12.4,5.0,182.0,5.2,2.9,72.0,34.5,33,0.0,13.8
Ahmedabad,23.0225,72.5714,2026-03-28 19:00:00,13.1,7.2,197.0,9.2,4.0,63.0,33.9,36,0.0,11.4
Ahmedabad,23.0225,72.5714,2026-03-28 20:00:00,14.6,9.0,210.0,11.4,4.8,57.0,33.2,38,0.0,10.4
Ahmedabad,23.0225,72.5714,2026-03-28 21:00:00,13.9,8.9,222.0,10.3,4.9,57.0,32.3,38,0.0,12.0
Ahmedabad,23.0225,72.5714,2026-03-28 22:00:00,11.5,7.6,233.0,7.5,4.7,59.0,30.8,42,0.0,9.8
Ahmedabad,23.0225,72.5714,2026-03-28 23:00:00,10.9,6.4,232.0,5.3,4.4,60.0,30.3,47,0.0,9.9
Ahmedabad,23.0225,72.5714,2026-03-29 00:00:00,14.0,6.1,211.0,4.5,4.2,57.0,29.7,52,0.0,9.3
Ahmedabad,23.0225,72.5714,2026-03-29 01:00:00,18.1,6.4,179.0,4.2,4.1,51.0,28.8,55,0.0,9.3
Ahmedabad,23.0225,72.5714,2026-03-29 02:00:00,20.9,6.7,157.0,4.0,3.9,47.0,28.0,57,0.0,9.5
Ahmedabad,23.0225,72.5714,2026-03-29 03:00:00,21.6,6.9,152.0,3.9,3.7,44.0,27.3,59,0.0,9.4
Ahmedabad,23.0225,72.5714,2026-03-29 04:00:00,20.2,6.8,156.0,3.9,3.6,42.0,26.6,62,0.0,10.1
Ahmedabad,23.0225,72.5714,2026-03-29 05:00:00,19.8,7.1,166.0,4.4,4.0,41.0,26.4,63,0.0,8.4
Ahmedabad,23.0225,72.5714,2026-03-29 06:00:00,18.2,7.3,186.0,4.7,4.3,41.0,26.1,67,0.0,8.6
Ahmedabad,23.0225,72.5714,2026-03-29 07:00:00,16.6,7.9,211.0,5.0,4.7,41.0,26.0,72,0.0,7.9
Ahmedabad,23.0225,72.5714,2026-03-29 08:00:00,15.9,7.5,223.0,4.9,4.9,44.0,26.9,72,0.0,9.0
Ahmedabad,23.0225,72.5714,2026-03-29 09:00:00,24.5,8.1,209.0,3.9,4.6,53.0,28.7,64,0.0,11.5
Ahmedabad,23.0225,72.5714,2026-03-29 10:00:00,38.6,10.6,181.0,2.5,3.9,65.0,30.3,54,0.0,10.6
Ahmedabad,23.0225,72.5714,2026-03-29 11:00:00,54.0,13.7,160.0,1.5,3.4,75.0,31.8,47,0.0,9.0
Ahmedabad,23.0225,72.5714,2026-03-29 12:00:00,63.8,15.9,155.0,1.1,3.0,81.0,33.3,42,0.0,7.8
Ahmedabad,23.0225,72.5714,2026-03-29 13:00:00,61.9,15.9,156.0,1.1,2.7,84.0,34.3,37,0.0,9.1
Ahmedabad,23.0225,72.5714,2026-03-29 14:00:00,57.4,15.2,159.0,1.3,2.5,86.0,34.2,33,0.4,13.4
Ahmedabad,23.0225,72.5714,2026-03-29 15:00:00,53.9,14.6,160.0,1.6,2.3,87.0,33.7,34,0.0,12.3
Ahmedabad,23.0225,72.5714,2026-03-29 16:00:00,52.4,14.5,161.0,2.0,2.2,86.0,34.0,35,0.0,13.5
Ahmedabad,23.0225,72.5714,2026-03-29 17:00:00,34.8,10.9,167.0,3.1,3.1,82.0,34.4,29,0.0,15.0
Ahmedabad,23.0225,72.5714,2026-03-29 18:00:00,29.7,11.2,179.0,3.9,3.3,79.0,32.5,38,0.0,13.0
Ahmedabad,23.0225,72.5714,2026-03-29 19:00:00,25.8,11.9,195.0,5.1,3.6,75.0,31.9,40,0.0,7.8
Ahmedabad,23.0225,72.5714,2026-03-29 20:00:00,25.4,12.6,209.0,6.2,4.0,71.0,31.8,41,0.0,6.5
Ahmedabad,23.0225,72.5714,2026-03-29 21:00:00,26.5,13.9,221.0,7.3,4.5,66.0,31.5,41,0.0,8.8
Ahmedabad,23.0225,72.5714,2026-03-29 22:00:00,27.8,14.8,231.0,8.3,5.0,61.0,30.6,43,0.0,7.6
Ahmedabad,23.0225,72.5714,2026-03-29 23:00:00,29.0,15.4,232.0,9.1,5.3,56.0,30.3,47,0.0,6.6
Ahmedabad,23.0225,72.5714,2026-03-30 00:00:00,30.9,15.7,215.0,9.7,5.4,51.0,29.4,51,0.0,8.3
Ahmedabad,23.0225,72.5714,2026-03-30 01:00:00,34.0,16.6,188.0,10.0,5.3,47.0,28.7,52,0.0,8.1
Ahmedabad,23.0225,72.5714,2026-03-30 02:00:00,36.9,17.7,172.0,10.0,5.2,43.0,28.1,55,0.0,8.0
Ahmedabad,23.0225,72.5714,2026-03-30 03:00:00,37.7,17.4,176.0,9.6,5.2,39.0,27.6,58,0.0,8.2
Ahmedabad,23.0225,72.5714,2026-03-30 04:00:00,38.1,16.7,190.0,8.8,5.2,36.0,27.0,62,0.0,8.2
Ahmedabad,23.0225,72.5714,2026-03-30 05:00:00,35.9,15.8,206.0,8.1,5.1,34.0,27.0,65,0.0,5.8
Ahmedabad,23.0225,72.5714,2026-03-30 06:00:00,32.4,14.5,227.0,7.7,5.4,37.0,27.1,66,0.0,6.2
Ahmedabad,23.0225,72.5714,2026-03-30 07:00:00,31.2,15.1,251.0,7.0,5.7,40.0,27.3,65,0.0,5.1
Ahmedabad,23.0225,72.5714,2026-03-30 08:00:00,36.9,14.0,261.0,6.1,5.8,47.0,28.3,61,0.0,10.3
Ahmedabad,23.0225,72.5714,2026-03-30 09:00:00,44.5,14.3,245.0,4.7,5.4,58.0,29.7,54,0.0,8.4
Ahmedabad,23.0225,72.5714,2026-03-30 10:00:00,48.2,14.5,215.0,3.1,4.8,73.0,31.6,45,0.0,6.4
Ahmedabad,23.0225,72.5714,2026-03-30 11:00:00,47.8,14.1,190.0,1.9,4.3,83.0,33.3,40,0.0,5.9
Ahmedabad,23.0225,72.5714,2026-03-30 12:00:00,48.2,13.8,175.0,1.4,4.0,87.0,34.5,37,0.0,6.7
Ahmedabad,23.0225,72.5714,2026-03-30 13:00:00,51.1,14.0,164.0,1.4,3.8,88.0,34.6,35,0.0,9.7
Ahmedabad,23.0225,72.5714,2026-03-30 14:00:00,46.1,12.9,161.0,1.6,3.7,87.0,33.9,36,0.6,8.6
Ahmedabad,23.0225,72.5714,2026-03-30 15:00:00,44.5,12.4,164.0,1.6,3.5,87.0,32.2,40,0.2,6.0
Ahmedabad,23.0225,72.5714,2026-03-30 16:00:00,41.8,11.7,174.0,1.8,3.4,85.0,31.9,38,0.8,8.8
Ahmedabad,23.0225,72.5714,2026-03-30 17:00:00,18.4,6.5,201.0,3.6,2.1,73.0,35.1,28,0.0,6.2
Ahmedabad,23.0225,72.5714,2026-03-30 18:00:00,21.6,9.3,249.0,10.8,3.8,63.0,34.3,27,0.0,8.9
Ahmedabad,23.0225,72.5714,2026-03-30 19:00:00,28.3,16.4,314.0,20.6,6.2,49.0,33.9,27,0.0,5.6
Ahmedabad,23.0225,72.5714,2026-03-30 20:00:00,32.0,20.6,390.0,26.8,7.8,39.0,33.4,28,0.0,1.2
Ahmedabad,23.0225,72.5714,2026-03-30 21:00:00,30.0,19.9,504.0,26.0,8.0,36.0,32.1,29,0.0,8.8
Ahmedabad,23.0225,72.5714,2026-03-30 22:00:00,29.5,19.3,629.0,21.6,7.5,37.0,30.2,32,0.0,8.5
Ahmedabad,23.0225,72.5714,2026-03-30 23:00:00,32.1,20.1,681.0,18.3,7.0,37.0,30.1,37,0.0,4.4
Ahmedabad,23.0225,72.5714,2026-03-31 00:00:00,36.1,21.9,595.0,17.8,6.8,34.0,29.9,38,0.0,5.1
Ahmedabad,23.0225,72.5714,2026-03-31 01:00:00,38.8,23.7,434.0,18.2,6.5,31.0,29.1,38,0.0,8.3
Ahmedabad,23.0225,72.5714,2026-03-31 02:00:00,40.5,24.7,308.0,18.7,6.4,27.0,28.8,39,0.0,9.0
Ahmedabad,23.0225,72.5714,2026-03-31 03:00:00,42.4,26.0,258.0,18.9,6.3,22.0,27.7,44,0.0,11.4
Ahmedabad,23.0225,72.5714,2026-03-31 04:00:00,43.8,27.3,241.0,19.2,6.3,18.0,26.7,61,0.0,10.9
Ahmedabad,23.0225,72.5714,2026-03-31 05:00:00,17.8,12.4,239.0,6.6,4.6,44.0,26.4,62,0.0,10.2
Ahmedabad,23.0225,72.5714,2026-03-31 06:00:00,20.1,13.3,254.0,6.8,5.2,49.0,26.4,61,0.0,10.1
Ahmedabad,23.0225,72.5714,2026-03-31 07:00:00,22.9,15.5,283.0,6.9,5.9,57.0,26.7,57,0.0,8.2
Ahmedabad,23.0225,72.5714,2026-03-31 08:00:00,31.5,14.7,298.0,6.6,6.3,67.0,28.0,52,0.0,8.6
Ahmedabad,23.0225,72.5714,2026-03-31 09:00:00,43.4,16.0,283.0,5.3,5.9,80.0,29.7,46,0.0,8.3
Ahmedabad,23.0225,72.5714,2026-03-31 10:00:00,47.5,16.8,253.0,3.5,5.1,95.0,31.4,41,0.0,5.1
Ahmedabad,23.0225,72.5714,2026-03-31 11:00:00,47.0,16.9,227.0,2.1,4.6,106.0,32.2,41,0.0,4.0
Ahmedabad,23.0225,72.5714,2026-03-31 12:00:00,45.8,16.6,209.0,1.6,4.7,110.0,33.4,38,0.0,5.6
Ahmedabad,23.0225,72.5714,2026-03-31 13:00:00,39.0,15.0,194.0,1.6,5.1,110.0,34.4,35,0.0,7.4
Ahmedabad,23.0225,72.5714,2026-03-31 14:00:00,36.3,14.3,185.0,1.8,5.3,108.0,34.7,34,0.0,8.9
Ahmedabad,23.0225,72.5714,2026-03-31 15:00:00,33.3,13.2,180.0,1.2,4.7,105.0,34.8,33,0.0,8.7
Ahmedabad,23.0225,72.5714,2026-03-31 16:00:00,31.8,12.4,181.0,0.7,3.9,101.0,34.8,33,0.0,9.5
Ahmedabad,23.0225,72.5714,2026-03-31 17:00:00,42.8,15.5,193.0,2.9,3.1,89.0,33.9,28,0.0,9.9
Ahmedabad,23.0225,72.5714,2026-03-31 18:00:00,46.6,16.6,220.0,8.5,4.2,80.0,33.9,29,0.0,5.9
Ahmedabad,23.0225,72.5714,2026-03-31 19:00:00,49.5,20.5,258.0,16.1,5.7,67.0,33.9,29,0.0,7.0
Ahmedabad,23.0225,72.5714,2026-03-31 20:00:00,56.0,27.1,299.0,21.4,7.0,57.0,33.0,32,0.0,5.8
Ahmedabad,23.0225,72.5714,2026-03-31 21:00:00,61.5,32.0,357.0,22.3,8.0,53.0,32.0,35,0.0,5.7
Ahmedabad,23.0225,72.5714,2026-03-31 22:00:00,60.3,32.9,418.0,20.9,8.9,53.0,31.1,38,0.0,6.7
Ahmedabad,23.0225,72.5714,2026-03-31 23:00:00,47.8,27.2,436.0,18.3,9.0,55.0,30.4,41,0.0,5.6
Ahmedabad,23.0225,72.5714,2026-04-01 00:00:00,32.8,20.0,370.0,14.3,7.8,62.0,29.8,41,0.0,6.9
Ahmedabad,23.0225,72.5714,2026-04-01 01:00:00,20.7,13.9,260.0,9.1,6.0,71.0,29.0,40,0.0,8.1
Ahmedabad,23.0225,72.5714,2026-04-01 02:00:00,14.1,10.1,184.0,5.3,4.5,78.0,28.2,41,0.0,9.3
Ahmedabad,23.0225,72.5714,2026-04-01 03:00:00,12.7,8.8,178.0,3.8,3.9,80.0,27.6,43,0.0,7.6
Ahmedabad,23.0225,72.5714,2026-04-01 04:00:00,15.3,9.6,205.0,3.5,3.8,81.0,26.7,45,0.0,7.6
Ahmedabad,23.0225,72.5714,2026-04-01 05:00:00,17.3,11.2,234.0,4.9,4.4,73.0,25.8,50,0.0,8.9
Ahmedabad,23.0225,72.5714,2026-04-01 06:00:00,21.0,12.8,260.0,5.7,4.9,75.0,25.4,51,0.0,8.8
Ahmedabad,23.0225,72.5714,2026-04-01 07:00:00,26.2,15.9,288.0,6.8,5.7,80.0,25.3,51,0.0,7.9
Ahmedabad,23.0225,72.5714,2026-04-01 08:00:00,35.4,18.2,302.0,7.1,6.3,88.0,26.3,47,0.0,7.4
Ahmedabad,23.0225,72.5714,2026-04-01 09:00:00,44.2,20.3,292.0,5.9,6.7,105.0,28.4,41,0.0,6.7
Ahmedabad,23.0225,72.5714,2026-04-01 10:00:00,44.8,20.5,269.0,4.0,6.9,125.0,30.6,35,0.0,5.0
Ahmedabad,23.0225,72.5714,2026-04-01 11:00:00,43.1,19.7,245.0,2.5,7.2,141.0,31.9,34,0.0,2.8
Ahmedabad,23.0225,72.5714,2026-04-01 12:00:00,44.0,19.8,224.0,2.0,7.7,148.0,33.6,31,0.0,3.1
Ahmedabad,23.0225,72.5714,2026-04-01 13:00:00,41.4,19.2,203.0,1.9,8.3,149.0,34.7,29,0.0,6.5
Ahmedabad,23.0225,72.5714,2026-04-01 14:00:00,38.4,18.0,187.0,2.0,8.4,146.0,35.2,27,0.0,9.4
Ahmedabad,23.0225,72.5714,2026-04-01 15:00:00,35.9,16.6,176.0,1.8,7.4,139.0,35.3,27,0.0,9.9
Ahmedabad,23.0225,72.5714,2026-04-01 16:00:00,32.7,15.0,171.0,1.9,5.9,128.0,35.2,26,0.0,10.2
Ahmedabad,23.0225,72.5714,2026-04-01 17:00:00,20.8,10.3,180.0,3.0,4.1,115.0,34.6,28,0.0,9.8
Ahmedabad,23.0225,72.5714,2026-04-01 18:00:00,19.6,10.4,216.0,6.5,4.9,103.0,33.9,30,0.0,11.4
Ahmedabad,23.0225,72.5714,2026-04-01 19:00:00,20.2,13.1,266.0,11.3,6.1,87.0,33.2,32,0.0,7.6
Ahmedabad,23.0225,72.5714,2026-04-01 20:00:00,21.1,15.3,295.0,14.7,7.0,75.0,33.0,33,0.0,5.5
Ahmedabad,23.0225,72.5714,2026-04-01 21:00:00,21.0,15.9,283.0,15.5,7.5,70.0,31.7,33,0.0,9.0
Ahmedabad,23.0225,72.5714,2026-04-01 22:00:00,21.7,16.9,250.0,15.0,7.8,68.0,30.5,30,0.0,10.4
Ahmedabad,23.0225,72.5714,2026-04-01 23:00:00,21.6,16.9,223.0,13.7,7.7,68.0,29.4,30,0.0,9.7
Ahmedabad,23.0225,72.5714,2026-04-02 00:00:00,20.1,15.4,212.0,11.5,7.0,70.0,29.1,28,0.0,7.6
Ahmedabad,23.0225,72.5714,2026-04-02 01:00:00,19.5,14.2,207.0,8.7,5.9,74.0,28.5,29,0.0,5.5
Ahmedabad,23.0225,72.5714,2026-04-02 02:00:00,19.8,13.7,207.0,6.6,5.1,75.0,27.8,32,0.0,5.4
Ahmedabad,23.0225,72.5714,2026-04-02 03:00:00,21.2,14.1,213.0,5.9,4.8,72.0,27.0,35,0.0,6.2
Ahmedabad,23.0225,72.5714,2026-04-02 04:00:00,22.6,14.7,223.0,5.9,4.8,66.0,26.1,39,0.0,7.2
Ahmedabad,23.0225,72.5714,2026-04-02 05:00:00,19.8,13.1,236.0,4.5,4.5,72.0,24.8,55,0.0,8.4
Ahmedabad,23.0225,72.5714,2026-04-02 06:00:00,20.3,13.4,255.0,5.4,5.1,72.0,24.7,61,0.0,7.1
Ahmedabad,23.0225,72.5714,2026-04-02 07:00:00,21.8,14.8,276.0,6.5,5.8,72.0,24.8,63,0.0,6.4
Ahmedabad,23.0225,72.5714,2026-04-02 08:00:00,24.9,14.9,287.0,6.9,6.4,78.0,25.9,59,0.0,4.8
Ahmedabad,23.0225,72.5714,2026-04-02 09:00:00,31.0,16.5,282.0,5.7,6.5,96.0,27.9,51,0.0,3.2
Ahmedabad,23.0225,72.5714,2026-04-02 10:00:00,36.0,18.1,267.0,3.8,6.4,119.0,30.1,41,0.0,0.3
Ahmedabad,23.0225,72.5714,2026-04-02 11:00:00,35.2,17.9,249.0,2.3,6.7,138.0,31.8,36,0.0,4.3
Ahmedabad,23.0225,72.5714,2026-04-02 12:00:00,32.6,17.5,227.0,1.9,7.9,148.0,33.7,31,0.0,6.9
Ahmedabad,23.0225,72.5714,2026-04-02 13:00:00,28.6,16.1,203.0,2.0,9.4,153.0,34.7,27,0.0,9.6
Ahmedabad,23.0225,72.5714,2026-04-02 14:00:00,24.7,14.7,185.0,2.3,10.2,153.0,35.1,26,0.0,11.1
Ahmedabad,23.0225,72.5714,2026-04-02 15:00:00,22.9,14.0,179.0,2.4,9.5,148.0,35.3,24,0.0,12.8
Ahmedabad,23.0225,72.5714,2026-04-02 16:00:00,20.9,12.9,179.0,2.5,8.0,139.0,34.9,25,0.0,14.0
Ahmedabad,23.0225,72.5714,2026-04-02 17:00:00,21.4,10.7,183.0,2.5,3.3,108.0,34.1,29,0.0,13.5
Ahmedabad,23.0225,72.5714,2026-04-02 18:00:00,22.5,10.7,188.0,3.6,3.6,102.0,33.3,29,0.0,15.8
Ahmedabad,23.0225,72.5714,2026-04-02 19:00:00,23.5,11.8,197.0,5.3,4.1,93.0,31.1,34,0.0,16.5
Ahmedabad,23.0225,72.5714,2026-04-02 20:00:00,25.2,13.3,207.0,6.7,4.5,84.0,30.4,36,0.0,11.7
Ahmedabad,23.0225,72.5714,2026-04-02 21:00:00,27.1,14.6,221.0,7.9,4.9,76.0,29.7,38,0.0,9.3
Ahmedabad,23.0225,72.5714,2026-04-02 22:00:00,29.1,16.3,236.0,9.0,5.4,69.0,28.9,41,0.0,7.5
Ahmedabad,23.0225,72.5714,2026-04-02 23:00:00,31.3,17.9,249.0,9.4,5.6,63.0,28.9,40,0.0,4.9
Ahmedabad,23.0225,72.5714,2026-04-03 00:00:00,31.3,17.8,256.0,8.6,5.4,60.0,28.5,43,0.0,3.9
Ahmedabad,23.0225,72.5714,2026-04-03 01:00:00,31.4,17.7,260.0,7.1,5.0,59.0,28.4,43,0.0,3.4
Ahmedabad,23.0225,72.5714,2026-04-03 02:00:00,32.6,17.4,268.0,6.0,4.7,58.0,26.5,51,0.4,4.0
Ahmedabad,23.0225,72.5714,2026-04-03 03:00:00,33.9,17.2,286.0,5.6,4.5,57.0,26.0,55,0.0,4.2
Ahmedabad,23.0225,72.5714,2026-04-03 04:00:00,34.8,17.8,308.0,5.5,4.4,55.0,25.8,56,0.0,2.7
Ahmedabad,23.0225,72.5714,2026-04-03 05:00:00,45.1,25.4,325.0,13.0,7.3,36.0,25.9,54,0.0,4.0
Ahmedabad,23.0225,72.5714,2026-04-03 06:00:00,49.8,28.2,340.0,13.5,8.5,41.0,25.7,59,0.0,4.7
Ahmedabad,23.0225,72.5714,2026-04-03 07:00:00,54.5,32.0,350.0,14.1,10.2,48.0,25.9,61,0.0,3.5
Ahmedabad,23.0225,72.5714,2026-04-03 08:00:00,55.6,29.0,341.0,13.5,11.3,58.0,27.2,55,0.0,5.4
Ahmedabad,23.0225,72.5714,2026-04-03 09:00:00,66.8,25.0,295.0,10.7,11.7,75.0,28.6,50,0.0,6.3
Ahmedabad,23.0225,72.5714,2026-04-03 10:00:00,71.0,23.0,229.0,6.7,11.6,95.0,29.6,43,0.0,7.3
Ahmedabad,23.0225,72.5714,2026-04-03 11:00:00,65.9,21.4,178.0,3.6,10.7,107.0,31.5,36,0.0,8.8
Ahmedabad,23.0225,72.5714,2026-04-03 12:00:00,61.9,18.9,158.0,2.2,8.5,105.0,32.0,31,0.0,9.1
Ahmedabad,23.0225,72.5714,2026-04-03 13:00:00,60.5,17.3,152.0,1.8,5.6,96.0,32.9,29,0.0,15.4
Ahmedabad,23.0225,72.5714,2026-04-03 14:00:00,59.1,16.1,153.0,1.6,3.3,89.0,31.7,34,0.2,18.5
Ahmedabad,23.0225,72.5714,2026-04-03 15:00:00,68.2,18.0,157.0,1.5,2.3,87.0,30.3,40,0.1,21.6
Ahmedabad,23.0225,72.5714,2026-04-03 16:00:00,46.2,13.9,166.0,1.8,1.9,87.0,27.5,55,0.0,14.1
Ahmedabad,23.0225,72.5714,2026-04-03 17:00:00,44.7,14.6,179.0,3.4,2.5,82.0,29.8,42,0.0,13.1
Ahmedabad,23.0225,72.5714,2026-04-03 18:00:00,48.7,15.7,194.0,5.4,3.3,77.0,29.0,45,0.0,9.6
Ahmedabad,23.0225,72.5714,2026-04-03 19:00:00,44.9,16.3,211.0,8.2,4.4,70.0,27.4,52,0.0,6.9
Ahmedabad,23.0225,72.5714,2026-04-03 20:00:00,43.1,18.0,233.0,10.1,5.3,65.0,26.8,56,0.0,5.0
Ahmedabad,23.0225,72.5714,2026-04-03 21:00:00,40.7,18.7,267.0,10.5,5.9,62.0,26.7,58,0.0,4.9
Ahmedabad,23.0225,72.5714,2026-04-03 22:00:00,36.2,17.9,306.0,10.0,6.4,60.0,26.4,60,0.0,5.3
Ahmedabad,23.0225,72.5714,2026-04-03 23:00:00,29.3,15.1,324.0,9.1,6.5,59.0,26.7,62,0.0,7.0
Ahmedabad,23.0225,72.5714,2026-04-04 00:00:00,23.8,12.1,306.0,7.5,6.1,60.0,26.2,63,0.0,7.2
Ahmedabad,23.0225,72.5714,2026-04-04 01:00:00,21.0,10.5,267.0,5.4,5.5,62.0,25.9,64,0.0,6.2
Ahmedabad,23.0225,72.5714,2026-04-04 02:00:00,19.7,9.6,235.0,4.0,5.0,63.0,25.5,65,0.0,7.0
Ahmedabad,23.0225,72.5714,2026-04-04 03:00:00,19.5,9.3,215.0,3.7,4.9,62.0,25.0,68,0.0,6.6
Ahmedabad,23.0225,72.5714,2026-04-04 04:00:00,19.3,9.2,201.0,4.1,4.9,59.0,24.3,71,0.0,6.7
Ahmedabad,23.0225,72.5714,2026-04-04 05:00:00,18.9,10.0,198.0,5.7,5.3,51.0,24.6,62,0.0,8.6
Ahmedabad,23.0225,72.5714,2026-04-04 06:00:00,18.7,9.1,219.0,5.7,5.3,56.0,24.5,60,0.0,8.8
Ahmedabad,23.0225,72.5714,2026-04-04 07:00:00,21.1,9.8,251.0,5.7,5.4,64.0,24.6,56,0.0,6.6
Ahmedabad,23.0225,72.5714,2026-04-04 08:00:00,24.7,10.9,266.0,5.3,5.4,74.0,25.8,47,0.0,8.2
Ahmedabad,23.0225,72.5714,2026-04-04 09:00:00,29.7,12.4,246.0,4.2,5.3,88.0,27.5,37,0.0,8.7
Ahmedabad,23.0225,72.5714,2026-04-04 10:00:00,33.1,13.5,209.0,2.9,5.2,104.0,29.0,31,0.0,8.1
Ahmedabad,23.0225,72.5714,2026-04-04 11:00:00,33.8,13.8,181.0,1.8,5.0,116.0,30.2,32,0.0,6.9
Ahmedabad,23.0225,72.5714,2026-04-04 12:00:00,33.4,13.6,172.0,1.4,4.8,122.0,31.0,30,0.0,7.9
Ahmedabad,23.0225,72.5714,2026-04-04 13:00:00,31.9,13.0,170.0,1.3,4.5,123.0,31.7,28,0.0,8.0
Ahmedabad,23.0225,72.5714,2026-04-04 14:00:00,29.9,12.1,171.0,1.4,4.2,124.0,32.4,24,0.0,8.8
Ahmedabad,23.0225,72.5714,2026-04-04 15:00:00,27.9,11.2,167.0,1.2,3.7,125.0,32.7,21,0.0,10.3
Ahmedabad,23.0225,72.5714,2026-04-04 16:00:00,26.0,10.4,165.0,1.1,3.2,126.0,32.6,21,0.0,10.7
Ahmedabad,23.0225,72.5714,2026-04-04 17:00:00,9.8,4.7,177.0,2.4,2.9,125.0,32.1,19,0.0,12.2
Ahmedabad,23.0225,72.5714,2026-04-04 18:00:00,9.1,5.1,213.0,6.2,3.7,115.0,31.2,23,0.0,11.4
Ahmedabad,23.0225,72.5714,2026-04-04 19:00:00,11.4,8.4,264.0,11.4,4.8,101.0,30.4,25,0.0,9.0
Ahmedabad,23.0225,72.5714,2026-04-04 20:00:00,14.7,11.9,314.0,15.5,5.8,88.0,30.0,25,0.0,10.1
Ahmedabad,23.0225,72.5714,2026-04-04 21:00:00,17.6,14.5,366.0,17.7,6.5,78.0,29.2,26,0.0,8.4
Ahmedabad,23.0225,72.5714,2026-04-04 22:00:00,20.5,16.8,419.0,18.8,7.0,70.0,28.4,28,0.0,6.1
Ahmedabad,23.0225,72.5714,2026-04-04 23:00:00,23.3,18.6,449.0,19.0,7.2,64.0,27.5,32,0.0,5.9
Ahmedabad,23.0225,72.5714,2026-04-05 00:00:00,24.9,19.2,447.0,18.1,6.9,60.0,26.6,34,0.0,5.3
Ahmedabad,23.0225,72.5714,2026-04-05 01:00:00,25.3,18.6,423.0,16.4,6.4,58.0,26.1,35,0.0,5.9
Ahmedabad,23.0225,72.5714,2026-04-05 02:00:00,25.6,17.9,387.0,14.9,6.2,56.0,25.7,36,0.0,5.4
Ahmedabad,23.0225,72.5714,2026-04-05 03:00:00,27.0,17.8,329.0,14.0,6.8,53.0,25.4,38,0.0,6.6
Ahmedabad,23.0225,72.5714,2026-04-05 04:00:00,28.2,17.8,260.0,13.3,7.7,51.0,24.6,35,0.0,8.4
Ahmedabad,23.0225,72.5714,2026-04-05 05:00:00,46.2,35.9,223.0,29.2,10.9,32.0,23.7,41,0.0,10.1
Ahmedabad,23.0225,72.5714,2026-04-05 06:00:00,34.8,23.7,253.0,23.4,9.8,46.0,23.5,45,0.0,9.6
Ahmedabad,23.0225,72.5714,2026-04-05 07:00:00,30.9,18.7,315.0,15.3,8.2,65.0,24.0,46,0.0,7.7
Ahmedabad,23.0225,72.5714,2026-04-05 08:00:00,29.5,14.2,349.0,8.7,6.9,85.0,25.9,42,0.0,7.0
Ahmedabad,23.0225,72.5714,2026-04-05 09:00:00,28.9,12.8,321.0,5.2,6.0,105.0,27.8,38,0.0,7.8
Ahmedabad,23.0225,72.5714,2026-04-05 10:00:00,32.0,12.8,265.0,3.2,5.3,125.0,29.7,33,0.0,7.3
Ahmedabad,23.0225,72.5714,2026-04-05 11:00:00,39.2,12.4,220.0,1.9,4.7,139.0,30.9,31,0.0,4.5
Ahmedabad,23.0225,72.5714,2026-04-05 12:00:00,40.4,11.9,204.0,1.2,4.3,145.0,31.9,28,0.0,3.2
Ahmedabad,23.0225,72.5714,2026-04-05 13:00:00,36.9,11.1,200.0,1.2,4.0,145.0,32.7,25,0.0,4.4
Ahmedabad,23.0225,72.5714,2026-04-05 14:00:00,34.0,10.5,198.0,1.4,3.8,143.0,33.4,23,0.0,5.7
Ahmedabad,23.0225,72.5714,2026-04-05 15:00:00,31.9,10.1,193.0,1.1,3.5,141.0,33.7,21,0.0,6.7
Ahmedabad,23.0225,72.5714,2026-04-05 16:00:00,29.6,9.5,191.0,1.1,3.3,138.0,33.6,21,0.0,7.8
Ahmedabad,23.0225,72.5714,2026-04-05 17:00:00,15.6,5.6,198.0,3.0,3.7,133.0,33.0,22,0.0,8.3
Ahmedabad,23.0225,72.5714,2026-04-05 18:00:00,14.9,6.3,221.0,9.1,4.9,116.0,32.6,22,0.0,7.0
Ahmedabad,23.0225,72.5714,2026-04-05 19:00:00,19.0,11.2,254.0,17.6,6.7,92.0,31.9,23,0.0,6.3
Ahmedabad,23.0225,72.5714,2026-04-05 20:00:00,26.0,18.4,285.0,24.8,8.4,72.0,30.7,25,0.0,6.7
Ahmedabad,23.0225,72.5714,2026-04-05 21:00:00,30.9,23.4,316.0,29.4,10.1,59.0,29.8,28,0.0,7.0
Ahmedabad,23.0225,72.5714,2026-04-05 22:00:00,35.0,27.7,344.0,32.8,11.6,49.0,29.5,28,0.0,6.6
Ahmedabad,23.0225,72.5714,2026-04-05 23:00:00,39.2,31.8,352.0,34.8,12.6,41.0,28.8,30,0.0,6.9
Ahmedabad,23.0225,72.5714,2026-04-06 00:00:00,40.6,33.3,323.0,35.6,12.6,35.0,28.5,30,0.0,6.7
Ahmedabad,23.0225,72.5714,2026-04-06 01:00:00,40.9,33.5,273.0,35.2,11.9,31.0,26.7,35,0.0,7.8
Ahmedabad,23.0225,72.5714,2026-04-06 02:00:00,41.6,34.1,234.0,33.0,11.0,30.0,24.9,40,0.0,10.2
Ahmedabad,23.0225,72.5714,2026-04-06 03:00:00,40.3,33.1,217.0,28.1,10.0,32.0,24.3,49,0.0,10.3
Ahmedabad,23.0225,72.5714,2026-04-06 04:00:00,32.2,26.1,211.0,21.5,8.9,37.0,23.9,56,0.0,10.8
Ahmedabad,23.0225,72.5714,2026-04-06 05:00:00,12.8,7.9,216.0,3.9,4.3,77.0,23.9,58,0.0,10.2
Ahmedabad,23.0225,72.5714,2026-04-06 06:00:00,14.9,8.7,240.0,4.8,4.9,78.0,23.9,56,0.0,10.4
Ahmedabad,23.0225,72.5714,2026-04-06 07:00:00,17.4,10.7,274.0,6.0,5.7,79.0,24.2,54,0.0,8.0
Ahmedabad,23.0225,72.5714,2026-04-06 08:00:00,21.7,11.0,291.0,6.4,6.1,85.0,25.5,51,0.0,8.5
Ahmedabad,23.0225,72.5714,2026-04-06 09:00:00,27.1,11.6,274.0,5.3,5.6,100.0,27.4,47,0.0,8.2
Ahmedabad,23.0225,72.5714,2026-04-06 10:00:00,32.8,12.4,240.0,3.4,4.7,119.0,29.7,39,0.0,7.7
Ahmedabad,23.0225,72.5714,2026-04-06 11:00:00,33.9,12.4,211.0,1.9,4.0,134.0,31.7,31,0.0,5.8
Ahmedabad,23.0225,72.5714,2026-04-06 12:00:00,29.9,11.2,196.0,1.4,3.8,140.0,33.3,25,0.0,4.7
Ahmedabad,23.0225,72.5714,2026-04-06 13:00:00,26.8,10.3,186.0,1.3,3.8,142.0,34.3,22,0.0,7.0
Ahmedabad,23.0225,72.5714,2026-04-06 14:00:00,25.1,9.6,180.0,1.4,3.7,141.0,34.8,20,0.0,9.2
Ahmedabad,23.0225,72.5714,2026-04-06 15:00:00,24.4,9.2,178.0,1.3,3.3,140.0,34.9,20,0.0,10.0
Ahmedabad,23.0225,72.5714,2026-04-06 16:00:00,24.3,9.1,179.0,1.4,3.0,136.0,34.8,19,0.0,12.3
Ahmedabad,23.0225,72.5714,2026-04-06 17:00:00,20.5,8.1,189.0,2.5,3.3,129.0,34.3,20,0.0,7.7
Ahmedabad,23.0225,72.5714,2026-04-06 18:00:00,21.0,9.3,212.0,6.6,4.6,116.0,34.2,20,0.0,3.6
Ahmedabad,23.0225,72.5714,2026-04-06 19:00:00,23.2,13.0,243.0,12.1,6.4,99.0,33.2,24,0.0,7.8
Ahmedabad,23.0225,72.5714,2026-04-06 20:00:00,26.8,16.7,266.0,15.2,7.6,87.0,30.4,35,0.0,14.4
Ahmedabad,23.0225,72.5714,2026-04-06 21:00:00,28.7,17.8,278.0,13.6,7.8,86.0,28.6,44,0.0,12.5
Ahmedabad,23.0225,72.5714,2026-04-06 22:00:00,30.7,17.1,282.0,9.7,7.5,89.0,28.4,44,0.0,12.5
Ahmedabad,23.0225,72.5714,2026-04-06 23:00:00,32.9,15.9,274.0,6.4,7.0,91.0,28.0,45,0.0,11.0
Ahmedabad,23.0225,72.5714,2026-04-07 00:00:00,34.6,14.5,242.0,4.8,6.3,88.0,27.5,47,0.0,10.1
Ahmedabad,23.0225,72.5714,2026-04-07 01:00:00,35.0,13.5,197.0,3.9,5.3,83.0,26.7,59,0.0,11.8
Ahmedabad,23.0225,72.5714,2026-04-07 02:00:00,34.1,12.9,168.0,3.5,4.8,78.0,25.9,67,0.0,9.5
Ahmedabad,23.0225,72.5714,2026-04-07 03:00:00,32.0,12.4,169.0,3.7,4.8,73.0,25.4,70,0.0,8.2
Ahmedabad,23.0225,72.5714,2026-04-07 04:00:00,29.8,12.2,186.0,4.3,5.2,68.0,25.0,72,0.0,7.7
Ahmedabad,23.0225,72.5714,2026-04-07 05:00:00,24.6,11.6,200.0,5.3,7.6,66.0,24.8,75,0.0,7.9
Ahmedabad,23.0225,72.5714,2026-04-07 06:00:00,25.3,12.6,206.0,5.7,8.1,68.0,24.9,74,0.0,7.8
Ahmedabad,23.0225,72.5714,2026-04-07 07:00:00,26.3,14.0,208.0,6.1,8.6,71.0,25.2,72,0.0,8.6
Ahmedabad,23.0225,72.5714,2026-04-07 08:00:00,29.3,13.4,206.0,6.0,8.6,76.0,26.4,66,0.0,13.0
Ahmedabad,23.0225,72.5714,2026-04-07 09:00:00,31.2,13.7,196.0,4.8,7.5,83.0,28.0,58,0.0,12.9
Ahmedabad,23.0225,72.5714,2026-04-07 10:00:00,39.6,15.3,180.0,3.1,5.8,91.0,29.9,51,0.0,12.5
Ahmedabad,23.0225,72.5714,2026-04-07 11:00:00,46.8,16.9,168.0,1.8,4.4,97.0,31.3,47,0.0,14.3
Ahmedabad,23.0225,72.5714,2026-04-07 12:00:00,52.6,18.2,161.0,1.3,3.5,99.0,32.9,42,0.0,14.6
Ahmedabad,23.0225,72.5714,2026-04-07 13:00:00,63.6,20.7,158.0,1.2,2.8,99.0,33.6,39,0.0,17.0
Ahmedabad,23.0225,72.5714,2026-04-07 14:00:00,83.8,24.8,159.0,1.4,2.5,98.0,27.1,61,0.7,12.3
Ahmedabad,23.0225,72.5714,2026-04-07 15:00:00,92.4,26.8,165.0,1.8,2.6,98.0,28.1,60,0.4,13.1
Ahmedabad,23.0225,72.5714,2026-04-07 16:00:00,88.7,27.5,175.0,2.4,3.0,96.0,28.4,58,0.0,11.8
Ahmedabad,23.0225,72.5714,2026-04-07 17:00:00,79.6,26.9,187.0,3.0,3.5,91.0,30.1,55,0.0,15.5
Ahmedabad,23.0225,72.5714,2026-04-07 18:00:00,59.6,21.9,202.0,3.9,4.1,85.0,29.8,57,0.0,13.1
Ahmedabad,23.0225,72.5714,2026-04-07 19:00:00,51.0,19.4,219.0,5.0,4.8,76.0,28.6,59,0.0,11.9
Ahmedabad,23.0225,72.5714,2026-04-07 20:00:00,42.4,17.4,237.0,5.7,5.3,69.0,24.3,76,3.0,5.2
Ahmedabad,23.0225,72.5714,2026-04-07 21:00:00,33.3,15.0,260.0,5.4,5.2,65.0,23.3,89,1.2,8.4
Ahmedabad,23.0225,72.5714,2026-04-07 22:00:00,25.1,12.6,283.0,4.6,4.8,63.0,24.5,87,0.0,8.3
Ahmedabad,23.0225,72.5714,2026-04-07 23:00:00,19.8,10.5,290.0,4.0,4.6,61.0,27.4,59,0.0,14.9
Ahmedabad,23.0225,72.5714,2026-04-08 00:00:00,18.3,9.3,270.0,3.7,4.8,59.0,26.8,62,0.0,14.1
Ahmedabad,23.0225,72.5714,2026-04-08 01:00:00,18.5,9.2,234.0,3.5,5.1,57.0,26.3,65,0.0,12.6
Ahmedabad,23.0225,72.5714,2026-04-08 02:00:00,18.9,9.5,203.0,3.5,5.4,55.0,25.8,68,0.0,12.0
Ahmedabad,23.0225,72.5714,2026-04-08 03:00:00,19.0,9.7,183.0,3.7,5.6,53.0,25.5,71,0.0,11.3
Ahmedabad,23.0225,72.5714,2026-04-08 04:00:00,20.1,10.1,169.0,4.1,5.8,50.0,24.9,75,0.0,9.4
Ahmedabad,23.0225,72.5714,2026-04-08 05:00:00,18.8,9.8,163.0,4.3,5.8,50.0,25.0,76,0.0,8.1
Ahmedabad,23.0225,72.5714,2026-04-08 06:00:00,20.7,10.3,172.0,4.4,5.6,52.0,25.2,77,0.0,8.0
Ahmedabad,23.0225,72.5714,2026-04-08 07:00:00,39.2,17.8,190.0,4.4,5.2,56.0,25.4,77,0.3,10.8
Ahmedabad,23.0225,72.5714,2026-04-08 08:00:00,26.8,12.4,199.0,4.2,4.8,64.0,25.5,75,0.3,11.6
Ahmedabad,23.0225,72.5714,2026-04-08 09:00:00,26.8,12.2,190.0,3.4,4.3,78.0,27.5,69,0.3,10.4
Ahmedabad,23.0225,72.5714,2026-04-08 10:00:00,26.7,11.6,173.0,2.2,3.6,96.0,29.1,58,0.1,10.0
Ahmedabad,23.0225,72.5714,2026-04-08 11:00:00,28.4,11.2,160.0,1.4,3.1,110.0,30.2,51,0.0,8.8
Ahmedabad,23.0225,72.5714,2026-04-08 12:00:00,33.6,11.8,154.0,1.1,2.7,117.0,31.1,46,0.0,11.3
Ahmedabad,23.0225,72.5714,2026-04-08 13:00:00,33.8,11.6,152.0,1.1,2.4,120.0,32.5,38,0.0,12.5
Ahmedabad,23.0225,72.5714,2026-04-08 14:00:00,30.7,10.9,152.0,1.2,2.2,123.0,33.3,33,0.0,15.5
Ahmedabad,23.0225,72.5714,2026-04-08 15:00:00,30.0,10.6,151.0,0.6,1.9,128.0,33.5,28,0.0,13.0
Ahmedabad,23.0225,72.5714,2026-04-08 16:00:00,30.5,10.7,152.0,0.1,1.8,131.0,34.1,22,0.0,11.7
Ahmedabad,23.0225,72.5714,2026-04-08 17:00:00,27.0,10.8,166.0,2.4,2.3,123.0,34.2,25,0.0,8.5
Ahmedabad,23.0225,72.5714,2026-04-08 18:00:00,27.1,12.0,206.0,11.8,4.3,105.0,32.9,30,0.0,7.3
Ahmedabad,23.0225,72.5714,2026-04-08 19:00:00,34.6,20.2,259.0,25.0,7.2,81.0,31.8,36,0.0,4.8
Ahmedabad,23.0225,72.5714,2026-04-08 20:00:00,45.3,30.4,296.0,35.6,9.8,60.0,29.8,46,0.0,9.7
Ahmedabad,23.0225,72.5714,2026-04-08 21:00:00,52.9,38.0,303.0,41.5,11.9,47.0,28.7,61,0.0,6.9
Ahmedabad,23.0225,72.5714,2026-04-08 22:00:00,57.2,42.5,294.0,44.8,13.8,39.0,27.9,65,0.0,7.6
Ahmedabad,23.0225,72.5714,2026-04-08 23:00:00,61.0,46.4,278.0,46.3,15.0,33.0,27.3,69,0.0,7.4
Ahmedabad,23.0225,72.5714,2026-04-09 00:00:00,64.3,49.8,252.0,46.4,15.5,30.0,27.1,69,0.0,6.0
Ahmedabad,23.0225,72.5714,2026-04-09 01:00:00,64.0,50.3,219.0,44.6,15.4,31.0,26.6,73,0.0,6.0
Ahmedabad,23.0225,72.5714,2026-04-09 02:00:00,55.3,43.3,197.0,40.1,14.4,35.0,26.1,71,0.0,7.8
Ahmedabad,23.0225,72.5714,2026-04-09 03:00:00,42.0,32.6,193.0,30.6,11.8,45.0,25.4,59,0.0,8.3
Ahmedabad,23.0225,72.5714,2026-04-09 04:00:00,30.9,23.2,200.0,18.5,8.3,58.0,24.5,60,0.0,7.8
Ahmedabad,23.0225,72.5714,2026-04-09 05:00:00,28.4,19.5,215.0,11.0,6.2,70.0,24.1,67,0.0,8.4
Ahmedabad,23.0225,72.5714,2026-04-09 06:00:00,27.1,17.5,242.0,9.9,6.5,75.0,24.0,72,0.0,9.0
Ahmedabad,23.0225,72.5714,2026-04-09 07:00:00,27.3,18.2,276.0,8.3,6.9,82.0,24.3,73,0.0,7.2
Ahmedabad,23.0225,72.5714,2026-04-09 08:00:00,32.8,18.3,299.0,6.7,7.2,93.0,25.8,66,0.0,5.1
Ahmedabad,23.0225,72.5714,2026-04-09 09:00:00,41.3,20.7,304.0,5.2,7.4,109.0,27.9,56,0.0,2.4
Ahmedabad,23.0225,72.5714,2026-04-09 10:00:00,49.2,22.9,299.0,3.6,7.6,128.0,30.3,46,0.0,1.5
Ahmedabad,23.0225,72.5714,2026-04-09 11:00:00,50.8,23.5,288.0,2.5,7.8,143.0,31.5,41,0.0,0.6
Ahmedabad,23.0225,72.5714,2026-04-09 12:00:00,50.4,22.9,268.0,1.9,7.9,152.0,33.2,34,0.0,1.9
Ahmedabad,23.0225,72.5714,2026-04-09 13:00:00,56.8,22.9,242.0,1.8,8.0,158.0,34.3,30,0.0,4.3
Ahmedabad,23.0225,72.5714,2026-04-09 14:00:00,61.7,23.4,224.0,1.9,8.1,162.0,34.7,27,0.0,4.9
Ahmedabad,23.0225,72.5714,2026-04-09 15:00:00,62.9,23.5,215.0,1.1,7.9,168.0,35.0,25,0.0,3.6
Ahmedabad,23.0225,72.5714,2026-04-09 16:00:00,62.6,23.3,213.0,0.6,7.7,172.0,35.0,24,0.0,1.8
Ahmedabad,23.0225,72.5714,2026-04-09 17:00:00,49.6,17.7,231.0,3.4,6.6,163.0,34.1,24,0.0,3.9
Ahmedabad,23.0225,72.5714,2026-04-09 18:00:00,51.8,21.0,287.0,14.2,9.6,143.0,33.8,25,0.0,4.0
Ahmedabad,23.0225,72.5714,2026-04-09 19:00:00,63.8,32.2,362.0,29.1,13.8,115.0,33.5,25,0.0,3.9
Ahmedabad,23.0225,72.5714,2026-04-09 20:00:00,74.0,41.9,415.0,40.8,17.2,90.0,33.4,24,0.0,3.8
Ahmedabad,23.0225,72.5714,2026-04-09 21:00:00,81.7,50.1,425.0,46.5,19.1,73.0,31.5,29,0.0,9.4
Ahmedabad,23.0225,72.5714,2026-04-09 22:00:00,83.1,53.3,413.0,48.9,20.1,59.0,30.0,33,0.0,6.9
Ahmedabad,23.0225,72.5714,2026-04-09 23:00:00,82.4,54.6,400.0,48.9,20.1,49.0,29.8,35,0.0,6.6
Ahmedabad,23.0225,72.5714,2026-04-10 00:00:00,79.4,53.4,391.0,46.1,18.6,42.0,29.2,38,0.0,6.4
Ahmedabad,23.0225,72.5714,2026-04-10 01:00:00,75.7,50.5,381.0,40.9,16.1,39.0,28.0,42,0.0,7.6
Ahmedabad,23.0225,72.5714,2026-04-10 02:00:00,68.9,44.6,377.0,34.8,13.7,39.0,26.9,46,0.0,8.7
Ahmedabad,23.0225,72.5714,2026-04-10 03:00:00,61.0,37.1,388.0,27.3,11.5,44.0,26.4,44,0.0,8.4
Ahmedabad,23.0225,72.5714,2026-04-10 04:00:00,55.5,29.9,406.0,18.9,9.3,52.0,26.3,39,0.0,7.3
Ahmedabad,23.0225,72.5714,2026-04-10 05:00:00,43.5,28.8,412.0,15.7,11.6,48.0,26.0,45,0.0,8.6
Ahmedabad,23.0225,72.5714,2026-04-10 06:00:00,39.2,22.9,398.0,14.4,10.5,58.0,26.1,37,0.0,9.4
Ahmedabad,23.0225,72.5714,2026-04-10 07:00:00,34.0,19.0,372.0,12.6,8.9,73.0,26.3,30,0.0,8.8
Ahmedabad,23.0225,72.5714,2026-04-10 08:00:00,29.7,15.7,340.0,10.5,7.8,90.0,28.0,23,0.0,8.8
Ahmedabad,23.0225,72.5714,2026-04-10 09:00:00,27.8,12.9,298.0,8.0,7.6,112.0,30.4,19,0.0,10.3
Ahmedabad,23.0225,72.5714,2026-04-10 10:00:00,27.8,12.1,250.0,5.3,7.9,137.0,33.0,17,0.0,11.4
Ahmedabad,23.0225,72.5714,2026-04-10 11:00:00,29.8,11.5,214.0,3.2,7.9,156.0,35.1,14,0.0,13.3
Ahmedabad,23.0225,72.5714,2026-04-10 12:00:00,36.8,12.7,198.0,2.2,7.4,163.0,36.0,16,0.0,12.1
Ahmedabad,23.0225,72.5714,2026-04-10 13:00:00,40.0,13.5,195.0,1.9,6.7,164.0,36.9,16,0.0,10.9
Ahmedabad,23.0225,72.5714,2026-04-10 14:00:00,39.9,13.6,194.0,1.9,6.2,164.0,37.4,15,0.0,9.9
Ahmedabad,23.0225,72.5714,2026-04-10 15:00:00,39.2,13.2,189.0,0.9,5.7,166.0,37.6,14,0.0,9.0
Ahmedabad,23.0225,72.5714,2026-04-10 16:00:00,38.2,12.7,187.0,0.3,5.3,167.0,37.5,12,0.0,8.4
Ahmedabad,23.0225,72.5714,2026-04-10 17:00:00,11.8,4.9,203.0,3.7,5.3,158.0,36.8,10,0.0,9.0
Ahmedabad,23.0225,72.5714,2026-04-10 18:00:00,15.1,9.1,242.0,16.3,8.4,135.0,36.3,10,0.0,7.7
Ahmedabad,23.0225,72.5714,2026-04-10 19:00:00,26.4,20.1,298.0,33.6,12.5,102.0,35.9,10,0.0,5.7
Ahmedabad,23.0225,72.5714,2026-04-10 20:00:00,39.3,32.5,372.0,46.4,15.6,75.0,35.4,10,0.0,2.8
Ahmedabad,23.0225,72.5714,2026-04-10 21:00:00,46.9,39.8,481.0,50.8,16.6,59.0,33.8,12,0.0,7.0
Ahmedabad,23.0225,72.5714,2026-04-10 22:00:00,50.3,43.2,606.0,50.7,16.6,49.0,32.9,13,0.0,6.5
Ahmedabad,23.0225,72.5714,2026-04-10 23:00:00,49.1,41.8,695.0,48.1,15.6,43.0,31.5,16,0.0,3.5
Ahmedabad,23.0225,72.5714,2026-04-11 00:00:00,44.1,36.8,726.0,42.5,13.3,41.0,31.1,17,0.0,6.2
Ahmedabad,23.0225,72.5714,2026-04-11 01:00:00,39.6,32.7,720.0,34.5,10.2,44.0,29.8,20,0.0,6.6
Ahmedabad,23.0225,72.5714,2026-04-11 02:00:00,36.1,29.9,685.0,27.4,7.9,46.0,28.2,24,0.0,7.4
Ahmedabad,23.0225,72.5714,2026-04-11 03:00:00,33.3,27.9,597.0,22.3,7.0,46.0,27.1,26,0.0,7.7
Ahmedabad,23.0225,72.5714,2026-04-11 04:00:00,30.2,25.4,479.0,18.1,6.8,45.0,25.8,27,0.0,9.1
Ahmedabad,23.0225,72.5714,2026-04-11 05:00:00,39.9,34.9,409.0,26.5,8.4,26.0,26.4,27,0.0,8.2
Ahmedabad,23.0225,72.5714,2026-04-11 06:00:00,36.2,31.2,443.0,25.6,9.1,40.0,26.4,26,0.0,9.0
Ahmedabad,23.0225,72.5714,2026-04-11 07:00:00,39.7,34.1,525.0,24.2,10.0,60.0,26.5,27,0.0,5.4
Ahmedabad,23.0225,72.5714,2026-04-11 08:00:00,41.2,35.2,569.0,21.4,10.6,84.0,28.0,24,0.0,3.8
Ahmedabad,23.0225,72.5714,2026-04-11 09:00:00,36.1,27.7,531.0,15.8,10.5,115.0,30.6,20,0.0,1.1
Ahmedabad,23.0225,72.5714,2026-04-11 10:00:00,34.5,20.7,454.0,8.8,10.1,149.0,33.4,16,0.0,1.1
Ahmedabad,23.0225,72.5714,2026-04-11 11:00:00,35.4,18.2,385.0,3.6,9.7,174.0,35.4,13,0.0,2.7
Ahmedabad,23.0225,72.5714,2026-04-11 12:00:00,30.7,15.4,340.0,1.8,9.3,185.0,37.2,11,0.0,2.1
Ahmedabad,23.0225,72.5714,2026-04-11 13:00:00,27.1,13.9,302.0,1.9,8.9,186.0,38.2,10,0.0,3.0
Ahmedabad,23.0225,72.5714,2026-04-11 14:00:00,26.8,14.3,272.0,2.2,8.4,184.0,38.7,11,0.0,5.3
Ahmedabad,23.0225,72.5714,2026-04-11 15:00:00,28.1,14.8,247.0,0.7,7.3,180.0,38.8,13,0.0,6.5
Ahmedabad,23.0225,72.5714,2026-04-11 16:00:00,29.9,15.2,229.0,0.0,6.2,172.0,38.7,14,0.0,4.7
Ahmedabad,23.0225,72.5714,2026-04-11 17:00:00,26.4,13.4,221.0,3.5,7.1,160.0,38.2,15,0.0,4.9
Ahmedabad,23.0225,72.5714,2026-04-11 18:00:00,30.0,17.4,226.0,17.2,10.5,137.0,38.0,15,0.0,6.0
Ahmedabad,23.0225,72.5714,2026-04-11 19:00:00,41.6,29.2,241.0,36.2,15.3,104.0,36.4,18,0.0,6.2
Ahmedabad,23.0225,72.5714,2026-04-11 20:00:00,55.6,43.8,261.0,51.4,19.6,76.0,35.6,20,0.0,1.0
Ahmedabad,23.0225,72.5714,2026-04-11 21:00:00,63.8,52.5,294.0,59.1,23.1,58.0,34.6,22,0.0,3.4
Ahmedabad,23.0225,72.5714,2026-04-11 22:00:00,69.6,59.1,332.0,62.9,26.1,44.0,33.4,24,0.0,6.7
Ahmedabad,23.0225,72.5714,2026-04-11 23:00:00,75.2,65.0,349.0,64.4,27.6,34.0,32.5,27,0.0,8.6
Ahmedabad,23.0225,72.5714,2026-04-12 00:00:00,78.7,68.2,327.0,64.2,26.9,27.0,32.1,27,0.0,9.3
Ahmedabad,23.0225,72.5714,2026-04-12 01:00:00,79.4,67.5,284.0,61.7,24.6,23.0,30.5,30,0.0,6.8
Ahmedabad,23.0225,72.5714,2026-04-12 02:00:00,77.3,63.3,251.0,56.3,21.5,22.0,29.3,31,0.0,7.0
Ahmedabad,23.0225,72.5714,2026-04-12 03:00:00,71.5,55.2,237.0,46.2,17.3,22.0,28.7,33,0.0,8.1
Ahmedabad,23.0225,72.5714,2026-04-12 04:00:00,62.6,44.4,233.0,33.2,12.4,24.0,27.9,38,0.0,9.2
Ahmedabad,23.0225,72.5714,2026-04-12 05:00:00,60.1,37.6,248.0,25.6,9.1,28.0,27.7,44,0.0,7.3
Ahmedabad,23.0225,72.5714,2026-04-12 06:00:00,56.0,32.8,304.0,22.5,8.5,37.0,27.6,47,0.0,6.5
Ahmedabad,23.0225,72.5714,2026-04-12 07:00:00,56.0,32.1,379.0,18.0,7.6,50.0,28.0,48,0.0,4.3
Ahmedabad,23.0225,72.5714,2026-04-12 08:00:00,63.8,31.8,418.0,13.7,7.1,69.0,29.9,43,0.0,2.4
Ahmedabad,23.0225,72.5714,2026-04-12 09:00:00,108.7,34.3,385.0,9.8,7.4,99.0,32.3,35,0.0,3.6
Ahmedabad,23.0225,72.5714,2026-04-12 10:00:00,149.9,38.0,316.0,6.0,8.1,134.0,34.7,28,0.0,3.7
Ahmedabad,23.0225,72.5714,2026-04-12 11:00:00,169.5,37.1,260.0,3.2,8.2,158.0,36.7,22,0.0,2.8
Ahmedabad,23.0225,72.5714,2026-04-12 12:00:00,134.6,30.7,235.0,1.9,7.2,162.0,38.4,18,0.0,3.4
Ahmedabad,23.0225,72.5714,2026-04-12 13:00:00,107.3,26.4,223.0,1.6,5.7,155.0,39.1,17,0.0,5.1
Ahmedabad,23.0225,72.5714,2026-04-12 14:00:00,91.5,23.6,216.0,1.7,4.5,149.0,39.5,16,0.0,7.2
Ahmedabad,23.0225,72.5714,2026-04-12 15:00:00,81.3,21.5,207.0,1.2,3.7,149.0,39.6,16,0.0,8.7
Ahmedabad,23.0225,72.5714,2026-04-12 16:00:00,72.2,19.5,203.0,1.1,3.2,150.0,39.3,16,0.0,9.5
Ahmedabad,23.0225,72.5714,2026-04-12 17:00:00,43.7,12.4,214.0,3.3,3.7,146.0,38.9,15,0.0,8.4
Ahmedabad,23.0225,72.5714,2026-04-12 18:00:00,36.2,13.7,251.0,8.8,4.8,128.0,38.3,15,0.0,9.9
Ahmedabad,23.0225,72.5714,2026-04-12 19:00:00,33.9,17.6,303.0,16.4,6.4,103.0,37.4,13,0.0,10.6
Ahmedabad,23.0225,72.5714,2026-04-12 20:00:00,30.5,18.6,351.0,21.4,7.5,84.0,37.0,12,0.0,10.6
Ahmedabad,23.0225,72.5714,2026-04-12 21:00:00,27.6,18.2,395.0,21.4,7.8,77.0,35.4,13,0.0,10.7
Ahmedabad,23.0225,72.5714,2026-04-12 22:00:00,28.1,18.0,435.0,18.9,7.5,77.0,34.1,15,0.0,9.5
Ahmedabad,23.0225,72.5714,2026-04-12 23:00:00,30.6,18.2,452.0,16.6,7.2,76.0,32.6,17,0.0,9.3
Ahmedabad,23.0225,72.5714,2026-04-13 00:00:00,34.2,18.2,425.0,15.3,6.7,73.0,31.8,18,0.0,9.9
Ahmedabad,23.0225,72.5714,2026-04-13 01:00:00,38.6,18.8,375.0,14.2,6.0,70.0,31.2,19,0.0,9.0
Ahmedabad,23.0225,72.5714,2026-04-13 02:00:00,41.9,19.4,351.0,13.4,5.6,66.0,30.1,20,0.0,8.2
Ahmedabad,23.0225,72.5714,2026-04-13 03:00:00,42.0,19.5,377.0,13.0,5.8,60.0,29.3,21,0.0,2.8
Ahmedabad,23.0225,72.5714,2026-04-13 04:00:00,43.3,20.1,429.0,12.8,6.3,54.0,28.7,22,0.0,1.0
Ahmedabad,23.0225,72.5714,2026-04-13 05:00:00,53.9,25.4,486.0,15.5,7.0,46.0,27.8,26,0.0,8.5
Ahmedabad,23.0225,72.5714,2026-04-13 06:00:00,56.3,28.2,561.0,17.2,8.0,54.0,26.9,28,0.0,5.7
Ahmedabad,23.0225,72.5714,2026-04-13 07:00:00,61.7,35.2,640.0,19.3,9.4,66.0,27.0,29,0.0,4.5
Ahmedabad,23.0225,72.5714,2026-04-13 08:00:00,62.4,34.8,664.0,19.4,10.7,87.0,29.3,25,0.0,3.1
Ahmedabad,23.0225,72.5714,2026-04-13 09:00:00,63.6,31.3,587.0,15.4,12.2,126.0,32.1,21,0.0,3.6
Ahmedabad,23.0225,72.5714,2026-04-13 10:00:00,58.9,26.4,455.0,9.4,13.6,173.0,34.5,19,0.0,3.7
Ahmedabad,23.0225,72.5714,2026-04-13 11:00:00,49.6,21.2,346.0,4.7,14.0,205.0,36.4,18,0.0,3.6
Ahmedabad,23.0225,72.5714,2026-04-13 12:00:00,46.6,17.1,292.0,2.8,12.6,209.0,38.5,13,0.0,3.1
Ahmedabad,23.0225,72.5714,2026-04-13 13:00:00,51.7,16.7,261.0,2.2,10.2,198.0,39.3,12,0.0,3.9
Ahmedabad,23.0225,72.5714,2026-04-13 14:00:00,49.9,16.1,240.0,2.1,8.1,184.0,39.8,11,0.0,5.5
Ahmedabad,23.0225,72.5714,2026-04-13 15:00:00,47.4,15.5,226.0,0.7,6.2,173.0,40.0,12,0.0,5.7
Ahmedabad,23.0225,72.5714,2026-04-13 16:00:00,45.3,15.1,223.0,0.0,4.6,160.0,40.1,12,0.0,4.8
Ahmedabad,23.0225,72.5714,2026-04-13 17:00:00,27.5,9.3,227.0,3.4,4.9,158.0,39.7,12,0.0,4.5
Ahmedabad,23.0225,72.5714,2026-04-13 18:00:00,32.8,15.0,242.0,16.7,7.8,134.0,39.3,13,0.0,3.9
Ahmedabad,23.0225,72.5714,2026-04-13 19:00:00,45.2,27.0,264.0,35.0,12.0,101.0,37.7,14,0.0,5.2
Ahmedabad,23.0225,72.5714,2026-04-13 20:00:00,58.9,40.4,280.0,48.8,15.9,74.0,36.9,16,0.0,3.6
Ahmedabad,23.0225,72.5714,2026-04-13 21:00:00,68.5,50.3,287.0,55.2,20.1,58.0,36.2,17,0.0,3.1
Ahmedabad,23.0225,72.5714,2026-04-13 22:00:00,73.1,56.5,288.0,57.1,24.2,47.0,34.9,19,0.0,6.7
Ahmedabad,23.0225,72.5714,2026-04-13 23:00:00,63.6,49.6,280.0,53.6,25.1,42.0,33.5,23,0.0,9.2
Ahmedabad,23.0225,72.5714,2026-04-14 00:00:00,42.4,31.1,257.0,41.2,20.4,43.0,31.7,25,0.0,10.2
Ahmedabad,23.0225,72.5714,2026-04-14 01:00:00,35.9,21.0,225.0,23.4,12.6,50.0,30.9,26,0.0,9.2
Ahmedabad,23.0225,72.5714,2026-04-14 02:00:00,38.5,16.7,204.0,10.0,6.6,54.0,30.2,29,0.0,8.0
Ahmedabad,23.0225,72.5714,2026-04-14 03:00:00,43.3,15.3,203.0,5.5,4.5,52.0,29.4,34,0.0,7.9
Ahmedabad,23.0225,72.5714,2026-04-14 04:00:00,46.4,15.0,214.0,5.4,4.3,49.0,28.7,41,0.0,9.2
Ahmedabad,23.0225,72.5714,2026-04-14 05:00:00,47.7,14.9,230.0,5.5,4.4,48.0,28.2,49,0.0,9.9
Ahmedabad,23.0225,72.5714,2026-04-14 06:00:00,45.6,15.0,257.0,5.9,4.9,51.0,28.0,49,0.0,9.2
Ahmedabad,23.0225,72.5714,2026-04-14 07:00:00,43.9,16.8,289.0,6.4,5.5,56.0,28.4,46,0.0,7.1
Ahmedabad,23.0225,72.5714,2026-04-14 08:00:00,47.0,16.9,301.0,6.4,6.0,66.0,29.8,41,0.0,7.2
Ahmedabad,23.0225,72.5714,2026-04-14 09:00:00,48.0,17.6,277.0,5.3,6.2,85.0,31.6,36,0.0,6.0
Ahmedabad,23.0225,72.5714,2026-04-14 10:00:00,53.0,18.7,232.0,3.6,6.2,107.0,34.0,27,0.0,5.2
Ahmedabad,23.0225,72.5714,2026-04-14 11:00:00,58.2,19.6,195.0,2.3,5.9,124.0,35.9,21,0.0,5.8
Ahmedabad,23.0225,72.5714,2026-04-14 12:00:00,65.2,20.3,173.0,1.7,5.1,129.0,37.8,17,0.0,7.4
Ahmedabad,23.0225,72.5714,2026-04-14 13:00:00,70.8,20.2,157.0,1.5,4.0,127.0,39.1,15,0.0,10.2
Ahmedabad,23.0225,72.5714,2026-04-14 14:00:00,69.2,18.7,149.0,1.5,3.1,124.0,40.1,13,0.0,12.5
Ahmedabad,23.0225,72.5714,2026-04-14 15:00:00,65.4,16.8,145.0,1.4,2.5,121.0,40.5,12,0.0,14.1
Ahmedabad,23.0225,72.5714,2026-04-14 16:00:00,62.2,15.3,149.0,1.4,2.1,116.0,40.3,13,0.0,14.7
Ahmedabad,23.0225,72.5714,2026-04-14 17:00:00,43.4,10.2,167.0,2.6,1.9,111.0,39.8,14,0.0,12.0
Ahmedabad,23.0225,72.5714,2026-04-14 18:00:00,40.6,11.8,212.0,6.2,2.9,101.0,39.3,15,0.0,11.6
Ahmedabad,23.0225,72.5714,2026-04-14 19:00:00,42.4,15.6,272.0,10.9,4.4,86.0,37.8,17,0.0,8.5
Ahmedabad,23.0225,72.5714,2026-04-14 20:00:00,43.0,17.7,321.0,13.5,5.4,77.0,36.4,18,0.0,9.5
Ahmedabad,23.0225,72.5714,2026-04-14 21:00:00,43.0,17.6,354.0,11.7,5.6,78.0,33.5,26,0.0,11.1
Ahmedabad,23.0225,72.5714,2026-04-14 22:00:00,53.2,18.7,376.0,7.7,5.4,83.0,31.9,37,0.0,9.2
Ahmedabad,23.0225,72.5714,2026-04-14 23:00:00,67.1,20.8,373.0,4.7,5.1,86.0,31.0,43,0.0,8.3
Ahmedabad,23.0225,72.5714,2026-04-15 00:00:00,70.8,21.2,326.0,3.9,4.9,84.0,30.5,44,0.0,8.4
Ahmedabad,23.0225,72.5714,2026-04-15 01:00:00,64.7,20.6,254.0,4.0,4.7,79.0,30.3,39,0.0,9.0
Ahmedabad,23.0225,72.5714,2026-04-15 02:00:00,56.9,19.8,203.0,4.3,4.5,74.0,29.7,38,0.0,10.1
Ahmedabad,23.0225,72.5714,2026-04-15 03:00:00,51.1,19.4,192.0,4.5,4.4,69.0,28.8,44,0.0,10.7
Ahmedabad,23.0225,72.5714,2026-04-15 04:00:00,48.7,19.4,202.0,4.9,4.4,63.0,28.0,51,0.0,9.7
Ahmedabad,23.0225,72.5714,2026-04-15 05:00:00,46.7,19.8,219.0,5.3,4.7,61.0,27.6,59,0.0,9.3
Ahmedabad,23.0225,72.5714,2026-04-15 06:00:00,48.5,20.7,248.0,6.0,5.3,63.0,27.3,61,0.0,8.3
Ahmedabad,23.0225,72.5714,2026-04-15 07:00:00,50.5,22.9,284.0,6.8,6.2,66.0,27.6,60,0.0,6.0
Ahmedabad,23.0225,72.5714,2026-04-15 08:00:00,62.9,23.9,303.0,7.0,7.0,75.0,29.2,52,0.0,5.1
Ahmedabad,23.0225,72.5714,2026-04-15 09:00:00,76.6,26.5,289.0,5.9,7.7,97.0,31.4,43,0.0,4.2
Ahmedabad,23.0225,72.5714,2026-04-15 10:00:00,91.7,29.9,257.0,4.2,8.4,124.0,33.8,36,0.0,4.5
Ahmedabad,23.0225,72.5714,2026-04-15 11:00:00,115.0,33.5,228.0,2.8,8.5,144.0,35.6,32,0.0,4.8
Ahmedabad,23.0225,72.5714,2026-04-15 12:00:00,137.8,35.0,205.0,2.1,7.7,149.0,37.7,25,0.0,5.7
Ahmedabad,23.0225,72.5714,2026-04-15 13:00:00,142.5,33.4,185.0,1.8,6.4,146.0,38.9,21,0.0,6.9
Ahmedabad,23.0225,72.5714,2026-04-15 14:00:00,133.6,31.2,172.0,1.7,5.3,142.0,39.6,19,0.0,7.4
Ahmedabad,23.0225,72.5714,2026-04-15 15:00:00,125.7,29.5,163.0,0.7,4.5,141.0,39.9,18,0.0,7.4
Ahmedabad,23.0225,72.5714,2026-04-15 16:00:00,119.2,28.1,161.0,0.0,3.9,138.0,39.9,18,0.0,8.0
Ahmedabad,23.0225,72.5714,2026-04-15 17:00:00,82.7,21.2,183.0,3.1,4.6,134.0,39.0,17,0.0,8.3
Ahmedabad,23.0225,72.5714,2026-04-15 18:00:00,82.0,24.0,256.0,15.3,7.6,113.0,38.6,16,0.0,8.1
Ahmedabad,23.0225,72.5714,2026-04-15 19:00:00,90.6,34.0,353.0,31.9,11.8,84.0,37.4,17,0.0,9.0
Ahmedabad,23.0225,72.5714,2026-04-15 20:00:00,100.4,44.5,410.0,42.8,14.7,62.0,36.8,17,0.0,10.1
Ahmedabad,23.0225,72.5714,2026-04-15 21:00:00,103.6,50.1,388.0,43.1,15.5,52.0,32.4,27,0.0,11.3
Ahmedabad,23.0225,72.5714,2026-04-15 22:00:00,95.5,47.8,326.0,37.7,15.0,48.0,31.3,28,0.0,11.1
Ahmedabad,23.0225,72.5714,2026-04-15 23:00:00,78.0,39.7,274.0,31.2,13.9,48.0,30.5,32,0.0,11.4
Ahmedabad,23.0225,72.5714,2026-04-16 00:00:00,60.1,30.3,251.0,24.0,11.8,53.0,30.1,37,0.0,9.9
Ahmedabad,23.0225,72.5714,2026-04-16 01:00:00,47.5,23.7,240.0,15.6,9.1,61.0,29.4,42,0.0,8.7
Ahmedabad,23.0225,72.5714,2026-04-16 02:00:00,39.2,19.3,234.0,9.2,6.9,67.0,28.8,44,0.0,7.7
Ahmedabad,23.0225,72.5714,2026-04-16 03:00:00,33.3,16.1,233.0,6.3,5.8,68.0,28.3,42,0.0,7.6
Ahmedabad,23.0225,72.5714,2026-04-16 04:00:00,31.2,14.6,239.0,5.4,5.4,67.0,27.5,42,0.0,7.0
Ahmedabad,23.0225,72.5714,2026-04-16 05:00:00,37.4,15.3,251.0,5.7,5.5,70.0,26.7,57,0.0,5.6
Ahmedabad,23.0225,72.5714,2026-04-16 06:00:00,41.4,17.6,277.0,6.3,6.3,73.0,26.7,63,0.0,3.3
Ahmedabad,23.0225,72.5714,2026-04-16 07:00:00,43.8,20.4,309.0,7.1,7.4,77.0,27.0,64,0.0,3.3
Ahmedabad,23.0225,72.5714,2026-04-16 08:00:00,49.0,18.7,325.0,7.2,8.2,86.0,28.4,59,0.0,3.5
Ahmedabad,23.0225,72.5714,2026-04-16 09:00:00,58.6,20.8,313.0,6.0,8.6,104.0,30.6,51,0.0,3.5
Ahmedabad,23.0225,72.5714,2026-04-16 10:00:00,67.8,23.6,285.0,4.2,8.7,127.0,33.0,42,0.0,3.5
Ahmedabad,23.0225,72.5714,2026-04-16 11:00:00,74.3,25.3,257.0,2.8,8.6,144.0,34.9,34,0.0,4.3
Ahmedabad,23.0225,72.5714,2026-04-16 12:00:00,78.7,25.6,232.0,2.2,8.2,151.0,37.2,26,0.0,5.5
Ahmedabad,23.0225,72.5714,2026-04-16 13:00:00,75.4,24.3,208.0,1.9,7.7,154.0,38.5,21,0.0,6.6
Ahmedabad,23.0225,72.5714,2026-04-16 14:00:00,69.4,22.9,191.0,2.0,7.4,154.0,39.2,19,0.0,7.0
Ahmedabad,23.0225,72.5714,2026-04-16 15:00:00,64.0,22.0,181.0,1.5,7.4,156.0,39.6,17,0.0,7.3
Ahmedabad,23.0225,72.5714,2026-04-16 16:00:00,59.8,21.5,178.0,1.3,7.5,156.0,39.6,17,0.0,7.7
Ahmedabad,23.0225,72.5714,2026-04-16 17:00:00,40.6,15.5,193.0,3.6,6.7,138.0,38.8,15,0.0,7.7
Ahmedabad,23.0225,72.5714,2026-04-16 18:00:00,41.0,18.4,244.0,13.4,8.8,117.0,38.4,15,0.0,7.4
Ahmedabad,23.0225,72.5714,2026-04-16 19:00:00,48.1,26.6,313.0,26.7,11.7,88.0,37.8,16,0.0,6.4
Ahmedabad,23.0225,72.5714,2026-04-16 20:00:00,53.7,32.9,356.0,34.7,13.5,66.0,37.3,18,0.0,5.6
Ahmedabad,23.0225,72.5714,2026-04-16 21:00:00,54.6,35.3,350.0,32.7,13.4,58.0,35.4,21,0.0,8.2
Ahmedabad,23.0225,72.5714,2026-04-16 22:00:00,49.2,32.2,318.0,25.4,12.3,57.0,32.2,32,0.0,11.9
Ahmedabad,23.0225,72.5714,2026-04-16 23:00:00,38.2,24.0,289.0,18.5,10.8,58.0,30.9,38,0.0,10.8
Ahmedabad,23.0225,72.5714,2026-04-17 00:00:00,32.6,18.3,274.0,13.7,9.0,60.0,30.6,42,0.0,9.9
Ahmedabad,23.0225,72.5714,2026-04-17 01:00:00,31.2,15.9,262.0,9.4,6.9,63.0,30.0,45,0.0,9.9
Ahmedabad,23.0225,72.5714,2026-04-17 02:00:00,30.0,14.8,250.0,6.3,5.3,65.0,29.5,40,0.0,10.3
Ahmedabad,23.0225,72.5714,2026-04-17 03:00:00,28.1,14.1,232.0,5.0,4.6,63.0,28.9,34,0.0,10.4
Ahmedabad,23.0225,72.5714,2026-04-17 04:00:00,26.3,13.5,214.0,5.0,4.3,59.0,28.0,35,0.0,10.6
Ahmedabad,23.0225,72.5714,2026-04-17 05:00:00,25.2,13.6,211.0,5.6,4.5,57.0,27.2,47,0.0,8.2
Ahmedabad,23.0225,72.5714,2026-04-17 06:00:00,25.7,14.2,240.0,6.5,5.1,58.0,27.0,50,0.0,7.2
Ahmedabad,23.0225,72.5714,2026-04-17 07:00:00,28.3,16.7,286.0,7.8,5.9,61.0,27.3,51,0.0,5.9
Ahmedabad,23.0225,72.5714,2026-04-17 08:00:00,33.4,15.8,312.0,8.2,6.5,69.0,28.7,45,0.0,5.5
Ahmedabad,23.0225,72.5714,2026-04-17 09:00:00,41.0,17.2,303.0,7.2,6.9,87.0,30.8,35,0.0,4.7
Ahmedabad,23.0225,72.5714,2026-04-17 10:00:00,44.9,18.5,275.0,5.3,7.0,111.0,33.2,26,0.0,4.2
Ahmedabad,23.0225,72.5714,2026-04-17 11:00:00,43.3,17.9,246.0,3.8,6.9,129.0,34.6,21,0.0,3.2
Ahmedabad,23.0225,72.5714,2026-04-17 12:00:00,39.7,16.1,218.0,2.9,6.2,136.0,36.8,14,0.0,4.9
Ahmedabad,23.0225,72.5714,2026-04-17 13:00:00,34.8,14.0,189.0,2.3,5.2,138.0,38.2,12,0.0,7.1
Ahmedabad,23.0225,72.5714,2026-04-17 14:00:00,30.4,12.0,169.0,2.0,4.3,137.0,39.2,11,0.0,8.1
Ahmedabad,23.0225,72.5714,2026-04-17 15:00:00,29.3,11.2,155.0,0.7,3.3,135.0,40.0,10,0.0,8.9
Ahmedabad,23.0225,72.5714,2026-04-17 16:00:00,30.5,11.1,150.0,0.0,2.4,130.0,40.2,9,0.0,9.4
Ahmedabad,23.0225,72.5714,2026-04-17 17:00:00,18.9,7.5,173.0,3.0,3.0,117.0,39.3,9,0.0,8.6
Ahmedabad,23.0225,72.5714,2026-04-17 18:00:00,21.7,10.9,257.0,13.5,5.5,99.0,38.9,11,0.0,6.2
Ahmedabad,23.0225,72.5714,2026-04-17 19:00:00,31.0,19.8,369.0,27.9,9.1,75.0,37.7,12,0.0,2.7
Ahmedabad,23.0225,72.5714,2026-04-17 20:00:00,41.2,29.7,435.0,38.5,12.3,55.0,36.5,14,0.0,4.4
Ahmedabad,23.0225,72.5714,2026-04-17 21:00:00,48.9,37.3,410.0,42.8,15.3,44.0,35.6,16,0.0,5.8
Ahmedabad,23.0225,72.5714,2026-04-17 22:00:00,52.3,41.0,338.0,43.2,17.9,38.0,34.7,20,0.0,9.7
Ahmedabad,23.0225,72.5714,2026-04-17 23:00:00,48.5,37.6,274.0,39.7,18.4,37.0,33.3,30,0.0,11.2
Ahmedabad,23.0225,72.5714,2026-04-18 00:00:00,36.2,26.0,234.0,29.7,14.9,45.0,31.9,35,0.0,12.3
Ahmedabad,23.0225,72.5714,2026-04-18 01:00:00,26.0,16.7,202.0,15.8,9.3,58.0,30.7,39,0.0,11.7
Ahmedabad,23.0225,72.5714,2026-04-18 02:00:00,21.7,13.0,184.0,5.5,5.1,66.0,29.6,44,0.0,11.8
Ahmedabad,23.0225,72.5714,2026-04-18 03:00:00,19.9,11.5,183.0,2.6,3.8,64.0,28.9,47,0.0,10.3
Ahmedabad,23.0225,72.5714,2026-04-18 04:00:00,20.3,11.0,196.0,3.4,3.9,59.0,28.4,49,0.0,9.7
Ahmedabad,23.0225,72.5714,2026-04-18 05:00:00,23.1,12.2,216.0,5.1,4.5,52.0,28.0,50,0.0,9.3
Ahmedabad,23.0225,72.5714,2026-04-18 06:00:00,25.3,12.7,253.0,5.7,5.1,54.0,27.8,50,0.0,9.1
Ahmedabad,23.0225,72.5714,2026-04-18 07:00:00,27.6,15.0,297.0,6.4,5.9,58.0,28.3,48,0.0,7.6
Ahmedabad,23.0225,72.5714,2026-04-18 08:00:00,36.2,15.1,316.0,6.5,6.5,66.0,30.2,40,0.0,8.2
Ahmedabad,23.0225,72.5714,2026-04-18 09:00:00,43.2,16.2,286.0,5.4,6.7,81.0,32.8,31,0.0,8.4
Ahmedabad,23.0225,72.5714,2026-04-18 10:00:00,47.3,17.3,230.0,3.7,6.7,100.0,35.5,23,0.0,8.8
Ahmedabad,23.0225,72.5714,2026-04-18 11:00:00,49.4,17.1,186.0,2.3,6.3,114.0,37.1,19,0.0,9.1
Ahmedabad,23.0225,72.5714,2026-04-18 12:00:00,48.3,15.7,170.0,1.7,5.4,119.0,38.8,16,0.0,8.1
Ahmedabad,23.0225,72.5714,2026-04-18 13:00:00,43.0,14.2,166.0,1.5,4.1,118.0,40.0,14,0.0,7.3
Ahmedabad,23.0225,72.5714,2026-04-18 14:00:00,36.9,12.5,165.0,1.5,3.2,117.0,40.7,12,0.0,6.3
Ahmedabad,23.0225,72.5714,2026-04-18 15:00:00,32.2,11.2,162.0,0.6,2.5,118.0,41.1,11,0.0,5.7
Ahmedabad,23.0225,72.5714,2026-04-18 16:00:00,29.4,10.3,163.0,0.0,2.2,119.0,41.1,11,0.0,6.0
Ahmedabad,23.0225,72.5714,2026-04-18 17:00:00,16.8,6.4,177.0,3.1,3.1,119.0,40.5,10,0.0,5.6
Ahmedabad,23.0225,72.5714,2026-04-18 18:00:00,20.8,11.1,217.0,15.7,5.9,99.0,39.9,10,0.0,4.3
Ahmedabad,23.0225,72.5714,2026-04-18 19:00:00,31.8,21.8,270.0,33.1,9.9,72.0,38.4,11,0.0,3.8
Ahmedabad,23.0225,72.5714,2026-04-18 20:00:00,42.3,32.2,303.0,45.2,13.0,51.0,37.7,11,0.0,5.1
Ahmedabad,23.0225,72.5714,2026-04-18 21:00:00,49.5,39.5,300.0,48.2,15.0,41.0,36.9,12,0.0,4.8
Ahmedabad,23.0225,72.5714,2026-04-18 22:00:00,52.9,42.6,276.0,46.1,16.2,38.0,35.9,14,0.0,5.7
Ahmedabad,23.0225,72.5714,2026-04-18 23:00:00,46.1,35.9,250.0,40.6,15.9,39.0,34.2,16,0.0,7.3
Ahmedabad,23.0225,72.5714,2026-04-19 00:00:00,31.4,22.6,220.0,30.1,12.9,47.0,32.3,18,0.0,9.3
Ahmedabad,23.0225,72.5714,2026-04-19 01:00:00,23.2,15.1,187.0,16.4,8.5,59.0,30.9,19,0.0,9.7
Ahmedabad,23.0225,72.5714,2026-04-19 02:00:00,18.5,11.5,169.0,6.3,5.1,67.0,29.8,21,0.0,11.1
Ahmedabad,23.0225,72.5714,2026-04-19 03:00:00,16.1,10.0,175.0,3.3,4.0,66.0,28.8,30,0.0,11.5
Ahmedabad,23.0225,72.5714,2026-04-19 04:00:00,15.5,9.8,195.0,4.1,4.0,60.0,28.0,38,0.0,11.9
Ahmedabad,23.0225,72.5714,2026-04-19 05:00:00,17.1,10.0,218.0,4.6,4.3,58.0,27.2,50,0.0,12.1
Ahmedabad,23.0225,72.5714,2026-04-19 06:00:00,18.7,11.1,246.0,5.3,4.9,61.0,26.8,52,0.0,11.6
Ahmedabad,23.0225,72.5714,2026-04-19 07:00:00,21.7,13.4,276.0,6.2,5.8,65.0,27.3,45,0.0,8.9
Ahmedabad,23.0225,72.5714,2026-04-19 08:00:00,31.8,14.8,290.0,6.5,6.3,74.0,28.9,38,0.0,7.9
Ahmedabad,23.0225,72.5714,2026-04-19 09:00:00,41.0,16.8,272.0,5.5,6.2,91.0,31.3,32,0.0,7.1
Ahmedabad,23.0225,72.5714,2026-04-19 10:00:00,43.5,17.0,238.0,3.8,5.8,113.0,34.0,24,0.0,7.0
Ahmedabad,23.0225,72.5714,2026-04-19 11:00:00,40.7,15.8,209.0,2.5,5.5,129.0,35.8,19,0.0,6.3
Ahmedabad,23.0225,72.5714,2026-04-19 12:00:00,37.1,14.1,194.0,2.0,5.3,137.0,37.5,17,0.0,6.1
Ahmedabad,23.0225,72.5714,2026-04-19 13:00:00,33.9,12.8,184.0,1.9,5.2,139.0,38.7,16,0.0,6.8
Ahmedabad,23.0225,72.5714,2026-04-19 14:00:00,30.5,11.6,178.0,2.0,5.0,139.0,39.5,14,0.0,8.2
Ahmedabad,23.0225,72.5714,2026-04-19 15:00:00,27.6,10.6,174.0,1.7,4.4,137.0,40.0,11,0.0,10.4
Ahmedabad,23.0225,72.5714,2026-04-19 16:00:00,25.2,9.6,173.0,1.7,3.7,133.0,39.9,10,0.0,11.1
Ahmedabad,23.0225,72.5714,2026-04-19 17:00:00,13.4,6.0,179.0,3.2,4.1,126.0,38.3,10,0.0,10.6
Ahmedabad,23.0225,72.5714,2026-04-19 18:00:00,12.7,6.9,195.0,7.7,4.8,111.0,37.7,10,0.0,10.1
Ahmedabad,23.0225,72.5714,2026-04-19 19:00:00,15.8,11.1,218.0,14.0,5.8,90.0,36.7,11,0.0,6.0
Ahmedabad,23.0225,72.5714,2026-04-19 20:00:00,17.3,13.8,239.0,18.9,6.8,73.0,36.0,12,0.0,7.3
Ahmedabad,23.0225,72.5714,2026-04-19 21:00:00,18.5,15.7,258.0,21.7,8.1,63.0,34.8,12,0.0,9.4
Ahmedabad,23.0225,72.5714,2026-04-19 22:00:00,21.3,19.1,276.0,23.1,9.5,57.0,33.6,13,0.0,10.3
Ahmedabad,23.0225,72.5714,2026-04-19 23:00:00,22.6,20.8,283.0,22.4,10.1,55.0,32.2,15,0.0,10.9
Ahmedabad,23.0225,72.5714,2026-04-20 00:00:00,18.0,16.8,273.0,17.9,9.3,59.0,31.5,21,0.0,11.7
Ahmedabad,23.0225,72.5714,2026-04-20 01:00:00,13.1,11.8,253.0,11.3,7.7,66.0,30.3,26,0.0,8.9
Ahmedabad,23.0225,72.5714,2026-04-20 02:00:00,11.6,9.3,237.0,6.2,6.3,71.0,29.0,30,0.0,6.7
Ahmedabad,23.0225,72.5714,2026-04-20 03:00:00,12.2,8.5,227.0,4.4,5.5,69.0,27.8,35,0.0,8.5
Ahmedabad,23.0225,72.5714,2026-04-20 04:00:00,13.1,8.4,222.0,4.1,5.0,65.0,27.0,43,0.0,9.3
Ahmedabad,23.0225,72.5714,2026-04-20 05:00:00,13.6,8.7,229.0,5.0,5.1,61.0,26.5,58,0.0,8.0
Ahmedabad,23.0225,72.5714,2026-04-20 06:00:00,15.8,9.4,262.0,5.6,5.8,63.0,26.5,60,0.0,5.4
Ahmedabad,23.0225,72.5714,2026-04-20 07:00:00,18.9,11.7,308.0,6.5,6.8,67.0,26.9,60,0.0,3.6
Ahmedabad,23.0225,72.5714,2026-04-20 08:00:00,23.7,11.8,331.0,6.7,7.5,76.0,28.6,54,0.0,4.6
Ahmedabad,23.0225,72.5714,2026-04-20 09:00:00,30.4,13.6,310.0,5.7,7.7,96.0,31.1,44,0.0,3.8
Ahmedabad,23.0225,72.5714,2026-04-20 10:00:00,37.0,15.0,267.0,4.1,7.6,122.0,33.9,33,0.0,2.8
Ahmedabad,23.0225,72.5714,2026-04-20 11:00:00,37.3,14.4,229.0,2.8,7.4,141.0,35.4,27,0.0,4.6
Ahmedabad,23.0225,72.5714,2026-04-20 12:00:00,32.5,13.4,205.0,2.2,7.0,146.0,37.3,22,0.0,5.7
Ahmedabad,23.0225,72.5714,2026-04-20 13:00:00,29.5,12.4,187.0,1.9,6.5,143.0,38.5,19,0.0,5.9
Ahmedabad,23.0225,72.5714,2026-04-20 14:00:00,30.9,12.0,174.0,1.8,5.9,139.0,39.2,18,0.0,6.8
Ahmedabad,23.0225,72.5714,2026-04-20 15:00:00,32.6,11.5,161.0,1.6,5.0,135.0,39.6,16,0.0,8.4
Ahmedabad,23.0225,72.5714,2026-04-20 16:00:00,34.0,11.3,155.0,1.6,3.9,128.0,39.7,15,0.0,9.5
Ahmedabad,23.0225,72.5714,2026-04-20 17:00:00,37.7,12.7,174.0,3.1,3.9,129.0,38.9,15,0.0,8.8
Ahmedabad,23.0225,72.5714,2026-04-20 18:00:00,37.6,14.8,248.0,10.4,5.6,110.0,38.5,14,0.0,8.7
Ahmedabad,23.0225,72.5714,2026-04-20 19:00:00,44.0,21.1,347.0,20.2,7.8,83.0,37.5,16,0.0,7.4
Ahmedabad,23.0225,72.5714,2026-04-20 20:00:00,48.4,25.6,407.0,25.7,9.2,65.0,36.6,17,0.0,5.2
Ahmedabad,23.0225,72.5714,2026-04-20 21:00:00,44.4,24.5,390.0,22.8,8.9,63.0,35.8,18,0.0,8.5
Ahmedabad,23.0225,72.5714,2026-04-20 22:00:00,33.6,19.4,332.0,15.7,7.7,69.0,34.4,18,0.0,10.1
Ahmedabad,23.0225,72.5714,2026-04-20 23:00:00,22.1,13.7,279.0,9.6,6.6,74.0,33.4,19,0.0,7.9
Ahmedabad,23.0225,72.5714,2026-04-21 00:00:00,15.8,10.3,242.0,6.6,5.7,77.0,32.2,20,0.0,8.7
Ahmedabad,23.0225,72.5714,2026-04-21 01:00:00,14.3,9.4,209.0,4.7,4.8,80.0,31.0,21,0.0,9.5
Ahmedabad,23.0225,72.5714,2026-04-21 02:00:00,14.7,9.5,189.0,3.6,4.2,80.0,29.9,24,0.0,9.6
Ahmedabad,23.0225,72.5714,2026-04-21 03:00:00,15.5,10.0,188.0,3.4,4.0,75.0,28.7,28,0.0,9.5
Ahmedabad,23.0225,72.5714,2026-04-21 04:00:00,15.8,10.4,199.0,4.0,4.2,67.0,27.8,36,0.0,9.8
Ahmedabad,23.0225,72.5714,2026-04-21 05:00:00,16.9,11.4,217.0,5.1,4.6,62.0,27.5,48,0.0,9.9
Ahmedabad,23.0225,72.5714,2026-04-21 06:00:00,16.6,11.8,248.0,5.7,5.1,65.0,27.5,52,0.0,10.4
Ahmedabad,23.0225,72.5714,2026-04-21 07:00:00,17.7,13.6,284.0,6.5,5.8,69.0,27.9,50,0.0,9.2
Ahmedabad,23.0225,72.5714,2026-04-21 08:00:00,18.2,12.9,301.0,6.7,6.2,77.0,29.6,40,0.0,9.3
Ahmedabad,23.0225,72.5714,2026-04-21 09:00:00,18.0,12.6,279.0,5.6,6.0,94.0,31.8,33,0.0,8.8
Ahmedabad,23.0225,72.5714,2026-04-21 10:00:00,17.2,11.2,237.0,3.8,5.5,114.0,34.5,24,0.0,9.3
Ahmedabad,23.0225,72.5714,2026-04-21 11:00:00,18.9,9.7,203.0,2.4,4.9,129.0,36.6,19,0.0,7.9
Ahmedabad,23.0225,72.5714,2026-04-21 12:00:00,22.1,9.7,187.0,1.8,4.2,133.0,38.3,17,0.0,7.3
Ahmedabad,23.0225,72.5714,2026-04-21 13:00:00,21.0,8.8,178.0,1.5,3.5,131.0,39.6,14,0.0,7.7
Ahmedabad,23.0225,72.5714,2026-04-21 14:00:00,17.9,7.8,174.0,1.5,2.9,129.0,40.4,11,0.0,10.8
Ahmedabad,23.0225,72.5714,2026-04-21 15:00:00,16.2,7.3,170.0,1.3,2.4,129.0,40.6,11,0.0,13.4
Ahmedabad,23.0225,72.5714,2026-04-21 16:00:00,15.3,7.2,171.0,1.4,2.1,128.0,40.0,12,0.0,15.6
Ahmedabad,23.0225,72.5714,2026-04-21 17:00:00,12.3,6.6,184.0,2.7,2.3,122.0,38.8,12,0.0,14.7
Ahmedabad,23.0225,72.5714,2026-04-21 18:00:00,12.5,7.9,219.0,6.8,3.3,110.0,38.3,13,0.0,11.8
Ahmedabad,23.0225,72.5714,2026-04-21 19:00:00,15.1,11.2,266.0,12.3,4.7,93.0,37.6,13,0.0,9.2
Ahmedabad,23.0225,72.5714,2026-04-21 20:00:00,17.3,13.5,301.0,15.6,5.6,80.0,36.5,13,0.0,9.8
Ahmedabad,23.0225,72.5714,2026-04-21 21:00:00,17.7,13.8,316.0,14.6,5.7,77.0,35.4,13,0.0,10.0
Ahmedabad,23.0225,72.5714,2026-04-21 22:00:00,16.4,12.5,318.0,11.4,5.4,78.0,34.3,10,0.0,9.0
Ahmedabad,23.0225,72.5714,2026-04-21 23:00:00,14.0,10.2,310.0,8.5,5.1,79.0,33.1,10,0.0,7.6
Ahmedabad,23.0225,72.5714,2026-04-22 00:00:00,11.5,8.0,284.0,6.7,4.8,77.0,31.4,12,0.0,9.7
Ahmedabad,23.0225,72.5714,2026-04-22 01:00:00,9.2,6.6,247.0,5.2,4.5,74.0,30.6,12,0.0,9.0
Ahmedabad,23.0225,72.5714,2026-04-22 02:00:00,7.3,5.8,220.0,4.2,4.2,71.0,29.8,12,0.0,7.9
Ahmedabad,23.0225,72.5714,2026-04-22 03:00:00,6.8,5.6,211.0,3.9,4.0,66.0,28.7,12,0.0,9.6
Ahmedabad,23.0225,72.5714,2026-04-22 04:00:00,8.1,6.3,212.0,4.2,4.0,59.0,27.8,13,0.0,10.0
Ahmedabad,23.0225,72.5714,2026-04-22 05:00:00,11.7,8.0,223.0,4.7,4.1,56.0,26.6,31,0.0,9.5
Ahmedabad,23.0225,72.5714,2026-04-22 06:00:00,15.4,9.7,256.0,5.6,4.7,58.0,26.3,40,0.0,9.6
Ahmedabad,23.0225,72.5714,2026-04-22 07:00:00,19.9,12.8,300.0,6.7,5.6,61.0,26.8,42,0.0,7.3
Ahmedabad,23.0225,72.5714,2026-04-22 08:00:00,27.7,14.6,321.0,7.0,6.1,68.0,28.6,37,0.0,8.4
Ahmedabad,23.0225,72.5714,2026-04-22 09:00:00,32.7,16.1,298.0,5.8,5.8,83.0,31.1,29,0.0,7.9
Ahmedabad,23.0225,72.5714,2026-04-22 10:00:00,28.1,14.0,253.0,3.8,5.2,102.0,33.8,20,0.0,7.7
Ahmedabad,23.0225,72.5714,2026-04-22 11:00:00,22.4,11.3,217.0,2.2,4.6,116.0,35.5,17,0.0,5.9
Ahmedabad,23.0225,72.5714,2026-04-22 12:00:00,18.7,9.6,201.0,1.6,4.2,122.0,37.5,15,0.0,6.1
Ahmedabad,23.0225,72.5714,2026-04-22 13:00:00,16.5,8.9,193.0,1.5,3.9,123.0,38.8,13,0.0,8.1
Ahmedabad,23.0225,72.5714,2026-04-22 14:00:00,16.2,9.1,190.0,1.6,3.6,124.0,39.4,14,0.0,10.6
Ahmedabad,23.0225,72.5714,2026-04-22 15:00:00,16.6,9.6,189.0,1.6,3.3,125.0,39.6,17,0.0,10.7
Ahmedabad,23.0225,72.5714,2026-04-22 16:00:00,17.4,10.2,193.0,1.9,3.1,126.0,39.5,16,0.0,9.6
Ahmedabad,23.0225,72.5714,2026-04-22 17:00:00,17.5,10.2,204.0,2.8,3.2,123.0,38.4,15,0.0,7.3
Ahmedabad,23.0225,72.5714,2026-04-22 18:00:00,17.6,11.6,229.0,6.7,4.4,110.0,38.5,14,0.0,3.1
Ahmedabad,23.0225,72.5714,2026-04-22 19:00:00,20.3,15.2,261.0,11.9,6.1,93.0,37.6,14,0.0,2.1
Ahmedabad,23.0225,72.5714,2026-04-22 20:00:00,20.0,15.8,280.0,14.8,7.2,81.0,36.2,16,0.0,3.0
Ahmedabad,23.0225,72.5714,2026-04-22 21:00:00,15.9,12.5,274.0,13.0,7.1,80.0,35.1,17,0.0,9.9
Ahmedabad,23.0225,72.5714,2026-04-22 22:00:00,13.0,9.7,254.0,8.7,6.4,85.0,34.0,20,0.0,10.3
Ahmedabad,23.0225,72.5714,2026-04-22 23:00:00,11.7,8.2,234.0,5.4,5.7,86.0,32.9,23,0.0,11.3
Ahmedabad,23.0225,72.5714,2026-04-23 00:00:00,11.3,7.3,214.0,4.3,5.3,81.0,31.5,28,0.0,9.9
Ahmedabad,23.0225,72.5714,2026-04-23 01:00:00,12.4,7.3,194.0,4.0,5.0,72.0,30.5,28,0.0,10.1
Ahmedabad,23.0225,72.5714,2026-04-23 02:00:00,14.1,8.0,182.0,4.1,4.8,64.0,29.5,27,0.0,11.0
Ahmedabad,23.0225,72.5714,2026-04-23 03:00:00,15.4,8.6,182.0,4.4,4.7,56.0,28.4,31,0.0,10.9
Ahmedabad,23.0225,72.5714,2026-04-23 04:00:00,16.4,9.2,192.0,4.9,4.6,47.0,27.2,42,0.0,10.4
Ahmedabad,23.0225,72.5714,2026-04-23 05:00:00,16.6,9.7,208.0,5.2,4.4,43.0,26.5,58,0.0,8.9
Ahmedabad,23.0225,72.5714,2026-04-23 06:00:00,17.6,10.6,240.0,5.5,5.0,45.0,26.1,66,0.0,8.1
Ahmedabad,23.0225,72.5714,2026-04-23 07:00:00,19.3,12.0,279.0,5.9,5.8,49.0,26.5,69,0.0,6.1
Ahmedabad,23.0225,72.5714,2026-04-23 08:00:00,21.7,12.0,299.0,5.9,6.3,57.0,28.2,64,0.0,6.2
Ahmedabad,23.0225,72.5714,2026-04-23 09:00:00,25.5,12.7,282.0,5.0,6.3,74.0,30.7,53,0.0,6.0
Ahmedabad,23.0225,72.5714,2026-04-23 10:00:00,30.9,13.5,245.0,3.6,6.0,96.0,33.3,39,0.0,5.1
Ahmedabad,23.0225,72.5714,2026-04-23 11:00:00,35.9,13.7,214.0,2.5,5.5,113.0,34.8,30,0.0,3.2
Ahmedabad,23.0225,72.5714,2026-04-23 12:00:00,39.9,13.6,196.0,1.9,4.9,120.0,37.0,24,0.0,3.8
Ahmedabad,23.0225,72.5714,2026-04-23 13:00:00,41.8,13.1,184.0,1.7,4.1,122.0,38.4,21,0.0,5.2
Ahmedabad,23.0225,72.5714,2026-04-23 14:00:00,42.1,12.3,177.0,1.6,3.5,121.0,39.5,19,0.0,7.0
Ahmedabad,23.0225,72.5714,2026-04-23 15:00:00,40.9,11.6,170.0,1.2,2.9,120.0,40.5,16,0.0,9.9
Ahmedabad,23.0225,72.5714,2026-04-23 16:00:00,40.2,11.1,169.0,1.0,2.5,117.0,40.8,14,0.0,13.5
Ahmedabad,23.0225,72.5714,2026-04-23 17:00:00,32.2,9.1,185.0,2.5,2.6,105.0,40.0,10,0.0,12.8
Ahmedabad,23.0225,72.5714,2026-04-23 18:00:00,33.4,11.1,238.0,8.6,4.2,91.0,39.7,9,0.0,10.0
Ahmedabad,23.0225,72.5714,2026-04-23 19:00:00,40.6,16.6,309.0,16.8,6.4,71.0,38.6,10,0.0,7.6
Ahmedabad,23.0225,72.5714,2026-04-23 20:00:00,47.3,21.7,351.0,21.3,7.8,58.0,37.7,10,0.0,10.2
Ahmedabad,23.0225,72.5714,2026-04-23 21:00:00,47.8,22.3,339.0,18.6,7.6,57.0,37.1,12,0.0,11.7
Ahmedabad,23.0225,72.5714,2026-04-23 22:00:00,41.8,19.3,299.0,12.3,6.5,62.0,36.3,14,0.0,10.5
Ahmedabad,23.0225,72.5714,2026-04-23 23:00:00,31.0,14.3,264.0,7.2,5.5,65.0,34.1,20,0.0,12.2
Ahmedabad,23.0225,72.5714,2026-04-24 00:00:00,20.3,9.7,247.0,5.0,4.8,65.0,32.2,24,0.0,7.1
Ahmedabad,23.0225,72.5714,2026-04-24 01:00:00,12.1,6.7,235.0,4.0,4.1,63.0,31.5,25,0.0,6.9
Ahmedabad,23.0225,72.5714,2026-04-24 02:00:00,8.2,5.4,228.0,3.6,3.7,60.0,30.9,27,0.0,9.4
Ahmedabad,23.0225,72.5714,2026-04-24 03:00:00,7.7,5.2,223.0,3.8,3.7,55.0,29.9,34,0.0,9.0
Ahmedabad,23.0225,72.5714,2026-04-24 04:00:00,8.7,5.5,222.0,4.5,4.0,49.0,28.9,43,0.0,9.2
Ahmedabad,23.0225,72.5714,2026-04-24 05:00:00,10.4,5.8,230.0,5.0,4.4,46.0,28.2,58,0.0,9.2
Ahmedabad,23.0225,72.5714,2026-04-24 06:00:00,11.8,6.7,257.0,5.5,4.9,49.0,28.0,59,0.0,8.7
Ahmedabad,23.0225,72.5714,2026-04-24 07:00:00,14.0,8.8,293.0,6.1,5.7,53.0,28.4,56,0.0,7.1
Ahmedabad,23.0225,72.5714,2026-04-24 08:00:00,16.8,8.7,309.0,6.1,6.1,61.0,30.1,50,0.0,7.6
Ahmedabad,23.0225,72.5714,2026-04-24 09:00:00,21.8,9.9,288.0,5.1,5.9,78.0,32.4,43,0.0,6.3
Ahmedabad,23.0225,72.5714,2026-04-24 10:00:00,30.5,11.5,248.0,3.5,5.5,98.0,35.2,33,0.0,5.9
Ahmedabad,23.0225,72.5714,2026-04-24 11:00:00,41.3,12.4,214.0,2.3,4.9,113.0,37.3,25,0.0,6.4
Ahmedabad,23.0225,72.5714,2026-04-24 12:00:00,49.9,13.0,193.0,1.7,4.2,117.0,39.5,17,0.0,7.7
Ahmedabad,23.0225,72.5714,2026-04-24 13:00:00,57.7,13.6,178.0,1.5,3.5,114.0,40.8,14,0.0,8.8
Ahmedabad,23.0225,72.5714,2026-04-24 14:00:00,63.6,14.3,168.0,1.5,2.9,111.0,41.6,12,0.0,9.5
Ahmedabad,23.0225,72.5714,2026-04-24 15:00:00,65.2,14.6,163.0,0.6,2.4,111.0,41.9,12,0.0,9.7
Ahmedabad,23.0225,72.5714,2026-04-24 16:00:00,65.0,14.7,164.0,0.0,2.1,110.0,41.9,12,0.0,10.4
Ahmedabad,23.0225,72.5714,2026-04-24 17:00:00,62.9,14.6,176.0,2.7,2.7,103.0,41.0,13,0.0,10.6
Ahmedabad,23.0225,72.5714,2026-04-24 18:00:00,58.3,16.9,208.0,12.5,4.9,86.0,40.5,14,0.0,10.1
Ahmedabad,23.0225,72.5714,2026-04-24 19:00:00,65.2,24.7,252.0,25.7,7.8,64.0,39.3,15,0.0,8.1
Ahmedabad,23.0225,72.5714,2026-04-24 20:00:00,74.7,33.3,279.0,34.3,10.0,47.0,38.1,16,0.0,10.3
Ahmedabad,23.0225,72.5714,2026-04-24 21:00:00,78.5,38.9,277.0,34.2,10.8,42.0,37.2,16,0.0,11.2
Ahmedabad,23.0225,72.5714,2026-04-24 22:00:00,73.3,39.0,260.0,29.4,10.7,43.0,35.9,15,0.0,11.7
Ahmedabad,23.0225,72.5714,2026-04-24 23:00:00,46.8,27.0,242.0,23.6,10.0,46.0,34.9,17,0.0,11.7
Ahmedabad,23.0225,72.5714,2026-04-25 00:00:00,23.1,14.2,225.0,16.9,8.2,51.0,34.0,21,0.0,10.9
Ahmedabad,23.0225,72.5714,2026-04-25 01:00:00,17.3,9.4,206.0,9.2,5.7,57.0,33.0,24,0.0,9.9
Ahmedabad,23.0225,72.5714,2026-04-25 02:00:00,17.6,8.6,196.0,3.9,3.9,60.0,31.9,28,0.0,8.1
Ahmedabad,23.0225,72.5714,2026-04-25 03:00:00,19.8,9.3,197.0,2.8,3.5,56.0,30.9,34,0.0,9.1
Ahmedabad,23.0225,72.5714,2026-04-25 04:00:00,22.5,10.2,207.0,4.1,3.8,49.0,30.1,39,0.0,9.8
Ahmedabad,23.0225,72.5714,2026-04-25 05:00:00,27.6,11.4,223.0,5.5,4.4,44.0,29.5,47,0.0,10.1
Ahmedabad,23.0225,72.5714,2026-04-25 06:00:00,29.1,12.7,254.0,6.0,5.0,48.0,29.2,48,0.0,7.6
Ahmedabad,23.0225,72.5714,2026-04-25 07:00:00,29.9,14.8,292.0,6.6,5.9,53.0,29.7,47,0.0,6.2
Ahmedabad,23.0225,72.5714,2026-04-25 08:00:00,38.4,15.0,310.0,6.7,6.4,63.0,31.4,42,0.0,7.7
Ahmedabad,23.0225,72.5714,2026-04-25 09:00:00,50.6,17.0,290.0,5.6,6.3,80.0,33.7,38,0.0,7.4
Ahmedabad,23.0225,72.5714,2026-04-25 10:00:00,63.3,19.5,251.0,3.9,6.0,101.0,36.2,33,0.0,6.9
Ahmedabad,23.0225,72.5714,2026-04-25 11:00:00,69.6,21.0,219.0,2.6,5.6,117.0,38.2,27,0.0,6.0
Ahmedabad,23.0225,72.5714,2026-04-25 12:00:00,69.2,20.7,205.0,2.0,5.3,125.0,40.2,22,0.0,4.6
Ahmedabad,23.0225,72.5714,2026-04-25 13:00:00,63.6,19.0,198.0,1.8,5.0,129.0,41.5,18,0.0,3.8
Ahmedabad,23.0225,72.5714,2026-04-25 14:00:00,54.8,17.0,196.0,1.9,4.7,132.0,42.6,14,0.0,2.4
Ahmedabad,23.0225,72.5714,2026-04-25 15:00:00,47.4,15.3,191.0,1.2,4.3,137.0,43.1,12,0.0,3.5
Ahmedabad,23.0225,72.5714,2026-04-25 16:00:00,41.9,14.3,191.0,0.8,4.0,141.0,43.3,11,0.0,4.4
Ahmedabad,23.0225,72.5714,2026-04-25 17:00:00,20.0,7.0,217.0,3.1,3.3,134.0,42.3,11,0.0,1.8
Ahmedabad,23.0225,72.5714,2026-04-25 18:00:00,25.3,12.9,300.0,15.6,6.2,114.0,41.7,11,0.0,1.4
Ahmedabad,23.0225,72.5714,2026-04-25 19:00:00,36.1,23.6,408.0,32.4,10.1,85.0,40.0,12,0.0,3.3
Ahmedabad,23.0225,72.5714,2026-04-25 20:00:00,45.3,32.7,469.0,42.6,12.8,64.0,39.3,13,0.0,6.4
Ahmedabad,23.0225,72.5714,2026-04-25 21:00:00,49.6,37.1,441.0,40.0,13.1,56.0,38.9,13,0.0,6.5
Ahmedabad,23.0225,72.5714,2026-04-25 22:00:00,46.2,34.2,366.0,30.7,12.0,55.0,37.9,13,0.0,7.8
Ahmedabad,23.0225,72.5714,2026-04-25 23:00:00,35.6,23.7,299.0,21.8,10.6,56.0,35.8,17,0.0,11.5
Ahmedabad,23.0225,72.5714,2026-04-26 00:00:00,31.9,16.9,256.0,15.2,8.8,57.0,33.8,21,0.0,11.5
Ahmedabad,23.0225,72.5714,2026-04-26 01:00:00,33.6,15.0,221.0,9.0,6.6,60.0,32.9,25,0.0,10.9
Ahmedabad,23.0225,72.5714,2026-04-26 02:00:00,35.3,14.6,201.0,4.8,5.0,61.0,31.7,28,0.0,11.7
Ahmedabad,23.0225,72.5714,2026-04-26 03:00:00,36.2,14.7,202.0,3.7,4.5,56.0,30.4,33,0.0,11.7
Ahmedabad,23.0225,72.5714,2026-04-26 04:00:00,36.7,14.8,219.0,4.6,4.7,49.0,29.4,41,0.0,10.8
Ahmedabad,23.0225,72.5714,2026-04-26 05:00:00,29.6,14.2,241.0,5.7,5.0,47.0,28.9,59,0.0,10.1
Ahmedabad,23.0225,72.5714,2026-04-26 06:00:00,31.4,15.1,274.0,6.1,5.6,51.0,28.8,65,0.0,9.8
Ahmedabad,23.0225,72.5714,2026-04-26 07:00:00,31.9,16.8,314.0,6.6,6.4,57.0,29.4,65,0.0,8.3
Ahmedabad,23.0225,72.5714,2026-04-26 08:00:00,42.0,17.5,333.0,6.6,6.9,67.0,31.2,58,0.0,8.4
Ahmedabad,23.0225,72.5714,2026-04-26 09:00:00,53.9,19.7,317.0,5.5,7.0,84.0,33.8,48,0.0,5.8
Ahmedabad,23.0225,72.5714,2026-04-26 10:00:00,66.6,21.9,281.0,3.7,6.8,105.0,36.7,38,0.0,5.6
Ahmedabad,23.0225,72.5714,2026-04-26 11:00:00,68.9,21.9,248.0,2.4,6.4,122.0,39.1,28,0.0,6.6
Ahmedabad,23.0225,72.5714,2026-04-26 12:00:00,60.5,19.6,223.0,1.8,5.7,132.0,41.3,20,0.0,5.9
Ahmedabad,23.0225,72.5714,2026-04-26 13:00:00,51.2,17.1,201.0,1.6,4.7,138.0,42.9,14,0.0,6.8
Ahmedabad,23.0225,72.5714,2026-04-26 14:00:00,43.3,15.1,185.0,1.6,3.9,140.0,43.8,11,0.0,9.3
Ahmedabad,23.0225,72.5714,2026-04-26 15:00:00,38.4,14.1,174.0,1.3,3.2,140.0,44.1,10,0.0,12.1
Ahmedabad,23.0225,72.5714,2026-04-26 16:00:00,37.0,13.6,170.0,1.3,2.6,136.0,43.7,10,0.0,14.4
Ahmedabad,23.0225,72.5714,2026-04-26 17:00:00,17.7,6.6,182.0,2.8,2.6,123.0,42.4,10,0.0,13.9
Ahmedabad,23.0225,72.5714,2026-04-26 18:00:00,20.0,9.1,226.0,8.7,4.0,106.0,42.1,10,0.0,8.5
Ahmedabad,23.0225,72.5714,2026-04-26 19:00:00,26.7,14.5,287.0,16.6,6.0,82.0,40.8,10,0.0,6.6
Ahmedabad,23.0225,72.5714,2026-04-26 20:00:00,32.4,18.6,326.0,21.0,7.2,65.0,39.3,11,0.0,8.5
Ahmedabad,23.0225,72.5714,2026-04-26 21:00:00,34.5,19.1,325.0,18.5,7.0,60.0,38.2,12,0.0,10.0
Ahmedabad,23.0225,72.5714,2026-04-26 22:00:00,31.8,16.5,303.0,12.4,6.0,62.0,37.4,13,0.0,12.6
Ahmedabad,23.0225,72.5714,2026-04-26 23:00:00,24.7,12.0,277.0,7.5,5.1,63.0,36.0,17,0.0,12.3
Ahmedabad,23.0225,72.5714,2026-04-27 00:00:00,18.5,9.5,249.0,5.4,4.6,63.0,35.1,20,0.0,11.9
Ahmedabad,23.0225,72.5714,2026-04-27 01:00:00,14.7,8.3,218.0,4.4,4.3,63.0,34.3,24,0.0,12.2
Ahmedabad,23.0225,72.5714,2026-04-27 02:00:00,13.4,8.1,200.0,4.0,4.1,61.0,33.3,28,0.0,10.3
Ahmedabad,23.0225,72.5714,2026-04-27 03:00:00,13.9,8.3,202.0,4.1,4.1,56.0,32.0,31,0.0,9.8
Ahmedabad,23.0225,72.5714,2026-04-27 04:00:00,14.9,8.7,216.0,4.7,4.4,50.0,31.1,35,0.0,10.7
Ahmedabad,23.0225,72.5714,2026-04-27 05:00:00,17.5,9.3,234.0,5.2,4.6,49.0,30.3,42,0.0,10.9
Ahmedabad,23.0225,72.5714,2026-04-27 06:00:00,19.7,10.3,262.0,5.8,5.1,52.0,30.0,43,0.0,11.0
Ahmedabad,23.0225,72.5714,2026-04-27 07:00:00,22.0,12.9,295.0,6.7,5.9,56.0,30.4,42,0.0,7.9
Ahmedabad,23.0225,72.5714,2026-04-27 08:00:00,26.6,12.9,309.0,6.8,6.2,64.0,32.0,38,0.0,8.0
Ahmedabad,23.0225,72.5714,2026-04-27 09:00:00,30.0,13.2,288.0,5.6,5.9,79.0,34.3,33,0.0,8.1
Ahmedabad,23.0225,72.5714,2026-04-27 10:00:00,31.3,13.0,249.0,3.8,5.2,98.0,36.7,27,0.0,7.6
Ahmedabad,23.0225,72.5714,2026-04-27 11:00:00,31.9,12.2,215.0,2.3,4.4,112.0,38.5,22,0.0,7.1
Ahmedabad,23.0225,72.5714,2026-04-27 12:00:00,32.8,11.8,195.0,1.7,3.6,118.0,40.6,18,0.0,8.0
Ahmedabad,23.0225,72.5714,2026-04-27 13:00:00,28.9,10.8,180.0,1.4,2.7,120.0,42.1,14,0.0,9.9
Ahmedabad,23.0225,72.5714,2026-04-27 14:00:00,24.5,9.5,171.0,1.4,2.1,121.0,43.0,12,0.0,14.2
Ahmedabad,23.0225,72.5714,2026-04-27 15:00:00,21.2,8.8,167.0,1.6,1.8,123.0,43.0,12,0.0,15.3
Ahmedabad,23.0225,72.5714,2026-04-27 16:00:00,19.4,8.7,169.0,1.9,1.7,125.0,43.5,11,0.0,16.8
Ahmedabad,23.0225,72.5714,2026-04-27 17:00:00,16.9,10.7,176.0,2.5,1.8,121.0,42.6,11,0.0,15.4
Ahmedabad,23.0225,72.5714,2026-04-27 18:00:00,16.3,11.2,191.0,3.5,2.4,114.0,41.6,12,0.0,18.2
Ahmedabad,23.0225,72.5714,2026-04-27 19:00:00,15.2,11.1,211.0,4.9,3.2,104.0,39.5,13,0.0,18.0
Ahmedabad,23.0225,72.5714,2026-04-27 20:00:00,14.0,9.1,229.0,5.8,3.9,94.0,38.4,14,0.0,13.0
Ahmedabad,23.0225,72.5714,2026-04-27 21:00:00,15.4,7.9,245.0,5.9,4.2,84.0,35.7,24,0.0,13.2
Ahmedabad,23.0225,72.5714,2026-04-27 22:00:00,20.8,9.5,258.0,5.6,4.4,73.0,34.5,31,0.0,11.0
Ahmedabad,23.0225,72.5714,2026-04-27 23:00:00,24.4,10.5,261.0,5.2,4.5,66.0,33.3,36,0.0,8.5
Ahmedabad,23.0225,72.5714,2026-04-28 00:00:00,25.3,10.4,245.0,4.7,4.6,65.0,32.9,37,0.0,8.4
Ahmedabad,23.0225,72.5714,2026-04-28 01:00:00,24.0,9.7,218.0,4.2,4.6,67.0,32.3,33,0.0,9.2
Ahmedabad,23.0225,72.5714,2026-04-28 02:00:00,21.4,8.6,197.0,4.0,4.8,68.0,31.5,29,0.0,9.6
Ahmedabad,23.0225,72.5714,2026-04-28 03:00:00,18.4,7.7,186.0,4.3,5.1,66.0,30.4,30,0.0,9.2
Ahmedabad,23.0225,72.5714,2026-04-28 04:00:00,16.5,7.4,182.0,4.8,5.5,64.0,29.5,34,0.0,6.8
Ahmedabad,23.0225,72.5714,2026-04-28 05:00:00,17.6,9.1,189.0,6.0,6.0,61.0,28.7,42,0.0,6.1
Ahmedabad,23.0225,72.5714,2026-04-28 06:00:00,18.6,10.2,221.0,6.5,7.0,65.0,28.7,43,0.0,5.1
Ahmedabad,23.0225,72.5714,2026-04-28 07:00:00,19.8,11.9,264.0,7.0,8.3,72.0,29.1,44,0.0,3.3
Ahmedabad,23.0225,72.5714,2026-04-28 08:00:00,22.2,11.3,289.0,7.0,9.1,81.0,30.6,42,0.0,4.0
Ahmedabad,23.0225,72.5714,2026-04-28 09:00:00,27.9,12.7,278.0,5.8,9.2,97.0,32.7,37,0.0,5.3
Ahmedabad,23.0225,72.5714,2026-04-28 10:00:00,33.5,13.9,249.0,4.1,8.7,116.0,35.2,30,0.0,5.7
Ahmedabad,23.0225,72.5714,2026-04-28 11:00:00,37.5,14.1,222.0,2.7,8.0,128.0,36.6,27,0.0,5.8
Ahmedabad,23.0225,72.5714,2026-04-28 12:00:00,40.6,13.7,205.0,2.0,6.7,128.0,38.7,22,0.0,7.7
Ahmedabad,23.0225,72.5714,2026-04-28 13:00:00,50.3,14.4,191.0,1.6,5.2,121.0,40.5,19,0.0,10.1
Ahmedabad,23.0225,72.5714,2026-04-28 14:00:00,55.6,14.8,181.0,1.4,3.9,114.0,41.3,18,0.0,13.0
Ahmedabad,23.0225,72.5714,2026-04-28 15:00:00,51.6,13.9,177.0,1.5,3.2,111.0,42.3,15,0.0,11.6
Ahmedabad,23.0225,72.5714,2026-04-28 16:00:00,47.3,13.4,177.0,1.8,2.9,108.0,42.8,12,0.0,17.2
Ahmedabad,23.0225,72.5714,2026-04-28 17:00:00,29.7,9.5,180.0,2.1,2.4,102.0,41.8,12,0.0,16.8
Ahmedabad,23.0225,72.5714,2026-04-28 18:00:00,25.1,9.4,185.0,2.9,2.8,97.0,41.5,12,0.0,16.5
Ahmedabad,23.0225,72.5714,2026-04-28 19:00:00,22.1,9.5,193.0,3.9,3.5,90.0,38.0,21,0.0,14.9
Ahmedabad,23.0225,72.5714,2026-04-28 20:00:00,20.8,9.1,203.0,4.7,4.0,84.0,35.3,28,0.0,12.1
Ahmedabad,23.0225,72.5714,2026-04-28 21:00:00,19.0,8.6,222.0,4.9,4.4,81.0,34.1,33,0.0,11.5
Ahmedabad,23.0225,72.5714,2026-04-28 22:00:00,17.2,8.2,243.0,4.8,4.7,79.0,32.8,41,0.0,10.2
Ahmedabad,23.0225,72.5714,2026-04-28 23:00:00,16.6,8.1,251.0,4.6,4.8,77.0,32.3,41,0.0,10.3
Ahmedabad,23.0225,72.5714,2026-04-29 00:00:00,17.2,8.2,231.0,4.4,4.6,74.0,32.2,28,0.0,10.1
Ahmedabad,23.0225,72.5714,2026-04-29 01:00:00,18.6,8.7,198.0,4.2,4.3,71.0,31.1,27,0.0,9.5
Ahmedabad,23.0225,72.5714,2026-04-29 02:00:00,20.4,9.4,178.0,4.2,4.2,67.0,30.1,30,0.0,9.5
Ahmedabad,23.0225,72.5714,2026-04-29 03:00:00,22.5,10.1,182.0,4.6,4.5,61.0,29.3,34,0.0,9.4
Ahmedabad,23.0225,72.5714,2026-04-29 04:00:00,24.7,10.9,199.0,5.3,4.9,55.0,28.5,37,0.0,8.6
Ahmedabad,23.0225,72.5714,2026-04-29 05:00:00,26.7,12.0,219.0,5.8,5.6,52.0,28.5,40,0.0,7.1
Ahmedabad,23.0225,72.5714,2026-04-29 06:00:00,29.1,13.2,247.0,6.1,6.5,57.0,28.4,41,0.0,6.2
Ahmedabad,23.0225,72.5714,2026-04-29 07:00:00,30.3,15.3,277.0,6.5,7.8,64.0,29.0,41,0.0,5.0
Ahmedabad,23.0225,72.5714,2026-04-29 08:00:00,37.8,15.4,289.0,6.4,8.5,73.0,30.8,42,0.0,6.9
Ahmedabad,23.0225,72.5714,2026-04-29 09:00:00,42.3,16.1,265.0,5.3,8.3,87.0,32.7,40,0.0,8.5
Ahmedabad,23.0225,72.5714,2026-04-29 10:00:00,44.2,16.5,221.0,3.6,7.6,104.0,34.8,34,0.0,8.6
Ahmedabad,23.0225,72.5714,2026-04-29 11:00:00,44.5,16.2,188.0,2.3,6.7,116.0,36.4,29,0.0,9.0
Ahmedabad,23.0225,72.5714,2026-04-29 12:00:00,42.8,15.0,178.0,1.7,5.6,120.0,38.4,23,0.0,9.9
Ahmedabad,23.0225,72.5714,2026-04-29 13:00:00,39.6,13.2,177.0,1.4,4.3,119.0,39.9,20,0.0,12.0
Ahmedabad,23.0225,72.5714,2026-04-29 14:00:00,39.5,12.3,178.0,1.4,3.3,117.0,40.7,20,0.0,14.2
Ahmedabad,23.0225,72.5714,2026-04-29 15:00:00,39.1,11.8,174.0,1.5,2.8,116.0,41.9,16,0.0,13.8
Ahmedabad,23.0225,72.5714,2026-04-29 16:00:00,38.4,11.8,171.0,1.9,2.7,114.0,41.9,14,0.0,19.5
Ahmedabad,23.0225,72.5714,2026-04-29 17:00:00,30.0,10.3,175.0,2.4,2.8,112.0,41.4,14,0.0,20.1
Ahmedabad,23.0225,72.5714,2026-04-29 18:00:00,28.9,11.3,192.0,3.5,3.4,106.0,36.6,32,0.0,19.2
Ahmedabad,23.0225,72.5714,2026-04-29 19:00:00,27.2,12.5,216.0,5.0,4.3,97.0,34.3,36,0.0,12.9
Ahmedabad,23.0225,72.5714,2026-04-29 20:00:00,29.5,13.4,241.0,6.1,5.1,90.0,33.0,49,0.0,13.5
Ahmedabad,23.0225,72.5714,2026-04-29 21:00:00,33.6,14.1,270.0,6.4,5.7,85.0,31.9,58,0.0,9.6
Ahmedabad,23.0225,72.5714,2026-04-29 22:00:00,35.2,14.8,300.0,6.2,6.3,82.0,31.5,62,0.0,8.2
Ahmedabad,23.0225,72.5714,2026-04-29 23:00:00,33.9,14.7,308.0,5.9,6.7,78.0,31.4,62,0.0,10.0
Ahmedabad,23.0225,72.5714,2026-04-30 00:00:00,31.5,14.2,274.0,5.5,6.8,74.0,31.7,47,0.0,10.6
Ahmedabad,23.0225,72.5714,2026-04-30 01:00:00,30.0,14.1,220.0,4.9,6.8,71.0,31.1,44,0.0,10.6
Ahmedabad,23.0225,72.5714,2026-04-30 02:00:00,29.0,13.9,185.0,4.6,6.7,67.0,30.2,51,0.0,9.7
Ahmedabad,23.0225,72.5714,2026-04-30 03:00:00,28.5,13.5,192.0,4.7,6.7,62.0,29.4,55,0.0,8.6
Ahmedabad,23.0225,72.5714,2026-04-30 04:00:00,28.2,13.1,219.0,5.1,6.7,56.0,28.7,58,0.0,8.6
Ahmedabad,23.0225,72.5714,2026-04-30 05:00:00,28.0,13.6,240.0,5.7,6.9,54.0,28.2,63,0.0,8.4
Ahmedabad,23.0225,72.5714,2026-04-30 06:00:00,27.7,13.6,248.0,5.7,7.3,59.0,28.1,65,0.0,7.1
Ahmedabad,23.0225,72.5714,2026-04-30 07:00:00,30.3,13.8,250.0,5.6,7.8,65.0,28.6,64,0.0,7.5
Ahmedabad,23.0225,72.5714,2026-04-30 08:00:00,33.9,14.4,246.0,5.2,8.1,75.0,30.1,58,0.0,8.7
Ahmedabad,23.0225,72.5714,2026-04-30 09:00:00,40.3,16.1,234.0,4.3,7.9,90.0,32.0,49,0.0,8.7
Ahmedabad,23.0225,72.5714,2026-04-30 10:00:00,49.1,18.0,216.0,3.1,7.4,108.0,34.0,41,0.0,9.3
Ahmedabad,23.0225,72.5714,2026-04-30 11:00:00,58.7,19.8,201.0,2.2,6.8,121.0,35.4,37,0.0,10.2
Ahmedabad,23.0225,72.5714,2026-04-30 12:00:00,66.6,21.1,192.0,1.8,6.1,127.0,37.4,31,0.0,11.0
Ahmedabad,23.0225,72.5714,2026-04-30 13:00:00,71.9,21.8,185.0,1.6,5.2,128.0,39.0,26,0.0,12.3
Ahmedabad,23.0225,72.5714,2026-04-30 14:00:00,73.6,21.5,182.0,1.7,4.5,127.0,40.1,22,0.0,12.4
Ahmedabad,23.0225,72.5714,2026-04-30 15:00:00,73.1,20.7,183.0,1.9,3.8,124.0,40.8,20,0.0,13.0
Ahmedabad,23.0225,72.5714,2026-04-30 16:00:00,71.9,20.1,187.0,2.2,3.1,120.0,40.9,19,0.0,14.0
Ahmedabad,23.0225,72.5714,2026-04-30 17:00:00,70.5,19.6,195.0,2.7,3.1,111.0,39.1,27,0.0,15.0
Ahmedabad,23.0225,72.5714,2026-04-30 18:00:00,59.5,19.6,207.0,4.4,4.0,105.0,36.6,39,0.0,17.2
Ahmedabad,23.0225,72.5714,2026-04-30 19:00:00,50.1,20.0,221.0,6.6,5.3,95.0,33.5,52,0.0,15.7
Ahmedabad,23.0225,72.5714,2026-04-30 20:00:00,39.7,18.3,235.0,8.0,6.3,88.0,32.4,57,0.0,12.5
Ahmedabad,23.0225,72.5714,2026-04-30 21:00:00,31.4,15.2,249.0,7.8,6.6,84.0,31.7,62,0.0,10.8
Ahmedabad,23.0225,72.5714,2026-04-30 22:00:00,32.1,14.9,263.0,6.7,6.7,82.0,31.4,65,0.0,6.8
Ahmedabad,23.0225,72.5714,2026-04-30 23:00:00,34.3,15.0,269.0,5.8,6.6,79.0,30.9,67,0.0,7.4
Ahmedabad,23.0225,72.5714,2026-05-01 00:00:00,33.5,14.3,261.0,5.3,6.4,74.0,30.9,62,0.0,7.7
Ahmedabad,23.0225,72.5714,2026-05-01 01:00:00,30.4,13.2,245.0,4.8,6.2,68.0,30.5,59,0.0,7.4
Ahmedabad,23.0225,72.5714,2026-05-01 02:00:00,26.7,12.3,235.0,4.6,6.0,62.0,30.0,56,0.0,7.5
Ahmedabad,23.0225,72.5714,2026-05-01 03:00:00,23.7,11.5,239.0,4.7,6.1,56.0,29.4,56,0.0,9.4
Ahmedabad,23.0225,72.5714,2026-05-01 04:00:00,21.7,11.0,248.0,5.0,6.3,51.0,28.9,57,0.0,10.9
Ahmedabad,23.0225,72.5714,2026-05-01 05:00:00,21.2,10.2,253.0,4.8,6.4,54.0,28.2,65,0.0,9.6
Ahmedabad,23.0225,72.5714,2026-05-01 06:00:00,22.5,10.6,249.0,4.9,6.7,57.0,28.1,68,0.0,8.2
Ahmedabad,23.0225,72.5714,2026-05-01 07:00:00,26.5,11.6,240.0,5.0,7.0,63.0,28.6,69,0.0,8.2
Ahmedabad,23.0225,72.5714,2026-05-01 08:00:00,30.3,12.5,229.0,4.8,7.1,71.0,30.1,65,0.0,9.7
Ahmedabad,23.0225,72.5714,2026-05-01 09:00:00,34.0,13.5,217.0,4.0,6.8,85.0,32.0,57,0.0,9.1
Ahmedabad,23.0225,72.5714,2026-05-01 10:00:00,37.0,14.4,203.0,2.9,6.2,101.0,34.2,48,0.0,8.6
Ahmedabad,23.0225,72.5714,2026-05-01 11:00:00,39.9,14.9,191.0,2.0,5.7,114.0,36.0,42,0.0,8.9
Ahmedabad,23.0225,72.5714,2026-05-01 12:00:00,40.7,14.8,183.0,1.6,5.3,120.0,38.3,34,0.0,9.7
Ahmedabad,23.0225,72.5714,2026-05-01 13:00:00,41.0,14.5,177.0,1.5,4.8,122.0,40.2,27,0.0,10.6
Ahmedabad,23.0225,72.5714,2026-05-01 14:00:00,42.1,14.3,174.0,1.6,4.4,122.0,41.4,23,0.0,12.8
Ahmedabad,23.0225,72.5714,2026-05-01 15:00:00,45.2,14.4,174.0,1.8,3.9,120.0,41.9,21,0.0,13.7
Ahmedabad,23.0225,72.5714,2026-05-01 16:00:00,49.4,14.7,176.0,2.2,3.3,116.0,42.3,19,0.0,12.8
Ahmedabad,23.0225,72.5714,2026-05-01 17:00:00,45.4,13.0,182.0,2.7,2.9,108.0,42.1,18,0.0,17.4
Ahmedabad,23.0225,72.5714,2026-05-01 18:00:00,45.4,14.4,194.0,3.7,3.7,102.0,34.9,49,0.1,20.2
Ahmedabad,23.0225,72.5714,2026-05-01 19:00:00,39.2,15.3,209.0,5.0,4.8,94.0,33.0,57,0.0,16.3
Ahmedabad,23.0225,72.5714,2026-05-01 20:00:00,31.7,14.5,224.0,6.0,5.7,86.0,31.6,66,0.0,13.6
Ahmedabad,23.0225,72.5714,2026-05-01 21:00:00,28.1,13.8,238.0,6.2,6.2,81.0,30.7,73,0.0,10.7
Ahmedabad,23.0225,72.5714,2026-05-01 22:00:00,28.9,13.9,251.0,6.0,6.6,76.0,30.2,76,0.0,9.8
Ahmedabad,23.0225,72.5714,2026-05-01 23:00:00,30.2,14.1,259.0,5.7,6.7,72.0,30.2,78,0.0,7.6
Ahmedabad,23.0225,72.5714,2026-05-02 00:00:00,30.9,13.8,257.0,5.2,6.5,68.0,30.1,78,0.0,6.5
Ahmedabad,23.0225,72.5714,2026-05-02 01:00:00,31.3,13.5,249.0,4.7,6.2,65.0,29.8,78,0.0,5.9
Ahmedabad,23.0225,72.5714,2026-05-02 02:00:00,31.5,13.3,244.0,4.4,6.0,61.0,29.6,78,0.0,6.1
Ahmedabad,23.0225,72.5714,2026-05-02 03:00:00,31.0,13.2,247.0,4.7,6.1,56.0,29.6,70,0.0,9.4
Ahmedabad,23.0225,72.5714,2026-05-02 04:00:00,29.7,13.2,253.0,5.3,6.4,51.0,29.2,66,0.0,9.8
Ahmedabad,23.0225,72.5714,2026-05-02 05:00:00,24.9,12.5,255.0,5.5,6.3,49.0,28.2,72,0.0,10.3
Ahmedabad,23.0225,72.5714,2026-05-02 06:00:00,23.7,12.5,250.0,5.5,6.6,54.0,28.1,75,0.0,9.8
Ahmedabad,23.0225,72.5714,2026-05-02 07:00:00,25.3,13.1,241.0,5.4,7.0,60.0,28.8,73,0.0,9.6
Ahmedabad,23.0225,72.5714,2026-05-02 08:00:00,30.9,13.8,230.0,5.1,7.2,70.0,30.6,64,0.0,10.5
Ahmedabad,23.0225,72.5714,2026-05-02 09:00:00,37.0,14.9,216.0,4.2,7.1,85.0,32.7,55,0.0,10.5
Ahmedabad,23.0225,72.5714,2026-05-02 10:00:00,44.0,16.2,201.0,3.1,6.9,102.0,35.0,45,0.0,10.6
Ahmedabad,23.0225,72.5714,2026-05-02 11:00:00,50.6,17.2,188.0,2.2,6.5,115.0,36.6,38,0.0,11.7
Ahmedabad,23.0225,72.5714,2026-05-02 12:00:00,62.9,18.5,178.0,1.8,5.9,121.0,38.9,30,0.0,12.2
Ahmedabad,23.0225,72.5714,2026-05-02 13:00:00,82.7,20.1,171.0,1.6,5.0,122.0,40.8,23,0.0,14.2
Ahmedabad,23.0225,72.5714,2026-05-02 14:00:00,121.1,23.4,168.0,1.7,4.3,122.0,41.7,19,0.0,16.3
Ahmedabad,23.0225,72.5714,2026-05-02 15:00:00,169.5,28.3,170.0,2.1,3.6,122.0,43.3,13,0.0,15.7
Ahmedabad,23.0225,72.5714,2026-05-02 16:00:00,191.4,31.3,177.0,2.7,3.0,121.0,43.5,11,0.0,20.8
Ahmedabad,23.0225,72.5714,2026-05-02 17:00:00,156.5,27.2,187.0,3.0,2.6,118.0,38.7,34,0.0,18.2
Ahmedabad,23.0225,72.5714,2026-05-02 18:00:00,125.7,25.8,199.0,3.7,3.2,112.0,35.6,45,0.0,19.2
Ahmedabad,23.0225,72.5714,2026-05-02 19:00:00,83.4,22.5,213.0,4.6,4.1,104.0,33.4,54,0.0,15.3
Ahmedabad,23.0225,72.5714,2026-05-02 20:00:00,54.4,18.5,233.0,5.3,4.8,96.0,31.8,64,0.0,14.5
Ahmedabad,23.0225,72.5714,2026-05-02 21:00:00,41.1,16.4,269.0,5.6,5.2,89.0,31.0,69,0.0,11.1
Ahmedabad,23.0225,72.5714,2026-05-02 22:00:00,35.4,15.5,310.0,5.6,5.5,83.0,30.6,72,0.0,8.9
Ahmedabad,23.0225,72.5714,2026-05-02 23:00:00,30.5,14.3,325.0,5.4,5.6,79.0,29.8,77,0.0,9.1
Ahmedabad,23.0225,72.5714,2026-05-03 00:00:00,26.2,12.8,288.0,4.9,5.3,78.0,30.4,65,0.0,10.7
Ahmedabad,23.0225,72.5714,2026-05-03 01:00:00,24.2,12.1,224.0,4.1,4.9,79.0,30.5,46,0.0,11.4
Ahmedabad,23.0225,72.5714,2026-05-03 02:00:00,24.3,12.0,181.0,3.8,4.7,78.0,29.8,45,0.0,11.2
Ahmedabad,23.0225,72.5714,2026-05-03 03:00:00,25.6,12.5,180.0,4.2,4.9,73.0,29.1,47,0.0,9.9
Ahmedabad,23.0225,72.5714,2026-05-03 04:00:00,27.1,13.2,199.0,4.9,5.4,66.0,28.7,49,0.0,9.6
Ahmedabad,23.0225,72.5714,2026-05-03 05:00:00,27.3,13.7,216.0,5.7,6.2,60.0,28.3,52,0.0,9.1
Ahmedabad,23.0225,72.5714,2026-05-03 06:00:00,26.4,13.8,226.0,6.0,6.9,63.0,28.0,55,0.0,9.2
Ahmedabad,23.0225,72.5714,2026-05-03 07:00:00,26.5,15.1,235.0,6.3,7.9,68.0,28.6,58,0.0,8.8
Ahmedabad,23.0225,72.5714,2026-05-03 08:00:00,31.4,14.9,236.0,6.1,8.3,76.0,30.3,54,0.0,11.3
Ahmedabad,23.0225,72.5714,2026-05-03 09:00:00,33.3,14.6,223.0,4.9,7.7,91.0,32.2,47,0.0,11.0
Ahmedabad,23.0225,72.5714,2026-05-03 10:00:00,31.9,14.1,201.0,3.3,6.6,110.0,34.4,39,0.0,11.2
Ahmedabad,23.0225,72.5714,2026-05-03 11:00:00,30.6,13.1,184.0,2.0,5.6,124.0,35.6,36,0.0,11.8
Ahmedabad,23.0225,72.5714,2026-05-03 12:00:00,32.5,12.3,174.0,1.5,4.8,130.0,37.9,29,0.0,13.1
Ahmedabad,23.0225,72.5714,2026-05-03 13:00:00,39.5,12.3,168.0,1.4,4.0,131.0,39.6,23,0.0,13.8
Ahmedabad,23.0225,72.5714,2026-05-03 14:00:00,46.4,12.5,167.0,1.5,3.4,131.0,40.7,20,0.0,14.4
Ahmedabad,23.0225,72.5714,2026-05-03 15:00:00,51.3,12.7,172.0,1.7,3.0,130.0,41.8,16,0.0,13.3
Ahmedabad,23.0225,72.5714,2026-05-03 16:00:00,54.6,13.1,182.0,2.1,2.7,127.0,42.0,14,0.0,15.2
Ahmedabad,23.0225,72.5714,2026-05-03 17:00:00,42.8,11.5,192.0,2.9,3.0,122.0,37.9,35,0.0,19.1
Ahmedabad,23.0225,72.5714,2026-05-03 18:00:00,42.4,13.5,200.0,5.0,4.1,112.0,34.8,45,0.0,18.0
Ahmedabad,23.0225,72.5714,2026-05-03 19:00:00,41.4,16.4,209.0,7.8,5.7,98.0,32.4,56,0.0,14.9
Ahmedabad,23.0225,72.5714,2026-05-03 20:00:00,37.4,16.0,224.0,9.7,6.9,87.0,31.4,64,0.0,13.9
Ahmedabad,23.0225,72.5714,2026-05-03 21:00:00,32.6,14.7,253.0,10.0,7.5,81.0,30.7,71,0.0,8.5
Ahmedabad,23.0225,72.5714,2026-05-03 22:00:00,31.1,14.6,288.0,9.4,7.6,78.0,30.6,71,0.0,5.8
Ahmedabad,23.0225,72.5714,2026-05-03 23:00:00,31.7,15.0,309.0,8.5,7.6,75.0,30.3,74,0.0,5.4
Ahmedabad,23.0225,72.5714,2026-05-04 00:00:00,32.1,14.2,307.0,7.3,7.2,72.0,30.4,72,0.0,5.4
Ahmedabad,23.0225,72.5714,2026-05-04 01:00:00,32.0,13.6,291.0,5.9,6.5,70.0,29.8,75,0.0,5.2
Ahmedabad,23.0225,72.5714,2026-05-04 02:00:00,29.6,12.9,272.0,5.0,6.1,67.0,29.6,75,0.0,8.0
Ahmedabad,23.0225,72.5714,2026-05-04 03:00:00,26.0,12.1,250.0,5.0,6.2,61.0,29.1,70,0.0,7.8
Ahmedabad,23.0225,72.5714,2026-05-04 04:00:00,22.6,11.3,226.0,5.6,6.6,55.0,28.7,65,0.0,9.3
Ahmedabad,23.0225,72.5714,2026-05-04 05:00:00,22.7,11.8,208.0,5.8,6.6,52.0,28.5,70,0.0,8.6
Ahmedabad,23.0225,72.5714,2026-05-04 06:00:00,21.4,11.5,203.0,5.7,7.3,57.0,28.5,73,0.0,10.1
Ahmedabad,23.0225,72.5714,2026-05-04 07:00:00,26.1,11.6,204.0,5.4,8.2,63.0,28.8,72,0.0,11.1
Ahmedabad,23.0225,72.5714,2026-05-04 08:00:00,39.2,13.9,205.0,5.0,9.0,73.0,29.9,67,0.0,9.0
Ahmedabad,23.0225,72.5714,2026-05-04 09:00:00,50.4,16.5,202.0,4.2,9.5,88.0,31.4,59,0.0,8.3
Ahmedabad,23.0225,72.5714,2026-05-04 10:00:00,62.9,19.7,198.0,3.3,9.8,105.0,33.1,52,0.0,8.0
Ahmedabad,23.0225,72.5714,2026-05-04 11:00:00,71.5,22.4,194.0,2.5,9.8,119.0,34.2,47,0.0,9.4
Ahmedabad,23.0225,72.5714,2026-05-04 12:00:00,74.5,23.7,189.0,2.1,9.5,127.0,36.2,40,0.0,10.2
Ahmedabad,23.0225,72.5714,2026-05-04 13:00:00,75.9,24.1,184.0,1.9,8.8,132.0,37.6,36,0.0,10.9
Ahmedabad,23.0225,72.5714,2026-05-04 14:00:00,79.4,24.0,181.0,1.9,8.1,134.0,38.9,31,0.0,11.3
Ahmedabad,23.0225,72.5714,2026-05-04 15:00:00,81.5,23.2,181.0,1.5,6.9,133.0,39.6,27,0.0,11.0
Ahmedabad,23.0225,72.5714,2026-05-04 16:00:00,78.7,21.5,184.0,1.4,5.6,129.0,40.0,23,0.0,11.8
Ahmedabad,23.0225,72.5714,2026-05-04 17:00:00,74.5,19.8,189.0,3.4,4.3,120.0,37.5,35,0.0,14.6
Ahmedabad,23.0225,72.5714,2026-05-04 18:00:00,66.1,20.4,198.0,9.6,5.6,106.0,35.9,44,0.0,16.2
Ahmedabad,23.0225,72.5714,2026-05-04 19:00:00,67.1,25.2,209.0,18.0,7.3,86.0,34.0,53,0.0,16.2
Ahmedabad,23.0225,72.5714,2026-05-04 20:00:00,65.2,28.6,215.0,23.3,8.9,70.0,31.4,61,0.0,16.6
Ahmedabad,23.0225,72.5714,2026-05-04 21:00:00,60.5,29.0,213.0,22.8,10.3,60.0,30.3,68,0.0,13.4
Ahmedabad,23.0225,72.5714,2026-05-04 22:00:00,44.5,24.6,207.0,19.2,11.5,53.0,29.8,71,0.0,12.9
Ahmedabad,23.0225,72.5714,2026-05-04 23:00:00,31.8,19.7,199.0,15.8,11.9,49.0,29.4,74,0.0,10.3
Ahmedabad,23.0225,72.5714,2026-05-05 00:00:00,27.0,17.1,189.0,13.4,10.9,47.0,29.3,76,0.0,9.9
Ahmedabad,23.0225,72.5714,2026-05-05 01:00:00,27.6,17.1,177.0,11.2,9.1,48.0,29.0,77,0.0,9.4
Ahmedabad,23.0225,72.5714,2026-05-05 02:00:00,29.5,17.4,172.0,9.3,7.5,49.0,28.9,76,0.0,7.9
Ahmedabad,23.0225,72.5714,2026-05-05 03:00:00,27.2,16.5,179.0,7.9,6.5,48.0,28.8,75,0.0,9.4
Ahmedabad,23.0225,72.5714,2026-05-05 04:00:00,25.0,15.4,191.0,6.9,5.9,47.0,28.4,72,0.0,10.1
Ahmedabad,23.0225,72.5714,2026-05-05 05:00:00,23.8,15.4,203.0,7.9,7.2,45.0,27.9,77,0.0,10.3
Ahmedabad,23.0225,72.5714,2026-05-05 06:00:00,26.4,15.7,212.0,7.1,7.0,51.0,27.8,74,0.0,9.5
Ahmedabad,23.0225,72.5714,2026-05-05 07:00:00,34.6,16.9,219.0,6.0,6.7,59.0,28.3,71,0.0,8.7
Ahmedabad,23.0225,72.5714,2026-05-05 08:00:00,48.8,18.9,221.0,5.0,6.9,70.0,29.6,64,0.0,9.8
Ahmedabad,23.0225,72.5714,2026-05-05 09:00:00,63.8,21.5,213.0,4.1,8.1,86.0,31.3,55,0.0,9.9
Ahmedabad,23.0225,72.5714,2026-05-05 10:00:00,77.1,24.4,201.0,3.3,9.8,105.0,33.2,47,0.0,7.7
Ahmedabad,23.0225,72.5714,2026-05-05 11:00:00,83.6,26.7,191.0,2.7,10.8,120.0,34.0,45,0.0,7.0
Ahmedabad,23.0225,72.5714,2026-05-05 12:00:00,85.0,27.5,188.0,2.2,10.6,129.0,35.7,39,0.0,7.2
Ahmedabad,23.0225,72.5714,2026-05-05 13:00:00,86.1,27.3,188.0,2.0,9.8,135.0,36.9,33,0.0,9.0
Ahmedabad,23.0225,72.5714,2026-05-05 14:00:00,96.2,27.8,190.0,1.9,8.7,138.0,38.2,28,0.0,7.6
Ahmedabad,23.0225,72.5714,2026-05-05 15:00:00,112.0,28.2,188.0,0.9,7.1,141.0,38.9,22,0.0,5.6
Ahmedabad,23.0225,72.5714,2026-05-05 16:00:00,122.5,27.5,189.0,0.2,5.3,141.0,39.3,18,0.0,4.8
Ahmedabad,23.0225,72.5714,2026-05-05 17:00:00,128.1,26.5,204.0,3.2,4.8,136.0,38.9,16,0.0,7.6
Ahmedabad,23.0225,72.5714,2026-05-05 18:00:00,123.4,29.0,255.0,13.3,7.0,116.0,38.9,15,0.0,6.1
Ahmedabad,23.0225,72.5714,2026-05-05 19:00:00,129.5,37.4,320.0,26.9,10.0,89.0,37.7,16,0.0,5.8
Ahmedabad,23.0225,72.5714,2026-05-05 20:00:00,139.7,47.4,355.0,35.8,12.5,69.0,36.6,18,0.0,6.4
Ahmedabad,23.0225,72.5714,2026-05-05 21:00:00,132.7,49.5,329.0,35.2,13.9,63.0,33.8,31,0.0,9.0
Ahmedabad,23.0225,72.5714,2026-05-05 22:00:00,116.9,46.9,272.0,29.8,14.8,63.0,31.1,52,0.0,10.9
Ahmedabad,23.0225,72.5714,2026-05-05 23:00:00,105.0,44.1,227.0,25.0,15.2,61.0,30.4,49,0.0,6.4
Ahmedabad,23.0225,72.5714,2026-05-06 00:00:00,95.9,41.2,211.0,22.8,15.0,53.0,29.4,65,0.0,2.3
Ahmedabad,23.0225,72.5714,2026-05-06 01:00:00,79.6,37.4,208.0,21.1,14.3,43.0,29.1,69,0.0,3.2
Ahmedabad,23.0225,72.5714,2026-05-06 02:00:00,67.5,33.4,210.0,19.5,13.3,36.0,28.6,73,0.0,3.2
Ahmedabad,23.0225,72.5714,2026-05-06 03:00:00,66.4,31.9,218.0,17.9,12.0,32.0,28.2,77,0.0,5.5
Ahmedabad,23.0225,72.5714,2026-05-06 04:00:00,65.7,30.9,232.0,16.3,10.5,30.0,27.6,81,0.0,5.9
Ahmedabad,23.0225,72.5714,2026-05-06 05:00:00,75.2,39.5,244.0,21.0,16.4,32.0,27.2,86,0.0,5.6
Ahmedabad,23.0225,72.5714,2026-05-06 06:00:00,74.3,41.2,253.0,19.5,17.0,43.0,27.4,85,0.0,5.2
Ahmedabad,23.0225,72.5714,2026-05-06 07:00:00,65.4,40.2,261.0,17.4,18.0,59.0,28.2,82,0.0,5.9
Ahmedabad,23.0225,72.5714,2026-05-06 08:00:00,61.9,35.0,261.0,14.9,19.5,81.0,29.9,72,0.0,7.2
Ahmedabad,23.0225,72.5714,2026-05-06 09:00:00,64.3,33.9,250.0,11.9,22.5,116.0,31.9,62,0.0,6.6
Ahmedabad,23.0225,72.5714,2026-05-06 10:00:00,71.0,34.7,231.0,8.6,25.9,157.0,34.4,49,0.0,5.8
Ahmedabad,23.0225,72.5714,2026-05-06 11:00:00,89.6,36.8,216.0,5.9,26.8,186.0,35.6,42,0.0,4.2
Ahmedabad,23.0225,72.5714,2026-05-06 12:00:00,106.4,37.6,207.0,4.1,23.0,192.0,37.3,34,0.0,2.5
Ahmedabad,23.0225,72.5714,2026-05-06 13:00:00,114.8,36.4,201.0,2.9,16.6,185.0,38.6,29,0.0,4.2
Ahmedabad,23.0225,72.5714,2026-05-06 14:00:00,115.3,34.3,198.0,2.3,11.5,178.0,38.5,24,0.0,6.5
Ahmedabad,23.0225,72.5714,2026-05-06 15:00:00,112.0,32.6,195.0,1.8,8.9,175.0,39.0,20,0.0,4.1
Ahmedabad,23.0225,72.5714,2026-05-06 16:00:00,107.1,30.7,194.0,1.9,7.6,172.0,39.3,20,0.0,1.8
Ahmedabad,23.0225,72.5714,2026-05-06 17:00:00,74.3,19.8,203.0,3.3,4.3,139.0,39.3,18,0.0,1.1
Ahmedabad,23.0225,72.5714,2026-05-06 18:00:00,74.5,23.7,224.0,12.1,6.4,120.0,39.3,18,0.0,1.1
Ahmedabad,23.0225,72.5714,2026-05-06 19:00:00,81.5,32.7,254.0,24.2,9.3,94.0,38.2,19,0.0,3.7
Ahmedabad,23.0225,72.5714,2026-05-06 20:00:00,84.8,39.1,293.0,32.4,11.8,74.0,37.5,20,0.0,5.2
Ahmedabad,23.0225,72.5714,2026-05-06 21:00:00,79.9,39.0,354.0,32.8,13.7,68.0,36.8,22,0.0,4.2
Ahmedabad,23.0225,72.5714,2026-05-06 22:00:00,78.2,39.3,423.0,29.4,15.3,69.0,35.5,24,0.0,8.7
Ahmedabad,23.0225,72.5714,2026-05-06 23:00:00,80.3,40.9,456.0,26.3,16.2,68.0,34.7,26,0.0,5.0
Ahmedabad,23.0225,72.5714,2026-05-07 00:00:00,86.8,43.4,424.0,25.6,16.1,60.0,33.4,29,0.0,8.2
Ahmedabad,23.0225,72.5714,2026-05-07 01:00:00,90.6,45.9,357.0,25.3,15.3,51.0,32.2,39,0.0,7.0
Ahmedabad,23.0225,72.5714,2026-05-07 02:00:00,77.5,41.4,301.0,23.8,14.0,44.0,31.8,43,0.0,5.6
Ahmedabad,23.0225,72.5714,2026-05-07 03:00:00,62.9,33.9,273.0,19.6,12.0,41.0,31.2,44,0.0,6.1
Ahmedabad,23.0225,72.5714,2026-05-07 04:00:00,57.5,28.6,258.0,14.2,9.5,41.0,30.7,39,0.0,8.1
Ahmedabad,23.0225,72.5714,2026-05-07 05:00:00,71.5,32.9,253.0,17.0,10.3,36.0,30.0,43,0.0,9.2
Ahmedabad,23.0225,72.5714,2026-05-07 06:00:00,54.6,25.6,266.0,13.9,9.2,47.0,30.1,45,0.0,7.9
Ahmedabad,23.0225,72.5714,2026-05-07 07:00:00,44.5,22.9,291.0,9.5,7.7,63.0,30.4,46,0.0,8.3
Ahmedabad,23.0225,72.5714,2026-05-07 08:00:00,57.9,21.7,302.0,6.0,6.5,81.0,31.5,54,0.0,8.2
Ahmedabad,23.0225,72.5714,2026-05-07 09:00:00,73.8,23.9,288.0,4.1,6.1,102.0,33.6,49,0.0,6.3
Ahmedabad,23.0225,72.5714,2026-05-07 10:00:00,94.3,26.5,260.0,3.0,6.0,124.0,36.0,39,0.0,5.1
Ahmedabad,23.0225,72.5714,2026-05-07 11:00:00,104.8,27.5,235.0,2.3,5.9,140.0,37.8,28,0.0,3.9
Ahmedabad,23.0225,72.5714,2026-05-07 12:00:00,102.4,26.1,215.0,1.7,5.5,145.0,39.9,18,0.0,5.0
Ahmedabad,23.0225,72.5714,2026-05-07 13:00:00,93.1,24.2,197.0,1.5,4.9,144.0,40.9,15,0.0,6.8
Ahmedabad,23.0225,72.5714,2026-05-07 14:00:00,82.0,21.8,186.0,1.6,4.5,142.0,41.2,14,0.0,8.5
Ahmedabad,23.0225,72.5714,2026-05-07 15:00:00,74.5,20.3,179.0,0.8,3.8,142.0,41.5,13,0.0,8.6
Ahmedabad,23.0225,72.5714,2026-05-07 16:00:00,69.8,19.2,178.0,0.4,3.2,140.0,41.4,13,0.0,7.6
Ahmedabad,23.0225,72.5714,2026-05-07 17:00:00,66.4,17.8,196.0,3.8,4.0,138.0,40.9,12,0.0,4.9
Ahmedabad,23.0225,72.5714,2026-05-07 18:00:00,69.6,23.1,253.0,16.0,7.3,121.0,40.8,12,0.0,5.2
Ahmedabad,23.0225,72.5714,2026-05-07 19:00:00,81.7,35.2,327.0,32.8,12.0,97.0,40.1,13,0.0,7.1
Ahmedabad,23.0225,72.5714,2026-05-07 20:00:00,95.5,48.1,369.0,45.7,15.8,76.0,39.2,13,0.0,6.5
Ahmedabad,23.0225,72.5714,2026-05-07 21:00:00,103.6,56.6,346.0,51.7,18.3,60.0,38.2,15,0.0,6.7
Ahmedabad,23.0225,72.5714,2026-05-07 22:00:00,105.2,59.6,290.0,53.8,20.0,47.0,35.1,23,0.0,11.8
Ahmedabad,23.0225,72.5714,2026-05-07 23:00:00,105.0,61.0,245.0,52.1,20.2,39.0,33.6,31,0.0,9.8
Ahmedabad,23.0225,72.5714,2026-05-08 00:00:00,92.9,55.3,228.0,44.7,17.9,38.0,34.0,24,0.0,11.9
Ahmedabad,23.0225,72.5714,2026-05-08 01:00:00,71.7,43.1,223.0,33.4,14.0,42.0,33.0,24,0.0,10.9
Ahmedabad,23.0225,72.5714,2026-05-08 02:00:00,52.7,32.5,223.0,23.9,10.6,45.0,31.8,28,0.0,9.4
Ahmedabad,23.0225,72.5714,2026-05-08 03:00:00,41.7,26.1,227.0,18.2,8.4,44.0,30.8,32,0.0,8.5
Ahmedabad,23.0225,72.5714,2026-05-08 04:00:00,34.0,21.8,237.0,14.2,6.6,41.0,30.0,34,0.0,8.1
Ahmedabad,23.0225,72.5714,2026-05-08 05:00:00,24.0,15.5,252.0,9.7,4.8,46.0,30.3,37,0.0,8.6
Ahmedabad,23.0225,72.5714,2026-05-08 06:00:00,23.8,15.8,279.0,9.1,5.3,53.0,29.9,36,0.0,8.7
Ahmedabad,23.0225,72.5714,2026-05-08 07:00:00,23.3,16.0,311.0,8.3,5.9,63.0,30.4,35,0.0,7.9
Ahmedabad,23.0225,72.5714,2026-05-08 08:00:00,25.4,14.1,325.0,7.3,6.4,77.0,32.1,33,0.0,8.7
Ahmedabad,23.0225,72.5714,2026-05-08 09:00:00,29.7,14.8,305.0,5.9,6.6,98.0,34.2,30,0.0,6.4
Ahmedabad,23.0225,72.5714,2026-05-08 10:00:00,33.3,15.5,267.0,4.3,6.7,122.0,36.6,24,0.0,4.5
Ahmedabad,23.0225,72.5714,2026-05-08 11:00:00,37.4,15.2,234.0,3.0,6.6,140.0,38.1,21,0.0,4.5
Ahmedabad,23.0225,72.5714,2026-05-08 12:00:00,44.5,14.9,212.0,2.2,6.1,146.0,40.1,17,0.0,4.9
Ahmedabad,23.0225,72.5714,2026-05-08 13:00:00,49.5,15.3,195.0,1.8,5.3,146.0,41.3,14,0.0,5.5
Ahmedabad,23.0225,72.5714,2026-05-08 14:00:00,45.2,13.9,185.0,1.7,4.7,144.0,42.0,12,0.0,7.0
Ahmedabad,23.0225,72.5714,2026-05-08 15:00:00,41.0,12.7,174.0,0.6,3.9,144.0,42.2,11,0.0,7.7
Ahmedabad,23.0225,72.5714,2026-05-08 16:00:00,38.4,11.9,170.0,0.0,3.3,142.0,42.1,11,0.0,7.6
Ahmedabad,23.0225,72.5714,2026-05-08 17:00:00,26.0,8.7,195.0,2.9,3.9,133.0,41.4,9,0.0,9.0
Ahmedabad,23.0225,72.5714,2026-05-08 18:00:00,28.3,12.0,286.0,12.3,6.3,115.0,40.9,10,0.0,9.3
Ahmedabad,23.0225,72.5714,2026-05-08 19:00:00,36.9,20.8,406.0,25.5,9.6,90.0,39.9,11,0.0,9.3
Ahmedabad,23.0225,72.5714,2026-05-08 20:00:00,47.4,31.2,471.0,36.5,12.8,68.0,39.1,12,0.0,10.3
Ahmedabad,23.0225,72.5714,2026-05-08 21:00:00,55.6,39.6,428.0,44.5,16.2,52.0,38.8,12,0.0,6.5
Ahmedabad,23.0225,72.5714,2026-05-08 22:00:00,63.3,47.5,330.0,50.3,19.3,38.0,37.2,14,0.0,6.1
Ahmedabad,23.0225,72.5714,2026-05-08 23:00:00,64.3,49.6,249.0,50.7,20.3,32.0,35.0,18,0.0,12.9
Ahmedabad,23.0225,72.5714,2026-05-09 00:00:00,56.7,43.7,211.0,41.8,17.2,37.0,34.2,22,0.0,13.8
Ahmedabad,23.0225,72.5714,2026-05-09 01:00:00,41.4,31.2,190.0,27.4,11.9,48.0,32.5,29,0.0,13.7
Ahmedabad,23.0225,72.5714,2026-05-09 02:00:00,28.9,19.8,182.0,15.8,7.6,56.0,31.1,41,0.0,11.3
Ahmedabad,23.0225,72.5714,2026-05-09 03:00:00,24.5,14.6,188.0,10.3,5.6,57.0,30.3,46,0.0,10.6
Ahmedabad,23.0225,72.5714,2026-05-09 04:00:00,23.6,12.6,206.0,7.6,4.6,54.0,29.7,49,0.0,10.5
Ahmedabad,23.0225,72.5714,2026-05-09 05:00:00,20.2,10.2,229.0,4.8,3.8,55.0,29.5,56,0.0,10.5
Ahmedabad,23.0225,72.5714,2026-05-09 06:00:00,22.9,11.4,262.0,5.4,4.3,58.0,29.4,57,0.0,9.7
Ahmedabad,23.0225,72.5714,2026-05-09 07:00:00,25.3,13.6,298.0,6.1,5.0,62.0,29.9,55,0.0,7.8
Ahmedabad,23.0225,72.5714,2026-05-09 08:00:00,31.8,14.2,315.0,6.2,5.5,71.0,31.7,50,0.0,8.1
Ahmedabad,23.0225,72.5714,2026-05-09 09:00:00,37.4,15.5,294.0,5.2,5.6,88.0,34.2,41,0.0,9.1
Ahmedabad,23.0225,72.5714,2026-05-09 10:00:00,40.9,16.2,253.0,3.6,5.5,109.0,36.7,32,0.0,9.3
Ahmedabad,23.0225,72.5714,2026-05-09 11:00:00,41.1,15.7,219.0,2.4,5.1,125.0,38.7,25,0.0,9.4
Ahmedabad,23.0225,72.5714,2026-05-09 12:00:00,39.0,14.7,201.0,1.8,4.4,132.0,40.8,18,0.0,8.4
Ahmedabad,23.0225,72.5714,2026-05-09 13:00:00,35.5,13.3,190.0,1.6,3.5,134.0,42.0,14,0.0,8.3
Ahmedabad,23.0225,72.5714,2026-05-09 14:00:00,32.7,12.2,183.0,1.6,2.8,134.0,42.7,12,0.0,9.8
Ahmedabad,23.0225,72.5714,2026-05-09 15:00:00,31.4,11.6,177.0,1.2,2.4,135.0,43.0,11,0.0,11.1
Ahmedabad,23.0225,72.5714,2026-05-09 16:00:00,30.7,11.2,175.0,1.0,2.2,135.0,43.0,10,0.0,11.1
Ahmedabad,23.0225,72.5714,2026-05-09 17:00:00,17.3,6.1,188.0,3.1,2.8,130.0,42.2,11,0.0,11.0
Ahmedabad,23.0225,72.5714,2026-05-09 18:00:00,19.6,9.4,232.0,9.9,4.6,114.0,41.6,12,0.0,9.8
Ahmedabad,23.0225,72.5714,2026-05-09 19:00:00,25.6,16.5,290.0,19.3,7.0,92.0,40.3,13,0.0,8.2
Ahmedabad,23.0225,72.5714,2026-05-09 20:00:00,29.1,21.2,326.0,26.2,8.9,73.0,39.5,14,0.0,10.2
Ahmedabad,23.0225,72.5714,2026-05-09 21:00:00,30.6,23.8,321.0,29.1,9.9,61.0,38.0,15,0.0,9.0
Ahmedabad,23.0225,72.5714,2026-05-09 22:00:00,33.8,27.0,293.0,29.7,10.4,53.0,37.0,16,0.0,9.7
Ahmedabad,23.0225,72.5714,2026-05-09 23:00:00,35.3,27.6,264.0,27.6,10.1,50.0,35.7,18,0.0,8.7
Ahmedabad,23.0225,72.5714,2026-05-10 00:00:00,29.4,20.4,237.0,21.2,8.4,54.0,34.4,19,0.0,11.6
Ahmedabad,23.0225,72.5714,2026-05-10 01:00:00,25.0,14.1,209.0,12.1,6.0,63.0,33.7,19,0.0,12.8
Ahmedabad,23.0225,72.5714,2026-05-10 02:00:00,23.0,11.3,192.0,5.4,4.2,68.0,32.3,25,0.0,12.6
Ahmedabad,23.0225,72.5714,2026-05-10 03:00:00,21.1,10.3,193.0,3.5,3.7,65.0,31.3,35,0.0,12.8
Ahmedabad,23.0225,72.5714,2026-05-10 04:00:00,20.1,10.2,205.0,3.9,3.9,58.0,30.7,46,0.0,13.0
Ahmedabad,23.0225,72.5714,2026-05-10 05:00:00,23.2,11.0,220.0,4.7,4.6,56.0,30.4,51,0.0,10.8
Ahmedabad,23.0225,72.5714,2026-05-10 06:00:00,25.3,12.2,240.0,5.1,5.2,60.0,30.2,52,0.0,9.3
Ahmedabad,23.0225,72.5714,2026-05-10 07:00:00,29.5,14.3,263.0,5.5,5.9,66.0,30.5,52,0.0,7.6
Ahmedabad,23.0225,72.5714,2026-05-10 08:00:00,39.9,15.8,276.0,5.5,6.3,75.0,31.7,49,0.0,5.4
Ahmedabad,23.0225,72.5714,2026-05-10 09:00:00,48.5,17.5,270.0,4.6,5.9,90.0,33.5,44,0.0,5.3
Ahmedabad,23.0225,72.5714,2026-05-10 10:00:00,55.4,18.8,254.0,3.2,5.2,109.0,35.7,37,0.0,5.5
Ahmedabad,23.0225,72.5714,2026-05-10 11:00:00,58.0,18.7,236.0,2.1,4.5,123.0,37.4,31,0.0,4.2
Ahmedabad,23.0225,72.5714,2026-05-10 12:00:00,55.8,17.6,218.0,1.7,4.1,130.0,39.8,24,0.0,5.3
Ahmedabad,23.0225,72.5714,2026-05-10 13:00:00,52.9,16.5,199.0,1.6,3.7,133.0,41.5,18,0.0,6.3
Ahmedabad,23.0225,72.5714,2026-05-10 14:00:00,52.3,15.5,187.0,1.7,3.5,134.0,42.7,15,0.0,6.8
Ahmedabad,23.0225,72.5714,2026-05-10 15:00:00,54.7,15.1,183.0,1.2,3.1,136.0,43.0,14,0.0,7.4
Ahmedabad,23.0225,72.5714,2026-05-10 16:00:00,58.9,15.0,186.0,0.8,2.9,136.0,43.1,13,0.0,8.3
Ahmedabad,23.0225,72.5714,2026-05-10 17:00:00,63.8,15.1,195.0,3.2,3.3,130.0,42.2,13,0.0,7.4
Ahmedabad,23.0225,72.5714,2026-05-10 18:00:00,67.5,18.6,217.0,11.8,5.1,111.0,42.1,12,0.0,5.2
Ahmedabad,23.0225,72.5714,2026-05-10 19:00:00,77.3,26.0,245.0,23.0,7.6,86.0,41.4,12,0.0,0.9
Ahmedabad,23.0225,72.5714,2026-05-10 20:00:00,87.3,32.5,260.0,29.2,9.2,68.0,40.3,14,0.0,7.0
Ahmedabad,23.0225,72.5714,2026-05-10 21:00:00,91.5,35.0,251.0,25.4,8.9,66.0,39.1,15,0.0,10.5
Ahmedabad,23.0225,72.5714,2026-05-10 22:00:00,68.7,27.6,230.0,16.5,7.7,71.0,38.1,16,0.0,12.4
Ahmedabad,23.0225,72.5714,2026-05-10 23:00:00,35.5,16.7,210.0,9.2,6.5,75.0,36.4,18,0.0,13.8
Ahmedabad,23.0225,72.5714,2026-05-11 00:00:00,21.9,11.7,194.0,6.0,5.6,73.0,35.5,19,0.0,14.2
Ahmedabad,23.0225,72.5714,2026-05-11 01:00:00,20.5,11.0,180.0,4.4,4.7,70.0,34.6,21,0.0,15.2
Ahmedabad,23.0225,72.5714,2026-05-11 02:00:00,21.7,11.4,174.0,3.6,4.1,67.0,34.1,29,0.0,12.8
Ahmedabad,23.0225,72.5714,2026-05-11 03:00:00,23.3,12.0,181.0,3.4,4.1,63.0,33.3,32,0.0,11.5
Ahmedabad,23.0225,72.5714,2026-05-11 04:00:00,25.3,12.6,197.0,3.9,4.4,59.0,32.4,34,0.0,11.4
Ahmedabad,23.0225,72.5714,2026-05-11 05:00:00,25.4,13.2,217.0,4.5,4.7,59.0,31.5,44,0.0,12.0
Ahmedabad,23.0225,72.5714,2026-05-11 06:00:00,28.7,14.2,248.0,4.9,5.0,61.0,31.2,44,0.0,9.9
Ahmedabad,23.0225,72.5714,2026-05-11 07:00:00,32.7,16.3,284.0,5.5,5.5,65.0,31.7,42,0.0,7.6
Ahmedabad,23.0225,72.5714,2026-05-11 08:00:00,43.0,17.6,302.0,5.6,5.8,74.0,33.3,39,0.0,6.1
Ahmedabad,23.0225,72.5714,2026-05-11 09:00:00,48.9,19.2,286.0,4.8,5.8,91.0,35.3,34,0.0,5.3
Ahmedabad,23.0225,72.5714,2026-05-11 10:00:00,53.6,20.3,252.0,3.4,5.5,113.0,37.6,28,0.0,6.0
Ahmedabad,23.0225,72.5714,2026-05-11 11:00:00,56.0,20.1,222.0,2.4,5.2,130.0,39.6,24,0.0,6.5
Ahmedabad,23.0225,72.5714,2026-05-11 12:00:00,56.5,19.2,205.0,1.9,4.7,137.0,41.7,18,0.0,7.3
Ahmedabad,23.0225,72.5714,2026-05-11 13:00:00,54.8,17.9,193.0,1.7,4.1,139.0,43.1,15,0.0,7.0
Ahmedabad,23.0225,72.5714,2026-05-11 14:00:00,51.7,16.4,186.0,1.7,3.6,139.0,44.0,13,0.0,5.5
Ahmedabad,23.0225,72.5714,2026-05-11 15:00:00,48.2,15.1,182.0,1.0,3.2,141.0,44.4,12,0.0,5.2
Ahmedabad,23.0225,72.5714,2026-05-11 16:00:00,45.4,14.2,185.0,0.4,2.9,141.0,44.6,11,0.0,3.6
Ahmedabad,23.0225,72.5714,2026-05-11 17:00:00,23.6,7.9,202.0,2.9,3.3,138.0,43.6,11,0.0,6.3
Ahmedabad,23.0225,72.5714,2026-05-11 18:00:00,26.3,11.7,253.0,13.4,6.0,118.0,43.4,11,0.0,5.5
Ahmedabad,23.0225,72.5714,2026-05-11 19:00:00,35.7,21.1,318.0,27.6,9.5,90.0,42.0,12,0.0,3.5
Ahmedabad,23.0225,72.5714,2026-05-11 20:00:00,45.6,30.7,355.0,35.6,11.7,71.0,41.0,13,0.0,4.6
Ahmedabad,23.0225,72.5714,2026-05-11 21:00:00,47.0,33.3,336.0,31.7,11.1,68.0,40.0,15,0.0,8.4
Ahmedabad,23.0225,72.5714,2026-05-11 22:00:00,37.0,26.7,287.0,21.7,9.1,74.0,38.8,16,0.0,12.6
Ahmedabad,23.0225,72.5714,2026-05-11 23:00:00,25.7,18.2,244.0,13.2,7.3,78.0,37.1,18,0.0,10.8
Ahmedabad,23.0225,72.5714,2026-05-12 00:00:00,21.5,14.1,214.0,8.8,6.2,78.0,35.5,20,0.0,11.0
Ahmedabad,23.0225,72.5714,2026-05-12 01:00:00,20.3,12.2,190.0,5.8,5.2,78.0,34.3,21,0.0,11.7
Ahmedabad,23.0225,72.5714,2026-05-12 02:00:00,19.9,11.4,178.0,4.0,4.6,75.0,33.1,24,0.0,12.8
Ahmedabad,23.0225,72.5714,2026-05-12 03:00:00,20.6,11.5,186.0,3.8,4.4,67.0,32.0,36,0.0,13.6
Ahmedabad,23.0225,72.5714,2026-05-12 04:00:00,21.2,12.0,207.0,4.8,4.6,57.0,31.2,47,0.0,11.5
Ahmedabad,23.0225,72.5714,2026-05-12 05:00:00,22.9,11.9,229.0,5.1,4.9,56.0,30.9,55,0.0,9.2
Ahmedabad,23.0225,72.5714,2026-05-12 06:00:00,23.9,12.4,252.0,5.6,5.4,60.0,30.6,60,0.0,8.2
Ahmedabad,23.0225,72.5714,2026-05-12 07:00:00,27.1,14.1,275.0,6.2,6.0,65.0,31.0,60,0.0,7.3
Ahmedabad,23.0225,72.5714,2026-05-12 08:00:00,33.5,15.2,283.0,6.2,6.4,75.0,32.6,53,0.0,6.6
Ahmedabad,23.0225,72.5714,2026-05-12 09:00:00,39.9,16.6,265.0,5.2,6.2,93.0,34.9,42,0.0,6.8
Ahmedabad,23.0225,72.5714,2026-05-12 10:00:00,44.0,17.2,232.0,3.6,5.7,115.0,37.5,29,0.0,7.7
Ahmedabad,23.0225,72.5714,2026-05-12 11:00:00,43.8,16.6,206.0,2.4,5.2,132.0,39.6,22,0.0,6.7
Ahmedabad,23.0225,72.5714,2026-05-12 12:00:00,40.6,15.2,193.0,1.8,4.6,139.0,41.6,18,0.0,7.0
Ahmedabad,23.0225,72.5714,2026-05-12 13:00:00,36.8,13.9,187.0,1.6,3.9,140.0,42.9,15,0.0,7.7
Ahmedabad,23.0225,72.5714,2026-05-12 14:00:00,33.8,12.9,185.0,1.6,3.5,140.0,43.6,14,0.0,8.5
Ahmedabad,23.0225,72.5714,2026-05-12 15:00:00,32.5,12.7,182.0,0.6,3.0,142.0,43.9,13,0.0,8.5
Ahmedabad,23.0225,72.5714,2026-05-12 16:00:00,32.6,13.1,182.0,0.0,2.8,144.0,43.7,13,0.0,8.5
Ahmedabad,23.0225,72.5714,2026-05-12 17:00:00,32.7,13.4,203.0,2.9,3.7,138.0,43.4,13,0.0,7.9
Ahmedabad,23.0225,72.5714,2026-05-12 18:00:00,34.2,16.4,268.0,13.3,6.5,119.0,42.5,14,0.0,9.0
Ahmedabad,23.0225,72.5714,2026-05-12 19:00:00,43.1,25.1,353.0,27.5,10.5,93.0,41.5,16,0.0,9.0
Ahmedabad,23.0225,72.5714,2026-05-12 20:00:00,54.6,36.4,399.0,38.4,14.2,72.0,41.4,17,0.0,6.0
Ahmedabad,23.0225,72.5714,2026-05-12 21:00:00,63.8,45.8,372.0,44.2,18.2,58.0,40.7,18,0.0,3.7
Ahmedabad,23.0225,72.5714,2026-05-12 22:00:00,68.7,51.1,307.0,46.8,21.9,49.0,39.3,19,0.0,6.1
Ahmedabad,23.0225,72.5714,2026-05-12 23:00:00,61.5,45.1,250.0,44.4,22.9,45.0,36.9,22,0.0,10.6
Ahmedabad,23.0225,72.5714,2026-05-13 00:00:00,42.7,28.9,218.0,33.3,18.8,51.0,35.6,20,0.0,10.6
Ahmedabad,23.0225,72.5714,2026-05-13 01:00:00,34.3,19.0,195.0,17.3,11.9,62.0,34.3,23,0.0,11.1
Ahmedabad,23.0225,72.5714,2026-05-13 02:00:00,31.4,13.9,181.0,5.5,6.8,69.0,33.2,27,0.0,10.9
Ahmedabad,23.0225,72.5714,2026-05-13 03:00:00,30.5,12.0,176.0,2.4,5.4,66.0,32.3,30,0.0,10.2
Ahmedabad,23.0225,72.5714,2026-05-13 04:00:00,31.4,11.7,179.0,3.7,5.8,60.0,31.5,34,0.0,9.8
Ahmedabad,23.0225,72.5714,2026-05-13 05:00:00,48.8,19.7,192.0,5.9,5.2,56.0,30.8,48,0.0,8.4
Ahmedabad,23.0225,72.5714,2026-05-13 06:00:00,50.8,20.5,223.0,6.6,5.8,56.0,30.2,55,0.0,7.0
Ahmedabad,23.0225,72.5714,2026-05-13 07:00:00,56.7,21.9,264.0,7.4,6.6,57.0,30.7,57,0.0,5.7
Ahmedabad,23.0225,72.5714,2026-05-13 08:00:00,67.3,24.2,288.0,7.6,7.3,65.0,32.2,54,0.0,4.2
Ahmedabad,23.0225,72.5714,2026-05-13 09:00:00,83.1,28.1,281.0,6.4,7.9,85.0,34.5,45,0.0,5.3
Ahmedabad,23.0225,72.5714,2026-05-13 10:00:00,94.5,31.8,257.0,4.5,8.4,111.0,36.9,35,0.0,6.8
Ahmedabad,23.0225,72.5714,2026-05-13 11:00:00,101.0,33.8,235.0,3.0,8.4,131.0,39.1,27,0.0,7.1
Ahmedabad,23.0225,72.5714,2026-05-13 12:00:00,100.1,33.1,218.0,2.3,7.7,139.0,40.8,24,0.0,8.2
Ahmedabad,23.0225,72.5714,2026-05-13 13:00:00,91.0,30.3,201.0,2.1,6.6,140.0,42.4,20,0.0,8.9
Ahmedabad,23.0225,72.5714,2026-05-13 14:00:00,80.1,27.4,192.0,2.0,5.6,139.0,43.3,16,0.0,10.8
Ahmedabad,23.0225,72.5714,2026-05-13 15:00:00,71.5,25.6,191.0,2.0,4.9,138.0,43.5,14,0.0,12.0
Ahmedabad,23.0225,72.5714,2026-05-13 16:00:00,67.3,24.9,197.0,2.1,4.3,135.0,43.3,14,0.0,11.6
Ahmedabad,23.0225,72.5714,2026-05-13 17:00:00,73.6,25.3,213.0,3.0,3.4,122.0,43.0,15,0.0,11.0
Ahmedabad,23.0225,72.5714,2026-05-13 18:00:00,73.3,26.8,251.0,5.6,4.1,111.0,42.4,15,0.0,11.7
Ahmedabad,23.0225,72.5714,2026-05-13 19:00:00,65.2,29.2,300.0,9.1,5.1,96.0,39.9,23,0.0,15.3
Ahmedabad,23.0225,72.5714,2026-05-13 20:00:00,63.1,30.7,325.0,11.4,5.8,84.0,36.3,33,0.0,13.9
Ahmedabad,23.0225,72.5714,2026-05-13 21:00:00,58.2,29.6,306.0,11.2,5.8,79.0,34.9,36,0.0,11.5
Ahmedabad,23.0225,72.5714,2026-05-13 22:00:00,51.9,27.6,263.0,9.7,5.6,78.0,33.9,44,0.0,10.7
Ahmedabad,23.0225,72.5714,2026-05-13 23:00:00,45.4,25.4,227.0,8.4,5.2,76.0,33.6,48,0.0,8.3
Ahmedabad,23.0225,72.5714,2026-05-14 00:00:00,39.1,22.9,208.0,7.7,4.8,72.0,33.7,42,0.0,9.4
Ahmedabad,23.0225,72.5714,2026-05-14 01:00:00,33.9,20.7,195.0,7.1,4.3,66.0,33.2,40,0.0,9.8
Ahmedabad,23.0225,72.5714,2026-05-14 02:00:00,29.8,18.7,188.0,6.7,3.9,62.0,32.5,42,0.0,9.4
Ahmedabad,23.0225,72.5714,2026-05-14 03:00:00,26.8,17.1,185.0,6.4,3.7,58.0,31.8,43,0.0,8.9
Ahmedabad,23.0225,72.5714,2026-05-14 04:00:00,24.6,15.9,187.0,6.2,3.6,55.0,31.4,43,0.0,9.2
Ahmedabad,23.0225,72.5714,2026-05-14 05:00:00,21.4,12.6,194.0,5.2,4.0,60.0,31.1,39,0.0,9.9
Ahmedabad,23.0225,72.5714,2026-05-14 06:00:00,18.7,12.0,213.0,5.4,4.4,64.0,30.6,42,0.0,9.0
Ahmedabad,23.0225,72.5714,2026-05-14 07:00:00,17.8,12.0,237.0,5.7,4.9,69.0,31.3,42,0.0,7.9
Ahmedabad,23.0225,72.5714,2026-05-14 08:00:00,17.1,11.6,248.0,5.5,5.2,77.0,32.9,40,0.0,8.7
Ahmedabad,23.0225,72.5714,2026-05-14 09:00:00,18.0,11.6,235.0,4.5,5.2,91.0,35.0,35,0.0,8.6
Ahmedabad,23.0225,72.5714,2026-05-14 10:00:00,20.1,11.5,208.0,3.1,5.0,107.0,37.4,29,0.0,8.7
Ahmedabad,23.0225,72.5714,2026-05-14 11:00:00,24.4,11.2,187.0,2.0,4.6,118.0,39.6,23,0.0,8.3
Ahmedabad,23.0225,72.5714,2026-05-14 12:00:00,30.9,11.1,177.0,1.5,3.8,119.0,41.7,17,0.0,11.2
Ahmedabad,23.0225,72.5714,2026-05-14 13:00:00,37.6,11.1,171.0,1.3,2.8,115.0,42.3,18,0.0,13.4
Ahmedabad,23.0225,72.5714,2026-05-14 14:00:00,43.4,11.7,169.0,1.3,2.1,111.0,43.0,17,0.0,12.4
Ahmedabad,23.0225,72.5714,2026-05-14 15:00:00,47.1,12.5,169.0,1.4,1.8,109.0,43.5,15,0.0,12.4
Ahmedabad,23.0225,72.5714,2026-05-14 16:00:00,46.9,12.9,171.0,1.6,1.7,107.0,43.4,14,0.0,13.2
Ahmedabad,23.0225,72.5714,2026-05-14 17:00:00,35.0,10.2,177.0,2.3,2.0,104.0,43.1,13,0.0,14.7
Ahmedabad,23.0225,72.5714,2026-05-14 18:00:00,31.1,10.3,190.0,3.7,2.5,99.0,41.9,14,0.0,14.5
Ahmedabad,23.0225,72.5714,2026-05-14 19:00:00,24.0,10.9,207.0,5.6,3.2,93.0,40.6,16,0.0,13.8
Ahmedabad,23.0225,72.5714,2026-05-14 20:00:00,20.5,11.2,215.0,6.8,3.6,87.0,39.2,18,0.0,13.3
Ahmedabad,23.0225,72.5714,2026-05-14 21:00:00,16.9,10.7,209.0,6.5,3.5,84.0,37.0,27,0.0,18.0
Ahmedabad,23.0225,72.5714,2026-05-14 22:00:00,15.1,11.3,194.0,5.4,3.0,81.0,35.4,35,0.0,17.0
Ahmedabad,23.0225,72.5714,2026-05-14 23:00:00,14.8,11.8,180.0,4.5,2.7,77.0,34.2,38,0.0,14.3
Ahmedabad,23.0225,72.5714,2026-05-15 00:00:00,14.6,11.6,169.0,4.3,2.6,70.0,33.2,41,0.0,13.6
Ahmedabad,23.0225,72.5714,2026-05-15 01:00:00,14.7,11.3,159.0,4.3,2.7,61.0,32.3,45,0.0,13.2
Ahmedabad,23.0225,72.5714,2026-05-15 02:00:00,14.9,10.9,150.0,4.3,2.7,54.0,31.0,53,0.0,12.5
Ahmedabad,23.0225,72.5714,2026-05-15 03:00:00,15.3,10.5,141.0,4.4,2.7,48.0,29.9,63,0.0,12.1
Ahmedabad,23.0225,72.5714,2026-05-15 04:00:00,15.4,10.1,133.0,4.5,2.7,44.0,29.0,70,0.0,11.2
Ahmedabad,23.0225,72.5714,2026-05-15 05:00:00,15.5,10.6,134.0,4.9,3.1,42.0,28.5,75,0.0,9.6
Ahmedabad,23.0225,72.5714,2026-05-15 06:00:00,15.4,10.2,151.0,4.9,3.4,43.0,28.1,77,0.0,10.1
Ahmedabad,23.0225,72.5714,2026-05-15 07:00:00,16.6,9.9,177.0,4.8,3.8,45.0,28.7,74,0.0,9.8
Ahmedabad,23.0225,72.5714,2026-05-15 08:00:00,18.5,10.2,192.0,4.4,4.1,51.0,30.2,65,0.0,7.9
Ahmedabad,23.0225,72.5714,2026-05-15 09:00:00,22.4,11.2,187.0,3.5,4.1,64.0,32.3,54,0.0,6.6
Ahmedabad,23.0225,72.5714,2026-05-15 10:00:00,27.0,12.3,172.0,2.4,3.8,80.0,34.6,42,0.0,6.3
Ahmedabad,23.0225,72.5714,2026-05-15 11:00:00,30.7,12.3,158.0,1.6,3.5,93.0,36.1,33,0.0,6.0
Ahmedabad,23.0225,72.5714,2026-05-15 12:00:00,32.1,11.0,149.0,1.3,3.0,99.0,37.9,25,0.0,7.8
Ahmedabad,23.0225,72.5714,2026-05-15 13:00:00,32.1,10.2,142.0,1.2,2.4,100.0,39.0,21,0.0,9.4
Ahmedabad,23.0225,72.5714,2026-05-15 14:00:00,33.2,10.2,139.0,1.3,2.0,101.0,39.7,20,0.0,10.6
Ahmedabad,23.0225,72.5714,2026-05-15 15:00:00,35.5,10.7,140.0,1.3,1.8,101.0,40.0,18,0.0,11.6
Ahmedabad,23.0225,72.5714,2026-05-15 16:00:00,38.1,11.5,146.0,1.3,1.7,100.0,39.9,18,0.0,12.0
Ahmedabad,23.0225,72.5714,2026-05-15 17:00:00,31.5,9.7,155.0,2.3,1.9,96.0,39.7,18,0.0,12.1
Ahmedabad,23.0225,72.5714,2026-05-15 18:00:00,33.3,10.6,169.0,5.9,2.7,86.0,39.1,20,0.0,9.4
Ahmedabad,23.0225,72.5714,2026-05-15 19:00:00,30.3,12.9,187.0,10.7,3.8,73.0,38.5,21,0.0,5.1
Ahmedabad,23.0225,72.5714,2026-05-15 20:00:00,32.1,16.0,205.0,13.5,4.5,63.0,37.7,21,0.0,11.0
Ahmedabad,23.0225,72.5714,2026-05-15 21:00:00,31.2,16.1,227.0,12.1,4.3,61.0,35.9,23,0.0,9.8
Ahmedabad,23.0225,72.5714,2026-05-15 22:00:00,28.8,14.6,248.0,8.7,3.7,62.0,33.1,46,0.0,10.6
Ahmedabad,23.0225,72.5714,2026-05-15 23:00:00,27.5,13.6,253.0,5.9,3.2,62.0,31.5,67,0.0,9.6
Ahmedabad,23.0225,72.5714,2026-05-16 00:00:00,27.1,13.1,226.0,4.8,3.0,58.0,31.4,63,0.0,8.6
Ahmedabad,23.0225,72.5714,2026-05-16 01:00:00,27.1,13.2,182.0,4.4,2.9,53.0,31.4,52,0.0,9.1
Ahmedabad,23.0225,72.5714,2026-05-16 02:00:00,27.4,13.4,148.0,4.2,2.9,48.0,30.8,52,0.0,9.7
Ahmedabad,23.0225,72.5714,2026-05-16 03:00:00,27.2,13.5,134.0,4.2,2.9,44.0,30.0,59,0.0,10.0
Ahmedabad,23.0225,72.5714,2026-05-16 04:00:00,26.5,13.4,131.0,4.5,2.9,41.0,29.3,67,0.0,9.8
Ahmedabad,23.0225,72.5714,2026-05-16 05:00:00,25.9,13.8,136.0,4.8,3.2,40.0,29.2,71,0.0,8.6
Ahmedabad,23.0225,72.5714,2026-05-16 06:00:00,25.5,13.5,156.0,4.7,3.6,42.0,28.8,74,0.0,8.7
Ahmedabad,23.0225,72.5714,2026-05-16 07:00:00,28.3,13.6,185.0,4.6,4.1,44.0,29.5,70,0.0,8.2
Ahmedabad,23.0225,72.5714,2026-05-16 08:00:00,31.3,13.9,203.0,4.2,4.4,51.0,31.1,63,0.0,7.7
Ahmedabad,23.0225,72.5714,2026-05-16 09:00:00,37.8,15.0,199.0,3.4,4.5,65.0,33.1,53,0.0,7.0
Ahmedabad,23.0225,72.5714,2026-05-16 10:00:00,45.1,16.9,184.0,2.4,4.5,82.0,35.3,44,0.0,6.2
Ahmedabad,23.0225,72.5714,2026-05-16 11:00:00,51.3,18.7,171.0,1.6,4.3,96.0,37.0,37,0.0,7.2
Ahmedabad,23.0225,72.5714,2026-05-16 12:00:00,57.3,19.5,164.0,1.3,3.9,103.0,38.8,27,0.0,7.4
Ahmedabad,23.0225,72.5714,2026-05-16 13:00:00,62.2,19.4,159.0,1.2,3.3,107.0,40.2,20,0.0,8.9
Ahmedabad,23.0225,72.5714,2026-05-16 14:00:00,62.2,18.9,157.0,1.3,2.9,108.0,40.9,17,0.0,9.7
Ahmedabad,23.0225,72.5714,2026-05-16 15:00:00,59.4,18.1,154.0,1.2,2.6,108.0,41.1,17,0.0,10.5
Ahmedabad,23.0225,72.5714,2026-05-16 16:00:00,56.9,17.6,154.0,1.2,2.5,106.0,40.9,16,0.0,10.6
Ahmedabad,23.0225,72.5714,2026-05-16 17:00:00,33.3,10.6,167.0,2.3,2.4,107.0,40.8,17,0.0,9.4
Ahmedabad,23.0225,72.5714,2026-05-16 18:00:00,32.2,10.8,208.0,5.9,3.1,95.0,40.0,17,0.0,10.6
Ahmedabad,23.0225,72.5714,2026-05-16 19:00:00,29.0,12.8,264.0,10.9,4.2,79.0,39.2,18,0.0,10.7
Ahmedabad,23.0225,72.5714,2026-05-16 20:00:00,32.5,16.2,301.0,14.9,5.0,65.0,38.4,20,0.0,8.6
Ahmedabad,23.0225,72.5714,2026-05-16 21:00:00,35.4,18.5,308.0,17.4,5.6,55.0,37.4,22,0.0,5.4
Ahmedabad,23.0225,72.5714,2026-05-16 22:00:00,37.7,20.4,296.0,18.8,6.0,48.0,36.6,24,0.0,8.4
Ahmedabad,23.0225,72.5714,2026-05-16 23:00:00,36.6,20.4,275.0,18.4,6.0,44.0,35.6,28,0.0,10.3
Ahmedabad,23.0225,72.5714,2026-05-17 00:00:00,30.6,16.9,238.0,14.7,5.2,46.0,34.3,37,0.0,11.1
Ahmedabad,23.0225,72.5714,2026-05-17 01:00:00,26.0,14.4,191.0,9.2,4.0,51.0,33.1,43,0.0,10.9
Ahmedabad,23.0225,72.5714,2026-05-17 02:00:00,25.3,14.0,156.0,5.2,3.1,54.0,32.2,48,0.0,9.6
Ahmedabad,23.0225,72.5714,2026-05-17 03:00:00,25.8,14.3,145.0,4.3,3.0,51.0,31.6,51,0.0,9.6
Ahmedabad,23.0225,72.5714,2026-05-17 04:00:00,26.9,14.6,147.0,4.8,3.3,46.0,31.1,55,0.0,11.4
Ahmedabad,23.0225,72.5714,2026-05-17 05:00:00,25.2,14.6,153.0,5.1,3.7,45.0,30.4,61,0.0,10.3
Ahmedabad,23.0225,72.5714,2026-05-17 06:00:00,28.9,15.4,166.0,5.0,4.3,47.0,30.2,63,0.0,10.3
Ahmedabad,23.0225,72.5714,2026-05-17 07:00:00,35.5,16.9,183.0,4.8,5.0,51.0,31.0,61,0.0,10.2
Ahmedabad,23.0225,72.5714,2026-05-17 08:00:00,43.7,18.8,191.0,4.4,5.5,58.0,32.8,54,0.0,9.9
Ahmedabad,23.0225,72.5714,2026-05-17 09:00:00,52.9,21.1,182.0,3.5,5.5,73.0,35.0,46,0.0,9.8
Ahmedabad,23.0225,72.5714,2026-05-17 10:00:00,59.5,22.8,163.0,2.4,5.3,92.0,37.4,38,0.0,9.6
Ahmedabad,23.0225,72.5714,2026-05-17 11:00:00,61.2,22.6,150.0,1.5,5.0,106.0,39.1,29,0.0,9.9
Ahmedabad,23.0225,72.5714,2026-05-17 12:00:00,55.8,19.6,148.0,1.1,4.6,111.0,40.3,25,0.0,8.3
Ahmedabad,23.0225,72.5714,2026-05-17 13:00:00,53.7,18.6,151.0,1.1,4.1,112.0,41.1,23,0.0,7.9
Ahmedabad,23.0225,72.5714,2026-05-17 14:00:00,53.9,18.6,154.0,1.1,3.7,111.0,41.7,21,0.0,7.3
Ahmedabad,23.0225,72.5714,2026-05-17 15:00:00,53.1,18.5,155.0,1.0,3.5,112.0,42.1,20,0.0,7.1
Ahmedabad,23.0225,72.5714,2026-05-17 16:00:00,51.9,18.3,157.0,1.0,3.3,112.0,41.9,20,0.0,8.0
Ahmedabad,23.0225,72.5714,2026-05-17 17:00:00,45.3,15.9,163.0,1.9,3.4,108.0,42.0,17,0.0,9.9
Ahmedabad,23.0225,72.5714,2026-05-17 18:00:00,43.5,15.9,176.0,3.9,3.9,98.0,41.2,18,0.0,10.2
Ahmedabad,23.0225,72.5714,2026-05-17 19:00:00,36.9,17.5,194.0,6.6,4.5,84.0,40.5,18,0.0,10.0
Ahmedabad,23.0225,72.5714,2026-05-17 20:00:00,34.8,18.0,214.0,8.3,4.9,74.0,39.7,19,0.0,11.1
Ahmedabad,23.0225,72.5714,2026-05-17 21:00:00,31.2,16.8,243.0,8.2,4.7,71.0,38.8,20,0.0,11.1
Ahmedabad,23.0225,72.5714,2026-05-17 22:00:00,27.8,15.4,275.0,7.1,4.3,70.0,37.9,21,0.0,9.2
Ahmedabad,23.0225,72.5714,2026-05-17 23:00:00,24.7,14.0,284.0,6.0,3.9,70.0,37.1,21,0.0,12.5
Ahmedabad,23.0225,72.5714,2026-05-18 00:00:00,21.6,12.6,250.0,5.2,3.7,68.0,34.9,28,0.0,13.8
Ahmedabad,23.0225,72.5714,2026-05-18 01:00:00,20.1,12.5,194.0,4.5,3.6,66.0,33.4,33,0.0,14.4
Ahmedabad,23.0225,72.5714,2026-05-18 02:00:00,20.3,13.0,151.0,4.1,3.6,64.0,32.6,38,0.0,13.8
Ahmedabad,23.0225,72.5714,2026-05-18 03:00:00,21.8,13.2,136.0,4.1,3.9,60.0,32.3,38,0.0,14.7
Ahmedabad,23.0225,72.5714,2026-05-18 04:00:00,25.1,13.5,134.0,4.4,4.5,55.0,32.0,36,0.0,13.5
Ahmedabad,23.0225,72.5714,2026-05-18 05:00:00,38.0,15.3,142.0,4.3,4.6,56.0,31.6,34,0.0,12.9
Ahmedabad,23.0225,72.5714,2026-05-18 06:00:00,43.4,17.0,165.0,4.6,4.9,57.0,31.3,35,0.0,12.0
Ahmedabad,23.0225,72.5714,2026-05-18 07:00:00,54.9,19.9,198.0,5.0,5.4,59.0,32.1,34,0.0,9.9
Ahmedabad,23.0225,72.5714,2026-05-18 08:00:00,72.9,23.7,217.0,4.9,5.5,65.0,33.7,31,0.0,9.7
Ahmedabad,23.0225,72.5714,2026-05-18 09:00:00,88.0,27.1,209.0,4.0,5.1,79.0,35.9,24,0.0,9.1
Ahmedabad,23.0225,72.5714,2026-05-18 10:00:00,93.8,28.1,187.0,2.8,4.5,97.0,38.2,18,0.0,10.0
Ahmedabad,23.0225,72.5714,2026-05-18 11:00:00,81.3,25.0,169.0,1.8,3.9,111.0,40.0,15,0.0,10.8
Ahmedabad,23.0225,72.5714,2026-05-18 12:00:00,70.1,22.5,161.0,1.4,3.5,117.0,41.4,14,0.0,10.7
Ahmedabad,23.0225,72.5714,2026-05-18 13:00:00,62.9,20.7,157.0,1.3,3.1,119.0,42.5,13,0.0,11.0
Ahmedabad,23.0225,72.5714,2026-05-18 14:00:00,58.1,19.2,155.0,1.4,2.8,119.0,43.1,13,0.0,11.7
Ahmedabad,23.0225,72.5714,2026-05-18 15:00:00,54.7,18.2,154.0,1.2,2.5,119.0,43.0,13,0.0,12.7
Ahmedabad,23.0225,72.5714,2026-05-18 16:00:00,52.5,17.6,156.0,1.2,2.2,117.0,42.7,13,0.0,12.6
Ahmedabad,23.0225,72.5714,2026-05-18 17:00:00,51.9,16.9,166.0,2.5,2.5,111.0,42.4,13,0.0,11.4
Ahmedabad,23.0225,72.5714,2026-05-18 18:00:00,47.4,16.4,195.0,6.4,3.4,98.0,41.5,13,0.0,12.1
Ahmedabad,23.0225,72.5714,2026-05-18 19:00:00,41.0,18.6,234.0,11.8,4.5,81.0,40.4,14,0.0,12.4
Ahmedabad,23.0225,72.5714,2026-05-18 20:00:00,42.6,21.2,256.0,14.9,5.2,68.0,39.4,15,0.0,10.3
Ahmedabad,23.0225,72.5714,2026-05-18 21:00:00,41.3,21.8,249.0,13.8,5.0,66.0,38.0,16,0.0,11.6
Ahmedabad,23.0225,72.5714,2026-05-18 22:00:00,38.3,21.4,227.0,10.6,4.4,69.0,36.8,19,0.0,12.3
Ahmedabad,23.0225,72.5714,2026-05-18 23:00:00,35.2,20.1,204.0,7.8,3.8,70.0,35.2,26,0.0,11.6
Ahmedabad,23.0225,72.5714,2026-05-19 00:00:00,31.9,18.5,185.0,6.3,3.5,67.0,33.9,33,0.0,12.1
Ahmedabad,23.0225,72.5714,2026-05-19 01:00:00,29.4,17.2,165.0,5.2,3.3,62.0,32.9,34,0.0,12.8
Ahmedabad,23.0225,72.5714,2026-05-19 02:00:00,29.0,16.5,152.0,4.5,3.2,58.0,31.9,37,0.0,11.7
Ahmedabad,23.0225,72.5714,2026-05-19 03:00:00,31.1,16.4,147.0,4.5,3.4,54.0,31.0,42,0.0,12.4
Ahmedabad,23.0225,72.5714,2026-05-19 04:00:00,34.3,16.6,149.0,4.9,3.7,49.0,30.2,45,0.0,12.2
Ahmedabad,23.0225,72.5714,2026-05-19 05:00:00,36.9,16.8,158.0,5.2,3.9,47.0,29.7,49,0.0,11.1
Ahmedabad,23.0225,72.5714,2026-05-19 06:00:00,38.9,16.9,181.0,5.2,4.2,48.0,29.0,52,0.0,11.1
Ahmedabad,23.0225,72.5714,2026-05-19 07:00:00,44.4,17.3,212.0,5.1,4.7,51.0,29.2,54,0.0,9.8
Ahmedabad,23.0225,72.5714,2026-05-19 08:00:00,48.4,17.7,228.0,4.8,4.9,57.0,30.6,51,0.0,7.8
Ahmedabad,23.0225,72.5714,2026-05-19 09:00:00,52.5,18.6,217.0,3.9,4.7,71.0,32.8,43,0.0,6.7
Ahmedabad,23.0225,72.5714,2026-05-19 10:00:00,60.5,20.1,193.0,2.8,4.3,88.0,35.3,34,0.0,8.0
Ahmedabad,23.0225,72.5714,2026-05-19 11:00:00,71.5,21.8,172.0,1.9,3.8,101.0,37.9,24,0.0,9.4
Ahmedabad,23.0225,72.5714,2026-05-19 12:00:00,73.3,22.1,161.0,1.5,3.3,106.0,39.8,19,0.0,9.9
Ahmedabad,23.0225,72.5714,2026-05-19 13:00:00,62.2,19.6,154.0,1.4,2.6,106.0,41.3,14,0.0,10.3
Ahmedabad,23.0225,72.5714,2026-05-19 14:00:00,49.8,16.8,151.0,1.4,2.2,106.0,42.1,12,0.0,11.0
Ahmedabad,23.0225,72.5714,2026-05-19 15:00:00,43.5,15.5,150.0,1.2,1.9,107.0,42.2,13,0.0,10.8
Ahmedabad,23.0225,72.5714,2026-05-19 16:00:00,42.7,15.3,153.0,1.2,1.7,108.0,41.9,15,0.0,11.2
Ahmedabad,23.0225,72.5714,2026-05-19 17:00:00,40.7,12.2,163.0,2.3,1.8,103.0,41.8,15,0.0,11.2
Ahmedabad,23.0225,72.5714,2026-05-19 18:00:00,47.7,15.0,186.0,5.8,2.8,93.0,41.0,14,0.0,10.2
Ahmedabad,23.0225,72.5714,2026-05-19 19:00:00,47.1,19.4,215.0,10.6,4.2,80.0,40.3,14,0.0,11.8
Ahmedabad,23.0225,72.5714,2026-05-19 20:00:00,54.0,24.0,236.0,13.5,5.1,70.0,35.8,33,0.0,13.8
Ahmedabad,23.0225,72.5714,2026-05-19 21:00:00,57.3,25.8,242.0,12.7,5.2,66.0,33.5,46,0.0,10.7
Ahmedabad,23.0225,72.5714,2026-05-19 22:00:00,53.2,25.3,239.0,9.9,4.9,66.0,32.7,52,0.0,10.8
Ahmedabad,23.0225,72.5714,2026-05-19 23:00:00,46.7,23.0,230.0,7.6,4.6,64.0,32.2,58,0.0,9.9
Ahmedabad,23.0225,72.5714,2026-05-20 00:00:00,42.4,20.4,212.0,6.6,4.4,59.0,31.5,61,0.0,8.5
Ahmedabad,23.0225,72.5714,2026-05-20 01:00:00,40.7,18.6,188.0,5.9,4.1,54.0,31.1,61,0.0,8.7
Ahmedabad,23.0225,72.5714,2026-05-20 02:00:00,39.1,16.9,168.0,5.6,4.0,49.0,31.1,50,0.0,9.4
Ahmedabad,23.0225,72.5714,2026-05-20 03:00:00,35.6,15.2,155.0,5.6,4.1,45.0,30.5,44,0.0,9.8
Ahmedabad,23.0225,72.5714,2026-05-20 04:00:00,30.7,13.5,146.0,5.9,4.4,41.0,29.6,50,0.0,9.2
Ahmedabad,23.0225,72.5714,2026-05-20 05:00:00,31.1,14.5,145.0,6.9,4.7,37.0,29.3,58,0.0,9.0
Ahmedabad,23.0225,72.5714,2026-05-20 06:00:00,26.1,12.2,160.0,6.5,4.8,39.0,28.7,66,0.0,8.7
Ahmedabad,23.0225,72.5714,2026-05-20 07:00:00,25.8,11.3,183.0,5.9,4.9,42.0,29.2,70,0.0,8.5
Ahmedabad,23.0225,72.5714,2026-05-20 08:00:00,28.6,11.6,199.0,5.1,4.9,48.0,30.5,67,0.0,7.6
Ahmedabad,23.0225,72.5714,2026-05-20 09:00:00,32.8,12.9,199.0,4.0,4.7,61.0,32.3,60,0.0,6.5
Ahmedabad,23.0225,72.5714,2026-05-20 10:00:00,40.9,15.1,191.0,2.8,4.4,77.0,34.5,51,0.0,6.1
Ahmedabad,23.0225,72.5714,2026-05-20 11:00:00,52.6,17.5,181.0,1.9,4.0,89.0,37.0,40,0.0,6.7
Ahmedabad,23.0225,72.5714,2026-05-20 12:00:00,70.1,20.3,168.0,1.4,3.3,92.0,39.6,28,0.0,9.5
Ahmedabad,23.0225,72.5714,2026-05-20 13:00:00,92.0,23.6,154.0,1.2,2.6,91.0,40.7,21,0.0,12.2
Ahmedabad,23.0225,72.5714,2026-05-20 14:00:00,89.6,23.2,145.0,1.2,2.0,89.0,41.4,20,0.0,12.3
Ahmedabad,23.0225,72.5714,2026-05-20 15:00:00,83.8,22.4,146.0,1.1,1.8,90.0,41.9,18,0.0,12.4
Ahmedabad,23.0225,72.5714,2026-05-20 16:00:00,78.0,21.5,153.0,1.2,1.8,90.0,42.1,17,0.0,12.3
Ahmedabad,23.0225,72.5714,2026-05-20 17:00:00,56.8,16.9,161.0,2.3,1.9,88.0,41.9,17,0.0,11.6
Ahmedabad,23.0225,72.5714,2026-05-20 18:00:00,56.6,17.9,171.0,4.8,2.5,81.0,41.1,16,0.0,13.6
Ahmedabad,23.0225,72.5714,2026-05-20 19:00:00,48.9,19.7,183.0,8.2,3.5,72.0,39.4,19,0.0,14.6
Ahmedabad,23.0225,72.5714,2026-05-20 20:00:00,49.5,22.2,191.0,10.5,4.2,64.0,34.1,50,0.0,13.5
Ahmedabad,23.0225,72.5714,2026-05-20 21:00:00,51.8,23.6,194.0,10.6,4.7,61.0,32.8,59,0.0,11.1
Ahmedabad,23.0225,72.5714,2026-05-20 22:00:00,51.5,24.3,194.0,9.5,5.0,59.0,31.6,67,0.0,11.0
Ahmedabad,23.0225,72.5714,2026-05-20 23:00:00,47.8,23.3,191.0,8.4,5.1,58.0,31.3,70,0.0,9.5
Ahmedabad,23.0225,72.5714,2026-05-21 00:00:00,43.7,21.8,185.0,7.5,4.7,56.0,31.0,70,0.0,9.0
Ahmedabad,23.0225,72.5714,2026-05-21 01:00:00,43.5,21.4,177.0,6.6,3.9,54.0,30.8,70,0.0,7.9
Ahmedabad,23.0225,72.5714,2026-05-21 02:00:00,46.7,22.1,169.0,5.8,3.4,53.0,31.0,61,0.0,8.7
Ahmedabad,23.0225,72.5714,2026-05-21 03:00:00,49.1,22.4,159.0,5.4,3.2,52.0,30.8,46,0.0,9.0
Ahmedabad,23.0225,72.5714,2026-05-21 04:00:00,48.2,21.7,150.0,5.2,3.3,51.0,29.9,51,0.0,8.1
Ahmedabad,23.0225,72.5714,2026-05-21 05:00:00,50.5,23.3,149.0,6.0,3.8,47.0,29.7,53,0.0,7.2
Ahmedabad,23.0225,72.5714,2026-05-21 06:00:00,50.3,22.9,164.0,5.8,4.0,50.0,28.9,63,0.0,7.9
Ahmedabad,23.0225,72.5714,2026-05-21 07:00:00,57.2,22.8,188.0,5.5,4.4,55.0,29.3,67,0.0,8.4
Ahmedabad,23.0225,72.5714,2026-05-21 08:00:00,65.0,23.6,202.0,5.0,4.6,63.0,30.8,63,0.0,8.3
Ahmedabad,23.0225,72.5714,2026-05-21 09:00:00,71.0,25.3,199.0,4.0,4.6,77.0,32.8,52,0.0,6.8
Ahmedabad,23.0225,72.5714,2026-05-21 10:00:00,75.2,26.7,186.0,2.8,4.5,93.0,35.0,41,0.0,5.4
Ahmedabad,23.0225,72.5714,2026-05-21 11:00:00,79.6,27.2,175.0,1.9,4.3,105.0,36.4,35,0.0,4.5
Ahmedabad,23.0225,72.5714,2026-05-21 12:00:00,86.4,27.2,167.0,1.5,3.8,108.0,38.5,27,0.0,4.6
Ahmedabad,23.0225,72.5714,2026-05-21 13:00:00,83.4,25.7,161.0,1.4,3.1,107.0,39.8,22,0.0,5.2
Ahmedabad,23.0225,72.5714,2026-05-21 14:00:00,69.8,22.6,157.0,1.4,2.6,105.0,40.7,19,0.0,6.8
Ahmedabad,23.0225,72.5714,2026-05-21 15:00:00,59.6,20.3,150.0,1.1,2.3,105.0,41.1,17,0.0,8.5
Ahmedabad,23.0225,72.5714,2026-05-21 16:00:00,54.1,19.3,146.0,0.9,2.2,105.0,41.0,17,0.0,10.1
Ahmedabad,23.0225,72.5714,2026-05-21 17:00:00,32.1,11.7,165.0,2.5,2.3,99.0,40.7,19,0.0,9.5
Ahmedabad,23.0225,72.5714,2026-05-21 18:00:00,31.3,11.9,234.0,7.6,3.5,87.0,40.0,21,0.0,9.9
Ahmedabad,23.0225,72.5714,2026-05-21 19:00:00,29.9,15.0,326.0,14.6,5.1,69.0,39.4,21,0.0,5.1
Ahmedabad,23.0225,72.5714,2026-05-21 20:00:00,36.3,20.1,375.0,19.2,6.3,57.0,38.8,23,0.0,10.2
Ahmedabad,23.0225,72.5714,2026-05-21 21:00:00,40.0,23.2,343.0,19.4,6.7,54.0,35.6,35,0.0,12.1
Ahmedabad,23.0225,72.5714,2026-05-21 22:00:00,39.7,23.8,269.0,17.2,6.7,56.0,34.1,44,0.0,11.8
Ahmedabad,23.0225,72.5714,2026-05-21 23:00:00,34.1,20.8,207.0,14.6,6.3,57.0,33.5,51,0.0,10.5
Ahmedabad,23.0225,72.5714,2026-05-22 00:00:00,30.7,18.9,179.0,11.9,5.4,56.0,33.4,52,0.0,9.7
Ahmedabad,23.0225,72.5714,2026-05-22 01:00:00,30.3,18.8,163.0,8.9,4.3,55.0,33.1,52,0.0,8.8
Ahmedabad,23.0225,72.5714,2026-05-22 02:00:00,32.7,20.1,153.0,6.6,3.4,54.0,32.7,41,0.0,12.5
Ahmedabad,23.0225,72.5714,2026-05-22 03:00:00,37.6,21.9,145.0,5.8,3.1,51.0,31.5,40,0.0,11.0
Ahmedabad,23.0225,72.5714,2026-05-22 04:00:00,42.1,23.3,143.0,5.8,3.1,47.0,30.6,46,0.0,9.9
Ahmedabad,23.0225,72.5714,2026-05-22 05:00:00,42.0,23.6,149.0,6.0,3.3,46.0,30.4,46,0.0,8.7
Ahmedabad,23.0225,72.5714,2026-05-22 06:00:00,45.2,24.3,170.0,5.9,3.6,48.0,29.9,53,0.0,8.8
Ahmedabad,23.0225,72.5714,2026-05-22 07:00:00,54.9,25.5,199.0,5.7,3.9,51.0,30.4,57,0.0,7.9
Ahmedabad,23.0225,72.5714,2026-05-22 08:00:00,67.3,27.6,216.0,5.2,4.2,58.0,31.8,53,0.0,6.5
Ahmedabad,23.0225,72.5714,2026-05-22 09:00:00,82.0,31.1,211.0,4.2,4.3,74.0,34.0,43,0.0,5.2
Ahmedabad,23.0225,72.5714,2026-05-22 10:00:00,92.9,34.3,194.0,3.0,4.3,95.0,36.3,32,0.0,5.0
Ahmedabad,23.0225,72.5714,2026-05-22 11:00:00,87.1,32.6,178.0,2.0,4.2,110.0,37.9,26,0.0,5.7
Ahmedabad,23.0225,72.5714,2026-05-22 12:00:00,70.1,27.8,167.0,1.5,3.8,113.0,39.5,25,0.0,7.2
Ahmedabad,23.0225,72.5714,2026-05-22 13:00:00,57.4,24.2,157.0,1.4,3.2,110.0,40.7,21,0.0,8.8
Ahmedabad,23.0225,72.5714,2026-05-22 14:00:00,50.1,22.2,152.0,1.4,2.8,107.0,41.5,19,0.0,9.9
Ahmedabad,23.0225,72.5714,2026-05-22 15:00:00,44.9,20.8,155.0,1.1,2.5,107.0,41.9,17,0.0,10.8
Ahmedabad,23.0225,72.5714,2026-05-22 16:00:00,41.3,19.7,163.0,1.1,2.3,106.0,41.8,17,0.0,11.0
Ahmedabad,23.0225,72.5714,2026-05-22 17:00:00,32.9,15.1,171.0,2.4,2.2,100.0,41.5,17,0.0,10.4
Ahmedabad,23.0225,72.5714,2026-05-22 18:00:00,34.7,15.8,176.0,6.4,3.1,89.0,40.9,17,0.0,9.6
Ahmedabad,23.0225,72.5714,2026-05-22 19:00:00,34.0,18.2,180.0,12.0,4.3,74.0,39.5,20,0.0,11.0
Ahmedabad,23.0225,72.5714,2026-05-22 20:00:00,41.1,22.8,184.0,15.6,5.3,62.0,35.2,41,0.0,13.4
Ahmedabad,23.0225,72.5714,2026-05-22 21:00:00,48.1,25.7,191.0,15.8,5.7,55.0,33.8,51,0.0,11.3
Ahmedabad,23.0225,72.5714,2026-05-22 22:00:00,49.2,25.9,198.0,14.1,5.9,51.0,33.0,57,0.0,10.3
Ahmedabad,23.0225,72.5714,2026-05-22 23:00:00,43.2,23.7,197.0,12.0,5.8,50.0,32.9,59,0.0,11.0
Ahmedabad,23.0225,72.5714,2026-05-23 00:00:00,32.8,20.7,180.0,9.6,5.2,53.0,32.6,60,0.0,9.7
Ahmedabad,23.0225,72.5714,2026-05-23 01:00:00,32.2,21.1,155.0,6.8,4.4,60.0,33.0,50,0.0,13.2
Ahmedabad,23.0225,72.5714,2026-05-23 02:00:00,37.5,24.1,138.0,4.8,3.9,63.0,31.9,56,0.0,13.7
Ahmedabad,23.0225,72.5714,2026-05-23 03:00:00,39.0,25.2,135.0,4.4,4.1,60.0,31.2,61,0.0,13.0
Ahmedabad,23.0225,72.5714,2026-05-23 04:00:00,37.6,24.7,140.0,4.8,4.6,53.0,30.5,65,0.0,11.7
Ahmedabad,23.0225,72.5714,2026-05-23 05:00:00,37.0,24.6,148.0,5.0,4.7,50.0,30.2,67,0.0,9.2
Ahmedabad,23.0225,72.5714,2026-05-23 06:00:00,37.4,24.3,161.0,4.9,4.7,51.0,29.7,70,0.0,8.5
Ahmedabad,23.0225,72.5714,2026-05-23 07:00:00,40.2,24.6,178.0,4.8,4.8,52.0,30.3,68,0.0,9.0
Ahmedabad,23.0225,72.5714,2026-05-23 08:00:00,41.0,24.6,187.0,4.4,4.7,57.0,31.5,63,0.0,9.5
Ahmedabad,23.0225,72.5714,2026-05-23 09:00:00,41.1,24.5,184.0,3.5,4.4,68.0,33.2,57,0.0,8.7
Ahmedabad,23.0225,72.5714,2026-05-23 10:00:00,39.8,23.8,173.0,2.4,3.9,82.0,35.2,47,0.0,7.6
Ahmedabad,23.0225,72.5714,2026-05-23 11:00:00,39.7,22.6,164.0,1.6,3.4,93.0,37.0,40,0.0,7.2
Ahmedabad,23.0225,72.5714,2026-05-23 12:00:00,45.1,22.4,158.0,1.3,3.0,97.0,39.0,31,0.0,7.7
Ahmedabad,23.0225,72.5714,2026-05-23 13:00:00,53.0,22.4,153.0,1.2,2.6,97.0,40.6,25,0.0,9.3
Ahmedabad,23.0225,72.5714,2026-05-23 14:00:00,69.6,24.6,151.0,1.3,2.3,97.0,41.5,22,0.0,10.0
Ahmedabad,23.0225,72.5714,2026-05-23 15:00:00,62.6,24.2,153.0,1.2,2.1,98.0,41.9,21,0.0,10.7
Ahmedabad,23.0225,72.5714,2026-05-23 16:00:00,52.7,22.9,157.0,1.3,1.9,99.0,42.1,20,0.0,11.0
Ahmedabad,23.0225,72.5714,2026-05-23 17:00:00,55.3,17.3,164.0,2.4,1.9,95.0,41.9,20,0.0,12.2
Ahmedabad,23.0225,72.5714,2026-05-23 18:00:00,48.0,16.6,175.0,5.9,2.7,85.0,41.0,20,0.0,11.1
Ahmedabad,23.0225,72.5714,2026-05-23 19:00:00,35.6,17.3,188.0,10.7,3.8,72.0,40.2,22,0.0,9.2
Ahmedabad,23.0225,72.5714,2026-05-23 20:00:00,32.2,19.0,200.0,13.7,4.6,63.0,36.7,40,0.0,15.9
Ahmedabad,23.0225,72.5714,2026-05-23 21:00:00,27.8,18.6,212.0,13.2,4.8,62.0,34.3,56,0.0,11.1
Ahmedabad,23.0225,72.5714,2026-05-23 22:00:00,23.4,17.8,221.0,10.8,4.7,65.0,34.2,58,0.0,9.8
Ahmedabad,23.0225,72.5714,2026-05-23 23:00:00,19.4,16.3,219.0,8.5,4.4,67.0,33.5,62,0.0,9.2
Ahmedabad,23.0225,72.5714,2026-05-24 00:00:00,17.8,14.8,193.0,6.8,3.9,64.0,32.9,65,0.0,7.3
Ahmedabad,23.0225,72.5714,2026-05-24 01:00:00,16.8,13.7,156.0,5.2,3.2,60.0,33.2,57,0.0,11.4
Ahmedabad,23.0225,72.5714,2026-05-24 02:00:00,16.5,12.9,128.0,4.2,2.8,56.0,32.7,47,0.0,12.8
Ahmedabad,23.0225,72.5714,2026-05-24 03:00:00,16.7,12.8,120.0,4.2,2.9,51.0,31.7,48,0.0,12.1
Ahmedabad,23.0225,72.5714,2026-05-24 04:00:00,18.0,13.5,122.0,4.8,3.3,46.0,30.9,52,0.0,11.7
Ahmedabad,23.0225,72.5714,2026-05-24 05:00:00,16.4,13.3,127.0,5.0,3.1,45.0,30.4,59,0.0,11.4
Ahmedabad,23.0225,72.5714,2026-05-24 06:00:00,18.4,14.4,137.0,4.7,3.6,47.0,29.8,68,0.0,11.8
Ahmedabad,23.0225,72.5714,2026-05-24 07:00:00,20.4,15.7,150.0,4.3,4.3,50.0,30.4,68,0.0,11.1
Ahmedabad,23.0225,72.5714,2026-05-24 08:00:00,21.1,16.0,157.0,3.8,4.6,55.0,31.7,64,0.0,10.8
Ahmedabad,23.0225,72.5714,2026-05-24 09:00:00,21.2,15.8,153.0,2.9,4.3,63.0,33.3,57,0.0,10.8
Ahmedabad,23.0225,72.5714,2026-05-24 10:00:00,20.3,15.0,143.0,1.9,3.7,73.0,35.2,49,0.0,11.2
Ahmedabad,23.0225,72.5714,2026-05-24 11:00:00,18.0,13.3,135.0,1.2,3.1,80.0,36.9,45,0.0,10.1
Ahmedabad,23.0225,72.5714,2026-05-24 12:00:00,15.7,11.6,132.0,0.9,2.7,81.0,38.7,38,0.0,10.8
Ahmedabad,23.0225,72.5714,2026-05-24 13:00:00,13.9,10.2,131.0,0.9,2.4,79.0,39.9,33,0.0,11.7
Ahmedabad,23.0225,72.5714,2026-05-24 14:00:00,12.6,9.1,132.0,1.0,2.1,77.0,40.7,30,0.0,12.7
Ahmedabad,23.0225,72.5714,2026-05-24 15:00:00,11.8,8.5,134.0,1.0,1.9,76.0,41.1,28,0.0,13.2
Ahmedabad,23.0225,72.5714,2026-05-24 16:00:00,11.9,8.4,137.0,1.2,1.8,75.0,41.0,27,0.0,13.2
Ahmedabad,23.0225,72.5714,2026-05-24 17:00:00,14.6,9.2,141.0,1.6,1.9,75.0,40.9,24,0.0,12.9
Ahmedabad,23.0225,72.5714,2026-05-24 18:00:00,12.9,8.5,148.0,2.5,2.3,72.0,40.1,26,0.0,13.3
Ahmedabad,23.0225,72.5714,2026-05-24 19:00:00,11.8,8.4,155.0,3.8,2.8,67.0,39.2,29,0.0,13.9
Ahmedabad,23.0225,72.5714,2026-05-24 20:00:00,11.4,8.6,161.0,4.6,3.2,63.0,37.6,31,0.0,12.2
Ahmedabad,23.0225,72.5714,2026-05-24 21:00:00,10.7,8.3,164.0,4.6,3.3,62.0,35.7,42,0.0,10.1
Ahmedabad,23.0225,72.5714,2026-05-24 22:00:00,10.7,8.2,165.0,4.1,3.1,62.0,34.2,54,0.0,8.2
Ahmedabad,23.0225,72.5714,2026-05-24 23:00:00,12.5,8.8,162.0,3.7,3.1,61.0,34.0,53,0.0,7.7
Ahmedabad,23.0225,72.5714,2026-05-25 00:00:00,16.4,9.9,154.0,3.6,3.2,59.0,33.9,40,0.0,11.2
Ahmedabad,23.0225,72.5714,2026-05-25 01:00:00,21.9,11.6,142.0,3.6,3.3,55.0,32.3,47,0.0,11.8
Ahmedabad,23.0225,72.5714,2026-05-25 02:00:00,26.7,13.3,133.0,3.7,3.5,52.0,31.1,54,0.0,11.9
Ahmedabad,23.0225,72.5714,2026-05-25 03:00:00,28.3,14.3,126.0,4.2,3.9,48.0,29.7,64,0.0,11.2
Ahmedabad,23.0225,72.5714,2026-05-25 04:00:00,26.0,14.2,122.0,4.8,4.3,45.0,28.8,73,0.0,10.5
Ahmedabad,23.0225,72.5714,2026-05-25 05:00:00,28.3,14.6,124.0,5.1,4.7,43.0,28.5,76,0.0,11.9
Ahmedabad,23.0225,72.5714,2026-05-25 06:00:00,24.9,13.3,138.0,5.0,5.0,44.0,28.1,79,0.0,11.7
Ahmedabad,23.0225,72.5714,2026-05-25 07:00:00,41.4,17.9,158.0,4.8,5.4,46.0,28.9,74,0.0,10.8
Ahmedabad,23.0225,72.5714,2026-05-25 08:00:00,40.4,16.9,171.0,4.4,5.6,52.0,30.2,67,0.0,10.4
Ahmedabad,23.0225,72.5714,2026-05-25 09:00:00,51.8,20.1,171.0,3.6,5.4,65.0,32.0,59,0.0,9.6
Ahmedabad,23.0225,72.5714,2026-05-25 10:00:00,66.1,24.1,163.0,2.6,5.0,81.0,34.1,50,0.0,8.3
Ahmedabad,23.0225,72.5714,2026-05-25 11:00:00,86.1,29.0,156.0,1.8,4.5,93.0,36.6,39,0.0,8.1
Ahmedabad,23.0225,72.5714,2026-05-25 12:00:00,99.4,32.5,151.0,1.5,3.9,98.0,38.9,29,0.0,10.0
Ahmedabad,23.0225,72.5714,2026-05-25 13:00:00,100.1,32.9,145.0,1.3,3.3,98.0,40.3,24,0.0,11.3
Ahmedabad,23.0225,72.5714,2026-05-25 14:00:00,91.5,31.1,143.0,1.4,2.8,98.0,41.3,21,0.0,11.8
Ahmedabad,23.0225,72.5714,2026-05-25 15:00:00,83.4,29.3,144.0,1.5,2.6,98.0,41.9,20,0.0,11.8
Ahmedabad,23.0225,72.5714,2026-05-25 16:00:00,79.4,28.9,148.0,1.9,2.5,98.0,42.1,18,0.0,12.1
Ahmedabad,23.0225,72.5714,2026-05-25 17:00:00,55.4,20.7,157.0,2.5,2.7,97.0,41.9,18,0.0,11.6
Ahmedabad,23.0225,72.5714,2026-05-25 18:00:00,57.6,22.6,177.0,3.9,3.2,92.0,41.4,18,0.0,12.9
Ahmedabad,23.0225,72.5714,2026-05-25 19:00:00,55.9,25.8,201.0,5.7,4.0,86.0,37.8,37,0.0,14.4
Ahmedabad,23.0225,72.5714,2026-05-25 20:00:00,61.9,29.9,212.0,6.8,4.4,79.0,35.3,51,0.0,12.5
Ahmedabad,23.0225,72.5714,2026-05-25 21:00:00,68.5,32.5,198.0,6.3,4.2,73.0,34.7,51,0.0,11.2
Ahmedabad,23.0225,72.5714,2026-05-25 22:00:00,68.9,32.8,171.0,5.1,3.7,68.0,34.9,40,0.0,9.8
Ahmedabad,23.0225,72.5714,2026-05-25 23:00:00,70.3,32.1,149.0,4.1,3.3,63.0,34.5,35,0.0,12.5
Ahmedabad,23.0225,72.5714,2026-05-26 00:00:00,69.4,30.6,138.0,3.8,3.2,58.0,32.3,49,0.0,13.4
Ahmedabad,23.0225,72.5714,2026-05-26 01:00:00,66.4,28.9,133.0,3.7,3.3,53.0,31.1,61,0.0,13.5
Ahmedabad,23.0225,72.5714,2026-05-26 02:00:00,61.7,27.0,130.0,3.9,3.5,49.0,30.0,69,0.0,12.6
Ahmedabad,23.0225,72.5714,2026-05-26 03:00:00,56.5,25.4,130.0,4.4,3.9,45.0,29.5,73,0.0,11.9
Ahmedabad,23.0225,72.5714,2026-05-26 04:00:00,52.7,24.1,133.0,5.1,4.6,41.0,29.3,75,0.0,13.1
Ahmedabad,23.0225,72.5714,2026-05-26 05:00:00,46.9,22.7,138.0,5.5,5.0,41.0,28.9,75,0.0,10.4
Ahmedabad,23.0225,72.5714,2026-05-26 06:00:00,44.7,21.4,147.0,5.2,5.2,43.0,29.0,75,0.0,10.7
Ahmedabad,23.0225,72.5714,2026-05-26 07:00:00,56.1,22.7,158.0,4.8,5.5,46.0,29.8,70,0.0,10.3
Ahmedabad,23.0225,72.5714,2026-05-26 08:00:00,69.4,24.6,165.0,4.2,5.7,52.0,31.0,64,0.0,10.1
Ahmedabad,23.0225,72.5714,2026-05-26 09:00:00,76.4,25.7,165.0,3.4,5.8,63.0,32.5,57,0.0,9.5
Ahmedabad,23.0225,72.5714,2026-05-26 10:00:00,82.0,27.1,161.0,2.6,5.7,77.0,34.3,50,0.0,8.9
Ahmedabad,23.0225,72.5714,2026-05-26 11:00:00,91.5,29.2,158.0,1.9,5.5,89.0,36.0,44,0.0,8.5
Ahmedabad,23.0225,72.5714,2026-05-26 12:00:00,102.9,31.3,156.0,1.6,5.0,96.0,38.1,36,0.0,9.1
Ahmedabad,23.0225,72.5714,2026-05-26 13:00:00,113.9,33.1,154.0,1.5,4.4,100.0,39.9,30,0.0,10.4
Ahmedabad,23.0225,72.5714,2026-05-26 14:00:00,119.2,33.8,154.0,1.5,3.9,102.0,41.0,26,0.0,11.1
Ahmedabad,23.0225,72.5714,2026-05-26 15:00:00,121.5,33.8,156.0,1.4,3.5,104.0,41.8,24,0.0,11.3
Ahmedabad,23.0225,72.5714,2026-05-26 16:00:00,121.1,33.3,161.0,1.5,3.1,105.0,42.0,22,0.0,11.0
Ahmedabad,23.0225,72.5714,2026-05-26 17:00:00,95.0,25.2,168.0,2.7,3.0,103.0,42.1,22,0.0,11.3
Ahmedabad,23.0225,72.5714,2026-05-26 18:00:00,85.9,24.2,182.0,6.1,3.9,94.0,41.1,24,0.0,11.3
Ahmedabad,23.0225,72.5714,2026-05-26 19:00:00,65.2,24.1,200.0,10.6,5.1,82.0,37.0,43,0.0,14.5
Ahmedabad,23.0225,72.5714,2026-05-26 20:00:00,56.8,25.4,211.0,13.3,6.0,73.0,34.9,52,0.0,11.7
Ahmedabad,23.0225,72.5714,2026-05-26 21:00:00,47.4,24.0,212.0,12.4,6.2,69.0,33.8,58,0.0,11.0
Ahmedabad,23.0225,72.5714,2026-05-26 22:00:00,39.5,21.7,206.0,9.5,6.1,68.0,33.0,61,0.0,10.4
Ahmedabad,23.0225,72.5714,2026-05-26 23:00:00,36.6,19.9,195.0,7.1,5.8,66.0,32.4,66,0.0,8.8
Ahmedabad,23.0225,72.5714,2026-05-27 00:00:00,37.1,19.4,177.0,5.7,5.1,62.0,32.1,67,0.0,8.2
Ahmedabad,23.0225,72.5714,2026-05-27 01:00:00,39.1,19.6,154.0,4.7,4.2,58.0,32.2,54,0.0,11.1
Ahmedabad,23.0225,72.5714,2026-05-27 02:00:00,40.6,19.7,138.0,4.2,3.7,54.0,31.3,57,0.0,11.6
Ahmedabad,23.0225,72.5714,2026-05-27 03:00:00,40.5,19.5,132.0,4.3,3.8,49.0,30.2,67,0.0,11.9
Ahmedabad,23.0225,72.5714,2026-05-27 04:00:00,38.9,19.2,132.0,4.9,4.3,44.0,29.4,75,0.0,11.4
Ahmedabad,23.0225,72.5714,2026-05-27 05:00:00,36.8,18.7,136.0,5.6,4.9,41.0,29.0,80,0.0,12.5
Ahmedabad,23.0225,72.5714,2026-05-27 06:00:00,34.2,17.3,146.0,5.5,5.6,42.0,28.9,80,0.0,11.8
Ahmedabad,23.0225,72.5714,2026-05-27 07:00:00,40.9,18.8,159.0,5.4,6.6,45.0,29.7,74,0.0,12.9
Ahmedabad,23.0225,72.5714,2026-05-27 08:00:00,44.9,20.1,167.0,5.0,7.1,51.0,31.0,66,0.0,11.0
Ahmedabad,23.0225,72.5714,2026-05-27 09:00:00,46.9,21.2,166.0,4.1,6.7,64.0,32.8,57,0.0,9.9
Ahmedabad,23.0225,72.5714,2026-05-27 10:00:00,47.3,21.5,159.0,2.8,5.8,80.0,34.7,50,0.0,10.0
Ahmedabad,23.0225,72.5714,2026-05-27 11:00:00,47.4,21.0,154.0,1.9,4.9,93.0,36.4,42,0.0,7.5
Ahmedabad,23.0225,72.5714,2026-05-27 12:00:00,49.7,20.2,152.0,1.5,4.2,99.0,38.5,34,0.0,7.6
Ahmedabad,23.0225,72.5714,2026-05-27 13:00:00,56.5,20.3,151.0,1.4,3.4,100.0,40.1,29,0.0,8.9
Ahmedabad,23.0225,72.5714,2026-05-27 14:00:00,64.3,21.1,151.0,1.5,2.9,101.0,41.3,24,0.0,10.3
Ahmedabad,23.0225,72.5714,2026-05-27 15:00:00,69.6,21.8,153.0,1.4,2.5,102.0,42.1,21,0.0,10.8
Ahmedabad,23.0225,72.5714,2026-05-27 16:00:00,72.9,22.3,156.0,1.5,2.3,103.0,42.2,19,0.0,11.1
Ahmedabad,23.0225,72.5714,2026-05-27 17:00:00,60.3,19.4,163.0,2.7,2.7,99.0,42.6,16,0.0,13.4
Ahmedabad,23.0225,72.5714,2026-05-27 18:00:00,60.5,20.1,176.0,6.4,3.7,90.0,42.0,17,0.0,11.4
Ahmedabad,23.0225,72.5714,2026-05-27 19:00:00,52.4,22.2,192.0,11.3,5.1,78.0,37.5,41,0.0,15.1
Ahmedabad,23.0225,72.5714,2026-05-27 20:00:00,50.8,24.5,202.0,14.3,6.1,68.0,34.8,53,0.0,12.8
Ahmedabad,23.0225,72.5714,2026-05-27 21:00:00,43.8,23.0,204.0,13.4,6.4,64.0,33.7,58,0.0,11.1
Ahmedabad,23.0225,72.5714,2026-05-27 22:00:00,36.4,20.7,201.0,10.5,6.3,62.0,32.7,63,0.0,9.7
Ahmedabad,23.0225,72.5714,2026-05-27 23:00:00,32.7,19.4,191.0,8.0,6.0,60.0,32.2,66,0.0,8.0
Ahmedabad,23.0225,72.5714,2026-05-28 00:00:00,33.3,19.0,171.0,6.7,5.3,57.0,31.6,69,0.0,5.6
Ahmedabad,23.0225,72.5714,2026-05-28 01:00:00,36.6,19.7,144.0,5.7,4.5,53.0,32.0,62,0.0,12.0
Ahmedabad,23.0225,72.5714,2026-05-28 02:00:00,39.3,20.5,126.0,5.1,4.0,50.0,30.8,68,0.0,11.9
Ahmedabad,23.0225,72.5714,2026-05-28 03:00:00,39.8,21.0,123.0,5.1,4.3,46.0,30.2,71,0.0,11.3
Ahmedabad,23.0225,72.5714,2026-05-28 04:00:00,39.0,21.1,127.0,5.5,5.0,42.0,29.9,72,0.0,10.4
Ahmedabad,23.0225,72.5714,2026-05-28 05:00:00,37.5,20.8,134.0,5.8,5.4,40.0,29.7,72,0.0,11.2
Ahmedabad,23.0225,72.5714,2026-05-28 06:00:00,37.4,20.1,143.0,5.5,5.7,42.0,29.1,73,0.0,11.9
Ahmedabad,23.0225,72.5714,2026-05-28 07:00:00,45.5,21.8,154.0,5.0,6.1,45.0,29.8,69,0.0,11.4
Ahmedabad,23.0225,72.5714,2026-05-28 08:00:00,53.2,23.7,161.0,4.4,6.3,51.0,30.9,63,0.0,10.2
Ahmedabad,23.0225,72.5714,2026-05-28 09:00:00,55.2,24.5,160.0,3.6,6.4,64.0,32.5,57,0.0,9.9
Ahmedabad,23.0225,72.5714,2026-05-28 10:00:00,56.6,25.6,155.0,2.8,6.3,80.0,34.6,49,0.0,10.4
Ahmedabad,23.0225,72.5714,2026-05-28 11:00:00,58.3,25.8,150.0,2.1,6.0,93.0,36.8,42,0.0,11.1
Ahmedabad,23.0225,72.5714,2026-05-28 12:00:00,59.1,25.4,147.0,1.7,5.4,100.0,38.9,34,0.0,12.2
Ahmedabad,23.0225,72.5714,2026-05-28 13:00:00,60.3,24.6,145.0,1.6,4.6,104.0,40.5,29,0.0,13.7
Ahmedabad,23.0225,72.5714,2026-05-28 14:00:00,60.8,23.7,145.0,1.6,3.9,106.0,41.7,26,0.0,14.5
Ahmedabad,23.0225,72.5714,2026-05-28 15:00:00,60.3,23.0,150.0,1.7,3.4,107.0,42.5,24,0.0,15.2
Ahmedabad,23.0225,72.5714,2026-05-28 16:00:00,59.1,22.7,157.0,2.1,3.1,107.0,43.1,22,0.0,16.1
Ahmedabad,23.0225,72.5714,2026-05-28 17:00:00,33.3,14.6,164.0,2.7,3.0,104.0,41.0,30,0.0,16.0
Ahmedabad,23.0225,72.5714,2026-05-28 18:00:00,34.0,15.7,171.0,3.9,3.7,100.0,38.4,41,0.0,15.0
Ahmedabad,23.0225,72.5714,2026-05-28 19:00:00,32.8,17.8,178.0,5.5,4.6,94.0,36.8,48,0.0,14.2
Ahmedabad,23.0225,72.5714,2026-05-28 20:00:00,36.7,20.7,182.0,6.6,5.2,87.0,34.3,56,0.0,12.0
Ahmedabad,23.0225,72.5714,2026-05-28 21:00:00,43.0,23.2,184.0,6.7,5.3,78.0,33.4,61,0.0,8.3
Ahmedabad,23.0225,72.5714,2026-05-28 22:00:00,47.1,24.9,184.0,6.2,5.1,68.0,33.3,63,0.0,7.6
Ahmedabad,23.0225,72.5714,2026-05-28 23:00:00,49.4,25.7,179.0,5.8,5.0,59.0,32.9,64,0.0,8.2
Ahmedabad,23.0225,72.5714,2026-05-29 00:00:00,49.0,25.6,166.0,5.6,5.0,53.0,32.5,59,0.0,9.4
Ahmedabad,23.0225,72.5714,2026-05-29 01:00:00,47.6,25.3,149.0,5.3,5.1,48.0,31.9,62,0.0,8.0
Ahmedabad,23.0225,72.5714,2026-05-29 02:00:00,46.2,25.1,135.0,5.2,5.1,44.0,31.4,64,0.0,11.0
Ahmedabad,23.0225,72.5714,2026-05-29 03:00:00,46.0,25.2,128.0,5.3,5.2,41.0,30.9,65,0.0,12.4
Ahmedabad,23.0225,72.5714,2026-05-29 04:00:00,46.6,25.3,125.0,5.5,5.2,38.0,29.9,67,0.0,14.4
Ahmedabad,23.0225,72.5714,2026-05-29 05:00:00,43.3,25.0,125.0,5.7,5.4,38.0,29.2,69,0.0,13.2
Ahmedabad,23.0225,72.5714,2026-05-29 06:00:00,44.4,24.5,131.0,5.1,5.1,40.0,28.9,72,0.0,13.0
Ahmedabad,23.0225,72.5714,2026-05-29 07:00:00,47.5,23.5,141.0,4.3,4.7,44.0,29.8,68,0.0,16.1
Ahmedabad,23.0225,72.5714,2026-05-29 08:00:00,49.0,22.6,147.0,3.5,4.4,50.0,31.1,63,0.0,15.4
Ahmedabad,23.0225,72.5714,2026-05-29 09:00:00,47.4,21.7,146.0,2.8,4.3,60.0,32.9,56,0.0,14.8
Ahmedabad,23.0225,72.5714,2026-05-29 10:00:00,48.5,21.7,141.0,2.1,4.2,72.0,34.9,49,0.0,14.2
Ahmedabad,23.0225,72.5714,2026-05-29 11:00:00,49.5,21.8,137.0,1.6,4.1,82.0,37.1,42,0.0,13.3
Ahmedabad,23.0225,72.5714,2026-05-29 12:00:00,50.2,21.9,136.0,1.3,3.7,88.0,38.8,37,0.0,14.8
Ahmedabad,23.0225,72.5714,2026-05-29 13:00:00,51.8,22.2,135.0,1.2,3.2,91.0,40.5,31,0.0,15.9
Ahmedabad,23.0225,72.5714,2026-05-29 14:00:00,54.4,22.8,137.0,1.3,2.8,94.0,41.8,27,0.0,17.0
Ahmedabad,23.0225,72.5714,2026-05-29 15:00:00,56.2,23.3,140.0,1.5,2.7,96.0,42.3,25,0.0,18.1
Ahmedabad,23.0225,72.5714,2026-05-29 16:00:00,58.2,24.0,144.0,1.8,2.8,98.0,42.4,25,0.0,17.9
Ahmedabad,23.0225,72.5714,2026-05-29 17:00:00,48.3,20.0,153.0,2.4,2.9,97.0,41.4,28,0.0,15.9
Ahmedabad,23.0225,72.5714,2026-05-29 18:00:00,46.8,20.6,174.0,3.1,3.3,93.0,38.0,41,0.0,17.2
Ahmedabad,23.0225,72.5714,2026-05-29 19:00:00,41.6,21.2,199.0,4.1,3.9,88.0,34.8,54,0.0,16.1
Ahmedabad,23.0225,72.5714,2026-05-29 20:00:00,40.3,22.1,212.0,4.8,4.3,82.0,34.1,58,0.0,8.9
Ahmedabad,23.0225,72.5714,2026-05-29 21:00:00,41.8,23.1,202.0,4.8,4.3,75.0,33.9,60,0.0,6.7
Ahmedabad,23.0225,72.5714,2026-05-29 22:00:00,44.1,23.9,180.0,4.5,4.2,67.0,34.3,49,0.0,7.4
Ahmedabad,23.0225,72.5714,2026-05-29 23:00:00,45.9,24.3,160.0,4.3,4.1,60.0,33.5,49,0.0,9.2
Ahmedabad,23.0225,72.5714,2026-05-30 00:00:00,45.8,24.1,146.0,4.2,4.2,55.0,32.2,58,0.0,10.6
Ahmedabad,23.0225,72.5714,2026-05-30 01:00:00,44.8,23.7,133.0,4.2,4.3,50.0,31.3,64,0.0,9.1
Ahmedabad,23.0225,72.5714,2026-05-30 02:00:00,43.5,23.4,124.0,4.2,4.4,47.0,30.9,67,0.0,6.4
Ahmedabad,23.0225,72.5714,2026-05-30 03:00:00,42.4,22.9,118.0,4.3,4.4,44.0,30.7,65,0.0,10.2
Ahmedabad,23.0225,72.5714,2026-05-30 04:00:00,41.7,22.5,116.0,4.4,4.3,43.0,30.1,65,0.0,14.1
Ahmedabad,23.0225,72.5714,2026-05-30 05:00:00,47.4,23.7,119.0,4.2,4.7,45.0,29.8,65,0.0,11.7
Ahmedabad,23.0225,72.5714,2026-05-30 06:00:00,48.3,23.3,131.0,4.1,4.9,46.0,29.8,65,0.0,5.9
Ahmedabad,23.0225,72.5714,2026-05-30 07:00:00,51.6,22.8,148.0,4.0,5.1,48.0,30.3,63,0.0,6.3
Ahmedabad,23.0225,72.5714,2026-05-30 08:00:00,53.1,22.9,158.0,3.7,5.2,53.0,31.4,59,0.0,9.6
Ahmedabad,23.0225,72.5714,2026-05-30 09:00:00,55.6,22.8,155.0,3.0,5.1,62.0,32.9,52,0.0,12.2
Ahmedabad,23.0225,72.5714,2026-05-30 10:00:00,58.9,23.2,145.0,2.2,4.9,73.0,34.6,45,0.0,13.5
Ahmedabad,23.0225,72.5714,2026-05-30 11:00:00,59.5,22.8,137.0,1.6,4.6,82.0,36.2,40,0.0,14.7
Ahmedabad,23.0225,72.5714,2026-05-30 12:00:00,60.5,22.5,134.0,1.3,4.2,87.0,37.5,37,0.0,16.2
Ahmedabad,23.0225,72.5714,2026-05-30 13:00:00,63.1,22.4,133.0,1.3,3.6,89.0,38.6,33,0.0,16.9
Ahmedabad,23.0225,72.5714,2026-05-30 14:00:00,64.7,22.4,134.0,1.4,3.2,91.0,39.3,32,0.0,16.3
Ahmedabad,23.0225,72.5714,2026-05-30 15:00:00,63.6,22.0,137.0,1.6,2.9,92.0,40.1,30,0.0,14.9
Ahmedabad,23.0225,72.5714,2026-05-30 16:00:00,59.0,21.4,142.0,1.9,2.7,92.0,40.7,29,0.0,15.2
Ahmedabad,23.0225,72.5714,2026-05-30 17:00:00,41.8,16.8,148.0,2.6,2.8,88.0,38.6,40,0.0,15.1
Ahmedabad,23.0225,72.5714,2026-05-30 18:00:00,39.6,17.7,157.0,3.9,3.3,84.0,36.7,46,0.0,17.7
Ahmedabad,23.0225,72.5714,2026-05-30 19:00:00,35.4,19.0,167.0,5.8,4.0,78.0,33.7,57,0.0,16.7
Ahmedabad,23.0225,72.5714,2026-05-30 20:00:00,34.3,20.4,177.0,6.9,4.5,73.0,33.0,61,0.0,14.2
Ahmedabad,23.0225,72.5714,2026-05-30 21:00:00,35.0,21.2,186.0,6.6,4.5,69.0,32.9,63,0.0,9.5
Ahmedabad,23.0225,72.5714,2026-05-30 22:00:00,36.4,21.8,195.0,5.6,4.3,66.0,32.9,64,0.0,9.4
Ahmedabad,23.0225,72.5714,2026-05-30 23:00:00,37.3,22.0,200.0,5.1,4.4,63.0,27.6,76,0.7,17.7
Ahmedabad,23.0225,72.5714,2026-05-31 00:00:00,46.3,24.2,198.0,5.9,5.1,58.0,26.6,79,1.2,7.6
Ahmedabad,23.0225,72.5714,2026-05-31 01:00:00,76.1,32.4,192.0,7.2,6.0,53.0,27.7,78,0.1,7.9
Ahmedabad,23.0225,72.5714,2026-05-31 02:00:00,61.9,30.4,188.0,7.9,6.6,49.0,27.6,79,0.0,7.7
Ahmedabad,23.0225,72.5714,2026-05-31 03:00:00,57.5,29.0,188.0,7.5,6.5,45.0,27.6,78,0.0,5.8
Ahmedabad,23.0225,72.5714,2026-05-31 04:00:00,51.6,27.1,191.0,6.6,5.9,42.0,27.9,76,0.0,3.6
Ahmedabad,23.0225,72.5714,2026-05-31 05:00:00,37.0,22.5,194.0,13.7,12.6,39.0,25.0,91,0.0,7.1
Ahmedabad,23.0225,72.5714,2026-05-31 06:00:00,37.4,23.2,202.0,11.9,12.1,41.0,25.7,86,0.0,5.5
Ahmedabad,23.0225,72.5714,2026-05-31 07:00:00,39.2,24.0,210.0,9.3,11.2,44.0,27.4,77,0.0,6.1
Ahmedabad,23.0225,72.5714,2026-05-31 08:00:00,38.4,23.2,209.0,6.9,10.0,49.0,29.8,68,0.0,6.3
Ahmedabad,23.0225,72.5714,2026-05-31 09:00:00,32.7,18.5,188.0,4.9,7.9,55.0,32.0,61,0.0,9.6
Ahmedabad,23.0225,72.5714,2026-05-31 10:00:00,32.4,16.6,158.0,3.0,5.5,63.0,33.6,53,0.0,9.3
Ahmedabad,23.0225,72.5714,2026-05-31 11:00:00,37.5,16.0,135.0,1.7,3.6,70.0,35.2,49,0.0,8.3
Ahmedabad,23.0225,72.5714,2026-05-31 12:00:00,53.7,16.8,128.0,1.1,2.8,76.0,36.5,45,0.0,8.8
Ahmedabad,23.0225,72.5714,2026-05-31 13:00:00,72.9,20.0,128.0,0.9,2.7,82.0,37.4,40,0.0,10.9
Ahmedabad,23.0225,72.5714,2026-05-31 14:00:00,65.4,18.9,131.0,1.0,2.6,86.0,38.2,37,0.0,10.5
Ahmedabad,23.0225,72.5714,2026-05-31 15:00:00,68.5,19.8,136.0,1.0,2.4,90.0,38.7,36,0.0,8.3
Ahmedabad,23.0225,72.5714,2026-05-31 16:00:00,74.5,21.4,143.0,1.1,2.3,92.0,39.2,33,0.0,5.4
Ahmedabad,23.0225,72.5714,2026-05-31 17:00:00,75.9,19.3,149.0,1.9,2.5,89.0,38.7,30,0.0,13.0
Ahmedabad,23.0225,72.5714,2026-05-31 18:00:00,79.4,20.4,154.0,5.9,3.7,80.0,35.4,47,0.0,14.1
Ahmedabad,23.0225,72.5714,2026-05-31 19:00:00,65.2,22.6,157.0,11.2,5.4,67.0,34.1,55,0.0,13.0
Ahmedabad,23.0225,72.5714,2026-05-31 20:00:00,82.7,30.7,161.0,14.6,6.6,57.0,32.9,58,0.0,13.2
Ahmedabad,23.0225,72.5714,2026-05-31 21:00:00,65.0,29.2,163.0,14.1,7.1,54.0,31.8,64,0.0,11.5
Ahmedabad,23.0225,72.5714,2026-05-31 22:00:00,47.7,26.1,165.0,11.7,7.2,55.0,31.3,69,0.0,9.8
Ahmedabad,23.0225,72.5714,2026-05-31 23:00:00,38.0,23.6,170.0,9.3,7.0,55.0,31.0,74,0.0,6.2
Ahmedabad,23.0225,72.5714,2026-06-01 00:00:00,34.8,22.4,183.0,7.6,6.2,54.0,30.7,75,0.0,4.1
Ahmedabad,23.0225,72.5714,2026-06-01 01:00:00,36.8,22.5,199.0,6.1,5.0,54.0,30.8,72,0.0,8.9
Ahmedabad,23.0225,72.5714,2026-06-01 02:00:00,39.2,22.7,203.0,5.0,4.1,52.0,30.7,64,0.0,10.8
Ahmedabad,23.0225,72.5714,2026-06-01 03:00:00,39.0,22.2,182.0,4.6,3.8,48.0,30.1,68,0.0,8.9
Ahmedabad,23.0225,72.5714,2026-06-01 04:00:00,37.3,21.3,150.0,4.6,3.9,43.0,29.8,71,0.0,9.0
Ahmedabad,23.0225,72.5714,2026-06-01 05:00:00,36.2,20.8,130.0,4.7,4.0,41.0,29.7,74,0.0,6.9
Ahmedabad,23.0225,72.5714,2026-06-01 06:00:00,34.9,20.3,137.0,4.6,4.7,42.0,29.8,74,0.0,6.0
Ahmedabad,23.0225,72.5714,2026-06-01 07:00:00,38.0,20.3,156.0,4.5,5.7,44.0,30.8,68,0.0,7.3
Ahmedabad,23.0225,72.5714,2026-06-01 08:00:00,41.2,20.8,168.0,4.2,6.3,49.0,32.1,62,0.0,6.7
Ahmedabad,23.0225,72.5714,2026-06-01 09:00:00,46.7,22.0,165.0,3.5,6.3,61.0,33.4,56,0.0,5.4
Ahmedabad,23.0225,72.5714,2026-06-01 10:00:00,52.5,23.4,156.0,2.5,6.0,77.0,34.9,50,0.0,5.1
Ahmedabad,23.0225,72.5714,2026-06-01 11:00:00,54.8,23.7,148.0,1.8,5.6,89.0,35.9,48,0.0,6.9
Ahmedabad,23.0225,72.5714,2026-06-01 12:00:00,54.1,23.1,144.0,1.5,5.3,95.0,36.3,46,0.0,8.5
Ahmedabad,23.0225,72.5714,2026-06-01 13:00:00,54.2,22.5,141.0,1.4,4.9,98.0,37.6,41,0.0,8.2
Ahmedabad,23.0225,72.5714,2026-06-01 14:00:00,54.9,22.0,141.0,1.5,4.5,99.0,38.6,36,0.0,9.8
Ahmedabad,23.0225,72.5714,2026-06-01 15:00:00,56.2,21.7,144.0,1.1,3.9,99.0,39.1,34,0.0,10.0
Ahmedabad,23.0225,72.5714,2026-06-01 16:00:00,57.4,21.7,150.0,0.9,3.4,97.0,39.3,31,0.0,9.4
Ahmedabad,23.0225,72.5714,2026-06-01 17:00:00,64.7,23.9,157.0,2.6,3.4,91.0,39.9,29,0.0,13.7
Ahmedabad,23.0225,72.5714,2026-06-01 18:00:00,60.5,23.2,165.0,6.8,4.2,80.0,38.0,37,0.0,15.3
Ahmedabad,23.0225,72.5714,2026-06-01 19:00:00,50.4,24.1,173.0,12.7,5.4,64.0,35.3,47,0.0,14.4
Ahmedabad,23.0225,72.5714,2026-06-01 20:00:00,53.1,28.1,179.0,17.5,6.5,51.0,34.3,51,0.0,13.3
Ahmedabad,23.0225,72.5714,2026-06-01 21:00:00,55.5,30.7,181.0,20.6,7.7,42.0,33.5,54,0.0,10.6
Ahmedabad,23.0225,72.5714,2026-06-01 22:00:00,55.8,31.8,182.0,22.7,8.9,34.0,28.7,68,0.2,13.2
Ahmedabad,23.0225,72.5714,2026-06-01 23:00:00,52.2,31.9,182.0,22.5,9.3,31.0,26.4,82,6.3,13.2
Ahmedabad,23.0225,72.5714,2026-06-02 00:00:00,39.8,26.3,184.0,18.6,8.1,33.0,26.1,83,0.4,12.4
Ahmedabad,23.0225,72.5714,2026-06-02 01:00:00,34.9,22.9,186.0,12.5,6.1,39.0,26.2,80,0.1,10.8
Ahmedabad,23.0225,72.5714,2026-06-02 02:00:00,39.5,23.5,183.0,7.8,4.6,44.0,26.2,81,0.1,6.7
Ahmedabad,23.0225,72.5714,2026-06-02 03:00:00,46.8,25.7,165.0,6.0,4.3,44.0,25.9,85,0.0,8.9
Ahmedabad,23.0225,72.5714,2026-06-02 04:00:00,48.4,26.3,141.0,5.6,4.6,43.0,26.0,87,0.0,7.8
Ahmedabad,23.0225,72.5714,2026-06-02 05:00:00,62.4,37.1,137.0,21.1,21.7,25.0,24.1,86,0.0,12.9
Ahmedabad,23.0225,72.5714,2026-06-02 06:00:00,57.4,35.4,175.0,19.1,22.4,26.0,24.1,88,0.0,4.6
Ahmedabad,23.0225,72.5714,2026-06-02 07:00:00,58.2,35.0,231.0,16.3,23.2,29.0,24.7,87,0.0,3.5
Ahmedabad,23.0225,72.5714,2026-06-02 08:00:00,61.0,34.7,263.0,13.1,22.1,37.0,26.3,81,0.0,3.6
Ahmedabad,23.0225,72.5714,2026-06-02 09:00:00,70.3,35.5,242.0,9.3,17.5,56.0,29.1,70,0.0,4.1
Ahmedabad,23.0225,72.5714,2026-06-02 10:00:00,77.1,35.7,196.0,5.1,11.1,79.0,31.2,64,0.0,4.0
Ahmedabad,23.0225,72.5714,2026-06-02 11:00:00,75.9,34.1,162.0,2.1,6.2,97.0,33.2,55,0.0,9.5
Ahmedabad,23.0225,72.5714,2026-06-02 12:00:00,70.5,31.5,154.0,1.0,4.4,103.0,34.3,49,0.0,6.8
Ahmedabad,23.0225,72.5714,2026-06-02 13:00:00,68.7,30.2,158.0,1.2,4.1,102.0,35.4,44,0.0,5.1
Ahmedabad,23.0225,72.5714,2026-06-02 14:00:00,66.6,28.8,166.0,1.5,4.1,101.0,36.1,42,0.0,4.4
Ahmedabad,23.0225,72.5714,2026-06-02 15:00:00,65.2,27.6,176.0,0.8,3.7,102.0,36.7,39,0.0,3.2
Ahmedabad,23.0225,72.5714,2026-06-02 16:00:00,65.0,27.1,190.0,0.3,3.4,103.0,37.0,38,0.0,2.4
Ahmedabad,23.0225,72.5714,2026-06-02 17:00:00,61.0,25.9,208.0,3.3,4.0,107.0,36.7,39,0.0,3.9
Ahmedabad,23.0225,72.5714,2026-06-02 18:00:00,59.6,25.7,239.0,15.8,6.5,87.0,36.3,40,0.0,1.3
Ahmedabad,23.0225,72.5714,2026-06-02 19:00:00,64.5,33.3,273.0,33.0,10.0,60.0,35.7,41,0.0,1.5
Ahmedabad,23.0225,72.5714,2026-06-02 20:00:00,77.8,45.8,288.0,44.8,12.9,39.0,35.5,42,0.0,3.6
Ahmedabad,23.0225,72.5714,2026-06-02 21:00:00,84.3,52.5,265.0,46.8,14.3,31.0,33.8,51,0.0,8.6
Ahmedabad,23.0225,72.5714,2026-06-02 22:00:00,81.5,51.7,222.0,43.5,15.1,30.0,32.1,61,0.0,8.8
Ahmedabad,23.0225,72.5714,2026-06-02 23:00:00,72.4,46.6,188.0,38.7,16.0,29.0,31.1,66,0.0,11.4
Ahmedabad,23.0225,72.5714,2026-06-03 00:00:00,56.8,37.5,176.0,32.5,17.7,28.0,30.5,73,0.0,10.7
Ahmedabad,23.0225,72.5714,2026-06-03 01:00:00,45.1,29.9,173.0,24.7,19.4,27.0,30.1,76,0.0,8.6
Ahmedabad,23.0225,72.5714,2026-06-03 02:00:00,38.5,25.3,174.0,18.5,19.9,27.0,29.9,78,0.0,6.1
Ahmedabad,23.0225,72.5714,2026-06-03 03:00:00,35.5,22.8,180.0,15.7,18.3,26.0,29.6,79,0.0,7.0
Ahmedabad,23.0225,72.5714,2026-06-03 04:00:00,33.9,21.8,190.0,14.5,15.5,25.0,29.4,81,0.0,7.6
Ahmedabad,23.0225,72.5714,2026-06-03 05:00:00,38.2,24.4,197.0,10.9,5.6,29.0,29.5,82,0.0,6.3
Ahmedabad,23.0225,72.5714,2026-06-03 06:00:00,39.2,24.9,198.0,9.5,5.5,34.0,29.3,84,0.0,4.7
Ahmedabad,23.0225,72.5714,2026-06-03 07:00:00,45.1,25.6,197.0,7.6,5.3,42.0,30.7,74,0.0,7.6
Ahmedabad,23.0225,72.5714,2026-06-03 08:00:00,49.9,26.1,193.0,5.8,5.1,52.0,32.0,65,0.0,8.2
Ahmedabad,23.0225,72.5714,2026-06-03 09:00:00,54.2,27.2,186.0,4.3,4.9,66.0,33.6,58,0.0,3.6
Ahmedabad,23.0225,72.5714,2026-06-03 10:00:00,59.0,28.7,177.0,2.9,4.7,83.0,35.5,50,0.0,4.6
Ahmedabad,23.0225,72.5714,2026-06-03 11:00:00,63.1,29.4,171.0,1.9,4.6,97.0,36.6,44,0.1,5.3
Ahmedabad,23.0225,72.5714,2026-06-03 12:00:00,74.3,30.7,170.0,1.5,4.7,105.0,37.4,41,0.1,5.4
Ahmedabad,23.0225,72.5714,2026-06-03 13:00:00,82.2,31.8,172.0,1.4,4.9,109.0,38.4,38,0.0,4.5
Ahmedabad,23.0225,72.5714,2026-06-03 14:00:00,88.2,33.1,175.0,1.6,5.0,112.0,39.0,36,0.0,5.1
Ahmedabad,23.0225,72.5714,2026-06-03 15:00:00,88.7,32.9,179.0,1.2,4.9,114.0,39.4,35,0.1,4.9
Ahmedabad,23.0225,72.5714,2026-06-03 16:00:00,87.5,32.6,184.0,1.0,4.8,115.0,38.9,36,0.1,7.1
Ahmedabad,23.0225,72.5714,2026-06-03 17:00:00,75.4,30.0,191.0,3.3,5.5,111.0,39.4,31,0.0,7.0
Ahmedabad,23.0225,72.5714,2026-06-03 18:00:00,71.5,29.2,201.0,11.1,6.8,93.0,37.1,40,1.1,7.2
Ahmedabad,23.0225,72.5714,2026-06-03 19:00:00,64.3,32.2,212.0,21.7,8.6,69.0,36.1,45,0.1,12.0
Ahmedabad,23.0225,72.5714,2026-06-03 20:00:00,73.8,38.8,218.0,28.6,9.8,50.0,34.2,51,0.0,15.0
Ahmedabad,23.0225,72.5714,2026-06-03 21:00:00,74.0,41.4,214.0,28.4,9.8,42.0,32.8,57,0.0,11.2
Ahmedabad,23.0225,72.5714,2026-06-03 22:00:00,64.5,38.4,203.0,24.5,9.2,41.0,32.4,63,0.0,9.6
Ahmedabad,23.0225,72.5714,2026-06-03 23:00:00,51.1,32.7,193.0,20.1,8.3,41.0,31.9,65,0.0,11.0
Ahmedabad,23.0225,72.5714,2026-06-04 00:00:00,41.4,27.8,183.0,15.8,7.0,44.0,31.5,68,0.0,9.6
Ahmedabad,23.0225,72.5714,2026-06-04 01:00:00,36.6,24.7,174.0,11.1,5.4,50.0,31.2,68,0.0,7.9
Ahmedabad,23.0225,72.5714,2026-06-04 02:00:00,34.6,22.8,166.0,7.7,4.3,53.0,31.1,66,0.0,7.1
Ahmedabad,23.0225,72.5714,2026-06-04 03:00:00,34.6,22.0,161.0,6.6,4.1,50.0,30.8,67,0.0,5.6
Ahmedabad,23.0225,72.5714,2026-06-04 04:00:00,35.6,22.1,159.0,6.9,4.3,43.0,30.4,70,0.0,3.6
Ahmedabad,23.0225,72.5714,2026-06-04 05:00:00,39.2,23.8,159.0,7.9,4.5,39.0,30.8,67,0.0,6.2
Ahmedabad,23.0225,72.5714,2026-06-04 06:00:00,40.2,24.5,165.0,7.3,5.1,41.0,30.6,68,0.0,6.3
Ahmedabad,23.0225,72.5714,2026-06-04 07:00:00,47.8,25.9,173.0,6.3,5.9,45.0,31.5,62,0.0,9.8
Ahmedabad,23.0225,72.5714,2026-06-04 08:00:00,53.3,27.0,177.0,5.3,6.4,52.0,32.6,57,0.0,9.0
Ahmedabad,23.0225,72.5714,2026-06-04 09:00:00,57.0,27.9,171.0,4.1,6.4,64.0,34.1,52,0.0,8.9
Ahmedabad,23.0225,72.5714,2026-06-04 10:00:00,58.7,28.3,161.0,2.9,6.0,79.0,35.9,45,0.0,9.6
Ahmedabad,23.0225,72.5714,2026-06-04 11:00:00,57.3,27.8,153.0,2.0,5.6,91.0,37.1,43,0.0,9.9
Ahmedabad,23.0225,72.5714,2026-06-04 12:00:00,53.6,26.6,149.0,1.6,5.1,97.0,37.9,40,0.0,11.3
Ahmedabad,23.0225,72.5714,2026-06-04 13:00:00,50.1,25.1,148.0,1.5,4.5,99.0,38.6,37,0.0,11.5
Ahmedabad,23.0225,72.5714,2026-06-04 14:00:00,48.4,24.0,149.0,1.6,4.0,100.0,39.2,35,0.1,11.5
Ahmedabad,23.0225,72.5714,2026-06-04 15:00:00,46.7,22.7,153.0,1.6,3.6,101.0,39.4,34,0.1,13.0
Ahmedabad,23.0225,72.5714,2026-06-04 16:00:00,44.9,21.7,158.0,1.9,3.3,100.0,38.6,34,0.1,13.5
Ahmedabad,23.0225,72.5714,2026-06-04 17:00:00,52.4,24.7,164.0,3.2,3.5,94.0,38.2,39,0.0,12.5
Ahmedabad,23.0225,72.5714,2026-06-04 18:00:00,51.3,24.7,169.0,5.5,4.3,87.0,37.8,41,0.1,10.9
Ahmedabad,23.0225,72.5714,2026-06-04 19:00:00,46.2,25.3,174.0,8.7,5.4,78.0,36.3,45,0.0,15.5
Ahmedabad,23.0225,72.5714,2026-06-04 20:00:00,44.7,26.4,179.0,11.1,6.2,69.0,34.6,55,0.0,16.0
Ahmedabad,23.0225,72.5714,2026-06-04 21:00:00,42.8,26.9,184.0,12.0,6.5,62.0,33.6,61,0.0,16.7
Ahmedabad,23.0225,72.5714,2026-06-04 22:00:00,41.2,27.1,189.0,12.2,6.5,55.0,32.9,63,0.0,14.4
Ahmedabad,23.0225,72.5714,2026-06-04 23:00:00,39.8,26.7,190.0,11.5,6.2,50.0,33.3,59,0.0,8.4
Ahmedabad,23.0225,72.5714,2026-06-05 00:00:00,38.4,25.1,187.0,9.6,5.4,48.0,33.0,60,0.0,7.9
Ahmedabad,23.0225,72.5714,2026-06-05 01:00:00,37.7,23.8,181.0,6.9,4.2,48.0,32.5,62,0.0,8.9
Ahmedabad,23.0225,72.5714,2026-06-05 02:00:00,38.0,22.9,173.0,4.9,3.4,48.0,31.8,62,0.0,12.9
Ahmedabad,23.0225,72.5714,2026-06-05 03:00:00,38.5,22.4,159.0,4.5,3.3,46.0,31.1,64,0.0,11.6
Ahmedabad,23.0225,72.5714,2026-06-05 04:00:00,39.3,22.2,143.0,4.8,3.6,43.0,30.5,67,0.0,11.0
Ahmedabad,23.0225,72.5714,2026-06-05 05:00:00,41.3,24.1,134.0,6.1,5.0,38.0,30.2,69,0.0,10.2
Ahmedabad,23.0225,72.5714,2026-06-05 06:00:00,42.5,24.3,140.0,5.5,4.9,42.0,29.8,73,0.0,7.9
Ahmedabad,23.0225,72.5714,2026-06-05 07:00:00,49.2,24.0,154.0,4.6,4.8,48.0,30.3,70,0.0,10.5
Ahmedabad,23.0225,72.5714,2026-06-05 08:00:00,52.0,23.7,163.0,3.7,4.6,55.0,31.6,64,0.0,8.2
Ahmedabad,23.0225,72.5714,2026-06-05 09:00:00,57.9,25.0,160.0,2.9,4.3,63.0,32.4,59,0.0,3.7
Ahmedabad,23.0225,72.5714,2026-06-05 10:00:00,65.7,27.1,151.0,2.1,3.9,72.0,32.9,57,0.2,6.9
Ahmedabad,23.0225,72.5714,2026-06-05 11:00:00,71.5,28.6,144.0,1.6,3.6,80.0,34.8,50,0.0,9.7
Ahmedabad,23.0225,72.5714,2026-06-05 12:00:00,76.8,30.0,140.0,1.3,3.3,85.0,36.4,44,0.0,11.8
Ahmedabad,23.0225,72.5714,2026-06-05 13:00:00,78.0,30.7,139.0,1.3,3.1,88.0,37.6,42,0.0,11.0
Ahmedabad,23.0225,72.5714,2026-06-05 14:00:00,78.5,31.0,139.0,1.4,2.9,90.0,38.7,38,0.0,12.4
Ahmedabad,23.0225,72.5714,2026-06-05 15:00:00,78.2,30.9,142.0,1.2,2.7,92.0,38.8,37,0.0,12.2
Ahmedabad,23.0225,72.5714,2026-06-05 16:00:00,78.7,30.7,148.0,1.2,2.6,93.0,39.3,35,0.0,10.5
Ahmedabad,23.0225,72.5714,2026-06-05 17:00:00,88.7,33.1,156.0,2.8,2.8,89.0,38.9,36,0.0,12.6
Ahmedabad,23.0225,72.5714,2026-06-05 18:00:00,89.9,33.4,167.0,10.2,4.2,75.0,37.1,45,0.0,12.6
Ahmedabad,23.0225,72.5714,2026-06-05 19:00:00,82.0,36.9,180.0,20.2,6.1,57.0,35.8,50,0.0,12.4
Ahmedabad,23.0225,72.5714,2026-06-05 20:00:00,90.1,42.7,188.0,26.1,7.4,44.0,34.3,57,0.0,12.6
Ahmedabad,23.0225,72.5714,2026-06-05 21:00:00,82.4,41.8,188.0,24.0,7.6,44.0,33.4,62,0.0,10.2
Ahmedabad,23.0225,72.5714,2026-06-05 22:00:00,69.8,37.5,184.0,17.7,7.2,50.0,33.0,65,0.0,8.5
Ahmedabad,23.0225,72.5714,2026-06-05 23:00:00,61.5,33.3,179.0,12.2,6.6,55.0,32.8,66,0.0,6.5
Ahmedabad,23.0225,72.5714,2026-06-06 00:00:00,57.7,30.6,176.0,9.1,5.7,56.0,32.3,68,0.0,4.1
Ahmedabad,23.0225,72.5714,2026-06-06 01:00:00,58.3,29.3,172.0,6.8,4.5,55.0,32.3,65,0.0,6.6
Ahmedabad,23.0225,72.5714,2026-06-06 02:00:00,58.6,28.3,166.0,5.3,3.8,53.0,32.0,61,0.0,10.0
Ahmedabad,23.0225,72.5714,2026-06-06 03:00:00,55.6,27.1,155.0,4.9,3.9,49.0,31.3,64,0.0,9.2
Ahmedabad,23.0225,72.5714,2026-06-06 04:00:00,51.8,26.2,143.0,5.3,4.4,43.0,30.8,67,0.0,9.2
Ahmedabad,23.0225,72.5714,2026-06-06 05:00:00,51.3,26.2,137.0,5.2,4.6,42.0,31.0,68,0.0,10.2
Ahmedabad,23.0225,72.5714,2026-06-06 06:00:00,50.4,26.4,143.0,5.1,5.2,43.0,30.8,68,0.0,10.2
Ahmedabad,23.0225,72.5714,2026-06-06 07:00:00,57.9,27.8,156.0,5.0,6.0,45.0,31.4,64,0.0,9.7
Ahmedabad,23.0225,72.5714,2026-06-06 08:00:00,65.7,29.1,163.0,4.6,6.5,50.0,32.5,58,0.0,7.8
Ahmedabad,23.0225,72.5714,2026-06-06 09:00:00,75.9,30.9,158.0,3.8,6.4,62.0,33.9,53,0.0,7.3
Ahmedabad,23.0225,72.5714,2026-06-06 10:00:00,81.7,32.2,148.0,2.7,6.0,78.0,35.5,48,0.0,7.6
Ahmedabad,23.0225,72.5714,2026-06-06 11:00:00,82.7,33.1,141.0,1.9,5.7,91.0,37.4,42,0.0,10.8
Ahmedabad,23.0225,72.5714,2026-06-06 12:00:00,81.7,33.4,140.0,1.6,5.7,98.0,38.5,38,0.0,10.6
Ahmedabad,23.0225,72.5714,2026-06-06 13:00:00,80.8,33.2,142.0,1.5,5.9,103.0,39.3,35,0.0,10.9
Ahmedabad,23.0225,72.5714,2026-06-06 14:00:00,79.6,32.6,145.0,1.6,5.9,105.0,40.0,33,0.0,10.6
Ahmedabad,23.0225,72.5714,2026-06-06 15:00:00,78.7,31.7,148.0,1.3,5.5,106.0,40.3,32,0.0,10.3
Ahmedabad,23.0225,72.5714,2026-06-06 16:00:00,78.5,30.9,153.0,1.3,5.0,105.0,40.5,31,0.0,9.4
Ahmedabad,23.0225,72.5714,2026-06-06 17:00:00,74.0,28.1,158.0,2.8,3.4,93.0,40.0,29,0.1,10.7
Ahmedabad,23.0225,72.5714,2026-06-06 18:00:00,76.4,28.4,165.0,7.7,4.3,81.0,39.0,36,0.0,12.2
Ahmedabad,23.0225,72.5714,2026-06-06 19:00:00,66.8,30.2,172.0,14.3,5.4,65.0,36.4,48,0.0,14.8
Ahmedabad,23.0225,72.5714,2026-06-06 20:00:00,68.0,33.6,178.0,18.2,6.3,54.0,34.7,54,0.0,12.7
Ahmedabad,23.0225,72.5714,2026-06-06 21:00:00,61.9,33.3,185.0,17.0,6.6,53.0,33.7,60,0.0,11.8
Ahmedabad,23.0225,72.5714,2026-06-06 22:00:00,53.1,30.6,190.0,13.1,6.6,58.0,33.3,63,0.0,7.0
Ahmedabad,23.0225,72.5714,2026-06-06 23:00:00,45.6,27.1,188.0,9.6,6.3,61.0,32.9,66,0.0,4.5
Ahmedabad,23.0225,72.5714,2026-06-07 00:00:00,41.8,23.9,170.0,7.6,5.6,60.0,33.1,58,0.0,10.1
Ahmedabad,23.0225,72.5714,2026-06-07 01:00:00,40.7,22.3,145.0,6.1,4.6,58.0,32.2,59,0.0,12.1
Ahmedabad,23.0225,72.5714,2026-06-07 02:00:00,40.4,21.2,126.0,5.1,4.0,55.0,31.4,64,0.0,10.3
Ahmedabad,23.0225,72.5714,2026-06-07 03:00:00,39.6,20.4,121.0,4.7,3.9,51.0,31.0,67,0.0,7.6
Ahmedabad,23.0225,72.5714,2026-06-07 04:00:00,38.9,19.8,122.0,4.8,4.1,47.0,30.7,68,0.0,6.3
Ahmedabad,23.0225,72.5714,2026-06-07 05:00:00,40.2,20.4,127.0,4.6,4.0,47.0,31.0,69,0.0,5.8
Ahmedabad,23.0225,72.5714,2026-06-07 06:00:00,40.0,20.4,136.0,4.4,4.7,48.0,30.9,69,0.0,6.0
Ahmedabad,23.0225,72.5714,2026-06-07 07:00:00,45.6,21.1,147.0,4.1,5.5,49.0,31.5,67,0.0,7.5
Ahmedabad,23.0225,72.5714,2026-06-07 08:00:00,50.4,22.0,154.0,3.7,6.1,54.0,32.6,61,0.0,8.9
Ahmedabad,23.0225,72.5714,2026-06-07 09:00:00,55.4,23.3,151.0,3.0,6.1,65.0,33.9,53,0.0,8.7
Ahmedabad,23.0225,72.5714,2026-06-07 10:00:00,59.8,24.5,143.0,2.1,5.7,78.0,35.3,47,0.0,8.8
Ahmedabad,23.0225,72.5714,2026-06-07 11:00:00,62.2,25.0,136.0,1.5,5.3,89.0,36.7,44,0.0,10.9
Ahmedabad,23.0225,72.5714,2026-06-07 12:00:00,62.9,24.9,133.0,1.2,4.9,95.0,37.9,40,0.0,11.3
Ahmedabad,23.0225,72.5714,2026-06-07 13:00:00,63.1,24.5,132.0,1.1,4.5,98.0,38.9,37,0.0,11.3
Ahmedabad,23.0225,72.5714,2026-06-07 14:00:00,63.6,24.2,132.0,1.2,4.1,99.0,39.7,35,0.0,10.6
Ahmedabad,23.0225,72.5714,2026-06-07 15:00:00,63.8,23.9,135.0,1.2,3.7,100.0,40.4,32,0.0,10.8
Ahmedabad,23.0225,72.5714,2026-06-07 16:00:00,64.5,23.9,139.0,1.3,3.4,99.0,40.6,31,0.0,10.3
Ahmedabad,23.0225,72.5714,2026-06-07 17:00:00,59.5,22.6,142.0,2.1,3.5,95.0,41.4,28,0.0,10.0
Ahmedabad,23.0225,72.5714,2026-06-07 18:00:00,60.3,23.3,143.0,4.4,4.2,87.0,38.6,38,0.0,16.2
Ahmedabad,23.0225,72.5714,2026-06-07 19:00:00,53.9,25.0,144.0,7.5,5.1,77.0,35.4,51,0.0,14.6
Ahmedabad,23.0225,72.5714,2026-06-07 20:00:00,53.4,27.4,146.0,9.4,5.7,69.0,33.9,57,0.0,13.6
Ahmedabad,23.0225,72.5714,2026-06-07 21:00:00,52.0,27.8,152.0,8.9,5.8,68.0,33.1,62,0.0,10.2
Ahmedabad,23.0225,72.5714,2026-06-07 22:00:00,50.3,27.5,159.0,7.2,5.7,69.0,32.9,64,0.0,8.8
Ahmedabad,23.0225,72.5714,2026-06-07 23:00:00,50.9,27.5,160.0,5.7,5.4,70.0,32.7,66,0.0,6.8
Ahmedabad,23.0225,72.5714,2026-06-08 00:00:00,52.6,27.4,151.0,4.8,4.8,68.0,32.9,63,0.0,8.8
Ahmedabad,23.0225,72.5714,2026-06-08 01:00:00,54.5,27.0,137.0,4.2,4.0,65.0,32.2,60,0.0,13.9
Ahmedabad,23.0225,72.5714,2026-06-08 02:00:00,54.0,25.9,126.0,3.8,3.5,61.0,30.9,69,0.0,12.6
Ahmedabad,23.0225,72.5714,2026-06-08 03:00:00,51.3,24.4,122.0,3.9,3.6,57.0,30.7,71,0.0,12.2
Ahmedabad,23.0225,72.5714,2026-06-08 04:00:00,47.6,23.1,122.0,4.3,4.1,52.0,30.4,72,0.0,11.4
Ahmedabad,23.0225,72.5714,2026-06-08 05:00:00,48.9,23.2,126.0,3.7,3.7,54.0,30.9,69,0.0,9.2
Ahmedabad,23.0225,72.5714,2026-06-08 06:00:00,50.5,22.9,136.0,3.9,4.3,55.0,30.8,69,0.0,8.7
Ahmedabad,23.0225,72.5714,2026-06-08 07:00:00,54.9,23.1,150.0,4.1,5.1,56.0,31.5,65,0.0,8.8
Ahmedabad,23.0225,72.5714,2026-06-08 08:00:00,57.7,23.5,158.0,4.0,5.7,60.0,32.7,59,0.0,9.7
Ahmedabad,23.0225,72.5714,2026-06-08 09:00:00,60.5,24.3,154.0,3.4,5.8,70.0,34.5,52,0.0,10.9
Ahmedabad,23.0225,72.5714,2026-06-08 10:00:00,63.8,25.4,145.0,2.5,5.7,84.0,35.7,47,0.0,10.9
Ahmedabad,23.0225,72.5714,2026-06-08 11:00:00,64.5,25.9,138.0,1.8,5.5,94.0,37.0,44,0.0,12.2
Ahmedabad,23.0225,72.5714,2026-06-08 12:00:00,63.8,25.6,136.0,1.5,5.1,99.0,38.3,40,0.0,12.9
Ahmedabad,23.0225,72.5714,2026-06-08 13:00:00,63.3,24.9,137.0,1.3,4.6,101.0,39.4,38,0.0,12.9
Ahmedabad,23.0225,72.5714,2026-06-08 14:00:00,64.7,24.5,139.0,1.4,4.1,102.0,40.4,34,0.0,12.0
Ahmedabad,23.0225,72.5714,2026-06-08 15:00:00,68.0,24.6,145.0,1.5,3.6,103.0,41.1,31,0.0,10.9
Ahmedabad,23.0225,72.5714,2026-06-08 16:00:00,72.4,25.4,152.0,1.8,3.2,102.0,41.5,28,0.0,11.4
Ahmedabad,23.0225,72.5714,2026-06-08 17:00:00,78.0,27.1,157.0,2.7,3.3,100.0,39.7,34,0.0,16.1
Ahmedabad,23.0225,72.5714,2026-06-08 18:00:00,79.2,28.3,156.0,5.0,4.2,93.0,37.8,43,0.0,16.3
Ahmedabad,23.0225,72.5714,2026-06-08 19:00:00,70.5,30.6,153.0,8.0,5.5,84.0,35.3,54,0.0,15.4
Ahmedabad,23.0225,72.5714,2026-06-08 20:00:00,66.6,32.0,154.0,9.9,6.3,76.0,33.8,60,0.0,16.2
Ahmedabad,23.0225,72.5714,2026-06-08 21:00:00,61.5,31.3,167.0,9.6,6.4,73.0,32.8,65,0.0,10.7
Ahmedabad,23.0225,72.5714,2026-06-08 22:00:00,58.3,30.4,184.0,8.1,6.1,72.0,32.4,68,0.0,6.8
Ahmedabad,23.0225,72.5714,2026-06-08 23:00:00,57.9,29.9,190.0,6.6,5.6,70.0,32.5,70,0.0,4.2
Ahmedabad,23.0225,72.5714,2026-06-09 00:00:00,59.8,30.0,174.0,5.5,4.9,67.0,32.8,61,0.0,10.6
Ahmedabad,23.0225,72.5714,2026-06-09 01:00:00,62.6,30.4,147.0,4.4,4.1,63.0,31.9,62,0.0,11.0
Ahmedabad,23.0225,72.5714,2026-06-09 02:00:00,64.0,30.4,127.0,3.7,3.6,60.0,31.4,65,0.0,9.8
Ahmedabad,23.0225,72.5714,2026-06-09 03:00:00,62.4,30.3,121.0,3.7,3.8,56.0,31.0,67,0.0,10.6
Ahmedabad,23.0225,72.5714,2026-06-09 04:00:00,62.9,30.3,123.0,4.1,4.4,53.0,30.7,68,0.0,8.7
Ahmedabad,23.0225,72.5714,2026-06-09 05:00:00,64.3,30.7,127.0,4.3,4.7,52.0,30.7,66,0.0,8.9
Ahmedabad,23.0225,72.5714,2026-06-09 06:00:00,68.2,31.3,135.0,4.3,5.0,55.0,30.6,65,0.0,9.2
Ahmedabad,23.0225,72.5714,2026-06-09 07:00:00,77.3,31.9,145.0,4.2,5.3,59.0,31.3,63,0.0,11.5
Ahmedabad,23.0225,72.5714,2026-06-09 08:00:00,81.0,32.0,152.0,3.9,5.6,65.0,32.4,58,0.0,10.4
Ahmedabad,23.0225,72.5714,2026-06-09 09:00:00,83.8,32.4,150.0,3.3,5.7,75.0,33.9,52,0.0,9.8
Ahmedabad,23.0225,72.5714,2026-06-09 10:00:00,85.2,32.8,145.0,2.4,5.7,88.0,35.3,47,0.0,9.4
Ahmedabad,23.0225,72.5714,2026-06-09 11:00:00,85.9,32.9,140.0,1.8,5.5,98.0,36.9,42,0.0,11.9
Ahmedabad,23.0225,72.5714,2026-06-09 12:00:00,84.3,32.4,138.0,1.5,5.1,103.0,37.7,41,0.0,12.0
Ahmedabad,23.0225,72.5714,2026-06-09 13:00:00,81.7,31.2,137.0,1.4,4.6,104.0,39.1,37,0.0,11.7
Ahmedabad,23.0225,72.5714,2026-06-09 14:00:00,78.0,29.7,138.0,1.5,4.2,105.0,39.9,34,0.0,12.7
Ahmedabad,23.0225,72.5714,2026-06-09 15:00:00,74.3,28.0,143.0,1.7,3.8,105.0,41.0,29,0.0,10.8
Ahmedabad,23.0225,72.5714,2026-06-09 16:00:00,70.5,26.5,151.0,2.0,3.5,104.0,41.3,27,0.0,12.0
Ahmedabad,23.0225,72.5714,2026-06-09 17:00:00,77.3,29.6,158.0,2.7,3.3,101.0,39.1,37,0.1,15.8
Ahmedabad,23.0225,72.5714,2026-06-09 18:00:00,73.6,29.8,161.0,4.0,3.9,96.0,37.3,44,0.0,17.0
Ahmedabad,23.0225,72.5714,2026-06-09 19:00:00,64.0,30.0,164.0,5.9,4.6,90.0,35.2,51,0.0,16.9
Ahmedabad,23.0225,72.5714,2026-06-09 20:00:00,57.5,29.5,167.0,7.0,5.1,83.0,34.1,55,0.0,12.1
Ahmedabad,23.0225,72.5714,2026-06-09 21:00:00,52.6,27.4,176.0,6.8,5.0,77.0,33.5,60,0.0,8.5
Ahmedabad,23.0225,72.5714,2026-06-09 22:00:00,50.3,26.3,186.0,5.8,4.7,72.0,34.0,55,0.0,10.0
Ahmedabad,23.0225,72.5714,2026-06-09 23:00:00,50.4,25.9,188.0,5.0,4.4,67.0,33.8,52,0.0,9.6
Ahmedabad,23.0225,72.5714,2026-06-10 00:00:00,51.7,25.4,172.0,4.5,4.2,62.0,33.3,55,0.0,11.0
Ahmedabad,23.0225,72.5714,2026-06-10 01:00:00,51.1,25.6,148.0,4.1,4.0,58.0,32.5,62,0.0,12.6
Ahmedabad,23.0225,72.5714,2026-06-10 02:00:00,50.9,25.9,129.0,3.9,3.9,54.0,32.0,64,0.0,9.4
Ahmedabad,23.0225,72.5714,2026-06-10 03:00:00,50.4,26.3,122.0,4.0,4.0,52.0,31.8,62,0.0,12.2
Ahmedabad,23.0225,72.5714,2026-06-10 04:00:00,50.5,26.5,120.0,4.3,4.3,50.0,31.3,64,0.0,12.9
Ahmedabad,23.0225,72.5714,2026-06-10 05:00:00,50.2,26.4,122.0,4.4,4.5,50.0,30.7,67,0.0,12.0
Ahmedabad,23.0225,72.5714,2026-06-10 06:00:00,52.9,26.8,128.0,4.1,4.3,52.0,30.6,68,0.0,12.4
Ahmedabad,23.0225,72.5714,2026-06-10 07:00:00,61.7,27.6,137.0,3.6,4.0,56.0,31.3,64,0.0,12.4
Ahmedabad,23.0225,72.5714,2026-06-10 08:00:00,64.0,27.9,143.0,3.1,3.8,61.0,32.4,58,0.0,11.6
Ahmedabad,23.0225,72.5714,2026-06-10 09:00:00,66.6,28.0,141.0,2.5,3.8,69.0,33.9,50,0.0,11.7
Ahmedabad,23.0225,72.5714,2026-06-10 10:00:00,66.8,27.6,135.0,1.9,3.8,78.0,35.5,44,0.0,11.8
Ahmedabad,23.0225,72.5714,2026-06-10 11:00:00,65.0,26.9,131.0,1.5,3.8,86.0,36.7,42,0.0,12.3
Ahmedabad,23.0225,72.5714,2026-06-10 12:00:00,61.9,26.0,130.0,1.3,3.7,92.0,38.1,39,0.0,10.2
Ahmedabad,23.0225,72.5714,2026-06-10 13:00:00,57.5,24.7,132.0,1.4,3.6,97.0,39.3,35,0.0,10.0
Ahmedabad,23.0225,72.5714,2026-06-10 14:00:00,51.7,23.1,134.0,1.5,3.5,100.0,40.4,33,0.0,10.5
Ahmedabad,23.0225,72.5714,2026-06-10 15:00:00,45.6,21.4,138.0,1.7,3.3,103.0,41.2,32,0.0,12.1
Ahmedabad,23.0225,72.5714,2026-06-10 16:00:00,40.9,19.8,144.0,2.0,3.0,104.0,41.5,29,0.0,13.7
Ahmedabad,23.0225,72.5714,2026-06-10 17:00:00,39.5,19.8,149.0,2.8,3.2,101.0,40.6,35,0.0,15.8
Ahmedabad,23.0225,72.5714,2026-06-10 18:00:00,39.3,20.2,152.0,4.6,4.1,95.0,36.9,48,0.0,19.2
Ahmedabad,23.0225,72.5714,2026-06-10 19:00:00,39.0,21.9,156.0,7.0,5.3,88.0,35.0,54,0.0,17.7
Ahmedabad,23.0225,72.5714,2026-06-10 20:00:00,41.9,24.0,163.0,8.6,6.1,80.0,33.8,58,0.0,15.5
Ahmedabad,23.0225,72.5714,2026-06-10 21:00:00,45.1,25.0,182.0,8.8,6.2,73.0,32.8,62,0.0,12.2
Ahmedabad,23.0225,72.5714,2026-06-10 22:00:00,47.5,25.6,206.0,8.3,6.0,66.0,32.5,65,0.0,6.2
Ahmedabad,23.0225,72.5714,2026-06-10 23:00:00,49.9,25.9,213.0,7.5,5.6,61.0,32.6,66,0.0,3.9
Ahmedabad,23.0225,72.5714,2026-06-11 00:00:00,51.3,25.4,188.0,6.3,5.0,57.0,32.7,64,0.0,8.7
Ahmedabad,23.0225,72.5714,2026-06-11 01:00:00,49.4,24.6,147.0,4.8,4.3,55.0,32.7,60,0.0,13.5
Ahmedabad,23.0225,72.5714,2026-06-11 02:00:00,47.8,24.2,117.0,3.7,3.8,53.0,31.8,59,0.0,15.7
Ahmedabad,23.0225,72.5714,2026-06-11 03:00:00,48.2,24.3,109.0,3.6,3.7,50.0,30.9,63,0.0,13.8
Ahmedabad,23.0225,72.5714,2026-06-11 04:00:00,47.8,24.3,112.0,3.9,3.9,48.0,30.4,66,0.0,12.7
Ahmedabad,23.0225,72.5714,2026-06-11 05:00:00,44.2,23.9,117.0,4.4,4.4,47.0,30.3,69,0.0,13.3
Ahmedabad,23.0225,72.5714,2026-06-11 06:00:00,43.7,23.4,125.0,4.3,4.5,48.0,30.2,69,0.0,13.3
Ahmedabad,23.0225,72.5714,2026-06-11 07:00:00,44.5,22.6,135.0,4.1,4.7,50.0,30.8,66,0.0,13.5
Ahmedabad,23.0225,72.5714,2026-06-11 08:00:00,48.1,22.5,142.0,3.8,4.8,55.0,31.9,61,0.0,13.1
Ahmedabad,23.0225,72.5714,2026-06-11 09:00:00,50.6,21.7,140.0,3.1,4.8,65.0,33.9,52,0.0,13.5
Ahmedabad,23.0225,72.5714,2026-06-11 10:00:00,51.8,21.5,134.0,2.3,4.7,77.0,35.3,47,0.0,12.9
Ahmedabad,23.0225,72.5714,2026-06-11 11:00:00,52.4,21.3,130.0,1.7,4.6,87.0,37.1,42,0.0,12.2
Ahmedabad,23.0225,72.5714,2026-06-11 12:00:00,54.0,21.2,129.0,1.4,4.3,92.0,38.6,39,0.0,12.6
Ahmedabad,23.0225,72.5714,2026-06-11 13:00:00,55.5,21.1,129.0,1.3,3.9,95.0,39.9,36,0.0,13.6
Ahmedabad,23.0225,72.5714,2026-06-11 14:00:00,58.3,21.5,131.0,1.4,3.6,97.0,40.9,33,0.0,14.5
Ahmedabad,23.0225,72.5714,2026-06-11 15:00:00,61.7,22.4,135.0,1.5,3.3,99.0,41.6,32,0.0,15.2
Ahmedabad,23.0225,72.5714,2026-06-11 16:00:00,64.7,23.5,141.0,1.8,3.1,100.0,41.2,34,0.0,16.5
Ahmedabad,23.0225,72.5714,2026-06-11 17:00:00,59.8,23.5,146.0,2.9,3.5,97.0,39.1,43,0.0,17.1
Ahmedabad,23.0225,72.5714,2026-06-11 18:00:00,61.5,24.3,148.0,5.0,4.4,91.0,35.7,54,0.0,18.0
Ahmedabad,23.0225,72.5714,2026-06-11 19:00:00,54.5,25.4,149.0,8.0,5.6,83.0,34.9,57,0.0,17.1
Ahmedabad,23.0225,72.5714,2026-06-11 20:00:00,52.6,26.8,154.0,10.2,6.6,75.0,33.4,63,0.0,16.0
Ahmedabad,23.0225,72.5714,2026-06-11 21:00:00,51.8,27.3,169.0,11.2,7.2,67.0,32.3,68,0.0,14.1
Ahmedabad,23.0225,72.5714,2026-06-11 22:00:00,49.9,27.6,189.0,11.4,7.6,59.0,31.7,73,0.0,14.7
Ahmedabad,23.0225,72.5714,2026-06-11 23:00:00,48.2,27.6,195.0,10.9,7.5,54.0,31.5,75,0.0,10.5
Ahmedabad,23.0225,72.5714,2026-06-12 00:00:00,47.7,26.8,176.0,9.2,6.5,52.0,31.4,76,0.0,8.3
Ahmedabad,23.0225,72.5714,2026-06-12 01:00:00,46.2,24.4,145.0,6.9,5.0,53.0,31.8,71,0.0,9.8
Ahmedabad,23.0225,72.5714,2026-06-12 02:00:00,45.3,22.1,122.0,5.1,4.0,53.0,32.1,58,0.0,14.2
Ahmedabad,23.0225,72.5714,2026-06-12 03:00:00,44.1,20.8,116.0,4.7,3.9,51.0,31.4,61,0.0,14.9
Ahmedabad,23.0225,72.5714,2026-06-12 04:00:00,43.3,19.8,119.0,4.9,4.2,48.0,30.7,64,0.0,13.9
Ahmedabad,23.0225,72.5714,2026-06-12 05:00:00,41.4,20.1,123.0,5.5,4.1,45.0,30.1,69,0.0,12.4
Ahmedabad,23.0225,72.5714,2026-06-12 06:00:00,41.6,19.2,130.0,5.2,4.3,47.0,29.8,72,0.0,15.2
Ahmedabad,23.0225,72.5714,2026-06-12 07:00:00,43.3,17.9,138.0,4.8,4.6,50.0,30.5,69,0.0,14.6
Ahmedabad,23.0225,72.5714,2026-06-12 08:00:00,43.2,17.3,143.0,4.2,4.7,55.0,31.8,63,0.0,14.1
Ahmedabad,23.0225,72.5714,2026-06-12 09:00:00,46.3,17.8,140.0,3.3,4.6,64.0,33.2,57,0.0,13.9
Ahmedabad,23.0225,72.5714,2026-06-12 10:00:00,46.3,18.3,133.0,2.3,4.4,76.0,34.9,51,0.0,13.9
Ahmedabad,23.0225,72.5714,2026-06-12 11:00:00,44.6,18.4,128.0,1.6,4.2,85.0,36.5,46,0.0,14.4
Ahmedabad,23.0225,72.5714,2026-06-12 12:00:00,44.6,18.5,126.0,1.3,3.9,90.0,38.2,40,0.0,14.2
Ahmedabad,23.0225,72.5714,2026-06-12 13:00:00,49.2,19.2,125.0,1.3,3.5,94.0,39.9,35,0.0,13.7
Ahmedabad,23.0225,72.5714,2026-06-12 14:00:00,57.9,20.6,127.0,1.4,3.3,96.0,40.9,32,0.0,14.1
Ahmedabad,23.0225,72.5714,2026-06-12 15:00:00,68.5,22.5,132.0,1.6,3.2,98.0,41.6,30,0.0,14.1
Ahmedabad,23.0225,72.5714,2026-06-12 16:00:00,78.2,24.5,139.0,1.9,3.1,99.0,42.1,27,0.0,15.7
Ahmedabad,23.0225,72.5714,2026-06-12 17:00:00,82.0,24.9,146.0,2.6,3.2,97.0,38.8,41,0.0,17.7
Ahmedabad,23.0225,72.5714,2026-06-12 18:00:00,87.5,27.4,151.0,4.0,3.8,93.0,37.4,46,0.0,18.7
Ahmedabad,23.0225,72.5714,2026-06-12 19:00:00,75.0,28.2,155.0,5.8,4.7,87.0,34.3,57,0.0,17.8
Ahmedabad,23.0225,72.5714,2026-06-12 20:00:00,66.4,28.1,163.0,7.1,5.3,81.0,33.0,63,0.0,13.8
Ahmedabad,23.0225,72.5714,2026-06-12 21:00:00,57.9,26.5,182.0,7.3,5.6,76.0,32.4,66,0.0,10.2
Ahmedabad,23.0225,72.5714,2026-06-12 22:00:00,52.2,24.8,205.0,6.9,5.6,70.0,32.0,70,0.0,9.9
Ahmedabad,23.0225,72.5714,2026-06-12 23:00:00,48.8,23.2,212.0,6.3,5.5,65.0,31.6,73,0.0,10.1
Ahmedabad,23.0225,72.5714,2026-06-13 00:00:00,45.2,21.4,187.0,5.5,5.1,61.0,31.7,72,0.0,5.8
Ahmedabad,23.0225,72.5714,2026-06-13 01:00:00,40.9,19.7,147.0,4.6,4.5,56.0,32.4,62,0.0,13.2
Ahmedabad,23.0225,72.5714,2026-06-13 02:00:00,37.5,18.3,117.0,4.0,4.2,53.0,31.0,63,0.0,15.1
Ahmedabad,23.0225,72.5714,2026-06-13 03:00:00,36.8,17.8,109.0,4.0,4.3,50.0,30.2,65,0.0,13.3
Ahmedabad,23.0225,72.5714,2026-06-13 04:00:00,36.2,17.7,112.0,4.4,4.7,47.0,29.8,67,0.0,11.8
Ahmedabad,23.0225,72.5714,2026-06-13 05:00:00,41.0,18.5,117.0,4.1,4.5,48.0,29.8,69,0.0,10.0
Ahmedabad,23.0225,72.5714,2026-06-13 06:00:00,44.1,19.2,125.0,4.0,4.6,50.0,29.7,70,0.0,8.2
Ahmedabad,23.0225,72.5714,2026-06-13 07:00:00,46.9,19.2,136.0,3.9,4.7,53.0,30.6,66,0.0,9.8
Ahmedabad,23.0225,72.5714,2026-06-13 08:00:00,50.5,19.6,142.0,3.6,4.7,58.0,32.0,60,0.0,11.1
Ahmedabad,23.0225,72.5714,2026-06-13 09:00:00,55.3,20.4,140.0,2.9,4.5,66.0,33.4,53,0.0,11.2
Ahmedabad,23.0225,72.5714,2026-06-13 10:00:00,58.7,21.1,133.0,2.1,4.1,77.0,35.1,47,0.0,10.2
Ahmedabad,23.0225,72.5714,2026-06-13 11:00:00,60.5,21.7,128.0,1.5,3.7,85.0,37.0,40,0.0,10.2
Ahmedabad,23.0225,72.5714,2026-06-13 12:00:00,59.5,21.7,126.0,1.2,3.4,90.0,37.9,37,0.0,11.4
Ahmedabad,23.0225,72.5714,2026-06-13 13:00:00,61.2,22.2,126.0,1.2,3.0,92.0,39.0,34,0.0,11.0
Ahmedabad,23.0225,72.5714,2026-06-13 14:00:00,65.7,23.5,128.0,1.3,2.8,94.0,40.0,31,0.0,12.3
Ahmedabad,23.0225,72.5714,2026-06-13 15:00:00,69.8,24.7,131.0,1.5,2.7,95.0,40.1,31,0.1,14.3
Ahmedabad,23.0225,72.5714,2026-06-13 16:00:00,74.7,25.8,136.0,1.9,2.7,94.0,40.4,30,0.0,12.5
Ahmedabad,23.0225,72.5714,2026-06-13 17:00:00,87.5,27.0,143.0,2.5,2.7,93.0,40.3,29,0.0,16.6
Ahmedabad,23.0225,72.5714,2026-06-13 18:00:00,86.6,27.6,157.0,3.1,2.9,89.0,39.5,28,0.0,17.8
Ahmedabad,23.0225,72.5714,2026-06-13 19:00:00,69.6,25.8,174.0,3.8,3.2,82.0,37.1,37,0.0,13.5
Ahmedabad,23.0225,72.5714,2026-06-13 20:00:00,56.5,23.7,181.0,4.3,3.4,76.0,34.6,54,0.0,11.4
Ahmedabad,23.0225,72.5714,2026-06-13 21:00:00,48.0,21.8,169.0,4.3,3.4,70.0,33.2,64,0.0,8.8
Ahmedabad,23.0225,72.5714,2026-06-13 22:00:00,44.2,21.0,147.0,3.9,3.3,64.0,33.7,56,0.0,8.1
Ahmedabad,23.0225,72.5714,2026-06-13 23:00:00,43.9,20.4,128.0,3.7,3.2,58.0,34.0,45,0.0,11.9
Ahmedabad,23.0225,72.5714,2026-06-14 00:00:00,43.8,19.7,118.0,3.7,3.2,54.0,32.7,51,0.0,14.5
Ahmedabad,23.0225,72.5714,2026-06-14 01:00:00,43.2,19.0,112.0,3.7,3.3,50.0,31.4,57,0.0,14.3
Ahmedabad,23.0225,72.5714,2026-06-14 02:00:00,42.4,18.5,108.0,3.8,3.5,47.0,30.5,65,0.0,13.7
Ahmedabad,23.0225,72.5714,2026-06-14 03:00:00,41.3,18.3,108.0,4.1,3.8,45.0,29.9,70,0.0,13.2
Ahmedabad,23.0225,72.5714,2026-06-14 04:00:00,40.5,18.5,111.0,4.4,4.1,43.0,29.7,70,0.0,14.5
Ahmedabad,23.0225,72.5714,2026-06-14 05:00:00,40.9,18.4,114.0,4.0,3.9,45.0,29.5,72,0.0,14.2
Ahmedabad,23.0225,72.5714,2026-06-14 06:00:00,46.8,19.0,119.0,3.7,3.8,47.0,29.6,70,0.0,12.6
Ahmedabad,23.0225,72.5714,2026-06-14 07:00:00,49.8,19.4,124.0,3.4,3.7,49.0,30.4,65,0.0,12.7
Ahmedabad,23.0225,72.5714,2026-06-14 08:00:00,55.6,20.6,127.0,2.9,3.6,53.0,31.5,59,0.0,10.4
Ahmedabad,23.0225,72.5714,2026-06-14 09:00:00,61.0,21.7,125.0,2.3,3.5,59.0,33.1,52,0.0,9.6
Ahmedabad,23.0225,72.5714,2026-06-14 10:00:00,66.4,22.5,120.0,1.6,3.4,67.0,34.3,47,0.0,10.4
Ahmedabad,23.0225,72.5714,2026-06-14 11:00:00,71.7,23.6,117.0,1.1,3.2,74.0,36.2,41,0.0,9.8
Ahmedabad,23.0225,72.5714,2026-06-14 12:00:00,72.9,23.9,116.0,0.9,3.0,79.0,37.5,37,0.0,12.0
Ahmedabad,23.0225,72.5714,2026-06-14 13:00:00,70.5,23.7,116.0,0.8,2.7,82.0,37.6,35,0.2,13.3
Ahmedabad,23.0225,72.5714,2026-06-14 14:00:00,65.0,22.8,117.0,0.9,2.5,84.0,38.4,34,0.3,12.8
Ahmedabad,23.0225,72.5714,2026-06-14 15:00:00,58.7,21.8,119.0,1.0,2.4,85.0,39.2,32,0.1,13.1
Ahmedabad,23.0225,72.5714,2026-06-14 16:00:00,54.0,21.0,122.0,1.3,2.3,84.0,39.7,27,0.0,15.9
Ahmedabad,23.0225,72.5714,2026-06-14 17:00:00,60.8,24.0,125.0,1.6,2.3,84.0,38.9,25,0.0,17.3
Ahmedabad,23.0225,72.5714,2026-06-14 18:00:00,56.3,23.7,129.0,2.1,2.5,81.0,37.8,31,0.0,15.9
Ahmedabad,23.0225,72.5714,2026-06-14 19:00:00,52.7,24.0,133.0,2.8,2.9,77.0,37.0,35,0.0,14.4
Ahmedabad,23.0225,72.5714,2026-06-14 20:00:00,52.4,23.9,134.0,3.3,3.1,72.0,35.7,41,0.0,15.7
Ahmedabad,23.0225,72.5714,2026-06-14 21:00:00,50.1,22.1,131.0,3.4,3.1,67.0,33.9,50,0.0,17.5
Ahmedabad,23.0225,72.5714,2026-06-14 22:00:00,44.5,19.6,126.0,3.2,3.0,61.0,32.4,56,0.0,19.0
Ahmedabad,23.0225,72.5714,2026-06-14 23:00:00,39.8,17.2,121.0,3.1,2.9,56.0,31.7,58,0.0,18.8
Ahmedabad,23.0225,72.5714,2026-06-15 00:00:00,37.1,15.5,115.0,3.1,2.8,52.0,31.3,59,0.0,16.4
Ahmedabad,23.0225,72.5714,2026-06-15 01:00:00,35.2,14.8,109.0,3.1,2.8,49.0,30.8,64,0.0,16.0
Ahmedabad,23.0225,72.5714,2026-06-15 02:00:00,34.1,14.9,106.0,3.2,2.9,46.0,30.3,67,0.0,15.8
Ahmedabad,23.0225,72.5714,2026-06-15 03:00:00,34.0,15.4,109.0,3.6,3.2,43.0,29.9,70,0.0,13.3
Ahmedabad,23.0225,72.5714,2026-06-15 04:00:00,35.0,16.2,115.0,4.2,3.7,41.0,29.7,71,0.0,9.9
Ahmedabad,23.0225,72.5714,2026-06-15 05:00:00,32.8,16.0,121.0,4.4,3.7,41.0,29.8,70,0.0,9.2
Ahmedabad,23.0225,72.5714,2026-06-15 06:00:00,33.3,16.2,127.0,4.1,3.9,44.0,30.3,66,0.0,11.5
Ahmedabad,23.0225,72.5714,2026-06-15 07:00:00,38.8,15.9,133.0,3.7,4.1,48.0,31.1,60,0.0,14.8
Ahmedabad,23.0225,72.5714,2026-06-15 08:00:00,41.7,15.7,135.0,3.2,4.1,53.0,31.7,56,0.0,15.4
Ahmedabad,23.0225,72.5714,2026-06-15 09:00:00,44.8,15.9,131.0,2.6,3.9,61.0,33.4,49,0.0,15.5
Ahmedabad,23.0225,72.5714,2026-06-15 10:00:00,50.9,16.8,125.0,1.9,3.5,70.0,35.0,42,0.0,15.5
Ahmedabad,23.0225,72.5714,2026-06-15 11:00:00,52.7,17.2,120.0,1.4,3.1,77.0,34.6,47,0.0,15.6
Ahmedabad,23.0225,72.5714,2026-06-15 12:00:00,53.3,17.8,120.0,1.2,2.8,81.0,35.6,44,0.0,14.2
Ahmedabad,23.0225,72.5714,2026-06-15 13:00:00,53.6,18.3,122.0,1.1,2.6,83.0,37.5,38,0.0,13.5
Ahmedabad,23.0225,72.5714,2026-06-15 14:00:00,53.4,18.8,125.0,1.2,2.4,85.0,38.6,35,0.0,13.3
Ahmedabad,23.0225,72.5714,2026-06-15 15:00:00,54.1,19.4,129.0,1.4,2.4,86.0,39.0,34,0.0,13.4
Ahmedabad,23.0225,72.5714,2026-06-15 16:00:00,51.9,19.1,134.0,1.6,2.4,87.0,39.1,33,0.0,14.8
Ahmedabad,23.0225,72.5714,2026-06-15 17:00:00,76.8,26.1,142.0,2.3,2.5,89.0,39.6,30,0.0,14.4
Ahmedabad,23.0225,72.5714,2026-06-15 18:00:00,69.4,25.0,156.0,3.2,2.9,85.0,39.1,30,0.0,14.9
Ahmedabad,23.0225,72.5714,2026-06-15 19:00:00,59.1,23.9,172.0,4.4,3.5,80.0,36.3,37,0.1,10.2
Ahmedabad,23.0225,72.5714,2026-06-15 20:00:00,52.5,22.4,179.0,5.1,3.9,74.0,34.8,46,0.2,10.0
Ahmedabad,23.0225,72.5714,2026-06-15 21:00:00,47.1,20.4,169.0,4.9,3.9,69.0,34.1,47,0.0,9.9
Ahmedabad,23.0225,72.5714,2026-06-15 22:00:00,41.7,19.0,150.0,4.3,3.6,64.0,33.1,47,0.0,12.4
Ahmedabad,23.0225,72.5714,2026-06-15 23:00:00,38.9,17.8,134.0,3.8,3.4,59.0,32.4,53,0.0,11.4
Ahmedabad,23.0225,72.5714,2026-06-16 00:00:00,36.9,16.5,124.0,3.6,3.2,55.0,31.9,56,0.0,13.2
Ahmedabad,23.0225,72.5714,2026-06-16 01:00:00,35.9,15.8,117.0,3.4,3.1,51.0,31.1,61,0.0,13.2
Ahmedabad,23.0225,72.5714,2026-06-16 02:00:00,35.0,15.6,113.0,3.6,3.2,48.0,30.5,64,0.0,12.5
Ahmedabad,23.0225,72.5714,2026-06-16 03:00:00,34.1,15.8,114.0,4.3,3.7,44.0,30.2,65,0.0,11.6
Ahmedabad,23.0225,72.5714,2026-06-16 04:00:00,33.1,16.1,119.0,5.3,4.4,40.0,29.9,66,0.0,11.8
Ahmedabad,23.0225,72.5714,2026-06-16 05:00:00,31.5,16.2,125.0,5.5,4.8,40.0,30.0,65,0.0,10.0
Ahmedabad,23.0225,72.5714,2026-06-16 06:00:00,31.5,16.5,132.0,5.2,5.0,42.0,29.9,64,0.0,8.4
Ahmedabad,23.0225,72.5714,2026-06-16 07:00:00,33.6,16.5,140.0,4.8,5.2,45.0,30.6,60,0.0,10.5
Ahmedabad,23.0225,72.5714,2026-06-16 08:00:00,36.9,16.4,143.0,4.2,5.3,50.0,32.0,54,0.0,11.1
Ahmedabad,23.0225,72.5714,2026-06-16 09:00:00,43.3,17.3,138.0,3.3,5.0,60.0,33.2,49,0.0,11.2
Ahmedabad,23.0225,72.5714,2026-06-16 10:00:00,48.2,18.4,130.0,2.3,4.6,72.0,34.1,46,0.0,11.6
Ahmedabad,23.0225,72.5714,2026-06-16 11:00:00,51.1,19.1,124.0,1.6,4.1,81.0,35.5,42,0.0,12.7
Ahmedabad,23.0225,72.5714,2026-06-16 12:00:00,53.3,19.6,124.0,1.4,3.7,85.0,36.1,40,0.0,12.4
Ahmedabad,23.0225,72.5714,2026-06-16 13:00:00,54.1,19.8,127.0,1.4,3.3,85.0,36.9,38,0.0,11.8
Ahmedabad,23.0225,72.5714,2026-06-16 14:00:00,54.6,19.8,132.0,1.6,3.0,85.0,38.3,34,0.0,10.4
Ahmedabad,23.0225,72.5714,2026-06-16 15:00:00,55.1,19.8,138.0,1.7,2.7,86.0,39.0,33,0.0,11.1
Ahmedabad,23.0225,72.5714,2026-06-16 16:00:00,54.1,19.7,146.0,1.9,2.6,85.0,38.4,35,0.0,11.5
Ahmedabad,23.0225,72.5714,2026-06-16 17:00:00,58.2,22.1,155.0,2.6,2.5,87.0,38.6,31,0.0,14.5
Ahmedabad,23.0225,72.5714,2026-06-16 18:00:00,56.7,22.1,165.0,5.5,3.3,80.0,38.2,32,0.0,14.9
Ahmedabad,23.0225,72.5714,2026-06-16 19:00:00,50.3,22.7,176.0,9.4,4.4,70.0,35.2,47,0.0,18.3
Ahmedabad,23.0225,72.5714,2026-06-16 20:00:00,48.1,24.5,184.0,11.8,5.2,63.0,33.1,55,0.0,13.4
Ahmedabad,23.0225,72.5714,2026-06-16 21:00:00,45.3,24.2,190.0,11.2,5.5,60.0,32.6,61,0.0,10.2
Ahmedabad,23.0225,72.5714,2026-06-16 22:00:00,40.7,22.1,194.0,9.0,5.5,59.0,32.3,63,0.0,6.9
Ahmedabad,23.0225,72.5714,2026-06-16 23:00:00,37.8,19.8,188.0,7.0,5.3,58.0,32.5,62,0.0,3.0
Ahmedabad,23.0225,72.5714,2026-06-17 00:00:00,38.5,18.5,165.0,5.6,4.7,56.0,32.7,54,0.0,10.4
Ahmedabad,23.0225,72.5714,2026-06-17 01:00:00,37.8,17.2,133.0,4.3,3.8,53.0,31.8,57,0.0,14.9
Ahmedabad,23.0225,72.5714,2026-06-17 02:00:00,32.6,15.1,111.0,3.7,3.4,50.0,30.8,63,0.0,11.2
Ahmedabad,23.0225,72.5714,2026-06-17 03:00:00,26.7,13.3,108.0,4.1,3.8,45.0,30.4,66,0.0,9.4
Ahmedabad,23.0225,72.5714,2026-06-17 04:00:00,22.9,12.2,114.0,5.2,4.5,41.0,30.4,66,0.0,9.2
Ahmedabad,23.0225,72.5714,2026-06-17 05:00:00,25.5,12.7,123.0,5.1,4.7,41.0,30.6,65,0.0,7.6
Ahmedabad,23.0225,72.5714,2026-06-17 06:00:00,24.6,12.5,133.0,5.0,5.1,42.0,30.1,68,0.0,9.3
Ahmedabad,23.0225,72.5714,2026-06-17 07:00:00,25.3,11.9,145.0,4.8,5.7,44.0,30.6,66,0.0,10.4
Ahmedabad,23.0225,72.5714,2026-06-17 08:00:00,29.5,12.5,152.0,4.4,6.0,49.0,31.8,62,0.0,11.6
Ahmedabad,23.0225,72.5714,2026-06-17 09:00:00,37.3,14.2,148.0,3.6,5.7,59.0,33.0,56,0.0,11.8
Ahmedabad,23.0225,72.5714,2026-06-17 10:00:00,44.8,15.9,138.0,2.5,5.2,71.0,33.1,56,0.1,12.4
Ahmedabad,23.0225,72.5714,2026-06-17 11:00:00,50.3,17.5,131.0,1.7,4.6,81.0,35.5,44,0.1,11.7
Ahmedabad,23.0225,72.5714,2026-06-17 12:00:00,54.4,18.5,130.0,1.4,4.2,86.0,36.8,39,0.0,12.0
Ahmedabad,23.0225,72.5714,2026-06-17 13:00:00,58.2,19.4,131.0,1.3,3.7,89.0,37.9,35,0.0,11.1
Ahmedabad,23.0225,72.5714,2026-06-17 14:00:00,63.1,20.7,134.0,1.4,3.4,90.0,38.7,32,0.0,11.3
Ahmedabad,23.0225,72.5714,2026-06-17 15:00:00,65.9,21.6,134.0,1.5,3.1,91.0,39.1,30,0.0,11.7
Ahmedabad,23.0225,72.5714,2026-06-17 16:00:00,66.4,22.1,137.0,1.7,2.8,90.0,39.1,30,0.0,12.7
Ahmedabad,23.0225,72.5714,2026-06-17 17:00:00,55.6,19.8,155.0,3.2,2.8,85.0,35.0,46,0.4,14.5
Ahmedabad,23.0225,72.5714,2026-06-17 18:00:00,58.4,21.4,209.0,4.9,3.2,81.0,34.8,48,0.0,12.6
Ahmedabad,23.0225,72.5714,2026-06-17 19:00:00,53.3,22.9,279.0,7.3,3.8,75.0,33.5,54,0.1,13.4
Ahmedabad,23.0225,72.5714,2026-06-17 20:00:00,47.4,24.3,320.0,9.6,4.4,68.0,31.5,65,1.4,3.5
Ahmedabad,23.0225,72.5714,2026-06-17 21:00:00,46.3,25.1,306.0,11.9,5.1,60.0,30.7,72,0.4,5.9
Ahmedabad,23.0225,72.5714,2026-06-17 22:00:00,47.6,26.5,264.0,14.1,5.9,51.0,27.1,88,1.6,13.8
Ahmedabad,23.0225,72.5714,2026-06-17 23:00:00,48.1,27.4,226.0,14.7,6.2,44.0,29.1,69,1.3,2.8
Ahmedabad,23.0225,72.5714,2026-06-18 00:00:00,44.1,25.4,204.0,12.4,5.6,42.0,29.0,75,0.1,7.1
Ahmedabad,23.0225,72.5714,2026-06-18 01:00:00,39.0,21.1,186.0,8.6,4.6,43.0,28.8,73,0.0,6.4
Ahmedabad,23.0225,72.5714,2026-06-18 02:00:00,36.0,17.6,171.0,5.7,3.9,43.0,27.0,83,0.0,8.3
Ahmedabad,23.0225,72.5714,2026-06-18 03:00:00,35.3,16.6,157.0,5.0,3.8,40.0,25.8,88,0.0,11.3
Ahmedabad,23.0225,72.5714,2026-06-18 04:00:00,33.8,16.5,146.0,5.2,4.1,37.0,26.2,87,0.0,5.1
Ahmedabad,23.0225,72.5714,2026-06-18 05:00:00,28.2,17.3,148.0,11.9,6.9,39.0,24.3,98,0.0,11.9
Ahmedabad,23.0225,72.5714,2026-06-18 06:00:00,28.1,16.9,176.0,10.7,7.6,39.0,24.9,97,1.3,5.5
Ahmedabad,23.0225,72.5714,2026-06-18 07:00:00,30.9,17.3,217.0,8.9,8.5,41.0,26.1,92,0.4,6.3
Ahmedabad,23.0225,72.5714,2026-06-18 08:00:00,35.3,17.7,237.0,7.2,8.7,44.0,28.1,81,0.0,6.7
Ahmedabad,23.0225,72.5714,2026-06-18 09:00:00,39.6,17.7,215.0,5.4,7.6,52.0,30.3,71,0.0,6.2
Ahmedabad,23.0225,72.5714,2026-06-18 10:00:00,46.8,18.5,173.0,3.7,5.7,62.0,32.3,62,0.0,6.7
Ahmedabad,23.0225,72.5714,2026-06-18 11:00:00,54.1,19.7,142.0,2.4,4.3,71.0,33.3,55,0.0,9.8
Ahmedabad,23.0225,72.5714,2026-06-18 12:00:00,57.7,20.5,135.0,1.9,3.8,77.0,33.9,52,0.1,8.4
Ahmedabad,23.0225,72.5714,2026-06-18 13:00:00,58.3,20.4,138.0,1.8,3.6,81.0,34.8,46,0.2,7.0
Ahmedabad,23.0225,72.5714,2026-06-18 14:00:00,56.7,19.8,143.0,2.0,3.5,84.0,36.0,42,0.0,7.7
Ahmedabad,23.0225,72.5714,2026-06-18 15:00:00,55.9,19.6,146.0,2.3,3.2,84.0,36.0,41,0.1,8.6
Ahmedabad,23.0225,72.5714,2026-06-18 16:00:00,54.7,19.2,150.0,2.8,2.8,83.0,35.8,41,0.1,9.6
Ahmedabad,23.0225,72.5714,2026-06-18 17:00:00,60.3,20.4,158.0,3.3,2.9,83.0,36.8,37,0.2,5.4
Ahmedabad,23.0225,72.5714,2026-06-18 18:00:00,61.9,21.2,169.0,5.9,3.8,77.0,30.8,64,0.6,13.5
Ahmedabad,23.0225,72.5714,2026-06-18 19:00:00,54.2,23.3,184.0,9.4,5.0,67.0,30.3,76,0.3,9.6
Ahmedabad,23.0225,72.5714,2026-06-18 20:00:00,51.5,25.0,201.0,12.3,6.0,59.0,30.6,70,0.0,11.9
Ahmedabad,23.0225,72.5714,2026-06-18 21:00:00,46.7,24.4,228.0,13.9,6.8,52.0,30.3,71,0.0,8.3
Ahmedabad,23.0225,72.5714,2026-06-18 22:00:00,40.3,23.4,259.0,14.9,7.4,46.0,30.0,72,0.0,7.3
Ahmedabad,23.0225,72.5714,2026-06-18 23:00:00,39.0,23.9,269.0,15.2,7.6,41.0,29.6,71,0.0,7.3
Ahmedabad,23.0225,72.5714,2026-06-19 00:00:00,37.4,23.2,241.0,14.9,7.0,37.0,29.2,74,0.0,7.1
Ahmedabad,23.0225,72.5714,2026-06-19 01:00:00,36.1,22.7,192.0,13.9,6.0,35.0,28.8,75,0.0,10.7
Ahmedabad,23.0225,72.5714,2026-06-19 02:00:00,34.0,21.4,157.0,12.8,5.2,33.0,27.6,79,0.1,7.7
Ahmedabad,23.0225,72.5714,2026-06-19 03:00:00,32.0,19.4,145.0,11.4,4.8,32.0,27.7,81,0.1,8.0
Ahmedabad,23.0225,72.5714,2026-06-19 04:00:00,31.9,18.5,147.0,9.9,4.6,32.0,27.7,84,0.0,7.3
Ahmedabad,23.0225,72.5714,2026-06-19 05:00:00,23.1,14.5,163.0,10.3,4.4,32.0,27.5,85,4.0,4.5
Ahmedabad,23.0225,72.5714,2026-06-19 06:00:00,25.8,14.9,209.0,9.6,5.4,34.0,27.1,88,1.3,1.6
Ahmedabad,23.0225,72.5714,2026-06-19 07:00:00,29.5,16.2,270.0,8.5,6.8,38.0,24.5,96,5.3,14.4
Ahmedabad,23.0225,72.5714,2026-06-19 08:00:00,38.5,18.9,301.0,7.2,7.6,44.0,24.5,95,0.5,2.9
Ahmedabad,23.0225,72.5714,2026-06-19 09:00:00,44.5,20.0,274.0,5.5,7.2,56.0,27.5,82,0.0,4.8
Ahmedabad,23.0225,72.5714,2026-06-19 10:00:00,48.2,20.4,218.0,3.5,6.2,72.0,31.0,67,0.0,5.4
Ahmedabad,23.0225,72.5714,2026-06-19 11:00:00,51.9,20.9,172.0,2.0,5.3,83.0,33.9,48,0.1,8.7
Ahmedabad,23.0225,72.5714,2026-06-19 12:00:00,53.9,20.5,149.0,1.4,4.6,88.0,34.9,45,0.0,9.9
Ahmedabad,23.0225,72.5714,2026-06-19 13:00:00,55.1,20.3,137.0,1.3,3.8,89.0,35.6,43,0.0,9.9
Ahmedabad,23.0225,72.5714,2026-06-19 14:00:00,55.2,20.0,136.0,1.4,3.3,88.0,36.3,41,0.0,9.5
Ahmedabad,23.0225,72.5714,2026-06-19 15:00:00,53.2,19.3,156.0,1.5,2.9,87.0,36.5,41,0.0,8.2
Ahmedabad,23.0225,72.5714,2026-06-19 16:00:00,51.3,18.7,187.0,1.8,2.7,85.0,33.8,51,0.1,15.0
Ahmedabad,23.0225,72.5714,2026-06-19 17:00:00,71.9,26.1,208.0,3.0,2.8,84.0,35.4,40,0.2,15.8
Ahmedabad,23.0225,72.5714,2026-06-19 18:00:00,69.4,26.6,207.0,6.6,3.6,76.0,35.4,39,0.0,15.2
Ahmedabad,23.0225,72.5714,2026-06-19 19:00:00,63.8,28.8,195.0,11.6,4.8,64.0,32.7,54,0.0,14.1
Ahmedabad,23.0225,72.5714,2026-06-19 20:00:00,71.2,33.5,185.0,14.9,5.7,55.0,32.8,56,0.0,14.6
Ahmedabad,23.0225,72.5714,2026-06-19 21:00:00,62.6,33.1,181.0,15.1,6.1,50.0,32.5,56,0.0,11.1
Ahmedabad,23.0225,72.5714,2026-06-19 22:00:00,51.1,29.5,178.0,13.7,6.3,48.0,32.6,53,0.0,10.1
Ahmedabad,23.0225,72.5714,2026-06-19 23:00:00,41.6,25.6,176.0,12.0,6.1,46.0,32.5,50,0.0,9.5
Ahmedabad,23.0225,72.5714,2026-06-20 00:00:00,36.9,22.7,175.0,10.1,5.3,45.0,32.2,50,0.0,9.3
Ahmedabad,23.0225,72.5714,2026-06-20 01:00:00,36.7,21.1,174.0,7.8,4.2,45.0,31.8,53,0.0,12.6
Ahmedabad,23.0225,72.5714,2026-06-20 02:00:00,37.5,20.1,170.0,6.2,3.5,44.0,31.0,57,0.0,12.3
Ahmedabad,23.0225,72.5714,2026-06-20 03:00:00,37.6,19.3,157.0,5.8,3.7,41.0,30.3,62,0.0,10.5
Ahmedabad,23.0225,72.5714,2026-06-20 04:00:00,37.0,18.9,141.0,6.0,4.3,38.0,30.0,65,0.0,8.9
Ahmedabad,23.0225,72.5714,2026-06-20 05:00:00,39.8,19.4,131.0,5.9,4.6,39.0,29.8,69,0.0,7.4
Ahmedabad,23.0225,72.5714,2026-06-20 06:00:00,39.0,19.3,136.0,5.7,5.1,40.0,29.8,69,0.0,8.7
Ahmedabad,23.0225,72.5714,2026-06-20 07:00:00,44.4,19.4,148.0,5.3,5.8,41.0,30.3,65,0.0,10.6
Ahmedabad,23.0225,72.5714,2026-06-20 08:00:00,49.2,19.8,154.0,4.7,6.1,46.0,31.5,61,0.0,10.7
Ahmedabad,23.0225,72.5714,2026-06-20 09:00:00,57.3,20.9,148.0,3.7,5.7,57.0,32.9,54,0.0,8.7
Ahmedabad,23.0225,72.5714,2026-06-20 10:00:00,65.9,22.4,137.0,2.6,5.0,72.0,34.6,45,0.0,8.1
Ahmedabad,23.0225,72.5714,2026-06-20 11:00:00,73.3,23.5,129.0,1.7,4.3,83.0,36.0,40,0.0,9.0
Ahmedabad,23.0225,72.5714,2026-06-20 12:00:00,75.9,23.7,126.0,1.3,3.9,88.0,37.3,36,0.0,8.8
Ahmedabad,23.0225,72.5714,2026-06-20 13:00:00,72.9,23.1,125.0,1.3,3.6,89.0,38.4,34,0.0,8.6
Ahmedabad,23.0225,72.5714,2026-06-20 14:00:00,67.1,22.1,128.0,1.4,3.3,89.0,39.1,32,0.0,9.0
Ahmedabad,23.0225,72.5714,2026-06-20 15:00:00,61.9,21.1,135.0,1.4,3.1,89.0,38.8,32,0.0,9.8
Ahmedabad,23.0225,72.5714,2026-06-20 16:00:00,60.8,21.1,145.0,1.6,2.9,87.0,37.9,35,0.0,11.7
Ahmedabad,23.0225,72.5714,2026-06-20 17:00:00,82.4,28.6,155.0,2.9,2.8,82.0,36.3,39,1.2,9.5
Ahmedabad,23.0225,72.5714,2026-06-20 18:00:00,79.2,28.8,166.0,6.1,3.4,75.0,36.7,36,0.0,11.8
Ahmedabad,23.0225,72.5714,2026-06-20 19:00:00,69.2,29.8,177.0,10.3,4.3,65.0,34.6,46,0.0,14.8
Ahmedabad,23.0225,72.5714,2026-06-20 20:00:00,64.3,31.2,184.0,13.0,4.9,58.0,34.3,48,0.0,12.0
Ahmedabad,23.0225,72.5714,2026-06-20 21:00:00,57.3,30.3,186.0,12.6,5.0,56.0,33.9,48,0.0,10.4
Ahmedabad,23.0225,72.5714,2026-06-20 22:00:00,49.9,28.2,184.0,10.7,4.8,58.0,33.5,49,0.0,9.7
Ahmedabad,23.0225,72.5714,2026-06-20 23:00:00,43.8,25.3,178.0,8.7,4.5,58.0,33.7,47,0.0,8.9
Ahmedabad,23.0225,72.5714,2026-06-21 00:00:00,39.9,22.4,164.0,7.1,4.2,56.0,33.0,46,0.0,13.9
Ahmedabad,23.0225,72.5714,2026-06-21 01:00:00,40.5,21.0,146.0,5.5,3.8,54.0,31.7,53,0.0,13.9
Ahmedabad,23.0225,72.5714,2026-06-21 02:00:00,42.0,20.5,132.0,4.5,3.7,51.0,31.3,58,0.0,11.2
Ahmedabad,23.0225,72.5714,2026-06-21 03:00:00,41.2,20.0,126.0,4.6,4.0,47.0,30.9,62,0.0,12.6
Ahmedabad,23.0225,72.5714,2026-06-21 04:00:00,40.0,19.4,124.0,5.3,4.5,42.0,30.5,64,0.0,12.1
Ahmedabad,23.0225,72.5714,2026-06-21 05:00:00,42.7,20.0,124.0,5.3,4.6,42.0,30.2,67,0.0,10.7
Ahmedabad,23.0225,72.5714,2026-06-21 06:00:00,41.7,19.6,127.0,4.8,4.8,44.0,30.0,67,0.0,10.4
Ahmedabad,23.0225,72.5714,2026-06-21 07:00:00,47.4,19.7,132.0,4.2,5.1,46.0,30.6,63,0.0,11.2
Ahmedabad,23.0225,72.5714,2026-06-21 08:00:00,53.8,20.1,134.0,3.5,5.2,51.0,31.7,56,0.0,10.9
Ahmedabad,23.0225,72.5714,2026-06-21 09:00:00,62.6,21.8,131.0,2.7,4.8,60.0,33.1,50,0.0,10.9
Ahmedabad,23.0225,72.5714,2026-06-21 10:00:00,67.5,23.1,125.0,1.9,4.2,71.0,34.5,45,0.0,10.4
Ahmedabad,23.0225,72.5714,2026-06-21 11:00:00,69.6,23.7,120.0,1.3,3.7,80.0,35.6,42,0.0,9.8
Ahmedabad,23.0225,72.5714,2026-06-21 12:00:00,67.5,23.3,118.0,1.0,3.4,84.0,36.9,39,0.0,10.4
Ahmedabad,23.0225,72.5714,2026-06-21 13:00:00,63.3,22.3,118.0,1.0,3.1,85.0,38.0,36,0.0,10.4
Ahmedabad,23.0225,72.5714,2026-06-21 14:00:00,62.2,22.1,119.0,1.1,2.9,86.0,38.7,34,0.0,9.8
Ahmedabad,23.0225,72.5714,2026-06-21 15:00:00,61.0,21.6,122.0,1.0,2.7,87.0,39.2,33,0.0,10.1
Ahmedabad,23.0225,72.5714,2026-06-21 16:00:00,63.6,22.1,128.0,1.0,2.6,88.0,39.0,33,0.0,10.0
Ahmedabad,23.0225,72.5714,2026-06-21 17:00:00,68.0,22.9,133.0,2.1,2.9,86.0,39.6,27,0.0,11.0
Ahmedabad,23.0225,72.5714,2026-06-21 18:00:00,72.2,24.0,139.0,5.7,3.7,77.0,36.4,40,0.0,15.2
Ahmedabad,23.0225,72.5714,2026-06-21 19:00:00,66.4,26.5,145.0,10.5,4.9,65.0,35.5,45,0.0,14.8
Ahmedabad,23.0225,72.5714,2026-06-21 20:00:00,68.2,29.4,150.0,13.6,5.7,55.0,33.1,54,0.0,12.9
Ahmedabad,23.0225,72.5714,2026-06-21 21:00:00,59.4,27.5,153.0,13.4,5.9,51.0,32.7,60,0.0,10.5
Ahmedabad,23.0225,72.5714,2026-06-21 22:00:00,45.6,23.5,153.0,11.4,5.7,49.0,32.3,63,0.0,10.7
Ahmedabad,23.0225,72.5714,2026-06-21 23:00:00,36.3,20.4,152.0,9.5,5.4,48.0,32.5,62,0.0,10.3
Ahmedabad,23.0225,72.5714,2026-06-22 00:00:00,34.0,19.4,147.0,8.1,4.8,47.0,32.8,52,0.0,10.2
Ahmedabad,23.0225,72.5714,2026-06-22 01:00:00,38.0,20.5,140.0,6.7,4.0,48.0,32.5,49,0.0,12.6
Ahmedabad,23.0225,72.5714,2026-06-22 02:00:00,45.4,22.4,133.0,5.7,3.5,47.0,31.5,56,0.0,12.9
Ahmedabad,23.0225,72.5714,2026-06-22 03:00:00,49.7,23.1,126.0,5.4,3.6,44.0,30.7,63,0.0,12.5
Ahmedabad,23.0225,72.5714,2026-06-22 04:00:00,50.6,23.1,120.0,5.6,4.0,41.0,30.1,67,0.0,10.7
Ahmedabad,23.0225,72.5714,2026-06-22 05:00:00,52.3,22.8,119.0,5.2,4.5,40.0,30.1,67,0.0,7.9
Ahmedabad,23.0225,72.5714,2026-06-22 06:00:00,49.5,22.0,128.0,5.1,5.0,41.0,30.1,68,0.0,7.4
Ahmedabad,23.0225,72.5714,2026-06-22 07:00:00,52.0,21.1,142.0,4.8,5.7,43.0,30.8,63,0.0,10.3
Ahmedabad,23.0225,72.5714,2026-06-22 08:00:00,52.3,20.3,150.0,4.4,6.0,47.0,31.9,57,0.0,10.5
Ahmedabad,23.0225,72.5714,2026-06-22 09:00:00,55.3,20.3,147.0,3.6,5.6,57.0,33.2,52,0.0,9.4
Ahmedabad,23.0225,72.5714,2026-06-22 10:00:00,58.7,20.5,138.0,2.5,4.8,69.0,34.6,47,0.0,8.0
Ahmedabad,23.0225,72.5714,2026-06-22 11:00:00,58.0,19.7,131.0,1.7,4.1,79.0,35.6,45,0.0,8.0
Ahmedabad,23.0225,72.5714,2026-06-22 12:00:00,55.6,18.7,129.0,1.4,3.7,83.0,36.9,41,0.0,7.8
Ahmedabad,23.0225,72.5714,2026-06-22 13:00:00,53.7,17.9,129.0,1.3,3.5,84.0,38.2,36,0.0,8.1
Ahmedabad,23.0225,72.5714,2026-06-22 14:00:00,55.8,17.9,132.0,1.4,3.3,85.0,39.0,33,0.0,8.7
Ahmedabad,23.0225,72.5714,2026-06-22 15:00:00,61.7,18.7,139.0,1.3,3.0,86.0,38.3,32,0.0,12.5
Ahmedabad,23.0225,72.5714,2026-06-22 16:00:00,68.5,20.1,149.0,1.5,2.8,87.0,35.6,43,0.3,15.7
Ahmedabad,23.0225,72.5714,2026-06-22 17:00:00,76.8,22.0,156.0,2.7,2.6,88.0,38.0,31,0.1,13.3
Ahmedabad,23.0225,72.5714,2026-06-22 18:00:00,79.9,23.6,158.0,6.9,3.7,78.0,36.7,36,0.3,12.5
Ahmedabad,23.0225,72.5714,2026-06-22 19:00:00,69.8,26.0,158.0,12.7,5.4,64.0,34.3,50,0.0,15.7
Ahmedabad,23.0225,72.5714,2026-06-22 20:00:00,59.1,25.6,158.0,16.4,6.9,53.0,32.6,61,0.0,14.4
Ahmedabad,23.0225,72.5714,2026-06-22 21:00:00,38.3,20.1,159.0,16.2,8.5,47.0,31.6,67,0.0,13.5
Ahmedabad,23.0225,72.5714,2026-06-22 22:00:00,20.0,13.3,160.0,14.1,10.1,43.0,31.2,69,0.0,12.9
Ahmedabad,23.0225,72.5714,2026-06-22 23:00:00,11.3,9.2,162.0,12.1,10.6,40.0,31.4,60,0.0,11.9
Ahmedabad,23.0225,72.5714,2026-06-23 00:00:00,10.6,8.4,166.0,11.1,9.3,37.0,31.0,60,0.0,10.5
Ahmedabad,23.0225,72.5714,2026-06-23 01:00:00,14.2,9.8,171.0,10.2,6.9,36.0,30.8,62,0.0,6.5
Ahmedabad,23.0225,72.5714,2026-06-23 02:00:00,22.5,12.5,171.0,9.2,5.0,35.0,30.9,61,0.0,3.1
Ahmedabad,23.0225,72.5714,2026-06-23 03:00:00,34.1,15.7,158.0,8.0,4.2,35.0,30.9,60,0.0,7.6
Ahmedabad,23.0225,72.5714,2026-06-23 04:00:00,39.8,16.7,140.0,6.6,3.9,37.0,30.4,66,0.0,9.0
Ahmedabad,23.0225,72.5714,2026-06-23 05:00:00,46.1,17.9,137.0,4.9,3.4,41.0,26.5,80,0.0,11.7
Ahmedabad,23.0225,72.5714,2026-06-23 06:00:00,43.5,17.0,167.0,4.7,3.7,42.0,24.4,89,1.5,8.9
Ahmedabad,23.0225,72.5714,2026-06-23 07:00:00,47.0,16.7,212.0,4.4,4.1,45.0,27.0,79,0.2,4.7
Ahmedabad,23.0225,72.5714,2026-06-23 08:00:00,55.3,17.8,236.0,3.9,4.3,49.0,29.5,72,0.0,5.4
Ahmedabad,23.0225,72.5714,2026-06-23 09:00:00,64.5,19.7,216.0,3.2,4.1,57.0,31.4,65,0.1,8.1
Ahmedabad,23.0225,72.5714,2026-06-23 10:00:00,74.5,21.8,174.0,2.3,3.7,68.0,32.9,57,0.1,8.5
Ahmedabad,23.0225,72.5714,2026-06-23 11:00:00,87.5,24.2,142.0,1.6,3.3,76.0,34.2,54,0.0,8.3
Ahmedabad,23.0225,72.5714,2026-06-23 12:00:00,99.2,26.2,132.0,1.3,3.0,81.0,35.2,49,0.1,8.1
Ahmedabad,23.0225,72.5714,2026-06-23 13:00:00,109.7,27.7,131.0,1.3,2.8,84.0,36.3,45,0.0,8.3
Ahmedabad,23.0225,72.5714,2026-06-23 14:00:00,119.2,29.3,134.0,1.4,2.7,86.0,37.1,40,0.0,8.2
Ahmedabad,23.0225,72.5714,2026-06-23 15:00:00,125.7,30.4,138.0,1.4,2.6,87.0,38.0,35,0.0,7.5
Ahmedabad,23.0225,72.5714,2026-06-23 16:00:00,129.9,31.2,145.0,1.6,2.5,87.0,38.4,32,0.0,7.8
Ahmedabad,23.0225,72.5714,2026-06-23 17:00:00,104.8,27.1,154.0,2.7,2.5,83.0,38.8,29,0.0,10.3
Ahmedabad,23.0225,72.5714,2026-06-23 18:00:00,99.4,26.7,165.0,6.4,3.2,75.0,38.0,30,0.0,12.2
Ahmedabad,23.0225,72.5714,2026-06-23 19:00:00,81.7,27.1,177.0,11.4,4.2,63.0,36.9,33,0.0,12.4
Ahmedabad,23.0225,72.5714,2026-06-23 20:00:00,73.3,28.6,186.0,14.4,5.0,55.0,33.6,57,0.0,16.8
Ahmedabad,23.0225,72.5714,2026-06-23 21:00:00,62.2,27.2,192.0,13.5,5.4,53.0,32.5,64,0.0,14.4
Ahmedabad,23.0225,72.5714,2026-06-23 22:00:00,47.5,23.5,195.0,10.6,5.5,55.0,31.8,67,0.0,13.6
Ahmedabad,23.0225,72.5714,2026-06-23 23:00:00,37.3,20.4,189.0,8.1,5.3,55.0,32.3,62,0.0,10.4
Ahmedabad,23.0225,72.5714,2026-06-24 00:00:00,33.1,18.6,167.0,6.9,4.7,53.0,32.4,55,0.0,9.9
Ahmedabad,23.0225,72.5714,2026-06-24 01:00:00,35.2,18.5,137.0,6.0,3.8,50.0,31.9,51,0.0,13.0
Ahmedabad,23.0225,72.5714,2026-06-24 02:00:00,38.6,19.2,115.0,5.4,3.2,47.0,30.8,59,0.0,12.6
Ahmedabad,23.0225,72.5714,2026-06-24 03:00:00,40.3,19.3,108.0,5.0,3.0,45.0,30.1,67,0.0,13.6
Ahmedabad,23.0225,72.5714,2026-06-24 04:00:00,38.1,18.7,109.0,4.9,3.0,43.0,29.7,71,0.0,11.8
Ahmedabad,23.0225,72.5714,2026-06-24 05:00:00,35.3,17.9,114.0,4.7,3.0,42.0,29.8,71,0.0,10.2
Ahmedabad,23.0225,72.5714,2026-06-24 06:00:00,32.8,17.3,124.0,4.5,3.1,43.0,29.8,72,0.0,11.2
Ahmedabad,23.0225,72.5714,2026-06-24 07:00:00,33.6,16.9,138.0,4.2,3.1,46.0,30.4,68,0.0,13.5
Ahmedabad,23.0225,72.5714,2026-06-24 08:00:00,33.6,15.7,146.0,3.8,3.1,50.0,31.6,63,0.1,13.9
Ahmedabad,23.0225,72.5714,2026-06-24 09:00:00,38.5,16.4,143.0,3.0,2.9,59.0,33.3,55,0.0,12.7
Ahmedabad,23.0225,72.5714,2026-06-24 10:00:00,53.4,19.4,135.0,2.1,2.7,69.0,35.0,48,0.0,12.1
Ahmedabad,23.0225,72.5714,2026-06-24 11:00:00,58.3,20.4,129.0,1.4,2.5,78.0,36.5,42,0.0,10.8
Ahmedabad,23.0225,72.5714,2026-06-24 12:00:00,71.0,22.6,127.0,1.2,2.4,83.0,37.6,37,0.0,10.3
Ahmedabad,23.0225,72.5714,2026-06-24 13:00:00,79.2,24.4,127.0,1.2,2.3,86.0,38.2,34,0.0,11.3
Ahmedabad,23.0225,72.5714,2026-06-24 14:00:00,83.6,25.7,128.0,1.4,2.2,88.0,38.5,34,0.0,12.5
Ahmedabad,23.0225,72.5714,2026-06-24 15:00:00,79.2,25.4,132.0,1.5,2.1,89.0,38.6,34,0.0,11.9
Ahmedabad,23.0225,72.5714,2026-06-24 16:00:00,71.5,24.6,138.0,1.8,2.0,90.0,38.6,34,0.0,12.4
Ahmedabad,23.0225,72.5714,2026-06-24 17:00:00,63.8,23.5,143.0,2.7,2.2,88.0,39.0,31,0.0,12.3
Ahmedabad,23.0225,72.5714,2026-06-24 18:00:00,58.0,23.1,145.0,5.1,2.9,82.0,37.8,33,0.0,13.0
Ahmedabad,23.0225,72.5714,2026-06-24 19:00:00,50.2,23.7,147.0,8.2,3.9,75.0,33.9,54,0.1,16.3
Ahmedabad,23.0225,72.5714,2026-06-24 20:00:00,48.8,25.2,150.0,10.1,4.6,68.0,32.1,63,0.0,14.8
Ahmedabad,23.0225,72.5714,2026-06-24 21:00:00,46.0,24.8,159.0,9.6,4.8,64.0,31.4,70,0.0,10.7
Ahmedabad,23.0225,72.5714,2026-06-24 22:00:00,42.6,23.3,169.0,7.9,4.7,60.0,31.5,70,0.0,10.2
Ahmedabad,23.0225,72.5714,2026-06-24 23:00:00,41.1,21.8,170.0,6.4,4.5,57.0,31.9,69,0.0,8.1
Ahmedabad,23.0225,72.5714,2026-06-25 00:00:00,40.7,20.3,153.0,5.4,4.1,53.0,32.5,44,0.0,14.1
Ahmedabad,23.0225,72.5714,2026-06-25 01:00:00,39.1,18.8,126.0,4.7,3.6,48.0,31.4,50,0.0,13.5
Ahmedabad,23.0225,72.5714,2026-06-25 02:00:00,37.1,18.0,108.0,4.3,3.3,44.0,30.6,59,0.0,15.2
Ahmedabad,23.0225,72.5714,2026-06-25 03:00:00,37.1,17.9,105.0,4.7,3.6,41.0,30.2,64,0.0,13.2
Ahmedabad,23.0225,72.5714,2026-06-25 04:00:00,37.8,18.2,110.0,5.4,4.1,38.0,30.0,66,0.0,11.0
Ahmedabad,23.0225,72.5714,2026-06-25 05:00:00,38.8,18.7,117.0,5.8,4.6,38.0,29.8,69,0.0,11.3
Ahmedabad,23.0225,72.5714,2026-06-25 06:00:00,40.4,19.3,127.0,5.5,4.8,40.0,29.8,69,0.0,10.9
Ahmedabad,23.0225,72.5714,2026-06-25 07:00:00,48.2,20.4,140.0,4.8,5.0,43.0,30.6,63,0.0,12.0
Ahmedabad,23.0225,72.5714,2026-06-25 08:00:00,53.1,21.1,147.0,4.1,4.9,49.0,31.7,58,0.0,11.7
Ahmedabad,23.0225,72.5714,2026-06-25 09:00:00,57.9,22.0,144.0,3.2,4.5,58.0,33.2,52,0.0,11.7
Ahmedabad,23.0225,72.5714,2026-06-25 10:00:00,63.1,23.1,136.0,2.3,3.9,70.0,34.6,45,0.0,10.0
Ahmedabad,23.0225,72.5714,2026-06-25 11:00:00,65.9,23.8,130.0,1.6,3.4,79.0,35.7,40,0.0,10.3
Ahmedabad,23.0225,72.5714,2026-06-25 12:00:00,67.5,24.2,128.0,1.3,3.2,85.0,36.5,39,0.3,9.2
Ahmedabad,23.0225,72.5714,2026-06-25 13:00:00,68.5,24.3,127.0,1.3,3.1,89.0,37.3,36,0.0,9.3
Ahmedabad,23.0225,72.5714,2026-06-25 14:00:00,68.5,24.4,128.0,1.5,3.0,92.0,38.2,34,0.0,10.8
Ahmedabad,23.0225,72.5714,2026-06-25 15:00:00,69.2,24.6,131.0,1.6,2.8,94.0,38.6,33,0.0,12.4
Ahmedabad,23.0225,72.5714,2026-06-25 16:00:00,69.6,24.7,136.0,1.9,2.6,94.0,38.1,35,0.0,11.4
Ahmedabad,23.0225,72.5714,2026-06-25 17:00:00,73.3,24.7,143.0,2.7,2.3,87.0,38.7,33,0.0,10.2
Ahmedabad,23.0225,72.5714,2026-06-25 18:00:00,117.6,35.9,151.0,5.7,2.9,79.0,38.0,33,0.0,10.5
Ahmedabad,23.0225,72.5714,2026-06-25 19:00:00,66.6,27.4,160.0,9.9,3.8,69.0,36.6,36,0.0,11.8
Ahmedabad,23.0225,72.5714,2026-06-25 20:00:00,58.8,28.2,172.0,12.7,4.5,60.0,34.7,47,0.1,12.9
Ahmedabad,23.0225,72.5714,2026-06-25 21:00:00,56.2,29.0,193.0,13.1,4.9,56.0,33.1,58,0.0,12.0
Ahmedabad,23.0225,72.5714,2026-06-25 22:00:00,50.9,27.5,217.0,12.1,5.2,55.0,32.7,60,0.0,8.2
Ahmedabad,23.0225,72.5714,2026-06-25 23:00:00,43.9,24.0,223.0,10.8,5.2,53.0,33.4,49,0.0,11.6
Ahmedabad,23.0225,72.5714,2026-06-26 00:00:00,45.2,22.1,194.0,9.0,4.7,51.0,32.5,50,0.0,12.8
Ahmedabad,23.0225,72.5714,2026-06-26 01:00:00,38.6,18.9,146.0,6.8,3.9,48.0,31.7,54,0.0,13.0
Ahmedabad,23.0225,72.5714,2026-06-26 02:00:00,37.4,17.6,112.0,5.3,3.3,46.0,31.2,58,0.0,12.6
Ahmedabad,23.0225,72.5714,2026-06-26 03:00:00,36.7,16.8,104.0,5.1,3.2,43.0,30.6,63,0.0,11.7
Ahmedabad,23.0225,72.5714,2026-06-26 04:00:00,33.8,15.9,110.0,5.5,3.4,41.0,30.1,68,0.0,11.2
Ahmedabad,23.0225,72.5714,2026-06-26 05:00:00,30.6,16.0,119.0,7.1,3.4,35.0,30.1,70,0.0,10.7
Ahmedabad,23.0225,72.5714,2026-06-26 06:00:00,30.2,15.8,132.0,6.2,3.5,39.0,30.0,71,0.0,10.3
Ahmedabad,23.0225,72.5714,2026-06-26 07:00:00,32.1,15.7,148.0,5.0,3.5,45.0,30.7,68,0.0,10.3
Ahmedabad,23.0225,72.5714,2026-06-26 08:00:00,34.1,15.8,157.0,3.9,3.5,52.0,31.9,61,0.0,10.4
Ahmedabad,23.0225,72.5714,2026-06-26 09:00:00,38.8,16.5,152.0,3.0,3.3,62.0,33.5,53,0.0,10.4
Ahmedabad,23.0225,72.5714,2026-06-26 10:00:00,45.9,17.8,141.0,2.2,3.1,74.0,35.1,45,0.0,9.9
Ahmedabad,23.0225,72.5714,2026-06-26 11:00:00,55.6,19.6,132.0,1.6,2.9,84.0,36.3,40,0.0,9.5
Ahmedabad,23.0225,72.5714,2026-06-26 12:00:00,63.6,21.1,130.0,1.4,2.8,89.0,37.3,35,0.1,9.3
Ahmedabad,23.0225,72.5714,2026-06-26 13:00:00,67.5,22.1,130.0,1.4,2.7,92.0,38.4,29,0.0,9.5
Ahmedabad,23.0225,72.5714,2026-06-26 14:00:00,69.2,22.5,132.0,1.5,2.6,93.0,38.9,26,0.0,10.5
Ahmedabad,23.0225,72.5714,2026-06-26 15:00:00,68.7,22.6,136.0,1.3,2.4,94.0,39.3,24,0.0,9.7
Ahmedabad,23.0225,72.5714,2026-06-26 16:00:00,66.6,22.4,141.0,1.3,2.2,94.0,39.3,23,0.0,11.0
Ahmedabad,23.0225,72.5714,2026-06-26 17:00:00,83.1,26.0,148.0,2.9,2.6,90.0,38.9,28,0.0,8.9
Ahmedabad,23.0225,72.5714,2026-06-26 18:00:00,77.3,25.3,157.0,8.0,3.6,79.0,38.2,29,0.0,9.5
Ahmedabad,23.0225,72.5714,2026-06-26 19:00:00,64.5,26.0,166.0,15.0,4.9,64.0,38.1,29,0.0,10.7
Ahmedabad,23.0225,72.5714,2026-06-26 20:00:00,65.0,29.7,175.0,20.0,6.0,52.0,34.3,51,0.0,14.5
Ahmedabad,23.0225,72.5714,2026-06-26 21:00:00,69.2,33.5,185.0,21.4,6.7,47.0,33.8,53,0.0,9.9
Ahmedabad,23.0225,72.5714,2026-06-26 22:00:00,68.5,34.5,194.0,20.8,7.1,45.0,33.4,54,0.0,10.3
Ahmedabad,23.0225,72.5714,2026-06-26 23:00:00,62.6,31.9,192.0,18.9,7.0,45.0,33.1,57,0.0,8.0
Ahmedabad,23.0225,72.5714,2026-06-27 00:00:00,49.5,26.5,168.0,15.3,6.1,46.0,33.0,54,0.0,9.6
Ahmedabad,23.0225,72.5714,2026-06-27 01:00:00,42.3,23.0,133.0,10.5,4.6,49.0,32.9,48,0.0,12.7
Ahmedabad,23.0225,72.5714,2026-06-27 02:00:00,40.2,21.2,108.0,6.8,3.5,50.0,32.0,50,0.0,13.7
Ahmedabad,23.0225,72.5714,2026-06-27 03:00:00,41.2,20.4,101.0,5.5,3.0,48.0,31.3,55,0.0,13.5
Ahmedabad,23.0225,72.5714,2026-06-27 04:00:00,41.4,19.8,104.0,5.3,2.7,44.0,30.7,59,0.0,12.5
Ahmedabad,23.0225,72.5714,2026-06-27 05:00:00,41.6,19.6,111.0,5.4,2.9,41.0,30.3,64,0.0,10.6
Ahmedabad,23.0225,72.5714,2026-06-27 06:00:00,41.8,19.5,126.0,5.2,3.1,43.0,30.1,67,0.0,10.1
Ahmedabad,23.0225,72.5714,2026-06-27 07:00:00,46.4,19.8,145.0,4.9,3.3,45.0,30.6,66,0.0,9.8
Ahmedabad,23.0225,72.5714,2026-06-27 08:00:00,49.8,20.2,157.0,4.4,3.4,51.0,31.8,61,0.0,9.6
Ahmedabad,23.0225,72.5714,2026-06-27 09:00:00,56.1,21.3,153.0,3.5,3.4,62.0,33.4,55,0.0,9.8
Ahmedabad,23.0225,72.5714,2026-06-27 10:00:00,60.3,21.9,140.0,2.4,3.3,76.0,35.2,47,0.0,9.2
Ahmedabad,23.0225,72.5714,2026-06-27 11:00:00,60.5,21.7,130.0,1.6,3.2,87.0,36.6,43,0.0,7.7
Ahmedabad,23.0225,72.5714,2026-06-27 12:00:00,60.5,21.5,127.0,1.3,3.1,93.0,37.8,39,0.0,9.5
Ahmedabad,23.0225,72.5714,2026-06-27 13:00:00,61.7,22.0,126.0,1.3,3.0,96.0,38.7,36,0.0,9.6
Ahmedabad,23.0225,72.5714,2026-06-27 14:00:00,61.9,22.2,127.0,1.5,2.9,98.0,39.2,34,0.0,9.7
Ahmedabad,23.0225,72.5714,2026-06-27 15:00:00,61.7,22.4,130.0,1.4,2.9,99.0,39.5,32,0.0,8.6
Ahmedabad,23.0225,72.5714,2026-06-27 16:00:00,62.4,22.9,135.0,1.5,3.0,99.0,39.3,32,0.0,7.9
Ahmedabad,23.0225,72.5714,2026-06-27 17:00:00,53.3,20.6,143.0,3.0,3.1,93.0,39.7,30,0.1,9.5
Ahmedabad,23.0225,72.5714,2026-06-27 18:00:00,53.7,21.1,156.0,7.2,3.6,83.0,38.8,31,0.0,10.9
Ahmedabad,23.0225,72.5714,2026-06-27 19:00:00,48.4,22.5,173.0,13.1,4.3,68.0,38.2,31,0.0,11.1
Ahmedabad,23.0225,72.5714,2026-06-27 20:00:00,51.6,25.5,185.0,17.7,5.0,57.0,38.0,31,0.0,10.2
Ahmedabad,23.0225,72.5714,2026-06-27 21:00:00,56.7,29.5,193.0,20.2,5.9,51.0,35.5,44,0.0,12.6
Ahmedabad,23.0225,72.5714,2026-06-27 22:00:00,58.1,31.5,197.0,21.3,6.8,47.0,34.3,51,0.0,10.5
Ahmedabad,23.0225,72.5714,2026-06-27 23:00:00,50.4,28.1,192.0,20.6,7.1,46.0,33.8,54,0.0,11.4
Ahmedabad,23.0225,72.5714,2026-06-28 00:00:00,41.8,23.3,172.0,16.7,6.2,48.0,33.4,54,0.0,9.3
Ahmedabad,23.0225,72.5714,2026-06-28 01:00:00,36.8,20.4,143.0,10.9,4.7,53.0,33.5,47,0.0,11.2
Ahmedabad,23.0225,72.5714,2026-06-28 02:00:00,36.0,19.2,121.0,6.6,3.5,55.0,32.3,44,0.0,14.2
Ahmedabad,23.0225,72.5714,2026-06-28 03:00:00,37.7,18.9,112.0,5.3,3.1,52.0,31.6,48,0.0,12.6
Ahmedabad,23.0225,72.5714,2026-06-28 04:00:00,39.5,19.2,109.0,5.4,3.0,46.0,30.9,54,0.0,11.1
Ahmedabad,23.0225,72.5714,2026-06-28 05:00:00,43.8,19.9,111.0,5.5,3.1,44.0,29.6,64,0.0,10.0
Ahmedabad,23.0225,72.5714,2026-06-28 06:00:00,43.7,20.1,118.0,5.1,3.2,46.0,29.2,71,0.0,10.9
Ahmedabad,23.0225,72.5714,2026-06-28 07:00:00,48.0,20.7,130.0,4.5,3.3,48.0,29.7,71,0.0,10.9
Ahmedabad,23.0225,72.5714,2026-06-28 08:00:00,51.7,21.2,137.0,3.8,3.3,53.0,30.7,66,0.0,10.8
Ahmedabad,23.0225,72.5714,2026-06-28 09:00:00,57.0,21.9,135.0,2.9,3.2,62.0,32.1,59,0.0,10.4
Ahmedabad,23.0225,72.5714,2026-06-28 10:00:00,59.8,21.9,130.0,2.0,3.0,73.0,33.7,52,0.0,9.5
Ahmedabad,23.0225,72.5714,2026-06-28 11:00:00,59.0,21.2,125.0,1.3,2.8,82.0,35.3,45,0.0,8.4
Ahmedabad,23.0225,72.5714,2026-06-28 12:00:00,56.7,20.4,123.0,1.0,2.7,87.0,36.9,41,0.0,8.1
Ahmedabad,23.0225,72.5714,2026-06-28 13:00:00,54.6,20.1,122.0,1.0,2.7,90.0,37.9,39,0.0,7.8
Ahmedabad,23.0225,72.5714,2026-06-28 14:00:00,53.4,20.1,122.0,1.1,2.7,92.0,38.4,37,0.0,7.7
Ahmedabad,23.0225,72.5714,2026-06-28 15:00:00,53.1,20.2,123.0,1.1,2.6,93.0,38.8,36,0.0,8.3
Ahmedabad,23.0225,72.5714,2026-06-28 16:00:00,53.2,20.4,124.0,1.2,2.6,94.0,39.0,34,0.0,9.0
Ahmedabad,23.0225,72.5714,2026-06-28 17:00:00,53.7,20.7,128.0,2.1,2.7,91.0,38.8,34,0.0,9.8
Ahmedabad,23.0225,72.5714,2026-06-28 18:00:00,53.0,20.9,136.0,4.6,3.3,83.0,38.0,34,0.0,9.5
Ahmedabad,23.0225,72.5714,2026-06-28 19:00:00,45.9,21.5,146.0,7.9,4.1,72.0,37.7,34,0.0,7.9
Ahmedabad,23.0225,72.5714,2026-06-28 20:00:00,44.1,22.9,153.0,9.9,4.6,64.0,34.7,46,0.0,13.1
Ahmedabad,23.0225,72.5714,2026-06-28 21:00:00,40.5,22.5,157.0,9.5,4.7,62.0,33.4,55,0.0,10.8
Ahmedabad,23.0225,72.5714,2026-06-28 22:00:00,33.1,19.5,159.0,7.9,4.6,64.0,33.0,59,0.0,9.8
Ahmedabad,23.0225,72.5714,2026-06-28 23:00:00,26.3,16.1,155.0,6.4,4.4,64.0,31.6,71,0.0,7.1
Ahmedabad,23.0225,72.5714,2026-06-29 00:00:00,23.1,13.9,141.0,5.5,4.2,61.0,31.4,71,0.0,8.3
Ahmedabad,23.0225,72.5714,2026-06-29 01:00:00,22.5,12.5,121.0,4.7,3.9,56.0,31.1,72,0.0,9.5
Ahmedabad,23.0225,72.5714,2026-06-29 02:00:00,22.4,11.8,107.0,4.3,3.7,51.0,30.7,63,0.0,12.4
Ahmedabad,23.0225,72.5714,2026-06-29 03:00:00,22.4,11.7,102.0,4.6,3.8,47.0,29.8,68,0.0,12.3
Ahmedabad,23.0225,72.5714,2026-06-29 04:00:00,22.6,11.9,103.0,5.2,4.0,43.0,29.4,73,0.0,11.2
Ahmedabad,23.0225,72.5714,2026-06-29 05:00:00,29.4,14.6,108.0,4.6,3.2,45.0,30.0,68,0.0,12.0
Ahmedabad,23.0225,72.5714,2026-06-29 06:00:00,29.5,15.1,123.0,4.6,3.4,45.0,29.9,68,0.0,11.9
Ahmedabad,23.0225,72.5714,2026-06-29 07:00:00,32.2,16.1,142.0,4.7,3.8,46.0,30.4,66,0.0,10.8
Ahmedabad,23.0225,72.5714,2026-06-29 08:00:00,35.7,17.1,154.0,4.4,3.9,50.0,31.2,63,0.0,10.5
Ahmedabad,23.0225,72.5714,2026-06-29 09:00:00,40.4,18.1,150.0,3.6,3.7,59.0,32.6,56,0.0,10.3
Ahmedabad,23.0225,72.5714,2026-06-29 10:00:00,43.4,18.6,137.0,2.4,3.4,71.0,34.1,50,0.0,9.4
Ahmedabad,23.0225,72.5714,2026-06-29 11:00:00,43.9,18.5,128.0,1.6,3.1,81.0,35.6,44,0.0,10.0
Ahmedabad,23.0225,72.5714,2026-06-29 12:00:00,46.0,19.8,126.0,1.3,3.1,87.0,36.7,41,0.0,10.3
Ahmedabad,23.0225,72.5714,2026-06-29 13:00:00,40.6,18.0,127.0,1.3,3.1,91.0,37.6,39,0.0,9.4
Ahmedabad,23.0225,72.5714,2026-06-29 14:00:00,39.0,17.8,129.0,1.5,3.2,93.0,38.3,37,0.0,8.4
Ahmedabad,23.0225,72.5714,2026-06-29 15:00:00,37.4,17.6,131.0,1.6,3.2,94.0,39.1,35,0.0,7.9
Ahmedabad,23.0225,72.5714,2026-06-29 16:00:00,35.7,17.2,133.0,2.0,3.2,93.0,39.3,34,0.0,10.6
Ahmedabad,23.0225,72.5714,2026-06-29 17:00:00,27.4,13.8,137.0,2.8,2.8,88.0,38.7,34,0.4,10.5
Ahmedabad,23.0225,72.5714,2026-06-29 18:00:00,27.8,14.0,145.0,4.9,3.3,82.0,37.6,36,0.0,15.3
Ahmedabad,23.0225,72.5714,2026-06-29 19:00:00,26.6,14.8,154.0,7.8,4.1,74.0,34.1,52,0.0,15.9
Ahmedabad,23.0225,72.5714,2026-06-29 20:00:00,28.1,16.8,162.0,10.1,5.0,67.0,33.5,56,0.0,13.6
Ahmedabad,23.0225,72.5714,2026-06-29 21:00:00,30.2,18.8,168.0,11.2,6.2,61.0,32.6,62,0.0,13.2
Ahmedabad,23.0225,72.5714,2026-06-29 22:00:00,30.3,19.4,173.0,11.6,7.6,55.0,32.2,65,0.0,12.4
Ahmedabad,23.0225,72.5714,2026-06-29 23:00:00,28.8,19.2,170.0,11.4,8.3,51.0,32.2,67,0.0,8.6
Ahmedabad,23.0225,72.5714,2026-06-30 00:00:00,26.8,17.9,154.0,10.5,7.9,48.0,32.9,57,0.0,8.5
Ahmedabad,23.0225,72.5714,2026-06-30 01:00:00,25.7,16.6,131.0,9.0,6.9,46.0,32.7,51,0.0,12.5
Ahmedabad,23.0225,72.5714,2026-06-30 02:00:00,25.7,15.1,114.0,7.6,5.9,45.0,31.8,57,0.0,12.7
Ahmedabad,23.0225,72.5714,2026-06-30 03:00:00,26.5,14.0,108.0,6.5,5.1,45.0,30.8,64,0.0,14.8
Ahmedabad,23.0225,72.5714,2026-06-30 04:00:00,26.8,13.4,109.0,5.6,4.3,45.0,30.2,69,0.0,12.4
Ahmedabad,23.0225,72.5714,2026-06-30 05:00:00,25.5,13.0,112.0,5.5,4.2,44.0,30.6,65,0.0,10.1
Ahmedabad,23.0225,72.5714,2026-06-30 06:00:00,25.6,13.1,120.0,5.3,4.5,45.0,30.6,64,0.0,11.5
Ahmedabad,23.0225,72.5714,2026-06-30 07:00:00,27.4,13.6,132.0,5.0,4.9,48.0,31.0,61,0.0,12.2
Ahmedabad,23.0225,72.5714,2026-06-30 08:00:00,28.6,13.7,139.0,4.5,5.0,52.0,32.2,55,0.0,13.4
Ahmedabad,23.0225,72.5714,2026-06-30 09:00:00,31.2,14.4,138.0,3.6,4.5,60.0,33.5,50,0.0,12.2
Ahmedabad,23.0225,72.5714,2026-06-30 10:00:00,33.9,15.1,133.0,2.4,3.8,70.0,34.9,45,0.0,10.6
Ahmedabad,23.0225,72.5714,2026-06-30 11:00:00,34.9,15.4,129.0,1.6,3.2,78.0,35.8,43,0.0,10.1
Ahmedabad,23.0225,72.5714,2026-06-30 12:00:00,33.4,15.0,128.0,1.3,3.0,83.0,36.7,41,0.1,9.9
Ahmedabad,23.0225,72.5714,2026-06-30 13:00:00,30.6,14.3,127.0,1.3,2.9,87.0,37.6,38,0.0,8.9
Ahmedabad,23.0225,72.5714,2026-06-30 14:00:00,27.9,13.6,129.0,1.5,2.9,89.0,38.3,36,0.0,9.3
Ahmedabad,23.0225,72.5714,2026-06-30 15:00:00,24.9,12.7,134.0,1.6,2.8,90.0,38.9,35,0.0,9.5
Ahmedabad,23.0225,72.5714,2026-06-30 16:00:00,22.6,12.0,142.0,1.9,2.7,89.0,38.7,34,0.0,11.2
Ahmedabad,23.0225,72.5714,2026-06-30 17:00:00,28.5,14.8,149.0,3.0,3.2,86.0,35.8,45,0.6,18.6
Ahmedabad,23.0225,72.5714,2026-06-30 18:00:00,25.9,14.3,154.0,5.4,4.4,78.0,34.4,51,0.0,16.7
Ahmedabad,23.0225,72.5714,2026-06-30 19:00:00,22.5,14.4,159.0,8.8,6.0,66.0,33.2,58,0.0,14.1
Ahmedabad,23.0225,72.5714,2026-06-30 20:00:00,18.7,13.0,164.0,11.4,7.7,56.0,31.7,69,0.0,16.2
Ahmedabad,23.0225,72.5714,2026-06-30 21:00:00,14.0,10.1,171.0,12.6,9.5,48.0,31.4,71,0.0,14.5
Ahmedabad,23.0225,72.5714,2026-06-30 22:00:00,12.2,9.4,179.0,13.2,11.2,42.0,31.1,70,0.0,13.7
Ahmedabad,23.0225,72.5714,2026-06-30 23:00:00,12.5,9.8,182.0,13.4,12.0,37.0,30.6,71,0.0,8.7
Ahmedabad,23.0225,72.5714,2026-07-01 00:00:00,12.9,10.2,176.0,13.6,11.2,33.0,29.0,80,0.7,11.0
Ahmedabad,23.0225,72.5714,2026-07-01 01:00:00,13.7,10.8,166.0,13.6,9.4,30.0,28.4,86,0.4,10.4
Ahmedabad,23.0225,72.5714,2026-07-01 02:00:00,16.8,12.0,155.0,12.8,7.7,30.0,28.3,88,0.1,8.2
Ahmedabad,23.0225,72.5714,2026-07-01 03:00:00,22.4,13.9,142.0,10.7,6.2,33.0,28.3,87,0.1,6.2
Ahmedabad,23.0225,72.5714,2026-07-01 04:00:00,26.6,15.3,129.0,8.0,4.7,38.0,28.3,85,0.0,5.9
Ahmedabad,23.0225,72.5714,2026-07-01 05:00:00,28.4,16.4,124.0,7.5,3.4,38.0,30.6,67,0.0,11.3
Ahmedabad,23.0225,72.5714,2026-07-01 06:00:00,29.3,16.0,135.0,6.7,3.6,40.0,29.7,72,0.3,9.4
Ahmedabad,23.0225,72.5714,2026-07-01 07:00:00,31.0,15.4,154.0,5.6,3.8,44.0,30.3,71,0.1,8.8
Ahmedabad,23.0225,72.5714,2026-07-01 08:00:00,31.0,14.6,166.0,4.6,4.0,50.0,31.6,64,0.0,9.7
Ahmedabad,23.0225,72.5714,2026-07-01 09:00:00,32.2,14.8,162.0,3.7,4.0,59.0,33.0,58,0.0,7.5
Ahmedabad,23.0225,72.5714,2026-07-01 10:00:00,32.9,15.2,150.0,2.8,3.9,71.0,34.3,52,0.1,6.1
Ahmedabad,23.0225,72.5714,2026-07-01 11:00:00,32.6,15.3,141.0,2.1,3.9,80.0,35.0,49,0.1,7.0
Ahmedabad,23.0225,72.5714,2026-07-01 12:00:00,31.4,14.9,140.0,1.7,4.0,87.0,36.1,46,0.2,5.6
Ahmedabad,23.0225,72.5714,2026-07-01 13:00:00,30.2,14.6,143.0,1.6,4.1,92.0,36.8,44,0.1,4.4
Ahmedabad,23.0225,72.5714,2026-07-01 14:00:00,28.2,14.0,146.0,1.8,4.3,94.0,37.3,42,0.0,6.6
Ahmedabad,23.0225,72.5714,2026-07-01 15:00:00,26.8,13.6,147.0,2.3,4.4,93.0,36.7,43,0.0,6.7
Ahmedabad,23.0225,72.5714,2026-07-01 16:00:00,24.0,12.4,149.0,3.2,4.5,89.0,32.2,64,0.5,13.9
Ahmedabad,23.0225,72.5714,2026-07-01 17:00:00,27.1,14.6,152.0,5.3,6.3,82.0,37.6,38,0.7,12.2
Ahmedabad,23.0225,72.5714,2026-07-01 18:00:00,19.8,12.2,159.0,6.2,6.5,75.0,34.8,48,0.2,18.8
Ahmedabad,23.0225,72.5714,2026-07-01 19:00:00,15.3,10.0,167.0,7.5,6.9,66.0,32.2,62,0.5,15.6
Ahmedabad,23.0225,72.5714,2026-07-01 20:00:00,10.9,7.8,176.0,8.7,7.1,58.0,31.8,64,0.0,13.8
Ahmedabad,23.0225,72.5714,2026-07-01 21:00:00,10.9,7.8,188.0,9.8,7.1,53.0,30.8,69,0.0,13.9
Ahmedabad,23.0225,72.5714,2026-07-01 22:00:00,12.9,9.2,199.0,10.9,7.0,49.0,29.5,76,0.0,10.7
Ahmedabad,23.0225,72.5714,2026-07-01 23:00:00,15.3,10.8,202.0,11.9,6.8,45.0,26.8,91,0.0,12.6
Ahmedabad,23.0225,72.5714,2026-07-02 00:00:00,16.7,11.9,187.0,12.8,6.7,40.0,28.1,86,0.7,6.1
Ahmedabad,23.0225,72.5714,2026-07-02 01:00:00,18.0,12.9,163.0,13.5,6.5,36.0,26.4,90,0.6,17.0
Ahmedabad,23.0225,72.5714,2026-07-02 02:00:00,22.7,15.1,145.0,13.7,6.2,32.0,25.8,91,0.2,10.7
Ahmedabad,23.0225,72.5714,2026-07-02 03:00:00,27.1,17.1,140.0,13.2,5.7,30.0,25.9,91,0.1,8.4
Ahmedabad,23.0225,72.5714,2026-07-02 04:00:00,30.0,18.3,141.0,12.3,5.0,29.0,26.3,90,0.0,5.9
Ahmedabad,23.0225,72.5714,2026-07-02 05:00:00,14.9,11.1,149.0,12.4,5.1,36.0,27.3,85,0.0,7.5
Ahmedabad,23.0225,72.5714,2026-07-02 06:00:00,19.6,12.6,169.0,11.1,5.6,39.0,27.6,79,0.0,4.6
Ahmedabad,23.0225,72.5714,2026-07-02 07:00:00,24.0,14.4,196.0,9.3,6.2,44.0,28.9,72,0.0,5.5
Ahmedabad,23.0225,72.5714,2026-07-02 08:00:00,32.9,16.6,211.0,7.4,6.4,52.0,30.9,66,0.0,7.3
Ahmedabad,23.0225,72.5714,2026-07-02 09:00:00,44.1,19.3,204.0,5.4,6.0,65.0,32.3,62,0.0,8.4
Ahmedabad,23.0225,72.5714,2026-07-02 10:00:00,49.2,20.3,185.0,3.5,5.2,80.0,33.1,59,0.2,6.6
Ahmedabad,23.0225,72.5714,2026-07-02 11:00:00,49.5,20.4,169.0,2.1,4.5,92.0,34.7,54,0.1,3.1
Ahmedabad,23.0225,72.5714,2026-07-02 12:00:00,47.7,20.0,158.0,1.6,4.1,97.0,35.1,54,0.0,5.0
Ahmedabad,23.0225,72.5714,2026-07-02 13:00:00,44.0,18.8,150.0,1.8,3.8,98.0,35.7,49,0.0,5.8
Ahmedabad,23.0225,72.5714,2026-07-02 14:00:00,47.8,21.4,152.0,2.5,3.8,97.0,35.4,49,0.0,3.3
Ahmedabad,23.0225,72.5714,2026-07-02 15:00:00,39.9,18.3,171.0,3.9,4.3,93.0,33.3,57,0.4,12.1
Ahmedabad,23.0225,72.5714,2026-07-02 16:00:00,33.3,16.1,200.0,5.8,5.1,87.0,31.6,67,0.8,13.9
Ahmedabad,23.0225,72.5714,2026-07-02 17:00:00,40.9,22.4,221.0,7.1,9.2,106.0,32.3,62,0.3,13.6
Ahmedabad,23.0225,72.5714,2026-07-02 18:00:00,24.2,15.8,226.0,7.9,8.5,93.0,31.0,70,0.5,12.1
Ahmedabad,23.0225,72.5714,2026-07-02 19:00:00,15.4,11.0,225.0,9.0,7.6,74.0,30.4,73,0.1,11.1
Ahmedabad,23.0225,72.5714,2026-07-02 20:00:00,12.6,9.3,225.0,10.1,6.9,60.0,30.0,75,0.0,10.1
Ahmedabad,23.0225,72.5714,2026-07-02 21:00:00,12.7,9.3,235.0,11.1,6.7,54.0,29.4,77,0.0,11.1
Ahmedabad,23.0225,72.5714,2026-07-02 22:00:00,14.1,10.2,247.0,12.0,6.7,52.0,29.0,80,0.0,8.9
Ahmedabad,23.0225,72.5714,2026-07-02 23:00:00,15.4,10.9,248.0,12.7,6.6,50.0,28.7,78,0.0,7.4
Ahmedabad,23.0225,72.5714,2026-07-03 00:00:00,16.6,11.4,226.0,13.1,6.4,46.0,28.5,79,0.0,6.1
Ahmedabad,23.0225,72.5714,2026-07-03 01:00:00,18.0,12.2,192.0,13.2,6.1,42.0,28.4,79,0.0,6.4
Ahmedabad,23.0225,72.5714,2026-07-03 02:00:00,20.3,13.1,168.0,13.2,5.9,38.0,28.3,81,0.0,4.5
Ahmedabad,23.0225,72.5714,2026-07-03 03:00:00,22.1,13.8,162.0,13.2,5.6,34.0,28.3,82,0.0,4.0
Ahmedabad,23.0225,72.5714,2026-07-03 04:00:00,22.3,13.9,166.0,13.2,5.3,31.0,28.2,84,0.0,3.3
Ahmedabad,23.0225,72.5714,2026-07-03 05:00:00,23.9,13.8,177.0,11.1,4.8,38.0,28.6,84,0.0,3.6
Ahmedabad,23.0225,72.5714,2026-07-03 06:00:00,24.5,14.8,202.0,10.9,5.2,38.0,28.6,86,0.0,4.8
Ahmedabad,23.0225,72.5714,2026-07-03 07:00:00,27.2,15.5,235.0,10.7,5.7,39.0,29.2,81,0.0,4.5
Ahmedabad,23.0225,72.5714,2026-07-03 08:00:00,34.0,17.1,251.0,10.1,6.0,41.0,30.3,75,0.0,5.7
Ahmedabad,23.0225,72.5714,2026-07-03 09:00:00,45.4,19.7,235.0,8.9,6.0,45.0,31.2,71,0.0,6.0
Ahmedabad,23.0225,72.5714,2026-07-03 10:00:00,59.3,23.2,203.0,7.4,5.7,51.0,31.5,69,0.0,4.7
Ahmedabad,23.0225,72.5714,2026-07-03 11:00:00,68.2,25.8,176.0,6.2,5.6,57.0,29.6,76,0.0,4.2
Ahmedabad,23.0225,72.5714,2026-07-03 12:00:00,72.2,27.2,159.0,5.5,5.5,64.0,29.3,79,1.4,4.3
Ahmedabad,23.0225,72.5714,2026-07-03 13:00:00,72.4,27.8,146.0,5.1,5.5,72.0,28.9,82,0.9,1.5
Ahmedabad,23.0225,72.5714,2026-07-03 14:00:00,72.4,28.3,149.0,5.5,5.8,76.0,29.8,78,0.1,7.3
Ahmedabad,23.0225,72.5714,2026-07-03 15:00:00,72.4,28.8,176.0,7.3,7.0,75.0,30.9,70,0.0,10.2
Ahmedabad,23.0225,72.5714,2026-07-03 16:00:00,70.8,28.8,219.0,9.9,8.5,71.0,30.3,70,0.0,11.3
Ahmedabad,23.0225,72.5714,2026-07-03 17:00:00,50.3,24.1,255.0,11.3,11.6,72.0,30.2,83,0.0,12.0
Ahmedabad,23.0225,72.5714,2026-07-03 18:00:00,33.4,18.6,282.0,12.5,10.2,67.0,29.6,81,0.0,11.6
Ahmedabad,23.0225,72.5714,2026-07-03 19:00:00,23.3,15.1,304.0,14.1,8.4,59.0,29.1,80,0.1,13.4
Ahmedabad,23.0225,72.5714,2026-07-03 20:00:00,17.6,12.6,308.0,15.5,6.9,53.0,28.3,85,0.0,10.6
Ahmedabad,23.0225,72.5714,2026-07-03 21:00:00,16.7,12.4,283.0,16.5,6.3,50.0,28.1,86,0.1,9.4
Ahmedabad,23.0225,72.5714,2026-07-03 22:00:00,17.1,13.0,240.0,17.2,6.0,48.0,28.1,86,0.0,8.7
Ahmedabad,23.0225,72.5714,2026-07-03 23:00:00,16.1,12.4,203.0,17.2,5.8,46.0,26.3,85,0.0,7.6
Ahmedabad,23.0225,72.5714,2026-07-04 00:00:00,15.1,11.4,182.0,15.9,5.5,43.0,26.0,87,0.4,6.8
Ahmedabad,23.0225,72.5714,2026-07-04 01:00:00,16.6,11.3,167.0,13.9,5.1,40.0,25.9,91,0.8,4.7
Ahmedabad,23.0225,72.5714,2026-07-04 02:00:00,21.2,12.7,156.0,12.1,4.9,37.0,25.7,93,1.3,4.6
Ahmedabad,23.0225,72.5714,2026-07-04 03:00:00,22.6,13.0,143.0,10.7,4.8,35.0,25.7,95,1.2,4.8
Ahmedabad,23.0225,72.5714,2026-07-04 04:00:00,23.2,13.0,133.0,9.6,4.9,35.0,25.8,95,0.6,4.7
Ahmedabad,23.0225,72.5714,2026-07-04 05:00:00,14.5,10.1,142.0,11.8,2.9,31.0,26.2,96,1.0,6.7
Ahmedabad,23.0225,72.5714,2026-07-04 06:00:00,19.6,10.3,192.0,11.4,3.1,32.0,26.2,95,0.9,5.3
Ahmedabad,23.0225,72.5714,2026-07-04 07:00:00,21.3,11.2,260.0,10.9,3.5,33.0,26.7,96,0.5,4.0
Ahmedabad,23.0225,72.5714,2026-07-04 08:00:00,24.6,12.4,300.0,10.3,3.9,35.0,27.6,92,0.1,4.0
Ahmedabad,23.0225,72.5714,2026-07-04 09:00:00,27.6,14.3,280.0,9.7,4.6,38.0,28.6,85,0.0,4.4
Ahmedabad,23.0225,72.5714,2026-07-04 10:00:00,29.5,15.9,231.0,9.1,5.4,41.0,29.3,80,0.0,3.7
Ahmedabad,23.0225,72.5714,2026-07-04 11:00:00,32.6,17.0,195.0,8.4,5.9,46.0,29.6,69,0.3,9.2
Ahmedabad,23.0225,72.5714,2026-07-04 12:00:00,34.9,18.5,191.0,7.2,6.0,53.0,30.3,64,0.0,8.9
Ahmedabad,23.0225,72.5714,2026-07-04 13:00:00,40.9,20.1,199.0,6.0,5.7,62.0,30.5,64,0.1,7.6
Ahmedabad,23.0225,72.5714,2026-07-04 14:00:00,44.0,20.5,207.0,5.7,5.5,67.0,30.6,65,0.0,8.5
Ahmedabad,23.0225,72.5714,2026-07-04 15:00:00,41.7,21.4,208.0,6.9,5.3,67.0,32.0,61,0.0,8.8
Ahmedabad,23.0225,72.5714,2026-07-04 16:00:00,41.0,20.5,207.0,9.0,5.0,64.0,31.7,62,0.0,8.3
Ahmedabad,23.0225,72.5714,2026-07-04 17:00:00,52.3,25.9,209.0,12.5,5.4,60.0,31.2,63,0.0,7.8
Ahmedabad,23.0225,72.5714,2026-07-04 18:00:00,53.7,28.6,215.0,19.1,6.7,52.0,30.5,68,0.0,5.8
Ahmedabad,23.0225,72.5714,2026-07-04 19:00:00,41.6,26.5,224.0,28.2,8.5,41.0,29.6,71,0.0,7.7
Ahmedabad,23.0225,72.5714,2026-07-04 20:00:00,34.7,23.7,230.0,34.4,10.1,33.0,29.1,72,0.0,8.0
Ahmedabad,23.0225,72.5714,2026-07-04 21:00:00,35.9,23.1,232.0,35.1,11.3,30.0,28.6,76,0.0,12.5
Ahmedabad,23.0225,72.5714,2026-07-04 22:00:00,34.7,22.1,231.0,32.9,12.2,30.0,27.8,88,0.0,10.6
Ahmedabad,23.0225,72.5714,2026-07-04 23:00:00,31.1,21.1,229.0,30.6,12.9,30.0,27.3,91,0.0,10.0
Ahmedabad,23.0225,72.5714,2026-07-05 00:00:00,30.7,20.0,225.0,29.2,13.2,28.0,26.9,93,0.1,8.1
Ahmedabad,23.0225,72.5714,2026-07-05 01:00:00,26.5,18.0,219.0,27.7,13.3,26.0,26.5,95,0.5,10.3
Ahmedabad,23.0225,72.5714,2026-07-05 02:00:00,22.9,15.7,212.0,26.1,13.0,25.0,26.4,95,0.1,8.3
Ahmedabad,23.0225,72.5714,2026-07-05 03:00:00,22.4,14.3,203.0,24.6,12.4,24.0,26.1,95,0.0,8.1
Ahmedabad,23.0225,72.5714,2026-07-05 04:00:00,22.7,14.3,194.0,22.9,11.5,24.0,25.9,95,0.0,4.8
Ahmedabad,23.0225,72.5714,2026-07-05 05:00:00,28.6,13.8,188.0,14.0,6.1,40.0,25.4,97,0.0,5.5
Ahmedabad,23.0225,72.5714,2026-07-05 06:00:00,36.7,16.6,188.0,12.2,5.9,41.0,25.7,96,0.2,6.3
Ahmedabad,23.0225,72.5714,2026-07-05 07:00:00,45.3,19.4,193.0,9.6,5.6,42.0,26.9,92,0.3,9.4
Ahmedabad,23.0225,72.5714,2026-07-05 08:00:00,53.1,21.9,199.0,7.2,5.4,47.0,27.8,88,0.9,8.3
Ahmedabad,23.0225,72.5714,2026-07-05 09:00:00,64.7,26.0,209.0,5.4,5.4,58.0,27.1,92,4.9,6.6
Ahmedabad,23.0225,72.5714,2026-07-05 10:00:00,73.6,29.1,221.0,3.8,5.6,72.0,27.6,90,2.7,3.1
Ahmedabad,23.0225,72.5714,2026-07-05 11:00:00,79.4,31.2,227.0,2.6,5.8,85.0,30.0,78,0.7,8.9
Ahmedabad,23.0225,72.5714,2026-07-05 12:00:00,81.5,31.9,220.0,2.0,6.0,97.0,31.2,72,0.1,9.0
Ahmedabad,23.0225,72.5714,2026-07-05 13:00:00,83.6,32.8,207.0,1.8,6.1,109.0,32.1,69,0.2,6.7
Ahmedabad,23.0225,72.5714,2026-07-05 14:00:00,83.6,33.4,205.0,1.9,6.3,118.0,32.6,69,0.3,5.6
Ahmedabad,23.0225,72.5714,2026-07-05 15:00:00,82.4,33.4,217.0,1.8,6.4,123.0,33.0,68,0.2,4.5
Ahmedabad,23.0225,72.5714,2026-07-05 16:00:00,80.8,33.2,240.0,2.0,6.5,126.0,32.9,69,0.2,4.1
Ahmedabad,23.0225,72.5714,2026-07-05 17:00:00,70.3,27.9,281.0,3.5,6.0,112.0,33.1,64,9.6,3.3
Ahmedabad,23.0225,72.5714,2026-07-05 18:00:00,71.5,29.6,356.0,13.5,7.2,95.0,31.1,75,0.2,3.9
Ahmedabad,23.0225,72.5714,2026-07-05 19:00:00,79.4,40.6,449.0,27.0,8.9,71.0,29.8,86,1.1,3.6
Ahmedabad,23.0225,72.5714,2026-07-05 20:00:00,72.9,42.3,515.0,35.2,9.8,54.0,29.2,91,1.9,1.4
Ahmedabad,23.0225,72.5714,2026-07-05 21:00:00,56.8,36.9,539.0,32.9,9.5,52.0,28.7,94,0.0,5.4
Ahmedabad,23.0225,72.5714,2026-07-05 22:00:00,46.4,32.0,535.0,25.2,8.4,56.0,28.6,93,0.0,3.2
Ahmedabad,23.0225,72.5714,2026-07-05 23:00:00,43.2,29.4,507.0,18.8,7.4,58.0,27.3,96,0.0,4.5
Ahmedabad,23.0225,72.5714,2026-07-06 00:00:00,42.8,27.6,441.0,16.3,6.6,54.0,27.3,96,0.0,5.3
Ahmedabad,23.0225,72.5714,2026-07-06 01:00:00,44.1,25.6,350.0,15.0,5.7,47.0,27.2,96,0.0,4.8
Ahmedabad,23.0225,72.5714,2026-07-06 02:00:00,45.2,24.8,273.0,14.0,5.0,41.0,26.9,95,0.0,6.3
Ahmedabad,23.0225,72.5714,2026-07-06 03:00:00,45.6,24.6,218.0,13.0,4.4,36.0,26.8,92,0.0,5.9
Ahmedabad,23.0225,72.5714,2026-07-06 04:00:00,47.1,25.1,176.0,12.3,3.8,32.0,26.7,91,0.0,4.5
Ahmedabad,23.0225,72.5714,2026-07-06 05:00:00,55.1,34.9,169.0,24.9,8.0,26.0,27.1,92,0.0,6.8
Ahmedabad,23.0225,72.5714,2026-07-06 06:00:00,54.6,34.6,226.0,20.8,7.9,34.0,27.4,90,0.0,6.6
Ahmedabad,23.0225,72.5714,2026-07-06 07:00:00,54.4,31.9,317.0,15.2,7.7,46.0,28.3,87,0.0,5.5
Ahmedabad,23.0225,72.5714,2026-07-06 08:00:00,63.6,33.3,367.0,10.3,7.4,60.0,29.3,83,0.0,4.7
Ahmedabad,23.0225,72.5714,2026-07-06 09:00:00,72.4,35.4,332.0,7.1,6.7,76.0,30.8,78,0.0,5.6
Ahmedabad,23.0225,72.5714,2026-07-06 10:00:00,80.8,37.3,256.0,4.7,5.9,94.0,31.7,74,0.0,6.4
Ahmedabad,23.0225,72.5714,2026-07-06 11:00:00,89.6,39.1,199.0,3.1,5.3,107.0,31.4,72,0.0,10.4
Ahmedabad,23.0225,72.5714,2026-07-06 12:00:00,98.0,40.6,183.0,2.4,5.1,113.0,32.2,70,0.5,10.7
Ahmedabad,23.0225,72.5714,2026-07-06 13:00:00,100.8,41.2,185.0,2.5,5.1,114.0,32.8,70,0.2,9.4
Ahmedabad,23.0225,72.5714,2026-07-06 14:00:00,102.9,42.3,197.0,2.8,5.1,114.0,33.4,67,0.1,8.9
Ahmedabad,23.0225,72.5714,2026-07-06 15:00:00,105.9,43.7,221.0,2.7,4.9,116.0,34.0,65,0.1,6.6
Ahmedabad,23.0225,72.5714,2026-07-06 16:00:00,104.3,43.7,255.0,2.9,4.6,117.0,30.1,85,4.3,10.1
Ahmedabad,23.0225,72.5714,2026-07-06 17:00:00,93.1,40.6,285.0,5.4,5.0,105.0,30.8,80,7.9,6.5
Ahmedabad,23.0225,72.5714,2026-07-06 18:00:00,80.6,39.5,305.0,13.6,5.9,86.0,29.5,92,2.7,2.8
Ahmedabad,23.0225,72.5714,2026-07-06 19:00:00,75.9,40.7,321.0,24.9,7.1,61.0,29.3,93,1.6,4.5
Ahmedabad,23.0225,72.5714,2026-07-06 20:00:00,83.4,47.0,339.0,33.3,8.0,41.0,29.0,95,1.5,4.8
Ahmedabad,23.0225,72.5714,2026-07-06 21:00:00,87.8,52.5,369.0,36.7,8.6,33.0,28.5,95,1.2,5.8
Ahmedabad,23.0225,72.5714,2026-07-06 22:00:00,87.5,54.6,403.0,37.1,9.0,31.0,28.1,95,0.2,6.5
Ahmedabad,23.0225,72.5714,2026-07-06 23:00:00,75.2,47.6,416.0,34.6,8.8,32.0,27.5,90,0.1,8.4
Ahmedabad,23.0225,72.5714,2026-07-07 00:00:00,59.8,37.5,397.0,27.1,7.6,38.0,26.6,94,3.5,2.6
Ahmedabad,23.0225,72.5714,2026-07-07 01:00:00,50.3,30.9,357.0,16.7,5.8,47.0,26.4,95,2.0,3.1
Ahmedabad,23.0225,72.5714,2026-07-07 02:00:00,45.9,26.4,317.0,9.0,4.5,53.0,26.3,97,0.5,7.1
Ahmedabad,23.0225,72.5714,2026-07-07 03:00:00,45.9,24.6,275.0,6.9,4.1,51.0,26.2,96,0.3,9.3
Ahmedabad,23.0225,72.5714,2026-07-07 04:00:00,47.8,24.2,231.0,7.5,4.2,46.0,26.1,95,0.4,8.6
Ahmedabad,23.0225,72.5714,2026-07-07 05:00:00,46.3,28.8,205.0,11.5,4.5,43.0,25.5,97,0.7,8.5
Ahmedabad,23.0225,72.5714,2026-07-07 06:00:00,45.5,27.2,211.0,11.3,4.7,42.0,25.6,96,0.1,7.7
Ahmedabad,23.0225,72.5714,2026-07-07 07:00:00,48.0,27.6,235.0,10.8,4.9,42.0,26.2,92,0.3,12.2
Ahmedabad,23.0225,72.5714,2026-07-07 08:00:00,55.4,29.3,249.0,9.9,5.0,45.0,27.1,89,0.0,9.8
Ahmedabad,23.0225,72.5714,2026-07-07 09:00:00,66.1,33.1,233.0,7.9,4.8,55.0,28.6,83,0.0,14.9
Ahmedabad,23.0225,72.5714,2026-07-07 10:00:00,72.2,35.4,207.0,5.4,4.4,69.0,29.9,77,0.1,14.4
Ahmedabad,23.0225,72.5714,2026-07-07 11:00:00,71.0,35.6,209.0,3.6,4.1,80.0,30.1,77,0.4,10.6
Ahmedabad,23.0225,72.5714,2026-07-07 12:00:00,67.3,34.5,274.0,3.1,4.0,85.0,29.0,87,4.0,6.2
Ahmedabad,23.0225,72.5714,2026-07-07 13:00:00,64.3,33.3,366.0,3.2,3.9,86.0,27.9,93,8.6,7.1
Ahmedabad,23.0225,72.5714,2026-07-07 14:00:00,64.0,34.3,417.0,3.8,3.9,85.0,27.7,94,6.7,7.8
Ahmedabad,23.0225,72.5714,2026-07-07 15:00:00,61.2,32.9,381.0,4.6,4.0,82.0,27.7,94,2.7,5.6
Ahmedabad,23.0225,72.5714,2026-07-07 16:00:00,62.4,33.6,304.0,5.8,4.2,78.0,27.5,95,1.1,7.5
Ahmedabad,23.0225,72.5714,2026-07-07 17:00:00,51.8,32.1,254.0,20.9,5.2,56.0,30.9,74,0.6,9.7
Ahmedabad,23.0225,72.5714,2026-07-07 18:00:00,49.1,30.9,265.0,21.1,5.4,53.0,29.5,81,0.1,9.1
Ahmedabad,23.0225,72.5714,2026-07-07 19:00:00,46.7,30.2,304.0,21.4,5.7,49.0,28.7,84,0.2,8.5
Ahmedabad,23.0225,72.5714,2026-07-07 20:00:00,47.6,31.2,334.0,22.1,6.1,44.0,28.7,85,0.0,6.6
Ahmedabad,23.0225,72.5714,2026-07-07 21:00:00,51.0,33.5,346.0,24.3,6.7,38.0,27.8,89,0.3,4.5
Ahmedabad,23.0225,72.5714,2026-07-07 22:00:00,52.5,34.9,349.0,26.9,7.3,31.0,26.9,93,1.3,6.1
Ahmedabad,23.0225,72.5714,2026-07-07 23:00:00,49.4,33.3,339.0,27.2,7.6,28.0,28.0,89,0.4,8.1
Ahmedabad,23.0225,72.5714,2026-07-08 00:00:00,43.3,28.8,308.0,22.9,7.1,33.0,28.0,88,0.0,10.3
Ahmedabad,23.0225,72.5714,2026-07-08 01:00:00,39.8,25.0,265.0,16.2,6.2,41.0,27.6,91,0.0,5.5
Ahmedabad,23.0225,72.5714,2026-07-08 02:00:00,40.0,23.3,228.0,11.1,5.6,47.0,27.4,93,0.1,6.1
Ahmedabad,23.0225,72.5714,2026-07-08 03:00:00,41.3,22.6,202.0,9.2,5.7,47.0,27.7,91,0.1,8.6
Ahmedabad,23.0225,72.5714,2026-07-08 04:00:00,42.1,22.4,182.0,8.9,6.0,45.0,27.6,92,0.0,8.8
Ahmedabad,23.0225,72.5714,2026-07-08 05:00:00,37.8,20.4,174.0,9.3,6.0,44.0,27.4,96,0.0,9.2
Ahmedabad,23.0225,72.5714,2026-07-08 06:00:00,35.6,19.0,187.0,8.9,6.2,43.0,27.5,96,0.0,7.7
Ahmedabad,23.0225,72.5714,2026-07-08 07:00:00,36.6,19.2,212.0,8.4,6.4,43.0,28.1,93,0.0,8.6
Ahmedabad,23.0225,72.5714,2026-07-08 08:00:00,43.5,20.7,223.0,7.5,6.4,46.0,28.6,89,0.0,9.0
Ahmedabad,23.0225,72.5714,2026-07-08 09:00:00,49.8,22.2,205.0,5.9,6.1,56.0,29.6,82,0.0,11.1
Ahmedabad,23.0225,72.5714,2026-07-08 10:00:00,55.1,23.7,172.0,4.0,5.6,69.0,30.4,76,0.0,10.4
Ahmedabad,23.0225,72.5714,2026-07-08 11:00:00,58.7,25.2,147.0,2.6,5.2,80.0,31.3,71,0.0,10.3
Ahmedabad,23.0225,72.5714,2026-07-08 12:00:00,60.1,26.1,133.0,2.2,5.1,87.0,32.1,67,0.0,9.5
Ahmedabad,23.0225,72.5714,2026-07-08 13:00:00,59.8,26.3,126.0,2.3,5.2,92.0,32.4,64,0.0,10.2
Ahmedabad,23.0225,72.5714,2026-07-08 14:00:00,59.5,26.3,134.0,2.8,5.3,95.0,33.1,60,0.0,12.8
Ahmedabad,23.0225,72.5714,2026-07-08 15:00:00,59.4,26.4,165.0,3.5,5.3,97.0,33.0,59,0.0,14.4
Ahmedabad,23.0225,72.5714,2026-07-08 16:00:00,61.0,26.7,211.0,4.4,5.3,96.0,32.9,60,0.0,12.3
Ahmedabad,23.0225,72.5714,2026-07-08 17:00:00,61.5,30.2,252.0,10.4,5.0,81.0,32.8,67,0.1,10.6
Ahmedabad,23.0225,72.5714,2026-07-08 18:00:00,60.1,32.5,285.0,15.2,5.9,71.0,32.2,71,0.0,8.5
Ahmedabad,23.0225,72.5714,2026-07-08 19:00:00,59.6,33.9,313.0,21.5,7.2,58.0,31.3,76,0.0,7.0
Ahmedabad,23.0225,72.5714,2026-07-08 20:00:00,57.5,33.3,327.0,24.6,7.9,49.0,30.9,77,0.0,8.1
Ahmedabad,23.0225,72.5714,2026-07-08 21:00:00,56.0,31.7,324.0,21.3,7.4,49.0,30.6,75,0.0,7.4
Ahmedabad,23.0225,72.5714,2026-07-08 22:00:00,55.6,30.4,309.0,14.8,6.3,53.0,30.3,74,0.0,7.5
Ahmedabad,23.0225,72.5714,2026-07-08 23:00:00,55.1,29.4,281.0,9.7,5.5,55.0,29.6,77,0.0,11.8
Ahmedabad,23.0225,72.5714,2026-07-09 00:00:00,54.1,28.5,233.0,8.0,5.3,52.0,29.2,78,0.0,9.6
Ahmedabad,23.0225,72.5714,2026-07-09 01:00:00,52.7,27.9,174.0,7.7,5.3,47.0,28.9,78,0.0,11.1
Ahmedabad,23.0225,72.5714,2026-07-09 02:00:00,51.7,27.6,131.0,7.6,5.4,43.0,28.5,78,0.0,12.1
Ahmedabad,23.0225,72.5714,2026-07-09 03:00:00,51.3,27.4,119.0,7.5,5.5,40.0,27.9,80,0.0,11.5
Ahmedabad,23.0225,72.5714,2026-07-09 04:00:00,51.7,27.2,123.0,7.6,5.5,38.0,27.5,83,0.0,12.2
Ahmedabad,23.0225,72.5714,2026-07-09 05:00:00,43.7,23.7,130.0,7.4,5.6,39.0,27.6,84,0.0,11.5
Ahmedabad,23.0225,72.5714,2026-07-09 06:00:00,40.4,21.1,136.0,7.1,5.8,39.0,27.5,86,0.0,11.2
Ahmedabad,23.0225,72.5714,2026-07-09 07:00:00,44.7,21.1,144.0,6.6,5.9,39.0,28.2,83,0.0,10.2
Ahmedabad,23.0225,72.5714,2026-07-09 08:00:00,45.5,20.7,148.0,5.8,5.9,43.0,29.0,78,0.2,12.9
Ahmedabad,23.0225,72.5714,2026-07-09 09:00:00,47.3,20.0,145.0,4.6,5.4,52.0,30.0,72,0.1,11.4
Ahmedabad,23.0225,72.5714,2026-07-09 10:00:00,57.2,21.9,139.0,3.1,4.7,64.0,31.2,65,0.0,12.7
Ahmedabad,23.0225,72.5714,2026-07-09 11:00:00,61.9,22.3,133.0,2.0,4.1,75.0,31.6,65,0.0,13.0
Ahmedabad,23.0225,72.5714,2026-07-09 12:00:00,64.5,23.1,125.0,1.6,3.8,82.0,32.7,60,0.0,13.9
Ahmedabad,23.0225,72.5714,2026-07-09 13:00:00,64.7,23.5,118.0,1.6,3.7,88.0,34.0,54,0.0,14.9
Ahmedabad,23.0225,72.5714,2026-07-09 14:00:00,66.8,24.4,124.0,1.9,3.7,92.0,34.6,51,0.0,15.3
Ahmedabad,23.0225,72.5714,2026-07-09 15:00:00,68.7,25.3,156.0,2.5,3.7,94.0,35.1,49,0.0,14.7
Ahmedabad,23.0225,72.5714,2026-07-09 16:00:00,68.2,25.9,202.0,3.4,3.7,94.0,35.3,49,0.0,13.9
Ahmedabad,23.0225,72.5714,2026-07-09 17:00:00,83.8,32.7,240.0,4.1,3.9,94.0,34.8,51,0.0,8.7
Ahmedabad,23.0225,72.5714,2026-07-09 18:00:00,72.6,32.7,265.0,7.6,4.7,85.0,33.7,56,0.0,10.1
Ahmedabad,23.0225,72.5714,2026-07-09 19:00:00,65.7,32.9,282.0,12.3,5.8,72.0,31.1,74,0.0,12.6
Ahmedabad,23.0225,72.5714,2026-07-09 20:00:00,61.0,32.4,281.0,15.0,6.5,62.0,30.2,80,0.0,10.4
Ahmedabad,23.0225,72.5714,2026-07-09 21:00:00,56.5,30.2,248.0,13.7,6.3,58.0,30.9,67,0.0,11.2
Ahmedabad,23.0225,72.5714,2026-07-09 22:00:00,52.6,27.8,197.0,10.5,5.6,56.0,30.2,69,0.0,14.0
Ahmedabad,23.0225,72.5714,2026-07-09 23:00:00,48.5,25.6,155.0,7.9,5.1,53.0,29.4,75,0.0,13.2
Ahmedabad,23.0225,72.5714,2026-07-10 00:00:00,44.1,23.2,135.0,7.0,4.8,48.0,29.2,76,0.0,12.9
Ahmedabad,23.0225,72.5714,2026-07-10 01:00:00,40.3,21.5,125.0,6.7,4.7,42.0,28.8,76,0.0,14.7
Ahmedabad,23.0225,72.5714,2026-07-10 02:00:00,37.8,20.3,119.0,6.7,4.6,37.0,28.1,80,0.0,13.2
Ahmedabad,23.0225,72.5714,2026-07-10 03:00:00,34.7,18.6,115.0,6.9,4.6,34.0,27.6,83,0.0,12.4
Ahmedabad,23.0225,72.5714,2026-07-10 04:00:00,29.5,15.5,115.0,7.4,4.7,32.0,27.2,86,0.0,11.2
Ahmedabad,23.0225,72.5714,2026-07-10 05:00:00,27.1,14.4,118.0,7.6,4.8,31.0,27.6,85,0.0,12.5
Ahmedabad,23.0225,72.5714,2026-07-10 06:00:00,26.1,13.7,126.0,7.0,4.9,32.0,27.6,86,0.0,11.7
Ahmedabad,23.0225,72.5714,2026-07-10 07:00:00,32.4,15.0,138.0,6.2,5.0,34.0,28.0,84,0.1,12.5
Ahmedabad,23.0225,72.5714,2026-07-10 08:00:00,41.4,18.0,144.0,5.2,5.0,39.0,28.8,79,0.2,12.4
Ahmedabad,23.0225,72.5714,2026-07-10 09:00:00,49.6,19.8,139.0,4.0,4.7,49.0,30.0,73,0.0,14.1
Ahmedabad,23.0225,72.5714,2026-07-10 10:00:00,55.5,21.1,128.0,2.8,4.3,62.0,31.2,66,0.0,14.5
Ahmedabad,23.0225,72.5714,2026-07-10 11:00:00,60.8,22.4,121.0,1.9,4.0,73.0,32.3,58,0.0,16.5
Ahmedabad,23.0225,72.5714,2026-07-10 12:00:00,63.1,23.1,121.0,1.6,3.8,80.0,33.2,55,0.0,16.7
Ahmedabad,23.0225,72.5714,2026-07-10 13:00:00,65.9,24.3,126.0,1.6,3.7,86.0,34.2,50,0.0,16.9
Ahmedabad,23.0225,72.5714,2026-07-10 14:00:00,65.7,25.1,136.0,1.9,3.6,89.0,35.2,47,0.0,16.1
Ahmedabad,23.0225,72.5714,2026-07-10 15:00:00,61.9,24.9,158.0,2.4,3.7,91.0,35.7,45,0.0,16.3
Ahmedabad,23.0225,72.5714,2026-07-10 16:00:00,58.0,24.7,186.0,3.2,3.8,91.0,35.5,47,0.0,13.3
Ahmedabad,23.0225,72.5714,2026-07-10 17:00:00,76.8,31.5,204.0,4.0,3.9,90.0,34.8,49,0.0,11.5
Ahmedabad,23.0225,72.5714,2026-07-10 18:00:00,62.6,29.7,204.0,5.5,4.3,85.0,33.7,53,0.0,10.8
Ahmedabad,23.0225,72.5714,2026-07-10 19:00:00,55.3,28.3,194.0,7.5,4.8,77.0,32.5,57,0.0,11.4
Ahmedabad,23.0225,72.5714,2026-07-10 20:00:00,50.2,26.7,181.0,8.8,5.1,69.0,32.0,58,0.0,14.3
Ahmedabad,23.0225,72.5714,2026-07-10 21:00:00,46.7,25.0,166.0,8.8,5.1,62.0,31.2,62,0.0,11.8
Ahmedabad,23.0225,72.5714,2026-07-10 22:00:00,44.6,23.7,148.0,8.0,4.8,55.0,30.0,69,0.0,10.5
Ahmedabad,23.0225,72.5714,2026-07-10 23:00:00,42.5,22.4,133.0,7.3,4.6,49.0,30.0,68,0.0,16.3
Ahmedabad,23.0225,72.5714,2026-07-11 00:00:00,39.9,21.0,124.0,6.8,4.4,45.0,29.1,71,0.0,19.0
Ahmedabad,23.0225,72.5714,2026-07-11 01:00:00,38.2,20.1,119.0,6.4,4.3,41.0,28.3,76,0.0,16.6
Ahmedabad,23.0225,72.5714,2026-07-11 02:00:00,37.0,19.4,115.0,6.1,4.2,39.0,27.8,79,0.0,15.2
Ahmedabad,23.0225,72.5714,2026-07-11 03:00:00,35.7,18.6,111.0,6.1,4.2,37.0,27.5,81,0.0,13.5
Ahmedabad,23.0225,72.5714,2026-07-11 04:00:00,33.6,17.2,108.0,6.2,4.3,36.0,27.4,82,0.0,13.0
Ahmedabad,23.0225,72.5714,2026-07-11 05:00:00,28.8,15.0,110.0,6.6,4.3,35.0,27.4,84,0.0,12.4
Ahmedabad,23.0225,72.5714,2026-07-11 06:00:00,26.0,13.1,121.0,6.2,4.3,36.0,27.7,83,0.0,13.5
Ahmedabad,23.0225,72.5714,2026-07-11 07:00:00,27.4,13.2,136.0,5.6,4.4,37.0,28.1,82,0.0,13.9
Ahmedabad,23.0225,72.5714,2026-07-11 08:00:00,25.0,11.9,144.0,4.9,4.3,41.0,29.0,77,0.2,18.2
Ahmedabad,23.0225,72.5714,2026-07-11 09:00:00,26.7,11.6,139.0,3.9,3.9,49.0,30.1,70,0.0,18.4
Ahmedabad,23.0225,72.5714,2026-07-11 10:00:00,35.3,13.8,126.0,2.7,3.5,59.0,31.4,64,0.0,19.0
Ahmedabad,23.0225,72.5714,2026-07-11 11:00:00,40.3,15.3,118.0,1.9,3.1,68.0,32.7,56,0.0,19.5
Ahmedabad,23.0225,72.5714,2026-07-11 12:00:00,45.4,17.0,116.0,1.6,3.0,75.0,33.9,51,0.0,19.3
Ahmedabad,23.0225,72.5714,2026-07-11 13:00:00,51.9,19.4,118.0,1.6,3.0,80.0,34.7,47,0.0,18.2
Ahmedabad,23.0225,72.5714,2026-07-11 14:00:00,58.4,21.9,125.0,1.8,3.0,84.0,35.5,44,0.0,17.6
Ahmedabad,23.0225,72.5714,2026-07-11 15:00:00,59.1,23.1,141.0,2.1,3.0,86.0,36.4,41,0.0,19.4
Ahmedabad,23.0225,72.5714,2026-07-11 16:00:00,55.3,23.2,161.0,2.6,3.1,87.0,36.1,42,0.0,17.1
Ahmedabad,23.0225,72.5714,2026-07-11 17:00:00,55.1,23.8,174.0,3.7,3.4,84.0,35.3,47,0.0,14.1
Ahmedabad,23.0225,72.5714,2026-07-11 18:00:00,49.4,23.7,173.0,4.8,3.7,79.0,34.4,51,0.0,14.2
Ahmedabad,23.0225,72.5714,2026-07-11 19:00:00,46.9,23.7,164.0,6.3,4.0,71.0,33.1,55,0.0,14.3
Ahmedabad,23.0225,72.5714,2026-07-11 20:00:00,45.3,23.6,155.0,7.3,4.3,64.0,32.0,58,0.0,18.2
Ahmedabad,23.0225,72.5714,2026-07-11 21:00:00,43.9,23.1,148.0,7.3,4.4,57.0,30.9,63,0.0,20.3
Ahmedabad,23.0225,72.5714,2026-07-11 22:00:00,42.5,22.2,140.0,6.8,4.4,51.0,30.0,67,0.0,19.6
Ahmedabad,23.0225,72.5714,2026-07-11 23:00:00,40.5,21.1,132.0,6.4,4.3,46.0,29.8,69,0.0,17.2
Ahmedabad,23.0225,72.5714,2026-07-12 00:00:00,38.0,19.7,124.0,6.2,4.2,43.0,29.1,73,0.0,16.5
Ahmedabad,23.0225,72.5714,2026-07-12 01:00:00,35.3,18.2,115.0,6.1,4.1,41.0,28.5,76,0.0,15.4
Ahmedabad,23.0225,72.5714,2026-07-12 02:00:00,32.2,16.6,109.0,6.0,4.0,39.0,28.2,77,0.0,14.4
Ahmedabad,23.0225,72.5714,2026-07-12 03:00:00,29.7,15.1,107.0,6.1,4.0,37.0,28.0,79,0.0,13.6
Ahmedabad,23.0225,72.5714,2026-07-12 04:00:00,27.2,13.5,107.0,6.4,4.0,36.0,27.8,81,0.0,12.9
Ahmedabad,23.0225,72.5714,2026-07-12 05:00:00,24.9,12.3,108.0,6.2,4.0,36.0,27.7,82,0.0,12.4
Ahmedabad,23.0225,72.5714,2026-07-12 06:00:00,23.4,11.1,111.0,5.6,4.1,38.0,27.8,81,0.0,12.5
Ahmedabad,23.0225,72.5714,2026-07-12 07:00:00,27.5,12.5,116.0,4.8,4.3,40.0,28.4,78,0.0,13.9
Ahmedabad,23.0225,72.5714,2026-07-12 08:00:00,33.9,13.8,119.0,3.9,4.3,45.0,29.6,70,0.0,17.2
Ahmedabad,23.0225,72.5714,2026-07-12 09:00:00,43.5,16.2,118.0,3.1,4.1,53.0,30.8,65,0.0,18.6
Ahmedabad,23.0225,72.5714,2026-07-12 10:00:00,55.5,19.5,115.0,2.2,3.8,63.0,32.3,57,0.0,18.8
Ahmedabad,23.0225,72.5714,2026-07-12 11:00:00,64.5,22.1,113.0,1.6,3.6,71.0,33.8,52,0.0,19.6
Ahmedabad,23.0225,72.5714,2026-07-12 12:00:00,68.2,23.9,113.0,1.3,3.4,77.0,35.4,45,0.0,19.2
Ahmedabad,23.0225,72.5714,2026-07-12 13:00:00,65.4,23.9,114.0,1.2,3.3,82.0,36.6,41,0.0,20.4
Ahmedabad,23.0225,72.5714,2026-07-12 14:00:00,61.7,23.6,115.0,1.3,3.2,85.0,36.8,40,0.0,20.3
Ahmedabad,23.0225,72.5714,2026-07-12 15:00:00,58.6,23.2,116.0,1.5,3.1,84.0,37.4,38,0.0,20.8
Ahmedabad,23.0225,72.5714,2026-07-12 16:00:00,56.5,22.9,118.0,2.0,3.1,81.0,37.3,39,0.0,19.8
Ahmedabad,23.0225,72.5714,2026-07-12 17:00:00,84.8,32.5,120.0,2.8,3.3,74.0,36.4,42,0.0,16.1
Ahmedabad,23.0225,72.5714,2026-07-12 18:00:00,73.3,30.4,122.0,3.5,3.5,69.0,34.8,51,0.0,14.0
Ahmedabad,23.0225,72.5714,2026-07-12 19:00:00,64.5,28.3,124.0,4.4,3.9,61.0,33.2,58,0.0,13.4
Ahmedabad,23.0225,72.5714,2026-07-12 20:00:00,53.8,25.1,125.0,5.1,4.1,55.0,32.7,56,0.0,17.4
Ahmedabad,23.0225,72.5714,2026-07-12 21:00:00,43.5,21.5,125.0,5.3,4.1,50.0,31.7,61,0.0,19.2
Ahmedabad,23.0225,72.5714,2026-07-12 22:00:00,36.4,18.5,124.0,5.2,4.0,47.0,30.7,65,0.0,18.6
Ahmedabad,23.0225,72.5714,2026-07-12 23:00:00,31.7,16.3,122.0,5.1,3.9,44.0,30.3,67,0.0,17.9
Ahmedabad,23.0225,72.5714,2026-07-13 00:00:00,28.3,14.5,119.0,5.0,3.8,42.0,29.5,70,0.0,17.2
Ahmedabad,23.0225,72.5714,2026-07-13 01:00:00,26.0,13.3,114.0,4.9,3.6,41.0,28.9,73,0.0,16.2
Ahmedabad,23.0225,72.5714,2026-07-13 02:00:00,24.2,12.5,111.0,4.9,3.5,40.0,28.5,75,0.0,15.2
Ahmedabad,23.0225,72.5714,2026-07-13 03:00:00,22.6,11.8,109.0,5.1,3.6,39.0,28.2,77,0.0,14.7
Ahmedabad,23.0225,72.5714,2026-07-13 04:00:00,21.5,11.3,108.0,5.5,3.7,37.0,27.8,79,0.0,13.9
Ahmedabad,23.0225,72.5714,2026-07-13 05:00:00,20.2,11.1,110.0,5.8,3.8,37.0,27.8,80,0.0,12.4
Ahmedabad,23.0225,72.5714,2026-07-13 06:00:00,20.8,11.4,120.0,5.6,4.1,38.0,27.7,80,0.0,12.0
Ahmedabad,23.0225,72.5714,2026-07-13 07:00:00,22.4,12.3,134.0,5.4,4.5,40.0,28.3,78,0.0,11.5
Ahmedabad,23.0225,72.5714,2026-07-13 08:00:00,26.5,13.0,142.0,4.9,4.7,44.0,29.5,71,0.0,15.8
Ahmedabad,23.0225,72.5714,2026-07-13 09:00:00,31.9,14.2,137.0,4.0,4.5,52.0,30.9,64,0.0,16.7
Ahmedabad,23.0225,72.5714,2026-07-13 10:00:00,36.3,15.5,127.0,2.8,4.2,63.0,32.4,57,0.0,16.9
Ahmedabad,23.0225,72.5714,2026-07-13 11:00:00,38.3,16.2,119.0,2.0,3.9,72.0,33.7,51,0.0,16.0
Ahmedabad,23.0225,72.5714,2026-07-13 12:00:00,38.6,16.7,118.0,1.6,3.7,79.0,34.8,48,0.0,16.7
Ahmedabad,23.0225,72.5714,2026-07-13 13:00:00,39.3,17.1,120.0,1.5,3.5,85.0,36.1,43,0.0,18.8
Ahmedabad,23.0225,72.5714,2026-07-13 14:00:00,39.5,17.5,123.0,1.7,3.4,88.0,36.7,42,0.0,19.0
Ahmedabad,23.0225,72.5714,2026-07-13 15:00:00,38.4,17.6,125.0,2.2,3.3,89.0,37.5,40,0.0,18.9
Ahmedabad,23.0225,72.5714,2026-07-13 16:00:00,37.3,17.6,127.0,2.9,3.2,87.0,37.1,41,0.3,19.3
Ahmedabad,23.0225,72.5714,2026-07-13 17:00:00,40.9,21.0,131.0,3.8,3.1,81.0,36.7,42,0.0,16.3
Ahmedabad,23.0225,72.5714,2026-07-13 18:00:00,43.1,21.8,139.0,4.7,3.4,75.0,36.2,43,0.0,15.4
Ahmedabad,23.0225,72.5714,2026-07-13 19:00:00,43.9,22.5,149.0,5.9,3.9,67.0,34.9,48,0.0,15.4
Ahmedabad,23.0225,72.5714,2026-07-13 20:00:00,43.0,22.6,155.0,6.7,4.2,60.0,33.5,53,0.0,17.4
Ahmedabad,23.0225,72.5714,2026-07-13 21:00:00,42.0,22.2,153.0,6.9,4.3,54.0,32.2,58,0.0,16.5
Ahmedabad,23.0225,72.5714,2026-07-13 22:00:00,41.4,21.8,146.0,6.7,4.4,48.0,31.1,61,0.0,17.2
Ahmedabad,23.0225,72.5714,2026-07-13 23:00:00,39.9,21.0,139.0,6.5,4.3,44.0,30.4,63,0.0,16.5
Ahmedabad,23.0225,72.5714,2026-07-14 00:00:00,37.5,19.7,132.0,6.3,4.1,41.0,29.5,65,0.0,16.8
Ahmedabad,23.0225,72.5714,2026-07-14 01:00:00,35.3,18.6,124.0,6.0,3.9,39.0,28.7,69,0.0,15.4
Ahmedabad,23.0225,72.5714,2026-07-14 02:00:00,33.4,17.6,118.0,5.9,3.7,38.0,28.1,73,0.0,14.9
Ahmedabad,23.0225,72.5714,2026-07-14 03:00:00,31.2,16.6,115.0,6.0,3.7,37.0,27.8,76,0.0,13.8
Ahmedabad,23.0225,72.5714,2026-07-14 04:00:00,28.9,15.5,114.0,6.2,3.8,35.0,27.4,79,0.0,13.0
Ahmedabad,23.0225,72.5714,2026-07-14 05:00:00,27.8,14.7,117.0,6.6,3.9,35.0,27.7,79,0.0,11.2
Ahmedabad,23.0225,72.5714,2026-07-14 06:00:00,25.2,13.7,128.0,6.6,4.2,35.0,27.6,81,0.0,10.7
Ahmedabad,23.0225,72.5714,2026-07-14 07:00:00,26.0,14.1,142.0,6.5,4.6,36.0,28.2,79,0.0,10.6
Ahmedabad,23.0225,72.5714,2026-07-14 08:00:00,26.2,13.7,150.0,6.0,4.8,39.0,29.3,73,0.1,15.2
Ahmedabad,23.0225,72.5714,2026-07-14 09:00:00,26.5,13.3,144.0,4.8,4.5,46.0,30.4,67,0.1,16.5
Ahmedabad,23.0225,72.5714,2026-07-14 10:00:00,35.4,15.2,131.0,3.3,4.0,55.0,32.0,60,0.0,17.0
Ahmedabad,23.0225,72.5714,2026-07-14 11:00:00,37.3,15.4,122.0,2.2,3.5,63.0,33.5,53,0.0,16.7
Ahmedabad,23.0225,72.5714,2026-07-14 12:00:00,41.7,16.5,120.0,1.7,3.2,69.0,34.7,48,0.0,15.9
Ahmedabad,23.0225,72.5714,2026-07-14 13:00:00,44.2,17.2,122.0,1.6,2.9,73.0,35.6,43,0.0,15.6
Ahmedabad,23.0225,72.5714,2026-07-14 14:00:00,49.5,18.7,125.0,1.8,2.8,76.0,36.3,40,0.0,16.1
Ahmedabad,23.0225,72.5714,2026-07-14 15:00:00,56.8,20.5,125.0,2.0,2.8,78.0,36.6,39,0.1,15.0
Ahmedabad,23.0225,72.5714,2026-07-14 16:00:00,48.3,18.8,126.0,2.5,2.9,79.0,36.2,41,0.0,14.4
Ahmedabad,23.0225,72.5714,2026-07-14 17:00:00,77.8,28.2,140.0,4.4,3.0,71.0,36.3,39,0.0,13.0
Ahmedabad,23.0225,72.5714,2026-07-14 18:00:00,71.5,28.5,183.0,6.2,3.5,66.0,35.1,42,0.0,13.0
Ahmedabad,23.0225,72.5714,2026-07-14 19:00:00,65.2,28.3,238.0,8.5,4.1,59.0,31.9,63,0.1,15.3
Ahmedabad,23.0225,72.5714,2026-07-14 20:00:00,77.1,32.5,269.0,10.0,4.6,53.0,31.1,67,0.0,10.8
Ahmedabad,23.0225,72.5714,2026-07-14 21:00:00,72.9,30.7,254.0,9.6,4.6,49.0,31.4,65,0.0,10.4
Ahmedabad,23.0225,72.5714,2026-07-14 22:00:00,52.0,24.9,216.0,8.3,4.5,47.0,31.2,60,0.1,12.3
Ahmedabad,23.0225,72.5714,2026-07-14 23:00:00,40.6,20.5,180.0,7.2,4.3,44.0,29.3,72,0.0,7.4
Ahmedabad,23.0225,72.5714,2026-07-15 00:00:00,28.3,15.5,155.0,6.8,4.2,41.0,28.8,74,0.5,4.6
Ahmedabad,23.0225,72.5714,2026-07-15 01:00:00,21.8,12.6,134.0,6.7,4.2,38.0,29.2,73,0.0,10.3
Ahmedabad,23.0225,72.5714,2026-07-15 02:00:00,20.0,11.7,120.0,6.8,4.2,35.0,29.0,74,0.0,11.1
Ahmedabad,23.0225,72.5714,2026-07-15 03:00:00,19.6,11.5,116.0,7.4,4.3,32.0,28.4,77,0.0,10.1
Ahmedabad,23.0225,72.5714,2026-07-15 04:00:00,19.4,11.4,120.0,8.3,4.5,30.0,28.0,80,0.0,9.6
Ahmedabad,23.0225,72.5714,2026-07-15 05:00:00,15.8,9.7,127.0,9.8,4.4,28.0,28.0,80,0.0,9.3
Ahmedabad,23.0225,72.5714,2026-07-15 06:00:00,15.5,9.3,140.0,8.8,4.6,30.0,27.8,81,0.1,9.3
Ahmedabad,23.0225,72.5714,2026-07-15 07:00:00,16.7,9.5,156.0,7.3,4.8,34.0,28.6,77,0.0,8.3
Ahmedabad,23.0225,72.5714,2026-07-15 08:00:00,19.4,10.1,164.0,5.9,4.9,40.0,29.8,69,0.0,10.8
Ahmedabad,23.0225,72.5714,2026-07-15 09:00:00,24.5,11.4,157.0,4.5,4.6,50.0,31.1,62,0.0,11.7
Ahmedabad,23.0225,72.5714,2026-07-15 10:00:00,29.6,12.9,142.0,3.2,4.2,62.0,32.5,56,0.0,11.6
Ahmedabad,23.0225,72.5714,2026-07-15 11:00:00,34.8,14.2,131.0,2.2,3.8,72.0,33.4,53,0.0,10.9
Ahmedabad,23.0225,72.5714,2026-07-15 12:00:00,39.1,15.3,126.0,1.8,3.6,78.0,34.2,48,0.1,10.3
Ahmedabad,23.0225,72.5714,2026-07-15 13:00:00,44.5,16.5,125.0,1.7,3.4,81.0,35.1,44,0.1,10.7
Ahmedabad,23.0225,72.5714,2026-07-15 14:00:00,52.6,18.5,129.0,1.9,3.3,83.0,35.6,43,0.0,10.6
Ahmedabad,23.0225,72.5714,2026-07-15 15:00:00,56.6,19.8,142.0,2.2,3.1,83.0,35.5,44,0.1,11.5
Ahmedabad,23.0225,72.5714,2026-07-15 16:00:00,60.3,21.0,160.0,2.7,2.9,82.0,33.7,49,0.4,12.9
Ahmedabad,23.0225,72.5714,2026-07-15 17:00:00,66.1,23.4,175.0,4.1,3.5,77.0,29.6,69,1.9,13.8
Ahmedabad,23.0225,72.5714,2026-07-15 18:00:00,63.6,25.2,181.0,7.6,4.7,69.0,29.6,70,0.2,7.0
Ahmedabad,23.0225,72.5714,2026-07-15 19:00:00,66.1,30.3,184.0,12.4,6.4,58.0,29.8,72,0.0,6.4
Ahmedabad,23.0225,72.5714,2026-07-15 20:00:00,59.0,29.4,193.0,16.2,7.6,49.0,30.0,70,0.0,8.1
Ahmedabad,23.0225,72.5714,2026-07-15 21:00:00,55.5,29.0,216.0,18.0,8.0,43.0,29.4,69,0.0,8.6
Ahmedabad,23.0225,72.5714,2026-07-15 22:00:00,48.9,27.8,244.0,18.7,8.0,39.0,28.8,71,0.0,9.4
Ahmedabad,23.0225,72.5714,2026-07-15 23:00:00,46.8,27.6,261.0,18.8,7.6,36.0,28.9,71,0.0,8.8
Ahmedabad,23.0225,72.5714,2026-07-16 00:00:00,46.2,27.5,254.0,18.0,6.7,34.0,28.3,73,0.0,9.7
Ahmedabad,23.0225,72.5714,2026-07-16 01:00:00,49.1,28.6,236.0,16.5,5.6,32.0,27.6,75,0.0,7.8
Ahmedabad,23.0225,72.5714,2026-07-16 02:00:00,52.0,30.2,223.0,15.4,4.7,30.0,27.3,78,0.0,5.9
Ahmedabad,23.0225,72.5714,2026-07-16 03:00:00,52.7,31.0,225.0,15.4,4.4,26.0,27.2,81,0.0,5.7
Ahmedabad,23.0225,72.5714,2026-07-16 04:00:00,51.2,30.6,233.0,15.6,4.4,22.0,27.1,83,0.0,5.0
Ahmedabad,23.0225,72.5714,2026-07-16 05:00:00,49.5,29.0,234.0,13.2,4.8,25.0,28.3,77,0.0,7.8
Ahmedabad,23.0225,72.5714,2026-07-16 06:00:00,46.9,28.2,224.0,11.6,5.4,27.0,28.0,79,0.0,6.4
Ahmedabad,23.0225,72.5714,2026-07-16 07:00:00,46.9,26.7,208.0,9.4,6.3,31.0,28.5,77,0.1,7.7
Ahmedabad,23.0225,72.5714,2026-07-16 08:00:00,48.0,24.7,191.0,7.3,6.8,38.0,29.4,71,0.0,7.1
Ahmedabad,23.0225,72.5714,2026-07-16 09:00:00,53.4,24.5,173.0,5.5,6.6,51.0,30.9,62,0.0,7.2
Ahmedabad,23.0225,72.5714,2026-07-16 10:00:00,59.3,25.2,155.0,3.8,6.0,67.0,32.2,55,0.0,7.1
Ahmedabad,23.0225,72.5714,2026-07-16 11:00:00,61.9,25.2,142.0,2.6,5.4,79.0,33.2,50,0.0,7.2
Ahmedabad,23.0225,72.5714,2026-07-16 12:00:00,61.2,24.2,136.0,2.0,4.8,84.0,33.9,48,0.1,6.6
Ahmedabad,23.0225,72.5714,2026-07-16 13:00:00,60.1,22.9,135.0,1.9,4.2,86.0,34.1,48,0.0,7.4
Ahmedabad,23.0225,72.5714,2026-07-16 14:00:00,58.7,21.8,138.0,2.0,3.8,86.0,34.4,47,0.1,10.5
Ahmedabad,23.0225,72.5714,2026-07-16 15:00:00,51.7,19.8,147.0,2.1,3.6,86.0,34.2,49,0.3,11.3
Ahmedabad,23.0225,72.5714,2026-07-16 16:00:00,50.5,19.5,160.0,2.5,3.6,84.0,34.7,47,0.0,8.2
Ahmedabad,23.0225,72.5714,2026-07-16 17:00:00,68.9,24.9,172.0,4.6,4.0,75.0,34.0,49,0.0,15.4
Ahmedabad,23.0225,72.5714,2026-07-16 18:00:00,58.2,24.4,181.0,7.3,4.7,68.0,31.9,60,0.2,12.2
Ahmedabad,23.0225,72.5714,2026-07-16 19:00:00,56.6,26.4,189.0,11.1,5.6,58.0,31.1,65,0.0,11.7
Ahmedabad,23.0225,72.5714,2026-07-16 20:00:00,58.6,27.5,199.0,13.7,6.2,51.0,30.6,70,0.0,10.7
Ahmedabad,23.0225,72.5714,2026-07-16 21:00:00,44.7,23.7,218.0,14.1,6.2,48.0,30.2,72,0.0,9.8
Ahmedabad,23.0225,72.5714,2026-07-16 22:00:00,36.1,21.2,240.0,13.3,5.9,48.0,29.9,72,0.0,10.0
Ahmedabad,23.0225,72.5714,2026-07-16 23:00:00,33.1,20.2,248.0,12.5,5.5,47.0,29.5,70,0.0,10.5
Ahmedabad,23.0225,72.5714,2026-07-17 00:00:00,31.3,19.4,231.0,11.9,5.0,44.0,28.8,74,0.0,8.6
Ahmedabad,23.0225,72.5714,2026-07-17 01:00:00,30.6,18.8,202.0,11.3,4.5,39.0,28.5,77,0.0,9.0
Ahmedabad,23.0225,72.5714,2026-07-17 02:00:00,30.5,18.5,177.0,11.0,4.2,35.0,28.2,79,0.0,9.0
Ahmedabad,23.0225,72.5714,2026-07-17 03:00:00,30.9,18.3,164.0,11.4,4.3,31.0,27.8,83,0.1,8.7
Ahmedabad,23.0225,72.5714,2026-07-17 04:00:00,30.6,18.3,157.0,12.0,4.7,27.0,27.8,83,0.1,7.9
Ahmedabad,23.0225,72.5714,2026-07-17 05:00:00,30.7,18.6,154.0,13.3,5.0,24.0,28.5,79,0.0,6.8
Ahmedabad,23.0225,72.5714,2026-07-17 06:00:00,29.3,17.8,160.0,11.7,5.6,27.0,28.6,78,0.0,7.2
Ahmedabad,23.0225,72.5714,2026-07-17 07:00:00,31.7,17.9,171.0,9.4,6.5,31.0,29.1,75,0.0,7.8
Ahmedabad,23.0225,72.5714,2026-07-17 08:00:00,33.4,17.7,175.0,7.3,6.9,38.0,30.2,70,0.0,8.1
Ahmedabad,23.0225,72.5714,2026-07-17 09:00:00,37.7,17.9,165.0,5.4,6.5,51.0,31.3,65,0.1,8.5
Ahmedabad,23.0225,72.5714,2026-07-17 10:00:00,43.0,18.9,148.0,3.7,5.7,67.0,32.7,58,0.0,9.3
Ahmedabad,23.0225,72.5714,2026-07-17 11:00:00,48.1,19.7,136.0,2.4,5.0,79.0,33.7,52,0.0,9.4
Ahmedabad,23.0225,72.5714,2026-07-17 12:00:00,51.9,20.1,132.0,1.8,4.4,84.0,34.5,49,0.0,9.7
Ahmedabad,23.0225,72.5714,2026-07-17 13:00:00,56.5,20.8,132.0,1.8,4.0,86.0,35.2,45,0.1,9.7
Ahmedabad,23.0225,72.5714,2026-07-17 14:00:00,56.7,20.7,134.0,2.0,3.6,86.0,35.8,43,0.0,9.2
Ahmedabad,23.0225,72.5714,2026-07-17 15:00:00,55.8,20.7,136.0,2.2,3.4,86.0,36.0,42,0.0,8.6
Ahmedabad,23.0225,72.5714,2026-07-17 16:00:00,51.7,19.9,140.0,2.6,3.3,85.0,36.1,41,0.0,8.8
Ahmedabad,23.0225,72.5714,2026-07-17 17:00:00,79.9,29.1,148.0,3.9,3.3,83.0,35.7,42,0.0,10.3
Ahmedabad,23.0225,72.5714,2026-07-17 18:00:00,71.5,29.5,163.0,8.7,4.1,73.0,34.8,44,0.0,10.8
Ahmedabad,23.0225,72.5714,2026-07-17 19:00:00,65.2,30.9,181.0,15.1,5.1,59.0,32.1,58,0.0,11.0
Ahmedabad,23.0225,72.5714,2026-07-17 20:00:00,61.5,31.5,194.0,18.8,5.7,49.0,31.4,65,0.0,10.0
Ahmedabad,23.0225,72.5714,2026-07-17 21:00:00,55.9,30.3,198.0,17.1,5.5,48.0,31.2,63,0.0,13.1
Ahmedabad,23.0225,72.5714,2026-07-17 22:00:00,50.3,28.2,197.0,12.7,4.8,51.0,28.9,72,0.0,11.7
Ahmedabad,23.0225,72.5714,2026-07-17 23:00:00,46.4,26.4,190.0,9.2,4.3,52.0,28.5,75,0.0,7.6
Ahmedabad,23.0225,72.5714,2026-07-18 00:00:00,43.2,24.2,172.0,8.0,4.1,49.0,28.7,74,0.0,7.4
Ahmedabad,23.0225,72.5714,2026-07-18 01:00:00,39.8,22.1,147.0,7.7,4.1,44.0,28.9,75,0.0,8.5
Ahmedabad,23.0225,72.5714,2026-07-18 02:00:00,36.2,20.2,130.0,7.8,4.3,40.0,28.7,76,0.0,8.6
Ahmedabad,23.0225,72.5714,2026-07-18 03:00:00,32.4,18.5,125.0,8.4,4.8,36.0,28.7,76,0.0,8.7
Ahmedabad,23.0225,72.5714,2026-07-18 04:00:00,29.3,17.3,127.0,9.3,5.4,32.0,28.6,76,0.0,8.0
Ahmedabad,23.0225,72.5714,2026-07-18 05:00:00,29.8,17.6,132.0,9.5,5.3,32.0,28.7,75,0.0,8.2
Ahmedabad,23.0225,72.5714,2026-07-18 06:00:00,27.6,16.7,143.0,8.6,5.6,34.0,28.4,76,0.0,6.9
Ahmedabad,23.0225,72.5714,2026-07-18 07:00:00,27.8,15.6,158.0,7.3,6.1,36.0,28.9,74,0.0,7.8
Ahmedabad,23.0225,72.5714,2026-07-18 08:00:00,29.0,14.6,166.0,6.0,6.2,42.0,30.0,68,0.0,8.5
Ahmedabad,23.0225,72.5714,2026-07-18 09:00:00,31.8,14.8,160.0,4.7,5.7,53.0,31.2,62,0.0,8.3
Ahmedabad,23.0225,72.5714,2026-07-18 10:00:00,33.5,15.1,147.0,3.3,4.9,66.0,32.3,57,0.1,9.0
Ahmedabad,23.0225,72.5714,2026-07-18 11:00:00,33.6,15.0,136.0,2.3,4.3,77.0,33.1,54,0.1,8.9
Ahmedabad,23.0225,72.5714,2026-07-18 12:00:00,32.6,14.3,132.0,1.9,4.0,82.0,33.4,53,0.4,10.9
Ahmedabad,23.0225,72.5714,2026-07-18 13:00:00,32.2,13.9,130.0,1.8,3.7,85.0,33.8,54,0.3,10.9
Ahmedabad,23.0225,72.5714,2026-07-18 14:00:00,30.9,13.4,131.0,2.0,3.6,86.0,34.1,54,0.1,10.8
Ahmedabad,23.0225,72.5714,2026-07-18 15:00:00,32.0,13.6,133.0,2.1,3.4,86.0,34.8,52,0.0,10.5
Ahmedabad,23.0225,72.5714,2026-07-18 16:00:00,29.2,13.0,137.0,2.4,3.4,85.0,35.0,50,0.0,11.4
Ahmedabad,23.0225,72.5714,2026-07-18 17:00:00,28.3,12.7,148.0,4.5,3.6,79.0,34.1,50,0.2,10.6
Ahmedabad,23.0225,72.5714,2026-07-18 18:00:00,25.8,13.4,176.0,9.3,4.4,69.0,33.8,51,0.1,10.7
Ahmedabad,23.0225,72.5714,2026-07-18 19:00:00,27.1,16.0,212.0,15.8,5.4,56.0,31.4,64,0.1,12.8
Ahmedabad,23.0225,72.5714,2026-07-18 20:00:00,31.1,18.7,232.0,19.6,6.0,46.0,30.3,72,0.0,11.2
Ahmedabad,23.0225,72.5714,2026-07-18 21:00:00,30.3,18.6,221.0,18.1,5.9,44.0,30.0,74,0.0,10.2
Ahmedabad,23.0225,72.5714,2026-07-18 22:00:00,31.0,18.6,193.0,13.8,5.3,46.0,29.1,77,0.0,10.0
Ahmedabad,23.0225,72.5714,2026-07-18 23:00:00,30.9,17.9,171.0,10.3,4.8,47.0,28.5,78,0.0,9.0
Ahmedabad,23.0225,72.5714,2026-07-19 00:00:00,29.3,16.6,164.0,8.8,4.4,45.0,27.8,81,0.2,9.1
Ahmedabad,23.0225,72.5714,2026-07-19 01:00:00,28.4,15.9,163.0,8.1,4.0,41.0,27.1,85,0.1,10.0
Ahmedabad,23.0225,72.5714,2026-07-19 02:00:00,27.0,15.3,160.0,7.9,3.9,38.0,26.4,87,0.2,7.5
Ahmedabad,23.0225,72.5714,2026-07-19 03:00:00,26.8,15.4,151.0,8.7,4.2,34.0,26.6,87,0.3,4.3
Ahmedabad,23.0225,72.5714,2026-07-19 04:00:00,34.0,18.5,140.0,10.2,4.6,30.0,26.9,86,0.0,4.0
Ahmedabad,23.0225,72.5714,2026-07-19 05:00:00,28.9,17.2,136.0,13.4,4.8,25.0,27.3,88,0.0,4.8
Ahmedabad,23.0225,72.5714,2026-07-19 06:00:00,28.3,17.6,147.0,11.4,5.2,29.0,27.3,88,0.0,4.8
Ahmedabad,23.0225,72.5714,2026-07-19 07:00:00,31.7,17.6,165.0,8.6,5.7,34.0,27.8,85,0.0,5.6
Ahmedabad,23.0225,72.5714,2026-07-19 08:00:00,34.5,17.3,174.0,6.2,6.1,42.0,29.1,75,0.0,6.4
Ahmedabad,23.0225,72.5714,2026-07-19 09:00:00,36.4,17.1,164.0,4.6,6.1,54.0,30.2,68,0.0,7.0
Ahmedabad,23.0225,72.5714,2026-07-19 10:00:00,38.1,17.2,144.0,3.3,6.0,69.0,31.3,63,0.1,6.4
Ahmedabad,23.0225,72.5714,2026-07-19 11:00:00,38.4,17.2,129.0,2.4,5.8,80.0,32.1,59,0.1,6.7
Ahmedabad,23.0225,72.5714,2026-07-19 12:00:00,38.0,16.9,123.0,1.9,5.6,86.0,32.8,56,0.1,6.4
Ahmedabad,23.0225,72.5714,2026-07-19 13:00:00,36.6,16.3,122.0,1.7,5.3,90.0,33.1,54,0.3,6.9
Ahmedabad,23.0225,72.5714,2026-07-19 14:00:00,34.9,15.5,124.0,1.8,5.1,91.0,33.5,52,0.3,8.2
Ahmedabad,23.0225,72.5714,2026-07-19 15:00:00,32.9,14.6,129.0,1.9,4.8,90.0,33.8,52,0.3,7.6
Ahmedabad,23.0225,72.5714,2026-07-19 16:00:00,31.5,14.0,138.0,2.3,4.5,87.0,33.6,52,0.3,8.3
Ahmedabad,23.0225,72.5714,2026-07-19 17:00:00,38.6,16.0,146.0,3.7,4.2,82.0,32.6,57,0.1,13.5
Ahmedabad,23.0225,72.5714,2026-07-19 18:00:00,35.9,16.9,155.0,7.2,5.4,73.0,31.0,69,0.0,10.3
Ahmedabad,23.0225,72.5714,2026-07-19 19:00:00,40.5,21.2,165.0,11.9,7.1,61.0,30.3,72,0.1,11.7
Ahmedabad,23.0225,72.5714,2026-07-19 20:00:00,37.3,20.6,170.0,14.9,8.1,52.0,29.6,74,0.0,12.1
Ahmedabad,23.0225,72.5714,2026-07-19 21:00:00,33.8,19.7,168.0,14.3,8.0,49.0,28.9,80,0.0,10.6
Ahmedabad,23.0225,72.5714,2026-07-19 22:00:00,32.4,19.0,161.0,11.9,7.4,49.0,28.7,80,0.0,11.1
Ahmedabad,23.0225,72.5714,2026-07-19 23:00:00,31.0,18.3,155.0,10.0,6.6,48.0,28.7,79,0.0,8.9
Ahmedabad,23.0225,72.5714,2026-07-20 00:00:00,27.9,16.4,152.0,9.3,5.8,45.0,28.3,83,0.0,7.3
Ahmedabad,23.0225,72.5714,2026-07-20 01:00:00,26.3,15.4,150.0,9.0,4.8,41.0,28.1,84,0.0,6.8
Ahmedabad,23.0225,72.5714,2026-07-20 02:00:00,24.7,14.6,148.0,9.0,4.2,37.0,27.7,86,0.0,6.1
Ahmedabad,23.0225,72.5714,2026-07-20 03:00:00,23.4,13.9,143.0,9.6,4.2,33.0,27.6,87,0.0,5.1
Ahmedabad,23.0225,72.5714,2026-07-20 04:00:00,21.6,13.1,139.0,10.5,4.5,29.0,27.4,87,0.0,4.9
Ahmedabad,23.0225,72.5714,2026-07-20 05:00:00,27.2,15.8,142.0,11.8,5.0,27.0,26.9,90,0.1,6.3
Ahmedabad,23.0225,72.5714,2026-07-20 06:00:00,25.0,15.4,162.0,11.0,5.7,29.0,27.0,90,0.0,4.7
Ahmedabad,23.0225,72.5714,2026-07-20 07:00:00,25.9,15.1,189.0,9.7,6.6,32.0,27.8,86,0.0,5.6
Ahmedabad,23.0225,72.5714,2026-07-20 08:00:00,26.9,14.4,204.0,8.5,7.2,37.0,28.5,81,0.0,6.7
Ahmedabad,23.0225,72.5714,2026-07-20 09:00:00,28.0,14.3,194.0,7.3,7.3,43.0,29.4,76,0.0,7.1
Ahmedabad,23.0225,72.5714,2026-07-20 10:00:00,29.9,14.6,172.0,6.0,7.2,51.0,30.4,70,0.1,6.9
Ahmedabad,23.0225,72.5714,2026-07-20 11:00:00,30.5,14.3,154.0,4.9,6.8,58.0,28.8,76,0.8,10.9
Ahmedabad,23.0225,72.5714,2026-07-20 12:00:00,27.5,12.8,146.0,3.8,6.2,66.0,30.8,69,0.1,4.5
Ahmedabad,23.0225,72.5714,2026-07-20 13:00:00,25.2,11.9,142.0,2.9,5.4,74.0,32.5,61,0.2,5.6
Ahmedabad,23.0225,72.5714,2026-07-20 14:00:00,24.2,11.2,147.0,2.6,4.7,79.0,33.4,59,0.4,6.1
Ahmedabad,23.0225,72.5714,2026-07-20 15:00:00,26.4,11.6,165.0,2.8,4.2,80.0,30.3,70,0.4,14.1
Ahmedabad,23.0225,72.5714,2026-07-20 16:00:00,38.6,15.7,191.0,3.6,3.8,77.0,28.1,86,1.8,5.8
Ahmedabad,23.0225,72.5714,2026-07-20 17:00:00,34.7,14.8,212.0,5.7,5.3,74.0,30.0,76,0.5,9.4
Ahmedabad,23.0225,72.5714,2026-07-20 18:00:00,31.5,15.3,221.0,10.0,6.0,65.0,29.7,74,0.3,10.7
Ahmedabad,23.0225,72.5714,2026-07-20 19:00:00,25.6,15.4,225.0,16.0,6.9,52.0,28.6,78,0.0,6.5
Ahmedabad,23.0225,72.5714,2026-07-20 20:00:00,22.5,15.0,233.0,20.6,7.6,41.0,28.8,81,0.0,8.5
Ahmedabad,23.0225,72.5714,2026-07-20 21:00:00,22.2,16.1,257.0,23.0,8.0,35.0,28.6,80,0.0,11.2
Ahmedabad,23.0225,72.5714,2026-07-20 22:00:00,24.4,17.7,286.0,24.1,8.1,32.0,27.8,81,0.0,9.7
Ahmedabad,23.0225,72.5714,2026-07-20 23:00:00,26.6,18.2,295.0,23.7,7.8,30.0,27.8,82,0.0,7.0
Ahmedabad,23.0225,72.5714,2026-07-21 00:00:00,29.5,18.6,269.0,20.8,6.7,30.0,27.8,83,0.0,6.9
Ahmedabad,23.0225,72.5714,2026-07-21 01:00:00,31.7,19.6,223.0,16.4,5.2,31.0,27.8,84,0.0,6.5
Ahmedabad,23.0225,72.5714,2026-07-21 02:00:00,31.1,19.3,184.0,13.0,4.2,32.0,27.7,85,0.0,6.3
Ahmedabad,23.0225,72.5714,2026-07-21 03:00:00,29.0,18.3,158.0,11.9,4.1,30.0,27.5,86,0.0,6.1
Ahmedabad,23.0225,72.5714,2026-07-21 04:00:00,26.0,16.8,140.0,11.8,4.4,28.0,27.3,85,0.0,6.3
Ahmedabad,23.0225,72.5714,2026-07-21 05:00:00,24.0,15.9,135.0,11.6,4.7,29.0,26.9,87,0.0,6.9
Ahmedabad,23.0225,72.5714,2026-07-21 06:00:00,23.8,15.8,156.0,11.3,5.3,30.0,26.8,87,0.1,7.2
Ahmedabad,23.0225,72.5714,2026-07-21 07:00:00,22.6,14.3,191.0,10.7,6.0,32.0,27.3,84,0.1,7.0
Ahmedabad,23.0225,72.5714,2026-07-21 08:00:00,21.6,13.2,212.0,9.9,6.5,36.0,27.7,82,0.1,9.2
Ahmedabad,23.0225,72.5714,2026-07-21 09:00:00,21.5,12.5,203.0,8.5,6.5,42.0,28.6,78,0.2,7.7
Ahmedabad,23.0225,72.5714,2026-07-21 10:00:00,24.3,12.6,180.0,6.8,6.3,51.0,29.3,76,0.0,7.5
Ahmedabad,23.0225,72.5714,2026-07-21 11:00:00,31.5,14.4,161.0,5.4,6.0,58.0,28.8,75,0.0,7.5
Ahmedabad,23.0225,72.5714,2026-07-21 12:00:00,33.6,14.7,152.0,4.4,5.7,65.0,30.6,68,0.2,7.2
Ahmedabad,23.0225,72.5714,2026-07-21 13:00:00,36.0,15.4,148.0,3.6,5.5,70.0,32.6,58,0.0,7.5
Ahmedabad,23.0225,72.5714,2026-07-21 14:00:00,40.3,17.6,148.0,3.4,5.2,74.0,30.3,69,1.4,11.2
Ahmedabad,23.0225,72.5714,2026-07-21 15:00:00,51.5,21.3,156.0,3.8,5.0,75.0,29.0,77,1.5,3.4
Ahmedabad,23.0225,72.5714,2026-07-21 16:00:00,55.5,23.0,169.0,4.8,4.8,73.0,30.3,72,0.0,2.8
Ahmedabad,23.0225,72.5714,2026-07-21 17:00:00,35.5,17.2,179.0,4.5,4.4,75.0,32.3,60,0.0,9.0
Ahmedabad,23.0225,72.5714,2026-07-21 18:00:00,31.0,16.1,184.0,8.3,5.0,65.0,31.5,62,0.0,9.0
Ahmedabad,23.0225,72.5714,2026-07-21 19:00:00,27.1,16.4,186.0,13.4,5.7,52.0,31.0,65,0.0,9.0
Ahmedabad,23.0225,72.5714,2026-07-21 20:00:00,25.5,16.5,187.0,17.1,6.3,42.0,30.1,69,0.0,9.5
Ahmedabad,23.0225,72.5714,2026-07-21 21:00:00,25.0,16.4,190.0,18.0,6.5,37.0,29.2,76,0.0,10.7
Ahmedabad,23.0225,72.5714,2026-07-21 22:00:00,25.6,16.8,193.0,17.3,6.4,36.0,28.6,80,0.0,11.2
Ahmedabad,23.0225,72.5714,2026-07-21 23:00:00,26.8,17.2,189.0,16.0,6.2,35.0,28.1,81,0.0,9.7
Ahmedabad,23.0225,72.5714,2026-07-22 00:00:00,28.1,17.1,173.0,13.8,5.7,35.0,27.7,83,0.0,8.9
Ahmedabad,23.0225,72.5714,2026-07-22 01:00:00,28.5,16.6,150.0,11.0,5.1,37.0,27.7,83,0.0,9.0
Ahmedabad,23.0225,72.5714,2026-07-22 02:00:00,27.3,15.7,133.0,9.0,4.7,37.0,27.5,84,0.0,8.9
Ahmedabad,23.0225,72.5714,2026-07-22 03:00:00,22.9,12.9,125.0,8.4,4.7,36.0,27.5,84,0.0,8.4
Ahmedabad,23.0225,72.5714,2026-07-22 04:00:00,18.7,10.7,123.0,8.5,4.8,34.0,27.3,84,0.0,7.9
Ahmedabad,23.0225,72.5714,2026-07-22 05:00:00,23.4,13.0,131.0,10.2,5.1,30.0,27.5,84,0.0,8.5
Ahmedabad,23.0225,72.5714,2026-07-22 06:00:00,20.3,11.5,159.0,9.7,5.3,31.0,26.9,87,0.2,9.6
Ahmedabad,23.0225,72.5714,2026-07-22 07:00:00,19.4,11.2,197.0,9.1,5.6,33.0,26.8,88,0.3,9.0
Ahmedabad,23.0225,72.5714,2026-07-22 08:00:00,21.4,10.7,220.0,8.2,5.7,36.0,27.0,87,0.5,8.4
Ahmedabad,23.0225,72.5714,2026-07-22 09:00:00,23.5,11.5,214.0,7.0,5.4,42.0,27.8,86,0.2,6.7
Ahmedabad,23.0225,72.5714,2026-07-22 10:00:00,26.7,12.7,193.0,5.6,4.9,49.0,28.6,81,0.1,6.7
Ahmedabad,23.0225,72.5714,2026-07-22 11:00:00,29.2,13.6,175.0,4.7,4.5,56.0,29.2,76,0.0,5.8
Ahmedabad,23.0225,72.5714,2026-07-22 12:00:00,30.3,15.0,165.0,4.6,4.4,61.0,29.8,73,0.0,6.3
Ahmedabad,23.0225,72.5714,2026-07-22 13:00:00,31.4,15.1,158.0,4.9,4.4,66.0,30.4,69,0.0,5.8
Ahmedabad,23.0225,72.5714,2026-07-22 14:00:00,31.8,15.3,157.0,5.5,4.4,68.0,29.7,73,0.1,7.2
Ahmedabad,23.0225,72.5714,2026-07-22 15:00:00,32.2,15.2,166.0,5.8,4.4,68.0,30.3,70,0.0,6.2
Ahmedabad,23.0225,72.5714,2026-07-22 16:00:00,33.9,16.0,180.0,6.3,4.4,66.0,30.9,68,0.0,6.9
Ahmedabad,23.0225,72.5714,2026-07-22 17:00:00,35.2,15.8,194.0,9.1,4.8,65.0,31.2,70,0.0,8.3
Ahmedabad,23.0225,72.5714,2026-07-22 18:00:00,33.8,18.6,207.0,13.4,5.3,56.0,30.1,77,0.1,7.5
Ahmedabad,23.0225,72.5714,2026-07-22 19:00:00,31.4,18.9,219.0,19.3,6.0,45.0,29.4,82,0.0,8.8
Ahmedabad,23.0225,72.5714,2026-07-22 20:00:00,27.1,17.3,222.0,22.7,6.4,37.0,29.0,84,0.0,9.1
Ahmedabad,23.0225,72.5714,2026-07-22 21:00:00,22.6,14.9,210.0,21.5,6.2,37.0,28.3,86,0.1,10.8
Ahmedabad,23.0225,72.5714,2026-07-22 22:00:00,21.0,14.1,190.0,17.9,5.6,41.0,27.2,89,0.2,9.6
Ahmedabad,23.0225,72.5714,2026-07-22 23:00:00,20.7,13.3,170.0,14.7,5.1,43.0,26.4,95,3.0,8.7
Ahmedabad,23.0225,72.5714,2026-07-23 00:00:00,21.1,12.8,153.0,12.8,4.7,40.0,26.0,98,4.6,4.6
Ahmedabad,23.0225,72.5714,2026-07-23 01:00:00,21.4,12.3,138.0,11.3,4.3,35.0,26.1,98,1.2,4.5
Ahmedabad,23.0225,72.5714,2026-07-23 02:00:00,22.4,12.4,126.0,10.0,4.1,32.0,26.1,99,1.2,6.0
Ahmedabad,23.0225,72.5714,2026-07-23 03:00:00,23.2,12.4,117.0,8.9,4.2,32.0,26.6,95,0.5,9.4
Ahmedabad,23.0225,72.5714,2026-07-23 04:00:00,23.1,12.0,112.0,8.0,4.4,34.0,26.1,96,1.8,9.2
Ahmedabad,23.0225,72.5714,2026-07-23 05:00:00,15.9,10.2,120.0,8.5,3.1,31.0,26.2,92,2.3,11.0
Ahmedabad,23.0225,72.5714,2026-07-23 06:00:00,16.5,10.4,152.0,10.2,3.4,28.0,25.5,96,0.9,11.2
Ahmedabad,23.0225,72.5714,2026-07-23 07:00:00,17.9,11.4,196.0,12.4,3.8,25.0,25.8,95,1.1,11.8
Ahmedabad,23.0225,72.5714,2026-07-23 08:00:00,18.7,12.5,225.0,13.4,4.1,24.0,26.9,92,0.5,11.1
Ahmedabad,23.0225,72.5714,2026-07-23 09:00:00,19.7,13.0,223.0,12.0,4.2,29.0,26.7,95,2.7,12.5
Ahmedabad,23.0225,72.5714,2026-07-23 10:00:00,21.4,12.9,205.0,9.3,4.2,37.0,27.1,92,5.2,14.6
Ahmedabad,23.0225,72.5714,2026-07-23 11:00:00,28.5,14.3,193.0,7.2,4.2,44.0,26.6,95,7.2,5.8
Ahmedabad,23.0225,72.5714,2026-07-23 12:00:00,35.0,16.1,196.0,6.1,4.1,50.0,26.8,90,9.2,8.2
Ahmedabad,23.0225,72.5714,2026-07-23 13:00:00,40.2,17.7,205.0,5.5,3.8,56.0,26.9,91,1.7,8.7
Ahmedabad,23.0225,72.5714,2026-07-23 14:00:00,37.1,17.7,211.0,5.7,3.7,59.0,27.4,88,0.8,9.9
Ahmedabad,23.0225,72.5714,2026-07-23 15:00:00,33.8,17.1,211.0,7.1,3.7,56.0,27.3,88,1.3,14.4
Ahmedabad,23.0225,72.5714,2026-07-23 16:00:00,31.7,16.7,208.0,9.4,3.7,50.0,26.9,93,2.7,15.9
Ahmedabad,23.0225,72.5714,2026-07-23 17:00:00,23.8,12.9,205.0,11.8,2.8,42.0,26.5,95,2.6,13.6
Ahmedabad,23.0225,72.5714,2026-07-23 18:00:00,21.3,12.1,205.0,12.6,3.0,41.0,26.2,97,10.3,7.9
Ahmedabad,23.0225,72.5714,2026-07-23 19:00:00,20.1,12.1,206.0,13.6,3.3,41.0,26.0,97,9.3,7.9
Ahmedabad,23.0225,72.5714,2026-07-23 20:00:00,19.6,11.7,202.0,14.0,3.5,40.0,25.9,97,4.1,8.3
Ahmedabad,23.0225,72.5714,2026-07-23 21:00:00,20.0,11.6,189.0,13.2,3.6,40.0,25.9,96,2.8,3.8
Ahmedabad,23.0225,72.5714,2026-07-23 22:00:00,18.9,10.7,170.0,11.8,3.6,41.0,26.0,96,3.5,2.5
Ahmedabad,23.0225,72.5714,2026-07-23 23:00:00,17.5,9.9,153.0,10.5,3.5,41.0,25.5,95,1.2,11.9
Ahmedabad,23.0225,72.5714,2026-07-24 00:00:00,15.2,8.3,139.0,9.5,3.3,41.0,24.9,96,6.4,10.7
Ahmedabad,23.0225,72.5714,2026-07-24 01:00:00,14.0,7.4,126.0,8.5,3.1,41.0,24.8,98,6.9,16.0
Ahmedabad,23.0225,72.5714,2026-07-24 02:00:00,11.6,6.1,117.0,7.9,2.9,41.0,25.0,95,5.7,19.5
Ahmedabad,23.0225,72.5714,2026-07-24 03:00:00,9.0,5.2,111.0,7.5,2.9,41.0,24.8,93,2.3,14.2
Ahmedabad,23.0225,72.5714,2026-07-24 04:00:00,7.6,4.7,109.0,7.5,2.9,40.0,24.9,96,3.0,9.9
Ahmedabad,23.0225,72.5714,2026-07-24 05:00:00,17.3,9.0,114.0,5.8,2.6,50.0,25.4,94,6.3,19.6
Ahmedabad,23.0225,72.5714,2026-07-24 06:00:00,18.9,9.7,130.0,7.0,2.7,51.0,25.6,94,34.9,8.0
Ahmedabad,23.0225,72.5714,2026-07-24 07:00:00,19.0,10.2,153.0,8.6,2.8,52.0,25.6,94,4.0,17.4
Ahmedabad,23.0225,72.5714,2026-07-24 08:00:00,15.8,9.5,172.0,9.7,2.9,51.0,26.3,91,0.1,17.0
Ahmedabad,23.0225,72.5714,2026-07-24 09:00:00,12.1,7.9,181.0,9.9,3.0,47.0,26.5,89,1.0,15.2
Ahmedabad,23.0225,72.5714,2026-07-24 10:00:00,8.5,6.0,186.0,9.6,3.0,40.0,26.8,88,1.4,12.1
Ahmedabad,23.0225,72.5714,2026-07-24 11:00:00,6.7,4.7,189.0,9.3,3.0,36.0,26.1,94,1.8,16.2
Ahmedabad,23.0225,72.5714,2026-07-24 12:00:00,5.9,4.1,190.0,9.0,2.8,36.0,26.6,93,2.8,14.7
Ahmedabad,23.0225,72.5714,2026-07-24 13:00:00,5.4,3.7,189.0,8.7,2.4,38.0,26.9,89,1.4,13.4
Ahmedabad,23.0225,72.5714,2026-07-24 14:00:00,5.3,3.9,191.0,8.9,2.2,39.0,26.8,90,1.9,17.3
Ahmedabad,23.0225,72.5714,2026-07-24 15:00:00,6.0,4.1,199.0,10.1,2.2,39.0,26.7,93,2.0,16.7
Ahmedabad,23.0225,72.5714,2026-07-24 16:00:00,7.5,4.8,210.0,11.9,2.4,38.0,26.3,93,4.3,16.9
Ahmedabad,23.0225,72.5714,2026-07-24 17:00:00,21.7,9.4,219.0,9.5,6.6,60.0,26.8,89,7.4,14.5
Ahmedabad,23.0225,72.5714,2026-07-24 18:00:00,18.2,10.4,228.0,9.8,5.4,57.0,26.0,93,1.4,14.5
Ahmedabad,23.0225,72.5714,2026-07-24 19:00:00,14.7,9.2,235.0,10.2,3.7,54.0,25.6,95,4.5,15.2
Ahmedabad,23.0225,72.5714,2026-07-24 20:00:00,10.9,7.1,232.0,10.5,2.6,50.0,25.6,95,0.9,13.6
Ahmedabad,23.0225,72.5714,2026-07-24 21:00:00,10.4,6.4,211.0,10.6,2.6,46.0,25.7,96,0.1,11.3
Ahmedabad,23.0225,72.5714,2026-07-24 22:00:00,10.9,6.4,179.0,10.5,3.2,42.0,25.7,96,0.1,9.3
Ahmedabad,23.0225,72.5714,2026-07-24 23:00:00,11.5,6.5,153.0,10.1,3.6,39.0,25.6,97,0.1,13.9
Ahmedabad,23.0225,72.5714,2026-07-25 00:00:00,10.3,5.7,138.0,9.0,3.5,38.0,25.5,94,2.3,21.1
Ahmedabad,23.0225,72.5714,2026-07-25 01:00:00,8.3,4.7,129.0,7.6,3.1,37.0,25.3,94,0.5,16.5
Ahmedabad,23.0225,72.5714,2026-07-25 02:00:00,7.7,4.2,123.0,6.5,2.9,37.0,25.0,93,4.6,16.3
Ahmedabad,23.0225,72.5714,2026-07-25 03:00:00,7.5,4.0,117.0,5.8,2.8,37.0,25.0,95,10.6,17.4
Ahmedabad,23.0225,72.5714,2026-07-25 04:00:00,6.6,3.7,114.0,5.4,2.9,37.0,25.3,93,6.3,17.6
Ahmedabad,23.0225,72.5714,2026-07-25 05:00:00,16.5,10.6,122.0,5.7,2.9,48.0,25.4,97,1.5,11.9
Ahmedabad,23.0225,72.5714,2026-07-25 06:00:00,29.9,14.7,154.0,6.6,3.0,50.0,25.3,96,0.1,10.3
Ahmedabad,23.0225,72.5714,2026-07-25 07:00:00,37.7,18.2,197.0,7.8,3.1,52.0,25.9,93,0.1,10.7
Ahmedabad,23.0225,72.5714,2026-07-25 08:00:00,39.5,20.0,221.0,8.4,3.2,56.0,26.4,90,0.0,11.7
Ahmedabad,23.0225,72.5714,2026-07-25 09:00:00,36.9,19.5,207.0,7.6,3.2,62.0,27.3,87,0.1,13.8
Ahmedabad,23.0225,72.5714,2026-07-25 10:00:00,36.4,18.9,174.0,6.2,3.2,69.0,27.4,87,0.9,12.2
Ahmedabad,23.0225,72.5714,2026-07-25 11:00:00,38.0,18.5,150.0,5.4,3.2,72.0,26.5,91,0.2,10.9
Ahmedabad,23.0225,72.5714,2026-07-25 12:00:00,36.4,17.9,148.0,5.7,3.3,67.0,26.6,87,0.6,12.9
Ahmedabad,23.0225,72.5714,2026-07-25 13:00:00,38.9,17.5,156.0,6.5,3.5,59.0,26.7,86,0.3,12.3
Ahmedabad,23.0225,72.5714,2026-07-25 14:00:00,30.0,14.2,164.0,7.4,3.8,55.0,27.5,84,0.5,8.4
Ahmedabad,23.0225,72.5714,2026-07-25 15:00:00,25.8,12.4,164.0,7.8,4.4,60.0,29.4,74,0.4,12.2
Ahmedabad,23.0225,72.5714,2026-07-25 16:00:00,29.1,14.5,164.0,8.3,5.1,69.0,29.3,71,0.1,10.1
Ahmedabad,23.0225,72.5714,2026-07-25 17:00:00,61.5,27.8,180.0,7.7,3.8,66.0,27.2,88,0.0,8.8
Ahmedabad,23.0225,72.5714,2026-07-25 18:00:00,60.3,30.6,237.0,12.0,4.6,60.0,27.4,86,0.1,8.2
Ahmedabad,23.0225,72.5714,2026-07-25 19:00:00,58.4,31.9,310.0,17.8,5.7,53.0,26.8,89,0.7,9.4
Ahmedabad,23.0225,72.5714,2026-07-25 20:00:00,54.7,29.7,345.0,21.1,6.3,48.0,26.6,89,0.2,10.6
Ahmedabad,23.0225,72.5714,2026-07-25 21:00:00,44.5,24.4,307.0,19.5,6.1,49.0,26.7,89,0.2,11.7
Ahmedabad,23.0225,72.5714,2026-07-25 22:00:00,33.5,18.8,230.0,15.3,5.4,52.0,26.4,91,0.1,8.6
Ahmedabad,23.0225,72.5714,2026-07-25 23:00:00,26.8,15.4,169.0,11.7,4.8,53.0,26.1,91,0.1,14.4
Ahmedabad,23.0225,72.5714,2026-07-26 00:00:00,23.6,12.5,145.0,9.8,4.5,50.0,26.0,91,0.8,13.9
Ahmedabad,23.0225,72.5714,2026-07-26 01:00:00,21.9,11.0,136.0,8.5,4.4,46.0,26.1,91,0.1,13.0
Ahmedabad,23.0225,72.5714,2026-07-26 02:00:00,23.1,10.9,130.0,7.7,4.3,42.0,26.2,90,0.1,11.8
Ahmedabad,23.0225,72.5714,2026-07-26 03:00:00,24.4,11.1,122.0,7.4,4.4,41.0,26.1,90,0.3,11.4
Ahmedabad,23.0225,72.5714,2026-07-26 04:00:00,25.6,11.1,116.0,7.5,4.7,41.0,26.0,91,0.3,11.3
Ahmedabad,23.0225,72.5714,2026-07-26 05:00:00,19.8,9.9,117.0,9.0,4.5,30.0,26.6,88,0.0,9.9
Ahmedabad,23.0225,72.5714,2026-07-26 06:00:00,22.7,10.0,129.0,8.4,5.0,32.0,26.5,88,0.0,9.6
Ahmedabad,23.0225,72.5714,2026-07-26 07:00:00,26.5,11.4,148.0,7.6,5.6,35.0,27.0,87,0.0,9.3
Ahmedabad,23.0225,72.5714,2026-07-26 08:00:00,30.4,12.8,163.0,6.7,5.9,39.0,27.9,84,0.0,10.9
Ahmedabad,23.0225,72.5714,2026-07-26 09:00:00,39.7,15.4,169.0,5.9,5.6,45.0,27.6,86,1.0,11.7
Ahmedabad,23.0225,72.5714,2026-07-26 10:00:00,49.2,18.4,170.0,5.0,5.1,53.0,27.7,87,0.8,12.2
Ahmedabad,23.0225,72.5714,2026-07-26 11:00:00,49.4,19.6,172.0,4.4,4.7,59.0,30.5,71,0.1,14.4
Ahmedabad,23.0225,72.5714,2026-07-26 12:00:00,49.6,19.7,173.0,4.1,4.7,63.0,29.8,73,0.2,12.6
Ahmedabad,23.0225,72.5714,2026-07-26 13:00:00,51.1,20.2,175.0,4.0,4.9,65.0,30.6,73,0.8,12.2
Ahmedabad,23.0225,72.5714,2026-07-26 14:00:00,48.8,20.5,184.0,4.3,5.1,67.0,31.9,67,0.1,11.6
Ahmedabad,23.0225,72.5714,2026-07-26 15:00:00,43.9,19.8,209.0,5.1,5.3,70.0,28.9,79,2.0,14.5
Ahmedabad,23.0225,72.5714,2026-07-26 16:00:00,37.4,18.0,241.0,6.2,5.5,72.0,27.4,92,5.9,5.8
Ahmedabad,23.0225,72.5714,2026-07-26 17:00:00,61.9,30.0,263.0,7.3,4.5,62.0,28.8,81,1.2,8.3
Ahmedabad,23.0225,72.5714,2026-07-26 18:00:00,54.8,29.5,265.0,9.6,5.2,58.0,27.8,84,0.6,11.0
Ahmedabad,23.0225,72.5714,2026-07-26 19:00:00,52.0,28.8,256.0,12.8,6.2,52.0,26.7,92,1.2,7.2
Ahmedabad,23.0225,72.5714,2026-07-26 20:00:00,47.6,26.8,247.0,15.2,6.9,47.0,27.0,92,0.1,9.1
Ahmedabad,23.0225,72.5714,2026-07-26 21:00:00,45.6,25.7,242.0,16.2,7.1,44.0,27.0,92,0.0,8.8
Ahmedabad,23.0225,72.5714,2026-07-26 22:00:00,44.6,25.4,236.0,16.4,6.9,41.0,26.9,92,0.0,7.7
Ahmedabad,23.0225,72.5714,2026-07-26 23:00:00,44.0,25.3,223.0,16.1,6.6,39.0,26.8,90,0.0,9.7
Ahmedabad,23.0225,72.5714,2026-07-27 00:00:00,41.2,23.7,196.0,15.3,6.1,36.0,26.6,89,0.1,12.4
Ahmedabad,23.0225,72.5714,2026-07-27 01:00:00,37.7,21.7,162.0,14.1,5.4,34.0,26.0,91,0.1,11.8
Ahmedabad,23.0225,72.5714,2026-07-27 02:00:00,37.4,21.2,137.0,13.0,4.9,32.0,25.8,92,0.2,11.0
Ahmedabad,23.0225,72.5714,2026-07-27 03:00:00,33.8,19.0,128.0,12.0,4.7,31.0,25.6,94,0.2,9.0
Ahmedabad,23.0225,72.5714,2026-07-27 04:00:00,30.7,16.8,128.0,11.0,4.8,31.0,25.1,97,1.1,10.0
Ahmedabad,23.0225,72.5714,2026-07-27 05:00:00,24.3,12.4,138.0,8.7,4.4,40.0,24.9,97,0.5,11.9
Ahmedabad,23.0225,72.5714,2026-07-27 06:00:00,18.5,10.1,164.0,9.3,4.4,40.0,25.0,97,5.9,6.9
Ahmedabad,23.0225,72.5714,2026-07-27 07:00:00,15.3,8.9,199.0,10.2,4.5,39.0,25.4,97,3.6,7.6
Ahmedabad,23.0225,72.5714,2026-07-27 08:00:00,13.6,7.9,224.0,10.4,4.5,41.0,26.2,96,3.1,13.2
Ahmedabad,23.0225,72.5714,2026-07-27 09:00:00,12.7,7.1,232.0,9.5,4.5,46.0,26.6,94,1.0,14.1
Ahmedabad,23.0225,72.5714,2026-07-27 10:00:00,15.8,8.4,230.0,8.0,4.4,53.0,26.1,95,2.4,11.7
Ahmedabad,23.0225,72.5714,2026-07-27 11:00:00,19.8,10.3,224.0,6.6,4.3,60.0,29.2,82,1.0,12.4
Ahmedabad,23.0225,72.5714,2026-07-27 12:00:00,23.7,11.1,209.0,5.3,4.2,66.0,30.5,76,0.5,12.1
Ahmedabad,23.0225,72.5714,2026-07-27 13:00:00,26.6,12.1,190.0,4.1,4.2,72.0,30.1,75,1.4,10.1
Ahmedabad,23.0225,72.5714,2026-07-27 14:00:00,27.6,13.1,181.0,3.6,4.1,76.0,31.1,72,0.3,10.1
Ahmedabad,23.0225,72.5714,2026-07-27 15:00:00,30.4,15.0,190.0,3.8,4.0,79.0,27.6,88,2.8,9.1
Ahmedabad,23.0225,72.5714,2026-07-27 16:00:00,39.3,20.3,210.0,4.6,3.8,82.0,27.3,91,0.7,8.1
Ahmedabad,23.0225,72.5714,2026-07-27 17:00:00,44.4,21.1,237.0,8.1,4.2,77.0,28.7,85,0.7,5.3
Ahmedabad,23.0225,72.5714,2026-07-27 18:00:00,44.0,24.5,280.0,14.5,5.2,65.0,28.5,87,0.1,6.5
Ahmedabad,23.0225,72.5714,2026-07-27 19:00:00,54.1,29.7,331.0,23.2,6.6,49.0,28.0,91,0.0,6.7
Ahmedabad,23.0225,72.5714,2026-07-27 20:00:00,59.4,33.5,360.0,28.6,7.6,37.0,27.8,92,0.3,6.3
Ahmedabad,23.0225,72.5714,2026-07-27 21:00:00,50.9,28.6,350.0,27.7,7.7,34.0,27.6,93,0.1,8.6
Ahmedabad,23.0225,72.5714,2026-07-27 22:00:00,48.8,27.4,319.0,23.6,7.4,35.0,27.4,93,0.0,7.9
Ahmedabad,23.0225,72.5714,2026-07-27 23:00:00,49.2,27.9,286.0,19.8,7.0,36.0,28.0,87,0.1,10.4
Ahmedabad,23.0225,72.5714,2026-07-28 00:00:00,48.4,26.3,255.0,17.5,6.4,35.0,27.7,84,0.0,10.4
Ahmedabad,23.0225,72.5714,2026-07-28 01:00:00,46.8,24.6,222.0,15.6,5.7,33.0,27.4,85,0.0,10.7
Ahmedabad,23.0225,72.5714,2026-07-28 02:00:00,44.1,22.7,199.0,14.0,5.2,31.0,27.1,85,0.0,10.3
Ahmedabad,23.0225,72.5714,2026-07-28 03:00:00,40.9,20.8,192.0,13.0,5.1,29.0,26.9,86,0.0,9.3
Ahmedabad,23.0225,72.5714,2026-07-28 04:00:00,37.8,19.0,195.0,12.5,5.2,27.0,26.6,88,0.0,6.4
Ahmedabad,23.0225,72.5714,2026-07-28 05:00:00,35.6,17.3,196.0,12.2,5.3,26.0,26.6,89,0.0,8.7
Ahmedabad,23.0225,72.5714,2026-07-28 06:00:00,32.5,16.1,191.0,10.8,5.7,29.0,26.5,89,0.0,8.1
Ahmedabad,23.0225,72.5714,2026-07-28 07:00:00,34.8,15.8,184.0,8.9,6.3,33.0,27.1,86,0.0,8.6
Ahmedabad,23.0225,72.5714,2026-07-28 08:00:00,41.9,16.2,175.0,7.1,6.6,39.0,28.0,81,0.0,13.7
Ahmedabad,23.0225,72.5714,2026-07-28 09:00:00,47.4,18.3,161.0,5.7,6.5,48.0,29.1,75,0.1,11.9
Ahmedabad,23.0225,72.5714,2026-07-28 10:00:00,55.9,21.4,145.0,4.4,6.1,60.0,30.3,70,0.0,11.1
Ahmedabad,23.0225,72.5714,2026-07-28 11:00:00,65.2,24.3,133.0,3.4,5.7,69.0,30.8,65,0.0,10.1
Ahmedabad,23.0225,72.5714,2026-07-28 12:00:00,67.8,25.5,127.0,2.8,5.3,75.0,31.6,61,0.0,10.8
Ahmedabad,23.0225,72.5714,2026-07-28 13:00:00,69.4,26.4,125.0,2.5,4.8,79.0,32.5,58,0.0,10.8
Ahmedabad,23.0225,72.5714,2026-07-28 14:00:00,70.3,26.2,133.0,2.7,4.4,81.0,32.4,57,0.0,10.4
Ahmedabad,23.0225,72.5714,2026-07-28 15:00:00,71.9,26.4,152.0,2.7,4.0,84.0,32.7,56,0.0,12.4
Ahmedabad,23.0225,72.5714,2026-07-28 16:00:00,75.7,26.7,180.0,3.1,3.7,85.0,32.7,56,0.0,11.5
Ahmedabad,23.0225,72.5714,2026-07-28 17:00:00,91.0,33.8,218.0,6.4,4.1,77.0,32.2,60,0.0,4.0
Ahmedabad,23.0225,72.5714,2026-07-28 18:00:00,83.6,38.0,282.0,18.1,6.3,60.0,31.6,65,0.0,4.5
Ahmedabad,23.0225,72.5714,2026-07-28 19:00:00,92.4,44.6,356.0,33.9,9.2,37.0,30.5,73,0.0,5.2
Ahmedabad,23.0225,72.5714,2026-07-28 20:00:00,89.2,46.1,393.0,43.4,11.0,22.0,30.0,76,0.0,7.6
Ahmedabad,23.0225,72.5714,2026-07-28 21:00:00,83.8,44.8,363.0,40.7,10.5,22.0,29.0,80,0.0,6.5
Ahmedabad,23.0225,72.5714,2026-07-28 22:00:00,72.2,40.6,296.0,31.6,8.9,29.0,28.7,82,0.0,5.7
Ahmedabad,23.0225,72.5714,2026-07-28 23:00:00,58.3,32.8,237.0,23.2,7.4,35.0,28.6,84,0.0,4.3
Ahmedabad,23.0225,72.5714,2026-07-29 00:00:00,49.7,26.7,202.0,17.3,6.3,38.0,28.4,85,0.0,5.8
Ahmedabad,23.0225,72.5714,2026-07-29 01:00:00,45.6,23.9,175.0,12.0,5.3,39.0,27.9,86,0.1,7.7
Ahmedabad,23.0225,72.5714,2026-07-29 02:00:00,42.7,22.1,156.0,8.6,4.8,39.0,27.6,88,0.0,7.4
Ahmedabad,23.0225,72.5714,2026-07-29 03:00:00,36.3,18.5,146.0,8.2,5.0,36.0,27.4,90,0.0,7.2
Ahmedabad,23.0225,72.5714,2026-07-29 04:00:00,34.6,17.6,145.0,9.6,5.6,31.0,27.3,92,0.0,6.5
Ahmedabad,23.0225,72.5714,2026-07-29 05:00:00,36.2,19.1,151.0,11.0,5.5,28.0,27.3,90,0.0,5.8
Ahmedabad,23.0225,72.5714,2026-07-29 06:00:00,37.0,19.6,172.0,10.4,6.0,30.0,27.2,89,0.1,7.3
Ahmedabad,23.0225,72.5714,2026-07-29 07:00:00,45.4,21.0,201.0,9.6,6.7,33.0,27.5,87,0.1,7.1
Ahmedabad,23.0225,72.5714,2026-07-29 08:00:00,51.6,21.7,216.0,8.5,7.0,38.0,28.1,84,0.1,7.7
Ahmedabad,23.0225,72.5714,2026-07-29 09:00:00,56.8,23.3,202.0,7.1,6.7,47.0,29.1,78,0.2,9.7
Ahmedabad,23.0225,72.5714,2026-07-29 10:00:00,57.6,23.6,175.0,5.6,6.0,59.0,29.8,75,0.2,9.4
Ahmedabad,23.0225,72.5714,2026-07-29 11:00:00,63.1,24.8,155.0,4.3,5.4,69.0,30.8,69,0.1,9.3
Ahmedabad,23.0225,72.5714,2026-07-29 12:00:00,68.7,26.3,152.0,3.3,4.9,78.0,31.5,65,0.0,9.6
Ahmedabad,23.0225,72.5714,2026-07-29 13:00:00,73.3,27.1,158.0,2.5,4.4,85.0,31.5,64,0.0,7.0
Ahmedabad,23.0225,72.5714,2026-07-29 14:00:00,78.2,28.0,168.0,2.4,4.0,89.0,31.7,64,0.0,5.2
Ahmedabad,23.0225,72.5714,2026-07-29 15:00:00,78.7,27.6,179.0,2.5,3.7,88.0,32.2,61,0.0,5.4
Ahmedabad,23.0225,72.5714,2026-07-29 16:00:00,76.8,27.3,194.0,3.1,3.4,82.0,31.9,62,0.0,7.4
Ahmedabad,23.0225,72.5714,2026-07-29 17:00:00,85.2,30.0,224.0,9.3,4.3,70.0,30.9,67,0.0,7.1
Ahmedabad,23.0225,72.5714,2026-07-29 18:00:00,77.5,31.7,288.0,19.8,5.7,53.0,30.2,74,0.0,5.2
Ahmedabad,23.0225,72.5714,2026-07-29 19:00:00,82.0,36.4,366.0,34.0,7.5,30.0,29.7,77,0.0,3.7
Ahmedabad,23.0225,72.5714,2026-07-29 20:00:00,87.1,41.2,407.0,42.8,8.7,15.0,29.7,78,0.0,2.7
Ahmedabad,23.0225,72.5714,2026-07-29 21:00:00,85.7,42.3,382.0,41.3,8.7,14.0,29.4,79,0.0,1.9
Ahmedabad,23.0225,72.5714,2026-07-29 22:00:00,76.6,39.8,321.0,34.4,8.0,21.0,28.9,82,0.0,3.6
Ahmedabad,23.0225,72.5714,2026-07-29 23:00:00,60.8,33.9,263.0,27.3,7.1,27.0,28.4,85,0.0,4.0
Ahmedabad,23.0225,72.5714,2026-07-30 00:00:00,50.2,28.3,220.0,21.2,6.0,32.0,28.3,85,0.0,5.1
Ahmedabad,23.0225,72.5714,2026-07-30 01:00:00,45.2,25.1,182.0,15.0,4.8,36.0,28.1,85,0.0,6.3
Ahmedabad,23.0225,72.5714,2026-07-30 02:00:00,41.1,22.2,154.0,10.6,3.9,39.0,27.9,85,0.0,6.2
Ahmedabad,23.0225,72.5714,2026-07-30 03:00:00,37.1,19.6,140.0,9.3,3.7,38.0,27.6,85,0.0,7.3
Ahmedabad,23.0225,72.5714,2026-07-30 04:00:00,34.6,18.2,136.0,9.8,3.9,35.0,27.3,87,0.1,7.3
Ahmedabad,23.0225,72.5714,2026-07-30 05:00:00,33.8,18.5,144.0,10.8,4.1,32.0,27.2,89,0.0,7.0
Ahmedabad,23.0225,72.5714,2026-07-30 06:00:00,34.0,18.4,173.0,10.3,4.4,34.0,27.2,90,0.0,7.7
Ahmedabad,23.0225,72.5714,2026-07-30 07:00:00,36.6,18.5,213.0,9.5,4.8,36.0,27.4,90,0.0,7.6
Ahmedabad,23.0225,72.5714,2026-07-30 08:00:00,43.9,18.7,236.0,8.7,5.1,40.0,28.1,86,0.0,9.2
Ahmedabad,23.0225,72.5714,2026-07-30 09:00:00,53.7,21.1,225.0,7.8,5.3,47.0,28.6,82,0.0,7.8
Ahmedabad,23.0225,72.5714,2026-07-30 10:00:00,61.5,23.5,198.0,6.8,5.5,55.0,29.3,78,0.0,7.6
Ahmedabad,23.0225,72.5714,2026-07-30 11:00:00,69.8,26.8,178.0,5.9,5.6,63.0,30.8,72,0.0,5.8
Ahmedabad,23.0225,72.5714,2026-07-30 12:00:00,73.6,28.5,169.0,4.7,5.4,72.0,31.8,67,0.0,6.5
Ahmedabad,23.0225,72.5714,2026-07-30 13:00:00,74.0,29.0,167.0,3.6,5.2,81.0,32.3,65,0.0,5.4
Ahmedabad,23.0225,72.5714,2026-07-30 14:00:00,70.3,28.2,182.0,3.9,4.9,85.0,32.5,65,0.0,6.1
Ahmedabad,23.0225,72.5714,2026-07-30 15:00:00,65.9,26.5,228.0,6.4,4.6,81.0,32.4,65,0.0,8.1
Ahmedabad,23.0225,72.5714,2026-07-30 16:00:00,61.2,25.2,292.0,10.4,4.4,72.0,32.1,66,0.0,8.6
Ahmedabad,23.0225,72.5714,2026-07-30 17:00:00,67.3,29.5,346.0,6.5,4.6,84.0,32.1,67,0.0,7.0
Ahmedabad,23.0225,72.5714,2026-07-30 18:00:00,57.0,29.3,385.0,12.1,5.2,71.0,31.4,73,0.0,6.0
Ahmedabad,23.0225,72.5714,2026-07-30 19:00:00,53.4,30.0,415.0,19.6,6.1,54.0,30.6,76,0.0,7.3
Ahmedabad,23.0225,72.5714,2026-07-30 20:00:00,49.5,29.0,423.0,24.2,6.6,42.0,30.2,75,0.0,6.9
Ahmedabad,23.0225,72.5714,2026-07-30 21:00:00,47.3,28.3,401.0,22.9,6.5,42.0,29.9,75,0.0,5.9
Ahmedabad,23.0225,72.5714,2026-07-30 22:00:00,46.1,27.4,359.0,18.7,6.1,47.0,29.4,78,0.0,7.1
Ahmedabad,23.0225,72.5714,2026-07-30 23:00:00,46.4,26.5,310.0,15.0,5.7,51.0,29.4,80,1.3,6.9
Ahmedabad,23.0225,72.5714,2026-07-31 00:00:00,47.5,25.9,252.0,13.2,5.5,51.0,29.1,82,0.0,8.1
Ahmedabad,23.0225,72.5714,2026-07-31 01:00:00,48.1,25.7,188.0,12.1,5.3,50.0,28.9,83,0.0,8.5
Ahmedabad,23.0225,72.5714,2026-07-31 02:00:00,48.1,25.4,143.0,11.3,5.1,48.0,28.5,83,0.1,10.7
Ahmedabad,23.0225,72.5714,2026-07-31 03:00:00,47.6,24.9,126.0,11.0,5.0,45.0,27.6,87,0.7,10.6
Ahmedabad,23.0225,72.5714,2026-07-31 04:00:00,44.4,22.6,128.0,11.1,4.9,41.0,27.0,92,1.1,10.7
Ahmedabad,23.0225,72.5714,2026-07-31 05:00:00,52.3,30.3,142.0,25.2,5.4,24.0,27.8,86,0.2,12.8
Ahmedabad,23.0225,72.5714,2026-07-31 06:00:00,49.5,27.0,178.0,21.8,5.2,27.0,27.7,89,0.3,13.3
Ahmedabad,23.0225,72.5714,2026-07-31 07:00:00,46.9,24.1,227.0,16.9,4.9,32.0,27.5,92,0.6,14.0
Ahmedabad,23.0225,72.5714,2026-07-31 08:00:00,48.3,22.9,256.0,12.4,4.7,40.0,27.3,94,4.2,14.4
Ahmedabad,23.0225,72.5714,2026-07-31 09:00:00,48.5,22.6,242.0,8.7,4.5,55.0,27.6,93,1.3,14.4
Ahmedabad,23.0225,72.5714,2026-07-31 10:00:00,47.6,21.8,207.0,5.3,4.4,73.0,28.8,88,0.8,11.1
Ahmedabad,23.0225,72.5714,2026-07-31 11:00:00,53.6,24.2,186.0,3.0,4.2,88.0,31.1,76,0.1,16.1
Ahmedabad,23.0225,72.5714,2026-07-31 12:00:00,57.6,26.5,194.0,1.9,3.9,96.0,32.1,71,0.1,14.7
Ahmedabad,23.0225,72.5714,2026-07-31 13:00:00,58.9,27.6,216.0,1.7,3.6,101.0,32.5,70,0.2,13.7
Ahmedabad,23.0225,72.5714,2026-07-31 14:00:00,55.5,26.9,244.0,2.8,3.5,102.0,32.3,70,0.3,13.4
Ahmedabad,23.0225,72.5714,2026-07-31 15:00:00,43.3,22.8,281.0,5.5,3.7,98.0,30.3,86,2.2,9.9
Ahmedabad,23.0225,72.5714,2026-07-31 16:00:00,36.2,21.3,325.0,9.5,4.1,90.0,31.2,82,0.7,3.2
Ahmedabad,23.0225,72.5714,2026-07-31 17:00:00,30.6,19.1,360.0,11.3,3.4,85.0,30.4,84,0.5,7.0
Ahmedabad,23.0225,72.5714,2026-07-31 18:00:00,32.8,21.1,386.0,15.0,3.9,76.0,27.7,91,1.7,16.0
Ahmedabad,23.0225,72.5714,2026-07-31 19:00:00,31.7,22.1,404.0,19.9,4.5,65.0,26.5,95,5.8,12.1
Ahmedabad,23.0225,72.5714,2026-07-31 20:00:00,29.1,20.8,399.0,22.0,4.9,58.0,26.5,95,2.1,8.3
Ahmedabad,23.0225,72.5714,2026-07-31 21:00:00,27.0,17.4,357.0,18.6,4.7,62.0,26.3,97,6.3,9.2
Ahmedabad,23.0225,72.5714,2026-07-31 22:00:00,26.3,15.8,293.0,12.4,4.3,70.0,26.6,96,4.1,11.6
Ahmedabad,23.0225,72.5714,2026-07-31 23:00:00,25.9,15.5,240.0,7.6,3.8,76.0,26.1,97,1.9,12.0
Ahmedabad,23.0225,72.5714,2026-08-01 00:00:00,24.3,14.5,211.0,6.1,3.3,75.0,26.0,96,13.2,10.8
Ahmedabad,23.0225,72.5714,2026-08-01 01:00:00,20.7,12.4,194.0,6.1,2.9,71.0,25.9,97,7.2,8.2
Ahmedabad,23.0225,72.5714,2026-08-01 02:00:00,19.0,11.4,184.0,6.3,2.6,66.0,25.8,98,1.6,10.2
Ahmedabad,23.0225,72.5714,2026-08-01 03:00:00,18.6,11.1,180.0,6.4,2.6,60.0,25.8,98,3.0,11.1
Ahmedabad,23.0225,72.5714,2026-08-01 04:00:00,19.0,10.9,184.0,6.8,2.8,54.0,25.8,97,1.6,12.5
Ahmedabad,23.0225,72.5714,2026-08-01 05:00:00,17.3,10.7,191.0,7.6,2.9,61.0,26.2,97,1.1,12.1
Ahmedabad,23.0225,72.5714,2026-08-01 06:00:00,17.9,10.8,203.0,8.0,3.3,61.0,26.3,97,0.5,12.3
Ahmedabad,23.0225,72.5714,2026-08-01 07:00:00,19.1,11.0,218.0,8.5,3.8,62.0,26.4,97,0.4,13.8
Ahmedabad,23.0225,72.5714,2026-08-01 08:00:00,21.8,11.7,233.0,8.7,4.3,63.0,26.4,96,0.6,12.5
Ahmedabad,23.0225,72.5714,2026-08-01 09:00:00,24.4,13.0,248.0,8.5,4.6,64.0,26.8,93,3.7,11.4
Ahmedabad,23.0225,72.5714,2026-08-01 10:00:00,25.2,14.2,263.0,7.9,4.8,65.0,26.8,94,2.9,14.5
Ahmedabad,23.0225,72.5714,2026-08-01 11:00:00,27.0,15.3,269.0,7.3,4.9,68.0,28.0,87,1.8,14.1
Ahmedabad,23.0225,72.5714,2026-08-01 12:00:00,28.7,16.5,253.0,6.2,5.0,77.0,27.5,90,1.1,11.6
Ahmedabad,23.0225,72.5714,2026-08-01 13:00:00,28.1,16.5,228.0,4.9,5.0,88.0,27.5,92,1.8,12.3
Ahmedabad,23.0225,72.5714,2026-08-01 14:00:00,26.6,16.4,229.0,4.7,4.9,95.0,28.1,91,1.3,11.7
Ahmedabad,23.0225,72.5714,2026-08-01 15:00:00,24.7,15.9,280.0,5.9,4.7,94.0,28.0,90,0.4,11.5
Ahmedabad,23.0225,72.5714,2026-08-01 16:00:00,24.2,16.6,356.0,8.1,4.4,88.0,27.5,95,2.9,8.5
Ahmedabad,23.0225,72.5714,2026-08-01 17:00:00,12.0,8.9,415.0,10.7,2.6,62.0,27.9,87,3.0,11.9
Ahmedabad,23.0225,72.5714,2026-08-01 18:00:00,11.6,8.6,442.0,10.7,2.8,60.0,27.2,89,0.0,12.8
Ahmedabad,23.0225,72.5714,2026-08-01 19:00:00,11.8,8.6,451.0,10.8,3.1,58.0,27.0,91,0.1,12.4
Ahmedabad,23.0225,72.5714,2026-08-01 20:00:00,12.9,9.1,441.0,10.7,3.3,56.0,27.0,92,0.1,13.2
Ahmedabad,23.0225,72.5714,2026-08-01 21:00:00,13.2,9.1,404.0,10.4,3.5,56.0,26.7,93,0.2,11.5
Ahmedabad,23.0225,72.5714,2026-08-01 22:00:00,12.2,8.4,349.0,10.0,3.7,57.0,26.5,94,0.1,11.5
Ahmedabad,23.0225,72.5714,2026-08-01 23:00:00,11.5,7.9,294.0,9.4,3.7,59.0,25.9,95,0.5,13.2
Ahmedabad,23.0225,72.5714,2026-08-02 00:00:00,11.0,7.5,244.0,8.5,3.5,61.0,25.7,95,0.2,12.0
Ahmedabad,23.0225,72.5714,2026-08-02 01:00:00,9.9,6.8,195.0,7.4,3.2,64.0,25.6,95,0.1,13.2
Ahmedabad,23.0225,72.5714,2026-08-02 02:00:00,7.2,5.2,159.0,6.6,2.9,66.0,25.6,95,0.1,11.2
Ahmedabad,23.0225,72.5714,2026-08-02 03:00:00,6.3,4.5,143.0,6.2,2.8,66.0,25.7,95,0.1,10.2
Ahmedabad,23.0225,72.5714,2026-08-02 04:00:00,6.9,4.7,140.0,6.1,2.8,65.0,25.8,94,0.2,9.6
Ahmedabad,23.0225,72.5714,2026-08-02 05:00:00,20.2,10.5,144.0,8.1,3.6,47.0,25.8,93,0.4,9.5
Ahmedabad,23.0225,72.5714,2026-08-02 06:00:00,22.9,11.8,158.0,7.7,4.0,49.0,25.8,91,0.0,9.9
Ahmedabad,23.0225,72.5714,2026-08-02 07:00:00,30.5,14.6,180.0,7.2,4.6,51.0,26.4,89,0.0,7.2
Ahmedabad,23.0225,72.5714,2026-08-02 08:00:00,48.3,21.8,193.0,6.4,5.0,57.0,27.4,84,0.0,9.7
Ahmedabad,23.0225,72.5714,2026-08-02 09:00:00,47.0,21.9,188.0,5.2,4.9,68.0,28.6,78,0.0,11.3
Ahmedabad,23.0225,72.5714,2026-08-02 10:00:00,53.2,24.5,175.0,3.7,4.7,82.0,28.8,79,0.1,10.1
Ahmedabad,23.0225,72.5714,2026-08-02 11:00:00,56.2,25.3,165.0,2.6,4.4,93.0,29.2,75,0.2,10.7
Ahmedabad,23.0225,72.5714,2026-08-02 12:00:00,58.8,26.9,162.0,2.1,4.3,100.0,30.0,71,0.1,9.8
Ahmedabad,23.0225,72.5714,2026-08-02 13:00:00,63.6,28.3,163.0,2.0,4.2,104.0,31.2,66,0.1,8.9
Ahmedabad,23.0225,72.5714,2026-08-02 14:00:00,64.3,28.3,167.0,2.3,4.1,105.0,32.2,62,0.1,9.3
Ahmedabad,23.0225,72.5714,2026-08-02 15:00:00,65.7,29.0,177.0,2.9,4.1,103.0,32.6,60,0.1,9.7
Ahmedabad,23.0225,72.5714,2026-08-02 16:00:00,56.7,26.1,190.0,3.9,4.1,98.0,32.3,61,0.4,11.1
Ahmedabad,23.0225,72.5714,2026-08-02 17:00:00,58.2,29.3,200.0,4.4,3.4,95.0,29.8,73,0.5,11.5
Ahmedabad,23.0225,72.5714,2026-08-02 18:00:00,51.2,30.2,207.0,6.3,3.8,89.0,29.1,75,0.0,11.1
Ahmedabad,23.0225,72.5714,2026-08-02 19:00:00,49.4,31.9,211.0,9.0,4.3,81.0,28.2,81,0.0,8.5
Ahmedabad,23.0225,72.5714,2026-08-02 20:00:00,51.6,34.5,209.0,11.1,4.7,73.0,27.9,81,0.0,8.9
Ahmedabad,23.0225,72.5714,2026-08-02 21:00:00,56.6,37.3,197.0,12.4,5.0,66.0,27.8,83,0.0,8.8
Ahmedabad,23.0225,72.5714,2026-08-02 22:00:00,61.0,39.2,180.0,13.3,5.2,60.0,27.3,85,0.0,10.1
Ahmedabad,23.0225,72.5714,2026-08-02 23:00:00,64.3,39.6,164.0,13.3,5.2,54.0,27.1,87,0.0,10.6
Ahmedabad,23.0225,72.5714,2026-08-03 00:00:00,65.4,38.1,153.0,12.0,4.7,49.0,26.9,88,0.1,10.8
Ahmedabad,23.0225,72.5714,2026-08-03 01:00:00,59.4,33.1,143.0,9.9,4.0,44.0,26.8,88,0.1,11.8
Ahmedabad,23.0225,72.5714,2026-08-03 02:00:00,51.2,27.0,136.0,8.3,3.6,40.0,26.6,88,0.0,11.2
Ahmedabad,23.0225,72.5714,2026-08-03 03:00:00,40.3,19.8,128.0,7.9,3.8,36.0,26.6,87,0.0,10.8
Ahmedabad,23.0225,72.5714,2026-08-03 04:00:00,32.8,15.4,123.0,8.0,4.4,32.0,26.4,88,0.0,9.9
Ahmedabad,23.0225,72.5714,2026-08-03 05:00:00,26.9,11.4,131.0,7.1,3.8,32.0,26.4,91,0.0,10.0
Ahmedabad,23.0225,72.5714,2026-08-03 06:00:00,26.6,11.9,166.0,7.3,4.1,32.0,26.5,90,0.2,9.2
Ahmedabad,23.0225,72.5714,2026-08-03 07:00:00,32.4,14.1,214.0,7.6,4.6,32.0,26.3,92,0.6,10.4
Ahmedabad,23.0225,72.5714,2026-08-03 08:00:00,34.0,14.3,241.0,7.3,4.8,35.0,26.8,90,0.3,9.0
Ahmedabad,23.0225,72.5714,2026-08-03 09:00:00,38.4,15.6,225.0,5.8,4.6,45.0,27.7,86,0.1,8.6
Ahmedabad,23.0225,72.5714,2026-08-03 10:00:00,49.1,18.3,188.0,3.7,4.2,58.0,29.4,78,0.0,10.3
Ahmedabad,23.0225,72.5714,2026-08-03 11:00:00,60.8,21.2,158.0,2.2,3.9,70.0,29.9,74,0.1,10.3
Ahmedabad,23.0225,72.5714,2026-08-03 12:00:00,71.7,24.5,146.0,1.6,3.7,78.0,30.8,69,0.1,10.5
Ahmedabad,23.0225,72.5714,2026-08-03 13:00:00,83.1,28.8,141.0,1.6,3.6,84.0,31.5,64,0.0,11.3
Ahmedabad,23.0225,72.5714,2026-08-03 14:00:00,87.3,31.4,146.0,2.0,3.5,88.0,31.4,63,0.0,11.5
Ahmedabad,23.0225,72.5714,2026-08-03 15:00:00,85.9,32.5,166.0,2.8,3.5,88.0,31.5,63,0.1,11.6
Ahmedabad,23.0225,72.5714,2026-08-03 16:00:00,79.2,31.4,195.0,4.0,3.5,86.0,31.2,65,0.1,11.6
Ahmedabad,23.0225,72.5714,2026-08-03 17:00:00,75.2,29.8,221.0,5.3,3.9,76.0,30.3,69,0.0,9.7
Ahmedabad,23.0225,72.5714,2026-08-03 18:00:00,61.7,27.9,236.0,10.6,4.8,65.0,29.3,76,0.0,8.5
Ahmedabad,23.0225,72.5714,2026-08-03 19:00:00,55.6,27.8,247.0,17.9,6.0,50.0,28.7,79,0.0,9.0
Ahmedabad,23.0225,72.5714,2026-08-03 20:00:00,54.9,29.7,260.0,22.9,6.9,39.0,28.1,83,0.0,7.6
Ahmedabad,23.0225,72.5714,2026-08-03 21:00:00,56.8,31.5,287.0,23.7,7.3,36.0,27.7,86,0.1,7.6
Ahmedabad,23.0225,72.5714,2026-08-03 22:00:00,57.0,32.4,315.0,22.2,7.3,36.0,27.3,89,0.5,6.5
Ahmedabad,23.0225,72.5714,2026-08-03 23:00:00,62.4,33.5,321.0,20.1,7.1,37.0,27.7,87,0.4,7.8
Ahmedabad,23.0225,72.5714,2026-08-04 00:00:00,56.7,31.0,282.0,17.3,6.4,36.0,27.6,88,0.0,7.1
Ahmedabad,23.0225,72.5714,2026-08-04 01:00:00,51.9,28.8,220.0,13.8,5.5,36.0,27.1,89,0.1,7.6
Ahmedabad,23.0225,72.5714,2026-08-04 02:00:00,44.4,25.6,171.0,11.2,4.9,35.0,26.7,91,0.2,7.3
Ahmedabad,23.0225,72.5714,2026-08-04 03:00:00,36.1,21.4,149.0,10.4,4.9,33.0,26.4,92,0.0,8.0
Ahmedabad,23.0225,72.5714,2026-08-04 04:00:00,29.5,17.8,140.0,10.6,5.2,30.0,26.2,93,0.2,5.9
Ahmedabad,23.0225,72.5714,2026-08-04 05:00:00,29.6,17.3,141.0,11.3,5.7,28.0,26.6,91,0.0,7.5
Ahmedabad,23.0225,72.5714,2026-08-04 06:00:00,27.5,16.6,157.0,10.5,6.1,30.0,26.6,89,0.0,9.2
Ahmedabad,23.0225,72.5714,2026-08-04 07:00:00,28.0,16.5,183.0,9.3,6.6,33.0,27.0,87,0.0,7.7
Ahmedabad,23.0225,72.5714,2026-08-04 08:00:00,28.6,15.3,198.0,7.9,6.8,39.0,28.0,80,0.1,10.5
Ahmedabad,23.0225,72.5714,2026-08-04 09:00:00,31.4,15.7,189.0,6.1,6.3,52.0,29.0,75,0.1,9.9
Ahmedabad,23.0225,72.5714,2026-08-04 10:00:00,36.0,16.5,170.0,4.1,5.6,68.0,30.1,69,0.1,9.2
Ahmedabad,23.0225,72.5714,2026-08-04 11:00:00,43.0,18.1,154.0,2.6,4.9,80.0,31.0,64,0.0,8.7
Ahmedabad,23.0225,72.5714,2026-08-04 12:00:00,49.6,19.4,147.0,1.9,4.5,86.0,31.9,60,0.0,7.2
Ahmedabad,23.0225,72.5714,2026-08-04 13:00:00,58.3,21.1,144.0,1.7,4.3,89.0,32.7,56,0.0,6.7
Ahmedabad,23.0225,72.5714,2026-08-04 14:00:00,67.3,23.4,148.0,2.4,4.2,89.0,33.0,54,0.0,7.5
Ahmedabad,23.0225,72.5714,2026-08-04 15:00:00,72.4,25.0,155.0,3.6,4.2,86.0,32.8,54,0.0,7.1
Ahmedabad,23.0225,72.5714,2026-08-04 16:00:00,76.8,27.2,168.0,5.6,4.4,81.0,33.0,53,0.0,6.3
Ahmedabad,23.0225,72.5714,2026-08-04 17:00:00,78.0,30.3,199.0,12.0,5.2,66.0,31.6,61,0.0,9.7
Ahmedabad,23.0225,72.5714,2026-08-04 18:00:00,75.9,33.9,267.0,20.2,6.4,53.0,30.5,69,0.0,8.0
Ahmedabad,23.0225,72.5714,2026-08-04 19:00:00,78.7,37.6,352.0,31.4,8.0,35.0,29.6,75,0.0,6.0
Ahmedabad,23.0225,72.5714,2026-08-04 20:00:00,76.1,38.9,407.0,38.1,9.0,23.0,29.1,78,0.0,4.7
Ahmedabad,23.0225,72.5714,2026-08-04 21:00:00,70.5,37.7,409.0,36.5,8.8,22.0,28.4,83,0.0,8.6
Ahmedabad,23.0225,72.5714,2026-08-04 22:00:00,64.0,35.6,380.0,30.4,8.0,27.0,27.9,85,0.0,8.3
Ahmedabad,23.0225,72.5714,2026-08-04 23:00:00,56.7,32.9,338.0,24.4,7.1,32.0,27.8,86,0.0,8.3
Ahmedabad,23.0225,72.5714,2026-08-05 00:00:00,50.2,29.8,277.0,19.3,6.2,35.0,27.5,87,0.0,7.1
Ahmedabad,23.0225,72.5714,2026-08-05 01:00:00,46.7,27.8,202.0,14.3,5.2,39.0,27.4,83,0.0,8.2
Ahmedabad,23.0225,72.5714,2026-08-05 02:00:00,43.1,25.8,148.0,10.7,4.6,40.0,27.2,82,0.0,9.1
Ahmedabad,23.0225,72.5714,2026-08-05 03:00:00,35.4,21.7,127.0,9.7,4.9,37.0,26.9,84,0.0,8.2
Ahmedabad,23.0225,72.5714,2026-08-05 04:00:00,29.0,17.9,126.0,10.1,5.6,33.0,26.6,87,0.0,7.5
Ahmedabad,23.0225,72.5714,2026-08-05 05:00:00,43.7,23.7,140.0,10.7,5.5,34.0,25.4,94,0.0,5.0
Ahmedabad,23.0225,72.5714,2026-08-05 06:00:00,33.4,18.7,181.0,10.5,5.9,34.0,25.5,95,0.6,4.3
Ahmedabad,23.0225,72.5714,2026-08-05 07:00:00,31.5,17.2,237.0,10.1,6.4,34.0,26.4,93,0.2,6.0
Ahmedabad,23.0225,72.5714,2026-08-05 08:00:00,34.1,16.4,267.0,9.2,6.5,38.0,27.0,88,0.2,6.3
Ahmedabad,23.0225,72.5714,2026-08-05 09:00:00,40.9,17.2,246.0,7.1,6.0,48.0,28.2,80,0.2,7.4
Ahmedabad,23.0225,72.5714,2026-08-05 10:00:00,51.1,19.9,199.0,4.5,5.1,62.0,29.5,73,0.3,7.3
Ahmedabad,23.0225,72.5714,2026-08-05 11:00:00,64.3,22.9,162.0,2.6,4.4,73.0,30.4,68,0.2,7.8
Ahmedabad,23.0225,72.5714,2026-08-05 12:00:00,77.1,26.0,147.0,1.7,4.0,80.0,31.2,64,0.1,8.1
Ahmedabad,23.0225,72.5714,2026-08-05 13:00:00,85.4,28.1,141.0,1.4,3.7,84.0,32.0,61,0.0,9.1
Ahmedabad,23.0225,72.5714,2026-08-05 14:00:00,90.3,29.5,147.0,2.2,3.6,85.0,32.9,56,0.0,9.7
Ahmedabad,23.0225,72.5714,2026-08-05 15:00:00,87.5,29.6,164.0,4.3,3.7,81.0,33.0,56,0.0,9.4
Ahmedabad,23.0225,72.5714,2026-08-05 16:00:00,81.7,29.0,193.0,7.3,4.1,73.0,33.1,55,0.0,9.2
Ahmedabad,23.0225,72.5714,2026-08-05 17:00:00,79.2,32.8,231.0,10.7,5.2,64.0,31.8,60,0.0,7.3
Ahmedabad,23.0225,72.5714,2026-08-05 18:00:00,73.1,33.4,292.0,16.9,6.2,54.0,30.9,68,0.0,6.4
Ahmedabad,23.0225,72.5714,2026-08-05 19:00:00,70.3,35.5,362.0,25.4,7.5,40.0,29.8,75,0.0,7.6
Ahmedabad,23.0225,72.5714,2026-08-05 20:00:00,68.7,36.8,404.0,30.3,8.3,31.0,28.8,81,0.0,8.6
Ahmedabad,23.0225,72.5714,2026-08-05 21:00:00,64.0,35.7,398.0,28.6,8.1,32.0,28.2,84,0.0,9.4
Ahmedabad,23.0225,72.5714,2026-08-05 22:00:00,58.8,33.9,363.0,23.4,7.3,38.0,28.1,84,0.0,9.0
Ahmedabad,23.0225,72.5714,2026-08-05 23:00:00,52.6,31.3,318.0,18.5,6.5,42.0,28.1,86,0.0,8.0
Ahmedabad,23.0225,72.5714,2026-08-06 00:00:00,47.3,28.5,257.0,14.8,5.9,42.0,27.8,87,0.1,7.0
Ahmedabad,23.0225,72.5714,2026-08-06 01:00:00,44.4,26.4,186.0,11.4,5.3,40.0,27.7,87,0.1,7.7
Ahmedabad,23.0225,72.5714,2026-08-06 02:00:00,41.0,24.0,135.0,9.3,5.0,38.0,27.1,89,0.3,8.9
Ahmedabad,23.0225,72.5714,2026-08-06 03:00:00,36.6,21.1,120.0,9.3,5.1,34.0,26.7,90,0.2,8.2
Ahmedabad,23.0225,72.5714,2026-08-06 04:00:00,35.2,20.0,126.0,10.6,5.5,29.0,26.7,90,0.0,7.3
Ahmedabad,23.0225,72.5714,2026-08-06 05:00:00,38.3,20.8,136.0,9.5,5.6,29.0,26.8,90,0.0,8.3
Ahmedabad,23.0225,72.5714,2026-08-06 06:00:00,36.0,19.4,148.0,9.0,6.1,30.0,26.5,88,0.0,8.6
Ahmedabad,23.0225,72.5714,2026-08-06 07:00:00,39.0,20.0,163.0,8.3,6.7,32.0,26.8,86,0.0,8.6
Ahmedabad,23.0225,72.5714,2026-08-06 08:00:00,48.7,21.4,171.0,7.3,6.9,37.0,27.8,81,0.0,11.7
Ahmedabad,23.0225,72.5714,2026-08-06 09:00:00,60.8,24.9,164.0,5.8,6.4,48.0,29.0,74,0.0,10.5
Ahmedabad,23.0225,72.5714,2026-08-06 10:00:00,73.1,28.5,150.0,4.0,5.5,62.0,30.1,69,0.0,9.4
Ahmedabad,23.0225,72.5714,2026-08-06 11:00:00,82.0,31.1,140.0,2.7,4.7,73.0,31.0,63,0.0,10.8
Ahmedabad,23.0225,72.5714,2026-08-06 12:00:00,88.7,32.7,135.0,2.1,4.3,78.0,31.8,59,0.0,11.6
Ahmedabad,23.0225,72.5714,2026-08-06 13:00:00,92.7,33.2,132.0,2.1,4.1,80.0,32.4,55,0.0,12.5
Ahmedabad,23.0225,72.5714,2026-08-06 14:00:00,95.7,33.4,140.0,3.0,4.0,80.0,33.2,52,0.0,11.0
Ahmedabad,23.0225,72.5714,2026-08-06 15:00:00,98.3,33.4,166.0,5.0,4.1,77.0,33.2,51,0.0,10.5
Ahmedabad,23.0225,72.5714,2026-08-06 16:00:00,98.3,33.3,202.0,7.9,4.3,71.0,33.6,49,0.0,9.5
Ahmedabad,23.0225,72.5714,2026-08-06 17:00:00,105.2,38.1,226.0,6.6,4.6,73.0,32.0,59,0.0,7.2
Ahmedabad,23.0225,72.5714,2026-08-06 18:00:00,107.1,40.9,227.0,13.8,5.6,61.0,31.5,65,0.0,5.8
Ahmedabad,23.0225,72.5714,2026-08-06 19:00:00,98.3,42.0,216.0,23.4,6.9,45.0,30.7,74,0.0,2.7
Ahmedabad,23.0225,72.5714,2026-08-06 20:00:00,85.2,40.3,208.0,28.7,7.6,34.0,30.3,76,0.0,3.7
Ahmedabad,23.0225,72.5714,2026-08-06 21:00:00,66.6,34.9,212.0,25.2,7.1,35.0,29.4,78,0.0,8.8
Ahmedabad,23.0225,72.5714,2026-08-06 22:00:00,48.3,27.6,218.0,17.4,5.9,42.0,28.7,81,0.1,9.2
Ahmedabad,23.0225,72.5714,2026-08-06 23:00:00,37.5,22.9,214.0,11.2,5.0,46.0,27.4,89,0.1,7.9
Ahmedabad,23.0225,72.5714,2026-08-07 00:00:00,32.1,20.0,188.0,9.1,4.8,44.0,27.3,90,0.3,9.6
Ahmedabad,23.0225,72.5714,2026-08-07 01:00:00,30.6,18.8,153.0,8.7,4.9,41.0,27.0,90,0.3,10.3
Ahmedabad,23.0225,72.5714,2026-08-07 02:00:00,28.9,17.8,127.0,8.7,5.0,37.0,26.7,87,0.1,10.9
Ahmedabad,23.0225,72.5714,2026-08-07 03:00:00,24.0,15.0,120.0,8.8,5.2,34.0,26.3,87,0.0,8.8
Ahmedabad,23.0225,72.5714,2026-08-07 04:00:00,21.2,13.4,122.0,9.3,5.4,32.0,25.8,89,0.0,7.5
Ahmedabad,23.0225,72.5714,2026-08-07 05:00:00,20.5,12.3,132.0,9.1,5.4,32.0,26.4,85,0.0,9.4
Ahmedabad,23.0225,72.5714,2026-08-07 06:00:00,19.6,11.7,154.0,8.6,5.6,33.0,26.2,86,0.0,8.3
Ahmedabad,23.0225,72.5714,2026-08-07 07:00:00,20.7,12.0,183.0,7.9,5.9,35.0,27.0,83,0.0,8.7
Ahmedabad,23.0225,72.5714,2026-08-07 08:00:00,23.1,11.9,198.0,6.9,5.9,40.0,28.1,79,0.0,8.3
Ahmedabad,23.0225,72.5714,2026-08-07 09:00:00,25.4,12.5,186.0,5.5,5.5,49.0,28.5,76,0.1,13.9
Ahmedabad,23.0225,72.5714,2026-08-07 10:00:00,27.4,13.3,161.0,3.9,4.8,61.0,29.6,70,0.2,13.1
Ahmedabad,23.0225,72.5714,2026-08-07 11:00:00,31.9,14.7,141.0,2.8,4.3,70.0,30.1,69,0.2,12.9
Ahmedabad,23.0225,72.5714,2026-08-07 12:00:00,36.6,15.8,134.0,2.2,4.0,75.0,31.4,63,0.1,12.6
Ahmedabad,23.0225,72.5714,2026-08-07 13:00:00,41.9,17.2,132.0,2.0,3.7,78.0,32.2,59,0.0,11.7
Ahmedabad,23.0225,72.5714,2026-08-07 14:00:00,46.6,18.6,135.0,2.6,3.6,78.0,32.9,56,0.0,10.7
Ahmedabad,23.0225,72.5714,2026-08-07 15:00:00,51.9,20.5,140.0,4.1,3.6,76.0,33.5,52,0.0,11.9
Ahmedabad,23.0225,72.5714,2026-08-07 16:00:00,52.4,21.8,149.0,6.4,3.8,72.0,33.4,51,0.0,10.1
Ahmedabad,23.0225,72.5714,2026-08-07 17:00:00,70.1,28.8,168.0,8.1,3.8,66.0,32.0,58,0.0,11.8
Ahmedabad,23.0225,72.5714,2026-08-07 18:00:00,65.0,29.9,209.0,12.4,4.6,58.0,31.2,63,0.0,6.7
Ahmedabad,23.0225,72.5714,2026-08-07 19:00:00,59.8,31.4,259.0,18.1,5.6,47.0,30.2,72,0.0,6.5
Ahmedabad,23.0225,72.5714,2026-08-07 20:00:00,52.4,29.8,284.0,21.2,6.2,40.0,29.7,73,0.0,7.7
Ahmedabad,23.0225,72.5714,2026-08-07 21:00:00,44.8,26.7,262.0,18.9,5.9,39.0,29.1,74,0.0,7.9
Ahmedabad,23.0225,72.5714,2026-08-07 22:00:00,39.6,23.9,216.0,13.9,5.1,42.0,28.6,76,0.0,8.1
Ahmedabad,23.0225,72.5714,2026-08-07 23:00:00,36.0,21.8,176.0,10.1,4.5,43.0,28.6,73,0.0,10.3
Ahmedabad,23.0225,72.5714,2026-08-08 00:00:00,33.2,20.0,154.0,9.2,4.4,40.0,28.1,75,0.0,11.0
Ahmedabad,23.0225,72.5714,2026-08-08 01:00:00,31.1,18.7,138.0,9.6,4.6,35.0,27.6,79,0.0,10.3
Ahmedabad,23.0225,72.5714,2026-08-08 02:00:00,27.6,16.8,129.0,10.0,4.8,31.0,27.1,82,0.0,8.9
Ahmedabad,23.0225,72.5714,2026-08-08 03:00:00,23.2,14.4,127.0,10.2,5.1,28.0,26.7,85,0.0,8.0
Ahmedabad,23.0225,72.5714,2026-08-08 04:00:00,20.1,12.7,130.0,10.4,5.4,26.0,26.2,87,0.0,8.8
Ahmedabad,23.0225,72.5714,2026-08-08 05:00:00,18.8,10.9,138.0,9.3,5.9,27.0,26.6,84,0.0,9.6
Ahmedabad,23.0225,72.5714,2026-08-08 06:00:00,17.5,10.1,153.0,8.7,6.1,28.0,26.7,84,0.0,8.4
Ahmedabad,23.0225,72.5714,2026-08-08 07:00:00,18.8,10.6,173.0,7.9,6.4,29.0,26.9,84,0.0,6.9
Ahmedabad,23.0225,72.5714,2026-08-08 08:00:00,23.1,11.4,181.0,6.8,6.4,34.0,27.4,81,0.1,11.6
Ahmedabad,23.0225,72.5714,2026-08-08 09:00:00,29.5,13.7,168.0,5.4,5.8,44.0,28.8,74,0.1,13.1
Ahmedabad,23.0225,72.5714,2026-08-08 10:00:00,35.2,15.6,145.0,3.8,5.0,57.0,30.4,66,0.1,11.0
Ahmedabad,23.0225,72.5714,2026-08-08 11:00:00,39.2,16.7,128.0,2.6,4.3,68.0,31.6,59,0.0,9.6
Ahmedabad,23.0225,72.5714,2026-08-08 12:00:00,50.8,19.4,125.0,2.1,4.0,75.0,32.6,53,0.0,9.1
Ahmedabad,23.0225,72.5714,2026-08-08 13:00:00,61.2,22.1,130.0,2.0,3.9,80.0,33.0,51,0.0,9.4
Ahmedabad,23.0225,72.5714,2026-08-08 14:00:00,69.2,23.6,136.0,2.4,3.8,82.0,33.1,51,0.0,9.6
Ahmedabad,23.0225,72.5714,2026-08-08 15:00:00,72.9,24.0,140.0,2.7,3.7,81.0,33.3,51,0.0,9.9
Ahmedabad,23.0225,72.5714,2026-08-08 16:00:00,81.7,26.1,146.0,3.4,3.7,78.0,33.1,53,0.0,10.9
Ahmedabad,23.0225,72.5714,2026-08-08 17:00:00,115.7,36.3,164.0,8.6,4.2,66.0,32.6,55,0.0,10.0
Ahmedabad,23.0225,72.5714,2026-08-08 18:00:00,103.4,38.3,202.0,17.9,5.6,52.0,31.9,59,0.0,6.7
Ahmedabad,23.0225,72.5714,2026-08-08 19:00:00,105.9,42.8,252.0,30.5,7.4,34.0,31.0,67,0.0,4.0
Ahmedabad,23.0225,72.5714,2026-08-08 20:00:00,102.4,44.6,297.0,38.3,8.6,21.0,30.8,69,0.0,3.8
Ahmedabad,23.0225,72.5714,2026-08-08 21:00:00,93.6,43.3,344.0,37.0,8.4,20.0,30.0,73,0.0,8.0
Ahmedabad,23.0225,72.5714,2026-08-08 22:00:00,81.7,40.4,387.0,31.0,7.5,24.0,29.0,77,0.0,7.9
Ahmedabad,23.0225,72.5714,2026-08-08 23:00:00,66.6,35.6,389.0,24.6,6.6,29.0,28.8,78,0.0,7.1
Ahmedabad,23.0225,72.5714,2026-08-09 00:00:00,51.0,29.0,315.0,18.7,5.7,33.0,28.4,80,0.0,8.9
Ahmedabad,23.0225,72.5714,2026-08-09 01:00:00,40.6,23.7,201.0,12.6,4.7,37.0,28.2,78,0.0,10.9
Ahmedabad,23.0225,72.5714,2026-08-09 02:00:00,31.8,18.6,119.0,8.4,4.2,39.0,27.6,81,0.0,10.7
Ahmedabad,23.0225,72.5714,2026-08-09 03:00:00,25.1,14.7,102.0,7.7,4.4,36.0,27.3,84,0.0,9.7
Ahmedabad,23.0225,72.5714,2026-08-09 04:00:00,23.3,13.3,117.0,8.9,5.1,31.0,27.0,85,0.0,9.1
Ahmedabad,23.0225,72.5714,2026-08-09 05:00:00,22.3,12.9,132.0,9.2,5.1,29.0,27.1,85,0.0,8.5
Ahmedabad,23.0225,72.5714,2026-08-09 06:00:00,23.2,13.1,138.0,8.5,5.5,30.0,27.3,84,0.0,9.4
Ahmedabad,23.0225,72.5714,2026-08-09 07:00:00,26.4,14.1,144.0,7.5,6.1,32.0,27.6,82,0.0,10.7
Ahmedabad,23.0225,72.5714,2026-08-09 08:00:00,31.9,15.1,146.0,6.3,6.2,37.0,28.1,79,0.2,11.6
Ahmedabad,23.0225,72.5714,2026-08-09 09:00:00,43.5,18.2,141.0,4.8,5.6,47.0,29.1,74,0.2,10.8
Ahmedabad,23.0225,72.5714,2026-08-09 10:00:00,48.2,19.0,133.0,3.1,4.6,59.0,30.1,68,0.3,9.4
Ahmedabad,23.0225,72.5714,2026-08-09 11:00:00,59.8,21.2,126.0,1.9,3.8,69.0,30.7,64,0.2,10.3
Ahmedabad,23.0225,72.5714,2026-08-09 12:00:00,66.4,21.9,124.0,1.4,3.4,74.0,31.9,58,0.7,11.0
Ahmedabad,23.0225,72.5714,2026-08-09 13:00:00,83.4,25.1,124.0,1.3,3.2,77.0,32.7,55,0.5,10.6
Ahmedabad,23.0225,72.5714,2026-08-09 14:00:00,87.3,25.7,125.0,1.5,3.1,78.0,33.1,53,0.1,9.7
Ahmedabad,23.0225,72.5714,2026-08-09 15:00:00,94.8,27.1,125.0,1.5,3.0,77.0,33.6,51,0.0,8.5
Ahmedabad,23.0225,72.5714,2026-08-09 16:00:00,88.9,26.9,126.0,1.8,2.9,75.0,33.6,50,0.0,8.8
Ahmedabad,23.0225,72.5714,2026-08-09 17:00:00,88.9,29.9,139.0,3.8,3.4,70.0,32.7,53,0.0,13.1
Ahmedabad,23.0225,72.5714,2026-08-09 18:00:00,72.9,29.3,179.0,9.0,4.3,59.0,31.9,57,0.0,8.6
Ahmedabad,23.0225,72.5714,2026-08-09 19:00:00,66.1,30.5,232.0,16.1,5.5,44.0,31.0,64,0.0,8.3
Ahmedabad,23.0225,72.5714,2026-08-09 20:00:00,59.8,30.5,262.0,20.4,6.3,34.0,30.4,68,0.0,9.2
Ahmedabad,23.0225,72.5714,2026-08-09 21:00:00,53.1,29.0,250.0,19.5,6.1,34.0,30.0,71,0.0,8.1
Ahmedabad,23.0225,72.5714,2026-08-09 22:00:00,46.8,26.7,216.0,16.0,5.5,40.0,29.3,75,0.0,7.8
Ahmedabad,23.0225,72.5714,2026-08-09 23:00:00,44.1,24.8,182.0,12.6,4.9,44.0,28.8,78,0.0,8.4
Ahmedabad,23.0225,72.5714,2026-08-10 00:00:00,43.1,23.4,155.0,10.2,4.4,45.0,28.5,76,0.0,9.2
Ahmedabad,23.0225,72.5714,2026-08-10 01:00:00,42.6,22.6,129.0,8.1,3.9,46.0,28.3,71,0.0,11.9
Ahmedabad,23.0225,72.5714,2026-08-10 02:00:00,41.8,21.9,111.0,6.8,3.7,45.0,27.7,73,0.0,12.1
Ahmedabad,23.0225,72.5714,2026-08-10 03:00:00,39.7,20.8,104.0,6.8,4.0,42.0,27.3,78,0.0,10.4
Ahmedabad,23.0225,72.5714,2026-08-10 04:00:00,32.1,16.7,106.0,7.7,4.6,37.0,26.9,82,0.0,11.5
Ahmedabad,23.0225,72.5714,2026-08-10 05:00:00,27.5,14.0,115.0,7.4,4.0,38.0,27.1,83,0.0,11.6
Ahmedabad,23.0225,72.5714,2026-08-10 06:00:00,25.6,12.9,139.0,7.6,4.2,37.0,27.2,83,0.0,11.2
Ahmedabad,23.0225,72.5714,2026-08-10 07:00:00,28.3,13.5,170.0,7.8,4.4,35.0,27.1,84,0.0,12.2
Ahmedabad,23.0225,72.5714,2026-08-10 08:00:00,28.3,13.3,189.0,7.4,4.5,37.0,27.3,82,0.2,11.0
Ahmedabad,23.0225,72.5714,2026-08-10 09:00:00,41.2,16.9,179.0,5.9,4.3,46.0,28.9,72,0.2,13.0
Ahmedabad,23.0225,72.5714,2026-08-10 10:00:00,45.6,18.3,156.0,3.8,3.8,58.0,29.0,71,0.1,11.7
Ahmedabad,23.0225,72.5714,2026-08-10 11:00:00,53.0,20.7,150.0,2.3,3.5,67.0,29.1,71,0.3,9.8
Ahmedabad,23.0225,72.5714,2026-08-10 12:00:00,55.1,21.7,179.0,1.8,3.3,71.0,28.7,75,0.8,4.6
Ahmedabad,23.0225,72.5714,2026-08-10 13:00:00,53.8,21.3,225.0,1.9,3.1,71.0,28.5,78,1.3,4.0
Ahmedabad,23.0225,72.5714,2026-08-10 14:00:00,52.9,22.3,262.0,2.9,3.1,70.0,28.1,83,2.0,1.5
Ahmedabad,23.0225,72.5714,2026-08-10 15:00:00,46.7,20.4,278.0,4.9,3.2,67.0,27.7,88,1.2,4.0
Ahmedabad,23.0225,72.5714,2026-08-10 16:00:00,43.3,19.7,284.0,7.8,3.4,62.0,27.7,89,0.7,6.4
Ahmedabad,23.0225,72.5714,2026-08-10 17:00:00,36.2,19.6,290.0,12.8,5.0,53.0,27.8,84,0.3,8.5
Ahmedabad,23.0225,72.5714,2026-08-10 18:00:00,37.4,21.9,303.0,15.6,5.6,49.0,27.5,87,0.1,8.2
Ahmedabad,23.0225,72.5714,2026-08-10 19:00:00,36.4,22.4,316.0,19.3,6.5,43.0,27.0,89,0.1,8.1
Ahmedabad,23.0225,72.5714,2026-08-10 20:00:00,37.4,23.6,316.0,21.3,7.0,39.0,26.7,91,0.0,7.1
Ahmedabad,23.0225,72.5714,2026-08-10 21:00:00,37.6,23.7,297.0,20.0,6.8,39.0,26.5,92,0.0,8.3
Ahmedabad,23.0225,72.5714,2026-08-10 22:00:00,38.0,23.2,265.0,16.9,6.2,41.0,26.5,92,0.0,8.3
Ahmedabad,23.0225,72.5714,2026-08-10 23:00:00,37.4,22.4,231.0,14.2,5.6,42.0,26.7,91,0.0,9.0
Ahmedabad,23.0225,72.5714,2026-08-11 00:00:00,34.3,20.2,194.0,12.7,5.1,41.0,26.6,91,0.0,8.2
Ahmedabad,23.0225,72.5714,2026-08-11 01:00:00,32.1,18.6,154.0,11.6,4.7,39.0,26.6,91,0.1,7.3
Ahmedabad,23.0225,72.5714,2026-08-11 02:00:00,30.5,17.3,127.0,10.8,4.3,37.0,26.6,90,0.1,7.7
Ahmedabad,23.0225,72.5714,2026-08-11 03:00:00,27.4,15.7,114.0,10.0,4.0,37.0,26.6,89,0.0,9.7
Ahmedabad,23.0225,72.5714,2026-08-11 04:00:00,25.0,14.5,113.0,9.5,3.8,38.0,26.5,88,0.0,9.8
Ahmedabad,23.0225,72.5714,2026-08-11 05:00:00,17.8,10.0,130.0,10.3,2.9,34.0,26.6,89,0.0,8.8
Ahmedabad,23.0225,72.5714,2026-08-11 06:00:00,15.1,8.3,183.0,10.7,3.2,35.0,26.4,90,0.1,8.7
Ahmedabad,23.0225,72.5714,2026-08-11 07:00:00,17.3,9.0,254.0,11.2,3.6,35.0,26.7,89,0.4,7.0
Ahmedabad,23.0225,72.5714,2026-08-11 08:00:00,20.1,9.7,293.0,10.9,3.8,38.0,26.6,92,1.6,6.7
Ahmedabad,23.0225,72.5714,2026-08-11 09:00:00,22.8,10.7,267.0,9.1,3.8,43.0,26.9,92,2.2,6.3
Ahmedabad,23.0225,72.5714,2026-08-11 10:00:00,28.8,12.2,210.0,6.6,3.7,49.0,27.4,89,1.3,7.0
Ahmedabad,23.0225,72.5714,2026-08-11 11:00:00,34.7,13.8,166.0,4.5,3.5,56.0,28.6,79,0.6,13.0
Ahmedabad,23.0225,72.5714,2026-08-11 12:00:00,39.6,15.5,156.0,3.2,3.3,66.0,29.6,72,0.2,13.3
Ahmedabad,23.0225,72.5714,2026-08-11 13:00:00,47.4,17.7,160.0,2.3,3.1,76.0,29.7,72,0.1,11.9
Ahmedabad,23.0225,72.5714,2026-08-11 14:00:00,50.5,19.4,167.0,2.4,3.0,82.0,30.1,71,0.1,12.0
Ahmedabad,23.0225,72.5714,2026-08-11 15:00:00,52.3,20.5,161.0,3.4,3.0,81.0,29.6,71,0.1,10.6
Ahmedabad,23.0225,72.5714,2026-08-11 16:00:00,59.8,24.0,158.0,5.4,3.0,74.0,29.7,69,0.1,8.2
Ahmedabad,23.0225,72.5714,2026-08-11 17:00:00,42.5,16.8,196.0,3.6,2.5,79.0,29.5,71,0.1,11.5
Ahmedabad,23.0225,72.5714,2026-08-11 18:00:00,40.7,17.9,325.0,7.6,3.2,70.0,29.1,72,0.0,6.6
Ahmedabad,23.0225,72.5714,2026-08-11 19:00:00,39.3,19.7,495.0,13.2,4.2,58.0,28.4,78,0.0,5.1
Ahmedabad,23.0225,72.5714,2026-08-11 20:00:00,41.1,21.9,600.0,18.4,5.1,47.0,27.9,82,0.0,3.6
Ahmedabad,23.0225,72.5714,2026-08-11 21:00:00,43.4,24.2,585.0,23.1,6.1,38.0,27.8,84,0.0,2.5
Ahmedabad,23.0225,72.5714,2026-08-11 22:00:00,46.8,26.5,505.0,27.3,7.1,29.0,27.5,86,0.0,5.7
Ahmedabad,23.0225,72.5714,2026-08-11 23:00:00,47.6,27.5,414.0,28.8,7.5,24.0,27.4,83,0.0,6.4
Ahmedabad,23.0225,72.5714,2026-08-12 00:00:00,41.2,23.7,317.0,25.8,6.7,25.0,26.9,85,0.0,6.0
Ahmedabad,23.0225,72.5714,2026-08-12 01:00:00,37.3,21.4,209.0,20.1,5.4,29.0,26.6,88,0.0,6.0
Ahmedabad,23.0225,72.5714,2026-08-12 02:00:00,34.1,19.7,132.0,15.5,4.4,32.0,26.4,91,0.1,8.1
Ahmedabad,23.0225,72.5714,2026-08-12 03:00:00,31.7,18.3,104.0,13.4,4.2,31.0,26.2,89,0.1,10.0
Ahmedabad,23.0225,72.5714,2026-08-12 04:00:00,29.0,17.0,107.0,12.4,4.4,29.0,25.9,90,0.0,9.4
Ahmedabad,23.0225,72.5714,2026-08-12 05:00:00,22.3,13.1,126.0,9.9,3.9,33.0,26.1,89,0.0,8.9
Ahmedabad,23.0225,72.5714,2026-08-12 06:00:00,20.6,11.9,171.0,10.3,4.2,33.0,26.2,91,0.0,7.5
Ahmedabad,23.0225,72.5714,2026-08-12 07:00:00,20.5,12.1,233.0,10.9,4.7,32.0,26.8,90,0.2,8.5
Ahmedabad,23.0225,72.5714,2026-08-12 08:00:00,22.1,12.0,270.0,10.9,5.0,34.0,26.9,90,0.3,9.4
Ahmedabad,23.0225,72.5714,2026-08-12 09:00:00,24.4,13.1,254.0,9.9,5.0,39.0,27.3,88,0.1,10.1
Ahmedabad,23.0225,72.5714,2026-08-12 10:00:00,27.5,14.1,213.0,8.3,4.9,46.0,27.4,87,0.3,8.0
Ahmedabad,23.0225,72.5714,2026-08-12 11:00:00,29.3,14.8,187.0,7.0,4.7,53.0,29.5,77,0.4,8.3
Ahmedabad,23.0225,72.5714,2026-08-12 12:00:00,31.3,15.8,193.0,6.0,4.5,59.0,28.2,81,0.6,7.3
Ahmedabad,23.0225,72.5714,2026-08-12 13:00:00,32.5,16.5,214.0,5.2,4.2,64.0,28.3,81,1.0,7.2
Ahmedabad,23.0225,72.5714,2026-08-12 14:00:00,32.5,16.5,239.0,5.4,4.0,67.0,28.0,84,1.1,5.1
Ahmedabad,23.0225,72.5714,2026-08-12 15:00:00,31.2,16.4,260.0,6.8,3.8,68.0,28.1,83,0.4,3.1
Ahmedabad,23.0225,72.5714,2026-08-12 16:00:00,30.5,16.8,285.0,9.2,3.8,67.0,28.0,83,0.2,1.8
Ahmedabad,23.0225,72.5714,2026-08-12 17:00:00,27.0,14.3,323.0,7.7,4.0,66.0,27.7,84,0.9,5.8
Ahmedabad,23.0225,72.5714,2026-08-12 18:00:00,25.0,15.5,395.0,13.8,5.0,55.0,27.0,92,1.6,4.4
Ahmedabad,23.0225,72.5714,2026-08-12 19:00:00,26.3,17.6,479.0,22.1,6.2,39.0,26.8,94,1.8,3.6
Ahmedabad,23.0225,72.5714,2026-08-12 20:00:00,26.8,18.3,520.0,27.6,7.1,28.0,26.6,96,1.5,4.3
Ahmedabad,23.0225,72.5714,2026-08-12 21:00:00,25.4,17.2,483.0,27.6,7.1,25.0,26.4,95,0.6,5.5
Ahmedabad,23.0225,72.5714,2026-08-12 22:00:00,24.9,16.4,403.0,24.7,6.7,27.0,26.2,95,0.1,5.9
Ahmedabad,23.0225,72.5714,2026-08-12 23:00:00,24.9,16.4,326.0,21.8,6.2,29.0,26.1,93,0.1,5.5
Ahmedabad,23.0225,72.5714,2026-08-13 00:00:00,24.3,15.4,264.0,19.7,5.5,30.0,25.8,93,0.0,6.7
Ahmedabad,23.0225,72.5714,2026-08-13 01:00:00,24.2,14.8,206.0,17.7,4.7,32.0,25.6,93,0.0,6.4
Ahmedabad,23.0225,72.5714,2026-08-13 02:00:00,25.0,14.8,162.0,16.3,4.2,32.0,25.5,93,0.0,5.9
Ahmedabad,23.0225,72.5714,2026-08-13 03:00:00,26.0,15.3,138.0,16.3,4.1,31.0,25.5,94,0.0,6.4
Ahmedabad,23.0225,72.5714,2026-08-13 04:00:00,27.9,16.1,128.0,16.9,4.2,28.0,25.5,95,0.0,6.9
Ahmedabad,23.0225,72.5714,2026-08-13 05:00:00,24.9,14.9,131.0,14.7,4.6,28.0,25.1,97,0.0,8.1
Ahmedabad,23.0225,72.5714,2026-08-13 06:00:00,25.1,15.0,157.0,13.6,5.1,30.0,25.2,97,1.0,7.8
Ahmedabad,23.0225,72.5714,2026-08-13 07:00:00,25.3,14.6,195.0,12.1,5.8,33.0,25.9,94,0.1,8.9
Ahmedabad,23.0225,72.5714,2026-08-13 08:00:00,23.9,13.6,216.0,10.4,6.1,37.0,26.8,90,0.1,8.1
Ahmedabad,23.0225,72.5714,2026-08-13 09:00:00,23.6,12.3,201.0,8.3,5.6,45.0,28.0,84,0.0,8.4
Ahmedabad,23.0225,72.5714,2026-08-13 10:00:00,27.6,12.7,168.0,6.1,4.6,54.0,28.7,79,0.0,7.1
Ahmedabad,23.0225,72.5714,2026-08-13 11:00:00,24.6,11.7,145.0,4.5,4.0,61.0,30.0,72,0.3,8.8
Ahmedabad,23.0225,72.5714,2026-08-13 12:00:00,21.6,10.7,138.0,3.9,4.0,65.0,30.7,70,0.0,8.3
Ahmedabad,23.0225,72.5714,2026-08-13 13:00:00,19.7,9.8,141.0,4.1,4.2,67.0,31.7,67,0.0,8.8
Ahmedabad,23.0225,72.5714,2026-08-13 14:00:00,21.5,11.3,155.0,4.6,4.6,68.0,31.2,67,0.0,8.5
Ahmedabad,23.0225,72.5714,2026-08-13 15:00:00,23.0,12.0,190.0,5.3,5.1,69.0,31.2,67,0.0,6.5
Ahmedabad,23.0225,72.5714,2026-08-13 16:00:00,25.6,13.6,236.0,6.5,5.7,69.0,27.1,90,6.0,9.8
Ahmedabad,23.0225,72.5714,2026-08-13 17:00:00,30.3,17.5,271.0,9.4,4.6,61.0,29.9,71,2.9,8.2
Ahmedabad,23.0225,72.5714,2026-08-13 18:00:00,27.9,17.5,284.0,15.5,5.5,51.0,29.0,76,0.0,7.1
Ahmedabad,23.0225,72.5714,2026-08-13 19:00:00,28.8,19.4,285.0,23.7,6.8,37.0,28.1,80,0.1,7.8
Ahmedabad,23.0225,72.5714,2026-08-13 20:00:00,32.4,22.3,281.0,28.7,7.6,28.0,27.4,83,0.0,9.4
Ahmedabad,23.0225,72.5714,2026-08-13 21:00:00,31.8,22.0,273.0,27.5,7.5,27.0,26.8,87,0.0,9.2
Ahmedabad,23.0225,72.5714,2026-08-13 22:00:00,29.9,20.5,258.0,23.1,7.0,31.0,26.5,89,0.0,8.5
Ahmedabad,23.0225,72.5714,2026-08-13 23:00:00,27.8,18.9,239.0,19.1,6.4,34.0,26.5,90,0.0,9.1
Ahmedabad,23.0225,72.5714,2026-08-14 00:00:00,25.3,16.9,211.0,16.5,5.8,34.0,26.5,89,0.2,9.6
Ahmedabad,23.0225,72.5714,2026-08-14 01:00:00,23.6,15.5,177.0,14.4,5.0,33.0,26.3,91,0.2,10.5
Ahmedabad,23.0225,72.5714,2026-08-14 02:00:00,22.1,14.3,151.0,12.8,4.6,32.0,26.3,91,0.0,10.2
Ahmedabad,23.0225,72.5714,2026-08-14 03:00:00,20.4,13.2,134.0,12.3,4.6,29.0,26.2,90,0.0,9.1
Ahmedabad,23.0225,72.5714,2026-08-14 04:00:00,18.7,12.0,123.0,12.4,4.9,25.0,26.0,91,0.0,8.0
Ahmedabad,23.0225,72.5714,2026-08-14 05:00:00,17.9,10.4,125.0,9.8,5.0,28.0,26.3,88,0.0,8.4
Ahmedabad,23.0225,72.5714,2026-08-14 06:00:00,17.4,9.9,149.0,9.2,5.1,29.0,26.1,89,0.1,8.7
Ahmedabad,23.0225,72.5714,2026-08-14 07:00:00,17.9,10.2,186.0,8.2,5.3,32.0,26.3,87,0.0,8.0
Ahmedabad,23.0225,72.5714,2026-08-14 08:00:00,22.5,10.7,206.0,7.1,5.3,37.0,26.6,86,0.1,9.5
Ahmedabad,23.0225,72.5714,2026-08-14 09:00:00,27.4,12.4,194.0,5.6,5.0,48.0,27.7,81,0.2,11.8
Ahmedabad,23.0225,72.5714,2026-08-14 10:00:00,35.9,15.5,166.0,3.8,4.6,61.0,29.0,76,0.4,9.9
Ahmedabad,23.0225,72.5714,2026-08-14 11:00:00,41.1,17.3,143.0,2.5,4.3,73.0,30.3,69,0.1,10.9
Ahmedabad,23.0225,72.5714,2026-08-14 12:00:00,44.5,18.2,130.0,1.9,4.3,81.0,29.5,72,1.0,9.1
Ahmedabad,23.0225,72.5714,2026-08-14 13:00:00,47.0,19.5,123.0,1.7,4.4,86.0,30.9,67,0.1,9.3
Ahmedabad,23.0225,72.5714,2026-08-14 14:00:00,48.1,19.7,130.0,2.0,4.6,89.0,31.2,66,0.1,8.5
Ahmedabad,23.0225,72.5714,2026-08-14 15:00:00,58.7,23.8,152.0,2.8,4.9,89.0,31.7,63,0.1,8.1
Ahmedabad,23.0225,72.5714,2026-08-14 16:00:00,62.2,26.4,189.0,4.0,5.2,86.0,31.7,63,0.3,7.5
Ahmedabad,23.0225,72.5714,2026-08-14 17:00:00,39.9,20.1,243.0,7.1,5.0,63.0,27.9,88,0.3,6.0
Ahmedabad,23.0225,72.5714,2026-08-14 18:00:00,41.2,22.6,343.0,9.7,5.3,59.0,28.2,85,0.4,7.3
Ahmedabad,23.0225,72.5714,2026-08-14 19:00:00,43.8,25.1,461.0,13.4,5.7,54.0,27.2,90,0.8,4.3
Ahmedabad,23.0225,72.5714,2026-08-14 20:00:00,45.4,27.0,517.0,16.3,6.0,49.0,27.4,89,0.0,4.5
Ahmedabad,23.0225,72.5714,2026-08-14 21:00:00,46.6,28.8,457.0,18.1,6.3,45.0,27.2,88,0.0,6.0
Ahmedabad,23.0225,72.5714,2026-08-14 22:00:00,46.3,29.2,335.0,19.2,6.6,41.0,27.1,87,0.0,6.3
Ahmedabad,23.0225,72.5714,2026-08-14 23:00:00,45.6,28.7,237.0,19.3,6.5,38.0,27.1,85,0.0,7.9
Ahmedabad,23.0225,72.5714,2026-08-15 00:00:00,44.0,27.4,198.0,17.8,5.9,35.0,26.7,87,0.0,7.4
Ahmedabad,23.0225,72.5714,2026-08-15 01:00:00,42.4,25.8,183.0,15.3,4.9,33.0,26.4,89,0.1,7.3
Ahmedabad,23.0225,72.5714,2026-08-15 02:00:00,40.3,24.3,171.0,13.5,4.3,31.0,25.8,92,0.9,7.5
Ahmedabad,23.0225,72.5714,2026-08-15 03:00:00,37.4,22.6,154.0,13.2,4.2,28.0,25.4,95,1.2,7.7
Ahmedabad,23.0225,72.5714,2026-08-15 04:00:00,32.0,19.7,141.0,13.6,4.5,24.0,25.4,96,1.1,6.1
Ahmedabad,23.0225,72.5714,2026-08-15 05:00:00,36.7,21.6,139.0,12.8,4.7,25.0,25.6,96,0.2,6.3
Ahmedabad,23.0225,72.5714,2026-08-15 06:00:00,31.5,19.3,157.0,11.4,5.0,28.0,25.6,96,0.6,6.1
Ahmedabad,23.0225,72.5714,2026-08-15 07:00:00,28.9,18.2,185.0,9.3,5.5,32.0,26.0,94,0.1,6.4
Ahmedabad,23.0225,72.5714,2026-08-15 08:00:00,26.8,14.6,201.0,7.4,5.7,38.0,26.7,89,0.1,5.9
Ahmedabad,23.0225,72.5714,2026-08-15 09:00:00,25.6,13.3,194.0,5.7,5.4,49.0,27.8,82,0.1,6.2
Ahmedabad,23.0225,72.5714,2026-08-15 10:00:00,28.6,14.1,175.0,4.2,4.9,62.0,28.7,79,0.2,4.0
Ahmedabad,23.0225,72.5714,2026-08-15 11:00:00,30.6,14.4,158.0,3.1,4.5,73.0,29.6,69,0.1,6.7
Ahmedabad,23.0225,72.5714,2026-08-15 12:00:00,32.4,14.5,146.0,2.5,4.2,79.0,30.9,63,0.0,7.8
Ahmedabad,23.0225,72.5714,2026-08-15 13:00:00,35.3,15.0,137.0,2.3,3.9,82.0,31.6,60,0.0,8.3
Ahmedabad,23.0225,72.5714,2026-08-15 14:00:00,36.9,14.8,137.0,2.7,3.8,83.0,32.0,58,0.0,8.6
Ahmedabad,23.0225,72.5714,2026-08-15 15:00:00,39.8,15.1,151.0,3.1,3.7,83.0,32.1,57,0.0,8.3
Ahmedabad,23.0225,72.5714,2026-08-15 16:00:00,42.4,15.8,174.0,4.0,3.8,80.0,32.2,56,0.0,8.5
Ahmedabad,23.0225,72.5714,2026-08-15 17:00:00,56.8,23.1,197.0,10.7,4.5,68.0,32.0,57,0.0,6.4
Ahmedabad,23.0225,72.5714,2026-08-15 18:00:00,54.5,24.6,217.0,16.1,5.3,58.0,30.7,67,0.0,6.9
Ahmedabad,23.0225,72.5714,2026-08-15 19:00:00,53.1,26.8,237.0,23.5,6.4,44.0,28.2,80,0.0,12.6
Ahmedabad,23.0225,72.5714,2026-08-15 20:00:00,49.9,26.9,251.0,27.4,7.0,35.0,27.9,84,0.0,8.9
Ahmedabad,23.0225,72.5714,2026-08-15 21:00:00,45.9,25.6,261.0,24.8,6.6,36.0,27.7,86,0.0,7.6
Ahmedabad,23.0225,72.5714,2026-08-15 22:00:00,41.3,23.9,265.0,18.9,5.6,41.0,27.6,86,0.0,7.5
Ahmedabad,23.0225,72.5714,2026-08-15 23:00:00,36.2,21.6,256.0,13.9,4.8,45.0,27.6,81,0.0,9.2
Ahmedabad,23.0225,72.5714,2026-08-16 00:00:00,31.5,19.0,224.0,11.2,4.4,45.0,27.2,83,0.0,8.0
Ahmedabad,23.0225,72.5714,2026-08-16 01:00:00,32.1,18.7,180.0,9.4,4.2,43.0,27.1,84,0.0,7.3
Ahmedabad,23.0225,72.5714,2026-08-16 02:00:00,27.8,16.4,147.0,8.5,4.1,40.0,26.9,84,0.0,7.6
Ahmedabad,23.0225,72.5714,2026-08-16 03:00:00,23.3,13.8,136.0,8.9,4.3,36.0,26.6,85,0.0,7.1
Ahmedabad,23.0225,72.5714,2026-08-16 04:00:00,21.9,13.1,136.0,10.2,4.6,31.0,26.1,88,0.0,6.8
Ahmedabad,23.0225,72.5714,2026-08-16 05:00:00,19.0,11.5,142.0,11.2,4.5,28.0,26.0,88,0.0,7.9
Ahmedabad,23.0225,72.5714,2026-08-16 06:00:00,19.6,11.9,158.0,10.4,4.9,29.0,25.7,89,0.0,7.1
Ahmedabad,23.0225,72.5714,2026-08-16 07:00:00,22.9,13.0,180.0,9.3,5.5,31.0,26.4,87,0.0,6.9
Ahmedabad,23.0225,72.5714,2026-08-16 08:00:00,27.9,13.6,190.0,8.0,5.8,36.0,27.3,82,0.1,8.4
Ahmedabad,23.0225,72.5714,2026-08-16 09:00:00,30.7,14.0,178.0,6.3,5.6,45.0,27.6,81,0.5,8.6
Ahmedabad,23.0225,72.5714,2026-08-16 10:00:00,35.4,15.3,154.0,4.4,5.1,56.0,28.5,78,0.0,6.6
Ahmedabad,23.0225,72.5714,2026-08-16 11:00:00,39.2,16.4,135.0,3.1,4.8,65.0,29.4,70,0.3,8.9
Ahmedabad,23.0225,72.5714,2026-08-16 12:00:00,41.0,16.9,127.0,2.5,4.9,71.0,29.5,69,0.4,9.1
Ahmedabad,23.0225,72.5714,2026-08-16 13:00:00,39.7,17.0,123.0,2.5,5.1,75.0,30.3,67,0.4,9.8
Ahmedabad,23.0225,72.5714,2026-08-16 14:00:00,37.8,16.7,125.0,2.9,5.3,77.0,30.4,69,0.4,8.6
Ahmedabad,23.0225,72.5714,2026-08-16 15:00:00,37.0,16.7,133.0,3.3,5.4,76.0,30.8,68,0.0,6.7
Ahmedabad,23.0225,72.5714,2026-08-16 16:00:00,37.0,17.1,146.0,4.1,5.5,73.0,30.8,68,0.0,7.8
Ahmedabad,23.0225,72.5714,2026-08-16 17:00:00,44.0,20.1,161.0,5.0,5.0,70.0,29.8,72,0.0,7.5
Ahmedabad,23.0225,72.5714,2026-08-16 18:00:00,42.1,22.2,181.0,10.3,6.2,60.0,29.0,76,0.1,5.1
Ahmedabad,23.0225,72.5714,2026-08-16 19:00:00,43.3,25.1,203.0,17.5,7.8,46.0,28.2,81,0.0,9.0
Ahmedabad,23.0225,72.5714,2026-08-16 20:00:00,43.2,26.3,218.0,22.1,8.8,36.0,27.5,85,0.0,9.5
Ahmedabad,23.0225,72.5714,2026-08-16 21:00:00,40.5,25.2,225.0,21.9,8.8,34.0,27.4,87,0.0,9.5
Ahmedabad,23.0225,72.5714,2026-08-16 22:00:00,35.7,22.6,226.0,19.0,8.3,35.0,27.2,89,0.0,8.5
Ahmedabad,23.0225,72.5714,2026-08-16 23:00:00,36.3,22.1,215.0,16.0,7.5,37.0,27.2,87,0.0,9.0
Ahmedabad,23.0225,72.5714,2026-08-17 00:00:00,30.6,18.8,184.0,13.1,6.2,38.0,26.8,87,0.1,9.1
Ahmedabad,23.0225,72.5714,2026-08-17 01:00:00,26.4,15.9,143.0,10.1,4.6,39.0,26.5,88,0.1,7.9
Ahmedabad,23.0225,72.5714,2026-08-17 02:00:00,22.5,13.4,113.0,8.0,3.6,39.0,26.4,88,0.0,7.3
Ahmedabad,23.0225,72.5714,2026-08-17 03:00:00,19.0,11.5,103.0,7.7,3.6,36.0,26.4,88,0.0,7.7
Ahmedabad,23.0225,72.5714,2026-08-17 04:00:00,16.8,10.4,105.0,8.5,4.2,33.0,26.2,89,0.0,8.0
Ahmedabad,23.0225,72.5714,2026-08-17 05:00:00,15.0,8.9,115.0,8.7,4.4,33.0,25.9,91,0.0,7.8
Ahmedabad,23.0225,72.5714,2026-08-17 06:00:00,14.8,9.0,141.0,8.4,4.8,34.0,25.8,91,0.1,8.0
Ahmedabad,23.0225,72.5714,2026-08-17 07:00:00,15.5,9.7,176.0,8.0,5.4,36.0,26.4,87,0.1,8.8
Ahmedabad,23.0225,72.5714,2026-08-17 08:00:00,19.4,9.7,196.0,7.2,5.7,41.0,27.2,84,0.2,8.8
Ahmedabad,23.0225,72.5714,2026-08-17 09:00:00,24.8,11.2,186.0,5.8,5.5,50.0,28.0,81,0.1,9.2
Ahmedabad,23.0225,72.5714,2026-08-17 10:00:00,31.4,13.5,160.0,4.1,4.9,62.0,29.0,77,0.0,9.2
Ahmedabad,23.0225,72.5714,2026-08-17 11:00:00,34.9,14.6,140.0,2.8,4.5,72.0,29.3,70,0.1,10.6
Ahmedabad,23.0225,72.5714,2026-08-17 12:00:00,38.6,15.8,131.0,2.1,4.3,78.0,30.1,66,0.0,11.0
Ahmedabad,23.0225,72.5714,2026-08-17 13:00:00,44.0,17.1,128.0,1.8,4.1,81.0,31.0,61,0.0,12.8
Ahmedabad,23.0225,72.5714,2026-08-17 14:00:00,48.0,18.2,132.0,2.2,4.1,82.0,31.5,59,0.0,11.7
Ahmedabad,23.0225,72.5714,2026-08-17 15:00:00,52.0,20.0,145.0,3.4,4.3,79.0,31.1,64,0.0,9.4
Ahmedabad,23.0225,72.5714,2026-08-17 16:00:00,53.4,21.3,165.0,5.3,4.5,74.0,31.7,62,0.0,8.4
Ahmedabad,23.0225,72.5714,2026-08-17 17:00:00,60.3,24.7,188.0,5.9,4.4,74.0,31.1,64,0.0,8.4
Ahmedabad,23.0225,72.5714,2026-08-17 18:00:00,55.4,26.8,216.0,10.3,5.1,65.0,30.1,73,0.1,7.3
Ahmedabad,23.0225,72.5714,2026-08-17 19:00:00,52.5,28.2,247.0,16.2,6.1,53.0,28.8,79,0.0,9.4
Ahmedabad,23.0225,72.5714,2026-08-17 20:00:00,49.5,27.5,268.0,19.7,6.6,44.0,28.5,79,0.0,7.4
Ahmedabad,23.0225,72.5714,2026-08-17 21:00:00,42.7,24.6,276.0,18.3,6.3,41.0,28.0,81,0.2,7.0
Ahmedabad,23.0225,72.5714,2026-08-17 22:00:00,35.5,21.4,274.0,14.5,5.6,40.0,27.5,84,0.3,7.0
Ahmedabad,23.0225,72.5714,2026-08-17 23:00:00,28.6,18.2,258.0,11.3,5.0,39.0,27.5,83,0.1,10.7
Ahmedabad,23.0225,72.5714,2026-08-18 00:00:00,21.9,14.2,218.0,9.7,4.7,36.0,27.2,83,0.0,10.1
Ahmedabad,23.0225,72.5714,2026-08-18 01:00:00,18.7,12.0,165.0,8.8,4.6,34.0,27.0,83,0.0,9.3
Ahmedabad,23.0225,72.5714,2026-08-18 02:00:00,17.5,10.8,127.0,8.4,4.6,31.0,26.5,84,0.0,8.9
Ahmedabad,23.0225,72.5714,2026-08-18 03:00:00,17.3,10.3,117.0,8.9,4.7,28.0,26.0,86,0.0,7.9
Ahmedabad,23.0225,72.5714,2026-08-18 04:00:00,17.3,10.1,122.0,10.0,5.0,26.0,25.6,88,0.0,6.6
Ahmedabad,23.0225,72.5714,2026-08-18 05:00:00,17.9,10.0,136.0,9.1,5.1,28.0,25.6,89,0.0,6.0
Ahmedabad,23.0225,72.5714,2026-08-18 06:00:00,18.0,10.5,165.0,8.8,5.5,29.0,25.3,90,0.0,6.3
Ahmedabad,23.0225,72.5714,2026-08-18 07:00:00,21.1,11.6,203.0,8.4,6.1,30.0,26.0,89,0.1,5.9
Ahmedabad,23.0225,72.5714,2026-08-18 08:00:00,22.2,11.4,222.0,7.6,6.4,35.0,27.2,84,0.0,7.6
Ahmedabad,23.0225,72.5714,2026-08-18 09:00:00,23.3,11.9,202.0,6.0,6.0,46.0,28.6,76,0.0,11.7
Ahmedabad,23.0225,72.5714,2026-08-18 10:00:00,28.9,13.6,163.0,4.1,5.3,60.0,29.7,71,0.0,12.2
Ahmedabad,23.0225,72.5714,2026-08-18 11:00:00,36.3,15.9,134.0,2.7,4.7,71.0,30.6,65,0.0,14.2
Ahmedabad,23.0225,72.5714,2026-08-18 12:00:00,43.0,17.6,126.0,2.1,4.2,76.0,31.0,62,0.0,15.0
Ahmedabad,23.0225,72.5714,2026-08-18 13:00:00,49.1,19.7,128.0,1.9,3.8,78.0,31.1,63,0.0,12.7
Ahmedabad,23.0225,72.5714,2026-08-18 14:00:00,52.6,21.1,137.0,2.4,3.5,78.0,31.9,59,0.0,12.2
Ahmedabad,23.0225,72.5714,2026-08-18 15:00:00,52.6,21.5,152.0,3.6,3.4,76.0,32.1,57,0.0,13.0
Ahmedabad,23.0225,72.5714,2026-08-18 16:00:00,50.9,21.9,173.0,5.4,3.5,73.0,32.4,57,0.0,11.3
Ahmedabad,23.0225,72.5714,2026-08-18 17:00:00,71.9,31.7,199.0,8.1,4.3,68.0,32.1,59,0.0,7.2
Ahmedabad,23.0225,72.5714,2026-08-18 18:00:00,64.3,31.5,238.0,12.2,5.0,60.0,31.3,65,0.0,8.1
Ahmedabad,23.0225,72.5714,2026-08-18 19:00:00,59.6,32.1,282.0,17.7,6.0,48.0,29.9,72,0.0,7.6
Ahmedabad,23.0225,72.5714,2026-08-18 20:00:00,54.1,30.5,299.0,20.7,6.5,40.0,29.3,74,0.0,7.2
Ahmedabad,23.0225,72.5714,2026-08-18 21:00:00,46.8,27.2,267.0,18.6,6.2,39.0,28.6,77,0.0,7.4
Ahmedabad,23.0225,72.5714,2026-08-18 22:00:00,39.7,23.6,208.0,14.0,5.4,42.0,28.0,79,0.0,8.0
Ahmedabad,23.0225,72.5714,2026-08-18 23:00:00,33.8,20.2,160.0,10.3,4.8,43.0,27.6,84,0.0,8.0
Ahmedabad,23.0225,72.5714,2026-08-19 00:00:00,28.9,17.3,139.0,8.8,4.6,41.0,27.0,87,0.1,8.0
Ahmedabad,23.0225,72.5714,2026-08-19 01:00:00,24.1,14.7,129.0,8.2,4.5,37.0,26.9,87,0.0,9.8
Ahmedabad,23.0225,72.5714,2026-08-19 02:00:00,19.3,12.0,123.0,8.0,4.6,33.0,26.5,84,0.0,11.6
Ahmedabad,23.0225,72.5714,2026-08-19 03:00:00,17.8,11.1,118.0,8.3,4.8,30.0,26.0,85,0.0,10.6
Ahmedabad,23.0225,72.5714,2026-08-19 04:00:00,18.6,11.3,117.0,9.0,5.0,27.0,25.6,87,0.0,9.2
Ahmedabad,23.0225,72.5714,2026-08-19 05:00:00,17.9,10.7,126.0,9.0,5.3,26.0,25.9,84,0.0,8.8
Ahmedabad,23.0225,72.5714,2026-08-19 06:00:00,18.8,11.0,154.0,9.0,5.7,26.0,25.8,85,0.0,8.8
Ahmedabad,23.0225,72.5714,2026-08-19 07:00:00,23.3,12.6,191.0,8.8,6.1,26.0,26.5,84,0.0,7.6
Ahmedabad,23.0225,72.5714,2026-08-19 08:00:00,25.0,13.4,212.0,8.2,6.3,29.0,27.0,84,0.2,7.9
Ahmedabad,23.0225,72.5714,2026-08-19 09:00:00,24.3,13.0,202.0,6.7,5.9,39.0,27.7,83,0.3,10.3
Ahmedabad,23.0225,72.5714,2026-08-19 10:00:00,25.8,13.6,176.0,4.6,5.2,52.0,28.6,78,0.2,11.6
Ahmedabad,23.0225,72.5714,2026-08-19 11:00:00,28.1,13.8,154.0,3.1,4.7,63.0,30.1,70,0.0,13.2
Ahmedabad,23.0225,72.5714,2026-08-19 12:00:00,34.6,16.1,142.0,2.3,4.5,70.0,30.2,71,0.1,10.8
Ahmedabad,23.0225,72.5714,2026-08-19 13:00:00,40.9,18.3,134.0,2.1,4.3,76.0,31.1,67,0.2,12.0
Ahmedabad,23.0225,72.5714,2026-08-19 14:00:00,44.0,19.3,134.0,2.3,4.2,79.0,31.9,63,0.0,12.9
Ahmedabad,23.0225,72.5714,2026-08-19 15:00:00,48.1,20.9,136.0,3.1,3.9,79.0,32.3,58,0.0,12.2
Ahmedabad,23.0225,72.5714,2026-08-19 16:00:00,48.5,21.4,144.0,4.3,3.6,78.0,32.6,54,0.0,12.6
Ahmedabad,23.0225,72.5714,2026-08-19 17:00:00,58.7,29.6,179.0,7.5,4.4,68.0,31.0,64,0.0,10.9
Ahmedabad,23.0225,72.5714,2026-08-19 18:00:00,54.0,28.6,275.0,10.3,4.8,63.0,30.6,68,0.0,8.7
Ahmedabad,23.0225,72.5714,2026-08-19 19:00:00,48.9,27.8,396.0,13.9,5.5,55.0,29.7,73,0.0,7.9
Ahmedabad,23.0225,72.5714,2026-08-19 20:00:00,43.9,26.3,455.0,16.0,5.8,49.0,28.7,79,0.0,8.1
Ahmedabad,23.0225,72.5714,2026-08-19 21:00:00,38.6,23.8,393.0,14.8,5.6,47.0,28.1,85,0.1,6.4
Ahmedabad,23.0225,72.5714,2026-08-19 22:00:00,34.5,21.4,269.0,12.0,5.2,46.0,27.8,86,0.0,6.0
Ahmedabad,23.0225,72.5714,2026-08-19 23:00:00,31.8,19.3,172.0,9.7,4.9,44.0,28.3,75,0.0,12.9
Ahmedabad,23.0225,72.5714,2026-08-20 00:00:00,29.1,17.2,139.0,8.6,4.8,41.0,27.5,79,0.0,12.9
Ahmedabad,23.0225,72.5714,2026-08-20 01:00:00,24.9,14.5,133.0,8.0,4.7,37.0,27.0,82,0.0,12.4
Ahmedabad,23.0225,72.5714,2026-08-20 02:00:00,21.5,12.5,131.0,7.9,4.8,33.0,26.6,85,0.0,11.4
Ahmedabad,23.0225,72.5714,2026-08-20 03:00:00,20.1,11.8,123.0,8.7,5.0,29.0,26.1,87,0.0,8.9
Ahmedabad,23.0225,72.5714,2026-08-20 04:00:00,23.0,12.9,119.0,10.0,5.2,26.0,26.0,86,0.0,8.7
Ahmedabad,23.0225,72.5714,2026-08-20 05:00:00,17.2,10.1,125.0,8.8,5.2,27.0,26.5,81,0.0,7.7
Ahmedabad,23.0225,72.5714,2026-08-20 06:00:00,15.8,9.7,150.0,8.3,5.3,28.0,25.8,85,0.0,7.2
Ahmedabad,23.0225,72.5714,2026-08-20 07:00:00,18.3,10.3,184.0,7.6,5.4,29.0,26.5,85,0.1,5.0
Ahmedabad,23.0225,72.5714,2026-08-20 08:00:00,16.6,9.3,203.0,6.7,5.4,33.0,27.6,79,0.1,8.1
Ahmedabad,23.0225,72.5714,2026-08-20 09:00:00,18.9,9.9,190.0,5.3,5.0,43.0,28.7,72,0.0,11.4
Ahmedabad,23.0225,72.5714,2026-08-20 10:00:00,22.1,11.1,162.0,3.6,4.5,56.0,29.7,66,0.0,10.8
Ahmedabad,23.0225,72.5714,2026-08-20 11:00:00,27.5,12.9,140.0,2.4,4.0,66.0,30.1,65,0.1,11.6
Ahmedabad,23.0225,72.5714,2026-08-20 12:00:00,32.0,14.4,132.0,1.8,3.7,71.0,30.4,66,0.2,9.5
Ahmedabad,23.0225,72.5714,2026-08-20 13:00:00,34.6,15.5,131.0,1.8,3.6,74.0,31.2,62,0.0,9.7
Ahmedabad,23.0225,72.5714,2026-08-20 14:00:00,36.3,16.4,139.0,2.4,3.5,74.0,31.7,60,0.0,10.4
Ahmedabad,23.0225,72.5714,2026-08-20 15:00:00,37.8,17.3,158.0,3.9,3.6,72.0,31.7,59,0.0,11.4
Ahmedabad,23.0225,72.5714,2026-08-20 16:00:00,38.0,18.0,186.0,6.2,3.7,69.0,31.5,60,0.1,9.2
Ahmedabad,23.0225,72.5714,2026-08-20 17:00:00,50.5,23.7,219.0,7.8,4.1,65.0,30.8,64,0.0,4.9
Ahmedabad,23.0225,72.5714,2026-08-20 18:00:00,45.9,24.9,269.0,14.4,5.1,54.0,30.4,69,0.0,5.8
Ahmedabad,23.0225,72.5714,2026-08-20 19:00:00,46.9,27.8,325.0,23.4,6.5,40.0,29.2,74,0.0,7.5
Ahmedabad,23.0225,72.5714,2026-08-20 20:00:00,45.4,28.4,350.0,28.6,7.4,30.0,28.8,76,0.0,6.8
Ahmedabad,23.0225,72.5714,2026-08-20 21:00:00,41.9,26.5,319.0,26.6,7.2,30.0,28.2,82,0.2,4.8
Ahmedabad,23.0225,72.5714,2026-08-20 22:00:00,38.1,24.4,258.0,20.8,6.5,34.0,27.7,87,0.1,5.6
Ahmedabad,23.0225,72.5714,2026-08-20 23:00:00,31.5,20.6,204.0,15.5,5.7,37.0,26.7,93,0.2,6.3
Ahmedabad,23.0225,72.5714,2026-08-21 00:00:00,25.9,16.5,170.0,12.0,4.9,37.0,26.8,89,0.1,9.1
Ahmedabad,23.0225,72.5714,2026-08-21 01:00:00,22.2,13.7,143.0,9.1,4.1,36.0,26.6,86,0.1,10.4
Ahmedabad,23.0225,72.5714,2026-08-21 02:00:00,20.1,12.2,126.0,7.2,3.7,35.0,26.4,85,0.1,10.6
Ahmedabad,23.0225,72.5714,2026-08-21 03:00:00,18.3,11.1,119.0,7.1,3.9,33.0,26.1,87,0.0,8.5
Ahmedabad,23.0225,72.5714,2026-08-21 04:00:00,15.5,9.5,122.0,8.1,4.6,30.0,25.9,89,0.0,6.3
Ahmedabad,23.0225,72.5714,2026-08-21 05:00:00,25.1,13.6,131.0,11.0,4.3,23.0,26.3,87,0.0,6.7
Ahmedabad,23.0225,72.5714,2026-08-21 06:00:00,19.3,11.5,152.0,10.2,4.6,25.0,25.9,87,0.0,7.8
Ahmedabad,23.0225,72.5714,2026-08-21 07:00:00,16.9,10.0,180.0,8.9,5.1,28.0,26.4,85,0.1,6.6
Ahmedabad,23.0225,72.5714,2026-08-21 08:00:00,15.0,8.8,195.0,7.5,5.2,34.0,26.5,85,0.4,9.1
Ahmedabad,23.0225,72.5714,2026-08-21 09:00:00,15.3,7.8,184.0,5.7,4.8,45.0,27.2,84,0.3,8.8
Ahmedabad,23.0225,72.5714,2026-08-21 10:00:00,17.3,9.0,159.0,3.7,4.1,58.0,28.4,78,0.2,9.2
Ahmedabad,23.0225,72.5714,2026-08-21 11:00:00,21.6,10.5,141.0,2.4,3.6,68.0,30.0,67,0.3,11.2
Ahmedabad,23.0225,72.5714,2026-08-21 12:00:00,25.0,11.6,135.0,2.0,3.4,72.0,30.4,65,0.4,11.7
Ahmedabad,23.0225,72.5714,2026-08-21 13:00:00,27.1,12.6,136.0,2.2,3.4,73.0,30.7,64,0.5,11.4
Ahmedabad,23.0225,72.5714,2026-08-21 14:00:00,31.9,14.6,141.0,2.9,3.5,72.0,31.6,60,0.1,10.7
Ahmedabad,23.0225,72.5714,2026-08-21 15:00:00,31.8,14.8,148.0,3.8,3.5,71.0,31.7,58,0.0,11.3
Ahmedabad,23.0225,72.5714,2026-08-21 16:00:00,31.9,15.0,160.0,5.1,3.6,69.0,31.7,59,0.0,11.7
Ahmedabad,23.0225,72.5714,2026-08-21 17:00:00,41.9,19.3,184.0,6.3,3.4,66.0,30.3,65,0.0,2.2
Ahmedabad,23.0225,72.5714,2026-08-21 18:00:00,39.9,21.2,235.0,13.9,4.6,54.0,29.8,68,0.0,5.1
Ahmedabad,23.0225,72.5714,2026-08-21 19:00:00,41.9,24.9,299.0,24.0,6.2,37.0,29.3,72,0.0,6.2
Ahmedabad,23.0225,72.5714,2026-08-21 20:00:00,41.6,26.2,339.0,29.7,7.2,27.0,28.8,75,0.0,6.7
Ahmedabad,23.0225,72.5714,2026-08-21 21:00:00,37.6,24.3,340.0,26.6,6.9,29.0,28.4,78,0.0,7.4
Ahmedabad,23.0225,72.5714,2026-08-21 22:00:00,32.0,21.1,318.0,19.0,6.0,36.0,28.0,79,0.0,8.6
Ahmedabad,23.0225,72.5714,2026-08-21 23:00:00,26.5,17.6,286.0,12.8,5.3,42.0,27.7,81,0.0,7.2
Ahmedabad,23.0225,72.5714,2026-08-22 00:00:00,22.9,15.0,238.0,10.0,5.0,42.0,27.2,83,0.0,8.5
Ahmedabad,23.0225,72.5714,2026-08-22 01:00:00,20.5,13.1,179.0,8.5,4.8,40.0,27.0,84,0.1,9.4
Ahmedabad,23.0225,72.5714,2026-08-22 02:00:00,17.4,11.1,137.0,7.8,4.8,37.0,26.9,85,0.0,7.6
Ahmedabad,23.0225,72.5714,2026-08-22 03:00:00,16.4,10.3,125.0,8.0,5.0,34.0,26.7,87,0.2,7.2
Ahmedabad,23.0225,72.5714,2026-08-22 04:00:00,15.9,10.1,129.0,8.9,5.3,31.0,26.3,89,0.3,8.3
Ahmedabad,23.0225,72.5714,2026-08-22 05:00:00,15.3,9.7,138.0,9.3,5.2,29.0,26.4,90,0.1,5.6
Ahmedabad,23.0225,72.5714,2026-08-22 06:00:00,15.0,9.6,152.0,8.7,5.5,30.0,26.2,90,0.1,6.9
Ahmedabad,23.0225,72.5714,2026-08-22 07:00:00,16.9,10.2,170.0,7.8,5.9,33.0,26.8,84,0.1,7.7
Ahmedabad,23.0225,72.5714,2026-08-22 08:00:00,19.3,10.5,179.0,6.8,6.0,38.0,27.6,79,0.1,8.5
Ahmedabad,23.0225,72.5714,2026-08-22 09:00:00,19.1,10.6,170.0,5.4,5.6,48.0,28.7,72,0.1,10.1
Ahmedabad,23.0225,72.5714,2026-08-22 10:00:00,21.1,11.1,152.0,3.9,4.8,61.0,30.1,66,0.1,9.6
Ahmedabad,23.0225,72.5714,2026-08-22 11:00:00,22.5,11.7,138.0,2.7,4.2,71.0,31.1,60,0.0,10.3
Ahmedabad,23.0225,72.5714,2026-08-22 12:00:00,26.3,13.2,133.0,1.9,3.8,77.0,32.4,54,0.0,10.4
Ahmedabad,23.0225,72.5714,2026-08-22 13:00:00,31.5,15.1,132.0,1.6,3.6,81.0,33.1,51,0.0,11.2
Ahmedabad,23.0225,72.5714,2026-08-22 14:00:00,36.2,16.5,135.0,2.0,3.4,82.0,33.2,52,0.0,10.9
Ahmedabad,23.0225,72.5714,2026-08-22 15:00:00,41.3,18.5,137.0,3.3,3.2,79.0,32.8,55,0.0,11.2
Ahmedabad,23.0225,72.5714,2026-08-22 16:00:00,46.8,20.8,143.0,5.4,3.1,73.0,32.6,57,0.0,9.4
Ahmedabad,23.0225,72.5714,2026-08-22 17:00:00,62.9,28.6,167.0,8.1,3.5,63.0,32.0,59,0.0,7.6
Ahmedabad,23.0225,72.5714,2026-08-22 18:00:00,56.2,29.2,227.0,16.7,4.9,50.0,32.0,58,0.0,5.7
Ahmedabad,23.0225,72.5714,2026-08-22 19:00:00,58.1,32.7,304.0,28.3,6.8,33.0,31.4,61,0.0,7.5
Ahmedabad,23.0225,72.5714,2026-08-22 20:00:00,58.3,34.6,360.0,35.4,8.0,21.0,30.6,66,0.0,7.6
Ahmedabad,23.0225,72.5714,2026-08-22 21:00:00,52.9,32.6,383.0,33.7,7.9,21.0,29.9,70,0.0,5.9
Ahmedabad,23.0225,72.5714,2026-08-22 22:00:00,46.0,29.3,384.0,27.4,7.1,26.0,28.8,76,0.0,6.6
Ahmedabad,23.0225,72.5714,2026-08-22 23:00:00,39.1,25.3,360.0,21.4,6.2,31.0,28.5,81,0.0,5.2
Ahmedabad,23.0225,72.5714,2026-08-23 00:00:00,34.0,21.5,291.0,16.9,5.4,33.0,28.3,80,0.0,5.1
Ahmedabad,23.0225,72.5714,2026-08-23 01:00:00,31.5,19.4,197.0,12.6,4.5,35.0,28.1,78,0.1,6.9
Ahmedabad,23.0225,72.5714,2026-08-23 02:00:00,28.8,17.3,129.0,9.8,4.0,35.0,27.3,81,0.1,6.3
Ahmedabad,23.0225,72.5714,2026-08-23 03:00:00,24.9,14.8,114.0,9.7,4.0,32.0,27.1,83,0.1,5.5
Ahmedabad,23.0225,72.5714,2026-08-23 04:00:00,23.5,14.0,126.0,11.0,4.4,27.0,27.0,84,0.0,5.8
Ahmedabad,23.0225,72.5714,2026-08-23 05:00:00,24.8,14.8,139.0,10.9,4.6,26.0,27.4,84,0.0,4.2
Ahmedabad,23.0225,72.5714,2026-08-23 06:00:00,24.4,14.9,146.0,9.7,5.2,28.0,27.1,86,0.2,4.8
Ahmedabad,23.0225,72.5714,2026-08-23 07:00:00,27.4,15.8,154.0,8.0,6.0,31.0,27.3,83,0.2,6.8
Ahmedabad,23.0225,72.5714,2026-08-23 08:00:00,34.3,17.1,157.0,6.4,6.5,37.0,27.9,79,0.1,8.1
Ahmedabad,23.0225,72.5714,2026-08-23 09:00:00,41.3,19.2,149.0,5.0,6.6,48.0,29.6,69,0.0,8.3
Ahmedabad,23.0225,72.5714,2026-08-23 10:00:00,50.1,21.5,135.0,3.6,6.4,62.0,30.9,61,0.0,8.6
Ahmedabad,23.0225,72.5714,2026-08-23 11:00:00,57.6,23.6,124.0,2.7,6.2,73.0,31.8,56,0.1,11.5
Ahmedabad,23.0225,72.5714,2026-08-23 12:00:00,65.4,26.0,120.0,2.2,6.1,78.0,32.8,50,0.0,12.6
Ahmedabad,23.0225,72.5714,2026-08-23 13:00:00,74.7,28.7,119.0,2.2,6.0,79.0,33.3,49,0.0,12.0
Ahmedabad,23.0225,72.5714,2026-08-23 14:00:00,82.7,31.3,122.0,2.6,5.9,78.0,33.2,49,0.0,11.3
Ahmedabad,23.0225,72.5714,2026-08-23 15:00:00,87.3,32.9,130.0,3.3,5.5,76.0,33.1,50,0.0,10.2
Ahmedabad,23.0225,72.5714,2026-08-23 16:00:00,88.7,33.3,141.0,4.5,5.1,72.0,32.8,52,0.0,9.8
Ahmedabad,23.0225,72.5714,2026-08-23 17:00:00,121.5,45.5,154.0,5.7,3.9,64.0,32.0,56,0.0,7.7
Ahmedabad,23.0225,72.5714,2026-08-23 18:00:00,108.3,45.8,167.0,13.2,5.3,51.0,31.7,57,0.0,5.6
Ahmedabad,23.0225,72.5714,2026-08-23 19:00:00,114.3,50.3,182.0,23.3,7.1,34.0,30.7,65,0.0,7.5
Ahmedabad,23.0225,72.5714,2026-08-23 20:00:00,109.4,51.2,194.0,29.4,8.3,23.0,29.4,76,0.0,8.5
Ahmedabad,23.0225,72.5714,2026-08-23 21:00:00,98.3,48.9,207.0,27.8,8.1,23.0,29.0,79,0.0,6.4
Ahmedabad,23.0225,72.5714,2026-08-23 22:00:00,86.6,45.5,218.0,22.3,7.2,29.0,28.8,81,0.0,5.9
Ahmedabad,23.0225,72.5714,2026-08-23 23:00:00,93.8,47.0,216.0,17.2,6.3,34.0,28.7,82,0.0,4.5
Ahmedabad,23.0225,72.5714,2026-08-24 00:00:00,64.0,35.3,190.0,14.0,5.6,36.0,28.1,85,0.2,7.7
Ahmedabad,23.0225,72.5714,2026-08-24 01:00:00,50.5,28.6,151.0,11.2,5.0,37.0,27.9,83,0.2,8.3
Ahmedabad,23.0225,72.5714,2026-08-24 02:00:00,41.9,23.3,123.0,9.5,4.6,36.0,27.5,82,0.1,9.0
Ahmedabad,23.0225,72.5714,2026-08-24 03:00:00,38.0,20.9,114.0,9.5,4.7,33.0,27.3,82,0.1,8.0
Ahmedabad,23.0225,72.5714,2026-08-24 04:00:00,35.7,19.5,115.0,10.6,5.1,28.0,26.9,82,0.0,7.5
Ahmedabad,23.0225,72.5714,2026-08-24 05:00:00,36.1,18.9,123.0,10.0,5.1,29.0,27.4,80,0.0,8.6
Ahmedabad,23.0225,72.5714,2026-08-24 06:00:00,32.8,17.8,145.0,9.4,5.9,30.0,27.3,80,0.0,6.5
Ahmedabad,23.0225,72.5714,2026-08-24 07:00:00,36.2,19.4,174.0,8.6,6.9,32.0,27.7,79,0.0,5.0
Ahmedabad,23.0225,72.5714,2026-08-24 08:00:00,44.1,20.5,190.0,7.5,7.4,37.0,28.1,76,0.1,6.9
Ahmedabad,23.0225,72.5714,2026-08-24 09:00:00,50.3,21.7,181.0,5.9,6.9,49.0,29.6,68,0.1,6.9
Ahmedabad,23.0225,72.5714,2026-08-24 10:00:00,59.6,23.9,159.0,4.0,5.9,65.0,31.2,60,0.1,6.9
Ahmedabad,23.0225,72.5714,2026-08-24 11:00:00,67.8,25.7,142.0,2.7,5.1,77.0,32.2,54,0.0,7.6
Ahmedabad,23.0225,72.5714,2026-08-24 12:00:00,76.6,28.2,137.0,2.1,4.7,84.0,33.2,49,0.0,7.0
Ahmedabad,23.0225,72.5714,2026-08-24 13:00:00,80.8,29.0,138.0,2.1,4.6,88.0,34.1,46,0.0,6.9
Ahmedabad,23.0225,72.5714,2026-08-24 14:00:00,93.4,31.4,142.0,2.5,4.5,89.0,33.8,47,0.0,7.8
Ahmedabad,23.0225,72.5714,2026-08-24 15:00:00,107.6,34.3,144.0,2.5,4.4,89.0,33.7,47,0.0,7.7
Ahmedabad,23.0225,72.5714,2026-08-24 16:00:00,112.7,34.7,150.0,3.0,4.4,86.0,33.8,47,0.0,7.8
Ahmedabad,23.0225,72.5714,2026-08-24 17:00:00,148.5,43.9,170.0,6.4,4.5,75.0,33.1,49,0.0,8.5
Ahmedabad,23.0225,72.5714,2026-08-24 18:00:00,130.9,44.2,223.0,13.7,5.4,61.0,32.3,52,0.0,7.3
Ahmedabad,23.0225,72.5714,2026-08-24 19:00:00,129.0,46.8,291.0,23.6,6.5,43.0,31.4,57,0.0,8.1
Ahmedabad,23.0225,72.5714,2026-08-24 20:00:00,119.0,46.0,334.0,30.2,7.3,29.0,30.5,65,0.0,7.3
Ahmedabad,23.0225,72.5714,2026-08-24 21:00:00,110.1,44.1,332.0,30.5,7.4,25.0,30.0,68,0.0,6.6
Ahmedabad,23.0225,72.5714,2026-08-24 22:00:00,103.4,42.6,304.0,27.5,7.0,26.0,29.4,71,0.0,5.5
Ahmedabad,23.0225,72.5714,2026-08-24 23:00:00,95.9,40.9,269.0,23.8,6.5,29.0,28.8,76,0.0,6.9
Ahmedabad,23.0225,72.5714,2026-08-25 00:00:00,86.1,37.8,226.0,19.9,5.8,32.0,28.4,78,0.1,6.5
Ahmedabad,23.0225,72.5714,2026-08-25 01:00:00,75.7,35.0,176.0,15.4,4.9,37.0,28.1,78,0.1,8.8
Ahmedabad,23.0225,72.5714,2026-08-25 02:00:00,63.8,30.9,138.0,11.9,4.3,40.0,27.7,80,0.1,9.1
Ahmedabad,23.0225,72.5714,2026-08-25 03:00:00,58.8,28.2,122.0,10.4,4.3,39.0,27.2,82,0.0,8.7
Ahmedabad,23.0225,72.5714,2026-08-25 04:00:00,53.1,25.4,119.0,9.9,4.7,36.0,26.8,84,0.0,8.8
Ahmedabad,23.0225,72.5714,2026-08-25 05:00:00,53.6,25.0,123.0,8.7,4.8,35.0,27.2,82,0.0,9.3
Ahmedabad,23.0225,72.5714,2026-08-25 06:00:00,50.3,23.2,139.0,8.5,4.8,35.0,27.0,84,0.0,8.3
Ahmedabad,23.0225,72.5714,2026-08-25 07:00:00,53.3,23.2,163.0,8.1,4.8,34.0,27.5,82,0.0,8.6
Ahmedabad,23.0225,72.5714,2026-08-25 08:00:00,62.6,23.9,177.0,7.4,4.7,38.0,28.6,75,0.1,10.8
Ahmedabad,23.0225,72.5714,2026-08-25 09:00:00,87.8,30.0,173.0,6.0,4.6,48.0,29.8,68,0.3,10.5
Ahmedabad,23.0225,72.5714,2026-08-25 10:00:00,87.3,29.9,159.0,4.2,4.5,62.0,30.9,62,0.2,10.9
Ahmedabad,23.0225,72.5714,2026-08-25 11:00:00,89.9,30.5,148.0,2.8,4.3,74.0,32.0,57,0.3,10.0
Ahmedabad,23.0225,72.5714,2026-08-25 12:00:00,92.0,30.3,142.0,2.1,4.1,81.0,32.6,54,0.2,9.9
Ahmedabad,23.0225,72.5714,2026-08-25 13:00:00,98.5,30.7,139.0,1.8,3.8,85.0,33.1,52,0.2,9.7
Ahmedabad,23.0225,72.5714,2026-08-25 14:00:00,103.6,30.5,139.0,2.0,3.6,87.0,33.2,52,0.1,9.4
Ahmedabad,23.0225,72.5714,2026-08-25 15:00:00,104.5,30.6,140.0,2.1,3.4,86.0,34.1,49,0.0,10.4
Ahmedabad,23.0225,72.5714,2026-08-25 16:00:00,106.2,31.1,143.0,2.6,3.2,82.0,34.1,48,0.0,10.7
Ahmedabad,23.0225,72.5714,2026-08-25 17:00:00,120.6,36.7,161.0,5.5,3.6,76.0,33.4,52,0.0,9.2
Ahmedabad,23.0225,72.5714,2026-08-25 18:00:00,103.1,38.2,205.0,14.2,4.7,61.0,32.5,55,0.0,9.2
Ahmedabad,23.0225,72.5714,2026-08-25 19:00:00,103.8,41.7,263.0,26.0,6.2,39.0,31.3,62,0.0,11.2
Ahmedabad,23.0225,72.5714,2026-08-25 20:00:00,100.6,43.1,305.0,33.5,7.3,25.0,30.6,67,0.0,9.1
Ahmedabad,23.0225,72.5714,2026-08-25 21:00:00,95.9,43.0,325.0,33.0,7.5,23.0,30.3,68,0.0,7.9
Ahmedabad,23.0225,72.5714,2026-08-25 22:00:00,87.5,41.3,330.0,28.3,7.2,29.0,29.8,71,0.0,6.7
Ahmedabad,23.0225,72.5714,2026-08-25 23:00:00,77.3,38.0,313.0,23.0,6.7,34.0,29.6,73,0.0,6.2
Ahmedabad,23.0225,72.5714,2026-08-26 00:00:00,66.4,33.4,259.0,17.8,5.8,38.0,29.7,70,0.0,10.3
Ahmedabad,23.0225,72.5714,2026-08-26 01:00:00,57.3,28.9,182.0,12.0,4.6,43.0,28.9,69,0.0,12.6
Ahmedabad,23.0225,72.5714,2026-08-26 02:00:00,51.2,24.8,127.0,7.9,3.8,45.0,28.1,74,0.0,13.2
Ahmedabad,23.0225,72.5714,2026-08-26 03:00:00,47.0,21.9,112.0,6.8,3.9,42.0,27.5,79,0.0,12.4
Ahmedabad,23.0225,72.5714,2026-08-26 04:00:00,44.4,20.6,117.0,7.4,4.4,37.0,27.2,80,0.0,11.4
Ahmedabad,23.0225,72.5714,2026-08-26 05:00:00,49.9,21.4,126.0,6.4,4.5,38.0,27.7,77,0.0,12.1
Ahmedabad,23.0225,72.5714,2026-08-26 06:00:00,51.1,21.8,137.0,6.4,4.6,38.0,27.2,78,0.0,11.7
Ahmedabad,23.0225,72.5714,2026-08-26 07:00:00,54.1,22.9,152.0,6.3,4.7,38.0,27.5,77,0.0,12.6
Ahmedabad,23.0225,72.5714,2026-08-26 08:00:00,65.9,24.3,161.0,5.9,4.7,42.0,28.6,72,0.0,13.8
Ahmedabad,23.0225,72.5714,2026-08-26 09:00:00,78.7,26.7,159.0,4.7,4.4,52.0,29.8,65,0.0,12.2
Ahmedabad,23.0225,72.5714,2026-08-26 10:00:00,93.6,29.5,150.0,3.1,3.9,65.0,31.3,58,0.0,11.0
Ahmedabad,23.0225,72.5714,2026-08-26 11:00:00,116.2,33.4,143.0,2.0,3.6,76.0,32.1,55,0.1,10.7
Ahmedabad,23.0225,72.5714,2026-08-26 12:00:00,133.6,36.4,139.0,1.6,3.5,82.0,32.6,53,0.1,10.1
Ahmedabad,23.0225,72.5714,2026-08-26 13:00:00,143.0,38.4,135.0,1.7,3.6,84.0,33.4,50,0.1,9.6
Ahmedabad,23.0225,72.5714,2026-08-26 14:00:00,155.1,41.1,136.0,2.7,3.7,84.0,33.8,49,0.1,9.4
Ahmedabad,23.0225,72.5714,2026-08-26 15:00:00,164.8,42.8,139.0,4.5,3.7,80.0,33.2,51,0.1,12.0
Ahmedabad,23.0225,72.5714,2026-08-26 16:00:00,156.9,42.4,146.0,7.1,3.7,73.0,32.9,53,0.0,10.7
Ahmedabad,23.0225,72.5714,2026-08-26 17:00:00,157.4,48.4,165.0,8.2,3.7,71.0,32.6,54,0.0,10.6
Ahmedabad,23.0225,72.5714,2026-08-26 18:00:00,132.2,47.3,211.0,14.6,4.8,60.0,32.1,55,0.0,7.8
Ahmedabad,23.0225,72.5714,2026-08-26 19:00:00,117.8,46.9,269.0,23.3,6.3,44.0,31.8,57,0.0,4.9
Ahmedabad,23.0225,72.5714,2026-08-26 20:00:00,102.9,44.6,305.0,28.6,7.2,34.0,31.4,59,0.0,4.4
Ahmedabad,23.0225,72.5714,2026-08-26 21:00:00,86.8,40.5,300.0,27.6,7.1,34.0,30.2,67,0.0,8.3
Ahmedabad,23.0225,72.5714,2026-08-26 22:00:00,74.5,36.8,273.0,23.2,6.6,38.0,29.0,75,0.0,8.3
Ahmedabad,23.0225,72.5714,2026-08-26 23:00:00,65.7,33.4,240.0,18.8,5.9,42.0,29.0,76,0.0,7.1
Ahmedabad,23.0225,72.5714,2026-08-27 00:00:00,57.7,29.7,202.0,15.2,5.2,42.0,28.5,79,0.0,7.3
Ahmedabad,23.0225,72.5714,2026-08-27 01:00:00,52.2,26.3,160.0,11.6,4.4,41.0,28.2,77,0.1,9.9
Ahmedabad,23.0225,72.5714,2026-08-27 02:00:00,47.4,22.9,129.0,9.1,4.0,40.0,27.8,77,0.0,11.0
Ahmedabad,23.0225,72.5714,2026-08-27 03:00:00,39.9,18.8,119.0,8.4,4.1,37.0,27.3,80,0.0,10.3
Ahmedabad,23.0225,72.5714,2026-08-27 04:00:00,34.2,16.1,121.0,8.7,4.6,34.0,27.1,81,0.0,9.0
Ahmedabad,23.0225,72.5714,2026-08-27 05:00:00,35.3,15.8,127.0,8.3,5.0,33.0,27.2,78,0.0,9.1
Ahmedabad,23.0225,72.5714,2026-08-27 06:00:00,33.9,15.1,138.0,8.0,5.3,34.0,26.8,78,0.0,9.3
Ahmedabad,23.0225,72.5714,2026-08-27 07:00:00,36.8,15.7,152.0,7.6,5.8,35.0,27.1,76,0.0,8.7
Ahmedabad,23.0225,72.5714,2026-08-27 08:00:00,44.7,16.6,160.0,6.8,5.9,39.0,28.1,72,0.0,11.8
Ahmedabad,23.0225,72.5714,2026-08-27 09:00:00,53.4,18.4,154.0,5.4,5.4,49.0,29.3,65,0.1,11.5
Ahmedabad,23.0225,72.5714,2026-08-27 10:00:00,63.6,20.8,142.0,3.7,4.6,62.0,30.3,60,0.1,11.1
Ahmedabad,23.0225,72.5714,2026-08-27 11:00:00,76.6,24.0,132.0,2.5,4.0,72.0,31.6,55,0.0,12.2
Ahmedabad,23.0225,72.5714,2026-08-27 12:00:00,86.1,26.5,129.0,1.9,3.6,77.0,31.9,54,0.0,12.2
Ahmedabad,23.0225,72.5714,2026-08-27 13:00:00,91.3,28.3,130.0,1.8,3.4,80.0,32.4,53,0.0,12.2
Ahmedabad,23.0225,72.5714,2026-08-27 14:00:00,92.9,29.0,132.0,2.3,3.3,81.0,33.1,50,0.0,11.4
Ahmedabad,23.0225,72.5714,2026-08-27 15:00:00,90.8,29.3,130.0,3.2,3.3,80.0,32.6,51,0.0,11.4
Ahmedabad,23.0225,72.5714,2026-08-27 16:00:00,87.1,29.4,130.0,4.6,3.4,77.0,32.9,50,0.0,11.4
Ahmedabad,23.0225,72.5714,2026-08-27 17:00:00,76.6,29.3,150.0,7.5,3.8,72.0,32.8,50,0.0,9.5
Ahmedabad,23.0225,72.5714,2026-08-27 18:00:00,70.1,31.2,216.0,13.4,4.9,62.0,32.2,52,0.0,7.7
Ahmedabad,23.0225,72.5714,2026-08-27 19:00:00,67.8,33.4,302.0,20.8,6.3,48.0,31.4,56,0.0,7.1
Ahmedabad,23.0225,72.5714,2026-08-27 20:00:00,65.0,34.2,352.0,25.2,7.2,39.0,30.7,61,0.0,7.1
Ahmedabad,23.0225,72.5714,2026-08-27 21:00:00,61.9,33.9,336.0,24.4,7.1,37.0,30.1,64,0.0,8.0
Ahmedabad,23.0225,72.5714,2026-08-27 22:00:00,56.8,32.2,284.0,20.6,6.6,38.0,29.2,71,0.0,6.4
Ahmedabad,23.0225,72.5714,2026-08-27 23:00:00,50.5,28.9,233.0,16.9,5.9,39.0,29.0,75,0.0,5.6
