city,latitude,longitude,time,pm10,pm2_5,carbon_monoxide,nitrogen_dioxide,sulphur_dioxide,ozone,temperature_2m,relative_humidity_2m,precipitation,wind_speed_10m
Belagavi,15.8521,74.5045,2025-08-28 00:00:00,1.4,1.2,119.0,4.9,1.5,37.0,20.8,97,0.1,17.1
Belagavi,15.8521,74.5045,2025-08-28 01:00:00,1.1,1.0,116.0,4.2,1.4,37.0,20.6,98,0.1,17.7
Belagavi,15.8521,74.5045,2025-08-28 02:00:00,1.6,1.3,113.0,3.8,1.4,36.0,20.4,98,0.1,16.0
Belagavi,15.8521,74.5045,2025-08-28 03:00:00,1.2,1.1,112.0,3.7,1.4,35.0,20.3,98,0.0,14.7
Belagavi,15.8521,74.5045,2025-08-28 04:00:00,0.9,0.8,112.0,3.7,1.5,33.0,20.2,99,0.0,12.5
Belagavi,15.8521,74.5045,2025-08-28 05:00:00,1.9,1.3,113.0,4.3,1.3,32.0,20.1,99,0.0,12.5
Belagavi,15.8521,74.5045,2025-08-28 06:00:00,2.7,1.7,115.0,4.8,1.5,34.0,21.4,97,0.1,15.8
Belagavi,15.8521,74.5045,2025-08-28 07:00:00,5.2,3.2,117.0,5.4,1.7,36.0,21.6,96,0.0,15.8
Belagavi,15.8521,74.5045,2025-08-28 08:00:00,4.0,2.7,118.0,5.5,1.9,39.0,22.1,93,0.1,17.8
Belagavi,15.8521,74.5045,2025-08-28 09:00:00,4.7,2.9,118.0,4.7,1.9,42.0,21.9,93,0.1,18.0
Belagavi,15.8521,74.5045,2025-08-28 10:00:00,4.5,2.6,116.0,3.3,1.7,46.0,22.0,92,0.3,17.5
Belagavi,15.8521,74.5045,2025-08-28 11:00:00,6.2,3.5,115.0,2.5,1.6,49.0,22.6,89,0.0,17.0
Belagavi,15.8521,74.5045,2025-08-28 12:00:00,5.5,2.9,114.0,2.6,1.6,50.0,24.3,83,0.1,17.5
Belagavi,15.8521,74.5045,2025-08-28 13:00:00,5.9,3.3,113.0,3.3,1.5,50.0,25.2,77,0.0,20.0
Belagavi,15.8521,74.5045,2025-08-28 14:00:00,7.2,4.7,113.0,3.8,1.5,49.0,24.6,77,0.2,20.4
Belagavi,15.8521,74.5045,2025-08-28 15:00:00,3.4,2.5,115.0,4.0,1.4,48.0,23.4,83,0.3,18.8
Belagavi,15.8521,74.5045,2025-08-28 16:00:00,2.4,1.6,118.0,4.0,1.3,46.0,22.5,87,0.3,20.5
Belagavi,15.8521,74.5045,2025-08-28 17:00:00,8.2,4.4,122.0,3.7,1.1,45.0,22.1,90,0.4,22.0
Belagavi,15.8521,74.5045,2025-08-28 18:00:00,7.1,3.8,128.0,4.5,1.2,42.0,21.9,94,0.0,17.1
Belagavi,15.8521,74.5045,2025-08-28 19:00:00,6.8,4.0,135.0,5.5,1.4,39.0,21.2,96,0.0,16.8
Belagavi,15.8521,74.5045,2025-08-28 20:00:00,6.9,3.9,138.0,6.2,1.6,36.0,21.2,95,0.0,16.7
Belagavi,15.8521,74.5045,2025-08-28 21:00:00,6.5,3.5,135.0,6.2,1.7,36.0,21.1,96,0.0,14.6
Belagavi,15.8521,74.5045,2025-08-28 22:00:00,7.1,3.9,128.0,5.7,1.7,36.0,20.9,98,0.0,12.1
Belagavi,15.8521,74.5045,2025-08-28 23:00:00,5.6,3.1,122.0,5.2,1.7,37.0,20.7,99,0.0,13.1
Belagavi,15.8521,74.5045,2025-08-29 00:00:00,5.0,2.6,120.0,4.5,1.6,38.0,20.7,99,0.0,13.4
Belagavi,15.8521,74.5045,2025-08-29 01:00:00,4.4,2.3,119.0,3.8,1.4,39.0,20.7,98,0.0,13.1
Belagavi,15.8521,74.5045,2025-08-29 02:00:00,2.8,1.6,119.0,3.3,1.3,39.0,20.6,96,0.1,14.8
Belagavi,15.8521,74.5045,2025-08-29 03:00:00,2.3,1.5,118.0,3.4,1.3,38.0,20.3,97,0.1,15.5
Belagavi,15.8521,74.5045,2025-08-29 04:00:00,2.1,1.6,118.0,3.8,1.5,37.0,20.0,97,0.0,13.8
Belagavi,15.8521,74.5045,2025-08-29 05:00:00,3.5,1.9,120.0,3.6,1.5,37.0,19.8,98,0.0,12.7
Belagavi,15.8521,74.5045,2025-08-29 06:00:00,2.1,1.5,125.0,3.9,1.5,39.0,20.9,97,0.1,18.9
Belagavi,15.8521,74.5045,2025-08-29 07:00:00,1.6,1.2,133.0,4.2,1.6,41.0,21.0,97,0.1,16.8
Belagavi,15.8521,74.5045,2025-08-29 08:00:00,1.5,1.2,136.0,4.2,1.6,44.0,21.2,95,0.1,18.5
Belagavi,15.8521,74.5045,2025-08-29 09:00:00,1.7,1.3,132.0,3.4,1.6,47.0,21.3,95,0.3,18.0
Belagavi,15.8521,74.5045,2025-08-29 10:00:00,2.4,1.6,124.0,2.3,1.5,51.0,22.0,92,0.1,20.1
Belagavi,15.8521,74.5045,2025-08-29 11:00:00,3.5,2.0,118.0,1.4,1.4,53.0,23.5,85,0.2,21.4
Belagavi,15.8521,74.5045,2025-08-29 12:00:00,3.7,2.0,117.0,1.1,1.3,53.0,22.5,92,3.1,17.8
Belagavi,15.8521,74.5045,2025-08-29 13:00:00,3.6,2.1,118.0,1.2,1.2,51.0,23.4,88,0.6,20.8
Belagavi,15.8521,74.5045,2025-08-29 14:00:00,3.6,2.1,119.0,1.4,1.1,49.0,23.4,85,1.9,24.9
Belagavi,15.8521,74.5045,2025-08-29 15:00:00,4.8,2.6,119.0,1.8,1.1,48.0,22.9,87,0.3,26.8
Belagavi,15.8521,74.5045,2025-08-29 16:00:00,5.7,3.6,119.0,2.4,1.2,47.0,22.8,86,0.1,25.3
Belagavi,15.8521,74.5045,2025-08-29 17:00:00,1.2,1.2,121.0,4.3,1.4,44.0,21.9,91,0.1,19.5
Belagavi,15.8521,74.5045,2025-08-29 18:00:00,2.1,1.7,128.0,4.7,1.5,42.0,21.4,93,0.1,18.3
Belagavi,15.8521,74.5045,2025-08-29 19:00:00,2.4,1.9,138.0,5.2,1.6,40.0,21.1,95,0.1,17.7
Belagavi,15.8521,74.5045,2025-08-29 20:00:00,2.8,2.2,145.0,5.4,1.7,39.0,20.9,95,0.1,15.4
Belagavi,15.8521,74.5045,2025-08-29 21:00:00,2.8,2.3,145.0,5.1,1.7,40.0,20.8,96,0.1,14.1
Belagavi,15.8521,74.5045,2025-08-29 22:00:00,2.7,2.1,143.0,4.5,1.7,41.0,20.7,98,0.1,15.4
Belagavi,15.8521,74.5045,2025-08-29 23:00:00,2.3,1.7,139.0,4.0,1.7,42.0,20.8,97,0.5,14.2
Belagavi,15.8521,74.5045,2025-08-30 00:00:00,2.3,1.7,135.0,3.8,1.6,41.0,20.6,98,0.5,13.6
Belagavi,15.8521,74.5045,2025-08-30 01:00:00,3.1,2.0,130.0,3.7,1.4,40.0,20.6,98,0.1,14.3
Belagavi,15.8521,74.5045,2025-08-30 02:00:00,3.5,2.3,126.0,3.6,1.3,39.0,20.5,98,0.0,15.1
Belagavi,15.8521,74.5045,2025-08-30 03:00:00,3.7,2.0,123.0,3.5,1.3,38.0,20.4,98,0.0,15.1
Belagavi,15.8521,74.5045,2025-08-30 04:00:00,2.8,1.8,120.0,3.3,1.4,38.0,20.3,98,0.0,15.4
Belagavi,15.8521,74.5045,2025-08-30 05:00:00,1.1,1.1,119.0,4.7,1.8,32.0,20.4,97,0.0,14.6
Belagavi,15.8521,74.5045,2025-08-30 06:00:00,1.3,1.1,121.0,4.3,1.8,35.0,20.7,97,0.0,15.9
Belagavi,15.8521,74.5045,2025-08-30 07:00:00,1.9,1.6,125.0,3.7,1.7,38.0,21.2,94,0.1,15.3
Belagavi,15.8521,74.5045,2025-08-30 08:00:00,1.6,1.1,126.0,3.1,1.7,42.0,21.8,92,0.4,21.2
Belagavi,15.8521,74.5045,2025-08-30 09:00:00,2.7,1.6,122.0,2.4,1.6,45.0,22.6,90,0.2,27.1
Belagavi,15.8521,74.5045,2025-08-30 10:00:00,3.4,2.1,116.0,1.8,1.6,49.0,23.7,83,0.1,28.7
Belagavi,15.8521,74.5045,2025-08-30 11:00:00,4.1,2.6,111.0,1.3,1.5,51.0,24.6,79,0.1,27.8
Belagavi,15.8521,74.5045,2025-08-30 12:00:00,4.5,2.7,108.0,1.1,1.4,52.0,25.0,78,0.3,26.7
Belagavi,15.8521,74.5045,2025-08-30 13:00:00,5.9,3.2,107.0,1.1,1.3,52.0,25.7,74,0.2,25.6
Belagavi,15.8521,74.5045,2025-08-30 14:00:00,6.0,3.4,106.0,1.3,1.2,51.0,24.3,80,0.3,26.3
Belagavi,15.8521,74.5045,2025-08-30 15:00:00,6.9,4.2,106.0,1.8,1.3,50.0,24.5,78,0.2,25.8
Belagavi,15.8521,74.5045,2025-08-30 16:00:00,8.8,5.5,108.0,2.4,1.4,48.0,23.4,85,0.2,25.4
Belagavi,15.8521,74.5045,2025-08-30 17:00:00,19.6,10.6,110.0,3.1,1.5,48.0,22.9,86,0.0,23.2
Belagavi,15.8521,74.5045,2025-08-30 18:00:00,18.6,10.0,113.0,3.5,1.5,46.0,22.0,90,0.0,18.7
Belagavi,15.8521,74.5045,2025-08-30 19:00:00,14.5,8.1,117.0,4.1,1.6,43.0,21.1,95,0.0,16.2
Belagavi,15.8521,74.5045,2025-08-30 20:00:00,13.0,7.2,120.0,4.4,1.6,41.0,21.3,93,0.0,17.9
Belagavi,15.8521,74.5045,2025-08-30 21:00:00,13.1,7.0,121.0,4.4,1.6,40.0,20.7,95,0.0,16.0
Belagavi,15.8521,74.5045,2025-08-30 22:00:00,13.9,7.1,120.0,4.2,1.6,41.0,20.7,98,0.0,12.1
Belagavi,15.8521,74.5045,2025-08-30 23:00:00,16.0,7.6,118.0,3.8,1.5,41.0,21.1,97,0.1,14.9
Belagavi,15.8521,74.5045,2025-08-31 00:00:00,15.4,6.9,114.0,3.2,1.3,42.0,21.0,97,0.0,14.5
Belagavi,15.8521,74.5045,2025-08-31 01:00:00,17.4,7.7,110.0,2.5,1.0,43.0,20.8,98,0.0,13.1
Belagavi,15.8521,74.5045,2025-08-31 02:00:00,19.1,8.2,106.0,2.1,0.8,43.0,20.8,98,0.0,15.9
Belagavi,15.8521,74.5045,2025-08-31 03:00:00,14.3,6.5,103.0,2.2,0.8,42.0,20.9,97,0.0,15.0
Belagavi,15.8521,74.5045,2025-08-31 04:00:00,9.7,4.9,102.0,2.6,0.9,40.0,20.7,98,0.0,15.0
Belagavi,15.8521,74.5045,2025-08-31 05:00:00,6.4,2.8,101.0,2.3,0.9,41.0,20.8,97,0.2,11.8
Belagavi,15.8521,74.5045,2025-08-31 06:00:00,5.3,2.5,102.0,2.6,1.0,40.0,20.8,98,0.1,15.8
Belagavi,15.8521,74.5045,2025-08-31 07:00:00,5.8,2.8,104.0,3.0,1.3,40.0,21.1,97,0.0,14.4
Belagavi,15.8521,74.5045,2025-08-31 08:00:00,5.6,2.8,106.0,3.2,1.4,40.0,21.6,93,0.1,22.5
Belagavi,15.8521,74.5045,2025-08-31 09:00:00,6.6,3.7,107.0,2.8,1.4,43.0,22.4,90,0.6,23.7
Belagavi,15.8521,74.5045,2025-08-31 10:00:00,7.2,3.3,108.0,2.2,1.4,47.0,23.0,90,0.7,23.0
Belagavi,15.8521,74.5045,2025-08-31 11:00:00,6.9,3.7,109.0,1.7,1.4,50.0,24.1,85,0.3,21.3
Belagavi,15.8521,74.5045,2025-08-31 12:00:00,8.3,4.2,109.0,1.3,1.3,51.0,25.4,80,0.2,22.4
Belagavi,15.8521,74.5045,2025-08-31 13:00:00,8.5,4.4,107.0,1.1,1.3,52.0,24.7,79,2.4,23.6
Belagavi,15.8521,74.5045,2025-08-31 14:00:00,6.6,3.2,107.0,1.1,1.2,51.0,23.6,89,3.3,24.4
Belagavi,15.8521,74.5045,2025-08-31 15:00:00,7.0,3.7,107.0,1.7,1.1,49.0,24.0,82,0.1,25.0
Belagavi,15.8521,74.5045,2025-08-31 16:00:00,8.5,4.6,108.0,2.6,1.1,46.0,23.0,87,0.2,24.4
Belagavi,15.8521,74.5045,2025-08-31 17:00:00,13.6,7.7,110.0,3.8,1.3,41.0,22.5,88,0.1,22.9
Belagavi,15.8521,74.5045,2025-08-31 18:00:00,10.3,6.0,115.0,4.1,1.3,40.0,21.9,94,0.1,19.7
Belagavi,15.8521,74.5045,2025-08-31 19:00:00,7.7,4.7,121.0,4.4,1.3,38.0,21.3,96,0.0,19.4
Belagavi,15.8521,74.5045,2025-08-31 20:00:00,6.2,3.9,125.0,4.5,1.3,37.0,21.3,95,0.1,19.6
Belagavi,15.8521,74.5045,2025-08-31 21:00:00,5.0,3.1,125.0,4.2,1.2,38.0,21.1,97,0.0,18.3
Belagavi,15.8521,74.5045,2025-08-31 22:00:00,5.0,3.1,124.0,3.6,1.1,39.0,21.3,96,0.1,19.9
Belagavi,15.8521,74.5045,2025-08-31 23:00:00,5.8,3.2,121.0,3.1,1.0,40.0,21.1,97,0.1,19.1
Belagavi,15.8521,74.5045,2025-09-01 00:00:00,5.6,2.9,117.0,2.7,0.9,40.0,21.0,96,0.1,18.7
Belagavi,15.8521,74.5045,2025-09-01 01:00:00,7.3,3.8,113.0,2.3,0.7,40.0,20.6,98,0.1,18.9
Belagavi,15.8521,74.5045,2025-09-01 02:00:00,6.5,3.3,109.0,2.0,0.6,40.0,20.8,96,0.1,18.5
Belagavi,15.8521,74.5045,2025-09-01 03:00:00,5.0,2.7,105.0,1.9,0.6,40.0,20.5,98,0.0,17.0
Belagavi,15.8521,74.5045,2025-09-01 04:00:00,4.2,2.1,102.0,1.9,0.7,40.0,20.7,97,0.1,18.0
Belagavi,15.8521,74.5045,2025-09-01 05:00:00,2.7,1.2,101.0,1.8,0.8,40.0,20.4,98,0.1,16.6
Belagavi,15.8521,74.5045,2025-09-01 06:00:00,2.8,1.5,103.0,2.1,0.9,40.0,20.6,97,0.1,19.8
Belagavi,15.8521,74.5045,2025-09-01 07:00:00,5.3,2.6,106.0,2.4,1.0,40.0,21.0,95,0.2,21.8
Belagavi,15.8521,74.5045,2025-09-01 08:00:00,8.5,4.1,108.0,2.5,1.1,41.0,22.1,90,0.1,25.1
Belagavi,15.8521,74.5045,2025-09-01 09:00:00,10.6,4.7,108.0,2.2,1.2,43.0,22.8,85,0.2,26.1
Belagavi,15.8521,74.5045,2025-09-01 10:00:00,11.7,5.3,107.0,1.7,1.3,46.0,23.8,80,0.2,26.5
Belagavi,15.8521,74.5045,2025-09-01 11:00:00,10.2,4.9,106.0,1.3,1.3,48.0,24.6,79,0.1,25.9
Belagavi,15.8521,74.5045,2025-09-01 12:00:00,8.6,4.5,105.0,1.2,1.3,49.0,24.7,74,0.2,25.6
Belagavi,15.8521,74.5045,2025-09-01 13:00:00,9.1,4.8,104.0,1.3,1.2,48.0,23.7,80,2.7,27.7
Belagavi,15.8521,74.5045,2025-09-01 14:00:00,9.3,5.0,104.0,1.5,1.2,48.0,23.8,81,0.9,24.5
Belagavi,15.8521,74.5045,2025-09-01 15:00:00,7.2,4.2,105.0,1.7,1.2,48.0,22.9,83,0.4,27.5
Belagavi,15.8521,74.5045,2025-09-01 16:00:00,8.7,4.4,106.0,2.0,1.1,47.0,22.7,85,0.2,27.8
Belagavi,15.8521,74.5045,2025-09-01 17:00:00,8.9,5.1,109.0,3.1,1.3,45.0,22.0,88,0.1,27.2
Belagavi,15.8521,74.5045,2025-09-01 18:00:00,9.9,5.4,115.0,3.4,1.3,44.0,21.4,92,0.0,19.9
Belagavi,15.8521,74.5045,2025-09-01 19:00:00,9.1,5.0,122.0,3.7,1.4,44.0,21.0,95,0.0,17.4
Belagavi,15.8521,74.5045,2025-09-01 20:00:00,7.6,4.2,126.0,3.9,1.4,43.0,20.7,95,0.1,16.7
Belagavi,15.8521,74.5045,2025-09-01 21:00:00,5.8,3.5,124.0,3.8,1.3,43.0,20.3,96,0.0,16.7
Belagavi,15.8521,74.5045,2025-09-01 22:00:00,5.1,3.0,118.0,3.6,1.1,43.0,20.4,97,0.0,15.1
Belagavi,15.8521,74.5045,2025-09-01 23:00:00,5.1,2.9,113.0,3.4,1.0,43.0,20.4,98,0.0,14.8
Belagavi,15.8521,74.5045,2025-09-02 00:00:00,3.8,2.1,110.0,3.2,1.0,42.0,20.4,97,0.0,18.3
Belagavi,15.8521,74.5045,2025-09-02 01:00:00,3.1,1.8,108.0,3.0,1.0,41.0,20.5,98,0.0,15.2
Belagavi,15.8521,74.5045,2025-09-02 02:00:00,2.6,1.7,106.0,2.9,1.0,40.0,20.5,98,0.0,16.6
Belagavi,15.8521,74.5045,2025-09-02 03:00:00,2.2,1.5,101.0,2.7,1.0,39.0,20.5,98,0.2,12.1
Belagavi,15.8521,74.5045,2025-09-02 04:00:00,1.8,1.3,96.0,2.7,0.9,38.0,20.4,98,0.3,13.0
Belagavi,15.8521,74.5045,2025-09-02 05:00:00,1.1,1.0,95.0,4.0,1.1,32.0,20.5,98,0.1,14.2
Belagavi,15.8521,74.5045,2025-09-02 06:00:00,1.4,1.0,102.0,4.2,1.2,34.0,21.0,97,0.0,17.5
Belagavi,15.8521,74.5045,2025-09-02 07:00:00,1.6,1.4,114.0,4.4,1.4,36.0,21.1,96,0.2,16.2
Belagavi,15.8521,74.5045,2025-09-02 08:00:00,2.3,1.7,122.0,4.3,1.5,39.0,22.1,90,0.9,20.9
Belagavi,15.8521,74.5045,2025-09-02 09:00:00,2.6,1.7,123.0,3.5,1.4,42.0,21.6,93,0.8,18.7
Belagavi,15.8521,74.5045,2025-09-02 10:00:00,3.5,2.3,121.0,2.3,1.2,46.0,23.0,89,0.1,20.7
Belagavi,15.8521,74.5045,2025-09-02 11:00:00,3.5,1.9,118.0,1.4,1.1,49.0,22.3,91,0.6,27.1
Belagavi,15.8521,74.5045,2025-09-02 12:00:00,4.0,2.6,113.0,1.1,1.0,50.0,24.3,82,0.2,26.0
Belagavi,15.8521,74.5045,2025-09-02 13:00:00,4.8,2.7,107.0,1.2,1.0,50.0,23.5,81,0.3,23.6
Belagavi,15.8521,74.5045,2025-09-02 14:00:00,5.1,3.0,104.0,1.6,1.0,49.0,23.3,83,0.4,25.2
Belagavi,15.8521,74.5045,2025-09-02 15:00:00,7.4,4.5,106.0,2.4,1.0,48.0,22.6,86,0.2,24.1
Belagavi,15.8521,74.5045,2025-09-02 16:00:00,6.7,3.9,110.0,3.6,1.1,45.0,22.5,87,0.4,25.6
Belagavi,15.8521,74.5045,2025-09-02 17:00:00,7.4,4.2,115.0,3.1,1.1,47.0,21.7,93,0.2,23.4
Belagavi,15.8521,74.5045,2025-09-02 18:00:00,7.3,4.5,121.0,3.7,1.2,45.0,21.4,95,0.0,20.4
Belagavi,15.8521,74.5045,2025-09-02 19:00:00,8.4,5.0,128.0,4.5,1.3,43.0,21.2,96,0.0,19.3
Belagavi,15.8521,74.5045,2025-09-02 20:00:00,5.4,3.5,132.0,5.0,1.4,41.0,21.1,97,0.0,18.4
Belagavi,15.8521,74.5045,2025-09-02 21:00:00,4.7,2.9,132.0,4.9,1.4,41.0,21.3,96,0.1,17.7
Belagavi,15.8521,74.5045,2025-09-02 22:00:00,4.5,2.7,129.0,4.4,1.3,42.0,21.0,97,0.0,18.2
Belagavi,15.8521,74.5045,2025-09-02 23:00:00,4.4,2.7,125.0,3.9,1.2,42.0,20.9,97,0.1,17.3
Belagavi,15.8521,74.5045,2025-09-03 00:00:00,4.2,2.4,120.0,3.3,1.1,42.0,20.8,97,0.1,18.2
Belagavi,15.8521,74.5045,2025-09-03 01:00:00,5.3,2.8,114.0,2.7,0.9,41.0,20.5,98,0.0,16.6
Belagavi,15.8521,74.5045,2025-09-03 02:00:00,3.9,2.1,109.0,2.3,0.8,41.0,20.8,98,0.0,17.6
Belagavi,15.8521,74.5045,2025-09-03 03:00:00,2.5,1.5,106.0,2.1,0.8,41.0,20.8,97,0.0,17.3
Belagavi,15.8521,74.5045,2025-09-03 04:00:00,2.3,1.4,105.0,2.2,0.8,40.0,20.7,97,0.1,17.9
Belagavi,15.8521,74.5045,2025-09-03 05:00:00,2.2,1.3,105.0,2.2,0.8,41.0,20.7,97,0.1,15.9
Belagavi,15.8521,74.5045,2025-09-03 06:00:00,2.0,1.2,109.0,2.4,0.9,40.0,20.9,96,0.1,19.9
Belagavi,15.8521,74.5045,2025-09-03 07:00:00,2.3,1.5,114.0,2.7,1.1,40.0,21.1,96,0.2,21.6
Belagavi,15.8521,74.5045,2025-09-03 08:00:00,5.1,2.9,118.0,2.8,1.2,40.0,21.9,90,0.1,23.3
Belagavi,15.8521,74.5045,2025-09-03 09:00:00,9.8,4.7,117.0,2.4,1.2,43.0,22.8,84,0.1,24.9
Belagavi,15.8521,74.5045,2025-09-03 10:00:00,9.6,4.9,115.0,1.7,1.2,47.0,23.8,80,0.1,23.6
Belagavi,15.8521,74.5045,2025-09-03 11:00:00,9.3,4.4,113.0,1.3,1.2,50.0,24.4,76,0.1,24.6
Belagavi,15.8521,74.5045,2025-09-03 12:00:00,7.5,3.4,113.0,1.3,1.2,51.0,24.8,76,0.1,21.8
Belagavi,15.8521,74.5045,2025-09-03 13:00:00,8.1,4.0,114.0,1.6,1.3,51.0,24.3,79,0.5,23.6
Belagavi,15.8521,74.5045,2025-09-03 14:00:00,8.5,4.6,114.0,2.0,1.3,50.0,24.0,82,0.2,24.5
Belagavi,15.8521,74.5045,2025-09-03 15:00:00,7.4,3.8,113.0,2.4,1.3,49.0,23.8,82,0.2,25.1
Belagavi,15.8521,74.5045,2025-09-03 16:00:00,7.1,3.8,112.0,3.0,1.2,47.0,23.7,79,0.0,25.4
Belagavi,15.8521,74.5045,2025-09-03 17:00:00,11.8,6.1,113.0,2.9,1.2,46.0,22.7,84,0.0,22.3
Belagavi,15.8521,74.5045,2025-09-03 18:00:00,10.7,5.9,118.0,3.6,1.3,44.0,22.2,89,0.0,17.5
Belagavi,15.8521,74.5045,2025-09-03 19:00:00,11.4,6.5,125.0,4.5,1.4,41.0,21.2,92,0.0,16.3
Belagavi,15.8521,74.5045,2025-09-03 20:00:00,8.4,5.1,130.0,5.0,1.5,39.0,20.7,95,0.0,16.0
Belagavi,15.8521,74.5045,2025-09-03 21:00:00,9.0,5.2,130.0,4.9,1.5,38.0,21.2,94,0.1,17.3
Belagavi,15.8521,74.5045,2025-09-03 22:00:00,8.8,5.2,128.0,4.5,1.4,39.0,21.1,95,0.0,15.7
Belagavi,15.8521,74.5045,2025-09-03 23:00:00,8.6,4.9,124.0,4.0,1.3,39.0,20.6,96,0.0,13.4
Belagavi,15.8521,74.5045,2025-09-04 00:00:00,6.0,3.4,119.0,3.6,1.2,39.0,20.8,95,0.0,14.7
Belagavi,15.8521,74.5045,2025-09-04 01:00:00,4.7,2.7,113.0,3.1,1.1,39.0,20.8,96,0.1,13.2
Belagavi,15.8521,74.5045,2025-09-04 02:00:00,4.0,2.3,109.0,2.8,1.0,39.0,20.8,96,0.2,16.7
Belagavi,15.8521,74.5045,2025-09-04 03:00:00,3.4,2.0,109.0,2.7,1.0,39.0,20.5,98,0.1,12.8
Belagavi,15.8521,74.5045,2025-09-04 04:00:00,2.7,1.7,110.0,2.7,1.1,38.0,20.4,96,0.1,14.2
Belagavi,15.8521,74.5045,2025-09-04 05:00:00,2.1,1.2,112.0,2.2,1.0,43.0,20.0,97,0.0,15.7
Belagavi,15.8521,74.5045,2025-09-04 06:00:00,2.9,1.4,113.0,2.4,1.1,43.0,20.4,96,0.0,14.2
Belagavi,15.8521,74.5045,2025-09-04 07:00:00,2.7,1.6,114.0,2.7,1.1,43.0,20.7,95,0.0,18.6
Belagavi,15.8521,74.5045,2025-09-04 08:00:00,4.0,2.1,114.0,2.7,1.2,44.0,21.8,88,0.1,23.4
Belagavi,15.8521,74.5045,2025-09-04 09:00:00,5.3,2.5,112.0,2.3,1.3,47.0,23.1,80,0.0,24.5
Belagavi,15.8521,74.5045,2025-09-04 10:00:00,5.8,3.3,109.0,1.7,1.3,50.0,23.7,78,0.1,24.7
Belagavi,15.8521,74.5045,2025-09-04 11:00:00,6.6,3.1,107.0,1.2,1.3,52.0,24.1,78,0.4,24.5
Belagavi,15.8521,74.5045,2025-09-04 12:00:00,6.1,3.1,106.0,1.0,1.2,52.0,24.9,72,0.3,23.6
Belagavi,15.8521,74.5045,2025-09-04 13:00:00,6.1,3.2,106.0,1.0,1.1,51.0,24.6,76,0.4,24.3
Belagavi,15.8521,74.5045,2025-09-04 14:00:00,5.1,2.6,106.0,1.3,1.1,50.0,24.0,77,0.4,25.9
Belagavi,15.8521,74.5045,2025-09-04 15:00:00,5.8,3.2,108.0,1.9,1.2,50.0,24.1,77,0.3,26.1
Belagavi,15.8521,74.5045,2025-09-04 16:00:00,8.1,4.6,110.0,2.8,1.3,50.0,23.0,82,0.1,24.4
Belagavi,15.8521,74.5045,2025-09-04 17:00:00,10.9,6.7,113.0,3.8,1.3,45.0,22.2,87,0.1,23.4
Belagavi,15.8521,74.5045,2025-09-04 18:00:00,11.6,6.7,115.0,4.1,1.4,43.0,21.5,95,0.1,18.2
Belagavi,15.8521,74.5045,2025-09-04 19:00:00,10.8,6.3,118.0,4.6,1.5,41.0,21.1,95,0.1,18.0
Belagavi,15.8521,74.5045,2025-09-04 20:00:00,8.1,4.9,119.0,4.8,1.5,40.0,20.8,97,0.0,15.9
Belagavi,15.8521,74.5045,2025-09-04 21:00:00,6.1,3.7,120.0,4.6,1.4,40.0,20.8,95,0.0,14.7
Belagavi,15.8521,74.5045,2025-09-04 22:00:00,5.4,3.3,119.0,4.2,1.3,41.0,20.8,97,0.0,15.9
Belagavi,15.8521,74.5045,2025-09-04 23:00:00,6.1,3.6,117.0,3.8,1.2,42.0,20.7,97,0.1,15.1
Belagavi,15.8521,74.5045,2025-09-05 00:00:00,7.5,3.9,110.0,3.3,1.1,42.0,20.6,97,0.0,15.1
Belagavi,15.8521,74.5045,2025-09-05 01:00:00,8.5,4.3,101.0,2.7,1.0,43.0,20.5,97,0.1,15.1
Belagavi,15.8521,74.5045,2025-09-05 02:00:00,9.7,4.8,97.0,2.3,0.9,43.0,20.4,97,0.1,14.9
Belagavi,15.8521,74.5045,2025-09-05 03:00:00,8.2,4.2,103.0,2.2,0.9,43.0,20.4,98,0.2,12.8
Belagavi,15.8521,74.5045,2025-09-05 04:00:00,7.7,4.0,114.0,2.4,0.9,42.0,20.5,98,0.1,14.4
Belagavi,15.8521,74.5045,2025-09-05 05:00:00,5.4,2.8,121.0,2.3,1.0,41.0,20.4,98,0.1,17.3
Belagavi,15.8521,74.5045,2025-09-05 06:00:00,5.6,2.9,120.0,2.6,1.1,42.0,20.5,97,0.1,16.9
Belagavi,15.8521,74.5045,2025-09-05 07:00:00,6.8,3.7,114.0,3.0,1.3,42.0,20.7,97,0.1,18.9
Belagavi,15.8521,74.5045,2025-09-05 08:00:00,6.9,3.7,109.0,3.1,1.5,44.0,21.6,92,0.1,19.0
Belagavi,15.8521,74.5045,2025-09-05 09:00:00,9.5,4.9,105.0,2.6,1.6,47.0,23.0,83,0.1,20.0
Belagavi,15.8521,74.5045,2025-09-05 10:00:00,11.3,5.5,101.0,1.7,1.6,51.0,24.1,77,0.4,21.8
Belagavi,15.8521,74.5045,2025-09-05 11:00:00,11.2,5.4,98.0,1.1,1.6,54.0,25.0,74,0.2,23.0
Belagavi,15.8521,74.5045,2025-09-05 12:00:00,10.7,5.1,98.0,0.9,1.4,55.0,25.7,71,0.2,22.0
Belagavi,15.8521,74.5045,2025-09-05 13:00:00,12.4,5.6,99.0,0.9,1.2,54.0,24.7,78,0.4,22.5
Belagavi,15.8521,74.5045,2025-09-05 14:00:00,13.6,6.2,101.0,1.1,1.1,53.0,25.1,75,0.1,23.5
Belagavi,15.8521,74.5045,2025-09-05 15:00:00,12.5,6.2,102.0,1.4,1.2,52.0,24.6,77,0.1,24.5
Belagavi,15.8521,74.5045,2025-09-05 16:00:00,11.9,6.2,103.0,1.9,1.3,50.0,24.0,78,0.0,23.2
Belagavi,15.8521,74.5045,2025-09-05 17:00:00,16.2,8.6,106.0,3.0,1.5,48.0,22.8,83,0.0,22.7
Belagavi,15.8521,74.5045,2025-09-05 18:00:00,16.5,9.0,112.0,3.9,1.7,45.0,21.9,90,0.0,15.6
Belagavi,15.8521,74.5045,2025-09-05 19:00:00,15.0,8.5,119.0,5.2,1.9,41.0,21.0,95,0.0,14.1
Belagavi,15.8521,74.5045,2025-09-05 20:00:00,10.9,6.4,124.0,5.9,2.0,38.0,20.7,97,0.0,13.6
Belagavi,15.8521,74.5045,2025-09-05 21:00:00,8.6,4.9,124.0,5.6,1.9,38.0,21.0,95,0.1,14.3
Belagavi,15.8521,74.5045,2025-09-05 22:00:00,7.8,4.4,121.0,4.8,1.7,40.0,21.0,96,0.1,11.8
Belagavi,15.8521,74.5045,2025-09-05 23:00:00,6.9,3.8,117.0,4.0,1.5,41.0,21.1,96,0.1,12.8
Belagavi,15.8521,74.5045,2025-09-06 00:00:00,6.5,3.7,111.0,3.4,1.3,42.0,20.9,95,0.0,13.3
Belagavi,15.8521,74.5045,2025-09-06 01:00:00,7.8,3.9,104.0,2.8,1.1,42.0,21.0,95,0.1,10.9
Belagavi,15.8521,74.5045,2025-09-06 02:00:00,7.7,3.9,100.0,2.4,0.9,42.0,20.8,97,0.3,8.9
Belagavi,15.8521,74.5045,2025-09-06 03:00:00,8.2,4.1,100.0,2.1,0.8,42.0,20.6,98,0.1,8.2
Belagavi,15.8521,74.5045,2025-09-06 04:00:00,9.5,4.4,103.0,2.0,0.8,42.0,20.6,98,0.0,8.5
Belagavi,15.8521,74.5045,2025-09-06 05:00:00,6.5,3.1,106.0,2.1,1.0,41.0,20.7,98,0.1,9.8
Belagavi,15.8521,74.5045,2025-09-06 06:00:00,8.7,4.0,107.0,2.4,1.2,41.0,20.0,98,0.0,11.0
Belagavi,15.8521,74.5045,2025-09-06 07:00:00,12.9,5.5,108.0,2.9,1.5,41.0,20.8,94,0.0,15.9
Belagavi,15.8521,74.5045,2025-09-06 08:00:00,15.8,7.0,108.0,3.0,1.7,42.0,22.3,84,0.0,17.6
Belagavi,15.8521,74.5045,2025-09-06 09:00:00,18.7,8.2,106.0,2.6,1.8,45.0,23.8,76,0.0,18.7
Belagavi,15.8521,74.5045,2025-09-06 10:00:00,19.9,8.6,104.0,1.9,1.7,49.0,24.5,73,0.0,19.1
Belagavi,15.8521,74.5045,2025-09-06 11:00:00,18.5,8.2,103.0,1.3,1.7,52.0,25.1,70,0.0,19.7
Belagavi,15.8521,74.5045,2025-09-06 12:00:00,19.0,8.5,104.0,1.1,1.7,55.0,26.0,67,0.0,19.9
Belagavi,15.8521,74.5045,2025-09-06 13:00:00,16.7,7.8,106.0,1.0,1.6,56.0,26.1,67,0.0,19.7
Belagavi,15.8521,74.5045,2025-09-06 14:00:00,15.2,7.5,108.0,1.1,1.6,57.0,25.7,69,0.0,19.8
Belagavi,15.8521,74.5045,2025-09-06 15:00:00,14.2,7.2,110.0,1.4,1.6,55.0,25.3,71,0.0,20.3
Belagavi,15.8521,74.5045,2025-09-06 16:00:00,13.9,7.2,111.0,1.9,1.6,52.0,24.2,76,0.0,19.9
Belagavi,15.8521,74.5045,2025-09-06 17:00:00,20.3,9.8,113.0,2.4,1.6,49.0,23.2,81,0.0,20.1
Belagavi,15.8521,74.5045,2025-09-06 18:00:00,17.8,9.5,116.0,3.8,1.9,45.0,22.4,84,0.0,13.6
Belagavi,15.8521,74.5045,2025-09-06 19:00:00,17.4,9.9,120.0,5.8,2.2,38.0,21.3,91,0.0,13.6
Belagavi,15.8521,74.5045,2025-09-06 20:00:00,18.3,10.5,121.0,7.1,2.5,34.0,20.3,97,0.0,11.2
Belagavi,15.8521,74.5045,2025-09-06 21:00:00,19.0,10.8,118.0,7.3,2.6,33.0,20.1,98,0.0,11.2
Belagavi,15.8521,74.5045,2025-09-06 22:00:00,18.4,10.0,113.0,6.9,2.6,33.0,20.1,98,0.0,11.0
Belagavi,15.8521,74.5045,2025-09-06 23:00:00,17.5,9.8,109.0,6.2,2.4,34.0,20.0,98,0.0,11.6
Belagavi,15.8521,74.5045,2025-09-07 00:00:00,17.5,10.2,106.0,5.2,2.0,36.0,20.2,96,0.0,12.8
Belagavi,15.8521,74.5045,2025-09-07 01:00:00,19.4,10.9,103.0,3.9,1.3,39.0,20.0,98,0.0,11.2
Belagavi,15.8521,74.5045,2025-09-07 02:00:00,19.8,10.2,102.0,2.9,0.9,41.0,20.0,97,0.0,12.9
Belagavi,15.8521,74.5045,2025-09-07 03:00:00,19.2,9.6,103.0,2.5,0.7,42.0,20.2,95,0.0,13.0
Belagavi,15.8521,74.5045,2025-09-07 04:00:00,16.5,8.8,106.0,2.4,0.7,42.0,20.1,96,0.0,13.0
Belagavi,15.8521,74.5045,2025-09-07 05:00:00,11.3,6.0,109.0,2.7,1.0,41.0,20.1,97,0.1,14.1
Belagavi,15.8521,74.5045,2025-09-07 06:00:00,12.0,5.7,112.0,2.9,1.3,41.0,20.5,94,0.0,13.1
Belagavi,15.8521,74.5045,2025-09-07 07:00:00,12.5,5.9,114.0,3.1,1.6,42.0,20.8,93,0.0,15.5
Belagavi,15.8521,74.5045,2025-09-07 08:00:00,12.8,6.3,115.0,3.0,1.9,43.0,22.2,84,0.1,15.9
Belagavi,15.8521,74.5045,2025-09-07 09:00:00,13.2,6.2,114.0,2.5,2.0,47.0,23.4,79,0.1,17.4
Belagavi,15.8521,74.5045,2025-09-07 10:00:00,13.0,6.3,111.0,1.7,1.9,52.0,24.0,76,0.0,19.0
Belagavi,15.8521,74.5045,2025-09-07 11:00:00,13.2,6.3,109.0,1.1,1.8,55.0,24.9,72,0.0,19.0
Belagavi,15.8521,74.5045,2025-09-07 12:00:00,13.0,6.2,108.0,0.9,1.7,56.0,25.4,69,0.0,18.4
Belagavi,15.8521,74.5045,2025-09-07 13:00:00,13.0,6.4,108.0,0.9,1.5,56.0,24.9,72,0.4,20.4
Belagavi,15.8521,74.5045,2025-09-07 14:00:00,13.9,6.8,108.0,1.0,1.4,55.0,24.6,75,0.3,21.5
Belagavi,15.8521,74.5045,2025-09-07 15:00:00,15.3,7.3,109.0,1.2,1.4,54.0,24.4,74,0.0,21.2
Belagavi,15.8521,74.5045,2025-09-07 16:00:00,16.3,7.8,111.0,1.6,1.4,52.0,23.9,76,0.0,19.4
Belagavi,15.8521,74.5045,2025-09-07 17:00:00,18.2,8.6,114.0,2.3,1.5,50.0,23.0,79,0.0,20.4
Belagavi,15.8521,74.5045,2025-09-07 18:00:00,16.4,8.5,120.0,4.4,1.9,44.0,21.6,88,0.0,13.3
Belagavi,15.8521,74.5045,2025-09-07 19:00:00,15.9,8.9,128.0,7.2,2.4,36.0,20.6,93,0.0,13.9
Belagavi,15.8521,74.5045,2025-09-07 20:00:00,16.6,9.9,132.0,8.8,2.7,31.0,20.1,97,0.0,12.4
Belagavi,15.8521,74.5045,2025-09-07 21:00:00,16.0,9.6,129.0,8.0,2.6,32.0,19.9,98,0.0,11.7
Belagavi,15.8521,74.5045,2025-09-07 22:00:00,13.9,7.7,123.0,6.0,2.3,36.0,19.8,100,0.0,11.3
Belagavi,15.8521,74.5045,2025-09-07 23:00:00,12.2,7.0,117.0,4.2,1.9,40.0,20.1,98,0.0,14.1
Belagavi,15.8521,74.5045,2025-09-08 00:00:00,9.9,5.9,112.0,3.3,1.5,42.0,20.2,97,0.0,13.4
Belagavi,15.8521,74.5045,2025-09-08 01:00:00,8.2,5.0,107.0,2.6,1.2,43.0,20.1,97,0.0,12.2
Belagavi,15.8521,74.5045,2025-09-08 02:00:00,6.6,4.1,105.0,2.2,0.9,44.0,19.9,98,0.0,10.2
Belagavi,15.8521,74.5045,2025-09-08 03:00:00,5.6,3.5,106.0,2.0,0.9,44.0,20.2,95,0.0,11.4
Belagavi,15.8521,74.5045,2025-09-08 04:00:00,4.9,3.2,109.0,2.0,1.0,43.0,19.7,98,0.0,8.5
Belagavi,15.8521,74.5045,2025-09-08 05:00:00,2.5,2.1,112.0,2.7,1.3,41.0,19.9,98,0.0,9.7
Belagavi,15.8521,74.5045,2025-09-08 06:00:00,3.3,2.4,116.0,3.0,1.5,41.0,20.5,95,0.0,8.6
Belagavi,15.8521,74.5045,2025-09-08 07:00:00,4.8,3.2,121.0,3.4,1.9,41.0,20.8,94,0.0,14.1
Belagavi,15.8521,74.5045,2025-09-08 08:00:00,6.7,4.2,123.0,3.5,2.1,42.0,22.5,84,0.1,15.2
Belagavi,15.8521,74.5045,2025-09-08 09:00:00,8.7,5.0,121.0,2.9,2.1,46.0,23.7,77,0.1,15.3
Belagavi,15.8521,74.5045,2025-09-08 10:00:00,9.3,5.2,117.0,1.9,1.9,52.0,24.6,73,0.1,16.7
Belagavi,15.8521,74.5045,2025-09-08 11:00:00,9.0,4.9,114.0,1.2,1.8,56.0,25.0,72,0.1,17.4
Belagavi,15.8521,74.5045,2025-09-08 12:00:00,8.9,4.9,115.0,1.0,1.7,58.0,25.6,70,0.2,19.0
Belagavi,15.8521,74.5045,2025-09-08 13:00:00,8.4,4.9,117.0,1.0,1.7,59.0,25.7,72,0.3,18.0
Belagavi,15.8521,74.5045,2025-09-08 14:00:00,9.2,5.3,119.0,1.2,1.7,59.0,25.0,72,0.5,20.2
Belagavi,15.8521,74.5045,2025-09-08 15:00:00,9.6,5.4,119.0,1.7,1.7,57.0,24.8,75,0.1,19.1
Belagavi,15.8521,74.5045,2025-09-08 16:00:00,9.0,5.3,119.0,2.3,1.8,53.0,24.5,75,0.1,17.8
Belagavi,15.8521,74.5045,2025-09-08 17:00:00,8.7,5.7,119.0,3.6,1.9,50.0,23.1,83,0.1,18.5
Belagavi,15.8521,74.5045,2025-09-08 18:00:00,9.3,6.0,118.0,5.0,2.1,45.0,22.1,88,0.0,12.7
Belagavi,15.8521,74.5045,2025-09-08 19:00:00,10.2,7.1,118.0,6.9,2.4,39.0,21.1,93,0.0,11.8
Belagavi,15.8521,74.5045,2025-09-08 20:00:00,9.7,6.8,120.0,8.4,2.6,33.0,20.8,96,0.0,10.1
Belagavi,15.8521,74.5045,2025-09-08 21:00:00,9.9,6.9,129.0,9.4,2.6,30.0,20.6,97,0.0,8.7
Belagavi,15.8521,74.5045,2025-09-08 22:00:00,12.2,8.9,140.0,10.0,2.4,27.0,20.4,98,0.0,6.8
Belagavi,15.8521,74.5045,2025-09-08 23:00:00,13.8,10.1,145.0,10.1,2.2,26.0,20.3,99,0.0,6.3
Belagavi,15.8521,74.5045,2025-09-09 00:00:00,14.1,9.5,138.0,9.1,2.0,26.0,20.2,98,0.0,5.1
Belagavi,15.8521,74.5045,2025-09-09 01:00:00,14.8,9.9,125.0,7.5,1.7,28.0,20.0,99,0.0,3.4
Belagavi,15.8521,74.5045,2025-09-09 02:00:00,15.4,10.0,117.0,6.6,1.5,28.0,19.9,99,0.0,3.8
Belagavi,15.8521,74.5045,2025-09-09 03:00:00,16.1,9.8,117.0,7.1,1.4,25.0,19.7,99,0.0,5.2
Belagavi,15.8521,74.5045,2025-09-09 04:00:00,17.4,10.4,122.0,8.3,1.5,22.0,19.5,100,0.0,5.4
Belagavi,15.8521,74.5045,2025-09-09 05:00:00,19.0,11.0,127.0,4.2,0.6,35.0,19.3,100,0.0,6.2
Belagavi,15.8521,74.5045,2025-09-09 06:00:00,21.3,11.7,132.0,4.1,1.0,38.0,20.2,100,0.0,6.7
Belagavi,15.8521,74.5045,2025-09-09 07:00:00,24.0,12.5,137.0,3.9,1.6,43.0,20.8,98,0.0,7.6
Belagavi,15.8521,74.5045,2025-09-09 08:00:00,29.2,13.4,140.0,3.6,2.1,49.0,22.5,89,0.0,6.5
Belagavi,15.8521,74.5045,2025-09-09 09:00:00,29.8,13.2,137.0,2.9,2.4,57.0,24.3,79,0.0,6.6
Belagavi,15.8521,74.5045,2025-09-09 10:00:00,31.5,13.6,132.0,2.0,2.6,66.0,25.4,72,0.1,5.6
Belagavi,15.8521,74.5045,2025-09-09 11:00:00,29.3,12.9,127.0,1.4,2.7,72.0,26.1,69,0.2,4.3
Belagavi,15.8521,74.5045,2025-09-09 12:00:00,27.2,12.2,123.0,1.2,2.7,75.0,26.4,66,0.1,6.0
Belagavi,15.8521,74.5045,2025-09-09 13:00:00,24.6,11.4,121.0,1.2,2.7,75.0,27.3,63,0.2,5.0
Belagavi,15.8521,74.5045,2025-09-09 14:00:00,22.6,10.9,121.0,1.5,2.6,74.0,27.2,62,0.2,9.0
Belagavi,15.8521,74.5045,2025-09-09 15:00:00,20.1,10.0,125.0,1.9,2.6,71.0,25.3,74,0.1,12.6
Belagavi,15.8521,74.5045,2025-09-09 16:00:00,18.2,9.5,132.0,2.6,2.5,65.0,24.8,77,0.3,13.7
Belagavi,15.8521,74.5045,2025-09-09 17:00:00,19.6,10.1,142.0,3.2,2.8,63.0,23.6,84,0.6,13.8
Belagavi,15.8521,74.5045,2025-09-09 18:00:00,17.3,9.7,156.0,4.9,2.8,55.0,22.9,90,0.0,11.5
Belagavi,15.8521,74.5045,2025-09-09 19:00:00,16.6,9.9,173.0,7.3,2.8,44.0,22.2,93,0.0,11.9
Belagavi,15.8521,74.5045,2025-09-09 20:00:00,16.8,10.2,184.0,9.2,2.8,35.0,21.6,96,0.0,11.4
Belagavi,15.8521,74.5045,2025-09-09 21:00:00,17.3,10.7,187.0,10.2,2.7,31.0,21.1,97,0.0,11.0
Belagavi,15.8521,74.5045,2025-09-09 22:00:00,18.9,11.9,184.0,10.7,2.5,29.0,20.8,97,0.0,10.4
Belagavi,15.8521,74.5045,2025-09-09 23:00:00,20.8,12.8,180.0,10.8,2.2,28.0,20.6,97,0.0,10.2
Belagavi,15.8521,74.5045,2025-09-10 00:00:00,22.9,13.6,175.0,10.4,1.7,27.0,20.3,97,0.0,10.2
Belagavi,15.8521,74.5045,2025-09-10 01:00:00,24.3,14.9,169.0,9.5,1.1,27.0,20.0,97,0.0,9.5
Belagavi,15.8521,74.5045,2025-09-10 02:00:00,24.8,14.8,163.0,8.7,0.7,27.0,19.8,97,0.0,10.0
Belagavi,15.8521,74.5045,2025-09-10 03:00:00,26.8,15.4,159.0,8.0,0.6,26.0,19.4,97,0.0,10.3
Belagavi,15.8521,74.5045,2025-09-10 04:00:00,29.1,16.0,155.0,7.3,0.6,24.0,19.1,97,0.0,9.3
Belagavi,15.8521,74.5045,2025-09-10 05:00:00,25.1,12.6,153.0,7.1,0.9,22.0,18.8,98,0.0,9.0
Belagavi,15.8521,74.5045,2025-09-10 06:00:00,30.5,14.1,153.0,6.4,1.4,28.0,19.5,97,0.0,9.3
Belagavi,15.8521,74.5045,2025-09-10 07:00:00,34.5,15.8,153.0,5.4,2.2,36.0,20.8,94,0.0,8.3
Belagavi,15.8521,74.5045,2025-09-10 08:00:00,39.5,16.8,151.0,4.4,2.7,44.0,22.9,84,0.0,7.3
Belagavi,15.8521,74.5045,2025-09-10 09:00:00,41.8,17.0,143.0,3.3,2.8,53.0,24.6,74,0.0,8.6
Belagavi,15.8521,74.5045,2025-09-10 10:00:00,38.0,15.6,133.0,2.2,2.6,63.0,25.8,69,0.0,8.6
Belagavi,15.8521,74.5045,2025-09-10 11:00:00,32.2,13.9,126.0,1.4,2.5,70.0,26.6,64,0.0,6.2
Belagavi,15.8521,74.5045,2025-09-10 12:00:00,29.3,13.2,123.0,1.1,2.4,74.0,27.2,61,0.1,6.2
Belagavi,15.8521,74.5045,2025-09-10 13:00:00,26.3,12.1,123.0,1.0,2.4,75.0,27.3,61,0.1,8.6
Belagavi,15.8521,74.5045,2025-09-10 14:00:00,25.1,12.1,125.0,1.3,2.3,74.0,26.8,65,0.3,10.0
Belagavi,15.8521,74.5045,2025-09-10 15:00:00,24.7,12.2,127.0,1.8,2.2,71.0,27.1,62,0.1,11.2
Belagavi,15.8521,74.5045,2025-09-10 16:00:00,19.0,10.4,131.0,2.5,2.1,65.0,26.3,65,0.0,13.9
Belagavi,15.8521,74.5045,2025-09-10 17:00:00,26.1,13.5,139.0,3.2,2.2,64.0,25.2,72,0.0,13.1
Belagavi,15.8521,74.5045,2025-09-10 18:00:00,22.2,13.2,155.0,5.5,2.5,55.0,24.0,82,0.0,11.7
Belagavi,15.8521,74.5045,2025-09-10 19:00:00,22.2,13.6,175.0,8.8,2.9,43.0,22.8,88,0.0,11.6
Belagavi,15.8521,74.5045,2025-09-10 20:00:00,23.2,14.4,188.0,11.1,3.1,34.0,21.9,93,0.0,10.8
Belagavi,15.8521,74.5045,2025-09-10 21:00:00,24.2,14.9,187.0,11.9,3.0,29.0,21.4,95,0.0,11.0
Belagavi,15.8521,74.5045,2025-09-10 22:00:00,25.9,16.1,178.0,11.9,2.6,27.0,20.9,97,0.0,11.0
Belagavi,15.8521,74.5045,2025-09-10 23:00:00,27.7,17.1,168.0,11.2,2.2,26.0,20.6,97,0.0,10.9
Belagavi,15.8521,74.5045,2025-09-11 00:00:00,28.9,16.8,159.0,9.6,1.6,28.0,20.4,97,0.0,11.2
Belagavi,15.8521,74.5045,2025-09-11 01:00:00,27.5,17.1,149.0,7.4,0.9,32.0,20.1,98,0.0,11.2
Belagavi,15.8521,74.5045,2025-09-11 02:00:00,29.5,16.9,141.0,5.7,0.5,34.0,19.5,99,0.0,10.2
Belagavi,15.8521,74.5045,2025-09-11 03:00:00,28.5,16.5,138.0,5.2,0.4,33.0,19.0,99,0.0,10.1
Belagavi,15.8521,74.5045,2025-09-11 04:00:00,28.9,16.3,137.0,5.3,0.6,30.0,18.7,99,0.0,9.4
Belagavi,15.8521,74.5045,2025-09-11 05:00:00,27.0,14.0,136.0,4.8,0.9,31.0,18.3,100,0.0,9.9
Belagavi,15.8521,74.5045,2025-09-11 06:00:00,29.1,14.1,134.0,5.2,1.3,33.0,20.0,96,0.0,9.7
Belagavi,15.8521,74.5045,2025-09-11 07:00:00,33.3,14.9,132.0,5.6,1.9,36.0,20.7,93,0.0,8.8
Belagavi,15.8521,74.5045,2025-09-11 08:00:00,35.9,15.6,130.0,5.6,2.4,40.0,22.3,83,0.0,10.4
Belagavi,15.8521,74.5045,2025-09-11 09:00:00,36.7,15.6,126.0,4.7,2.7,47.0,24.0,75,0.0,11.7
Belagavi,15.8521,74.5045,2025-09-11 10:00:00,35.5,15.1,121.0,3.4,2.9,55.0,25.3,70,0.0,10.8
Belagavi,15.8521,74.5045,2025-09-11 11:00:00,34.0,14.7,119.0,2.4,2.9,62.0,26.2,65,0.0,10.5
Belagavi,15.8521,74.5045,2025-09-11 12:00:00,32.1,14.4,120.0,1.8,2.7,68.0,25.9,65,0.0,8.8
Belagavi,15.8521,74.5045,2025-09-11 13:00:00,31.1,14.2,124.0,1.4,2.3,73.0,25.2,70,0.1,9.3
Belagavi,15.8521,74.5045,2025-09-11 14:00:00,29.5,13.6,129.0,1.7,2.1,75.0,25.3,68,0.0,8.0
Belagavi,15.8521,74.5045,2025-09-11 15:00:00,27.8,13.4,136.0,3.0,2.1,73.0,24.8,71,0.0,7.8
Belagavi,15.8521,74.5045,2025-09-11 16:00:00,26.5,13.2,145.0,4.8,2.3,67.0,24.8,72,0.0,10.3
Belagavi,15.8521,74.5045,2025-09-11 17:00:00,20.9,11.5,153.0,4.4,2.2,53.0,23.3,83,0.0,13.9
Belagavi,15.8521,74.5045,2025-09-11 18:00:00,19.9,12.3,159.0,5.9,2.4,47.0,22.4,88,0.0,12.6
Belagavi,15.8521,74.5045,2025-09-11 19:00:00,19.7,12.4,164.0,8.1,2.8,38.0,21.6,93,0.0,12.6
Belagavi,15.8521,74.5045,2025-09-11 20:00:00,19.9,12.4,166.0,9.7,3.0,31.0,21.2,93,0.0,13.6
Belagavi,15.8521,74.5045,2025-09-11 21:00:00,21.9,13.2,163.0,10.6,3.0,27.0,20.9,93,0.0,12.2
Belagavi,15.8521,74.5045,2025-09-11 22:00:00,24.1,14.7,157.0,11.0,3.0,24.0,20.8,93,0.0,11.1
Belagavi,15.8521,74.5045,2025-09-11 23:00:00,24.7,14.9,150.0,10.7,2.8,23.0,20.6,93,0.0,9.8
Belagavi,15.8521,74.5045,2025-09-12 00:00:00,25.1,13.5,140.0,9.3,2.4,24.0,20.4,95,0.0,8.9
Belagavi,15.8521,74.5045,2025-09-12 01:00:00,24.4,12.8,129.0,7.3,1.9,27.0,20.2,96,0.0,9.5
Belagavi,15.8521,74.5045,2025-09-12 02:00:00,24.7,13.0,122.0,5.9,1.5,29.0,19.9,95,0.0,12.2
Belagavi,15.8521,74.5045,2025-09-12 03:00:00,25.3,13.5,121.0,5.8,1.2,27.0,20.0,91,0.0,12.3
Belagavi,15.8521,74.5045,2025-09-12 04:00:00,25.5,14.3,123.0,6.3,1.0,23.0,19.9,90,0.0,11.0
Belagavi,15.8521,74.5045,2025-09-12 05:00:00,23.3,13.0,126.0,4.6,0.9,29.0,19.5,91,0.0,10.2
Belagavi,15.8521,74.5045,2025-09-12 06:00:00,23.6,11.6,130.0,4.5,1.2,31.0,20.1,97,0.0,10.2
Belagavi,15.8521,74.5045,2025-09-12 07:00:00,23.5,11.5,134.0,4.4,1.7,34.0,20.8,93,0.0,11.7
Belagavi,15.8521,74.5045,2025-09-12 08:00:00,22.6,11.2,136.0,4.1,2.0,39.0,21.9,87,0.0,10.4
Belagavi,15.8521,74.5045,2025-09-12 09:00:00,21.9,10.8,133.0,3.3,2.1,48.0,22.9,80,0.0,10.3
Belagavi,15.8521,74.5045,2025-09-12 10:00:00,20.7,10.8,127.0,2.3,2.2,60.0,24.9,71,0.0,10.8
Belagavi,15.8521,74.5045,2025-09-12 11:00:00,19.8,11.3,123.0,1.5,2.2,69.0,26.1,65,0.1,10.4
Belagavi,15.8521,74.5045,2025-09-12 12:00:00,19.1,11.5,122.0,1.2,2.3,75.0,26.7,62,0.1,10.0
Belagavi,15.8521,74.5045,2025-09-12 13:00:00,18.6,11.8,122.0,1.3,2.3,80.0,27.1,60,0.1,9.4
Belagavi,15.8521,74.5045,2025-09-12 14:00:00,17.9,11.7,125.0,1.5,2.4,82.0,27.4,57,0.1,9.3
Belagavi,15.8521,74.5045,2025-09-12 15:00:00,17.3,11.5,132.0,1.7,2.4,81.0,26.8,58,0.0,10.4
Belagavi,15.8521,74.5045,2025-09-12 16:00:00,16.7,11.2,141.0,2.2,2.4,78.0,25.6,63,0.0,12.2
Belagavi,15.8521,74.5045,2025-09-12 17:00:00,17.1,11.4,151.0,5.7,2.0,54.0,24.3,73,0.0,10.6
Belagavi,15.8521,74.5045,2025-09-12 18:00:00,16.6,11.8,164.0,8.3,2.4,48.0,22.7,87,0.1,9.7
Belagavi,15.8521,74.5045,2025-09-12 19:00:00,16.8,12.1,177.0,11.9,2.9,40.0,22.2,90,0.0,9.0
Belagavi,15.8521,74.5045,2025-09-12 20:00:00,16.9,12.7,184.0,14.4,3.4,33.0,22.0,91,0.1,7.1
Belagavi,15.8521,74.5045,2025-09-12 21:00:00,17.2,12.9,181.0,14.9,3.7,30.0,21.7,94,0.4,7.6
Belagavi,15.8521,74.5045,2025-09-12 22:00:00,18.7,13.9,171.0,14.4,3.9,29.0,21.4,95,0.1,10.7
Belagavi,15.8521,74.5045,2025-09-12 23:00:00,19.2,14.3,160.0,13.5,3.9,27.0,21.1,95,0.0,10.8
Belagavi,15.8521,74.5045,2025-09-13 00:00:00,16.3,12.0,148.0,12.5,3.5,24.0,20.8,95,0.0,10.5
Belagavi,15.8521,74.5045,2025-09-13 01:00:00,13.8,10.1,135.0,11.3,2.9,21.0,20.6,96,0.0,10.6
Belagavi,15.8521,74.5045,2025-09-13 02:00:00,13.4,9.7,127.0,9.9,2.4,20.0,20.7,95,0.0,10.7
Belagavi,15.8521,74.5045,2025-09-13 03:00:00,14.1,9.7,126.0,8.3,2.1,22.0,20.5,95,0.0,10.0
Belagavi,15.8521,74.5045,2025-09-13 04:00:00,14.6,10.0,130.0,6.6,1.8,26.0,20.5,94,0.0,8.6
Belagavi,15.8521,74.5045,2025-09-13 05:00:00,7.0,5.1,135.0,6.5,2.6,27.0,20.3,96,0.0,8.3
Belagavi,15.8521,74.5045,2025-09-13 06:00:00,7.2,4.9,140.0,6.1,3.4,33.0,20.9,98,1.6,4.8
Belagavi,15.8521,74.5045,2025-09-13 07:00:00,9.2,6.8,147.0,5.4,4.5,41.0,21.3,97,0.8,5.5
Belagavi,15.8521,74.5045,2025-09-13 08:00:00,11.3,8.0,153.0,4.7,5.2,51.0,22.3,93,0.3,7.0
Belagavi,15.8521,74.5045,2025-09-13 09:00:00,15.1,10.7,158.0,3.8,5.1,63.0,22.9,92,1.0,8.4
Belagavi,15.8521,74.5045,2025-09-13 10:00:00,17.3,12.4,163.0,2.8,4.7,77.0,21.9,89,4.7,8.2
Belagavi,15.8521,74.5045,2025-09-13 11:00:00,18.3,13.5,165.0,2.1,4.2,86.0,22.5,90,0.9,8.9
Belagavi,15.8521,74.5045,2025-09-13 12:00:00,17.6,13.4,160.0,1.9,3.9,89.0,23.2,87,0.1,7.6
Belagavi,15.8521,74.5045,2025-09-13 13:00:00,16.5,13.2,153.0,2.1,3.5,88.0,25.7,76,0.0,7.7
Belagavi,15.8521,74.5045,2025-09-13 14:00:00,15.8,12.9,149.0,2.4,3.2,84.0,26.0,76,0.1,9.5
Belagavi,15.8521,74.5045,2025-09-13 15:00:00,14.0,11.8,153.0,2.8,2.8,77.0,22.7,90,8.9,10.3
Belagavi,15.8521,74.5045,2025-09-13 16:00:00,11.4,9.8,161.0,3.4,2.3,68.0,22.5,86,0.9,13.7
Belagavi,15.8521,74.5045,2025-09-13 17:00:00,4.5,3.9,170.0,6.1,2.0,38.0,22.1,92,0.8,11.2
Belagavi,15.8521,74.5045,2025-09-13 18:00:00,5.3,4.0,181.0,6.3,2.1,37.0,21.3,96,0.3,13.5
Belagavi,15.8521,74.5045,2025-09-13 19:00:00,5.6,4.2,193.0,6.7,2.1,35.0,20.7,98,0.0,12.6
Belagavi,15.8521,74.5045,2025-09-13 20:00:00,5.8,4.3,198.0,6.8,2.2,34.0,20.5,97,0.0,12.6
Belagavi,15.8521,74.5045,2025-09-13 21:00:00,5.3,4.0,191.0,6.7,2.2,33.0,20.3,98,0.0,12.2
Belagavi,15.8521,74.5045,2025-09-13 22:00:00,4.9,3.7,177.0,6.4,2.2,32.0,20.2,98,0.4,13.5
Belagavi,15.8521,74.5045,2025-09-13 23:00:00,4.3,3.4,164.0,5.9,2.2,32.0,20.1,98,0.0,11.5
Belagavi,15.8521,74.5045,2025-09-14 00:00:00,3.3,2.6,153.0,5.2,2.2,34.0,19.9,98,0.0,11.3
Belagavi,15.8521,74.5045,2025-09-14 01:00:00,2.9,2.3,142.0,4.3,2.2,37.0,19.9,99,0.0,9.8
Belagavi,15.8521,74.5045,2025-09-14 02:00:00,2.7,2.3,133.0,3.6,2.2,40.0,19.9,99,0.1,9.9
Belagavi,15.8521,74.5045,2025-09-14 03:00:00,2.7,2.4,128.0,3.3,2.3,42.0,19.8,99,0.1,9.5
Belagavi,15.8521,74.5045,2025-09-14 04:00:00,2.2,2.0,126.0,3.2,2.4,43.0,19.7,100,0.1,7.9
Belagavi,15.8521,74.5045,2025-09-14 05:00:00,2.7,1.9,124.0,3.6,2.2,43.0,19.7,100,0.0,10.1
Belagavi,15.8521,74.5045,2025-09-14 06:00:00,2.6,1.9,122.0,4.0,2.3,46.0,20.7,98,0.0,10.8
Belagavi,15.8521,74.5045,2025-09-14 07:00:00,3.7,2.8,121.0,4.5,2.5,50.0,21.2,95,0.1,15.1
Belagavi,15.8521,74.5045,2025-09-14 08:00:00,5.1,3.9,121.0,4.5,2.6,55.0,22.5,90,0.0,11.6
Belagavi,15.8521,74.5045,2025-09-14 09:00:00,6.4,4.7,123.0,3.7,2.5,64.0,23.1,87,0.0,12.2
Belagavi,15.8521,74.5045,2025-09-14 10:00:00,8.8,6.4,127.0,2.4,2.3,74.0,23.9,82,0.1,13.0
Belagavi,15.8521,74.5045,2025-09-14 11:00:00,9.6,7.2,129.0,1.4,2.1,81.0,22.9,87,4.1,12.1
Belagavi,15.8521,74.5045,2025-09-14 12:00:00,9.2,7.2,129.0,1.0,1.7,83.0,25.1,79,0.6,13.7
Belagavi,15.8521,74.5045,2025-09-14 13:00:00,8.6,6.9,128.0,1.0,1.3,83.0,25.3,76,0.2,13.4
Belagavi,15.8521,74.5045,2025-09-14 14:00:00,7.7,6.2,128.0,1.3,1.1,81.0,24.9,76,0.2,15.5
Belagavi,15.8521,74.5045,2025-09-14 15:00:00,7.1,6.0,131.0,2.0,1.2,77.0,24.0,85,0.5,16.4
Belagavi,15.8521,74.5045,2025-09-14 16:00:00,7.6,6.6,135.0,3.1,1.5,72.0,22.7,92,4.9,16.5
Belagavi,15.8521,74.5045,2025-09-14 17:00:00,11.0,8.6,138.0,3.1,1.6,68.0,22.2,92,0.1,16.2
Belagavi,15.8521,74.5045,2025-09-14 18:00:00,10.1,8.3,141.0,4.2,1.7,63.0,22.1,95,0.1,14.1
Belagavi,15.8521,74.5045,2025-09-14 19:00:00,9.9,8.2,143.0,5.7,1.9,56.0,21.3,98,0.0,13.9
Belagavi,15.8521,74.5045,2025-09-14 20:00:00,9.4,7.7,144.0,6.8,2.0,50.0,21.1,98,0.0,12.1
Belagavi,15.8521,74.5045,2025-09-14 21:00:00,7.0,5.8,143.0,7.2,2.0,45.0,20.9,98,0.0,13.0
Belagavi,15.8521,74.5045,2025-09-14 22:00:00,5.0,4.2,140.0,7.1,1.9,41.0,20.7,98,0.0,12.3
Belagavi,15.8521,74.5045,2025-09-14 23:00:00,3.8,3.3,135.0,6.7,1.8,38.0,20.6,99,0.0,12.1
Belagavi,15.8521,74.5045,2025-09-15 00:00:00,2.7,2.4,126.0,5.9,1.6,36.0,20.7,98,0.0,13.1
Belagavi,15.8521,74.5045,2025-09-15 01:00:00,2.2,1.8,116.0,4.8,1.4,36.0,20.6,98,0.0,13.5
Belagavi,15.8521,74.5045,2025-09-15 02:00:00,2.2,1.8,109.0,3.8,1.2,37.0,20.6,98,0.0,14.2
Belagavi,15.8521,74.5045,2025-09-15 03:00:00,2.5,2.0,110.0,3.1,1.1,41.0,20.7,98,0.0,12.8
Belagavi,15.8521,74.5045,2025-09-15 04:00:00,2.6,2.0,115.0,2.6,1.1,48.0,20.8,97,0.1,12.5
Belagavi,15.8521,74.5045,2025-09-15 05:00:00,0.8,0.8,120.0,2.6,1.3,42.0,20.8,97,0.0,11.7
Belagavi,15.8521,74.5045,2025-09-15 06:00:00,1.3,1.1,123.0,2.8,1.4,44.0,20.8,97,0.0,14.6
Belagavi,15.8521,74.5045,2025-09-15 07:00:00,2.6,2.3,127.0,3.0,1.6,47.0,21.1,95,0.1,17.1
Belagavi,15.8521,74.5045,2025-09-15 08:00:00,3.5,3.2,128.0,2.9,1.7,50.0,22.1,89,0.0,15.5
Belagavi,15.8521,74.5045,2025-09-15 09:00:00,5.1,4.3,126.0,2.4,1.7,52.0,23.7,81,0.0,17.1
Belagavi,15.8521,74.5045,2025-09-15 10:00:00,5.3,4.5,123.0,1.6,1.5,53.0,24.4,79,0.1,17.1
Belagavi,15.8521,74.5045,2025-09-15 11:00:00,4.4,3.9,121.0,1.0,1.4,54.0,24.8,81,0.1,17.5
Belagavi,15.8521,74.5045,2025-09-15 12:00:00,3.5,3.3,121.0,0.8,1.3,53.0,24.8,79,1.1,18.9
Belagavi,15.8521,74.5045,2025-09-15 13:00:00,2.8,2.7,121.0,0.7,1.2,51.0,24.9,77,0.5,20.8
Belagavi,15.8521,74.5045,2025-09-15 14:00:00,2.5,2.5,123.0,0.9,1.1,49.0,23.9,82,0.1,18.5
Belagavi,15.8521,74.5045,2025-09-15 15:00:00,2.6,2.6,125.0,1.3,1.1,47.0,23.7,83,0.1,19.8
Belagavi,15.8521,74.5045,2025-09-15 16:00:00,3.2,3.1,129.0,1.9,1.2,44.0,23.1,86,0.2,20.3
Belagavi,15.8521,74.5045,2025-09-15 17:00:00,4.9,4.3,133.0,2.9,1.3,42.0,22.5,89,0.0,17.0
Belagavi,15.8521,74.5045,2025-09-15 18:00:00,5.0,4.6,140.0,3.8,1.4,40.0,21.8,94,0.0,16.4
Belagavi,15.8521,74.5045,2025-09-15 19:00:00,5.5,5.0,148.0,5.0,1.7,37.0,21.3,96,0.0,14.9
Belagavi,15.8521,74.5045,2025-09-15 20:00:00,4.5,4.1,152.0,5.8,1.8,35.0,21.1,96,0.0,14.8
Belagavi,15.8521,74.5045,2025-09-15 21:00:00,3.9,3.5,151.0,5.9,1.8,34.0,21.0,97,0.0,13.6
Belagavi,15.8521,74.5045,2025-09-15 22:00:00,3.6,3.2,147.0,5.7,1.8,34.0,21.3,95,0.0,14.2
Belagavi,15.8521,74.5045,2025-09-15 23:00:00,2.7,2.5,141.0,5.4,1.8,34.0,21.1,96,0.0,13.9
Belagavi,15.8521,74.5045,2025-09-16 00:00:00,2.3,2.1,132.0,5.1,1.7,33.0,21.1,96,0.0,13.7
Belagavi,15.8521,74.5045,2025-09-16 01:00:00,2.0,1.8,121.0,4.8,1.7,31.0,20.6,98,0.0,13.4
Belagavi,15.8521,74.5045,2025-09-16 02:00:00,2.1,1.9,115.0,4.4,1.6,31.0,20.7,98,0.0,13.3
Belagavi,15.8521,74.5045,2025-09-16 03:00:00,2.2,1.8,117.0,3.8,1.5,34.0,21.0,97,0.0,13.6
Belagavi,15.8521,74.5045,2025-09-16 04:00:00,2.2,1.8,124.0,3.0,1.4,38.0,20.6,98,0.0,12.1
Belagavi,15.8521,74.5045,2025-09-16 05:00:00,2.3,2.0,130.0,3.5,1.4,37.0,20.5,98,0.0,9.6
Belagavi,15.8521,74.5045,2025-09-16 06:00:00,3.2,2.4,134.0,3.9,1.6,38.0,21.0,98,0.0,11.1
Belagavi,15.8521,74.5045,2025-09-16 07:00:00,4.6,3.2,137.0,4.5,2.0,41.0,21.5,95,0.0,10.1
Belagavi,15.8521,74.5045,2025-09-16 08:00:00,6.1,4.1,137.0,4.6,2.2,44.0,22.3,90,0.0,11.4
Belagavi,15.8521,74.5045,2025-09-16 09:00:00,7.1,4.8,133.0,3.8,2.3,50.0,23.9,85,0.1,11.2
Belagavi,15.8521,74.5045,2025-09-16 10:00:00,7.6,5.0,126.0,2.5,2.3,57.0,25.0,78,0.1,9.6
Belagavi,15.8521,74.5045,2025-09-16 11:00:00,7.0,4.5,123.0,1.6,2.2,62.0,24.2,81,4.1,12.5
Belagavi,15.8521,74.5045,2025-09-16 12:00:00,4.9,3.2,128.0,1.4,2.0,62.0,24.4,85,3.4,11.9
Belagavi,15.8521,74.5045,2025-09-16 13:00:00,4.1,2.9,136.0,1.5,1.6,60.0,25.0,82,0.4,11.7
Belagavi,15.8521,74.5045,2025-09-16 14:00:00,4.1,3.1,141.0,1.9,1.4,57.0,23.1,86,3.2,17.0
Belagavi,15.8521,74.5045,2025-09-16 15:00:00,3.3,2.6,139.0,2.7,1.3,52.0,22.6,90,0.9,16.8
Belagavi,15.8521,74.5045,2025-09-16 16:00:00,2.9,2.5,134.0,3.7,1.3,46.0,22.7,92,0.2,15.3
Belagavi,15.8521,74.5045,2025-09-16 17:00:00,6.2,4.4,131.0,3.5,1.6,48.0,22.1,93,0.6,15.3
Belagavi,15.8521,74.5045,2025-09-16 18:00:00,6.1,4.8,135.0,4.8,1.8,44.0,21.6,96,0.1,12.5
Belagavi,15.8521,74.5045,2025-09-16 19:00:00,6.7,5.4,141.0,6.5,2.0,38.0,21.1,98,0.1,12.4
Belagavi,15.8521,74.5045,2025-09-16 20:00:00,6.8,5.6,146.0,7.6,2.2,33.0,20.8,98,0.1,10.2
Belagavi,15.8521,74.5045,2025-09-16 21:00:00,5.6,4.8,148.0,7.6,2.3,32.0,20.6,99,0.0,10.3
Belagavi,15.8521,74.5045,2025-09-16 22:00:00,4.3,3.9,149.0,7.1,2.3,32.0,20.6,99,0.0,10.2
Belagavi,15.8521,74.5045,2025-09-16 23:00:00,3.6,3.3,146.0,6.6,2.3,31.0,20.7,98,0.0,10.4
Belagavi,15.8521,74.5045,2025-09-17 00:00:00,3.0,2.8,137.0,6.5,2.2,29.0,20.5,99,0.0,9.5
Belagavi,15.8521,74.5045,2025-09-17 01:00:00,2.9,2.7,125.0,6.6,2.0,26.0,20.5,99,0.0,9.7
Belagavi,15.8521,74.5045,2025-09-17 02:00:00,3.2,3.0,117.0,6.5,1.8,24.0,20.5,98,0.0,7.6
Belagavi,15.8521,74.5045,2025-09-17 03:00:00,3.5,3.3,116.0,6.3,1.5,22.0,20.4,99,0.0,7.9
Belagavi,15.8521,74.5045,2025-09-17 04:00:00,4.7,4.4,119.0,6.1,1.3,21.0,20.2,99,0.0,8.1
Belagavi,15.8521,74.5045,2025-09-17 05:00:00,6.3,5.7,121.0,5.9,1.1,21.0,20.4,99,0.0,9.6
Belagavi,15.8521,74.5045,2025-09-17 06:00:00,6.7,5.2,120.0,5.3,1.6,27.0,20.7,99,0.0,7.2
Belagavi,15.8521,74.5045,2025-09-17 07:00:00,8.1,6.2,118.0,4.4,2.2,36.0,21.5,95,0.0,9.0
Belagavi,15.8521,74.5045,2025-09-17 08:00:00,8.2,5.4,116.0,3.6,2.7,45.0,22.8,87,0.0,10.3
Belagavi,15.8521,74.5045,2025-09-17 09:00:00,8.7,5.4,113.0,2.7,2.8,53.0,23.9,86,0.0,6.5
Belagavi,15.8521,74.5045,2025-09-17 10:00:00,8.6,5.4,111.0,1.9,2.7,60.0,25.3,81,0.1,5.5
Belagavi,15.8521,74.5045,2025-09-17 11:00:00,8.1,5.1,110.0,1.4,2.7,65.0,26.3,74,0.2,3.9
Belagavi,15.8521,74.5045,2025-09-17 12:00:00,7.0,4.6,114.0,1.5,2.8,67.0,26.3,72,0.5,3.4
Belagavi,15.8521,74.5045,2025-09-17 13:00:00,7.0,5.1,120.0,2.1,3.0,67.0,23.2,88,8.6,8.9
Belagavi,15.8521,74.5045,2025-09-17 14:00:00,7.0,5.3,124.0,2.6,3.0,65.0,24.2,90,7.3,9.9
Belagavi,15.8521,74.5045,2025-09-17 15:00:00,5.7,4.7,121.0,3.0,2.6,60.0,22.9,88,6.4,16.1
Belagavi,15.8521,74.5045,2025-09-17 16:00:00,4.2,3.8,115.0,3.3,2.0,52.0,22.9,90,0.2,13.7
Belagavi,15.8521,74.5045,2025-09-17 17:00:00,5.3,4.2,114.0,3.8,2.3,48.0,22.0,93,0.7,16.2
Belagavi,15.8521,74.5045,2025-09-17 18:00:00,4.5,4.0,121.0,4.8,2.4,43.0,21.6,97,1.4,14.3
Belagavi,15.8521,74.5045,2025-09-17 19:00:00,3.9,3.4,132.0,6.1,2.4,37.0,21.3,98,0.1,15.9
Belagavi,15.8521,74.5045,2025-09-17 20:00:00,2.9,2.7,141.0,6.7,2.4,33.0,21.3,98,0.0,14.2
Belagavi,15.8521,74.5045,2025-09-17 21:00:00,2.1,2.0,145.0,6.0,2.2,34.0,21.2,98,0.0,14.6
Belagavi,15.8521,74.5045,2025-09-17 22:00:00,1.9,1.8,146.0,4.6,2.0,37.0,21.1,99,0.0,13.1
Belagavi,15.8521,74.5045,2025-09-17 23:00:00,1.8,1.7,143.0,3.4,1.8,39.0,21.0,98,0.0,12.1
Belagavi,15.8521,74.5045,2025-09-18 00:00:00,1.7,1.5,133.0,2.8,1.7,40.0,20.9,99,0.0,9.4
Belagavi,15.8521,74.5045,2025-09-18 01:00:00,1.5,1.4,120.0,2.4,1.6,40.0,21.0,98,0.1,11.2
Belagavi,15.8521,74.5045,2025-09-18 02:00:00,1.3,1.1,112.0,2.2,1.5,40.0,21.0,98,0.0,9.4
Belagavi,15.8521,74.5045,2025-09-18 03:00:00,1.4,1.3,116.0,2.1,1.5,40.0,20.7,98,0.0,7.9
Belagavi,15.8521,74.5045,2025-09-18 04:00:00,1.2,1.0,125.0,2.2,1.6,39.0,20.7,99,0.0,9.4
Belagavi,15.8521,74.5045,2025-09-18 05:00:00,1.2,1.1,131.0,3.1,1.6,38.0,20.9,98,0.0,9.3
Belagavi,15.8521,74.5045,2025-09-18 06:00:00,1.3,1.1,131.0,3.3,1.9,39.0,20.8,98,0.0,9.7
Belagavi,15.8521,74.5045,2025-09-18 07:00:00,1.6,1.4,129.0,3.6,2.2,41.0,21.4,95,0.0,11.6
Belagavi,15.8521,74.5045,2025-09-18 08:00:00,1.8,1.7,126.0,3.7,2.5,43.0,22.2,92,0.0,10.7
Belagavi,15.8521,74.5045,2025-09-18 09:00:00,2.4,2.3,122.0,3.4,2.6,45.0,23.0,91,0.1,10.0
Belagavi,15.8521,74.5045,2025-09-18 10:00:00,2.2,2.0,117.0,2.8,2.7,47.0,24.3,84,0.2,13.9
Belagavi,15.8521,74.5045,2025-09-18 11:00:00,1.9,1.8,114.0,2.3,2.6,48.0,24.1,81,0.5,16.2
Belagavi,15.8521,74.5045,2025-09-18 12:00:00,2.2,2.1,114.0,1.9,2.4,49.0,24.6,84,0.3,16.8
Belagavi,15.8521,74.5045,2025-09-18 13:00:00,2.2,2.1,115.0,1.5,2.0,50.0,24.3,82,0.1,18.7
Belagavi,15.8521,74.5045,2025-09-18 14:00:00,1.4,1.4,116.0,1.5,1.7,50.0,23.9,88,0.9,14.9
Belagavi,15.8521,74.5045,2025-09-18 15:00:00,1.4,1.4,115.0,2.1,1.5,48.0,23.3,84,1.0,19.2
Belagavi,15.8521,74.5045,2025-09-18 16:00:00,2.0,1.9,113.0,3.1,1.4,44.0,23.1,87,0.2,20.3
Belagavi,15.8521,74.5045,2025-09-18 17:00:00,5.3,3.8,113.0,2.7,1.5,44.0,22.7,88,0.0,20.4
Belagavi,15.8521,74.5045,2025-09-18 18:00:00,4.9,3.9,117.0,3.7,1.6,41.0,21.8,94,0.0,17.2
Belagavi,15.8521,74.5045,2025-09-18 19:00:00,4.5,3.8,123.0,5.0,1.7,37.0,21.3,97,0.0,17.2
Belagavi,15.8521,74.5045,2025-09-18 20:00:00,3.4,3.0,126.0,5.8,1.8,34.0,21.4,96,0.0,15.4
Belagavi,15.8521,74.5045,2025-09-18 21:00:00,3.1,2.7,125.0,5.5,1.8,35.0,21.5,96,0.0,13.7
Belagavi,15.8521,74.5045,2025-09-18 22:00:00,3.6,2.8,121.0,4.7,1.7,37.0,21.4,97,0.0,12.6
Belagavi,15.8521,74.5045,2025-09-18 23:00:00,4.1,3.1,118.0,4.0,1.6,38.0,21.3,97,0.0,13.0
Belagavi,15.8521,74.5045,2025-09-19 00:00:00,4.7,3.1,116.0,3.5,1.5,38.0,21.0,99,0.0,11.1
Belagavi,15.8521,74.5045,2025-09-19 01:00:00,5.2,3.3,115.0,3.1,1.4,37.0,21.1,98,0.0,11.2
Belagavi,15.8521,74.5045,2025-09-19 02:00:00,6.0,3.5,114.0,2.7,1.3,36.0,21.1,98,0.0,12.6
Belagavi,15.8521,74.5045,2025-09-19 03:00:00,7.1,3.9,115.0,2.4,1.2,36.0,21.2,96,0.0,9.7
Belagavi,15.8521,74.5045,2025-09-19 04:00:00,8.1,4.3,117.0,2.2,1.1,36.0,21.1,96,0.0,10.1
Belagavi,15.8521,74.5045,2025-09-19 05:00:00,3.9,2.3,118.0,2.9,1.5,33.0,20.9,97,0.0,10.1
Belagavi,15.8521,74.5045,2025-09-19 06:00:00,4.3,2.5,118.0,3.1,1.6,34.0,20.9,98,0.0,13.2
Belagavi,15.8521,74.5045,2025-09-19 07:00:00,5.0,2.9,117.0,3.3,1.8,35.0,21.2,95,0.0,18.4
Belagavi,15.8521,74.5045,2025-09-19 08:00:00,5.1,3.3,115.0,3.3,1.9,37.0,22.5,87,0.0,19.0
Belagavi,15.8521,74.5045,2025-09-19 09:00:00,5.4,3.3,112.0,2.7,1.8,41.0,23.7,83,0.1,17.7
Belagavi,15.8521,74.5045,2025-09-19 10:00:00,5.4,3.3,109.0,1.7,1.7,46.0,24.2,81,0.3,19.3
Belagavi,15.8521,74.5045,2025-09-19 11:00:00,5.3,3.2,108.0,1.1,1.5,50.0,24.5,80,0.3,19.6
Belagavi,15.8521,74.5045,2025-09-19 12:00:00,5.2,3.2,109.0,0.9,1.3,52.0,24.9,77,0.1,17.6
Belagavi,15.8521,74.5045,2025-09-19 13:00:00,5.4,3.1,113.0,1.1,1.2,52.0,25.8,78,0.1,17.5
Belagavi,15.8521,74.5045,2025-09-19 14:00:00,6.9,3.9,116.0,1.5,1.1,51.0,23.4,90,3.5,17.1
Belagavi,15.8521,74.5045,2025-09-19 15:00:00,9.3,5.2,119.0,2.5,1.2,48.0,23.4,85,3.2,18.0
Belagavi,15.8521,74.5045,2025-09-19 16:00:00,9.7,5.2,123.0,3.8,1.3,44.0,22.6,89,0.2,18.1
Belagavi,15.8521,74.5045,2025-09-19 17:00:00,17.9,7.7,126.0,2.5,1.3,45.0,22.3,90,0.1,17.0
Belagavi,15.8521,74.5045,2025-09-19 18:00:00,16.7,8.0,130.0,3.4,1.5,42.0,21.7,94,0.0,15.8
Belagavi,15.8521,74.5045,2025-09-19 19:00:00,16.9,8.4,133.0,4.7,1.7,38.0,21.0,98,0.0,15.2
Belagavi,15.8521,74.5045,2025-09-19 20:00:00,13.6,6.9,134.0,5.5,1.9,35.0,20.8,98,0.0,14.4
Belagavi,15.8521,74.5045,2025-09-19 21:00:00,10.9,5.4,131.0,5.6,1.9,34.0,20.7,99,0.0,13.2
Belagavi,15.8521,74.5045,2025-09-19 22:00:00,9.3,4.9,126.0,5.2,1.9,34.0,20.8,98,0.0,14.5
Belagavi,15.8521,74.5045,2025-09-19 23:00:00,9.3,4.9,121.0,4.8,1.8,34.0,20.9,97,0.0,14.1
Belagavi,15.8521,74.5045,2025-09-20 00:00:00,9.6,4.6,118.0,4.4,1.7,33.0,20.6,98,0.0,12.0
Belagavi,15.8521,74.5045,2025-09-20 01:00:00,10.0,4.6,115.0,3.9,1.5,33.0,20.7,96,0.0,11.8
Belagavi,15.8521,74.5045,2025-09-20 02:00:00,10.5,4.8,114.0,3.6,1.4,32.0,20.2,98,0.0,9.5
Belagavi,15.8521,74.5045,2025-09-20 03:00:00,10.9,5.0,115.0,3.7,1.3,30.0,20.0,98,0.0,8.8
Belagavi,15.8521,74.5045,2025-09-20 04:00:00,11.8,5.6,116.0,4.0,1.2,28.0,19.8,99,0.0,8.6
Belagavi,15.8521,74.5045,2025-09-20 05:00:00,10.7,4.9,118.0,2.6,1.2,35.0,19.9,99,0.0,8.4
Belagavi,15.8521,74.5045,2025-09-20 06:00:00,10.7,4.8,119.0,2.7,1.3,36.0,20.3,99,0.0,10.5
Belagavi,15.8521,74.5045,2025-09-20 07:00:00,10.8,4.9,120.0,2.9,1.4,38.0,20.9,96,0.0,15.0
Belagavi,15.8521,74.5045,2025-09-20 08:00:00,11.8,5.1,119.0,2.8,1.5,40.0,22.5,87,0.0,16.1
Belagavi,15.8521,74.5045,2025-09-20 09:00:00,13.3,5.5,116.0,2.3,1.6,44.0,23.7,81,0.0,15.1
Belagavi,15.8521,74.5045,2025-09-20 10:00:00,15.7,6.2,112.0,1.6,1.6,50.0,24.9,75,0.1,14.1
Belagavi,15.8521,74.5045,2025-09-20 11:00:00,15.7,6.0,109.0,1.1,1.6,53.0,26.1,73,0.2,14.5
Belagavi,15.8521,74.5045,2025-09-20 12:00:00,15.2,5.7,109.0,1.0,1.4,53.0,26.7,71,0.0,14.1
Belagavi,15.8521,74.5045,2025-09-20 13:00:00,15.5,5.7,110.0,1.2,1.1,51.0,26.1,68,0.1,16.7
Belagavi,15.8521,74.5045,2025-09-20 14:00:00,14.4,5.4,113.0,1.4,1.0,49.0,24.5,81,0.5,15.5
Belagavi,15.8521,74.5045,2025-09-20 15:00:00,13.1,5.5,117.0,1.6,1.1,49.0,22.9,92,3.2,13.5
Belagavi,15.8521,74.5045,2025-09-20 16:00:00,15.4,6.1,122.0,1.8,1.4,49.0,23.5,81,0.6,14.9
Belagavi,15.8521,74.5045,2025-09-20 17:00:00,17.9,7.7,127.0,3.5,1.7,47.0,22.7,90,0.3,15.3
Belagavi,15.8521,74.5045,2025-09-20 18:00:00,17.2,8.0,134.0,4.5,1.9,43.0,21.8,93,0.1,13.9
Belagavi,15.8521,74.5045,2025-09-20 19:00:00,17.8,8.2,141.0,5.8,2.1,36.0,21.1,97,0.0,11.4
Belagavi,15.8521,74.5045,2025-09-20 20:00:00,16.5,7.8,145.0,6.6,2.2,32.0,20.7,98,0.0,12.0
Belagavi,15.8521,74.5045,2025-09-20 21:00:00,15.1,7.0,144.0,6.5,2.1,31.0,20.5,99,0.0,12.6
Belagavi,15.8521,74.5045,2025-09-20 22:00:00,14.1,6.7,141.0,5.9,1.9,32.0,20.3,99,0.0,11.4
Belagavi,15.8521,74.5045,2025-09-20 23:00:00,15.9,7.1,136.0,5.3,1.7,32.0,20.2,99,0.0,10.0
Belagavi,15.8521,74.5045,2025-09-21 00:00:00,16.8,7.2,129.0,4.9,1.5,32.0,20.0,99,0.0,10.6
Belagavi,15.8521,74.5045,2025-09-21 01:00:00,17.3,7.4,120.0,4.6,1.2,31.0,19.9,100,0.0,10.4
Belagavi,15.8521,74.5045,2025-09-21 02:00:00,17.8,7.8,116.0,4.3,1.0,30.0,19.9,100,0.0,9.9
Belagavi,15.8521,74.5045,2025-09-21 03:00:00,17.5,8.3,121.0,4.2,0.8,28.0,19.8,99,0.0,10.3
Belagavi,15.8521,74.5045,2025-09-21 04:00:00,18.0,8.6,131.0,4.3,0.8,26.0,19.8,99,0.0,11.6
Belagavi,15.8521,74.5045,2025-09-21 05:00:00,17.0,8.0,137.0,3.2,0.5,31.0,19.8,100,0.0,11.2
Belagavi,15.8521,74.5045,2025-09-21 06:00:00,17.7,8.3,136.0,3.5,0.9,31.0,20.2,99,0.0,10.4
Belagavi,15.8521,74.5045,2025-09-21 07:00:00,17.8,8.1,132.0,3.9,1.3,32.0,20.8,96,0.0,11.3
Belagavi,15.8521,74.5045,2025-09-21 08:00:00,17.2,7.9,128.0,3.9,1.7,35.0,22.4,86,0.0,12.4
Belagavi,15.8521,74.5045,2025-09-21 09:00:00,16.4,7.1,124.0,3.1,1.8,42.0,23.5,81,0.0,13.4
Belagavi,15.8521,74.5045,2025-09-21 10:00:00,15.7,7.0,119.0,2.0,1.9,51.0,25.0,75,0.1,13.0
Belagavi,15.8521,74.5045,2025-09-21 11:00:00,15.0,6.8,117.0,1.2,1.8,57.0,25.8,70,0.2,11.4
Belagavi,15.8521,74.5045,2025-09-21 12:00:00,15.1,7.0,118.0,1.1,1.6,59.0,26.4,72,0.2,12.1
Belagavi,15.8521,74.5045,2025-09-21 13:00:00,13.4,6.2,120.0,1.4,1.4,58.0,25.4,76,0.6,14.3
Belagavi,15.8521,74.5045,2025-09-21 14:00:00,10.5,5.6,123.0,1.8,1.3,57.0,24.5,83,1.9,14.2
Belagavi,15.8521,74.5045,2025-09-21 15:00:00,9.7,5.4,125.0,2.2,1.3,55.0,23.8,85,1.5,15.0
Belagavi,15.8521,74.5045,2025-09-21 16:00:00,7.5,4.3,128.0,2.7,1.4,53.0,23.6,89,0.1,15.7
Belagavi,15.8521,74.5045,2025-09-21 17:00:00,8.2,4.8,131.0,3.6,1.5,48.0,22.3,90,3.6,14.4
Belagavi,15.8521,74.5045,2025-09-21 18:00:00,7.3,4.8,136.0,4.3,1.6,45.0,21.8,94,0.1,14.3
Belagavi,15.8521,74.5045,2025-09-21 19:00:00,8.1,5.3,143.0,5.2,1.9,40.0,21.2,97,0.0,14.0
Belagavi,15.8521,74.5045,2025-09-21 20:00:00,9.0,5.5,146.0,5.9,2.0,36.0,21.0,98,0.0,12.0
Belagavi,15.8521,74.5045,2025-09-21 21:00:00,9.4,5.7,144.0,6.3,2.1,34.0,20.9,98,0.0,11.6
Belagavi,15.8521,74.5045,2025-09-21 22:00:00,10.2,6.1,140.0,6.4,2.1,32.0,20.8,98,0.0,12.0
Belagavi,15.8521,74.5045,2025-09-21 23:00:00,11.0,6.8,134.0,6.4,2.0,31.0,20.6,98,0.0,11.7
Belagavi,15.8521,74.5045,2025-09-22 00:00:00,12.2,7.3,126.0,6.1,1.8,30.0,20.6,98,0.0,10.9
Belagavi,15.8521,74.5045,2025-09-22 01:00:00,12.4,7.3,118.0,5.6,1.5,29.0,20.5,99,0.0,10.1
Belagavi,15.8521,74.5045,2025-09-22 02:00:00,13.1,7.6,114.0,5.2,1.2,28.0,20.7,97,0.0,11.6
Belagavi,15.8521,74.5045,2025-09-22 03:00:00,13.8,8.0,118.0,5.1,1.0,26.0,20.5,98,0.7,10.1
Belagavi,15.8521,74.5045,2025-09-22 04:00:00,14.3,8.1,127.0,5.2,0.9,24.0,20.2,98,0.0,11.2
Belagavi,15.8521,74.5045,2025-09-22 05:00:00,3.0,1.8,134.0,3.6,1.4,32.0,20.2,99,0.0,11.7
Belagavi,15.8521,74.5045,2025-09-22 06:00:00,3.4,2.0,139.0,3.9,1.7,34.0,20.8,98,0.0,10.1
Belagavi,15.8521,74.5045,2025-09-22 07:00:00,6.4,3.6,143.0,4.2,2.0,36.0,21.3,95,0.0,11.9
Belagavi,15.8521,74.5045,2025-09-22 08:00:00,11.0,5.5,143.0,4.1,2.2,40.0,22.2,90,0.0,12.7
Belagavi,15.8521,74.5045,2025-09-22 09:00:00,13.4,6.5,137.0,3.3,2.2,46.0,23.1,84,0.0,14.5
Belagavi,15.8521,74.5045,2025-09-22 10:00:00,14.2,6.7,128.0,2.1,2.0,53.0,24.3,77,0.0,13.9
Belagavi,15.8521,74.5045,2025-09-22 11:00:00,14.0,6.8,121.0,1.2,1.8,58.0,25.0,73,0.0,13.6
Belagavi,15.8521,74.5045,2025-09-22 12:00:00,13.9,6.7,118.0,0.9,1.7,61.0,25.6,69,0.1,13.2
Belagavi,15.8521,74.5045,2025-09-22 13:00:00,14.7,7.1,118.0,1.0,1.6,62.0,25.5,70,0.0,14.2
Belagavi,15.8521,74.5045,2025-09-22 14:00:00,15.3,7.4,121.0,1.3,1.5,61.0,25.7,71,0.2,14.7
Belagavi,15.8521,74.5045,2025-09-22 15:00:00,17.0,8.2,130.0,2.0,1.5,57.0,24.7,74,0.7,16.7
Belagavi,15.8521,74.5045,2025-09-22 16:00:00,18.2,8.6,142.0,3.0,1.6,51.0,23.2,84,1.2,13.9
Belagavi,15.8521,74.5045,2025-09-22 17:00:00,23.8,10.5,151.0,2.1,1.4,51.0,22.5,90,0.2,15.0
Belagavi,15.8521,74.5045,2025-09-22 18:00:00,20.9,10.3,153.0,3.3,1.6,46.0,21.9,93,0.0,13.2
Belagavi,15.8521,74.5045,2025-09-22 19:00:00,21.8,10.8,152.0,5.0,1.9,40.0,21.6,94,0.0,13.1
Belagavi,15.8521,74.5045,2025-09-22 20:00:00,22.5,11.1,150.0,6.3,2.1,35.0,21.2,96,0.0,13.3
Belagavi,15.8521,74.5045,2025-09-22 21:00:00,23.3,11.4,149.0,6.7,2.2,33.0,21.2,95,0.0,13.1
Belagavi,15.8521,74.5045,2025-09-22 22:00:00,24.2,11.8,147.0,6.6,2.2,32.0,21.0,96,0.0,12.1
Belagavi,15.8521,74.5045,2025-09-22 23:00:00,24.7,11.8,144.0,6.4,2.1,31.0,20.9,96,0.0,11.9
Belagavi,15.8521,74.5045,2025-09-23 00:00:00,24.7,11.4,138.0,6.0,2.0,31.0,20.8,95,0.0,12.0
Belagavi,15.8521,74.5045,2025-09-23 01:00:00,24.9,11.3,131.0,5.4,1.8,31.0,20.7,96,0.0,11.3
Belagavi,15.8521,74.5045,2025-09-23 02:00:00,25.7,11.5,125.0,5.0,1.7,31.0,20.6,96,0.0,11.0
Belagavi,15.8521,74.5045,2025-09-23 03:00:00,26.1,11.7,121.0,5.0,1.7,30.0,20.4,97,0.0,10.9
Belagavi,15.8521,74.5045,2025-09-23 04:00:00,25.7,11.6,119.0,5.3,1.8,28.0,20.4,97,0.0,12.0
Belagavi,15.8521,74.5045,2025-09-23 05:00:00,27.6,13.1,119.0,5.5,1.5,29.0,20.2,97,0.0,11.9
Belagavi,15.8521,74.5045,2025-09-23 06:00:00,24.5,12.8,124.0,5.3,1.7,33.0,20.5,96,0.0,12.0
Belagavi,15.8521,74.5045,2025-09-23 07:00:00,26.7,13.2,132.0,4.9,1.9,38.0,21.0,92,0.0,12.7
Belagavi,15.8521,74.5045,2025-09-23 08:00:00,25.8,12.7,135.0,4.5,2.0,42.0,21.6,89,0.0,11.9
Belagavi,15.8521,74.5045,2025-09-23 09:00:00,23.2,11.5,130.0,3.9,2.0,44.0,23.5,78,0.0,17.1
Belagavi,15.8521,74.5045,2025-09-23 10:00:00,20.4,10.3,121.0,3.2,2.0,46.0,23.3,80,0.2,17.2
Belagavi,15.8521,74.5045,2025-09-23 11:00:00,18.8,9.7,114.0,2.6,1.9,47.0,24.1,77,0.1,16.6
Belagavi,15.8521,74.5045,2025-09-23 12:00:00,16.9,8.5,111.0,2.2,1.7,49.0,24.2,80,0.2,15.3
Belagavi,15.8521,74.5045,2025-09-23 13:00:00,14.8,7.7,109.0,1.9,1.5,51.0,24.6,76,0.0,16.6
Belagavi,15.8521,74.5045,2025-09-23 14:00:00,12.9,6.7,111.0,2.1,1.4,52.0,23.1,85,1.7,14.9
Belagavi,15.8521,74.5045,2025-09-23 15:00:00,10.5,5.5,117.0,3.2,1.3,50.0,22.7,87,2.6,17.0
Belagavi,15.8521,74.5045,2025-09-23 16:00:00,8.5,5.2,126.0,4.7,1.3,46.0,21.3,95,2.0,17.6
Belagavi,15.8521,74.5045,2025-09-23 17:00:00,7.1,4.8,135.0,7.3,1.7,39.0,21.3,94,0.6,13.3
Belagavi,15.8521,74.5045,2025-09-23 18:00:00,8.1,5.4,144.0,8.1,2.0,37.0,21.2,95,0.2,12.7
Belagavi,15.8521,74.5045,2025-09-23 19:00:00,9.1,6.2,153.0,9.2,2.3,33.0,20.9,96,0.1,12.1
Belagavi,15.8521,74.5045,2025-09-23 20:00:00,7.7,5.4,158.0,9.8,2.6,31.0,20.6,96,0.1,11.7
Belagavi,15.8521,74.5045,2025-09-23 21:00:00,9.0,6.1,155.0,9.7,2.6,30.0,20.5,95,0.6,11.9
Belagavi,15.8521,74.5045,2025-09-23 22:00:00,10.1,6.3,148.0,9.1,2.6,30.0,20.4,95,0.0,10.6
Belagavi,15.8521,74.5045,2025-09-23 23:00:00,10.7,6.0,140.0,8.3,2.4,30.0,20.2,95,0.1,9.9
Belagavi,15.8521,74.5045,2025-09-24 00:00:00,11.0,5.6,130.0,7.1,2.1,32.0,19.9,95,0.2,10.7
Belagavi,15.8521,74.5045,2025-09-24 01:00:00,10.7,5.2,119.0,5.6,1.8,34.0,19.9,94,0.0,11.9
Belagavi,15.8521,74.5045,2025-09-24 02:00:00,10.1,4.8,111.0,4.5,1.5,36.0,19.8,95,0.0,12.2
Belagavi,15.8521,74.5045,2025-09-24 03:00:00,9.0,4.4,106.0,4.0,1.4,36.0,19.7,95,0.0,11.0
Belagavi,15.8521,74.5045,2025-09-24 04:00:00,9.6,4.6,103.0,4.0,1.4,35.0,19.6,96,0.0,10.6
Belagavi,15.8521,74.5045,2025-09-24 05:00:00,6.5,3.9,105.0,5.1,1.4,29.0,19.6,97,0.2,11.4
Belagavi,15.8521,74.5045,2025-09-24 06:00:00,10.7,5.7,115.0,4.6,1.5,32.0,20.5,97,0.0,10.7
Belagavi,15.8521,74.5045,2025-09-24 07:00:00,13.5,7.1,130.0,3.8,1.5,36.0,20.7,97,0.1,10.8
Belagavi,15.8521,74.5045,2025-09-24 08:00:00,13.3,7.1,137.0,3.1,1.6,41.0,21.3,95,0.2,11.3
Belagavi,15.8521,74.5045,2025-09-24 09:00:00,12.4,6.6,130.0,2.3,1.7,47.0,22.2,88,0.0,15.1
Belagavi,15.8521,74.5045,2025-09-24 10:00:00,11.3,6.1,117.0,1.5,1.7,53.0,22.8,84,0.0,15.2
Belagavi,15.8521,74.5045,2025-09-24 11:00:00,10.7,5.7,107.0,1.0,1.7,57.0,23.6,80,0.0,15.4
Belagavi,15.8521,74.5045,2025-09-24 12:00:00,9.8,5.2,105.0,1.0,1.5,58.0,25.4,75,0.1,16.4
Belagavi,15.8521,74.5045,2025-09-24 13:00:00,10.1,5.4,106.0,1.3,1.2,56.0,25.6,73,0.1,18.1
Belagavi,15.8521,74.5045,2025-09-24 14:00:00,7.5,4.8,108.0,1.6,1.0,54.0,24.3,75,0.3,19.8
Belagavi,15.8521,74.5045,2025-09-24 15:00:00,7.1,4.5,109.0,1.9,1.1,52.0,24.2,83,0.1,18.6
Belagavi,15.8521,74.5045,2025-09-24 16:00:00,6.7,4.0,110.0,2.2,1.2,49.0,23.5,81,0.1,20.0
Belagavi,15.8521,74.5045,2025-09-24 17:00:00,10.5,6.5,113.0,2.9,1.5,48.0,22.4,85,0.0,18.9
Belagavi,15.8521,74.5045,2025-09-24 18:00:00,10.2,6.9,120.0,4.4,1.7,43.0,21.9,89,0.0,14.1
Belagavi,15.8521,74.5045,2025-09-24 19:00:00,10.5,7.5,128.0,6.3,2.1,37.0,20.6,97,0.0,13.7
Belagavi,15.8521,74.5045,2025-09-24 20:00:00,10.2,7.3,133.0,7.3,2.2,33.0,20.3,98,0.0,13.4
Belagavi,15.8521,74.5045,2025-09-24 21:00:00,9.7,6.6,131.0,6.4,2.0,33.0,20.2,99,0.0,13.0
Belagavi,15.8521,74.5045,2025-09-24 22:00:00,8.7,5.7,124.0,4.6,1.5,36.0,20.2,100,0.0,14.2
Belagavi,15.8521,74.5045,2025-09-24 23:00:00,7.6,4.8,118.0,3.2,1.2,38.0,20.6,96,0.1,14.2
Belagavi,15.8521,74.5045,2025-09-25 00:00:00,6.2,4.0,112.0,2.7,1.1,37.0,20.6,95,0.0,13.0
Belagavi,15.8521,74.5045,2025-09-25 01:00:00,5.4,3.4,106.0,2.5,1.2,36.0,20.2,97,0.0,11.5
Belagavi,15.8521,74.5045,2025-09-25 02:00:00,5.0,3.1,103.0,2.4,1.2,35.0,19.6,100,0.0,10.6
Belagavi,15.8521,74.5045,2025-09-25 03:00:00,4.5,2.8,104.0,2.2,1.2,35.0,19.7,100,0.0,11.2
Belagavi,15.8521,74.5045,2025-09-25 04:00:00,3.4,2.2,108.0,2.1,1.2,35.0,20.0,97,0.0,10.7
Belagavi,15.8521,74.5045,2025-09-25 05:00:00,3.5,2.5,112.0,1.8,0.9,36.0,20.0,97,0.0,11.6
Belagavi,15.8521,74.5045,2025-09-25 06:00:00,3.5,2.5,117.0,2.2,1.1,35.0,19.9,100,0.0,9.0
Belagavi,15.8521,74.5045,2025-09-25 07:00:00,3.7,2.7,123.0,2.8,1.4,34.0,20.7,94,0.0,11.7
Belagavi,15.8521,74.5045,2025-09-25 08:00:00,4.1,3.1,125.0,3.0,1.6,35.0,22.3,85,0.0,14.0
Belagavi,15.8521,74.5045,2025-09-25 09:00:00,4.6,3.3,120.0,2.5,1.7,40.0,23.8,77,0.0,14.5
Belagavi,15.8521,74.5045,2025-09-25 10:00:00,5.3,3.5,112.0,1.6,1.6,48.0,24.5,76,0.0,12.4
Belagavi,15.8521,74.5045,2025-09-25 11:00:00,5.6,3.5,107.0,1.0,1.6,53.0,25.8,73,0.1,14.3
Belagavi,15.8521,74.5045,2025-09-25 12:00:00,5.7,3.5,107.0,1.0,1.5,54.0,26.1,70,0.0,16.6
Belagavi,15.8521,74.5045,2025-09-25 13:00:00,5.3,3.4,110.0,1.3,1.4,52.0,24.3,77,0.9,17.6
Belagavi,15.8521,74.5045,2025-09-25 14:00:00,4.5,3.4,113.0,1.7,1.3,50.0,24.1,77,2.1,19.1
Belagavi,15.8521,74.5045,2025-09-25 15:00:00,3.4,2.7,115.0,2.3,1.3,47.0,23.7,83,0.4,19.1
Belagavi,15.8521,74.5045,2025-09-25 16:00:00,2.2,1.8,118.0,2.9,1.3,44.0,23.4,79,0.3,21.1
Belagavi,15.8521,74.5045,2025-09-25 17:00:00,4.2,3.1,121.0,3.4,1.4,42.0,22.3,87,0.2,18.7
Belagavi,15.8521,74.5045,2025-09-25 18:00:00,4.4,3.5,127.0,4.1,1.5,39.0,22.0,88,0.1,15.7
Belagavi,15.8521,74.5045,2025-09-25 19:00:00,4.0,3.3,133.0,5.1,1.6,36.0,21.0,96,0.0,14.7
Belagavi,15.8521,74.5045,2025-09-25 20:00:00,3.4,2.9,135.0,5.6,1.7,33.0,20.7,98,0.0,13.8
Belagavi,15.8521,74.5045,2025-09-25 21:00:00,3.6,2.9,129.0,5.3,1.6,33.0,20.7,97,0.0,15.5
Belagavi,15.8521,74.5045,2025-09-25 22:00:00,4.0,3.1,119.0,4.5,1.5,34.0,20.6,97,0.0,15.1
Belagavi,15.8521,74.5045,2025-09-25 23:00:00,3.8,3.0,111.0,3.7,1.3,35.0,20.2,98,0.0,14.5
Belagavi,15.8521,74.5045,2025-09-26 00:00:00,3.0,2.2,107.0,3.1,1.2,36.0,20.0,98,0.0,14.1
Belagavi,15.8521,74.5045,2025-09-26 01:00:00,2.8,2.1,104.0,2.4,1.0,37.0,19.8,98,0.0,14.5
Belagavi,15.8521,74.5045,2025-09-26 02:00:00,3.0,2.1,103.0,2.0,0.9,37.0,19.8,98,0.0,13.5
Belagavi,15.8521,74.5045,2025-09-26 03:00:00,3.6,2.4,104.0,1.8,0.8,37.0,19.9,99,0.0,15.2
Belagavi,15.8521,74.5045,2025-09-26 04:00:00,3.8,2.6,106.0,1.8,0.8,37.0,20.1,97,0.0,15.4
Belagavi,15.8521,74.5045,2025-09-26 05:00:00,3.9,2.5,108.0,1.7,0.9,38.0,19.8,98,0.0,14.0
Belagavi,15.8521,74.5045,2025-09-26 06:00:00,3.7,2.4,111.0,2.1,1.0,39.0,20.4,95,0.2,15.2
Belagavi,15.8521,74.5045,2025-09-26 07:00:00,4.1,2.8,115.0,2.6,1.2,40.0,20.9,93,0.1,17.9
Belagavi,15.8521,74.5045,2025-09-26 08:00:00,4.4,3.1,116.0,2.8,1.4,41.0,21.6,88,0.0,17.1
Belagavi,15.8521,74.5045,2025-09-26 09:00:00,4.6,3.2,113.0,2.5,1.5,44.0,22.1,85,0.0,16.4
Belagavi,15.8521,74.5045,2025-09-26 10:00:00,5.0,3.4,108.0,1.9,1.5,47.0,23.3,79,0.0,20.6
Belagavi,15.8521,74.5045,2025-09-26 11:00:00,4.9,3.3,106.0,1.7,1.5,48.0,24.1,76,0.1,18.3
Belagavi,15.8521,74.5045,2025-09-26 12:00:00,5.0,3.3,108.0,2.1,1.5,47.0,23.7,78,0.1,18.7
Belagavi,15.8521,74.5045,2025-09-26 13:00:00,4.6,3.5,112.0,2.9,1.5,44.0,22.8,84,0.2,17.0
Belagavi,15.8521,74.5045,2025-09-26 14:00:00,5.0,4.0,117.0,3.7,1.5,41.0,22.8,84,0.3,18.6
Belagavi,15.8521,74.5045,2025-09-26 15:00:00,4.7,3.9,123.0,4.4,1.5,39.0,21.5,94,2.4,14.3
Belagavi,15.8521,74.5045,2025-09-26 16:00:00,3.4,3.0,130.0,5.2,1.5,38.0,21.1,97,3.3,16.2
Belagavi,15.8521,74.5045,2025-09-26 17:00:00,5.4,4.6,134.0,7.7,2.0,36.0,20.8,98,3.1,15.4
Belagavi,15.8521,74.5045,2025-09-26 18:00:00,5.4,4.7,134.0,8.3,2.1,34.0,20.7,98,1.5,15.5
Belagavi,15.8521,74.5045,2025-09-26 19:00:00,4.1,3.8,132.0,9.0,2.2,31.0,20.5,98,1.5,12.0
Belagavi,15.8521,74.5045,2025-09-26 20:00:00,3.7,3.6,129.0,9.4,2.3,29.0,20.4,97,0.1,13.9
Belagavi,15.8521,74.5045,2025-09-26 21:00:00,2.9,2.9,125.0,9.2,2.4,28.0,20.3,97,0.0,14.5
Belagavi,15.8521,74.5045,2025-09-26 22:00:00,2.6,2.6,119.0,8.5,2.4,27.0,20.2,98,0.0,15.5
Belagavi,15.8521,74.5045,2025-09-26 23:00:00,2.3,2.2,114.0,7.6,2.3,28.0,20.2,99,0.2,14.4
Belagavi,15.8521,74.5045,2025-09-27 00:00:00,1.3,1.2,108.0,6.1,2.1,31.0,20.4,98,1.7,18.7
Belagavi,15.8521,74.5045,2025-09-27 01:00:00,0.9,0.8,101.0,4.2,1.8,34.0,20.3,98,3.4,14.6
Belagavi,15.8521,74.5045,2025-09-27 02:00:00,1.1,1.0,98.0,2.9,1.5,37.0,20.4,98,2.8,20.0
Belagavi,15.8521,74.5045,2025-09-27 03:00:00,0.7,0.6,100.0,2.3,1.4,38.0,20.3,97,2.2,16.8
Belagavi,15.8521,74.5045,2025-09-27 04:00:00,0.5,0.5,105.0,2.3,1.3,37.0,20.1,98,3.6,18.8
Belagavi,15.8521,74.5045,2025-09-27 05:00:00,0.8,0.7,110.0,2.7,1.1,36.0,20.2,98,1.7,13.5
Belagavi,15.8521,74.5045,2025-09-27 06:00:00,0.7,0.7,116.0,3.6,1.3,35.0,19.9,97,1.9,18.0
Belagavi,15.8521,74.5045,2025-09-27 07:00:00,1.5,1.3,122.0,4.9,1.5,34.0,19.9,97,2.1,17.5
Belagavi,15.8521,74.5045,2025-09-27 08:00:00,2.3,2.0,126.0,5.6,1.6,34.0,20.1,96,2.2,15.9
Belagavi,15.8521,74.5045,2025-09-27 09:00:00,1.8,1.6,125.0,5.2,1.6,35.0,20.3,97,3.0,17.2
Belagavi,15.8521,74.5045,2025-09-27 10:00:00,2.0,1.6,120.0,4.2,1.6,37.0,20.9,98,2.4,14.3
Belagavi,15.8521,74.5045,2025-09-27 11:00:00,2.3,1.9,118.0,3.4,1.5,38.0,20.9,98,3.5,20.3
Belagavi,15.8521,74.5045,2025-09-27 12:00:00,2.0,1.9,119.0,3.0,1.4,39.0,21.0,97,3.3,20.0
Belagavi,15.8521,74.5045,2025-09-27 13:00:00,1.5,1.4,122.0,2.7,1.3,41.0,20.9,97,3.9,18.3
Belagavi,15.8521,74.5045,2025-09-27 14:00:00,1.5,1.3,125.0,2.8,1.3,41.0,21.1,96,2.8,19.0
Belagavi,15.8521,74.5045,2025-09-27 15:00:00,2.0,1.8,128.0,3.4,1.3,39.0,21.5,94,1.1,18.6
Belagavi,15.8521,74.5045,2025-09-27 16:00:00,2.2,2.0,131.0,4.3,1.3,37.0,21.5,95,0.6,17.4
Belagavi,15.8521,74.5045,2025-09-27 17:00:00,1.9,1.6,133.0,5.3,1.4,36.0,21.2,97,0.3,15.2
Belagavi,15.8521,74.5045,2025-09-27 18:00:00,1.5,1.5,134.0,5.5,1.5,35.0,20.1,96,0.8,18.4
Belagavi,15.8521,74.5045,2025-09-27 19:00:00,1.4,1.4,135.0,5.7,1.6,34.0,19.8,97,0.5,17.0
Belagavi,15.8521,74.5045,2025-09-27 20:00:00,1.5,1.5,134.0,5.7,1.7,34.0,19.8,96,0.2,17.1
Belagavi,15.8521,74.5045,2025-09-27 21:00:00,1.5,1.4,132.0,5.3,1.7,35.0,19.7,96,0.3,16.8
Belagavi,15.8521,74.5045,2025-09-27 22:00:00,1.7,1.6,129.0,4.8,1.7,37.0,19.6,97,0.3,17.1
Belagavi,15.8521,74.5045,2025-09-27 23:00:00,1.8,1.7,125.0,4.2,1.6,38.0,19.6,98,0.2,16.5
Belagavi,15.8521,74.5045,2025-09-28 00:00:00,1.4,1.3,118.0,3.6,1.5,39.0,19.9,98,0.1,16.4
Belagavi,15.8521,74.5045,2025-09-28 01:00:00,1.0,0.9,110.0,3.0,1.5,39.0,20.1,99,0.1,15.6
Belagavi,15.8521,74.5045,2025-09-28 02:00:00,0.9,0.8,105.0,2.6,1.4,40.0,20.3,99,0.1,15.1
Belagavi,15.8521,74.5045,2025-09-28 03:00:00,0.9,0.8,107.0,2.3,1.4,40.0,20.5,98,0.1,17.6
Belagavi,15.8521,74.5045,2025-09-28 04:00:00,1.0,0.9,112.0,2.2,1.4,41.0,20.6,98,0.0,17.4
Belagavi,15.8521,74.5045,2025-09-28 05:00:00,1.3,1.0,116.0,2.2,1.1,41.0,20.6,99,0.1,16.7
Belagavi,15.8521,74.5045,2025-09-28 06:00:00,1.2,1.0,118.0,2.5,1.2,42.0,20.7,98,0.2,13.5
Belagavi,15.8521,74.5045,2025-09-28 07:00:00,1.4,1.3,120.0,2.9,1.3,43.0,20.6,97,0.1,15.8
Belagavi,15.8521,74.5045,2025-09-28 08:00:00,1.2,1.1,121.0,3.0,1.4,45.0,21.5,93,0.1,21.0
Belagavi,15.8521,74.5045,2025-09-28 09:00:00,1.8,1.7,121.0,2.6,1.4,49.0,22.6,88,0.1,22.1
Belagavi,15.8521,74.5045,2025-09-28 10:00:00,2.3,2.2,120.0,1.9,1.4,53.0,22.7,87,0.0,21.8
Belagavi,15.8521,74.5045,2025-09-28 11:00:00,2.1,1.8,121.0,1.4,1.4,56.0,23.7,80,0.1,23.8
Belagavi,15.8521,74.5045,2025-09-28 12:00:00,2.5,2.2,126.0,1.4,1.4,57.0,24.1,79,0.2,23.6
Belagavi,15.8521,74.5045,2025-09-28 13:00:00,2.8,2.5,132.0,1.6,1.4,57.0,24.9,74,0.1,23.4
Belagavi,15.8521,74.5045,2025-09-28 14:00:00,3.1,2.7,136.0,1.9,1.4,56.0,24.1,78,0.1,24.2
Belagavi,15.8521,74.5045,2025-09-28 15:00:00,3.2,2.8,135.0,2.4,1.4,55.0,23.3,82,0.1,24.6
Belagavi,15.8521,74.5045,2025-09-28 16:00:00,2.1,1.9,133.0,3.1,1.4,54.0,22.0,90,0.1,20.3
Belagavi,15.8521,74.5045,2025-09-28 17:00:00,5.2,4.1,133.0,5.3,1.4,48.0,21.5,93,0.2,18.9
Belagavi,15.8521,74.5045,2025-09-28 18:00:00,3.2,2.8,140.0,5.8,1.6,46.0,21.4,92,0.0,15.7
Belagavi,15.8521,74.5045,2025-09-28 19:00:00,2.3,2.2,150.0,6.4,1.9,44.0,20.8,96,0.0,12.8
Belagavi,15.8521,74.5045,2025-09-28 20:00:00,2.3,2.2,155.0,6.9,2.1,42.0,21.0,96,0.0,11.9
Belagavi,15.8521,74.5045,2025-09-28 21:00:00,2.4,2.3,150.0,7.2,2.3,40.0,20.9,97,0.1,12.2
Belagavi,15.8521,74.5045,2025-09-28 22:00:00,2.3,2.2,140.0,7.2,2.4,39.0,20.9,97,0.0,11.3
Belagavi,15.8521,74.5045,2025-09-28 23:00:00,1.9,1.9,131.0,6.9,2.4,38.0,20.8,98,0.0,10.3
Belagavi,15.8521,74.5045,2025-09-29 00:00:00,1.0,1.0,127.0,5.8,2.2,39.0,20.6,98,0.0,10.4
Belagavi,15.8521,74.5045,2025-09-29 01:00:00,0.7,0.7,124.0,4.4,1.9,42.0,20.6,97,0.1,8.5
Belagavi,15.8521,74.5045,2025-09-29 02:00:00,0.6,0.6,121.0,3.3,1.7,44.0,20.7,98,1.3,7.1
Belagavi,15.8521,74.5045,2025-09-29 03:00:00,0.7,0.6,116.0,2.9,1.6,44.0,20.3,99,4.1,7.3
Belagavi,15.8521,74.5045,2025-09-29 04:00:00,0.6,0.5,110.0,2.9,1.6,44.0,20.2,98,0.5,11.2
Belagavi,15.8521,74.5045,2025-09-29 05:00:00,0.5,0.5,107.0,2.7,1.5,46.0,20.2,97,0.1,12.9
Belagavi,15.8521,74.5045,2025-09-29 06:00:00,0.7,0.7,110.0,2.8,1.5,47.0,21.0,98,0.2,13.6
Belagavi,15.8521,74.5045,2025-09-29 07:00:00,1.6,1.5,117.0,2.9,1.5,49.0,21.3,97,0.1,16.1
Belagavi,15.8521,74.5045,2025-09-29 08:00:00,1.9,1.7,122.0,2.8,1.5,51.0,22.0,89,0.9,15.6
Belagavi,15.8521,74.5045,2025-09-29 09:00:00,3.0,2.5,123.0,2.3,1.4,54.0,22.4,90,0.2,14.8
Belagavi,15.8521,74.5045,2025-09-29 10:00:00,4.7,3.7,122.0,1.6,1.3,57.0,22.4,90,0.6,18.3
Belagavi,15.8521,74.5045,2025-09-29 11:00:00,5.1,4.0,120.0,1.1,1.2,59.0,23.7,86,0.3,21.9
Belagavi,15.8521,74.5045,2025-09-29 12:00:00,4.2,3.5,118.0,1.0,1.2,58.0,23.4,83,1.1,22.9
Belagavi,15.8521,74.5045,2025-09-29 13:00:00,3.6,3.2,114.0,1.1,1.2,56.0,24.2,83,1.5,23.3
Belagavi,15.8521,74.5045,2025-09-29 14:00:00,3.4,2.9,113.0,1.4,1.2,53.0,23.0,85,1.0,27.9
Belagavi,15.8521,74.5045,2025-09-29 15:00:00,4.2,3.4,114.0,2.0,1.2,50.0,22.7,84,0.6,27.2
Belagavi,15.8521,74.5045,2025-09-29 16:00:00,4.2,2.8,117.0,2.8,1.2,47.0,21.7,90,1.0,26.0
Belagavi,15.8521,74.5045,2025-09-29 17:00:00,7.7,5.4,120.0,3.7,1.3,47.0,21.3,93,0.2,22.4
Belagavi,15.8521,74.5045,2025-09-29 18:00:00,7.2,4.7,122.0,3.9,1.4,46.0,20.8,95,0.1,19.9
Belagavi,15.8521,74.5045,2025-09-29 19:00:00,8.6,5.3,123.0,4.2,1.6,43.0,20.4,96,0.0,16.9
Belagavi,15.8521,74.5045,2025-09-29 20:00:00,9.4,5.5,125.0,4.4,1.7,42.0,20.4,97,0.1,13.3
Belagavi,15.8521,74.5045,2025-09-29 21:00:00,9.8,5.4,128.0,4.4,1.7,41.0,20.5,97,0.0,13.7
Belagavi,15.8521,74.5045,2025-09-29 22:00:00,9.7,5.3,130.0,4.3,1.6,42.0,20.1,98,0.0,15.5
Belagavi,15.8521,74.5045,2025-09-29 23:00:00,8.5,4.7,130.0,4.0,1.5,42.0,20.1,99,0.0,14.9
Belagavi,15.8521,74.5045,2025-09-30 00:00:00,8.1,4.5,124.0,3.4,1.2,43.0,20.3,100,0.0,15.4
Belagavi,15.8521,74.5045,2025-09-30 01:00:00,8.2,4.5,114.0,2.7,0.8,45.0,20.4,98,0.0,17.1
Belagavi,15.8521,74.5045,2025-09-30 02:00:00,13.0,5.6,109.0,2.2,0.6,46.0,19.9,98,0.0,15.7
Belagavi,15.8521,74.5045,2025-09-30 03:00:00,14.8,6.3,112.0,2.0,0.6,46.0,19.6,98,0.0,13.9
Belagavi,15.8521,74.5045,2025-09-30 04:00:00,12.5,5.7,120.0,2.0,0.7,46.0,19.5,100,0.0,13.2
Belagavi,15.8521,74.5045,2025-09-30 05:00:00,11.2,5.3,126.0,2.2,0.8,45.0,19.8,100,0.0,15.3
Belagavi,15.8521,74.5045,2025-09-30 06:00:00,12.9,5.9,129.0,2.7,1.1,44.0,20.2,99,0.0,14.2
Belagavi,15.8521,74.5045,2025-09-30 07:00:00,12.9,6.2,130.0,3.4,1.5,44.0,20.9,96,0.1,17.0
Belagavi,15.8521,74.5045,2025-09-30 08:00:00,13.9,7.2,130.0,3.7,1.8,44.0,21.4,90,0.1,20.3
Belagavi,15.8521,74.5045,2025-09-30 09:00:00,14.8,7.6,127.0,3.1,1.8,47.0,23.2,80,0.0,19.5
Belagavi,15.8521,74.5045,2025-09-30 10:00:00,14.0,7.1,122.0,2.0,1.6,50.0,24.1,75,0.1,19.6
Belagavi,15.8521,74.5045,2025-09-30 11:00:00,10.7,5.6,118.0,1.2,1.4,53.0,24.4,75,0.4,22.6
Belagavi,15.8521,74.5045,2025-09-30 12:00:00,8.3,5.0,116.0,1.0,1.3,54.0,25.4,72,0.2,22.3
Belagavi,15.8521,74.5045,2025-09-30 13:00:00,6.9,4.5,115.0,1.0,1.3,54.0,25.0,75,0.3,22.1
Belagavi,15.8521,74.5045,2025-09-30 14:00:00,4.8,3.3,115.0,1.3,1.3,53.0,24.1,80,1.0,20.9
Belagavi,15.8521,74.5045,2025-09-30 15:00:00,4.2,2.9,114.0,1.8,1.3,52.0,23.5,81,0.2,22.0
Belagavi,15.8521,74.5045,2025-09-30 16:00:00,4.9,3.4,114.0,2.5,1.3,50.0,22.3,87,0.8,22.5
Belagavi,15.8521,74.5045,2025-09-30 17:00:00,4.2,3.2,118.0,3.3,1.4,48.0,21.3,93,0.3,21.2
Belagavi,15.8521,74.5045,2025-09-30 18:00:00,5.1,3.9,132.0,3.7,1.5,46.0,20.7,97,0.2,15.9
Belagavi,15.8521,74.5045,2025-09-30 19:00:00,5.2,3.8,150.0,4.2,1.6,44.0,20.6,97,0.1,14.5
Belagavi,15.8521,74.5045,2025-09-30 20:00:00,5.7,3.8,161.0,4.5,1.7,42.0,20.2,98,0.0,13.8
Belagavi,15.8521,74.5045,2025-09-30 21:00:00,6.0,3.8,158.0,4.5,1.8,42.0,19.7,98,0.1,10.3
Belagavi,15.8521,74.5045,2025-09-30 22:00:00,7.6,4.8,148.0,4.4,1.8,43.0,19.5,98,0.0,10.5
Belagavi,15.8521,74.5045,2025-09-30 23:00:00,9.2,5.4,137.0,4.2,1.8,43.0,19.5,98,0.0,8.5
Belagavi,15.8521,74.5045,2025-10-01 00:00:00,8.4,4.8,127.0,3.9,1.6,42.0,19.7,99,0.0,8.7
Belagavi,15.8521,74.5045,2025-10-01 01:00:00,6.0,3.8,117.0,3.6,1.4,41.0,20.0,98,0.0,9.7
Belagavi,15.8521,74.5045,2025-10-01 02:00:00,4.9,3.5,110.0,3.3,1.2,41.0,20.0,99,0.0,10.4
Belagavi,15.8521,74.5045,2025-10-01 03:00:00,4.0,3.0,108.0,3.0,1.1,42.0,20.0,99,0.1,9.7
Belagavi,15.8521,74.5045,2025-10-01 04:00:00,3.0,2.3,109.0,2.6,1.1,42.0,20.1,99,0.0,9.1
Belagavi,15.8521,74.5045,2025-10-01 05:00:00,2.5,1.9,111.0,2.9,1.2,41.0,20.9,99,0.1,10.8
Belagavi,15.8521,74.5045,2025-10-01 06:00:00,2.8,2.0,115.0,3.2,1.4,41.0,21.0,98,0.1,12.4
Belagavi,15.8521,74.5045,2025-10-01 07:00:00,3.5,2.4,120.0,3.6,1.7,40.0,21.4,96,0.2,15.0
Belagavi,15.8521,74.5045,2025-10-01 08:00:00,4.4,3.3,122.0,3.6,1.9,41.0,21.7,94,0.3,18.9
Belagavi,15.8521,74.5045,2025-10-01 09:00:00,4.1,2.8,119.0,3.0,1.8,44.0,22.4,90,0.4,19.5
Belagavi,15.8521,74.5045,2025-10-01 10:00:00,4.5,3.0,113.0,2.0,1.5,47.0,23.8,81,0.3,21.3
Belagavi,15.8521,74.5045,2025-10-01 11:00:00,5.0,3.0,109.0,1.3,1.3,50.0,25.2,75,0.2,22.5
Belagavi,15.8521,74.5045,2025-10-01 12:00:00,5.9,3.3,108.0,1.0,1.3,51.0,25.1,77,0.4,25.8
Belagavi,15.8521,74.5045,2025-10-01 13:00:00,6.2,3.9,109.0,1.0,1.3,52.0,25.2,75,0.1,23.8
Belagavi,15.8521,74.5045,2025-10-01 14:00:00,6.3,3.7,111.0,1.2,1.3,52.0,24.0,78,0.5,25.9
Belagavi,15.8521,74.5045,2025-10-01 15:00:00,5.8,3.4,114.0,1.7,1.3,51.0,23.6,81,0.4,24.1
Belagavi,15.8521,74.5045,2025-10-01 16:00:00,6.3,4.2,118.0,2.4,1.3,49.0,22.5,85,0.3,21.8
Belagavi,15.8521,74.5045,2025-10-01 17:00:00,5.0,3.2,122.0,3.4,1.3,44.0,22.7,89,0.1,16.9
Belagavi,15.8521,74.5045,2025-10-01 18:00:00,3.0,2.3,128.0,4.0,1.4,42.0,21.4,93,0.2,14.3
Belagavi,15.8521,74.5045,2025-10-01 19:00:00,2.8,2.3,134.0,4.8,1.7,39.0,20.8,96,0.0,13.7
Belagavi,15.8521,74.5045,2025-10-01 20:00:00,2.6,2.2,137.0,5.5,1.8,37.0,20.3,98,0.0,11.9
Belagavi,15.8521,74.5045,2025-10-01 21:00:00,3.5,2.8,136.0,6.1,1.9,35.0,20.0,98,0.0,11.5
Belagavi,15.8521,74.5045,2025-10-01 22:00:00,4.0,3.4,132.0,6.6,1.8,33.0,19.9,98,0.0,12.8
Belagavi,15.8521,74.5045,2025-10-01 23:00:00,3.1,2.8,128.0,6.6,1.8,32.0,20.4,98,0.0,10.0
Belagavi,15.8521,74.5045,2025-10-02 00:00:00,2.0,1.8,123.0,5.9,1.7,33.0,20.7,98,0.1,9.6
Belagavi,15.8521,74.5045,2025-10-02 01:00:00,1.7,1.4,118.0,4.8,1.5,34.0,20.7,99,0.2,10.3
Belagavi,15.8521,74.5045,2025-10-02 02:00:00,1.8,1.5,115.0,3.9,1.4,35.0,20.5,98,0.1,8.6
Belagavi,15.8521,74.5045,2025-10-02 03:00:00,1.7,1.5,115.0,3.5,1.4,35.0,20.6,97,0.0,12.9
Belagavi,15.8521,74.5045,2025-10-02 04:00:00,1.5,1.3,117.0,3.3,1.4,34.0,20.3,98,0.0,11.6
Belagavi,15.8521,74.5045,2025-10-02 05:00:00,1.1,1.0,118.0,3.0,1.7,35.0,20.9,97,0.0,11.7
Belagavi,15.8521,74.5045,2025-10-02 06:00:00,1.4,1.3,118.0,3.0,1.7,35.0,20.8,98,0.1,11.8
Belagavi,15.8521,74.5045,2025-10-02 07:00:00,1.7,1.5,117.0,3.1,1.7,36.0,21.3,95,0.1,15.3
Belagavi,15.8521,74.5045,2025-10-02 08:00:00,2.5,2.0,115.0,2.9,1.7,38.0,22.1,90,0.1,18.0
Belagavi,15.8521,74.5045,2025-10-02 09:00:00,3.5,2.5,112.0,2.4,1.7,42.0,22.8,87,0.3,17.1
Belagavi,15.8521,74.5045,2025-10-02 10:00:00,4.1,2.8,109.0,1.7,1.7,47.0,23.8,81,0.2,18.5
Belagavi,15.8521,74.5045,2025-10-02 11:00:00,4.8,3.2,108.0,1.2,1.7,51.0,25.0,78,0.2,18.7
Belagavi,15.8521,74.5045,2025-10-02 12:00:00,5.5,3.5,110.0,1.0,1.5,52.0,25.4,74,0.1,20.6
Belagavi,15.8521,74.5045,2025-10-02 13:00:00,5.6,3.6,114.0,0.9,1.3,52.0,25.3,74,0.2,21.6
Belagavi,15.8521,74.5045,2025-10-02 14:00:00,5.6,3.6,117.0,1.2,1.2,51.0,25.4,69,0.2,21.8
Belagavi,15.8521,74.5045,2025-10-02 15:00:00,5.8,3.8,118.0,1.9,1.3,50.0,24.6,73,0.5,19.6
Belagavi,15.8521,74.5045,2025-10-02 16:00:00,6.1,4.2,118.0,2.8,1.6,48.0,23.3,82,0.1,18.5
Belagavi,15.8521,74.5045,2025-10-02 17:00:00,9.2,6.2,121.0,4.3,1.9,44.0,23.0,87,0.0,16.1
Belagavi,15.8521,74.5045,2025-10-02 18:00:00,9.0,6.4,131.0,4.7,2.0,42.0,22.0,93,0.0,11.8
Belagavi,15.8521,74.5045,2025-10-02 19:00:00,7.6,5.6,143.0,5.2,2.0,38.0,21.3,96,0.0,10.1
Belagavi,15.8521,74.5045,2025-10-02 20:00:00,7.2,5.3,150.0,5.4,2.0,36.0,21.1,97,0.0,10.6
Belagavi,15.8521,74.5045,2025-10-02 21:00:00,6.5,4.7,145.0,5.0,1.8,36.0,21.1,95,0.0,12.5
Belagavi,15.8521,74.5045,2025-10-02 22:00:00,5.5,4.0,134.0,4.2,1.6,37.0,20.6,97,0.0,12.0
Belagavi,15.8521,74.5045,2025-10-02 23:00:00,5.3,3.8,124.0,3.6,1.4,37.0,21.1,99,0.0,14.4
Belagavi,15.8521,74.5045,2025-10-03 00:00:00,5.4,3.8,117.0,3.2,1.2,36.0,21.1,99,0.1,14.7
Belagavi,15.8521,74.5045,2025-10-03 01:00:00,5.8,4.0,111.0,2.9,1.1,35.0,20.9,98,0.1,13.2
Belagavi,15.8521,74.5045,2025-10-03 02:00:00,5.8,4.0,109.0,2.6,1.0,34.0,20.7,98,0.0,9.5
Belagavi,15.8521,74.5045,2025-10-03 03:00:00,6.3,4.2,113.0,2.4,1.0,34.0,20.8,98,0.0,10.6
Belagavi,15.8521,74.5045,2025-10-03 04:00:00,5.8,3.9,121.0,2.3,1.0,35.0,20.8,98,0.1,11.4
Belagavi,15.8521,74.5045,2025-10-03 05:00:00,4.9,3.6,127.0,2.9,1.4,34.0,21.2,97,0.0,10.3
Belagavi,15.8521,74.5045,2025-10-03 06:00:00,4.1,3.1,128.0,3.1,1.5,34.0,21.1,97,0.1,8.9
Belagavi,15.8521,74.5045,2025-10-03 07:00:00,3.1,2.5,127.0,3.4,1.7,35.0,21.7,94,0.1,13.2
Belagavi,15.8521,74.5045,2025-10-03 08:00:00,3.1,2.5,124.0,3.4,1.8,37.0,22.3,93,0.2,12.0
Belagavi,15.8521,74.5045,2025-10-03 09:00:00,3.6,2.6,118.0,2.8,1.8,42.0,23.5,87,0.1,13.8
Belagavi,15.8521,74.5045,2025-10-03 10:00:00,4.3,3.1,109.0,1.9,1.8,47.0,24.6,79,0.2,15.4
Belagavi,15.8521,74.5045,2025-10-03 11:00:00,4.9,3.4,105.0,1.2,1.8,52.0,25.5,73,0.1,15.0
Belagavi,15.8521,74.5045,2025-10-03 12:00:00,5.5,3.7,107.0,1.0,1.8,55.0,26.4,68,0.1,15.9
Belagavi,15.8521,74.5045,2025-10-03 13:00:00,5.9,4.0,114.0,1.0,1.7,56.0,26.8,66,0.0,16.8
Belagavi,15.8521,74.5045,2025-10-03 14:00:00,6.4,4.3,119.0,1.2,1.7,56.0,26.8,66,0.0,16.9
Belagavi,15.8521,74.5045,2025-10-03 15:00:00,6.8,4.6,122.0,1.5,1.7,55.0,26.2,67,0.0,16.5
Belagavi,15.8521,74.5045,2025-10-03 16:00:00,7.0,4.7,124.0,2.0,1.7,52.0,25.2,73,0.0,16.6
Belagavi,15.8521,74.5045,2025-10-03 17:00:00,9.3,5.8,126.0,2.6,1.7,50.0,24.3,78,0.0,15.1
Belagavi,15.8521,74.5045,2025-10-03 18:00:00,9.6,6.7,129.0,5.4,2.2,43.0,22.6,87,0.0,13.1
Belagavi,15.8521,74.5045,2025-10-03 19:00:00,11.0,8.1,131.0,9.1,2.9,33.0,21.6,95,0.0,11.1
Belagavi,15.8521,74.5045,2025-10-03 20:00:00,12.8,9.7,132.0,12.0,3.3,25.0,21.1,97,0.0,11.1
Belagavi,15.8521,74.5045,2025-10-03 21:00:00,14.4,10.9,130.0,13.2,3.1,21.0,20.9,98,0.0,11.0
Belagavi,15.8521,74.5045,2025-10-03 22:00:00,16.3,12.3,126.0,13.5,2.7,20.0,20.8,98,0.0,11.9
Belagavi,15.8521,74.5045,2025-10-03 23:00:00,17.5,13.7,122.0,12.9,2.2,20.0,20.9,97,0.0,11.1
Belagavi,15.8521,74.5045,2025-10-04 00:00:00,18.0,14.0,116.0,11.0,1.7,22.0,20.4,99,0.0,9.2
Belagavi,15.8521,74.5045,2025-10-04 01:00:00,17.4,13.4,110.0,8.3,1.2,26.0,20.8,98,0.0,10.8
Belagavi,15.8521,74.5045,2025-10-04 02:00:00,16.6,12.4,106.0,6.0,0.8,30.0,20.3,97,0.0,10.2
Belagavi,15.8521,74.5045,2025-10-04 03:00:00,15.6,10.2,105.0,4.5,0.8,33.0,19.9,98,0.0,10.3
Belagavi,15.8521,74.5045,2025-10-04 04:00:00,14.4,8.7,105.0,3.5,0.9,36.0,19.9,99,0.0,8.6
Belagavi,15.8521,74.5045,2025-10-04 05:00:00,14.0,8.9,107.0,3.2,0.7,37.0,20.7,98,0.0,9.0
Belagavi,15.8521,74.5045,2025-10-04 06:00:00,12.0,8.0,110.0,3.8,1.0,37.0,20.8,99,0.0,8.1
Belagavi,15.8521,74.5045,2025-10-04 07:00:00,8.8,5.8,114.0,4.5,1.3,37.0,21.9,91,0.0,10.6
Belagavi,15.8521,74.5045,2025-10-04 08:00:00,6.7,4.8,116.0,4.7,1.6,38.0,23.2,83,0.1,12.3
Belagavi,15.8521,74.5045,2025-10-04 09:00:00,4.9,3.5,113.0,3.8,1.7,43.0,23.9,80,0.1,12.9
Belagavi,15.8521,74.5045,2025-10-04 10:00:00,5.2,3.3,107.0,2.4,1.7,49.0,25.1,77,0.1,12.0
Belagavi,15.8521,74.5045,2025-10-04 11:00:00,5.7,3.3,103.0,1.3,1.6,54.0,26.1,75,0.1,11.5
Belagavi,15.8521,74.5045,2025-10-04 12:00:00,6.4,3.8,102.0,1.0,1.5,57.0,26.5,72,0.1,13.7
Belagavi,15.8521,74.5045,2025-10-04 13:00:00,7.0,4.3,104.0,1.1,1.3,59.0,26.4,71,0.2,16.3
Belagavi,15.8521,74.5045,2025-10-04 14:00:00,6.8,4.4,106.0,1.3,1.2,59.0,26.6,68,0.0,15.6
Belagavi,15.8521,74.5045,2025-10-04 15:00:00,7.1,4.5,109.0,1.7,1.3,57.0,26.3,67,0.0,16.9
Belagavi,15.8521,74.5045,2025-10-04 16:00:00,7.3,4.4,114.0,2.2,1.5,54.0,25.1,74,0.0,17.1
Belagavi,15.8521,74.5045,2025-10-04 17:00:00,9.1,4.6,119.0,2.7,1.8,52.0,23.2,83,0.0,14.1
Belagavi,15.8521,74.5045,2025-10-04 18:00:00,8.9,5.4,126.0,4.4,2.1,46.0,22.2,89,0.0,13.0
Belagavi,15.8521,74.5045,2025-10-04 19:00:00,9.5,6.2,134.0,6.8,2.6,37.0,21.8,93,0.0,13.5
Belagavi,15.8521,74.5045,2025-10-04 20:00:00,10.1,6.7,139.0,8.5,2.8,31.0,21.4,96,0.0,12.5
Belagavi,15.8521,74.5045,2025-10-04 21:00:00,11.1,7.4,140.0,8.9,2.6,29.0,21.5,95,0.0,11.3
Belagavi,15.8521,74.5045,2025-10-04 22:00:00,12.7,8.5,139.0,8.7,2.2,28.0,20.9,98,0.0,10.8
Belagavi,15.8521,74.5045,2025-10-04 23:00:00,13.5,8.8,135.0,8.3,1.8,28.0,20.6,99,0.0,10.3
Belagavi,15.8521,74.5045,2025-10-05 00:00:00,15.1,9.7,125.0,7.7,1.4,27.0,20.5,99,0.0,9.8
Belagavi,15.8521,74.5045,2025-10-05 01:00:00,16.4,10.3,112.0,6.9,0.9,27.0,20.4,99,0.0,7.7
Belagavi,15.8521,74.5045,2025-10-05 02:00:00,17.1,10.7,106.0,6.2,0.6,27.0,20.4,97,0.0,8.9
Belagavi,15.8521,74.5045,2025-10-05 03:00:00,18.4,10.9,113.0,5.7,0.6,27.0,20.4,96,0.0,8.1
Belagavi,15.8521,74.5045,2025-10-05 04:00:00,20.5,10.9,126.0,5.3,0.7,27.0,20.1,98,0.0,7.6
Belagavi,15.8521,74.5045,2025-10-05 05:00:00,16.9,6.8,135.0,3.4,1.3,34.0,20.6,99,0.0,10.2
Belagavi,15.8521,74.5045,2025-10-05 06:00:00,20.4,7.8,134.0,3.3,1.5,37.0,20.4,99,0.0,9.0
Belagavi,15.8521,74.5045,2025-10-05 07:00:00,25.4,9.5,128.0,3.3,1.8,40.0,21.0,95,0.0,9.4
Belagavi,15.8521,74.5045,2025-10-05 08:00:00,28.9,10.7,123.0,3.0,2.0,45.0,22.5,86,0.0,10.1
Belagavi,15.8521,74.5045,2025-10-05 09:00:00,31.4,11.6,119.0,2.4,2.1,51.0,24.0,77,0.0,9.9
Belagavi,15.8521,74.5045,2025-10-05 10:00:00,31.1,11.8,115.0,1.7,2.1,57.0,24.7,72,0.1,9.8
Belagavi,15.8521,74.5045,2025-10-05 11:00:00,28.1,10.7,113.0,1.2,2.1,62.0,25.5,71,0.1,13.3
Belagavi,15.8521,74.5045,2025-10-05 12:00:00,24.6,9.8,112.0,1.0,2.0,64.0,26.1,70,0.1,12.7
Belagavi,15.8521,74.5045,2025-10-05 13:00:00,23.1,9.6,113.0,1.0,1.9,65.0,26.2,68,0.2,12.6
Belagavi,15.8521,74.5045,2025-10-05 14:00:00,22.2,9.5,114.0,1.3,1.9,65.0,26.3,65,0.0,15.2
Belagavi,15.8521,74.5045,2025-10-05 15:00:00,17.6,8.2,116.0,1.8,1.9,63.0,24.8,73,0.2,19.3
Belagavi,15.8521,74.5045,2025-10-05 16:00:00,17.5,8.8,118.0,2.5,2.0,61.0,24.2,76,0.0,17.1
Belagavi,15.8521,74.5045,2025-10-05 17:00:00,26.1,11.4,125.0,3.0,1.8,54.0,23.2,81,0.0,16.6
Belagavi,15.8521,74.5045,2025-10-05 18:00:00,24.9,11.8,139.0,5.1,2.2,47.0,22.2,86,0.0,13.3
Belagavi,15.8521,74.5045,2025-10-05 19:00:00,26.6,12.9,158.0,8.0,2.7,38.0,21.5,90,0.0,11.8
Belagavi,15.8521,74.5045,2025-10-05 20:00:00,30.0,14.6,172.0,10.2,2.9,31.0,20.7,95,0.0,9.9
Belagavi,15.8521,74.5045,2025-10-05 21:00:00,33.2,16.2,179.0,11.4,2.6,27.0,20.3,98,0.0,8.5
Belagavi,15.8521,74.5045,2025-10-05 22:00:00,36.9,18.0,183.0,11.9,2.1,25.0,20.0,98,0.0,9.3
Belagavi,15.8521,74.5045,2025-10-05 23:00:00,39.8,19.4,181.0,11.6,1.6,25.0,20.2,100,0.0,10.4
Belagavi,15.8521,74.5045,2025-10-06 00:00:00,42.1,19.6,171.0,9.9,1.1,27.0,19.8,98,0.0,11.5
Belagavi,15.8521,74.5045,2025-10-06 01:00:00,42.4,19.3,157.0,7.3,0.6,31.0,19.4,99,0.0,9.5
Belagavi,15.8521,74.5045,2025-10-06 02:00:00,49.0,18.9,146.0,5.3,0.3,34.0,18.9,100,0.0,9.6
Belagavi,15.8521,74.5045,2025-10-06 03:00:00,51.9,19.0,143.0,4.6,0.2,34.0,18.7,99,0.0,8.8
Belagavi,15.8521,74.5045,2025-10-06 04:00:00,54.8,19.2,144.0,4.6,0.3,32.0,18.8,99,0.0,8.0
Belagavi,15.8521,74.5045,2025-10-06 05:00:00,51.9,18.4,145.0,4.6,0.4,32.0,19.8,98,0.0,10.8
Belagavi,15.8521,74.5045,2025-10-06 06:00:00,62.9,20.3,146.0,4.7,0.9,37.0,19.6,98,0.0,7.3
Belagavi,15.8521,74.5045,2025-10-06 07:00:00,71.2,22.4,148.0,4.8,1.5,43.0,20.3,92,0.0,7.4
Belagavi,15.8521,74.5045,2025-10-06 08:00:00,76.8,23.3,148.0,4.5,2.0,51.0,21.9,86,0.0,5.9
Belagavi,15.8521,74.5045,2025-10-06 09:00:00,81.5,23.9,144.0,3.5,2.3,61.0,23.4,79,0.0,7.2
Belagavi,15.8521,74.5045,2025-10-06 10:00:00,73.6,22.8,137.0,2.2,2.5,71.0,24.8,71,0.0,7.8
Belagavi,15.8521,74.5045,2025-10-06 11:00:00,61.5,20.8,132.0,1.2,2.6,78.0,25.8,64,0.0,9.4
Belagavi,15.8521,74.5045,2025-10-06 12:00:00,51.5,18.9,130.0,0.9,2.4,79.0,26.4,61,0.0,10.9
Belagavi,15.8521,74.5045,2025-10-06 13:00:00,43.7,16.9,129.0,1.0,2.1,76.0,26.8,58,0.0,11.9
Belagavi,15.8521,74.5045,2025-10-06 14:00:00,38.0,15.4,129.0,1.4,1.8,72.0,26.8,57,0.0,13.7
Belagavi,15.8521,74.5045,2025-10-06 15:00:00,32.6,13.6,130.0,1.9,1.7,68.0,26.6,55,0.0,15.1
Belagavi,15.8521,74.5045,2025-10-06 16:00:00,28.9,12.5,133.0,2.6,1.8,62.0,25.4,60,0.0,15.3
Belagavi,15.8521,74.5045,2025-10-06 17:00:00,24.4,11.3,138.0,3.6,2.0,57.0,23.8,72,0.0,14.1
Belagavi,15.8521,74.5045,2025-10-06 18:00:00,22.6,11.5,149.0,5.5,2.3,50.0,22.2,80,0.0,12.9
Belagavi,15.8521,74.5045,2025-10-06 19:00:00,24.0,12.3,163.0,8.1,2.7,40.0,20.9,89,0.0,12.5
Belagavi,15.8521,74.5045,2025-10-06 20:00:00,26.1,13.0,171.0,9.8,2.9,33.0,20.2,95,0.0,12.1
Belagavi,15.8521,74.5045,2025-10-06 21:00:00,27.2,13.4,170.0,9.6,2.7,32.0,19.8,97,0.0,12.5
Belagavi,15.8521,74.5045,2025-10-06 22:00:00,27.6,12.6,163.0,8.4,2.3,33.0,19.6,97,0.0,12.3
Belagavi,15.8521,74.5045,2025-10-06 23:00:00,26.7,11.8,156.0,7.3,1.8,35.0,20.2,100,0.0,11.7
Belagavi,15.8521,74.5045,2025-10-07 00:00:00,27.5,12.5,148.0,6.5,1.3,36.0,20.3,98,0.0,11.4
Belagavi,15.8521,74.5045,2025-10-07 01:00:00,27.7,13.1,140.0,5.7,0.8,36.0,19.9,98,0.0,10.7
Belagavi,15.8521,74.5045,2025-10-07 02:00:00,27.2,13.1,136.0,5.1,0.5,36.0,19.7,100,0.0,10.9
Belagavi,15.8521,74.5045,2025-10-07 03:00:00,26.8,12.8,141.0,4.9,0.4,34.0,19.7,99,0.0,13.3
Belagavi,15.8521,74.5045,2025-10-07 04:00:00,25.6,12.4,150.0,4.9,0.5,30.0,19.8,97,0.0,11.2
Belagavi,15.8521,74.5045,2025-10-07 05:00:00,21.9,9.4,154.0,2.9,0.8,42.0,19.4,98,0.0,9.6
Belagavi,15.8521,74.5045,2025-10-07 06:00:00,21.8,9.7,149.0,3.3,1.1,43.0,19.1,99,0.0,9.1
Belagavi,15.8521,74.5045,2025-10-07 07:00:00,21.5,9.7,138.0,3.7,1.5,45.0,20.0,96,0.0,10.4
Belagavi,15.8521,74.5045,2025-10-07 08:00:00,19.3,8.7,131.0,3.8,1.8,48.0,21.8,87,0.0,11.5
Belagavi,15.8521,74.5045,2025-10-07 09:00:00,15.0,7.0,129.0,3.2,2.0,53.0,23.6,79,0.0,9.1
Belagavi,15.8521,74.5045,2025-10-07 10:00:00,12.4,6.0,130.0,2.1,2.0,59.0,25.1,71,0.1,5.6
Belagavi,15.8521,74.5045,2025-10-07 11:00:00,11.1,5.7,131.0,1.4,2.1,64.0,26.0,64,0.1,1.9
Belagavi,15.8521,74.5045,2025-10-07 12:00:00,9.6,5.0,129.0,1.1,2.2,67.0,27.1,59,0.0,2.2
Belagavi,15.8521,74.5045,2025-10-07 13:00:00,8.7,4.8,127.0,1.1,2.3,69.0,27.2,58,0.0,5.0
Belagavi,15.8521,74.5045,2025-10-07 14:00:00,7.9,4.6,127.0,1.4,2.3,69.0,27.2,58,0.0,5.5
Belagavi,15.8521,74.5045,2025-10-07 15:00:00,6.6,4.2,130.0,2.0,2.2,67.0,25.6,67,0.1,12.1
Belagavi,15.8521,74.5045,2025-10-07 16:00:00,4.6,3.4,135.0,2.9,2.1,64.0,24.4,76,0.3,11.8
Belagavi,15.8521,74.5045,2025-10-07 17:00:00,8.7,6.2,146.0,5.1,3.1,61.0,23.2,83,0.0,13.3
Belagavi,15.8521,74.5045,2025-10-07 18:00:00,8.2,6.7,167.0,6.6,3.1,53.0,22.0,91,0.0,11.7
Belagavi,15.8521,74.5045,2025-10-07 19:00:00,7.1,6.0,193.0,8.7,3.2,42.0,21.3,95,0.0,10.3
Belagavi,15.8521,74.5045,2025-10-07 20:00:00,7.7,6.8,211.0,10.9,3.2,32.0,20.9,98,0.0,9.2
Belagavi,15.8521,74.5045,2025-10-07 21:00:00,8.8,7.9,215.0,13.3,3.2,26.0,20.5,99,0.0,8.1
Belagavi,15.8521,74.5045,2025-10-07 22:00:00,11.3,10.3,211.0,15.7,3.1,21.0,20.2,99,0.0,9.1
Belagavi,15.8521,74.5045,2025-10-07 23:00:00,13.3,12.6,205.0,16.8,2.8,18.0,21.2,100,0.0,6.5
Belagavi,15.8521,74.5045,2025-10-08 00:00:00,14.3,13.6,197.0,15.7,2.2,17.0,21.2,100,0.0,7.4
Belagavi,15.8521,74.5045,2025-10-08 01:00:00,14.1,13.5,186.0,13.2,1.3,18.0,21.2,97,0.0,7.2
Belagavi,15.8521,74.5045,2025-10-08 02:00:00,13.2,12.9,177.0,10.9,0.8,20.0,20.5,99,0.0,5.0
Belagavi,15.8521,74.5045,2025-10-08 03:00:00,12.8,12.6,171.0,9.1,0.7,23.0,20.4,99,0.0,5.8
Belagavi,15.8521,74.5045,2025-10-08 04:00:00,11.4,11.2,167.0,7.4,1.0,27.0,20.1,100,0.0,6.1
Belagavi,15.8521,74.5045,2025-10-08 05:00:00,10.9,10.7,164.0,6.3,0.9,31.0,20.2,100,0.0,8.8
Belagavi,15.8521,74.5045,2025-10-08 06:00:00,10.8,10.7,161.0,6.5,1.5,33.0,20.5,100,0.0,10.0
Belagavi,15.8521,74.5045,2025-10-08 07:00:00,12.3,12.1,160.0,6.6,2.5,36.0,21.0,98,0.0,8.8
Belagavi,15.8521,74.5045,2025-10-08 08:00:00,9.7,9.3,159.0,6.3,3.2,45.0,23.0,87,0.0,8.8
Belagavi,15.8521,74.5045,2025-10-08 09:00:00,9.8,8.6,159.0,5.0,3.7,64.0,24.8,77,0.1,9.2
Belagavi,15.8521,74.5045,2025-10-08 10:00:00,12.6,9.9,160.0,3.3,4.0,87.0,25.9,70,0.1,6.9
Belagavi,15.8521,74.5045,2025-10-08 11:00:00,15.1,10.8,162.0,2.0,4.1,105.0,26.8,65,0.1,5.3
Belagavi,15.8521,74.5045,2025-10-08 12:00:00,16.2,11.1,165.0,1.5,3.9,112.0,27.4,62,0.1,4.4
Belagavi,15.8521,74.5045,2025-10-08 13:00:00,15.3,10.7,169.0,1.4,3.6,113.0,27.6,61,0.0,4.5
Belagavi,15.8521,74.5045,2025-10-08 14:00:00,14.3,10.2,171.0,1.8,3.3,111.0,27.5,61,0.1,2.6
Belagavi,15.8521,74.5045,2025-10-08 15:00:00,13.0,9.6,167.0,2.5,3.3,106.0,27.3,62,0.0,0.8
Belagavi,15.8521,74.5045,2025-10-08 16:00:00,12.1,9.4,162.0,3.7,3.4,98.0,26.3,65,0.1,8.6
Belagavi,15.8521,74.5045,2025-10-08 17:00:00,23.2,18.6,165.0,5.1,3.8,95.0,24.8,78,0.2,12.8
Belagavi,15.8521,74.5045,2025-10-08 18:00:00,21.9,18.9,183.0,7.0,4.0,84.0,23.4,86,0.0,9.8
Belagavi,15.8521,74.5045,2025-10-08 19:00:00,22.2,19.2,209.0,9.7,4.2,70.0,22.5,91,0.0,9.3
Belagavi,15.8521,74.5045,2025-10-08 20:00:00,21.3,18.6,230.0,11.7,4.3,58.0,22.1,93,0.0,10.6
Belagavi,15.8521,74.5045,2025-10-08 21:00:00,19.9,17.7,244.0,12.6,4.3,51.0,22.0,93,0.0,8.4
Belagavi,15.8521,74.5045,2025-10-08 22:00:00,19.9,17.8,254.0,12.8,4.1,48.0,21.7,94,0.0,8.7
Belagavi,15.8521,74.5045,2025-10-08 23:00:00,19.8,17.8,253.0,12.2,3.9,48.0,22.1,94,0.0,6.2
Belagavi,15.8521,74.5045,2025-10-09 00:00:00,17.9,15.9,232.0,10.3,3.5,55.0,20.9,98,1.5,1.0
Belagavi,15.8521,74.5045,2025-10-09 01:00:00,17.5,15.2,200.0,7.6,3.1,66.0,20.3,96,2.4,9.4
Belagavi,15.8521,74.5045,2025-10-09 02:00:00,18.1,15.3,179.0,5.6,2.8,74.0,20.4,96,0.4,6.7
Belagavi,15.8521,74.5045,2025-10-09 03:00:00,19.4,16.4,181.0,4.8,2.9,77.0,20.1,96,1.1,3.2
Belagavi,15.8521,74.5045,2025-10-09 04:00:00,20.4,17.2,194.0,4.7,3.1,77.0,20.1,97,2.2,2.8
Belagavi,15.8521,74.5045,2025-10-09 05:00:00,16.1,14.0,205.0,6.2,3.1,63.0,20.3,96,0.6,9.7
Belagavi,15.8521,74.5045,2025-10-09 06:00:00,16.4,14.7,210.0,6.6,3.4,63.0,20.6,97,0.0,10.7
Belagavi,15.8521,74.5045,2025-10-09 07:00:00,18.5,17.0,212.0,7.1,3.8,64.0,21.0,95,0.0,13.4
Belagavi,15.8521,74.5045,2025-10-09 08:00:00,19.8,17.5,211.0,6.9,4.3,69.0,22.0,91,0.0,10.2
Belagavi,15.8521,74.5045,2025-10-09 09:00:00,24.1,19.0,202.0,5.5,5.2,83.0,23.7,85,0.0,10.9
Belagavi,15.8521,74.5045,2025-10-09 10:00:00,31.9,20.6,189.0,3.4,6.3,101.0,25.1,78,0.0,12.6
Belagavi,15.8521,74.5045,2025-10-09 11:00:00,34.8,20.8,180.0,1.9,6.9,115.0,26.5,73,0.0,9.9
Belagavi,15.8521,74.5045,2025-10-09 12:00:00,34.3,20.5,175.0,1.2,6.4,123.0,27.4,68,0.1,7.5
Belagavi,15.8521,74.5045,2025-10-09 13:00:00,33.2,20.2,174.0,1.1,5.4,127.0,27.4,65,0.1,5.9
Belagavi,15.8521,74.5045,2025-10-09 14:00:00,33.1,20.4,180.0,1.7,4.6,127.0,27.2,65,0.1,6.1
Belagavi,15.8521,74.5045,2025-10-09 15:00:00,44.9,29.3,196.0,2.8,4.3,123.0,24.9,76,2.5,9.2
Belagavi,15.8521,74.5045,2025-10-09 16:00:00,33.1,21.1,220.0,4.6,4.2,114.0,23.0,86,0.4,7.2
Belagavi,15.8521,74.5045,2025-10-09 17:00:00,23.6,18.6,248.0,8.8,4.5,93.0,21.6,93,0.1,7.9
Belagavi,15.8521,74.5045,2025-10-09 18:00:00,25.7,20.5,284.0,15.6,5.8,78.0,21.6,96,0.0,3.4
Belagavi,15.8521,74.5045,2025-10-09 19:00:00,32.5,27.1,324.0,25.0,7.6,58.0,21.4,97,0.0,5.7
Belagavi,15.8521,74.5045,2025-10-09 20:00:00,38.6,33.5,348.0,32.9,9.4,42.0,21.3,94,0.0,4.1
Belagavi,15.8521,74.5045,2025-10-09 21:00:00,42.6,37.3,343.0,38.2,11.4,34.0,21.2,94,0.0,7.7
Belagavi,15.8521,74.5045,2025-10-09 22:00:00,46.1,40.4,322.0,42.0,13.3,30.0,21.0,95,0.0,6.8
Belagavi,15.8521,74.5045,2025-10-09 23:00:00,47.8,41.3,310.0,43.2,14.3,27.0,21.2,95,0.0,8.1
Belagavi,15.8521,74.5045,2025-10-10 00:00:00,47.0,39.7,323.0,40.3,13.4,26.0,21.3,95,0.1,2.7
Belagavi,15.8521,74.5045,2025-10-10 01:00:00,46.6,38.2,344.0,34.9,11.4,26.0,21.1,96,0.0,7.6
Belagavi,15.8521,74.5045,2025-10-10 02:00:00,47.3,37.8,353.0,30.4,10.0,27.0,20.6,97,0.0,4.5
Belagavi,15.8521,74.5045,2025-10-10 03:00:00,48.7,38.1,333.0,28.7,9.7,27.0,20.4,97,0.0,3.3
Belagavi,15.8521,74.5045,2025-10-10 04:00:00,50.4,38.4,300.0,27.9,9.9,27.0,20.1,97,0.0,3.8
Belagavi,15.8521,74.5045,2025-10-10 05:00:00,39.5,28.2,277.0,16.5,6.3,32.0,21.9,87,0.0,12.9
Belagavi,15.8521,74.5045,2025-10-10 06:00:00,43.0,29.2,277.0,15.7,7.1,41.0,22.3,78,0.0,13.0
Belagavi,15.8521,74.5045,2025-10-10 07:00:00,48.4,32.8,286.0,14.5,8.3,55.0,22.3,81,0.6,12.6
Belagavi,15.8521,74.5045,2025-10-10 08:00:00,53.0,35.2,287.0,12.6,9.2,71.0,23.4,82,0.0,10.2
Belagavi,15.8521,74.5045,2025-10-10 09:00:00,55.1,33.2,269.0,9.4,9.6,93.0,24.0,80,0.0,11.2
Belagavi,15.8521,74.5045,2025-10-10 10:00:00,55.9,32.6,243.0,5.4,9.8,117.0,25.5,73,0.0,11.1
Belagavi,15.8521,74.5045,2025-10-10 11:00:00,52.3,30.7,226.0,2.6,9.6,136.0,27.0,61,0.0,14.2
Belagavi,15.8521,74.5045,2025-10-10 12:00:00,48.3,29.3,224.0,1.4,8.9,146.0,27.3,60,0.0,13.1
Belagavi,15.8521,74.5045,2025-10-10 13:00:00,45.6,28.5,232.0,1.3,7.8,151.0,27.6,58,0.0,10.7
Belagavi,15.8521,74.5045,2025-10-10 14:00:00,44.6,28.3,245.0,2.2,6.9,150.0,27.5,58,0.0,8.9
Belagavi,15.8521,74.5045,2025-10-10 15:00:00,46.0,29.7,265.0,3.7,6.2,142.0,27.3,59,0.0,7.0
Belagavi,15.8521,74.5045,2025-10-10 16:00:00,44.0,29.2,291.0,6.1,5.7,129.0,26.9,63,0.0,3.5
Belagavi,15.8521,74.5045,2025-10-10 17:00:00,38.8,27.2,316.0,10.8,5.6,105.0,25.9,76,0.0,3.2
Belagavi,15.8521,74.5045,2025-10-10 18:00:00,44.6,33.3,339.0,19.1,7.2,88.0,24.4,79,0.0,4.5
Belagavi,15.8521,74.5045,2025-10-10 19:00:00,50.4,39.0,361.0,30.5,9.5,64.0,23.6,82,0.0,7.0
Belagavi,15.8521,74.5045,2025-10-10 20:00:00,56.6,44.7,380.0,38.5,11.0,45.0,22.2,96,0.0,10.0
Belagavi,15.8521,74.5045,2025-10-10 21:00:00,61.0,48.4,392.0,40.1,11.3,36.0,21.5,98,0.0,5.4
Belagavi,15.8521,74.5045,2025-10-10 22:00:00,64.0,50.4,401.0,38.2,10.9,33.0,21.1,98,0.1,0.7
Belagavi,15.8521,74.5045,2025-10-10 23:00:00,68.2,53.2,419.0,35.7,10.0,31.0,19.9,95,0.1,9.6
Belagavi,15.8521,74.5045,2025-10-11 00:00:00,73.3,56.9,459.0,33.4,8.5,30.0,20.2,95,0.0,1.6
Belagavi,15.8521,74.5045,2025-10-11 01:00:00,75.9,59.1,508.0,30.4,6.5,32.0,20.2,94,0.0,5.9
Belagavi,15.8521,74.5045,2025-10-11 02:00:00,64.0,50.5,542.0,26.7,5.2,35.0,20.1,95,0.0,7.6
Belagavi,15.8521,74.5045,2025-10-11 03:00:00,55.4,43.8,555.0,21.7,5.2,41.0,19.8,96,0.0,5.1
Belagavi,15.8521,74.5045,2025-10-11 04:00:00,45.9,35.6,552.0,16.0,5.8,49.0,19.9,96,0.0,8.4
Belagavi,15.8521,74.5045,2025-10-11 05:00:00,43.2,31.8,532.0,10.3,5.7,58.0,20.4,93,0.0,2.5
Belagavi,15.8521,74.5045,2025-10-11 06:00:00,45.9,33.9,484.0,9.6,6.5,67.0,19.6,96,2.0,6.3
Belagavi,15.8521,74.5045,2025-10-11 07:00:00,48.8,36.2,418.0,8.6,7.7,79.0,20.9,92,0.1,4.8
Belagavi,15.8521,74.5045,2025-10-11 08:00:00,51.9,36.0,360.0,7.3,8.4,93.0,22.8,89,0.0,4.5
Belagavi,15.8521,74.5045,2025-10-11 09:00:00,51.8,35.6,318.0,5.5,8.3,108.0,24.6,79,0.0,7.5
Belagavi,15.8521,74.5045,2025-10-11 10:00:00,45.6,32.0,283.0,3.5,7.7,124.0,26.3,63,0.1,11.4
Belagavi,15.8521,74.5045,2025-10-11 11:00:00,41.4,29.3,255.0,2.0,7.1,137.0,27.1,60,0.0,10.5
Belagavi,15.8521,74.5045,2025-10-11 12:00:00,39.3,28.2,234.0,1.3,6.7,145.0,26.9,60,0.0,10.2
Belagavi,15.8521,74.5045,2025-10-11 13:00:00,37.8,27.4,220.0,1.2,6.2,149.0,27.5,57,0.0,9.1
Belagavi,15.8521,74.5045,2025-10-11 14:00:00,37.0,27.2,217.0,1.9,5.9,148.0,27.9,54,0.0,7.3
Belagavi,15.8521,74.5045,2025-10-11 15:00:00,38.1,27.9,229.0,3.0,5.6,142.0,28.0,53,0.0,6.0
Belagavi,15.8521,74.5045,2025-10-11 16:00:00,38.4,28.5,251.0,4.8,5.3,130.0,27.8,53,0.0,4.5
Belagavi,15.8521,74.5045,2025-10-11 17:00:00,42.7,32.2,271.0,7.3,5.5,124.0,26.6,68,0.0,3.5
Belagavi,15.8521,74.5045,2025-10-11 18:00:00,46.3,36.2,284.0,13.4,6.2,105.0,24.5,73,0.1,5.6
Belagavi,15.8521,74.5045,2025-10-11 19:00:00,48.9,39.2,295.0,21.8,7.2,79.0,23.3,80,0.0,6.6
Belagavi,15.8521,74.5045,2025-10-11 20:00:00,52.4,42.4,300.0,28.3,8.3,59.0,22.4,83,0.0,6.2
Belagavi,15.8521,74.5045,2025-10-11 21:00:00,57.3,46.6,290.0,31.4,9.6,52.0,22.0,79,0.0,5.8
Belagavi,15.8521,74.5045,2025-10-11 22:00:00,61.9,50.6,276.0,32.6,11.1,51.0,21.8,75,0.0,5.7
Belagavi,15.8521,74.5045,2025-10-11 23:00:00,64.0,52.4,284.0,32.2,11.9,52.0,22.2,71,0.0,6.6
Belagavi,15.8521,74.5045,2025-10-12 00:00:00,64.5,52.5,341.0,29.7,11.7,53.0,22.2,71,0.0,7.0
Belagavi,15.8521,74.5045,2025-10-12 01:00:00,64.3,52.0,422.0,25.7,11.0,56.0,21.0,78,0.0,5.1
Belagavi,15.8521,74.5045,2025-10-12 02:00:00,63.1,51.1,476.0,22.3,10.2,57.0,20.3,82,0.0,1.3
Belagavi,15.8521,74.5045,2025-10-12 03:00:00,61.0,49.6,482.0,20.4,9.5,54.0,20.1,83,0.0,1.4
Belagavi,15.8521,74.5045,2025-10-12 04:00:00,57.9,47.7,462.0,18.9,8.9,49.0,19.9,84,0.0,5.5
Belagavi,15.8521,74.5045,2025-10-12 05:00:00,64.5,53.1,434.0,21.1,11.1,52.0,20.1,88,0.0,6.6
Belagavi,15.8521,74.5045,2025-10-12 06:00:00,61.5,50.9,400.0,18.7,10.9,60.0,20.2,86,0.0,7.4
Belagavi,15.8521,74.5045,2025-10-12 07:00:00,56.6,49.0,359.0,15.4,10.6,71.0,21.9,78,0.0,11.8
Belagavi,15.8521,74.5045,2025-10-12 08:00:00,49.6,42.4,320.0,11.9,10.1,85.0,24.0,73,0.0,12.3
Belagavi,15.8521,74.5045,2025-10-12 09:00:00,43.2,36.2,287.0,8.3,9.5,104.0,25.4,65,0.0,15.5
Belagavi,15.8521,74.5045,2025-10-12 10:00:00,39.5,32.4,257.0,4.5,8.7,126.0,26.4,61,0.0,15.4
Belagavi,15.8521,74.5045,2025-10-12 11:00:00,37.8,30.5,234.0,1.9,7.9,141.0,27.4,58,0.0,14.2
Belagavi,15.8521,74.5045,2025-10-12 12:00:00,37.4,30.2,219.0,0.9,6.9,146.0,28.1,56,0.0,13.6
Belagavi,15.8521,74.5045,2025-10-12 13:00:00,35.5,28.9,211.0,1.0,5.8,144.0,28.5,54,0.0,13.1
Belagavi,15.8521,74.5045,2025-10-12 14:00:00,34.0,28.0,210.0,1.8,5.0,140.0,28.6,52,0.0,13.0
Belagavi,15.8521,74.5045,2025-10-12 15:00:00,33.1,27.5,213.0,2.8,4.5,135.0,28.3,52,0.0,12.3
Belagavi,15.8521,74.5045,2025-10-12 16:00:00,32.2,27.1,223.0,4.6,4.2,126.0,27.6,55,0.0,11.5
Belagavi,15.8521,74.5045,2025-10-12 17:00:00,25.3,22.2,243.0,7.7,4.6,116.0,26.4,64,0.0,10.0
Belagavi,15.8521,74.5045,2025-10-12 18:00:00,28.6,25.6,281.0,13.6,5.5,101.0,24.8,67,0.0,9.9
Belagavi,15.8521,74.5045,2025-10-12 19:00:00,31.2,28.2,330.0,21.7,6.8,81.0,23.9,68,0.0,7.4
Belagavi,15.8521,74.5045,2025-10-12 20:00:00,34.0,30.9,369.0,28.0,8.0,66.0,22.8,74,0.0,5.1
Belagavi,15.8521,74.5045,2025-10-12 21:00:00,36.9,33.6,395.0,30.9,8.9,60.0,22.7,72,0.0,5.0
Belagavi,15.8521,74.5045,2025-10-12 22:00:00,38.4,35.2,412.0,31.9,9.7,59.0,22.9,69,0.0,6.5
Belagavi,15.8521,74.5045,2025-10-12 23:00:00,38.6,35.4,413.0,31.5,10.0,58.0,22.2,72,0.0,9.0
Belagavi,15.8521,74.5045,2025-10-13 00:00:00,36.6,33.6,384.0,29.1,9.4,57.0,21.9,73,0.0,7.8
Belagavi,15.8521,74.5045,2025-10-13 01:00:00,34.2,31.7,339.0,25.2,8.2,58.0,21.4,75,0.0,6.5
Belagavi,15.8521,74.5045,2025-10-13 02:00:00,32.2,30.0,314.0,21.7,7.3,58.0,20.6,78,0.0,5.8
Belagavi,15.8521,74.5045,2025-10-13 03:00:00,30.3,28.5,333.0,19.5,7.0,56.0,19.8,81,0.0,4.4
Belagavi,15.8521,74.5045,2025-10-13 04:00:00,28.6,27.0,372.0,17.7,6.9,54.0,19.4,85,0.0,6.7
Belagavi,15.8521,74.5045,2025-10-13 05:00:00,30.4,28.9,395.0,16.5,7.7,56.0,19.8,83,0.0,8.8
Belagavi,15.8521,74.5045,2025-10-13 06:00:00,29.7,28.3,388.0,14.2,8.2,65.0,19.8,83,0.0,9.2
Belagavi,15.8521,74.5045,2025-10-13 07:00:00,27.9,26.7,366.0,11.0,8.9,77.0,21.3,80,0.0,11.4
Belagavi,15.8521,74.5045,2025-10-13 08:00:00,24.2,22.7,338.0,8.1,9.3,91.0,23.6,76,0.0,10.3
Belagavi,15.8521,74.5045,2025-10-13 09:00:00,26.0,23.9,304.0,5.6,9.2,108.0,25.3,67,0.0,13.3
Belagavi,15.8521,74.5045,2025-10-13 10:00:00,26.3,23.8,264.0,3.4,8.8,127.0,26.3,62,0.0,13.1
Belagavi,15.8521,74.5045,2025-10-13 11:00:00,25.8,23.4,234.0,1.9,8.2,140.0,27.1,57,0.0,12.7
Belagavi,15.8521,74.5045,2025-10-13 12:00:00,25.5,23.1,219.0,1.2,7.4,145.0,27.7,55,0.0,12.5
Belagavi,15.8521,74.5045,2025-10-13 13:00:00,25.5,23.1,213.0,1.2,6.5,144.0,28.0,53,0.0,12.8
Belagavi,15.8521,74.5045,2025-10-13 14:00:00,25.8,23.5,213.0,1.8,5.8,141.0,28.1,53,0.0,13.6
Belagavi,15.8521,74.5045,2025-10-13 15:00:00,26.2,23.9,216.0,2.6,5.4,136.0,27.9,53,0.0,13.6
Belagavi,15.8521,74.5045,2025-10-13 16:00:00,26.7,24.6,225.0,4.0,5.2,129.0,27.3,55,0.0,12.6
Belagavi,15.8521,74.5045,2025-10-13 17:00:00,35.5,32.8,243.0,8.0,5.5,115.0,26.1,60,0.0,9.7
Belagavi,15.8521,74.5045,2025-10-13 18:00:00,37.4,34.7,278.0,13.2,6.2,101.0,24.4,64,0.0,8.8
Belagavi,15.8521,74.5045,2025-10-13 19:00:00,39.9,37.0,322.0,20.4,7.2,81.0,23.4,66,0.0,7.2
Belagavi,15.8521,74.5045,2025-10-13 20:00:00,42.5,39.3,351.0,25.3,7.8,66.0,22.7,68,0.0,7.0
Belagavi,15.8521,74.5045,2025-10-13 21:00:00,43.8,40.5,351.0,26.0,7.6,60.0,22.4,69,0.0,10.1
Belagavi,15.8521,74.5045,2025-10-13 22:00:00,41.7,38.8,336.0,24.5,6.9,59.0,21.8,72,0.0,9.1
Belagavi,15.8521,74.5045,2025-10-13 23:00:00,36.6,34.2,319.0,22.2,6.3,59.0,21.2,75,0.0,9.1
Belagavi,15.8521,74.5045,2025-10-14 00:00:00,32.1,30.2,302.0,19.1,5.8,61.0,21.2,71,0.0,10.6
Belagavi,15.8521,74.5045,2025-10-14 01:00:00,29.0,27.1,285.0,15.2,5.3,64.0,21.0,71,0.0,12.2
Belagavi,15.8521,74.5045,2025-10-14 02:00:00,26.9,24.9,277.0,12.0,5.0,67.0,20.7,74,0.0,12.6
Belagavi,15.8521,74.5045,2025-10-14 03:00:00,26.2,24.0,288.0,10.1,5.1,68.0,20.3,76,0.0,12.8
Belagavi,15.8521,74.5045,2025-10-14 04:00:00,26.8,24.3,308.0,8.9,5.5,70.0,20.0,79,0.0,12.4
Belagavi,15.8521,74.5045,2025-10-14 05:00:00,27.6,25.1,325.0,7.6,5.8,73.0,20.3,82,0.0,13.0
Belagavi,15.8521,74.5045,2025-10-14 06:00:00,29.8,27.5,334.0,7.7,6.3,76.0,20.4,84,0.0,13.6
Belagavi,15.8521,74.5045,2025-10-14 07:00:00,33.3,31.2,339.0,7.8,6.9,82.0,21.6,83,0.0,14.7
Belagavi,15.8521,74.5045,2025-10-14 08:00:00,37.5,35.4,336.0,7.3,7.3,91.0,23.4,80,0.0,14.3
Belagavi,15.8521,74.5045,2025-10-14 09:00:00,46.2,43.8,320.0,5.7,7.2,108.0,24.9,70,0.0,17.6
Belagavi,15.8521,74.5045,2025-10-14 10:00:00,46.4,44.5,297.0,3.5,6.8,128.0,26.3,63,0.0,18.4
Belagavi,15.8521,74.5045,2025-10-14 11:00:00,42.6,41.1,280.0,1.9,6.3,142.0,27.7,56,0.0,17.9
Belagavi,15.8521,74.5045,2025-10-14 12:00:00,39.3,38.2,272.0,1.3,5.7,145.0,28.6,51,0.0,15.9
Belagavi,15.8521,74.5045,2025-10-14 13:00:00,36.8,35.9,270.0,1.4,5.1,142.0,28.3,52,0.0,15.4
Belagavi,15.8521,74.5045,2025-10-14 14:00:00,35.0,34.2,274.0,2.0,4.7,137.0,28.4,53,0.1,12.6
Belagavi,15.8521,74.5045,2025-10-14 15:00:00,34.3,33.8,289.0,3.3,4.7,133.0,27.0,59,0.1,14.5
Belagavi,15.8521,74.5045,2025-10-14 16:00:00,33.8,33.3,311.0,5.3,4.9,128.0,26.0,65,0.1,10.6
Belagavi,15.8521,74.5045,2025-10-14 17:00:00,35.7,35.2,326.0,7.6,5.1,113.0,25.9,69,0.0,8.4
Belagavi,15.8521,74.5045,2025-10-14 18:00:00,37.6,37.0,325.0,12.4,5.8,98.0,24.4,74,0.0,7.3
Belagavi,15.8521,74.5045,2025-10-14 19:00:00,40.7,40.2,318.0,19.0,6.6,78.0,23.6,77,0.0,7.5
Belagavi,15.8521,74.5045,2025-10-14 20:00:00,42.8,42.4,318.0,23.4,7.2,63.0,23.6,76,0.0,10.8
Belagavi,15.8521,74.5045,2025-10-14 21:00:00,43.4,42.8,336.0,23.7,7.1,58.0,23.1,77,0.0,10.9
Belagavi,15.8521,74.5045,2025-10-14 22:00:00,42.5,42.0,361.0,21.7,6.7,59.0,22.9,77,0.0,10.6
Belagavi,15.8521,74.5045,2025-10-14 23:00:00,40.6,40.2,373.0,19.1,6.3,61.0,22.9,78,0.0,9.1
Belagavi,15.8521,74.5045,2025-10-15 00:00:00,37.5,37.0,359.0,16.0,5.9,65.0,22.3,82,0.0,9.7
Belagavi,15.8521,74.5045,2025-10-15 01:00:00,32.7,32.5,332.0,12.2,5.6,71.0,21.8,87,0.0,9.7
Belagavi,15.8521,74.5045,2025-10-15 02:00:00,29.6,29.3,310.0,9.4,5.5,75.0,21.2,91,0.0,9.8
Belagavi,15.8521,74.5045,2025-10-15 03:00:00,28.2,28.0,299.0,8.2,6.0,74.0,20.8,94,0.0,9.7
Belagavi,15.8521,74.5045,2025-10-15 04:00:00,27.1,26.9,292.0,7.9,6.7,71.0,20.5,95,0.0,11.5
Belagavi,15.8521,74.5045,2025-10-15 05:00:00,17.3,17.2,287.0,5.6,5.5,72.0,21.0,95,0.0,12.4
Belagavi,15.8521,74.5045,2025-10-15 06:00:00,13.9,13.8,286.0,5.9,5.1,70.0,20.9,96,0.0,10.8
Belagavi,15.8521,74.5045,2025-10-15 07:00:00,12.0,12.0,286.0,6.3,4.6,67.0,21.8,93,0.0,13.7
Belagavi,15.8521,74.5045,2025-10-15 08:00:00,10.8,10.8,281.0,6.1,4.2,69.0,23.0,86,0.1,14.1
Belagavi,15.8521,74.5045,2025-10-15 09:00:00,9.5,9.5,266.0,4.9,3.9,80.0,24.6,77,0.0,13.9
Belagavi,15.8521,74.5045,2025-10-15 10:00:00,8.3,8.3,245.0,3.1,3.7,96.0,26.0,69,0.0,14.8
Belagavi,15.8521,74.5045,2025-10-15 11:00:00,7.4,7.3,227.0,2.0,3.4,106.0,27.0,69,0.1,16.0
Belagavi,15.8521,74.5045,2025-10-15 12:00:00,6.7,6.7,211.0,1.9,2.8,104.0,27.7,65,0.0,15.5
Belagavi,15.8521,74.5045,2025-10-15 13:00:00,6.2,6.2,198.0,2.4,2.1,96.0,27.9,63,0.0,14.1
Belagavi,15.8521,74.5045,2025-10-15 14:00:00,6.5,6.5,192.0,3.3,1.6,89.0,26.8,66,0.1,13.9
Belagavi,15.8521,74.5045,2025-10-15 15:00:00,5.9,5.9,199.0,4.5,1.6,85.0,25.5,74,1.1,11.2
Belagavi,15.8521,74.5045,2025-10-15 16:00:00,5.9,5.9,213.0,6.1,1.9,82.0,25.1,75,0.1,6.1
Belagavi,15.8521,74.5045,2025-10-15 17:00:00,13.9,13.8,225.0,8.6,2.8,80.0,22.1,94,0.2,5.2
Belagavi,15.8521,74.5045,2025-10-15 18:00:00,16.5,16.4,231.0,11.7,3.2,71.0,22.0,95,0.1,7.0
Belagavi,15.8521,74.5045,2025-10-15 19:00:00,16.8,16.7,234.0,15.8,3.8,58.0,21.8,96,0.0,5.9
Belagavi,15.8521,74.5045,2025-10-15 20:00:00,15.9,15.8,235.0,18.5,4.1,48.0,21.6,92,0.0,11.5
Belagavi,15.8521,74.5045,2025-10-15 21:00:00,14.4,14.3,231.0,18.3,3.8,42.0,21.1,93,0.0,9.8
Belagavi,15.8521,74.5045,2025-10-15 22:00:00,13.1,13.0,225.0,16.5,3.2,38.0,21.2,91,0.0,11.5
Belagavi,15.8521,74.5045,2025-10-15 23:00:00,12.3,12.1,220.0,14.7,3.0,36.0,21.5,91,0.0,11.0
Belagavi,15.8521,74.5045,2025-10-16 00:00:00,11.8,11.7,218.0,13.3,3.4,35.0,21.6,92,0.0,10.5
Belagavi,15.8521,74.5045,2025-10-16 01:00:00,12.2,12.0,217.0,11.8,4.0,36.0,21.4,93,0.0,10.3
Belagavi,15.8521,74.5045,2025-10-16 02:00:00,13.5,13.4,216.0,10.7,4.8,37.0,21.2,94,0.0,9.5
Belagavi,15.8521,74.5045,2025-10-16 03:00:00,15.2,15.0,212.0,10.1,5.8,36.0,21.2,94,0.0,12.7
Belagavi,15.8521,74.5045,2025-10-16 04:00:00,16.6,16.5,208.0,9.9,6.9,35.0,21.2,95,0.0,13.5
Belagavi,15.8521,74.5045,2025-10-16 05:00:00,16.6,16.3,207.0,10.2,6.3,35.0,21.3,95,0.0,14.9
Belagavi,15.8521,74.5045,2025-10-16 06:00:00,19.9,19.6,213.0,9.3,5.9,43.0,21.2,95,0.0,15.9
Belagavi,15.8521,74.5045,2025-10-16 07:00:00,21.5,21.0,223.0,8.1,5.3,55.0,21.9,93,0.0,18.6
Belagavi,15.8521,74.5045,2025-10-16 08:00:00,18.4,17.9,229.0,6.7,4.7,69.0,23.3,85,0.0,20.2
Belagavi,15.8521,74.5045,2025-10-16 09:00:00,18.5,17.8,227.0,5.0,3.9,87.0,25.0,75,0.0,20.2
Belagavi,15.8521,74.5045,2025-10-16 10:00:00,19.5,18.7,220.0,3.0,3.1,107.0,26.4,60,0.0,21.4
Belagavi,15.8521,74.5045,2025-10-16 11:00:00,20.0,19.2,214.0,1.7,2.4,121.0,27.6,55,0.0,22.3
Belagavi,15.8521,74.5045,2025-10-16 12:00:00,19.7,18.9,206.0,1.2,2.1,125.0,28.5,52,0.0,23.7
Belagavi,15.8521,74.5045,2025-10-16 13:00:00,20.3,19.4,198.0,1.2,2.0,123.0,28.9,51,0.0,22.6
Belagavi,15.8521,74.5045,2025-10-16 14:00:00,21.1,20.3,199.0,1.8,2.0,120.0,29.2,49,0.0,19.6
Belagavi,15.8521,74.5045,2025-10-16 15:00:00,21.8,21.0,215.0,2.6,2.1,117.0,28.7,50,0.0,17.9
Belagavi,15.8521,74.5045,2025-10-16 16:00:00,23.1,22.3,239.0,3.9,2.4,112.0,27.8,56,0.0,14.4
Belagavi,15.8521,74.5045,2025-10-16 17:00:00,19.5,18.8,263.0,7.1,2.3,99.0,26.8,60,0.0,11.2
Belagavi,15.8521,74.5045,2025-10-16 18:00:00,22.2,21.7,281.0,13.1,3.1,86.0,25.7,62,0.0,9.9
Belagavi,15.8521,74.5045,2025-10-16 19:00:00,25.6,25.0,298.0,21.2,4.3,67.0,24.8,64,0.0,11.2
Belagavi,15.8521,74.5045,2025-10-16 20:00:00,27.8,27.2,321.0,25.7,5.0,55.0,23.6,70,0.0,6.4
Belagavi,15.8521,74.5045,2025-10-16 21:00:00,25.0,24.5,365.0,23.4,4.9,55.0,22.4,78,0.4,11.4
Belagavi,15.8521,74.5045,2025-10-16 22:00:00,23.1,22.6,414.0,17.6,4.3,62.0,20.9,92,0.0,2.4
Belagavi,15.8521,74.5045,2025-10-16 23:00:00,22.9,22.4,432.0,12.7,4.0,67.0,21.9,83,0.0,8.0
Belagavi,15.8521,74.5045,2025-10-17 00:00:00,23.3,22.8,389.0,10.6,4.4,68.0,22.2,81,0.0,11.0
Belagavi,15.8521,74.5045,2025-10-17 01:00:00,24.3,23.6,314.0,9.5,5.0,68.0,21.9,85,0.0,11.1
Belagavi,15.8521,74.5045,2025-10-17 02:00:00,25.2,24.4,258.0,8.4,5.4,69.0,21.5,89,0.0,11.6
Belagavi,15.8521,74.5045,2025-10-17 03:00:00,25.7,24.9,242.0,7.0,5.4,73.0,21.4,91,0.0,12.9
Belagavi,15.8521,74.5045,2025-10-17 04:00:00,26.0,25.1,245.0,5.7,5.2,77.0,21.2,94,0.0,14.8
Belagavi,15.8521,74.5045,2025-10-17 05:00:00,19.7,19.2,250.0,4.8,3.3,77.0,21.6,92,0.0,15.2
Belagavi,15.8521,74.5045,2025-10-17 06:00:00,18.6,18.1,254.0,5.1,3.5,79.0,21.6,93,0.0,14.4
Belagavi,15.8521,74.5045,2025-10-17 07:00:00,19.8,19.3,259.0,5.3,3.7,82.0,22.7,89,0.0,17.0
Belagavi,15.8521,74.5045,2025-10-17 08:00:00,22.2,21.4,260.0,5.2,3.8,88.0,24.1,81,0.0,18.3
Belagavi,15.8521,74.5045,2025-10-17 09:00:00,33.6,31.7,251.0,4.2,3.8,98.0,25.3,72,0.0,21.4
Belagavi,15.8521,74.5045,2025-10-17 10:00:00,24.9,23.7,237.0,2.7,3.6,110.0,26.7,61,0.0,23.3
Belagavi,15.8521,74.5045,2025-10-17 11:00:00,23.8,22.8,227.0,1.6,3.6,120.0,27.9,55,0.0,23.3
Belagavi,15.8521,74.5045,2025-10-17 12:00:00,24.6,23.6,222.0,1.2,3.7,126.0,28.6,53,0.0,23.8
Belagavi,15.8521,74.5045,2025-10-17 13:00:00,25.3,24.3,221.0,1.1,3.8,129.0,29.1,51,0.0,19.6
Belagavi,15.8521,74.5045,2025-10-17 14:00:00,25.8,25.0,226.0,1.6,4.0,131.0,28.8,51,0.0,22.1
Belagavi,15.8521,74.5045,2025-10-17 15:00:00,26.8,26.0,243.0,2.7,4.4,131.0,28.6,51,0.0,18.6
Belagavi,15.8521,74.5045,2025-10-17 16:00:00,28.3,27.5,267.0,4.2,4.9,129.0,27.4,59,0.0,13.6
Belagavi,15.8521,74.5045,2025-10-17 17:00:00,27.9,27.4,287.0,6.0,5.9,125.0,26.9,62,0.0,12.4
Belagavi,15.8521,74.5045,2025-10-17 18:00:00,30.4,29.9,300.0,7.4,6.5,119.0,25.7,65,0.0,11.4
Belagavi,15.8521,74.5045,2025-10-17 19:00:00,32.2,31.7,309.0,9.2,7.2,111.0,25.7,61,0.0,16.8
Belagavi,15.8521,74.5045,2025-10-17 20:00:00,33.5,33.1,317.0,10.3,8.0,104.0,24.9,64,0.0,16.2
Belagavi,15.8521,74.5045,2025-10-17 21:00:00,34.3,33.9,328.0,9.9,8.7,102.0,24.2,70,0.0,15.7
Belagavi,15.8521,74.5045,2025-10-17 22:00:00,34.6,34.0,338.0,8.6,9.4,102.0,23.6,75,0.0,15.9
Belagavi,15.8521,74.5045,2025-10-17 23:00:00,34.5,33.9,340.0,7.6,9.9,100.0,23.1,79,0.0,14.9
Belagavi,15.8521,74.5045,2025-10-18 00:00:00,34.3,33.8,328.0,7.1,10.1,96.0,22.9,80,0.0,15.8
Belagavi,15.8521,74.5045,2025-10-18 01:00:00,34.5,33.8,308.0,6.7,10.2,90.0,22.6,82,0.0,16.2
Belagavi,15.8521,74.5045,2025-10-18 02:00:00,34.3,33.8,292.0,6.6,10.0,84.0,22.2,83,0.0,14.9
Belagavi,15.8521,74.5045,2025-10-18 03:00:00,33.9,33.3,287.0,6.7,9.5,76.0,21.7,84,0.0,13.9
Belagavi,15.8521,74.5045,2025-10-18 04:00:00,33.3,32.6,287.0,7.1,8.8,67.0,21.5,85,0.0,14.0
Belagavi,15.8521,74.5045,2025-10-18 05:00:00,35.6,34.9,286.0,6.5,10.3,72.0,21.2,88,0.0,14.8
Belagavi,15.8521,74.5045,2025-10-18 06:00:00,35.4,34.7,282.0,6.8,10.0,74.0,21.1,89,0.0,14.8
Belagavi,15.8521,74.5045,2025-10-18 07:00:00,35.5,34.9,277.0,7.2,9.5,77.0,21.9,87,0.0,14.2
Belagavi,15.8521,74.5045,2025-10-18 08:00:00,37.3,36.3,274.0,7.0,9.0,85.0,23.4,79,0.0,16.9
Belagavi,15.8521,74.5045,2025-10-18 09:00:00,42.0,40.6,274.0,5.6,8.4,103.0,25.0,68,0.0,18.4
Belagavi,15.8521,74.5045,2025-10-18 10:00:00,42.5,41.2,275.0,3.6,7.6,127.0,26.4,57,0.0,18.8
Belagavi,15.8521,74.5045,2025-10-18 11:00:00,43.3,42.0,273.0,2.1,6.9,145.0,27.9,45,0.0,20.4
Belagavi,15.8521,74.5045,2025-10-18 12:00:00,42.3,41.1,264.0,1.4,6.2,153.0,28.5,47,0.0,18.9
Belagavi,15.8521,74.5045,2025-10-18 13:00:00,41.1,40.0,252.0,1.2,5.5,155.0,28.7,49,0.0,17.3
Belagavi,15.8521,74.5045,2025-10-18 14:00:00,39.6,38.5,249.0,1.9,5.0,152.0,28.9,48,0.1,16.2
Belagavi,15.8521,74.5045,2025-10-18 15:00:00,39.1,38.2,260.0,3.4,4.7,145.0,28.8,49,0.1,12.5
Belagavi,15.8521,74.5045,2025-10-18 16:00:00,38.8,37.8,280.0,5.9,4.6,133.0,28.5,49,0.0,10.4
Belagavi,15.8521,74.5045,2025-10-18 17:00:00,38.0,37.0,304.0,10.0,5.2,118.0,27.6,54,0.0,6.5
Belagavi,15.8521,74.5045,2025-10-18 18:00:00,42.5,41.4,333.0,17.1,6.5,103.0,25.4,59,0.0,5.7
Belagavi,15.8521,74.5045,2025-10-18 19:00:00,46.3,45.4,366.0,26.6,8.1,83.0,24.7,57,0.0,9.2
Belagavi,15.8521,74.5045,2025-10-18 20:00:00,48.8,47.7,397.0,32.5,9.2,67.0,24.4,55,0.0,7.3
Belagavi,15.8521,74.5045,2025-10-18 21:00:00,49.4,48.4,424.0,31.3,9.0,62.0,23.9,57,0.0,8.5
Belagavi,15.8521,74.5045,2025-10-18 22:00:00,47.7,46.8,449.0,26.5,8.1,61.0,23.5,59,0.0,10.8
Belagavi,15.8521,74.5045,2025-10-18 23:00:00,44.8,44.1,468.0,21.9,7.4,61.0,23.0,62,0.0,11.8
Belagavi,15.8521,74.5045,2025-10-19 00:00:00,42.5,41.8,481.0,18.8,7.1,60.0,22.5,65,0.0,10.5
Belagavi,15.8521,74.5045,2025-10-19 01:00:00,42.0,41.2,488.0,15.9,7.1,59.0,22.1,67,0.0,10.1
Belagavi,15.8521,74.5045,2025-10-19 02:00:00,42.8,41.8,487.0,13.7,7.3,59.0,21.9,69,0.0,10.1
Belagavi,15.8521,74.5045,2025-10-19 03:00:00,44.7,43.4,475.0,12.4,8.0,59.0,21.7,71,0.0,9.6
Belagavi,15.8521,74.5045,2025-10-19 04:00:00,47.0,45.6,456.0,11.6,9.0,60.0,21.6,73,0.0,10.3
Belagavi,15.8521,74.5045,2025-10-19 05:00:00,50.5,49.1,434.0,8.7,11.2,68.0,21.9,80,0.0,12.2
Belagavi,15.8521,74.5045,2025-10-19 06:00:00,51.2,49.9,410.0,8.7,11.9,69.0,22.1,80,0.0,13.5
Belagavi,15.8521,74.5045,2025-10-19 07:00:00,52.3,51.1,383.0,8.7,12.8,71.0,22.7,80,0.0,13.7
Belagavi,15.8521,74.5045,2025-10-19 08:00:00,53.9,52.6,360.0,8.1,13.1,78.0,23.8,77,0.0,15.5
Belagavi,15.8521,74.5045,2025-10-19 09:00:00,53.8,51.9,344.0,6.3,12.2,96.0,25.5,69,0.0,19.3
Belagavi,15.8521,74.5045,2025-10-19 10:00:00,52.3,50.5,332.0,4.0,10.6,120.0,26.7,63,0.0,18.4
Belagavi,15.8521,74.5045,2025-10-19 11:00:00,48.2,46.7,321.0,2.3,9.1,137.0,27.6,58,0.0,18.0
Belagavi,15.8521,74.5045,2025-10-19 12:00:00,44.4,43.0,306.0,1.5,7.8,142.0,28.0,55,0.0,16.4
Belagavi,15.8521,74.5045,2025-10-19 13:00:00,40.6,39.3,292.0,1.4,6.5,141.0,28.9,53,0.0,15.0
Belagavi,15.8521,74.5045,2025-10-19 14:00:00,38.1,36.8,289.0,2.1,5.6,138.0,29.5,52,0.0,12.4
Belagavi,15.8521,74.5045,2025-10-19 15:00:00,37.5,36.2,303.0,3.4,5.2,135.0,27.3,59,0.6,13.2
Belagavi,15.8521,74.5045,2025-10-19 16:00:00,37.7,36.6,328.0,5.6,5.2,129.0,27.0,61,0.1,5.6
Belagavi,15.8521,74.5045,2025-10-19 17:00:00,43.0,41.7,358.0,10.7,6.3,109.0,27.1,60,0.0,7.4
Belagavi,15.8521,74.5045,2025-10-19 18:00:00,47.7,46.2,390.0,16.9,7.1,92.0,25.4,68,0.0,4.0
Belagavi,15.8521,74.5045,2025-10-19 19:00:00,52.2,50.8,427.0,25.5,8.2,69.0,23.8,74,0.1,2.5
Belagavi,15.8521,74.5045,2025-10-19 20:00:00,50.6,49.6,465.0,32.2,9.2,49.0,22.8,86,0.5,7.8
Belagavi,15.8521,74.5045,2025-10-19 21:00:00,48.7,47.7,514.0,35.8,10.0,37.0,22.3,88,0.2,12.0
Belagavi,15.8521,74.5045,2025-10-19 22:00:00,51.2,50.3,565.0,37.5,10.8,29.0,21.2,94,0.0,8.7
Belagavi,15.8521,74.5045,2025-10-19 23:00:00,53.4,52.6,584.0,37.2,11.0,25.0,21.1,95,0.0,5.7
Belagavi,15.8521,74.5045,2025-10-20 00:00:00,51.3,50.4,547.0,34.0,10.4,27.0,21.3,92,0.0,8.0
Belagavi,15.8521,74.5045,2025-10-20 01:00:00,49.4,48.4,478.0,28.6,9.4,33.0,21.2,91,0.0,7.1
Belagavi,15.8521,74.5045,2025-10-20 02:00:00,46.7,45.6,420.0,23.5,8.5,39.0,21.0,92,0.0,8.4
Belagavi,15.8521,74.5045,2025-10-20 03:00:00,42.5,41.4,390.0,19.1,7.9,44.0,21.0,92,0.0,8.9
Belagavi,15.8521,74.5045,2025-10-20 04:00:00,38.2,37.1,372.0,14.9,7.5,50.0,21.1,92,0.1,10.0
Belagavi,15.8521,74.5045,2025-10-20 05:00:00,32.5,31.7,353.0,10.4,6.5,57.0,21.4,98,0.3,8.5
Belagavi,15.8521,74.5045,2025-10-20 06:00:00,30.0,29.3,330.0,9.8,6.3,61.0,21.5,97,0.0,6.8
Belagavi,15.8521,74.5045,2025-10-20 07:00:00,27.8,27.2,308.0,8.9,6.0,68.0,22.3,92,0.0,11.9
Belagavi,15.8521,74.5045,2025-10-20 08:00:00,25.4,24.7,288.0,7.7,5.4,74.0,23.5,85,0.2,15.0
Belagavi,15.8521,74.5045,2025-10-20 09:00:00,20.1,19.6,273.0,5.9,4.4,80.0,25.0,73,0.0,16.0
Belagavi,15.8521,74.5045,2025-10-20 10:00:00,13.5,13.3,261.0,3.8,3.2,86.0,26.6,65,0.0,15.0
Belagavi,15.8521,74.5045,2025-10-20 11:00:00,9.5,9.3,251.0,2.2,2.3,91.0,28.0,60,0.0,16.0
Belagavi,15.8521,74.5045,2025-10-20 12:00:00,7.4,7.3,240.0,1.3,2.0,95.0,28.6,56,0.0,15.5
Belagavi,15.8521,74.5045,2025-10-20 13:00:00,6.4,6.4,232.0,1.0,2.0,98.0,29.0,54,0.0,14.9
Belagavi,15.8521,74.5045,2025-10-20 14:00:00,6.4,6.3,231.0,1.7,2.1,98.0,29.2,52,0.0,14.9
Belagavi,15.8521,74.5045,2025-10-20 15:00:00,6.5,6.4,241.0,4.0,2.3,94.0,28.9,53,0.0,14.0
Belagavi,15.8521,74.5045,2025-10-20 16:00:00,7.1,7.0,260.0,7.3,2.7,87.0,28.0,54,0.0,13.2
Belagavi,15.8521,74.5045,2025-10-20 17:00:00,12.8,12.6,284.0,11.5,3.1,77.0,27.1,61,0.0,8.5
Belagavi,15.8521,74.5045,2025-10-20 18:00:00,16.5,16.2,326.0,15.1,3.6,68.0,25.6,65,0.0,9.5
Belagavi,15.8521,74.5045,2025-10-20 19:00:00,17.8,17.6,373.0,19.9,4.2,54.0,24.7,68,0.1,8.9
Belagavi,15.8521,74.5045,2025-10-20 20:00:00,15.9,15.8,385.0,22.7,4.5,44.0,24.0,74,0.1,8.3
Belagavi,15.8521,74.5045,2025-10-20 21:00:00,13.8,13.6,330.0,21.9,4.2,39.0,23.2,80,0.3,7.4
Belagavi,15.8521,74.5045,2025-10-20 22:00:00,12.3,12.2,240.0,19.1,3.6,36.0,22.8,83,0.1,9.5
Belagavi,15.8521,74.5045,2025-10-20 23:00:00,10.8,10.7,176.0,16.2,3.0,35.0,22.7,84,0.1,9.7
Belagavi,15.8521,74.5045,2025-10-21 00:00:00,8.8,8.6,166.0,13.6,2.6,35.0,22.2,87,0.0,11.4
Belagavi,15.8521,74.5045,2025-10-21 01:00:00,7.7,7.6,181.0,10.9,2.3,37.0,22.5,86,0.0,10.7
Belagavi,15.8521,74.5045,2025-10-21 02:00:00,7.7,7.5,195.0,8.9,2.2,38.0,22.3,87,0.0,11.6
Belagavi,15.8521,74.5045,2025-10-21 03:00:00,7.7,7.6,200.0,8.2,2.4,37.0,22.0,90,0.1,11.7
Belagavi,15.8521,74.5045,2025-10-21 04:00:00,7.8,7.6,203.0,8.3,2.9,34.0,21.6,92,0.0,12.1
Belagavi,15.8521,74.5045,2025-10-21 05:00:00,9.1,9.0,203.0,10.7,5.5,30.0,20.8,96,0.0,12.0
Belagavi,15.8521,74.5045,2025-10-21 06:00:00,8.8,8.7,198.0,9.9,6.1,31.0,21.0,96,0.0,12.1
Belagavi,15.8521,74.5045,2025-10-21 07:00:00,8.0,7.8,189.0,8.6,6.8,34.0,21.8,93,0.0,15.0
Belagavi,15.8521,74.5045,2025-10-21 08:00:00,7.4,7.2,180.0,7.2,7.0,40.0,23.3,83,0.0,18.5
Belagavi,15.8521,74.5045,2025-10-21 09:00:00,7.0,6.8,169.0,5.4,6.0,52.0,25.0,72,0.0,20.1
Belagavi,15.8521,74.5045,2025-10-21 10:00:00,6.4,6.1,157.0,3.4,4.5,68.0,26.8,62,0.0,22.4
Belagavi,15.8521,74.5045,2025-10-21 11:00:00,6.1,5.9,149.0,1.9,3.2,80.0,27.7,61,0.0,20.2
Belagavi,15.8521,74.5045,2025-10-21 12:00:00,5.8,5.5,148.0,1.1,2.5,85.0,28.5,57,0.0,18.4
Belagavi,15.8521,74.5045,2025-10-21 13:00:00,5.4,5.1,151.0,0.9,2.0,86.0,29.1,55,0.0,17.7
Belagavi,15.8521,74.5045,2025-10-21 14:00:00,4.7,4.5,157.0,1.5,1.8,85.0,29.5,54,0.0,16.1
Belagavi,15.8521,74.5045,2025-10-21 15:00:00,5.2,5.0,167.0,3.4,1.8,82.0,27.6,59,0.4,18.8
Belagavi,15.8521,74.5045,2025-10-21 16:00:00,5.7,5.5,180.0,6.1,2.1,77.0,25.3,74,0.4,11.0
Belagavi,15.8521,74.5045,2025-10-21 17:00:00,7.2,7.1,192.0,9.1,2.5,68.0,26.1,69,1.1,16.1
Belagavi,15.8521,74.5045,2025-10-21 18:00:00,8.8,8.6,201.0,11.7,3.0,61.0,22.1,93,3.8,5.1
Belagavi,15.8521,74.5045,2025-10-21 19:00:00,10.4,10.3,209.0,15.2,3.6,51.0,21.7,94,0.1,11.8
Belagavi,15.8521,74.5045,2025-10-21 20:00:00,11.3,11.2,215.0,17.3,4.1,43.0,21.8,92,0.1,8.8
Belagavi,15.8521,74.5045,2025-10-21 21:00:00,11.4,11.3,217.0,16.9,4.2,40.0,22.1,93,0.0,12.4
Belagavi,15.8521,74.5045,2025-10-21 22:00:00,10.7,10.6,218.0,15.1,4.3,39.0,22.2,92,0.0,13.8
Belagavi,15.8521,74.5045,2025-10-21 23:00:00,8.9,8.9,218.0,13.3,4.5,39.0,22.2,93,0.6,14.6
Belagavi,15.8521,74.5045,2025-10-22 00:00:00,7.5,7.5,221.0,11.8,5.1,38.0,22.2,92,0.0,16.3
Belagavi,15.8521,74.5045,2025-10-22 01:00:00,7.5,7.4,224.0,10.4,5.8,37.0,21.7,92,0.0,16.8
Belagavi,15.8521,74.5045,2025-10-22 02:00:00,7.9,7.9,224.0,9.2,6.9,37.0,21.4,94,0.0,15.8
Belagavi,15.8521,74.5045,2025-10-22 03:00:00,8.8,8.7,219.0,8.5,8.6,37.0,21.0,96,0.0,16.0
Belagavi,15.8521,74.5045,2025-10-22 04:00:00,9.3,9.3,212.0,8.1,10.6,37.0,21.1,94,0.0,17.5
Belagavi,15.8521,74.5045,2025-10-22 05:00:00,4.8,4.8,206.0,6.9,10.1,43.0,20.8,95,0.0,17.5
Belagavi,15.8521,74.5045,2025-10-22 06:00:00,5.4,5.3,203.0,7.2,9.9,42.0,21.0,95,0.0,17.5
Belagavi,15.8521,74.5045,2025-10-22 07:00:00,5.8,5.7,202.0,7.6,9.5,42.0,21.8,91,0.0,19.0
Belagavi,15.8521,74.5045,2025-10-22 08:00:00,6.4,6.3,199.0,7.4,8.7,45.0,23.3,82,0.0,22.7
Belagavi,15.8521,74.5045,2025-10-22 09:00:00,6.8,6.6,194.0,5.9,7.2,56.0,25.1,72,0.0,24.3
Belagavi,15.8521,74.5045,2025-10-22 10:00:00,6.5,6.3,187.0,3.8,5.4,70.0,26.2,65,0.0,27.6
Belagavi,15.8521,74.5045,2025-10-22 11:00:00,6.2,6.1,182.0,2.2,3.9,82.0,25.7,66,0.1,25.1
Belagavi,15.8521,74.5045,2025-10-22 12:00:00,6.8,6.6,176.0,1.5,3.2,89.0,27.5,59,0.1,25.3
Belagavi,15.8521,74.5045,2025-10-22 13:00:00,7.9,7.7,172.0,1.3,2.9,94.0,27.8,61,0.1,21.3
Belagavi,15.8521,74.5045,2025-10-22 14:00:00,6.9,6.7,176.0,1.7,2.8,96.0,28.7,59,0.0,20.1
Belagavi,15.8521,74.5045,2025-10-22 15:00:00,7.1,7.0,194.0,2.9,2.9,96.0,28.2,58,0.0,18.5
Belagavi,15.8521,74.5045,2025-10-22 16:00:00,7.6,7.5,220.0,4.8,3.2,93.0,25.5,73,0.7,16.5
Belagavi,15.8521,74.5045,2025-10-22 17:00:00,12.7,12.2,243.0,6.4,3.6,87.0,25.7,70,0.2,13.0
Belagavi,15.8521,74.5045,2025-10-22 18:00:00,13.7,13.4,262.0,8.4,4.1,80.0,22.7,84,0.0,11.4
Belagavi,15.8521,74.5045,2025-10-22 19:00:00,14.8,14.5,277.0,11.1,4.8,69.0,21.8,90,0.6,10.2
Belagavi,15.8521,74.5045,2025-10-22 20:00:00,15.1,14.8,278.0,12.8,5.4,61.0,21.8,92,0.3,13.1
Belagavi,15.8521,74.5045,2025-10-22 21:00:00,14.8,14.5,255.0,12.8,5.6,56.0,21.6,93,0.1,11.9
Belagavi,15.8521,74.5045,2025-10-22 22:00:00,14.4,14.1,218.0,11.8,5.7,53.0,21.4,93,0.0,15.2
Belagavi,15.8521,74.5045,2025-10-22 23:00:00,13.4,13.1,191.0,10.7,6.0,52.0,21.2,96,0.0,15.5
Belagavi,15.8521,74.5045,2025-10-23 00:00:00,12.7,12.4,185.0,9.7,7.1,53.0,21.1,97,0.0,16.4
Belagavi,15.8521,74.5045,2025-10-23 01:00:00,12.3,11.9,188.0,8.6,8.5,56.0,21.1,96,0.0,17.6
Belagavi,15.8521,74.5045,2025-10-23 02:00:00,11.3,11.0,192.0,7.4,9.0,58.0,21.1,96,0.0,19.0
Belagavi,15.8521,74.5045,2025-10-23 03:00:00,9.2,9.0,195.0,6.0,7.9,59.0,20.9,97,0.0,18.2
Belagavi,15.8521,74.5045,2025-10-23 04:00:00,6.5,6.3,199.0,4.6,5.9,60.0,21.0,96,0.0,19.0
Belagavi,15.8521,74.5045,2025-10-23 05:00:00,7.1,7.0,201.0,5.3,7.0,57.0,21.3,96,0.0,19.3
Belagavi,15.8521,74.5045,2025-10-23 06:00:00,4.9,4.9,199.0,6.2,6.5,54.0,21.4,95,0.1,19.3
Belagavi,15.8521,74.5045,2025-10-23 07:00:00,3.8,3.8,196.0,7.5,5.8,50.0,21.5,95,0.1,19.0
Belagavi,15.8521,74.5045,2025-10-23 08:00:00,3.3,3.3,190.0,8.1,5.2,49.0,21.7,96,0.8,18.6
Belagavi,15.8521,74.5045,2025-10-23 09:00:00,2.7,2.7,181.0,7.5,4.8,52.0,22.6,90,0.5,22.9
Belagavi,15.8521,74.5045,2025-10-23 10:00:00,3.5,3.5,170.0,6.2,4.5,58.0,24.3,81,0.3,21.5
Belagavi,15.8521,74.5045,2025-10-23 11:00:00,2.9,2.9,162.0,5.1,4.2,64.0,25.8,73,0.1,19.8
Belagavi,15.8521,74.5045,2025-10-23 12:00:00,3.1,3.1,159.0,4.1,3.8,70.0,27.0,68,0.0,19.3
Belagavi,15.8521,74.5045,2025-10-23 13:00:00,3.1,3.1,159.0,3.3,3.5,76.0,23.1,86,5.7,15.3
Belagavi,15.8521,74.5045,2025-10-23 14:00:00,3.6,3.6,165.0,3.5,3.2,79.0,24.1,84,0.2,14.7
Belagavi,15.8521,74.5045,2025-10-23 15:00:00,3.7,3.7,181.0,5.4,3.1,77.0,25.4,79,0.1,12.5
Belagavi,15.8521,74.5045,2025-10-23 16:00:00,4.0,4.0,203.0,8.4,3.1,72.0,22.8,87,4.3,20.0
Belagavi,15.8521,74.5045,2025-10-23 17:00:00,9.4,9.4,220.0,15.2,4.0,49.0,21.4,94,0.5,8.5
Belagavi,15.8521,74.5045,2025-10-23 18:00:00,10.8,10.8,230.0,16.7,4.3,45.0,21.0,98,2.1,5.1
Belagavi,15.8521,74.5045,2025-10-23 19:00:00,12.0,12.0,236.0,18.7,4.7,40.0,21.0,98,0.8,2.3
Belagavi,15.8521,74.5045,2025-10-23 20:00:00,12.6,12.5,236.0,19.7,4.9,36.0,21.1,98,0.1,6.6
Belagavi,15.8521,74.5045,2025-10-23 21:00:00,12.5,12.4,228.0,18.7,4.6,35.0,21.3,97,0.2,10.0
Belagavi,15.8521,74.5045,2025-10-23 22:00:00,12.4,12.0,215.0,16.6,4.1,36.0,20.9,98,0.1,10.9
Belagavi,15.8521,74.5045,2025-10-23 23:00:00,12.7,11.8,206.0,14.7,3.7,36.0,20.8,98,0.3,10.4
Belagavi,15.8521,74.5045,2025-10-24 00:00:00,13.0,11.8,205.0,13.4,3.4,36.0,20.9,98,0.0,11.2
Belagavi,15.8521,74.5045,2025-10-24 01:00:00,13.2,11.9,207.0,12.3,3.2,35.0,20.5,98,0.1,12.0
Belagavi,15.8521,74.5045,2025-10-24 02:00:00,13.0,11.7,209.0,11.2,3.1,35.0,20.4,98,0.0,12.0
Belagavi,15.8521,74.5045,2025-10-24 03:00:00,12.7,11.4,207.0,10.2,3.0,36.0,20.0,99,0.0,11.0
Belagavi,15.8521,74.5045,2025-10-24 04:00:00,12.3,11.1,205.0,9.2,3.1,37.0,19.8,99,0.0,11.1
Belagavi,15.8521,74.5045,2025-10-24 05:00:00,12.5,11.2,206.0,9.5,3.4,35.0,20.5,97,0.0,12.1
Belagavi,15.8521,74.5045,2025-10-24 06:00:00,11.6,10.4,217.0,9.0,3.3,40.0,20.5,95,0.0,13.0
Belagavi,15.8521,74.5045,2025-10-24 07:00:00,11.4,10.7,232.0,8.2,3.2,46.0,21.0,93,0.0,14.6
Belagavi,15.8521,74.5045,2025-10-24 08:00:00,8.3,7.7,239.0,7.1,3.0,52.0,21.5,90,0.0,15.8
Belagavi,15.8521,74.5045,2025-10-24 09:00:00,6.5,6.2,231.0,5.4,2.5,57.0,22.5,87,0.2,17.5
Belagavi,15.8521,74.5045,2025-10-24 10:00:00,4.0,3.8,216.0,3.4,1.9,61.0,23.4,82,0.2,19.7
Belagavi,15.8521,74.5045,2025-10-24 11:00:00,3.1,2.9,201.0,2.0,1.5,65.0,23.4,84,0.2,18.7
Belagavi,15.8521,74.5045,2025-10-24 12:00:00,2.4,2.3,187.0,1.4,1.4,68.0,24.9,76,0.2,19.5
Belagavi,15.8521,74.5045,2025-10-24 13:00:00,2.2,2.2,174.0,1.3,1.4,70.0,22.6,87,3.6,19.3
Belagavi,15.8521,74.5045,2025-10-24 14:00:00,2.1,2.1,168.0,1.8,1.5,69.0,23.4,87,0.5,16.6
Belagavi,15.8521,74.5045,2025-10-24 15:00:00,1.4,1.4,173.0,3.2,1.5,64.0,24.6,76,0.1,18.2
Belagavi,15.8521,74.5045,2025-10-24 16:00:00,1.5,1.5,185.0,5.3,1.4,57.0,23.2,82,0.1,16.5
Belagavi,15.8521,74.5045,2025-10-24 17:00:00,3.2,3.1,195.0,6.0,1.5,56.0,22.5,88,0.1,10.2
Belagavi,15.8521,74.5045,2025-10-24 18:00:00,4.2,4.1,199.0,6.6,1.7,53.0,21.5,94,0.2,13.7
Belagavi,15.8521,74.5045,2025-10-24 19:00:00,3.8,3.6,201.0,7.4,2.0,50.0,21.3,95,0.1,12.8
Belagavi,15.8521,74.5045,2025-10-24 20:00:00,3.4,3.3,202.0,7.8,2.1,47.0,20.9,98,0.1,14.9
Belagavi,15.8521,74.5045,2025-10-24 21:00:00,3.2,3.1,202.0,7.3,2.0,47.0,20.8,99,0.1,16.3
Belagavi,15.8521,74.5045,2025-10-24 22:00:00,2.8,2.8,200.0,6.4,1.9,48.0,20.7,98,0.0,16.9
Belagavi,15.8521,74.5045,2025-10-24 23:00:00,2.4,2.3,198.0,5.5,1.7,49.0,20.3,99,0.0,16.7
Belagavi,15.8521,74.5045,2025-10-25 00:00:00,1.9,1.9,194.0,4.7,1.6,49.0,20.5,99,0.4,17.3
Belagavi,15.8521,74.5045,2025-10-25 01:00:00,1.6,1.6,189.0,4.0,1.4,50.0,20.6,100,0.7,13.3
Belagavi,15.8521,74.5045,2025-10-25 02:00:00,1.4,1.3,185.0,3.5,1.3,50.0,20.6,98,0.3,16.3
Belagavi,15.8521,74.5045,2025-10-25 03:00:00,1.3,1.2,184.0,3.2,1.3,50.0,20.4,99,0.0,16.0
Belagavi,15.8521,74.5045,2025-10-25 04:00:00,1.1,1.0,183.0,3.1,1.3,50.0,20.4,100,0.0,16.9
Belagavi,15.8521,74.5045,2025-10-25 05:00:00,1.2,1.1,184.0,3.1,1.7,50.0,20.4,99,0.2,10.7
Belagavi,15.8521,74.5045,2025-10-25 06:00:00,1.5,1.4,186.0,3.9,1.8,50.0,20.3,99,0.0,9.8
Belagavi,15.8521,74.5045,2025-10-25 07:00:00,1.6,1.5,189.0,4.9,1.9,50.0,20.6,98,0.0,14.5
Belagavi,15.8521,74.5045,2025-10-25 08:00:00,1.6,1.6,189.0,5.2,1.9,53.0,21.6,93,0.1,15.8
Belagavi,15.8521,74.5045,2025-10-25 09:00:00,2.0,1.8,184.0,4.2,1.8,61.0,22.6,90,0.1,15.8
Belagavi,15.8521,74.5045,2025-10-25 10:00:00,3.8,3.2,175.0,2.5,1.6,71.0,24.2,81,0.2,17.8
Belagavi,15.8521,74.5045,2025-10-25 11:00:00,5.6,4.4,167.0,1.3,1.4,77.0,23.3,82,2.4,18.9
Belagavi,15.8521,74.5045,2025-10-25 12:00:00,5.5,4.3,158.0,1.1,1.3,77.0,23.1,82,0.1,16.4
Belagavi,15.8521,74.5045,2025-10-25 13:00:00,4.6,3.7,148.0,1.3,1.1,74.0,24.0,75,0.0,16.9
Belagavi,15.8521,74.5045,2025-10-25 14:00:00,4.8,4.0,143.0,2.0,1.1,70.0,25.6,73,0.1,20.8
Belagavi,15.8521,74.5045,2025-10-25 15:00:00,4.8,4.0,145.0,3.3,1.2,67.0,25.2,67,0.0,18.6
Belagavi,15.8521,74.5045,2025-10-25 16:00:00,4.8,4.1,152.0,5.0,1.4,63.0,25.0,64,0.0,14.8
Belagavi,15.8521,74.5045,2025-10-25 17:00:00,10.5,8.4,163.0,6.1,2.0,64.0,24.3,73,0.0,13.8
Belagavi,15.8521,74.5045,2025-10-25 18:00:00,10.0,8.5,182.0,6.3,2.1,61.0,22.5,84,0.0,12.4
Belagavi,15.8521,74.5045,2025-10-25 19:00:00,9.3,7.8,204.0,6.6,2.2,56.0,21.7,91,0.0,10.7
Belagavi,15.8521,74.5045,2025-10-25 20:00:00,8.1,6.8,214.0,6.6,2.2,52.0,21.4,94,0.0,11.9
Belagavi,15.8521,74.5045,2025-10-25 21:00:00,6.7,5.6,202.0,6.1,2.0,50.0,21.1,96,0.0,13.5
Belagavi,15.8521,74.5045,2025-10-25 22:00:00,5.4,4.6,179.0,5.2,1.8,49.0,21.1,98,0.0,13.6
Belagavi,15.8521,74.5045,2025-10-25 23:00:00,4.4,3.7,157.0,4.4,1.5,48.0,20.9,98,0.3,15.3
Belagavi,15.8521,74.5045,2025-10-26 00:00:00,3.9,3.2,139.0,3.5,1.3,49.0,20.9,98,0.1,15.5
Belagavi,15.8521,74.5045,2025-10-26 01:00:00,3.9,3.1,123.0,2.7,1.0,50.0,20.8,98,1.3,15.3
Belagavi,15.8521,74.5045,2025-10-26 02:00:00,3.7,2.9,115.0,2.1,0.9,50.0,20.7,98,1.8,12.5
Belagavi,15.8521,74.5045,2025-10-26 03:00:00,3.9,3.1,119.0,2.0,0.9,48.0,20.6,98,0.7,13.7
Belagavi,15.8521,74.5045,2025-10-26 04:00:00,4.4,3.4,131.0,2.3,1.1,46.0,20.6,98,0.7,15.3
Belagavi,15.8521,74.5045,2025-10-26 05:00:00,2.1,1.8,142.0,3.5,1.5,38.0,20.6,98,0.2,15.8
Belagavi,15.8521,74.5045,2025-10-26 06:00:00,2.6,2.3,152.0,4.1,1.7,39.0,20.6,98,0.1,15.8
Belagavi,15.8521,74.5045,2025-10-26 07:00:00,4.4,3.8,161.0,4.9,1.9,40.0,20.9,97,0.1,17.7
Belagavi,15.8521,74.5045,2025-10-26 08:00:00,5.2,4.2,164.0,5.2,2.0,42.0,21.4,93,0.2,21.8
Belagavi,15.8521,74.5045,2025-10-26 09:00:00,5.9,4.6,155.0,4.4,1.7,46.0,22.3,90,0.4,21.1
Belagavi,15.8521,74.5045,2025-10-26 10:00:00,5.8,4.5,140.0,3.0,1.3,51.0,24.1,83,0.2,19.2
Belagavi,15.8521,74.5045,2025-10-26 11:00:00,3.8,3.0,129.0,2.0,1.0,55.0,25.3,75,0.1,21.6
Belagavi,15.8521,74.5045,2025-10-26 12:00:00,3.5,3.0,126.0,1.6,1.1,58.0,23.4,84,4.6,22.4
Belagavi,15.8521,74.5045,2025-10-26 13:00:00,3.9,3.3,129.0,1.6,1.3,61.0,24.6,84,1.6,15.5
Belagavi,15.8521,74.5045,2025-10-26 14:00:00,4.4,3.7,136.0,1.9,1.5,61.0,24.1,86,2.0,18.7
Belagavi,15.8521,74.5045,2025-10-26 15:00:00,3.9,3.4,153.0,2.8,1.5,59.0,23.2,87,1.9,13.6
Belagavi,15.8521,74.5045,2025-10-26 16:00:00,3.8,3.3,176.0,4.1,1.5,54.0,22.8,86,1.0,19.2
Belagavi,15.8521,74.5045,2025-10-26 17:00:00,8.1,6.7,191.0,6.6,1.8,53.0,22.3,90,0.2,11.5
Belagavi,15.8521,74.5045,2025-10-26 18:00:00,8.3,7.1,191.0,7.7,2.1,49.0,21.6,94,0.0,11.1
Belagavi,15.8521,74.5045,2025-10-26 19:00:00,9.2,7.9,184.0,9.3,2.4,43.0,21.3,96,0.1,15.2
Belagavi,15.8521,74.5045,2025-10-26 20:00:00,8.8,7.7,174.0,10.3,2.7,39.0,20.5,98,0.3,12.8
Belagavi,15.8521,74.5045,2025-10-26 21:00:00,8.6,7.6,163.0,10.5,2.8,37.0,20.2,98,2.0,14.1
Belagavi,15.8521,74.5045,2025-10-26 22:00:00,8.4,7.4,151.0,10.3,2.8,36.0,20.3,98,1.2,13.7
Belagavi,15.8521,74.5045,2025-10-26 23:00:00,7.4,6.5,141.0,9.4,2.7,36.0,20.1,99,0.7,12.4
Belagavi,15.8521,74.5045,2025-10-27 00:00:00,6.1,5.1,135.0,7.6,2.3,39.0,20.1,99,0.7,12.0
Belagavi,15.8521,74.5045,2025-10-27 01:00:00,5.8,4.6,131.0,5.1,1.7,44.0,20.2,100,0.7,17.7
Belagavi,15.8521,74.5045,2025-10-27 02:00:00,5.7,4.5,130.0,3.3,1.2,47.0,20.0,100,6.0,12.9
Belagavi,15.8521,74.5045,2025-10-27 03:00:00,3.9,3.2,132.0,2.6,1.0,48.0,20.0,100,0.6,13.3
Belagavi,15.8521,74.5045,2025-10-27 04:00:00,2.9,2.5,136.0,2.5,0.9,48.0,20.0,100,0.5,18.3
Belagavi,15.8521,74.5045,2025-10-27 05:00:00,2.9,2.8,142.0,4.7,1.2,33.0,20.2,100,0.0,18.1
Belagavi,15.8521,74.5045,2025-10-27 06:00:00,2.0,2.0,150.0,4.6,1.3,35.0,20.2,100,0.0,16.2
Belagavi,15.8521,74.5045,2025-10-27 07:00:00,1.4,1.4,159.0,4.5,1.4,39.0,20.6,98,0.0,18.4
Belagavi,15.8521,74.5045,2025-10-27 08:00:00,1.3,1.2,166.0,4.2,1.5,42.0,21.3,94,0.0,22.1
Belagavi,15.8521,74.5045,2025-10-27 09:00:00,1.3,1.3,168.0,3.4,1.5,46.0,23.3,86,0.3,22.4
Belagavi,15.8521,74.5045,2025-10-27 10:00:00,1.3,1.3,168.0,2.3,1.4,50.0,23.6,83,0.2,22.7
Belagavi,15.8521,74.5045,2025-10-27 11:00:00,1.3,1.3,168.0,1.7,1.4,53.0,25.2,75,0.1,20.3
Belagavi,15.8521,74.5045,2025-10-27 12:00:00,2.0,1.9,169.0,1.7,1.4,56.0,25.4,73,0.0,17.8
Belagavi,15.8521,74.5045,2025-10-27 13:00:00,3.0,2.9,170.0,2.2,1.4,58.0,25.9,71,0.0,18.1
Belagavi,15.8521,74.5045,2025-10-27 14:00:00,3.7,3.6,176.0,2.9,1.5,60.0,24.7,73,0.4,19.2
Belagavi,15.8521,74.5045,2025-10-27 15:00:00,4.8,4.7,189.0,4.0,1.6,62.0,22.8,85,0.5,16.1
Belagavi,15.8521,74.5045,2025-10-27 16:00:00,6.0,5.8,206.0,5.5,1.7,63.0,23.3,84,0.2,15.3
Belagavi,15.8521,74.5045,2025-10-27 17:00:00,13.1,12.4,220.0,3.5,1.7,72.0,21.9,93,0.1,13.1
Belagavi,15.8521,74.5045,2025-10-27 18:00:00,12.7,12.1,230.0,4.6,1.8,67.0,21.4,95,0.0,13.5
Belagavi,15.8521,74.5045,2025-10-27 19:00:00,10.8,10.3,238.0,6.1,1.9,60.0,21.1,97,0.0,11.7
Belagavi,15.8521,74.5045,2025-10-27 20:00:00,9.1,8.8,241.0,6.9,1.9,56.0,20.9,98,0.0,10.6
Belagavi,15.8521,74.5045,2025-10-27 21:00:00,7.6,7.3,238.0,6.2,1.6,57.0,20.9,98,0.0,9.2
Belagavi,15.8521,74.5045,2025-10-27 22:00:00,8.8,8.3,230.0,4.8,1.1,60.0,20.9,98,0.0,9.2
Belagavi,15.8521,74.5045,2025-10-27 23:00:00,12.0,10.9,222.0,3.8,0.7,62.0,21.3,98,0.0,11.8
Belagavi,15.8521,74.5045,2025-10-28 00:00:00,12.3,11.2,213.0,3.6,0.6,59.0,21.4,96,0.0,12.8
Belagavi,15.8521,74.5045,2025-10-28 01:00:00,13.4,12.2,204.0,3.7,0.7,54.0,21.2,96,0.0,12.5
Belagavi,15.8521,74.5045,2025-10-28 02:00:00,14.1,12.8,198.0,3.8,0.8,51.0,20.9,97,0.0,11.4
Belagavi,15.8521,74.5045,2025-10-28 03:00:00,14.9,13.4,198.0,3.6,0.8,50.0,20.6,97,0.0,11.2
Belagavi,15.8521,74.5045,2025-10-28 04:00:00,15.3,13.6,202.0,3.3,0.8,51.0,20.4,98,0.0,9.4
Belagavi,15.8521,74.5045,2025-10-28 05:00:00,14.8,13.2,206.0,2.8,0.9,57.0,20.3,98,0.0,11.2
Belagavi,15.8521,74.5045,2025-10-28 06:00:00,15.5,13.9,211.0,3.3,1.1,58.0,20.2,98,0.0,11.0
Belagavi,15.8521,74.5045,2025-10-28 07:00:00,17.1,15.2,217.0,4.0,1.5,61.0,21.1,93,0.0,13.2
Belagavi,15.8521,74.5045,2025-10-28 08:00:00,16.5,14.8,218.0,4.2,1.7,64.0,22.2,88,0.0,13.1
Belagavi,15.8521,74.5045,2025-10-28 09:00:00,15.5,13.8,209.0,3.5,1.8,70.0,23.6,80,0.0,19.7
Belagavi,15.8521,74.5045,2025-10-28 10:00:00,15.0,13.4,195.0,2.2,1.8,76.0,23.9,78,0.0,18.2
Belagavi,15.8521,74.5045,2025-10-28 11:00:00,13.8,12.3,185.0,1.4,1.8,81.0,25.3,72,0.1,19.2
Belagavi,15.8521,74.5045,2025-10-28 12:00:00,13.0,11.6,181.0,1.2,1.7,82.0,25.8,67,0.0,18.2
Belagavi,15.8521,74.5045,2025-10-28 13:00:00,13.4,12.0,181.0,1.3,1.5,81.0,25.8,66,0.0,18.7
Belagavi,15.8521,74.5045,2025-10-28 14:00:00,12.7,11.8,183.0,1.9,1.4,79.0,25.7,67,0.0,16.2
Belagavi,15.8521,74.5045,2025-10-28 15:00:00,12.5,11.7,187.0,3.2,1.5,74.0,24.9,72,0.1,19.4
Belagavi,15.8521,74.5045,2025-10-28 16:00:00,12.2,11.4,194.0,4.9,1.7,68.0,23.7,79,0.0,18.6
Belagavi,15.8521,74.5045,2025-10-28 17:00:00,17.1,15.4,202.0,5.8,2.0,68.0,22.9,85,0.0,15.1
Belagavi,15.8521,74.5045,2025-10-28 18:00:00,17.9,16.2,214.0,6.7,2.3,64.0,21.8,90,0.0,13.3
Belagavi,15.8521,74.5045,2025-10-28 19:00:00,19.8,17.8,226.0,7.9,2.6,59.0,21.3,90,0.0,13.7
Belagavi,15.8521,74.5045,2025-10-28 20:00:00,20.8,18.6,234.0,8.3,2.7,56.0,21.0,90,0.0,15.0
Belagavi,15.8521,74.5045,2025-10-28 21:00:00,21.0,18.6,232.0,7.3,2.2,57.0,20.9,91,0.0,12.5
Belagavi,15.8521,74.5045,2025-10-28 22:00:00,21.1,18.6,225.0,5.6,1.4,61.0,20.6,90,0.0,13.5
Belagavi,15.8521,74.5045,2025-10-28 23:00:00,22.3,19.7,217.0,4.2,0.8,63.0,20.9,86,0.0,13.3
Belagavi,15.8521,74.5045,2025-10-29 00:00:00,22.8,20.0,207.0,3.5,0.6,63.0,21.0,90,0.0,15.1
Belagavi,15.8521,74.5045,2025-10-29 01:00:00,22.9,19.7,195.0,3.0,0.6,62.0,20.4,95,0.0,13.2
Belagavi,15.8521,74.5045,2025-10-29 02:00:00,22.7,19.3,187.0,2.7,0.6,62.0,20.2,96,0.0,10.4
Belagavi,15.8521,74.5045,2025-10-29 03:00:00,22.0,18.5,186.0,2.6,0.7,62.0,20.1,97,0.1,9.0
Belagavi,15.8521,74.5045,2025-10-29 04:00:00,20.4,17.2,190.0,2.6,0.8,62.0,20.1,97,0.0,9.9
Belagavi,15.8521,74.5045,2025-10-29 05:00:00,22.6,18.9,193.0,3.0,1.3,62.0,19.2,97,0.0,6.2
Belagavi,15.8521,74.5045,2025-10-29 06:00:00,24.4,20.2,195.0,3.6,1.6,65.0,19.8,96,0.0,7.2
Belagavi,15.8521,74.5045,2025-10-29 07:00:00,25.8,21.2,196.0,4.3,2.0,68.0,21.0,93,0.0,11.7
Belagavi,15.8521,74.5045,2025-10-29 08:00:00,21.7,18.0,196.0,4.5,2.2,73.0,21.9,89,0.1,15.8
Belagavi,15.8521,74.5045,2025-10-29 09:00:00,19.2,15.9,193.0,3.7,2.0,79.0,22.8,84,0.2,18.2
Belagavi,15.8521,74.5045,2025-10-29 10:00:00,14.3,12.1,189.0,2.5,1.6,86.0,23.5,81,0.1,20.0
Belagavi,15.8521,74.5045,2025-10-29 11:00:00,9.7,8.4,187.0,1.6,1.3,90.0,23.4,80,0.1,19.5
Belagavi,15.8521,74.5045,2025-10-29 12:00:00,7.9,7.0,190.0,1.3,1.3,91.0,24.4,78,0.3,19.2
Belagavi,15.8521,74.5045,2025-10-29 13:00:00,7.5,6.8,195.0,1.4,1.4,89.0,25.6,69,0.1,19.0
Belagavi,15.8521,74.5045,2025-10-29 14:00:00,7.6,6.9,200.0,1.8,1.5,87.0,26.2,66,0.1,18.2
Belagavi,15.8521,74.5045,2025-10-29 15:00:00,8.2,7.4,205.0,2.7,1.5,84.0,24.4,76,0.5,23.9
Belagavi,15.8521,74.5045,2025-10-29 16:00:00,7.7,7.1,210.0,3.9,1.4,80.0,22.9,85,1.8,19.5
Belagavi,15.8521,74.5045,2025-10-29 17:00:00,3.6,3.5,213.0,4.5,1.4,81.0,22.0,92,2.0,15.5
Belagavi,15.8521,74.5045,2025-10-29 18:00:00,3.9,3.8,214.0,4.3,1.5,81.0,21.1,97,0.2,13.0
Belagavi,15.8521,74.5045,2025-10-29 19:00:00,3.9,3.8,213.0,4.1,1.6,82.0,21.2,98,0.2,14.6
Belagavi,15.8521,74.5045,2025-10-29 20:00:00,2.8,2.7,212.0,3.8,1.6,82.0,21.1,97,0.8,19.8
Belagavi,15.8521,74.5045,2025-10-29 21:00:00,1.9,1.9,213.0,3.5,1.5,82.0,21.1,96,0.1,17.7
Belagavi,15.8521,74.5045,2025-10-29 22:00:00,1.9,1.8,213.0,3.1,1.3,82.0,20.8,98,0.1,16.8
Belagavi,15.8521,74.5045,2025-10-29 23:00:00,2.3,2.2,211.0,2.7,1.1,81.0,20.3,96,0.1,17.3
Belagavi,15.8521,74.5045,2025-10-30 00:00:00,3.3,3.0,203.0,2.3,0.9,80.0,20.3,98,0.1,18.2
Belagavi,15.8521,74.5045,2025-10-30 01:00:00,3.9,3.5,192.0,1.9,0.8,79.0,20.4,96,0.1,19.3
Belagavi,15.8521,74.5045,2025-10-30 02:00:00,3.5,3.2,184.0,1.7,0.7,78.0,19.9,97,0.0,17.4
Belagavi,15.8521,74.5045,2025-10-30 03:00:00,2.3,2.1,181.0,1.6,0.6,77.0,19.8,97,0.0,18.2
Belagavi,15.8521,74.5045,2025-10-30 04:00:00,2.4,2.2,182.0,1.7,0.6,76.0,19.6,96,0.0,17.9
Belagavi,15.8521,74.5045,2025-10-30 05:00:00,3.7,3.4,182.0,1.6,0.8,82.0,19.7,95,0.0,16.5
Belagavi,15.8521,74.5045,2025-10-30 06:00:00,3.6,3.3,183.0,2.1,0.9,81.0,19.7,96,0.0,16.0
Belagavi,15.8521,74.5045,2025-10-30 07:00:00,5.1,4.4,184.0,2.7,1.0,80.0,20.3,94,0.0,17.5
Belagavi,15.8521,74.5045,2025-10-30 08:00:00,8.8,7.5,182.0,3.0,1.1,80.0,21.8,86,0.1,22.0
Belagavi,15.8521,74.5045,2025-10-30 09:00:00,11.8,10.2,176.0,2.5,1.2,82.0,23.0,78,0.0,22.6
Belagavi,15.8521,74.5045,2025-10-30 10:00:00,15.1,12.5,167.0,1.7,1.3,85.0,23.7,74,0.1,25.8
Belagavi,15.8521,74.5045,2025-10-30 11:00:00,14.3,11.7,160.0,1.0,1.3,87.0,25.0,67,0.0,22.2
Belagavi,15.8521,74.5045,2025-10-30 12:00:00,13.7,11.1,154.0,0.8,1.2,86.0,25.5,60,0.0,23.8
Belagavi,15.8521,74.5045,2025-10-30 13:00:00,12.9,10.3,150.0,0.7,1.1,85.0,25.3,60,0.0,24.7
Belagavi,15.8521,74.5045,2025-10-30 14:00:00,13.0,10.2,149.0,0.9,1.0,82.0,25.0,66,0.0,22.5
Belagavi,15.8521,74.5045,2025-10-30 15:00:00,13.2,10.3,154.0,1.4,1.0,79.0,24.8,66,0.0,25.1
Belagavi,15.8521,74.5045,2025-10-30 16:00:00,13.6,10.5,162.0,2.0,1.1,75.0,23.7,70,0.0,25.7
Belagavi,15.8521,74.5045,2025-10-30 17:00:00,15.1,12.6,170.0,3.1,1.3,72.0,23.0,75,0.0,16.6
Belagavi,15.8521,74.5045,2025-10-30 18:00:00,15.0,12.5,178.0,3.5,1.5,70.0,21.5,86,0.0,14.7
Belagavi,15.8521,74.5045,2025-10-30 19:00:00,15.7,12.7,185.0,4.0,1.8,67.0,21.2,90,0.0,15.4
Belagavi,15.8521,74.5045,2025-10-30 20:00:00,15.5,12.5,188.0,4.3,1.9,64.0,20.8,94,0.0,16.4
Belagavi,15.8521,74.5045,2025-10-30 21:00:00,14.6,11.8,182.0,4.2,1.7,62.0,20.7,94,0.1,18.4
Belagavi,15.8521,74.5045,2025-10-30 22:00:00,12.5,10.3,171.0,3.9,1.2,61.0,20.4,94,0.0,16.7
Belagavi,15.8521,74.5045,2025-10-30 23:00:00,8.9,7.5,162.0,3.5,0.9,61.0,20.1,96,0.0,14.9
Belagavi,15.8521,74.5045,2025-10-31 00:00:00,7.9,6.3,156.0,2.9,0.8,62.0,20.3,98,0.1,14.5
Belagavi,15.8521,74.5045,2025-10-31 01:00:00,7.5,6.0,151.0,2.1,0.8,63.0,20.5,96,0.2,18.0
Belagavi,15.8521,74.5045,2025-10-31 02:00:00,6.7,5.4,149.0,1.6,0.8,63.0,20.2,98,0.1,14.7
Belagavi,15.8521,74.5045,2025-10-31 03:00:00,5.5,4.5,152.0,1.6,0.8,61.0,20.2,97,0.2,16.1
Belagavi,15.8521,74.5045,2025-10-31 04:00:00,5.1,4.1,157.0,1.8,0.9,59.0,20.0,97,0.0,14.6
Belagavi,15.8521,74.5045,2025-10-31 05:00:00,7.9,6.2,161.0,2.1,1.0,59.0,20.2,96,0.0,16.5
Belagavi,15.8521,74.5045,2025-10-31 06:00:00,8.1,6.4,163.0,2.5,1.1,60.0,20.2,98,0.0,13.7
Belagavi,15.8521,74.5045,2025-10-31 07:00:00,9.8,7.7,163.0,3.1,1.2,61.0,21.1,93,0.1,17.2
Belagavi,15.8521,74.5045,2025-10-31 08:00:00,10.3,8.1,163.0,3.3,1.3,63.0,22.2,86,0.1,22.2
Belagavi,15.8521,74.5045,2025-10-31 09:00:00,10.6,8.2,162.0,2.9,1.4,67.0,22.7,84,0.0,21.7
Belagavi,15.8521,74.5045,2025-10-31 10:00:00,9.6,7.5,160.0,2.1,1.4,71.0,23.4,82,0.0,21.9
Belagavi,15.8521,74.5045,2025-10-31 11:00:00,8.0,6.3,159.0,1.5,1.4,75.0,24.1,81,0.1,20.2
Belagavi,15.8521,74.5045,2025-10-31 12:00:00,6.8,5.5,159.0,1.3,1.4,77.0,24.8,72,0.5,21.9
Belagavi,15.8521,74.5045,2025-10-31 13:00:00,7.7,6.3,159.0,1.3,1.3,77.0,24.6,77,0.6,18.9
Belagavi,15.8521,74.5045,2025-10-31 14:00:00,8.8,7.1,160.0,1.6,1.3,77.0,23.8,83,1.1,18.3
Belagavi,15.8521,74.5045,2025-10-31 15:00:00,9.3,7.6,164.0,2.2,1.3,75.0,23.7,81,0.3,21.7
Belagavi,15.8521,74.5045,2025-10-31 16:00:00,9.8,8.1,169.0,3.0,1.4,72.0,23.3,84,0.3,21.4
Belagavi,15.8521,74.5045,2025-10-31 17:00:00,10.9,8.8,173.0,4.0,1.8,71.0,22.7,90,0.0,16.8
Belagavi,15.8521,74.5045,2025-10-31 18:00:00,7.1,6.0,175.0,4.2,1.7,70.0,21.6,95,0.1,13.8
Belagavi,15.8521,74.5045,2025-10-31 19:00:00,5.4,4.8,176.0,4.5,1.6,68.0,21.2,96,0.1,13.8
Belagavi,15.8521,74.5045,2025-10-31 20:00:00,4.8,4.3,177.0,4.7,1.5,67.0,21.2,95,0.1,13.8
Belagavi,15.8521,74.5045,2025-10-31 21:00:00,4.9,4.4,178.0,4.7,1.4,66.0,21.0,98,0.0,12.5
Belagavi,15.8521,74.5045,2025-10-31 22:00:00,5.6,4.9,179.0,4.6,1.2,65.0,21.0,97,0.0,13.8
Belagavi,15.8521,74.5045,2025-10-31 23:00:00,5.8,5.2,178.0,4.3,1.1,64.0,21.0,98,0.1,14.1
Belagavi,15.8521,74.5045,2025-11-01 00:00:00,6.1,5.4,175.0,3.8,0.9,64.0,21.0,98,0.0,14.5
Belagavi,15.8521,74.5045,2025-11-01 01:00:00,6.9,6.0,170.0,3.2,0.7,64.0,21.1,98,0.0,14.0
Belagavi,15.8521,74.5045,2025-11-01 02:00:00,6.9,6.0,169.0,2.7,0.6,64.0,21.0,98,0.1,15.4
Belagavi,15.8521,74.5045,2025-11-01 03:00:00,7.3,6.0,174.0,2.5,0.6,64.0,20.8,97,0.0,13.4
Belagavi,15.8521,74.5045,2025-11-01 04:00:00,7.3,6.1,182.0,2.4,0.7,65.0,20.8,97,0.1,14.2
Belagavi,15.8521,74.5045,2025-11-01 05:00:00,3.4,2.9,187.0,2.9,1.1,60.0,21.1,98,0.0,14.5
Belagavi,15.8521,74.5045,2025-11-01 06:00:00,3.6,3.1,187.0,3.4,1.3,62.0,21.2,97,0.0,15.4
Belagavi,15.8521,74.5045,2025-11-01 07:00:00,4.0,3.6,185.0,4.0,1.5,65.0,21.5,95,0.0,16.5
Belagavi,15.8521,74.5045,2025-11-01 08:00:00,5.1,4.4,181.0,4.2,1.6,68.0,22.3,91,0.1,20.0
Belagavi,15.8521,74.5045,2025-11-01 09:00:00,5.4,4.6,175.0,3.5,1.6,72.0,23.3,83,0.1,19.8
Belagavi,15.8521,74.5045,2025-11-01 10:00:00,5.6,4.8,167.0,2.4,1.5,78.0,24.5,77,0.2,18.3
Belagavi,15.8521,74.5045,2025-11-01 11:00:00,5.1,4.5,162.0,1.6,1.4,81.0,25.8,72,0.2,18.6
Belagavi,15.8521,74.5045,2025-11-01 12:00:00,4.3,3.8,161.0,1.3,1.4,82.0,26.0,71,0.2,18.5
Belagavi,15.8521,74.5045,2025-11-01 13:00:00,4.4,3.9,162.0,1.3,1.4,81.0,25.9,71,0.2,17.5
Belagavi,15.8521,74.5045,2025-11-01 14:00:00,5.1,4.5,164.0,1.5,1.4,80.0,25.3,75,0.2,19.8
Belagavi,15.8521,74.5045,2025-11-01 15:00:00,6.5,5.6,167.0,1.8,1.4,78.0,24.8,77,0.0,17.8
Belagavi,15.8521,74.5045,2025-11-01 16:00:00,7.2,6.1,171.0,2.3,1.5,76.0,24.0,80,0.0,18.5
Belagavi,15.8521,74.5045,2025-11-01 17:00:00,11.8,10.1,174.0,4.4,1.8,68.0,23.1,85,0.0,14.2
Belagavi,15.8521,74.5045,2025-11-01 18:00:00,13.1,11.2,176.0,6.0,2.2,62.0,22.0,91,0.0,12.6
Belagavi,15.8521,74.5045,2025-11-01 19:00:00,14.0,12.0,178.0,8.1,2.8,53.0,21.1,97,0.0,12.0
Belagavi,15.8521,74.5045,2025-11-01 20:00:00,15.1,13.2,179.0,9.6,3.0,47.0,21.0,97,0.0,9.7
Belagavi,15.8521,74.5045,2025-11-01 21:00:00,15.8,13.6,180.0,9.8,2.7,45.0,20.6,99,0.0,8.2
Belagavi,15.8521,74.5045,2025-11-01 22:00:00,17.7,15.6,180.0,9.3,2.1,45.0,20.6,100,0.0,10.3
Belagavi,15.8521,74.5045,2025-11-01 23:00:00,20.0,17.7,179.0,8.4,1.5,46.0,21.7,96,0.0,9.4
Belagavi,15.8521,74.5045,2025-11-02 00:00:00,19.5,17.2,175.0,7.1,1.1,48.0,21.0,97,0.0,10.8
Belagavi,15.8521,74.5045,2025-11-02 01:00:00,19.0,16.9,170.0,5.4,0.7,51.0,20.8,97,0.0,10.3
Belagavi,15.8521,74.5045,2025-11-02 02:00:00,18.3,16.1,168.0,4.1,0.5,53.0,20.5,98,0.0,8.0
Belagavi,15.8521,74.5045,2025-11-02 03:00:00,17.8,15.7,173.0,3.4,0.5,54.0,20.7,96,0.0,8.8
Belagavi,15.8521,74.5045,2025-11-02 04:00:00,16.8,14.4,181.0,3.1,0.6,56.0,20.3,98,0.0,9.2
Belagavi,15.8521,74.5045,2025-11-02 05:00:00,14.3,12.1,188.0,2.6,1.0,62.0,20.5,98,0.0,8.6
Belagavi,15.8521,74.5045,2025-11-02 06:00:00,13.4,11.4,192.0,3.0,1.4,62.0,20.5,98,0.0,8.2
Belagavi,15.8521,74.5045,2025-11-02 07:00:00,12.4,10.4,194.0,3.6,1.9,63.0,20.7,96,0.0,9.4
Belagavi,15.8521,74.5045,2025-11-02 08:00:00,11.6,9.5,194.0,3.8,2.2,65.0,22.4,85,0.0,10.4
Belagavi,15.8521,74.5045,2025-11-02 09:00:00,10.9,8.8,190.0,3.2,2.3,70.0,23.8,76,0.0,9.2
Belagavi,15.8521,74.5045,2025-11-02 10:00:00,10.4,8.4,184.0,2.2,2.2,77.0,24.9,70,0.1,8.9
Belagavi,15.8521,74.5045,2025-11-02 11:00:00,10.2,8.3,180.0,1.5,2.1,82.0,26.1,64,0.0,10.4
Belagavi,15.8521,74.5045,2025-11-02 12:00:00,10.0,8.1,178.0,1.2,2.1,85.0,26.6,62,0.0,11.4
Belagavi,15.8521,74.5045,2025-11-02 13:00:00,9.6,7.9,178.0,1.2,2.1,86.0,26.9,61,0.0,11.6
Belagavi,15.8521,74.5045,2025-11-02 14:00:00,9.4,7.8,179.0,1.4,2.1,85.0,27.1,58,0.0,12.0
Belagavi,15.8521,74.5045,2025-11-02 15:00:00,9.6,7.9,180.0,1.9,2.1,82.0,26.6,61,0.0,14.8
Belagavi,15.8521,74.5045,2025-11-02 16:00:00,9.8,8.0,182.0,2.7,2.1,77.0,24.9,70,0.0,16.5
Belagavi,15.8521,74.5045,2025-11-02 17:00:00,12.0,9.7,186.0,3.6,1.9,69.0,23.1,82,0.0,12.9
Belagavi,15.8521,74.5045,2025-11-02 18:00:00,12.4,10.4,196.0,5.9,2.3,60.0,21.6,90,0.0,12.0
Belagavi,15.8521,74.5045,2025-11-02 19:00:00,13.8,11.8,208.0,9.0,2.8,49.0,20.6,97,0.0,12.6
Belagavi,15.8521,74.5045,2025-11-02 20:00:00,15.2,13.1,216.0,10.9,3.0,41.0,20.4,98,0.0,12.8
Belagavi,15.8521,74.5045,2025-11-02 21:00:00,16.2,13.9,215.0,10.5,2.6,40.0,20.1,100,0.0,12.6
Belagavi,15.8521,74.5045,2025-11-02 22:00:00,17.7,15.1,210.0,8.8,1.9,44.0,20.1,98,0.0,12.8
Belagavi,15.8521,74.5045,2025-11-02 23:00:00,17.9,15.4,203.0,7.1,1.3,47.0,20.3,98,0.0,12.1
Belagavi,15.8521,74.5045,2025-11-03 00:00:00,17.9,15.1,195.0,5.7,1.0,49.0,20.0,99,0.0,10.6
Belagavi,15.8521,74.5045,2025-11-03 01:00:00,17.1,14.4,186.0,4.3,0.7,51.0,19.9,99,0.0,9.7
Belagavi,15.8521,74.5045,2025-11-03 02:00:00,14.7,12.3,180.0,3.4,0.7,53.0,19.7,99,0.0,10.3
Belagavi,15.8521,74.5045,2025-11-03 03:00:00,13.9,11.4,181.0,3.2,0.9,53.0,19.4,100,0.0,10.3
Belagavi,15.8521,74.5045,2025-11-03 04:00:00,14.3,11.4,186.0,3.4,1.3,53.0,19.4,99,0.0,11.4
Belagavi,15.8521,74.5045,2025-11-03 05:00:00,9.0,7.4,191.0,2.0,0.9,63.0,19.9,99,0.0,10.4
Belagavi,15.8521,74.5045,2025-11-03 06:00:00,8.2,6.9,194.0,2.5,1.2,62.0,20.0,97,0.0,9.2
Belagavi,15.8521,74.5045,2025-11-03 07:00:00,8.6,7.2,197.0,3.3,1.6,61.0,20.4,95,0.0,8.6
Belagavi,15.8521,74.5045,2025-11-03 08:00:00,8.6,7.3,197.0,3.6,1.9,62.0,22.2,85,0.0,7.2
Belagavi,15.8521,74.5045,2025-11-03 09:00:00,9.2,7.9,191.0,3.2,2.0,66.0,23.9,77,0.0,7.7
Belagavi,15.8521,74.5045,2025-11-03 10:00:00,9.5,8.2,181.0,2.5,2.1,71.0,25.6,68,0.0,8.3
Belagavi,15.8521,74.5045,2025-11-03 11:00:00,10.0,8.7,174.0,1.9,2.1,75.0,26.4,65,0.0,6.9
Belagavi,15.8521,74.5045,2025-11-03 12:00:00,10.5,9.1,170.0,1.5,2.1,78.0,27.1,59,0.0,7.3
Belagavi,15.8521,74.5045,2025-11-03 13:00:00,9.0,7.9,168.0,1.3,2.0,81.0,27.9,56,0.0,8.5
Belagavi,15.8521,74.5045,2025-11-03 14:00:00,9.0,7.8,169.0,1.4,1.9,81.0,27.7,56,0.0,10.4
Belagavi,15.8521,74.5045,2025-11-03 15:00:00,7.7,6.7,175.0,2.1,1.8,77.0,26.6,61,0.0,13.1
Belagavi,15.8521,74.5045,2025-11-03 16:00:00,7.3,6.4,184.0,3.2,1.8,70.0,24.1,79,0.1,17.3
Belagavi,15.8521,74.5045,2025-11-03 17:00:00,12.3,10.6,194.0,4.4,2.3,65.0,23.8,84,0.0,16.2
Belagavi,15.8521,74.5045,2025-11-03 18:00:00,11.6,10.4,206.0,5.2,2.4,60.0,22.0,92,0.0,15.0
Belagavi,15.8521,74.5045,2025-11-03 19:00:00,11.6,9.9,219.0,6.2,2.4,53.0,21.1,97,0.0,13.9
Belagavi,15.8521,74.5045,2025-11-03 20:00:00,11.4,9.7,226.0,6.9,2.4,48.0,21.1,97,0.0,13.3
Belagavi,15.8521,74.5045,2025-11-03 21:00:00,10.7,9.1,224.0,7.1,2.1,46.0,20.8,98,0.0,12.4
Belagavi,15.8521,74.5045,2025-11-03 22:00:00,10.9,9.4,217.0,7.0,1.8,45.0,20.5,99,0.0,11.0
Belagavi,15.8521,74.5045,2025-11-03 23:00:00,11.4,9.9,209.0,6.6,1.4,46.0,20.8,98,0.0,11.7
Belagavi,15.8521,74.5045,2025-11-04 00:00:00,10.5,9.0,199.0,5.6,1.1,48.0,20.6,97,0.0,12.0
Belagavi,15.8521,74.5045,2025-11-04 01:00:00,9.9,8.4,188.0,4.2,0.8,50.0,20.3,98,0.0,10.8
Belagavi,15.8521,74.5045,2025-11-04 02:00:00,9.6,8.1,181.0,3.1,0.6,53.0,20.5,96,0.0,10.9
Belagavi,15.8521,74.5045,2025-11-04 03:00:00,9.1,7.7,182.0,2.5,0.7,55.0,20.5,95,0.0,10.1
Belagavi,15.8521,74.5045,2025-11-04 04:00:00,9.0,7.5,188.0,2.2,0.8,56.0,20.1,97,0.0,9.4
Belagavi,15.8521,74.5045,2025-11-04 05:00:00,6.4,5.2,194.0,2.8,1.2,53.0,20.2,100,0.0,12.1
Belagavi,15.8521,74.5045,2025-11-04 06:00:00,6.7,5.4,199.0,3.3,1.5,55.0,20.4,96,0.0,11.9
Belagavi,15.8521,74.5045,2025-11-04 07:00:00,7.5,6.1,203.0,3.9,1.8,57.0,21.0,92,0.0,10.0
Belagavi,15.8521,74.5045,2025-11-04 08:00:00,7.4,6.0,204.0,4.1,2.1,61.0,22.6,85,0.0,6.4
Belagavi,15.8521,74.5045,2025-11-04 09:00:00,6.7,5.4,197.0,3.4,2.1,68.0,24.3,76,0.0,7.2
Belagavi,15.8521,74.5045,2025-11-04 10:00:00,6.3,5.2,187.0,2.2,2.1,77.0,25.7,67,0.1,9.2
Belagavi,15.8521,74.5045,2025-11-04 11:00:00,6.2,5.2,179.0,1.4,2.0,84.0,25.7,67,0.1,10.9
Belagavi,15.8521,74.5045,2025-11-04 12:00:00,6.0,5.2,175.0,1.0,2.0,87.0,26.8,62,0.2,11.0
Belagavi,15.8521,74.5045,2025-11-04 13:00:00,6.2,5.5,173.0,1.0,1.9,88.0,27.2,59,0.0,12.6
Belagavi,15.8521,74.5045,2025-11-04 14:00:00,6.8,6.1,177.0,1.4,1.9,87.0,27.1,58,0.0,13.0
Belagavi,15.8521,74.5045,2025-11-04 15:00:00,7.1,6.4,190.0,2.4,1.8,83.0,26.6,59,0.0,14.1
Belagavi,15.8521,74.5045,2025-11-04 16:00:00,7.8,7.2,210.0,3.9,1.8,77.0,25.6,64,0.0,14.8
Belagavi,15.8521,74.5045,2025-11-04 17:00:00,13.0,11.7,228.0,5.1,1.9,69.0,23.4,79,0.0,11.9
Belagavi,15.8521,74.5045,2025-11-04 18:00:00,14.0,13.0,245.0,6.1,2.2,65.0,22.1,87,0.0,9.6
Belagavi,15.8521,74.5045,2025-11-04 19:00:00,15.3,14.1,260.0,7.4,2.5,59.0,21.3,92,0.0,9.7
Belagavi,15.8521,74.5045,2025-11-04 20:00:00,15.9,14.6,272.0,8.5,2.7,54.0,20.7,94,0.0,9.5
Belagavi,15.8521,74.5045,2025-11-04 21:00:00,16.6,15.4,278.0,9.3,2.5,49.0,20.2,96,0.0,7.9
Belagavi,15.8521,74.5045,2025-11-04 22:00:00,18.5,17.2,279.0,9.9,2.1,45.0,19.9,97,0.0,9.1
Belagavi,15.8521,74.5045,2025-11-04 23:00:00,19.6,18.3,277.0,9.8,1.7,43.0,20.2,98,0.0,10.4
Belagavi,15.8521,74.5045,2025-11-05 00:00:00,18.2,16.8,270.0,8.5,1.2,44.0,19.9,100,0.0,9.5
Belagavi,15.8521,74.5045,2025-11-05 01:00:00,18.7,17.2,259.0,6.6,0.7,48.0,19.7,100,0.0,9.4
Belagavi,15.8521,74.5045,2025-11-05 02:00:00,19.0,17.5,249.0,5.2,0.4,50.0,19.2,99,0.0,10.1
Belagavi,15.8521,74.5045,2025-11-05 03:00:00,19.1,17.7,242.0,4.7,0.2,49.0,18.9,99,0.0,10.9
Belagavi,15.8521,74.5045,2025-11-05 04:00:00,20.1,18.4,235.0,4.7,0.2,48.0,18.7,99,0.0,10.5
Belagavi,15.8521,74.5045,2025-11-05 05:00:00,19.4,17.8,231.0,3.4,0.3,57.0,19.3,99,0.0,8.1
Belagavi,15.8521,74.5045,2025-11-05 06:00:00,20.6,19.0,230.0,4.3,0.7,57.0,19.1,99,0.0,7.8
Belagavi,15.8521,74.5045,2025-11-05 07:00:00,21.6,19.9,231.0,5.5,1.3,58.0,19.3,98,0.0,6.2
Belagavi,15.8521,74.5045,2025-11-05 08:00:00,19.2,17.5,229.0,5.9,1.9,61.0,21.2,88,0.0,5.7
Belagavi,15.8521,74.5045,2025-11-05 09:00:00,17.0,15.3,221.0,4.8,2.4,70.0,23.2,80,0.0,4.1
Belagavi,15.8521,74.5045,2025-11-05 10:00:00,13.4,11.9,210.0,3.0,2.8,81.0,25.0,67,0.0,4.0
Belagavi,15.8521,74.5045,2025-11-05 11:00:00,13.0,11.5,200.0,1.6,3.0,90.0,25.7,61,0.0,1.9
Belagavi,15.8521,74.5045,2025-11-05 12:00:00,12.5,11.2,190.0,1.1,2.9,93.0,26.4,58,0.0,5.5
Belagavi,15.8521,74.5045,2025-11-05 13:00:00,11.5,10.3,182.0,1.1,2.6,93.0,27.1,55,0.0,6.5
Belagavi,15.8521,74.5045,2025-11-05 14:00:00,11.0,10.0,179.0,1.4,2.3,91.0,27.2,53,0.0,9.8
Belagavi,15.8521,74.5045,2025-11-05 15:00:00,11.0,10.0,186.0,2.0,2.1,88.0,26.1,59,0.0,12.2
Belagavi,15.8521,74.5045,2025-11-05 16:00:00,11.3,10.3,200.0,3.0,1.9,83.0,25.0,64,0.0,14.2
Belagavi,15.8521,74.5045,2025-11-05 17:00:00,14.8,13.7,214.0,4.7,2.4,78.0,22.7,81,0.0,15.4
Belagavi,15.8521,74.5045,2025-11-05 18:00:00,15.5,14.4,229.0,6.2,2.6,71.0,21.5,86,0.0,15.5
Belagavi,15.8521,74.5045,2025-11-05 19:00:00,16.2,15.0,245.0,8.3,2.8,61.0,20.4,95,0.0,13.0
Belagavi,15.8521,74.5045,2025-11-05 20:00:00,17.4,16.1,257.0,9.9,2.9,53.0,19.9,97,0.0,11.6
Belagavi,15.8521,74.5045,2025-11-05 21:00:00,18.5,16.8,262.0,10.9,2.8,49.0,19.5,98,0.0,10.5
Belagavi,15.8521,74.5045,2025-11-05 22:00:00,21.0,19.3,262.0,11.4,2.5,47.0,19.2,98,0.0,10.1
Belagavi,15.8521,74.5045,2025-11-05 23:00:00,23.0,21.2,259.0,11.1,2.1,47.0,20.1,100,0.0,12.6
Belagavi,15.8521,74.5045,2025-11-06 00:00:00,24.1,22.4,250.0,9.2,1.5,51.0,19.9,97,0.0,9.6
Belagavi,15.8521,74.5045,2025-11-06 01:00:00,21.9,19.8,238.0,6.3,0.8,58.0,19.3,98,0.0,9.2
Belagavi,15.8521,74.5045,2025-11-06 02:00:00,20.7,18.7,227.0,4.2,0.3,63.0,18.9,97,0.0,9.9
Belagavi,15.8521,74.5045,2025-11-06 03:00:00,19.4,17.5,220.0,3.4,0.3,64.0,18.7,95,0.0,9.7
Belagavi,15.8521,74.5045,2025-11-06 04:00:00,18.2,16.3,214.0,3.3,0.6,62.0,18.5,95,0.0,9.7
Belagavi,15.8521,74.5045,2025-11-06 05:00:00,14.9,13.0,207.0,2.9,1.0,66.0,19.0,99,0.0,10.9
Belagavi,15.8521,74.5045,2025-11-06 06:00:00,15.2,13.3,197.0,3.9,1.5,65.0,19.1,98,0.0,7.5
Belagavi,15.8521,74.5045,2025-11-06 07:00:00,15.2,13.3,187.0,5.2,2.1,65.0,20.0,92,0.0,8.3
Belagavi,15.8521,74.5045,2025-11-06 08:00:00,14.4,12.5,183.0,5.8,2.8,68.0,22.0,82,0.0,9.9
Belagavi,15.8521,74.5045,2025-11-06 09:00:00,14.3,12.7,189.0,5.0,3.5,79.0,22.8,78,0.3,6.9
Belagavi,15.8521,74.5045,2025-11-06 10:00:00,17.7,16.2,201.0,3.4,4.2,94.0,23.7,76,0.4,5.9
Belagavi,15.8521,74.5045,2025-11-06 11:00:00,21.0,19.7,210.0,2.3,4.7,107.0,25.3,67,0.2,8.9
Belagavi,15.8521,74.5045,2025-11-06 12:00:00,23.1,21.9,212.0,1.8,4.9,117.0,26.2,62,0.3,7.4
Belagavi,15.8521,74.5045,2025-11-06 13:00:00,24.0,23.0,211.0,1.8,5.0,126.0,26.4,61,0.2,6.4
Belagavi,15.8521,74.5045,2025-11-06 14:00:00,24.4,23.5,208.0,2.3,5.1,130.0,26.2,60,0.1,6.9
Belagavi,15.8521,74.5045,2025-11-06 15:00:00,24.7,23.7,199.0,3.0,5.3,129.0,26.1,60,0.1,5.7
Belagavi,15.8521,74.5045,2025-11-06 16:00:00,25.0,23.9,188.0,4.3,5.4,124.0,25.8,60,0.0,4.4
Belagavi,15.8521,74.5045,2025-11-06 17:00:00,27.9,27.3,185.0,10.5,5.0,105.0,24.3,71,0.1,3.9
Belagavi,15.8521,74.5045,2025-11-06 18:00:00,32.6,32.0,197.0,13.7,5.5,89.0,22.3,82,0.1,4.8
Belagavi,15.8521,74.5045,2025-11-06 19:00:00,32.5,31.5,218.0,18.2,6.2,68.0,21.5,88,0.1,6.3
Belagavi,15.8521,74.5045,2025-11-06 20:00:00,32.0,30.9,238.0,22.8,6.9,49.0,20.8,93,0.0,7.1
Belagavi,15.8521,74.5045,2025-11-06 21:00:00,36.9,35.5,253.0,28.4,7.8,36.0,20.3,96,0.0,6.3
Belagavi,15.8521,74.5045,2025-11-06 22:00:00,43.9,42.4,267.0,34.2,8.7,26.0,19.7,98,0.1,5.0
Belagavi,15.8521,74.5045,2025-11-06 23:00:00,48.5,46.9,283.0,36.1,8.7,22.0,20.0,99,0.0,6.5
Belagavi,15.8521,74.5045,2025-11-07 00:00:00,51.6,49.7,307.0,31.0,7.1,26.0,20.0,98,0.0,5.6
Belagavi,15.8521,74.5045,2025-11-07 01:00:00,49.2,47.3,334.0,22.1,4.6,36.0,19.4,98,0.0,3.3
Belagavi,15.8521,74.5045,2025-11-07 02:00:00,43.1,41.1,350.0,14.7,2.9,46.0,19.2,98,0.0,9.1
Belagavi,15.8521,74.5045,2025-11-07 03:00:00,41.8,40.0,347.0,10.6,2.6,54.0,19.0,97,0.0,6.5
Belagavi,15.8521,74.5045,2025-11-07 04:00:00,37.5,36.1,334.0,8.1,3.0,63.0,19.0,98,0.1,2.8
Belagavi,15.8521,74.5045,2025-11-07 05:00:00,25.5,24.4,320.0,5.7,2.1,61.0,19.4,98,0.1,6.5
Belagavi,15.8521,74.5045,2025-11-07 06:00:00,27.3,26.4,311.0,6.8,3.0,66.0,19.2,98,0.0,4.2
Belagavi,15.8521,74.5045,2025-11-07 07:00:00,30.5,29.7,302.0,8.1,4.3,73.0,19.9,96,0.0,4.4
Belagavi,15.8521,74.5045,2025-11-07 08:00:00,28.7,28.2,291.0,8.5,5.3,83.0,21.9,84,0.0,5.0
Belagavi,15.8521,74.5045,2025-11-07 09:00:00,27.6,27.1,273.0,6.8,5.7,99.0,23.7,73,0.0,9.5
Belagavi,15.8521,74.5045,2025-11-07 10:00:00,26.7,26.1,253.0,4.1,5.7,118.0,24.4,68,0.1,12.8
Belagavi,15.8521,74.5045,2025-11-07 11:00:00,27.4,26.7,238.0,2.1,5.6,133.0,25.1,63,0.1,13.9
Belagavi,15.8521,74.5045,2025-11-07 12:00:00,26.0,25.3,228.0,1.5,5.4,141.0,26.2,57,0.0,12.2
Belagavi,15.8521,74.5045,2025-11-07 13:00:00,26.7,25.8,222.0,1.6,5.1,145.0,27.0,55,0.0,9.2
Belagavi,15.8521,74.5045,2025-11-07 14:00:00,26.3,25.5,230.0,2.3,4.9,145.0,27.2,53,0.0,6.9
Belagavi,15.8521,74.5045,2025-11-07 15:00:00,25.7,25.0,263.0,3.7,4.9,142.0,27.2,53,0.0,4.9
Belagavi,15.8521,74.5045,2025-11-07 16:00:00,26.1,25.3,310.0,5.8,5.1,135.0,26.8,54,0.0,3.4
Belagavi,15.8521,74.5045,2025-11-07 17:00:00,36.3,35.0,340.0,13.2,5.2,114.0,25.7,65,0.0,4.0
Belagavi,15.8521,74.5045,2025-11-07 18:00:00,38.8,37.7,333.0,14.8,5.6,99.0,23.9,71,0.0,9.3
Belagavi,15.8521,74.5045,2025-11-07 19:00:00,37.4,36.6,310.0,17.0,6.2,78.0,22.2,84,0.0,6.1
Belagavi,15.8521,74.5045,2025-11-07 20:00:00,35.9,35.2,300.0,17.8,6.2,63.0,21.6,91,0.0,7.2
Belagavi,15.8521,74.5045,2025-11-07 21:00:00,34.6,33.8,324.0,16.3,5.4,60.0,20.9,94,0.0,6.5
Belagavi,15.8521,74.5045,2025-11-07 22:00:00,35.5,34.7,363.0,13.4,4.0,63.0,20.5,96,0.0,6.8
Belagavi,15.8521,74.5045,2025-11-07 23:00:00,36.6,35.7,384.0,10.6,2.8,67.0,20.7,97,0.0,6.4
Belagavi,15.8521,74.5045,2025-11-08 00:00:00,33.6,32.9,366.0,8.1,1.8,71.0,20.4,98,0.0,5.6
Belagavi,15.8521,74.5045,2025-11-08 01:00:00,31.9,31.2,332.0,5.6,0.9,75.0,20.2,99,0.0,9.6
Belagavi,15.8521,74.5045,2025-11-08 02:00:00,30.6,29.9,318.0,3.9,0.4,79.0,19.7,98,0.0,8.8
Belagavi,15.8521,74.5045,2025-11-08 03:00:00,31.1,30.4,350.0,3.1,0.3,80.0,19.3,98,0.0,7.2
Belagavi,15.8521,74.5045,2025-11-08 04:00:00,32.9,32.2,403.0,3.1,0.5,81.0,19.2,97,0.1,9.6
Belagavi,15.8521,74.5045,2025-11-08 05:00:00,40.5,39.6,434.0,2.5,1.2,103.0,19.8,100,0.1,14.2
Belagavi,15.8521,74.5045,2025-11-08 06:00:00,43.5,42.6,424.0,4.3,2.3,96.0,19.5,95,0.0,12.9
Belagavi,15.8521,74.5045,2025-11-08 07:00:00,45.1,44.2,392.0,6.7,3.9,88.0,20.0,88,0.0,12.6
Belagavi,15.8521,74.5045,2025-11-08 08:00:00,42.4,41.6,356.0,7.9,5.3,88.0,22.2,74,0.0,11.3
Belagavi,15.8521,74.5045,2025-11-08 09:00:00,32.6,32.0,315.0,6.6,6.5,104.0,24.3,60,0.0,14.3
Belagavi,15.8521,74.5045,2025-11-08 10:00:00,24.2,23.7,270.0,4.0,7.6,129.0,25.8,52,0.0,14.9
Belagavi,15.8521,74.5045,2025-11-08 11:00:00,20.7,20.1,236.0,2.0,8.1,147.0,26.8,47,0.0,11.8
Belagavi,15.8521,74.5045,2025-11-08 12:00:00,19.5,18.9,219.0,1.2,7.8,154.0,27.7,45,0.0,8.2
Belagavi,15.8521,74.5045,2025-11-08 13:00:00,18.8,18.2,213.0,1.0,7.0,154.0,28.3,42,0.0,7.3
Belagavi,15.8521,74.5045,2025-11-08 14:00:00,18.4,17.8,214.0,1.8,6.3,151.0,28.4,40,0.0,8.8
Belagavi,15.8521,74.5045,2025-11-08 15:00:00,18.0,17.4,222.0,3.7,5.9,144.0,27.9,40,0.0,11.5
Belagavi,15.8521,74.5045,2025-11-08 16:00:00,18.0,17.4,238.0,6.6,5.6,132.0,26.9,41,0.0,12.3
Belagavi,15.8521,74.5045,2025-11-08 17:00:00,19.8,19.3,255.0,10.4,5.8,119.0,25.0,48,0.0,13.4
Belagavi,15.8521,74.5045,2025-11-08 18:00:00,23.9,23.4,275.0,16.6,6.8,103.0,23.4,47,0.0,13.0
Belagavi,15.8521,74.5045,2025-11-08 19:00:00,27.6,27.1,297.0,25.1,8.2,81.0,22.8,51,0.0,9.4
Belagavi,15.8521,74.5045,2025-11-08 20:00:00,31.0,30.4,315.0,31.3,9.5,63.0,20.4,64,0.0,4.6
Belagavi,15.8521,74.5045,2025-11-08 21:00:00,33.8,33.1,326.0,32.9,10.5,55.0,19.3,75,0.0,4.2
Belagavi,15.8521,74.5045,2025-11-08 22:00:00,36.2,35.5,334.0,32.2,11.4,51.0,18.1,87,0.0,3.5
Belagavi,15.8521,74.5045,2025-11-08 23:00:00,37.8,37.0,341.0,31.6,11.9,48.0,17.4,91,0.0,3.8
Belagavi,15.8521,74.5045,2025-11-09 00:00:00,38.5,37.7,352.0,32.2,11.8,43.0,16.5,91,0.0,5.2
Belagavi,15.8521,74.5045,2025-11-09 01:00:00,39.9,39.1,363.0,32.8,11.2,39.0,15.9,92,0.0,8.5
Belagavi,15.8521,74.5045,2025-11-09 02:00:00,40.7,39.8,367.0,32.4,10.7,37.0,16.3,85,0.0,8.1
Belagavi,15.8521,74.5045,2025-11-09 03:00:00,39.6,38.8,358.0,30.1,10.3,39.0,16.8,80,0.0,10.2
Belagavi,15.8521,74.5045,2025-11-09 04:00:00,39.2,38.4,342.0,26.7,9.9,43.0,17.9,76,0.0,10.9
Belagavi,15.8521,74.5045,2025-11-09 05:00:00,37.7,36.8,329.0,20.6,8.5,50.0,17.7,68,0.0,9.8
Belagavi,15.8521,74.5045,2025-11-09 06:00:00,38.5,37.7,324.0,18.8,8.6,56.0,17.4,66,0.0,9.6
Belagavi,15.8521,74.5045,2025-11-09 07:00:00,39.5,38.6,322.0,16.2,8.7,66.0,18.6,64,0.0,11.1
Belagavi,15.8521,74.5045,2025-11-09 08:00:00,29.2,28.3,312.0,13.1,8.8,79.0,21.5,56,0.0,9.3
Belagavi,15.8521,74.5045,2025-11-09 09:00:00,24.0,22.4,285.0,9.2,9.0,100.0,23.7,45,0.0,11.1
Belagavi,15.8521,74.5045,2025-11-09 10:00:00,22.1,19.8,250.0,4.9,9.1,126.0,25.0,38,0.0,12.1
Belagavi,15.8521,74.5045,2025-11-09 11:00:00,19.7,17.6,222.0,1.9,9.1,145.0,25.9,36,0.0,11.1
Belagavi,15.8521,74.5045,2025-11-09 12:00:00,19.2,17.1,206.0,0.6,8.8,154.0,26.5,35,0.0,10.4
Belagavi,15.8521,74.5045,2025-11-09 13:00:00,19.3,17.3,198.0,0.6,8.4,156.0,26.8,33,0.0,9.2
Belagavi,15.8521,74.5045,2025-11-09 14:00:00,19.6,17.6,199.0,1.8,8.0,154.0,26.9,33,0.0,8.8
Belagavi,15.8521,74.5045,2025-11-09 15:00:00,19.8,17.9,212.0,4.1,7.5,147.0,26.7,32,0.0,9.5
Belagavi,15.8521,74.5045,2025-11-09 16:00:00,20.1,18.1,234.0,7.6,7.1,136.0,25.9,34,0.0,9.7
Belagavi,15.8521,74.5045,2025-11-09 17:00:00,23.3,21.4,261.0,12.4,7.0,123.0,24.0,45,0.0,9.4
Belagavi,15.8521,74.5045,2025-11-09 18:00:00,28.7,26.7,295.0,21.3,8.7,105.0,22.5,45,0.0,9.1
Belagavi,15.8521,74.5045,2025-11-09 19:00:00,34.2,32.2,335.0,33.6,11.2,80.0,21.3,51,0.0,7.9
Belagavi,15.8521,74.5045,2025-11-09 20:00:00,39.5,37.5,367.0,43.6,13.5,60.0,19.8,59,0.0,7.4
Belagavi,15.8521,74.5045,2025-11-09 21:00:00,45.2,43.2,393.0,49.1,15.8,49.0,19.1,62,0.0,7.2
Belagavi,15.8521,74.5045,2025-11-09 22:00:00,49.6,47.6,411.0,52.3,17.9,42.0,18.2,68,0.0,6.4
Belagavi,15.8521,74.5045,2025-11-09 23:00:00,52.0,50.1,408.0,53.3,18.9,38.0,18.8,64,0.0,8.9
Belagavi,15.8521,74.5045,2025-11-10 00:00:00,52.4,50.4,362.0,52.0,17.9,35.0,18.1,63,0.0,6.9
Belagavi,15.8521,74.5045,2025-11-10 01:00:00,51.1,49.0,294.0,48.5,15.8,34.0,17.5,63,0.0,5.8
Belagavi,15.8521,74.5045,2025-11-10 02:00:00,48.5,46.4,250.0,44.0,13.9,36.0,17.4,62,0.0,4.4
Belagavi,15.8521,74.5045,2025-11-10 03:00:00,46.3,44.0,254.0,38.1,12.7,40.0,17.1,61,0.0,2.4
Belagavi,15.8521,74.5045,2025-11-10 04:00:00,44.7,42.0,282.0,31.1,11.8,45.0,16.5,63,0.0,1.5
Belagavi,15.8521,74.5045,2025-11-10 05:00:00,48.5,45.5,309.0,28.1,11.5,48.0,15.8,73,0.0,2.7
Belagavi,15.8521,74.5045,2025-11-10 06:00:00,48.9,45.6,333.0,24.3,11.0,59.0,16.0,70,0.0,7.6
Belagavi,15.8521,74.5045,2025-11-10 07:00:00,51.5,47.8,356.0,18.8,10.2,76.0,17.8,64,0.0,9.5
Belagavi,15.8521,74.5045,2025-11-10 08:00:00,36.6,33.2,361.0,13.7,9.6,95.0,21.4,58,0.0,7.8
Belagavi,15.8521,74.5045,2025-11-10 09:00:00,32.8,28.5,330.0,9.2,9.2,119.0,23.5,46,0.0,8.3
Belagavi,15.8521,74.5045,2025-11-10 10:00:00,31.2,26.9,280.0,4.9,8.9,146.0,24.7,40,0.0,7.4
Belagavi,15.8521,74.5045,2025-11-10 11:00:00,29.8,25.8,244.0,2.0,8.6,165.0,25.4,38,0.0,6.9
Belagavi,15.8521,74.5045,2025-11-10 12:00:00,29.1,25.3,234.0,0.7,8.2,173.0,26.2,37,0.0,5.2
Belagavi,15.8521,74.5045,2025-11-10 13:00:00,28.5,24.8,238.0,0.7,7.9,174.0,26.7,36,0.0,4.0
Belagavi,15.8521,74.5045,2025-11-10 14:00:00,27.9,24.2,249.0,1.8,7.6,170.0,26.9,36,0.0,3.2
Belagavi,15.8521,74.5045,2025-11-10 15:00:00,27.6,24.0,255.0,4.2,7.3,161.0,26.8,37,0.0,3.5
Belagavi,15.8521,74.5045,2025-11-10 16:00:00,27.4,24.0,268.0,7.8,7.1,148.0,26.1,39,0.0,5.5
Belagavi,15.8521,74.5045,2025-11-10 17:00:00,26.1,23.7,319.0,13.5,7.1,133.0,23.7,60,0.0,4.1
Belagavi,15.8521,74.5045,2025-11-10 18:00:00,31.9,29.6,455.0,20.3,8.2,113.0,21.4,64,0.0,2.5
Belagavi,15.8521,74.5045,2025-11-10 19:00:00,36.4,34.2,629.0,29.5,9.7,85.0,20.9,62,0.0,1.7
Belagavi,15.8521,74.5045,2025-11-10 20:00:00,38.6,36.6,727.0,34.8,10.6,66.0,19.5,66,0.0,5.5
Belagavi,15.8521,74.5045,2025-11-10 21:00:00,38.3,36.6,679.0,32.6,10.4,62.0,18.7,76,0.0,7.5
Belagavi,15.8521,74.5045,2025-11-10 22:00:00,37.7,36.2,555.0,26.5,9.7,67.0,17.8,81,0.0,6.7
Belagavi,15.8521,74.5045,2025-11-10 23:00:00,34.8,33.5,449.0,20.6,8.9,72.0,17.4,83,0.0,7.2
Belagavi,15.8521,74.5045,2025-11-11 00:00:00,31.1,30.0,391.0,16.0,8.2,77.0,17.4,80,0.0,7.9
Belagavi,15.8521,74.5045,2025-11-11 01:00:00,29.0,28.1,350.0,11.6,7.6,83.0,16.7,79,0.0,5.1
Belagavi,15.8521,74.5045,2025-11-11 02:00:00,28.1,27.2,330.0,8.8,7.2,87.0,16.2,81,0.0,6.7
Belagavi,15.8521,74.5045,2025-11-11 03:00:00,27.7,27.0,338.0,8.6,7.4,84.0,15.8,81,0.0,8.3
Belagavi,15.8521,74.5045,2025-11-11 04:00:00,27.9,27.2,367.0,9.9,7.8,80.0,15.8,78,0.0,6.2
Belagavi,15.8521,74.5045,2025-11-11 05:00:00,28.6,27.9,393.0,9.8,7.9,80.0,16.0,73,0.0,5.3
Belagavi,15.8521,74.5045,2025-11-11 06:00:00,29.8,29.1,415.0,9.8,8.5,92.0,16.3,71,0.0,4.2
Belagavi,15.8521,74.5045,2025-11-11 07:00:00,34.6,33.9,434.0,9.6,9.3,109.0,18.9,65,0.0,4.7
Belagavi,15.8521,74.5045,2025-11-11 08:00:00,20.9,20.1,435.0,8.8,9.8,126.0,22.1,59,0.0,6.6
Belagavi,15.8521,74.5045,2025-11-11 09:00:00,20.9,19.4,403.0,6.7,9.9,143.0,23.8,52,0.0,6.6
Belagavi,15.8521,74.5045,2025-11-11 10:00:00,25.1,22.9,352.0,3.9,9.7,161.0,25.2,44,0.0,7.1
Belagavi,15.8521,74.5045,2025-11-11 11:00:00,25.8,23.5,313.0,1.9,9.4,173.0,25.9,43,0.0,8.1
Belagavi,15.8521,74.5045,2025-11-11 12:00:00,25.7,23.4,296.0,1.0,8.9,179.0,26.6,42,0.0,7.1
Belagavi,15.8521,74.5045,2025-11-11 13:00:00,25.9,23.7,290.0,0.9,8.2,180.0,26.9,42,0.0,6.8
Belagavi,15.8521,74.5045,2025-11-11 14:00:00,26.1,24.1,296.0,1.8,7.7,176.0,26.9,42,0.0,6.1
Belagavi,15.8521,74.5045,2025-11-11 15:00:00,26.3,24.3,316.0,3.9,7.4,167.0,26.6,40,0.0,4.5
Belagavi,15.8521,74.5045,2025-11-11 16:00:00,26.5,24.7,347.0,7.1,7.1,152.0,26.4,38,0.0,4.0
Belagavi,15.8521,74.5045,2025-11-11 17:00:00,32.8,31.1,381.0,11.3,7.7,127.0,24.2,58,0.0,4.6
Belagavi,15.8521,74.5045,2025-11-11 18:00:00,34.7,33.1,420.0,15.6,8.0,107.0,22.1,58,0.0,6.2
Belagavi,15.8521,74.5045,2025-11-11 19:00:00,35.2,33.6,462.0,21.3,8.3,80.0,20.6,71,0.0,12.5
Belagavi,15.8521,74.5045,2025-11-11 20:00:00,34.5,33.2,485.0,24.6,8.4,60.0,19.7,74,0.0,12.1
Belagavi,15.8521,74.5045,2025-11-11 21:00:00,34.3,32.9,473.0,23.2,8.0,54.0,19.5,73,0.0,10.9
Belagavi,15.8521,74.5045,2025-11-11 22:00:00,33.6,32.1,443.0,19.3,7.4,55.0,19.1,74,0.0,12.5
Belagavi,15.8521,74.5045,2025-11-11 23:00:00,32.4,30.7,423.0,15.7,6.8,58.0,18.6,76,0.0,11.1
Belagavi,15.8521,74.5045,2025-11-12 00:00:00,31.0,29.3,426.0,13.0,6.4,61.0,18.2,77,0.0,9.2
Belagavi,15.8521,74.5045,2025-11-12 01:00:00,29.9,28.2,440.0,10.5,6.0,65.0,17.8,79,0.0,10.1
Belagavi,15.8521,74.5045,2025-11-12 02:00:00,29.5,27.6,456.0,9.2,6.0,69.0,17.8,79,0.0,8.8
Belagavi,15.8521,74.5045,2025-11-12 03:00:00,30.2,28.2,476.0,9.7,6.4,72.0,17.9,76,0.0,8.5
Belagavi,15.8521,74.5045,2025-11-12 04:00:00,31.9,29.8,497.0,11.4,7.1,74.0,17.8,75,0.0,7.0
Belagavi,15.8521,74.5045,2025-11-12 05:00:00,38.2,36.2,507.0,14.8,9.1,69.0,17.9,75,0.0,8.9
Belagavi,15.8521,74.5045,2025-11-12 06:00:00,45.1,42.8,499.0,14.8,10.2,76.0,17.6,77,0.0,10.2
Belagavi,15.8521,74.5045,2025-11-12 07:00:00,53.7,51.3,480.0,14.7,11.6,86.0,18.7,74,0.0,11.6
Belagavi,15.8521,74.5045,2025-11-12 08:00:00,48.2,46.0,454.0,13.5,12.4,101.0,21.5,67,0.0,10.9
Belagavi,15.8521,74.5045,2025-11-12 09:00:00,50.8,48.1,419.0,10.1,12.1,124.0,23.6,59,0.0,13.7
Belagavi,15.8521,74.5045,2025-11-12 10:00:00,46.8,44.2,377.0,5.6,11.2,150.0,25.2,52,0.0,14.2
Belagavi,15.8521,74.5045,2025-11-12 11:00:00,43.2,40.9,345.0,2.3,10.4,170.0,26.0,49,0.0,13.0
Belagavi,15.8521,74.5045,2025-11-12 12:00:00,39.6,37.7,327.0,0.9,9.9,178.0,27.0,46,0.0,10.8
Belagavi,15.8521,74.5045,2025-11-12 13:00:00,37.5,35.9,319.0,0.8,9.5,178.0,27.6,44,0.0,8.8
Belagavi,15.8521,74.5045,2025-11-12 14:00:00,36.2,34.8,323.0,1.8,9.2,174.0,27.8,43,0.0,8.2
Belagavi,15.8521,74.5045,2025-11-12 15:00:00,35.6,34.3,343.0,3.9,8.8,165.0,27.6,43,0.0,7.3
Belagavi,15.8521,74.5045,2025-11-12 16:00:00,35.5,34.5,376.0,7.2,8.6,151.0,27.2,43,0.0,7.3
Belagavi,15.8521,74.5045,2025-11-12 17:00:00,59.0,57.2,411.0,13.9,9.2,128.0,25.3,52,0.0,6.7
Belagavi,15.8521,74.5045,2025-11-12 18:00:00,63.8,61.9,456.0,21.1,10.7,113.0,23.5,56,0.0,5.8
Belagavi,15.8521,74.5045,2025-11-12 19:00:00,67.3,65.4,505.0,31.0,12.8,92.0,23.5,54,0.0,0.4
Belagavi,15.8521,74.5045,2025-11-12 20:00:00,69.4,67.5,527.0,37.2,14.2,77.0,21.5,64,0.0,10.4
Belagavi,15.8521,74.5045,2025-11-12 21:00:00,69.2,67.5,502.0,36.7,14.2,71.0,21.3,62,0.0,10.2
Belagavi,15.8521,74.5045,2025-11-12 22:00:00,66.4,65.0,450.0,32.5,13.5,71.0,21.1,59,0.0,9.9
Belagavi,15.8521,74.5045,2025-11-12 23:00:00,61.0,59.8,409.0,27.9,12.7,72.0,20.9,60,0.0,11.1
Belagavi,15.8521,74.5045,2025-11-13 00:00:00,54.7,53.8,389.0,23.3,11.7,75.0,20.8,61,0.0,12.1
Belagavi,15.8521,74.5045,2025-11-13 01:00:00,49.7,48.8,379.0,18.1,10.6,80.0,20.3,64,0.0,10.9
Belagavi,15.8521,74.5045,2025-11-13 02:00:00,46.7,45.8,379.0,14.0,9.9,84.0,19.8,66,0.0,10.5
Belagavi,15.8521,74.5045,2025-11-13 03:00:00,44.7,43.8,396.0,11.5,9.7,87.0,19.4,69,0.0,10.9
Belagavi,15.8521,74.5045,2025-11-13 04:00:00,43.4,42.5,424.0,10.1,9.9,90.0,19.0,73,0.0,11.2
Belagavi,15.8521,74.5045,2025-11-13 05:00:00,41.8,40.9,442.0,7.4,11.5,97.0,18.7,76,0.0,12.2
Belagavi,15.8521,74.5045,2025-11-13 06:00:00,42.1,41.3,444.0,8.2,12.7,95.0,18.5,79,0.0,12.1
Belagavi,15.8521,74.5045,2025-11-13 07:00:00,42.7,42.0,436.0,9.1,14.3,94.0,19.5,74,0.0,13.5
Belagavi,15.8521,74.5045,2025-11-13 08:00:00,42.5,41.8,423.0,9.1,15.7,99.0,21.9,63,0.0,11.8
Belagavi,15.8521,74.5045,2025-11-13 09:00:00,43.5,42.6,402.0,7.3,16.8,118.0,24.2,54,0.0,14.0
Belagavi,15.8521,74.5045,2025-11-13 10:00:00,42.8,41.8,376.0,4.5,17.7,144.0,25.8,49,0.0,14.7
Belagavi,15.8521,74.5045,2025-11-13 11:00:00,40.5,39.6,355.0,2.4,17.7,164.0,26.9,47,0.0,12.8
Belagavi,15.8521,74.5045,2025-11-13 12:00:00,38.8,37.8,343.0,1.4,16.1,173.0,27.8,45,0.0,11.0
Belagavi,15.8521,74.5045,2025-11-13 13:00:00,37.6,36.7,337.0,1.0,13.6,176.0,28.4,44,0.0,9.7
Belagavi,15.8521,74.5045,2025-11-13 14:00:00,36.9,36.0,338.0,2.0,11.5,173.0,28.8,42,0.0,8.8
Belagavi,15.8521,74.5045,2025-11-13 15:00:00,36.4,35.6,350.0,4.6,10.3,164.0,28.7,42,0.0,8.3
Belagavi,15.8521,74.5045,2025-11-13 16:00:00,36.6,35.7,371.0,8.5,9.6,150.0,28.2,42,0.0,6.9
Belagavi,15.8521,74.5045,2025-11-13 17:00:00,43.9,43.2,390.0,14.3,9.4,131.0,25.8,60,0.0,3.6
Belagavi,15.8521,74.5045,2025-11-13 18:00:00,48.4,47.7,408.0,21.5,10.4,113.0,24.0,54,0.0,6.4
Belagavi,15.8521,74.5045,2025-11-13 19:00:00,51.5,50.8,425.0,31.2,11.9,88.0,23.1,54,0.0,9.9
Belagavi,15.8521,74.5045,2025-11-13 20:00:00,53.1,52.4,435.0,37.2,12.8,70.0,22.5,54,0.0,11.5
Belagavi,15.8521,74.5045,2025-11-13 21:00:00,52.7,52.2,435.0,36.5,12.9,65.0,22.0,56,0.0,11.7
Belagavi,15.8521,74.5045,2025-11-13 22:00:00,50.9,50.3,428.0,32.0,12.4,67.0,21.8,56,0.0,12.5
Belagavi,15.8521,74.5045,2025-11-13 23:00:00,47.5,46.9,419.0,27.2,12.0,70.0,21.9,56,0.0,14.9
Belagavi,15.8521,74.5045,2025-11-14 00:00:00,44.0,43.3,407.0,22.5,11.6,75.0,21.1,59,0.0,14.3
Belagavi,15.8521,74.5045,2025-11-14 01:00:00,41.4,40.9,392.0,17.3,11.2,82.0,20.4,60,0.0,12.9
Belagavi,15.8521,74.5045,2025-11-14 02:00:00,39.8,39.1,386.0,13.2,10.9,86.0,20.1,58,0.0,11.5
Belagavi,15.8521,74.5045,2025-11-14 03:00:00,38.1,37.5,396.0,10.8,11.0,85.0,19.4,59,0.0,13.9
Belagavi,15.8521,74.5045,2025-11-14 04:00:00,36.1,35.4,415.0,9.5,11.2,80.0,18.4,62,0.0,13.7
Belagavi,15.8521,74.5045,2025-11-14 05:00:00,30.6,29.8,425.0,8.2,9.3,75.0,18.0,65,0.0,13.3
Belagavi,15.8521,74.5045,2025-11-14 06:00:00,30.0,29.2,420.0,8.6,9.3,76.0,17.7,65,0.0,12.8
Belagavi,15.8521,74.5045,2025-11-14 07:00:00,30.5,29.5,408.0,9.2,9.3,78.0,18.4,63,0.0,13.8
Belagavi,15.8521,74.5045,2025-11-14 08:00:00,29.9,28.8,394.0,8.9,9.4,87.0,20.6,58,0.0,12.3
Belagavi,15.8521,74.5045,2025-11-14 09:00:00,30.2,28.8,379.0,7.0,9.6,109.0,22.7,52,0.0,12.8
Belagavi,15.8521,74.5045,2025-11-14 10:00:00,31.9,30.4,362.0,4.4,9.9,138.0,24.5,46,0.0,13.3
Belagavi,15.8521,74.5045,2025-11-14 11:00:00,32.6,31.2,346.0,2.4,9.8,160.0,25.9,42,0.0,12.1
Belagavi,15.8521,74.5045,2025-11-14 12:00:00,31.8,30.5,330.0,1.4,9.2,170.0,26.9,39,0.0,10.6
Belagavi,15.8521,74.5045,2025-11-14 13:00:00,31.1,29.9,316.0,1.1,8.2,173.0,27.6,36,0.0,9.8
Belagavi,15.8521,74.5045,2025-11-14 14:00:00,30.4,29.3,310.0,2.1,7.5,171.0,27.8,35,0.0,9.6
Belagavi,15.8521,74.5045,2025-11-14 15:00:00,29.9,28.9,314.0,4.1,7.0,166.0,27.6,34,0.0,10.5
Belagavi,15.8521,74.5045,2025-11-14 16:00:00,30.2,29.1,326.0,7.5,6.8,156.0,26.9,35,0.0,10.5
Belagavi,15.8521,74.5045,2025-11-14 17:00:00,29.0,28.3,345.0,12.9,7.1,140.0,24.3,50,0.0,4.9
Belagavi,15.8521,74.5045,2025-11-14 18:00:00,33.3,32.7,379.0,22.9,9.0,118.0,21.5,55,0.0,5.9
Belagavi,15.8521,74.5045,2025-11-14 19:00:00,38.8,38.1,420.0,36.4,11.5,88.0,20.9,55,0.0,7.8
Belagavi,15.8521,74.5045,2025-11-14 20:00:00,43.5,42.8,447.0,45.4,13.1,65.0,20.5,54,0.0,8.2
Belagavi,15.8521,74.5045,2025-11-14 21:00:00,46.2,45.5,448.0,45.9,13.0,55.0,20.1,55,0.0,9.3
Belagavi,15.8521,74.5045,2025-11-14 22:00:00,46.0,45.3,434.0,41.8,11.9,52.0,19.5,57,0.0,10.0
Belagavi,15.8521,74.5045,2025-11-14 23:00:00,40.9,40.0,417.0,36.3,10.9,53.0,19.1,59,0.0,10.0
Belagavi,15.8521,74.5045,2025-11-15 00:00:00,35.9,35.2,395.0,29.2,10.1,60.0,18.3,60,0.0,8.1
Belagavi,15.8521,74.5045,2025-11-15 01:00:00,33.6,32.9,370.0,20.7,9.4,72.0,17.3,64,0.0,6.9
Belagavi,15.8521,74.5045,2025-11-15 02:00:00,32.7,31.9,358.0,14.1,9.3,82.0,16.6,68,0.0,6.5
Belagavi,15.8521,74.5045,2025-11-15 03:00:00,32.0,31.1,370.0,10.8,10.2,89.0,16.8,70,0.0,8.5
Belagavi,15.8521,74.5045,2025-11-15 04:00:00,31.9,30.9,394.0,9.4,11.8,95.0,16.8,69,0.0,9.8
Belagavi,15.8521,74.5045,2025-11-15 05:00:00,30.2,29.2,412.0,7.9,13.0,99.0,16.5,69,0.0,11.4
Belagavi,15.8521,74.5045,2025-11-15 06:00:00,31.3,30.4,419.0,8.7,14.3,99.0,16.5,68,0.0,10.9
Belagavi,15.8521,74.5045,2025-11-15 07:00:00,31.9,31.0,420.0,9.7,16.0,100.0,17.7,65,0.0,12.2
Belagavi,15.8521,74.5045,2025-11-15 08:00:00,26.0,25.3,414.0,9.7,16.9,105.0,20.5,58,0.0,10.2
Belagavi,15.8521,74.5045,2025-11-15 09:00:00,24.3,23.3,396.0,7.7,16.2,120.0,22.7,47,0.0,12.8
Belagavi,15.8521,74.5045,2025-11-15 10:00:00,23.7,22.6,371.0,4.7,14.5,140.0,24.1,41,0.0,13.1
Belagavi,15.8521,74.5045,2025-11-15 11:00:00,23.4,22.5,350.0,2.5,12.9,155.0,25.2,38,0.0,11.7
Belagavi,15.8521,74.5045,2025-11-15 12:00:00,22.5,21.7,337.0,1.5,11.4,163.0,26.3,36,0.0,10.2
Belagavi,15.8521,74.5045,2025-11-15 13:00:00,21.6,20.7,328.0,1.3,9.8,166.0,27.0,34,0.0,9.9
Belagavi,15.8521,74.5045,2025-11-15 14:00:00,21.3,20.5,329.0,2.1,8.6,165.0,27.3,34,0.0,9.9
Belagavi,15.8521,74.5045,2025-11-15 15:00:00,21.7,20.8,347.0,4.3,7.9,160.0,27.3,33,0.0,9.7
Belagavi,15.8521,74.5045,2025-11-15 16:00:00,22.5,21.6,375.0,7.6,7.4,152.0,26.7,34,0.0,9.7
Belagavi,15.8521,74.5045,2025-11-15 17:00:00,21.9,21.4,397.0,12.4,6.9,134.0,24.4,44,0.0,6.9
Belagavi,15.8521,74.5045,2025-11-15 18:00:00,24.8,24.3,409.0,16.1,6.9,119.0,21.6,51,0.0,6.7
Belagavi,15.8521,74.5045,2025-11-15 19:00:00,25.7,25.3,415.0,21.1,6.9,98.0,20.7,53,0.0,9.5
Belagavi,15.8521,74.5045,2025-11-15 20:00:00,24.9,24.4,417.0,23.8,6.8,83.0,20.5,52,0.0,12.3
Belagavi,15.8521,74.5045,2025-11-15 21:00:00,23.2,22.9,414.0,22.3,6.5,78.0,20.3,54,0.0,13.0
Belagavi,15.8521,74.5045,2025-11-15 22:00:00,21.6,21.3,407.0,18.5,6.1,79.0,19.5,58,0.0,12.4
Belagavi,15.8521,74.5045,2025-11-15 23:00:00,20.4,20.1,398.0,15.0,5.9,81.0,18.6,63,0.0,13.3
Belagavi,15.8521,74.5045,2025-11-16 00:00:00,20.0,19.6,386.0,12.6,5.9,82.0,18.2,65,0.0,12.9
Belagavi,15.8521,74.5045,2025-11-16 01:00:00,20.5,19.8,372.0,10.4,6.0,85.0,17.9,67,0.0,12.5
Belagavi,15.8521,74.5045,2025-11-16 02:00:00,21.5,20.6,364.0,8.6,6.6,87.0,17.2,69,0.0,11.1
Belagavi,15.8521,74.5045,2025-11-16 03:00:00,23.1,21.9,365.0,7.1,7.6,90.0,16.7,72,0.0,10.6
Belagavi,15.8521,74.5045,2025-11-16 04:00:00,25.0,23.6,373.0,6.0,9.1,93.0,16.6,72,0.0,11.3
Belagavi,15.8521,74.5045,2025-11-16 05:00:00,27.5,26.0,382.0,5.2,9.7,96.0,16.6,72,0.0,13.0
Belagavi,15.8521,74.5045,2025-11-16 06:00:00,29.8,28.1,397.0,6.5,11.3,95.0,16.6,74,0.0,12.9
Belagavi,15.8521,74.5045,2025-11-16 07:00:00,32.2,30.5,415.0,8.2,13.5,94.0,17.9,70,0.0,13.8
Belagavi,15.8521,74.5045,2025-11-16 08:00:00,33.2,31.7,421.0,8.8,15.3,100.0,20.3,64,0.0,13.2
Belagavi,15.8521,74.5045,2025-11-16 09:00:00,38.0,35.4,406.0,7.2,16.3,118.0,22.1,60,0.0,17.2
Belagavi,15.8521,74.5045,2025-11-16 10:00:00,39.6,37.1,380.0,4.4,16.8,142.0,23.6,54,0.0,16.2
Belagavi,15.8521,74.5045,2025-11-16 11:00:00,38.9,36.8,358.0,2.4,16.8,161.0,24.9,49,0.0,15.3
Belagavi,15.8521,74.5045,2025-11-16 12:00:00,37.5,35.6,346.0,1.6,16.0,172.0,26.1,44,0.0,14.1
Belagavi,15.8521,74.5045,2025-11-16 13:00:00,35.9,34.3,338.0,1.5,14.7,178.0,26.9,40,0.0,14.0
Belagavi,15.8521,74.5045,2025-11-16 14:00:00,34.0,32.7,338.0,2.3,13.5,180.0,27.3,35,0.0,14.0
Belagavi,15.8521,74.5045,2025-11-16 15:00:00,32.4,31.3,349.0,4.1,12.5,176.0,27.2,33,0.0,13.9
Belagavi,15.8521,74.5045,2025-11-16 16:00:00,31.4,30.5,366.0,6.7,11.6,168.0,26.5,34,0.0,14.0
Belagavi,15.8521,74.5045,2025-11-16 17:00:00,30.4,30.0,384.0,9.5,11.3,154.0,24.6,41,0.0,9.7
Belagavi,15.8521,74.5045,2025-11-16 18:00:00,33.9,33.4,402.0,13.7,11.1,136.0,22.2,48,0.0,10.3
Belagavi,15.8521,74.5045,2025-11-16 19:00:00,35.5,35.2,421.0,19.3,10.8,111.0,21.1,52,0.0,12.0
Belagavi,15.8521,74.5045,2025-11-16 20:00:00,35.6,35.3,427.0,22.5,10.7,94.0,20.4,54,0.0,12.7
Belagavi,15.8521,74.5045,2025-11-16 21:00:00,34.7,34.2,410.0,20.9,10.7,92.0,19.8,56,0.0,13.0
Belagavi,15.8521,74.5045,2025-11-16 22:00:00,34.1,33.6,382.0,16.9,10.9,99.0,19.3,57,0.0,13.2
Belagavi,15.8521,74.5045,2025-11-16 23:00:00,33.3,32.7,364.0,13.2,11.4,105.0,18.7,60,0.0,13.7
Belagavi,15.8521,74.5045,2025-11-17 00:00:00,32.6,32.0,368.0,10.8,12.3,109.0,18.0,60,0.0,13.3
Belagavi,15.8521,74.5045,2025-11-17 01:00:00,32.1,31.4,382.0,8.7,13.4,112.0,17.5,61,0.0,12.3
Belagavi,15.8521,74.5045,2025-11-17 02:00:00,31.3,30.6,395.0,7.1,14.5,114.0,17.1,66,0.0,12.3
Belagavi,15.8521,74.5045,2025-11-17 03:00:00,30.0,29.5,404.0,6.0,15.7,114.0,16.9,68,0.0,12.0
Belagavi,15.8521,74.5045,2025-11-17 04:00:00,28.9,28.3,413.0,5.3,16.8,112.0,16.2,71,0.0,11.9
Belagavi,15.8521,74.5045,2025-11-17 05:00:00,27.1,26.7,420.0,5.0,18.0,113.0,15.8,72,0.0,11.7
Belagavi,15.8521,74.5045,2025-11-17 06:00:00,27.3,26.8,428.0,6.2,18.1,111.0,15.7,73,0.0,11.8
Belagavi,15.8521,74.5045,2025-11-17 07:00:00,28.9,28.5,435.0,7.8,18.2,110.0,16.8,69,0.0,13.8
Belagavi,15.8521,74.5045,2025-11-17 08:00:00,31.2,30.6,433.0,8.4,18.0,115.0,19.3,60,0.0,12.8
Belagavi,15.8521,74.5045,2025-11-17 09:00:00,33.8,32.9,414.0,6.9,17.6,133.0,21.6,48,0.0,17.2
Belagavi,15.8521,74.5045,2025-11-17 10:00:00,32.4,31.5,385.0,4.3,16.9,158.0,23.1,43,0.0,18.3
Belagavi,15.8521,74.5045,2025-11-17 11:00:00,30.9,30.2,363.0,2.4,15.9,176.0,24.4,40,0.0,16.2
Belagavi,15.8521,74.5045,2025-11-17 12:00:00,30.2,29.5,352.0,1.5,14.4,183.0,25.5,38,0.0,14.1
Belagavi,15.8521,74.5045,2025-11-17 13:00:00,28.5,27.8,346.0,1.3,12.6,183.0,26.5,33,0.0,13.0
Belagavi,15.8521,74.5045,2025-11-17 14:00:00,27.5,26.9,348.0,2.2,11.2,179.0,26.8,32,0.0,12.5
Belagavi,15.8521,74.5045,2025-11-17 15:00:00,27.4,26.8,360.0,4.5,10.5,173.0,26.8,31,0.0,11.5
Belagavi,15.8521,74.5045,2025-11-17 16:00:00,27.9,27.4,378.0,7.8,10.3,163.0,26.1,32,0.0,11.2
Belagavi,15.8521,74.5045,2025-11-17 17:00:00,36.9,36.1,394.0,10.8,10.0,147.0,24.0,41,0.0,7.3
Belagavi,15.8521,74.5045,2025-11-17 18:00:00,40.6,39.9,406.0,15.2,10.1,129.0,21.4,45,0.0,8.6
Belagavi,15.8521,74.5045,2025-11-17 19:00:00,41.0,40.4,415.0,21.0,10.3,104.0,20.3,45,0.0,11.2
Belagavi,15.8521,74.5045,2025-11-17 20:00:00,39.0,38.5,420.0,24.3,10.5,87.0,20.1,44,0.0,13.3
Belagavi,15.8521,74.5045,2025-11-17 21:00:00,36.2,35.7,417.0,22.6,10.7,85.0,19.6,45,0.0,13.5
Belagavi,15.8521,74.5045,2025-11-17 22:00:00,33.8,33.4,410.0,18.3,10.9,92.0,19.0,47,0.0,12.7
Belagavi,15.8521,74.5045,2025-11-17 23:00:00,31.8,31.4,405.0,14.4,11.2,98.0,18.5,51,0.0,11.8
Belagavi,15.8521,74.5045,2025-11-18 00:00:00,30.2,29.8,401.0,11.8,11.6,102.0,17.8,56,0.0,10.2
Belagavi,15.8521,74.5045,2025-11-18 01:00:00,28.9,28.5,399.0,9.6,12.2,105.0,17.2,61,0.0,10.5
Belagavi,15.8521,74.5045,2025-11-18 02:00:00,27.8,27.4,405.0,7.9,13.3,108.0,16.8,64,0.0,10.7
Belagavi,15.8521,74.5045,2025-11-18 03:00:00,27.1,26.8,425.0,6.6,15.3,109.0,16.6,65,0.0,11.1
Belagavi,15.8521,74.5045,2025-11-18 04:00:00,27.0,26.7,453.0,5.9,17.8,110.0,16.4,66,0.0,12.2
Belagavi,15.8521,74.5045,2025-11-18 05:00:00,27.2,26.9,473.0,5.6,19.0,110.0,16.0,66,0.0,13.8
Belagavi,15.8521,74.5045,2025-11-18 06:00:00,28.3,28.0,479.0,6.8,18.9,108.0,15.6,70,0.0,13.4
Belagavi,15.8521,74.5045,2025-11-18 07:00:00,30.2,29.8,476.0,8.4,18.8,106.0,16.7,67,0.0,14.6
Belagavi,15.8521,74.5045,2025-11-18 08:00:00,31.9,31.5,466.0,8.9,18.5,111.0,19.1,60,0.0,12.7
Belagavi,15.8521,74.5045,2025-11-18 09:00:00,35.5,34.9,444.0,7.3,18.2,128.0,21.6,53,0.0,15.3
Belagavi,15.8521,74.5045,2025-11-18 10:00:00,36.9,36.2,414.0,4.5,17.8,152.0,23.5,49,0.0,17.6
Belagavi,15.8521,74.5045,2025-11-18 11:00:00,35.3,34.5,387.0,2.5,16.8,168.0,25.2,47,0.0,16.2
Belagavi,15.8521,74.5045,2025-11-18 12:00:00,32.7,32.0,363.0,1.6,14.8,170.0,26.5,45,0.0,15.3
Belagavi,15.8521,74.5045,2025-11-18 13:00:00,29.4,28.7,341.0,1.4,12.1,165.0,27.3,44,0.0,14.8
Belagavi,15.8521,74.5045,2025-11-18 14:00:00,27.0,26.4,331.0,2.1,10.1,158.0,27.6,43,0.0,13.8
Belagavi,15.8521,74.5045,2025-11-18 15:00:00,25.5,24.9,340.0,3.8,9.1,152.0,27.4,44,0.0,12.9
Belagavi,15.8521,74.5045,2025-11-18 16:00:00,24.7,24.2,360.0,6.4,8.6,143.0,27.0,44,0.0,11.7
Belagavi,15.8521,74.5045,2025-11-18 17:00:00,29.9,29.4,380.0,9.7,7.8,132.0,25.5,50,0.0,7.4
Belagavi,15.8521,74.5045,2025-11-18 18:00:00,33.2,32.7,396.0,14.5,8.1,115.0,22.3,63,0.0,5.9
Belagavi,15.8521,74.5045,2025-11-18 19:00:00,34.6,34.1,410.0,21.0,8.5,92.0,21.3,66,0.0,6.7
Belagavi,15.8521,74.5045,2025-11-18 20:00:00,34.0,33.6,423.0,24.7,8.7,76.0,21.1,63,0.0,10.2
Belagavi,15.8521,74.5045,2025-11-18 21:00:00,32.2,31.9,435.0,23.2,8.4,73.0,20.9,62,0.0,11.8
Belagavi,15.8521,74.5045,2025-11-18 22:00:00,30.5,30.3,445.0,19.0,7.8,77.0,20.2,65,0.0,11.4
Belagavi,15.8521,74.5045,2025-11-18 23:00:00,28.8,28.6,446.0,15.1,7.5,81.0,19.7,69,0.0,13.4
Belagavi,15.8521,74.5045,2025-11-19 00:00:00,27.4,27.1,432.0,12.5,7.7,83.0,19.5,71,0.0,12.7
Belagavi,15.8521,74.5045,2025-11-19 01:00:00,26.4,26.1,410.0,10.2,8.3,85.0,18.5,76,0.0,11.7
Belagavi,15.8521,74.5045,2025-11-19 02:00:00,25.8,25.5,395.0,8.6,8.8,85.0,18.2,76,0.0,12.6
Belagavi,15.8521,74.5045,2025-11-19 03:00:00,25.6,25.1,395.0,8.0,9.2,82.0,17.8,79,0.0,10.6
Belagavi,15.8521,74.5045,2025-11-19 04:00:00,25.6,25.2,402.0,8.0,9.6,77.0,17.5,83,0.0,9.8
Belagavi,15.8521,74.5045,2025-11-19 05:00:00,25.3,24.9,412.0,7.2,9.6,76.0,17.4,84,0.0,10.7
Belagavi,15.8521,74.5045,2025-11-19 06:00:00,26.3,25.8,430.0,8.0,10.2,77.0,17.5,86,0.0,12.5
Belagavi,15.8521,74.5045,2025-11-19 07:00:00,27.9,27.5,450.0,9.0,10.9,80.0,18.8,81,0.0,13.5
Belagavi,15.8521,74.5045,2025-11-19 08:00:00,28.6,28.1,452.0,9.0,11.3,88.0,21.4,72,0.0,11.7
Belagavi,15.8521,74.5045,2025-11-19 09:00:00,29.9,29.2,418.0,7.2,11.1,107.0,23.4,64,0.0,15.7
Belagavi,15.8521,74.5045,2025-11-19 10:00:00,29.7,28.9,365.0,4.5,10.5,130.0,24.9,60,0.0,15.3
Belagavi,15.8521,74.5045,2025-11-19 11:00:00,26.1,25.4,324.0,2.4,9.6,147.0,26.3,58,0.0,14.6
Belagavi,15.8521,74.5045,2025-11-19 12:00:00,19.5,18.9,303.0,1.5,8.2,150.0,26.6,57,0.0,11.9
Belagavi,15.8521,74.5045,2025-11-19 13:00:00,17.4,16.9,293.0,1.2,6.5,146.0,26.8,56,0.0,8.2
Belagavi,15.8521,74.5045,2025-11-19 14:00:00,17.1,16.6,298.0,1.9,5.3,141.0,28.0,51,0.0,6.3
Belagavi,15.8521,74.5045,2025-11-19 15:00:00,17.2,16.8,324.0,3.3,4.8,138.0,28.2,49,0.0,5.4
Belagavi,15.8521,74.5045,2025-11-19 16:00:00,17.7,17.2,364.0,5.6,4.7,134.0,27.9,49,0.0,5.1
Belagavi,15.8521,74.5045,2025-11-19 17:00:00,21.3,20.9,408.0,9.5,5.4,125.0,26.1,57,0.0,4.9
Belagavi,15.8521,74.5045,2025-11-19 18:00:00,27.2,26.8,460.0,18.0,7.0,108.0,23.8,66,0.0,4.7
Belagavi,15.8521,74.5045,2025-11-19 19:00:00,32.9,32.5,515.0,29.8,9.3,84.0,23.3,68,0.0,2.4
Belagavi,15.8521,74.5045,2025-11-19 20:00:00,38.3,37.8,545.0,38.5,11.0,65.0,23.4,65,0.0,7.2
Belagavi,15.8521,74.5045,2025-11-19 21:00:00,42.7,42.3,531.0,41.9,12.0,54.0,23.1,59,0.0,9.4
Belagavi,15.8521,74.5045,2025-11-19 22:00:00,45.6,45.2,491.0,42.3,12.4,46.0,22.0,59,0.0,10.2
Belagavi,15.8521,74.5045,2025-11-19 23:00:00,45.8,45.2,454.0,40.0,12.0,43.0,21.2,65,0.0,9.4
Belagavi,15.8521,74.5045,2025-11-20 00:00:00,42.4,41.8,427.0,33.8,10.0,45.0,20.3,68,0.0,9.4
Belagavi,15.8521,74.5045,2025-11-20 01:00:00,39.7,39.1,402.0,24.9,7.2,50.0,19.7,73,0.0,10.2
Belagavi,15.8521,74.5045,2025-11-20 02:00:00,38.5,37.8,386.0,17.7,5.2,56.0,19.2,78,0.0,10.7
Belagavi,15.8521,74.5045,2025-11-20 03:00:00,38.1,37.3,382.0,13.9,4.9,60.0,18.9,79,0.0,10.6
Belagavi,15.8521,74.5045,2025-11-20 04:00:00,37.5,36.7,385.0,11.7,5.6,65.0,18.5,81,0.0,10.3
Belagavi,15.8521,74.5045,2025-11-20 05:00:00,35.5,34.8,392.0,9.5,6.4,71.0,18.3,81,0.0,10.3
Belagavi,15.8521,74.5045,2025-11-20 06:00:00,34.9,34.2,406.0,9.6,7.6,77.0,17.5,84,0.0,11.4
Belagavi,15.8521,74.5045,2025-11-20 07:00:00,34.7,34.1,422.0,9.6,9.2,87.0,18.4,82,0.0,12.6
Belagavi,15.8521,74.5045,2025-11-20 08:00:00,32.4,31.9,425.0,9.0,10.8,100.0,21.1,71,0.0,11.4
Belagavi,15.8521,74.5045,2025-11-20 09:00:00,31.3,30.7,401.0,7.0,12.2,121.0,23.4,56,0.0,14.1
Belagavi,15.8521,74.5045,2025-11-20 10:00:00,32.6,31.8,363.0,4.4,13.5,146.0,25.0,45,0.0,13.8
Belagavi,15.8521,74.5045,2025-11-20 11:00:00,32.5,31.5,331.0,2.5,14.2,165.0,26.4,39,0.0,12.0
Belagavi,15.8521,74.5045,2025-11-20 12:00:00,31.4,30.3,309.0,1.5,13.8,173.0,27.6,35,0.0,11.3
Belagavi,15.8521,74.5045,2025-11-20 13:00:00,29.9,28.6,293.0,1.3,12.8,174.0,28.4,32,0.0,10.7
Belagavi,15.8521,74.5045,2025-11-20 14:00:00,29.1,27.8,291.0,2.2,11.9,171.0,28.9,30,0.0,10.3
Belagavi,15.8521,74.5045,2025-11-20 15:00:00,28.8,27.5,310.0,4.5,11.2,165.0,28.8,29,0.0,9.8
Belagavi,15.8521,74.5045,2025-11-20 16:00:00,28.9,27.8,341.0,8.0,10.6,156.0,28.2,30,0.0,8.8
Belagavi,15.8521,74.5045,2025-11-20 17:00:00,34.3,33.1,372.0,12.0,10.3,142.0,25.4,49,0.0,4.7
Belagavi,15.8521,74.5045,2025-11-20 18:00:00,40.2,38.9,400.0,17.8,10.7,123.0,22.9,49,0.0,5.8
Belagavi,15.8521,74.5045,2025-11-20 19:00:00,43.7,42.4,426.0,25.7,11.2,96.0,22.3,46,0.0,8.5
Belagavi,15.8521,74.5045,2025-11-20 20:00:00,45.2,44.0,440.0,30.4,11.4,77.0,22.0,45,0.0,11.2
Belagavi,15.8521,74.5045,2025-11-20 21:00:00,44.7,43.7,436.0,29.1,10.9,71.0,21.6,48,0.0,10.6
Belagavi,15.8521,74.5045,2025-11-20 22:00:00,43.8,42.7,420.0,24.6,10.0,72.0,21.0,51,0.0,9.8
Belagavi,15.8521,74.5045,2025-11-20 23:00:00,42.5,41.4,403.0,20.1,9.6,76.0,20.7,54,0.0,11.3
Belagavi,15.8521,74.5045,2025-11-21 00:00:00,40.7,39.6,384.0,16.4,10.1,82.0,20.2,57,0.0,10.4
Belagavi,15.8521,74.5045,2025-11-21 01:00:00,39.2,38.0,365.0,12.8,11.0,91.0,20.1,57,0.0,11.0
Belagavi,15.8521,74.5045,2025-11-21 02:00:00,37.4,36.2,357.0,9.9,12.0,97.0,19.6,58,0.0,11.0
Belagavi,15.8521,74.5045,2025-11-21 03:00:00,35.5,34.3,371.0,8.2,12.9,98.0,19.3,58,0.0,10.5
Belagavi,15.8521,74.5045,2025-11-21 04:00:00,34.1,32.9,397.0,7.3,13.9,97.0,19.0,58,0.0,11.4
Belagavi,15.8521,74.5045,2025-11-21 05:00:00,32.9,32.0,417.0,6.8,13.9,95.0,18.9,60,0.0,12.1
Belagavi,15.8521,74.5045,2025-11-21 06:00:00,32.7,31.9,426.0,7.7,14.7,94.0,18.9,63,0.0,12.5
Belagavi,15.8521,74.5045,2025-11-21 07:00:00,32.7,32.1,429.0,8.9,15.8,94.0,19.6,63,0.0,14.0
Belagavi,15.8521,74.5045,2025-11-21 08:00:00,31.1,30.6,421.0,9.1,16.1,100.0,21.6,60,0.0,13.7
Belagavi,15.8521,74.5045,2025-11-21 09:00:00,28.6,28.2,397.0,7.5,15.1,118.0,23.6,56,0.0,14.4
Belagavi,15.8521,74.5045,2025-11-21 10:00:00,24.7,24.4,363.0,4.9,13.3,141.0,25.5,51,0.0,14.9
Belagavi,15.8521,74.5045,2025-11-21 11:00:00,20.8,20.5,332.0,2.9,11.3,157.0,26.8,46,0.0,13.7
Belagavi,15.8521,74.5045,2025-11-21 12:00:00,17.3,16.9,305.0,1.9,9.1,157.0,27.9,45,0.0,11.4
Belagavi,15.8521,74.5045,2025-11-21 13:00:00,15.0,14.5,280.0,1.4,6.8,149.0,28.6,45,0.0,10.0
Belagavi,15.8521,74.5045,2025-11-21 14:00:00,13.3,12.8,269.0,1.9,5.1,141.0,28.8,45,0.0,9.6
Belagavi,15.8521,74.5045,2025-11-21 15:00:00,12.5,12.0,277.0,3.5,4.4,136.0,28.8,45,0.0,8.4
Belagavi,15.8521,74.5045,2025-11-21 16:00:00,12.3,11.8,298.0,6.0,4.3,131.0,28.4,45,0.0,7.4
Belagavi,15.8521,74.5045,2025-11-21 17:00:00,16.9,16.6,325.0,9.4,5.0,122.0,26.3,61,0.0,3.6
Belagavi,15.8521,74.5045,2025-11-21 18:00:00,21.1,20.8,364.0,14.0,5.4,109.0,24.4,58,0.0,6.3
Belagavi,15.8521,74.5045,2025-11-21 19:00:00,22.3,22.0,408.0,20.2,6.0,90.0,24.1,58,0.0,9.4
Belagavi,15.8521,74.5045,2025-11-21 20:00:00,20.9,20.7,430.0,23.9,6.1,74.0,23.2,61,0.0,10.9
Belagavi,15.8521,74.5045,2025-11-21 21:00:00,19.0,18.9,410.0,23.0,5.2,64.0,23.1,61,0.0,11.7
Belagavi,15.8521,74.5045,2025-11-21 22:00:00,17.1,16.9,368.0,19.7,3.9,58.0,22.8,66,0.0,12.0
Belagavi,15.8521,74.5045,2025-11-21 23:00:00,15.1,15.0,340.0,16.4,3.0,54.0,21.9,71,0.0,12.1
Belagavi,15.8521,74.5045,2025-11-22 00:00:00,14.2,14.0,344.0,13.6,3.1,54.0,21.2,76,0.0,11.9
Belagavi,15.8521,74.5045,2025-11-22 01:00:00,14.4,14.1,362.0,10.7,3.6,56.0,20.7,80,0.0,10.4
Belagavi,15.8521,74.5045,2025-11-22 02:00:00,15.0,14.7,374.0,8.5,4.2,58.0,20.4,83,0.0,10.4
Belagavi,15.8521,74.5045,2025-11-22 03:00:00,15.7,15.3,372.0,7.3,4.6,58.0,20.3,85,0.0,11.3
Belagavi,15.8521,74.5045,2025-11-22 04:00:00,16.3,15.9,364.0,6.8,5.0,58.0,20.0,88,0.0,12.2
Belagavi,15.8521,74.5045,2025-11-22 05:00:00,16.5,16.1,355.0,6.5,8.5,59.0,20.2,92,0.0,13.5
Belagavi,15.8521,74.5045,2025-11-22 06:00:00,17.8,17.3,350.0,6.9,8.6,62.0,20.1,94,0.0,14.0
Belagavi,15.8521,74.5045,2025-11-22 07:00:00,18.9,18.3,346.0,7.4,8.7,66.0,20.8,91,0.0,13.9
Belagavi,15.8521,74.5045,2025-11-22 08:00:00,18.7,18.1,333.0,7.2,8.3,74.0,22.6,84,0.0,14.8
Belagavi,15.8521,74.5045,2025-11-22 09:00:00,19.9,19.2,306.0,5.7,7.0,89.0,24.6,71,0.0,17.3
Belagavi,15.8521,74.5045,2025-11-22 10:00:00,17.5,16.9,271.0,3.6,5.2,107.0,26.3,61,0.0,18.5
Belagavi,15.8521,74.5045,2025-11-22 11:00:00,14.2,13.7,242.0,2.0,3.7,120.0,27.0,58,0.0,18.0
Belagavi,15.8521,74.5045,2025-11-22 12:00:00,12.2,11.7,224.0,1.3,2.8,124.0,27.9,53,0.1,15.8
Belagavi,15.8521,74.5045,2025-11-22 13:00:00,11.0,10.5,212.0,1.2,2.2,124.0,28.7,49,0.1,13.7
Belagavi,15.8521,74.5045,2025-11-22 14:00:00,9.7,9.3,208.0,1.7,1.9,121.0,29.0,48,0.2,12.1
Belagavi,15.8521,74.5045,2025-11-22 15:00:00,8.8,8.3,214.0,2.6,1.9,118.0,28.6,49,0.0,11.2
Belagavi,15.8521,74.5045,2025-11-22 16:00:00,8.1,7.7,227.0,4.2,2.1,112.0,28.0,50,0.0,10.3
Belagavi,15.8521,74.5045,2025-11-22 17:00:00,21.2,19.8,244.0,8.7,2.5,101.0,26.4,55,0.0,10.9
Belagavi,15.8521,74.5045,2025-11-22 18:00:00,24.3,23.2,268.0,13.6,3.3,89.0,24.8,62,0.0,10.0
Belagavi,15.8521,74.5045,2025-11-22 19:00:00,26.5,25.4,296.0,20.2,4.3,72.0,24.1,65,0.0,10.8
Belagavi,15.8521,74.5045,2025-11-22 20:00:00,26.9,26.0,312.0,24.6,5.0,59.0,23.3,68,0.0,11.1
Belagavi,15.8521,74.5045,2025-11-22 21:00:00,26.4,25.5,308.0,24.7,4.9,52.0,22.8,70,0.0,9.7
Belagavi,15.8521,74.5045,2025-11-22 22:00:00,24.9,24.1,293.0,22.6,4.3,47.0,22.4,71,0.0,9.6
Belagavi,15.8521,74.5045,2025-11-22 23:00:00,22.5,21.8,279.0,20.1,3.8,45.0,22.1,76,0.0,11.2
Belagavi,15.8521,74.5045,2025-11-23 00:00:00,19.8,19.2,269.0,17.5,3.4,45.0,21.8,78,0.0,11.0
Belagavi,15.8521,74.5045,2025-11-23 01:00:00,17.4,16.8,261.0,14.5,3.0,46.0,21.0,82,0.0,10.6
Belagavi,15.8521,74.5045,2025-11-23 02:00:00,15.7,15.1,256.0,12.2,2.9,47.0,20.6,84,0.0,10.4
Belagavi,15.8521,74.5045,2025-11-23 03:00:00,14.7,14.0,258.0,11.2,3.4,46.0,20.3,86,0.0,10.8
Belagavi,15.8521,74.5045,2025-11-23 04:00:00,14.2,13.4,264.0,10.9,4.2,43.0,19.8,90,0.0,9.4
Belagavi,15.8521,74.5045,2025-11-23 05:00:00,14.1,13.4,267.0,10.7,4.2,42.0,19.8,95,0.0,9.3
Belagavi,15.8521,74.5045,2025-11-23 06:00:00,14.5,13.6,264.0,10.5,5.0,46.0,19.8,95,0.0,10.3
Belagavi,15.8521,74.5045,2025-11-23 07:00:00,15.2,14.3,258.0,10.2,6.0,53.0,20.6,93,0.0,10.5
Belagavi,15.8521,74.5045,2025-11-23 08:00:00,14.6,13.1,249.0,9.2,6.6,63.0,22.6,83,0.0,11.2
Belagavi,15.8521,74.5045,2025-11-23 09:00:00,14.0,11.9,235.0,7.0,6.3,80.0,24.5,70,0.0,13.9
Belagavi,15.8521,74.5045,2025-11-23 10:00:00,13.0,11.3,218.0,4.2,5.6,101.0,26.3,60,0.0,14.8
Belagavi,15.8521,74.5045,2025-11-23 11:00:00,13.4,11.8,205.0,2.1,5.0,117.0,27.3,55,0.0,14.3
Belagavi,15.8521,74.5045,2025-11-23 12:00:00,13.9,12.4,198.0,1.2,4.7,126.0,28.2,51,0.0,11.1
Belagavi,15.8521,74.5045,2025-11-23 13:00:00,14.7,13.1,196.0,1.1,4.5,130.0,28.9,48,0.0,9.5
Belagavi,15.8521,74.5045,2025-11-23 14:00:00,15.2,13.5,201.0,1.8,4.4,130.0,29.1,46,0.0,8.4
Belagavi,15.8521,74.5045,2025-11-23 15:00:00,16.9,14.8,219.0,3.3,4.2,127.0,28.9,46,0.0,8.3
Belagavi,15.8521,74.5045,2025-11-23 16:00:00,16.0,14.2,244.0,5.7,4.1,120.0,28.3,45,0.0,8.6
Belagavi,15.8521,74.5045,2025-11-23 17:00:00,20.4,18.6,268.0,8.2,4.3,124.0,26.7,57,0.0,3.7
Belagavi,15.8521,74.5045,2025-11-23 18:00:00,24.2,22.6,287.0,15.2,5.4,106.0,25.2,57,0.0,4.6
Belagavi,15.8521,74.5045,2025-11-23 19:00:00,26.9,25.3,305.0,24.7,6.9,82.0,25.0,55,0.0,8.3
Belagavi,15.8521,74.5045,2025-11-23 20:00:00,29.5,27.9,317.0,30.6,7.7,63.0,24.0,56,0.0,9.1
Belagavi,15.8521,74.5045,2025-11-23 21:00:00,29.6,28.1,324.0,29.6,7.0,54.0,23.0,59,0.0,9.9
Belagavi,15.8521,74.5045,2025-11-23 22:00:00,25.7,24.4,325.0,25.0,5.5,51.0,22.6,61,0.0,11.2
Belagavi,15.8521,74.5045,2025-11-23 23:00:00,21.0,19.9,318.0,20.7,4.4,48.0,22.0,67,0.0,10.4
Belagavi,15.8521,74.5045,2025-11-24 00:00:00,17.6,16.8,295.0,18.0,4.2,45.0,21.3,77,0.0,9.8
Belagavi,15.8521,74.5045,2025-11-24 01:00:00,14.7,14.1,263.0,15.7,4.4,43.0,20.7,84,0.0,9.4
Belagavi,15.8521,74.5045,2025-11-24 02:00:00,12.4,12.0,240.0,13.9,4.9,42.0,20.1,87,0.0,8.9
Belagavi,15.8521,74.5045,2025-11-24 03:00:00,10.9,10.4,235.0,13.0,5.8,41.0,20.2,86,0.0,9.2
Belagavi,15.8521,74.5045,2025-11-24 04:00:00,9.7,9.3,238.0,12.6,6.9,40.0,19.8,88,0.0,10.2
Belagavi,15.8521,74.5045,2025-11-24 05:00:00,9.6,9.3,243.0,12.1,5.6,40.0,20.0,95,0.0,10.7
Belagavi,15.8521,74.5045,2025-11-24 06:00:00,9.5,9.2,248.0,11.3,5.7,44.0,19.9,96,0.0,9.8
Belagavi,15.8521,74.5045,2025-11-24 07:00:00,8.8,8.5,255.0,10.2,5.8,50.0,20.8,93,0.0,12.3
Belagavi,15.8521,74.5045,2025-11-24 08:00:00,7.2,7.0,254.0,8.7,5.7,58.0,22.7,83,0.0,16.7
Belagavi,15.8521,74.5045,2025-11-24 09:00:00,7.0,6.7,240.0,6.6,5.1,71.0,24.3,73,0.0,17.1
Belagavi,15.8521,74.5045,2025-11-24 10:00:00,7.5,7.1,218.0,4.2,4.2,86.0,26.1,63,0.0,18.1
Belagavi,15.8521,74.5045,2025-11-24 11:00:00,8.9,8.2,203.0,2.4,3.5,99.0,26.8,59,0.0,17.6
Belagavi,15.8521,74.5045,2025-11-24 12:00:00,8.3,7.6,198.0,1.6,3.1,107.0,26.9,57,0.0,15.9
Belagavi,15.8521,74.5045,2025-11-24 13:00:00,7.4,6.9,198.0,1.5,2.9,111.0,27.8,54,0.0,14.1
Belagavi,15.8521,74.5045,2025-11-24 14:00:00,7.1,6.8,205.0,2.0,2.7,113.0,27.2,56,0.1,14.6
Belagavi,15.8521,74.5045,2025-11-24 15:00:00,7.8,7.4,221.0,3.1,2.6,111.0,27.5,56,0.2,11.6
Belagavi,15.8521,74.5045,2025-11-24 16:00:00,8.0,7.6,244.0,4.8,2.6,106.0,27.3,55,0.0,9.8
Belagavi,15.8521,74.5045,2025-11-24 17:00:00,18.2,16.9,265.0,10.0,2.8,92.0,26.7,56,0.6,7.8
Belagavi,15.8521,74.5045,2025-11-24 18:00:00,21.2,20.0,283.0,11.6,3.4,86.0,25.0,62,0.0,7.4
Belagavi,15.8521,74.5045,2025-11-24 19:00:00,20.1,19.0,300.0,13.8,4.3,77.0,24.2,65,0.0,6.7
Belagavi,15.8521,74.5045,2025-11-24 20:00:00,21.8,20.7,311.0,15.2,4.9,71.0,23.2,69,0.0,5.0
Belagavi,15.8521,74.5045,2025-11-24 21:00:00,22.4,21.4,312.0,15.0,4.9,69.0,22.6,70,0.0,5.4
Belagavi,15.8521,74.5045,2025-11-24 22:00:00,23.2,22.1,307.0,13.9,4.6,69.0,22.3,71,0.0,8.7
Belagavi,15.8521,74.5045,2025-11-24 23:00:00,25.0,23.7,302.0,12.9,4.3,68.0,21.9,72,0.0,12.3
Belagavi,15.8521,74.5045,2025-11-25 00:00:00,26.5,25.1,297.0,12.1,4.1,65.0,21.6,74,0.0,13.0
Belagavi,15.8521,74.5045,2025-11-25 01:00:00,27.4,26.0,293.0,11.4,3.8,62.0,21.2,75,0.0,12.1
Belagavi,15.8521,74.5045,2025-11-25 02:00:00,27.0,25.7,292.0,10.8,3.8,59.0,20.7,77,0.0,10.3
Belagavi,15.8521,74.5045,2025-11-25 03:00:00,26.7,25.4,299.0,10.5,4.0,55.0,20.2,80,0.0,9.7
Belagavi,15.8521,74.5045,2025-11-25 04:00:00,27.0,25.7,309.0,10.3,4.4,52.0,19.8,81,0.0,9.5
Belagavi,15.8521,74.5045,2025-11-25 05:00:00,29.0,27.6,318.0,8.6,4.8,62.0,20.1,87,0.0,12.1
Belagavi,15.8521,74.5045,2025-11-25 06:00:00,29.5,28.3,325.0,8.9,6.0,62.0,19.9,88,0.0,14.2
Belagavi,15.8521,74.5045,2025-11-25 07:00:00,30.9,29.7,331.0,9.3,7.7,62.0,20.3,87,0.0,13.4
Belagavi,15.8521,74.5045,2025-11-25 08:00:00,30.5,28.9,329.0,8.9,8.6,69.0,22.0,79,0.0,19.4
Belagavi,15.8521,74.5045,2025-11-25 09:00:00,35.5,33.4,314.0,6.9,8.0,89.0,23.7,69,0.0,21.0
Belagavi,15.8521,74.5045,2025-11-25 10:00:00,35.9,33.9,293.0,4.2,6.5,116.0,25.2,62,0.0,18.5
Belagavi,15.8521,74.5045,2025-11-25 11:00:00,35.2,33.3,276.0,2.2,5.3,137.0,26.5,57,0.0,17.5
Belagavi,15.8521,74.5045,2025-11-25 12:00:00,33.8,32.0,268.0,1.4,4.6,147.0,27.1,52,0.0,16.2
Belagavi,15.8521,74.5045,2025-11-25 13:00:00,32.5,30.9,265.0,1.3,4.0,151.0,28.0,48,0.0,16.0
Belagavi,15.8521,74.5045,2025-11-25 14:00:00,31.5,29.9,266.0,1.9,3.6,151.0,28.2,46,0.0,15.9
Belagavi,15.8521,74.5045,2025-11-25 15:00:00,30.4,28.7,273.0,3.2,3.4,147.0,28.1,45,0.0,15.1
Belagavi,15.8521,74.5045,2025-11-25 16:00:00,29.2,27.5,284.0,5.2,3.4,140.0,27.5,45,0.0,13.7
Belagavi,15.8521,74.5045,2025-11-25 17:00:00,26.7,25.6,296.0,6.8,3.5,124.0,26.2,50,0.0,13.1
Belagavi,15.8521,74.5045,2025-11-25 18:00:00,27.6,26.6,309.0,10.5,3.7,110.0,24.4,55,0.0,13.1
Belagavi,15.8521,74.5045,2025-11-25 19:00:00,27.2,26.3,323.0,15.5,3.9,90.0,23.5,57,0.0,14.8
Belagavi,15.8521,74.5045,2025-11-25 20:00:00,25.8,25.0,334.0,18.6,3.9,75.0,22.6,58,0.0,14.0
Belagavi,15.8521,74.5045,2025-11-25 21:00:00,24.1,23.3,340.0,18.0,3.4,70.0,21.9,59,0.0,13.5
Belagavi,15.8521,74.5045,2025-11-25 22:00:00,23.0,22.2,343.0,15.6,2.7,70.0,21.0,64,0.0,12.7
Belagavi,15.8521,74.5045,2025-11-25 23:00:00,22.5,21.8,342.0,13.2,2.2,70.0,20.1,67,0.0,12.3
Belagavi,15.8521,74.5045,2025-11-26 00:00:00,22.5,21.7,335.0,11.5,1.9,70.0,19.4,70,0.0,10.1
Belagavi,15.8521,74.5045,2025-11-26 01:00:00,22.9,22.1,326.0,9.9,1.7,71.0,19.1,72,0.0,9.6
Belagavi,15.8521,74.5045,2025-11-26 02:00:00,23.7,22.9,320.0,8.6,1.8,72.0,19.0,75,0.0,10.1
Belagavi,15.8521,74.5045,2025-11-26 03:00:00,24.7,23.9,321.0,7.7,2.0,72.0,18.5,79,0.0,9.7
Belagavi,15.8521,74.5045,2025-11-26 04:00:00,25.8,25.0,326.0,7.2,2.4,72.0,18.3,80,0.0,10.8
Belagavi,15.8521,74.5045,2025-11-26 05:00:00,27.2,26.5,337.0,7.1,2.9,70.0,18.0,83,0.0,11.0
Belagavi,15.8521,74.5045,2025-11-26 06:00:00,29.0,28.3,364.0,8.1,4.1,71.0,17.7,86,0.0,10.6
Belagavi,15.8521,74.5045,2025-11-26 07:00:00,31.1,30.5,397.0,9.3,5.7,74.0,18.6,85,0.0,12.1
Belagavi,15.8521,74.5045,2025-11-26 08:00:00,32.4,31.8,411.0,9.4,6.7,81.0,21.0,77,0.0,11.9
Belagavi,15.8521,74.5045,2025-11-26 09:00:00,35.4,34.7,388.0,7.4,6.6,98.0,23.1,66,0.0,16.1
Belagavi,15.8521,74.5045,2025-11-26 10:00:00,35.6,34.9,346.0,4.4,6.0,120.0,24.7,58,0.0,16.7
Belagavi,15.8521,74.5045,2025-11-26 11:00:00,32.9,32.2,310.0,2.1,5.4,137.0,25.1,57,0.0,16.3
Belagavi,15.8521,74.5045,2025-11-26 12:00:00,30.6,30.2,287.0,1.3,4.9,146.0,25.3,56,0.0,14.6
Belagavi,15.8521,74.5045,2025-11-26 13:00:00,30.0,29.6,269.0,1.4,4.4,151.0,26.2,53,0.0,11.7
Belagavi,15.8521,74.5045,2025-11-26 14:00:00,29.9,29.5,261.0,1.9,4.1,152.0,26.4,51,0.0,11.4
Belagavi,15.8521,74.5045,2025-11-26 15:00:00,30.0,29.5,263.0,2.8,4.0,151.0,26.3,51,0.0,11.1
Belagavi,15.8521,74.5045,2025-11-26 16:00:00,30.6,30.0,275.0,4.2,4.0,147.0,26.4,50,0.0,9.4
Belagavi,15.8521,74.5045,2025-11-26 17:00:00,39.1,38.5,295.0,9.1,3.8,124.0,25.5,54,0.0,9.1
Belagavi,15.8521,74.5045,2025-11-26 18:00:00,42.0,41.6,333.0,13.2,4.1,108.0,23.2,64,0.0,10.6
Belagavi,15.8521,74.5045,2025-11-26 19:00:00,43.1,42.6,380.0,18.7,4.6,87.0,22.6,68,0.0,11.7
Belagavi,15.8521,74.5045,2025-11-26 20:00:00,42.6,42.0,411.0,21.7,4.8,72.0,21.9,72,0.0,10.5
Belagavi,15.8521,74.5045,2025-11-26 21:00:00,40.5,40.0,411.0,19.9,4.4,71.0,21.4,75,0.0,10.5
Belagavi,15.8521,74.5045,2025-11-26 22:00:00,38.0,37.6,394.0,15.6,3.8,77.0,21.0,76,0.0,12.8
Belagavi,15.8521,74.5045,2025-11-26 23:00:00,35.6,35.4,380.0,11.8,3.4,82.0,20.3,79,0.0,15.2
Belagavi,15.8521,74.5045,2025-11-27 00:00:00,34.0,33.6,374.0,9.4,3.3,85.0,19.6,82,0.0,12.2
Belagavi,15.8521,74.5045,2025-11-27 01:00:00,33.4,33.2,370.0,7.5,3.4,87.0,19.0,84,0.0,11.2
Belagavi,15.8521,74.5045,2025-11-27 02:00:00,34.0,33.6,370.0,6.1,3.7,89.0,18.7,83,0.0,12.6
Belagavi,15.8521,74.5045,2025-11-27 03:00:00,35.3,34.9,377.0,5.3,4.3,89.0,18.5,83,0.0,12.8
Belagavi,15.8521,74.5045,2025-11-27 04:00:00,36.9,36.6,389.0,4.9,5.2,89.0,18.2,83,0.0,14.4
Belagavi,15.8521,74.5045,2025-11-27 05:00:00,39.1,38.8,401.0,5.3,6.5,87.0,17.7,86,0.0,14.7
Belagavi,15.8521,74.5045,2025-11-27 06:00:00,41.8,41.3,414.0,6.4,7.4,85.0,17.1,90,0.0,13.8
Belagavi,15.8521,74.5045,2025-11-27 07:00:00,45.5,44.8,427.0,7.8,8.6,82.0,17.6,89,0.0,13.2
Belagavi,15.8521,74.5045,2025-11-27 08:00:00,50.4,49.2,429.0,8.2,9.4,86.0,19.7,80,0.0,12.8
Belagavi,15.8521,74.5045,2025-11-27 09:00:00,61.0,59.0,411.0,6.6,9.3,103.0,21.8,68,0.0,17.8
Belagavi,15.8521,74.5045,2025-11-27 10:00:00,59.8,57.9,382.0,4.1,8.8,127.0,23.4,59,0.0,19.2
Belagavi,15.8521,74.5045,2025-11-27 11:00:00,52.9,51.3,362.0,2.2,8.1,145.0,24.6,53,0.0,18.8
Belagavi,15.8521,74.5045,2025-11-27 12:00:00,46.8,45.5,357.0,1.5,7.3,153.0,25.7,48,0.0,17.8
Belagavi,15.8521,74.5045,2025-11-27 13:00:00,43.4,42.4,361.0,1.4,6.5,155.0,26.5,44,0.0,17.5
Belagavi,15.8521,74.5045,2025-11-27 14:00:00,42.8,41.9,368.0,2.0,5.8,154.0,26.7,45,0.0,17.0
Belagavi,15.8521,74.5045,2025-11-27 15:00:00,41.4,40.6,377.0,3.4,5.5,150.0,26.6,44,0.0,15.5
Belagavi,15.8521,74.5045,2025-11-27 16:00:00,42.1,41.3,390.0,5.4,5.4,144.0,25.9,44,0.0,14.7
Belagavi,15.8521,74.5045,2025-11-27 17:00:00,39.2,38.8,410.0,7.2,5.7,137.0,24.5,52,0.0,13.1
Belagavi,15.8521,74.5045,2025-11-27 18:00:00,41.2,40.7,446.0,9.1,6.1,127.0,22.8,58,0.0,13.0
Belagavi,15.8521,74.5045,2025-11-27 19:00:00,41.2,40.9,490.0,11.7,6.6,114.0,22.0,61,0.0,13.6
Belagavi,15.8521,74.5045,2025-11-27 20:00:00,40.6,40.4,514.0,13.1,7.0,105.0,21.2,65,0.0,12.0
Belagavi,15.8521,74.5045,2025-11-27 21:00:00,40.3,40.0,503.0,12.3,7.1,103.0,20.4,67,0.0,12.0
Belagavi,15.8521,74.5045,2025-11-27 22:00:00,40.6,40.3,473.0,10.4,7.1,105.0,19.9,69,0.0,13.2
Belagavi,15.8521,74.5045,2025-11-27 23:00:00,41.0,40.5,446.0,8.6,7.2,106.0,19.3,72,0.0,13.2
Belagavi,15.8521,74.5045,2025-11-28 00:00:00,41.2,40.9,426.0,7.4,7.4,105.0,18.8,68,0.0,12.8
Belagavi,15.8521,74.5045,2025-11-28 01:00:00,41.9,41.4,410.0,6.3,7.7,105.0,18.7,64,0.0,12.6
Belagavi,15.8521,74.5045,2025-11-28 02:00:00,43.1,42.5,402.0,5.5,8.7,104.0,18.5,66,0.0,12.8
Belagavi,15.8521,74.5045,2025-11-28 03:00:00,44.8,44.2,408.0,4.7,10.9,104.0,18.2,71,0.0,12.5
Belagavi,15.8521,74.5045,2025-11-28 04:00:00,47.4,46.7,424.0,4.2,13.8,105.0,17.7,75,0.0,12.1
Belagavi,15.8521,74.5045,2025-11-28 05:00:00,47.4,46.7,442.0,4.5,13.5,103.0,17.5,80,0.0,12.6
Belagavi,15.8521,74.5045,2025-11-28 06:00:00,50.4,49.7,468.0,6.0,15.2,98.0,17.3,83,0.0,13.0
Belagavi,15.8521,74.5045,2025-11-28 07:00:00,54.5,53.7,496.0,7.9,17.4,91.0,18.1,80,0.0,14.0
Belagavi,15.8521,74.5045,2025-11-28 08:00:00,58.2,57.4,504.0,8.7,18.5,94.0,20.5,72,0.0,13.7
Belagavi,15.8521,74.5045,2025-11-28 09:00:00,67.5,66.4,476.0,7.1,17.3,114.0,22.6,62,0.0,18.6
Belagavi,15.8521,74.5045,2025-11-28 10:00:00,68.7,67.5,428.0,4.4,14.9,143.0,24.2,54,0.0,19.9
Belagavi,15.8521,74.5045,2025-11-28 11:00:00,64.0,62.9,385.0,2.3,12.9,164.0,25.4,43,0.0,19.9
Belagavi,15.8521,74.5045,2025-11-28 12:00:00,58.8,57.5,353.0,1.5,11.8,172.0,26.4,36,0.0,18.9
Belagavi,15.8521,74.5045,2025-11-28 13:00:00,53.7,52.5,326.0,1.4,11.1,172.0,27.0,36,0.0,18.3
Belagavi,15.8521,74.5045,2025-11-28 14:00:00,49.9,48.8,307.0,2.1,10.5,169.0,27.3,35,0.0,17.6
Belagavi,15.8521,74.5045,2025-11-28 15:00:00,47.7,46.7,297.0,3.7,9.9,164.0,27.3,35,0.0,15.9
Belagavi,15.8521,74.5045,2025-11-28 16:00:00,45.9,44.9,294.0,6.2,9.5,156.0,26.6,35,0.0,14.4
Belagavi,15.8521,74.5045,2025-11-28 17:00:00,42.7,42.0,298.0,9.3,8.9,145.0,24.7,40,0.0,11.3
Belagavi,15.8521,74.5045,2025-11-28 18:00:00,45.1,44.4,313.0,13.6,8.9,127.0,22.3,46,0.0,10.4
Belagavi,15.8521,74.5045,2025-11-28 19:00:00,46.1,45.6,335.0,19.4,9.0,103.0,21.6,48,0.0,12.1
Belagavi,15.8521,74.5045,2025-11-28 20:00:00,46.9,46.3,351.0,23.3,9.1,84.0,21.1,51,0.0,11.9
Belagavi,15.8521,74.5045,2025-11-28 21:00:00,48.0,47.4,354.0,23.8,9.2,77.0,20.6,54,0.0,11.5
Belagavi,15.8521,74.5045,2025-11-28 22:00:00,49.5,48.8,352.0,22.4,9.4,75.0,20.2,57,0.0,11.8
Belagavi,15.8521,74.5045,2025-11-28 23:00:00,49.9,49.2,357.0,20.3,9.5,75.0,20.1,58,0.0,13.2
Belagavi,15.8521,74.5045,2025-11-29 00:00:00,49.9,49.2,382.0,17.6,9.5,76.0,19.7,59,0.0,14.4
Belagavi,15.8521,74.5045,2025-11-29 01:00:00,49.4,48.7,414.0,14.2,9.4,78.0,18.8,62,0.0,14.4
Belagavi,15.8521,74.5045,2025-11-29 02:00:00,47.4,46.7,432.0,11.3,9.2,79.0,18.0,64,0.0,15.3
Belagavi,15.8521,74.5045,2025-11-29 03:00:00,43.7,43.2,419.0,9.3,8.6,78.0,17.5,64,0.0,15.8
Belagavi,15.8521,74.5045,2025-11-29 04:00:00,39.1,38.8,392.0,7.7,7.8,76.0,17.1,66,0.0,15.8
Belagavi,15.8521,74.5045,2025-11-29 05:00:00,35.3,34.9,374.0,7.6,7.7,70.0,16.9,67,0.0,16.4
Belagavi,15.8521,74.5045,2025-11-29 06:00:00,33.3,32.8,380.0,8.5,8.2,71.0,16.6,69,0.0,16.8
Belagavi,15.8521,74.5045,2025-11-29 07:00:00,34.0,33.4,395.0,9.5,9.1,74.0,17.0,69,0.0,17.6
Belagavi,15.8521,74.5045,2025-11-29 08:00:00,35.6,35.0,400.0,9.6,10.7,84.0,18.9,64,0.0,15.6
Belagavi,15.8521,74.5045,2025-11-29 09:00:00,42.6,41.4,383.0,7.7,13.8,109.0,21.3,60,0.0,16.9
Belagavi,15.8521,74.5045,2025-11-29 10:00:00,45.6,44.2,354.0,4.8,17.5,143.0,23.1,51,0.0,18.2
Belagavi,15.8521,74.5045,2025-11-29 11:00:00,43.4,42.1,328.0,2.6,20.2,168.0,24.5,42,0.0,18.8
Belagavi,15.8521,74.5045,2025-11-29 12:00:00,40.4,39.3,306.0,1.7,20.8,179.0,25.6,36,0.0,18.2
Belagavi,15.8521,74.5045,2025-11-29 13:00:00,38.9,38.0,285.0,1.6,20.3,182.0,26.4,32,0.0,17.1
Belagavi,15.8521,74.5045,2025-11-29 14:00:00,38.0,37.0,274.0,2.4,19.7,180.0,26.7,30,0.0,16.3
Belagavi,15.8521,74.5045,2025-11-29 15:00:00,37.5,36.8,276.0,4.2,19.5,174.0,26.5,28,0.0,15.3
Belagavi,15.8521,74.5045,2025-11-29 16:00:00,37.4,36.7,288.0,6.9,19.3,164.0,25.7,27,0.0,14.4
Belagavi,15.8521,74.5045,2025-11-29 17:00:00,42.6,41.9,299.0,9.1,18.2,158.0,23.6,32,0.0,11.9
Belagavi,15.8521,74.5045,2025-11-29 18:00:00,44.0,43.4,307.0,12.1,17.9,143.0,21.5,35,0.0,12.4
Belagavi,15.8521,74.5045,2025-11-29 19:00:00,44.5,44.0,316.0,16.2,17.6,123.0,20.7,37,0.0,14.4
Belagavi,15.8521,74.5045,2025-11-29 20:00:00,44.5,44.0,326.0,18.6,17.1,108.0,20.2,41,0.0,14.7
Belagavi,15.8521,74.5045,2025-11-29 21:00:00,43.7,43.2,340.0,17.9,16.5,104.0,19.2,47,0.0,14.2
Belagavi,15.8521,74.5045,2025-11-29 22:00:00,42.3,41.8,355.0,15.7,15.8,105.0,18.5,51,0.0,15.4
Belagavi,15.8521,74.5045,2025-11-29 23:00:00,40.9,40.3,366.0,13.3,15.2,106.0,18.2,53,0.0,14.4
Belagavi,15.8521,74.5045,2025-11-30 00:00:00,39.2,38.6,367.0,11.2,14.7,107.0,17.8,56,0.0,13.0
Belagavi,15.8521,74.5045,2025-11-30 01:00:00,38.1,37.5,363.0,9.1,14.4,109.0,17.7,58,0.0,14.3
Belagavi,15.8521,74.5045,2025-11-30 02:00:00,37.4,36.7,365.0,7.5,14.4,109.0,17.5,60,0.0,14.3
Belagavi,15.8521,74.5045,2025-11-30 03:00:00,37.1,36.4,380.0,6.6,15.0,106.0,17.2,61,0.0,14.1
Belagavi,15.8521,74.5045,2025-11-30 04:00:00,37.6,36.8,401.0,6.3,15.9,101.0,16.8,64,0.0,13.1
Belagavi,15.8521,74.5045,2025-11-30 05:00:00,38.3,37.4,420.0,7.1,16.3,104.0,16.2,66,0.0,11.3
Belagavi,15.8521,74.5045,2025-11-30 06:00:00,40.4,39.5,437.0,8.5,16.4,100.0,15.8,70,0.0,10.4
Belagavi,15.8521,74.5045,2025-11-30 07:00:00,42.3,41.4,451.0,10.4,16.6,95.0,16.5,70,0.0,11.9
Belagavi,15.8521,74.5045,2025-11-30 08:00:00,41.1,40.5,452.0,10.9,16.6,99.0,19.3,63,0.0,10.8
Belagavi,15.8521,74.5045,2025-11-30 09:00:00,39.5,39.0,428.0,8.7,16.6,119.0,21.9,57,0.0,13.8
Belagavi,15.8521,74.5045,2025-11-30 10:00:00,38.2,37.6,391.0,5.2,16.5,147.0,23.7,52,0.0,14.5
Belagavi,15.8521,74.5045,2025-11-30 11:00:00,36.3,35.6,361.0,2.5,16.0,168.0,25.1,49,0.0,15.6
Belagavi,15.8521,74.5045,2025-11-30 12:00:00,33.9,33.1,346.0,1.4,14.6,174.0,26.3,47,0.0,13.9
Belagavi,15.8521,74.5045,2025-11-30 13:00:00,31.4,30.6,339.0,1.3,12.8,172.0,27.2,45,0.0,12.6
Belagavi,15.8521,74.5045,2025-11-30 14:00:00,29.8,29.0,335.0,2.0,11.3,167.0,27.7,43,0.0,10.8
Belagavi,15.8521,74.5045,2025-11-30 15:00:00,28.4,27.7,329.0,3.2,10.4,162.0,27.6,43,0.0,10.7
Belagavi,15.8521,74.5045,2025-11-30 16:00:00,27.7,27.1,326.0,5.3,9.8,154.0,27.2,43,0.0,11.2
Belagavi,15.8521,74.5045,2025-11-30 17:00:00,27.9,27.5,339.0,9.3,9.8,143.0,26.0,50,0.0,7.7
Belagavi,15.8521,74.5045,2025-11-30 18:00:00,33.3,32.8,385.0,17.2,10.7,123.0,24.3,61,0.0,1.5
Belagavi,15.8521,74.5045,2025-11-30 19:00:00,38.1,37.6,447.0,27.9,12.0,95.0,23.7,59,0.0,9.9
Belagavi,15.8521,74.5045,2025-11-30 20:00:00,41.9,41.4,491.0,34.7,12.6,74.0,23.3,57,0.0,11.3
Belagavi,15.8521,74.5045,2025-11-30 21:00:00,43.4,43.0,503.0,33.9,11.9,67.0,22.5,59,0.0,10.6
Belagavi,15.8521,74.5045,2025-11-30 22:00:00,42.4,41.9,496.0,29.1,10.6,68.0,21.6,63,0.0,7.3
Belagavi,15.8521,74.5045,2025-11-30 23:00:00,39.9,39.5,482.0,24.5,9.4,68.0,21.3,70,0.0,9.0
Belagavi,15.8521,74.5045,2025-12-01 00:00:00,37.3,36.9,455.0,21.5,8.6,65.0,20.3,77,0.0,10.6
Belagavi,15.8521,74.5045,2025-12-01 01:00:00,34.8,34.5,420.0,18.7,7.9,63.0,19.4,82,0.0,9.4
Belagavi,15.8521,74.5045,2025-12-01 02:00:00,32.7,32.5,399.0,16.4,7.6,60.0,18.7,86,0.0,8.7
Belagavi,15.8521,74.5045,2025-12-01 03:00:00,31.0,30.7,407.0,14.7,7.8,57.0,18.4,88,0.0,9.7
Belagavi,15.8521,74.5045,2025-12-01 04:00:00,29.8,29.5,430.0,13.4,8.5,53.0,18.1,90,0.0,9.4
Belagavi,15.8521,74.5045,2025-12-01 05:00:00,30.9,30.6,443.0,12.0,8.2,54.0,17.4,93,0.0,9.3
Belagavi,15.8521,74.5045,2025-12-01 06:00:00,30.4,30.2,438.0,12.1,8.2,55.0,17.2,93,0.0,9.5
Belagavi,15.8521,74.5045,2025-12-01 07:00:00,31.3,31.0,425.0,12.1,8.2,57.0,18.0,89,0.0,10.8
Belagavi,15.8521,74.5045,2025-12-01 08:00:00,25.2,24.9,407.0,11.2,8.7,68.0,20.5,76,0.0,10.5
Belagavi,15.8521,74.5045,2025-12-01 09:00:00,24.9,24.4,384.0,8.6,10.3,95.0,22.6,65,0.0,12.9
Belagavi,15.8521,74.5045,2025-12-01 10:00:00,28.5,28.0,357.0,5.2,12.4,131.0,24.4,56,0.0,12.2
Belagavi,15.8521,74.5045,2025-12-01 11:00:00,29.2,28.8,336.0,2.7,13.8,159.0,25.6,53,0.0,11.4
Belagavi,15.8521,74.5045,2025-12-01 12:00:00,28.8,28.3,326.0,1.7,13.9,173.0,26.8,48,0.0,8.8
Belagavi,15.8521,74.5045,2025-12-01 13:00:00,28.5,28.1,322.0,1.5,13.4,179.0,27.6,45,0.0,6.7
Belagavi,15.8521,74.5045,2025-12-01 14:00:00,28.8,28.4,323.0,2.3,13.0,180.0,28.2,43,0.0,5.8
Belagavi,15.8521,74.5045,2025-12-01 15:00:00,29.6,29.2,328.0,3.6,12.8,176.0,28.2,41,0.0,5.2
Belagavi,15.8521,74.5045,2025-12-01 16:00:00,30.4,29.9,339.0,5.8,12.8,166.0,27.7,41,0.0,5.9
Belagavi,15.8521,74.5045,2025-12-01 17:00:00,28.2,28.0,358.0,9.7,14.6,158.0,26.1,50,0.0,3.5
Belagavi,15.8521,74.5045,2025-12-01 18:00:00,34.7,34.6,394.0,16.9,15.4,137.0,24.0,57,0.0,3.1
Belagavi,15.8521,74.5045,2025-12-01 19:00:00,39.2,39.0,438.0,26.9,16.6,109.0,22.8,58,0.0,4.5
Belagavi,15.8521,74.5045,2025-12-01 20:00:00,43.5,43.4,471.0,34.9,17.8,85.0,22.3,56,0.0,6.1
Belagavi,15.8521,74.5045,2025-12-01 21:00:00,47.8,47.6,484.0,39.3,19.1,71.0,21.9,56,0.0,7.9
Belagavi,15.8521,74.5045,2025-12-01 22:00:00,52.2,52.0,485.0,41.6,20.4,61.0,20.9,61,0.0,7.4
Belagavi,15.8521,74.5045,2025-12-01 23:00:00,54.7,54.5,478.0,41.6,20.7,55.0,20.1,67,0.0,9.1
Belagavi,15.8521,74.5045,2025-12-02 00:00:00,54.0,53.8,456.0,38.3,19.3,52.0,19.5,70,0.0,8.8
Belagavi,15.8521,74.5045,2025-12-02 01:00:00,51.7,51.5,426.0,32.6,16.8,53.0,19.3,71,0.0,10.3
Belagavi,15.8521,74.5045,2025-12-02 02:00:00,49.0,48.8,408.0,27.3,15.0,55.0,19.0,74,0.0,9.9
Belagavi,15.8521,74.5045,2025-12-02 03:00:00,47.3,46.9,412.0,23.0,14.4,59.0,18.6,77,0.0,9.5
Belagavi,15.8521,74.5045,2025-12-02 04:00:00,46.0,45.6,428.0,18.9,14.4,66.0,18.3,78,0.0,8.8
Belagavi,15.8521,74.5045,2025-12-02 05:00:00,42.5,42.0,446.0,12.4,12.7,81.0,18.0,77,0.0,9.1
Belagavi,15.8521,74.5045,2025-12-02 06:00:00,44.8,44.4,471.0,12.5,12.9,84.0,17.2,82,0.0,7.7
Belagavi,15.8521,74.5045,2025-12-02 07:00:00,46.4,46.1,499.0,12.5,13.1,88.0,17.7,80,0.0,10.6
Belagavi,15.8521,74.5045,2025-12-02 08:00:00,40.4,40.0,504.0,11.6,13.3,97.0,20.5,69,0.0,8.7
Belagavi,15.8521,74.5045,2025-12-02 09:00:00,36.7,36.2,466.0,8.9,13.3,113.0,22.9,61,0.0,9.9
Belagavi,15.8521,74.5045,2025-12-02 10:00:00,34.6,34.2,405.0,5.3,13.1,134.0,24.5,55,0.0,10.5
Belagavi,15.8521,74.5045,2025-12-02 11:00:00,34.0,33.6,356.0,2.7,13.0,151.0,25.6,52,0.0,9.6
Belagavi,15.8521,74.5045,2025-12-02 12:00:00,33.6,33.3,332.0,1.7,13.0,162.0,26.6,48,0.0,8.9
Belagavi,15.8521,74.5045,2025-12-02 13:00:00,33.6,33.3,319.0,1.7,13.0,169.0,27.5,45,0.0,8.5
Belagavi,15.8521,74.5045,2025-12-02 14:00:00,33.9,33.4,316.0,2.4,13.0,171.0,28.0,44,0.0,8.8
Belagavi,15.8521,74.5045,2025-12-02 15:00:00,34.2,33.8,323.0,3.4,12.9,168.0,28.1,44,0.0,8.9
Belagavi,15.8521,74.5045,2025-12-02 16:00:00,34.7,34.3,339.0,5.2,12.7,160.0,27.8,43,0.0,8.6
Belagavi,15.8521,74.5045,2025-12-02 17:00:00,45.9,45.4,360.0,9.7,12.9,151.0,26.3,49,0.0,6.8
Belagavi,15.8521,74.5045,2025-12-02 18:00:00,50.3,49.8,388.0,15.0,12.8,132.0,24.0,58,0.0,4.4
Belagavi,15.8521,74.5045,2025-12-02 19:00:00,52.9,52.5,421.0,22.3,12.6,105.0,24.1,56,0.0,6.9
Belagavi,15.8521,74.5045,2025-12-02 20:00:00,53.8,53.4,443.0,27.4,12.3,83.0,22.7,60,0.0,8.0
Belagavi,15.8521,74.5045,2025-12-02 21:00:00,53.9,53.6,450.0,28.3,11.7,72.0,22.3,62,0.0,11.4
Belagavi,15.8521,74.5045,2025-12-02 22:00:00,53.1,52.7,447.0,27.0,10.9,67.0,22.1,62,0.0,12.0
Belagavi,15.8521,74.5045,2025-12-02 23:00:00,50.4,50.1,435.0,24.9,10.3,64.0,21.3,66,0.0,12.5
Belagavi,15.8521,74.5045,2025-12-03 00:00:00,46.9,46.7,406.0,22.0,9.8,64.0,20.7,70,0.0,11.9
Belagavi,15.8521,74.5045,2025-12-03 01:00:00,44.6,44.4,368.0,18.2,9.5,68.0,20.2,73,0.0,10.9
Belagavi,15.8521,74.5045,2025-12-03 02:00:00,42.8,42.6,349.0,14.8,9.6,71.0,20.0,76,0.0,11.3
Belagavi,15.8521,74.5045,2025-12-03 03:00:00,41.1,41.0,368.0,12.1,10.4,73.0,19.9,80,0.0,11.3
Belagavi,15.8521,74.5045,2025-12-03 04:00:00,39.7,39.5,406.0,9.7,11.6,76.0,19.2,85,0.0,10.8
Belagavi,15.8521,74.5045,2025-12-03 05:00:00,41.0,40.9,432.0,9.0,11.8,70.0,18.7,84,0.0,12.3
Belagavi,15.8521,74.5045,2025-12-03 06:00:00,40.6,40.5,436.0,9.1,11.5,71.0,18.2,90,0.0,12.2
Belagavi,15.8521,74.5045,2025-12-03 07:00:00,40.3,40.2,429.0,9.0,11.1,73.0,18.7,89,0.0,12.7
Belagavi,15.8521,74.5045,2025-12-03 08:00:00,34.7,34.6,412.0,8.4,10.4,80.0,21.0,79,0.0,12.0
Belagavi,15.8521,74.5045,2025-12-03 09:00:00,32.7,32.6,380.0,6.5,9.1,96.0,23.3,66,0.0,15.1
Belagavi,15.8521,74.5045,2025-12-03 10:00:00,28.2,28.1,337.0,4.0,7.6,117.0,25.0,60,0.0,15.7
Belagavi,15.8521,74.5045,2025-12-03 11:00:00,23.5,23.4,304.0,2.2,6.3,133.0,26.4,53,0.0,14.9
Belagavi,15.8521,74.5045,2025-12-03 12:00:00,20.7,20.6,286.0,1.5,5.5,140.0,27.4,49,0.0,14.1
Belagavi,15.8521,74.5045,2025-12-03 13:00:00,19.1,19.0,277.0,1.5,5.0,142.0,28.2,45,0.0,13.9
Belagavi,15.8521,74.5045,2025-12-03 14:00:00,18.2,18.0,276.0,1.9,4.6,141.0,28.4,43,0.0,12.8
Belagavi,15.8521,74.5045,2025-12-03 15:00:00,17.5,17.3,282.0,2.6,4.2,138.0,28.4,41,0.0,12.4
Belagavi,15.8521,74.5045,2025-12-03 16:00:00,17.1,16.9,295.0,3.7,3.9,131.0,27.8,42,0.0,13.3
Belagavi,15.8521,74.5045,2025-12-03 17:00:00,28.8,28.6,315.0,6.5,4.3,122.0,26.5,48,0.0,11.2
Belagavi,15.8521,74.5045,2025-12-03 18:00:00,30.6,30.4,346.0,10.5,4.7,109.0,24.1,57,0.0,6.9
Belagavi,15.8521,74.5045,2025-12-03 19:00:00,31.3,31.2,384.0,16.0,5.2,90.0,22.8,63,0.0,7.4
Belagavi,15.8521,74.5045,2025-12-03 20:00:00,30.6,30.5,409.0,19.5,5.5,76.0,22.1,67,0.0,7.1
Belagavi,15.8521,74.5045,2025-12-03 21:00:00,28.1,28.1,412.0,19.4,5.5,71.0,22.0,67,0.0,8.8
Belagavi,15.8521,74.5045,2025-12-03 22:00:00,25.1,25.1,402.0,17.3,5.4,71.0,21.9,71,0.0,10.6
Belagavi,15.8521,74.5045,2025-12-03 23:00:00,22.6,22.6,389.0,15.1,5.4,71.0,21.0,80,0.0,11.6
Belagavi,15.8521,74.5045,2025-12-04 00:00:00,19.9,19.9,375.0,13.1,5.6,71.0,20.5,85,0.0,11.0
Belagavi,15.8521,74.5045,2025-12-04 01:00:00,17.2,17.2,357.0,10.9,5.8,72.0,20.8,84,0.0,12.3
Belagavi,15.8521,74.5045,2025-12-04 02:00:00,14.8,14.8,340.0,9.2,5.9,72.0,20.6,85,0.0,13.0
Belagavi,15.8521,74.5045,2025-12-04 03:00:00,13.0,13.0,323.0,8.2,5.7,68.0,20.1,87,0.0,12.5
Belagavi,15.8521,74.5045,2025-12-04 04:00:00,12.3,12.3,306.0,7.7,5.3,63.0,19.6,90,0.0,11.9
Belagavi,15.8521,74.5045,2025-12-04 05:00:00,12.0,12.0,290.0,8.1,8.7,60.0,20.7,89,0.0,13.6
Belagavi,15.8521,74.5045,2025-12-04 06:00:00,11.4,11.3,273.0,7.9,9.1,62.0,19.9,94,0.0,13.6
Belagavi,15.8521,74.5045,2025-12-04 07:00:00,11.9,11.8,255.0,7.6,9.6,66.0,20.4,91,0.0,15.9
Belagavi,15.8521,74.5045,2025-12-04 08:00:00,13.5,13.4,244.0,7.0,9.4,71.0,22.1,80,0.0,22.4
Belagavi,15.8521,74.5045,2025-12-04 09:00:00,13.4,13.3,242.0,5.7,8.0,80.0,23.1,75,0.1,22.4
Belagavi,15.8521,74.5045,2025-12-04 10:00:00,12.2,12.1,246.0,4.2,5.8,91.0,24.1,70,0.1,20.9
Belagavi,15.8521,74.5045,2025-12-04 11:00:00,12.2,12.1,248.0,2.9,4.1,101.0,24.4,69,0.1,18.0
Belagavi,15.8521,74.5045,2025-12-04 12:00:00,11.2,11.1,243.0,2.0,3.1,108.0,25.9,63,0.0,17.7
Belagavi,15.8521,74.5045,2025-12-04 13:00:00,10.8,10.7,235.0,1.5,2.5,114.0,24.6,69,0.4,17.7
Belagavi,15.8521,74.5045,2025-12-04 14:00:00,9.7,9.6,232.0,1.7,2.1,116.0,26.0,63,0.1,14.6
Belagavi,15.8521,74.5045,2025-12-04 15:00:00,9.0,8.9,237.0,3.0,2.0,114.0,27.0,59,0.0,13.2
Belagavi,15.8521,74.5045,2025-12-04 16:00:00,8.9,8.8,247.0,5.0,2.2,109.0,26.1,60,0.0,13.9
Belagavi,15.8521,74.5045,2025-12-04 17:00:00,21.1,21.0,258.0,7.4,2.8,104.0,26.2,58,0.0,12.6
Belagavi,15.8521,74.5045,2025-12-04 18:00:00,21.4,21.2,272.0,10.3,3.3,93.0,23.7,70,0.0,12.9
Belagavi,15.8521,74.5045,2025-12-04 19:00:00,21.3,21.2,289.0,14.4,4.0,77.0,22.8,74,0.0,12.5
Belagavi,15.8521,74.5045,2025-12-04 20:00:00,22.9,22.7,300.0,17.1,4.5,65.0,22.3,78,0.0,12.1
Belagavi,15.8521,74.5045,2025-12-04 21:00:00,23.4,23.2,304.0,17.4,4.5,60.0,21.9,80,0.0,13.5
Belagavi,15.8521,74.5045,2025-12-04 22:00:00,23.5,23.4,303.0,16.5,4.2,58.0,21.4,83,0.0,13.6
Belagavi,15.8521,74.5045,2025-12-04 23:00:00,22.8,22.6,299.0,15.3,3.9,57.0,21.5,86,0.0,14.0
Belagavi,15.8521,74.5045,2025-12-05 00:00:00,20.8,20.7,290.0,14.0,3.6,55.0,21.3,88,0.0,13.9
Belagavi,15.8521,74.5045,2025-12-05 01:00:00,18.9,18.8,277.0,12.4,3.4,52.0,20.0,87,0.0,15.1
Belagavi,15.8521,74.5045,2025-12-05 02:00:00,17.6,17.5,273.0,11.0,3.4,51.0,19.5,90,0.0,13.8
Belagavi,15.8521,74.5045,2025-12-05 03:00:00,16.6,16.5,283.0,10.0,3.8,50.0,19.3,93,0.0,14.4
Belagavi,15.8521,74.5045,2025-12-05 04:00:00,15.7,15.6,300.0,9.2,4.4,50.0,19.3,95,0.0,15.2
Belagavi,15.8521,74.5045,2025-12-05 05:00:00,17.8,17.6,317.0,8.6,4.2,50.0,19.8,97,0.0,14.2
Belagavi,15.8521,74.5045,2025-12-05 06:00:00,18.3,18.1,333.0,8.1,4.0,58.0,20.0,96,0.0,15.6
Belagavi,15.8521,74.5045,2025-12-05 07:00:00,19.7,19.6,349.0,7.4,3.7,69.0,20.0,95,0.0,15.4
Belagavi,15.8521,74.5045,2025-12-05 08:00:00,25.3,25.0,358.0,6.5,3.4,81.0,21.6,83,0.0,20.3
Belagavi,15.8521,74.5045,2025-12-05 09:00:00,28.3,28.0,355.0,5.2,3.1,93.0,23.3,73,0.0,21.4
Belagavi,15.8521,74.5045,2025-12-05 10:00:00,27.8,27.5,345.0,3.6,2.8,106.0,24.9,63,0.0,20.5
Belagavi,15.8521,74.5045,2025-12-05 11:00:00,26.3,26.1,334.0,2.5,2.5,115.0,25.3,63,0.0,18.7
Belagavi,15.8521,74.5045,2025-12-05 12:00:00,24.7,24.4,322.0,1.9,2.3,120.0,26.2,60,0.1,18.0
Belagavi,15.8521,74.5045,2025-12-05 13:00:00,24.5,24.3,310.0,1.7,2.1,121.0,26.9,58,0.0,16.9
Belagavi,15.8521,74.5045,2025-12-05 14:00:00,24.3,24.1,307.0,2.1,2.1,121.0,26.9,56,0.0,16.6
Belagavi,15.8521,74.5045,2025-12-05 15:00:00,24.5,24.3,318.0,3.2,2.2,119.0,26.4,57,0.0,15.3
Belagavi,15.8521,74.5045,2025-12-05 16:00:00,25.8,25.6,338.0,4.8,2.5,116.0,25.6,59,0.0,17.1
Belagavi,15.8521,74.5045,2025-12-05 17:00:00,41.2,41.1,361.0,8.2,4.5,110.0,23.8,68,0.0,15.2
Belagavi,15.8521,74.5045,2025-12-05 18:00:00,39.2,39.1,387.0,9.4,4.9,105.0,22.7,74,0.0,10.6
Belagavi,15.8521,74.5045,2025-12-05 19:00:00,41.1,41.0,415.0,11.0,5.6,98.0,22.5,75,0.0,11.3
Belagavi,15.8521,74.5045,2025-12-05 20:00:00,42.6,42.5,440.0,12.1,6.3,93.0,22.2,75,0.0,12.1
Belagavi,15.8521,74.5045,2025-12-05 21:00:00,44.5,44.4,462.0,12.3,7.1,91.0,21.4,79,0.0,10.9
Belagavi,15.8521,74.5045,2025-12-05 22:00:00,46.1,46.0,480.0,12.0,8.1,90.0,21.0,81,0.0,11.3
Belagavi,15.8521,74.5045,2025-12-05 23:00:00,46.1,46.1,487.0,11.4,9.0,89.0,20.7,83,0.0,11.7
Belagavi,15.8521,74.5045,2025-12-06 00:00:00,44.5,44.4,474.0,10.4,9.9,88.0,20.5,86,0.0,12.3
Belagavi,15.8521,74.5045,2025-12-06 01:00:00,42.5,42.4,449.0,9.1,10.8,88.0,20.2,87,0.0,14.1
Belagavi,15.8521,74.5045,2025-12-06 02:00:00,39.9,39.8,435.0,7.9,11.9,88.0,20.0,87,0.0,15.4
Belagavi,15.8521,74.5045,2025-12-06 03:00:00,37.6,37.5,441.0,6.6,13.6,90.0,19.7,87,0.0,15.5
Belagavi,15.8521,74.5045,2025-12-06 04:00:00,36.3,36.2,458.0,5.4,15.5,92.0,19.3,89,0.0,15.6
Belagavi,15.8521,74.5045,2025-12-06 05:00:00,39.2,39.1,474.0,5.7,12.7,84.0,18.7,94,0.0,15.2
Belagavi,15.8521,74.5045,2025-12-06 06:00:00,39.8,39.7,490.0,6.3,12.8,84.0,18.5,94,0.0,14.9
Belagavi,15.8521,74.5045,2025-12-06 07:00:00,42.0,41.9,505.0,7.1,13.0,85.0,18.9,90,0.0,13.6
Belagavi,15.8521,74.5045,2025-12-06 08:00:00,46.8,46.7,512.0,7.3,13.3,90.0,20.3,80,0.0,14.5
Belagavi,15.8521,74.5045,2025-12-06 09:00:00,50.8,50.5,505.0,6.2,13.7,104.0,22.1,69,0.0,16.8
Belagavi,15.8521,74.5045,2025-12-06 10:00:00,50.4,50.2,489.0,4.6,14.3,123.0,23.9,59,0.0,17.1
Belagavi,15.8521,74.5045,2025-12-06 11:00:00,46.8,46.6,470.0,3.3,14.4,138.0,24.9,58,0.0,15.5
Belagavi,15.8521,74.5045,2025-12-06 12:00:00,43.7,43.3,444.0,2.7,13.8,144.0,25.4,55,0.0,15.5
Belagavi,15.8521,74.5045,2025-12-06 13:00:00,40.7,40.5,414.0,2.6,12.9,145.0,25.8,52,0.0,15.7
Belagavi,15.8521,74.5045,2025-12-06 14:00:00,39.8,39.6,400.0,3.1,12.3,145.0,26.0,48,0.0,15.5
Belagavi,15.8521,74.5045,2025-12-06 15:00:00,40.3,40.0,410.0,4.5,12.5,144.0,26.0,46,0.0,15.1
Belagavi,15.8521,74.5045,2025-12-06 16:00:00,41.8,41.6,436.0,6.4,13.1,141.0,25.7,46,0.0,13.5
Belagavi,15.8521,74.5045,2025-12-06 17:00:00,51.7,51.5,469.0,8.5,12.8,144.0,24.9,53,0.0,10.8
Belagavi,15.8521,74.5045,2025-12-06 18:00:00,53.3,53.1,516.0,11.8,13.0,131.0,23.0,62,0.0,8.7
Belagavi,15.8521,74.5045,2025-12-06 19:00:00,54.0,53.8,570.0,16.2,13.2,113.0,22.1,66,0.0,7.3
Belagavi,15.8521,74.5045,2025-12-06 20:00:00,53.7,53.6,604.0,18.7,13.2,99.0,21.5,67,0.0,8.3
Belagavi,15.8521,74.5045,2025-12-06 21:00:00,51.8,51.7,603.0,17.7,12.8,95.0,21.0,69,0.0,9.8
Belagavi,15.8521,74.5045,2025-12-06 22:00:00,49.4,49.4,582.0,14.8,12.2,95.0,20.8,70,0.0,11.1
Belagavi,15.8521,74.5045,2025-12-06 23:00:00,46.9,46.8,555.0,12.1,11.6,96.0,20.4,72,0.0,11.1
Belagavi,15.8521,74.5045,2025-12-07 00:00:00,44.7,44.6,521.0,10.2,10.8,96.0,20.0,73,0.0,10.8
Belagavi,15.8521,74.5045,2025-12-07 01:00:00,43.5,43.4,481.0,8.4,10.0,95.0,19.7,72,0.0,10.7
Belagavi,15.8521,74.5045,2025-12-07 02:00:00,43.2,43.0,455.0,6.9,9.7,96.0,19.5,72,0.0,11.3
Belagavi,15.8521,74.5045,2025-12-07 03:00:00,43.1,42.8,455.0,5.6,10.2,98.0,19.2,73,0.0,11.5
Belagavi,15.8521,74.5045,2025-12-07 04:00:00,43.1,42.8,469.0,4.6,11.2,102.0,18.9,74,0.0,10.8
Belagavi,15.8521,74.5045,2025-12-07 05:00:00,42.7,42.6,483.0,5.3,11.1,92.0,18.6,74,0.0,12.3
Belagavi,15.8521,74.5045,2025-12-07 06:00:00,43.0,42.7,497.0,6.6,11.5,89.0,18.0,78,0.0,12.2
Belagavi,15.8521,74.5045,2025-12-07 07:00:00,44.1,43.9,512.0,8.4,12.1,86.0,18.2,79,0.0,12.8
Belagavi,15.8521,74.5045,2025-12-07 08:00:00,44.8,44.5,516.0,9.0,12.7,91.0,20.2,73,0.0,12.6
Belagavi,15.8521,74.5045,2025-12-07 09:00:00,46.0,45.4,500.0,7.4,13.4,111.0,22.2,67,0.0,13.5
Belagavi,15.8521,74.5045,2025-12-07 10:00:00,46.0,45.4,472.0,4.7,14.1,139.0,24.0,59,0.0,14.6
Belagavi,15.8521,74.5045,2025-12-07 11:00:00,44.9,44.5,447.0,2.7,14.4,160.0,25.2,53,0.0,15.0
Belagavi,15.8521,74.5045,2025-12-07 12:00:00,42.6,42.1,426.0,1.9,14.0,168.0,26.3,47,0.0,14.1
Belagavi,15.8521,74.5045,2025-12-07 13:00:00,40.2,39.7,407.0,1.9,13.3,170.0,27.0,44,0.0,12.4
Belagavi,15.8521,74.5045,2025-12-07 14:00:00,38.5,38.2,398.0,2.4,12.8,169.0,27.4,43,0.0,10.9
Belagavi,15.8521,74.5045,2025-12-07 15:00:00,38.5,38.2,405.0,3.6,12.7,166.0,27.5,43,0.0,9.9
Belagavi,15.8521,74.5045,2025-12-07 16:00:00,38.8,38.5,421.0,5.4,12.8,160.0,27.0,45,0.0,9.7
Belagavi,15.8521,74.5045,2025-12-07 17:00:00,41.7,41.4,437.0,9.8,12.1,150.0,25.6,50,0.0,7.8
Belagavi,15.8521,74.5045,2025-12-07 18:00:00,46.0,45.6,448.0,13.0,12.3,136.0,22.7,61,0.0,5.5
Belagavi,15.8521,74.5045,2025-12-07 19:00:00,48.8,48.5,458.0,17.3,12.5,117.0,22.0,61,0.0,8.4
Belagavi,15.8521,74.5045,2025-12-07 20:00:00,50.3,50.1,467.0,19.6,12.8,104.0,21.7,60,0.0,11.4
Belagavi,15.8521,74.5045,2025-12-07 21:00:00,50.6,50.5,478.0,18.2,13.1,102.0,21.4,63,0.0,12.4
Belagavi,15.8521,74.5045,2025-12-07 22:00:00,50.5,50.3,488.0,14.7,13.5,106.0,20.8,67,0.0,12.7
Belagavi,15.8521,74.5045,2025-12-07 23:00:00,49.9,49.7,492.0,11.6,13.8,110.0,20.1,72,0.0,12.6
Belagavi,15.8521,74.5045,2025-12-08 00:00:00,48.9,48.7,484.0,9.4,14.0,111.0,19.7,72,0.0,12.7
Belagavi,15.8521,74.5045,2025-12-08 01:00:00,48.4,48.2,470.0,7.6,14.1,112.0,19.0,76,0.0,10.9
Belagavi,15.8521,74.5045,2025-12-08 02:00:00,48.4,48.1,460.0,6.3,14.3,111.0,18.4,80,0.0,9.9
Belagavi,15.8521,74.5045,2025-12-08 03:00:00,48.9,48.5,459.0,5.7,14.5,106.0,17.9,81,0.0,9.1
Belagavi,15.8521,74.5045,2025-12-08 04:00:00,49.8,49.4,462.0,5.7,14.7,98.0,17.3,81,0.0,7.6
Belagavi,15.8521,74.5045,2025-12-08 05:00:00,51.8,51.2,466.0,6.4,15.9,93.0,17.4,76,0.0,10.2
Belagavi,15.8521,74.5045,2025-12-08 06:00:00,53.4,52.9,475.0,7.8,16.4,90.0,17.1,77,0.0,10.3
Belagavi,15.8521,74.5045,2025-12-08 07:00:00,56.5,55.8,484.0,9.7,17.1,87.0,17.7,75,0.0,11.0
Belagavi,15.8521,74.5045,2025-12-08 08:00:00,56.0,55.5,480.0,10.3,17.5,92.0,20.4,68,0.0,9.5
Belagavi,15.8521,74.5045,2025-12-08 09:00:00,57.3,56.6,450.0,8.4,17.6,111.0,22.9,60,0.0,10.7
Belagavi,15.8521,74.5045,2025-12-08 10:00:00,52.6,52.0,407.0,5.1,17.5,138.0,24.8,52,0.0,11.7
Belagavi,15.8521,74.5045,2025-12-08 11:00:00,45.4,44.9,373.0,2.7,16.7,157.0,26.3,44,0.0,12.1
Belagavi,15.8521,74.5045,2025-12-08 12:00:00,38.4,38.0,355.0,1.7,14.8,162.0,27.3,39,0.0,11.7
Belagavi,15.8521,74.5045,2025-12-08 13:00:00,33.5,33.1,346.0,1.5,12.3,159.0,27.9,37,0.0,11.4
Belagavi,15.8521,74.5045,2025-12-08 14:00:00,31.7,31.3,345.0,2.1,10.4,155.0,28.2,36,0.0,11.2
Belagavi,15.8521,74.5045,2025-12-08 15:00:00,31.5,31.2,356.0,3.6,9.8,152.0,28.1,36,0.0,10.8
Belagavi,15.8521,74.5045,2025-12-08 16:00:00,32.0,31.7,375.0,5.9,10.0,148.0,27.6,37,0.0,10.9
Belagavi,15.8521,74.5045,2025-12-08 17:00:00,26.0,25.8,392.0,9.7,9.4,143.0,25.6,45,0.0,9.4
Belagavi,15.8521,74.5045,2025-12-08 18:00:00,30.7,30.5,407.0,13.7,9.6,128.0,23.5,50,0.0,11.6
Belagavi,15.8521,74.5045,2025-12-08 19:00:00,34.1,33.9,419.0,19.0,9.9,107.0,22.8,53,0.0,13.3
Belagavi,15.8521,74.5045,2025-12-08 20:00:00,36.6,36.2,418.0,22.2,10.3,93.0,22.1,53,0.0,12.7
Belagavi,15.8521,74.5045,2025-12-08 21:00:00,38.5,38.1,392.0,21.4,10.8,90.0,21.6,50,0.0,14.9
Belagavi,15.8521,74.5045,2025-12-08 22:00:00,40.7,39.9,352.0,18.5,11.4,94.0,20.5,46,0.0,13.5
Belagavi,15.8521,74.5045,2025-12-08 23:00:00,42.6,41.3,324.0,15.5,12.4,98.0,20.1,41,0.0,13.7
Belagavi,15.8521,74.5045,2025-12-09 00:00:00,44.1,42.4,316.0,12.7,14.1,103.0,20.0,39,0.0,15.1
Belagavi,15.8521,74.5045,2025-12-09 01:00:00,45.2,43.3,319.0,9.8,16.2,109.0,19.2,42,0.0,15.8
Belagavi,15.8521,74.5045,2025-12-09 02:00:00,45.6,43.9,329.0,7.6,17.3,111.0,18.0,47,0.0,14.6
Belagavi,15.8521,74.5045,2025-12-09 03:00:00,45.2,43.7,350.0,6.4,16.8,106.0,17.6,51,0.0,15.3
Belagavi,15.8521,74.5045,2025-12-09 04:00:00,43.9,42.6,379.0,5.9,15.3,98.0,17.0,55,0.0,14.9
Belagavi,15.8521,74.5045,2025-12-09 05:00:00,45.1,43.7,401.0,6.4,15.8,93.0,16.3,58,0.0,14.8
Belagavi,15.8521,74.5045,2025-12-09 06:00:00,43.8,42.6,413.0,7.6,15.1,89.0,15.8,62,0.0,14.2
Belagavi,15.8521,74.5045,2025-12-09 07:00:00,43.2,42.1,418.0,9.2,14.1,84.0,16.4,66,0.0,15.2
Belagavi,15.8521,74.5045,2025-12-09 08:00:00,41.7,40.9,413.0,9.6,13.7,88.0,19.0,64,0.0,14.4
Belagavi,15.8521,74.5045,2025-12-09 09:00:00,41.0,40.0,394.0,7.8,14.8,111.0,21.6,54,0.0,17.2
Belagavi,15.8521,74.5045,2025-12-09 10:00:00,39.1,38.0,365.0,4.9,16.5,142.0,23.5,42,0.0,18.8
Belagavi,15.8521,74.5045,2025-12-09 11:00:00,34.7,33.3,338.0,2.7,17.0,165.0,24.9,36,0.0,19.7
Belagavi,15.8521,74.5045,2025-12-09 12:00:00,29.0,27.4,313.0,1.8,15.2,170.0,26.0,31,0.0,19.3
Belagavi,15.8521,74.5045,2025-12-09 13:00:00,24.4,22.9,290.0,1.7,12.2,166.0,26.6,27,0.0,18.4
Belagavi,15.8521,74.5045,2025-12-09 14:00:00,21.8,20.6,273.0,2.1,9.9,161.0,26.8,26,0.0,17.8
Belagavi,15.8521,74.5045,2025-12-09 15:00:00,20.4,19.3,264.0,3.1,9.1,157.0,26.6,25,0.0,17.7
Belagavi,15.8521,74.5045,2025-12-09 16:00:00,19.9,19.0,263.0,4.7,9.1,153.0,26.0,27,0.0,16.6
Belagavi,15.8521,74.5045,2025-12-09 17:00:00,20.1,19.9,269.0,7.1,8.7,149.0,24.4,30,0.0,12.8
Belagavi,15.8521,74.5045,2025-12-09 18:00:00,21.4,21.1,290.0,9.8,9.0,137.0,22.2,31,0.0,14.0
Belagavi,15.8521,74.5045,2025-12-09 19:00:00,22.1,21.8,320.0,13.6,9.3,121.0,21.4,32,0.0,15.8
Belagavi,15.8521,74.5045,2025-12-09 20:00:00,22.5,22.4,339.0,15.8,9.9,110.0,20.9,35,0.0,15.9
Belagavi,15.8521,74.5045,2025-12-09 21:00:00,22.8,22.5,337.0,15.2,10.7,109.0,20.6,36,0.0,15.9
Belagavi,15.8521,74.5045,2025-12-09 22:00:00,22.8,22.5,324.0,13.1,11.7,112.0,19.5,40,0.0,13.2
Belagavi,15.8521,74.5045,2025-12-09 23:00:00,22.5,22.1,315.0,11.2,12.7,114.0,18.8,46,0.0,12.6
Belagavi,15.8521,74.5045,2025-12-10 00:00:00,21.7,21.3,314.0,9.9,13.7,113.0,18.1,52,0.0,12.8
Belagavi,15.8521,74.5045,2025-12-10 01:00:00,21.4,21.0,317.0,8.7,14.7,111.0,17.8,54,0.0,14.0
Belagavi,15.8521,74.5045,2025-12-10 02:00:00,21.5,21.1,318.0,7.8,15.1,108.0,17.6,54,0.0,14.6
Belagavi,15.8521,74.5045,2025-12-10 03:00:00,22.0,21.3,316.0,7.0,14.5,102.0,17.3,51,0.0,15.7
Belagavi,15.8521,74.5045,2025-12-10 04:00:00,22.8,21.9,312.0,6.4,13.4,94.0,16.7,51,0.0,16.3
Belagavi,15.8521,74.5045,2025-12-10 05:00:00,23.2,22.4,311.0,7.2,12.7,84.0,16.3,53,0.0,16.0
Belagavi,15.8521,74.5045,2025-12-10 06:00:00,24.3,23.2,317.0,8.4,12.6,81.0,15.9,54,0.0,15.4
Belagavi,15.8521,74.5045,2025-12-10 07:00:00,26.3,24.9,326.0,9.9,12.5,78.0,16.2,54,0.0,15.7
Belagavi,15.8521,74.5045,2025-12-10 08:00:00,27.3,26.1,328.0,10.3,12.6,82.0,18.8,49,0.0,15.0
Belagavi,15.8521,74.5045,2025-12-10 09:00:00,28.8,27.0,319.0,8.3,13.3,102.0,21.4,39,0.0,16.7
Belagavi,15.8521,74.5045,2025-12-10 10:00:00,27.9,25.8,304.0,5.2,14.1,129.0,23.2,34,0.0,18.2
Belagavi,15.8521,74.5045,2025-12-10 11:00:00,25.0,23.2,288.0,2.8,14.5,150.0,25.0,30,0.0,19.5
Belagavi,15.8521,74.5045,2025-12-10 12:00:00,21.8,20.5,271.0,1.9,13.8,158.0,26.1,27,0.0,20.3
Belagavi,15.8521,74.5045,2025-12-10 13:00:00,19.8,18.9,254.0,1.7,12.7,159.0,26.8,25,0.0,19.9
Belagavi,15.8521,74.5045,2025-12-10 14:00:00,18.5,17.8,246.0,2.1,11.7,158.0,27.0,24,0.0,19.3
Belagavi,15.8521,74.5045,2025-12-10 15:00:00,18.2,17.5,250.0,3.0,11.2,157.0,26.8,25,0.0,19.0
Belagavi,15.8521,74.5045,2025-12-10 16:00:00,18.2,17.6,262.0,4.5,11.0,154.0,26.1,27,0.0,17.4
Belagavi,15.8521,74.5045,2025-12-10 17:00:00,17.7,17.5,281.0,7.1,10.6,151.0,24.4,33,0.0,10.2
Belagavi,15.8521,74.5045,2025-12-10 18:00:00,20.4,20.2,314.0,10.3,10.8,139.0,21.9,37,0.0,11.6
Belagavi,15.8521,74.5045,2025-12-10 19:00:00,22.5,22.2,354.0,14.7,11.2,122.0,21.2,37,0.0,14.4
Belagavi,15.8521,74.5045,2025-12-10 20:00:00,23.8,23.5,374.0,17.4,11.6,110.0,20.7,39,0.0,15.3
Belagavi,15.8521,74.5045,2025-12-10 21:00:00,24.5,24.1,356.0,16.9,12.1,108.0,20.6,38,0.0,15.4
Belagavi,15.8521,74.5045,2025-12-10 22:00:00,25.0,24.5,319.0,14.7,12.7,112.0,19.7,41,0.0,11.8
Belagavi,15.8521,74.5045,2025-12-10 23:00:00,25.0,24.5,293.0,12.5,13.4,115.0,19.2,42,0.0,13.4
Belagavi,15.8521,74.5045,2025-12-11 00:00:00,24.7,24.2,293.0,10.9,14.4,116.0,18.4,45,0.0,14.3
Belagavi,15.8521,74.5045,2025-12-11 01:00:00,25.0,24.4,303.0,9.4,15.5,116.0,18.0,47,0.0,14.5
Belagavi,15.8521,74.5045,2025-12-11 02:00:00,25.3,24.7,313.0,8.1,15.9,114.0,17.2,50,0.0,15.9
Belagavi,15.8521,74.5045,2025-12-11 03:00:00,25.5,25.0,316.0,7.1,15.1,108.0,16.7,51,0.0,17.0
Belagavi,15.8521,74.5045,2025-12-11 04:00:00,25.4,24.9,317.0,6.3,13.7,100.0,16.4,51,0.0,16.8
Belagavi,15.8521,74.5045,2025-12-11 05:00:00,26.1,25.6,321.0,7.0,13.1,91.0,16.3,52,0.0,15.9
Belagavi,15.8521,74.5045,2025-12-11 06:00:00,26.1,25.6,334.0,8.3,12.8,87.0,16.0,53,0.0,14.8
Belagavi,15.8521,74.5045,2025-12-11 07:00:00,27.6,27.0,350.0,10.0,12.6,82.0,16.4,52,0.0,14.4
Belagavi,15.8521,74.5045,2025-12-11 08:00:00,28.7,28.1,353.0,10.5,12.8,86.0,18.8,50,0.0,13.5
Belagavi,15.8521,74.5045,2025-12-11 09:00:00,31.0,30.0,331.0,8.6,14.3,107.0,21.2,41,0.0,15.0
Belagavi,15.8521,74.5045,2025-12-11 10:00:00,31.1,30.0,296.0,5.5,16.4,136.0,23.3,33,0.0,17.0
Belagavi,15.8521,74.5045,2025-12-11 11:00:00,27.3,26.5,267.0,3.1,17.3,158.0,24.8,29,0.0,17.1
Belagavi,15.8521,74.5045,2025-12-11 12:00:00,23.7,23.1,248.0,2.1,16.0,166.0,26.1,25,0.0,15.9
Belagavi,15.8521,74.5045,2025-12-11 13:00:00,21.3,20.8,234.0,1.9,13.6,167.0,26.9,22,0.0,15.6
Belagavi,15.8521,74.5045,2025-12-11 14:00:00,20.4,20.0,230.0,2.3,11.7,165.0,27.2,21,0.0,15.6
Belagavi,15.8521,74.5045,2025-12-11 15:00:00,20.1,19.7,238.0,3.3,11.1,163.0,27.1,20,0.0,15.0
Belagavi,15.8521,74.5045,2025-12-11 16:00:00,20.7,20.3,255.0,5.0,11.0,159.0,26.4,21,0.0,13.9
Belagavi,15.8521,74.5045,2025-12-11 17:00:00,16.8,16.8,280.0,7.9,10.9,155.0,24.2,29,0.0,10.1
Belagavi,15.8521,74.5045,2025-12-11 18:00:00,20.0,20.0,319.0,12.2,11.1,139.0,21.3,34,0.0,8.7
Belagavi,15.8521,74.5045,2025-12-11 19:00:00,22.4,22.4,364.0,18.1,11.4,118.0,20.4,34,0.0,11.8
Belagavi,15.8521,74.5045,2025-12-11 20:00:00,23.8,23.8,393.0,21.9,11.8,102.0,19.9,35,0.0,13.7
Belagavi,15.8521,74.5045,2025-12-11 21:00:00,24.6,24.6,393.0,21.7,12.3,98.0,19.4,36,0.0,13.9
Belagavi,15.8521,74.5045,2025-12-11 22:00:00,25.0,25.0,376.0,19.3,12.8,100.0,18.9,36,0.0,13.2
Belagavi,15.8521,74.5045,2025-12-11 23:00:00,24.3,24.3,356.0,16.7,13.1,103.0,17.9,39,0.0,10.7
Belagavi,15.8521,74.5045,2025-12-12 00:00:00,22.5,22.5,332.0,14.3,13.1,106.0,16.3,45,0.0,7.8
Belagavi,15.8521,74.5045,2025-12-12 01:00:00,20.6,20.6,305.0,11.7,12.9,110.0,15.5,50,0.0,7.6
Belagavi,15.8521,74.5045,2025-12-12 02:00:00,18.7,18.7,290.0,9.6,12.9,113.0,15.7,54,0.0,9.0
Belagavi,15.8521,74.5045,2025-12-12 03:00:00,16.6,16.6,297.0,8.0,13.3,114.0,16.0,53,0.0,10.6
Belagavi,15.8521,74.5045,2025-12-12 04:00:00,14.7,14.7,316.0,6.9,14.0,114.0,16.0,51,0.0,11.1
Belagavi,15.8521,74.5045,2025-12-12 05:00:00,13.8,13.8,335.0,6.7,14.6,115.0,15.7,53,0.0,12.5
Belagavi,15.8521,74.5045,2025-12-12 06:00:00,14.2,14.2,356.0,8.7,15.6,111.0,15.3,54,0.0,12.9
Belagavi,15.8521,74.5045,2025-12-12 07:00:00,16.7,16.7,378.0,11.2,16.8,106.0,15.9,55,0.0,14.5
Belagavi,15.8521,74.5045,2025-12-12 08:00:00,17.4,17.4,383.0,12.2,17.4,107.0,18.8,52,0.0,14.0
Belagavi,15.8521,74.5045,2025-12-12 09:00:00,16.5,16.5,359.0,10.0,16.8,121.0,21.6,43,0.0,13.2
Belagavi,15.8521,74.5045,2025-12-12 10:00:00,14.7,14.5,318.0,6.2,15.6,142.0,23.4,36,0.0,15.3
Belagavi,15.8521,74.5045,2025-12-12 11:00:00,14.6,13.8,284.0,3.3,14.0,157.0,24.7,32,0.0,14.6
Belagavi,15.8521,74.5045,2025-12-12 12:00:00,14.6,13.0,262.0,2.1,12.0,161.0,25.8,28,0.0,14.1
Belagavi,15.8521,74.5045,2025-12-12 13:00:00,15.0,12.5,246.0,1.7,9.7,160.0,26.5,25,0.0,13.2
Belagavi,15.8521,74.5045,2025-12-12 14:00:00,15.5,12.5,244.0,2.2,8.0,157.0,26.9,23,0.0,12.1
Belagavi,15.8521,74.5045,2025-12-12 15:00:00,16.2,13.0,263.0,3.6,7.3,155.0,26.8,23,0.0,11.0
Belagavi,15.8521,74.5045,2025-12-12 16:00:00,16.7,13.6,296.0,5.9,7.1,151.0,26.0,23,0.0,9.6
Belagavi,15.8521,74.5045,2025-12-12 17:00:00,23.3,19.0,328.0,11.2,7.5,145.0,24.0,33,0.0,7.2
Belagavi,15.8521,74.5045,2025-12-12 18:00:00,27.9,23.7,356.0,18.2,8.2,127.0,20.9,41,0.0,6.8
Belagavi,15.8521,74.5045,2025-12-12 19:00:00,31.9,27.8,382.0,27.7,9.3,103.0,19.6,48,0.0,4.4
Belagavi,15.8521,74.5045,2025-12-12 20:00:00,34.6,30.5,398.0,33.9,9.9,84.0,18.5,48,0.0,5.9
Belagavi,15.8521,74.5045,2025-12-12 21:00:00,35.6,31.5,399.0,34.1,9.8,76.0,17.8,42,0.0,7.2
Belagavi,15.8521,74.5045,2025-12-12 22:00:00,35.2,31.2,391.0,31.1,9.4,74.0,17.9,36,0.0,8.9
Belagavi,15.8521,74.5045,2025-12-12 23:00:00,32.8,29.2,377.0,27.4,8.9,74.0,17.0,38,0.0,9.2
Belagavi,15.8521,74.5045,2025-12-13 00:00:00,29.3,26.1,354.0,23.4,8.3,77.0,16.4,43,0.0,8.8
Belagavi,15.8521,74.5045,2025-12-13 01:00:00,26.1,23.2,326.0,18.7,7.6,83.0,16.0,50,0.0,8.5
Belagavi,15.8521,74.5045,2025-12-13 02:00:00,23.6,20.7,311.0,14.8,7.3,88.0,15.7,54,0.0,9.0
Belagavi,15.8521,74.5045,2025-12-13 03:00:00,21.8,19.0,317.0,12.0,7.5,92.0,15.6,52,0.0,9.9
Belagavi,15.8521,74.5045,2025-12-13 04:00:00,20.5,17.7,336.0,9.9,8.0,95.0,15.8,49,0.0,10.7
Belagavi,15.8521,74.5045,2025-12-13 05:00:00,20.7,17.6,358.0,8.7,8.3,97.0,16.0,48,0.0,12.1
Belagavi,15.8521,74.5045,2025-12-13 06:00:00,20.4,17.2,388.0,10.3,9.2,96.0,15.9,47,0.0,11.6
Belagavi,15.8521,74.5045,2025-12-13 07:00:00,21.1,18.1,422.0,12.3,10.4,95.0,16.1,50,0.0,11.9
Belagavi,15.8521,74.5045,2025-12-13 08:00:00,18.3,16.4,436.0,12.8,11.2,101.0,18.8,48,0.0,12.1
Belagavi,15.8521,74.5045,2025-12-13 09:00:00,15.3,13.5,415.0,10.2,11.3,120.0,21.2,42,0.0,13.2
Belagavi,15.8521,74.5045,2025-12-13 10:00:00,14.1,13.0,374.0,6.0,11.0,145.0,23.0,38,0.0,14.5
Belagavi,15.8521,74.5045,2025-12-13 11:00:00,14.2,13.2,339.0,2.9,10.5,163.0,24.5,35,0.0,14.3
Belagavi,15.8521,74.5045,2025-12-13 12:00:00,14.0,12.8,315.0,1.7,9.5,169.0,25.8,31,0.0,13.0
Belagavi,15.8521,74.5045,2025-12-13 13:00:00,14.1,12.7,296.0,1.5,8.3,167.0,26.6,28,0.0,12.0
Belagavi,15.8521,74.5045,2025-12-13 14:00:00,14.3,12.6,291.0,2.2,7.4,164.0,27.2,26,0.0,11.3
Belagavi,15.8521,74.5045,2025-12-13 15:00:00,14.9,13.1,306.0,3.5,7.0,161.0,27.1,25,0.0,10.0
Belagavi,15.8521,74.5045,2025-12-13 16:00:00,15.8,13.9,335.0,5.6,7.0,156.0,26.4,27,0.0,8.0
Belagavi,15.8521,74.5045,2025-12-13 17:00:00,19.4,17.6,368.0,10.5,7.1,159.0,24.3,36,0.0,7.3
Belagavi,15.8521,74.5045,2025-12-13 18:00:00,24.3,22.6,410.0,17.6,8.1,140.0,21.3,45,0.0,6.4
Belagavi,15.8521,74.5045,2025-12-13 19:00:00,28.5,27.0,456.0,27.1,9.4,115.0,20.1,52,0.0,2.8
Belagavi,15.8521,74.5045,2025-12-13 20:00:00,31.7,30.3,482.0,33.1,10.3,96.0,19.4,53,0.0,6.1
Belagavi,15.8521,74.5045,2025-12-13 21:00:00,32.8,31.7,475.0,32.4,10.2,90.0,18.9,50,0.0,7.4
Belagavi,15.8521,74.5045,2025-12-13 22:00:00,32.7,31.7,449.0,28.1,9.7,91.0,18.8,46,0.0,10.6
Belagavi,15.8521,74.5045,2025-12-13 23:00:00,31.2,30.4,422.0,23.5,9.1,94.0,18.0,49,0.0,11.5
Belagavi,15.8521,74.5045,2025-12-14 00:00:00,28.6,27.8,397.0,19.3,8.5,99.0,17.6,52,0.0,11.6
Belagavi,15.8521,74.5045,2025-12-14 01:00:00,26.8,26.0,372.0,14.7,7.8,106.0,17.2,55,0.0,11.0
Belagavi,15.8521,74.5045,2025-12-14 02:00:00,25.7,24.7,357.0,11.0,7.6,112.0,16.8,57,0.0,11.7
Belagavi,15.8521,74.5045,2025-12-14 03:00:00,24.9,23.7,356.0,8.5,8.1,115.0,16.4,57,0.0,12.8
Belagavi,15.8521,74.5045,2025-12-14 04:00:00,23.9,22.6,365.0,7.0,9.1,117.0,16.1,57,0.0,12.4
Belagavi,15.8521,74.5045,2025-12-14 05:00:00,22.9,21.5,379.0,6.5,9.8,118.0,16.1,57,0.0,12.8
Belagavi,15.8521,74.5045,2025-12-14 06:00:00,23.2,21.7,406.0,8.2,10.8,118.0,16.0,56,0.0,12.2
Belagavi,15.8521,74.5045,2025-12-14 07:00:00,24.9,23.5,437.0,10.4,12.2,120.0,16.4,57,0.0,14.6
Belagavi,15.8521,74.5045,2025-12-14 08:00:00,24.9,23.8,450.0,11.1,13.3,127.0,18.7,56,0.0,13.0
Belagavi,15.8521,74.5045,2025-12-14 09:00:00,24.4,23.3,426.0,9.0,13.8,146.0,21.0,52,0.0,13.5
Belagavi,15.8521,74.5045,2025-12-14 10:00:00,23.9,22.8,383.0,5.5,14.0,170.0,22.9,47,0.0,15.8
Belagavi,15.8521,74.5045,2025-12-14 11:00:00,22.2,20.9,346.0,2.8,13.7,187.0,24.3,41,0.0,15.7
Belagavi,15.8521,74.5045,2025-12-14 12:00:00,20.4,19.1,319.0,1.8,12.5,190.0,25.5,37,0.0,14.3
Belagavi,15.8521,74.5045,2025-12-14 13:00:00,19.8,18.3,298.0,1.6,10.8,185.0,26.2,34,0.0,13.6
Belagavi,15.8521,74.5045,2025-12-14 14:00:00,20.0,18.5,294.0,2.1,9.5,180.0,26.6,32,0.0,12.7
Belagavi,15.8521,74.5045,2025-12-14 15:00:00,20.5,18.9,313.0,3.1,9.0,177.0,26.5,32,0.0,10.9
Belagavi,15.8521,74.5045,2025-12-14 16:00:00,21.4,19.7,348.0,4.8,8.9,174.0,25.8,35,0.0,8.4
Belagavi,15.8521,74.5045,2025-12-14 17:00:00,20.6,19.8,390.0,8.3,8.8,170.0,24.1,43,0.0,6.5
Belagavi,15.8521,74.5045,2025-12-14 18:00:00,25.6,24.9,449.0,13.9,9.3,152.0,21.4,52,0.0,6.0
Belagavi,15.8521,74.5045,2025-12-14 19:00:00,29.2,28.6,515.0,21.4,10.0,127.0,19.9,58,0.0,4.9
Belagavi,15.8521,74.5045,2025-12-14 20:00:00,31.4,30.9,552.0,26.6,10.4,108.0,19.7,59,0.0,7.8
Belagavi,15.8521,74.5045,2025-12-14 21:00:00,32.6,32.0,539.0,27.3,10.4,99.0,19.5,54,0.0,8.9
Belagavi,15.8521,74.5045,2025-12-14 22:00:00,33.3,32.6,496.0,25.5,10.1,96.0,19.4,47,0.0,10.6
Belagavi,15.8521,74.5045,2025-12-14 23:00:00,33.1,32.4,454.0,23.1,9.7,95.0,18.4,50,0.0,11.4
Belagavi,15.8521,74.5045,2025-12-15 00:00:00,31.7,30.7,415.0,20.3,9.2,96.0,17.5,55,0.0,9.9
Belagavi,15.8521,74.5045,2025-12-15 01:00:00,30.4,29.5,376.0,17.0,8.7,99.0,16.9,57,0.0,9.6
Belagavi,15.8521,74.5045,2025-12-15 02:00:00,29.4,28.3,356.0,14.1,8.3,102.0,16.7,59,0.0,9.9
Belagavi,15.8521,74.5045,2025-12-15 03:00:00,28.9,27.8,368.0,12.0,8.2,103.0,16.5,61,0.0,9.9
Belagavi,15.8521,74.5045,2025-12-15 04:00:00,29.1,27.9,399.0,10.3,8.2,103.0,16.4,63,0.0,10.4
Belagavi,15.8521,74.5045,2025-12-15 05:00:00,29.7,28.4,430.0,10.1,8.4,100.0,16.4,63,0.0,11.2
Belagavi,15.8521,74.5045,2025-12-15 06:00:00,30.6,29.3,465.0,11.1,9.0,99.0,15.7,67,0.0,11.4
Belagavi,15.8521,74.5045,2025-12-15 07:00:00,32.7,31.5,501.0,12.4,10.0,99.0,16.2,65,0.0,14.0
Belagavi,15.8521,74.5045,2025-12-15 08:00:00,33.3,32.4,510.0,12.3,11.6,107.0,18.5,61,0.0,12.5
Belagavi,15.8521,74.5045,2025-12-15 09:00:00,34.7,33.6,471.0,9.6,14.6,130.0,20.7,59,0.0,13.6
Belagavi,15.8521,74.5045,2025-12-15 10:00:00,35.0,34.0,405.0,5.6,18.2,160.0,22.7,53,0.0,16.3
Belagavi,15.8521,74.5045,2025-12-15 11:00:00,32.8,31.4,354.0,2.6,20.1,182.0,24.1,47,0.0,16.2
Belagavi,15.8521,74.5045,2025-12-15 12:00:00,31.8,30.0,333.0,1.6,18.7,189.0,25.1,42,0.0,15.5
Belagavi,15.8521,74.5045,2025-12-15 13:00:00,31.3,29.2,326.0,1.7,15.6,189.0,25.9,39,0.0,14.6
Belagavi,15.8521,74.5045,2025-12-15 14:00:00,31.2,29.0,324.0,2.2,13.0,186.0,26.3,38,0.0,14.2
Belagavi,15.8521,74.5045,2025-12-15 15:00:00,31.4,29.0,324.0,2.9,11.6,183.0,26.6,36,0.0,14.2
Belagavi,15.8521,74.5045,2025-12-15 16:00:00,32.0,29.7,330.0,4.0,10.7,178.0,26.2,34,0.0,14.3
Belagavi,15.8521,74.5045,2025-12-15 17:00:00,37.5,35.6,341.0,6.1,10.4,167.0,24.8,38,0.0,11.4
Belagavi,15.8521,74.5045,2025-12-15 18:00:00,37.7,36.3,361.0,9.6,10.0,150.0,22.0,45,0.0,9.4
Belagavi,15.8521,74.5045,2025-12-15 19:00:00,37.8,36.8,388.0,14.3,9.4,127.0,21.0,44,0.0,13.6
Belagavi,15.8521,74.5045,2025-12-15 20:00:00,36.6,35.7,409.0,16.9,9.1,111.0,20.8,44,0.0,16.3
Belagavi,15.8521,74.5045,2025-12-15 21:00:00,34.1,33.4,425.0,15.6,9.1,110.0,20.0,50,0.0,15.9
Belagavi,15.8521,74.5045,2025-12-15 22:00:00,31.5,31.0,436.0,12.3,9.3,117.0,19.2,54,0.0,16.3
Belagavi,15.8521,74.5045,2025-12-15 23:00:00,29.5,28.8,435.0,9.3,9.9,123.0,18.7,59,0.0,15.7
Belagavi,15.8521,74.5045,2025-12-16 00:00:00,28.1,27.2,414.0,7.4,11.1,127.0,17.9,63,0.0,15.7
Belagavi,15.8521,74.5045,2025-12-16 01:00:00,27.9,26.8,381.0,5.9,12.5,130.0,17.7,63,0.0,16.8
Belagavi,15.8521,74.5045,2025-12-16 02:00:00,28.2,27.1,358.0,4.8,13.5,131.0,17.2,62,0.0,17.3
Belagavi,15.8521,74.5045,2025-12-16 03:00:00,28.9,27.6,351.0,4.3,13.6,127.0,16.4,65,0.0,16.0
Belagavi,15.8521,74.5045,2025-12-16 04:00:00,29.6,28.3,354.0,4.2,13.2,119.0,16.0,68,0.0,16.2
Belagavi,15.8521,74.5045,2025-12-16 05:00:00,30.3,29.0,365.0,5.1,12.6,109.0,15.4,76,0.0,16.2
Belagavi,15.8521,74.5045,2025-12-16 06:00:00,31.3,30.2,392.0,6.7,12.7,103.0,14.9,80,0.0,14.8
Belagavi,15.8521,74.5045,2025-12-16 07:00:00,33.8,32.6,427.0,8.8,12.7,96.0,15.1,81,0.0,15.2
Belagavi,15.8521,74.5045,2025-12-16 08:00:00,36.1,34.8,443.0,9.6,12.6,97.0,17.6,72,0.0,15.0
Belagavi,15.8521,74.5045,2025-12-16 09:00:00,42.1,40.0,422.0,7.9,12.3,114.0,20.4,60,0.0,18.6
Belagavi,15.8521,74.5045,2025-12-16 10:00:00,43.8,41.4,380.0,4.8,11.8,138.0,22.7,47,0.0,20.6
Belagavi,15.8521,74.5045,2025-12-16 11:00:00,37.1,34.8,345.0,2.5,11.0,156.0,24.3,43,0.0,20.9
Belagavi,15.8521,74.5045,2025-12-16 12:00:00,31.3,29.2,322.0,1.7,9.7,159.0,25.5,42,0.0,19.4
Belagavi,15.8521,74.5045,2025-12-16 13:00:00,27.5,25.8,305.0,1.6,8.2,155.0,26.2,43,0.0,18.9
Belagavi,15.8521,74.5045,2025-12-16 14:00:00,26.5,25.2,297.0,1.9,7.1,151.0,26.6,44,0.0,18.4
Belagavi,15.8521,74.5045,2025-12-16 15:00:00,27.2,26.0,297.0,2.4,7.0,153.0,26.6,45,0.0,17.3
Belagavi,15.8521,74.5045,2025-12-16 16:00:00,28.9,27.8,306.0,3.3,7.3,156.0,25.9,48,0.0,16.2
Belagavi,15.8521,74.5045,2025-12-16 17:00:00,33.4,32.4,326.0,4.8,8.2,154.0,25.1,51,0.0,13.5
Belagavi,15.8521,74.5045,2025-12-16 18:00:00,35.4,34.6,368.0,7.5,8.3,142.0,23.4,58,0.0,13.8
Belagavi,15.8521,74.5045,2025-12-16 19:00:00,37.0,36.3,422.0,11.2,8.5,125.0,22.7,62,0.0,14.6
Belagavi,15.8521,74.5045,2025-12-16 20:00:00,37.5,36.8,460.0,13.4,8.6,112.0,22.3,63,0.0,13.1
Belagavi,15.8521,74.5045,2025-12-16 21:00:00,37.5,36.8,471.0,12.7,8.6,108.0,21.7,65,0.0,15.4
Belagavi,15.8521,74.5045,2025-12-16 22:00:00,38.1,37.1,466.0,10.4,8.6,109.0,21.0,66,0.0,15.5
Belagavi,15.8521,74.5045,2025-12-16 23:00:00,39.0,37.7,455.0,8.4,8.6,109.0,20.4,69,0.0,16.3
Belagavi,15.8521,74.5045,2025-12-17 00:00:00,39.6,38.2,436.0,7.1,8.5,107.0,20.1,69,0.0,16.1
Belagavi,15.8521,74.5045,2025-12-17 01:00:00,40.3,38.6,411.0,6.1,8.5,104.0,19.7,71,0.0,14.8
Belagavi,15.8521,74.5045,2025-12-17 02:00:00,40.6,39.0,396.0,5.3,8.5,101.0,19.5,73,0.0,14.8
Belagavi,15.8521,74.5045,2025-12-17 03:00:00,41.2,39.3,401.0,4.7,8.7,98.0,19.1,75,0.0,13.9
Belagavi,15.8521,74.5045,2025-12-17 04:00:00,41.6,39.7,418.0,4.4,8.9,95.0,18.5,79,0.0,12.5
Belagavi,15.8521,74.5045,2025-12-17 05:00:00,41.2,39.6,433.0,4.9,9.4,90.0,18.6,83,0.0,14.0
Belagavi,15.8521,74.5045,2025-12-17 06:00:00,42.0,40.3,451.0,6.1,9.9,89.0,18.3,86,0.0,14.3
Belagavi,15.8521,74.5045,2025-12-17 07:00:00,43.7,41.7,468.0,7.6,10.5,88.0,18.4,86,0.0,14.9
Belagavi,15.8521,74.5045,2025-12-17 08:00:00,44.6,42.6,463.0,8.1,10.8,92.0,20.4,77,0.0,15.2
Belagavi,15.8521,74.5045,2025-12-17 09:00:00,45.1,42.3,412.0,6.7,10.3,105.0,22.6,66,0.0,17.6
Belagavi,15.8521,74.5045,2025-12-17 10:00:00,41.2,38.6,339.0,4.2,9.5,122.0,24.4,58,0.0,18.2
Belagavi,15.8521,74.5045,2025-12-17 11:00:00,35.0,33.1,289.0,2.4,8.7,136.0,26.0,54,0.0,18.2
Belagavi,15.8521,74.5045,2025-12-17 12:00:00,31.3,29.7,284.0,1.8,8.0,142.0,27.2,47,0.0,18.0
Belagavi,15.8521,74.5045,2025-12-17 13:00:00,29.5,28.2,303.0,1.8,7.3,144.0,28.0,43,0.0,17.6
Belagavi,15.8521,74.5045,2025-12-17 14:00:00,29.3,28.1,321.0,2.2,7.0,145.0,28.6,41,0.0,17.5
Belagavi,15.8521,74.5045,2025-12-17 15:00:00,29.9,28.8,328.0,3.0,7.3,148.0,28.8,39,0.0,17.3
Belagavi,15.8521,74.5045,2025-12-17 16:00:00,31.3,30.3,335.0,4.2,8.0,149.0,28.4,37,0.0,16.1
Belagavi,15.8521,74.5045,2025-12-17 17:00:00,25.8,25.5,352.0,5.9,8.5,146.0,26.9,41,0.0,13.5
Belagavi,15.8521,74.5045,2025-12-17 18:00:00,28.8,28.5,388.0,9.3,8.9,133.0,24.4,46,0.0,11.5
Belagavi,15.8521,74.5045,2025-12-17 19:00:00,31.5,31.2,434.0,13.9,9.5,115.0,23.1,50,0.0,14.5
Belagavi,15.8521,74.5045,2025-12-17 20:00:00,33.1,32.7,470.0,16.7,10.0,102.0,22.4,52,0.0,15.2
Belagavi,15.8521,74.5045,2025-12-17 21:00:00,32.9,32.6,493.0,16.2,10.3,99.0,21.7,52,0.0,15.1
Belagavi,15.8521,74.5045,2025-12-17 22:00:00,31.9,31.5,507.0,14.0,10.6,101.0,20.9,53,0.0,15.2
Belagavi,15.8521,74.5045,2025-12-17 23:00:00,29.8,29.5,505.0,11.8,10.9,102.0,20.1,62,0.0,14.2
Belagavi,15.8521,74.5045,2025-12-18 00:00:00,27.2,26.8,474.0,10.1,11.1,101.0,19.4,68,0.0,13.6
Belagavi,15.8521,74.5045,2025-12-18 01:00:00,25.1,24.6,428.0,8.4,11.4,101.0,18.8,71,0.0,13.4
Belagavi,15.8521,74.5045,2025-12-18 02:00:00,23.5,22.8,402.0,7.2,12.0,99.0,18.5,69,0.0,13.6
Belagavi,15.8521,74.5045,2025-12-18 03:00:00,22.8,21.8,417.0,6.4,13.4,96.0,18.5,63,0.0,14.5
Belagavi,15.8521,74.5045,2025-12-18 04:00:00,23.1,21.8,453.0,6.0,15.1,93.0,18.0,62,0.0,14.3
Belagavi,15.8521,74.5045,2025-12-18 05:00:00,23.2,22.0,480.0,6.7,16.5,87.0,17.5,68,0.0,15.2
Belagavi,15.8521,74.5045,2025-12-18 06:00:00,24.6,23.3,490.0,8.4,16.5,82.0,16.8,71,0.0,15.5
Belagavi,15.8521,74.5045,2025-12-18 07:00:00,29.2,27.6,492.0,10.6,16.6,76.0,17.0,70,0.0,16.8
Belagavi,15.8521,74.5045,2025-12-18 08:00:00,35.2,33.5,481.0,11.4,16.9,81.0,19.6,60,0.0,16.3
Belagavi,15.8521,74.5045,2025-12-18 09:00:00,46.8,44.0,449.0,9.3,18.0,107.0,22.4,47,0.0,18.5
Belagavi,15.8521,74.5045,2025-12-18 10:00:00,53.6,49.9,404.0,5.7,19.4,143.0,24.3,38,0.0,19.3
Belagavi,15.8521,74.5045,2025-12-18 11:00:00,48.9,45.6,363.0,3.0,19.3,168.0,26.0,32,0.0,18.6
Belagavi,15.8521,74.5045,2025-12-18 12:00:00,41.7,38.6,330.0,1.9,16.4,170.0,27.5,26,0.0,17.5
Belagavi,15.8521,74.5045,2025-12-18 13:00:00,33.8,31.1,302.0,1.7,12.2,160.0,28.4,21,0.0,17.4
Belagavi,15.8521,74.5045,2025-12-18 14:00:00,29.7,27.3,285.0,2.0,8.9,151.0,28.8,19,0.0,17.0
Belagavi,15.8521,74.5045,2025-12-18 15:00:00,28.1,25.8,283.0,2.6,7.7,148.0,28.7,18,0.0,16.7
Belagavi,15.8521,74.5045,2025-12-18 16:00:00,27.9,25.8,291.0,3.7,7.6,145.0,28.0,17,0.0,15.7
Belagavi,15.8521,74.5045,2025-12-18 17:00:00,25.0,24.4,304.0,7.1,8.8,153.0,25.9,21,0.0,11.8
Belagavi,15.8521,74.5045,2025-12-18 18:00:00,28.1,27.5,323.0,11.4,9.2,138.0,22.8,24,0.0,10.1
Belagavi,15.8521,74.5045,2025-12-18 19:00:00,30.5,29.8,346.0,17.4,9.8,117.0,21.6,26,0.0,12.1
Belagavi,15.8521,74.5045,2025-12-18 20:00:00,32.6,31.8,361.0,21.6,10.5,101.0,21.0,27,0.0,12.3
Belagavi,15.8521,74.5045,2025-12-18 21:00:00,34.8,33.8,360.0,22.5,11.4,96.0,20.1,30,0.0,11.8
Belagavi,15.8521,74.5045,2025-12-18 22:00:00,37.0,35.9,350.0,21.7,12.4,97.0,19.5,33,0.0,11.3
Belagavi,15.8521,74.5045,2025-12-18 23:00:00,38.8,37.4,347.0,20.3,13.1,97.0,19.2,38,0.0,12.7
Belagavi,15.8521,74.5045,2025-12-19 00:00:00,39.8,38.2,353.0,18.7,13.4,96.0,18.5,39,0.0,11.5
Belagavi,15.8521,74.5045,2025-12-19 01:00:00,41.2,39.6,364.0,16.5,13.4,95.0,17.7,40,0.0,10.3
Belagavi,15.8521,74.5045,2025-12-19 02:00:00,42.3,40.7,385.0,14.4,13.0,92.0,17.6,39,0.0,12.2
Belagavi,15.8521,74.5045,2025-12-19 03:00:00,41.7,40.4,427.0,12.4,12.1,86.0,17.3,41,0.0,14.1
Belagavi,15.8521,74.5045,2025-12-19 04:00:00,37.5,36.6,479.0,10.4,10.8,79.0,16.7,46,0.0,16.5
Belagavi,15.8521,74.5045,2025-12-19 05:00:00,35.9,35.0,504.0,10.0,11.4,77.0,16.8,45,0.0,17.9
Belagavi,15.8521,74.5045,2025-12-19 06:00:00,29.6,29.0,486.0,10.4,10.8,77.0,16.3,47,0.0,18.4
Belagavi,15.8521,74.5045,2025-12-19 07:00:00,25.9,25.4,441.0,10.8,10.0,78.0,16.3,49,0.0,19.0
Belagavi,15.8521,74.5045,2025-12-19 08:00:00,23.9,23.5,388.0,10.3,9.1,83.0,18.9,46,0.0,18.3
Belagavi,15.8521,74.5045,2025-12-19 09:00:00,21.5,21.0,322.0,8.0,8.0,96.0,21.7,39,0.0,19.3
Belagavi,15.8521,74.5045,2025-12-19 10:00:00,15.0,14.6,249.0,4.8,6.7,113.0,23.9,29,0.0,21.9
Belagavi,15.8521,74.5045,2025-12-19 11:00:00,10.1,9.9,196.0,2.4,5.8,127.0,25.5,22,0.0,22.1
Belagavi,15.8521,74.5045,2025-12-19 12:00:00,9.3,9.0,181.0,1.5,5.5,135.0,26.8,17,0.0,21.2
Belagavi,15.8521,74.5045,2025-12-19 13:00:00,9.3,9.0,187.0,1.5,5.5,139.0,27.6,17,0.0,20.5
Belagavi,15.8521,74.5045,2025-12-19 14:00:00,9.8,9.3,197.0,2.0,5.7,141.0,28.0,17,0.0,20.3
Belagavi,15.8521,74.5045,2025-12-19 15:00:00,10.3,9.7,203.0,2.7,5.8,142.0,27.8,17,0.0,19.7
Belagavi,15.8521,74.5045,2025-12-19 16:00:00,11.0,10.3,213.0,3.9,6.1,140.0,27.0,19,0.0,17.5
Belagavi,15.8521,74.5045,2025-12-19 17:00:00,18.1,16.7,229.0,6.4,6.7,134.0,25.2,23,0.0,11.6
Belagavi,15.8521,74.5045,2025-12-19 18:00:00,20.3,19.0,258.0,12.1,7.3,117.0,22.2,28,0.0,9.6
Belagavi,15.8521,74.5045,2025-12-19 19:00:00,23.4,22.1,293.0,19.9,8.1,93.0,20.9,30,0.0,10.5
Belagavi,15.8521,74.5045,2025-12-19 20:00:00,26.0,24.7,317.0,25.4,9.0,76.0,19.9,34,0.0,9.1
Belagavi,15.8521,74.5045,2025-12-19 21:00:00,27.5,26.1,319.0,26.6,9.9,70.0,19.2,37,0.0,7.7
Belagavi,15.8521,74.5045,2025-12-19 22:00:00,28.8,27.2,311.0,25.5,10.8,71.0,18.6,40,0.0,7.7
Belagavi,15.8521,74.5045,2025-12-19 23:00:00,29.0,27.3,303.0,23.9,11.5,72.0,18.1,42,0.0,10.3
Belagavi,15.8521,74.5045,2025-12-20 00:00:00,27.9,26.2,298.0,22.0,11.8,73.0,16.9,45,0.0,8.1
Belagavi,15.8521,74.5045,2025-12-20 01:00:00,27.2,25.4,295.0,19.5,11.8,76.0,16.2,47,0.0,7.8
Belagavi,15.8521,74.5045,2025-12-20 02:00:00,27.0,25.2,301.0,17.4,11.8,77.0,15.9,48,0.0,7.4
Belagavi,15.8521,74.5045,2025-12-20 03:00:00,28.4,26.6,325.0,16.2,12.0,76.0,15.9,47,0.0,7.8
Belagavi,15.8521,74.5045,2025-12-20 04:00:00,30.4,28.6,359.0,15.4,12.3,73.0,15.9,46,0.0,10.1
Belagavi,15.8521,74.5045,2025-12-20 05:00:00,30.3,28.6,385.0,13.6,11.8,69.0,15.8,47,0.0,12.5
Belagavi,15.8521,74.5045,2025-12-20 06:00:00,30.3,28.9,400.0,14.7,11.7,66.0,15.4,49,0.0,13.9
Belagavi,15.8521,74.5045,2025-12-20 07:00:00,29.6,28.6,406.0,16.0,11.5,63.0,16.0,49,0.0,15.4
Belagavi,15.8521,74.5045,2025-12-20 08:00:00,24.6,24.0,393.0,15.7,10.9,67.0,18.8,47,0.0,15.9
Belagavi,15.8521,74.5045,2025-12-20 09:00:00,18.3,17.9,343.0,12.0,9.4,86.0,21.5,38,0.0,17.0
Belagavi,15.8521,74.5045,2025-12-20 10:00:00,12.0,11.6,273.0,6.7,7.5,113.0,23.3,29,0.0,18.6
Belagavi,15.8521,74.5045,2025-12-20 11:00:00,9.7,9.4,221.0,2.7,6.0,133.0,25.1,24,0.0,18.7
Belagavi,15.8521,74.5045,2025-12-20 12:00:00,8.9,8.7,203.0,1.4,5.5,142.0,26.4,20,0.0,17.8
Belagavi,15.8521,74.5045,2025-12-20 13:00:00,8.9,8.7,203.0,1.5,5.4,144.0,27.2,18,0.0,17.4
Belagavi,15.8521,74.5045,2025-12-20 14:00:00,9.0,8.8,209.0,2.1,5.4,144.0,27.7,18,0.0,17.3
Belagavi,15.8521,74.5045,2025-12-20 15:00:00,9.3,9.1,216.0,2.7,5.3,143.0,27.6,17,0.0,15.7
Belagavi,15.8521,74.5045,2025-12-20 16:00:00,9.8,9.6,229.0,3.9,5.4,140.0,26.7,18,0.0,13.2
Belagavi,15.8521,74.5045,2025-12-20 17:00:00,9.4,9.4,249.0,6.8,5.7,133.0,24.8,22,0.0,10.3
Belagavi,15.8521,74.5045,2025-12-20 18:00:00,12.3,12.2,284.0,12.8,6.2,116.0,21.6,27,0.0,8.1
Belagavi,15.8521,74.5045,2025-12-20 19:00:00,15.5,15.4,326.0,20.9,7.0,93.0,20.1,32,0.0,8.6
Belagavi,15.8521,74.5045,2025-12-20 20:00:00,18.2,18.0,353.0,26.0,7.9,77.0,19.6,35,0.0,9.6
Belagavi,15.8521,74.5045,2025-12-20 21:00:00,19.7,19.4,351.0,25.5,8.8,75.0,19.4,37,0.0,11.9
Belagavi,15.8521,74.5045,2025-12-20 22:00:00,20.9,20.6,334.0,22.1,9.9,80.0,18.9,37,0.0,12.8
Belagavi,15.8521,74.5045,2025-12-20 23:00:00,22.0,21.6,323.0,18.5,10.8,86.0,17.5,43,0.0,12.0
Belagavi,15.8521,74.5045,2025-12-21 00:00:00,22.6,22.1,329.0,15.5,11.7,90.0,16.6,49,0.0,11.5
Belagavi,15.8521,74.5045,2025-12-21 01:00:00,23.3,22.7,342.0,12.5,12.5,95.0,16.1,51,0.0,10.8
Belagavi,15.8521,74.5045,2025-12-21 02:00:00,23.9,23.2,350.0,10.0,13.1,99.0,15.8,52,0.0,10.2
Belagavi,15.8521,74.5045,2025-12-21 03:00:00,24.3,23.4,344.0,8.3,13.4,100.0,15.8,51,0.0,11.1
Belagavi,15.8521,74.5045,2025-12-21 04:00:00,24.7,23.6,333.0,7.1,13.5,100.0,15.9,50,0.0,12.3
Belagavi,15.8521,74.5045,2025-12-21 05:00:00,24.6,23.7,333.0,6.8,14.0,101.0,16.1,53,0.0,13.4
Belagavi,15.8521,74.5045,2025-12-21 06:00:00,25.6,24.7,360.0,8.7,14.5,96.0,15.4,58,0.0,12.6
Belagavi,15.8521,74.5045,2025-12-21 07:00:00,28.5,27.7,398.0,11.2,15.2,91.0,15.3,60,0.0,13.2
Belagavi,15.8521,74.5045,2025-12-21 08:00:00,27.9,27.3,417.0,12.1,15.4,93.0,17.8,55,0.0,12.2
Belagavi,15.8521,74.5045,2025-12-21 09:00:00,28.2,27.2,399.0,9.7,14.8,111.0,20.3,50,0.0,14.6
Belagavi,15.8521,74.5045,2025-12-21 10:00:00,31.9,30.2,363.0,5.6,13.7,136.0,22.3,43,0.0,17.7
Belagavi,15.8521,74.5045,2025-12-21 11:00:00,33.4,31.7,334.0,2.6,12.6,157.0,23.6,39,0.0,18.9
Belagavi,15.8521,74.5045,2025-12-21 12:00:00,34.2,32.5,322.0,1.7,11.7,168.0,24.7,36,0.0,18.3
Belagavi,15.8521,74.5045,2025-12-21 13:00:00,35.2,33.5,317.0,1.7,10.9,174.0,25.6,34,0.0,16.6
Belagavi,15.8521,74.5045,2025-12-21 14:00:00,35.5,33.9,318.0,2.3,10.3,177.0,25.8,36,0.0,15.1
Belagavi,15.8521,74.5045,2025-12-21 15:00:00,35.7,34.1,323.0,2.9,10.0,178.0,25.9,36,0.0,14.5
Belagavi,15.8521,74.5045,2025-12-21 16:00:00,36.2,34.7,333.0,3.9,10.0,175.0,25.3,35,0.0,13.9
Belagavi,15.8521,74.5045,2025-12-21 17:00:00,37.5,36.0,351.0,6.7,9.7,162.0,24.1,40,0.0,9.8
Belagavi,15.8521,74.5045,2025-12-21 18:00:00,41.0,39.8,384.0,11.8,9.7,143.0,20.9,49,0.0,6.8
Belagavi,15.8521,74.5045,2025-12-21 19:00:00,43.4,42.1,426.0,18.8,9.7,118.0,20.3,50,0.0,9.7
Belagavi,15.8521,74.5045,2025-12-21 20:00:00,43.9,42.7,459.0,22.9,9.5,99.0,19.6,52,0.0,9.1
Belagavi,15.8521,74.5045,2025-12-21 21:00:00,42.6,41.3,478.0,21.7,9.0,93.0,18.8,56,0.0,7.8
Belagavi,15.8521,74.5045,2025-12-21 22:00:00,41.2,39.9,488.0,17.8,8.3,94.0,18.7,58,0.0,10.6
Belagavi,15.8521,74.5045,2025-12-21 23:00:00,40.4,39.0,488.0,14.1,7.6,96.0,18.2,63,0.0,10.6
Belagavi,15.8521,74.5045,2025-12-22 00:00:00,40.3,38.6,473.0,11.5,7.1,97.0,18.0,65,0.0,10.9
Belagavi,15.8521,74.5045,2025-12-22 01:00:00,41.1,39.5,448.0,9.2,6.6,99.0,17.5,67,0.0,11.1
Belagavi,15.8521,74.5045,2025-12-22 02:00:00,42.5,40.5,429.0,7.4,6.3,100.0,17.1,69,0.0,10.3
Belagavi,15.8521,74.5045,2025-12-22 03:00:00,44.0,41.9,422.0,6.0,6.2,100.0,16.7,69,0.0,10.0
Belagavi,15.8521,74.5045,2025-12-22 04:00:00,45.6,43.4,420.0,5.0,6.2,100.0,16.4,71,0.0,10.3
Belagavi,15.8521,74.5045,2025-12-22 05:00:00,46.9,44.5,424.0,5.9,6.8,96.0,16.1,71,0.0,10.8
Belagavi,15.8521,74.5045,2025-12-22 06:00:00,48.9,46.3,439.0,8.1,7.3,94.0,15.8,73,0.0,10.8
Belagavi,15.8521,74.5045,2025-12-22 07:00:00,51.7,49.2,460.0,11.0,8.1,93.0,16.0,74,0.0,12.9
Belagavi,15.8521,74.5045,2025-12-22 08:00:00,51.6,49.7,468.0,12.2,9.2,98.0,18.6,67,0.0,12.5
Belagavi,15.8521,74.5045,2025-12-22 09:00:00,51.3,49.1,451.0,9.9,10.9,114.0,20.9,59,0.0,14.9
Belagavi,15.8521,74.5045,2025-12-22 10:00:00,49.2,47.0,421.0,5.8,12.9,137.0,22.7,51,0.0,17.1
Belagavi,15.8521,74.5045,2025-12-22 11:00:00,46.0,44.1,398.0,2.7,14.0,155.0,24.1,45,0.0,18.6
Belagavi,15.8521,74.5045,2025-12-22 12:00:00,42.6,41.1,389.0,1.8,13.4,164.0,25.3,42,0.0,17.3
Belagavi,15.8521,74.5045,2025-12-22 13:00:00,40.7,39.3,386.0,1.9,12.0,170.0,26.2,40,0.0,15.8
Belagavi,15.8521,74.5045,2025-12-22 14:00:00,40.0,38.8,387.0,2.4,10.8,172.0,26.8,39,0.0,14.4
Belagavi,15.8521,74.5045,2025-12-22 15:00:00,39.9,38.6,389.0,2.9,10.3,174.0,26.9,37,0.0,14.0
Belagavi,15.8521,74.5045,2025-12-22 16:00:00,40.9,39.6,394.0,3.7,10.2,172.0,26.3,38,0.0,13.7
Belagavi,15.8521,74.5045,2025-12-22 17:00:00,40.5,39.5,410.0,5.4,10.2,165.0,24.8,40,0.0,11.7
Belagavi,15.8521,74.5045,2025-12-22 18:00:00,42.5,41.6,444.0,8.9,10.3,150.0,22.3,46,0.0,9.5
Belagavi,15.8521,74.5045,2025-12-22 19:00:00,44.0,43.2,487.0,13.5,10.4,129.0,21.2,47,0.0,12.6
Belagavi,15.8521,74.5045,2025-12-22 20:00:00,44.4,43.5,522.0,16.3,10.4,114.0,20.7,47,0.0,13.4
Belagavi,15.8521,74.5045,2025-12-22 21:00:00,43.4,42.5,543.0,15.5,10.4,111.0,19.8,51,0.0,12.7
Belagavi,15.8521,74.5045,2025-12-22 22:00:00,42.3,41.3,556.0,12.7,10.2,114.0,18.9,57,0.0,13.9
Belagavi,15.8521,74.5045,2025-12-22 23:00:00,41.1,40.2,556.0,10.2,10.1,117.0,18.7,62,0.0,14.3
Belagavi,15.8521,74.5045,2025-12-23 00:00:00,40.3,39.1,537.0,8.5,9.8,117.0,17.9,67,0.0,12.4
Belagavi,15.8521,74.5045,2025-12-23 01:00:00,40.3,39.1,506.0,7.0,9.4,116.0,17.5,69,0.0,12.0
Belagavi,15.8521,74.5045,2025-12-23 02:00:00,41.1,39.8,479.0,5.8,9.4,116.0,17.3,70,0.0,11.9
Belagavi,15.8521,74.5045,2025-12-23 03:00:00,42.3,40.9,462.0,4.7,9.8,116.0,17.0,70,0.0,11.6
Belagavi,15.8521,74.5045,2025-12-23 04:00:00,43.8,42.1,449.0,4.0,10.5,116.0,16.5,70,0.0,10.5
Belagavi,15.8521,74.5045,2025-12-23 05:00:00,44.2,42.6,445.0,3.9,11.9,118.0,16.1,70,0.0,10.9
Belagavi,15.8521,74.5045,2025-12-23 06:00:00,45.8,44.1,459.0,6.3,12.7,113.0,16.2,71,0.0,10.9
Belagavi,15.8521,74.5045,2025-12-23 07:00:00,48.8,47.0,482.0,9.6,13.8,107.0,16.6,71,0.0,12.4
Belagavi,15.8521,74.5045,2025-12-23 08:00:00,50.3,48.8,491.0,11.1,15.0,108.0,18.9,65,0.0,11.0
Belagavi,15.8521,74.5045,2025-12-23 09:00:00,51.9,50.1,471.0,9.1,16.6,123.0,21.6,55,0.0,14.6
Belagavi,15.8521,74.5045,2025-12-23 10:00:00,47.6,45.9,436.0,5.4,18.4,146.0,23.4,42,0.0,16.8
Belagavi,15.8521,74.5045,2025-12-23 11:00:00,42.7,41.4,406.0,2.6,19.0,163.0,24.6,38,0.0,16.2
Belagavi,15.8521,74.5045,2025-12-23 12:00:00,39.3,38.2,386.0,1.7,17.7,171.0,25.7,36,0.0,14.8
Belagavi,15.8521,74.5045,2025-12-23 13:00:00,36.9,36.0,371.0,1.8,15.3,173.0,26.5,35,0.0,13.2
Belagavi,15.8521,74.5045,2025-12-23 14:00:00,35.0,34.2,362.0,2.3,13.2,173.0,27.2,32,0.0,12.3
Belagavi,15.8521,74.5045,2025-12-23 15:00:00,33.6,32.9,356.0,2.9,12.0,172.0,27.2,30,0.0,11.8
Belagavi,15.8521,74.5045,2025-12-23 16:00:00,32.6,31.9,356.0,4.1,11.3,167.0,26.6,30,0.0,11.2
Belagavi,15.8521,74.5045,2025-12-23 17:00:00,32.9,32.5,371.0,6.3,10.8,163.0,24.8,34,0.0,9.6
Belagavi,15.8521,74.5045,2025-12-23 18:00:00,37.1,36.7,417.0,11.3,10.6,144.0,22.1,40,0.0,9.3
Belagavi,15.8521,74.5045,2025-12-23 19:00:00,40.9,40.3,478.0,18.2,10.4,117.0,21.1,44,0.0,12.3
Belagavi,15.8521,74.5045,2025-12-23 20:00:00,43.4,42.8,512.0,22.6,10.3,97.0,20.5,46,0.0,11.8
Belagavi,15.8521,74.5045,2025-12-23 21:00:00,44.7,44.0,492.0,22.5,10.3,90.0,20.1,47,0.0,11.9
Belagavi,15.8521,74.5045,2025-12-23 22:00:00,45.3,44.5,444.0,20.0,10.3,90.0,19.5,49,0.0,11.3
Belagavi,15.8521,74.5045,2025-12-23 23:00:00,45.1,44.1,409.0,17.4,10.4,91.0,18.7,53,0.0,11.0
Belagavi,15.8521,74.5045,2025-12-24 00:00:00,44.5,43.3,402.0,15.1,10.7,93.0,17.6,55,0.0,10.3
Belagavi,15.8521,74.5045,2025-12-24 01:00:00,44.6,43.3,406.0,12.8,11.0,97.0,17.0,57,0.0,10.4
Belagavi,15.8521,74.5045,2025-12-24 02:00:00,45.2,43.9,415.0,10.9,11.5,99.0,16.7,63,0.0,11.0
Belagavi,15.8521,74.5045,2025-12-24 03:00:00,46.3,44.9,425.0,9.8,12.0,98.0,16.4,68,0.0,11.3
Belagavi,15.8521,74.5045,2025-12-24 04:00:00,47.8,46.4,440.0,9.3,12.7,95.0,15.8,72,0.0,10.6
Belagavi,15.8521,74.5045,2025-12-24 05:00:00,44.4,43.3,458.0,5.8,17.0,112.0,15.7,72,0.0,11.5
Belagavi,15.8521,74.5045,2025-12-24 06:00:00,45.8,44.7,489.0,7.8,18.1,108.0,15.4,73,0.0,10.7
Belagavi,15.8521,74.5045,2025-12-24 07:00:00,48.2,47.3,523.0,10.4,19.6,103.0,15.2,75,0.0,11.3
Belagavi,15.8521,74.5045,2025-12-24 08:00:00,47.3,46.6,535.0,11.4,20.9,106.0,17.9,67,0.0,10.6
Belagavi,15.8521,74.5045,2025-12-24 09:00:00,42.7,42.1,502.0,9.2,21.9,124.0,20.5,55,0.0,14.2
Belagavi,15.8521,74.5045,2025-12-24 10:00:00,38.2,37.6,447.0,5.4,22.7,150.0,22.5,44,0.0,18.3
Belagavi,15.8521,74.5045,2025-12-24 11:00:00,36.2,35.7,407.0,2.6,22.6,170.0,23.5,42,0.0,17.7
Belagavi,15.8521,74.5045,2025-12-24 12:00:00,35.5,34.9,400.0,1.7,20.8,179.0,24.6,40,0.0,15.7
Belagavi,15.8521,74.5045,2025-12-24 13:00:00,35.3,34.5,410.0,1.7,18.1,181.0,25.3,37,0.0,13.9
Belagavi,15.8521,74.5045,2025-12-24 14:00:00,35.2,34.2,422.0,2.2,15.9,182.0,25.6,37,0.0,12.5
Belagavi,15.8521,74.5045,2025-12-24 15:00:00,35.9,34.8,437.0,2.7,14.7,183.0,25.7,37,0.0,11.3
Belagavi,15.8521,74.5045,2025-12-24 16:00:00,36.1,35.0,454.0,3.5,14.0,181.0,25.2,36,0.0,11.1
Belagavi,15.8521,74.5045,2025-12-24 17:00:00,37.0,36.2,466.0,5.4,14.3,170.0,24.0,40,0.0,9.1
Belagavi,15.8521,74.5045,2025-12-24 18:00:00,38.9,38.2,465.0,9.7,13.7,151.0,21.1,49,0.0,7.0
Belagavi,15.8521,74.5045,2025-12-24 19:00:00,39.5,38.9,457.0,15.6,12.8,126.0,19.3,55,0.0,6.1
Belagavi,15.8521,74.5045,2025-12-24 20:00:00,39.0,38.5,454.0,19.4,12.0,106.0,19.1,51,0.0,9.0
Belagavi,15.8521,74.5045,2025-12-24 21:00:00,38.0,37.5,464.0,19.3,11.3,98.0,18.9,42,0.0,10.5
Belagavi,15.8521,74.5045,2025-12-24 22:00:00,36.9,36.4,478.0,17.1,10.6,96.0,18.2,43,0.0,11.4
Belagavi,15.8521,74.5045,2025-12-24 23:00:00,35.7,35.2,480.0,14.7,9.9,95.0,17.6,55,0.0,12.5
Belagavi,15.8521,74.5045,2025-12-25 00:00:00,34.1,33.6,457.0,12.5,9.2,94.0,17.0,58,0.0,12.3
Belagavi,15.8521,74.5045,2025-12-25 01:00:00,33.6,33.1,422.0,10.2,8.6,95.0,16.7,58,0.0,11.9
Belagavi,15.8521,74.5045,2025-12-25 02:00:00,34.1,33.4,398.0,8.2,8.3,96.0,16.1,60,0.0,10.9
Belagavi,15.8521,74.5045,2025-12-25 03:00:00,35.3,34.5,396.0,6.7,8.4,96.0,15.5,63,0.0,9.8
Belagavi,15.8521,74.5045,2025-12-25 04:00:00,36.9,36.1,407.0,5.6,8.9,97.0,15.2,65,0.0,8.7
Belagavi,15.8521,74.5045,2025-12-25 05:00:00,38.9,37.8,420.0,5.0,10.0,102.0,15.3,62,0.0,11.3
Belagavi,15.8521,74.5045,2025-12-25 06:00:00,41.4,40.4,442.0,7.2,11.2,100.0,15.3,64,0.0,11.4
Belagavi,15.8521,74.5045,2025-12-25 07:00:00,45.1,44.0,467.0,10.0,12.8,97.0,15.6,64,0.0,11.0
Belagavi,15.8521,74.5045,2025-12-25 08:00:00,46.4,45.5,473.0,11.2,13.9,101.0,18.3,59,0.0,11.2
Belagavi,15.8521,74.5045,2025-12-25 09:00:00,48.3,47.1,443.0,9.0,14.2,116.0,20.7,53,0.0,14.9
Belagavi,15.8521,74.5045,2025-12-25 10:00:00,48.0,46.6,394.0,5.2,13.9,138.0,22.3,45,0.0,17.8
Belagavi,15.8521,74.5045,2025-12-25 11:00:00,45.5,44.1,356.0,2.3,13.3,156.0,23.6,39,0.0,15.3
Belagavi,15.8521,74.5045,2025-12-25 12:00:00,43.5,42.1,341.0,1.4,12.2,166.0,24.7,36,0.0,13.2
Belagavi,15.8521,74.5045,2025-12-25 13:00:00,42.1,40.7,338.0,1.6,10.7,172.0,25.4,34,0.0,11.4
Belagavi,15.8521,74.5045,2025-12-25 14:00:00,41.4,40.2,340.0,2.1,9.5,176.0,25.8,34,0.0,9.4
Belagavi,15.8521,74.5045,2025-12-25 15:00:00,40.4,39.1,346.0,2.5,8.9,178.0,25.6,34,0.0,8.0
Belagavi,15.8521,74.5045,2025-12-25 16:00:00,40.3,38.9,358.0,3.4,8.7,178.0,25.1,34,0.0,7.9
Belagavi,15.8521,74.5045,2025-12-25 17:00:00,39.5,38.3,379.0,5.9,8.8,162.0,23.7,42,0.0,7.6
Belagavi,15.8521,74.5045,2025-12-25 18:00:00,43.7,42.6,414.0,11.5,8.9,144.0,20.8,50,0.0,6.5
Belagavi,15.8521,74.5045,2025-12-25 19:00:00,45.6,44.7,458.0,19.1,8.9,119.0,19.9,53,0.0,7.4
Belagavi,15.8521,74.5045,2025-12-25 20:00:00,45.9,44.8,494.0,24.0,8.8,99.0,19.5,54,0.0,8.1
Belagavi,15.8521,74.5045,2025-12-25 21:00:00,44.5,43.5,520.0,24.0,8.3,91.0,18.4,59,0.0,7.2
Belagavi,15.8521,74.5045,2025-12-25 22:00:00,42.7,41.8,538.0,21.3,7.5,88.0,17.9,62,0.0,10.4
Belagavi,15.8521,74.5045,2025-12-25 23:00:00,40.0,39.2,540.0,18.3,6.9,86.0,17.8,63,0.0,10.8
Belagavi,15.8521,74.5045,2025-12-26 00:00:00,36.8,36.0,516.0,15.5,6.4,85.0,17.4,64,0.0,9.9
Belagavi,15.8521,74.5045,2025-12-26 01:00:00,34.6,33.8,476.0,12.4,6.0,84.0,16.5,69,0.0,8.5
Belagavi,15.8521,74.5045,2025-12-26 02:00:00,33.2,32.2,437.0,10.0,5.9,84.0,16.1,72,0.0,8.8
Belagavi,15.8521,74.5045,2025-12-26 03:00:00,32.5,31.4,401.0,8.6,6.3,82.0,15.5,74,0.0,6.7
Belagavi,15.8521,74.5045,2025-12-26 04:00:00,32.1,31.0,366.0,7.9,7.2,80.0,15.0,73,0.0,6.5
Belagavi,15.8521,74.5045,2025-12-26 05:00:00,32.9,31.5,348.0,8.1,6.3,80.0,15.9,68,0.0,10.3
Belagavi,15.8521,74.5045,2025-12-26 06:00:00,34.8,33.5,365.0,10.4,6.8,79.0,15.6,68,0.0,10.6
Belagavi,15.8521,74.5045,2025-12-26 07:00:00,38.4,37.0,400.0,13.5,7.6,78.0,15.9,67,0.0,11.7
Belagavi,15.8521,74.5045,2025-12-26 08:00:00,34.7,33.9,415.0,14.5,8.3,83.0,18.4,61,0.0,11.6
Belagavi,15.8521,74.5045,2025-12-26 09:00:00,32.0,31.0,388.0,11.5,8.9,101.0,20.7,57,0.0,12.1
Belagavi,15.8521,74.5045,2025-12-26 10:00:00,31.7,30.5,343.0,6.4,9.5,125.0,22.8,51,0.0,13.8
Belagavi,15.8521,74.5045,2025-12-26 11:00:00,30.2,28.9,307.0,2.6,9.7,145.0,24.1,45,0.0,14.1
Belagavi,15.8521,74.5045,2025-12-26 12:00:00,29.4,28.2,293.0,1.5,9.4,157.0,25.1,43,0.0,12.7
Belagavi,15.8521,74.5045,2025-12-26 13:00:00,29.3,28.2,290.0,1.7,8.7,164.0,25.7,41,0.0,11.8
Belagavi,15.8521,74.5045,2025-12-26 14:00:00,29.7,28.6,293.0,2.2,8.1,169.0,26.0,41,0.0,11.4
Belagavi,15.8521,74.5045,2025-12-26 15:00:00,30.0,29.0,301.0,2.5,7.7,172.0,26.0,41,0.0,11.0
Belagavi,15.8521,74.5045,2025-12-26 16:00:00,30.9,29.8,316.0,3.2,7.4,171.0,25.5,41,0.0,10.6
Belagavi,15.8521,74.5045,2025-12-26 17:00:00,28.9,27.9,336.0,5.3,7.4,163.0,24.5,44,0.0,8.2
Belagavi,15.8521,74.5045,2025-12-26 18:00:00,31.2,30.4,364.0,9.8,7.3,146.0,21.9,53,0.0,7.8
Belagavi,15.8521,74.5045,2025-12-26 19:00:00,32.5,31.9,398.0,15.8,7.2,122.0,21.5,56,0.0,9.5
Belagavi,15.8521,74.5045,2025-12-26 20:00:00,32.8,32.2,423.0,19.8,6.9,103.0,20.4,62,0.0,8.8
Belagavi,15.8521,74.5045,2025-12-26 21:00:00,31.8,31.3,437.0,19.9,6.2,93.0,19.6,66,0.0,10.3
Belagavi,15.8521,74.5045,2025-12-26 22:00:00,30.4,30.0,442.0,17.8,5.2,88.0,19.5,66,0.0,10.9
Belagavi,15.8521,74.5045,2025-12-26 23:00:00,28.9,28.5,439.0,15.6,4.5,85.0,19.2,65,0.0,12.2
Belagavi,15.8521,74.5045,2025-12-27 00:00:00,27.4,26.8,419.0,13.5,4.2,84.0,18.3,68,0.0,12.0
Belagavi,15.8521,74.5045,2025-12-27 01:00:00,26.9,26.3,391.0,11.2,4.2,85.0,17.6,69,0.0,11.0
Belagavi,15.8521,74.5045,2025-12-27 02:00:00,27.2,26.4,374.0,9.3,4.5,86.0,16.9,71,0.0,10.0
Belagavi,15.8521,74.5045,2025-12-27 03:00:00,28.1,27.1,380.0,8.0,5.0,86.0,16.7,74,0.0,10.6
Belagavi,15.8521,74.5045,2025-12-27 04:00:00,29.3,28.1,398.0,7.2,5.8,87.0,16.8,73,0.0,11.3
Belagavi,15.8521,74.5045,2025-12-27 05:00:00,28.9,27.7,418.0,7.1,6.5,87.0,16.7,70,0.0,12.0
Belagavi,15.8521,74.5045,2025-12-27 06:00:00,30.4,29.0,445.0,8.8,8.3,88.0,16.7,65,0.0,11.6
Belagavi,15.8521,74.5045,2025-12-27 07:00:00,33.1,31.8,473.0,11.0,10.7,90.0,16.2,67,0.0,12.5
Belagavi,15.8521,74.5045,2025-12-27 08:00:00,33.9,32.8,484.0,11.7,12.1,96.0,18.1,64,0.0,11.6
Belagavi,15.8521,74.5045,2025-12-27 09:00:00,35.6,34.5,460.0,9.3,11.6,111.0,20.3,63,0.0,13.6
Belagavi,15.8521,74.5045,2025-12-27 10:00:00,37.5,36.1,418.0,5.4,10.0,131.0,22.4,57,0.0,16.0
Belagavi,15.8521,74.5045,2025-12-27 11:00:00,36.0,34.5,384.0,2.5,8.6,147.0,24.0,50,0.0,16.0
Belagavi,15.8521,74.5045,2025-12-27 12:00:00,35.5,34.1,369.0,1.6,7.7,157.0,25.2,44,0.0,14.7
Belagavi,15.8521,74.5045,2025-12-27 13:00:00,35.7,34.2,363.0,1.8,6.9,165.0,25.9,41,0.0,13.8
Belagavi,15.8521,74.5045,2025-12-27 14:00:00,36.7,35.2,362.0,2.3,6.4,169.0,26.3,39,0.0,12.7
Belagavi,15.8521,74.5045,2025-12-27 15:00:00,37.5,36.0,368.0,2.6,6.2,172.0,26.4,38,0.0,12.2
Belagavi,15.8521,74.5045,2025-12-27 16:00:00,38.5,37.0,379.0,3.3,6.2,172.0,26.0,39,0.0,11.0
Belagavi,15.8521,74.5045,2025-12-27 17:00:00,34.8,33.4,393.0,5.4,5.6,163.0,24.8,44,0.0,8.3
Belagavi,15.8521,74.5045,2025-12-27 18:00:00,37.6,36.6,411.0,10.3,5.8,144.0,21.3,55,0.0,5.5
Belagavi,15.8521,74.5045,2025-12-27 19:00:00,39.1,38.3,432.0,16.8,6.1,118.0,20.1,59,0.0,6.8
Belagavi,15.8521,74.5045,2025-12-27 20:00:00,39.2,38.5,448.0,21.0,6.4,99.0,19.7,60,0.0,9.5
Belagavi,15.8521,74.5045,2025-12-27 21:00:00,38.1,37.6,456.0,20.5,6.5,93.0,19.4,58,0.0,11.0
Belagavi,15.8521,74.5045,2025-12-27 22:00:00,36.7,36.2,459.0,17.7,6.6,94.0,18.4,58,0.0,10.9
Belagavi,15.8521,74.5045,2025-12-27 23:00:00,35.0,34.7,457.0,14.8,6.8,96.0,17.8,60,0.0,12.2
Belagavi,15.8521,74.5045,2025-12-28 00:00:00,33.5,33.2,449.0,12.6,7.1,98.0,17.0,65,0.0,11.2
Belagavi,15.8521,74.5045,2025-12-28 01:00:00,32.9,32.6,437.0,10.4,7.5,100.0,16.3,69,0.0,10.0
Belagavi,15.8521,74.5045,2025-12-28 02:00:00,33.1,32.7,428.0,8.6,8.0,102.0,15.7,71,0.0,8.8
Belagavi,15.8521,74.5045,2025-12-28 03:00:00,33.6,33.2,426.0,7.3,8.6,102.0,15.4,70,0.0,8.4
Belagavi,15.8521,74.5045,2025-12-28 04:00:00,34.3,33.9,427.0,6.4,9.3,102.0,15.5,67,0.0,9.7
Belagavi,15.8521,74.5045,2025-12-28 05:00:00,34.2,33.8,430.0,5.5,10.3,108.0,15.6,69,0.0,11.6
Belagavi,15.8521,74.5045,2025-12-28 06:00:00,35.0,34.6,438.0,7.5,10.8,106.0,15.8,66,0.0,12.7
Belagavi,15.8521,74.5045,2025-12-28 07:00:00,37.3,36.8,447.0,10.1,11.5,103.0,16.3,66,0.0,13.4
Belagavi,15.8521,74.5045,2025-12-28 08:00:00,38.4,38.0,444.0,11.2,11.7,106.0,19.0,60,0.0,12.8
Belagavi,15.8521,74.5045,2025-12-28 09:00:00,38.2,37.6,416.0,9.1,11.2,120.0,21.2,54,0.0,16.3
Belagavi,15.8521,74.5045,2025-12-28 10:00:00,36.4,35.7,375.0,5.4,10.3,140.0,22.7,47,0.0,15.2
Belagavi,15.8521,74.5045,2025-12-28 11:00:00,33.6,32.9,344.0,2.6,9.4,156.0,23.8,45,0.0,13.3
Belagavi,15.8521,74.5045,2025-12-28 12:00:00,31.8,31.2,330.0,1.7,8.7,165.0,25.0,40,0.0,11.3
Belagavi,15.8521,74.5045,2025-12-28 13:00:00,30.9,30.3,326.0,1.8,8.1,171.0,25.7,37,0.0,10.6
Belagavi,15.8521,74.5045,2025-12-28 14:00:00,30.2,29.6,328.0,2.3,7.7,174.0,26.1,35,0.0,8.9
Belagavi,15.8521,74.5045,2025-12-28 15:00:00,29.3,28.8,329.0,2.8,7.4,176.0,26.2,34,0.0,8.9
Belagavi,15.8521,74.5045,2025-12-28 16:00:00,29.6,29.0,335.0,3.7,7.3,175.0,25.7,35,0.0,8.8
Belagavi,15.8521,74.5045,2025-12-28 17:00:00,22.9,22.7,365.0,5.9,7.2,165.0,23.9,38,0.0,7.5
Belagavi,15.8521,74.5045,2025-12-28 18:00:00,27.2,27.0,444.0,11.6,7.4,145.0,20.7,46,0.0,6.6
Belagavi,15.8521,74.5045,2025-12-28 19:00:00,30.3,30.0,546.0,19.3,7.6,118.0,20.2,49,0.0,7.5
Belagavi,15.8521,74.5045,2025-12-28 20:00:00,32.0,31.9,609.0,24.2,7.7,98.0,19.4,55,0.0,7.2
Belagavi,15.8521,74.5045,2025-12-28 21:00:00,32.5,32.4,597.0,23.6,7.4,91.0,18.8,60,0.0,8.3
Belagavi,15.8521,74.5045,2025-12-28 22:00:00,32.7,32.5,545.0,20.2,6.9,91.0,18.2,65,0.0,9.7
Belagavi,15.8521,74.5045,2025-12-28 23:00:00,32.6,32.4,498.0,16.7,6.7,93.0,17.7,68,0.0,11.0
Belagavi,15.8521,74.5045,2025-12-29 00:00:00,32.2,31.9,468.0,13.8,6.8,96.0,16.9,70,0.0,11.7
Belagavi,15.8521,74.5045,2025-12-29 01:00:00,33.3,32.8,441.0,10.8,7.1,101.0,16.4,71,0.0,12.7
Belagavi,15.8521,74.5045,2025-12-29 02:00:00,35.0,34.6,424.0,8.4,7.7,105.0,15.8,73,0.0,11.2
Belagavi,15.8521,74.5045,2025-12-29 03:00:00,37.3,36.6,420.0,6.7,8.8,108.0,15.5,73,0.0,9.8
Belagavi,15.8521,74.5045,2025-12-29 04:00:00,39.6,38.8,424.0,5.6,10.2,110.0,15.3,73,0.0,10.3
Belagavi,15.8521,74.5045,2025-12-29 05:00:00,41.9,41.0,430.0,4.4,12.9,117.0,15.5,71,0.0,12.3
Belagavi,15.8521,74.5045,2025-12-29 06:00:00,44.0,43.1,439.0,6.8,13.1,111.0,15.3,70,0.0,12.6
Belagavi,15.8521,74.5045,2025-12-29 07:00:00,47.5,46.6,449.0,9.9,13.4,104.0,15.7,69,0.0,13.1
Belagavi,15.8521,74.5045,2025-12-29 08:00:00,48.9,48.2,446.0,11.3,13.2,104.0,18.4,62,0.0,12.8
Belagavi,15.8521,74.5045,2025-12-29 09:00:00,50.8,49.6,416.0,9.3,12.3,117.0,20.7,56,0.0,15.7
Belagavi,15.8521,74.5045,2025-12-29 10:00:00,48.0,46.9,373.0,5.5,11.0,137.0,22.6,47,0.0,14.5
Belagavi,15.8521,74.5045,2025-12-29 11:00:00,44.0,43.0,341.0,2.7,9.8,153.0,23.9,45,0.0,11.7
Belagavi,15.8521,74.5045,2025-12-29 12:00:00,40.6,39.7,332.0,1.8,8.9,162.0,25.1,42,0.0,9.6
Belagavi,15.8521,74.5045,2025-12-29 13:00:00,39.3,38.4,334.0,1.8,8.0,168.0,26.0,40,0.0,8.5
Belagavi,15.8521,74.5045,2025-12-29 14:00:00,38.3,37.4,342.0,2.3,7.4,171.0,26.5,37,0.0,7.0
Belagavi,15.8521,74.5045,2025-12-29 15:00:00,37.7,36.9,354.0,2.5,7.0,174.0,26.6,36,0.0,6.6
Belagavi,15.8521,74.5045,2025-12-29 16:00:00,37.7,36.9,371.0,3.2,6.8,174.0,26.3,35,0.0,5.8
Belagavi,15.8521,74.5045,2025-12-29 17:00:00,27.5,26.9,392.0,5.5,6.8,156.0,24.6,41,0.0,5.7
Belagavi,15.8521,74.5045,2025-12-29 18:00:00,31.7,31.2,419.0,13.0,7.3,135.0,21.5,50,0.0,6.0
Belagavi,15.8521,74.5045,2025-12-29 19:00:00,34.8,34.3,451.0,23.3,8.0,105.0,20.0,56,0.0,5.5
Belagavi,15.8521,74.5045,2025-12-29 20:00:00,36.6,36.1,480.0,30.2,8.3,82.0,19.5,58,0.0,8.1
Belagavi,15.8521,74.5045,2025-12-29 21:00:00,36.7,36.3,511.0,30.9,7.9,72.0,19.3,56,0.0,9.7
Belagavi,15.8521,74.5045,2025-12-29 22:00:00,36.1,35.6,540.0,28.3,7.2,69.0,18.9,59,0.0,9.6
Belagavi,15.8521,74.5045,2025-12-29 23:00:00,34.7,34.2,546.0,25.1,6.5,69.0,18.0,68,0.0,10.0
Belagavi,15.8521,74.5045,2025-12-30 00:00:00,33.4,32.8,511.0,21.7,6.0,72.0,17.5,69,0.0,9.7
Belagavi,15.8521,74.5045,2025-12-30 01:00:00,33.3,32.6,452.0,17.6,5.7,78.0,17.1,70,0.0,9.4
Belagavi,15.8521,74.5045,2025-12-30 02:00:00,34.2,33.4,408.0,14.2,5.6,83.0,16.6,72,0.0,8.7
Belagavi,15.8521,74.5045,2025-12-30 03:00:00,35.7,34.8,391.0,11.7,5.8,86.0,16.2,73,0.0,8.6
Belagavi,15.8521,74.5045,2025-12-30 04:00:00,37.5,36.4,388.0,9.9,6.3,89.0,15.8,74,0.0,8.0
Belagavi,15.8521,74.5045,2025-12-30 05:00:00,40.9,39.9,393.0,10.9,6.9,85.0,15.3,73,0.0,8.5
Belagavi,15.8521,74.5045,2025-12-30 06:00:00,44.2,43.2,415.0,14.2,7.9,84.0,14.8,74,0.0,7.5
Belagavi,15.8521,74.5045,2025-12-30 07:00:00,50.1,48.8,446.0,18.4,9.2,83.0,15.5,71,0.0,9.3
Belagavi,15.8521,74.5045,2025-12-30 08:00:00,48.3,47.4,457.0,19.8,10.3,91.0,18.8,61,0.0,9.4
Belagavi,15.8521,74.5045,2025-12-30 09:00:00,41.1,39.7,427.0,15.4,10.9,114.0,21.6,49,0.0,9.7
Belagavi,15.8521,74.5045,2025-12-30 10:00:00,37.5,36.2,378.0,8.1,11.3,145.0,23.4,42,0.0,8.2
Belagavi,15.8521,74.5045,2025-12-30 11:00:00,34.6,33.4,339.0,2.6,11.3,169.0,24.6,38,0.0,5.5
Belagavi,15.8521,74.5045,2025-12-30 12:00:00,33.1,32.0,325.0,1.1,10.8,179.0,26.0,35,0.0,1.8
Belagavi,15.8521,74.5045,2025-12-30 13:00:00,31.9,30.9,322.0,1.4,9.9,182.0,26.8,32,0.0,1.4
Belagavi,15.8521,74.5045,2025-12-30 14:00:00,31.1,30.0,323.0,2.1,9.2,182.0,27.3,30,0.0,3.4
Belagavi,15.8521,74.5045,2025-12-30 15:00:00,30.9,29.8,323.0,1.8,8.8,184.0,27.5,28,0.0,4.4
Belagavi,15.8521,74.5045,2025-12-30 16:00:00,30.9,29.8,326.0,1.9,8.7,184.0,27.2,27,0.0,4.5
Belagavi,15.8521,74.5045,2025-12-30 17:00:00,33.9,32.9,343.0,4.8,8.8,164.0,25.7,48,0.0,1.8
Belagavi,15.8521,74.5045,2025-12-30 18:00:00,41.7,40.7,386.0,13.8,9.8,138.0,23.0,41,0.0,2.2
Belagavi,15.8521,74.5045,2025-12-30 19:00:00,46.1,45.3,443.0,26.1,11.2,102.0,21.2,40,0.0,6.8
Belagavi,15.8521,74.5045,2025-12-30 20:00:00,49.2,48.4,484.0,34.9,12.4,74.0,19.0,42,0.0,4.5
Belagavi,15.8521,74.5045,2025-12-30 21:00:00,51.9,51.2,497.0,37.1,13.3,63.0,18.4,51,0.0,7.3
Belagavi,15.8521,74.5045,2025-12-30 22:00:00,55.3,54.5,495.0,35.8,14.1,60.0,17.7,61,0.0,7.2
Belagavi,15.8521,74.5045,2025-12-30 23:00:00,57.5,56.8,489.0,32.8,14.2,61.0,17.0,67,0.0,7.0
Belagavi,15.8521,74.5045,2025-12-31 00:00:00,56.1,55.3,480.0,27.9,13.3,64.0,16.8,67,0.0,6.2
Belagavi,15.8521,74.5045,2025-12-31 01:00:00,54.7,53.9,468.0,21.4,11.7,71.0,16.1,70,0.0,5.5
Belagavi,15.8521,74.5045,2025-12-31 02:00:00,54.0,53.2,457.0,16.1,10.6,77.0,15.8,66,0.0,4.7
Belagavi,15.8521,74.5045,2025-12-31 03:00:00,53.7,52.9,446.0,12.4,10.1,82.0,16.1,59,0.0,4.2
Belagavi,15.8521,74.5045,2025-12-31 04:00:00,53.7,52.7,437.0,10.0,10.0,86.0,16.3,54,0.0,4.9
Belagavi,15.8521,74.5045,2025-12-31 05:00:00,56.7,55.8,445.0,16.1,12.8,81.0,15.9,55,0.0,6.4
Belagavi,15.8521,74.5045,2025-12-31 06:00:00,57.7,56.8,492.0,23.0,14.2,79.0,14.9,62,0.0,6.2
Belagavi,15.8521,74.5045,2025-12-31 07:00:00,63.1,62.2,556.0,32.1,16.0,79.0,15.5,66,0.0,5.5
Belagavi,15.8521,74.5045,2025-12-31 08:00:00,66.6,65.9,584.0,35.4,16.9,87.0,19.1,65,0.0,7.0
Belagavi,15.8521,74.5045,2025-12-31 09:00:00,42.8,42.0,540.0,27.2,16.0,114.0,21.8,62,0.0,6.5
Belagavi,15.8521,74.5045,2025-12-31 10:00:00,39.1,38.2,459.0,13.3,14.2,150.0,23.9,52,0.0,6.3
Belagavi,15.8521,74.5045,2025-12-31 11:00:00,36.9,36.0,394.0,2.9,12.5,177.0,24.9,43,0.0,5.0
Belagavi,15.8521,74.5045,2025-12-31 12:00:00,35.6,34.8,366.0,0.1,11.2,185.0,26.4,39,0.0,6.5
Belagavi,15.8521,74.5045,2025-12-31 13:00:00,34.5,33.6,354.0,0.9,10.0,183.0,27.1,37,0.0,7.7
Belagavi,15.8521,74.5045,2025-12-31 14:00:00,33.9,33.1,345.0,1.9,9.1,179.0,27.6,36,0.0,6.4
Belagavi,15.8521,74.5045,2025-12-31 15:00:00,33.9,33.1,331.0,2.0,8.6,175.0,27.8,35,0.0,8.9
Belagavi,15.8521,74.5045,2025-12-31 16:00:00,34.3,33.5,320.0,2.5,8.4,169.0,27.0,36,0.0,13.0
Belagavi,15.8521,74.5045,2025-12-31 17:00:00,38.9,38.2,321.0,3.2,7.8,150.0,25.4,39,0.0,13.9
Belagavi,15.8521,74.5045,2025-12-31 18:00:00,41.7,41.1,344.0,5.3,8.2,136.0,23.3,47,0.0,14.1
Belagavi,15.8521,74.5045,2025-12-31 19:00:00,44.1,43.5,379.0,8.3,8.8,117.0,21.3,58,0.0,13.7
Belagavi,15.8521,74.5045,2025-12-31 20:00:00,46.4,45.8,407.0,11.0,9.4,101.0,19.9,65,0.0,12.3
Belagavi,15.8521,74.5045,2025-12-31 21:00:00,48.5,47.6,424.0,13.4,10.0,90.0,19.1,70,0.0,12.0
Belagavi,15.8521,74.5045,2025-12-31 22:00:00,50.5,49.5,434.0,15.6,10.6,82.0,18.5,72,0.0,11.8
Belagavi,15.8521,74.5045,2025-12-31 23:00:00,51.9,50.8,432.0,16.8,11.0,77.0,18.1,75,0.0,11.0
Belagavi,15.8521,74.5045,2026-01-01 00:00:00,51.8,50.6,410.0,16.6,11.0,75.0,17.5,77,0.0,8.2
Belagavi,15.8521,74.5045,2026-01-01 01:00:00,51.9,50.8,376.0,15.4,10.8,75.0,16.4,83,0.0,5.0
Belagavi,15.8521,74.5045,2026-01-01 02:00:00,51.2,49.9,348.0,14.1,10.6,75.0,16.1,82,0.0,4.9
Belagavi,15.8521,74.5045,2026-01-01 03:00:00,49.9,48.7,334.0,12.2,10.3,75.0,16.3,77,0.0,8.6
Belagavi,15.8521,74.5045,2026-01-01 04:00:00,48.3,47.0,326.0,10.2,10.0,74.0,16.7,68,0.0,11.9
Belagavi,15.8521,74.5045,2026-01-01 05:00:00,43.7,42.4,322.0,8.0,9.7,85.0,16.6,72,0.0,11.4
Belagavi,15.8521,74.5045,2026-01-01 06:00:00,43.3,42.1,326.0,12.6,10.5,83.0,16.1,74,0.0,10.4
Belagavi,15.8521,74.5045,2026-01-01 07:00:00,46.1,44.9,334.0,18.8,11.5,80.0,16.4,74,0.0,12.0
Belagavi,15.8521,74.5045,2026-01-01 08:00:00,40.6,39.7,333.0,21.3,11.7,84.0,19.3,65,0.0,11.0
Belagavi,15.8521,74.5045,2026-01-01 09:00:00,29.9,28.6,313.0,16.7,10.5,101.0,22.1,50,0.0,12.3
Belagavi,15.8521,74.5045,2026-01-01 10:00:00,27.1,25.7,283.0,8.6,8.5,125.0,24.1,42,0.0,11.2
Belagavi,15.8521,74.5045,2026-01-01 11:00:00,26.4,25.0,264.0,2.5,6.9,143.0,24.9,40,0.0,9.3
Belagavi,15.8521,74.5045,2026-01-01 12:00:00,27.3,26.0,264.0,0.8,6.0,151.0,25.6,38,0.0,7.3
Belagavi,15.8521,74.5045,2026-01-01 13:00:00,28.9,27.6,273.0,1.1,5.5,155.0,26.1,38,0.0,3.6
Belagavi,15.8521,74.5045,2026-01-01 14:00:00,29.6,28.3,284.0,1.7,5.2,156.0,26.7,37,0.0,0.9
Belagavi,15.8521,74.5045,2026-01-01 15:00:00,29.9,28.6,293.0,1.2,5.0,158.0,27.1,36,0.0,2.4
Belagavi,15.8521,74.5045,2026-01-01 16:00:00,29.9,28.7,304.0,1.0,5.0,158.0,26.4,36,0.0,3.6
Belagavi,15.8521,74.5045,2026-01-01 17:00:00,26.8,26.0,316.0,4.1,5.1,147.0,25.6,38,0.0,10.7
Belagavi,15.8521,74.5045,2026-01-01 18:00:00,32.1,31.4,332.0,12.2,6.3,123.0,23.6,42,0.0,11.3
Belagavi,15.8521,74.5045,2026-01-01 19:00:00,36.2,35.5,349.0,23.3,8.1,91.0,22.2,48,0.0,2.7
Belagavi,15.8521,74.5045,2026-01-01 20:00:00,38.1,37.4,363.0,30.6,9.2,66.0,20.3,57,0.0,5.6
Belagavi,15.8521,74.5045,2026-01-01 21:00:00,38.2,37.6,374.0,30.5,9.3,57.0,18.9,76,0.0,8.2
Belagavi,15.8521,74.5045,2026-01-01 22:00:00,37.8,37.1,382.0,26.6,8.8,57.0,18.1,83,0.0,9.7
Belagavi,15.8521,74.5045,2026-01-01 23:00:00,37.0,36.3,384.0,22.8,8.3,58.0,17.4,86,0.0,7.8
Belagavi,15.8521,74.5045,2026-01-02 00:00:00,35.5,34.7,373.0,20.1,8.0,59.0,17.0,89,0.0,6.0
Belagavi,15.8521,74.5045,2026-01-02 01:00:00,35.4,34.7,356.0,17.4,7.6,62.0,16.8,89,0.0,6.7
Belagavi,15.8521,74.5045,2026-01-02 02:00:00,36.7,35.9,346.0,15.4,7.5,64.0,17.8,79,0.0,6.7
Belagavi,15.8521,74.5045,2026-01-02 03:00:00,37.5,36.7,346.0,14.2,7.6,63.0,17.8,79,0.0,7.4
Belagavi,15.8521,74.5045,2026-01-02 04:00:00,37.4,36.7,354.0,13.7,8.0,62.0,17.3,85,0.0,6.1
Belagavi,15.8521,74.5045,2026-01-02 05:00:00,41.4,40.7,378.0,20.2,10.0,56.0,18.3,84,0.1,7.8
Belagavi,15.8521,74.5045,2026-01-02 06:00:00,50.9,49.9,441.0,18.1,11.0,64.0,17.8,89,0.0,6.9
Belagavi,15.8521,74.5045,2026-01-02 07:00:00,63.3,61.9,520.0,15.1,12.2,76.0,18.1,88,0.0,8.3
Belagavi,15.8521,74.5045,2026-01-02 08:00:00,72.2,70.8,559.0,12.0,12.6,90.0,20.7,77,0.0,10.2
Belagavi,15.8521,74.5045,2026-01-02 09:00:00,76.8,75.2,519.0,8.7,11.4,106.0,22.7,68,0.0,13.8
Belagavi,15.8521,74.5045,2026-01-02 10:00:00,76.1,74.5,439.0,5.3,9.2,124.0,24.6,59,0.0,14.5
Belagavi,15.8521,74.5045,2026-01-02 11:00:00,68.9,67.8,373.0,2.8,7.4,137.0,25.0,56,0.0,14.6
Belagavi,15.8521,74.5045,2026-01-02 12:00:00,62.9,61.7,341.0,1.8,6.2,143.0,26.5,50,0.0,12.2
Belagavi,15.8521,74.5045,2026-01-02 13:00:00,60.1,58.9,324.0,1.9,5.2,144.0,27.7,44,0.0,9.0
Belagavi,15.8521,74.5045,2026-01-02 14:00:00,57.3,56.3,316.0,2.2,4.6,144.0,28.1,40,0.0,7.6
Belagavi,15.8521,74.5045,2026-01-02 15:00:00,59.5,58.4,318.0,1.4,4.4,147.0,28.1,38,0.0,5.5
Belagavi,15.8521,74.5045,2026-01-02 16:00:00,59.5,58.4,331.0,0.9,4.5,148.0,27.7,38,0.0,4.0
Belagavi,15.8521,74.5045,2026-01-02 17:00:00,72.6,71.5,346.0,4.8,4.9,131.0,26.9,43,0.0,4.8
Belagavi,15.8521,74.5045,2026-01-02 18:00:00,82.4,81.3,361.0,13.5,6.4,110.0,24.6,55,0.0,9.5
Belagavi,15.8521,74.5045,2026-01-02 19:00:00,88.9,87.8,380.0,25.6,8.6,80.0,22.8,67,0.0,11.5
Belagavi,15.8521,74.5045,2026-01-02 20:00:00,90.8,89.6,406.0,34.9,10.5,56.0,22.1,70,0.0,12.4
Belagavi,15.8521,74.5045,2026-01-02 21:00:00,92.4,91.3,448.0,39.3,12.1,43.0,21.7,71,0.0,8.8
Belagavi,15.8521,74.5045,2026-01-02 22:00:00,95.2,94.1,498.0,40.9,13.4,36.0,20.7,75,0.0,7.8
Belagavi,15.8521,74.5045,2026-01-02 23:00:00,98.5,97.3,533.0,40.1,13.8,34.0,20.1,77,0.0,8.8
Belagavi,15.8521,74.5045,2026-01-03 00:00:00,98.5,97.3,545.0,35.9,12.5,38.0,19.7,78,0.0,9.5
Belagavi,15.8521,74.5045,2026-01-03 01:00:00,91.3,90.1,543.0,29.3,10.2,47.0,19.3,79,0.0,7.3
Belagavi,15.8521,74.5045,2026-01-03 02:00:00,78.9,78.0,534.0,23.4,8.7,55.0,19.3,75,0.0,8.8
Belagavi,15.8521,74.5045,2026-01-03 03:00:00,69.8,69.2,514.0,19.2,8.6,59.0,19.0,74,0.0,9.7
Belagavi,15.8521,74.5045,2026-01-03 04:00:00,64.3,63.6,488.0,15.7,9.3,61.0,18.7,76,0.0,9.7
Belagavi,15.8521,74.5045,2026-01-03 05:00:00,59.8,59.3,472.0,12.1,7.6,68.0,18.4,77,0.0,10.9
Belagavi,15.8521,74.5045,2026-01-03 06:00:00,56.7,56.1,483.0,12.5,8.6,68.0,18.1,80,0.0,10.5
Belagavi,15.8521,74.5045,2026-01-03 07:00:00,56.1,55.5,505.0,13.0,10.0,70.0,18.1,82,0.0,12.0
Belagavi,15.8521,74.5045,2026-01-03 08:00:00,55.4,54.8,511.0,12.3,10.8,78.0,20.3,75,0.0,12.4
Belagavi,15.8521,74.5045,2026-01-03 09:00:00,55.5,54.7,485.0,9.5,10.8,99.0,22.5,68,0.0,14.3
Belagavi,15.8521,74.5045,2026-01-03 10:00:00,57.5,56.5,443.0,5.6,10.2,127.0,24.6,58,0.0,15.5
Belagavi,15.8521,74.5045,2026-01-03 11:00:00,57.6,56.6,409.0,2.7,9.4,148.0,26.0,49,0.0,15.3
Belagavi,15.8521,74.5045,2026-01-03 12:00:00,54.6,53.6,391.0,1.6,8.1,156.0,27.2,44,0.0,13.4
Belagavi,15.8521,74.5045,2026-01-03 13:00:00,51.5,50.5,380.0,1.6,6.4,156.0,27.6,41,0.0,11.5
Belagavi,15.8521,74.5045,2026-01-03 14:00:00,49.1,48.2,374.0,2.0,5.2,155.0,27.6,40,0.0,9.6
Belagavi,15.8521,74.5045,2026-01-03 15:00:00,48.3,47.5,365.0,2.3,4.7,155.0,27.5,39,0.0,6.7
Belagavi,15.8521,74.5045,2026-01-03 16:00:00,48.3,47.5,360.0,3.0,4.6,154.0,27.2,39,0.0,6.6
Belagavi,15.8521,74.5045,2026-01-03 17:00:00,51.6,50.8,376.0,5.6,5.2,145.0,26.2,42,0.0,5.5
Belagavi,15.8521,74.5045,2026-01-03 18:00:00,56.5,55.8,435.0,12.4,5.9,127.0,23.5,51,0.0,4.9
Belagavi,15.8521,74.5045,2026-01-03 19:00:00,60.8,60.1,515.0,21.7,6.9,103.0,23.1,50,0.0,8.1
Belagavi,15.8521,74.5045,2026-01-03 20:00:00,63.3,62.9,566.0,28.1,7.6,84.0,22.5,50,0.0,10.8
Belagavi,15.8521,74.5045,2026-01-03 21:00:00,64.5,64.0,560.0,29.1,7.7,76.0,21.8,54,0.0,9.6
Belagavi,15.8521,74.5045,2026-01-03 22:00:00,64.7,64.0,526.0,27.1,7.5,74.0,21.1,58,0.0,10.1
Belagavi,15.8521,74.5045,2026-01-03 23:00:00,63.1,62.4,498.0,24.5,7.1,73.0,20.7,61,0.0,11.3
Belagavi,15.8521,74.5045,2026-01-04 00:00:00,59.6,59.0,490.0,21.5,6.3,72.0,20.1,64,0.0,9.7
Belagavi,15.8521,74.5045,2026-01-04 01:00:00,56.7,56.1,490.0,17.8,5.3,73.0,19.1,68,0.0,6.9
Belagavi,15.8521,74.5045,2026-01-04 02:00:00,54.6,54.0,493.0,14.6,4.9,74.0,18.7,71,0.0,6.8
Belagavi,15.8521,74.5045,2026-01-04 03:00:00,53.6,52.9,500.0,12.2,5.4,75.0,18.3,73,0.0,6.5
Belagavi,15.8521,74.5045,2026-01-04 04:00:00,53.1,52.4,511.0,10.3,6.5,76.0,17.5,77,0.0,5.9
Belagavi,15.8521,74.5045,2026-01-04 05:00:00,56.1,55.3,521.0,10.4,6.9,78.0,18.0,77,0.0,9.2
Belagavi,15.8521,74.5045,2026-01-04 06:00:00,57.2,56.2,535.0,13.0,8.3,73.0,17.7,80,0.0,9.7
Belagavi,15.8521,74.5045,2026-01-04 07:00:00,59.8,58.8,548.0,16.4,10.3,68.0,17.6,82,0.0,9.6
Belagavi,15.8521,74.5045,2026-01-04 08:00:00,59.1,58.4,545.0,17.4,11.6,72.0,20.0,74,0.0,10.2
Belagavi,15.8521,74.5045,2026-01-04 09:00:00,56.1,55.2,511.0,13.7,11.8,94.0,22.0,65,0.0,11.9
Belagavi,15.8521,74.5045,2026-01-04 10:00:00,54.2,53.2,461.0,7.7,11.3,126.0,23.8,57,0.0,13.6
Belagavi,15.8521,74.5045,2026-01-04 11:00:00,53.2,52.2,417.0,3.1,10.4,150.0,24.7,50,0.0,15.5
Belagavi,15.8521,74.5045,2026-01-04 12:00:00,51.1,49.9,388.0,1.5,9.0,159.0,26.1,42,0.0,13.1
Belagavi,15.8521,74.5045,2026-01-04 13:00:00,49.2,48.2,367.0,1.5,7.2,161.0,26.9,38,0.0,11.1
Belagavi,15.8521,74.5045,2026-01-04 14:00:00,47.6,46.7,352.0,1.9,5.9,160.0,27.2,36,0.0,11.8
Belagavi,15.8521,74.5045,2026-01-04 15:00:00,46.1,45.2,342.0,2.3,5.3,159.0,27.1,36,0.0,12.3
Belagavi,15.8521,74.5045,2026-01-04 16:00:00,45.4,44.5,339.0,3.2,5.1,156.0,26.8,35,0.0,10.5
Belagavi,15.8521,74.5045,2026-01-04 17:00:00,34.5,33.8,349.0,4.9,5.0,143.0,26.0,34,0.0,13.9
Belagavi,15.8521,74.5045,2026-01-04 18:00:00,37.1,36.6,384.0,9.8,5.2,126.0,24.5,37,0.0,13.1
Belagavi,15.8521,74.5045,2026-01-04 19:00:00,39.5,39.0,433.0,16.5,5.5,103.0,22.9,41,0.0,12.2
Belagavi,15.8521,74.5045,2026-01-04 20:00:00,40.9,40.5,467.0,20.6,5.8,87.0,22.0,44,0.0,13.5
Belagavi,15.8521,74.5045,2026-01-04 21:00:00,40.9,40.5,472.0,19.6,6.0,84.0,21.2,47,0.0,12.5
Belagavi,15.8521,74.5045,2026-01-04 22:00:00,40.5,40.2,461.0,16.1,6.1,88.0,20.4,51,0.0,12.1
Belagavi,15.8521,74.5045,2026-01-04 23:00:00,40.7,40.3,449.0,12.6,6.3,92.0,19.3,55,0.0,12.9
Belagavi,15.8521,74.5045,2026-01-05 00:00:00,41.4,40.9,437.0,10.0,6.6,96.0,18.7,60,0.0,12.3
Belagavi,15.8521,74.5045,2026-01-05 01:00:00,42.3,41.6,422.0,7.5,7.0,101.0,18.2,62,0.0,12.1
Belagavi,15.8521,74.5045,2026-01-05 02:00:00,43.2,42.4,413.0,5.8,7.4,103.0,17.7,64,0.0,12.6
Belagavi,15.8521,74.5045,2026-01-05 03:00:00,43.5,42.8,413.0,5.1,7.7,99.0,17.3,64,0.0,14.3
Belagavi,15.8521,74.5045,2026-01-05 04:00:00,43.3,42.6,419.0,5.1,8.0,91.0,16.8,66,0.0,14.8
Belagavi,15.8521,74.5045,2026-01-05 05:00:00,42.8,42.1,424.0,5.1,7.3,89.0,16.2,76,0.0,13.4
Belagavi,15.8521,74.5045,2026-01-05 06:00:00,43.0,42.1,430.0,7.4,8.0,82.0,15.9,80,0.0,12.2
Belagavi,15.8521,74.5045,2026-01-05 07:00:00,44.6,43.7,435.0,10.5,9.0,74.0,16.1,81,0.0,13.2
Belagavi,15.8521,74.5045,2026-01-05 08:00:00,45.4,44.6,430.0,11.8,9.6,75.0,18.2,74,0.0,13.2
Belagavi,15.8521,74.5045,2026-01-05 09:00:00,46.2,44.9,407.0,9.6,9.5,95.0,20.6,63,0.0,15.4
Belagavi,15.8521,74.5045,2026-01-05 10:00:00,49.0,47.6,373.0,5.6,9.1,125.0,22.6,49,0.0,19.6
Belagavi,15.8521,74.5045,2026-01-05 11:00:00,50.8,49.5,347.0,2.5,8.6,148.0,23.6,45,0.0,20.7
Belagavi,15.8521,74.5045,2026-01-05 12:00:00,50.3,49.2,335.0,1.5,8.0,157.0,24.8,40,0.0,20.7
Belagavi,15.8521,74.5045,2026-01-05 13:00:00,48.5,47.5,330.0,1.5,7.3,159.0,25.5,38,0.0,19.7
Belagavi,15.8521,74.5045,2026-01-05 14:00:00,46.0,45.2,328.0,1.8,6.8,158.0,26.2,33,0.0,19.9
Belagavi,15.8521,74.5045,2026-01-05 15:00:00,43.8,43.1,329.0,2.2,6.5,157.0,25.9,33,0.0,21.0
Belagavi,15.8521,74.5045,2026-01-05 16:00:00,42.4,41.7,333.0,2.9,6.3,153.0,25.5,32,0.0,20.3
Belagavi,15.8521,74.5045,2026-01-05 17:00:00,40.4,39.9,341.0,4.2,6.7,148.0,24.0,38,0.0,19.1
Belagavi,15.8521,74.5045,2026-01-05 18:00:00,41.4,41.1,358.0,6.6,7.0,138.0,22.4,43,0.0,16.2
Belagavi,15.8521,74.5045,2026-01-05 19:00:00,42.5,42.0,378.0,9.7,7.5,124.0,21.4,45,0.0,15.7
Belagavi,15.8521,74.5045,2026-01-05 20:00:00,42.8,42.4,390.0,11.8,7.8,113.0,20.8,46,0.0,16.1
Belagavi,15.8521,74.5045,2026-01-05 21:00:00,42.1,41.7,385.0,11.7,7.9,108.0,20.4,46,0.0,16.2
Belagavi,15.8521,74.5045,2026-01-05 22:00:00,41.0,40.4,372.0,10.4,7.9,107.0,19.9,47,0.0,17.2
Belagavi,15.8521,74.5045,2026-01-05 23:00:00,40.2,39.5,357.0,9.1,7.9,105.0,18.7,55,0.0,14.2
Belagavi,15.8521,74.5045,2026-01-06 00:00:00,39.8,39.0,341.0,7.9,7.9,103.0,18.0,57,0.0,13.3
Belagavi,15.8521,74.5045,2026-01-06 01:00:00,40.2,39.2,324.0,6.5,7.8,101.0,17.6,59,0.0,13.8
Belagavi,15.8521,74.5045,2026-01-06 02:00:00,40.5,39.6,316.0,5.5,7.7,99.0,17.5,60,0.0,16.0
Belagavi,15.8521,74.5045,2026-01-06 03:00:00,40.9,39.8,321.0,4.8,7.6,96.0,16.8,64,0.0,15.7
Belagavi,15.8521,74.5045,2026-01-06 04:00:00,41.3,40.3,334.0,4.5,7.5,92.0,16.1,66,0.0,15.4
Belagavi,15.8521,74.5045,2026-01-06 05:00:00,41.0,39.9,351.0,4.6,6.8,91.0,15.7,74,0.0,15.8
Belagavi,15.8521,74.5045,2026-01-06 06:00:00,41.7,40.6,377.0,6.5,6.9,86.0,15.3,79,0.0,15.4
Belagavi,15.8521,74.5045,2026-01-06 07:00:00,43.7,42.6,407.0,8.9,7.0,79.0,15.3,80,0.0,14.9
Belagavi,15.8521,74.5045,2026-01-06 08:00:00,45.4,44.5,419.0,9.9,7.1,80.0,17.6,71,0.0,14.2
Belagavi,15.8521,74.5045,2026-01-06 09:00:00,47.1,46.0,398.0,8.1,7.2,96.0,20.3,61,0.0,18.0
Belagavi,15.8521,74.5045,2026-01-06 10:00:00,47.3,45.9,360.0,4.8,7.2,120.0,22.3,44,0.0,22.6
Belagavi,15.8521,74.5045,2026-01-06 11:00:00,44.9,43.8,330.0,2.3,7.0,139.0,23.3,42,0.0,22.2
Belagavi,15.8521,74.5045,2026-01-06 12:00:00,42.4,41.3,318.0,1.5,6.5,147.0,24.5,36,0.0,20.5
Belagavi,15.8521,74.5045,2026-01-06 13:00:00,39.7,38.8,315.0,1.5,5.8,149.0,25.3,34,0.0,18.4
Belagavi,15.8521,74.5045,2026-01-06 14:00:00,37.1,36.3,315.0,1.9,5.3,149.0,25.9,32,0.0,17.1
Belagavi,15.8521,74.5045,2026-01-06 15:00:00,35.5,34.6,316.0,2.3,5.1,149.0,25.9,32,0.0,16.8
Belagavi,15.8521,74.5045,2026-01-06 16:00:00,34.7,33.9,321.0,3.0,5.0,146.0,25.7,32,0.0,15.7
Belagavi,15.8521,74.5045,2026-01-06 17:00:00,39.8,37.8,329.0,4.4,4.8,138.0,24.5,36,0.0,11.9
Belagavi,15.8521,74.5045,2026-01-06 18:00:00,41.8,40.4,344.0,7.5,5.2,126.0,21.6,44,0.0,7.6
Belagavi,15.8521,74.5045,2026-01-06 19:00:00,44.1,43.0,362.0,11.7,5.9,111.0,20.2,49,0.0,8.5
Belagavi,15.8521,74.5045,2026-01-06 20:00:00,45.9,44.7,378.0,14.2,6.6,100.0,19.5,52,0.0,9.5
Belagavi,15.8521,74.5045,2026-01-06 21:00:00,46.7,45.5,390.0,13.5,7.5,100.0,18.9,55,0.0,10.8
Belagavi,15.8521,74.5045,2026-01-06 22:00:00,46.8,45.6,398.0,11.1,8.4,106.0,18.6,56,0.0,12.2
Belagavi,15.8521,74.5045,2026-01-06 23:00:00,46.1,45.1,401.0,8.9,9.4,110.0,18.6,58,0.0,14.8
Belagavi,15.8521,74.5045,2026-01-07 00:00:00,44.9,43.9,392.0,7.5,10.4,111.0,18.3,58,0.0,15.2
Belagavi,15.8521,74.5045,2026-01-07 01:00:00,43.8,42.7,378.0,6.2,11.4,110.0,17.7,60,0.0,15.0
Belagavi,15.8521,74.5045,2026-01-07 02:00:00,42.5,41.4,368.0,5.4,12.2,107.0,17.2,63,0.0,16.4
Belagavi,15.8521,74.5045,2026-01-07 03:00:00,41.6,40.4,367.0,4.9,12.9,102.0,16.5,61,0.0,15.4
Belagavi,15.8521,74.5045,2026-01-07 04:00:00,41.0,39.8,372.0,4.8,13.5,95.0,15.9,62,0.0,15.7
Belagavi,15.8521,74.5045,2026-01-07 05:00:00,41.4,40.6,382.0,5.7,14.7,86.0,16.0,68,0.0,15.9
Belagavi,15.8521,74.5045,2026-01-07 06:00:00,41.8,41.0,407.0,7.3,13.8,81.0,15.5,72,0.0,15.3
Belagavi,15.8521,74.5045,2026-01-07 07:00:00,43.8,43.1,438.0,9.3,12.6,76.0,15.4,76,0.0,16.1
Belagavi,15.8521,74.5045,2026-01-07 08:00:00,45.6,45.2,447.0,10.0,11.2,77.0,17.6,70,0.0,14.7
Belagavi,15.8521,74.5045,2026-01-07 09:00:00,49.1,48.2,416.0,8.0,9.8,93.0,20.1,62,0.0,17.6
Belagavi,15.8521,74.5045,2026-01-07 10:00:00,41.6,40.2,363.0,4.7,8.2,115.0,22.3,46,0.0,21.4
Belagavi,15.8521,74.5045,2026-01-07 11:00:00,32.2,30.9,320.0,2.2,6.9,133.0,23.6,39,0.0,22.4
Belagavi,15.8521,74.5045,2026-01-07 12:00:00,27.0,25.6,298.0,1.4,5.9,140.0,25.1,31,0.0,21.2
Belagavi,15.8521,74.5045,2026-01-07 13:00:00,25.0,23.8,286.0,1.4,5.0,143.0,25.8,30,0.0,20.0
Belagavi,15.8521,74.5045,2026-01-07 14:00:00,24.2,23.1,279.0,1.7,4.4,143.0,26.1,27,0.0,18.7
Belagavi,15.8521,74.5045,2026-01-07 15:00:00,23.8,22.7,274.0,2.0,4.0,143.0,26.0,26,0.0,17.7
Belagavi,15.8521,74.5045,2026-01-07 16:00:00,23.6,22.6,274.0,2.7,3.8,141.0,25.6,26,0.0,16.7
Belagavi,15.8521,74.5045,2026-01-07 17:00:00,19.8,19.2,281.0,4.3,3.4,139.0,24.6,30,0.0,14.4
Belagavi,15.8521,74.5045,2026-01-07 18:00:00,21.5,21.1,302.0,7.5,3.7,127.0,22.3,34,0.0,11.2
Belagavi,15.8521,74.5045,2026-01-07 19:00:00,23.1,22.7,330.0,11.7,4.2,110.0,20.4,39,0.0,9.5
Belagavi,15.8521,74.5045,2026-01-07 20:00:00,24.4,24.0,348.0,14.2,4.4,98.0,19.8,40,0.0,11.7
Belagavi,15.8521,74.5045,2026-01-07 21:00:00,26.0,25.6,345.0,13.3,4.2,97.0,19.4,45,0.0,13.6
Belagavi,15.8521,74.5045,2026-01-07 22:00:00,27.8,27.4,331.0,10.6,3.8,101.0,18.5,50,0.0,13.4
Belagavi,15.8521,74.5045,2026-01-07 23:00:00,29.6,29.1,320.0,8.2,3.7,104.0,18.2,54,0.0,15.3
Belagavi,15.8521,74.5045,2026-01-08 00:00:00,31.0,30.4,316.0,6.9,4.0,105.0,17.8,59,0.0,15.0
Belagavi,15.8521,74.5045,2026-01-08 01:00:00,32.4,31.8,315.0,5.9,4.5,105.0,17.2,65,0.0,14.1
Belagavi,15.8521,74.5045,2026-01-08 02:00:00,33.6,32.9,320.0,5.4,5.1,103.0,16.8,68,0.0,14.8
Belagavi,15.8521,74.5045,2026-01-08 03:00:00,34.7,33.9,335.0,5.3,5.8,96.0,16.3,71,0.0,15.7
Belagavi,15.8521,74.5045,2026-01-08 04:00:00,35.9,34.9,356.0,5.7,6.6,87.0,15.7,75,0.0,15.6
Belagavi,15.8521,74.5045,2026-01-08 05:00:00,37.1,36.0,372.0,6.3,7.2,82.0,15.5,78,0.0,14.6
Belagavi,15.8521,74.5045,2026-01-08 06:00:00,38.3,36.8,381.0,7.8,8.2,77.0,14.9,82,0.0,13.4
Belagavi,15.8521,74.5045,2026-01-08 07:00:00,40.0,38.2,384.0,9.7,9.6,71.0,14.9,82,0.0,14.0
Belagavi,15.8521,74.5045,2026-01-08 08:00:00,40.5,38.6,377.0,10.3,10.5,73.0,17.1,71,0.0,13.7
Belagavi,15.8521,74.5045,2026-01-08 09:00:00,41.3,38.6,352.0,8.3,10.6,91.0,19.6,55,0.0,16.6
Belagavi,15.8521,74.5045,2026-01-08 10:00:00,40.2,37.7,315.0,5.0,10.2,116.0,21.8,43,0.0,19.6
Belagavi,15.8521,74.5045,2026-01-08 11:00:00,30.9,29.3,282.0,2.5,9.5,136.0,23.5,31,0.0,19.6
Belagavi,15.8521,74.5045,2026-01-08 12:00:00,25.6,24.3,256.0,1.6,8.3,143.0,24.8,27,0.0,18.4
Belagavi,15.8521,74.5045,2026-01-08 13:00:00,23.5,22.2,233.0,1.5,6.9,145.0,25.5,25,0.0,16.7
Belagavi,15.8521,74.5045,2026-01-08 14:00:00,22.2,21.1,219.0,1.8,5.8,145.0,25.9,25,0.0,14.6
Belagavi,15.8521,74.5045,2026-01-08 15:00:00,22.0,20.9,215.0,2.1,5.4,146.0,25.9,24,0.0,14.1
Belagavi,15.8521,74.5045,2026-01-08 16:00:00,21.9,20.8,219.0,2.7,5.3,146.0,25.4,24,0.0,13.4
Belagavi,15.8521,74.5045,2026-01-08 17:00:00,14.4,13.8,239.0,3.8,4.8,142.0,24.5,26,0.0,10.5
Belagavi,15.8521,74.5045,2026-01-08 18:00:00,17.5,17.1,289.0,7.8,5.0,128.0,21.6,32,0.0,8.4
Belagavi,15.8521,74.5045,2026-01-08 19:00:00,20.4,20.0,353.0,13.2,5.2,108.0,20.2,37,0.0,8.9
Belagavi,15.8521,74.5045,2026-01-08 20:00:00,22.5,21.9,394.0,16.5,5.6,95.0,19.3,41,0.0,10.8
Belagavi,15.8521,74.5045,2026-01-08 21:00:00,24.0,23.5,387.0,15.5,6.1,95.0,18.7,45,0.0,11.7
Belagavi,15.8521,74.5045,2026-01-08 22:00:00,25.7,25.0,356.0,12.3,6.6,102.0,17.8,49,0.0,12.0
Belagavi,15.8521,74.5045,2026-01-08 23:00:00,27.1,26.5,332.0,9.6,7.2,108.0,17.6,52,0.0,12.7
Belagavi,15.8521,74.5045,2026-01-09 00:00:00,27.9,27.2,325.0,8.2,7.6,109.0,17.6,51,0.0,12.2
Belagavi,15.8521,74.5045,2026-01-09 01:00:00,28.6,27.9,325.0,7.3,8.1,109.0,17.2,52,0.0,12.3
Belagavi,15.8521,74.5045,2026-01-09 02:00:00,29.3,28.6,327.0,6.5,8.8,108.0,16.7,51,0.0,12.3
Belagavi,15.8521,74.5045,2026-01-09 03:00:00,30.2,29.4,330.0,5.7,10.2,106.0,15.8,53,0.0,13.0
Belagavi,15.8521,74.5045,2026-01-09 04:00:00,31.1,30.3,335.0,5.0,11.8,103.0,15.6,56,0.0,14.8
Belagavi,15.8521,74.5045,2026-01-09 05:00:00,32.2,31.4,345.0,5.3,12.6,100.0,15.3,67,0.0,15.2
Belagavi,15.8521,74.5045,2026-01-09 06:00:00,33.8,32.9,366.0,6.8,12.3,93.0,14.9,72,0.0,14.4
Belagavi,15.8521,74.5045,2026-01-09 07:00:00,35.9,35.0,390.0,8.9,11.9,85.0,14.9,74,0.0,14.1
Belagavi,15.8521,74.5045,2026-01-09 08:00:00,37.6,36.9,400.0,9.6,11.6,86.0,17.1,67,0.0,13.7
Belagavi,15.8521,74.5045,2026-01-09 09:00:00,41.0,39.8,381.0,7.8,11.6,105.0,19.6,58,0.0,15.5
Belagavi,15.8521,74.5045,2026-01-09 10:00:00,42.0,40.5,347.0,4.8,11.7,134.0,21.9,47,0.0,17.7
Belagavi,15.8521,74.5045,2026-01-09 11:00:00,39.7,38.2,321.0,2.5,11.6,156.0,23.4,41,0.0,18.0
Belagavi,15.8521,74.5045,2026-01-09 12:00:00,36.9,35.5,312.0,1.7,11.0,165.0,24.7,36,0.0,16.4
Belagavi,15.8521,74.5045,2026-01-09 13:00:00,34.2,32.9,311.0,1.7,10.1,169.0,25.6,33,0.0,13.9
Belagavi,15.8521,74.5045,2026-01-09 14:00:00,32.8,31.7,314.0,2.0,9.4,170.0,26.2,31,0.0,13.3
Belagavi,15.8521,74.5045,2026-01-09 15:00:00,32.0,31.0,321.0,2.2,9.2,172.0,26.3,31,0.0,13.1
Belagavi,15.8521,74.5045,2026-01-09 16:00:00,31.9,30.9,333.0,2.8,9.2,172.0,25.8,32,0.0,12.4
Belagavi,15.8521,74.5045,2026-01-09 17:00:00,33.6,32.5,346.0,4.6,8.6,166.0,24.4,34,0.0,13.8
Belagavi,15.8521,74.5045,2026-01-09 18:00:00,34.8,34.1,363.0,8.1,8.7,151.0,22.2,38,0.0,11.2
Belagavi,15.8521,74.5045,2026-01-09 19:00:00,35.2,34.5,382.0,12.9,8.9,130.0,20.9,41,0.0,13.3
Belagavi,15.8521,74.5045,2026-01-09 20:00:00,34.9,34.3,396.0,15.9,9.2,115.0,20.3,42,0.0,13.9
Belagavi,15.8521,74.5045,2026-01-09 21:00:00,34.6,33.9,405.0,15.4,9.7,112.0,19.6,43,0.0,13.7
Belagavi,15.8521,74.5045,2026-01-09 22:00:00,34.5,33.8,410.0,13.1,10.3,114.0,18.8,44,0.0,13.0
Belagavi,15.8521,74.5045,2026-01-09 23:00:00,34.5,33.8,407.0,10.9,10.9,117.0,18.0,45,0.0,11.9
Belagavi,15.8521,74.5045,2026-01-10 00:00:00,33.9,33.2,387.0,9.2,11.6,119.0,17.5,46,0.0,11.1
Belagavi,15.8521,74.5045,2026-01-10 01:00:00,33.4,32.6,360.0,7.5,12.4,121.0,17.0,50,0.0,11.3
Belagavi,15.8521,74.5045,2026-01-10 02:00:00,32.9,32.1,343.0,6.2,13.1,121.0,16.6,53,0.0,11.9
Belagavi,15.8521,74.5045,2026-01-10 03:00:00,32.9,32.1,347.0,5.3,13.7,118.0,16.0,57,0.0,13.6
Belagavi,15.8521,74.5045,2026-01-10 04:00:00,33.8,32.9,363.0,4.8,14.3,114.0,15.3,61,0.0,13.2
Belagavi,15.8521,74.5045,2026-01-10 05:00:00,34.7,33.9,380.0,5.1,16.6,109.0,15.2,65,0.0,14.1
Belagavi,15.8521,74.5045,2026-01-10 06:00:00,36.6,35.7,400.0,6.5,16.3,105.0,15.1,66,0.0,14.0
Belagavi,15.8521,74.5045,2026-01-10 07:00:00,39.7,38.8,422.0,8.4,15.9,100.0,15.2,68,0.0,14.4
Belagavi,15.8521,74.5045,2026-01-10 08:00:00,41.9,41.0,429.0,9.1,15.4,103.0,17.5,60,0.0,13.4
Belagavi,15.8521,74.5045,2026-01-10 09:00:00,45.6,44.1,411.0,7.6,15.0,121.0,20.1,50,0.0,15.9
Belagavi,15.8521,74.5045,2026-01-10 10:00:00,45.8,44.0,380.0,4.9,14.6,148.0,22.4,39,0.0,17.6
Belagavi,15.8521,74.5045,2026-01-10 11:00:00,42.1,40.6,352.0,2.8,13.9,167.0,23.8,35,0.0,17.3
Belagavi,15.8521,74.5045,2026-01-10 12:00:00,38.5,37.3,334.0,2.0,12.4,173.0,25.2,31,0.0,14.6
Belagavi,15.8521,74.5045,2026-01-10 13:00:00,34.9,33.8,320.0,1.9,10.7,171.0,26.2,28,0.0,12.2
Belagavi,15.8521,74.5045,2026-01-10 14:00:00,33.1,32.0,313.0,2.1,9.3,169.0,26.8,27,0.0,11.3
Belagavi,15.8521,74.5045,2026-01-10 15:00:00,32.5,31.5,312.0,2.2,8.8,170.0,27.1,27,0.0,10.6
Belagavi,15.8521,74.5045,2026-01-10 16:00:00,32.5,31.5,317.0,2.7,8.7,169.0,26.7,27,0.0,10.4
Belagavi,15.8521,74.5045,2026-01-10 17:00:00,28.1,27.4,331.0,4.8,8.6,170.0,25.4,31,0.0,10.7
Belagavi,15.8521,74.5045,2026-01-10 18:00:00,30.6,30.2,363.0,10.5,8.7,150.0,22.9,36,0.0,7.7
Belagavi,15.8521,74.5045,2026-01-10 19:00:00,32.7,32.4,403.0,18.3,8.9,122.0,21.5,40,0.0,8.0
Belagavi,15.8521,74.5045,2026-01-10 20:00:00,33.5,33.1,429.0,23.2,9.0,101.0,20.7,42,0.0,10.1
Belagavi,15.8521,74.5045,2026-01-10 21:00:00,32.7,32.4,426.0,22.4,8.9,96.0,20.2,43,0.0,12.0
Belagavi,15.8521,74.5045,2026-01-10 22:00:00,31.5,31.1,409.0,18.7,8.7,97.0,19.5,45,0.0,13.7
Belagavi,15.8521,74.5045,2026-01-10 23:00:00,31.1,30.6,398.0,15.2,8.9,99.0,18.9,49,0.0,14.2
Belagavi,15.8521,74.5045,2026-01-11 00:00:00,31.7,31.2,402.0,13.1,9.9,97.0,18.3,52,0.0,13.7
Belagavi,15.8521,74.5045,2026-01-11 01:00:00,33.2,32.6,412.0,11.2,11.2,95.0,17.8,56,0.0,14.7
Belagavi,15.8521,74.5045,2026-01-11 02:00:00,35.0,34.3,418.0,9.6,12.5,93.0,17.4,59,0.0,14.3
Belagavi,15.8521,74.5045,2026-01-11 03:00:00,36.3,35.6,417.0,8.3,13.6,91.0,16.8,64,0.0,14.8
Belagavi,15.8521,74.5045,2026-01-11 04:00:00,36.7,35.9,412.0,7.2,14.6,89.0,16.2,69,0.0,15.5
Belagavi,15.8521,74.5045,2026-01-11 05:00:00,34.6,33.9,408.0,6.4,15.1,88.0,15.9,76,0.0,15.7
Belagavi,15.8521,74.5045,2026-01-11 06:00:00,32.6,31.9,409.0,7.2,14.2,86.0,15.5,77,0.0,15.7
Belagavi,15.8521,74.5045,2026-01-11 07:00:00,31.2,30.5,411.0,8.3,13.0,83.0,16.0,74,0.0,15.5
Belagavi,15.8521,74.5045,2026-01-11 08:00:00,30.5,29.7,402.0,8.5,11.4,84.0,18.1,65,0.0,15.8
Belagavi,15.8521,74.5045,2026-01-11 09:00:00,29.0,28.2,371.0,6.9,9.3,94.0,20.3,55,0.0,17.0
Belagavi,15.8521,74.5045,2026-01-11 10:00:00,27.1,26.3,330.0,4.5,6.9,108.0,22.5,47,0.0,16.8
Belagavi,15.8521,74.5045,2026-01-11 11:00:00,23.3,22.6,298.0,2.6,5.0,119.0,24.0,51,0.0,18.6
Belagavi,15.8521,74.5045,2026-01-11 12:00:00,18.9,18.4,285.0,1.8,3.9,123.0,24.7,51,0.0,18.8
Belagavi,15.8521,74.5045,2026-01-11 13:00:00,16.3,15.9,282.0,1.7,3.4,125.0,25.0,50,0.0,19.5
Belagavi,15.8521,74.5045,2026-01-11 14:00:00,15.5,15.2,280.0,1.8,3.0,124.0,23.8,54,0.0,17.5
Belagavi,15.8521,74.5045,2026-01-11 15:00:00,14.6,14.3,276.0,2.0,2.7,123.0,23.0,58,0.0,15.5
Belagavi,15.8521,74.5045,2026-01-11 16:00:00,15.2,14.9,273.0,2.5,2.7,119.0,22.7,59,0.0,14.2
Belagavi,15.8521,74.5045,2026-01-11 17:00:00,16.0,15.7,279.0,3.9,2.8,114.0,22.9,60,0.0,13.1
Belagavi,15.8521,74.5045,2026-01-11 18:00:00,17.3,17.1,301.0,7.3,3.1,104.0,22.0,62,0.0,8.9
Belagavi,15.8521,74.5045,2026-01-11 19:00:00,19.6,19.4,332.0,11.7,3.6,92.0,21.4,63,0.0,11.9
Belagavi,15.8521,74.5045,2026-01-11 20:00:00,21.5,21.3,350.0,14.3,4.0,83.0,20.4,69,0.0,13.0
Belagavi,15.8521,74.5045,2026-01-11 21:00:00,22.2,22.1,344.0,13.7,4.1,82.0,20.1,70,0.0,13.4
Belagavi,15.8521,74.5045,2026-01-11 22:00:00,22.5,22.3,325.0,11.5,4.1,84.0,19.3,73,0.0,11.3
Belagavi,15.8521,74.5045,2026-01-11 23:00:00,22.4,22.1,309.0,9.4,4.1,86.0,18.7,81,0.0,14.1
Belagavi,15.8521,74.5045,2026-01-12 00:00:00,22.1,21.8,300.0,8.1,3.9,86.0,18.5,79,0.0,14.2
Belagavi,15.8521,74.5045,2026-01-12 01:00:00,21.8,21.5,293.0,7.1,3.7,85.0,18.3,77,0.0,14.1
Belagavi,15.8521,74.5045,2026-01-12 02:00:00,21.5,21.2,292.0,6.4,4.0,83.0,18.2,72,0.0,13.8
Belagavi,15.8521,74.5045,2026-01-12 03:00:00,21.0,20.7,301.0,6.3,5.3,80.0,18.3,68,0.0,13.7
Belagavi,15.8521,74.5045,2026-01-12 04:00:00,20.8,20.6,315.0,6.5,7.1,77.0,17.8,69,0.0,13.5
Belagavi,15.8521,74.5045,2026-01-12 05:00:00,21.9,21.5,325.0,7.3,7.0,72.0,17.8,73,0.0,12.8
Belagavi,15.8521,74.5045,2026-01-12 06:00:00,22.4,21.9,329.0,8.1,8.4,73.0,17.5,76,0.0,12.1
Belagavi,15.8521,74.5045,2026-01-12 07:00:00,23.2,22.8,329.0,9.1,10.3,74.0,17.4,80,0.0,12.6
Belagavi,15.8521,74.5045,2026-01-12 08:00:00,22.8,22.4,321.0,9.2,11.2,79.0,19.3,74,0.0,12.6
Belagavi,15.8521,74.5045,2026-01-12 09:00:00,18.7,18.3,302.0,7.6,10.2,92.0,21.7,65,0.0,14.3
Belagavi,15.8521,74.5045,2026-01-12 10:00:00,13.2,13.0,275.0,5.1,8.3,108.0,24.1,54,0.0,16.5
Belagavi,15.8521,74.5045,2026-01-12 11:00:00,10.3,10.1,252.0,3.1,6.6,121.0,25.7,49,0.0,17.0
Belagavi,15.8521,74.5045,2026-01-12 12:00:00,9.7,9.5,235.0,2.2,5.6,127.0,27.0,46,0.0,15.1
Belagavi,15.8521,74.5045,2026-01-12 13:00:00,10.3,10.2,221.0,1.7,4.9,129.0,28.4,41,0.0,16.8
Belagavi,15.8521,74.5045,2026-01-12 14:00:00,10.9,10.7,213.0,1.7,4.5,130.0,28.1,42,0.0,16.7
Belagavi,15.8521,74.5045,2026-01-12 15:00:00,11.4,11.2,209.0,1.6,4.4,131.0,27.5,44,0.0,16.5
Belagavi,15.8521,74.5045,2026-01-12 16:00:00,12.2,12.0,212.0,2.0,4.5,131.0,27.0,46,0.0,15.6
Belagavi,15.8521,74.5045,2026-01-12 17:00:00,9.6,9.6,227.0,4.8,4.2,118.0,26.3,48,0.0,12.0
Belagavi,15.8521,74.5045,2026-01-12 18:00:00,13.1,13.0,267.0,13.3,5.0,99.0,24.7,53,0.0,9.2
Belagavi,15.8521,74.5045,2026-01-12 19:00:00,19.8,19.8,320.0,24.9,6.2,73.0,23.5,60,0.0,11.0
Belagavi,15.8521,74.5045,2026-01-12 20:00:00,24.5,24.4,359.0,32.3,7.2,56.0,23.0,63,0.0,8.0
Belagavi,15.8521,74.5045,2026-01-12 21:00:00,26.0,25.9,372.0,31.4,7.9,55.0,22.7,64,0.0,7.2
Belagavi,15.8521,74.5045,2026-01-12 22:00:00,27.5,27.4,372.0,26.3,8.4,63.0,21.9,68,0.0,4.9
Belagavi,15.8521,74.5045,2026-01-12 23:00:00,24.7,24.7,365.0,21.6,8.7,69.0,20.7,77,0.1,3.6
Belagavi,15.8521,74.5045,2026-01-13 00:00:00,22.4,22.4,350.0,18.8,8.7,68.0,20.9,72,0.0,5.6
Belagavi,15.8521,74.5045,2026-01-13 01:00:00,20.8,20.7,330.0,16.4,8.5,66.0,21.0,62,0.0,8.9
Belagavi,15.8521,74.5045,2026-01-13 02:00:00,19.4,19.3,319.0,14.3,8.5,64.0,19.9,69,0.0,8.7
Belagavi,15.8521,74.5045,2026-01-13 03:00:00,18.6,18.5,327.0,12.4,9.0,64.0,19.2,76,0.0,10.1
Belagavi,15.8521,74.5045,2026-01-13 04:00:00,18.2,18.1,344.0,10.8,9.8,66.0,18.7,81,0.0,10.6
Belagavi,15.8521,74.5045,2026-01-13 05:00:00,20.2,20.0,357.0,11.2,9.4,62.0,18.6,85,0.0,9.6
Belagavi,15.8521,74.5045,2026-01-13 06:00:00,19.1,18.9,362.0,11.4,9.8,62.0,18.4,88,0.0,9.9
Belagavi,15.8521,74.5045,2026-01-13 07:00:00,19.4,19.2,363.0,11.5,10.2,63.0,18.4,88,0.0,10.8
Belagavi,15.8521,74.5045,2026-01-13 08:00:00,17.9,17.6,353.0,10.8,10.1,69.0,20.4,78,0.0,10.6
Belagavi,15.8521,74.5045,2026-01-13 09:00:00,15.8,15.4,324.0,8.4,9.0,84.0,22.7,67,0.0,11.7
Belagavi,15.8521,74.5045,2026-01-13 10:00:00,13.6,13.2,284.0,5.1,7.5,103.0,24.8,58,0.0,12.6
Belagavi,15.8521,74.5045,2026-01-13 11:00:00,12.0,11.6,253.0,2.6,6.1,118.0,26.4,52,0.0,12.1
Belagavi,15.8521,74.5045,2026-01-13 12:00:00,11.5,11.2,238.0,1.6,5.2,125.0,27.7,47,0.0,11.2
Belagavi,15.8521,74.5045,2026-01-13 13:00:00,11.4,11.1,231.0,1.4,4.5,128.0,28.3,45,0.1,9.8
Belagavi,15.8521,74.5045,2026-01-13 14:00:00,11.3,11.0,230.0,1.6,4.1,129.0,28.3,45,0.0,7.3
Belagavi,15.8521,74.5045,2026-01-13 15:00:00,11.7,11.4,227.0,0.8,3.8,131.0,28.0,45,0.0,4.2
Belagavi,15.8521,74.5045,2026-01-13 16:00:00,12.4,12.0,229.0,0.3,3.7,131.0,27.5,47,0.0,4.4
Belagavi,15.8521,74.5045,2026-01-13 17:00:00,15.8,15.4,253.0,3.8,4.6,126.0,25.5,54,0.1,2.0
Belagavi,15.8521,74.5045,2026-01-13 18:00:00,20.3,19.8,322.0,11.7,5.6,108.0,23.1,65,0.1,5.6
Belagavi,15.8521,74.5045,2026-01-13 19:00:00,25.2,24.8,413.0,22.4,7.0,83.0,22.5,68,0.0,3.6
Belagavi,15.8521,74.5045,2026-01-13 20:00:00,28.1,27.7,475.0,29.8,8.0,63.0,21.8,70,0.0,4.3
Belagavi,15.8521,74.5045,2026-01-13 21:00:00,30.0,29.7,486.0,30.6,8.4,54.0,21.1,74,0.0,4.7
Belagavi,15.8521,74.5045,2026-01-13 22:00:00,31.4,31.1,469.0,28.1,8.5,50.0,20.8,73,0.0,4.6
Belagavi,15.8521,74.5045,2026-01-13 23:00:00,32.4,31.9,442.0,25.5,8.5,48.0,20.0,77,0.0,3.5
Belagavi,15.8521,74.5045,2026-01-14 00:00:00,32.9,32.5,403.0,24.2,8.4,46.0,20.0,76,0.0,3.9
Belagavi,15.8521,74.5045,2026-01-14 01:00:00,33.8,33.4,354.0,22.8,8.2,46.0,19.7,76,0.0,3.4
Belagavi,15.8521,74.5045,2026-01-14 02:00:00,33.6,33.2,319.0,20.9,8.0,48.0,19.2,78,0.0,3.5
Belagavi,15.8521,74.5045,2026-01-14 03:00:00,32.6,32.2,309.0,17.6,7.8,54.0,19.1,79,0.0,5.6
Belagavi,15.8521,74.5045,2026-01-14 04:00:00,31.0,30.6,313.0,13.8,7.7,63.0,18.7,85,0.0,7.1
Belagavi,15.8521,74.5045,2026-01-14 05:00:00,29.6,29.3,320.0,13.0,8.0,63.0,19.5,87,0.0,8.3
Belagavi,15.8521,74.5045,2026-01-14 06:00:00,28.9,28.6,333.0,13.1,8.3,70.0,19.5,87,0.0,8.6
Belagavi,15.8521,74.5045,2026-01-14 07:00:00,31.4,31.0,350.0,13.2,8.7,80.0,19.6,85,0.0,7.7
Belagavi,15.8521,74.5045,2026-01-14 08:00:00,26.4,26.1,351.0,12.2,8.9,92.0,22.1,74,0.0,5.4
Belagavi,15.8521,74.5045,2026-01-14 09:00:00,23.7,23.3,321.0,9.3,8.8,107.0,24.6,59,0.0,4.4
Belagavi,15.8521,74.5045,2026-01-14 10:00:00,21.4,20.8,275.0,5.3,8.5,123.0,25.5,55,0.1,5.0
Belagavi,15.8521,74.5045,2026-01-14 11:00:00,19.8,19.3,241.0,2.4,7.9,134.0,25.5,58,0.1,4.6
Belagavi,15.8521,74.5045,2026-01-14 12:00:00,19.1,18.6,233.0,1.5,7.0,138.0,26.7,55,0.1,2.6
Belagavi,15.8521,74.5045,2026-01-14 13:00:00,18.6,18.1,237.0,1.6,5.8,136.0,27.7,50,0.0,1.2
Belagavi,15.8521,74.5045,2026-01-14 14:00:00,18.8,18.3,240.0,2.0,4.9,134.0,28.1,47,0.0,2.4
Belagavi,15.8521,74.5045,2026-01-14 15:00:00,19.8,19.4,233.0,1.5,4.2,133.0,28.4,45,0.0,2.7
Belagavi,15.8521,74.5045,2026-01-14 16:00:00,24.4,23.1,225.0,1.2,3.8,131.0,28.1,45,0.0,4.2
Belagavi,15.8521,74.5045,2026-01-14 17:00:00,34.5,33.5,236.0,4.6,4.3,117.0,25.8,54,0.5,15.3
Belagavi,15.8521,74.5045,2026-01-14 18:00:00,37.5,36.7,283.0,15.7,6.3,98.0,24.0,63,0.0,5.2
Belagavi,15.8521,74.5045,2026-01-14 19:00:00,43.3,42.5,348.0,31.1,9.1,72.0,22.8,70,0.0,5.9
Belagavi,15.8521,74.5045,2026-01-14 20:00:00,50.5,49.7,395.0,42.6,11.5,52.0,21.9,76,0.0,6.3
Belagavi,15.8521,74.5045,2026-01-14 21:00:00,55.4,54.6,411.0,47.0,13.3,43.0,21.7,76,0.0,7.2
Belagavi,15.8521,74.5045,2026-01-14 22:00:00,58.1,57.4,410.0,47.4,14.8,40.0,21.4,76,0.0,7.1
Belagavi,15.8521,74.5045,2026-01-14 23:00:00,58.6,57.9,398.0,45.7,15.5,40.0,20.9,81,0.0,2.9
Belagavi,15.8521,74.5045,2026-01-15 00:00:00,56.7,56.0,370.0,41.3,14.8,42.0,20.3,84,0.0,0.9
Belagavi,15.8521,74.5045,2026-01-15 01:00:00,53.1,52.5,331.0,34.7,13.3,46.0,19.6,87,0.0,2.4
Belagavi,15.8521,74.5045,2026-01-15 02:00:00,49.2,48.7,308.0,28.8,12.1,51.0,19.1,89,0.0,5.1
Belagavi,15.8521,74.5045,2026-01-15 03:00:00,46.1,45.5,315.0,24.3,11.8,55.0,19.1,88,0.0,6.0
Belagavi,15.8521,74.5045,2026-01-15 04:00:00,44.2,43.7,337.0,20.4,11.8,59.0,19.0,87,0.0,6.9
Belagavi,15.8521,74.5045,2026-01-15 05:00:00,44.7,44.2,360.0,19.3,12.6,62.0,19.4,84,0.0,9.6
Belagavi,15.8521,74.5045,2026-01-15 06:00:00,43.8,43.4,387.0,18.9,13.4,67.0,19.1,85,0.0,8.8
Belagavi,15.8521,74.5045,2026-01-15 07:00:00,44.7,44.4,415.0,18.2,14.4,76.0,19.1,84,0.0,10.3
Belagavi,15.8521,74.5045,2026-01-15 08:00:00,37.8,37.6,418.0,16.3,14.5,87.0,21.7,72,0.0,8.7
Belagavi,15.8521,74.5045,2026-01-15 09:00:00,31.2,31.0,375.0,12.0,13.1,104.0,24.8,58,0.0,6.9
Belagavi,15.8521,74.5045,2026-01-15 10:00:00,31.3,31.0,309.0,6.6,10.9,125.0,26.8,49,0.0,7.6
Belagavi,15.8521,74.5045,2026-01-15 11:00:00,33.2,32.5,258.0,2.6,8.8,140.0,27.6,47,0.0,8.6
Belagavi,15.8521,74.5045,2026-01-15 12:00:00,32.9,32.1,242.0,1.3,7.1,145.0,28.6,43,0.0,6.8
Belagavi,15.8521,74.5045,2026-01-15 13:00:00,31.1,30.3,242.0,1.5,5.7,143.0,29.0,40,0.0,3.9
Belagavi,15.8521,74.5045,2026-01-15 14:00:00,29.3,28.5,243.0,2.0,4.7,142.0,29.1,38,0.0,2.7
Belagavi,15.8521,74.5045,2026-01-15 15:00:00,28.6,27.8,231.0,1.3,4.3,145.0,29.1,37,0.0,3.6
Belagavi,15.8521,74.5045,2026-01-15 16:00:00,28.4,27.6,220.0,1.0,4.4,148.0,29.2,35,0.0,1.5
Belagavi,15.8521,74.5045,2026-01-15 17:00:00,32.5,31.8,232.0,4.4,5.4,134.0,28.4,38,0.0,4.3
Belagavi,15.8521,74.5045,2026-01-15 18:00:00,37.5,36.8,292.0,14.9,7.0,112.0,26.5,43,0.0,8.9
Belagavi,15.8521,74.5045,2026-01-15 19:00:00,42.6,41.9,374.0,29.4,9.3,83.0,25.3,41,0.0,6.5
Belagavi,15.8521,74.5045,2026-01-15 20:00:00,46.2,45.6,427.0,40.1,11.3,59.0,24.1,54,0.0,10.6
Belagavi,15.8521,74.5045,2026-01-15 21:00:00,48.4,47.8,421.0,43.6,12.7,48.0,23.0,63,0.0,13.1
Belagavi,15.8521,74.5045,2026-01-15 22:00:00,50.8,50.3,385.0,43.3,13.7,43.0,22.7,61,0.0,12.5
Belagavi,15.8521,74.5045,2026-01-15 23:00:00,52.2,51.7,358.0,41.9,14.3,40.0,21.8,65,0.0,11.4
Belagavi,15.8521,74.5045,2026-01-16 00:00:00,51.6,51.2,352.0,40.1,14.1,39.0,21.8,62,0.0,12.1
Belagavi,15.8521,74.5045,2026-01-16 01:00:00,50.6,50.2,354.0,37.3,13.4,40.0,21.1,61,0.0,13.4
Belagavi,15.8521,74.5045,2026-01-16 02:00:00,48.9,48.4,364.0,34.3,12.7,42.0,20.4,62,0.0,10.5
Belagavi,15.8521,74.5045,2026-01-16 03:00:00,47.3,46.8,384.0,31.1,12.0,43.0,19.8,65,0.0,7.0
Belagavi,15.8521,74.5045,2026-01-16 04:00:00,46.7,46.2,412.0,27.7,11.2,44.0,19.1,68,0.0,4.9
Belagavi,15.8521,74.5045,2026-01-16 05:00:00,50.4,49.9,437.0,25.1,9.7,43.0,20.2,68,0.0,7.9
Belagavi,15.8521,74.5045,2026-01-16 06:00:00,52.4,51.8,466.0,25.4,9.6,44.0,18.8,76,0.0,5.8
Belagavi,15.8521,74.5045,2026-01-16 07:00:00,55.8,55.2,492.0,25.4,9.4,46.0,19.0,76,0.0,10.9
Belagavi,15.8521,74.5045,2026-01-16 08:00:00,51.8,51.2,491.0,23.4,9.5,57.0,21.6,66,0.0,8.7
Belagavi,15.8521,74.5045,2026-01-16 09:00:00,48.2,47.4,439.0,17.3,10.3,84.0,23.9,60,0.0,10.2
Belagavi,15.8521,74.5045,2026-01-16 10:00:00,47.1,46.2,360.0,9.1,11.5,118.0,25.8,53,0.0,10.8
Belagavi,15.8521,74.5045,2026-01-16 11:00:00,46.4,45.4,299.0,3.0,11.9,145.0,27.0,47,0.0,8.8
Belagavi,15.8521,74.5045,2026-01-16 12:00:00,43.9,42.5,275.0,1.0,11.0,156.0,28.2,42,0.0,7.5
Belagavi,15.8521,74.5045,2026-01-16 13:00:00,41.9,40.3,269.0,1.2,9.4,159.0,28.9,38,0.0,8.2
Belagavi,15.8521,74.5045,2026-01-16 14:00:00,41.2,39.0,267.0,1.9,8.2,160.0,29.2,36,0.0,9.4
Belagavi,15.8521,74.5045,2026-01-16 15:00:00,41.1,38.4,259.0,2.1,7.6,162.0,29.0,35,0.0,11.1
Belagavi,15.8521,74.5045,2026-01-16 16:00:00,41.3,38.3,256.0,2.9,7.4,161.0,28.5,35,0.0,14.0
Belagavi,15.8521,74.5045,2026-01-16 17:00:00,39.9,36.4,275.0,4.5,7.1,153.0,27.5,32,0.0,12.5
Belagavi,15.8521,74.5045,2026-01-16 18:00:00,43.8,40.9,337.0,10.7,7.4,134.0,25.3,33,0.0,8.7
Belagavi,15.8521,74.5045,2026-01-16 19:00:00,46.3,43.7,422.0,19.3,7.9,107.0,23.2,38,0.0,5.9
Belagavi,15.8521,74.5045,2026-01-16 20:00:00,48.5,46.0,485.0,25.8,8.4,86.0,23.0,40,0.0,8.6
Belagavi,15.8521,74.5045,2026-01-16 21:00:00,50.9,48.1,505.0,28.2,9.0,76.0,21.3,53,0.0,6.0
Belagavi,15.8521,74.5045,2026-01-16 22:00:00,53.3,50.3,504.0,28.6,9.5,71.0,20.6,61,0.0,3.0
Belagavi,15.8521,74.5045,2026-01-16 23:00:00,54.8,51.8,497.0,28.0,9.6,67.0,20.2,65,0.0,6.6
Belagavi,15.8521,74.5045,2026-01-17 00:00:00,54.9,51.9,489.0,26.8,8.8,62.0,19.2,70,0.0,4.8
Belagavi,15.8521,74.5045,2026-01-17 01:00:00,53.9,50.8,475.0,24.7,7.5,58.0,18.8,71,0.0,4.5
Belagavi,15.8521,74.5045,2026-01-17 02:00:00,52.6,49.5,463.0,22.4,6.5,56.0,18.3,73,0.0,5.5
Belagavi,15.8521,74.5045,2026-01-17 03:00:00,50.5,47.3,454.0,19.2,6.0,57.0,17.9,74,0.0,6.3
Belagavi,15.8521,74.5045,2026-01-17 04:00:00,49.1,45.6,446.0,15.7,5.7,60.0,17.2,76,0.0,5.9
Belagavi,15.8521,74.5045,2026-01-17 05:00:00,44.5,40.7,442.0,11.3,5.8,78.0,16.7,79,0.0,5.3
Belagavi,15.8521,74.5045,2026-01-17 06:00:00,46.3,42.4,448.0,14.3,6.9,78.0,16.8,76,0.0,5.4
Belagavi,15.8521,74.5045,2026-01-17 07:00:00,50.8,46.6,457.0,18.1,8.3,79.0,17.3,72,0.0,6.0
Belagavi,15.8521,74.5045,2026-01-17 08:00:00,49.7,46.1,449.0,19.2,9.7,87.0,20.7,61,0.0,7.8
Belagavi,15.8521,74.5045,2026-01-17 09:00:00,48.7,44.4,406.0,14.8,10.9,110.0,23.1,53,0.0,8.4
Belagavi,15.8521,74.5045,2026-01-17 10:00:00,49.6,45.1,346.0,7.7,12.0,140.0,25.1,44,0.0,7.6
Belagavi,15.8521,74.5045,2026-01-17 11:00:00,50.5,45.9,301.0,2.4,12.4,163.0,26.1,39,0.0,6.0
Belagavi,15.8521,74.5045,2026-01-17 12:00:00,50.6,45.8,286.0,0.8,11.7,172.0,27.5,33,0.0,4.7
Belagavi,15.8521,74.5045,2026-01-17 13:00:00,49.7,44.8,286.0,1.1,10.4,173.0,28.4,31,0.0,4.1
Belagavi,15.8521,74.5045,2026-01-17 14:00:00,48.0,43.0,290.0,1.9,9.3,172.0,28.8,29,0.0,3.1
Belagavi,15.8521,74.5045,2026-01-17 15:00:00,46.6,41.6,296.0,1.9,8.6,171.0,28.9,29,0.0,2.7
Belagavi,15.8521,74.5045,2026-01-17 16:00:00,45.6,40.6,307.0,2.4,8.2,167.0,28.7,29,0.0,2.9
Belagavi,15.8521,74.5045,2026-01-17 17:00:00,56.7,50.8,320.0,4.6,8.6,157.0,27.6,33,0.0,2.4
Belagavi,15.8521,74.5045,2026-01-17 18:00:00,61.5,56.1,331.0,13.9,9.5,134.0,23.8,44,0.0,2.9
Belagavi,15.8521,74.5045,2026-01-17 19:00:00,64.0,58.8,345.0,27.0,10.9,102.0,23.0,43,0.0,7.6
Belagavi,15.8521,74.5045,2026-01-17 20:00:00,67.3,62.2,366.0,37.8,12.5,75.0,21.9,48,0.0,2.4
Belagavi,15.8521,74.5045,2026-01-17 21:00:00,71.5,66.6,404.0,44.6,14.9,60.0,20.7,54,0.0,6.0
Belagavi,15.8521,74.5045,2026-01-17 22:00:00,77.1,72.4,451.0,49.3,17.5,50.0,19.6,65,0.0,6.8
Belagavi,15.8521,74.5045,2026-01-17 23:00:00,81.7,76.8,484.0,51.3,19.0,43.0,18.2,74,0.0,2.6
Belagavi,15.8521,74.5045,2026-01-18 00:00:00,82.9,78.0,498.0,50.1,18.4,38.0,17.7,73,0.0,2.3
Belagavi,15.8521,74.5045,2026-01-18 01:00:00,80.8,75.9,499.0,46.3,16.6,37.0,18.1,68,0.0,2.1
Belagavi,15.8521,74.5045,2026-01-18 02:00:00,76.6,71.9,484.0,41.5,14.8,38.0,17.4,68,0.0,3.5
Belagavi,15.8521,74.5045,2026-01-18 03:00:00,71.5,67.3,441.0,34.9,13.3,43.0,16.8,69,0.0,4.8
Belagavi,15.8521,74.5045,2026-01-18 04:00:00,66.4,62.4,382.0,27.3,11.8,50.0,16.9,66,0.0,2.4
Belagavi,15.8521,74.5045,2026-01-18 05:00:00,67.8,64.0,344.0,27.4,12.1,48.0,18.2,56,0.0,1.8
Belagavi,15.8521,74.5045,2026-01-18 06:00:00,64.7,61.0,352.0,28.1,12.7,54.0,17.9,56,0.0,2.9
Belagavi,15.8521,74.5045,2026-01-18 07:00:00,65.0,61.5,381.0,28.7,13.6,63.0,17.7,60,0.0,4.9
Belagavi,15.8521,74.5045,2026-01-18 08:00:00,62.4,59.4,391.0,26.7,14.1,77.0,20.6,51,0.0,6.2
Belagavi,15.8521,74.5045,2026-01-18 09:00:00,44.0,40.7,357.0,19.4,14.1,102.0,23.1,44,0.0,6.7
Belagavi,15.8521,74.5045,2026-01-18 10:00:00,38.1,34.8,305.0,9.5,13.7,132.0,25.1,37,0.0,8.7
Belagavi,15.8521,74.5045,2026-01-18 11:00:00,37.3,33.8,265.0,2.3,13.1,154.0,26.2,33,0.0,8.1
Belagavi,15.8521,74.5045,2026-01-18 12:00:00,37.6,33.9,252.0,0.2,12.1,163.0,27.2,31,0.0,5.1
Belagavi,15.8521,74.5045,2026-01-18 13:00:00,37.4,33.5,253.0,0.8,10.8,164.0,27.7,30,0.0,4.2
Belagavi,15.8521,74.5045,2026-01-18 14:00:00,36.3,32.7,257.0,1.7,9.6,161.0,28.1,29,0.0,3.1
Belagavi,15.8521,74.5045,2026-01-18 15:00:00,34.8,31.3,262.0,2.0,8.7,157.0,28.2,29,0.0,1.7
Belagavi,15.8521,74.5045,2026-01-18 16:00:00,32.6,29.4,271.0,2.6,8.0,149.0,28.4,28,0.0,2.9
Belagavi,15.8521,74.5045,2026-01-18 17:00:00,39.7,35.7,279.0,3.5,6.6,128.0,27.3,38,0.0,1.4
Belagavi,15.8521,74.5045,2026-01-18 18:00:00,35.3,33.1,287.0,4.6,6.0,113.0,24.6,37,0.0,7.7
Belagavi,15.8521,74.5045,2026-01-18 19:00:00,28.2,26.8,294.0,6.1,5.2,92.0,22.3,57,0.0,15.5
Belagavi,15.8521,74.5045,2026-01-18 20:00:00,21.4,20.5,296.0,7.6,4.7,75.0,21.0,64,0.0,14.5
Belagavi,15.8521,74.5045,2026-01-18 21:00:00,16.3,15.7,290.0,9.2,4.6,66.0,19.9,69,0.0,12.0
Belagavi,15.8521,74.5045,2026-01-18 22:00:00,15.5,14.9,280.0,10.7,4.8,61.0,19.0,72,0.0,12.9
Belagavi,15.8521,74.5045,2026-01-18 23:00:00,17.1,16.4,271.0,11.8,4.9,58.0,18.4,74,0.0,12.1
Belagavi,15.8521,74.5045,2026-01-19 00:00:00,17.8,16.9,265.0,12.1,4.7,56.0,18.1,71,0.0,10.5
Belagavi,15.8521,74.5045,2026-01-19 01:00:00,17.9,17.0,260.0,11.9,4.5,55.0,17.6,72,0.0,11.2
Belagavi,15.8521,74.5045,2026-01-19 02:00:00,18.2,17.1,255.0,11.7,4.4,55.0,17.4,69,0.0,7.4
Belagavi,15.8521,74.5045,2026-01-19 03:00:00,18.7,17.3,249.0,11.2,4.6,56.0,16.8,70,0.0,6.0
Belagavi,15.8521,74.5045,2026-01-19 04:00:00,19.3,17.8,243.0,10.7,4.9,57.0,16.0,73,0.0,4.5
Belagavi,15.8521,74.5045,2026-01-19 05:00:00,20.7,19.3,243.0,12.0,5.5,57.0,15.8,81,0.0,3.0
Belagavi,15.8521,74.5045,2026-01-19 06:00:00,22.1,20.5,258.0,16.4,6.3,54.0,15.6,80,0.0,4.0
Belagavi,15.8521,74.5045,2026-01-19 07:00:00,26.4,24.9,278.0,22.2,7.3,50.0,16.0,77,0.0,6.2
Belagavi,15.8521,74.5045,2026-01-19 08:00:00,29.9,28.8,287.0,24.2,7.9,55.0,19.7,62,0.0,8.3
Belagavi,15.8521,74.5045,2026-01-19 09:00:00,15.6,13.6,270.0,18.6,7.8,76.0,22.8,47,0.0,4.8
Belagavi,15.8521,74.5045,2026-01-19 10:00:00,18.0,15.7,240.0,9.3,7.2,104.0,24.8,38,0.0,2.2
Belagavi,15.8521,74.5045,2026-01-19 11:00:00,21.2,18.5,220.0,2.3,6.8,127.0,25.5,37,0.0,3.0
Belagavi,15.8521,74.5045,2026-01-19 12:00:00,23.2,20.4,221.0,0.4,6.6,138.0,26.9,33,0.0,4.9
Belagavi,15.8521,74.5045,2026-01-19 13:00:00,23.0,20.5,232.0,0.8,6.5,143.0,27.6,31,0.0,5.7
Belagavi,15.8521,74.5045,2026-01-19 14:00:00,22.4,20.1,237.0,1.5,6.4,144.0,28.0,32,0.0,6.2
Belagavi,15.8521,74.5045,2026-01-19 15:00:00,21.9,19.8,226.0,1.5,6.3,144.0,27.8,33,0.0,8.6
Belagavi,15.8521,74.5045,2026-01-19 16:00:00,21.8,19.7,209.0,1.8,6.1,140.0,26.9,34,0.0,12.1
Belagavi,15.8521,74.5045,2026-01-19 17:00:00,21.4,19.7,203.0,2.9,5.6,126.0,25.6,35,0.0,13.8
Belagavi,15.8521,74.5045,2026-01-19 18:00:00,22.4,21.1,217.0,5.3,5.9,112.0,23.0,42,0.0,12.1
Belagavi,15.8521,74.5045,2026-01-19 19:00:00,23.3,22.0,241.0,8.7,6.4,93.0,21.1,55,0.0,14.7
Belagavi,15.8521,74.5045,2026-01-19 20:00:00,24.6,22.9,263.0,11.8,7.0,78.0,19.4,67,0.0,9.7
Belagavi,15.8521,74.5045,2026-01-19 21:00:00,26.8,24.7,282.0,14.2,7.9,71.0,18.4,73,0.0,7.5
Belagavi,15.8521,74.5045,2026-01-19 22:00:00,30.3,27.7,300.0,16.3,8.9,68.0,17.8,77,0.0,9.2
Belagavi,15.8521,74.5045,2026-01-19 23:00:00,33.9,31.0,306.0,17.8,9.6,66.0,17.5,79,0.0,11.1
Belagavi,15.8521,74.5045,2026-01-20 00:00:00,36.6,33.4,292.0,18.4,9.5,63.0,17.0,81,0.0,7.6
Belagavi,15.8521,74.5045,2026-01-20 01:00:00,37.8,34.5,267.0,18.5,9.1,60.0,16.4,85,0.0,6.7
Belagavi,15.8521,74.5045,2026-01-20 02:00:00,38.5,34.9,249.0,18.3,8.9,58.0,16.0,85,0.0,6.0
Belagavi,15.8521,74.5045,2026-01-20 03:00:00,39.2,35.4,246.0,17.7,9.2,58.0,15.6,84,0.0,5.1
Belagavi,15.8521,74.5045,2026-01-20 04:00:00,40.0,36.1,251.0,17.0,9.7,59.0,15.3,84,0.0,1.9
Belagavi,15.8521,74.5045,2026-01-20 05:00:00,39.9,35.9,262.0,13.4,9.4,68.0,15.2,86,0.0,0.5
Belagavi,15.8521,74.5045,2026-01-20 06:00:00,40.6,36.8,287.0,16.7,10.1,69.0,14.6,87,0.0,2.7
Belagavi,15.8521,74.5045,2026-01-20 07:00:00,44.6,40.9,319.0,21.1,11.0,71.0,15.0,84,0.0,3.6
Belagavi,15.8521,74.5045,2026-01-20 08:00:00,43.3,40.5,335.0,22.2,11.8,80.0,19.1,66,0.0,4.5
Belagavi,15.8521,74.5045,2026-01-20 09:00:00,29.3,26.4,319.0,17.0,12.3,102.0,22.2,54,0.0,5.8
Belagavi,15.8521,74.5045,2026-01-20 10:00:00,24.6,22.9,286.0,8.7,12.7,131.0,24.3,41,0.0,9.8
Belagavi,15.8521,74.5045,2026-01-20 11:00:00,21.8,20.9,261.0,2.5,12.5,154.0,25.4,36,0.0,13.0
Belagavi,15.8521,74.5045,2026-01-20 12:00:00,19.7,19.2,252.0,0.8,11.3,165.0,26.9,30,0.0,13.0
Belagavi,15.8521,74.5045,2026-01-20 13:00:00,18.9,18.5,251.0,1.1,9.7,171.0,27.6,27,0.0,12.2
Belagavi,15.8521,74.5045,2026-01-20 14:00:00,18.6,18.3,253.0,1.8,8.3,173.0,27.9,26,0.0,10.7
Belagavi,15.8521,74.5045,2026-01-20 15:00:00,18.7,18.3,250.0,1.5,7.5,175.0,27.9,26,0.0,8.9
Belagavi,15.8521,74.5045,2026-01-20 16:00:00,18.9,18.5,250.0,1.6,7.1,174.0,27.6,26,0.0,8.3
Belagavi,15.8521,74.5045,2026-01-20 17:00:00,23.1,22.2,276.0,3.8,7.1,155.0,26.6,29,0.0,9.4
Belagavi,15.8521,74.5045,2026-01-20 18:00:00,26.1,25.3,355.0,11.4,8.0,136.0,24.2,34,0.0,12.1
Belagavi,15.8521,74.5045,2026-01-20 19:00:00,29.9,28.8,460.0,22.1,9.3,110.0,22.6,37,0.0,6.8
Belagavi,15.8521,74.5045,2026-01-20 20:00:00,34.2,32.9,532.0,30.6,10.8,88.0,20.8,44,0.0,1.9
Belagavi,15.8521,74.5045,2026-01-20 21:00:00,39.3,37.7,544.0,35.7,12.9,75.0,19.7,51,0.0,0.8
Belagavi,15.8521,74.5045,2026-01-20 22:00:00,46.7,44.6,523.0,38.7,15.1,66.0,19.2,53,0.0,3.2
Belagavi,15.8521,74.5045,2026-01-20 23:00:00,49.2,47.1,492.0,38.5,15.9,61.0,19.2,48,0.0,8.3
Belagavi,15.8521,74.5045,2026-01-21 00:00:00,45.5,43.7,452.0,33.3,13.9,62.0,18.4,49,0.0,8.0
Belagavi,15.8521,74.5045,2026-01-21 01:00:00,36.4,35.2,403.0,24.9,10.5,67.0,17.0,54,0.0,6.5
Belagavi,15.8521,74.5045,2026-01-21 02:00:00,26.7,25.8,365.0,17.9,7.8,72.0,16.2,57,0.0,6.7
Belagavi,15.8521,74.5045,2026-01-21 03:00:00,22.1,21.5,345.0,13.7,6.5,76.0,16.3,55,0.0,7.6
Belagavi,15.8521,74.5045,2026-01-21 04:00:00,19.2,18.8,336.0,10.8,5.9,81.0,16.8,52,0.0,9.2
Belagavi,15.8521,74.5045,2026-01-21 05:00:00,15.8,15.7,336.0,8.5,5.5,81.0,16.4,57,0.0,12.1
Belagavi,15.8521,74.5045,2026-01-21 06:00:00,16.2,16.1,355.0,9.6,6.8,77.0,15.8,60,0.0,12.6
Belagavi,15.8521,74.5045,2026-01-21 07:00:00,18.2,18.1,384.0,10.9,8.5,74.0,15.3,63,0.0,12.7
Belagavi,15.8521,74.5045,2026-01-21 08:00:00,20.7,20.5,393.0,11.0,9.9,78.0,17.7,57,0.0,12.6
Belagavi,15.8521,74.5045,2026-01-21 09:00:00,23.1,22.9,363.0,8.7,10.6,98.0,20.4,51,0.0,14.1
Belagavi,15.8521,74.5045,2026-01-21 10:00:00,25.3,25.1,314.0,5.3,10.9,127.0,23.3,42,0.0,16.0
Belagavi,15.8521,74.5045,2026-01-21 11:00:00,24.9,24.6,276.0,2.6,10.7,149.0,24.9,33,0.0,18.0
Belagavi,15.8521,74.5045,2026-01-21 12:00:00,22.9,22.6,260.0,1.6,9.8,157.0,26.1,29,0.0,15.3
Belagavi,15.8521,74.5045,2026-01-21 13:00:00,21.8,21.4,255.0,1.4,8.5,159.0,26.8,27,0.0,12.3
Belagavi,15.8521,74.5045,2026-01-21 14:00:00,21.5,21.2,255.0,1.6,7.6,159.0,27.2,27,0.0,10.5
Belagavi,15.8521,74.5045,2026-01-21 15:00:00,21.8,21.5,257.0,1.4,7.3,162.0,27.0,27,0.0,9.2
Belagavi,15.8521,74.5045,2026-01-21 16:00:00,22.4,22.1,263.0,1.5,7.4,163.0,26.5,28,0.0,9.5
Belagavi,15.8521,74.5045,2026-01-21 17:00:00,26.3,26.0,274.0,3.8,7.8,159.0,25.8,30,0.0,10.9
Belagavi,15.8521,74.5045,2026-01-21 18:00:00,30.7,30.4,293.0,10.7,8.3,140.0,23.2,36,0.0,8.6
Belagavi,15.8521,74.5045,2026-01-21 19:00:00,34.7,34.3,316.0,20.2,9.0,113.0,22.0,38,0.0,11.1
Belagavi,15.8521,74.5045,2026-01-21 20:00:00,37.5,37.1,335.0,26.6,9.4,92.0,21.5,39,0.0,10.9
Belagavi,15.8521,74.5045,2026-01-21 21:00:00,38.8,38.3,348.0,27.2,9.3,83.0,20.7,42,0.0,11.6
Belagavi,15.8521,74.5045,2026-01-21 22:00:00,39.8,39.3,358.0,24.8,8.9,80.0,20.0,45,0.0,12.8
Belagavi,15.8521,74.5045,2026-01-21 23:00:00,39.9,39.5,357.0,22.0,8.3,78.0,19.7,47,0.0,13.9
Belagavi,15.8521,74.5045,2026-01-22 00:00:00,38.4,38.0,337.0,19.4,7.4,76.0,19.4,47,0.0,13.3
Belagavi,15.8521,74.5045,2026-01-22 01:00:00,36.7,36.3,307.0,16.4,6.3,76.0,19.0,48,0.0,12.4
Belagavi,15.8521,74.5045,2026-01-22 02:00:00,35.2,34.7,292.0,13.7,5.5,77.0,18.5,48,0.0,11.4
Belagavi,15.8521,74.5045,2026-01-22 03:00:00,34.1,33.5,306.0,11.4,5.3,79.0,17.7,51,0.0,10.8
Belagavi,15.8521,74.5045,2026-01-22 04:00:00,33.5,32.9,334.0,9.3,5.4,82.0,17.0,53,0.0,8.9
Belagavi,15.8521,74.5045,2026-01-22 05:00:00,32.5,31.8,356.0,7.0,5.8,84.0,16.5,64,0.0,13.8
Belagavi,15.8521,74.5045,2026-01-22 06:00:00,32.8,32.1,365.0,8.4,6.6,79.0,15.8,71,0.0,13.1
Belagavi,15.8521,74.5045,2026-01-22 07:00:00,33.6,32.9,367.0,10.1,7.7,72.0,15.6,74,0.0,13.4
Belagavi,15.8521,74.5045,2026-01-22 08:00:00,33.3,32.6,358.0,10.6,8.4,74.0,17.8,66,0.0,12.8
Belagavi,15.8521,74.5045,2026-01-22 09:00:00,32.2,31.2,331.0,8.5,8.2,93.0,20.6,50,0.0,15.2
Belagavi,15.8521,74.5045,2026-01-22 10:00:00,34.3,33.1,294.0,5.0,7.5,120.0,23.1,39,0.0,19.3
Belagavi,15.8521,74.5045,2026-01-22 11:00:00,33.2,32.0,265.0,2.4,6.9,142.0,24.2,36,0.0,19.7
Belagavi,15.8521,74.5045,2026-01-22 12:00:00,33.5,32.5,251.0,1.5,6.5,152.0,25.3,32,0.0,18.1
Belagavi,15.8521,74.5045,2026-01-22 13:00:00,33.2,32.2,246.0,1.4,6.2,156.0,26.1,30,0.0,16.9
Belagavi,15.8521,74.5045,2026-01-22 14:00:00,32.2,31.4,244.0,1.6,6.0,158.0,26.5,28,0.0,15.9
Belagavi,15.8521,74.5045,2026-01-22 15:00:00,31.1,30.3,243.0,1.6,5.9,160.0,26.5,28,0.0,14.3
Belagavi,15.8521,74.5045,2026-01-22 16:00:00,30.2,29.5,245.0,2.0,5.8,159.0,26.0,28,0.0,12.6
Belagavi,15.8521,74.5045,2026-01-22 17:00:00,33.2,32.4,258.0,4.2,6.0,151.0,25.1,29,0.0,11.2
Belagavi,15.8521,74.5045,2026-01-22 18:00:00,36.9,36.2,291.0,9.9,6.4,134.0,21.9,38,0.0,6.0
Belagavi,15.8521,74.5045,2026-01-22 19:00:00,39.2,38.5,334.0,17.7,7.0,110.0,21.1,40,0.0,9.1
Belagavi,15.8521,74.5045,2026-01-22 20:00:00,40.5,39.9,361.0,23.2,7.3,91.0,20.6,41,0.0,10.2
Belagavi,15.8521,74.5045,2026-01-22 21:00:00,41.1,40.4,357.0,24.3,7.2,83.0,20.3,41,0.0,12.3
Belagavi,15.8521,74.5045,2026-01-22 22:00:00,40.6,39.9,337.0,23.0,6.9,79.0,20.2,41,0.0,13.0
Belagavi,15.8521,74.5045,2026-01-22 23:00:00,38.8,38.1,323.0,21.3,6.5,77.0,19.5,43,0.0,11.7
Belagavi,15.8521,74.5045,2026-01-23 00:00:00,35.9,35.2,326.0,19.5,6.1,75.0,18.8,44,0.0,10.2
Belagavi,15.8521,74.5045,2026-01-23 01:00:00,33.5,32.7,336.0,17.3,5.6,74.0,17.9,47,0.0,10.6
Belagavi,15.8521,74.5045,2026-01-23 02:00:00,31.8,30.9,340.0,15.4,5.4,74.0,17.2,49,0.0,9.7
Belagavi,15.8521,74.5045,2026-01-23 03:00:00,30.6,29.7,330.0,14.1,5.5,75.0,16.6,52,0.0,7.7
Belagavi,15.8521,74.5045,2026-01-23 04:00:00,30.5,29.7,313.0,13.1,5.8,76.0,16.5,53,0.0,8.4
Belagavi,15.8521,74.5045,2026-01-23 05:00:00,29.9,29.0,306.0,11.5,6.2,76.0,15.8,58,0.0,10.8
Belagavi,15.8521,74.5045,2026-01-23 06:00:00,29.1,28.3,319.0,12.0,7.2,72.0,15.1,63,0.0,11.7
Belagavi,15.8521,74.5045,2026-01-23 07:00:00,31.4,30.5,342.0,12.5,8.6,68.0,14.9,68,0.0,12.5
Belagavi,15.8521,74.5045,2026-01-23 08:00:00,33.2,32.2,350.0,11.9,9.4,72.0,17.2,64,0.0,12.5
Belagavi,15.8521,74.5045,2026-01-23 09:00:00,37.4,36.0,330.0,9.1,9.1,91.0,19.9,57,0.0,14.0
Belagavi,15.8521,74.5045,2026-01-23 10:00:00,36.9,35.4,297.0,5.1,8.2,118.0,22.5,46,0.0,15.3
Belagavi,15.8521,74.5045,2026-01-23 11:00:00,32.4,31.0,270.0,2.2,7.4,139.0,24.0,40,0.0,14.9
Belagavi,15.8521,74.5045,2026-01-23 12:00:00,29.0,27.9,259.0,1.2,7.0,149.0,25.3,33,0.0,10.4
Belagavi,15.8521,74.5045,2026-01-23 13:00:00,28.2,27.1,254.0,1.3,6.6,153.0,26.0,31,0.0,9.1
Belagavi,15.8521,74.5045,2026-01-23 14:00:00,28.6,27.5,253.0,1.6,6.4,155.0,26.3,30,0.0,9.6
Belagavi,15.8521,74.5045,2026-01-23 15:00:00,28.9,27.9,252.0,1.3,6.2,158.0,26.3,29,0.0,9.1
Belagavi,15.8521,74.5045,2026-01-23 16:00:00,29.1,28.1,254.0,1.3,6.1,159.0,25.9,29,0.0,8.6
Belagavi,15.8521,74.5045,2026-01-23 17:00:00,27.0,26.0,267.0,3.6,6.9,159.0,25.4,29,0.0,8.8
Belagavi,15.8521,74.5045,2026-01-23 18:00:00,29.8,29.0,299.0,10.3,7.3,140.0,22.7,36,0.0,6.7
Belagavi,15.8521,74.5045,2026-01-23 19:00:00,33.4,32.7,342.0,19.7,8.0,114.0,21.4,42,0.0,7.9
Belagavi,15.8521,74.5045,2026-01-23 20:00:00,36.4,35.6,376.0,27.6,9.0,92.0,20.3,46,0.0,6.4
Belagavi,15.8521,74.5045,2026-01-23 21:00:00,39.8,39.0,393.0,32.5,10.7,81.0,19.5,48,0.0,6.3
Belagavi,15.8521,74.5045,2026-01-23 22:00:00,45.3,44.5,402.0,35.9,12.7,74.0,19.3,48,0.0,7.1
Belagavi,15.8521,74.5045,2026-01-23 23:00:00,52.2,51.3,410.0,37.8,14.1,69.0,19.0,51,0.0,8.1
Belagavi,15.8521,74.5045,2026-01-24 00:00:00,57.0,56.1,420.0,38.5,14.4,62.0,17.5,59,0.0,6.4
Belagavi,15.8521,74.5045,2026-01-24 01:00:00,58.9,58.1,429.0,37.8,14.0,56.0,17.1,62,0.0,2.7
Belagavi,15.8521,74.5045,2026-01-24 02:00:00,56.6,55.8,433.0,35.2,13.2,54.0,16.9,64,0.0,1.1
Belagavi,15.8521,74.5045,2026-01-24 03:00:00,50.9,50.2,427.0,29.3,11.9,59.0,16.4,65,0.0,1.5
Belagavi,15.8521,74.5045,2026-01-24 04:00:00,45.4,44.8,417.0,21.6,10.2,67.0,15.7,68,0.0,3.8
Belagavi,15.8521,74.5045,2026-01-24 05:00:00,48.4,47.8,410.0,20.3,10.0,65.0,16.2,65,0.0,9.0
Belagavi,15.8521,74.5045,2026-01-24 06:00:00,43.4,42.8,417.0,19.5,9.6,68.0,15.7,64,0.0,7.4
Belagavi,15.8521,74.5045,2026-01-24 07:00:00,41.6,41.0,428.0,18.1,9.0,73.0,15.9,64,0.0,10.6
Belagavi,15.8521,74.5045,2026-01-24 08:00:00,34.0,33.5,421.0,15.8,8.7,83.0,17.8,63,0.0,9.7
Belagavi,15.8521,74.5045,2026-01-24 09:00:00,32.1,31.5,378.0,11.5,9.1,103.0,20.5,60,0.0,11.1
Belagavi,15.8521,74.5045,2026-01-24 10:00:00,34.7,33.9,316.0,6.3,9.9,128.0,23.6,45,0.0,14.2
Belagavi,15.8521,74.5045,2026-01-24 11:00:00,31.2,30.3,269.0,2.4,10.1,147.0,24.9,37,0.0,13.4
Belagavi,15.8521,74.5045,2026-01-24 12:00:00,30.4,29.0,250.0,1.1,9.3,157.0,26.0,33,0.0,11.6
Belagavi,15.8521,74.5045,2026-01-24 13:00:00,30.7,29.0,246.0,1.3,8.1,161.0,26.6,32,0.0,10.9
Belagavi,15.8521,74.5045,2026-01-24 14:00:00,31.3,29.4,245.0,1.7,7.1,163.0,27.0,31,0.0,10.2
Belagavi,15.8521,74.5045,2026-01-24 15:00:00,31.8,29.6,235.0,1.2,6.6,166.0,27.1,30,0.0,8.0
Belagavi,15.8521,74.5045,2026-01-24 16:00:00,32.1,29.9,229.0,1.0,6.5,168.0,27.0,30,0.0,7.2
Belagavi,15.8521,74.5045,2026-01-24 17:00:00,32.8,31.0,254.0,3.8,7.0,161.0,26.0,33,0.0,6.5
Belagavi,15.8521,74.5045,2026-01-24 18:00:00,37.0,35.4,346.0,12.1,7.7,139.0,23.1,43,0.0,4.7
Belagavi,15.8521,74.5045,2026-01-24 19:00:00,41.2,39.7,470.0,23.6,8.6,108.0,21.8,49,0.0,3.8
Belagavi,15.8521,74.5045,2026-01-24 20:00:00,45.2,43.7,543.0,32.2,9.4,84.0,20.6,53,0.0,4.7
Belagavi,15.8521,74.5045,2026-01-24 21:00:00,48.4,47.0,517.0,35.9,10.2,72.0,19.8,56,0.0,5.9
Belagavi,15.8521,74.5045,2026-01-24 22:00:00,51.6,50.2,440.0,36.7,11.0,66.0,19.9,56,0.0,6.3
Belagavi,15.8521,74.5045,2026-01-24 23:00:00,53.1,51.7,377.0,35.1,10.9,63.0,20.1,55,0.0,12.3
Belagavi,15.8521,74.5045,2026-01-25 00:00:00,49.7,48.5,350.0,30.0,9.2,64.0,19.2,64,0.0,8.2
Belagavi,15.8521,74.5045,2026-01-25 01:00:00,42.0,41.1,338.0,22.5,6.6,69.0,18.2,71,0.0,7.5
Belagavi,15.8521,74.5045,2026-01-25 02:00:00,36.6,36.0,337.0,16.3,5.0,73.0,18.1,77,0.0,13.0
Belagavi,15.8521,74.5045,2026-01-25 03:00:00,35.5,35.0,353.0,12.6,5.1,73.0,17.5,85,0.0,14.5
Belagavi,15.8521,74.5045,2026-01-25 04:00:00,36.0,35.5,382.0,10.1,6.2,72.0,16.9,91,0.0,13.7
Belagavi,15.8521,74.5045,2026-01-25 05:00:00,36.4,36.0,405.0,11.5,6.7,61.0,16.8,95,0.0,12.6
Belagavi,15.8521,74.5045,2026-01-25 06:00:00,37.1,36.7,420.0,11.6,7.7,63.0,16.6,96,0.0,10.5
Belagavi,15.8521,74.5045,2026-01-25 07:00:00,39.6,39.1,430.0,11.7,9.2,67.0,16.6,96,0.0,10.6
Belagavi,15.8521,74.5045,2026-01-25 08:00:00,41.3,40.9,424.0,10.9,10.1,77.0,18.7,85,0.0,11.0
Belagavi,15.8521,74.5045,2026-01-25 09:00:00,43.3,42.7,391.0,8.4,10.2,99.0,21.3,70,0.0,12.2
Belagavi,15.8521,74.5045,2026-01-25 10:00:00,42.4,41.7,342.0,5.1,9.8,127.0,24.0,57,0.0,13.2
Belagavi,15.8521,74.5045,2026-01-25 11:00:00,36.2,35.6,301.0,2.6,9.0,147.0,25.7,50,0.0,14.2
Belagavi,15.8521,74.5045,2026-01-25 12:00:00,31.0,30.4,276.0,1.6,7.5,151.0,27.5,41,0.0,13.0
Belagavi,15.8521,74.5045,2026-01-25 13:00:00,27.6,27.0,260.0,1.4,5.7,148.0,28.4,36,0.0,10.9
Belagavi,15.8521,74.5045,2026-01-25 14:00:00,25.6,24.8,248.0,1.6,4.3,143.0,28.9,32,0.0,9.4
Belagavi,15.8521,74.5045,2026-01-25 15:00:00,24.4,23.6,231.0,1.2,3.6,141.0,28.9,31,0.0,7.4
Belagavi,15.8521,74.5045,2026-01-25 16:00:00,23.7,22.8,219.0,1.2,3.3,139.0,28.7,31,0.0,6.5
Belagavi,15.8521,74.5045,2026-01-25 17:00:00,23.6,22.2,242.0,3.9,3.6,130.0,27.8,35,0.0,6.3
Belagavi,15.8521,74.5045,2026-01-25 18:00:00,27.5,26.5,336.0,13.4,5.2,113.0,25.6,40,0.0,10.7
Belagavi,15.8521,74.5045,2026-01-25 19:00:00,33.2,32.1,465.0,26.7,7.5,89.0,24.8,42,0.0,11.9
Belagavi,15.8521,74.5045,2026-01-25 20:00:00,40.4,39.5,547.0,37.6,9.7,68.0,23.7,46,0.0,6.5
Belagavi,15.8521,74.5045,2026-01-25 21:00:00,48.4,47.4,534.0,44.7,11.7,53.0,22.6,50,0.0,6.2
Belagavi,15.8521,74.5045,2026-01-25 22:00:00,54.7,53.7,474.0,49.4,13.6,41.0,22.0,53,0.0,6.9
Belagavi,15.8521,74.5045,2026-01-25 23:00:00,59.1,58.1,427.0,49.4,14.5,36.0,21.7,57,0.0,7.1
Belagavi,15.8521,74.5045,2026-01-26 00:00:00,56.0,55.1,422.0,41.6,13.5,40.0,21.4,60,0.0,10.1
Belagavi,15.8521,74.5045,2026-01-26 01:00:00,38.9,38.3,430.0,29.1,11.6,51.0,21.0,64,0.0,10.8
Belagavi,15.8521,74.5045,2026-01-26 02:00:00,28.2,27.8,429.0,18.9,10.1,61.0,20.7,66,0.0,11.7
Belagavi,15.8521,74.5045,2026-01-26 03:00:00,24.5,24.2,404.0,13.6,9.9,67.0,20.3,68,0.0,10.7
Belagavi,15.8521,74.5045,2026-01-26 04:00:00,23.0,22.6,370.0,10.5,10.2,72.0,19.9,71,0.0,11.5
Belagavi,15.8521,74.5045,2026-01-26 05:00:00,20.7,20.3,343.0,8.2,10.6,77.0,18.9,78,0.0,12.9
Belagavi,15.8521,74.5045,2026-01-26 06:00:00,19.8,19.4,334.0,8.8,10.2,74.0,18.9,79,0.0,13.2
Belagavi,15.8521,74.5045,2026-01-26 07:00:00,19.1,18.8,333.0,9.5,9.7,71.0,18.9,80,0.0,14.6
Belagavi,15.8521,74.5045,2026-01-26 08:00:00,17.9,17.7,327.0,9.3,8.7,73.0,20.4,75,0.0,13.9
Belagavi,15.8521,74.5045,2026-01-26 09:00:00,14.6,14.3,307.0,7.2,7.0,84.0,22.7,66,0.0,15.5
Belagavi,15.8521,74.5045,2026-01-26 10:00:00,10.4,10.2,282.0,4.2,5.0,100.0,25.0,55,0.0,16.7
Belagavi,15.8521,74.5045,2026-01-26 11:00:00,7.9,7.7,262.0,2.0,3.4,113.0,26.7,46,0.0,16.2
Belagavi,15.8521,74.5045,2026-01-26 12:00:00,8.5,8.1,251.0,1.3,2.6,118.0,28.2,40,0.0,12.3
Belagavi,15.8521,74.5045,2026-01-26 13:00:00,9.3,8.8,245.0,1.3,2.2,119.0,28.8,37,0.0,11.2
Belagavi,15.8521,74.5045,2026-01-26 14:00:00,9.7,9.1,244.0,1.5,2.0,120.0,29.4,35,0.0,9.9
Belagavi,15.8521,74.5045,2026-01-26 15:00:00,9.7,9.0,246.0,0.9,1.7,122.0,29.1,34,0.0,8.3
Belagavi,15.8521,74.5045,2026-01-26 16:00:00,9.6,9.0,252.0,0.6,1.7,124.0,28.3,35,0.0,9.2
Belagavi,15.8521,74.5045,2026-01-26 17:00:00,20.1,18.6,265.0,3.0,2.2,119.0,28.4,35,0.0,7.3
Belagavi,15.8521,74.5045,2026-01-26 18:00:00,21.9,20.8,287.0,11.2,3.7,102.0,25.9,45,0.0,3.6
Belagavi,15.8521,74.5045,2026-01-26 19:00:00,28.2,27.1,317.0,22.6,5.9,79.0,24.2,61,0.0,11.5
Belagavi,15.8521,74.5045,2026-01-26 20:00:00,34.7,33.8,353.0,32.3,7.9,59.0,22.3,79,0.0,9.9
Belagavi,15.8521,74.5045,2026-01-26 21:00:00,39.6,38.8,409.0,39.0,9.8,46.0,21.7,85,0.0,4.2
Belagavi,15.8521,74.5045,2026-01-26 22:00:00,44.5,43.7,472.0,43.9,11.6,36.0,20.9,89,0.0,2.8
Belagavi,15.8521,74.5045,2026-01-26 23:00:00,49.8,49.0,503.0,45.8,12.6,30.0,20.1,92,0.0,7.3
Belagavi,15.8521,74.5045,2026-01-27 00:00:00,52.4,51.6,475.0,43.5,12.2,29.0,19.7,93,0.3,6.3
Belagavi,15.8521,74.5045,2026-01-27 01:00:00,50.9,49.9,416.0,38.3,11.0,32.0,19.7,94,0.1,3.2
Belagavi,15.8521,74.5045,2026-01-27 02:00:00,44.4,43.4,369.0,32.3,9.7,36.0,19.3,92,0.0,5.1
Belagavi,15.8521,74.5045,2026-01-27 03:00:00,35.6,34.7,355.0,25.6,8.6,40.0,19.3,91,0.0,3.6
Belagavi,15.8521,74.5045,2026-01-27 04:00:00,29.2,28.4,355.0,18.2,7.4,46.0,19.1,91,0.0,1.3
Belagavi,15.8521,74.5045,2026-01-27 05:00:00,43.2,42.5,352.0,26.5,7.9,38.0,19.7,88,0.0,8.5
Belagavi,15.8521,74.5045,2026-01-27 06:00:00,32.0,31.3,341.0,22.1,7.7,46.0,20.1,87,0.0,9.6
Belagavi,15.8521,74.5045,2026-01-27 07:00:00,27.1,26.4,327.0,15.9,7.3,58.0,19.8,89,0.0,10.7
Belagavi,15.8521,74.5045,2026-01-27 08:00:00,23.1,22.6,314.0,10.5,6.7,70.0,21.2,81,0.0,12.6
Belagavi,15.8521,74.5045,2026-01-27 09:00:00,19.1,18.4,303.0,6.8,5.6,83.0,23.1,72,0.0,13.9
Belagavi,15.8521,74.5045,2026-01-27 10:00:00,15.9,15.3,293.0,4.0,4.2,98.0,24.2,66,0.1,14.1
Belagavi,15.8521,74.5045,2026-01-27 11:00:00,14.3,13.7,283.0,2.1,3.1,109.0,25.6,60,0.1,11.4
Belagavi,15.8521,74.5045,2026-01-27 12:00:00,14.1,13.4,270.0,1.3,2.6,116.0,27.2,51,0.0,8.6
Belagavi,15.8521,74.5045,2026-01-27 13:00:00,14.1,13.4,258.0,1.3,2.5,121.0,28.1,45,0.0,6.7
Belagavi,15.8521,74.5045,2026-01-27 14:00:00,14.8,14.2,250.0,1.6,2.6,124.0,28.9,40,0.0,5.2
Belagavi,15.8521,74.5045,2026-01-27 15:00:00,16.5,15.8,249.0,1.5,2.8,128.0,29.3,38,0.0,5.4
Belagavi,15.8521,74.5045,2026-01-27 16:00:00,18.4,17.6,253.0,1.5,3.1,131.0,29.1,36,0.0,7.2
Belagavi,15.8521,74.5045,2026-01-27 17:00:00,27.1,25.7,265.0,3.3,3.7,123.0,28.1,40,0.0,13.5
Belagavi,15.8521,74.5045,2026-01-27 18:00:00,31.4,30.3,290.0,6.2,4.6,112.0,24.7,60,0.0,16.3
Belagavi,15.8521,74.5045,2026-01-27 19:00:00,36.4,35.4,323.0,10.2,5.8,97.0,23.7,64,0.0,10.3
Belagavi,15.8521,74.5045,2026-01-27 20:00:00,39.3,38.3,352.0,12.9,6.9,86.0,22.8,67,0.0,9.3
Belagavi,15.8521,74.5045,2026-01-27 21:00:00,43.3,42.1,375.0,13.3,7.8,82.0,22.2,69,0.0,9.7
Belagavi,15.8521,74.5045,2026-01-27 22:00:00,47.0,45.9,395.0,12.5,8.5,83.0,21.1,74,0.0,9.1
Belagavi,15.8521,74.5045,2026-01-27 23:00:00,49.4,48.2,403.0,11.6,9.1,83.0,20.7,83,0.0,8.7
Belagavi,15.8521,74.5045,2026-01-28 00:00:00,49.9,48.8,390.0,10.9,9.4,82.0,20.4,83,0.0,8.7
Belagavi,15.8521,74.5045,2026-01-28 01:00:00,49.5,48.2,367.0,10.1,9.6,80.0,20.3,81,0.0,9.4
Belagavi,15.8521,74.5045,2026-01-28 02:00:00,49.1,47.8,352.0,9.3,9.8,80.0,19.7,84,0.0,9.2
Belagavi,15.8521,74.5045,2026-01-28 03:00:00,48.7,47.3,357.0,8.3,10.1,81.0,20.1,80,0.0,11.4
Belagavi,15.8521,74.5045,2026-01-28 04:00:00,47.7,46.4,372.0,7.2,10.4,84.0,19.6,78,0.0,11.7
Belagavi,15.8521,74.5045,2026-01-28 05:00:00,44.4,43.3,384.0,7.7,9.6,75.0,18.9,80,0.0,12.4
Belagavi,15.8521,74.5045,2026-01-28 06:00:00,43.1,42.0,390.0,8.6,10.5,77.0,18.7,83,0.0,11.2
Belagavi,15.8521,74.5045,2026-01-28 07:00:00,43.5,42.5,394.0,9.8,11.6,81.0,18.7,85,0.0,12.4
Belagavi,15.8521,74.5045,2026-01-28 08:00:00,44.0,43.0,391.0,9.9,12.3,89.0,20.9,75,0.0,10.7
Belagavi,15.8521,74.5045,2026-01-28 09:00:00,45.6,44.5,379.0,7.9,12.1,107.0,23.3,64,0.0,11.4
Belagavi,15.8521,74.5045,2026-01-28 10:00:00,44.2,43.0,361.0,4.9,11.5,129.0,25.3,56,0.0,9.2
Belagavi,15.8521,74.5045,2026-01-28 11:00:00,43.8,42.4,343.0,2.6,10.6,146.0,26.5,52,0.0,9.2
Belagavi,15.8521,74.5045,2026-01-28 12:00:00,39.6,38.3,325.0,1.9,9.5,154.0,27.9,46,0.0,9.1
Belagavi,15.8521,74.5045,2026-01-28 13:00:00,36.7,35.5,308.0,1.9,8.1,156.0,28.7,42,0.0,8.2
Belagavi,15.8521,74.5045,2026-01-28 14:00:00,34.9,33.8,294.0,2.1,7.0,157.0,28.9,39,0.0,7.4
Belagavi,15.8521,74.5045,2026-01-28 15:00:00,33.8,32.6,279.0,1.4,6.2,159.0,29.0,37,0.0,6.6
Belagavi,15.8521,74.5045,2026-01-28 16:00:00,32.9,31.9,268.0,1.0,5.7,159.0,29.0,36,0.0,5.8
Belagavi,15.8521,74.5045,2026-01-28 17:00:00,43.2,41.4,283.0,3.7,5.9,149.0,28.6,35,0.0,6.4
Belagavi,15.8521,74.5045,2026-01-28 18:00:00,45.4,43.9,345.0,11.4,6.7,128.0,26.8,40,0.0,5.5
Belagavi,15.8521,74.5045,2026-01-28 19:00:00,46.7,45.3,434.0,22.2,7.8,98.0,25.6,43,0.0,10.3
Belagavi,15.8521,74.5045,2026-01-28 20:00:00,49.5,48.1,508.0,31.3,9.1,74.0,24.3,48,0.0,4.4
Belagavi,15.8521,74.5045,2026-01-28 21:00:00,53.7,52.3,557.0,37.7,11.1,59.0,23.2,53,0.0,0.6
Belagavi,15.8521,74.5045,2026-01-28 22:00:00,58.8,57.4,591.0,42.4,13.4,50.0,23.2,54,0.0,1.0
Belagavi,15.8521,74.5045,2026-01-28 23:00:00,63.3,61.9,604.0,43.6,14.3,44.0,22.6,54,0.0,8.0
Belagavi,15.8521,74.5045,2026-01-29 00:00:00,62.2,60.8,588.0,39.2,12.8,43.0,21.8,60,0.0,6.3
Belagavi,15.8521,74.5045,2026-01-29 01:00:00,56.2,54.9,552.0,31.4,10.0,47.0,20.9,64,0.0,6.3
Belagavi,15.8521,74.5045,2026-01-29 02:00:00,49.6,48.3,512.0,24.5,7.8,51.0,20.0,69,0.0,5.1
Belagavi,15.8521,74.5045,2026-01-29 03:00:00,45.8,44.5,470.0,20.0,6.7,54.0,19.6,69,0.0,6.0
Belagavi,15.8521,74.5045,2026-01-29 04:00:00,43.8,42.5,425.0,16.4,6.2,58.0,19.2,70,0.0,6.1
Belagavi,15.8521,74.5045,2026-01-29 05:00:00,41.9,40.6,393.0,13.9,5.6,60.0,19.2,69,0.0,9.8
Belagavi,15.8521,74.5045,2026-01-29 06:00:00,41.0,39.5,386.0,13.6,6.8,63.0,18.9,70,0.0,10.3
Belagavi,15.8521,74.5045,2026-01-29 07:00:00,41.4,39.9,391.0,13.2,8.6,68.0,18.8,71,0.0,11.5
Belagavi,15.8521,74.5045,2026-01-29 08:00:00,41.9,40.4,389.0,11.9,9.8,78.0,20.8,64,0.0,12.1
Belagavi,15.8521,74.5045,2026-01-29 09:00:00,44.1,42.4,370.0,9.1,10.3,99.0,23.1,57,0.0,13.0
Belagavi,15.8521,74.5045,2026-01-29 10:00:00,45.3,43.3,343.0,5.4,10.3,127.0,25.2,50,0.0,14.7
Belagavi,15.8521,74.5045,2026-01-29 11:00:00,44.0,42.0,319.0,2.7,9.8,147.0,26.6,43,0.0,16.3
Belagavi,15.8521,74.5045,2026-01-29 12:00:00,41.9,39.9,300.0,1.7,8.5,155.0,28.0,38,0.0,13.0
Belagavi,15.8521,74.5045,2026-01-29 13:00:00,41.3,39.1,284.0,1.6,6.8,156.0,28.2,36,0.0,9.4
Belagavi,15.8521,74.5045,2026-01-29 14:00:00,41.4,39.2,275.0,1.9,5.5,155.0,29.2,33,0.0,9.4
Belagavi,15.8521,74.5045,2026-01-29 15:00:00,41.9,39.7,269.0,2.1,5.0,156.0,29.0,33,0.0,8.5
Belagavi,15.8521,74.5045,2026-01-29 16:00:00,42.4,40.2,270.0,2.7,5.0,155.0,28.6,33,0.0,8.9
Belagavi,15.8521,74.5045,2026-01-29 17:00:00,51.6,49.2,290.0,5.0,5.1,145.0,27.9,34,0.0,9.0
Belagavi,15.8521,74.5045,2026-01-29 18:00:00,55.6,53.6,350.0,11.2,5.8,128.0,25.8,41,0.0,4.6
Belagavi,15.8521,74.5045,2026-01-29 19:00:00,58.1,56.2,430.0,19.7,6.8,103.0,24.6,44,0.0,8.3
Belagavi,15.8521,74.5045,2026-01-29 20:00:00,60.1,58.2,484.0,25.9,7.7,85.0,24.1,41,0.0,8.9
Belagavi,15.8521,74.5045,2026-01-29 21:00:00,61.7,59.6,486.0,27.5,8.5,79.0,22.8,47,0.0,2.9
Belagavi,15.8521,74.5045,2026-01-29 22:00:00,62.2,60.1,463.0,26.7,9.1,78.0,22.4,49,0.0,2.1
Belagavi,15.8521,74.5045,2026-01-29 23:00:00,62.2,60.3,444.0,25.4,9.3,76.0,21.3,53,0.0,0.8
Belagavi,15.8521,74.5045,2026-01-30 00:00:00,60.8,59.0,444.0,24.1,8.6,70.0,19.9,61,0.0,5.4
Belagavi,15.8521,74.5045,2026-01-30 01:00:00,57.6,56.0,449.0,22.3,7.4,63.0,19.4,63,0.0,6.3
Belagavi,15.8521,74.5045,2026-01-30 02:00:00,53.3,51.9,450.0,20.2,6.5,59.0,19.5,62,0.0,8.4
Belagavi,15.8521,74.5045,2026-01-30 03:00:00,49.0,47.7,438.0,17.4,6.3,61.0,18.2,67,0.0,5.9
Belagavi,15.8521,74.5045,2026-01-30 04:00:00,45.4,44.1,422.0,14.3,6.4,65.0,18.2,67,0.0,5.0
Belagavi,15.8521,74.5045,2026-01-30 05:00:00,40.6,39.5,414.0,11.4,5.6,69.0,18.0,67,0.0,7.4
Belagavi,15.8521,74.5045,2026-01-30 06:00:00,39.5,38.1,425.0,12.6,6.8,68.0,18.1,66,0.0,9.6
Belagavi,15.8521,74.5045,2026-01-30 07:00:00,40.7,39.3,445.0,14.1,8.4,67.0,18.2,67,0.0,11.3
Belagavi,15.8521,74.5045,2026-01-30 08:00:00,40.3,39.2,449.0,14.0,9.5,73.0,20.3,61,0.0,11.4
Belagavi,15.8521,74.5045,2026-01-30 09:00:00,44.0,42.5,424.0,10.8,9.8,94.0,22.4,55,0.0,13.0
Belagavi,15.8521,74.5045,2026-01-30 10:00:00,47.5,45.6,384.0,6.1,9.5,122.0,24.6,48,0.0,15.4
Belagavi,15.8521,74.5045,2026-01-30 11:00:00,48.8,46.6,348.0,2.6,9.0,144.0,25.9,41,0.0,16.1
Belagavi,15.8521,74.5045,2026-01-30 12:00:00,51.0,48.5,323.0,1.4,8.0,153.0,27.3,35,0.0,12.8
Belagavi,15.8521,74.5045,2026-01-30 13:00:00,52.2,49.5,303.0,1.5,6.7,156.0,28.2,32,0.0,8.6
Belagavi,15.8521,74.5045,2026-01-30 14:00:00,52.4,49.7,290.0,1.9,5.8,157.0,28.6,31,0.0,7.2
Belagavi,15.8521,74.5045,2026-01-30 15:00:00,52.5,49.8,280.0,2.1,5.5,158.0,28.8,29,0.0,6.7
Belagavi,15.8521,74.5045,2026-01-30 16:00:00,53.0,50.3,278.0,2.7,5.5,157.0,28.5,29,0.0,8.2
Belagavi,15.8521,74.5045,2026-01-30 17:00:00,48.8,46.6,294.0,3.9,5.5,150.0,27.0,32,0.0,10.8
Belagavi,15.8521,74.5045,2026-01-30 18:00:00,53.4,51.7,341.0,10.2,6.1,132.0,24.8,36,0.0,10.8
Belagavi,15.8521,74.5045,2026-01-30 19:00:00,55.5,53.9,407.0,18.9,7.0,107.0,23.7,40,0.0,13.0
Belagavi,15.8521,74.5045,2026-01-30 20:00:00,56.8,55.3,467.0,24.9,7.6,88.0,23.0,43,0.0,12.3
Belagavi,15.8521,74.5045,2026-01-30 21:00:00,57.0,55.4,518.0,25.9,7.7,79.0,22.2,44,0.0,11.8
Belagavi,15.8521,74.5045,2026-01-30 22:00:00,56.6,55.1,564.0,24.3,7.5,76.0,21.8,46,0.0,14.6
Belagavi,15.8521,74.5045,2026-01-30 23:00:00,55.5,54.1,584.0,22.3,7.1,73.0,21.1,51,0.0,15.0
Belagavi,15.8521,74.5045,2026-01-31 00:00:00,53.6,52.2,564.0,20.4,6.3,70.0,20.9,51,0.0,14.6
Belagavi,15.8521,74.5045,2026-01-31 01:00:00,51.7,50.3,518.0,18.0,5.3,68.0,20.3,51,0.0,12.8
Belagavi,15.8521,74.5045,2026-01-31 02:00:00,50.1,48.8,477.0,15.6,4.6,67.0,19.7,52,0.0,13.7
Belagavi,15.8521,74.5045,2026-01-31 03:00:00,49.4,47.7,448.0,13.1,4.4,69.0,19.1,53,0.0,12.6
Belagavi,15.8521,74.5045,2026-01-31 04:00:00,49.2,47.4,422.0,10.7,4.6,72.0,18.4,55,0.0,10.2
Belagavi,15.8521,74.5045,2026-01-31 05:00:00,46.6,44.8,405.0,8.4,4.7,77.0,17.9,62,0.0,11.2
Belagavi,15.8521,74.5045,2026-01-31 06:00:00,46.6,44.9,404.0,9.2,6.3,75.0,17.3,66,0.0,12.1
Belagavi,15.8521,74.5045,2026-01-31 07:00:00,47.4,45.8,412.0,10.2,8.5,72.0,17.2,68,0.0,13.0
Belagavi,15.8521,74.5045,2026-01-31 08:00:00,47.8,46.3,408.0,10.1,10.2,78.0,19.3,62,0.0,13.4
Belagavi,15.8521,74.5045,2026-01-31 09:00:00,48.7,46.8,380.0,8.0,11.1,99.0,21.9,53,0.0,15.0
Belagavi,15.8521,74.5045,2026-01-31 10:00:00,51.1,48.8,342.0,4.9,11.5,129.0,24.4,43,0.0,17.8
Belagavi,15.8521,74.5045,2026-01-31 11:00:00,50.5,48.2,312.0,2.5,11.4,151.0,25.6,37,0.0,18.1
Belagavi,15.8521,74.5045,2026-01-31 12:00:00,48.4,46.3,300.0,1.7,10.5,160.0,26.9,33,0.0,16.3
Belagavi,15.8521,74.5045,2026-01-31 13:00:00,46.1,44.1,298.0,1.6,9.0,162.0,27.8,31,0.0,14.3
Belagavi,15.8521,74.5045,2026-01-31 14:00:00,44.4,42.5,298.0,1.8,7.9,163.0,28.2,30,0.0,11.7
Belagavi,15.8521,74.5045,2026-01-31 15:00:00,43.9,42.0,295.0,1.7,7.4,166.0,28.2,30,0.0,10.6
Belagavi,15.8521,74.5045,2026-01-31 16:00:00,43.8,42.0,295.0,1.9,7.2,167.0,27.8,29,0.0,11.3
Belagavi,15.8521,74.5045,2026-01-31 17:00:00,41.1,39.5,306.0,3.6,6.9,158.0,26.9,29,0.0,10.6
Belagavi,15.8521,74.5045,2026-01-31 18:00:00,46.0,44.7,341.0,9.7,7.3,140.0,24.6,34,0.0,8.3
Belagavi,15.8521,74.5045,2026-01-31 19:00:00,49.0,47.8,388.0,18.0,7.7,114.0,23.7,37,0.0,10.6
Belagavi,15.8521,74.5045,2026-01-31 20:00:00,50.8,49.6,422.0,23.8,8.0,94.0,22.9,41,0.0,10.8
Belagavi,15.8521,74.5045,2026-01-31 21:00:00,51.2,50.1,430.0,25.0,7.9,83.0,21.3,46,0.0,9.9
Belagavi,15.8521,74.5045,2026-01-31 22:00:00,50.8,49.7,425.0,23.8,7.6,78.0,20.5,48,0.0,11.0
Belagavi,15.8521,74.5045,2026-01-31 23:00:00,49.6,48.5,418.0,21.9,7.2,74.0,20.3,48,0.0,11.8
Belagavi,15.8521,74.5045,2026-02-01 00:00:00,47.4,46.4,412.0,19.8,6.5,72.0,20.2,43,0.0,12.1
Belagavi,15.8521,74.5045,2026-02-01 01:00:00,45.6,44.7,405.0,17.1,5.8,72.0,19.4,49,0.0,12.0
Belagavi,15.8521,74.5045,2026-02-01 02:00:00,44.7,43.7,399.0,14.6,5.4,73.0,18.5,56,0.0,9.5
Belagavi,15.8521,74.5045,2026-02-01 03:00:00,44.4,43.2,397.0,12.4,5.7,75.0,18.1,57,0.0,10.1
Belagavi,15.8521,74.5045,2026-02-01 04:00:00,43.8,42.6,397.0,10.5,6.3,78.0,17.9,57,0.0,11.9
Belagavi,15.8521,74.5045,2026-02-01 05:00:00,38.5,37.7,391.0,8.5,6.3,80.0,17.4,65,0.0,14.2
Belagavi,15.8521,74.5045,2026-02-01 06:00:00,36.1,35.4,377.0,9.5,7.4,75.0,16.8,70,0.0,14.1
Belagavi,15.8521,74.5045,2026-02-01 07:00:00,34.2,33.4,358.0,10.7,8.8,70.0,16.6,73,0.0,14.2
Belagavi,15.8521,74.5045,2026-02-01 08:00:00,31.9,31.1,338.0,10.7,9.8,72.0,18.7,66,0.0,13.4
Belagavi,15.8521,74.5045,2026-02-01 09:00:00,30.7,29.6,315.0,8.5,10.0,90.0,21.3,56,0.0,14.2
Belagavi,15.8521,74.5045,2026-02-01 10:00:00,33.6,32.1,292.0,5.1,9.7,116.0,24.0,44,0.0,17.2
Belagavi,15.8521,74.5045,2026-02-01 11:00:00,34.8,33.4,275.0,2.5,9.3,137.0,25.4,40,0.0,17.1
Belagavi,15.8521,74.5045,2026-02-01 12:00:00,35.4,34.0,269.0,1.6,8.7,148.0,26.7,36,0.0,15.7
Belagavi,15.8521,74.5045,2026-02-01 13:00:00,35.2,34.0,270.0,1.5,8.0,154.0,27.6,33,0.0,14.2
Belagavi,15.8521,74.5045,2026-02-01 14:00:00,35.4,34.1,273.0,1.8,7.4,157.0,28.2,31,0.0,12.5
Belagavi,15.8521,74.5045,2026-02-01 15:00:00,35.6,34.5,273.0,1.7,7.0,160.0,28.3,30,0.0,10.5
Belagavi,15.8521,74.5045,2026-02-01 16:00:00,36.1,34.9,275.0,1.9,6.8,161.0,27.8,30,0.0,8.8
Belagavi,15.8521,74.5045,2026-02-01 17:00:00,38.4,37.4,287.0,4.0,7.0,153.0,26.8,31,0.0,9.1
Belagavi,15.8521,74.5045,2026-02-01 18:00:00,41.8,41.0,319.0,9.3,7.2,137.0,24.4,37,0.0,8.6
Belagavi,15.8521,74.5045,2026-02-01 19:00:00,44.0,43.2,361.0,16.5,7.5,114.0,23.5,40,0.0,12.1
Belagavi,15.8521,74.5045,2026-02-01 20:00:00,45.3,44.6,395.0,21.4,7.5,96.0,22.7,44,0.0,13.7
Belagavi,15.8521,74.5045,2026-02-01 21:00:00,45.5,44.9,417.0,22.1,7.1,86.0,21.8,48,0.0,11.8
Belagavi,15.8521,74.5045,2026-02-01 22:00:00,45.2,44.6,432.0,20.6,6.4,81.0,21.0,52,0.0,10.8
Belagavi,15.8521,74.5045,2026-02-01 23:00:00,44.1,43.5,435.0,18.6,5.8,77.0,20.5,56,0.0,11.8
Belagavi,15.8521,74.5045,2026-02-02 00:00:00,42.4,41.9,417.0,16.6,5.3,75.0,20.0,58,0.0,10.8
Belagavi,15.8521,74.5045,2026-02-02 01:00:00,41.3,40.7,387.0,14.1,4.8,75.0,19.5,60,0.0,9.9
Belagavi,15.8521,74.5045,2026-02-02 02:00:00,40.6,40.0,365.0,12.0,4.6,76.0,19.1,61,0.0,10.6
Belagavi,15.8521,74.5045,2026-02-02 03:00:00,40.5,39.7,359.0,10.3,4.7,77.0,18.7,60,0.0,11.1
Belagavi,15.8521,74.5045,2026-02-02 04:00:00,40.6,39.8,361.0,8.9,5.1,79.0,18.4,62,0.0,11.6
Belagavi,15.8521,74.5045,2026-02-02 05:00:00,40.3,39.5,368.0,8.2,6.0,80.0,18.4,65,0.0,12.1
Belagavi,15.8521,74.5045,2026-02-02 06:00:00,41.3,40.4,387.0,8.9,7.4,79.0,18.0,66,0.0,13.1
Belagavi,15.8521,74.5045,2026-02-02 07:00:00,43.9,43.1,412.0,9.8,9.2,79.0,17.7,68,0.0,14.4
Belagavi,15.8521,74.5045,2026-02-02 08:00:00,46.8,45.9,419.0,9.7,10.3,84.0,19.4,66,0.0,13.8
Belagavi,15.8521,74.5045,2026-02-02 09:00:00,52.6,51.1,392.0,7.7,9.9,101.0,21.9,61,0.0,14.5
Belagavi,15.8521,74.5045,2026-02-02 10:00:00,56.9,54.7,348.0,4.7,8.8,123.0,24.3,50,0.0,16.1
Belagavi,15.8521,74.5045,2026-02-02 11:00:00,53.8,51.8,313.0,2.5,7.8,142.0,25.7,43,0.0,15.5
Belagavi,15.8521,74.5045,2026-02-02 12:00:00,50.1,48.3,298.0,1.7,7.1,153.0,27.1,38,0.0,13.7
Belagavi,15.8521,74.5045,2026-02-02 13:00:00,47.7,46.1,292.0,1.6,6.5,159.0,28.1,35,0.0,12.0
Belagavi,15.8521,74.5045,2026-02-02 14:00:00,46.4,44.8,290.0,1.8,6.1,163.0,28.8,33,0.0,10.7
Belagavi,15.8521,74.5045,2026-02-02 15:00:00,45.9,44.4,286.0,1.4,5.9,167.0,28.9,32,0.0,9.4
Belagavi,15.8521,74.5045,2026-02-02 16:00:00,46.0,44.5,285.0,1.3,5.9,169.0,28.9,32,0.0,6.9
Belagavi,15.8521,74.5045,2026-02-02 17:00:00,51.7,50.2,297.0,4.0,6.1,155.0,27.5,34,0.0,8.6
Belagavi,15.8521,74.5045,2026-02-02 18:00:00,56.3,54.9,330.0,10.1,6.6,136.0,25.5,39,0.0,7.8
Belagavi,15.8521,74.5045,2026-02-02 19:00:00,59.8,58.7,376.0,18.5,7.3,110.0,24.1,42,0.0,8.4
Belagavi,15.8521,74.5045,2026-02-02 20:00:00,61.7,60.8,413.0,24.1,7.6,90.0,22.9,46,0.0,10.0
Belagavi,15.8521,74.5045,2026-02-02 21:00:00,62.2,61.2,436.0,24.5,7.3,81.0,22.3,49,0.0,11.2
Belagavi,15.8521,74.5045,2026-02-02 22:00:00,61.9,61.0,450.0,22.1,6.7,77.0,21.7,51,0.0,10.8
Belagavi,15.8521,74.5045,2026-02-02 23:00:00,61.2,60.3,455.0,19.4,6.1,75.0,21.1,55,0.0,10.8
Belagavi,15.8521,74.5045,2026-02-03 00:00:00,59.8,59.0,443.0,17.0,5.5,73.0,20.8,57,0.0,10.6
Belagavi,15.8521,74.5045,2026-02-03 01:00:00,59.5,58.4,422.0,14.3,5.0,73.0,20.3,59,0.0,11.0
Belagavi,15.8521,74.5045,2026-02-03 02:00:00,59.8,58.6,409.0,12.1,4.7,73.0,19.8,62,0.0,10.6
Belagavi,15.8521,74.5045,2026-02-03 03:00:00,60.5,59.0,413.0,10.6,4.8,74.0,19.4,64,0.0,10.3
Belagavi,15.8521,74.5045,2026-02-03 04:00:00,61.2,59.6,425.0,9.6,5.1,75.0,19.1,65,0.0,10.4
Belagavi,15.8521,74.5045,2026-02-03 05:00:00,63.3,61.7,437.0,8.5,5.6,80.0,18.7,69,0.0,10.8
Belagavi,15.8521,74.5045,2026-02-03 06:00:00,64.5,62.6,451.0,9.3,6.0,77.0,18.5,70,0.0,12.4
Belagavi,15.8521,74.5045,2026-02-03 07:00:00,66.1,64.5,464.0,10.4,6.7,74.0,18.2,72,0.0,14.0
Belagavi,15.8521,74.5045,2026-02-03 08:00:00,67.3,66.1,463.0,10.4,7.3,79.0,20.1,66,0.0,13.7
Belagavi,15.8521,74.5045,2026-02-03 09:00:00,69.6,68.0,435.0,8.3,8.0,99.0,22.5,62,0.0,15.2
Belagavi,15.8521,74.5045,2026-02-03 10:00:00,70.5,68.7,392.0,5.1,8.8,127.0,24.8,53,0.0,16.7
Belagavi,15.8521,74.5045,2026-02-03 11:00:00,67.1,65.4,357.0,2.7,9.0,149.0,26.2,46,0.0,16.2
Belagavi,15.8521,74.5045,2026-02-03 12:00:00,62.9,61.2,338.0,1.7,8.3,159.0,27.3,41,0.0,13.0
Belagavi,15.8521,74.5045,2026-02-03 13:00:00,60.3,58.7,327.0,1.5,7.1,162.0,28.3,38,0.0,9.9
Belagavi,15.8521,74.5045,2026-02-03 14:00:00,58.0,56.3,319.0,1.8,6.2,163.0,28.9,36,0.0,8.2
Belagavi,15.8521,74.5045,2026-02-03 15:00:00,58.6,56.8,308.0,2.0,5.9,165.0,28.8,36,0.0,7.0
Belagavi,15.8521,74.5045,2026-02-03 16:00:00,58.3,56.6,301.0,2.6,6.0,164.0,28.3,36,0.0,5.3
Belagavi,15.8521,74.5045,2026-02-03 17:00:00,64.5,62.9,312.0,5.1,6.0,157.0,27.3,36,0.1,7.7
Belagavi,15.8521,74.5045,2026-02-03 18:00:00,69.4,68.0,360.0,11.6,6.5,137.0,25.0,43,0.0,3.8
Belagavi,15.8521,74.5045,2026-02-03 19:00:00,71.2,69.8,428.0,20.5,7.1,109.0,24.0,45,0.0,4.9
Belagavi,15.8521,74.5045,2026-02-03 20:00:00,69.8,68.7,472.0,26.3,7.4,88.0,23.3,47,0.0,5.9
Belagavi,15.8521,74.5045,2026-02-03 21:00:00,64.7,63.8,469.0,26.3,7.0,80.0,23.2,48,0.0,10.7
Belagavi,15.8521,74.5045,2026-02-03 22:00:00,56.9,56.2,443.0,23.2,6.2,79.0,22.5,50,0.0,11.8
Belagavi,15.8521,74.5045,2026-02-03 23:00:00,49.8,49.4,429.0,19.7,5.5,80.0,21.6,54,0.0,11.9
Belagavi,15.8521,74.5045,2026-02-04 00:00:00,44.2,43.8,445.0,16.4,5.0,83.0,21.3,54,0.0,11.8
Belagavi,15.8521,74.5045,2026-02-04 01:00:00,40.0,39.7,473.0,12.8,4.5,89.0,21.1,53,0.0,12.4
Belagavi,15.8521,74.5045,2026-02-04 02:00:00,36.8,36.4,488.0,9.9,4.5,92.0,20.5,53,0.0,13.7
Belagavi,15.8521,74.5045,2026-02-04 03:00:00,35.0,34.7,481.0,8.1,5.1,92.0,19.5,57,0.0,12.4
Belagavi,15.8521,74.5045,2026-02-04 04:00:00,34.1,33.8,461.0,7.0,6.1,90.0,18.8,60,0.0,13.6
Belagavi,15.8521,74.5045,2026-02-04 05:00:00,33.1,32.7,436.0,6.2,7.0,92.0,18.7,65,0.0,13.6
Belagavi,15.8521,74.5045,2026-02-04 06:00:00,32.8,32.4,405.0,7.6,7.8,85.0,18.3,69,0.0,13.9
Belagavi,15.8521,74.5045,2026-02-04 07:00:00,32.1,31.5,369.0,9.3,8.9,75.0,18.1,72,0.0,14.8
Belagavi,15.8521,74.5045,2026-02-04 08:00:00,31.1,30.5,339.0,9.9,9.6,76.0,20.1,62,0.0,14.3
Belagavi,15.8521,74.5045,2026-02-04 09:00:00,32.0,31.0,319.0,8.0,9.6,96.0,22.8,50,0.0,15.8
Belagavi,15.8521,74.5045,2026-02-04 10:00:00,37.1,36.0,304.0,5.0,9.3,127.0,25.1,44,0.0,17.7
Belagavi,15.8521,74.5045,2026-02-04 11:00:00,41.0,39.8,294.0,2.6,8.8,150.0,26.3,40,0.0,18.4
Belagavi,15.8521,74.5045,2026-02-04 12:00:00,44.9,43.7,290.0,1.7,8.1,158.0,27.6,36,0.0,17.5
Belagavi,15.8521,74.5045,2026-02-04 13:00:00,46.1,44.8,291.0,1.5,7.1,160.0,28.4,33,0.0,16.6
Belagavi,15.8521,74.5045,2026-02-04 14:00:00,45.9,44.5,292.0,1.6,6.4,159.0,29.1,31,0.0,14.8
Belagavi,15.8521,74.5045,2026-02-04 15:00:00,45.5,44.1,288.0,1.8,6.0,159.0,29.1,31,0.0,13.2
Belagavi,15.8521,74.5045,2026-02-04 16:00:00,45.8,44.4,285.0,2.3,5.7,157.0,28.8,31,0.0,11.4
Belagavi,15.8521,74.5045,2026-02-04 17:00:00,32.9,32.0,296.0,3.5,5.6,153.0,27.9,30,0.0,13.9
Belagavi,15.8521,74.5045,2026-02-04 18:00:00,35.5,34.9,336.0,6.9,5.8,139.0,26.3,34,0.0,10.1
Belagavi,15.8521,74.5045,2026-02-04 19:00:00,37.8,37.3,390.0,11.5,6.1,120.0,24.3,40,0.0,9.8
Belagavi,15.8521,74.5045,2026-02-04 20:00:00,40.2,39.5,427.0,14.2,6.4,107.0,23.3,43,0.0,11.8
Belagavi,15.8521,74.5045,2026-02-04 21:00:00,41.8,41.1,432.0,13.3,6.5,106.0,23.0,43,0.0,14.3
Belagavi,15.8521,74.5045,2026-02-04 22:00:00,43.1,42.3,420.0,10.5,6.6,111.0,22.3,46,0.0,14.4
Belagavi,15.8521,74.5045,2026-02-04 23:00:00,44.2,43.3,405.0,8.1,6.9,115.0,21.4,51,0.0,12.6
Belagavi,15.8521,74.5045,2026-02-05 00:00:00,45.3,44.1,385.0,6.8,7.7,118.0,20.7,53,0.0,11.7
Belagavi,15.8521,74.5045,2026-02-05 01:00:00,46.4,45.2,362.0,5.8,8.8,120.0,20.6,52,0.0,11.8
Belagavi,15.8521,74.5045,2026-02-05 02:00:00,47.7,46.3,351.0,5.2,9.9,120.0,20.0,53,0.0,11.7
Belagavi,15.8521,74.5045,2026-02-05 03:00:00,49.4,48.0,364.0,4.8,11.2,115.0,19.3,56,0.0,12.1
Belagavi,15.8521,74.5045,2026-02-05 04:00:00,50.3,49.2,388.0,4.7,12.6,107.0,18.6,59,0.0,12.6
Belagavi,15.8521,74.5045,2026-02-05 05:00:00,49.4,48.4,403.0,5.5,12.9,98.0,18.4,65,0.0,12.9
Belagavi,15.8521,74.5045,2026-02-05 06:00:00,45.5,44.8,401.0,7.1,12.6,89.0,17.9,69,0.0,13.0
Belagavi,15.8521,74.5045,2026-02-05 07:00:00,41.1,40.5,389.0,9.2,12.1,78.0,18.0,70,0.0,13.0
Belagavi,15.8521,74.5045,2026-02-05 08:00:00,36.9,36.3,373.0,9.9,11.5,77.0,20.2,63,0.0,12.7
Belagavi,15.8521,74.5045,2026-02-05 09:00:00,34.1,33.2,351.0,8.0,10.8,97.0,22.9,55,0.0,15.4
Belagavi,15.8521,74.5045,2026-02-05 10:00:00,36.6,35.4,324.0,4.8,10.1,126.0,25.2,45,0.0,17.8
Belagavi,15.8521,74.5045,2026-02-05 11:00:00,39.1,37.8,302.0,2.4,9.2,149.0,26.4,39,0.0,17.4
Belagavi,15.8521,74.5045,2026-02-05 12:00:00,38.5,37.3,290.0,1.5,8.1,157.0,27.6,34,0.0,15.0
Belagavi,15.8521,74.5045,2026-02-05 13:00:00,36.3,35.2,282.0,1.4,6.8,157.0,28.5,31,0.0,13.0
Belagavi,15.8521,74.5045,2026-02-05 14:00:00,34.7,33.5,279.0,1.6,5.9,156.0,29.0,29,0.0,11.5
Belagavi,15.8521,74.5045,2026-02-05 15:00:00,33.9,32.8,274.0,1.5,5.4,157.0,29.1,28,0.0,9.7
Belagavi,15.8521,74.5045,2026-02-05 16:00:00,33.6,32.7,273.0,1.7,5.3,158.0,28.7,28,0.0,7.9
Belagavi,15.8521,74.5045,2026-02-05 17:00:00,34.5,33.5,290.0,3.5,5.4,147.0,27.2,31,0.0,10.9
Belagavi,15.8521,74.5045,2026-02-05 18:00:00,36.8,36.1,346.0,8.5,5.8,133.0,25.3,34,0.0,11.0
Belagavi,15.8521,74.5045,2026-02-05 19:00:00,39.1,38.4,421.0,15.5,6.5,113.0,24.3,36,0.0,11.2
Belagavi,15.8521,74.5045,2026-02-05 20:00:00,40.7,40.2,467.0,20.3,6.8,96.0,23.2,40,0.0,11.9
Belagavi,15.8521,74.5045,2026-02-05 21:00:00,41.7,41.1,457.0,21.3,6.6,86.0,22.1,45,0.0,12.0
Belagavi,15.8521,74.5045,2026-02-05 22:00:00,41.8,41.2,418.0,20.3,6.2,79.0,21.8,47,0.0,11.9
Belagavi,15.8521,74.5045,2026-02-05 23:00:00,40.9,40.3,380.0,18.4,5.9,76.0,21.5,48,0.0,14.6
Belagavi,15.8521,74.5045,2026-02-06 00:00:00,39.0,38.4,350.0,15.7,5.6,79.0,21.0,49,0.0,14.1
Belagavi,15.8521,74.5045,2026-02-06 01:00:00,37.8,37.3,322.0,12.3,5.5,86.0,20.4,51,0.0,12.3
Belagavi,15.8521,74.5045,2026-02-06 02:00:00,37.4,36.7,305.0,9.4,5.9,91.0,19.9,52,0.0,11.7
Belagavi,15.8521,74.5045,2026-02-06 03:00:00,37.4,36.8,307.0,7.5,7.4,94.0,19.6,52,0.0,11.2
Belagavi,15.8521,74.5045,2026-02-06 04:00:00,38.2,37.4,321.0,6.3,9.6,96.0,19.1,53,0.0,12.5
Belagavi,15.8521,74.5045,2026-02-06 05:00:00,39.2,38.4,334.0,5.7,11.2,98.0,18.9,58,0.0,13.5
Belagavi,15.8521,74.5045,2026-02-06 06:00:00,40.4,39.7,346.0,7.1,12.1,91.0,18.2,62,0.0,12.9
Belagavi,15.8521,74.5045,2026-02-06 07:00:00,41.3,40.6,358.0,8.8,13.3,83.0,18.1,64,0.0,11.2
Belagavi,15.8521,74.5045,2026-02-06 08:00:00,39.9,39.3,359.0,9.4,13.7,84.0,20.4,57,0.0,12.5
Belagavi,15.8521,74.5045,2026-02-06 09:00:00,35.6,34.8,341.0,7.5,12.5,101.0,22.9,48,0.0,15.4
Belagavi,15.8521,74.5045,2026-02-06 10:00:00,37.0,36.1,313.0,4.4,10.4,128.0,25.1,42,0.0,18.3
Belagavi,15.8521,74.5045,2026-02-06 11:00:00,41.7,40.6,292.0,2.1,8.6,148.0,26.4,37,0.0,18.5
Belagavi,15.8521,74.5045,2026-02-06 12:00:00,43.0,41.9,287.0,1.4,7.6,157.0,27.5,34,0.0,18.7
Belagavi,15.8521,74.5045,2026-02-06 13:00:00,42.7,41.7,289.0,1.4,6.9,160.0,28.4,32,0.0,16.2
Belagavi,15.8521,74.5045,2026-02-06 14:00:00,42.1,41.2,294.0,1.7,6.5,161.0,29.1,31,0.0,14.9
Belagavi,15.8521,74.5045,2026-02-06 15:00:00,41.9,41.0,299.0,1.7,6.3,163.0,29.3,30,0.0,15.0
Belagavi,15.8521,74.5045,2026-02-06 16:00:00,41.8,40.9,306.0,2.0,6.4,163.0,28.9,30,0.0,12.8
Belagavi,15.8521,74.5045,2026-02-06 17:00:00,41.9,41.2,319.0,3.8,6.5,156.0,28.0,31,0.0,13.6
Belagavi,15.8521,74.5045,2026-02-06 18:00:00,44.4,43.8,343.0,8.2,7.0,141.0,25.6,36,0.0,8.5
Belagavi,15.8521,74.5045,2026-02-06 19:00:00,46.0,45.4,374.0,14.1,7.7,120.0,23.8,39,0.0,10.1
Belagavi,15.8521,74.5045,2026-02-06 20:00:00,46.4,46.0,397.0,17.9,8.2,105.0,23.2,41,0.0,12.9
Belagavi,15.8521,74.5045,2026-02-06 21:00:00,45.3,44.8,410.0,17.6,8.5,100.0,22.9,42,0.0,13.5
Belagavi,15.8521,74.5045,2026-02-06 22:00:00,43.2,42.7,417.0,15.2,8.6,99.0,22.2,44,0.0,12.2
Belagavi,15.8521,74.5045,2026-02-06 23:00:00,41.1,40.5,413.0,12.8,8.6,100.0,21.5,47,0.0,12.0
Belagavi,15.8521,74.5045,2026-02-07 00:00:00,39.1,38.5,388.0,10.9,8.5,101.0,20.9,48,0.0,11.5
Belagavi,15.8521,74.5045,2026-02-07 01:00:00,38.0,37.4,353.0,9.0,8.3,103.0,20.7,47,0.0,11.4
Belagavi,15.8521,74.5045,2026-02-07 02:00:00,37.3,36.6,337.0,7.5,8.2,103.0,20.2,48,0.0,11.1
Belagavi,15.8521,74.5045,2026-02-07 03:00:00,36.9,36.1,359.0,6.5,8.4,101.0,19.3,51,0.0,11.0
Belagavi,15.8521,74.5045,2026-02-07 04:00:00,36.4,35.7,401.0,6.1,8.8,97.0,18.6,54,0.0,10.5
Belagavi,15.8521,74.5045,2026-02-07 05:00:00,36.9,36.3,438.0,6.8,9.8,95.0,18.6,56,0.0,9.7
Belagavi,15.8521,74.5045,2026-02-07 06:00:00,36.4,35.9,470.0,8.7,10.3,89.0,17.9,59,0.0,9.4
Belagavi,15.8521,74.5045,2026-02-07 07:00:00,38.4,37.8,499.0,11.1,10.9,81.0,17.6,61,0.0,10.9
Belagavi,15.8521,74.5045,2026-02-07 08:00:00,37.1,36.7,499.0,11.9,11.2,82.0,20.4,54,0.0,9.9
Belagavi,15.8521,74.5045,2026-02-07 09:00:00,34.0,33.3,448.0,9.5,10.8,98.0,23.2,46,0.0,12.3
Belagavi,15.8521,74.5045,2026-02-07 10:00:00,30.5,29.7,370.0,5.6,10.0,122.0,25.4,38,0.0,14.2
Belagavi,15.8521,74.5045,2026-02-07 11:00:00,28.9,28.2,312.0,2.6,9.1,141.0,26.5,34,0.0,13.8
Belagavi,15.8521,74.5045,2026-02-07 12:00:00,28.9,28.3,296.0,1.6,8.3,151.0,27.8,30,0.0,12.2
Belagavi,15.8521,74.5045,2026-02-07 13:00:00,29.0,28.3,299.0,1.6,7.4,157.0,28.8,28,0.0,11.6
Belagavi,15.8521,74.5045,2026-02-07 14:00:00,29.1,28.3,305.0,1.9,6.7,160.0,29.5,26,0.0,10.3
Belagavi,15.8521,74.5045,2026-02-07 15:00:00,29.3,28.5,299.0,1.5,6.3,164.0,29.7,25,0.0,8.4
Belagavi,15.8521,74.5045,2026-02-07 16:00:00,29.5,28.6,295.0,1.4,6.1,166.0,29.3,25,0.0,7.3
Belagavi,15.8521,74.5045,2026-02-07 17:00:00,29.7,28.8,314.0,3.6,6.2,159.0,28.4,27,0.0,9.1
Belagavi,15.8521,74.5045,2026-02-07 18:00:00,33.3,32.6,382.0,10.6,6.7,139.0,25.7,32,0.0,5.4
Belagavi,15.8521,74.5045,2026-02-07 19:00:00,37.3,36.6,472.0,20.1,7.5,110.0,23.3,39,0.0,4.5
Belagavi,15.8521,74.5045,2026-02-07 20:00:00,40.3,39.6,527.0,26.7,8.0,88.0,22.7,40,0.0,8.4
Belagavi,15.8521,74.5045,2026-02-07 21:00:00,41.8,41.2,514.0,27.9,8.1,77.0,22.3,39,0.0,9.3
Belagavi,15.8521,74.5045,2026-02-07 22:00:00,41.6,41.0,466.0,26.2,8.0,72.0,22.1,38,0.0,9.6
Belagavi,15.8521,74.5045,2026-02-07 23:00:00,40.0,39.6,422.0,23.8,7.9,70.0,21.0,42,0.0,12.0
Belagavi,15.8521,74.5045,2026-02-08 00:00:00,38.1,37.6,391.0,21.0,7.7,72.0,20.4,47,0.0,11.8
Belagavi,15.8521,74.5045,2026-02-08 01:00:00,37.0,36.6,364.0,17.6,7.4,78.0,19.9,50,0.0,10.3
Belagavi,15.8521,74.5045,2026-02-08 02:00:00,36.8,36.3,352.0,14.5,7.5,84.0,18.9,53,0.0,6.7
Belagavi,15.8521,74.5045,2026-02-08 03:00:00,37.4,36.8,363.0,12.0,8.2,91.0,18.2,56,0.0,6.2
Belagavi,15.8521,74.5045,2026-02-08 04:00:00,38.4,37.7,388.0,9.9,9.3,100.0,18.0,56,0.0,6.5
Belagavi,15.8521,74.5045,2026-02-08 05:00:00,37.8,37.3,413.0,8.3,9.9,107.0,18.4,55,0.0,6.3
Belagavi,15.8521,74.5045,2026-02-08 06:00:00,40.4,39.7,438.0,10.3,10.6,105.0,17.6,57,0.0,7.1
Belagavi,15.8521,74.5045,2026-02-08 07:00:00,44.7,44.0,463.0,12.9,11.6,104.0,17.8,57,0.0,12.4
Belagavi,15.8521,74.5045,2026-02-08 08:00:00,42.3,41.8,466.0,13.7,12.4,108.0,20.8,50,0.0,11.1
Belagavi,15.8521,74.5045,2026-02-08 09:00:00,43.8,43.2,430.0,10.7,13.0,124.0,24.2,38,0.0,11.4
Belagavi,15.8521,74.5045,2026-02-08 10:00:00,43.1,42.5,373.0,5.9,13.3,146.0,26.4,31,0.0,13.5
Belagavi,15.8521,74.5045,2026-02-08 11:00:00,36.3,35.4,329.0,2.3,13.1,163.0,27.5,28,0.0,13.9
Belagavi,15.8521,74.5045,2026-02-08 12:00:00,33.4,32.1,313.0,1.2,11.9,169.0,28.7,25,0.0,12.8
Belagavi,15.8521,74.5045,2026-02-08 13:00:00,31.7,30.3,310.0,1.4,10.0,169.0,29.6,22,0.0,11.5
Belagavi,15.8521,74.5045,2026-02-08 14:00:00,31.1,29.6,310.0,1.8,8.6,168.0,30.1,20,0.0,9.4
Belagavi,15.8521,74.5045,2026-02-08 15:00:00,30.9,29.3,301.0,1.5,7.8,169.0,30.2,20,0.0,7.3
Belagavi,15.8521,74.5045,2026-02-08 16:00:00,30.9,29.3,296.0,1.5,7.4,169.0,29.9,21,0.0,6.7
Belagavi,15.8521,74.5045,2026-02-08 17:00:00,36.7,35.6,317.0,4.1,8.5,168.0,29.3,22,0.0,9.2
Belagavi,15.8521,74.5045,2026-02-08 18:00:00,41.3,40.5,394.0,10.9,9.0,147.0,25.8,28,0.0,5.1
Belagavi,15.8521,74.5045,2026-02-08 19:00:00,45.6,44.9,497.0,20.2,9.6,117.0,23.7,30,0.0,5.1
Belagavi,15.8521,74.5045,2026-02-08 20:00:00,48.8,48.1,569.0,26.7,10.3,95.0,23.5,32,0.0,10.1
Belagavi,15.8521,74.5045,2026-02-08 21:00:00,51.0,50.4,580.0,27.6,11.0,89.0,23.0,35,0.0,11.4
Belagavi,15.8521,74.5045,2026-02-08 22:00:00,52.2,51.6,559.0,25.8,11.7,90.0,21.4,40,0.0,8.2
Belagavi,15.8521,74.5045,2026-02-08 23:00:00,52.2,51.7,530.0,24.0,12.1,90.0,21.3,43,0.0,10.0
Belagavi,15.8521,74.5045,2026-02-09 00:00:00,51.9,51.5,492.0,23.3,11.9,85.0,20.3,46,0.0,8.2
Belagavi,15.8521,74.5045,2026-02-09 01:00:00,52.5,52.0,446.0,22.7,11.3,79.0,18.9,51,0.0,6.1
Belagavi,15.8521,74.5045,2026-02-09 02:00:00,54.1,53.7,415.0,22.0,10.9,73.0,18.7,50,0.0,6.3
Belagavi,15.8521,74.5045,2026-02-09 03:00:00,54.7,54.2,413.0,20.8,10.7,68.0,18.9,49,0.0,3.8
Belagavi,15.8521,74.5045,2026-02-09 04:00:00,54.7,54.4,427.0,19.5,10.6,63.0,18.6,49,0.0,3.1
Belagavi,15.8521,74.5045,2026-02-09 05:00:00,61.5,61.0,439.0,22.6,11.7,58.0,17.8,53,0.0,5.5
Belagavi,15.8521,74.5045,2026-02-09 06:00:00,60.5,60.1,450.0,24.4,12.1,62.0,17.6,53,0.0,4.5
Belagavi,15.8521,74.5045,2026-02-09 07:00:00,63.1,62.9,460.0,26.6,12.6,68.0,18.2,54,0.0,5.6
Belagavi,15.8521,74.5045,2026-02-09 08:00:00,58.4,58.1,453.0,25.9,12.9,81.0,22.1,41,0.0,7.1
Belagavi,15.8521,74.5045,2026-02-09 09:00:00,40.7,40.0,414.0,19.3,13.0,108.0,24.7,35,0.0,8.7
Belagavi,15.8521,74.5045,2026-02-09 10:00:00,36.8,35.9,357.0,9.7,12.8,143.0,26.6,31,0.0,10.1
Belagavi,15.8521,74.5045,2026-02-09 11:00:00,35.7,34.9,315.0,2.6,12.5,169.0,27.9,28,0.0,7.7
Belagavi,15.8521,74.5045,2026-02-09 12:00:00,35.9,35.2,302.0,0.6,11.8,181.0,29.2,26,0.0,4.5
Belagavi,15.8521,74.5045,2026-02-09 13:00:00,36.3,35.6,303.0,1.1,10.9,184.0,29.9,24,0.0,4.2
Belagavi,15.8521,74.5045,2026-02-09 14:00:00,36.8,36.2,305.0,1.9,10.2,186.0,30.3,23,0.0,3.7
Belagavi,15.8521,74.5045,2026-02-09 15:00:00,37.4,36.8,302.0,1.5,9.9,190.0,30.3,22,0.0,1.1
Belagavi,15.8521,74.5045,2026-02-09 16:00:00,38.5,38.0,300.0,1.3,9.7,192.0,30.3,22,0.0,5.4
Belagavi,15.8521,74.5045,2026-02-09 17:00:00,52.6,51.6,307.0,3.6,9.9,188.0,29.8,22,0.0,5.2
Belagavi,15.8521,74.5045,2026-02-09 18:00:00,60.8,59.8,325.0,10.7,10.5,162.0,26.3,30,0.0,7.1
Belagavi,15.8521,74.5045,2026-02-09 19:00:00,68.0,67.1,351.0,20.3,11.4,125.0,22.8,60,0.0,16.8
Belagavi,15.8521,74.5045,2026-02-09 20:00:00,70.8,69.8,382.0,26.7,12.0,97.0,21.8,66,0.0,9.5
Belagavi,15.8521,74.5045,2026-02-09 21:00:00,73.3,72.4,425.0,26.9,12.0,85.0,20.9,71,0.0,12.5
Belagavi,15.8521,74.5045,2026-02-09 22:00:00,76.4,75.4,472.0,23.9,11.7,82.0,20.6,70,0.0,10.2
Belagavi,15.8521,74.5045,2026-02-09 23:00:00,78.7,77.5,496.0,20.9,11.5,81.0,19.3,78,0.0,5.0
Belagavi,15.8521,74.5045,2026-02-10 00:00:00,80.1,78.9,475.0,18.9,11.3,82.0,18.6,83,0.0,4.8
Belagavi,15.8521,74.5045,2026-02-10 01:00:00,82.0,80.6,430.0,16.9,11.1,85.0,17.8,88,0.0,4.0
Belagavi,15.8521,74.5045,2026-02-10 02:00:00,84.3,82.7,398.0,15.6,11.2,87.0,18.1,85,0.0,7.0
Belagavi,15.8521,74.5045,2026-02-10 03:00:00,86.1,84.5,394.0,15.1,11.7,86.0,18.2,79,0.0,8.4
Belagavi,15.8521,74.5045,2026-02-10 04:00:00,86.8,85.4,403.0,15.4,12.4,85.0,17.9,77,0.0,7.9
Belagavi,15.8521,74.5045,2026-02-10 05:00:00,88.7,87.5,415.0,20.9,14.6,78.0,17.7,75,0.0,7.0
Belagavi,15.8521,74.5045,2026-02-10 06:00:00,87.5,86.4,435.0,24.0,15.0,82.0,17.4,70,0.0,6.0
Belagavi,15.8521,74.5045,2026-02-10 07:00:00,88.9,88.0,458.0,28.0,15.6,88.0,18.4,60,0.0,5.8
Belagavi,15.8521,74.5045,2026-02-10 08:00:00,88.5,87.8,459.0,28.3,15.6,100.0,22.5,44,0.0,7.3
Belagavi,15.8521,74.5045,2026-02-10 09:00:00,43.3,42.1,418.0,21.2,14.6,124.0,25.5,34,0.0,9.2
Belagavi,15.8521,74.5045,2026-02-10 10:00:00,34.9,33.8,356.0,10.5,13.1,154.0,26.9,31,0.0,10.7
Belagavi,15.8521,74.5045,2026-02-10 11:00:00,33.8,32.5,308.0,2.5,11.6,177.0,28.0,29,0.0,9.6
Belagavi,15.8521,74.5045,2026-02-10 12:00:00,34.8,33.5,293.0,0.3,10.3,185.0,29.2,26,0.0,8.1
Belagavi,15.8521,74.5045,2026-02-10 13:00:00,34.5,33.2,292.0,0.9,9.1,185.0,30.1,23,0.0,7.6
Belagavi,15.8521,74.5045,2026-02-10 14:00:00,33.2,32.0,291.0,1.8,8.2,184.0,30.6,21,0.0,7.9
Belagavi,15.8521,74.5045,2026-02-10 15:00:00,32.5,31.3,275.0,1.5,7.6,185.0,30.7,19,0.0,8.8
Belagavi,15.8521,74.5045,2026-02-10 16:00:00,32.2,31.1,259.0,1.4,7.2,185.0,30.3,18,0.0,9.8
Belagavi,15.8521,74.5045,2026-02-10 17:00:00,29.9,28.9,269.0,3.5,6.5,174.0,29.1,17,0.0,9.9
Belagavi,15.8521,74.5045,2026-02-10 18:00:00,32.0,31.1,323.0,9.0,7.0,153.0,26.0,22,0.0,7.1
Belagavi,15.8521,74.5045,2026-02-10 19:00:00,34.7,34.0,402.0,16.6,7.8,124.0,25.4,23,0.0,11.4
Belagavi,15.8521,74.5045,2026-02-10 20:00:00,37.5,36.7,483.0,22.0,8.4,102.0,25.1,24,0.0,10.3
Belagavi,15.8521,74.5045,2026-02-10 21:00:00,39.9,39.0,573.0,23.1,8.8,93.0,22.5,33,0.0,5.5
Belagavi,15.8521,74.5045,2026-02-10 22:00:00,41.0,40.0,663.0,21.9,9.1,91.0,21.5,36,0.0,3.6
Belagavi,15.8521,74.5045,2026-02-10 23:00:00,40.4,39.3,703.0,20.3,9.0,89.0,20.7,42,0.0,6.8
Belagavi,15.8521,74.5045,2026-02-11 00:00:00,38.2,37.0,655.0,18.6,8.0,83.0,20.7,44,0.0,9.3
Belagavi,15.8521,74.5045,2026-02-11 01:00:00,35.5,34.2,556.0,16.5,6.6,78.0,20.1,45,0.0,9.9
Belagavi,15.8521,74.5045,2026-02-11 02:00:00,32.6,31.3,469.0,14.5,5.7,76.0,19.5,46,0.0,8.5
Belagavi,15.8521,74.5045,2026-02-11 03:00:00,30.5,29.0,411.0,12.4,5.7,81.0,18.6,49,0.0,7.4
Belagavi,15.8521,74.5045,2026-02-11 04:00:00,29.5,27.8,364.0,10.4,6.1,90.0,18.4,50,0.0,9.5
Belagavi,15.8521,74.5045,2026-02-11 05:00:00,30.9,29.2,336.0,11.5,7.0,88.0,18.3,51,0.0,11.4
Belagavi,15.8521,74.5045,2026-02-11 06:00:00,29.9,28.3,342.0,11.7,7.5,86.0,17.8,52,0.0,10.5
Belagavi,15.8521,74.5045,2026-02-11 07:00:00,30.2,28.9,366.0,11.9,8.2,85.0,17.7,53,0.0,12.2
Belagavi,15.8521,74.5045,2026-02-11 08:00:00,31.0,30.0,374.0,11.2,8.8,91.0,20.3,49,0.0,12.0
Belagavi,15.8521,74.5045,2026-02-11 09:00:00,33.2,31.9,344.0,8.6,9.2,111.0,22.9,44,0.0,14.1
Belagavi,15.8521,74.5045,2026-02-11 10:00:00,35.6,34.0,298.0,5.1,9.4,138.0,25.5,36,0.0,16.1
Belagavi,15.8521,74.5045,2026-02-11 11:00:00,32.9,31.4,262.0,2.5,9.2,158.0,26.9,32,0.0,16.4
Belagavi,15.8521,74.5045,2026-02-11 12:00:00,30.2,28.7,247.0,1.6,8.2,166.0,28.4,27,0.0,16.5
Belagavi,15.8521,74.5045,2026-02-11 13:00:00,27.5,26.1,243.0,1.5,6.7,168.0,29.2,24,0.0,16.8
Belagavi,15.8521,74.5045,2026-02-11 14:00:00,24.7,23.2,240.0,1.7,5.6,167.0,30.0,23,0.0,16.5
Belagavi,15.8521,74.5045,2026-02-11 15:00:00,22.9,21.3,233.0,1.6,5.0,166.0,30.4,20,0.0,15.6
Belagavi,15.8521,74.5045,2026-02-11 16:00:00,21.9,20.4,229.0,1.8,4.8,163.0,30.0,19,0.0,15.2
Belagavi,15.8521,74.5045,2026-02-11 17:00:00,20.7,20.3,233.0,3.4,5.2,160.0,28.7,20,0.0,15.5
Belagavi,15.8521,74.5045,2026-02-11 18:00:00,20.4,20.2,253.0,7.6,5.6,144.0,26.4,23,0.0,11.7
Belagavi,15.8521,74.5045,2026-02-11 19:00:00,21.4,21.2,283.0,13.2,6.3,123.0,24.5,27,0.0,13.9
Belagavi,15.8521,74.5045,2026-02-11 20:00:00,21.7,21.5,310.0,16.7,6.7,107.0,23.7,30,0.0,14.7
Belagavi,15.8521,74.5045,2026-02-11 21:00:00,20.4,20.3,333.0,16.0,6.8,102.0,22.9,31,0.0,13.0
Belagavi,15.8521,74.5045,2026-02-11 22:00:00,19.0,18.8,353.0,13.2,6.7,104.0,21.9,34,0.0,12.8
Belagavi,15.8521,74.5045,2026-02-11 23:00:00,18.0,17.8,360.0,10.5,6.6,106.0,20.8,39,0.0,12.1
Belagavi,15.8521,74.5045,2026-02-12 00:00:00,18.1,17.8,340.0,8.6,6.5,109.0,20.2,42,0.0,10.1
Belagavi,15.8521,74.5045,2026-02-12 01:00:00,19.3,18.7,307.0,6.9,6.3,113.0,19.8,45,0.0,11.6
Belagavi,15.8521,74.5045,2026-02-12 02:00:00,20.9,20.2,287.0,5.7,6.3,114.0,18.9,49,0.0,12.7
Belagavi,15.8521,74.5045,2026-02-12 03:00:00,22.6,21.9,297.0,5.4,6.6,108.0,18.3,55,0.0,13.7
Belagavi,15.8521,74.5045,2026-02-12 04:00:00,24.6,23.7,321.0,5.6,7.1,99.0,17.8,61,0.0,13.6
Belagavi,15.8521,74.5045,2026-02-12 05:00:00,25.7,24.8,337.0,6.7,7.4,88.0,17.5,65,0.0,13.5
Belagavi,15.8521,74.5045,2026-02-12 06:00:00,27.1,26.1,337.0,7.6,8.2,84.0,17.2,66,0.0,13.7
Belagavi,15.8521,74.5045,2026-02-12 07:00:00,28.9,27.7,329.0,8.8,9.2,80.0,17.2,65,0.0,13.8
Belagavi,15.8521,74.5045,2026-02-12 08:00:00,29.5,28.1,317.0,8.9,9.8,83.0,19.6,51,0.0,13.5
Belagavi,15.8521,74.5045,2026-02-12 09:00:00,30.3,28.2,302.0,7.1,9.4,101.0,22.3,39,0.0,16.2
Belagavi,15.8521,74.5045,2026-02-12 10:00:00,32.2,30.0,284.0,4.2,8.6,127.0,24.7,31,0.0,19.4
Belagavi,15.8521,74.5045,2026-02-12 11:00:00,27.2,25.2,265.0,2.1,7.7,146.0,26.2,24,0.0,20.2
Belagavi,15.8521,74.5045,2026-02-12 12:00:00,23.1,21.4,242.0,1.4,6.9,151.0,27.7,17,0.0,19.6
Belagavi,15.8521,74.5045,2026-02-12 13:00:00,21.0,19.4,218.0,1.4,6.0,149.0,28.7,15,0.0,19.3
Belagavi,15.8521,74.5045,2026-02-12 14:00:00,19.6,18.1,202.0,1.6,5.4,147.0,29.3,15,0.0,17.8
Belagavi,15.8521,74.5045,2026-02-12 15:00:00,18.6,17.2,195.0,1.5,5.0,148.0,29.3,16,0.0,15.8
Belagavi,15.8521,74.5045,2026-02-12 16:00:00,17.8,16.5,197.0,1.6,4.8,147.0,28.9,17,0.0,13.2
Belagavi,15.8521,74.5045,2026-02-12 17:00:00,15.6,15.0,215.0,3.1,4.8,143.0,27.8,17,0.0,12.6
Belagavi,15.8521,74.5045,2026-02-12 18:00:00,17.1,16.7,263.0,8.2,5.2,127.0,25.4,20,0.0,9.6
Belagavi,15.8521,74.5045,2026-02-12 19:00:00,19.7,19.3,327.0,15.2,5.7,105.0,23.6,22,0.0,10.6
Belagavi,15.8521,74.5045,2026-02-12 20:00:00,21.2,20.8,374.0,19.8,6.0,88.0,22.3,25,0.0,10.5
Belagavi,15.8521,74.5045,2026-02-12 21:00:00,21.5,21.2,391.0,20.1,5.9,81.0,21.4,29,0.0,11.2
Belagavi,15.8521,74.5045,2026-02-12 22:00:00,21.2,20.8,391.0,18.0,5.6,79.0,20.9,32,0.0,10.3
Belagavi,15.8521,74.5045,2026-02-12 23:00:00,20.3,20.0,382.0,15.6,5.4,80.0,20.3,37,0.0,11.3
Belagavi,15.8521,74.5045,2026-02-13 00:00:00,19.3,18.8,362.0,13.2,5.4,83.0,19.9,41,0.0,10.6
Belagavi,15.8521,74.5045,2026-02-13 01:00:00,18.7,18.2,333.0,10.5,5.4,88.0,19.4,43,0.0,9.4
Belagavi,15.8521,74.5045,2026-02-13 02:00:00,18.7,18.0,310.0,8.4,5.7,93.0,19.1,42,0.0,9.5
Belagavi,15.8521,74.5045,2026-02-13 03:00:00,19.1,18.3,297.0,7.1,6.2,96.0,18.4,45,0.0,9.4
Belagavi,15.8521,74.5045,2026-02-13 04:00:00,19.7,18.9,291.0,6.3,6.8,98.0,17.5,48,0.0,7.1
Belagavi,15.8521,74.5045,2026-02-13 05:00:00,21.3,20.3,294.0,6.9,9.2,97.0,17.4,49,0.0,8.3
Belagavi,15.8521,74.5045,2026-02-13 06:00:00,22.4,21.5,318.0,7.9,10.3,95.0,17.6,50,0.0,10.4
Belagavi,15.8521,74.5045,2026-02-13 07:00:00,24.3,23.6,352.0,9.3,11.7,93.0,17.4,52,0.0,11.2
Belagavi,15.8521,74.5045,2026-02-13 08:00:00,24.9,24.3,361.0,9.5,12.3,96.0,20.0,47,0.0,10.8
Belagavi,15.8521,74.5045,2026-02-13 09:00:00,23.3,22.5,322.0,7.6,11.4,110.0,23.0,40,0.0,11.8
Belagavi,15.8521,74.5045,2026-02-13 10:00:00,21.4,20.5,258.0,4.5,9.6,130.0,26.0,31,0.0,14.3
Belagavi,15.8521,74.5045,2026-02-13 11:00:00,18.5,17.8,211.0,2.2,8.1,145.0,27.8,23,0.0,16.2
Belagavi,15.8521,74.5045,2026-02-13 12:00:00,16.6,15.8,198.0,1.4,7.2,152.0,29.0,19,0.0,15.3
Belagavi,15.8521,74.5045,2026-02-13 13:00:00,17.5,16.5,202.0,1.4,6.5,155.0,29.8,17,0.0,14.2
Belagavi,15.8521,74.5045,2026-02-13 14:00:00,18.7,17.5,208.0,1.6,6.0,157.0,30.2,17,0.0,13.1
Belagavi,15.8521,74.5045,2026-02-13 15:00:00,19.5,18.1,205.0,1.5,5.7,160.0,30.2,17,0.0,12.1
Belagavi,15.8521,74.5045,2026-02-13 16:00:00,20.1,18.7,205.0,1.6,5.6,162.0,29.8,16,0.0,11.7
Belagavi,15.8521,74.5045,2026-02-13 17:00:00,17.9,16.9,223.0,3.2,5.7,168.0,28.8,15,0.0,12.1
Belagavi,15.8521,74.5045,2026-02-13 18:00:00,20.9,20.1,283.0,8.9,6.3,149.0,25.9,19,0.0,7.6
Belagavi,15.8521,74.5045,2026-02-13 19:00:00,24.5,23.8,362.0,16.7,7.0,123.0,24.1,22,0.0,8.9
Belagavi,15.8521,74.5045,2026-02-13 20:00:00,27.0,26.3,407.0,22.2,7.5,102.0,22.6,25,0.0,9.8
Belagavi,15.8521,74.5045,2026-02-13 21:00:00,27.6,27.1,388.0,23.3,7.4,90.0,21.5,27,0.0,11.5
Belagavi,15.8521,74.5045,2026-02-13 22:00:00,27.1,26.7,335.0,22.2,7.0,82.0,21.5,25,0.0,13.9
Belagavi,15.8521,74.5045,2026-02-13 23:00:00,26.1,25.7,291.0,20.7,6.5,77.0,21.5,29,0.0,13.6
Belagavi,15.8521,74.5045,2026-02-14 00:00:00,24.0,23.7,269.0,19.3,5.9,74.0,20.9,33,0.0,11.5
Belagavi,15.8521,74.5045,2026-02-14 01:00:00,22.4,22.1,257.0,17.5,5.3,74.0,20.5,34,0.0,11.1
Belagavi,15.8521,74.5045,2026-02-14 02:00:00,21.2,20.9,253.0,15.8,4.9,75.0,20.1,36,0.0,11.2
Belagavi,15.8521,74.5045,2026-02-14 03:00:00,20.3,20.0,262.0,14.0,4.9,78.0,19.5,39,0.0,10.6
Belagavi,15.8521,74.5045,2026-02-14 04:00:00,19.8,19.6,280.0,12.3,5.1,82.0,19.0,42,0.0,10.0
Belagavi,15.8521,74.5045,2026-02-14 05:00:00,20.7,20.3,299.0,10.4,6.4,90.0,18.9,44,0.0,11.8
Belagavi,15.8521,74.5045,2026-02-14 06:00:00,21.4,21.0,324.0,10.7,8.0,91.0,18.3,47,0.0,11.5
Belagavi,15.8521,74.5045,2026-02-14 07:00:00,23.0,22.6,349.0,11.1,10.2,93.0,17.9,49,0.0,12.1
Belagavi,15.8521,74.5045,2026-02-14 08:00:00,23.1,22.6,354.0,10.5,11.5,99.0,20.5,45,0.0,11.4
Belagavi,15.8521,74.5045,2026-02-14 09:00:00,23.5,22.6,319.0,8.1,11.0,113.0,23.5,37,0.0,12.7
Belagavi,15.8521,74.5045,2026-02-14 10:00:00,24.0,23.1,263.0,4.8,9.6,131.0,26.3,29,0.0,15.2
Belagavi,15.8521,74.5045,2026-02-14 11:00:00,21.4,20.5,221.0,2.3,8.3,146.0,27.8,24,0.0,15.0
Belagavi,15.8521,74.5045,2026-02-14 12:00:00,18.9,18.3,208.0,1.4,7.4,154.0,29.0,22,0.0,13.1
Belagavi,15.8521,74.5045,2026-02-14 13:00:00,18.5,17.9,208.0,1.4,6.7,157.0,29.9,20,0.0,11.2
Belagavi,15.8521,74.5045,2026-02-14 14:00:00,18.7,18.2,211.0,1.6,6.2,160.0,30.3,19,0.0,9.5
Belagavi,15.8521,74.5045,2026-02-14 15:00:00,19.0,18.5,204.0,1.2,5.9,164.0,30.3,19,0.0,8.1
Belagavi,15.8521,74.5045,2026-02-14 16:00:00,19.5,19.0,199.0,1.1,5.9,167.0,29.8,18,0.0,6.9
Belagavi,15.8521,74.5045,2026-02-14 17:00:00,14.5,14.3,223.0,3.2,6.0,174.0,29.2,18,0.0,8.2
Belagavi,15.8521,74.5045,2026-02-14 18:00:00,18.2,18.0,308.0,10.2,6.7,152.0,25.9,23,0.0,5.7
Belagavi,15.8521,74.5045,2026-02-14 19:00:00,24.0,23.7,421.0,19.7,7.7,122.0,24.5,24,0.0,6.5
Belagavi,15.8521,74.5045,2026-02-14 20:00:00,28.5,28.2,492.0,26.4,8.5,99.0,23.7,27,0.0,6.9
Belagavi,15.8521,74.5045,2026-02-14 21:00:00,31.5,31.3,483.0,27.4,8.9,90.0,22.8,31,0.0,8.4
Belagavi,15.8521,74.5045,2026-02-14 22:00:00,32.9,32.7,431.0,25.6,9.2,89.0,21.9,35,0.0,8.9
Belagavi,15.8521,74.5045,2026-02-14 23:00:00,32.6,32.4,385.0,23.5,9.1,87.0,21.6,38,0.0,11.2
Belagavi,15.8521,74.5045,2026-02-15 00:00:00,31.0,30.7,359.0,21.8,8.5,83.0,21.4,39,0.0,10.6
Belagavi,15.8521,74.5045,2026-02-15 01:00:00,29.7,29.5,337.0,19.9,7.6,79.0,21.0,40,0.0,9.7
Belagavi,15.8521,74.5045,2026-02-15 02:00:00,29.3,28.9,323.0,18.4,7.0,76.0,20.7,40,0.0,9.2
Belagavi,15.8521,74.5045,2026-02-15 03:00:00,29.7,29.4,317.0,17.2,7.0,75.0,20.7,39,0.0,9.8
Belagavi,15.8521,74.5045,2026-02-15 04:00:00,30.6,30.3,318.0,16.3,7.4,75.0,20.6,39,0.0,9.5
Belagavi,15.8521,74.5045,2026-02-15 05:00:00,29.0,28.5,325.0,13.1,7.0,88.0,20.7,38,0.0,8.6
Belagavi,15.8521,74.5045,2026-02-15 06:00:00,29.6,29.0,344.0,15.4,8.1,94.0,18.9,43,0.0,7.2
Belagavi,15.8521,74.5045,2026-02-15 07:00:00,31.9,31.3,368.0,18.3,9.7,104.0,19.0,48,0.0,6.0
Belagavi,15.8521,74.5045,2026-02-15 08:00:00,32.8,32.2,377.0,18.7,10.8,117.0,23.5,35,0.0,8.3
Belagavi,15.8521,74.5045,2026-02-15 09:00:00,27.9,27.3,355.0,14.1,11.0,137.0,26.5,28,0.0,10.5
Belagavi,15.8521,74.5045,2026-02-15 10:00:00,32.0,30.9,317.0,7.1,10.6,160.0,28.2,24,0.0,10.8
Belagavi,15.8521,74.5045,2026-02-15 11:00:00,32.2,31.0,290.0,1.9,10.3,178.0,28.6,24,0.0,12.0
Belagavi,15.8521,74.5045,2026-02-15 12:00:00,32.8,31.4,285.0,0.6,10.0,186.0,29.6,22,0.0,10.0
Belagavi,15.8521,74.5045,2026-02-15 13:00:00,33.4,32.1,291.0,1.1,9.7,189.0,30.3,21,0.0,7.7
Belagavi,15.8521,74.5045,2026-02-15 14:00:00,34.0,32.7,294.0,1.8,9.5,191.0,30.8,21,0.0,6.2
Belagavi,15.8521,74.5045,2026-02-15 15:00:00,34.5,33.1,284.0,1.4,9.3,195.0,30.9,20,0.0,7.3
Belagavi,15.8521,74.5045,2026-02-15 16:00:00,35.2,33.9,273.0,1.2,9.2,198.0,30.6,20,0.0,8.2
Belagavi,15.8521,74.5045,2026-02-15 17:00:00,36.9,35.9,276.0,3.6,10.0,193.0,29.5,20,0.0,9.6
Belagavi,15.8521,74.5045,2026-02-15 18:00:00,40.5,39.5,312.0,9.9,10.8,171.0,27.0,22,0.0,12.8
Belagavi,15.8521,74.5045,2026-02-15 19:00:00,45.9,44.8,364.0,18.7,11.9,141.0,25.9,24,0.0,13.4
Belagavi,15.8521,74.5045,2026-02-15 20:00:00,50.2,49.2,397.0,25.6,12.9,116.0,24.5,30,0.0,7.6
Belagavi,15.8521,74.5045,2026-02-15 21:00:00,54.9,53.9,392.0,29.2,14.0,101.0,22.5,38,0.0,3.1
Belagavi,15.8521,74.5045,2026-02-15 22:00:00,58.9,57.9,369.0,31.0,15.1,91.0,21.2,42,0.0,3.7
Belagavi,15.8521,74.5045,2026-02-15 23:00:00,60.3,59.4,352.0,31.2,15.3,83.0,21.1,43,0.0,3.8
Belagavi,15.8521,74.5045,2026-02-16 00:00:00,57.5,56.5,352.0,29.3,13.9,77.0,20.7,43,0.0,3.6
Belagavi,15.8521,74.5045,2026-02-16 01:00:00,53.4,52.4,360.0,25.8,11.7,72.0,20.1,44,0.0,4.1
Belagavi,15.8521,74.5045,2026-02-16 02:00:00,50.8,49.8,369.0,22.4,9.9,71.0,19.3,46,0.0,3.6
Belagavi,15.8521,74.5045,2026-02-16 03:00:00,49.0,48.0,380.0,19.2,9.1,73.0,19.4,47,0.0,1.9
Belagavi,15.8521,74.5045,2026-02-16 04:00:00,47.1,46.0,393.0,16.2,8.7,77.0,19.8,47,0.0,2.4
Belagavi,15.8521,74.5045,2026-02-16 05:00:00,46.3,45.1,405.0,16.2,8.7,79.0,19.4,51,0.0,6.4
Belagavi,15.8521,74.5045,2026-02-16 06:00:00,46.7,45.3,421.0,18.0,9.5,85.0,18.7,53,0.0,6.9
Belagavi,15.8521,74.5045,2026-02-16 07:00:00,50.1,48.4,437.0,20.2,10.7,94.0,19.3,53,0.0,6.7
Belagavi,15.8521,74.5045,2026-02-16 08:00:00,50.2,48.5,436.0,20.0,11.5,107.0,22.9,44,0.0,11.6
Belagavi,15.8521,74.5045,2026-02-16 09:00:00,45.8,44.0,403.0,15.0,11.7,129.0,24.8,38,0.0,12.8
Belagavi,15.8521,74.5045,2026-02-16 10:00:00,46.2,44.2,354.0,7.6,11.5,157.0,27.2,31,0.0,16.8
Belagavi,15.8521,74.5045,2026-02-16 11:00:00,48.3,46.6,316.0,2.1,11.2,177.0,28.2,29,0.0,16.9
Belagavi,15.8521,74.5045,2026-02-16 12:00:00,48.9,47.1,304.0,0.6,10.7,185.0,29.3,27,0.0,14.7
Belagavi,15.8521,74.5045,2026-02-16 13:00:00,48.8,47.1,303.0,1.1,10.0,187.0,30.2,25,0.0,13.2
Belagavi,15.8521,74.5045,2026-02-16 14:00:00,48.3,46.8,304.0,1.8,9.4,187.0,30.7,23,0.0,10.8
Belagavi,15.8521,74.5045,2026-02-16 15:00:00,47.7,46.2,296.0,1.7,8.8,188.0,30.7,22,0.0,9.5
Belagavi,15.8521,74.5045,2026-02-16 16:00:00,47.1,45.9,288.0,1.9,8.3,187.0,30.4,22,0.0,11.0
Belagavi,15.8521,74.5045,2026-02-16 17:00:00,49.6,48.3,299.0,3.6,8.6,182.0,29.8,22,0.0,9.4
Belagavi,15.8521,74.5045,2026-02-16 18:00:00,53.7,52.6,348.0,8.7,8.8,161.0,27.2,26,0.0,6.9
Belagavi,15.8521,74.5045,2026-02-16 19:00:00,57.0,56.0,416.0,15.8,9.1,133.0,26.0,29,0.0,7.4
Belagavi,15.8521,74.5045,2026-02-16 20:00:00,59.6,58.7,460.0,20.7,9.5,112.0,23.7,35,0.0,7.3
Belagavi,15.8521,74.5045,2026-02-16 21:00:00,61.7,60.5,458.0,21.4,10.0,106.0,21.9,51,0.0,8.6
Belagavi,15.8521,74.5045,2026-02-16 22:00:00,62.6,61.5,432.0,20.0,10.5,107.0,20.9,57,0.0,7.7
Belagavi,15.8521,74.5045,2026-02-16 23:00:00,63.3,62.2,413.0,18.8,10.9,106.0,20.4,60,0.0,5.9
Belagavi,15.8521,74.5045,2026-02-17 00:00:00,63.6,62.4,411.0,18.7,10.8,100.0,19.7,64,0.0,1.8
Belagavi,15.8521,74.5045,2026-02-17 01:00:00,64.3,63.1,415.0,18.8,10.6,93.0,19.8,64,0.0,0.4
Belagavi,15.8521,74.5045,2026-02-17 02:00:00,65.4,64.3,420.0,19.0,10.5,87.0,19.6,64,0.0,0.0
Belagavi,15.8521,74.5045,2026-02-17 03:00:00,68.5,67.3,425.0,19.5,10.8,81.0,19.7,60,0.0,0.6
Belagavi,15.8521,74.5045,2026-02-17 04:00:00,70.5,69.4,431.0,20.0,11.3,76.0,19.3,59,0.0,0.5
Belagavi,15.8521,74.5045,2026-02-17 05:00:00,65.4,64.5,437.0,19.3,9.7,72.0,18.9,56,0.0,3.1
Belagavi,15.8521,74.5045,2026-02-17 06:00:00,64.5,63.6,447.0,17.6,10.1,77.0,18.5,56,0.0,10.1
Belagavi,15.8521,74.5045,2026-02-17 07:00:00,60.5,59.5,458.0,15.1,10.6,85.0,18.4,55,0.0,11.7
Belagavi,15.8521,74.5045,2026-02-17 08:00:00,52.3,51.5,453.0,12.3,10.9,97.0,20.9,49,0.0,12.2
Belagavi,15.8521,74.5045,2026-02-17 09:00:00,51.3,50.3,421.0,8.7,10.6,118.0,23.3,45,0.0,13.9
Belagavi,15.8521,74.5045,2026-02-17 10:00:00,49.6,48.3,373.0,4.7,10.1,145.0,25.9,38,0.0,14.6
Belagavi,15.8521,74.5045,2026-02-17 11:00:00,45.9,44.6,335.0,1.9,9.6,165.0,27.4,33,0.0,12.3
Belagavi,15.8521,74.5045,2026-02-17 12:00:00,44.4,43.2,316.0,1.0,9.2,174.0,28.8,29,0.0,7.7
Belagavi,15.8521,74.5045,2026-02-17 13:00:00,43.8,42.6,305.0,1.2,8.7,178.0,29.7,27,0.0,4.6
Belagavi,15.8521,74.5045,2026-02-17 14:00:00,43.3,42.1,298.0,1.6,8.4,179.0,30.2,26,0.0,3.5
Belagavi,15.8521,74.5045,2026-02-17 15:00:00,42.8,41.8,289.0,1.2,8.0,181.0,30.6,25,0.0,6.0
Belagavi,15.8521,74.5045,2026-02-17 16:00:00,42.3,41.2,282.0,0.9,7.6,180.0,30.4,24,0.0,11.3
Belagavi,15.8521,74.5045,2026-02-17 17:00:00,61.5,59.8,288.0,3.3,8.5,171.0,29.2,25,0.0,9.8
Belagavi,15.8521,74.5045,2026-02-17 18:00:00,63.3,61.9,313.0,9.2,9.5,154.0,27.6,28,0.0,5.6
Belagavi,15.8521,74.5045,2026-02-17 19:00:00,67.1,65.7,350.0,17.5,10.9,129.0,25.3,34,0.0,2.4
Belagavi,15.8521,74.5045,2026-02-17 20:00:00,71.2,69.8,385.0,25.0,12.5,107.0,23.8,40,0.0,7.6
Belagavi,15.8521,74.5045,2026-02-17 21:00:00,77.1,75.7,419.0,31.6,14.8,88.0,21.9,60,0.0,8.0
Belagavi,15.8521,74.5045,2026-02-17 22:00:00,82.9,81.3,452.0,37.3,17.2,71.0,20.4,68,0.0,3.6
Belagavi,15.8521,74.5045,2026-02-17 23:00:00,85.2,83.8,467.0,39.2,17.9,60.0,20.0,70,0.0,6.5
Belagavi,15.8521,74.5045,2026-02-18 00:00:00,76.6,75.2,450.0,34.5,15.4,59.0,19.9,72,0.0,2.2
Belagavi,15.8521,74.5045,2026-02-18 01:00:00,64.0,63.1,416.0,25.9,11.3,64.0,20.3,59,0.0,5.4
Belagavi,15.8521,74.5045,2026-02-18 02:00:00,56.0,55.4,396.0,18.8,8.3,69.0,20.6,51,0.0,9.2
Belagavi,15.8521,74.5045,2026-02-18 03:00:00,51.0,50.4,409.0,15.1,7.7,72.0,19.8,51,0.0,7.6
Belagavi,15.8521,74.5045,2026-02-18 04:00:00,47.0,46.6,435.0,12.9,8.1,75.0,19.3,49,0.0,11.5
Belagavi,15.8521,74.5045,2026-02-18 05:00:00,44.1,43.8,447.0,13.5,7.5,73.0,18.9,49,0.0,12.3
Belagavi,15.8521,74.5045,2026-02-18 06:00:00,41.0,40.6,431.0,12.5,8.6,77.0,18.5,50,0.0,12.3
Belagavi,15.8521,74.5045,2026-02-18 07:00:00,39.9,39.5,401.0,11.1,10.0,84.0,18.5,53,0.0,13.4
Belagavi,15.8521,74.5045,2026-02-18 08:00:00,38.5,38.0,372.0,9.3,10.9,95.0,20.8,49,0.0,14.1
Belagavi,15.8521,74.5045,2026-02-18 09:00:00,36.8,36.0,346.0,6.8,10.9,115.0,23.4,39,0.0,15.3
Belagavi,15.8521,74.5045,2026-02-18 10:00:00,35.7,34.8,319.0,4.1,10.3,139.0,26.1,31,0.0,16.2
Belagavi,15.8521,74.5045,2026-02-18 11:00:00,34.5,33.5,300.0,2.0,9.6,157.0,27.9,28,0.0,15.3
Belagavi,15.8521,74.5045,2026-02-18 12:00:00,34.0,33.1,290.0,1.2,8.8,164.0,29.3,26,0.0,12.0
Belagavi,15.8521,74.5045,2026-02-18 13:00:00,34.3,33.5,287.0,1.2,7.9,165.0,30.1,25,0.0,9.7
Belagavi,15.8521,74.5045,2026-02-18 14:00:00,34.2,33.4,288.0,1.4,7.3,165.0,30.5,24,0.0,8.6
Belagavi,15.8521,74.5045,2026-02-18 15:00:00,33.9,33.1,291.0,1.5,7.0,166.0,30.5,24,0.0,6.8
Belagavi,15.8521,74.5045,2026-02-18 16:00:00,33.4,32.7,298.0,1.9,6.9,165.0,30.9,24,0.0,12.1
Belagavi,15.8521,74.5045,2026-02-18 17:00:00,51.2,50.1,308.0,2.9,7.3,150.0,29.6,25,0.0,2.4
Belagavi,15.8521,74.5045,2026-02-18 18:00:00,53.8,52.7,323.0,4.8,8.0,136.0,26.0,41,0.0,13.3
Belagavi,15.8521,74.5045,2026-02-18 19:00:00,55.2,54.2,341.0,7.4,8.9,117.0,23.4,57,0.0,14.8
Belagavi,15.8521,74.5045,2026-02-18 20:00:00,55.3,54.4,361.0,9.5,9.8,101.0,22.1,62,0.0,12.6
Belagavi,15.8521,74.5045,2026-02-18 21:00:00,56.3,55.2,386.0,10.6,10.5,93.0,20.8,70,0.0,3.0
Belagavi,15.8521,74.5045,2026-02-18 22:00:00,57.9,56.5,412.0,11.2,11.1,88.0,20.7,69,0.0,9.2
Belagavi,15.8521,74.5045,2026-02-18 23:00:00,59.4,57.9,425.0,12.0,11.6,84.0,20.0,74,0.0,7.4
Belagavi,15.8521,74.5045,2026-02-19 00:00:00,61.5,59.8,416.0,13.4,11.9,78.0,19.5,77,0.0,6.5
Belagavi,15.8521,74.5045,2026-02-19 01:00:00,63.1,61.5,394.0,14.9,12.1,73.0,18.9,81,0.0,4.8
Belagavi,15.8521,74.5045,2026-02-19 02:00:00,63.8,62.2,376.0,15.6,12.4,71.0,18.7,82,0.0,6.9
Belagavi,15.8521,74.5045,2026-02-19 03:00:00,63.6,61.9,369.0,14.7,12.8,73.0,18.6,82,0.0,7.8
Belagavi,15.8521,74.5045,2026-02-19 04:00:00,63.3,61.5,366.0,12.9,13.4,78.0,18.7,81,0.0,9.0
Belagavi,15.8521,74.5045,2026-02-19 05:00:00,73.1,71.2,367.0,14.9,10.4,70.0,18.3,84,0.0,8.3
Belagavi,15.8521,74.5045,2026-02-19 06:00:00,82.9,81.3,376.0,16.1,10.3,74.0,18.3,85,0.0,7.4
Belagavi,15.8521,74.5045,2026-02-19 07:00:00,87.8,86.6,388.0,17.5,10.2,80.0,18.8,82,0.0,8.7
Belagavi,15.8521,74.5045,2026-02-19 08:00:00,69.2,68.5,391.0,17.1,10.4,92.0,22.4,63,0.0,8.9
Belagavi,15.8521,74.5045,2026-02-19 09:00:00,49.0,48.1,377.0,12.9,11.3,115.0,24.7,49,0.0,13.7
Belagavi,15.8521,74.5045,2026-02-19 10:00:00,41.7,40.7,353.0,6.9,12.4,143.0,26.8,40,0.0,13.6
Belagavi,15.8521,74.5045,2026-02-19 11:00:00,38.9,38.0,329.0,2.4,12.8,164.0,28.3,35,0.0,12.9
Belagavi,15.8521,74.5045,2026-02-19 12:00:00,37.8,36.9,305.0,1.0,11.7,173.0,29.9,30,0.0,10.6
Belagavi,15.8521,74.5045,2026-02-19 13:00:00,37.6,36.7,281.0,1.3,9.8,175.0,30.7,28,0.0,9.2
Belagavi,15.8521,74.5045,2026-02-19 14:00:00,37.6,36.7,264.0,1.7,8.3,175.0,31.1,28,0.0,8.0
Belagavi,15.8521,74.5045,2026-02-19 15:00:00,37.6,36.8,258.0,1.2,7.6,176.0,31.6,26,0.0,7.9
Belagavi,15.8521,74.5045,2026-02-19 16:00:00,37.7,36.9,259.0,0.9,7.3,175.0,30.9,26,0.0,11.7
Belagavi,15.8521,74.5045,2026-02-19 17:00:00,49.6,48.5,270.0,3.4,7.9,172.0,30.4,27,0.0,11.5
Belagavi,15.8521,74.5045,2026-02-19 18:00:00,49.2,48.4,298.0,9.0,8.7,154.0,29.0,30,0.0,11.1
Belagavi,15.8521,74.5045,2026-02-19 19:00:00,50.8,49.9,335.0,16.6,9.8,129.0,26.5,36,0.0,5.4
Belagavi,15.8521,74.5045,2026-02-19 20:00:00,52.4,51.7,360.0,21.7,10.3,109.0,25.0,41,0.0,1.3
Belagavi,15.8521,74.5045,2026-02-19 21:00:00,51.7,51.0,361.0,22.2,9.7,99.0,23.4,45,0.0,5.5
Belagavi,15.8521,74.5045,2026-02-19 22:00:00,46.2,45.6,351.0,20.3,8.6,93.0,24.1,41,0.0,9.4
Belagavi,15.8521,74.5045,2026-02-19 23:00:00,40.0,39.5,345.0,18.0,7.5,90.0,22.6,47,0.0,6.1
Belagavi,15.8521,74.5045,2026-02-20 00:00:00,34.8,34.5,352.0,15.8,6.6,88.0,22.6,46,0.0,8.6
Belagavi,15.8521,74.5045,2026-02-20 01:00:00,31.7,31.4,363.0,13.3,5.7,89.0,22.3,46,0.0,10.9
Belagavi,15.8521,74.5045,2026-02-20 02:00:00,29.3,29.0,368.0,11.3,5.3,89.0,21.6,48,0.0,9.6
Belagavi,15.8521,74.5045,2026-02-20 03:00:00,27.9,27.6,362.0,10.0,5.5,88.0,21.0,50,0.0,9.4
Belagavi,15.8521,74.5045,2026-02-20 04:00:00,27.0,26.6,351.0,9.1,6.0,87.0,20.6,50,0.0,12.6
Belagavi,15.8521,74.5045,2026-02-20 05:00:00,25.5,25.1,337.0,8.6,6.7,84.0,20.2,56,0.0,13.5
Belagavi,15.8521,74.5045,2026-02-20 06:00:00,25.1,24.7,322.0,9.1,7.8,81.0,19.7,59,0.0,14.0
Belagavi,15.8521,74.5045,2026-02-20 07:00:00,25.8,25.3,304.0,9.7,9.2,77.0,20.0,61,0.0,15.1
Belagavi,15.8521,74.5045,2026-02-20 08:00:00,26.1,25.4,285.0,9.4,9.9,80.0,22.2,58,0.0,15.2
Belagavi,15.8521,74.5045,2026-02-20 09:00:00,25.4,24.6,263.0,7.3,9.1,96.0,25.0,51,0.0,16.7
Belagavi,15.8521,74.5045,2026-02-20 10:00:00,23.6,22.7,239.0,4.3,7.6,119.0,27.7,43,0.0,18.2
Belagavi,15.8521,74.5045,2026-02-20 11:00:00,21.3,20.4,222.0,2.0,6.3,137.0,29.4,37,0.0,17.4
Belagavi,15.8521,74.5045,2026-02-20 12:00:00,20.4,19.6,216.0,1.2,5.6,145.0,30.5,33,0.0,14.4
Belagavi,15.8521,74.5045,2026-02-20 13:00:00,20.2,19.6,216.0,1.2,5.2,148.0,32.0,29,0.0,9.5
Belagavi,15.8521,74.5045,2026-02-20 14:00:00,20.4,19.8,216.0,1.5,4.9,149.0,32.3,27,0.0,8.8
Belagavi,15.8521,74.5045,2026-02-20 15:00:00,20.4,19.8,211.0,1.1,4.5,151.0,32.6,25,0.0,8.9
Belagavi,15.8521,74.5045,2026-02-20 16:00:00,20.2,19.7,207.0,0.9,4.3,151.0,32.0,26,0.0,7.6
Belagavi,15.8521,74.5045,2026-02-20 17:00:00,29.5,28.7,213.0,3.3,4.9,145.0,31.5,27,0.0,10.2
Belagavi,15.8521,74.5045,2026-02-20 18:00:00,31.2,30.6,239.0,8.9,5.7,130.0,29.8,30,0.0,9.1
Belagavi,15.8521,74.5045,2026-02-20 19:00:00,35.3,34.7,275.0,16.5,6.9,108.0,26.7,37,0.0,4.7
Belagavi,15.8521,74.5045,2026-02-20 20:00:00,38.0,37.4,308.0,22.0,7.6,91.0,25.0,53,0.0,10.7
Belagavi,15.8521,74.5045,2026-02-20 21:00:00,38.6,38.2,332.0,23.4,7.7,81.0,23.8,60,0.0,5.5
Belagavi,15.8521,74.5045,2026-02-20 22:00:00,36.8,36.3,351.0,22.8,7.3,76.0,23.4,61,0.0,3.0
Belagavi,15.8521,74.5045,2026-02-20 23:00:00,32.2,31.8,366.0,21.6,6.7,71.0,24.4,39,0.0,13.3
Belagavi,15.8521,74.5045,2026-02-21 00:00:00,28.1,27.7,378.0,20.4,5.6,66.0,23.7,43,0.0,11.8
Belagavi,15.8521,74.5045,2026-02-21 01:00:00,25.3,24.9,385.0,18.6,4.3,62.0,23.2,47,0.0,12.5
Belagavi,15.8521,74.5045,2026-02-21 02:00:00,22.4,22.0,384.0,16.7,3.5,60.0,22.5,50,0.0,10.9
Belagavi,15.8521,74.5045,2026-02-21 03:00:00,19.6,19.2,370.0,14.5,3.5,60.0,21.8,55,0.0,11.4
Belagavi,15.8521,74.5045,2026-02-21 04:00:00,17.6,17.1,348.0,12.1,4.1,63.0,21.1,60,0.0,11.0
Belagavi,15.8521,74.5045,2026-02-21 05:00:00,17.3,16.8,331.0,11.0,4.2,62.0,21.0,67,0.0,12.7
Belagavi,15.8521,74.5045,2026-02-21 06:00:00,17.5,17.1,329.0,11.0,5.4,63.0,20.8,72,0.0,12.7
Belagavi,15.8521,74.5045,2026-02-21 07:00:00,19.0,18.6,333.0,11.0,7.0,65.0,20.9,74,0.0,12.9
Belagavi,15.8521,74.5045,2026-02-21 08:00:00,19.6,19.2,327.0,10.1,7.8,72.0,23.0,66,0.0,13.8
Belagavi,15.8521,74.5045,2026-02-21 09:00:00,18.6,17.9,301.0,7.6,7.2,88.0,25.6,54,0.0,15.7
Belagavi,15.8521,74.5045,2026-02-21 10:00:00,16.5,15.9,266.0,4.4,5.8,108.0,27.8,44,0.0,16.7
Belagavi,15.8521,74.5045,2026-02-21 11:00:00,15.3,14.6,239.0,2.0,4.7,124.0,29.2,36,0.0,16.8
Belagavi,15.8521,74.5045,2026-02-21 12:00:00,14.1,13.5,229.0,1.2,4.2,132.0,30.6,30,0.0,15.2
Belagavi,15.8521,74.5045,2026-02-21 13:00:00,13.4,12.9,227.0,1.3,3.9,135.0,31.5,27,0.0,14.2
Belagavi,15.8521,74.5045,2026-02-21 14:00:00,13.4,13.0,227.0,1.6,3.7,137.0,32.0,25,0.0,12.1
Belagavi,15.8521,74.5045,2026-02-21 15:00:00,13.8,13.4,221.0,1.4,3.6,141.0,32.0,25,0.0,9.7
Belagavi,15.8521,74.5045,2026-02-21 16:00:00,14.7,14.2,218.0,1.4,3.5,144.0,31.9,24,0.0,7.3
Belagavi,15.8521,74.5045,2026-02-21 17:00:00,15.2,14.9,230.0,4.7,3.3,130.0,31.3,22,0.0,4.4
Belagavi,15.8521,74.5045,2026-02-21 18:00:00,16.7,16.5,277.0,10.2,4.2,115.0,29.2,28,0.0,3.0
Belagavi,15.8521,74.5045,2026-02-21 19:00:00,20.3,20.0,341.0,17.8,5.4,94.0,28.4,42,0.0,0.4
Belagavi,15.8521,74.5045,2026-02-21 20:00:00,24.7,24.5,380.0,24.2,6.6,76.0,26.4,40,0.0,10.5
Belagavi,15.8521,74.5045,2026-02-21 21:00:00,31.3,31.1,371.0,27.9,7.7,63.0,23.7,62,0.0,12.5
Belagavi,15.8521,74.5045,2026-02-21 22:00:00,36.8,36.3,338.0,30.4,8.8,53.0,22.7,65,0.0,10.2
Belagavi,15.8521,74.5045,2026-02-21 23:00:00,40.9,40.4,314.0,32.4,9.6,45.0,21.9,70,0.0,8.7
Belagavi,15.8521,74.5045,2026-02-22 00:00:00,44.6,44.0,310.0,34.8,9.9,38.0,21.8,70,0.0,9.6
Belagavi,15.8521,74.5045,2026-02-22 01:00:00,47.6,47.1,315.0,36.7,9.9,34.0,21.8,69,0.0,9.2
Belagavi,15.8521,74.5045,2026-02-22 02:00:00,48.7,48.2,324.0,37.0,9.8,32.0,21.4,70,0.0,9.8
Belagavi,15.8521,74.5045,2026-02-22 03:00:00,48.5,47.8,339.0,34.3,9.4,33.0,21.0,71,0.0,10.3
Belagavi,15.8521,74.5045,2026-02-22 04:00:00,48.4,47.7,358.0,29.8,8.9,37.0,20.8,71,0.0,9.9
Belagavi,15.8521,74.5045,2026-02-22 05:00:00,50.9,50.3,367.0,32.4,10.2,40.0,20.5,76,0.0,8.7
Belagavi,15.8521,74.5045,2026-02-22 06:00:00,51.0,50.4,359.0,29.8,10.3,57.0,20.8,73,0.0,7.9
Belagavi,15.8521,74.5045,2026-02-22 07:00:00,54.9,54.4,340.0,26.0,10.4,82.0,21.4,68,0.0,10.6
Belagavi,15.8521,74.5045,2026-02-22 08:00:00,40.4,39.9,319.0,21.3,10.1,103.0,24.8,54,0.0,8.5
Belagavi,15.8521,74.5045,2026-02-22 09:00:00,18.2,17.8,295.0,14.8,8.9,117.0,27.8,39,0.0,7.0
Belagavi,15.8521,74.5045,2026-02-22 10:00:00,13.3,13.0,268.0,7.4,7.3,127.0,29.4,34,0.0,4.0
Belagavi,15.8521,74.5045,2026-02-22 11:00:00,12.6,12.3,247.0,2.1,6.0,135.0,29.7,33,0.0,5.6
Belagavi,15.8521,74.5045,2026-02-22 12:00:00,15.5,15.1,235.0,0.5,5.4,142.0,31.6,28,0.0,4.6
Belagavi,15.8521,74.5045,2026-02-22 13:00:00,15.1,14.7,229.0,1.0,5.1,147.0,32.4,25,0.0,6.3
Belagavi,15.8521,74.5045,2026-02-22 14:00:00,15.9,15.5,228.0,1.7,4.9,150.0,32.6,24,0.0,8.7
Belagavi,15.8521,74.5045,2026-02-22 15:00:00,16.6,16.2,229.0,1.3,4.7,153.0,32.3,24,0.0,8.5
Belagavi,15.8521,74.5045,2026-02-22 16:00:00,18.2,17.6,233.0,1.2,4.6,154.0,31.5,25,0.0,7.5
Belagavi,15.8521,74.5045,2026-02-22 17:00:00,22.4,21.8,248.0,3.1,5.0,151.0,30.8,29,0.0,4.3
Belagavi,15.8521,74.5045,2026-02-22 18:00:00,26.4,26.0,279.0,7.4,5.5,133.0,28.0,41,0.0,12.4
Belagavi,15.8521,74.5045,2026-02-22 19:00:00,31.5,31.1,320.0,13.6,6.2,107.0,25.6,61,0.0,15.7
Belagavi,15.8521,74.5045,2026-02-22 20:00:00,37.8,37.3,356.0,19.8,7.2,85.0,24.7,70,0.0,10.3
Belagavi,15.8521,74.5045,2026-02-22 21:00:00,46.0,45.4,383.0,25.9,8.9,70.0,24.4,72,0.0,5.1
Belagavi,15.8521,74.5045,2026-02-22 22:00:00,53.3,52.6,406.0,32.0,11.0,58.0,24.2,74,0.0,9.0
Belagavi,15.8521,74.5045,2026-02-22 23:00:00,58.9,58.2,421.0,36.2,12.4,50.0,23.4,81,0.0,4.7
Belagavi,15.8521,74.5045,2026-02-23 00:00:00,63.1,62.2,425.0,37.4,12.6,46.0,22.9,85,0.0,0.9
Belagavi,15.8521,74.5045,2026-02-23 01:00:00,65.4,64.5,421.0,36.6,12.2,46.0,22.9,82,0.0,5.6
Belagavi,15.8521,74.5045,2026-02-23 02:00:00,66.4,65.4,417.0,35.0,11.8,48.0,22.4,81,0.0,7.0
Belagavi,15.8521,74.5045,2026-02-23 03:00:00,66.8,65.9,417.0,32.1,11.7,53.0,21.7,82,0.0,7.6
Belagavi,15.8521,74.5045,2026-02-23 04:00:00,67.5,66.6,417.0,28.3,11.7,60.0,21.7,81,0.0,9.3
Belagavi,15.8521,74.5045,2026-02-23 05:00:00,58.0,56.6,413.0,9.5,7.2,105.0,23.0,78,0.0,5.6
Belagavi,15.8521,74.5045,2026-02-23 06:00:00,56.7,55.4,404.0,13.1,7.9,101.0,21.8,83,0.0,5.3
Belagavi,15.8521,74.5045,2026-02-23 07:00:00,56.7,55.5,392.0,17.8,8.9,97.0,21.7,85,0.1,1.4
Belagavi,15.8521,74.5045,2026-02-23 08:00:00,53.3,52.4,374.0,19.5,9.4,99.0,22.7,81,0.1,4.5
Belagavi,15.8521,74.5045,2026-02-23 09:00:00,46.8,45.6,346.0,15.1,9.0,114.0,26.0,54,0.0,6.4
Belagavi,15.8521,74.5045,2026-02-23 10:00:00,44.8,43.7,313.0,7.7,8.0,135.0,27.9,44,0.0,1.5
Belagavi,15.8521,74.5045,2026-02-23 11:00:00,41.7,40.5,286.0,2.1,7.1,150.0,28.0,45,0.0,4.8
Belagavi,15.8521,74.5045,2026-02-23 12:00:00,38.4,37.4,271.0,0.6,6.3,155.0,29.5,40,0.1,7.0
Belagavi,15.8521,74.5045,2026-02-23 13:00:00,36.4,35.4,263.0,0.9,5.5,154.0,28.7,43,0.3,6.5
Belagavi,15.8521,74.5045,2026-02-23 14:00:00,34.9,34.0,259.0,1.4,5.0,152.0,30.0,40,0.1,6.5
Belagavi,15.8521,74.5045,2026-02-23 15:00:00,33.5,32.6,258.0,1.1,4.8,152.0,30.5,37,0.0,10.7
Belagavi,15.8521,74.5045,2026-02-23 16:00:00,32.5,31.7,261.0,1.1,4.9,152.0,29.8,35,0.0,12.1
Belagavi,15.8521,74.5045,2026-02-23 17:00:00,44.0,42.8,271.0,2.3,5.3,139.0,28.0,46,0.0,15.2
Belagavi,15.8521,74.5045,2026-02-23 18:00:00,47.1,46.1,290.0,4.4,6.1,128.0,26.7,50,0.0,12.6
Belagavi,15.8521,74.5045,2026-02-23 19:00:00,49.7,48.8,316.0,7.4,7.2,112.0,25.8,56,0.0,11.0
Belagavi,15.8521,74.5045,2026-02-23 20:00:00,52.0,51.0,340.0,10.3,8.3,99.0,24.3,68,0.0,10.1
Belagavi,15.8521,74.5045,2026-02-23 21:00:00,55.6,54.6,362.0,12.9,9.3,91.0,23.3,75,0.0,9.8
Belagavi,15.8521,74.5045,2026-02-23 22:00:00,59.4,58.1,382.0,15.4,10.2,85.0,22.5,80,0.0,9.4
Belagavi,15.8521,74.5045,2026-02-23 23:00:00,62.6,61.2,395.0,17.3,10.5,79.0,22.0,85,0.0,9.7
Belagavi,15.8521,74.5045,2026-02-24 00:00:00,68.7,67.1,395.0,18.7,9.8,72.0,21.9,84,0.0,10.6
Belagavi,15.8521,74.5045,2026-02-24 01:00:00,74.0,72.4,388.0,19.7,8.4,65.0,21.9,79,0.0,11.5
Belagavi,15.8521,74.5045,2026-02-24 02:00:00,74.3,72.9,383.0,19.6,7.7,61.0,21.7,73,0.0,11.4
Belagavi,15.8521,74.5045,2026-02-24 03:00:00,69.4,68.0,387.0,17.9,8.2,63.0,21.3,69,0.0,11.0
Belagavi,15.8521,74.5045,2026-02-24 04:00:00,66.8,65.7,392.0,15.3,9.2,68.0,21.0,69,0.0,11.4
Belagavi,15.8521,74.5045,2026-02-24 05:00:00,55.3,54.7,392.0,11.1,7.1,67.0,20.4,76,0.0,10.1
Belagavi,15.8521,74.5045,2026-02-24 06:00:00,51.0,50.5,381.0,10.8,8.0,72.0,20.1,82,0.0,11.7
Belagavi,15.8521,74.5045,2026-02-24 07:00:00,47.8,47.4,364.0,10.3,9.2,80.0,20.5,82,0.0,12.8
Belagavi,15.8521,74.5045,2026-02-24 08:00:00,44.7,44.1,344.0,9.2,10.0,91.0,22.9,64,0.0,10.8
Belagavi,15.8521,74.5045,2026-02-24 09:00:00,43.1,42.3,322.0,7.1,10.1,109.0,25.5,52,0.0,11.8
Belagavi,15.8521,74.5045,2026-02-24 10:00:00,41.4,40.5,297.0,4.4,9.8,130.0,28.0,43,0.0,13.2
Belagavi,15.8521,74.5045,2026-02-24 11:00:00,42.5,41.4,277.0,2.4,9.2,146.0,29.2,37,0.0,13.9
Belagavi,15.8521,74.5045,2026-02-24 12:00:00,41.7,40.6,263.0,1.7,8.3,154.0,30.0,31,0.0,9.9
Belagavi,15.8521,74.5045,2026-02-24 13:00:00,39.2,38.2,253.0,1.6,7.1,158.0,30.9,28,0.0,5.0
Belagavi,15.8521,74.5045,2026-02-24 14:00:00,37.7,36.8,245.0,1.8,6.2,160.0,31.3,26,0.0,5.5
Belagavi,15.8521,74.5045,2026-02-24 15:00:00,37.5,36.4,234.0,1.5,5.9,163.0,31.2,25,0.0,4.2
Belagavi,15.8521,74.5045,2026-02-24 16:00:00,38.4,37.4,226.0,1.3,5.9,165.0,31.1,24,0.0,6.7
Belagavi,15.8521,74.5045,2026-02-24 17:00:00,27.9,27.2,233.0,3.4,5.5,159.0,31.1,23,0.0,6.6
Belagavi,15.8521,74.5045,2026-02-24 18:00:00,30.5,29.8,269.0,11.3,7.1,139.0,27.9,40,0.0,11.7
Belagavi,15.8521,74.5045,2026-02-24 19:00:00,40.6,39.9,321.0,22.1,9.3,110.0,25.7,55,0.0,13.9
Belagavi,15.8521,74.5045,2026-02-24 20:00:00,48.3,47.6,366.0,29.7,11.1,88.0,25.2,58,0.0,10.2
Belagavi,15.8521,74.5045,2026-02-24 21:00:00,54.4,53.6,398.0,31.0,11.9,78.0,24.6,64,0.0,10.6
Belagavi,15.8521,74.5045,2026-02-24 22:00:00,59.6,58.7,423.0,29.1,12.2,74.0,22.9,76,0.0,3.3
Belagavi,15.8521,74.5045,2026-02-24 23:00:00,61.5,60.5,433.0,27.1,12.5,72.0,22.1,85,0.0,5.8
Belagavi,15.8521,74.5045,2026-02-25 00:00:00,63.1,61.9,418.0,26.2,12.8,71.0,21.5,88,0.0,2.5
Belagavi,15.8521,74.5045,2026-02-25 01:00:00,66.1,65.2,387.0,25.2,13.1,72.0,21.6,88,0.0,6.9
Belagavi,15.8521,74.5045,2026-02-25 02:00:00,69.4,68.2,367.0,24.3,13.3,72.0,21.0,89,0.0,4.9
Belagavi,15.8521,74.5045,2026-02-25 03:00:00,70.8,69.8,367.0,23.4,13.3,68.0,20.8,87,0.0,5.7
Belagavi,15.8521,74.5045,2026-02-25 04:00:00,71.0,70.1,376.0,22.5,13.3,63.0,20.3,85,0.0,2.4
Belagavi,15.8521,74.5045,2026-02-25 05:00:00,75.4,74.5,388.0,28.4,14.6,59.0,19.6,82,0.0,4.0
Belagavi,15.8521,74.5045,2026-02-25 06:00:00,74.3,73.1,410.0,26.0,15.0,74.0,19.7,82,0.0,2.2
Belagavi,15.8521,74.5045,2026-02-25 07:00:00,74.0,73.1,436.0,22.6,15.6,96.0,20.4,78,0.0,4.2
Belagavi,15.8521,74.5045,2026-02-25 08:00:00,59.6,58.9,437.0,18.4,15.3,116.0,24.2,60,0.0,4.6
Belagavi,15.8521,74.5045,2026-02-25 09:00:00,43.1,42.3,391.0,12.8,13.5,133.0,26.8,47,0.0,5.9
Belagavi,15.8521,74.5045,2026-02-25 10:00:00,37.8,37.0,320.0,6.6,10.9,149.0,28.6,39,0.0,5.6
Belagavi,15.8521,74.5045,2026-02-25 11:00:00,36.3,35.4,265.0,2.1,8.9,160.0,29.0,35,0.0,3.6
Belagavi,15.8521,74.5045,2026-02-25 12:00:00,34.1,33.3,241.0,0.7,8.2,166.0,30.7,27,0.0,2.2
Belagavi,15.8521,74.5045,2026-02-25 13:00:00,33.3,32.5,233.0,1.1,8.1,168.0,31.3,25,0.0,2.1
Belagavi,15.8521,74.5045,2026-02-25 14:00:00,32.9,32.2,229.0,1.7,8.0,167.0,31.6,22,0.0,3.9
Belagavi,15.8521,74.5045,2026-02-25 15:00:00,31.9,31.2,227.0,1.6,7.8,165.0,31.7,20,0.0,9.2
Belagavi,15.8521,74.5045,2026-02-25 16:00:00,30.9,30.3,229.0,1.6,7.6,161.0,30.9,22,0.0,15.4
Belagavi,15.8521,74.5045,2026-02-25 17:00:00,19.4,19.0,236.0,2.6,7.9,142.0,30.1,24,0.0,16.1
Belagavi,15.8521,74.5045,2026-02-25 18:00:00,16.4,16.1,251.0,4.5,7.5,126.0,27.6,34,0.0,18.5
Belagavi,15.8521,74.5045,2026-02-25 19:00:00,14.7,14.5,271.0,7.3,7.1,103.0,24.9,51,0.0,17.1
Belagavi,15.8521,74.5045,2026-02-25 20:00:00,14.0,13.8,282.0,9.8,6.7,84.0,23.7,57,0.0,14.1
Belagavi,15.8521,74.5045,2026-02-25 21:00:00,15.2,14.9,278.0,12.0,6.6,73.0,22.6,57,0.0,14.1
Belagavi,15.8521,74.5045,2026-02-25 22:00:00,17.0,16.7,265.0,13.9,6.7,66.0,21.8,54,0.0,13.5
Belagavi,15.8521,74.5045,2026-02-25 23:00:00,18.7,18.5,253.0,15.2,6.6,60.0,21.4,54,0.0,12.8
Belagavi,15.8521,74.5045,2026-02-26 00:00:00,19.4,19.1,242.0,15.4,6.2,56.0,20.7,54,0.0,10.7
Belagavi,15.8521,74.5045,2026-02-26 01:00:00,19.8,19.4,231.0,14.9,5.7,54.0,19.9,56,0.0,10.5
Belagavi,15.8521,74.5045,2026-02-26 02:00:00,19.8,19.4,229.0,14.7,5.4,52.0,19.7,56,0.0,11.6
Belagavi,15.8521,74.5045,2026-02-26 03:00:00,20.1,19.6,244.0,15.4,5.4,49.0,19.4,55,0.0,11.3
Belagavi,15.8521,74.5045,2026-02-26 04:00:00,21.4,20.9,269.0,16.5,5.7,46.0,19.0,56,0.0,11.3
Belagavi,15.8521,74.5045,2026-02-26 05:00:00,18.5,17.9,286.0,14.0,5.0,48.0,19.0,55,0.0,10.9
Belagavi,15.8521,74.5045,2026-02-26 06:00:00,19.7,19.2,290.0,13.4,5.7,54.0,19.0,54,0.0,9.9
Belagavi,15.8521,74.5045,2026-02-26 07:00:00,22.5,21.9,287.0,12.4,6.5,63.0,19.5,52,0.0,11.1
Belagavi,15.8521,74.5045,2026-02-26 08:00:00,15.7,15.2,276.0,10.7,6.8,72.0,22.8,44,0.0,10.3
Belagavi,15.8521,74.5045,2026-02-26 09:00:00,10.2,9.6,249.0,7.8,6.0,82.0,25.8,33,0.0,11.5
Belagavi,15.8521,74.5045,2026-02-26 10:00:00,8.0,7.1,214.0,4.2,4.7,93.0,27.8,27,0.0,11.4
Belagavi,15.8521,74.5045,2026-02-26 11:00:00,7.5,6.4,190.0,1.6,3.6,103.0,28.7,25,0.0,9.4
Belagavi,15.8521,74.5045,2026-02-26 12:00:00,7.5,6.4,188.0,0.8,3.0,110.0,29.9,23,0.0,6.5
Belagavi,15.8521,74.5045,2026-02-26 13:00:00,7.7,6.5,197.0,0.9,2.7,116.0,30.7,22,0.0,4.7
Belagavi,15.8521,74.5045,2026-02-26 14:00:00,7.7,6.5,202.0,1.2,2.5,120.0,31.1,21,0.0,6.1
Belagavi,15.8521,74.5045,2026-02-26 15:00:00,7.5,6.4,196.0,1.3,2.4,123.0,31.1,20,0.0,7.7
Belagavi,15.8521,74.5045,2026-02-26 16:00:00,7.3,6.3,188.0,1.5,2.4,124.0,30.8,20,0.0,6.7
Belagavi,15.8521,74.5045,2026-02-26 17:00:00,3.6,3.6,184.0,2.3,2.9,117.0,30.3,19,0.0,4.8
Belagavi,15.8521,74.5045,2026-02-26 18:00:00,4.9,4.9,192.0,3.3,3.2,107.0,27.5,26,0.0,6.0
Belagavi,15.8521,74.5045,2026-02-26 19:00:00,6.3,6.3,206.0,4.9,3.7,92.0,24.1,51,0.0,20.9
Belagavi,15.8521,74.5045,2026-02-26 20:00:00,7.0,6.9,214.0,6.4,4.0,79.0,23.2,50,0.0,16.4
Belagavi,15.8521,74.5045,2026-02-26 21:00:00,8.0,7.9,211.0,8.1,4.2,69.0,22.1,56,0.0,15.4
Belagavi,15.8521,74.5045,2026-02-26 22:00:00,9.5,9.5,202.0,9.8,4.3,60.0,21.4,56,0.0,16.0
Belagavi,15.8521,74.5045,2026-02-26 23:00:00,10.6,10.5,193.0,10.9,4.2,53.0,20.8,57,0.0,16.0
Belagavi,15.8521,74.5045,2026-02-27 00:00:00,10.4,10.3,184.0,10.9,3.9,50.0,20.4,54,0.0,15.3
Belagavi,15.8521,74.5045,2026-02-27 01:00:00,10.0,9.8,175.0,10.2,3.4,50.0,19.8,56,0.0,15.0
Belagavi,15.8521,74.5045,2026-02-27 02:00:00,9.6,9.3,172.0,9.7,3.0,49.0,19.5,57,0.0,15.5
Belagavi,15.8521,74.5045,2026-02-27 03:00:00,9.6,9.1,181.0,9.8,2.8,46.0,19.1,58,0.0,13.8
Belagavi,15.8521,74.5045,2026-02-27 04:00:00,10.3,9.5,195.0,10.1,2.8,44.0,19.0,58,0.0,13.8
Belagavi,15.8521,74.5045,2026-02-27 05:00:00,11.3,10.3,205.0,10.5,2.9,43.0,19.1,57,0.0,14.2
Belagavi,15.8521,74.5045,2026-02-27 06:00:00,13.0,11.6,206.0,10.7,3.3,51.0,19.2,55,0.0,13.9
Belagavi,15.8521,74.5045,2026-02-27 07:00:00,16.8,15.0,201.0,10.8,3.7,61.0,20.0,50,0.0,13.9
Belagavi,15.8521,74.5045,2026-02-27 08:00:00,13.8,11.8,195.0,10.0,3.9,74.0,23.2,41,0.0,10.7
Belagavi,15.8521,74.5045,2026-02-27 09:00:00,9.5,7.1,184.0,7.5,3.5,89.0,26.0,32,0.0,10.0
Belagavi,15.8521,74.5045,2026-02-27 10:00:00,8.7,6.5,171.0,4.0,2.8,106.0,28.0,26,0.0,9.5
Belagavi,15.8521,74.5045,2026-02-27 11:00:00,7.1,5.6,164.0,1.5,2.3,119.0,29.1,25,0.0,7.1
Belagavi,15.8521,74.5045,2026-02-27 12:00:00,6.8,5.6,167.0,0.8,2.2,126.0,30.3,24,0.0,4.9
Belagavi,15.8521,74.5045,2026-02-27 13:00:00,7.3,6.2,176.0,1.0,2.4,130.0,30.9,23,0.0,3.8
Belagavi,15.8521,74.5045,2026-02-27 14:00:00,7.9,6.9,183.0,1.3,2.5,131.0,31.3,23,0.0,3.9
Belagavi,15.8521,74.5045,2026-02-27 15:00:00,8.4,7.5,185.0,1.5,2.5,130.0,31.3,22,0.0,3.5
Belagavi,15.8521,74.5045,2026-02-27 16:00:00,8.8,7.9,186.0,1.8,2.4,127.0,31.3,22,0.0,2.4
Belagavi,15.8521,74.5045,2026-02-27 17:00:00,5.6,5.3,187.0,2.3,2.4,117.0,30.0,24,0.0,13.6
Belagavi,15.8521,74.5045,2026-02-27 18:00:00,5.4,5.3,191.0,3.3,2.4,103.0,27.0,31,0.0,21.5
Belagavi,15.8521,74.5045,2026-02-27 19:00:00,5.5,5.5,196.0,4.8,2.4,83.0,25.4,34,0.0,18.4
Belagavi,15.8521,74.5045,2026-02-27 20:00:00,5.3,5.2,198.0,6.3,2.4,66.0,23.7,37,0.0,17.1
Belagavi,15.8521,74.5045,2026-02-27 21:00:00,5.6,5.5,196.0,8.0,2.6,56.0,22.5,41,0.0,16.8
Belagavi,15.8521,74.5045,2026-02-27 22:00:00,7.1,7.0,191.0,9.9,2.8,50.0,21.7,43,0.0,16.3
Belagavi,15.8521,74.5045,2026-02-27 23:00:00,8.5,8.3,187.0,11.1,2.9,46.0,21.1,44,0.0,15.2
Belagavi,15.8521,74.5045,2026-02-28 00:00:00,8.7,8.4,184.0,11.1,2.7,43.0,20.6,44,0.0,13.9
Belagavi,15.8521,74.5045,2026-02-28 01:00:00,8.4,8.1,183.0,10.5,2.4,43.0,20.2,44,0.0,14.9
Belagavi,15.8521,74.5045,2026-02-28 02:00:00,8.3,7.9,187.0,10.3,2.2,42.0,19.9,44,0.0,14.0
Belagavi,15.8521,74.5045,2026-02-28 03:00:00,8.6,8.1,203.0,11.1,2.3,39.0,19.5,46,0.0,13.2
Belagavi,15.8521,74.5045,2026-02-28 04:00:00,9.7,9.1,225.0,12.3,2.5,37.0,19.0,48,0.0,12.6
Belagavi,15.8521,74.5045,2026-02-28 05:00:00,10.2,9.2,238.0,10.9,2.4,43.0,18.8,53,0.0,11.3
Belagavi,15.8521,74.5045,2026-02-28 06:00:00,12.7,11.4,237.0,11.6,2.9,50.0,18.8,52,0.0,11.5
Belagavi,15.8521,74.5045,2026-02-28 07:00:00,18.1,16.5,227.0,12.4,3.7,60.0,19.5,50,0.0,11.9
Belagavi,15.8521,74.5045,2026-02-28 08:00:00,13.7,12.5,215.0,11.9,4.2,73.0,22.7,42,0.0,6.9
Belagavi,15.8521,74.5045,2026-02-28 09:00:00,7.9,6.6,198.0,9.0,4.3,90.0,25.6,32,0.0,6.1
Belagavi,15.8521,74.5045,2026-02-28 10:00:00,8.1,6.9,177.0,4.9,4.1,109.0,27.9,25,0.0,4.9
Belagavi,15.8521,74.5045,2026-02-28 11:00:00,8.9,7.8,164.0,1.8,4.0,125.0,28.7,25,0.0,2.5
Belagavi,15.8521,74.5045,2026-02-28 12:00:00,11.8,10.8,165.0,0.9,4.2,135.0,30.5,23,0.0,0.7
Belagavi,15.8521,74.5045,2026-02-28 13:00:00,13.3,12.4,174.0,1.2,4.4,142.0,31.3,22,0.0,3.0
Belagavi,15.8521,74.5045,2026-02-28 14:00:00,13.3,12.4,180.0,1.5,4.5,144.0,32.0,22,0.0,5.4
Belagavi,15.8521,74.5045,2026-02-28 15:00:00,12.5,11.5,177.0,1.5,4.2,141.0,32.1,22,0.0,10.9
Belagavi,15.8521,74.5045,2026-02-28 16:00:00,11.4,10.2,171.0,1.7,3.7,135.0,30.8,25,0.0,15.9
Belagavi,15.8521,74.5045,2026-02-28 17:00:00,7.9,7.3,168.0,2.3,3.0,121.0,29.1,30,0.0,18.0
Belagavi,15.8521,74.5045,2026-02-28 18:00:00,8.6,7.9,172.0,3.5,2.8,109.0,25.9,45,0.0,20.5
Belagavi,15.8521,74.5045,2026-02-28 19:00:00,10.0,9.0,180.0,5.3,2.6,93.0,23.7,50,0.0,18.9
Belagavi,15.8521,74.5045,2026-02-28 20:00:00,11.7,10.3,189.0,7.2,2.5,80.0,22.1,55,0.0,16.1
Belagavi,15.8521,74.5045,2026-02-28 21:00:00,13.6,12.0,200.0,9.0,2.7,73.0,20.9,60,0.0,14.1
Belagavi,15.8521,74.5045,2026-02-28 22:00:00,15.8,13.8,211.0,10.9,3.0,69.0,20.2,65,0.0,13.9
Belagavi,15.8521,74.5045,2026-02-28 23:00:00,17.5,15.3,215.0,12.7,3.2,65.0,19.6,70,0.0,12.0
Belagavi,15.8521,74.5045,2026-03-01 00:00:00,18.7,16.2,203.0,14.2,3.2,59.0,19.3,72,0.0,12.5
Belagavi,15.8521,74.5045,2026-03-01 01:00:00,20.4,17.5,185.0,15.6,3.2,54.0,18.8,72,0.0,12.6
Belagavi,15.8521,74.5045,2026-03-01 02:00:00,22.3,19.1,176.0,16.8,3.3,49.0,18.4,72,0.0,11.8
Belagavi,15.8521,74.5045,2026-03-01 03:00:00,24.0,20.5,188.0,18.3,3.5,44.0,18.0,72,0.0,10.3
Belagavi,15.8521,74.5045,2026-03-01 04:00:00,25.1,21.5,210.0,19.6,3.9,40.0,17.2,76,0.0,4.3
Belagavi,15.8521,74.5045,2026-03-01 05:00:00,27.3,23.5,227.0,21.4,4.5,40.0,17.2,77,0.0,1.8
Belagavi,15.8521,74.5045,2026-03-01 06:00:00,28.6,24.9,233.0,19.2,4.9,55.0,17.2,77,0.0,4.9
Belagavi,15.8521,74.5045,2026-03-01 07:00:00,33.3,29.3,234.0,16.0,5.4,75.0,18.3,71,0.0,7.8
Belagavi,15.8521,74.5045,2026-03-01 08:00:00,20.5,17.6,230.0,12.6,5.8,96.0,22.2,55,0.0,4.1
Belagavi,15.8521,74.5045,2026-03-01 09:00:00,13.4,11.9,216.0,8.9,5.9,115.0,25.7,40,0.0,2.3
Belagavi,15.8521,74.5045,2026-03-01 10:00:00,13.9,12.8,197.0,4.9,5.9,134.0,28.2,33,0.0,2.5
Belagavi,15.8521,74.5045,2026-03-01 11:00:00,15.9,15.2,185.0,2.1,5.8,149.0,29.3,30,0.0,3.3
Belagavi,15.8521,74.5045,2026-03-01 12:00:00,18.1,17.4,186.0,1.2,5.7,158.0,31.1,27,0.0,2.5
Belagavi,15.8521,74.5045,2026-03-01 13:00:00,19.3,18.6,195.0,1.3,5.6,164.0,31.8,26,0.0,3.1
Belagavi,15.8521,74.5045,2026-03-01 14:00:00,19.8,19.2,201.0,1.7,5.5,166.0,32.1,25,0.0,4.2
Belagavi,15.8521,74.5045,2026-03-01 15:00:00,20.0,19.3,200.0,1.9,5.4,166.0,32.6,24,0.0,4.9
Belagavi,15.8521,74.5045,2026-03-01 16:00:00,19.8,19.1,198.0,2.3,5.4,164.0,32.6,23,0.0,6.0
Belagavi,15.8521,74.5045,2026-03-01 17:00:00,9.4,9.1,200.0,3.0,4.9,140.0,31.1,26,0.0,11.1
Belagavi,15.8521,74.5045,2026-03-01 18:00:00,10.6,10.1,209.0,4.1,5.3,125.0,26.6,53,0.0,18.7
Belagavi,15.8521,74.5045,2026-03-01 19:00:00,12.3,11.7,223.0,5.7,5.8,105.0,24.8,60,0.0,15.2
Belagavi,15.8521,74.5045,2026-03-01 20:00:00,14.0,13.2,238.0,7.2,6.2,89.0,23.4,68,0.0,14.9
Belagavi,15.8521,74.5045,2026-03-01 21:00:00,16.4,15.4,257.0,8.4,6.4,82.0,22.3,72,0.0,9.7
Belagavi,15.8521,74.5045,2026-03-01 22:00:00,19.2,18.1,277.0,9.4,6.6,79.0,21.6,75,0.0,10.3
Belagavi,15.8521,74.5045,2026-03-01 23:00:00,21.8,20.5,289.0,10.3,6.6,77.0,20.8,79,0.0,10.8
Belagavi,15.8521,74.5045,2026-03-02 00:00:00,23.1,21.7,284.0,11.0,6.4,75.0,20.3,82,0.0,8.5
Belagavi,15.8521,74.5045,2026-03-02 01:00:00,24.2,22.4,271.0,11.5,6.1,74.0,19.8,84,0.0,9.9
Belagavi,15.8521,74.5045,2026-03-02 02:00:00,26.6,24.3,264.0,12.1,5.7,71.0,19.2,86,0.0,7.7
Belagavi,15.8521,74.5045,2026-03-02 03:00:00,31.0,28.1,271.0,13.1,5.0,63.0,18.8,88,0.0,9.8
Belagavi,15.8521,74.5045,2026-03-02 04:00:00,33.6,30.3,284.0,14.1,4.3,53.0,18.7,86,0.0,9.0
Belagavi,15.8521,74.5045,2026-03-02 05:00:00,34.8,31.2,290.0,16.8,5.4,49.0,19.3,79,0.0,11.7
Belagavi,15.8521,74.5045,2026-03-02 06:00:00,36.1,32.0,281.0,16.5,6.2,59.0,19.3,76,0.0,9.3
Belagavi,15.8521,74.5045,2026-03-02 07:00:00,40.2,35.6,265.0,15.9,7.3,73.0,20.2,70,0.0,10.0
Belagavi,15.8521,74.5045,2026-03-02 08:00:00,30.3,26.3,255.0,14.2,8.1,91.0,23.8,54,0.0,8.0
Belagavi,15.8521,74.5045,2026-03-02 09:00:00,20.3,17.5,257.0,10.5,8.5,116.0,26.5,46,0.0,8.2
Belagavi,15.8521,74.5045,2026-03-02 10:00:00,20.8,18.9,265.0,5.8,8.6,144.0,29.1,36,0.0,9.8
Belagavi,15.8521,74.5045,2026-03-02 11:00:00,26.9,25.4,271.0,2.3,8.5,166.0,30.3,33,0.0,7.0
Belagavi,15.8521,74.5045,2026-03-02 12:00:00,30.5,29.3,271.0,1.2,8.1,178.0,31.9,28,0.0,5.8
Belagavi,15.8521,74.5045,2026-03-02 13:00:00,31.9,30.9,269.0,1.5,7.5,184.0,33.0,25,0.0,6.5
Belagavi,15.8521,74.5045,2026-03-02 14:00:00,32.8,31.8,265.0,1.9,7.0,186.0,33.3,24,0.0,7.7
Belagavi,15.8521,74.5045,2026-03-02 15:00:00,33.2,32.2,260.0,1.8,6.6,187.0,32.9,25,0.0,8.9
Belagavi,15.8521,74.5045,2026-03-02 16:00:00,33.2,32.0,253.0,2.0,6.2,184.0,33.0,24,0.0,9.9
Belagavi,15.8521,74.5045,2026-03-02 17:00:00,34.6,33.1,248.0,3.3,6.1,170.0,32.4,24,0.0,5.8
Belagavi,15.8521,74.5045,2026-03-02 18:00:00,33.2,31.7,245.0,5.0,6.3,147.0,27.8,42,0.0,14.4
Belagavi,15.8521,74.5045,2026-03-02 19:00:00,31.1,28.9,243.0,7.3,6.5,115.0,24.4,66,0.0,14.4
Belagavi,15.8521,74.5045,2026-03-02 20:00:00,24.7,21.8,240.0,8.9,6.5,89.0,23.3,73,0.0,15.0
Belagavi,15.8521,74.5045,2026-03-02 21:00:00,20.3,17.1,233.0,9.2,6.3,77.0,22.4,74,0.0,10.9
Belagavi,15.8521,74.5045,2026-03-02 22:00:00,20.0,16.1,224.0,8.7,6.0,70.0,21.9,78,0.0,7.6
Belagavi,15.8521,74.5045,2026-03-02 23:00:00,22.4,18.5,220.0,8.6,5.5,66.0,21.5,83,0.0,11.2
Belagavi,15.8521,74.5045,2026-03-03 00:00:00,24.7,20.9,222.0,9.1,4.8,61.0,21.3,82,0.0,12.4
Belagavi,15.8521,74.5045,2026-03-03 01:00:00,26.4,22.8,229.0,9.8,3.9,59.0,21.3,79,0.0,12.0
Belagavi,15.8521,74.5045,2026-03-03 02:00:00,28.2,24.8,241.0,10.6,3.5,57.0,21.2,75,0.0,11.1
Belagavi,15.8521,74.5045,2026-03-03 03:00:00,29.0,25.9,260.0,11.3,3.7,56.0,21.0,71,0.0,11.0
Belagavi,15.8521,74.5045,2026-03-03 04:00:00,30.2,27.2,284.0,12.0,4.3,55.0,20.6,71,0.0,10.1
Belagavi,15.8521,74.5045,2026-03-03 05:00:00,31.1,27.6,304.0,12.9,5.3,54.0,20.7,73,0.0,8.3
Belagavi,15.8521,74.5045,2026-03-03 06:00:00,31.1,27.9,318.0,14.1,6.9,63.0,20.7,70,0.0,9.4
Belagavi,15.8521,74.5045,2026-03-03 07:00:00,34.5,31.5,327.0,15.5,9.2,77.0,21.4,67,0.0,12.6
Belagavi,15.8521,74.5045,2026-03-03 08:00:00,29.8,27.9,329.0,15.2,10.7,95.0,25.2,55,0.0,8.7
Belagavi,15.8521,74.5045,2026-03-03 09:00:00,32.2,30.9,319.0,11.6,10.8,123.0,28.5,37,0.0,11.9
Belagavi,15.8521,74.5045,2026-03-03 10:00:00,37.4,36.7,302.0,6.4,10.3,155.0,30.4,32,0.0,14.4
Belagavi,15.8521,74.5045,2026-03-03 11:00:00,41.0,40.3,288.0,2.5,9.6,180.0,31.3,30,0.0,15.3
Belagavi,15.8521,74.5045,2026-03-03 12:00:00,43.4,42.7,283.0,1.4,9.0,192.0,32.3,28,0.0,14.6
Belagavi,15.8521,74.5045,2026-03-03 13:00:00,44.8,44.0,281.0,1.6,8.3,196.0,33.0,26,0.0,13.6
Belagavi,15.8521,74.5045,2026-03-03 14:00:00,45.4,44.7,280.0,2.0,7.8,197.0,33.5,25,0.0,13.5
Belagavi,15.8521,74.5045,2026-03-03 15:00:00,45.8,44.9,275.0,1.6,7.4,199.0,33.4,25,0.0,11.3
Belagavi,15.8521,74.5045,2026-03-03 16:00:00,45.4,44.6,270.0,1.4,7.1,199.0,32.7,25,0.0,11.7
Belagavi,15.8521,74.5045,2026-03-03 17:00:00,45.5,44.7,275.0,3.5,7.6,188.0,31.7,26,0.0,12.6
Belagavi,15.8521,74.5045,2026-03-03 18:00:00,44.8,44.1,300.0,8.9,8.4,167.0,30.3,29,0.0,12.5
Belagavi,15.8521,74.5045,2026-03-03 19:00:00,45.9,45.2,335.0,16.6,9.5,137.0,28.6,35,0.0,2.6
Belagavi,15.8521,74.5045,2026-03-03 20:00:00,48.9,48.2,358.0,23.5,10.5,109.0,25.7,52,0.0,11.5
Belagavi,15.8521,74.5045,2026-03-03 21:00:00,54.2,53.3,358.0,29.1,11.5,85.0,23.0,78,0.0,12.4
Belagavi,15.8521,74.5045,2026-03-03 22:00:00,58.6,57.2,347.0,34.0,12.4,64.0,22.2,83,0.0,9.7
Belagavi,15.8521,74.5045,2026-03-03 23:00:00,61.2,59.4,340.0,36.4,12.6,48.0,21.9,84,0.0,8.2
Belagavi,15.8521,74.5045,2026-03-04 00:00:00,61.0,58.8,341.0,34.7,11.6,42.0,21.4,85,0.0,7.5
Belagavi,15.8521,74.5045,2026-03-04 01:00:00,60.3,57.9,345.0,30.6,9.9,42.0,21.4,85,0.0,8.6
Belagavi,15.8521,74.5045,2026-03-04 02:00:00,58.1,55.6,353.0,27.4,8.7,43.0,21.6,82,0.0,8.7
Belagavi,15.8521,74.5045,2026-03-04 03:00:00,57.9,55.2,371.0,26.8,8.5,42.0,21.2,82,0.0,7.5
Belagavi,15.8521,74.5045,2026-03-04 04:00:00,59.6,57.0,394.0,27.0,8.9,42.0,20.8,81,0.0,7.9
Belagavi,15.8521,74.5045,2026-03-04 05:00:00,64.0,62.4,405.0,30.9,10.8,49.0,21.4,76,0.0,10.3
Belagavi,15.8521,74.5045,2026-03-04 06:00:00,62.4,61.0,396.0,26.5,11.2,67.0,21.6,70,0.0,10.8
Belagavi,15.8521,74.5045,2026-03-04 07:00:00,55.5,54.6,374.0,20.4,11.8,92.0,22.6,57,0.0,12.3
Belagavi,15.8521,74.5045,2026-03-04 08:00:00,39.7,39.1,349.0,14.6,12.0,116.0,25.7,40,0.0,12.4
Belagavi,15.8521,74.5045,2026-03-04 09:00:00,32.8,32.1,318.0,9.7,11.8,137.0,28.0,35,0.0,14.2
Belagavi,15.8521,74.5045,2026-03-04 10:00:00,31.4,30.5,284.0,5.1,11.2,158.0,29.9,31,0.0,15.8
Belagavi,15.8521,74.5045,2026-03-04 11:00:00,27.6,26.9,258.0,2.0,10.5,173.0,30.8,29,0.0,16.4
Belagavi,15.8521,74.5045,2026-03-04 12:00:00,26.8,26.0,248.0,1.0,9.6,181.0,32.1,25,0.0,16.0
Belagavi,15.8521,74.5045,2026-03-04 13:00:00,26.0,25.2,247.0,1.3,8.4,184.0,32.8,24,0.0,15.3
Belagavi,15.8521,74.5045,2026-03-04 14:00:00,25.7,24.9,245.0,1.8,7.6,186.0,33.2,23,0.0,13.0
Belagavi,15.8521,74.5045,2026-03-04 15:00:00,25.0,24.2,232.0,1.2,7.1,190.0,33.8,22,0.0,11.7
Belagavi,15.8521,74.5045,2026-03-04 16:00:00,24.7,23.9,218.0,0.8,6.8,192.0,34.1,19,0.0,11.1
Belagavi,15.8521,74.5045,2026-03-04 17:00:00,29.9,29.0,222.0,3.1,7.4,184.0,32.1,20,0.0,17.7
Belagavi,15.8521,74.5045,2026-03-04 18:00:00,32.1,31.3,262.0,9.7,8.0,160.0,30.1,24,0.0,14.7
Belagavi,15.8521,74.5045,2026-03-04 19:00:00,36.2,35.4,320.0,18.8,9.0,128.0,28.8,26,0.0,12.8
Belagavi,15.8521,74.5045,2026-03-04 20:00:00,41.1,40.3,360.0,26.5,10.0,100.0,27.6,26,0.0,7.8
Belagavi,15.8521,74.5045,2026-03-04 21:00:00,45.6,44.6,365.0,31.6,11.4,83.0,25.3,32,0.0,0.0
Belagavi,15.8521,74.5045,2026-03-04 22:00:00,52.3,51.1,352.0,35.2,12.8,72.0,23.5,55,0.0,8.4
Belagavi,15.8521,74.5045,2026-03-04 23:00:00,61.7,60.1,341.0,36.6,13.4,64.0,22.5,65,0.0,6.3
Belagavi,15.8521,74.5045,2026-03-05 00:00:00,67.3,65.4,337.0,34.6,12.2,58.0,20.8,86,0.0,8.3
Belagavi,15.8521,74.5045,2026-03-05 01:00:00,68.5,66.1,336.0,30.5,10.2,56.0,20.5,90,0.0,8.9
Belagavi,15.8521,74.5045,2026-03-05 02:00:00,70.1,67.8,340.0,27.1,8.7,55.0,20.2,85,0.0,4.3
Belagavi,15.8521,74.5045,2026-03-05 03:00:00,71.9,69.6,356.0,25.9,8.4,54.0,20.7,78,0.0,8.6
Belagavi,15.8521,74.5045,2026-03-05 04:00:00,73.6,71.2,379.0,25.5,8.6,54.0,21.2,71,0.0,11.3
Belagavi,15.8521,74.5045,2026-03-05 05:00:00,65.4,63.8,395.0,25.6,10.5,61.0,21.3,69,0.0,10.6
Belagavi,15.8521,74.5045,2026-03-05 06:00:00,64.3,62.6,404.0,23.9,11.3,72.0,21.0,70,0.0,10.6
Belagavi,15.8521,74.5045,2026-03-05 07:00:00,63.6,62.2,407.0,21.3,12.4,88.0,22.0,62,0.0,12.0
Belagavi,15.8521,74.5045,2026-03-05 08:00:00,46.4,45.5,393.0,17.8,12.8,107.0,26.1,42,0.0,10.0
Belagavi,15.8521,74.5045,2026-03-05 09:00:00,34.0,32.5,349.0,12.5,12.0,132.0,29.0,29,0.0,13.9
Belagavi,15.8521,74.5045,2026-03-05 10:00:00,26.4,23.8,289.0,6.4,10.5,159.0,30.7,25,0.0,14.8
Belagavi,15.8521,74.5045,2026-03-05 11:00:00,24.4,21.8,245.0,2.0,9.3,180.0,31.6,23,0.0,14.5
Belagavi,15.8521,74.5045,2026-03-05 12:00:00,24.4,22.0,232.0,0.7,8.6,189.0,32.7,21,0.0,13.1
Belagavi,15.8521,74.5045,2026-03-05 13:00:00,23.9,21.8,234.0,1.2,8.2,190.0,33.4,20,0.0,11.6
Belagavi,15.8521,74.5045,2026-03-05 14:00:00,23.5,21.4,236.0,1.8,7.9,190.0,34.1,19,0.0,11.7
Belagavi,15.8521,74.5045,2026-03-05 15:00:00,23.2,21.2,229.0,1.2,7.6,193.0,34.2,17,0.0,13.0
Belagavi,15.8521,74.5045,2026-03-05 16:00:00,22.8,21.0,221.0,0.9,7.4,194.0,33.6,17,0.0,13.2
Belagavi,15.8521,74.5045,2026-03-05 17:00:00,24.8,23.1,226.0,3.3,7.5,186.0,32.5,18,0.0,12.3
Belagavi,15.8521,74.5045,2026-03-05 18:00:00,27.9,26.5,254.0,10.9,8.4,161.0,30.2,21,0.0,8.2
Belagavi,15.8521,74.5045,2026-03-05 19:00:00,34.7,33.3,295.0,21.5,9.8,127.0,28.3,23,0.0,11.7
Belagavi,15.8521,74.5045,2026-03-05 20:00:00,42.6,41.1,328.0,29.7,10.9,99.0,27.4,23,0.0,10.8
Belagavi,15.8521,74.5045,2026-03-05 21:00:00,50.4,48.8,344.0,33.5,11.7,82.0,25.4,28,0.0,6.0
Belagavi,15.8521,74.5045,2026-03-05 22:00:00,58.6,56.9,351.0,34.8,12.3,71.0,23.5,34,0.0,4.4
Belagavi,15.8521,74.5045,2026-03-05 23:00:00,64.0,62.4,355.0,34.4,12.6,65.0,22.7,56,0.0,9.7
Belagavi,15.8521,74.5045,2026-03-06 00:00:00,64.3,62.4,354.0,31.4,12.2,66.0,21.9,62,0.0,10.9
Belagavi,15.8521,74.5045,2026-03-06 01:00:00,65.2,63.1,349.0,26.7,11.4,72.0,22.4,56,0.0,9.3
Belagavi,15.8521,74.5045,2026-03-06 02:00:00,66.8,64.7,347.0,22.9,10.9,78.0,21.9,58,0.0,12.0
Belagavi,15.8521,74.5045,2026-03-06 03:00:00,66.8,64.7,353.0,21.4,11.0,81.0,22.1,53,0.0,13.3
Belagavi,15.8521,74.5045,2026-03-06 04:00:00,64.7,62.9,363.0,20.9,11.5,83.0,22.3,47,0.0,14.0
Belagavi,15.8521,74.5045,2026-03-06 05:00:00,54.2,52.6,371.0,24.7,13.2,81.0,22.3,48,0.0,13.0
Belagavi,15.8521,74.5045,2026-03-06 06:00:00,51.5,49.9,382.0,23.8,13.6,85.0,21.8,47,0.0,12.5
Belagavi,15.8521,74.5045,2026-03-06 07:00:00,52.0,50.5,391.0,22.4,14.0,92.0,22.6,43,0.0,13.5
Belagavi,15.8521,74.5045,2026-03-06 08:00:00,41.7,40.4,382.0,19.6,13.8,103.0,26.3,34,0.0,12.1
Belagavi,15.8521,74.5045,2026-03-06 09:00:00,32.0,30.4,336.0,14.0,12.3,123.0,29.1,26,0.0,13.0
Belagavi,15.8521,74.5045,2026-03-06 10:00:00,21.8,19.6,271.0,7.0,10.2,148.0,31.3,20,0.0,13.4
Belagavi,15.8521,74.5045,2026-03-06 11:00:00,20.3,18.1,223.0,2.0,8.5,168.0,32.3,19,0.0,12.7
Belagavi,15.8521,74.5045,2026-03-06 12:00:00,19.9,17.9,209.0,0.6,7.6,178.0,33.3,17,0.0,11.1
Belagavi,15.8521,74.5045,2026-03-06 13:00:00,19.5,17.6,212.0,1.2,7.2,182.0,34.0,16,0.0,9.1
Belagavi,15.8521,74.5045,2026-03-06 14:00:00,19.1,17.3,215.0,1.9,6.9,184.0,34.5,16,0.0,8.2
Belagavi,15.8521,74.5045,2026-03-06 15:00:00,19.2,17.5,207.0,1.3,6.7,188.0,34.5,15,0.0,9.0
Belagavi,15.8521,74.5045,2026-03-06 16:00:00,19.2,17.7,200.0,0.9,6.7,190.0,33.8,15,0.0,12.4
Belagavi,15.8521,74.5045,2026-03-06 17:00:00,21.1,19.9,209.0,3.5,7.0,190.0,32.5,15,0.0,14.7
Belagavi,15.8521,74.5045,2026-03-06 18:00:00,25.9,24.9,253.0,12.4,8.3,163.0,30.2,18,0.0,13.4
Belagavi,15.8521,74.5045,2026-03-06 19:00:00,33.1,32.0,313.0,24.6,10.1,125.0,27.5,22,0.0,8.2
Belagavi,15.8521,74.5045,2026-03-06 20:00:00,40.9,39.7,352.0,33.1,11.4,96.0,24.4,60,0.0,14.8
Belagavi,15.8521,74.5045,2026-03-06 21:00:00,49.2,48.0,348.0,34.9,11.9,82.0,23.9,57,0.0,13.6
Belagavi,15.8521,74.5045,2026-03-06 22:00:00,57.5,56.0,323.0,33.1,12.0,77.0,23.2,62,0.0,12.4
Belagavi,15.8521,74.5045,2026-03-06 23:00:00,58.1,56.3,305.0,30.0,11.8,77.0,21.9,78,0.0,10.1
Belagavi,15.8521,74.5045,2026-03-07 00:00:00,57.9,55.9,306.0,25.3,11.3,84.0,21.5,73,0.0,11.1
Belagavi,15.8521,74.5045,2026-03-07 01:00:00,60.1,57.7,313.0,19.3,10.7,95.0,20.4,83,0.0,10.4
Belagavi,15.8521,74.5045,2026-03-07 02:00:00,62.4,59.8,321.0,15.1,10.1,103.0,19.3,93,0.0,8.8
Belagavi,15.8521,74.5045,2026-03-07 03:00:00,63.1,60.3,327.0,14.4,9.7,100.0,19.4,92,0.0,9.7
Belagavi,15.8521,74.5045,2026-03-07 04:00:00,62.9,60.1,333.0,15.4,9.5,92.0,18.9,89,0.0,10.5
Belagavi,15.8521,74.5045,2026-03-07 05:00:00,66.1,63.6,340.0,23.0,10.9,79.0,19.7,76,0.0,10.1
Belagavi,15.8521,74.5045,2026-03-07 06:00:00,65.0,62.6,353.0,22.8,11.6,93.0,19.4,74,0.0,8.4
Belagavi,15.8521,74.5045,2026-03-07 07:00:00,67.8,65.4,367.0,22.3,12.6,113.0,19.7,68,0.0,9.9
Belagavi,15.8521,74.5045,2026-03-07 08:00:00,50.1,48.4,364.0,20.1,13.1,133.0,25.0,45,0.0,6.1
Belagavi,15.8521,74.5045,2026-03-07 09:00:00,31.9,30.4,328.0,14.6,12.8,152.0,29.4,28,0.0,4.2
Belagavi,15.8521,74.5045,2026-03-07 10:00:00,22.3,20.8,276.0,7.4,12.2,170.0,31.7,19,0.0,10.1
Belagavi,15.8521,74.5045,2026-03-07 11:00:00,19.6,17.1,237.0,2.2,11.4,184.0,32.6,18,0.0,10.3
Belagavi,15.8521,74.5045,2026-03-07 12:00:00,20.1,17.0,227.0,0.7,10.6,191.0,33.7,16,0.0,9.8
Belagavi,15.8521,74.5045,2026-03-07 13:00:00,21.1,17.6,231.0,1.2,9.7,194.0,34.4,15,0.0,10.0
Belagavi,15.8521,74.5045,2026-03-07 14:00:00,21.7,18.1,235.0,1.9,9.0,195.0,34.9,15,0.0,10.1
Belagavi,15.8521,74.5045,2026-03-07 15:00:00,22.2,18.6,234.0,1.2,8.3,198.0,34.8,15,0.0,8.7
Belagavi,15.8521,74.5045,2026-03-07 16:00:00,22.7,19.1,232.0,0.6,7.6,200.0,34.4,15,0.0,8.6
Belagavi,15.8521,74.5045,2026-03-07 17:00:00,23.3,20.3,236.0,3.7,7.0,202.0,33.8,15,0.0,11.7
Belagavi,15.8521,74.5045,2026-03-07 18:00:00,26.6,24.0,246.0,13.8,8.7,172.0,30.6,23,0.0,0.5
Belagavi,15.8521,74.5045,2026-03-07 19:00:00,36.0,33.5,261.0,27.6,11.0,130.0,26.3,50,0.0,13.4
Belagavi,15.8521,74.5045,2026-03-07 20:00:00,44.8,42.7,279.0,36.0,12.2,98.0,23.5,73,0.0,16.0
Belagavi,15.8521,74.5045,2026-03-07 21:00:00,49.6,47.7,303.0,34.0,11.3,86.0,23.5,71,0.0,14.3
Belagavi,15.8521,74.5045,2026-03-07 22:00:00,50.8,49.1,329.0,26.7,9.3,85.0,23.2,70,0.0,9.0
Belagavi,15.8521,74.5045,2026-03-07 23:00:00,53.3,51.5,345.0,20.5,7.4,84.0,22.1,77,0.0,5.1
Belagavi,15.8521,74.5045,2026-03-08 00:00:00,55.5,53.6,339.0,17.8,6.0,81.0,22.2,76,0.0,7.2
Belagavi,15.8521,74.5045,2026-03-08 01:00:00,59.5,57.3,323.0,16.2,4.9,79.0,22.0,72,0.0,9.8
Belagavi,15.8521,74.5045,2026-03-08 02:00:00,61.0,58.8,314.0,15.3,4.1,77.0,21.9,67,0.0,10.6
Belagavi,15.8521,74.5045,2026-03-08 03:00:00,58.7,56.5,324.0,14.9,3.8,75.0,21.7,63,0.0,11.1
Belagavi,15.8521,74.5045,2026-03-08 04:00:00,57.5,55.1,343.0,15.2,3.9,74.0,21.6,59,0.0,9.8
Belagavi,15.8521,74.5045,2026-03-08 05:00:00,64.7,62.4,355.0,19.3,5.4,72.0,21.9,60,0.0,11.9
Belagavi,15.8521,74.5045,2026-03-08 06:00:00,62.2,60.1,358.0,19.2,7.2,84.0,21.8,58,0.0,11.5
Belagavi,15.8521,74.5045,2026-03-08 07:00:00,61.7,59.4,356.0,18.9,9.6,102.0,22.7,52,0.0,11.8
Belagavi,15.8521,74.5045,2026-03-08 08:00:00,40.5,39.0,344.0,17.2,11.5,122.0,26.8,38,0.0,9.8
Belagavi,15.8521,74.5045,2026-03-08 09:00:00,33.4,30.0,316.0,12.6,12.3,147.0,30.0,24,0.0,13.7
Belagavi,15.8521,74.5045,2026-03-08 10:00:00,33.1,26.9,279.0,6.7,12.5,174.0,31.9,20,0.0,14.9
Belagavi,15.8521,74.5045,2026-03-08 11:00:00,29.2,23.5,251.0,2.3,12.2,193.0,32.9,18,0.0,14.1
Belagavi,15.8521,74.5045,2026-03-08 12:00:00,27.0,21.9,241.0,1.1,11.0,200.0,34.0,16,0.0,14.0
Belagavi,15.8521,74.5045,2026-03-08 13:00:00,26.3,21.4,241.0,1.4,9.2,199.0,34.6,16,0.0,14.2
Belagavi,15.8521,74.5045,2026-03-08 14:00:00,25.8,21.1,241.0,2.0,7.8,197.0,35.2,16,0.0,14.0
Belagavi,15.8521,74.5045,2026-03-08 15:00:00,25.3,20.8,233.0,1.2,6.9,198.0,35.2,16,0.0,11.8
Belagavi,15.8521,74.5045,2026-03-08 16:00:00,24.7,20.5,225.0,0.6,6.3,199.0,34.6,15,0.0,10.2
Belagavi,15.8521,74.5045,2026-03-08 17:00:00,23.1,19.7,232.0,3.5,6.1,201.0,33.8,15,0.0,11.4
Belagavi,15.8521,74.5045,2026-03-08 18:00:00,27.1,24.3,267.0,11.0,7.0,175.0,31.5,15,0.0,9.9
Belagavi,15.8521,74.5045,2026-03-08 19:00:00,33.5,30.9,316.0,21.4,8.4,140.0,29.6,19,0.0,10.7
Belagavi,15.8521,74.5045,2026-03-08 20:00:00,40.2,37.6,353.0,30.5,9.8,109.0,27.2,25,0.0,1.7
Belagavi,15.8521,74.5045,2026-03-08 21:00:00,48.7,46.0,366.0,37.0,11.5,89.0,24.9,41,0.0,2.4
Belagavi,15.8521,74.5045,2026-03-08 22:00:00,58.6,55.8,366.0,42.1,13.4,75.0,23.3,61,0.0,5.2
Belagavi,15.8521,74.5045,2026-03-08 23:00:00,66.1,63.1,368.0,44.9,14.5,65.0,22.1,75,0.0,7.2
Belagavi,15.8521,74.5045,2026-03-09 00:00:00,70.8,67.5,377.0,44.3,14.3,61.0,21.2,83,0.0,8.7
Belagavi,15.8521,74.5045,2026-03-09 01:00:00,72.4,69.2,386.0,41.4,13.3,62.0,21.2,79,0.0,7.7
Belagavi,15.8521,74.5045,2026-03-09 02:00:00,73.8,70.1,392.0,38.5,12.6,64.0,21.3,70,0.0,5.6
Belagavi,15.8521,74.5045,2026-03-09 03:00:00,74.3,70.5,390.0,36.9,12.5,65.0,20.8,67,0.0,4.9
Belagavi,15.8521,74.5045,2026-03-09 04:00:00,73.6,70.1,384.0,35.3,12.6,66.0,21.0,58,0.0,6.5
Belagavi,15.8521,74.5045,2026-03-09 05:00:00,59.4,56.1,381.0,30.0,11.2,68.0,22.0,52,0.0,8.9
Belagavi,15.8521,74.5045,2026-03-09 06:00:00,56.7,53.3,392.0,28.0,11.4,77.0,22.0,48,0.0,8.3
Belagavi,15.8521,74.5045,2026-03-09 07:00:00,56.6,53.0,406.0,25.1,11.7,91.0,23.4,40,0.0,11.2
Belagavi,15.8521,74.5045,2026-03-09 08:00:00,44.5,41.4,402.0,21.0,11.7,108.0,26.9,33,0.0,11.8
Belagavi,15.8521,74.5045,2026-03-09 09:00:00,39.2,34.0,363.0,14.8,11.3,134.0,29.1,30,0.0,14.6
Belagavi,15.8521,74.5045,2026-03-09 10:00:00,36.8,29.8,306.0,7.5,10.7,163.0,31.3,26,0.0,15.6
Belagavi,15.8521,74.5045,2026-03-09 11:00:00,29.9,23.3,263.0,2.2,9.8,184.0,32.4,20,0.0,18.4
Belagavi,15.8521,74.5045,2026-03-09 12:00:00,25.6,20.3,248.0,0.6,8.6,189.0,33.4,17,0.0,18.4
Belagavi,15.8521,74.5045,2026-03-09 13:00:00,23.5,18.9,248.0,1.0,7.1,185.0,34.6,14,0.0,17.7
Belagavi,15.8521,74.5045,2026-03-09 14:00:00,22.1,18.2,249.0,1.7,6.0,181.0,35.1,12,0.0,20.9
Belagavi,15.8521,74.5045,2026-03-09 15:00:00,21.4,17.8,248.0,1.5,5.3,181.0,34.8,13,0.0,22.1
Belagavi,15.8521,74.5045,2026-03-09 16:00:00,20.8,17.5,249.0,1.5,5.0,180.0,34.3,13,0.0,21.3
Belagavi,15.8521,74.5045,2026-03-09 17:00:00,17.6,15.5,255.0,3.0,5.2,175.0,33.0,14,0.0,21.4
Belagavi,15.8521,74.5045,2026-03-09 18:00:00,17.5,15.9,271.0,6.9,5.8,160.0,31.3,16,0.0,17.6
Belagavi,15.8521,74.5045,2026-03-09 19:00:00,20.5,18.9,292.0,12.3,6.6,140.0,29.4,19,0.0,12.2
Belagavi,15.8521,74.5045,2026-03-09 20:00:00,23.9,22.1,309.0,16.1,7.3,125.0,28.3,22,0.0,14.9
Belagavi,15.8521,74.5045,2026-03-09 21:00:00,27.2,24.9,319.0,17.1,7.6,119.0,27.8,26,0.0,14.8
Belagavi,15.8521,74.5045,2026-03-09 22:00:00,30.6,27.6,326.0,16.6,7.7,119.0,27.3,26,0.0,14.7
Belagavi,15.8521,74.5045,2026-03-09 23:00:00,33.3,29.5,332.0,15.6,7.8,119.0,26.5,29,0.0,15.8
Belagavi,15.8521,74.5045,2026-03-10 00:00:00,34.3,29.9,337.0,14.3,7.8,121.0,25.8,31,0.0,12.4
Belagavi,15.8521,74.5045,2026-03-10 01:00:00,34.8,30.0,340.0,12.7,7.7,124.0,24.7,34,0.0,11.8
Belagavi,15.8521,74.5045,2026-03-10 02:00:00,36.2,30.9,347.0,11.3,7.7,124.0,24.3,38,0.0,14.5
Belagavi,15.8521,74.5045,2026-03-10 03:00:00,38.2,32.8,362.0,10.5,7.7,118.0,23.5,44,0.0,12.5
Belagavi,15.8521,74.5045,2026-03-10 04:00:00,40.5,35.4,379.0,10.0,7.8,108.0,22.8,49,0.0,10.6
Belagavi,15.8521,74.5045,2026-03-10 05:00:00,43.0,38.1,388.0,10.4,7.4,92.0,23.1,53,0.0,12.0
Belagavi,15.8521,74.5045,2026-03-10 06:00:00,45.5,40.5,383.0,10.8,8.2,90.0,22.6,58,0.0,12.4
Belagavi,15.8521,74.5045,2026-03-10 07:00:00,48.8,43.3,370.0,11.2,9.3,89.0,23.0,60,0.0,13.3
Belagavi,15.8521,74.5045,2026-03-10 08:00:00,51.6,45.3,353.0,10.7,9.8,95.0,25.5,53,0.0,14.3
Belagavi,15.8521,74.5045,2026-03-10 09:00:00,55.5,46.9,330.0,8.2,9.2,117.0,28.1,42,0.0,17.4
Belagavi,15.8521,74.5045,2026-03-10 10:00:00,56.8,47.0,304.0,4.8,8.0,146.0,30.3,31,0.0,20.2
Belagavi,15.8521,74.5045,2026-03-10 11:00:00,56.9,46.1,285.0,2.2,7.0,169.0,31.2,30,0.0,23.9
Belagavi,15.8521,74.5045,2026-03-10 12:00:00,58.2,46.7,278.0,1.4,6.5,179.0,32.2,29,0.0,24.5
Belagavi,15.8521,74.5045,2026-03-10 13:00:00,58.7,47.5,278.0,1.4,6.1,182.0,33.1,27,0.0,23.4
Belagavi,15.8521,74.5045,2026-03-10 14:00:00,57.7,47.3,280.0,1.7,5.9,182.0,33.7,25,0.0,23.1
Belagavi,15.8521,74.5045,2026-03-10 15:00:00,56.1,46.2,280.0,1.7,5.8,182.0,33.4,25,0.0,21.8
Belagavi,15.8521,74.5045,2026-03-10 16:00:00,54.6,45.4,282.0,2.0,5.8,180.0,32.7,25,0.0,21.3
Belagavi,15.8521,74.5045,2026-03-10 17:00:00,60.1,51.0,290.0,3.2,6.1,173.0,32.0,27,0.0,21.4
Belagavi,15.8521,74.5045,2026-03-10 18:00:00,57.9,51.0,307.0,6.2,6.6,161.0,30.7,29,0.0,17.9
Belagavi,15.8521,74.5045,2026-03-10 19:00:00,58.3,52.2,330.0,10.3,7.3,144.0,29.1,31,0.0,14.8
Belagavi,15.8521,74.5045,2026-03-10 20:00:00,59.4,53.4,351.0,13.4,7.6,129.0,28.2,31,0.0,14.1
Belagavi,15.8521,74.5045,2026-03-10 21:00:00,60.3,54.2,369.0,14.6,7.3,118.0,26.9,33,0.0,8.8
Belagavi,15.8521,74.5045,2026-03-10 22:00:00,60.1,54.0,385.0,14.9,6.7,109.0,25.4,37,0.0,7.1
Belagavi,15.8521,74.5045,2026-03-10 23:00:00,58.8,52.5,393.0,15.0,6.1,101.0,24.9,41,0.0,8.5
Belagavi,15.8521,74.5045,2026-03-11 00:00:00,56.3,50.1,386.0,15.2,5.4,94.0,24.5,42,0.0,8.8
Belagavi,15.8521,74.5045,2026-03-11 01:00:00,53.9,47.5,372.0,15.3,4.6,89.0,23.7,44,0.0,8.3
Belagavi,15.8521,74.5045,2026-03-11 02:00:00,51.9,45.1,370.0,15.7,4.3,84.0,22.9,46,0.0,7.3
Belagavi,15.8521,74.5045,2026-03-11 03:00:00,50.1,42.8,398.0,17.1,4.7,78.0,21.8,49,0.0,5.9
Belagavi,15.8521,74.5045,2026-03-11 04:00:00,48.3,41.1,438.0,18.8,5.5,73.0,21.3,50,0.0,6.0
Belagavi,15.8521,74.5045,2026-03-11 05:00:00,52.9,45.4,455.0,22.3,5.7,63.0,21.5,48,0.0,8.3
Belagavi,15.8521,74.5045,2026-03-11 06:00:00,52.2,45.3,426.0,20.6,7.0,69.0,21.7,46,0.0,8.8
Belagavi,15.8521,74.5045,2026-03-11 07:00:00,49.7,43.8,374.0,18.2,8.7,78.0,22.7,44,0.0,10.4
Belagavi,15.8521,74.5045,2026-03-11 08:00:00,36.1,32.2,328.0,15.1,9.8,92.0,25.3,38,0.0,11.2
Belagavi,15.8521,74.5045,2026-03-11 09:00:00,25.6,22.0,298.0,10.8,9.8,115.0,27.8,33,0.0,12.8
Belagavi,15.8521,74.5045,2026-03-11 10:00:00,28.3,22.8,274.0,5.9,9.2,142.0,29.9,29,0.0,14.0
Belagavi,15.8521,74.5045,2026-03-11 11:00:00,36.7,29.0,256.0,2.4,8.4,162.0,31.1,24,0.0,18.4
Belagavi,15.8521,74.5045,2026-03-11 12:00:00,41.8,32.9,244.0,1.2,7.6,170.0,32.4,21,0.0,19.8
Belagavi,15.8521,74.5045,2026-03-11 13:00:00,43.3,34.1,237.0,1.3,6.7,172.0,33.3,20,0.0,21.1
Belagavi,15.8521,74.5045,2026-03-11 14:00:00,42.7,33.8,232.0,1.7,5.9,171.0,33.6,19,0.0,18.4
Belagavi,15.8521,74.5045,2026-03-11 15:00:00,41.1,32.5,223.0,1.4,5.3,170.0,33.6,17,0.0,17.8
Belagavi,15.8521,74.5045,2026-03-11 16:00:00,38.8,30.7,217.0,1.4,4.9,167.0,33.4,17,0.0,18.4
Belagavi,15.8521,74.5045,2026-03-11 17:00:00,37.1,29.1,226.0,3.0,4.8,158.0,32.7,18,0.0,16.7
Belagavi,15.8521,74.5045,2026-03-11 18:00:00,37.6,31.2,267.0,7.9,5.1,141.0,30.6,21,0.0,10.8
Belagavi,15.8521,74.5045,2026-03-11 19:00:00,40.2,34.8,325.0,14.7,5.5,118.0,28.5,25,0.0,8.3
Belagavi,15.8521,74.5045,2026-03-11 20:00:00,42.0,36.9,362.0,20.0,5.9,99.0,27.0,28,0.0,5.9
Belagavi,15.8521,74.5045,2026-03-11 21:00:00,43.5,38.1,359.0,22.1,6.3,89.0,25.8,32,0.0,1.5
Belagavi,15.8521,74.5045,2026-03-11 22:00:00,44.8,38.4,335.0,22.6,6.6,84.0,24.8,44,0.0,0.7
Belagavi,15.8521,74.5045,2026-03-11 23:00:00,46.3,39.5,321.0,23.2,6.9,79.0,24.4,36,0.0,2.3
Belagavi,15.8521,74.5045,2026-03-12 00:00:00,48.7,41.1,327.0,24.3,7.0,75.0,23.9,37,0.0,3.2
Belagavi,15.8521,74.5045,2026-03-12 01:00:00,52.9,44.9,342.0,25.5,7.0,72.0,23.4,38,0.0,3.4
Belagavi,15.8521,74.5045,2026-03-12 02:00:00,58.7,50.3,358.0,26.9,7.0,67.0,22.5,41,0.0,6.0
Belagavi,15.8521,74.5045,2026-03-12 03:00:00,65.0,56.5,372.0,29.5,6.9,56.0,22.0,44,0.0,6.2
Belagavi,15.8521,74.5045,2026-03-12 04:00:00,69.4,60.8,387.0,32.3,6.7,43.0,21.5,45,0.0,5.7
Belagavi,15.8521,74.5045,2026-03-12 05:00:00,63.8,54.0,399.0,32.0,8.3,59.0,21.7,46,0.0,7.0
Belagavi,15.8521,74.5045,2026-03-12 06:00:00,62.9,53.3,413.0,28.2,9.1,71.0,21.8,45,0.0,7.4
Belagavi,15.8521,74.5045,2026-03-12 07:00:00,61.7,52.3,423.0,22.7,10.2,89.0,23.1,43,0.0,10.7
Belagavi,15.8521,74.5045,2026-03-12 08:00:00,49.1,42.0,415.0,17.2,10.8,107.0,26.8,35,0.0,8.3
Belagavi,15.8521,74.5045,2026-03-12 09:00:00,41.9,33.2,371.0,11.6,10.5,127.0,29.5,30,0.0,13.6
Belagavi,15.8521,74.5045,2026-03-12 10:00:00,39.2,30.6,307.0,6.1,9.7,148.0,31.3,25,0.0,13.8
Belagavi,15.8521,74.5045,2026-03-12 11:00:00,35.5,28.1,258.0,2.1,8.8,164.0,32.3,22,0.0,16.6
Belagavi,15.8521,74.5045,2026-03-12 12:00:00,32.0,26.0,239.0,0.8,7.8,172.0,33.4,20,0.0,16.1
Belagavi,15.8521,74.5045,2026-03-12 13:00:00,29.0,24.0,234.0,1.1,6.7,175.0,34.6,18,0.0,14.8
Belagavi,15.8521,74.5045,2026-03-12 14:00:00,26.7,22.4,231.0,1.6,5.9,176.0,35.1,16,0.0,15.2
Belagavi,15.8521,74.5045,2026-03-12 15:00:00,25.3,21.5,220.0,1.3,5.5,179.0,35.3,15,0.0,16.7
Belagavi,15.8521,74.5045,2026-03-12 16:00:00,24.7,21.1,210.0,1.1,5.3,180.0,34.7,15,0.0,18.1
Belagavi,15.8521,74.5045,2026-03-12 17:00:00,19.1,17.1,214.0,3.1,5.9,176.0,33.5,15,0.0,15.5
Belagavi,15.8521,74.5045,2026-03-12 18:00:00,22.9,21.2,243.0,9.0,6.7,157.0,31.5,18,0.0,10.2
Belagavi,15.8521,74.5045,2026-03-12 19:00:00,28.8,27.0,285.0,17.3,7.8,129.0,29.9,19,0.0,10.7
Belagavi,15.8521,74.5045,2026-03-12 20:00:00,33.6,31.7,316.0,24.1,8.7,105.0,27.7,23,0.0,6.5
Belagavi,15.8521,74.5045,2026-03-12 21:00:00,40.7,38.3,324.0,28.5,9.4,85.0,25.5,30,0.0,4.0
Belagavi,15.8521,74.5045,2026-03-12 22:00:00,51.3,47.8,321.0,31.4,9.9,69.0,23.7,59,0.0,10.5
Belagavi,15.8521,74.5045,2026-03-12 23:00:00,58.0,53.3,318.0,32.0,10.1,59.0,22.8,69,0.0,8.3
Belagavi,15.8521,74.5045,2026-03-13 00:00:00,61.7,55.8,316.0,28.8,9.6,61.0,22.8,68,0.0,8.0
Belagavi,15.8521,74.5045,2026-03-13 01:00:00,63.8,56.6,315.0,23.3,8.8,69.0,22.4,71,0.0,9.5
Belagavi,15.8521,74.5045,2026-03-13 02:00:00,65.0,56.3,319.0,19.1,8.3,77.0,21.9,71,0.0,9.7
Belagavi,15.8521,74.5045,2026-03-13 03:00:00,66.8,57.2,336.0,17.2,8.3,80.0,21.3,70,0.0,7.2
Belagavi,15.8521,74.5045,2026-03-13 04:00:00,69.4,59.0,358.0,16.6,8.6,81.0,21.0,66,0.0,6.4
Belagavi,15.8521,74.5045,2026-03-13 05:00:00,67.5,59.6,374.0,24.7,9.5,67.0,20.9,68,0.0,6.0
Belagavi,15.8521,74.5045,2026-03-13 06:00:00,68.9,61.0,380.0,28.0,10.5,79.0,20.9,63,0.0,5.8
Belagavi,15.8521,74.5045,2026-03-13 07:00:00,73.1,65.7,378.0,32.2,11.9,95.0,22.9,54,0.0,9.2
Belagavi,15.8521,74.5045,2026-03-13 08:00:00,68.7,63.6,367.0,32.2,12.4,114.0,27.5,40,0.0,7.9
Belagavi,15.8521,74.5045,2026-03-13 09:00:00,30.7,26.3,338.0,23.8,11.3,136.0,29.8,27,0.0,11.1
Belagavi,15.8521,74.5045,2026-03-13 10:00:00,27.2,22.4,299.0,11.2,9.3,159.0,31.5,24,0.0,10.6
Belagavi,15.8521,74.5045,2026-03-13 11:00:00,27.9,22.9,268.0,2.0,7.8,176.0,32.8,21,0.0,7.5
Belagavi,15.8521,74.5045,2026-03-13 12:00:00,28.1,23.2,253.0,0.0,7.2,183.0,34.1,19,0.0,6.6
Belagavi,15.8521,74.5045,2026-03-13 13:00:00,28.1,23.4,246.0,0.6,7.1,183.0,34.9,17,0.0,6.8
Belagavi,15.8521,74.5045,2026-03-13 14:00:00,28.5,24.0,242.0,1.8,7.0,182.0,35.4,16,0.0,9.1
Belagavi,15.8521,74.5045,2026-03-13 15:00:00,29.0,24.6,238.0,1.7,6.7,183.0,35.0,16,0.0,11.6
Belagavi,15.8521,74.5045,2026-03-13 16:00:00,29.7,25.5,237.0,1.8,6.5,183.0,35.4,14,0.0,12.8
Belagavi,15.8521,74.5045,2026-03-13 17:00:00,32.5,28.3,240.0,3.7,6.3,177.0,33.3,15,0.0,1.3
Belagavi,15.8521,74.5045,2026-03-13 18:00:00,36.3,32.4,251.0,7.5,6.9,154.0,28.6,48,0.0,17.0
Belagavi,15.8521,74.5045,2026-03-13 19:00:00,43.1,40.0,267.0,12.8,7.7,123.0,26.1,70,0.0,16.1
Belagavi,15.8521,74.5045,2026-03-13 20:00:00,47.6,45.1,282.0,16.5,8.0,98.0,24.8,68,0.0,16.2
Belagavi,15.8521,74.5045,2026-03-13 21:00:00,52.6,50.2,295.0,17.1,7.4,87.0,24.0,75,0.0,12.6
Belagavi,15.8521,74.5045,2026-03-13 22:00:00,58.2,55.4,308.0,16.1,6.3,84.0,23.2,82,0.0,10.3
Belagavi,15.8521,74.5045,2026-03-13 23:00:00,59.5,56.3,320.0,15.4,5.3,80.0,22.8,82,0.0,11.0
Belagavi,15.8521,74.5045,2026-03-14 00:00:00,57.6,54.0,331.0,15.6,4.6,74.0,22.6,80,0.0,9.6
Belagavi,15.8521,74.5045,2026-03-14 01:00:00,58.7,54.7,340.0,16.1,4.0,69.0,21.9,82,0.0,8.7
Belagavi,15.8521,74.5045,2026-03-14 02:00:00,59.3,55.3,348.0,16.5,3.7,65.0,21.1,90,0.0,9.4
Belagavi,15.8521,74.5045,2026-03-14 03:00:00,58.0,54.0,356.0,16.7,3.9,63.0,20.5,97,0.0,10.0
Belagavi,15.8521,74.5045,2026-03-14 04:00:00,57.4,53.2,362.0,16.9,4.5,62.0,20.0,96,0.0,10.0
Belagavi,15.8521,74.5045,2026-03-14 05:00:00,55.9,53.6,364.0,18.0,3.1,51.0,20.3,94,0.0,10.7
Belagavi,15.8521,74.5045,2026-03-14 06:00:00,54.7,52.6,359.0,18.4,4.6,68.0,20.0,91,0.0,9.3
Belagavi,15.8521,74.5045,2026-03-14 07:00:00,56.9,55.1,349.0,18.8,6.7,92.0,21.6,73,0.0,8.6
Belagavi,15.8521,74.5045,2026-03-14 08:00:00,49.6,46.7,337.0,17.6,8.4,117.0,24.9,60,0.0,7.1
Belagavi,15.8521,74.5045,2026-03-14 09:00:00,48.1,43.5,321.0,13.1,9.6,145.0,28.0,46,0.0,2.6
Belagavi,15.8521,74.5045,2026-03-14 10:00:00,47.6,40.4,303.0,6.9,10.5,174.0,31.1,30,0.0,2.4
Belagavi,15.8521,74.5045,2026-03-14 11:00:00,47.0,38.8,290.0,2.4,10.8,194.0,31.9,27,0.0,3.1
Belagavi,15.8521,74.5045,2026-03-14 12:00:00,45.5,37.0,285.0,1.1,10.1,201.0,33.6,21,0.0,5.2
Belagavi,15.8521,74.5045,2026-03-14 13:00:00,44.2,36.2,284.0,1.5,8.9,199.0,34.4,19,0.0,10.0
Belagavi,15.8521,74.5045,2026-03-14 14:00:00,43.5,36.0,288.0,2.1,7.9,195.0,34.5,18,0.0,16.2
Belagavi,15.8521,74.5045,2026-03-14 15:00:00,43.9,36.7,299.0,2.7,7.6,191.0,34.8,16,0.0,14.9
Belagavi,15.8521,74.5045,2026-03-14 16:00:00,46.6,39.8,313.0,3.5,7.6,184.0,31.6,31,0.0,19.5
Belagavi,15.8521,74.5045,2026-03-14 17:00:00,61.0,52.6,320.0,3.8,7.5,165.0,29.5,43,0.0,18.5
Belagavi,15.8521,74.5045,2026-03-14 18:00:00,58.9,53.8,309.0,4.4,7.2,151.0,27.2,59,0.0,17.2
Belagavi,15.8521,74.5045,2026-03-14 19:00:00,57.0,54.1,291.0,5.3,6.7,131.0,25.4,74,0.0,15.4
Belagavi,15.8521,74.5045,2026-03-14 20:00:00,55.2,53.2,281.0,6.0,6.1,116.0,23.9,84,0.0,14.4
Belagavi,15.8521,74.5045,2026-03-14 21:00:00,54.0,52.0,290.0,6.2,5.4,110.0,23.1,90,0.0,11.6
Belagavi,15.8521,74.5045,2026-03-14 22:00:00,51.9,50.1,307.0,6.2,4.5,107.0,22.6,93,0.0,13.5
Belagavi,15.8521,74.5045,2026-03-14 23:00:00,51.8,49.5,318.0,6.6,3.7,104.0,22.2,96,0.0,12.5
Belagavi,15.8521,74.5045,2026-03-15 00:00:00,52.6,50.1,313.0,7.8,3.0,96.0,22.2,90,0.0,9.1
Belagavi,15.8521,74.5045,2026-03-15 01:00:00,56.2,53.3,301.0,9.4,2.3,87.0,21.7,92,0.0,6.2
Belagavi,15.8521,74.5045,2026-03-15 02:00:00,60.5,57.6,294.0,10.6,1.8,81.0,21.1,93,0.0,7.5
Belagavi,15.8521,74.5045,2026-03-15 03:00:00,62.6,59.4,301.0,10.9,1.5,78.0,20.7,89,0.0,8.3
Belagavi,15.8521,74.5045,2026-03-15 04:00:00,65.9,61.9,312.0,10.8,1.4,78.0,20.5,86,0.0,5.7
Belagavi,15.8521,74.5045,2026-03-15 05:00:00,60.5,56.8,316.0,7.6,1.7,94.0,20.8,95,0.0,5.2
Belagavi,15.8521,74.5045,2026-03-15 06:00:00,63.1,58.9,304.0,8.2,3.0,99.0,21.1,94,0.0,8.3
Belagavi,15.8521,74.5045,2026-03-15 07:00:00,61.2,56.5,283.0,8.8,4.7,107.0,22.0,83,0.0,8.1
Belagavi,15.8521,74.5045,2026-03-15 08:00:00,53.0,47.8,267.0,8.7,6.3,118.0,24.6,66,0.0,4.4
Belagavi,15.8521,74.5045,2026-03-15 09:00:00,41.2,36.0,260.0,6.9,7.6,133.0,27.7,47,0.0,1.4
Belagavi,15.8521,74.5045,2026-03-15 10:00:00,36.6,31.7,256.0,4.3,8.7,151.0,30.6,34,0.0,2.7
Belagavi,15.8521,74.5045,2026-03-15 11:00:00,38.1,33.3,254.0,2.3,9.3,165.0,31.7,26,0.0,4.1
Belagavi,15.8521,74.5045,2026-03-15 12:00:00,41.7,35.9,253.0,1.7,9.0,172.0,33.1,23,0.0,2.8
Belagavi,15.8521,74.5045,2026-03-15 13:00:00,43.3,36.9,253.0,1.7,8.2,174.0,34.0,22,0.0,5.3
Belagavi,15.8521,74.5045,2026-03-15 14:00:00,43.8,37.6,253.0,1.9,7.4,173.0,33.1,22,0.0,8.9
Belagavi,15.8521,74.5045,2026-03-15 15:00:00,43.3,37.6,255.0,2.1,7.0,168.0,31.4,28,0.0,15.1
Belagavi,15.8521,74.5045,2026-03-15 16:00:00,42.4,37.1,256.0,2.4,6.7,159.0,29.4,37,0.0,20.3
Belagavi,15.8521,74.5045,2026-03-15 17:00:00,55.8,48.4,252.0,3.3,6.7,141.0,27.5,57,0.0,19.3
Belagavi,15.8521,74.5045,2026-03-15 18:00:00,47.0,42.0,237.0,4.1,6.0,124.0,25.4,68,0.0,18.7
Belagavi,15.8521,74.5045,2026-03-15 19:00:00,39.1,34.6,216.0,5.3,5.0,100.0,24.2,78,0.0,14.8
Belagavi,15.8521,74.5045,2026-03-15 20:00:00,34.6,29.6,200.0,6.5,4.2,81.0,22.8,86,0.0,13.3
Belagavi,15.8521,74.5045,2026-03-15 21:00:00,34.2,28.1,196.0,7.6,3.9,72.0,22.7,89,0.0,16.6
Belagavi,15.8521,74.5045,2026-03-15 22:00:00,35.7,27.9,197.0,8.7,3.9,68.0,22.2,92,0.0,12.1
Belagavi,15.8521,74.5045,2026-03-15 23:00:00,39.2,29.6,198.0,9.4,3.7,65.0,21.8,93,0.0,8.4
Belagavi,15.8521,74.5045,2026-03-16 00:00:00,43.4,31.7,195.0,9.4,3.1,64.0,21.1,95,0.0,6.6
Belagavi,15.8521,74.5045,2026-03-16 01:00:00,47.6,32.6,192.0,9.2,2.4,64.0,20.7,95,0.0,9.3
Belagavi,15.8521,74.5045,2026-03-16 02:00:00,50.2,32.9,194.0,9.3,1.9,63.0,20.5,91,0.0,10.3
Belagavi,15.8521,74.5045,2026-03-16 03:00:00,51.3,32.8,207.0,10.3,1.7,57.0,20.2,81,0.0,11.8
Belagavi,15.8521,74.5045,2026-03-16 04:00:00,51.7,33.2,225.0,11.6,1.7,50.0,20.6,70,0.0,11.1
Belagavi,15.8521,74.5045,2026-03-16 05:00:00,56.0,38.6,239.0,10.8,1.9,60.0,19.0,91,0.0,7.9
Belagavi,15.8521,74.5045,2026-03-16 06:00:00,54.8,38.4,245.0,11.7,2.9,65.0,19.7,78,0.0,9.4
Belagavi,15.8521,74.5045,2026-03-16 07:00:00,52.2,36.3,248.0,12.7,4.3,73.0,21.0,67,0.0,8.6
Belagavi,15.8521,74.5045,2026-03-16 08:00:00,39.2,26.1,247.0,12.4,5.2,85.0,24.8,51,0.0,5.2
Belagavi,15.8521,74.5045,2026-03-16 09:00:00,33.3,19.7,241.0,9.4,5.1,105.0,28.8,32,0.0,5.4
Belagavi,15.8521,74.5045,2026-03-16 10:00:00,31.2,19.8,232.0,5.1,4.5,129.0,31.0,22,0.0,8.3
Belagavi,15.8521,74.5045,2026-03-16 11:00:00,31.3,21.7,227.0,1.9,4.0,147.0,31.2,22,0.0,9.5
Belagavi,15.8521,74.5045,2026-03-16 12:00:00,35.2,25.9,229.0,1.0,3.9,156.0,32.2,21,0.0,8.1
Belagavi,15.8521,74.5045,2026-03-16 13:00:00,37.8,28.4,235.0,1.3,4.0,160.0,33.0,20,0.0,5.2
Belagavi,15.8521,74.5045,2026-03-16 14:00:00,38.9,29.3,237.0,1.7,4.0,161.0,33.7,19,0.0,3.2
Belagavi,15.8521,74.5045,2026-03-16 15:00:00,38.6,29.0,230.0,1.8,3.8,159.0,33.7,19,0.0,3.4
Belagavi,15.8521,74.5045,2026-03-16 16:00:00,36.9,27.4,219.0,2.0,3.6,154.0,33.3,19,0.0,7.2
Belagavi,15.8521,74.5045,2026-03-16 17:00:00,23.3,17.1,211.0,2.8,2.9,137.0,32.5,19,0.0,9.3
Belagavi,15.8521,74.5045,2026-03-16 18:00:00,22.7,17.3,206.0,4.2,2.8,121.0,27.8,50,0.0,21.7
Belagavi,15.8521,74.5045,2026-03-16 19:00:00,22.7,16.9,204.0,6.3,2.8,98.0,25.6,62,0.0,17.4
Belagavi,15.8521,74.5045,2026-03-16 20:00:00,22.9,16.7,207.0,8.6,2.8,79.0,24.4,70,0.0,16.5
Belagavi,15.8521,74.5045,2026-03-16 21:00:00,24.6,17.8,220.0,11.2,3.0,68.0,23.3,74,0.0,13.9
Belagavi,15.8521,74.5045,2026-03-16 22:00:00,27.8,20.1,239.0,14.0,3.4,60.0,22.1,81,0.0,8.4
Belagavi,15.8521,74.5045,2026-03-16 23:00:00,30.0,21.5,254.0,16.5,3.7,54.0,21.4,84,0.0,4.8
Belagavi,15.8521,74.5045,2026-03-17 00:00:00,32.0,22.5,260.0,18.3,3.9,49.0,20.8,89,0.0,4.1
Belagavi,15.8521,74.5045,2026-03-17 01:00:00,34.3,23.9,262.0,19.9,4.0,46.0,20.0,94,0.0,5.5
Belagavi,15.8521,74.5045,2026-03-17 02:00:00,36.4,25.5,261.0,21.6,4.1,42.0,19.4,98,0.0,5.9
Belagavi,15.8521,74.5045,2026-03-17 03:00:00,38.6,27.5,257.0,24.6,4.3,34.0,18.6,99,0.0,1.4
Belagavi,15.8521,74.5045,2026-03-17 04:00:00,41.1,29.9,251.0,27.9,4.5,26.0,18.4,100,0.0,0.9
Belagavi,15.8521,74.5045,2026-03-17 05:00:00,41.3,29.7,248.0,27.3,4.4,24.0,18.9,98,0.0,4.3
Belagavi,15.8521,74.5045,2026-03-17 06:00:00,41.1,29.0,251.0,22.2,4.6,42.0,18.5,99,0.0,4.6
Belagavi,15.8521,74.5045,2026-03-17 07:00:00,43.9,33.8,256.0,15.1,5.0,68.0,19.5,89,0.0,4.8
Belagavi,15.8521,74.5045,2026-03-17 08:00:00,31.8,21.6,257.0,9.2,5.1,92.0,24.0,64,0.0,3.2
Belagavi,15.8521,74.5045,2026-03-17 09:00:00,31.9,19.4,249.0,5.7,4.8,113.0,27.7,38,0.0,3.3
Belagavi,15.8521,74.5045,2026-03-17 10:00:00,30.9,19.5,236.0,3.5,4.4,133.0,30.2,27,0.0,5.6
Belagavi,15.8521,74.5045,2026-03-17 11:00:00,29.7,21.0,228.0,2.0,4.0,149.0,31.4,24,0.0,11.3
Belagavi,15.8521,74.5045,2026-03-17 12:00:00,30.6,23.6,229.0,1.3,3.9,159.0,32.5,22,0.0,8.1
Belagavi,15.8521,74.5045,2026-03-17 13:00:00,30.5,24.2,234.0,1.4,3.9,165.0,33.0,21,0.0,5.1
Belagavi,15.8521,74.5045,2026-03-17 14:00:00,30.3,24.0,237.0,1.7,3.8,165.0,34.0,20,0.0,2.9
Belagavi,15.8521,74.5045,2026-03-17 15:00:00,30.5,23.9,233.0,1.9,3.5,159.0,29.3,38,0.2,22.9
Belagavi,15.8521,74.5045,2026-03-17 16:00:00,31.4,23.2,227.0,2.3,3.2,147.0,29.9,25,0.0,15.9
Belagavi,15.8521,74.5045,2026-03-17 17:00:00,34.8,22.0,222.0,3.1,3.0,135.0,28.2,38,0.0,14.9
Belagavi,15.8521,74.5045,2026-03-17 18:00:00,35.3,19.9,222.0,5.3,3.2,117.0,26.3,47,0.0,9.3
Belagavi,15.8521,74.5045,2026-03-17 19:00:00,33.4,19.6,223.0,8.5,3.4,93.0,24.6,56,0.0,11.7
Belagavi,15.8521,74.5045,2026-03-17 20:00:00,36.4,20.3,225.0,12.2,3.8,71.0,23.3,63,0.0,11.7
Belagavi,15.8521,74.5045,2026-03-17 21:00:00,43.4,24.1,225.0,16.8,4.5,56.0,22.5,63,0.0,3.9
Belagavi,15.8521,74.5045,2026-03-17 22:00:00,49.6,28.0,225.0,21.9,5.4,45.0,21.8,66,0.0,6.0
Belagavi,15.8521,74.5045,2026-03-17 23:00:00,54.8,30.5,227.0,26.2,6.0,36.0,21.5,69,0.0,3.2
Belagavi,15.8521,74.5045,2026-03-18 00:00:00,59.5,32.1,229.0,29.1,6.1,31.0,20.7,73,0.0,5.4
Belagavi,15.8521,74.5045,2026-03-18 01:00:00,64.0,34.6,232.0,31.3,6.0,28.0,19.8,81,0.0,3.8
Belagavi,15.8521,74.5045,2026-03-18 02:00:00,67.1,36.6,245.0,33.2,5.9,26.0,19.7,84,0.0,0.4
Belagavi,15.8521,74.5045,2026-03-18 03:00:00,69.2,38.5,279.0,36.0,6.0,20.0,19.3,82,0.0,6.0
Belagavi,15.8521,74.5045,2026-03-18 04:00:00,70.3,40.0,321.0,38.6,6.2,14.0,19.5,77,0.0,2.3
Belagavi,15.8521,74.5045,2026-03-18 05:00:00,56.7,39.1,346.0,29.9,6.5,33.0,18.0,89,0.0,10.8
Belagavi,15.8521,74.5045,2026-03-18 06:00:00,56.6,39.9,336.0,24.9,6.9,55.0,18.3,87,0.0,5.7
Belagavi,15.8521,74.5045,2026-03-18 07:00:00,57.7,43.2,308.0,17.8,7.4,87.0,20.1,78,0.0,8.0
Belagavi,15.8521,74.5045,2026-03-18 08:00:00,43.3,32.9,285.0,11.7,7.9,116.0,23.3,61,0.0,7.8
Belagavi,15.8521,74.5045,2026-03-18 09:00:00,37.1,31.2,275.0,7.6,8.3,140.0,26.3,42,0.0,11.1
Belagavi,15.8521,74.5045,2026-03-18 10:00:00,37.1,32.2,270.0,4.4,8.6,162.0,28.7,34,0.0,11.6
Belagavi,15.8521,74.5045,2026-03-18 11:00:00,37.5,32.6,265.0,2.2,8.6,177.0,29.7,31,0.0,10.0
Belagavi,15.8521,74.5045,2026-03-18 12:00:00,37.4,32.4,260.0,1.3,8.0,184.0,30.7,28,0.0,7.7
Belagavi,15.8521,74.5045,2026-03-18 13:00:00,37.0,31.9,256.0,1.3,7.0,184.0,31.3,25,0.0,7.4
Belagavi,15.8521,74.5045,2026-03-18 14:00:00,36.0,30.9,252.0,1.8,6.1,181.0,32.5,23,0.0,8.1
Belagavi,15.8521,74.5045,2026-03-18 15:00:00,35.5,30.2,247.0,1.9,5.2,175.0,30.5,26,0.0,15.0
Belagavi,15.8521,74.5045,2026-03-18 16:00:00,35.2,30.0,243.0,2.4,4.5,165.0,28.9,29,0.0,15.5
Belagavi,15.8521,74.5045,2026-03-18 17:00:00,24.1,21.5,244.0,4.8,3.5,148.0,28.5,29,0.0,4.2
Belagavi,15.8521,74.5045,2026-03-18 18:00:00,26.8,22.9,254.0,10.2,4.4,130.0,27.6,31,0.0,5.4
Belagavi,15.8521,74.5045,2026-03-18 19:00:00,30.6,26.2,270.0,17.7,5.6,106.0,25.8,44,0.0,14.1
Belagavi,15.8521,74.5045,2026-03-18 20:00:00,37.4,31.9,279.0,24.2,6.6,84.0,24.1,64,0.0,14.2
Belagavi,15.8521,74.5045,2026-03-18 21:00:00,43.9,37.4,278.0,28.3,7.3,69.0,23.1,72,0.0,10.9
Belagavi,15.8521,74.5045,2026-03-18 22:00:00,48.0,40.3,271.0,31.4,7.9,58.0,22.1,78,0.0,8.1
Belagavi,15.8521,74.5045,2026-03-18 23:00:00,51.6,42.5,263.0,34.1,8.2,48.0,21.7,82,0.0,8.0
Belagavi,15.8521,74.5045,2026-03-19 00:00:00,55.6,46.0,253.0,37.0,8.1,38.0,20.9,85,0.0,8.2
Belagavi,15.8521,74.5045,2026-03-19 01:00:00,59.1,49.2,243.0,39.5,7.6,30.0,20.4,87,0.0,6.1
Belagavi,15.8521,74.5045,2026-03-19 02:00:00,59.6,49.7,240.0,40.4,7.0,24.0,19.7,91,0.0,4.1
Belagavi,15.8521,74.5045,2026-03-19 03:00:00,59.1,48.4,252.0,39.1,5.9,20.0,19.0,93,0.0,4.1
Belagavi,15.8521,74.5045,2026-03-19 04:00:00,59.4,47.5,271.0,36.2,4.5,18.0,19.0,90,0.0,5.4
Belagavi,15.8521,74.5045,2026-03-19 05:00:00,49.5,40.2,283.0,27.2,6.9,43.0,18.4,88,0.0,2.6
Belagavi,15.8521,74.5045,2026-03-19 06:00:00,51.2,41.6,281.0,22.3,7.4,62.0,18.8,85,0.0,3.1
Belagavi,15.8521,74.5045,2026-03-19 07:00:00,52.5,43.5,272.0,15.6,7.9,89.0,20.2,77,0.0,4.2
Belagavi,15.8521,74.5045,2026-03-19 08:00:00,39.5,29.7,261.0,9.8,8.0,114.0,23.8,52,0.0,4.4
Belagavi,15.8521,74.5045,2026-03-19 09:00:00,31.9,23.5,249.0,6.1,7.1,134.0,26.5,38,0.0,6.7
Belagavi,15.8521,74.5045,2026-03-19 10:00:00,30.6,23.9,235.0,3.4,5.7,152.0,28.7,31,0.0,6.1
Belagavi,15.8521,74.5045,2026-03-19 11:00:00,30.6,23.7,226.0,1.6,4.5,163.0,29.2,32,0.0,3.6
Belagavi,15.8521,74.5045,2026-03-19 12:00:00,30.7,23.1,224.0,0.9,3.9,164.0,31.2,28,0.0,4.2
Belagavi,15.8521,74.5045,2026-03-19 13:00:00,31.0,22.6,227.0,1.1,3.4,159.0,31.9,26,0.0,5.9
Belagavi,15.8521,74.5045,2026-03-19 14:00:00,30.3,21.9,229.0,1.5,3.2,152.0,31.2,28,0.6,13.9
Belagavi,15.8521,74.5045,2026-03-19 15:00:00,30.4,21.4,229.0,1.7,3.1,146.0,28.7,32,1.0,14.9
Belagavi,15.8521,74.5045,2026-03-19 16:00:00,28.1,20.6,228.0,2.0,3.2,138.0,29.1,30,0.0,13.0
Belagavi,15.8521,74.5045,2026-03-19 17:00:00,24.0,15.8,227.0,2.7,3.3,134.0,27.1,39,0.0,7.6
Belagavi,15.8521,74.5045,2026-03-19 18:00:00,20.0,14.3,224.0,4.4,3.3,121.0,26.5,40,0.0,7.9
Belagavi,15.8521,74.5045,2026-03-19 19:00:00,17.6,13.9,221.0,6.9,3.4,103.0,24.4,55,0.0,13.4
Belagavi,15.8521,74.5045,2026-03-19 20:00:00,17.2,13.8,225.0,9.5,3.5,87.0,23.1,65,0.0,8.5
Belagavi,15.8521,74.5045,2026-03-19 21:00:00,17.5,14.3,245.0,11.9,3.7,74.0,22.4,71,0.0,8.9
Belagavi,15.8521,74.5045,2026-03-19 22:00:00,20.0,16.2,272.0,14.4,3.9,63.0,21.6,76,0.0,11.8
Belagavi,15.8521,74.5045,2026-03-19 23:00:00,22.5,18.3,286.0,17.2,4.0,53.0,21.1,77,0.0,12.1
Belagavi,15.8521,74.5045,2026-03-20 00:00:00,24.9,20.4,272.0,20.8,4.1,44.0,20.4,80,0.0,8.8
Belagavi,15.8521,74.5045,2026-03-20 01:00:00,27.9,23.3,246.0,24.8,4.1,35.0,19.4,82,0.0,7.4
Belagavi,15.8521,74.5045,2026-03-20 02:00:00,31.1,26.0,230.0,27.8,4.0,29.0,19.1,77,0.0,11.6
Belagavi,15.8521,74.5045,2026-03-20 03:00:00,33.8,28.2,240.0,29.8,3.4,23.0,19.2,66,0.0,13.5
Belagavi,15.8521,74.5045,2026-03-20 04:00:00,36.0,30.3,260.0,30.8,2.7,19.0,18.9,70,0.0,12.3
Belagavi,15.8521,74.5045,2026-03-20 05:00:00,27.9,21.8,270.0,21.0,4.6,36.0,18.7,68,0.0,12.6
Belagavi,15.8521,74.5045,2026-03-20 06:00:00,28.4,21.4,256.0,17.7,4.8,49.0,18.6,70,0.0,12.3
Belagavi,15.8521,74.5045,2026-03-20 07:00:00,31.0,23.1,231.0,13.1,5.1,67.0,19.8,70,0.0,12.3
Belagavi,15.8521,74.5045,2026-03-20 08:00:00,22.9,15.4,215.0,9.0,5.1,86.0,22.6,60,0.0,12.7
Belagavi,15.8521,74.5045,2026-03-20 09:00:00,18.6,12.6,219.0,5.9,4.7,104.0,25.1,48,0.0,13.1
Belagavi,15.8521,74.5045,2026-03-20 10:00:00,20.0,16.1,232.0,3.4,4.1,122.0,27.4,39,0.0,11.6
Belagavi,15.8521,74.5045,2026-03-20 11:00:00,24.8,20.1,239.0,1.6,3.6,136.0,28.2,37,0.0,7.4
Belagavi,15.8521,74.5045,2026-03-20 12:00:00,26.3,20.7,233.0,1.0,3.4,144.0,29.6,33,0.0,3.9
Belagavi,15.8521,74.5045,2026-03-20 13:00:00,26.7,20.5,220.0,1.1,3.3,147.0,30.4,31,0.0,1.9
Belagavi,15.8521,74.5045,2026-03-20 14:00:00,26.4,20.1,211.0,1.5,3.2,147.0,31.0,28,0.0,4.0
Belagavi,15.8521,74.5045,2026-03-20 15:00:00,26.2,19.7,207.0,1.6,3.0,144.0,31.4,25,0.0,6.9
Belagavi,15.8521,74.5045,2026-03-20 16:00:00,26.3,19.4,206.0,1.8,2.8,137.0,30.9,25,0.0,8.3
Belagavi,15.8521,74.5045,2026-03-20 17:00:00,13.2,11.4,208.0,2.8,2.6,125.0,30.8,24,0.0,4.2
Belagavi,15.8521,74.5045,2026-03-20 18:00:00,15.0,12.6,212.0,5.2,2.8,109.0,27.9,35,0.0,13.3
Belagavi,15.8521,74.5045,2026-03-20 19:00:00,18.1,14.8,218.0,8.6,3.1,86.0,25.2,49,0.0,13.7
Belagavi,15.8521,74.5045,2026-03-20 20:00:00,21.2,16.4,227.0,11.7,3.4,68.0,24.2,55,0.0,15.0
Belagavi,15.8521,74.5045,2026-03-20 21:00:00,24.6,18.2,245.0,14.4,3.9,59.0,23.0,61,0.0,11.9
Belagavi,15.8521,74.5045,2026-03-20 22:00:00,28.8,20.9,266.0,16.9,4.4,53.0,21.9,67,0.0,9.0
Belagavi,15.8521,74.5045,2026-03-20 23:00:00,33.3,23.7,276.0,18.6,4.7,50.0,21.2,74,0.0,12.1
Belagavi,15.8521,74.5045,2026-03-21 00:00:00,36.0,25.0,262.0,19.1,4.7,48.0,21.0,74,0.0,8.8
Belagavi,15.8521,74.5045,2026-03-21 01:00:00,37.7,25.5,236.0,18.8,4.5,48.0,20.1,77,0.0,6.2
Belagavi,15.8521,74.5045,2026-03-21 02:00:00,37.8,25.3,221.0,19.0,4.4,48.0,19.6,77,0.0,7.6
Belagavi,15.8521,74.5045,2026-03-21 03:00:00,36.9,25.0,231.0,20.7,4.5,44.0,19.8,68,0.0,10.1
Belagavi,15.8521,74.5045,2026-03-21 04:00:00,36.4,25.4,252.0,22.8,4.6,39.0,20.3,56,0.0,11.2
Belagavi,15.8521,74.5045,2026-03-21 05:00:00,42.6,30.6,267.0,27.0,5.8,36.0,20.4,58,0.0,11.9
Belagavi,15.8521,74.5045,2026-03-21 06:00:00,41.4,31.5,270.0,22.6,5.8,51.0,20.3,56,0.0,12.3
Belagavi,15.8521,74.5045,2026-03-21 07:00:00,41.8,33.6,267.0,16.5,5.9,73.0,21.4,54,0.0,13.3
Belagavi,15.8521,74.5045,2026-03-21 08:00:00,23.2,18.5,260.0,11.1,6.0,94.0,24.1,52,0.0,14.8
Belagavi,15.8521,74.5045,2026-03-21 09:00:00,22.0,14.2,245.0,7.2,6.2,113.0,26.8,42,0.0,16.0
Belagavi,15.8521,74.5045,2026-03-21 10:00:00,24.9,14.2,225.0,4.1,6.5,130.0,28.5,35,0.0,15.1
Belagavi,15.8521,74.5045,2026-03-21 11:00:00,24.0,14.0,210.0,2.0,6.5,144.0,29.5,33,0.0,11.1
Belagavi,15.8521,74.5045,2026-03-21 12:00:00,22.6,13.9,205.0,1.2,6.1,152.0,31.1,29,0.0,4.1
Belagavi,15.8521,74.5045,2026-03-21 13:00:00,22.3,14.0,206.0,1.4,5.4,156.0,31.8,26,0.0,4.0
Belagavi,15.8521,74.5045,2026-03-21 14:00:00,22.4,14.3,207.0,1.7,4.9,158.0,32.4,25,0.0,7.4
Belagavi,15.8521,74.5045,2026-03-21 15:00:00,22.2,14.1,205.0,1.4,4.6,160.0,32.5,23,0.0,11.8
Belagavi,15.8521,74.5045,2026-03-21 16:00:00,21.8,13.9,202.0,1.3,4.4,161.0,32.0,22,0.0,9.7
Belagavi,15.8521,74.5045,2026-03-21 17:00:00,16.1,10.4,206.0,2.8,4.0,145.0,31.9,22,0.0,3.0
Belagavi,15.8521,74.5045,2026-03-21 18:00:00,17.6,12.5,220.0,5.9,4.4,129.0,29.3,30,0.0,16.8
Belagavi,15.8521,74.5045,2026-03-21 19:00:00,21.5,16.4,239.0,10.3,5.0,107.0,25.8,47,0.0,15.8
Belagavi,15.8521,74.5045,2026-03-21 20:00:00,25.0,18.6,256.0,13.8,5.6,90.0,24.3,59,0.0,12.8
Belagavi,15.8521,74.5045,2026-03-21 21:00:00,29.6,20.7,270.0,15.5,6.1,84.0,23.3,59,0.0,10.2
Belagavi,15.8521,74.5045,2026-03-21 22:00:00,34.9,23.5,282.0,16.3,6.5,82.0,22.7,63,0.0,11.6
Belagavi,15.8521,74.5045,2026-03-21 23:00:00,39.0,25.1,287.0,16.8,6.8,82.0,22.2,65,0.0,10.1
Belagavi,15.8521,74.5045,2026-03-22 00:00:00,42.6,25.7,281.0,17.1,6.9,82.0,22.0,63,0.0,10.9
Belagavi,15.8521,74.5045,2026-03-22 01:00:00,46.0,26.4,268.0,17.2,6.8,82.0,21.8,57,0.0,12.1
Belagavi,15.8521,74.5045,2026-03-22 02:00:00,48.7,27.0,260.0,17.2,6.7,82.0,22.0,46,0.0,12.2
Belagavi,15.8521,74.5045,2026-03-22 03:00:00,49.9,27.1,262.0,17.3,6.5,78.0,21.4,45,0.0,10.6
Belagavi,15.8521,74.5045,2026-03-22 04:00:00,49.5,26.8,269.0,17.3,6.2,72.0,21.2,43,0.0,10.0
Belagavi,15.8521,74.5045,2026-03-22 05:00:00,55.4,30.4,275.0,21.6,7.4,66.0,20.9,46,0.0,9.6
Belagavi,15.8521,74.5045,2026-03-22 06:00:00,54.2,30.6,281.0,19.2,7.8,78.0,20.9,46,0.0,10.1
Belagavi,15.8521,74.5045,2026-03-22 07:00:00,53.1,32.2,286.0,15.8,8.2,96.0,22.6,41,0.0,13.1
Belagavi,15.8521,74.5045,2026-03-22 08:00:00,36.6,22.2,284.0,12.3,8.5,113.0,25.6,38,0.0,12.4
Belagavi,15.8521,74.5045,2026-03-22 09:00:00,28.8,17.0,270.0,8.6,8.4,129.0,28.2,33,0.0,11.2
Belagavi,15.8521,74.5045,2026-03-22 10:00:00,28.1,17.1,250.0,4.8,8.2,144.0,30.3,28,0.0,10.2
Belagavi,15.8521,74.5045,2026-03-22 11:00:00,28.4,17.1,234.0,2.1,7.8,156.0,30.9,27,0.0,8.9
Belagavi,15.8521,74.5045,2026-03-22 12:00:00,27.8,16.9,227.0,1.2,7.2,164.0,32.2,25,0.0,6.3
Belagavi,15.8521,74.5045,2026-03-22 13:00:00,28.0,17.0,224.0,1.4,6.5,168.0,33.0,24,0.0,4.3
Belagavi,15.8521,74.5045,2026-03-22 14:00:00,28.5,17.0,221.0,1.9,5.9,170.0,34.1,22,0.0,5.1
Belagavi,15.8521,74.5045,2026-03-22 15:00:00,28.9,16.8,214.0,2.3,5.6,169.0,33.7,21,0.0,11.4
Belagavi,15.8521,74.5045,2026-03-22 16:00:00,29.1,16.9,207.0,3.0,5.4,165.0,32.6,22,0.0,16.4
Belagavi,15.8521,74.5045,2026-03-22 17:00:00,30.4,17.8,209.0,3.8,5.5,152.0,32.3,20,0.0,10.5
Belagavi,15.8521,74.5045,2026-03-22 18:00:00,31.1,20.7,228.0,6.8,6.0,134.0,28.1,46,0.0,19.0
Belagavi,15.8521,74.5045,2026-03-22 19:00:00,30.4,23.6,256.0,10.9,6.7,110.0,25.0,69,0.0,17.2
Belagavi,15.8521,74.5045,2026-03-22 20:00:00,28.1,23.6,280.0,13.7,7.3,93.0,23.8,75,0.0,16.0
Belagavi,15.8521,74.5045,2026-03-22 21:00:00,28.1,24.0,296.0,13.9,7.6,90.0,23.0,80,0.0,14.6
Belagavi,15.8521,74.5045,2026-03-22 22:00:00,30.5,25.6,307.0,12.9,7.7,93.0,22.4,82,0.0,9.2
Belagavi,15.8521,74.5045,2026-03-22 23:00:00,32.4,26.7,309.0,12.4,7.8,96.0,21.8,88,0.0,7.4
Belagavi,15.8521,74.5045,2026-03-23 00:00:00,33.1,26.7,294.0,13.0,7.8,96.0,21.2,92,0.0,6.4
Belagavi,15.8521,74.5045,2026-03-23 01:00:00,34.3,27.1,270.0,14.2,7.8,94.0,21.0,88,0.0,8.7
Belagavi,15.8521,74.5045,2026-03-23 02:00:00,35.7,28.1,258.0,15.4,7.8,92.0,21.7,71,0.0,11.5
Belagavi,15.8521,74.5045,2026-03-23 03:00:00,37.5,29.9,271.0,17.1,7.8,86.0,21.8,60,0.0,11.7
Belagavi,15.8521,74.5045,2026-03-23 04:00:00,37.7,30.5,296.0,18.8,7.8,79.0,21.7,56,0.0,12.4
Belagavi,15.8521,74.5045,2026-03-23 05:00:00,29.9,24.4,315.0,15.7,8.1,91.0,22.0,56,0.0,13.0
Belagavi,15.8521,74.5045,2026-03-23 06:00:00,29.5,23.5,324.0,14.7,9.1,100.0,22.0,54,0.0,13.3
Belagavi,15.8521,74.5045,2026-03-23 07:00:00,31.2,24.7,328.0,13.3,10.4,114.0,23.1,51,0.0,14.2
Belagavi,15.8521,74.5045,2026-03-23 08:00:00,29.5,23.4,323.0,11.3,11.2,128.0,26.2,43,0.0,13.3
Belagavi,15.8521,74.5045,2026-03-23 09:00:00,30.2,23.1,304.0,8.3,11.2,144.0,29.2,36,0.0,12.6
Belagavi,15.8521,74.5045,2026-03-23 10:00:00,32.4,24.4,277.0,4.9,10.8,160.0,31.5,28,0.0,12.5
Belagavi,15.8521,74.5045,2026-03-23 11:00:00,37.3,26.7,257.0,2.4,10.1,172.0,32.2,28,0.0,11.0
Belagavi,15.8521,74.5045,2026-03-23 12:00:00,39.7,28.1,249.0,1.6,9.1,177.0,33.5,26,0.0,7.3
Belagavi,15.8521,74.5045,2026-03-23 13:00:00,39.5,27.6,248.0,1.7,8.0,177.0,34.5,24,0.0,5.2
Belagavi,15.8521,74.5045,2026-03-23 14:00:00,39.3,27.1,251.0,2.1,7.2,176.0,34.2,24,0.0,4.5
Belagavi,15.8521,74.5045,2026-03-23 15:00:00,40.5,27.8,261.0,2.5,7.1,175.0,34.4,23,0.0,5.8
Belagavi,15.8521,74.5045,2026-03-23 16:00:00,39.8,27.9,274.0,3.2,7.4,172.0,32.1,31,0.0,12.8
Belagavi,15.8521,74.5045,2026-03-23 17:00:00,50.9,35.9,283.0,3.8,7.1,166.0,28.5,52,0.0,22.2
Belagavi,15.8521,74.5045,2026-03-23 18:00:00,45.6,35.9,280.0,5.5,7.0,150.0,27.6,62,0.0,17.0
Belagavi,15.8521,74.5045,2026-03-23 19:00:00,39.1,33.3,271.0,7.9,6.9,129.0,25.5,72,0.0,18.6
Belagavi,15.8521,74.5045,2026-03-23 20:00:00,35.4,30.6,268.0,10.2,6.8,111.0,24.8,76,0.0,11.8
Belagavi,15.8521,74.5045,2026-03-23 21:00:00,35.4,30.3,276.0,12.3,6.7,101.0,23.9,86,0.0,10.8
Belagavi,15.8521,74.5045,2026-03-23 22:00:00,37.0,31.0,289.0,14.2,6.7,95.0,23.3,87,0.0,8.9
Belagavi,15.8521,74.5045,2026-03-23 23:00:00,39.8,32.9,297.0,15.6,6.3,90.0,22.8,91,0.0,4.4
Belagavi,15.8521,74.5045,2026-03-24 00:00:00,43.8,36.0,295.0,16.1,5.3,84.0,22.3,94,0.0,2.9
Belagavi,15.8521,74.5045,2026-03-24 01:00:00,48.0,39.2,288.0,16.0,3.9,79.0,21.9,92,0.0,3.7
Belagavi,15.8521,74.5045,2026-03-24 02:00:00,50.9,41.7,283.0,16.1,3.1,75.0,21.7,89,0.0,5.2
Belagavi,15.8521,74.5045,2026-03-24 03:00:00,51.9,42.5,284.0,16.8,3.1,69.0,21.7,85,0.0,6.8
Belagavi,15.8521,74.5045,2026-03-24 04:00:00,51.8,42.0,288.0,17.6,3.5,64.0,22.0,76,0.0,7.9
Belagavi,15.8521,74.5045,2026-03-24 05:00:00,51.3,41.0,290.0,24.7,7.1,61.0,23.4,66,0.0,7.7
Belagavi,15.8521,74.5045,2026-03-24 06:00:00,55.3,44.9,288.0,21.3,7.9,81.0,21.9,71,0.0,2.1
Belagavi,15.8521,74.5045,2026-03-24 07:00:00,59.6,50.2,285.0,16.4,8.9,108.0,23.2,66,0.0,4.9
Belagavi,15.8521,74.5045,2026-03-24 08:00:00,39.9,29.5,281.0,11.9,9.8,133.0,27.0,43,0.0,4.6
Belagavi,15.8521,74.5045,2026-03-24 09:00:00,35.6,24.1,277.0,8.1,10.3,152.0,29.4,35,0.0,3.9
Belagavi,15.8521,74.5045,2026-03-24 10:00:00,35.3,24.0,273.0,4.6,10.5,167.0,31.1,33,0.0,3.7
Belagavi,15.8521,74.5045,2026-03-24 11:00:00,35.0,24.5,269.0,2.2,10.5,178.0,31.6,33,0.0,5.8
Belagavi,15.8521,74.5045,2026-03-24 12:00:00,35.3,25.3,264.0,1.3,10.1,183.0,32.4,31,0.0,4.2
Belagavi,15.8521,74.5045,2026-03-24 13:00:00,37.7,26.9,258.0,1.4,9.3,183.0,32.6,30,0.0,3.4
Belagavi,15.8521,74.5045,2026-03-24 14:00:00,38.0,27.9,255.0,1.8,8.7,181.0,33.2,29,0.0,5.2
Belagavi,15.8521,74.5045,2026-03-24 15:00:00,38.5,28.5,257.0,2.0,8.3,177.0,32.1,32,0.0,1.5
Belagavi,15.8521,74.5045,2026-03-24 16:00:00,38.4,29.1,261.0,2.4,8.0,170.0,27.8,53,0.0,16.7
Belagavi,15.8521,74.5045,2026-03-24 17:00:00,49.6,39.0,267.0,4.1,6.6,157.0,27.9,51,0.0,6.1
Belagavi,15.8521,74.5045,2026-03-24 18:00:00,45.8,36.3,275.0,6.6,6.8,141.0,27.2,55,0.0,6.4
Belagavi,15.8521,74.5045,2026-03-24 19:00:00,42.7,36.0,284.0,10.2,7.0,118.0,25.8,64,0.0,6.5
Belagavi,15.8521,74.5045,2026-03-24 20:00:00,41.4,35.4,294.0,13.7,7.3,99.0,24.7,72,0.0,6.4
Belagavi,15.8521,74.5045,2026-03-24 21:00:00,41.9,35.9,306.0,16.7,7.8,86.0,23.7,78,0.0,7.8
Belagavi,15.8521,74.5045,2026-03-24 22:00:00,45.3,38.5,318.0,19.7,8.3,76.0,23.1,82,0.0,6.0
Belagavi,15.8521,74.5045,2026-03-24 23:00:00,49.9,42.3,328.0,22.4,8.6,68.0,22.7,86,0.0,9.1
Belagavi,15.8521,74.5045,2026-03-25 00:00:00,53.3,44.8,333.0,24.8,8.6,61.0,22.6,89,0.0,12.0
Belagavi,15.8521,74.5045,2026-03-25 01:00:00,56.3,47.4,335.0,27.0,8.3,54.0,22.2,90,0.0,9.2
Belagavi,15.8521,74.5045,2026-03-25 02:00:00,61.2,52.0,341.0,29.3,7.9,49.0,21.9,92,0.0,7.1
Belagavi,15.8521,74.5045,2026-03-25 03:00:00,66.8,57.4,359.0,33.0,7.1,40.0,21.4,93,0.0,5.4
Belagavi,15.8521,74.5045,2026-03-25 04:00:00,72.2,62.6,381.0,36.8,6.1,32.0,21.1,92,0.0,3.8
Belagavi,15.8521,74.5045,2026-03-25 05:00:00,45.1,38.3,387.0,17.7,6.7,60.0,21.4,92,0.0,4.3
Belagavi,15.8521,74.5045,2026-03-25 06:00:00,46.1,39.2,364.0,16.2,6.9,73.0,21.8,90,0.0,4.0
Belagavi,15.8521,74.5045,2026-03-25 07:00:00,48.3,41.2,326.0,14.0,7.1,91.0,23.7,80,0.0,1.8
Belagavi,15.8521,74.5045,2026-03-25 08:00:00,44.7,36.2,296.0,11.5,7.6,111.0,27.1,59,0.0,2.3
Belagavi,15.8521,74.5045,2026-03-25 09:00:00,48.2,36.6,284.0,8.2,8.5,134.0,29.9,42,0.0,2.6
Belagavi,15.8521,74.5045,2026-03-25 10:00:00,47.6,32.8,279.0,4.6,9.6,158.0,31.5,36,0.0,4.3
Belagavi,15.8521,74.5045,2026-03-25 11:00:00,45.2,30.0,276.0,2.0,10.3,175.0,32.1,35,0.0,8.2
Belagavi,15.8521,74.5045,2026-03-25 12:00:00,44.5,30.3,272.0,1.2,10.2,181.0,32.9,33,0.0,9.5
Belagavi,15.8521,74.5045,2026-03-25 13:00:00,48.0,33.1,269.0,1.4,9.6,180.0,32.5,31,0.0,7.8
Belagavi,15.8521,74.5045,2026-03-25 14:00:00,47.0,32.9,268.0,1.9,9.1,177.0,28.5,42,0.1,9.8
Belagavi,15.8521,74.5045,2026-03-25 15:00:00,46.7,33.5,262.0,1.9,8.8,174.0,27.9,48,0.1,7.0
Belagavi,15.8521,74.5045,2026-03-25 16:00:00,46.0,33.9,257.0,2.2,8.6,168.0,30.4,38,0.0,5.4
Belagavi,15.8521,74.5045,2026-03-25 17:00:00,57.0,44.8,274.0,4.0,6.4,155.0,30.1,45,0.2,5.2
Belagavi,15.8521,74.5045,2026-03-25 18:00:00,54.2,43.4,332.0,14.3,7.9,133.0,28.3,45,0.0,9.4
Belagavi,15.8521,74.5045,2026-03-25 19:00:00,59.8,49.7,412.0,28.6,10.1,101.0,25.5,58,0.0,15.3
Belagavi,15.8521,74.5045,2026-03-25 20:00:00,67.8,57.9,474.0,40.5,12.0,74.0,23.9,66,0.0,2.9
Belagavi,15.8521,74.5045,2026-03-25 21:00:00,74.0,64.3,508.0,48.3,13.6,55.0,23.1,71,0.0,2.9
Belagavi,15.8521,74.5045,2026-03-25 22:00:00,77.3,67.5,525.0,53.7,14.9,39.0,23.0,71,0.0,4.6
Belagavi,15.8521,74.5045,2026-03-25 23:00:00,79.4,69.6,518.0,55.7,15.4,30.0,22.2,76,0.0,4.3
Belagavi,15.8521,74.5045,2026-03-26 00:00:00,78.7,68.7,469.0,52.9,14.5,28.0,22.0,76,0.0,11.0
Belagavi,15.8521,74.5045,2026-03-26 01:00:00,73.8,64.3,397.0,46.7,12.7,33.0,22.3,76,0.0,14.5
Belagavi,15.8521,74.5045,2026-03-26 02:00:00,67.5,57.6,351.0,40.7,11.3,38.0,22.3,77,0.0,12.6
Belagavi,15.8521,74.5045,2026-03-26 03:00:00,63.1,52.4,362.0,36.4,10.9,41.0,22.3,76,0.0,11.7
Belagavi,15.8521,74.5045,2026-03-26 04:00:00,60.5,49.4,400.0,32.3,11.0,46.0,22.2,76,0.0,11.4
Belagavi,15.8521,74.5045,2026-03-26 05:00:00,61.5,51.6,422.0,17.1,8.9,76.0,22.6,77,0.0,10.1
Belagavi,15.8521,74.5045,2026-03-26 06:00:00,65.7,55.8,410.0,15.3,8.4,89.0,22.7,75,0.0,9.0
Belagavi,15.8521,74.5045,2026-03-26 07:00:00,64.0,56.0,383.0,12.8,7.7,107.0,24.4,67,0.0,10.1
Belagavi,15.8521,74.5045,2026-03-26 08:00:00,50.6,44.0,353.0,10.1,7.2,124.0,28.2,48,0.0,8.3
Belagavi,15.8521,74.5045,2026-03-26 09:00:00,42.6,35.9,321.0,7.3,7.2,139.0,30.2,38,0.0,13.4
Belagavi,15.8521,74.5045,2026-03-26 10:00:00,39.0,31.8,286.0,4.4,7.4,154.0,31.8,34,0.0,13.4
Belagavi,15.8521,74.5045,2026-03-26 11:00:00,36.6,29.3,259.0,2.3,7.4,164.0,32.5,31,0.0,14.0
Belagavi,15.8521,74.5045,2026-03-26 12:00:00,34.3,27.3,247.0,1.5,6.9,167.0,33.6,28,0.0,13.7
Belagavi,15.8521,74.5045,2026-03-26 13:00:00,34.8,27.6,243.0,1.5,6.2,166.0,34.2,26,0.0,14.6
Belagavi,15.8521,74.5045,2026-03-26 14:00:00,34.2,27.2,241.0,1.9,5.7,164.0,34.3,25,0.0,13.9
Belagavi,15.8521,74.5045,2026-03-26 15:00:00,33.2,26.6,230.0,1.3,5.4,165.0,34.3,25,0.0,11.6
Belagavi,15.8521,74.5045,2026-03-26 16:00:00,34.1,27.3,221.0,1.0,5.3,165.0,31.7,28,0.0,17.6
Belagavi,15.8521,74.5045,2026-03-26 17:00:00,38.3,30.9,234.0,4.8,5.1,147.0,33.7,23,0.0,8.2
Belagavi,15.8521,74.5045,2026-03-26 18:00:00,40.3,34.0,294.0,11.9,5.8,129.0,30.4,30,0.0,10.3
Belagavi,15.8521,74.5045,2026-03-26 19:00:00,43.4,37.7,377.0,21.9,6.7,103.0,28.0,38,0.0,1.5
Belagavi,15.8521,74.5045,2026-03-26 20:00:00,47.7,41.9,428.0,30.3,7.8,82.0,27.0,44,0.0,6.2
Belagavi,15.8521,74.5045,2026-03-26 21:00:00,52.7,46.3,414.0,35.5,9.1,71.0,25.4,56,0.0,11.9
Belagavi,15.8521,74.5045,2026-03-26 22:00:00,56.6,49.9,369.0,39.1,10.6,64.0,25.4,54,0.0,10.3
Belagavi,15.8521,74.5045,2026-03-26 23:00:00,58.8,51.9,339.0,41.7,11.5,58.0,25.2,53,0.0,8.1
Belagavi,15.8521,74.5045,2026-03-27 00:00:00,61.2,54.2,345.0,43.8,11.6,52.0,25.0,53,0.0,8.8
Belagavi,15.8521,74.5045,2026-03-27 01:00:00,62.6,56.0,367.0,45.0,11.1,47.0,24.3,56,0.0,9.3
Belagavi,15.8521,74.5045,2026-03-27 02:00:00,61.9,55.6,387.0,44.3,10.7,45.0,23.9,57,0.0,8.3
Belagavi,15.8521,74.5045,2026-03-27 03:00:00,59.5,53.4,400.0,40.7,10.4,46.0,23.6,56,0.0,8.7
Belagavi,15.8521,74.5045,2026-03-27 04:00:00,57.0,51.1,412.0,35.3,10.2,51.0,23.4,56,0.0,7.4
Belagavi,15.8521,74.5045,2026-03-27 05:00:00,61.9,56.2,418.0,41.2,10.9,43.0,23.3,52,0.0,3.7
Belagavi,15.8521,74.5045,2026-03-27 06:00:00,60.3,54.7,421.0,35.6,10.9,64.0,23.6,50,0.0,3.6
Belagavi,15.8521,74.5045,2026-03-27 07:00:00,62.9,57.6,418.0,27.6,10.9,94.0,25.2,48,0.0,8.8
Belagavi,15.8521,74.5045,2026-03-27 08:00:00,43.7,39.6,403.0,20.0,10.7,121.0,28.3,39,0.0,5.0
Belagavi,15.8521,74.5045,2026-03-27 09:00:00,30.2,25.5,365.0,13.2,10.4,141.0,30.3,33,0.0,4.0
Belagavi,15.8521,74.5045,2026-03-27 10:00:00,26.5,22.1,314.0,6.9,9.9,157.0,32.2,27,0.0,5.7
Belagavi,15.8521,74.5045,2026-03-27 11:00:00,25.4,20.8,275.0,2.4,9.3,169.0,33.0,25,0.0,6.9
Belagavi,15.8521,74.5045,2026-03-27 12:00:00,26.4,21.5,260.0,0.9,8.5,175.0,34.0,24,0.0,4.7
Belagavi,15.8521,74.5045,2026-03-27 13:00:00,28.8,23.2,256.0,1.4,7.7,176.0,34.9,23,0.0,4.5
Belagavi,15.8521,74.5045,2026-03-27 14:00:00,30.6,24.8,257.0,2.1,7.0,175.0,34.9,23,0.0,5.0
Belagavi,15.8521,74.5045,2026-03-27 15:00:00,32.6,26.8,259.0,2.0,6.6,173.0,34.8,23,0.0,4.0
Belagavi,15.8521,74.5045,2026-03-27 16:00:00,33.3,28.3,264.0,2.2,6.3,169.0,29.6,47,0.3,17.7
Belagavi,15.8521,74.5045,2026-03-27 17:00:00,33.2,29.7,272.0,5.1,5.3,141.0,28.3,50,0.0,21.1
Belagavi,15.8521,74.5045,2026-03-27 18:00:00,34.0,30.2,284.0,10.6,5.8,123.0,27.8,53,0.0,12.4
Belagavi,15.8521,74.5045,2026-03-27 19:00:00,39.2,35.7,298.0,18.3,6.6,99.0,26.8,59,0.0,12.5
Belagavi,15.8521,74.5045,2026-03-27 20:00:00,42.1,38.8,311.0,24.0,7.1,79.0,25.6,71,0.0,12.9
Belagavi,15.8521,74.5045,2026-03-27 21:00:00,43.7,40.3,325.0,26.0,7.5,69.0,24.8,79,0.0,12.9
Belagavi,15.8521,74.5045,2026-03-27 22:00:00,45.6,42.0,337.0,26.1,7.7,63.0,24.3,84,0.0,12.2
Belagavi,15.8521,74.5045,2026-03-27 23:00:00,48.1,44.1,340.0,25.7,7.3,59.0,23.7,80,0.0,12.9
Belagavi,15.8521,74.5045,2026-03-28 00:00:00,52.7,48.4,324.0,25.3,5.7,54.0,23.9,67,0.0,13.7
Belagavi,15.8521,74.5045,2026-03-28 01:00:00,57.4,52.9,299.0,24.5,3.4,49.0,23.8,62,0.0,13.1
Belagavi,15.8521,74.5045,2026-03-28 02:00:00,58.7,54.7,284.0,23.2,1.7,48.0,23.6,60,0.0,12.2
Belagavi,15.8521,74.5045,2026-03-28 03:00:00,56.9,53.1,289.0,20.9,1.0,50.0,23.6,57,0.0,12.9
Belagavi,15.8521,74.5045,2026-03-28 04:00:00,55.8,51.6,304.0,18.1,0.8,55.0,23.4,56,0.0,11.8
Belagavi,15.8521,74.5045,2026-03-28 05:00:00,73.6,68.0,315.0,31.0,0.5,34.0,24.3,55,0.0,11.6
Belagavi,15.8521,74.5045,2026-03-28 06:00:00,69.4,64.5,321.0,27.8,2.3,64.0,24.2,55,0.0,10.8
Belagavi,15.8521,74.5045,2026-03-28 07:00:00,73.6,68.5,323.0,23.1,4.7,105.0,25.0,55,0.0,9.7
Belagavi,15.8521,74.5045,2026-03-28 08:00:00,59.5,51.7,318.0,18.1,6.4,137.0,27.4,51,0.0,5.2
Belagavi,15.8521,74.5045,2026-03-28 09:00:00,45.8,34.7,298.0,12.4,6.7,150.0,29.4,40,0.0,5.0
Belagavi,15.8521,74.5045,2026-03-28 10:00:00,38.3,28.4,269.0,6.4,6.3,154.0,31.7,29,0.0,8.0
Belagavi,15.8521,74.5045,2026-03-28 11:00:00,37.3,26.7,248.0,2.1,5.8,155.0,31.9,29,0.0,11.6
Belagavi,15.8521,74.5045,2026-03-28 12:00:00,35.5,26.4,242.0,0.7,5.2,156.0,32.1,29,0.0,8.7
Belagavi,15.8521,74.5045,2026-03-28 13:00:00,36.0,26.9,243.0,1.1,4.4,155.0,33.3,27,0.0,7.3
Belagavi,15.8521,74.5045,2026-03-28 14:00:00,35.5,27.0,246.0,1.7,3.9,153.0,32.6,28,0.0,8.1
Belagavi,15.8521,74.5045,2026-03-28 15:00:00,36.3,28.3,249.0,1.5,3.9,153.0,33.1,27,0.0,10.3
Belagavi,15.8521,74.5045,2026-03-28 16:00:00,39.8,30.7,254.0,1.5,4.2,152.0,29.9,35,0.1,19.4
Belagavi,15.8521,74.5045,2026-03-28 17:00:00,32.5,26.7,263.0,3.3,4.0,149.0,30.0,33,0.0,15.9
Belagavi,15.8521,74.5045,2026-03-28 18:00:00,32.6,28.6,281.0,5.0,4.4,139.0,27.6,45,0.0,11.3
Belagavi,15.8521,74.5045,2026-03-28 19:00:00,32.7,29.9,302.0,7.4,5.0,124.0,26.7,55,0.0,14.1
Belagavi,15.8521,74.5045,2026-03-28 20:00:00,32.0,29.7,316.0,9.6,5.3,111.0,25.4,69,0.0,14.8
Belagavi,15.8521,74.5045,2026-03-28 21:00:00,31.4,29.5,317.0,11.6,5.3,100.0,24.3,76,0.0,12.4
Belagavi,15.8521,74.5045,2026-03-28 22:00:00,31.4,29.6,310.0,13.3,5.2,89.0,23.3,80,0.0,13.7
Belagavi,15.8521,74.5045,2026-03-28 23:00:00,33.3,31.4,297.0,14.5,4.8,81.0,22.8,78,0.0,14.6
Belagavi,15.8521,74.5045,2026-03-29 00:00:00,34.1,32.6,272.0,14.4,4.1,76.0,22.6,72,0.0,15.4
Belagavi,15.8521,74.5045,2026-03-29 01:00:00,31.7,30.3,240.0,13.7,3.2,73.0,22.3,67,0.0,15.5
Belagavi,15.8521,74.5045,2026-03-29 02:00:00,28.6,27.4,218.0,13.6,2.4,68.0,22.1,61,0.0,15.1
Belagavi,15.8521,74.5045,2026-03-29 03:00:00,26.8,25.7,214.0,15.4,1.8,57.0,21.9,56,0.0,13.8
Belagavi,15.8521,74.5045,2026-03-29 04:00:00,29.1,28.1,221.0,17.9,1.4,43.0,21.6,51,0.0,9.3
Belagavi,15.8521,74.5045,2026-03-29 05:00:00,38.5,37.4,226.0,20.9,0.7,39.0,21.3,63,0.0,12.6
Belagavi,15.8521,74.5045,2026-03-29 06:00:00,41.7,40.0,230.0,17.5,1.8,52.0,20.5,69,0.0,6.1
Belagavi,15.8521,74.5045,2026-03-29 07:00:00,39.0,36.4,233.0,12.7,3.3,71.0,21.4,70,0.0,4.2
Belagavi,15.8521,74.5045,2026-03-29 08:00:00,24.1,15.6,228.0,8.6,4.4,88.0,24.6,56,0.0,2.6
Belagavi,15.8521,74.5045,2026-03-29 09:00:00,32.7,11.9,207.0,5.7,4.6,102.0,28.3,33,0.0,4.3
Belagavi,15.8521,74.5045,2026-03-29 10:00:00,32.4,11.3,178.0,3.5,4.4,114.0,31.0,21,0.0,7.5
Belagavi,15.8521,74.5045,2026-03-29 11:00:00,24.5,9.1,158.0,1.9,4.0,124.0,31.7,19,0.0,8.6
Belagavi,15.8521,74.5045,2026-03-29 12:00:00,19.6,7.7,155.0,1.2,3.6,130.0,33.0,17,0.0,9.1
Belagavi,15.8521,74.5045,2026-03-29 13:00:00,17.5,7.2,161.0,1.2,3.0,134.0,33.3,16,0.0,8.9
Belagavi,15.8521,74.5045,2026-03-29 14:00:00,17.3,7.5,166.0,1.4,2.6,135.0,33.7,15,0.0,7.7
Belagavi,15.8521,74.5045,2026-03-29 15:00:00,17.8,7.9,167.0,1.3,2.3,135.0,34.3,16,0.0,9.1
Belagavi,15.8521,74.5045,2026-03-29 16:00:00,18.2,8.3,167.0,1.4,2.2,134.0,34.7,16,0.0,8.5
Belagavi,15.8521,74.5045,2026-03-29 17:00:00,5.3,4.1,170.0,2.7,2.0,123.0,33.4,20,0.0,15.3
Belagavi,15.8521,74.5045,2026-03-29 18:00:00,7.8,6.3,176.0,6.8,2.5,105.0,30.4,25,0.0,16.4
Belagavi,15.8521,74.5045,2026-03-29 19:00:00,11.5,9.9,184.0,12.6,3.3,79.0,28.1,37,0.0,11.7
Belagavi,15.8521,74.5045,2026-03-29 20:00:00,14.1,12.5,195.0,17.5,3.9,58.0,25.9,51,0.0,10.0
Belagavi,15.8521,74.5045,2026-03-29 21:00:00,16.1,14.5,213.0,20.8,4.3,46.0,24.8,58,0.0,9.7
Belagavi,15.8521,74.5045,2026-03-29 22:00:00,17.7,16.2,234.0,23.3,4.6,39.0,24.2,60,0.0,7.7
Belagavi,15.8521,74.5045,2026-03-29 23:00:00,19.2,17.8,246.0,24.2,4.6,34.0,24.0,62,0.0,7.5
Belagavi,15.8521,74.5045,2026-03-30 00:00:00,18.0,16.9,241.0,22.6,4.2,32.0,24.2,61,0.0,7.1
Belagavi,15.8521,74.5045,2026-03-30 01:00:00,15.4,14.6,227.0,19.5,3.5,33.0,24.0,62,0.0,8.6
Belagavi,15.8521,74.5045,2026-03-30 02:00:00,13.2,12.7,215.0,17.2,3.0,33.0,23.8,60,0.0,8.0
Belagavi,15.8521,74.5045,2026-03-30 03:00:00,12.1,11.6,207.0,16.8,2.8,30.0,23.1,62,0.0,8.1
Belagavi,15.8521,74.5045,2026-03-30 04:00:00,12.1,11.6,201.0,17.2,2.9,26.0,23.3,59,0.0,9.5
Belagavi,15.8521,74.5045,2026-03-30 05:00:00,14.8,14.2,201.0,19.4,3.6,28.0,24.0,59,0.0,9.9
Belagavi,15.8521,74.5045,2026-03-30 06:00:00,13.7,13.1,213.0,17.8,4.2,39.0,23.2,64,0.0,9.0
Belagavi,15.8521,74.5045,2026-03-30 07:00:00,16.2,15.2,231.0,15.3,5.1,54.0,24.0,65,0.0,9.6
Belagavi,15.8521,74.5045,2026-03-30 08:00:00,15.3,14.1,241.0,12.6,5.9,73.0,26.8,57,0.0,10.3
Belagavi,15.8521,74.5045,2026-03-30 09:00:00,13.8,13.0,236.0,9.2,6.7,97.0,29.0,49,0.0,7.8
Belagavi,15.8521,74.5045,2026-03-30 10:00:00,15.5,14.4,224.0,5.4,7.5,125.0,31.0,39,0.0,6.2
Belagavi,15.8521,74.5045,2026-03-30 11:00:00,14.8,13.2,215.0,2.7,7.8,147.0,32.0,32,0.0,3.6
Belagavi,15.8521,74.5045,2026-03-30 12:00:00,14.8,12.1,213.0,1.6,7.0,160.0,33.9,27,0.0,3.5
Belagavi,15.8521,74.5045,2026-03-30 13:00:00,16.2,12.7,215.0,1.6,5.7,168.0,34.6,24,0.0,9.1
Belagavi,15.8521,74.5045,2026-03-30 14:00:00,18.1,14.0,216.0,1.8,4.8,171.0,31.1,35,0.1,18.0
Belagavi,15.8521,74.5045,2026-03-30 15:00:00,18.9,14.7,215.0,1.9,4.7,171.0,32.3,30,0.1,9.7
Belagavi,15.8521,74.5045,2026-03-30 16:00:00,19.3,15.1,215.0,2.2,5.1,167.0,30.8,35,0.0,12.8
Belagavi,15.8521,74.5045,2026-03-30 17:00:00,22.2,17.9,217.0,3.0,5.8,134.0,30.3,39,0.0,16.5
Belagavi,15.8521,74.5045,2026-03-30 18:00:00,21.3,18.1,225.0,4.6,6.2,120.0,27.7,53,0.0,17.9
Belagavi,15.8521,74.5045,2026-03-30 19:00:00,22.1,19.2,237.0,7.0,6.8,101.0,26.2,63,0.0,15.0
Belagavi,15.8521,74.5045,2026-03-30 20:00:00,22.9,19.8,243.0,9.3,7.1,83.0,24.9,76,0.0,13.0
Belagavi,15.8521,74.5045,2026-03-30 21:00:00,24.9,21.3,240.0,11.7,7.2,69.0,24.0,84,0.0,10.1
Belagavi,15.8521,74.5045,2026-03-30 22:00:00,27.2,23.0,232.0,14.2,7.1,57.0,23.4,88,0.0,8.5
Belagavi,15.8521,74.5045,2026-03-30 23:00:00,30.3,25.2,224.0,15.7,6.6,49.0,22.7,91,0.0,10.5
Belagavi,15.8521,74.5045,2026-03-31 00:00:00,33.6,28.1,216.0,15.6,5.3,46.0,22.4,91,0.0,11.0
Belagavi,15.8521,74.5045,2026-03-31 01:00:00,37.5,31.2,207.0,14.5,3.7,47.0,22.0,93,0.0,10.3
Belagavi,15.8521,74.5045,2026-03-31 02:00:00,41.9,34.1,205.0,13.5,2.3,48.0,21.6,93,0.0,4.8
Belagavi,15.8521,74.5045,2026-03-31 03:00:00,44.9,36.1,214.0,12.9,1.4,47.0,21.9,88,0.0,12.1
Belagavi,15.8521,74.5045,2026-03-31 04:00:00,47.6,38.2,230.0,12.3,0.8,46.0,21.6,89,0.0,12.6
Belagavi,15.8521,74.5045,2026-03-31 05:00:00,40.5,32.7,241.0,15.0,2.7,38.0,22.1,84,0.0,9.4
Belagavi,15.8521,74.5045,2026-03-31 06:00:00,38.8,31.7,244.0,13.5,4.0,50.0,21.7,85,0.0,6.0
Belagavi,15.8521,74.5045,2026-03-31 07:00:00,35.5,29.5,242.0,11.3,5.9,69.0,23.2,77,0.0,7.0
Belagavi,15.8521,74.5045,2026-03-31 08:00:00,31.3,25.1,241.0,9.0,7.0,89.0,26.0,64,0.0,12.2
Belagavi,15.8521,74.5045,2026-03-31 09:00:00,34.2,27.9,241.0,6.6,6.9,114.0,28.6,47,0.0,14.4
Belagavi,15.8521,74.5045,2026-03-31 10:00:00,38.8,31.3,242.0,4.0,6.1,140.0,30.7,38,0.0,14.1
Belagavi,15.8521,74.5045,2026-03-31 11:00:00,42.0,34.0,243.0,2.2,5.3,160.0,31.3,34,0.0,12.1
Belagavi,15.8521,74.5045,2026-03-31 12:00:00,41.7,33.6,244.0,1.5,4.8,167.0,32.0,33,0.0,10.2
Belagavi,15.8521,74.5045,2026-03-31 13:00:00,43.0,34.2,246.0,1.4,4.3,167.0,33.0,32,0.0,8.0
Belagavi,15.8521,74.5045,2026-03-31 14:00:00,45.2,35.6,251.0,1.8,4.0,165.0,33.1,31,0.0,7.5
Belagavi,15.8521,74.5045,2026-03-31 15:00:00,45.5,36.0,257.0,1.5,3.7,165.0,32.6,32,0.0,1.1
Belagavi,15.8521,74.5045,2026-03-31 16:00:00,44.6,35.3,267.0,1.6,3.6,162.0,31.4,34,0.0,5.4
Belagavi,15.8521,74.5045,2026-03-31 17:00:00,34.8,27.8,288.0,3.2,3.7,158.0,32.1,30,0.0,5.8
Belagavi,15.8521,74.5045,2026-03-31 18:00:00,36.6,31.0,327.0,10.5,4.4,135.0,30.4,35,0.0,2.1
Belagavi,15.8521,74.5045,2026-03-31 19:00:00,43.9,38.3,377.0,20.8,5.3,102.0,28.1,49,0.0,11.8
Belagavi,15.8521,74.5045,2026-03-31 20:00:00,44.8,39.7,428.0,29.4,6.5,76.0,26.9,55,0.0,12.5
Belagavi,15.8521,74.5045,2026-03-31 21:00:00,51.2,44.5,478.0,35.1,8.2,63.0,26.4,59,0.0,9.2
Belagavi,15.8521,74.5045,2026-03-31 22:00:00,58.9,51.0,528.0,39.3,10.1,56.0,25.4,68,0.0,6.8
Belagavi,15.8521,74.5045,2026-03-31 23:00:00,64.7,56.3,570.0,41.0,11.1,52.0,24.3,76,0.0,6.1
Belagavi,15.8521,74.5045,2026-04-01 00:00:00,66.1,57.7,603.0,39.2,10.3,49.0,23.9,80,0.0,2.3
Belagavi,15.8521,74.5045,2026-04-01 01:00:00,62.9,54.9,628.0,35.0,8.6,47.0,23.1,88,0.0,13.0
Belagavi,15.8521,74.5045,2026-04-01 02:00:00,58.2,50.9,640.0,31.2,7.3,47.0,22.7,93,0.0,10.7
Belagavi,15.8521,74.5045,2026-04-01 03:00:00,53.7,47.0,639.0,29.0,6.9,45.0,22.2,96,0.0,9.7
Belagavi,15.8521,74.5045,2026-04-01 04:00:00,49.8,43.8,625.0,27.1,6.8,43.0,21.9,97,0.0,7.2
Belagavi,15.8521,74.5045,2026-04-01 05:00:00,45.8,40.4,592.0,25.3,6.8,46.0,21.8,96,0.0,4.4
Belagavi,15.8521,74.5045,2026-04-01 06:00:00,46.2,41.0,525.0,20.7,7.4,69.0,21.7,97,0.0,4.0
Belagavi,15.8521,74.5045,2026-04-01 07:00:00,47.4,41.9,439.0,14.2,8.2,101.0,23.1,90,0.0,3.6
Belagavi,15.8521,74.5045,2026-04-01 08:00:00,45.9,37.4,367.0,8.8,8.7,129.0,26.8,67,0.0,4.5
Belagavi,15.8521,74.5045,2026-04-01 09:00:00,53.9,44.5,321.0,5.6,8.7,149.0,30.0,45,0.0,7.7
Belagavi,15.8521,74.5045,2026-04-01 10:00:00,51.9,44.0,288.0,3.4,8.5,165.0,32.0,35,0.0,9.8
Belagavi,15.8521,74.5045,2026-04-01 11:00:00,48.2,40.7,267.0,2.0,8.0,175.0,32.0,34,0.0,10.8
Belagavi,15.8521,74.5045,2026-04-01 12:00:00,48.8,40.5,259.0,1.4,7.1,177.0,33.1,32,0.0,10.8
Belagavi,15.8521,74.5045,2026-04-01 13:00:00,44.1,37.1,262.0,1.6,6.1,173.0,33.1,31,0.0,9.4
Belagavi,15.8521,74.5045,2026-04-01 14:00:00,42.5,35.7,265.0,2.0,5.3,167.0,32.8,33,0.0,8.1
Belagavi,15.8521,74.5045,2026-04-01 15:00:00,41.2,34.9,261.0,1.8,5.1,162.0,30.6,39,0.1,9.8
Belagavi,15.8521,74.5045,2026-04-01 16:00:00,39.1,33.6,256.0,1.9,5.2,156.0,29.1,47,0.6,9.0
Belagavi,15.8521,74.5045,2026-04-01 17:00:00,34.6,30.4,259.0,3.7,5.9,145.0,29.0,52,0.0,12.4
Belagavi,15.8521,74.5045,2026-04-01 18:00:00,35.5,31.5,278.0,7.0,6.1,128.0,27.2,62,0.0,13.0
Belagavi,15.8521,74.5045,2026-04-01 19:00:00,33.4,30.6,304.0,11.5,6.4,104.0,26.4,66,0.0,11.9
Belagavi,15.8521,74.5045,2026-04-01 20:00:00,32.4,29.8,326.0,15.2,6.6,83.0,25.6,71,0.0,11.6
Belagavi,15.8521,74.5045,2026-04-01 21:00:00,31.4,28.8,340.0,17.4,6.5,70.0,24.9,74,0.0,8.3
Belagavi,15.8521,74.5045,2026-04-01 22:00:00,31.5,28.7,350.0,18.9,6.2,60.0,24.2,77,0.0,8.9
Belagavi,15.8521,74.5045,2026-04-01 23:00:00,32.4,29.2,348.0,19.4,6.0,53.0,23.2,84,0.0,6.7
Belagavi,15.8521,74.5045,2026-04-02 00:00:00,31.1,27.8,326.0,18.6,5.9,50.0,22.5,88,0.0,4.7
Belagavi,15.8521,74.5045,2026-04-02 01:00:00,30.7,27.2,293.0,16.9,5.8,50.0,22.7,86,0.0,10.2
Belagavi,15.8521,74.5045,2026-04-02 02:00:00,30.7,27.3,269.0,15.3,5.9,52.0,22.7,85,0.0,11.6
Belagavi,15.8521,74.5045,2026-04-02 03:00:00,31.4,28.2,264.0,14.2,6.1,55.0,22.4,87,0.0,13.9
Belagavi,15.8521,74.5045,2026-04-02 04:00:00,33.9,30.6,269.0,13.2,6.5,61.0,22.1,85,0.0,14.2
Belagavi,15.8521,74.5045,2026-04-02 05:00:00,36.8,33.2,276.0,13.3,6.7,61.0,21.7,91,0.0,14.0
Belagavi,15.8521,74.5045,2026-04-02 06:00:00,40.0,36.0,286.0,12.0,6.6,76.0,21.8,89,0.0,13.6
Belagavi,15.8521,74.5045,2026-04-02 07:00:00,43.4,39.2,297.0,10.2,6.4,98.0,23.1,80,0.0,10.5
Belagavi,15.8521,74.5045,2026-04-02 08:00:00,49.0,43.1,302.0,8.3,6.4,120.0,25.9,63,0.0,12.1
Belagavi,15.8521,74.5045,2026-04-02 09:00:00,53.9,46.6,292.0,6.1,6.7,141.0,28.3,50,0.0,13.1
Belagavi,15.8521,74.5045,2026-04-02 10:00:00,53.2,45.5,276.0,3.8,7.1,161.0,30.3,43,0.0,11.1
Belagavi,15.8521,74.5045,2026-04-02 11:00:00,48.9,41.8,263.0,2.2,7.3,175.0,30.6,43,0.0,9.2
Belagavi,15.8521,74.5045,2026-04-02 12:00:00,45.5,38.5,260.0,1.7,7.1,178.0,32.2,38,0.0,5.9
Belagavi,15.8521,74.5045,2026-04-02 13:00:00,43.1,36.0,261.0,2.0,6.7,174.0,32.6,36,0.0,6.1
Belagavi,15.8521,74.5045,2026-04-02 14:00:00,41.9,35.2,262.0,2.4,6.3,169.0,30.8,38,0.2,11.2
Belagavi,15.8521,74.5045,2026-04-02 15:00:00,38.4,32.6,262.0,2.6,5.9,164.0,26.2,59,0.0,12.9
Belagavi,15.8521,74.5045,2026-04-02 16:00:00,37.3,32.0,263.0,3.0,5.5,158.0,27.7,56,0.0,14.6
Belagavi,15.8521,74.5045,2026-04-02 17:00:00,22.8,20.8,265.0,4.0,4.0,133.0,26.0,68,0.0,14.6
Belagavi,15.8521,74.5045,2026-04-02 18:00:00,20.2,18.7,268.0,7.5,4.2,121.0,25.5,72,0.0,13.2
Belagavi,15.8521,74.5045,2026-04-02 19:00:00,21.0,19.6,272.0,12.6,4.5,104.0,24.5,79,0.0,12.3
Belagavi,15.8521,74.5045,2026-04-02 20:00:00,24.7,23.5,279.0,17.2,4.8,88.0,23.7,83,0.0,10.3
Belagavi,15.8521,74.5045,2026-04-02 21:00:00,29.0,27.7,290.0,21.2,5.4,76.0,22.8,90,0.0,9.9
Belagavi,15.8521,74.5045,2026-04-02 22:00:00,33.3,31.9,304.0,24.9,6.0,66.0,22.2,94,0.0,9.2
Belagavi,15.8521,74.5045,2026-04-02 23:00:00,34.5,33.1,313.0,27.0,6.3,58.0,21.7,96,0.0,9.4
Belagavi,15.8521,74.5045,2026-04-03 00:00:00,33.2,31.7,311.0,26.8,6.0,53.0,21.3,96,0.0,11.5
Belagavi,15.8521,74.5045,2026-04-03 01:00:00,33.6,32.1,304.0,25.2,5.3,51.0,20.8,98,0.0,9.4
Belagavi,15.8521,74.5045,2026-04-03 02:00:00,35.6,34.0,303.0,23.3,4.9,51.0,20.7,97,0.0,9.0
Belagavi,15.8521,74.5045,2026-04-03 03:00:00,35.6,34.0,315.0,21.7,5.0,52.0,20.5,97,0.0,6.7
Belagavi,15.8521,74.5045,2026-04-03 04:00:00,34.9,33.4,332.0,19.8,5.5,55.0,20.4,96,0.0,6.7
Belagavi,15.8521,74.5045,2026-04-03 05:00:00,37.4,35.7,340.0,22.5,7.1,57.0,20.1,99,0.0,6.1
Belagavi,15.8521,74.5045,2026-04-03 06:00:00,39.0,37.0,330.0,18.6,7.5,76.0,20.1,97,0.0,6.2
Belagavi,15.8521,74.5045,2026-04-03 07:00:00,40.9,38.6,309.0,13.1,7.9,103.0,22.1,85,0.0,5.4
Belagavi,15.8521,74.5045,2026-04-03 08:00:00,37.0,33.3,291.0,8.5,8.1,128.0,25.2,65,0.0,6.5
Belagavi,15.8521,74.5045,2026-04-03 09:00:00,41.6,36.7,277.0,5.7,7.7,150.0,28.1,49,0.0,7.6
Belagavi,15.8521,74.5045,2026-04-03 10:00:00,41.7,36.4,265.0,3.7,7.0,170.0,30.5,38,0.0,4.2
Belagavi,15.8521,74.5045,2026-04-03 11:00:00,39.7,34.0,256.0,2.4,6.4,184.0,30.3,37,0.0,2.1
Belagavi,15.8521,74.5045,2026-04-03 12:00:00,37.3,31.5,250.0,1.8,6.0,189.0,31.7,34,0.0,4.7
Belagavi,15.8521,74.5045,2026-04-03 13:00:00,36.4,31.0,247.0,1.8,5.6,188.0,32.5,33,0.0,6.6
Belagavi,15.8521,74.5045,2026-04-03 14:00:00,35.4,30.3,245.0,2.0,5.3,183.0,32.3,33,0.0,7.8
Belagavi,15.8521,74.5045,2026-04-03 15:00:00,35.4,30.2,243.0,2.3,5.0,175.0,30.3,40,0.1,17.4
Belagavi,15.8521,74.5045,2026-04-03 16:00:00,30.9,27.2,241.0,2.8,4.7,163.0,28.3,53,0.2,16.4
Belagavi,15.8521,74.5045,2026-04-03 17:00:00,19.7,17.2,240.0,3.4,3.6,136.0,27.7,57,0.0,15.4
Belagavi,15.8521,74.5045,2026-04-03 18:00:00,18.8,16.5,240.0,4.9,3.7,123.0,26.1,64,0.0,15.2
Belagavi,15.8521,74.5045,2026-04-03 19:00:00,19.2,17.3,242.0,7.0,3.9,104.0,24.7,74,0.0,16.4
Belagavi,15.8521,74.5045,2026-04-03 20:00:00,19.0,17.1,242.0,9.0,4.0,88.0,23.7,83,0.0,14.0
Belagavi,15.8521,74.5045,2026-04-03 21:00:00,19.9,17.8,242.0,10.6,3.9,77.0,23.0,87,0.0,12.0
Belagavi,15.8521,74.5045,2026-04-03 22:00:00,21.5,19.1,241.0,12.0,3.8,69.0,22.3,91,0.0,10.7
Belagavi,15.8521,74.5045,2026-04-03 23:00:00,24.4,21.7,238.0,13.0,3.5,63.0,21.9,96,0.0,9.7
Belagavi,15.8521,74.5045,2026-04-04 00:00:00,26.7,23.6,230.0,13.3,3.0,60.0,21.6,98,0.0,10.8
Belagavi,15.8521,74.5045,2026-04-04 01:00:00,28.6,25.4,220.0,13.3,2.3,60.0,21.4,97,0.0,10.8
Belagavi,15.8521,74.5045,2026-04-04 02:00:00,31.4,28.1,216.0,13.2,1.9,60.0,21.3,92,0.0,8.3
Belagavi,15.8521,74.5045,2026-04-04 03:00:00,35.3,31.5,224.0,13.3,1.7,57.0,20.9,91,0.0,9.0
Belagavi,15.8521,74.5045,2026-04-04 04:00:00,36.4,32.9,238.0,13.4,1.8,54.0,20.8,86,0.0,9.9
Belagavi,15.8521,74.5045,2026-04-04 05:00:00,34.8,31.3,247.0,9.4,0.3,62.0,20.2,98,0.0,7.2
Belagavi,15.8521,74.5045,2026-04-04 06:00:00,36.6,32.8,246.0,9.3,1.1,70.0,20.3,95,0.0,6.2
Belagavi,15.8521,74.5045,2026-04-04 07:00:00,38.0,34.3,240.0,9.0,2.2,81.0,22.0,82,0.0,6.6
Belagavi,15.8521,74.5045,2026-04-04 08:00:00,27.0,23.0,234.0,8.2,3.0,93.0,25.7,59,0.0,7.1
Belagavi,15.8521,74.5045,2026-04-04 09:00:00,21.0,16.4,230.0,6.3,3.4,108.0,28.7,39,0.0,8.5
Belagavi,15.8521,74.5045,2026-04-04 10:00:00,21.1,15.7,226.0,3.8,3.5,124.0,30.7,32,0.0,8.8
Belagavi,15.8521,74.5045,2026-04-04 11:00:00,21.9,16.5,223.0,2.0,3.4,135.0,31.3,33,0.0,8.7
Belagavi,15.8521,74.5045,2026-04-04 12:00:00,21.5,16.4,225.0,1.4,3.1,139.0,32.3,31,0.0,7.4
Belagavi,15.8521,74.5045,2026-04-04 13:00:00,20.7,15.9,228.0,1.4,2.6,139.0,32.7,29,0.0,8.1
Belagavi,15.8521,74.5045,2026-04-04 14:00:00,22.1,16.8,226.0,1.6,2.3,136.0,32.5,30,0.1,14.2
Belagavi,15.8521,74.5045,2026-04-04 15:00:00,20.4,15.4,211.0,1.6,2.2,133.0,31.2,34,0.3,15.0
Belagavi,15.8521,74.5045,2026-04-04 16:00:00,19.4,14.1,190.0,1.6,2.2,127.0,31.1,32,0.0,17.6
Belagavi,15.8521,74.5045,2026-04-04 17:00:00,26.4,17.8,175.0,2.6,2.2,118.0,28.4,50,0.0,19.1
Belagavi,15.8521,74.5045,2026-04-04 18:00:00,23.4,16.1,172.0,4.7,2.6,103.0,26.7,59,0.0,16.4
Belagavi,15.8521,74.5045,2026-04-04 19:00:00,22.7,15.5,176.0,7.7,3.1,83.0,25.3,67,0.0,15.3
Belagavi,15.8521,74.5045,2026-04-04 20:00:00,24.4,15.8,180.0,10.5,3.5,66.0,23.8,75,0.0,14.3
Belagavi,15.8521,74.5045,2026-04-04 21:00:00,26.7,16.9,184.0,12.9,3.8,56.0,22.7,81,0.0,13.8
Belagavi,15.8521,74.5045,2026-04-04 22:00:00,29.7,18.9,188.0,15.1,4.1,49.0,21.9,85,0.0,13.1
Belagavi,15.8521,74.5045,2026-04-04 23:00:00,32.0,20.6,189.0,16.5,4.2,45.0,21.4,85,0.0,13.0
Belagavi,15.8521,74.5045,2026-04-05 00:00:00,32.7,20.7,183.0,16.5,4.1,44.0,21.1,80,0.0,12.3
Belagavi,15.8521,74.5045,2026-04-05 01:00:00,33.1,20.5,173.0,15.7,3.9,45.0,20.6,77,0.0,11.8
Belagavi,15.8521,74.5045,2026-04-05 02:00:00,32.6,20.0,168.0,14.9,3.7,46.0,20.4,70,0.0,13.4
Belagavi,15.8521,74.5045,2026-04-05 03:00:00,31.4,19.4,174.0,14.7,3.6,45.0,20.5,63,0.0,14.8
Belagavi,15.8521,74.5045,2026-04-05 04:00:00,29.8,18.7,184.0,14.5,3.6,43.0,20.3,65,0.0,14.6
Belagavi,15.8521,74.5045,2026-04-05 05:00:00,26.5,17.0,190.0,12.4,3.6,47.0,20.5,71,0.0,14.6
Belagavi,15.8521,74.5045,2026-04-05 06:00:00,27.2,17.6,187.0,11.0,3.8,55.0,20.4,70,0.0,14.4
Belagavi,15.8521,74.5045,2026-04-05 07:00:00,27.8,19.2,180.0,9.1,4.1,66.0,21.9,64,0.0,13.9
Belagavi,15.8521,74.5045,2026-04-05 08:00:00,27.3,15.9,175.0,7.1,4.1,78.0,24.5,52,0.0,14.2
Belagavi,15.8521,74.5045,2026-04-05 09:00:00,31.1,14.5,175.0,5.1,3.8,92.0,27.0,43,0.0,15.3
Belagavi,15.8521,74.5045,2026-04-05 10:00:00,33.2,14.8,177.0,3.1,3.2,107.0,29.1,35,0.0,14.2
Belagavi,15.8521,74.5045,2026-04-05 11:00:00,30.5,14.7,176.0,1.6,2.7,117.0,30.6,31,0.0,11.0
Belagavi,15.8521,74.5045,2026-04-05 12:00:00,27.1,13.9,170.0,1.0,2.3,119.0,32.1,27,0.0,10.8
Belagavi,15.8521,74.5045,2026-04-05 13:00:00,24.7,12.9,161.0,1.0,2.0,117.0,32.9,26,0.0,13.0
Belagavi,15.8521,74.5045,2026-04-05 14:00:00,22.9,11.8,155.0,1.1,1.7,113.0,33.0,24,0.0,15.4
Belagavi,15.8521,74.5045,2026-04-05 15:00:00,21.9,11.1,152.0,1.0,1.5,109.0,32.3,26,0.0,18.2
Belagavi,15.8521,74.5045,2026-04-05 16:00:00,22.2,11.1,151.0,1.1,1.3,104.0,31.2,31,0.0,18.6
Belagavi,15.8521,74.5045,2026-04-05 17:00:00,13.2,7.1,155.0,2.1,1.4,97.0,30.1,34,0.0,17.3
Belagavi,15.8521,74.5045,2026-04-05 18:00:00,15.7,9.1,165.0,3.9,1.7,89.0,28.5,38,0.0,16.7
Belagavi,15.8521,74.5045,2026-04-05 19:00:00,18.8,11.1,180.0,6.7,2.2,79.0,26.5,44,0.0,16.2
Belagavi,15.8521,74.5045,2026-04-05 20:00:00,22.6,13.8,194.0,10.0,2.7,68.0,24.8,52,0.0,13.9
Belagavi,15.8521,74.5045,2026-04-05 21:00:00,27.4,17.4,207.0,14.8,3.5,58.0,23.5,59,0.0,12.5
Belagavi,15.8521,74.5045,2026-04-05 22:00:00,33.5,21.5,219.0,20.2,4.3,48.0,22.5,63,0.0,12.0
Belagavi,15.8521,74.5045,2026-04-05 23:00:00,38.2,24.4,225.0,23.5,4.8,42.0,21.8,67,0.0,12.8
Belagavi,15.8521,74.5045,2026-04-06 00:00:00,39.0,24.3,220.0,23.1,4.6,41.0,21.6,64,0.0,12.7
Belagavi,15.8521,74.5045,2026-04-06 01:00:00,39.2,23.6,209.0,20.7,3.9,44.0,21.1,62,0.0,13.3
Belagavi,15.8521,74.5045,2026-04-06 02:00:00,38.3,22.5,200.0,18.3,3.4,47.0,20.9,61,0.0,13.6
Belagavi,15.8521,74.5045,2026-04-06 03:00:00,36.4,20.9,199.0,16.8,3.1,49.0,20.5,62,0.0,14.4
Belagavi,15.8521,74.5045,2026-04-06 04:00:00,35.9,19.9,200.0,15.3,2.9,52.0,19.8,63,0.0,14.3
Belagavi,15.8521,74.5045,2026-04-06 05:00:00,37.1,19.0,198.0,12.6,2.7,59.0,19.3,66,0.0,14.1
Belagavi,15.8521,74.5045,2026-04-06 06:00:00,38.5,18.7,189.0,10.2,2.7,67.0,19.3,63,0.0,13.4
Belagavi,15.8521,74.5045,2026-04-06 07:00:00,38.8,17.9,176.0,6.9,2.6,78.0,20.9,57,0.0,13.6
Belagavi,15.8521,74.5045,2026-04-06 08:00:00,36.2,15.4,166.0,4.2,2.5,88.0,23.4,49,0.0,15.2
Belagavi,15.8521,74.5045,2026-04-06 09:00:00,32.6,13.4,162.0,2.7,2.3,95.0,26.2,39,0.0,15.3
Belagavi,15.8521,74.5045,2026-04-06 10:00:00,29.9,12.0,160.0,1.8,2.0,99.0,28.7,30,0.0,15.0
Belagavi,15.8521,74.5045,2026-04-06 11:00:00,29.2,11.4,158.0,1.2,1.7,102.0,30.2,25,0.0,15.1
Belagavi,15.8521,74.5045,2026-04-06 12:00:00,29.7,11.4,153.0,0.9,1.5,101.0,31.1,23,0.0,16.0
Belagavi,15.8521,74.5045,2026-04-06 13:00:00,29.3,11.4,147.0,0.9,1.4,98.0,31.2,26,0.0,17.5
Belagavi,15.8521,74.5045,2026-04-06 14:00:00,27.9,11.2,142.0,1.0,1.3,96.0,31.1,28,0.0,17.0
Belagavi,15.8521,74.5045,2026-04-06 15:00:00,26.1,10.9,139.0,0.9,1.3,96.0,30.8,32,0.0,17.9
Belagavi,15.8521,74.5045,2026-04-06 16:00:00,23.6,10.3,137.0,1.0,1.3,96.0,29.8,34,0.0,18.3
Belagavi,15.8521,74.5045,2026-04-06 17:00:00,11.0,6.4,141.0,2.1,1.5,95.0,28.5,39,0.0,17.7
Belagavi,15.8521,74.5045,2026-04-06 18:00:00,10.1,6.9,156.0,4.4,1.9,89.0,26.4,46,0.0,16.0
Belagavi,15.8521,74.5045,2026-04-06 19:00:00,10.8,8.3,177.0,7.7,2.4,80.0,24.5,55,0.0,14.0
Belagavi,15.8521,74.5045,2026-04-06 20:00:00,12.3,10.2,195.0,11.0,2.9,71.0,22.8,63,0.0,12.1
Belagavi,15.8521,74.5045,2026-04-06 21:00:00,14.7,12.6,207.0,14.3,3.4,63.0,21.5,69,0.0,11.0
Belagavi,15.8521,74.5045,2026-04-06 22:00:00,17.3,15.1,217.0,17.6,3.8,56.0,20.3,76,0.0,9.7
Belagavi,15.8521,74.5045,2026-04-06 23:00:00,19.0,16.6,222.0,19.6,4.0,51.0,19.7,80,0.0,10.4
Belagavi,15.8521,74.5045,2026-04-07 00:00:00,19.1,16.6,221.0,19.6,3.8,50.0,19.2,84,0.0,8.4
Belagavi,15.8521,74.5045,2026-04-07 01:00:00,18.9,16.4,215.0,18.4,3.4,52.0,18.5,87,0.0,7.1
Belagavi,15.8521,74.5045,2026-04-07 02:00:00,18.3,15.8,211.0,17.2,3.0,54.0,18.1,87,0.0,8.1
Belagavi,15.8521,74.5045,2026-04-07 03:00:00,17.6,15.1,211.0,16.5,2.6,54.0,17.8,86,0.0,8.9
Belagavi,15.8521,74.5045,2026-04-07 04:00:00,18.3,15.5,212.0,15.9,2.2,55.0,17.4,89,0.0,9.3
Belagavi,15.8521,74.5045,2026-04-07 05:00:00,15.8,13.2,209.0,13.3,2.9,64.0,17.3,93,0.0,10.4
Belagavi,15.8521,74.5045,2026-04-07 06:00:00,15.5,13.0,199.0,10.9,2.9,75.0,17.2,92,0.0,9.3
Belagavi,15.8521,74.5045,2026-04-07 07:00:00,16.1,13.8,185.0,7.6,3.0,91.0,19.2,81,0.0,7.9
Belagavi,15.8521,74.5045,2026-04-07 08:00:00,12.2,9.0,172.0,4.9,3.0,105.0,22.7,58,0.0,7.8
Belagavi,15.8521,74.5045,2026-04-07 09:00:00,12.6,8.2,163.0,3.3,3.0,117.0,25.9,41,0.0,7.9
Belagavi,15.8521,74.5045,2026-04-07 10:00:00,14.3,8.5,156.0,2.3,3.1,127.0,28.4,32,0.0,8.0
Belagavi,15.8521,74.5045,2026-04-07 11:00:00,15.5,8.7,150.0,1.6,3.0,134.0,29.8,28,0.0,8.3
Belagavi,15.8521,74.5045,2026-04-07 12:00:00,16.4,8.9,146.0,1.3,2.7,136.0,31.2,28,0.0,8.6
Belagavi,15.8521,74.5045,2026-04-07 13:00:00,17.5,9.2,143.0,1.3,2.4,134.0,32.3,28,0.0,8.2
Belagavi,15.8521,74.5045,2026-04-07 14:00:00,22.0,10.5,143.0,1.4,2.1,132.0,33.2,26,0.0,9.2
Belagavi,15.8521,74.5045,2026-04-07 15:00:00,25.6,11.7,146.0,1.5,1.9,130.0,33.7,24,0.0,12.4
Belagavi,15.8521,74.5045,2026-04-07 16:00:00,26.1,12.0,151.0,1.7,1.8,127.0,33.0,25,0.0,15.4
Belagavi,15.8521,74.5045,2026-04-07 17:00:00,20.1,9.8,155.0,2.7,1.9,124.0,31.3,31,0.0,17.6
Belagavi,15.8521,74.5045,2026-04-07 18:00:00,16.9,10.2,157.0,3.8,2.0,113.0,26.9,59,0.0,19.7
Belagavi,15.8521,74.5045,2026-04-07 19:00:00,15.1,10.5,157.0,5.4,2.2,98.0,23.3,77,0.0,20.2
Belagavi,15.8521,74.5045,2026-04-07 20:00:00,14.4,10.4,160.0,6.8,2.3,85.0,22.5,80,0.0,19.1
Belagavi,15.8521,74.5045,2026-04-07 21:00:00,14.9,11.1,167.0,7.7,2.3,76.0,21.7,83,0.0,16.7
Belagavi,15.8521,74.5045,2026-04-07 22:00:00,16.5,12.1,175.0,8.4,2.3,70.0,20.9,86,0.0,14.5
Belagavi,15.8521,74.5045,2026-04-07 23:00:00,18.5,13.2,180.0,9.1,2.2,65.0,20.4,91,0.0,13.0
Belagavi,15.8521,74.5045,2026-04-08 00:00:00,20.7,14.0,176.0,9.8,2.0,61.0,20.0,92,0.0,11.7
Belagavi,15.8521,74.5045,2026-04-08 01:00:00,24.0,15.5,169.0,10.6,1.6,59.0,19.7,90,0.0,11.5
Belagavi,15.8521,74.5045,2026-04-08 02:00:00,29.2,17.5,165.0,11.2,1.4,57.0,19.5,88,0.0,12.1
Belagavi,15.8521,74.5045,2026-04-08 03:00:00,35.7,19.3,170.0,12.0,1.2,53.0,19.4,86,0.0,13.2
Belagavi,15.8521,74.5045,2026-04-08 04:00:00,45.3,21.4,179.0,12.7,1.1,50.0,19.2,84,0.0,13.4
Belagavi,15.8521,74.5045,2026-04-08 05:00:00,53.1,24.9,183.0,15.2,1.2,47.0,19.2,89,0.0,13.3
Belagavi,15.8521,74.5045,2026-04-08 06:00:00,52.4,24.2,179.0,12.8,1.8,56.0,19.3,88,0.0,12.3
Belagavi,15.8521,74.5045,2026-04-08 07:00:00,56.0,25.3,170.0,9.4,2.7,69.0,21.5,72,0.0,12.0
Belagavi,15.8521,74.5045,2026-04-08 08:00:00,97.8,26.1,163.0,6.4,3.3,82.0,24.4,57,0.0,10.3
Belagavi,15.8521,74.5045,2026-04-08 09:00:00,109.7,26.9,158.0,4.4,3.5,94.0,27.8,42,0.0,11.8
Belagavi,15.8521,74.5045,2026-04-08 10:00:00,104.8,26.8,154.0,2.8,3.5,106.0,30.4,32,0.0,11.9
Belagavi,15.8521,74.5045,2026-04-08 11:00:00,96.6,26.5,151.0,1.7,3.5,116.0,31.6,29,0.0,9.4
Belagavi,15.8521,74.5045,2026-04-08 12:00:00,87.8,25.7,151.0,1.3,3.6,124.0,32.9,26,0.0,7.0
Belagavi,15.8521,74.5045,2026-04-08 13:00:00,82.0,25.3,153.0,1.3,3.6,129.0,33.8,24,0.0,6.1
Belagavi,15.8521,74.5045,2026-04-08 14:00:00,77.8,24.9,153.0,1.5,3.5,130.0,34.3,22,0.0,8.1
Belagavi,15.8521,74.5045,2026-04-08 15:00:00,73.3,23.9,150.0,1.4,3.1,126.0,34.2,21,0.0,7.6
Belagavi,15.8521,74.5045,2026-04-08 16:00:00,68.7,22.7,145.0,1.5,2.6,118.0,34.9,20,0.0,7.4
Belagavi,15.8521,74.5045,2026-04-08 17:00:00,48.0,17.5,145.0,2.8,2.3,107.0,33.5,22,0.0,16.0
Belagavi,15.8521,74.5045,2026-04-08 18:00:00,41.3,17.9,153.0,5.1,2.5,94.0,28.9,50,0.0,19.6
Belagavi,15.8521,74.5045,2026-04-08 19:00:00,38.9,18.7,165.0,8.3,2.7,76.0,27.2,56,0.0,18.1
Belagavi,15.8521,74.5045,2026-04-08 20:00:00,39.0,19.8,177.0,11.4,3.0,61.0,26.0,60,0.0,15.7
Belagavi,15.8521,74.5045,2026-04-08 21:00:00,41.3,21.4,187.0,14.5,3.3,51.0,24.9,65,0.0,14.8
Belagavi,15.8521,74.5045,2026-04-08 22:00:00,44.4,23.5,196.0,17.5,3.6,44.0,24.1,66,0.0,13.8
Belagavi,15.8521,74.5045,2026-04-08 23:00:00,46.9,24.9,201.0,19.3,3.7,39.0,23.7,64,0.0,13.1
Belagavi,15.8521,74.5045,2026-04-09 00:00:00,48.9,24.9,200.0,19.2,3.5,38.0,23.5,62,0.0,9.2
Belagavi,15.8521,74.5045,2026-04-09 01:00:00,52.2,24.6,196.0,17.9,3.1,39.0,22.1,72,0.0,6.1
Belagavi,15.8521,74.5045,2026-04-09 02:00:00,56.2,24.3,194.0,16.9,2.8,40.0,21.3,84,0.0,9.4
Belagavi,15.8521,74.5045,2026-04-09 03:00:00,61.0,24.3,198.0,17.2,2.8,37.0,20.8,85,0.0,9.0
Belagavi,15.8521,74.5045,2026-04-09 04:00:00,66.8,24.7,203.0,17.9,2.8,33.0,20.4,88,0.0,9.2
Belagavi,15.8521,74.5045,2026-04-09 05:00:00,81.7,28.8,205.0,21.0,3.5,30.0,20.1,88,0.0,1.0
Belagavi,15.8521,74.5045,2026-04-09 06:00:00,86.6,30.0,201.0,17.0,3.6,43.0,20.0,89,0.0,1.6
Belagavi,15.8521,74.5045,2026-04-09 07:00:00,81.3,31.5,194.0,11.3,3.8,61.0,22.0,77,0.0,5.2
Belagavi,15.8521,74.5045,2026-04-09 08:00:00,98.7,24.9,184.0,6.7,3.8,76.0,26.1,53,0.0,6.0
Belagavi,15.8521,74.5045,2026-04-09 09:00:00,117.6,25.0,169.0,4.1,3.6,86.0,29.6,36,0.0,9.3
Belagavi,15.8521,74.5045,2026-04-09 10:00:00,128.1,26.3,151.0,2.6,3.3,94.0,31.9,27,0.0,11.4
Belagavi,15.8521,74.5045,2026-04-09 11:00:00,125.7,26.5,138.0,1.6,3.0,100.0,33.2,25,0.0,10.4
Belagavi,15.8521,74.5045,2026-04-09 12:00:00,115.3,25.5,135.0,1.1,2.7,104.0,34.6,23,0.0,10.6
Belagavi,15.8521,74.5045,2026-04-09 13:00:00,99.2,23.6,138.0,1.1,2.4,106.0,35.6,21,0.0,12.4
Belagavi,15.8521,74.5045,2026-04-09 14:00:00,87.5,22.6,140.0,1.3,2.2,106.0,35.0,23,0.0,15.5
Belagavi,15.8521,74.5045,2026-04-09 15:00:00,75.2,20.6,140.0,1.3,2.0,103.0,33.6,25,0.0,18.6
Belagavi,15.8521,74.5045,2026-04-09 16:00:00,68.2,19.8,139.0,1.5,1.8,98.0,31.9,33,0.0,24.1
Belagavi,15.8521,74.5045,2026-04-09 17:00:00,54.7,16.8,141.0,2.4,1.7,87.0,29.4,47,0.0,24.8
Belagavi,15.8521,74.5045,2026-04-09 18:00:00,43.7,16.1,146.0,4.0,1.9,78.0,27.3,59,0.0,22.2
Belagavi,15.8521,74.5045,2026-04-09 19:00:00,39.7,15.9,152.0,6.4,2.2,66.0,25.7,70,0.0,18.1
Belagavi,15.8521,74.5045,2026-04-09 20:00:00,38.6,16.2,159.0,9.1,2.5,55.0,24.6,76,0.0,14.2
Belagavi,15.8521,74.5045,2026-04-09 21:00:00,39.9,17.5,166.0,12.6,2.9,46.0,23.7,82,0.0,13.8
Belagavi,15.8521,74.5045,2026-04-09 22:00:00,43.2,19.7,174.0,16.5,3.4,39.0,22.9,86,0.0,13.4
Belagavi,15.8521,74.5045,2026-04-09 23:00:00,47.3,21.7,179.0,19.4,3.7,33.0,22.4,88,0.0,13.3
Belagavi,15.8521,74.5045,2026-04-10 00:00:00,49.7,22.1,179.0,20.6,3.5,30.0,22.2,85,0.0,12.6
Belagavi,15.8521,74.5045,2026-04-10 01:00:00,53.7,22.4,178.0,20.7,3.2,28.0,21.7,85,0.0,10.3
Belagavi,15.8521,74.5045,2026-04-10 02:00:00,61.5,23.3,179.0,20.7,2.9,27.0,21.3,81,0.0,10.6
Belagavi,15.8521,74.5045,2026-04-10 03:00:00,68.7,24.0,188.0,21.1,2.8,24.0,21.4,78,0.0,10.6
Belagavi,15.8521,74.5045,2026-04-10 04:00:00,76.1,24.5,199.0,21.2,2.9,22.0,21.4,74,0.0,11.4
Belagavi,15.8521,74.5045,2026-04-10 05:00:00,87.5,27.2,206.0,22.8,3.9,26.0,21.8,73,0.0,13.9
Belagavi,15.8521,74.5045,2026-04-10 06:00:00,97.8,27.9,204.0,18.6,4.6,41.0,22.2,72,0.0,13.6
Belagavi,15.8521,74.5045,2026-04-10 07:00:00,89.6,28.9,198.0,12.8,5.5,61.0,24.2,64,0.0,13.9
Belagavi,15.8521,74.5045,2026-04-10 08:00:00,100.4,29.5,192.0,7.9,6.2,83.0,27.4,47,0.0,16.6
Belagavi,15.8521,74.5045,2026-04-10 09:00:00,94.3,30.9,186.0,5.1,6.3,106.0,30.0,35,0.0,17.5
Belagavi,15.8521,74.5045,2026-04-10 10:00:00,72.6,27.9,180.0,3.2,6.1,129.0,32.1,28,0.0,15.8
Belagavi,15.8521,74.5045,2026-04-10 11:00:00,58.0,24.4,176.0,2.0,5.8,146.0,33.1,26,0.0,12.2
Belagavi,15.8521,74.5045,2026-04-10 12:00:00,50.1,21.4,174.0,1.4,5.3,154.0,34.4,24,0.0,8.0
Belagavi,15.8521,74.5045,2026-04-10 13:00:00,49.6,20.8,173.0,1.4,4.7,156.0,35.3,22,0.0,6.2
Belagavi,15.8521,74.5045,2026-04-10 14:00:00,49.9,20.9,173.0,1.6,4.3,156.0,35.9,21,0.0,6.4
Belagavi,15.8521,74.5045,2026-04-10 15:00:00,50.2,21.1,174.0,1.7,4.2,158.0,36.2,20,0.0,8.2
Belagavi,15.8521,74.5045,2026-04-10 16:00:00,50.2,21.4,175.0,2.0,4.4,159.0,35.9,19,0.0,7.4
Belagavi,15.8521,74.5045,2026-04-10 17:00:00,38.6,17.7,176.0,3.4,4.5,156.0,34.9,20,0.0,8.7
Belagavi,15.8521,74.5045,2026-04-10 18:00:00,42.1,22.3,176.0,10.5,5.4,131.0,33.4,22,0.0,7.3
Belagavi,15.8521,74.5045,2026-04-10 19:00:00,51.0,30.6,176.0,20.3,6.5,96.0,30.5,29,0.0,11.5
Belagavi,15.8521,74.5045,2026-04-10 20:00:00,55.1,34.1,180.0,26.9,7.4,69.0,28.0,48,0.0,17.8
Belagavi,15.8521,74.5045,2026-04-10 21:00:00,59.4,35.6,191.0,27.3,7.6,59.0,27.5,50,0.0,12.9
Belagavi,15.8521,74.5045,2026-04-10 22:00:00,66.6,38.1,205.0,24.6,7.5,58.0,26.8,54,0.0,13.8
Belagavi,15.8521,74.5045,2026-04-10 23:00:00,75.4,40.7,214.0,22.2,7.3,58.0,26.7,53,0.0,14.5
Belagavi,15.8521,74.5045,2026-04-11 00:00:00,82.9,42.5,210.0,21.3,7.1,57.0,26.1,52,0.0,11.5
Belagavi,15.8521,74.5045,2026-04-11 01:00:00,88.9,43.8,201.0,20.8,6.8,56.0,25.3,52,0.0,9.2
Belagavi,15.8521,74.5045,2026-04-11 02:00:00,93.1,44.8,197.0,20.8,6.6,54.0,24.8,53,0.0,8.7
Belagavi,15.8521,74.5045,2026-04-11 03:00:00,95.5,45.8,207.0,22.0,6.3,47.0,24.9,50,0.0,10.6
Belagavi,15.8521,74.5045,2026-04-11 04:00:00,95.9,46.8,224.0,23.6,6.1,38.0,24.7,48,0.0,11.7
Belagavi,15.8521,74.5045,2026-04-11 05:00:00,93.6,48.5,234.0,26.6,6.8,39.0,24.2,56,0.0,11.0
Belagavi,15.8521,74.5045,2026-04-11 06:00:00,85.2,46.2,232.0,21.6,7.4,60.0,24.4,53,0.0,12.5
Belagavi,15.8521,74.5045,2026-04-11 07:00:00,73.1,43.0,224.0,14.6,8.2,90.0,26.4,47,0.0,12.0
Belagavi,15.8521,74.5045,2026-04-11 08:00:00,71.9,36.6,218.0,8.9,9.0,118.0,29.7,37,0.0,11.6
Belagavi,15.8521,74.5045,2026-04-11 09:00:00,64.7,32.5,218.0,5.8,9.7,142.0,31.8,29,0.0,13.4
Belagavi,15.8521,74.5045,2026-04-11 10:00:00,53.8,29.2,220.0,3.9,10.4,165.0,33.5,25,0.0,11.2
Belagavi,15.8521,74.5045,2026-04-11 11:00:00,48.2,27.5,220.0,2.7,10.7,182.0,34.2,24,0.0,8.1
Belagavi,15.8521,74.5045,2026-04-11 12:00:00,46.4,26.6,217.0,2.1,10.4,192.0,35.5,22,0.0,7.9
Belagavi,15.8521,74.5045,2026-04-11 13:00:00,43.8,26.0,211.0,2.0,9.8,197.0,36.3,20,0.0,9.7
Belagavi,15.8521,74.5045,2026-04-11 14:00:00,44.7,26.7,205.0,2.2,9.1,196.0,36.8,19,0.0,11.2
Belagavi,15.8521,74.5045,2026-04-11 15:00:00,43.3,26.6,197.0,2.3,8.4,188.0,37.3,17,0.0,12.0
Belagavi,15.8521,74.5045,2026-04-11 16:00:00,43.2,26.7,188.0,2.6,7.7,175.0,36.5,19,0.0,8.4
Belagavi,15.8521,74.5045,2026-04-11 17:00:00,43.0,25.6,182.0,3.2,7.1,159.0,31.1,50,0.0,22.4
Belagavi,15.8521,74.5045,2026-04-11 18:00:00,43.5,28.4,181.0,4.3,6.7,135.0,28.9,62,0.0,17.1
Belagavi,15.8521,74.5045,2026-04-11 19:00:00,44.5,30.2,184.0,5.9,6.0,102.0,26.4,77,0.0,15.8
Belagavi,15.8521,74.5045,2026-04-11 20:00:00,46.9,31.1,189.0,7.4,5.4,76.0,24.8,84,0.0,12.2
Belagavi,15.8521,74.5045,2026-04-11 21:00:00,48.8,31.5,199.0,8.6,4.8,66.0,24.0,88,0.0,15.7
Belagavi,15.8521,74.5045,2026-04-11 22:00:00,49.8,33.2,213.0,9.7,4.1,63.0,23.5,89,0.0,13.0
Belagavi,15.8521,74.5045,2026-04-11 23:00:00,54.7,37.0,221.0,10.4,3.6,62.0,23.3,92,0.0,8.9
Belagavi,15.8521,74.5045,2026-04-12 00:00:00,57.4,40.0,219.0,10.4,3.3,62.0,23.3,88,0.0,7.2
Belagavi,15.8521,74.5045,2026-04-12 01:00:00,60.1,41.3,211.0,10.1,3.0,65.0,22.8,89,0.0,6.0
Belagavi,15.8521,74.5045,2026-04-12 02:00:00,59.6,42.5,208.0,10.4,3.0,65.0,22.8,82,0.0,8.0
Belagavi,15.8521,74.5045,2026-04-12 03:00:00,57.6,43.1,213.0,12.3,3.1,58.0,23.2,69,0.0,10.7
Belagavi,15.8521,74.5045,2026-04-12 04:00:00,55.8,42.4,222.0,14.8,3.3,50.0,23.5,61,0.0,12.9
Belagavi,15.8521,74.5045,2026-04-12 05:00:00,61.2,42.7,230.0,18.7,6.3,59.0,23.7,63,0.0,13.9
Belagavi,15.8521,74.5045,2026-04-12 06:00:00,59.0,39.7,236.0,16.2,6.6,72.0,23.9,60,0.0,15.0
Belagavi,15.8521,74.5045,2026-04-12 07:00:00,51.6,34.0,242.0,12.6,7.1,91.0,25.7,55,0.0,14.8
Belagavi,15.8521,74.5045,2026-04-12 08:00:00,43.1,27.4,246.0,9.3,7.9,112.0,28.9,41,0.0,16.2
Belagavi,15.8521,74.5045,2026-04-12 09:00:00,38.4,25.3,249.0,6.7,9.4,137.0,31.5,32,0.0,17.8
Belagavi,15.8521,74.5045,2026-04-12 10:00:00,37.4,27.7,250.0,4.4,11.1,165.0,34.0,27,0.0,14.8
Belagavi,15.8521,74.5045,2026-04-12 11:00:00,38.2,29.8,249.0,2.7,12.0,185.0,35.2,25,0.0,9.3
Belagavi,15.8521,74.5045,2026-04-12 12:00:00,38.2,29.5,244.0,1.9,11.3,192.0,36.6,21,0.0,7.3
Belagavi,15.8521,74.5045,2026-04-12 13:00:00,38.1,28.6,237.0,1.8,9.7,192.0,37.6,19,0.0,8.6
Belagavi,15.8521,74.5045,2026-04-12 14:00:00,38.3,28.3,230.0,2.0,8.4,188.0,38.6,17,0.0,10.8
Belagavi,15.8521,74.5045,2026-04-12 15:00:00,38.3,28.3,223.0,2.3,7.7,182.0,37.7,17,0.0,10.2
Belagavi,15.8521,74.5045,2026-04-12 16:00:00,37.4,28.2,215.0,2.9,7.3,173.0,32.1,52,0.0,21.0
Belagavi,15.8521,74.5045,2026-04-12 17:00:00,34.0,26.2,211.0,3.6,6.4,152.0,30.1,60,0.0,21.1
Belagavi,15.8521,74.5045,2026-04-12 18:00:00,34.3,28.3,211.0,3.6,5.9,139.0,27.8,69,0.0,18.7
Belagavi,15.8521,74.5045,2026-04-12 19:00:00,35.0,29.2,214.0,3.7,5.1,121.0,26.0,77,0.0,14.9
Belagavi,15.8521,74.5045,2026-04-12 20:00:00,37.1,30.6,219.0,4.2,4.5,106.0,24.9,80,0.0,15.4
Belagavi,15.8521,74.5045,2026-04-12 21:00:00,39.3,32.5,227.0,5.4,4.2,99.0,24.2,82,0.0,14.1
Belagavi,15.8521,74.5045,2026-04-12 22:00:00,40.3,33.8,237.0,6.9,4.0,96.0,23.8,85,0.0,10.7
Belagavi,15.8521,74.5045,2026-04-12 23:00:00,42.1,34.6,240.0,8.0,3.8,93.0,23.4,89,0.0,9.9
Belagavi,15.8521,74.5045,2026-04-13 00:00:00,43.1,35.6,229.0,8.3,3.3,89.0,23.4,86,0.0,9.1
Belagavi,15.8521,74.5045,2026-04-13 01:00:00,44.7,36.4,212.0,8.2,2.8,86.0,23.1,86,0.0,8.8
Belagavi,15.8521,74.5045,2026-04-13 02:00:00,45.8,37.3,203.0,8.5,2.5,83.0,22.9,85,0.0,10.9
Belagavi,15.8521,74.5045,2026-04-13 03:00:00,46.7,37.7,211.0,9.8,2.6,77.0,22.7,81,0.0,11.0
Belagavi,15.8521,74.5045,2026-04-13 04:00:00,46.8,37.8,227.0,11.6,2.9,72.0,22.4,80,0.0,11.6
Belagavi,15.8521,74.5045,2026-04-13 05:00:00,49.8,39.7,240.0,9.2,3.1,90.0,22.0,93,0.0,7.9
Belagavi,15.8521,74.5045,2026-04-13 06:00:00,50.6,40.0,247.0,8.4,4.3,99.0,21.9,91,0.0,7.4
Belagavi,15.8521,74.5045,2026-04-13 07:00:00,48.8,38.4,250.0,7.2,5.9,112.0,23.5,82,0.0,6.4
Belagavi,15.8521,74.5045,2026-04-13 08:00:00,43.9,32.1,248.0,5.9,7.0,124.0,26.9,62,0.0,5.3
Belagavi,15.8521,74.5045,2026-04-13 09:00:00,40.9,27.6,236.0,4.4,7.2,133.0,30.2,40,0.0,5.5
Belagavi,15.8521,74.5045,2026-04-13 10:00:00,38.2,24.3,219.0,2.8,6.9,141.0,32.6,30,0.0,4.3
Belagavi,15.8521,74.5045,2026-04-13 11:00:00,35.7,21.3,207.0,1.7,6.5,146.0,33.6,28,0.0,5.5
Belagavi,15.8521,74.5045,2026-04-13 12:00:00,34.2,19.9,207.0,1.3,6.0,148.0,35.2,26,0.0,5.8
Belagavi,15.8521,74.5045,2026-04-13 13:00:00,33.9,19.8,212.0,1.3,5.3,147.0,36.5,24,0.0,7.1
Belagavi,15.8521,74.5045,2026-04-13 14:00:00,34.1,20.0,214.0,1.5,4.7,144.0,37.2,22,0.0,9.4
Belagavi,15.8521,74.5045,2026-04-13 15:00:00,34.2,20.3,206.0,1.6,4.2,140.0,37.4,22,0.0,8.4
Belagavi,15.8521,74.5045,2026-04-13 16:00:00,34.0,20.3,195.0,1.9,3.9,135.0,33.4,35,0.1,16.3
Belagavi,15.8521,74.5045,2026-04-13 17:00:00,27.2,17.5,186.0,2.9,4.3,125.0,31.6,44,0.0,15.0
Belagavi,15.8521,74.5045,2026-04-13 18:00:00,27.0,17.2,183.0,4.4,4.0,109.0,29.0,65,0.0,18.2
Belagavi,15.8521,74.5045,2026-04-13 19:00:00,26.5,17.4,183.0,6.4,3.6,86.0,27.1,72,0.0,17.1
Belagavi,15.8521,74.5045,2026-04-13 20:00:00,29.3,18.7,185.0,8.4,3.3,67.0,25.8,80,0.0,16.3
Belagavi,15.8521,74.5045,2026-04-13 21:00:00,32.4,19.9,189.0,10.2,3.2,57.0,24.4,88,0.0,13.1
Belagavi,15.8521,74.5045,2026-04-13 22:00:00,35.0,21.4,196.0,11.9,3.1,51.0,23.8,89,0.0,11.5
Belagavi,15.8521,74.5045,2026-04-13 23:00:00,37.5,22.9,198.0,12.9,2.9,48.0,23.4,93,0.0,7.5
Belagavi,15.8521,74.5045,2026-04-14 00:00:00,40.0,24.0,192.0,12.7,2.4,47.0,23.4,92,0.0,6.7
Belagavi,15.8521,74.5045,2026-04-14 01:00:00,42.6,24.6,182.0,11.9,1.7,48.0,23.1,92,0.0,7.6
Belagavi,15.8521,74.5045,2026-04-14 02:00:00,45.4,26.0,179.0,11.2,1.3,49.0,22.7,93,0.0,8.6
Belagavi,15.8521,74.5045,2026-04-14 03:00:00,45.5,27.0,190.0,11.1,1.2,47.0,22.4,95,0.0,2.8
Belagavi,15.8521,74.5045,2026-04-14 04:00:00,43.2,27.9,208.0,11.1,1.3,44.0,21.7,99,0.0,1.9
Belagavi,15.8521,74.5045,2026-04-14 05:00:00,47.7,30.6,217.0,12.6,1.1,38.0,22.2,94,0.0,8.6
Belagavi,15.8521,74.5045,2026-04-14 06:00:00,43.3,29.9,208.0,11.7,2.0,53.0,22.5,85,0.0,10.6
Belagavi,15.8521,74.5045,2026-04-14 07:00:00,39.8,29.2,190.0,10.4,3.3,75.0,25.3,63,0.0,11.4
Belagavi,15.8521,74.5045,2026-04-14 08:00:00,29.2,19.4,178.0,8.8,4.7,97.0,29.7,41,0.0,8.5
Belagavi,15.8521,74.5045,2026-04-14 09:00:00,23.3,12.7,180.0,6.6,6.2,120.0,32.2,33,0.0,10.5
Belagavi,15.8521,74.5045,2026-04-14 10:00:00,28.4,16.6,189.0,4.0,7.9,143.0,34.3,28,0.0,12.8
Belagavi,15.8521,74.5045,2026-04-14 11:00:00,31.7,19.9,196.0,2.2,9.0,160.0,34.7,27,0.0,11.6
Belagavi,15.8521,74.5045,2026-04-14 12:00:00,32.1,21.2,199.0,1.5,9.4,169.0,36.4,23,0.0,9.7
Belagavi,15.8521,74.5045,2026-04-14 13:00:00,31.5,21.4,200.0,1.5,9.2,172.0,37.3,20,0.0,8.2
Belagavi,15.8521,74.5045,2026-04-14 14:00:00,31.5,21.9,200.0,1.8,8.9,172.0,37.6,19,0.0,8.6
Belagavi,15.8521,74.5045,2026-04-14 15:00:00,31.9,22.5,197.0,2.3,8.5,171.0,38.0,19,0.0,12.5
Belagavi,15.8521,74.5045,2026-04-14 16:00:00,31.7,22.6,193.0,3.1,7.8,167.0,37.9,19,0.0,12.3
Belagavi,15.8521,74.5045,2026-04-14 17:00:00,23.2,17.3,190.0,3.8,7.4,154.0,34.8,27,0.0,14.8
Belagavi,15.8521,74.5045,2026-04-14 18:00:00,25.7,19.9,190.0,4.6,6.5,133.0,29.5,55,0.0,20.4
Belagavi,15.8521,74.5045,2026-04-14 19:00:00,26.8,20.4,192.0,5.7,5.2,103.0,27.7,64,0.0,17.7
Belagavi,15.8521,74.5045,2026-04-14 20:00:00,29.3,20.8,195.0,7.1,4.3,80.0,25.4,75,0.0,14.3
Belagavi,15.8521,74.5045,2026-04-14 21:00:00,31.5,22.2,201.0,8.9,4.2,70.0,25.1,77,0.0,14.8
Belagavi,15.8521,74.5045,2026-04-14 22:00:00,33.6,23.7,208.0,10.9,4.4,66.0,24.3,82,0.0,7.5
Belagavi,15.8521,74.5045,2026-04-14 23:00:00,35.9,25.0,211.0,12.5,4.5,63.0,23.9,85,0.0,6.3
Belagavi,15.8521,74.5045,2026-04-15 00:00:00,38.5,27.0,203.0,13.2,4.3,60.0,23.6,85,0.0,7.8
Belagavi,15.8521,74.5045,2026-04-15 01:00:00,40.3,28.1,190.0,13.5,4.0,59.0,23.7,79,0.0,7.5
Belagavi,15.8521,74.5045,2026-04-15 02:00:00,41.0,29.1,185.0,13.9,3.9,58.0,23.6,73,0.0,8.9
Belagavi,15.8521,74.5045,2026-04-15 03:00:00,42.7,30.2,196.0,15.1,4.0,55.0,23.4,69,0.0,10.3
Belagavi,15.8521,74.5045,2026-04-15 04:00:00,45.6,31.3,215.0,16.5,4.4,53.0,23.1,70,0.0,9.2
Belagavi,15.8521,74.5045,2026-04-15 05:00:00,49.2,35.6,230.0,17.7,4.3,52.0,23.2,74,0.0,10.2
Belagavi,15.8521,74.5045,2026-04-15 06:00:00,47.5,33.3,235.0,14.8,5.9,72.0,23.1,73,0.0,9.1
Belagavi,15.8521,74.5045,2026-04-15 07:00:00,42.0,27.0,236.0,10.8,8.1,99.0,25.6,60,0.0,7.3
Belagavi,15.8521,74.5045,2026-04-15 08:00:00,41.7,23.1,233.0,7.4,9.7,122.0,28.9,45,0.0,1.7
Belagavi,15.8521,74.5045,2026-04-15 09:00:00,46.6,20.5,223.0,5.1,10.0,136.0,31.5,35,0.0,2.6
Belagavi,15.8521,74.5045,2026-04-15 10:00:00,48.2,20.0,209.0,3.5,9.7,147.0,34.0,26,0.0,9.0
Belagavi,15.8521,74.5045,2026-04-15 11:00:00,45.4,18.7,199.0,2.3,9.2,155.0,34.7,24,0.0,10.1
Belagavi,15.8521,74.5045,2026-04-15 12:00:00,41.8,18.1,199.0,1.7,8.6,162.0,35.8,22,0.0,8.8
Belagavi,15.8521,74.5045,2026-04-15 13:00:00,38.5,17.6,203.0,1.7,7.8,168.0,36.6,20,0.0,7.4
Belagavi,15.8521,74.5045,2026-04-15 14:00:00,36.3,17.2,203.0,1.8,7.0,168.0,37.2,18,0.0,8.8
Belagavi,15.8521,74.5045,2026-04-15 15:00:00,35.7,17.3,195.0,1.9,6.3,162.0,37.9,16,0.0,9.8
Belagavi,15.8521,74.5045,2026-04-15 16:00:00,35.2,17.0,183.0,2.2,5.6,152.0,35.9,20,0.0,11.7
Belagavi,15.8521,74.5045,2026-04-15 17:00:00,31.0,15.7,174.0,3.0,5.2,135.0,30.7,51,0.0,24.1
Belagavi,15.8521,74.5045,2026-04-15 18:00:00,34.1,17.6,170.0,3.8,4.8,117.0,28.2,70,0.0,20.0
Belagavi,15.8521,74.5045,2026-04-15 19:00:00,35.9,18.4,170.0,4.9,4.3,93.0,25.7,80,0.0,15.1
Belagavi,15.8521,74.5045,2026-04-15 20:00:00,34.9,18.4,171.0,5.9,3.8,74.0,24.9,85,0.0,15.6
Belagavi,15.8521,74.5045,2026-04-15 21:00:00,33.1,18.3,176.0,6.7,3.5,68.0,23.9,90,0.0,16.4
Belagavi,15.8521,74.5045,2026-04-15 22:00:00,32.4,18.3,182.0,7.3,3.2,67.0,23.6,90,0.0,14.9
Belagavi,15.8521,74.5045,2026-04-15 23:00:00,32.6,18.5,185.0,7.7,2.9,67.0,23.6,91,0.0,11.6
Belagavi,15.8521,74.5045,2026-04-16 00:00:00,32.8,18.9,179.0,7.7,2.3,65.0,23.1,90,0.0,11.0
Belagavi,15.8521,74.5045,2026-04-16 01:00:00,34.9,20.2,170.0,7.6,1.7,64.0,22.7,92,0.0,10.7
Belagavi,15.8521,74.5045,2026-04-16 02:00:00,37.0,21.5,166.0,7.6,1.3,63.0,22.2,93,0.0,9.1
Belagavi,15.8521,74.5045,2026-04-16 03:00:00,38.0,22.6,174.0,8.2,1.2,61.0,21.5,94,0.0,9.5
Belagavi,15.8521,74.5045,2026-04-16 04:00:00,38.4,24.4,188.0,9.1,1.4,59.0,21.0,95,0.0,9.9
Belagavi,15.8521,74.5045,2026-04-16 05:00:00,40.2,25.0,196.0,7.9,1.3,61.0,21.1,98,0.0,10.8
Belagavi,15.8521,74.5045,2026-04-16 06:00:00,40.5,24.3,192.0,7.7,2.3,70.0,21.0,93,0.0,11.3
Belagavi,15.8521,74.5045,2026-04-16 07:00:00,36.8,21.8,182.0,7.4,3.6,83.0,23.4,71,0.0,7.7
Belagavi,15.8521,74.5045,2026-04-16 08:00:00,31.4,16.9,173.0,6.7,4.7,97.0,26.8,50,0.0,1.9
Belagavi,15.8521,74.5045,2026-04-16 09:00:00,29.0,13.0,167.0,5.3,5.3,113.0,30.2,34,0.0,0.6
Belagavi,15.8521,74.5045,2026-04-16 10:00:00,30.2,12.5,163.0,3.4,5.6,131.0,32.9,24,0.0,3.6
Belagavi,15.8521,74.5045,2026-04-16 11:00:00,29.6,12.4,163.0,2.1,5.7,145.0,33.9,21,0.0,5.3
Belagavi,15.8521,74.5045,2026-04-16 12:00:00,29.0,13.3,172.0,1.6,5.5,154.0,35.9,17,0.0,6.1
Belagavi,15.8521,74.5045,2026-04-16 13:00:00,27.8,14.0,185.0,1.6,5.2,160.0,36.6,17,0.0,7.2
Belagavi,15.8521,74.5045,2026-04-16 14:00:00,27.2,14.6,191.0,1.7,4.8,162.0,37.1,18,0.0,8.4
Belagavi,15.8521,74.5045,2026-04-16 15:00:00,26.3,15.0,183.0,1.8,4.4,159.0,37.6,17,0.0,12.5
Belagavi,15.8521,74.5045,2026-04-16 16:00:00,24.6,14.9,169.0,2.1,4.0,153.0,37.2,17,0.0,5.7
Belagavi,15.8521,74.5045,2026-04-16 17:00:00,25.8,16.8,160.0,3.4,4.3,153.0,30.8,50,0.0,22.5
Belagavi,15.8521,74.5045,2026-04-16 18:00:00,23.1,16.3,161.0,4.6,3.9,131.0,29.4,57,0.0,16.3
Belagavi,15.8521,74.5045,2026-04-16 19:00:00,20.8,15.8,166.0,6.2,3.4,100.0,26.8,69,0.0,16.4
Belagavi,15.8521,74.5045,2026-04-16 20:00:00,20.1,15.4,171.0,7.5,3.0,77.0,25.3,76,0.0,13.6
Belagavi,15.8521,74.5045,2026-04-16 21:00:00,20.2,15.7,175.0,8.1,2.7,68.0,24.6,80,0.0,11.5
Belagavi,15.8521,74.5045,2026-04-16 22:00:00,20.8,16.2,178.0,8.4,2.5,65.0,24.0,82,0.0,9.5
Belagavi,15.8521,74.5045,2026-04-16 23:00:00,21.7,16.8,179.0,8.6,2.3,64.0,23.7,85,0.0,6.8
Belagavi,15.8521,74.5045,2026-04-17 00:00:00,22.2,17.0,173.0,8.5,1.9,63.0,23.2,89,0.0,7.4
Belagavi,15.8521,74.5045,2026-04-17 01:00:00,23.2,17.5,163.0,8.2,1.4,63.0,22.8,91,0.0,7.9
Belagavi,15.8521,74.5045,2026-04-17 02:00:00,23.9,17.6,161.0,8.4,1.1,62.0,22.3,92,0.0,9.4
Belagavi,15.8521,74.5045,2026-04-17 03:00:00,24.6,18.1,173.0,9.7,1.1,56.0,22.1,86,0.0,10.2
Belagavi,15.8521,74.5045,2026-04-17 04:00:00,25.1,18.7,193.0,11.5,1.3,48.0,21.8,84,0.0,7.9
Belagavi,15.8521,74.5045,2026-04-17 05:00:00,29.4,21.9,207.0,12.0,1.5,52.0,22.7,75,0.0,8.9
Belagavi,15.8521,74.5045,2026-04-17 06:00:00,28.6,23.1,211.0,11.4,2.5,65.0,23.1,68,0.0,8.3
Belagavi,15.8521,74.5045,2026-04-17 07:00:00,27.9,22.4,211.0,10.4,3.8,84.0,25.2,58,0.0,1.2
Belagavi,15.8521,74.5045,2026-04-17 08:00:00,24.0,16.7,209.0,9.0,4.8,103.0,28.4,45,0.0,2.3
Belagavi,15.8521,74.5045,2026-04-17 09:00:00,18.5,12.1,206.0,6.9,5.3,122.0,31.6,34,0.0,6.5
Belagavi,15.8521,74.5045,2026-04-17 10:00:00,15.7,10.7,201.0,4.4,5.4,141.0,34.1,26,0.0,9.1
Belagavi,15.8521,74.5045,2026-04-17 11:00:00,14.3,10.5,200.0,2.5,5.5,156.0,35.0,22,0.0,10.4
Belagavi,15.8521,74.5045,2026-04-17 12:00:00,16.1,12.5,207.0,1.8,5.5,167.0,36.4,20,0.0,11.2
Belagavi,15.8521,74.5045,2026-04-17 13:00:00,19.5,15.6,216.0,1.8,5.3,173.0,37.0,20,0.0,9.8
Belagavi,15.8521,74.5045,2026-04-17 14:00:00,22.1,17.9,219.0,2.0,5.2,176.0,37.6,19,0.0,8.5
Belagavi,15.8521,74.5045,2026-04-17 15:00:00,25.5,20.7,206.0,2.3,5.1,175.0,37.1,20,0.0,6.9
Belagavi,15.8521,74.5045,2026-04-17 16:00:00,25.5,20.4,187.0,2.7,5.0,170.0,35.1,26,0.0,10.3
Belagavi,15.8521,74.5045,2026-04-17 17:00:00,26.1,20.9,173.0,4.3,5.1,157.0,31.9,38,0.0,20.4
Belagavi,15.8521,74.5045,2026-04-17 18:00:00,26.9,21.5,172.0,5.8,4.9,133.0,31.4,42,0.0,12.8
Belagavi,15.8521,74.5045,2026-04-17 19:00:00,23.5,18.3,177.0,7.9,4.7,100.0,28.3,62,0.0,16.2
Belagavi,15.8521,74.5045,2026-04-17 20:00:00,23.2,16.4,184.0,10.1,4.5,74.0,26.9,67,0.0,11.5
Belagavi,15.8521,74.5045,2026-04-17 21:00:00,25.7,17.1,194.0,12.2,4.6,61.0,26.4,69,0.0,6.7
Belagavi,15.8521,74.5045,2026-04-17 22:00:00,28.3,19.2,207.0,14.3,4.7,55.0,25.6,73,0.0,3.3
Belagavi,15.8521,74.5045,2026-04-17 23:00:00,31.2,21.1,216.0,16.1,4.8,51.0,25.4,75,0.0,10.2
Belagavi,15.8521,74.5045,2026-04-18 00:00:00,32.5,22.2,216.0,17.6,4.6,46.0,25.5,70,0.0,9.8
Belagavi,15.8521,74.5045,2026-04-18 01:00:00,32.8,22.4,213.0,18.8,4.4,42.0,25.6,66,0.0,8.3
Belagavi,15.8521,74.5045,2026-04-18 02:00:00,34.8,23.5,211.0,19.5,4.3,41.0,25.4,64,0.0,6.9
Belagavi,15.8521,74.5045,2026-04-18 03:00:00,36.6,24.4,214.0,19.8,4.5,41.0,25.2,61,0.0,7.1
Belagavi,15.8521,74.5045,2026-04-18 04:00:00,36.3,24.2,219.0,19.7,4.8,43.0,24.9,59,0.0,6.9
Belagavi,15.8521,74.5045,2026-04-18 05:00:00,40.9,28.6,225.0,25.3,5.3,39.0,24.2,60,0.0,9.8
Belagavi,15.8521,74.5045,2026-04-18 06:00:00,42.4,30.6,235.0,20.2,6.2,64.0,23.8,63,0.0,0.5
Belagavi,15.8521,74.5045,2026-04-18 07:00:00,32.5,23.5,246.0,13.2,7.4,100.0,25.6,57,0.0,5.1
Belagavi,15.8521,74.5045,2026-04-18 08:00:00,32.4,22.2,253.0,7.6,8.5,131.0,28.8,46,0.0,1.4
Belagavi,15.8521,74.5045,2026-04-18 09:00:00,35.7,24.1,253.0,4.9,9.7,155.0,32.1,36,0.0,1.9
Belagavi,15.8521,74.5045,2026-04-18 10:00:00,38.0,26.0,248.0,3.6,10.8,175.0,34.7,28,0.0,2.8
Belagavi,15.8521,74.5045,2026-04-18 11:00:00,39.0,27.8,245.0,2.8,11.1,188.0,35.5,23,0.0,6.7
Belagavi,15.8521,74.5045,2026-04-18 12:00:00,38.6,28.4,247.0,2.2,10.1,190.0,36.3,20,0.0,11.4
Belagavi,15.8521,74.5045,2026-04-18 13:00:00,38.9,28.9,250.0,2.1,8.4,185.0,37.3,19,0.0,13.9
Belagavi,15.8521,74.5045,2026-04-18 14:00:00,39.9,29.8,250.0,2.2,7.0,177.0,37.6,19,0.0,12.9
Belagavi,15.8521,74.5045,2026-04-18 15:00:00,40.7,30.0,245.0,2.5,6.3,170.0,37.4,20,0.0,7.1
Belagavi,15.8521,74.5045,2026-04-18 16:00:00,40.4,30.0,238.0,3.1,5.9,160.0,33.6,31,0.0,14.9
Belagavi,15.8521,74.5045,2026-04-18 17:00:00,40.6,30.6,230.0,4.2,5.9,139.0,31.9,38,0.0,13.7
Belagavi,15.8521,74.5045,2026-04-18 18:00:00,37.5,27.6,219.0,6.6,5.9,123.0,28.6,60,0.0,18.8
Belagavi,15.8521,74.5045,2026-04-18 19:00:00,37.6,27.9,207.0,10.0,5.9,102.0,28.2,70,0.0,14.1
Belagavi,15.8521,74.5045,2026-04-18 20:00:00,39.1,28.1,202.0,13.0,5.9,83.0,26.3,82,0.0,13.2
Belagavi,15.8521,74.5045,2026-04-18 21:00:00,41.3,28.3,209.0,14.9,5.8,71.0,25.5,88,0.0,12.1
Belagavi,15.8521,74.5045,2026-04-18 22:00:00,44.5,29.3,223.0,16.4,5.6,63.0,25.0,91,0.0,10.2
Belagavi,15.8521,74.5045,2026-04-18 23:00:00,49.7,32.0,233.0,17.7,5.4,56.0,24.4,95,0.0,9.2
Belagavi,15.8521,74.5045,2026-04-19 00:00:00,52.9,33.6,232.0,18.7,5.0,50.0,24.1,96,0.0,9.6
Belagavi,15.8521,74.5045,2026-04-19 01:00:00,54.1,34.1,227.0,19.5,4.5,45.0,23.6,96,0.0,7.3
Belagavi,15.8521,74.5045,2026-04-19 02:00:00,56.6,35.9,229.0,20.3,4.2,42.0,23.3,94,0.0,9.8
Belagavi,15.8521,74.5045,2026-04-19 03:00:00,59.1,37.8,243.0,21.7,4.2,37.0,23.1,87,0.0,9.0
Belagavi,15.8521,74.5045,2026-04-19 04:00:00,59.0,37.7,264.0,23.1,4.4,34.0,23.0,82,0.0,11.1
Belagavi,15.8521,74.5045,2026-04-19 05:00:00,54.5,35.9,281.0,22.6,5.5,45.0,23.0,81,0.0,3.6
Belagavi,15.8521,74.5045,2026-04-19 06:00:00,49.6,34.3,294.0,18.1,5.6,65.0,22.8,83,0.0,3.5
Belagavi,15.8521,74.5045,2026-04-19 07:00:00,45.8,33.2,303.0,11.8,5.8,93.0,24.2,81,0.0,5.1
Belagavi,15.8521,74.5045,2026-04-19 08:00:00,44.8,31.2,304.0,6.7,6.2,118.0,27.9,63,0.0,5.2
Belagavi,15.8521,74.5045,2026-04-19 09:00:00,44.2,31.2,290.0,4.2,7.1,138.0,31.6,44,0.0,2.9
Belagavi,15.8521,74.5045,2026-04-19 10:00:00,43.7,31.8,267.0,2.9,8.3,155.0,34.3,32,0.0,3.9
Belagavi,15.8521,74.5045,2026-04-19 11:00:00,44.4,33.2,247.0,2.1,8.9,167.0,34.8,26,0.0,2.9
Belagavi,15.8521,74.5045,2026-04-19 12:00:00,44.5,33.8,233.0,1.6,8.5,171.0,36.6,23,0.0,6.2
Belagavi,15.8521,74.5045,2026-04-19 13:00:00,43.7,33.3,222.0,1.5,7.5,169.0,32.9,33,0.0,20.7
Belagavi,15.8521,74.5045,2026-04-19 14:00:00,42.4,32.1,216.0,1.7,6.7,163.0,34.7,27,0.0,11.9
Belagavi,15.8521,74.5045,2026-04-19 15:00:00,41.6,31.4,219.0,2.0,6.1,153.0,32.2,35,0.0,16.7
Belagavi,15.8521,74.5045,2026-04-19 16:00:00,39.2,30.0,228.0,2.6,5.6,140.0,30.0,49,0.9,11.9
Belagavi,15.8521,74.5045,2026-04-19 17:00:00,43.1,32.2,236.0,3.8,5.3,122.0,25.8,68,0.1,10.2
Belagavi,15.8521,74.5045,2026-04-19 18:00:00,41.9,31.3,242.0,7.2,5.6,107.0,26.5,66,0.0,6.2
Belagavi,15.8521,74.5045,2026-04-19 19:00:00,41.3,32.2,247.0,11.7,5.9,86.0,26.3,70,0.0,6.0
Belagavi,15.8521,74.5045,2026-04-19 20:00:00,42.1,33.3,246.0,14.3,6.0,72.0,26.3,73,0.0,8.2
Belagavi,15.8521,74.5045,2026-04-19 21:00:00,42.0,33.1,235.0,12.8,5.6,71.0,25.5,82,0.0,9.9
Belagavi,15.8521,74.5045,2026-04-19 22:00:00,39.9,29.3,217.0,9.2,4.9,77.0,24.4,90,0.0,9.9
Belagavi,15.8521,74.5045,2026-04-19 23:00:00,38.2,27.8,205.0,6.8,4.3,81.0,24.0,85,0.0,12.1
Belagavi,15.8521,74.5045,2026-04-20 00:00:00,37.7,27.7,201.0,6.8,4.0,80.0,24.1,75,0.0,11.1
Belagavi,15.8521,74.5045,2026-04-20 01:00:00,36.9,28.2,201.0,7.9,3.8,77.0,24.6,68,0.0,11.1
Belagavi,15.8521,74.5045,2026-04-20 02:00:00,35.6,28.3,207.0,9.0,3.8,77.0,24.5,67,0.0,9.0
Belagavi,15.8521,74.5045,2026-04-20 03:00:00,36.3,30.0,221.0,9.9,3.9,80.0,23.8,71,0.0,9.1
Belagavi,15.8521,74.5045,2026-04-20 04:00:00,38.2,32.1,241.0,10.7,4.1,86.0,22.8,78,0.0,1.6
Belagavi,15.8521,74.5045,2026-04-20 05:00:00,46.8,39.8,257.0,16.8,6.5,79.0,22.2,81,0.0,4.5
Belagavi,15.8521,74.5045,2026-04-20 06:00:00,50.5,43.3,266.0,14.9,6.6,96.0,22.2,81,0.0,6.1
Belagavi,15.8521,74.5045,2026-04-20 07:00:00,51.7,45.2,270.0,12.2,6.8,120.0,24.7,68,0.0,6.3
Belagavi,15.8521,74.5045,2026-04-20 08:00:00,49.0,41.8,272.0,9.5,7.0,142.0,28.3,49,0.0,6.0
Belagavi,15.8521,74.5045,2026-04-20 09:00:00,49.8,42.8,270.0,6.8,7.2,162.0,31.6,34,0.0,10.4
Belagavi,15.8521,74.5045,2026-04-20 10:00:00,50.2,43.1,266.0,4.2,7.3,180.0,33.6,26,0.0,12.9
Belagavi,15.8521,74.5045,2026-04-20 11:00:00,50.3,43.0,262.0,2.3,7.2,193.0,34.1,25,0.0,12.6
Belagavi,15.8521,74.5045,2026-04-20 12:00:00,48.4,41.3,260.0,1.6,6.7,199.0,35.0,23,0.0,10.4
Belagavi,15.8521,74.5045,2026-04-20 13:00:00,46.1,39.2,259.0,1.6,6.0,200.0,35.7,22,0.0,8.0
Belagavi,15.8521,74.5045,2026-04-20 14:00:00,43.9,37.3,257.0,1.9,5.5,196.0,36.7,21,0.0,7.1
Belagavi,15.8521,74.5045,2026-04-20 15:00:00,42.0,35.4,251.0,2.3,5.3,189.0,36.2,22,0.0,4.9
Belagavi,15.8521,74.5045,2026-04-20 16:00:00,39.6,33.3,244.0,3.0,5.3,177.0,35.0,24,0.0,9.5
Belagavi,15.8521,74.5045,2026-04-20 17:00:00,29.0,24.4,245.0,3.9,4.9,169.0,31.5,39,0.1,21.1
Belagavi,15.8521,74.5045,2026-04-20 18:00:00,29.4,25.6,264.0,5.0,4.8,147.0,30.1,49,0.0,14.7
Belagavi,15.8521,74.5045,2026-04-20 19:00:00,26.4,23.5,289.0,6.5,4.7,115.0,27.2,70,0.0,19.7
Belagavi,15.8521,74.5045,2026-04-20 20:00:00,23.9,20.6,298.0,7.9,4.5,90.0,25.9,76,0.0,14.3
Belagavi,15.8521,74.5045,2026-04-20 21:00:00,23.9,19.7,272.0,9.1,4.3,77.0,24.8,82,0.0,14.8
Belagavi,15.8521,74.5045,2026-04-20 22:00:00,24.6,20.0,229.0,10.2,4.1,70.0,24.0,86,0.0,11.4
Belagavi,15.8521,74.5045,2026-04-20 23:00:00,26.3,21.1,196.0,11.2,3.8,65.0,23.1,91,0.0,9.8
Belagavi,15.8521,74.5045,2026-04-21 00:00:00,29.4,23.5,185.0,11.8,3.3,62.0,23.0,91,0.0,12.2
Belagavi,15.8521,74.5045,2026-04-21 01:00:00,32.9,26.3,184.0,12.2,2.6,61.0,22.7,91,0.0,15.1
Belagavi,15.8521,74.5045,2026-04-21 02:00:00,36.2,29.2,190.0,12.9,2.2,60.0,22.1,97,0.0,10.2
Belagavi,15.8521,74.5045,2026-04-21 03:00:00,38.0,30.9,205.0,14.5,2.1,53.0,21.9,92,0.0,10.7
Belagavi,15.8521,74.5045,2026-04-21 04:00:00,40.0,32.9,225.0,16.4,2.2,46.0,21.6,93,0.0,11.3
Belagavi,15.8521,74.5045,2026-04-21 05:00:00,37.7,30.7,239.0,8.4,0.9,66.0,21.7,92,0.0,10.9
Belagavi,15.8521,74.5045,2026-04-21 06:00:00,39.1,32.2,238.0,8.2,2.0,80.0,22.0,88,0.0,10.3
Belagavi,15.8521,74.5045,2026-04-21 07:00:00,39.3,32.5,229.0,7.8,3.6,100.0,24.2,76,0.0,7.7
Belagavi,15.8521,74.5045,2026-04-21 08:00:00,35.5,28.3,226.0,7.0,5.2,121.0,27.2,57,0.0,8.0
Belagavi,15.8521,74.5045,2026-04-21 09:00:00,36.6,29.3,234.0,5.5,6.8,143.0,29.9,41,0.0,5.6
Belagavi,15.8521,74.5045,2026-04-21 10:00:00,38.2,31.1,248.0,3.7,8.4,166.0,31.8,35,0.0,6.7
Belagavi,15.8521,74.5045,2026-04-21 11:00:00,39.5,32.6,259.0,2.3,9.4,183.0,32.1,36,0.0,5.9
Belagavi,15.8521,74.5045,2026-04-21 12:00:00,41.2,33.8,266.0,1.8,9.3,192.0,34.0,31,0.0,3.2
Belagavi,15.8521,74.5045,2026-04-21 13:00:00,43.2,34.9,271.0,1.7,8.6,196.0,35.0,29,0.0,3.1
Belagavi,15.8521,74.5045,2026-04-21 14:00:00,43.2,35.0,271.0,1.9,7.9,194.0,35.9,27,0.0,4.6
Belagavi,15.8521,74.5045,2026-04-21 15:00:00,41.3,33.8,260.0,2.0,7.3,186.0,31.2,42,0.2,18.6
Belagavi,15.8521,74.5045,2026-04-21 16:00:00,38.0,31.1,245.0,2.3,6.6,173.0,31.5,37,0.1,9.4
Belagavi,15.8521,74.5045,2026-04-21 17:00:00,42.1,34.5,243.0,3.9,6.6,158.0,30.3,46,0.0,13.9
Belagavi,15.8521,74.5045,2026-04-21 18:00:00,37.5,30.7,270.0,6.8,6.5,137.0,28.7,56,0.0,12.6
Belagavi,15.8521,74.5045,2026-04-21 19:00:00,35.4,30.2,309.0,11.0,6.5,108.0,27.3,65,0.0,13.2
Belagavi,15.8521,74.5045,2026-04-21 20:00:00,34.1,29.2,328.0,14.9,6.4,83.0,25.9,71,0.0,10.7
Belagavi,15.8521,74.5045,2026-04-21 21:00:00,34.9,29.6,304.0,18.7,6.5,65.0,24.9,77,0.0,4.7
Belagavi,15.8521,74.5045,2026-04-21 22:00:00,37.3,31.2,259.0,22.2,6.6,50.0,24.2,82,0.0,1.5
Belagavi,15.8521,74.5045,2026-04-21 23:00:00,38.4,32.1,225.0,24.0,6.5,40.0,24.3,69,0.0,12.1
Belagavi,15.8521,74.5045,2026-04-22 00:00:00,36.1,29.9,213.0,22.8,5.9,36.0,23.4,71,0.0,10.8
Belagavi,15.8521,74.5045,2026-04-22 01:00:00,34.6,28.2,212.0,19.8,5.0,38.0,23.3,68,0.0,11.3
Belagavi,15.8521,74.5045,2026-04-22 02:00:00,32.4,25.7,217.0,17.1,4.4,42.0,23.4,66,0.0,7.8
Belagavi,15.8521,74.5045,2026-04-22 03:00:00,27.9,22.0,230.0,15.3,4.4,47.0,22.6,73,0.0,1.1
Belagavi,15.8521,74.5045,2026-04-22 04:00:00,28.7,22.6,251.0,13.7,4.6,55.0,22.1,76,0.0,0.7
Belagavi,15.8521,74.5045,2026-04-22 05:00:00,48.8,43.0,270.0,23.9,7.1,44.0,22.2,74,0.0,1.3
Belagavi,15.8521,74.5045,2026-04-22 06:00:00,52.5,46.4,289.0,20.2,7.8,70.0,21.8,77,0.0,3.1
Belagavi,15.8521,74.5045,2026-04-22 07:00:00,59.0,52.9,307.0,15.0,8.7,107.0,24.4,66,0.0,2.9
Belagavi,15.8521,74.5045,2026-04-22 08:00:00,56.0,47.1,315.0,10.4,9.0,139.0,28.4,48,0.0,0.8
Belagavi,15.8521,74.5045,2026-04-22 09:00:00,57.4,47.3,305.0,6.9,8.3,160.0,31.2,35,0.0,0.6
Belagavi,15.8521,74.5045,2026-04-22 10:00:00,50.6,41.7,285.0,4.1,7.2,176.0,33.0,29,0.0,3.3
Belagavi,15.8521,74.5045,2026-04-22 11:00:00,43.7,35.9,270.0,2.1,6.1,187.0,32.9,31,0.0,6.1
Belagavi,15.8521,74.5045,2026-04-22 12:00:00,40.5,33.4,266.0,1.4,5.4,193.0,34.2,29,0.0,3.8
Belagavi,15.8521,74.5045,2026-04-22 13:00:00,37.8,31.4,266.0,1.5,4.8,194.0,35.0,26,0.0,3.2
Belagavi,15.8521,74.5045,2026-04-22 14:00:00,36.9,30.7,266.0,1.9,4.4,191.0,35.6,25,0.0,2.7
Belagavi,15.8521,74.5045,2026-04-22 15:00:00,35.6,29.9,265.0,2.1,4.4,184.0,35.6,24,0.0,2.5
Belagavi,15.8521,74.5045,2026-04-22 16:00:00,35.7,30.3,265.0,2.5,4.7,174.0,35.2,24,0.0,4.1
Belagavi,15.8521,74.5045,2026-04-22 17:00:00,27.1,23.0,262.0,3.7,4.7,172.0,31.0,36,0.0,9.3
Belagavi,15.8521,74.5045,2026-04-22 18:00:00,29.0,25.6,254.0,5.3,4.9,152.0,29.8,44,0.0,15.2
Belagavi,15.8521,74.5045,2026-04-22 19:00:00,30.4,27.0,245.0,7.7,5.2,125.0,28.0,55,0.0,15.1
Belagavi,15.8521,74.5045,2026-04-22 20:00:00,31.3,27.8,242.0,10.4,5.6,102.0,27.1,64,0.0,14.3
Belagavi,15.8521,74.5045,2026-04-22 21:00:00,32.9,29.0,252.0,13.6,6.0,88.0,26.1,72,0.0,13.1
Belagavi,15.8521,74.5045,2026-04-22 22:00:00,36.8,32.5,269.0,17.1,6.5,78.0,25.2,78,0.0,10.6
Belagavi,15.8521,74.5045,2026-04-22 23:00:00,39.9,35.2,280.0,19.9,6.8,70.0,24.8,79,0.0,11.7
Belagavi,15.8521,74.5045,2026-04-23 00:00:00,40.2,35.5,276.0,21.6,6.7,64.0,24.7,77,0.0,12.0
Belagavi,15.8521,74.5045,2026-04-23 01:00:00,42.0,37.0,265.0,22.8,6.4,59.0,24.5,75,0.0,12.5
Belagavi,15.8521,74.5045,2026-04-23 02:00:00,44.6,39.3,262.0,23.6,6.3,57.0,24.3,71,0.0,14.4
Belagavi,15.8521,74.5045,2026-04-23 03:00:00,46.8,41.6,274.0,24.9,6.6,54.0,24.3,71,0.0,13.9
Belagavi,15.8521,74.5045,2026-04-23 04:00:00,48.2,42.8,294.0,25.9,7.2,53.0,24.0,69,0.0,12.0
Belagavi,15.8521,74.5045,2026-04-23 05:00:00,49.0,43.5,306.0,21.9,8.0,76.0,23.5,73,0.0,9.7
Belagavi,15.8521,74.5045,2026-04-23 06:00:00,51.3,46.0,305.0,18.2,8.3,97.0,23.6,72,0.0,10.7
Belagavi,15.8521,74.5045,2026-04-23 07:00:00,54.9,50.1,297.0,13.1,8.6,126.0,26.3,62,0.0,9.7
Belagavi,15.8521,74.5045,2026-04-23 08:00:00,41.8,36.6,289.0,8.7,8.7,151.0,29.4,50,0.0,7.4
Belagavi,15.8521,74.5045,2026-04-23 09:00:00,38.4,33.8,282.0,5.9,8.4,169.0,31.8,39,0.0,7.3
Belagavi,15.8521,74.5045,2026-04-23 10:00:00,33.2,29.4,275.0,3.8,7.9,184.0,33.9,29,0.0,7.4
Belagavi,15.8521,74.5045,2026-04-23 11:00:00,30.3,26.8,270.0,2.4,7.3,194.0,34.5,28,0.0,7.6
Belagavi,15.8521,74.5045,2026-04-23 12:00:00,29.9,26.3,267.0,1.7,6.5,197.0,35.6,25,0.0,7.7
Belagavi,15.8521,74.5045,2026-04-23 13:00:00,30.5,26.7,265.0,1.6,5.7,194.0,36.7,23,0.0,9.4
Belagavi,15.8521,74.5045,2026-04-23 14:00:00,31.0,27.0,265.0,2.0,5.2,189.0,35.9,23,0.0,11.3
Belagavi,15.8521,74.5045,2026-04-23 15:00:00,31.5,27.4,265.0,2.6,5.2,184.0,31.9,32,0.6,10.0
Belagavi,15.8521,74.5045,2026-04-23 16:00:00,32.6,28.3,267.0,3.5,5.5,178.0,30.4,40,0.1,13.7
Belagavi,15.8521,74.5045,2026-04-23 17:00:00,27.0,23.5,278.0,5.1,6.1,162.0,26.3,61,0.0,8.6
Belagavi,15.8521,74.5045,2026-04-23 18:00:00,27.9,24.7,308.0,14.9,7.5,137.0,27.7,53,0.0,3.4
Belagavi,15.8521,74.5045,2026-04-23 19:00:00,34.9,31.7,347.0,28.4,9.4,103.0,26.6,58,0.0,5.8
Belagavi,15.8521,74.5045,2026-04-23 20:00:00,43.1,40.0,376.0,37.2,10.5,77.0,26.2,63,0.0,11.7
Belagavi,15.8521,74.5045,2026-04-23 21:00:00,40.0,37.6,386.0,37.1,10.1,68.0,25.7,70,0.0,8.7
Belagavi,15.8521,74.5045,2026-04-23 22:00:00,39.1,36.8,385.0,32.4,9.0,68.0,25.2,74,0.0,8.4
Belagavi,15.8521,74.5045,2026-04-23 23:00:00,41.3,38.6,379.0,28.1,8.0,70.0,24.0,81,0.0,2.6
Belagavi,15.8521,74.5045,2026-04-24 00:00:00,42.0,39.1,367.0,26.0,7.3,73.0,23.6,81,0.0,2.9
Belagavi,15.8521,74.5045,2026-04-24 01:00:00,42.3,39.0,349.0,24.4,6.7,78.0,23.1,83,0.0,6.6
Belagavi,15.8521,74.5045,2026-04-24 02:00:00,42.8,39.1,340.0,22.9,6.3,82.0,23.3,77,0.0,6.5
Belagavi,15.8521,74.5045,2026-04-24 03:00:00,44.0,39.9,347.0,21.6,6.1,83.0,23.7,69,0.0,9.1
Belagavi,15.8521,74.5045,2026-04-24 04:00:00,45.1,40.7,362.0,20.4,6.1,84.0,24.3,60,0.0,12.0
Belagavi,15.8521,74.5045,2026-04-24 05:00:00,54.0,48.5,370.0,21.1,8.2,93.0,24.4,55,0.0,10.9
Belagavi,15.8521,74.5045,2026-04-24 06:00:00,52.2,46.6,365.0,18.4,7.7,105.0,25.2,50,0.0,10.5
Belagavi,15.8521,74.5045,2026-04-24 07:00:00,48.2,43.4,353.0,14.6,7.1,123.0,27.0,48,0.0,6.4
Belagavi,15.8521,74.5045,2026-04-24 08:00:00,47.7,41.8,337.0,10.9,6.5,140.0,29.6,39,0.0,3.9
Belagavi,15.8521,74.5045,2026-04-24 09:00:00,46.7,39.7,313.0,7.6,6.1,157.0,32.0,30,0.0,5.4
Belagavi,15.8521,74.5045,2026-04-24 10:00:00,46.4,39.3,285.0,4.6,5.8,174.0,34.4,25,0.0,5.9
Belagavi,15.8521,74.5045,2026-04-24 11:00:00,46.6,39.1,263.0,2.4,5.5,186.0,35.2,24,0.0,6.8
Belagavi,15.8521,74.5045,2026-04-24 12:00:00,47.6,39.2,252.0,1.5,5.2,189.0,35.1,25,0.1,14.6
Belagavi,15.8521,74.5045,2026-04-24 13:00:00,48.2,39.5,248.0,1.5,4.8,187.0,35.0,22,0.0,1.1
Belagavi,15.8521,74.5045,2026-04-24 14:00:00,48.5,39.7,248.0,1.9,4.7,184.0,35.0,22,0.0,1.8
Belagavi,15.8521,74.5045,2026-04-24 15:00:00,48.5,39.7,250.0,2.4,4.9,183.0,36.4,21,0.0,9.9
Belagavi,15.8521,74.5045,2026-04-24 16:00:00,49.0,40.7,256.0,3.3,5.2,181.0,32.2,28,0.4,6.9
Belagavi,15.8521,74.5045,2026-04-24 17:00:00,34.2,29.3,267.0,7.5,4.2,148.0,34.5,22,0.0,6.9
Belagavi,15.8521,74.5045,2026-04-24 18:00:00,31.9,28.1,288.0,13.4,4.9,126.0,32.0,29,0.0,5.8
Belagavi,15.8521,74.5045,2026-04-24 19:00:00,33.8,30.6,314.0,21.5,5.9,95.0,28.7,50,0.0,10.2
Belagavi,15.8521,74.5045,2026-04-24 20:00:00,40.4,37.3,330.0,26.7,6.5,73.0,27.2,61,0.0,9.7
Belagavi,15.8521,74.5045,2026-04-24 21:00:00,39.1,36.3,325.0,26.3,6.5,70.0,26.3,74,0.0,7.3
Belagavi,15.8521,74.5045,2026-04-24 22:00:00,37.8,34.9,311.0,23.2,6.2,76.0,25.1,84,0.0,10.0
Belagavi,15.8521,74.5045,2026-04-24 23:00:00,39.6,36.3,300.0,20.7,5.9,80.0,24.7,88,0.0,10.3
Belagavi,15.8521,74.5045,2026-04-25 00:00:00,40.9,37.0,298.0,20.4,5.7,78.0,25.1,81,0.0,7.7
Belagavi,15.8521,74.5045,2026-04-25 01:00:00,43.1,38.3,300.0,20.7,5.5,75.0,25.7,69,0.0,13.9
Belagavi,15.8521,74.5045,2026-04-25 02:00:00,47.1,40.9,308.0,20.8,5.5,75.0,25.8,62,0.0,12.7
Belagavi,15.8521,74.5045,2026-04-25 03:00:00,50.6,43.2,327.0,20.4,5.7,78.0,25.4,59,0.0,12.4
Belagavi,15.8521,74.5045,2026-04-25 04:00:00,53.7,45.2,353.0,19.7,6.1,83.0,25.3,54,0.0,11.0
Belagavi,15.8521,74.5045,2026-04-25 05:00:00,49.5,43.1,373.0,9.0,4.2,115.0,25.1,57,0.0,9.4
Belagavi,15.8521,74.5045,2026-04-25 06:00:00,49.7,43.2,385.0,10.2,4.6,119.0,24.6,60,0.0,4.9
Belagavi,15.8521,74.5045,2026-04-25 07:00:00,51.3,45.1,390.0,11.7,5.2,125.0,27.0,52,0.0,2.5
Belagavi,15.8521,74.5045,2026-04-25 08:00:00,50.6,43.9,383.0,11.8,5.7,134.0,29.6,43,0.0,1.9
Belagavi,15.8521,74.5045,2026-04-25 09:00:00,51.8,42.5,353.0,9.2,6.2,149.0,32.5,34,0.0,4.7
Belagavi,15.8521,74.5045,2026-04-25 10:00:00,54.5,43.5,310.0,5.2,6.6,168.0,34.6,26,0.0,7.5
Belagavi,15.8521,74.5045,2026-04-25 11:00:00,54.7,43.0,277.0,2.3,6.7,181.0,35.4,25,0.0,10.8
Belagavi,15.8521,74.5045,2026-04-25 12:00:00,54.4,42.4,263.0,1.3,6.2,184.0,36.1,22,0.0,13.0
Belagavi,15.8521,74.5045,2026-04-25 13:00:00,53.9,42.3,259.0,1.3,5.5,182.0,36.7,21,0.0,14.5
Belagavi,15.8521,74.5045,2026-04-25 14:00:00,53.9,42.8,258.0,2.0,4.9,178.0,36.7,20,0.0,14.3
Belagavi,15.8521,74.5045,2026-04-25 15:00:00,53.8,43.3,258.0,2.9,4.8,177.0,36.3,20,0.0,12.5
Belagavi,15.8521,74.5045,2026-04-25 16:00:00,54.1,43.8,262.0,4.4,4.8,174.0,34.6,22,0.0,3.9
Belagavi,15.8521,74.5045,2026-04-25 17:00:00,46.6,39.2,269.0,6.3,5.1,167.0,33.2,28,0.0,8.7
Belagavi,15.8521,74.5045,2026-04-25 18:00:00,50.5,44.4,285.0,16.2,6.5,137.0,29.9,52,0.0,15.4
Belagavi,15.8521,74.5045,2026-04-25 19:00:00,56.5,50.9,305.0,29.4,8.3,95.0,28.2,70,0.0,13.8
Belagavi,15.8521,74.5045,2026-04-25 20:00:00,54.5,50.1,315.0,36.4,9.0,65.0,27.0,78,0.0,13.1
Belagavi,15.8521,74.5045,2026-04-25 21:00:00,47.4,43.7,306.0,31.2,7.4,58.0,25.9,84,0.0,11.2
Belagavi,15.8521,74.5045,2026-04-25 22:00:00,42.7,38.9,288.0,19.8,4.7,64.0,25.2,90,0.0,12.1
Belagavi,15.8521,74.5045,2026-04-25 23:00:00,41.9,36.8,274.0,10.9,2.6,70.0,25.5,90,0.0,14.3
Belagavi,15.8521,74.5045,2026-04-26 00:00:00,42.1,35.2,271.0,7.7,1.8,75.0,25.2,87,0.0,11.4
Belagavi,15.8521,74.5045,2026-04-26 01:00:00,45.2,37.8,273.0,6.9,1.6,81.0,24.9,87,0.0,10.5
Belagavi,15.8521,74.5045,2026-04-26 02:00:00,48.1,40.2,278.0,7.9,1.6,82.0,24.9,81,0.0,11.0
Belagavi,15.8521,74.5045,2026-04-26 03:00:00,51.8,43.8,286.0,11.8,1.5,71.0,24.7,77,0.0,12.3
Belagavi,15.8521,74.5045,2026-04-26 04:00:00,56.7,48.5,298.0,17.5,1.5,55.0,24.7,74,0.0,13.7
Belagavi,15.8521,74.5045,2026-04-26 05:00:00,51.0,44.0,307.0,12.6,2.8,78.0,24.2,82,0.0,9.9
Belagavi,15.8521,74.5045,2026-04-26 06:00:00,51.0,44.9,315.0,11.9,4.2,97.0,23.8,86,0.0,5.2
Belagavi,15.8521,74.5045,2026-04-26 07:00:00,52.0,46.1,321.0,10.9,6.0,124.0,25.3,81,0.0,5.1
Belagavi,15.8521,74.5045,2026-04-26 08:00:00,48.7,40.5,320.0,9.4,7.6,147.0,28.0,68,0.0,4.5
Belagavi,15.8521,74.5045,2026-04-26 09:00:00,46.3,37.5,305.0,7.1,8.6,164.0,31.3,48,0.0,5.4
Belagavi,15.8521,74.5045,2026-04-26 10:00:00,45.5,36.9,282.0,4.3,9.3,178.0,33.7,37,0.0,5.1
Belagavi,15.8521,74.5045,2026-04-26 11:00:00,45.3,37.0,265.0,2.3,9.5,188.0,34.1,33,0.0,3.1
Belagavi,15.8521,74.5045,2026-04-26 12:00:00,44.7,36.7,259.0,1.6,9.1,192.0,35.8,29,0.0,3.0
Belagavi,15.8521,74.5045,2026-04-26 13:00:00,44.9,36.9,258.0,1.6,8.2,192.0,36.7,26,0.0,5.3
Belagavi,15.8521,74.5045,2026-04-26 14:00:00,45.3,37.1,258.0,1.9,7.4,187.0,34.2,29,0.0,12.1
Belagavi,15.8521,74.5045,2026-04-26 15:00:00,44.5,36.6,258.0,2.3,7.0,176.0,27.1,65,4.5,13.5
Belagavi,15.8521,74.5045,2026-04-26 16:00:00,42.1,35.4,260.0,3.0,6.8,161.0,30.2,56,0.1,17.1
Belagavi,15.8521,74.5045,2026-04-26 17:00:00,45.6,37.8,260.0,3.6,6.3,163.0,30.5,56,0.0,9.4
Belagavi,15.8521,74.5045,2026-04-26 18:00:00,40.4,35.4,259.0,4.5,5.8,142.0,28.1,70,0.0,16.7
Belagavi,15.8521,74.5045,2026-04-26 19:00:00,35.4,31.4,256.0,5.7,5.2,114.0,26.2,82,0.0,14.5
Belagavi,15.8521,74.5045,2026-04-26 20:00:00,33.3,29.1,250.0,6.5,4.4,93.0,25.0,92,0.0,14.3
Belagavi,15.8521,74.5045,2026-04-26 21:00:00,32.2,28.1,239.0,6.4,3.4,86.0,24.7,93,0.0,13.3
Belagavi,15.8521,74.5045,2026-04-26 22:00:00,32.1,27.3,225.0,5.8,2.3,87.0,24.2,95,0.0,11.1
Belagavi,15.8521,74.5045,2026-04-26 23:00:00,31.3,26.5,213.0,5.3,1.5,88.0,23.8,96,0.0,10.8
Belagavi,15.8521,74.5045,2026-04-27 00:00:00,30.9,25.9,204.0,4.8,1.1,88.0,23.7,95,0.0,11.3
Belagavi,15.8521,74.5045,2026-04-27 01:00:00,30.2,25.1,196.0,4.4,1.1,88.0,23.2,98,0.0,11.4
Belagavi,15.8521,74.5045,2026-04-27 02:00:00,30.0,24.8,195.0,4.5,1.1,87.0,22.9,98,0.0,11.6
Belagavi,15.8521,74.5045,2026-04-27 03:00:00,30.6,25.4,205.0,5.7,1.2,82.0,22.6,98,0.0,10.0
Belagavi,15.8521,74.5045,2026-04-27 04:00:00,33.2,27.9,220.0,7.5,1.5,76.0,22.5,99,0.0,10.5
Belagavi,15.8521,74.5045,2026-04-27 05:00:00,33.4,28.7,232.0,8.0,2.0,70.0,23.1,97,0.0,11.7
Belagavi,15.8521,74.5045,2026-04-27 06:00:00,36.0,30.9,235.0,7.4,2.4,80.0,22.9,96,0.0,9.4
Belagavi,15.8521,74.5045,2026-04-27 07:00:00,36.8,31.0,235.0,6.5,2.9,94.0,24.3,88,0.0,8.0
Belagavi,15.8521,74.5045,2026-04-27 08:00:00,36.6,29.9,232.0,5.5,3.5,109.0,26.6,74,0.0,8.3
Belagavi,15.8521,74.5045,2026-04-27 09:00:00,38.0,30.3,225.0,4.3,4.3,125.0,29.4,62,0.0,9.2
Belagavi,15.8521,74.5045,2026-04-27 10:00:00,39.2,30.7,216.0,2.9,5.3,142.0,31.4,53,0.0,9.8
Belagavi,15.8521,74.5045,2026-04-27 11:00:00,39.7,30.7,212.0,1.9,5.9,154.0,31.8,50,1.6,6.9
Belagavi,15.8521,74.5045,2026-04-27 12:00:00,39.0,29.9,219.0,1.5,6.0,159.0,32.9,46,0.0,6.8
Belagavi,15.8521,74.5045,2026-04-27 13:00:00,38.1,28.9,230.0,1.5,5.7,160.0,33.8,42,0.0,7.9
Belagavi,15.8521,74.5045,2026-04-27 14:00:00,37.4,28.2,238.0,1.7,5.5,158.0,34.4,39,0.0,7.0
Belagavi,15.8521,74.5045,2026-04-27 15:00:00,37.0,27.6,238.0,2.0,5.4,154.0,33.6,38,0.0,8.4
Belagavi,15.8521,74.5045,2026-04-27 16:00:00,36.6,26.7,234.0,2.5,5.2,147.0,28.6,58,0.0,16.0
Belagavi,15.8521,74.5045,2026-04-27 17:00:00,34.9,27.5,228.0,3.3,5.3,145.0,28.2,66,0.0,12.8
Belagavi,15.8521,74.5045,2026-04-27 18:00:00,29.9,24.3,220.0,5.0,4.9,126.0,27.3,69,0.0,12.4
Belagavi,15.8521,74.5045,2026-04-27 19:00:00,25.6,21.2,210.0,7.2,4.4,100.0,25.7,81,0.0,14.8
Belagavi,15.8521,74.5045,2026-04-27 20:00:00,24.3,19.4,201.0,8.7,3.9,80.0,25.0,87,0.0,12.6
Belagavi,15.8521,74.5045,2026-04-27 21:00:00,25.1,19.2,194.0,8.6,3.6,72.0,24.2,91,0.0,13.8
Belagavi,15.8521,74.5045,2026-04-27 22:00:00,25.8,18.6,188.0,7.8,3.4,69.0,23.3,93,0.0,12.5
Belagavi,15.8521,74.5045,2026-04-27 23:00:00,27.4,16.6,182.0,7.1,3.1,67.0,23.1,96,0.0,10.9
Belagavi,15.8521,74.5045,2026-04-28 00:00:00,27.5,15.9,173.0,6.7,2.6,65.0,23.2,96,0.0,14.2
Belagavi,15.8521,74.5045,2026-04-28 01:00:00,27.6,16.2,164.0,6.5,2.1,63.0,23.5,93,0.0,13.9
Belagavi,15.8521,74.5045,2026-04-28 02:00:00,28.3,17.1,158.0,6.7,1.7,62.0,23.2,94,0.0,12.8
Belagavi,15.8521,74.5045,2026-04-28 03:00:00,30.4,18.7,155.0,7.7,1.6,58.0,22.8,96,0.0,12.9
Belagavi,15.8521,74.5045,2026-04-28 04:00:00,31.9,20.1,155.0,9.2,1.6,54.0,22.4,97,0.0,10.7
Belagavi,15.8521,74.5045,2026-04-28 05:00:00,31.1,19.7,159.0,7.9,1.9,61.0,22.4,98,0.0,8.3
Belagavi,15.8521,74.5045,2026-04-28 06:00:00,34.3,22.6,169.0,7.4,2.5,71.0,22.6,98,0.0,8.3
Belagavi,15.8521,74.5045,2026-04-28 07:00:00,35.2,22.8,182.0,6.7,3.3,86.0,24.3,89,0.0,7.0
Belagavi,15.8521,74.5045,2026-04-28 08:00:00,35.9,21.7,193.0,5.8,4.1,101.0,26.3,79,0.0,7.6
Belagavi,15.8521,74.5045,2026-04-28 09:00:00,40.7,22.8,199.0,4.5,4.8,117.0,29.1,64,0.0,7.4
Belagavi,15.8521,74.5045,2026-04-28 10:00:00,44.1,24.0,203.0,3.1,5.5,133.0,31.3,53,0.0,7.1
Belagavi,15.8521,74.5045,2026-04-28 11:00:00,45.4,24.9,205.0,2.0,5.9,145.0,31.7,51,0.0,4.3
Belagavi,15.8521,74.5045,2026-04-28 12:00:00,44.7,25.2,206.0,1.6,5.8,151.0,33.0,45,0.1,5.6
Belagavi,15.8521,74.5045,2026-04-28 13:00:00,44.5,25.4,205.0,1.5,5.4,153.0,33.8,40,0.0,6.7
Belagavi,15.8521,74.5045,2026-04-28 14:00:00,44.6,25.8,202.0,1.7,5.0,153.0,34.5,35,0.0,8.6
Belagavi,15.8521,74.5045,2026-04-28 15:00:00,44.8,26.2,197.0,2.0,4.8,151.0,30.4,54,0.7,16.3
Belagavi,15.8521,74.5045,2026-04-28 16:00:00,45.2,26.3,190.0,2.5,4.6,147.0,30.7,53,0.0,11.3
Belagavi,15.8521,74.5045,2026-04-28 17:00:00,38.9,23.7,185.0,3.3,4.4,135.0,30.6,54,0.0,13.9
Belagavi,15.8521,74.5045,2026-04-28 18:00:00,37.4,23.1,182.0,4.9,4.2,117.0,28.2,72,0.0,16.3
Belagavi,15.8521,74.5045,2026-04-28 19:00:00,33.3,21.0,180.0,7.1,4.0,92.0,26.1,84,0.0,15.6
Belagavi,15.8521,74.5045,2026-04-28 20:00:00,31.9,19.3,179.0,8.5,3.7,72.0,24.7,91,0.0,13.6
Belagavi,15.8521,74.5045,2026-04-28 21:00:00,32.7,18.1,179.0,8.5,3.3,63.0,24.2,94,0.0,11.9
Belagavi,15.8521,74.5045,2026-04-28 22:00:00,31.4,18.1,180.0,7.8,2.7,58.0,23.9,94,0.0,12.1
Belagavi,15.8521,74.5045,2026-04-28 23:00:00,34.3,18.7,178.0,7.2,2.2,55.0,23.4,96,0.0,11.1
Belagavi,15.8521,74.5045,2026-04-29 00:00:00,34.7,18.7,171.0,7.0,1.7,51.0,23.3,97,0.0,10.8
Belagavi,15.8521,74.5045,2026-04-29 01:00:00,34.6,18.7,162.0,6.9,1.2,49.0,23.3,96,0.0,10.7
Belagavi,15.8521,74.5045,2026-04-29 02:00:00,33.1,19.3,157.0,6.6,0.8,48.0,23.2,95,0.0,8.8
Belagavi,15.8521,74.5045,2026-04-29 03:00:00,33.6,18.6,161.0,6.0,0.6,50.0,22.9,97,0.0,8.7
Belagavi,15.8521,74.5045,2026-04-29 04:00:00,34.0,18.9,170.0,5.2,0.6,54.0,22.7,98,0.0,7.8
Belagavi,15.8521,74.5045,2026-04-29 05:00:00,40.0,24.2,178.0,5.5,1.0,67.0,22.7,98,0.0,5.7
Belagavi,15.8521,74.5045,2026-04-29 06:00:00,41.2,25.4,183.0,5.6,1.6,75.0,23.1,95,0.0,9.5
Belagavi,15.8521,74.5045,2026-04-29 07:00:00,43.0,26.7,188.0,5.8,2.3,86.0,24.3,87,0.0,9.0
Belagavi,15.8521,74.5045,2026-04-29 08:00:00,42.1,25.1,191.0,5.5,3.1,98.0,26.3,78,0.0,7.6
Belagavi,15.8521,74.5045,2026-04-29 09:00:00,39.8,23.2,192.0,4.4,3.8,113.0,28.9,65,0.0,6.1
Belagavi,15.8521,74.5045,2026-04-29 10:00:00,37.0,22.0,191.0,3.0,4.6,129.0,31.3,52,0.0,4.1
Belagavi,15.8521,74.5045,2026-04-29 11:00:00,36.0,22.1,193.0,1.9,5.0,141.0,31.8,45,0.0,2.3
Belagavi,15.8521,74.5045,2026-04-29 12:00:00,35.9,22.5,201.0,1.5,4.9,147.0,33.8,38,0.0,5.6
Belagavi,15.8521,74.5045,2026-04-29 13:00:00,36.0,22.8,211.0,1.5,4.5,148.0,34.9,32,0.0,8.0
Belagavi,15.8521,74.5045,2026-04-29 14:00:00,35.9,22.8,216.0,1.7,4.2,146.0,35.4,28,0.0,8.8
Belagavi,15.8521,74.5045,2026-04-29 15:00:00,34.9,22.1,213.0,2.0,4.0,141.0,36.1,26,0.0,8.6
Belagavi,15.8521,74.5045,2026-04-29 16:00:00,34.0,21.1,206.0,2.4,3.9,132.0,33.3,34,0.0,17.7
Belagavi,15.8521,74.5045,2026-04-29 17:00:00,24.7,17.5,197.0,3.3,3.7,135.0,31.6,42,0.0,13.7
Belagavi,15.8521,74.5045,2026-04-29 18:00:00,21.1,15.9,186.0,4.2,3.5,115.0,29.0,67,0.0,15.7
Belagavi,15.8521,74.5045,2026-04-29 19:00:00,18.0,13.6,173.0,5.4,3.3,88.0,26.5,84,0.0,19.8
Belagavi,15.8521,74.5045,2026-04-29 20:00:00,16.3,11.8,164.0,6.4,3.0,66.0,25.0,92,0.0,16.5
Belagavi,15.8521,74.5045,2026-04-29 21:00:00,15.9,11.0,162.0,6.9,2.7,56.0,24.4,96,0.0,16.9
Belagavi,15.8521,74.5045,2026-04-29 22:00:00,16.4,11.2,164.0,7.2,2.4,52.0,24.5,93,0.0,17.7
Belagavi,15.8521,74.5045,2026-04-29 23:00:00,17.5,11.9,163.0,7.2,2.1,50.0,24.2,94,0.0,17.5
Belagavi,15.8521,74.5045,2026-04-30 00:00:00,18.6,12.3,155.0,6.9,1.8,49.0,24.2,92,0.0,16.3
Belagavi,15.8521,74.5045,2026-04-30 01:00:00,20.0,13.3,146.0,6.4,1.4,50.0,24.0,91,0.0,14.0
Belagavi,15.8521,74.5045,2026-04-30 02:00:00,20.9,13.6,141.0,6.2,1.2,51.0,23.7,94,0.0,11.8
Belagavi,15.8521,74.5045,2026-04-30 03:00:00,22.6,14.7,147.0,6.7,1.2,49.0,23.7,93,0.0,12.1
Belagavi,15.8521,74.5045,2026-04-30 04:00:00,23.6,15.2,159.0,7.6,1.3,46.0,23.8,92,0.0,12.8
Belagavi,15.8521,74.5045,2026-04-30 05:00:00,25.7,13.9,167.0,6.3,1.9,53.0,23.6,95,0.0,10.8
Belagavi,15.8521,74.5045,2026-04-30 06:00:00,26.0,13.5,167.0,5.9,2.3,60.0,24.0,92,0.0,12.6
Belagavi,15.8521,74.5045,2026-04-30 07:00:00,26.6,13.5,163.0,5.3,2.8,69.0,24.8,86,0.0,13.4
Belagavi,15.8521,74.5045,2026-04-30 08:00:00,26.1,13.2,162.0,4.6,3.2,80.0,26.9,76,0.0,11.4
Belagavi,15.8521,74.5045,2026-04-30 09:00:00,25.4,13.2,166.0,3.6,3.4,93.0,29.1,65,0.0,11.2
Belagavi,15.8521,74.5045,2026-04-30 10:00:00,24.8,13.0,171.0,2.5,3.5,107.0,30.9,57,0.0,10.7
Belagavi,15.8521,74.5045,2026-04-30 11:00:00,24.2,13.0,176.0,1.7,3.5,117.0,31.5,50,0.0,9.0
Belagavi,15.8521,74.5045,2026-04-30 12:00:00,23.6,13.2,179.0,1.4,3.5,121.0,32.6,44,0.0,9.2
Belagavi,15.8521,74.5045,2026-04-30 13:00:00,23.0,13.3,182.0,1.4,3.5,120.0,33.1,40,0.0,9.9
Belagavi,15.8521,74.5045,2026-04-30 14:00:00,36.7,21.2,183.0,1.5,3.4,118.0,32.9,41,0.0,11.7
Belagavi,15.8521,74.5045,2026-04-30 15:00:00,26.2,16.2,181.0,1.6,3.2,115.0,31.1,48,0.7,17.1
Belagavi,15.8521,74.5045,2026-04-30 16:00:00,22.9,14.6,177.0,1.8,3.0,110.0,30.5,49,0.0,13.5
Belagavi,15.8521,74.5045,2026-04-30 17:00:00,19.3,11.8,175.0,2.6,2.4,107.0,29.4,55,0.0,17.0
Belagavi,15.8521,74.5045,2026-04-30 18:00:00,16.3,10.4,177.0,4.5,2.6,95.0,28.6,61,0.0,15.9
Belagavi,15.8521,74.5045,2026-04-30 19:00:00,15.4,10.9,181.0,7.1,2.8,78.0,27.2,69,0.0,15.8
Belagavi,15.8521,74.5045,2026-04-30 20:00:00,16.2,11.6,184.0,9.2,3.0,64.0,25.5,81,0.0,16.8
Belagavi,15.8521,74.5045,2026-04-30 21:00:00,16.9,12.2,184.0,10.6,3.0,57.0,24.3,90,0.0,15.3
Belagavi,15.8521,74.5045,2026-04-30 22:00:00,18.3,13.2,184.0,11.5,3.0,53.0,23.5,95,0.0,14.6
Belagavi,15.8521,74.5045,2026-04-30 23:00:00,20.0,14.3,180.0,11.8,2.8,51.0,22.7,99,0.0,14.0
Belagavi,15.8521,74.5045,2026-05-01 00:00:00,21.1,14.7,171.0,11.2,2.3,51.0,22.5,98,0.0,15.2
Belagavi,15.8521,74.5045,2026-05-01 01:00:00,21.6,14.7,160.0,10.0,1.7,52.0,22.1,98,0.0,15.0
Belagavi,15.8521,74.5045,2026-05-01 02:00:00,20.9,14.8,153.0,8.9,1.3,54.0,21.6,96,0.0,14.4
Belagavi,15.8521,74.5045,2026-05-01 03:00:00,22.0,15.4,156.0,8.4,1.1,54.0,21.4,93,0.0,13.5
Belagavi,15.8521,74.5045,2026-05-01 04:00:00,22.2,15.3,164.0,8.1,1.1,53.0,21.1,91,0.0,12.3
Belagavi,15.8521,74.5045,2026-05-01 05:00:00,23.9,20.4,170.0,11.2,0.7,43.0,20.7,86,0.0,10.5
Belagavi,15.8521,74.5045,2026-05-01 06:00:00,24.6,17.8,171.0,9.2,1.2,53.0,21.1,89,0.0,11.4
Belagavi,15.8521,74.5045,2026-05-01 07:00:00,23.7,16.6,169.0,6.5,1.9,68.0,23.2,83,0.0,10.1
Belagavi,15.8521,74.5045,2026-05-01 08:00:00,25.4,13.3,166.0,4.2,2.4,81.0,25.8,69,0.0,10.5
Belagavi,15.8521,74.5045,2026-05-01 09:00:00,30.4,13.1,160.0,2.9,2.5,90.0,28.4,55,0.0,11.4
Belagavi,15.8521,74.5045,2026-05-01 10:00:00,35.2,13.4,153.0,2.0,2.4,98.0,30.3,47,0.0,13.1
Belagavi,15.8521,74.5045,2026-05-01 11:00:00,38.2,13.7,147.0,1.4,2.2,103.0,30.7,47,0.0,14.1
Belagavi,15.8521,74.5045,2026-05-01 12:00:00,39.2,13.6,145.0,1.1,2.0,104.0,31.8,43,0.0,15.9
Belagavi,15.8521,74.5045,2026-05-01 13:00:00,38.9,13.2,144.0,1.0,1.7,102.0,32.3,40,0.0,17.8
Belagavi,15.8521,74.5045,2026-05-01 14:00:00,36.9,12.6,144.0,1.1,1.5,99.0,32.9,34,0.0,19.8
Belagavi,15.8521,74.5045,2026-05-01 15:00:00,36.6,12.5,142.0,1.1,1.4,97.0,32.6,32,0.0,21.0
Belagavi,15.8521,74.5045,2026-05-01 16:00:00,32.6,11.9,141.0,1.2,1.4,93.0,31.8,36,0.0,20.1
Belagavi,15.8521,74.5045,2026-05-01 17:00:00,28.9,10.4,145.0,2.1,1.4,91.0,30.2,45,0.0,18.7
Belagavi,15.8521,74.5045,2026-05-01 18:00:00,24.8,10.3,160.0,4.2,1.7,82.0,28.5,51,0.0,15.5
Belagavi,15.8521,74.5045,2026-05-01 19:00:00,20.5,10.9,180.0,7.1,2.2,69.0,26.5,61,0.0,14.2
Belagavi,15.8521,74.5045,2026-05-01 20:00:00,21.0,12.5,194.0,10.0,2.6,58.0,25.1,69,0.0,11.5
Belagavi,15.8521,74.5045,2026-05-01 21:00:00,23.2,14.7,195.0,13.0,3.0,51.0,23.8,77,0.0,10.9
Belagavi,15.8521,74.5045,2026-05-01 22:00:00,26.4,17.2,189.0,15.8,3.3,45.0,23.0,81,0.0,12.9
Belagavi,15.8521,74.5045,2026-05-01 23:00:00,29.1,18.7,183.0,17.3,3.3,42.0,22.8,83,0.0,13.3
Belagavi,15.8521,74.5045,2026-05-02 00:00:00,31.4,19.0,177.0,16.2,2.7,43.0,22.4,85,0.0,13.6
Belagavi,15.8521,74.5045,2026-05-02 01:00:00,33.5,18.8,170.0,13.7,1.7,45.0,21.9,87,0.0,13.8
Belagavi,15.8521,74.5045,2026-05-02 02:00:00,36.0,18.7,167.0,11.7,0.9,47.0,21.2,90,0.0,13.3
Belagavi,15.8521,74.5045,2026-05-02 03:00:00,36.2,18.8,171.0,11.3,0.6,44.0,20.8,90,0.0,13.4
Belagavi,15.8521,74.5045,2026-05-02 04:00:00,36.2,18.2,178.0,11.4,0.5,40.0,20.8,85,0.0,13.0
Belagavi,15.8521,74.5045,2026-05-02 05:00:00,53.9,20.5,184.0,12.5,1.9,45.0,20.6,88,0.0,12.1
Belagavi,15.8521,74.5045,2026-05-02 06:00:00,54.0,20.5,187.0,10.1,2.2,55.0,20.6,85,0.0,11.7
Belagavi,15.8521,74.5045,2026-05-02 07:00:00,46.6,20.7,188.0,6.9,2.6,69.0,23.0,73,0.0,10.0
Belagavi,15.8521,74.5045,2026-05-02 08:00:00,67.1,18.7,185.0,4.2,2.8,81.0,26.6,54,0.0,10.6
Belagavi,15.8521,74.5045,2026-05-02 09:00:00,75.4,19.4,175.0,2.8,2.8,90.0,29.4,39,0.0,12.4
Belagavi,15.8521,74.5045,2026-05-02 10:00:00,78.0,19.9,162.0,2.0,2.6,98.0,31.5,35,0.0,13.5
Belagavi,15.8521,74.5045,2026-05-02 11:00:00,78.2,20.2,152.0,1.5,2.4,103.0,32.7,32,0.0,13.5
Belagavi,15.8521,74.5045,2026-05-02 12:00:00,75.2,20.0,149.0,1.2,2.2,105.0,34.1,27,0.0,14.6
Belagavi,15.8521,74.5045,2026-05-02 13:00:00,70.5,19.6,149.0,1.1,1.9,104.0,34.4,27,0.0,16.7
Belagavi,15.8521,74.5045,2026-05-02 14:00:00,65.4,18.8,149.0,1.2,1.7,101.0,34.2,29,0.0,18.0
Belagavi,15.8521,74.5045,2026-05-02 15:00:00,59.5,17.7,148.0,1.3,1.5,97.0,33.8,30,0.0,20.2
Belagavi,15.8521,74.5045,2026-05-02 16:00:00,56.2,17.2,148.0,1.6,1.4,90.0,31.1,45,0.0,22.9
Belagavi,15.8521,74.5045,2026-05-02 17:00:00,48.2,15.4,150.0,2.3,1.5,83.0,29.3,56,0.0,21.4
Belagavi,15.8521,74.5045,2026-05-02 18:00:00,41.9,14.5,156.0,3.7,1.7,75.0,27.5,63,0.0,20.9
Belagavi,15.8521,74.5045,2026-05-02 19:00:00,36.3,14.3,164.0,5.7,2.0,63.0,25.5,75,0.0,19.0
Belagavi,15.8521,74.5045,2026-05-02 20:00:00,37.3,14.8,170.0,7.3,2.2,54.0,24.0,86,0.0,20.6
Belagavi,15.8521,74.5045,2026-05-02 21:00:00,38.3,15.6,171.0,8.2,2.2,50.0,23.0,93,0.0,18.5
Belagavi,15.8521,74.5045,2026-05-02 22:00:00,40.3,16.1,170.0,8.8,2.1,47.0,22.6,96,0.0,16.8
Belagavi,15.8521,74.5045,2026-05-02 23:00:00,43.2,16.9,167.0,9.0,1.9,46.0,22.3,94,0.0,17.1
Belagavi,15.8521,74.5045,2026-05-03 00:00:00,43.8,17.2,162.0,8.7,1.5,45.0,22.1,93,0.0,16.6
Belagavi,15.8521,74.5045,2026-05-03 01:00:00,46.2,17.5,156.0,8.1,1.0,45.0,21.8,96,0.0,16.7
Belagavi,15.8521,74.5045,2026-05-03 02:00:00,46.6,18.1,154.0,7.6,0.6,45.0,21.4,98,0.0,16.9
Belagavi,15.8521,74.5045,2026-05-03 03:00:00,47.0,17.9,161.0,7.5,0.5,43.0,21.1,97,0.0,14.7
Belagavi,15.8521,74.5045,2026-05-03 04:00:00,46.2,18.2,172.0,7.5,0.6,42.0,20.7,98,0.0,11.2
Belagavi,15.8521,74.5045,2026-05-03 05:00:00,44.6,18.3,179.0,7.3,0.5,44.0,20.7,99,0.0,10.2
Belagavi,15.8521,74.5045,2026-05-03 06:00:00,48.2,18.6,178.0,6.2,0.9,52.0,20.8,98,0.0,10.3
Belagavi,15.8521,74.5045,2026-05-03 07:00:00,50.4,18.8,172.0,4.8,1.5,62.0,22.9,87,0.0,10.8
Belagavi,15.8521,74.5045,2026-05-03 08:00:00,55.2,17.6,167.0,3.5,2.0,73.0,25.3,72,0.0,12.1
Belagavi,15.8521,74.5045,2026-05-03 09:00:00,57.7,17.5,163.0,2.6,2.2,84.0,28.0,58,0.0,11.6
Belagavi,15.8521,74.5045,2026-05-03 10:00:00,56.9,17.3,160.0,2.0,2.3,94.0,30.5,48,0.0,11.9
Belagavi,15.8521,74.5045,2026-05-03 11:00:00,53.9,16.8,156.0,1.5,2.3,102.0,31.9,43,0.0,11.4
Belagavi,15.8521,74.5045,2026-05-03 12:00:00,49.8,15.9,152.0,1.2,2.1,105.0,33.8,32,0.0,12.4
Belagavi,15.8521,74.5045,2026-05-03 13:00:00,46.1,14.8,148.0,1.1,1.7,105.0,34.4,27,0.0,15.8
Belagavi,15.8521,74.5045,2026-05-03 14:00:00,43.5,14.3,146.0,1.2,1.4,104.0,34.7,27,0.0,18.6
Belagavi,15.8521,74.5045,2026-05-03 15:00:00,41.8,13.9,147.0,1.3,1.3,102.0,34.2,28,0.0,20.4
Belagavi,15.8521,74.5045,2026-05-03 16:00:00,40.4,14.0,150.0,1.6,1.4,97.0,32.3,35,0.0,21.2
Belagavi,15.8521,74.5045,2026-05-03 17:00:00,39.2,13.6,155.0,2.4,1.4,89.0,30.4,47,0.0,19.9
Belagavi,15.8521,74.5045,2026-05-03 18:00:00,36.0,13.7,162.0,4.1,1.7,80.0,28.1,63,0.0,19.2
Belagavi,15.8521,74.5045,2026-05-03 19:00:00,31.0,14.1,170.0,6.6,2.2,67.0,25.9,76,0.0,18.6
Belagavi,15.8521,74.5045,2026-05-03 20:00:00,30.6,14.6,175.0,8.4,2.5,57.0,24.2,86,0.0,17.9
Belagavi,15.8521,74.5045,2026-05-03 21:00:00,31.4,15.0,175.0,9.2,2.5,52.0,23.0,95,0.0,18.2
Belagavi,15.8521,74.5045,2026-05-03 22:00:00,32.5,15.3,173.0,9.3,2.4,50.0,22.6,97,0.0,18.7
Belagavi,15.8521,74.5045,2026-05-03 23:00:00,31.2,15.0,171.0,9.2,2.2,48.0,22.1,98,0.0,18.9
Belagavi,15.8521,74.5045,2026-05-04 00:00:00,31.8,15.7,169.0,8.7,1.8,47.0,21.9,98,0.0,16.8
Belagavi,15.8521,74.5045,2026-05-04 01:00:00,32.0,14.2,166.0,7.9,1.2,47.0,21.5,98,0.0,16.7
Belagavi,15.8521,74.5045,2026-05-04 02:00:00,29.8,14.6,166.0,7.2,0.8,47.0,21.2,98,0.0,14.7
Belagavi,15.8521,74.5045,2026-05-04 03:00:00,33.1,15.2,170.0,6.9,0.7,47.0,20.7,98,0.0,9.7
Belagavi,15.8521,74.5045,2026-05-04 04:00:00,33.2,15.4,176.0,6.7,0.7,47.0,20.3,99,0.0,6.4
Belagavi,15.8521,74.5045,2026-05-04 05:00:00,35.9,14.7,180.0,5.5,0.9,52.0,20.5,99,0.0,7.4
Belagavi,15.8521,74.5045,2026-05-04 06:00:00,37.4,15.5,180.0,5.1,1.3,58.0,20.7,99,0.0,8.0
Belagavi,15.8521,74.5045,2026-05-04 07:00:00,41.0,16.2,177.0,4.4,1.8,65.0,21.6,94,0.0,6.1
Belagavi,15.8521,74.5045,2026-05-04 08:00:00,46.8,16.1,172.0,3.7,2.2,74.0,24.8,69,0.0,8.5
Belagavi,15.8521,74.5045,2026-05-04 09:00:00,49.9,15.9,164.0,2.9,2.4,84.0,28.0,49,0.0,10.4
Belagavi,15.8521,74.5045,2026-05-04 10:00:00,51.9,15.9,154.0,2.0,2.4,94.0,30.4,41,0.0,11.8
Belagavi,15.8521,74.5045,2026-05-04 11:00:00,53.9,15.7,146.0,1.4,2.3,101.0,31.8,36,0.0,12.6
Belagavi,15.8521,74.5045,2026-05-04 12:00:00,57.2,15.3,142.0,1.1,2.0,103.0,33.8,22,0.0,15.5
Belagavi,15.8521,74.5045,2026-05-04 13:00:00,58.0,14.7,140.0,1.1,1.7,102.0,34.6,20,0.0,17.3
Belagavi,15.8521,74.5045,2026-05-04 14:00:00,56.3,14.2,140.0,1.2,1.4,100.0,34.7,20,0.0,17.8
Belagavi,15.8521,74.5045,2026-05-04 15:00:00,51.9,13.7,140.0,1.3,1.3,96.0,34.7,19,0.0,18.2
Belagavi,15.8521,74.5045,2026-05-04 16:00:00,46.7,13.6,141.0,1.6,1.3,91.0,32.2,31,0.0,23.1
Belagavi,15.8521,74.5045,2026-05-04 17:00:00,40.7,12.7,145.0,2.4,1.3,90.0,31.3,33,0.0,21.0
Belagavi,15.8521,74.5045,2026-05-04 18:00:00,32.7,12.5,155.0,4.2,1.6,80.0,29.3,43,0.0,19.4
Belagavi,15.8521,74.5045,2026-05-04 19:00:00,27.4,13.4,168.0,6.8,2.1,66.0,26.8,63,0.0,19.4
Belagavi,15.8521,74.5045,2026-05-04 20:00:00,26.7,14.3,177.0,8.8,2.4,54.0,24.9,79,0.0,17.6
Belagavi,15.8521,74.5045,2026-05-04 21:00:00,27.6,15.1,178.0,9.9,2.5,48.0,23.6,88,0.0,17.8
Belagavi,15.8521,74.5045,2026-05-04 22:00:00,29.2,16.2,174.0,10.6,2.4,44.0,22.7,94,0.0,18.6
Belagavi,15.8521,74.5045,2026-05-04 23:00:00,31.3,17.1,170.0,10.7,2.2,42.0,22.1,96,0.0,16.8
Belagavi,15.8521,74.5045,2026-05-05 00:00:00,33.8,18.0,165.0,10.2,1.6,41.0,21.8,97,0.0,16.1
Belagavi,15.8521,74.5045,2026-05-05 01:00:00,34.7,18.8,160.0,9.1,0.9,42.0,21.5,97,0.0,13.2
Belagavi,15.8521,74.5045,2026-05-05 02:00:00,34.2,18.3,159.0,8.2,0.4,43.0,21.1,97,0.0,10.2
Belagavi,15.8521,74.5045,2026-05-05 03:00:00,33.1,17.1,167.0,7.6,0.3,43.0,20.7,98,0.0,11.3
Belagavi,15.8521,74.5045,2026-05-05 04:00:00,34.2,16.5,179.0,7.1,0.5,43.0,20.4,98,0.0,11.4
Belagavi,15.8521,74.5045,2026-05-05 05:00:00,35.4,18.5,187.0,8.4,0.6,41.0,20.1,99,0.0,9.9
Belagavi,15.8521,74.5045,2026-05-05 06:00:00,37.0,18.1,187.0,7.1,1.0,49.0,20.3,99,0.0,7.9
Belagavi,15.8521,74.5045,2026-05-05 07:00:00,39.0,17.6,183.0,5.2,1.6,60.0,21.1,96,0.0,6.6
Belagavi,15.8521,74.5045,2026-05-05 08:00:00,43.9,16.4,177.0,3.6,2.0,71.0,24.6,73,0.0,6.3
Belagavi,15.8521,74.5045,2026-05-05 09:00:00,51.3,16.4,167.0,2.6,2.2,81.0,28.0,54,0.0,8.1
Belagavi,15.8521,74.5045,2026-05-05 10:00:00,59.3,16.9,154.0,2.0,2.3,90.0,30.7,42,0.0,9.7
Belagavi,15.8521,74.5045,2026-05-05 11:00:00,64.7,17.3,145.0,1.5,2.3,97.0,32.1,32,0.0,8.0
Belagavi,15.8521,74.5045,2026-05-05 12:00:00,69.4,17.2,142.0,1.3,2.1,102.0,33.2,25,0.0,6.9
Belagavi,15.8521,74.5045,2026-05-05 13:00:00,65.7,16.8,141.0,1.3,1.8,104.0,33.9,24,0.0,9.2
Belagavi,15.8521,74.5045,2026-05-05 14:00:00,58.8,16.0,142.0,1.4,1.6,105.0,34.3,24,0.0,12.6
Belagavi,15.8521,74.5045,2026-05-05 15:00:00,53.1,15.6,142.0,1.5,1.5,104.0,34.0,25,0.0,14.8
Belagavi,15.8521,74.5045,2026-05-05 16:00:00,48.8,15.4,143.0,1.7,1.5,101.0,32.3,29,0.0,20.7
Belagavi,15.8521,74.5045,2026-05-05 17:00:00,33.1,12.2,146.0,2.5,1.6,94.0,28.8,50,0.0,24.5
Belagavi,15.8521,74.5045,2026-05-05 18:00:00,28.3,12.2,152.0,4.0,1.8,83.0,28.0,52,0.0,22.5
Belagavi,15.8521,74.5045,2026-05-05 19:00:00,26.1,12.8,161.0,6.2,2.1,68.0,26.6,62,0.0,19.1
Belagavi,15.8521,74.5045,2026-05-05 20:00:00,26.5,13.8,169.0,8.0,2.3,55.0,25.0,76,0.0,16.7
Belagavi,15.8521,74.5045,2026-05-05 21:00:00,28.2,14.9,177.0,9.3,2.4,48.0,23.4,89,0.0,16.4
Belagavi,15.8521,74.5045,2026-05-05 22:00:00,29.7,16.0,185.0,10.3,2.5,44.0,22.5,96,0.0,14.3
Belagavi,15.8521,74.5045,2026-05-05 23:00:00,31.7,16.8,187.0,10.9,2.4,41.0,22.1,96,0.0,13.9
Belagavi,15.8521,74.5045,2026-05-06 00:00:00,33.9,16.9,178.0,10.7,2.1,40.0,21.8,96,0.0,14.2
Belagavi,15.8521,74.5045,2026-05-06 01:00:00,38.0,17.8,162.0,10.1,1.8,41.0,21.5,96,0.0,15.0
Belagavi,15.8521,74.5045,2026-05-06 02:00:00,42.5,18.9,154.0,9.6,1.5,42.0,21.4,96,0.0,14.7
Belagavi,15.8521,74.5045,2026-05-06 03:00:00,46.3,19.8,160.0,9.8,1.4,40.0,21.3,96,0.0,14.2
Belagavi,15.8521,74.5045,2026-05-06 04:00:00,47.6,20.4,173.0,10.2,1.4,38.0,21.0,98,0.0,13.4
Belagavi,15.8521,74.5045,2026-05-06 05:00:00,46.4,20.9,181.0,9.6,1.4,41.0,21.0,99,0.0,11.7
Belagavi,15.8521,74.5045,2026-05-06 06:00:00,49.8,21.4,177.0,8.4,1.8,50.0,21.2,99,0.0,11.6
Belagavi,15.8521,74.5045,2026-05-06 07:00:00,54.0,22.2,168.0,6.6,2.2,64.0,22.7,88,0.0,13.5
Belagavi,15.8521,74.5045,2026-05-06 08:00:00,60.8,22.1,161.0,5.0,2.6,77.0,25.5,67,0.0,12.8
Belagavi,15.8521,74.5045,2026-05-06 09:00:00,60.5,20.6,159.0,3.7,2.7,90.0,28.4,51,0.0,12.6
Belagavi,15.8521,74.5045,2026-05-06 10:00:00,56.8,19.3,160.0,2.5,2.6,103.0,31.1,36,0.0,12.0
Belagavi,15.8521,74.5045,2026-05-06 11:00:00,56.5,18.6,161.0,1.7,2.6,114.0,31.5,33,0.0,13.0
Belagavi,15.8521,74.5045,2026-05-06 12:00:00,53.2,18.4,163.0,1.4,2.6,122.0,32.9,29,0.0,14.6
Belagavi,15.8521,74.5045,2026-05-06 13:00:00,52.4,18.6,165.0,1.4,2.7,127.0,33.7,28,0.0,14.5
Belagavi,15.8521,74.5045,2026-05-06 14:00:00,51.6,18.6,167.0,1.6,2.7,130.0,34.4,25,0.0,10.1
Belagavi,15.8521,74.5045,2026-05-06 15:00:00,50.5,18.5,166.0,1.7,2.7,133.0,34.6,23,0.0,9.3
Belagavi,15.8521,74.5045,2026-05-06 16:00:00,48.7,18.1,165.0,1.9,2.7,134.0,35.0,21,0.0,11.0
Belagavi,15.8521,74.5045,2026-05-06 17:00:00,36.3,15.0,166.0,3.3,2.7,133.0,33.6,20,0.0,14.3
Belagavi,15.8521,74.5045,2026-05-06 18:00:00,32.7,16.8,171.0,5.9,2.9,117.0,31.3,27,0.0,9.8
Belagavi,15.8521,74.5045,2026-05-06 19:00:00,31.0,18.5,178.0,9.6,3.3,94.0,27.9,44,0.0,12.1
Belagavi,15.8521,74.5045,2026-05-06 20:00:00,28.9,18.5,187.0,12.8,3.5,75.0,25.5,67,0.0,15.9
Belagavi,15.8521,74.5045,2026-05-06 21:00:00,28.8,19.0,197.0,14.5,3.6,63.0,24.7,71,0.0,10.3
Belagavi,15.8521,74.5045,2026-05-06 22:00:00,30.3,20.7,209.0,15.8,3.5,54.0,23.8,75,0.0,10.7
Belagavi,15.8521,74.5045,2026-05-06 23:00:00,32.1,22.6,218.0,17.5,3.6,46.0,23.4,81,0.0,11.4
Belagavi,15.8521,74.5045,2026-05-07 00:00:00,34.0,23.9,223.0,20.6,3.8,38.0,23.2,80,0.0,6.8
Belagavi,15.8521,74.5045,2026-05-07 01:00:00,37.7,26.5,227.0,24.2,4.0,32.0,23.2,78,0.0,5.3
Belagavi,15.8521,74.5045,2026-05-07 02:00:00,41.1,29.5,230.0,27.0,4.4,28.0,23.0,76,0.0,5.2
Belagavi,15.8521,74.5045,2026-05-07 03:00:00,42.4,30.3,234.0,29.0,4.9,24.0,24.6,61,0.0,10.4
Belagavi,15.8521,74.5045,2026-05-07 04:00:00,43.9,30.6,238.0,30.1,5.6,22.0,24.5,59,0.0,9.8
Belagavi,15.8521,74.5045,2026-05-07 05:00:00,39.9,24.3,242.0,17.6,4.7,48.0,23.9,63,0.0,9.7
Belagavi,15.8521,74.5045,2026-05-07 06:00:00,40.0,23.3,248.0,14.7,6.0,65.0,24.9,58,0.0,9.8
Belagavi,15.8521,74.5045,2026-05-07 07:00:00,38.5,23.5,254.0,10.7,7.8,89.0,27.2,50,0.0,11.5
Belagavi,15.8521,74.5045,2026-05-07 08:00:00,37.1,22.2,257.0,7.3,8.9,111.0,29.1,43,0.0,14.4
Belagavi,15.8521,74.5045,2026-05-07 09:00:00,45.5,29.0,254.0,5.0,8.9,130.0,30.8,40,0.0,14.6
Belagavi,15.8521,74.5045,2026-05-07 10:00:00,45.4,28.8,248.0,3.3,8.3,148.0,32.3,37,0.0,13.9
Belagavi,15.8521,74.5045,2026-05-07 11:00:00,46.2,28.2,241.0,2.1,7.6,161.0,32.7,33,0.0,12.6
Belagavi,15.8521,74.5045,2026-05-07 12:00:00,45.3,27.2,233.0,1.6,6.9,166.0,33.8,30,0.0,12.0
Belagavi,15.8521,74.5045,2026-05-07 13:00:00,45.3,26.8,224.0,1.7,6.1,167.0,34.8,26,0.0,10.5
Belagavi,15.8521,74.5045,2026-05-07 14:00:00,47.3,26.8,219.0,2.1,5.5,165.0,35.0,23,0.0,9.7
Belagavi,15.8521,74.5045,2026-05-07 15:00:00,47.0,27.3,222.0,2.4,5.3,163.0,34.9,22,0.0,9.0
Belagavi,15.8521,74.5045,2026-05-07 16:00:00,48.1,29.3,229.0,2.9,5.4,159.0,29.8,49,0.0,20.1
Belagavi,15.8521,74.5045,2026-05-07 17:00:00,52.2,38.3,236.0,6.0,5.2,144.0,27.7,63,0.0,20.6
Belagavi,15.8521,74.5045,2026-05-07 18:00:00,51.9,37.7,243.0,8.2,5.5,130.0,26.8,68,0.0,16.6
Belagavi,15.8521,74.5045,2026-05-07 19:00:00,54.1,39.8,251.0,11.2,5.8,111.0,26.0,73,0.0,11.8
Belagavi,15.8521,74.5045,2026-05-07 20:00:00,55.9,41.9,257.0,13.6,6.1,95.0,25.8,76,0.0,13.6
Belagavi,15.8521,74.5045,2026-05-07 21:00:00,57.5,43.0,260.0,15.0,6.3,84.0,25.8,75,0.0,11.7
Belagavi,15.8521,74.5045,2026-05-07 22:00:00,60.5,42.8,262.0,15.9,6.4,76.0,25.6,73,0.1,9.4
Belagavi,15.8521,74.5045,2026-05-07 23:00:00,61.9,43.1,262.0,16.2,6.5,70.0,24.2,84,0.1,12.5
Belagavi,15.8521,74.5045,2026-05-08 00:00:00,61.5,42.3,258.0,15.5,6.4,67.0,24.3,77,0.0,13.4
Belagavi,15.8521,74.5045,2026-05-08 01:00:00,59.4,40.2,253.0,14.3,6.2,68.0,24.7,70,0.0,11.7
Belagavi,15.8521,74.5045,2026-05-08 02:00:00,56.2,37.3,250.0,13.1,6.1,69.0,24.9,67,0.0,14.6
Belagavi,15.8521,74.5045,2026-05-08 03:00:00,54.4,35.6,252.0,12.4,6.1,71.0,25.1,65,0.0,14.8
Belagavi,15.8521,74.5045,2026-05-08 04:00:00,54.9,35.5,257.0,11.9,6.1,74.0,24.2,67,0.1,12.2
Belagavi,15.8521,74.5045,2026-05-08 05:00:00,60.1,41.9,263.0,10.4,5.1,89.0,24.6,65,0.0,11.5
Belagavi,15.8521,74.5045,2026-05-08 06:00:00,60.5,43.2,271.0,9.8,5.6,100.0,24.6,66,0.0,11.5
Belagavi,15.8521,74.5045,2026-05-08 07:00:00,62.9,46.4,280.0,9.0,6.4,114.0,26.1,61,0.0,11.4
Belagavi,15.8521,74.5045,2026-05-08 08:00:00,68.0,46.4,281.0,7.8,6.9,129.0,27.3,53,0.0,12.5
Belagavi,15.8521,74.5045,2026-05-08 09:00:00,61.7,41.0,266.0,6.0,7.0,143.0,28.8,48,0.0,13.9
Belagavi,15.8521,74.5045,2026-05-08 10:00:00,56.9,37.8,242.0,3.8,6.8,156.0,30.5,43,0.0,15.0
Belagavi,15.8521,74.5045,2026-05-08 11:00:00,54.2,35.9,223.0,2.2,6.5,165.0,31.5,38,0.0,12.6
Belagavi,15.8521,74.5045,2026-05-08 12:00:00,52.0,33.6,213.0,1.6,5.9,168.0,33.5,33,0.0,7.2
Belagavi,15.8521,74.5045,2026-05-08 13:00:00,48.2,30.9,207.0,1.6,5.0,167.0,34.9,28,0.0,10.2
Belagavi,15.8521,74.5045,2026-05-08 14:00:00,42.6,27.6,205.0,2.0,4.4,164.0,35.0,26,0.0,12.7
Belagavi,15.8521,74.5045,2026-05-08 15:00:00,44.5,29.1,208.0,2.5,4.0,160.0,34.1,28,0.1,13.0
Belagavi,15.8521,74.5045,2026-05-08 16:00:00,42.6,27.8,215.0,3.5,3.8,154.0,33.1,31,0.1,6.4
Belagavi,15.8521,74.5045,2026-05-08 17:00:00,34.5,23.3,226.0,4.3,3.5,149.0,31.2,33,0.0,1.3
Belagavi,15.8521,74.5045,2026-05-08 18:00:00,35.5,25.6,240.0,11.1,4.4,129.0,30.4,38,0.0,7.9
Belagavi,15.8521,74.5045,2026-05-08 19:00:00,39.3,29.5,257.0,20.4,5.6,102.0,28.6,50,0.0,6.5
Belagavi,15.8521,74.5045,2026-05-08 20:00:00,42.4,32.8,277.0,27.6,6.7,81.0,26.6,71,0.0,13.2
Belagavi,15.8521,74.5045,2026-05-08 21:00:00,44.5,35.0,303.0,30.7,7.4,71.0,25.6,75,0.0,12.6
Belagavi,15.8521,74.5045,2026-05-08 22:00:00,46.1,36.9,332.0,31.6,7.9,66.0,25.9,68,0.0,10.1
Belagavi,15.8521,74.5045,2026-05-08 23:00:00,46.0,37.0,348.0,31.1,8.2,64.0,26.0,64,0.0,7.4
Belagavi,15.8521,74.5045,2026-05-09 00:00:00,43.7,35.4,339.0,28.8,8.1,65.0,25.7,62,0.0,12.3
Belagavi,15.8521,74.5045,2026-05-09 01:00:00,40.3,33.4,317.0,25.2,7.7,68.0,25.0,60,0.0,14.0
Belagavi,15.8521,74.5045,2026-05-09 02:00:00,34.9,29.9,303.0,21.8,7.3,70.0,24.0,60,0.0,8.4
Belagavi,15.8521,74.5045,2026-05-09 03:00:00,30.5,26.9,311.0,19.5,6.9,67.0,24.1,58,0.0,7.8
Belagavi,15.8521,74.5045,2026-05-09 04:00:00,26.7,23.9,327.0,17.5,6.4,62.0,24.7,54,0.0,7.0
Belagavi,15.8521,74.5045,2026-05-09 05:00:00,26.6,24.0,330.0,18.0,5.7,57.0,25.9,57,0.0,11.5
Belagavi,15.8521,74.5045,2026-05-09 06:00:00,23.5,21.4,305.0,15.7,6.6,62.0,25.8,59,0.0,10.6
Belagavi,15.8521,74.5045,2026-05-09 07:00:00,21.5,19.7,267.0,12.5,7.8,70.0,27.2,55,0.0,10.4
Belagavi,15.8521,74.5045,2026-05-09 08:00:00,18.0,15.9,236.0,9.4,8.3,81.0,29.0,49,0.0,12.2
Belagavi,15.8521,74.5045,2026-05-09 09:00:00,14.5,11.7,219.0,6.6,7.6,99.0,30.9,42,0.0,11.0
Belagavi,15.8521,74.5045,2026-05-09 10:00:00,17.3,12.7,209.0,4.0,6.2,121.0,32.7,35,0.0,10.0
Belagavi,15.8521,74.5045,2026-05-09 11:00:00,21.2,14.9,202.0,2.2,5.1,139.0,34.4,31,0.0,10.8
Belagavi,15.8521,74.5045,2026-05-09 12:00:00,24.3,16.7,199.0,1.5,4.5,150.0,35.1,27,0.0,13.9
Belagavi,15.8521,74.5045,2026-05-09 13:00:00,26.1,17.3,199.0,1.5,4.0,157.0,35.7,24,0.0,14.5
Belagavi,15.8521,74.5045,2026-05-09 14:00:00,27.0,17.7,200.0,1.8,3.7,161.0,35.6,23,0.0,14.8
Belagavi,15.8521,74.5045,2026-05-09 15:00:00,27.1,17.6,194.0,1.5,3.4,164.0,35.9,22,0.0,16.2
Belagavi,15.8521,74.5045,2026-05-09 16:00:00,27.9,18.0,189.0,1.5,3.2,165.0,35.2,23,0.0,16.1
Belagavi,15.8521,74.5045,2026-05-09 17:00:00,25.6,17.1,202.0,3.7,3.3,159.0,33.4,24,0.0,15.5
Belagavi,15.8521,74.5045,2026-05-09 18:00:00,27.9,20.0,254.0,9.0,4.1,139.0,32.6,27,0.0,3.7
Belagavi,15.8521,74.5045,2026-05-09 19:00:00,33.1,25.6,323.0,16.6,5.2,112.0,28.9,47,0.0,14.9
Belagavi,15.8521,74.5045,2026-05-09 20:00:00,38.1,30.9,368.0,24.4,6.6,87.0,26.5,66,0.0,16.6
Belagavi,15.8521,74.5045,2026-05-09 21:00:00,44.6,37.1,365.0,32.2,8.5,68.0,26.0,65,0.0,15.3
Belagavi,15.8521,74.5045,2026-05-09 22:00:00,51.6,43.7,337.0,40.1,10.7,52.0,25.8,67,0.0,9.0
Belagavi,15.8521,74.5045,2026-05-09 23:00:00,59.0,50.4,308.0,46.5,12.3,40.0,24.6,76,0.0,11.6
Belagavi,15.8521,74.5045,2026-05-10 00:00:00,65.7,56.6,283.0,50.9,12.9,32.0,24.6,71,0.0,11.5
Belagavi,15.8521,74.5045,2026-05-10 01:00:00,69.2,59.8,258.0,53.8,12.9,27.0,24.5,70,0.0,9.5
Belagavi,15.8521,74.5045,2026-05-10 02:00:00,68.0,58.8,243.0,54.4,12.5,24.0,24.2,71,0.0,10.6
Belagavi,15.8521,74.5045,2026-05-10 03:00:00,66.6,57.4,247.0,52.5,11.5,20.0,24.4,68,0.0,8.9
Belagavi,15.8521,74.5045,2026-05-10 04:00:00,65.2,56.0,260.0,48.3,10.0,18.0,24.2,67,0.0,9.4
Belagavi,15.8521,74.5045,2026-05-10 05:00:00,62.9,52.5,271.0,31.8,6.1,33.0,23.7,73,0.0,9.1
Belagavi,15.8521,74.5045,2026-05-10 06:00:00,65.0,54.8,275.0,25.2,7.2,60.0,24.3,69,0.0,7.9
Belagavi,15.8521,74.5045,2026-05-10 07:00:00,59.6,48.8,275.0,16.1,8.7,99.0,27.1,58,0.0,5.8
Belagavi,15.8521,74.5045,2026-05-10 08:00:00,47.1,34.9,270.0,8.8,9.5,132.0,30.4,40,0.0,5.6
Belagavi,15.8521,74.5045,2026-05-10 09:00:00,43.4,31.8,255.0,5.3,9.0,156.0,32.3,34,0.0,5.2
Belagavi,15.8521,74.5045,2026-05-10 10:00:00,42.5,30.2,235.0,3.7,7.9,175.0,34.3,27,0.0,9.1
Belagavi,15.8521,74.5045,2026-05-10 11:00:00,46.7,30.9,220.0,2.6,6.9,186.0,34.7,26,0.0,16.0
Belagavi,15.8521,74.5045,2026-05-10 12:00:00,47.4,29.0,215.0,1.7,6.2,186.0,35.4,25,0.0,17.9
Belagavi,15.8521,74.5045,2026-05-10 13:00:00,46.6,26.9,214.0,1.5,5.6,179.0,36.0,23,0.0,15.7
Belagavi,15.8521,74.5045,2026-05-10 14:00:00,46.4,25.8,214.0,1.7,5.2,172.0,36.1,22,0.0,16.3
Belagavi,15.8521,74.5045,2026-05-10 15:00:00,46.6,25.3,212.0,1.9,4.9,170.0,36.8,21,0.0,12.2
Belagavi,15.8521,74.5045,2026-05-10 16:00:00,47.1,25.4,211.0,2.7,4.8,167.0,36.5,19,0.0,13.6
Belagavi,15.8521,74.5045,2026-05-10 17:00:00,46.2,26.2,210.0,5.4,5.1,157.0,36.1,20,0.0,10.4
Belagavi,15.8521,74.5045,2026-05-10 18:00:00,48.7,30.6,209.0,12.4,6.0,132.0,30.7,43,0.0,20.9
Belagavi,15.8521,74.5045,2026-05-10 19:00:00,53.6,37.4,208.0,21.4,7.3,100.0,27.1,63,0.0,14.7
Belagavi,15.8521,74.5045,2026-05-10 20:00:00,44.6,34.3,209.0,26.5,8.1,76.0,27.3,69,0.0,14.9
Belagavi,15.8521,74.5045,2026-05-10 21:00:00,35.4,27.3,213.0,24.1,8.0,67.0,26.4,73,0.0,18.2
Belagavi,15.8521,74.5045,2026-05-10 22:00:00,33.2,24.7,217.0,18.0,7.5,66.0,25.6,73,0.0,15.5
Belagavi,15.8521,74.5045,2026-05-10 23:00:00,33.2,23.9,219.0,13.4,7.0,66.0,25.0,77,0.0,13.5
Belagavi,15.8521,74.5045,2026-05-11 00:00:00,34.6,23.9,214.0,12.9,6.7,63.0,25.0,72,0.0,10.6
Belagavi,15.8521,74.5045,2026-05-11 01:00:00,36.4,24.2,205.0,14.0,6.5,61.0,24.7,70,0.0,9.4
Belagavi,15.8521,74.5045,2026-05-11 02:00:00,38.5,24.7,202.0,14.7,6.4,60.0,24.3,72,0.0,8.1
Belagavi,15.8521,74.5045,2026-05-11 03:00:00,39.3,24.8,211.0,14.6,6.4,61.0,24.5,74,0.0,10.8
Belagavi,15.8521,74.5045,2026-05-11 04:00:00,40.2,25.2,225.0,14.1,6.6,63.0,24.0,76,0.0,7.9
Belagavi,15.8521,74.5045,2026-05-11 05:00:00,49.6,38.1,232.0,12.3,4.0,70.0,23.2,94,0.0,8.2
Belagavi,15.8521,74.5045,2026-05-11 06:00:00,49.1,37.6,225.0,10.3,5.1,84.0,23.4,91,0.0,7.5
Belagavi,15.8521,74.5045,2026-05-11 07:00:00,43.2,30.5,212.0,7.5,6.7,104.0,25.7,74,0.0,7.7
Belagavi,15.8521,74.5045,2026-05-11 08:00:00,41.4,23.3,202.0,5.1,7.9,122.0,28.5,56,0.0,9.2
Belagavi,15.8521,74.5045,2026-05-11 09:00:00,40.0,20.4,202.0,3.7,8.6,136.0,30.7,45,0.0,10.3
Belagavi,15.8521,74.5045,2026-05-11 10:00:00,39.8,20.3,205.0,2.7,8.9,148.0,32.5,41,0.0,8.0
Belagavi,15.8521,74.5045,2026-05-11 11:00:00,41.4,21.4,208.0,2.1,8.9,157.0,32.4,42,0.0,2.4
Belagavi,15.8521,74.5045,2026-05-11 12:00:00,44.8,22.4,209.0,1.7,8.4,164.0,34.7,33,0.0,3.2
Belagavi,15.8521,74.5045,2026-05-11 13:00:00,45.6,22.6,209.0,1.6,7.6,168.0,35.9,27,0.0,6.0
Belagavi,15.8521,74.5045,2026-05-11 14:00:00,46.7,23.1,207.0,1.8,6.8,169.0,35.9,24,0.0,7.9
Belagavi,15.8521,74.5045,2026-05-11 15:00:00,48.1,23.9,204.0,2.4,6.3,169.0,36.6,22,0.0,13.3
Belagavi,15.8521,74.5045,2026-05-11 16:00:00,48.1,24.3,199.0,3.3,6.0,166.0,36.0,21,0.0,4.0
Belagavi,15.8521,74.5045,2026-05-11 17:00:00,39.0,21.1,192.0,3.5,4.7,136.0,28.6,62,0.0,17.4
Belagavi,15.8521,74.5045,2026-05-11 18:00:00,36.2,21.2,180.0,3.5,4.0,118.0,27.5,70,0.0,21.9
Belagavi,15.8521,74.5045,2026-05-11 19:00:00,29.2,17.2,165.0,3.6,3.1,94.0,25.5,82,0.0,13.3
Belagavi,15.8521,74.5045,2026-05-11 20:00:00,31.1,16.2,157.0,4.2,2.5,74.0,25.1,88,0.0,14.6
Belagavi,15.8521,74.5045,2026-05-11 21:00:00,31.5,16.4,161.0,5.8,2.5,64.0,25.0,89,0.0,15.2
Belagavi,15.8521,74.5045,2026-05-11 22:00:00,32.1,17.3,170.0,7.9,2.7,59.0,24.6,92,0.0,10.4
Belagavi,15.8521,74.5045,2026-05-11 23:00:00,32.7,18.3,175.0,9.3,2.7,55.0,24.7,93,0.0,9.6
Belagavi,15.8521,74.5045,2026-05-12 00:00:00,35.7,19.5,167.0,9.5,2.2,52.0,24.8,91,0.0,14.2
Belagavi,15.8521,74.5045,2026-05-12 01:00:00,37.5,20.7,154.0,9.0,1.4,50.0,24.4,91,0.0,14.2
Belagavi,15.8521,74.5045,2026-05-12 02:00:00,38.3,21.6,150.0,8.5,0.8,49.0,24.0,92,0.0,12.6
Belagavi,15.8521,74.5045,2026-05-12 03:00:00,40.7,21.8,164.0,8.1,0.5,49.0,23.5,91,0.0,11.7
Belagavi,15.8521,74.5045,2026-05-12 04:00:00,40.6,22.5,187.0,7.7,0.4,49.0,22.7,96,0.0,10.3
Belagavi,15.8521,74.5045,2026-05-12 05:00:00,40.0,20.8,202.0,5.7,1.1,58.0,22.5,99,0.0,6.9
Belagavi,15.8521,74.5045,2026-05-12 06:00:00,42.7,21.5,199.0,5.4,1.6,65.0,22.8,96,0.0,7.0
Belagavi,15.8521,74.5045,2026-05-12 07:00:00,44.9,21.0,188.0,5.0,2.4,75.0,24.8,81,0.0,6.5
Belagavi,15.8521,74.5045,2026-05-12 08:00:00,46.4,20.8,180.0,4.5,3.3,88.0,28.0,59,0.0,7.8
Belagavi,15.8521,74.5045,2026-05-12 09:00:00,44.9,19.6,179.0,3.7,4.5,106.0,30.7,45,0.0,9.8
Belagavi,15.8521,74.5045,2026-05-12 10:00:00,41.2,17.9,181.0,2.6,5.8,126.0,33.0,35,0.0,9.0
Belagavi,15.8521,74.5045,2026-05-12 11:00:00,39.5,18.0,186.0,1.9,6.7,142.0,32.6,39,0.0,9.3
Belagavi,15.8521,74.5045,2026-05-12 12:00:00,39.3,18.5,197.0,1.5,6.8,151.0,34.1,34,0.0,9.3
Belagavi,15.8521,74.5045,2026-05-12 13:00:00,39.8,19.0,211.0,1.4,6.6,156.0,35.2,31,0.0,8.0
Belagavi,15.8521,74.5045,2026-05-12 14:00:00,41.2,20.3,218.0,1.6,6.3,159.0,35.6,27,0.1,10.9
Belagavi,15.8521,74.5045,2026-05-12 15:00:00,41.7,21.0,211.0,1.8,6.3,162.0,35.4,25,0.0,14.1
Belagavi,15.8521,74.5045,2026-05-12 16:00:00,43.1,22.2,196.0,2.3,6.2,163.0,35.0,25,0.0,15.1
Belagavi,15.8521,74.5045,2026-05-12 17:00:00,43.5,22.7,185.0,3.7,6.1,155.0,31.4,49,0.0,13.9
Belagavi,15.8521,74.5045,2026-05-12 18:00:00,45.4,27.8,183.0,7.0,5.8,129.0,28.2,63,0.2,18.2
Belagavi,15.8521,74.5045,2026-05-12 19:00:00,37.5,24.9,185.0,11.2,5.3,93.0,28.2,71,0.0,11.7
Belagavi,15.8521,74.5045,2026-05-12 20:00:00,33.2,21.5,187.0,14.1,4.9,65.0,26.6,83,0.0,13.1
Belagavi,15.8521,74.5045,2026-05-12 21:00:00,31.2,18.9,188.0,14.6,4.5,52.0,25.7,86,0.0,8.2
Belagavi,15.8521,74.5045,2026-05-12 22:00:00,31.7,18.6,189.0,13.8,4.1,47.0,25.3,90,0.1,7.8
Belagavi,15.8521,74.5045,2026-05-12 23:00:00,32.5,18.6,187.0,13.0,3.7,44.0,24.7,95,0.0,8.7
Belagavi,15.8521,74.5045,2026-05-13 00:00:00,32.9,18.1,179.0,12.4,3.4,42.0,24.2,97,0.1,10.6
Belagavi,15.8521,74.5045,2026-05-13 01:00:00,32.8,17.8,168.0,11.7,3.1,43.0,23.6,94,0.0,12.2
Belagavi,15.8521,74.5045,2026-05-13 02:00:00,32.5,17.8,162.0,11.2,2.8,43.0,23.6,95,0.0,14.7
Belagavi,15.8521,74.5045,2026-05-13 03:00:00,32.8,18.3,164.0,11.3,2.4,41.0,23.4,95,0.0,14.5
Belagavi,15.8521,74.5045,2026-05-13 04:00:00,34.1,19.0,171.0,11.7,2.0,39.0,23.0,98,0.0,13.6
Belagavi,15.8521,74.5045,2026-05-13 05:00:00,27.2,14.1,177.0,5.0,3.2,72.0,23.3,98,0.0,11.3
Belagavi,15.8521,74.5045,2026-05-13 06:00:00,21.0,11.3,182.0,5.0,3.4,75.0,23.5,96,0.0,11.9
Belagavi,15.8521,74.5045,2026-05-13 07:00:00,23.8,12.4,186.0,5.0,3.6,80.0,24.8,87,0.0,11.0
Belagavi,15.8521,74.5045,2026-05-13 08:00:00,29.9,15.0,189.0,4.7,3.8,87.0,26.9,74,0.0,9.4
Belagavi,15.8521,74.5045,2026-05-13 09:00:00,35.0,17.3,191.0,3.8,3.9,100.0,29.5,60,0.0,8.4
Belagavi,15.8521,74.5045,2026-05-13 10:00:00,36.4,18.2,191.0,2.6,4.0,116.0,31.8,48,0.0,8.7
Belagavi,15.8521,74.5045,2026-05-13 11:00:00,36.8,18.9,193.0,1.7,4.0,128.0,31.6,48,0.0,7.4
Belagavi,15.8521,74.5045,2026-05-13 12:00:00,35.6,18.7,198.0,1.4,3.9,133.0,32.3,49,0.5,11.9
Belagavi,15.8521,74.5045,2026-05-13 13:00:00,35.2,18.5,203.0,1.5,3.6,134.0,31.9,51,0.1,11.9
Belagavi,15.8521,74.5045,2026-05-13 14:00:00,33.6,18.2,206.0,1.8,3.3,131.0,32.2,46,0.1,9.6
Belagavi,15.8521,74.5045,2026-05-13 15:00:00,30.6,17.2,203.0,2.4,2.9,123.0,32.1,43,0.0,15.1
Belagavi,15.8521,74.5045,2026-05-13 16:00:00,26.5,15.7,197.0,3.2,2.4,111.0,28.0,64,0.9,19.2
Belagavi,15.8521,74.5045,2026-05-13 17:00:00,46.9,25.6,194.0,3.5,2.6,109.0,28.1,68,0.2,10.6
Belagavi,15.8521,74.5045,2026-05-13 18:00:00,41.3,23.9,197.0,4.9,2.5,98.0,27.9,68,0.0,10.5
Belagavi,15.8521,74.5045,2026-05-13 19:00:00,37.8,22.7,202.0,6.8,2.4,84.0,26.5,77,0.1,11.6
Belagavi,15.8521,74.5045,2026-05-13 20:00:00,37.8,22.2,205.0,8.4,2.3,71.0,25.2,87,0.0,12.3
Belagavi,15.8521,74.5045,2026-05-13 21:00:00,39.0,22.5,204.0,9.5,2.3,63.0,24.7,90,0.0,10.4
Belagavi,15.8521,74.5045,2026-05-13 22:00:00,40.3,23.0,200.0,10.4,2.4,57.0,24.5,90,0.0,9.1
Belagavi,15.8521,74.5045,2026-05-13 23:00:00,40.7,23.1,195.0,11.0,2.4,52.0,24.5,86,0.0,10.5
Belagavi,15.8521,74.5045,2026-05-14 00:00:00,42.5,23.4,184.0,11.4,2.3,47.0,24.0,88,0.0,10.3
Belagavi,15.8521,74.5045,2026-05-14 01:00:00,43.1,23.7,172.0,11.7,2.2,43.0,23.7,90,0.0,8.5
Belagavi,15.8521,74.5045,2026-05-14 02:00:00,44.4,24.5,171.0,11.8,2.1,40.0,23.4,92,0.0,7.4
Belagavi,15.8521,74.5045,2026-05-14 03:00:00,46.3,25.3,192.0,12.1,2.0,36.0,23.3,91,0.0,9.0
Belagavi,15.8521,74.5045,2026-05-14 04:00:00,47.8,26.1,223.0,12.2,1.9,34.0,23.3,90,0.0,10.7
Belagavi,15.8521,74.5045,2026-05-14 05:00:00,50.1,26.3,245.0,12.0,2.9,51.0,23.4,94,0.0,10.2
Belagavi,15.8521,74.5045,2026-05-14 06:00:00,50.9,28.2,248.0,11.0,3.7,62.0,23.9,86,0.0,11.3
Belagavi,15.8521,74.5045,2026-05-14 07:00:00,58.1,29.0,241.0,9.6,4.7,78.0,26.1,66,0.0,12.0
Belagavi,15.8521,74.5045,2026-05-14 08:00:00,71.0,33.9,234.0,8.0,5.4,97.0,28.1,57,0.0,14.6
Belagavi,15.8521,74.5045,2026-05-14 09:00:00,75.9,36.8,229.0,6.1,5.4,121.0,31.3,42,0.0,13.2
Belagavi,15.8521,74.5045,2026-05-14 10:00:00,72.6,37.4,224.0,3.9,5.1,147.0,33.6,34,0.0,13.2
Belagavi,15.8521,74.5045,2026-05-14 11:00:00,74.3,39.7,220.0,2.4,4.8,164.0,33.0,39,0.0,13.2
Belagavi,15.8521,74.5045,2026-05-14 12:00:00,74.0,39.7,219.0,1.8,4.6,168.0,34.9,33,0.1,7.4
Belagavi,15.8521,74.5045,2026-05-14 13:00:00,72.9,38.6,219.0,1.8,4.3,163.0,36.0,31,0.0,6.2
Belagavi,15.8521,74.5045,2026-05-14 14:00:00,69.4,36.9,216.0,2.1,4.0,155.0,34.7,33,0.0,6.7
Belagavi,15.8521,74.5045,2026-05-14 15:00:00,62.2,33.5,207.0,2.5,3.6,143.0,27.0,75,4.7,12.5
Belagavi,15.8521,74.5045,2026-05-14 16:00:00,52.2,29.6,195.0,3.2,3.1,126.0,28.9,67,0.5,16.6
Belagavi,15.8521,74.5045,2026-05-14 17:00:00,64.0,37.1,190.0,4.2,3.2,121.0,30.7,58,0.1,14.1
Belagavi,15.8521,74.5045,2026-05-14 18:00:00,46.2,28.2,196.0,4.6,2.9,108.0,29.0,71,0.0,14.7
Belagavi,15.8521,74.5045,2026-05-14 19:00:00,34.7,22.8,207.0,5.3,2.6,91.0,27.6,78,0.0,15.9
Belagavi,15.8521,74.5045,2026-05-14 20:00:00,28.6,19.3,219.0,6.1,2.3,76.0,26.3,84,0.0,14.8
Belagavi,15.8521,74.5045,2026-05-14 21:00:00,26.8,18.4,231.0,7.2,2.3,67.0,25.5,88,0.0,11.2
Belagavi,15.8521,74.5045,2026-05-14 22:00:00,26.2,18.4,243.0,8.5,2.4,60.0,24.8,92,0.0,8.7
Belagavi,15.8521,74.5045,2026-05-14 23:00:00,26.1,18.6,249.0,9.3,2.5,56.0,24.6,93,0.0,7.1
Belagavi,15.8521,74.5045,2026-05-15 00:00:00,28.1,18.7,246.0,9.1,2.5,55.0,24.4,94,0.0,6.3
Belagavi,15.8521,74.5045,2026-05-15 01:00:00,27.1,17.9,238.0,8.4,2.4,56.0,24.1,94,0.0,6.5
Belagavi,15.8521,74.5045,2026-05-15 02:00:00,20.8,14.3,231.0,8.1,2.3,56.0,24.0,94,0.0,7.5
Belagavi,15.8521,74.5045,2026-05-15 03:00:00,20.6,14.2,229.0,8.7,2.1,51.0,23.6,95,0.0,5.1
Belagavi,15.8521,74.5045,2026-05-15 04:00:00,23.7,15.8,227.0,9.6,1.9,45.0,23.4,96,0.0,6.7
Belagavi,15.8521,74.5045,2026-05-15 05:00:00,18.9,12.3,224.0,6.9,3.2,68.0,22.1,95,0.0,18.2
Belagavi,15.8521,74.5045,2026-05-15 06:00:00,21.4,13.6,216.0,6.8,3.4,70.0,22.5,93,0.0,17.3
Belagavi,15.8521,74.5045,2026-05-15 07:00:00,25.8,15.5,206.0,6.6,3.6,74.0,24.1,76,0.0,13.0
Belagavi,15.8521,74.5045,2026-05-15 08:00:00,35.7,18.6,197.0,6.1,3.8,81.0,26.1,64,0.0,16.5
Belagavi,15.8521,74.5045,2026-05-15 09:00:00,39.3,19.5,192.0,4.8,4.0,95.0,27.4,57,0.0,16.9
Belagavi,15.8521,74.5045,2026-05-15 10:00:00,42.0,20.3,189.0,3.2,4.2,112.0,29.7,45,0.0,17.8
Belagavi,15.8521,74.5045,2026-05-15 11:00:00,43.1,20.9,186.0,2.0,4.3,126.0,31.0,42,0.0,19.6
Belagavi,15.8521,74.5045,2026-05-15 12:00:00,43.4,21.6,184.0,1.5,4.4,136.0,32.2,36,0.0,20.8
Belagavi,15.8521,74.5045,2026-05-15 13:00:00,45.1,22.8,182.0,1.4,4.4,142.0,33.1,31,0.0,19.0
Belagavi,15.8521,74.5045,2026-05-15 14:00:00,45.1,23.2,181.0,1.6,4.3,145.0,31.7,36,0.0,14.8
Belagavi,15.8521,74.5045,2026-05-15 15:00:00,43.0,22.6,181.0,1.9,4.2,143.0,31.7,40,0.0,12.6
Belagavi,15.8521,74.5045,2026-05-15 16:00:00,38.9,21.3,182.0,2.5,3.9,136.0,30.8,45,0.0,13.0
Belagavi,15.8521,74.5045,2026-05-15 17:00:00,34.7,19.6,186.0,3.9,3.5,122.0,31.5,39,0.0,12.5
Belagavi,15.8521,74.5045,2026-05-15 18:00:00,29.6,18.3,196.0,5.6,3.3,109.0,29.7,46,0.0,12.7
Belagavi,15.8521,74.5045,2026-05-15 19:00:00,25.1,18.0,209.0,8.1,3.0,90.0,28.2,52,0.0,9.5
Belagavi,15.8521,74.5045,2026-05-15 20:00:00,23.2,17.9,221.0,10.2,2.8,74.0,27.1,63,0.0,12.9
Belagavi,15.8521,74.5045,2026-05-15 21:00:00,22.6,18.2,230.0,11.7,2.7,63.0,26.1,76,0.0,12.0
Belagavi,15.8521,74.5045,2026-05-15 22:00:00,22.9,18.6,238.0,12.9,2.7,55.0,25.4,82,0.0,11.0
Belagavi,15.8521,74.5045,2026-05-15 23:00:00,24.2,19.8,242.0,13.9,2.7,49.0,24.9,88,0.0,9.8
Belagavi,15.8521,74.5045,2026-05-16 00:00:00,23.9,19.9,242.0,14.8,2.6,44.0,24.4,90,0.0,10.7
Belagavi,15.8521,74.5045,2026-05-16 01:00:00,24.3,20.3,239.0,15.5,2.6,41.0,24.1,89,0.0,11.0
Belagavi,15.8521,74.5045,2026-05-16 02:00:00,24.3,20.3,236.0,16.0,2.5,39.0,23.7,87,0.0,10.3
Belagavi,15.8521,74.5045,2026-05-16 03:00:00,24.4,20.2,237.0,16.6,2.3,35.0,23.4,87,0.0,10.5
Belagavi,15.8521,74.5045,2026-05-16 04:00:00,25.2,20.6,238.0,17.1,2.2,32.0,23.4,85,0.0,11.5
Belagavi,15.8521,74.5045,2026-05-16 05:00:00,30.9,26.1,235.0,22.0,2.8,25.0,23.4,92,0.0,9.4
Belagavi,15.8521,74.5045,2026-05-16 06:00:00,30.9,27.2,225.0,17.6,3.5,42.0,23.3,89,0.0,10.4
Belagavi,15.8521,74.5045,2026-05-16 07:00:00,29.2,22.5,212.0,11.4,4.4,67.0,25.5,70,0.0,10.5
Belagavi,15.8521,74.5045,2026-05-16 08:00:00,30.2,19.6,200.0,6.5,5.1,89.0,27.0,59,0.0,10.0
Belagavi,15.8521,74.5045,2026-05-16 09:00:00,31.2,19.1,192.0,4.1,5.3,107.0,29.3,50,0.0,9.9
Belagavi,15.8521,74.5045,2026-05-16 10:00:00,31.2,18.8,186.0,2.8,5.1,122.0,31.4,41,0.0,7.2
Belagavi,15.8521,74.5045,2026-05-16 11:00:00,29.7,18.2,183.0,2.1,5.0,134.0,33.6,33,0.0,9.2
Belagavi,15.8521,74.5045,2026-05-16 12:00:00,29.9,18.3,184.0,1.7,4.9,142.0,34.4,30,0.0,9.4
Belagavi,15.8521,74.5045,2026-05-16 13:00:00,32.5,19.2,187.0,1.7,4.7,146.0,35.5,28,0.0,7.1
Belagavi,15.8521,74.5045,2026-05-16 14:00:00,34.5,20.3,187.0,1.9,4.6,146.0,36.5,26,0.0,8.6
Belagavi,15.8521,74.5045,2026-05-16 15:00:00,37.1,21.8,182.0,2.2,4.6,143.0,35.5,28,0.1,5.3
Belagavi,15.8521,74.5045,2026-05-16 16:00:00,35.6,21.2,175.0,2.7,4.6,138.0,32.4,46,0.2,13.8
Belagavi,15.8521,74.5045,2026-05-16 17:00:00,41.0,23.9,169.0,3.3,4.8,137.0,29.6,57,0.2,21.1
Belagavi,15.8521,74.5045,2026-05-16 18:00:00,34.9,21.0,168.0,4.0,4.2,115.0,28.9,59,0.0,15.3
Belagavi,15.8521,74.5045,2026-05-16 19:00:00,27.1,17.8,168.0,4.9,3.3,84.0,26.9,76,0.0,16.3
Belagavi,15.8521,74.5045,2026-05-16 20:00:00,23.4,16.0,168.0,5.5,2.6,61.0,25.1,87,0.0,16.4
Belagavi,15.8521,74.5045,2026-05-16 21:00:00,18.7,13.1,163.0,5.2,2.2,52.0,24.5,89,0.0,15.1
Belagavi,15.8521,74.5045,2026-05-16 22:00:00,14.1,9.9,158.0,4.6,2.0,51.0,23.9,93,0.0,11.8
Belagavi,15.8521,74.5045,2026-05-16 23:00:00,13.8,9.3,158.0,4.4,1.8,50.0,23.9,91,0.0,15.6
Belagavi,15.8521,74.5045,2026-05-17 00:00:00,13.4,9.3,171.0,5.0,1.7,47.0,24.0,90,0.0,16.4
Belagavi,15.8521,74.5045,2026-05-17 01:00:00,14.3,9.8,190.0,6.0,1.6,44.0,23.8,90,0.0,15.6
Belagavi,15.8521,74.5045,2026-05-17 02:00:00,14.8,10.4,201.0,6.9,1.6,41.0,23.4,91,0.0,13.8
Belagavi,15.8521,74.5045,2026-05-17 03:00:00,15.1,10.7,197.0,7.8,1.6,37.0,23.4,91,0.0,12.8
Belagavi,15.8521,74.5045,2026-05-17 04:00:00,15.9,11.3,185.0,8.7,1.6,34.0,23.5,91,0.0,12.9
Belagavi,15.8521,74.5045,2026-05-17 05:00:00,16.1,10.6,175.0,7.2,1.8,42.0,23.9,91,0.0,13.9
Belagavi,15.8521,74.5045,2026-05-17 06:00:00,16.6,11.1,170.0,6.2,2.2,50.0,23.8,91,0.0,13.5
Belagavi,15.8521,74.5045,2026-05-17 07:00:00,19.0,11.6,167.0,4.8,2.8,61.0,25.3,82,0.0,12.7
Belagavi,15.8521,74.5045,2026-05-17 08:00:00,21.0,12.7,166.0,3.6,3.5,75.0,27.5,71,0.0,11.8
Belagavi,15.8521,74.5045,2026-05-17 09:00:00,23.6,14.5,170.0,2.7,4.4,92.0,30.1,59,0.0,11.4
Belagavi,15.8521,74.5045,2026-05-17 10:00:00,25.3,15.8,176.0,2.0,5.4,112.0,32.4,47,0.0,12.2
Belagavi,15.8521,74.5045,2026-05-17 11:00:00,26.2,16.6,181.0,1.5,6.0,127.0,32.1,45,0.0,13.6
Belagavi,15.8521,74.5045,2026-05-17 12:00:00,25.1,16.4,182.0,1.3,6.0,136.0,34.2,41,0.0,13.7
Belagavi,15.8521,74.5045,2026-05-17 13:00:00,25.1,16.5,182.0,1.3,5.5,141.0,34.6,39,0.1,14.4
Belagavi,15.8521,74.5045,2026-05-17 14:00:00,25.1,16.6,178.0,1.5,5.1,141.0,35.1,38,0.2,12.0
Belagavi,15.8521,74.5045,2026-05-17 15:00:00,25.3,16.7,168.0,1.8,4.8,134.0,35.5,29,0.1,9.3
Belagavi,15.8521,74.5045,2026-05-17 16:00:00,25.1,16.4,155.0,2.3,4.5,122.0,36.0,25,0.0,9.8
Belagavi,15.8521,74.5045,2026-05-17 17:00:00,23.2,15.7,146.0,3.7,4.5,123.0,31.9,43,0.0,16.1
Belagavi,15.8521,74.5045,2026-05-17 18:00:00,25.4,16.6,147.0,3.9,3.9,105.0,26.2,78,0.1,17.7
Belagavi,15.8521,74.5045,2026-05-17 19:00:00,25.7,16.6,152.0,4.2,3.1,80.0,26.7,84,0.0,13.8
Belagavi,15.8521,74.5045,2026-05-17 20:00:00,24.3,15.1,155.0,4.6,2.5,61.0,25.6,88,0.0,12.1
Belagavi,15.8521,74.5045,2026-05-17 21:00:00,24.3,14.5,153.0,5.1,2.4,54.0,25.3,89,0.0,10.2
Belagavi,15.8521,74.5045,2026-05-17 22:00:00,23.6,14.2,149.0,5.7,2.5,53.0,25.2,88,0.0,11.5
Belagavi,15.8521,74.5045,2026-05-17 23:00:00,22.6,13.9,146.0,6.3,2.6,52.0,24.2,83,0.0,8.2
Belagavi,15.8521,74.5045,2026-05-18 00:00:00,22.7,14.2,145.0,7.2,2.4,47.0,24.0,83,0.0,5.9
Belagavi,15.8521,74.5045,2026-05-18 01:00:00,23.6,14.8,146.0,8.1,2.2,42.0,23.8,86,0.0,6.1
Belagavi,15.8521,74.5045,2026-05-18 02:00:00,24.3,15.3,147.0,8.7,2.0,39.0,23.6,88,0.0,9.4
Belagavi,15.8521,74.5045,2026-05-18 03:00:00,25.0,16.0,148.0,8.6,1.8,38.0,23.1,94,0.0,12.1
Belagavi,15.8521,74.5045,2026-05-18 04:00:00,25.8,16.5,149.0,8.1,1.7,39.0,22.7,97,0.0,13.0
Belagavi,15.8521,74.5045,2026-05-18 05:00:00,23.0,14.1,151.0,6.8,2.5,50.0,23.3,98,0.0,13.1
Belagavi,15.8521,74.5045,2026-05-18 06:00:00,24.7,15.1,155.0,6.1,2.8,58.0,23.7,94,0.0,11.8
Belagavi,15.8521,74.5045,2026-05-18 07:00:00,27.0,15.5,160.0,5.1,3.3,69.0,25.1,84,0.0,10.1
Belagavi,15.8521,74.5045,2026-05-18 08:00:00,27.8,15.7,164.0,4.1,3.8,82.0,27.4,72,0.0,8.5
Belagavi,15.8521,74.5045,2026-05-18 09:00:00,27.9,15.9,165.0,3.2,4.2,97.0,30.5,57,0.0,8.6
Belagavi,15.8521,74.5045,2026-05-18 10:00:00,27.6,15.9,163.0,2.3,4.6,112.0,32.9,44,0.0,7.8
Belagavi,15.8521,74.5045,2026-05-18 11:00:00,26.7,15.8,163.0,1.7,4.9,125.0,32.4,47,0.0,5.7
Belagavi,15.8521,74.5045,2026-05-18 12:00:00,26.1,15.8,164.0,1.4,5.0,134.0,33.6,44,0.1,5.4
Belagavi,15.8521,74.5045,2026-05-18 13:00:00,24.8,15.6,167.0,1.3,4.9,141.0,34.8,40,0.0,6.2
Belagavi,15.8521,74.5045,2026-05-18 14:00:00,25.2,16.4,167.0,1.6,4.6,140.0,26.5,77,1.7,22.4
Belagavi,15.8521,74.5045,2026-05-18 15:00:00,26.3,17.5,165.0,2.4,4.1,129.0,25.5,92,1.0,11.3
Belagavi,15.8521,74.5045,2026-05-18 16:00:00,26.5,17.1,161.0,3.6,3.4,111.0,26.5,85,0.4,12.4
Belagavi,15.8521,74.5045,2026-05-18 17:00:00,25.3,18.5,157.0,7.5,3.4,100.0,28.5,70,0.0,10.5
Belagavi,15.8521,74.5045,2026-05-18 18:00:00,27.9,17.6,154.0,7.9,3.3,89.0,26.7,79,0.0,13.3
Belagavi,15.8521,74.5045,2026-05-18 19:00:00,27.7,17.4,150.0,8.5,3.2,74.0,25.7,86,0.0,12.2
Belagavi,15.8521,74.5045,2026-05-18 20:00:00,28.5,17.5,147.0,8.8,3.0,62.0,24.7,91,0.0,12.4
Belagavi,15.8521,74.5045,2026-05-18 21:00:00,30.2,17.5,143.0,8.7,2.9,55.0,24.5,91,0.0,13.2
Belagavi,15.8521,74.5045,2026-05-18 22:00:00,30.0,16.4,140.0,8.3,2.7,51.0,24.1,90,0.0,13.4
Belagavi,15.8521,74.5045,2026-05-18 23:00:00,28.5,15.3,136.0,7.6,2.5,49.0,23.6,92,0.0,12.7
Belagavi,15.8521,74.5045,2026-05-19 00:00:00,28.6,14.1,132.0,6.3,2.2,50.0,23.1,95,0.2,11.7
Belagavi,15.8521,74.5045,2026-05-19 01:00:00,27.8,12.9,129.0,4.7,1.9,52.0,22.8,97,1.3,17.9
Belagavi,15.8521,74.5045,2026-05-19 02:00:00,28.1,12.6,127.0,3.6,1.7,54.0,22.8,98,0.1,14.6
Belagavi,15.8521,74.5045,2026-05-19 03:00:00,29.4,12.8,128.0,3.7,1.6,53.0,22.6,97,0.0,11.6
Belagavi,15.8521,74.5045,2026-05-19 04:00:00,30.3,13.4,131.0,4.3,1.6,52.0,22.3,97,0.0,11.3
Belagavi,15.8521,74.5045,2026-05-19 05:00:00,31.9,13.7,134.0,3.9,1.9,59.0,23.4,94,0.0,12.5
Belagavi,15.8521,74.5045,2026-05-19 06:00:00,29.6,13.6,137.0,3.8,2.0,63.0,23.4,94,0.1,12.5
Belagavi,15.8521,74.5045,2026-05-19 07:00:00,32.7,14.3,140.0,3.6,2.2,70.0,23.9,92,0.3,12.9
Belagavi,15.8521,74.5045,2026-05-19 08:00:00,35.0,15.4,142.0,3.3,2.5,78.0,26.7,75,0.0,13.2
Belagavi,15.8521,74.5045,2026-05-19 09:00:00,36.9,17.0,140.0,2.7,2.9,91.0,28.1,68,0.0,13.4
Belagavi,15.8521,74.5045,2026-05-19 10:00:00,38.4,18.7,136.0,2.0,3.3,106.0,29.0,63,0.0,12.4
Belagavi,15.8521,74.5045,2026-05-19 11:00:00,40.0,20.4,135.0,1.6,3.5,116.0,29.7,57,0.0,11.8
Belagavi,15.8521,74.5045,2026-05-19 12:00:00,40.5,21.3,139.0,1.5,3.4,116.0,30.2,57,0.1,12.6
Belagavi,15.8521,74.5045,2026-05-19 13:00:00,40.6,21.8,146.0,1.7,3.1,110.0,30.4,57,0.1,12.6
Belagavi,15.8521,74.5045,2026-05-19 14:00:00,36.8,20.2,149.0,2.3,2.9,103.0,29.4,59,0.4,13.3
Belagavi,15.8521,74.5045,2026-05-19 15:00:00,31.2,17.9,145.0,3.7,2.7,95.0,28.6,64,0.7,14.6
Belagavi,15.8521,74.5045,2026-05-19 16:00:00,25.2,15.1,139.0,5.6,2.6,85.0,28.8,62,0.0,14.9
Belagavi,15.8521,74.5045,2026-05-19 17:00:00,38.0,19.7,135.0,5.6,2.6,81.0,26.6,76,0.0,15.7
Belagavi,15.8521,74.5045,2026-05-19 18:00:00,34.9,18.3,139.0,7.3,2.7,73.0,25.0,84,0.0,17.0
Belagavi,15.8521,74.5045,2026-05-19 19:00:00,32.5,17.9,145.0,9.6,2.9,63.0,24.0,88,0.0,11.9
Belagavi,15.8521,74.5045,2026-05-19 20:00:00,32.4,18.7,149.0,11.3,2.9,54.0,24.0,88,0.0,10.1
Belagavi,15.8521,74.5045,2026-05-19 21:00:00,35.0,19.4,146.0,11.9,2.7,49.0,23.9,88,0.0,8.7
Belagavi,15.8521,74.5045,2026-05-19 22:00:00,35.6,20.1,140.0,11.8,2.3,46.0,23.8,89,0.0,8.6
Belagavi,15.8521,74.5045,2026-05-19 23:00:00,38.2,21.1,136.0,11.1,2.0,45.0,23.3,93,0.0,9.9
Belagavi,15.8521,74.5045,2026-05-20 00:00:00,41.4,21.1,134.0,9.4,1.7,47.0,22.9,94,0.0,11.4
Belagavi,15.8521,74.5045,2026-05-20 01:00:00,42.8,21.2,134.0,7.2,1.5,51.0,23.0,92,0.0,11.4
Belagavi,15.8521,74.5045,2026-05-20 02:00:00,43.5,21.2,136.0,5.6,1.3,53.0,22.9,91,0.0,12.3
Belagavi,15.8521,74.5045,2026-05-20 03:00:00,43.3,21.2,142.0,5.5,1.3,51.0,22.7,92,0.0,12.5
Belagavi,15.8521,74.5045,2026-05-20 04:00:00,44.2,21.7,150.0,6.1,1.4,48.0,22.8,91,0.0,11.4
Belagavi,15.8521,74.5045,2026-05-20 05:00:00,39.8,18.0,154.0,5.4,2.8,55.0,22.6,93,0.0,10.2
Belagavi,15.8521,74.5045,2026-05-20 06:00:00,44.9,19.6,151.0,5.6,2.9,57.0,22.9,93,0.0,11.4
Belagavi,15.8521,74.5045,2026-05-20 07:00:00,42.8,18.7,144.0,5.9,3.1,61.0,24.3,85,0.0,13.5
Belagavi,15.8521,74.5045,2026-05-20 08:00:00,43.1,18.9,139.0,5.7,3.2,66.0,25.4,78,0.0,13.1
Belagavi,15.8521,74.5045,2026-05-20 09:00:00,46.8,21.0,138.0,4.7,3.0,73.0,28.0,65,0.0,12.4
Belagavi,15.8521,74.5045,2026-05-20 10:00:00,45.3,21.0,139.0,3.2,2.8,82.0,28.6,63,0.0,11.8
Belagavi,15.8521,74.5045,2026-05-20 11:00:00,42.7,20.3,140.0,2.1,2.6,90.0,29.1,60,0.0,11.0
Belagavi,15.8521,74.5045,2026-05-20 12:00:00,41.4,20.0,141.0,1.8,2.6,96.0,27.5,70,0.0,14.3
Belagavi,15.8521,74.5045,2026-05-20 13:00:00,40.5,20.1,143.0,1.8,2.7,102.0,28.7,63,0.0,13.3
Belagavi,15.8521,74.5045,2026-05-20 14:00:00,38.9,20.1,145.0,2.0,2.8,105.0,29.1,61,0.0,14.6
Belagavi,15.8521,74.5045,2026-05-20 15:00:00,36.7,19.6,149.0,2.2,2.8,106.0,28.6,64,0.2,14.0
Belagavi,15.8521,74.5045,2026-05-20 16:00:00,36.1,20.0,154.0,2.6,2.7,104.0,29.1,62,0.0,14.5
Belagavi,15.8521,74.5045,2026-05-20 17:00:00,29.9,17.0,156.0,3.6,2.3,86.0,26.1,84,0.1,13.5
Belagavi,15.8521,74.5045,2026-05-20 18:00:00,27.8,16.5,154.0,4.9,2.4,79.0,25.6,83,0.0,11.9
Belagavi,15.8521,74.5045,2026-05-20 19:00:00,26.7,16.2,149.0,6.7,2.6,70.0,24.5,91,0.0,12.0
Belagavi,15.8521,74.5045,2026-05-20 20:00:00,26.2,16.2,145.0,8.0,2.7,62.0,23.8,94,0.0,11.1
Belagavi,15.8521,74.5045,2026-05-20 21:00:00,25.4,15.9,145.0,8.4,2.7,58.0,23.4,96,0.0,9.9
Belagavi,15.8521,74.5045,2026-05-20 22:00:00,26.0,16.2,145.0,8.4,2.7,56.0,23.3,95,0.0,9.6
Belagavi,15.8521,74.5045,2026-05-20 23:00:00,26.7,16.2,144.0,8.1,2.6,54.0,23.3,96,0.0,9.2
Belagavi,15.8521,74.5045,2026-05-21 00:00:00,27.1,15.8,138.0,7.6,2.5,53.0,22.8,96,0.0,10.0
Belagavi,15.8521,74.5045,2026-05-21 01:00:00,27.4,15.7,131.0,6.8,2.4,53.0,22.4,98,0.0,10.0
Belagavi,15.8521,74.5045,2026-05-21 02:00:00,26.8,15.9,127.0,6.1,2.3,53.0,22.5,97,0.0,10.3
Belagavi,15.8521,74.5045,2026-05-21 03:00:00,26.4,15.7,131.0,5.4,2.4,54.0,22.5,96,0.0,10.7
Belagavi,15.8521,74.5045,2026-05-21 04:00:00,26.5,15.4,139.0,4.7,2.6,56.0,22.6,96,0.0,10.5
Belagavi,15.8521,74.5045,2026-05-21 05:00:00,27.9,16.1,144.0,5.2,2.7,56.0,23.3,94,0.0,10.1
Belagavi,15.8521,74.5045,2026-05-21 06:00:00,27.4,16.5,144.0,4.8,2.7,60.0,23.6,92,0.0,10.5
Belagavi,15.8521,74.5045,2026-05-21 07:00:00,23.9,13.4,142.0,4.2,2.7,65.0,24.0,90,0.0,9.3
Belagavi,15.8521,74.5045,2026-05-21 08:00:00,22.9,12.9,140.0,3.6,2.6,71.0,24.9,84,0.0,9.0
Belagavi,15.8521,74.5045,2026-05-21 09:00:00,21.0,12.1,136.0,2.8,2.4,78.0,27.1,71,0.0,9.8
Belagavi,15.8521,74.5045,2026-05-21 10:00:00,18.4,11.0,132.0,2.0,2.2,86.0,28.4,64,0.0,9.4
Belagavi,15.8521,74.5045,2026-05-21 11:00:00,18.1,11.1,131.0,1.4,2.0,93.0,30.0,57,0.0,8.3
Belagavi,15.8521,74.5045,2026-05-21 12:00:00,17.3,10.9,135.0,1.2,2.0,99.0,31.2,51,0.0,7.0
Belagavi,15.8521,74.5045,2026-05-21 13:00:00,18.2,11.6,141.0,1.2,2.1,105.0,31.8,47,0.0,8.1
Belagavi,15.8521,74.5045,2026-05-21 14:00:00,18.4,12.0,148.0,1.4,2.1,106.0,32.5,43,0.0,10.8
Belagavi,15.8521,74.5045,2026-05-21 15:00:00,16.6,11.4,156.0,1.9,2.1,101.0,32.1,45,0.0,12.6
Belagavi,15.8521,74.5045,2026-05-21 16:00:00,12.7,9.5,164.0,2.6,2.0,93.0,30.8,50,0.0,14.3
Belagavi,15.8521,74.5045,2026-05-21 17:00:00,10.1,7.5,169.0,2.8,1.9,87.0,28.4,66,0.0,15.1
Belagavi,15.8521,74.5045,2026-05-21 18:00:00,7.8,6.1,166.0,3.6,2.0,80.0,26.6,75,0.0,16.1
Belagavi,15.8521,74.5045,2026-05-21 19:00:00,6.6,5.5,160.0,4.7,2.1,70.0,25.3,81,0.0,14.7
Belagavi,15.8521,74.5045,2026-05-21 20:00:00,6.4,5.4,158.0,5.7,2.2,62.0,24.5,86,0.0,14.3
Belagavi,15.8521,74.5045,2026-05-21 21:00:00,6.6,5.7,164.0,6.6,2.3,56.0,23.9,90,0.0,13.3
Belagavi,15.8521,74.5045,2026-05-21 22:00:00,6.7,5.8,174.0,7.5,2.4,52.0,23.5,92,0.0,11.7
Belagavi,15.8521,74.5045,2026-05-21 23:00:00,7.1,6.3,180.0,8.0,2.4,48.0,23.4,92,0.0,11.5
Belagavi,15.8521,74.5045,2026-05-22 00:00:00,7.5,6.7,178.0,8.0,2.3,45.0,23.0,93,0.0,11.5
Belagavi,15.8521,74.5045,2026-05-22 01:00:00,7.9,7.1,171.0,7.7,2.1,43.0,22.7,94,0.0,11.3
Belagavi,15.8521,74.5045,2026-05-22 02:00:00,7.3,6.5,163.0,7.2,1.9,42.0,22.4,96,0.0,10.8
Belagavi,15.8521,74.5045,2026-05-22 03:00:00,7.7,6.8,154.0,6.5,1.6,42.0,22.3,97,0.0,11.2
Belagavi,15.8521,74.5045,2026-05-22 04:00:00,6.9,6.0,144.0,5.7,1.4,43.0,22.2,97,0.0,7.9
Belagavi,15.8521,74.5045,2026-05-22 05:00:00,3.9,3.2,138.0,3.7,1.8,51.0,22.1,96,0.0,8.6
Belagavi,15.8521,74.5045,2026-05-22 06:00:00,4.2,3.5,139.0,3.6,1.8,53.0,22.7,91,0.0,10.3
Belagavi,15.8521,74.5045,2026-05-22 07:00:00,4.5,3.6,145.0,3.3,1.7,55.0,23.1,89,0.0,8.3
Belagavi,15.8521,74.5045,2026-05-22 08:00:00,5.0,3.9,146.0,3.0,1.7,59.0,24.5,81,0.0,6.9
Belagavi,15.8521,74.5045,2026-05-22 09:00:00,5.5,4.2,139.0,2.4,1.6,65.0,27.5,65,0.0,9.3
Belagavi,15.8521,74.5045,2026-05-22 10:00:00,5.8,4.3,128.0,1.8,1.6,72.0,28.8,57,0.0,10.1
Belagavi,15.8521,74.5045,2026-05-22 11:00:00,6.6,4.7,121.0,1.3,1.5,78.0,27.3,67,0.0,6.8
Belagavi,15.8521,74.5045,2026-05-22 12:00:00,7.5,5.3,123.0,1.1,1.5,81.0,29.2,63,0.3,10.5
Belagavi,15.8521,74.5045,2026-05-22 13:00:00,8.2,5.7,129.0,1.2,1.5,83.0,30.8,57,0.1,9.3
Belagavi,15.8521,74.5045,2026-05-22 14:00:00,8.4,5.8,135.0,1.5,1.5,83.0,30.1,58,0.1,11.4
Belagavi,15.8521,74.5045,2026-05-22 15:00:00,11.8,8.0,140.0,2.1,1.5,82.0,27.8,73,0.9,8.5
Belagavi,15.8521,74.5045,2026-05-22 16:00:00,12.4,8.7,144.0,3.0,1.5,79.0,24.5,89,1.3,17.6
Belagavi,15.8521,74.5045,2026-05-22 17:00:00,17.2,11.9,149.0,4.2,1.8,75.0,26.7,77,0.2,13.7
Belagavi,15.8521,74.5045,2026-05-22 18:00:00,14.8,10.6,155.0,5.6,2.0,67.0,25.6,81,0.0,10.7
Belagavi,15.8521,74.5045,2026-05-22 19:00:00,13.6,10.6,162.0,7.5,2.2,57.0,24.5,88,0.0,10.3
Belagavi,15.8521,74.5045,2026-05-22 20:00:00,13.2,10.3,165.0,8.6,2.3,49.0,23.9,92,0.0,10.7
Belagavi,15.8521,74.5045,2026-05-22 21:00:00,12.4,9.7,164.0,8.4,2.3,46.0,23.5,94,0.0,7.8
Belagavi,15.8521,74.5045,2026-05-22 22:00:00,10.4,8.3,160.0,7.4,2.1,45.0,23.4,95,0.0,8.0
Belagavi,15.8521,74.5045,2026-05-22 23:00:00,8.8,7.1,153.0,6.5,2.0,45.0,23.1,96,0.0,9.2
Belagavi,15.8521,74.5045,2026-05-23 00:00:00,7.6,6.2,142.0,5.9,1.8,45.0,22.8,96,0.0,9.4
Belagavi,15.8521,74.5045,2026-05-23 01:00:00,7.1,5.8,130.0,5.5,1.7,44.0,22.6,97,0.0,11.5
Belagavi,15.8521,74.5045,2026-05-23 02:00:00,6.9,5.7,121.0,5.2,1.5,44.0,22.5,97,0.0,12.2
Belagavi,15.8521,74.5045,2026-05-23 03:00:00,7.2,6.1,120.0,5.4,1.4,42.0,22.4,98,0.0,11.5
Belagavi,15.8521,74.5045,2026-05-23 04:00:00,8.0,6.9,122.0,5.9,1.3,40.0,22.7,96,0.0,13.7
Belagavi,15.8521,74.5045,2026-05-23 05:00:00,3.0,2.7,125.0,4.0,1.6,49.0,23.5,93,0.0,14.3
Belagavi,15.8521,74.5045,2026-05-23 06:00:00,3.0,2.7,128.0,3.8,1.6,51.0,23.5,93,0.0,13.9
Belagavi,15.8521,74.5045,2026-05-23 07:00:00,3.0,2.5,131.0,3.6,1.6,54.0,24.4,87,0.0,16.5
Belagavi,15.8521,74.5045,2026-05-23 08:00:00,3.6,3.0,133.0,3.2,1.6,58.0,26.1,77,0.0,16.7
Belagavi,15.8521,74.5045,2026-05-23 09:00:00,3.9,3.1,132.0,2.6,1.6,65.0,28.0,67,0.0,15.4
Belagavi,15.8521,74.5045,2026-05-23 10:00:00,4.9,3.6,131.0,1.8,1.5,72.0,29.2,61,0.0,14.0
Belagavi,15.8521,74.5045,2026-05-23 11:00:00,6.7,4.6,131.0,1.3,1.5,79.0,27.3,66,0.0,9.0
Belagavi,15.8521,74.5045,2026-05-23 12:00:00,9.3,6.1,136.0,1.0,1.5,84.0,28.5,64,0.5,9.4
Belagavi,15.8521,74.5045,2026-05-23 13:00:00,9.5,6.4,143.0,1.0,1.6,87.0,31.1,56,0.1,8.8
Belagavi,15.8521,74.5045,2026-05-23 14:00:00,9.8,6.7,149.0,1.3,1.6,88.0,28.1,70,1.1,9.5
Belagavi,15.8521,74.5045,2026-05-23 15:00:00,10.0,7.0,149.0,2.1,1.6,84.0,24.8,83,2.0,17.6
Belagavi,15.8521,74.5045,2026-05-23 16:00:00,8.7,6.4,148.0,3.2,1.6,77.0,24.8,87,2.0,7.0
Belagavi,15.8521,74.5045,2026-05-23 17:00:00,10.4,7.7,153.0,3.2,1.6,73.0,26.6,79,0.4,14.0
Belagavi,15.8521,74.5045,2026-05-23 18:00:00,8.2,6.3,175.0,4.7,1.7,64.0,26.0,79,0.0,14.5
Belagavi,15.8521,74.5045,2026-05-23 19:00:00,7.1,5.7,204.0,6.8,1.8,52.0,24.8,87,0.0,12.1
Belagavi,15.8521,74.5045,2026-05-23 20:00:00,7.4,6.2,218.0,8.3,1.9,43.0,23.9,92,0.0,12.4
Belagavi,15.8521,74.5045,2026-05-23 21:00:00,6.6,5.6,201.0,8.8,1.9,39.0,23.4,96,0.0,12.0
Belagavi,15.8521,74.5045,2026-05-23 22:00:00,7.4,6.3,169.0,8.7,1.9,37.0,23.3,97,0.0,11.7
Belagavi,15.8521,74.5045,2026-05-23 23:00:00,7.3,6.2,144.0,8.4,1.9,36.0,23.0,97,0.0,8.9
Belagavi,15.8521,74.5045,2026-05-24 00:00:00,6.9,5.7,135.0,7.8,1.9,35.0,22.9,97,0.0,9.5
Belagavi,15.8521,74.5045,2026-05-24 01:00:00,6.9,5.6,134.0,6.9,1.8,35.0,22.8,97,0.0,11.1
Belagavi,15.8521,74.5045,2026-05-24 02:00:00,6.8,5.6,134.0,6.0,1.8,36.0,22.9,97,0.0,12.1
Belagavi,15.8521,74.5045,2026-05-24 03:00:00,6.8,5.6,135.0,5.1,1.8,37.0,22.9,97,0.0,11.9
Belagavi,15.8521,74.5045,2026-05-24 04:00:00,6.5,5.1,137.0,4.3,1.7,39.0,23.1,96,0.0,12.9
Belagavi,15.8521,74.5045,2026-05-24 05:00:00,6.0,4.9,139.0,5.0,2.2,39.0,21.5,93,0.0,8.1
Belagavi,15.8521,74.5045,2026-05-24 06:00:00,6.3,5.2,141.0,4.4,2.1,41.0,21.7,91,0.0,8.7
Belagavi,15.8521,74.5045,2026-05-24 07:00:00,5.4,4.3,142.0,3.5,1.9,44.0,22.6,86,0.0,10.8
Belagavi,15.8521,74.5045,2026-05-24 08:00:00,6.6,4.8,142.0,2.7,1.8,49.0,23.8,82,0.0,14.4
Belagavi,15.8521,74.5045,2026-05-24 09:00:00,9.5,6.4,138.0,2.1,1.7,58.0,26.2,70,0.0,16.2
Belagavi,15.8521,74.5045,2026-05-24 10:00:00,12.1,8.2,131.0,1.5,1.6,68.0,27.6,64,0.0,16.2
Belagavi,15.8521,74.5045,2026-05-24 11:00:00,13.1,8.9,128.0,1.1,1.5,76.0,27.6,61,0.0,14.9
Belagavi,15.8521,74.5045,2026-05-24 12:00:00,12.9,8.8,130.0,0.9,1.4,80.0,29.4,56,0.0,16.7
Belagavi,15.8521,74.5045,2026-05-24 13:00:00,13.6,9.4,135.0,0.8,1.3,82.0,30.7,51,0.0,16.6
Belagavi,15.8521,74.5045,2026-05-24 14:00:00,14.5,10.1,140.0,1.0,1.3,81.0,31.2,49,0.0,15.1
Belagavi,15.8521,74.5045,2026-05-24 15:00:00,13.6,9.9,141.0,1.4,1.3,77.0,31.3,49,0.0,15.7
Belagavi,15.8521,74.5045,2026-05-24 16:00:00,11.9,9.1,141.0,2.1,1.3,72.0,30.9,50,0.0,16.8
Belagavi,15.8521,74.5045,2026-05-24 17:00:00,5.6,4.4,146.0,2.2,1.3,71.0,27.9,63,0.0,17.4
Belagavi,15.8521,74.5045,2026-05-24 18:00:00,7.1,5.5,161.0,3.1,1.4,64.0,24.5,83,0.2,21.3
Belagavi,15.8521,74.5045,2026-05-24 19:00:00,9.0,7.2,181.0,4.5,1.5,55.0,22.9,89,0.0,13.1
Belagavi,15.8521,74.5045,2026-05-24 20:00:00,10.2,8.5,192.0,5.8,1.6,47.0,23.4,90,0.0,14.1
Belagavi,15.8521,74.5045,2026-05-24 21:00:00,11.0,9.4,186.0,7.2,1.7,41.0,23.2,92,0.0,13.8
Belagavi,15.8521,74.5045,2026-05-24 22:00:00,11.7,10.3,172.0,8.6,1.9,35.0,22.9,94,0.0,10.4
Belagavi,15.8521,74.5045,2026-05-24 23:00:00,11.9,10.5,163.0,9.3,1.9,32.0,22.8,96,0.0,9.0
Belagavi,15.8521,74.5045,2026-05-25 00:00:00,10.8,9.1,166.0,8.9,1.8,31.0,22.4,98,0.0,10.3
Belagavi,15.8521,74.5045,2026-05-25 01:00:00,10.1,8.4,175.0,7.8,1.6,32.0,22.2,98,0.0,11.5
Belagavi,15.8521,74.5045,2026-05-25 02:00:00,9.7,8.2,181.0,6.6,1.4,34.0,22.3,99,0.0,11.2
Belagavi,15.8521,74.5045,2026-05-25 03:00:00,9.7,7.9,183.0,5.5,1.3,36.0,22.8,98,0.0,13.0
Belagavi,15.8521,74.5045,2026-05-25 04:00:00,8.9,7.0,183.0,4.3,1.2,39.0,23.3,95,0.0,15.7
Belagavi,15.8521,74.5045,2026-05-25 05:00:00,8.3,6.3,180.0,3.2,1.1,43.0,23.1,98,0.0,11.6
Belagavi,15.8521,74.5045,2026-05-25 06:00:00,7.5,5.7,172.0,3.3,1.2,44.0,23.5,96,0.0,12.2
Belagavi,15.8521,74.5045,2026-05-25 07:00:00,7.3,5.4,162.0,3.4,1.3,46.0,24.0,92,0.0,11.9
Belagavi,15.8521,74.5045,2026-05-25 08:00:00,7.7,5.6,153.0,3.3,1.4,50.0,24.6,88,0.0,13.0
Belagavi,15.8521,74.5045,2026-05-25 09:00:00,8.9,6.0,148.0,2.7,1.4,59.0,25.8,82,0.1,15.0
Belagavi,15.8521,74.5045,2026-05-25 10:00:00,11.4,7.1,145.0,1.8,1.4,69.0,28.7,65,0.0,14.4
Belagavi,15.8521,74.5045,2026-05-25 11:00:00,12.2,7.6,142.0,1.2,1.4,78.0,29.1,63,0.0,11.9
Belagavi,15.8521,74.5045,2026-05-25 12:00:00,13.0,8.1,139.0,1.0,1.4,83.0,29.9,63,0.2,12.5
Belagavi,15.8521,74.5045,2026-05-25 13:00:00,13.2,8.3,136.0,1.0,1.3,86.0,30.9,58,0.1,11.6
Belagavi,15.8521,74.5045,2026-05-25 14:00:00,12.5,8.1,135.0,1.2,1.3,86.0,29.7,61,0.4,12.5
Belagavi,15.8521,74.5045,2026-05-25 15:00:00,10.9,7.5,134.0,1.6,1.3,83.0,30.2,58,0.1,13.3
Belagavi,15.8521,74.5045,2026-05-25 16:00:00,10.0,7.0,135.0,2.2,1.4,78.0,28.1,71,0.4,13.5
Belagavi,15.8521,74.5045,2026-05-25 17:00:00,11.1,8.4,138.0,4.4,1.5,71.0,28.1,69,0.0,18.6
Belagavi,15.8521,74.5045,2026-05-25 18:00:00,9.7,7.5,146.0,5.2,1.7,64.0,26.6,76,0.0,16.3
Belagavi,15.8521,74.5045,2026-05-25 19:00:00,9.1,7.2,157.0,6.3,2.0,53.0,25.2,84,0.0,16.1
Belagavi,15.8521,74.5045,2026-05-25 20:00:00,8.1,6.8,166.0,6.8,2.1,46.0,24.0,92,0.0,15.9
Belagavi,15.8521,74.5045,2026-05-25 21:00:00,7.4,6.2,173.0,6.1,1.9,44.0,24.0,92,0.0,13.2
Belagavi,15.8521,74.5045,2026-05-25 22:00:00,5.4,4.4,178.0,4.9,1.6,45.0,24.0,93,0.0,13.1
Belagavi,15.8521,74.5045,2026-05-25 23:00:00,4.4,3.5,180.0,4.0,1.4,45.0,23.7,96,0.0,12.7
Belagavi,15.8521,74.5045,2026-05-26 00:00:00,4.1,3.3,177.0,3.8,1.3,44.0,23.5,97,0.0,12.6
Belagavi,15.8521,74.5045,2026-05-26 01:00:00,4.1,3.4,170.0,4.0,1.2,42.0,23.3,96,0.0,12.5
Belagavi,15.8521,74.5045,2026-05-26 02:00:00,4.5,3.7,165.0,4.1,1.2,40.0,23.1,97,0.0,12.3
Belagavi,15.8521,74.5045,2026-05-26 03:00:00,5.7,4.8,165.0,4.1,1.1,39.0,22.9,98,0.0,13.0
Belagavi,15.8521,74.5045,2026-05-26 04:00:00,5.6,4.5,166.0,4.1,1.1,37.0,23.0,96,0.0,12.6
Belagavi,15.8521,74.5045,2026-05-26 05:00:00,3.5,3.0,165.0,3.7,1.4,41.0,23.4,94,0.0,10.5
Belagavi,15.8521,74.5045,2026-05-26 06:00:00,4.0,3.4,160.0,4.1,1.5,42.0,23.3,94,0.0,7.6
Belagavi,15.8521,74.5045,2026-05-26 07:00:00,4.6,3.9,153.0,4.6,1.7,43.0,24.7,85,0.0,9.9
Belagavi,15.8521,74.5045,2026-05-26 08:00:00,5.0,4.1,146.0,4.6,1.8,47.0,26.6,74,0.0,11.5
Belagavi,15.8521,74.5045,2026-05-26 09:00:00,5.5,4.1,141.0,3.7,1.7,56.0,28.6,64,0.0,11.3
Belagavi,15.8521,74.5045,2026-05-26 10:00:00,6.9,4.9,137.0,2.4,1.6,67.0,30.1,58,0.0,9.4
Belagavi,15.8521,74.5045,2026-05-26 11:00:00,8.4,5.8,134.0,1.5,1.5,76.0,30.0,60,0.0,8.4
Belagavi,15.8521,74.5045,2026-05-26 12:00:00,9.2,6.3,133.0,1.1,1.4,82.0,31.5,57,0.1,7.3
Belagavi,15.8521,74.5045,2026-05-26 13:00:00,9.7,6.7,133.0,1.1,1.3,85.0,32.3,51,0.1,6.9
Belagavi,15.8521,74.5045,2026-05-26 14:00:00,9.7,7.0,135.0,1.6,1.3,85.0,31.8,51,0.0,7.7
Belagavi,15.8521,74.5045,2026-05-26 15:00:00,9.5,7.0,141.0,2.6,1.3,80.0,29.2,61,0.1,11.8
Belagavi,15.8521,74.5045,2026-05-26 16:00:00,8.2,6.6,149.0,4.2,1.4,72.0,25.0,91,2.5,10.4
Belagavi,15.8521,74.5045,2026-05-26 17:00:00,8.8,7.1,155.0,4.3,1.5,75.0,27.8,76,0.3,14.2
Belagavi,15.8521,74.5045,2026-05-26 18:00:00,9.0,7.1,159.0,5.7,1.7,68.0,26.9,80,0.0,14.8
Belagavi,15.8521,74.5045,2026-05-26 19:00:00,9.4,8.1,162.0,7.6,2.1,58.0,25.4,88,0.0,13.0
Belagavi,15.8521,74.5045,2026-05-26 20:00:00,9.5,8.1,162.0,9.0,2.3,49.0,24.5,93,0.0,13.7
Belagavi,15.8521,74.5045,2026-05-26 21:00:00,9.4,8.1,159.0,9.5,2.4,43.0,24.2,94,0.0,15.0
Belagavi,15.8521,74.5045,2026-05-26 22:00:00,9.3,8.0,153.0,9.5,2.4,38.0,24.2,94,0.0,15.0
Belagavi,15.8521,74.5045,2026-05-26 23:00:00,8.6,7.4,150.0,8.9,2.3,36.0,24.3,93,0.0,15.9
Belagavi,15.8521,74.5045,2026-05-27 00:00:00,6.9,5.8,151.0,7.4,2.1,37.0,24.5,89,0.0,15.5
Belagavi,15.8521,74.5045,2026-05-27 01:00:00,6.4,5.2,153.0,5.4,1.9,40.0,23.7,94,0.0,12.7
Belagavi,15.8521,74.5045,2026-05-27 02:00:00,5.8,4.6,155.0,4.0,1.7,42.0,23.3,96,0.0,11.4
Belagavi,15.8521,74.5045,2026-05-27 03:00:00,5.5,4.4,156.0,4.0,1.7,40.0,23.1,97,0.0,11.3
Belagavi,15.8521,74.5045,2026-05-27 04:00:00,5.9,4.6,156.0,4.7,1.7,38.0,23.3,95,0.0,11.4
Belagavi,15.8521,74.5045,2026-05-27 05:00:00,5.8,4.7,154.0,5.3,1.8,36.0,22.8,96,0.0,8.5
Belagavi,15.8521,74.5045,2026-05-27 06:00:00,7.0,5.8,147.0,4.8,1.8,40.0,23.1,93,0.0,7.5
Belagavi,15.8521,74.5045,2026-05-27 07:00:00,7.4,5.7,138.0,4.0,1.9,46.0,24.6,84,0.0,6.8
Belagavi,15.8521,74.5045,2026-05-27 08:00:00,8.6,6.3,132.0,3.3,1.9,54.0,26.0,77,0.0,6.1
Belagavi,15.8521,74.5045,2026-05-27 09:00:00,10.0,6.9,131.0,2.6,1.9,64.0,27.8,69,0.0,5.4
Belagavi,15.8521,74.5045,2026-05-27 10:00:00,11.0,7.6,134.0,1.9,1.8,77.0,29.6,62,0.0,2.1
Belagavi,15.8521,74.5045,2026-05-27 11:00:00,12.4,8.5,136.0,1.5,1.8,86.0,28.4,64,0.0,9.7
Belagavi,15.8521,74.5045,2026-05-27 12:00:00,12.9,8.8,137.0,1.3,1.8,92.0,29.2,63,0.3,7.4
Belagavi,15.8521,74.5045,2026-05-27 13:00:00,13.5,9.1,137.0,1.4,1.7,95.0,31.0,54,0.1,3.1
Belagavi,15.8521,74.5045,2026-05-27 14:00:00,13.3,9.1,138.0,1.7,1.7,95.0,31.6,50,0.0,4.0
Belagavi,15.8521,74.5045,2026-05-27 15:00:00,12.7,8.9,140.0,2.2,1.7,90.0,30.8,52,0.0,8.3
Belagavi,15.8521,74.5045,2026-05-27 16:00:00,12.3,8.9,142.0,3.0,1.6,82.0,30.2,55,0.0,12.2
Belagavi,15.8521,74.5045,2026-05-27 17:00:00,19.2,13.6,146.0,3.4,1.8,82.0,29.6,58,0.0,12.2
Belagavi,15.8521,74.5045,2026-05-27 18:00:00,15.1,11.5,155.0,4.3,1.9,73.0,27.4,73,0.1,14.2
Belagavi,15.8521,74.5045,2026-05-27 19:00:00,12.6,10.0,166.0,5.5,2.0,61.0,25.7,84,0.0,15.3
Belagavi,15.8521,74.5045,2026-05-27 20:00:00,10.6,8.5,172.0,6.2,2.1,52.0,24.5,91,0.0,14.5
Belagavi,15.8521,74.5045,2026-05-27 21:00:00,9.6,7.9,171.0,6.0,2.0,49.0,23.9,95,0.0,13.5
Belagavi,15.8521,74.5045,2026-05-27 22:00:00,6.8,5.6,165.0,5.2,1.8,49.0,24.4,91,0.0,14.2
Belagavi,15.8521,74.5045,2026-05-27 23:00:00,5.2,4.2,159.0,4.6,1.6,49.0,24.1,91,0.0,14.6
Belagavi,15.8521,74.5045,2026-05-28 00:00:00,4.5,3.5,152.0,4.2,1.5,47.0,24.1,91,0.0,12.7
Belagavi,15.8521,74.5045,2026-05-28 01:00:00,4.6,3.7,143.0,4.0,1.4,46.0,23.4,96,0.0,11.2
Belagavi,15.8521,74.5045,2026-05-28 02:00:00,4.7,3.8,138.0,3.8,1.3,44.0,22.9,97,0.0,9.0
Belagavi,15.8521,74.5045,2026-05-28 03:00:00,5.4,4.4,139.0,3.8,1.2,42.0,22.6,98,0.0,9.4
Belagavi,15.8521,74.5045,2026-05-28 04:00:00,6.5,5.4,144.0,3.9,1.0,41.0,22.5,98,0.0,9.2
Belagavi,15.8521,74.5045,2026-05-28 05:00:00,4.7,3.7,146.0,3.7,1.6,43.0,22.7,99,0.0,10.9
Belagavi,15.8521,74.5045,2026-05-28 06:00:00,5.0,4.0,142.0,3.6,1.6,45.0,22.8,96,0.0,10.2
Belagavi,15.8521,74.5045,2026-05-28 07:00:00,4.4,3.5,136.0,3.3,1.6,47.0,24.3,86,0.0,12.6
Belagavi,15.8521,74.5045,2026-05-28 08:00:00,4.9,3.8,132.0,3.0,1.6,52.0,26.1,76,0.0,13.4
Belagavi,15.8521,74.5045,2026-05-28 09:00:00,5.8,4.2,131.0,2.4,1.5,60.0,28.2,64,0.0,13.2
Belagavi,15.8521,74.5045,2026-05-28 10:00:00,7.0,4.9,131.0,1.7,1.4,69.0,29.4,58,0.0,12.9
Belagavi,15.8521,74.5045,2026-05-28 11:00:00,8.1,5.5,132.0,1.2,1.3,77.0,31.0,55,0.0,11.9
Belagavi,15.8521,74.5045,2026-05-28 12:00:00,9.2,6.0,134.0,1.1,1.2,81.0,31.8,53,0.3,11.4
Belagavi,15.8521,74.5045,2026-05-28 13:00:00,10.0,6.4,137.0,1.1,1.2,84.0,32.1,52,0.1,9.7
Belagavi,15.8521,74.5045,2026-05-28 14:00:00,11.1,6.9,139.0,1.4,1.2,84.0,32.8,50,0.0,10.5
Belagavi,15.8521,74.5045,2026-05-28 15:00:00,11.1,7.1,138.0,1.8,1.3,82.0,28.8,68,0.7,18.0
Belagavi,15.8521,74.5045,2026-05-28 16:00:00,9.1,6.5,136.0,2.4,1.4,77.0,29.7,63,0.2,15.5
Belagavi,15.8521,74.5045,2026-05-28 17:00:00,5.4,4.5,135.0,3.3,1.4,68.0,28.7,65,0.4,18.8
Belagavi,15.8521,74.5045,2026-05-28 18:00:00,5.6,4.6,137.0,4.1,1.5,62.0,27.5,71,0.0,17.5
Belagavi,15.8521,74.5045,2026-05-28 19:00:00,6.3,5.2,141.0,5.3,1.7,53.0,25.6,82,0.0,18.6
Belagavi,15.8521,74.5045,2026-05-28 20:00:00,6.9,5.7,142.0,6.4,1.9,46.0,24.4,88,0.0,16.9
Belagavi,15.8521,74.5045,2026-05-28 21:00:00,7.6,6.3,138.0,7.4,2.1,41.0,23.9,92,0.0,15.0
Belagavi,15.8521,74.5045,2026-05-28 22:00:00,8.1,6.8,132.0,8.3,2.2,37.0,23.7,93,0.0,15.9
Belagavi,15.8521,74.5045,2026-05-28 23:00:00,8.8,7.6,126.0,8.7,2.2,34.0,23.7,94,0.0,16.8
Belagavi,15.8521,74.5045,2026-05-29 00:00:00,9.2,7.9,121.0,8.1,2.0,33.0,23.5,94,0.0,15.6
Belagavi,15.8521,74.5045,2026-05-29 01:00:00,9.0,7.4,118.0,7.0,1.7,34.0,23.2,95,0.0,13.6
Belagavi,15.8521,74.5045,2026-05-29 02:00:00,8.8,7.3,115.0,6.0,1.5,35.0,23.0,95,0.0,14.9
Belagavi,15.8521,74.5045,2026-05-29 03:00:00,8.2,6.5,114.0,5.4,1.4,35.0,23.0,94,0.0,15.8
Belagavi,15.8521,74.5045,2026-05-29 04:00:00,8.3,6.5,115.0,4.9,1.4,36.0,22.9,95,0.0,15.4
Belagavi,15.8521,74.5045,2026-05-29 05:00:00,7.8,6.3,117.0,5.7,2.4,36.0,22.7,98,0.0,14.1
Belagavi,15.8521,74.5045,2026-05-29 06:00:00,8.4,6.6,121.0,4.9,2.2,41.0,23.0,96,0.0,12.8
Belagavi,15.8521,74.5045,2026-05-29 07:00:00,8.1,6.0,125.0,3.7,2.0,48.0,24.2,88,0.0,12.2
Belagavi,15.8521,74.5045,2026-05-29 08:00:00,10.1,7.0,128.0,2.7,1.8,55.0,26.3,75,0.0,13.5
Belagavi,15.8521,74.5045,2026-05-29 09:00:00,12.1,8.2,127.0,2.0,1.6,63.0,28.3,65,0.0,14.0
Belagavi,15.8521,74.5045,2026-05-29 10:00:00,13.9,9.2,124.0,1.5,1.5,72.0,30.0,58,0.0,13.9
Belagavi,15.8521,74.5045,2026-05-29 11:00:00,15.6,9.9,123.0,1.2,1.4,79.0,31.0,54,0.0,13.0
Belagavi,15.8521,74.5045,2026-05-29 12:00:00,16.4,10.2,127.0,1.0,1.4,85.0,32.1,51,0.0,12.8
Belagavi,15.8521,74.5045,2026-05-29 13:00:00,16.3,10.2,132.0,1.0,1.4,90.0,32.7,48,0.0,13.8
Belagavi,15.8521,74.5045,2026-05-29 14:00:00,16.0,10.0,136.0,1.2,1.4,91.0,32.2,47,0.2,16.2
Belagavi,15.8521,74.5045,2026-05-29 15:00:00,14.8,9.6,134.0,1.5,1.4,86.0,30.2,50,0.1,17.7
Belagavi,15.8521,74.5045,2026-05-29 16:00:00,13.2,9.2,130.0,2.0,1.3,76.0,29.3,64,0.1,20.0
Belagavi,15.8521,74.5045,2026-05-29 17:00:00,19.5,12.9,129.0,2.3,1.3,71.0,28.6,68,0.0,18.3
Belagavi,15.8521,74.5045,2026-05-29 18:00:00,17.8,12.2,133.0,3.3,1.4,64.0,26.9,75,0.0,17.9
Belagavi,15.8521,74.5045,2026-05-29 19:00:00,14.7,10.9,139.0,4.7,1.6,55.0,25.6,82,0.0,18.6
Belagavi,15.8521,74.5045,2026-05-29 20:00:00,13.3,10.3,145.0,5.7,1.7,48.0,25.0,87,0.0,16.1
Belagavi,15.8521,74.5045,2026-05-29 21:00:00,10.7,8.4,151.0,5.9,1.7,45.0,24.5,90,0.0,13.2
Belagavi,15.8521,74.5045,2026-05-29 22:00:00,8.9,7.1,156.0,5.6,1.6,44.0,24.1,93,0.0,12.9
Belagavi,15.8521,74.5045,2026-05-29 23:00:00,8.0,6.4,160.0,5.1,1.5,44.0,23.9,95,0.0,15.0
Belagavi,15.8521,74.5045,2026-05-30 00:00:00,7.4,5.9,161.0,4.3,1.4,45.0,23.8,96,0.1,16.6
Belagavi,15.8521,74.5045,2026-05-30 01:00:00,6.0,4.8,160.0,3.4,1.3,47.0,24.0,95,0.2,15.0
Belagavi,15.8521,74.5045,2026-05-30 02:00:00,5.1,3.9,156.0,2.7,1.3,48.0,23.7,97,0.3,17.3
Belagavi,15.8521,74.5045,2026-05-30 03:00:00,4.4,3.5,148.0,2.6,1.3,48.0,23.5,97,0.2,15.8
Belagavi,15.8521,74.5045,2026-05-30 04:00:00,3.6,3.0,138.0,2.8,1.4,48.0,23.1,97,0.0,14.9
Belagavi,15.8521,74.5045,2026-05-30 05:00:00,2.7,2.2,130.0,2.8,1.6,51.0,23.0,98,0.0,13.9
Belagavi,15.8521,74.5045,2026-05-30 06:00:00,3.0,2.5,127.0,2.9,1.6,53.0,22.9,98,0.0,15.4
Belagavi,15.8521,74.5045,2026-05-30 07:00:00,3.8,3.1,127.0,3.0,1.6,55.0,24.1,90,0.0,15.7
Belagavi,15.8521,74.5045,2026-05-30 08:00:00,5.0,3.8,127.0,2.9,1.6,59.0,26.4,75,0.0,17.3
Belagavi,15.8521,74.5045,2026-05-30 09:00:00,6.7,4.8,125.0,2.4,1.5,65.0,28.4,64,0.0,17.9
Belagavi,15.8521,74.5045,2026-05-30 10:00:00,7.9,5.5,122.0,1.7,1.3,72.0,30.3,55,0.0,16.5
Belagavi,15.8521,74.5045,2026-05-30 11:00:00,8.7,6.0,121.0,1.2,1.2,77.0,31.4,53,0.0,12.8
Belagavi,15.8521,74.5045,2026-05-30 12:00:00,9.3,6.3,124.0,1.0,1.1,80.0,32.3,51,0.0,11.9
Belagavi,15.8521,74.5045,2026-05-30 13:00:00,10.0,6.8,128.0,1.0,1.1,81.0,32.9,49,0.0,12.8
Belagavi,15.8521,74.5045,2026-05-30 14:00:00,9.9,6.9,132.0,1.2,1.1,80.0,32.8,50,0.0,13.9
Belagavi,15.8521,74.5045,2026-05-30 15:00:00,10.0,7.2,133.0,1.6,1.1,76.0,29.8,60,1.4,17.1
Belagavi,15.8521,74.5045,2026-05-30 16:00:00,9.7,7.0,133.0,2.3,1.1,70.0,29.0,65,0.5,16.9
Belagavi,15.8521,74.5045,2026-05-30 17:00:00,13.1,9.5,135.0,2.5,1.1,71.0,27.9,69,0.2,18.0
Belagavi,15.8521,74.5045,2026-05-30 18:00:00,12.1,8.8,140.0,3.5,1.2,65.0,27.1,73,0.0,17.6
Belagavi,15.8521,74.5045,2026-05-30 19:00:00,11.6,8.8,146.0,4.9,1.4,57.0,25.1,86,0.0,16.3
Belagavi,15.8521,74.5045,2026-05-30 20:00:00,10.8,8.5,150.0,5.7,1.5,51.0,24.1,93,0.0,12.8
Belagavi,15.8521,74.5045,2026-05-30 21:00:00,10.0,7.9,151.0,5.6,1.6,49.0,23.7,95,0.0,12.5
Belagavi,15.8521,74.5045,2026-05-30 22:00:00,7.1,5.6,149.0,5.0,1.6,49.0,23.8,95,0.0,15.2
Belagavi,15.8521,74.5045,2026-05-30 23:00:00,6.1,4.8,146.0,4.3,1.6,49.0,24.0,93,0.0,15.3
Belagavi,15.8521,74.5045,2026-05-31 00:00:00,4.4,3.4,141.0,3.7,1.5,49.0,23.8,93,0.0,16.8
Belagavi,15.8521,74.5045,2026-05-31 01:00:00,4.0,3.1,135.0,3.0,1.4,50.0,23.3,95,0.0,17.7
Belagavi,15.8521,74.5045,2026-05-31 02:00:00,3.8,2.9,130.0,2.7,1.3,50.0,23.3,94,0.0,17.6
Belagavi,15.8521,74.5045,2026-05-31 03:00:00,3.4,2.7,129.0,3.0,1.3,48.0,23.2,93,0.0,16.5
Belagavi,15.8521,74.5045,2026-05-31 04:00:00,3.4,2.8,130.0,3.7,1.4,45.0,23.1,94,0.0,15.0
Belagavi,15.8521,74.5045,2026-05-31 05:00:00,4.4,3.2,130.0,2.9,1.5,51.0,23.2,93,0.0,13.5
Belagavi,15.8521,74.5045,2026-05-31 06:00:00,5.8,4.1,130.0,2.7,1.6,53.0,23.1,96,0.2,11.8
Belagavi,15.8521,74.5045,2026-05-31 07:00:00,8.0,5.4,129.0,2.5,1.7,57.0,24.3,88,0.0,12.4
Belagavi,15.8521,74.5045,2026-05-31 08:00:00,10.7,6.9,128.0,2.2,1.7,61.0,26.5,74,0.0,11.8
Belagavi,15.8521,74.5045,2026-05-31 09:00:00,12.5,7.7,126.0,1.8,1.6,68.0,28.3,65,0.0,12.3
Belagavi,15.8521,74.5045,2026-05-31 10:00:00,14.0,8.2,124.0,1.3,1.4,75.0,30.1,56,0.0,12.8
Belagavi,15.8521,74.5045,2026-05-31 11:00:00,16.6,9.0,123.0,1.0,1.3,81.0,31.1,50,0.0,12.4
Belagavi,15.8521,74.5045,2026-05-31 12:00:00,17.5,9.3,123.0,0.9,1.2,84.0,32.6,44,0.0,12.3
Belagavi,15.8521,74.5045,2026-05-31 13:00:00,18.9,9.7,123.0,0.9,1.2,84.0,33.0,43,0.0,12.9
Belagavi,15.8521,74.5045,2026-05-31 14:00:00,24.3,11.3,125.0,1.0,1.2,83.0,33.3,42,0.0,12.3
Belagavi,15.8521,74.5045,2026-05-31 15:00:00,20.2,10.4,127.0,1.1,1.2,80.0,31.0,50,0.4,14.2
Belagavi,15.8521,74.5045,2026-05-31 16:00:00,16.3,9.7,130.0,1.4,1.2,76.0,28.0,67,3.5,17.7
Belagavi,15.8521,74.5045,2026-05-31 17:00:00,20.0,10.8,135.0,2.1,1.2,81.0,29.5,58,0.7,17.4
Belagavi,15.8521,74.5045,2026-05-31 18:00:00,16.1,10.2,143.0,2.7,1.3,74.0,28.1,64,0.0,17.9
Belagavi,15.8521,74.5045,2026-05-31 19:00:00,14.2,10.2,154.0,3.7,1.5,65.0,26.9,69,0.0,16.0
Belagavi,15.8521,74.5045,2026-05-31 20:00:00,14.1,10.3,162.0,4.6,1.6,57.0,25.5,80,0.0,15.9
Belagavi,15.8521,74.5045,2026-05-31 21:00:00,13.5,10.2,167.0,5.4,1.7,51.0,24.8,86,0.0,14.6
Belagavi,15.8521,74.5045,2026-05-31 22:00:00,13.7,10.7,169.0,6.3,1.8,47.0,24.3,89,0.0,14.4
Belagavi,15.8521,74.5045,2026-05-31 23:00:00,14.1,11.2,170.0,7.2,1.8,42.0,24.0,93,0.0,14.1
Belagavi,15.8521,74.5045,2026-06-01 00:00:00,14.6,11.7,167.0,8.2,1.8,37.0,23.7,94,0.0,14.3
Belagavi,15.8521,74.5045,2026-06-01 01:00:00,15.1,12.1,163.0,9.3,1.7,33.0,23.3,94,0.0,12.9
Belagavi,15.8521,74.5045,2026-06-01 02:00:00,16.6,13.7,160.0,10.2,1.5,29.0,22.9,96,0.0,10.8
Belagavi,15.8521,74.5045,2026-06-01 03:00:00,17.9,15.0,163.0,11.1,1.2,26.0,22.6,99,0.0,9.1
Belagavi,15.8521,74.5045,2026-06-01 04:00:00,19.2,15.8,167.0,11.8,0.8,23.0,22.3,99,0.0,7.5
Belagavi,15.8521,74.5045,2026-06-01 05:00:00,16.2,12.7,168.0,8.0,1.1,33.0,22.7,100,0.0,5.6
Belagavi,15.8521,74.5045,2026-06-01 06:00:00,15.5,12.0,160.0,6.7,1.3,40.0,23.2,97,0.0,8.5
Belagavi,15.8521,74.5045,2026-06-01 07:00:00,12.7,9.0,149.0,5.0,1.6,49.0,24.8,85,0.0,10.6
Belagavi,15.8521,74.5045,2026-06-01 08:00:00,13.3,7.8,139.0,3.5,1.8,59.0,26.6,73,0.0,10.8
Belagavi,15.8521,74.5045,2026-06-01 09:00:00,17.5,8.4,134.0,2.5,1.8,70.0,28.5,62,0.0,9.8
Belagavi,15.8521,74.5045,2026-06-01 10:00:00,23.8,9.6,131.0,1.8,1.7,81.0,30.3,54,0.0,8.6
Belagavi,15.8521,74.5045,2026-06-01 11:00:00,31.3,11.1,130.0,1.3,1.6,90.0,31.1,49,0.0,2.7
Belagavi,15.8521,74.5045,2026-06-01 12:00:00,34.1,11.8,133.0,1.2,1.5,95.0,32.8,44,0.0,1.6
Belagavi,15.8521,74.5045,2026-06-01 13:00:00,35.5,12.1,138.0,1.4,1.5,97.0,33.0,42,0.0,6.2
Belagavi,15.8521,74.5045,2026-06-01 14:00:00,36.1,12.2,142.0,1.7,1.4,96.0,27.2,68,1.7,14.7
Belagavi,15.8521,74.5045,2026-06-01 15:00:00,32.8,12.8,143.0,2.0,1.4,91.0,27.8,61,0.5,18.8
Belagavi,15.8521,74.5045,2026-06-01 16:00:00,19.3,9.3,143.0,2.5,1.3,84.0,27.9,63,0.1,14.8
Belagavi,15.8521,74.5045,2026-06-01 17:00:00,14.8,7.3,145.0,3.1,1.6,84.0,27.8,65,0.0,13.3
Belagavi,15.8521,74.5045,2026-06-01 18:00:00,11.4,6.0,153.0,4.6,1.7,76.0,27.2,69,0.1,12.1
Belagavi,15.8521,74.5045,2026-06-01 19:00:00,10.6,6.5,162.0,6.7,1.8,64.0,25.8,77,0.0,14.1
Belagavi,15.8521,74.5045,2026-06-01 20:00:00,10.9,7.4,170.0,8.3,1.9,55.0,24.7,85,0.0,13.7
Belagavi,15.8521,74.5045,2026-06-01 21:00:00,11.4,8.2,173.0,8.8,1.9,50.0,24.0,90,0.0,13.9
Belagavi,15.8521,74.5045,2026-06-01 22:00:00,11.6,8.5,174.0,8.7,1.9,47.0,23.6,93,0.0,13.3
Belagavi,15.8521,74.5045,2026-06-01 23:00:00,11.6,8.7,173.0,8.7,1.8,44.0,23.6,94,0.0,14.0
Belagavi,15.8521,74.5045,2026-06-02 00:00:00,11.3,8.8,171.0,8.9,1.7,40.0,23.3,95,0.0,14.1
Belagavi,15.8521,74.5045,2026-06-02 01:00:00,11.7,9.3,168.0,9.0,1.5,36.0,23.1,94,0.0,13.5
Belagavi,15.8521,74.5045,2026-06-02 02:00:00,12.4,10.1,165.0,9.2,1.3,33.0,22.7,93,0.0,13.0
Belagavi,15.8521,74.5045,2026-06-02 03:00:00,13.1,10.8,165.0,9.6,1.0,30.0,22.4,94,0.0,10.8
Belagavi,15.8521,74.5045,2026-06-02 04:00:00,13.8,11.4,165.0,10.1,0.8,27.0,22.2,96,0.0,11.3
Belagavi,15.8521,74.5045,2026-06-02 05:00:00,14.4,12.1,163.0,11.6,1.5,26.0,22.5,94,0.0,11.6
Belagavi,15.8521,74.5045,2026-06-02 06:00:00,17.3,13.6,155.0,9.3,1.7,34.0,22.6,95,0.3,12.2
Belagavi,15.8521,74.5045,2026-06-02 07:00:00,15.4,10.0,145.0,6.1,2.0,46.0,23.5,90,0.1,14.0
Belagavi,15.8521,74.5045,2026-06-02 08:00:00,19.1,9.1,137.0,3.6,2.1,58.0,25.5,77,0.0,16.6
Belagavi,15.8521,74.5045,2026-06-02 09:00:00,24.5,9.8,134.0,2.3,2.0,69.0,27.3,67,0.0,11.6
Belagavi,15.8521,74.5045,2026-06-02 10:00:00,29.3,10.9,134.0,1.6,1.8,79.0,29.4,58,0.0,8.6
Belagavi,15.8521,74.5045,2026-06-02 11:00:00,33.2,11.9,135.0,1.2,1.7,87.0,30.8,51,0.0,8.2
Belagavi,15.8521,74.5045,2026-06-02 12:00:00,34.3,12.5,136.0,1.0,1.6,93.0,32.3,46,0.0,6.6
Belagavi,15.8521,74.5045,2026-06-02 13:00:00,33.3,12.7,137.0,1.1,1.6,97.0,31.8,47,0.0,6.6
Belagavi,15.8521,74.5045,2026-06-02 14:00:00,30.5,12.5,141.0,1.3,1.6,97.0,29.7,53,0.2,13.5
Belagavi,15.8521,74.5045,2026-06-02 15:00:00,25.8,11.8,150.0,1.6,1.7,93.0,26.0,72,0.7,20.7
Belagavi,15.8521,74.5045,2026-06-02 16:00:00,21.0,11.0,161.0,2.1,1.7,86.0,25.9,73,0.1,11.5
Belagavi,15.8521,74.5045,2026-06-02 17:00:00,24.1,11.4,168.0,3.6,1.8,70.0,27.9,65,0.0,18.1
Belagavi,15.8521,74.5045,2026-06-02 18:00:00,21.8,10.8,168.0,4.3,1.8,64.0,26.2,75,0.0,17.6
Belagavi,15.8521,74.5045,2026-06-02 19:00:00,20.8,10.7,163.0,5.3,1.8,55.0,24.6,84,0.0,18.2
Belagavi,15.8521,74.5045,2026-06-02 20:00:00,21.0,10.7,155.0,6.3,1.9,48.0,23.5,88,0.0,12.0
Belagavi,15.8521,74.5045,2026-06-02 21:00:00,22.4,11.5,143.0,7.3,2.0,43.0,23.1,88,0.0,10.5
Belagavi,15.8521,74.5045,2026-06-02 22:00:00,23.5,12.5,128.0,8.3,2.2,38.0,22.8,90,0.0,10.4
Belagavi,15.8521,74.5045,2026-06-02 23:00:00,23.3,12.6,118.0,8.5,2.3,36.0,22.9,91,0.0,11.7
Belagavi,15.8521,74.5045,2026-06-03 00:00:00,21.5,11.8,116.0,7.3,2.2,37.0,22.4,93,0.0,10.2
Belagavi,15.8521,74.5045,2026-06-03 01:00:00,19.8,9.9,119.0,5.4,1.9,40.0,22.4,94,0.0,10.7
Belagavi,15.8521,74.5045,2026-06-03 02:00:00,14.7,7.3,121.0,4.0,1.8,43.0,22.3,95,0.0,8.0
Belagavi,15.8521,74.5045,2026-06-03 03:00:00,11.4,5.6,120.0,3.7,1.8,43.0,22.4,93,0.0,5.0
Belagavi,15.8521,74.5045,2026-06-03 04:00:00,10.6,5.4,119.0,3.8,1.9,43.0,21.8,96,0.0,6.4
Belagavi,15.8521,74.5045,2026-06-03 05:00:00,11.4,5.9,119.0,3.5,1.9,47.0,22.8,89,0.0,9.2
Belagavi,15.8521,74.5045,2026-06-03 06:00:00,11.8,6.1,120.0,3.6,2.0,49.0,22.7,91,0.1,9.1
Belagavi,15.8521,74.5045,2026-06-03 07:00:00,12.5,6.2,122.0,3.7,2.1,53.0,23.3,88,0.0,8.6
Belagavi,15.8521,74.5045,2026-06-03 08:00:00,15.3,6.9,124.0,3.5,2.2,58.0,24.8,78,0.0,8.7
Belagavi,15.8521,74.5045,2026-06-03 09:00:00,21.1,8.6,125.0,2.8,2.1,66.0,25.7,75,0.1,9.4
Belagavi,15.8521,74.5045,2026-06-03 10:00:00,26.0,10.3,126.0,1.9,1.9,76.0,25.7,76,0.4,9.0
Belagavi,15.8521,74.5045,2026-06-03 11:00:00,25.6,10.4,126.0,1.3,1.8,83.0,23.2,92,0.4,3.1
Belagavi,15.8521,74.5045,2026-06-03 12:00:00,23.2,9.9,124.0,1.1,1.8,86.0,24.6,85,0.5,13.3
Belagavi,15.8521,74.5045,2026-06-03 13:00:00,19.8,9.1,122.0,1.2,1.9,87.0,22.8,89,1.6,8.0
Belagavi,15.8521,74.5045,2026-06-03 14:00:00,15.8,7.9,125.0,1.4,1.9,86.0,26.1,68,0.1,9.7
Belagavi,15.8521,74.5045,2026-06-03 15:00:00,12.6,6.7,137.0,1.7,1.9,84.0,28.1,58,0.0,9.6
Belagavi,15.8521,74.5045,2026-06-03 16:00:00,10.9,5.9,154.0,2.2,1.8,81.0,28.3,57,0.0,9.3
Belagavi,15.8521,74.5045,2026-06-03 17:00:00,25.9,11.4,165.0,2.6,1.9,80.0,24.6,86,0.0,9.9
Belagavi,15.8521,74.5045,2026-06-03 18:00:00,22.6,10.9,164.0,3.8,2.1,73.0,25.2,76,0.2,11.1
Belagavi,15.8521,74.5045,2026-06-03 19:00:00,19.7,10.6,157.0,5.5,2.3,63.0,23.6,85,0.1,13.2
Belagavi,15.8521,74.5045,2026-06-03 20:00:00,18.6,10.6,149.0,7.0,2.5,55.0,23.1,89,0.0,11.0
Belagavi,15.8521,74.5045,2026-06-03 21:00:00,17.9,10.6,143.0,8.0,2.7,50.0,22.8,91,0.0,11.1
Belagavi,15.8521,74.5045,2026-06-03 22:00:00,17.8,11.1,137.0,8.7,2.9,46.0,22.4,94,0.0,9.9
Belagavi,15.8521,74.5045,2026-06-03 23:00:00,18.0,11.2,131.0,9.2,2.9,43.0,22.4,94,0.0,11.0
Belagavi,15.8521,74.5045,2026-06-04 00:00:00,17.9,11.4,125.0,9.3,2.7,40.0,22.0,94,0.0,10.0
Belagavi,15.8521,74.5045,2026-06-04 01:00:00,18.6,11.6,120.0,9.2,2.3,37.0,21.8,94,0.0,8.3
Belagavi,15.8521,74.5045,2026-06-04 02:00:00,20.0,12.4,116.0,9.0,2.0,35.0,21.4,96,0.0,7.0
Belagavi,15.8521,74.5045,2026-06-04 03:00:00,21.4,12.8,113.0,9.0,1.7,33.0,21.2,97,0.0,7.0
Belagavi,15.8521,74.5045,2026-06-04 04:00:00,21.7,13.1,111.0,8.9,1.5,31.0,21.4,95,0.0,8.1
Belagavi,15.8521,74.5045,2026-06-04 05:00:00,22.2,12.2,110.0,7.5,1.5,34.0,21.6,98,0.0,8.2
Belagavi,15.8521,74.5045,2026-06-04 06:00:00,20.3,10.3,112.0,6.2,1.6,39.0,21.7,97,0.0,9.5
Belagavi,15.8521,74.5045,2026-06-04 07:00:00,14.1,6.2,115.0,4.5,1.7,47.0,23.4,85,0.0,12.5
Belagavi,15.8521,74.5045,2026-06-04 08:00:00,9.0,4.3,117.0,3.0,1.8,54.0,25.3,74,0.0,12.6
Belagavi,15.8521,74.5045,2026-06-04 09:00:00,7.7,3.8,115.0,2.1,1.7,61.0,26.9,65,0.2,11.7
Belagavi,15.8521,74.5045,2026-06-04 10:00:00,7.5,3.8,111.0,1.5,1.6,68.0,28.2,59,0.2,11.4
Belagavi,15.8521,74.5045,2026-06-04 11:00:00,7.9,4.0,109.0,1.2,1.5,72.0,28.3,61,0.4,9.8
Belagavi,15.8521,74.5045,2026-06-04 12:00:00,7.7,4.1,111.0,1.1,1.4,72.0,28.8,61,0.4,5.3
Belagavi,15.8521,74.5045,2026-06-04 13:00:00,8.7,4.5,115.0,1.3,1.3,70.0,30.7,52,0.1,3.0
Belagavi,15.8521,74.5045,2026-06-04 14:00:00,9.5,5.0,119.0,1.7,1.3,68.0,23.9,84,1.8,22.2
Belagavi,15.8521,74.5045,2026-06-04 15:00:00,7.5,4.8,121.0,2.3,1.3,66.0,23.9,93,4.6,7.9
Belagavi,15.8521,74.5045,2026-06-04 16:00:00,6.0,4.1,122.0,3.1,1.3,64.0,24.1,92,0.8,10.1
Belagavi,15.8521,74.5045,2026-06-04 17:00:00,9.8,5.6,124.0,3.3,1.6,65.0,25.5,77,0.1,15.6
Belagavi,15.8521,74.5045,2026-06-04 18:00:00,8.9,5.6,129.0,4.6,1.8,60.0,24.2,82,0.0,11.7
Belagavi,15.8521,74.5045,2026-06-04 19:00:00,8.8,6.2,134.0,6.5,2.1,53.0,23.4,87,0.0,10.9
Belagavi,15.8521,74.5045,2026-06-04 20:00:00,9.1,6.6,137.0,7.8,2.3,47.0,23.0,89,0.0,9.6
Belagavi,15.8521,74.5045,2026-06-04 21:00:00,9.0,6.6,134.0,8.2,2.3,44.0,22.5,92,0.0,9.9
Belagavi,15.8521,74.5045,2026-06-04 22:00:00,9.0,6.7,128.0,8.0,2.2,42.0,22.4,93,0.0,10.5
Belagavi,15.8521,74.5045,2026-06-04 23:00:00,9.1,6.9,122.0,7.4,2.0,42.0,22.6,93,0.0,9.7
Belagavi,15.8521,74.5045,2026-06-05 00:00:00,8.9,6.6,117.0,6.3,1.7,43.0,22.5,93,0.0,8.8
Belagavi,15.8521,74.5045,2026-06-05 01:00:00,8.9,6.4,112.0,4.8,1.3,46.0,22.1,95,0.0,8.7
Belagavi,15.8521,74.5045,2026-06-05 02:00:00,8.0,5.3,109.0,3.7,1.1,48.0,22.0,95,0.0,8.3
Belagavi,15.8521,74.5045,2026-06-05 03:00:00,5.6,3.6,110.0,3.2,1.1,49.0,22.4,92,0.0,10.4
Belagavi,15.8521,74.5045,2026-06-05 04:00:00,4.8,3.1,112.0,2.9,1.3,50.0,22.5,91,0.0,10.7
Belagavi,15.8521,74.5045,2026-06-05 05:00:00,3.8,2.5,116.0,2.3,1.3,53.0,22.9,90,0.0,8.0
Belagavi,15.8521,74.5045,2026-06-05 06:00:00,3.5,2.4,121.0,2.8,1.5,53.0,22.9,90,0.0,6.6
Belagavi,15.8521,74.5045,2026-06-05 07:00:00,4.0,2.8,126.0,3.5,1.7,53.0,24.0,84,0.0,8.1
Belagavi,15.8521,74.5045,2026-06-05 08:00:00,5.0,3.4,129.0,3.8,1.8,55.0,25.4,75,0.0,6.1
Belagavi,15.8521,74.5045,2026-06-05 09:00:00,5.2,3.6,127.0,3.3,1.8,60.0,27.8,64,0.0,8.6
Belagavi,15.8521,74.5045,2026-06-05 10:00:00,6.4,4.1,122.0,2.4,1.8,67.0,29.4,57,0.0,6.7
Belagavi,15.8521,74.5045,2026-06-05 11:00:00,7.8,4.7,119.0,1.8,1.7,72.0,28.8,59,0.0,4.7
Belagavi,15.8521,74.5045,2026-06-05 12:00:00,8.7,5.1,120.0,1.6,1.6,75.0,30.3,53,0.0,5.5
Belagavi,15.8521,74.5045,2026-06-05 13:00:00,9.5,5.5,124.0,1.6,1.5,78.0,27.2,66,0.1,14.1
Belagavi,15.8521,74.5045,2026-06-05 14:00:00,10.1,5.7,127.0,1.8,1.4,78.0,28.4,62,0.2,12.1
Belagavi,15.8521,74.5045,2026-06-05 15:00:00,10.5,6.3,130.0,2.2,1.4,76.0,27.6,65,0.3,14.1
Belagavi,15.8521,74.5045,2026-06-05 16:00:00,7.9,5.3,134.0,2.7,1.5,72.0,26.5,71,0.1,17.1
Belagavi,15.8521,74.5045,2026-06-05 17:00:00,13.1,7.5,137.0,3.0,1.6,69.0,25.5,79,0.0,17.2
Belagavi,15.8521,74.5045,2026-06-05 18:00:00,12.1,7.4,139.0,3.8,1.7,65.0,24.5,82,0.0,15.5
Belagavi,15.8521,74.5045,2026-06-05 19:00:00,10.8,7.0,140.0,4.9,1.9,59.0,23.5,87,0.0,15.0
Belagavi,15.8521,74.5045,2026-06-05 20:00:00,8.9,5.8,139.0,5.6,2.0,54.0,23.1,91,0.0,16.6
Belagavi,15.8521,74.5045,2026-06-05 21:00:00,7.5,5.0,136.0,5.4,1.9,52.0,23.3,91,0.0,17.4
Belagavi,15.8521,74.5045,2026-06-05 22:00:00,7.1,4.7,132.0,4.7,1.7,51.0,23.3,91,0.0,16.2
Belagavi,15.8521,74.5045,2026-06-05 23:00:00,6.5,4.3,127.0,4.1,1.5,51.0,23.4,90,0.0,12.5
Belagavi,15.8521,74.5045,2026-06-06 00:00:00,5.2,3.5,121.0,3.7,1.5,51.0,22.9,93,0.0,12.0
Belagavi,15.8521,74.5045,2026-06-06 01:00:00,4.7,3.2,115.0,3.3,1.5,50.0,22.9,92,0.0,11.2
Belagavi,15.8521,74.5045,2026-06-06 02:00:00,4.8,3.2,111.0,3.0,1.5,50.0,22.9,91,0.0,10.2
Belagavi,15.8521,74.5045,2026-06-06 03:00:00,5.0,3.2,109.0,2.9,1.5,49.0,22.8,92,0.0,10.5
Belagavi,15.8521,74.5045,2026-06-06 04:00:00,5.2,3.3,108.0,3.0,1.6,48.0,22.9,90,0.0,11.0
Belagavi,15.8521,74.5045,2026-06-06 05:00:00,6.0,4.0,109.0,2.8,1.1,49.0,23.5,91,0.0,8.9
Belagavi,15.8521,74.5045,2026-06-06 06:00:00,6.5,4.1,111.0,3.8,1.3,48.0,23.2,94,0.0,8.5
Belagavi,15.8521,74.5045,2026-06-06 07:00:00,7.5,4.6,113.0,5.0,1.5,47.0,24.6,86,0.0,10.6
Belagavi,15.8521,74.5045,2026-06-06 08:00:00,10.5,6.4,116.0,5.5,1.7,50.0,26.8,72,0.0,10.6
Belagavi,15.8521,74.5045,2026-06-06 09:00:00,9.7,5.5,118.0,4.5,1.8,59.0,28.6,64,0.0,8.4
Belagavi,15.8521,74.5045,2026-06-06 10:00:00,13.0,7.0,121.0,2.7,1.8,72.0,28.9,61,0.1,7.9
Belagavi,15.8521,74.5045,2026-06-06 11:00:00,14.5,7.7,123.0,1.4,1.8,81.0,30.9,54,0.2,7.6
Belagavi,15.8521,74.5045,2026-06-06 12:00:00,16.2,8.6,126.0,1.1,1.7,85.0,31.9,49,0.1,7.6
Belagavi,15.8521,74.5045,2026-06-06 13:00:00,18.3,9.4,129.0,1.4,1.6,85.0,23.7,85,2.3,18.6
Belagavi,15.8521,74.5045,2026-06-06 14:00:00,21.5,11.1,132.0,1.8,1.5,84.0,24.5,89,3.4,4.7
Belagavi,15.8521,74.5045,2026-06-06 15:00:00,14.7,8.6,134.0,2.4,1.5,81.0,22.9,92,1.4,15.9
Belagavi,15.8521,74.5045,2026-06-06 16:00:00,8.4,5.8,135.0,3.2,1.5,76.0,24.9,85,0.7,12.6
Belagavi,15.8521,74.5045,2026-06-06 17:00:00,13.3,7.9,138.0,3.8,1.8,80.0,25.6,79,0.3,18.1
Belagavi,15.8521,74.5045,2026-06-06 18:00:00,12.2,8.2,146.0,5.1,1.8,75.0,24.4,86,0.3,14.2
Belagavi,15.8521,74.5045,2026-06-06 19:00:00,12.3,8.4,155.0,6.8,1.7,67.0,23.2,95,0.5,14.3
Belagavi,15.8521,74.5045,2026-06-06 20:00:00,8.7,6.2,159.0,7.9,1.7,61.0,23.0,96,0.1,13.3
Belagavi,15.8521,74.5045,2026-06-06 21:00:00,6.2,4.8,152.0,7.7,1.8,57.0,22.9,95,0.0,13.2
Belagavi,15.8521,74.5045,2026-06-06 22:00:00,4.8,4.0,138.0,6.8,1.8,55.0,22.7,95,0.0,14.3
Belagavi,15.8521,74.5045,2026-06-06 23:00:00,4.4,3.6,126.0,5.9,1.8,53.0,22.4,96,0.0,13.8
Belagavi,15.8521,74.5045,2026-06-07 00:00:00,4.7,3.5,116.0,5.0,1.5,52.0,22.0,96,0.0,12.3
Belagavi,15.8521,74.5045,2026-06-07 01:00:00,5.7,4.0,108.0,4.1,1.2,51.0,22.0,96,0.0,11.0
Belagavi,15.8521,74.5045,2026-06-07 02:00:00,6.8,4.7,103.0,3.4,0.9,50.0,21.7,98,0.0,10.2
Belagavi,15.8521,74.5045,2026-06-07 03:00:00,8.0,5.5,104.0,3.0,0.8,50.0,21.8,98,0.0,11.1
Belagavi,15.8521,74.5045,2026-06-07 04:00:00,8.0,5.4,109.0,2.8,0.8,50.0,21.9,98,0.0,9.1
Belagavi,15.8521,74.5045,2026-06-07 05:00:00,2.9,2.7,115.0,3.4,1.3,50.0,23.1,89,0.0,11.3
Belagavi,15.8521,74.5045,2026-06-07 06:00:00,3.2,2.8,121.0,3.6,1.3,49.0,23.0,92,0.2,9.4
Belagavi,15.8521,74.5045,2026-06-07 07:00:00,3.8,3.2,127.0,3.9,1.2,48.0,23.6,89,0.0,11.9
Belagavi,15.8521,74.5045,2026-06-07 08:00:00,6.0,4.1,130.0,4.0,1.2,48.0,24.4,83,0.0,11.6
Belagavi,15.8521,74.5045,2026-06-07 09:00:00,8.6,5.2,127.0,3.6,1.3,50.0,25.5,77,0.0,11.9
Belagavi,15.8521,74.5045,2026-06-07 10:00:00,9.0,5.2,121.0,3.1,1.4,53.0,26.9,70,0.0,11.7
Belagavi,15.8521,74.5045,2026-06-07 11:00:00,9.4,5.3,117.0,2.6,1.5,56.0,27.7,68,0.0,11.4
Belagavi,15.8521,74.5045,2026-06-07 12:00:00,10.3,5.3,117.0,2.4,1.5,58.0,28.1,66,0.2,10.4
Belagavi,15.8521,74.5045,2026-06-07 13:00:00,11.2,5.6,118.0,2.4,1.5,59.0,30.4,55,0.1,8.8
Belagavi,15.8521,74.5045,2026-06-07 14:00:00,12.8,6.3,123.0,2.4,1.5,60.0,25.6,75,0.2,18.3
Belagavi,15.8521,74.5045,2026-06-07 15:00:00,15.1,7.2,134.0,2.5,1.5,61.0,23.4,100,3.7,13.1
Belagavi,15.8521,74.5045,2026-06-07 16:00:00,16.4,7.8,149.0,2.7,1.4,62.0,22.4,96,2.4,17.9
Belagavi,15.8521,74.5045,2026-06-07 17:00:00,13.9,8.1,157.0,5.5,1.4,64.0,23.5,90,1.7,18.1
Belagavi,15.8521,74.5045,2026-06-07 18:00:00,7.5,5.0,154.0,6.1,1.4,59.0,23.0,90,0.0,15.4
Belagavi,15.8521,74.5045,2026-06-07 19:00:00,4.8,4.1,146.0,6.8,1.5,53.0,22.4,95,0.2,14.4
Belagavi,15.8521,74.5045,2026-06-07 20:00:00,3.4,3.2,138.0,7.3,1.5,47.0,22.4,98,1.1,14.6
Belagavi,15.8521,74.5045,2026-06-07 21:00:00,3.1,2.9,134.0,7.3,1.5,44.0,22.3,98,0.8,14.6
Belagavi,15.8521,74.5045,2026-06-07 22:00:00,3.1,3.0,131.0,7.0,1.5,42.0,22.3,98,0.1,15.5
Belagavi,15.8521,74.5045,2026-06-07 23:00:00,2.8,2.7,127.0,6.6,1.5,40.0,21.9,98,0.0,11.5
Belagavi,15.8521,74.5045,2026-06-08 00:00:00,2.5,2.4,121.0,6.2,1.4,39.0,21.6,98,0.0,12.5
Belagavi,15.8521,74.5045,2026-06-08 01:00:00,2.8,2.6,115.0,5.7,1.3,38.0,21.6,97,0.0,11.2
Belagavi,15.8521,74.5045,2026-06-08 02:00:00,3.0,2.8,111.0,5.4,1.3,37.0,21.4,97,0.0,14.7
Belagavi,15.8521,74.5045,2026-06-08 03:00:00,2.4,2.2,110.0,5.4,1.4,36.0,21.6,97,0.0,14.4
Belagavi,15.8521,74.5045,2026-06-08 04:00:00,2.4,2.2,111.0,5.5,1.7,36.0,21.8,96,0.0,11.9
Belagavi,15.8521,74.5045,2026-06-08 05:00:00,2.6,2.1,113.0,5.0,1.2,41.0,22.6,98,0.0,11.2
Belagavi,15.8521,74.5045,2026-06-08 06:00:00,1.9,1.7,116.0,5.4,1.4,41.0,22.3,97,0.0,11.2
Belagavi,15.8521,74.5045,2026-06-08 07:00:00,2.1,2.0,120.0,5.8,1.6,42.0,22.9,92,0.0,12.5
Belagavi,15.8521,74.5045,2026-06-08 08:00:00,2.3,2.2,122.0,5.8,1.8,45.0,23.7,86,0.0,12.8
Belagavi,15.8521,74.5045,2026-06-08 09:00:00,2.8,2.5,120.0,4.7,1.8,53.0,24.7,80,0.1,10.6
Belagavi,15.8521,74.5045,2026-06-08 10:00:00,3.3,2.4,116.0,3.2,1.8,62.0,26.1,72,0.0,9.9
Belagavi,15.8521,74.5045,2026-06-08 11:00:00,3.9,2.6,114.0,2.1,1.7,70.0,29.1,51,0.0,6.9
Belagavi,15.8521,74.5045,2026-06-08 12:00:00,5.6,3.2,115.0,1.9,1.7,73.0,29.0,50,0.0,10.4
Belagavi,15.8521,74.5045,2026-06-08 13:00:00,7.5,4.0,118.0,2.2,1.7,75.0,25.8,69,0.6,14.3
Belagavi,15.8521,74.5045,2026-06-08 14:00:00,8.5,4.5,122.0,2.6,1.7,74.0,23.1,93,2.6,13.1
Belagavi,15.8521,74.5045,2026-06-08 15:00:00,10.3,5.3,129.0,3.0,1.6,71.0,23.3,91,0.9,16.1
Belagavi,15.8521,74.5045,2026-06-08 16:00:00,9.5,5.0,137.0,3.6,1.5,67.0,23.2,89,0.2,16.1
Belagavi,15.8521,74.5045,2026-06-08 17:00:00,6.7,3.9,144.0,5.4,0.9,57.0,23.8,86,0.4,12.5
Belagavi,15.8521,74.5045,2026-06-08 18:00:00,3.6,2.7,151.0,6.4,1.0,54.0,23.2,89,0.1,12.2
Belagavi,15.8521,74.5045,2026-06-08 19:00:00,3.4,3.0,156.0,7.9,1.3,49.0,22.7,92,0.1,9.6
Belagavi,15.8521,74.5045,2026-06-08 20:00:00,3.5,3.4,156.0,8.8,1.4,46.0,22.3,96,0.3,10.3
Belagavi,15.8521,74.5045,2026-06-08 21:00:00,3.6,3.5,147.0,8.9,1.5,44.0,21.9,98,0.3,12.2
Belagavi,15.8521,74.5045,2026-06-08 22:00:00,3.5,3.4,132.0,8.4,1.4,43.0,21.8,98,0.7,11.1
Belagavi,15.8521,74.5045,2026-06-08 23:00:00,3.8,3.7,120.0,7.7,1.4,43.0,22.0,98,0.3,13.7
Belagavi,15.8521,74.5045,2026-06-09 00:00:00,3.5,3.3,115.0,6.4,1.3,46.0,22.0,98,0.0,12.3
Belagavi,15.8521,74.5045,2026-06-09 01:00:00,2.7,2.2,113.0,4.7,1.1,51.0,21.8,98,0.1,13.5
Belagavi,15.8521,74.5045,2026-06-09 02:00:00,2.5,2.1,111.0,3.7,1.0,54.0,21.6,97,0.0,12.0
Belagavi,15.8521,74.5045,2026-06-09 03:00:00,2.3,2.1,108.0,3.8,0.9,52.0,21.3,95,0.0,13.2
Belagavi,15.8521,74.5045,2026-06-09 04:00:00,2.7,2.5,105.0,4.5,0.8,47.0,21.2,97,0.0,12.5
Belagavi,15.8521,74.5045,2026-06-09 05:00:00,2.8,2.4,104.0,4.2,1.1,45.0,22.2,96,0.0,15.7
Belagavi,15.8521,74.5045,2026-06-09 06:00:00,2.8,2.4,107.0,4.7,1.3,45.0,22.0,95,0.0,14.2
Belagavi,15.8521,74.5045,2026-06-09 07:00:00,3.0,2.4,113.0,5.4,1.5,46.0,22.1,92,0.0,13.9
Belagavi,15.8521,74.5045,2026-06-09 08:00:00,3.7,2.5,116.0,5.5,1.7,47.0,23.9,82,0.0,18.7
Belagavi,15.8521,74.5045,2026-06-09 09:00:00,4.2,2.6,115.0,4.5,1.7,50.0,24.8,77,0.0,17.2
Belagavi,15.8521,74.5045,2026-06-09 10:00:00,4.2,2.5,112.0,3.0,1.5,55.0,26.5,70,0.1,17.3
Belagavi,15.8521,74.5045,2026-06-09 11:00:00,2.9,1.9,109.0,2.0,1.4,59.0,24.6,81,0.7,12.2
Belagavi,15.8521,74.5045,2026-06-09 12:00:00,4.0,2.4,107.0,1.8,1.4,63.0,25.8,73,0.9,11.4
Belagavi,15.8521,74.5045,2026-06-09 13:00:00,6.0,3.3,105.0,2.0,1.4,66.0,26.0,71,0.1,10.8
Belagavi,15.8521,74.5045,2026-06-09 14:00:00,6.0,3.8,107.0,2.5,1.4,67.0,27.4,66,0.0,12.4
Belagavi,15.8521,74.5045,2026-06-09 15:00:00,4.8,3.5,116.0,3.4,1.5,65.0,26.6,68,0.0,14.4
Belagavi,15.8521,74.5045,2026-06-09 16:00:00,3.9,3.3,129.0,4.7,1.8,60.0,25.0,79,0.4,15.8
Belagavi,15.8521,74.5045,2026-06-09 17:00:00,21.6,8.8,138.0,4.2,1.1,63.0,24.6,81,0.1,20.3
Belagavi,15.8521,74.5045,2026-06-09 18:00:00,18.6,9.1,138.0,5.0,1.2,58.0,23.7,85,0.1,19.5
Belagavi,15.8521,74.5045,2026-06-09 19:00:00,17.9,9.3,135.0,6.0,1.4,52.0,22.8,91,0.0,17.4
Belagavi,15.8521,74.5045,2026-06-09 20:00:00,12.1,6.6,130.0,6.6,1.6,47.0,22.4,93,0.0,16.7
Belagavi,15.8521,74.5045,2026-06-09 21:00:00,7.0,4.3,125.0,6.3,1.7,46.0,22.1,95,0.1,16.2
Belagavi,15.8521,74.5045,2026-06-09 22:00:00,5.7,3.7,119.0,5.4,1.8,46.0,21.9,96,0.0,17.9
Belagavi,15.8521,74.5045,2026-06-09 23:00:00,4.9,3.1,115.0,4.7,1.8,46.0,21.7,96,0.0,16.8
Belagavi,15.8521,74.5045,2026-06-10 00:00:00,5.2,3.0,116.0,4.3,1.7,46.0,21.7,96,0.0,18.0
Belagavi,15.8521,74.5045,2026-06-10 01:00:00,5.4,3.2,119.0,4.0,1.6,45.0,21.6,96,0.0,17.3
Belagavi,15.8521,74.5045,2026-06-10 02:00:00,5.6,3.5,121.0,3.7,1.5,45.0,21.6,97,0.0,15.3
Belagavi,15.8521,74.5045,2026-06-10 03:00:00,5.7,3.7,118.0,3.4,1.5,46.0,21.8,96,0.0,17.0
Belagavi,15.8521,74.5045,2026-06-10 04:00:00,6.3,3.6,113.0,3.2,1.5,47.0,21.9,96,0.0,17.1
Belagavi,15.8521,74.5045,2026-06-10 05:00:00,2.8,2.6,110.0,3.9,1.1,46.0,22.1,97,0.0,17.1
Belagavi,15.8521,74.5045,2026-06-10 06:00:00,4.1,3.5,110.0,3.8,1.2,47.0,22.3,95,0.0,14.6
Belagavi,15.8521,74.5045,2026-06-10 07:00:00,6.2,3.9,111.0,3.7,1.3,48.0,23.3,88,0.0,16.6
Belagavi,15.8521,74.5045,2026-06-10 08:00:00,8.8,4.3,111.0,3.4,1.4,51.0,24.9,77,0.0,18.2
Belagavi,15.8521,74.5045,2026-06-10 09:00:00,18.8,7.2,109.0,2.7,1.5,57.0,26.3,69,0.0,19.9
Belagavi,15.8521,74.5045,2026-06-10 10:00:00,27.2,9.9,106.0,1.8,1.5,65.0,26.8,67,0.1,20.5
Belagavi,15.8521,74.5045,2026-06-10 11:00:00,29.2,10.9,106.0,1.2,1.5,71.0,28.5,61,0.2,19.8
Belagavi,15.8521,74.5045,2026-06-10 12:00:00,29.3,11.2,110.0,1.1,1.4,73.0,26.4,75,1.1,20.4
Belagavi,15.8521,74.5045,2026-06-10 13:00:00,40.6,14.8,116.0,1.2,1.3,72.0,26.4,79,1.3,18.4
Belagavi,15.8521,74.5045,2026-06-10 14:00:00,24.0,10.5,120.0,1.6,1.3,70.0,25.7,86,1.0,17.6
Belagavi,15.8521,74.5045,2026-06-10 15:00:00,10.2,5.2,118.0,2.3,1.3,65.0,25.8,80,0.9,20.3
Belagavi,15.8521,74.5045,2026-06-10 16:00:00,5.7,3.2,114.0,3.4,1.4,58.0,24.9,82,0.9,20.8
Belagavi,15.8521,74.5045,2026-06-10 17:00:00,19.9,7.9,112.0,3.6,1.3,52.0,24.5,83,0.1,23.2
Belagavi,15.8521,74.5045,2026-06-10 18:00:00,11.0,5.3,113.0,4.7,1.4,48.0,23.1,89,0.0,19.7
Belagavi,15.8521,74.5045,2026-06-10 19:00:00,8.8,5.0,116.0,6.1,1.4,42.0,22.6,93,0.0,18.8
Belagavi,15.8521,74.5045,2026-06-10 20:00:00,9.6,5.7,119.0,6.9,1.5,38.0,22.5,94,0.0,17.8
Belagavi,15.8521,74.5045,2026-06-10 21:00:00,11.8,6.0,123.0,6.4,1.5,39.0,22.4,95,0.0,16.7
Belagavi,15.8521,74.5045,2026-06-10 22:00:00,13.6,6.4,128.0,5.2,1.6,41.0,22.5,95,0.0,17.7
Belagavi,15.8521,74.5045,2026-06-10 23:00:00,14.6,6.7,128.0,4.2,1.6,44.0,22.3,97,0.1,17.8
Belagavi,15.8521,74.5045,2026-06-11 00:00:00,14.0,6.2,121.0,3.6,1.6,45.0,22.4,95,0.1,18.4
Belagavi,15.8521,74.5045,2026-06-11 01:00:00,16.6,6.8,109.0,3.1,1.5,47.0,22.3,95,0.0,15.8
Belagavi,15.8521,74.5045,2026-06-11 02:00:00,17.1,7.1,102.0,2.8,1.5,47.0,22.2,97,0.0,16.0
Belagavi,15.8521,74.5045,2026-06-11 03:00:00,15.0,6.6,103.0,2.9,1.5,46.0,22.4,95,0.1,16.2
Belagavi,15.8521,74.5045,2026-06-11 04:00:00,13.9,6.6,107.0,3.2,1.5,44.0,22.0,97,0.0,14.8
Belagavi,15.8521,74.5045,2026-06-11 05:00:00,19.5,8.3,111.0,2.6,1.3,48.0,22.5,98,0.1,14.8
Belagavi,15.8521,74.5045,2026-06-11 06:00:00,20.5,9.2,113.0,2.8,1.4,50.0,22.4,98,0.0,13.5
Belagavi,15.8521,74.5045,2026-06-11 07:00:00,29.3,11.9,114.0,2.9,1.5,53.0,23.4,91,0.0,14.8
Belagavi,15.8521,74.5045,2026-06-11 08:00:00,34.9,14.3,114.0,2.9,1.6,57.0,25.3,78,0.0,16.6
Belagavi,15.8521,74.5045,2026-06-11 09:00:00,39.5,15.9,111.0,2.4,1.6,64.0,27.0,67,0.0,16.2
Belagavi,15.8521,74.5045,2026-06-11 10:00:00,42.1,17.2,108.0,1.6,1.5,71.0,28.7,58,0.0,16.5
Belagavi,15.8521,74.5045,2026-06-11 11:00:00,45.3,18.6,106.0,1.1,1.4,77.0,29.9,54,0.0,17.1
Belagavi,15.8521,74.5045,2026-06-11 12:00:00,38.8,16.8,109.0,1.0,1.3,79.0,30.5,52,0.0,17.7
Belagavi,15.8521,74.5045,2026-06-11 13:00:00,34.6,16.1,113.0,1.1,1.2,79.0,30.2,54,0.1,18.8
Belagavi,15.8521,74.5045,2026-06-11 14:00:00,31.8,15.9,116.0,1.4,1.2,77.0,30.2,53,1.1,19.5
Belagavi,15.8521,74.5045,2026-06-11 15:00:00,32.5,16.6,115.0,1.7,1.2,73.0,29.3,59,0.2,19.5
Belagavi,15.8521,74.5045,2026-06-11 16:00:00,31.9,16.2,112.0,2.1,1.2,68.0,28.0,64,0.3,19.8
Belagavi,15.8521,74.5045,2026-06-11 17:00:00,43.0,20.1,112.0,2.7,1.3,61.0,27.4,69,0.5,18.2
Belagavi,15.8521,74.5045,2026-06-11 18:00:00,38.4,18.8,119.0,4.0,1.5,56.0,25.9,77,0.1,18.7
Belagavi,15.8521,74.5045,2026-06-11 19:00:00,33.6,17.4,129.0,5.9,1.7,49.0,24.3,88,0.1,16.9
Belagavi,15.8521,74.5045,2026-06-11 20:00:00,32.5,17.5,136.0,7.3,1.9,43.0,23.4,93,0.0,14.9
Belagavi,15.8521,74.5045,2026-06-11 21:00:00,33.5,18.0,135.0,8.1,2.0,40.0,23.1,94,0.0,14.9
Belagavi,15.8521,74.5045,2026-06-11 22:00:00,33.1,17.9,131.0,8.5,1.9,38.0,23.0,94,0.0,16.2
Belagavi,15.8521,74.5045,2026-06-11 23:00:00,33.8,18.1,127.0,8.3,1.9,37.0,23.1,92,0.0,15.2
Belagavi,15.8521,74.5045,2026-06-12 00:00:00,33.9,17.3,125.0,7.0,1.8,39.0,22.7,94,0.0,15.2
Belagavi,15.8521,74.5045,2026-06-12 01:00:00,32.1,15.6,123.0,5.1,1.7,42.0,22.4,97,0.0,16.4
Belagavi,15.8521,74.5045,2026-06-12 02:00:00,31.1,15.1,120.0,3.7,1.6,45.0,22.2,98,0.0,15.7
Belagavi,15.8521,74.5045,2026-06-12 03:00:00,27.2,13.8,115.0,3.5,1.6,45.0,22.1,98,0.0,14.2
Belagavi,15.8521,74.5045,2026-06-12 04:00:00,27.4,13.9,109.0,3.8,1.6,44.0,22.1,98,0.0,13.4
Belagavi,15.8521,74.5045,2026-06-12 05:00:00,25.3,13.1,106.0,4.7,1.8,42.0,22.4,98,0.0,11.4
Belagavi,15.8521,74.5045,2026-06-12 06:00:00,27.4,12.6,109.0,4.2,1.8,46.0,22.5,97,0.0,11.0
Belagavi,15.8521,74.5045,2026-06-12 07:00:00,29.6,13.1,115.0,3.6,1.8,52.0,24.1,88,0.0,15.5
Belagavi,15.8521,74.5045,2026-06-12 08:00:00,32.6,14.1,118.0,2.9,1.7,58.0,25.9,76,0.1,16.7
Belagavi,15.8521,74.5045,2026-06-12 09:00:00,36.7,14.8,116.0,2.2,1.6,64.0,27.6,68,0.0,16.9
Belagavi,15.8521,74.5045,2026-06-12 10:00:00,38.1,15.0,112.0,1.6,1.5,69.0,28.9,61,0.0,16.8
Belagavi,15.8521,74.5045,2026-06-12 11:00:00,36.2,14.4,109.0,1.1,1.4,73.0,30.0,54,0.0,15.7
Belagavi,15.8521,74.5045,2026-06-12 12:00:00,35.4,14.6,107.0,1.0,1.3,74.0,30.7,51,0.0,15.5
Belagavi,15.8521,74.5045,2026-06-12 13:00:00,31.1,13.6,106.0,1.1,1.3,73.0,30.8,50,0.0,17.2
Belagavi,15.8521,74.5045,2026-06-12 14:00:00,28.5,13.1,106.0,1.3,1.3,71.0,29.7,56,0.7,19.7
Belagavi,15.8521,74.5045,2026-06-12 15:00:00,26.7,12.5,105.0,1.6,1.3,67.0,28.9,63,1.0,20.3
Belagavi,15.8521,74.5045,2026-06-12 16:00:00,25.7,11.9,104.0,2.0,1.3,63.0,28.4,64,0.0,21.8
Belagavi,15.8521,74.5045,2026-06-12 17:00:00,45.3,21.8,107.0,2.1,1.3,65.0,27.7,70,0.0,18.9
Belagavi,15.8521,74.5045,2026-06-12 18:00:00,39.9,20.4,115.0,3.3,1.5,59.0,26.4,74,0.0,19.2
Belagavi,15.8521,74.5045,2026-06-12 19:00:00,35.5,18.7,127.0,4.9,1.7,51.0,24.9,82,0.0,19.1
Belagavi,15.8521,74.5045,2026-06-12 20:00:00,32.7,17.5,136.0,6.2,1.9,44.0,23.9,88,0.0,15.2
Belagavi,15.8521,74.5045,2026-06-12 21:00:00,29.9,15.6,141.0,7.2,2.0,39.0,23.5,92,0.0,11.7
Belagavi,15.8521,74.5045,2026-06-12 22:00:00,29.8,15.6,143.0,7.9,2.0,36.0,23.1,94,0.0,11.6
Belagavi,15.8521,74.5045,2026-06-12 23:00:00,27.4,15.0,142.0,7.9,1.9,35.0,22.7,96,0.0,12.8
Belagavi,15.8521,74.5045,2026-06-13 00:00:00,26.3,13.5,138.0,6.7,1.7,37.0,22.5,98,0.0,11.9
Belagavi,15.8521,74.5045,2026-06-13 01:00:00,25.1,12.5,131.0,4.8,1.5,41.0,22.6,97,0.0,12.1
Belagavi,15.8521,74.5045,2026-06-13 02:00:00,23.0,10.6,124.0,3.3,1.4,44.0,22.7,95,0.0,13.0
Belagavi,15.8521,74.5045,2026-06-13 03:00:00,16.8,7.9,118.0,2.7,1.4,45.0,22.2,98,0.0,12.8
Belagavi,15.8521,74.5045,2026-06-13 04:00:00,12.3,6.1,113.0,2.5,1.5,46.0,22.4,97,0.0,13.0
Belagavi,15.8521,74.5045,2026-06-13 05:00:00,13.3,5.7,110.0,2.6,1.5,47.0,23.8,97,0.0,14.6
Belagavi,15.8521,74.5045,2026-06-13 06:00:00,12.7,5.7,113.0,2.8,1.6,48.0,23.6,96,0.1,10.8
Belagavi,15.8521,74.5045,2026-06-13 07:00:00,13.6,5.9,119.0,3.1,1.7,49.0,24.0,92,0.1,12.5
Belagavi,15.8521,74.5045,2026-06-13 08:00:00,13.4,6.0,122.0,3.1,1.7,52.0,25.1,85,0.2,13.7
Belagavi,15.8521,74.5045,2026-06-13 09:00:00,14.3,6.4,117.0,2.6,1.6,57.0,26.1,78,0.2,14.9
Belagavi,15.8521,74.5045,2026-06-13 10:00:00,15.8,6.9,109.0,1.8,1.5,64.0,27.7,71,0.2,16.2
Belagavi,15.8521,74.5045,2026-06-13 11:00:00,17.5,7.6,104.0,1.2,1.4,69.0,29.2,57,0.1,17.2
Belagavi,15.8521,74.5045,2026-06-13 12:00:00,17.8,8.0,105.0,1.1,1.3,70.0,30.3,54,0.3,18.1
Belagavi,15.8521,74.5045,2026-06-13 13:00:00,32.7,12.4,110.0,1.2,1.2,69.0,28.1,65,1.3,20.2
Belagavi,15.8521,74.5045,2026-06-13 14:00:00,23.6,10.1,114.0,1.4,1.1,67.0,29.3,61,0.3,18.2
Belagavi,15.8521,74.5045,2026-06-13 15:00:00,24.4,11.1,116.0,1.6,1.1,66.0,27.6,66,0.9,24.3
Belagavi,15.8521,74.5045,2026-06-13 16:00:00,22.8,10.7,118.0,1.9,1.2,65.0,26.3,74,0.5,21.9
Belagavi,15.8521,74.5045,2026-06-13 17:00:00,29.9,14.6,122.0,2.5,1.2,63.0,27.8,65,0.3,21.9
Belagavi,15.8521,74.5045,2026-06-13 18:00:00,28.3,14.2,129.0,3.4,1.3,58.0,26.4,70,0.0,19.2
Belagavi,15.8521,74.5045,2026-06-13 19:00:00,24.9,13.4,138.0,4.6,1.5,52.0,25.0,77,0.0,16.4
Belagavi,15.8521,74.5045,2026-06-13 20:00:00,25.3,13.9,144.0,5.8,1.7,46.0,24.3,82,0.0,14.8
Belagavi,15.8521,74.5045,2026-06-13 21:00:00,24.6,14.3,145.0,7.0,1.8,41.0,23.6,88,0.0,15.9
Belagavi,15.8521,74.5045,2026-06-13 22:00:00,24.6,14.4,142.0,8.0,1.8,37.0,23.1,92,0.0,16.2
Belagavi,15.8521,74.5045,2026-06-13 23:00:00,24.4,14.5,137.0,8.3,1.8,35.0,23.4,94,0.0,16.4
Belagavi,15.8521,74.5045,2026-06-14 00:00:00,23.1,13.0,128.0,7.1,1.6,37.0,23.3,95,0.0,15.6
Belagavi,15.8521,74.5045,2026-06-14 01:00:00,19.8,10.6,117.0,5.0,1.4,41.0,23.4,94,0.0,14.5
Belagavi,15.8521,74.5045,2026-06-14 02:00:00,17.9,9.5,110.0,3.4,1.2,45.0,23.1,95,0.0,14.2
Belagavi,15.8521,74.5045,2026-06-14 03:00:00,15.1,8.0,110.0,2.8,1.1,46.0,23.1,94,0.0,13.7
Belagavi,15.8521,74.5045,2026-06-14 04:00:00,13.1,6.7,114.0,2.6,1.2,46.0,23.2,94,0.0,14.8
Belagavi,15.8521,74.5045,2026-06-14 05:00:00,11.3,6.1,116.0,3.0,1.4,47.0,23.3,97,0.0,14.9
Belagavi,15.8521,74.5045,2026-06-14 06:00:00,10.7,5.7,116.0,2.9,1.4,48.0,22.7,97,0.0,14.0
Belagavi,15.8521,74.5045,2026-06-14 07:00:00,10.3,5.3,114.0,2.7,1.5,50.0,24.0,88,0.0,16.1
Belagavi,15.8521,74.5045,2026-06-14 08:00:00,13.4,6.4,112.0,2.4,1.5,53.0,25.8,78,0.0,19.0
Belagavi,15.8521,74.5045,2026-06-14 09:00:00,16.2,7.4,109.0,1.9,1.5,59.0,27.5,68,0.0,17.2
Belagavi,15.8521,74.5045,2026-06-14 10:00:00,19.8,8.6,106.0,1.4,1.4,66.0,28.8,60,0.0,16.8
Belagavi,15.8521,74.5045,2026-06-14 11:00:00,26.3,10.6,105.0,1.0,1.3,71.0,29.7,54,0.1,17.0
Belagavi,15.8521,74.5045,2026-06-14 12:00:00,23.1,10.0,106.0,0.9,1.2,72.0,30.9,45,0.0,17.6
Belagavi,15.8521,74.5045,2026-06-14 13:00:00,21.7,10.2,109.0,1.0,1.1,70.0,31.7,39,0.0,18.5
Belagavi,15.8521,74.5045,2026-06-14 14:00:00,20.1,9.7,111.0,1.2,1.1,68.0,29.2,51,0.0,23.7
Belagavi,15.8521,74.5045,2026-06-14 15:00:00,21.1,10.2,111.0,1.3,1.1,65.0,29.0,57,0.0,20.9
Belagavi,15.8521,74.5045,2026-06-14 16:00:00,18.6,8.9,111.0,1.5,1.1,62.0,27.8,63,0.1,20.7
Belagavi,15.8521,74.5045,2026-06-14 17:00:00,19.0,10.0,112.0,1.8,1.2,59.0,26.9,69,0.2,21.0
Belagavi,15.8521,74.5045,2026-06-14 18:00:00,19.0,10.1,117.0,2.7,1.3,55.0,26.1,71,0.0,21.1
Belagavi,15.8521,74.5045,2026-06-14 19:00:00,19.0,10.7,125.0,4.1,1.6,48.0,24.7,80,0.0,18.0
Belagavi,15.8521,74.5045,2026-06-14 20:00:00,20.7,12.0,130.0,5.2,1.7,43.0,23.7,85,0.0,15.7
Belagavi,15.8521,74.5045,2026-06-14 21:00:00,23.1,13.5,133.0,6.0,1.8,40.0,23.3,88,0.0,15.4
Belagavi,15.8521,74.5045,2026-06-14 22:00:00,24.0,14.2,134.0,6.6,1.8,38.0,22.8,91,0.0,15.4
Belagavi,15.8521,74.5045,2026-06-14 23:00:00,25.4,15.1,132.0,7.0,1.7,36.0,22.7,94,0.0,15.0
Belagavi,15.8521,74.5045,2026-06-15 00:00:00,26.7,15.9,125.0,7.1,1.5,35.0,22.3,97,0.0,13.8
Belagavi,15.8521,74.5045,2026-06-15 01:00:00,27.7,16.5,115.0,7.1,1.3,34.0,22.1,97,0.0,13.6
Belagavi,15.8521,74.5045,2026-06-15 02:00:00,28.6,17.1,108.0,7.3,1.0,32.0,22.0,97,0.0,13.6
Belagavi,15.8521,74.5045,2026-06-15 03:00:00,29.1,17.7,106.0,8.3,0.6,28.0,21.9,97,0.0,14.3
Belagavi,15.8521,74.5045,2026-06-15 04:00:00,26.4,17.6,107.0,9.6,0.2,23.0,21.7,98,0.0,15.5
Belagavi,15.8521,74.5045,2026-06-15 05:00:00,18.5,10.3,109.0,3.8,1.5,42.0,21.8,98,0.0,11.7
Belagavi,15.8521,74.5045,2026-06-15 06:00:00,18.7,10.4,114.0,3.7,1.5,44.0,22.0,97,0.0,10.7
Belagavi,15.8521,74.5045,2026-06-15 07:00:00,18.8,10.0,120.0,3.4,1.5,48.0,23.9,86,0.1,17.4
Belagavi,15.8521,74.5045,2026-06-15 08:00:00,19.0,10.1,123.0,3.1,1.5,53.0,25.7,76,0.0,19.3
Belagavi,15.8521,74.5045,2026-06-15 09:00:00,21.4,10.6,120.0,2.5,1.5,61.0,27.2,69,0.0,20.5
Belagavi,15.8521,74.5045,2026-06-15 10:00:00,22.5,10.9,115.0,1.7,1.4,70.0,28.5,63,0.0,20.3
Belagavi,15.8521,74.5045,2026-06-15 11:00:00,22.6,10.8,111.0,1.2,1.4,77.0,29.4,56,0.0,18.9
Belagavi,15.8521,74.5045,2026-06-15 12:00:00,24.2,11.1,112.0,1.0,1.3,81.0,30.6,49,0.0,17.7
Belagavi,15.8521,74.5045,2026-06-15 13:00:00,26.5,11.8,114.0,1.0,1.3,82.0,31.5,43,0.0,17.7
Belagavi,15.8521,74.5045,2026-06-15 14:00:00,26.4,11.9,116.0,1.2,1.2,81.0,32.0,39,0.0,18.9
Belagavi,15.8521,74.5045,2026-06-15 15:00:00,25.6,12.1,115.0,1.4,1.2,78.0,28.2,62,0.2,21.8
Belagavi,15.8521,74.5045,2026-06-15 16:00:00,23.7,12.0,114.0,1.8,1.2,72.0,28.8,58,0.0,19.7
Belagavi,15.8521,74.5045,2026-06-15 17:00:00,22.1,11.3,116.0,2.4,1.2,65.0,28.2,59,0.2,21.1
Belagavi,15.8521,74.5045,2026-06-15 18:00:00,24.0,12.3,124.0,3.3,1.3,60.0,26.4,67,0.0,19.7
Belagavi,15.8521,74.5045,2026-06-15 19:00:00,23.2,12.5,134.0,4.6,1.5,53.0,24.9,74,0.0,16.8
Belagavi,15.8521,74.5045,2026-06-15 20:00:00,23.3,13.3,143.0,6.1,1.7,47.0,24.0,79,0.0,13.7
Belagavi,15.8521,74.5045,2026-06-15 21:00:00,21.8,12.8,148.0,8.0,1.9,41.0,23.2,85,0.0,12.9
Belagavi,15.8521,74.5045,2026-06-15 22:00:00,23.3,14.3,151.0,10.1,2.2,36.0,22.6,90,0.0,13.9
Belagavi,15.8521,74.5045,2026-06-15 23:00:00,25.0,15.5,151.0,11.4,2.2,32.0,22.4,94,0.0,16.3
Belagavi,15.8521,74.5045,2026-06-16 00:00:00,26.3,15.9,146.0,11.4,1.9,31.0,22.0,97,0.0,16.8
Belagavi,15.8521,74.5045,2026-06-16 01:00:00,27.2,16.4,137.0,10.6,1.4,31.0,22.0,98,0.0,17.2
Belagavi,15.8521,74.5045,2026-06-16 02:00:00,27.2,16.4,132.0,9.6,1.1,32.0,21.9,98,0.0,16.1
Belagavi,15.8521,74.5045,2026-06-16 03:00:00,24.8,15.0,133.0,8.3,1.1,34.0,21.8,98,0.0,16.0
Belagavi,15.8521,74.5045,2026-06-16 04:00:00,21.4,12.4,137.0,6.8,1.2,36.0,21.4,98,0.0,14.8
Belagavi,15.8521,74.5045,2026-06-16 05:00:00,17.2,10.2,138.0,5.0,1.3,41.0,22.0,98,0.0,14.3
Belagavi,15.8521,74.5045,2026-06-16 06:00:00,12.6,7.3,132.0,4.5,1.4,43.0,22.0,98,0.0,11.8
Belagavi,15.8521,74.5045,2026-06-16 07:00:00,10.9,6.7,123.0,3.9,1.4,47.0,23.9,87,0.0,15.4
Belagavi,15.8521,74.5045,2026-06-16 08:00:00,11.5,6.9,116.0,3.2,1.5,52.0,25.8,76,0.0,15.4
Belagavi,15.8521,74.5045,2026-06-16 09:00:00,13.6,7.3,115.0,2.5,1.5,60.0,27.7,65,0.0,14.5
Belagavi,15.8521,74.5045,2026-06-16 10:00:00,15.9,8.2,116.0,1.8,1.5,70.0,29.3,58,0.0,13.3
Belagavi,15.8521,74.5045,2026-06-16 11:00:00,18.3,8.9,117.0,1.3,1.5,78.0,30.6,50,0.0,11.4
Belagavi,15.8521,74.5045,2026-06-16 12:00:00,21.7,9.9,118.0,1.0,1.4,82.0,31.6,43,0.0,11.4
Belagavi,15.8521,74.5045,2026-06-16 13:00:00,26.2,11.1,119.0,1.0,1.3,85.0,31.0,43,0.0,14.9
Belagavi,15.8521,74.5045,2026-06-16 14:00:00,28.2,12.0,120.0,1.2,1.2,84.0,28.6,58,0.9,16.1
Belagavi,15.8521,74.5045,2026-06-16 15:00:00,25.8,11.7,119.0,1.8,1.2,79.0,29.4,53,0.4,15.8
Belagavi,15.8521,74.5045,2026-06-16 16:00:00,21.2,10.9,118.0,2.8,1.2,72.0,28.9,56,0.1,18.0
Belagavi,15.8521,74.5045,2026-06-16 17:00:00,23.8,11.4,119.0,2.4,1.3,70.0,27.6,66,0.0,18.7
Belagavi,15.8521,74.5045,2026-06-16 18:00:00,21.4,10.8,125.0,3.5,1.4,64.0,26.6,71,0.0,18.8
Belagavi,15.8521,74.5045,2026-06-16 19:00:00,20.2,10.9,134.0,5.0,1.6,55.0,25.3,78,0.0,17.9
Belagavi,15.8521,74.5045,2026-06-16 20:00:00,19.6,11.2,142.0,6.4,1.8,48.0,24.1,84,0.0,19.1
Belagavi,15.8521,74.5045,2026-06-16 21:00:00,19.8,11.4,147.0,7.5,1.9,43.0,23.4,90,0.0,17.3
Belagavi,15.8521,74.5045,2026-06-16 22:00:00,20.5,12.2,150.0,8.4,2.0,38.0,22.7,94,0.0,18.2
Belagavi,15.8521,74.5045,2026-06-16 23:00:00,21.1,12.5,151.0,8.8,2.0,35.0,22.6,96,0.0,16.4
Belagavi,15.8521,74.5045,2026-06-17 00:00:00,21.5,12.7,149.0,8.6,1.8,33.0,22.2,97,0.0,16.7
Belagavi,15.8521,74.5045,2026-06-17 01:00:00,21.8,12.9,144.0,8.0,1.4,33.0,22.1,96,0.0,16.6
Belagavi,15.8521,74.5045,2026-06-17 02:00:00,22.5,13.2,139.0,7.2,1.1,33.0,22.1,95,0.0,15.4
Belagavi,15.8521,74.5045,2026-06-17 03:00:00,22.2,13.9,132.0,6.3,0.9,34.0,21.9,96,0.0,13.4
Belagavi,15.8521,74.5045,2026-06-17 04:00:00,21.6,12.6,124.0,5.3,0.9,37.0,21.9,96,0.0,13.1
Belagavi,15.8521,74.5045,2026-06-17 05:00:00,22.2,12.4,118.0,5.3,1.2,37.0,22.5,96,0.0,12.9
Belagavi,15.8521,74.5045,2026-06-17 06:00:00,18.6,9.8,116.0,4.8,1.4,40.0,22.6,95,0.0,11.3
Belagavi,15.8521,74.5045,2026-06-17 07:00:00,16.4,8.6,116.0,4.0,1.6,45.0,24.1,85,0.0,15.1
Belagavi,15.8521,74.5045,2026-06-17 08:00:00,17.1,9.0,115.0,3.3,1.8,51.0,25.7,76,0.0,15.7
Belagavi,15.8521,74.5045,2026-06-17 09:00:00,18.7,9.4,113.0,2.6,1.8,60.0,27.4,66,0.0,14.6
Belagavi,15.8521,74.5045,2026-06-17 10:00:00,20.7,10.2,110.0,1.8,1.6,71.0,28.2,61,0.0,13.0
Belagavi,15.8521,74.5045,2026-06-17 11:00:00,21.2,10.7,109.0,1.3,1.5,78.0,29.4,53,0.0,12.3
Belagavi,15.8521,74.5045,2026-06-17 12:00:00,21.6,10.8,111.0,1.1,1.4,81.0,28.4,52,0.5,16.2
Belagavi,15.8521,74.5045,2026-06-17 13:00:00,22.2,11.0,116.0,1.1,1.3,80.0,27.3,63,1.2,15.1
Belagavi,15.8521,74.5045,2026-06-17 14:00:00,22.2,11.2,119.0,1.2,1.2,78.0,28.9,59,0.4,16.1
Belagavi,15.8521,74.5045,2026-06-17 15:00:00,20.0,10.9,120.0,1.5,1.2,73.0,29.1,56,0.0,17.2
Belagavi,15.8521,74.5045,2026-06-17 16:00:00,19.6,11.0,120.0,1.9,1.3,67.0,28.5,58,0.0,17.9
Belagavi,15.8521,74.5045,2026-06-17 17:00:00,23.5,11.7,121.0,2.2,1.3,71.0,27.0,66,0.1,17.2
Belagavi,15.8521,74.5045,2026-06-17 18:00:00,22.0,12.0,126.0,3.1,1.4,65.0,26.3,67,0.0,16.8
Belagavi,15.8521,74.5045,2026-06-17 19:00:00,20.9,12.2,132.0,4.4,1.6,56.0,25.0,73,0.0,15.7
Belagavi,15.8521,74.5045,2026-06-17 20:00:00,19.6,11.6,138.0,5.6,1.7,48.0,24.2,79,0.0,16.1
Belagavi,15.8521,74.5045,2026-06-17 21:00:00,19.4,11.8,144.0,6.8,1.9,43.0,23.4,85,0.0,15.8
Belagavi,15.8521,74.5045,2026-06-17 22:00:00,19.5,12.3,149.0,7.9,2.0,39.0,22.8,89,0.0,15.7
Belagavi,15.8521,74.5045,2026-06-17 23:00:00,20.0,12.8,151.0,8.6,2.1,36.0,22.5,91,0.0,14.9
Belagavi,15.8521,74.5045,2026-06-18 00:00:00,19.7,12.4,147.0,8.5,2.0,34.0,22.1,93,0.0,14.9
Belagavi,15.8521,74.5045,2026-06-18 01:00:00,21.0,13.0,139.0,8.0,1.7,34.0,21.7,95,0.0,14.7
Belagavi,15.8521,74.5045,2026-06-18 02:00:00,21.5,13.5,133.0,7.7,1.4,33.0,21.4,96,0.0,13.2
Belagavi,15.8521,74.5045,2026-06-18 03:00:00,22.1,14.3,133.0,8.2,1.0,30.0,21.2,97,0.0,12.9
Belagavi,15.8521,74.5045,2026-06-18 04:00:00,23.7,15.7,134.0,9.0,0.6,28.0,21.1,97,0.0,13.0
Belagavi,15.8521,74.5045,2026-06-18 05:00:00,24.0,14.8,133.0,7.4,1.2,33.0,21.5,96,0.0,13.8
Belagavi,15.8521,74.5045,2026-06-18 06:00:00,23.5,16.3,126.0,6.1,1.4,38.0,21.7,94,0.0,12.9
Belagavi,15.8521,74.5045,2026-06-18 07:00:00,23.2,14.0,117.0,4.4,1.6,45.0,23.3,84,0.0,16.5
Belagavi,15.8521,74.5045,2026-06-18 08:00:00,21.2,11.4,110.0,2.9,1.7,53.0,25.3,71,0.0,17.2
Belagavi,15.8521,74.5045,2026-06-18 09:00:00,22.6,12.1,107.0,2.0,1.7,61.0,27.0,61,0.0,16.2
Belagavi,15.8521,74.5045,2026-06-18 10:00:00,30.5,15.2,107.0,1.5,1.6,70.0,28.2,55,0.0,14.9
Belagavi,15.8521,74.5045,2026-06-18 11:00:00,27.1,13.9,108.0,1.1,1.5,76.0,29.1,49,0.0,13.8
Belagavi,15.8521,74.5045,2026-06-18 12:00:00,28.5,14.3,113.0,0.9,1.4,80.0,30.2,45,0.0,13.7
Belagavi,15.8521,74.5045,2026-06-18 13:00:00,30.4,14.9,119.0,1.0,1.3,81.0,30.1,45,0.0,16.0
Belagavi,15.8521,74.5045,2026-06-18 14:00:00,31.7,15.5,123.0,1.1,1.2,81.0,30.2,45,0.0,15.8
Belagavi,15.8521,74.5045,2026-06-18 15:00:00,31.2,15.5,120.0,1.2,1.2,80.0,30.3,49,0.0,14.8
Belagavi,15.8521,74.5045,2026-06-18 16:00:00,30.6,15.5,115.0,1.4,1.2,77.0,28.0,59,0.8,16.2
Belagavi,15.8521,74.5045,2026-06-18 17:00:00,24.0,13.4,114.0,2.4,1.3,71.0,28.3,56,0.6,14.5
Belagavi,15.8521,74.5045,2026-06-18 18:00:00,24.0,13.9,122.0,3.2,1.5,65.0,26.5,65,0.0,16.6
Belagavi,15.8521,74.5045,2026-06-18 19:00:00,23.6,14.4,134.0,4.4,1.7,56.0,24.9,75,0.0,16.1
Belagavi,15.8521,74.5045,2026-06-18 20:00:00,23.0,14.3,143.0,5.5,1.9,49.0,24.0,81,0.0,15.6
Belagavi,15.8521,74.5045,2026-06-18 21:00:00,20.9,13.4,148.0,6.6,2.1,44.0,23.4,86,0.0,15.3
Belagavi,15.8521,74.5045,2026-06-18 22:00:00,21.1,13.6,150.0,7.7,2.2,40.0,22.7,91,0.0,15.1
Belagavi,15.8521,74.5045,2026-06-18 23:00:00,21.7,14.0,148.0,8.2,2.2,37.0,22.3,91,0.0,15.3
Belagavi,15.8521,74.5045,2026-06-19 00:00:00,22.9,13.7,139.0,7.8,2.0,36.0,21.9,93,0.0,15.2
Belagavi,15.8521,74.5045,2026-06-19 01:00:00,22.3,13.6,125.0,6.8,1.8,37.0,21.6,94,0.0,16.2
Belagavi,15.8521,74.5045,2026-06-19 02:00:00,22.8,13.9,116.0,6.1,1.5,37.0,21.7,93,0.0,15.6
Belagavi,15.8521,74.5045,2026-06-19 03:00:00,23.6,14.8,116.0,6.2,1.2,35.0,21.4,95,0.0,13.4
Belagavi,15.8521,74.5045,2026-06-19 04:00:00,24.7,15.5,120.0,6.6,1.0,33.0,21.4,95,0.0,11.1
Belagavi,15.8521,74.5045,2026-06-19 05:00:00,22.2,13.5,123.0,6.9,2.0,34.0,21.5,95,0.0,9.9
Belagavi,15.8521,74.5045,2026-06-19 06:00:00,21.8,12.3,121.0,5.7,2.0,39.0,21.6,94,0.0,7.2
Belagavi,15.8521,74.5045,2026-06-19 07:00:00,21.1,10.7,118.0,4.1,2.0,47.0,23.2,85,0.0,9.6
Belagavi,15.8521,74.5045,2026-06-19 08:00:00,22.6,10.9,115.0,2.8,2.0,55.0,24.7,74,0.0,10.2
Belagavi,15.8521,74.5045,2026-06-19 09:00:00,24.3,11.6,112.0,2.0,1.9,63.0,26.3,65,0.0,10.7
Belagavi,15.8521,74.5045,2026-06-19 10:00:00,24.2,11.6,108.0,1.5,1.7,71.0,27.7,57,0.0,10.7
Belagavi,15.8521,74.5045,2026-06-19 11:00:00,24.6,11.6,106.0,1.1,1.6,77.0,28.8,54,0.0,10.5
Belagavi,15.8521,74.5045,2026-06-19 12:00:00,24.5,11.6,107.0,0.9,1.5,81.0,28.6,57,0.4,11.8
Belagavi,15.8521,74.5045,2026-06-19 13:00:00,23.2,11.1,110.0,0.8,1.5,83.0,29.3,52,0.1,11.0
Belagavi,15.8521,74.5045,2026-06-19 14:00:00,21.9,10.8,112.0,1.0,1.5,83.0,30.3,49,0.0,11.8
Belagavi,15.8521,74.5045,2026-06-19 15:00:00,20.8,10.6,111.0,1.6,1.6,81.0,26.4,69,0.8,19.3
Belagavi,15.8521,74.5045,2026-06-19 16:00:00,21.0,11.2,110.0,2.4,1.7,76.0,27.6,63,0.0,16.6
Belagavi,15.8521,74.5045,2026-06-19 17:00:00,22.5,12.4,112.0,2.6,1.8,66.0,26.8,65,0.0,14.2
Belagavi,15.8521,74.5045,2026-06-19 18:00:00,20.8,11.5,122.0,3.7,1.9,60.0,25.9,69,0.0,13.2
Belagavi,15.8521,74.5045,2026-06-19 19:00:00,18.8,11.0,136.0,5.3,2.1,51.0,24.7,75,0.0,13.0
Belagavi,15.8521,74.5045,2026-06-19 20:00:00,18.2,11.2,146.0,6.7,2.3,43.0,23.9,81,0.0,11.7
Belagavi,15.8521,74.5045,2026-06-19 21:00:00,16.9,11.0,148.0,7.8,2.5,38.0,23.2,86,0.0,12.3
Belagavi,15.8521,74.5045,2026-06-19 22:00:00,16.5,11.1,145.0,8.7,2.6,34.0,22.5,91,0.0,12.6
Belagavi,15.8521,74.5045,2026-06-19 23:00:00,16.6,11.5,141.0,9.4,2.6,31.0,22.1,95,0.0,11.4
Belagavi,15.8521,74.5045,2026-06-20 00:00:00,17.5,12.3,135.0,9.7,2.4,29.0,21.6,98,0.0,10.6
Belagavi,15.8521,74.5045,2026-06-20 01:00:00,17.7,12.7,127.0,9.8,2.0,27.0,21.4,98,0.0,8.9
Belagavi,15.8521,74.5045,2026-06-20 02:00:00,18.5,13.4,121.0,9.6,1.6,26.0,21.1,99,0.0,8.3
Belagavi,15.8521,74.5045,2026-06-20 03:00:00,19.7,14.6,117.0,9.3,1.2,25.0,20.9,99,0.0,8.9
Belagavi,15.8521,74.5045,2026-06-20 04:00:00,20.6,15.0,114.0,8.9,0.8,26.0,20.7,99,0.0,9.1
Belagavi,15.8521,74.5045,2026-06-20 05:00:00,21.7,16.5,112.0,10.9,1.0,23.0,21.0,98,0.0,9.4
Belagavi,15.8521,74.5045,2026-06-20 06:00:00,22.4,16.6,113.0,8.9,1.3,30.0,21.1,97,0.0,9.1
Belagavi,15.8521,74.5045,2026-06-20 07:00:00,20.0,12.7,115.0,6.1,1.6,40.0,22.8,86,0.0,11.0
Belagavi,15.8521,74.5045,2026-06-20 08:00:00,19.7,10.5,115.0,3.8,1.9,50.0,24.3,76,0.0,10.3
Belagavi,15.8521,74.5045,2026-06-20 09:00:00,21.4,10.2,112.0,2.5,1.9,59.0,25.9,68,0.0,10.6
Belagavi,15.8521,74.5045,2026-06-20 10:00:00,22.6,10.5,108.0,1.7,1.8,69.0,27.5,59,0.0,9.8
Belagavi,15.8521,74.5045,2026-06-20 11:00:00,23.6,10.8,105.0,1.2,1.7,76.0,28.6,53,0.0,7.0
Belagavi,15.8521,74.5045,2026-06-20 12:00:00,23.8,11.0,106.0,1.0,1.7,81.0,29.9,48,0.0,6.4
Belagavi,15.8521,74.5045,2026-06-20 13:00:00,23.3,11.0,109.0,1.1,1.8,84.0,30.9,45,0.0,7.4
Belagavi,15.8521,74.5045,2026-06-20 14:00:00,22.4,10.9,112.0,1.3,1.8,84.0,31.0,44,0.0,9.5
Belagavi,15.8521,74.5045,2026-06-20 15:00:00,21.4,10.7,114.0,1.6,1.8,81.0,30.6,46,0.0,13.4
Belagavi,15.8521,74.5045,2026-06-20 16:00:00,23.1,11.9,115.0,2.1,1.9,76.0,28.5,54,0.2,16.3
Belagavi,15.8521,74.5045,2026-06-20 17:00:00,20.5,10.1,117.0,2.1,1.9,73.0,27.4,59,0.1,17.6
Belagavi,15.8521,74.5045,2026-06-20 18:00:00,19.6,10.1,121.0,3.3,2.0,66.0,26.4,64,0.0,16.6
Belagavi,15.8521,74.5045,2026-06-20 19:00:00,17.1,9.9,125.0,4.9,2.2,55.0,24.9,72,0.0,16.9
Belagavi,15.8521,74.5045,2026-06-20 20:00:00,16.6,10.5,130.0,6.6,2.4,46.0,24.0,79,0.0,12.3
Belagavi,15.8521,74.5045,2026-06-20 21:00:00,17.1,11.3,137.0,8.3,2.6,40.0,23.5,84,0.0,11.9
Belagavi,15.8521,74.5045,2026-06-20 22:00:00,17.1,11.8,144.0,9.9,2.8,36.0,22.9,88,0.0,6.9
Belagavi,15.8521,74.5045,2026-06-20 23:00:00,18.2,13.0,146.0,11.1,2.9,32.0,22.7,89,0.0,9.6
Belagavi,15.8521,74.5045,2026-06-21 00:00:00,18.9,13.7,137.0,11.4,2.8,30.0,22.3,90,0.0,8.8
Belagavi,15.8521,74.5045,2026-06-21 01:00:00,18.5,13.6,122.0,11.3,2.6,28.0,21.9,92,0.0,7.9
Belagavi,15.8521,74.5045,2026-06-21 02:00:00,17.7,13.3,110.0,11.2,2.3,27.0,21.5,95,0.0,5.5
Belagavi,15.8521,74.5045,2026-06-21 03:00:00,17.5,13.8,104.0,11.7,2.0,24.0,21.4,96,0.0,4.8
Belagavi,15.8521,74.5045,2026-06-21 04:00:00,17.2,13.8,100.0,12.3,1.6,21.0,21.4,96,0.0,6.8
Belagavi,15.8521,74.5045,2026-06-21 05:00:00,11.3,8.9,99.0,7.4,1.9,32.0,22.9,90,0.0,10.6
Belagavi,15.8521,74.5045,2026-06-21 06:00:00,10.5,8.5,101.0,6.1,1.8,36.0,23.4,87,0.0,9.7
Belagavi,15.8521,74.5045,2026-06-21 07:00:00,6.4,5.1,105.0,4.4,1.7,41.0,24.1,83,0.0,10.3
Belagavi,15.8521,74.5045,2026-06-21 08:00:00,4.5,3.7,107.0,2.9,1.6,47.0,25.0,78,0.0,10.0
Belagavi,15.8521,74.5045,2026-06-21 09:00:00,4.1,3.2,104.0,2.0,1.5,52.0,26.8,70,0.1,10.0
Belagavi,15.8521,74.5045,2026-06-21 10:00:00,3.1,2.5,99.0,1.4,1.5,58.0,28.3,63,0.0,10.2
Belagavi,15.8521,74.5045,2026-06-21 11:00:00,3.1,2.4,96.0,1.0,1.4,62.0,29.3,60,1.3,9.6
Belagavi,15.8521,74.5045,2026-06-21 12:00:00,3.1,2.5,99.0,0.9,1.3,64.0,26.8,70,0.4,14.7
Belagavi,15.8521,74.5045,2026-06-21 13:00:00,3.6,2.8,104.0,1.0,1.2,65.0,26.2,77,2.8,2.6
Belagavi,15.8521,74.5045,2026-06-21 14:00:00,3.7,3.0,109.0,1.2,1.2,65.0,28.9,64,0.1,6.3
Belagavi,15.8521,74.5045,2026-06-21 15:00:00,3.6,3.0,113.0,1.3,1.2,63.0,26.4,74,0.6,12.6
Belagavi,15.8521,74.5045,2026-06-21 16:00:00,3.7,3.0,116.0,1.5,1.3,60.0,24.7,88,2.3,9.3
Belagavi,15.8521,74.5045,2026-06-21 17:00:00,2.9,2.4,120.0,1.7,1.2,50.0,26.5,77,0.6,13.6
Belagavi,15.8521,74.5045,2026-06-21 18:00:00,3.9,3.4,125.0,2.7,1.4,47.0,25.6,78,0.0,15.1
Belagavi,15.8521,74.5045,2026-06-21 19:00:00,4.5,4.0,130.0,4.2,1.7,42.0,24.2,85,0.0,13.7
Belagavi,15.8521,74.5045,2026-06-21 20:00:00,4.8,4.3,131.0,5.2,1.8,39.0,23.3,90,0.0,12.2
Belagavi,15.8521,74.5045,2026-06-21 21:00:00,4.6,4.1,125.0,5.5,1.7,37.0,23.2,90,0.0,14.1
Belagavi,15.8521,74.5045,2026-06-21 22:00:00,4.5,4.1,115.0,5.4,1.5,37.0,23.2,91,0.1,14.7
Belagavi,15.8521,74.5045,2026-06-21 23:00:00,4.8,4.4,107.0,5.0,1.3,37.0,23.1,92,0.0,14.3
Belagavi,15.8521,74.5045,2026-06-22 00:00:00,4.0,3.6,106.0,4.3,1.2,38.0,23.1,90,0.0,16.2
Belagavi,15.8521,74.5045,2026-06-22 01:00:00,2.8,2.4,107.0,3.3,1.1,41.0,22.6,92,0.0,13.9
Belagavi,15.8521,74.5045,2026-06-22 02:00:00,2.6,2.3,107.0,2.6,1.1,42.0,22.2,93,0.0,13.4
Belagavi,15.8521,74.5045,2026-06-22 03:00:00,2.4,2.1,104.0,2.5,1.2,42.0,22.2,92,0.0,12.7
Belagavi,15.8521,74.5045,2026-06-22 04:00:00,2.4,2.1,100.0,2.7,1.3,41.0,21.9,94,0.0,15.2
Belagavi,15.8521,74.5045,2026-06-22 05:00:00,1.6,1.5,98.0,2.4,1.2,43.0,21.9,95,0.0,10.2
Belagavi,15.8521,74.5045,2026-06-22 06:00:00,1.5,1.3,100.0,2.8,1.4,44.0,22.2,93,0.1,10.5
Belagavi,15.8521,74.5045,2026-06-22 07:00:00,2.5,2.2,105.0,3.4,1.6,44.0,23.2,87,0.1,13.6
Belagavi,15.8521,74.5045,2026-06-22 08:00:00,2.5,2.1,107.0,3.6,1.7,46.0,24.4,82,0.2,16.6
Belagavi,15.8521,74.5045,2026-06-22 09:00:00,2.0,1.7,104.0,3.1,1.6,49.0,25.1,79,0.5,16.7
Belagavi,15.8521,74.5045,2026-06-22 10:00:00,1.9,1.6,100.0,2.2,1.4,52.0,27.0,70,0.1,16.9
Belagavi,15.8521,74.5045,2026-06-22 11:00:00,2.1,1.7,97.0,1.5,1.2,55.0,26.7,67,0.3,21.0
Belagavi,15.8521,74.5045,2026-06-22 12:00:00,2.5,1.9,99.0,1.3,1.1,56.0,26.4,70,0.5,21.8
Belagavi,15.8521,74.5045,2026-06-22 13:00:00,2.7,2.0,103.0,1.3,1.1,56.0,25.6,79,2.5,19.2
Belagavi,15.8521,74.5045,2026-06-22 14:00:00,3.2,2.5,106.0,1.6,1.1,56.0,26.4,74,0.7,21.3
Belagavi,15.8521,74.5045,2026-06-22 15:00:00,3.2,2.6,107.0,2.1,1.1,55.0,25.8,75,0.3,20.0
Belagavi,15.8521,74.5045,2026-06-22 16:00:00,2.4,2.1,109.0,2.9,1.1,53.0,25.1,77,0.2,20.8
Belagavi,15.8521,74.5045,2026-06-22 17:00:00,6.5,4.2,111.0,2.7,1.1,53.0,24.5,81,0.0,21.5
Belagavi,15.8521,74.5045,2026-06-22 18:00:00,4.9,3.5,117.0,3.4,1.3,50.0,23.3,86,0.0,18.7
Belagavi,15.8521,74.5045,2026-06-22 19:00:00,4.2,3.3,125.0,4.4,1.5,46.0,22.7,89,0.0,16.4
Belagavi,15.8521,74.5045,2026-06-22 20:00:00,3.2,2.7,129.0,5.0,1.6,43.0,22.6,90,0.0,14.0
Belagavi,15.8521,74.5045,2026-06-22 21:00:00,2.8,2.5,127.0,4.8,1.6,43.0,22.4,92,0.0,13.3
Belagavi,15.8521,74.5045,2026-06-22 22:00:00,2.2,2.0,121.0,4.2,1.4,43.0,22.5,92,0.1,13.7
Belagavi,15.8521,74.5045,2026-06-22 23:00:00,2.1,1.8,116.0,3.6,1.3,44.0,21.9,98,0.1,16.7
Belagavi,15.8521,74.5045,2026-06-23 00:00:00,2.0,1.7,112.0,3.2,1.2,44.0,21.8,97,0.3,16.1
Belagavi,15.8521,74.5045,2026-06-23 01:00:00,2.1,1.8,108.0,2.9,1.1,44.0,21.7,97,0.1,15.2
Belagavi,15.8521,74.5045,2026-06-23 02:00:00,2.2,1.8,105.0,2.8,1.1,43.0,21.6,96,0.1,14.0
Belagavi,15.8521,74.5045,2026-06-23 03:00:00,1.9,1.7,104.0,2.9,1.1,41.0,21.4,98,0.4,13.2
Belagavi,15.8521,74.5045,2026-06-23 04:00:00,1.5,1.4,104.0,3.2,1.1,39.0,21.1,98,0.1,12.8
Belagavi,15.8521,74.5045,2026-06-23 05:00:00,1.0,1.0,106.0,2.5,1.0,41.0,21.1,98,0.8,16.2
Belagavi,15.8521,74.5045,2026-06-23 06:00:00,1.1,1.1,113.0,2.8,1.1,42.0,21.3,97,0.1,15.5
Belagavi,15.8521,74.5045,2026-06-23 07:00:00,1.5,1.4,123.0,3.2,1.2,43.0,21.5,97,0.3,14.5
Belagavi,15.8521,74.5045,2026-06-23 08:00:00,1.9,1.6,129.0,3.4,1.3,44.0,21.4,98,0.6,16.1
Belagavi,15.8521,74.5045,2026-06-23 09:00:00,2.4,2.1,127.0,3.0,1.2,47.0,22.0,94,0.3,20.8
Belagavi,15.8521,74.5045,2026-06-23 10:00:00,1.7,1.2,120.0,2.4,1.1,50.0,23.6,86,0.3,24.3
Belagavi,15.8521,74.5045,2026-06-23 11:00:00,4.3,2.8,115.0,2.0,1.0,52.0,23.7,86,0.5,27.1
Belagavi,15.8521,74.5045,2026-06-23 12:00:00,6.3,3.9,113.0,1.9,1.0,54.0,23.3,85,0.4,26.3
Belagavi,15.8521,74.5045,2026-06-23 13:00:00,5.8,3.7,111.0,2.0,1.0,54.0,22.8,90,0.5,21.6
Belagavi,15.8521,74.5045,2026-06-23 14:00:00,3.2,2.3,111.0,2.3,1.0,54.0,22.8,89,0.9,19.9
Belagavi,15.8521,74.5045,2026-06-23 15:00:00,2.4,1.7,113.0,3.0,1.0,51.0,24.0,80,0.4,25.4
Belagavi,15.8521,74.5045,2026-06-23 16:00:00,3.8,2.7,116.0,3.9,1.0,47.0,22.7,86,0.1,22.4
Belagavi,15.8521,74.5045,2026-06-23 17:00:00,3.8,2.8,118.0,4.4,1.1,45.0,22.2,91,0.3,22.2
Belagavi,15.8521,74.5045,2026-06-23 18:00:00,2.7,2.3,116.0,4.2,1.1,45.0,21.3,96,0.5,20.2
Belagavi,15.8521,74.5045,2026-06-23 19:00:00,2.4,2.1,113.0,4.0,1.0,45.0,21.2,97,0.4,21.7
Belagavi,15.8521,74.5045,2026-06-23 20:00:00,1.8,1.6,110.0,3.8,1.0,45.0,21.3,98,0.2,21.7
Belagavi,15.8521,74.5045,2026-06-23 21:00:00,1.8,1.6,109.0,3.8,1.1,45.0,21.3,97,0.3,21.1
Belagavi,15.8521,74.5045,2026-06-23 22:00:00,2.1,1.9,109.0,4.0,1.2,44.0,20.9,98,0.4,20.2
Belagavi,15.8521,74.5045,2026-06-23 23:00:00,2.8,2.3,109.0,4.0,1.2,44.0,20.7,97,0.4,22.5
Belagavi,15.8521,74.5045,2026-06-24 00:00:00,2.8,2.2,107.0,3.7,1.2,44.0,20.4,98,1.8,21.9
Belagavi,15.8521,74.5045,2026-06-24 01:00:00,2.8,2.2,105.0,3.4,1.1,45.0,20.1,98,1.6,23.5
Belagavi,15.8521,74.5045,2026-06-24 02:00:00,2.5,2.0,103.0,3.1,1.0,45.0,20.1,98,0.1,17.7
Belagavi,15.8521,74.5045,2026-06-24 03:00:00,2.2,1.8,100.0,3.1,0.9,45.0,20.3,98,0.2,17.3
Belagavi,15.8521,74.5045,2026-06-24 04:00:00,2.4,2.0,98.0,3.1,0.9,44.0,20.1,98,0.0,18.3
Belagavi,15.8521,74.5045,2026-06-24 05:00:00,2.1,1.5,98.0,3.0,1.3,46.0,20.6,97,0.2,19.9
Belagavi,15.8521,74.5045,2026-06-24 06:00:00,1.6,1.4,104.0,3.7,1.4,46.0,20.8,97,0.2,17.6
Belagavi,15.8521,74.5045,2026-06-24 07:00:00,1.9,1.7,114.0,4.7,1.5,47.0,21.0,97,0.4,17.0
Belagavi,15.8521,74.5045,2026-06-24 08:00:00,2.8,2.4,119.0,5.1,1.5,48.0,21.4,96,0.4,18.4
Belagavi,15.8521,74.5045,2026-06-24 09:00:00,3.0,2.3,115.0,4.4,1.5,52.0,21.1,95,0.4,14.5
Belagavi,15.8521,74.5045,2026-06-24 10:00:00,3.0,2.2,108.0,3.1,1.4,57.0,23.9,80,0.0,18.5
Belagavi,15.8521,74.5045,2026-06-24 11:00:00,3.4,2.4,102.0,2.2,1.3,60.0,24.1,83,0.1,22.9
Belagavi,15.8521,74.5045,2026-06-24 12:00:00,4.2,2.9,100.0,2.0,1.3,61.0,24.6,81,0.4,21.6
Belagavi,15.8521,74.5045,2026-06-24 13:00:00,4.3,2.8,99.0,2.1,1.2,60.0,23.9,84,0.3,19.0
Belagavi,15.8521,74.5045,2026-06-24 14:00:00,4.8,3.2,103.0,2.5,1.2,58.0,23.1,89,0.5,19.1
Belagavi,15.8521,74.5045,2026-06-24 15:00:00,4.8,3.4,115.0,3.1,1.2,56.0,22.5,92,0.3,19.3
Belagavi,15.8521,74.5045,2026-06-24 16:00:00,4.4,2.7,131.0,3.9,1.1,53.0,22.0,96,0.5,19.2
Belagavi,15.8521,74.5045,2026-06-24 17:00:00,5.4,3.5,142.0,4.7,1.2,50.0,23.2,94,0.1,15.3
Belagavi,15.8521,74.5045,2026-06-24 18:00:00,5.5,3.9,142.0,5.6,1.4,47.0,22.0,97,0.7,18.1
Belagavi,15.8521,74.5045,2026-06-24 19:00:00,6.1,4.3,137.0,6.5,1.7,44.0,21.0,98,0.1,15.0
Belagavi,15.8521,74.5045,2026-06-24 20:00:00,5.7,4.4,131.0,7.0,1.9,42.0,21.0,97,0.2,15.4
Belagavi,15.8521,74.5045,2026-06-24 21:00:00,4.5,3.8,127.0,6.8,1.8,41.0,20.5,98,0.2,13.8
Belagavi,15.8521,74.5045,2026-06-24 22:00:00,4.6,4.0,123.0,6.1,1.7,41.0,20.4,98,0.0,11.8
Belagavi,15.8521,74.5045,2026-06-24 23:00:00,4.4,3.7,119.0,5.5,1.5,41.0,21.4,98,0.1,12.8
Belagavi,15.8521,74.5045,2026-06-25 00:00:00,3.6,2.8,113.0,5.0,1.4,41.0,21.2,99,0.4,14.8
Belagavi,15.8521,74.5045,2026-06-25 01:00:00,3.1,2.5,108.0,4.6,1.4,40.0,21.1,98,0.7,18.7
Belagavi,15.8521,74.5045,2026-06-25 02:00:00,2.7,2.4,104.0,4.3,1.4,40.0,20.8,98,0.0,16.1
Belagavi,15.8521,74.5045,2026-06-25 03:00:00,2.2,2.0,104.0,4.2,1.4,39.0,20.7,98,0.0,13.5
Belagavi,15.8521,74.5045,2026-06-25 04:00:00,1.8,1.7,107.0,4.3,1.4,38.0,20.7,98,0.0,12.8
Belagavi,15.8521,74.5045,2026-06-25 05:00:00,2.1,1.9,110.0,4.5,1.5,38.0,21.8,98,0.0,14.6
Belagavi,15.8521,74.5045,2026-06-25 06:00:00,2.2,2.0,113.0,5.1,1.6,38.0,21.2,98,0.1,15.7
Belagavi,15.8521,74.5045,2026-06-25 07:00:00,2.5,2.4,115.0,5.8,1.7,38.0,21.6,96,0.0,15.8
Belagavi,15.8521,74.5045,2026-06-25 08:00:00,2.2,2.1,115.0,5.9,1.8,40.0,23.3,84,0.1,16.6
Belagavi,15.8521,74.5045,2026-06-25 09:00:00,2.7,2.3,110.0,4.9,1.8,45.0,24.8,75,0.1,20.6
Belagavi,15.8521,74.5045,2026-06-25 10:00:00,3.1,2.7,103.0,3.2,1.7,51.0,25.9,69,0.1,20.9
Belagavi,15.8521,74.5045,2026-06-25 11:00:00,3.2,2.3,97.0,2.0,1.6,56.0,27.1,65,0.0,22.0
Belagavi,15.8521,74.5045,2026-06-25 12:00:00,5.1,2.9,95.0,1.6,1.4,58.0,27.0,63,0.1,23.7
Belagavi,15.8521,74.5045,2026-06-25 13:00:00,8.1,4.0,95.0,1.7,1.2,58.0,27.2,66,0.4,21.5
Belagavi,15.8521,74.5045,2026-06-25 14:00:00,7.4,4.1,97.0,1.9,1.1,57.0,27.5,63,0.1,22.5
Belagavi,15.8521,74.5045,2026-06-25 15:00:00,6.9,4.1,100.0,2.2,1.1,56.0,27.1,63,0.0,22.8
Belagavi,15.8521,74.5045,2026-06-25 16:00:00,6.3,3.9,105.0,2.7,1.1,55.0,26.2,66,0.0,21.1
Belagavi,15.8521,74.5045,2026-06-25 17:00:00,11.6,5.9,110.0,3.0,1.1,49.0,25.2,75,0.0,18.9
Belagavi,15.8521,74.5045,2026-06-25 18:00:00,10.4,5.4,118.0,3.3,1.2,48.0,24.3,79,0.0,19.1
Belagavi,15.8521,74.5045,2026-06-25 19:00:00,9.5,5.2,126.0,3.8,1.3,47.0,22.8,89,0.0,14.7
Belagavi,15.8521,74.5045,2026-06-25 20:00:00,8.8,5.2,130.0,4.3,1.4,45.0,22.3,92,0.0,11.9
Belagavi,15.8521,74.5045,2026-06-25 21:00:00,7.9,5.0,126.0,4.7,1.4,44.0,22.0,93,0.0,11.2
Belagavi,15.8521,74.5045,2026-06-25 22:00:00,7.7,5.3,118.0,5.1,1.3,42.0,22.2,92,0.0,12.2
Belagavi,15.8521,74.5045,2026-06-25 23:00:00,8.7,5.9,111.0,5.5,1.2,40.0,22.2,93,0.0,10.6
Belagavi,15.8521,74.5045,2026-06-26 00:00:00,9.5,6.3,105.0,6.1,0.9,36.0,21.8,95,0.0,9.4
Belagavi,15.8521,74.5045,2026-06-26 01:00:00,11.5,8.2,100.0,6.8,0.6,32.0,21.8,94,0.0,9.1
Belagavi,15.8521,74.5045,2026-06-26 02:00:00,12.9,9.2,97.0,7.0,0.4,30.0,21.5,96,0.0,9.4
Belagavi,15.8521,74.5045,2026-06-26 03:00:00,13.8,9.8,99.0,6.2,0.4,32.0,21.7,95,0.0,9.8
Belagavi,15.8521,74.5045,2026-06-26 04:00:00,14.5,9.8,104.0,4.9,0.6,35.0,21.6,95,0.0,10.1
Belagavi,15.8521,74.5045,2026-06-26 05:00:00,7.3,3.7,108.0,3.1,1.6,43.0,21.8,95,0.0,11.8
Belagavi,15.8521,74.5045,2026-06-26 06:00:00,6.2,3.4,112.0,3.4,1.6,44.0,21.7,95,0.0,13.0
Belagavi,15.8521,74.5045,2026-06-26 07:00:00,6.2,3.6,116.0,3.8,1.7,46.0,22.8,88,0.0,15.7
Belagavi,15.8521,74.5045,2026-06-26 08:00:00,6.1,3.6,117.0,3.8,1.7,48.0,23.6,83,0.0,15.1
Belagavi,15.8521,74.5045,2026-06-26 09:00:00,6.7,3.8,113.0,3.2,1.6,52.0,25.3,76,0.0,15.8
Belagavi,15.8521,74.5045,2026-06-26 10:00:00,8.3,4.3,106.0,2.2,1.5,58.0,26.4,72,0.0,15.9
Belagavi,15.8521,74.5045,2026-06-26 11:00:00,9.5,4.9,101.0,1.5,1.4,61.0,26.7,66,0.0,19.9
Belagavi,15.8521,74.5045,2026-06-26 12:00:00,10.7,5.3,101.0,1.4,1.2,61.0,27.3,63,0.0,20.2
Belagavi,15.8521,74.5045,2026-06-26 13:00:00,13.0,6.0,104.0,1.5,1.1,59.0,27.6,62,0.0,21.5
Belagavi,15.8521,74.5045,2026-06-26 14:00:00,13.3,6.3,106.0,1.8,1.0,58.0,27.8,61,0.0,22.4
Belagavi,15.8521,74.5045,2026-06-26 15:00:00,12.5,6.5,105.0,1.9,1.0,59.0,27.3,62,0.0,23.2
Belagavi,15.8521,74.5045,2026-06-26 16:00:00,12.8,6.7,102.0,2.2,1.1,59.0,26.6,65,0.0,22.7
Belagavi,15.8521,74.5045,2026-06-26 17:00:00,15.0,6.8,105.0,2.4,1.2,55.0,25.1,73,0.0,19.3
Belagavi,15.8521,74.5045,2026-06-26 18:00:00,14.6,7.5,117.0,3.7,1.4,51.0,24.0,78,0.0,18.0
Belagavi,15.8521,74.5045,2026-06-26 19:00:00,13.9,8.1,134.0,5.6,1.8,45.0,22.9,86,0.0,15.1
Belagavi,15.8521,74.5045,2026-06-26 20:00:00,13.8,8.1,146.0,6.9,2.0,40.0,22.1,92,0.0,13.5
Belagavi,15.8521,74.5045,2026-06-26 21:00:00,13.6,7.7,150.0,7.4,2.1,38.0,21.9,95,0.1,11.3
Belagavi,15.8521,74.5045,2026-06-26 22:00:00,13.6,8.2,148.0,7.4,2.1,36.0,21.8,96,0.1,11.9
Belagavi,15.8521,74.5045,2026-06-26 23:00:00,13.7,8.4,144.0,7.1,2.1,36.0,21.5,96,0.1,11.7
Belagavi,15.8521,74.5045,2026-06-27 00:00:00,12.9,8.3,135.0,6.3,1.9,37.0,21.3,97,0.0,11.5
Belagavi,15.8521,74.5045,2026-06-27 01:00:00,12.0,7.3,122.0,5.2,1.7,38.0,21.3,97,0.0,12.0
Belagavi,15.8521,74.5045,2026-06-27 02:00:00,10.9,6.2,113.0,4.3,1.6,39.0,21.3,97,0.0,12.2
Belagavi,15.8521,74.5045,2026-06-27 03:00:00,9.8,5.6,110.0,4.1,1.7,39.0,21.4,97,0.0,12.1
Belagavi,15.8521,74.5045,2026-06-27 04:00:00,9.1,5.2,110.0,4.1,2.0,38.0,21.5,95,0.0,11.7
Belagavi,15.8521,74.5045,2026-06-27 05:00:00,8.6,4.4,110.0,2.8,1.9,44.0,22.0,94,0.0,13.0
Belagavi,15.8521,74.5045,2026-06-27 06:00:00,7.6,4.3,111.0,3.0,2.0,45.0,22.3,92,0.0,14.1
Belagavi,15.8521,74.5045,2026-06-27 07:00:00,7.5,4.0,113.0,3.2,2.1,46.0,22.9,88,0.0,14.5
Belagavi,15.8521,74.5045,2026-06-27 08:00:00,9.7,5.0,113.0,3.2,2.2,48.0,24.4,80,0.0,13.8
Belagavi,15.8521,74.5045,2026-06-27 09:00:00,11.5,5.7,109.0,2.6,2.1,53.0,25.8,72,0.0,14.4
Belagavi,15.8521,74.5045,2026-06-27 10:00:00,11.7,5.7,102.0,1.8,2.0,60.0,26.8,69,0.1,14.2
Belagavi,15.8521,74.5045,2026-06-27 11:00:00,10.3,5.5,99.0,1.3,1.8,64.0,27.6,66,0.2,18.6
Belagavi,15.8521,74.5045,2026-06-27 12:00:00,9.3,4.9,102.0,1.3,1.6,64.0,26.2,74,1.5,18.0
Belagavi,15.8521,74.5045,2026-06-27 13:00:00,9.2,4.9,107.0,1.6,1.3,62.0,26.2,80,0.9,16.0
Belagavi,15.8521,74.5045,2026-06-27 14:00:00,7.9,4.8,111.0,2.1,1.2,59.0,26.3,72,0.5,20.6
Belagavi,15.8521,74.5045,2026-06-27 15:00:00,5.8,3.9,111.0,2.8,1.2,57.0,26.2,70,0.5,20.7
Belagavi,15.8521,74.5045,2026-06-27 16:00:00,4.4,3.3,110.0,3.6,1.3,55.0,25.9,72,0.3,19.0
Belagavi,15.8521,74.5045,2026-06-27 17:00:00,10.5,5.9,111.0,3.1,1.4,53.0,25.4,77,0.1,14.2
Belagavi,15.8521,74.5045,2026-06-27 18:00:00,9.5,5.7,118.0,5.3,1.6,47.0,24.2,83,0.0,13.9
Belagavi,15.8521,74.5045,2026-06-27 19:00:00,9.5,6.7,126.0,8.3,2.0,40.0,23.2,88,0.0,12.5
Belagavi,15.8521,74.5045,2026-06-27 20:00:00,10.5,7.9,132.0,10.1,2.2,35.0,22.7,92,0.0,11.6
Belagavi,15.8521,74.5045,2026-06-27 21:00:00,10.8,8.1,132.0,9.5,2.3,35.0,22.6,92,0.0,10.9
Belagavi,15.8521,74.5045,2026-06-27 22:00:00,10.2,7.6,128.0,7.7,2.4,38.0,22.7,91,0.0,12.6
Belagavi,15.8521,74.5045,2026-06-27 23:00:00,8.7,6.1,123.0,6.0,2.3,40.0,22.6,89,0.0,14.1
Belagavi,15.8521,74.5045,2026-06-28 00:00:00,6.8,4.6,115.0,4.8,2.1,42.0,22.3,91,0.0,10.6
Belagavi,15.8521,74.5045,2026-06-28 01:00:00,5.1,3.6,107.0,3.7,1.7,43.0,22.1,92,0.0,10.8
Belagavi,15.8521,74.5045,2026-06-28 02:00:00,4.1,3.0,102.0,3.0,1.5,44.0,22.2,92,0.0,10.3
Belagavi,15.8521,74.5045,2026-06-28 03:00:00,3.6,2.6,106.0,2.9,1.4,43.0,22.3,91,0.0,7.8
Belagavi,15.8521,74.5045,2026-06-28 04:00:00,3.2,2.5,114.0,3.3,1.4,42.0,22.3,91,0.0,8.9
Belagavi,15.8521,74.5045,2026-06-28 05:00:00,1.9,1.8,120.0,3.9,1.3,40.0,21.9,98,0.0,8.9
Belagavi,15.8521,74.5045,2026-06-28 06:00:00,2.7,2.6,120.0,3.9,1.5,42.0,21.9,97,0.0,8.9
Belagavi,15.8521,74.5045,2026-06-28 07:00:00,2.6,2.5,117.0,3.8,1.7,44.0,22.5,94,0.0,9.9
Belagavi,15.8521,74.5045,2026-06-28 08:00:00,2.8,2.8,114.0,3.5,1.8,48.0,24.1,85,0.1,10.8
Belagavi,15.8521,74.5045,2026-06-28 09:00:00,2.5,2.4,112.0,2.8,1.7,54.0,25.8,77,0.1,11.0
Belagavi,15.8521,74.5045,2026-06-28 10:00:00,2.6,2.3,111.0,1.9,1.4,60.0,26.4,74,0.1,10.8
Belagavi,15.8521,74.5045,2026-06-28 11:00:00,3.0,2.3,110.0,1.3,1.2,64.0,27.6,67,0.1,11.3
Belagavi,15.8521,74.5045,2026-06-28 12:00:00,3.2,2.4,110.0,1.3,1.1,64.0,24.1,86,1.5,18.0
Belagavi,15.8521,74.5045,2026-06-28 13:00:00,3.8,3.3,112.0,1.6,0.9,61.0,26.2,80,0.8,18.6
Belagavi,15.8521,74.5045,2026-06-28 14:00:00,3.6,3.0,112.0,2.1,0.9,57.0,24.1,87,3.6,19.2
Belagavi,15.8521,74.5045,2026-06-28 15:00:00,3.1,2.7,110.0,2.7,1.0,53.0,23.8,91,2.2,19.1
Belagavi,15.8521,74.5045,2026-06-28 16:00:00,2.2,1.9,107.0,3.5,1.1,48.0,23.0,95,5.6,21.0
Belagavi,15.8521,74.5045,2026-06-28 17:00:00,2.2,1.9,107.0,4.1,1.2,44.0,22.7,93,1.8,23.4
Belagavi,15.8521,74.5045,2026-06-28 18:00:00,3.3,2.6,112.0,4.4,1.2,42.0,22.3,97,0.2,17.0
Belagavi,15.8521,74.5045,2026-06-28 19:00:00,5.0,3.7,120.0,4.5,1.2,42.0,22.0,97,0.1,17.6
Belagavi,15.8521,74.5045,2026-06-28 20:00:00,4.9,3.6,125.0,4.4,1.2,42.0,21.9,98,0.1,14.9
Belagavi,15.8521,74.5045,2026-06-28 21:00:00,3.6,2.8,124.0,4.2,1.2,43.0,21.9,97,0.0,13.7
Belagavi,15.8521,74.5045,2026-06-28 22:00:00,2.9,2.4,120.0,3.8,1.2,44.0,21.6,97,0.0,14.2
Belagavi,15.8521,74.5045,2026-06-28 23:00:00,2.6,2.2,118.0,3.4,1.1,45.0,21.0,98,0.0,15.7
Belagavi,15.8521,74.5045,2026-06-29 00:00:00,2.5,2.0,121.0,3.1,1.0,45.0,21.1,98,0.0,14.8
Belagavi,15.8521,74.5045,2026-06-29 01:00:00,2.6,2.1,126.0,2.9,0.9,46.0,21.4,97,0.0,14.2
Belagavi,15.8521,74.5045,2026-06-29 02:00:00,2.6,2.0,128.0,2.7,0.8,46.0,21.7,96,0.1,15.1
Belagavi,15.8521,74.5045,2026-06-29 03:00:00,2.6,2.0,126.0,2.7,0.8,46.0,21.5,97,0.0,14.4
Belagavi,15.8521,74.5045,2026-06-29 04:00:00,2.7,2.1,121.0,2.7,0.9,47.0,21.4,98,0.0,14.6
Belagavi,15.8521,74.5045,2026-06-29 05:00:00,3.4,2.6,117.0,2.4,1.0,47.0,21.5,96,0.1,13.9
Belagavi,15.8521,74.5045,2026-06-29 06:00:00,2.8,2.2,115.0,3.7,1.3,44.0,21.5,96,0.0,13.1
Belagavi,15.8521,74.5045,2026-06-29 07:00:00,2.6,2.3,114.0,5.5,1.7,41.0,22.1,93,0.1,15.7
Belagavi,15.8521,74.5045,2026-06-29 08:00:00,3.7,3.3,112.0,6.4,1.9,40.0,23.4,85,0.0,17.7
Belagavi,15.8521,74.5045,2026-06-29 09:00:00,3.7,3.4,109.0,5.4,1.8,44.0,23.6,84,0.3,18.4
Belagavi,15.8521,74.5045,2026-06-29 10:00:00,2.8,2.5,105.0,3.6,1.6,51.0,25.0,82,0.3,18.4
Belagavi,15.8521,74.5045,2026-06-29 11:00:00,2.5,1.9,103.0,2.2,1.4,56.0,24.0,85,0.1,17.5
Belagavi,15.8521,74.5045,2026-06-29 12:00:00,2.8,1.9,102.0,1.9,1.3,58.0,24.5,81,0.1,18.3
Belagavi,15.8521,74.5045,2026-06-29 13:00:00,2.9,2.0,102.0,2.2,1.3,58.0,25.6,78,0.2,18.3
Belagavi,15.8521,74.5045,2026-06-29 14:00:00,3.5,2.7,104.0,2.7,1.3,57.0,25.8,76,0.1,21.2
Belagavi,15.8521,74.5045,2026-06-29 15:00:00,3.0,2.3,110.0,3.7,1.3,54.0,23.6,91,1.3,19.3
Belagavi,15.8521,74.5045,2026-06-29 16:00:00,2.7,2.2,117.0,4.9,1.3,49.0,23.7,83,0.6,19.9
Belagavi,15.8521,74.5045,2026-06-29 17:00:00,5.6,3.7,122.0,3.8,1.1,50.0,23.6,84,0.2,22.0
Belagavi,15.8521,74.5045,2026-06-29 18:00:00,4.6,3.6,122.0,4.3,1.1,48.0,22.5,90,0.1,19.3
Belagavi,15.8521,74.5045,2026-06-29 19:00:00,2.7,2.3,120.0,5.0,1.2,45.0,21.9,94,0.1,18.6
Belagavi,15.8521,74.5045,2026-06-29 20:00:00,2.3,2.1,118.0,5.5,1.2,43.0,21.7,96,0.1,16.1
Belagavi,15.8521,74.5045,2026-06-29 21:00:00,2.3,2.2,118.0,5.5,1.2,42.0,21.6,97,0.1,17.5
Belagavi,15.8521,74.5045,2026-06-29 22:00:00,2.5,2.3,119.0,5.2,1.2,43.0,21.7,96,0.1,19.0
Belagavi,15.8521,74.5045,2026-06-29 23:00:00,2.3,2.1,118.0,4.9,1.2,43.0,21.2,97,0.0,18.4
Belagavi,15.8521,74.5045,2026-06-30 00:00:00,1.9,1.8,115.0,4.6,1.2,43.0,20.9,97,0.1,19.2
Belagavi,15.8521,74.5045,2026-06-30 01:00:00,1.7,1.5,111.0,4.2,1.3,43.0,21.0,98,0.1,18.6
Belagavi,15.8521,74.5045,2026-06-30 02:00:00,1.6,1.5,108.0,3.8,1.3,43.0,21.0,97,0.1,17.6
Belagavi,15.8521,74.5045,2026-06-30 03:00:00,1.6,1.5,107.0,3.4,1.3,44.0,21.0,98,0.2,17.4
Belagavi,15.8521,74.5045,2026-06-30 04:00:00,1.4,1.3,106.0,3.0,1.2,45.0,21.2,98,0.3,18.4
Belagavi,15.8521,74.5045,2026-06-30 05:00:00,1.5,1.4,106.0,2.8,0.9,46.0,21.0,99,0.2,21.0
Belagavi,15.8521,74.5045,2026-06-30 06:00:00,1.6,1.5,107.0,3.3,1.0,45.0,21.2,98,0.1,21.6
Belagavi,15.8521,74.5045,2026-06-30 07:00:00,2.2,1.9,108.0,4.0,1.1,45.0,21.5,96,0.0,19.4
Belagavi,15.8521,74.5045,2026-06-30 08:00:00,2.2,1.8,108.0,4.3,1.2,45.0,22.5,89,0.2,22.8
Belagavi,15.8521,74.5045,2026-06-30 09:00:00,2.2,1.7,107.0,4.0,1.2,47.0,23.8,82,0.2,23.3
Belagavi,15.8521,74.5045,2026-06-30 10:00:00,2.0,1.6,106.0,3.4,1.2,49.0,24.8,77,0.1,24.4
Belagavi,15.8521,74.5045,2026-06-30 11:00:00,1.9,1.6,104.0,2.9,1.2,51.0,25.5,75,0.1,27.6
Belagavi,15.8521,74.5045,2026-06-30 12:00:00,1.7,1.4,102.0,2.7,1.2,52.0,24.3,82,0.1,24.9
Belagavi,15.8521,74.5045,2026-06-30 13:00:00,1.8,1.6,99.0,2.6,1.1,53.0,24.6,79,0.2,25.2
Belagavi,15.8521,74.5045,2026-06-30 14:00:00,2.3,1.9,98.0,2.8,1.1,52.0,23.6,84,0.0,20.6
Belagavi,15.8521,74.5045,2026-06-30 15:00:00,2.5,2.3,101.0,3.7,1.0,49.0,23.9,85,0.2,25.4
Belagavi,15.8521,74.5045,2026-06-30 16:00:00,2.0,1.9,105.0,4.9,0.9,46.0,23.7,84,0.2,20.2
Belagavi,15.8521,74.5045,2026-06-30 17:00:00,3.3,2.5,109.0,5.9,1.0,43.0,22.7,92,2.1,22.2
Belagavi,15.8521,74.5045,2026-06-30 18:00:00,2.9,2.5,112.0,6.5,1.1,41.0,22.4,94,0.1,18.4
Belagavi,15.8521,74.5045,2026-06-30 19:00:00,2.5,2.4,114.0,7.4,1.3,39.0,21.9,95,0.1,19.6
Belagavi,15.8521,74.5045,2026-06-30 20:00:00,2.4,2.3,115.0,7.6,1.4,38.0,21.6,97,0.2,19.1
Belagavi,15.8521,74.5045,2026-06-30 21:00:00,2.1,2.0,115.0,6.7,1.3,39.0,21.8,97,0.2,18.2
Belagavi,15.8521,74.5045,2026-06-30 22:00:00,1.7,1.7,115.0,5.3,1.2,41.0,21.8,97,0.1,18.3
Belagavi,15.8521,74.5045,2026-06-30 23:00:00,1.4,1.4,113.0,4.1,1.0,43.0,21.6,97,0.3,20.0
Belagavi,15.8521,74.5045,2026-07-01 00:00:00,1.0,1.0,108.0,3.5,0.9,44.0,21.4,98,0.1,20.2
Belagavi,15.8521,74.5045,2026-07-01 01:00:00,1.0,1.0,101.0,3.2,0.8,44.0,21.4,98,0.2,17.1
Belagavi,15.8521,74.5045,2026-07-01 02:00:00,1.3,1.2,96.0,3.0,0.7,44.0,21.4,97,0.4,15.8
Belagavi,15.8521,74.5045,2026-07-01 03:00:00,1.3,1.3,95.0,2.7,0.8,45.0,21.7,98,0.2,18.3
Belagavi,15.8521,74.5045,2026-07-01 04:00:00,1.3,1.2,96.0,2.4,0.9,46.0,21.7,96,0.2,19.4
Belagavi,15.8521,74.5045,2026-07-01 05:00:00,2.7,1.9,99.0,2.6,1.1,44.0,21.1,97,0.7,16.5
Belagavi,15.8521,74.5045,2026-07-01 06:00:00,2.5,1.9,108.0,3.3,1.3,44.0,21.2,98,0.1,14.5
Belagavi,15.8521,74.5045,2026-07-01 07:00:00,3.0,2.4,119.0,4.2,1.5,43.0,21.4,98,0.2,13.8
Belagavi,15.8521,74.5045,2026-07-01 08:00:00,3.9,2.8,125.0,4.7,1.6,44.0,22.2,94,0.2,17.3
Belagavi,15.8521,74.5045,2026-07-01 09:00:00,3.1,2.5,120.0,4.2,1.5,46.0,21.9,96,1.1,17.9
Belagavi,15.8521,74.5045,2026-07-01 10:00:00,2.1,1.8,110.0,3.2,1.4,49.0,22.3,93,0.5,19.8
Belagavi,15.8521,74.5045,2026-07-01 11:00:00,2.6,2.0,104.0,2.6,1.2,51.0,23.0,89,0.2,23.2
Belagavi,15.8521,74.5045,2026-07-01 12:00:00,3.9,2.8,105.0,2.6,1.1,50.0,22.6,96,1.5,19.8
Belagavi,15.8521,74.5045,2026-07-01 13:00:00,4.3,3.0,110.0,3.0,1.1,49.0,22.3,95,1.0,20.5
Belagavi,15.8521,74.5045,2026-07-01 14:00:00,5.4,3.4,115.0,3.5,1.0,47.0,22.1,96,1.6,23.1
Belagavi,15.8521,74.5045,2026-07-01 15:00:00,3.9,2.9,121.0,4.3,0.9,45.0,22.0,96,0.9,22.6
Belagavi,15.8521,74.5045,2026-07-01 16:00:00,2.4,1.8,127.0,5.3,0.9,44.0,21.7,98,0.5,19.9
Belagavi,15.8521,74.5045,2026-07-01 17:00:00,3.2,2.5,131.0,4.7,1.3,47.0,21.7,97,0.3,21.8
Belagavi,15.8521,74.5045,2026-07-01 18:00:00,3.0,2.4,129.0,5.3,1.5,46.0,21.4,98,0.3,20.5
Belagavi,15.8521,74.5045,2026-07-01 19:00:00,3.3,2.7,125.0,6.0,1.7,44.0,21.2,98,0.2,17.0
Belagavi,15.8521,74.5045,2026-07-01 20:00:00,2.8,2.4,121.0,6.4,1.8,43.0,21.0,98,0.1,17.3
Belagavi,15.8521,74.5045,2026-07-01 21:00:00,2.1,1.8,119.0,6.2,1.8,42.0,21.1,98,0.1,18.2
Belagavi,15.8521,74.5045,2026-07-01 22:00:00,2.4,2.2,118.0,5.7,1.7,41.0,20.9,98,0.1,18.2
Belagavi,15.8521,74.5045,2026-07-01 23:00:00,2.6,2.3,115.0,5.1,1.6,41.0,21.4,96,0.4,17.6
Belagavi,15.8521,74.5045,2026-07-02 00:00:00,1.8,1.6,109.0,4.5,1.5,41.0,21.4,97,0.2,18.9
Belagavi,15.8521,74.5045,2026-07-02 01:00:00,1.4,1.3,102.0,4.0,1.3,41.0,21.2,97,0.1,20.0
Belagavi,15.8521,74.5045,2026-07-02 02:00:00,1.6,1.4,97.0,3.5,1.2,42.0,20.8,99,0.1,17.1
Belagavi,15.8521,74.5045,2026-07-02 03:00:00,1.5,1.3,97.0,3.1,1.2,43.0,20.8,98,0.2,17.5
Belagavi,15.8521,74.5045,2026-07-02 04:00:00,1.6,1.3,100.0,2.8,1.4,44.0,20.8,98,0.0,17.5
Belagavi,15.8521,74.5045,2026-07-02 05:00:00,2.4,1.5,103.0,3.1,1.4,44.0,21.9,98,0.0,17.3
Belagavi,15.8521,74.5045,2026-07-02 06:00:00,3.1,2.1,108.0,3.8,1.5,44.0,21.1,98,0.2,15.9
Belagavi,15.8521,74.5045,2026-07-02 07:00:00,2.8,2.4,113.0,4.7,1.5,43.0,21.4,96,0.2,12.9
Belagavi,15.8521,74.5045,2026-07-02 08:00:00,2.3,2.0,116.0,5.2,1.6,44.0,21.8,94,0.1,16.0
Belagavi,15.8521,74.5045,2026-07-02 09:00:00,2.2,1.9,113.0,4.8,1.6,46.0,22.5,92,0.2,17.6
Belagavi,15.8521,74.5045,2026-07-02 10:00:00,2.6,2.0,106.0,4.0,1.6,50.0,23.3,88,0.1,20.6
Belagavi,15.8521,74.5045,2026-07-02 11:00:00,3.7,2.9,101.0,3.5,1.6,52.0,24.1,87,0.4,21.7
Belagavi,15.8521,74.5045,2026-07-02 12:00:00,4.9,3.6,99.0,3.5,1.5,52.0,22.5,94,1.1,19.9
Belagavi,15.8521,74.5045,2026-07-02 13:00:00,2.8,2.0,99.0,3.8,1.5,51.0,24.5,84,0.4,24.9
Belagavi,15.8521,74.5045,2026-07-02 14:00:00,2.8,2.2,101.0,4.2,1.4,50.0,23.3,89,0.3,22.8
Belagavi,15.8521,74.5045,2026-07-02 15:00:00,2.6,2.2,106.0,4.8,1.3,48.0,22.1,96,0.7,19.8
Belagavi,15.8521,74.5045,2026-07-02 16:00:00,2.3,2.0,113.0,5.5,1.2,46.0,21.9,96,0.5,22.4
Belagavi,15.8521,74.5045,2026-07-02 17:00:00,3.6,2.9,119.0,5.6,0.9,45.0,21.9,98,1.3,21.2
Belagavi,15.8521,74.5045,2026-07-02 18:00:00,2.7,2.3,122.0,5.9,1.1,44.0,21.6,98,1.2,21.8
Belagavi,15.8521,74.5045,2026-07-02 19:00:00,2.8,2.4,124.0,6.3,1.4,43.0,21.4,98,0.4,19.5
Belagavi,15.8521,74.5045,2026-07-02 20:00:00,3.3,2.7,124.0,6.5,1.7,42.0,21.4,98,0.1,16.2
Belagavi,15.8521,74.5045,2026-07-02 21:00:00,3.9,2.9,123.0,6.2,1.8,42.0,21.4,98,0.0,16.0
Belagavi,15.8521,74.5045,2026-07-02 22:00:00,4.0,3.0,120.0,5.7,1.9,42.0,21.3,98,0.0,16.6
Belagavi,15.8521,74.5045,2026-07-02 23:00:00,4.5,3.1,118.0,5.1,1.9,43.0,21.6,97,0.0,18.7
Belagavi,15.8521,74.5045,2026-07-03 00:00:00,4.9,3.1,116.0,4.4,1.8,44.0,21.5,97,0.1,18.8
Belagavi,15.8521,74.5045,2026-07-03 01:00:00,4.1,2.7,113.0,3.6,1.5,45.0,21.2,98,0.0,17.3
Belagavi,15.8521,74.5045,2026-07-03 02:00:00,4.2,2.7,111.0,3.0,1.4,46.0,21.2,98,0.0,16.6
Belagavi,15.8521,74.5045,2026-07-03 03:00:00,3.3,2.2,109.0,2.8,1.4,45.0,21.0,98,0.0,15.5
Belagavi,15.8521,74.5045,2026-07-03 04:00:00,3.1,2.2,106.0,2.9,1.4,44.0,21.0,97,0.1,17.2
Belagavi,15.8521,74.5045,2026-07-03 05:00:00,5.6,2.9,105.0,2.3,1.1,46.0,20.9,98,0.0,19.3
Belagavi,15.8521,74.5045,2026-07-03 06:00:00,5.0,2.9,106.0,3.5,1.3,44.0,20.6,98,0.0,17.9
Belagavi,15.8521,74.5045,2026-07-03 07:00:00,3.5,2.5,108.0,5.0,1.6,42.0,21.5,95,0.0,20.2
Belagavi,15.8521,74.5045,2026-07-03 08:00:00,4.3,3.0,108.0,5.8,1.8,41.0,22.8,87,0.1,18.4
Belagavi,15.8521,74.5045,2026-07-03 09:00:00,6.9,4.4,105.0,4.9,1.7,45.0,23.9,83,0.1,22.2
Belagavi,15.8521,74.5045,2026-07-03 10:00:00,7.2,4.5,100.0,3.2,1.4,50.0,24.2,81,0.2,26.8
Belagavi,15.8521,74.5045,2026-07-03 11:00:00,5.7,3.2,97.0,2.1,1.2,54.0,24.7,81,0.3,26.0
Belagavi,15.8521,74.5045,2026-07-03 12:00:00,5.3,2.9,98.0,2.1,1.2,54.0,25.0,80,0.2,28.9
Belagavi,15.8521,74.5045,2026-07-03 13:00:00,4.9,3.3,101.0,2.6,1.2,53.0,23.7,88,0.5,26.8
Belagavi,15.8521,74.5045,2026-07-03 14:00:00,4.8,3.3,104.0,3.2,1.2,51.0,23.6,88,0.4,25.4
Belagavi,15.8521,74.5045,2026-07-03 15:00:00,5.5,3.8,107.0,3.7,1.1,49.0,23.7,86,0.1,25.1
Belagavi,15.8521,74.5045,2026-07-03 16:00:00,6.4,4.6,110.0,4.3,1.0,47.0,23.7,83,0.1,21.6
Belagavi,15.8521,74.5045,2026-07-03 17:00:00,6.4,4.0,114.0,5.8,1.3,44.0,22.2,90,0.2,21.6
Belagavi,15.8521,74.5045,2026-07-03 18:00:00,5.1,3.6,119.0,5.7,1.4,44.0,21.8,93,0.1,19.1
Belagavi,15.8521,74.5045,2026-07-03 19:00:00,2.7,2.2,124.0,5.6,1.4,44.0,21.4,96,0.2,18.7
Belagavi,15.8521,74.5045,2026-07-03 20:00:00,3.0,2.5,126.0,5.4,1.5,44.0,21.3,95,0.2,20.9
Belagavi,15.8521,74.5045,2026-07-03 21:00:00,3.4,2.6,122.0,5.0,1.5,44.0,20.9,95,0.2,22.7
Belagavi,15.8521,74.5045,2026-07-03 22:00:00,2.8,2.2,115.0,4.6,1.5,44.0,20.3,97,0.4,20.8
Belagavi,15.8521,74.5045,2026-07-03 23:00:00,2.5,1.9,108.0,4.2,1.4,44.0,20.9,95,0.2,22.2
Belagavi,15.8521,74.5045,2026-07-04 00:00:00,1.9,1.5,102.0,3.9,1.3,44.0,20.7,96,0.1,25.0
Belagavi,15.8521,74.5045,2026-07-04 01:00:00,1.4,1.3,96.0,3.6,1.2,44.0,20.7,97,0.2,23.5
Belagavi,15.8521,74.5045,2026-07-04 02:00:00,1.6,1.3,92.0,3.3,1.1,44.0,20.4,97,0.5,21.3
Belagavi,15.8521,74.5045,2026-07-04 03:00:00,1.4,1.1,91.0,3.0,1.0,45.0,20.3,98,0.5,23.8
Belagavi,15.8521,74.5045,2026-07-04 04:00:00,1.0,0.9,91.0,2.7,1.0,47.0,20.2,97,0.4,25.2
Belagavi,15.8521,74.5045,2026-07-04 05:00:00,5.7,3.1,93.0,2.5,0.8,48.0,21.1,98,0.5,27.0
Belagavi,15.8521,74.5045,2026-07-04 06:00:00,3.7,2.4,98.0,3.2,0.9,48.0,20.6,97,0.5,26.4
Belagavi,15.8521,74.5045,2026-07-04 07:00:00,2.1,1.6,104.0,4.1,1.1,47.0,21.0,96,0.8,24.6
Belagavi,15.8521,74.5045,2026-07-04 08:00:00,2.0,1.6,108.0,4.6,1.2,47.0,21.1,97,0.5,19.5
Belagavi,15.8521,74.5045,2026-07-04 09:00:00,3.2,2.6,109.0,4.3,1.2,47.0,20.8,97,0.5,17.3
Belagavi,15.8521,74.5045,2026-07-04 10:00:00,3.6,2.5,107.0,3.6,1.1,48.0,21.1,95,0.6,19.8
Belagavi,15.8521,74.5045,2026-07-04 11:00:00,4.2,2.8,106.0,3.1,1.0,48.0,21.6,98,0.6,18.0
Belagavi,15.8521,74.5045,2026-07-04 12:00:00,2.0,1.6,105.0,3.0,1.0,49.0,21.5,97,0.6,21.3
Belagavi,15.8521,74.5045,2026-07-04 13:00:00,2.1,1.7,103.0,3.0,0.9,49.0,21.2,98,1.1,16.4
Belagavi,15.8521,74.5045,2026-07-04 14:00:00,2.6,1.9,103.0,3.2,0.9,49.0,22.5,90,0.9,31.1
Belagavi,15.8521,74.5045,2026-07-04 15:00:00,2.1,1.6,105.0,3.8,0.8,47.0,21.6,98,1.1,22.1
Belagavi,15.8521,74.5045,2026-07-04 16:00:00,2.2,1.6,108.0,4.5,0.7,44.0,22.0,94,1.3,17.2
Belagavi,15.8521,74.5045,2026-07-04 17:00:00,6.7,3.6,111.0,4.1,0.9,47.0,21.6,97,1.4,29.1
Belagavi,15.8521,74.5045,2026-07-04 18:00:00,3.9,2.7,112.0,4.1,1.0,46.0,21.5,97,0.9,24.3
Belagavi,15.8521,74.5045,2026-07-04 19:00:00,1.9,1.6,113.0,4.1,1.1,45.0,20.6,97,1.7,23.1
Belagavi,15.8521,74.5045,2026-07-04 20:00:00,2.4,1.8,112.0,4.0,1.1,45.0,20.8,96,1.3,27.1
Belagavi,15.8521,74.5045,2026-07-04 21:00:00,2.8,1.9,110.0,3.6,1.1,45.0,21.2,96,1.2,28.3
Belagavi,15.8521,74.5045,2026-07-04 22:00:00,1.6,1.2,107.0,3.2,1.0,46.0,21.8,97,0.9,28.7
Belagavi,15.8521,74.5045,2026-07-04 23:00:00,2.1,1.5,104.0,2.7,0.9,47.0,21.4,96,0.9,27.3
Belagavi,15.8521,74.5045,2026-07-05 00:00:00,1.5,1.1,100.0,2.3,0.8,48.0,21.5,97,0.8,27.9
Belagavi,15.8521,74.5045,2026-07-05 01:00:00,1.4,1.0,95.0,2.0,0.8,48.0,21.3,97,0.9,24.5
Belagavi,15.8521,74.5045,2026-07-05 02:00:00,1.1,0.8,91.0,1.7,0.7,49.0,21.1,97,1.2,29.7
Belagavi,15.8521,74.5045,2026-07-05 03:00:00,2.3,1.4,89.0,1.6,0.7,49.0,21.7,96,0.7,27.1
Belagavi,15.8521,74.5045,2026-07-05 04:00:00,3.8,2.2,88.0,1.5,0.7,49.0,20.8,96,0.8,26.3
Belagavi,15.8521,74.5045,2026-07-05 05:00:00,3.2,2.2,89.0,1.5,0.8,50.0,20.9,96,1.3,28.6
Belagavi,15.8521,74.5045,2026-07-05 06:00:00,3.0,1.9,93.0,1.9,0.9,49.0,21.1,96,0.9,28.5
Belagavi,15.8521,74.5045,2026-07-05 07:00:00,3.1,2.0,98.0,2.3,0.9,47.0,21.2,96,1.4,27.5
Belagavi,15.8521,74.5045,2026-07-05 08:00:00,3.0,2.1,102.0,2.6,1.0,46.0,22.0,94,1.0,23.4
Belagavi,15.8521,74.5045,2026-07-05 09:00:00,4.6,3.3,105.0,2.4,1.1,48.0,21.6,92,1.3,26.2
Belagavi,15.8521,74.5045,2026-07-05 10:00:00,5.4,3.3,106.0,1.9,1.1,50.0,21.7,97,1.2,27.2
Belagavi,15.8521,74.5045,2026-07-05 11:00:00,7.0,4.5,107.0,1.6,1.1,52.0,22.4,92,1.3,27.3
Belagavi,15.8521,74.5045,2026-07-05 12:00:00,5.3,3.1,107.0,1.7,1.0,52.0,22.3,98,1.4,25.1
Belagavi,15.8521,74.5045,2026-07-05 13:00:00,3.9,2.6,105.0,1.9,0.9,52.0,22.2,93,0.9,31.4
Belagavi,15.8521,74.5045,2026-07-05 14:00:00,2.6,1.8,104.0,2.2,0.8,51.0,21.9,96,0.8,27.9
Belagavi,15.8521,74.5045,2026-07-05 15:00:00,2.8,2.1,103.0,2.6,0.7,50.0,21.8,98,1.1,22.4
Belagavi,15.8521,74.5045,2026-07-05 16:00:00,2.3,1.7,103.0,3.0,0.7,48.0,21.7,96,0.7,27.4
Belagavi,15.8521,74.5045,2026-07-05 17:00:00,9.9,4.9,103.0,2.0,0.9,49.0,21.9,96,0.6,31.9
Belagavi,15.8521,74.5045,2026-07-05 18:00:00,6.4,3.4,103.0,2.2,1.0,49.0,22.0,96,1.0,28.1
Belagavi,15.8521,74.5045,2026-07-05 19:00:00,6.1,3.3,103.0,2.5,1.0,49.0,21.2,97,0.7,29.5
Belagavi,15.8521,74.5045,2026-07-05 20:00:00,5.4,3.1,103.0,2.7,1.1,49.0,21.3,97,0.6,27.5
Belagavi,15.8521,74.5045,2026-07-05 21:00:00,2.3,1.6,102.0,2.7,1.1,49.0,21.3,97,0.4,29.9
Belagavi,15.8521,74.5045,2026-07-05 22:00:00,1.8,1.3,100.0,2.5,1.1,49.0,21.4,97,0.5,26.0
Belagavi,15.8521,74.5045,2026-07-05 23:00:00,2.9,1.8,98.0,2.3,1.0,49.0,21.6,97,0.2,26.6
Belagavi,15.8521,74.5045,2026-07-06 00:00:00,3.6,2.1,96.0,2.1,0.9,50.0,21.3,97,0.6,26.0
Belagavi,15.8521,74.5045,2026-07-06 01:00:00,3.2,1.9,94.0,1.9,0.8,50.0,21.0,97,0.6,26.7
Belagavi,15.8521,74.5045,2026-07-06 02:00:00,2.8,1.7,93.0,1.8,0.8,51.0,21.3,97,0.2,25.9
Belagavi,15.8521,74.5045,2026-07-06 03:00:00,2.7,1.6,91.0,1.7,0.8,52.0,20.9,98,0.3,24.1
Belagavi,15.8521,74.5045,2026-07-06 04:00:00,3.5,2.0,90.0,1.7,0.8,53.0,20.8,98,0.2,23.3
Belagavi,15.8521,74.5045,2026-07-06 05:00:00,1.9,1.4,91.0,2.0,0.8,50.0,21.2,97,0.2,24.5
Belagavi,15.8521,74.5045,2026-07-06 06:00:00,1.9,1.4,97.0,2.6,0.9,49.0,21.3,97,0.5,26.1
Belagavi,15.8521,74.5045,2026-07-06 07:00:00,2.0,1.5,106.0,3.4,1.0,49.0,21.4,97,0.3,27.3
Belagavi,15.8521,74.5045,2026-07-06 08:00:00,2.3,1.7,112.0,3.8,1.1,49.0,21.2,95,0.4,23.5
Belagavi,15.8521,74.5045,2026-07-06 09:00:00,3.6,2.4,113.0,3.2,1.1,52.0,23.1,89,0.3,31.4
Belagavi,15.8521,74.5045,2026-07-06 10:00:00,6.2,3.4,112.0,2.1,1.1,55.0,23.2,91,0.4,30.7
Belagavi,15.8521,74.5045,2026-07-06 11:00:00,6.3,3.6,111.0,1.4,1.1,58.0,23.1,92,0.7,28.9
Belagavi,15.8521,74.5045,2026-07-06 12:00:00,6.2,3.6,112.0,1.3,1.1,59.0,23.1,89,0.8,27.9
Belagavi,15.8521,74.5045,2026-07-06 13:00:00,4.4,2.8,115.0,1.5,1.1,59.0,23.0,92,0.9,32.8
Belagavi,15.8521,74.5045,2026-07-06 14:00:00,4.1,2.8,117.0,1.9,1.1,59.0,23.7,87,1.7,28.8
Belagavi,15.8521,74.5045,2026-07-06 15:00:00,3.1,2.3,120.0,2.5,1.1,57.0,23.5,90,1.2,27.0
Belagavi,15.8521,74.5045,2026-07-06 16:00:00,4.5,2.8,123.0,3.3,1.1,55.0,22.6,96,2.8,30.1
Belagavi,15.8521,74.5045,2026-07-06 17:00:00,16.1,7.8,123.0,2.5,1.1,52.0,22.7,95,0.8,29.4
Belagavi,15.8521,74.5045,2026-07-06 18:00:00,6.2,3.5,118.0,2.7,1.1,51.0,22.2,97,0.7,30.5
Belagavi,15.8521,74.5045,2026-07-06 19:00:00,2.4,1.7,111.0,3.1,1.1,49.0,22.4,97,0.5,28.9
Belagavi,15.8521,74.5045,2026-07-06 20:00:00,4.4,2.5,105.0,3.2,1.1,48.0,22.1,97,0.7,27.6
Belagavi,15.8521,74.5045,2026-07-06 21:00:00,3.7,2.1,102.0,3.0,1.1,48.0,21.8,96,0.6,25.2
Belagavi,15.8521,74.5045,2026-07-06 22:00:00,3.5,2.1,100.0,2.6,1.0,49.0,22.2,97,0.6,27.3
Belagavi,15.8521,74.5045,2026-07-06 23:00:00,4.5,2.5,98.0,2.3,1.0,50.0,21.8,96,0.9,26.9
Belagavi,15.8521,74.5045,2026-07-07 00:00:00,2.9,1.7,96.0,2.1,1.0,50.0,21.5,96,0.5,27.6
Belagavi,15.8521,74.5045,2026-07-07 01:00:00,2.9,1.6,93.0,1.8,0.9,49.0,21.5,96,0.3,24.8
Belagavi,15.8521,74.5045,2026-07-07 02:00:00,3.3,1.8,92.0,1.7,0.9,49.0,21.5,96,0.6,23.9
Belagavi,15.8521,74.5045,2026-07-07 03:00:00,2.9,1.6,91.0,1.6,0.9,49.0,21.4,98,0.8,23.6
Belagavi,15.8521,74.5045,2026-07-07 04:00:00,2.0,1.3,91.0,1.5,0.9,50.0,21.6,96,0.8,23.1
Belagavi,15.8521,74.5045,2026-07-07 05:00:00,3.3,1.9,93.0,1.6,0.8,50.0,21.8,96,0.6,29.8
Belagavi,15.8521,74.5045,2026-07-07 06:00:00,2.8,1.7,98.0,2.2,0.9,49.0,21.8,96,0.7,26.5
Belagavi,15.8521,74.5045,2026-07-07 07:00:00,2.1,1.3,105.0,3.0,0.9,49.0,21.9,96,1.1,27.6
Belagavi,15.8521,74.5045,2026-07-07 08:00:00,2.9,1.8,110.0,3.6,1.0,48.0,22.3,97,0.7,25.1
Belagavi,15.8521,74.5045,2026-07-07 09:00:00,2.5,1.7,111.0,3.7,1.1,48.0,22.6,95,0.3,26.5
Belagavi,15.8521,74.5045,2026-07-07 10:00:00,3.4,2.2,111.0,3.5,1.2,49.0,23.9,87,0.3,30.7
Belagavi,15.8521,74.5045,2026-07-07 11:00:00,5.7,3.3,110.0,3.3,1.2,49.0,23.7,87,0.5,27.0
Belagavi,15.8521,74.5045,2026-07-07 12:00:00,5.9,3.3,109.0,3.2,1.2,49.0,24.6,83,0.6,33.6
Belagavi,15.8521,74.5045,2026-07-07 13:00:00,3.5,2.3,107.0,3.1,1.1,48.0,23.7,86,0.9,31.9
Belagavi,15.8521,74.5045,2026-07-07 14:00:00,6.0,3.5,107.0,3.1,1.1,48.0,24.2,91,1.6,29.7
Belagavi,15.8521,74.5045,2026-07-07 15:00:00,3.7,2.4,109.0,3.3,1.2,48.0,22.3,93,1.2,28.5
Belagavi,15.8521,74.5045,2026-07-07 16:00:00,3.3,2.3,111.0,3.6,1.2,49.0,22.8,93,0.6,29.1
Belagavi,15.8521,74.5045,2026-07-07 17:00:00,10.1,4.9,113.0,3.1,1.1,49.0,22.3,98,0.4,25.6
Belagavi,15.8521,74.5045,2026-07-07 18:00:00,7.6,4.0,112.0,3.2,1.2,48.0,22.4,95,0.7,30.5
Belagavi,15.8521,74.5045,2026-07-07 19:00:00,6.0,3.3,111.0,3.4,1.3,46.0,21.9,97,0.7,26.0
Belagavi,15.8521,74.5045,2026-07-07 20:00:00,4.7,2.8,109.0,3.4,1.3,45.0,21.3,97,0.5,22.9
Belagavi,15.8521,74.5045,2026-07-07 21:00:00,6.7,3.9,108.0,3.3,1.3,44.0,21.4,97,0.5,28.8
Belagavi,15.8521,74.5045,2026-07-07 22:00:00,6.3,3.7,106.0,3.0,1.2,43.0,21.3,97,1.1,24.4
Belagavi,15.8521,74.5045,2026-07-07 23:00:00,2.8,1.9,104.0,2.7,1.1,42.0,21.8,97,0.7,23.9
Belagavi,15.8521,74.5045,2026-07-08 00:00:00,1.2,1.0,100.0,2.4,1.0,42.0,21.5,96,1.3,23.1
Belagavi,15.8521,74.5045,2026-07-08 01:00:00,1.3,1.0,96.0,2.0,1.0,42.0,21.4,97,0.3,24.9
Belagavi,15.8521,74.5045,2026-07-08 02:00:00,2.1,1.3,93.0,1.7,0.9,42.0,21.4,97,0.2,27.5
Belagavi,15.8521,74.5045,2026-07-08 03:00:00,2.6,1.5,91.0,1.6,0.9,41.0,21.2,97,0.3,28.5
Belagavi,15.8521,74.5045,2026-07-08 04:00:00,3.7,2.2,90.0,1.5,0.9,40.0,21.4,98,0.5,25.0
Belagavi,15.8521,74.5045,2026-07-08 05:00:00,5.6,3.0,91.0,1.7,0.9,41.0,21.8,97,0.2,26.2
Belagavi,15.8521,74.5045,2026-07-08 06:00:00,5.0,3.1,98.0,2.1,1.0,40.0,22.0,96,0.3,27.0
Belagavi,15.8521,74.5045,2026-07-08 07:00:00,4.5,3.0,107.0,2.7,1.0,39.0,22.4,96,0.3,24.3
Belagavi,15.8521,74.5045,2026-07-08 08:00:00,4.5,2.8,112.0,3.0,1.1,39.0,22.5,98,0.4,17.7
Belagavi,15.8521,74.5045,2026-07-08 09:00:00,4.2,3.1,108.0,2.7,1.1,41.0,23.3,95,1.1,20.8
Belagavi,15.8521,74.5045,2026-07-08 10:00:00,4.4,2.9,101.0,2.1,1.1,43.0,22.6,94,0.8,23.3
Belagavi,15.8521,74.5045,2026-07-08 11:00:00,7.2,4.0,96.0,1.6,1.1,45.0,24.4,87,0.8,28.5
Belagavi,15.8521,74.5045,2026-07-08 12:00:00,9.4,5.3,97.0,1.4,1.1,46.0,24.5,91,1.0,22.4
Belagavi,15.8521,74.5045,2026-07-08 13:00:00,7.9,4.1,102.0,1.4,1.1,46.0,23.6,92,1.2,27.2
Belagavi,15.8521,74.5045,2026-07-08 14:00:00,9.5,5.3,105.0,1.6,1.1,45.0,23.7,91,0.6,30.3
Belagavi,15.8521,74.5045,2026-07-08 15:00:00,10.2,5.5,106.0,2.3,1.1,43.0,24.6,84,0.3,33.5
Belagavi,15.8521,74.5045,2026-07-08 16:00:00,8.1,4.8,106.0,3.3,1.1,39.0,23.6,91,0.8,29.4
Belagavi,15.8521,74.5045,2026-07-08 17:00:00,11.5,8.3,106.0,3.4,1.3,43.0,23.1,91,0.6,24.5
Belagavi,15.8521,74.5045,2026-07-08 18:00:00,8.0,5.6,108.0,3.6,1.3,42.0,22.8,96,0.9,20.6
Belagavi,15.8521,74.5045,2026-07-08 19:00:00,4.4,3.2,112.0,3.8,1.4,40.0,21.8,97,0.6,21.8
Belagavi,15.8521,74.5045,2026-07-08 20:00:00,5.6,3.8,113.0,4.0,1.4,39.0,22.0,97,0.6,24.4
Belagavi,15.8521,74.5045,2026-07-08 21:00:00,4.3,2.9,111.0,4.0,1.4,38.0,21.8,98,0.6,23.3
Belagavi,15.8521,74.5045,2026-07-08 22:00:00,3.1,2.4,107.0,4.0,1.3,38.0,21.7,98,0.0,20.1
Belagavi,15.8521,74.5045,2026-07-08 23:00:00,3.1,2.4,104.0,3.8,1.3,38.0,21.7,97,0.0,25.8
Belagavi,15.8521,74.5045,2026-07-09 00:00:00,3.7,2.6,103.0,3.4,1.2,38.0,21.2,98,0.0,23.9
Belagavi,15.8521,74.5045,2026-07-09 01:00:00,2.5,1.8,103.0,2.9,1.1,39.0,21.2,98,0.0,21.9
Belagavi,15.8521,74.5045,2026-07-09 02:00:00,2.8,1.9,104.0,2.6,1.1,39.0,21.1,99,0.0,17.6
Belagavi,15.8521,74.5045,2026-07-09 03:00:00,2.7,1.7,107.0,2.5,1.1,38.0,21.1,98,0.0,16.3
Belagavi,15.8521,74.5045,2026-07-09 04:00:00,2.6,1.7,110.0,2.5,1.1,37.0,21.3,98,0.0,17.8
Belagavi,15.8521,74.5045,2026-07-09 05:00:00,3.2,2.4,112.0,2.2,1.2,40.0,22.0,96,0.0,24.0
Belagavi,15.8521,74.5045,2026-07-09 06:00:00,3.9,2.6,112.0,2.8,1.3,38.0,21.5,97,0.0,18.0
Belagavi,15.8521,74.5045,2026-07-09 07:00:00,4.3,2.7,110.0,3.7,1.4,36.0,21.6,97,0.1,15.1
Belagavi,15.8521,74.5045,2026-07-09 08:00:00,4.6,2.8,107.0,4.1,1.5,36.0,22.2,93,0.1,22.8
Belagavi,15.8521,74.5045,2026-07-09 09:00:00,5.7,3.8,103.0,3.6,1.6,40.0,23.8,84,0.1,23.6
Belagavi,15.8521,74.5045,2026-07-09 10:00:00,6.7,4.4,98.0,2.7,1.6,46.0,24.5,81,0.2,24.5
Belagavi,15.8521,74.5045,2026-07-09 11:00:00,8.5,5.0,95.0,1.9,1.6,51.0,25.8,75,0.3,25.2
Belagavi,15.8521,74.5045,2026-07-09 12:00:00,8.7,4.8,94.0,1.5,1.5,53.0,25.9,75,0.3,23.8
Belagavi,15.8521,74.5045,2026-07-09 13:00:00,11.7,6.1,94.0,1.2,1.5,53.0,27.2,68,0.0,23.4
Belagavi,15.8521,74.5045,2026-07-09 14:00:00,17.3,8.6,95.0,1.2,1.4,53.0,26.0,76,0.4,25.2
Belagavi,15.8521,74.5045,2026-07-09 15:00:00,19.2,9.6,97.0,1.5,1.4,52.0,25.7,75,0.2,24.4
Belagavi,15.8521,74.5045,2026-07-09 16:00:00,19.2,10.0,99.0,2.0,1.4,51.0,25.4,76,0.2,23.7
Belagavi,15.8521,74.5045,2026-07-09 17:00:00,23.1,11.5,102.0,2.8,1.4,48.0,24.9,79,0.0,22.7
Belagavi,15.8521,74.5045,2026-07-09 18:00:00,22.5,11.1,105.0,3.6,1.5,45.0,23.0,89,0.1,19.5
Belagavi,15.8521,74.5045,2026-07-09 19:00:00,19.8,10.7,109.0,4.6,1.6,41.0,22.2,94,0.0,17.0
Belagavi,15.8521,74.5045,2026-07-09 20:00:00,18.3,9.5,111.0,5.3,1.7,38.0,21.9,96,0.0,15.3
Belagavi,15.8521,74.5045,2026-07-09 21:00:00,16.6,8.3,109.0,5.2,1.8,37.0,21.7,97,0.0,15.9
Belagavi,15.8521,74.5045,2026-07-09 22:00:00,12.0,6.3,106.0,4.8,1.8,37.0,22.0,96,0.0,16.3
Belagavi,15.8521,74.5045,2026-07-09 23:00:00,10.1,5.5,103.0,4.3,1.8,37.0,21.4,96,0.0,15.4
Belagavi,15.8521,74.5045,2026-07-10 00:00:00,10.2,5.1,102.0,3.7,1.7,37.0,21.4,96,0.0,16.8
Belagavi,15.8521,74.5045,2026-07-10 01:00:00,9.5,4.7,102.0,3.1,1.7,38.0,21.2,97,0.0,17.4
Belagavi,15.8521,74.5045,2026-07-10 02:00:00,9.0,4.6,101.0,2.7,1.6,38.0,21.2,98,0.0,18.4
Belagavi,15.8521,74.5045,2026-07-10 03:00:00,7.3,3.7,100.0,2.6,1.6,38.0,21.4,98,0.1,15.9
Belagavi,15.8521,74.5045,2026-07-10 04:00:00,6.7,3.5,98.0,2.6,1.6,37.0,21.6,97,0.1,17.1
Belagavi,15.8521,74.5045,2026-07-10 05:00:00,8.4,3.9,98.0,2.4,1.4,37.0,21.5,98,0.1,19.0
Belagavi,15.8521,74.5045,2026-07-10 06:00:00,8.0,3.7,99.0,2.6,1.5,37.0,21.8,97,0.1,19.5
Belagavi,15.8521,74.5045,2026-07-10 07:00:00,7.9,3.8,102.0,3.0,1.6,38.0,22.4,93,0.1,20.2
Belagavi,15.8521,74.5045,2026-07-10 08:00:00,10.0,4.7,103.0,3.0,1.6,40.0,24.1,82,0.1,22.9
Belagavi,15.8521,74.5045,2026-07-10 09:00:00,13.0,6.0,102.0,2.5,1.6,44.0,25.2,75,0.0,22.0
Belagavi,15.8521,74.5045,2026-07-10 10:00:00,16.4,7.1,100.0,1.7,1.5,50.0,26.4,70,0.1,22.9
Belagavi,15.8521,74.5045,2026-07-10 11:00:00,17.9,7.4,98.0,1.2,1.4,54.0,27.8,64,0.0,22.2
Belagavi,15.8521,74.5045,2026-07-10 12:00:00,20.5,8.0,98.0,1.0,1.4,55.0,28.0,63,0.0,20.4
Belagavi,15.8521,74.5045,2026-07-10 13:00:00,22.2,8.7,99.0,1.1,1.4,55.0,27.9,65,0.0,20.9
Belagavi,15.8521,74.5045,2026-07-10 14:00:00,22.2,9.2,100.0,1.3,1.4,54.0,27.6,67,0.2,21.9
Belagavi,15.8521,74.5045,2026-07-10 15:00:00,23.4,9.7,101.0,1.7,1.4,52.0,26.8,71,0.0,22.2
Belagavi,15.8521,74.5045,2026-07-10 16:00:00,23.6,9.7,103.0,2.2,1.4,49.0,26.0,73,0.0,20.9
Belagavi,15.8521,74.5045,2026-07-10 17:00:00,30.3,11.4,107.0,2.8,1.4,45.0,25.5,75,0.0,18.9
Belagavi,15.8521,74.5045,2026-07-10 18:00:00,24.9,9.7,116.0,4.1,1.5,41.0,24.2,82,0.0,16.3
Belagavi,15.8521,74.5045,2026-07-10 19:00:00,19.1,9.1,127.0,5.8,1.7,36.0,23.0,89,0.0,15.1
Belagavi,15.8521,74.5045,2026-07-10 20:00:00,18.0,8.8,132.0,6.8,1.8,33.0,22.4,93,0.0,14.4
Belagavi,15.8521,74.5045,2026-07-10 21:00:00,18.2,8.9,126.0,6.6,1.8,33.0,21.8,96,0.0,14.4
Belagavi,15.8521,74.5045,2026-07-10 22:00:00,15.9,8.1,115.0,5.8,1.8,34.0,21.7,96,0.0,15.5
Belagavi,15.8521,74.5045,2026-07-10 23:00:00,13.9,6.9,106.0,4.9,1.7,35.0,21.6,96,0.0,15.3
Belagavi,15.8521,74.5045,2026-07-11 00:00:00,9.2,4.6,102.0,4.0,1.6,36.0,21.4,96,0.0,16.4
Belagavi,15.8521,74.5045,2026-07-11 01:00:00,8.1,3.7,99.0,3.1,1.4,38.0,21.2,96,0.0,16.7
Belagavi,15.8521,74.5045,2026-07-11 02:00:00,6.7,3.2,98.0,2.5,1.3,39.0,21.0,97,0.0,15.7
Belagavi,15.8521,74.5045,2026-07-11 03:00:00,6.9,3.1,98.0,2.3,1.3,39.0,20.8,98,0.0,16.9
Belagavi,15.8521,74.5045,2026-07-11 04:00:00,7.9,3.5,98.0,2.4,1.3,38.0,21.0,98,0.0,17.8
Belagavi,15.8521,74.5045,2026-07-11 05:00:00,8.5,3.7,99.0,2.2,1.4,40.0,21.0,99,0.0,17.3
Belagavi,15.8521,74.5045,2026-07-11 06:00:00,13.2,5.0,100.0,2.5,1.5,40.0,21.8,93,0.0,21.1
Belagavi,15.8521,74.5045,2026-07-11 07:00:00,14.2,5.4,101.0,3.0,1.6,40.0,22.5,88,0.0,21.3
Belagavi,15.8521,74.5045,2026-07-11 08:00:00,17.5,6.8,101.0,3.1,1.6,42.0,23.9,81,0.0,23.3
Belagavi,15.8521,74.5045,2026-07-11 09:00:00,23.1,8.9,99.0,2.6,1.5,46.0,25.3,74,0.0,23.8
Belagavi,15.8521,74.5045,2026-07-11 10:00:00,28.3,10.0,97.0,1.7,1.4,51.0,26.1,70,0.0,23.6
Belagavi,15.8521,74.5045,2026-07-11 11:00:00,29.7,10.6,95.0,1.1,1.3,55.0,26.7,69,0.0,22.9
Belagavi,15.8521,74.5045,2026-07-11 12:00:00,43.0,13.7,95.0,0.9,1.3,56.0,26.6,68,0.0,23.2
Belagavi,15.8521,74.5045,2026-07-11 13:00:00,30.6,10.9,96.0,1.0,1.3,54.0,27.4,64,0.0,23.8
Belagavi,15.8521,74.5045,2026-07-11 14:00:00,30.4,11.1,97.0,1.2,1.3,53.0,27.0,65,0.0,22.9
Belagavi,15.8521,74.5045,2026-07-11 15:00:00,29.8,10.6,98.0,1.5,1.3,52.0,26.9,65,0.0,22.8
Belagavi,15.8521,74.5045,2026-07-11 16:00:00,25.2,9.7,100.0,1.9,1.2,50.0,26.3,69,0.0,22.0
Belagavi,15.8521,74.5045,2026-07-11 17:00:00,25.2,10.2,104.0,2.3,1.2,49.0,25.3,72,0.0,18.4
Belagavi,15.8521,74.5045,2026-07-11 18:00:00,21.8,9.7,113.0,3.6,1.4,45.0,24.2,78,0.0,17.2
Belagavi,15.8521,74.5045,2026-07-11 19:00:00,18.0,8.8,125.0,5.3,1.6,40.0,23.3,82,0.0,15.5
Belagavi,15.8521,74.5045,2026-07-11 20:00:00,16.8,8.9,132.0,6.6,1.8,36.0,22.4,88,0.0,14.3
Belagavi,15.8521,74.5045,2026-07-11 21:00:00,16.5,8.9,132.0,7.1,1.9,34.0,21.7,93,0.0,13.0
Belagavi,15.8521,74.5045,2026-07-11 22:00:00,16.1,9.0,127.0,7.1,1.8,33.0,21.4,95,0.0,13.4
Belagavi,15.8521,74.5045,2026-07-11 23:00:00,16.2,9.0,121.0,6.7,1.8,33.0,21.3,94,0.0,12.8
Belagavi,15.8521,74.5045,2026-07-12 00:00:00,16.0,8.8,113.0,5.6,1.7,35.0,20.9,96,0.0,11.5
Belagavi,15.8521,74.5045,2026-07-12 01:00:00,14.5,8.0,103.0,4.0,1.6,38.0,20.6,97,0.0,10.9
Belagavi,15.8521,74.5045,2026-07-12 02:00:00,15.0,6.8,96.0,2.9,1.5,40.0,21.2,97,0.0,14.8
Belagavi,15.8521,74.5045,2026-07-12 03:00:00,12.7,6.2,93.0,2.8,1.6,39.0,21.3,93,0.0,17.6
Belagavi,15.8521,74.5045,2026-07-12 04:00:00,10.9,5.5,93.0,3.1,1.7,38.0,21.1,94,0.0,18.7
Belagavi,15.8521,74.5045,2026-07-12 05:00:00,14.4,6.3,93.0,2.6,1.8,41.0,20.9,95,0.0,18.7
Belagavi,15.8521,74.5045,2026-07-12 06:00:00,13.6,6.0,93.0,2.6,1.8,41.0,21.1,93,0.0,18.6
Belagavi,15.8521,74.5045,2026-07-12 07:00:00,13.7,5.7,94.0,2.5,1.9,42.0,22.3,86,0.0,20.6
Belagavi,15.8521,74.5045,2026-07-12 08:00:00,13.8,5.9,95.0,2.3,1.9,44.0,23.8,79,0.1,24.8
Belagavi,15.8521,74.5045,2026-07-12 09:00:00,14.6,6.4,95.0,1.9,1.8,48.0,24.9,76,0.1,23.6
Belagavi,15.8521,74.5045,2026-07-12 10:00:00,15.7,6.6,94.0,1.4,1.7,52.0,25.7,74,0.2,23.8
Belagavi,15.8521,74.5045,2026-07-12 11:00:00,17.5,7.0,94.0,1.0,1.6,55.0,25.8,75,0.3,23.9
Belagavi,15.8521,74.5045,2026-07-12 12:00:00,18.0,7.6,93.0,0.8,1.5,55.0,26.3,72,0.1,23.1
Belagavi,15.8521,74.5045,2026-07-12 13:00:00,18.6,8.1,93.0,0.8,1.4,54.0,27.4,67,0.1,23.4
Belagavi,15.8521,74.5045,2026-07-12 14:00:00,19.3,8.3,93.0,0.9,1.4,53.0,27.7,64,0.0,23.8
Belagavi,15.8521,74.5045,2026-07-12 15:00:00,20.7,8.6,94.0,1.1,1.4,52.0,27.1,65,0.0,23.7
Belagavi,15.8521,74.5045,2026-07-12 16:00:00,20.7,8.7,95.0,1.4,1.4,50.0,26.3,69,0.0,22.6
Belagavi,15.8521,74.5045,2026-07-12 17:00:00,27.5,10.9,97.0,1.7,1.4,48.0,25.3,75,0.0,21.9
Belagavi,15.8521,74.5045,2026-07-12 18:00:00,22.0,9.7,100.0,2.6,1.6,45.0,23.8,84,0.0,19.7
Belagavi,15.8521,74.5045,2026-07-12 19:00:00,18.5,8.5,104.0,3.8,1.8,40.0,22.6,89,0.0,16.8
Belagavi,15.8521,74.5045,2026-07-12 20:00:00,16.2,8.3,107.0,4.6,1.9,37.0,21.9,94,0.0,15.2
Belagavi,15.8521,74.5045,2026-07-12 21:00:00,14.6,7.9,109.0,4.8,1.9,36.0,21.7,96,0.0,15.4
Belagavi,15.8521,74.5045,2026-07-12 22:00:00,11.3,6.5,111.0,4.6,1.9,36.0,21.3,96,0.0,15.7
Belagavi,15.8521,74.5045,2026-07-12 23:00:00,10.0,5.8,112.0,4.4,1.8,36.0,21.3,94,0.0,15.6
Belagavi,15.8521,74.5045,2026-07-13 00:00:00,9.5,5.3,111.0,4.1,1.8,36.0,20.7,96,0.0,15.9
Belagavi,15.8521,74.5045,2026-07-13 01:00:00,8.6,4.7,108.0,3.7,1.7,36.0,21.0,96,0.0,16.9
Belagavi,15.8521,74.5045,2026-07-13 02:00:00,8.3,4.7,105.0,3.4,1.7,36.0,21.2,97,0.0,18.6
Belagavi,15.8521,74.5045,2026-07-13 03:00:00,8.4,4.8,101.0,3.1,1.7,37.0,21.0,98,0.0,17.9
Belagavi,15.8521,74.5045,2026-07-13 04:00:00,10.0,5.2,97.0,2.8,1.6,38.0,21.1,96,0.0,18.1
Belagavi,15.8521,74.5045,2026-07-13 05:00:00,7.9,4.5,95.0,2.7,1.8,39.0,20.8,96,0.0,18.1
Belagavi,15.8521,74.5045,2026-07-13 06:00:00,7.2,4.2,96.0,2.8,1.8,40.0,21.2,96,0.0,18.6
Belagavi,15.8521,74.5045,2026-07-13 07:00:00,6.6,4.1,99.0,3.0,1.8,41.0,22.2,91,0.1,21.4
Belagavi,15.8521,74.5045,2026-07-13 08:00:00,8.7,5.2,101.0,2.9,1.8,44.0,23.2,85,0.0,22.7
Belagavi,15.8521,74.5045,2026-07-13 09:00:00,11.6,6.8,102.0,2.4,1.7,49.0,24.4,77,0.0,20.8
Belagavi,15.8521,74.5045,2026-07-13 10:00:00,12.0,7.1,102.0,1.7,1.6,55.0,25.8,68,0.0,21.6
Belagavi,15.8521,74.5045,2026-07-13 11:00:00,14.1,8.1,102.0,1.2,1.5,59.0,27.0,61,0.0,21.4
Belagavi,15.8521,74.5045,2026-07-13 12:00:00,13.9,8.1,101.0,1.0,1.4,61.0,27.3,60,0.0,21.7
Belagavi,15.8521,74.5045,2026-07-13 13:00:00,13.8,8.1,99.0,1.0,1.4,61.0,27.7,61,0.0,21.3
Belagavi,15.8521,74.5045,2026-07-13 14:00:00,18.2,9.6,98.0,1.1,1.4,61.0,27.3,62,0.0,22.2
Belagavi,15.8521,74.5045,2026-07-13 15:00:00,15.5,8.6,98.0,1.2,1.4,60.0,27.2,61,0.0,22.2
Belagavi,15.8521,74.5045,2026-07-13 16:00:00,15.6,8.8,100.0,1.5,1.3,57.0,26.5,65,0.0,21.3
Belagavi,15.8521,74.5045,2026-07-13 17:00:00,19.4,10.6,104.0,2.1,1.3,55.0,25.9,63,0.0,18.2
Belagavi,15.8521,74.5045,2026-07-13 18:00:00,19.0,11.0,115.0,3.7,1.6,50.0,24.6,71,0.0,19.0
Belagavi,15.8521,74.5045,2026-07-13 19:00:00,17.7,11.0,128.0,5.8,1.9,43.0,22.5,86,0.0,15.2
Belagavi,15.8521,74.5045,2026-07-13 20:00:00,15.9,10.6,137.0,7.2,2.2,38.0,21.4,95,0.0,14.4
Belagavi,15.8521,74.5045,2026-07-13 21:00:00,16.1,10.9,136.0,7.3,2.3,37.0,21.1,98,0.0,14.1
Belagavi,15.8521,74.5045,2026-07-13 22:00:00,15.4,10.5,131.0,6.6,2.2,37.0,21.1,97,0.0,12.8
Belagavi,15.8521,74.5045,2026-07-13 23:00:00,13.2,8.8,125.0,5.8,2.2,38.0,21.0,94,0.0,14.3
Belagavi,15.8521,74.5045,2026-07-14 00:00:00,10.8,7.5,121.0,4.9,2.1,39.0,20.5,98,0.0,13.9
Belagavi,15.8521,74.5045,2026-07-14 01:00:00,10.0,7.0,117.0,3.9,2.1,41.0,20.5,98,0.0,14.8
Belagavi,15.8521,74.5045,2026-07-14 02:00:00,10.3,6.7,114.0,3.2,2.0,42.0,20.5,99,0.0,15.3
Belagavi,15.8521,74.5045,2026-07-14 03:00:00,10.0,6.6,110.0,3.0,2.0,42.0,20.6,99,0.0,15.7
Belagavi,15.8521,74.5045,2026-07-14 04:00:00,10.6,6.9,107.0,3.1,2.0,41.0,20.7,97,0.0,15.5
Belagavi,15.8521,74.5045,2026-07-14 05:00:00,11.4,7.1,105.0,2.9,2.0,43.0,20.6,98,0.0,17.9
Belagavi,15.8521,74.5045,2026-07-14 06:00:00,12.5,7.6,107.0,3.1,2.0,43.0,20.5,98,0.0,17.1
Belagavi,15.8521,74.5045,2026-07-14 07:00:00,13.6,8.1,112.0,3.3,2.0,44.0,21.8,90,0.0,17.7
Belagavi,15.8521,74.5045,2026-07-14 08:00:00,15.5,9.4,114.0,3.2,2.0,47.0,23.1,82,0.0,17.6
Belagavi,15.8521,74.5045,2026-07-14 09:00:00,17.8,10.7,112.0,2.7,1.9,53.0,24.6,74,0.0,17.9
Belagavi,15.8521,74.5045,2026-07-14 10:00:00,19.9,11.8,107.0,1.9,1.7,61.0,25.8,67,0.0,18.7
Belagavi,15.8521,74.5045,2026-07-14 11:00:00,25.3,13.9,104.0,1.3,1.5,66.0,27.1,60,0.0,18.5
Belagavi,15.8521,74.5045,2026-07-14 12:00:00,24.0,13.3,103.0,1.2,1.4,67.0,28.1,56,0.0,18.5
Belagavi,15.8521,74.5045,2026-07-14 13:00:00,26.6,14.2,103.0,1.3,1.4,65.0,27.9,57,0.0,19.1
Belagavi,15.8521,74.5045,2026-07-14 14:00:00,25.7,14.0,104.0,1.5,1.4,63.0,27.9,57,0.0,19.1
Belagavi,15.8521,74.5045,2026-07-14 15:00:00,24.3,13.6,104.0,1.8,1.4,60.0,27.6,59,0.0,19.1
Belagavi,15.8521,74.5045,2026-07-14 16:00:00,23.3,13.2,105.0,2.2,1.4,56.0,26.9,61,0.0,18.5
Belagavi,15.8521,74.5045,2026-07-14 17:00:00,23.8,12.6,109.0,2.5,1.3,56.0,26.1,64,0.0,16.7
Belagavi,15.8521,74.5045,2026-07-14 18:00:00,21.2,12.5,121.0,4.5,1.6,50.0,24.7,72,0.0,16.5
Belagavi,15.8521,74.5045,2026-07-14 19:00:00,20.4,13.0,136.0,7.2,1.9,42.0,22.8,86,0.0,14.3
Belagavi,15.8521,74.5045,2026-07-14 20:00:00,19.3,12.9,146.0,8.9,2.2,36.0,21.7,94,0.0,12.4
Belagavi,15.8521,74.5045,2026-07-14 21:00:00,21.1,12.5,147.0,8.5,2.3,35.0,21.1,98,0.0,12.5
Belagavi,15.8521,74.5045,2026-07-14 22:00:00,20.3,12.2,144.0,7.1,2.3,37.0,20.8,98,0.0,13.1
Belagavi,15.8521,74.5045,2026-07-14 23:00:00,19.2,11.5,138.0,5.9,2.3,38.0,20.9,96,0.0,12.3
Belagavi,15.8521,74.5045,2026-07-15 00:00:00,19.6,11.0,130.0,5.3,2.3,38.0,20.7,98,0.0,10.9
Belagavi,15.8521,74.5045,2026-07-15 01:00:00,19.6,11.0,120.0,4.9,2.2,38.0,20.3,98,0.0,11.3
Belagavi,15.8521,74.5045,2026-07-15 02:00:00,19.2,10.5,112.0,4.5,2.2,38.0,20.3,99,0.0,12.2
Belagavi,15.8521,74.5045,2026-07-15 03:00:00,20.2,10.2,110.0,3.8,2.2,40.0,20.5,98,0.0,12.4
Belagavi,15.8521,74.5045,2026-07-15 04:00:00,21.7,10.2,110.0,3.1,2.1,42.0,20.4,98,0.0,10.1
Belagavi,15.8521,74.5045,2026-07-15 05:00:00,19.6,9.7,110.0,4.3,2.3,38.0,20.8,96,0.0,12.3
Belagavi,15.8521,74.5045,2026-07-15 06:00:00,22.2,9.7,109.0,4.1,2.2,40.0,20.5,98,0.0,12.6
Belagavi,15.8521,74.5045,2026-07-15 07:00:00,20.9,8.8,109.0,3.7,2.1,42.0,21.9,90,0.0,16.4
Belagavi,15.8521,74.5045,2026-07-15 08:00:00,21.9,9.3,108.0,3.3,2.0,46.0,23.2,82,0.0,18.7
Belagavi,15.8521,74.5045,2026-07-15 09:00:00,21.1,9.6,107.0,2.7,1.9,52.0,24.6,74,0.0,22.0
Belagavi,15.8521,74.5045,2026-07-15 10:00:00,21.0,9.8,105.0,1.9,1.9,58.0,25.0,74,0.1,19.9
Belagavi,15.8521,74.5045,2026-07-15 11:00:00,21.4,10.2,106.0,1.4,1.8,63.0,26.1,64,0.1,19.4
Belagavi,15.8521,74.5045,2026-07-15 12:00:00,22.6,10.5,111.0,1.2,1.7,64.0,26.3,65,0.2,21.2
Belagavi,15.8521,74.5045,2026-07-15 13:00:00,23.1,10.6,118.0,1.2,1.7,63.0,26.2,67,1.0,20.7
Belagavi,15.8521,74.5045,2026-07-15 14:00:00,22.6,10.9,123.0,1.4,1.6,61.0,26.1,68,0.4,21.6
Belagavi,15.8521,74.5045,2026-07-15 15:00:00,22.1,11.3,121.0,1.9,1.6,59.0,25.6,71,0.0,22.3
Belagavi,15.8521,74.5045,2026-07-15 16:00:00,22.5,11.9,117.0,2.6,1.6,56.0,25.2,72,0.0,21.7
Belagavi,15.8521,74.5045,2026-07-15 17:00:00,28.2,13.9,115.0,3.0,1.5,54.0,24.8,74,0.0,20.2
Belagavi,15.8521,74.5045,2026-07-15 18:00:00,24.5,12.9,118.0,4.1,1.6,51.0,23.6,80,0.0,20.2
Belagavi,15.8521,74.5045,2026-07-15 19:00:00,23.2,12.3,122.0,5.5,1.8,46.0,22.2,86,0.0,16.1
Belagavi,15.8521,74.5045,2026-07-15 20:00:00,20.0,10.7,126.0,6.5,1.9,42.0,21.7,90,0.0,13.0
Belagavi,15.8521,74.5045,2026-07-15 21:00:00,16.5,8.8,127.0,6.7,2.0,40.0,21.1,93,0.0,12.4
Belagavi,15.8521,74.5045,2026-07-15 22:00:00,14.9,7.9,127.0,6.5,2.1,40.0,21.0,95,0.0,12.8
Belagavi,15.8521,74.5045,2026-07-15 23:00:00,14.3,8.1,126.0,6.1,2.1,40.0,21.0,95,0.0,13.7
Belagavi,15.8521,74.5045,2026-07-16 00:00:00,13.9,8.1,124.0,5.3,2.0,41.0,21.2,94,0.0,15.3
Belagavi,15.8521,74.5045,2026-07-16 01:00:00,14.2,7.8,121.0,4.2,1.9,43.0,21.4,92,0.0,17.2
Belagavi,15.8521,74.5045,2026-07-16 02:00:00,15.5,7.9,118.0,3.4,1.8,44.0,21.5,92,0.1,18.2
Belagavi,15.8521,74.5045,2026-07-16 03:00:00,17.5,8.5,113.0,3.2,1.8,44.0,21.5,91,0.0,14.9
Belagavi,15.8521,74.5045,2026-07-16 04:00:00,19.8,9.4,107.0,3.2,1.8,43.0,20.9,95,0.0,13.4
Belagavi,15.8521,74.5045,2026-07-16 05:00:00,20.0,8.8,104.0,2.5,1.8,45.0,21.2,96,0.0,13.1
Belagavi,15.8521,74.5045,2026-07-16 06:00:00,17.6,7.4,107.0,2.7,1.9,45.0,21.2,95,0.0,15.2
Belagavi,15.8521,74.5045,2026-07-16 07:00:00,15.1,6.8,112.0,3.1,1.9,44.0,21.8,92,0.0,18.2
Belagavi,15.8521,74.5045,2026-07-16 08:00:00,16.5,7.3,115.0,3.1,2.0,46.0,22.5,88,0.0,18.5
Belagavi,15.8521,74.5045,2026-07-16 09:00:00,17.5,7.7,112.0,2.6,2.0,52.0,24.3,77,0.1,17.6
Belagavi,15.8521,74.5045,2026-07-16 10:00:00,19.6,8.5,106.0,1.8,2.0,60.0,25.1,74,0.2,17.6
Belagavi,15.8521,74.5045,2026-07-16 11:00:00,21.7,9.3,104.0,1.2,1.9,65.0,26.4,67,0.0,16.7
Belagavi,15.8521,74.5045,2026-07-16 12:00:00,31.7,12.2,109.0,1.1,1.8,65.0,26.6,63,0.7,21.4
Belagavi,15.8521,74.5045,2026-07-16 13:00:00,31.7,12.2,116.0,1.3,1.6,63.0,26.6,65,0.4,21.5
Belagavi,15.8521,74.5045,2026-07-16 14:00:00,30.6,12.2,121.0,1.6,1.5,61.0,26.3,65,0.7,23.7
Belagavi,15.8521,74.5045,2026-07-16 15:00:00,26.5,11.0,118.0,2.1,1.5,59.0,25.4,73,0.6,23.3
Belagavi,15.8521,74.5045,2026-07-16 16:00:00,16.9,7.7,113.0,2.8,1.5,57.0,24.9,72,0.0,22.8
Belagavi,15.8521,74.5045,2026-07-16 17:00:00,20.4,9.6,110.0,3.7,1.5,53.0,24.7,77,0.0,18.0
Belagavi,15.8521,74.5045,2026-07-16 18:00:00,20.4,9.7,114.0,5.2,1.7,49.0,23.3,84,0.1,17.6
Belagavi,15.8521,74.5045,2026-07-16 19:00:00,17.2,9.4,120.0,7.2,1.9,43.0,22.1,91,0.0,15.3
Belagavi,15.8521,74.5045,2026-07-16 20:00:00,15.2,8.8,124.0,8.4,2.1,38.0,21.8,94,0.0,15.8
Belagavi,15.8521,74.5045,2026-07-16 21:00:00,14.7,9.3,122.0,8.2,2.1,37.0,21.6,94,0.0,14.0
Belagavi,15.8521,74.5045,2026-07-16 22:00:00,13.2,8.1,117.0,7.3,2.1,37.0,21.4,95,0.0,14.2
Belagavi,15.8521,74.5045,2026-07-16 23:00:00,12.3,6.9,114.0,6.3,2.1,37.0,21.9,96,0.0,15.4
Belagavi,15.8521,74.5045,2026-07-17 00:00:00,9.6,5.6,114.0,5.5,2.1,37.0,21.6,96,0.0,17.1
Belagavi,15.8521,74.5045,2026-07-17 01:00:00,6.7,4.1,116.0,4.7,2.1,38.0,21.2,97,0.0,13.9
Belagavi,15.8521,74.5045,2026-07-17 02:00:00,4.7,2.9,118.0,4.1,2.1,38.0,21.3,95,0.0,15.1
Belagavi,15.8521,74.5045,2026-07-17 03:00:00,3.9,2.5,121.0,3.8,2.1,38.0,21.3,95,0.0,13.2
Belagavi,15.8521,74.5045,2026-07-17 04:00:00,3.8,2.6,125.0,3.7,2.2,38.0,21.0,96,0.0,12.4
Belagavi,15.8521,74.5045,2026-07-17 05:00:00,4.0,2.1,126.0,2.2,1.5,44.0,21.7,95,0.0,13.9
Belagavi,15.8521,74.5045,2026-07-17 06:00:00,4.7,2.5,122.0,2.7,1.6,43.0,21.7,95,0.1,15.0
Belagavi,15.8521,74.5045,2026-07-17 07:00:00,4.9,2.6,115.0,3.4,1.7,42.0,21.9,92,0.1,15.1
Belagavi,15.8521,74.5045,2026-07-17 08:00:00,4.6,2.6,110.0,3.7,1.7,42.0,22.5,88,0.1,17.6
Belagavi,15.8521,74.5045,2026-07-17 09:00:00,5.0,2.9,109.0,3.2,1.6,45.0,23.1,85,0.1,18.9
Belagavi,15.8521,74.5045,2026-07-17 10:00:00,5.5,2.9,111.0,2.2,1.5,49.0,23.4,84,0.2,19.3
Belagavi,15.8521,74.5045,2026-07-17 11:00:00,7.3,3.4,112.0,1.6,1.4,52.0,24.7,79,0.1,19.2
Belagavi,15.8521,74.5045,2026-07-17 12:00:00,10.5,4.8,112.0,1.6,1.4,55.0,24.0,80,0.6,21.3
Belagavi,15.8521,74.5045,2026-07-17 13:00:00,12.7,6.1,112.0,1.8,1.5,57.0,23.3,86,0.5,20.7
Belagavi,15.8521,74.5045,2026-07-17 14:00:00,14.5,7.5,112.0,2.2,1.5,58.0,22.9,90,1.0,24.1
Belagavi,15.8521,74.5045,2026-07-17 15:00:00,15.5,7.4,110.0,2.7,1.5,56.0,22.1,92,2.5,19.8
Belagavi,15.8521,74.5045,2026-07-17 16:00:00,9.1,4.9,109.0,3.3,1.5,52.0,22.3,93,1.5,21.2
Belagavi,15.8521,74.5045,2026-07-17 17:00:00,5.7,3.0,110.0,3.8,1.0,45.0,22.2,90,0.2,20.3
Belagavi,15.8521,74.5045,2026-07-17 18:00:00,9.9,5.4,118.0,4.7,1.2,43.0,22.0,93,0.3,19.3
Belagavi,15.8521,74.5045,2026-07-17 19:00:00,13.7,7.6,130.0,6.0,1.5,41.0,21.7,93,0.0,16.2
Belagavi,15.8521,74.5045,2026-07-17 20:00:00,12.5,7.3,136.0,6.7,1.7,39.0,21.3,93,0.0,17.1
Belagavi,15.8521,74.5045,2026-07-17 21:00:00,11.9,7.1,131.0,6.3,1.7,39.0,21.4,92,0.0,15.9
Belagavi,15.8521,74.5045,2026-07-17 22:00:00,9.6,5.5,121.0,5.4,1.7,40.0,21.3,94,0.0,15.0
Belagavi,15.8521,74.5045,2026-07-17 23:00:00,8.4,4.9,113.0,4.6,1.6,41.0,21.5,94,0.0,17.0
Belagavi,15.8521,74.5045,2026-07-18 00:00:00,8.1,4.7,111.0,4.2,1.6,40.0,21.1,95,0.0,14.0
Belagavi,15.8521,74.5045,2026-07-18 01:00:00,8.5,4.9,110.0,3.9,1.6,39.0,21.1,94,0.0,14.9
Belagavi,15.8521,74.5045,2026-07-18 02:00:00,7.5,4.4,110.0,3.6,1.6,39.0,20.9,95,0.0,15.3
Belagavi,15.8521,74.5045,2026-07-18 03:00:00,6.6,3.9,109.0,3.1,1.6,40.0,20.7,96,0.0,13.1
Belagavi,15.8521,74.5045,2026-07-18 04:00:00,6.0,3.2,107.0,2.7,1.6,41.0,20.7,96,0.0,11.3
Belagavi,15.8521,74.5045,2026-07-18 05:00:00,5.1,2.6,107.0,2.5,1.4,42.0,21.3,95,0.0,14.9
Belagavi,15.8521,74.5045,2026-07-18 06:00:00,4.7,2.6,110.0,3.5,1.5,40.0,21.3,95,0.0,19.4
Belagavi,15.8521,74.5045,2026-07-18 07:00:00,5.2,2.9,115.0,4.7,1.6,38.0,21.7,94,0.0,17.5
Belagavi,15.8521,74.5045,2026-07-18 08:00:00,5.4,3.5,117.0,5.3,1.7,37.0,22.3,91,0.2,18.4
Belagavi,15.8521,74.5045,2026-07-18 09:00:00,5.6,3.6,115.0,4.5,1.6,39.0,23.8,82,0.1,23.2
Belagavi,15.8521,74.5045,2026-07-18 10:00:00,7.9,4.5,110.0,3.0,1.5,43.0,24.2,81,0.1,22.6
Belagavi,15.8521,74.5045,2026-07-18 11:00:00,5.4,2.9,107.0,1.9,1.4,47.0,23.9,82,0.1,21.6
Belagavi,15.8521,74.5045,2026-07-18 12:00:00,8.0,4.0,106.0,1.5,1.4,50.0,25.1,77,0.4,25.0
Belagavi,15.8521,74.5045,2026-07-18 13:00:00,7.4,4.0,107.0,1.4,1.3,52.0,24.4,77,0.4,22.9
Belagavi,15.8521,74.5045,2026-07-18 14:00:00,6.6,3.6,108.0,1.6,1.3,52.0,25.1,80,0.5,20.1
Belagavi,15.8521,74.5045,2026-07-18 15:00:00,6.3,3.6,109.0,2.3,1.2,50.0,22.6,93,1.0,17.5
Belagavi,15.8521,74.5045,2026-07-18 16:00:00,6.8,4.0,110.0,3.4,1.2,46.0,23.1,89,0.1,22.0
Belagavi,15.8521,74.5045,2026-07-18 17:00:00,6.9,4.4,112.0,6.1,1.2,37.0,22.5,94,0.0,19.0
Belagavi,15.8521,74.5045,2026-07-18 18:00:00,5.7,3.9,116.0,6.4,1.2,37.0,21.8,98,0.9,13.4
Belagavi,15.8521,74.5045,2026-07-18 19:00:00,3.3,2.5,121.0,6.8,1.3,36.0,21.5,98,0.4,15.7
Belagavi,15.8521,74.5045,2026-07-18 20:00:00,2.7,2.3,124.0,6.9,1.3,36.0,21.4,98,0.1,16.2
Belagavi,15.8521,74.5045,2026-07-18 21:00:00,2.2,1.9,125.0,6.4,1.3,37.0,21.2,97,0.1,15.3
Belagavi,15.8521,74.5045,2026-07-18 22:00:00,2.3,2.0,125.0,5.5,1.4,38.0,21.0,98,0.1,15.5
Belagavi,15.8521,74.5045,2026-07-18 23:00:00,2.2,1.8,124.0,4.7,1.4,39.0,21.1,98,0.1,15.1
Belagavi,15.8521,74.5045,2026-07-19 00:00:00,2.2,1.7,123.0,4.1,1.4,40.0,21.0,98,0.2,14.4
Belagavi,15.8521,74.5045,2026-07-19 01:00:00,2.9,2.0,121.0,3.6,1.3,40.0,21.1,98,0.1,15.1
Belagavi,15.8521,74.5045,2026-07-19 02:00:00,2.5,1.8,118.0,3.2,1.3,40.0,21.0,98,0.0,15.7
Belagavi,15.8521,74.5045,2026-07-19 03:00:00,2.9,1.9,112.0,2.9,1.3,40.0,21.1,99,0.0,14.4
Belagavi,15.8521,74.5045,2026-07-19 04:00:00,3.3,2.1,105.0,2.8,1.3,40.0,21.1,98,0.1,14.6
Belagavi,15.8521,74.5045,2026-07-19 05:00:00,1.9,1.5,101.0,2.7,1.2,40.0,21.4,98,0.1,15.9
Belagavi,15.8521,74.5045,2026-07-19 06:00:00,2.9,2.0,103.0,2.9,1.3,39.0,21.6,98,0.0,15.2
Belagavi,15.8521,74.5045,2026-07-19 07:00:00,6.2,3.4,107.0,3.1,1.5,38.0,21.5,98,0.4,12.8
Belagavi,15.8521,74.5045,2026-07-19 08:00:00,9.1,4.5,110.0,3.1,1.6,39.0,22.3,93,0.0,17.6
Belagavi,15.8521,74.5045,2026-07-19 09:00:00,13.5,6.2,108.0,2.5,1.5,42.0,23.3,86,0.1,20.3
Belagavi,15.8521,74.5045,2026-07-19 10:00:00,15.4,6.8,103.0,1.6,1.4,47.0,23.8,84,0.4,20.7
Belagavi,15.8521,74.5045,2026-07-19 11:00:00,15.4,7.2,100.0,1.0,1.3,51.0,25.8,73,0.1,24.1
Belagavi,15.8521,74.5045,2026-07-19 12:00:00,18.3,8.1,99.0,0.8,1.3,52.0,25.7,72,0.2,24.9
Belagavi,15.8521,74.5045,2026-07-19 13:00:00,16.1,8.2,100.0,0.9,1.4,52.0,25.0,83,1.6,23.5
Belagavi,15.8521,74.5045,2026-07-19 14:00:00,15.7,8.1,102.0,1.3,1.4,51.0,25.4,77,0.1,24.7
Belagavi,15.8521,74.5045,2026-07-19 15:00:00,14.2,7.8,105.0,2.0,1.4,48.0,25.4,74,0.2,24.5
Belagavi,15.8521,74.5045,2026-07-19 16:00:00,10.9,6.5,108.0,3.0,1.3,44.0,24.3,80,0.3,23.1
Belagavi,15.8521,74.5045,2026-07-19 17:00:00,13.0,6.6,113.0,3.6,1.1,41.0,23.6,89,0.2,20.5
Belagavi,15.8521,74.5045,2026-07-19 18:00:00,7.3,4.4,120.0,4.0,1.2,40.0,21.9,93,0.4,20.0
Belagavi,15.8521,74.5045,2026-07-19 19:00:00,4.1,2.9,128.0,4.5,1.3,40.0,21.6,97,0.4,17.5
Belagavi,15.8521,74.5045,2026-07-19 20:00:00,3.3,2.5,132.0,4.8,1.4,39.0,21.3,98,0.6,19.5
Belagavi,15.8521,74.5045,2026-07-19 21:00:00,2.8,2.2,128.0,4.9,1.5,39.0,21.2,98,0.1,17.3
Belagavi,15.8521,74.5045,2026-07-19 22:00:00,3.0,2.5,121.0,4.8,1.6,38.0,21.1,98,0.0,16.9
Belagavi,15.8521,74.5045,2026-07-19 23:00:00,2.4,2.1,114.0,4.6,1.7,38.0,21.3,97,0.0,16.7
Belagavi,15.8521,74.5045,2026-07-20 00:00:00,1.7,1.5,109.0,4.2,1.7,38.0,21.0,98,0.3,15.7
Belagavi,15.8521,74.5045,2026-07-20 01:00:00,1.5,1.4,105.0,3.7,1.6,38.0,20.9,98,0.1,15.2
Belagavi,15.8521,74.5045,2026-07-20 02:00:00,1.5,1.3,104.0,3.3,1.6,38.0,21.1,98,0.0,15.7
Belagavi,15.8521,74.5045,2026-07-20 03:00:00,1.9,1.5,107.0,3.1,1.6,37.0,21.2,98,0.1,15.3
Belagavi,15.8521,74.5045,2026-07-20 04:00:00,2.3,1.7,113.0,3.1,1.6,37.0,21.2,98,0.3,17.4
Belagavi,15.8521,74.5045,2026-07-20 05:00:00,4.0,3.0,118.0,3.5,1.7,35.0,21.6,98,0.1,18.4
Belagavi,15.8521,74.5045,2026-07-20 06:00:00,3.5,2.5,120.0,3.7,1.6,35.0,20.4,98,2.7,15.1
Belagavi,15.8521,74.5045,2026-07-20 07:00:00,4.1,2.9,120.0,3.9,1.5,35.0,20.9,99,1.3,15.1
Belagavi,15.8521,74.5045,2026-07-20 08:00:00,4.7,2.9,119.0,4.0,1.5,36.0,21.7,96,1.4,18.8
Belagavi,15.8521,74.5045,2026-07-20 09:00:00,4.6,2.7,114.0,3.7,1.6,39.0,22.1,93,0.5,21.5
Belagavi,15.8521,74.5045,2026-07-20 10:00:00,5.0,3.2,107.0,3.2,1.6,42.0,23.5,87,0.5,24.7
Belagavi,15.8521,74.5045,2026-07-20 11:00:00,5.4,3.3,102.0,2.9,1.7,45.0,24.8,79,0.3,23.5
Belagavi,15.8521,74.5045,2026-07-20 12:00:00,6.4,3.6,99.0,2.9,1.7,46.0,25.4,78,0.2,23.7
Belagavi,15.8521,74.5045,2026-07-20 13:00:00,5.5,3.0,98.0,3.0,1.6,45.0,23.7,85,1.1,25.6
Belagavi,15.8521,74.5045,2026-07-20 14:00:00,6.1,4.0,98.0,3.4,1.5,44.0,24.1,85,0.4,24.8
Belagavi,15.8521,74.5045,2026-07-20 15:00:00,7.0,4.5,100.0,4.3,1.5,42.0,24.3,84,0.3,27.1
Belagavi,15.8521,74.5045,2026-07-20 16:00:00,5.3,3.6,104.0,5.6,1.5,41.0,23.4,87,0.4,26.0
Belagavi,15.8521,74.5045,2026-07-20 17:00:00,6.1,3.7,108.0,4.0,0.9,41.0,22.7,92,0.3,21.6
Belagavi,15.8521,74.5045,2026-07-20 18:00:00,4.1,2.7,114.0,4.5,1.0,41.0,21.2,98,0.3,16.3
Belagavi,15.8521,74.5045,2026-07-20 19:00:00,4.9,3.3,122.0,5.1,1.2,40.0,20.6,98,0.2,17.3
Belagavi,15.8521,74.5045,2026-07-20 20:00:00,6.5,4.2,126.0,5.5,1.4,39.0,20.7,97,0.0,14.1
Belagavi,15.8521,74.5045,2026-07-20 21:00:00,7.7,5.0,124.0,5.5,1.5,38.0,20.6,98,0.0,14.9
Belagavi,15.8521,74.5045,2026-07-20 22:00:00,8.1,5.1,119.0,5.3,1.7,37.0,20.7,98,0.0,12.0
Belagavi,15.8521,74.5045,2026-07-20 23:00:00,6.8,4.5,115.0,5.0,1.8,36.0,21.3,96,0.0,20.0
Belagavi,15.8521,74.5045,2026-07-21 00:00:00,6.1,3.9,114.0,4.7,1.9,35.0,20.9,97,0.0,18.5
Belagavi,15.8521,74.5045,2026-07-21 01:00:00,5.0,3.2,115.0,4.3,2.0,35.0,21.0,96,0.0,18.4
Belagavi,15.8521,74.5045,2026-07-21 02:00:00,4.0,2.7,116.0,4.0,2.1,35.0,20.9,96,0.0,16.6
Belagavi,15.8521,74.5045,2026-07-21 03:00:00,4.5,3.0,116.0,3.8,2.2,35.0,20.8,96,0.0,17.0
Belagavi,15.8521,74.5045,2026-07-21 04:00:00,5.4,3.5,116.0,3.6,2.2,36.0,20.9,95,0.0,16.6
Belagavi,15.8521,74.5045,2026-07-21 05:00:00,4.7,2.8,116.0,2.4,1.4,38.0,21.4,97,0.0,16.2
Belagavi,15.8521,74.5045,2026-07-21 06:00:00,4.8,3.0,115.0,2.9,1.5,38.0,21.3,96,0.1,14.0
Belagavi,15.8521,74.5045,2026-07-21 07:00:00,5.4,3.5,113.0,3.5,1.5,38.0,21.5,94,0.0,15.5
Belagavi,15.8521,74.5045,2026-07-21 08:00:00,7.4,4.5,111.0,3.8,1.6,39.0,22.5,87,0.1,20.5
Belagavi,15.8521,74.5045,2026-07-21 09:00:00,6.4,4.2,108.0,3.3,1.6,43.0,23.0,85,0.1,19.5
Belagavi,15.8521,74.5045,2026-07-21 10:00:00,7.3,4.7,105.0,2.3,1.6,49.0,24.6,78,0.2,23.7
Belagavi,15.8521,74.5045,2026-07-21 11:00:00,7.5,4.1,103.0,1.6,1.5,53.0,25.3,75,0.2,25.9
Belagavi,15.8521,74.5045,2026-07-21 12:00:00,7.0,3.6,103.0,1.3,1.4,54.0,25.8,72,0.1,25.8
Belagavi,15.8521,74.5045,2026-07-21 13:00:00,9.2,4.7,104.0,1.3,1.3,53.0,25.0,78,0.2,26.4
Belagavi,15.8521,74.5045,2026-07-21 14:00:00,9.9,5.0,106.0,1.5,1.2,52.0,24.7,81,0.3,28.5
Belagavi,15.8521,74.5045,2026-07-21 15:00:00,7.1,3.8,109.0,2.0,1.2,49.0,23.0,88,2.3,24.1
Belagavi,15.8521,74.5045,2026-07-21 16:00:00,8.3,4.7,112.0,2.7,1.3,46.0,22.2,94,1.0,23.9
Belagavi,15.8521,74.5045,2026-07-21 17:00:00,7.6,4.1,116.0,4.2,1.0,42.0,22.2,95,1.7,21.6
Belagavi,15.8521,74.5045,2026-07-21 18:00:00,5.7,3.7,123.0,4.4,1.1,41.0,22.1,95,0.2,22.3
Belagavi,15.8521,74.5045,2026-07-21 19:00:00,3.3,2.4,130.0,4.7,1.3,39.0,21.4,98,1.7,18.6
Belagavi,15.8521,74.5045,2026-07-21 20:00:00,3.2,2.3,134.0,4.9,1.5,37.0,21.4,98,0.2,17.6
Belagavi,15.8521,74.5045,2026-07-21 21:00:00,5.6,3.4,130.0,4.9,1.6,36.0,21.1,97,0.1,19.8
Belagavi,15.8521,74.5045,2026-07-21 22:00:00,7.0,4.2,122.0,4.8,1.7,34.0,21.1,97,0.0,20.4
Belagavi,15.8521,74.5045,2026-07-21 23:00:00,5.9,3.8,115.0,4.6,1.7,34.0,21.4,98,0.1,17.1
Belagavi,15.8521,74.5045,2026-07-22 00:00:00,4.5,2.8,109.0,4.0,1.8,35.0,21.2,97,0.1,17.4
Belagavi,15.8521,74.5045,2026-07-22 01:00:00,3.4,2.2,103.0,3.3,1.8,36.0,20.9,97,0.1,15.3
Belagavi,15.8521,74.5045,2026-07-22 02:00:00,2.8,1.7,99.0,2.8,1.8,37.0,20.7,96,0.1,17.9
Belagavi,15.8521,74.5045,2026-07-22 03:00:00,3.0,1.9,96.0,2.7,1.7,37.0,20.4,98,0.1,17.0
Belagavi,15.8521,74.5045,2026-07-22 04:00:00,2.5,1.6,93.0,2.7,1.7,36.0,20.6,97,0.1,18.7
Belagavi,15.8521,74.5045,2026-07-22 05:00:00,6.5,3.3,94.0,2.3,1.3,39.0,21.1,97,0.1,19.3
Belagavi,15.8521,74.5045,2026-07-22 06:00:00,6.4,3.3,101.0,2.5,1.3,39.0,20.8,98,0.0,22.5
Belagavi,15.8521,74.5045,2026-07-22 07:00:00,6.8,3.7,110.0,2.8,1.2,39.0,21.4,95,0.1,20.0
Belagavi,15.8521,74.5045,2026-07-22 08:00:00,8.3,4.2,116.0,2.9,1.2,40.0,21.4,95,0.2,21.5
Belagavi,15.8521,74.5045,2026-07-22 09:00:00,8.2,4.7,113.0,2.7,1.3,42.0,22.9,86,0.2,26.7
Belagavi,15.8521,74.5045,2026-07-22 10:00:00,6.7,3.9,107.0,2.3,1.3,45.0,22.7,88,0.6,25.8
Belagavi,15.8521,74.5045,2026-07-22 11:00:00,5.2,3.0,102.0,2.1,1.4,47.0,23.4,84,0.7,23.9
Belagavi,15.8521,74.5045,2026-07-22 12:00:00,6.3,3.4,102.0,2.0,1.4,47.0,23.8,78,0.0,26.7
Belagavi,15.8521,74.5045,2026-07-22 13:00:00,7.1,4.2,105.0,2.0,1.3,46.0,23.4,82,0.2,26.9
Belagavi,15.8521,74.5045,2026-07-22 14:00:00,4.8,2.9,107.0,2.3,1.3,45.0,22.8,88,0.6,27.2
Belagavi,15.8521,74.5045,2026-07-22 15:00:00,4.6,2.7,108.0,3.0,1.3,42.0,23.2,84,0.2,27.9
Belagavi,15.8521,74.5045,2026-07-22 16:00:00,4.2,2.6,108.0,4.0,1.3,39.0,21.6,92,0.2,20.1
Belagavi,15.8521,74.5045,2026-07-22 17:00:00,10.5,5.9,108.0,4.1,1.2,41.0,22.2,95,0.2,26.2
Belagavi,15.8521,74.5045,2026-07-22 18:00:00,5.5,3.7,107.0,4.2,1.3,40.0,21.4,96,0.2,22.5
Belagavi,15.8521,74.5045,2026-07-22 19:00:00,4.2,3.0,106.0,4.4,1.4,39.0,20.8,96,0.2,24.2
Belagavi,15.8521,74.5045,2026-07-22 20:00:00,5.1,3.2,106.0,4.4,1.5,38.0,20.6,97,0.3,23.1
Belagavi,15.8521,74.5045,2026-07-22 21:00:00,4.9,2.9,107.0,4.2,1.5,38.0,20.5,98,0.3,23.8
Belagavi,15.8521,74.5045,2026-07-22 22:00:00,6.2,3.6,108.0,3.8,1.4,39.0,20.7,97,0.2,23.4
Belagavi,15.8521,74.5045,2026-07-22 23:00:00,8.1,4.5,108.0,3.4,1.3,39.0,21.6,97,0.1,23.6
Belagavi,15.8521,74.5045,2026-07-23 00:00:00,11.4,5.7,105.0,3.0,1.2,39.0,21.6,98,0.1,23.9
Belagavi,15.8521,74.5045,2026-07-23 01:00:00,8.0,4.2,101.0,2.6,1.1,39.0,21.4,97,0.1,24.2
Belagavi,15.8521,74.5045,2026-07-23 02:00:00,5.2,2.9,99.0,2.4,1.1,39.0,20.5,97,0.3,25.5
Belagavi,15.8521,74.5045,2026-07-23 03:00:00,4.2,2.5,99.0,2.4,1.1,39.0,20.7,98,0.1,22.6
Belagavi,15.8521,74.5045,2026-07-23 04:00:00,3.1,2.0,100.0,2.5,1.1,38.0,20.5,96,0.7,21.7
Belagavi,15.8521,74.5045,2026-07-23 05:00:00,3.5,2.0,103.0,2.1,1.1,35.0,21.0,97,0.2,22.4
Belagavi,15.8521,74.5045,2026-07-23 06:00:00,2.5,1.6,110.0,2.7,1.2,35.0,21.3,97,0.1,24.8
Belagavi,15.8521,74.5045,2026-07-23 07:00:00,5.9,2.9,119.0,3.5,1.3,35.0,21.3,95,0.0,22.4
Belagavi,15.8521,74.5045,2026-07-23 08:00:00,16.2,7.2,124.0,4.0,1.4,37.0,21.8,92,0.1,22.4
Belagavi,15.8521,74.5045,2026-07-23 09:00:00,33.5,13.7,119.0,3.7,1.5,42.0,22.4,90,0.1,24.0
Belagavi,15.8521,74.5045,2026-07-23 10:00:00,61.2,24.9,110.0,3.1,1.6,48.0,23.6,83,0.2,25.6
Belagavi,15.8521,74.5045,2026-07-23 11:00:00,70.1,28.9,103.0,2.5,1.6,53.0,22.9,90,0.1,22.0
Belagavi,15.8521,74.5045,2026-07-23 12:00:00,72.4,28.9,103.0,2.1,1.5,57.0,23.3,86,0.4,25.2
Belagavi,15.8521,74.5045,2026-07-23 13:00:00,65.2,27.5,105.0,1.7,1.4,60.0,23.8,82,0.1,24.3
Belagavi,15.8521,74.5045,2026-07-23 14:00:00,58.0,25.8,107.0,1.7,1.3,61.0,23.4,82,0.0,23.3
Belagavi,15.8521,74.5045,2026-07-23 15:00:00,56.7,24.0,108.0,2.2,1.3,58.0,22.9,90,0.2,23.8
Belagavi,15.8521,74.5045,2026-07-23 16:00:00,55.5,23.5,109.0,2.9,1.3,53.0,22.2,92,0.1,20.7
Belagavi,15.8521,74.5045,2026-07-23 17:00:00,48.2,20.5,110.0,4.3,1.4,44.0,22.4,96,0.2,26.7
Belagavi,15.8521,74.5045,2026-07-23 18:00:00,47.3,20.4,112.0,4.3,1.4,45.0,21.6,97,0.6,21.2
Belagavi,15.8521,74.5045,2026-07-23 19:00:00,35.6,16.0,114.0,4.2,1.5,47.0,21.6,97,0.3,24.7
Belagavi,15.8521,74.5045,2026-07-23 20:00:00,18.0,8.7,115.0,4.1,1.5,48.0,21.4,97,0.1,24.0
Belagavi,15.8521,74.5045,2026-07-23 21:00:00,18.3,8.7,112.0,4.0,1.5,48.0,21.2,97,0.1,22.4
Belagavi,15.8521,74.5045,2026-07-23 22:00:00,22.2,10.9,108.0,3.8,1.6,47.0,21.0,98,0.0,20.2
Belagavi,15.8521,74.5045,2026-07-23 23:00:00,19.2,9.3,104.0,3.5,1.6,46.0,20.7,97,0.1,21.3
Belagavi,15.8521,74.5045,2026-07-24 00:00:00,20.7,9.8,101.0,3.1,1.5,45.0,20.7,97,0.1,20.1
Belagavi,15.8521,74.5045,2026-07-24 01:00:00,21.2,10.2,99.0,2.6,1.4,43.0,20.8,98,0.0,22.1
Belagavi,15.8521,74.5045,2026-07-24 02:00:00,19.9,9.3,97.0,2.2,1.3,42.0,20.9,97,0.1,23.0
Belagavi,15.8521,74.5045,2026-07-24 03:00:00,18.5,8.7,97.0,2.0,1.2,40.0,20.9,97,0.1,21.1
Belagavi,15.8521,74.5045,2026-07-24 04:00:00,18.3,8.8,97.0,1.8,1.2,39.0,20.9,97,0.1,21.4
Belagavi,15.8521,74.5045,2026-07-24 05:00:00,10.3,5.3,98.0,1.7,1.0,36.0,20.9,95,0.3,20.8
Belagavi,15.8521,74.5045,2026-07-24 06:00:00,9.2,5.0,100.0,2.4,1.1,35.0,21.0,97,0.4,17.8
Belagavi,15.8521,74.5045,2026-07-24 07:00:00,5.0,3.1,103.0,3.2,1.3,33.0,21.6,97,0.1,23.3
Belagavi,15.8521,74.5045,2026-07-24 08:00:00,6.5,3.9,105.0,3.6,1.4,33.0,22.3,94,0.2,25.3
Belagavi,15.8521,74.5045,2026-07-24 09:00:00,9.7,5.7,105.0,3.0,1.3,36.0,22.6,90,0.1,25.7
Belagavi,15.8521,74.5045,2026-07-24 10:00:00,9.9,4.8,103.0,1.9,1.2,40.0,24.4,82,0.4,27.4
Belagavi,15.8521,74.5045,2026-07-24 11:00:00,11.9,5.5,101.0,1.1,1.1,44.0,25.0,77,0.2,32.4
Belagavi,15.8521,74.5045,2026-07-24 12:00:00,8.3,5.1,99.0,0.9,1.1,46.0,26.4,69,0.3,26.8
Belagavi,15.8521,74.5045,2026-07-24 13:00:00,8.2,5.6,96.0,1.0,1.2,47.0,23.4,90,1.0,24.9
Belagavi,15.8521,74.5045,2026-07-24 14:00:00,9.2,4.9,96.0,1.2,1.2,47.0,23.2,90,1.4,25.2
Belagavi,15.8521,74.5045,2026-07-24 15:00:00,8.8,4.9,101.0,1.4,1.2,45.0,23.2,91,1.8,29.2
Belagavi,15.8521,74.5045,2026-07-24 16:00:00,9.7,5.6,109.0,1.8,1.2,42.0,23.9,82,0.2,27.3
Belagavi,15.8521,74.5045,2026-07-24 17:00:00,10.4,5.8,114.0,2.2,1.1,41.0,23.2,85,0.3,24.5
Belagavi,15.8521,74.5045,2026-07-24 18:00:00,10.8,6.1,114.0,2.8,1.2,40.0,22.1,90,0.1,25.5
Belagavi,15.8521,74.5045,2026-07-24 19:00:00,11.3,6.9,112.0,3.6,1.4,38.0,21.4,93,0.1,21.9
Belagavi,15.8521,74.5045,2026-07-24 20:00:00,10.5,6.8,110.0,4.1,1.5,36.0,21.4,94,0.1,20.9
Belagavi,15.8521,74.5045,2026-07-24 21:00:00,8.2,5.4,108.0,4.2,1.5,35.0,21.2,95,0.0,20.4
Belagavi,15.8521,74.5045,2026-07-24 22:00:00,8.7,5.7,106.0,4.0,1.5,34.0,21.0,96,0.0,20.1
Belagavi,15.8521,74.5045,2026-07-24 23:00:00,5.1,3.7,104.0,3.7,1.5,34.0,21.2,95,0.0,21.4
Belagavi,15.8521,74.5045,2026-07-25 00:00:00,3.6,2.6,100.0,3.3,1.4,34.0,20.8,95,0.0,22.4
Belagavi,15.8521,74.5045,2026-07-25 01:00:00,2.9,2.1,95.0,2.8,1.4,34.0,20.7,95,0.0,21.4
Belagavi,15.8521,74.5045,2026-07-25 02:00:00,3.1,2.1,93.0,2.5,1.3,34.0,20.8,96,0.0,20.0
Belagavi,15.8521,74.5045,2026-07-25 03:00:00,3.6,2.3,94.0,2.4,1.3,33.0,21.1,95,0.1,20.5
Belagavi,15.8521,74.5045,2026-07-25 04:00:00,3.1,2.0,97.0,2.3,1.4,32.0,21.1,95,0.1,19.9
Belagavi,15.8521,74.5045,2026-07-25 05:00:00,4.6,2.9,101.0,2.2,1.2,33.0,21.1,96,0.0,17.8
Belagavi,15.8521,74.5045,2026-07-25 06:00:00,3.4,2.3,106.0,2.7,1.3,32.0,21.0,96,0.0,17.1
Belagavi,15.8521,74.5045,2026-07-25 07:00:00,4.4,2.8,112.0,3.4,1.4,31.0,21.2,95,0.0,17.4
Belagavi,15.8521,74.5045,2026-07-25 08:00:00,4.2,2.7,114.0,3.7,1.5,32.0,22.4,90,0.0,20.0
Belagavi,15.8521,74.5045,2026-07-25 09:00:00,4.8,3.1,108.0,3.1,1.5,36.0,23.0,87,0.1,25.4
Belagavi,15.8521,74.5045,2026-07-25 10:00:00,8.2,4.0,99.0,2.1,1.4,42.0,24.2,81,0.1,26.4
Belagavi,15.8521,74.5045,2026-07-25 11:00:00,9.3,4.7,92.0,1.4,1.3,47.0,25.4,76,0.3,24.6
Belagavi,15.8521,74.5045,2026-07-25 12:00:00,10.3,5.3,91.0,1.2,1.3,49.0,24.8,83,0.4,27.9
Belagavi,15.8521,74.5045,2026-07-25 13:00:00,8.9,4.8,94.0,1.2,1.3,49.0,26.2,73,0.1,27.5
Belagavi,15.8521,74.5045,2026-07-25 14:00:00,8.4,4.2,96.0,1.4,1.3,49.0,26.5,70,0.1,25.9
Belagavi,15.8521,74.5045,2026-07-25 15:00:00,7.8,3.9,97.0,1.9,1.3,48.0,25.8,75,0.2,25.8
Belagavi,15.8521,74.5045,2026-07-25 16:00:00,9.1,4.5,99.0,2.7,1.3,45.0,25.2,77,0.1,26.5
Belagavi,15.8521,74.5045,2026-07-25 17:00:00,23.9,10.7,102.0,2.6,1.3,45.0,23.5,87,0.2,22.5
Belagavi,15.8521,74.5045,2026-07-25 18:00:00,15.9,8.4,108.0,3.6,1.4,42.0,22.6,91,0.1,19.8
Belagavi,15.8521,74.5045,2026-07-25 19:00:00,11.6,6.7,116.0,4.9,1.6,38.0,22.2,93,0.1,17.4
Belagavi,15.8521,74.5045,2026-07-25 20:00:00,8.8,5.3,121.0,5.7,1.7,36.0,21.5,96,0.1,15.8
Belagavi,15.8521,74.5045,2026-07-25 21:00:00,5.8,3.4,121.0,5.3,1.7,36.0,21.5,96,0.0,13.9
Belagavi,15.8521,74.5045,2026-07-25 22:00:00,5.5,3.0,118.0,4.3,1.6,38.0,21.6,96,0.0,12.7
Belagavi,15.8521,74.5045,2026-07-25 23:00:00,6.9,3.5,115.0,3.5,1.5,39.0,21.7,96,0.0,15.7
Belagavi,15.8521,74.5045,2026-07-26 00:00:00,7.9,3.8,111.0,3.1,1.5,39.0,21.3,99,0.0,15.2
Belagavi,15.8521,74.5045,2026-07-26 01:00:00,6.1,3.2,106.0,2.9,1.6,39.0,21.7,97,0.1,18.3
Belagavi,15.8521,74.5045,2026-07-26 02:00:00,4.7,2.6,102.0,2.8,1.6,38.0,21.4,96,0.1,18.9
Belagavi,15.8521,74.5045,2026-07-26 03:00:00,5.6,3.0,101.0,2.8,1.6,37.0,20.8,98,0.0,15.9
Belagavi,15.8521,74.5045,2026-07-26 04:00:00,4.8,2.7,101.0,2.9,1.6,36.0,20.9,98,0.0,13.9
Belagavi,15.8521,74.5045,2026-07-26 05:00:00,4.1,2.1,102.0,2.7,1.4,37.0,21.5,98,0.1,17.3
Belagavi,15.8521,74.5045,2026-07-26 06:00:00,4.2,2.2,103.0,2.7,1.4,38.0,21.2,98,0.0,19.0
Belagavi,15.8521,74.5045,2026-07-26 07:00:00,5.2,2.6,103.0,2.7,1.4,39.0,21.5,96,0.0,17.3
Belagavi,15.8521,74.5045,2026-07-26 08:00:00,6.9,3.5,103.0,2.6,1.4,41.0,22.0,93,0.1,18.0
Belagavi,15.8521,74.5045,2026-07-26 09:00:00,9.0,4.5,101.0,2.2,1.3,43.0,24.1,81,0.2,23.3
Belagavi,15.8521,74.5045,2026-07-26 10:00:00,12.7,5.4,99.0,1.5,1.2,46.0,25.0,78,0.2,22.3
Belagavi,15.8521,74.5045,2026-07-26 11:00:00,15.3,6.1,97.0,1.1,1.1,49.0,26.8,65,0.1,23.0
Belagavi,15.8521,74.5045,2026-07-26 12:00:00,13.2,5.7,97.0,0.9,1.1,51.0,25.7,74,0.5,24.0
Belagavi,15.8521,74.5045,2026-07-26 13:00:00,12.9,5.9,97.0,0.9,1.2,53.0,26.4,73,0.1,22.9
Belagavi,15.8521,74.5045,2026-07-26 14:00:00,13.0,6.1,98.0,1.0,1.3,54.0,26.5,72,0.1,23.9
Belagavi,15.8521,74.5045,2026-07-26 15:00:00,13.7,5.8,98.0,1.2,1.3,53.0,25.8,77,0.1,25.1
Belagavi,15.8521,74.5045,2026-07-26 16:00:00,14.1,6.5,97.0,1.6,1.3,50.0,24.9,79,0.1,24.6
Belagavi,15.8521,74.5045,2026-07-26 17:00:00,18.0,7.1,98.0,2.1,1.2,46.0,24.7,78,0.2,22.4
Belagavi,15.8521,74.5045,2026-07-26 18:00:00,14.2,6.3,102.0,2.8,1.4,44.0,23.0,88,0.0,20.5
Belagavi,15.8521,74.5045,2026-07-26 19:00:00,11.5,6.1,108.0,3.7,1.6,42.0,21.7,94,0.0,18.5
Belagavi,15.8521,74.5045,2026-07-26 20:00:00,9.0,5.2,112.0,4.3,1.7,41.0,21.9,93,0.0,17.5
Belagavi,15.8521,74.5045,2026-07-26 21:00:00,6.5,4.0,113.0,4.1,1.7,42.0,21.7,94,0.0,14.3
Belagavi,15.8521,74.5045,2026-07-26 22:00:00,3.9,2.6,113.0,3.5,1.7,43.0,21.8,95,0.1,12.2
Belagavi,15.8521,74.5045,2026-07-26 23:00:00,3.4,2.2,111.0,3.0,1.6,44.0,21.9,95,0.2,17.8
Belagavi,15.8521,74.5045,2026-07-27 00:00:00,4.3,2.3,107.0,2.8,1.5,44.0,21.3,96,0.0,14.9
Belagavi,15.8521,74.5045,2026-07-27 01:00:00,3.7,2.1,102.0,2.6,1.4,43.0,21.3,96,0.1,11.3
Belagavi,15.8521,74.5045,2026-07-27 02:00:00,3.0,1.9,98.0,2.6,1.4,43.0,21.1,97,0.0,11.6
Belagavi,15.8521,74.5045,2026-07-27 03:00:00,2.7,1.7,96.0,2.6,1.4,43.0,21.0,97,0.0,14.5
Belagavi,15.8521,74.5045,2026-07-27 04:00:00,2.6,1.7,96.0,2.8,1.5,42.0,20.8,97,0.0,13.5
Belagavi,15.8521,74.5045,2026-07-27 05:00:00,3.3,2.1,100.0,2.9,1.3,42.0,21.6,97,0.0,18.1
Belagavi,15.8521,74.5045,2026-07-27 06:00:00,3.1,2.1,112.0,3.2,1.3,42.0,21.6,98,0.6,16.7
Belagavi,15.8521,74.5045,2026-07-27 07:00:00,3.5,2.4,129.0,3.6,1.4,42.0,21.7,98,0.2,16.1
Belagavi,15.8521,74.5045,2026-07-27 08:00:00,3.6,2.2,137.0,3.7,1.4,43.0,21.8,98,0.1,16.9
Belagavi,15.8521,74.5045,2026-07-27 09:00:00,6.9,3.5,129.0,3.2,1.4,47.0,22.3,93,0.1,21.1
Belagavi,15.8521,74.5045,2026-07-27 10:00:00,8.8,4.5,113.0,2.4,1.5,52.0,24.5,81,0.3,24.7
Belagavi,15.8521,74.5045,2026-07-27 11:00:00,9.5,4.8,101.0,1.8,1.5,56.0,23.3,95,0.2,17.7
Belagavi,15.8521,74.5045,2026-07-27 12:00:00,11.9,5.0,99.0,1.5,1.4,57.0,25.1,81,0.2,24.6
Belagavi,15.8521,74.5045,2026-07-27 13:00:00,14.1,5.7,102.0,1.4,1.4,57.0,25.2,84,0.5,26.0
Belagavi,15.8521,74.5045,2026-07-27 14:00:00,13.1,6.2,105.0,1.5,1.3,56.0,24.6,84,1.0,27.2
Belagavi,15.8521,74.5045,2026-07-27 15:00:00,11.4,5.3,105.0,1.8,1.3,54.0,25.0,81,0.3,26.3
Belagavi,15.8521,74.5045,2026-07-27 16:00:00,10.5,5.1,105.0,2.2,1.3,52.0,24.6,82,0.2,24.0
Belagavi,15.8521,74.5045,2026-07-27 17:00:00,17.3,8.0,107.0,2.8,1.2,48.0,24.0,88,0.6,23.4
Belagavi,15.8521,74.5045,2026-07-27 18:00:00,10.0,5.5,112.0,3.5,1.3,46.0,23.0,93,0.1,16.0
Belagavi,15.8521,74.5045,2026-07-27 19:00:00,5.8,3.5,120.0,4.4,1.5,44.0,22.0,96,0.1,17.9
Belagavi,15.8521,74.5045,2026-07-27 20:00:00,4.5,2.9,124.0,4.9,1.6,42.0,21.6,98,0.1,15.5
Belagavi,15.8521,74.5045,2026-07-27 21:00:00,4.9,3.1,124.0,4.8,1.6,41.0,21.6,97,0.0,16.3
Belagavi,15.8521,74.5045,2026-07-27 22:00:00,3.9,2.6,121.0,4.3,1.6,41.0,21.4,98,0.0,15.3
Belagavi,15.8521,74.5045,2026-07-27 23:00:00,3.7,2.4,117.0,3.9,1.6,41.0,22.0,96,0.0,18.9
Belagavi,15.8521,74.5045,2026-07-28 00:00:00,3.5,2.0,111.0,3.5,1.5,41.0,21.7,96,0.0,17.9
Belagavi,15.8521,74.5045,2026-07-28 01:00:00,3.4,1.9,104.0,3.1,1.4,42.0,21.6,97,0.0,16.7
Belagavi,15.8521,74.5045,2026-07-28 02:00:00,3.3,1.9,99.0,2.9,1.4,42.0,21.5,97,0.1,15.5
Belagavi,15.8521,74.5045,2026-07-28 03:00:00,2.6,1.7,96.0,2.9,1.5,41.0,21.3,98,0.0,13.4
Belagavi,15.8521,74.5045,2026-07-28 04:00:00,2.1,1.4,95.0,3.1,1.5,40.0,21.2,97,0.0,16.5
Belagavi,15.8521,74.5045,2026-07-28 05:00:00,3.7,2.0,96.0,2.2,1.1,44.0,21.6,98,0.1,17.2
Belagavi,15.8521,74.5045,2026-07-28 06:00:00,2.8,1.6,101.0,2.5,1.2,44.0,21.6,98,0.2,19.5
Belagavi,15.8521,74.5045,2026-07-28 07:00:00,3.9,2.2,109.0,2.9,1.3,44.0,21.2,97,0.0,18.0
Belagavi,15.8521,74.5045,2026-07-28 08:00:00,6.4,3.0,113.0,3.0,1.4,45.0,21.8,92,0.0,20.1
Belagavi,15.8521,74.5045,2026-07-28 09:00:00,6.8,3.1,111.0,2.6,1.4,47.0,23.1,87,0.1,20.8
Belagavi,15.8521,74.5045,2026-07-28 10:00:00,5.6,2.7,106.0,2.0,1.4,51.0,24.3,82,0.3,23.7
Belagavi,15.8521,74.5045,2026-07-28 11:00:00,7.0,3.5,103.0,1.6,1.4,53.0,23.7,87,0.8,25.1
Belagavi,15.8521,74.5045,2026-07-28 12:00:00,6.9,3.3,105.0,1.5,1.3,54.0,23.9,85,0.4,24.4
Belagavi,15.8521,74.5045,2026-07-28 13:00:00,7.3,3.3,108.0,1.5,1.2,54.0,24.4,82,1.0,27.8
Belagavi,15.8521,74.5045,2026-07-28 14:00:00,8.0,4.0,111.0,1.8,1.1,53.0,23.7,86,1.2,25.9
Belagavi,15.8521,74.5045,2026-07-28 15:00:00,8.1,4.3,112.0,2.5,1.1,51.0,23.7,89,0.5,27.2
Belagavi,15.8521,74.5045,2026-07-28 16:00:00,6.3,3.9,112.0,3.4,1.1,47.0,24.3,83,0.1,27.2
Belagavi,15.8521,74.5045,2026-07-28 17:00:00,8.0,3.9,113.0,3.7,1.1,44.0,23.6,87,0.1,26.0
Belagavi,15.8521,74.5045,2026-07-28 18:00:00,8.9,4.9,117.0,4.4,1.2,42.0,22.4,92,0.1,19.6
Belagavi,15.8521,74.5045,2026-07-28 19:00:00,11.6,6.0,121.0,5.3,1.4,39.0,22.0,94,0.1,20.4
Belagavi,15.8521,74.5045,2026-07-28 20:00:00,9.5,5.3,124.0,5.8,1.6,37.0,21.8,95,0.1,18.4
Belagavi,15.8521,74.5045,2026-07-28 21:00:00,6.5,3.8,123.0,5.6,1.7,37.0,21.8,96,0.2,17.4
Belagavi,15.8521,74.5045,2026-07-28 22:00:00,6.9,3.9,120.0,4.9,1.7,38.0,21.6,97,0.1,18.6
Belagavi,15.8521,74.5045,2026-07-28 23:00:00,6.3,3.5,116.0,4.3,1.7,39.0,22.1,96,0.1,20.3
Belagavi,15.8521,74.5045,2026-07-29 00:00:00,5.3,2.9,111.0,3.8,1.6,39.0,21.6,98,0.1,18.6
Belagavi,15.8521,74.5045,2026-07-29 01:00:00,3.8,2.2,104.0,3.3,1.5,40.0,21.6,97,0.1,19.0
Belagavi,15.8521,74.5045,2026-07-29 02:00:00,3.2,1.8,100.0,2.9,1.4,40.0,21.7,97,0.0,21.4
Belagavi,15.8521,74.5045,2026-07-29 03:00:00,3.0,1.7,98.0,2.7,1.3,41.0,21.4,98,0.0,18.8
Belagavi,15.8521,74.5045,2026-07-29 04:00:00,2.8,1.7,99.0,2.6,1.3,42.0,21.6,98,0.2,19.8
Belagavi,15.8521,74.5045,2026-07-29 05:00:00,8.5,3.2,101.0,2.0,1.1,43.0,21.5,98,0.0,21.4
Belagavi,15.8521,74.5045,2026-07-29 06:00:00,6.0,2.8,107.0,2.8,1.2,41.0,21.4,97,0.1,19.6
Belagavi,15.8521,74.5045,2026-07-29 07:00:00,4.8,2.8,115.0,3.8,1.3,39.0,21.7,97,0.1,20.2
Belagavi,15.8521,74.5045,2026-07-29 08:00:00,6.9,3.7,121.0,4.3,1.4,39.0,21.9,97,0.4,20.5
Belagavi,15.8521,74.5045,2026-07-29 09:00:00,7.7,3.9,122.0,3.7,1.3,42.0,23.2,94,0.3,24.7
Belagavi,15.8521,74.5045,2026-07-29 10:00:00,6.1,3.3,121.0,2.6,1.1,47.0,22.9,93,1.3,25.1
Belagavi,15.8521,74.5045,2026-07-29 11:00:00,6.4,2.9,119.0,1.7,1.0,51.0,23.7,89,0.6,28.6
Belagavi,15.8521,74.5045,2026-07-29 12:00:00,9.8,4.4,116.0,1.4,1.0,53.0,22.9,92,2.4,25.5
Belagavi,15.8521,74.5045,2026-07-29 13:00:00,10.4,4.4,111.0,1.3,1.0,53.0,24.5,81,0.5,31.3
Belagavi,15.8521,74.5045,2026-07-29 14:00:00,12.2,5.3,109.0,1.5,1.0,53.0,23.9,85,0.6,31.0
Belagavi,15.8521,74.5045,2026-07-29 15:00:00,10.3,4.8,110.0,2.1,1.1,51.0,23.3,89,0.4,23.7
Belagavi,15.8521,74.5045,2026-07-29 16:00:00,8.1,4.4,114.0,3.1,1.1,48.0,22.7,94,0.4,25.7
Belagavi,15.8521,74.5045,2026-07-29 17:00:00,19.4,9.6,117.0,4.0,1.3,46.0,23.1,92,0.2,21.8
Belagavi,15.8521,74.5045,2026-07-29 18:00:00,15.1,7.6,120.0,4.2,1.3,45.0,22.5,96,0.1,20.0
Belagavi,15.8521,74.5045,2026-07-29 19:00:00,7.8,4.5,123.0,4.5,1.4,43.0,22.6,95,0.1,24.3
Belagavi,15.8521,74.5045,2026-07-29 20:00:00,6.5,3.8,124.0,4.6,1.4,42.0,22.5,96,0.0,24.2
Belagavi,15.8521,74.5045,2026-07-29 21:00:00,5.6,3.3,123.0,4.3,1.4,42.0,22.4,97,0.1,23.4
Belagavi,15.8521,74.5045,2026-07-29 22:00:00,5.0,3.0,120.0,3.8,1.3,43.0,22.4,97,0.2,23.0
Belagavi,15.8521,74.5045,2026-07-29 23:00:00,4.2,2.5,116.0,3.3,1.3,43.0,22.2,96,0.2,22.7
Belagavi,15.8521,74.5045,2026-07-30 00:00:00,3.3,2.0,112.0,2.9,1.2,43.0,21.9,98,0.0,22.5
Belagavi,15.8521,74.5045,2026-07-30 01:00:00,3.6,1.9,107.0,2.6,1.1,43.0,22.2,97,0.1,25.3
Belagavi,15.8521,74.5045,2026-07-30 02:00:00,3.2,1.8,104.0,2.3,1.1,43.0,22.0,98,0.1,22.9
Belagavi,15.8521,74.5045,2026-07-30 03:00:00,3.3,1.8,103.0,2.1,1.1,43.0,22.0,98,0.3,27.3
Belagavi,15.8521,74.5045,2026-07-30 04:00:00,3.0,1.6,104.0,2.0,1.2,43.0,21.6,98,0.2,24.9
Belagavi,15.8521,74.5045,2026-07-30 05:00:00,4.7,2.2,105.0,1.9,1.1,43.0,21.8,98,0.2,22.1
Belagavi,15.8521,74.5045,2026-07-30 06:00:00,6.0,2.7,108.0,2.6,1.2,41.0,21.9,98,0.1,22.5
Belagavi,15.8521,74.5045,2026-07-30 07:00:00,5.1,2.6,111.0,3.5,1.3,39.0,22.0,97,0.2,24.8
Belagavi,15.8521,74.5045,2026-07-30 08:00:00,5.4,3.0,114.0,4.0,1.3,38.0,22.2,95,0.2,26.5
Belagavi,15.8521,74.5045,2026-07-30 09:00:00,6.6,4.4,115.0,3.5,1.3,40.0,22.8,93,0.4,26.9
Belagavi,15.8521,74.5045,2026-07-30 10:00:00,7.8,3.8,115.0,2.5,1.2,43.0,23.6,90,0.9,30.3
Belagavi,15.8521,74.5045,2026-07-30 11:00:00,8.4,3.7,115.0,1.7,1.1,45.0,24.7,84,0.6,28.5
Belagavi,15.8521,74.5045,2026-07-30 12:00:00,8.1,3.7,114.0,1.5,1.1,46.0,23.5,93,1.3,30.5
Belagavi,15.8521,74.5045,2026-07-30 13:00:00,10.0,5.2,112.0,1.5,1.1,47.0,25.1,82,0.3,31.2
Belagavi,15.8521,74.5045,2026-07-30 14:00:00,11.1,5.0,111.0,1.7,1.1,47.0,24.2,87,0.5,27.8
Belagavi,15.8521,74.5045,2026-07-30 15:00:00,7.4,4.1,112.0,2.3,1.1,46.0,23.2,92,1.0,26.9
Belagavi,15.8521,74.5045,2026-07-30 16:00:00,9.8,4.6,113.0,3.1,1.2,44.0,23.0,93,0.6,28.8
Belagavi,15.8521,74.5045,2026-07-30 17:00:00,13.9,6.0,115.0,4.3,1.1,40.0,23.1,94,0.1,23.4
Belagavi,15.8521,74.5045,2026-07-30 18:00:00,11.7,5.7,116.0,4.3,1.2,40.0,22.4,96,0.3,23.9
Belagavi,15.8521,74.5045,2026-07-30 19:00:00,11.3,5.8,118.0,4.3,1.4,39.0,22.1,97,0.2,26.1
Belagavi,15.8521,74.5045,2026-07-30 20:00:00,9.7,5.2,118.0,4.2,1.5,39.0,22.1,97,0.1,24.4
Belagavi,15.8521,74.5045,2026-07-30 21:00:00,7.0,3.9,116.0,3.9,1.5,38.0,22.0,98,0.1,25.5
Belagavi,15.8521,74.5045,2026-07-30 22:00:00,4.0,2.5,113.0,3.5,1.4,37.0,22.1,98,0.2,25.1
Belagavi,15.8521,74.5045,2026-07-30 23:00:00,3.5,2.0,110.0,3.1,1.3,37.0,21.9,97,0.2,26.3
Belagavi,15.8521,74.5045,2026-07-31 00:00:00,3.6,1.9,107.0,2.7,1.2,37.0,21.7,98,0.1,26.0
Belagavi,15.8521,74.5045,2026-07-31 01:00:00,4.0,2.0,103.0,2.3,1.2,37.0,21.8,97,0.0,27.5
Belagavi,15.8521,74.5045,2026-07-31 02:00:00,6.1,3.0,100.0,2.0,1.1,38.0,21.2,97,0.1,24.6
Belagavi,15.8521,74.5045,2026-07-31 03:00:00,5.4,2.8,98.0,1.8,1.0,39.0,21.5,97,0.1,21.4
Belagavi,15.8521,74.5045,2026-07-31 04:00:00,2.9,1.6,96.0,1.7,1.0,40.0,21.3,98,0.4,19.8
Belagavi,15.8521,74.5045,2026-07-31 05:00:00,5.3,2.3,97.0,1.6,1.0,38.0,21.6,97,0.2,27.9
Belagavi,15.8521,74.5045,2026-07-31 06:00:00,3.7,1.9,101.0,2.3,1.1,36.0,21.7,96,0.2,26.6
Belagavi,15.8521,74.5045,2026-07-31 07:00:00,2.5,1.7,107.0,3.3,1.2,33.0,22.3,96,0.2,27.8
Belagavi,15.8521,74.5045,2026-07-31 08:00:00,3.6,2.3,111.0,3.8,1.2,32.0,22.7,96,0.3,23.2
Belagavi,15.8521,74.5045,2026-07-31 09:00:00,3.7,2.3,111.0,3.4,1.1,33.0,22.9,94,0.1,21.5
Belagavi,15.8521,74.5045,2026-07-31 10:00:00,2.4,1.5,110.0,2.6,1.1,36.0,22.6,93,0.2,21.9
Belagavi,15.8521,74.5045,2026-07-31 11:00:00,4.1,2.1,108.0,2.0,1.0,39.0,23.6,90,0.5,23.4
Belagavi,15.8521,74.5045,2026-07-31 12:00:00,5.7,2.6,105.0,1.7,1.0,42.0,23.9,86,0.4,31.5
Belagavi,15.8521,74.5045,2026-07-31 13:00:00,6.9,3.7,102.0,1.6,1.1,46.0,24.3,86,0.7,34.7
Belagavi,15.8521,74.5045,2026-07-31 14:00:00,6.8,3.7,101.0,1.7,1.2,48.0,23.4,93,2.8,26.4
Belagavi,15.8521,74.5045,2026-07-31 15:00:00,6.8,3.8,103.0,2.0,1.2,46.0,22.9,91,1.2,27.7
Belagavi,15.8521,74.5045,2026-07-31 16:00:00,8.1,3.6,106.0,2.4,1.2,43.0,23.2,95,0.8,25.8
Belagavi,15.8521,74.5045,2026-07-31 17:00:00,5.2,2.5,109.0,3.3,1.0,39.0,23.5,91,0.4,29.3
Belagavi,15.8521,74.5045,2026-07-31 18:00:00,4.5,2.5,113.0,3.4,1.1,38.0,22.7,96,0.4,22.3
Belagavi,15.8521,74.5045,2026-07-31 19:00:00,3.3,2.0,117.0,3.6,1.3,38.0,22.1,97,0.3,20.9
Belagavi,15.8521,74.5045,2026-07-31 20:00:00,3.3,2.0,118.0,3.7,1.4,37.0,21.9,97,0.1,23.9
Belagavi,15.8521,74.5045,2026-07-31 21:00:00,3.0,1.8,115.0,3.8,1.5,37.0,22.0,98,0.1,22.3
Belagavi,15.8521,74.5045,2026-07-31 22:00:00,4.4,2.5,109.0,3.8,1.6,36.0,21.7,98,0.1,23.6
Belagavi,15.8521,74.5045,2026-07-31 23:00:00,2.9,1.9,104.0,3.7,1.6,36.0,21.6,97,0.0,19.2
Belagavi,15.8521,74.5045,2026-08-01 00:00:00,2.2,1.5,99.0,3.4,1.5,36.0,21.1,98,0.1,17.2
Belagavi,15.8521,74.5045,2026-08-01 01:00:00,2.0,1.4,95.0,3.1,1.4,37.0,21.0,98,0.3,13.9
Belagavi,15.8521,74.5045,2026-08-01 02:00:00,1.8,1.2,92.0,2.7,1.3,37.0,21.2,97,0.1,15.9
Belagavi,15.8521,74.5045,2026-08-01 03:00:00,2.2,1.3,91.0,2.3,1.2,38.0,20.9,98,0.5,19.0
Belagavi,15.8521,74.5045,2026-08-01 04:00:00,1.8,1.1,91.0,2.0,1.2,39.0,21.2,98,0.0,20.4
Belagavi,15.8521,74.5045,2026-08-01 05:00:00,4.7,2.4,93.0,2.0,1.0,42.0,21.5,97,0.0,21.8
Belagavi,15.8521,74.5045,2026-08-01 06:00:00,7.0,3.5,97.0,2.4,1.0,42.0,21.7,96,0.1,22.6
Belagavi,15.8521,74.5045,2026-08-01 07:00:00,7.9,4.1,103.0,2.9,1.0,41.0,22.1,96,0.2,20.9
Belagavi,15.8521,74.5045,2026-08-01 08:00:00,7.0,3.5,107.0,3.1,1.1,42.0,22.7,95,0.4,23.4
Belagavi,15.8521,74.5045,2026-08-01 09:00:00,6.7,3.0,106.0,2.6,1.2,46.0,23.5,90,0.2,25.8
Belagavi,15.8521,74.5045,2026-08-01 10:00:00,8.4,3.8,103.0,1.8,1.4,51.0,24.6,83,0.2,24.8
Belagavi,15.8521,74.5045,2026-08-01 11:00:00,9.1,3.8,101.0,1.2,1.5,55.0,25.3,81,0.1,26.3
Belagavi,15.8521,74.5045,2026-08-01 12:00:00,11.8,4.8,100.0,1.1,1.5,56.0,24.8,86,0.9,26.2
Belagavi,15.8521,74.5045,2026-08-01 13:00:00,9.9,4.4,99.0,1.2,1.5,56.0,24.9,86,0.4,29.7
Belagavi,15.8521,74.5045,2026-08-01 14:00:00,8.4,3.9,99.0,1.5,1.5,55.0,25.5,81,0.4,29.9
Belagavi,15.8521,74.5045,2026-08-01 15:00:00,4.4,2.3,100.0,1.9,1.5,53.0,24.7,80,0.1,31.0
Belagavi,15.8521,74.5045,2026-08-01 16:00:00,3.9,2.3,102.0,2.5,1.6,51.0,24.1,81,0.3,27.6
Belagavi,15.8521,74.5045,2026-08-01 17:00:00,13.9,6.7,105.0,3.6,1.3,42.0,22.3,92,0.2,19.9
Belagavi,15.8521,74.5045,2026-08-01 18:00:00,16.8,8.1,110.0,4.2,1.4,41.0,22.1,93,0.0,17.1
Belagavi,15.8521,74.5045,2026-08-01 19:00:00,16.9,8.5,116.0,4.9,1.6,40.0,21.7,92,0.0,21.6
Belagavi,15.8521,74.5045,2026-08-01 20:00:00,12.0,6.4,120.0,5.3,1.7,39.0,21.5,95,0.1,18.6
Belagavi,15.8521,74.5045,2026-08-01 21:00:00,6.1,3.6,120.0,5.1,1.7,39.0,21.5,95,0.0,17.4
Belagavi,15.8521,74.5045,2026-08-01 22:00:00,3.7,2.3,118.0,4.5,1.7,41.0,21.1,95,0.0,18.8
Belagavi,15.8521,74.5045,2026-08-01 23:00:00,2.5,1.7,114.0,4.0,1.7,41.0,21.2,96,0.0,20.1
Belagavi,15.8521,74.5045,2026-08-02 00:00:00,1.8,1.3,107.0,3.7,1.6,40.0,20.8,97,0.0,17.6
Belagavi,15.8521,74.5045,2026-08-02 01:00:00,1.7,1.2,98.0,3.4,1.5,39.0,20.9,96,0.0,16.6
Belagavi,15.8521,74.5045,2026-08-02 02:00:00,1.9,1.3,92.0,3.2,1.4,38.0,20.6,96,0.0,18.5
Belagavi,15.8521,74.5045,2026-08-02 03:00:00,2.1,1.5,93.0,3.2,1.4,37.0,20.6,96,0.0,14.4
Belagavi,15.8521,74.5045,2026-08-02 04:00:00,2.7,1.8,97.0,3.2,1.4,36.0,20.4,96,0.0,14.3
Belagavi,15.8521,74.5045,2026-08-02 05:00:00,6.2,3.2,101.0,2.5,1.3,38.0,20.7,97,0.0,15.5
Belagavi,15.8521,74.5045,2026-08-02 06:00:00,5.3,2.6,104.0,2.4,1.3,40.0,20.8,97,0.0,18.0
Belagavi,15.8521,74.5045,2026-08-02 07:00:00,7.0,3.4,106.0,2.3,1.3,42.0,21.5,95,0.0,14.1
Belagavi,15.8521,74.5045,2026-08-02 08:00:00,8.2,3.8,106.0,2.1,1.3,44.0,22.4,91,0.1,17.1
Belagavi,15.8521,74.5045,2026-08-02 09:00:00,9.4,4.3,103.0,1.8,1.3,46.0,23.3,85,0.2,19.3
Belagavi,15.8521,74.5045,2026-08-02 10:00:00,11.8,5.0,99.0,1.4,1.4,48.0,24.6,82,0.3,20.4
Belagavi,15.8521,74.5045,2026-08-02 11:00:00,10.6,4.5,96.0,1.2,1.4,50.0,23.7,87,0.2,24.6
Belagavi,15.8521,74.5045,2026-08-02 12:00:00,8.4,3.8,96.0,1.1,1.4,52.0,24.5,81,1.3,24.0
Belagavi,15.8521,74.5045,2026-08-02 13:00:00,9.8,4.3,98.0,1.1,1.4,54.0,24.4,80,0.3,24.3
Belagavi,15.8521,74.5045,2026-08-02 14:00:00,11.0,5.2,99.0,1.3,1.4,55.0,23.7,85,0.3,25.1
Belagavi,15.8521,74.5045,2026-08-02 15:00:00,9.0,4.8,99.0,1.7,1.4,54.0,24.7,84,0.5,22.8
Belagavi,15.8521,74.5045,2026-08-02 16:00:00,6.7,3.4,98.0,2.2,1.4,51.0,23.7,86,0.2,24.1
Belagavi,15.8521,74.5045,2026-08-02 17:00:00,10.6,5.1,99.0,3.1,1.2,43.0,23.7,86,0.5,20.9
Belagavi,15.8521,74.5045,2026-08-02 18:00:00,11.0,5.7,105.0,3.6,1.3,42.0,22.7,91,0.0,18.4
Belagavi,15.8521,74.5045,2026-08-02 19:00:00,11.8,6.1,113.0,4.2,1.4,41.0,21.9,96,0.1,16.6
Belagavi,15.8521,74.5045,2026-08-02 20:00:00,11.0,6.0,118.0,4.5,1.5,40.0,22.0,95,0.0,15.9
Belagavi,15.8521,74.5045,2026-08-02 21:00:00,8.0,4.4,117.0,4.3,1.6,40.0,21.8,95,0.0,17.7
Belagavi,15.8521,74.5045,2026-08-02 22:00:00,6.9,3.8,112.0,3.9,1.6,41.0,21.6,95,0.0,13.5
Belagavi,15.8521,74.5045,2026-08-02 23:00:00,5.5,3.0,108.0,3.4,1.6,42.0,21.9,97,0.0,14.4
Belagavi,15.8521,74.5045,2026-08-03 00:00:00,5.9,2.9,105.0,2.9,1.5,43.0,21.9,95,0.1,18.7
Belagavi,15.8521,74.5045,2026-08-03 01:00:00,8.2,3.6,102.0,2.5,1.4,44.0,21.4,97,0.0,15.6
Belagavi,15.8521,74.5045,2026-08-03 02:00:00,9.8,4.2,101.0,2.2,1.4,44.0,21.4,96,0.0,13.8
Belagavi,15.8521,74.5045,2026-08-03 03:00:00,8.8,3.9,101.0,2.2,1.5,44.0,21.0,97,0.0,16.0
Belagavi,15.8521,74.5045,2026-08-03 04:00:00,6.6,3.1,103.0,2.3,1.6,44.0,21.0,97,0.0,13.4
Belagavi,15.8521,74.5045,2026-08-03 05:00:00,5.4,2.7,105.0,2.4,1.4,44.0,21.2,98,0.0,18.4
Belagavi,15.8521,74.5045,2026-08-03 06:00:00,4.1,2.2,108.0,3.2,1.5,43.0,21.1,98,0.0,15.5
Belagavi,15.8521,74.5045,2026-08-03 07:00:00,4.4,2.6,112.0,4.2,1.7,41.0,21.6,96,0.0,16.6
Belagavi,15.8521,74.5045,2026-08-03 08:00:00,6.5,3.4,114.0,4.6,1.8,41.0,22.3,93,0.2,16.3
Belagavi,15.8521,74.5045,2026-08-03 09:00:00,8.6,4.4,111.0,3.9,1.7,44.0,23.4,87,0.3,19.3
Belagavi,15.8521,74.5045,2026-08-03 10:00:00,7.8,3.7,106.0,2.7,1.5,49.0,25.1,81,0.2,19.3
Belagavi,15.8521,74.5045,2026-08-03 11:00:00,10.9,4.4,103.0,1.8,1.3,52.0,24.9,81,0.1,22.0
Belagavi,15.8521,74.5045,2026-08-03 12:00:00,13.0,4.9,104.0,1.4,1.2,53.0,24.7,85,0.6,22.4
Belagavi,15.8521,74.5045,2026-08-03 13:00:00,20.0,7.1,108.0,1.4,1.1,53.0,25.4,79,0.2,23.6
Belagavi,15.8521,74.5045,2026-08-03 14:00:00,24.7,9.6,111.0,1.5,1.1,53.0,23.5,88,1.3,20.9
Belagavi,15.8521,74.5045,2026-08-03 15:00:00,22.0,9.4,112.0,1.8,1.2,53.0,23.6,86,0.9,22.4
Belagavi,15.8521,74.5045,2026-08-03 16:00:00,16.9,7.3,112.0,2.2,1.3,52.0,23.4,86,0.7,23.7
Belagavi,15.8521,74.5045,2026-08-03 17:00:00,17.0,8.2,113.0,5.4,1.3,44.0,23.5,90,0.2,20.0
Belagavi,15.8521,74.5045,2026-08-03 18:00:00,13.4,6.6,118.0,5.6,1.4,43.0,22.6,92,0.0,17.0
Belagavi,15.8521,74.5045,2026-08-03 19:00:00,8.4,4.7,124.0,5.9,1.6,42.0,21.8,95,0.0,17.5
Belagavi,15.8521,74.5045,2026-08-03 20:00:00,6.8,4.2,128.0,6.0,1.7,41.0,21.9,95,0.0,14.7
Belagavi,15.8521,74.5045,2026-08-03 21:00:00,5.0,3.2,127.0,5.7,1.7,41.0,22.1,93,0.0,15.7
Belagavi,15.8521,74.5045,2026-08-03 22:00:00,5.0,3.0,123.0,5.2,1.7,41.0,21.8,95,0.0,14.8
Belagavi,15.8521,74.5045,2026-08-03 23:00:00,4.7,2.9,119.0,4.7,1.7,42.0,21.9,97,0.1,15.7
Belagavi,15.8521,74.5045,2026-08-04 00:00:00,4.0,2.3,115.0,4.1,1.7,43.0,21.7,96,0.2,15.7
Belagavi,15.8521,74.5045,2026-08-04 01:00:00,3.5,2.0,110.0,3.4,1.7,44.0,21.3,99,0.0,11.9
Belagavi,15.8521,74.5045,2026-08-04 02:00:00,4.2,2.2,107.0,3.0,1.7,45.0,21.4,98,0.2,11.2
Belagavi,15.8521,74.5045,2026-08-04 03:00:00,4.1,2.2,107.0,2.9,1.7,45.0,21.2,98,0.0,12.2
Belagavi,15.8521,74.5045,2026-08-04 04:00:00,4.0,2.2,109.0,2.9,1.6,43.0,21.2,97,0.0,14.7
Belagavi,15.8521,74.5045,2026-08-04 05:00:00,5.2,2.8,111.0,2.7,1.5,44.0,21.6,99,0.0,16.0
Belagavi,15.8521,74.5045,2026-08-04 06:00:00,5.6,3.0,114.0,3.0,1.5,44.0,21.6,98,0.1,16.3
Belagavi,15.8521,74.5045,2026-08-04 07:00:00,4.8,2.9,118.0,3.5,1.4,44.0,21.8,96,0.1,17.0
Belagavi,15.8521,74.5045,2026-08-04 08:00:00,5.4,2.8,119.0,3.6,1.4,46.0,22.3,93,0.2,20.8
Belagavi,15.8521,74.5045,2026-08-04 09:00:00,8.1,4.3,116.0,3.1,1.4,50.0,24.0,82,0.1,22.9
Belagavi,15.8521,74.5045,2026-08-04 10:00:00,10.6,5.1,110.0,2.2,1.5,55.0,24.3,81,0.3,23.0
Belagavi,15.8521,74.5045,2026-08-04 11:00:00,11.4,5.2,106.0,1.6,1.5,59.0,25.5,75,0.3,20.7
Belagavi,15.8521,74.5045,2026-08-04 12:00:00,15.2,6.4,105.0,1.3,1.4,60.0,24.4,81,0.7,23.4
Belagavi,15.8521,74.5045,2026-08-04 13:00:00,16.2,7.1,106.0,1.3,1.4,59.0,24.9,84,0.7,21.4
Belagavi,15.8521,74.5045,2026-08-04 14:00:00,14.8,7.1,107.0,1.6,1.3,57.0,23.9,85,1.1,22.3
Belagavi,15.8521,74.5045,2026-08-04 15:00:00,13.1,7.1,107.0,2.5,1.3,54.0,24.3,84,0.3,23.0
Belagavi,15.8521,74.5045,2026-08-04 16:00:00,11.4,6.8,108.0,3.8,1.3,50.0,24.0,83,0.2,22.8
Belagavi,15.8521,74.5045,2026-08-04 17:00:00,12.4,6.8,111.0,4.7,1.2,45.0,23.4,85,0.8,21.6
Belagavi,15.8521,74.5045,2026-08-04 18:00:00,10.9,6.5,118.0,5.1,1.3,44.0,22.3,91,0.1,14.8
Belagavi,15.8521,74.5045,2026-08-04 19:00:00,10.5,6.2,127.0,5.8,1.4,42.0,21.6,95,0.1,14.1
Belagavi,15.8521,74.5045,2026-08-04 20:00:00,7.3,4.4,132.0,6.2,1.5,41.0,21.6,95,0.0,15.1
Belagavi,15.8521,74.5045,2026-08-04 21:00:00,8.0,4.6,130.0,6.4,1.6,40.0,21.5,96,0.1,14.1
Belagavi,15.8521,74.5045,2026-08-04 22:00:00,7.6,4.8,124.0,6.4,1.7,38.0,21.5,96,0.0,13.5
Belagavi,15.8521,74.5045,2026-08-04 23:00:00,7.1,4.3,118.0,6.1,1.8,38.0,21.7,97,0.0,17.3
Belagavi,15.8521,74.5045,2026-08-05 00:00:00,6.7,3.7,113.0,5.2,1.7,40.0,21.4,98,0.0,16.9
Belagavi,15.8521,74.5045,2026-08-05 01:00:00,6.7,3.5,107.0,3.9,1.6,42.0,21.1,99,0.0,14.9
Belagavi,15.8521,74.5045,2026-08-05 02:00:00,6.8,3.4,103.0,3.0,1.5,44.0,21.1,98,0.0,15.2
Belagavi,15.8521,74.5045,2026-08-05 03:00:00,5.6,2.9,100.0,2.7,1.5,44.0,20.9,99,0.0,14.9
Belagavi,15.8521,74.5045,2026-08-05 04:00:00,3.8,2.1,99.0,2.7,1.5,42.0,20.8,98,0.0,13.1
Belagavi,15.8521,74.5045,2026-08-05 05:00:00,3.8,1.9,100.0,2.5,1.3,43.0,21.4,98,0.0,17.9
Belagavi,15.8521,74.5045,2026-08-05 06:00:00,2.8,1.7,105.0,2.8,1.3,42.0,21.2,98,0.0,17.3
Belagavi,15.8521,74.5045,2026-08-05 07:00:00,4.7,2.6,112.0,3.1,1.3,41.0,21.4,97,0.0,13.9
Belagavi,15.8521,74.5045,2026-08-05 08:00:00,5.0,2.7,116.0,3.2,1.3,41.0,21.9,94,0.1,18.6
Belagavi,15.8521,74.5045,2026-08-05 09:00:00,7.0,3.2,112.0,2.7,1.3,43.0,22.4,92,0.2,20.4
Belagavi,15.8521,74.5045,2026-08-05 10:00:00,7.1,3.3,104.0,1.9,1.2,46.0,23.5,85,0.3,22.2
Belagavi,15.8521,74.5045,2026-08-05 11:00:00,6.4,3.0,99.0,1.3,1.2,49.0,23.7,85,0.2,21.5
Belagavi,15.8521,74.5045,2026-08-05 12:00:00,7.1,3.0,98.0,1.0,1.2,51.0,25.2,77,0.1,22.5
Belagavi,15.8521,74.5045,2026-08-05 13:00:00,8.0,3.4,100.0,1.0,1.2,53.0,23.7,83,1.5,22.0
Belagavi,15.8521,74.5045,2026-08-05 14:00:00,7.5,3.5,102.0,1.3,1.2,53.0,24.4,80,0.7,21.8
Belagavi,15.8521,74.5045,2026-08-05 15:00:00,8.0,4.4,104.0,2.2,1.2,50.0,24.0,83,0.5,23.0
Belagavi,15.8521,74.5045,2026-08-05 16:00:00,6.4,3.8,108.0,3.4,1.2,46.0,23.3,93,0.6,21.6
Belagavi,15.8521,74.5045,2026-08-05 17:00:00,14.5,6.8,111.0,3.4,1.3,44.0,23.6,85,0.5,21.2
Belagavi,15.8521,74.5045,2026-08-05 18:00:00,10.9,6.0,115.0,4.4,1.4,41.0,22.6,91,0.0,16.1
Belagavi,15.8521,74.5045,2026-08-05 19:00:00,11.3,6.3,119.0,5.8,1.6,37.0,21.8,95,0.0,15.6
Belagavi,15.8521,74.5045,2026-08-05 20:00:00,8.2,5.0,122.0,6.6,1.7,34.0,21.9,96,0.0,14.2
Belagavi,15.8521,74.5045,2026-08-05 21:00:00,6.4,4.0,124.0,6.4,1.8,34.0,21.6,97,0.0,15.1
Belagavi,15.8521,74.5045,2026-08-05 22:00:00,5.1,3.3,126.0,5.7,1.8,35.0,21.3,97,0.0,15.1
Belagavi,15.8521,74.5045,2026-08-05 23:00:00,4.3,2.8,124.0,5.0,1.8,36.0,21.8,98,0.0,12.2
Belagavi,15.8521,74.5045,2026-08-06 00:00:00,3.6,2.2,117.0,4.3,1.7,37.0,21.6,98,0.1,13.3
Belagavi,15.8521,74.5045,2026-08-06 01:00:00,3.6,2.0,107.0,3.6,1.7,37.0,21.5,98,0.0,17.4
Belagavi,15.8521,74.5045,2026-08-06 02:00:00,3.3,1.9,100.0,3.1,1.6,38.0,21.3,98,0.0,16.5
Belagavi,15.8521,74.5045,2026-08-06 03:00:00,2.7,1.6,97.0,2.8,1.6,39.0,21.1,99,0.0,15.8
Belagavi,15.8521,74.5045,2026-08-06 04:00:00,2.6,1.6,96.0,2.7,1.7,39.0,21.3,98,0.0,15.8
Belagavi,15.8521,74.5045,2026-08-06 05:00:00,4.0,2.2,97.0,2.4,1.5,41.0,21.5,97,0.1,20.8
Belagavi,15.8521,74.5045,2026-08-06 06:00:00,4.5,2.4,103.0,3.0,1.5,40.0,21.3,98,0.0,18.6
Belagavi,15.8521,74.5045,2026-08-06 07:00:00,4.0,2.5,112.0,3.7,1.6,40.0,21.7,97,0.1,18.1
Belagavi,15.8521,74.5045,2026-08-06 08:00:00,5.6,3.3,116.0,4.0,1.6,40.0,22.4,92,0.1,21.5
Belagavi,15.8521,74.5045,2026-08-06 09:00:00,10.1,5.0,112.0,3.4,1.5,42.0,23.4,86,0.3,22.1
Belagavi,15.8521,74.5045,2026-08-06 10:00:00,10.0,4.2,104.0,2.3,1.3,46.0,23.8,86,0.4,23.9
Belagavi,15.8521,74.5045,2026-08-06 11:00:00,12.4,5.2,98.0,1.5,1.2,49.0,23.5,86,0.1,24.5
Belagavi,15.8521,74.5045,2026-08-06 12:00:00,12.5,5.1,98.0,1.2,1.2,51.0,22.7,93,1.8,21.6
Belagavi,15.8521,74.5045,2026-08-06 13:00:00,12.4,5.1,101.0,1.2,1.2,53.0,23.2,90,0.5,22.9
Belagavi,15.8521,74.5045,2026-08-06 14:00:00,11.7,5.1,104.0,1.5,1.2,53.0,23.9,80,0.1,26.8
Belagavi,15.8521,74.5045,2026-08-06 15:00:00,17.1,6.8,107.0,2.1,1.2,51.0,22.9,90,0.6,22.3
Belagavi,15.8521,74.5045,2026-08-06 16:00:00,16.0,7.1,110.0,2.9,1.2,49.0,23.0,87,0.2,22.5
Belagavi,15.8521,74.5045,2026-08-06 17:00:00,15.7,7.0,113.0,4.2,1.2,43.0,23.0,91,0.1,22.9
Belagavi,15.8521,74.5045,2026-08-06 18:00:00,15.8,8.0,119.0,4.8,1.3,42.0,21.8,96,0.2,18.6
Belagavi,15.8521,74.5045,2026-08-06 19:00:00,10.8,6.2,125.0,5.5,1.5,41.0,21.5,96,0.0,18.0
Belagavi,15.8521,74.5045,2026-08-06 20:00:00,5.4,3.5,127.0,5.8,1.6,40.0,21.6,96,0.0,17.8
Belagavi,15.8521,74.5045,2026-08-06 21:00:00,4.0,2.7,123.0,5.2,1.6,41.0,21.5,96,0.0,17.8
Belagavi,15.8521,74.5045,2026-08-06 22:00:00,4.7,2.9,115.0,4.2,1.5,43.0,21.4,96,0.0,18.2
Belagavi,15.8521,74.5045,2026-08-06 23:00:00,3.6,2.2,108.0,3.3,1.4,45.0,21.4,96,0.0,17.5
Belagavi,15.8521,74.5045,2026-08-07 00:00:00,3.7,2.1,103.0,2.8,1.3,45.0,21.5,96,0.0,19.3
Belagavi,15.8521,74.5045,2026-08-07 01:00:00,3.3,1.9,100.0,2.4,1.3,45.0,21.5,97,0.0,20.8
Belagavi,15.8521,74.5045,2026-08-07 02:00:00,3.1,1.7,97.0,2.1,1.2,45.0,21.3,97,0.2,21.5
Belagavi,15.8521,74.5045,2026-08-07 03:00:00,2.5,1.4,95.0,1.9,1.2,44.0,21.2,97,0.1,19.6
Belagavi,15.8521,74.5045,2026-08-07 04:00:00,2.2,1.3,94.0,1.8,1.2,43.0,21.3,97,0.1,17.4
Belagavi,15.8521,74.5045,2026-08-07 05:00:00,3.3,1.6,95.0,2.0,1.1,42.0,21.0,97,0.2,22.0
Belagavi,15.8521,74.5045,2026-08-07 06:00:00,2.9,1.6,99.0,2.4,1.2,41.0,21.2,97,0.1,19.4
Belagavi,15.8521,74.5045,2026-08-07 07:00:00,3.2,2.1,104.0,2.9,1.2,39.0,21.7,96,0.1,19.2
Belagavi,15.8521,74.5045,2026-08-07 08:00:00,4.5,2.4,107.0,3.1,1.3,39.0,22.2,93,0.2,21.8
Belagavi,15.8521,74.5045,2026-08-07 09:00:00,5.7,3.5,105.0,2.9,1.3,41.0,24.2,79,0.0,25.8
Belagavi,15.8521,74.5045,2026-08-07 10:00:00,5.8,3.7,100.0,2.4,1.4,43.0,24.9,77,0.1,25.6
Belagavi,15.8521,74.5045,2026-08-07 11:00:00,6.4,3.4,97.0,2.0,1.4,46.0,25.5,75,0.3,25.4
Belagavi,15.8521,74.5045,2026-08-07 12:00:00,6.5,3.5,96.0,1.7,1.4,48.0,25.8,74,0.3,25.6
Belagavi,15.8521,74.5045,2026-08-07 13:00:00,6.6,3.8,96.0,1.6,1.3,51.0,25.9,74,0.4,24.1
Belagavi,15.8521,74.5045,2026-08-07 14:00:00,8.2,4.5,96.0,1.6,1.3,51.0,25.8,74,0.5,26.7
Belagavi,15.8521,74.5045,2026-08-07 15:00:00,7.5,4.3,97.0,1.9,1.3,49.0,25.3,75,0.0,26.8
Belagavi,15.8521,74.5045,2026-08-07 16:00:00,7.1,4.3,98.0,2.4,1.2,45.0,24.5,79,0.1,25.5
Belagavi,15.8521,74.5045,2026-08-07 17:00:00,12.6,6.6,101.0,2.8,1.2,43.0,24.4,85,0.1,22.5
Belagavi,15.8521,74.5045,2026-08-07 18:00:00,12.3,6.9,106.0,3.9,1.3,39.0,22.9,93,0.1,17.1
Belagavi,15.8521,74.5045,2026-08-07 19:00:00,11.0,6.7,112.0,5.4,1.5,34.0,22.0,95,0.0,18.3
Belagavi,15.8521,74.5045,2026-08-07 20:00:00,8.5,5.4,116.0,6.3,1.6,31.0,21.9,95,0.0,14.8
Belagavi,15.8521,74.5045,2026-08-07 21:00:00,6.1,4.1,115.0,5.9,1.6,31.0,21.9,96,0.0,15.9
Belagavi,15.8521,74.5045,2026-08-07 22:00:00,4.8,3.2,111.0,4.9,1.6,33.0,21.9,97,0.0,14.6
Belagavi,15.8521,74.5045,2026-08-07 23:00:00,4.5,2.8,107.0,4.0,1.5,34.0,21.7,97,0.1,20.9
Belagavi,15.8521,74.5045,2026-08-08 00:00:00,3.9,2.3,102.0,3.5,1.4,35.0,21.4,97,0.0,18.6
Belagavi,15.8521,74.5045,2026-08-08 01:00:00,3.5,2.1,97.0,3.0,1.4,35.0,21.2,97,0.0,16.5
Belagavi,15.8521,74.5045,2026-08-08 02:00:00,2.8,1.7,93.0,2.7,1.3,35.0,21.2,97,0.0,13.7
Belagavi,15.8521,74.5045,2026-08-08 03:00:00,2.7,1.7,92.0,2.5,1.3,35.0,21.1,98,0.1,15.0
Belagavi,15.8521,74.5045,2026-08-08 04:00:00,2.5,1.6,92.0,2.4,1.3,35.0,21.1,98,0.1,13.0
Belagavi,15.8521,74.5045,2026-08-08 05:00:00,3.2,1.6,93.0,2.0,1.2,36.0,20.9,98,0.1,19.8
Belagavi,15.8521,74.5045,2026-08-08 06:00:00,2.9,1.6,96.0,2.7,1.3,35.0,21.2,96,0.0,19.0
Belagavi,15.8521,74.5045,2026-08-08 07:00:00,3.1,2.0,101.0,3.5,1.3,34.0,21.8,95,0.1,16.7
Belagavi,15.8521,74.5045,2026-08-08 08:00:00,4.0,2.5,103.0,3.9,1.4,35.0,22.2,93,0.2,16.3
Belagavi,15.8521,74.5045,2026-08-08 09:00:00,5.1,3.2,101.0,3.3,1.4,39.0,24.5,78,0.1,22.1
Belagavi,15.8521,74.5045,2026-08-08 10:00:00,5.4,3.3,97.0,2.2,1.4,46.0,24.5,80,0.2,21.6
Belagavi,15.8521,74.5045,2026-08-08 11:00:00,6.7,3.5,94.0,1.4,1.4,50.0,24.9,81,0.6,25.7
Belagavi,15.8521,74.5045,2026-08-08 12:00:00,8.4,3.9,93.0,1.0,1.3,51.0,25.6,76,0.4,25.6
Belagavi,15.8521,74.5045,2026-08-08 13:00:00,11.5,5.1,94.0,0.9,1.3,50.0,25.7,74,0.3,24.7
Belagavi,15.8521,74.5045,2026-08-08 14:00:00,12.8,5.7,95.0,1.1,1.2,49.0,25.0,76,0.2,25.2
Belagavi,15.8521,74.5045,2026-08-08 15:00:00,11.4,5.8,95.0,1.8,1.2,47.0,23.6,87,0.9,22.9
Belagavi,15.8521,74.5045,2026-08-08 16:00:00,11.6,6.0,96.0,2.8,1.2,45.0,24.1,83,0.4,24.6
Belagavi,15.8521,74.5045,2026-08-08 17:00:00,11.7,6.4,99.0,3.9,1.2,42.0,24.4,81,0.1,20.2
Belagavi,15.8521,74.5045,2026-08-08 18:00:00,11.1,6.6,106.0,5.0,1.3,39.0,23.1,86,0.0,18.0
Belagavi,15.8521,74.5045,2026-08-08 19:00:00,10.6,6.4,114.0,6.5,1.5,35.0,22.1,92,0.0,16.1
Belagavi,15.8521,74.5045,2026-08-08 20:00:00,9.0,5.7,120.0,7.3,1.6,32.0,21.5,94,0.0,14.8
Belagavi,15.8521,74.5045,2026-08-08 21:00:00,6.7,4.2,120.0,6.9,1.7,33.0,21.2,96,0.0,14.3
Belagavi,15.8521,74.5045,2026-08-08 22:00:00,5.1,3.3,117.0,5.8,1.7,35.0,21.1,96,0.0,15.1
Belagavi,15.8521,74.5045,2026-08-08 23:00:00,4.5,2.9,113.0,4.8,1.7,37.0,21.3,97,0.0,14.9
Belagavi,15.8521,74.5045,2026-08-09 00:00:00,3.3,2.2,108.0,4.3,1.7,37.0,21.4,95,0.0,16.9
Belagavi,15.8521,74.5045,2026-08-09 01:00:00,3.1,2.1,103.0,4.0,1.6,37.0,20.9,97,0.0,16.0
Belagavi,15.8521,74.5045,2026-08-09 02:00:00,2.6,1.7,99.0,3.6,1.6,37.0,21.0,95,0.0,15.3
Belagavi,15.8521,74.5045,2026-08-09 03:00:00,2.3,1.3,97.0,3.1,1.6,38.0,20.9,95,0.0,13.3
Belagavi,15.8521,74.5045,2026-08-09 04:00:00,2.3,1.4,96.0,2.7,1.5,40.0,20.7,97,0.0,12.2
Belagavi,15.8521,74.5045,2026-08-09 05:00:00,2.7,1.5,96.0,2.1,1.3,42.0,21.0,98,0.0,17.4
Belagavi,15.8521,74.5045,2026-08-09 06:00:00,2.4,1.5,97.0,2.1,1.3,42.0,20.8,98,0.0,17.3
Belagavi,15.8521,74.5045,2026-08-09 07:00:00,2.7,1.6,99.0,2.1,1.4,42.0,21.4,96,0.0,15.2
Belagavi,15.8521,74.5045,2026-08-09 08:00:00,4.5,2.3,99.0,2.0,1.4,43.0,22.6,90,0.1,20.4
Belagavi,15.8521,74.5045,2026-08-09 09:00:00,7.4,3.6,97.0,1.7,1.4,46.0,24.2,81,0.2,22.9
Belagavi,15.8521,74.5045,2026-08-09 10:00:00,11.9,5.2,93.0,1.3,1.4,50.0,25.6,73,0.1,22.5
Belagavi,15.8521,74.5045,2026-08-09 11:00:00,15.0,6.4,91.0,1.0,1.4,52.0,26.4,70,0.1,20.7
Belagavi,15.8521,74.5045,2026-08-09 12:00:00,14.7,6.1,91.0,0.9,1.4,52.0,26.8,67,0.1,21.7
Belagavi,15.8521,74.5045,2026-08-09 13:00:00,14.3,6.0,93.0,0.8,1.3,51.0,26.8,68,0.2,21.7
Belagavi,15.8521,74.5045,2026-08-09 14:00:00,12.0,5.6,94.0,0.9,1.3,50.0,26.1,71,0.3,23.0
Belagavi,15.8521,74.5045,2026-08-09 15:00:00,12.1,5.7,95.0,1.1,1.2,48.0,25.4,73,0.2,21.5
Belagavi,15.8521,74.5045,2026-08-09 16:00:00,10.3,5.1,96.0,1.3,1.2,46.0,24.8,78,0.4,20.7
Belagavi,15.8521,74.5045,2026-08-09 17:00:00,16.3,7.8,98.0,2.4,1.3,42.0,25.2,74,0.0,19.2
Belagavi,15.8521,74.5045,2026-08-09 18:00:00,13.7,7.6,101.0,3.2,1.4,40.0,23.7,83,0.0,19.3
Belagavi,15.8521,74.5045,2026-08-09 19:00:00,12.6,7.5,105.0,4.4,1.5,36.0,22.4,91,0.0,14.7
Belagavi,15.8521,74.5045,2026-08-09 20:00:00,10.7,6.5,107.0,5.2,1.6,34.0,21.9,93,0.0,13.8
Belagavi,15.8521,74.5045,2026-08-09 21:00:00,6.8,4.4,106.0,5.3,1.7,33.0,21.9,92,0.0,14.5
Belagavi,15.8521,74.5045,2026-08-09 22:00:00,4.6,3.4,104.0,5.1,1.7,33.0,22.1,91,0.0,14.6
Belagavi,15.8521,74.5045,2026-08-09 23:00:00,4.1,2.9,101.0,4.7,1.7,33.0,22.0,93,0.0,11.9
Belagavi,15.8521,74.5045,2026-08-10 00:00:00,4.0,2.9,97.0,4.1,1.6,34.0,21.0,98,0.0,11.2
Belagavi,15.8521,74.5045,2026-08-10 01:00:00,3.6,2.5,92.0,3.3,1.4,36.0,20.7,98,0.0,10.4
Belagavi,15.8521,74.5045,2026-08-10 02:00:00,3.5,2.2,89.0,2.7,1.3,38.0,20.8,97,0.0,11.0
Belagavi,15.8521,74.5045,2026-08-10 03:00:00,3.4,2.1,90.0,2.5,1.3,38.0,21.1,95,0.0,12.6
Belagavi,15.8521,74.5045,2026-08-10 04:00:00,3.0,1.9,93.0,2.5,1.4,38.0,21.1,95,0.0,14.1
Belagavi,15.8521,74.5045,2026-08-10 05:00:00,3.0,1.5,96.0,2.0,1.3,41.0,21.0,98,0.0,13.6
Belagavi,15.8521,74.5045,2026-08-10 06:00:00,3.1,1.8,99.0,2.7,1.4,40.0,20.9,96,0.0,14.7
Belagavi,15.8521,74.5045,2026-08-10 07:00:00,2.8,1.8,102.0,3.6,1.6,39.0,21.4,93,0.0,17.1
Belagavi,15.8521,74.5045,2026-08-10 08:00:00,3.8,2.6,103.0,4.0,1.7,39.0,22.4,87,0.0,18.5
Belagavi,15.8521,74.5045,2026-08-10 09:00:00,4.7,2.8,101.0,3.4,1.6,43.0,23.7,82,0.1,20.7
Belagavi,15.8521,74.5045,2026-08-10 10:00:00,4.8,2.7,98.0,2.4,1.5,48.0,23.9,82,0.1,21.0
Belagavi,15.8521,74.5045,2026-08-10 11:00:00,4.9,3.0,96.0,1.6,1.4,52.0,25.8,76,0.4,21.9
Belagavi,15.8521,74.5045,2026-08-10 12:00:00,3.8,2.4,96.0,1.4,1.3,53.0,25.1,79,0.8,25.1
Belagavi,15.8521,74.5045,2026-08-10 13:00:00,4.1,2.3,97.0,1.4,1.3,52.0,25.5,78,0.1,24.5
Belagavi,15.8521,74.5045,2026-08-10 14:00:00,6.0,3.2,98.0,1.7,1.2,51.0,24.4,82,1.2,24.3
Belagavi,15.8521,74.5045,2026-08-10 15:00:00,5.7,3.0,99.0,2.3,1.1,49.0,25.3,74,0.2,24.5
Belagavi,15.8521,74.5045,2026-08-10 16:00:00,6.3,3.4,100.0,3.1,1.1,45.0,24.3,80,0.3,22.9
Belagavi,15.8521,74.5045,2026-08-10 17:00:00,11.6,5.0,103.0,2.5,1.1,42.0,24.2,83,0.0,22.3
Belagavi,15.8521,74.5045,2026-08-10 18:00:00,9.7,5.4,108.0,3.6,1.3,40.0,22.6,90,0.1,17.9
Belagavi,15.8521,74.5045,2026-08-10 19:00:00,11.5,6.5,114.0,5.0,1.5,37.0,21.8,94,0.0,16.0
Belagavi,15.8521,74.5045,2026-08-10 20:00:00,8.8,5.2,118.0,6.0,1.7,35.0,21.4,96,0.0,12.9
Belagavi,15.8521,74.5045,2026-08-10 21:00:00,6.1,3.9,118.0,6.1,1.8,34.0,21.5,95,0.0,12.9
Belagavi,15.8521,74.5045,2026-08-10 22:00:00,5.2,3.6,117.0,5.6,1.7,34.0,21.7,94,0.0,11.2
Belagavi,15.8521,74.5045,2026-08-10 23:00:00,4.2,3.0,113.0,5.0,1.7,35.0,21.4,95,0.0,14.6
Belagavi,15.8521,74.5045,2026-08-11 00:00:00,3.6,2.4,107.0,4.2,1.6,36.0,20.8,98,0.0,11.7
Belagavi,15.8521,74.5045,2026-08-11 01:00:00,3.5,2.2,99.0,3.2,1.5,38.0,20.7,98,0.0,10.1
Belagavi,15.8521,74.5045,2026-08-11 02:00:00,3.2,1.9,93.0,2.6,1.4,39.0,20.8,97,0.0,10.4
Belagavi,15.8521,74.5045,2026-08-11 03:00:00,3.1,1.8,90.0,2.6,1.5,38.0,20.5,99,0.0,9.6
Belagavi,15.8521,74.5045,2026-08-11 04:00:00,2.8,1.8,89.0,3.0,1.7,36.0,20.8,98,0.0,9.5
Belagavi,15.8521,74.5045,2026-08-11 05:00:00,1.9,1.2,90.0,2.3,1.5,40.0,21.6,97,0.0,14.8
Belagavi,15.8521,74.5045,2026-08-11 06:00:00,2.3,1.4,95.0,3.0,1.6,39.0,21.1,95,0.0,14.9
Belagavi,15.8521,74.5045,2026-08-11 07:00:00,3.4,2.1,102.0,3.9,1.7,38.0,21.5,93,0.0,15.6
Belagavi,15.8521,74.5045,2026-08-11 08:00:00,4.7,3.0,106.0,4.3,1.7,39.0,22.5,88,0.0,16.9
Belagavi,15.8521,74.5045,2026-08-11 09:00:00,6.9,3.8,104.0,3.6,1.6,43.0,23.5,83,0.1,18.4
Belagavi,15.8521,74.5045,2026-08-11 10:00:00,8.2,3.9,99.0,2.3,1.5,48.0,23.8,82,0.4,18.6
Belagavi,15.8521,74.5045,2026-08-11 11:00:00,6.7,3.3,95.0,1.4,1.4,52.0,25.7,73,0.3,21.7
Belagavi,15.8521,74.5045,2026-08-11 12:00:00,7.0,3.6,95.0,1.1,1.3,53.0,26.2,71,0.1,20.9
Belagavi,15.8521,74.5045,2026-08-11 13:00:00,7.0,3.7,96.0,1.1,1.3,54.0,25.1,75,0.8,25.7
Belagavi,15.8521,74.5045,2026-08-11 14:00:00,6.9,3.4,98.0,1.3,1.3,53.0,25.1,79,0.6,24.7
Belagavi,15.8521,74.5045,2026-08-11 15:00:00,6.7,3.4,100.0,1.7,1.3,52.0,24.6,77,0.5,26.7
Belagavi,15.8521,74.5045,2026-08-11 16:00:00,7.6,4.0,103.0,2.3,1.3,50.0,24.3,81,0.2,22.5
Belagavi,15.8521,74.5045,2026-08-11 17:00:00,10.3,5.4,106.0,3.6,1.2,44.0,23.6,86,0.2,22.2
Belagavi,15.8521,74.5045,2026-08-11 18:00:00,9.7,5.7,109.0,4.4,1.3,41.0,22.6,92,0.0,18.7
Belagavi,15.8521,74.5045,2026-08-11 19:00:00,9.7,6.0,112.0,5.6,1.5,38.0,21.6,94,0.0,17.1
Belagavi,15.8521,74.5045,2026-08-11 20:00:00,7.4,4.9,115.0,6.3,1.7,35.0,21.5,94,0.0,16.4
Belagavi,15.8521,74.5045,2026-08-11 21:00:00,5.9,3.9,117.0,6.3,1.8,35.0,21.3,94,0.0,15.5
Belagavi,15.8521,74.5045,2026-08-11 22:00:00,5.4,3.7,118.0,5.9,1.8,35.0,21.0,95,0.0,12.4
Belagavi,15.8521,74.5045,2026-08-11 23:00:00,4.5,3.2,117.0,5.4,1.8,36.0,21.5,95,0.0,15.5
Belagavi,15.8521,74.5045,2026-08-12 00:00:00,3.0,2.1,112.0,4.6,1.7,37.0,21.0,96,0.0,16.2
Belagavi,15.8521,74.5045,2026-08-12 01:00:00,2.5,1.8,105.0,3.7,1.5,38.0,20.6,95,0.0,18.5
Belagavi,15.8521,74.5045,2026-08-12 02:00:00,2.2,1.5,99.0,3.1,1.5,39.0,20.2,96,0.0,16.5
Belagavi,15.8521,74.5045,2026-08-12 03:00:00,2.4,1.6,96.0,3.0,1.7,39.0,20.4,97,0.0,14.0
Belagavi,15.8521,74.5045,2026-08-12 04:00:00,2.5,1.7,94.0,3.2,1.9,38.0,20.5,96,0.0,13.1
Belagavi,15.8521,74.5045,2026-08-12 05:00:00,3.7,1.8,94.0,2.4,1.6,42.0,21.2,98,0.0,14.9
Belagavi,15.8521,74.5045,2026-08-12 06:00:00,2.8,1.7,97.0,3.1,1.6,40.0,21.2,96,0.1,17.1
Belagavi,15.8521,74.5045,2026-08-12 07:00:00,2.8,1.9,102.0,4.1,1.7,37.0,21.1,95,0.0,17.7
Belagavi,15.8521,74.5045,2026-08-12 08:00:00,3.3,2.1,106.0,4.5,1.7,37.0,21.9,91,0.0,19.6
Belagavi,15.8521,74.5045,2026-08-12 09:00:00,3.3,2.0,107.0,3.9,1.6,41.0,22.4,90,0.0,16.4
Belagavi,15.8521,74.5045,2026-08-12 10:00:00,3.6,2.4,107.0,2.7,1.5,48.0,23.1,88,0.2,19.1
Belagavi,15.8521,74.5045,2026-08-12 11:00:00,5.2,3.2,105.0,1.8,1.4,53.0,24.5,88,0.4,22.2
Belagavi,15.8521,74.5045,2026-08-12 12:00:00,7.0,3.6,101.0,1.4,1.3,54.0,25.5,83,0.2,22.9
Belagavi,15.8521,74.5045,2026-08-12 13:00:00,8.0,3.8,96.0,1.1,1.2,53.0,25.1,82,0.5,25.3
Belagavi,15.8521,74.5045,2026-08-12 14:00:00,10.3,4.8,93.0,1.2,1.1,51.0,25.1,80,0.1,24.7
Belagavi,15.8521,74.5045,2026-08-12 15:00:00,11.0,5.6,94.0,1.6,1.1,50.0,25.1,82,0.1,22.1
Belagavi,15.8521,74.5045,2026-08-12 16:00:00,10.7,5.7,97.0,2.3,1.1,48.0,23.6,86,0.5,22.0
Belagavi,15.8521,74.5045,2026-08-12 17:00:00,15.9,7.8,101.0,3.5,1.1,44.0,23.7,86,0.1,21.2
Belagavi,15.8521,74.5045,2026-08-12 18:00:00,12.0,6.9,105.0,4.3,1.2,41.0,22.2,96,0.9,19.4
Belagavi,15.8521,74.5045,2026-08-12 19:00:00,9.9,5.9,110.0,5.4,1.4,38.0,21.6,97,0.1,17.1
Belagavi,15.8521,74.5045,2026-08-12 20:00:00,6.9,4.4,113.0,6.0,1.6,35.0,21.5,98,0.1,15.5
Belagavi,15.8521,74.5045,2026-08-12 21:00:00,5.7,3.7,113.0,5.8,1.7,35.0,21.3,98,0.0,14.5
Belagavi,15.8521,74.5045,2026-08-12 22:00:00,4.7,3.2,112.0,5.2,1.7,36.0,21.3,98,0.0,11.5
Belagavi,15.8521,74.5045,2026-08-12 23:00:00,3.7,2.5,109.0,4.5,1.7,37.0,21.3,98,0.1,12.2
Belagavi,15.8521,74.5045,2026-08-13 00:00:00,3.0,2.0,103.0,3.8,1.6,38.0,21.0,98,0.0,13.6
Belagavi,15.8521,74.5045,2026-08-13 01:00:00,2.6,1.7,96.0,3.0,1.5,39.0,21.0,98,0.0,13.7
Belagavi,15.8521,74.5045,2026-08-13 02:00:00,2.9,1.8,91.0,2.5,1.4,40.0,20.9,99,0.0,13.7
Belagavi,15.8521,74.5045,2026-08-13 03:00:00,3.7,2.2,89.0,2.5,1.5,39.0,20.9,98,0.0,14.8
Belagavi,15.8521,74.5045,2026-08-13 04:00:00,3.7,2.3,89.0,2.8,1.6,37.0,21.3,98,0.3,15.5
Belagavi,15.8521,74.5045,2026-08-13 05:00:00,2.3,1.4,91.0,2.4,1.5,39.0,21.5,98,0.5,14.8
Belagavi,15.8521,74.5045,2026-08-13 06:00:00,1.8,1.3,95.0,3.3,1.6,38.0,21.3,96,0.1,17.4
Belagavi,15.8521,74.5045,2026-08-13 07:00:00,1.9,1.6,101.0,4.4,1.7,37.0,21.4,95,0.0,13.8
Belagavi,15.8521,74.5045,2026-08-13 08:00:00,3.4,2.6,104.0,4.9,1.8,37.0,21.8,94,0.1,15.3
Belagavi,15.8521,74.5045,2026-08-13 09:00:00,4.3,2.7,103.0,4.1,1.7,41.0,23.0,88,0.2,18.7
Belagavi,15.8521,74.5045,2026-08-13 10:00:00,5.2,3.0,100.0,2.7,1.5,47.0,24.2,84,0.2,20.5
Belagavi,15.8521,74.5045,2026-08-13 11:00:00,7.1,3.8,97.0,1.7,1.4,51.0,25.5,75,0.1,24.3
Belagavi,15.8521,74.5045,2026-08-13 12:00:00,7.5,4.0,96.0,1.3,1.3,53.0,25.3,76,0.6,25.9
Belagavi,15.8521,74.5045,2026-08-13 13:00:00,5.5,3.0,95.0,1.3,1.3,54.0,25.2,76,0.5,23.4
Belagavi,15.8521,74.5045,2026-08-13 14:00:00,5.5,3.1,95.0,1.6,1.3,54.0,24.5,82,0.5,24.7
Belagavi,15.8521,74.5045,2026-08-13 15:00:00,5.8,3.0,96.0,2.2,1.3,51.0,24.5,81,0.2,25.6
Belagavi,15.8521,74.5045,2026-08-13 16:00:00,5.6,3.3,99.0,3.2,1.3,47.0,23.7,85,0.4,24.0
Belagavi,15.8521,74.5045,2026-08-13 17:00:00,6.8,4.1,104.0,3.2,1.2,44.0,23.7,85,0.1,20.0
Belagavi,15.8521,74.5045,2026-08-13 18:00:00,7.3,4.7,115.0,4.1,1.3,41.0,22.4,93,0.1,17.7
Belagavi,15.8521,74.5045,2026-08-13 19:00:00,7.2,4.9,129.0,5.4,1.5,38.0,21.4,95,0.0,16.4
Belagavi,15.8521,74.5045,2026-08-13 20:00:00,4.7,3.4,136.0,6.1,1.6,35.0,20.9,96,0.0,15.6
Belagavi,15.8521,74.5045,2026-08-13 21:00:00,3.6,2.5,129.0,5.9,1.6,35.0,20.8,97,0.0,12.5
Belagavi,15.8521,74.5045,2026-08-13 22:00:00,3.3,2.3,115.0,5.2,1.6,36.0,21.1,95,0.0,11.7
Belagavi,15.8521,74.5045,2026-08-13 23:00:00,3.0,2.1,104.0,4.5,1.6,37.0,21.7,94,0.0,15.8
Belagavi,15.8521,74.5045,2026-08-14 00:00:00,2.5,1.7,99.0,3.9,1.5,38.0,21.1,96,0.0,16.6
Belagavi,15.8521,74.5045,2026-08-14 01:00:00,2.4,1.6,96.0,3.2,1.5,39.0,21.2,95,0.0,15.6
Belagavi,15.8521,74.5045,2026-08-14 02:00:00,2.6,1.6,94.0,2.7,1.4,40.0,21.1,96,0.0,14.3
Belagavi,15.8521,74.5045,2026-08-14 03:00:00,2.7,1.6,91.0,2.4,1.4,41.0,21.2,95,0.0,16.1
Belagavi,15.8521,74.5045,2026-08-14 04:00:00,2.9,1.7,89.0,2.3,1.4,41.0,20.9,98,0.0,13.5
Belagavi,15.8521,74.5045,2026-08-14 05:00:00,2.7,1.5,89.0,2.2,1.3,41.0,21.4,97,0.0,16.2
Belagavi,15.8521,74.5045,2026-08-14 06:00:00,2.1,1.3,92.0,2.7,1.3,40.0,21.5,96,0.1,16.1
Belagavi,15.8521,74.5045,2026-08-14 07:00:00,2.7,1.8,96.0,3.4,1.4,39.0,21.9,95,0.1,19.3
Belagavi,15.8521,74.5045,2026-08-14 08:00:00,3.5,2.1,99.0,3.7,1.4,40.0,22.3,93,0.1,18.9
Belagavi,15.8521,74.5045,2026-08-14 09:00:00,4.2,2.6,97.0,3.1,1.4,44.0,24.1,81,0.1,21.5
Belagavi,15.8521,74.5045,2026-08-14 10:00:00,5.0,2.7,93.0,2.0,1.3,49.0,24.7,80,0.4,22.0
Belagavi,15.8521,74.5045,2026-08-14 11:00:00,6.2,3.0,91.0,1.3,1.3,53.0,25.2,80,0.4,24.7
Belagavi,15.8521,74.5045,2026-08-14 12:00:00,7.7,3.4,92.0,1.1,1.3,56.0,26.3,67,0.2,26.5
Belagavi,15.8521,74.5045,2026-08-14 13:00:00,8.6,4.5,95.0,1.2,1.2,57.0,25.3,75,0.4,24.5
Belagavi,15.8521,74.5045,2026-08-14 14:00:00,10.9,5.6,98.0,1.6,1.2,57.0,25.0,78,0.4,25.2
Belagavi,15.8521,74.5045,2026-08-14 15:00:00,8.5,4.6,99.0,2.6,1.2,53.0,24.6,78,0.7,25.6
Belagavi,15.8521,74.5045,2026-08-14 16:00:00,6.6,3.9,99.0,3.9,1.2,48.0,22.7,89,1.1,21.6
Belagavi,15.8521,74.5045,2026-08-14 17:00:00,9.1,4.7,100.0,3.6,1.2,47.0,22.6,95,0.7,18.6
Belagavi,15.8521,74.5045,2026-08-14 18:00:00,8.6,5.1,104.0,4.2,1.3,45.0,22.0,96,0.1,15.6
Belagavi,15.8521,74.5045,2026-08-14 19:00:00,7.7,4.7,109.0,5.1,1.4,42.0,21.4,97,0.1,15.7
Belagavi,15.8521,74.5045,2026-08-14 20:00:00,4.8,3.3,112.0,5.6,1.5,40.0,21.3,96,0.0,15.3
Belagavi,15.8521,74.5045,2026-08-14 21:00:00,4.9,3.2,111.0,5.4,1.5,39.0,21.2,95,0.0,16.6
Belagavi,15.8521,74.5045,2026-08-14 22:00:00,4.7,2.9,108.0,4.8,1.5,40.0,21.0,95,0.0,16.7
Belagavi,15.8521,74.5045,2026-08-14 23:00:00,4.9,2.9,104.0,4.2,1.5,40.0,21.3,97,0.0,17.2
Belagavi,15.8521,74.5045,2026-08-15 00:00:00,4.7,2.6,100.0,3.5,1.4,41.0,21.2,97,0.0,15.4
Belagavi,15.8521,74.5045,2026-08-15 01:00:00,5.1,2.7,95.0,2.7,1.3,42.0,20.8,97,0.0,17.8
Belagavi,15.8521,74.5045,2026-08-15 02:00:00,5.6,2.8,91.0,2.2,1.3,43.0,20.9,96,0.0,12.8
Belagavi,15.8521,74.5045,2026-08-15 03:00:00,7.0,3.4,89.0,2.1,1.4,43.0,20.7,97,0.0,10.0
Belagavi,15.8521,74.5045,2026-08-15 04:00:00,5.9,3.0,89.0,2.2,1.5,42.0,20.7,97,0.0,10.3
Belagavi,15.8521,74.5045,2026-08-15 05:00:00,6.1,3.0,90.0,2.2,1.4,42.0,20.5,97,0.0,17.6
Belagavi,15.8521,74.5045,2026-08-15 06:00:00,5.4,2.7,93.0,2.6,1.4,42.0,20.6,97,0.0,11.3
Belagavi,15.8521,74.5045,2026-08-15 07:00:00,4.8,2.6,97.0,3.0,1.5,42.0,21.3,93,0.0,16.1
Belagavi,15.8521,74.5045,2026-08-15 08:00:00,5.9,2.9,99.0,3.2,1.5,43.0,22.2,88,0.0,19.1
Belagavi,15.8521,74.5045,2026-08-15 09:00:00,6.8,3.5,97.0,2.7,1.4,46.0,24.0,79,0.1,21.0
Belagavi,15.8521,74.5045,2026-08-15 10:00:00,5.9,3.1,93.0,2.0,1.4,50.0,24.6,76,0.1,22.3
Belagavi,15.8521,74.5045,2026-08-15 11:00:00,5.6,3.1,91.0,1.4,1.3,53.0,25.0,77,0.2,25.1
Belagavi,15.8521,74.5045,2026-08-15 12:00:00,6.1,3.2,91.0,1.1,1.3,55.0,25.8,75,0.2,24.9
Belagavi,15.8521,74.5045,2026-08-15 13:00:00,6.0,3.4,93.0,1.1,1.3,57.0,25.1,76,0.2,25.3
Belagavi,15.8521,74.5045,2026-08-15 14:00:00,5.9,3.3,95.0,1.2,1.3,57.0,25.0,73,0.3,27.3
Belagavi,15.8521,74.5045,2026-08-15 15:00:00,7.8,3.5,96.0,1.6,1.3,55.0,24.6,73,0.4,25.6
Belagavi,15.8521,74.5045,2026-08-15 16:00:00,7.6,4.1,97.0,2.3,1.3,52.0,23.9,81,0.4,23.6
Belagavi,15.8521,74.5045,2026-08-15 17:00:00,8.1,4.9,100.0,3.9,1.2,46.0,23.1,90,0.3,21.5
Belagavi,15.8521,74.5045,2026-08-15 18:00:00,9.7,5.6,106.0,4.6,1.4,44.0,22.3,94,0.0,16.7
Belagavi,15.8521,74.5045,2026-08-15 19:00:00,11.0,6.3,114.0,5.6,1.6,40.0,21.6,97,0.1,16.8
Belagavi,15.8521,74.5045,2026-08-15 20:00:00,11.5,6.7,119.0,6.2,1.7,38.0,21.7,96,0.1,16.2
Belagavi,15.8521,74.5045,2026-08-15 21:00:00,9.2,5.3,119.0,6.1,1.7,38.0,21.5,97,0.1,14.9
Belagavi,15.8521,74.5045,2026-08-15 22:00:00,6.9,4.3,116.0,5.5,1.7,38.0,21.1,97,0.0,14.0
Belagavi,15.8521,74.5045,2026-08-15 23:00:00,5.2,3.4,112.0,4.9,1.6,39.0,21.3,97,0.0,17.1
Belagavi,15.8521,74.5045,2026-08-16 00:00:00,3.2,2.1,108.0,4.3,1.6,40.0,21.1,96,0.1,16.6
Belagavi,15.8521,74.5045,2026-08-16 01:00:00,2.9,1.8,103.0,3.6,1.5,40.0,20.8,96,0.0,15.9
Belagavi,15.8521,74.5045,2026-08-16 02:00:00,3.0,1.8,98.0,3.0,1.5,41.0,20.2,93,0.0,14.7
Belagavi,15.8521,74.5045,2026-08-16 03:00:00,3.4,2.0,94.0,2.7,1.5,42.0,20.0,93,0.0,13.7
Belagavi,15.8521,74.5045,2026-08-16 04:00:00,3.9,2.1,91.0,2.5,1.6,42.0,20.1,97,0.0,13.3
Belagavi,15.8521,74.5045,2026-08-16 05:00:00,5.8,2.9,89.0,2.4,1.3,44.0,21.2,98,0.0,16.1
Belagavi,15.8521,74.5045,2026-08-16 06:00:00,4.2,2.2,91.0,2.4,1.3,44.0,20.9,97,0.0,18.1
Belagavi,15.8521,74.5045,2026-08-16 07:00:00,5.0,2.7,94.0,2.3,1.4,45.0,21.1,97,0.0,15.2
Belagavi,15.8521,74.5045,2026-08-16 08:00:00,6.1,3.0,96.0,2.2,1.4,46.0,21.9,90,0.0,16.6
Belagavi,15.8521,74.5045,2026-08-16 09:00:00,6.5,3.0,95.0,1.9,1.4,49.0,23.0,83,0.0,19.1
Belagavi,15.8521,74.5045,2026-08-16 10:00:00,8.3,3.9,93.0,1.5,1.4,52.0,24.4,77,0.0,21.6
Belagavi,15.8521,74.5045,2026-08-16 11:00:00,8.6,4.1,91.0,1.2,1.4,54.0,24.7,79,0.3,22.0
Belagavi,15.8521,74.5045,2026-08-16 12:00:00,9.7,4.3,90.0,1.0,1.4,55.0,25.3,76,0.1,21.2
Belagavi,15.8521,74.5045,2026-08-16 13:00:00,11.0,4.8,90.0,0.9,1.3,55.0,25.2,78,0.1,21.3
Belagavi,15.8521,74.5045,2026-08-16 14:00:00,12.3,5.2,90.0,1.0,1.3,54.0,25.5,75,0.2,23.5
Belagavi,15.8521,74.5045,2026-08-16 15:00:00,12.5,5.4,91.0,1.2,1.3,53.0,25.1,74,0.3,24.1
Belagavi,15.8521,74.5045,2026-08-16 16:00:00,12.1,5.5,92.0,1.6,1.3,52.0,23.9,82,0.2,23.5
Belagavi,15.8521,74.5045,2026-08-16 17:00:00,16.8,7.3,93.0,2.0,1.2,49.0,23.4,87,0.0,19.6
Belagavi,15.8521,74.5045,2026-08-16 18:00:00,16.6,7.7,94.0,2.6,1.3,47.0,22.4,92,0.0,15.1
Belagavi,15.8521,74.5045,2026-08-16 19:00:00,15.1,7.6,95.0,3.5,1.4,45.0,21.7,95,0.0,16.1
Belagavi,15.8521,74.5045,2026-08-16 20:00:00,13.0,6.6,96.0,4.0,1.5,43.0,21.5,96,0.0,16.8
Belagavi,15.8521,74.5045,2026-08-16 21:00:00,11.5,5.7,98.0,3.8,1.5,43.0,21.4,97,0.0,16.0
Belagavi,15.8521,74.5045,2026-08-16 22:00:00,7.9,4.1,99.0,3.4,1.5,45.0,21.6,95,0.1,16.0
Belagavi,15.8521,74.5045,2026-08-16 23:00:00,7.9,3.8,100.0,2.9,1.5,46.0,21.4,96,0.1,15.6
Belagavi,15.8521,74.5045,2026-08-17 00:00:00,7.3,3.7,98.0,2.6,1.5,46.0,21.1,96,0.0,15.7
Belagavi,15.8521,74.5045,2026-08-17 01:00:00,6.8,3.3,96.0,2.4,1.4,46.0,21.1,98,0.0,18.2
Belagavi,15.8521,74.5045,2026-08-17 02:00:00,4.8,2.4,93.0,2.2,1.4,46.0,21.2,95,0.1,15.0
Belagavi,15.8521,74.5045,2026-08-17 03:00:00,3.6,2.0,91.0,2.0,1.4,46.0,20.9,96,0.0,14.3
Belagavi,15.8521,74.5045,2026-08-17 04:00:00,4.0,2.0,89.0,1.9,1.5,46.0,20.5,97,0.0,13.7
Belagavi,15.8521,74.5045,2026-08-17 05:00:00,3.0,1.4,89.0,1.8,1.4,47.0,21.0,97,0.0,15.9
Belagavi,15.8521,74.5045,2026-08-17 06:00:00,3.4,1.8,92.0,2.2,1.4,46.0,21.1,96,0.0,16.4
Belagavi,15.8521,74.5045,2026-08-17 07:00:00,3.5,2.2,97.0,2.7,1.5,45.0,21.2,97,0.0,14.9
Belagavi,15.8521,74.5045,2026-08-17 08:00:00,3.8,2.1,100.0,2.9,1.5,45.0,21.5,94,0.1,17.9
Belagavi,15.8521,74.5045,2026-08-17 09:00:00,5.0,2.6,99.0,2.5,1.5,47.0,22.7,86,0.1,20.8
Belagavi,15.8521,74.5045,2026-08-17 10:00:00,7.4,3.4,97.0,1.7,1.4,51.0,22.7,86,0.0,21.0
Belagavi,15.8521,74.5045,2026-08-17 11:00:00,11.2,4.8,96.0,1.2,1.4,54.0,23.7,83,0.1,24.0
Belagavi,15.8521,74.5045,2026-08-17 12:00:00,14.8,6.2,97.0,1.1,1.4,56.0,23.9,82,0.0,22.6
Belagavi,15.8521,74.5045,2026-08-17 13:00:00,13.2,5.9,100.0,1.1,1.4,56.0,23.1,85,0.2,21.3
Belagavi,15.8521,74.5045,2026-08-17 14:00:00,12.6,5.6,102.0,1.3,1.4,56.0,23.7,81,0.1,22.8
Belagavi,15.8521,74.5045,2026-08-17 15:00:00,11.0,4.9,103.0,1.6,1.4,54.0,23.2,86,0.1,21.8
Belagavi,15.8521,74.5045,2026-08-17 16:00:00,10.7,4.6,103.0,2.1,1.4,51.0,23.3,84,0.0,21.9
Belagavi,15.8521,74.5045,2026-08-17 17:00:00,18.1,8.1,104.0,3.1,1.4,47.0,23.2,85,0.1,18.2
Belagavi,15.8521,74.5045,2026-08-17 18:00:00,16.2,7.9,106.0,4.3,1.5,44.0,21.9,89,0.0,15.2
Belagavi,15.8521,74.5045,2026-08-17 19:00:00,13.6,7.5,109.0,5.9,1.7,39.0,21.4,93,0.0,15.6
Belagavi,15.8521,74.5045,2026-08-17 20:00:00,8.6,5.3,110.0,7.0,1.9,35.0,21.2,95,0.0,16.6
Belagavi,15.8521,74.5045,2026-08-17 21:00:00,5.9,3.8,109.0,7.3,2.0,33.0,20.9,95,0.0,15.0
Belagavi,15.8521,74.5045,2026-08-17 22:00:00,4.7,3.3,106.0,7.0,2.0,32.0,20.8,95,0.0,12.5
Belagavi,15.8521,74.5045,2026-08-17 23:00:00,4.3,3.2,103.0,6.5,2.0,32.0,21.5,95,0.0,15.2
Belagavi,15.8521,74.5045,2026-08-18 00:00:00,3.3,2.4,99.0,5.5,2.0,33.0,21.2,95,0.0,12.9
Belagavi,15.8521,74.5045,2026-08-18 01:00:00,2.6,1.9,94.0,4.3,1.9,34.0,20.8,97,0.0,13.1
Belagavi,15.8521,74.5045,2026-08-18 02:00:00,2.1,1.4,91.0,3.3,1.8,36.0,20.9,97,0.0,12.4
Belagavi,15.8521,74.5045,2026-08-18 03:00:00,1.9,1.3,89.0,2.7,1.7,37.0,21.0,96,0.0,14.0
Belagavi,15.8521,74.5045,2026-08-18 04:00:00,1.8,1.1,87.0,2.4,1.6,39.0,20.7,95,0.0,14.9
Belagavi,15.8521,74.5045,2026-08-18 05:00:00,3.8,2.1,89.0,2.4,1.4,39.0,21.4,97,0.0,14.2
Belagavi,15.8521,74.5045,2026-08-18 06:00:00,3.6,2.1,96.0,2.8,1.4,38.0,21.1,96,0.0,16.4
Belagavi,15.8521,74.5045,2026-08-18 07:00:00,3.9,2.3,106.0,3.4,1.4,36.0,21.2,96,0.0,14.5
Belagavi,15.8521,74.5045,2026-08-18 08:00:00,4.3,2.3,112.0,3.6,1.4,36.0,21.8,92,0.0,15.0
Belagavi,15.8521,74.5045,2026-08-18 09:00:00,5.4,2.5,110.0,3.0,1.3,37.0,22.5,89,0.0,16.0
Belagavi,15.8521,74.5045,2026-08-18 10:00:00,6.5,2.9,104.0,2.1,1.3,40.0,23.3,85,0.0,20.2
Belagavi,15.8521,74.5045,2026-08-18 11:00:00,6.4,2.8,99.0,1.5,1.2,42.0,24.6,80,0.3,23.7
Belagavi,15.8521,74.5045,2026-08-18 12:00:00,7.0,3.2,98.0,1.5,1.2,45.0,24.8,78,0.7,22.4
Belagavi,15.8521,74.5045,2026-08-18 13:00:00,7.7,3.9,100.0,1.9,1.2,48.0,24.5,83,2.0,21.4
Belagavi,15.8521,74.5045,2026-08-18 14:00:00,6.5,3.7,101.0,2.5,1.2,49.0,24.6,82,0.5,21.7
Belagavi,15.8521,74.5045,2026-08-18 15:00:00,4.3,2.2,102.0,3.3,1.2,45.0,23.4,87,0.3,22.8
Belagavi,15.8521,74.5045,2026-08-18 16:00:00,4.5,2.6,103.0,4.2,1.2,39.0,23.7,82,0.0,22.5
Belagavi,15.8521,74.5045,2026-08-18 17:00:00,8.5,4.9,105.0,3.0,1.1,38.0,23.3,89,0.6,20.9
Belagavi,15.8521,74.5045,2026-08-18 18:00:00,8.1,4.9,109.0,3.8,1.2,36.0,22.3,92,0.0,18.8
Belagavi,15.8521,74.5045,2026-08-18 19:00:00,5.9,3.8,114.0,4.9,1.4,32.0,21.7,94,0.0,16.2
Belagavi,15.8521,74.5045,2026-08-18 20:00:00,5.8,3.7,117.0,5.6,1.5,30.0,21.2,96,0.0,15.5
Belagavi,15.8521,74.5045,2026-08-18 21:00:00,5.8,3.8,116.0,5.5,1.5,30.0,21.5,95,0.0,14.2
Belagavi,15.8521,74.5045,2026-08-18 22:00:00,5.1,3.4,112.0,4.9,1.5,31.0,21.4,97,0.0,13.1
Belagavi,15.8521,74.5045,2026-08-18 23:00:00,4.2,2.8,108.0,4.3,1.4,32.0,21.7,95,0.1,15.0
Belagavi,15.8521,74.5045,2026-08-19 00:00:00,3.0,1.9,102.0,3.6,1.3,33.0,21.3,96,0.0,15.2
Belagavi,15.8521,74.5045,2026-08-19 01:00:00,2.4,1.6,96.0,2.8,1.2,34.0,21.2,95,0.0,15.8
Belagavi,15.8521,74.5045,2026-08-19 02:00:00,2.8,1.7,91.0,2.3,1.1,34.0,21.1,96,0.0,16.8
Belagavi,15.8521,74.5045,2026-08-19 03:00:00,2.6,1.5,89.0,2.1,1.1,34.0,21.0,96,0.1,16.6
Belagavi,15.8521,74.5045,2026-08-19 04:00:00,2.5,1.5,88.0,2.1,1.1,33.0,21.1,96,0.1,16.2
Belagavi,15.8521,74.5045,2026-08-19 05:00:00,2.0,1.3,90.0,2.2,1.1,33.0,21.4,97,0.0,15.7
Belagavi,15.8521,74.5045,2026-08-19 06:00:00,2.2,1.4,95.0,2.7,1.2,32.0,21.6,96,0.0,14.7
Belagavi,15.8521,74.5045,2026-08-19 07:00:00,2.9,1.9,102.0,3.4,1.3,32.0,21.8,96,0.2,15.4
Belagavi,15.8521,74.5045,2026-08-19 08:00:00,4.3,2.6,106.0,3.7,1.4,33.0,22.4,93,0.2,17.4
Belagavi,15.8521,74.5045,2026-08-19 09:00:00,5.8,3.4,104.0,3.2,1.4,37.0,23.8,85,0.1,20.4
Belagavi,15.8521,74.5045,2026-08-19 10:00:00,6.4,3.7,98.0,2.2,1.4,44.0,24.8,80,0.3,21.1
Belagavi,15.8521,74.5045,2026-08-19 11:00:00,6.9,3.8,94.0,1.5,1.3,48.0,25.9,74,0.3,22.8
Belagavi,15.8521,74.5045,2026-08-19 12:00:00,8.4,3.9,93.0,1.3,1.2,49.0,26.5,72,0.4,22.4
Belagavi,15.8521,74.5045,2026-08-19 13:00:00,10.1,4.4,94.0,1.3,1.2,48.0,26.2,72,0.4,24.5
Belagavi,15.8521,74.5045,2026-08-19 14:00:00,8.4,4.2,96.0,1.5,1.1,47.0,25.7,73,0.4,23.8
Belagavi,15.8521,74.5045,2026-08-19 15:00:00,7.8,4.1,99.0,1.7,1.1,46.0,25.3,76,0.3,24.2
Belagavi,15.8521,74.5045,2026-08-19 16:00:00,7.0,3.7,103.0,2.1,1.1,45.0,24.5,78,0.3,22.9
Belagavi,15.8521,74.5045,2026-08-19 17:00:00,11.2,5.8,108.0,3.1,1.2,43.0,24.4,80,0.0,18.4
Belagavi,15.8521,74.5045,2026-08-19 18:00:00,11.0,6.0,115.0,4.0,1.3,40.0,23.2,87,0.0,18.7
Belagavi,15.8521,74.5045,2026-08-19 19:00:00,9.1,5.6,123.0,5.2,1.5,37.0,22.0,92,0.0,15.0
Belagavi,15.8521,74.5045,2026-08-19 20:00:00,6.9,4.3,127.0,5.9,1.6,34.0,21.5,95,0.0,14.5
Belagavi,15.8521,74.5045,2026-08-19 21:00:00,8.1,4.7,122.0,5.6,1.6,34.0,21.3,96,0.0,14.2
Belagavi,15.8521,74.5045,2026-08-19 22:00:00,9.3,5.2,113.0,4.7,1.6,34.0,21.8,95,0.0,14.7
Belagavi,15.8521,74.5045,2026-08-19 23:00:00,9.2,5.0,105.0,3.9,1.5,35.0,22.0,95,0.0,16.0
Belagavi,15.8521,74.5045,2026-08-20 00:00:00,6.1,3.3,100.0,3.3,1.4,35.0,22.0,94,0.1,16.6
Belagavi,15.8521,74.5045,2026-08-20 01:00:00,4.3,2.5,96.0,2.9,1.3,35.0,21.6,95,0.0,16.2
Belagavi,15.8521,74.5045,2026-08-20 02:00:00,3.4,2.0,93.0,2.6,1.3,35.0,21.5,96,0.0,17.1
Belagavi,15.8521,74.5045,2026-08-20 03:00:00,2.5,1.6,91.0,2.6,1.3,34.0,21.6,96,0.1,16.1
Belagavi,15.8521,74.5045,2026-08-20 04:00:00,2.2,1.5,89.0,2.8,1.4,32.0,21.6,96,0.2,16.6
Belagavi,15.8521,74.5045,2026-08-20 05:00:00,2.9,1.7,90.0,2.1,1.1,36.0,21.6,96,0.1,16.9
Belagavi,15.8521,74.5045,2026-08-20 06:00:00,2.7,1.6,95.0,2.5,1.2,35.0,21.7,96,0.1,15.1
Belagavi,15.8521,74.5045,2026-08-20 07:00:00,3.0,2.0,101.0,3.0,1.3,35.0,21.9,94,0.1,16.0
Belagavi,15.8521,74.5045,2026-08-20 08:00:00,4.3,2.7,105.0,3.2,1.4,36.0,22.7,88,0.2,20.5
Belagavi,15.8521,74.5045,2026-08-20 09:00:00,5.3,3.3,103.0,2.7,1.4,40.0,24.1,80,0.2,21.1
Belagavi,15.8521,74.5045,2026-08-20 10:00:00,6.2,3.7,98.0,1.8,1.3,47.0,25.2,74,0.1,22.1
Belagavi,15.8521,74.5045,2026-08-20 11:00:00,7.8,4.3,95.0,1.2,1.3,51.0,25.8,72,0.2,20.3
Belagavi,15.8521,74.5045,2026-08-20 12:00:00,8.3,4.4,94.0,1.1,1.3,52.0,26.4,68,0.2,19.2
Belagavi,15.8521,74.5045,2026-08-20 13:00:00,8.1,4.5,95.0,1.1,1.2,51.0,26.9,65,0.1,18.8
Belagavi,15.8521,74.5045,2026-08-20 14:00:00,8.3,4.5,96.0,1.4,1.2,50.0,25.7,72,0.4,22.5
Belagavi,15.8521,74.5045,2026-08-20 15:00:00,7.4,4.1,97.0,1.8,1.2,49.0,25.8,71,0.2,21.5
Belagavi,15.8521,74.5045,2026-08-20 16:00:00,6.9,3.9,99.0,2.3,1.3,47.0,24.9,76,0.2,22.1
Belagavi,15.8521,74.5045,2026-08-20 17:00:00,13.2,7.2,100.0,2.7,1.2,46.0,24.1,80,0.2,20.4
Belagavi,15.8521,74.5045,2026-08-20 18:00:00,10.9,6.6,101.0,3.8,1.3,42.0,22.4,89,0.1,18.9
Belagavi,15.8521,74.5045,2026-08-20 19:00:00,10.2,6.3,102.0,5.3,1.5,36.0,21.4,94,0.0,15.7
Belagavi,15.8521,74.5045,2026-08-20 20:00:00,8.1,5.4,102.0,6.3,1.6,32.0,21.5,95,0.0,15.9
Belagavi,15.8521,74.5045,2026-08-20 21:00:00,6.0,4.0,102.0,6.3,1.6,31.0,21.3,96,0.0,15.3
Belagavi,15.8521,74.5045,2026-08-20 22:00:00,4.6,3.2,102.0,5.7,1.6,32.0,21.1,97,0.0,15.7
Belagavi,15.8521,74.5045,2026-08-20 23:00:00,4.2,3.0,101.0,5.0,1.6,33.0,21.1,95,0.0,15.5
Belagavi,15.8521,74.5045,2026-08-21 00:00:00,4.3,2.7,100.0,4.2,1.5,34.0,20.8,97,0.0,15.4
Belagavi,15.8521,74.5045,2026-08-21 01:00:00,4.9,2.7,99.0,3.2,1.4,35.0,20.8,98,0.0,12.6
Belagavi,15.8521,74.5045,2026-08-21 02:00:00,4.2,2.4,97.0,2.5,1.3,36.0,21.2,95,0.1,15.0
Belagavi,15.8521,74.5045,2026-08-21 03:00:00,4.0,2.4,94.0,2.4,1.4,35.0,20.7,98,0.0,15.2
Belagavi,15.8521,74.5045,2026-08-21 04:00:00,3.7,2.2,91.0,2.6,1.5,34.0,20.9,96,0.0,15.5
Belagavi,15.8521,74.5045,2026-08-21 05:00:00,2.1,1.4,90.0,2.4,1.4,36.0,20.7,97,0.0,14.2
Belagavi,15.8521,74.5045,2026-08-21 06:00:00,1.9,1.5,95.0,2.8,1.4,36.0,20.7,97,0.0,13.9
Belagavi,15.8521,74.5045,2026-08-21 07:00:00,2.0,1.4,103.0,3.3,1.5,36.0,21.6,93,0.1,17.3
Belagavi,15.8521,74.5045,2026-08-21 08:00:00,2.7,2.0,108.0,3.4,1.5,37.0,22.0,93,0.2,16.8
Belagavi,15.8521,74.5045,2026-08-21 09:00:00,3.9,2.8,106.0,2.8,1.5,42.0,24.2,79,0.1,19.1
Belagavi,15.8521,74.5045,2026-08-21 10:00:00,5.6,3.7,100.0,1.9,1.4,48.0,24.8,76,0.2,19.8
Belagavi,15.8521,74.5045,2026-08-21 11:00:00,7.4,4.4,96.0,1.2,1.3,52.0,25.5,73,0.1,20.9
Belagavi,15.8521,74.5045,2026-08-21 12:00:00,7.6,4.4,95.0,1.0,1.2,53.0,26.1,70,0.0,19.3
Belagavi,15.8521,74.5045,2026-08-21 13:00:00,8.1,4.4,95.0,1.0,1.1,51.0,26.2,70,0.0,21.4
Belagavi,15.8521,74.5045,2026-08-21 14:00:00,8.1,4.5,96.0,1.2,1.1,50.0,25.8,71,0.0,21.1
Belagavi,15.8521,74.5045,2026-08-21 15:00:00,8.3,4.6,97.0,1.7,1.1,49.0,25.5,71,0.0,20.1
Belagavi,15.8521,74.5045,2026-08-21 16:00:00,7.2,4.4,99.0,2.4,1.2,48.0,24.3,77,0.2,21.2
Belagavi,15.8521,74.5045,2026-08-21 17:00:00,15.0,7.9,102.0,2.5,1.2,47.0,24.0,79,0.1,18.0
Belagavi,15.8521,74.5045,2026-08-21 18:00:00,11.2,6.6,108.0,3.8,1.3,43.0,22.7,85,0.0,17.5
Belagavi,15.8521,74.5045,2026-08-21 19:00:00,9.4,6.2,115.0,5.6,1.5,38.0,21.3,93,0.0,15.5
Belagavi,15.8521,74.5045,2026-08-21 20:00:00,7.7,5.3,118.0,6.7,1.7,34.0,20.7,97,0.0,14.2
Belagavi,15.8521,74.5045,2026-08-21 21:00:00,7.4,5.0,114.0,6.4,1.8,34.0,21.0,94,0.0,15.2
Belagavi,15.8521,74.5045,2026-08-21 22:00:00,6.8,4.7,105.0,5.4,1.8,36.0,20.9,95,0.0,16.0
Belagavi,15.8521,74.5045,2026-08-21 23:00:00,6.2,4.2,99.0,4.4,1.8,38.0,20.7,97,0.0,14.2
Belagavi,15.8521,74.5045,2026-08-22 00:00:00,5.6,3.6,97.0,3.6,1.8,40.0,21.3,93,0.1,16.1
Belagavi,15.8521,74.5045,2026-08-22 01:00:00,5.3,3.4,96.0,2.7,1.7,41.0,21.1,93,0.0,15.0
Belagavi,15.8521,74.5045,2026-08-22 02:00:00,4.1,2.6,96.0,2.2,1.7,42.0,20.8,96,0.1,13.3
Belagavi,15.8521,74.5045,2026-08-22 03:00:00,3.0,2.0,96.0,2.1,1.8,42.0,21.0,95,0.0,12.7
Belagavi,15.8521,74.5045,2026-08-22 04:00:00,2.4,1.6,95.0,2.3,2.0,41.0,20.8,95,0.0,13.3
Belagavi,15.8521,74.5045,2026-08-22 05:00:00,1.7,1.1,97.0,2.0,1.5,43.0,21.0,97,0.0,15.4
Belagavi,15.8521,74.5045,2026-08-22 06:00:00,1.7,1.2,102.0,2.6,1.5,42.0,20.9,98,0.0,14.6
Belagavi,15.8521,74.5045,2026-08-22 07:00:00,1.8,1.4,108.0,3.4,1.5,40.0,21.2,95,0.0,16.0
Belagavi,15.8521,74.5045,2026-08-22 08:00:00,2.3,1.6,112.0,3.8,1.4,39.0,21.6,93,0.1,16.7
Belagavi,15.8521,74.5045,2026-08-22 09:00:00,3.2,2.3,110.0,3.2,1.3,41.0,23.7,80,0.1,18.8
Belagavi,15.8521,74.5045,2026-08-22 10:00:00,3.3,2.1,105.0,2.2,1.1,44.0,24.5,74,0.3,21.0
Belagavi,15.8521,74.5045,2026-08-22 11:00:00,4.5,2.5,101.0,1.4,1.0,47.0,24.7,74,0.4,22.3
Belagavi,15.8521,74.5045,2026-08-22 12:00:00,6.4,3.4,100.0,1.3,1.0,49.0,25.8,73,0.4,22.5
Belagavi,15.8521,74.5045,2026-08-22 13:00:00,7.3,4.3,100.0,1.4,1.0,51.0,23.6,87,2.3,24.3
Belagavi,15.8521,74.5045,2026-08-22 14:00:00,7.5,4.4,102.0,1.7,1.0,51.0,24.8,81,0.3,23.2
Belagavi,15.8521,74.5045,2026-08-22 15:00:00,6.1,3.3,105.0,2.0,1.0,48.0,23.7,84,1.3,22.9
Belagavi,15.8521,74.5045,2026-08-22 16:00:00,8.1,4.2,110.0,2.4,1.0,44.0,23.7,83,0.5,22.9
Belagavi,15.8521,74.5045,2026-08-22 17:00:00,12.0,6.5,114.0,3.7,1.1,38.0,22.0,95,0.2,18.0
Belagavi,15.8521,74.5045,2026-08-22 18:00:00,10.7,6.6,118.0,4.9,1.3,35.0,21.9,97,0.7,16.4
Belagavi,15.8521,74.5045,2026-08-22 19:00:00,9.8,6.2,122.0,6.6,1.5,31.0,21.4,98,0.2,15.7
Belagavi,15.8521,74.5045,2026-08-22 20:00:00,9.1,5.9,123.0,7.5,1.6,29.0,21.3,98,0.0,16.2
Belagavi,15.8521,74.5045,2026-08-22 21:00:00,7.4,4.9,120.0,7.1,1.6,29.0,21.2,98,0.1,15.1
Belagavi,15.8521,74.5045,2026-08-22 22:00:00,5.7,3.8,114.0,6.0,1.6,30.0,21.0,98,0.0,14.2
Belagavi,15.8521,74.5045,2026-08-22 23:00:00,5.1,3.4,109.0,4.9,1.5,32.0,21.2,98,0.0,13.4
Belagavi,15.8521,74.5045,2026-08-23 00:00:00,4.0,2.6,104.0,3.9,1.4,34.0,21.1,98,0.0,14.1
Belagavi,15.8521,74.5045,2026-08-23 01:00:00,3.4,2.0,100.0,2.9,1.3,36.0,21.0,98,0.0,13.6
Belagavi,15.8521,74.5045,2026-08-23 02:00:00,2.8,1.7,96.0,2.3,1.3,37.0,21.0,99,0.0,12.5
Belagavi,15.8521,74.5045,2026-08-23 03:00:00,2.3,1.5,92.0,2.2,1.3,37.0,21.1,98,0.0,13.0
Belagavi,15.8521,74.5045,2026-08-23 04:00:00,2.0,1.3,90.0,2.4,1.4,36.0,21.1,98,0.1,13.6
Belagavi,15.8521,74.5045,2026-08-23 05:00:00,2.7,1.5,89.0,2.4,1.3,36.0,21.2,99,0.0,15.8
Belagavi,15.8521,74.5045,2026-08-23 06:00:00,2.4,1.5,93.0,2.6,1.4,36.0,21.4,98,0.1,15.8
Belagavi,15.8521,74.5045,2026-08-23 07:00:00,3.0,1.9,99.0,2.9,1.5,37.0,21.5,96,0.1,16.7
Belagavi,15.8521,74.5045,2026-08-23 08:00:00,3.8,2.4,102.0,2.9,1.6,38.0,22.0,95,0.3,18.6
Belagavi,15.8521,74.5045,2026-08-23 09:00:00,5.0,3.1,99.0,2.4,1.5,39.0,23.4,90,0.2,19.7
Belagavi,15.8521,74.5045,2026-08-23 10:00:00,8.1,4.0,94.0,1.7,1.3,41.0,24.5,83,0.0,21.3
Belagavi,15.8521,74.5045,2026-08-23 11:00:00,9.9,4.4,90.0,1.1,1.1,42.0,25.0,72,0.1,23.0
Belagavi,15.8521,74.5045,2026-08-23 12:00:00,8.8,4.6,91.0,0.8,1.1,43.0,26.2,71,0.2,23.5
Belagavi,15.8521,74.5045,2026-08-23 13:00:00,10.4,5.2,94.0,0.8,1.1,44.0,25.2,77,0.3,26.7
Belagavi,15.8521,74.5045,2026-08-23 14:00:00,9.9,4.7,96.0,0.9,1.1,44.0,25.4,74,0.1,23.5
Belagavi,15.8521,74.5045,2026-08-23 15:00:00,7.5,4.2,96.0,1.3,1.1,43.0,24.2,82,0.0,25.8
Belagavi,15.8521,74.5045,2026-08-23 16:00:00,6.8,3.8,96.0,1.9,1.1,40.0,24.1,82,0.1,24.9
Belagavi,15.8521,74.5045,2026-08-23 17:00:00,8.1,4.7,97.0,2.7,1.1,38.0,23.4,87,0.1,23.2
Belagavi,15.8521,74.5045,2026-08-23 18:00:00,7.5,4.5,101.0,3.1,1.2,37.0,22.6,90,0.0,17.8
Belagavi,15.8521,74.5045,2026-08-23 19:00:00,7.6,4.8,106.0,3.7,1.3,35.0,21.9,94,0.0,17.9
Belagavi,15.8521,74.5045,2026-08-23 20:00:00,8.4,5.2,109.0,4.1,1.4,34.0,21.9,94,0.0,17.0
Belagavi,15.8521,74.5045,2026-08-23 21:00:00,7.6,4.9,106.0,4.1,1.5,33.0,21.7,95,0.0,15.3
Belagavi,15.8521,74.5045,2026-08-23 22:00:00,6.2,4.1,100.0,4.0,1.5,33.0,21.6,96,0.0,13.3
Belagavi,15.8521,74.5045,2026-08-23 23:00:00,5.0,3.3,96.0,3.7,1.5,33.0,21.8,95,0.0,12.4
Belagavi,15.8521,74.5045,2026-08-24 00:00:00,3.9,2.4,95.0,3.4,1.5,33.0,21.8,95,0.1,14.9
Belagavi,15.8521,74.5045,2026-08-24 01:00:00,2.9,1.8,95.0,2.9,1.4,34.0,21.6,96,0.1,12.4
Belagavi,15.8521,74.5045,2026-08-24 02:00:00,2.6,1.6,95.0,2.6,1.3,34.0,21.4,97,0.0,13.5
Belagavi,15.8521,74.5045,2026-08-24 03:00:00,2.9,1.7,94.0,2.3,1.2,35.0,21.3,97,0.0,12.5
Belagavi,15.8521,74.5045,2026-08-24 04:00:00,2.8,1.6,93.0,2.1,1.2,35.0,21.1,98,0.0,13.7
Belagavi,15.8521,74.5045,2026-08-24 05:00:00,3.8,1.9,94.0,1.8,1.1,39.0,21.7,98,0.0,14.5
Belagavi,15.8521,74.5045,2026-08-24 06:00:00,3.9,2.0,99.0,2.1,1.2,38.0,21.7,97,0.2,15.1
Belagavi,15.8521,74.5045,2026-08-24 07:00:00,4.7,2.7,105.0,2.5,1.2,37.0,21.9,96,0.1,13.2
Belagavi,15.8521,74.5045,2026-08-24 08:00:00,5.4,2.7,109.0,2.6,1.3,38.0,22.5,93,0.0,15.8
Belagavi,15.8521,74.5045,2026-08-24 09:00:00,7.9,3.7,106.0,2.3,1.3,41.0,23.8,86,0.1,20.9
Belagavi,15.8521,74.5045,2026-08-24 10:00:00,8.4,4.2,101.0,1.8,1.4,46.0,24.7,83,0.3,20.8
Belagavi,15.8521,74.5045,2026-08-24 11:00:00,11.2,4.9,97.0,1.4,1.4,49.0,24.1,83,0.1,20.6
Belagavi,15.8521,74.5045,2026-08-24 12:00:00,11.3,5.1,97.0,1.2,1.4,50.0,25.7,75,0.3,24.7
Belagavi,15.8521,74.5045,2026-08-24 13:00:00,9.7,4.5,98.0,1.2,1.3,50.0,26.1,70,0.2,24.8
Belagavi,15.8521,74.5045,2026-08-24 14:00:00,10.8,4.8,100.0,1.3,1.3,49.0,26.3,71,0.2,23.4
Belagavi,15.8521,74.5045,2026-08-24 15:00:00,10.8,5.0,102.0,1.7,1.3,48.0,25.5,76,0.4,24.7
Belagavi,15.8521,74.5045,2026-08-24 16:00:00,13.4,6.1,104.0,2.4,1.3,46.0,25.0,76,0.1,22.5
Belagavi,15.8521,74.5045,2026-08-24 17:00:00,23.3,9.5,107.0,3.0,1.3,42.0,23.8,85,0.1,19.0
Belagavi,15.8521,74.5045,2026-08-24 18:00:00,20.4,9.1,111.0,3.7,1.4,40.0,22.8,89,0.1,18.8
Belagavi,15.8521,74.5045,2026-08-24 19:00:00,14.9,7.4,116.0,4.7,1.5,36.0,22.2,93,0.0,16.6
Belagavi,15.8521,74.5045,2026-08-24 20:00:00,10.6,5.6,118.0,5.3,1.6,34.0,21.9,94,0.0,14.6
Belagavi,15.8521,74.5045,2026-08-24 21:00:00,9.7,4.8,115.0,5.3,1.6,33.0,21.7,95,0.0,13.8
Belagavi,15.8521,74.5045,2026-08-24 22:00:00,9.5,4.7,110.0,4.9,1.6,33.0,21.7,95,0.0,15.2
Belagavi,15.8521,74.5045,2026-08-24 23:00:00,8.4,4.3,105.0,4.4,1.6,33.0,21.4,97,0.0,15.1
Belagavi,15.8521,74.5045,2026-08-25 00:00:00,7.1,3.3,101.0,3.7,1.5,34.0,21.4,97,0.0,16.4
Belagavi,15.8521,74.5045,2026-08-25 01:00:00,7.3,3.3,97.0,2.8,1.4,36.0,21.6,95,0.0,17.0
Belagavi,15.8521,74.5045,2026-08-25 02:00:00,8.6,3.6,94.0,2.2,1.3,37.0,21.6,94,0.1,15.8
Belagavi,15.8521,74.5045,2026-08-25 03:00:00,8.8,3.5,92.0,2.0,1.3,37.0,21.5,94,0.1,15.7
Belagavi,15.8521,74.5045,2026-08-25 04:00:00,6.5,2.8,92.0,2.0,1.3,37.0,21.3,96,0.0,14.9
Belagavi,15.8521,74.5045,2026-08-25 05:00:00,5.1,2.3,93.0,2.1,1.3,37.0,21.4,97,0.1,14.7
Belagavi,15.8521,74.5045,2026-08-25 06:00:00,4.4,2.1,97.0,2.5,1.4,36.0,21.1,98,0.0,14.6
Belagavi,15.8521,74.5045,2026-08-25 07:00:00,5.7,2.5,103.0,2.9,1.4,36.0,21.5,96,0.1,17.9
Belagavi,15.8521,74.5045,2026-08-25 08:00:00,8.2,3.6,107.0,3.1,1.5,37.0,22.5,90,0.1,16.4
Belagavi,15.8521,74.5045,2026-08-25 09:00:00,9.0,3.9,105.0,2.6,1.5,41.0,23.4,86,0.2,18.6
Belagavi,15.8521,74.5045,2026-08-25 10:00:00,14.4,5.5,101.0,1.9,1.4,47.0,24.7,78,0.3,20.5
Belagavi,15.8521,74.5045,2026-08-25 11:00:00,16.6,6.4,98.0,1.3,1.4,51.0,25.8,73,0.1,19.8
Belagavi,15.8521,74.5045,2026-08-25 12:00:00,17.3,6.9,97.0,1.1,1.4,53.0,25.5,78,0.6,21.6
Belagavi,15.8521,74.5045,2026-08-25 13:00:00,17.8,7.1,98.0,1.0,1.4,53.0,25.9,75,0.2,22.0
Belagavi,15.8521,74.5045,2026-08-25 14:00:00,17.5,7.2,99.0,1.2,1.4,52.0,26.1,72,0.2,24.7
Belagavi,15.8521,74.5045,2026-08-25 15:00:00,15.4,6.8,100.0,1.6,1.4,50.0,25.8,75,0.2,22.6
Belagavi,15.8521,74.5045,2026-08-25 16:00:00,13.6,6.1,102.0,2.3,1.4,48.0,25.4,75,0.0,22.5
Belagavi,15.8521,74.5045,2026-08-25 17:00:00,26.0,10.9,104.0,2.7,1.5,46.0,24.2,81,0.0,19.4
Belagavi,15.8521,74.5045,2026-08-25 18:00:00,21.7,10.0,107.0,3.6,1.6,43.0,23.1,86,0.0,16.6
Belagavi,15.8521,74.5045,2026-08-25 19:00:00,17.7,8.8,110.0,4.9,1.7,39.0,22.1,92,0.0,16.1
Belagavi,15.8521,74.5045,2026-08-25 20:00:00,14.6,7.7,112.0,5.6,1.8,36.0,21.8,94,0.0,15.7
Belagavi,15.8521,74.5045,2026-08-25 21:00:00,8.1,4.4,111.0,5.3,1.7,36.0,21.6,95,0.0,14.4
Belagavi,15.8521,74.5045,2026-08-25 22:00:00,6.7,3.7,107.0,4.5,1.6,37.0,21.3,97,0.0,15.1
Belagavi,15.8521,74.5045,2026-08-25 23:00:00,6.5,3.3,104.0,3.7,1.5,38.0,21.6,94,0.0,14.6
Belagavi,15.8521,74.5045,2026-08-26 00:00:00,5.9,2.7,101.0,3.1,1.4,39.0,21.4,95,0.1,15.8
Belagavi,15.8521,74.5045,2026-08-26 01:00:00,7.0,3.0,97.0,2.5,1.3,40.0,21.4,96,0.1,15.3
Belagavi,15.8521,74.5045,2026-08-26 02:00:00,6.8,2.9,95.0,2.1,1.2,41.0,21.3,96,0.1,15.3
Belagavi,15.8521,74.5045,2026-08-26 03:00:00,6.5,2.8,94.0,1.9,1.2,42.0,20.8,98,0.0,15.3
Belagavi,15.8521,74.5045,2026-08-26 04:00:00,6.0,2.6,93.0,1.8,1.2,42.0,20.8,97,0.0,12.4
Belagavi,15.8521,74.5045,2026-08-26 05:00:00,6.9,2.7,94.0,1.9,1.1,43.0,21.5,97,0.0,17.4
Belagavi,15.8521,74.5045,2026-08-26 06:00:00,5.2,2.4,99.0,2.5,1.2,42.0,21.2,97,0.0,16.9
Belagavi,15.8521,74.5045,2026-08-26 07:00:00,5.4,2.6,105.0,3.2,1.4,41.0,21.8,94,0.0,15.1
Belagavi,15.8521,74.5045,2026-08-26 08:00:00,7.2,3.4,108.0,3.5,1.5,41.0,22.3,92,0.1,17.8
Belagavi,15.8521,74.5045,2026-08-26 09:00:00,8.3,4.0,105.0,3.0,1.5,45.0,24.5,80,0.1,20.9
Belagavi,15.8521,74.5045,2026-08-26 10:00:00,10.8,4.9,99.0,2.0,1.5,51.0,25.4,74,0.1,22.0
Belagavi,15.8521,74.5045,2026-08-26 11:00:00,12.0,5.1,95.0,1.3,1.4,55.0,26.4,71,0.0,23.7
Belagavi,15.8521,74.5045,2026-08-26 12:00:00,15.4,6.4,95.0,1.0,1.3,56.0,26.6,71,0.1,22.4
Belagavi,15.8521,74.5045,2026-08-26 13:00:00,18.6,7.5,96.0,1.0,1.3,55.0,26.3,73,0.3,23.7
Belagavi,15.8521,74.5045,2026-08-26 14:00:00,18.7,7.7,98.0,1.1,1.2,53.0,26.0,76,0.3,23.9
Belagavi,15.8521,74.5045,2026-08-26 15:00:00,20.1,8.3,100.0,1.4,1.2,51.0,26.1,72,0.0,23.8
Belagavi,15.8521,74.5045,2026-08-26 16:00:00,19.4,8.4,101.0,1.8,1.2,49.0,25.4,76,0.0,22.6
Belagavi,15.8521,74.5045,2026-08-26 17:00:00,23.0,10.4,104.0,2.5,1.2,48.0,24.6,79,0.0,18.0
Belagavi,15.8521,74.5045,2026-08-26 18:00:00,17.8,9.1,108.0,3.6,1.3,44.0,23.2,87,0.0,17.6
Belagavi,15.8521,74.5045,2026-08-26 19:00:00,16.4,8.7,113.0,5.1,1.5,39.0,22.2,92,0.0,16.6
Belagavi,15.8521,74.5045,2026-08-26 20:00:00,13.4,7.2,116.0,6.0,1.6,35.0,21.8,94,0.0,15.7
Belagavi,15.8521,74.5045,2026-08-26 21:00:00,8.8,4.7,114.0,5.7,1.6,35.0,21.9,95,0.0,15.1
Belagavi,15.8521,74.5045,2026-08-26 22:00:00,7.8,3.8,110.0,4.7,1.6,36.0,21.7,95,0.0,14.2
Belagavi,15.8521,74.5045,2026-08-26 23:00:00,7.2,3.3,105.0,3.8,1.5,38.0,21.7,94,0.0,15.8
Belagavi,15.8521,74.5045,2026-08-27 00:00:00,6.8,2.7,100.0,3.2,1.4,39.0,21.5,96,0.1,16.1
Belagavi,15.8521,74.5045,2026-08-27 01:00:00,6.8,2.6,94.0,2.6,1.3,39.0,21.6,94,0.1,16.0
Belagavi,15.8521,74.5045,2026-08-27 02:00:00,6.6,2.5,90.0,2.2,1.2,40.0,21.2,97,0.1,15.3
Belagavi,15.8521,74.5045,2026-08-27 03:00:00,5.7,2.3,88.0,1.9,1.2,41.0,21.1,96,0.1,16.6
Belagavi,15.8521,74.5045,2026-08-27 04:00:00,4.7,2.0,88.0,1.7,1.2,42.0,21.1,97,0.1,19.1
Belagavi,15.8521,74.5045,2026-08-27 05:00:00,5.3,2.2,90.0,1.9,1.2,42.0,21.4,98,0.0,15.5
Belagavi,15.8521,74.5045,2026-08-27 06:00:00,4.3,2.0,95.0,2.3,1.2,42.0,21.6,96,0.2,18.8
Belagavi,15.8521,74.5045,2026-08-27 07:00:00,5.4,2.3,101.0,2.8,1.3,41.0,21.6,96,0.2,19.1
Belagavi,15.8521,74.5045,2026-08-27 08:00:00,5.2,2.6,105.0,3.0,1.3,42.0,22.8,87,0.1,21.6
Belagavi,15.8521,74.5045,2026-08-27 09:00:00,5.8,3.1,103.0,2.6,1.3,45.0,23.9,81,0.0,22.0
Belagavi,15.8521,74.5045,2026-08-27 10:00:00,8.2,4.0,98.0,1.9,1.3,50.0,25.1,75,0.1,23.2
Belagavi,15.8521,74.5045,2026-08-27 11:00:00,11.9,5.2,94.0,1.3,1.3,53.0,25.8,73,0.1,24.8
Belagavi,15.8521,74.5045,2026-08-27 12:00:00,12.0,4.8,93.0,1.0,1.2,54.0,26.0,71,0.1,22.8
Belagavi,15.8521,74.5045,2026-08-27 13:00:00,11.6,4.9,93.0,0.9,1.2,55.0,25.2,72,0.5,24.3
Belagavi,15.8521,74.5045,2026-08-27 14:00:00,12.8,5.6,94.0,1.1,1.1,54.0,25.0,76,0.2,23.3
Belagavi,15.8521,74.5045,2026-08-27 15:00:00,11.8,5.0,96.0,1.6,1.1,52.0,25.4,71,0.1,23.1
Belagavi,15.8521,74.5045,2026-08-27 16:00:00,12.1,5.2,98.0,2.4,1.1,48.0,23.3,85,0.4,22.5
Belagavi,15.8521,74.5045,2026-08-27 17:00:00,10.6,5.2,102.0,3.2,1.2,45.0,23.2,87,0.1,20.9
Belagavi,15.8521,74.5045,2026-08-27 18:00:00,9.8,5.0,109.0,4.1,1.3,42.0,22.1,92,0.0,14.9
Belagavi,15.8521,74.5045,2026-08-27 19:00:00,8.8,4.7,118.0,5.1,1.5,39.0,21.5,95,0.0,14.3
Belagavi,15.8521,74.5045,2026-08-27 20:00:00,5.9,3.6,123.0,5.8,1.6,37.0,21.0,97,0.0,14.7
Belagavi,15.8521,74.5045,2026-08-27 21:00:00,5.2,3.4,121.0,6.0,1.7,36.0,21.3,95,0.0,15.7
Belagavi,15.8521,74.5045,2026-08-27 22:00:00,5.1,3.4,116.0,5.8,1.8,35.0,21.4,95,0.0,15.6
Belagavi,15.8521,74.5045,2026-08-27 23:00:00,5.5,3.5,110.0,5.4,1.8,35.0,21.6,95,0.0,15.7
