city,latitude,longitude,time,pm10,pm2_5,carbon_monoxide,nitrogen_dioxide,sulphur_dioxide,ozone,temperature_2m,relative_humidity_2m,precipitation,wind_speed_10m
Hubballi,15.3478,75.1338,2025-08-28 00:00:00,2.5,2.0,130.0,4.6,1.0,39.0,21.7,96,0.1,16.4
Hubballi,15.3478,75.1338,2025-08-28 01:00:00,1.8,1.5,123.0,4.0,0.9,37.0,21.5,98,0.2,16.1
Hubballi,15.3478,75.1338,2025-08-28 02:00:00,1.6,1.4,118.0,3.5,0.8,36.0,21.5,96,0.1,16.8
Hubballi,15.3478,75.1338,2025-08-28 03:00:00,1.6,1.4,115.0,3.1,0.8,35.0,21.4,97,0.0,15.3
Hubballi,15.3478,75.1338,2025-08-28 04:00:00,1.6,1.4,113.0,2.9,0.8,35.0,21.4,96,0.0,15.3
Hubballi,15.3478,75.1338,2025-08-28 05:00:00,1.9,1.3,115.0,3.0,1.0,36.0,21.3,97,0.0,14.6
Hubballi,15.3478,75.1338,2025-08-28 06:00:00,1.7,1.4,123.0,5.0,1.2,33.0,22.4,95,0.0,12.3
Hubballi,15.3478,75.1338,2025-08-28 07:00:00,2.3,2.1,134.0,7.8,1.5,29.0,22.8,94,0.1,14.2
Hubballi,15.3478,75.1338,2025-08-28 08:00:00,3.5,3.3,140.0,9.1,1.6,28.0,24.0,86,0.0,17.5
Hubballi,15.3478,75.1338,2025-08-28 09:00:00,2.4,2.2,137.0,7.7,1.5,33.0,24.5,82,0.0,17.5
Hubballi,15.3478,75.1338,2025-08-28 10:00:00,2.1,1.8,130.0,4.9,1.3,41.0,25.0,78,0.0,18.0
Hubballi,15.3478,75.1338,2025-08-28 11:00:00,2.3,1.7,124.0,2.8,1.1,48.0,24.9,77,0.0,17.5
Hubballi,15.3478,75.1338,2025-08-28 12:00:00,4.0,2.5,123.0,2.3,1.1,51.0,26.3,73,0.1,17.4
Hubballi,15.3478,75.1338,2025-08-28 13:00:00,7.0,3.8,124.0,2.5,1.1,53.0,25.9,70,0.0,20.3
Hubballi,15.3478,75.1338,2025-08-28 14:00:00,6.9,4.1,125.0,3.1,1.1,53.0,25.3,77,0.7,21.0
Hubballi,15.3478,75.1338,2025-08-28 15:00:00,4.4,3.1,126.0,4.1,1.1,51.0,23.2,87,1.5,22.5
Hubballi,15.3478,75.1338,2025-08-28 16:00:00,3.2,2.2,128.0,5.4,1.0,48.0,23.0,88,0.1,21.8
Hubballi,15.3478,75.1338,2025-08-28 17:00:00,3.4,2.7,130.0,6.4,1.3,48.0,23.0,88,0.2,22.8
Hubballi,15.3478,75.1338,2025-08-28 18:00:00,3.5,2.7,133.0,6.9,1.3,45.0,22.9,91,0.1,20.4
Hubballi,15.3478,75.1338,2025-08-28 19:00:00,3.8,3.0,136.0,7.5,1.4,41.0,22.3,93,0.0,18.6
Hubballi,15.3478,75.1338,2025-08-28 20:00:00,4.0,3.2,138.0,7.8,1.4,38.0,22.0,94,0.0,15.7
Hubballi,15.3478,75.1338,2025-08-28 21:00:00,4.0,3.1,140.0,7.5,1.4,37.0,22.0,95,0.0,15.6
Hubballi,15.3478,75.1338,2025-08-28 22:00:00,4.5,3.1,141.0,6.8,1.3,37.0,21.9,94,0.0,14.4
Hubballi,15.3478,75.1338,2025-08-28 23:00:00,4.0,2.7,139.0,5.9,1.2,38.0,21.7,95,0.0,14.1
Hubballi,15.3478,75.1338,2025-08-29 00:00:00,2.6,1.8,132.0,4.8,1.0,40.0,21.6,95,0.0,16.0
Hubballi,15.3478,75.1338,2025-08-29 01:00:00,1.4,1.1,122.0,3.5,0.8,43.0,21.4,95,0.0,14.5
Hubballi,15.3478,75.1338,2025-08-29 02:00:00,1.3,0.9,116.0,2.6,0.7,45.0,21.2,97,0.0,17.6
Hubballi,15.3478,75.1338,2025-08-29 03:00:00,1.2,0.8,115.0,2.1,0.7,46.0,20.9,98,0.0,19.3
Hubballi,15.3478,75.1338,2025-08-29 04:00:00,0.9,0.6,117.0,2.0,0.7,46.0,20.9,96,0.0,16.1
Hubballi,15.3478,75.1338,2025-08-29 05:00:00,0.9,0.5,121.0,1.9,0.7,42.0,20.6,97,0.0,14.2
Hubballi,15.3478,75.1338,2025-08-29 06:00:00,0.8,0.7,129.0,3.0,0.8,40.0,21.3,98,0.4,14.7
Hubballi,15.3478,75.1338,2025-08-29 07:00:00,1.0,1.0,140.0,4.4,1.0,38.0,21.3,98,0.3,16.2
Hubballi,15.3478,75.1338,2025-08-29 08:00:00,1.2,1.2,146.0,5.1,1.1,38.0,22.4,92,0.1,19.3
Hubballi,15.3478,75.1338,2025-08-29 09:00:00,1.4,1.3,143.0,4.3,1.0,43.0,23.2,88,0.1,23.1
Hubballi,15.3478,75.1338,2025-08-29 10:00:00,2.2,1.8,135.0,2.7,0.9,51.0,23.9,84,1.1,25.0
Hubballi,15.3478,75.1338,2025-08-29 11:00:00,3.1,1.8,129.0,1.5,0.8,56.0,24.6,78,0.4,27.1
Hubballi,15.3478,75.1338,2025-08-29 12:00:00,4.8,2.1,126.0,1.1,0.8,57.0,23.5,87,1.2,23.5
Hubballi,15.3478,75.1338,2025-08-29 13:00:00,3.9,1.9,125.0,1.1,0.7,55.0,24.9,84,0.7,23.5
Hubballi,15.3478,75.1338,2025-08-29 14:00:00,2.9,1.6,124.0,1.3,0.7,53.0,26.3,73,0.2,26.6
Hubballi,15.3478,75.1338,2025-08-29 15:00:00,2.7,1.6,124.0,1.7,0.6,51.0,24.8,80,0.5,25.9
Hubballi,15.3478,75.1338,2025-08-29 16:00:00,3.2,1.8,124.0,2.3,0.6,49.0,24.6,80,0.1,26.3
Hubballi,15.3478,75.1338,2025-08-29 17:00:00,5.5,2.5,126.0,3.1,0.7,49.0,23.8,83,0.1,24.4
Hubballi,15.3478,75.1338,2025-08-29 18:00:00,3.8,2.2,132.0,4.1,0.8,46.0,23.0,87,0.1,20.1
Hubballi,15.3478,75.1338,2025-08-29 19:00:00,3.1,2.2,139.0,5.5,1.0,43.0,22.6,89,0.0,20.1
Hubballi,15.3478,75.1338,2025-08-29 20:00:00,3.2,2.4,144.0,6.3,1.1,40.0,22.2,92,0.0,17.8
Hubballi,15.3478,75.1338,2025-08-29 21:00:00,3.2,2.4,143.0,6.0,1.1,40.0,21.9,93,0.0,15.7
Hubballi,15.3478,75.1338,2025-08-29 22:00:00,2.9,2.4,139.0,5.1,1.0,41.0,21.5,96,0.0,13.2
Hubballi,15.3478,75.1338,2025-08-29 23:00:00,2.5,1.9,134.0,4.3,0.9,41.0,21.3,98,0.1,13.6
Hubballi,15.3478,75.1338,2025-08-30 00:00:00,2.3,1.7,129.0,3.8,0.8,41.0,21.3,99,0.0,19.0
Hubballi,15.3478,75.1338,2025-08-30 01:00:00,2.7,1.8,123.0,3.3,0.7,40.0,21.4,97,0.0,14.0
Hubballi,15.3478,75.1338,2025-08-30 02:00:00,2.2,1.5,118.0,3.0,0.6,39.0,21.3,98,0.1,13.5
Hubballi,15.3478,75.1338,2025-08-30 03:00:00,1.8,1.3,116.0,2.7,0.6,38.0,21.3,99,0.0,13.0
Hubballi,15.3478,75.1338,2025-08-30 04:00:00,1.4,1.1,114.0,2.4,0.7,37.0,21.3,98,0.1,14.6
Hubballi,15.3478,75.1338,2025-08-30 05:00:00,0.6,0.6,115.0,2.4,0.8,39.0,21.2,98,0.1,18.0
Hubballi,15.3478,75.1338,2025-08-30 06:00:00,0.7,0.7,119.0,2.6,0.8,39.0,21.7,96,0.1,20.5
Hubballi,15.3478,75.1338,2025-08-30 07:00:00,1.0,1.0,124.0,3.0,0.8,40.0,21.8,93,0.0,19.8
Hubballi,15.3478,75.1338,2025-08-30 08:00:00,1.1,1.0,126.0,3.0,0.8,41.0,22.5,91,0.0,22.5
Hubballi,15.3478,75.1338,2025-08-30 09:00:00,2.4,1.6,123.0,2.5,0.8,45.0,24.1,83,0.1,27.0
Hubballi,15.3478,75.1338,2025-08-30 10:00:00,4.5,2.3,117.0,1.8,0.7,49.0,25.4,78,0.1,27.4
Hubballi,15.3478,75.1338,2025-08-30 11:00:00,5.5,2.8,112.0,1.2,0.7,53.0,26.2,74,0.1,26.9
Hubballi,15.3478,75.1338,2025-08-30 12:00:00,6.9,3.2,110.0,1.0,0.7,54.0,26.4,72,0.2,25.4
Hubballi,15.3478,75.1338,2025-08-30 13:00:00,7.4,3.5,110.0,1.0,0.8,55.0,26.9,68,0.2,26.4
Hubballi,15.3478,75.1338,2025-08-30 14:00:00,8.4,4.3,112.0,1.1,0.8,54.0,26.8,72,0.4,27.9
Hubballi,15.3478,75.1338,2025-08-30 15:00:00,7.9,4.3,116.0,1.4,0.8,53.0,26.3,69,0.3,27.9
Hubballi,15.3478,75.1338,2025-08-30 16:00:00,8.5,4.5,121.0,1.9,0.7,51.0,25.3,75,0.1,22.3
Hubballi,15.3478,75.1338,2025-08-30 17:00:00,17.5,8.8,128.0,2.8,0.9,51.0,24.3,80,0.1,20.7
Hubballi,15.3478,75.1338,2025-08-30 18:00:00,16.6,9.3,138.0,3.8,1.0,47.0,23.6,85,0.0,19.9
Hubballi,15.3478,75.1338,2025-08-30 19:00:00,14.4,8.8,150.0,5.2,1.2,42.0,22.7,90,0.0,18.0
Hubballi,15.3478,75.1338,2025-08-30 20:00:00,12.0,7.8,156.0,6.0,1.3,38.0,22.4,91,0.0,16.0
Hubballi,15.3478,75.1338,2025-08-30 21:00:00,10.2,6.4,151.0,5.9,1.2,37.0,22.4,92,0.1,13.6
Hubballi,15.3478,75.1338,2025-08-30 22:00:00,7.4,4.9,140.0,5.2,1.1,38.0,22.1,94,0.2,13.5
Hubballi,15.3478,75.1338,2025-08-30 23:00:00,5.4,3.7,130.0,4.5,0.9,38.0,21.8,96,0.2,13.5
Hubballi,15.3478,75.1338,2025-08-31 00:00:00,4.2,2.7,122.0,3.9,0.8,38.0,21.7,97,0.3,15.8
Hubballi,15.3478,75.1338,2025-08-31 01:00:00,3.8,2.5,116.0,3.4,0.7,37.0,21.6,96,0.0,15.6
Hubballi,15.3478,75.1338,2025-08-31 02:00:00,3.3,2.3,110.0,2.9,0.6,37.0,21.4,97,0.0,14.3
Hubballi,15.3478,75.1338,2025-08-31 03:00:00,3.1,2.0,105.0,2.5,0.5,37.0,21.1,98,0.0,15.3
Hubballi,15.3478,75.1338,2025-08-31 04:00:00,2.4,1.6,102.0,2.2,0.5,38.0,21.1,98,0.0,14.8
Hubballi,15.3478,75.1338,2025-08-31 05:00:00,1.6,1.2,101.0,2.4,0.8,37.0,21.2,97,0.0,15.5
Hubballi,15.3478,75.1338,2025-08-31 06:00:00,2.7,1.5,105.0,2.7,0.8,38.0,21.9,96,0.0,16.7
Hubballi,15.3478,75.1338,2025-08-31 07:00:00,3.9,2.0,113.0,3.2,0.7,39.0,22.4,93,0.0,18.3
Hubballi,15.3478,75.1338,2025-08-31 08:00:00,4.5,2.3,118.0,3.3,0.7,41.0,23.2,89,0.1,20.6
Hubballi,15.3478,75.1338,2025-08-31 09:00:00,4.9,2.6,119.0,2.8,0.7,44.0,24.4,82,0.4,21.6
Hubballi,15.3478,75.1338,2025-08-31 10:00:00,4.4,2.2,118.0,2.0,0.7,49.0,25.3,81,0.3,21.2
Hubballi,15.3478,75.1338,2025-08-31 11:00:00,3.9,2.0,117.0,1.4,0.7,52.0,26.0,72,0.2,23.4
Hubballi,15.3478,75.1338,2025-08-31 12:00:00,4.6,2.4,117.0,1.1,0.7,54.0,26.5,77,0.3,23.2
Hubballi,15.3478,75.1338,2025-08-31 13:00:00,6.1,2.8,116.0,0.9,0.7,56.0,25.8,74,0.8,25.8
Hubballi,15.3478,75.1338,2025-08-31 14:00:00,6.9,3.3,117.0,1.2,0.7,56.0,26.1,74,1.2,25.6
Hubballi,15.3478,75.1338,2025-08-31 15:00:00,7.7,3.7,119.0,2.1,0.8,54.0,25.0,79,0.3,24.0
Hubballi,15.3478,75.1338,2025-08-31 16:00:00,6.2,3.8,122.0,3.4,1.0,51.0,24.9,78,0.2,26.2
Hubballi,15.3478,75.1338,2025-08-31 17:00:00,15.0,7.8,126.0,3.5,1.0,48.0,24.1,82,0.1,23.1
Hubballi,15.3478,75.1338,2025-08-31 18:00:00,15.7,8.6,131.0,4.3,1.2,45.0,23.6,87,0.0,19.3
Hubballi,15.3478,75.1338,2025-08-31 19:00:00,15.4,8.8,136.0,5.3,1.4,41.0,22.7,91,0.0,18.8
Hubballi,15.3478,75.1338,2025-08-31 20:00:00,14.0,8.3,139.0,6.0,1.6,38.0,22.6,90,0.0,18.4
Hubballi,15.3478,75.1338,2025-08-31 21:00:00,10.6,6.6,140.0,6.1,1.6,36.0,22.3,91,0.0,18.9
Hubballi,15.3478,75.1338,2025-08-31 22:00:00,8.3,5.4,138.0,6.0,1.4,35.0,22.4,91,0.0,18.4
Hubballi,15.3478,75.1338,2025-08-31 23:00:00,6.6,4.6,135.0,5.5,1.3,35.0,22.2,92,0.0,17.0
Hubballi,15.3478,75.1338,2025-09-01 00:00:00,4.6,3.1,129.0,4.6,1.1,36.0,22.1,92,0.0,17.9
Hubballi,15.3478,75.1338,2025-09-01 01:00:00,3.8,2.5,121.0,3.5,0.9,38.0,22.0,92,0.0,17.7
Hubballi,15.3478,75.1338,2025-09-01 02:00:00,4.7,2.8,115.0,2.6,0.8,39.0,21.8,93,0.0,15.5
Hubballi,15.3478,75.1338,2025-09-01 03:00:00,5.4,3.1,113.0,2.2,0.7,39.0,21.7,94,0.1,14.3
Hubballi,15.3478,75.1338,2025-09-01 04:00:00,4.5,2.6,112.0,2.0,0.7,39.0,21.6,96,0.0,14.2
Hubballi,15.3478,75.1338,2025-09-01 05:00:00,2.3,1.2,113.0,1.7,0.6,41.0,21.4,95,0.0,16.8
Hubballi,15.3478,75.1338,2025-09-01 06:00:00,2.0,1.2,114.0,2.2,0.7,40.0,22.2,92,0.1,20.0
Hubballi,15.3478,75.1338,2025-09-01 07:00:00,3.3,1.9,117.0,2.8,0.9,39.0,22.3,92,0.0,17.8
Hubballi,15.3478,75.1338,2025-09-01 08:00:00,6.3,3.3,118.0,3.1,1.0,40.0,23.5,84,0.0,23.6
Hubballi,15.3478,75.1338,2025-09-01 09:00:00,9.9,4.6,118.0,2.6,1.0,44.0,24.6,78,0.0,24.6
Hubballi,15.3478,75.1338,2025-09-01 10:00:00,11.0,5.0,116.0,1.8,1.0,50.0,26.1,70,0.1,25.8
Hubballi,15.3478,75.1338,2025-09-01 11:00:00,11.0,4.8,115.0,1.2,0.9,55.0,26.6,68,0.2,26.2
Hubballi,15.3478,75.1338,2025-09-01 12:00:00,9.9,4.3,113.0,1.0,0.8,57.0,26.9,65,0.1,26.7
Hubballi,15.3478,75.1338,2025-09-01 13:00:00,9.4,4.2,111.0,1.0,0.7,57.0,26.1,72,1.2,27.4
Hubballi,15.3478,75.1338,2025-09-01 14:00:00,10.9,4.6,110.0,1.2,0.7,57.0,26.1,68,0.6,27.1
Hubballi,15.3478,75.1338,2025-09-01 15:00:00,10.1,4.4,111.0,1.6,0.7,56.0,25.4,73,0.2,28.1
Hubballi,15.3478,75.1338,2025-09-01 16:00:00,9.7,4.5,113.0,2.2,0.7,54.0,25.1,74,0.1,29.3
Hubballi,15.3478,75.1338,2025-09-01 17:00:00,10.0,5.3,117.0,2.9,1.0,52.0,23.8,82,0.3,26.3
Hubballi,15.3478,75.1338,2025-09-01 18:00:00,8.8,5.2,124.0,3.8,1.1,48.0,22.9,87,0.0,20.5
Hubballi,15.3478,75.1338,2025-09-01 19:00:00,7.6,4.9,133.0,4.9,1.2,43.0,22.3,90,0.0,20.1
Hubballi,15.3478,75.1338,2025-09-01 20:00:00,6.0,4.0,139.0,5.6,1.3,40.0,22.1,90,0.0,17.7
Hubballi,15.3478,75.1338,2025-09-01 21:00:00,4.5,3.2,140.0,5.4,1.2,39.0,22.1,92,0.0,18.2
Hubballi,15.3478,75.1338,2025-09-01 22:00:00,3.7,2.6,137.0,4.8,1.1,40.0,22.1,91,0.0,18.3
Hubballi,15.3478,75.1338,2025-09-01 23:00:00,3.7,2.6,133.0,4.1,0.9,41.0,21.6,93,0.0,19.1
Hubballi,15.3478,75.1338,2025-09-02 00:00:00,3.8,2.3,127.0,3.6,0.8,41.0,21.5,93,0.0,18.5
Hubballi,15.3478,75.1338,2025-09-02 01:00:00,3.4,2.2,120.0,3.0,0.7,41.0,21.5,94,0.0,16.1
Hubballi,15.3478,75.1338,2025-09-02 02:00:00,2.6,1.7,114.0,2.6,0.6,41.0,21.6,93,0.0,17.6
Hubballi,15.3478,75.1338,2025-09-02 03:00:00,2.1,1.4,109.0,2.4,0.6,41.0,21.4,94,0.0,16.7
Hubballi,15.3478,75.1338,2025-09-02 04:00:00,2.2,1.6,105.0,2.3,0.6,40.0,21.6,93,0.0,17.6
Hubballi,15.3478,75.1338,2025-09-02 05:00:00,1.7,1.1,104.0,1.9,0.6,42.0,21.6,93,0.0,15.5
Hubballi,15.3478,75.1338,2025-09-02 06:00:00,1.7,1.1,107.0,2.4,0.7,42.0,21.8,93,0.0,19.6
Hubballi,15.3478,75.1338,2025-09-02 07:00:00,2.2,1.4,113.0,3.0,0.8,42.0,22.3,91,0.0,20.4
Hubballi,15.3478,75.1338,2025-09-02 08:00:00,2.7,1.9,118.0,3.3,0.9,43.0,23.0,89,0.1,20.1
Hubballi,15.3478,75.1338,2025-09-02 09:00:00,3.0,1.9,121.0,2.9,0.8,45.0,23.6,86,0.1,25.1
Hubballi,15.3478,75.1338,2025-09-02 10:00:00,2.6,1.6,123.0,2.0,0.6,48.0,24.7,80,0.1,25.9
Hubballi,15.3478,75.1338,2025-09-02 11:00:00,2.8,1.5,124.0,1.5,0.5,51.0,25.4,77,0.2,25.8
Hubballi,15.3478,75.1338,2025-09-02 12:00:00,2.9,1.8,123.0,1.4,0.6,53.0,25.0,78,0.1,27.6
Hubballi,15.3478,75.1338,2025-09-02 13:00:00,3.1,2.1,121.0,1.5,0.8,54.0,25.2,80,10.4,26.0
Hubballi,15.3478,75.1338,2025-09-02 14:00:00,3.3,2.2,121.0,2.0,0.9,54.0,24.0,83,11.5,26.5
Hubballi,15.3478,75.1338,2025-09-02 15:00:00,3.4,2.0,124.0,3.0,0.9,51.0,23.5,86,0.9,22.8
Hubballi,15.3478,75.1338,2025-09-02 16:00:00,4.9,3.0,129.0,4.4,0.9,47.0,23.1,87,0.5,20.6
Hubballi,15.3478,75.1338,2025-09-02 17:00:00,8.5,4.9,135.0,4.5,1.0,49.0,22.9,90,0.1,17.8
Hubballi,15.3478,75.1338,2025-09-02 18:00:00,6.8,4.3,144.0,5.1,1.1,46.0,22.7,92,0.0,20.7
Hubballi,15.3478,75.1338,2025-09-02 19:00:00,5.4,3.7,155.0,5.8,1.2,43.0,22.5,93,0.0,18.5
Hubballi,15.3478,75.1338,2025-09-02 20:00:00,5.1,3.7,162.0,6.2,1.3,40.0,22.3,93,0.0,19.7
Hubballi,15.3478,75.1338,2025-09-02 21:00:00,5.7,3.9,163.0,6.0,1.3,40.0,22.3,91,0.0,20.3
Hubballi,15.3478,75.1338,2025-09-02 22:00:00,5.9,3.8,159.0,5.4,1.2,40.0,22.1,93,0.0,18.5
Hubballi,15.3478,75.1338,2025-09-02 23:00:00,5.2,3.4,153.0,4.7,1.1,41.0,22.0,93,0.0,19.2
Hubballi,15.3478,75.1338,2025-09-03 00:00:00,4.7,2.9,142.0,3.9,0.9,42.0,22.0,94,0.0,17.2
Hubballi,15.3478,75.1338,2025-09-03 01:00:00,4.4,2.7,128.0,3.1,0.7,42.0,21.7,96,0.0,14.5
Hubballi,15.3478,75.1338,2025-09-03 02:00:00,4.9,2.8,118.0,2.4,0.6,43.0,21.7,93,0.1,16.2
Hubballi,15.3478,75.1338,2025-09-03 03:00:00,5.0,2.6,113.0,2.1,0.6,43.0,21.6,94,0.0,16.2
Hubballi,15.3478,75.1338,2025-09-03 04:00:00,3.8,2.2,111.0,2.0,0.7,43.0,21.5,95,0.1,17.0
Hubballi,15.3478,75.1338,2025-09-03 05:00:00,2.6,1.6,112.0,1.8,0.7,45.0,21.4,96,0.2,13.6
Hubballi,15.3478,75.1338,2025-09-03 06:00:00,2.5,1.6,117.0,2.4,0.8,44.0,22.0,93,0.0,17.3
Hubballi,15.3478,75.1338,2025-09-03 07:00:00,2.5,1.7,125.0,3.1,0.9,42.0,22.5,90,0.0,20.0
Hubballi,15.3478,75.1338,2025-09-03 08:00:00,3.8,2.3,130.0,3.4,0.9,42.0,23.5,83,0.0,22.5
Hubballi,15.3478,75.1338,2025-09-03 09:00:00,6.2,3.3,127.0,2.9,0.9,45.0,24.5,78,0.2,22.5
Hubballi,15.3478,75.1338,2025-09-03 10:00:00,9.5,4.6,121.0,2.0,0.8,49.0,25.4,75,0.2,21.1
Hubballi,15.3478,75.1338,2025-09-03 11:00:00,9.2,4.1,117.0,1.3,0.7,53.0,26.4,72,0.1,21.6
Hubballi,15.3478,75.1338,2025-09-03 12:00:00,7.6,3.4,119.0,1.1,0.6,55.0,26.1,68,0.5,24.5
Hubballi,15.3478,75.1338,2025-09-03 13:00:00,6.5,3.0,124.0,1.1,0.6,56.0,27.1,68,0.1,22.7
Hubballi,15.3478,75.1338,2025-09-03 14:00:00,5.1,2.8,128.0,1.3,0.6,56.0,26.9,68,0.1,23.9
Hubballi,15.3478,75.1338,2025-09-03 15:00:00,4.4,2.7,128.0,1.7,0.6,56.0,26.1,70,0.3,25.1
Hubballi,15.3478,75.1338,2025-09-03 16:00:00,4.7,3.0,127.0,2.2,0.7,54.0,25.8,71,0.0,23.9
Hubballi,15.3478,75.1338,2025-09-03 17:00:00,11.9,6.3,128.0,3.0,1.0,54.0,24.9,75,0.0,24.2
Hubballi,15.3478,75.1338,2025-09-03 18:00:00,10.3,6.0,136.0,4.2,1.2,49.0,23.9,82,0.0,19.5
Hubballi,15.3478,75.1338,2025-09-03 19:00:00,10.4,6.5,147.0,5.8,1.5,43.0,22.7,88,0.0,17.3
Hubballi,15.3478,75.1338,2025-09-03 20:00:00,10.9,6.8,153.0,6.8,1.6,38.0,22.0,91,0.0,14.5
Hubballi,15.3478,75.1338,2025-09-03 21:00:00,9.5,6.2,151.0,6.6,1.5,37.0,21.6,93,0.0,13.3
Hubballi,15.3478,75.1338,2025-09-03 22:00:00,8.1,5.2,145.0,5.7,1.3,38.0,21.7,93,0.0,14.8
Hubballi,15.3478,75.1338,2025-09-03 23:00:00,6.9,4.4,139.0,4.8,1.1,39.0,21.9,93,0.0,14.9
Hubballi,15.3478,75.1338,2025-09-04 00:00:00,5.5,3.4,133.0,4.2,1.0,39.0,21.6,95,0.0,12.1
Hubballi,15.3478,75.1338,2025-09-04 01:00:00,4.5,2.8,126.0,3.5,1.0,39.0,21.7,95,0.1,13.1
Hubballi,15.3478,75.1338,2025-09-04 02:00:00,3.6,2.3,121.0,3.0,0.9,40.0,21.5,96,0.1,11.9
Hubballi,15.3478,75.1338,2025-09-04 03:00:00,3.2,1.9,117.0,2.4,0.8,41.0,21.1,98,0.1,12.4
Hubballi,15.3478,75.1338,2025-09-04 04:00:00,2.6,1.6,115.0,1.9,0.7,43.0,21.4,96,0.0,14.4
Hubballi,15.3478,75.1338,2025-09-04 05:00:00,1.2,1.1,114.0,2.0,0.8,43.0,21.1,96,0.0,15.6
Hubballi,15.3478,75.1338,2025-09-04 06:00:00,1.8,1.3,117.0,2.5,0.8,43.0,21.6,95,0.1,17.2
Hubballi,15.3478,75.1338,2025-09-04 07:00:00,2.5,1.8,122.0,3.1,0.9,44.0,22.0,92,0.0,17.8
Hubballi,15.3478,75.1338,2025-09-04 08:00:00,2.1,1.5,125.0,3.4,0.9,45.0,23.3,83,0.0,22.1
Hubballi,15.3478,75.1338,2025-09-04 09:00:00,2.0,1.4,122.0,2.9,0.8,47.0,24.5,77,0.1,24.0
Hubballi,15.3478,75.1338,2025-09-04 10:00:00,2.8,1.7,116.0,2.1,0.7,50.0,25.4,74,0.2,23.4
Hubballi,15.3478,75.1338,2025-09-04 11:00:00,5.5,2.4,112.0,1.4,0.6,53.0,26.4,69,0.2,25.0
Hubballi,15.3478,75.1338,2025-09-04 12:00:00,4.6,2.3,111.0,1.1,0.6,55.0,26.4,71,0.1,24.8
Hubballi,15.3478,75.1338,2025-09-04 13:00:00,4.6,2.5,112.0,1.1,0.6,56.0,26.9,68,0.1,25.2
Hubballi,15.3478,75.1338,2025-09-04 14:00:00,4.9,2.7,114.0,1.2,0.6,57.0,26.1,70,0.3,26.8
Hubballi,15.3478,75.1338,2025-09-04 15:00:00,5.0,2.8,116.0,1.5,0.6,56.0,24.6,78,0.4,25.4
Hubballi,15.3478,75.1338,2025-09-04 16:00:00,4.9,2.9,119.0,2.1,0.6,55.0,25.1,74,0.1,25.1
Hubballi,15.3478,75.1338,2025-09-04 17:00:00,10.1,5.4,123.0,3.0,0.8,53.0,23.9,81,0.0,22.4
Hubballi,15.3478,75.1338,2025-09-04 18:00:00,10.6,6.0,130.0,4.1,1.0,49.0,23.3,86,0.1,20.3
Hubballi,15.3478,75.1338,2025-09-04 19:00:00,10.3,6.4,138.0,5.5,1.3,44.0,22.4,91,0.0,18.6
Hubballi,15.3478,75.1338,2025-09-04 20:00:00,9.8,6.3,142.0,6.3,1.4,40.0,22.1,91,0.0,16.0
Hubballi,15.3478,75.1338,2025-09-04 21:00:00,9.3,6.0,140.0,6.0,1.3,39.0,21.8,93,0.0,14.7
Hubballi,15.3478,75.1338,2025-09-04 22:00:00,9.4,6.0,135.0,5.1,1.2,40.0,21.7,93,0.0,13.9
Hubballi,15.3478,75.1338,2025-09-04 23:00:00,9.2,5.4,129.0,4.3,1.0,41.0,21.8,92,0.0,12.8
Hubballi,15.3478,75.1338,2025-09-05 00:00:00,8.0,4.7,121.0,3.7,0.9,41.0,21.8,92,0.0,13.8
Hubballi,15.3478,75.1338,2025-09-05 01:00:00,7.7,4.4,111.0,3.2,0.8,41.0,21.7,93,0.0,13.2
Hubballi,15.3478,75.1338,2025-09-05 02:00:00,7.0,4.0,105.0,2.8,0.7,41.0,21.6,94,0.0,13.2
Hubballi,15.3478,75.1338,2025-09-05 03:00:00,6.3,3.8,104.0,2.5,0.7,41.0,21.3,96,0.1,12.6
Hubballi,15.3478,75.1338,2025-09-05 04:00:00,6.3,3.5,105.0,2.4,0.8,40.0,21.3,96,0.1,14.0
Hubballi,15.3478,75.1338,2025-09-05 05:00:00,6.3,3.4,107.0,2.3,0.8,41.0,21.0,97,0.0,14.2
Hubballi,15.3478,75.1338,2025-09-05 06:00:00,7.6,3.9,109.0,2.7,0.9,41.0,21.6,96,0.1,16.2
Hubballi,15.3478,75.1338,2025-09-05 07:00:00,7.9,4.4,112.0,3.2,1.0,42.0,22.0,92,0.0,18.7
Hubballi,15.3478,75.1338,2025-09-05 08:00:00,14.7,6.9,113.0,3.3,1.1,44.0,23.4,84,0.0,20.4
Hubballi,15.3478,75.1338,2025-09-05 09:00:00,11.7,5.6,111.0,2.7,1.1,49.0,24.9,76,0.1,21.3
Hubballi,15.3478,75.1338,2025-09-05 10:00:00,13.3,6.1,108.0,1.8,1.0,55.0,26.1,70,0.0,20.4
Hubballi,15.3478,75.1338,2025-09-05 11:00:00,13.8,6.3,105.0,1.1,0.9,59.0,27.1,66,0.1,21.9
Hubballi,15.3478,75.1338,2025-09-05 12:00:00,14.2,6.3,103.0,0.9,0.9,61.0,27.7,63,0.1,22.2
Hubballi,15.3478,75.1338,2025-09-05 13:00:00,13.6,6.1,102.0,0.9,0.8,61.0,28.0,62,0.1,23.5
Hubballi,15.3478,75.1338,2025-09-05 14:00:00,12.7,6.0,103.0,1.1,0.8,60.0,27.9,62,0.0,24.9
Hubballi,15.3478,75.1338,2025-09-05 15:00:00,11.9,5.9,106.0,1.4,0.8,58.0,27.2,65,0.0,25.2
Hubballi,15.3478,75.1338,2025-09-05 16:00:00,10.3,5.4,110.0,2.0,0.8,55.0,26.4,68,0.1,24.4
Hubballi,15.3478,75.1338,2025-09-05 17:00:00,15.1,8.0,116.0,3.0,1.0,53.0,24.4,79,0.1,22.7
Hubballi,15.3478,75.1338,2025-09-05 18:00:00,12.7,7.5,126.0,4.3,1.2,48.0,24.0,81,0.0,17.5
Hubballi,15.3478,75.1338,2025-09-05 19:00:00,11.7,7.4,139.0,5.9,1.4,41.0,23.0,86,0.0,15.7
Hubballi,15.3478,75.1338,2025-09-05 20:00:00,10.8,7.1,147.0,7.0,1.5,36.0,22.4,90,0.0,14.3
Hubballi,15.3478,75.1338,2025-09-05 21:00:00,9.9,6.6,149.0,6.9,1.4,35.0,21.6,95,0.0,12.8
Hubballi,15.3478,75.1338,2025-09-05 22:00:00,8.8,6.1,147.0,6.1,1.2,35.0,21.6,96,0.0,11.7
Hubballi,15.3478,75.1338,2025-09-05 23:00:00,7.5,5.0,142.0,5.2,1.0,36.0,21.6,96,0.0,13.5
Hubballi,15.3478,75.1338,2025-09-06 00:00:00,6.3,3.9,131.0,4.4,0.9,37.0,21.6,95,0.0,12.2
Hubballi,15.3478,75.1338,2025-09-06 01:00:00,5.0,3.1,116.0,3.5,0.8,38.0,21.3,96,0.1,11.5
Hubballi,15.3478,75.1338,2025-09-06 02:00:00,4.2,2.6,105.0,2.8,0.7,39.0,21.3,96,0.1,12.1
Hubballi,15.3478,75.1338,2025-09-06 03:00:00,3.4,2.2,103.0,2.4,0.7,39.0,21.1,98,0.0,11.6
Hubballi,15.3478,75.1338,2025-09-06 04:00:00,3.0,2.0,105.0,2.2,0.7,39.0,21.0,98,0.0,14.8
Hubballi,15.3478,75.1338,2025-09-06 05:00:00,1.3,1.1,108.0,2.3,0.9,39.0,20.9,98,0.0,12.5
Hubballi,15.3478,75.1338,2025-09-06 06:00:00,2.0,1.4,112.0,2.5,0.9,40.0,21.5,96,0.0,11.3
Hubballi,15.3478,75.1338,2025-09-06 07:00:00,5.4,2.6,118.0,2.8,1.0,41.0,22.2,92,0.0,12.6
Hubballi,15.3478,75.1338,2025-09-06 08:00:00,11.9,5.1,121.0,2.8,1.0,43.0,23.7,83,0.0,15.8
Hubballi,15.3478,75.1338,2025-09-06 09:00:00,14.1,6.0,119.0,2.4,1.0,47.0,25.1,75,0.1,16.5
Hubballi,15.3478,75.1338,2025-09-06 10:00:00,16.7,7.1,114.0,1.7,0.9,53.0,26.2,70,0.0,17.0
Hubballi,15.3478,75.1338,2025-09-06 11:00:00,14.6,6.5,110.0,1.2,0.9,57.0,27.3,64,0.1,17.7
Hubballi,15.3478,75.1338,2025-09-06 12:00:00,13.6,6.3,110.0,1.0,0.9,59.0,27.7,63,0.0,18.0
Hubballi,15.3478,75.1338,2025-09-06 13:00:00,13.4,6.3,110.0,1.0,0.8,60.0,28.3,61,0.0,17.7
Hubballi,15.3478,75.1338,2025-09-06 14:00:00,13.4,6.5,112.0,1.1,0.8,60.0,28.6,59,0.0,19.7
Hubballi,15.3478,75.1338,2025-09-06 15:00:00,13.0,6.5,113.0,1.4,0.8,59.0,28.0,60,0.0,21.7
Hubballi,15.3478,75.1338,2025-09-06 16:00:00,13.8,7.1,114.0,1.8,0.8,56.0,27.1,64,0.0,22.4
Hubballi,15.3478,75.1338,2025-09-06 17:00:00,18.9,9.5,119.0,2.6,1.0,54.0,25.9,70,0.0,20.0
Hubballi,15.3478,75.1338,2025-09-06 18:00:00,15.1,8.9,131.0,4.0,1.2,49.0,24.8,76,0.0,15.9
Hubballi,15.3478,75.1338,2025-09-06 19:00:00,14.3,8.9,147.0,5.9,1.6,42.0,23.7,81,0.0,14.3
Hubballi,15.3478,75.1338,2025-09-06 20:00:00,14.0,8.9,159.0,7.4,1.8,37.0,22.7,86,0.0,14.4
Hubballi,15.3478,75.1338,2025-09-06 21:00:00,13.9,8.9,164.0,8.1,1.9,34.0,21.7,92,0.0,12.9
Hubballi,15.3478,75.1338,2025-09-06 22:00:00,13.9,9.1,164.0,8.3,1.9,31.0,21.0,96,0.0,12.0
Hubballi,15.3478,75.1338,2025-09-06 23:00:00,13.8,9.1,159.0,7.9,1.8,31.0,20.8,97,0.0,10.8
Hubballi,15.3478,75.1338,2025-09-07 00:00:00,14.3,8.5,146.0,6.4,1.4,33.0,21.0,96,0.0,11.3
Hubballi,15.3478,75.1338,2025-09-07 01:00:00,12.2,7.3,127.0,4.2,0.9,37.0,21.0,96,0.0,11.2
Hubballi,15.3478,75.1338,2025-09-07 02:00:00,10.9,6.2,114.0,2.6,0.6,40.0,21.1,94,0.0,12.5
Hubballi,15.3478,75.1338,2025-09-07 03:00:00,10.0,5.5,111.0,2.2,0.6,40.0,21.2,93,0.0,11.9
Hubballi,15.3478,75.1338,2025-09-07 04:00:00,8.9,4.9,113.0,2.3,0.7,39.0,20.7,97,0.0,10.1
Hubballi,15.3478,75.1338,2025-09-07 05:00:00,5.2,3.3,115.0,2.7,0.7,37.0,20.6,98,0.0,11.0
Hubballi,15.3478,75.1338,2025-09-07 06:00:00,5.1,2.9,117.0,2.9,0.8,38.0,21.6,94,0.0,12.6
Hubballi,15.3478,75.1338,2025-09-07 07:00:00,5.4,3.1,120.0,3.1,0.9,39.0,22.2,90,0.1,14.2
Hubballi,15.3478,75.1338,2025-09-07 08:00:00,5.8,3.2,121.0,3.1,1.0,42.0,23.6,81,0.0,15.5
Hubballi,15.3478,75.1338,2025-09-07 09:00:00,7.3,3.8,120.0,2.6,1.0,46.0,24.7,76,0.1,16.1
Hubballi,15.3478,75.1338,2025-09-07 10:00:00,7.7,4.0,117.0,1.8,1.0,52.0,25.8,72,0.3,17.4
Hubballi,15.3478,75.1338,2025-09-07 11:00:00,6.7,3.6,115.0,1.2,0.9,56.0,26.2,70,0.2,18.0
Hubballi,15.3478,75.1338,2025-09-07 12:00:00,8.1,4.1,113.0,1.0,0.8,58.0,27.5,64,0.1,19.7
Hubballi,15.3478,75.1338,2025-09-07 13:00:00,9.4,4.7,112.0,0.9,0.7,58.0,27.1,66,0.2,21.7
Hubballi,15.3478,75.1338,2025-09-07 14:00:00,10.3,5.2,113.0,1.1,0.7,58.0,27.1,66,0.1,22.0
Hubballi,15.3478,75.1338,2025-09-07 15:00:00,10.6,5.3,116.0,1.4,0.7,57.0,26.0,69,0.2,23.5
Hubballi,15.3478,75.1338,2025-09-07 16:00:00,10.8,5.6,120.0,1.9,0.8,55.0,25.7,70,0.0,21.1
Hubballi,15.3478,75.1338,2025-09-07 17:00:00,15.5,7.5,127.0,2.5,0.9,53.0,25.1,73,0.0,20.2
Hubballi,15.3478,75.1338,2025-09-07 18:00:00,14.4,7.9,139.0,4.4,1.2,48.0,23.8,78,0.0,16.6
Hubballi,15.3478,75.1338,2025-09-07 19:00:00,15.0,8.6,153.0,7.0,1.5,41.0,22.9,83,0.0,14.2
Hubballi,15.3478,75.1338,2025-09-07 20:00:00,15.4,9.1,162.0,8.8,1.8,35.0,22.2,86,0.0,12.9
Hubballi,15.3478,75.1338,2025-09-07 21:00:00,15.6,9.2,161.0,9.3,1.9,32.0,21.4,92,0.0,12.0
Hubballi,15.3478,75.1338,2025-09-07 22:00:00,15.7,9.3,154.0,9.0,1.9,30.0,21.0,95,0.0,11.4
Hubballi,15.3478,75.1338,2025-09-07 23:00:00,15.5,9.3,146.0,8.2,1.8,30.0,20.7,97,0.0,11.7
Hubballi,15.3478,75.1338,2025-09-08 00:00:00,15.3,9.0,135.0,6.7,1.4,32.0,20.9,95,0.0,13.1
Hubballi,15.3478,75.1338,2025-09-08 01:00:00,14.7,8.5,122.0,4.8,0.8,36.0,21.1,92,0.0,12.3
Hubballi,15.3478,75.1338,2025-09-08 02:00:00,13.1,7.2,113.0,3.2,0.4,39.0,20.9,93,0.0,12.5
Hubballi,15.3478,75.1338,2025-09-08 03:00:00,10.4,5.6,112.0,2.3,0.3,41.0,20.9,94,0.0,12.9
Hubballi,15.3478,75.1338,2025-09-08 04:00:00,7.8,4.2,116.0,1.8,0.3,42.0,20.7,96,0.0,10.2
Hubballi,15.3478,75.1338,2025-09-08 05:00:00,4.2,2.6,119.0,1.5,0.4,44.0,20.8,96,0.0,10.0
Hubballi,15.3478,75.1338,2025-09-08 06:00:00,4.0,2.4,121.0,2.0,0.5,43.0,21.1,97,0.0,12.5
Hubballi,15.3478,75.1338,2025-09-08 07:00:00,4.8,2.7,122.0,2.6,0.7,43.0,21.8,91,0.1,14.0
Hubballi,15.3478,75.1338,2025-09-08 08:00:00,7.0,3.8,122.0,2.9,0.8,44.0,23.0,84,0.1,15.3
Hubballi,15.3478,75.1338,2025-09-08 09:00:00,7.9,4.1,119.0,2.5,0.8,48.0,24.6,76,0.1,15.4
Hubballi,15.3478,75.1338,2025-09-08 10:00:00,9.4,4.8,115.0,1.7,0.7,54.0,25.5,73,0.1,16.1
Hubballi,15.3478,75.1338,2025-09-08 11:00:00,11.1,5.5,112.0,1.1,0.7,59.0,26.6,68,0.1,16.0
Hubballi,15.3478,75.1338,2025-09-08 12:00:00,10.5,5.4,112.0,1.0,0.7,61.0,27.4,64,0.1,16.5
Hubballi,15.3478,75.1338,2025-09-08 13:00:00,10.4,5.3,114.0,1.0,0.7,62.0,27.4,63,0.1,17.5
Hubballi,15.3478,75.1338,2025-09-08 14:00:00,10.2,5.4,116.0,1.3,0.7,61.0,27.1,65,0.3,18.8
Hubballi,15.3478,75.1338,2025-09-08 15:00:00,10.7,5.7,117.0,1.7,0.7,59.0,26.3,69,0.2,20.2
Hubballi,15.3478,75.1338,2025-09-08 16:00:00,10.3,5.7,119.0,2.2,0.7,56.0,26.1,74,0.1,17.8
Hubballi,15.3478,75.1338,2025-09-08 17:00:00,11.6,6.7,125.0,3.3,0.9,53.0,25.1,74,0.0,19.8
Hubballi,15.3478,75.1338,2025-09-08 18:00:00,10.0,6.5,141.0,5.0,1.1,48.0,24.2,80,0.0,13.5
Hubballi,15.3478,75.1338,2025-09-08 19:00:00,9.5,6.6,161.0,7.4,1.4,40.0,23.2,85,0.0,13.0
Hubballi,15.3478,75.1338,2025-09-08 20:00:00,9.6,6.8,175.0,9.4,1.7,34.0,22.4,89,0.0,11.4
Hubballi,15.3478,75.1338,2025-09-08 21:00:00,10.2,7.3,179.0,10.8,1.9,30.0,21.7,93,0.0,8.7
Hubballi,15.3478,75.1338,2025-09-08 22:00:00,11.3,8.2,176.0,11.9,2.1,26.0,21.2,95,0.0,8.1
Hubballi,15.3478,75.1338,2025-09-08 23:00:00,11.9,8.6,170.0,12.2,2.1,24.0,20.8,97,0.0,7.9
Hubballi,15.3478,75.1338,2025-09-09 00:00:00,12.2,8.7,158.0,11.3,1.7,24.0,20.5,98,0.0,7.1
Hubballi,15.3478,75.1338,2025-09-09 01:00:00,13.5,10.3,142.0,9.7,1.0,25.0,20.4,98,0.0,6.4
Hubballi,15.3478,75.1338,2025-09-09 02:00:00,15.0,11.0,132.0,8.3,0.5,26.0,20.3,99,0.0,7.4
Hubballi,15.3478,75.1338,2025-09-09 03:00:00,15.4,11.4,134.0,7.5,0.3,26.0,20.2,99,0.0,6.7
Hubballi,15.3478,75.1338,2025-09-09 04:00:00,16.1,11.5,143.0,6.9,0.3,26.0,20.2,99,0.0,5.7
Hubballi,15.3478,75.1338,2025-09-09 05:00:00,17.1,11.9,149.0,5.6,0.3,30.0,20.2,99,0.0,4.2
Hubballi,15.3478,75.1338,2025-09-09 06:00:00,18.0,12.1,149.0,5.7,0.4,32.0,21.2,98,0.0,5.4
Hubballi,15.3478,75.1338,2025-09-09 07:00:00,19.8,13.2,147.0,5.8,0.6,36.0,21.5,96,0.0,6.8
Hubballi,15.3478,75.1338,2025-09-09 08:00:00,19.3,11.7,144.0,5.5,0.8,41.0,23.3,84,0.0,6.8
Hubballi,15.3478,75.1338,2025-09-09 09:00:00,20.0,10.6,139.0,4.4,0.9,50.0,25.1,75,0.0,5.4
Hubballi,15.3478,75.1338,2025-09-09 10:00:00,21.1,10.8,134.0,2.9,1.0,62.0,26.3,69,0.1,3.3
Hubballi,15.3478,75.1338,2025-09-09 11:00:00,21.6,11.1,130.0,1.8,1.0,71.0,27.5,64,0.0,4.1
Hubballi,15.3478,75.1338,2025-09-09 12:00:00,21.3,10.7,128.0,1.3,0.9,76.0,28.5,59,0.0,5.7
Hubballi,15.3478,75.1338,2025-09-09 13:00:00,20.0,10.0,128.0,1.2,0.8,78.0,28.9,58,0.1,6.2
Hubballi,15.3478,75.1338,2025-09-09 14:00:00,18.7,9.3,130.0,1.3,0.7,79.0,29.1,56,0.1,6.4
Hubballi,15.3478,75.1338,2025-09-09 15:00:00,17.8,8.9,134.0,1.7,0.7,79.0,29.0,57,0.1,10.5
Hubballi,15.3478,75.1338,2025-09-09 16:00:00,16.7,8.7,139.0,2.4,0.8,78.0,28.2,61,0.0,12.0
Hubballi,15.3478,75.1338,2025-09-09 17:00:00,16.2,9.1,149.0,3.4,1.0,77.0,27.5,64,0.0,11.9
Hubballi,15.3478,75.1338,2025-09-09 18:00:00,14.7,9.7,167.0,5.1,1.4,68.0,25.8,73,0.0,16.0
Hubballi,15.3478,75.1338,2025-09-09 19:00:00,14.3,9.9,188.0,7.4,1.9,56.0,24.5,83,0.0,13.8
Hubballi,15.3478,75.1338,2025-09-09 20:00:00,15.1,10.0,203.0,9.1,2.3,46.0,23.5,90,0.0,14.1
Hubballi,15.3478,75.1338,2025-09-09 21:00:00,15.8,10.2,205.0,9.5,2.5,41.0,22.9,92,0.0,12.0
Hubballi,15.3478,75.1338,2025-09-09 22:00:00,16.4,10.3,201.0,9.2,2.7,38.0,22.4,93,0.0,10.8
Hubballi,15.3478,75.1338,2025-09-09 23:00:00,16.8,10.4,196.0,8.8,2.7,36.0,21.9,94,0.0,9.6
Hubballi,15.3478,75.1338,2025-09-10 00:00:00,16.9,10.2,191.0,8.3,2.6,34.0,21.5,95,0.0,8.3
Hubballi,15.3478,75.1338,2025-09-10 01:00:00,17.5,10.3,186.0,7.7,2.4,33.0,21.2,96,0.0,6.4
Hubballi,15.3478,75.1338,2025-09-10 02:00:00,18.6,10.7,183.0,7.4,2.1,31.0,20.9,96,0.0,6.1
Hubballi,15.3478,75.1338,2025-09-10 03:00:00,20.7,11.7,185.0,7.8,1.7,27.0,20.7,96,0.0,6.5
Hubballi,15.3478,75.1338,2025-09-10 04:00:00,23.5,13.1,189.0,8.4,1.3,23.0,20.5,95,0.0,6.5
Hubballi,15.3478,75.1338,2025-09-10 05:00:00,23.7,14.3,193.0,7.6,1.4,25.0,20.2,95,0.0,5.1
Hubballi,15.3478,75.1338,2025-09-10 06:00:00,24.8,15.1,199.0,6.9,1.6,29.0,21.0,96,0.0,4.7
Hubballi,15.3478,75.1338,2025-09-10 07:00:00,25.9,14.3,205.0,5.9,1.9,36.0,22.5,89,0.0,6.5
Hubballi,15.3478,75.1338,2025-09-10 08:00:00,29.2,13.8,203.0,4.8,2.1,44.0,24.5,79,0.0,7.3
Hubballi,15.3478,75.1338,2025-09-10 09:00:00,30.3,13.8,185.0,3.6,2.0,56.0,26.3,69,0.0,8.6
Hubballi,15.3478,75.1338,2025-09-10 10:00:00,27.4,12.7,159.0,2.3,1.7,69.0,27.8,62,0.0,7.7
Hubballi,15.3478,75.1338,2025-09-10 11:00:00,23.5,11.1,140.0,1.4,1.5,79.0,28.7,58,0.0,7.2
Hubballi,15.3478,75.1338,2025-09-10 12:00:00,20.5,10.0,133.0,1.0,1.3,83.0,29.2,56,0.0,8.3
Hubballi,15.3478,75.1338,2025-09-10 13:00:00,19.2,9.4,133.0,1.0,1.1,83.0,29.6,54,0.0,8.9
Hubballi,15.3478,75.1338,2025-09-10 14:00:00,18.9,9.4,136.0,1.3,1.0,82.0,29.2,56,0.0,10.4
Hubballi,15.3478,75.1338,2025-09-10 15:00:00,19.4,9.7,141.0,1.8,1.0,81.0,29.2,56,0.0,12.0
Hubballi,15.3478,75.1338,2025-09-10 16:00:00,20.6,10.6,148.0,2.6,1.0,79.0,28.9,55,0.0,13.1
Hubballi,15.3478,75.1338,2025-09-10 17:00:00,23.2,13.2,156.0,3.6,1.2,77.0,27.7,61,0.0,14.9
Hubballi,15.3478,75.1338,2025-09-10 18:00:00,21.5,13.8,164.0,5.9,1.6,68.0,26.5,69,0.0,12.7
Hubballi,15.3478,75.1338,2025-09-10 19:00:00,20.5,14.0,172.0,8.9,2.1,55.0,25.2,76,0.0,13.3
Hubballi,15.3478,75.1338,2025-09-10 20:00:00,19.6,13.4,178.0,11.0,2.5,45.0,24.1,82,0.0,13.9
Hubballi,15.3478,75.1338,2025-09-10 21:00:00,19.2,12.9,183.0,11.1,2.7,40.0,23.4,87,0.0,12.1
Hubballi,15.3478,75.1338,2025-09-10 22:00:00,19.6,12.9,187.0,10.1,2.8,38.0,22.8,90,0.0,10.1
Hubballi,15.3478,75.1338,2025-09-10 23:00:00,19.8,12.7,185.0,9.1,2.7,36.0,22.2,93,0.0,10.0
Hubballi,15.3478,75.1338,2025-09-11 00:00:00,20.3,12.7,171.0,8.5,2.3,34.0,21.8,96,0.0,10.4
Hubballi,15.3478,75.1338,2025-09-11 01:00:00,21.0,13.3,151.0,7.8,1.7,31.0,21.4,97,0.0,9.5
Hubballi,15.3478,75.1338,2025-09-11 02:00:00,20.5,14.3,139.0,7.2,1.2,30.0,21.3,98,0.0,7.2
Hubballi,15.3478,75.1338,2025-09-11 03:00:00,22.5,15.8,143.0,6.5,0.9,29.0,20.9,98,0.0,8.7
Hubballi,15.3478,75.1338,2025-09-11 04:00:00,24.2,16.2,154.0,5.9,0.6,29.0,20.9,96,0.0,7.0
Hubballi,15.3478,75.1338,2025-09-11 05:00:00,20.8,11.3,164.0,5.1,1.8,32.0,20.4,98,0.0,4.3
Hubballi,15.3478,75.1338,2025-09-11 06:00:00,22.9,12.0,169.0,5.7,1.9,32.0,21.4,92,0.0,8.8
Hubballi,15.3478,75.1338,2025-09-11 07:00:00,25.4,13.1,171.0,6.4,2.1,33.0,22.1,85,0.0,8.2
Hubballi,15.3478,75.1338,2025-09-11 08:00:00,28.9,14.0,170.0,6.6,2.2,36.0,23.8,78,0.0,8.8
Hubballi,15.3478,75.1338,2025-09-11 09:00:00,30.5,14.4,162.0,5.8,2.2,42.0,25.7,69,0.0,8.7
Hubballi,15.3478,75.1338,2025-09-11 10:00:00,31.1,14.6,151.0,4.4,2.2,51.0,27.2,62,0.0,9.3
Hubballi,15.3478,75.1338,2025-09-11 11:00:00,30.5,14.3,143.0,3.3,2.1,59.0,28.4,56,0.0,7.8
Hubballi,15.3478,75.1338,2025-09-11 12:00:00,28.6,13.8,142.0,2.6,1.9,66.0,29.2,51,0.0,7.9
Hubballi,15.3478,75.1338,2025-09-11 13:00:00,26.9,13.2,144.0,2.1,1.7,72.0,28.9,51,0.0,8.2
Hubballi,15.3478,75.1338,2025-09-11 14:00:00,25.8,12.8,149.0,2.3,1.6,76.0,28.1,55,0.0,10.6
Hubballi,15.3478,75.1338,2025-09-11 15:00:00,25.5,12.9,157.0,3.4,1.6,78.0,28.0,57,0.0,12.2
Hubballi,15.3478,75.1338,2025-09-11 16:00:00,25.4,13.1,168.0,5.0,1.7,77.0,27.2,62,0.0,13.7
Hubballi,15.3478,75.1338,2025-09-11 17:00:00,26.9,16.1,178.0,9.8,1.8,56.0,26.5,66,0.0,14.0
Hubballi,15.3478,75.1338,2025-09-11 18:00:00,25.6,16.8,186.0,10.6,2.1,51.0,25.0,78,0.0,9.9
Hubballi,15.3478,75.1338,2025-09-11 19:00:00,23.6,16.1,193.0,11.8,2.5,44.0,24.1,81,0.0,11.7
Hubballi,15.3478,75.1338,2025-09-11 20:00:00,22.5,15.3,194.0,12.5,2.8,38.0,23.3,85,0.0,12.8
Hubballi,15.3478,75.1338,2025-09-11 21:00:00,22.4,15.0,185.0,12.6,3.0,34.0,22.7,88,0.0,11.5
Hubballi,15.3478,75.1338,2025-09-11 22:00:00,22.4,14.8,170.0,12.3,3.0,30.0,22.4,90,0.0,9.3
Hubballi,15.3478,75.1338,2025-09-11 23:00:00,21.5,13.8,156.0,11.5,3.0,28.0,22.1,91,0.0,8.7
Hubballi,15.3478,75.1338,2025-09-12 00:00:00,20.7,12.6,144.0,9.9,2.8,28.0,21.8,93,0.0,9.0
Hubballi,15.3478,75.1338,2025-09-12 01:00:00,20.5,11.9,134.0,7.9,2.6,29.0,21.5,94,0.0,10.1
Hubballi,15.3478,75.1338,2025-09-12 02:00:00,20.3,11.5,128.0,6.3,2.3,30.0,21.3,94,0.0,9.4
Hubballi,15.3478,75.1338,2025-09-12 03:00:00,20.6,11.4,130.0,5.6,2.1,29.0,21.1,95,0.0,9.1
Hubballi,15.3478,75.1338,2025-09-12 04:00:00,21.0,11.6,136.0,5.3,1.9,28.0,21.0,93,0.0,8.8
Hubballi,15.3478,75.1338,2025-09-12 05:00:00,21.1,12.3,144.0,4.7,1.6,30.0,21.1,89,0.0,8.0
Hubballi,15.3478,75.1338,2025-09-12 06:00:00,22.1,13.0,156.0,4.7,1.6,31.0,21.6,90,0.0,4.7
Hubballi,15.3478,75.1338,2025-09-12 07:00:00,23.9,12.9,169.0,4.6,1.6,34.0,22.3,87,0.0,7.8
Hubballi,15.3478,75.1338,2025-09-12 08:00:00,25.4,13.0,175.0,4.3,1.6,40.0,23.4,80,0.0,10.1
Hubballi,15.3478,75.1338,2025-09-12 09:00:00,25.2,12.8,168.0,3.4,1.7,53.0,24.8,75,0.0,11.3
Hubballi,15.3478,75.1338,2025-09-12 10:00:00,23.9,13.1,154.0,2.3,1.8,69.0,26.0,68,0.0,11.1
Hubballi,15.3478,75.1338,2025-09-12 11:00:00,22.2,13.2,143.0,1.5,1.8,83.0,27.4,62,0.1,11.8
Hubballi,15.3478,75.1338,2025-09-12 12:00:00,20.5,13.2,139.0,1.2,1.7,91.0,27.5,60,0.1,10.2
Hubballi,15.3478,75.1338,2025-09-12 13:00:00,19.7,13.4,138.0,1.2,1.7,97.0,28.2,57,0.0,10.7
Hubballi,15.3478,75.1338,2025-09-12 14:00:00,19.4,13.6,142.0,1.6,1.6,99.0,28.2,57,0.0,11.4
Hubballi,15.3478,75.1338,2025-09-12 15:00:00,18.4,13.2,154.0,2.3,1.6,98.0,28.2,58,0.1,11.9
Hubballi,15.3478,75.1338,2025-09-12 16:00:00,21.5,16.2,171.0,3.4,1.6,93.0,27.4,59,0.0,9.8
Hubballi,15.3478,75.1338,2025-09-12 17:00:00,23.1,15.7,188.0,7.0,1.8,69.0,26.3,65,0.0,7.6
Hubballi,15.3478,75.1338,2025-09-12 18:00:00,22.4,16.5,204.0,9.7,2.2,63.0,25.2,75,0.0,6.7
Hubballi,15.3478,75.1338,2025-09-12 19:00:00,23.2,18.2,219.0,13.5,2.7,55.0,24.4,84,0.2,1.0
Hubballi,15.3478,75.1338,2025-09-12 20:00:00,24.0,19.4,227.0,16.4,3.2,48.0,24.0,85,0.3,4.9
Hubballi,15.3478,75.1338,2025-09-12 21:00:00,24.2,19.9,225.0,17.8,3.5,42.0,23.1,92,0.4,6.1
Hubballi,15.3478,75.1338,2025-09-12 22:00:00,24.7,20.4,216.0,18.4,3.8,37.0,22.8,92,0.1,7.4
Hubballi,15.3478,75.1338,2025-09-12 23:00:00,23.8,19.6,206.0,18.3,3.9,32.0,22.5,94,0.0,6.8
Hubballi,15.3478,75.1338,2025-09-13 00:00:00,21.4,17.3,196.0,17.1,3.8,29.0,22.1,96,0.0,6.7
Hubballi,15.3478,75.1338,2025-09-13 01:00:00,20.0,15.8,184.0,15.3,3.5,26.0,21.9,96,0.0,7.2
Hubballi,15.3478,75.1338,2025-09-13 02:00:00,19.3,15.0,176.0,13.6,3.3,24.0,21.9,96,0.0,7.5
Hubballi,15.3478,75.1338,2025-09-13 03:00:00,19.0,14.4,173.0,12.6,3.1,21.0,21.5,96,0.0,8.0
Hubballi,15.3478,75.1338,2025-09-13 04:00:00,17.5,13.1,174.0,11.9,2.9,18.0,21.4,95,0.0,6.7
Hubballi,15.3478,75.1338,2025-09-13 05:00:00,10.3,7.6,174.0,5.6,2.0,45.0,21.3,95,0.0,5.7
Hubballi,15.3478,75.1338,2025-09-13 06:00:00,9.5,6.7,173.0,5.7,2.3,45.0,22.0,98,0.3,5.9
Hubballi,15.3478,75.1338,2025-09-13 07:00:00,8.8,6.3,171.0,5.7,2.8,45.0,22.5,94,0.1,8.8
Hubballi,15.3478,75.1338,2025-09-13 08:00:00,9.4,6.8,167.0,5.4,3.1,50.0,23.7,88,0.1,9.8
Hubballi,15.3478,75.1338,2025-09-13 09:00:00,11.6,8.4,159.0,4.3,3.1,63.0,25.2,81,0.1,10.0
Hubballi,15.3478,75.1338,2025-09-13 10:00:00,15.4,11.0,150.0,2.9,2.8,79.0,25.7,78,0.2,12.7
Hubballi,15.3478,75.1338,2025-09-13 11:00:00,17.9,13.2,142.0,1.9,2.5,91.0,26.3,75,0.5,9.4
Hubballi,15.3478,75.1338,2025-09-13 12:00:00,17.2,13.1,137.0,1.7,2.1,94.0,23.9,81,12.9,12.1
Hubballi,15.3478,75.1338,2025-09-13 13:00:00,16.8,13.1,135.0,1.9,1.5,92.0,24.8,80,3.9,5.2
Hubballi,15.3478,75.1338,2025-09-13 14:00:00,14.0,11.2,136.0,2.5,1.2,87.0,26.9,73,0.4,12.1
Hubballi,15.3478,75.1338,2025-09-13 15:00:00,11.9,9.7,141.0,3.6,1.2,79.0,25.4,77,4.2,13.5
Hubballi,15.3478,75.1338,2025-09-13 16:00:00,10.5,8.6,150.0,5.0,1.4,68.0,25.3,74,0.4,16.0
Hubballi,15.3478,75.1338,2025-09-13 17:00:00,10.5,9.0,160.0,7.6,2.0,50.0,24.5,79,0.1,15.5
Hubballi,15.3478,75.1338,2025-09-13 18:00:00,11.0,9.0,172.0,8.5,2.2,46.0,22.9,88,0.0,15.5
Hubballi,15.3478,75.1338,2025-09-13 19:00:00,10.7,8.7,184.0,9.7,2.4,39.0,22.1,92,0.0,12.8
Hubballi,15.3478,75.1338,2025-09-13 20:00:00,10.1,8.2,192.0,10.5,2.5,34.0,21.8,93,0.0,11.2
Hubballi,15.3478,75.1338,2025-09-13 21:00:00,9.7,7.7,193.0,10.6,2.5,30.0,21.4,94,0.0,10.6
Hubballi,15.3478,75.1338,2025-09-13 22:00:00,9.6,7.5,189.0,10.3,2.5,27.0,21.0,96,0.0,9.9
Hubballi,15.3478,75.1338,2025-09-13 23:00:00,9.3,7.0,181.0,9.6,2.3,26.0,20.7,97,0.0,9.0
Hubballi,15.3478,75.1338,2025-09-14 00:00:00,8.6,5.9,168.0,8.2,2.0,27.0,20.5,98,0.0,9.6
Hubballi,15.3478,75.1338,2025-09-14 01:00:00,8.7,5.5,151.0,6.3,1.6,29.0,20.5,98,0.0,10.5
Hubballi,15.3478,75.1338,2025-09-14 02:00:00,8.5,5.0,139.0,4.9,1.3,31.0,20.5,99,0.0,9.7
Hubballi,15.3478,75.1338,2025-09-14 03:00:00,8.4,4.7,134.0,4.2,1.2,31.0,20.5,99,0.4,10.5
Hubballi,15.3478,75.1338,2025-09-14 04:00:00,6.4,3.6,134.0,3.9,1.2,30.0,20.5,99,0.0,11.0
Hubballi,15.3478,75.1338,2025-09-14 05:00:00,3.8,2.4,134.0,3.7,1.0,30.0,20.5,99,0.0,10.9
Hubballi,15.3478,75.1338,2025-09-14 06:00:00,2.4,1.6,134.0,4.4,1.2,31.0,21.3,98,0.0,12.3
Hubballi,15.3478,75.1338,2025-09-14 07:00:00,1.9,1.6,135.0,5.3,1.4,32.0,21.8,94,0.0,15.4
Hubballi,15.3478,75.1338,2025-09-14 08:00:00,3.2,2.4,135.0,5.5,1.5,37.0,23.2,87,0.0,15.1
Hubballi,15.3478,75.1338,2025-09-14 09:00:00,4.8,3.3,133.0,4.4,1.5,48.0,24.4,81,0.1,13.5
Hubballi,15.3478,75.1338,2025-09-14 10:00:00,7.4,4.6,131.0,2.6,1.3,62.0,25.6,75,0.1,14.1
Hubballi,15.3478,75.1338,2025-09-14 11:00:00,10.0,6.0,129.0,1.3,1.2,73.0,26.2,71,0.3,16.6
Hubballi,15.3478,75.1338,2025-09-14 12:00:00,10.9,6.9,127.0,1.0,1.0,79.0,26.6,70,0.2,17.5
Hubballi,15.3478,75.1338,2025-09-14 13:00:00,11.0,7.3,126.0,1.2,0.8,82.0,27.7,71,0.2,15.4
Hubballi,15.3478,75.1338,2025-09-14 14:00:00,11.2,7.9,130.0,1.5,0.7,83.0,27.6,68,0.1,15.3
Hubballi,15.3478,75.1338,2025-09-14 15:00:00,11.0,8.0,142.0,1.9,0.7,82.0,26.7,70,0.1,20.0
Hubballi,15.3478,75.1338,2025-09-14 16:00:00,11.4,8.4,159.0,2.5,0.8,80.0,25.4,77,0.5,20.4
Hubballi,15.3478,75.1338,2025-09-14 17:00:00,16.1,12.9,171.0,6.7,1.1,69.0,25.1,77,0.2,19.3
Hubballi,15.3478,75.1338,2025-09-14 18:00:00,16.1,13.1,173.0,7.3,1.3,66.0,24.1,84,0.0,14.5
Hubballi,15.3478,75.1338,2025-09-14 19:00:00,15.8,13.2,169.0,8.1,1.7,62.0,23.4,87,0.0,15.3
Hubballi,15.3478,75.1338,2025-09-14 20:00:00,14.8,12.4,167.0,8.4,1.9,59.0,22.8,89,0.0,16.8
Hubballi,15.3478,75.1338,2025-09-14 21:00:00,13.4,11.2,170.0,8.0,1.9,57.0,22.2,92,0.0,14.3
Hubballi,15.3478,75.1338,2025-09-14 22:00:00,11.8,9.8,175.0,7.1,1.8,55.0,22.1,91,0.0,15.1
Hubballi,15.3478,75.1338,2025-09-14 23:00:00,10.2,8.4,175.0,6.1,1.6,53.0,21.8,93,0.0,14.0
Hubballi,15.3478,75.1338,2025-09-15 00:00:00,8.4,6.9,165.0,5.1,1.3,50.0,21.7,94,0.0,13.8
Hubballi,15.3478,75.1338,2025-09-15 01:00:00,6.9,5.6,151.0,4.0,1.0,47.0,21.5,95,0.0,12.6
Hubballi,15.3478,75.1338,2025-09-15 02:00:00,5.4,4.4,140.0,3.2,0.8,45.0,21.3,97,0.0,13.4
Hubballi,15.3478,75.1338,2025-09-15 03:00:00,4.1,3.4,135.0,2.7,0.7,43.0,21.5,97,0.1,11.3
Hubballi,15.3478,75.1338,2025-09-15 04:00:00,3.2,2.7,134.0,2.4,0.7,41.0,21.5,96,0.0,11.8
Hubballi,15.3478,75.1338,2025-09-15 05:00:00,1.6,1.6,134.0,2.3,0.7,40.0,21.3,96,0.0,11.8
Hubballi,15.3478,75.1338,2025-09-15 06:00:00,1.8,1.6,137.0,2.7,0.8,41.0,21.6,97,0.1,15.4
Hubballi,15.3478,75.1338,2025-09-15 07:00:00,2.5,2.2,143.0,3.2,1.0,43.0,22.2,92,0.0,18.6
Hubballi,15.3478,75.1338,2025-09-15 08:00:00,3.6,2.8,145.0,3.4,1.1,46.0,23.5,85,0.0,19.8
Hubballi,15.3478,75.1338,2025-09-15 09:00:00,6.4,4.1,140.0,2.8,1.1,52.0,24.6,79,0.1,18.7
Hubballi,15.3478,75.1338,2025-09-15 10:00:00,9.0,5.3,133.0,1.8,1.0,60.0,26.2,72,0.1,19.0
Hubballi,15.3478,75.1338,2025-09-15 11:00:00,11.0,6.3,127.0,1.1,0.9,66.0,27.1,70,0.2,18.4
Hubballi,15.3478,75.1338,2025-09-15 12:00:00,11.5,6.7,125.0,0.9,0.9,68.0,27.4,70,0.1,18.6
Hubballi,15.3478,75.1338,2025-09-15 13:00:00,11.4,7.0,124.0,0.9,0.9,68.0,26.2,78,3.3,18.5
Hubballi,15.3478,75.1338,2025-09-15 14:00:00,11.1,7.1,127.0,1.2,1.0,66.0,25.8,76,0.2,21.7
Hubballi,15.3478,75.1338,2025-09-15 15:00:00,10.2,6.8,134.0,1.7,1.0,63.0,26.4,72,0.1,21.7
Hubballi,15.3478,75.1338,2025-09-15 16:00:00,8.8,6.4,144.0,2.4,1.1,60.0,25.4,76,0.2,22.3
Hubballi,15.3478,75.1338,2025-09-15 17:00:00,7.7,5.9,153.0,2.6,1.0,52.0,24.9,77,0.2,21.4
Hubballi,15.3478,75.1338,2025-09-15 18:00:00,6.9,6.0,159.0,4.0,1.2,47.0,23.9,84,0.0,16.1
Hubballi,15.3478,75.1338,2025-09-15 19:00:00,7.4,6.7,163.0,6.0,1.6,40.0,23.3,87,0.0,15.5
Hubballi,15.3478,75.1338,2025-09-15 20:00:00,6.9,6.4,166.0,7.3,1.8,35.0,22.8,88,0.1,14.0
Hubballi,15.3478,75.1338,2025-09-15 21:00:00,6.3,5.9,169.0,7.5,1.8,33.0,22.0,93,0.3,13.1
Hubballi,15.3478,75.1338,2025-09-15 22:00:00,6.1,5.7,170.0,7.0,1.7,33.0,21.7,95,0.0,12.1
Hubballi,15.3478,75.1338,2025-09-15 23:00:00,5.5,5.1,168.0,6.5,1.6,33.0,21.5,96,0.0,11.9
Hubballi,15.3478,75.1338,2025-09-16 00:00:00,4.9,4.4,159.0,5.9,1.5,33.0,21.6,96,0.0,10.3
Hubballi,15.3478,75.1338,2025-09-16 01:00:00,4.5,3.9,146.0,5.3,1.5,32.0,21.5,96,0.0,9.3
Hubballi,15.3478,75.1338,2025-09-16 02:00:00,4.7,3.9,138.0,4.7,1.4,32.0,21.5,96,0.0,9.6
Hubballi,15.3478,75.1338,2025-09-16 03:00:00,4.7,3.9,140.0,4.2,1.4,32.0,21.7,95,0.0,10.7
Hubballi,15.3478,75.1338,2025-09-16 04:00:00,4.9,3.9,147.0,3.8,1.4,32.0,21.5,96,0.0,10.8
Hubballi,15.3478,75.1338,2025-09-16 05:00:00,4.2,3.6,152.0,4.6,1.7,28.0,21.5,96,0.0,9.6
Hubballi,15.3478,75.1338,2025-09-16 06:00:00,4.5,3.5,151.0,4.4,1.6,31.0,21.9,94,0.1,9.1
Hubballi,15.3478,75.1338,2025-09-16 07:00:00,4.8,3.6,147.0,4.2,1.4,36.0,22.7,91,0.1,10.3
Hubballi,15.3478,75.1338,2025-09-16 08:00:00,5.4,4.0,143.0,3.8,1.3,42.0,24.1,85,0.1,10.5
Hubballi,15.3478,75.1338,2025-09-16 09:00:00,5.5,4.1,140.0,3.1,1.3,49.0,25.1,79,0.1,10.3
Hubballi,15.3478,75.1338,2025-09-16 10:00:00,5.8,4.3,138.0,2.3,1.2,57.0,26.2,73,0.1,10.9
Hubballi,15.3478,75.1338,2025-09-16 11:00:00,5.6,4.3,137.0,1.7,1.2,62.0,27.0,70,0.0,10.5
Hubballi,15.3478,75.1338,2025-09-16 12:00:00,4.4,3.4,138.0,1.5,1.1,64.0,26.1,76,2.4,12.8
Hubballi,15.3478,75.1338,2025-09-16 13:00:00,3.4,2.6,139.0,1.5,1.0,65.0,24.1,85,6.7,14.1
Hubballi,15.3478,75.1338,2025-09-16 14:00:00,2.9,2.4,142.0,1.9,0.9,63.0,24.3,82,0.3,17.4
Hubballi,15.3478,75.1338,2025-09-16 15:00:00,2.5,2.3,145.0,2.9,0.9,58.0,24.7,82,0.2,19.1
Hubballi,15.3478,75.1338,2025-09-16 16:00:00,2.3,2.2,149.0,4.3,1.1,51.0,24.6,79,0.1,18.5
Hubballi,15.3478,75.1338,2025-09-16 17:00:00,4.3,3.7,154.0,4.0,1.2,56.0,22.9,89,0.4,15.5
Hubballi,15.3478,75.1338,2025-09-16 18:00:00,5.1,4.6,163.0,5.9,1.5,50.0,23.2,88,0.1,13.7
Hubballi,15.3478,75.1338,2025-09-16 19:00:00,5.9,5.4,174.0,8.5,2.0,41.0,22.5,93,0.0,13.2
Hubballi,15.3478,75.1338,2025-09-16 20:00:00,6.0,5.5,181.0,10.3,2.3,34.0,22.1,95,0.0,12.5
Hubballi,15.3478,75.1338,2025-09-16 21:00:00,5.8,5.5,182.0,10.7,2.4,31.0,21.6,96,0.0,9.5
Hubballi,15.3478,75.1338,2025-09-16 22:00:00,5.6,5.3,179.0,10.4,2.3,29.0,21.3,98,0.0,10.0
Hubballi,15.3478,75.1338,2025-09-16 23:00:00,5.1,4.9,174.0,9.8,2.2,28.0,21.4,97,0.0,11.1
Hubballi,15.3478,75.1338,2025-09-17 00:00:00,4.0,3.8,164.0,8.9,2.0,27.0,21.3,97,0.0,9.4
Hubballi,15.3478,75.1338,2025-09-17 01:00:00,3.2,3.1,152.0,7.6,1.7,26.0,21.4,96,0.0,10.0
Hubballi,15.3478,75.1338,2025-09-17 02:00:00,3.0,2.9,144.0,6.6,1.5,26.0,21.5,95,0.0,9.2
Hubballi,15.3478,75.1338,2025-09-17 03:00:00,2.8,2.7,143.0,6.1,1.4,25.0,21.6,94,0.0,8.9
Hubballi,15.3478,75.1338,2025-09-17 04:00:00,2.9,2.8,146.0,5.8,1.5,25.0,21.6,94,0.0,7.0
Hubballi,15.3478,75.1338,2025-09-17 05:00:00,3.5,3.2,148.0,6.1,2.0,24.0,21.1,97,0.0,5.4
Hubballi,15.3478,75.1338,2025-09-17 06:00:00,3.9,3.4,148.0,5.6,2.1,29.0,21.4,98,0.0,6.2
Hubballi,15.3478,75.1338,2025-09-17 07:00:00,5.1,4.5,147.0,5.0,2.3,36.0,22.5,93,0.0,7.4
Hubballi,15.3478,75.1338,2025-09-17 08:00:00,5.5,4.2,145.0,4.2,2.4,44.0,24.0,85,0.0,6.6
Hubballi,15.3478,75.1338,2025-09-17 09:00:00,6.3,4.5,140.0,3.2,2.2,54.0,25.4,80,0.1,5.6
Hubballi,15.3478,75.1338,2025-09-17 10:00:00,6.6,4.6,134.0,2.1,1.9,65.0,26.7,75,0.2,5.1
Hubballi,15.3478,75.1338,2025-09-17 11:00:00,6.6,4.7,129.0,1.4,1.6,73.0,27.9,68,0.2,4.4
Hubballi,15.3478,75.1338,2025-09-17 12:00:00,6.7,4.7,128.0,1.1,1.3,77.0,26.6,73,5.5,7.0
Hubballi,15.3478,75.1338,2025-09-17 13:00:00,6.7,4.8,128.0,1.1,1.0,77.0,23.9,88,6.7,6.1
Hubballi,15.3478,75.1338,2025-09-17 14:00:00,5.8,4.3,130.0,1.6,0.8,75.0,26.4,79,2.3,8.5
Hubballi,15.3478,75.1338,2025-09-17 15:00:00,5.2,4.1,132.0,2.8,0.8,68.0,24.8,83,12.3,16.6
Hubballi,15.3478,75.1338,2025-09-17 16:00:00,4.4,3.6,135.0,4.4,1.0,58.0,23.7,86,1.4,15.8
Hubballi,15.3478,75.1338,2025-09-17 17:00:00,8.5,6.6,139.0,4.6,1.4,58.0,23.4,89,0.2,16.3
Hubballi,15.3478,75.1338,2025-09-17 18:00:00,6.9,6.0,146.0,5.9,1.5,52.0,23.7,87,0.1,17.3
Hubballi,15.3478,75.1338,2025-09-17 19:00:00,5.8,5.2,153.0,7.5,1.7,43.0,22.8,92,0.0,14.9
Hubballi,15.3478,75.1338,2025-09-17 20:00:00,5.1,4.6,160.0,8.6,1.8,36.0,22.5,94,0.0,13.6
Hubballi,15.3478,75.1338,2025-09-17 21:00:00,4.6,4.1,166.0,8.5,1.8,34.0,22.5,95,0.1,11.1
Hubballi,15.3478,75.1338,2025-09-17 22:00:00,4.1,3.7,170.0,7.7,1.8,33.0,22.4,95,0.1,11.1
Hubballi,15.3478,75.1338,2025-09-17 23:00:00,3.5,3.3,169.0,6.8,1.8,33.0,22.3,96,0.0,10.2
Hubballi,15.3478,75.1338,2025-09-18 00:00:00,2.7,2.5,158.0,5.9,1.7,33.0,22.0,96,0.0,11.4
Hubballi,15.3478,75.1338,2025-09-18 01:00:00,2.1,2.0,142.0,5.0,1.5,32.0,22.0,96,0.0,11.6
Hubballi,15.3478,75.1338,2025-09-18 02:00:00,1.7,1.7,132.0,4.2,1.4,32.0,21.8,97,0.1,9.6
Hubballi,15.3478,75.1338,2025-09-18 03:00:00,1.5,1.4,132.0,3.7,1.3,31.0,21.8,97,0.0,8.8
Hubballi,15.3478,75.1338,2025-09-18 04:00:00,1.3,1.2,138.0,3.4,1.3,31.0,21.7,97,0.0,9.8
Hubballi,15.3478,75.1338,2025-09-18 05:00:00,1.4,1.3,144.0,3.2,1.3,34.0,21.7,96,0.0,9.0
Hubballi,15.3478,75.1338,2025-09-18 06:00:00,1.7,1.5,149.0,3.7,1.4,34.0,21.8,98,0.0,8.6
Hubballi,15.3478,75.1338,2025-09-18 07:00:00,2.2,1.9,154.0,4.4,1.5,33.0,22.6,93,0.0,11.7
Hubballi,15.3478,75.1338,2025-09-18 08:00:00,2.7,2.4,154.0,4.6,1.6,35.0,23.8,86,0.0,11.4
Hubballi,15.3478,75.1338,2025-09-18 09:00:00,2.6,2.3,143.0,3.8,1.5,41.0,24.6,85,0.2,14.3
Hubballi,15.3478,75.1338,2025-09-18 10:00:00,2.6,2.4,126.0,2.5,1.3,48.0,25.6,80,0.1,15.1
Hubballi,15.3478,75.1338,2025-09-18 11:00:00,2.3,2.0,114.0,1.5,1.1,53.0,26.5,76,0.1,16.9
Hubballi,15.3478,75.1338,2025-09-18 12:00:00,2.0,1.8,112.0,1.2,0.9,54.0,25.1,79,1.5,20.2
Hubballi,15.3478,75.1338,2025-09-18 13:00:00,2.0,1.8,116.0,1.3,0.6,52.0,25.8,78,0.2,19.6
Hubballi,15.3478,75.1338,2025-09-18 14:00:00,2.1,1.9,121.0,1.6,0.5,50.0,25.7,75,0.5,23.4
Hubballi,15.3478,75.1338,2025-09-18 15:00:00,2.3,2.1,126.0,2.3,0.6,50.0,24.9,83,0.6,21.0
Hubballi,15.3478,75.1338,2025-09-18 16:00:00,2.6,2.4,133.0,3.3,0.8,50.0,24.6,82,2.5,22.2
Hubballi,15.3478,75.1338,2025-09-18 17:00:00,6.0,4.3,139.0,3.8,1.0,49.0,23.9,84,0.0,18.3
Hubballi,15.3478,75.1338,2025-09-18 18:00:00,5.9,4.7,146.0,4.9,1.2,45.0,23.0,89,0.1,18.8
Hubballi,15.3478,75.1338,2025-09-18 19:00:00,6.3,5.0,154.0,6.4,1.4,39.0,22.6,92,0.0,17.3
Hubballi,15.3478,75.1338,2025-09-18 20:00:00,6.1,4.8,158.0,7.4,1.6,34.0,22.3,94,0.0,17.2
Hubballi,15.3478,75.1338,2025-09-18 21:00:00,5.2,4.3,156.0,7.4,1.6,32.0,22.4,93,0.0,16.3
Hubballi,15.3478,75.1338,2025-09-18 22:00:00,4.7,3.9,151.0,6.8,1.6,32.0,22.3,94,0.0,15.8
Hubballi,15.3478,75.1338,2025-09-18 23:00:00,4.4,3.7,144.0,6.2,1.5,32.0,21.9,96,0.0,13.6
Hubballi,15.3478,75.1338,2025-09-19 00:00:00,4.1,3.3,135.0,5.6,1.4,32.0,22.1,94,0.0,14.2
Hubballi,15.3478,75.1338,2025-09-19 01:00:00,4.1,3.2,124.0,4.9,1.3,31.0,22.0,94,0.0,13.8
Hubballi,15.3478,75.1338,2025-09-19 02:00:00,4.5,3.3,118.0,4.3,1.2,31.0,21.9,95,0.0,11.7
Hubballi,15.3478,75.1338,2025-09-19 03:00:00,5.9,3.8,119.0,3.9,1.1,30.0,21.8,96,0.0,9.1
Hubballi,15.3478,75.1338,2025-09-19 04:00:00,6.1,3.9,125.0,3.6,1.1,30.0,21.6,98,0.0,7.9
Hubballi,15.3478,75.1338,2025-09-19 05:00:00,3.0,2.0,129.0,3.1,1.0,31.0,21.6,98,0.0,10.4
Hubballi,15.3478,75.1338,2025-09-19 06:00:00,4.8,2.7,131.0,3.3,1.1,32.0,21.5,97,0.0,12.8
Hubballi,15.3478,75.1338,2025-09-19 07:00:00,6.4,3.4,133.0,3.6,1.2,34.0,22.1,94,0.0,17.5
Hubballi,15.3478,75.1338,2025-09-19 08:00:00,8.0,4.4,132.0,3.6,1.2,37.0,23.6,84,0.0,18.8
Hubballi,15.3478,75.1338,2025-09-19 09:00:00,10.3,5.3,127.0,3.0,1.2,43.0,24.9,77,0.1,19.2
Hubballi,15.3478,75.1338,2025-09-19 10:00:00,10.0,5.1,120.0,2.0,1.1,50.0,25.9,73,0.1,19.7
Hubballi,15.3478,75.1338,2025-09-19 11:00:00,10.2,5.3,115.0,1.3,1.0,55.0,26.7,70,0.2,18.4
Hubballi,15.3478,75.1338,2025-09-19 12:00:00,10.5,5.4,114.0,1.0,0.9,57.0,27.4,69,0.2,18.1
Hubballi,15.3478,75.1338,2025-09-19 13:00:00,12.1,6.1,116.0,1.0,0.8,57.0,25.3,81,3.1,15.2
Hubballi,15.3478,75.1338,2025-09-19 14:00:00,10.9,5.5,121.0,1.3,0.7,56.0,27.1,72,0.2,17.5
Hubballi,15.3478,75.1338,2025-09-19 15:00:00,10.4,5.7,131.0,2.2,0.7,54.0,23.9,85,4.6,18.4
Hubballi,15.3478,75.1338,2025-09-19 16:00:00,11.1,6.3,144.0,3.6,0.9,51.0,25.0,80,0.1,17.8
Hubballi,15.3478,75.1338,2025-09-19 17:00:00,16.5,8.2,155.0,3.2,1.2,54.0,23.6,84,0.1,19.7
Hubballi,15.3478,75.1338,2025-09-19 18:00:00,15.0,8.6,163.0,4.4,1.4,49.0,23.1,89,0.4,14.5
Hubballi,15.3478,75.1338,2025-09-19 19:00:00,14.9,8.6,168.0,6.1,1.6,42.0,22.7,91,0.0,15.2
Hubballi,15.3478,75.1338,2025-09-19 20:00:00,13.8,7.9,170.0,7.2,1.8,36.0,22.1,93,0.0,14.6
Hubballi,15.3478,75.1338,2025-09-19 21:00:00,12.2,7.1,167.0,7.3,1.8,34.0,22.0,94,0.0,15.2
Hubballi,15.3478,75.1338,2025-09-19 22:00:00,11.3,6.7,160.0,6.9,1.6,33.0,21.7,95,0.0,14.4
Hubballi,15.3478,75.1338,2025-09-19 23:00:00,10.9,6.5,153.0,6.3,1.5,33.0,21.7,94,0.0,14.0
Hubballi,15.3478,75.1338,2025-09-20 00:00:00,10.0,5.8,147.0,5.7,1.4,33.0,21.8,94,0.0,13.1
Hubballi,15.3478,75.1338,2025-09-20 01:00:00,9.1,5.3,141.0,5.0,1.2,32.0,21.7,94,0.0,11.0
Hubballi,15.3478,75.1338,2025-09-20 02:00:00,8.2,4.7,137.0,4.4,1.1,32.0,21.4,95,0.0,9.9
Hubballi,15.3478,75.1338,2025-09-20 03:00:00,7.6,4.3,136.0,4.1,1.1,31.0,21.4,95,0.0,9.2
Hubballi,15.3478,75.1338,2025-09-20 04:00:00,7.4,4.2,137.0,4.0,1.1,29.0,21.4,95,0.0,9.9
Hubballi,15.3478,75.1338,2025-09-20 05:00:00,8.8,4.8,137.0,3.6,1.1,31.0,21.3,95,0.0,10.8
Hubballi,15.3478,75.1338,2025-09-20 06:00:00,11.0,5.5,135.0,3.6,1.1,33.0,21.6,96,0.0,13.0
Hubballi,15.3478,75.1338,2025-09-20 07:00:00,13.4,6.0,132.0,3.5,1.1,35.0,22.5,90,0.0,13.3
Hubballi,15.3478,75.1338,2025-09-20 08:00:00,15.1,6.4,129.0,3.3,1.1,39.0,24.1,81,0.0,15.7
Hubballi,15.3478,75.1338,2025-09-20 09:00:00,17.4,6.8,124.0,2.7,1.1,45.0,25.5,73,0.0,15.9
Hubballi,15.3478,75.1338,2025-09-20 10:00:00,18.8,7.3,119.0,1.9,1.0,53.0,26.5,69,0.0,15.5
Hubballi,15.3478,75.1338,2025-09-20 11:00:00,20.3,7.7,117.0,1.3,1.0,59.0,27.6,64,0.2,14.7
Hubballi,15.3478,75.1338,2025-09-20 12:00:00,19.8,7.4,119.0,1.0,0.9,61.0,28.1,66,0.2,15.1
Hubballi,15.3478,75.1338,2025-09-20 13:00:00,19.4,7.3,125.0,1.0,0.9,61.0,28.8,61,0.1,14.8
Hubballi,15.3478,75.1338,2025-09-20 14:00:00,19.6,7.1,131.0,1.3,0.9,60.0,24.8,84,2.9,13.9
Hubballi,15.3478,75.1338,2025-09-20 15:00:00,17.5,7.2,138.0,2.2,1.0,58.0,25.9,78,1.7,13.7
Hubballi,15.3478,75.1338,2025-09-20 16:00:00,17.3,7.6,147.0,3.4,1.1,56.0,24.2,84,3.2,15.8
Hubballi,15.3478,75.1338,2025-09-20 17:00:00,23.1,9.4,154.0,4.1,1.3,55.0,24.0,84,0.1,16.8
Hubballi,15.3478,75.1338,2025-09-20 18:00:00,20.1,9.5,158.0,5.4,1.6,50.0,23.3,88,0.0,14.6
Hubballi,15.3478,75.1338,2025-09-20 19:00:00,20.8,9.9,161.0,7.3,1.9,42.0,22.7,90,0.0,14.2
Hubballi,15.3478,75.1338,2025-09-20 20:00:00,21.2,9.9,164.0,8.5,2.2,36.0,22.2,92,0.0,12.8
Hubballi,15.3478,75.1338,2025-09-20 21:00:00,21.3,9.6,168.0,8.5,2.3,33.0,21.7,94,0.0,13.0
Hubballi,15.3478,75.1338,2025-09-20 22:00:00,21.3,9.3,172.0,7.9,2.3,32.0,21.3,95,0.0,11.7
Hubballi,15.3478,75.1338,2025-09-20 23:00:00,21.2,9.1,172.0,7.3,2.2,31.0,21.1,97,0.0,10.7
Hubballi,15.3478,75.1338,2025-09-21 00:00:00,20.7,8.7,164.0,7.0,2.1,29.0,20.8,97,0.0,9.6
Hubballi,15.3478,75.1338,2025-09-21 01:00:00,20.1,8.5,151.0,6.7,2.0,27.0,20.7,98,0.0,7.9
Hubballi,15.3478,75.1338,2025-09-21 02:00:00,20.5,8.7,143.0,6.5,1.8,26.0,20.8,97,0.0,8.1
Hubballi,15.3478,75.1338,2025-09-21 03:00:00,21.0,9.1,144.0,6.4,1.4,24.0,20.8,97,0.0,9.2
Hubballi,15.3478,75.1338,2025-09-21 04:00:00,20.9,9.7,150.0,6.3,1.0,23.0,20.8,97,0.0,9.7
Hubballi,15.3478,75.1338,2025-09-21 05:00:00,19.3,9.4,153.0,4.7,0.9,28.0,20.8,96,0.0,9.4
Hubballi,15.3478,75.1338,2025-09-21 06:00:00,19.7,9.2,151.0,4.6,1.0,30.0,21.3,97,0.0,10.5
Hubballi,15.3478,75.1338,2025-09-21 07:00:00,20.4,9.2,147.0,4.5,1.2,33.0,22.1,91,0.0,12.2
Hubballi,15.3478,75.1338,2025-09-21 08:00:00,20.4,8.9,142.0,4.2,1.3,37.0,23.6,82,0.0,13.9
Hubballi,15.3478,75.1338,2025-09-21 09:00:00,21.0,8.8,138.0,3.5,1.3,44.0,25.1,74,0.0,13.5
Hubballi,15.3478,75.1338,2025-09-21 10:00:00,20.8,9.0,133.0,2.5,1.2,52.0,26.0,71,0.1,12.5
Hubballi,15.3478,75.1338,2025-09-21 11:00:00,21.0,9.1,130.0,1.8,1.1,58.0,27.2,66,0.3,12.7
Hubballi,15.3478,75.1338,2025-09-21 12:00:00,19.6,8.5,127.0,1.5,1.0,62.0,27.7,65,0.4,12.5
Hubballi,15.3478,75.1338,2025-09-21 13:00:00,17.5,7.9,126.0,1.5,1.0,64.0,27.9,66,0.2,13.2
Hubballi,15.3478,75.1338,2025-09-21 14:00:00,15.6,7.6,128.0,1.7,1.0,64.0,27.0,74,3.0,14.0
Hubballi,15.3478,75.1338,2025-09-21 15:00:00,13.2,6.8,138.0,2.1,1.1,63.0,24.7,81,2.2,17.7
Hubballi,15.3478,75.1338,2025-09-21 16:00:00,11.6,6.4,151.0,2.8,1.2,61.0,24.3,83,0.5,13.4
Hubballi,15.3478,75.1338,2025-09-21 17:00:00,10.8,7.1,162.0,4.3,1.2,57.0,23.5,88,0.4,15.4
Hubballi,15.3478,75.1338,2025-09-21 18:00:00,10.6,7.5,168.0,5.3,1.4,52.0,23.3,89,0.2,15.9
Hubballi,15.3478,75.1338,2025-09-21 19:00:00,10.6,7.4,172.0,6.6,1.7,44.0,22.7,92,0.0,14.9
Hubballi,15.3478,75.1338,2025-09-21 20:00:00,10.7,7.1,172.0,7.5,1.9,38.0,22.4,92,0.0,15.9
Hubballi,15.3478,75.1338,2025-09-21 21:00:00,10.7,6.8,167.0,7.5,2.0,35.0,22.0,93,0.1,13.5
Hubballi,15.3478,75.1338,2025-09-21 22:00:00,11.1,6.7,160.0,7.1,2.1,34.0,21.8,95,0.3,12.1
Hubballi,15.3478,75.1338,2025-09-21 23:00:00,10.8,6.4,153.0,6.7,2.1,33.0,21.6,97,0.9,10.7
Hubballi,15.3478,75.1338,2025-09-22 00:00:00,10.0,5.8,149.0,6.4,2.1,31.0,21.5,98,0.2,9.6
Hubballi,15.3478,75.1338,2025-09-22 01:00:00,9.6,5.5,146.0,6.1,2.0,29.0,21.4,97,0.0,8.3
Hubballi,15.3478,75.1338,2025-09-22 02:00:00,9.2,5.3,145.0,5.8,1.9,28.0,21.2,98,0.0,7.2
Hubballi,15.3478,75.1338,2025-09-22 03:00:00,9.6,5.4,145.0,5.5,1.7,27.0,21.0,98,0.0,10.1
Hubballi,15.3478,75.1338,2025-09-22 04:00:00,11.1,6.2,147.0,5.1,1.4,26.0,21.1,98,0.0,11.5
Hubballi,15.3478,75.1338,2025-09-22 05:00:00,10.9,5.6,148.0,4.2,1.7,30.0,21.2,97,0.0,11.2
Hubballi,15.3478,75.1338,2025-09-22 06:00:00,11.3,6.0,149.0,4.4,1.8,31.0,22.0,97,0.0,10.9
Hubballi,15.3478,75.1338,2025-09-22 07:00:00,12.7,6.8,149.0,4.7,1.8,32.0,22.4,95,0.0,13.6
Hubballi,15.3478,75.1338,2025-09-22 08:00:00,14.0,7.1,148.0,4.6,1.8,36.0,23.2,89,0.0,12.1
Hubballi,15.3478,75.1338,2025-09-22 09:00:00,17.0,7.8,144.0,3.7,1.6,43.0,23.7,85,0.0,11.4
Hubballi,15.3478,75.1338,2025-09-22 10:00:00,18.6,8.4,137.0,2.3,1.2,53.0,24.6,80,0.0,12.8
Hubballi,15.3478,75.1338,2025-09-22 11:00:00,19.3,8.6,133.0,1.3,1.0,60.0,26.0,72,0.0,14.9
Hubballi,15.3478,75.1338,2025-09-22 12:00:00,19.3,8.7,131.0,0.9,0.9,64.0,26.7,68,0.0,13.4
Hubballi,15.3478,75.1338,2025-09-22 13:00:00,19.1,8.8,130.0,0.9,0.9,66.0,27.8,63,0.0,14.1
Hubballi,15.3478,75.1338,2025-09-22 14:00:00,18.5,8.7,134.0,1.2,0.9,66.0,27.1,65,0.5,15.5
Hubballi,15.3478,75.1338,2025-09-22 15:00:00,17.8,8.6,147.0,1.9,1.0,64.0,25.5,75,0.2,16.4
Hubballi,15.3478,75.1338,2025-09-22 16:00:00,17.8,8.9,165.0,3.0,1.1,60.0,24.3,82,0.2,18.1
Hubballi,15.3478,75.1338,2025-09-22 17:00:00,19.3,10.1,178.0,3.1,1.3,60.0,23.8,85,0.1,18.9
Hubballi,15.3478,75.1338,2025-09-22 18:00:00,17.2,9.9,182.0,4.2,1.5,54.0,22.9,91,0.0,15.3
Hubballi,15.3478,75.1338,2025-09-22 19:00:00,17.3,10.1,182.0,5.7,1.9,46.0,22.6,92,0.0,15.7
Hubballi,15.3478,75.1338,2025-09-22 20:00:00,17.8,10.1,181.0,6.8,2.1,40.0,22.3,93,0.0,15.9
Hubballi,15.3478,75.1338,2025-09-22 21:00:00,18.3,10.1,183.0,7.1,2.2,37.0,22.0,93,0.0,13.8
Hubballi,15.3478,75.1338,2025-09-22 22:00:00,18.7,10.0,184.0,6.9,2.2,35.0,21.9,94,0.0,12.0
Hubballi,15.3478,75.1338,2025-09-22 23:00:00,18.6,9.7,181.0,6.6,2.1,33.0,21.8,95,0.0,11.2
Hubballi,15.3478,75.1338,2025-09-23 00:00:00,18.0,9.1,170.0,6.1,2.0,32.0,21.5,97,0.0,9.8
Hubballi,15.3478,75.1338,2025-09-23 01:00:00,17.8,8.9,154.0,5.5,1.8,31.0,21.2,98,0.0,10.2
Hubballi,15.3478,75.1338,2025-09-23 02:00:00,17.7,8.8,142.0,5.0,1.6,30.0,21.1,98,0.1,9.4
Hubballi,15.3478,75.1338,2025-09-23 03:00:00,17.8,8.7,138.0,4.7,1.4,30.0,21.2,97,0.1,9.6
Hubballi,15.3478,75.1338,2025-09-23 04:00:00,17.0,8.5,139.0,4.4,1.3,29.0,21.1,97,0.1,9.2
Hubballi,15.3478,75.1338,2025-09-23 05:00:00,16.5,7.6,140.0,4.6,1.9,30.0,21.1,97,0.1,9.8
Hubballi,15.3478,75.1338,2025-09-23 06:00:00,16.5,7.9,143.0,5.0,2.0,31.0,21.6,96,0.1,11.7
Hubballi,15.3478,75.1338,2025-09-23 07:00:00,19.5,9.1,147.0,5.4,2.1,33.0,22.0,93,0.0,12.0
Hubballi,15.3478,75.1338,2025-09-23 08:00:00,21.5,10.0,148.0,5.4,2.1,36.0,22.8,88,0.0,13.3
Hubballi,15.3478,75.1338,2025-09-23 09:00:00,21.6,10.3,142.0,4.4,1.8,41.0,24.0,81,0.0,13.5
Hubballi,15.3478,75.1338,2025-09-23 10:00:00,20.3,10.3,134.0,2.8,1.5,48.0,25.6,72,0.0,16.0
Hubballi,15.3478,75.1338,2025-09-23 11:00:00,18.7,9.8,128.0,1.8,1.2,53.0,25.9,68,0.0,16.4
Hubballi,15.3478,75.1338,2025-09-23 12:00:00,19.3,10.7,127.0,1.7,1.1,56.0,25.0,74,0.1,15.1
Hubballi,15.3478,75.1338,2025-09-23 13:00:00,13.3,8.1,130.0,2.2,1.2,57.0,24.5,79,0.1,15.7
Hubballi,15.3478,75.1338,2025-09-23 14:00:00,11.0,7.1,135.0,2.9,1.2,57.0,25.6,76,0.1,17.1
Hubballi,15.3478,75.1338,2025-09-23 15:00:00,10.8,7.0,145.0,3.9,1.1,54.0,25.6,75,0.8,20.2
Hubballi,15.3478,75.1338,2025-09-23 16:00:00,8.8,5.8,159.0,5.1,0.9,48.0,23.7,84,1.8,15.7
Hubballi,15.3478,75.1338,2025-09-23 17:00:00,7.9,5.9,169.0,7.8,1.2,45.0,22.4,94,3.1,12.6
Hubballi,15.3478,75.1338,2025-09-23 18:00:00,7.9,6.1,175.0,8.8,1.5,41.0,22.4,94,0.3,12.1
Hubballi,15.3478,75.1338,2025-09-23 19:00:00,8.7,6.6,178.0,10.1,1.8,35.0,22.1,93,0.0,11.6
Hubballi,15.3478,75.1338,2025-09-23 20:00:00,9.1,6.7,178.0,10.8,2.1,31.0,21.8,91,0.0,12.6
Hubballi,15.3478,75.1338,2025-09-23 21:00:00,9.6,6.7,174.0,10.5,2.2,30.0,21.5,90,0.0,13.2
Hubballi,15.3478,75.1338,2025-09-23 22:00:00,10.1,6.7,166.0,9.6,2.1,30.0,21.3,92,0.0,11.2
Hubballi,15.3478,75.1338,2025-09-23 23:00:00,10.8,6.5,158.0,8.5,2.0,30.0,21.0,93,0.0,9.5
Hubballi,15.3478,75.1338,2025-09-24 00:00:00,11.6,6.3,149.0,7.3,1.8,31.0,20.7,95,0.0,10.3
Hubballi,15.3478,75.1338,2025-09-24 01:00:00,11.7,6.0,139.0,5.9,1.7,32.0,20.3,97,0.0,10.3
Hubballi,15.3478,75.1338,2025-09-24 02:00:00,11.9,5.9,133.0,4.8,1.5,33.0,20.3,98,0.0,10.7
Hubballi,15.3478,75.1338,2025-09-24 03:00:00,12.4,6.1,131.0,4.3,1.4,33.0,20.3,98,0.0,11.4
Hubballi,15.3478,75.1338,2025-09-24 04:00:00,13.4,6.5,132.0,4.1,1.4,33.0,20.6,98,0.0,11.3
Hubballi,15.3478,75.1338,2025-09-24 05:00:00,10.3,5.1,136.0,3.5,1.3,36.0,20.6,98,0.0,10.9
Hubballi,15.3478,75.1338,2025-09-24 06:00:00,10.2,5.4,145.0,4.0,1.4,37.0,21.1,97,0.1,11.6
Hubballi,15.3478,75.1338,2025-09-24 07:00:00,10.0,5.5,157.0,4.6,1.6,37.0,21.7,92,0.0,12.9
Hubballi,15.3478,75.1338,2025-09-24 08:00:00,10.1,5.5,161.0,4.7,1.6,40.0,21.9,92,0.1,12.5
Hubballi,15.3478,75.1338,2025-09-24 09:00:00,9.8,5.5,151.0,3.7,1.4,46.0,22.6,90,0.1,12.6
Hubballi,15.3478,75.1338,2025-09-24 10:00:00,9.9,5.4,133.0,2.2,1.1,53.0,23.7,85,0.0,15.1
Hubballi,15.3478,75.1338,2025-09-24 11:00:00,11.1,5.9,119.0,1.1,0.8,58.0,24.7,81,0.0,15.6
Hubballi,15.3478,75.1338,2025-09-24 12:00:00,10.7,5.7,111.0,1.0,0.7,60.0,25.8,75,0.0,17.0
Hubballi,15.3478,75.1338,2025-09-24 13:00:00,9.3,5.4,106.0,1.3,0.7,60.0,26.6,69,0.0,20.0
Hubballi,15.3478,75.1338,2025-09-24 14:00:00,7.5,5.0,106.0,1.8,0.7,59.0,26.6,69,0.0,19.1
Hubballi,15.3478,75.1338,2025-09-24 15:00:00,6.1,4.4,113.0,2.4,0.7,58.0,25.0,75,0.1,20.9
Hubballi,15.3478,75.1338,2025-09-24 16:00:00,5.5,4.0,125.0,3.1,0.8,55.0,25.1,76,0.1,18.6
Hubballi,15.3478,75.1338,2025-09-24 17:00:00,11.4,7.3,134.0,3.4,0.8,53.0,24.5,77,0.1,18.9
Hubballi,15.3478,75.1338,2025-09-24 18:00:00,10.6,7.5,138.0,4.7,1.1,48.0,23.3,86,0.0,15.0
Hubballi,15.3478,75.1338,2025-09-24 19:00:00,10.2,7.3,139.0,6.4,1.5,41.0,22.5,88,0.0,15.4
Hubballi,15.3478,75.1338,2025-09-24 20:00:00,9.9,7.0,141.0,7.6,1.8,36.0,21.6,92,0.0,14.4
Hubballi,15.3478,75.1338,2025-09-24 21:00:00,9.2,6.6,146.0,7.8,1.8,33.0,21.2,95,0.0,14.3
Hubballi,15.3478,75.1338,2025-09-24 22:00:00,8.8,6.4,151.0,7.4,1.7,32.0,21.2,95,0.0,14.7
Hubballi,15.3478,75.1338,2025-09-24 23:00:00,8.4,6.1,152.0,6.7,1.5,32.0,21.5,93,0.0,14.7
Hubballi,15.3478,75.1338,2025-09-25 00:00:00,7.3,5.1,145.0,5.5,1.2,33.0,21.4,93,0.0,13.0
Hubballi,15.3478,75.1338,2025-09-25 01:00:00,6.3,4.5,133.0,4.0,0.8,35.0,21.1,95,0.0,10.6
Hubballi,15.3478,75.1338,2025-09-25 02:00:00,5.4,3.9,125.0,2.9,0.6,36.0,21.1,95,0.0,11.6
Hubballi,15.3478,75.1338,2025-09-25 03:00:00,4.5,3.3,124.0,2.6,0.6,35.0,21.2,94,0.0,12.6
Hubballi,15.3478,75.1338,2025-09-25 04:00:00,3.8,2.9,126.0,2.8,0.8,33.0,20.9,96,0.0,11.0
Hubballi,15.3478,75.1338,2025-09-25 05:00:00,2.9,2.2,128.0,2.4,0.8,34.0,20.9,97,0.0,11.6
Hubballi,15.3478,75.1338,2025-09-25 06:00:00,2.7,2.2,131.0,2.7,0.9,34.0,21.6,94,0.0,11.5
Hubballi,15.3478,75.1338,2025-09-25 07:00:00,2.8,2.4,134.0,3.2,1.0,34.0,22.2,90,0.0,13.6
Hubballi,15.3478,75.1338,2025-09-25 08:00:00,3.0,2.4,136.0,3.3,1.1,36.0,23.6,82,0.0,14.5
Hubballi,15.3478,75.1338,2025-09-25 09:00:00,3.9,2.9,134.0,2.7,1.1,42.0,25.3,73,0.0,14.8
Hubballi,15.3478,75.1338,2025-09-25 10:00:00,4.5,3.4,129.0,1.8,1.0,49.0,25.9,72,0.0,14.4
Hubballi,15.3478,75.1338,2025-09-25 11:00:00,4.7,3.2,126.0,1.2,0.9,55.0,26.8,70,0.0,15.0
Hubballi,15.3478,75.1338,2025-09-25 12:00:00,5.3,3.5,124.0,1.0,0.8,57.0,27.7,65,0.0,14.4
Hubballi,15.3478,75.1338,2025-09-25 13:00:00,5.7,3.6,123.0,1.2,0.7,58.0,25.8,73,1.4,18.2
Hubballi,15.3478,75.1338,2025-09-25 14:00:00,5.2,3.7,125.0,1.6,0.7,57.0,25.9,75,0.6,19.4
Hubballi,15.3478,75.1338,2025-09-25 15:00:00,4.4,3.6,132.0,2.5,0.7,55.0,25.2,79,0.8,13.9
Hubballi,15.3478,75.1338,2025-09-25 16:00:00,3.7,3.1,142.0,3.7,0.8,53.0,23.5,85,2.7,16.0
Hubballi,15.3478,75.1338,2025-09-25 17:00:00,5.1,4.0,150.0,3.4,0.9,54.0,23.1,88,0.2,16.2
Hubballi,15.3478,75.1338,2025-09-25 18:00:00,5.0,4.4,155.0,4.4,1.0,49.0,23.4,87,0.0,14.2
Hubballi,15.3478,75.1338,2025-09-25 19:00:00,4.9,4.4,159.0,5.7,1.2,42.0,22.6,91,0.0,17.0
Hubballi,15.3478,75.1338,2025-09-25 20:00:00,4.6,4.0,160.0,6.6,1.4,36.0,21.9,93,0.0,16.2
Hubballi,15.3478,75.1338,2025-09-25 21:00:00,4.4,3.8,157.0,6.6,1.5,34.0,21.5,95,0.0,15.1
Hubballi,15.3478,75.1338,2025-09-25 22:00:00,4.5,3.7,151.0,6.1,1.5,33.0,21.7,95,0.0,14.8
Hubballi,15.3478,75.1338,2025-09-25 23:00:00,4.7,3.8,144.0,5.5,1.5,33.0,21.4,95,0.0,13.6
Hubballi,15.3478,75.1338,2025-09-26 00:00:00,4.7,3.6,134.0,4.8,1.5,33.0,20.9,95,0.0,13.5
Hubballi,15.3478,75.1338,2025-09-26 01:00:00,4.8,3.6,122.0,4.0,1.4,34.0,20.6,96,0.0,13.9
Hubballi,15.3478,75.1338,2025-09-26 02:00:00,5.2,3.7,113.0,3.4,1.3,34.0,20.5,96,0.0,12.7
Hubballi,15.3478,75.1338,2025-09-26 03:00:00,5.1,3.7,109.0,3.0,1.2,34.0,20.6,95,0.0,14.0
Hubballi,15.3478,75.1338,2025-09-26 04:00:00,4.9,3.5,110.0,2.7,1.2,34.0,20.6,95,0.0,13.0
Hubballi,15.3478,75.1338,2025-09-26 05:00:00,4.3,3.1,114.0,2.8,1.1,34.0,20.5,95,0.0,12.5
Hubballi,15.3478,75.1338,2025-09-26 06:00:00,4.8,3.3,127.0,3.0,1.2,35.0,21.6,92,0.0,13.1
Hubballi,15.3478,75.1338,2025-09-26 07:00:00,5.5,3.8,145.0,3.4,1.3,36.0,21.4,95,1.2,13.5
Hubballi,15.3478,75.1338,2025-09-26 08:00:00,6.2,4.0,155.0,3.4,1.3,38.0,21.7,95,0.6,13.6
Hubballi,15.3478,75.1338,2025-09-26 09:00:00,6.5,4.0,148.0,2.8,1.2,43.0,22.2,91,0.6,16.3
Hubballi,15.3478,75.1338,2025-09-26 10:00:00,6.5,4.0,133.0,1.9,1.1,49.0,23.5,84,0.1,17.9
Hubballi,15.3478,75.1338,2025-09-26 11:00:00,6.1,3.8,122.0,1.6,1.0,53.0,25.3,77,0.0,16.4
Hubballi,15.3478,75.1338,2025-09-26 12:00:00,5.8,3.7,120.0,2.3,1.0,52.0,25.9,72,0.0,18.5
Hubballi,15.3478,75.1338,2025-09-26 13:00:00,5.2,3.6,123.0,3.5,1.0,49.0,24.6,77,0.1,16.6
Hubballi,15.3478,75.1338,2025-09-26 14:00:00,4.7,3.8,129.0,4.7,1.1,46.0,24.0,81,0.7,17.5
Hubballi,15.3478,75.1338,2025-09-26 15:00:00,5.0,4.2,142.0,5.9,1.2,43.0,22.7,91,2.5,17.1
Hubballi,15.3478,75.1338,2025-09-26 16:00:00,4.9,4.2,159.0,7.1,1.3,40.0,22.0,95,3.9,16.6
Hubballi,15.3478,75.1338,2025-09-26 17:00:00,5.9,5.1,170.0,9.5,1.9,40.0,21.8,96,3.9,16.0
Hubballi,15.3478,75.1338,2025-09-26 18:00:00,5.5,4.7,171.0,9.4,1.9,38.0,21.8,96,1.7,15.4
Hubballi,15.3478,75.1338,2025-09-26 19:00:00,5.0,4.5,166.0,9.3,1.8,34.0,21.5,97,3.4,14.8
Hubballi,15.3478,75.1338,2025-09-26 20:00:00,4.3,4.0,161.0,8.9,1.8,32.0,21.3,96,1.1,13.6
Hubballi,15.3478,75.1338,2025-09-26 21:00:00,3.6,3.4,157.0,8.1,1.7,31.0,21.2,97,1.0,12.9
Hubballi,15.3478,75.1338,2025-09-26 22:00:00,2.8,2.7,152.0,7.1,1.7,32.0,21.1,97,1.1,15.4
Hubballi,15.3478,75.1338,2025-09-26 23:00:00,2.0,1.9,146.0,6.1,1.6,32.0,21.1,97,2.2,15.2
Hubballi,15.3478,75.1338,2025-09-27 00:00:00,1.4,1.3,137.0,5.1,1.5,33.0,21.0,97,3.2,14.5
Hubballi,15.3478,75.1338,2025-09-27 01:00:00,1.1,1.0,127.0,4.1,1.5,33.0,21.1,97,4.2,14.5
Hubballi,15.3478,75.1338,2025-09-27 02:00:00,0.8,0.7,119.0,3.4,1.4,34.0,21.0,96,4.5,14.3
Hubballi,15.3478,75.1338,2025-09-27 03:00:00,0.7,0.7,114.0,2.9,1.4,34.0,21.0,97,3.9,15.3
Hubballi,15.3478,75.1338,2025-09-27 04:00:00,0.6,0.6,111.0,2.7,1.4,33.0,21.1,98,3.3,15.1
Hubballi,15.3478,75.1338,2025-09-27 05:00:00,0.6,0.6,114.0,3.4,1.5,31.0,21.1,97,3.8,16.7
Hubballi,15.3478,75.1338,2025-09-27 06:00:00,0.9,0.9,130.0,4.5,1.5,31.0,21.3,97,3.1,12.7
Hubballi,15.3478,75.1338,2025-09-27 07:00:00,1.5,1.5,152.0,5.9,1.6,30.0,21.1,97,4.0,14.3
Hubballi,15.3478,75.1338,2025-09-27 08:00:00,1.9,1.8,166.0,6.6,1.6,31.0,21.3,96,4.7,14.3
Hubballi,15.3478,75.1338,2025-09-27 09:00:00,2.4,2.1,164.0,6.0,1.6,34.0,21.6,96,2.0,13.8
Hubballi,15.3478,75.1338,2025-09-27 10:00:00,3.1,2.4,154.0,4.7,1.5,37.0,21.8,96,2.5,14.5
Hubballi,15.3478,75.1338,2025-09-27 11:00:00,3.8,2.9,144.0,3.8,1.4,40.0,21.6,97,4.2,14.7
Hubballi,15.3478,75.1338,2025-09-27 12:00:00,4.1,3.2,137.0,3.7,1.4,41.0,21.8,97,7.9,14.8
Hubballi,15.3478,75.1338,2025-09-27 13:00:00,4.0,3.1,130.0,3.9,1.3,42.0,21.7,96,6.3,20.4
Hubballi,15.3478,75.1338,2025-09-27 14:00:00,3.9,3.2,128.0,4.4,1.3,42.0,22.1,96,2.3,19.1
Hubballi,15.3478,75.1338,2025-09-27 15:00:00,3.5,2.9,134.0,5.3,1.3,41.0,21.9,95,3.2,17.5
Hubballi,15.3478,75.1338,2025-09-27 16:00:00,3.2,2.8,144.0,6.3,1.3,39.0,22.1,94,1.0,18.1
Hubballi,15.3478,75.1338,2025-09-27 17:00:00,3.0,2.6,153.0,6.5,1.3,42.0,22.0,94,0.2,19.7
Hubballi,15.3478,75.1338,2025-09-27 18:00:00,2.6,2.3,160.0,6.6,1.4,40.0,21.3,93,0.2,21.3
Hubballi,15.3478,75.1338,2025-09-27 19:00:00,2.2,2.1,166.0,6.6,1.6,37.0,20.9,94,0.1,20.9
Hubballi,15.3478,75.1338,2025-09-27 20:00:00,2.0,1.9,167.0,6.5,1.7,35.0,20.6,96,0.0,18.5
Hubballi,15.3478,75.1338,2025-09-27 21:00:00,1.9,1.9,159.0,6.1,1.7,35.0,20.7,97,0.0,16.5
Hubballi,15.3478,75.1338,2025-09-27 22:00:00,1.8,1.7,146.0,5.5,1.6,35.0,20.7,97,0.0,17.6
Hubballi,15.3478,75.1338,2025-09-27 23:00:00,1.4,1.3,134.0,4.9,1.5,36.0,20.8,97,0.0,16.8
Hubballi,15.3478,75.1338,2025-09-28 00:00:00,1.1,1.0,126.0,4.1,1.4,37.0,21.0,97,0.0,16.0
Hubballi,15.3478,75.1338,2025-09-28 01:00:00,1.2,0.9,119.0,3.3,1.2,39.0,21.0,98,0.0,16.5
Hubballi,15.3478,75.1338,2025-09-28 02:00:00,1.8,1.3,114.0,2.6,1.1,40.0,21.0,99,0.0,17.7
Hubballi,15.3478,75.1338,2025-09-28 03:00:00,2.4,1.6,112.0,2.2,1.0,41.0,21.1,99,0.0,18.1
Hubballi,15.3478,75.1338,2025-09-28 04:00:00,3.1,2.0,112.0,2.0,0.9,41.0,21.1,99,0.1,20.2
Hubballi,15.3478,75.1338,2025-09-28 05:00:00,2.7,1.7,114.0,2.2,0.9,41.0,21.0,100,0.1,20.4
Hubballi,15.3478,75.1338,2025-09-28 06:00:00,2.7,1.9,119.0,3.4,1.0,39.0,21.4,97,0.3,20.3
Hubballi,15.3478,75.1338,2025-09-28 07:00:00,2.7,2.3,127.0,5.1,1.1,36.0,21.5,97,0.0,20.1
Hubballi,15.3478,75.1338,2025-09-28 08:00:00,2.7,2.4,133.0,5.9,1.2,36.0,22.1,93,0.2,22.2
Hubballi,15.3478,75.1338,2025-09-28 09:00:00,1.4,1.3,136.0,5.0,1.1,40.0,22.3,96,1.8,18.2
Hubballi,15.3478,75.1338,2025-09-28 10:00:00,1.2,1.1,137.0,3.2,0.9,47.0,22.0,99,6.0,16.5
Hubballi,15.3478,75.1338,2025-09-28 11:00:00,1.0,1.0,139.0,2.0,0.8,52.0,22.5,91,0.6,17.3
Hubballi,15.3478,75.1338,2025-09-28 12:00:00,1.1,1.1,142.0,1.9,0.8,53.0,22.9,89,0.3,20.0
Hubballi,15.3478,75.1338,2025-09-28 13:00:00,1.2,1.2,144.0,2.3,0.9,53.0,23.0,92,0.9,20.0
Hubballi,15.3478,75.1338,2025-09-28 14:00:00,1.5,1.5,146.0,2.9,0.9,52.0,22.4,93,1.8,19.7
Hubballi,15.3478,75.1338,2025-09-28 15:00:00,1.6,1.6,146.0,3.8,0.9,50.0,22.5,93,0.3,20.1
Hubballi,15.3478,75.1338,2025-09-28 16:00:00,1.6,1.6,146.0,4.9,0.8,48.0,22.4,92,0.2,20.7
Hubballi,15.3478,75.1338,2025-09-28 17:00:00,4.2,3.5,146.0,6.6,1.3,51.0,22.1,94,0.2,19.4
Hubballi,15.3478,75.1338,2025-09-28 18:00:00,4.0,3.4,147.0,6.9,1.3,48.0,22.5,92,0.0,15.9
Hubballi,15.3478,75.1338,2025-09-28 19:00:00,3.0,2.7,148.0,7.3,1.3,44.0,21.7,97,0.0,15.2
Hubballi,15.3478,75.1338,2025-09-28 20:00:00,2.1,2.1,148.0,7.3,1.3,42.0,21.3,98,0.0,15.1
Hubballi,15.3478,75.1338,2025-09-28 21:00:00,1.7,1.7,146.0,6.6,1.2,42.0,21.2,98,0.1,15.8
Hubballi,15.3478,75.1338,2025-09-28 22:00:00,1.5,1.5,142.0,5.6,1.0,43.0,21.1,99,0.0,14.4
Hubballi,15.3478,75.1338,2025-09-28 23:00:00,1.0,1.0,137.0,4.5,0.8,45.0,21.3,97,0.0,15.4
Hubballi,15.3478,75.1338,2025-09-29 00:00:00,0.6,0.6,129.0,3.5,0.7,47.0,21.0,98,0.1,16.1
Hubballi,15.3478,75.1338,2025-09-29 01:00:00,0.6,0.5,120.0,2.5,0.6,50.0,20.7,98,2.5,13.3
Hubballi,15.3478,75.1338,2025-09-29 02:00:00,0.5,0.4,114.0,1.8,0.6,51.0,20.5,98,4.8,12.7
Hubballi,15.3478,75.1338,2025-09-29 03:00:00,0.4,0.4,112.0,1.5,0.6,50.0,20.5,98,7.8,15.5
Hubballi,15.3478,75.1338,2025-09-29 04:00:00,0.4,0.4,113.0,1.5,0.6,49.0,20.5,98,7.7,16.4
Hubballi,15.3478,75.1338,2025-09-29 05:00:00,0.3,0.3,117.0,1.7,0.7,48.0,20.8,98,0.7,17.6
Hubballi,15.3478,75.1338,2025-09-29 06:00:00,0.6,0.6,125.0,3.4,0.9,44.0,21.8,96,0.4,17.7
Hubballi,15.3478,75.1338,2025-09-29 07:00:00,1.1,1.1,136.0,5.5,1.1,39.0,21.6,97,0.7,20.1
Hubballi,15.3478,75.1338,2025-09-29 08:00:00,1.8,1.8,142.0,6.6,1.2,37.0,22.2,95,0.1,14.9
Hubballi,15.3478,75.1338,2025-09-29 09:00:00,1.9,1.5,138.0,5.4,1.0,40.0,23.2,89,0.3,18.4
Hubballi,15.3478,75.1338,2025-09-29 10:00:00,3.3,2.4,128.0,3.0,0.6,47.0,24.5,82,0.1,21.8
Hubballi,15.3478,75.1338,2025-09-29 11:00:00,1.5,1.0,120.0,1.2,0.4,52.0,23.5,87,0.7,20.9
Hubballi,15.3478,75.1338,2025-09-29 12:00:00,2.5,1.8,115.0,0.7,0.4,54.0,25.1,82,0.5,23.1
Hubballi,15.3478,75.1338,2025-09-29 13:00:00,3.7,2.4,112.0,0.8,0.4,56.0,25.6,74,0.2,27.6
Hubballi,15.3478,75.1338,2025-09-29 14:00:00,5.3,3.0,112.0,1.1,0.5,56.0,25.5,75,0.2,28.1
Hubballi,15.3478,75.1338,2025-09-29 15:00:00,9.5,4.8,116.0,1.5,0.5,56.0,24.5,79,0.5,24.2
Hubballi,15.3478,75.1338,2025-09-29 16:00:00,10.9,5.7,122.0,2.0,0.6,55.0,24.9,75,0.0,26.0
Hubballi,15.3478,75.1338,2025-09-29 17:00:00,14.8,7.9,129.0,3.4,0.8,52.0,23.3,82,0.1,22.4
Hubballi,15.3478,75.1338,2025-09-29 18:00:00,15.6,8.4,138.0,4.2,1.0,49.0,22.2,91,0.0,17.9
Hubballi,15.3478,75.1338,2025-09-29 19:00:00,14.0,7.8,148.0,5.2,1.2,44.0,21.8,94,0.0,15.3
Hubballi,15.3478,75.1338,2025-09-29 20:00:00,12.0,6.9,153.0,5.8,1.3,41.0,21.5,96,0.0,12.7
Hubballi,15.3478,75.1338,2025-09-29 21:00:00,11.3,6.5,148.0,5.7,1.2,40.0,21.7,94,0.0,15.0
Hubballi,15.3478,75.1338,2025-09-29 22:00:00,11.0,6.1,137.0,5.2,1.1,40.0,21.3,95,0.0,13.5
Hubballi,15.3478,75.1338,2025-09-29 23:00:00,10.6,5.6,128.0,4.6,0.9,40.0,20.7,97,0.0,11.9
Hubballi,15.3478,75.1338,2025-09-30 00:00:00,11.2,5.3,121.0,3.8,0.7,41.0,20.7,99,0.0,12.5
Hubballi,15.3478,75.1338,2025-09-30 01:00:00,11.8,5.4,116.0,2.8,0.5,43.0,20.9,98,0.0,13.0
Hubballi,15.3478,75.1338,2025-09-30 02:00:00,12.8,5.7,114.0,2.1,0.4,44.0,20.8,98,0.0,14.4
Hubballi,15.3478,75.1338,2025-09-30 03:00:00,12.1,5.6,117.0,1.9,0.4,43.0,20.8,98,0.0,15.9
Hubballi,15.3478,75.1338,2025-09-30 04:00:00,12.8,5.8,123.0,2.0,0.4,42.0,20.9,96,0.1,15.9
Hubballi,15.3478,75.1338,2025-09-30 05:00:00,9.6,4.7,128.0,2.3,0.6,41.0,20.6,99,0.0,14.0
Hubballi,15.3478,75.1338,2025-09-30 06:00:00,10.8,4.9,133.0,2.6,0.7,42.0,21.2,97,0.1,15.1
Hubballi,15.3478,75.1338,2025-09-30 07:00:00,13.0,5.6,138.0,2.9,0.7,44.0,21.7,93,0.0,17.9
Hubballi,15.3478,75.1338,2025-09-30 08:00:00,13.7,6.2,139.0,3.0,0.8,46.0,23.1,84,0.0,21.1
Hubballi,15.3478,75.1338,2025-09-30 09:00:00,17.2,7.6,134.0,2.5,0.8,49.0,24.4,77,0.0,19.4
Hubballi,15.3478,75.1338,2025-09-30 10:00:00,17.7,8.1,126.0,1.7,0.8,53.0,25.5,72,0.1,19.5
Hubballi,15.3478,75.1338,2025-09-30 11:00:00,14.8,7.2,120.0,1.1,0.8,56.0,26.3,67,0.1,19.7
Hubballi,15.3478,75.1338,2025-09-30 12:00:00,10.9,5.7,118.0,1.0,0.7,57.0,26.5,67,0.2,23.4
Hubballi,15.3478,75.1338,2025-09-30 13:00:00,7.9,4.5,119.0,1.1,0.7,57.0,26.8,67,0.2,22.0
Hubballi,15.3478,75.1338,2025-09-30 14:00:00,6.4,4.0,121.0,1.4,0.6,56.0,26.7,65,0.3,24.1
Hubballi,15.3478,75.1338,2025-09-30 15:00:00,5.6,3.6,125.0,2.0,0.6,54.0,24.9,77,0.2,22.0
Hubballi,15.3478,75.1338,2025-09-30 16:00:00,4.7,3.2,132.0,2.8,0.6,52.0,24.9,75,0.1,23.0
Hubballi,15.3478,75.1338,2025-09-30 17:00:00,4.2,3.2,138.0,4.2,0.7,47.0,22.9,84,0.2,20.5
Hubballi,15.3478,75.1338,2025-09-30 18:00:00,4.7,3.7,145.0,5.0,0.9,44.0,21.9,92,0.2,17.5
Hubballi,15.3478,75.1338,2025-09-30 19:00:00,4.9,4.0,152.0,6.1,1.2,39.0,21.6,95,0.0,16.7
Hubballi,15.3478,75.1338,2025-09-30 20:00:00,4.8,3.8,157.0,6.8,1.3,36.0,21.4,96,0.0,14.5
Hubballi,15.3478,75.1338,2025-09-30 21:00:00,4.8,3.8,158.0,6.7,1.2,35.0,21.2,97,0.0,15.2
Hubballi,15.3478,75.1338,2025-09-30 22:00:00,5.3,4.1,156.0,6.3,1.1,35.0,20.9,98,0.0,12.5
Hubballi,15.3478,75.1338,2025-09-30 23:00:00,5.3,3.8,152.0,5.6,0.9,36.0,20.9,97,0.0,11.9
Hubballi,15.3478,75.1338,2025-10-01 00:00:00,5.2,3.6,143.0,4.7,0.8,37.0,21.0,96,0.0,12.0
Hubballi,15.3478,75.1338,2025-10-01 01:00:00,5.7,3.3,131.0,3.7,0.7,39.0,20.8,98,0.0,10.9
Hubballi,15.3478,75.1338,2025-10-01 02:00:00,4.7,2.9,122.0,2.9,0.6,40.0,20.8,98,0.0,10.2
Hubballi,15.3478,75.1338,2025-10-01 03:00:00,4.1,2.5,118.0,2.5,0.6,40.0,20.6,99,0.1,11.7
Hubballi,15.3478,75.1338,2025-10-01 04:00:00,3.4,2.2,116.0,2.4,0.7,39.0,20.7,99,0.0,13.2
Hubballi,15.3478,75.1338,2025-10-01 05:00:00,1.9,1.4,117.0,2.4,0.7,40.0,21.7,99,0.0,8.9
Hubballi,15.3478,75.1338,2025-10-01 06:00:00,2.4,1.8,121.0,2.7,0.7,40.0,21.6,99,0.1,14.1
Hubballi,15.3478,75.1338,2025-10-01 07:00:00,2.3,1.8,127.0,3.1,0.8,41.0,21.8,96,0.1,14.7
Hubballi,15.3478,75.1338,2025-10-01 08:00:00,2.2,1.7,130.0,3.2,0.8,43.0,22.5,93,0.2,20.0
Hubballi,15.3478,75.1338,2025-10-01 09:00:00,3.1,2.2,125.0,2.7,0.7,46.0,24.2,83,0.3,18.1
Hubballi,15.3478,75.1338,2025-10-01 10:00:00,4.6,2.8,117.0,1.8,0.7,51.0,25.5,75,0.2,20.6
Hubballi,15.3478,75.1338,2025-10-01 11:00:00,4.8,2.9,111.0,1.2,0.6,54.0,26.3,72,0.2,21.7
Hubballi,15.3478,75.1338,2025-10-01 12:00:00,4.7,2.7,109.0,1.0,0.6,56.0,26.7,70,0.1,25.0
Hubballi,15.3478,75.1338,2025-10-01 13:00:00,4.9,2.8,109.0,1.1,0.6,56.0,27.0,68,0.2,24.2
Hubballi,15.3478,75.1338,2025-10-01 14:00:00,5.1,3.2,111.0,1.5,0.6,56.0,26.4,72,1.3,25.5
Hubballi,15.3478,75.1338,2025-10-01 15:00:00,5.7,3.5,114.0,2.2,0.6,54.0,25.4,73,0.3,22.6
Hubballi,15.3478,75.1338,2025-10-01 16:00:00,6.5,4.0,119.0,3.1,0.7,51.0,25.1,74,0.0,25.0
Hubballi,15.3478,75.1338,2025-10-01 17:00:00,7.5,4.7,125.0,4.1,0.8,47.0,23.4,87,0.1,18.0
Hubballi,15.3478,75.1338,2025-10-01 18:00:00,5.8,4.1,135.0,4.8,0.9,44.0,22.5,92,0.0,17.9
Hubballi,15.3478,75.1338,2025-10-01 19:00:00,4.6,3.5,147.0,5.7,1.0,41.0,21.9,96,0.0,15.7
Hubballi,15.3478,75.1338,2025-10-01 20:00:00,3.9,3.2,154.0,6.2,1.1,38.0,21.5,97,0.0,15.9
Hubballi,15.3478,75.1338,2025-10-01 21:00:00,3.3,2.7,151.0,5.9,1.0,37.0,21.8,93,0.0,16.7
Hubballi,15.3478,75.1338,2025-10-01 22:00:00,2.8,2.2,142.0,5.1,0.8,38.0,21.4,94,0.0,15.1
Hubballi,15.3478,75.1338,2025-10-01 23:00:00,2.5,2.0,134.0,4.3,0.7,38.0,21.6,97,0.0,16.3
Hubballi,15.3478,75.1338,2025-10-02 00:00:00,2.5,1.8,129.0,3.6,0.6,38.0,21.6,95,0.1,12.9
Hubballi,15.3478,75.1338,2025-10-02 01:00:00,3.0,2.0,126.0,2.8,0.5,39.0,21.5,95,0.1,11.9
Hubballi,15.3478,75.1338,2025-10-02 02:00:00,2.8,1.8,123.0,2.3,0.5,39.0,21.2,96,0.2,10.9
Hubballi,15.3478,75.1338,2025-10-02 03:00:00,2.5,1.5,121.0,2.2,0.5,38.0,21.4,94,0.2,9.6
Hubballi,15.3478,75.1338,2025-10-02 04:00:00,2.0,1.3,120.0,2.3,0.5,38.0,21.2,98,0.5,8.9
Hubballi,15.3478,75.1338,2025-10-02 05:00:00,1.1,0.9,120.0,2.6,0.7,37.0,21.4,98,0.3,13.7
Hubballi,15.3478,75.1338,2025-10-02 06:00:00,1.0,0.9,122.0,3.2,0.8,36.0,21.3,98,0.1,15.4
Hubballi,15.3478,75.1338,2025-10-02 07:00:00,1.1,1.1,126.0,3.9,0.9,36.0,21.8,95,0.1,19.3
Hubballi,15.3478,75.1338,2025-10-02 08:00:00,1.9,1.6,127.0,4.1,0.9,37.0,23.2,86,0.0,18.8
Hubballi,15.3478,75.1338,2025-10-02 09:00:00,2.3,1.9,122.0,3.4,0.8,41.0,24.0,83,0.2,18.0
Hubballi,15.3478,75.1338,2025-10-02 10:00:00,2.7,2.0,115.0,2.1,0.7,47.0,25.7,74,0.2,19.0
Hubballi,15.3478,75.1338,2025-10-02 11:00:00,3.3,2.1,110.0,1.2,0.6,52.0,26.7,71,0.2,19.1
Hubballi,15.3478,75.1338,2025-10-02 12:00:00,4.0,2.4,111.0,0.9,0.5,54.0,27.2,67,0.1,19.8
Hubballi,15.3478,75.1338,2025-10-02 13:00:00,4.6,2.6,115.0,0.9,0.5,54.0,26.3,75,1.4,19.9
Hubballi,15.3478,75.1338,2025-10-02 14:00:00,4.9,2.8,120.0,1.2,0.5,53.0,26.3,73,0.1,19.4
Hubballi,15.3478,75.1338,2025-10-02 15:00:00,4.9,3.0,124.0,1.8,0.5,52.0,25.2,77,0.2,21.7
Hubballi,15.3478,75.1338,2025-10-02 16:00:00,4.9,3.1,128.0,2.6,0.6,50.0,25.3,76,0.0,18.9
Hubballi,15.3478,75.1338,2025-10-02 17:00:00,7.0,4.4,133.0,3.6,0.7,44.0,24.6,82,0.0,19.2
Hubballi,15.3478,75.1338,2025-10-02 18:00:00,6.7,4.8,143.0,4.6,0.9,41.0,23.3,90,0.0,16.3
Hubballi,15.3478,75.1338,2025-10-02 19:00:00,6.6,4.9,154.0,5.9,1.2,37.0,22.6,94,0.0,12.4
Hubballi,15.3478,75.1338,2025-10-02 20:00:00,5.9,4.5,159.0,6.6,1.3,34.0,22.0,97,0.0,13.1
Hubballi,15.3478,75.1338,2025-10-02 21:00:00,4.9,3.8,151.0,6.3,1.2,34.0,21.8,98,0.0,13.9
Hubballi,15.3478,75.1338,2025-10-02 22:00:00,4.4,3.4,137.0,5.4,0.9,34.0,21.6,97,0.0,13.1
Hubballi,15.3478,75.1338,2025-10-02 23:00:00,4.2,3.2,125.0,4.5,0.7,35.0,22.1,98,0.0,14.3
Hubballi,15.3478,75.1338,2025-10-03 00:00:00,4.0,2.8,119.0,3.7,0.6,35.0,22.1,97,0.1,15.9
Hubballi,15.3478,75.1338,2025-10-03 01:00:00,4.0,2.8,115.0,3.0,0.5,35.0,21.7,97,0.0,14.6
Hubballi,15.3478,75.1338,2025-10-03 02:00:00,4.1,2.8,114.0,2.5,0.5,35.0,21.4,98,0.0,13.0
Hubballi,15.3478,75.1338,2025-10-03 03:00:00,3.7,2.5,119.0,2.5,0.6,34.0,21.2,98,0.0,11.8
Hubballi,15.3478,75.1338,2025-10-03 04:00:00,3.0,2.1,127.0,2.8,0.8,32.0,21.0,99,0.0,10.3
Hubballi,15.3478,75.1338,2025-10-03 05:00:00,2.2,1.7,133.0,2.8,0.8,32.0,21.4,98,0.0,11.8
Hubballi,15.3478,75.1338,2025-10-03 06:00:00,2.4,1.7,136.0,3.0,0.8,33.0,21.6,97,0.0,12.5
Hubballi,15.3478,75.1338,2025-10-03 07:00:00,2.3,1.8,136.0,3.2,0.9,34.0,22.2,94,0.0,14.9
Hubballi,15.3478,75.1338,2025-10-03 08:00:00,2.3,1.9,134.0,3.2,0.9,37.0,23.4,86,0.1,14.7
Hubballi,15.3478,75.1338,2025-10-03 09:00:00,2.4,1.8,128.0,2.6,0.8,42.0,24.9,78,0.1,15.7
Hubballi,15.3478,75.1338,2025-10-03 10:00:00,2.7,1.9,118.0,1.7,0.7,47.0,26.3,71,0.2,15.4
Hubballi,15.3478,75.1338,2025-10-03 11:00:00,3.1,2.1,112.0,1.1,0.6,52.0,27.4,65,0.2,16.1
Hubballi,15.3478,75.1338,2025-10-03 12:00:00,3.3,2.2,110.0,0.9,0.6,55.0,28.0,62,0.1,17.3
Hubballi,15.3478,75.1338,2025-10-03 13:00:00,3.9,2.5,110.0,0.9,0.6,57.0,28.3,62,0.1,16.6
Hubballi,15.3478,75.1338,2025-10-03 14:00:00,4.3,2.8,113.0,1.1,0.6,58.0,28.5,61,0.1,16.5
Hubballi,15.3478,75.1338,2025-10-03 15:00:00,4.8,3.1,119.0,1.5,0.6,57.0,28.1,62,0.0,17.1
Hubballi,15.3478,75.1338,2025-10-03 16:00:00,5.2,3.3,128.0,2.2,0.6,55.0,27.5,63,0.0,17.1
Hubballi,15.3478,75.1338,2025-10-03 17:00:00,8.3,5.4,137.0,3.6,0.8,53.0,26.1,72,0.0,18.7
Hubballi,15.3478,75.1338,2025-10-03 18:00:00,8.7,6.3,146.0,5.6,1.1,47.0,24.7,78,0.0,16.5
Hubballi,15.3478,75.1338,2025-10-03 19:00:00,9.2,6.8,155.0,8.2,1.6,39.0,23.9,84,0.0,14.0
Hubballi,15.3478,75.1338,2025-10-03 20:00:00,9.7,7.3,161.0,10.2,1.9,32.0,22.9,90,0.0,11.3
Hubballi,15.3478,75.1338,2025-10-03 21:00:00,10.3,7.8,162.0,10.9,2.0,28.0,22.1,94,0.0,11.3
Hubballi,15.3478,75.1338,2025-10-03 22:00:00,10.7,8.1,159.0,10.9,2.1,26.0,21.6,97,0.0,10.1
Hubballi,15.3478,75.1338,2025-10-03 23:00:00,10.7,8.0,153.0,10.2,1.9,25.0,22.1,99,0.0,9.1
Hubballi,15.3478,75.1338,2025-10-04 00:00:00,11.7,8.1,142.0,8.4,1.5,27.0,22.2,98,0.0,11.7
Hubballi,15.3478,75.1338,2025-10-04 01:00:00,12.0,8.3,127.0,5.9,0.8,32.0,21.7,97,0.0,11.0
Hubballi,15.3478,75.1338,2025-10-04 02:00:00,10.2,7.0,117.0,4.0,0.4,35.0,21.2,98,0.0,9.3
Hubballi,15.3478,75.1338,2025-10-04 03:00:00,10.4,7.2,116.0,3.3,0.3,36.0,20.9,98,0.0,7.3
Hubballi,15.3478,75.1338,2025-10-04 04:00:00,10.9,7.0,119.0,3.1,0.4,36.0,20.7,98,0.0,6.0
Hubballi,15.3478,75.1338,2025-10-04 05:00:00,11.8,7.2,122.0,3.1,0.4,35.0,21.3,100,0.0,9.0
Hubballi,15.3478,75.1338,2025-10-04 06:00:00,12.4,7.3,123.0,3.7,0.5,35.0,21.6,99,0.1,11.2
Hubballi,15.3478,75.1338,2025-10-04 07:00:00,12.8,7.3,125.0,4.5,0.7,36.0,22.5,93,0.1,10.8
Hubballi,15.3478,75.1338,2025-10-04 08:00:00,12.0,7.0,124.0,4.7,0.8,39.0,24.0,84,0.0,9.1
Hubballi,15.3478,75.1338,2025-10-04 09:00:00,11.5,6.5,120.0,3.7,0.8,46.0,25.5,76,0.1,11.6
Hubballi,15.3478,75.1338,2025-10-04 10:00:00,10.3,5.5,114.0,2.1,0.7,54.0,26.7,69,0.1,13.0
Hubballi,15.3478,75.1338,2025-10-04 11:00:00,10.0,5.1,110.0,1.0,0.6,61.0,27.8,65,0.1,12.7
Hubballi,15.3478,75.1338,2025-10-04 12:00:00,9.9,5.0,108.0,0.7,0.5,64.0,28.3,62,0.1,14.9
Hubballi,15.3478,75.1338,2025-10-04 13:00:00,9.9,5.1,108.0,0.7,0.5,64.0,28.3,62,0.1,16.3
Hubballi,15.3478,75.1338,2025-10-04 14:00:00,9.1,4.8,111.0,1.1,0.5,63.0,28.3,66,0.2,16.9
Hubballi,15.3478,75.1338,2025-10-04 15:00:00,8.3,4.6,117.0,1.8,0.6,61.0,27.6,66,1.0,17.6
Hubballi,15.3478,75.1338,2025-10-04 16:00:00,7.7,4.5,126.0,2.8,0.7,58.0,26.6,69,0.0,19.1
Hubballi,15.3478,75.1338,2025-10-04 17:00:00,9.7,5.1,137.0,3.2,0.7,55.0,25.7,75,0.0,17.4
Hubballi,15.3478,75.1338,2025-10-04 18:00:00,9.3,5.7,152.0,4.3,1.0,49.0,24.7,79,0.0,14.9
Hubballi,15.3478,75.1338,2025-10-04 19:00:00,9.5,5.9,169.0,5.9,1.3,42.0,23.8,84,0.0,14.1
Hubballi,15.3478,75.1338,2025-10-04 20:00:00,9.9,6.0,179.0,7.2,1.6,35.0,23.0,88,0.0,13.7
Hubballi,15.3478,75.1338,2025-10-04 21:00:00,10.5,6.4,176.0,8.2,1.8,31.0,22.3,91,0.0,12.5
Hubballi,15.3478,75.1338,2025-10-04 22:00:00,11.4,6.9,165.0,9.0,1.8,28.0,21.8,94,0.0,11.0
Hubballi,15.3478,75.1338,2025-10-04 23:00:00,12.0,7.2,154.0,9.1,1.8,27.0,21.4,96,0.0,9.9
Hubballi,15.3478,75.1338,2025-10-05 00:00:00,12.3,7.2,142.0,8.2,1.6,28.0,21.2,98,0.1,7.6
Hubballi,15.3478,75.1338,2025-10-05 01:00:00,13.1,7.5,130.0,6.7,1.2,30.0,21.2,98,0.1,8.7
Hubballi,15.3478,75.1338,2025-10-05 02:00:00,13.4,7.5,125.0,5.5,0.9,31.0,21.4,97,0.0,9.9
Hubballi,15.3478,75.1338,2025-10-05 03:00:00,12.7,7.9,132.0,5.1,0.7,30.0,21.2,97,0.1,8.0
Hubballi,15.3478,75.1338,2025-10-05 04:00:00,15.5,9.1,146.0,5.1,0.6,29.0,21.3,96,0.0,8.5
Hubballi,15.3478,75.1338,2025-10-05 05:00:00,12.1,6.8,156.0,4.8,1.1,30.0,21.3,98,0.0,6.8
Hubballi,15.3478,75.1338,2025-10-05 06:00:00,15.0,7.6,156.0,4.8,1.1,32.0,21.5,97,0.0,6.1
Hubballi,15.3478,75.1338,2025-10-05 07:00:00,18.8,8.7,152.0,4.7,1.2,36.0,22.4,92,0.0,9.8
Hubballi,15.3478,75.1338,2025-10-05 08:00:00,21.4,9.3,146.0,4.3,1.2,41.0,23.8,83,0.0,9.3
Hubballi,15.3478,75.1338,2025-10-05 09:00:00,23.7,9.8,139.0,3.4,1.1,49.0,25.3,75,0.1,7.8
Hubballi,15.3478,75.1338,2025-10-05 10:00:00,22.9,9.6,131.0,2.3,1.0,59.0,26.3,70,0.2,9.0
Hubballi,15.3478,75.1338,2025-10-05 11:00:00,21.1,9.0,125.0,1.4,0.9,66.0,27.1,73,0.3,9.1
Hubballi,15.3478,75.1338,2025-10-05 12:00:00,19.5,8.5,120.0,1.0,0.9,70.0,28.0,64,0.0,11.5
Hubballi,15.3478,75.1338,2025-10-05 13:00:00,17.6,8.0,117.0,0.9,0.9,72.0,27.2,67,0.3,12.7
Hubballi,15.3478,75.1338,2025-10-05 14:00:00,16.6,7.7,118.0,1.2,0.9,72.0,27.1,65,1.7,15.2
Hubballi,15.3478,75.1338,2025-10-05 15:00:00,15.4,7.1,126.0,2.0,0.9,70.0,27.4,65,0.2,13.3
Hubballi,15.3478,75.1338,2025-10-05 16:00:00,13.5,7.0,139.0,3.2,1.0,66.0,25.6,71,0.3,14.9
Hubballi,15.3478,75.1338,2025-10-05 17:00:00,16.2,9.1,152.0,4.6,1.2,59.0,25.0,76,0.3,17.8
Hubballi,15.3478,75.1338,2025-10-05 18:00:00,17.8,10.3,165.0,6.0,1.5,53.0,24.1,81,0.0,15.8
Hubballi,15.3478,75.1338,2025-10-05 19:00:00,20.1,11.3,179.0,8.0,2.0,45.0,23.2,84,0.0,14.6
Hubballi,15.3478,75.1338,2025-10-05 20:00:00,22.3,12.2,189.0,9.7,2.3,38.0,22.6,86,0.0,10.4
Hubballi,15.3478,75.1338,2025-10-05 21:00:00,24.5,13.0,196.0,11.0,2.5,33.0,21.9,89,0.0,9.2
Hubballi,15.3478,75.1338,2025-10-05 22:00:00,27.8,14.3,199.0,12.0,2.6,30.0,21.3,92,0.0,8.1
Hubballi,15.3478,75.1338,2025-10-05 23:00:00,30.4,15.1,198.0,12.5,2.6,27.0,21.4,96,0.0,10.5
Hubballi,15.3478,75.1338,2025-10-06 00:00:00,30.9,14.9,188.0,12.1,2.3,25.0,21.2,97,0.0,9.1
Hubballi,15.3478,75.1338,2025-10-06 01:00:00,33.1,15.4,173.0,11.1,1.9,24.0,20.9,98,0.0,7.9
Hubballi,15.3478,75.1338,2025-10-06 02:00:00,37.3,16.9,165.0,10.0,1.5,24.0,20.5,98,0.0,7.8
Hubballi,15.3478,75.1338,2025-10-06 03:00:00,39.6,18.4,171.0,8.9,1.1,25.0,20.1,98,0.0,5.8
Hubballi,15.3478,75.1338,2025-10-06 04:00:00,40.7,19.2,185.0,7.7,0.6,27.0,19.8,98,0.0,4.2
Hubballi,15.3478,75.1338,2025-10-06 05:00:00,43.3,18.5,193.0,5.8,0.4,32.0,20.9,97,0.0,7.8
Hubballi,15.3478,75.1338,2025-10-06 06:00:00,46.8,19.3,192.0,5.7,0.6,35.0,21.0,95,0.0,7.4
Hubballi,15.3478,75.1338,2025-10-06 07:00:00,51.9,20.4,186.0,5.5,0.9,40.0,21.6,91,0.0,6.6
Hubballi,15.3478,75.1338,2025-10-06 08:00:00,59.1,20.8,178.0,5.0,1.1,48.0,23.2,82,0.0,5.5
Hubballi,15.3478,75.1338,2025-10-06 09:00:00,67.1,21.5,167.0,3.9,1.3,60.0,24.8,74,0.0,6.1
Hubballi,15.3478,75.1338,2025-10-06 10:00:00,71.2,22.8,155.0,2.4,1.4,76.0,26.4,65,0.0,8.7
Hubballi,15.3478,75.1338,2025-10-06 11:00:00,71.5,23.5,146.0,1.4,1.5,87.0,27.6,59,0.0,10.3
Hubballi,15.3478,75.1338,2025-10-06 12:00:00,67.5,23.4,141.0,0.9,1.5,93.0,28.4,55,0.0,11.8
Hubballi,15.3478,75.1338,2025-10-06 13:00:00,62.6,22.8,140.0,0.8,1.4,95.0,28.8,51,0.0,12.5
Hubballi,15.3478,75.1338,2025-10-06 14:00:00,56.7,21.7,144.0,1.3,1.4,94.0,28.8,52,0.0,12.9
Hubballi,15.3478,75.1338,2025-10-06 15:00:00,51.1,20.5,157.0,2.7,1.4,90.0,28.2,51,0.0,12.9
Hubballi,15.3478,75.1338,2025-10-06 16:00:00,46.1,19.4,175.0,4.6,1.4,82.0,27.6,54,0.0,13.7
Hubballi,15.3478,75.1338,2025-10-06 17:00:00,34.2,16.9,186.0,6.1,1.4,73.0,26.2,63,0.0,14.1
Hubballi,15.3478,75.1338,2025-10-06 18:00:00,31.1,16.5,184.0,6.8,1.6,65.0,24.3,71,0.0,15.7
Hubballi,15.3478,75.1338,2025-10-06 19:00:00,29.1,15.5,177.0,7.7,1.9,55.0,22.9,80,0.0,15.2
Hubballi,15.3478,75.1338,2025-10-06 20:00:00,28.9,14.8,172.0,8.4,2.2,46.0,21.8,87,0.0,14.9
Hubballi,15.3478,75.1338,2025-10-06 21:00:00,28.4,14.0,177.0,8.7,2.4,41.0,21.0,91,0.0,14.1
Hubballi,15.3478,75.1338,2025-10-06 22:00:00,28.6,13.6,184.0,8.8,2.5,38.0,20.5,95,0.0,12.4
Hubballi,15.3478,75.1338,2025-10-06 23:00:00,29.3,13.5,187.0,8.6,2.4,36.0,21.0,98,0.0,11.3
Hubballi,15.3478,75.1338,2025-10-07 00:00:00,29.9,13.3,179.0,8.1,2.1,34.0,21.1,99,0.0,13.4
Hubballi,15.3478,75.1338,2025-10-07 01:00:00,30.6,13.6,166.0,7.3,1.6,33.0,20.8,98,0.0,13.0
Hubballi,15.3478,75.1338,2025-10-07 02:00:00,31.4,14.3,155.0,6.6,1.2,33.0,20.5,98,0.0,11.9
Hubballi,15.3478,75.1338,2025-10-07 03:00:00,29.2,15.1,151.0,6.0,0.9,33.0,20.4,97,0.0,11.2
Hubballi,15.3478,75.1338,2025-10-07 04:00:00,33.4,16.4,149.0,5.5,0.5,33.0,20.3,97,0.0,10.7
Hubballi,15.3478,75.1338,2025-10-07 05:00:00,26.7,14.2,148.0,4.4,0.5,36.0,20.4,96,0.0,10.9
Hubballi,15.3478,75.1338,2025-10-07 06:00:00,30.7,15.1,146.0,4.3,0.7,40.0,20.5,96,0.0,10.5
Hubballi,15.3478,75.1338,2025-10-07 07:00:00,35.7,14.9,145.0,4.2,1.0,45.0,21.1,93,0.0,9.6
Hubballi,15.3478,75.1338,2025-10-07 08:00:00,36.2,14.3,144.0,3.9,1.2,52.0,22.3,86,0.0,8.8
Hubballi,15.3478,75.1338,2025-10-07 09:00:00,34.2,13.6,142.0,3.1,1.2,61.0,24.1,76,0.0,7.6
Hubballi,15.3478,75.1338,2025-10-07 10:00:00,30.2,12.3,141.0,2.1,1.2,70.0,25.6,69,0.1,5.0
Hubballi,15.3478,75.1338,2025-10-07 11:00:00,26.9,11.4,140.0,1.4,1.1,78.0,27.0,63,0.1,4.0
Hubballi,15.3478,75.1338,2025-10-07 12:00:00,26.5,11.7,139.0,1.1,1.0,83.0,27.8,59,0.0,5.1
Hubballi,15.3478,75.1338,2025-10-07 13:00:00,23.1,10.5,139.0,1.1,0.9,86.0,28.2,57,0.0,5.6
Hubballi,15.3478,75.1338,2025-10-07 14:00:00,21.0,9.9,142.0,1.5,0.9,87.0,28.4,55,0.0,5.9
Hubballi,15.3478,75.1338,2025-10-07 15:00:00,18.6,9.1,149.0,2.4,1.0,84.0,28.5,54,0.0,6.0
Hubballi,15.3478,75.1338,2025-10-07 16:00:00,16.4,8.4,159.0,3.6,1.1,78.0,27.9,56,0.0,8.1
Hubballi,15.3478,75.1338,2025-10-07 17:00:00,21.4,11.4,167.0,6.2,1.1,78.0,26.8,63,0.0,9.1
Hubballi,15.3478,75.1338,2025-10-07 18:00:00,17.4,11.0,173.0,7.1,1.4,69.0,24.9,73,0.0,15.4
Hubballi,15.3478,75.1338,2025-10-07 19:00:00,13.4,9.4,177.0,8.4,1.9,56.0,23.2,86,0.0,15.1
Hubballi,15.3478,75.1338,2025-10-07 20:00:00,10.7,7.9,182.0,9.4,2.2,46.0,22.4,92,0.0,13.3
Hubballi,15.3478,75.1338,2025-10-07 21:00:00,9.1,7.1,189.0,9.8,2.4,40.0,21.8,94,0.0,10.7
Hubballi,15.3478,75.1338,2025-10-07 22:00:00,8.3,6.8,197.0,10.0,2.5,37.0,21.4,96,0.0,7.6
Hubballi,15.3478,75.1338,2025-10-07 23:00:00,8.2,6.9,200.0,10.4,2.5,33.0,21.7,98,0.0,6.1
Hubballi,15.3478,75.1338,2025-10-08 00:00:00,9.0,7.7,194.0,11.6,2.4,28.0,21.7,98,0.0,7.3
Hubballi,15.3478,75.1338,2025-10-08 01:00:00,10.5,9.2,183.0,13.1,2.2,24.0,21.6,98,0.0,7.2
Hubballi,15.3478,75.1338,2025-10-08 02:00:00,12.9,11.6,178.0,13.8,2.0,21.0,21.7,96,0.0,6.6
Hubballi,15.3478,75.1338,2025-10-08 03:00:00,15.3,14.0,183.0,12.7,1.7,21.0,21.5,96,0.0,4.2
Hubballi,15.3478,75.1338,2025-10-08 04:00:00,15.0,13.9,193.0,10.8,1.5,24.0,21.1,97,0.0,1.2
Hubballi,15.3478,75.1338,2025-10-08 05:00:00,15.4,14.4,201.0,11.6,1.3,22.0,20.6,100,0.0,0.6
Hubballi,15.3478,75.1338,2025-10-08 06:00:00,14.4,13.7,205.0,10.5,1.6,26.0,21.1,99,0.0,4.2
Hubballi,15.3478,75.1338,2025-10-08 07:00:00,13.6,13.2,208.0,9.0,1.9,33.0,21.6,98,0.0,5.8
Hubballi,15.3478,75.1338,2025-10-08 08:00:00,9.3,8.7,206.0,7.3,2.1,44.0,23.9,86,0.0,8.0
Hubballi,15.3478,75.1338,2025-10-08 09:00:00,9.4,7.9,197.0,5.4,1.9,63.0,25.9,74,0.1,9.1
Hubballi,15.3478,75.1338,2025-10-08 10:00:00,11.8,8.6,183.0,3.4,1.6,86.0,27.4,67,0.1,7.5
Hubballi,15.3478,75.1338,2025-10-08 11:00:00,14.6,9.6,173.0,2.0,1.3,104.0,28.2,62,0.1,5.2
Hubballi,15.3478,75.1338,2025-10-08 12:00:00,15.5,10.0,169.0,1.4,1.2,113.0,28.5,60,0.1,4.3
Hubballi,15.3478,75.1338,2025-10-08 13:00:00,15.7,10.3,168.0,1.4,1.1,116.0,28.4,62,0.3,5.6
Hubballi,15.3478,75.1338,2025-10-08 14:00:00,15.4,10.3,174.0,1.8,1.1,117.0,28.8,61,0.0,2.2
Hubballi,15.3478,75.1338,2025-10-08 15:00:00,15.5,10.5,190.0,2.6,1.1,115.0,28.7,62,0.0,2.2
Hubballi,15.3478,75.1338,2025-10-08 16:00:00,15.5,10.7,212.0,3.8,1.1,110.0,27.5,65,0.3,5.0
Hubballi,15.3478,75.1338,2025-10-08 17:00:00,18.7,14.1,236.0,7.0,1.4,103.0,27.6,68,0.0,3.0
Hubballi,15.3478,75.1338,2025-10-08 18:00:00,20.5,16.6,260.0,10.9,2.0,89.0,25.4,77,0.0,4.2
Hubballi,15.3478,75.1338,2025-10-08 19:00:00,21.0,17.6,285.0,16.1,2.7,70.0,24.8,78,0.0,9.5
Hubballi,15.3478,75.1338,2025-10-08 20:00:00,21.7,18.5,307.0,19.9,3.3,56.0,24.4,82,0.0,10.7
Hubballi,15.3478,75.1338,2025-10-08 21:00:00,24.0,20.5,331.0,21.0,3.5,50.0,23.8,85,0.0,13.1
Hubballi,15.3478,75.1338,2025-10-08 22:00:00,26.5,23.1,353.0,20.6,3.4,50.0,23.5,83,0.1,10.0
Hubballi,15.3478,75.1338,2025-10-08 23:00:00,21.3,18.5,355.0,19.1,3.3,51.0,23.3,86,0.1,4.0
Hubballi,15.3478,75.1338,2025-10-09 00:00:00,19.0,16.6,319.0,16.0,3.0,55.0,23.2,87,0.0,9.0
Hubballi,15.3478,75.1338,2025-10-09 01:00:00,18.5,15.9,262.0,11.7,2.6,62.0,22.6,86,0.0,7.7
Hubballi,15.3478,75.1338,2025-10-09 02:00:00,19.3,16.4,223.0,8.5,2.3,67.0,21.9,87,0.0,5.5
Hubballi,15.3478,75.1338,2025-10-09 03:00:00,19.1,16.1,220.0,7.2,2.2,68.0,21.2,89,0.4,10.3
Hubballi,15.3478,75.1338,2025-10-09 04:00:00,16.4,14.1,235.0,6.9,2.2,68.0,21.1,92,0.1,4.9
Hubballi,15.3478,75.1338,2025-10-09 05:00:00,18.7,16.5,245.0,8.4,2.8,58.0,20.4,92,0.0,14.8
Hubballi,15.3478,75.1338,2025-10-09 06:00:00,20.5,18.6,243.0,8.2,3.0,62.0,21.0,92,0.1,14.7
Hubballi,15.3478,75.1338,2025-10-09 07:00:00,21.7,19.4,237.0,7.9,3.2,67.0,21.6,90,0.1,13.9
Hubballi,15.3478,75.1338,2025-10-09 08:00:00,21.9,19.2,229.0,7.2,3.3,76.0,22.8,86,0.0,11.1
Hubballi,15.3478,75.1338,2025-10-09 09:00:00,18.9,16.4,216.0,5.6,3.2,91.0,25.3,74,0.0,11.9
Hubballi,15.3478,75.1338,2025-10-09 10:00:00,17.6,15.3,200.0,3.5,3.1,109.0,27.0,68,0.0,8.6
Hubballi,15.3478,75.1338,2025-10-09 11:00:00,16.4,14.3,190.0,2.0,2.8,122.0,27.4,70,0.0,4.4
Hubballi,15.3478,75.1338,2025-10-09 12:00:00,15.7,13.6,187.0,1.4,2.4,126.0,27.9,66,0.2,4.7
Hubballi,15.3478,75.1338,2025-10-09 13:00:00,14.1,12.4,190.0,1.5,1.9,124.0,28.0,63,0.0,5.2
Hubballi,15.3478,75.1338,2025-10-09 14:00:00,16.5,14.6,201.0,2.2,1.6,120.0,27.5,66,0.2,3.6
Hubballi,15.3478,75.1338,2025-10-09 15:00:00,16.1,14.5,217.0,4.0,1.5,114.0,23.8,83,5.2,6.2
Hubballi,15.3478,75.1338,2025-10-09 16:00:00,14.5,13.2,241.0,6.4,1.5,107.0,24.3,81,0.1,5.0
Hubballi,15.3478,75.1338,2025-10-09 17:00:00,12.5,12.2,280.0,6.4,2.4,110.0,26.1,69,0.0,4.7
Hubballi,15.3478,75.1338,2025-10-09 18:00:00,17.2,16.6,358.0,9.9,2.6,99.0,24.8,80,0.3,2.4
Hubballi,15.3478,75.1338,2025-10-09 19:00:00,19.6,18.9,451.0,14.7,2.9,83.0,23.9,83,0.5,3.2
Hubballi,15.3478,75.1338,2025-10-09 20:00:00,17.0,16.2,494.0,17.8,3.1,71.0,23.6,85,0.0,3.4
Hubballi,15.3478,75.1338,2025-10-09 21:00:00,17.0,16.1,441.0,17.7,3.2,67.0,23.6,85,0.0,3.2
Hubballi,15.3478,75.1338,2025-10-09 22:00:00,17.2,16.1,337.0,15.9,3.1,66.0,22.7,90,0.0,2.0
Hubballi,15.3478,75.1338,2025-10-09 23:00:00,17.2,15.8,257.0,14.4,3.1,65.0,22.6,89,0.1,5.6
Hubballi,15.3478,75.1338,2025-10-10 00:00:00,17.9,16.2,229.0,13.8,3.1,61.0,22.6,93,0.1,5.6
Hubballi,15.3478,75.1338,2025-10-10 01:00:00,20.1,17.9,223.0,13.5,3.0,57.0,21.0,96,0.1,10.8
Hubballi,15.3478,75.1338,2025-10-10 02:00:00,21.0,18.6,229.0,12.9,2.9,54.0,20.7,95,0.0,3.3
Hubballi,15.3478,75.1338,2025-10-10 03:00:00,20.2,17.9,248.0,11.6,2.7,53.0,20.9,95,0.0,5.5
Hubballi,15.3478,75.1338,2025-10-10 04:00:00,20.4,17.8,278.0,10.0,2.5,52.0,21.2,93,0.0,5.1
Hubballi,15.3478,75.1338,2025-10-10 05:00:00,30.3,21.4,299.0,9.9,3.1,50.0,22.3,93,0.0,5.5
Hubballi,15.3478,75.1338,2025-10-10 06:00:00,32.8,23.5,303.0,10.9,4.4,52.0,22.4,89,0.4,7.3
Hubballi,15.3478,75.1338,2025-10-10 07:00:00,36.4,26.4,299.0,12.3,6.1,56.0,22.5,90,0.0,6.1
Hubballi,15.3478,75.1338,2025-10-10 08:00:00,36.3,25.8,288.0,12.5,7.7,63.0,23.5,86,0.0,6.9
Hubballi,15.3478,75.1338,2025-10-10 09:00:00,36.4,25.4,268.0,10.5,9.0,77.0,25.0,79,0.0,8.8
Hubballi,15.3478,75.1338,2025-10-10 10:00:00,40.7,28.3,242.0,7.5,10.2,95.0,26.9,69,0.0,11.5
Hubballi,15.3478,75.1338,2025-10-10 11:00:00,42.3,28.9,220.0,5.0,10.7,110.0,28.6,59,0.0,13.9
Hubballi,15.3478,75.1338,2025-10-10 12:00:00,40.3,27.5,203.0,3.5,10.2,119.0,29.2,54,0.0,12.9
Hubballi,15.3478,75.1338,2025-10-10 13:00:00,37.3,25.9,190.0,2.5,9.1,126.0,29.5,53,0.0,12.8
Hubballi,15.3478,75.1338,2025-10-10 14:00:00,35.7,25.2,188.0,3.0,8.1,128.0,29.7,53,0.0,11.6
Hubballi,15.3478,75.1338,2025-10-10 15:00:00,34.9,24.9,198.0,4.2,7.4,127.0,29.3,54,0.0,9.8
Hubballi,15.3478,75.1338,2025-10-10 16:00:00,34.6,25.0,218.0,6.8,6.8,122.0,28.7,56,0.1,8.4
Hubballi,15.3478,75.1338,2025-10-10 17:00:00,29.8,22.8,257.0,11.6,6.1,108.0,27.9,63,0.0,5.1
Hubballi,15.3478,75.1338,2025-10-10 18:00:00,34.5,27.4,338.0,19.0,6.6,91.0,25.8,71,0.0,4.7
Hubballi,15.3478,75.1338,2025-10-10 19:00:00,36.7,30.3,436.0,29.2,7.2,68.0,25.3,71,0.0,7.9
Hubballi,15.3478,75.1338,2025-10-10 20:00:00,35.9,30.3,487.0,36.6,7.8,49.0,24.0,79,0.4,9.5
Hubballi,15.3478,75.1338,2025-10-10 21:00:00,35.3,30.3,447.0,38.5,8.3,40.0,22.6,85,0.0,13.9
Hubballi,15.3478,75.1338,2025-10-10 22:00:00,36.1,31.2,358.0,37.7,8.7,35.0,21.2,92,0.0,9.6
Hubballi,15.3478,75.1338,2025-10-10 23:00:00,38.3,33.1,285.0,37.0,9.0,31.0,20.9,90,0.0,8.3
Hubballi,15.3478,75.1338,2025-10-11 00:00:00,41.1,35.6,249.0,37.9,9.0,26.0,21.9,90,0.0,8.8
Hubballi,15.3478,75.1338,2025-10-11 01:00:00,43.5,38.0,229.0,38.9,8.8,20.0,22.4,90,0.0,2.7
Hubballi,15.3478,75.1338,2025-10-11 02:00:00,44.4,38.8,221.0,39.0,8.5,17.0,22.1,91,0.0,1.8
Hubballi,15.3478,75.1338,2025-10-11 03:00:00,44.4,38.6,230.0,37.7,7.9,14.0,21.7,94,0.0,3.1
Hubballi,15.3478,75.1338,2025-10-11 04:00:00,44.8,39.0,251.0,35.4,7.1,12.0,21.0,95,0.0,4.2
Hubballi,15.3478,75.1338,2025-10-11 05:00:00,51.3,44.7,273.0,36.2,7.9,13.0,21.9,98,0.0,6.1
Hubballi,15.3478,75.1338,2025-10-11 06:00:00,51.7,45.3,297.0,29.8,7.8,30.0,22.0,97,0.0,7.8
Hubballi,15.3478,75.1338,2025-10-11 07:00:00,52.3,45.8,321.0,20.9,7.7,54.0,23.3,92,0.0,7.1
Hubballi,15.3478,75.1338,2025-10-11 08:00:00,46.4,38.8,329.0,13.3,7.8,78.0,25.2,81,0.0,7.1
Hubballi,15.3478,75.1338,2025-10-11 09:00:00,41.2,32.1,306.0,8.4,8.7,102.0,26.9,63,0.0,12.9
Hubballi,15.3478,75.1338,2025-10-11 10:00:00,39.7,29.5,266.0,4.7,9.9,126.0,27.6,57,0.0,13.6
Hubballi,15.3478,75.1338,2025-10-11 11:00:00,37.7,27.8,235.0,2.3,10.2,143.0,28.5,52,0.0,12.0
Hubballi,15.3478,75.1338,2025-10-11 12:00:00,35.3,25.9,219.0,1.0,8.8,149.0,28.8,50,0.0,10.8
Hubballi,15.3478,75.1338,2025-10-11 13:00:00,33.4,24.5,212.0,0.9,6.6,147.0,29.3,49,0.0,9.9
Hubballi,15.3478,75.1338,2025-10-11 14:00:00,32.2,23.7,217.0,1.8,4.9,143.0,29.6,47,0.0,8.6
Hubballi,15.3478,75.1338,2025-10-11 15:00:00,32.0,23.6,239.0,3.8,4.1,137.0,29.6,46,0.0,6.9
Hubballi,15.3478,75.1338,2025-10-11 16:00:00,31.5,23.6,274.0,6.9,3.8,128.0,29.6,46,0.0,5.6
Hubballi,15.3478,75.1338,2025-10-11 17:00:00,33.2,26.2,313.0,11.7,4.0,115.0,28.2,55,0.0,7.1
Hubballi,15.3478,75.1338,2025-10-11 18:00:00,37.6,30.2,358.0,17.2,4.3,99.0,26.3,58,0.0,7.0
Hubballi,15.3478,75.1338,2025-10-11 19:00:00,38.4,31.8,408.0,24.7,4.7,78.0,25.9,58,0.0,11.0
Hubballi,15.3478,75.1338,2025-10-11 20:00:00,38.8,32.5,443.0,30.1,5.1,60.0,25.2,61,0.0,9.4
Hubballi,15.3478,75.1338,2025-10-11 21:00:00,39.6,33.4,452.0,31.4,5.3,51.0,24.0,67,0.0,6.2
Hubballi,15.3478,75.1338,2025-10-11 22:00:00,40.5,34.2,448.0,30.7,5.4,46.0,22.8,75,0.0,5.4
Hubballi,15.3478,75.1338,2025-10-11 23:00:00,41.7,35.0,449.0,29.5,5.5,43.0,22.2,80,0.0,2.6
Hubballi,15.3478,75.1338,2025-10-12 00:00:00,42.5,35.5,468.0,28.4,5.7,41.0,21.8,83,0.0,5.2
Hubballi,15.3478,75.1338,2025-10-12 01:00:00,43.5,36.0,493.0,27.0,6.0,40.0,21.2,89,0.0,4.8
Hubballi,15.3478,75.1338,2025-10-12 02:00:00,45.2,37.1,507.0,25.5,6.2,39.0,20.7,95,0.0,3.6
Hubballi,15.3478,75.1338,2025-10-12 03:00:00,48.1,39.5,502.0,24.4,6.3,37.0,20.7,98,0.0,2.7
Hubballi,15.3478,75.1338,2025-10-12 04:00:00,49.8,40.7,485.0,23.3,6.3,34.0,20.3,99,0.0,0.3
Hubballi,15.3478,75.1338,2025-10-12 05:00:00,54.1,44.4,461.0,25.6,8.2,38.0,21.2,89,0.0,5.1
Hubballi,15.3478,75.1338,2025-10-12 06:00:00,52.4,43.0,431.0,21.8,8.6,48.0,21.6,84,0.0,7.3
Hubballi,15.3478,75.1338,2025-10-12 07:00:00,46.6,39.7,394.0,16.5,9.1,62.0,23.0,80,0.0,8.4
Hubballi,15.3478,75.1338,2025-10-12 08:00:00,42.5,35.7,353.0,11.7,9.4,79.0,24.9,70,0.0,10.6
Hubballi,15.3478,75.1338,2025-10-12 09:00:00,39.8,33.4,304.0,7.8,9.4,101.0,26.8,62,0.0,14.8
Hubballi,15.3478,75.1338,2025-10-12 10:00:00,37.5,31.0,251.0,4.3,9.1,125.0,28.0,56,0.0,16.7
Hubballi,15.3478,75.1338,2025-10-12 11:00:00,35.9,29.3,213.0,1.9,8.6,143.0,29.1,52,0.0,16.0
Hubballi,15.3478,75.1338,2025-10-12 12:00:00,34.1,28.0,197.0,0.8,7.7,149.0,29.9,49,0.0,15.1
Hubballi,15.3478,75.1338,2025-10-12 13:00:00,32.4,26.8,195.0,0.8,6.5,149.0,30.3,46,0.0,15.0
Hubballi,15.3478,75.1338,2025-10-12 14:00:00,30.6,25.6,203.0,1.7,5.6,145.0,30.4,45,0.0,14.8
Hubballi,15.3478,75.1338,2025-10-12 15:00:00,29.4,24.8,222.0,3.6,5.1,140.0,30.3,43,0.0,14.2
Hubballi,15.3478,75.1338,2025-10-12 16:00:00,28.8,24.7,250.0,6.5,4.8,131.0,29.7,46,0.0,12.4
Hubballi,15.3478,75.1338,2025-10-12 17:00:00,22.4,20.5,280.0,10.3,4.7,118.0,28.2,52,0.0,8.4
Hubballi,15.3478,75.1338,2025-10-12 18:00:00,24.0,22.3,309.0,14.3,4.8,104.0,26.5,55,0.0,9.2
Hubballi,15.3478,75.1338,2025-10-12 19:00:00,24.2,22.8,340.0,19.8,5.0,84.0,25.7,59,0.0,8.3
Hubballi,15.3478,75.1338,2025-10-12 20:00:00,23.0,22.0,373.0,23.5,5.2,69.0,24.5,64,0.0,7.2
Hubballi,15.3478,75.1338,2025-10-12 21:00:00,21.9,21.1,413.0,23.6,5.4,62.0,22.9,73,0.0,5.2
Hubballi,15.3478,75.1338,2025-10-12 22:00:00,21.7,20.9,455.0,21.9,5.7,60.0,22.1,77,0.0,4.2
Hubballi,15.3478,75.1338,2025-10-12 23:00:00,21.6,20.9,484.0,20.2,6.0,58.0,21.8,77,0.0,4.0
Hubballi,15.3478,75.1338,2025-10-13 00:00:00,21.7,20.9,489.0,19.2,6.4,57.0,21.6,78,0.0,3.9
Hubballi,15.3478,75.1338,2025-10-13 01:00:00,22.4,21.4,481.0,18.3,6.8,56.0,21.5,77,0.0,2.7
Hubballi,15.3478,75.1338,2025-10-13 02:00:00,23.6,22.5,472.0,17.7,7.1,55.0,21.3,78,0.0,1.4
Hubballi,15.3478,75.1338,2025-10-13 03:00:00,26.5,25.2,465.0,18.0,7.2,51.0,21.0,80,0.0,0.4
Hubballi,15.3478,75.1338,2025-10-13 04:00:00,28.7,27.2,456.0,18.7,7.1,45.0,20.3,82,0.0,1.6
Hubballi,15.3478,75.1338,2025-10-13 05:00:00,26.7,25.3,452.0,20.6,5.6,39.0,20.5,83,0.0,5.0
Hubballi,15.3478,75.1338,2025-10-13 06:00:00,25.7,24.4,463.0,17.9,5.6,49.0,20.6,84,0.0,6.3
Hubballi,15.3478,75.1338,2025-10-13 07:00:00,24.2,23.1,478.0,14.0,5.6,64.0,22.5,80,0.0,7.9
Hubballi,15.3478,75.1338,2025-10-13 08:00:00,22.5,21.0,466.0,10.3,5.6,81.0,24.7,72,0.0,8.7
Hubballi,15.3478,75.1338,2025-10-13 09:00:00,23.9,21.9,401.0,7.0,5.5,101.0,26.6,65,0.0,11.9
Hubballi,15.3478,75.1338,2025-10-13 10:00:00,24.0,21.8,309.0,3.9,5.3,122.0,28.0,57,0.0,12.6
Hubballi,15.3478,75.1338,2025-10-13 11:00:00,22.7,20.8,239.0,1.7,5.0,138.0,29.0,51,0.0,12.8
Hubballi,15.3478,75.1338,2025-10-13 12:00:00,22.1,20.4,212.0,0.8,4.7,144.0,29.7,49,0.0,13.0
Hubballi,15.3478,75.1338,2025-10-13 13:00:00,21.9,20.3,207.0,0.9,4.3,145.0,30.1,47,0.0,13.5
Hubballi,15.3478,75.1338,2025-10-13 14:00:00,21.8,20.3,210.0,1.7,3.9,143.0,30.2,46,0.0,13.0
Hubballi,15.3478,75.1338,2025-10-13 15:00:00,21.7,20.2,219.0,3.3,3.5,139.0,30.0,45,0.0,13.3
Hubballi,15.3478,75.1338,2025-10-13 16:00:00,21.7,20.4,236.0,5.6,3.2,131.0,29.4,46,0.0,14.2
Hubballi,15.3478,75.1338,2025-10-13 17:00:00,28.9,27.4,251.0,9.5,2.9,117.0,28.2,50,0.0,9.9
Hubballi,15.3478,75.1338,2025-10-13 18:00:00,29.5,28.2,259.0,11.7,3.1,107.0,26.8,53,0.0,11.5
Hubballi,15.3478,75.1338,2025-10-13 19:00:00,29.1,27.9,266.0,14.8,3.4,94.0,26.0,55,0.0,12.2
Hubballi,15.3478,75.1338,2025-10-13 20:00:00,28.9,27.8,280.0,16.8,3.7,83.0,25.2,58,0.0,11.5
Hubballi,15.3478,75.1338,2025-10-13 21:00:00,28.9,27.8,310.0,17.0,3.8,77.0,24.4,61,0.0,10.9
Hubballi,15.3478,75.1338,2025-10-13 22:00:00,28.7,27.6,348.0,16.3,3.8,73.0,23.4,65,0.0,9.4
Hubballi,15.3478,75.1338,2025-10-13 23:00:00,28.3,27.2,374.0,15.2,3.9,70.0,22.5,71,0.0,7.9
Hubballi,15.3478,75.1338,2025-10-14 00:00:00,28.1,27.0,379.0,13.8,4.1,68.0,22.1,72,0.0,8.9
Hubballi,15.3478,75.1338,2025-10-14 01:00:00,28.4,27.2,373.0,12.2,4.3,68.0,21.9,74,0.0,9.7
Hubballi,15.3478,75.1338,2025-10-14 02:00:00,29.0,27.7,370.0,11.0,4.6,66.0,21.6,78,0.0,9.5
Hubballi,15.3478,75.1338,2025-10-14 03:00:00,30.0,28.6,378.0,10.8,4.8,61.0,21.2,81,0.0,9.4
Hubballi,15.3478,75.1338,2025-10-14 04:00:00,31.5,30.0,390.0,11.1,5.1,56.0,20.8,84,0.0,10.6
Hubballi,15.3478,75.1338,2025-10-14 05:00:00,31.5,30.0,395.0,9.3,5.7,63.0,21.2,87,0.0,11.0
Hubballi,15.3478,75.1338,2025-10-14 06:00:00,33.9,32.5,391.0,9.6,7.1,67.0,21.2,88,0.0,11.6
Hubballi,15.3478,75.1338,2025-10-14 07:00:00,36.2,35.2,380.0,9.9,9.0,72.0,22.5,85,0.0,11.0
Hubballi,15.3478,75.1338,2025-10-14 08:00:00,41.7,40.4,364.0,9.5,10.1,82.0,24.6,78,0.0,12.3
Hubballi,15.3478,75.1338,2025-10-14 09:00:00,47.3,46.0,336.0,7.6,10.0,99.0,26.6,67,0.0,19.0
Hubballi,15.3478,75.1338,2025-10-14 10:00:00,43.9,43.0,302.0,4.9,9.1,120.0,28.1,59,0.0,19.1
Hubballi,15.3478,75.1338,2025-10-14 11:00:00,39.0,38.3,279.0,2.9,8.0,136.0,28.5,57,0.1,15.9
Hubballi,15.3478,75.1338,2025-10-14 12:00:00,34.9,34.3,273.0,1.9,6.6,145.0,29.2,55,0.2,16.0
Hubballi,15.3478,75.1338,2025-10-14 13:00:00,30.3,29.9,278.0,1.6,5.0,149.0,29.6,54,0.1,13.9
Hubballi,15.3478,75.1338,2025-10-14 14:00:00,27.5,27.2,288.0,2.3,3.8,149.0,30.0,54,0.0,13.5
Hubballi,15.3478,75.1338,2025-10-14 15:00:00,24.6,24.3,304.0,4.5,3.3,144.0,29.9,54,0.0,12.4
Hubballi,15.3478,75.1338,2025-10-14 16:00:00,23.6,23.5,326.0,7.7,3.2,134.0,29.3,56,0.1,12.2
Hubballi,15.3478,75.1338,2025-10-14 17:00:00,24.6,24.4,343.0,11.6,3.4,118.0,28.1,58,0.4,8.3
Hubballi,15.3478,75.1338,2025-10-14 18:00:00,26.9,26.7,354.0,15.1,3.7,105.0,26.5,63,0.0,7.6
Hubballi,15.3478,75.1338,2025-10-14 19:00:00,27.8,27.6,361.0,19.9,4.1,87.0,25.5,68,0.0,6.3
Hubballi,15.3478,75.1338,2025-10-14 20:00:00,26.1,26.0,361.0,23.0,4.4,72.0,24.8,71,0.0,5.7
Hubballi,15.3478,75.1338,2025-10-14 21:00:00,24.9,24.7,349.0,23.2,4.7,64.0,23.9,76,0.0,4.8
Hubballi,15.3478,75.1338,2025-10-14 22:00:00,24.4,24.3,330.0,21.9,5.0,60.0,23.4,79,0.0,4.5
Hubballi,15.3478,75.1338,2025-10-14 23:00:00,23.3,23.3,313.0,19.9,5.1,57.0,21.9,91,0.2,3.2
Hubballi,15.3478,75.1338,2025-10-15 00:00:00,21.0,20.9,303.0,17.1,5.0,57.0,22.1,90,0.0,2.6
Hubballi,15.3478,75.1338,2025-10-15 01:00:00,18.7,18.6,296.0,13.7,4.7,59.0,22.0,91,0.0,8.9
Hubballi,15.3478,75.1338,2025-10-15 02:00:00,17.3,17.2,291.0,11.2,4.7,60.0,21.3,94,0.4,8.8
Hubballi,15.3478,75.1338,2025-10-15 03:00:00,16.8,16.8,288.0,10.5,5.3,57.0,21.0,94,0.2,11.7
Hubballi,15.3478,75.1338,2025-10-15 04:00:00,16.5,16.5,286.0,10.7,6.2,52.0,20.6,97,0.2,13.7
Hubballi,15.3478,75.1338,2025-10-15 05:00:00,13.8,13.8,282.0,8.7,5.4,58.0,21.6,96,0.1,9.6
Hubballi,15.3478,75.1338,2025-10-15 06:00:00,11.1,11.1,277.0,7.8,4.8,63.0,21.6,96,0.0,10.4
Hubballi,15.3478,75.1338,2025-10-15 07:00:00,10.0,10.0,270.0,6.5,3.9,71.0,22.3,93,0.0,8.7
Hubballi,15.3478,75.1338,2025-10-15 08:00:00,11.2,11.1,258.0,5.2,3.0,77.0,24.0,84,0.0,13.0
Hubballi,15.3478,75.1338,2025-10-15 09:00:00,9.5,9.5,238.0,3.8,2.2,82.0,25.7,77,0.0,11.5
Hubballi,15.3478,75.1338,2025-10-15 10:00:00,8.8,8.7,213.0,2.5,1.6,86.0,27.2,71,0.0,13.7
Hubballi,15.3478,75.1338,2025-10-15 11:00:00,8.2,8.1,192.0,1.6,1.1,88.0,28.1,66,0.0,16.8
Hubballi,15.3478,75.1338,2025-10-15 12:00:00,10.3,10.1,177.0,1.4,1.0,87.0,28.9,63,0.0,14.5
Hubballi,15.3478,75.1338,2025-10-15 13:00:00,9.8,9.5,167.0,1.7,1.2,84.0,28.7,62,0.0,12.6
Hubballi,15.3478,75.1338,2025-10-15 14:00:00,9.7,9.5,164.0,2.4,1.4,81.0,28.8,60,0.0,12.8
Hubballi,15.3478,75.1338,2025-10-15 15:00:00,9.9,9.8,175.0,3.5,1.6,80.0,28.7,60,0.0,12.5
Hubballi,15.3478,75.1338,2025-10-15 16:00:00,10.6,10.5,194.0,5.0,1.9,79.0,27.6,65,0.3,12.4
Hubballi,15.3478,75.1338,2025-10-15 17:00:00,18.0,17.6,209.0,7.9,2.1,80.0,26.8,75,0.5,9.8
Hubballi,15.3478,75.1338,2025-10-15 18:00:00,18.9,18.6,214.0,10.9,2.6,70.0,25.4,79,0.0,9.6
Hubballi,15.3478,75.1338,2025-10-15 19:00:00,18.6,18.3,214.0,15.1,3.2,56.0,22.3,92,4.3,13.7
Hubballi,15.3478,75.1338,2025-10-15 20:00:00,17.3,17.2,213.0,17.9,4.0,44.0,22.1,93,2.4,0.8
Hubballi,15.3478,75.1338,2025-10-15 21:00:00,15.8,15.5,211.0,18.2,4.8,38.0,22.0,93,0.1,1.5
Hubballi,15.3478,75.1338,2025-10-15 22:00:00,13.8,13.6,208.0,17.2,5.7,34.0,22.1,95,0.2,5.7
Hubballi,15.3478,75.1338,2025-10-15 23:00:00,12.3,12.1,206.0,16.3,6.6,32.0,22.4,94,0.2,4.8
Hubballi,15.3478,75.1338,2025-10-16 00:00:00,11.4,11.2,205.0,15.9,7.5,31.0,22.2,96,0.0,3.4
Hubballi,15.3478,75.1338,2025-10-16 01:00:00,11.1,10.9,205.0,15.6,8.4,31.0,22.4,94,0.0,7.6
Hubballi,15.3478,75.1338,2025-10-16 02:00:00,11.4,11.2,207.0,15.0,9.0,32.0,22.4,94,0.0,10.6
Hubballi,15.3478,75.1338,2025-10-16 03:00:00,12.3,12.0,214.0,14.1,9.4,33.0,22.1,94,0.0,10.7
Hubballi,15.3478,75.1338,2025-10-16 04:00:00,13.7,13.3,223.0,13.0,9.5,36.0,21.9,95,0.0,11.2
Hubballi,15.3478,75.1338,2025-10-16 05:00:00,12.9,12.5,230.0,9.0,7.0,46.0,22.3,94,0.0,12.6
Hubballi,15.3478,75.1338,2025-10-16 06:00:00,13.8,13.4,235.0,8.6,7.0,53.0,22.3,93,0.0,12.9
Hubballi,15.3478,75.1338,2025-10-16 07:00:00,15.3,14.7,238.0,7.9,7.1,63.0,23.2,89,0.0,16.3
Hubballi,15.3478,75.1338,2025-10-16 08:00:00,16.8,16.1,237.0,7.0,6.8,75.0,24.7,79,0.0,22.0
Hubballi,15.3478,75.1338,2025-10-16 09:00:00,18.9,17.9,231.0,5.6,5.9,89.0,26.1,71,0.0,20.8
Hubballi,15.3478,75.1338,2025-10-16 10:00:00,19.8,18.9,221.0,3.9,4.8,105.0,27.3,62,0.0,20.3
Hubballi,15.3478,75.1338,2025-10-16 11:00:00,20.3,19.3,211.0,2.7,3.9,118.0,28.4,59,0.0,22.4
Hubballi,15.3478,75.1338,2025-10-16 12:00:00,20.5,19.6,197.0,2.0,3.6,126.0,29.4,54,0.0,22.3
Hubballi,15.3478,75.1338,2025-10-16 13:00:00,21.2,20.4,182.0,1.7,3.5,130.0,30.8,46,0.0,21.2
Hubballi,15.3478,75.1338,2025-10-16 14:00:00,21.5,20.7,180.0,2.2,3.5,131.0,30.4,48,0.0,18.7
Hubballi,15.3478,75.1338,2025-10-16 15:00:00,21.0,20.2,201.0,3.9,3.5,127.0,29.1,56,0.0,20.0
Hubballi,15.3478,75.1338,2025-10-16 16:00:00,21.0,20.4,234.0,6.3,3.6,120.0,27.3,65,0.1,19.1
Hubballi,15.3478,75.1338,2025-10-16 17:00:00,24.2,23.1,260.0,8.3,3.2,108.0,27.4,64,0.0,13.8
Hubballi,15.3478,75.1338,2025-10-16 18:00:00,22.9,22.2,273.0,8.1,3.2,103.0,25.9,70,0.0,13.1
Hubballi,15.3478,75.1338,2025-10-16 19:00:00,18.8,18.3,280.0,7.9,3.2,97.0,25.4,74,0.1,13.9
Hubballi,15.3478,75.1338,2025-10-16 20:00:00,17.1,16.7,280.0,7.9,3.3,90.0,25.1,76,0.0,11.3
Hubballi,15.3478,75.1338,2025-10-16 21:00:00,17.2,16.8,271.0,8.3,3.3,84.0,23.9,84,0.0,6.1
Hubballi,15.3478,75.1338,2025-10-16 22:00:00,17.8,17.3,256.0,8.9,3.4,78.0,23.5,86,0.0,9.5
Hubballi,15.3478,75.1338,2025-10-16 23:00:00,18.9,18.5,244.0,9.3,3.6,73.0,23.4,87,0.0,12.3
Hubballi,15.3478,75.1338,2025-10-17 00:00:00,20.0,19.5,237.0,9.2,4.1,70.0,23.4,87,0.0,13.7
Hubballi,15.3478,75.1338,2025-10-17 01:00:00,20.4,19.9,233.0,8.8,4.8,68.0,23.2,89,0.0,13.0
Hubballi,15.3478,75.1338,2025-10-17 02:00:00,19.9,19.4,233.0,8.4,5.5,68.0,22.8,92,0.0,12.5
Hubballi,15.3478,75.1338,2025-10-17 03:00:00,19.2,18.7,240.0,7.9,6.3,70.0,22.4,93,0.0,13.0
Hubballi,15.3478,75.1338,2025-10-17 04:00:00,17.5,17.2,251.0,7.3,7.1,72.0,22.2,93,0.0,12.8
Hubballi,15.3478,75.1338,2025-10-17 05:00:00,16.1,15.7,256.0,5.9,5.0,74.0,22.0,93,0.0,14.8
Hubballi,15.3478,75.1338,2025-10-17 06:00:00,14.5,14.1,250.0,6.5,5.2,70.0,22.2,93,0.0,13.2
Hubballi,15.3478,75.1338,2025-10-17 07:00:00,13.2,12.9,239.0,7.3,5.4,65.0,23.3,89,0.0,15.8
Hubballi,15.3478,75.1338,2025-10-17 08:00:00,11.6,11.3,228.0,7.4,5.4,64.0,24.8,80,0.0,20.9
Hubballi,15.3478,75.1338,2025-10-17 09:00:00,8.2,8.0,219.0,6.0,4.8,71.0,26.2,71,0.0,23.9
Hubballi,15.3478,75.1338,2025-10-17 10:00:00,7.6,7.4,211.0,3.8,3.9,84.0,27.1,67,0.2,25.4
Hubballi,15.3478,75.1338,2025-10-17 11:00:00,9.0,8.6,205.0,2.2,3.3,95.0,28.3,64,0.2,23.2
Hubballi,15.3478,75.1338,2025-10-17 12:00:00,11.2,10.8,201.0,1.5,3.2,105.0,28.8,60,0.0,23.5
Hubballi,15.3478,75.1338,2025-10-17 13:00:00,14.4,13.9,199.0,1.2,3.3,115.0,29.2,55,0.0,23.7
Hubballi,15.3478,75.1338,2025-10-17 14:00:00,17.1,16.5,203.0,1.6,3.4,121.0,30.2,49,0.0,21.3
Hubballi,15.3478,75.1338,2025-10-17 15:00:00,19.1,18.5,216.0,2.7,3.5,123.0,29.0,53,0.0,23.1
Hubballi,15.3478,75.1338,2025-10-17 16:00:00,21.1,20.4,235.0,4.4,3.6,121.0,28.8,55,0.0,20.5
Hubballi,15.3478,75.1338,2025-10-17 17:00:00,24.7,24.0,253.0,5.9,3.6,115.0,27.7,61,0.0,16.7
Hubballi,15.3478,75.1338,2025-10-17 18:00:00,27.5,26.8,268.0,7.2,4.2,110.0,26.7,64,0.0,16.2
Hubballi,15.3478,75.1338,2025-10-17 19:00:00,29.5,29.0,283.0,9.0,5.0,103.0,25.8,68,0.0,16.3
Hubballi,15.3478,75.1338,2025-10-17 20:00:00,30.7,30.2,296.0,10.5,6.0,96.0,25.2,72,0.0,16.2
Hubballi,15.3478,75.1338,2025-10-17 21:00:00,31.1,30.6,309.0,11.3,7.4,90.0,24.6,76,0.0,15.4
Hubballi,15.3478,75.1338,2025-10-17 22:00:00,31.3,30.7,320.0,11.8,8.9,84.0,24.2,77,0.0,16.1
Hubballi,15.3478,75.1338,2025-10-17 23:00:00,31.1,30.5,323.0,11.8,9.8,79.0,23.7,78,0.0,13.6
Hubballi,15.3478,75.1338,2025-10-18 00:00:00,30.3,29.7,313.0,11.2,9.7,75.0,23.5,78,0.0,13.3
Hubballi,15.3478,75.1338,2025-10-18 01:00:00,29.6,29.0,295.0,10.1,9.1,72.0,23.1,80,0.0,11.6
Hubballi,15.3478,75.1338,2025-10-18 02:00:00,29.2,28.5,282.0,9.2,8.5,70.0,22.5,84,0.0,11.4
Hubballi,15.3478,75.1338,2025-10-18 03:00:00,29.0,28.3,282.0,8.6,8.0,68.0,22.0,87,0.0,11.5
Hubballi,15.3478,75.1338,2025-10-18 04:00:00,29.1,28.3,287.0,8.0,7.6,67.0,21.7,88,0.0,12.4
Hubballi,15.3478,75.1338,2025-10-18 05:00:00,30.4,29.5,290.0,8.4,9.6,70.0,21.3,92,0.0,10.8
Hubballi,15.3478,75.1338,2025-10-18 06:00:00,31.0,30.2,288.0,7.7,9.2,80.0,21.3,91,0.0,10.9
Hubballi,15.3478,75.1338,2025-10-18 07:00:00,33.4,32.2,283.0,6.8,8.5,93.0,22.3,88,0.0,10.1
Hubballi,15.3478,75.1338,2025-10-18 08:00:00,37.4,36.0,273.0,5.7,7.8,106.0,23.9,78,0.0,12.2
Hubballi,15.3478,75.1338,2025-10-18 09:00:00,39.5,38.2,253.0,4.4,6.9,118.0,25.6,66,0.0,14.0
Hubballi,15.3478,75.1338,2025-10-18 10:00:00,37.6,36.3,228.0,3.1,5.9,130.0,27.1,58,0.0,16.6
Hubballi,15.3478,75.1338,2025-10-18 11:00:00,33.6,32.6,208.0,2.1,5.2,137.0,28.6,54,0.0,20.9
Hubballi,15.3478,75.1338,2025-10-18 12:00:00,29.7,28.8,194.0,1.5,4.9,139.0,28.5,55,0.0,17.6
Hubballi,15.3478,75.1338,2025-10-18 13:00:00,29.2,28.3,184.0,1.3,4.7,136.0,28.9,55,0.0,15.8
Hubballi,15.3478,75.1338,2025-10-18 14:00:00,28.9,28.0,184.0,2.1,4.6,132.0,29.4,52,0.0,14.6
Hubballi,15.3478,75.1338,2025-10-18 15:00:00,29.0,28.2,198.0,4.0,4.3,127.0,29.3,52,0.0,13.0
Hubballi,15.3478,75.1338,2025-10-18 16:00:00,30.0,29.3,222.0,6.9,4.1,119.0,29.0,54,0.0,13.5
Hubballi,15.3478,75.1338,2025-10-18 17:00:00,27.9,27.5,252.0,8.9,4.6,115.0,27.4,62,0.0,13.1
Hubballi,15.3478,75.1338,2025-10-18 18:00:00,31.8,31.2,292.0,11.0,4.5,103.0,26.3,66,0.0,10.0
Hubballi,15.3478,75.1338,2025-10-18 19:00:00,31.0,30.5,338.0,14.0,4.4,87.0,25.7,68,0.0,11.2
Hubballi,15.3478,75.1338,2025-10-18 20:00:00,30.0,29.6,375.0,16.4,4.5,73.0,25.0,68,0.0,12.2
Hubballi,15.3478,75.1338,2025-10-18 21:00:00,30.2,29.8,400.0,18.0,4.8,65.0,24.6,70,0.0,11.3
Hubballi,15.3478,75.1338,2025-10-18 22:00:00,33.5,32.9,415.0,19.0,5.3,59.0,23.5,75,0.0,5.9
Hubballi,15.3478,75.1338,2025-10-18 23:00:00,35.5,34.8,414.0,19.1,5.8,55.0,23.3,74,0.0,10.4
Hubballi,15.3478,75.1338,2025-10-19 00:00:00,37.7,37.0,384.0,17.6,6.2,52.0,23.3,74,0.0,9.9
Hubballi,15.3478,75.1338,2025-10-19 01:00:00,38.9,38.2,337.0,15.1,6.7,50.0,22.4,79,0.0,7.0
Hubballi,15.3478,75.1338,2025-10-19 02:00:00,39.2,38.4,301.0,12.9,6.8,49.0,21.7,84,0.0,6.2
Hubballi,15.3478,75.1338,2025-10-19 03:00:00,38.8,38.0,288.0,11.6,6.4,46.0,21.8,85,0.0,6.9
Hubballi,15.3478,75.1338,2025-10-19 04:00:00,37.0,36.2,287.0,10.6,5.7,44.0,21.8,85,0.0,7.5
Hubballi,15.3478,75.1338,2025-10-19 05:00:00,37.8,37.0,288.0,10.6,7.0,45.0,22.2,91,0.0,8.5
Hubballi,15.3478,75.1338,2025-10-19 06:00:00,35.9,35.0,291.0,10.7,7.6,50.0,22.2,91,0.0,8.7
Hubballi,15.3478,75.1338,2025-10-19 07:00:00,34.9,34.2,298.0,10.8,8.4,57.0,23.1,89,0.0,11.2
Hubballi,15.3478,75.1338,2025-10-19 08:00:00,34.8,33.8,303.0,10.1,8.8,69.0,24.4,84,0.0,12.4
Hubballi,15.3478,75.1338,2025-10-19 09:00:00,37.3,35.7,307.0,7.8,8.5,90.0,26.2,73,0.0,16.6
Hubballi,15.3478,75.1338,2025-10-19 10:00:00,38.6,37.1,311.0,4.8,7.7,116.0,27.2,67,0.0,16.2
Hubballi,15.3478,75.1338,2025-10-19 11:00:00,37.3,35.7,310.0,2.5,6.9,135.0,28.1,62,0.0,16.6
Hubballi,15.3478,75.1338,2025-10-19 12:00:00,35.4,33.9,298.0,1.5,6.1,144.0,29.0,61,0.0,16.5
Hubballi,15.3478,75.1338,2025-10-19 13:00:00,33.9,32.5,283.0,1.4,5.2,147.0,29.2,60,0.0,16.0
Hubballi,15.3478,75.1338,2025-10-19 14:00:00,33.2,31.9,280.0,2.1,4.5,146.0,28.9,59,0.0,15.1
Hubballi,15.3478,75.1338,2025-10-19 15:00:00,32.6,31.2,301.0,3.6,4.1,140.0,28.3,61,0.7,11.6
Hubballi,15.3478,75.1338,2025-10-19 16:00:00,32.2,31.1,334.0,5.9,3.9,130.0,28.6,59,0.0,10.3
Hubballi,15.3478,75.1338,2025-10-19 17:00:00,35.7,34.8,365.0,13.1,4.3,102.0,27.8,62,0.0,9.2
Hubballi,15.3478,75.1338,2025-10-19 18:00:00,38.4,37.6,393.0,14.2,4.1,93.0,22.9,89,3.9,14.2
Hubballi,15.3478,75.1338,2025-10-19 19:00:00,37.4,36.6,417.0,15.7,4.0,81.0,22.9,91,1.8,5.2
Hubballi,15.3478,75.1338,2025-10-19 20:00:00,34.1,33.5,425.0,16.3,4.0,73.0,22.6,95,0.6,6.0
Hubballi,15.3478,75.1338,2025-10-19 21:00:00,32.8,32.2,403.0,15.1,4.5,73.0,22.4,96,0.7,2.1
Hubballi,15.3478,75.1338,2025-10-19 22:00:00,31.1,30.5,363.0,12.9,5.2,78.0,22.3,96,0.4,1.3
Hubballi,15.3478,75.1338,2025-10-19 23:00:00,29.5,28.9,330.0,11.1,5.7,79.0,22.5,92,0.2,3.0
Hubballi,15.3478,75.1338,2025-10-20 00:00:00,27.2,26.7,310.0,10.2,5.9,74.0,22.3,94,0.2,6.3
Hubballi,15.3478,75.1338,2025-10-20 01:00:00,23.6,23.2,297.0,9.7,6.0,65.0,22.3,92,0.1,7.3
Hubballi,15.3478,75.1338,2025-10-20 02:00:00,19.2,19.0,288.0,9.6,6.1,57.0,22.2,93,0.0,9.0
Hubballi,15.3478,75.1338,2025-10-20 03:00:00,16.1,15.9,288.0,10.2,6.2,49.0,22.1,94,0.0,9.0
Hubballi,15.3478,75.1338,2025-10-20 04:00:00,13.3,13.2,294.0,11.3,6.3,41.0,21.8,95,0.0,6.9
Hubballi,15.3478,75.1338,2025-10-20 05:00:00,11.0,11.0,292.0,11.3,5.9,40.0,21.8,98,0.0,4.7
Hubballi,15.3478,75.1338,2025-10-20 06:00:00,10.4,10.4,277.0,11.2,6.6,37.0,22.0,98,0.0,5.2
Hubballi,15.3478,75.1338,2025-10-20 07:00:00,9.3,9.2,255.0,10.8,7.7,34.0,22.8,94,0.0,8.4
Hubballi,15.3478,75.1338,2025-10-20 08:00:00,6.5,6.5,233.0,9.9,8.2,36.0,24.3,85,0.2,12.2
Hubballi,15.3478,75.1338,2025-10-20 09:00:00,6.1,6.1,209.0,7.7,7.9,48.0,25.7,78,0.1,11.2
Hubballi,15.3478,75.1338,2025-10-20 10:00:00,5.4,5.3,185.0,4.8,7.2,64.0,26.8,70,0.1,13.6
Hubballi,15.3478,75.1338,2025-10-20 11:00:00,5.5,5.5,168.0,2.7,6.4,77.0,27.5,68,0.0,14.0
Hubballi,15.3478,75.1338,2025-10-20 12:00:00,5.7,5.6,159.0,2.0,5.5,82.0,28.1,63,0.0,13.7
Hubballi,15.3478,75.1338,2025-10-20 13:00:00,5.8,5.7,157.0,2.1,4.5,83.0,28.9,59,0.1,13.7
Hubballi,15.3478,75.1338,2025-10-20 14:00:00,6.2,6.1,166.0,2.7,3.8,84.0,29.1,59,0.1,12.3
Hubballi,15.3478,75.1338,2025-10-20 15:00:00,7.3,7.3,180.0,3.5,3.7,86.0,28.4,62,0.0,12.1
Hubballi,15.3478,75.1338,2025-10-20 16:00:00,7.4,7.4,205.0,4.8,4.0,88.0,26.6,68,0.2,10.2
Hubballi,15.3478,75.1338,2025-10-20 17:00:00,12.4,12.2,266.0,11.1,3.9,76.0,26.5,71,0.0,8.8
Hubballi,15.3478,75.1338,2025-10-20 18:00:00,15.1,14.9,417.0,13.9,4.7,70.0,25.2,74,0.0,5.5
Hubballi,15.3478,75.1338,2025-10-20 19:00:00,16.1,15.9,604.0,17.7,5.8,62.0,24.8,74,0.0,5.8
Hubballi,15.3478,75.1338,2025-10-20 20:00:00,15.7,15.5,690.0,20.2,7.0,55.0,24.6,74,0.0,9.0
Hubballi,15.3478,75.1338,2025-10-20 21:00:00,15.1,14.9,578.0,20.2,8.5,51.0,24.4,76,0.8,13.1
Hubballi,15.3478,75.1338,2025-10-20 22:00:00,14.1,13.9,364.0,18.8,10.0,49.0,24.1,77,0.0,13.2
Hubballi,15.3478,75.1338,2025-10-20 23:00:00,12.9,12.7,199.0,17.1,11.0,47.0,24.0,79,0.0,12.1
Hubballi,15.3478,75.1338,2025-10-21 00:00:00,11.7,11.6,147.0,15.2,11.0,45.0,23.3,84,0.0,9.0
Hubballi,15.3478,75.1338,2025-10-21 01:00:00,10.6,10.4,145.0,13.0,10.3,44.0,22.7,88,0.0,7.7
Hubballi,15.3478,75.1338,2025-10-21 02:00:00,9.4,9.2,152.0,11.2,9.6,42.0,22.4,91,0.0,7.6
Hubballi,15.3478,75.1338,2025-10-21 03:00:00,8.3,8.1,159.0,10.2,8.9,39.0,22.0,93,0.0,6.0
Hubballi,15.3478,75.1338,2025-10-21 04:00:00,7.4,7.2,175.0,9.6,8.1,35.0,21.7,95,0.0,8.0
Hubballi,15.3478,75.1338,2025-10-21 05:00:00,7.5,7.3,186.0,7.4,6.5,36.0,21.6,95,0.0,7.0
Hubballi,15.3478,75.1338,2025-10-21 06:00:00,7.2,7.0,185.0,7.1,6.8,35.0,21.7,96,0.0,6.6
Hubballi,15.3478,75.1338,2025-10-21 07:00:00,6.5,6.2,179.0,6.8,7.2,33.0,22.8,89,0.0,11.0
Hubballi,15.3478,75.1338,2025-10-21 08:00:00,6.0,5.7,171.0,6.1,7.2,36.0,24.3,81,0.0,15.7
Hubballi,15.3478,75.1338,2025-10-21 09:00:00,6.1,5.8,161.0,4.9,6.4,46.0,25.8,72,0.0,19.3
Hubballi,15.3478,75.1338,2025-10-21 10:00:00,6.2,5.9,150.0,3.4,5.2,60.0,27.3,65,0.0,18.9
Hubballi,15.3478,75.1338,2025-10-21 11:00:00,6.4,6.1,142.0,2.5,4.2,71.0,28.2,63,0.1,19.4
Hubballi,15.3478,75.1338,2025-10-21 12:00:00,6.2,5.9,136.0,2.3,3.6,75.0,28.7,61,0.2,19.1
Hubballi,15.3478,75.1338,2025-10-21 13:00:00,6.3,6.0,133.0,2.6,3.1,75.0,28.9,61,0.1,19.1
Hubballi,15.3478,75.1338,2025-10-21 14:00:00,8.0,7.7,139.0,3.5,2.8,74.0,28.4,65,1.2,20.9
Hubballi,15.3478,75.1338,2025-10-21 15:00:00,8.3,8.1,161.0,5.2,2.6,71.0,26.8,72,2.6,18.3
Hubballi,15.3478,75.1338,2025-10-21 16:00:00,7.1,7.0,191.0,7.6,2.6,67.0,26.3,73,0.1,13.0
Hubballi,15.3478,75.1338,2025-10-21 17:00:00,12.8,12.3,215.0,9.3,3.8,70.0,24.5,85,0.0,8.0
Hubballi,15.3478,75.1338,2025-10-21 18:00:00,13.2,12.8,226.0,11.8,4.4,62.0,24.3,86,0.0,12.9
Hubballi,15.3478,75.1338,2025-10-21 19:00:00,13.3,13.1,230.0,15.3,5.1,51.0,24.1,85,0.0,12.7
Hubballi,15.3478,75.1338,2025-10-21 20:00:00,11.5,11.3,230.0,17.4,5.7,42.0,23.7,88,0.3,12.9
Hubballi,15.3478,75.1338,2025-10-21 21:00:00,9.4,9.2,225.0,17.0,6.0,38.0,23.2,93,0.5,13.6
Hubballi,15.3478,75.1338,2025-10-21 22:00:00,7.8,7.7,216.0,15.2,6.0,37.0,22.7,94,0.2,13.0
Hubballi,15.3478,75.1338,2025-10-21 23:00:00,6.5,6.4,207.0,13.4,5.9,37.0,22.6,94,0.0,12.2
Hubballi,15.3478,75.1338,2025-10-22 00:00:00,5.6,5.5,198.0,11.8,5.4,38.0,22.5,94,0.0,14.0
Hubballi,15.3478,75.1338,2025-10-22 01:00:00,5.0,4.9,189.0,10.1,4.8,39.0,22.1,95,0.0,13.9
Hubballi,15.3478,75.1338,2025-10-22 02:00:00,4.5,4.5,184.0,8.7,4.3,41.0,22.1,94,0.0,15.1
Hubballi,15.3478,75.1338,2025-10-22 03:00:00,3.9,3.9,184.0,7.6,4.2,42.0,22.1,93,0.0,16.3
Hubballi,15.3478,75.1338,2025-10-22 04:00:00,3.4,3.3,187.0,6.8,4.3,42.0,21.7,94,0.0,16.0
Hubballi,15.3478,75.1338,2025-10-22 05:00:00,2.9,2.8,191.0,6.0,3.9,43.0,21.8,95,0.0,15.4
Hubballi,15.3478,75.1338,2025-10-22 06:00:00,3.6,3.6,196.0,6.2,4.1,43.0,21.8,95,0.0,15.2
Hubballi,15.3478,75.1338,2025-10-22 07:00:00,4.5,4.4,201.0,6.5,4.4,43.0,22.4,92,0.0,16.5
Hubballi,15.3478,75.1338,2025-10-22 08:00:00,4.8,4.7,201.0,6.4,4.5,47.0,23.8,83,0.1,21.9
Hubballi,15.3478,75.1338,2025-10-22 09:00:00,5.2,5.0,191.0,5.4,4.3,57.0,25.5,74,0.0,22.7
Hubballi,15.3478,75.1338,2025-10-22 10:00:00,5.4,5.2,177.0,4.1,4.0,70.0,26.5,69,0.2,24.1
Hubballi,15.3478,75.1338,2025-10-22 11:00:00,5.6,5.4,167.0,3.0,3.8,81.0,27.2,65,0.3,27.1
Hubballi,15.3478,75.1338,2025-10-22 12:00:00,5.4,5.3,165.0,2.3,3.8,89.0,27.6,63,0.1,26.7
Hubballi,15.3478,75.1338,2025-10-22 13:00:00,5.3,5.2,167.0,1.9,3.9,96.0,27.1,68,0.3,23.8
Hubballi,15.3478,75.1338,2025-10-22 14:00:00,5.2,5.0,174.0,2.3,3.9,97.0,27.2,65,0.3,23.7
Hubballi,15.3478,75.1338,2025-10-22 15:00:00,4.8,4.7,190.0,4.1,3.5,90.0,25.9,74,0.2,15.6
Hubballi,15.3478,75.1338,2025-10-22 16:00:00,4.6,4.5,210.0,6.8,2.8,77.0,24.7,80,0.3,15.7
Hubballi,15.3478,75.1338,2025-10-22 17:00:00,11.2,10.6,225.0,6.5,2.6,71.0,23.8,89,0.3,10.0
Hubballi,15.3478,75.1338,2025-10-22 18:00:00,11.7,11.4,230.0,8.0,3.1,66.0,23.2,90,0.0,10.3
Hubballi,15.3478,75.1338,2025-10-22 19:00:00,12.3,11.9,230.0,10.0,3.9,60.0,23.1,90,0.0,13.7
Hubballi,15.3478,75.1338,2025-10-22 20:00:00,12.5,12.2,228.0,11.2,4.5,55.0,22.9,90,0.0,14.2
Hubballi,15.3478,75.1338,2025-10-22 21:00:00,12.7,12.4,226.0,10.9,5.0,53.0,22.6,91,0.0,15.8
Hubballi,15.3478,75.1338,2025-10-22 22:00:00,11.3,11.0,223.0,9.9,5.4,54.0,22.0,93,1.4,13.9
Hubballi,15.3478,75.1338,2025-10-22 23:00:00,9.1,8.8,213.0,8.8,5.6,54.0,22.2,95,0.6,14.0
Hubballi,15.3478,75.1338,2025-10-23 00:00:00,8.1,7.9,191.0,8.0,5.6,54.0,22.2,94,0.2,15.1
Hubballi,15.3478,75.1338,2025-10-23 01:00:00,7.2,7.1,162.0,7.2,5.3,55.0,22.2,93,0.3,14.6
Hubballi,15.3478,75.1338,2025-10-23 02:00:00,5.4,5.4,144.0,6.4,4.9,55.0,22.1,95,0.1,15.0
Hubballi,15.3478,75.1338,2025-10-23 03:00:00,3.2,3.2,144.0,5.5,4.1,55.0,21.8,96,0.3,15.0
Hubballi,15.3478,75.1338,2025-10-23 04:00:00,1.8,1.8,154.0,4.6,3.1,54.0,21.9,95,0.1,16.9
Hubballi,15.3478,75.1338,2025-10-23 05:00:00,2.6,2.6,163.0,5.4,3.7,52.0,21.9,94,0.4,17.5
Hubballi,15.3478,75.1338,2025-10-23 06:00:00,2.8,2.8,169.0,6.9,3.9,48.0,21.9,95,0.1,16.3
Hubballi,15.3478,75.1338,2025-10-23 07:00:00,3.3,3.3,175.0,8.9,4.3,44.0,22.2,95,0.0,16.3
Hubballi,15.3478,75.1338,2025-10-23 08:00:00,3.0,3.0,177.0,10.0,4.5,42.0,23.1,90,0.1,19.5
Hubballi,15.3478,75.1338,2025-10-23 09:00:00,2.6,2.6,171.0,9.5,4.7,45.0,24.3,83,0.1,18.4
Hubballi,15.3478,75.1338,2025-10-23 10:00:00,2.7,2.7,161.0,8.0,4.9,52.0,25.8,75,0.2,21.0
Hubballi,15.3478,75.1338,2025-10-23 11:00:00,3.1,3.1,154.0,6.5,4.6,59.0,25.1,77,3.3,21.8
Hubballi,15.3478,75.1338,2025-10-23 12:00:00,3.2,3.2,150.0,4.6,3.6,68.0,26.6,72,0.3,16.9
Hubballi,15.3478,75.1338,2025-10-23 13:00:00,2.9,2.8,149.0,2.7,2.2,78.0,27.6,69,0.2,15.8
Hubballi,15.3478,75.1338,2025-10-23 14:00:00,2.8,2.8,154.0,2.1,1.2,83.0,26.8,74,1.4,13.8
Hubballi,15.3478,75.1338,2025-10-23 15:00:00,3.1,3.1,162.0,3.9,0.9,79.0,24.5,82,1.9,18.0
Hubballi,15.3478,75.1338,2025-10-23 16:00:00,3.5,3.4,176.0,7.1,0.9,70.0,23.8,89,2.4,4.5
Hubballi,15.3478,75.1338,2025-10-23 17:00:00,9.6,9.4,210.0,8.5,1.1,58.0,23.0,94,5.2,7.3
Hubballi,15.3478,75.1338,2025-10-23 18:00:00,10.3,9.8,286.0,10.2,1.3,53.0,22.5,95,0.9,3.2
Hubballi,15.3478,75.1338,2025-10-23 19:00:00,12.1,11.2,381.0,12.6,1.7,46.0,22.2,96,0.7,2.7
Hubballi,15.3478,75.1338,2025-10-23 20:00:00,14.6,13.2,439.0,14.8,2.0,40.0,21.9,98,0.1,3.3
Hubballi,15.3478,75.1338,2025-10-23 21:00:00,16.8,15.1,427.0,16.7,2.3,36.0,21.7,98,0.4,6.9
Hubballi,15.3478,75.1338,2025-10-23 22:00:00,18.9,17.0,378.0,18.4,2.5,34.0,21.4,97,0.1,6.6
Hubballi,15.3478,75.1338,2025-10-23 23:00:00,19.0,17.1,330.0,18.9,2.6,32.0,21.5,97,0.0,3.7
Hubballi,15.3478,75.1338,2025-10-24 00:00:00,17.2,15.1,289.0,17.4,2.4,32.0,21.7,94,0.0,9.8
Hubballi,15.3478,75.1338,2025-10-24 01:00:00,16.8,14.6,250.0,14.7,2.1,33.0,21.3,95,0.0,8.1
Hubballi,15.3478,75.1338,2025-10-24 02:00:00,16.6,14.5,230.0,12.5,1.8,34.0,21.0,94,0.0,7.1
Hubballi,15.3478,75.1338,2025-10-24 03:00:00,15.6,13.7,248.0,11.5,1.7,33.0,20.9,94,0.0,5.1
Hubballi,15.3478,75.1338,2025-10-24 04:00:00,14.4,12.8,286.0,11.0,1.7,32.0,20.5,96,0.0,4.0
Hubballi,15.3478,75.1338,2025-10-24 05:00:00,13.4,11.9,308.0,9.6,2.0,39.0,21.2,95,0.0,7.5
Hubballi,15.3478,75.1338,2025-10-24 06:00:00,12.8,12.0,297.0,9.4,2.0,42.0,21.6,91,0.1,10.2
Hubballi,15.3478,75.1338,2025-10-24 07:00:00,12.3,11.1,271.0,9.0,2.0,47.0,22.1,90,0.0,8.7
Hubballi,15.3478,75.1338,2025-10-24 08:00:00,10.7,9.9,245.0,8.1,1.9,53.0,23.3,86,0.0,9.6
Hubballi,15.3478,75.1338,2025-10-24 09:00:00,7.8,7.3,225.0,6.1,1.6,62.0,24.6,79,0.1,15.9
Hubballi,15.3478,75.1338,2025-10-24 10:00:00,5.4,5.2,206.0,3.5,1.2,72.0,25.6,74,0.2,19.5
Hubballi,15.3478,75.1338,2025-10-24 11:00:00,3.2,3.1,190.0,1.7,0.9,78.0,26.2,71,0.1,20.3
Hubballi,15.3478,75.1338,2025-10-24 12:00:00,1.9,1.8,174.0,1.2,0.7,78.0,24.9,78,1.4,20.8
Hubballi,15.3478,75.1338,2025-10-24 13:00:00,1.6,1.6,160.0,1.4,0.6,75.0,26.3,70,0.2,24.2
Hubballi,15.3478,75.1338,2025-10-24 14:00:00,1.6,1.6,157.0,2.1,0.6,71.0,26.4,66,0.1,23.7
Hubballi,15.3478,75.1338,2025-10-24 15:00:00,1.5,1.4,173.0,3.6,0.6,68.0,23.5,87,6.4,20.0
Hubballi,15.3478,75.1338,2025-10-24 16:00:00,2.4,2.4,199.0,5.6,0.7,64.0,23.5,88,0.8,13.1
Hubballi,15.3478,75.1338,2025-10-24 17:00:00,3.6,3.4,221.0,6.7,0.8,62.0,23.0,90,0.5,14.2
Hubballi,15.3478,75.1338,2025-10-24 18:00:00,5.0,4.6,233.0,8.1,1.0,58.0,22.0,94,0.0,9.1
Hubballi,15.3478,75.1338,2025-10-24 19:00:00,5.5,5.2,241.0,10.1,1.4,52.0,21.9,95,0.0,8.3
Hubballi,15.3478,75.1338,2025-10-24 20:00:00,5.5,5.2,241.0,11.2,1.6,48.0,22.0,96,0.1,8.5
Hubballi,15.3478,75.1338,2025-10-24 21:00:00,5.1,4.9,231.0,10.9,1.6,47.0,22.0,96,0.2,10.9
Hubballi,15.3478,75.1338,2025-10-24 22:00:00,4.6,4.5,213.0,9.9,1.6,47.0,21.8,97,0.0,10.0
Hubballi,15.3478,75.1338,2025-10-24 23:00:00,4.0,3.8,198.0,8.7,1.5,48.0,21.7,97,0.0,12.3
Hubballi,15.3478,75.1338,2025-10-25 00:00:00,3.2,3.1,188.0,7.4,1.4,49.0,21.6,97,0.1,10.9
Hubballi,15.3478,75.1338,2025-10-25 01:00:00,2.8,2.6,179.0,6.0,1.2,49.0,21.4,97,0.1,10.3
Hubballi,15.3478,75.1338,2025-10-25 02:00:00,2.5,2.4,175.0,4.9,1.1,50.0,21.4,98,0.0,10.5
Hubballi,15.3478,75.1338,2025-10-25 03:00:00,2.6,2.4,176.0,4.3,1.1,50.0,21.2,98,0.0,9.6
Hubballi,15.3478,75.1338,2025-10-25 04:00:00,2.8,2.5,180.0,3.9,1.1,50.0,21.2,97,0.0,11.6
Hubballi,15.3478,75.1338,2025-10-25 05:00:00,2.2,2.2,185.0,4.4,1.1,47.0,21.5,98,0.0,8.9
Hubballi,15.3478,75.1338,2025-10-25 06:00:00,2.7,2.7,192.0,4.5,1.2,49.0,21.2,97,0.0,9.2
Hubballi,15.3478,75.1338,2025-10-25 07:00:00,3.1,3.0,201.0,4.6,1.4,53.0,22.0,94,0.0,17.4
Hubballi,15.3478,75.1338,2025-10-25 08:00:00,3.4,3.2,201.0,4.3,1.4,58.0,22.9,89,0.1,15.3
Hubballi,15.3478,75.1338,2025-10-25 09:00:00,5.2,4.2,187.0,3.4,1.3,67.0,24.2,81,0.1,16.1
Hubballi,15.3478,75.1338,2025-10-25 10:00:00,6.6,5.2,165.0,2.2,1.0,79.0,25.5,75,0.1,16.3
Hubballi,15.3478,75.1338,2025-10-25 11:00:00,7.5,5.7,148.0,1.3,0.8,87.0,26.3,71,0.1,13.5
Hubballi,15.3478,75.1338,2025-10-25 12:00:00,7.8,6.0,140.0,0.9,0.7,90.0,27.6,66,0.1,14.2
Hubballi,15.3478,75.1338,2025-10-25 13:00:00,7.4,5.7,137.0,0.9,0.6,89.0,27.2,65,0.1,15.5
Hubballi,15.3478,75.1338,2025-10-25 14:00:00,7.0,5.4,137.0,1.2,0.6,87.0,28.1,56,0.1,15.4
Hubballi,15.3478,75.1338,2025-10-25 15:00:00,6.5,5.1,140.0,2.0,0.6,84.0,27.8,57,0.0,17.3
Hubballi,15.3478,75.1338,2025-10-25 16:00:00,6.3,5.2,147.0,3.1,0.7,79.0,26.7,63,0.0,14.7
Hubballi,15.3478,75.1338,2025-10-25 17:00:00,11.2,8.8,156.0,6.3,0.9,75.0,26.3,65,0.0,14.5
Hubballi,15.3478,75.1338,2025-10-25 18:00:00,10.6,8.9,170.0,7.4,1.1,68.0,23.5,84,0.0,14.8
Hubballi,15.3478,75.1338,2025-10-25 19:00:00,9.8,8.4,186.0,8.9,1.5,58.0,22.7,92,0.0,14.0
Hubballi,15.3478,75.1338,2025-10-25 20:00:00,9.3,8.1,201.0,9.9,1.7,50.0,22.3,93,0.0,14.1
Hubballi,15.3478,75.1338,2025-10-25 21:00:00,8.7,7.7,214.0,10.0,1.7,45.0,21.9,95,0.0,13.6
Hubballi,15.3478,75.1338,2025-10-25 22:00:00,7.7,6.9,225.0,9.5,1.6,41.0,21.7,95,0.0,9.9
Hubballi,15.3478,75.1338,2025-10-25 23:00:00,7.1,6.2,229.0,8.8,1.5,39.0,22.1,93,0.1,12.8
Hubballi,15.3478,75.1338,2025-10-26 00:00:00,6.6,5.6,222.0,7.7,1.4,38.0,22.4,91,0.1,13.7
Hubballi,15.3478,75.1338,2025-10-26 01:00:00,6.4,5.3,208.0,6.3,1.2,38.0,22.2,93,0.0,13.6
Hubballi,15.3478,75.1338,2025-10-26 02:00:00,6.4,5.1,195.0,5.3,1.1,38.0,22.1,93,0.0,14.4
Hubballi,15.3478,75.1338,2025-10-26 03:00:00,6.5,5.1,183.0,5.1,1.1,36.0,22.0,93,0.0,13.5
Hubballi,15.3478,75.1338,2025-10-26 04:00:00,6.9,5.3,171.0,5.2,1.2,33.0,21.8,94,0.0,11.4
Hubballi,15.3478,75.1338,2025-10-26 05:00:00,6.3,4.9,163.0,4.7,1.3,34.0,21.6,94,0.0,9.9
Hubballi,15.3478,75.1338,2025-10-26 06:00:00,7.5,5.8,163.0,4.8,1.4,36.0,21.3,94,0.0,10.0
Hubballi,15.3478,75.1338,2025-10-26 07:00:00,8.8,6.9,168.0,4.9,1.6,40.0,22.1,90,0.0,11.4
Hubballi,15.3478,75.1338,2025-10-26 08:00:00,9.5,7.1,170.0,4.6,1.7,45.0,23.6,82,0.0,17.0
Hubballi,15.3478,75.1338,2025-10-26 09:00:00,9.1,6.7,166.0,3.6,1.5,54.0,24.7,77,0.3,19.3
Hubballi,15.3478,75.1338,2025-10-26 10:00:00,8.9,6.6,160.0,2.3,1.2,64.0,25.7,74,0.3,18.4
Hubballi,15.3478,75.1338,2025-10-26 11:00:00,8.1,6.0,154.0,1.5,0.9,71.0,26.9,71,0.1,15.6
Hubballi,15.3478,75.1338,2025-10-26 12:00:00,6.1,4.5,145.0,1.5,0.8,73.0,27.8,68,0.1,17.3
Hubballi,15.3478,75.1338,2025-10-26 13:00:00,5.8,4.8,137.0,2.0,0.8,71.0,27.4,66,0.0,15.1
Hubballi,15.3478,75.1338,2025-10-26 14:00:00,6.1,5.0,135.0,2.7,0.8,69.0,25.2,78,6.7,10.3
Hubballi,15.3478,75.1338,2025-10-26 15:00:00,6.2,5.1,145.0,3.5,0.8,68.0,23.3,88,1.9,12.9
Hubballi,15.3478,75.1338,2025-10-26 16:00:00,6.2,5.1,162.0,4.6,0.9,67.0,24.6,83,0.1,9.1
Hubballi,15.3478,75.1338,2025-10-26 17:00:00,10.7,8.3,182.0,5.4,1.0,68.0,23.6,88,0.2,6.8
Hubballi,15.3478,75.1338,2025-10-26 18:00:00,9.8,8.2,207.0,7.5,1.2,61.0,22.4,93,0.2,8.7
Hubballi,15.3478,75.1338,2025-10-26 19:00:00,10.9,9.3,235.0,10.3,1.5,51.0,22.0,95,0.1,6.1
Hubballi,15.3478,75.1338,2025-10-26 20:00:00,11.9,10.2,256.0,12.5,1.7,43.0,21.5,97,0.0,4.9
Hubballi,15.3478,75.1338,2025-10-26 21:00:00,14.0,11.8,268.0,13.5,1.8,39.0,21.2,97,0.0,4.0
Hubballi,15.3478,75.1338,2025-10-26 22:00:00,14.8,12.5,272.0,13.8,1.9,37.0,21.0,98,0.0,4.1
Hubballi,15.3478,75.1338,2025-10-26 23:00:00,14.3,11.9,263.0,13.5,1.9,36.0,21.3,96,0.0,7.1
Hubballi,15.3478,75.1338,2025-10-27 00:00:00,13.6,11.3,230.0,12.4,1.9,36.0,21.2,97,0.0,9.9
Hubballi,15.3478,75.1338,2025-10-27 01:00:00,13.0,10.8,183.0,10.8,1.8,38.0,21.2,96,0.0,13.8
Hubballi,15.3478,75.1338,2025-10-27 02:00:00,12.4,10.2,149.0,9.2,1.7,39.0,21.0,96,0.0,13.5
Hubballi,15.3478,75.1338,2025-10-27 03:00:00,12.5,10.2,141.0,7.8,1.7,40.0,20.9,97,0.0,13.0
Hubballi,15.3478,75.1338,2025-10-27 04:00:00,12.2,9.9,146.0,6.5,1.7,41.0,21.0,98,0.0,12.7
Hubballi,15.3478,75.1338,2025-10-27 05:00:00,6.5,5.4,151.0,6.4,1.3,37.0,20.9,98,0.0,9.9
Hubballi,15.3478,75.1338,2025-10-27 06:00:00,6.1,5.3,152.0,7.5,1.5,36.0,21.0,97,0.0,12.4
Hubballi,15.3478,75.1338,2025-10-27 07:00:00,5.4,4.9,153.0,8.9,1.7,35.0,21.8,93,0.0,14.6
Hubballi,15.3478,75.1338,2025-10-27 08:00:00,6.7,6.3,153.0,9.3,1.7,36.0,22.6,90,0.0,14.5
Hubballi,15.3478,75.1338,2025-10-27 09:00:00,4.0,3.8,151.0,7.5,1.4,39.0,24.3,81,0.2,18.2
Hubballi,15.3478,75.1338,2025-10-27 10:00:00,2.3,2.3,147.0,4.6,0.9,44.0,25.7,77,0.1,18.1
Hubballi,15.3478,75.1338,2025-10-27 11:00:00,1.3,1.3,147.0,2.6,0.5,48.0,25.4,77,0.0,17.6
Hubballi,15.3478,75.1338,2025-10-27 12:00:00,2.0,2.0,151.0,2.4,0.5,51.0,26.8,74,0.2,13.9
Hubballi,15.3478,75.1338,2025-10-27 13:00:00,1.9,1.9,159.0,3.2,0.6,53.0,25.5,75,5.3,14.2
Hubballi,15.3478,75.1338,2025-10-27 14:00:00,2.5,2.5,168.0,4.2,0.7,55.0,25.6,78,2.3,13.7
Hubballi,15.3478,75.1338,2025-10-27 15:00:00,3.0,3.0,180.0,5.1,0.8,58.0,25.3,74,0.7,17.3
Hubballi,15.3478,75.1338,2025-10-27 16:00:00,3.8,3.8,194.0,6.3,0.8,60.0,24.3,80,0.1,17.3
Hubballi,15.3478,75.1338,2025-10-27 17:00:00,10.0,9.7,209.0,5.4,0.9,66.0,23.9,82,0.1,17.9
Hubballi,15.3478,75.1338,2025-10-27 18:00:00,11.3,10.9,229.0,6.3,1.1,63.0,22.7,90,0.0,13.9
Hubballi,15.3478,75.1338,2025-10-27 19:00:00,11.5,11.1,250.0,7.6,1.3,58.0,22.1,94,0.0,10.2
Hubballi,15.3478,75.1338,2025-10-27 20:00:00,10.9,10.4,262.0,8.4,1.4,54.0,22.0,95,0.0,9.1
Hubballi,15.3478,75.1338,2025-10-27 21:00:00,9.2,8.9,260.0,8.5,1.4,51.0,21.8,96,0.1,8.9
Hubballi,15.3478,75.1338,2025-10-27 22:00:00,7.4,7.1,248.0,8.1,1.3,49.0,21.5,98,0.0,8.2
Hubballi,15.3478,75.1338,2025-10-27 23:00:00,7.2,6.9,234.0,7.6,1.2,47.0,22.2,98,0.0,10.4
Hubballi,15.3478,75.1338,2025-10-28 00:00:00,7.9,7.4,216.0,6.8,1.1,46.0,22.3,97,0.1,13.2
Hubballi,15.3478,75.1338,2025-10-28 01:00:00,8.3,7.6,195.0,5.9,1.0,45.0,22.1,97,0.0,13.1
Hubballi,15.3478,75.1338,2025-10-28 02:00:00,8.7,7.9,182.0,5.0,0.9,45.0,21.8,97,0.0,12.9
Hubballi,15.3478,75.1338,2025-10-28 03:00:00,9.2,8.3,182.0,4.3,0.8,45.0,21.5,98,0.0,11.1
Hubballi,15.3478,75.1338,2025-10-28 04:00:00,9.3,8.4,188.0,3.7,0.7,46.0,21.6,99,0.1,11.5
Hubballi,15.3478,75.1338,2025-10-28 05:00:00,10.2,9.1,194.0,2.1,0.3,56.0,22.0,97,0.1,14.0
Hubballi,15.3478,75.1338,2025-10-28 06:00:00,10.7,9.4,196.0,3.4,0.5,54.0,21.6,98,0.0,10.8
Hubballi,15.3478,75.1338,2025-10-28 07:00:00,10.8,9.6,196.0,5.1,0.8,53.0,21.8,97,0.0,13.1
Hubballi,15.3478,75.1338,2025-10-28 08:00:00,10.7,9.6,196.0,5.9,1.0,54.0,23.1,87,0.0,17.4
Hubballi,15.3478,75.1338,2025-10-28 09:00:00,11.7,10.4,194.0,5.0,1.0,61.0,24.6,79,0.0,16.2
Hubballi,15.3478,75.1338,2025-10-28 10:00:00,12.5,11.1,192.0,3.3,1.0,72.0,24.6,78,0.1,15.4
Hubballi,15.3478,75.1338,2025-10-28 11:00:00,12.2,10.8,188.0,2.0,0.9,79.0,25.8,73,0.1,17.6
Hubballi,15.3478,75.1338,2025-10-28 12:00:00,11.4,10.1,182.0,1.6,0.8,81.0,26.4,69,0.0,17.5
Hubballi,15.3478,75.1338,2025-10-28 13:00:00,10.9,9.7,174.0,1.6,0.7,79.0,26.6,65,0.0,18.9
Hubballi,15.3478,75.1338,2025-10-28 14:00:00,10.9,9.8,172.0,2.1,0.7,76.0,26.9,64,0.0,19.6
Hubballi,15.3478,75.1338,2025-10-28 15:00:00,11.2,10.2,178.0,3.5,0.8,71.0,26.6,65,0.0,20.1
Hubballi,15.3478,75.1338,2025-10-28 16:00:00,11.8,10.8,190.0,5.5,1.0,65.0,25.7,69,0.0,21.8
Hubballi,15.3478,75.1338,2025-10-28 17:00:00,16.9,15.5,201.0,6.5,1.1,62.0,23.7,83,0.0,19.0
Hubballi,15.3478,75.1338,2025-10-28 18:00:00,14.8,13.6,211.0,7.3,1.3,59.0,22.7,88,0.0,16.0
Hubballi,15.3478,75.1338,2025-10-28 19:00:00,14.3,13.1,221.0,8.3,1.4,55.0,22.3,90,0.0,14.8
Hubballi,15.3478,75.1338,2025-10-28 20:00:00,15.0,13.6,228.0,8.6,1.5,52.0,21.9,93,0.0,13.9
Hubballi,15.3478,75.1338,2025-10-28 21:00:00,16.8,15.0,233.0,7.7,1.3,52.0,21.5,95,0.0,13.7
Hubballi,15.3478,75.1338,2025-10-28 22:00:00,18.9,16.7,235.0,6.2,0.9,55.0,21.7,93,0.0,14.9
Hubballi,15.3478,75.1338,2025-10-28 23:00:00,19.5,17.2,233.0,4.8,0.6,56.0,21.8,96,0.0,14.1
Hubballi,15.3478,75.1338,2025-10-29 00:00:00,19.1,16.5,224.0,3.8,0.4,56.0,21.8,95,0.0,15.1
Hubballi,15.3478,75.1338,2025-10-29 01:00:00,17.2,14.8,211.0,3.0,0.3,56.0,21.5,95,0.0,14.2
Hubballi,15.3478,75.1338,2025-10-29 02:00:00,15.1,13.1,201.0,2.4,0.3,55.0,21.2,96,0.0,12.1
Hubballi,15.3478,75.1338,2025-10-29 03:00:00,14.2,11.9,196.0,2.0,0.3,54.0,21.0,96,0.0,12.1
Hubballi,15.3478,75.1338,2025-10-29 04:00:00,11.9,10.1,194.0,1.9,0.3,52.0,21.1,96,0.0,10.8
Hubballi,15.3478,75.1338,2025-10-29 05:00:00,12.6,10.9,191.0,2.3,0.4,56.0,21.7,96,0.0,10.2
Hubballi,15.3478,75.1338,2025-10-29 06:00:00,14.2,11.6,188.0,2.8,0.5,59.0,21.4,98,0.0,9.7
Hubballi,15.3478,75.1338,2025-10-29 07:00:00,13.9,11.4,184.0,3.5,0.6,63.0,22.1,94,0.1,11.8
Hubballi,15.3478,75.1338,2025-10-29 08:00:00,13.4,11.1,181.0,3.8,0.7,68.0,23.2,86,0.0,15.0
Hubballi,15.3478,75.1338,2025-10-29 09:00:00,13.6,11.3,177.0,3.3,0.8,74.0,24.5,78,0.1,19.2
Hubballi,15.3478,75.1338,2025-10-29 10:00:00,15.5,12.8,172.0,2.5,0.9,80.0,25.0,74,0.2,21.2
Hubballi,15.3478,75.1338,2025-10-29 11:00:00,15.4,13.0,170.0,1.9,0.9,84.0,26.1,68,0.2,23.2
Hubballi,15.3478,75.1338,2025-10-29 12:00:00,15.1,12.8,172.0,1.8,0.8,85.0,27.2,61,0.0,21.1
Hubballi,15.3478,75.1338,2025-10-29 13:00:00,12.6,11.0,177.0,2.0,0.7,83.0,27.3,61,0.2,23.3
Hubballi,15.3478,75.1338,2025-10-29 14:00:00,10.9,9.7,181.0,2.5,0.6,81.0,27.1,64,0.1,22.3
Hubballi,15.3478,75.1338,2025-10-29 15:00:00,10.8,9.8,185.0,3.5,0.6,78.0,26.6,65,0.0,26.1
Hubballi,15.3478,75.1338,2025-10-29 16:00:00,7.8,7.3,189.0,4.8,0.7,73.0,24.6,76,0.0,24.7
Hubballi,15.3478,75.1338,2025-10-29 17:00:00,12.4,11.1,191.0,4.4,0.8,76.0,22.7,89,0.0,21.8
Hubballi,15.3478,75.1338,2025-10-29 18:00:00,9.8,9.1,191.0,4.6,0.8,74.0,21.8,94,0.1,21.6
Hubballi,15.3478,75.1338,2025-10-29 19:00:00,8.8,8.1,190.0,4.8,0.8,72.0,21.6,94,0.0,22.0
Hubballi,15.3478,75.1338,2025-10-29 20:00:00,8.1,7.4,189.0,4.8,0.8,70.0,21.4,95,0.0,20.5
Hubballi,15.3478,75.1338,2025-10-29 21:00:00,8.7,7.7,188.0,4.4,0.7,70.0,21.4,95,0.1,20.6
Hubballi,15.3478,75.1338,2025-10-29 22:00:00,10.3,9.1,186.0,3.9,0.6,70.0,21.6,95,0.0,18.7
Hubballi,15.3478,75.1338,2025-10-29 23:00:00,10.7,9.4,183.0,3.3,0.5,71.0,21.5,95,0.1,19.0
Hubballi,15.3478,75.1338,2025-10-30 00:00:00,8.8,7.8,177.0,2.7,0.4,71.0,21.2,96,0.1,22.5
Hubballi,15.3478,75.1338,2025-10-30 01:00:00,8.5,7.5,169.0,2.0,0.3,72.0,21.2,95,0.0,21.5
Hubballi,15.3478,75.1338,2025-10-30 02:00:00,9.6,8.4,164.0,1.6,0.3,72.0,21.0,95,0.0,20.9
Hubballi,15.3478,75.1338,2025-10-30 03:00:00,11.0,9.6,164.0,1.4,0.3,72.0,20.7,95,0.0,20.2
Hubballi,15.3478,75.1338,2025-10-30 04:00:00,11.6,10.1,166.0,1.4,0.3,71.0,20.5,96,0.0,18.2
Hubballi,15.3478,75.1338,2025-10-30 05:00:00,9.8,8.8,169.0,1.5,0.5,73.0,20.9,94,0.0,19.0
Hubballi,15.3478,75.1338,2025-10-30 06:00:00,12.2,10.7,174.0,2.2,0.6,72.0,20.7,95,0.0,17.8
Hubballi,15.3478,75.1338,2025-10-30 07:00:00,14.3,12.3,180.0,3.0,0.7,72.0,21.6,91,0.0,19.5
Hubballi,15.3478,75.1338,2025-10-30 08:00:00,14.1,11.8,181.0,3.4,0.8,72.0,23.1,83,0.1,23.2
Hubballi,15.3478,75.1338,2025-10-30 09:00:00,13.5,10.8,174.0,2.8,0.7,74.0,24.0,77,0.1,26.6
Hubballi,15.3478,75.1338,2025-10-30 10:00:00,12.5,9.9,163.0,1.8,0.6,78.0,25.2,71,0.0,25.2
Hubballi,15.3478,75.1338,2025-10-30 11:00:00,11.4,9.0,154.0,1.0,0.5,80.0,26.2,66,0.0,23.7
Hubballi,15.3478,75.1338,2025-10-30 12:00:00,10.6,8.1,147.0,0.7,0.4,79.0,27.1,61,0.0,25.8
Hubballi,15.3478,75.1338,2025-10-30 13:00:00,10.5,7.9,143.0,0.6,0.4,78.0,26.9,62,0.0,24.7
Hubballi,15.3478,75.1338,2025-10-30 14:00:00,10.7,7.9,142.0,0.9,0.4,75.0,27.0,61,0.0,25.2
Hubballi,15.3478,75.1338,2025-10-30 15:00:00,10.9,8.0,148.0,1.6,0.4,72.0,26.5,62,0.0,25.5
Hubballi,15.3478,75.1338,2025-10-30 16:00:00,11.1,8.2,159.0,2.6,0.5,69.0,25.6,66,0.0,24.6
Hubballi,15.3478,75.1338,2025-10-30 17:00:00,12.4,10.3,168.0,3.9,0.6,66.0,24.6,71,0.0,17.1
Hubballi,15.3478,75.1338,2025-10-30 18:00:00,12.7,10.9,176.0,4.9,0.8,63.0,23.1,80,0.0,14.7
Hubballi,15.3478,75.1338,2025-10-30 19:00:00,12.3,10.7,183.0,6.1,1.0,59.0,22.2,88,0.0,13.2
Hubballi,15.3478,75.1338,2025-10-30 20:00:00,11.5,10.1,186.0,7.0,1.2,55.0,21.4,93,0.0,13.1
Hubballi,15.3478,75.1338,2025-10-30 21:00:00,10.8,9.6,183.0,7.1,1.2,53.0,21.1,95,0.0,14.6
Hubballi,15.3478,75.1338,2025-10-30 22:00:00,10.2,9.0,177.0,6.7,1.0,51.0,21.3,94,0.1,15.8
Hubballi,15.3478,75.1338,2025-10-30 23:00:00,9.5,8.4,171.0,6.1,0.9,51.0,21.2,98,0.0,14.1
Hubballi,15.3478,75.1338,2025-10-31 00:00:00,8.4,7.0,166.0,5.0,0.7,52.0,21.5,95,0.1,16.3
Hubballi,15.3478,75.1338,2025-10-31 01:00:00,7.3,6.0,162.0,3.7,0.5,54.0,21.2,96,0.1,15.6
Hubballi,15.3478,75.1338,2025-10-31 02:00:00,6.3,5.3,159.0,2.7,0.4,55.0,21.0,96,0.1,14.6
Hubballi,15.3478,75.1338,2025-10-31 03:00:00,5.7,4.6,159.0,2.4,0.4,54.0,20.9,96,0.2,16.3
Hubballi,15.3478,75.1338,2025-10-31 04:00:00,5.1,4.2,161.0,2.4,0.4,53.0,20.7,96,0.2,15.6
Hubballi,15.3478,75.1338,2025-10-31 05:00:00,7.3,5.6,162.0,2.3,0.3,53.0,21.2,97,0.0,14.0
Hubballi,15.3478,75.1338,2025-10-31 06:00:00,7.2,5.6,163.0,2.7,0.4,53.0,21.4,96,0.0,15.3
Hubballi,15.3478,75.1338,2025-10-31 07:00:00,7.9,6.1,165.0,3.1,0.6,54.0,21.5,95,0.0,18.2
Hubballi,15.3478,75.1338,2025-10-31 08:00:00,8.1,6.3,164.0,3.3,0.7,56.0,23.0,86,0.1,21.9
Hubballi,15.3478,75.1338,2025-10-31 09:00:00,9.7,7.2,159.0,2.8,0.7,61.0,23.6,83,0.1,20.5
Hubballi,15.3478,75.1338,2025-10-31 10:00:00,9.9,7.3,152.0,2.1,0.7,68.0,24.4,78,0.1,21.7
Hubballi,15.3478,75.1338,2025-10-31 11:00:00,9.7,7.3,148.0,1.5,0.6,73.0,26.0,70,0.0,21.3
Hubballi,15.3478,75.1338,2025-10-31 12:00:00,9.8,7.5,149.0,1.2,0.6,76.0,26.6,67,0.2,22.8
Hubballi,15.3478,75.1338,2025-10-31 13:00:00,9.8,7.5,152.0,1.2,0.5,78.0,26.5,67,0.3,24.5
Hubballi,15.3478,75.1338,2025-10-31 14:00:00,9.7,7.5,155.0,1.4,0.5,78.0,25.5,74,0.2,21.7
Hubballi,15.3478,75.1338,2025-10-31 15:00:00,9.9,7.8,158.0,1.9,0.5,77.0,25.4,74,0.4,20.9
Hubballi,15.3478,75.1338,2025-10-31 16:00:00,10.4,8.1,161.0,2.8,0.6,75.0,24.5,80,0.2,20.0
Hubballi,15.3478,75.1338,2025-10-31 17:00:00,10.3,8.1,165.0,3.9,0.7,71.0,24.0,86,0.0,17.9
Hubballi,15.3478,75.1338,2025-10-31 18:00:00,10.7,8.8,170.0,5.2,0.9,65.0,22.6,92,0.0,16.8
Hubballi,15.3478,75.1338,2025-10-31 19:00:00,11.4,9.5,177.0,7.0,1.2,57.0,22.2,94,0.0,15.3
Hubballi,15.3478,75.1338,2025-10-31 20:00:00,12.0,9.9,180.0,8.3,1.4,51.0,21.9,95,0.0,14.6
Hubballi,15.3478,75.1338,2025-10-31 21:00:00,12.5,10.3,179.0,8.7,1.5,48.0,21.7,96,0.0,13.0
Hubballi,15.3478,75.1338,2025-10-31 22:00:00,13.0,10.7,176.0,8.5,1.5,46.0,21.6,96,0.0,12.7
Hubballi,15.3478,75.1338,2025-10-31 23:00:00,13.3,10.8,172.0,8.1,1.5,45.0,22.0,98,0.0,15.5
Hubballi,15.3478,75.1338,2025-11-01 00:00:00,13.0,10.5,165.0,7.4,1.4,45.0,22.1,96,0.0,12.8
Hubballi,15.3478,75.1338,2025-11-01 01:00:00,12.8,10.2,157.0,6.4,1.3,45.0,21.7,96,0.0,14.0
Hubballi,15.3478,75.1338,2025-11-01 02:00:00,12.8,10.2,153.0,5.4,1.1,46.0,21.6,96,0.0,15.4
Hubballi,15.3478,75.1338,2025-11-01 03:00:00,12.9,10.4,157.0,4.4,0.8,48.0,21.3,97,0.0,14.7
Hubballi,15.3478,75.1338,2025-11-01 04:00:00,14.0,10.9,166.0,3.5,0.5,51.0,21.1,96,0.0,15.5
Hubballi,15.3478,75.1338,2025-11-01 05:00:00,11.1,8.9,173.0,2.8,0.5,53.0,22.2,98,0.0,15.7
Hubballi,15.3478,75.1338,2025-11-01 06:00:00,11.1,8.8,176.0,3.2,0.6,54.0,22.2,97,0.2,16.4
Hubballi,15.3478,75.1338,2025-11-01 07:00:00,10.7,8.6,177.0,3.6,0.8,56.0,22.2,95,0.0,14.2
Hubballi,15.3478,75.1338,2025-11-01 08:00:00,10.5,8.2,175.0,3.8,0.9,59.0,23.2,88,0.0,16.5
Hubballi,15.3478,75.1338,2025-11-01 09:00:00,10.2,7.8,169.0,3.4,0.9,63.0,24.8,77,0.0,17.9
Hubballi,15.3478,75.1338,2025-11-01 10:00:00,10.0,7.7,160.0,2.6,0.8,69.0,25.8,72,0.0,16.7
Hubballi,15.3478,75.1338,2025-11-01 11:00:00,9.9,7.7,154.0,2.0,0.7,74.0,26.9,68,0.0,15.7
Hubballi,15.3478,75.1338,2025-11-01 12:00:00,9.5,7.5,154.0,1.6,0.6,79.0,27.9,64,0.1,15.3
Hubballi,15.3478,75.1338,2025-11-01 13:00:00,8.9,7.2,157.0,1.4,0.6,83.0,28.3,62,0.0,15.7
Hubballi,15.3478,75.1338,2025-11-01 14:00:00,8.1,6.7,161.0,1.5,0.6,85.0,28.4,60,0.0,15.9
Hubballi,15.3478,75.1338,2025-11-01 15:00:00,7.7,6.5,164.0,2.1,0.6,84.0,27.9,62,0.0,17.6
Hubballi,15.3478,75.1338,2025-11-01 16:00:00,7.9,6.8,169.0,3.1,0.7,81.0,27.3,64,0.0,17.8
Hubballi,15.3478,75.1338,2025-11-01 17:00:00,13.3,11.1,174.0,6.0,0.9,74.0,25.3,80,0.0,15.8
Hubballi,15.3478,75.1338,2025-11-01 18:00:00,13.3,11.7,183.0,6.9,1.2,68.0,24.1,86,0.0,15.2
Hubballi,15.3478,75.1338,2025-11-01 19:00:00,13.4,11.9,193.0,8.2,1.6,60.0,23.3,91,0.0,12.7
Hubballi,15.3478,75.1338,2025-11-01 20:00:00,13.6,12.1,198.0,9.0,1.8,54.0,22.4,96,0.0,11.5
Hubballi,15.3478,75.1338,2025-11-01 21:00:00,14.3,12.8,196.0,9.1,1.8,51.0,21.9,98,0.0,11.5
Hubballi,15.3478,75.1338,2025-11-01 22:00:00,14.5,12.9,189.0,8.7,1.6,51.0,21.5,99,0.0,11.3
Hubballi,15.3478,75.1338,2025-11-01 23:00:00,14.8,13.3,182.0,8.0,1.3,51.0,22.2,99,0.0,12.1
Hubballi,15.3478,75.1338,2025-11-02 00:00:00,14.5,13.0,175.0,6.8,1.0,53.0,22.1,98,0.0,13.4
Hubballi,15.3478,75.1338,2025-11-02 01:00:00,14.3,12.8,167.0,5.2,0.6,55.0,21.8,99,0.0,11.5
Hubballi,15.3478,75.1338,2025-11-02 02:00:00,13.9,12.4,164.0,3.9,0.3,58.0,21.7,98,0.0,11.2
Hubballi,15.3478,75.1338,2025-11-02 03:00:00,12.5,11.0,167.0,3.0,0.2,61.0,21.4,99,0.0,9.0
Hubballi,15.3478,75.1338,2025-11-02 04:00:00,11.7,9.9,175.0,2.4,0.3,64.0,21.4,98,0.1,10.2
Hubballi,15.3478,75.1338,2025-11-02 05:00:00,11.5,10.0,181.0,2.9,0.6,60.0,21.6,97,0.0,9.4
Hubballi,15.3478,75.1338,2025-11-02 06:00:00,10.9,9.1,185.0,3.2,0.7,62.0,21.6,97,0.0,8.6
Hubballi,15.3478,75.1338,2025-11-02 07:00:00,10.9,9.2,189.0,3.6,0.8,64.0,21.9,95,0.0,9.7
Hubballi,15.3478,75.1338,2025-11-02 08:00:00,10.2,8.6,189.0,3.7,0.9,68.0,23.5,85,0.0,9.8
Hubballi,15.3478,75.1338,2025-11-02 09:00:00,10.3,8.6,183.0,3.1,0.9,75.0,25.2,75,0.0,10.0
Hubballi,15.3478,75.1338,2025-11-02 10:00:00,10.1,8.5,174.0,2.3,0.8,83.0,26.5,68,0.0,10.8
Hubballi,15.3478,75.1338,2025-11-02 11:00:00,9.7,8.3,167.0,1.6,0.7,89.0,27.2,64,0.0,10.2
Hubballi,15.3478,75.1338,2025-11-02 12:00:00,8.8,7.6,165.0,1.3,0.6,93.0,28.0,60,0.0,10.0
Hubballi,15.3478,75.1338,2025-11-02 13:00:00,7.9,6.8,166.0,1.2,0.6,94.0,28.5,56,0.0,10.0
Hubballi,15.3478,75.1338,2025-11-02 14:00:00,7.8,6.7,171.0,1.4,0.6,94.0,28.7,54,0.0,10.9
Hubballi,15.3478,75.1338,2025-11-02 15:00:00,7.9,6.8,181.0,2.0,0.6,91.0,28.4,54,0.0,12.0
Hubballi,15.3478,75.1338,2025-11-02 16:00:00,7.9,6.8,195.0,3.0,0.7,85.0,27.7,56,0.0,13.0
Hubballi,15.3478,75.1338,2025-11-02 17:00:00,13.7,12.1,207.0,6.6,1.0,76.0,26.4,61,0.0,7.3
Hubballi,15.3478,75.1338,2025-11-02 18:00:00,14.4,13.0,217.0,7.8,1.3,68.0,24.9,73,0.0,16.2
Hubballi,15.3478,75.1338,2025-11-02 19:00:00,14.5,13.1,226.0,9.4,1.7,58.0,23.1,85,0.0,15.4
Hubballi,15.3478,75.1338,2025-11-02 20:00:00,14.1,12.7,232.0,10.4,2.0,50.0,22.0,90,0.0,14.8
Hubballi,15.3478,75.1338,2025-11-02 21:00:00,14.6,12.8,234.0,10.4,2.2,47.0,21.4,95,0.0,15.0
Hubballi,15.3478,75.1338,2025-11-02 22:00:00,15.1,13.1,233.0,9.8,2.2,46.0,21.0,97,0.0,15.1
Hubballi,15.3478,75.1338,2025-11-02 23:00:00,15.0,12.9,230.0,8.8,2.1,46.0,21.5,98,0.0,14.5
Hubballi,15.3478,75.1338,2025-11-03 00:00:00,15.1,13.3,222.0,7.3,1.5,49.0,21.5,95,0.0,12.1
Hubballi,15.3478,75.1338,2025-11-03 01:00:00,17.1,15.2,211.0,5.4,0.7,53.0,20.9,97,0.0,9.7
Hubballi,15.3478,75.1338,2025-11-03 02:00:00,17.6,15.5,204.0,4.2,0.2,55.0,20.6,98,0.0,9.4
Hubballi,15.3478,75.1338,2025-11-03 03:00:00,17.3,15.5,202.0,4.3,0.2,51.0,20.4,99,0.0,7.9
Hubballi,15.3478,75.1338,2025-11-03 04:00:00,17.2,15.7,203.0,5.1,0.4,45.0,20.3,99,0.0,7.2
Hubballi,15.3478,75.1338,2025-11-03 05:00:00,17.1,15.2,206.0,3.9,0.4,51.0,21.1,96,0.0,7.0
Hubballi,15.3478,75.1338,2025-11-03 06:00:00,18.2,16.1,212.0,4.2,0.6,53.0,20.7,97,0.0,4.9
Hubballi,15.3478,75.1338,2025-11-03 07:00:00,16.4,14.2,219.0,4.7,0.8,55.0,21.4,93,0.0,5.6
Hubballi,15.3478,75.1338,2025-11-03 08:00:00,14.6,12.5,221.0,4.7,1.0,60.0,22.8,84,0.0,6.3
Hubballi,15.3478,75.1338,2025-11-03 09:00:00,13.2,11.2,214.0,4.0,1.1,68.0,24.7,76,0.0,5.0
Hubballi,15.3478,75.1338,2025-11-03 10:00:00,12.2,10.4,202.0,2.9,1.0,78.0,26.5,68,0.0,5.7
Hubballi,15.3478,75.1338,2025-11-03 11:00:00,11.6,10.0,192.0,2.1,1.0,86.0,27.5,61,0.0,4.8
Hubballi,15.3478,75.1338,2025-11-03 12:00:00,11.6,10.1,185.0,1.6,0.9,92.0,28.5,57,0.0,5.6
Hubballi,15.3478,75.1338,2025-11-03 13:00:00,11.7,10.2,181.0,1.3,0.8,95.0,29.2,51,0.0,7.9
Hubballi,15.3478,75.1338,2025-11-03 14:00:00,10.8,9.4,183.0,1.6,0.8,96.0,29.4,50,0.0,9.7
Hubballi,15.3478,75.1338,2025-11-03 15:00:00,9.8,8.6,199.0,3.1,0.8,92.0,28.8,51,0.0,10.9
Hubballi,15.3478,75.1338,2025-11-03 16:00:00,9.3,8.2,222.0,5.2,0.9,85.0,28.2,53,0.0,12.1
Hubballi,15.3478,75.1338,2025-11-03 17:00:00,10.8,9.9,238.0,7.9,1.2,82.0,27.2,59,0.0,7.1
Hubballi,15.3478,75.1338,2025-11-03 18:00:00,11.2,10.4,240.0,7.7,1.4,75.0,25.4,63,0.0,11.6
Hubballi,15.3478,75.1338,2025-11-03 19:00:00,10.0,9.3,236.0,7.4,1.6,65.0,24.0,76,0.0,17.0
Hubballi,15.3478,75.1338,2025-11-03 20:00:00,9.0,8.3,230.0,7.1,1.8,57.0,22.2,91,0.0,16.1
Hubballi,15.3478,75.1338,2025-11-03 21:00:00,8.6,7.8,224.0,7.0,1.9,53.0,21.6,95,0.0,13.6
Hubballi,15.3478,75.1338,2025-11-03 22:00:00,8.6,7.8,217.0,7.0,1.9,51.0,21.6,94,0.0,12.6
Hubballi,15.3478,75.1338,2025-11-03 23:00:00,8.6,7.7,210.0,6.8,1.8,49.0,22.1,94,0.0,12.4
Hubballi,15.3478,75.1338,2025-11-04 00:00:00,9.2,8.3,201.0,6.3,1.5,48.0,22.5,90,0.0,12.1
Hubballi,15.3478,75.1338,2025-11-04 01:00:00,9.7,8.8,192.0,5.7,1.2,47.0,22.5,89,0.0,11.2
Hubballi,15.3478,75.1338,2025-11-04 02:00:00,10.7,9.7,188.0,5.1,0.9,46.0,22.3,90,0.0,9.6
Hubballi,15.3478,75.1338,2025-11-04 03:00:00,11.3,10.2,192.0,4.7,0.8,45.0,22.1,91,0.0,7.8
Hubballi,15.3478,75.1338,2025-11-04 04:00:00,10.4,9.4,201.0,4.5,0.7,44.0,21.9,91,0.0,6.8
Hubballi,15.3478,75.1338,2025-11-04 05:00:00,7.9,6.9,210.0,4.0,1.4,48.0,22.4,91,0.1,8.2
Hubballi,15.3478,75.1338,2025-11-04 06:00:00,7.9,6.9,219.0,5.0,1.5,48.0,22.4,90,0.0,7.9
Hubballi,15.3478,75.1338,2025-11-04 07:00:00,8.3,7.3,228.0,6.3,1.7,47.0,22.7,89,0.0,6.7
Hubballi,15.3478,75.1338,2025-11-04 08:00:00,8.2,7.3,231.0,6.9,1.8,50.0,23.3,86,0.0,7.9
Hubballi,15.3478,75.1338,2025-11-04 09:00:00,8.1,7.1,222.0,6.0,1.8,57.0,24.6,78,0.0,7.6
Hubballi,15.3478,75.1338,2025-11-04 10:00:00,12.2,10.4,206.0,4.3,1.6,67.0,26.0,71,0.0,5.9
Hubballi,15.3478,75.1338,2025-11-04 11:00:00,9.2,7.9,194.0,2.9,1.5,76.0,27.0,65,0.2,6.8
Hubballi,15.3478,75.1338,2025-11-04 12:00:00,9.1,7.9,188.0,2.0,1.3,84.0,27.3,66,0.1,10.3
Hubballi,15.3478,75.1338,2025-11-04 13:00:00,9.0,7.8,186.0,1.4,1.2,91.0,27.6,66,0.0,8.9
Hubballi,15.3478,75.1338,2025-11-04 14:00:00,8.8,7.7,189.0,1.7,1.1,94.0,27.9,65,0.0,10.5
Hubballi,15.3478,75.1338,2025-11-04 15:00:00,8.2,7.3,200.0,3.6,1.1,91.0,27.9,63,0.1,11.0
Hubballi,15.3478,75.1338,2025-11-04 16:00:00,7.8,7.0,217.0,6.3,1.2,83.0,27.5,61,0.0,12.1
Hubballi,15.3478,75.1338,2025-11-04 17:00:00,8.8,8.0,234.0,8.6,1.3,69.0,26.5,65,0.0,9.8
Hubballi,15.3478,75.1338,2025-11-04 18:00:00,10.9,10.2,250.0,10.8,1.7,61.0,25.1,73,0.0,13.6
Hubballi,15.3478,75.1338,2025-11-04 19:00:00,12.2,11.6,267.0,13.8,2.1,50.0,23.5,83,0.0,13.9
Hubballi,15.3478,75.1338,2025-11-04 20:00:00,11.8,11.2,282.0,15.5,2.5,42.0,22.8,87,0.0,11.4
Hubballi,15.3478,75.1338,2025-11-04 21:00:00,12.2,11.5,295.0,14.8,2.7,40.0,22.1,90,0.0,9.3
Hubballi,15.3478,75.1338,2025-11-04 22:00:00,13.2,12.4,306.0,12.9,2.7,42.0,21.6,92,0.0,7.7
Hubballi,15.3478,75.1338,2025-11-04 23:00:00,14.3,13.4,311.0,11.1,2.6,43.0,21.3,96,0.0,6.7
Hubballi,15.3478,75.1338,2025-11-05 00:00:00,15.8,14.7,305.0,9.9,2.3,42.0,21.3,96,0.0,5.2
Hubballi,15.3478,75.1338,2025-11-05 01:00:00,17.0,15.8,292.0,8.9,1.8,41.0,21.0,97,0.0,5.4
Hubballi,15.3478,75.1338,2025-11-05 02:00:00,18.7,17.5,284.0,7.9,1.3,41.0,20.6,98,0.0,5.6
Hubballi,15.3478,75.1338,2025-11-05 03:00:00,20.4,19.2,287.0,6.9,0.9,43.0,20.6,98,0.0,6.5
Hubballi,15.3478,75.1338,2025-11-05 04:00:00,20.8,19.4,295.0,5.9,0.4,45.0,20.6,96,0.0,5.6
Hubballi,15.3478,75.1338,2025-11-05 05:00:00,19.2,18.0,296.0,5.4,0.2,47.0,20.7,98,0.0,7.0
Hubballi,15.3478,75.1338,2025-11-05 06:00:00,18.9,17.8,286.0,5.7,0.4,50.0,21.0,93,0.0,6.3
Hubballi,15.3478,75.1338,2025-11-05 07:00:00,19.5,18.3,270.0,6.0,0.7,55.0,21.5,89,0.0,5.6
Hubballi,15.3478,75.1338,2025-11-05 08:00:00,18.5,17.1,254.0,5.8,0.9,62.0,23.0,82,0.0,3.8
Hubballi,15.3478,75.1338,2025-11-05 09:00:00,16.4,15.1,241.0,4.6,1.1,73.0,24.7,74,0.0,2.4
Hubballi,15.3478,75.1338,2025-11-05 10:00:00,14.8,13.5,229.0,3.0,1.3,86.0,26.4,65,0.1,2.4
Hubballi,15.3478,75.1338,2025-11-05 11:00:00,14.0,12.8,218.0,1.7,1.4,95.0,26.9,60,0.1,2.3
Hubballi,15.3478,75.1338,2025-11-05 12:00:00,12.5,11.4,204.0,1.1,1.3,99.0,28.0,57,0.1,5.3
Hubballi,15.3478,75.1338,2025-11-05 13:00:00,11.2,10.2,191.0,1.0,1.1,99.0,28.6,54,0.0,8.4
Hubballi,15.3478,75.1338,2025-11-05 14:00:00,10.5,9.5,187.0,1.4,0.9,97.0,28.7,50,0.0,9.7
Hubballi,15.3478,75.1338,2025-11-05 15:00:00,10.3,9.3,201.0,2.6,0.9,94.0,28.5,50,0.0,10.9
Hubballi,15.3478,75.1338,2025-11-05 16:00:00,10.6,9.7,225.0,4.4,0.9,88.0,27.8,53,0.0,13.4
Hubballi,15.3478,75.1338,2025-11-05 17:00:00,10.9,10.2,244.0,6.1,1.2,85.0,26.9,54,0.0,10.6
Hubballi,15.3478,75.1338,2025-11-05 18:00:00,13.0,12.3,252.0,6.9,1.5,79.0,24.0,77,0.0,17.8
Hubballi,15.3478,75.1338,2025-11-05 19:00:00,14.3,13.6,255.0,8.1,2.0,71.0,22.6,83,0.0,15.9
Hubballi,15.3478,75.1338,2025-11-05 20:00:00,15.0,14.2,258.0,8.9,2.3,64.0,21.4,89,0.0,12.9
Hubballi,15.3478,75.1338,2025-11-05 21:00:00,15.3,14.4,266.0,9.2,2.5,60.0,20.9,92,0.0,11.7
Hubballi,15.3478,75.1338,2025-11-05 22:00:00,15.5,14.6,274.0,9.2,2.7,57.0,20.4,95,0.0,8.6
Hubballi,15.3478,75.1338,2025-11-05 23:00:00,16.3,15.3,276.0,9.0,2.6,55.0,21.2,95,0.0,10.5
Hubballi,15.3478,75.1338,2025-11-06 00:00:00,16.5,15.4,265.0,8.5,2.1,52.0,21.1,94,0.0,10.2
Hubballi,15.3478,75.1338,2025-11-06 01:00:00,17.2,16.1,247.0,7.7,1.4,48.0,20.4,96,0.0,8.5
Hubballi,15.3478,75.1338,2025-11-06 02:00:00,18.1,17.1,237.0,6.9,0.9,47.0,19.8,97,0.0,6.8
Hubballi,15.3478,75.1338,2025-11-06 03:00:00,18.0,16.5,243.0,6.0,0.6,48.0,19.5,98,0.0,5.2
Hubballi,15.3478,75.1338,2025-11-06 04:00:00,17.8,16.5,256.0,5.0,0.5,51.0,19.3,98,0.0,5.3
Hubballi,15.3478,75.1338,2025-11-06 05:00:00,15.4,14.2,262.0,4.1,0.8,59.0,19.8,98,0.0,7.2
Hubballi,15.3478,75.1338,2025-11-06 06:00:00,15.9,14.5,252.0,5.1,1.1,59.0,19.7,98,0.0,6.9
Hubballi,15.3478,75.1338,2025-11-06 07:00:00,16.4,14.9,234.0,6.3,1.5,60.0,20.6,93,0.0,7.1
Hubballi,15.3478,75.1338,2025-11-06 08:00:00,15.4,13.9,221.0,6.7,1.8,64.0,22.9,80,0.0,7.6
Hubballi,15.3478,75.1338,2025-11-06 09:00:00,14.5,13.0,218.0,5.4,1.8,74.0,23.7,78,0.2,6.2
Hubballi,15.3478,75.1338,2025-11-06 10:00:00,15.4,14.0,219.0,3.4,1.7,88.0,24.5,77,0.1,5.6
Hubballi,15.3478,75.1338,2025-11-06 11:00:00,15.8,14.3,217.0,1.8,1.5,99.0,25.9,70,0.0,8.2
Hubballi,15.3478,75.1338,2025-11-06 12:00:00,15.0,13.7,208.0,1.2,1.4,106.0,26.7,67,0.1,6.4
Hubballi,15.3478,75.1338,2025-11-06 13:00:00,13.5,12.4,195.0,1.0,1.2,110.0,27.4,63,0.1,5.3
Hubballi,15.3478,75.1338,2025-11-06 14:00:00,12.5,11.5,188.0,1.6,1.1,111.0,27.9,58,0.0,4.0
Hubballi,15.3478,75.1338,2025-11-06 15:00:00,11.8,10.8,188.0,2.7,1.0,108.0,28.1,56,0.0,4.4
Hubballi,15.3478,75.1338,2025-11-06 16:00:00,10.9,10.0,193.0,4.5,1.0,102.0,27.7,56,0.0,5.9
Hubballi,15.3478,75.1338,2025-11-06 17:00:00,20.2,19.1,201.0,11.1,1.5,90.0,26.3,72,0.0,1.8
Hubballi,15.3478,75.1338,2025-11-06 18:00:00,23.6,22.6,211.0,16.2,2.2,79.0,24.4,76,0.2,2.4
Hubballi,15.3478,75.1338,2025-11-06 19:00:00,24.6,23.6,225.0,23.3,3.2,63.0,23.5,82,0.0,3.6
Hubballi,15.3478,75.1338,2025-11-06 20:00:00,25.9,24.9,247.0,29.6,4.1,49.0,22.6,88,0.2,2.3
Hubballi,15.3478,75.1338,2025-11-06 21:00:00,27.5,26.5,288.0,34.2,4.9,40.0,21.8,93,0.0,3.8
Hubballi,15.3478,75.1338,2025-11-06 22:00:00,31.1,30.0,336.0,37.8,5.7,32.0,21.4,94,0.0,4.7
Hubballi,15.3478,75.1338,2025-11-06 23:00:00,34.3,33.2,367.0,40.1,6.1,26.0,21.6,94,0.1,4.7
Hubballi,15.3478,75.1338,2025-11-07 00:00:00,36.0,34.8,360.0,40.8,6.0,20.0,21.3,96,0.0,2.3
Hubballi,15.3478,75.1338,2025-11-07 01:00:00,35.9,34.7,335.0,40.2,5.5,16.0,21.1,91,0.5,1.8
Hubballi,15.3478,75.1338,2025-11-07 02:00:00,34.8,33.5,325.0,38.2,5.0,13.0,20.8,93,0.1,7.3
Hubballi,15.3478,75.1338,2025-11-07 03:00:00,33.1,31.8,357.0,34.2,4.3,11.0,20.3,96,0.1,5.6
Hubballi,15.3478,75.1338,2025-11-07 04:00:00,31.3,29.9,404.0,28.9,3.6,12.0,20.2,97,0.0,2.9
Hubballi,15.3478,75.1338,2025-11-07 05:00:00,23.7,22.4,424.0,13.5,2.8,39.0,20.6,96,0.0,1.0
Hubballi,15.3478,75.1338,2025-11-07 06:00:00,23.2,21.9,390.0,12.2,3.2,52.0,20.7,95,0.0,9.2
Hubballi,15.3478,75.1338,2025-11-07 07:00:00,23.0,21.9,329.0,10.2,3.8,70.0,21.5,89,0.0,5.1
Hubballi,15.3478,75.1338,2025-11-07 08:00:00,20.3,19.4,279.0,8.2,4.8,88.0,23.2,81,0.0,4.7
Hubballi,15.3478,75.1338,2025-11-07 09:00:00,22.1,21.5,256.0,6.0,6.7,106.0,24.9,71,0.0,7.3
Hubballi,15.3478,75.1338,2025-11-07 10:00:00,25.8,25.2,245.0,3.7,9.0,124.0,26.0,64,0.0,11.3
Hubballi,15.3478,75.1338,2025-11-07 11:00:00,26.4,25.7,237.0,2.1,10.1,137.0,25.8,68,0.3,11.9
Hubballi,15.3478,75.1338,2025-11-07 12:00:00,25.6,25.0,227.0,1.3,8.9,142.0,27.3,62,0.1,10.6
Hubballi,15.3478,75.1338,2025-11-07 13:00:00,25.4,25.0,220.0,1.3,6.6,142.0,27.9,57,0.0,8.1
Hubballi,15.3478,75.1338,2025-11-07 14:00:00,27.1,26.7,222.0,2.1,4.8,139.0,28.1,54,0.0,8.0
Hubballi,15.3478,75.1338,2025-11-07 15:00:00,27.6,27.1,231.0,3.6,4.3,136.0,28.0,54,0.0,8.6
Hubballi,15.3478,75.1338,2025-11-07 16:00:00,28.3,27.9,248.0,5.9,4.4,130.0,27.3,55,0.0,8.6
Hubballi,15.3478,75.1338,2025-11-07 17:00:00,42.1,41.2,283.0,11.0,6.1,120.0,26.6,62,0.0,4.2
Hubballi,15.3478,75.1338,2025-11-07 18:00:00,49.0,47.8,356.0,20.2,7.0,103.0,25.2,64,0.0,6.1
Hubballi,15.3478,75.1338,2025-11-07 19:00:00,53.9,52.7,447.0,32.9,8.3,80.0,24.2,69,0.1,5.6
Hubballi,15.3478,75.1338,2025-11-07 20:00:00,57.7,56.5,503.0,42.8,9.2,60.0,23.1,75,0.2,3.4
Hubballi,15.3478,75.1338,2025-11-07 21:00:00,61.0,59.8,487.0,47.9,9.6,46.0,22.4,82,0.0,7.7
Hubballi,15.3478,75.1338,2025-11-07 22:00:00,63.1,61.9,435.0,50.3,9.6,34.0,21.9,88,0.0,7.9
Hubballi,15.3478,75.1338,2025-11-07 23:00:00,59.8,59.0,407.0,49.7,9.1,26.0,21.0,96,0.0,9.3
Hubballi,15.3478,75.1338,2025-11-08 00:00:00,54.4,53.8,435.0,44.9,7.8,23.0,20.8,95,0.0,6.7
Hubballi,15.3478,75.1338,2025-11-08 01:00:00,50.3,49.8,486.0,37.2,6.0,24.0,20.4,96,0.0,6.3
Hubballi,15.3478,75.1338,2025-11-08 02:00:00,46.7,46.3,518.0,30.4,4.5,25.0,20.1,96,0.0,6.5
Hubballi,15.3478,75.1338,2025-11-08 03:00:00,45.8,45.4,509.0,25.9,3.4,25.0,19.8,96,0.0,5.3
Hubballi,15.3478,75.1338,2025-11-08 04:00:00,46.4,46.1,480.0,22.4,2.5,24.0,19.8,97,0.0,8.0
Hubballi,15.3478,75.1338,2025-11-08 05:00:00,46.1,45.3,454.0,22.5,3.9,27.0,20.1,98,0.0,9.5
Hubballi,15.3478,75.1338,2025-11-08 06:00:00,48.4,47.5,442.0,20.5,4.5,37.0,20.6,96,0.0,9.9
Hubballi,15.3478,75.1338,2025-11-08 07:00:00,49.7,48.8,433.0,17.6,5.2,53.0,21.7,90,0.0,8.9
Hubballi,15.3478,75.1338,2025-11-08 08:00:00,44.2,43.1,410.0,14.2,5.6,71.0,23.8,77,0.0,10.5
Hubballi,15.3478,75.1338,2025-11-08 09:00:00,35.2,34.1,359.0,9.9,5.2,95.0,25.8,65,0.0,11.9
Hubballi,15.3478,75.1338,2025-11-08 10:00:00,26.7,26.0,295.0,5.2,4.5,121.0,27.2,57,0.0,13.8
Hubballi,15.3478,75.1338,2025-11-08 11:00:00,23.6,22.8,247.0,1.8,3.9,140.0,27.8,53,0.0,11.9
Hubballi,15.3478,75.1338,2025-11-08 12:00:00,22.1,21.2,230.0,0.4,3.6,146.0,28.6,49,0.0,10.3
Hubballi,15.3478,75.1338,2025-11-08 13:00:00,20.8,20.1,229.0,0.4,3.4,145.0,29.0,46,0.0,9.7
Hubballi,15.3478,75.1338,2025-11-08 14:00:00,19.9,19.3,233.0,1.6,3.3,140.0,29.1,43,0.0,8.8
Hubballi,15.3478,75.1338,2025-11-08 15:00:00,19.2,18.6,241.0,4.3,3.3,133.0,29.0,42,0.0,9.3
Hubballi,15.3478,75.1338,2025-11-08 16:00:00,18.6,18.1,253.0,8.3,3.4,123.0,28.7,42,0.0,10.3
Hubballi,15.3478,75.1338,2025-11-08 17:00:00,18.7,18.5,265.0,12.3,3.3,112.0,26.7,46,0.0,9.2
Hubballi,15.3478,75.1338,2025-11-08 18:00:00,19.7,19.5,271.0,14.7,3.7,104.0,25.0,50,0.0,7.3
Hubballi,15.3478,75.1338,2025-11-08 19:00:00,19.6,19.4,276.0,18.0,4.3,92.0,24.4,51,0.0,9.1
Hubballi,15.3478,75.1338,2025-11-08 20:00:00,19.7,19.6,287.0,20.7,4.8,81.0,23.7,52,0.0,9.0
Hubballi,15.3478,75.1338,2025-11-08 21:00:00,20.4,20.3,314.0,22.3,5.0,72.0,22.1,57,0.0,7.8
Hubballi,15.3478,75.1338,2025-11-08 22:00:00,21.7,21.4,348.0,23.2,5.0,64.0,21.8,58,0.0,10.1
Hubballi,15.3478,75.1338,2025-11-08 23:00:00,22.3,22.1,369.0,23.8,5.1,57.0,21.7,59,0.0,10.7
Hubballi,15.3478,75.1338,2025-11-09 00:00:00,22.2,22.0,366.0,23.9,5.2,52.0,21.9,56,0.0,10.1
Hubballi,15.3478,75.1338,2025-11-09 01:00:00,22.7,22.4,351.0,23.6,5.3,48.0,20.7,61,0.0,6.6
Hubballi,15.3478,75.1338,2025-11-09 02:00:00,24.2,24.0,338.0,23.5,5.4,44.0,20.8,58,0.0,4.2
Hubballi,15.3478,75.1338,2025-11-09 03:00:00,25.7,25.4,332.0,24.0,5.4,38.0,20.4,58,0.0,9.6
Hubballi,15.3478,75.1338,2025-11-09 04:00:00,26.8,26.5,329.0,24.8,5.4,32.0,18.9,66,0.0,11.5
Hubballi,15.3478,75.1338,2025-11-09 05:00:00,23.7,23.5,331.0,19.3,4.5,32.0,18.1,75,0.0,10.2
Hubballi,15.3478,75.1338,2025-11-09 06:00:00,24.5,24.2,346.0,18.3,4.9,39.0,17.9,73,0.0,9.6
Hubballi,15.3478,75.1338,2025-11-09 07:00:00,25.3,24.9,366.0,16.6,5.5,51.0,19.2,69,0.0,10.7
Hubballi,15.3478,75.1338,2025-11-09 08:00:00,20.8,20.1,366.0,14.2,6.1,66.0,21.9,60,0.0,10.4
Hubballi,15.3478,75.1338,2025-11-09 09:00:00,20.3,18.6,325.0,10.1,6.6,90.0,24.3,49,0.0,12.1
Hubballi,15.3478,75.1338,2025-11-09 10:00:00,22.2,19.2,263.0,5.2,7.0,118.0,26.0,39,0.0,14.1
Hubballi,15.3478,75.1338,2025-11-09 11:00:00,21.4,18.5,218.0,1.7,7.2,139.0,27.0,36,0.0,12.8
Hubballi,15.3478,75.1338,2025-11-09 12:00:00,21.0,18.2,205.0,0.3,6.9,148.0,27.6,36,0.0,12.2
Hubballi,15.3478,75.1338,2025-11-09 13:00:00,21.7,18.8,207.0,0.3,6.4,149.0,27.8,35,0.0,11.3
Hubballi,15.3478,75.1338,2025-11-09 14:00:00,22.5,19.6,216.0,1.7,5.9,146.0,28.0,35,0.0,10.1
Hubballi,15.3478,75.1338,2025-11-09 15:00:00,23.2,20.3,227.0,4.6,5.6,140.0,27.8,35,0.0,10.2
Hubballi,15.3478,75.1338,2025-11-09 16:00:00,23.9,21.0,244.0,9.0,5.4,130.0,27.1,36,0.0,10.5
Hubballi,15.3478,75.1338,2025-11-09 17:00:00,21.1,19.2,267.0,15.2,5.6,124.0,25.3,42,0.0,8.7
Hubballi,15.3478,75.1338,2025-11-09 18:00:00,26.7,24.6,303.0,25.2,6.7,107.0,23.4,46,0.0,9.8
Hubballi,15.3478,75.1338,2025-11-09 19:00:00,31.5,29.2,345.0,38.6,8.1,84.0,22.5,49,0.0,9.6
Hubballi,15.3478,75.1338,2025-11-09 20:00:00,35.3,32.7,373.0,46.0,8.9,68.0,21.7,51,0.0,8.5
Hubballi,15.3478,75.1338,2025-11-09 21:00:00,36.4,33.8,372.0,41.5,8.4,65.0,21.0,52,0.0,9.5
Hubballi,15.3478,75.1338,2025-11-09 22:00:00,31.2,28.9,357.0,31.0,7.2,68.0,19.8,55,0.0,8.1
Hubballi,15.3478,75.1338,2025-11-09 23:00:00,27.8,25.9,346.0,22.2,6.4,70.0,18.7,59,0.0,6.9
Hubballi,15.3478,75.1338,2025-11-10 00:00:00,26.6,24.7,344.0,18.2,6.6,68.0,17.9,64,0.0,5.7
Hubballi,15.3478,75.1338,2025-11-10 01:00:00,26.2,24.2,346.0,15.9,7.1,65.0,17.4,66,0.0,3.6
Hubballi,15.3478,75.1338,2025-11-10 02:00:00,26.3,24.0,357.0,14.5,7.8,62.0,16.7,69,0.0,1.9
Hubballi,15.3478,75.1338,2025-11-10 03:00:00,28.5,25.9,383.0,13.7,8.4,60.0,16.5,68,0.0,2.2
Hubballi,15.3478,75.1338,2025-11-10 04:00:00,31.7,28.6,419.0,13.6,9.1,59.0,16.4,68,0.0,2.9
Hubballi,15.3478,75.1338,2025-11-10 05:00:00,33.5,30.2,445.0,13.1,9.5,60.0,16.1,75,0.0,4.1
Hubballi,15.3478,75.1338,2025-11-10 06:00:00,37.3,33.5,463.0,14.6,10.0,60.0,15.8,77,0.0,4.1
Hubballi,15.3478,75.1338,2025-11-10 07:00:00,39.9,36.6,472.0,16.5,10.7,61.0,18.2,72,0.0,5.7
Hubballi,15.3478,75.1338,2025-11-10 08:00:00,32.5,29.8,456.0,16.4,10.9,71.0,21.3,62,0.0,5.9
Hubballi,15.3478,75.1338,2025-11-10 09:00:00,31.9,28.2,394.0,12.3,10.0,97.0,23.9,52,0.0,6.1
Hubballi,15.3478,75.1338,2025-11-10 10:00:00,30.6,26.3,308.0,6.3,8.6,132.0,25.7,38,0.0,7.7
Hubballi,15.3478,75.1338,2025-11-10 11:00:00,29.7,25.5,245.0,1.8,7.5,158.0,26.3,36,0.0,6.8
Hubballi,15.3478,75.1338,2025-11-10 12:00:00,28.2,24.3,225.0,0.0,6.9,167.0,26.9,35,0.0,5.0
Hubballi,15.3478,75.1338,2025-11-10 13:00:00,26.9,23.1,227.0,0.0,6.6,166.0,27.4,34,0.0,3.5
Hubballi,15.3478,75.1338,2025-11-10 14:00:00,26.6,22.9,241.0,1.7,6.3,161.0,27.6,33,0.0,2.9
Hubballi,15.3478,75.1338,2025-11-10 15:00:00,26.6,23.0,262.0,5.5,6.0,154.0,27.5,31,0.0,3.9
Hubballi,15.3478,75.1338,2025-11-10 16:00:00,27.0,23.3,294.0,11.4,5.7,143.0,27.0,32,0.0,5.3
Hubballi,15.3478,75.1338,2025-11-10 17:00:00,29.7,26.4,339.0,18.1,5.5,127.0,24.7,44,0.0,6.3
Hubballi,15.3478,75.1338,2025-11-10 18:00:00,34.7,31.4,401.0,24.8,6.5,113.0,22.5,48,0.0,6.6
Hubballi,15.3478,75.1338,2025-11-10 19:00:00,37.7,34.5,475.0,33.9,7.9,94.0,22.6,47,0.0,2.6
Hubballi,15.3478,75.1338,2025-11-10 20:00:00,39.9,36.7,549.0,40.2,8.9,78.0,22.3,45,0.0,3.2
Hubballi,15.3478,75.1338,2025-11-10 21:00:00,43.7,40.3,633.0,41.5,9.1,67.0,21.0,48,0.0,4.2
Hubballi,15.3478,75.1338,2025-11-10 22:00:00,46.7,43.5,716.0,39.9,8.9,60.0,19.6,54,0.0,6.6
Hubballi,15.3478,75.1338,2025-11-10 23:00:00,44.6,42.0,757.0,36.9,9.0,56.0,18.9,68,0.0,2.1
Hubballi,15.3478,75.1338,2025-11-11 00:00:00,42.4,40.3,723.0,31.7,9.7,58.0,17.9,72,0.0,1.6
Hubballi,15.3478,75.1338,2025-11-11 01:00:00,43.1,41.3,647.0,25.0,10.6,63.0,17.5,74,0.0,2.2
Hubballi,15.3478,75.1338,2025-11-11 02:00:00,45.5,43.9,582.0,20.1,11.4,66.0,17.8,73,0.0,0.5
Hubballi,15.3478,75.1338,2025-11-11 03:00:00,49.2,47.6,545.0,18.8,11.9,64.0,18.4,69,0.0,0.4
Hubballi,15.3478,75.1338,2025-11-11 04:00:00,53.6,51.9,519.0,19.2,12.3,61.0,18.2,70,0.0,2.3
Hubballi,15.3478,75.1338,2025-11-11 05:00:00,58.0,56.2,506.0,23.4,12.6,54.0,18.1,74,0.0,1.4
Hubballi,15.3478,75.1338,2025-11-11 06:00:00,59.8,58.2,520.0,22.0,13.1,58.0,16.9,80,0.0,3.7
Hubballi,15.3478,75.1338,2025-11-11 07:00:00,60.5,59.3,547.0,19.9,13.7,66.0,18.9,76,0.0,5.8
Hubballi,15.3478,75.1338,2025-11-11 08:00:00,51.5,50.3,545.0,16.9,14.0,80.0,21.8,66,0.0,4.6
Hubballi,15.3478,75.1338,2025-11-11 09:00:00,46.9,45.3,484.0,12.1,13.7,109.0,23.8,59,0.0,8.2
Hubballi,15.3478,75.1338,2025-11-11 10:00:00,42.7,40.7,395.0,6.3,13.0,144.0,25.4,54,0.0,9.1
Hubballi,15.3478,75.1338,2025-11-11 11:00:00,37.8,35.5,329.0,2.2,12.1,171.0,26.7,47,0.0,7.3
Hubballi,15.3478,75.1338,2025-11-11 12:00:00,34.2,31.9,307.0,0.5,10.7,182.0,27.5,46,0.0,5.2
Hubballi,15.3478,75.1338,2025-11-11 13:00:00,32.5,30.4,308.0,0.3,9.1,184.0,28.0,45,0.0,3.3
Hubballi,15.3478,75.1338,2025-11-11 14:00:00,32.0,30.0,315.0,1.9,7.8,180.0,28.2,44,0.0,1.3
Hubballi,15.3478,75.1338,2025-11-11 15:00:00,32.0,30.0,316.0,6.0,7.2,171.0,28.3,43,0.0,2.4
Hubballi,15.3478,75.1338,2025-11-11 16:00:00,32.4,30.4,323.0,11.9,7.1,156.0,28.1,44,0.0,3.2
Hubballi,15.3478,75.1338,2025-11-11 17:00:00,32.0,30.4,364.0,17.5,7.3,133.0,26.7,55,0.0,2.1
Hubballi,15.3478,75.1338,2025-11-11 18:00:00,37.0,35.4,470.0,20.7,7.3,121.0,24.5,53,0.0,3.8
Hubballi,15.3478,75.1338,2025-11-11 19:00:00,38.3,36.8,609.0,25.1,7.3,103.0,23.9,54,0.0,11.0
Hubballi,15.3478,75.1338,2025-11-11 20:00:00,40.2,38.6,714.0,28.0,7.5,89.0,22.2,62,0.0,1.0
Hubballi,15.3478,75.1338,2025-11-11 21:00:00,43.8,42.0,762.0,28.1,7.8,81.0,21.0,69,0.0,10.7
Hubballi,15.3478,75.1338,2025-11-11 22:00:00,48.5,46.6,776.0,26.8,8.3,76.0,20.3,73,0.0,7.3
Hubballi,15.3478,75.1338,2025-11-11 23:00:00,52.3,50.2,755.0,24.9,8.8,72.0,19.8,76,0.0,5.2
Hubballi,15.3478,75.1338,2025-11-12 00:00:00,54.0,51.9,679.0,22.6,9.3,70.0,19.1,80,0.0,4.4
Hubballi,15.3478,75.1338,2025-11-12 01:00:00,54.8,52.6,569.0,19.8,9.8,70.0,19.5,75,0.0,5.2
Hubballi,15.3478,75.1338,2025-11-12 02:00:00,54.9,52.7,488.0,17.3,10.2,70.0,19.8,73,0.0,5.8
Hubballi,15.3478,75.1338,2025-11-12 03:00:00,55.8,53.6,469.0,15.4,10.5,70.0,19.3,74,0.0,7.2
Hubballi,15.3478,75.1338,2025-11-12 04:00:00,57.6,55.3,479.0,13.8,10.6,71.0,18.5,78,0.0,6.5
Hubballi,15.3478,75.1338,2025-11-12 05:00:00,45.2,43.7,488.0,6.1,9.9,93.0,17.9,84,0.0,8.7
Hubballi,15.3478,75.1338,2025-11-12 06:00:00,44.6,43.2,489.0,8.3,9.6,92.0,17.9,85,0.0,8.3
Hubballi,15.3478,75.1338,2025-11-12 07:00:00,45.1,43.7,488.0,11.2,9.4,93.0,19.4,80,0.0,9.9
Hubballi,15.3478,75.1338,2025-11-12 08:00:00,44.2,43.1,473.0,12.3,10.0,100.0,21.9,69,0.0,10.5
Hubballi,15.3478,75.1338,2025-11-12 09:00:00,43.4,42.0,432.0,9.9,12.4,122.0,24.1,62,0.0,12.2
Hubballi,15.3478,75.1338,2025-11-12 10:00:00,40.9,39.6,377.0,5.7,15.7,150.0,26.2,54,0.0,13.4
Hubballi,15.3478,75.1338,2025-11-12 11:00:00,39.2,38.1,333.0,2.6,17.6,172.0,27.4,49,0.0,13.2
Hubballi,15.3478,75.1338,2025-11-12 12:00:00,38.0,36.8,310.0,1.2,16.9,181.0,28.2,47,0.0,11.8
Hubballi,15.3478,75.1338,2025-11-12 13:00:00,37.6,36.6,298.0,0.8,14.9,183.0,28.8,44,0.0,9.5
Hubballi,15.3478,75.1338,2025-11-12 14:00:00,37.5,36.4,298.0,2.1,13.1,179.0,29.4,43,0.0,7.2
Hubballi,15.3478,75.1338,2025-11-12 15:00:00,36.7,35.7,315.0,6.6,11.9,167.0,29.3,41,0.0,5.8
Hubballi,15.3478,75.1338,2025-11-12 16:00:00,37.1,36.2,344.0,12.8,10.8,150.0,28.8,42,0.0,6.9
Hubballi,15.3478,75.1338,2025-11-12 17:00:00,50.4,49.4,372.0,16.9,10.2,129.0,27.6,48,0.0,8.6
Hubballi,15.3478,75.1338,2025-11-12 18:00:00,52.4,51.3,397.0,17.0,10.3,123.0,25.9,51,0.0,10.1
Hubballi,15.3478,75.1338,2025-11-12 19:00:00,50.8,49.9,421.0,17.1,10.4,115.0,25.3,52,0.0,10.2
Hubballi,15.3478,75.1338,2025-11-12 20:00:00,48.3,47.6,440.0,16.5,10.7,110.0,24.2,56,0.0,11.1
Hubballi,15.3478,75.1338,2025-11-12 21:00:00,46.2,45.6,451.0,14.8,11.2,110.0,23.6,57,0.0,13.4
Hubballi,15.3478,75.1338,2025-11-12 22:00:00,45.1,44.6,457.0,12.5,11.9,112.0,22.4,62,0.0,10.7
Hubballi,15.3478,75.1338,2025-11-12 23:00:00,44.4,43.8,457.0,10.5,12.4,113.0,21.5,69,0.0,10.2
Hubballi,15.3478,75.1338,2025-11-13 00:00:00,43.5,42.8,448.0,9.1,12.5,112.0,21.1,70,0.0,9.6
Hubballi,15.3478,75.1338,2025-11-13 01:00:00,42.8,42.3,434.0,8.0,12.3,109.0,20.7,71,0.0,9.8
Hubballi,15.3478,75.1338,2025-11-13 02:00:00,42.3,41.7,426.0,7.2,12.4,107.0,20.2,72,0.0,10.2
Hubballi,15.3478,75.1338,2025-11-13 03:00:00,41.8,41.1,432.0,6.6,12.8,105.0,20.0,73,0.0,9.4
Hubballi,15.3478,75.1338,2025-11-13 04:00:00,41.3,40.6,445.0,6.2,13.5,102.0,19.6,75,0.0,9.5
Hubballi,15.3478,75.1338,2025-11-13 05:00:00,40.3,39.7,457.0,5.9,14.5,104.0,19.5,77,0.0,10.9
Hubballi,15.3478,75.1338,2025-11-13 06:00:00,40.2,39.6,469.0,7.2,14.5,99.0,19.3,78,0.0,11.2
Hubballi,15.3478,75.1338,2025-11-13 07:00:00,39.9,39.3,480.0,8.8,14.5,94.0,20.3,76,0.0,12.0
Hubballi,15.3478,75.1338,2025-11-13 08:00:00,39.3,38.8,476.0,9.3,14.2,97.0,22.4,68,0.0,12.4
Hubballi,15.3478,75.1338,2025-11-13 09:00:00,38.8,37.8,446.0,7.6,13.6,117.0,24.6,61,0.0,13.4
Hubballi,15.3478,75.1338,2025-11-13 10:00:00,40.4,39.2,401.0,4.8,12.8,144.0,26.5,55,0.0,13.8
Hubballi,15.3478,75.1338,2025-11-13 11:00:00,40.9,39.6,364.0,2.7,11.7,165.0,28.1,50,0.0,12.9
Hubballi,15.3478,75.1338,2025-11-13 12:00:00,39.1,38.1,341.0,1.7,10.1,172.0,28.8,48,0.0,11.4
Hubballi,15.3478,75.1338,2025-11-13 13:00:00,37.3,36.3,326.0,1.3,8.3,172.0,29.5,46,0.0,10.8
Hubballi,15.3478,75.1338,2025-11-13 14:00:00,36.0,35.0,319.0,2.1,6.9,168.0,29.9,43,0.0,10.2
Hubballi,15.3478,75.1338,2025-11-13 15:00:00,35.3,34.3,323.0,5.1,6.3,159.0,29.7,43,0.0,10.4
Hubballi,15.3478,75.1338,2025-11-13 16:00:00,35.3,34.5,336.0,9.3,6.1,145.0,29.0,44,0.0,11.5
Hubballi,15.3478,75.1338,2025-11-13 17:00:00,39.3,38.6,352.0,12.5,7.0,132.0,27.2,49,0.0,8.6
Hubballi,15.3478,75.1338,2025-11-13 18:00:00,40.2,39.6,370.0,13.2,7.6,126.0,25.7,52,0.0,9.9
Hubballi,15.3478,75.1338,2025-11-13 19:00:00,39.0,38.6,391.0,14.1,8.6,118.0,24.8,54,0.0,11.1
Hubballi,15.3478,75.1338,2025-11-13 20:00:00,37.4,37.0,411.0,14.3,9.6,112.0,24.2,56,0.0,15.4
Hubballi,15.3478,75.1338,2025-11-13 21:00:00,36.3,36.0,431.0,13.4,10.8,112.0,23.6,56,0.0,13.6
Hubballi,15.3478,75.1338,2025-11-13 22:00:00,36.1,35.7,450.0,11.9,12.1,114.0,22.5,60,0.0,11.2
Hubballi,15.3478,75.1338,2025-11-13 23:00:00,35.9,35.5,462.0,10.4,13.3,116.0,22.2,62,0.0,12.2
Hubballi,15.3478,75.1338,2025-11-14 00:00:00,35.5,35.0,459.0,9.2,14.6,116.0,21.2,66,0.0,10.9
Hubballi,15.3478,75.1338,2025-11-14 01:00:00,35.2,34.6,448.0,8.0,15.9,115.0,20.4,70,0.0,11.8
Hubballi,15.3478,75.1338,2025-11-14 02:00:00,34.5,33.9,443.0,7.2,16.6,112.0,19.8,72,0.0,12.5
Hubballi,15.3478,75.1338,2025-11-14 03:00:00,33.4,32.8,453.0,6.9,16.3,104.0,19.2,74,0.0,11.6
Hubballi,15.3478,75.1338,2025-11-14 04:00:00,31.5,31.1,467.0,6.9,15.4,93.0,18.7,75,0.0,12.1
Hubballi,15.3478,75.1338,2025-11-14 05:00:00,27.0,26.4,472.0,6.4,13.6,88.0,18.5,76,0.0,12.6
Hubballi,15.3478,75.1338,2025-11-14 06:00:00,26.9,26.3,458.0,7.5,13.4,86.0,18.4,73,0.0,12.9
Hubballi,15.3478,75.1338,2025-11-14 07:00:00,27.8,27.1,433.0,9.0,13.1,84.0,19.2,70,0.0,12.7
Hubballi,15.3478,75.1338,2025-11-14 08:00:00,28.8,28.0,408.0,9.4,12.8,90.0,21.3,64,0.0,13.5
Hubballi,15.3478,75.1338,2025-11-14 09:00:00,30.5,29.4,384.0,7.7,12.7,113.0,23.5,59,0.0,13.9
Hubballi,15.3478,75.1338,2025-11-14 10:00:00,31.5,30.4,359.0,4.8,12.7,145.0,25.5,50,0.0,14.9
Hubballi,15.3478,75.1338,2025-11-14 11:00:00,30.2,29.1,340.0,2.7,12.4,168.0,26.9,45,0.0,14.8
Hubballi,15.3478,75.1338,2025-11-14 12:00:00,29.0,28.1,327.0,1.5,11.4,176.0,27.6,42,0.0,13.4
Hubballi,15.3478,75.1338,2025-11-14 13:00:00,28.7,27.8,318.0,1.0,10.1,176.0,28.0,40,0.0,12.7
Hubballi,15.3478,75.1338,2025-11-14 14:00:00,28.6,27.7,319.0,2.0,9.0,171.0,28.2,39,0.0,12.5
Hubballi,15.3478,75.1338,2025-11-14 15:00:00,28.6,27.8,333.0,5.5,8.3,161.0,28.0,37,0.0,12.2
Hubballi,15.3478,75.1338,2025-11-14 16:00:00,28.8,28.0,355.0,10.5,7.8,146.0,27.3,39,0.0,11.2
Hubballi,15.3478,75.1338,2025-11-14 17:00:00,39.6,38.4,379.0,14.3,7.4,135.0,25.6,45,0.0,7.1
Hubballi,15.3478,75.1338,2025-11-14 18:00:00,42.8,41.7,403.0,16.1,7.4,124.0,23.6,49,0.0,8.1
Hubballi,15.3478,75.1338,2025-11-14 19:00:00,42.1,41.1,429.0,18.5,7.6,109.0,22.5,52,0.0,9.0
Hubballi,15.3478,75.1338,2025-11-14 20:00:00,38.9,38.2,450.0,19.5,8.2,99.0,21.4,56,0.0,9.7
Hubballi,15.3478,75.1338,2025-11-14 21:00:00,37.4,36.8,467.0,17.8,9.7,99.0,20.4,60,0.0,8.7
Hubballi,15.3478,75.1338,2025-11-14 22:00:00,37.5,36.8,480.0,14.8,11.7,103.0,19.3,66,0.0,7.3
Hubballi,15.3478,75.1338,2025-11-14 23:00:00,37.5,36.8,478.0,12.2,13.4,106.0,18.9,67,0.0,7.5
Hubballi,15.3478,75.1338,2025-11-15 00:00:00,36.9,36.2,448.0,10.7,14.6,105.0,18.1,66,0.0,6.8
Hubballi,15.3478,75.1338,2025-11-15 01:00:00,36.1,35.3,403.0,9.6,15.5,102.0,17.5,66,0.0,6.7
Hubballi,15.3478,75.1338,2025-11-15 02:00:00,35.0,34.2,376.0,8.9,16.1,98.0,17.0,68,0.0,6.8
Hubballi,15.3478,75.1338,2025-11-15 03:00:00,33.8,32.9,384.0,8.4,16.2,94.0,16.7,69,0.0,7.3
Hubballi,15.3478,75.1338,2025-11-15 04:00:00,32.1,31.2,410.0,8.1,15.9,89.0,16.4,70,0.0,8.6
Hubballi,15.3478,75.1338,2025-11-15 05:00:00,29.3,28.5,431.0,8.7,14.7,84.0,16.0,76,0.0,9.3
Hubballi,15.3478,75.1338,2025-11-15 06:00:00,28.1,27.3,442.0,10.1,14.4,82.0,16.0,75,0.0,9.3
Hubballi,15.3478,75.1338,2025-11-15 07:00:00,27.8,27.0,449.0,11.9,14.1,80.0,17.5,70,0.0,10.3
Hubballi,15.3478,75.1338,2025-11-15 08:00:00,26.9,26.2,440.0,12.3,13.6,85.0,20.5,61,0.0,9.0
Hubballi,15.3478,75.1338,2025-11-15 09:00:00,27.5,26.3,404.0,9.9,13.1,104.0,23.3,50,0.0,12.9
Hubballi,15.3478,75.1338,2025-11-15 10:00:00,31.7,30.2,353.0,6.1,12.4,131.0,24.9,41,0.0,14.6
Hubballi,15.3478,75.1338,2025-11-15 11:00:00,32.1,30.6,315.0,3.2,11.7,153.0,26.2,38,0.0,13.7
Hubballi,15.3478,75.1338,2025-11-15 12:00:00,32.2,30.9,300.0,1.9,10.8,167.0,26.9,37,0.0,12.9
Hubballi,15.3478,75.1338,2025-11-15 13:00:00,32.6,31.2,297.0,1.6,9.9,175.0,27.4,37,0.0,12.5
Hubballi,15.3478,75.1338,2025-11-15 14:00:00,33.3,32.0,304.0,2.5,9.1,178.0,27.7,35,0.0,12.2
Hubballi,15.3478,75.1338,2025-11-15 15:00:00,33.5,32.2,325.0,5.5,8.7,172.0,27.5,36,0.0,12.2
Hubballi,15.3478,75.1338,2025-11-15 16:00:00,33.3,32.2,355.0,9.7,8.4,159.0,26.8,39,0.0,12.2
Hubballi,15.3478,75.1338,2025-11-15 17:00:00,24.9,24.6,384.0,12.6,8.6,150.0,25.6,46,0.0,9.2
Hubballi,15.3478,75.1338,2025-11-15 18:00:00,26.5,26.3,409.0,13.2,9.0,141.0,23.6,52,0.0,10.6
Hubballi,15.3478,75.1338,2025-11-15 19:00:00,25.7,25.4,431.0,14.0,9.5,128.0,22.3,54,0.0,11.4
Hubballi,15.3478,75.1338,2025-11-15 20:00:00,25.0,24.7,447.0,14.4,10.0,117.0,21.6,54,0.0,13.0
Hubballi,15.3478,75.1338,2025-11-15 21:00:00,25.0,24.6,453.0,14.0,10.5,109.0,20.7,61,0.0,12.7
Hubballi,15.3478,75.1338,2025-11-15 22:00:00,25.4,25.0,453.0,13.2,11.0,102.0,19.8,66,0.0,12.1
Hubballi,15.3478,75.1338,2025-11-15 23:00:00,25.7,25.1,445.0,12.2,11.2,96.0,19.3,70,0.0,12.1
Hubballi,15.3478,75.1338,2025-11-16 00:00:00,25.9,25.1,426.0,11.0,10.8,92.0,18.6,73,0.0,12.1
Hubballi,15.3478,75.1338,2025-11-16 01:00:00,26.4,25.3,400.0,9.6,10.1,89.0,18.1,73,0.0,13.0
Hubballi,15.3478,75.1338,2025-11-16 02:00:00,27.0,25.8,382.0,8.5,9.8,87.0,17.6,75,0.0,12.1
Hubballi,15.3478,75.1338,2025-11-16 03:00:00,27.6,26.3,379.0,7.6,10.2,86.0,17.1,78,0.0,10.8
Hubballi,15.3478,75.1338,2025-11-16 04:00:00,28.2,26.8,385.0,6.9,11.1,85.0,16.8,80,0.0,9.6
Hubballi,15.3478,75.1338,2025-11-16 05:00:00,31.7,29.9,394.0,7.6,10.7,79.0,16.9,84,0.0,9.9
Hubballi,15.3478,75.1338,2025-11-16 06:00:00,32.7,31.0,411.0,9.1,11.2,76.0,16.9,85,0.0,10.1
Hubballi,15.3478,75.1338,2025-11-16 07:00:00,34.2,32.6,432.0,11.0,11.9,73.0,18.1,82,0.0,11.2
Hubballi,15.3478,75.1338,2025-11-16 08:00:00,36.0,34.2,439.0,11.5,12.5,79.0,20.6,72,0.0,11.1
Hubballi,15.3478,75.1338,2025-11-16 09:00:00,43.3,40.4,417.0,9.2,12.9,104.0,23.1,61,0.0,15.4
Hubballi,15.3478,75.1338,2025-11-16 10:00:00,52.2,47.7,381.0,5.6,13.2,139.0,24.6,53,0.0,16.9
Hubballi,15.3478,75.1338,2025-11-16 11:00:00,53.2,49.0,353.0,2.8,13.2,166.0,25.9,48,0.0,16.6
Hubballi,15.3478,75.1338,2025-11-16 12:00:00,52.7,49.0,343.0,1.7,12.9,179.0,26.6,44,0.0,16.2
Hubballi,15.3478,75.1338,2025-11-16 13:00:00,51.7,48.3,343.0,1.6,12.3,185.0,27.3,42,0.0,15.8
Hubballi,15.3478,75.1338,2025-11-16 14:00:00,49.7,46.8,347.0,2.3,11.7,185.0,27.7,39,0.0,15.6
Hubballi,15.3478,75.1338,2025-11-16 15:00:00,47.3,44.8,356.0,4.3,11.1,178.0,27.5,38,0.0,15.1
Hubballi,15.3478,75.1338,2025-11-16 16:00:00,44.5,42.6,370.0,7.2,10.6,166.0,26.9,39,0.0,14.7
Hubballi,15.3478,75.1338,2025-11-16 17:00:00,38.2,37.1,388.0,9.8,10.1,151.0,25.7,45,0.0,11.3
Hubballi,15.3478,75.1338,2025-11-16 18:00:00,38.3,37.5,411.0,10.9,10.1,141.0,23.5,51,0.0,10.7
Hubballi,15.3478,75.1338,2025-11-16 19:00:00,37.1,36.4,438.0,12.3,10.2,127.0,22.3,54,0.0,11.5
Hubballi,15.3478,75.1338,2025-11-16 20:00:00,36.6,35.9,459.0,13.1,10.6,117.0,21.2,57,0.0,11.9
Hubballi,15.3478,75.1338,2025-11-16 21:00:00,36.8,36.0,471.0,12.7,11.4,113.0,20.3,60,0.0,11.5
Hubballi,15.3478,75.1338,2025-11-16 22:00:00,37.1,36.3,477.0,11.5,12.4,113.0,19.7,61,0.0,11.6
Hubballi,15.3478,75.1338,2025-11-16 23:00:00,36.8,35.9,476.0,10.3,13.5,113.0,19.4,63,0.0,12.2
Hubballi,15.3478,75.1338,2025-11-17 00:00:00,35.7,34.8,461.0,9.0,14.6,114.0,18.9,63,0.0,12.1
Hubballi,15.3478,75.1338,2025-11-17 01:00:00,34.3,33.5,439.0,7.5,15.7,115.0,18.3,64,0.0,11.8
Hubballi,15.3478,75.1338,2025-11-17 02:00:00,32.6,31.8,426.0,6.4,16.6,115.0,17.6,66,0.0,11.8
Hubballi,15.3478,75.1338,2025-11-17 03:00:00,30.5,29.8,430.0,5.7,17.3,113.0,17.0,70,0.0,11.5
Hubballi,15.3478,75.1338,2025-11-17 04:00:00,28.5,27.9,442.0,5.4,17.7,109.0,16.4,74,0.0,11.6
Hubballi,15.3478,75.1338,2025-11-17 05:00:00,26.3,25.8,454.0,5.7,17.5,105.0,15.9,75,0.0,12.1
Hubballi,15.3478,75.1338,2025-11-17 06:00:00,25.7,25.3,468.0,6.9,17.3,102.0,15.8,76,0.0,12.1
Hubballi,15.3478,75.1338,2025-11-17 07:00:00,27.1,26.7,481.0,8.5,17.1,100.0,16.9,74,0.0,13.4
Hubballi,15.3478,75.1338,2025-11-17 08:00:00,29.9,29.4,477.0,9.0,16.9,105.0,19.5,65,0.0,13.7
Hubballi,15.3478,75.1338,2025-11-17 09:00:00,34.3,33.5,441.0,7.3,17.1,125.0,22.2,52,0.0,16.7
Hubballi,15.3478,75.1338,2025-11-17 10:00:00,34.1,33.2,388.0,4.5,17.4,153.0,24.0,44,0.0,18.5
Hubballi,15.3478,75.1338,2025-11-17 11:00:00,33.6,32.7,346.0,2.4,17.2,174.0,25.4,41,0.0,17.0
Hubballi,15.3478,75.1338,2025-11-17 12:00:00,33.1,32.2,323.0,1.4,16.1,183.0,26.1,39,0.0,16.0
Hubballi,15.3478,75.1338,2025-11-17 13:00:00,31.9,31.1,310.0,1.1,14.5,185.0,26.8,37,0.0,14.4
Hubballi,15.3478,75.1338,2025-11-17 14:00:00,30.7,30.0,310.0,2.1,13.1,181.0,27.2,34,0.0,13.6
Hubballi,15.3478,75.1338,2025-11-17 15:00:00,29.6,28.9,325.0,5.3,11.9,171.0,27.1,34,0.0,13.6
Hubballi,15.3478,75.1338,2025-11-17 16:00:00,29.0,28.4,351.0,9.8,10.8,155.0,26.4,36,0.0,13.4
Hubballi,15.3478,75.1338,2025-11-17 17:00:00,39.7,39.1,383.0,11.1,10.4,144.0,25.2,41,0.0,9.3
Hubballi,15.3478,75.1338,2025-11-17 18:00:00,41.2,40.6,426.0,12.6,10.4,134.0,22.7,47,0.0,8.5
Hubballi,15.3478,75.1338,2025-11-17 19:00:00,39.1,38.8,474.0,14.5,10.4,119.0,21.6,48,0.0,10.6
Hubballi,15.3478,75.1338,2025-11-17 20:00:00,36.8,36.4,503.0,15.6,10.5,108.0,20.7,50,0.0,10.9
Hubballi,15.3478,75.1338,2025-11-17 21:00:00,35.3,34.9,496.0,15.1,10.9,103.0,19.9,55,0.0,10.3
Hubballi,15.3478,75.1338,2025-11-17 22:00:00,34.5,34.1,471.0,13.8,11.5,100.0,19.4,59,0.0,9.8
Hubballi,15.3478,75.1338,2025-11-17 23:00:00,33.3,32.9,452.0,12.4,11.9,99.0,19.1,62,0.0,10.3
Hubballi,15.3478,75.1338,2025-11-18 00:00:00,32.0,31.5,452.0,10.9,12.0,98.0,18.8,63,0.0,11.3
Hubballi,15.3478,75.1338,2025-11-18 01:00:00,30.9,30.4,458.0,9.4,11.9,97.0,18.4,64,0.0,10.8
Hubballi,15.3478,75.1338,2025-11-18 02:00:00,29.8,29.4,465.0,8.1,12.3,97.0,17.7,67,0.0,9.8
Hubballi,15.3478,75.1338,2025-11-18 03:00:00,29.0,28.6,468.0,7.2,13.5,96.0,17.3,68,0.0,10.0
Hubballi,15.3478,75.1338,2025-11-18 04:00:00,28.3,27.9,472.0,6.6,15.0,95.0,17.1,70,0.0,10.9
Hubballi,15.3478,75.1338,2025-11-18 05:00:00,27.8,27.4,477.0,6.5,16.8,97.0,16.5,71,0.0,11.3
Hubballi,15.3478,75.1338,2025-11-18 06:00:00,28.3,28.0,492.0,7.6,17.5,95.0,16.1,74,0.0,12.7
Hubballi,15.3478,75.1338,2025-11-18 07:00:00,30.5,30.2,509.0,9.1,18.4,94.0,17.1,74,0.0,12.9
Hubballi,15.3478,75.1338,2025-11-18 08:00:00,33.6,33.2,508.0,9.5,18.8,101.0,19.8,65,0.0,12.8
Hubballi,15.3478,75.1338,2025-11-18 09:00:00,37.8,37.3,475.0,7.8,18.4,123.0,22.4,57,0.0,15.3
Hubballi,15.3478,75.1338,2025-11-18 10:00:00,39.9,39.2,424.0,5.1,17.5,154.0,24.5,52,0.0,17.3
Hubballi,15.3478,75.1338,2025-11-18 11:00:00,39.6,38.8,382.0,3.0,16.2,175.0,26.4,49,0.0,17.2
Hubballi,15.3478,75.1338,2025-11-18 12:00:00,36.7,35.9,358.0,2.0,14.4,180.0,27.3,48,0.0,16.9
Hubballi,15.3478,75.1338,2025-11-18 13:00:00,33.2,32.5,344.0,1.7,12.3,176.0,27.9,47,0.0,15.6
Hubballi,15.3478,75.1338,2025-11-18 14:00:00,30.7,30.0,338.0,2.2,10.6,170.0,28.2,46,0.0,13.9
Hubballi,15.3478,75.1338,2025-11-18 15:00:00,29.2,28.6,343.0,4.0,9.7,164.0,28.0,46,0.0,13.6
Hubballi,15.3478,75.1338,2025-11-18 16:00:00,28.8,28.2,356.0,6.6,9.3,155.0,27.6,46,0.0,13.7
Hubballi,15.3478,75.1338,2025-11-18 17:00:00,28.6,28.3,370.0,9.4,9.2,147.0,26.8,48,0.0,12.0
Hubballi,15.3478,75.1338,2025-11-18 18:00:00,31.1,30.9,384.0,10.7,9.5,139.0,24.9,53,0.0,12.2
Hubballi,15.3478,75.1338,2025-11-18 19:00:00,30.9,30.7,399.0,12.4,10.0,127.0,24.0,57,0.0,12.9
Hubballi,15.3478,75.1338,2025-11-18 20:00:00,29.7,29.5,409.0,13.5,10.5,116.0,23.1,59,0.0,12.1
Hubballi,15.3478,75.1338,2025-11-18 21:00:00,28.6,28.4,413.0,13.6,11.0,107.0,22.1,62,0.0,11.8
Hubballi,15.3478,75.1338,2025-11-18 22:00:00,27.4,27.2,412.0,13.1,11.6,98.0,21.3,65,0.0,10.5
Hubballi,15.3478,75.1338,2025-11-18 23:00:00,25.9,25.7,410.0,12.4,11.8,90.0,20.8,67,0.0,11.6
Hubballi,15.3478,75.1338,2025-11-19 00:00:00,24.8,24.6,404.0,11.5,11.4,83.0,20.3,69,0.0,10.9
Hubballi,15.3478,75.1338,2025-11-19 01:00:00,24.3,24.0,396.0,10.5,10.7,78.0,19.8,74,0.0,10.2
Hubballi,15.3478,75.1338,2025-11-19 02:00:00,24.3,24.0,396.0,9.6,10.0,73.0,19.3,78,0.0,9.4
Hubballi,15.3478,75.1338,2025-11-19 03:00:00,24.9,24.6,410.0,9.0,9.5,69.0,18.9,81,0.0,9.1
Hubballi,15.3478,75.1338,2025-11-19 04:00:00,25.8,25.4,431.0,8.6,9.0,66.0,18.6,84,0.0,8.8
Hubballi,15.3478,75.1338,2025-11-19 05:00:00,27.3,26.8,447.0,7.3,9.2,73.0,18.3,85,0.0,8.9
Hubballi,15.3478,75.1338,2025-11-19 06:00:00,28.7,28.2,457.0,8.1,9.9,74.0,18.1,87,0.0,8.5
Hubballi,15.3478,75.1338,2025-11-19 07:00:00,30.3,29.8,462.0,9.0,10.7,77.0,19.3,83,0.0,9.9
Hubballi,15.3478,75.1338,2025-11-19 08:00:00,31.4,30.9,449.0,9.0,10.8,83.0,22.0,72,0.0,10.2
Hubballi,15.3478,75.1338,2025-11-19 09:00:00,28.7,27.8,404.0,7.1,9.6,96.0,24.3,63,0.0,13.9
Hubballi,15.3478,75.1338,2025-11-19 10:00:00,26.1,25.3,341.0,4.2,7.6,113.0,26.1,58,0.0,15.0
Hubballi,15.3478,75.1338,2025-11-19 11:00:00,21.1,20.3,294.0,2.0,5.9,126.0,26.8,58,0.0,13.1
Hubballi,15.3478,75.1338,2025-11-19 12:00:00,19.3,18.6,278.0,1.0,4.8,132.0,27.5,56,0.0,11.2
Hubballi,15.3478,75.1338,2025-11-19 13:00:00,18.7,18.0,278.0,0.8,4.1,134.0,27.8,54,0.0,10.2
Hubballi,15.3478,75.1338,2025-11-19 14:00:00,18.9,18.3,286.0,1.7,3.6,134.0,28.4,52,0.0,9.4
Hubballi,15.3478,75.1338,2025-11-19 15:00:00,20.0,19.4,298.0,4.4,3.5,132.0,28.7,49,0.0,8.9
Hubballi,15.3478,75.1338,2025-11-19 16:00:00,21.5,21.0,316.0,8.2,3.7,127.0,28.3,48,0.0,8.5
Hubballi,15.3478,75.1338,2025-11-19 17:00:00,34.0,33.1,342.0,12.3,3.6,118.0,27.8,49,0.0,5.8
Hubballi,15.3478,75.1338,2025-11-19 18:00:00,38.5,37.6,383.0,13.8,3.8,112.0,25.5,57,0.0,6.7
Hubballi,15.3478,75.1338,2025-11-19 19:00:00,39.7,38.9,432.0,15.8,4.2,103.0,24.4,62,0.0,7.4
Hubballi,15.3478,75.1338,2025-11-19 20:00:00,39.3,38.6,462.0,16.8,4.8,96.0,23.6,66,0.0,7.4
Hubballi,15.3478,75.1338,2025-11-19 21:00:00,38.5,38.0,460.0,15.9,5.8,93.0,22.8,69,0.0,9.1
Hubballi,15.3478,75.1338,2025-11-19 22:00:00,37.8,37.3,439.0,13.9,7.1,92.0,21.9,71,0.0,10.9
Hubballi,15.3478,75.1338,2025-11-19 23:00:00,36.9,36.3,419.0,12.2,8.5,91.0,21.2,76,0.0,10.9
Hubballi,15.3478,75.1338,2025-11-20 00:00:00,36.0,35.5,402.0,11.2,10.1,88.0,20.9,75,0.0,10.9
Hubballi,15.3478,75.1338,2025-11-20 01:00:00,35.5,35.0,386.0,10.6,11.9,84.0,20.4,74,0.0,11.0
Hubballi,15.3478,75.1338,2025-11-20 02:00:00,35.0,34.6,377.0,10.0,13.4,81.0,20.0,73,0.0,11.3
Hubballi,15.3478,75.1338,2025-11-20 03:00:00,34.6,34.2,381.0,9.4,14.7,80.0,19.5,73,0.0,10.0
Hubballi,15.3478,75.1338,2025-11-20 04:00:00,34.0,33.5,392.0,8.9,15.8,80.0,18.8,76,0.0,9.2
Hubballi,15.3478,75.1338,2025-11-20 05:00:00,32.2,31.9,403.0,9.0,15.0,79.0,18.8,72,0.0,9.7
Hubballi,15.3478,75.1338,2025-11-20 06:00:00,31.9,31.5,416.0,10.2,14.9,79.0,18.2,77,0.0,10.1
Hubballi,15.3478,75.1338,2025-11-20 07:00:00,32.0,31.8,429.0,11.8,14.6,80.0,18.9,79,0.0,11.2
Hubballi,15.3478,75.1338,2025-11-20 08:00:00,31.5,31.3,426.0,12.0,14.2,88.0,21.3,70,0.0,12.5
Hubballi,15.3478,75.1338,2025-11-20 09:00:00,31.8,31.4,396.0,9.5,13.5,109.0,23.8,59,0.0,14.5
Hubballi,15.3478,75.1338,2025-11-20 10:00:00,32.5,32.0,350.0,5.6,12.6,137.0,25.8,47,0.0,16.6
Hubballi,15.3478,75.1338,2025-11-20 11:00:00,33.4,33.1,313.0,2.7,11.8,159.0,27.3,43,0.0,15.2
Hubballi,15.3478,75.1338,2025-11-20 12:00:00,34.0,33.5,291.0,1.4,11.2,170.0,28.0,39,0.0,15.0
Hubballi,15.3478,75.1338,2025-11-20 13:00:00,34.3,33.8,278.0,1.2,10.8,175.0,28.5,37,0.0,13.5
Hubballi,15.3478,75.1338,2025-11-20 14:00:00,34.7,34.1,276.0,2.2,10.4,175.0,28.8,36,0.0,12.4
Hubballi,15.3478,75.1338,2025-11-20 15:00:00,34.9,34.2,290.0,5.4,10.1,167.0,28.7,35,0.0,13.1
Hubballi,15.3478,75.1338,2025-11-20 16:00:00,35.2,34.6,315.0,9.9,9.9,153.0,28.1,36,0.0,12.9
Hubballi,15.3478,75.1338,2025-11-20 17:00:00,39.6,39.0,339.0,11.8,9.7,140.0,27.3,40,0.0,11.3
Hubballi,15.3478,75.1338,2025-11-20 18:00:00,43.1,42.4,357.0,12.7,10.3,133.0,25.6,43,0.0,11.1
Hubballi,15.3478,75.1338,2025-11-20 19:00:00,43.1,42.5,374.0,13.9,11.2,124.0,24.8,45,0.0,12.0
Hubballi,15.3478,75.1338,2025-11-20 20:00:00,42.7,42.0,387.0,14.3,12.4,118.0,23.9,47,0.0,11.3
Hubballi,15.3478,75.1338,2025-11-20 21:00:00,42.8,42.1,397.0,13.4,14.1,118.0,23.0,49,0.0,11.2
Hubballi,15.3478,75.1338,2025-11-20 22:00:00,42.8,42.0,404.0,11.8,16.1,122.0,22.3,51,0.0,10.7
Hubballi,15.3478,75.1338,2025-11-20 23:00:00,41.9,41.0,407.0,10.3,17.7,123.0,21.9,53,0.0,10.3
Hubballi,15.3478,75.1338,2025-11-21 00:00:00,40.4,39.5,402.0,9.3,18.5,119.0,21.7,51,0.0,11.1
Hubballi,15.3478,75.1338,2025-11-21 01:00:00,38.8,38.0,393.0,8.5,18.8,114.0,21.2,52,0.0,10.7
Hubballi,15.3478,75.1338,2025-11-21 02:00:00,37.6,36.7,385.0,7.9,18.8,107.0,20.7,54,0.0,10.8
Hubballi,15.3478,75.1338,2025-11-21 03:00:00,36.6,35.7,379.0,7.6,18.4,100.0,20.3,58,0.0,10.4
Hubballi,15.3478,75.1338,2025-11-21 04:00:00,35.6,34.9,375.0,7.6,17.7,91.0,20.0,62,0.0,10.5
Hubballi,15.3478,75.1338,2025-11-21 05:00:00,36.0,35.2,376.0,7.9,16.7,85.0,19.8,64,0.0,10.0
Hubballi,15.3478,75.1338,2025-11-21 06:00:00,35.2,34.6,393.0,9.4,16.3,81.0,19.5,67,0.0,10.2
Hubballi,15.3478,75.1338,2025-11-21 07:00:00,34.7,34.2,417.0,11.2,15.7,77.0,20.4,67,0.0,11.0
Hubballi,15.3478,75.1338,2025-11-21 08:00:00,33.1,32.6,419.0,11.7,14.6,80.0,22.7,61,0.0,11.4
Hubballi,15.3478,75.1338,2025-11-21 09:00:00,27.2,26.8,380.0,9.4,12.8,97.0,24.8,57,0.0,12.6
Hubballi,15.3478,75.1338,2025-11-21 10:00:00,22.1,21.6,321.0,5.7,10.5,122.0,26.9,55,0.0,14.3
Hubballi,15.3478,75.1338,2025-11-21 11:00:00,17.9,17.4,274.0,2.8,8.4,138.0,28.6,50,0.0,14.4
Hubballi,15.3478,75.1338,2025-11-21 12:00:00,14.1,13.6,252.0,1.6,6.6,139.0,29.5,48,0.0,12.7
Hubballi,15.3478,75.1338,2025-11-21 13:00:00,12.2,11.7,244.0,1.3,5.0,133.0,30.0,46,0.0,12.1
Hubballi,15.3478,75.1338,2025-11-21 14:00:00,11.9,11.4,245.0,1.8,3.8,126.0,30.4,43,0.0,12.9
Hubballi,15.3478,75.1338,2025-11-21 15:00:00,12.5,12.0,259.0,3.3,3.3,121.0,30.1,42,0.0,14.6
Hubballi,15.3478,75.1338,2025-11-21 16:00:00,13.2,12.7,283.0,5.6,3.3,116.0,29.3,43,0.0,13.4
Hubballi,15.3478,75.1338,2025-11-21 17:00:00,12.8,12.5,305.0,9.7,3.4,105.0,29.1,45,0.0,9.4
Hubballi,15.3478,75.1338,2025-11-21 18:00:00,14.7,14.5,319.0,10.5,3.6,97.0,27.2,53,0.0,8.3
Hubballi,15.3478,75.1338,2025-11-21 19:00:00,14.9,14.7,330.0,11.6,3.8,85.0,26.9,55,0.0,10.3
Hubballi,15.3478,75.1338,2025-11-21 20:00:00,15.0,14.8,343.0,12.3,4.3,76.0,26.0,61,0.0,12.7
Hubballi,15.3478,75.1338,2025-11-21 21:00:00,16.0,15.8,367.0,12.3,5.2,70.0,24.9,65,0.0,13.1
Hubballi,15.3478,75.1338,2025-11-21 22:00:00,17.2,16.9,393.0,12.0,6.3,67.0,24.3,67,0.0,13.5
Hubballi,15.3478,75.1338,2025-11-21 23:00:00,16.9,16.5,399.0,11.7,7.3,64.0,23.9,71,0.0,13.6
Hubballi,15.3478,75.1338,2025-11-22 00:00:00,16.5,16.1,365.0,11.4,8.3,62.0,23.4,74,0.0,13.3
Hubballi,15.3478,75.1338,2025-11-22 01:00:00,16.2,15.8,312.0,11.1,9.2,61.0,22.9,78,0.0,12.8
Hubballi,15.3478,75.1338,2025-11-22 02:00:00,15.3,14.9,273.0,10.8,9.8,59.0,22.5,82,0.0,11.9
Hubballi,15.3478,75.1338,2025-11-22 03:00:00,13.8,13.4,268.0,10.5,9.8,56.0,22.1,85,0.0,11.5
Hubballi,15.3478,75.1338,2025-11-22 04:00:00,12.4,12.0,278.0,10.2,9.5,52.0,21.6,88,0.0,10.4
Hubballi,15.3478,75.1338,2025-11-22 05:00:00,14.7,14.3,282.0,11.3,10.4,51.0,21.6,90,0.0,11.4
Hubballi,15.3478,75.1338,2025-11-22 06:00:00,13.9,13.5,270.0,10.8,10.1,57.0,21.5,92,0.0,12.1
Hubballi,15.3478,75.1338,2025-11-22 07:00:00,11.1,10.7,253.0,10.0,9.6,65.0,22.3,88,0.0,11.6
Hubballi,15.3478,75.1338,2025-11-22 08:00:00,9.9,9.5,235.0,8.9,8.8,74.0,24.2,79,0.0,14.4
Hubballi,15.3478,75.1338,2025-11-22 09:00:00,9.6,9.4,219.0,7.0,7.2,82.0,26.1,67,0.0,21.6
Hubballi,15.3478,75.1338,2025-11-22 10:00:00,7.8,7.6,203.0,4.8,5.3,91.0,27.7,59,0.0,20.7
Hubballi,15.3478,75.1338,2025-11-22 11:00:00,6.6,6.4,191.0,3.1,3.8,97.0,28.4,57,0.0,18.2
Hubballi,15.3478,75.1338,2025-11-22 12:00:00,5.7,5.5,185.0,2.1,3.0,100.0,29.5,53,0.0,15.9
Hubballi,15.3478,75.1338,2025-11-22 13:00:00,5.2,5.0,184.0,1.6,2.7,101.0,29.7,51,0.0,14.9
Hubballi,15.3478,75.1338,2025-11-22 14:00:00,5.0,4.9,187.0,2.0,2.5,100.0,29.9,50,0.0,14.2
Hubballi,15.3478,75.1338,2025-11-22 15:00:00,4.9,4.7,194.0,3.7,2.4,97.0,29.8,50,0.0,14.0
Hubballi,15.3478,75.1338,2025-11-22 16:00:00,4.9,4.7,207.0,6.3,2.6,91.0,29.1,52,0.0,12.4
Hubballi,15.3478,75.1338,2025-11-22 17:00:00,16.6,15.4,224.0,9.3,3.1,85.0,27.9,50,0.0,12.3
Hubballi,15.3478,75.1338,2025-11-22 18:00:00,18.1,17.1,256.0,11.8,3.6,78.0,26.8,55,0.0,8.0
Hubballi,15.3478,75.1338,2025-11-22 19:00:00,18.1,17.3,293.0,15.2,4.4,68.0,26.0,59,0.0,7.3
Hubballi,15.3478,75.1338,2025-11-22 20:00:00,16.9,16.3,310.0,17.5,5.1,60.0,25.2,63,0.0,9.3
Hubballi,15.3478,75.1338,2025-11-22 21:00:00,15.8,15.2,289.0,17.7,5.8,55.0,24.5,67,0.0,11.2
Hubballi,15.3478,75.1338,2025-11-22 22:00:00,14.8,14.3,249.0,16.9,6.4,52.0,23.7,70,0.0,8.6
Hubballi,15.3478,75.1338,2025-11-22 23:00:00,13.8,13.3,218.0,15.8,6.9,49.0,22.9,77,0.0,6.5
Hubballi,15.3478,75.1338,2025-11-23 00:00:00,12.8,12.3,208.0,14.7,7.2,47.0,22.4,79,0.0,7.6
Hubballi,15.3478,75.1338,2025-11-23 01:00:00,12.0,11.4,208.0,13.3,7.3,45.0,21.8,82,0.0,10.3
Hubballi,15.3478,75.1338,2025-11-23 02:00:00,11.3,10.5,211.0,11.9,7.2,44.0,21.5,84,0.0,10.1
Hubballi,15.3478,75.1338,2025-11-23 03:00:00,10.8,9.9,219.0,10.6,6.8,43.0,21.1,86,0.0,7.2
Hubballi,15.3478,75.1338,2025-11-23 04:00:00,11.2,9.8,232.0,9.3,6.2,43.0,20.9,88,0.0,7.3
Hubballi,15.3478,75.1338,2025-11-23 05:00:00,9.7,8.2,240.0,4.5,3.2,62.0,20.9,93,0.0,8.5
Hubballi,15.3478,75.1338,2025-11-23 06:00:00,10.3,8.6,242.0,5.2,4.2,60.0,21.0,93,0.0,7.6
Hubballi,15.3478,75.1338,2025-11-23 07:00:00,11.1,9.2,239.0,6.0,5.6,58.0,21.8,90,0.0,9.0
Hubballi,15.3478,75.1338,2025-11-23 08:00:00,11.4,9.0,233.0,6.3,6.4,59.0,23.4,80,0.0,11.5
Hubballi,15.3478,75.1338,2025-11-23 09:00:00,11.8,9.2,220.0,5.4,6.1,67.0,25.5,69,0.0,13.1
Hubballi,15.3478,75.1338,2025-11-23 10:00:00,11.4,9.1,202.0,4.0,5.3,78.0,27.1,57,0.0,14.0
Hubballi,15.3478,75.1338,2025-11-23 11:00:00,10.1,8.7,190.0,2.9,4.5,87.0,28.4,51,0.0,14.3
Hubballi,15.3478,75.1338,2025-11-23 12:00:00,9.7,8.6,186.0,2.2,4.0,93.0,29.4,48,0.0,13.0
Hubballi,15.3478,75.1338,2025-11-23 13:00:00,9.7,8.7,186.0,1.9,3.6,97.0,30.2,46,0.0,12.1
Hubballi,15.3478,75.1338,2025-11-23 14:00:00,9.5,8.6,190.0,2.4,3.4,99.0,30.1,47,0.0,12.9
Hubballi,15.3478,75.1338,2025-11-23 15:00:00,9.5,8.6,198.0,4.1,3.3,98.0,29.9,46,0.0,12.7
Hubballi,15.3478,75.1338,2025-11-23 16:00:00,9.7,8.8,209.0,6.7,3.4,95.0,29.2,48,0.0,12.6
Hubballi,15.3478,75.1338,2025-11-23 17:00:00,14.5,13.2,222.0,9.3,3.5,98.0,28.2,50,0.0,11.7
Hubballi,15.3478,75.1338,2025-11-23 18:00:00,17.3,16.0,241.0,11.8,3.6,89.0,26.6,56,0.0,8.0
Hubballi,15.3478,75.1338,2025-11-23 19:00:00,17.6,16.5,262.0,15.2,3.9,76.0,26.1,58,0.0,11.7
Hubballi,15.3478,75.1338,2025-11-23 20:00:00,15.8,15.0,273.0,17.5,4.6,65.0,25.0,67,0.0,13.9
Hubballi,15.3478,75.1338,2025-11-23 21:00:00,13.5,13.0,264.0,17.7,6.5,60.0,24.0,71,0.0,13.6
Hubballi,15.3478,75.1338,2025-11-23 22:00:00,11.3,10.9,245.0,16.7,8.8,56.0,23.3,75,0.0,10.1
Hubballi,15.3478,75.1338,2025-11-23 23:00:00,9.4,9.1,228.0,15.5,10.3,54.0,23.1,76,0.0,12.3
Hubballi,15.3478,75.1338,2025-11-24 00:00:00,8.1,7.7,216.0,14.2,10.1,51.0,22.9,76,0.0,10.7
Hubballi,15.3478,75.1338,2025-11-24 01:00:00,7.1,6.8,206.0,12.7,9.0,49.0,22.6,77,0.0,11.1
Hubballi,15.3478,75.1338,2025-11-24 02:00:00,6.4,6.1,202.0,11.2,7.9,48.0,21.9,81,0.0,9.8
Hubballi,15.3478,75.1338,2025-11-24 03:00:00,5.7,5.5,208.0,9.6,6.9,48.0,21.6,83,0.0,9.2
Hubballi,15.3478,75.1338,2025-11-24 04:00:00,5.4,5.2,221.0,8.0,5.8,48.0,21.1,87,0.0,7.9
Hubballi,15.3478,75.1338,2025-11-24 05:00:00,5.6,5.3,231.0,10.6,8.1,45.0,21.3,93,0.0,8.6
Hubballi,15.3478,75.1338,2025-11-24 06:00:00,6.7,6.5,238.0,9.9,7.3,46.0,21.3,93,0.0,10.4
Hubballi,15.3478,75.1338,2025-11-24 07:00:00,7.9,7.7,243.0,9.0,6.3,48.0,22.2,89,0.0,13.4
Hubballi,15.3478,75.1338,2025-11-24 08:00:00,8.1,7.9,242.0,7.7,5.2,53.0,23.7,81,0.0,13.4
Hubballi,15.3478,75.1338,2025-11-24 09:00:00,7.8,7.5,231.0,5.8,4.2,63.0,25.7,69,0.0,14.9
Hubballi,15.3478,75.1338,2025-11-24 10:00:00,7.5,7.2,215.0,3.7,3.2,75.0,27.6,59,0.0,18.1
Hubballi,15.3478,75.1338,2025-11-24 11:00:00,7.2,6.9,202.0,2.1,2.4,85.0,28.2,55,0.0,18.0
Hubballi,15.3478,75.1338,2025-11-24 12:00:00,7.4,7.0,195.0,1.2,1.9,92.0,28.9,52,0.0,15.5
Hubballi,15.3478,75.1338,2025-11-24 13:00:00,7.2,6.9,191.0,0.9,1.5,97.0,29.5,50,0.0,14.7
Hubballi,15.3478,75.1338,2025-11-24 14:00:00,7.6,7.1,193.0,1.5,1.4,100.0,29.8,49,0.0,13.5
Hubballi,15.3478,75.1338,2025-11-24 15:00:00,7.8,7.3,203.0,3.4,1.5,100.0,29.7,49,0.0,13.0
Hubballi,15.3478,75.1338,2025-11-24 16:00:00,8.7,8.2,219.0,6.2,1.8,98.0,29.2,51,0.0,12.3
Hubballi,15.3478,75.1338,2025-11-24 17:00:00,13.7,13.1,241.0,8.4,3.0,100.0,27.9,53,0.0,13.4
Hubballi,15.3478,75.1338,2025-11-24 18:00:00,16.4,15.8,277.0,10.2,3.8,96.0,26.7,57,0.0,10.0
Hubballi,15.3478,75.1338,2025-11-24 19:00:00,18.3,17.9,320.0,12.7,5.0,90.0,25.7,59,0.0,9.2
Hubballi,15.3478,75.1338,2025-11-24 20:00:00,19.1,18.7,345.0,14.5,6.2,84.0,24.9,62,0.0,10.5
Hubballi,15.3478,75.1338,2025-11-24 21:00:00,19.4,19.2,337.0,14.9,7.6,80.0,24.3,63,0.0,12.9
Hubballi,15.3478,75.1338,2025-11-24 22:00:00,19.8,19.6,311.0,14.7,9.0,75.0,23.6,66,0.0,11.8
Hubballi,15.3478,75.1338,2025-11-24 23:00:00,20.1,19.7,292.0,14.2,10.1,71.0,23.0,67,0.0,12.7
Hubballi,15.3478,75.1338,2025-11-25 00:00:00,20.4,19.9,289.0,13.7,10.6,66.0,22.5,69,0.0,12.2
Hubballi,15.3478,75.1338,2025-11-25 01:00:00,21.1,20.4,292.0,13.1,10.7,60.0,22.0,72,0.0,11.3
Hubballi,15.3478,75.1338,2025-11-25 02:00:00,21.7,20.9,296.0,12.3,10.6,56.0,21.5,74,0.0,11.6
Hubballi,15.3478,75.1338,2025-11-25 03:00:00,22.2,21.3,302.0,11.4,10.2,53.0,21.1,77,0.0,11.4
Hubballi,15.3478,75.1338,2025-11-25 04:00:00,22.7,21.8,309.0,10.4,9.5,52.0,20.5,81,0.0,10.8
Hubballi,15.3478,75.1338,2025-11-25 05:00:00,23.4,22.3,312.0,7.7,7.9,59.0,20.7,86,0.0,12.8
Hubballi,15.3478,75.1338,2025-11-25 06:00:00,25.3,24.0,306.0,7.2,7.7,66.0,20.4,90,0.0,12.1
Hubballi,15.3478,75.1338,2025-11-25 07:00:00,28.9,27.4,296.0,6.5,7.4,75.0,20.9,89,0.0,12.0
Hubballi,15.3478,75.1338,2025-11-25 08:00:00,34.0,32.0,286.0,5.6,6.8,86.0,22.6,79,0.0,16.3
Hubballi,15.3478,75.1338,2025-11-25 09:00:00,37.8,35.6,278.0,4.4,5.5,99.0,24.4,68,0.0,17.4
Hubballi,15.3478,75.1338,2025-11-25 10:00:00,36.8,34.7,270.0,3.0,3.9,112.0,26.1,59,0.0,17.1
Hubballi,15.3478,75.1338,2025-11-25 11:00:00,34.1,32.2,264.0,2.0,2.8,124.0,27.5,53,0.0,17.5
Hubballi,15.3478,75.1338,2025-11-25 12:00:00,31.4,29.6,259.0,1.4,2.6,132.0,28.1,47,0.0,18.2
Hubballi,15.3478,75.1338,2025-11-25 13:00:00,28.7,26.8,256.0,1.1,3.0,138.0,28.5,45,0.0,18.0
Hubballi,15.3478,75.1338,2025-11-25 14:00:00,26.4,24.6,258.0,1.8,3.4,141.0,28.7,42,0.0,17.0
Hubballi,15.3478,75.1338,2025-11-25 15:00:00,25.2,23.4,266.0,3.8,3.7,139.0,28.4,40,0.0,17.5
Hubballi,15.3478,75.1338,2025-11-25 16:00:00,24.8,23.1,278.0,6.8,4.1,134.0,27.8,38,0.0,17.2
Hubballi,15.3478,75.1338,2025-11-25 17:00:00,22.1,21.1,296.0,8.0,4.5,130.0,26.9,45,0.0,14.0
Hubballi,15.3478,75.1338,2025-11-25 18:00:00,24.5,23.7,324.0,10.6,4.7,118.0,25.3,51,0.0,13.3
Hubballi,15.3478,75.1338,2025-11-25 19:00:00,25.4,24.7,358.0,14.1,5.0,102.0,24.4,57,0.0,12.9
Hubballi,15.3478,75.1338,2025-11-25 20:00:00,25.6,25.0,384.0,16.4,5.2,89.0,23.4,62,0.0,11.8
Hubballi,15.3478,75.1338,2025-11-25 21:00:00,25.8,25.3,397.0,16.6,5.4,82.0,22.7,67,0.0,11.5
Hubballi,15.3478,75.1338,2025-11-25 22:00:00,26.2,25.8,403.0,15.6,5.5,77.0,21.9,71,0.0,11.1
Hubballi,15.3478,75.1338,2025-11-25 23:00:00,26.2,25.8,403.0,14.5,5.7,73.0,21.0,76,0.0,11.3
Hubballi,15.3478,75.1338,2025-11-26 00:00:00,26.0,25.7,394.0,13.4,5.9,69.0,20.5,77,0.0,10.4
Hubballi,15.3478,75.1338,2025-11-26 01:00:00,26.3,25.8,378.0,12.2,6.2,65.0,20.1,78,0.0,9.8
Hubballi,15.3478,75.1338,2025-11-26 02:00:00,26.8,26.4,368.0,11.3,6.4,62.0,19.6,80,0.0,8.6
Hubballi,15.3478,75.1338,2025-11-26 03:00:00,27.6,27.2,368.0,10.9,6.5,58.0,19.3,81,0.0,7.8
Hubballi,15.3478,75.1338,2025-11-26 04:00:00,28.8,28.3,372.0,10.8,6.6,53.0,19.0,84,0.0,7.6
Hubballi,15.3478,75.1338,2025-11-26 05:00:00,31.8,31.3,380.0,10.7,7.6,53.0,18.7,86,0.0,8.1
Hubballi,15.3478,75.1338,2025-11-26 06:00:00,34.1,33.6,397.0,10.7,8.5,57.0,18.7,87,0.0,8.7
Hubballi,15.3478,75.1338,2025-11-26 07:00:00,36.9,36.4,417.0,10.6,9.8,63.0,19.6,85,0.0,9.1
Hubballi,15.3478,75.1338,2025-11-26 08:00:00,39.8,39.1,419.0,9.8,10.5,75.0,21.9,78,0.0,9.9
Hubballi,15.3478,75.1338,2025-11-26 09:00:00,43.4,42.6,388.0,7.6,10.2,98.0,24.3,66,0.0,14.7
Hubballi,15.3478,75.1338,2025-11-26 10:00:00,44.9,44.0,340.0,4.7,9.3,126.0,25.9,58,0.0,15.7
Hubballi,15.3478,75.1338,2025-11-26 11:00:00,42.3,41.3,302.0,2.5,8.3,146.0,26.9,54,0.0,14.1
Hubballi,15.3478,75.1338,2025-11-26 12:00:00,39.2,38.4,285.0,1.5,7.4,153.0,26.9,53,0.0,11.9
Hubballi,15.3478,75.1338,2025-11-26 13:00:00,36.8,36.0,278.0,1.3,6.4,152.0,27.5,51,0.0,11.4
Hubballi,15.3478,75.1338,2025-11-26 14:00:00,35.0,34.2,277.0,1.9,5.7,148.0,27.4,52,0.0,10.6
Hubballi,15.3478,75.1338,2025-11-26 15:00:00,33.8,32.8,280.0,3.9,5.4,141.0,27.5,50,0.0,9.9
Hubballi,15.3478,75.1338,2025-11-26 16:00:00,32.9,32.1,289.0,6.9,5.3,132.0,27.3,49,0.0,11.2
Hubballi,15.3478,75.1338,2025-11-26 17:00:00,37.4,36.8,302.0,12.8,4.0,106.0,26.3,57,0.0,9.6
Hubballi,15.3478,75.1338,2025-11-26 18:00:00,39.2,38.5,324.0,12.4,4.6,107.0,24.8,62,0.0,12.3
Hubballi,15.3478,75.1338,2025-11-26 19:00:00,39.0,38.4,352.0,11.9,5.6,109.0,23.9,66,0.0,12.0
Hubballi,15.3478,75.1338,2025-11-26 20:00:00,38.4,38.1,370.0,11.4,6.8,109.0,23.4,66,0.0,13.3
Hubballi,15.3478,75.1338,2025-11-26 21:00:00,38.2,37.8,370.0,11.1,8.6,107.0,22.8,67,0.0,14.8
Hubballi,15.3478,75.1338,2025-11-26 22:00:00,38.0,37.7,362.0,10.9,10.7,104.0,22.2,68,0.0,13.0
Hubballi,15.3478,75.1338,2025-11-26 23:00:00,37.8,37.6,358.0,10.5,12.1,100.0,21.2,73,0.0,13.1
Hubballi,15.3478,75.1338,2025-11-27 00:00:00,38.1,37.7,366.0,9.6,12.1,96.0,20.6,75,0.0,12.8
Hubballi,15.3478,75.1338,2025-11-27 01:00:00,39.1,38.8,379.0,8.5,11.4,91.0,20.1,76,0.0,13.2
Hubballi,15.3478,75.1338,2025-11-27 02:00:00,41.2,40.7,388.0,7.5,10.6,87.0,19.6,77,0.0,12.6
Hubballi,15.3478,75.1338,2025-11-27 03:00:00,44.0,43.3,388.0,6.7,9.6,83.0,18.9,81,0.0,9.9
Hubballi,15.3478,75.1338,2025-11-27 04:00:00,46.8,45.9,385.0,6.1,8.6,80.0,18.0,87,0.0,8.3
Hubballi,15.3478,75.1338,2025-11-27 05:00:00,49.7,48.5,382.0,5.0,7.6,84.0,18.1,89,0.0,11.9
Hubballi,15.3478,75.1338,2025-11-27 06:00:00,52.2,50.9,381.0,5.6,8.6,87.0,17.6,92,0.0,11.3
Hubballi,15.3478,75.1338,2025-11-27 07:00:00,55.2,53.7,382.0,6.4,10.0,92.0,18.3,88,0.0,11.9
Hubballi,15.3478,75.1338,2025-11-27 08:00:00,62.2,59.6,381.0,6.6,10.9,100.0,20.4,78,0.0,14.4
Hubballi,15.3478,75.1338,2025-11-27 09:00:00,66.1,63.8,380.0,5.5,10.7,115.0,22.6,68,0.0,16.2
Hubballi,15.3478,75.1338,2025-11-27 10:00:00,61.5,59.6,378.0,3.9,9.9,133.0,24.3,60,0.0,18.1
Hubballi,15.3478,75.1338,2025-11-27 11:00:00,57.4,55.8,375.0,2.6,9.2,148.0,25.3,54,0.0,18.9
Hubballi,15.3478,75.1338,2025-11-27 12:00:00,54.6,53.1,367.0,2.0,8.7,159.0,26.1,51,0.0,19.3
Hubballi,15.3478,75.1338,2025-11-27 13:00:00,52.4,51.1,358.0,1.8,8.2,166.0,26.6,48,0.0,18.8
Hubballi,15.3478,75.1338,2025-11-27 14:00:00,50.9,49.7,355.0,2.3,7.9,170.0,26.9,47,0.0,17.6
Hubballi,15.3478,75.1338,2025-11-27 15:00:00,49.7,48.7,364.0,3.8,7.8,169.0,26.9,47,0.0,17.6
Hubballi,15.3478,75.1338,2025-11-27 16:00:00,49.0,48.1,380.0,5.9,7.9,164.0,26.3,47,0.0,16.8
Hubballi,15.3478,75.1338,2025-11-27 17:00:00,41.0,40.7,396.0,7.4,7.4,152.0,25.4,53,0.0,13.9
Hubballi,15.3478,75.1338,2025-11-27 18:00:00,41.6,41.3,411.0,9.1,7.8,141.0,23.7,60,0.0,11.7
Hubballi,15.3478,75.1338,2025-11-27 19:00:00,41.8,41.6,426.0,11.4,8.3,125.0,22.4,65,0.0,10.7
Hubballi,15.3478,75.1338,2025-11-27 20:00:00,41.8,41.6,436.0,13.1,8.7,111.0,21.5,68,0.0,11.5
Hubballi,15.3478,75.1338,2025-11-27 21:00:00,41.9,41.7,438.0,13.9,9.1,100.0,20.9,70,0.0,13.6
Hubballi,15.3478,75.1338,2025-11-27 22:00:00,42.3,41.9,435.0,14.1,9.4,90.0,20.5,72,0.0,13.6
Hubballi,15.3478,75.1338,2025-11-27 23:00:00,42.1,41.8,431.0,13.8,9.5,82.0,19.7,76,0.0,13.3
Hubballi,15.3478,75.1338,2025-11-28 00:00:00,41.7,41.4,424.0,12.6,9.3,78.0,19.2,78,0.0,12.1
Hubballi,15.3478,75.1338,2025-11-28 01:00:00,41.9,41.4,415.0,10.7,9.0,77.0,18.8,79,0.0,11.2
Hubballi,15.3478,75.1338,2025-11-28 02:00:00,42.4,42.0,413.0,9.2,8.9,76.0,18.4,80,0.0,10.7
Hubballi,15.3478,75.1338,2025-11-28 03:00:00,43.5,43.1,420.0,8.1,9.4,75.0,18.3,80,0.0,11.1
Hubballi,15.3478,75.1338,2025-11-28 04:00:00,45.3,44.7,433.0,7.2,10.2,75.0,18.1,80,0.0,10.7
Hubballi,15.3478,75.1338,2025-11-28 05:00:00,46.1,45.5,451.0,8.2,9.9,70.0,17.8,84,0.0,10.4
Hubballi,15.3478,75.1338,2025-11-28 06:00:00,49.0,48.3,483.0,9.5,10.8,68.0,17.3,87,0.0,11.3
Hubballi,15.3478,75.1338,2025-11-28 07:00:00,53.3,52.6,520.0,11.1,12.1,67.0,18.0,85,0.0,12.6
Hubballi,15.3478,75.1338,2025-11-28 08:00:00,58.0,57.2,531.0,11.4,13.1,75.0,20.4,75,0.0,13.1
Hubballi,15.3478,75.1338,2025-11-28 09:00:00,66.8,65.7,494.0,8.9,13.7,100.0,22.8,66,0.0,17.3
Hubballi,15.3478,75.1338,2025-11-28 10:00:00,70.8,69.2,432.0,5.1,14.0,133.0,24.4,56,0.0,20.9
Hubballi,15.3478,75.1338,2025-11-28 11:00:00,65.9,64.3,381.0,2.2,14.2,159.0,25.5,52,0.0,20.4
Hubballi,15.3478,75.1338,2025-11-28 12:00:00,62.2,60.5,354.0,1.2,14.2,170.0,26.2,48,0.0,18.6
Hubballi,15.3478,75.1338,2025-11-28 13:00:00,57.3,55.9,339.0,1.2,14.0,173.0,26.8,45,0.0,17.1
Hubballi,15.3478,75.1338,2025-11-28 14:00:00,54.2,53.0,332.0,2.1,13.7,172.0,27.0,44,0.0,16.1
Hubballi,15.3478,75.1338,2025-11-28 15:00:00,51.8,50.6,332.0,4.1,13.1,166.0,26.9,42,0.0,16.3
Hubballi,15.3478,75.1338,2025-11-28 16:00:00,49.0,48.1,341.0,7.0,12.4,157.0,26.5,41,0.0,16.0
Hubballi,15.3478,75.1338,2025-11-28 17:00:00,54.6,53.4,360.0,9.5,11.6,147.0,25.1,46,0.0,12.4
Hubballi,15.3478,75.1338,2025-11-28 18:00:00,54.8,53.9,396.0,11.4,11.4,136.0,23.4,51,0.0,12.9
Hubballi,15.3478,75.1338,2025-11-28 19:00:00,54.1,53.3,443.0,14.0,11.1,121.0,22.4,55,0.0,12.9
Hubballi,15.3478,75.1338,2025-11-28 20:00:00,53.2,52.4,479.0,15.5,11.1,109.0,21.1,62,0.0,9.6
Hubballi,15.3478,75.1338,2025-11-28 21:00:00,53.0,52.2,496.0,15.1,11.7,105.0,20.0,69,0.0,7.8
Hubballi,15.3478,75.1338,2025-11-28 22:00:00,53.6,52.7,502.0,13.6,12.6,105.0,19.3,73,0.0,6.5
Hubballi,15.3478,75.1338,2025-11-28 23:00:00,54.1,53.1,504.0,12.1,13.3,105.0,19.0,75,0.0,8.1
Hubballi,15.3478,75.1338,2025-11-29 00:00:00,54.2,53.2,505.0,10.8,13.7,103.0,18.4,77,0.0,8.5
Hubballi,15.3478,75.1338,2025-11-29 01:00:00,54.6,53.4,502.0,9.6,14.0,100.0,18.0,79,0.0,10.3
Hubballi,15.3478,75.1338,2025-11-29 02:00:00,54.8,53.7,491.0,8.5,14.1,97.0,17.5,82,0.0,11.4
Hubballi,15.3478,75.1338,2025-11-29 03:00:00,54.8,53.8,464.0,7.6,13.9,94.0,17.3,81,0.0,12.5
Hubballi,15.3478,75.1338,2025-11-29 04:00:00,54.5,53.4,430.0,7.0,13.4,90.0,17.2,78,0.0,13.5
Hubballi,15.3478,75.1338,2025-11-29 05:00:00,54.2,53.2,412.0,7.9,13.0,82.0,16.9,78,0.0,13.5
Hubballi,15.3478,75.1338,2025-11-29 06:00:00,53.7,52.7,429.0,9.0,12.5,79.0,16.4,79,0.0,13.5
Hubballi,15.3478,75.1338,2025-11-29 07:00:00,53.3,52.5,462.0,10.5,11.8,75.0,17.1,79,0.0,14.0
Hubballi,15.3478,75.1338,2025-11-29 08:00:00,52.9,52.0,478.0,10.8,12.1,81.0,19.2,73,0.0,13.5
Hubballi,15.3478,75.1338,2025-11-29 09:00:00,54.4,53.1,459.0,8.8,14.1,106.0,21.4,69,0.0,16.2
Hubballi,15.3478,75.1338,2025-11-29 10:00:00,56.3,54.7,424.0,5.5,17.1,140.0,23.4,60,0.0,18.6
Hubballi,15.3478,75.1338,2025-11-29 11:00:00,54.5,52.9,394.0,3.2,19.2,165.0,24.5,54,0.0,19.4
Hubballi,15.3478,75.1338,2025-11-29 12:00:00,51.5,49.8,378.0,2.4,19.7,173.0,24.7,52,0.0,18.0
Hubballi,15.3478,75.1338,2025-11-29 13:00:00,47.8,46.4,368.0,2.4,19.5,171.0,25.4,48,0.0,16.1
Hubballi,15.3478,75.1338,2025-11-29 14:00:00,45.3,43.9,361.0,3.4,18.9,165.0,26.1,44,0.0,15.9
Hubballi,15.3478,75.1338,2025-11-29 15:00:00,43.2,42.0,353.0,6.0,18.0,155.0,26.2,42,0.0,15.2
Hubballi,15.3478,75.1338,2025-11-29 16:00:00,41.6,40.6,348.0,9.7,16.9,141.0,25.7,42,0.0,14.5
Hubballi,15.3478,75.1338,2025-11-29 17:00:00,42.6,41.9,351.0,11.2,14.7,146.0,24.2,45,0.0,10.4
Hubballi,15.3478,75.1338,2025-11-29 18:00:00,43.3,42.6,372.0,12.5,14.4,137.0,22.3,48,0.0,11.6
Hubballi,15.3478,75.1338,2025-11-29 19:00:00,41.9,41.4,401.0,14.1,14.0,124.0,20.9,52,0.0,12.1
Hubballi,15.3478,75.1338,2025-11-29 20:00:00,40.6,40.2,420.0,15.0,13.6,114.0,19.7,55,0.0,12.5
Hubballi,15.3478,75.1338,2025-11-29 21:00:00,40.0,39.6,417.0,14.4,13.3,109.0,19.0,59,0.0,12.4
Hubballi,15.3478,75.1338,2025-11-29 22:00:00,40.0,39.6,405.0,13.0,13.1,107.0,18.4,64,0.0,10.8
Hubballi,15.3478,75.1338,2025-11-29 23:00:00,39.8,39.3,396.0,11.5,12.9,106.0,18.6,64,0.0,11.6
Hubballi,15.3478,75.1338,2025-11-30 00:00:00,39.2,38.6,397.0,10.0,12.6,105.0,18.0,68,0.0,10.5
Hubballi,15.3478,75.1338,2025-11-30 01:00:00,38.8,38.1,403.0,8.4,12.2,104.0,17.6,71,0.0,10.8
Hubballi,15.3478,75.1338,2025-11-30 02:00:00,38.3,37.6,411.0,7.2,12.4,102.0,17.3,72,0.0,11.5
Hubballi,15.3478,75.1338,2025-11-30 03:00:00,38.0,37.1,421.0,6.5,13.5,98.0,17.1,74,0.0,11.0
Hubballi,15.3478,75.1338,2025-11-30 04:00:00,37.6,36.8,433.0,6.2,15.0,92.0,16.9,76,0.0,10.9
Hubballi,15.3478,75.1338,2025-11-30 05:00:00,40.3,39.1,448.0,8.7,11.9,80.0,16.5,77,0.0,10.7
Hubballi,15.3478,75.1338,2025-11-30 06:00:00,40.0,39.1,473.0,10.2,13.0,77.0,16.4,80,0.0,10.0
Hubballi,15.3478,75.1338,2025-11-30 07:00:00,40.0,39.3,501.0,12.2,14.6,74.0,17.4,77,0.0,11.6
Hubballi,15.3478,75.1338,2025-11-30 08:00:00,39.2,38.6,507.0,12.6,15.6,80.0,19.9,70,0.0,11.2
Hubballi,15.3478,75.1338,2025-11-30 09:00:00,39.1,38.4,475.0,10.0,15.8,104.0,22.2,62,0.0,13.6
Hubballi,15.3478,75.1338,2025-11-30 10:00:00,37.5,36.7,421.0,6.0,15.6,137.0,24.1,56,0.0,16.6
Hubballi,15.3478,75.1338,2025-11-30 11:00:00,35.4,34.5,374.0,2.9,14.8,162.0,25.6,54,0.0,16.5
Hubballi,15.3478,75.1338,2025-11-30 12:00:00,33.1,32.2,341.0,1.6,13.3,171.0,27.1,51,0.0,14.5
Hubballi,15.3478,75.1338,2025-11-30 13:00:00,30.7,29.9,314.0,1.3,11.3,171.0,26.8,52,0.0,10.3
Hubballi,15.3478,75.1338,2025-11-30 14:00:00,28.2,27.6,295.0,2.1,9.7,167.0,27.3,50,0.0,11.4
Hubballi,15.3478,75.1338,2025-11-30 15:00:00,26.4,25.8,285.0,4.3,8.7,158.0,27.5,48,0.0,12.3
Hubballi,15.3478,75.1338,2025-11-30 16:00:00,25.3,24.8,283.0,7.5,8.1,145.0,27.0,50,0.0,11.5
Hubballi,15.3478,75.1338,2025-11-30 17:00:00,26.0,25.7,288.0,9.0,7.3,139.0,26.4,56,0.0,9.5
Hubballi,15.3478,75.1338,2025-11-30 18:00:00,28.7,28.5,304.0,11.3,7.4,126.0,24.9,62,0.0,9.2
Hubballi,15.3478,75.1338,2025-11-30 19:00:00,30.2,29.9,328.0,14.4,7.7,108.0,24.4,64,0.0,13.5
Hubballi,15.3478,75.1338,2025-11-30 20:00:00,29.7,29.6,346.0,16.7,8.1,93.0,23.3,68,0.0,11.9
Hubballi,15.3478,75.1338,2025-11-30 21:00:00,28.7,28.6,354.0,17.4,9.0,83.0,22.5,71,0.0,13.9
Hubballi,15.3478,75.1338,2025-11-30 22:00:00,27.5,27.4,356.0,17.2,10.0,75.0,21.9,74,0.0,14.1
Hubballi,15.3478,75.1338,2025-11-30 23:00:00,25.7,25.6,353.0,16.6,10.8,68.0,21.1,78,0.0,11.2
Hubballi,15.3478,75.1338,2025-12-01 00:00:00,23.5,23.3,343.0,15.4,11.0,63.0,20.3,82,0.0,7.6
Hubballi,15.3478,75.1338,2025-12-01 01:00:00,21.5,21.3,329.0,13.8,10.8,59.0,20.0,83,0.0,8.8
Hubballi,15.3478,75.1338,2025-12-01 02:00:00,19.8,19.6,319.0,12.6,10.7,55.0,19.7,82,0.0,9.3
Hubballi,15.3478,75.1338,2025-12-01 03:00:00,18.7,18.5,316.0,12.2,10.6,51.0,19.3,83,0.0,7.9
Hubballi,15.3478,75.1338,2025-12-01 04:00:00,18.6,18.3,317.0,12.1,10.5,46.0,19.0,84,0.0,8.7
Hubballi,15.3478,75.1338,2025-12-01 05:00:00,20.4,20.0,321.0,13.9,13.3,44.0,18.3,88,0.0,8.5
Hubballi,15.3478,75.1338,2025-12-01 06:00:00,20.7,20.3,331.0,14.2,13.0,45.0,18.0,90,0.0,9.4
Hubballi,15.3478,75.1338,2025-12-01 07:00:00,22.2,21.9,344.0,14.4,12.6,47.0,18.9,86,0.0,11.3
Hubballi,15.3478,75.1338,2025-12-01 08:00:00,20.5,20.1,349.0,13.5,12.0,58.0,21.3,75,0.0,11.0
Hubballi,15.3478,75.1338,2025-12-01 09:00:00,19.0,18.6,339.0,10.3,11.1,85.0,23.4,65,0.0,12.9
Hubballi,15.3478,75.1338,2025-12-01 10:00:00,20.7,20.3,320.0,5.9,10.0,120.0,25.2,57,0.0,14.1
Hubballi,15.3478,75.1338,2025-12-01 11:00:00,22.9,22.5,305.0,2.6,9.1,147.0,26.5,53,0.0,13.1
Hubballi,15.3478,75.1338,2025-12-01 12:00:00,23.4,23.0,295.0,1.2,8.4,158.0,27.2,52,0.0,11.0
Hubballi,15.3478,75.1338,2025-12-01 13:00:00,23.1,22.7,289.0,1.0,8.0,160.0,27.8,50,0.0,9.4
Hubballi,15.3478,75.1338,2025-12-01 14:00:00,22.8,22.4,289.0,2.0,7.6,158.0,28.0,48,0.0,9.0
Hubballi,15.3478,75.1338,2025-12-01 15:00:00,22.6,22.3,298.0,4.9,7.3,151.0,28.0,48,0.0,9.1
Hubballi,15.3478,75.1338,2025-12-01 16:00:00,23.1,22.7,313.0,9.1,7.2,139.0,27.5,49,0.0,8.6
Hubballi,15.3478,75.1338,2025-12-01 17:00:00,27.8,27.5,336.0,12.9,7.3,128.0,26.4,54,0.0,5.0
Hubballi,15.3478,75.1338,2025-12-01 18:00:00,33.3,33.1,372.0,16.3,7.8,117.0,24.6,59,0.0,7.9
Hubballi,15.3478,75.1338,2025-12-01 19:00:00,35.0,34.7,414.0,20.8,8.6,102.0,24.2,59,0.0,10.4
Hubballi,15.3478,75.1338,2025-12-01 20:00:00,35.3,34.9,448.0,23.0,9.5,92.0,23.4,62,0.0,13.0
Hubballi,15.3478,75.1338,2025-12-01 21:00:00,35.0,34.8,466.0,20.7,10.6,92.0,22.4,66,0.0,12.2
Hubballi,15.3478,75.1338,2025-12-01 22:00:00,35.2,34.9,474.0,16.1,11.8,96.0,21.4,70,0.0,11.5
Hubballi,15.3478,75.1338,2025-12-01 23:00:00,35.3,35.0,476.0,12.4,12.8,99.0,20.9,73,0.0,11.4
Hubballi,15.3478,75.1338,2025-12-02 00:00:00,35.2,34.9,465.0,10.7,13.4,97.0,20.6,73,0.0,9.9
Hubballi,15.3478,75.1338,2025-12-02 01:00:00,35.0,34.8,448.0,9.9,13.8,93.0,19.9,76,0.0,8.2
Hubballi,15.3478,75.1338,2025-12-02 02:00:00,34.9,34.6,441.0,9.4,13.9,87.0,19.4,78,0.0,8.3
Hubballi,15.3478,75.1338,2025-12-02 03:00:00,34.3,34.1,454.0,9.2,13.4,79.0,18.9,81,0.0,8.4
Hubballi,15.3478,75.1338,2025-12-02 04:00:00,33.5,33.3,477.0,9.4,12.6,69.0,18.4,85,0.0,6.9
Hubballi,15.3478,75.1338,2025-12-02 05:00:00,31.4,31.2,501.0,9.9,11.7,61.0,17.4,87,0.0,7.3
Hubballi,15.3478,75.1338,2025-12-02 06:00:00,30.2,29.9,535.0,10.1,11.7,62.0,17.0,90,0.0,6.9
Hubballi,15.3478,75.1338,2025-12-02 07:00:00,30.0,29.8,569.0,10.3,11.8,65.0,18.0,87,0.0,8.7
Hubballi,15.3478,75.1338,2025-12-02 08:00:00,25.4,25.2,564.0,9.7,11.7,74.0,20.8,78,0.0,8.3
Hubballi,15.3478,75.1338,2025-12-02 09:00:00,26.3,26.1,484.0,7.7,11.5,95.0,23.4,71,0.0,10.1
Hubballi,15.3478,75.1338,2025-12-02 10:00:00,27.9,27.6,366.0,5.0,11.2,123.0,25.4,63,0.0,12.1
Hubballi,15.3478,75.1338,2025-12-02 11:00:00,28.9,28.6,278.0,2.9,10.9,145.0,26.8,57,0.0,12.4
Hubballi,15.3478,75.1338,2025-12-02 12:00:00,29.3,29.0,252.0,1.8,10.5,157.0,27.5,54,0.0,12.3
Hubballi,15.3478,75.1338,2025-12-02 13:00:00,29.5,29.2,257.0,1.4,10.1,163.0,28.0,52,0.0,11.9
Hubballi,15.3478,75.1338,2025-12-02 14:00:00,29.4,29.0,266.0,2.1,9.6,163.0,28.5,48,0.0,11.0
Hubballi,15.3478,75.1338,2025-12-02 15:00:00,29.0,28.8,268.0,4.4,8.8,156.0,28.8,46,0.0,11.2
Hubballi,15.3478,75.1338,2025-12-02 16:00:00,28.5,28.2,274.0,7.9,8.0,144.0,28.3,46,0.0,11.0
Hubballi,15.3478,75.1338,2025-12-02 17:00:00,30.9,30.6,289.0,11.5,7.4,124.0,26.7,52,0.0,9.2
Hubballi,15.3478,75.1338,2025-12-02 18:00:00,34.2,34.0,326.0,13.6,7.3,113.0,25.3,56,0.0,9.3
Hubballi,15.3478,75.1338,2025-12-02 19:00:00,34.2,34.1,373.0,16.4,7.2,99.0,24.2,58,0.0,10.1
Hubballi,15.3478,75.1338,2025-12-02 20:00:00,33.1,32.9,400.0,17.8,7.5,89.0,23.3,61,0.0,12.6
Hubballi,15.3478,75.1338,2025-12-02 21:00:00,32.1,32.0,390.0,16.5,8.6,90.0,22.7,66,0.0,13.4
Hubballi,15.3478,75.1338,2025-12-02 22:00:00,31.8,31.7,360.0,13.7,10.1,96.0,22.1,71,0.0,10.6
Hubballi,15.3478,75.1338,2025-12-02 23:00:00,31.5,31.4,337.0,11.4,11.5,100.0,21.5,77,0.0,9.8
Hubballi,15.3478,75.1338,2025-12-03 00:00:00,31.2,31.1,330.0,10.2,12.7,98.0,21.0,81,0.0,9.0
Hubballi,15.3478,75.1338,2025-12-03 01:00:00,30.5,30.4,329.0,9.5,13.8,93.0,20.9,83,0.0,10.1
Hubballi,15.3478,75.1338,2025-12-03 02:00:00,28.7,28.6,336.0,9.1,14.3,87.0,20.8,84,0.0,10.2
Hubballi,15.3478,75.1338,2025-12-03 03:00:00,26.0,25.9,356.0,8.9,13.7,78.0,20.4,87,0.0,10.2
Hubballi,15.3478,75.1338,2025-12-03 04:00:00,22.7,22.6,384.0,9.0,12.4,68.0,19.8,90,0.0,10.1
Hubballi,15.3478,75.1338,2025-12-03 05:00:00,17.1,17.1,403.0,9.0,11.2,62.0,19.7,91,0.0,10.6
Hubballi,15.3478,75.1338,2025-12-03 06:00:00,14.4,14.4,407.0,9.0,10.5,63.0,19.3,92,0.0,10.3
Hubballi,15.3478,75.1338,2025-12-03 07:00:00,13.2,13.2,401.0,9.0,9.4,66.0,20.0,89,0.0,10.6
Hubballi,15.3478,75.1338,2025-12-03 08:00:00,9.1,9.1,386.0,8.5,8.4,72.0,21.9,81,0.0,11.4
Hubballi,15.3478,75.1338,2025-12-03 09:00:00,9.9,9.8,354.0,7.1,7.5,85.0,24.0,71,0.0,12.7
Hubballi,15.3478,75.1338,2025-12-03 10:00:00,12.9,12.8,313.0,5.2,6.6,102.0,25.9,62,0.0,14.3
Hubballi,15.3478,75.1338,2025-12-03 11:00:00,13.2,13.2,281.0,3.8,5.7,115.0,27.1,56,0.0,15.4
Hubballi,15.3478,75.1338,2025-12-03 12:00:00,12.4,12.4,266.0,3.0,4.8,119.0,26.9,57,0.0,12.9
Hubballi,15.3478,75.1338,2025-12-03 13:00:00,11.7,11.7,260.0,2.7,3.9,119.0,27.4,55,0.0,13.1
Hubballi,15.3478,75.1338,2025-12-03 14:00:00,12.3,12.3,258.0,2.9,3.3,118.0,27.9,53,0.0,13.1
Hubballi,15.3478,75.1338,2025-12-03 15:00:00,12.1,12.1,259.0,3.7,3.1,119.0,28.2,52,0.0,14.5
Hubballi,15.3478,75.1338,2025-12-03 16:00:00,12.0,12.0,264.0,5.1,3.2,118.0,27.7,52,0.0,15.6
Hubballi,15.3478,75.1338,2025-12-03 17:00:00,14.7,14.7,272.0,7.6,2.8,106.0,27.0,56,0.0,13.3
Hubballi,15.3478,75.1338,2025-12-03 18:00:00,15.9,15.9,288.0,9.5,3.0,97.0,25.6,62,0.0,10.7
Hubballi,15.3478,75.1338,2025-12-03 19:00:00,15.4,15.4,306.0,12.2,3.3,85.0,24.7,66,0.0,12.1
Hubballi,15.3478,75.1338,2025-12-03 20:00:00,13.8,13.8,315.0,14.2,3.8,74.0,24.1,69,0.0,13.3
Hubballi,15.3478,75.1338,2025-12-03 21:00:00,12.6,12.6,306.0,15.0,4.4,67.0,23.6,71,0.0,13.3
Hubballi,15.3478,75.1338,2025-12-03 22:00:00,11.9,11.9,287.0,15.2,5.1,62.0,22.9,74,0.0,13.1
Hubballi,15.3478,75.1338,2025-12-03 23:00:00,11.1,11.1,267.0,15.2,6.1,58.0,22.2,80,0.0,12.8
Hubballi,15.3478,75.1338,2025-12-04 00:00:00,10.4,10.4,248.0,15.1,7.8,54.0,21.9,83,0.0,13.1
Hubballi,15.3478,75.1338,2025-12-04 01:00:00,10.4,10.3,229.0,14.7,9.8,51.0,21.7,84,0.0,13.7
Hubballi,15.3478,75.1338,2025-12-04 02:00:00,10.6,10.5,216.0,14.1,11.1,49.0,21.7,85,0.0,12.6
Hubballi,15.3478,75.1338,2025-12-04 03:00:00,10.7,10.6,211.0,13.3,11.4,48.0,21.5,86,0.0,13.0
Hubballi,15.3478,75.1338,2025-12-04 04:00:00,10.5,10.4,213.0,12.2,11.1,47.0,20.8,90,0.0,11.4
Hubballi,15.3478,75.1338,2025-12-04 05:00:00,9.1,9.0,217.0,9.2,7.7,54.0,21.1,93,0.0,14.0
Hubballi,15.3478,75.1338,2025-12-04 06:00:00,8.0,8.0,227.0,8.4,6.8,60.0,20.7,94,0.0,13.0
Hubballi,15.3478,75.1338,2025-12-04 07:00:00,7.2,7.2,239.0,7.2,5.6,68.0,21.0,91,0.0,14.4
Hubballi,15.3478,75.1338,2025-12-04 08:00:00,5.0,5.0,245.0,6.3,4.7,75.0,22.4,84,0.0,20.9
Hubballi,15.3478,75.1338,2025-12-04 09:00:00,4.0,3.9,237.0,6.0,4.6,80.0,23.4,80,0.2,19.6
Hubballi,15.3478,75.1338,2025-12-04 10:00:00,3.7,3.7,223.0,6.1,4.9,83.0,24.7,73,0.3,21.0
Hubballi,15.3478,75.1338,2025-12-04 11:00:00,4.3,4.3,214.0,5.9,5.1,87.0,26.0,65,0.2,19.3
Hubballi,15.3478,75.1338,2025-12-04 12:00:00,5.2,5.2,216.0,5.1,5.0,93.0,27.5,62,0.0,17.9
Hubballi,15.3478,75.1338,2025-12-04 13:00:00,6.2,6.2,223.0,4.1,4.7,100.0,27.7,60,0.0,16.9
Hubballi,15.3478,75.1338,2025-12-04 14:00:00,6.8,6.8,230.0,3.8,4.5,103.0,27.9,59,0.0,15.0
Hubballi,15.3478,75.1338,2025-12-04 15:00:00,7.1,7.1,235.0,4.6,4.2,102.0,25.8,66,0.3,15.7
Hubballi,15.3478,75.1338,2025-12-04 16:00:00,7.2,7.2,240.0,6.1,4.0,97.0,25.2,69,0.3,14.9
Hubballi,15.3478,75.1338,2025-12-04 17:00:00,17.9,17.9,246.0,7.1,3.0,90.0,25.6,66,0.0,14.1
Hubballi,15.3478,75.1338,2025-12-04 18:00:00,18.6,18.5,254.0,9.4,3.3,81.0,24.3,72,0.0,15.6
Hubballi,15.3478,75.1338,2025-12-04 19:00:00,19.4,19.3,264.0,12.6,3.7,68.0,23.6,78,0.0,13.2
Hubballi,15.3478,75.1338,2025-12-04 20:00:00,19.0,19.0,275.0,15.0,4.5,57.0,22.8,82,0.0,11.5
Hubballi,15.3478,75.1338,2025-12-04 21:00:00,17.8,17.8,289.0,15.9,6.0,51.0,22.3,84,0.0,12.3
Hubballi,15.3478,75.1338,2025-12-04 22:00:00,16.4,16.3,303.0,16.0,7.9,47.0,21.9,85,0.0,12.3
Hubballi,15.3478,75.1338,2025-12-04 23:00:00,14.6,14.5,310.0,15.2,8.8,46.0,22.5,85,0.0,14.0
Hubballi,15.3478,75.1338,2025-12-05 00:00:00,12.8,12.7,301.0,13.1,8.1,49.0,22.5,84,0.0,15.3
Hubballi,15.3478,75.1338,2025-12-05 01:00:00,11.2,11.1,285.0,10.1,6.5,55.0,22.0,87,0.0,13.5
Hubballi,15.3478,75.1338,2025-12-05 02:00:00,9.1,9.0,277.0,7.6,5.0,61.0,21.7,88,0.0,13.0
Hubballi,15.3478,75.1338,2025-12-05 03:00:00,7.0,6.9,285.0,5.9,3.9,66.0,21.2,91,0.0,13.0
Hubballi,15.3478,75.1338,2025-12-05 04:00:00,6.7,6.6,301.0,4.6,3.0,72.0,20.7,93,0.0,13.5
Hubballi,15.3478,75.1338,2025-12-05 05:00:00,10.7,10.5,314.0,5.9,4.2,69.0,20.4,96,0.0,13.7
Hubballi,15.3478,75.1338,2025-12-05 06:00:00,16.9,16.8,322.0,5.9,4.1,76.0,20.4,94,0.0,11.9
Hubballi,15.3478,75.1338,2025-12-05 07:00:00,22.8,22.5,328.0,5.8,4.0,86.0,20.9,91,0.0,14.0
Hubballi,15.3478,75.1338,2025-12-05 08:00:00,28.0,27.6,331.0,5.5,4.0,96.0,22.4,81,0.0,19.1
Hubballi,15.3478,75.1338,2025-12-05 09:00:00,30.7,30.4,331.0,4.9,4.3,105.0,24.1,71,0.0,20.7
Hubballi,15.3478,75.1338,2025-12-05 10:00:00,31.3,31.0,328.0,4.1,4.7,113.0,25.3,63,0.0,20.4
Hubballi,15.3478,75.1338,2025-12-05 11:00:00,30.9,30.5,326.0,3.5,5.0,119.0,26.6,59,0.0,20.0
Hubballi,15.3478,75.1338,2025-12-05 12:00:00,29.4,29.0,323.0,3.0,4.9,123.0,27.0,57,0.0,18.9
Hubballi,15.3478,75.1338,2025-12-05 13:00:00,28.2,27.8,321.0,2.5,4.5,126.0,26.9,57,0.0,18.3
Hubballi,15.3478,75.1338,2025-12-05 14:00:00,27.1,26.8,323.0,2.8,4.3,127.0,26.5,58,0.7,17.7
Hubballi,15.3478,75.1338,2025-12-05 15:00:00,27.1,26.8,331.0,4.2,4.3,125.0,26.3,60,0.1,17.8
Hubballi,15.3478,75.1338,2025-12-05 16:00:00,27.9,27.6,342.0,6.2,4.4,121.0,26.1,60,0.0,17.1
Hubballi,15.3478,75.1338,2025-12-05 17:00:00,37.1,36.9,357.0,8.2,4.7,117.0,25.3,66,0.0,14.7
Hubballi,15.3478,75.1338,2025-12-05 18:00:00,39.2,39.1,377.0,8.8,5.1,113.0,23.5,75,0.0,14.9
Hubballi,15.3478,75.1338,2025-12-05 19:00:00,40.3,40.2,401.0,9.7,5.8,108.0,22.9,78,0.0,12.8
Hubballi,15.3478,75.1338,2025-12-05 20:00:00,41.0,40.9,420.0,10.2,6.5,103.0,22.7,78,0.0,14.2
Hubballi,15.3478,75.1338,2025-12-05 21:00:00,41.6,41.4,433.0,10.2,7.3,100.0,22.5,79,0.0,12.3
Hubballi,15.3478,75.1338,2025-12-05 22:00:00,42.3,42.1,443.0,9.9,8.2,97.0,21.9,81,0.0,11.3
Hubballi,15.3478,75.1338,2025-12-05 23:00:00,42.3,42.1,447.0,9.6,9.0,94.0,21.7,81,0.0,12.3
Hubballi,15.3478,75.1338,2025-12-06 00:00:00,42.0,41.9,442.0,9.3,9.5,88.0,21.5,81,0.0,12.5
Hubballi,15.3478,75.1338,2025-12-06 01:00:00,41.8,41.7,432.0,9.0,9.9,82.0,21.2,83,0.0,12.1
Hubballi,15.3478,75.1338,2025-12-06 02:00:00,41.4,41.3,430.0,8.6,10.3,77.0,21.2,83,0.0,13.2
Hubballi,15.3478,75.1338,2025-12-06 03:00:00,41.4,41.3,442.0,8.2,10.6,74.0,21.1,83,0.0,13.6
Hubballi,15.3478,75.1338,2025-12-06 04:00:00,42.3,42.1,461.0,7.7,11.0,72.0,20.5,83,0.0,13.4
Hubballi,15.3478,75.1338,2025-12-06 05:00:00,44.9,44.7,480.0,6.6,11.2,79.0,19.8,86,0.0,13.4
Hubballi,15.3478,75.1338,2025-12-06 06:00:00,47.5,47.3,502.0,7.4,12.8,81.0,19.2,88,0.0,13.8
Hubballi,15.3478,75.1338,2025-12-06 07:00:00,50.6,50.4,524.0,8.5,15.0,86.0,19.4,87,0.0,13.4
Hubballi,15.3478,75.1338,2025-12-06 08:00:00,54.2,53.9,533.0,8.7,16.6,95.0,21.0,81,0.0,13.3
Hubballi,15.3478,75.1338,2025-12-06 09:00:00,59.4,59.0,518.0,7.2,17.1,115.0,22.8,70,0.0,18.2
Hubballi,15.3478,75.1338,2025-12-06 10:00:00,57.7,57.4,489.0,5.0,17.1,139.0,24.2,63,0.0,17.7
Hubballi,15.3478,75.1338,2025-12-06 11:00:00,56.6,56.2,463.0,3.3,16.8,158.0,25.3,58,0.0,16.7
Hubballi,15.3478,75.1338,2025-12-06 12:00:00,55.6,55.3,444.0,2.8,16.2,166.0,25.6,55,0.0,16.8
Hubballi,15.3478,75.1338,2025-12-06 13:00:00,55.3,54.8,427.0,2.9,15.3,168.0,26.3,53,0.0,16.4
Hubballi,15.3478,75.1338,2025-12-06 14:00:00,55.2,54.8,418.0,3.6,14.6,166.0,26.8,51,0.0,14.6
Hubballi,15.3478,75.1338,2025-12-06 15:00:00,55.1,54.7,417.0,5.2,14.1,162.0,26.5,51,0.0,13.6
Hubballi,15.3478,75.1338,2025-12-06 16:00:00,54.6,54.4,424.0,7.5,13.8,154.0,26.4,51,0.0,13.0
Hubballi,15.3478,75.1338,2025-12-06 17:00:00,46.3,46.2,438.0,9.1,12.9,149.0,25.7,57,0.0,12.2
Hubballi,15.3478,75.1338,2025-12-06 18:00:00,46.8,46.8,465.0,10.7,12.6,137.0,24.7,60,0.0,13.1
Hubballi,15.3478,75.1338,2025-12-06 19:00:00,46.8,46.7,500.0,12.9,12.2,121.0,23.5,64,0.0,13.0
Hubballi,15.3478,75.1338,2025-12-06 20:00:00,46.1,46.0,523.0,14.2,12.3,108.0,22.7,66,0.0,12.2
Hubballi,15.3478,75.1338,2025-12-06 21:00:00,45.6,45.5,527.0,13.9,13.1,102.0,22.2,68,0.0,11.9
Hubballi,15.3478,75.1338,2025-12-06 22:00:00,45.5,45.4,521.0,12.7,14.4,98.0,21.6,72,0.0,12.8
Hubballi,15.3478,75.1338,2025-12-06 23:00:00,45.4,45.3,508.0,11.5,15.4,95.0,21.2,74,0.0,12.5
Hubballi,15.3478,75.1338,2025-12-07 00:00:00,45.2,44.9,485.0,10.6,16.0,90.0,20.9,74,0.0,12.1
Hubballi,15.3478,75.1338,2025-12-07 01:00:00,45.1,44.8,456.0,9.7,16.3,84.0,20.4,75,0.0,12.2
Hubballi,15.3478,75.1338,2025-12-07 02:00:00,44.9,44.6,438.0,8.9,16.1,80.0,20.2,75,0.0,10.9
Hubballi,15.3478,75.1338,2025-12-07 03:00:00,44.7,44.5,440.0,8.2,15.2,77.0,19.8,77,0.0,10.7
Hubballi,15.3478,75.1338,2025-12-07 04:00:00,44.7,44.2,454.0,7.7,13.8,74.0,19.6,78,0.0,10.5
Hubballi,15.3478,75.1338,2025-12-07 05:00:00,44.1,43.8,469.0,7.6,12.4,73.0,19.2,81,0.0,9.3
Hubballi,15.3478,75.1338,2025-12-07 06:00:00,45.1,44.5,488.0,8.4,12.0,73.0,18.5,86,0.0,9.6
Hubballi,15.3478,75.1338,2025-12-07 07:00:00,46.4,45.9,508.0,9.3,11.4,74.0,19.0,85,0.0,11.0
Hubballi,15.3478,75.1338,2025-12-07 08:00:00,48.2,47.3,513.0,9.4,11.3,83.0,20.9,79,0.0,12.1
Hubballi,15.3478,75.1338,2025-12-07 09:00:00,49.5,48.4,489.0,7.7,12.3,106.0,23.0,70,0.0,14.1
Hubballi,15.3478,75.1338,2025-12-07 10:00:00,48.9,48.0,450.0,5.0,13.7,137.0,24.8,61,0.0,15.8
Hubballi,15.3478,75.1338,2025-12-07 11:00:00,46.9,46.2,415.0,3.0,14.5,160.0,26.1,55,0.0,15.3
Hubballi,15.3478,75.1338,2025-12-07 12:00:00,44.4,43.8,389.0,2.1,13.9,169.0,26.8,53,0.0,14.4
Hubballi,15.3478,75.1338,2025-12-07 13:00:00,41.2,40.7,367.0,1.8,12.7,171.0,27.4,52,0.0,13.6
Hubballi,15.3478,75.1338,2025-12-07 14:00:00,38.8,38.3,354.0,2.3,11.7,169.0,27.5,52,0.0,13.0
Hubballi,15.3478,75.1338,2025-12-07 15:00:00,37.1,36.8,353.0,4.1,11.1,164.0,27.5,52,0.0,12.6
Hubballi,15.3478,75.1338,2025-12-07 16:00:00,36.3,36.0,362.0,6.7,10.7,155.0,27.1,52,0.0,13.0
Hubballi,15.3478,75.1338,2025-12-07 17:00:00,41.2,40.9,379.0,10.2,10.1,143.0,26.3,56,0.0,10.4
Hubballi,15.3478,75.1338,2025-12-07 18:00:00,44.1,43.8,409.0,11.3,10.7,136.0,24.7,62,0.0,10.5
Hubballi,15.3478,75.1338,2025-12-07 19:00:00,46.0,45.6,448.0,12.8,11.6,127.0,24.0,65,0.0,12.8
Hubballi,15.3478,75.1338,2025-12-07 20:00:00,48.1,47.7,474.0,13.5,12.9,119.0,23.2,67,0.0,14.4
Hubballi,15.3478,75.1338,2025-12-07 21:00:00,50.6,50.4,479.0,12.9,15.0,116.0,22.3,68,0.0,13.6
Hubballi,15.3478,75.1338,2025-12-07 22:00:00,52.6,52.3,471.0,11.6,17.5,115.0,21.6,70,0.0,12.9
Hubballi,15.3478,75.1338,2025-12-07 23:00:00,53.1,52.7,462.0,10.3,18.9,112.0,21.0,71,0.0,12.2
Hubballi,15.3478,75.1338,2025-12-08 00:00:00,52.6,52.3,451.0,9.3,18.4,105.0,20.3,72,0.0,11.9
Hubballi,15.3478,75.1338,2025-12-08 01:00:00,52.0,51.7,437.0,8.3,16.9,97.0,19.7,73,0.0,11.5
Hubballi,15.3478,75.1338,2025-12-08 02:00:00,51.3,50.9,431.0,7.4,15.4,91.0,19.0,78,0.0,9.2
Hubballi,15.3478,75.1338,2025-12-08 03:00:00,50.8,50.3,436.0,6.5,14.1,89.0,18.5,83,0.0,8.0
Hubballi,15.3478,75.1338,2025-12-08 04:00:00,50.4,49.9,448.0,5.7,12.9,89.0,17.9,88,0.0,6.6
Hubballi,15.3478,75.1338,2025-12-08 05:00:00,50.8,50.2,462.0,5.7,11.9,89.0,17.3,86,0.0,8.2
Hubballi,15.3478,75.1338,2025-12-08 06:00:00,51.5,51.0,481.0,7.7,12.1,85.0,16.7,89,0.0,8.4
Hubballi,15.3478,75.1338,2025-12-08 07:00:00,53.6,53.1,502.0,10.3,12.5,80.0,17.4,87,0.0,10.0
Hubballi,15.3478,75.1338,2025-12-08 08:00:00,54.0,53.6,505.0,11.4,13.2,85.0,19.8,79,0.0,8.7
Hubballi,15.3478,75.1338,2025-12-08 09:00:00,55.2,54.6,477.0,9.3,14.9,109.0,22.3,72,0.0,9.5
Hubballi,15.3478,75.1338,2025-12-08 10:00:00,55.3,54.6,432.0,5.7,17.0,143.0,24.4,62,0.0,11.6
Hubballi,15.3478,75.1338,2025-12-08 11:00:00,52.3,51.7,393.0,2.9,17.9,168.0,26.3,51,0.0,12.7
Hubballi,15.3478,75.1338,2025-12-08 12:00:00,48.0,47.4,366.0,1.8,16.7,175.0,27.3,44,0.0,13.0
Hubballi,15.3478,75.1338,2025-12-08 13:00:00,44.2,43.7,345.0,1.6,14.3,172.0,27.7,41,0.0,13.1
Hubballi,15.3478,75.1338,2025-12-08 14:00:00,41.8,41.3,338.0,2.3,12.3,166.0,27.8,41,0.0,13.3
Hubballi,15.3478,75.1338,2025-12-08 15:00:00,39.9,39.5,352.0,4.4,11.1,157.0,27.6,42,0.0,13.4
Hubballi,15.3478,75.1338,2025-12-08 16:00:00,39.0,38.6,379.0,7.3,10.2,145.0,27.1,43,0.0,13.5
Hubballi,15.3478,75.1338,2025-12-08 17:00:00,26.5,26.4,408.0,10.6,9.1,138.0,25.8,49,0.0,11.2
Hubballi,15.3478,75.1338,2025-12-08 18:00:00,30.4,30.3,436.0,11.9,9.3,130.0,24.1,53,0.0,13.3
Hubballi,15.3478,75.1338,2025-12-08 19:00:00,32.8,32.6,465.0,13.7,9.6,119.0,23.1,50,0.0,15.4
Hubballi,15.3478,75.1338,2025-12-08 20:00:00,35.4,34.9,490.0,14.5,10.5,112.0,21.8,53,0.0,14.2
Hubballi,15.3478,75.1338,2025-12-08 21:00:00,38.6,37.7,508.0,13.6,12.6,114.0,20.6,57,0.0,12.2
Hubballi,15.3478,75.1338,2025-12-08 22:00:00,41.4,40.2,522.0,11.8,15.4,120.0,19.7,63,0.0,11.4
Hubballi,15.3478,75.1338,2025-12-08 23:00:00,43.0,41.2,529.0,10.1,17.5,123.0,19.3,66,0.0,11.4
Hubballi,15.3478,75.1338,2025-12-09 00:00:00,43.4,41.4,526.0,9.0,18.5,121.0,18.7,68,0.0,9.9
Hubballi,15.3478,75.1338,2025-12-09 01:00:00,43.3,41.2,517.0,8.0,18.8,115.0,18.1,69,0.0,10.5
Hubballi,15.3478,75.1338,2025-12-09 02:00:00,43.0,41.0,510.0,7.3,18.5,109.0,17.4,72,0.0,13.3
Hubballi,15.3478,75.1338,2025-12-09 03:00:00,42.6,40.7,510.0,6.8,17.5,101.0,16.9,74,0.0,12.9
Hubballi,15.3478,75.1338,2025-12-09 04:00:00,42.4,40.9,513.0,6.6,16.0,93.0,16.4,75,0.0,12.2
Hubballi,15.3478,75.1338,2025-12-09 05:00:00,43.0,41.3,516.0,7.5,14.9,83.0,16.0,76,0.0,11.7
Hubballi,15.3478,75.1338,2025-12-09 06:00:00,43.8,42.4,523.0,9.3,14.4,77.0,15.5,80,0.0,11.8
Hubballi,15.3478,75.1338,2025-12-09 07:00:00,45.6,44.4,529.0,11.6,13.8,71.0,16.1,79,0.0,12.5
Hubballi,15.3478,75.1338,2025-12-09 08:00:00,46.4,45.5,517.0,12.3,13.4,76.0,18.6,73,0.0,11.6
Hubballi,15.3478,75.1338,2025-12-09 09:00:00,49.8,49.0,472.0,9.8,13.7,103.0,21.2,67,0.0,14.7
Hubballi,15.3478,75.1338,2025-12-09 10:00:00,49.7,48.9,408.0,5.8,14.4,142.0,23.4,58,0.0,17.8
Hubballi,15.3478,75.1338,2025-12-09 11:00:00,41.0,40.4,351.0,2.7,14.4,170.0,25.2,47,0.0,19.2
Hubballi,15.3478,75.1338,2025-12-09 12:00:00,33.3,32.8,307.0,1.6,13.2,177.0,26.0,42,0.0,20.1
Hubballi,15.3478,75.1338,2025-12-09 13:00:00,28.8,28.5,270.0,1.5,11.4,172.0,26.5,40,0.0,19.6
Hubballi,15.3478,75.1338,2025-12-09 14:00:00,25.9,25.6,246.0,2.1,10.0,166.0,26.7,40,0.0,18.9
Hubballi,15.3478,75.1338,2025-12-09 15:00:00,24.3,23.9,242.0,3.6,9.4,160.0,26.6,39,0.0,18.1
Hubballi,15.3478,75.1338,2025-12-09 16:00:00,23.3,23.0,251.0,5.9,9.3,152.0,26.0,40,0.0,18.4
Hubballi,15.3478,75.1338,2025-12-09 17:00:00,26.7,26.4,260.0,8.3,8.2,144.0,25.2,44,0.0,15.5
Hubballi,15.3478,75.1338,2025-12-09 18:00:00,26.3,26.0,264.0,9.7,8.5,135.0,23.5,48,0.0,15.8
Hubballi,15.3478,75.1338,2025-12-09 19:00:00,25.4,25.1,268.0,11.6,8.9,122.0,22.7,49,0.0,18.2
Hubballi,15.3478,75.1338,2025-12-09 20:00:00,24.6,24.3,270.0,12.7,9.6,113.0,22.1,50,0.0,17.9
Hubballi,15.3478,75.1338,2025-12-09 21:00:00,24.3,24.0,268.0,12.5,10.6,111.0,21.4,50,0.0,16.0
Hubballi,15.3478,75.1338,2025-12-09 22:00:00,24.1,23.8,265.0,11.6,11.8,111.0,20.7,50,0.0,13.7
Hubballi,15.3478,75.1338,2025-12-09 23:00:00,23.1,22.8,267.0,10.6,12.9,111.0,20.9,48,0.0,15.1
Hubballi,15.3478,75.1338,2025-12-10 00:00:00,21.6,21.2,279.0,9.7,13.8,108.0,20.1,48,0.0,13.5
Hubballi,15.3478,75.1338,2025-12-10 01:00:00,20.4,20.0,296.0,8.7,14.5,105.0,19.1,52,0.0,13.1
Hubballi,15.3478,75.1338,2025-12-10 02:00:00,19.6,19.2,313.0,8.0,14.7,100.0,17.5,57,0.0,13.2
Hubballi,15.3478,75.1338,2025-12-10 03:00:00,19.4,18.8,330.0,7.7,14.0,93.0,16.9,58,0.0,13.2
Hubballi,15.3478,75.1338,2025-12-10 04:00:00,19.6,18.9,347.0,7.8,12.8,84.0,16.3,61,0.0,13.0
Hubballi,15.3478,75.1338,2025-12-10 05:00:00,20.1,19.4,361.0,8.2,12.0,77.0,15.7,68,0.0,12.1
Hubballi,15.3478,75.1338,2025-12-10 06:00:00,21.4,20.5,373.0,10.3,11.5,70.0,15.3,72,0.0,11.6
Hubballi,15.3478,75.1338,2025-12-10 07:00:00,23.3,22.6,383.0,12.9,10.8,61.0,15.8,71,0.0,12.9
Hubballi,15.3478,75.1338,2025-12-10 08:00:00,24.9,24.3,382.0,13.8,10.8,64.0,18.2,63,0.0,12.1
Hubballi,15.3478,75.1338,2025-12-10 09:00:00,29.2,28.5,365.0,11.1,12.2,92.0,20.9,52,0.0,13.8
Hubballi,15.3478,75.1338,2025-12-10 10:00:00,34.3,33.5,338.0,6.6,14.3,132.0,23.1,45,0.0,16.0
Hubballi,15.3478,75.1338,2025-12-10 11:00:00,31.2,30.0,310.0,3.2,15.5,162.0,25.2,40,0.0,17.7
Hubballi,15.3478,75.1338,2025-12-10 12:00:00,27.9,26.9,279.0,1.9,15.1,171.0,26.3,34,0.0,18.9
Hubballi,15.3478,75.1338,2025-12-10 13:00:00,26.5,25.4,247.0,1.6,13.8,169.0,27.1,29,0.0,19.5
Hubballi,15.3478,75.1338,2025-12-10 14:00:00,25.8,24.7,229.0,2.2,12.8,165.0,27.3,27,0.0,19.3
Hubballi,15.3478,75.1338,2025-12-10 15:00:00,25.5,24.4,233.0,3.9,12.3,160.0,27.0,27,0.0,18.5
Hubballi,15.3478,75.1338,2025-12-10 16:00:00,25.6,24.6,251.0,6.4,12.0,151.0,26.3,29,0.0,17.1
Hubballi,15.3478,75.1338,2025-12-10 17:00:00,24.3,23.9,273.0,9.3,11.4,145.0,25.0,37,0.0,12.2
Hubballi,15.3478,75.1338,2025-12-10 18:00:00,25.6,25.1,301.0,10.6,11.3,136.0,22.7,43,0.0,11.1
Hubballi,15.3478,75.1338,2025-12-10 19:00:00,25.1,24.6,334.0,12.3,11.2,123.0,21.7,44,0.0,14.0
Hubballi,15.3478,75.1338,2025-12-10 20:00:00,24.4,23.9,356.0,13.2,11.3,115.0,20.5,47,0.0,12.8
Hubballi,15.3478,75.1338,2025-12-10 21:00:00,24.0,23.5,360.0,12.4,11.9,116.0,19.5,51,0.0,11.8
Hubballi,15.3478,75.1338,2025-12-10 22:00:00,23.7,23.2,353.0,10.8,12.9,122.0,19.1,51,0.0,11.9
Hubballi,15.3478,75.1338,2025-12-10 23:00:00,23.1,22.5,347.0,9.4,13.7,125.0,18.9,49,0.0,12.4
Hubballi,15.3478,75.1338,2025-12-11 00:00:00,22.2,21.6,344.0,8.4,14.4,123.0,18.1,50,0.0,11.7
Hubballi,15.3478,75.1338,2025-12-11 01:00:00,21.5,21.0,340.0,7.6,15.0,119.0,17.0,54,0.0,12.0
Hubballi,15.3478,75.1338,2025-12-11 02:00:00,21.1,20.5,340.0,7.1,15.3,114.0,16.2,58,0.0,12.6
Hubballi,15.3478,75.1338,2025-12-11 03:00:00,20.8,20.3,342.0,6.8,15.0,107.0,15.6,60,0.0,12.0
Hubballi,15.3478,75.1338,2025-12-11 04:00:00,20.8,20.4,347.0,6.7,14.3,98.0,15.2,63,0.0,12.9
Hubballi,15.3478,75.1338,2025-12-11 05:00:00,22.4,21.9,357.0,7.6,13.8,89.0,15.1,68,0.0,12.1
Hubballi,15.3478,75.1338,2025-12-11 06:00:00,23.0,22.5,381.0,9.7,13.0,80.0,14.8,70,0.0,11.7
Hubballi,15.3478,75.1338,2025-12-11 07:00:00,24.4,24.0,411.0,12.5,12.0,70.0,15.3,69,0.0,12.2
Hubballi,15.3478,75.1338,2025-12-11 08:00:00,25.6,25.2,420.0,13.5,11.7,72.0,18.1,62,0.0,10.8
Hubballi,15.3478,75.1338,2025-12-11 09:00:00,30.0,29.2,392.0,11.0,13.0,99.0,21.0,54,0.0,12.6
Hubballi,15.3478,75.1338,2025-12-11 10:00:00,35.5,34.2,343.0,6.8,15.1,138.0,23.3,45,0.0,16.6
Hubballi,15.3478,75.1338,2025-12-11 11:00:00,32.8,31.9,304.0,3.5,16.2,167.0,25.2,38,0.0,17.9
Hubballi,15.3478,75.1338,2025-12-11 12:00:00,29.5,28.6,284.0,2.2,15.3,176.0,26.0,34,0.0,17.1
Hubballi,15.3478,75.1338,2025-12-11 13:00:00,26.8,26.1,272.0,1.8,13.4,175.0,26.6,32,0.0,16.6
Hubballi,15.3478,75.1338,2025-12-11 14:00:00,24.8,24.2,268.0,2.3,11.8,171.0,26.9,30,0.0,16.1
Hubballi,15.3478,75.1338,2025-12-11 15:00:00,23.6,23.0,271.0,4.0,11.1,164.0,26.8,30,0.0,15.6
Hubballi,15.3478,75.1338,2025-12-11 16:00:00,22.8,22.3,282.0,6.6,10.7,154.0,26.2,30,0.0,15.2
Hubballi,15.3478,75.1338,2025-12-11 17:00:00,22.4,22.2,295.0,9.5,10.5,149.0,24.6,35,0.0,12.2
Hubballi,15.3478,75.1338,2025-12-11 18:00:00,24.2,24.0,313.0,11.4,10.6,138.0,22.3,40,0.0,12.4
Hubballi,15.3478,75.1338,2025-12-11 19:00:00,24.3,24.2,334.0,13.9,10.8,122.0,21.2,41,0.0,13.7
Hubballi,15.3478,75.1338,2025-12-11 20:00:00,23.7,23.6,348.0,15.4,11.1,110.0,20.1,42,0.0,14.1
Hubballi,15.3478,75.1338,2025-12-11 21:00:00,23.1,23.0,350.0,15.0,11.6,107.0,18.9,46,0.0,13.2
Hubballi,15.3478,75.1338,2025-12-11 22:00:00,22.5,22.4,346.0,13.7,12.3,108.0,18.3,48,0.0,12.6
Hubballi,15.3478,75.1338,2025-12-11 23:00:00,21.4,21.4,339.0,12.4,12.8,108.0,17.8,50,0.0,12.0
Hubballi,15.3478,75.1338,2025-12-12 00:00:00,20.1,20.0,328.0,11.4,13.0,105.0,17.2,51,0.0,10.7
Hubballi,15.3478,75.1338,2025-12-12 01:00:00,18.9,18.8,314.0,10.4,13.1,102.0,16.9,52,0.0,11.1
Hubballi,15.3478,75.1338,2025-12-12 02:00:00,17.7,17.6,308.0,9.7,13.1,98.0,16.7,51,0.0,11.6
Hubballi,15.3478,75.1338,2025-12-12 03:00:00,16.5,16.5,314.0,9.0,13.0,94.0,16.2,52,0.0,10.9
Hubballi,15.3478,75.1338,2025-12-12 04:00:00,15.5,15.5,328.0,8.5,12.7,91.0,15.4,55,0.0,10.4
Hubballi,15.3478,75.1338,2025-12-12 05:00:00,14.2,14.2,347.0,8.2,12.9,94.0,14.7,62,0.0,12.1
Hubballi,15.3478,75.1338,2025-12-12 06:00:00,12.8,12.7,378.0,10.5,12.5,88.0,13.9,66,0.0,12.3
Hubballi,15.3478,75.1338,2025-12-12 07:00:00,13.2,13.2,414.0,13.4,12.0,80.0,14.4,65,0.0,13.8
Hubballi,15.3478,75.1338,2025-12-12 08:00:00,14.0,14.0,431.0,14.4,11.8,83.0,17.1,60,0.0,11.7
Hubballi,15.3478,75.1338,2025-12-12 09:00:00,14.5,14.4,416.0,11.5,12.4,107.0,20.1,53,0.0,12.1
Hubballi,15.3478,75.1338,2025-12-12 10:00:00,23.0,22.6,383.0,6.7,13.3,142.0,22.9,49,0.0,14.8
Hubballi,15.3478,75.1338,2025-12-12 11:00:00,26.2,25.7,349.0,3.1,13.7,169.0,25.0,38,0.0,15.2
Hubballi,15.3478,75.1338,2025-12-12 12:00:00,27.4,26.7,315.0,1.7,13.1,180.0,25.9,32,0.0,14.4
Hubballi,15.3478,75.1338,2025-12-12 13:00:00,27.5,26.6,282.0,1.4,11.9,182.0,26.5,29,0.0,13.7
Hubballi,15.3478,75.1338,2025-12-12 14:00:00,27.2,26.0,264.0,2.4,10.8,179.0,26.7,29,0.0,13.0
Hubballi,15.3478,75.1338,2025-12-12 15:00:00,26.8,25.3,272.0,5.1,10.0,171.0,26.5,29,0.0,12.8
Hubballi,15.3478,75.1338,2025-12-12 16:00:00,27.1,25.3,297.0,9.0,9.3,157.0,25.9,31,0.0,12.2
Hubballi,15.3478,75.1338,2025-12-12 17:00:00,21.1,20.7,326.0,14.1,8.3,148.0,24.6,39,0.0,8.3
Hubballi,15.3478,75.1338,2025-12-12 18:00:00,25.7,25.0,364.0,17.5,8.1,132.0,22.3,44,0.0,9.6
Hubballi,15.3478,75.1338,2025-12-12 19:00:00,26.7,25.8,406.0,22.1,8.0,111.0,21.3,45,0.0,9.6
Hubballi,15.3478,75.1338,2025-12-12 20:00:00,25.3,24.2,431.0,24.4,8.1,96.0,19.5,52,0.0,7.6
Hubballi,15.3478,75.1338,2025-12-12 21:00:00,23.7,22.8,426.0,22.3,8.8,95.0,18.3,55,0.0,8.7
Hubballi,15.3478,75.1338,2025-12-12 22:00:00,23.2,22.2,403.0,18.0,9.9,100.0,17.3,56,0.0,8.9
Hubballi,15.3478,75.1338,2025-12-12 23:00:00,22.9,22.0,379.0,14.3,10.9,103.0,17.0,55,0.0,8.5
Hubballi,15.3478,75.1338,2025-12-13 00:00:00,22.4,21.4,353.0,12.4,11.9,102.0,16.6,55,0.0,8.1
Hubballi,15.3478,75.1338,2025-12-13 01:00:00,22.1,21.1,325.0,11.2,12.9,99.0,15.9,58,0.0,7.2
Hubballi,15.3478,75.1338,2025-12-13 02:00:00,21.8,20.7,311.0,10.3,13.5,95.0,14.7,64,0.0,6.5
Hubballi,15.3478,75.1338,2025-12-13 03:00:00,21.8,20.7,317.0,9.5,13.5,91.0,14.4,64,0.0,7.0
Hubballi,15.3478,75.1338,2025-12-13 04:00:00,22.1,20.9,336.0,8.9,13.2,86.0,14.1,64,0.0,6.9
Hubballi,15.3478,75.1338,2025-12-13 05:00:00,23.7,22.4,363.0,9.6,13.4,82.0,14.4,63,0.0,7.0
Hubballi,15.3478,75.1338,2025-12-13 06:00:00,25.0,23.6,411.0,11.7,13.4,80.0,13.6,66,0.0,6.3
Hubballi,15.3478,75.1338,2025-12-13 07:00:00,28.2,27.0,467.0,14.3,13.4,78.0,14.7,63,0.0,8.4
Hubballi,15.3478,75.1338,2025-12-13 08:00:00,28.6,27.7,492.0,15.1,13.4,85.0,17.8,59,0.0,7.9
Hubballi,15.3478,75.1338,2025-12-13 09:00:00,31.4,30.0,460.0,12.0,13.7,111.0,21.1,55,0.0,7.5
Hubballi,15.3478,75.1338,2025-12-13 10:00:00,29.3,27.5,397.0,7.1,14.0,146.0,23.9,45,0.0,10.8
Hubballi,15.3478,75.1338,2025-12-13 11:00:00,26.7,25.0,343.0,3.3,13.9,172.0,25.7,35,0.0,12.8
Hubballi,15.3478,75.1338,2025-12-13 12:00:00,25.2,23.7,311.0,1.7,13.1,183.0,26.5,32,0.0,12.5
Hubballi,15.3478,75.1338,2025-12-13 13:00:00,24.6,23.2,288.0,1.4,12.0,185.0,27.0,31,0.0,12.3
Hubballi,15.3478,75.1338,2025-12-13 14:00:00,24.2,22.9,280.0,2.4,11.0,182.0,27.1,31,0.0,12.2
Hubballi,15.3478,75.1338,2025-12-13 15:00:00,24.4,22.9,291.0,5.4,10.4,174.0,27.0,32,0.0,11.7
Hubballi,15.3478,75.1338,2025-12-13 16:00:00,25.0,23.5,316.0,9.7,9.9,161.0,26.4,33,0.0,11.5
Hubballi,15.3478,75.1338,2025-12-13 17:00:00,22.4,22.3,343.0,14.3,9.4,155.0,25.0,40,0.0,7.3
Hubballi,15.3478,75.1338,2025-12-13 18:00:00,28.2,28.1,374.0,18.4,9.6,138.0,22.4,46,0.0,7.3
Hubballi,15.3478,75.1338,2025-12-13 19:00:00,30.3,30.0,407.0,23.9,9.9,115.0,21.7,45,0.0,9.2
Hubballi,15.3478,75.1338,2025-12-13 20:00:00,29.0,28.8,428.0,26.7,10.4,99.0,20.3,49,0.0,8.3
Hubballi,15.3478,75.1338,2025-12-13 21:00:00,27.5,27.2,427.0,24.2,11.3,98.0,19.0,54,0.0,9.3
Hubballi,15.3478,75.1338,2025-12-13 22:00:00,26.9,26.5,413.0,18.9,12.3,106.0,17.8,57,0.0,9.3
Hubballi,15.3478,75.1338,2025-12-13 23:00:00,26.5,26.1,399.0,14.4,13.2,111.0,17.5,57,0.0,10.0
Hubballi,15.3478,75.1338,2025-12-14 00:00:00,25.6,25.1,390.0,12.0,13.8,112.0,17.3,57,0.0,10.0
Hubballi,15.3478,75.1338,2025-12-14 01:00:00,25.1,24.6,381.0,10.3,14.2,111.0,16.8,59,0.0,9.4
Hubballi,15.3478,75.1338,2025-12-14 02:00:00,24.8,24.2,374.0,9.0,14.2,109.0,16.4,60,0.0,9.1
Hubballi,15.3478,75.1338,2025-12-14 03:00:00,24.4,23.9,366.0,7.8,13.6,106.0,16.2,59,0.0,9.4
Hubballi,15.3478,75.1338,2025-12-14 04:00:00,24.0,23.4,360.0,7.0,12.6,103.0,16.0,59,0.0,9.0
Hubballi,15.3478,75.1338,2025-12-14 05:00:00,23.5,22.9,366.0,7.3,12.1,101.0,16.0,63,0.0,11.6
Hubballi,15.3478,75.1338,2025-12-14 06:00:00,23.4,22.9,400.0,9.4,11.9,98.0,15.4,69,0.0,11.0
Hubballi,15.3478,75.1338,2025-12-14 07:00:00,25.0,24.6,446.0,12.2,11.5,95.0,15.7,74,0.0,10.1
Hubballi,15.3478,75.1338,2025-12-14 08:00:00,26.4,26.0,467.0,13.2,11.4,102.0,18.3,69,0.0,8.6
Hubballi,15.3478,75.1338,2025-12-14 09:00:00,27.8,27.1,439.0,10.5,11.8,128.0,21.5,61,0.0,10.5
Hubballi,15.3478,75.1338,2025-12-14 10:00:00,27.9,27.0,385.0,6.0,12.3,163.0,23.9,50,0.0,14.6
Hubballi,15.3478,75.1338,2025-12-14 11:00:00,27.4,26.4,339.0,2.6,12.4,188.0,25.2,43,0.0,14.5
Hubballi,15.3478,75.1338,2025-12-14 12:00:00,26.7,25.4,307.0,1.3,11.6,195.0,26.0,38,0.0,13.5
Hubballi,15.3478,75.1338,2025-12-14 13:00:00,25.6,24.3,283.0,1.0,10.4,191.0,26.7,35,0.0,13.7
Hubballi,15.3478,75.1338,2025-12-14 14:00:00,25.0,23.6,274.0,2.1,9.5,184.0,26.8,35,0.0,13.1
Hubballi,15.3478,75.1338,2025-12-14 15:00:00,25.1,23.6,287.0,4.9,9.1,175.0,26.6,36,0.0,12.9
Hubballi,15.3478,75.1338,2025-12-14 16:00:00,25.6,24.0,315.0,9.0,8.8,163.0,26.1,38,0.0,12.3
Hubballi,15.3478,75.1338,2025-12-14 17:00:00,25.0,23.1,351.0,12.4,7.7,153.0,24.9,43,0.0,9.5
Hubballi,15.3478,75.1338,2025-12-14 18:00:00,31.8,29.9,400.0,18.2,8.1,135.0,22.6,50,0.0,8.3
Hubballi,15.3478,75.1338,2025-12-14 19:00:00,34.7,33.1,456.0,25.9,8.7,110.0,21.0,55,0.0,6.4
Hubballi,15.3478,75.1338,2025-12-14 20:00:00,33.4,32.1,492.0,30.1,9.4,93.0,20.2,58,0.0,7.0
Hubballi,15.3478,75.1338,2025-12-14 21:00:00,31.1,30.3,495.0,27.3,10.2,92.0,19.9,57,0.0,10.5
Hubballi,15.3478,75.1338,2025-12-14 22:00:00,29.8,29.1,478.0,21.0,11.2,98.0,18.6,61,0.0,10.1
Hubballi,15.3478,75.1338,2025-12-14 23:00:00,29.0,28.5,459.0,15.6,12.1,103.0,17.7,66,0.0,9.7
Hubballi,15.3478,75.1338,2025-12-15 00:00:00,28.3,27.7,441.0,12.8,13.1,104.0,17.2,69,0.0,9.1
Hubballi,15.3478,75.1338,2025-12-15 01:00:00,28.2,27.6,420.0,10.8,14.1,103.0,16.8,71,0.0,8.2
Hubballi,15.3478,75.1338,2025-12-15 02:00:00,28.2,27.6,404.0,9.4,14.8,101.0,16.3,73,0.0,8.1
Hubballi,15.3478,75.1338,2025-12-15 03:00:00,28.3,27.6,393.0,8.3,15.2,98.0,15.9,73,0.0,8.2
Hubballi,15.3478,75.1338,2025-12-15 04:00:00,28.3,27.6,387.0,7.6,15.4,94.0,16.1,70,0.0,8.6
Hubballi,15.3478,75.1338,2025-12-15 05:00:00,29.3,28.3,391.0,8.0,14.2,92.0,16.5,69,0.0,11.1
Hubballi,15.3478,75.1338,2025-12-15 06:00:00,29.3,28.6,416.0,10.0,14.2,87.0,16.0,74,0.0,10.4
Hubballi,15.3478,75.1338,2025-12-15 07:00:00,31.1,30.4,451.0,12.5,14.1,82.0,16.3,77,0.0,10.5
Hubballi,15.3478,75.1338,2025-12-15 08:00:00,32.1,31.5,464.0,13.3,14.1,87.0,18.8,71,0.0,9.2
Hubballi,15.3478,75.1338,2025-12-15 09:00:00,34.3,33.4,434.0,10.5,14.3,111.0,21.4,65,0.0,10.9
Hubballi,15.3478,75.1338,2025-12-15 10:00:00,36.9,35.6,383.0,6.0,14.4,145.0,23.4,56,0.0,14.6
Hubballi,15.3478,75.1338,2025-12-15 11:00:00,37.4,35.9,341.0,2.6,14.2,171.0,24.8,48,0.0,15.7
Hubballi,15.3478,75.1338,2025-12-15 12:00:00,37.0,35.3,319.0,1.4,13.1,181.0,25.5,44,0.0,15.6
Hubballi,15.3478,75.1338,2025-12-15 13:00:00,36.7,34.6,306.0,1.4,11.5,182.0,26.1,41,0.0,15.4
Hubballi,15.3478,75.1338,2025-12-15 14:00:00,36.3,34.0,302.0,2.0,10.4,180.0,26.4,40,0.0,14.8
Hubballi,15.3478,75.1338,2025-12-15 15:00:00,37.0,34.7,309.0,3.4,10.1,177.0,26.3,39,0.0,14.7
Hubballi,15.3478,75.1338,2025-12-15 16:00:00,37.8,35.5,325.0,5.4,10.1,172.0,26.0,37,0.0,14.1
Hubballi,15.3478,75.1338,2025-12-15 17:00:00,29.7,29.4,341.0,7.6,9.9,164.0,24.9,42,0.0,11.8
Hubballi,15.3478,75.1338,2025-12-15 18:00:00,31.3,31.0,355.0,10.2,9.8,149.0,22.5,48,0.0,11.4
Hubballi,15.3478,75.1338,2025-12-15 19:00:00,31.2,31.0,369.0,13.8,9.7,129.0,21.6,50,0.0,14.2
Hubballi,15.3478,75.1338,2025-12-15 20:00:00,30.3,29.9,376.0,16.0,9.9,113.0,21.1,53,0.0,16.0
Hubballi,15.3478,75.1338,2025-12-15 21:00:00,29.7,29.3,373.0,15.8,10.7,107.0,20.4,56,0.0,15.4
Hubballi,15.3478,75.1338,2025-12-15 22:00:00,29.8,29.3,364.0,14.2,11.7,105.0,19.8,56,0.0,14.5
Hubballi,15.3478,75.1338,2025-12-15 23:00:00,30.0,29.5,356.0,12.6,12.3,102.0,19.2,58,0.0,14.2
Hubballi,15.3478,75.1338,2025-12-16 00:00:00,29.9,29.2,350.0,11.4,12.1,96.0,18.5,61,0.0,14.9
Hubballi,15.3478,75.1338,2025-12-16 01:00:00,30.0,29.2,346.0,10.1,11.5,90.0,18.0,63,0.0,14.9
Hubballi,15.3478,75.1338,2025-12-16 02:00:00,30.5,29.6,351.0,8.9,10.9,86.0,17.5,68,0.0,13.9
Hubballi,15.3478,75.1338,2025-12-16 03:00:00,31.5,30.5,370.0,7.4,10.2,86.0,17.0,72,0.0,14.0
Hubballi,15.3478,75.1338,2025-12-16 04:00:00,32.8,31.5,398.0,6.0,9.5,89.0,16.5,77,0.0,13.9
Hubballi,15.3478,75.1338,2025-12-16 05:00:00,34.0,32.6,423.0,5.3,9.1,92.0,15.7,83,0.0,12.8
Hubballi,15.3478,75.1338,2025-12-16 06:00:00,35.5,34.0,445.0,6.8,9.5,88.0,15.3,87,0.0,12.2
Hubballi,15.3478,75.1338,2025-12-16 07:00:00,38.0,36.3,463.0,8.8,10.0,84.0,15.7,86,0.0,12.4
Hubballi,15.3478,75.1338,2025-12-16 08:00:00,39.7,38.1,467.0,9.6,10.8,88.0,18.4,75,0.0,11.7
Hubballi,15.3478,75.1338,2025-12-16 09:00:00,43.8,41.3,445.0,8.1,12.0,108.0,21.0,64,0.0,14.3
Hubballi,15.3478,75.1338,2025-12-16 10:00:00,45.8,43.0,408.0,5.4,13.4,136.0,23.2,56,0.0,17.4
Hubballi,15.3478,75.1338,2025-12-16 11:00:00,42.5,39.9,380.0,3.3,14.2,158.0,25.2,48,0.0,19.3
Hubballi,15.3478,75.1338,2025-12-16 12:00:00,39.5,37.5,372.0,2.3,13.8,167.0,26.1,48,0.0,19.1
Hubballi,15.3478,75.1338,2025-12-16 13:00:00,37.3,35.6,372.0,1.9,12.7,168.0,26.8,49,0.0,18.2
Hubballi,15.3478,75.1338,2025-12-16 14:00:00,35.7,34.2,375.0,2.2,11.7,167.0,27.1,49,0.0,17.5
Hubballi,15.3478,75.1338,2025-12-16 15:00:00,34.7,33.4,374.0,3.3,11.0,163.0,27.2,47,0.0,18.2
Hubballi,15.3478,75.1338,2025-12-16 16:00:00,34.5,33.2,376.0,5.0,10.4,155.0,27.1,47,0.0,16.8
Hubballi,15.3478,75.1338,2025-12-16 17:00:00,29.5,29.3,387.0,6.9,8.0,133.0,26.0,52,0.0,15.3
Hubballi,15.3478,75.1338,2025-12-16 18:00:00,31.8,31.4,417.0,8.6,8.3,126.0,24.2,58,0.0,10.3
Hubballi,15.3478,75.1338,2025-12-16 19:00:00,34.0,33.6,457.0,11.0,8.8,117.0,23.2,63,0.0,10.4
Hubballi,15.3478,75.1338,2025-12-16 20:00:00,35.6,35.0,489.0,12.6,9.3,108.0,22.6,65,0.0,11.3
Hubballi,15.3478,75.1338,2025-12-16 21:00:00,36.6,35.9,509.0,12.8,9.7,100.0,21.5,69,0.0,12.5
Hubballi,15.3478,75.1338,2025-12-16 22:00:00,37.1,36.3,521.0,12.2,10.1,93.0,20.8,71,0.0,11.9
Hubballi,15.3478,75.1338,2025-12-16 23:00:00,37.1,36.3,520.0,11.5,10.7,87.0,20.5,74,0.0,13.1
Hubballi,15.3478,75.1338,2025-12-17 00:00:00,37.0,36.0,496.0,10.7,11.6,83.0,20.4,72,0.0,14.0
Hubballi,15.3478,75.1338,2025-12-17 01:00:00,37.3,36.0,459.0,9.8,12.6,81.0,20.2,74,0.0,14.5
Hubballi,15.3478,75.1338,2025-12-17 02:00:00,37.5,36.1,430.0,8.9,13.3,80.0,19.7,77,0.0,13.1
Hubballi,15.3478,75.1338,2025-12-17 03:00:00,37.7,36.2,422.0,8.0,13.5,80.0,19.1,82,0.0,12.0
Hubballi,15.3478,75.1338,2025-12-17 04:00:00,37.7,36.0,422.0,7.1,13.4,81.0,18.9,85,0.0,12.0
Hubballi,15.3478,75.1338,2025-12-17 05:00:00,36.8,35.0,418.0,7.0,14.2,81.0,19.0,87,0.0,12.4
Hubballi,15.3478,75.1338,2025-12-17 06:00:00,36.3,34.7,408.0,7.7,13.9,80.0,18.7,89,0.0,13.5
Hubballi,15.3478,75.1338,2025-12-17 07:00:00,36.2,34.6,394.0,8.5,13.4,78.0,19.0,89,0.0,14.7
Hubballi,15.3478,75.1338,2025-12-17 08:00:00,34.7,32.9,370.0,8.6,12.7,81.0,20.8,81,0.0,14.5
Hubballi,15.3478,75.1338,2025-12-17 09:00:00,30.2,28.5,326.0,7.2,11.6,91.0,22.8,72,0.0,16.5
Hubballi,15.3478,75.1338,2025-12-17 10:00:00,23.5,22.1,271.0,5.1,10.4,105.0,24.6,63,0.0,18.4
Hubballi,15.3478,75.1338,2025-12-17 11:00:00,21.7,20.4,232.0,3.4,9.2,117.0,26.2,56,0.0,18.7
Hubballi,15.3478,75.1338,2025-12-17 12:00:00,21.0,19.7,218.0,2.5,8.2,126.0,27.0,52,0.0,19.3
Hubballi,15.3478,75.1338,2025-12-17 13:00:00,20.5,19.4,220.0,1.9,7.4,133.0,27.8,47,0.0,19.3
Hubballi,15.3478,75.1338,2025-12-17 14:00:00,20.8,19.8,233.0,2.1,6.8,137.0,28.1,43,0.0,19.1
Hubballi,15.3478,75.1338,2025-12-17 15:00:00,21.1,20.1,262.0,3.1,6.6,138.0,27.9,44,0.0,18.4
Hubballi,15.3478,75.1338,2025-12-17 16:00:00,22.3,21.4,304.0,4.8,6.6,135.0,27.4,45,0.0,17.8
Hubballi,15.3478,75.1338,2025-12-17 17:00:00,18.3,18.2,342.0,6.8,6.6,129.0,26.3,50,0.0,14.7
Hubballi,15.3478,75.1338,2025-12-17 18:00:00,20.3,20.3,376.0,9.5,6.9,118.0,24.3,55,0.0,12.7
Hubballi,15.3478,75.1338,2025-12-17 19:00:00,22.1,22.0,407.0,13.2,7.4,103.0,23.1,58,0.0,13.8
Hubballi,15.3478,75.1338,2025-12-17 20:00:00,23.0,22.9,424.0,15.7,7.9,91.0,22.3,59,0.0,15.4
Hubballi,15.3478,75.1338,2025-12-17 21:00:00,23.3,23.3,418.0,16.1,8.6,85.0,21.6,60,0.0,15.2
Hubballi,15.3478,75.1338,2025-12-17 22:00:00,23.6,23.5,399.0,15.5,9.3,81.0,20.8,61,0.0,14.7
Hubballi,15.3478,75.1338,2025-12-17 23:00:00,23.3,23.2,383.0,14.5,9.8,78.0,20.5,63,0.0,14.1
Hubballi,15.3478,75.1338,2025-12-18 00:00:00,22.6,22.4,375.0,13.4,9.9,75.0,19.9,63,0.0,13.7
Hubballi,15.3478,75.1338,2025-12-18 01:00:00,22.2,21.8,370.0,11.9,9.9,72.0,19.1,65,0.0,12.8
Hubballi,15.3478,75.1338,2025-12-18 02:00:00,21.9,21.5,368.0,10.8,9.8,69.0,18.2,68,0.0,11.2
Hubballi,15.3478,75.1338,2025-12-18 03:00:00,21.9,21.4,369.0,9.9,9.8,66.0,17.3,72,0.0,10.7
Hubballi,15.3478,75.1338,2025-12-18 04:00:00,22.1,21.4,374.0,9.4,9.8,63.0,16.7,74,0.0,11.0
Hubballi,15.3478,75.1338,2025-12-18 05:00:00,22.2,21.4,386.0,9.8,9.7,59.0,16.5,76,0.0,10.5
Hubballi,15.3478,75.1338,2025-12-18 06:00:00,23.2,22.2,415.0,11.4,10.0,55.0,15.9,79,0.0,10.6
Hubballi,15.3478,75.1338,2025-12-18 07:00:00,26.2,25.0,452.0,13.5,10.4,51.0,16.1,79,0.0,12.1
Hubballi,15.3478,75.1338,2025-12-18 08:00:00,29.0,27.8,469.0,13.9,11.1,58.0,18.6,70,0.0,11.2
Hubballi,15.3478,75.1338,2025-12-18 09:00:00,36.6,34.5,450.0,11.2,12.4,88.0,21.2,58,0.0,12.4
Hubballi,15.3478,75.1338,2025-12-18 10:00:00,44.2,41.3,411.0,6.8,13.9,130.0,23.6,48,0.0,15.1
Hubballi,15.3478,75.1338,2025-12-18 11:00:00,47.5,44.4,379.0,3.5,14.7,162.0,25.6,40,0.0,16.4
Hubballi,15.3478,75.1338,2025-12-18 12:00:00,46.3,43.3,362.0,2.1,14.0,174.0,26.6,37,0.0,16.3
Hubballi,15.3478,75.1338,2025-12-18 13:00:00,44.1,41.2,351.0,1.8,12.5,175.0,27.4,34,0.0,16.8
Hubballi,15.3478,75.1338,2025-12-18 14:00:00,40.7,38.1,345.0,2.3,11.2,171.0,28.0,29,0.0,16.7
Hubballi,15.3478,75.1338,2025-12-18 15:00:00,37.6,35.2,342.0,3.8,10.4,164.0,28.0,26,0.0,16.2
Hubballi,15.3478,75.1338,2025-12-18 16:00:00,35.3,33.2,345.0,6.1,9.8,152.0,27.4,25,0.0,14.7
Hubballi,15.3478,75.1338,2025-12-18 17:00:00,29.4,28.3,361.0,9.4,8.9,149.0,25.9,30,0.0,9.2
Hubballi,15.3478,75.1338,2025-12-18 18:00:00,31.9,31.0,402.0,12.5,9.1,135.0,22.6,37,0.0,7.1
Hubballi,15.3478,75.1338,2025-12-18 19:00:00,33.4,32.5,456.0,16.7,9.5,115.0,21.2,41,0.0,9.0
Hubballi,15.3478,75.1338,2025-12-18 20:00:00,35.2,34.2,498.0,19.2,10.0,101.0,20.1,42,0.0,11.2
Hubballi,15.3478,75.1338,2025-12-18 21:00:00,37.6,36.4,515.0,18.7,10.9,98.0,19.5,43,0.0,11.2
Hubballi,15.3478,75.1338,2025-12-18 22:00:00,40.4,39.1,519.0,16.5,11.9,100.0,18.6,45,0.0,9.6
Hubballi,15.3478,75.1338,2025-12-18 23:00:00,42.8,41.3,522.0,14.4,12.8,102.0,18.2,49,0.0,9.9
Hubballi,15.3478,75.1338,2025-12-19 00:00:00,44.0,42.4,526.0,12.8,13.4,101.0,17.4,53,0.0,8.5
Hubballi,15.3478,75.1338,2025-12-19 01:00:00,45.2,43.3,529.0,11.3,13.8,99.0,17.0,53,0.0,8.8
Hubballi,15.3478,75.1338,2025-12-19 02:00:00,45.8,43.9,534.0,9.9,14.0,97.0,16.5,53,0.0,8.6
Hubballi,15.3478,75.1338,2025-12-19 03:00:00,45.5,43.9,546.0,8.6,14.0,95.0,15.5,58,0.0,12.5
Hubballi,15.3478,75.1338,2025-12-19 04:00:00,43.4,42.0,560.0,7.5,13.7,92.0,15.0,63,0.0,13.5
Hubballi,15.3478,75.1338,2025-12-19 05:00:00,38.5,37.6,563.0,7.6,13.1,87.0,14.8,62,0.0,13.0
Hubballi,15.3478,75.1338,2025-12-19 06:00:00,32.0,31.3,555.0,9.2,12.1,79.0,14.3,63,0.0,13.3
Hubballi,15.3478,75.1338,2025-12-19 07:00:00,27.8,27.2,536.0,11.4,10.7,68.0,14.8,62,0.0,15.2
Hubballi,15.3478,75.1338,2025-12-19 08:00:00,25.9,25.5,497.0,12.0,9.9,67.0,17.4,57,0.0,14.9
Hubballi,15.3478,75.1338,2025-12-19 09:00:00,26.3,25.6,422.0,9.7,10.5,85.0,20.6,50,0.0,16.4
Hubballi,15.3478,75.1338,2025-12-19 10:00:00,26.4,25.3,327.0,6.0,11.8,113.0,23.5,43,0.0,20.1
Hubballi,15.3478,75.1338,2025-12-19 11:00:00,21.0,20.1,252.0,3.1,12.5,134.0,25.3,34,0.0,21.7
Hubballi,15.3478,75.1338,2025-12-19 12:00:00,17.8,17.1,212.0,1.9,12.0,143.0,26.0,32,0.0,20.0
Hubballi,15.3478,75.1338,2025-12-19 13:00:00,15.9,15.3,193.0,1.6,10.9,145.0,26.7,29,0.0,18.6
Hubballi,15.3478,75.1338,2025-12-19 14:00:00,14.9,14.3,187.0,2.2,10.0,144.0,27.1,25,0.0,18.1
Hubballi,15.3478,75.1338,2025-12-19 15:00:00,14.3,13.5,194.0,3.6,9.5,140.0,26.8,25,0.0,17.3
Hubballi,15.3478,75.1338,2025-12-19 16:00:00,14.0,13.1,214.0,5.8,9.1,133.0,26.2,26,0.0,16.1
Hubballi,15.3478,75.1338,2025-12-19 17:00:00,22.6,21.0,244.0,8.8,9.4,123.0,25.0,30,0.0,10.9
Hubballi,15.3478,75.1338,2025-12-19 18:00:00,23.5,22.0,290.0,12.4,9.3,110.0,22.3,37,0.0,9.3
Hubballi,15.3478,75.1338,2025-12-19 19:00:00,23.6,22.4,345.0,17.4,9.2,92.0,20.7,42,0.0,10.2
Hubballi,15.3478,75.1338,2025-12-19 20:00:00,23.1,22.0,382.0,20.8,9.3,78.0,19.7,42,0.0,10.7
Hubballi,15.3478,75.1338,2025-12-19 21:00:00,22.4,21.2,386.0,21.2,9.7,73.0,18.7,42,0.0,8.4
Hubballi,15.3478,75.1338,2025-12-19 22:00:00,22.2,21.1,371.0,20.2,10.2,73.0,17.7,43,0.0,7.0
Hubballi,15.3478,75.1338,2025-12-19 23:00:00,22.1,20.9,354.0,19.0,10.6,72.0,17.2,44,0.0,7.1
Hubballi,15.3478,75.1338,2025-12-20 00:00:00,21.6,20.2,336.0,18.3,10.8,69.0,16.5,46,0.0,7.4
Hubballi,15.3478,75.1338,2025-12-20 01:00:00,21.4,19.8,317.0,17.5,10.8,66.0,15.9,49,0.0,7.1
Hubballi,15.3478,75.1338,2025-12-20 02:00:00,21.3,19.7,311.0,16.6,10.8,64.0,15.1,52,0.0,6.4
Hubballi,15.3478,75.1338,2025-12-20 03:00:00,22.2,20.5,322.0,15.2,10.7,63.0,15.2,52,0.0,6.5
Hubballi,15.3478,75.1338,2025-12-20 04:00:00,22.1,20.5,346.0,13.6,10.6,64.0,15.0,53,0.0,10.5
Hubballi,15.3478,75.1338,2025-12-20 05:00:00,22.9,21.4,384.0,12.3,10.2,65.0,15.0,56,0.0,11.9
Hubballi,15.3478,75.1338,2025-12-20 06:00:00,22.9,21.6,461.0,13.5,10.0,62.0,14.2,60,0.0,13.2
Hubballi,15.3478,75.1338,2025-12-20 07:00:00,24.3,23.2,552.0,14.9,9.8,58.0,14.3,60,0.0,13.9
Hubballi,15.3478,75.1338,2025-12-20 08:00:00,22.1,21.3,586.0,14.7,9.9,63.0,16.9,56,0.0,12.6
Hubballi,15.3478,75.1338,2025-12-20 09:00:00,22.2,20.8,511.0,11.3,10.5,84.0,20.1,48,0.0,13.1
Hubballi,15.3478,75.1338,2025-12-20 10:00:00,21.7,19.8,379.0,6.3,11.4,113.0,23.0,40,0.0,16.0
Hubballi,15.3478,75.1338,2025-12-20 11:00:00,18.8,17.2,277.0,2.6,11.8,136.0,24.9,33,0.0,17.4
Hubballi,15.3478,75.1338,2025-12-20 12:00:00,17.5,16.2,239.0,1.3,11.2,147.0,25.7,32,0.0,16.9
Hubballi,15.3478,75.1338,2025-12-20 13:00:00,17.0,15.9,230.0,1.3,10.1,151.0,26.3,30,0.0,16.0
Hubballi,15.3478,75.1338,2025-12-20 14:00:00,16.7,15.7,233.0,2.1,9.3,151.0,26.5,29,0.0,15.1
Hubballi,15.3478,75.1338,2025-12-20 15:00:00,16.7,15.8,245.0,3.8,8.9,148.0,26.6,28,0.0,15.4
Hubballi,15.3478,75.1338,2025-12-20 16:00:00,16.8,16.0,270.0,6.4,8.8,141.0,26.1,27,0.0,14.4
Hubballi,15.3478,75.1338,2025-12-20 17:00:00,20.3,19.3,296.0,9.1,10.3,135.0,24.9,32,0.0,10.1
Hubballi,15.3478,75.1338,2025-12-20 18:00:00,22.6,21.8,326.0,12.9,10.6,121.0,22.0,40,0.0,8.6
Hubballi,15.3478,75.1338,2025-12-20 19:00:00,24.0,23.3,358.0,18.1,11.1,103.0,20.8,42,0.0,11.3
Hubballi,15.3478,75.1338,2025-12-20 20:00:00,24.6,24.0,379.0,21.5,11.7,88.0,19.8,42,0.0,11.0
Hubballi,15.3478,75.1338,2025-12-20 21:00:00,25.2,24.6,379.0,21.6,12.5,82.0,19.0,43,0.0,10.6
Hubballi,15.3478,75.1338,2025-12-20 22:00:00,26.3,25.5,368.0,20.0,13.4,81.0,18.3,44,0.0,10.8
Hubballi,15.3478,75.1338,2025-12-20 23:00:00,27.0,26.1,356.0,18.2,14.0,80.0,17.4,49,0.0,9.0
Hubballi,15.3478,75.1338,2025-12-21 00:00:00,27.1,26.1,344.0,16.7,14.0,77.0,16.7,52,0.0,8.7
Hubballi,15.3478,75.1338,2025-12-21 01:00:00,27.8,26.6,332.0,15.1,13.7,74.0,16.4,53,0.0,9.2
Hubballi,15.3478,75.1338,2025-12-21 02:00:00,29.3,27.9,326.0,13.3,13.2,73.0,15.9,54,0.0,8.3
Hubballi,15.3478,75.1338,2025-12-21 03:00:00,32.1,30.5,328.0,11.0,12.5,76.0,15.8,55,0.0,8.9
Hubballi,15.3478,75.1338,2025-12-21 04:00:00,36.0,34.2,337.0,8.7,11.7,82.0,15.1,59,0.0,7.6
Hubballi,15.3478,75.1338,2025-12-21 05:00:00,38.9,36.9,353.0,8.5,11.1,81.0,14.8,65,0.0,8.6
Hubballi,15.3478,75.1338,2025-12-21 06:00:00,41.9,40.0,389.0,10.8,11.0,78.0,14.2,68,0.0,9.8
Hubballi,15.3478,75.1338,2025-12-21 07:00:00,45.9,44.0,433.0,13.7,11.0,76.0,15.0,68,0.0,10.9
Hubballi,15.3478,75.1338,2025-12-21 08:00:00,48.1,46.7,451.0,14.7,11.3,83.0,18.1,62,0.0,9.2
Hubballi,15.3478,75.1338,2025-12-21 09:00:00,53.3,51.1,419.0,11.6,12.3,108.0,21.5,57,0.0,11.0
Hubballi,15.3478,75.1338,2025-12-21 10:00:00,53.2,50.3,362.0,6.6,13.6,142.0,23.6,43,0.0,17.0
Hubballi,15.3478,75.1338,2025-12-21 11:00:00,51.5,48.7,319.0,2.8,14.4,168.0,24.6,41,0.0,17.3
Hubballi,15.3478,75.1338,2025-12-21 12:00:00,50.2,47.6,308.0,1.5,14.3,180.0,25.4,38,0.0,16.2
Hubballi,15.3478,75.1338,2025-12-21 13:00:00,49.1,46.8,312.0,1.5,13.7,183.0,26.1,36,0.0,14.9
Hubballi,15.3478,75.1338,2025-12-21 14:00:00,47.8,45.6,321.0,2.4,13.2,183.0,26.4,39,0.0,12.3
Hubballi,15.3478,75.1338,2025-12-21 15:00:00,47.5,45.2,332.0,4.0,12.9,180.0,26.4,41,0.0,11.0
Hubballi,15.3478,75.1338,2025-12-21 16:00:00,46.8,44.6,348.0,6.5,12.7,173.0,26.0,41,0.0,11.9
Hubballi,15.3478,75.1338,2025-12-21 17:00:00,44.8,43.2,367.0,8.3,12.0,162.0,25.0,44,0.0,11.3
Hubballi,15.3478,75.1338,2025-12-21 18:00:00,48.0,46.3,393.0,12.1,11.7,145.0,22.7,49,0.0,11.6
Hubballi,15.3478,75.1338,2025-12-21 19:00:00,48.7,47.3,423.0,17.2,11.2,121.0,21.6,53,0.0,10.0
Hubballi,15.3478,75.1338,2025-12-21 20:00:00,47.1,46.0,444.0,20.4,11.1,103.0,20.9,56,0.0,10.3
Hubballi,15.3478,75.1338,2025-12-21 21:00:00,46.1,45.1,449.0,19.8,11.5,96.0,20.4,56,0.0,13.5
Hubballi,15.3478,75.1338,2025-12-21 22:00:00,46.2,45.2,446.0,17.3,12.2,94.0,20.1,58,0.0,11.4
Hubballi,15.3478,75.1338,2025-12-21 23:00:00,46.4,45.4,444.0,14.8,12.7,92.0,19.4,64,0.0,8.0
Hubballi,15.3478,75.1338,2025-12-22 00:00:00,46.2,45.2,448.0,13.1,12.9,89.0,18.1,70,0.0,10.3
Hubballi,15.3478,75.1338,2025-12-22 01:00:00,46.3,45.2,453.0,11.4,12.9,85.0,17.6,74,0.0,11.2
Hubballi,15.3478,75.1338,2025-12-22 02:00:00,46.7,45.4,459.0,10.0,12.8,83.0,16.7,78,0.0,10.4
Hubballi,15.3478,75.1338,2025-12-22 03:00:00,47.3,45.9,464.0,8.6,12.6,82.0,16.2,80,0.0,8.4
Hubballi,15.3478,75.1338,2025-12-22 04:00:00,48.0,46.4,468.0,7.4,12.3,82.0,15.9,81,0.0,7.1
Hubballi,15.3478,75.1338,2025-12-22 05:00:00,48.9,47.0,474.0,7.6,11.0,81.0,15.9,79,0.0,9.1
Hubballi,15.3478,75.1338,2025-12-22 06:00:00,50.1,48.1,487.0,9.9,10.6,76.0,15.5,82,0.0,10.1
Hubballi,15.3478,75.1338,2025-12-22 07:00:00,52.6,50.6,501.0,13.0,10.0,70.0,15.8,82,0.0,10.7
Hubballi,15.3478,75.1338,2025-12-22 08:00:00,53.0,51.3,498.0,14.1,9.9,75.0,18.6,74,0.0,9.6
Hubballi,15.3478,75.1338,2025-12-22 09:00:00,56.5,53.9,463.0,11.2,10.6,99.0,21.7,65,0.0,12.0
Hubballi,15.3478,75.1338,2025-12-22 10:00:00,60.5,57.4,412.0,6.4,11.7,134.0,23.5,54,0.0,16.2
Hubballi,15.3478,75.1338,2025-12-22 11:00:00,58.7,55.8,375.0,2.8,12.5,161.0,24.7,49,0.0,17.7
Hubballi,15.3478,75.1338,2025-12-22 12:00:00,56.1,53.6,367.0,1.7,12.7,175.0,25.5,47,0.0,17.0
Hubballi,15.3478,75.1338,2025-12-22 13:00:00,53.8,51.6,374.0,1.7,12.5,182.0,26.1,47,0.0,16.3
Hubballi,15.3478,75.1338,2025-12-22 14:00:00,52.4,50.3,385.0,2.4,12.4,185.0,26.6,44,0.0,15.6
Hubballi,15.3478,75.1338,2025-12-22 15:00:00,52.0,50.1,393.0,3.5,12.5,184.0,26.5,43,0.0,15.1
Hubballi,15.3478,75.1338,2025-12-22 16:00:00,51.9,49.9,405.0,5.2,12.5,179.0,25.8,45,0.0,14.5
Hubballi,15.3478,75.1338,2025-12-22 17:00:00,39.6,38.6,426.0,7.2,12.2,167.0,24.8,48,0.0,12.6
Hubballi,15.3478,75.1338,2025-12-22 18:00:00,41.2,40.3,468.0,10.3,11.8,150.0,22.7,56,0.0,10.9
Hubballi,15.3478,75.1338,2025-12-22 19:00:00,41.6,40.9,521.0,14.5,11.3,127.0,21.7,61,0.0,12.0
Hubballi,15.3478,75.1338,2025-12-22 20:00:00,40.7,40.2,553.0,17.3,10.9,108.0,20.9,63,0.0,12.3
Hubballi,15.3478,75.1338,2025-12-22 21:00:00,39.9,39.3,548.0,17.4,10.8,98.0,20.1,63,0.0,12.8
Hubballi,15.3478,75.1338,2025-12-22 22:00:00,39.9,39.2,523.0,16.2,10.9,92.0,19.5,65,0.0,12.4
Hubballi,15.3478,75.1338,2025-12-22 23:00:00,39.9,39.2,504.0,14.8,10.9,87.0,19.2,68,0.0,12.2
Hubballi,15.3478,75.1338,2025-12-23 00:00:00,39.7,39.0,504.0,13.7,10.7,81.0,18.5,71,0.0,10.6
Hubballi,15.3478,75.1338,2025-12-23 01:00:00,39.9,39.1,511.0,12.5,10.5,76.0,17.7,73,0.0,10.7
Hubballi,15.3478,75.1338,2025-12-23 02:00:00,40.4,39.5,508.0,11.6,10.3,71.0,17.3,73,0.0,10.5
Hubballi,15.3478,75.1338,2025-12-23 03:00:00,40.9,39.9,483.0,10.8,10.1,67.0,16.7,74,0.0,10.0
Hubballi,15.3478,75.1338,2025-12-23 04:00:00,41.4,40.4,449.0,10.2,10.0,64.0,16.3,75,0.0,10.6
Hubballi,15.3478,75.1338,2025-12-23 05:00:00,40.5,39.5,429.0,9.4,10.1,66.0,16.0,75,0.0,11.0
Hubballi,15.3478,75.1338,2025-12-23 06:00:00,40.5,39.6,441.0,11.8,9.9,61.0,15.6,79,0.0,9.2
Hubballi,15.3478,75.1338,2025-12-23 07:00:00,41.9,40.9,466.0,15.0,9.7,56.0,15.9,80,0.0,9.1
Hubballi,15.3478,75.1338,2025-12-23 08:00:00,41.8,41.1,475.0,16.0,9.8,61.0,18.6,73,0.0,7.4
Hubballi,15.3478,75.1338,2025-12-23 09:00:00,41.9,40.7,447.0,12.6,10.8,87.0,21.6,68,0.0,8.8
Hubballi,15.3478,75.1338,2025-12-23 10:00:00,43.5,41.8,403.0,7.1,12.1,123.0,23.8,52,0.0,14.9
Hubballi,15.3478,75.1338,2025-12-23 11:00:00,42.1,40.6,369.0,2.9,12.9,152.0,24.9,47,0.0,15.5
Hubballi,15.3478,75.1338,2025-12-23 12:00:00,40.0,38.6,360.0,1.5,12.7,165.0,25.6,45,0.0,14.8
Hubballi,15.3478,75.1338,2025-12-23 13:00:00,37.8,36.7,362.0,1.5,11.9,171.0,26.3,45,0.0,14.0
Hubballi,15.3478,75.1338,2025-12-23 14:00:00,35.9,34.8,361.0,2.3,11.2,171.0,26.7,41,0.0,13.6
Hubballi,15.3478,75.1338,2025-12-23 15:00:00,34.6,33.6,348.0,3.9,10.8,167.0,26.7,38,0.0,13.8
Hubballi,15.3478,75.1338,2025-12-23 16:00:00,33.8,32.8,332.0,6.2,10.4,159.0,26.2,39,0.0,13.3
Hubballi,15.3478,75.1338,2025-12-23 17:00:00,33.2,32.4,332.0,8.1,10.0,152.0,25.3,41,0.0,11.1
Hubballi,15.3478,75.1338,2025-12-23 18:00:00,37.1,36.3,364.0,11.8,9.9,136.0,23.0,47,0.0,9.4
Hubballi,15.3478,75.1338,2025-12-23 19:00:00,38.6,38.1,413.0,16.9,9.7,113.0,22.0,48,0.0,11.7
Hubballi,15.3478,75.1338,2025-12-23 20:00:00,38.8,38.2,448.0,20.1,9.8,96.0,20.7,51,0.0,9.9
Hubballi,15.3478,75.1338,2025-12-23 21:00:00,39.1,38.5,457.0,19.7,10.3,90.0,19.3,56,0.0,10.1
Hubballi,15.3478,75.1338,2025-12-23 22:00:00,40.3,39.6,453.0,17.3,11.1,91.0,18.6,60,0.0,10.4
Hubballi,15.3478,75.1338,2025-12-23 23:00:00,41.3,40.6,446.0,15.0,11.8,91.0,18.3,63,0.0,9.5
Hubballi,15.3478,75.1338,2025-12-24 00:00:00,41.8,40.9,436.0,13.2,12.3,90.0,17.7,65,0.0,8.4
Hubballi,15.3478,75.1338,2025-12-24 01:00:00,42.5,41.6,424.0,11.5,12.8,90.0,17.3,65,0.0,8.8
Hubballi,15.3478,75.1338,2025-12-24 02:00:00,43.4,42.4,417.0,10.2,13.1,88.0,16.9,65,0.0,9.6
Hubballi,15.3478,75.1338,2025-12-24 03:00:00,44.5,43.2,419.0,9.3,13.1,84.0,16.5,65,0.0,10.1
Hubballi,15.3478,75.1338,2025-12-24 04:00:00,45.3,44.0,426.0,8.8,12.9,79.0,16.2,64,0.0,10.4
Hubballi,15.3478,75.1338,2025-12-24 05:00:00,44.1,43.0,440.0,7.4,14.4,86.0,15.6,70,0.0,9.4
Hubballi,15.3478,75.1338,2025-12-24 06:00:00,44.9,43.8,470.0,10.1,14.5,80.0,14.8,74,0.0,9.4
Hubballi,15.3478,75.1338,2025-12-24 07:00:00,47.5,46.3,506.0,13.6,14.6,74.0,15.1,74,0.0,9.8
Hubballi,15.3478,75.1338,2025-12-24 08:00:00,48.1,47.3,519.0,14.9,14.7,78.0,18.1,65,0.0,6.9
Hubballi,15.3478,75.1338,2025-12-24 09:00:00,49.7,48.5,486.0,11.9,15.0,102.0,21.3,58,0.0,9.0
Hubballi,15.3478,75.1338,2025-12-24 10:00:00,48.2,46.7,429.0,6.7,15.3,138.0,23.6,46,0.0,15.2
Hubballi,15.3478,75.1338,2025-12-24 11:00:00,46.1,44.7,386.0,2.8,15.2,165.0,24.6,43,0.0,14.9
Hubballi,15.3478,75.1338,2025-12-24 12:00:00,45.6,44.2,374.0,1.4,14.3,178.0,25.3,40,0.0,14.1
Hubballi,15.3478,75.1338,2025-12-24 13:00:00,44.9,43.7,375.0,1.4,12.9,183.0,25.9,40,0.0,12.5
Hubballi,15.3478,75.1338,2025-12-24 14:00:00,44.5,43.2,381.0,2.3,11.8,184.0,26.2,40,0.0,10.7
Hubballi,15.3478,75.1338,2025-12-24 15:00:00,44.9,43.7,386.0,4.3,11.2,181.0,26.2,41,0.0,10.5
Hubballi,15.3478,75.1338,2025-12-24 16:00:00,45.4,44.1,395.0,7.4,10.8,174.0,25.8,41,0.0,11.0
Hubballi,15.3478,75.1338,2025-12-24 17:00:00,34.1,33.6,412.0,9.3,10.6,162.0,24.9,44,0.0,10.7
Hubballi,15.3478,75.1338,2025-12-24 18:00:00,39.1,38.5,446.0,13.2,10.6,146.0,22.6,50,0.0,10.3
Hubballi,15.3478,75.1338,2025-12-24 19:00:00,40.5,40.2,488.0,18.5,10.5,124.0,21.5,53,0.0,10.5
Hubballi,15.3478,75.1338,2025-12-24 20:00:00,40.2,39.8,521.0,21.6,10.5,107.0,20.8,56,0.0,9.8
Hubballi,15.3478,75.1338,2025-12-24 21:00:00,40.0,39.7,540.0,20.7,10.6,99.0,20.1,60,0.0,11.4
Hubballi,15.3478,75.1338,2025-12-24 22:00:00,40.6,40.3,551.0,17.6,10.8,95.0,18.9,65,0.0,11.6
Hubballi,15.3478,75.1338,2025-12-24 23:00:00,41.1,40.7,548.0,14.7,10.9,92.0,18.3,67,0.0,11.7
Hubballi,15.3478,75.1338,2025-12-25 00:00:00,41.2,40.7,524.0,12.6,11.0,89.0,17.5,70,0.0,10.1
Hubballi,15.3478,75.1338,2025-12-25 01:00:00,41.8,41.3,487.0,10.6,11.1,87.0,17.0,71,0.0,9.1
Hubballi,15.3478,75.1338,2025-12-25 02:00:00,42.7,42.0,458.0,9.1,11.2,84.0,16.3,72,0.0,7.9
Hubballi,15.3478,75.1338,2025-12-25 03:00:00,43.8,43.0,445.0,8.1,11.2,80.0,15.7,73,0.0,6.7
Hubballi,15.3478,75.1338,2025-12-25 04:00:00,44.8,44.0,439.0,7.7,11.3,76.0,15.1,74,0.0,5.8
Hubballi,15.3478,75.1338,2025-12-25 05:00:00,45.9,45.1,444.0,8.9,10.5,69.0,15.1,73,0.0,6.2
Hubballi,15.3478,75.1338,2025-12-25 06:00:00,46.8,45.9,471.0,11.3,10.1,65.0,14.7,75,0.0,6.4
Hubballi,15.3478,75.1338,2025-12-25 07:00:00,48.9,48.0,507.0,14.4,9.6,62.0,15.1,74,0.0,9.7
Hubballi,15.3478,75.1338,2025-12-25 08:00:00,49.0,48.3,516.0,15.3,9.3,68.0,17.9,66,0.0,7.8
Hubballi,15.3478,75.1338,2025-12-25 09:00:00,49.7,48.3,471.0,11.9,9.4,95.0,21.4,58,0.0,10.9
Hubballi,15.3478,75.1338,2025-12-25 10:00:00,50.2,48.2,400.0,6.3,9.7,131.0,23.4,44,0.0,15.0
Hubballi,15.3478,75.1338,2025-12-25 11:00:00,47.1,45.2,345.0,2.2,9.7,159.0,24.7,40,0.0,13.6
Hubballi,15.3478,75.1338,2025-12-25 12:00:00,43.8,41.8,326.0,0.9,9.2,169.0,25.5,37,0.0,12.5
Hubballi,15.3478,75.1338,2025-12-25 13:00:00,41.6,39.6,324.0,0.9,8.4,171.0,26.1,37,0.0,10.8
Hubballi,15.3478,75.1338,2025-12-25 14:00:00,40.0,38.1,328.0,1.9,7.8,169.0,26.4,37,0.0,8.9
Hubballi,15.3478,75.1338,2025-12-25 15:00:00,39.3,37.4,336.0,3.5,7.7,166.0,26.3,40,0.0,8.5
Hubballi,15.3478,75.1338,2025-12-25 16:00:00,38.4,36.4,351.0,6.1,7.8,160.0,25.8,41,0.0,10.7
Hubballi,15.3478,75.1338,2025-12-25 17:00:00,38.8,37.3,371.0,8.1,8.8,155.0,24.8,44,0.0,11.2
Hubballi,15.3478,75.1338,2025-12-25 18:00:00,43.4,42.0,402.0,12.5,9.0,139.0,22.6,50,0.0,8.9
Hubballi,15.3478,75.1338,2025-12-25 19:00:00,44.6,43.3,439.0,18.6,9.3,117.0,21.3,54,0.0,9.5
Hubballi,15.3478,75.1338,2025-12-25 20:00:00,42.3,41.3,461.0,22.3,9.8,99.0,20.4,54,0.0,9.9
Hubballi,15.3478,75.1338,2025-12-25 21:00:00,39.7,39.0,453.0,21.6,10.5,91.0,19.4,56,0.0,9.8
Hubballi,15.3478,75.1338,2025-12-25 22:00:00,38.0,37.3,431.0,18.7,11.4,88.0,18.6,59,0.0,10.8
Hubballi,15.3478,75.1338,2025-12-25 23:00:00,36.2,35.5,421.0,16.0,12.1,85.0,18.1,67,0.0,10.7
Hubballi,15.3478,75.1338,2025-12-26 00:00:00,34.3,33.6,442.0,14.4,12.5,80.0,17.2,73,0.0,7.4
Hubballi,15.3478,75.1338,2025-12-26 01:00:00,33.2,32.4,476.0,13.1,12.7,74.0,16.6,77,0.0,7.4
Hubballi,15.3478,75.1338,2025-12-26 02:00:00,32.2,31.4,494.0,12.0,12.8,69.0,16.2,79,0.0,8.4
Hubballi,15.3478,75.1338,2025-12-26 03:00:00,31.7,30.7,477.0,11.1,12.7,65.0,15.8,80,0.0,6.6
Hubballi,15.3478,75.1338,2025-12-26 04:00:00,31.2,30.3,445.0,10.4,12.5,63.0,15.5,80,0.0,7.4
Hubballi,15.3478,75.1338,2025-12-26 05:00:00,30.9,29.9,427.0,9.9,9.8,63.0,15.7,75,0.0,9.2
Hubballi,15.3478,75.1338,2025-12-26 06:00:00,31.0,30.0,444.0,11.8,10.1,60.0,15.3,78,0.0,8.4
Hubballi,15.3478,75.1338,2025-12-26 07:00:00,32.7,31.9,475.0,14.2,10.5,56.0,15.7,79,0.0,9.5
Hubballi,15.3478,75.1338,2025-12-26 08:00:00,34.2,33.6,483.0,14.7,10.6,61.0,18.5,75,0.0,8.3
Hubballi,15.3478,75.1338,2025-12-26 09:00:00,39.7,38.5,444.0,11.5,10.1,83.0,21.3,70,0.0,10.5
Hubballi,15.3478,75.1338,2025-12-26 10:00:00,40.6,39.3,382.0,6.3,9.3,114.0,23.7,60,0.0,13.9
Hubballi,15.3478,75.1338,2025-12-26 11:00:00,35.9,34.6,335.0,2.5,8.5,138.0,25.2,52,0.0,15.3
Hubballi,15.3478,75.1338,2025-12-26 12:00:00,32.8,31.7,318.0,1.2,7.7,149.0,25.8,49,0.0,13.6
Hubballi,15.3478,75.1338,2025-12-26 13:00:00,32.5,31.3,316.0,1.2,6.9,154.0,26.4,47,0.0,12.2
Hubballi,15.3478,75.1338,2025-12-26 14:00:00,32.4,31.3,317.0,2.1,6.3,156.0,26.8,45,0.0,11.2
Hubballi,15.3478,75.1338,2025-12-26 15:00:00,32.7,31.7,317.0,3.8,6.2,156.0,26.8,45,0.0,11.1
Hubballi,15.3478,75.1338,2025-12-26 16:00:00,33.3,32.2,320.0,6.2,6.4,152.0,26.3,46,0.0,12.2
Hubballi,15.3478,75.1338,2025-12-26 17:00:00,30.0,29.0,328.0,7.7,5.7,141.0,25.9,47,0.0,11.7
Hubballi,15.3478,75.1338,2025-12-26 18:00:00,35.2,34.3,344.0,11.3,6.1,129.0,23.7,53,0.0,11.0
Hubballi,15.3478,75.1338,2025-12-26 19:00:00,36.9,36.2,366.0,16.2,6.8,113.0,22.9,55,0.0,11.7
Hubballi,15.3478,75.1338,2025-12-26 20:00:00,35.6,34.9,388.0,19.2,7.4,100.0,21.8,58,0.0,9.9
Hubballi,15.3478,75.1338,2025-12-26 21:00:00,34.0,33.4,412.0,18.4,8.1,94.0,20.8,63,0.0,11.0
Hubballi,15.3478,75.1338,2025-12-26 22:00:00,33.4,32.8,435.0,15.7,8.7,92.0,20.0,68,0.0,11.0
Hubballi,15.3478,75.1338,2025-12-26 23:00:00,33.1,32.5,450.0,13.3,9.2,89.0,19.6,70,0.0,10.6
Hubballi,15.3478,75.1338,2025-12-27 00:00:00,32.6,31.9,449.0,11.9,9.4,85.0,19.1,70,0.0,9.6
Hubballi,15.3478,75.1338,2025-12-27 01:00:00,32.6,31.9,439.0,10.7,9.4,82.0,18.4,71,0.0,9.7
Hubballi,15.3478,75.1338,2025-12-27 02:00:00,32.9,32.1,430.0,9.8,9.4,78.0,17.9,70,0.0,9.9
Hubballi,15.3478,75.1338,2025-12-27 03:00:00,33.5,32.6,424.0,9.1,9.3,74.0,17.6,69,0.0,10.5
Hubballi,15.3478,75.1338,2025-12-27 04:00:00,34.3,33.3,420.0,8.7,9.1,70.0,16.8,70,0.0,8.5
Hubballi,15.3478,75.1338,2025-12-27 05:00:00,35.5,34.3,425.0,8.7,8.8,68.0,17.0,69,0.0,10.3
Hubballi,15.3478,75.1338,2025-12-27 06:00:00,36.0,34.9,451.0,10.6,9.4,64.0,16.4,72,0.0,10.3
Hubballi,15.3478,75.1338,2025-12-27 07:00:00,38.2,37.3,485.0,13.0,10.2,61.0,16.5,75,0.0,10.5
Hubballi,15.3478,75.1338,2025-12-27 08:00:00,40.5,39.6,496.0,13.6,10.6,66.0,18.8,72,0.0,10.5
Hubballi,15.3478,75.1338,2025-12-27 09:00:00,46.6,45.2,461.0,10.7,10.1,88.0,21.2,68,0.0,11.8
Hubballi,15.3478,75.1338,2025-12-27 10:00:00,47.4,45.6,404.0,6.1,9.2,120.0,23.5,58,0.0,14.9
Hubballi,15.3478,75.1338,2025-12-27 11:00:00,40.9,38.9,359.0,2.7,8.5,146.0,25.0,50,0.0,15.3
Hubballi,15.3478,75.1338,2025-12-27 12:00:00,40.4,38.5,342.0,1.6,8.3,162.0,25.8,46,0.0,14.9
Hubballi,15.3478,75.1338,2025-12-27 13:00:00,41.3,39.5,338.0,1.6,8.3,173.0,26.3,43,0.0,14.3
Hubballi,15.3478,75.1338,2025-12-27 14:00:00,42.1,40.3,337.0,2.3,8.3,179.0,26.6,40,0.0,14.1
Hubballi,15.3478,75.1338,2025-12-27 15:00:00,43.2,41.6,333.0,3.6,8.3,181.0,26.4,39,0.0,14.0
Hubballi,15.3478,75.1338,2025-12-27 16:00:00,44.2,42.7,333.0,5.7,8.3,177.0,25.8,39,0.0,13.8
Hubballi,15.3478,75.1338,2025-12-27 17:00:00,37.6,36.8,348.0,6.7,9.0,174.0,24.9,43,0.0,11.7
Hubballi,15.3478,75.1338,2025-12-27 18:00:00,40.3,39.7,392.0,10.6,8.8,155.0,22.7,51,0.0,10.4
Hubballi,15.3478,75.1338,2025-12-27 19:00:00,41.4,41.0,450.0,15.9,8.6,128.0,21.5,57,0.0,10.7
Hubballi,15.3478,75.1338,2025-12-27 20:00:00,39.8,39.5,490.0,19.2,8.7,108.0,20.5,62,0.0,11.3
Hubballi,15.3478,75.1338,2025-12-27 21:00:00,38.0,37.6,495.0,18.6,9.4,101.0,19.7,64,0.0,11.9
Hubballi,15.3478,75.1338,2025-12-27 22:00:00,36.8,36.4,482.0,16.0,10.5,101.0,19.1,66,0.0,11.2
Hubballi,15.3478,75.1338,2025-12-27 23:00:00,35.9,35.6,468.0,13.6,11.3,100.0,18.5,68,0.0,11.9
Hubballi,15.3478,75.1338,2025-12-28 00:00:00,34.9,34.7,457.0,12.1,11.9,95.0,18.0,67,0.0,10.1
Hubballi,15.3478,75.1338,2025-12-28 01:00:00,34.8,34.5,445.0,10.9,12.2,90.0,17.1,70,0.0,9.6
Hubballi,15.3478,75.1338,2025-12-28 02:00:00,35.0,34.7,438.0,9.9,12.2,85.0,16.5,71,0.0,8.1
Hubballi,15.3478,75.1338,2025-12-28 03:00:00,35.5,35.0,438.0,9.0,11.6,80.0,15.9,73,0.0,8.1
Hubballi,15.3478,75.1338,2025-12-28 04:00:00,36.1,35.6,442.0,8.4,10.6,75.0,15.5,74,0.0,8.4
Hubballi,15.3478,75.1338,2025-12-28 05:00:00,37.0,36.4,451.0,8.8,11.1,73.0,15.3,76,0.0,7.3
Hubballi,15.3478,75.1338,2025-12-28 06:00:00,37.6,37.0,475.0,10.8,11.0,69.0,14.8,80,0.0,6.5
Hubballi,15.3478,75.1338,2025-12-28 07:00:00,39.5,38.9,504.0,13.5,10.8,64.0,15.2,79,0.0,6.9
Hubballi,15.3478,75.1338,2025-12-28 08:00:00,40.0,39.5,508.0,14.2,10.3,69.0,17.9,71,0.0,6.5
Hubballi,15.3478,75.1338,2025-12-28 09:00:00,40.4,39.3,463.0,11.1,9.3,91.0,20.7,65,0.0,9.4
Hubballi,15.3478,75.1338,2025-12-28 10:00:00,38.8,37.6,392.0,6.0,8.0,122.0,23.0,54,0.0,12.3
Hubballi,15.3478,75.1338,2025-12-28 11:00:00,35.6,34.5,338.0,2.2,7.0,146.0,24.5,46,0.0,11.5
Hubballi,15.3478,75.1338,2025-12-28 12:00:00,33.3,32.4,317.0,1.0,6.5,158.0,25.3,43,0.0,10.5
Hubballi,15.3478,75.1338,2025-12-28 13:00:00,32.7,31.9,313.0,1.1,6.3,163.0,26.1,41,0.0,10.3
Hubballi,15.3478,75.1338,2025-12-28 14:00:00,32.7,31.9,315.0,2.0,6.3,165.0,26.4,39,0.0,10.6
Hubballi,15.3478,75.1338,2025-12-28 15:00:00,33.9,33.1,319.0,3.5,6.6,166.0,26.3,39,0.0,10.9
Hubballi,15.3478,75.1338,2025-12-28 16:00:00,35.7,34.9,329.0,5.8,7.1,165.0,25.8,40,0.0,11.4
Hubballi,15.3478,75.1338,2025-12-28 17:00:00,26.6,26.3,348.0,7.7,7.0,157.0,24.9,44,0.0,10.3
Hubballi,15.3478,75.1338,2025-12-28 18:00:00,32.6,32.4,386.0,12.7,7.1,140.0,22.7,51,0.0,9.9
Hubballi,15.3478,75.1338,2025-12-28 19:00:00,35.0,34.9,433.0,19.4,7.3,116.0,21.4,53,0.0,11.2
Hubballi,15.3478,75.1338,2025-12-28 20:00:00,34.2,34.1,464.0,23.4,7.7,98.0,20.6,55,0.0,11.3
Hubballi,15.3478,75.1338,2025-12-28 21:00:00,33.4,33.3,463.0,22.0,8.5,93.0,19.9,59,0.0,12.8
Hubballi,15.3478,75.1338,2025-12-28 22:00:00,33.9,33.6,445.0,17.9,9.4,95.0,19.3,61,0.0,13.7
Hubballi,15.3478,75.1338,2025-12-28 23:00:00,34.8,34.5,430.0,14.2,10.4,96.0,18.5,65,0.0,12.8
Hubballi,15.3478,75.1338,2025-12-29 00:00:00,35.7,35.4,423.0,12.1,11.3,95.0,17.8,70,0.0,11.4
Hubballi,15.3478,75.1338,2025-12-29 01:00:00,37.1,36.7,419.0,10.5,12.2,94.0,17.2,74,0.0,10.1
Hubballi,15.3478,75.1338,2025-12-29 02:00:00,38.6,38.1,418.0,9.2,12.8,92.0,16.6,77,0.0,10.0
Hubballi,15.3478,75.1338,2025-12-29 03:00:00,40.2,39.6,422.0,8.1,13.2,90.0,16.4,77,0.0,10.2
Hubballi,15.3478,75.1338,2025-12-29 04:00:00,41.6,40.9,431.0,7.3,13.3,87.0,15.9,79,0.0,10.2
Hubballi,15.3478,75.1338,2025-12-29 05:00:00,40.7,40.0,441.0,7.2,13.0,86.0,15.7,80,0.0,10.4
Hubballi,15.3478,75.1338,2025-12-29 06:00:00,41.2,40.6,459.0,9.5,12.6,78.0,15.3,82,0.0,10.0
Hubballi,15.3478,75.1338,2025-12-29 07:00:00,43.1,42.5,480.0,12.5,12.0,69.0,15.5,82,0.0,11.3
Hubballi,15.3478,75.1338,2025-12-29 08:00:00,43.5,43.1,482.0,13.6,11.4,70.0,18.1,73,0.0,9.9
Hubballi,15.3478,75.1338,2025-12-29 09:00:00,44.5,43.7,451.0,10.9,10.7,90.0,20.9,63,0.0,12.3
Hubballi,15.3478,75.1338,2025-12-29 10:00:00,46.0,44.8,402.0,6.4,10.0,120.0,23.1,54,0.0,13.7
Hubballi,15.3478,75.1338,2025-12-29 11:00:00,43.1,42.0,363.0,2.9,9.3,145.0,24.7,49,0.0,11.9
Hubballi,15.3478,75.1338,2025-12-29 12:00:00,41.1,40.0,346.0,1.7,8.7,158.0,25.7,45,0.0,10.7
Hubballi,15.3478,75.1338,2025-12-29 13:00:00,40.5,39.5,341.0,1.5,8.0,165.0,26.5,43,0.0,10.4
Hubballi,15.3478,75.1338,2025-12-29 14:00:00,40.2,39.1,339.0,2.3,7.6,168.0,26.8,42,0.0,10.8
Hubballi,15.3478,75.1338,2025-12-29 15:00:00,39.9,39.0,336.0,4.0,7.4,167.0,26.7,41,0.0,10.9
Hubballi,15.3478,75.1338,2025-12-29 16:00:00,40.3,39.3,337.0,6.6,7.3,163.0,26.3,41,0.0,10.6
Hubballi,15.3478,75.1338,2025-12-29 17:00:00,28.4,27.9,355.0,8.8,7.2,152.0,25.3,44,0.0,9.2
Hubballi,15.3478,75.1338,2025-12-29 18:00:00,32.9,32.5,407.0,12.7,7.3,137.0,22.9,51,0.0,6.6
Hubballi,15.3478,75.1338,2025-12-29 19:00:00,34.5,34.0,475.0,18.1,7.3,117.0,22.0,54,0.0,8.1
Hubballi,15.3478,75.1338,2025-12-29 20:00:00,34.6,34.1,521.0,21.2,7.5,101.0,20.9,58,0.0,10.1
Hubballi,15.3478,75.1338,2025-12-29 21:00:00,35.4,34.9,523.0,20.1,7.8,95.0,20.2,61,0.0,10.8
Hubballi,15.3478,75.1338,2025-12-29 22:00:00,37.7,37.1,502.0,16.7,8.1,94.0,19.4,64,0.0,11.0
Hubballi,15.3478,75.1338,2025-12-29 23:00:00,39.9,39.3,483.0,13.8,8.5,93.0,18.5,70,0.0,9.2
Hubballi,15.3478,75.1338,2025-12-30 00:00:00,41.3,40.7,473.0,12.1,9.0,90.0,17.5,75,0.0,8.0
Hubballi,15.3478,75.1338,2025-12-30 01:00:00,42.7,41.9,466.0,10.7,9.5,87.0,17.0,78,0.0,8.7
Hubballi,15.3478,75.1338,2025-12-30 02:00:00,43.9,43.1,464.0,9.8,9.8,84.0,16.7,80,0.0,8.5
Hubballi,15.3478,75.1338,2025-12-30 03:00:00,45.1,44.1,470.0,9.1,9.7,79.0,16.1,83,0.0,8.8
Hubballi,15.3478,75.1338,2025-12-30 04:00:00,46.2,45.2,481.0,8.8,9.5,74.0,15.8,84,0.0,8.5
Hubballi,15.3478,75.1338,2025-12-30 05:00:00,46.2,45.2,495.0,8.7,9.9,75.0,15.4,84,0.0,7.4
Hubballi,15.3478,75.1338,2025-12-30 06:00:00,48.3,47.1,520.0,12.0,10.1,69.0,15.1,86,0.0,6.6
Hubballi,15.3478,75.1338,2025-12-30 07:00:00,55.3,54.1,548.0,16.3,10.4,62.0,15.5,83,0.0,7.9
Hubballi,15.3478,75.1338,2025-12-30 08:00:00,51.0,50.2,552.0,17.9,10.8,65.0,18.4,72,0.0,6.8
Hubballi,15.3478,75.1338,2025-12-30 09:00:00,50.8,49.7,511.0,14.2,11.8,88.0,21.1,63,0.0,7.6
Hubballi,15.3478,75.1338,2025-12-30 10:00:00,50.4,49.4,447.0,7.9,12.9,121.0,23.4,57,0.0,7.6
Hubballi,15.3478,75.1338,2025-12-30 11:00:00,46.9,45.9,397.0,3.1,13.2,147.0,24.8,52,0.0,5.4
Hubballi,15.3478,75.1338,2025-12-30 12:00:00,42.8,41.9,375.0,1.4,12.0,161.0,26.1,48,0.0,3.6
Hubballi,15.3478,75.1338,2025-12-30 13:00:00,39.6,38.8,367.0,1.2,10.1,169.0,26.9,45,0.0,3.3
Hubballi,15.3478,75.1338,2025-12-30 14:00:00,37.0,36.2,365.0,2.2,8.5,171.0,27.5,43,0.0,4.2
Hubballi,15.3478,75.1338,2025-12-30 15:00:00,35.2,34.3,368.0,3.8,7.7,168.0,27.7,42,0.0,5.4
Hubballi,15.3478,75.1338,2025-12-30 16:00:00,33.9,33.1,377.0,6.6,7.2,161.0,27.4,41,0.0,6.7
Hubballi,15.3478,75.1338,2025-12-30 17:00:00,37.4,36.6,395.0,11.4,6.9,139.0,26.3,44,0.0,8.0
Hubballi,15.3478,75.1338,2025-12-30 18:00:00,43.7,42.8,424.0,19.9,7.5,122.0,24.1,50,0.0,7.4
Hubballi,15.3478,75.1338,2025-12-30 19:00:00,46.8,46.0,462.0,31.4,8.2,98.0,22.8,52,0.0,9.2
Hubballi,15.3478,75.1338,2025-12-30 20:00:00,46.8,46.1,499.0,38.4,8.7,81.0,22.2,53,0.0,8.5
Hubballi,15.3478,75.1338,2025-12-30 21:00:00,44.9,44.2,536.0,36.5,8.5,76.0,21.3,56,0.0,6.3
Hubballi,15.3478,75.1338,2025-12-30 22:00:00,43.9,43.4,572.0,30.0,8.1,78.0,20.6,60,0.0,7.4
Hubballi,15.3478,75.1338,2025-12-30 23:00:00,44.4,43.9,596.0,24.3,8.0,79.0,19.7,65,0.0,6.1
Hubballi,15.3478,75.1338,2025-12-31 00:00:00,45.2,44.7,599.0,21.1,8.8,78.0,18.8,69,0.0,6.9
Hubballi,15.3478,75.1338,2025-12-31 01:00:00,46.6,46.1,590.0,18.7,9.9,76.0,17.7,77,0.0,5.2
Hubballi,15.3478,75.1338,2025-12-31 02:00:00,48.3,47.8,588.0,17.0,11.0,74.0,16.8,82,0.0,4.1
Hubballi,15.3478,75.1338,2025-12-31 03:00:00,52.5,52.0,600.0,15.8,11.9,72.0,16.4,85,0.0,2.5
Hubballi,15.3478,75.1338,2025-12-31 04:00:00,57.2,56.6,618.0,15.4,12.7,69.0,16.4,87,0.0,2.2
Hubballi,15.3478,75.1338,2025-12-31 05:00:00,52.4,51.9,645.0,11.4,14.6,72.0,16.4,84,0.0,2.3
Hubballi,15.3478,75.1338,2025-12-31 06:00:00,57.2,56.7,700.0,14.5,15.3,67.0,15.8,87,0.0,2.2
Hubballi,15.3478,75.1338,2025-12-31 07:00:00,63.8,63.3,763.0,18.6,16.2,61.0,16.4,88,0.0,3.0
Hubballi,15.3478,75.1338,2025-12-31 08:00:00,55.4,55.1,771.0,19.9,16.7,66.0,19.5,77,0.0,4.8
Hubballi,15.3478,75.1338,2025-12-31 09:00:00,48.2,47.7,675.0,15.6,16.8,94.0,22.4,66,0.0,5.2
Hubballi,15.3478,75.1338,2025-12-31 10:00:00,44.6,44.0,526.0,8.5,16.4,133.0,24.8,55,0.0,6.0
Hubballi,15.3478,75.1338,2025-12-31 11:00:00,40.9,40.2,409.0,3.1,15.4,161.0,25.8,48,0.0,4.0
Hubballi,15.3478,75.1338,2025-12-31 12:00:00,38.0,37.3,362.0,1.1,13.1,169.0,27.2,43,0.0,0.9
Hubballi,15.3478,75.1338,2025-12-31 13:00:00,35.5,34.8,349.0,0.9,10.1,165.0,28.4,39,0.0,2.5
Hubballi,15.3478,75.1338,2025-12-31 14:00:00,34.0,33.3,344.0,1.9,7.7,159.0,29.3,35,0.0,5.2
Hubballi,15.3478,75.1338,2025-12-31 15:00:00,32.7,32.0,340.0,2.8,6.3,153.0,29.4,33,0.0,8.0
Hubballi,15.3478,75.1338,2025-12-31 16:00:00,32.0,31.3,344.0,5.0,5.6,143.0,29.1,32,0.0,8.0
Hubballi,15.3478,75.1338,2025-12-31 17:00:00,44.0,43.3,358.0,12.2,5.3,119.0,27.8,38,0.0,8.9
Hubballi,15.3478,75.1338,2025-12-31 18:00:00,52.0,51.2,386.0,16.9,5.9,107.0,25.4,48,0.0,7.1
Hubballi,15.3478,75.1338,2025-12-31 19:00:00,55.2,54.5,424.0,23.1,6.8,91.0,24.2,52,0.0,3.6
Hubballi,15.3478,75.1338,2025-12-31 20:00:00,53.0,52.4,454.0,26.5,7.6,80.0,23.3,53,0.0,14.2
Hubballi,15.3478,75.1338,2025-12-31 21:00:00,51.3,51.0,471.0,24.2,8.1,79.0,21.6,62,0.0,11.7
Hubballi,15.3478,75.1338,2025-12-31 22:00:00,51.3,51.0,481.0,19.1,8.4,82.0,20.5,67,0.0,10.3
Hubballi,15.3478,75.1338,2025-12-31 23:00:00,51.1,50.6,488.0,15.0,8.6,84.0,20.1,70,0.0,11.5
Hubballi,15.3478,75.1338,2026-01-01 00:00:00,50.2,49.7,493.0,13.6,8.7,83.0,19.4,73,0.0,8.2
Hubballi,15.3478,75.1338,2026-01-01 01:00:00,50.4,49.8,494.0,13.2,8.8,80.0,18.9,75,0.0,8.0
Hubballi,15.3478,75.1338,2026-01-01 02:00:00,51.8,51.2,491.0,13.2,8.7,76.0,18.9,74,0.0,8.3
Hubballi,15.3478,75.1338,2026-01-01 03:00:00,53.9,53.2,479.0,13.2,8.4,69.0,19.3,71,0.0,6.1
Hubballi,15.3478,75.1338,2026-01-01 04:00:00,54.2,53.6,463.0,13.5,8.0,60.0,18.8,74,0.0,3.6
Hubballi,15.3478,75.1338,2026-01-01 05:00:00,51.1,50.4,459.0,10.5,8.5,74.0,18.3,80,0.0,7.8
Hubballi,15.3478,75.1338,2026-01-01 06:00:00,48.9,48.2,485.0,12.6,8.8,70.0,17.6,83,0.0,6.8
Hubballi,15.3478,75.1338,2026-01-01 07:00:00,48.0,47.4,522.0,15.3,9.2,65.0,17.5,84,0.0,9.3
Hubballi,15.3478,75.1338,2026-01-01 08:00:00,45.4,44.8,529.0,15.9,9.1,69.0,19.9,69,0.0,9.3
Hubballi,15.3478,75.1338,2026-01-01 09:00:00,41.2,40.5,475.0,12.4,8.3,89.0,22.5,54,0.0,12.4
Hubballi,15.3478,75.1338,2026-01-01 10:00:00,34.8,33.9,391.0,6.9,7.1,117.0,24.9,42,0.0,14.1
Hubballi,15.3478,75.1338,2026-01-01 11:00:00,31.1,30.2,329.0,2.7,6.0,139.0,26.4,39,0.0,14.0
Hubballi,15.3478,75.1338,2026-01-01 12:00:00,31.1,30.0,312.0,1.1,5.1,148.0,27.3,38,0.0,12.1
Hubballi,15.3478,75.1338,2026-01-01 13:00:00,33.2,32.1,317.0,0.8,4.4,150.0,28.1,38,0.0,4.9
Hubballi,15.3478,75.1338,2026-01-01 14:00:00,34.5,33.4,325.0,1.8,3.9,149.0,28.2,37,0.0,5.4
Hubballi,15.3478,75.1338,2026-01-01 15:00:00,34.8,33.8,323.0,4.3,3.7,145.0,28.1,37,0.0,8.8
Hubballi,15.3478,75.1338,2026-01-01 16:00:00,34.6,33.5,325.0,8.1,3.7,138.0,27.6,37,0.0,12.4
Hubballi,15.3478,75.1338,2026-01-01 17:00:00,47.5,46.4,350.0,11.3,4.6,124.0,26.8,38,0.0,2.5
Hubballi,15.3478,75.1338,2026-01-01 18:00:00,52.5,51.3,424.0,16.4,4.9,112.0,25.2,48,0.0,2.0
Hubballi,15.3478,75.1338,2026-01-01 19:00:00,53.4,52.3,523.0,23.4,5.3,95.0,24.5,49,0.0,0.5
Hubballi,15.3478,75.1338,2026-01-01 20:00:00,52.3,51.3,592.0,27.7,6.2,82.0,22.9,52,0.0,4.2
Hubballi,15.3478,75.1338,2026-01-01 21:00:00,51.7,51.0,601.0,26.9,7.9,78.0,22.8,52,0.0,11.0
Hubballi,15.3478,75.1338,2026-01-01 22:00:00,55.9,55.3,581.0,23.5,9.9,77.0,21.3,63,0.0,4.9
Hubballi,15.3478,75.1338,2026-01-01 23:00:00,62.6,61.9,573.0,20.2,11.3,77.0,20.5,74,0.0,4.5
Hubballi,15.3478,75.1338,2026-01-02 00:00:00,68.0,67.3,599.0,18.0,11.5,75.0,20.2,78,0.0,1.5
Hubballi,15.3478,75.1338,2026-01-02 01:00:00,71.9,71.2,636.0,15.8,10.9,72.0,19.6,81,0.0,3.6
Hubballi,15.3478,75.1338,2026-01-02 02:00:00,74.5,73.8,657.0,13.7,10.2,71.0,19.5,83,0.0,2.3
Hubballi,15.3478,75.1338,2026-01-02 03:00:00,76.6,75.9,650.0,11.0,9.2,73.0,19.0,88,0.0,4.2
Hubballi,15.3478,75.1338,2026-01-02 04:00:00,79.9,78.9,628.0,8.4,8.1,76.0,18.9,91,0.0,4.2
Hubballi,15.3478,75.1338,2026-01-02 05:00:00,81.3,79.9,600.0,6.7,10.0,81.0,19.0,87,0.0,7.2
Hubballi,15.3478,75.1338,2026-01-02 06:00:00,82.7,81.3,570.0,10.0,9.6,74.0,18.9,87,0.0,6.7
Hubballi,15.3478,75.1338,2026-01-02 07:00:00,85.9,84.5,534.0,14.4,9.0,64.0,19.2,87,0.0,7.9
Hubballi,15.3478,75.1338,2026-01-02 08:00:00,84.8,83.8,495.0,16.1,8.0,64.0,21.2,80,0.0,8.4
Hubballi,15.3478,75.1338,2026-01-02 09:00:00,78.7,77.5,449.0,12.7,6.3,81.0,23.6,71,0.0,12.6
Hubballi,15.3478,75.1338,2026-01-02 10:00:00,64.5,63.3,400.0,6.6,4.2,108.0,25.2,62,0.1,14.9
Hubballi,15.3478,75.1338,2026-01-02 11:00:00,55.1,54.0,361.0,2.1,2.7,129.0,26.3,56,0.1,14.9
Hubballi,15.3478,75.1338,2026-01-02 12:00:00,51.8,50.9,338.0,0.7,2.2,139.0,27.4,50,0.0,14.0
Hubballi,15.3478,75.1338,2026-01-02 13:00:00,50.5,49.6,326.0,0.8,2.3,143.0,28.3,45,0.0,11.3
Hubballi,15.3478,75.1338,2026-01-02 14:00:00,49.8,48.9,321.0,1.9,2.4,144.0,28.8,42,0.0,9.4
Hubballi,15.3478,75.1338,2026-01-02 15:00:00,49.4,48.4,323.0,2.8,2.4,146.0,28.7,41,0.0,9.1
Hubballi,15.3478,75.1338,2026-01-02 16:00:00,49.1,48.1,331.0,4.7,2.5,145.0,28.2,41,0.0,8.0
Hubballi,15.3478,75.1338,2026-01-02 17:00:00,56.7,55.5,344.0,18.2,2.5,117.0,27.5,46,0.0,4.6
Hubballi,15.3478,75.1338,2026-01-02 18:00:00,64.5,63.3,358.0,28.9,3.1,96.0,25.4,57,0.0,3.3
Hubballi,15.3478,75.1338,2026-01-02 19:00:00,68.2,67.1,376.0,43.2,4.0,67.0,24.5,61,0.0,4.0
Hubballi,15.3478,75.1338,2026-01-02 20:00:00,65.7,64.7,407.0,51.7,5.2,47.0,23.8,62,0.0,6.1
Hubballi,15.3478,75.1338,2026-01-02 21:00:00,61.9,61.2,459.0,49.1,7.0,45.0,23.9,57,0.0,10.7
Hubballi,15.3478,75.1338,2026-01-02 22:00:00,61.5,60.8,524.0,40.6,9.1,53.0,23.2,59,0.0,11.0
Hubballi,15.3478,75.1338,2026-01-02 23:00:00,60.5,60.1,580.0,32.1,10.7,61.0,22.1,63,0.0,8.9
Hubballi,15.3478,75.1338,2026-01-03 00:00:00,57.0,56.5,626.0,25.2,11.7,65.0,20.7,72,0.0,3.9
Hubballi,15.3478,75.1338,2026-01-03 01:00:00,53.6,53.1,664.0,18.4,12.3,69.0,20.3,73,0.0,2.5
Hubballi,15.3478,75.1338,2026-01-03 02:00:00,50.5,50.2,679.0,12.8,12.3,74.0,20.0,74,0.0,4.7
Hubballi,15.3478,75.1338,2026-01-03 03:00:00,48.5,48.1,658.0,8.6,11.3,81.0,19.6,76,0.0,6.5
Hubballi,15.3478,75.1338,2026-01-03 04:00:00,47.6,47.1,614.0,5.7,9.7,87.0,19.1,79,0.0,7.5
Hubballi,15.3478,75.1338,2026-01-03 05:00:00,48.5,48.1,572.0,5.2,9.7,86.0,19.4,81,0.0,10.1
Hubballi,15.3478,75.1338,2026-01-03 06:00:00,50.1,49.5,542.0,7.2,9.4,82.0,19.4,84,0.0,10.3
Hubballi,15.3478,75.1338,2026-01-03 07:00:00,53.3,52.7,513.0,9.8,8.9,78.0,19.6,85,0.0,10.3
Hubballi,15.3478,75.1338,2026-01-03 08:00:00,55.5,54.9,485.0,10.8,8.3,81.0,21.7,78,0.0,10.2
Hubballi,15.3478,75.1338,2026-01-03 09:00:00,58.9,58.0,455.0,8.7,7.5,99.0,23.9,68,0.0,14.6
Hubballi,15.3478,75.1338,2026-01-03 10:00:00,60.1,59.0,425.0,4.9,6.6,124.0,25.6,54,0.0,16.8
Hubballi,15.3478,75.1338,2026-01-03 11:00:00,59.8,58.7,398.0,2.1,5.7,143.0,26.9,48,0.0,16.1
Hubballi,15.3478,75.1338,2026-01-03 12:00:00,56.9,55.9,371.0,0.9,4.9,150.0,27.8,44,0.0,13.6
Hubballi,15.3478,75.1338,2026-01-03 13:00:00,52.4,51.3,346.0,0.6,4.1,151.0,28.1,42,0.0,11.8
Hubballi,15.3478,75.1338,2026-01-03 14:00:00,49.0,48.1,332.0,1.6,3.6,149.0,28.2,41,0.0,9.4
Hubballi,15.3478,75.1338,2026-01-03 15:00:00,47.5,46.6,330.0,4.4,3.4,144.0,28.3,40,0.0,8.0
Hubballi,15.3478,75.1338,2026-01-03 16:00:00,46.9,46.0,338.0,8.6,3.4,135.0,27.6,41,0.0,9.8
Hubballi,15.3478,75.1338,2026-01-03 17:00:00,47.7,47.1,362.0,11.7,4.0,125.0,26.5,45,0.0,11.8
Hubballi,15.3478,75.1338,2026-01-03 18:00:00,53.7,53.0,416.0,14.2,4.3,118.0,25.0,50,0.0,6.0
Hubballi,15.3478,75.1338,2026-01-03 19:00:00,54.4,53.8,485.0,17.5,4.9,107.0,24.8,51,0.0,7.2
Hubballi,15.3478,75.1338,2026-01-03 20:00:00,52.9,52.4,530.0,19.2,5.8,100.0,23.8,53,0.0,11.4
Hubballi,15.3478,75.1338,2026-01-03 21:00:00,51.3,51.0,529.0,17.7,7.3,99.0,22.6,56,0.0,13.4
Hubballi,15.3478,75.1338,2026-01-03 22:00:00,50.9,50.4,504.0,14.6,9.2,101.0,22.2,57,0.0,13.3
Hubballi,15.3478,75.1338,2026-01-03 23:00:00,50.4,49.9,485.0,12.0,10.8,101.0,21.6,61,0.0,12.4
Hubballi,15.3478,75.1338,2026-01-04 00:00:00,49.6,49.1,485.0,10.7,12.1,97.0,21.2,64,0.0,13.2
Hubballi,15.3478,75.1338,2026-01-04 01:00:00,49.1,48.7,490.0,9.9,13.2,90.0,20.8,66,0.0,13.6
Hubballi,15.3478,75.1338,2026-01-04 02:00:00,48.8,48.3,493.0,9.1,13.4,85.0,20.2,68,0.0,13.1
Hubballi,15.3478,75.1338,2026-01-04 03:00:00,48.5,48.1,488.0,7.8,12.1,82.0,19.6,72,0.0,12.1
Hubballi,15.3478,75.1338,2026-01-04 04:00:00,48.3,47.8,481.0,6.5,9.9,79.0,18.8,78,0.0,10.6
Hubballi,15.3478,75.1338,2026-01-04 05:00:00,49.2,48.7,473.0,6.8,8.6,75.0,18.6,81,0.0,9.8
Hubballi,15.3478,75.1338,2026-01-04 06:00:00,49.1,48.5,469.0,8.6,8.5,71.0,18.1,84,0.0,9.3
Hubballi,15.3478,75.1338,2026-01-04 07:00:00,50.2,49.6,466.0,11.0,8.4,67.0,18.1,85,0.0,10.2
Hubballi,15.3478,75.1338,2026-01-04 08:00:00,49.6,49.0,454.0,11.8,8.3,71.0,20.1,76,0.0,10.9
Hubballi,15.3478,75.1338,2026-01-04 09:00:00,48.1,47.1,427.0,9.5,8.3,91.0,22.2,66,0.0,13.7
Hubballi,15.3478,75.1338,2026-01-04 10:00:00,45.6,44.6,392.0,5.6,8.4,120.0,24.4,53,0.0,15.5
Hubballi,15.3478,75.1338,2026-01-04 11:00:00,46.7,45.6,363.0,2.7,8.1,143.0,25.9,46,0.0,16.0
Hubballi,15.3478,75.1338,2026-01-04 12:00:00,49.1,48.0,343.0,1.6,7.2,153.0,27.1,39,0.0,14.9
Hubballi,15.3478,75.1338,2026-01-04 13:00:00,48.4,47.3,328.0,1.3,5.9,157.0,27.7,35,0.0,14.7
Hubballi,15.3478,75.1338,2026-01-04 14:00:00,47.8,46.7,320.0,1.8,5.1,158.0,27.7,34,0.0,15.4
Hubballi,15.3478,75.1338,2026-01-04 15:00:00,48.2,47.0,319.0,3.1,5.1,158.0,27.6,34,0.0,15.1
Hubballi,15.3478,75.1338,2026-01-04 16:00:00,48.8,47.7,326.0,5.0,5.5,154.0,27.0,35,0.0,15.2
Hubballi,15.3478,75.1338,2026-01-04 17:00:00,33.3,32.8,342.0,6.6,5.4,146.0,26.3,37,0.0,14.5
Hubballi,15.3478,75.1338,2026-01-04 18:00:00,36.1,35.7,378.0,8.7,5.5,134.0,24.5,41,0.0,11.1
Hubballi,15.3478,75.1338,2026-01-04 19:00:00,38.0,37.6,424.0,11.5,5.7,118.0,23.3,45,0.0,12.1
Hubballi,15.3478,75.1338,2026-01-04 20:00:00,39.1,38.8,453.0,13.3,6.0,105.0,22.3,48,0.0,13.2
Hubballi,15.3478,75.1338,2026-01-04 21:00:00,40.6,40.3,448.0,13.3,6.7,99.0,21.6,52,0.0,11.4
Hubballi,15.3478,75.1338,2026-01-04 22:00:00,42.3,41.8,425.0,12.3,7.5,96.0,21.2,53,0.0,14.1
Hubballi,15.3478,75.1338,2026-01-04 23:00:00,43.3,42.7,408.0,11.3,8.2,93.0,20.8,53,0.0,14.5
Hubballi,15.3478,75.1338,2026-01-05 00:00:00,43.4,42.8,409.0,10.8,8.7,87.0,19.9,55,0.0,12.8
Hubballi,15.3478,75.1338,2026-01-05 01:00:00,43.4,42.8,416.0,10.2,9.1,80.0,19.4,58,0.0,14.0
Hubballi,15.3478,75.1338,2026-01-05 02:00:00,42.7,42.1,418.0,9.5,9.2,75.0,18.8,59,0.0,12.9
Hubballi,15.3478,75.1338,2026-01-05 03:00:00,41.4,40.9,407.0,8.1,8.7,74.0,18.2,64,0.0,11.9
Hubballi,15.3478,75.1338,2026-01-05 04:00:00,40.6,39.9,391.0,6.4,7.9,75.0,17.7,69,0.0,11.7
Hubballi,15.3478,75.1338,2026-01-05 05:00:00,40.7,39.8,380.0,6.5,7.0,72.0,17.6,79,0.0,13.5
Hubballi,15.3478,75.1338,2026-01-05 06:00:00,41.1,40.2,381.0,8.3,6.7,69.0,17.1,82,0.0,13.0
Hubballi,15.3478,75.1338,2026-01-05 07:00:00,43.0,41.9,387.0,10.6,6.2,67.0,17.1,82,0.0,12.4
Hubballi,15.3478,75.1338,2026-01-05 08:00:00,43.9,43.1,385.0,11.4,6.0,72.0,19.3,70,0.0,11.9
Hubballi,15.3478,75.1338,2026-01-05 09:00:00,45.5,44.1,368.0,9.0,6.2,93.0,21.7,57,0.0,15.8
Hubballi,15.3478,75.1338,2026-01-05 10:00:00,48.1,46.4,344.0,5.1,6.6,122.0,23.7,44,0.0,19.9
Hubballi,15.3478,75.1338,2026-01-05 11:00:00,46.2,44.8,323.0,2.1,6.9,144.0,24.8,39,0.0,21.4
Hubballi,15.3478,75.1338,2026-01-05 12:00:00,42.7,41.6,309.0,1.2,7.0,153.0,25.5,36,0.0,22.6
Hubballi,15.3478,75.1338,2026-01-05 13:00:00,39.5,38.4,298.0,1.2,6.9,155.0,26.1,33,0.0,22.0
Hubballi,15.3478,75.1338,2026-01-05 14:00:00,37.0,36.1,292.0,1.8,6.8,154.0,26.4,32,0.0,21.6
Hubballi,15.3478,75.1338,2026-01-05 15:00:00,35.3,34.3,291.0,2.8,6.6,152.0,26.3,32,0.0,21.2
Hubballi,15.3478,75.1338,2026-01-05 16:00:00,34.8,33.9,293.0,4.3,6.4,147.0,25.8,33,0.0,19.9
Hubballi,15.3478,75.1338,2026-01-05 17:00:00,27.2,26.8,298.0,5.9,6.5,141.0,25.0,36,0.0,18.6
Hubballi,15.3478,75.1338,2026-01-05 18:00:00,29.5,29.0,305.0,7.4,6.5,131.0,23.3,39,0.0,16.5
Hubballi,15.3478,75.1338,2026-01-05 19:00:00,31.4,31.0,315.0,9.5,6.4,117.0,22.3,40,0.0,17.9
Hubballi,15.3478,75.1338,2026-01-05 20:00:00,33.4,32.9,321.0,11.1,6.4,105.0,22.0,40,0.0,19.3
Hubballi,15.3478,75.1338,2026-01-05 21:00:00,35.2,34.6,321.0,11.8,6.4,96.0,21.6,43,0.0,19.2
Hubballi,15.3478,75.1338,2026-01-05 22:00:00,36.8,36.1,318.0,12.0,6.5,89.0,21.5,45,0.0,18.9
Hubballi,15.3478,75.1338,2026-01-05 23:00:00,38.0,37.1,318.0,12.0,6.6,82.0,20.5,50,0.0,15.7
Hubballi,15.3478,75.1338,2026-01-06 00:00:00,38.3,37.4,321.0,11.7,6.7,76.0,19.1,56,0.0,12.6
Hubballi,15.3478,75.1338,2026-01-06 01:00:00,38.5,37.7,326.0,11.1,6.8,70.0,17.9,62,0.0,10.3
Hubballi,15.3478,75.1338,2026-01-06 02:00:00,38.8,37.8,335.0,10.5,7.0,66.0,17.3,66,0.0,12.1
Hubballi,15.3478,75.1338,2026-01-06 03:00:00,38.9,38.1,351.0,9.7,7.3,63.0,17.3,67,0.0,13.6
Hubballi,15.3478,75.1338,2026-01-06 04:00:00,39.6,38.6,371.0,8.8,7.6,62.0,17.0,69,0.0,13.6
Hubballi,15.3478,75.1338,2026-01-06 05:00:00,40.3,39.2,390.0,9.1,7.1,58.0,16.8,76,0.0,14.2
Hubballi,15.3478,75.1338,2026-01-06 06:00:00,41.6,40.6,413.0,11.2,7.5,54.0,16.6,79,0.0,13.9
Hubballi,15.3478,75.1338,2026-01-06 07:00:00,44.8,43.9,436.0,13.9,7.9,49.0,16.6,81,0.0,13.7
Hubballi,15.3478,75.1338,2026-01-06 08:00:00,46.8,46.1,439.0,14.7,8.4,55.0,18.7,75,0.0,13.8
Hubballi,15.3478,75.1338,2026-01-06 09:00:00,51.9,50.6,406.0,11.6,8.8,81.0,21.3,65,0.0,17.1
Hubballi,15.3478,75.1338,2026-01-06 10:00:00,54.0,52.2,355.0,6.4,9.2,116.0,23.2,44,0.0,19.6
Hubballi,15.3478,75.1338,2026-01-06 11:00:00,50.9,49.4,316.0,2.6,9.3,144.0,24.4,40,0.0,19.5
Hubballi,15.3478,75.1338,2026-01-06 12:00:00,48.7,47.4,304.0,1.3,8.9,156.0,25.3,39,0.0,19.4
Hubballi,15.3478,75.1338,2026-01-06 13:00:00,46.3,45.3,304.0,1.4,8.3,159.0,26.0,37,0.0,18.4
Hubballi,15.3478,75.1338,2026-01-06 14:00:00,44.2,43.3,309.0,2.0,7.7,159.0,26.4,37,0.0,17.9
Hubballi,15.3478,75.1338,2026-01-06 15:00:00,42.8,41.9,312.0,3.1,7.2,156.0,26.3,38,0.0,17.5
Hubballi,15.3478,75.1338,2026-01-06 16:00:00,41.7,40.9,320.0,4.8,6.7,150.0,25.8,40,0.0,16.7
Hubballi,15.3478,75.1338,2026-01-06 17:00:00,38.4,37.7,338.0,6.4,6.5,145.0,25.2,44,0.0,14.4
Hubballi,15.3478,75.1338,2026-01-06 18:00:00,40.5,39.9,382.0,9.2,6.5,131.0,23.1,50,0.0,11.6
Hubballi,15.3478,75.1338,2026-01-06 19:00:00,41.7,41.2,437.0,12.9,6.5,112.0,22.0,53,0.0,12.8
Hubballi,15.3478,75.1338,2026-01-06 20:00:00,42.0,41.4,466.0,15.3,6.7,97.0,21.1,54,0.0,14.2
Hubballi,15.3478,75.1338,2026-01-06 21:00:00,42.4,41.9,445.0,15.2,7.1,90.0,20.5,51,0.0,14.7
Hubballi,15.3478,75.1338,2026-01-06 22:00:00,43.3,42.7,398.0,13.7,7.7,87.0,20.2,50,0.0,15.4
Hubballi,15.3478,75.1338,2026-01-06 23:00:00,43.8,43.2,361.0,12.2,8.2,85.0,19.8,54,0.0,14.0
Hubballi,15.3478,75.1338,2026-01-07 00:00:00,43.7,43.0,346.0,10.9,8.7,83.0,18.9,58,0.0,13.5
Hubballi,15.3478,75.1338,2026-01-07 01:00:00,43.4,42.7,341.0,9.5,9.2,81.0,18.4,61,0.0,14.6
Hubballi,15.3478,75.1338,2026-01-07 02:00:00,43.1,42.4,345.0,8.5,9.6,79.0,17.8,64,0.0,15.0
Hubballi,15.3478,75.1338,2026-01-07 03:00:00,42.8,42.3,360.0,8.1,9.8,74.0,17.0,65,0.0,13.2
Hubballi,15.3478,75.1338,2026-01-07 04:00:00,43.2,42.6,383.0,8.0,10.0,68.0,16.3,70,0.0,11.7
Hubballi,15.3478,75.1338,2026-01-07 05:00:00,44.0,43.5,410.0,8.2,10.5,66.0,16.8,76,0.0,14.1
Hubballi,15.3478,75.1338,2026-01-07 06:00:00,45.6,45.2,448.0,9.6,11.4,65.0,16.1,82,0.0,12.7
Hubballi,15.3478,75.1338,2026-01-07 07:00:00,48.2,47.7,489.0,11.3,12.5,64.0,16.0,85,0.0,13.0
Hubballi,15.3478,75.1338,2026-01-07 08:00:00,49.6,49.1,503.0,11.7,12.9,70.0,18.2,77,0.0,11.5
Hubballi,15.3478,75.1338,2026-01-07 09:00:00,52.3,51.6,468.0,9.5,11.8,89.0,20.8,67,0.0,14.6
Hubballi,15.3478,75.1338,2026-01-07 10:00:00,50.6,49.7,407.0,5.9,10.0,115.0,23.1,51,0.0,19.3
Hubballi,15.3478,75.1338,2026-01-07 11:00:00,40.7,39.5,355.0,3.2,8.4,135.0,24.8,37,0.0,21.3
Hubballi,15.3478,75.1338,2026-01-07 12:00:00,35.5,34.2,326.0,2.1,7.4,145.0,25.7,34,0.0,20.2
Hubballi,15.3478,75.1338,2026-01-07 13:00:00,32.7,31.4,306.0,1.7,6.6,149.0,26.5,31,0.0,18.4
Hubballi,15.3478,75.1338,2026-01-07 14:00:00,31.1,29.8,292.0,2.0,6.1,151.0,26.9,30,0.0,18.0
Hubballi,15.3478,75.1338,2026-01-07 15:00:00,30.5,29.2,282.0,2.9,5.9,152.0,26.7,29,0.0,17.9
Hubballi,15.3478,75.1338,2026-01-07 16:00:00,30.2,29.0,278.0,4.4,6.0,152.0,26.0,31,0.0,17.8
Hubballi,15.3478,75.1338,2026-01-07 17:00:00,24.2,24.0,287.0,6.3,5.9,147.0,25.2,38,0.0,15.7
Hubballi,15.3478,75.1338,2026-01-07 18:00:00,26.6,26.5,319.0,8.6,6.1,137.0,23.3,45,0.0,12.9
Hubballi,15.3478,75.1338,2026-01-07 19:00:00,27.9,27.8,364.0,11.7,6.4,123.0,21.9,51,0.0,12.5
Hubballi,15.3478,75.1338,2026-01-07 20:00:00,28.6,28.4,398.0,13.9,6.8,110.0,20.6,56,0.0,11.7
Hubballi,15.3478,75.1338,2026-01-07 21:00:00,29.7,29.4,410.0,14.4,7.5,101.0,19.9,57,0.0,12.9
Hubballi,15.3478,75.1338,2026-01-07 22:00:00,31.1,30.7,410.0,13.9,8.3,93.0,19.5,57,0.0,13.5
Hubballi,15.3478,75.1338,2026-01-07 23:00:00,32.2,31.8,408.0,13.0,8.8,87.0,18.9,66,0.0,13.1
Hubballi,15.3478,75.1338,2026-01-08 00:00:00,33.2,32.5,406.0,11.5,8.8,83.0,18.6,68,0.0,13.5
Hubballi,15.3478,75.1338,2026-01-08 01:00:00,34.6,33.6,403.0,9.4,8.6,80.0,18.2,70,0.0,13.5
Hubballi,15.3478,75.1338,2026-01-08 02:00:00,36.2,34.9,398.0,7.7,8.3,78.0,17.6,73,0.0,12.8
Hubballi,15.3478,75.1338,2026-01-08 03:00:00,37.4,35.9,394.0,6.3,8.1,76.0,16.7,77,0.0,12.3
Hubballi,15.3478,75.1338,2026-01-08 04:00:00,38.1,36.2,389.0,5.3,7.8,75.0,15.9,79,0.0,12.8
Hubballi,15.3478,75.1338,2026-01-08 05:00:00,36.1,33.9,379.0,5.0,7.9,75.0,15.9,78,0.0,13.7
Hubballi,15.3478,75.1338,2026-01-08 06:00:00,35.2,32.9,361.0,6.5,8.1,72.0,15.4,78,0.0,13.9
Hubballi,15.3478,75.1338,2026-01-08 07:00:00,35.6,33.3,337.0,8.5,8.3,69.0,15.6,73,0.0,14.5
Hubballi,15.3478,75.1338,2026-01-08 08:00:00,36.2,34.1,314.0,9.3,8.4,72.0,17.8,62,0.0,13.6
Hubballi,15.3478,75.1338,2026-01-08 09:00:00,38.4,35.6,291.0,7.7,8.4,88.0,20.3,51,0.0,15.7
Hubballi,15.3478,75.1338,2026-01-08 10:00:00,35.9,33.3,268.0,4.9,8.3,110.0,22.5,41,0.0,17.3
Hubballi,15.3478,75.1338,2026-01-08 11:00:00,29.5,27.7,252.0,2.8,8.1,128.0,24.4,33,0.0,18.9
Hubballi,15.3478,75.1338,2026-01-08 12:00:00,26.3,24.9,248.0,1.9,7.8,139.0,25.4,29,0.0,18.0
Hubballi,15.3478,75.1338,2026-01-08 13:00:00,24.6,23.5,250.0,1.7,7.4,145.0,26.2,29,0.0,16.6
Hubballi,15.3478,75.1338,2026-01-08 14:00:00,23.7,22.7,252.0,2.1,7.1,149.0,26.6,29,0.0,15.5
Hubballi,15.3478,75.1338,2026-01-08 15:00:00,23.4,22.5,248.0,3.2,7.1,150.0,26.5,29,0.0,15.2
Hubballi,15.3478,75.1338,2026-01-08 16:00:00,23.7,22.9,244.0,4.9,7.3,148.0,25.9,30,0.0,15.6
Hubballi,15.3478,75.1338,2026-01-08 17:00:00,18.9,18.4,247.0,6.2,7.3,146.0,25.1,36,0.0,14.7
Hubballi,15.3478,75.1338,2026-01-08 18:00:00,22.2,21.8,262.0,8.4,7.4,136.0,22.9,44,0.0,11.5
Hubballi,15.3478,75.1338,2026-01-08 19:00:00,24.2,23.7,285.0,11.5,7.5,122.0,21.5,49,0.0,11.2
Hubballi,15.3478,75.1338,2026-01-08 20:00:00,25.3,24.9,306.0,13.6,7.8,110.0,20.3,54,0.0,11.7
Hubballi,15.3478,75.1338,2026-01-08 21:00:00,26.2,25.8,324.0,14.0,8.4,103.0,19.6,54,0.0,12.7
Hubballi,15.3478,75.1338,2026-01-08 22:00:00,27.1,26.7,341.0,13.5,9.1,98.0,19.0,54,0.0,12.5
Hubballi,15.3478,75.1338,2026-01-08 23:00:00,27.7,27.2,352.0,12.8,9.6,94.0,18.4,57,0.0,12.0
Hubballi,15.3478,75.1338,2026-01-09 00:00:00,27.8,27.3,354.0,12.0,9.8,89.0,18.0,57,0.0,11.3
Hubballi,15.3478,75.1338,2026-01-09 01:00:00,28.3,27.7,351.0,10.9,9.9,85.0,17.4,60,0.0,10.6
Hubballi,15.3478,75.1338,2026-01-09 02:00:00,29.0,28.5,352.0,9.9,10.0,81.0,17.1,62,0.0,12.6
Hubballi,15.3478,75.1338,2026-01-09 03:00:00,30.2,29.6,364.0,8.8,10.2,79.0,16.7,63,0.0,13.5
Hubballi,15.3478,75.1338,2026-01-09 04:00:00,31.8,31.2,380.0,7.9,10.3,77.0,16.3,65,0.0,13.3
Hubballi,15.3478,75.1338,2026-01-09 05:00:00,33.1,32.4,392.0,8.3,10.6,72.0,16.1,72,0.0,13.7
Hubballi,15.3478,75.1338,2026-01-09 06:00:00,34.8,34.1,400.0,9.6,11.2,70.0,15.7,74,0.0,12.8
Hubballi,15.3478,75.1338,2026-01-09 07:00:00,37.1,36.4,404.0,11.2,12.0,68.0,15.6,76,0.0,12.1
Hubballi,15.3478,75.1338,2026-01-09 08:00:00,39.0,38.1,400.0,11.6,12.7,75.0,17.8,69,0.0,11.1
Hubballi,15.3478,75.1338,2026-01-09 09:00:00,40.7,39.2,383.0,9.4,13.2,97.0,20.4,60,0.0,13.9
Hubballi,15.3478,75.1338,2026-01-09 10:00:00,40.5,38.8,357.0,6.0,13.6,127.0,22.5,51,0.0,17.3
Hubballi,15.3478,75.1338,2026-01-09 11:00:00,39.5,37.7,336.0,3.3,13.5,151.0,24.0,44,0.0,18.0
Hubballi,15.3478,75.1338,2026-01-09 12:00:00,37.6,36.0,322.0,2.2,12.7,163.0,25.0,40,0.0,16.8
Hubballi,15.3478,75.1338,2026-01-09 13:00:00,35.6,34.2,313.0,1.8,11.6,168.0,25.7,38,0.0,16.8
Hubballi,15.3478,75.1338,2026-01-09 14:00:00,33.8,32.5,308.0,2.1,10.6,170.0,26.1,36,0.0,16.3
Hubballi,15.3478,75.1338,2026-01-09 15:00:00,32.5,31.2,306.0,3.0,10.0,169.0,26.1,36,0.0,15.7
Hubballi,15.3478,75.1338,2026-01-09 16:00:00,31.3,30.2,310.0,4.4,9.6,165.0,25.7,37,0.0,15.8
Hubballi,15.3478,75.1338,2026-01-09 17:00:00,30.7,29.9,323.0,5.9,8.9,160.0,24.5,39,0.0,16.9
Hubballi,15.3478,75.1338,2026-01-09 18:00:00,32.1,31.5,357.0,7.9,8.9,150.0,22.8,44,0.0,14.6
Hubballi,15.3478,75.1338,2026-01-09 19:00:00,32.7,32.1,402.0,10.6,9.0,135.0,21.6,47,0.0,15.3
Hubballi,15.3478,75.1338,2026-01-09 20:00:00,32.7,32.2,428.0,12.5,9.2,123.0,20.8,47,0.0,15.1
Hubballi,15.3478,75.1338,2026-01-09 21:00:00,33.1,32.5,421.0,12.8,9.7,117.0,20.0,47,0.0,13.7
Hubballi,15.3478,75.1338,2026-01-09 22:00:00,33.6,33.1,397.0,12.2,10.5,113.0,19.5,47,0.0,13.0
Hubballi,15.3478,75.1338,2026-01-09 23:00:00,34.0,33.3,373.0,11.3,11.1,110.0,18.7,49,0.0,12.7
Hubballi,15.3478,75.1338,2026-01-10 00:00:00,33.8,32.9,352.0,10.2,11.5,107.0,18.1,50,0.0,12.4
Hubballi,15.3478,75.1338,2026-01-10 01:00:00,33.6,32.9,332.0,8.9,11.9,104.0,17.8,51,0.0,14.3
Hubballi,15.3478,75.1338,2026-01-10 02:00:00,33.6,32.9,325.0,7.9,12.3,100.0,17.6,53,0.0,14.9
Hubballi,15.3478,75.1338,2026-01-10 03:00:00,33.5,32.8,340.0,7.2,12.7,95.0,16.9,57,0.0,14.0
Hubballi,15.3478,75.1338,2026-01-10 04:00:00,33.4,32.7,367.0,6.8,13.2,89.0,16.4,61,0.0,13.1
Hubballi,15.3478,75.1338,2026-01-10 05:00:00,33.4,32.7,392.0,7.1,14.2,87.0,16.4,65,0.0,12.9
Hubballi,15.3478,75.1338,2026-01-10 06:00:00,33.5,32.8,414.0,8.7,14.8,83.0,16.4,66,0.0,12.8
Hubballi,15.3478,75.1338,2026-01-10 07:00:00,34.9,34.1,434.0,10.8,15.7,80.0,16.5,67,0.0,13.5
Hubballi,15.3478,75.1338,2026-01-10 08:00:00,36.6,35.6,437.0,11.6,16.4,85.0,18.6,61,0.0,12.8
Hubballi,15.3478,75.1338,2026-01-10 09:00:00,40.9,39.3,412.0,9.7,17.0,109.0,21.2,51,0.0,15.2
Hubballi,15.3478,75.1338,2026-01-10 10:00:00,44.7,42.8,370.0,6.5,17.5,142.0,23.2,43,0.0,17.6
Hubballi,15.3478,75.1338,2026-01-10 11:00:00,43.9,42.1,335.0,3.9,17.4,167.0,24.9,36,0.0,17.7
Hubballi,15.3478,75.1338,2026-01-10 12:00:00,42.0,40.4,312.0,2.7,16.1,178.0,26.0,33,0.0,16.1
Hubballi,15.3478,75.1338,2026-01-10 13:00:00,40.0,38.5,296.0,2.2,14.1,181.0,26.9,31,0.0,14.7
Hubballi,15.3478,75.1338,2026-01-10 14:00:00,38.0,36.7,289.0,2.4,12.5,181.0,27.3,30,0.0,14.9
Hubballi,15.3478,75.1338,2026-01-10 15:00:00,36.1,34.8,292.0,3.5,11.5,178.0,27.2,30,0.0,15.4
Hubballi,15.3478,75.1338,2026-01-10 16:00:00,35.5,34.5,304.0,5.2,10.9,171.0,26.8,30,0.0,14.7
Hubballi,15.3478,75.1338,2026-01-10 17:00:00,28.1,27.5,325.0,6.6,10.1,170.0,25.9,32,0.0,14.6
Hubballi,15.3478,75.1338,2026-01-10 18:00:00,30.9,30.4,363.0,9.2,11.3,158.0,23.9,38,0.0,13.0
Hubballi,15.3478,75.1338,2026-01-10 19:00:00,32.5,32.1,410.0,12.8,13.0,141.0,22.8,42,0.0,14.4
Hubballi,15.3478,75.1338,2026-01-10 20:00:00,34.3,33.9,436.0,15.2,14.7,125.0,21.7,44,0.0,15.3
Hubballi,15.3478,75.1338,2026-01-10 21:00:00,36.0,35.5,424.0,15.6,16.4,112.0,20.8,47,0.0,14.8
Hubballi,15.3478,75.1338,2026-01-10 22:00:00,36.9,36.4,393.0,14.9,18.0,101.0,20.1,52,0.0,13.9
Hubballi,15.3478,75.1338,2026-01-10 23:00:00,36.8,36.2,367.0,13.7,18.8,93.0,19.7,56,0.0,14.7
Hubballi,15.3478,75.1338,2026-01-11 00:00:00,35.6,35.0,356.0,12.0,18.1,88.0,19.0,61,0.0,12.6
Hubballi,15.3478,75.1338,2026-01-11 01:00:00,34.6,33.9,351.0,9.9,16.5,86.0,18.5,65,0.0,12.3
Hubballi,15.3478,75.1338,2026-01-11 02:00:00,33.4,32.7,354.0,8.2,15.2,85.0,17.9,68,0.0,12.0
Hubballi,15.3478,75.1338,2026-01-11 03:00:00,32.7,32.0,369.0,7.0,14.7,86.0,17.7,69,0.0,11.6
Hubballi,15.3478,75.1338,2026-01-11 04:00:00,32.1,31.5,392.0,6.3,14.5,87.0,18.5,65,0.0,13.0
Hubballi,15.3478,75.1338,2026-01-11 05:00:00,32.2,31.7,409.0,6.1,14.4,90.0,17.9,73,0.0,14.2
Hubballi,15.3478,75.1338,2026-01-11 06:00:00,32.5,32.0,417.0,7.3,14.6,88.0,17.9,73,0.0,13.5
Hubballi,15.3478,75.1338,2026-01-11 07:00:00,32.9,32.5,419.0,8.8,14.8,86.0,18.2,71,0.0,13.7
Hubballi,15.3478,75.1338,2026-01-11 08:00:00,32.2,31.7,412.0,9.4,14.4,86.0,19.3,67,0.0,14.6
Hubballi,15.3478,75.1338,2026-01-11 09:00:00,27.5,27.0,388.0,8.2,13.0,92.0,21.0,60,0.0,14.0
Hubballi,15.3478,75.1338,2026-01-11 10:00:00,21.8,21.4,355.0,6.0,10.9,100.0,22.8,54,0.0,15.7
Hubballi,15.3478,75.1338,2026-01-11 11:00:00,17.9,17.5,331.0,4.2,9.0,107.0,23.0,57,0.0,17.6
Hubballi,15.3478,75.1338,2026-01-11 12:00:00,15.3,15.0,326.0,3.1,7.3,111.0,22.8,58,0.0,18.0
Hubballi,15.3478,75.1338,2026-01-11 13:00:00,13.6,13.4,329.0,2.4,5.8,113.0,22.9,59,0.0,16.5
Hubballi,15.3478,75.1338,2026-01-11 14:00:00,11.7,11.5,326.0,2.2,4.7,114.0,24.0,55,0.0,15.9
Hubballi,15.3478,75.1338,2026-01-11 15:00:00,11.5,11.2,308.0,2.5,4.1,112.0,24.9,53,0.0,15.0
Hubballi,15.3478,75.1338,2026-01-11 16:00:00,11.7,11.5,285.0,3.3,4.0,109.0,23.9,55,0.0,16.7
Hubballi,15.3478,75.1338,2026-01-11 17:00:00,12.7,12.5,270.0,4.6,4.3,105.0,23.2,60,0.0,14.3
Hubballi,15.3478,75.1338,2026-01-11 18:00:00,14.8,14.6,268.0,6.8,5.1,101.0,22.4,62,0.0,12.5
Hubballi,15.3478,75.1338,2026-01-11 19:00:00,17.1,16.9,274.0,9.4,6.4,96.0,22.1,60,0.0,16.3
Hubballi,15.3478,75.1338,2026-01-11 20:00:00,18.9,18.7,288.0,11.4,7.6,91.0,21.4,59,0.0,14.9
Hubballi,15.3478,75.1338,2026-01-11 21:00:00,20.0,19.7,317.0,12.5,8.8,86.0,20.8,60,0.0,15.1
Hubballi,15.3478,75.1338,2026-01-11 22:00:00,20.1,19.8,354.0,12.9,10.1,81.0,20.2,64,0.0,14.4
Hubballi,15.3478,75.1338,2026-01-11 23:00:00,19.4,19.2,376.0,12.4,10.8,79.0,19.8,72,0.0,13.8
Hubballi,15.3478,75.1338,2026-01-12 00:00:00,18.9,18.6,368.0,10.3,10.6,82.0,19.6,71,0.0,13.9
Hubballi,15.3478,75.1338,2026-01-12 01:00:00,20.1,19.8,345.0,7.3,9.9,89.0,19.3,69,0.0,13.1
Hubballi,15.3478,75.1338,2026-01-12 02:00:00,22.1,21.7,325.0,5.1,9.4,93.0,19.0,68,0.0,12.5
Hubballi,15.3478,75.1338,2026-01-12 03:00:00,22.9,22.6,314.0,4.4,9.4,93.0,18.7,71,0.0,12.4
Hubballi,15.3478,75.1338,2026-01-12 04:00:00,23.1,22.7,305.0,4.6,9.5,91.0,18.3,77,0.0,12.0
Hubballi,15.3478,75.1338,2026-01-12 05:00:00,24.9,24.5,300.0,7.2,13.0,86.0,18.3,82,0.0,10.1
Hubballi,15.3478,75.1338,2026-01-12 06:00:00,24.6,24.2,302.0,7.9,12.4,85.0,18.4,85,0.0,10.6
Hubballi,15.3478,75.1338,2026-01-12 07:00:00,23.9,23.5,307.0,8.7,11.5,85.0,18.5,83,0.0,11.0
Hubballi,15.3478,75.1338,2026-01-12 08:00:00,22.6,22.2,305.0,8.7,10.5,89.0,20.6,68,0.0,12.0
Hubballi,15.3478,75.1338,2026-01-12 09:00:00,21.2,20.7,290.0,6.9,9.4,103.0,23.0,55,0.0,14.5
Hubballi,15.3478,75.1338,2026-01-12 10:00:00,21.0,20.4,269.0,4.3,8.1,123.0,25.0,50,0.0,16.9
Hubballi,15.3478,75.1338,2026-01-12 11:00:00,18.5,18.1,252.0,2.3,7.0,136.0,26.4,50,0.0,17.5
Hubballi,15.3478,75.1338,2026-01-12 12:00:00,16.8,16.5,243.0,1.5,6.0,139.0,27.9,46,0.0,17.9
Hubballi,15.3478,75.1338,2026-01-12 13:00:00,16.1,15.8,237.0,1.4,5.1,136.0,28.8,42,0.0,16.9
Hubballi,15.3478,75.1338,2026-01-12 14:00:00,14.8,14.5,234.0,1.6,4.4,131.0,27.9,45,0.0,15.7
Hubballi,15.3478,75.1338,2026-01-12 15:00:00,13.9,13.6,230.0,1.7,3.8,126.0,28.2,43,0.0,14.7
Hubballi,15.3478,75.1338,2026-01-12 16:00:00,13.4,13.1,229.0,2.2,3.3,118.0,28.3,42,0.0,15.7
Hubballi,15.3478,75.1338,2026-01-12 17:00:00,9.9,9.9,240.0,4.1,3.3,113.0,27.3,49,0.0,12.1
Hubballi,15.3478,75.1338,2026-01-12 18:00:00,13.0,13.0,275.0,10.0,4.0,102.0,25.8,53,0.0,10.1
Hubballi,15.3478,75.1338,2026-01-12 19:00:00,16.6,16.6,322.0,18.1,5.0,86.0,24.7,55,0.0,11.8
Hubballi,15.3478,75.1338,2026-01-12 20:00:00,20.1,20.0,356.0,23.0,6.1,76.0,23.7,56,0.0,13.5
Hubballi,15.3478,75.1338,2026-01-12 21:00:00,21.7,21.6,365.0,22.1,7.3,77.0,23.0,57,0.0,11.9
Hubballi,15.3478,75.1338,2026-01-12 22:00:00,20.8,20.7,362.0,18.1,8.5,83.0,22.1,61,0.0,10.1
Hubballi,15.3478,75.1338,2026-01-12 23:00:00,19.8,19.7,359.0,14.1,9.3,88.0,21.7,68,0.0,11.6
Hubballi,15.3478,75.1338,2026-01-13 00:00:00,18.6,18.4,363.0,10.8,9.5,91.0,21.7,71,0.0,12.1
Hubballi,15.3478,75.1338,2026-01-13 01:00:00,17.5,17.3,367.0,7.5,9.2,93.0,21.3,71,0.0,12.1
Hubballi,15.3478,75.1338,2026-01-13 02:00:00,16.5,16.3,367.0,5.2,8.9,93.0,20.7,72,0.0,12.0
Hubballi,15.3478,75.1338,2026-01-13 03:00:00,15.8,15.5,358.0,4.3,8.4,88.0,20.1,76,0.0,10.9
Hubballi,15.3478,75.1338,2026-01-13 04:00:00,15.2,15.0,345.0,4.3,7.8,80.0,19.4,80,0.0,9.9
Hubballi,15.3478,75.1338,2026-01-13 05:00:00,14.6,14.3,332.0,4.3,7.6,78.0,19.1,85,0.0,9.2
Hubballi,15.3478,75.1338,2026-01-13 06:00:00,15.0,14.6,323.0,5.4,8.1,76.0,19.0,85,0.0,8.4
Hubballi,15.3478,75.1338,2026-01-13 07:00:00,16.7,16.3,314.0,7.0,8.8,74.0,19.0,85,0.0,8.1
Hubballi,15.3478,75.1338,2026-01-13 08:00:00,18.5,17.9,303.0,7.5,8.9,77.0,20.9,78,0.0,9.0
Hubballi,15.3478,75.1338,2026-01-13 09:00:00,20.1,19.3,287.0,6.2,7.9,89.0,23.0,70,0.0,10.2
Hubballi,15.3478,75.1338,2026-01-13 10:00:00,19.3,18.4,268.0,3.9,6.4,105.0,25.1,61,0.0,11.3
Hubballi,15.3478,75.1338,2026-01-13 11:00:00,17.1,16.4,253.0,2.1,5.1,117.0,27.0,53,0.0,11.9
Hubballi,15.3478,75.1338,2026-01-13 12:00:00,15.0,14.4,242.0,1.5,4.3,121.0,28.1,48,0.0,10.3
Hubballi,15.3478,75.1338,2026-01-13 13:00:00,14.3,13.8,234.0,1.4,3.6,122.0,28.6,46,0.0,10.1
Hubballi,15.3478,75.1338,2026-01-13 14:00:00,14.0,13.5,230.0,1.6,3.2,121.0,29.0,45,0.0,9.4
Hubballi,15.3478,75.1338,2026-01-13 15:00:00,13.7,13.2,226.0,1.0,3.0,123.0,29.3,44,0.0,8.2
Hubballi,15.3478,75.1338,2026-01-13 16:00:00,14.0,13.5,226.0,0.7,3.0,124.0,28.8,45,0.0,8.5
Hubballi,15.3478,75.1338,2026-01-13 17:00:00,15.8,15.1,240.0,3.7,2.8,114.0,27.9,46,0.1,9.9
Hubballi,15.3478,75.1338,2026-01-13 18:00:00,20.8,20.2,274.0,12.5,3.6,98.0,26.4,51,0.0,5.0
Hubballi,15.3478,75.1338,2026-01-13 19:00:00,26.2,25.6,321.0,24.5,4.7,77.0,25.8,53,0.0,8.1
Hubballi,15.3478,75.1338,2026-01-13 20:00:00,26.8,26.3,372.0,32.2,5.8,61.0,24.1,63,0.1,8.1
Hubballi,15.3478,75.1338,2026-01-13 21:00:00,26.1,25.7,437.0,31.4,7.0,57.0,22.9,75,0.1,0.6
Hubballi,15.3478,75.1338,2026-01-13 22:00:00,25.8,25.5,504.0,26.3,8.2,60.0,22.3,77,0.0,2.6
Hubballi,15.3478,75.1338,2026-01-13 23:00:00,25.4,25.1,532.0,22.3,9.0,60.0,21.9,78,0.0,2.2
Hubballi,15.3478,75.1338,2026-01-14 00:00:00,24.8,24.5,483.0,21.7,9.3,55.0,21.4,81,0.0,4.5
Hubballi,15.3478,75.1338,2026-01-14 01:00:00,24.9,24.6,393.0,22.1,9.2,47.0,20.6,85,0.0,3.5
Hubballi,15.3478,75.1338,2026-01-14 02:00:00,25.6,25.3,333.0,22.3,9.1,41.0,20.3,85,0.0,2.8
Hubballi,15.3478,75.1338,2026-01-14 03:00:00,26.2,25.9,336.0,21.6,9.0,37.0,20.0,86,0.0,2.3
Hubballi,15.3478,75.1338,2026-01-14 04:00:00,27.9,27.6,368.0,20.6,8.8,35.0,19.6,87,0.0,1.4
Hubballi,15.3478,75.1338,2026-01-14 05:00:00,27.2,26.9,395.0,18.1,8.8,37.0,20.0,85,0.0,1.6
Hubballi,15.3478,75.1338,2026-01-14 06:00:00,28.9,28.6,410.0,19.2,8.9,35.0,19.8,86,0.0,3.7
Hubballi,15.3478,75.1338,2026-01-14 07:00:00,32.8,32.6,419.0,20.4,9.1,34.0,19.8,86,0.0,6.6
Hubballi,15.3478,75.1338,2026-01-14 08:00:00,27.3,27.0,410.0,19.6,8.8,41.0,22.2,75,0.0,6.0
Hubballi,15.3478,75.1338,2026-01-14 09:00:00,19.8,19.4,367.0,14.6,7.9,64.0,24.4,66,0.0,5.1
Hubballi,15.3478,75.1338,2026-01-14 10:00:00,18.9,18.5,305.0,7.5,6.5,96.0,26.1,59,0.0,5.8
Hubballi,15.3478,75.1338,2026-01-14 11:00:00,17.9,17.4,259.0,2.3,5.4,120.0,26.9,55,0.2,5.7
Hubballi,15.3478,75.1338,2026-01-14 12:00:00,17.1,16.6,243.0,0.8,4.7,130.0,28.1,51,0.1,5.6
Hubballi,15.3478,75.1338,2026-01-14 13:00:00,16.4,16.0,243.0,1.1,4.1,134.0,28.6,49,0.0,3.3
Hubballi,15.3478,75.1338,2026-01-14 14:00:00,16.2,15.8,245.0,1.7,3.7,135.0,29.0,48,0.0,3.1
Hubballi,15.3478,75.1338,2026-01-14 15:00:00,16.2,15.8,241.0,1.5,3.4,137.0,29.2,46,0.0,3.7
Hubballi,15.3478,75.1338,2026-01-14 16:00:00,16.2,15.8,239.0,1.7,3.3,137.0,29.2,45,0.0,4.8
Hubballi,15.3478,75.1338,2026-01-14 17:00:00,24.9,24.2,254.0,4.2,3.2,121.0,28.7,43,0.0,9.0
Hubballi,15.3478,75.1338,2026-01-14 18:00:00,32.1,31.4,287.0,10.8,3.7,107.0,26.5,52,0.3,6.7
Hubballi,15.3478,75.1338,2026-01-14 19:00:00,38.0,37.3,336.0,19.8,4.5,87.0,24.7,70,0.2,0.8
Hubballi,15.3478,75.1338,2026-01-14 20:00:00,37.6,37.0,415.0,26.0,5.1,71.0,23.6,75,0.0,3.1
Hubballi,15.3478,75.1338,2026-01-14 21:00:00,39.6,39.0,570.0,26.5,5.4,64.0,22.5,80,0.0,2.8
Hubballi,15.3478,75.1338,2026-01-14 22:00:00,42.7,42.0,754.0,24.2,5.6,61.0,22.2,77,0.0,6.3
Hubballi,15.3478,75.1338,2026-01-14 23:00:00,45.5,44.7,841.0,22.0,5.6,58.0,22.1,77,0.0,5.1
Hubballi,15.3478,75.1338,2026-01-15 00:00:00,46.7,45.9,737.0,21.2,5.4,54.0,21.7,79,0.0,2.2
Hubballi,15.3478,75.1338,2026-01-15 01:00:00,46.6,45.6,535.0,20.6,5.0,50.0,21.4,80,0.0,4.8
Hubballi,15.3478,75.1338,2026-01-15 02:00:00,45.2,44.4,388.0,19.8,4.9,47.0,20.7,84,0.0,5.7
Hubballi,15.3478,75.1338,2026-01-15 03:00:00,41.9,41.1,366.0,18.2,5.2,46.0,20.2,85,0.0,4.9
Hubballi,15.3478,75.1338,2026-01-15 04:00:00,37.4,36.8,400.0,16.3,5.9,46.0,20.0,85,0.0,6.1
Hubballi,15.3478,75.1338,2026-01-15 05:00:00,34.3,33.5,434.0,11.8,5.2,61.0,19.8,87,0.0,4.7
Hubballi,15.3478,75.1338,2026-01-15 06:00:00,32.0,31.3,461.0,14.5,5.3,57.0,19.5,89,0.0,4.2
Hubballi,15.3478,75.1338,2026-01-15 07:00:00,32.7,32.0,490.0,17.9,5.5,53.0,19.9,87,0.0,5.6
Hubballi,15.3478,75.1338,2026-01-15 08:00:00,28.8,28.4,488.0,18.8,6.3,59.0,22.6,75,0.0,4.5
Hubballi,15.3478,75.1338,2026-01-15 09:00:00,22.4,22.1,429.0,14.7,8.7,84.0,25.3,61,0.0,6.6
Hubballi,15.3478,75.1338,2026-01-15 10:00:00,16.7,16.5,339.0,8.1,11.6,119.0,27.3,51,0.0,7.0
Hubballi,15.3478,75.1338,2026-01-15 11:00:00,18.9,18.6,272.0,3.1,13.1,144.0,27.9,48,0.0,8.0
Hubballi,15.3478,75.1338,2026-01-15 12:00:00,23.0,22.5,251.0,1.4,11.6,151.0,28.9,44,0.0,6.5
Hubballi,15.3478,75.1338,2026-01-15 13:00:00,22.9,22.4,253.0,1.4,8.5,149.0,29.7,41,0.0,5.9
Hubballi,15.3478,75.1338,2026-01-15 14:00:00,22.5,21.9,255.0,1.9,6.1,146.0,30.2,38,0.0,6.6
Hubballi,15.3478,75.1338,2026-01-15 15:00:00,22.7,22.1,244.0,1.7,5.1,146.0,30.2,37,0.0,8.7
Hubballi,15.3478,75.1338,2026-01-15 16:00:00,23.1,22.5,234.0,2.1,4.7,145.0,29.6,36,0.0,10.3
Hubballi,15.3478,75.1338,2026-01-15 17:00:00,21.4,20.8,247.0,5.3,5.1,133.0,29.2,36,0.0,8.3
Hubballi,15.3478,75.1338,2026-01-15 18:00:00,27.1,26.5,300.0,12.6,5.3,115.0,26.7,43,0.0,5.6
Hubballi,15.3478,75.1338,2026-01-15 19:00:00,30.6,30.0,376.0,22.5,5.6,91.0,25.9,46,0.0,4.5
Hubballi,15.3478,75.1338,2026-01-15 20:00:00,30.4,29.9,446.0,28.5,6.3,75.0,25.2,48,0.0,6.2
Hubballi,15.3478,75.1338,2026-01-15 21:00:00,30.3,29.9,504.0,26.7,7.6,74.0,24.7,50,0.0,7.7
Hubballi,15.3478,75.1338,2026-01-15 22:00:00,32.2,31.9,555.0,21.0,9.3,81.0,23.4,58,0.0,4.8
Hubballi,15.3478,75.1338,2026-01-15 23:00:00,34.5,34.1,585.0,16.2,11.0,85.0,22.1,64,0.0,3.9
Hubballi,15.3478,75.1338,2026-01-16 00:00:00,35.3,34.9,580.0,14.1,12.7,84.0,21.6,68,0.0,0.4
Hubballi,15.3478,75.1338,2026-01-16 01:00:00,35.6,35.2,553.0,12.8,14.3,80.0,21.3,68,0.0,0.2
Hubballi,15.3478,75.1338,2026-01-16 02:00:00,36.2,35.7,529.0,11.8,15.2,76.0,20.9,69,0.0,1.9
Hubballi,15.3478,75.1338,2026-01-16 03:00:00,37.0,36.6,517.0,10.7,15.1,72.0,20.2,72,0.0,2.3
Hubballi,15.3478,75.1338,2026-01-16 04:00:00,38.0,37.4,507.0,9.9,14.4,67.0,20.1,72,0.0,1.4
Hubballi,15.3478,75.1338,2026-01-16 05:00:00,38.9,38.3,493.0,10.2,13.1,62.0,19.8,75,0.0,6.1
Hubballi,15.3478,75.1338,2026-01-16 06:00:00,38.9,38.3,471.0,12.2,12.6,57.0,19.0,80,0.0,5.7
Hubballi,15.3478,75.1338,2026-01-16 07:00:00,39.6,39.1,445.0,14.8,11.8,51.0,19.4,80,0.0,6.1
Hubballi,15.3478,75.1338,2026-01-16 08:00:00,39.1,38.9,415.0,15.4,11.1,56.0,21.5,72,0.0,7.7
Hubballi,15.3478,75.1338,2026-01-16 09:00:00,37.5,37.1,380.0,12.1,10.7,81.0,23.5,65,0.0,9.5
Hubballi,15.3478,75.1338,2026-01-16 10:00:00,36.2,35.7,342.0,6.8,10.4,117.0,25.8,57,0.0,10.9
Hubballi,15.3478,75.1338,2026-01-16 11:00:00,38.4,37.7,310.0,2.8,9.9,145.0,27.4,50,0.0,10.5
Hubballi,15.3478,75.1338,2026-01-16 12:00:00,41.7,40.3,288.0,1.4,9.0,156.0,28.5,45,0.0,8.1
Hubballi,15.3478,75.1338,2026-01-16 13:00:00,42.7,40.6,274.0,1.2,8.0,158.0,29.2,42,0.0,8.7
Hubballi,15.3478,75.1338,2026-01-16 14:00:00,43.2,40.5,265.0,1.8,7.2,158.0,29.6,39,0.0,10.2
Hubballi,15.3478,75.1338,2026-01-16 15:00:00,43.7,40.6,260.0,2.8,7.0,158.0,29.6,38,0.0,12.6
Hubballi,15.3478,75.1338,2026-01-16 16:00:00,44.1,40.9,262.0,4.6,7.1,156.0,28.5,36,0.0,15.0
Hubballi,15.3478,75.1338,2026-01-16 17:00:00,40.6,37.7,276.0,6.2,6.8,150.0,27.7,40,0.0,9.9
Hubballi,15.3478,75.1338,2026-01-16 18:00:00,46.0,43.2,316.0,11.8,6.9,133.0,26.0,47,0.0,9.8
Hubballi,15.3478,75.1338,2026-01-16 19:00:00,48.8,46.0,368.0,19.4,7.1,111.0,24.8,51,0.0,8.7
Hubballi,15.3478,75.1338,2026-01-16 20:00:00,48.2,45.8,403.0,23.8,7.3,94.0,23.3,57,0.0,7.0
Hubballi,15.3478,75.1338,2026-01-16 21:00:00,46.0,43.9,405.0,22.1,7.5,90.0,23.0,57,0.0,10.5
Hubballi,15.3478,75.1338,2026-01-16 22:00:00,44.2,42.5,390.0,17.3,7.8,91.0,22.1,59,0.0,11.7
Hubballi,15.3478,75.1338,2026-01-16 23:00:00,43.3,41.6,374.0,13.2,8.0,93.0,21.4,60,0.0,10.3
Hubballi,15.3478,75.1338,2026-01-17 00:00:00,42.5,40.7,358.0,11.1,8.3,92.0,20.8,63,0.0,8.8
Hubballi,15.3478,75.1338,2026-01-17 01:00:00,42.5,40.5,341.0,9.7,8.6,91.0,20.4,64,0.0,10.0
Hubballi,15.3478,75.1338,2026-01-17 02:00:00,43.2,41.0,337.0,8.7,8.8,90.0,19.9,63,0.0,9.8
Hubballi,15.3478,75.1338,2026-01-17 03:00:00,44.1,41.7,355.0,7.7,8.9,88.0,18.9,67,0.0,7.4
Hubballi,15.3478,75.1338,2026-01-17 04:00:00,45.2,42.5,385.0,7.0,8.9,86.0,17.9,74,0.0,6.0
Hubballi,15.3478,75.1338,2026-01-17 05:00:00,46.2,43.7,414.0,7.4,9.7,83.0,17.5,79,0.0,5.4
Hubballi,15.3478,75.1338,2026-01-17 06:00:00,48.0,45.3,447.0,9.9,10.3,78.0,17.1,83,0.0,5.4
Hubballi,15.3478,75.1338,2026-01-17 07:00:00,51.2,48.7,480.0,13.2,11.2,72.0,17.5,81,0.0,4.9
Hubballi,15.3478,75.1338,2026-01-17 08:00:00,51.9,50.1,482.0,14.4,11.8,75.0,20.6,67,0.0,5.2
Hubballi,15.3478,75.1338,2026-01-17 09:00:00,53.7,51.6,427.0,11.4,12.1,97.0,23.6,56,0.0,6.4
Hubballi,15.3478,75.1338,2026-01-17 10:00:00,51.8,49.0,341.0,6.4,12.1,127.0,26.0,43,0.0,9.2
Hubballi,15.3478,75.1338,2026-01-17 11:00:00,47.8,43.7,276.0,2.6,11.7,151.0,27.1,36,0.0,8.7
Hubballi,15.3478,75.1338,2026-01-17 12:00:00,44.1,38.9,254.0,1.2,10.6,160.0,28.1,32,0.0,8.8
Hubballi,15.3478,75.1338,2026-01-17 13:00:00,41.0,35.4,252.0,1.1,9.1,162.0,28.6,29,0.0,9.0
Hubballi,15.3478,75.1338,2026-01-17 14:00:00,39.5,33.8,255.0,1.9,7.9,161.0,28.9,28,0.0,9.0
Hubballi,15.3478,75.1338,2026-01-17 15:00:00,38.5,32.9,254.0,3.7,7.3,158.0,28.9,26,0.0,8.5
Hubballi,15.3478,75.1338,2026-01-17 16:00:00,38.0,32.6,259.0,6.4,7.1,152.0,28.4,26,0.0,7.9
Hubballi,15.3478,75.1338,2026-01-17 17:00:00,36.4,31.9,280.0,8.0,6.7,139.0,27.5,30,0.0,6.8
Hubballi,15.3478,75.1338,2026-01-17 18:00:00,41.1,36.6,337.0,13.7,6.8,123.0,24.3,41,0.0,5.8
Hubballi,15.3478,75.1338,2026-01-17 19:00:00,43.9,39.7,412.0,21.4,7.0,101.0,23.5,43,0.0,5.6
Hubballi,15.3478,75.1338,2026-01-17 20:00:00,41.9,38.8,456.0,25.7,7.5,86.0,23.0,45,0.0,8.7
Hubballi,15.3478,75.1338,2026-01-17 21:00:00,39.3,37.4,444.0,23.2,8.4,87.0,21.4,47,0.0,9.6
Hubballi,15.3478,75.1338,2026-01-17 22:00:00,39.5,38.0,403.0,17.4,9.5,95.0,20.4,48,0.0,8.5
Hubballi,15.3478,75.1338,2026-01-17 23:00:00,40.6,39.1,365.0,12.7,10.5,100.0,20.3,48,0.0,8.9
Hubballi,15.3478,75.1338,2026-01-18 00:00:00,41.2,39.6,340.0,11.1,11.3,98.0,19.2,52,0.0,6.9
Hubballi,15.3478,75.1338,2026-01-18 01:00:00,41.6,39.8,319.0,10.6,12.0,94.0,18.5,55,0.0,6.3
Hubballi,15.3478,75.1338,2026-01-18 02:00:00,41.7,39.7,307.0,10.4,12.6,89.0,17.9,58,0.0,5.9
Hubballi,15.3478,75.1338,2026-01-18 03:00:00,41.7,39.5,305.0,10.0,13.1,84.0,17.6,60,0.0,4.1
Hubballi,15.3478,75.1338,2026-01-18 04:00:00,42.5,40.0,311.0,9.9,13.5,79.0,17.0,62,0.0,4.1
Hubballi,15.3478,75.1338,2026-01-18 05:00:00,42.4,39.9,327.0,9.4,13.9,78.0,16.6,65,0.0,5.2
Hubballi,15.3478,75.1338,2026-01-18 06:00:00,44.7,42.3,366.0,12.3,14.1,72.0,16.3,68,0.0,6.9
Hubballi,15.3478,75.1338,2026-01-18 07:00:00,48.0,45.6,415.0,16.1,14.4,65.0,16.8,67,0.0,8.3
Hubballi,15.3478,75.1338,2026-01-18 08:00:00,41.2,39.7,431.0,17.3,14.1,68.0,20.1,57,0.0,9.9
Hubballi,15.3478,75.1338,2026-01-18 09:00:00,37.4,35.9,384.0,13.5,12.9,90.0,23.3,47,0.0,7.6
Hubballi,15.3478,75.1338,2026-01-18 10:00:00,32.2,30.6,305.0,7.2,11.2,121.0,25.9,35,0.0,8.8
Hubballi,15.3478,75.1338,2026-01-18 11:00:00,27.8,26.0,246.0,2.5,9.6,144.0,27.1,28,0.0,7.6
Hubballi,15.3478,75.1338,2026-01-18 12:00:00,25.7,23.4,230.0,0.9,8.1,152.0,28.1,26,0.0,5.9
Hubballi,15.3478,75.1338,2026-01-18 13:00:00,23.9,21.5,233.0,0.8,6.7,152.0,28.7,25,0.0,5.2
Hubballi,15.3478,75.1338,2026-01-18 14:00:00,22.1,19.8,241.0,1.7,5.6,150.0,29.0,24,0.0,4.8
Hubballi,15.3478,75.1338,2026-01-18 15:00:00,20.3,18.3,238.0,2.4,4.8,148.0,28.9,23,0.0,4.4
Hubballi,15.3478,75.1338,2026-01-18 16:00:00,19.2,17.3,239.0,4.0,4.4,143.0,28.7,22,0.0,3.8
Hubballi,15.3478,75.1338,2026-01-18 17:00:00,17.8,16.6,272.0,11.6,4.2,125.0,27.7,25,0.0,4.6
Hubballi,15.3478,75.1338,2026-01-18 18:00:00,26.9,25.6,376.0,28.3,5.6,103.0,24.9,28,0.0,4.3
Hubballi,15.3478,75.1338,2026-01-18 19:00:00,36.0,34.5,512.0,51.0,7.6,74.0,24.0,29,0.0,1.9
Hubballi,15.3478,75.1338,2026-01-18 20:00:00,43.4,41.7,587.0,64.5,9.0,52.0,22.7,36,0.0,6.8
Hubballi,15.3478,75.1338,2026-01-18 21:00:00,47.0,44.9,543.0,60.2,9.2,47.0,20.5,43,0.0,6.5
Hubballi,15.3478,75.1338,2026-01-18 22:00:00,47.4,44.9,439.0,46.8,8.9,50.0,19.8,73,0.0,11.5
Hubballi,15.3478,75.1338,2026-01-18 23:00:00,47.8,45.3,357.0,35.6,8.3,52.0,19.5,79,0.0,10.7
Hubballi,15.3478,75.1338,2026-01-19 00:00:00,48.5,45.9,332.0,30.9,7.6,49.0,18.7,80,0.0,6.9
Hubballi,15.3478,75.1338,2026-01-19 01:00:00,46.7,44.1,329.0,28.4,6.8,44.0,18.1,80,0.0,6.0
Hubballi,15.3478,75.1338,2026-01-19 02:00:00,42.3,39.9,329.0,26.3,6.0,39.0,17.9,79,0.0,9.6
Hubballi,15.3478,75.1338,2026-01-19 03:00:00,38.2,36.1,318.0,23.9,5.4,34.0,17.4,81,0.0,7.5
Hubballi,15.3478,75.1338,2026-01-19 04:00:00,34.9,33.2,309.0,21.9,4.9,30.0,16.5,85,0.0,5.2
Hubballi,15.3478,75.1338,2026-01-19 05:00:00,37.4,35.5,320.0,24.2,5.4,25.0,16.4,88,0.0,4.2
Hubballi,15.3478,75.1338,2026-01-19 06:00:00,35.3,33.8,380.0,23.6,5.4,26.0,15.6,90,0.0,4.5
Hubballi,15.3478,75.1338,2026-01-19 07:00:00,35.7,34.5,460.0,22.6,5.3,28.0,15.9,91,0.0,4.6
Hubballi,15.3478,75.1338,2026-01-19 08:00:00,31.4,30.6,494.0,20.1,5.4,39.0,18.7,80,0.0,3.5
Hubballi,15.3478,75.1338,2026-01-19 09:00:00,21.8,20.8,435.0,14.7,5.8,66.0,21.7,67,0.0,4.0
Hubballi,15.3478,75.1338,2026-01-19 10:00:00,17.8,16.5,329.0,7.9,6.3,102.0,24.4,53,0.0,6.2
Hubballi,15.3478,75.1338,2026-01-19 11:00:00,17.4,16.2,249.0,2.9,6.6,131.0,25.8,45,0.0,5.5
Hubballi,15.3478,75.1338,2026-01-19 12:00:00,16.2,15.3,227.0,1.2,6.5,146.0,27.2,40,0.0,3.8
Hubballi,15.3478,75.1338,2026-01-19 13:00:00,15.2,14.5,230.0,1.2,6.3,153.0,28.0,36,0.0,1.9
Hubballi,15.3478,75.1338,2026-01-19 14:00:00,14.4,13.9,239.0,1.7,6.0,157.0,28.4,34,0.0,1.3
Hubballi,15.3478,75.1338,2026-01-19 15:00:00,14.2,13.6,245.0,1.2,5.7,160.0,28.5,33,0.0,2.3
Hubballi,15.3478,75.1338,2026-01-19 16:00:00,14.2,13.6,255.0,1.2,5.4,160.0,28.3,33,0.0,4.0
Hubballi,15.3478,75.1338,2026-01-19 17:00:00,11.4,10.9,275.0,4.6,4.9,142.0,27.5,35,0.0,7.7
Hubballi,15.3478,75.1338,2026-01-19 18:00:00,18.3,17.6,315.0,11.4,5.1,122.0,24.7,44,0.0,8.8
Hubballi,15.3478,75.1338,2026-01-19 19:00:00,23.2,22.4,364.0,20.6,5.4,94.0,23.3,46,0.0,6.2
Hubballi,15.3478,75.1338,2026-01-19 20:00:00,22.1,21.3,394.0,25.9,5.6,73.0,21.9,50,0.0,9.4
Hubballi,15.3478,75.1338,2026-01-19 21:00:00,21.1,20.3,388.0,23.1,5.6,66.0,20.4,61,0.0,13.8
Hubballi,15.3478,75.1338,2026-01-19 22:00:00,21.8,20.8,364.0,16.4,5.5,65.0,19.9,64,0.0,9.9
Hubballi,15.3478,75.1338,2026-01-19 23:00:00,23.2,21.9,347.0,12.9,5.5,62.0,18.4,77,0.0,4.5
Hubballi,15.3478,75.1338,2026-01-20 00:00:00,25.3,23.8,350.0,16.5,5.8,53.0,18.0,79,0.0,2.0
Hubballi,15.3478,75.1338,2026-01-20 01:00:00,28.4,27.0,360.0,23.2,6.1,43.0,17.5,82,0.0,0.5
Hubballi,15.3478,75.1338,2026-01-20 02:00:00,31.3,29.9,368.0,28.3,6.6,35.0,16.7,85,0.0,3.2
Hubballi,15.3478,75.1338,2026-01-20 03:00:00,33.9,32.5,366.0,30.0,7.2,31.0,16.4,86,0.0,2.7
Hubballi,15.3478,75.1338,2026-01-20 04:00:00,36.1,34.8,362.0,30.2,7.9,30.0,16.0,87,0.0,2.7
Hubballi,15.3478,75.1338,2026-01-20 05:00:00,37.6,35.7,372.0,30.2,7.2,22.0,16.0,89,0.0,2.7
Hubballi,15.3478,75.1338,2026-01-20 06:00:00,39.5,37.7,418.0,30.4,7.7,26.0,15.8,89,0.0,4.9
Hubballi,15.3478,75.1338,2026-01-20 07:00:00,43.5,42.0,479.0,30.2,8.4,33.0,16.1,87,0.0,5.7
Hubballi,15.3478,75.1338,2026-01-20 08:00:00,39.5,38.6,500.0,27.6,8.7,48.0,19.1,73,0.0,5.2
Hubballi,15.3478,75.1338,2026-01-20 09:00:00,25.0,24.6,445.0,20.1,8.4,80.0,22.4,51,0.0,6.0
Hubballi,15.3478,75.1338,2026-01-20 10:00:00,22.8,22.3,350.0,10.1,7.9,121.0,24.8,41,0.0,9.6
Hubballi,15.3478,75.1338,2026-01-20 11:00:00,21.5,21.0,278.0,2.7,7.3,151.0,26.3,37,0.0,13.9
Hubballi,15.3478,75.1338,2026-01-20 12:00:00,19.2,18.8,255.0,0.4,6.9,162.0,27.6,32,0.0,13.5
Hubballi,15.3478,75.1338,2026-01-20 13:00:00,18.3,17.9,254.0,0.7,6.4,164.0,28.3,29,0.0,11.5
Hubballi,15.3478,75.1338,2026-01-20 14:00:00,18.0,17.6,256.0,1.7,6.1,162.0,28.7,27,0.0,10.2
Hubballi,15.3478,75.1338,2026-01-20 15:00:00,17.9,17.5,253.0,2.6,5.8,160.0,28.7,26,0.0,9.9
Hubballi,15.3478,75.1338,2026-01-20 16:00:00,17.9,17.5,252.0,4.2,5.5,156.0,28.5,25,0.0,9.1
Hubballi,15.3478,75.1338,2026-01-20 17:00:00,12.3,12.0,260.0,6.6,5.4,142.0,27.9,27,0.0,7.8
Hubballi,15.3478,75.1338,2026-01-20 18:00:00,16.4,16.3,281.0,12.2,5.7,128.0,24.3,37,0.0,6.2
Hubballi,15.3478,75.1338,2026-01-20 19:00:00,19.1,19.0,311.0,19.6,6.2,109.0,23.5,37,0.0,14.1
Hubballi,15.3478,75.1338,2026-01-20 20:00:00,17.9,17.8,341.0,24.0,7.0,95.0,23.1,37,0.0,13.8
Hubballi,15.3478,75.1338,2026-01-20 21:00:00,17.3,17.2,373.0,22.2,8.4,93.0,22.2,39,0.0,13.8
Hubballi,15.3478,75.1338,2026-01-20 22:00:00,17.8,17.7,404.0,17.3,10.0,97.0,21.2,42,0.0,13.8
Hubballi,15.3478,75.1338,2026-01-20 23:00:00,17.9,17.8,422.0,13.2,11.2,99.0,20.3,46,0.0,12.9
Hubballi,15.3478,75.1338,2026-01-21 00:00:00,17.3,17.2,417.0,11.3,11.5,97.0,19.9,47,0.0,12.1
Hubballi,15.3478,75.1338,2026-01-21 01:00:00,16.8,16.6,398.0,10.2,11.3,93.0,18.7,52,0.0,8.5
Hubballi,15.3478,75.1338,2026-01-21 02:00:00,16.4,16.2,378.0,9.3,11.1,89.0,17.8,55,0.0,7.3
Hubballi,15.3478,75.1338,2026-01-21 03:00:00,16.4,16.2,360.0,8.5,11.0,84.0,17.5,53,0.0,7.5
Hubballi,15.3478,75.1338,2026-01-21 04:00:00,17.0,16.9,340.0,7.9,10.8,79.0,17.6,50,0.0,13.2
Hubballi,15.3478,75.1338,2026-01-21 05:00:00,18.9,18.7,328.0,8.3,10.7,74.0,17.0,55,0.0,11.6
Hubballi,15.3478,75.1338,2026-01-21 06:00:00,20.3,20.1,330.0,9.2,9.8,72.0,16.9,61,0.0,12.8
Hubballi,15.3478,75.1338,2026-01-21 07:00:00,21.8,21.7,339.0,10.2,8.6,70.0,16.8,65,0.0,13.1
Hubballi,15.3478,75.1338,2026-01-21 08:00:00,22.8,22.6,339.0,10.2,7.7,76.0,18.9,59,0.0,12.2
Hubballi,15.3478,75.1338,2026-01-21 09:00:00,23.2,23.1,320.0,8.0,7.6,96.0,21.7,50,0.0,15.3
Hubballi,15.3478,75.1338,2026-01-21 10:00:00,25.7,25.4,291.0,4.6,7.9,124.0,24.2,40,0.0,17.5
Hubballi,15.3478,75.1338,2026-01-21 11:00:00,27.4,27.1,268.0,2.1,8.0,145.0,25.6,35,0.0,17.2
Hubballi,15.3478,75.1338,2026-01-21 12:00:00,25.6,25.3,254.0,1.2,7.7,153.0,26.7,31,0.0,14.8
Hubballi,15.3478,75.1338,2026-01-21 13:00:00,23.8,23.5,244.0,1.1,7.3,155.0,27.5,29,0.0,12.2
Hubballi,15.3478,75.1338,2026-01-21 14:00:00,23.6,23.2,241.0,1.5,7.0,155.0,27.9,28,0.0,10.5
Hubballi,15.3478,75.1338,2026-01-21 15:00:00,23.9,23.5,246.0,1.9,6.8,155.0,27.9,28,0.0,9.1
Hubballi,15.3478,75.1338,2026-01-21 16:00:00,24.4,24.0,257.0,2.8,6.7,154.0,27.4,29,0.0,9.0
Hubballi,15.3478,75.1338,2026-01-21 17:00:00,24.8,24.4,271.0,4.8,7.0,150.0,26.6,31,0.0,10.0
Hubballi,15.3478,75.1338,2026-01-21 18:00:00,31.3,31.0,291.0,11.5,7.3,133.0,24.1,37,0.0,10.8
Hubballi,15.3478,75.1338,2026-01-21 19:00:00,35.0,34.6,314.0,20.5,7.7,110.0,22.8,37,0.0,11.8
Hubballi,15.3478,75.1338,2026-01-21 20:00:00,33.4,33.1,329.0,25.7,8.2,93.0,21.9,40,0.0,12.6
Hubballi,15.3478,75.1338,2026-01-21 21:00:00,32.1,31.8,331.0,23.6,8.7,90.0,21.1,42,0.0,13.4
Hubballi,15.3478,75.1338,2026-01-21 22:00:00,32.6,32.2,326.0,17.8,9.1,94.0,20.3,45,0.0,11.5
Hubballi,15.3478,75.1338,2026-01-21 23:00:00,33.1,32.7,319.0,12.9,9.5,96.0,19.6,46,0.0,10.5
Hubballi,15.3478,75.1338,2026-01-22 00:00:00,32.8,32.4,312.0,10.8,9.7,94.0,19.0,48,0.0,10.0
Hubballi,15.3478,75.1338,2026-01-22 01:00:00,32.7,32.2,303.0,9.7,9.7,91.0,18.2,52,0.0,9.7
Hubballi,15.3478,75.1338,2026-01-22 02:00:00,33.2,32.7,297.0,8.9,9.7,87.0,17.6,55,0.0,8.6
Hubballi,15.3478,75.1338,2026-01-22 03:00:00,33.8,33.3,297.0,8.0,9.7,81.0,17.7,56,0.0,13.5
Hubballi,15.3478,75.1338,2026-01-22 04:00:00,32.8,32.2,299.0,7.5,9.7,75.0,17.3,61,0.0,12.7
Hubballi,15.3478,75.1338,2026-01-22 05:00:00,30.6,29.9,303.0,7.7,9.4,69.0,16.8,71,0.0,10.7
Hubballi,15.3478,75.1338,2026-01-22 06:00:00,27.1,26.4,310.0,9.1,9.2,66.0,16.5,69,0.0,10.9
Hubballi,15.3478,75.1338,2026-01-22 07:00:00,24.9,24.3,318.0,10.9,9.0,63.0,16.4,67,0.0,10.4
Hubballi,15.3478,75.1338,2026-01-22 08:00:00,23.9,23.3,318.0,11.3,8.6,68.0,18.8,58,0.0,9.5
Hubballi,15.3478,75.1338,2026-01-22 09:00:00,23.6,22.6,301.0,9.0,8.0,89.0,21.7,42,0.0,12.8
Hubballi,15.3478,75.1338,2026-01-22 10:00:00,27.8,26.5,275.0,5.4,7.2,118.0,24.2,35,0.0,16.6
Hubballi,15.3478,75.1338,2026-01-22 11:00:00,31.4,30.2,255.0,2.6,6.5,140.0,25.5,32,0.0,17.9
Hubballi,15.3478,75.1338,2026-01-22 12:00:00,29.5,28.4,245.0,1.5,5.9,149.0,26.4,28,0.0,16.6
Hubballi,15.3478,75.1338,2026-01-22 13:00:00,27.1,26.1,240.0,1.3,5.3,151.0,27.1,27,0.0,15.8
Hubballi,15.3478,75.1338,2026-01-22 14:00:00,25.3,24.4,239.0,1.7,4.9,150.0,27.4,27,0.0,14.9
Hubballi,15.3478,75.1338,2026-01-22 15:00:00,23.7,22.8,241.0,2.0,4.6,148.0,27.3,27,0.0,13.6
Hubballi,15.3478,75.1338,2026-01-22 16:00:00,22.6,21.7,247.0,3.0,4.5,144.0,27.0,27,0.0,12.2
Hubballi,15.3478,75.1338,2026-01-22 17:00:00,25.6,24.6,264.0,5.2,4.8,138.0,26.2,28,0.0,11.7
Hubballi,15.3478,75.1338,2026-01-22 18:00:00,30.7,29.8,300.0,13.8,5.3,118.0,23.8,33,0.0,12.4
Hubballi,15.3478,75.1338,2026-01-22 19:00:00,35.2,34.2,346.0,25.4,6.0,91.0,22.8,34,0.0,13.2
Hubballi,15.3478,75.1338,2026-01-22 20:00:00,33.6,32.8,380.0,32.3,6.6,72.0,21.7,36,0.0,10.2
Hubballi,15.3478,75.1338,2026-01-22 21:00:00,30.6,30.0,395.0,30.0,7.1,70.0,20.4,40,0.0,8.6
Hubballi,15.3478,75.1338,2026-01-22 22:00:00,28.6,28.1,397.0,22.9,7.6,75.0,19.5,43,0.0,9.3
Hubballi,15.3478,75.1338,2026-01-22 23:00:00,27.0,26.5,386.0,16.9,8.0,80.0,19.0,45,0.0,9.7
Hubballi,15.3478,75.1338,2026-01-23 00:00:00,25.3,24.9,350.0,14.3,8.4,79.0,18.3,49,0.0,8.9
Hubballi,15.3478,75.1338,2026-01-23 01:00:00,24.2,23.7,301.0,12.8,8.8,77.0,17.8,51,0.0,7.8
Hubballi,15.3478,75.1338,2026-01-23 02:00:00,23.9,23.3,269.0,11.3,9.0,76.0,16.7,55,0.0,6.9
Hubballi,15.3478,75.1338,2026-01-23 03:00:00,25.6,25.0,272.0,9.2,8.8,76.0,16.4,56,0.0,10.0
Hubballi,15.3478,75.1338,2026-01-23 04:00:00,29.5,28.9,294.0,7.1,8.4,77.0,16.6,61,0.0,13.7
Hubballi,15.3478,75.1338,2026-01-23 05:00:00,33.9,33.1,312.0,6.0,8.4,78.0,16.2,72,0.0,13.0
Hubballi,15.3478,75.1338,2026-01-23 06:00:00,36.1,35.3,324.0,6.8,7.7,78.0,16.2,75,0.0,11.8
Hubballi,15.3478,75.1338,2026-01-23 07:00:00,37.7,36.8,334.0,7.9,6.7,79.0,16.4,74,0.0,11.4
Hubballi,15.3478,75.1338,2026-01-23 08:00:00,38.3,37.4,331.0,8.0,5.9,84.0,18.8,65,0.0,11.2
Hubballi,15.3478,75.1338,2026-01-23 09:00:00,38.0,36.6,303.0,6.3,5.3,98.0,21.4,54,0.0,13.7
Hubballi,15.3478,75.1338,2026-01-23 10:00:00,35.6,34.2,263.0,3.7,4.9,116.0,23.8,42,0.0,15.7
Hubballi,15.3478,75.1338,2026-01-23 11:00:00,31.3,30.2,233.0,1.8,4.5,130.0,25.4,36,0.0,15.6
Hubballi,15.3478,75.1338,2026-01-23 12:00:00,26.0,24.9,224.0,1.1,4.1,136.0,26.4,32,0.0,11.7
Hubballi,15.3478,75.1338,2026-01-23 13:00:00,23.1,22.2,226.0,1.1,3.7,138.0,26.9,31,0.0,9.7
Hubballi,15.3478,75.1338,2026-01-23 14:00:00,23.1,22.1,230.0,1.4,3.4,138.0,27.2,31,0.0,10.2
Hubballi,15.3478,75.1338,2026-01-23 15:00:00,23.5,22.5,227.0,0.9,3.3,140.0,27.3,31,0.0,10.3
Hubballi,15.3478,75.1338,2026-01-23 16:00:00,23.8,22.8,226.0,0.8,3.2,141.0,26.9,32,0.0,10.3
Hubballi,15.3478,75.1338,2026-01-23 17:00:00,19.8,19.2,245.0,4.1,4.7,143.0,26.4,34,0.0,10.0
Hubballi,15.3478,75.1338,2026-01-23 18:00:00,25.7,25.0,308.0,14.8,5.5,122.0,23.3,44,0.0,4.2
Hubballi,15.3478,75.1338,2026-01-23 19:00:00,31.1,30.5,391.0,29.3,6.6,94.0,22.3,45,0.0,6.1
Hubballi,15.3478,75.1338,2026-01-23 20:00:00,33.3,32.7,445.0,37.9,7.5,74.0,21.6,42,0.0,7.3
Hubballi,15.3478,75.1338,2026-01-23 21:00:00,32.2,31.8,442.0,35.2,8.0,71.0,20.5,44,0.0,6.3
Hubballi,15.3478,75.1338,2026-01-23 22:00:00,30.9,30.5,410.0,26.7,8.3,77.0,19.5,48,0.0,8.4
Hubballi,15.3478,75.1338,2026-01-23 23:00:00,30.4,30.0,378.0,19.4,8.7,81.0,19.4,50,0.0,11.7
Hubballi,15.3478,75.1338,2026-01-24 00:00:00,29.7,29.4,354.0,15.9,9.5,81.0,19.0,53,0.0,11.2
Hubballi,15.3478,75.1338,2026-01-24 01:00:00,28.9,28.6,331.0,13.6,10.4,80.0,18.5,56,0.0,10.6
Hubballi,15.3478,75.1338,2026-01-24 02:00:00,28.0,27.6,318.0,11.8,11.0,78.0,18.3,58,0.0,11.7
Hubballi,15.3478,75.1338,2026-01-24 03:00:00,26.9,26.5,321.0,10.4,11.3,76.0,17.8,59,0.0,11.6
Hubballi,15.3478,75.1338,2026-01-24 04:00:00,26.1,25.7,333.0,9.5,11.2,74.0,17.1,60,0.0,9.2
Hubballi,15.3478,75.1338,2026-01-24 05:00:00,27.0,26.5,350.0,8.6,10.6,76.0,16.8,62,0.0,11.4
Hubballi,15.3478,75.1338,2026-01-24 06:00:00,30.2,29.7,377.0,10.0,10.6,71.0,16.5,72,0.0,11.6
Hubballi,15.3478,75.1338,2026-01-24 07:00:00,35.9,35.4,407.0,11.8,10.6,64.0,16.5,81,0.0,11.1
Hubballi,15.3478,75.1338,2026-01-24 08:00:00,40.6,40.0,415.0,12.1,10.4,67.0,18.6,77,0.0,9.9
Hubballi,15.3478,75.1338,2026-01-24 09:00:00,43.9,43.0,382.0,9.6,10.0,88.0,21.3,69,0.0,11.0
Hubballi,15.3478,75.1338,2026-01-24 10:00:00,41.6,40.6,328.0,5.7,9.4,119.0,23.9,56,0.0,12.4
Hubballi,15.3478,75.1338,2026-01-24 11:00:00,35.2,34.5,283.0,2.7,8.7,143.0,25.7,47,0.0,11.7
Hubballi,15.3478,75.1338,2026-01-24 12:00:00,27.3,26.7,260.0,1.6,7.7,152.0,27.0,39,0.0,9.5
Hubballi,15.3478,75.1338,2026-01-24 13:00:00,26.0,25.1,246.0,1.4,6.5,153.0,27.7,36,0.0,8.7
Hubballi,15.3478,75.1338,2026-01-24 14:00:00,26.0,25.0,240.0,1.7,5.6,153.0,28.1,35,0.0,10.4
Hubballi,15.3478,75.1338,2026-01-24 15:00:00,25.9,24.8,239.0,1.2,5.2,155.0,28.2,34,0.0,12.0
Hubballi,15.3478,75.1338,2026-01-24 16:00:00,25.8,24.9,245.0,1.1,5.1,155.0,27.8,34,0.0,10.7
Hubballi,15.3478,75.1338,2026-01-24 17:00:00,24.8,24.3,266.0,4.4,3.6,134.0,27.3,36,0.0,8.3
Hubballi,15.3478,75.1338,2026-01-24 18:00:00,31.7,31.2,312.0,12.8,4.2,117.0,24.8,45,0.0,1.6
Hubballi,15.3478,75.1338,2026-01-24 19:00:00,36.7,36.2,372.0,24.1,5.0,93.0,23.8,47,0.0,10.1
Hubballi,15.3478,75.1338,2026-01-24 20:00:00,34.8,34.5,422.0,31.0,5.8,76.0,22.8,50,0.0,11.5
Hubballi,15.3478,75.1338,2026-01-24 21:00:00,32.6,32.2,456.0,29.2,6.3,71.0,22.3,56,0.0,12.3
Hubballi,15.3478,75.1338,2026-01-24 22:00:00,31.7,31.4,480.0,23.0,6.8,71.0,21.5,61,0.0,11.9
Hubballi,15.3478,75.1338,2026-01-24 23:00:00,31.9,31.7,483.0,17.4,7.3,73.0,21.1,64,0.0,15.1
Hubballi,15.3478,75.1338,2026-01-25 00:00:00,32.9,32.7,452.0,14.1,8.0,74.0,20.7,71,0.0,13.2
Hubballi,15.3478,75.1338,2026-01-25 01:00:00,34.3,34.0,401.0,11.5,8.8,76.0,19.8,80,0.0,10.6
Hubballi,15.3478,75.1338,2026-01-25 02:00:00,34.9,34.6,364.0,9.2,9.3,79.0,18.9,85,0.0,9.6
Hubballi,15.3478,75.1338,2026-01-25 03:00:00,34.9,34.7,357.0,7.0,9.1,83.0,18.4,87,0.0,9.3
Hubballi,15.3478,75.1338,2026-01-25 04:00:00,35.2,34.8,363.0,5.2,8.6,88.0,18.1,87,0.0,9.7
Hubballi,15.3478,75.1338,2026-01-25 05:00:00,36.7,36.3,367.0,5.1,7.8,85.0,17.9,90,0.0,10.4
Hubballi,15.3478,75.1338,2026-01-25 06:00:00,37.8,37.5,363.0,6.2,8.2,84.0,17.9,88,0.0,10.9
Hubballi,15.3478,75.1338,2026-01-25 07:00:00,40.0,39.6,355.0,7.7,8.8,84.0,18.1,86,0.0,11.0
Hubballi,15.3478,75.1338,2026-01-25 08:00:00,41.7,41.1,343.0,8.1,8.9,89.0,20.3,76,0.0,10.8
Hubballi,15.3478,75.1338,2026-01-25 09:00:00,42.3,41.7,321.0,6.5,8.3,104.0,22.8,66,0.0,14.7
Hubballi,15.3478,75.1338,2026-01-25 10:00:00,39.5,38.6,294.0,4.0,7.3,124.0,25.1,55,0.0,15.1
Hubballi,15.3478,75.1338,2026-01-25 11:00:00,32.6,31.9,273.0,2.0,6.3,138.0,26.9,49,0.0,14.8
Hubballi,15.3478,75.1338,2026-01-25 12:00:00,26.4,25.7,262.0,1.3,5.2,139.0,28.2,44,0.0,12.3
Hubballi,15.3478,75.1338,2026-01-25 13:00:00,21.8,21.2,256.0,1.2,4.1,133.0,29.3,40,0.0,11.4
Hubballi,15.3478,75.1338,2026-01-25 14:00:00,19.0,18.3,253.0,1.5,3.3,127.0,29.5,38,0.0,9.4
Hubballi,15.3478,75.1338,2026-01-25 15:00:00,17.8,17.1,249.0,1.5,2.9,126.0,29.7,35,0.0,8.0
Hubballi,15.3478,75.1338,2026-01-25 16:00:00,17.4,16.6,248.0,1.9,2.8,125.0,29.5,35,0.0,9.2
Hubballi,15.3478,75.1338,2026-01-25 17:00:00,7.7,7.4,254.0,4.0,2.5,118.0,29.0,35,0.0,8.9
Hubballi,15.3478,75.1338,2026-01-25 18:00:00,11.6,11.4,270.0,9.5,2.9,105.0,26.4,45,0.0,4.6
Hubballi,15.3478,75.1338,2026-01-25 19:00:00,14.8,14.6,293.0,16.8,3.6,87.0,25.1,50,0.0,14.0
Hubballi,15.3478,75.1338,2026-01-25 20:00:00,14.7,14.5,323.0,20.9,4.5,76.0,24.9,48,0.0,14.2
Hubballi,15.3478,75.1338,2026-01-25 21:00:00,16.0,15.8,372.0,18.6,6.0,80.0,24.2,51,0.0,13.1
Hubballi,15.3478,75.1338,2026-01-25 22:00:00,19.3,19.1,429.0,13.1,7.8,90.0,23.2,54,0.0,12.5
Hubballi,15.3478,75.1338,2026-01-25 23:00:00,21.8,21.6,456.0,8.6,9.0,98.0,22.5,60,0.0,13.5
Hubballi,15.3478,75.1338,2026-01-26 00:00:00,22.5,22.2,429.0,6.7,9.4,99.0,22.0,65,0.0,13.6
Hubballi,15.3478,75.1338,2026-01-26 01:00:00,22.8,22.4,374.0,5.9,9.3,97.0,21.3,67,0.0,12.4
Hubballi,15.3478,75.1338,2026-01-26 02:00:00,22.0,21.6,329.0,5.2,8.8,94.0,20.9,69,0.0,12.1
Hubballi,15.3478,75.1338,2026-01-26 03:00:00,20.3,19.8,310.0,4.4,7.7,89.0,20.3,71,0.0,11.5
Hubballi,15.3478,75.1338,2026-01-26 04:00:00,17.7,17.3,302.0,3.8,6.1,82.0,19.7,75,0.0,10.9
Hubballi,15.3478,75.1338,2026-01-26 05:00:00,14.5,14.3,299.0,4.1,5.9,77.0,19.4,80,0.0,11.2
Hubballi,15.3478,75.1338,2026-01-26 06:00:00,11.8,11.7,302.0,5.1,5.3,74.0,19.1,83,0.0,10.5
Hubballi,15.3478,75.1338,2026-01-26 07:00:00,10.3,10.2,309.0,6.3,4.4,69.0,19.2,84,0.0,10.9
Hubballi,15.3478,75.1338,2026-01-26 08:00:00,9.6,9.4,309.0,6.7,3.6,70.0,21.3,75,0.0,10.9
Hubballi,15.3478,75.1338,2026-01-26 09:00:00,8.8,8.5,296.0,5.4,2.8,80.0,23.6,66,0.0,12.6
Hubballi,15.3478,75.1338,2026-01-26 10:00:00,8.9,8.5,276.0,3.2,2.0,95.0,26.1,54,0.0,15.0
Hubballi,15.3478,75.1338,2026-01-26 11:00:00,8.3,7.8,259.0,1.6,1.4,107.0,27.7,48,0.0,15.6
Hubballi,15.3478,75.1338,2026-01-26 12:00:00,7.6,7.1,249.0,1.0,1.1,112.0,29.0,41,0.0,14.0
Hubballi,15.3478,75.1338,2026-01-26 13:00:00,7.6,7.0,241.0,1.0,1.0,113.0,29.8,38,0.0,12.0
Hubballi,15.3478,75.1338,2026-01-26 14:00:00,7.8,7.1,238.0,1.3,1.0,113.0,30.1,35,0.0,9.5
Hubballi,15.3478,75.1338,2026-01-26 15:00:00,7.9,7.2,238.0,1.7,0.9,113.0,30.0,34,0.0,8.3
Hubballi,15.3478,75.1338,2026-01-26 16:00:00,8.1,7.4,243.0,2.5,0.8,111.0,30.1,33,0.0,9.0
Hubballi,15.3478,75.1338,2026-01-26 17:00:00,9.9,8.9,251.0,3.8,0.9,103.0,29.6,33,0.0,9.4
Hubballi,15.3478,75.1338,2026-01-26 18:00:00,11.6,11.0,265.0,6.8,1.4,94.0,26.9,47,0.0,16.2
Hubballi,15.3478,75.1338,2026-01-26 19:00:00,13.2,12.7,284.0,10.9,2.2,82.0,25.5,55,0.0,18.0
Hubballi,15.3478,75.1338,2026-01-26 20:00:00,14.7,14.2,301.0,13.5,2.9,74.0,24.4,60,0.0,16.9
Hubballi,15.3478,75.1338,2026-01-26 21:00:00,16.6,16.1,318.0,13.4,3.7,73.0,23.6,64,0.0,15.5
Hubballi,15.3478,75.1338,2026-01-26 22:00:00,18.9,18.3,334.0,11.9,4.5,75.0,23.2,65,0.0,9.1
Hubballi,15.3478,75.1338,2026-01-26 23:00:00,20.5,19.9,340.0,10.2,5.0,77.0,22.7,70,0.0,9.0
Hubballi,15.3478,75.1338,2026-01-27 00:00:00,21.0,20.5,328.0,8.5,4.9,77.0,22.4,75,0.0,9.2
Hubballi,15.3478,75.1338,2026-01-27 01:00:00,21.3,20.7,306.0,6.6,4.5,76.0,22.0,77,0.0,5.1
Hubballi,15.3478,75.1338,2026-01-27 02:00:00,21.5,21.0,291.0,5.1,4.3,76.0,22.1,73,0.0,8.0
Hubballi,15.3478,75.1338,2026-01-27 03:00:00,21.5,20.9,289.0,4.1,4.5,76.0,21.5,75,0.0,8.5
Hubballi,15.3478,75.1338,2026-01-27 04:00:00,20.8,20.2,293.0,3.4,4.9,76.0,21.2,76,0.0,10.0
Hubballi,15.3478,75.1338,2026-01-27 05:00:00,18.1,17.6,298.0,4.7,4.5,67.0,20.8,84,0.0,9.9
Hubballi,15.3478,75.1338,2026-01-27 06:00:00,16.9,16.4,304.0,5.0,4.1,69.0,20.3,89,0.1,11.2
Hubballi,15.3478,75.1338,2026-01-27 07:00:00,16.6,16.2,312.0,5.5,3.5,71.0,20.2,89,0.0,11.8
Hubballi,15.3478,75.1338,2026-01-27 08:00:00,15.9,15.4,314.0,5.4,2.9,76.0,21.7,81,0.0,12.4
Hubballi,15.3478,75.1338,2026-01-27 09:00:00,13.7,13.3,308.0,4.4,2.3,85.0,23.9,69,0.0,15.0
Hubballi,15.3478,75.1338,2026-01-27 10:00:00,11.6,11.2,296.0,2.9,1.6,95.0,25.9,58,0.0,15.1
Hubballi,15.3478,75.1338,2026-01-27 11:00:00,10.7,10.4,287.0,1.8,1.1,104.0,27.3,53,0.1,12.7
Hubballi,15.3478,75.1338,2026-01-27 12:00:00,10.6,10.3,282.0,1.4,0.9,110.0,28.5,47,0.0,10.1
Hubballi,15.3478,75.1338,2026-01-27 13:00:00,10.8,10.4,279.0,1.4,0.9,113.0,29.3,43,0.0,8.4
Hubballi,15.3478,75.1338,2026-01-27 14:00:00,11.0,10.6,278.0,1.6,0.9,116.0,29.9,40,0.0,6.3
Hubballi,15.3478,75.1338,2026-01-27 15:00:00,11.3,10.9,270.0,1.3,0.8,119.0,30.1,39,0.0,5.3
Hubballi,15.3478,75.1338,2026-01-27 16:00:00,11.5,11.0,264.0,1.3,0.8,121.0,30.0,37,0.0,5.3
Hubballi,15.3478,75.1338,2026-01-27 17:00:00,13.5,13.0,284.0,3.5,1.2,116.0,28.9,41,0.0,2.0
Hubballi,15.3478,75.1338,2026-01-27 18:00:00,18.5,18.0,360.0,16.1,2.2,95.0,27.5,47,0.0,1.5
Hubballi,15.3478,75.1338,2026-01-27 19:00:00,25.0,24.6,462.0,33.5,3.6,66.0,26.7,48,0.0,6.9
Hubballi,15.3478,75.1338,2026-01-27 20:00:00,29.2,28.8,522.0,45.4,5.0,45.0,26.3,50,0.0,5.7
Hubballi,15.3478,75.1338,2026-01-27 21:00:00,30.7,30.4,497.0,46.8,6.3,41.0,24.5,64,0.0,13.0
Hubballi,15.3478,75.1338,2026-01-27 22:00:00,32.9,32.6,430.0,42.8,7.5,44.0,23.5,69,0.0,14.6
Hubballi,15.3478,75.1338,2026-01-27 23:00:00,35.6,35.3,377.0,39.1,8.5,47.0,22.9,77,0.0,10.8
Hubballi,15.3478,75.1338,2026-01-28 00:00:00,37.1,36.7,360.0,38.3,9.1,45.0,22.4,78,0.0,8.0
Hubballi,15.3478,75.1338,2026-01-28 01:00:00,38.2,37.7,357.0,37.8,9.3,42.0,22.1,78,0.0,9.6
Hubballi,15.3478,75.1338,2026-01-28 02:00:00,38.0,37.4,366.0,35.2,9.4,42.0,21.6,78,0.0,8.1
Hubballi,15.3478,75.1338,2026-01-28 03:00:00,34.6,34.0,395.0,28.3,9.3,46.0,20.9,81,0.0,7.5
Hubballi,15.3478,75.1338,2026-01-28 04:00:00,31.7,31.1,435.0,19.3,8.9,52.0,20.2,84,0.0,7.5
Hubballi,15.3478,75.1338,2026-01-28 05:00:00,37.8,37.4,460.0,28.5,7.2,30.0,20.0,83,0.0,8.3
Hubballi,15.3478,75.1338,2026-01-28 06:00:00,35.0,34.5,458.0,25.3,7.3,35.0,19.5,86,0.0,5.6
Hubballi,15.3478,75.1338,2026-01-28 07:00:00,35.7,34.9,441.0,20.7,7.3,44.0,19.8,84,0.0,7.2
Hubballi,15.3478,75.1338,2026-01-28 08:00:00,36.2,35.4,417.0,15.9,7.0,57.0,22.3,66,0.0,7.1
Hubballi,15.3478,75.1338,2026-01-28 09:00:00,38.1,36.2,385.0,10.8,6.0,81.0,24.5,55,0.0,9.7
Hubballi,15.3478,75.1338,2026-01-28 10:00:00,38.9,36.7,347.0,5.5,4.7,110.0,26.5,50,0.0,10.3
Hubballi,15.3478,75.1338,2026-01-28 11:00:00,37.3,35.0,315.0,1.7,3.7,131.0,27.6,46,0.0,9.4
Hubballi,15.3478,75.1338,2026-01-28 12:00:00,34.1,32.2,295.0,0.5,3.2,138.0,28.9,41,0.0,7.8
Hubballi,15.3478,75.1338,2026-01-28 13:00:00,29.9,28.4,282.0,0.9,2.9,137.0,29.6,39,0.0,7.5
Hubballi,15.3478,75.1338,2026-01-28 14:00:00,27.9,26.5,274.0,1.5,2.7,135.0,30.1,36,0.0,6.7
Hubballi,15.3478,75.1338,2026-01-28 15:00:00,26.6,25.3,268.0,0.9,2.4,138.0,30.2,35,0.0,6.4
Hubballi,15.3478,75.1338,2026-01-28 16:00:00,26.4,25.0,266.0,0.6,2.2,140.0,29.9,34,0.0,9.9
Hubballi,15.3478,75.1338,2026-01-28 17:00:00,29.9,28.3,273.0,3.9,1.9,127.0,29.0,37,0.0,12.5
Hubballi,15.3478,75.1338,2026-01-28 18:00:00,34.8,33.4,298.0,10.6,2.4,112.0,27.3,43,0.0,9.3
Hubballi,15.3478,75.1338,2026-01-28 19:00:00,39.0,37.6,331.0,19.5,3.1,92.0,25.9,47,0.0,7.3
Hubballi,15.3478,75.1338,2026-01-28 20:00:00,38.5,37.3,355.0,24.7,4.1,79.0,24.8,50,0.0,12.3
Hubballi,15.3478,75.1338,2026-01-28 21:00:00,36.4,35.4,360.0,22.3,5.5,81.0,24.3,51,0.0,15.0
Hubballi,15.3478,75.1338,2026-01-28 22:00:00,36.2,35.4,354.0,16.1,7.2,91.0,23.4,55,0.0,13.0
Hubballi,15.3478,75.1338,2026-01-28 23:00:00,37.3,36.3,347.0,11.2,8.8,97.0,23.0,58,0.0,13.0
Hubballi,15.3478,75.1338,2026-01-29 00:00:00,37.8,36.8,336.0,9.8,10.2,96.0,22.7,58,0.0,12.2
Hubballi,15.3478,75.1338,2026-01-29 01:00:00,38.2,37.0,323.0,9.6,11.5,92.0,22.1,60,0.0,11.1
Hubballi,15.3478,75.1338,2026-01-29 02:00:00,38.6,37.5,319.0,9.5,12.3,87.0,21.4,62,0.0,9.8
Hubballi,15.3478,75.1338,2026-01-29 03:00:00,39.1,37.8,332.0,8.8,12.5,82.0,20.9,64,0.0,9.1
Hubballi,15.3478,75.1338,2026-01-29 04:00:00,39.5,38.3,355.0,8.2,12.3,77.0,20.3,64,0.0,9.0
Hubballi,15.3478,75.1338,2026-01-29 05:00:00,39.6,38.4,374.0,8.4,11.1,72.0,20.0,67,0.0,9.1
Hubballi,15.3478,75.1338,2026-01-29 06:00:00,40.9,39.8,388.0,9.3,10.4,71.0,19.5,71,0.0,9.5
Hubballi,15.3478,75.1338,2026-01-29 07:00:00,42.6,41.7,398.0,10.3,9.4,69.0,19.4,74,0.0,10.1
Hubballi,15.3478,75.1338,2026-01-29 08:00:00,44.0,43.1,398.0,10.3,8.6,76.0,21.2,69,0.0,10.2
Hubballi,15.3478,75.1338,2026-01-29 09:00:00,45.5,44.1,381.0,8.2,8.1,97.0,23.7,62,0.0,11.3
Hubballi,15.3478,75.1338,2026-01-29 10:00:00,46.9,45.2,353.0,4.9,7.8,126.0,26.0,53,0.0,13.3
Hubballi,15.3478,75.1338,2026-01-29 11:00:00,46.9,44.9,327.0,2.5,7.3,148.0,27.6,44,0.0,15.3
Hubballi,15.3478,75.1338,2026-01-29 12:00:00,44.8,42.7,306.0,1.6,6.5,156.0,29.1,36,0.0,13.8
Hubballi,15.3478,75.1338,2026-01-29 13:00:00,44.1,41.8,287.0,1.4,5.6,157.0,29.8,33,0.0,11.5
Hubballi,15.3478,75.1338,2026-01-29 14:00:00,43.0,40.5,275.0,1.7,4.9,156.0,30.2,31,0.0,11.0
Hubballi,15.3478,75.1338,2026-01-29 15:00:00,41.3,38.8,269.0,2.3,4.6,156.0,30.0,30,0.0,9.2
Hubballi,15.3478,75.1338,2026-01-29 16:00:00,40.6,38.2,269.0,3.4,4.6,154.0,29.5,30,0.0,7.3
Hubballi,15.3478,75.1338,2026-01-29 17:00:00,44.0,41.7,280.0,4.4,5.1,153.0,29.2,30,0.0,7.1
Hubballi,15.3478,75.1338,2026-01-29 18:00:00,48.7,46.8,307.0,7.8,5.5,142.0,27.2,35,0.0,7.7
Hubballi,15.3478,75.1338,2026-01-29 19:00:00,49.4,47.8,346.0,12.5,6.1,126.0,25.5,41,0.0,11.5
Hubballi,15.3478,75.1338,2026-01-29 20:00:00,47.6,46.6,386.0,15.3,6.7,113.0,24.7,43,0.0,13.2
Hubballi,15.3478,75.1338,2026-01-29 21:00:00,44.9,44.0,430.0,14.5,7.4,108.0,23.8,45,0.0,11.1
Hubballi,15.3478,75.1338,2026-01-29 22:00:00,41.9,41.2,476.0,11.9,8.1,105.0,23.0,48,0.0,11.9
Hubballi,15.3478,75.1338,2026-01-29 23:00:00,39.6,38.8,502.0,9.8,8.8,102.0,22.6,52,0.0,12.5
Hubballi,15.3478,75.1338,2026-01-30 00:00:00,37.6,36.8,495.0,9.3,9.5,95.0,21.8,54,0.0,10.3
Hubballi,15.3478,75.1338,2026-01-30 01:00:00,36.4,35.5,469.0,9.4,10.2,88.0,20.4,58,0.0,5.5
Hubballi,15.3478,75.1338,2026-01-30 02:00:00,35.6,34.8,443.0,9.2,10.4,82.0,19.7,60,0.0,5.5
Hubballi,15.3478,75.1338,2026-01-30 03:00:00,36.0,35.0,422.0,8.1,9.7,80.0,19.5,59,0.0,6.3
Hubballi,15.3478,75.1338,2026-01-30 04:00:00,37.7,36.8,402.0,6.8,8.6,79.0,19.5,59,0.0,8.9
Hubballi,15.3478,75.1338,2026-01-30 05:00:00,39.6,38.5,390.0,7.4,9.2,73.0,19.2,66,0.0,11.1
Hubballi,15.3478,75.1338,2026-01-30 06:00:00,43.1,42.0,393.0,8.1,8.9,73.0,18.9,70,0.0,11.5
Hubballi,15.3478,75.1338,2026-01-30 07:00:00,47.6,46.6,404.0,9.0,8.4,73.0,18.8,72,0.0,13.1
Hubballi,15.3478,75.1338,2026-01-30 08:00:00,51.3,50.2,405.0,8.9,7.8,80.0,20.7,68,0.0,12.2
Hubballi,15.3478,75.1338,2026-01-30 09:00:00,55.2,53.6,384.0,6.9,7.0,98.0,23.0,61,0.0,12.8
Hubballi,15.3478,75.1338,2026-01-30 10:00:00,57.2,54.9,352.0,4.0,6.2,122.0,25.5,48,0.0,14.7
Hubballi,15.3478,75.1338,2026-01-30 11:00:00,56.8,54.2,327.0,1.8,5.5,141.0,26.9,39,0.0,15.7
Hubballi,15.3478,75.1338,2026-01-30 12:00:00,54.5,51.9,315.0,1.1,5.2,149.0,28.0,34,0.0,13.8
Hubballi,15.3478,75.1338,2026-01-30 13:00:00,53.1,50.4,308.0,1.1,5.0,152.0,28.7,32,0.0,11.7
Hubballi,15.3478,75.1338,2026-01-30 14:00:00,51.9,49.1,305.0,1.5,5.0,154.0,29.1,31,0.0,10.1
Hubballi,15.3478,75.1338,2026-01-30 15:00:00,50.9,48.1,301.0,1.9,5.0,156.0,29.4,29,0.0,8.3
Hubballi,15.3478,75.1338,2026-01-30 16:00:00,50.4,47.6,299.0,2.6,5.2,157.0,28.9,29,0.0,8.3
Hubballi,15.3478,75.1338,2026-01-30 17:00:00,35.6,34.2,307.0,3.8,6.4,158.0,28.2,32,0.0,12.0
Hubballi,15.3478,75.1338,2026-01-30 18:00:00,40.0,39.0,332.0,7.7,6.6,144.0,26.2,37,0.0,11.5
Hubballi,15.3478,75.1338,2026-01-30 19:00:00,42.1,41.1,365.0,13.0,7.0,125.0,24.9,40,0.0,14.3
Hubballi,15.3478,75.1338,2026-01-30 20:00:00,42.4,41.6,390.0,16.3,7.3,109.0,24.1,42,0.0,13.5
Hubballi,15.3478,75.1338,2026-01-30 21:00:00,43.4,42.6,398.0,15.6,7.5,102.0,23.3,45,0.0,13.5
Hubballi,15.3478,75.1338,2026-01-30 22:00:00,45.1,44.1,396.0,12.9,7.8,99.0,22.4,48,0.0,12.0
Hubballi,15.3478,75.1338,2026-01-30 23:00:00,45.9,44.7,391.0,10.7,8.0,95.0,21.9,49,0.0,13.0
Hubballi,15.3478,75.1338,2026-01-31 00:00:00,45.9,44.6,382.0,9.9,8.3,89.0,21.4,49,0.0,13.2
Hubballi,15.3478,75.1338,2026-01-31 01:00:00,45.8,44.5,370.0,9.5,8.6,84.0,20.7,51,0.0,12.0
Hubballi,15.3478,75.1338,2026-01-31 02:00:00,45.4,44.1,361.0,9.0,8.9,79.0,20.1,52,0.0,11.2
Hubballi,15.3478,75.1338,2026-01-31 03:00:00,44.6,43.3,358.0,8.0,9.3,76.0,19.7,52,0.0,11.7
Hubballi,15.3478,75.1338,2026-01-31 04:00:00,43.1,41.9,358.0,6.9,9.7,74.0,19.1,55,0.0,12.3
Hubballi,15.3478,75.1338,2026-01-31 05:00:00,42.6,41.3,359.0,6.7,10.2,74.0,18.5,65,0.0,12.0
Hubballi,15.3478,75.1338,2026-01-31 06:00:00,41.2,39.9,364.0,7.4,10.5,76.0,18.2,67,0.0,12.6
Hubballi,15.3478,75.1338,2026-01-31 07:00:00,40.5,39.3,370.0,8.3,10.9,80.0,18.3,66,0.0,13.6
Hubballi,15.3478,75.1338,2026-01-31 08:00:00,39.7,38.6,368.0,8.3,11.1,89.0,20.3,58,0.0,13.0
Hubballi,15.3478,75.1338,2026-01-31 09:00:00,39.5,38.2,351.0,6.6,11.2,108.0,22.9,48,0.0,14.0
Hubballi,15.3478,75.1338,2026-01-31 10:00:00,44.5,42.6,327.0,4.1,11.0,131.0,25.3,39,0.0,16.9
Hubballi,15.3478,75.1338,2026-01-31 11:00:00,47.7,45.4,307.0,2.2,10.6,149.0,26.7,35,0.0,17.2
Hubballi,15.3478,75.1338,2026-01-31 12:00:00,45.5,43.4,297.0,1.5,9.5,156.0,27.9,31,0.0,15.6
Hubballi,15.3478,75.1338,2026-01-31 13:00:00,42.8,40.9,293.0,1.3,8.1,157.0,28.8,29,0.0,14.1
Hubballi,15.3478,75.1338,2026-01-31 14:00:00,41.0,39.1,291.0,1.6,7.0,157.0,29.3,27,0.0,12.8
Hubballi,15.3478,75.1338,2026-01-31 15:00:00,40.0,38.3,291.0,1.8,6.5,159.0,29.4,27,0.0,10.8
Hubballi,15.3478,75.1338,2026-01-31 16:00:00,39.8,38.2,294.0,2.5,6.4,160.0,29.1,27,0.0,9.4
Hubballi,15.3478,75.1338,2026-01-31 17:00:00,34.2,32.9,302.0,4.0,7.1,160.0,28.3,28,0.0,10.8
Hubballi,15.3478,75.1338,2026-01-31 18:00:00,39.1,38.1,321.0,8.2,7.2,144.0,26.0,34,0.0,12.2
Hubballi,15.3478,75.1338,2026-01-31 19:00:00,41.2,40.3,345.0,13.9,7.3,122.0,24.8,36,0.0,13.7
Hubballi,15.3478,75.1338,2026-01-31 20:00:00,40.6,39.9,361.0,17.5,7.4,105.0,23.9,38,0.0,13.6
Hubballi,15.3478,75.1338,2026-01-31 21:00:00,39.9,39.3,365.0,16.9,7.5,98.0,23.1,39,0.0,12.2
Hubballi,15.3478,75.1338,2026-01-31 22:00:00,39.8,39.1,360.0,14.1,7.7,96.0,22.0,42,0.0,10.9
Hubballi,15.3478,75.1338,2026-01-31 23:00:00,39.5,38.9,352.0,11.7,7.9,93.0,21.2,46,0.0,10.9
Hubballi,15.3478,75.1338,2026-02-01 00:00:00,38.8,38.1,337.0,10.8,8.2,88.0,20.3,49,0.0,9.5
Hubballi,15.3478,75.1338,2026-02-01 01:00:00,37.1,36.6,317.0,10.3,8.5,82.0,19.7,51,0.0,10.3
Hubballi,15.3478,75.1338,2026-02-01 02:00:00,33.1,32.5,303.0,9.6,8.6,77.0,19.4,51,0.0,9.9
Hubballi,15.3478,75.1338,2026-02-01 03:00:00,27.5,27.0,300.0,8.2,8.2,74.0,18.7,54,0.0,11.5
Hubballi,15.3478,75.1338,2026-02-01 04:00:00,23.6,23.1,302.0,6.7,7.6,73.0,18.0,60,0.0,12.1
Hubballi,15.3478,75.1338,2026-02-01 05:00:00,22.6,21.9,304.0,6.0,7.7,74.0,17.4,69,0.0,11.5
Hubballi,15.3478,75.1338,2026-02-01 06:00:00,24.3,23.5,305.0,6.7,8.1,75.0,17.2,73,0.0,11.4
Hubballi,15.3478,75.1338,2026-02-01 07:00:00,29.0,28.0,305.0,7.7,8.6,78.0,17.2,75,0.0,11.2
Hubballi,15.3478,75.1338,2026-02-01 08:00:00,35.4,34.0,302.0,7.8,8.9,85.0,19.3,68,0.0,10.6
Hubballi,15.3478,75.1338,2026-02-01 09:00:00,42.8,40.7,292.0,6.3,8.8,101.0,22.0,56,0.0,12.5
Hubballi,15.3478,75.1338,2026-02-01 10:00:00,44.8,42.3,279.0,4.0,8.6,123.0,24.7,43,0.0,16.2
Hubballi,15.3478,75.1338,2026-02-01 11:00:00,43.1,40.9,268.0,2.3,8.2,140.0,26.5,39,0.0,17.5
Hubballi,15.3478,75.1338,2026-02-01 12:00:00,40.9,39.0,263.0,1.6,7.7,149.0,27.6,35,0.0,16.6
Hubballi,15.3478,75.1338,2026-02-01 13:00:00,39.1,37.5,261.0,1.5,7.1,155.0,28.5,33,0.0,15.5
Hubballi,15.3478,75.1338,2026-02-01 14:00:00,38.2,36.8,260.0,1.7,6.7,158.0,29.0,31,0.0,14.2
Hubballi,15.3478,75.1338,2026-02-01 15:00:00,37.5,36.2,259.0,1.8,6.5,161.0,29.2,30,0.0,14.0
Hubballi,15.3478,75.1338,2026-02-01 16:00:00,37.4,36.1,260.0,2.3,6.5,162.0,28.9,30,0.0,13.5
Hubballi,15.3478,75.1338,2026-02-01 17:00:00,35.7,34.9,268.0,3.9,7.0,159.0,28.0,31,0.0,13.0
Hubballi,15.3478,75.1338,2026-02-01 18:00:00,39.7,39.1,289.0,8.3,7.1,142.0,25.7,37,0.0,9.1
Hubballi,15.3478,75.1338,2026-02-01 19:00:00,41.9,41.3,318.0,14.2,7.2,119.0,24.2,42,0.0,10.7
Hubballi,15.3478,75.1338,2026-02-01 20:00:00,41.4,41.0,343.0,18.0,7.3,101.0,23.4,43,0.0,11.4
Hubballi,15.3478,75.1338,2026-02-01 21:00:00,40.5,40.2,362.0,17.7,7.5,93.0,22.7,45,0.0,11.5
Hubballi,15.3478,75.1338,2026-02-01 22:00:00,39.9,39.6,377.0,15.3,7.7,90.0,21.6,49,0.0,10.3
Hubballi,15.3478,75.1338,2026-02-01 23:00:00,39.6,39.1,387.0,13.1,7.9,87.0,20.9,53,0.0,10.7
Hubballi,15.3478,75.1338,2026-02-02 00:00:00,38.8,38.4,386.0,11.8,7.9,83.0,20.3,57,0.0,10.7
Hubballi,15.3478,75.1338,2026-02-02 01:00:00,38.3,37.8,380.0,10.7,7.7,80.0,19.7,60,0.0,9.9
Hubballi,15.3478,75.1338,2026-02-02 02:00:00,38.0,37.5,378.0,9.9,7.7,76.0,19.0,63,0.0,10.0
Hubballi,15.3478,75.1338,2026-02-02 03:00:00,38.2,37.6,388.0,9.3,7.9,72.0,18.5,65,0.0,10.0
Hubballi,15.3478,75.1338,2026-02-02 04:00:00,39.2,38.6,403.0,8.8,8.1,68.0,18.2,67,0.0,11.4
Hubballi,15.3478,75.1338,2026-02-02 05:00:00,41.9,41.2,414.0,8.5,8.5,68.0,18.1,73,0.0,11.8
Hubballi,15.3478,75.1338,2026-02-02 06:00:00,46.8,45.9,420.0,9.4,9.1,66.0,17.9,77,0.0,10.9
Hubballi,15.3478,75.1338,2026-02-02 07:00:00,52.7,51.5,423.0,10.4,9.9,63.0,18.0,80,0.0,11.3
Hubballi,15.3478,75.1338,2026-02-02 08:00:00,57.7,56.2,414.0,10.4,10.2,69.0,20.2,73,0.0,11.0
Hubballi,15.3478,75.1338,2026-02-02 09:00:00,62.4,60.1,386.0,8.2,9.6,89.0,22.8,63,0.0,12.5
Hubballi,15.3478,75.1338,2026-02-02 10:00:00,63.8,61.0,347.0,5.0,8.5,118.0,25.4,50,0.0,14.8
Hubballi,15.3478,75.1338,2026-02-02 11:00:00,60.8,58.3,315.0,2.5,7.5,140.0,26.9,43,0.0,15.1
Hubballi,15.3478,75.1338,2026-02-02 12:00:00,56.0,53.9,297.0,1.6,6.8,151.0,28.0,38,0.0,14.2
Hubballi,15.3478,75.1338,2026-02-02 13:00:00,52.5,50.6,287.0,1.5,6.1,155.0,28.8,35,0.0,13.7
Hubballi,15.3478,75.1338,2026-02-02 14:00:00,50.1,48.3,283.0,1.7,5.7,158.0,29.2,34,0.0,12.5
Hubballi,15.3478,75.1338,2026-02-02 15:00:00,49.2,47.6,284.0,1.9,5.6,162.0,29.3,33,0.0,11.8
Hubballi,15.3478,75.1338,2026-02-02 16:00:00,49.6,48.0,290.0,2.4,5.7,164.0,29.1,33,0.0,10.6
Hubballi,15.3478,75.1338,2026-02-02 17:00:00,42.3,41.2,303.0,3.9,6.3,161.0,28.3,35,0.0,11.3
Hubballi,15.3478,75.1338,2026-02-02 18:00:00,47.4,46.6,326.0,7.5,6.4,146.0,26.3,40,0.0,11.4
Hubballi,15.3478,75.1338,2026-02-02 19:00:00,51.5,50.6,356.0,12.5,6.6,126.0,25.2,44,0.0,13.9
Hubballi,15.3478,75.1338,2026-02-02 20:00:00,53.8,53.1,379.0,15.6,6.8,109.0,24.5,48,0.0,14.3
Hubballi,15.3478,75.1338,2026-02-02 21:00:00,55.6,54.9,391.0,15.2,6.9,101.0,23.7,50,0.0,13.4
Hubballi,15.3478,75.1338,2026-02-02 22:00:00,57.3,56.5,396.0,13.0,7.1,98.0,22.9,52,0.0,12.6
Hubballi,15.3478,75.1338,2026-02-02 23:00:00,58.6,57.6,397.0,11.1,7.3,94.0,22.4,56,0.0,12.1
Hubballi,15.3478,75.1338,2026-02-03 00:00:00,59.0,58.0,391.0,10.2,7.8,89.0,21.9,57,0.0,11.2
Hubballi,15.3478,75.1338,2026-02-03 01:00:00,59.6,58.4,380.0,9.7,8.4,83.0,21.3,59,0.0,11.3
Hubballi,15.3478,75.1338,2026-02-03 02:00:00,60.1,58.8,378.0,9.1,8.9,79.0,20.6,62,0.0,9.5
Hubballi,15.3478,75.1338,2026-02-03 03:00:00,59.8,58.7,394.0,8.4,9.2,75.0,20.0,65,0.0,8.5
Hubballi,15.3478,75.1338,2026-02-03 04:00:00,58.9,57.7,418.0,7.8,9.4,72.0,19.4,68,0.0,9.8
Hubballi,15.3478,75.1338,2026-02-03 05:00:00,60.1,59.1,434.0,7.8,8.6,69.0,19.3,70,0.0,10.5
Hubballi,15.3478,75.1338,2026-02-03 06:00:00,60.5,59.6,436.0,8.3,8.5,69.0,19.1,74,0.0,10.5
Hubballi,15.3478,75.1338,2026-02-03 07:00:00,62.9,61.9,429.0,9.0,8.2,70.0,19.1,79,0.0,11.9
Hubballi,15.3478,75.1338,2026-02-03 08:00:00,65.2,64.0,416.0,8.8,7.8,78.0,20.9,75,0.0,12.9
Hubballi,15.3478,75.1338,2026-02-03 09:00:00,68.2,66.6,391.0,6.9,6.9,98.0,23.4,65,0.0,14.1
Hubballi,15.3478,75.1338,2026-02-03 10:00:00,69.2,67.1,359.0,4.2,5.8,124.0,25.8,52,0.0,15.0
Hubballi,15.3478,75.1338,2026-02-03 11:00:00,67.8,65.7,334.0,2.2,5.0,145.0,27.1,45,0.0,15.9
Hubballi,15.3478,75.1338,2026-02-03 12:00:00,65.0,63.1,321.0,1.5,4.6,154.0,28.3,41,0.0,14.2
Hubballi,15.3478,75.1338,2026-02-03 13:00:00,61.2,59.5,314.0,1.4,4.5,158.0,29.1,38,0.0,13.0
Hubballi,15.3478,75.1338,2026-02-03 14:00:00,57.6,56.0,311.0,1.7,4.5,160.0,29.6,36,0.0,12.3
Hubballi,15.3478,75.1338,2026-02-03 15:00:00,56.3,54.7,311.0,1.9,4.6,163.0,29.6,36,0.0,10.9
Hubballi,15.3478,75.1338,2026-02-03 16:00:00,56.3,54.7,315.0,2.3,4.7,165.0,29.1,36,0.0,10.3
Hubballi,15.3478,75.1338,2026-02-03 17:00:00,40.6,39.8,327.0,3.8,6.0,167.0,28.1,36,0.1,11.0
Hubballi,15.3478,75.1338,2026-02-03 18:00:00,44.2,43.7,355.0,7.5,6.3,152.0,26.6,39,0.0,7.5
Hubballi,15.3478,75.1338,2026-02-03 19:00:00,45.1,44.6,391.0,12.6,6.7,132.0,25.6,41,0.0,11.4
Hubballi,15.3478,75.1338,2026-02-03 20:00:00,42.5,42.1,414.0,15.7,7.2,116.0,24.9,42,0.0,14.5
Hubballi,15.3478,75.1338,2026-02-03 21:00:00,40.3,39.9,415.0,15.0,8.0,111.0,24.1,43,0.0,12.8
Hubballi,15.3478,75.1338,2026-02-03 22:00:00,39.1,38.8,405.0,12.3,8.9,112.0,23.2,45,0.0,11.3
Hubballi,15.3478,75.1338,2026-02-03 23:00:00,38.1,37.7,390.0,10.1,9.6,110.0,22.3,49,0.0,11.2
Hubballi,15.3478,75.1338,2026-02-04 00:00:00,36.8,36.3,372.0,9.4,9.9,103.0,21.6,51,0.0,10.5
Hubballi,15.3478,75.1338,2026-02-04 01:00:00,35.6,35.2,350.0,9.2,10.0,93.0,20.9,52,0.0,10.8
Hubballi,15.3478,75.1338,2026-02-04 02:00:00,33.6,33.2,332.0,8.9,9.9,85.0,20.3,54,0.0,13.1
Hubballi,15.3478,75.1338,2026-02-04 03:00:00,30.0,29.5,323.0,7.9,9.7,80.0,19.8,57,0.0,13.2
Hubballi,15.3478,75.1338,2026-02-04 04:00:00,25.8,25.3,318.0,6.8,9.4,75.0,19.2,62,0.0,12.6
Hubballi,15.3478,75.1338,2026-02-04 05:00:00,24.9,24.2,311.0,7.0,9.6,72.0,19.1,68,0.0,12.1
Hubballi,15.3478,75.1338,2026-02-04 06:00:00,21.7,21.0,299.0,7.9,9.8,71.0,18.6,71,0.0,11.5
Hubballi,15.3478,75.1338,2026-02-04 07:00:00,21.4,20.7,284.0,9.0,10.2,71.0,18.7,70,0.0,11.9
Hubballi,15.3478,75.1338,2026-02-04 08:00:00,23.1,22.1,274.0,9.2,10.4,77.0,20.8,61,0.0,11.5
Hubballi,15.3478,75.1338,2026-02-04 09:00:00,28.3,27.0,271.0,7.7,10.5,96.0,23.4,53,0.0,12.6
Hubballi,15.3478,75.1338,2026-02-04 10:00:00,34.2,32.6,271.0,5.2,10.6,122.0,25.9,43,0.0,16.0
Hubballi,15.3478,75.1338,2026-02-04 11:00:00,37.4,35.6,273.0,3.3,10.3,142.0,27.5,36,0.0,18.8
Hubballi,15.3478,75.1338,2026-02-04 12:00:00,39.1,37.5,275.0,2.3,9.5,152.0,28.5,33,0.0,19.2
Hubballi,15.3478,75.1338,2026-02-04 13:00:00,39.7,38.1,278.0,1.8,8.4,156.0,29.2,31,0.0,18.6
Hubballi,15.3478,75.1338,2026-02-04 14:00:00,39.6,38.1,280.0,1.7,7.5,158.0,29.5,31,0.0,17.9
Hubballi,15.3478,75.1338,2026-02-04 15:00:00,39.0,37.6,277.0,1.8,7.0,159.0,29.4,31,0.0,17.6
Hubballi,15.3478,75.1338,2026-02-04 16:00:00,38.9,37.6,274.0,2.3,6.7,158.0,29.0,31,0.0,17.2
Hubballi,15.3478,75.1338,2026-02-04 17:00:00,27.3,26.4,281.0,3.1,6.0,154.0,27.8,33,0.0,17.5
Hubballi,15.3478,75.1338,2026-02-04 18:00:00,30.9,30.0,307.0,5.7,6.0,142.0,26.1,37,0.0,14.3
Hubballi,15.3478,75.1338,2026-02-04 19:00:00,34.0,33.3,343.0,9.2,6.0,125.0,24.9,40,0.0,14.6
Hubballi,15.3478,75.1338,2026-02-04 20:00:00,36.6,35.9,372.0,11.8,6.0,111.0,24.3,42,0.0,14.8
Hubballi,15.3478,75.1338,2026-02-04 21:00:00,38.5,37.8,386.0,12.6,6.1,103.0,23.6,44,0.0,13.3
Hubballi,15.3478,75.1338,2026-02-04 22:00:00,40.4,39.6,392.0,12.4,6.3,97.0,22.8,46,0.0,12.2
Hubballi,15.3478,75.1338,2026-02-04 23:00:00,42.0,41.1,394.0,11.9,6.6,92.0,21.9,49,0.0,11.5
Hubballi,15.3478,75.1338,2026-02-05 00:00:00,43.1,42.0,390.0,11.3,7.0,88.0,21.1,52,0.0,10.1
Hubballi,15.3478,75.1338,2026-02-05 01:00:00,44.0,43.0,382.0,10.4,7.5,86.0,20.4,55,0.0,10.2
Hubballi,15.3478,75.1338,2026-02-05 02:00:00,44.5,43.5,376.0,9.5,7.9,83.0,19.8,57,0.0,10.3
Hubballi,15.3478,75.1338,2026-02-05 03:00:00,42.6,41.9,379.0,8.7,8.3,78.0,19.3,60,0.0,9.6
Hubballi,15.3478,75.1338,2026-02-05 04:00:00,37.5,36.9,384.0,7.9,8.7,74.0,18.9,62,0.0,10.8
Hubballi,15.3478,75.1338,2026-02-05 05:00:00,31.2,30.7,382.0,7.8,9.2,70.0,19.0,68,0.0,12.1
Hubballi,15.3478,75.1338,2026-02-05 06:00:00,26.0,25.4,364.0,8.5,9.6,69.0,18.8,69,0.0,11.2
Hubballi,15.3478,75.1338,2026-02-05 07:00:00,23.9,23.2,338.0,9.5,10.1,69.0,18.8,70,0.0,10.8
Hubballi,15.3478,75.1338,2026-02-05 08:00:00,23.5,22.7,318.0,9.5,10.4,74.0,21.1,62,0.0,10.4
Hubballi,15.3478,75.1338,2026-02-05 09:00:00,24.4,23.4,311.0,7.8,10.2,89.0,23.9,50,0.0,12.6
Hubballi,15.3478,75.1338,2026-02-05 10:00:00,23.5,22.4,310.0,5.2,9.6,110.0,26.4,39,0.0,17.1
Hubballi,15.3478,75.1338,2026-02-05 11:00:00,27.0,25.8,305.0,3.2,9.0,127.0,27.6,35,0.0,19.3
Hubballi,15.3478,75.1338,2026-02-05 12:00:00,31.1,29.8,289.0,2.2,8.2,139.0,28.6,32,0.0,17.4
Hubballi,15.3478,75.1338,2026-02-05 13:00:00,32.5,31.2,269.0,1.8,7.4,147.0,29.2,30,0.0,15.1
Hubballi,15.3478,75.1338,2026-02-05 14:00:00,32.0,30.7,257.0,1.7,6.7,153.0,29.6,29,0.0,13.5
Hubballi,15.3478,75.1338,2026-02-05 15:00:00,31.5,30.5,256.0,1.8,6.3,156.0,29.7,29,0.0,12.5
Hubballi,15.3478,75.1338,2026-02-05 16:00:00,31.8,30.7,262.0,2.2,6.2,157.0,29.4,29,0.0,12.5
Hubballi,15.3478,75.1338,2026-02-05 17:00:00,27.0,26.1,276.0,3.2,5.9,152.0,28.3,32,0.0,13.3
Hubballi,15.3478,75.1338,2026-02-05 18:00:00,29.6,29.0,305.0,7.1,5.9,137.0,26.3,37,0.0,9.1
Hubballi,15.3478,75.1338,2026-02-05 19:00:00,32.1,31.5,343.0,12.3,6.0,116.0,25.0,41,0.0,11.3
Hubballi,15.3478,75.1338,2026-02-05 20:00:00,32.7,32.1,368.0,15.6,6.0,100.0,24.2,42,0.0,12.8
Hubballi,15.3478,75.1338,2026-02-05 21:00:00,32.7,32.2,368.0,15.1,6.0,94.0,23.6,44,0.0,12.4
Hubballi,15.3478,75.1338,2026-02-05 22:00:00,33.2,32.7,355.0,12.6,6.0,93.0,22.7,46,0.0,12.1
Hubballi,15.3478,75.1338,2026-02-05 23:00:00,33.8,33.3,346.0,10.4,6.1,93.0,22.0,49,0.0,12.6
Hubballi,15.3478,75.1338,2026-02-06 00:00:00,34.2,33.6,347.0,9.1,6.4,93.0,20.9,52,0.0,12.6
Hubballi,15.3478,75.1338,2026-02-06 01:00:00,35.0,34.5,350.0,8.1,6.8,94.0,20.3,53,0.0,11.8
Hubballi,15.3478,75.1338,2026-02-06 02:00:00,36.2,35.6,353.0,7.4,7.3,93.0,19.9,53,0.0,12.9
Hubballi,15.3478,75.1338,2026-02-06 03:00:00,37.1,36.6,352.0,7.2,8.0,86.0,19.5,54,0.0,13.0
Hubballi,15.3478,75.1338,2026-02-06 04:00:00,36.0,35.5,351.0,7.4,8.8,77.0,19.1,57,0.0,10.8
Hubballi,15.3478,75.1338,2026-02-06 05:00:00,34.2,33.6,348.0,7.5,9.9,76.0,19.0,61,0.0,10.3
Hubballi,15.3478,75.1338,2026-02-06 06:00:00,29.7,29.2,346.0,9.0,10.2,70.0,18.8,63,0.0,10.6
Hubballi,15.3478,75.1338,2026-02-06 07:00:00,26.7,26.2,344.0,10.9,10.6,63.0,18.8,63,0.0,10.2
Hubballi,15.3478,75.1338,2026-02-06 08:00:00,26.1,25.5,337.0,11.5,10.8,65.0,21.2,56,0.0,8.8
Hubballi,15.3478,75.1338,2026-02-06 09:00:00,28.8,27.8,321.0,9.4,10.7,85.0,24.0,47,0.0,12.4
Hubballi,15.3478,75.1338,2026-02-06 10:00:00,33.5,32.5,301.0,5.8,10.3,115.0,26.5,38,0.0,18.4
Hubballi,15.3478,75.1338,2026-02-06 11:00:00,37.4,36.3,287.0,3.1,9.8,139.0,27.7,34,0.0,20.4
Hubballi,15.3478,75.1338,2026-02-06 12:00:00,37.7,36.7,286.0,2.0,9.0,151.0,28.5,32,0.0,19.7
Hubballi,15.3478,75.1338,2026-02-06 13:00:00,36.9,36.1,292.0,1.7,7.9,156.0,29.3,30,0.0,19.6
Hubballi,15.3478,75.1338,2026-02-06 14:00:00,36.4,35.6,296.0,1.7,7.1,159.0,29.6,28,0.0,18.7
Hubballi,15.3478,75.1338,2026-02-06 15:00:00,36.2,35.4,293.0,1.8,6.7,161.0,29.6,27,0.0,17.1
Hubballi,15.3478,75.1338,2026-02-06 16:00:00,36.3,35.5,288.0,2.3,6.4,160.0,29.1,28,0.0,16.9
Hubballi,15.3478,75.1338,2026-02-06 17:00:00,29.2,28.6,293.0,3.4,6.4,155.0,28.4,31,0.0,17.4
Hubballi,15.3478,75.1338,2026-02-06 18:00:00,31.1,30.6,314.0,7.0,6.5,140.0,26.6,35,0.0,13.8
Hubballi,15.3478,75.1338,2026-02-06 19:00:00,32.8,32.4,345.0,11.9,6.7,119.0,25.2,38,0.0,12.9
Hubballi,15.3478,75.1338,2026-02-06 20:00:00,33.3,32.9,372.0,15.1,7.0,103.0,24.3,39,0.0,11.9
Hubballi,15.3478,75.1338,2026-02-06 21:00:00,33.5,33.2,394.0,15.1,7.3,97.0,23.9,39,0.0,13.2
Hubballi,15.3478,75.1338,2026-02-06 22:00:00,34.1,33.6,414.0,13.4,7.7,95.0,22.8,41,0.0,11.5
Hubballi,15.3478,75.1338,2026-02-06 23:00:00,34.3,33.9,424.0,11.8,8.0,93.0,21.6,45,0.0,10.7
Hubballi,15.3478,75.1338,2026-02-07 00:00:00,34.1,33.6,418.0,10.9,8.1,90.0,20.7,47,0.0,9.2
Hubballi,15.3478,75.1338,2026-02-07 01:00:00,33.8,33.3,404.0,10.1,8.0,88.0,20.0,49,0.0,6.4
Hubballi,15.3478,75.1338,2026-02-07 02:00:00,33.4,32.9,397.0,9.5,8.0,84.0,19.5,52,0.0,9.3
Hubballi,15.3478,75.1338,2026-02-07 03:00:00,32.6,32.1,408.0,9.1,8.2,77.0,18.8,55,0.0,8.6
Hubballi,15.3478,75.1338,2026-02-07 04:00:00,31.4,31.0,428.0,8.8,8.4,69.0,18.5,57,0.0,8.6
Hubballi,15.3478,75.1338,2026-02-07 05:00:00,28.6,28.2,440.0,8.9,8.4,64.0,18.5,61,0.0,9.3
Hubballi,15.3478,75.1338,2026-02-07 06:00:00,27.2,26.8,442.0,9.9,8.0,61.0,17.9,65,0.0,7.3
Hubballi,15.3478,75.1338,2026-02-07 07:00:00,27.2,26.7,438.0,11.2,7.5,57.0,18.1,66,0.0,7.9
Hubballi,15.3478,75.1338,2026-02-07 08:00:00,27.0,26.4,421.0,11.3,7.1,62.0,20.8,55,0.0,7.2
Hubballi,15.3478,75.1338,2026-02-07 09:00:00,26.3,25.4,381.0,8.9,6.9,84.0,23.8,42,0.0,9.5
Hubballi,15.3478,75.1338,2026-02-07 10:00:00,26.6,25.8,328.0,5.2,6.9,114.0,26.5,33,0.0,12.1
Hubballi,15.3478,75.1338,2026-02-07 11:00:00,25.9,25.2,289.0,2.4,6.9,138.0,27.9,30,0.0,14.6
Hubballi,15.3478,75.1338,2026-02-07 12:00:00,25.1,24.5,277.0,1.5,6.9,150.0,28.9,29,0.0,14.2
Hubballi,15.3478,75.1338,2026-02-07 13:00:00,25.0,24.5,279.0,1.4,6.9,156.0,29.6,27,0.0,12.9
Hubballi,15.3478,75.1338,2026-02-07 14:00:00,25.2,24.7,282.0,1.7,6.9,160.0,30.1,26,0.0,12.3
Hubballi,15.3478,75.1338,2026-02-07 15:00:00,25.7,25.1,281.0,1.9,6.9,163.0,30.2,25,0.0,10.9
Hubballi,15.3478,75.1338,2026-02-07 16:00:00,26.5,26.0,282.0,2.3,6.9,164.0,30.0,25,0.0,9.6
Hubballi,15.3478,75.1338,2026-02-07 17:00:00,17.0,16.8,290.0,3.4,6.4,159.0,29.3,27,0.0,10.6
Hubballi,15.3478,75.1338,2026-02-07 18:00:00,20.7,20.4,314.0,8.2,6.5,141.0,27.0,32,0.0,9.6
Hubballi,15.3478,75.1338,2026-02-07 19:00:00,24.8,24.6,346.0,14.8,6.7,118.0,25.7,35,0.0,13.4
Hubballi,15.3478,75.1338,2026-02-07 20:00:00,26.4,26.2,369.0,18.7,7.0,101.0,24.7,38,0.0,14.4
Hubballi,15.3478,75.1338,2026-02-07 21:00:00,28.2,27.9,375.0,17.5,7.6,99.0,23.7,39,0.0,11.5
Hubballi,15.3478,75.1338,2026-02-07 22:00:00,31.0,30.7,371.0,13.7,8.4,105.0,22.8,41,0.0,10.8
Hubballi,15.3478,75.1338,2026-02-07 23:00:00,33.3,32.9,369.0,10.4,9.1,110.0,22.2,44,0.0,13.0
Hubballi,15.3478,75.1338,2026-02-08 00:00:00,34.5,34.0,370.0,8.9,9.6,111.0,21.7,46,0.0,12.5
Hubballi,15.3478,75.1338,2026-02-08 01:00:00,35.2,34.7,373.0,8.0,9.9,112.0,20.9,49,0.0,11.0
Hubballi,15.3478,75.1338,2026-02-08 02:00:00,35.6,35.2,378.0,7.3,10.2,111.0,20.0,50,0.0,7.7
Hubballi,15.3478,75.1338,2026-02-08 03:00:00,36.1,35.6,384.0,6.6,10.3,109.0,18.9,53,0.0,6.5
Hubballi,15.3478,75.1338,2026-02-08 04:00:00,36.8,36.3,394.0,6.1,10.3,106.0,18.3,56,0.0,6.0
Hubballi,15.3478,75.1338,2026-02-08 05:00:00,37.5,36.9,411.0,7.0,10.8,101.0,18.6,59,0.0,6.1
Hubballi,15.3478,75.1338,2026-02-08 06:00:00,38.2,37.7,453.0,8.6,11.5,99.0,18.1,60,0.0,5.7
Hubballi,15.3478,75.1338,2026-02-08 07:00:00,40.7,40.4,503.0,10.6,12.6,97.0,17.9,59,0.0,13.0
Hubballi,15.3478,75.1338,2026-02-08 08:00:00,43.0,42.7,519.0,11.3,13.3,102.0,20.9,50,0.0,9.2
Hubballi,15.3478,75.1338,2026-02-08 09:00:00,45.4,44.9,471.0,9.2,13.6,119.0,24.0,43,0.0,9.1
Hubballi,15.3478,75.1338,2026-02-08 10:00:00,42.6,42.0,389.0,5.7,13.6,143.0,27.0,34,0.0,11.5
Hubballi,15.3478,75.1338,2026-02-08 11:00:00,36.9,36.3,326.0,3.0,13.2,161.0,28.4,28,0.0,11.4
Hubballi,15.3478,75.1338,2026-02-08 12:00:00,32.5,31.8,303.0,2.0,12.0,169.0,29.4,26,0.0,10.4
Hubballi,15.3478,75.1338,2026-02-08 13:00:00,31.0,30.2,298.0,1.9,10.3,172.0,30.1,24,0.0,10.7
Hubballi,15.3478,75.1338,2026-02-08 14:00:00,30.5,29.5,297.0,2.0,8.9,173.0,30.6,23,0.0,10.5
Hubballi,15.3478,75.1338,2026-02-08 15:00:00,30.3,29.1,295.0,1.8,8.2,175.0,30.7,22,0.0,8.9
Hubballi,15.3478,75.1338,2026-02-08 16:00:00,30.0,28.8,296.0,2.0,7.9,176.0,30.2,22,0.0,8.0
Hubballi,15.3478,75.1338,2026-02-08 17:00:00,33.8,33.6,305.0,3.8,7.7,173.0,29.5,25,0.0,10.2
Hubballi,15.3478,75.1338,2026-02-08 18:00:00,37.6,37.5,326.0,8.1,7.7,155.0,27.3,29,0.0,11.7
Hubballi,15.3478,75.1338,2026-02-08 19:00:00,40.9,40.7,355.0,13.9,7.8,131.0,25.9,31,0.0,13.2
Hubballi,15.3478,75.1338,2026-02-08 20:00:00,40.6,40.5,377.0,17.4,8.0,114.0,24.7,32,0.0,13.1
Hubballi,15.3478,75.1338,2026-02-08 21:00:00,40.5,40.3,385.0,16.2,8.4,111.0,24.1,33,0.0,13.7
Hubballi,15.3478,75.1338,2026-02-08 22:00:00,41.3,41.0,386.0,12.5,9.0,115.0,23.2,34,0.0,11.9
Hubballi,15.3478,75.1338,2026-02-08 23:00:00,41.8,41.4,392.0,9.6,9.5,117.0,22.3,37,0.0,8.8
Hubballi,15.3478,75.1338,2026-02-09 00:00:00,41.7,41.2,410.0,8.5,9.7,115.0,21.6,40,0.0,9.7
Hubballi,15.3478,75.1338,2026-02-09 01:00:00,41.4,40.9,432.0,8.0,9.8,112.0,20.8,43,0.0,6.9
Hubballi,15.3478,75.1338,2026-02-09 02:00:00,41.3,40.7,452.0,7.9,10.0,108.0,19.5,49,0.0,2.6
Hubballi,15.3478,75.1338,2026-02-09 03:00:00,41.7,40.9,464.0,7.8,10.3,104.0,19.4,49,0.0,1.3
Hubballi,15.3478,75.1338,2026-02-09 04:00:00,42.6,41.7,474.0,8.0,10.6,99.0,18.5,52,0.0,2.5
Hubballi,15.3478,75.1338,2026-02-09 05:00:00,56.0,54.9,487.0,14.0,11.7,95.0,18.6,53,0.0,5.4
Hubballi,15.3478,75.1338,2026-02-09 06:00:00,58.8,57.6,516.0,15.5,12.1,90.0,18.1,56,0.0,2.5
Hubballi,15.3478,75.1338,2026-02-09 07:00:00,59.5,58.3,549.0,17.4,12.5,85.0,18.7,60,0.0,3.9
Hubballi,15.3478,75.1338,2026-02-09 08:00:00,48.9,48.1,551.0,17.3,12.8,88.0,21.6,48,0.0,5.4
Hubballi,15.3478,75.1338,2026-02-09 09:00:00,43.3,42.4,496.0,13.2,12.8,108.0,23.8,43,0.0,8.4
Hubballi,15.3478,75.1338,2026-02-09 10:00:00,42.0,41.1,410.0,7.0,12.7,136.0,26.6,35,0.0,7.3
Hubballi,15.3478,75.1338,2026-02-09 11:00:00,40.2,39.1,342.0,2.4,12.1,158.0,28.6,29,0.0,7.1
Hubballi,15.3478,75.1338,2026-02-09 12:00:00,37.3,36.3,313.0,1.0,10.8,168.0,29.9,26,0.0,4.9
Hubballi,15.3478,75.1338,2026-02-09 13:00:00,36.0,35.2,301.0,1.2,9.2,172.0,30.5,24,0.0,3.4
Hubballi,15.3478,75.1338,2026-02-09 14:00:00,35.3,34.5,295.0,1.7,7.9,173.0,30.9,23,0.0,3.6
Hubballi,15.3478,75.1338,2026-02-09 15:00:00,34.7,33.8,281.0,1.2,7.2,175.0,31.2,23,0.0,3.9
Hubballi,15.3478,75.1338,2026-02-09 16:00:00,34.0,33.2,271.0,1.0,6.8,175.0,30.7,22,0.0,3.4
Hubballi,15.3478,75.1338,2026-02-09 17:00:00,34.5,33.5,293.0,4.1,6.5,168.0,30.1,21,0.0,6.0
Hubballi,15.3478,75.1338,2026-02-09 18:00:00,39.6,38.8,380.0,12.2,6.9,146.0,28.3,24,0.0,5.8
Hubballi,15.3478,75.1338,2026-02-09 19:00:00,43.2,42.4,499.0,23.3,7.4,115.0,26.1,28,0.0,6.0
Hubballi,15.3478,75.1338,2026-02-09 20:00:00,43.2,42.5,572.0,31.0,7.9,92.0,24.7,32,0.0,8.3
Hubballi,15.3478,75.1338,2026-02-09 21:00:00,41.0,40.4,554.0,31.4,8.5,86.0,22.8,46,0.0,11.1
Hubballi,15.3478,75.1338,2026-02-09 22:00:00,40.0,39.5,491.0,28.5,9.1,87.0,21.7,61,0.0,9.0
Hubballi,15.3478,75.1338,2026-02-09 23:00:00,42.4,41.8,447.0,27.4,9.6,85.0,21.0,67,0.0,7.4
Hubballi,15.3478,75.1338,2026-02-10 00:00:00,45.9,45.2,446.0,31.2,9.9,73.0,20.1,73,0.0,2.9
Hubballi,15.3478,75.1338,2026-02-10 01:00:00,53.8,53.2,464.0,37.0,10.0,58.0,19.3,78,0.0,4.1
Hubballi,15.3478,75.1338,2026-02-10 02:00:00,61.9,61.2,489.0,41.0,10.1,45.0,18.6,83,0.0,2.4
Hubballi,15.3478,75.1338,2026-02-10 03:00:00,67.5,66.8,520.0,41.9,10.0,37.0,17.9,85,0.0,2.1
Hubballi,15.3478,75.1338,2026-02-10 04:00:00,70.8,70.1,557.0,41.1,9.9,32.0,17.8,84,0.0,0.4
Hubballi,15.3478,75.1338,2026-02-10 05:00:00,49.7,48.9,590.0,21.3,11.7,66.0,18.1,82,0.0,0.2
Hubballi,15.3478,75.1338,2026-02-10 06:00:00,50.6,49.8,628.0,21.6,12.2,65.0,18.1,78,0.0,0.7
Hubballi,15.3478,75.1338,2026-02-10 07:00:00,52.9,51.9,661.0,21.8,12.8,64.0,18.3,79,0.0,5.1
Hubballi,15.3478,75.1338,2026-02-10 08:00:00,44.8,44.0,652.0,20.2,13.0,73.0,21.0,68,0.0,5.6
Hubballi,15.3478,75.1338,2026-02-10 09:00:00,33.6,32.7,564.0,14.9,12.4,100.0,24.5,44,0.0,6.9
Hubballi,15.3478,75.1338,2026-02-10 10:00:00,34.5,33.3,433.0,7.8,11.4,136.0,27.1,33,0.0,8.9
Hubballi,15.3478,75.1338,2026-02-10 11:00:00,34.2,32.8,331.0,2.6,10.3,163.0,28.7,28,0.0,10.1
Hubballi,15.3478,75.1338,2026-02-10 12:00:00,34.6,33.2,288.0,1.0,9.1,173.0,29.9,26,0.0,9.2
Hubballi,15.3478,75.1338,2026-02-10 13:00:00,32.9,31.5,273.0,1.2,7.8,175.0,30.7,23,0.0,9.1
Hubballi,15.3478,75.1338,2026-02-10 14:00:00,30.9,29.6,265.0,1.7,6.8,174.0,31.2,20,0.0,10.1
Hubballi,15.3478,75.1338,2026-02-10 15:00:00,29.6,28.4,258.0,1.9,6.3,174.0,31.1,19,0.0,11.6
Hubballi,15.3478,75.1338,2026-02-10 16:00:00,29.0,27.8,257.0,2.3,6.0,172.0,30.6,19,0.0,12.0
Hubballi,15.3478,75.1338,2026-02-10 17:00:00,18.4,17.6,264.0,3.3,5.2,158.0,30.1,21,0.0,11.6
Hubballi,15.3478,75.1338,2026-02-10 18:00:00,20.1,19.5,282.0,6.9,5.1,141.0,27.9,25,0.0,10.9
Hubballi,15.3478,75.1338,2026-02-10 19:00:00,22.8,22.1,306.0,11.8,5.1,119.0,26.4,26,0.0,14.8
Hubballi,15.3478,75.1338,2026-02-10 20:00:00,23.5,22.8,323.0,14.9,5.2,102.0,25.1,29,0.0,15.0
Hubballi,15.3478,75.1338,2026-02-10 21:00:00,24.4,23.7,326.0,14.6,5.6,98.0,24.1,33,0.0,14.2
Hubballi,15.3478,75.1338,2026-02-10 22:00:00,26.4,25.5,322.0,12.5,6.2,99.0,23.5,36,0.0,12.6
Hubballi,15.3478,75.1338,2026-02-10 23:00:00,27.9,27.0,318.0,10.6,6.6,101.0,22.5,41,0.0,12.0
Hubballi,15.3478,75.1338,2026-02-11 00:00:00,28.5,27.5,313.0,9.7,6.8,101.0,22.4,39,0.0,13.1
Hubballi,15.3478,75.1338,2026-02-11 01:00:00,28.9,27.8,307.0,9.0,6.8,100.0,21.4,39,0.0,10.8
Hubballi,15.3478,75.1338,2026-02-11 02:00:00,29.0,27.8,309.0,8.4,7.0,99.0,19.9,44,0.0,6.4
Hubballi,15.3478,75.1338,2026-02-11 03:00:00,28.8,27.6,327.0,7.9,7.5,97.0,19.1,47,0.0,6.9
Hubballi,15.3478,75.1338,2026-02-11 04:00:00,28.3,27.2,354.0,7.4,8.1,93.0,18.5,49,0.0,6.9
Hubballi,15.3478,75.1338,2026-02-11 05:00:00,29.4,28.5,374.0,8.4,8.9,83.0,18.6,55,0.0,9.4
Hubballi,15.3478,75.1338,2026-02-11 06:00:00,30.9,29.9,386.0,9.1,8.5,80.0,18.1,59,0.0,7.7
Hubballi,15.3478,75.1338,2026-02-11 07:00:00,33.4,32.5,391.0,10.0,7.9,76.0,18.1,62,0.0,9.3
Hubballi,15.3478,75.1338,2026-02-11 08:00:00,35.4,34.5,381.0,9.8,7.4,81.0,20.7,56,0.0,9.7
Hubballi,15.3478,75.1338,2026-02-11 09:00:00,37.6,36.4,343.0,7.6,6.9,103.0,23.9,47,0.0,13.2
Hubballi,15.3478,75.1338,2026-02-11 10:00:00,37.4,35.6,290.0,4.5,6.5,133.0,26.5,34,0.0,17.2
Hubballi,15.3478,75.1338,2026-02-11 11:00:00,34.0,32.2,250.0,2.1,6.2,155.0,27.7,30,0.0,17.5
Hubballi,15.3478,75.1338,2026-02-11 12:00:00,30.7,29.0,237.0,1.3,6.0,163.0,28.8,27,0.0,18.0
Hubballi,15.3478,75.1338,2026-02-11 13:00:00,27.8,26.1,236.0,1.3,5.9,163.0,29.5,26,0.0,18.3
Hubballi,15.3478,75.1338,2026-02-11 14:00:00,25.4,23.7,234.0,1.6,5.8,161.0,30.3,21,0.0,19.3
Hubballi,15.3478,75.1338,2026-02-11 15:00:00,23.4,21.8,220.0,1.7,5.6,159.0,30.3,19,0.0,20.6
Hubballi,15.3478,75.1338,2026-02-11 16:00:00,22.5,21.0,205.0,2.0,5.3,155.0,29.9,19,0.0,20.2
Hubballi,15.3478,75.1338,2026-02-11 17:00:00,11.1,11.1,204.0,2.9,5.0,149.0,28.9,20,0.0,19.9
Hubballi,15.3478,75.1338,2026-02-11 18:00:00,11.9,11.9,230.0,5.6,5.1,137.0,26.8,24,0.0,16.3
Hubballi,15.3478,75.1338,2026-02-11 19:00:00,13.8,13.7,271.0,9.3,5.2,120.0,25.2,28,0.0,15.3
Hubballi,15.3478,75.1338,2026-02-11 20:00:00,15.3,15.1,304.0,12.0,5.4,106.0,24.3,31,0.0,14.9
Hubballi,15.3478,75.1338,2026-02-11 21:00:00,16.8,16.6,323.0,12.8,5.7,99.0,23.5,33,0.0,13.4
Hubballi,15.3478,75.1338,2026-02-11 22:00:00,18.7,18.4,335.0,12.7,6.1,96.0,22.8,36,0.0,13.0
Hubballi,15.3478,75.1338,2026-02-11 23:00:00,20.4,20.1,340.0,12.3,6.5,92.0,22.0,41,0.0,15.0
Hubballi,15.3478,75.1338,2026-02-12 00:00:00,21.5,21.1,337.0,11.9,6.9,87.0,20.6,48,0.0,12.2
Hubballi,15.3478,75.1338,2026-02-12 01:00:00,23.1,22.6,327.0,11.1,7.3,82.0,20.0,55,0.0,11.2
Hubballi,15.3478,75.1338,2026-02-12 02:00:00,25.6,24.9,317.0,10.1,7.5,79.0,19.5,59,0.0,12.3
Hubballi,15.3478,75.1338,2026-02-12 03:00:00,27.5,26.6,308.0,8.4,7.5,78.0,18.9,61,0.0,12.5
Hubballi,15.3478,75.1338,2026-02-12 04:00:00,27.9,26.8,300.0,6.3,7.3,78.0,18.2,62,0.0,11.9
Hubballi,15.3478,75.1338,2026-02-12 05:00:00,26.4,25.1,293.0,4.9,7.2,81.0,17.9,60,0.0,12.3
Hubballi,15.3478,75.1338,2026-02-12 06:00:00,24.7,23.5,292.0,5.8,7.2,79.0,17.6,56,0.0,11.7
Hubballi,15.3478,75.1338,2026-02-12 07:00:00,24.0,22.8,292.0,7.0,7.1,76.0,17.7,52,0.0,12.1
Hubballi,15.3478,75.1338,2026-02-12 08:00:00,23.6,22.2,287.0,7.3,7.2,81.0,19.8,45,0.0,11.8
Hubballi,15.3478,75.1338,2026-02-12 09:00:00,24.7,22.8,270.0,6.1,7.6,99.0,22.4,37,0.0,14.7
Hubballi,15.3478,75.1338,2026-02-12 10:00:00,25.9,23.9,248.0,4.0,8.2,123.0,25.1,27,0.0,18.6
Hubballi,15.3478,75.1338,2026-02-12 11:00:00,21.6,19.8,230.0,2.4,8.4,142.0,26.9,23,0.0,21.4
Hubballi,15.3478,75.1338,2026-02-12 12:00:00,18.9,17.2,221.0,1.7,8.0,149.0,28.3,21,0.0,20.7
Hubballi,15.3478,75.1338,2026-02-12 13:00:00,18.0,16.5,216.0,1.5,7.3,151.0,29.3,20,0.0,19.4
Hubballi,15.3478,75.1338,2026-02-12 14:00:00,17.8,16.4,213.0,1.6,6.8,151.0,29.8,20,0.0,18.0
Hubballi,15.3478,75.1338,2026-02-12 15:00:00,17.8,16.5,206.0,1.6,6.8,154.0,29.8,19,0.0,17.2
Hubballi,15.3478,75.1338,2026-02-12 16:00:00,18.2,17.0,200.0,1.9,7.0,156.0,29.4,18,0.0,17.0
Hubballi,15.3478,75.1338,2026-02-12 17:00:00,14.8,14.6,208.0,3.2,7.6,156.0,28.4,21,0.0,15.1
Hubballi,15.3478,75.1338,2026-02-12 18:00:00,17.1,16.9,238.0,7.6,7.6,139.0,26.0,26,0.0,9.1
Hubballi,15.3478,75.1338,2026-02-12 19:00:00,20.1,19.8,282.0,13.6,7.7,116.0,24.3,30,0.0,10.2
Hubballi,15.3478,75.1338,2026-02-12 20:00:00,20.3,20.1,324.0,17.5,7.7,98.0,23.2,34,0.0,10.8
Hubballi,15.3478,75.1338,2026-02-12 21:00:00,20.1,19.8,367.0,17.1,7.7,92.0,22.4,37,0.0,11.3
Hubballi,15.3478,75.1338,2026-02-12 22:00:00,20.4,20.0,409.0,14.6,7.8,91.0,21.7,38,0.0,9.1
Hubballi,15.3478,75.1338,2026-02-12 23:00:00,20.7,20.3,429.0,12.3,7.7,91.0,21.1,41,0.0,9.0
Hubballi,15.3478,75.1338,2026-02-13 00:00:00,20.7,20.1,412.0,11.0,7.4,90.0,19.8,45,0.0,8.5
Hubballi,15.3478,75.1338,2026-02-13 01:00:00,20.7,20.1,374.0,10.0,7.1,89.0,18.7,49,0.0,5.8
Hubballi,15.3478,75.1338,2026-02-13 02:00:00,20.9,20.2,343.0,9.3,6.9,87.0,18.1,51,0.0,5.7
Hubballi,15.3478,75.1338,2026-02-13 03:00:00,21.2,20.5,332.0,8.7,7.1,84.0,18.0,51,0.0,6.8
Hubballi,15.3478,75.1338,2026-02-13 04:00:00,21.7,21.0,330.0,8.4,7.6,81.0,17.8,52,0.0,8.9
Hubballi,15.3478,75.1338,2026-02-13 05:00:00,21.2,20.7,327.0,8.0,8.5,81.0,17.4,56,0.0,7.1
Hubballi,15.3478,75.1338,2026-02-13 06:00:00,21.4,20.9,327.0,9.3,8.9,74.0,17.2,58,0.0,6.9
Hubballi,15.3478,75.1338,2026-02-13 07:00:00,21.9,21.4,326.0,11.1,9.4,65.0,17.6,58,0.0,8.8
Hubballi,15.3478,75.1338,2026-02-13 08:00:00,21.5,20.9,314.0,11.4,9.7,66.0,20.6,49,0.0,8.7
Hubballi,15.3478,75.1338,2026-02-13 09:00:00,20.2,19.2,277.0,9.0,9.6,88.0,24.1,36,0.0,11.0
Hubballi,15.3478,75.1338,2026-02-13 10:00:00,22.1,21.0,228.0,5.2,9.3,121.0,27.0,26,0.0,15.4
Hubballi,15.3478,75.1338,2026-02-13 11:00:00,21.5,20.7,191.0,2.3,8.8,146.0,28.4,25,0.0,14.4
Hubballi,15.3478,75.1338,2026-02-13 12:00:00,19.0,18.2,179.0,1.4,8.0,155.0,29.6,23,0.0,12.0
Hubballi,15.3478,75.1338,2026-02-13 13:00:00,18.3,17.6,179.0,1.4,7.1,156.0,30.4,22,0.0,11.0
Hubballi,15.3478,75.1338,2026-02-13 14:00:00,18.5,17.8,181.0,1.6,6.4,156.0,31.0,20,0.0,11.5
Hubballi,15.3478,75.1338,2026-02-13 15:00:00,18.9,18.2,180.0,1.5,6.3,160.0,31.2,19,0.0,11.5
Hubballi,15.3478,75.1338,2026-02-13 16:00:00,19.3,18.7,180.0,1.6,6.4,163.0,30.8,19,0.0,10.6
Hubballi,15.3478,75.1338,2026-02-13 17:00:00,17.8,17.4,190.0,3.2,6.7,166.0,29.8,20,0.0,9.8
Hubballi,15.3478,75.1338,2026-02-13 18:00:00,20.8,20.5,215.0,7.9,6.9,148.0,27.3,24,0.0,8.8
Hubballi,15.3478,75.1338,2026-02-13 19:00:00,24.2,23.8,249.0,14.2,7.3,124.0,25.7,27,0.0,11.0
Hubballi,15.3478,75.1338,2026-02-13 20:00:00,23.7,23.4,279.0,18.1,7.5,106.0,24.6,29,0.0,12.9
Hubballi,15.3478,75.1338,2026-02-13 21:00:00,21.8,21.5,303.0,17.2,7.6,100.0,23.8,30,0.0,12.6
Hubballi,15.3478,75.1338,2026-02-13 22:00:00,20.1,19.8,322.0,13.9,7.6,100.0,22.6,33,0.0,10.3
Hubballi,15.3478,75.1338,2026-02-13 23:00:00,18.8,18.6,332.0,11.2,7.5,100.0,21.6,36,0.0,11.4
Hubballi,15.3478,75.1338,2026-02-14 00:00:00,17.8,17.5,323.0,10.1,7.2,97.0,21.0,38,0.0,9.7
Hubballi,15.3478,75.1338,2026-02-14 01:00:00,17.2,16.9,304.0,9.6,6.7,93.0,20.4,41,0.0,8.1
Hubballi,15.3478,75.1338,2026-02-14 02:00:00,16.9,16.6,296.0,9.2,6.5,89.0,19.4,44,0.0,9.7
Hubballi,15.3478,75.1338,2026-02-14 03:00:00,17.2,16.8,311.0,8.8,6.6,85.0,18.6,46,0.0,10.0
Hubballi,15.3478,75.1338,2026-02-14 04:00:00,17.7,17.4,336.0,8.6,7.0,81.0,18.1,47,0.0,9.5
Hubballi,15.3478,75.1338,2026-02-14 05:00:00,18.6,18.3,353.0,8.6,7.7,77.0,18.0,50,0.0,8.6
Hubballi,15.3478,75.1338,2026-02-14 06:00:00,19.3,18.9,356.0,9.7,8.2,70.0,17.7,52,0.0,7.9
Hubballi,15.3478,75.1338,2026-02-14 07:00:00,20.0,19.6,350.0,11.0,8.9,62.0,17.9,53,0.0,9.0
Hubballi,15.3478,75.1338,2026-02-14 08:00:00,19.7,19.2,332.0,11.1,9.3,64.0,20.9,46,0.0,8.6
Hubballi,15.3478,75.1338,2026-02-14 09:00:00,18.5,17.5,291.0,8.8,9.3,84.0,24.3,35,0.0,12.1
Hubballi,15.3478,75.1338,2026-02-14 10:00:00,20.5,19.3,237.0,5.2,9.0,114.0,27.2,25,0.0,15.8
Hubballi,15.3478,75.1338,2026-02-14 11:00:00,22.6,21.5,198.0,2.5,8.5,137.0,28.6,24,0.0,15.3
Hubballi,15.3478,75.1338,2026-02-14 12:00:00,20.9,20.0,189.0,1.5,7.8,147.0,29.9,22,0.0,13.0
Hubballi,15.3478,75.1338,2026-02-14 13:00:00,19.8,19.0,194.0,1.4,6.9,150.0,30.6,21,0.0,11.2
Hubballi,15.3478,75.1338,2026-02-14 14:00:00,20.0,19.2,201.0,1.5,6.3,152.0,31.1,20,0.0,11.1
Hubballi,15.3478,75.1338,2026-02-14 15:00:00,20.3,19.6,199.0,1.4,6.1,157.0,31.2,20,0.0,10.4
Hubballi,15.3478,75.1338,2026-02-14 16:00:00,20.8,20.1,199.0,1.7,6.3,161.0,30.8,20,0.0,8.3
Hubballi,15.3478,75.1338,2026-02-14 17:00:00,15.2,14.9,212.0,3.1,6.2,164.0,30.1,21,0.0,7.8
Hubballi,15.3478,75.1338,2026-02-14 18:00:00,18.7,18.5,253.0,8.6,6.4,146.0,27.7,26,0.0,8.4
Hubballi,15.3478,75.1338,2026-02-14 19:00:00,23.5,23.2,307.0,16.0,6.7,121.0,26.4,28,0.0,11.5
Hubballi,15.3478,75.1338,2026-02-14 20:00:00,24.0,23.8,348.0,20.4,6.9,102.0,25.0,30,0.0,10.8
Hubballi,15.3478,75.1338,2026-02-14 21:00:00,22.8,22.6,363.0,19.0,6.9,97.0,23.8,33,0.0,11.0
Hubballi,15.3478,75.1338,2026-02-14 22:00:00,21.8,21.6,365.0,14.7,6.9,99.0,23.4,34,0.0,11.1
Hubballi,15.3478,75.1338,2026-02-14 23:00:00,21.2,20.9,361.0,11.2,6.8,100.0,22.4,36,0.0,9.2
Hubballi,15.3478,75.1338,2026-02-15 00:00:00,20.6,20.3,350.0,10.1,6.7,97.0,21.3,39,0.0,7.7
Hubballi,15.3478,75.1338,2026-02-15 01:00:00,20.5,20.1,333.0,9.8,6.6,93.0,20.8,41,0.0,8.0
Hubballi,15.3478,75.1338,2026-02-15 02:00:00,20.7,20.3,326.0,9.8,6.4,89.0,20.3,42,0.0,6.8
Hubballi,15.3478,75.1338,2026-02-15 03:00:00,21.2,20.8,337.0,9.9,6.1,83.0,19.8,44,0.0,8.0
Hubballi,15.3478,75.1338,2026-02-15 04:00:00,22.1,21.7,359.0,10.3,5.7,77.0,19.5,44,0.0,7.2
Hubballi,15.3478,75.1338,2026-02-15 05:00:00,22.0,21.6,381.0,8.3,5.2,89.0,19.2,46,0.0,7.4
Hubballi,15.3478,75.1338,2026-02-15 06:00:00,23.4,22.9,410.0,10.4,6.1,86.0,18.8,47,0.0,7.0
Hubballi,15.3478,75.1338,2026-02-15 07:00:00,25.8,25.4,441.0,13.1,7.3,82.0,18.5,50,0.0,7.9
Hubballi,15.3478,75.1338,2026-02-15 08:00:00,26.7,26.4,443.0,13.9,8.3,86.0,21.5,44,0.0,6.6
Hubballi,15.3478,75.1338,2026-02-15 09:00:00,27.0,26.5,392.0,10.8,8.8,106.0,25.2,38,0.0,8.6
Hubballi,15.3478,75.1338,2026-02-15 10:00:00,25.6,25.0,314.0,5.8,9.1,134.0,28.3,28,0.0,10.7
Hubballi,15.3478,75.1338,2026-02-15 11:00:00,22.0,21.4,256.0,2.0,8.9,155.0,29.3,24,0.0,8.9
Hubballi,15.3478,75.1338,2026-02-15 12:00:00,20.1,19.6,240.0,0.9,8.1,163.0,30.4,22,0.0,8.5
Hubballi,15.3478,75.1338,2026-02-15 13:00:00,19.6,19.1,244.0,1.2,6.9,164.0,31.2,21,0.0,8.6
Hubballi,15.3478,75.1338,2026-02-15 14:00:00,19.8,19.3,248.0,1.6,6.0,164.0,31.6,20,0.0,7.5
Hubballi,15.3478,75.1338,2026-02-15 15:00:00,20.1,19.6,236.0,1.5,5.6,167.0,31.5,19,0.0,7.0
Hubballi,15.3478,75.1338,2026-02-15 16:00:00,21.0,20.3,225.0,1.5,5.6,169.0,31.1,19,0.0,8.1
Hubballi,15.3478,75.1338,2026-02-15 17:00:00,19.0,18.5,242.0,3.1,5.9,171.0,30.7,19,0.0,8.6
Hubballi,15.3478,75.1338,2026-02-15 18:00:00,22.5,22.1,320.0,7.1,6.3,156.0,27.8,25,0.0,4.5
Hubballi,15.3478,75.1338,2026-02-15 19:00:00,26.1,25.7,426.0,12.5,6.9,136.0,26.9,26,0.0,6.0
Hubballi,15.3478,75.1338,2026-02-15 20:00:00,27.6,27.2,491.0,15.6,7.4,122.0,25.8,29,0.0,11.2
Hubballi,15.3478,75.1338,2026-02-15 21:00:00,30.6,30.2,474.0,14.3,7.7,120.0,24.2,34,0.0,9.9
Hubballi,15.3478,75.1338,2026-02-15 22:00:00,34.9,34.2,415.0,10.7,8.0,123.0,24.0,34,0.0,12.3
Hubballi,15.3478,75.1338,2026-02-15 23:00:00,37.7,36.9,370.0,7.8,8.1,125.0,23.7,35,0.0,10.1
Hubballi,15.3478,75.1338,2026-02-16 00:00:00,38.3,37.5,360.0,6.8,8.0,123.0,23.0,37,0.0,9.6
Hubballi,15.3478,75.1338,2026-02-16 01:00:00,38.3,37.4,362.0,6.5,7.8,119.0,22.6,39,0.0,11.8
Hubballi,15.3478,75.1338,2026-02-16 02:00:00,38.5,37.4,368.0,6.4,7.8,115.0,22.0,42,0.0,9.4
Hubballi,15.3478,75.1338,2026-02-16 03:00:00,39.0,37.8,373.0,6.4,7.9,109.0,20.9,47,0.0,6.5
Hubballi,15.3478,75.1338,2026-02-16 04:00:00,40.2,38.8,382.0,6.6,8.2,103.0,19.9,50,0.0,5.6
Hubballi,15.3478,75.1338,2026-02-16 05:00:00,47.7,45.9,390.0,10.1,9.7,90.0,19.8,52,0.0,4.6
Hubballi,15.3478,75.1338,2026-02-16 06:00:00,46.7,45.1,403.0,11.6,11.1,90.0,19.2,54,0.0,5.1
Hubballi,15.3478,75.1338,2026-02-16 07:00:00,45.5,44.1,416.0,13.5,13.0,91.0,20.0,51,0.0,8.6
Hubballi,15.3478,75.1338,2026-02-16 08:00:00,44.9,44.0,414.0,13.7,13.9,99.0,22.8,45,0.0,8.1
Hubballi,15.3478,75.1338,2026-02-16 09:00:00,45.2,44.1,383.0,10.4,13.0,119.0,25.8,39,0.0,13.0
Hubballi,15.3478,75.1338,2026-02-16 10:00:00,42.4,41.1,337.0,5.3,11.1,145.0,28.1,31,0.0,17.6
Hubballi,15.3478,75.1338,2026-02-16 11:00:00,41.2,39.6,301.0,1.6,9.4,165.0,29.0,27,0.0,16.6
Hubballi,15.3478,75.1338,2026-02-16 12:00:00,39.8,38.3,285.0,0.6,8.3,172.0,30.1,24,0.0,14.9
Hubballi,15.3478,75.1338,2026-02-16 13:00:00,38.6,37.1,278.0,0.9,7.4,172.0,30.9,22,0.0,13.6
Hubballi,15.3478,75.1338,2026-02-16 14:00:00,38.2,36.8,276.0,1.5,6.8,171.0,31.5,21,0.0,12.1
Hubballi,15.3478,75.1338,2026-02-16 15:00:00,38.4,36.9,274.0,1.6,6.5,174.0,31.5,21,0.0,10.8
Hubballi,15.3478,75.1338,2026-02-16 16:00:00,39.2,37.8,275.0,1.9,6.4,176.0,31.0,23,0.0,10.6
Hubballi,15.3478,75.1338,2026-02-16 17:00:00,45.6,44.2,287.0,3.2,7.4,180.0,30.2,26,0.0,11.4
Hubballi,15.3478,75.1338,2026-02-16 18:00:00,50.9,49.8,314.0,6.8,7.8,166.0,28.4,29,0.0,8.9
Hubballi,15.3478,75.1338,2026-02-16 19:00:00,54.1,53.2,352.0,11.7,8.3,146.0,26.6,32,0.0,9.2
Hubballi,15.3478,75.1338,2026-02-16 20:00:00,54.6,53.9,391.0,14.7,8.8,130.0,25.4,34,0.0,10.6
Hubballi,15.3478,75.1338,2026-02-16 21:00:00,54.0,53.4,436.0,14.1,9.2,123.0,24.5,36,0.0,10.0
Hubballi,15.3478,75.1338,2026-02-16 22:00:00,53.1,52.5,483.0,11.8,9.5,119.0,23.7,38,0.0,13.4
Hubballi,15.3478,75.1338,2026-02-16 23:00:00,51.8,51.2,507.0,9.8,9.7,116.0,23.6,38,0.0,14.1
Hubballi,15.3478,75.1338,2026-02-17 00:00:00,50.5,49.9,489.0,9.1,9.6,111.0,22.7,40,0.0,7.1
Hubballi,15.3478,75.1338,2026-02-17 01:00:00,49.9,49.1,449.0,8.9,9.4,105.0,21.5,45,0.0,1.5
Hubballi,15.3478,75.1338,2026-02-17 02:00:00,49.8,49.0,418.0,8.5,9.2,100.0,21.2,47,0.0,0.4
Hubballi,15.3478,75.1338,2026-02-17 03:00:00,49.4,48.4,412.0,7.5,9.2,95.0,20.6,46,0.0,8.5
Hubballi,15.3478,75.1338,2026-02-17 04:00:00,47.6,46.9,416.0,6.4,9.3,91.0,19.5,49,0.0,7.8
Hubballi,15.3478,75.1338,2026-02-17 05:00:00,45.6,45.1,418.0,6.0,9.4,89.0,19.2,54,0.0,8.5
Hubballi,15.3478,75.1338,2026-02-17 06:00:00,46.1,45.5,416.0,6.7,9.0,90.0,18.6,59,0.0,8.4
Hubballi,15.3478,75.1338,2026-02-17 07:00:00,47.8,47.3,412.0,7.6,8.4,92.0,18.9,61,0.0,10.3
Hubballi,15.3478,75.1338,2026-02-17 08:00:00,49.4,48.8,402.0,7.6,7.9,100.0,21.4,53,0.0,8.8
Hubballi,15.3478,75.1338,2026-02-17 09:00:00,49.9,49.1,379.0,6.0,7.7,118.0,24.4,44,0.0,11.5
Hubballi,15.3478,75.1338,2026-02-17 10:00:00,47.6,46.4,349.0,3.5,7.7,140.0,27.0,35,0.0,14.0
Hubballi,15.3478,75.1338,2026-02-17 11:00:00,44.6,43.4,325.0,1.7,7.6,158.0,28.2,31,0.0,13.1
Hubballi,15.3478,75.1338,2026-02-17 12:00:00,42.1,41.0,311.0,1.1,7.3,165.0,29.5,28,0.0,9.6
Hubballi,15.3478,75.1338,2026-02-17 13:00:00,40.6,39.6,303.0,1.1,6.9,167.0,30.4,26,0.0,7.9
Hubballi,15.3478,75.1338,2026-02-17 14:00:00,39.8,38.8,298.0,1.4,6.6,168.0,31.0,25,0.0,6.7
Hubballi,15.3478,75.1338,2026-02-17 15:00:00,39.3,38.3,295.0,1.3,6.4,170.0,30.9,25,0.0,6.6
Hubballi,15.3478,75.1338,2026-02-17 16:00:00,39.2,38.2,295.0,1.5,6.2,172.0,31.0,24,0.0,8.1
Hubballi,15.3478,75.1338,2026-02-17 17:00:00,46.0,44.9,303.0,3.2,6.3,165.0,30.1,25,0.0,10.8
Hubballi,15.3478,75.1338,2026-02-17 18:00:00,48.9,48.1,322.0,7.8,6.5,149.0,28.3,28,0.0,8.8
Hubballi,15.3478,75.1338,2026-02-17 19:00:00,50.3,49.6,348.0,14.1,6.8,127.0,26.8,31,0.0,13.8
Hubballi,15.3478,75.1338,2026-02-17 20:00:00,47.6,47.0,380.0,17.9,7.4,112.0,26.0,32,0.0,14.0
Hubballi,15.3478,75.1338,2026-02-17 21:00:00,44.5,44.1,422.0,16.9,8.4,110.0,25.4,32,0.0,11.9
Hubballi,15.3478,75.1338,2026-02-17 22:00:00,42.6,42.3,469.0,13.4,9.6,115.0,24.6,33,0.0,12.4
Hubballi,15.3478,75.1338,2026-02-17 23:00:00,41.4,41.2,504.0,10.4,10.7,117.0,24.0,35,0.0,12.7
Hubballi,15.3478,75.1338,2026-02-18 00:00:00,40.6,40.3,522.0,9.2,11.6,113.0,23.1,38,0.0,9.4
Hubballi,15.3478,75.1338,2026-02-18 01:00:00,39.6,39.2,527.0,8.6,12.2,106.0,22.1,40,0.0,8.0
Hubballi,15.3478,75.1338,2026-02-18 02:00:00,38.3,38.0,513.0,7.8,12.3,101.0,21.6,39,0.0,12.2
Hubballi,15.3478,75.1338,2026-02-18 03:00:00,36.4,36.1,465.0,6.4,11.3,100.0,21.0,43,0.0,14.7
Hubballi,15.3478,75.1338,2026-02-18 04:00:00,34.7,34.3,398.0,4.8,9.7,100.0,20.3,49,0.0,13.6
Hubballi,15.3478,75.1338,2026-02-18 05:00:00,34.2,33.6,348.0,3.9,8.6,103.0,19.7,54,0.0,12.4
Hubballi,15.3478,75.1338,2026-02-18 06:00:00,33.2,32.6,336.0,4.8,7.9,100.0,19.4,54,0.0,11.3
Hubballi,15.3478,75.1338,2026-02-18 07:00:00,32.9,32.2,341.0,5.9,6.8,98.0,19.7,51,0.0,11.8
Hubballi,15.3478,75.1338,2026-02-18 08:00:00,32.4,31.5,341.0,6.3,6.1,100.0,21.8,43,0.0,11.5
Hubballi,15.3478,75.1338,2026-02-18 09:00:00,31.1,30.0,323.0,5.2,5.9,112.0,24.5,35,0.0,13.4
Hubballi,15.3478,75.1338,2026-02-18 10:00:00,30.4,29.2,299.0,3.3,6.0,130.0,27.1,27,0.0,14.7
Hubballi,15.3478,75.1338,2026-02-18 11:00:00,30.4,29.3,281.0,1.8,6.1,144.0,28.9,25,0.0,13.6
Hubballi,15.3478,75.1338,2026-02-18 12:00:00,30.4,29.4,275.0,1.3,6.0,151.0,30.1,24,0.0,9.9
Hubballi,15.3478,75.1338,2026-02-18 13:00:00,30.7,29.7,274.0,1.2,5.9,154.0,30.9,23,0.0,7.6
Hubballi,15.3478,75.1338,2026-02-18 14:00:00,31.0,30.0,276.0,1.4,5.7,155.0,31.4,23,0.0,6.8
Hubballi,15.3478,75.1338,2026-02-18 15:00:00,31.0,30.0,277.0,0.2,5.4,157.0,31.6,22,0.0,6.9
Hubballi,15.3478,75.1338,2026-02-18 16:00:00,30.9,30.0,280.0,0.0,5.0,158.0,31.3,23,0.0,6.1
Hubballi,15.3478,75.1338,2026-02-18 17:00:00,42.3,41.0,289.0,3.2,5.4,148.0,30.6,23,0.0,5.4
Hubballi,15.3478,75.1338,2026-02-18 18:00:00,49.1,47.8,304.0,16.3,6.5,127.0,28.8,26,0.0,5.6
Hubballi,15.3478,75.1338,2026-02-18 19:00:00,56.8,55.5,324.0,34.2,7.9,97.0,27.5,29,0.0,5.0
Hubballi,15.3478,75.1338,2026-02-18 20:00:00,63.3,62.2,350.0,47.1,9.1,73.0,25.0,46,0.0,18.7
Hubballi,15.3478,75.1338,2026-02-18 21:00:00,69.8,68.7,387.0,50.0,9.7,62.0,22.8,62,0.0,10.1
Hubballi,15.3478,75.1338,2026-02-18 22:00:00,75.0,74.0,429.0,47.8,9.9,57.0,22.4,64,0.0,8.2
Hubballi,15.3478,75.1338,2026-02-18 23:00:00,78.5,77.5,458.0,45.1,9.9,53.0,21.7,68,0.0,5.2
Hubballi,15.3478,75.1338,2026-02-19 00:00:00,79.9,78.9,462.0,43.2,9.5,49.0,21.2,70,0.0,6.9
Hubballi,15.3478,75.1338,2026-02-19 01:00:00,81.7,80.8,453.0,40.8,8.9,47.0,20.8,71,0.0,6.6
Hubballi,15.3478,75.1338,2026-02-19 02:00:00,84.3,83.4,449.0,38.0,8.5,45.0,20.4,71,0.0,7.4
Hubballi,15.3478,75.1338,2026-02-19 03:00:00,86.4,85.4,462.0,35.1,8.4,42.0,19.9,73,0.0,5.7
Hubballi,15.3478,75.1338,2026-02-19 04:00:00,83.1,82.2,480.0,31.8,8.5,39.0,19.4,76,0.0,5.7
Hubballi,15.3478,75.1338,2026-02-19 05:00:00,77.5,76.8,485.0,38.9,9.2,29.0,19.0,83,0.0,4.1
Hubballi,15.3478,75.1338,2026-02-19 06:00:00,60.5,60.1,469.0,31.6,9.2,40.0,18.7,85,0.0,6.9
Hubballi,15.3478,75.1338,2026-02-19 07:00:00,48.2,47.7,439.0,21.3,9.2,57.0,19.4,80,0.0,8.8
Hubballi,15.3478,75.1338,2026-02-19 08:00:00,40.6,40.0,408.0,12.8,9.0,76.0,22.4,58,0.0,10.2
Hubballi,15.3478,75.1338,2026-02-19 09:00:00,36.2,35.4,375.0,7.7,8.4,101.0,25.0,47,0.0,12.0
Hubballi,15.3478,75.1338,2026-02-19 10:00:00,34.6,33.6,339.0,4.2,7.5,128.0,27.5,40,0.0,14.0
Hubballi,15.3478,75.1338,2026-02-19 11:00:00,34.2,33.2,309.0,1.9,6.8,149.0,28.9,37,0.0,13.9
Hubballi,15.3478,75.1338,2026-02-19 12:00:00,34.6,33.5,287.0,0.9,6.4,159.0,30.4,32,0.0,11.9
Hubballi,15.3478,75.1338,2026-02-19 13:00:00,35.0,34.0,270.0,1.1,6.3,162.0,31.5,29,0.0,10.2
Hubballi,15.3478,75.1338,2026-02-19 14:00:00,35.2,34.2,259.0,1.5,6.1,163.0,32.0,28,0.0,9.0
Hubballi,15.3478,75.1338,2026-02-19 15:00:00,35.0,34.1,253.0,1.5,5.8,164.0,32.1,27,0.0,9.4
Hubballi,15.3478,75.1338,2026-02-19 16:00:00,35.0,34.1,253.0,1.8,5.6,164.0,32.1,26,0.0,12.1
Hubballi,15.3478,75.1338,2026-02-19 17:00:00,32.4,31.7,261.0,3.1,6.5,168.0,31.1,28,0.0,13.7
Hubballi,15.3478,75.1338,2026-02-19 18:00:00,33.4,32.9,283.0,5.9,7.0,158.0,29.5,31,0.0,10.2
Hubballi,15.3478,75.1338,2026-02-19 19:00:00,34.1,33.8,313.0,9.6,7.7,144.0,27.8,34,0.0,12.8
Hubballi,15.3478,75.1338,2026-02-19 20:00:00,32.4,32.1,334.0,12.1,8.4,132.0,27.0,35,0.0,16.5
Hubballi,15.3478,75.1338,2026-02-19 21:00:00,29.9,29.7,340.0,12.0,9.1,125.0,26.1,37,0.0,16.1
Hubballi,15.3478,75.1338,2026-02-19 22:00:00,28.1,27.8,337.0,10.5,9.7,120.0,25.3,40,0.0,14.9
Hubballi,15.3478,75.1338,2026-02-19 23:00:00,26.8,26.5,330.0,9.4,10.2,115.0,24.6,42,0.0,14.0
Hubballi,15.3478,75.1338,2026-02-20 00:00:00,25.8,25.5,319.0,9.3,10.6,107.0,23.7,44,0.0,12.1
Hubballi,15.3478,75.1338,2026-02-20 01:00:00,25.0,24.7,304.0,9.4,10.8,99.0,23.2,44,0.0,11.0
Hubballi,15.3478,75.1338,2026-02-20 02:00:00,24.4,24.0,290.0,9.3,10.8,92.0,22.7,44,0.0,12.3
Hubballi,15.3478,75.1338,2026-02-20 03:00:00,24.0,23.6,278.0,8.4,10.4,86.0,22.2,46,0.0,14.0
Hubballi,15.3478,75.1338,2026-02-20 04:00:00,23.7,23.3,266.0,7.2,9.8,80.0,21.3,53,0.0,12.6
Hubballi,15.3478,75.1338,2026-02-20 05:00:00,23.1,22.5,258.0,6.1,9.2,79.0,21.0,63,0.0,13.1
Hubballi,15.3478,75.1338,2026-02-20 06:00:00,22.7,22.2,256.0,6.5,8.7,80.0,20.9,68,0.0,13.0
Hubballi,15.3478,75.1338,2026-02-20 07:00:00,23.2,22.7,257.0,6.9,7.9,82.0,21.3,68,0.0,13.1
Hubballi,15.3478,75.1338,2026-02-20 08:00:00,23.7,23.1,254.0,6.7,6.9,86.0,23.4,62,0.0,11.8
Hubballi,15.3478,75.1338,2026-02-20 09:00:00,23.3,22.5,240.0,5.2,5.4,95.0,26.1,53,0.0,13.2
Hubballi,15.3478,75.1338,2026-02-20 10:00:00,21.4,20.7,222.0,3.2,3.7,106.0,28.6,42,0.0,16.4
Hubballi,15.3478,75.1338,2026-02-20 11:00:00,20.3,19.6,208.0,1.6,2.4,115.0,30.1,36,0.0,16.2
Hubballi,15.3478,75.1338,2026-02-20 12:00:00,19.2,18.6,202.0,1.1,2.0,121.0,31.6,31,0.0,13.8
Hubballi,15.3478,75.1338,2026-02-20 13:00:00,18.6,18.0,201.0,1.1,2.1,126.0,32.6,28,0.0,11.0
Hubballi,15.3478,75.1338,2026-02-20 14:00:00,18.1,17.6,202.0,1.3,2.3,129.0,32.9,27,0.0,8.1
Hubballi,15.3478,75.1338,2026-02-20 15:00:00,17.5,17.1,203.0,1.4,2.3,131.0,33.3,26,0.0,8.8
Hubballi,15.3478,75.1338,2026-02-20 16:00:00,17.3,16.8,207.0,1.6,2.3,131.0,33.3,25,0.0,11.2
Hubballi,15.3478,75.1338,2026-02-20 17:00:00,11.8,11.6,213.0,2.7,3.3,138.0,32.6,26,0.0,12.9
Hubballi,15.3478,75.1338,2026-02-20 18:00:00,13.0,12.8,224.0,5.4,4.1,131.0,30.3,30,0.0,11.1
Hubballi,15.3478,75.1338,2026-02-20 19:00:00,15.1,15.0,239.0,9.2,5.2,121.0,29.2,32,0.0,16.1
Hubballi,15.3478,75.1338,2026-02-20 20:00:00,15.8,15.7,251.0,11.8,6.1,112.0,28.2,33,0.0,17.1
Hubballi,15.3478,75.1338,2026-02-20 21:00:00,15.9,15.7,259.0,12.0,6.8,105.0,27.0,37,0.0,15.2
Hubballi,15.3478,75.1338,2026-02-20 22:00:00,15.6,15.4,264.0,11.1,7.4,99.0,26.2,40,0.0,15.2
Hubballi,15.3478,75.1338,2026-02-20 23:00:00,15.0,14.8,268.0,10.4,7.7,93.0,25.7,43,0.0,15.9
Hubballi,15.3478,75.1338,2026-02-21 00:00:00,14.2,13.9,267.0,10.5,7.6,85.0,25.0,48,0.0,14.7
Hubballi,15.3478,75.1338,2026-02-21 01:00:00,13.9,13.5,265.0,10.7,7.2,77.0,24.4,53,0.0,13.5
Hubballi,15.3478,75.1338,2026-02-21 02:00:00,14.1,13.8,267.0,10.7,6.9,70.0,23.5,60,0.0,11.0
Hubballi,15.3478,75.1338,2026-02-21 03:00:00,15.1,14.8,279.0,10.2,6.8,65.0,22.7,65,0.0,9.3
Hubballi,15.3478,75.1338,2026-02-21 04:00:00,16.3,16.0,295.0,9.3,6.8,62.0,22.1,69,0.0,10.0
Hubballi,15.3478,75.1338,2026-02-21 05:00:00,16.8,16.5,307.0,8.1,6.3,63.0,21.9,73,0.0,12.4
Hubballi,15.3478,75.1338,2026-02-21 06:00:00,16.8,16.5,312.0,7.9,6.1,66.0,21.8,72,0.0,12.6
Hubballi,15.3478,75.1338,2026-02-21 07:00:00,17.5,17.2,313.0,7.7,5.7,72.0,22.0,71,0.0,12.6
Hubballi,15.3478,75.1338,2026-02-21 08:00:00,17.7,17.2,306.0,6.9,5.2,79.0,24.0,62,0.0,12.0
Hubballi,15.3478,75.1338,2026-02-21 09:00:00,15.1,14.5,285.0,5.2,4.2,90.0,26.4,52,0.0,13.6
Hubballi,15.3478,75.1338,2026-02-21 10:00:00,12.6,12.1,256.0,3.1,3.1,102.0,28.7,43,0.0,15.0
Hubballi,15.3478,75.1338,2026-02-21 11:00:00,12.5,12.0,232.0,1.5,2.3,113.0,29.9,37,0.0,15.4
Hubballi,15.3478,75.1338,2026-02-21 12:00:00,12.1,11.7,219.0,1.0,2.2,120.0,31.2,31,0.0,13.9
Hubballi,15.3478,75.1338,2026-02-21 13:00:00,11.8,11.4,212.0,1.1,2.4,124.0,32.1,28,0.0,13.3
Hubballi,15.3478,75.1338,2026-02-21 14:00:00,11.6,11.2,208.0,1.3,2.6,127.0,32.7,25,0.0,14.5
Hubballi,15.3478,75.1338,2026-02-21 15:00:00,11.4,11.1,205.0,1.1,2.7,130.0,32.7,25,0.0,13.5
Hubballi,15.3478,75.1338,2026-02-21 16:00:00,11.5,11.2,205.0,1.1,2.9,133.0,32.0,25,0.0,9.5
Hubballi,15.3478,75.1338,2026-02-21 17:00:00,7.1,7.1,215.0,2.7,3.2,132.0,31.6,25,0.0,11.0
Hubballi,15.3478,75.1338,2026-02-21 18:00:00,8.2,8.2,244.0,6.4,3.3,119.0,30.4,27,0.0,7.9
Hubballi,15.3478,75.1338,2026-02-21 19:00:00,10.7,10.7,283.0,11.4,3.4,101.0,29.0,30,0.0,11.2
Hubballi,15.3478,75.1338,2026-02-21 20:00:00,10.4,10.4,315.0,15.0,3.6,86.0,28.3,32,0.0,13.5
Hubballi,15.3478,75.1338,2026-02-21 21:00:00,9.7,9.7,332.0,15.3,3.9,80.0,27.3,34,0.0,11.2
Hubballi,15.3478,75.1338,2026-02-21 22:00:00,9.8,9.7,342.0,14.1,4.3,77.0,26.5,35,0.0,10.5
Hubballi,15.3478,75.1338,2026-02-21 23:00:00,10.7,10.7,348.0,14.3,4.7,73.0,25.1,39,0.0,6.4
Hubballi,15.3478,75.1338,2026-02-22 00:00:00,12.4,12.4,346.0,17.5,5.1,64.0,23.5,50,0.0,9.3
Hubballi,15.3478,75.1338,2026-02-22 01:00:00,15.5,15.4,341.0,22.0,5.5,52.0,22.3,65,0.0,7.2
Hubballi,15.3478,75.1338,2026-02-22 02:00:00,19.8,19.8,342.0,25.7,5.7,42.0,21.6,73,0.0,6.6
Hubballi,15.3478,75.1338,2026-02-22 03:00:00,24.7,24.6,356.0,28.1,5.7,33.0,21.3,73,0.0,6.6
Hubballi,15.3478,75.1338,2026-02-22 04:00:00,28.0,27.8,378.0,29.8,5.5,25.0,20.8,70,0.0,4.6
Hubballi,15.3478,75.1338,2026-02-22 05:00:00,23.0,22.7,402.0,25.8,7.2,39.0,20.5,81,0.0,3.0
Hubballi,15.3478,75.1338,2026-02-22 06:00:00,25.7,25.2,440.0,23.9,7.2,42.0,20.0,85,0.0,2.1
Hubballi,15.3478,75.1338,2026-02-22 07:00:00,29.5,28.9,480.0,21.1,7.1,47.0,20.6,82,0.0,7.7
Hubballi,15.3478,75.1338,2026-02-22 08:00:00,17.7,17.5,487.0,17.5,6.7,57.0,23.5,67,0.0,6.0
Hubballi,15.3478,75.1338,2026-02-22 09:00:00,11.8,11.6,430.0,12.2,5.5,76.0,27.2,50,0.0,6.9
Hubballi,15.3478,75.1338,2026-02-22 10:00:00,11.1,10.7,340.0,6.0,3.9,99.0,29.2,40,0.0,5.6
Hubballi,15.3478,75.1338,2026-02-22 11:00:00,10.1,9.8,271.0,1.6,2.7,117.0,30.0,36,0.0,7.4
Hubballi,15.3478,75.1338,2026-02-22 12:00:00,9.5,9.2,246.0,0.3,2.2,126.0,31.3,31,0.0,7.1
Hubballi,15.3478,75.1338,2026-02-22 13:00:00,9.7,9.5,241.0,0.8,2.1,129.0,32.0,28,0.0,6.4
Hubballi,15.3478,75.1338,2026-02-22 14:00:00,10.1,9.8,240.0,1.4,2.1,131.0,32.5,26,0.0,3.6
Hubballi,15.3478,75.1338,2026-02-22 15:00:00,10.3,10.0,230.0,1.0,2.0,134.0,32.7,25,0.0,4.1
Hubballi,15.3478,75.1338,2026-02-22 16:00:00,10.6,10.2,224.0,0.9,1.9,135.0,32.6,24,0.0,7.9
Hubballi,15.3478,75.1338,2026-02-22 17:00:00,12.7,12.4,242.0,2.9,2.4,134.0,32.4,24,0.0,4.6
Hubballi,15.3478,75.1338,2026-02-22 18:00:00,15.3,15.0,311.0,7.9,3.1,121.0,30.8,27,0.0,7.2
Hubballi,15.3478,75.1338,2026-02-22 19:00:00,18.8,18.6,403.0,14.8,4.0,103.0,29.0,30,0.0,4.7
Hubballi,15.3478,75.1338,2026-02-22 20:00:00,21.0,20.8,462.0,20.4,4.8,87.0,28.7,31,0.0,9.0
Hubballi,15.3478,75.1338,2026-02-22 21:00:00,22.5,22.3,452.0,23.0,5.2,77.0,27.3,37,0.0,2.3
Hubballi,15.3478,75.1338,2026-02-22 22:00:00,24.7,24.5,408.0,24.2,5.4,69.0,26.7,41,0.0,7.6
Hubballi,15.3478,75.1338,2026-02-22 23:00:00,28.3,28.1,376.0,26.2,5.6,61.0,26.2,50,0.0,10.0
Hubballi,15.3478,75.1338,2026-02-23 00:00:00,32.2,32.0,376.0,30.6,5.9,50.0,25.5,59,0.0,8.3
Hubballi,15.3478,75.1338,2026-02-23 01:00:00,38.0,37.7,388.0,35.8,6.1,38.0,24.2,71,0.0,8.8
Hubballi,15.3478,75.1338,2026-02-23 02:00:00,43.7,43.3,402.0,38.7,6.2,30.0,24.2,72,0.0,7.9
Hubballi,15.3478,75.1338,2026-02-23 03:00:00,46.6,46.2,417.0,37.8,6.1,26.0,23.5,74,0.0,2.5
Hubballi,15.3478,75.1338,2026-02-23 04:00:00,45.9,45.5,433.0,34.6,5.8,25.0,23.3,77,0.0,1.1
Hubballi,15.3478,75.1338,2026-02-23 05:00:00,55.9,55.3,442.0,32.8,6.1,29.0,23.2,79,0.0,1.0
Hubballi,15.3478,75.1338,2026-02-23 06:00:00,59.8,59.1,440.0,30.6,6.0,37.0,22.4,83,0.0,6.3
Hubballi,15.3478,75.1338,2026-02-23 07:00:00,60.1,59.6,430.0,27.3,5.8,50.0,22.3,85,0.0,7.5
Hubballi,15.3478,75.1338,2026-02-23 08:00:00,55.2,54.6,411.0,22.9,5.5,67.0,24.1,77,0.0,5.9
Hubballi,15.3478,75.1338,2026-02-23 09:00:00,47.0,46.3,377.0,16.2,5.1,93.0,26.2,67,0.0,7.0
Hubballi,15.3478,75.1338,2026-02-23 10:00:00,41.7,41.0,333.0,8.3,4.7,123.0,28.3,54,0.0,6.4
Hubballi,15.3478,75.1338,2026-02-23 11:00:00,33.9,33.3,299.0,2.6,4.3,146.0,29.8,44,0.0,10.1
Hubballi,15.3478,75.1338,2026-02-23 12:00:00,27.9,27.4,280.0,0.8,4.0,154.0,29.8,44,0.4,10.7
Hubballi,15.3478,75.1338,2026-02-23 13:00:00,26.2,25.7,270.0,1.3,3.7,155.0,30.3,42,0.3,9.2
Hubballi,15.3478,75.1338,2026-02-23 14:00:00,25.8,25.4,266.0,1.9,3.5,155.0,31.2,39,0.0,6.1
Hubballi,15.3478,75.1338,2026-02-23 15:00:00,26.1,25.6,268.0,1.4,3.5,160.0,31.6,37,0.0,5.4
Hubballi,15.3478,75.1338,2026-02-23 16:00:00,26.9,26.4,276.0,1.2,3.6,164.0,29.9,39,0.0,16.2
Hubballi,15.3478,75.1338,2026-02-23 17:00:00,35.7,35.2,291.0,2.9,4.2,155.0,28.8,42,0.0,11.1
Hubballi,15.3478,75.1338,2026-02-23 18:00:00,35.9,35.4,315.0,6.4,4.4,140.0,28.5,42,0.0,8.0
Hubballi,15.3478,75.1338,2026-02-23 19:00:00,37.4,36.9,346.0,11.3,4.8,118.0,27.3,46,0.0,11.0
Hubballi,15.3478,75.1338,2026-02-23 20:00:00,38.9,38.5,372.0,14.9,5.1,100.0,26.7,49,0.0,12.8
Hubballi,15.3478,75.1338,2026-02-23 21:00:00,39.6,39.1,390.0,16.0,5.3,88.0,25.8,53,0.0,10.7
Hubballi,15.3478,75.1338,2026-02-23 22:00:00,41.1,40.6,404.0,15.9,5.5,80.0,24.7,59,0.0,10.5
Hubballi,15.3478,75.1338,2026-02-23 23:00:00,42.6,42.0,412.0,15.6,5.7,72.0,23.8,67,0.0,10.1
Hubballi,15.3478,75.1338,2026-02-24 00:00:00,43.2,42.5,411.0,15.5,5.8,65.0,23.3,73,0.0,8.9
Hubballi,15.3478,75.1338,2026-02-24 01:00:00,43.9,43.1,403.0,15.2,5.8,58.0,22.8,77,0.0,8.5
Hubballi,15.3478,75.1338,2026-02-24 02:00:00,45.2,44.5,396.0,15.2,5.8,54.0,22.4,81,0.0,7.6
Hubballi,15.3478,75.1338,2026-02-24 03:00:00,46.9,46.2,392.0,15.8,5.6,51.0,22.2,81,0.0,12.2
Hubballi,15.3478,75.1338,2026-02-24 04:00:00,46.8,46.2,387.0,16.6,5.4,50.0,22.1,76,0.0,9.0
Hubballi,15.3478,75.1338,2026-02-24 05:00:00,41.2,40.7,380.0,9.8,8.4,79.0,21.3,79,0.0,10.0
Hubballi,15.3478,75.1338,2026-02-24 06:00:00,40.4,39.8,368.0,9.2,9.4,83.0,21.2,73,0.1,9.2
Hubballi,15.3478,75.1338,2026-02-24 07:00:00,41.4,40.9,352.0,8.2,10.6,90.0,21.9,68,0.0,8.6
Hubballi,15.3478,75.1338,2026-02-24 08:00:00,43.0,42.4,335.0,7.1,11.2,98.0,24.3,58,0.0,10.5
Hubballi,15.3478,75.1338,2026-02-24 09:00:00,40.7,40.2,314.0,5.6,10.5,110.0,27.2,49,0.0,13.7
Hubballi,15.3478,75.1338,2026-02-24 10:00:00,34.5,33.9,291.0,4.0,9.2,123.0,29.4,42,0.0,12.8
Hubballi,15.3478,75.1338,2026-02-24 11:00:00,32.8,32.1,271.0,2.7,7.9,135.0,30.1,38,0.0,14.4
Hubballi,15.3478,75.1338,2026-02-24 12:00:00,35.4,34.6,257.0,2.0,6.7,143.0,30.5,36,0.0,11.6
Hubballi,15.3478,75.1338,2026-02-24 13:00:00,35.5,34.8,247.0,1.7,5.6,149.0,31.5,33,0.0,8.5
Hubballi,15.3478,75.1338,2026-02-24 14:00:00,33.4,32.6,241.0,1.7,4.7,153.0,32.0,30,0.0,8.7
Hubballi,15.3478,75.1338,2026-02-24 15:00:00,31.8,31.0,234.0,1.1,4.1,156.0,32.0,30,0.0,8.2
Hubballi,15.3478,75.1338,2026-02-24 16:00:00,31.3,30.4,232.0,0.7,3.8,157.0,31.3,31,0.0,8.6
Hubballi,15.3478,75.1338,2026-02-24 17:00:00,25.7,24.9,249.0,3.1,4.2,151.0,30.4,33,0.0,11.5
Hubballi,15.3478,75.1338,2026-02-24 18:00:00,26.5,25.9,304.0,9.0,4.6,134.0,28.8,38,0.0,9.5
Hubballi,15.3478,75.1338,2026-02-24 19:00:00,29.3,28.8,379.0,17.1,5.1,110.0,27.7,41,0.0,10.3
Hubballi,15.3478,75.1338,2026-02-24 20:00:00,32.5,31.9,433.0,24.0,5.7,90.0,26.4,45,0.0,5.8
Hubballi,15.3478,75.1338,2026-02-24 21:00:00,35.4,34.8,442.0,28.4,6.4,77.0,25.3,62,0.0,13.4
Hubballi,15.3478,75.1338,2026-02-24 22:00:00,39.5,38.9,430.0,31.5,7.0,68.0,24.8,65,0.0,8.8
Hubballi,15.3478,75.1338,2026-02-24 23:00:00,45.4,44.8,426.0,33.1,7.4,60.0,23.9,72,0.0,2.7
Hubballi,15.3478,75.1338,2026-02-25 00:00:00,49.5,48.9,441.0,32.2,7.2,54.0,23.3,70,0.0,10.5
Hubballi,15.3478,75.1338,2026-02-25 01:00:00,52.0,51.3,464.0,29.9,6.7,50.0,22.6,70,0.0,7.5
Hubballi,15.3478,75.1338,2026-02-25 02:00:00,54.8,54.2,486.0,28.5,6.4,47.0,22.2,71,0.0,3.6
Hubballi,15.3478,75.1338,2026-02-25 03:00:00,59.1,58.4,508.0,29.9,6.4,42.0,21.2,76,0.0,2.5
Hubballi,15.3478,75.1338,2026-02-25 04:00:00,63.3,62.4,530.0,32.3,6.5,37.0,21.4,73,0.0,1.4
Hubballi,15.3478,75.1338,2026-02-25 05:00:00,66.4,65.7,537.0,30.5,6.9,44.0,22.4,89,0.0,3.4
Hubballi,15.3478,75.1338,2026-02-25 06:00:00,67.5,66.8,525.0,29.0,6.9,52.0,22.4,90,0.0,2.8
Hubballi,15.3478,75.1338,2026-02-25 07:00:00,67.5,66.8,499.0,26.6,6.8,65.0,23.2,87,0.0,3.6
Hubballi,15.3478,75.1338,2026-02-25 08:00:00,55.8,55.2,461.0,22.8,6.7,81.0,25.1,70,0.0,3.6
Hubballi,15.3478,75.1338,2026-02-25 09:00:00,44.4,43.7,400.0,16.1,6.5,104.0,27.5,50,0.0,5.1
Hubballi,15.3478,75.1338,2026-02-25 10:00:00,36.7,35.9,328.0,7.9,6.1,131.0,29.3,39,0.0,4.4
Hubballi,15.3478,75.1338,2026-02-25 11:00:00,35.9,34.8,273.0,2.0,5.7,151.0,29.6,37,0.0,3.2
Hubballi,15.3478,75.1338,2026-02-25 12:00:00,34.8,33.8,252.0,0.3,5.1,159.0,30.9,34,0.0,1.7
Hubballi,15.3478,75.1338,2026-02-25 13:00:00,34.1,33.1,250.0,0.8,4.4,159.0,31.6,31,0.0,1.5
Hubballi,15.3478,75.1338,2026-02-25 14:00:00,33.9,32.8,251.0,1.6,3.9,159.0,31.8,30,0.0,3.5
Hubballi,15.3478,75.1338,2026-02-25 15:00:00,34.0,32.9,248.0,1.4,3.8,161.0,31.6,29,0.0,4.2
Hubballi,15.3478,75.1338,2026-02-25 16:00:00,34.7,33.6,248.0,1.5,3.9,162.0,31.2,29,0.0,6.5
Hubballi,15.3478,75.1338,2026-02-25 17:00:00,30.0,29.0,257.0,3.0,3.9,150.0,30.6,31,0.0,10.8
Hubballi,15.3478,75.1338,2026-02-25 18:00:00,32.0,31.2,283.0,6.7,4.6,136.0,28.8,37,0.0,5.1
Hubballi,15.3478,75.1338,2026-02-25 19:00:00,33.6,32.9,317.0,11.6,5.7,116.0,26.4,51,0.0,14.4
Hubballi,15.3478,75.1338,2026-02-25 20:00:00,30.5,30.2,345.0,14.7,6.5,99.0,25.8,61,0.0,17.5
Hubballi,15.3478,75.1338,2026-02-25 21:00:00,25.3,25.0,360.0,13.7,6.9,91.0,25.1,65,0.0,19.2
Hubballi,15.3478,75.1338,2026-02-25 22:00:00,20.1,19.8,367.0,10.7,7.2,86.0,24.2,68,0.0,10.8
Hubballi,15.3478,75.1338,2026-02-25 23:00:00,17.1,16.8,372.0,9.1,7.3,80.0,23.4,74,0.0,2.3
Hubballi,15.3478,75.1338,2026-02-26 00:00:00,15.9,15.6,376.0,10.5,7.3,72.0,22.7,77,0.0,1.7
Hubballi,15.3478,75.1338,2026-02-26 01:00:00,16.4,16.1,378.0,13.1,7.1,63.0,22.1,80,0.0,1.6
Hubballi,15.3478,75.1338,2026-02-26 02:00:00,17.6,17.2,372.0,15.1,6.9,55.0,21.3,82,0.0,4.6
Hubballi,15.3478,75.1338,2026-02-26 03:00:00,18.9,18.6,352.0,15.5,6.7,49.0,20.6,82,0.0,5.0
Hubballi,15.3478,75.1338,2026-02-26 04:00:00,18.8,18.5,325.0,15.2,6.5,44.0,20.1,79,0.0,5.2
Hubballi,15.3478,75.1338,2026-02-26 05:00:00,12.7,12.5,307.0,9.7,5.7,52.0,20.1,66,0.0,6.2
Hubballi,15.3478,75.1338,2026-02-26 06:00:00,12.5,12.4,311.0,10.0,6.0,54.0,20.4,58,0.0,8.7
Hubballi,15.3478,75.1338,2026-02-26 07:00:00,13.6,13.4,324.0,10.3,6.5,58.0,21.0,54,0.0,9.9
Hubballi,15.3478,75.1338,2026-02-26 08:00:00,14.5,14.3,330.0,9.7,6.6,67.0,24.1,44,0.0,8.3
Hubballi,15.3478,75.1338,2026-02-26 09:00:00,14.1,13.8,319.0,7.4,6.2,88.0,27.1,33,0.0,11.7
Hubballi,15.3478,75.1338,2026-02-26 10:00:00,12.3,12.0,300.0,4.3,5.6,115.0,29.2,27,0.0,11.6
Hubballi,15.3478,75.1338,2026-02-26 11:00:00,13.6,13.2,285.0,1.9,4.9,135.0,30.0,25,0.0,8.3
Hubballi,15.3478,75.1338,2026-02-26 12:00:00,14.4,13.9,280.0,1.1,4.3,142.0,31.2,23,0.0,4.8
Hubballi,15.3478,75.1338,2026-02-26 13:00:00,15.2,14.6,280.0,1.1,3.7,143.0,31.9,22,0.0,2.3
Hubballi,15.3478,75.1338,2026-02-26 14:00:00,15.3,14.7,278.0,1.3,3.2,142.0,32.4,21,0.0,1.1
Hubballi,15.3478,75.1338,2026-02-26 15:00:00,14.2,13.6,273.0,0.9,2.8,143.0,32.7,21,0.0,1.6
Hubballi,15.3478,75.1338,2026-02-26 16:00:00,13.1,12.4,265.0,0.6,2.4,143.0,32.6,20,0.0,2.7
Hubballi,15.3478,75.1338,2026-02-26 17:00:00,4.9,4.9,256.0,2.6,3.0,141.0,32.2,18,0.0,2.2
Hubballi,15.3478,75.1338,2026-02-26 18:00:00,7.6,7.6,241.0,10.2,3.6,120.0,29.6,26,0.0,3.1
Hubballi,15.3478,75.1338,2026-02-26 19:00:00,13.6,13.6,223.0,20.5,4.3,92.0,27.8,27,0.0,11.1
Hubballi,15.3478,75.1338,2026-02-26 20:00:00,13.5,13.4,214.0,25.9,4.8,71.0,24.9,50,0.0,22.6
Hubballi,15.3478,75.1338,2026-02-26 21:00:00,8.0,7.9,223.0,21.7,4.7,65.0,24.0,55,0.0,15.5
Hubballi,15.3478,75.1338,2026-02-26 22:00:00,7.0,6.8,241.0,12.6,4.4,67.0,23.7,55,0.0,14.0
Hubballi,15.3478,75.1338,2026-02-26 23:00:00,7.1,7.0,249.0,6.1,4.1,67.0,23.3,56,0.0,11.4
Hubballi,15.3478,75.1338,2026-02-27 00:00:00,7.0,7.0,235.0,5.3,4.0,62.0,22.5,55,0.0,11.1
Hubballi,15.3478,75.1338,2026-02-27 01:00:00,7.5,7.5,210.0,7.0,4.0,56.0,21.9,54,0.0,11.5
Hubballi,15.3478,75.1338,2026-02-27 02:00:00,8.3,8.3,195.0,8.7,4.0,51.0,21.5,52,0.0,12.3
Hubballi,15.3478,75.1338,2026-02-27 03:00:00,8.9,8.9,197.0,9.6,4.0,46.0,21.3,50,0.0,11.2
Hubballi,15.3478,75.1338,2026-02-27 04:00:00,9.2,9.2,208.0,10.4,3.9,41.0,20.9,50,0.0,10.3
Hubballi,15.3478,75.1338,2026-02-27 05:00:00,7.9,7.9,221.0,10.3,3.8,40.0,20.7,53,0.0,9.0
Hubballi,15.3478,75.1338,2026-02-27 06:00:00,9.0,9.0,238.0,11.1,4.0,40.0,19.4,59,0.0,4.0
Hubballi,15.3478,75.1338,2026-02-27 07:00:00,11.7,11.5,256.0,12.2,4.2,40.0,20.2,57,0.0,3.3
Hubballi,15.3478,75.1338,2026-02-27 08:00:00,10.7,10.4,262.0,11.9,4.2,47.0,22.8,49,0.0,5.6
Hubballi,15.3478,75.1338,2026-02-27 09:00:00,7.8,7.4,244.0,9.0,3.7,67.0,25.8,40,0.0,8.6
Hubballi,15.3478,75.1338,2026-02-27 10:00:00,6.5,5.8,213.0,4.9,3.0,93.0,28.8,29,0.0,10.9
Hubballi,15.3478,75.1338,2026-02-27 11:00:00,7.1,6.5,194.0,1.8,2.6,116.0,30.1,27,0.0,10.4
Hubballi,15.3478,75.1338,2026-02-27 12:00:00,12.6,12.0,199.0,0.9,2.9,131.0,31.4,25,0.0,7.6
Hubballi,15.3478,75.1338,2026-02-27 13:00:00,17.2,16.5,215.0,1.1,3.6,142.0,32.3,24,0.0,5.3
Hubballi,15.3478,75.1338,2026-02-27 14:00:00,18.3,17.6,228.0,1.5,4.1,149.0,32.8,23,0.0,3.7
Hubballi,15.3478,75.1338,2026-02-27 15:00:00,17.8,17.2,233.0,0.9,4.0,155.0,33.1,22,0.0,4.0
Hubballi,15.3478,75.1338,2026-02-27 16:00:00,17.0,16.4,234.0,0.4,3.7,157.0,33.2,20,0.0,8.2
Hubballi,15.3478,75.1338,2026-02-27 17:00:00,12.7,12.6,232.0,2.9,3.5,149.0,32.2,22,0.0,8.1
Hubballi,15.3478,75.1338,2026-02-27 18:00:00,15.7,15.5,222.0,12.3,4.2,128.0,30.4,25,0.0,9.5
Hubballi,15.3478,75.1338,2026-02-27 19:00:00,22.1,21.9,210.0,24.9,5.0,98.0,28.2,30,0.0,18.2
Hubballi,15.3478,75.1338,2026-02-27 20:00:00,21.4,21.2,205.0,31.6,5.4,75.0,25.9,40,0.0,18.3
Hubballi,15.3478,75.1338,2026-02-27 21:00:00,11.0,10.9,220.0,26.7,4.7,64.0,24.8,40,0.0,19.1
Hubballi,15.3478,75.1338,2026-02-27 22:00:00,6.3,6.2,243.0,15.9,3.5,59.0,24.0,40,0.0,13.5
Hubballi,15.3478,75.1338,2026-02-27 23:00:00,5.1,5.1,254.0,7.9,2.6,55.0,23.5,40,0.0,14.8
Hubballi,15.3478,75.1338,2026-02-28 00:00:00,4.8,4.7,239.0,6.2,2.4,50.0,23.0,40,0.0,9.7
Hubballi,15.3478,75.1338,2026-02-28 01:00:00,4.8,4.8,213.0,7.2,2.6,47.0,22.3,42,0.0,8.6
Hubballi,15.3478,75.1338,2026-02-28 02:00:00,5.2,5.2,196.0,8.5,2.8,43.0,21.9,42,0.0,12.4
Hubballi,15.3478,75.1338,2026-02-28 03:00:00,5.9,5.9,199.0,9.4,2.9,39.0,21.5,41,0.0,12.9
Hubballi,15.3478,75.1338,2026-02-28 04:00:00,6.8,6.7,211.0,10.6,2.9,34.0,21.0,42,0.0,12.3
Hubballi,15.3478,75.1338,2026-02-28 05:00:00,6.3,6.2,225.0,8.9,2.7,37.0,20.3,48,0.0,8.2
Hubballi,15.3478,75.1338,2026-02-28 06:00:00,6.9,6.8,243.0,9.7,2.9,36.0,19.9,50,0.0,7.6
Hubballi,15.3478,75.1338,2026-02-28 07:00:00,8.5,8.4,262.0,10.6,3.1,36.0,20.4,49,0.0,9.3
Hubballi,15.3478,75.1338,2026-02-28 08:00:00,8.9,8.8,271.0,10.5,3.3,44.0,23.1,42,0.0,7.5
Hubballi,15.3478,75.1338,2026-02-28 09:00:00,8.0,7.8,259.0,8.1,3.5,67.0,25.9,34,0.0,9.1
Hubballi,15.3478,75.1338,2026-02-28 10:00:00,8.5,8.3,237.0,4.7,3.6,99.0,28.6,26,0.0,9.8
Hubballi,15.3478,75.1338,2026-02-28 11:00:00,14.8,14.4,222.0,2.1,3.8,125.0,30.1,27,0.0,8.0
Hubballi,15.3478,75.1338,2026-02-28 12:00:00,21.5,21.0,224.0,1.3,4.1,142.0,31.5,25,0.0,4.8
Hubballi,15.3478,75.1338,2026-02-28 13:00:00,25.6,25.1,233.0,1.3,4.4,154.0,32.3,24,0.0,1.4
Hubballi,15.3478,75.1338,2026-02-28 14:00:00,27.1,26.7,239.0,1.6,4.5,162.0,32.7,23,0.0,1.3
Hubballi,15.3478,75.1338,2026-02-28 15:00:00,27.5,27.0,240.0,1.8,4.4,168.0,32.8,23,0.0,2.8
Hubballi,15.3478,75.1338,2026-02-28 16:00:00,27.3,26.8,238.0,2.2,4.1,170.0,32.6,23,0.0,2.4
Hubballi,15.3478,75.1338,2026-02-28 17:00:00,12.7,12.7,233.0,3.3,3.4,155.0,31.8,24,0.0,0.5
Hubballi,15.3478,75.1338,2026-02-28 18:00:00,12.7,12.6,221.0,4.2,3.0,135.0,29.6,29,0.0,2.7
Hubballi,15.3478,75.1338,2026-02-28 19:00:00,10.0,9.8,206.0,5.5,2.5,106.0,28.2,32,0.0,16.3
Hubballi,15.3478,75.1338,2026-02-28 20:00:00,6.2,5.5,197.0,6.6,2.2,84.0,24.4,52,0.0,18.2
Hubballi,15.3478,75.1338,2026-02-28 21:00:00,7.2,6.2,199.0,7.0,2.2,75.0,23.3,57,0.0,14.6
Hubballi,15.3478,75.1338,2026-02-28 22:00:00,8.9,7.8,206.0,7.1,2.4,72.0,22.4,59,0.0,15.9
Hubballi,15.3478,75.1338,2026-02-28 23:00:00,10.4,9.3,216.0,7.7,2.6,69.0,21.8,62,0.0,12.0
Hubballi,15.3478,75.1338,2026-03-01 00:00:00,11.8,10.4,228.0,9.0,2.8,64.0,21.5,63,0.0,5.2
Hubballi,15.3478,75.1338,2026-03-01 01:00:00,13.8,12.0,241.0,10.8,3.0,59.0,20.7,66,0.0,3.7
Hubballi,15.3478,75.1338,2026-03-01 02:00:00,15.5,13.6,253.0,12.4,3.2,54.0,19.9,70,0.0,3.2
Hubballi,15.3478,75.1338,2026-03-01 03:00:00,16.4,14.4,260.0,13.9,3.2,47.0,19.3,73,0.0,3.2
Hubballi,15.3478,75.1338,2026-03-01 04:00:00,17.7,15.5,264.0,15.4,3.3,40.0,18.9,75,0.0,3.5
Hubballi,15.3478,75.1338,2026-03-01 05:00:00,17.1,15.5,270.0,15.6,3.3,36.0,19.2,73,0.0,2.0
Hubballi,15.3478,75.1338,2026-03-01 06:00:00,17.3,15.7,282.0,14.7,3.7,42.0,19.7,69,0.0,5.3
Hubballi,15.3478,75.1338,2026-03-01 07:00:00,20.1,18.2,295.0,13.4,4.3,52.0,20.6,64,0.0,4.7
Hubballi,15.3478,75.1338,2026-03-01 08:00:00,17.7,15.6,295.0,11.5,4.7,67.0,22.6,56,0.0,2.8
Hubballi,15.3478,75.1338,2026-03-01 09:00:00,14.6,13.0,268.0,8.5,5.0,91.0,25.0,47,0.0,3.9
Hubballi,15.3478,75.1338,2026-03-01 10:00:00,13.5,12.5,228.0,4.9,5.1,121.0,28.0,37,0.0,3.6
Hubballi,15.3478,75.1338,2026-03-01 11:00:00,17.9,17.1,201.0,2.3,5.0,144.0,29.8,32,0.0,6.1
Hubballi,15.3478,75.1338,2026-03-01 12:00:00,24.2,23.3,200.0,1.4,4.5,156.0,31.5,28,0.0,4.5
Hubballi,15.3478,75.1338,2026-03-01 13:00:00,28.5,27.6,211.0,1.3,3.8,161.0,32.6,26,0.0,2.7
Hubballi,15.3478,75.1338,2026-03-01 14:00:00,29.3,28.3,220.0,1.6,3.3,165.0,33.0,25,0.0,2.3
Hubballi,15.3478,75.1338,2026-03-01 15:00:00,29.4,28.5,219.0,0.8,3.0,171.0,33.4,23,0.0,3.9
Hubballi,15.3478,75.1338,2026-03-01 16:00:00,29.5,28.6,215.0,0.2,2.8,175.0,32.7,24,0.0,5.2
Hubballi,15.3478,75.1338,2026-03-01 17:00:00,21.8,21.5,214.0,3.0,2.8,161.0,31.9,24,0.0,2.9
Hubballi,15.3478,75.1338,2026-03-01 18:00:00,24.9,24.5,217.0,11.4,3.4,137.0,30.3,29,0.0,3.1
Hubballi,15.3478,75.1338,2026-03-01 19:00:00,30.6,30.3,221.0,22.6,4.2,104.0,28.9,31,0.0,2.9
Hubballi,15.3478,75.1338,2026-03-01 20:00:00,24.9,24.5,228.0,28.6,4.6,79.0,28.1,34,0.0,16.0
Hubballi,15.3478,75.1338,2026-03-01 21:00:00,12.3,12.0,239.0,24.1,4.2,70.0,24.4,61,0.0,18.1
Hubballi,15.3478,75.1338,2026-03-01 22:00:00,8.4,7.9,251.0,14.3,3.5,69.0,23.9,65,0.0,12.0
Hubballi,15.3478,75.1338,2026-03-01 23:00:00,7.6,7.0,257.0,6.9,3.0,69.0,23.0,70,0.0,11.3
Hubballi,15.3478,75.1338,2026-03-02 00:00:00,7.9,7.1,249.0,5.2,3.1,67.0,22.4,73,0.0,10.8
Hubballi,15.3478,75.1338,2026-03-02 01:00:00,8.7,7.9,235.0,5.9,3.5,66.0,21.4,78,0.0,12.5
Hubballi,15.3478,75.1338,2026-03-02 02:00:00,10.4,9.5,231.0,7.1,3.8,63.0,21.0,79,0.0,9.8
Hubballi,15.3478,75.1338,2026-03-02 03:00:00,11.9,11.1,249.0,8.5,3.8,56.0,20.6,81,0.0,6.6
Hubballi,15.3478,75.1338,2026-03-02 04:00:00,14.6,13.7,278.0,10.5,3.7,47.0,20.0,85,0.0,6.5
Hubballi,15.3478,75.1338,2026-03-02 05:00:00,16.8,15.8,301.0,12.5,3.9,41.0,19.9,87,0.0,5.5
Hubballi,15.3478,75.1338,2026-03-02 06:00:00,20.0,19.1,315.0,12.3,4.2,47.0,19.5,91,0.0,5.3
Hubballi,15.3478,75.1338,2026-03-02 07:00:00,24.4,23.5,323.0,11.8,4.6,57.0,20.0,89,0.0,1.5
Hubballi,15.3478,75.1338,2026-03-02 08:00:00,23.3,22.2,322.0,10.7,5.2,73.0,23.3,71,0.0,5.4
Hubballi,15.3478,75.1338,2026-03-02 09:00:00,19.8,18.6,308.0,8.2,6.2,100.0,27.0,50,0.0,8.8
Hubballi,15.3478,75.1338,2026-03-02 10:00:00,21.5,20.4,285.0,4.9,7.3,134.0,29.8,39,0.0,5.7
Hubballi,15.3478,75.1338,2026-03-02 11:00:00,28.7,27.7,265.0,2.5,7.8,159.0,30.7,36,0.0,5.4
Hubballi,15.3478,75.1338,2026-03-02 12:00:00,33.2,32.1,250.0,1.7,7.3,170.0,32.6,30,0.0,7.4
Hubballi,15.3478,75.1338,2026-03-02 13:00:00,35.0,34.1,238.0,1.7,6.1,173.0,33.5,26,0.0,8.0
Hubballi,15.3478,75.1338,2026-03-02 14:00:00,34.9,34.1,230.0,2.0,5.2,174.0,33.4,26,0.0,8.2
Hubballi,15.3478,75.1338,2026-03-02 15:00:00,34.8,34.0,231.0,1.2,4.6,179.0,34.1,25,0.0,8.0
Hubballi,15.3478,75.1338,2026-03-02 16:00:00,35.0,34.2,237.0,0.6,4.1,182.0,33.7,25,0.0,6.7
Hubballi,15.3478,75.1338,2026-03-02 17:00:00,26.9,26.6,239.0,3.2,4.0,170.0,33.3,24,0.0,8.1
Hubballi,15.3478,75.1338,2026-03-02 18:00:00,28.5,28.2,231.0,12.3,4.8,149.0,31.2,28,0.0,3.9
Hubballi,15.3478,75.1338,2026-03-02 19:00:00,34.1,33.8,219.0,24.9,5.8,118.0,29.7,32,0.0,4.0
Hubballi,15.3478,75.1338,2026-03-02 20:00:00,38.6,38.2,214.0,33.9,6.5,91.0,27.2,47,0.0,16.6
Hubballi,15.3478,75.1338,2026-03-02 21:00:00,39.3,38.6,225.0,36.2,6.4,69.0,24.8,68,0.0,13.9
Hubballi,15.3478,75.1338,2026-03-02 22:00:00,38.3,37.3,243.0,35.1,6.0,50.0,23.9,72,0.0,12.6
Hubballi,15.3478,75.1338,2026-03-02 23:00:00,33.9,32.4,256.0,33.0,5.5,36.0,22.9,77,0.0,12.0
Hubballi,15.3478,75.1338,2026-03-03 00:00:00,29.4,27.6,252.0,30.3,5.0,28.0,22.8,78,0.0,8.1
Hubballi,15.3478,75.1338,2026-03-03 01:00:00,26.9,24.9,243.0,26.8,4.5,25.0,22.4,80,0.0,5.7
Hubballi,15.3478,75.1338,2026-03-03 02:00:00,25.5,23.3,245.0,24.1,4.1,23.0,22.1,81,0.0,8.5
Hubballi,15.3478,75.1338,2026-03-03 03:00:00,24.9,22.5,270.0,23.1,4.0,19.0,22.0,78,0.0,9.9
Hubballi,15.3478,75.1338,2026-03-03 04:00:00,25.8,23.2,307.0,23.0,4.0,17.0,21.5,79,0.0,4.9
Hubballi,15.3478,75.1338,2026-03-03 05:00:00,28.9,26.0,337.0,26.3,3.8,13.0,21.4,80,0.0,5.6
Hubballi,15.3478,75.1338,2026-03-03 06:00:00,31.9,29.2,357.0,25.1,4.4,27.0,21.1,82,0.0,4.7
Hubballi,15.3478,75.1338,2026-03-03 07:00:00,34.7,32.9,370.0,23.2,5.3,47.0,21.9,79,0.0,9.6
Hubballi,15.3478,75.1338,2026-03-03 08:00:00,31.9,30.6,369.0,20.0,5.8,71.0,24.9,63,0.0,10.5
Hubballi,15.3478,75.1338,2026-03-03 09:00:00,34.8,33.8,344.0,14.3,5.7,103.0,28.1,43,0.0,8.9
Hubballi,15.3478,75.1338,2026-03-03 10:00:00,37.4,36.6,304.0,7.3,5.3,139.0,30.5,35,0.0,11.3
Hubballi,15.3478,75.1338,2026-03-03 11:00:00,38.5,37.7,274.0,2.2,5.0,166.0,31.9,31,0.0,13.1
Hubballi,15.3478,75.1338,2026-03-03 12:00:00,41.3,40.4,263.0,0.7,5.0,179.0,33.0,28,0.0,12.8
Hubballi,15.3478,75.1338,2026-03-03 13:00:00,43.0,42.1,261.0,1.1,5.2,183.0,33.8,26,0.0,12.2
Hubballi,15.3478,75.1338,2026-03-03 14:00:00,43.9,43.0,263.0,1.7,5.5,185.0,34.1,25,0.0,13.6
Hubballi,15.3478,75.1338,2026-03-03 15:00:00,43.8,43.0,270.0,1.8,5.9,187.0,34.0,25,0.0,15.7
Hubballi,15.3478,75.1338,2026-03-03 16:00:00,43.0,42.1,281.0,2.2,6.3,185.0,33.9,26,0.0,12.3
Hubballi,15.3478,75.1338,2026-03-03 17:00:00,33.8,33.3,290.0,3.2,6.7,178.0,33.4,25,0.0,14.3
Hubballi,15.3478,75.1338,2026-03-03 18:00:00,31.5,31.3,292.0,5.9,6.6,163.0,31.3,25,0.0,17.6
Hubballi,15.3478,75.1338,2026-03-03 19:00:00,29.8,29.6,292.0,9.7,6.5,142.0,30.2,26,0.0,16.8
Hubballi,15.3478,75.1338,2026-03-03 20:00:00,27.5,27.4,302.0,12.2,6.5,127.0,29.4,29,0.0,14.3
Hubballi,15.3478,75.1338,2026-03-03 21:00:00,26.3,26.1,330.0,12.4,6.7,123.0,28.5,31,0.0,11.9
Hubballi,15.3478,75.1338,2026-03-03 22:00:00,26.4,26.2,367.0,11.4,7.0,124.0,26.5,37,0.0,2.2
Hubballi,15.3478,75.1338,2026-03-03 23:00:00,27.1,26.8,400.0,10.6,7.2,125.0,25.8,39,0.0,1.9
Hubballi,15.3478,75.1338,2026-03-04 00:00:00,27.9,27.5,426.0,10.7,7.1,122.0,23.8,60,0.0,9.0
Hubballi,15.3478,75.1338,2026-03-04 01:00:00,28.6,28.2,447.0,11.0,6.8,119.0,21.9,85,0.0,7.2
Hubballi,15.3478,75.1338,2026-03-04 02:00:00,29.0,28.6,454.0,11.1,6.9,115.0,21.6,82,0.0,1.5
Hubballi,15.3478,75.1338,2026-03-04 03:00:00,28.9,28.4,437.0,10.7,7.6,112.0,21.8,75,0.0,3.2
Hubballi,15.3478,75.1338,2026-03-04 04:00:00,28.4,27.9,406.0,10.1,8.5,109.0,22.0,68,0.0,8.1
Hubballi,15.3478,75.1338,2026-03-04 05:00:00,26.6,26.1,383.0,8.9,8.4,109.0,21.3,85,0.0,7.0
Hubballi,15.3478,75.1338,2026-03-04 06:00:00,26.8,26.4,382.0,10.1,8.7,102.0,21.3,76,0.0,4.9
Hubballi,15.3478,75.1338,2026-03-04 07:00:00,29.2,28.7,390.0,11.5,9.2,94.0,22.3,65,0.0,7.5
Hubballi,15.3478,75.1338,2026-03-04 08:00:00,31.3,30.7,384.0,11.6,9.2,95.0,25.2,47,0.0,8.1
Hubballi,15.3478,75.1338,2026-03-04 09:00:00,34.7,33.5,350.0,9.0,8.4,114.0,27.9,38,0.0,9.7
Hubballi,15.3478,75.1338,2026-03-04 10:00:00,37.1,35.6,304.0,5.0,7.1,143.0,30.4,31,0.0,11.6
Hubballi,15.3478,75.1338,2026-03-04 11:00:00,34.7,33.4,267.0,2.0,6.2,166.0,31.4,30,0.0,13.1
Hubballi,15.3478,75.1338,2026-03-04 12:00:00,29.9,28.9,250.0,1.1,6.1,177.0,32.8,26,0.0,14.4
Hubballi,15.3478,75.1338,2026-03-04 13:00:00,27.5,26.7,243.0,1.3,6.4,181.0,33.7,22,0.0,16.8
Hubballi,15.3478,75.1338,2026-03-04 14:00:00,25.1,24.4,238.0,1.6,6.6,183.0,33.8,23,0.0,15.4
Hubballi,15.3478,75.1338,2026-03-04 15:00:00,22.9,22.3,232.0,1.7,6.5,183.0,33.8,23,0.0,11.2
Hubballi,15.3478,75.1338,2026-03-04 16:00:00,21.0,20.3,228.0,1.9,6.2,181.0,33.9,21,0.0,14.2
Hubballi,15.3478,75.1338,2026-03-04 17:00:00,19.9,19.3,233.0,2.9,6.3,178.0,33.3,21,0.0,18.5
Hubballi,15.3478,75.1338,2026-03-04 18:00:00,20.7,20.2,248.0,6.2,6.5,163.0,31.3,24,0.0,13.6
Hubballi,15.3478,75.1338,2026-03-04 19:00:00,22.5,22.1,272.0,10.7,6.7,143.0,29.4,25,0.0,13.0
Hubballi,15.3478,75.1338,2026-03-04 20:00:00,22.8,22.4,309.0,13.7,7.0,128.0,28.6,27,0.0,10.1
Hubballi,15.3478,75.1338,2026-03-04 21:00:00,22.8,22.4,372.0,13.6,7.5,126.0,26.9,30,0.0,8.0
Hubballi,15.3478,75.1338,2026-03-04 22:00:00,23.5,22.9,448.0,11.9,8.0,129.0,26.4,31,0.0,10.8
Hubballi,15.3478,75.1338,2026-03-04 23:00:00,24.2,23.6,503.0,10.7,8.3,131.0,26.2,33,0.0,11.0
Hubballi,15.3478,75.1338,2026-03-05 00:00:00,24.6,23.9,520.0,10.6,8.2,129.0,25.7,35,0.0,9.4
Hubballi,15.3478,75.1338,2026-03-05 01:00:00,25.4,24.4,514.0,10.9,8.0,126.0,23.5,41,0.0,8.0
Hubballi,15.3478,75.1338,2026-03-05 02:00:00,25.8,24.7,502.0,11.9,7.7,120.0,21.9,48,0.0,4.8
Hubballi,15.3478,75.1338,2026-03-05 03:00:00,26.5,25.3,481.0,13.9,7.5,107.0,21.5,55,0.0,4.1
Hubballi,15.3478,75.1338,2026-03-05 04:00:00,30.4,29.2,452.0,16.5,7.2,90.0,21.5,50,0.0,7.1
Hubballi,15.3478,75.1338,2026-03-05 05:00:00,27.3,26.3,436.0,13.9,8.1,101.0,21.5,51,0.0,7.1
Hubballi,15.3478,75.1338,2026-03-05 06:00:00,27.8,26.9,454.0,15.1,8.6,97.0,21.1,54,0.0,10.9
Hubballi,15.3478,75.1338,2026-03-05 07:00:00,29.8,28.9,484.0,16.6,9.3,93.0,22.2,50,0.0,9.9
Hubballi,15.3478,75.1338,2026-03-05 08:00:00,29.0,28.2,484.0,16.3,9.8,98.0,25.7,39,0.0,7.4
Hubballi,15.3478,75.1338,2026-03-05 09:00:00,28.7,27.6,421.0,12.5,10.0,123.0,28.3,32,0.0,11.0
Hubballi,15.3478,75.1338,2026-03-05 10:00:00,30.9,29.6,327.0,6.8,10.1,158.0,30.7,27,0.0,12.1
Hubballi,15.3478,75.1338,2026-03-05 11:00:00,28.5,26.7,257.0,2.6,9.9,183.0,32.4,23,0.0,12.4
Hubballi,15.3478,75.1338,2026-03-05 12:00:00,26.3,24.5,239.0,1.3,9.2,190.0,33.5,21,0.0,14.0
Hubballi,15.3478,75.1338,2026-03-05 13:00:00,25.6,23.9,246.0,1.4,8.2,188.0,34.1,21,0.0,13.0
Hubballi,15.3478,75.1338,2026-03-05 14:00:00,24.8,23.2,250.0,1.7,7.4,184.0,34.8,19,0.0,7.9
Hubballi,15.3478,75.1338,2026-03-05 15:00:00,24.0,22.5,235.0,1.4,6.9,184.0,35.1,17,0.0,12.0
Hubballi,15.3478,75.1338,2026-03-05 16:00:00,23.3,21.9,216.0,1.3,6.7,183.0,34.5,15,0.0,18.2
Hubballi,15.3478,75.1338,2026-03-05 17:00:00,20.1,18.9,217.0,3.1,6.3,177.0,33.7,16,0.0,15.5
Hubballi,15.3478,75.1338,2026-03-05 18:00:00,21.3,20.3,250.0,9.7,6.5,156.0,31.5,18,0.0,10.1
Hubballi,15.3478,75.1338,2026-03-05 19:00:00,25.5,24.4,303.0,18.8,6.8,128.0,29.7,19,0.0,13.3
Hubballi,15.3478,75.1338,2026-03-05 20:00:00,27.0,26.0,354.0,24.7,7.0,106.0,28.7,19,0.0,10.5
Hubballi,15.3478,75.1338,2026-03-05 21:00:00,25.4,24.5,403.0,24.1,7.1,100.0,26.8,23,0.0,8.4
Hubballi,15.3478,75.1338,2026-03-05 22:00:00,25.6,24.8,451.0,20.3,7.2,100.0,25.3,30,0.0,5.1
Hubballi,15.3478,75.1338,2026-03-05 23:00:00,27.6,26.8,481.0,18.0,7.1,97.0,24.5,32,0.0,3.4
Hubballi,15.3478,75.1338,2026-03-06 00:00:00,29.8,28.8,481.0,19.5,6.8,85.0,23.2,42,0.0,11.0
Hubballi,15.3478,75.1338,2026-03-06 01:00:00,34.5,33.3,463.0,22.4,6.3,69.0,22.2,61,0.0,9.2
Hubballi,15.3478,75.1338,2026-03-06 02:00:00,38.0,36.9,448.0,24.5,6.0,57.0,21.6,67,0.0,7.6
Hubballi,15.3478,75.1338,2026-03-06 03:00:00,41.0,39.8,438.0,24.8,5.9,49.0,21.0,59,0.0,5.7
Hubballi,15.3478,75.1338,2026-03-06 04:00:00,45.2,43.7,431.0,24.2,6.0,44.0,20.9,51,0.0,5.6
Hubballi,15.3478,75.1338,2026-03-06 05:00:00,40.9,39.7,440.0,26.6,6.8,47.0,20.8,56,0.0,5.0
Hubballi,15.3478,75.1338,2026-03-06 06:00:00,40.9,39.8,494.0,26.7,6.9,53.0,20.4,55,0.0,9.0
Hubballi,15.3478,75.1338,2026-03-06 07:00:00,43.8,42.8,564.0,26.5,7.1,63.0,21.0,54,0.0,4.0
Hubballi,15.3478,75.1338,2026-03-06 08:00:00,36.7,36.0,582.0,24.1,7.9,80.0,24.5,43,0.0,1.4
Hubballi,15.3478,75.1338,2026-03-06 09:00:00,31.0,29.7,497.0,17.4,9.9,113.0,28.4,32,0.0,4.8
Hubballi,15.3478,75.1338,2026-03-06 10:00:00,28.3,26.5,360.0,8.6,12.4,154.0,31.7,24,0.0,8.6
Hubballi,15.3478,75.1338,2026-03-06 11:00:00,28.2,25.8,255.0,2.1,13.8,184.0,33.3,19,0.0,10.0
Hubballi,15.3478,75.1338,2026-03-06 12:00:00,27.9,25.4,220.0,0.3,12.9,192.0,34.4,17,0.0,9.8
Hubballi,15.3478,75.1338,2026-03-06 13:00:00,27.4,24.9,217.0,0.8,10.9,188.0,35.0,16,0.0,10.1
Hubballi,15.3478,75.1338,2026-03-06 14:00:00,26.4,24.0,218.0,1.6,9.2,184.0,35.1,15,0.0,9.5
Hubballi,15.3478,75.1338,2026-03-06 15:00:00,25.4,23.1,208.0,1.0,8.3,185.0,35.2,15,0.0,9.1
Hubballi,15.3478,75.1338,2026-03-06 16:00:00,24.4,22.3,203.0,0.7,7.7,185.0,35.0,14,0.0,7.1
Hubballi,15.3478,75.1338,2026-03-06 17:00:00,23.6,22.4,218.0,3.4,7.2,188.0,34.0,15,0.0,10.6
Hubballi,15.3478,75.1338,2026-03-06 18:00:00,25.1,24.3,275.0,8.7,7.2,166.0,31.3,18,0.0,5.2
Hubballi,15.3478,75.1338,2026-03-06 19:00:00,26.8,26.1,353.0,16.1,7.1,136.0,29.5,19,0.0,6.8
Hubballi,15.3478,75.1338,2026-03-06 20:00:00,26.0,25.4,403.0,22.2,7.2,111.0,28.5,22,0.0,2.6
Hubballi,15.3478,75.1338,2026-03-06 21:00:00,25.7,25.2,398.0,26.2,7.6,96.0,25.4,50,0.0,13.1
Hubballi,15.3478,75.1338,2026-03-06 22:00:00,27.2,26.8,366.0,29.0,8.2,86.0,24.5,72,0.0,15.1
Hubballi,15.3478,75.1338,2026-03-06 23:00:00,35.3,34.7,338.0,29.3,8.0,79.0,23.2,83,0.0,14.5
Hubballi,15.3478,75.1338,2026-03-07 00:00:00,46.3,45.6,325.0,25.8,6.4,72.0,22.7,86,0.0,11.6
Hubballi,15.3478,75.1338,2026-03-07 01:00:00,56.2,55.2,316.0,19.8,4.1,68.0,21.6,91,0.0,13.3
Hubballi,15.3478,75.1338,2026-03-07 02:00:00,65.9,64.3,313.0,14.6,2.3,68.0,21.1,95,0.0,11.0
Hubballi,15.3478,75.1338,2026-03-07 03:00:00,73.1,71.2,318.0,11.0,1.3,76.0,20.6,98,0.0,11.0
Hubballi,15.3478,75.1338,2026-03-07 04:00:00,78.5,76.4,329.0,8.1,0.8,89.0,20.4,98,0.0,8.0
Hubballi,15.3478,75.1338,2026-03-07 05:00:00,74.5,72.9,339.0,10.6,1.0,71.0,20.7,100,0.0,5.2
Hubballi,15.3478,75.1338,2026-03-07 06:00:00,77.1,75.2,351.0,10.2,1.0,81.0,20.5,99,0.0,6.7
Hubballi,15.3478,75.1338,2026-03-07 07:00:00,77.1,75.0,362.0,9.6,1.1,96.0,20.4,99,0.0,3.4
Hubballi,15.3478,75.1338,2026-03-07 08:00:00,76.4,74.0,360.0,8.6,2.0,115.0,21.7,91,0.0,2.0
Hubballi,15.3478,75.1338,2026-03-07 09:00:00,69.4,67.3,332.0,6.8,4.8,142.0,26.3,59,0.0,0.8
Hubballi,15.3478,75.1338,2026-03-07 10:00:00,51.3,49.5,291.0,4.6,8.5,173.0,30.4,33,0.0,5.1
Hubballi,15.3478,75.1338,2026-03-07 11:00:00,38.8,35.2,258.0,2.9,10.8,195.0,32.5,25,0.0,9.6
Hubballi,15.3478,75.1338,2026-03-07 12:00:00,34.0,29.3,241.0,2.1,10.5,201.0,34.0,20,0.0,11.7
Hubballi,15.3478,75.1338,2026-03-07 13:00:00,28.2,24.0,231.0,1.8,8.8,197.0,34.9,17,0.0,10.6
Hubballi,15.3478,75.1338,2026-03-07 14:00:00,26.6,22.5,227.0,1.8,7.4,194.0,35.2,16,0.0,11.1
Hubballi,15.3478,75.1338,2026-03-07 15:00:00,26.3,22.1,223.0,1.4,7.0,196.0,35.3,15,0.0,13.9
Hubballi,15.3478,75.1338,2026-03-07 16:00:00,26.1,21.8,225.0,1.3,6.9,198.0,35.0,16,0.0,10.8
Hubballi,15.3478,75.1338,2026-03-07 17:00:00,22.9,19.3,245.0,3.5,6.5,195.0,34.4,17,0.0,10.2
Hubballi,15.3478,75.1338,2026-03-07 18:00:00,24.6,21.7,305.0,9.3,6.5,172.0,32.5,19,0.0,9.3
Hubballi,15.3478,75.1338,2026-03-07 19:00:00,27.6,24.7,384.0,17.2,6.6,140.0,29.7,23,0.0,6.5
Hubballi,15.3478,75.1338,2026-03-07 20:00:00,27.5,24.9,433.0,22.9,6.7,115.0,27.6,26,0.0,4.4
Hubballi,15.3478,75.1338,2026-03-07 21:00:00,27.6,25.1,423.0,23.5,6.8,106.0,25.6,56,0.0,13.2
Hubballi,15.3478,75.1338,2026-03-07 22:00:00,28.1,25.4,384.0,21.9,7.0,105.0,24.5,65,0.0,12.5
Hubballi,15.3478,75.1338,2026-03-07 23:00:00,30.3,26.9,353.0,21.7,7.0,99.0,23.9,70,0.0,9.8
Hubballi,15.3478,75.1338,2026-03-08 00:00:00,34.7,31.1,343.0,25.5,6.8,81.0,22.7,79,0.0,10.1
Hubballi,15.3478,75.1338,2026-03-08 01:00:00,42.8,39.8,341.0,30.7,6.6,59.0,21.7,85,0.0,7.8
Hubballi,15.3478,75.1338,2026-03-08 02:00:00,46.7,44.4,350.0,34.0,6.4,43.0,21.1,88,0.0,9.0
Hubballi,15.3478,75.1338,2026-03-08 03:00:00,48.9,47.0,376.0,33.3,6.3,36.0,20.4,91,0.0,8.5
Hubballi,15.3478,75.1338,2026-03-08 04:00:00,51.1,49.7,412.0,30.6,6.3,34.0,20.5,86,0.0,7.6
Hubballi,15.3478,75.1338,2026-03-08 05:00:00,56.8,52.0,445.0,36.6,6.9,55.0,20.7,85,0.0,8.4
Hubballi,15.3478,75.1338,2026-03-08 06:00:00,59.4,54.2,478.0,34.5,7.1,60.0,20.8,81,0.0,11.3
Hubballi,15.3478,75.1338,2026-03-08 07:00:00,57.6,53.0,508.0,31.3,7.3,69.0,21.8,65,0.0,12.3
Hubballi,15.3478,75.1338,2026-03-08 08:00:00,45.9,42.0,504.0,26.6,7.8,86.0,25.4,46,0.0,9.3
Hubballi,15.3478,75.1338,2026-03-08 09:00:00,38.6,32.4,438.0,18.9,8.8,120.0,29.1,33,0.0,10.8
Hubballi,15.3478,75.1338,2026-03-08 10:00:00,39.2,32.4,338.0,9.8,10.1,161.0,32.1,25,0.0,11.4
Hubballi,15.3478,75.1338,2026-03-08 11:00:00,40.3,33.1,263.0,3.1,10.6,192.0,33.6,20,0.0,13.0
Hubballi,15.3478,75.1338,2026-03-08 12:00:00,34.1,27.8,239.0,0.9,9.7,201.0,34.8,17,0.0,12.8
Hubballi,15.3478,75.1338,2026-03-08 13:00:00,29.9,24.5,240.0,1.2,7.9,199.0,35.4,16,0.0,13.6
Hubballi,15.3478,75.1338,2026-03-08 14:00:00,28.8,23.7,243.0,1.8,6.6,196.0,35.2,18,0.0,14.8
Hubballi,15.3478,75.1338,2026-03-08 15:00:00,28.3,23.3,238.0,1.7,6.0,196.0,35.2,17,0.0,13.5
Hubballi,15.3478,75.1338,2026-03-08 16:00:00,28.0,22.9,236.0,2.0,5.8,195.0,35.4,16,0.0,13.0
Hubballi,15.3478,75.1338,2026-03-08 17:00:00,23.2,19.8,243.0,3.4,5.8,195.0,34.8,15,0.0,15.8
Hubballi,15.3478,75.1338,2026-03-08 18:00:00,23.9,21.2,268.0,7.2,5.9,176.0,32.3,18,0.0,13.5
Hubballi,15.3478,75.1338,2026-03-08 19:00:00,25.6,23.1,302.0,12.3,6.1,150.0,30.8,20,0.0,14.8
Hubballi,15.3478,75.1338,2026-03-08 20:00:00,25.1,22.6,331.0,15.7,6.4,130.0,29.6,22,0.0,11.4
Hubballi,15.3478,75.1338,2026-03-08 21:00:00,25.1,22.5,350.0,15.3,6.8,125.0,28.2,25,0.0,6.3
Hubballi,15.3478,75.1338,2026-03-08 22:00:00,26.4,23.3,364.0,13.0,7.2,126.0,26.1,29,0.0,1.3
Hubballi,15.3478,75.1338,2026-03-08 23:00:00,27.8,24.2,369.0,11.8,7.6,126.0,24.9,45,0.0,7.7
Hubballi,15.3478,75.1338,2026-03-09 00:00:00,29.3,25.0,357.0,12.5,7.9,124.0,22.4,79,0.0,9.3
Hubballi,15.3478,75.1338,2026-03-09 01:00:00,31.0,25.9,337.0,14.3,8.0,121.0,21.4,85,0.0,5.7
Hubballi,15.3478,75.1338,2026-03-09 02:00:00,34.3,28.9,332.0,16.7,7.9,112.0,20.8,89,0.0,4.7
Hubballi,15.3478,75.1338,2026-03-09 03:00:00,41.0,36.0,360.0,20.7,7.0,89.0,20.4,91,0.0,4.5
Hubballi,15.3478,75.1338,2026-03-09 04:00:00,47.1,42.8,404.0,25.3,5.9,60.0,20.8,80,0.0,6.4
Hubballi,15.3478,75.1338,2026-03-09 05:00:00,47.1,42.4,438.0,28.3,6.4,49.0,21.1,75,0.0,4.3
Hubballi,15.3478,75.1338,2026-03-09 06:00:00,46.4,41.6,457.0,25.9,7.4,58.0,20.6,71,0.0,3.7
Hubballi,15.3478,75.1338,2026-03-09 07:00:00,45.9,41.1,467.0,22.4,8.8,72.0,22.2,62,0.0,8.1
Hubballi,15.3478,75.1338,2026-03-09 08:00:00,39.9,35.7,455.0,18.2,9.6,92.0,25.9,46,0.0,7.9
Hubballi,15.3478,75.1338,2026-03-09 09:00:00,37.0,32.0,404.0,12.8,9.4,123.0,29.0,38,0.0,10.9
Hubballi,15.3478,75.1338,2026-03-09 10:00:00,36.6,30.5,332.0,6.8,8.6,160.0,31.7,30,0.0,13.5
Hubballi,15.3478,75.1338,2026-03-09 11:00:00,33.6,26.8,277.0,2.5,7.8,186.0,33.4,21,0.0,16.6
Hubballi,15.3478,75.1338,2026-03-09 12:00:00,28.6,22.5,257.0,1.0,7.0,193.0,34.6,17,0.0,19.7
Hubballi,15.3478,75.1338,2026-03-09 13:00:00,26.6,21.0,254.0,1.1,6.1,188.0,35.5,15,0.0,18.7
Hubballi,15.3478,75.1338,2026-03-09 14:00:00,26.3,20.8,257.0,1.6,5.4,183.0,35.9,14,0.0,19.2
Hubballi,15.3478,75.1338,2026-03-09 15:00:00,26.7,21.2,261.0,1.8,5.0,180.0,35.3,16,0.0,20.5
Hubballi,15.3478,75.1338,2026-03-09 16:00:00,27.7,22.2,269.0,2.3,4.8,176.0,34.5,17,0.0,22.3
Hubballi,15.3478,75.1338,2026-03-09 17:00:00,27.2,22.5,282.0,3.1,5.1,171.0,33.1,19,0.0,24.8
Hubballi,15.3478,75.1338,2026-03-09 18:00:00,28.1,24.2,300.0,6.1,5.3,158.0,31.7,22,0.0,19.7
Hubballi,15.3478,75.1338,2026-03-09 19:00:00,30.7,27.2,322.0,10.3,5.7,140.0,30.8,24,0.0,18.0
Hubballi,15.3478,75.1338,2026-03-09 20:00:00,33.1,29.5,346.0,13.3,6.0,126.0,29.8,25,0.0,15.1
Hubballi,15.3478,75.1338,2026-03-09 21:00:00,35.0,31.2,378.0,14.0,6.3,120.0,29.0,27,0.0,13.2
Hubballi,15.3478,75.1338,2026-03-09 22:00:00,37.1,32.8,411.0,13.4,6.5,118.0,27.1,30,0.0,9.1
Hubballi,15.3478,75.1338,2026-03-09 23:00:00,38.8,34.0,423.0,12.8,6.8,116.0,26.8,33,0.0,14.5
Hubballi,15.3478,75.1338,2026-03-10 00:00:00,39.6,34.5,393.0,12.5,7.1,111.0,26.6,35,0.0,14.7
Hubballi,15.3478,75.1338,2026-03-10 01:00:00,40.0,35.0,342.0,12.0,7.5,106.0,25.7,40,0.0,12.8
Hubballi,15.3478,75.1338,2026-03-10 02:00:00,41.3,36.7,308.0,11.5,7.8,100.0,24.9,47,0.0,12.1
Hubballi,15.3478,75.1338,2026-03-10 03:00:00,44.1,39.3,311.0,10.7,8.1,93.0,24.0,53,0.0,10.1
Hubballi,15.3478,75.1338,2026-03-10 04:00:00,46.6,41.7,332.0,9.9,8.4,86.0,23.2,58,0.0,8.4
Hubballi,15.3478,75.1338,2026-03-10 05:00:00,48.5,43.4,348.0,9.3,8.4,82.0,23.6,60,0.0,10.2
Hubballi,15.3478,75.1338,2026-03-10 06:00:00,48.5,43.8,353.0,9.4,9.2,84.0,23.2,63,0.0,9.9
Hubballi,15.3478,75.1338,2026-03-10 07:00:00,48.7,44.2,355.0,9.5,10.3,87.0,23.7,62,0.0,11.0
Hubballi,15.3478,75.1338,2026-03-10 08:00:00,50.3,44.9,350.0,8.9,10.6,96.0,26.0,55,0.0,12.8
Hubballi,15.3478,75.1338,2026-03-10 09:00:00,54.5,46.6,335.0,6.9,9.5,118.0,28.7,45,0.0,16.8
Hubballi,15.3478,75.1338,2026-03-10 10:00:00,60.3,48.9,315.0,4.2,7.7,146.0,30.9,34,0.0,19.3
Hubballi,15.3478,75.1338,2026-03-10 11:00:00,64.3,50.9,299.0,2.2,6.4,167.0,32.0,30,0.0,21.8
Hubballi,15.3478,75.1338,2026-03-10 12:00:00,63.1,50.2,292.0,1.5,6.0,175.0,32.7,30,0.0,24.0
Hubballi,15.3478,75.1338,2026-03-10 13:00:00,61.0,48.9,290.0,1.4,6.0,177.0,33.6,26,0.0,24.1
Hubballi,15.3478,75.1338,2026-03-10 14:00:00,58.4,47.3,289.0,1.6,6.1,177.0,34.1,24,0.0,24.8
Hubballi,15.3478,75.1338,2026-03-10 15:00:00,56.1,45.6,286.0,1.7,6.2,179.0,33.9,25,0.0,23.9
Hubballi,15.3478,75.1338,2026-03-10 16:00:00,54.1,44.4,284.0,2.0,6.5,179.0,33.5,26,0.0,18.7
Hubballi,15.3478,75.1338,2026-03-10 17:00:00,54.4,45.4,289.0,3.2,7.0,174.0,32.7,26,0.0,19.3
Hubballi,15.3478,75.1338,2026-03-10 18:00:00,52.4,45.4,307.0,6.2,7.2,160.0,30.8,28,0.0,18.1
Hubballi,15.3478,75.1338,2026-03-10 19:00:00,51.3,45.6,333.0,10.3,7.4,141.0,29.6,30,0.0,13.0
Hubballi,15.3478,75.1338,2026-03-10 20:00:00,49.8,44.8,354.0,13.7,7.5,123.0,28.0,33,0.0,9.6
Hubballi,15.3478,75.1338,2026-03-10 21:00:00,48.2,43.7,367.0,15.6,7.5,108.0,27.1,35,0.0,10.0
Hubballi,15.3478,75.1338,2026-03-10 22:00:00,46.8,42.3,377.0,16.9,7.4,95.0,26.1,37,0.0,8.6
Hubballi,15.3478,75.1338,2026-03-10 23:00:00,45.5,41.0,384.0,17.8,7.4,84.0,25.0,40,0.0,5.6
Hubballi,15.3478,75.1338,2026-03-11 00:00:00,44.0,39.3,389.0,18.6,7.6,75.0,24.2,39,0.0,5.3
Hubballi,15.3478,75.1338,2026-03-11 01:00:00,41.9,37.1,392.0,19.1,7.8,68.0,23.6,40,0.0,5.7
Hubballi,15.3478,75.1338,2026-03-11 02:00:00,38.9,34.3,392.0,19.1,8.0,63.0,23.0,41,0.0,5.7
Hubballi,15.3478,75.1338,2026-03-11 03:00:00,34.8,31.0,390.0,18.2,8.1,60.0,22.8,40,0.0,7.0
Hubballi,15.3478,75.1338,2026-03-11 04:00:00,30.3,27.1,385.0,16.7,8.1,59.0,22.4,41,0.0,8.3
Hubballi,15.3478,75.1338,2026-03-11 05:00:00,24.0,21.9,378.0,14.7,9.0,62.0,22.1,44,0.0,8.7
Hubballi,15.3478,75.1338,2026-03-11 06:00:00,20.9,19.4,370.0,13.9,8.8,62.0,21.7,46,0.0,8.3
Hubballi,15.3478,75.1338,2026-03-11 07:00:00,19.8,18.7,360.0,12.8,8.5,64.0,22.4,45,0.0,9.0
Hubballi,15.3478,75.1338,2026-03-11 08:00:00,19.5,18.5,338.0,11.0,7.9,72.0,24.9,41,0.0,9.1
Hubballi,15.3478,75.1338,2026-03-11 09:00:00,21.0,19.6,293.0,8.1,6.6,94.0,27.8,37,0.0,12.1
Hubballi,15.3478,75.1338,2026-03-11 10:00:00,21.8,18.8,237.0,4.6,5.0,122.0,30.2,28,0.0,14.9
Hubballi,15.3478,75.1338,2026-03-11 11:00:00,21.0,16.9,194.0,2.1,3.8,143.0,31.7,21,0.0,17.1
Hubballi,15.3478,75.1338,2026-03-11 12:00:00,17.7,14.0,176.0,1.2,3.2,149.0,33.0,17,0.0,18.2
Hubballi,15.3478,75.1338,2026-03-11 13:00:00,15.8,12.6,172.0,1.2,2.9,149.0,33.8,16,0.0,19.7
Hubballi,15.3478,75.1338,2026-03-11 14:00:00,15.0,12.1,173.0,1.5,2.8,147.0,34.3,16,0.0,19.3
Hubballi,15.3478,75.1338,2026-03-11 15:00:00,14.7,12.0,177.0,1.4,2.9,149.0,34.3,17,0.0,18.4
Hubballi,15.3478,75.1338,2026-03-11 16:00:00,14.6,12.0,186.0,1.5,3.1,150.0,33.7,17,0.0,15.9
Hubballi,15.3478,75.1338,2026-03-11 17:00:00,10.0,8.9,198.0,2.9,3.8,146.0,33.1,19,0.0,17.3
Hubballi,15.3478,75.1338,2026-03-11 18:00:00,12.5,11.5,208.0,7.2,4.2,131.0,31.6,21,0.0,13.7
Hubballi,15.3478,75.1338,2026-03-11 19:00:00,16.3,15.3,220.0,13.1,4.7,111.0,29.4,23,0.0,8.9
Hubballi,15.3478,75.1338,2026-03-11 20:00:00,18.0,16.8,245.0,16.9,5.0,96.0,28.3,23,0.0,7.9
Hubballi,15.3478,75.1338,2026-03-11 21:00:00,18.8,17.3,297.0,16.5,4.8,90.0,26.6,27,0.0,5.8
Hubballi,15.3478,75.1338,2026-03-11 22:00:00,19.7,17.9,361.0,14.0,4.3,89.0,26.3,26,0.0,7.0
Hubballi,15.3478,75.1338,2026-03-11 23:00:00,20.8,18.7,407.0,12.0,4.0,89.0,25.0,30,0.0,4.7
Hubballi,15.3478,75.1338,2026-03-12 00:00:00,22.2,19.5,413.0,11.2,3.9,88.0,23.8,34,0.0,3.6
Hubballi,15.3478,75.1338,2026-03-12 01:00:00,24.0,20.7,400.0,10.9,3.9,88.0,23.1,36,0.0,1.9
Hubballi,15.3478,75.1338,2026-03-12 02:00:00,26.1,22.2,397.0,11.5,4.0,86.0,23.1,35,0.0,5.9
Hubballi,15.3478,75.1338,2026-03-12 03:00:00,28.9,24.4,422.0,13.9,4.2,79.0,22.7,38,0.0,2.4
Hubballi,15.3478,75.1338,2026-03-12 04:00:00,32.6,27.4,456.0,17.4,4.5,70.0,22.4,40,0.0,2.3
Hubballi,15.3478,75.1338,2026-03-12 05:00:00,33.5,28.2,471.0,13.1,8.4,79.0,21.9,48,0.0,4.6
Hubballi,15.3478,75.1338,2026-03-12 06:00:00,33.8,28.9,455.0,14.1,9.9,75.0,21.0,52,0.0,5.4
Hubballi,15.3478,75.1338,2026-03-12 07:00:00,33.8,29.7,420.0,15.4,11.8,71.0,22.8,47,0.0,7.8
Hubballi,15.3478,75.1338,2026-03-12 08:00:00,30.7,27.6,379.0,15.0,12.5,76.0,26.4,37,0.0,5.2
Hubballi,15.3478,75.1338,2026-03-12 09:00:00,23.6,21.7,329.0,11.3,10.6,99.0,29.4,31,0.0,10.0
Hubballi,15.3478,75.1338,2026-03-12 10:00:00,24.1,20.1,273.0,6.0,7.4,130.0,32.0,25,0.0,11.7
Hubballi,15.3478,75.1338,2026-03-12 11:00:00,25.4,20.2,231.0,2.1,5.0,155.0,33.4,20,0.0,16.4
Hubballi,15.3478,75.1338,2026-03-12 12:00:00,22.8,18.5,213.0,0.9,4.3,165.0,34.3,19,0.0,21.3
Hubballi,15.3478,75.1338,2026-03-12 13:00:00,21.1,17.3,209.0,1.1,4.4,168.0,35.3,18,0.0,19.4
Hubballi,15.3478,75.1338,2026-03-12 14:00:00,20.0,16.5,208.0,1.5,4.5,169.0,36.1,15,0.0,20.6
Hubballi,15.3478,75.1338,2026-03-12 15:00:00,19.3,16.0,206.0,1.6,4.4,169.0,35.6,14,0.0,19.4
Hubballi,15.3478,75.1338,2026-03-12 16:00:00,18.9,15.5,207.0,2.1,4.4,167.0,34.9,16,0.0,18.9
Hubballi,15.3478,75.1338,2026-03-12 17:00:00,15.3,12.7,212.0,3.2,4.9,166.0,34.2,17,0.0,20.2
Hubballi,15.3478,75.1338,2026-03-12 18:00:00,16.4,14.4,218.0,7.3,5.1,151.0,32.5,18,0.0,15.5
Hubballi,15.3478,75.1338,2026-03-12 19:00:00,19.6,17.6,229.0,12.8,5.5,130.0,31.0,18,0.0,18.0
Hubballi,15.3478,75.1338,2026-03-12 20:00:00,20.5,18.5,255.0,16.5,5.7,115.0,30.4,17,0.0,16.2
Hubballi,15.3478,75.1338,2026-03-12 21:00:00,20.4,18.5,312.0,16.3,5.7,111.0,29.0,18,0.0,10.9
Hubballi,15.3478,75.1338,2026-03-12 22:00:00,20.9,18.9,384.0,14.1,5.6,113.0,27.3,20,0.0,10.7
Hubballi,15.3478,75.1338,2026-03-12 23:00:00,21.6,19.4,435.0,12.6,5.5,113.0,25.5,26,0.0,3.7
Hubballi,15.3478,75.1338,2026-03-13 00:00:00,22.3,19.8,443.0,12.4,5.3,109.0,24.4,27,0.0,5.2
Hubballi,15.3478,75.1338,2026-03-13 01:00:00,23.5,20.7,430.0,12.8,5.0,103.0,23.4,35,0.0,5.0
Hubballi,15.3478,75.1338,2026-03-13 02:00:00,25.0,21.7,422.0,14.2,4.9,96.0,22.9,42,0.0,4.1
Hubballi,15.3478,75.1338,2026-03-13 03:00:00,27.0,23.3,432.0,17.2,5.2,84.0,22.6,46,0.0,4.7
Hubballi,15.3478,75.1338,2026-03-13 04:00:00,31.4,27.7,447.0,21.3,5.6,70.0,22.3,45,0.0,4.2
Hubballi,15.3478,75.1338,2026-03-13 05:00:00,31.2,27.4,461.0,20.7,7.6,78.0,23.4,36,0.0,2.1
Hubballi,15.3478,75.1338,2026-03-13 06:00:00,37.4,33.4,479.0,23.4,7.9,76.0,21.7,47,0.0,5.6
Hubballi,15.3478,75.1338,2026-03-13 07:00:00,45.9,41.8,494.0,26.7,8.2,74.0,22.6,43,0.0,8.1
Hubballi,15.3478,75.1338,2026-03-13 08:00:00,37.5,34.1,483.0,26.7,8.2,81.0,25.8,34,0.0,4.4
Hubballi,15.3478,75.1338,2026-03-13 09:00:00,34.8,29.9,419.0,20.0,7.4,106.0,29.0,29,0.0,4.5
Hubballi,15.3478,75.1338,2026-03-13 10:00:00,34.6,29.2,328.0,10.0,6.1,140.0,31.7,26,0.0,9.8
Hubballi,15.3478,75.1338,2026-03-13 11:00:00,35.2,29.2,260.0,2.6,5.2,166.0,33.4,23,0.0,8.7
Hubballi,15.3478,75.1338,2026-03-13 12:00:00,34.6,28.6,241.0,0.5,4.8,176.0,34.6,20,0.0,7.7
Hubballi,15.3478,75.1338,2026-03-13 13:00:00,33.2,27.4,246.0,0.9,4.7,179.0,35.0,20,0.0,7.8
Hubballi,15.3478,75.1338,2026-03-13 14:00:00,32.0,26.6,250.0,1.7,4.7,180.0,35.6,19,0.0,8.0
Hubballi,15.3478,75.1338,2026-03-13 15:00:00,31.2,25.9,236.0,1.5,4.7,183.0,36.5,16,0.0,9.1
Hubballi,15.3478,75.1338,2026-03-13 16:00:00,30.4,25.3,221.0,1.5,4.8,185.0,35.6,15,0.0,11.5
Hubballi,15.3478,75.1338,2026-03-13 17:00:00,28.4,24.4,228.0,3.6,5.4,186.0,34.7,15,0.0,16.3
Hubballi,15.3478,75.1338,2026-03-13 18:00:00,30.2,27.0,282.0,8.7,5.7,167.0,32.7,18,0.0,11.0
Hubballi,15.3478,75.1338,2026-03-13 19:00:00,32.8,29.8,358.0,15.9,6.1,139.0,30.7,21,0.0,5.5
Hubballi,15.3478,75.1338,2026-03-13 20:00:00,35.3,32.1,405.0,21.7,6.4,116.0,27.7,43,0.0,15.9
Hubballi,15.3478,75.1338,2026-03-13 21:00:00,38.2,34.7,395.0,25.3,6.7,102.0,26.6,54,0.0,14.5
Hubballi,15.3478,75.1338,2026-03-13 22:00:00,42.6,38.0,356.0,27.5,6.9,92.0,25.3,65,0.0,13.8
Hubballi,15.3478,75.1338,2026-03-13 23:00:00,46.2,41.9,326.0,27.8,6.8,82.0,24.4,71,0.0,11.3
Hubballi,15.3478,75.1338,2026-03-14 00:00:00,43.8,41.0,319.0,24.8,6.0,72.0,23.9,76,0.0,11.6
Hubballi,15.3478,75.1338,2026-03-14 01:00:00,42.3,40.4,321.0,19.9,4.9,62.0,23.2,81,0.0,8.3
Hubballi,15.3478,75.1338,2026-03-14 02:00:00,42.5,40.4,329.0,16.2,3.8,54.0,22.6,85,0.0,10.6
Hubballi,15.3478,75.1338,2026-03-14 03:00:00,46.0,43.5,349.0,15.4,2.8,46.0,22.0,88,0.0,9.9
Hubballi,15.3478,75.1338,2026-03-14 04:00:00,51.3,48.4,374.0,16.0,1.9,41.0,21.2,93,0.0,3.6
Hubballi,15.3478,75.1338,2026-03-14 05:00:00,51.2,48.3,388.0,16.3,3.8,57.0,21.2,99,0.0,7.7
Hubballi,15.3478,75.1338,2026-03-14 06:00:00,53.6,50.5,379.0,15.7,4.2,65.0,21.2,100,0.0,6.5
Hubballi,15.3478,75.1338,2026-03-14 07:00:00,55.4,52.2,357.0,14.8,4.7,77.0,21.4,98,0.0,6.5
Hubballi,15.3478,75.1338,2026-03-14 08:00:00,51.8,48.1,337.0,13.0,5.2,94.0,23.1,85,0.0,6.5
Hubballi,15.3478,75.1338,2026-03-14 09:00:00,48.4,44.1,323.0,9.7,5.8,120.0,26.5,66,0.0,3.4
Hubballi,15.3478,75.1338,2026-03-14 10:00:00,46.9,40.9,309.0,5.5,6.5,151.0,30.1,46,0.0,1.3
Hubballi,15.3478,75.1338,2026-03-14 11:00:00,43.4,36.7,297.0,2.5,6.7,174.0,32.0,34,0.0,5.9
Hubballi,15.3478,75.1338,2026-03-14 12:00:00,41.3,33.8,284.0,1.4,6.2,183.0,33.7,25,0.0,6.2
Hubballi,15.3478,75.1338,2026-03-14 13:00:00,40.9,32.7,272.0,1.4,5.4,183.0,34.3,22,0.0,6.7
Hubballi,15.3478,75.1338,2026-03-14 14:00:00,40.9,32.6,264.0,1.7,4.7,182.0,34.9,21,0.0,6.8
Hubballi,15.3478,75.1338,2026-03-14 15:00:00,40.6,32.4,259.0,1.6,4.3,184.0,35.0,20,0.0,5.1
Hubballi,15.3478,75.1338,2026-03-14 16:00:00,39.8,31.8,257.0,1.8,4.1,184.0,34.8,19,0.0,7.7
Hubballi,15.3478,75.1338,2026-03-14 17:00:00,40.5,32.6,263.0,3.3,4.0,172.0,34.2,19,0.0,2.2
Hubballi,15.3478,75.1338,2026-03-14 18:00:00,44.2,36.9,284.0,16.8,4.9,142.0,32.9,36,0.0,0.2
Hubballi,15.3478,75.1338,2026-03-14 19:00:00,52.2,45.1,314.0,35.0,6.1,101.0,29.8,39,0.0,16.8
Hubballi,15.3478,75.1338,2026-03-14 20:00:00,56.0,50.1,333.0,44.6,6.6,72.0,27.1,61,0.0,14.4
Hubballi,15.3478,75.1338,2026-03-14 21:00:00,48.4,45.5,333.0,37.3,5.6,65.0,26.1,68,0.0,19.0
Hubballi,15.3478,75.1338,2026-03-14 22:00:00,44.4,42.7,322.0,21.5,3.9,70.0,25.1,75,0.0,13.8
Hubballi,15.3478,75.1338,2026-03-14 23:00:00,43.0,41.3,312.0,9.2,2.6,75.0,24.1,85,0.0,15.2
Hubballi,15.3478,75.1338,2026-03-15 00:00:00,42.4,40.4,304.0,5.4,2.4,79.0,23.6,89,0.0,12.8
Hubballi,15.3478,75.1338,2026-03-15 01:00:00,41.1,38.9,296.0,5.1,2.6,84.0,23.4,89,0.0,10.2
Hubballi,15.3478,75.1338,2026-03-15 02:00:00,40.0,37.7,296.0,5.6,2.8,86.0,23.1,90,0.0,10.5
Hubballi,15.3478,75.1338,2026-03-15 03:00:00,41.0,38.4,314.0,6.2,2.8,81.0,22.7,91,0.0,8.8
Hubballi,15.3478,75.1338,2026-03-15 04:00:00,42.6,39.9,340.0,7.6,2.7,73.0,22.0,95,0.0,5.1
Hubballi,15.3478,75.1338,2026-03-15 05:00:00,43.9,41.4,354.0,7.4,2.6,78.0,22.7,92,0.0,9.7
Hubballi,15.3478,75.1338,2026-03-15 06:00:00,45.4,42.8,344.0,7.4,2.5,83.0,22.7,92,0.0,8.7
Hubballi,15.3478,75.1338,2026-03-15 07:00:00,44.1,41.1,322.0,7.3,2.4,92.0,23.3,89,0.0,10.3
Hubballi,15.3478,75.1338,2026-03-15 08:00:00,44.4,40.9,303.0,6.7,2.6,104.0,25.4,75,0.0,7.7
Hubballi,15.3478,75.1338,2026-03-15 09:00:00,45.4,41.1,291.0,5.2,3.5,124.0,27.9,59,0.0,6.4
Hubballi,15.3478,75.1338,2026-03-15 10:00:00,45.2,40.3,282.0,3.3,4.7,148.0,30.5,44,0.0,3.6
Hubballi,15.3478,75.1338,2026-03-15 11:00:00,45.8,40.3,276.0,1.9,5.5,166.0,31.3,37,0.0,1.5
Hubballi,15.3478,75.1338,2026-03-15 12:00:00,47.3,39.6,274.0,1.4,5.6,174.0,33.3,29,0.0,1.9
Hubballi,15.3478,75.1338,2026-03-15 13:00:00,46.8,37.7,274.0,1.4,5.3,175.0,34.3,26,0.0,1.2
Hubballi,15.3478,75.1338,2026-03-15 14:00:00,47.5,38.0,274.0,1.7,5.0,175.0,34.4,25,0.0,2.3
Hubballi,15.3478,75.1338,2026-03-15 15:00:00,47.7,38.1,271.0,2.1,4.8,175.0,33.8,26,0.0,4.3
Hubballi,15.3478,75.1338,2026-03-15 16:00:00,47.5,38.1,267.0,2.8,4.6,173.0,33.5,27,0.0,6.2
Hubballi,15.3478,75.1338,2026-03-15 17:00:00,61.7,50.6,264.0,3.7,4.3,160.0,28.4,49,0.2,25.5
Hubballi,15.3478,75.1338,2026-03-15 18:00:00,58.4,51.8,264.0,4.4,3.8,143.0,28.6,52,0.0,18.2
Hubballi,15.3478,75.1338,2026-03-15 19:00:00,48.1,45.3,265.0,5.4,3.2,120.0,27.5,60,0.0,17.1
Hubballi,15.3478,75.1338,2026-03-15 20:00:00,38.9,37.6,266.0,6.3,2.7,101.0,25.5,71,0.0,15.9
Hubballi,15.3478,75.1338,2026-03-15 21:00:00,35.6,34.6,268.0,6.9,2.5,93.0,24.8,76,0.0,16.4
Hubballi,15.3478,75.1338,2026-03-15 22:00:00,34.6,33.5,270.0,7.4,2.5,90.0,24.0,82,0.0,13.1
Hubballi,15.3478,75.1338,2026-03-15 23:00:00,34.8,33.6,268.0,7.7,2.5,87.0,23.4,87,0.0,14.6
Hubballi,15.3478,75.1338,2026-03-16 00:00:00,35.2,33.6,256.0,7.7,2.5,83.0,23.2,87,0.0,9.6
Hubballi,15.3478,75.1338,2026-03-16 01:00:00,35.9,34.1,240.0,7.6,2.5,80.0,23.3,82,0.0,6.5
Hubballi,15.3478,75.1338,2026-03-16 02:00:00,36.8,34.6,235.0,7.9,2.6,76.0,23.1,81,0.0,6.6
Hubballi,15.3478,75.1338,2026-03-16 03:00:00,38.2,35.4,250.0,9.1,2.7,68.0,23.0,79,0.0,8.6
Hubballi,15.3478,75.1338,2026-03-16 04:00:00,40.2,36.7,275.0,10.6,2.7,59.0,22.9,75,0.0,10.2
Hubballi,15.3478,75.1338,2026-03-16 05:00:00,40.4,36.8,294.0,8.4,2.8,67.0,22.4,87,0.0,0.8
Hubballi,15.3478,75.1338,2026-03-16 06:00:00,41.4,37.6,299.0,8.5,3.0,70.0,22.2,86,0.0,2.4
Hubballi,15.3478,75.1338,2026-03-16 07:00:00,42.8,39.1,298.0,8.5,3.2,74.0,23.0,81,0.0,1.4
Hubballi,15.3478,75.1338,2026-03-16 08:00:00,41.2,36.2,292.0,8.0,3.4,85.0,25.1,67,0.0,1.2
Hubballi,15.3478,75.1338,2026-03-16 09:00:00,40.5,34.5,281.0,6.4,3.6,107.0,27.7,51,0.0,1.9
Hubballi,15.3478,75.1338,2026-03-16 10:00:00,39.5,32.9,266.0,4.2,3.8,135.0,30.1,38,0.0,2.0
Hubballi,15.3478,75.1338,2026-03-16 11:00:00,40.7,33.5,255.0,2.5,4.1,158.0,31.2,31,0.0,2.6
Hubballi,15.3478,75.1338,2026-03-16 12:00:00,48.7,39.6,252.0,1.8,4.7,170.0,33.2,25,0.0,3.5
Hubballi,15.3478,75.1338,2026-03-16 13:00:00,49.1,39.8,254.0,1.7,5.4,176.0,34.0,22,0.0,3.2
Hubballi,15.3478,75.1338,2026-03-16 14:00:00,48.4,39.2,257.0,1.8,5.8,179.0,34.6,21,0.0,3.3
Hubballi,15.3478,75.1338,2026-03-16 15:00:00,48.0,38.8,263.0,2.1,5.7,181.0,34.9,20,0.0,2.4
Hubballi,15.3478,75.1338,2026-03-16 16:00:00,46.9,38.2,270.0,2.6,5.3,179.0,34.2,21,0.0,4.5
Hubballi,15.3478,75.1338,2026-03-16 17:00:00,44.6,36.3,269.0,3.4,5.2,174.0,34.4,17,0.0,6.1
Hubballi,15.3478,75.1338,2026-03-16 18:00:00,44.6,37.1,252.0,5.8,4.8,151.0,32.4,23,0.0,1.1
Hubballi,15.3478,75.1338,2026-03-16 19:00:00,42.7,36.6,227.0,9.1,4.3,120.0,26.6,59,0.0,25.8
Hubballi,15.3478,75.1338,2026-03-16 20:00:00,27.7,23.6,212.0,11.7,3.8,92.0,26.9,61,0.0,18.6
Hubballi,15.3478,75.1338,2026-03-16 21:00:00,20.6,16.3,216.0,12.9,3.4,73.0,25.1,68,0.0,12.0
Hubballi,15.3478,75.1338,2026-03-16 22:00:00,21.1,15.9,228.0,13.4,3.0,57.0,24.5,71,0.0,11.5
Hubballi,15.3478,75.1338,2026-03-16 23:00:00,22.6,16.9,238.0,13.6,2.7,46.0,24.3,72,0.0,9.8
Hubballi,15.3478,75.1338,2026-03-17 00:00:00,22.9,16.8,238.0,13.6,2.5,40.0,23.5,76,0.0,10.4
Hubballi,15.3478,75.1338,2026-03-17 01:00:00,23.2,16.8,236.0,13.3,2.4,39.0,22.8,81,0.0,9.5
Hubballi,15.3478,75.1338,2026-03-17 02:00:00,24.0,17.1,236.0,13.3,2.3,37.0,22.2,85,0.0,8.5
Hubballi,15.3478,75.1338,2026-03-17 03:00:00,25.3,17.8,244.0,14.1,2.3,32.0,21.6,88,0.0,6.0
Hubballi,15.3478,75.1338,2026-03-17 04:00:00,26.7,18.5,255.0,15.3,2.3,27.0,21.1,92,0.0,5.6
Hubballi,15.3478,75.1338,2026-03-17 05:00:00,24.9,16.3,263.0,11.4,2.1,39.0,20.9,96,0.0,9.3
Hubballi,15.3478,75.1338,2026-03-17 06:00:00,24.5,16.2,263.0,10.9,2.4,46.0,20.9,95,0.0,10.6
Hubballi,15.3478,75.1338,2026-03-17 07:00:00,26.7,17.3,259.0,10.1,2.8,57.0,21.6,88,0.0,7.8
Hubballi,15.3478,75.1338,2026-03-17 08:00:00,28.0,18.0,256.0,8.8,3.1,73.0,24.1,74,0.0,5.2
Hubballi,15.3478,75.1338,2026-03-17 09:00:00,25.0,16.6,254.0,6.6,3.4,100.0,28.0,49,0.0,6.2
Hubballi,15.3478,75.1338,2026-03-17 10:00:00,23.7,17.2,252.0,3.9,3.7,131.0,31.2,31,0.0,8.4
Hubballi,15.3478,75.1338,2026-03-17 11:00:00,36.3,28.3,251.0,1.9,3.8,156.0,32.3,28,0.0,6.8
Hubballi,15.3478,75.1338,2026-03-17 12:00:00,44.0,34.9,250.0,1.3,3.8,168.0,33.1,27,0.0,5.9
Hubballi,15.3478,75.1338,2026-03-17 13:00:00,44.9,36.1,250.0,1.3,3.7,172.0,34.0,25,0.0,6.3
Hubballi,15.3478,75.1338,2026-03-17 14:00:00,44.1,35.6,250.0,1.7,3.5,172.0,33.3,27,0.2,6.9
Hubballi,15.3478,75.1338,2026-03-17 15:00:00,43.1,34.8,244.0,1.8,3.3,169.0,30.5,30,0.0,11.2
Hubballi,15.3478,75.1338,2026-03-17 16:00:00,41.7,33.9,239.0,2.1,3.0,163.0,24.6,50,0.7,10.9
Hubballi,15.3478,75.1338,2026-03-17 17:00:00,27.9,23.0,256.0,3.8,2.9,145.0,21.9,77,0.0,23.7
Hubballi,15.3478,75.1338,2026-03-17 18:00:00,28.9,23.1,321.0,5.3,3.0,139.0,22.5,75,0.4,13.7
Hubballi,15.3478,75.1338,2026-03-17 19:00:00,31.2,25.8,408.0,7.4,3.1,131.0,22.1,78,0.4,11.7
Hubballi,15.3478,75.1338,2026-03-17 20:00:00,36.6,31.1,464.0,9.8,3.3,121.0,22.3,71,0.0,8.7
Hubballi,15.3478,75.1338,2026-03-17 21:00:00,36.9,32.6,460.0,12.3,3.5,109.0,22.2,67,0.0,6.7
Hubballi,15.3478,75.1338,2026-03-17 22:00:00,38.2,34.3,425.0,15.1,3.6,96.0,22.1,67,0.0,2.3
Hubballi,15.3478,75.1338,2026-03-17 23:00:00,39.5,35.6,394.0,18.0,3.8,85.0,22.0,67,0.0,2.9
Hubballi,15.3478,75.1338,2026-03-18 00:00:00,40.5,36.4,379.0,21.3,4.0,79.0,20.8,75,0.0,5.5
Hubballi,15.3478,75.1338,2026-03-18 01:00:00,44.6,40.2,368.0,24.8,4.3,75.0,20.1,80,0.0,4.0
Hubballi,15.3478,75.1338,2026-03-18 02:00:00,48.8,44.0,361.0,27.6,4.5,71.0,19.7,84,0.0,6.3
Hubballi,15.3478,75.1338,2026-03-18 03:00:00,52.6,47.6,358.0,30.0,4.5,61.0,19.5,78,0.0,5.4
Hubballi,15.3478,75.1338,2026-03-18 04:00:00,55.2,50.1,359.0,31.7,4.4,51.0,18.9,80,0.0,2.2
Hubballi,15.3478,75.1338,2026-03-18 05:00:00,50.1,45.6,360.0,19.4,4.4,81.0,19.2,86,0.0,6.9
Hubballi,15.3478,75.1338,2026-03-18 06:00:00,49.4,44.9,365.0,18.1,5.6,90.0,19.1,84,0.0,4.4
Hubballi,15.3478,75.1338,2026-03-18 07:00:00,48.9,45.1,370.0,16.1,7.2,102.0,20.5,75,0.0,5.2
Hubballi,15.3478,75.1338,2026-03-18 08:00:00,41.8,38.0,364.0,13.6,8.5,116.0,24.0,56,0.0,5.7
Hubballi,15.3478,75.1338,2026-03-18 09:00:00,34.8,31.7,334.0,9.9,9.2,132.0,27.1,40,0.0,10.1
Hubballi,15.3478,75.1338,2026-03-18 10:00:00,29.0,26.3,293.0,5.6,9.6,150.0,29.6,33,0.0,10.8
Hubballi,15.3478,75.1338,2026-03-18 11:00:00,33.6,29.7,262.0,2.5,9.4,163.0,30.9,31,0.0,10.4
Hubballi,15.3478,75.1338,2026-03-18 12:00:00,39.6,34.7,253.0,1.4,8.3,170.0,31.6,29,0.0,9.0
Hubballi,15.3478,75.1338,2026-03-18 13:00:00,43.7,38.1,255.0,1.4,6.7,172.0,32.2,28,0.0,7.8
Hubballi,15.3478,75.1338,2026-03-18 14:00:00,45.3,39.2,260.0,1.8,5.4,173.0,32.6,27,0.0,6.3
Hubballi,15.3478,75.1338,2026-03-18 15:00:00,46.4,39.9,263.0,1.7,4.8,173.0,32.4,27,0.0,4.2
Hubballi,15.3478,75.1338,2026-03-18 16:00:00,46.7,40.0,269.0,1.9,4.5,172.0,31.1,28,0.0,6.3
Hubballi,15.3478,75.1338,2026-03-18 17:00:00,25.1,22.8,287.0,3.6,4.8,174.0,32.0,23,0.0,8.7
Hubballi,15.3478,75.1338,2026-03-18 18:00:00,26.7,25.2,328.0,9.2,5.0,153.0,28.8,30,0.0,11.8
Hubballi,15.3478,75.1338,2026-03-18 19:00:00,29.3,27.9,380.0,16.9,5.2,125.0,27.6,33,0.0,11.2
Hubballi,15.3478,75.1338,2026-03-18 20:00:00,33.8,32.4,415.0,22.1,5.4,103.0,26.7,39,0.0,14.6
Hubballi,15.3478,75.1338,2026-03-18 21:00:00,33.2,31.8,420.0,22.3,5.6,96.0,25.1,48,0.0,8.8
Hubballi,15.3478,75.1338,2026-03-18 22:00:00,34.6,33.2,408.0,20.0,5.8,96.0,23.9,60,0.0,10.4
Hubballi,15.3478,75.1338,2026-03-18 23:00:00,36.4,34.8,395.0,18.2,5.7,94.0,23.6,67,0.0,10.5
Hubballi,15.3478,75.1338,2026-03-19 00:00:00,37.1,35.0,384.0,18.0,5.2,85.0,23.0,75,0.0,11.1
Hubballi,15.3478,75.1338,2026-03-19 01:00:00,37.7,34.7,372.0,18.3,4.5,74.0,22.2,82,0.0,8.9
Hubballi,15.3478,75.1338,2026-03-19 02:00:00,38.4,34.3,365.0,18.8,3.9,64.0,21.5,86,0.0,5.0
Hubballi,15.3478,75.1338,2026-03-19 03:00:00,39.3,34.3,369.0,19.8,3.6,54.0,20.6,90,0.0,3.5
Hubballi,15.3478,75.1338,2026-03-19 04:00:00,40.6,35.5,377.0,20.9,3.5,46.0,20.3,91,0.0,2.3
Hubballi,15.3478,75.1338,2026-03-19 05:00:00,43.1,39.7,376.0,10.2,2.8,92.0,19.6,83,0.0,2.9
Hubballi,15.3478,75.1338,2026-03-19 06:00:00,43.0,39.8,356.0,10.6,3.1,97.0,19.6,83,0.0,2.4
Hubballi,15.3478,75.1338,2026-03-19 07:00:00,44.2,41.0,327.0,11.1,3.6,105.0,21.2,73,0.0,6.6
Hubballi,15.3478,75.1338,2026-03-19 08:00:00,39.2,35.3,301.0,10.5,3.8,116.0,24.5,53,0.0,3.6
Hubballi,15.3478,75.1338,2026-03-19 09:00:00,35.0,30.4,281.0,7.9,3.5,135.0,27.0,43,0.0,6.0
Hubballi,15.3478,75.1338,2026-03-19 10:00:00,32.0,27.2,264.0,4.4,3.1,158.0,29.1,36,0.0,6.5
Hubballi,15.3478,75.1338,2026-03-19 11:00:00,31.1,25.4,252.0,1.8,2.6,174.0,30.0,35,0.0,4.5
Hubballi,15.3478,75.1338,2026-03-19 12:00:00,31.7,24.6,246.0,1.0,2.3,178.0,31.3,31,0.0,4.4
Hubballi,15.3478,75.1338,2026-03-19 13:00:00,31.5,23.3,244.0,1.2,2.0,174.0,32.2,29,0.0,4.1
Hubballi,15.3478,75.1338,2026-03-19 14:00:00,31.0,22.0,242.0,1.7,1.8,168.0,32.3,27,0.0,5.4
Hubballi,15.3478,75.1338,2026-03-19 15:00:00,31.4,21.5,240.0,2.2,1.6,160.0,32.5,27,0.0,7.3
Hubballi,15.3478,75.1338,2026-03-19 16:00:00,32.0,22.3,238.0,3.1,1.5,149.0,30.0,30,0.0,14.6
Hubballi,15.3478,75.1338,2026-03-19 17:00:00,21.4,14.6,236.0,3.7,1.3,137.0,23.2,58,0.0,3.4
Hubballi,15.3478,75.1338,2026-03-19 18:00:00,23.5,16.5,234.0,6.9,1.6,124.0,24.9,51,0.0,6.3
Hubballi,15.3478,75.1338,2026-03-19 19:00:00,24.1,18.4,232.0,11.5,2.1,105.0,24.6,53,0.0,5.4
Hubballi,15.3478,75.1338,2026-03-19 20:00:00,26.4,20.7,233.0,15.2,2.6,89.0,24.2,56,0.0,5.5
Hubballi,15.3478,75.1338,2026-03-19 21:00:00,28.3,22.5,239.0,17.5,3.0,79.0,23.7,59,0.0,6.9
Hubballi,15.3478,75.1338,2026-03-19 22:00:00,29.5,23.6,247.0,19.1,3.3,71.0,23.3,60,0.0,10.5
Hubballi,15.3478,75.1338,2026-03-19 23:00:00,29.3,23.3,254.0,19.8,3.6,65.0,22.7,70,0.0,12.1
Hubballi,15.3478,75.1338,2026-03-20 00:00:00,27.5,21.8,257.0,19.2,3.7,61.0,22.1,77,0.0,10.5
Hubballi,15.3478,75.1338,2026-03-20 01:00:00,26.5,20.9,258.0,17.7,3.7,59.0,21.7,77,0.0,10.8
Hubballi,15.3478,75.1338,2026-03-20 02:00:00,27.0,21.3,263.0,16.8,3.8,56.0,21.1,79,0.0,8.7
Hubballi,15.3478,75.1338,2026-03-20 03:00:00,27.6,22.2,276.0,17.3,3.9,49.0,20.6,79,0.0,9.6
Hubballi,15.3478,75.1338,2026-03-20 04:00:00,27.2,22.5,292.0,18.2,4.0,42.0,20.5,75,0.0,10.2
Hubballi,15.3478,75.1338,2026-03-20 05:00:00,30.4,25.5,299.0,17.7,4.0,48.0,20.5,71,0.0,8.4
Hubballi,15.3478,75.1338,2026-03-20 06:00:00,31.8,26.7,289.0,16.8,4.4,56.0,20.4,68,0.0,9.2
Hubballi,15.3478,75.1338,2026-03-20 07:00:00,33.5,28.8,271.0,15.4,5.0,68.0,21.4,65,0.0,10.6
Hubballi,15.3478,75.1338,2026-03-20 08:00:00,30.9,24.7,258.0,13.3,5.2,84.0,23.7,55,0.0,14.8
Hubballi,15.3478,75.1338,2026-03-20 09:00:00,25.5,20.1,259.0,9.6,4.6,107.0,26.2,43,0.0,15.0
Hubballi,15.3478,75.1338,2026-03-20 10:00:00,28.5,19.0,265.0,5.1,3.6,135.0,28.4,36,0.0,13.8
Hubballi,15.3478,75.1338,2026-03-20 11:00:00,29.4,17.8,268.0,1.9,2.9,156.0,29.1,36,0.0,9.4
Hubballi,15.3478,75.1338,2026-03-20 12:00:00,29.5,17.2,264.0,1.0,2.7,166.0,30.6,32,0.0,6.0
Hubballi,15.3478,75.1338,2026-03-20 13:00:00,30.0,17.0,257.0,1.3,2.7,170.0,31.6,30,0.0,2.3
Hubballi,15.3478,75.1338,2026-03-20 14:00:00,30.6,16.8,252.0,1.8,2.7,171.0,31.5,28,0.0,1.7
Hubballi,15.3478,75.1338,2026-03-20 15:00:00,30.5,16.6,249.0,0.8,2.4,174.0,31.7,28,0.0,3.8
Hubballi,15.3478,75.1338,2026-03-20 16:00:00,31.0,16.6,248.0,0.0,2.1,174.0,31.8,27,0.0,5.5
Hubballi,15.3478,75.1338,2026-03-20 17:00:00,16.0,7.9,250.0,3.1,2.0,161.0,31.2,24,0.0,8.6
Hubballi,15.3478,75.1338,2026-03-20 18:00:00,19.7,11.8,260.0,19.3,3.3,133.0,29.5,28,0.0,7.5
Hubballi,15.3478,75.1338,2026-03-20 19:00:00,31.0,22.5,274.0,40.9,5.0,95.0,28.1,31,0.0,7.5
Hubballi,15.3478,75.1338,2026-03-20 20:00:00,40.6,31.5,282.0,52.7,6.0,67.0,26.6,35,0.0,5.3
Hubballi,15.3478,75.1338,2026-03-20 21:00:00,36.4,29.6,279.0,44.8,5.4,58.0,24.7,51,0.0,14.4
Hubballi,15.3478,75.1338,2026-03-20 22:00:00,23.8,20.2,270.0,26.9,4.1,59.0,23.4,63,0.0,12.0
Hubballi,15.3478,75.1338,2026-03-20 23:00:00,20.7,17.5,266.0,13.2,3.1,59.0,22.7,68,0.0,14.6
Hubballi,15.3478,75.1338,2026-03-21 00:00:00,19.6,16.4,271.0,9.3,2.9,56.0,22.5,70,0.0,14.1
Hubballi,15.3478,75.1338,2026-03-21 01:00:00,20.0,16.3,281.0,9.5,2.9,52.0,22.0,71,0.0,10.3
Hubballi,15.3478,75.1338,2026-03-21 02:00:00,21.3,16.9,292.0,10.6,3.1,48.0,21.1,75,0.0,4.7
Hubballi,15.3478,75.1338,2026-03-21 03:00:00,22.9,17.7,307.0,12.1,3.2,43.0,20.5,78,0.0,1.6
Hubballi,15.3478,75.1338,2026-03-21 04:00:00,24.9,19.0,324.0,14.6,3.4,37.0,20.0,79,0.0,2.5
Hubballi,15.3478,75.1338,2026-03-21 05:00:00,24.3,19.0,335.0,15.0,3.9,40.0,19.9,82,0.0,4.0
Hubballi,15.3478,75.1338,2026-03-21 06:00:00,23.9,19.7,341.0,14.6,4.3,48.0,19.9,79,0.0,6.0
Hubballi,15.3478,75.1338,2026-03-21 07:00:00,24.3,21.6,342.0,13.9,4.8,60.0,21.5,70,0.0,10.1
Hubballi,15.3478,75.1338,2026-03-21 08:00:00,21.6,19.0,330.0,12.4,5.0,76.0,24.6,55,0.0,11.2
Hubballi,15.3478,75.1338,2026-03-21 09:00:00,21.0,16.5,295.0,9.1,4.8,101.0,27.8,41,0.0,14.5
Hubballi,15.3478,75.1338,2026-03-21 10:00:00,22.1,14.6,248.0,5.0,4.3,130.0,30.2,30,0.0,16.0
Hubballi,15.3478,75.1338,2026-03-21 11:00:00,21.5,13.3,214.0,2.0,3.8,152.0,31.5,28,0.0,12.0
Hubballi,15.3478,75.1338,2026-03-21 12:00:00,21.0,12.5,208.0,1.0,3.5,160.0,32.7,25,0.0,6.1
Hubballi,15.3478,75.1338,2026-03-21 13:00:00,21.1,12.2,216.0,1.2,3.2,161.0,33.9,21,0.0,2.0
Hubballi,15.3478,75.1338,2026-03-21 14:00:00,21.0,11.9,223.0,1.6,3.0,161.0,34.6,19,0.0,1.7
Hubballi,15.3478,75.1338,2026-03-21 15:00:00,21.0,11.8,222.0,1.0,2.7,164.0,34.8,19,0.0,5.7
Hubballi,15.3478,75.1338,2026-03-21 16:00:00,21.3,12.0,220.0,0.7,2.5,165.0,34.2,19,0.0,13.2
Hubballi,15.3478,75.1338,2026-03-21 17:00:00,20.2,11.7,220.0,3.1,2.4,155.0,33.4,20,0.0,5.3
Hubballi,15.3478,75.1338,2026-03-21 18:00:00,24.3,15.9,223.0,11.8,3.2,134.0,31.3,22,0.0,6.5
Hubballi,15.3478,75.1338,2026-03-21 19:00:00,33.1,25.1,227.0,23.5,4.3,106.0,29.3,26,0.0,1.1
Hubballi,15.3478,75.1338,2026-03-21 20:00:00,31.3,25.4,234.0,29.6,5.0,87.0,27.9,31,0.0,15.8
Hubballi,15.3478,75.1338,2026-03-21 21:00:00,22.9,19.7,243.0,24.6,5.1,87.0,25.5,49,0.0,18.6
Hubballi,15.3478,75.1338,2026-03-21 22:00:00,20.8,17.6,255.0,14.1,4.9,97.0,24.3,54,0.0,11.9
Hubballi,15.3478,75.1338,2026-03-21 23:00:00,21.7,17.5,268.0,6.6,4.7,103.0,23.3,60,0.0,9.8
Hubballi,15.3478,75.1338,2026-03-22 00:00:00,23.1,18.0,285.0,5.8,4.7,99.0,23.0,62,0.0,7.7
Hubballi,15.3478,75.1338,2026-03-22 01:00:00,24.9,18.7,304.0,7.9,4.8,90.0,22.4,64,0.0,6.5
Hubballi,15.3478,75.1338,2026-03-22 02:00:00,27.5,19.7,316.0,10.5,4.9,82.0,22.0,65,0.0,6.4
Hubballi,15.3478,75.1338,2026-03-22 03:00:00,31.5,21.8,317.0,13.2,5.0,74.0,21.8,63,0.0,6.9
Hubballi,15.3478,75.1338,2026-03-22 04:00:00,36.8,25.4,313.0,16.3,5.2,66.0,21.9,58,0.0,11.5
Hubballi,15.3478,75.1338,2026-03-22 05:00:00,27.5,18.4,307.0,10.7,5.1,77.0,22.5,54,0.0,12.1
Hubballi,15.3478,75.1338,2026-03-22 06:00:00,27.3,18.5,304.0,11.5,5.5,80.0,22.8,47,0.0,12.4
Hubballi,15.3478,75.1338,2026-03-22 07:00:00,28.3,19.7,300.0,12.5,6.2,84.0,24.3,40,0.0,13.3
Hubballi,15.3478,75.1338,2026-03-22 08:00:00,29.8,20.1,292.0,12.2,6.7,95.0,27.3,32,0.0,12.3
Hubballi,15.3478,75.1338,2026-03-22 09:00:00,31.7,20.0,275.0,9.5,7.1,118.0,29.9,29,0.0,13.4
Hubballi,15.3478,75.1338,2026-03-22 10:00:00,32.6,21.3,253.0,5.5,7.4,148.0,31.9,25,0.0,11.6
Hubballi,15.3478,75.1338,2026-03-22 11:00:00,30.9,20.8,236.0,2.5,7.4,170.0,32.6,25,0.0,8.3
Hubballi,15.3478,75.1338,2026-03-22 12:00:00,27.4,18.3,229.0,1.5,6.7,179.0,33.7,22,0.0,5.8
Hubballi,15.3478,75.1338,2026-03-22 13:00:00,26.3,17.4,227.0,1.6,5.7,181.0,34.4,21,0.0,5.4
Hubballi,15.3478,75.1338,2026-03-22 14:00:00,26.5,17.4,229.0,1.9,4.9,181.0,35.1,19,0.0,9.5
Hubballi,15.3478,75.1338,2026-03-22 15:00:00,26.8,17.3,235.0,1.0,4.4,183.0,34.7,20,0.0,10.9
Hubballi,15.3478,75.1338,2026-03-22 16:00:00,27.1,17.2,244.0,0.3,4.2,183.0,34.3,19,0.0,11.5
Hubballi,15.3478,75.1338,2026-03-22 17:00:00,30.0,18.9,250.0,3.3,4.3,167.0,34.0,19,0.0,7.5
Hubballi,15.3478,75.1338,2026-03-22 18:00:00,32.9,23.0,247.0,17.7,5.3,138.0,32.8,21,0.0,5.6
Hubballi,15.3478,75.1338,2026-03-22 19:00:00,41.0,31.1,240.0,37.0,6.7,97.0,29.4,36,0.0,21.3
Hubballi,15.3478,75.1338,2026-03-22 20:00:00,45.8,36.9,238.0,47.2,7.4,69.0,27.1,53,0.0,16.2
Hubballi,15.3478,75.1338,2026-03-22 21:00:00,35.0,29.7,247.0,39.2,6.6,66.0,25.8,60,0.0,15.8
Hubballi,15.3478,75.1338,2026-03-22 22:00:00,24.4,20.6,261.0,22.0,5.2,75.0,25.2,65,0.0,13.1
Hubballi,15.3478,75.1338,2026-03-22 23:00:00,20.5,16.6,272.0,9.3,4.1,81.0,24.9,66,0.0,12.8
Hubballi,15.3478,75.1338,2026-03-23 00:00:00,19.3,15.0,272.0,6.8,3.9,79.0,24.3,70,0.0,10.3
Hubballi,15.3478,75.1338,2026-03-23 01:00:00,20.9,15.8,269.0,8.7,4.1,75.0,23.9,70,0.0,8.5
Hubballi,15.3478,75.1338,2026-03-23 02:00:00,22.9,17.3,274.0,11.2,4.4,70.0,23.5,71,0.0,9.9
Hubballi,15.3478,75.1338,2026-03-23 03:00:00,24.8,19.0,295.0,13.6,4.6,63.0,23.4,69,0.0,9.8
Hubballi,15.3478,75.1338,2026-03-23 04:00:00,27.1,20.9,325.0,16.6,5.0,55.0,23.3,63,0.0,10.4
Hubballi,15.3478,75.1338,2026-03-23 05:00:00,33.2,28.7,347.0,29.4,6.2,36.0,23.6,60,0.0,10.5
Hubballi,15.3478,75.1338,2026-03-23 06:00:00,36.8,32.2,358.0,27.1,6.9,49.0,23.4,57,0.0,9.9
Hubballi,15.3478,75.1338,2026-03-23 07:00:00,39.8,35.6,362.0,23.8,7.8,68.0,24.4,54,0.0,10.4
Hubballi,15.3478,75.1338,2026-03-23 08:00:00,32.9,28.6,357.0,19.6,8.3,91.0,27.2,44,0.0,10.5
Hubballi,15.3478,75.1338,2026-03-23 09:00:00,35.6,28.4,336.0,13.8,7.9,121.0,29.8,37,0.0,11.5
Hubballi,15.3478,75.1338,2026-03-23 10:00:00,48.8,34.3,305.0,7.2,7.0,154.0,32.1,32,0.0,11.4
Hubballi,15.3478,75.1338,2026-03-23 11:00:00,49.4,34.7,280.0,2.4,6.1,177.0,33.3,30,0.0,9.9
Hubballi,15.3478,75.1338,2026-03-23 12:00:00,48.5,33.9,269.0,0.9,5.3,183.0,34.6,27,0.0,8.3
Hubballi,15.3478,75.1338,2026-03-23 13:00:00,47.1,32.8,264.0,1.3,4.5,179.0,35.5,25,0.0,8.9
Hubballi,15.3478,75.1338,2026-03-23 14:00:00,45.8,31.8,261.0,1.9,3.9,174.0,35.9,23,0.0,9.7
Hubballi,15.3478,75.1338,2026-03-23 15:00:00,44.7,30.7,257.0,2.1,3.5,172.0,35.3,24,0.0,8.2
Hubballi,15.3478,75.1338,2026-03-23 16:00:00,44.6,30.0,255.0,2.6,3.3,170.0,35.0,24,0.0,7.3
Hubballi,15.3478,75.1338,2026-03-23 17:00:00,46.8,31.4,258.0,3.7,3.2,157.0,34.1,25,0.0,3.1
Hubballi,15.3478,75.1338,2026-03-23 18:00:00,50.2,35.2,269.0,10.0,3.9,140.0,32.0,32,0.0,16.2
Hubballi,15.3478,75.1338,2026-03-23 19:00:00,54.5,41.3,284.0,18.5,4.9,115.0,27.4,60,0.0,18.3
Hubballi,15.3478,75.1338,2026-03-23 20:00:00,58.3,45.8,296.0,23.2,5.6,98.0,27.3,67,0.0,17.2
Hubballi,15.3478,75.1338,2026-03-23 21:00:00,41.7,36.4,303.0,20.3,5.8,94.0,26.0,75,0.0,12.3
Hubballi,15.3478,75.1338,2026-03-23 22:00:00,35.4,31.9,308.0,13.6,5.6,97.0,25.0,79,0.0,11.2
Hubballi,15.3478,75.1338,2026-03-23 23:00:00,33.8,30.0,309.0,8.7,5.5,98.0,24.5,82,0.0,10.0
Hubballi,15.3478,75.1338,2026-03-24 00:00:00,33.5,29.3,302.0,8.0,5.4,92.0,23.8,86,0.0,9.6
Hubballi,15.3478,75.1338,2026-03-24 01:00:00,34.0,29.3,292.0,9.1,5.4,84.0,23.4,88,0.0,9.9
Hubballi,15.3478,75.1338,2026-03-24 02:00:00,35.2,30.2,292.0,10.8,5.4,77.0,23.2,89,0.0,8.1
Hubballi,15.3478,75.1338,2026-03-24 03:00:00,36.9,31.4,316.0,13.2,5.5,70.0,23.1,87,0.0,5.1
Hubballi,15.3478,75.1338,2026-03-24 04:00:00,39.9,34.1,352.0,16.0,5.8,63.0,23.1,86,0.0,5.1
Hubballi,15.3478,75.1338,2026-03-24 05:00:00,43.4,37.0,373.0,17.6,5.5,66.0,22.9,93,0.0,7.8
Hubballi,15.3478,75.1338,2026-03-24 06:00:00,46.6,39.9,368.0,15.8,6.1,78.0,23.1,88,0.0,6.2
Hubballi,15.3478,75.1338,2026-03-24 07:00:00,45.3,38.1,350.0,13.2,6.8,95.0,24.3,77,0.0,7.7
Hubballi,15.3478,75.1338,2026-03-24 08:00:00,43.1,33.3,329.0,10.5,7.3,113.0,27.5,56,0.0,6.6
Hubballi,15.3478,75.1338,2026-03-24 09:00:00,45.1,34.0,307.0,7.5,7.4,132.0,30.4,40,0.0,3.0
Hubballi,15.3478,75.1338,2026-03-24 10:00:00,47.0,34.9,283.0,4.3,7.2,151.0,32.2,35,0.0,3.3
Hubballi,15.3478,75.1338,2026-03-24 11:00:00,45.1,32.5,267.0,2.1,6.8,165.0,32.3,36,0.0,6.6
Hubballi,15.3478,75.1338,2026-03-24 12:00:00,44.7,32.1,264.0,1.3,6.2,172.0,33.9,33,0.0,4.7
Hubballi,15.3478,75.1338,2026-03-24 13:00:00,44.4,31.9,268.0,1.3,5.5,173.0,32.9,34,0.0,8.3
Hubballi,15.3478,75.1338,2026-03-24 14:00:00,44.9,32.4,271.0,1.8,4.8,171.0,26.4,54,1.6,6.9
Hubballi,15.3478,75.1338,2026-03-24 15:00:00,44.2,31.8,266.0,2.2,4.2,166.0,28.9,49,1.0,8.8
Hubballi,15.3478,75.1338,2026-03-24 16:00:00,45.2,33.1,260.0,2.9,3.7,157.0,29.5,45,0.4,3.6
Hubballi,15.3478,75.1338,2026-03-24 17:00:00,43.0,36.1,271.0,5.5,3.1,139.0,26.0,63,0.0,13.9
Hubballi,15.3478,75.1338,2026-03-24 18:00:00,43.7,35.6,312.0,8.2,3.4,127.0,25.8,65,0.0,7.8
Hubballi,15.3478,75.1338,2026-03-24 19:00:00,44.6,35.9,370.0,12.3,3.8,109.0,25.6,69,0.1,2.3
Hubballi,15.3478,75.1338,2026-03-24 20:00:00,48.0,39.5,417.0,17.7,4.4,92.0,23.0,77,0.0,16.9
Hubballi,15.3478,75.1338,2026-03-24 21:00:00,53.2,44.5,445.0,25.6,5.3,76.0,23.5,75,0.0,7.4
Hubballi,15.3478,75.1338,2026-03-24 22:00:00,59.6,51.0,463.0,34.9,6.4,59.0,23.4,76,0.0,6.1
Hubballi,15.3478,75.1338,2026-03-24 23:00:00,63.1,54.6,467.0,42.0,7.0,46.0,22.5,82,0.0,7.0
Hubballi,15.3478,75.1338,2026-03-25 00:00:00,65.2,56.5,444.0,45.0,6.9,38.0,22.1,85,0.0,6.9
Hubballi,15.3478,75.1338,2026-03-25 01:00:00,66.8,58.1,408.0,45.7,6.3,33.0,22.0,86,0.0,6.7
Hubballi,15.3478,75.1338,2026-03-25 02:00:00,67.3,58.7,399.0,46.4,5.9,29.0,22.2,85,0.0,8.4
Hubballi,15.3478,75.1338,2026-03-25 03:00:00,68.2,59.6,450.0,49.0,5.7,20.0,22.4,84,0.0,10.8
Hubballi,15.3478,75.1338,2026-03-25 04:00:00,70.5,61.7,528.0,51.6,5.6,11.0,22.2,84,0.0,6.1
Hubballi,15.3478,75.1338,2026-03-25 05:00:00,44.4,38.3,577.0,9.3,3.1,89.0,22.0,87,0.0,3.4
Hubballi,15.3478,75.1338,2026-03-25 06:00:00,46.1,39.7,573.0,10.0,3.4,94.0,22.0,87,0.0,2.4
Hubballi,15.3478,75.1338,2026-03-25 07:00:00,47.8,41.3,541.0,10.9,3.9,102.0,23.4,80,0.0,4.6
Hubballi,15.3478,75.1338,2026-03-25 08:00:00,47.7,39.5,495.0,10.6,4.2,112.0,26.4,66,0.0,3.6
Hubballi,15.3478,75.1338,2026-03-25 09:00:00,49.7,39.9,430.0,8.1,4.2,127.0,29.5,49,0.0,2.1
Hubballi,15.3478,75.1338,2026-03-25 10:00:00,46.3,35.5,351.0,4.5,4.1,145.0,31.5,41,0.0,4.6
Hubballi,15.3478,75.1338,2026-03-25 11:00:00,43.2,32.6,293.0,1.8,3.9,158.0,31.6,40,0.0,4.6
Hubballi,15.3478,75.1338,2026-03-25 12:00:00,40.6,30.7,271.0,1.1,3.7,163.0,33.2,37,0.0,3.6
Hubballi,15.3478,75.1338,2026-03-25 13:00:00,40.7,30.7,270.0,1.3,3.3,164.0,34.3,33,0.0,3.5
Hubballi,15.3478,75.1338,2026-03-25 14:00:00,42.1,32.1,273.0,1.7,3.1,164.0,34.7,30,0.0,4.4
Hubballi,15.3478,75.1338,2026-03-25 15:00:00,41.2,31.7,273.0,1.5,2.9,166.0,32.0,37,0.5,13.8
Hubballi,15.3478,75.1338,2026-03-25 16:00:00,40.7,31.4,277.0,1.6,2.8,166.0,24.8,68,4.8,11.2
Hubballi,15.3478,75.1338,2026-03-25 17:00:00,52.2,41.1,293.0,3.4,3.0,152.0,25.5,67,0.1,17.0
Hubballi,15.3478,75.1338,2026-03-25 18:00:00,52.0,42.3,331.0,16.4,4.2,129.0,25.5,64,0.0,15.7
Hubballi,15.3478,75.1338,2026-03-25 19:00:00,60.5,50.9,381.0,34.2,5.8,98.0,25.3,64,0.0,2.2
Hubballi,15.3478,75.1338,2026-03-25 20:00:00,68.0,58.6,414.0,47.3,6.9,71.0,24.8,68,0.0,1.9
Hubballi,15.3478,75.1338,2026-03-25 21:00:00,73.3,64.5,416.0,51.5,7.2,54.0,24.0,74,0.0,1.1
Hubballi,15.3478,75.1338,2026-03-25 22:00:00,73.1,64.7,401.0,51.0,7.0,43.0,23.7,76,0.0,5.3
Hubballi,15.3478,75.1338,2026-03-25 23:00:00,68.9,61.5,386.0,48.6,6.6,36.0,23.9,70,0.0,7.6
Hubballi,15.3478,75.1338,2026-03-26 00:00:00,65.4,58.7,374.0,44.5,6.0,34.0,23.7,68,0.0,6.9
Hubballi,15.3478,75.1338,2026-03-26 01:00:00,62.9,56.6,363.0,38.6,5.3,37.0,23.4,68,0.0,8.7
Hubballi,15.3478,75.1338,2026-03-26 02:00:00,61.0,54.8,361.0,33.4,4.7,40.0,23.2,69,0.0,16.6
Hubballi,15.3478,75.1338,2026-03-26 03:00:00,59.1,53.2,377.0,30.0,4.4,41.0,23.2,68,0.0,13.5
Hubballi,15.3478,75.1338,2026-03-26 04:00:00,57.2,51.5,402.0,27.4,4.4,42.0,22.9,69,0.0,11.4
Hubballi,15.3478,75.1338,2026-03-26 05:00:00,38.9,36.3,419.0,10.8,4.0,91.0,22.7,74,0.0,9.0
Hubballi,15.3478,75.1338,2026-03-26 06:00:00,36.6,34.0,423.0,10.9,4.7,94.0,22.3,78,0.0,8.4
Hubballi,15.3478,75.1338,2026-03-26 07:00:00,35.4,33.1,418.0,10.9,5.6,99.0,23.7,73,0.0,8.8
Hubballi,15.3478,75.1338,2026-03-26 08:00:00,35.9,32.4,399.0,10.1,6.4,109.0,27.0,59,0.0,7.9
Hubballi,15.3478,75.1338,2026-03-26 09:00:00,34.3,29.8,356.0,7.8,7.1,129.0,30.2,42,0.0,12.4
Hubballi,15.3478,75.1338,2026-03-26 10:00:00,30.5,25.7,300.0,4.8,7.7,153.0,32.3,34,0.0,10.5
Hubballi,15.3478,75.1338,2026-03-26 11:00:00,30.0,24.5,257.0,2.5,7.8,170.0,33.1,31,0.0,11.2
Hubballi,15.3478,75.1338,2026-03-26 12:00:00,30.0,23.9,239.0,1.6,7.0,173.0,34.5,27,0.0,12.6
Hubballi,15.3478,75.1338,2026-03-26 13:00:00,29.5,23.1,235.0,1.5,5.7,169.0,34.9,24,0.0,14.9
Hubballi,15.3478,75.1338,2026-03-26 14:00:00,28.6,22.4,235.0,1.7,4.8,165.0,35.5,23,0.0,15.7
Hubballi,15.3478,75.1338,2026-03-26 15:00:00,28.3,22.2,236.0,1.7,4.7,166.0,35.7,23,0.0,13.8
Hubballi,15.3478,75.1338,2026-03-26 16:00:00,28.4,22.5,241.0,2.0,5.0,166.0,35.4,23,0.0,12.1
Hubballi,15.3478,75.1338,2026-03-26 17:00:00,27.0,22.4,256.0,4.0,5.7,160.0,34.4,21,0.0,16.4
Hubballi,15.3478,75.1338,2026-03-26 18:00:00,27.9,24.2,289.0,8.4,5.8,142.0,32.7,24,0.0,16.3
Hubballi,15.3478,75.1338,2026-03-26 19:00:00,30.2,26.9,330.0,14.5,5.9,117.0,31.0,27,0.0,14.6
Hubballi,15.3478,75.1338,2026-03-26 20:00:00,29.8,27.1,357.0,18.3,6.0,99.0,29.3,31,0.0,5.7
Hubballi,15.3478,75.1338,2026-03-26 21:00:00,28.8,26.2,356.0,17.8,6.0,95.0,28.8,33,0.0,6.3
Hubballi,15.3478,75.1338,2026-03-26 22:00:00,28.2,25.6,340.0,15.2,5.9,97.0,27.9,36,0.0,5.6
Hubballi,15.3478,75.1338,2026-03-26 23:00:00,27.9,25.1,328.0,13.0,5.8,99.0,27.2,38,0.0,7.0
Hubballi,15.3478,75.1338,2026-03-27 00:00:00,27.6,24.6,325.0,12.4,5.7,98.0,26.7,40,0.0,10.7
Hubballi,15.3478,75.1338,2026-03-27 01:00:00,27.8,24.7,327.0,12.2,5.7,97.0,25.8,42,0.0,11.0
Hubballi,15.3478,75.1338,2026-03-27 02:00:00,28.4,25.1,334.0,12.3,5.8,94.0,24.7,45,0.0,6.0
Hubballi,15.3478,75.1338,2026-03-27 03:00:00,28.9,25.6,351.0,12.5,6.3,89.0,24.2,47,0.0,5.6
Hubballi,15.3478,75.1338,2026-03-27 04:00:00,28.9,25.8,375.0,13.0,6.9,83.0,23.5,50,0.0,5.1
Hubballi,15.3478,75.1338,2026-03-27 05:00:00,32.9,28.9,396.0,21.8,6.1,55.0,23.0,54,0.0,5.8
Hubballi,15.3478,75.1338,2026-03-27 06:00:00,31.2,28.0,418.0,20.7,6.6,59.0,22.4,58,0.0,4.5
Hubballi,15.3478,75.1338,2026-03-27 07:00:00,31.9,29.3,438.0,19.1,7.1,67.0,24.4,53,0.0,5.1
Hubballi,15.3478,75.1338,2026-03-27 08:00:00,30.2,27.7,436.0,16.5,7.3,81.0,28.0,40,0.0,4.6
Hubballi,15.3478,75.1338,2026-03-27 09:00:00,28.2,25.6,394.0,12.1,6.6,109.0,31.2,30,0.0,8.6
Hubballi,15.3478,75.1338,2026-03-27 10:00:00,24.0,21.1,330.0,6.7,5.5,145.0,33.2,27,0.0,9.9
Hubballi,15.3478,75.1338,2026-03-27 11:00:00,23.2,19.5,280.0,2.8,4.6,171.0,34.1,25,0.0,7.2
Hubballi,15.3478,75.1338,2026-03-27 12:00:00,24.4,19.8,257.0,1.4,4.2,179.0,35.2,23,0.0,7.4
Hubballi,15.3478,75.1338,2026-03-27 13:00:00,25.6,20.4,248.0,1.5,4.0,178.0,36.1,22,0.0,9.4
Hubballi,15.3478,75.1338,2026-03-27 14:00:00,27.0,21.2,246.0,1.8,3.9,176.0,36.3,22,0.0,7.5
Hubballi,15.3478,75.1338,2026-03-27 15:00:00,27.8,21.8,249.0,1.8,3.8,177.0,36.0,22,0.0,8.0
Hubballi,15.3478,75.1338,2026-03-27 16:00:00,28.4,22.4,259.0,2.0,3.7,178.0,35.3,22,0.0,11.7
Hubballi,15.3478,75.1338,2026-03-27 17:00:00,33.6,26.5,273.0,3.2,3.4,163.0,34.8,20,0.0,6.6
Hubballi,15.3478,75.1338,2026-03-27 18:00:00,33.8,28.9,295.0,4.9,3.7,149.0,32.9,25,0.0,8.8
Hubballi,15.3478,75.1338,2026-03-27 19:00:00,34.1,31.0,321.0,7.3,4.0,130.0,29.7,44,0.0,20.2
Hubballi,15.3478,75.1338,2026-03-27 20:00:00,34.9,32.2,341.0,9.2,4.4,114.0,28.6,50,0.0,16.5
Hubballi,15.3478,75.1338,2026-03-27 21:00:00,35.5,32.8,348.0,10.1,4.7,105.0,27.0,60,0.0,12.9
Hubballi,15.3478,75.1338,2026-03-27 22:00:00,35.7,33.1,347.0,10.5,5.1,100.0,26.0,69,0.0,11.4
Hubballi,15.3478,75.1338,2026-03-27 23:00:00,36.1,33.2,346.0,11.1,5.3,94.0,25.3,73,0.0,7.3
Hubballi,15.3478,75.1338,2026-03-28 00:00:00,35.9,32.8,344.0,12.2,5.4,85.0,24.7,77,0.0,8.8
Hubballi,15.3478,75.1338,2026-03-28 01:00:00,35.9,32.8,340.0,13.4,5.4,76.0,24.6,72,0.0,12.0
Hubballi,15.3478,75.1338,2026-03-28 02:00:00,36.7,33.4,344.0,15.0,5.4,68.0,24.8,64,0.0,13.7
Hubballi,15.3478,75.1338,2026-03-28 03:00:00,38.3,34.9,362.0,17.6,5.4,59.0,24.8,59,0.0,13.7
Hubballi,15.3478,75.1338,2026-03-28 04:00:00,41.2,37.7,387.0,20.4,5.5,51.0,23.8,60,0.0,5.5
Hubballi,15.3478,75.1338,2026-03-28 05:00:00,39.8,36.3,403.0,17.9,5.5,65.0,23.1,72,0.0,5.9
Hubballi,15.3478,75.1338,2026-03-28 06:00:00,39.9,36.4,406.0,17.2,5.8,73.0,22.6,83,0.0,4.3
Hubballi,15.3478,75.1338,2026-03-28 07:00:00,41.4,38.0,400.0,16.1,6.2,86.0,24.0,81,0.0,6.6
Hubballi,15.3478,75.1338,2026-03-28 08:00:00,42.3,37.3,386.0,14.1,6.4,102.0,27.4,62,0.0,5.5
Hubballi,15.3478,75.1338,2026-03-28 09:00:00,44.4,36.8,358.0,10.4,6.3,126.0,29.3,56,0.0,4.4
Hubballi,15.3478,75.1338,2026-03-28 10:00:00,48.9,38.3,321.0,5.8,5.9,154.0,31.8,41,0.0,1.4
Hubballi,15.3478,75.1338,2026-03-28 11:00:00,54.1,41.3,291.0,2.4,5.5,173.0,32.9,31,0.0,7.8
Hubballi,15.3478,75.1338,2026-03-28 12:00:00,55.5,42.0,276.0,1.2,4.9,177.0,33.8,29,0.0,8.7
Hubballi,15.3478,75.1338,2026-03-28 13:00:00,54.5,41.1,268.0,1.2,4.1,174.0,33.5,30,0.0,7.4
Hubballi,15.3478,75.1338,2026-03-28 14:00:00,53.2,40.3,264.0,1.6,3.5,169.0,33.7,29,0.0,5.8
Hubballi,15.3478,75.1338,2026-03-28 15:00:00,51.6,39.1,262.0,1.8,3.2,168.0,33.7,29,0.0,4.3
Hubballi,15.3478,75.1338,2026-03-28 16:00:00,48.9,37.3,264.0,2.4,3.1,166.0,33.9,28,0.0,4.8
Hubballi,15.3478,75.1338,2026-03-28 17:00:00,36.1,27.6,272.0,3.4,3.0,175.0,32.8,26,1.3,10.2
Hubballi,15.3478,75.1338,2026-03-28 18:00:00,34.9,28.5,289.0,4.7,3.2,161.0,28.8,48,0.0,19.6
Hubballi,15.3478,75.1338,2026-03-28 19:00:00,34.2,29.8,312.0,6.6,3.4,142.0,28.9,46,0.0,13.1
Hubballi,15.3478,75.1338,2026-03-28 20:00:00,36.4,32.1,329.0,8.2,3.6,125.0,27.3,63,0.0,14.7
Hubballi,15.3478,75.1338,2026-03-28 21:00:00,39.0,34.5,337.0,9.4,3.7,112.0,25.8,78,0.0,14.8
Hubballi,15.3478,75.1338,2026-03-28 22:00:00,40.6,36.0,339.0,10.3,3.8,102.0,25.0,84,0.0,13.5
Hubballi,15.3478,75.1338,2026-03-28 23:00:00,40.5,36.2,335.0,10.7,3.8,93.0,24.5,90,0.0,12.8
Hubballi,15.3478,75.1338,2026-03-29 00:00:00,39.8,35.7,318.0,10.5,3.6,85.0,23.5,96,0.0,13.0
Hubballi,15.3478,75.1338,2026-03-29 01:00:00,39.7,35.9,294.0,9.8,3.2,79.0,23.2,96,0.0,11.9
Hubballi,15.3478,75.1338,2026-03-29 02:00:00,41.4,37.6,279.0,9.0,2.7,76.0,23.1,94,0.0,9.2
Hubballi,15.3478,75.1338,2026-03-29 03:00:00,44.5,40.9,285.0,8.0,1.9,76.0,22.4,98,0.0,6.6
Hubballi,15.3478,75.1338,2026-03-29 04:00:00,46.9,43.4,301.0,6.9,0.9,78.0,22.1,99,0.0,8.0
Hubballi,15.3478,75.1338,2026-03-29 05:00:00,49.0,45.3,310.0,8.4,0.6,71.0,22.2,96,0.0,10.1
Hubballi,15.3478,75.1338,2026-03-29 06:00:00,46.8,43.2,304.0,8.0,0.8,80.0,22.4,94,0.0,9.4
Hubballi,15.3478,75.1338,2026-03-29 07:00:00,43.3,40.3,291.0,7.4,1.1,92.0,22.9,89,0.0,8.9
Hubballi,15.3478,75.1338,2026-03-29 08:00:00,35.9,33.4,275.0,6.5,1.4,104.0,24.8,75,0.0,8.4
Hubballi,15.3478,75.1338,2026-03-29 09:00:00,27.6,25.8,253.0,5.0,1.6,116.0,27.5,55,0.0,7.7
Hubballi,15.3478,75.1338,2026-03-29 10:00:00,18.9,17.2,227.0,3.1,1.8,128.0,30.1,39,0.0,5.1
Hubballi,15.3478,75.1338,2026-03-29 11:00:00,14.5,12.9,208.0,1.8,1.9,138.0,30.5,35,0.0,4.4
Hubballi,15.3478,75.1338,2026-03-29 12:00:00,12.6,11.0,201.0,1.3,1.8,144.0,33.0,27,0.0,5.0
Hubballi,15.3478,75.1338,2026-03-29 13:00:00,13.6,11.2,201.0,1.3,1.5,147.0,33.2,22,0.0,6.5
Hubballi,15.3478,75.1338,2026-03-29 14:00:00,14.6,11.8,203.0,1.5,1.3,149.0,34.5,18,0.0,9.3
Hubballi,15.3478,75.1338,2026-03-29 15:00:00,15.0,11.9,205.0,0.6,1.2,153.0,34.5,18,0.0,9.1
Hubballi,15.3478,75.1338,2026-03-29 16:00:00,15.2,11.9,208.0,0.0,1.1,156.0,34.5,17,0.0,6.3
Hubballi,15.3478,75.1338,2026-03-29 17:00:00,6.3,6.2,212.0,3.7,2.0,151.0,33.4,19,0.0,11.1
Hubballi,15.3478,75.1338,2026-03-29 18:00:00,11.2,11.1,214.0,19.2,3.3,125.0,31.6,24,0.0,6.2
Hubballi,15.3478,75.1338,2026-03-29 19:00:00,20.8,20.4,215.0,39.9,5.1,90.0,29.1,30,0.0,7.2
Hubballi,15.3478,75.1338,2026-03-29 20:00:00,28.0,27.2,221.0,51.3,6.2,63.0,26.9,53,0.0,15.9
Hubballi,15.3478,75.1338,2026-03-29 21:00:00,24.4,22.2,235.0,44.1,5.8,55.0,26.7,57,0.0,9.7
Hubballi,15.3478,75.1338,2026-03-29 22:00:00,21.3,16.6,252.0,27.5,4.6,55.0,25.4,64,0.0,11.9
Hubballi,15.3478,75.1338,2026-03-29 23:00:00,20.8,14.4,264.0,14.8,3.6,55.0,24.9,66,0.0,10.2
Hubballi,15.3478,75.1338,2026-03-30 00:00:00,20.3,13.1,263.0,11.3,3.3,51.0,24.3,67,0.0,8.1
Hubballi,15.3478,75.1338,2026-03-30 01:00:00,20.7,13.1,256.0,11.7,3.2,47.0,24.5,64,0.0,8.1
Hubballi,15.3478,75.1338,2026-03-30 02:00:00,21.8,14.0,253.0,13.0,3.2,42.0,25.0,61,0.0,5.8
Hubballi,15.3478,75.1338,2026-03-30 03:00:00,22.7,15.1,258.0,15.2,3.3,35.0,24.3,64,0.0,3.0
Hubballi,15.3478,75.1338,2026-03-30 04:00:00,23.8,16.5,268.0,18.3,3.5,27.0,24.1,65,0.0,1.8
Hubballi,15.3478,75.1338,2026-03-30 05:00:00,21.1,18.0,276.0,22.7,4.1,32.0,24.0,72,0.0,1.7
Hubballi,15.3478,75.1338,2026-03-30 06:00:00,19.2,17.1,285.0,20.9,4.3,42.0,23.2,78,0.0,0.9
Hubballi,15.3478,75.1338,2026-03-30 07:00:00,20.8,18.6,294.0,18.3,4.5,58.0,24.8,72,0.0,2.6
Hubballi,15.3478,75.1338,2026-03-30 08:00:00,21.1,17.9,293.0,15.2,4.6,78.0,27.7,54,0.0,2.3
Hubballi,15.3478,75.1338,2026-03-30 09:00:00,19.3,15.7,275.0,11.0,4.4,107.0,30.3,44,0.0,0.6
Hubballi,15.3478,75.1338,2026-03-30 10:00:00,19.2,15.5,248.0,6.3,4.1,141.0,32.2,37,0.0,3.1
Hubballi,15.3478,75.1338,2026-03-30 11:00:00,21.4,17.0,229.0,2.8,3.9,166.0,33.2,31,0.0,6.6
Hubballi,15.3478,75.1338,2026-03-30 12:00:00,26.7,20.7,226.0,1.5,4.0,176.0,34.9,28,0.0,7.9
Hubballi,15.3478,75.1338,2026-03-30 13:00:00,30.0,23.2,230.0,1.6,4.3,178.0,35.0,27,0.0,6.4
Hubballi,15.3478,75.1338,2026-03-30 14:00:00,31.7,24.4,233.0,1.9,4.4,176.0,35.1,26,0.0,3.7
Hubballi,15.3478,75.1338,2026-03-30 15:00:00,32.8,24.7,230.0,2.1,4.1,172.0,31.4,36,0.1,17.6
Hubballi,15.3478,75.1338,2026-03-30 16:00:00,28.6,22.2,226.0,2.6,3.7,164.0,31.2,37,0.1,8.9
Hubballi,15.3478,75.1338,2026-03-30 17:00:00,36.9,28.8,229.0,3.5,3.8,145.0,32.8,30,0.0,13.4
Hubballi,15.3478,75.1338,2026-03-30 18:00:00,30.6,25.1,245.0,5.4,3.7,130.0,31.1,37,0.0,13.8
Hubballi,15.3478,75.1338,2026-03-30 19:00:00,26.4,22.4,269.0,7.9,3.5,109.0,29.5,41,0.0,14.6
Hubballi,15.3478,75.1338,2026-03-30 20:00:00,22.5,19.6,289.0,9.8,3.4,90.0,27.7,54,0.0,16.7
Hubballi,15.3478,75.1338,2026-03-30 21:00:00,19.7,17.3,307.0,10.3,3.5,77.0,26.3,66,0.0,13.9
Hubballi,15.3478,75.1338,2026-03-30 22:00:00,18.7,16.4,323.0,10.2,3.7,67.0,25.4,75,0.0,11.9
Hubballi,15.3478,75.1338,2026-03-30 23:00:00,18.8,16.5,323.0,9.8,3.9,60.0,24.9,81,0.0,13.7
Hubballi,15.3478,75.1338,2026-03-31 00:00:00,19.4,16.9,291.0,9.3,4.1,57.0,24.6,81,0.0,13.2
Hubballi,15.3478,75.1338,2026-03-31 01:00:00,21.4,18.6,244.0,8.6,4.2,57.0,24.2,81,0.0,11.2
Hubballi,15.3478,75.1338,2026-03-31 02:00:00,24.4,21.5,217.0,8.2,4.2,57.0,23.7,82,0.0,10.9
Hubballi,15.3478,75.1338,2026-03-31 03:00:00,27.8,24.9,235.0,8.3,3.8,55.0,23.3,81,0.0,7.9
Hubballi,15.3478,75.1338,2026-03-31 04:00:00,31.2,28.2,273.0,8.7,3.3,53.0,23.2,81,0.0,7.2
Hubballi,15.3478,75.1338,2026-03-31 05:00:00,31.0,28.2,299.0,7.5,3.3,61.0,23.6,86,0.0,3.6
Hubballi,15.3478,75.1338,2026-03-31 06:00:00,30.5,27.5,295.0,7.7,4.2,68.0,23.7,85,0.0,6.0
Hubballi,15.3478,75.1338,2026-03-31 07:00:00,29.8,26.2,277.0,7.9,5.4,79.0,25.3,75,0.0,8.5
Hubballi,15.3478,75.1338,2026-03-31 08:00:00,33.6,28.3,264.0,7.5,6.1,93.0,27.9,56,0.0,13.4
Hubballi,15.3478,75.1338,2026-03-31 09:00:00,39.8,32.9,262.0,5.8,5.9,113.0,30.3,42,0.0,15.0
Hubballi,15.3478,75.1338,2026-03-31 10:00:00,41.7,34.3,264.0,3.5,5.2,137.0,32.0,36,0.0,15.8
Hubballi,15.3478,75.1338,2026-03-31 11:00:00,42.8,35.2,266.0,1.8,4.6,154.0,32.6,34,0.0,15.7
Hubballi,15.3478,75.1338,2026-03-31 12:00:00,43.8,35.6,266.0,1.0,4.3,162.0,33.4,32,0.0,13.0
Hubballi,15.3478,75.1338,2026-03-31 13:00:00,43.9,36.2,266.0,0.9,4.1,163.0,33.7,32,0.0,11.2
Hubballi,15.3478,75.1338,2026-03-31 14:00:00,45.5,37.7,268.0,1.7,3.9,161.0,34.1,31,0.0,9.8
Hubballi,15.3478,75.1338,2026-03-31 15:00:00,42.6,35.4,270.0,3.9,3.5,155.0,34.6,30,0.0,12.1
Hubballi,15.3478,75.1338,2026-03-31 16:00:00,41.7,34.9,274.0,7.0,3.2,145.0,34.1,30,0.0,11.2
Hubballi,15.3478,75.1338,2026-03-31 17:00:00,41.6,34.9,285.0,3.1,4.3,157.0,33.8,28,0.1,11.1
Hubballi,15.3478,75.1338,2026-03-31 18:00:00,42.8,37.4,305.0,11.9,5.0,137.0,32.6,30,0.0,9.1
Hubballi,15.3478,75.1338,2026-03-31 19:00:00,47.3,41.8,332.0,23.8,6.0,110.0,30.7,34,0.0,4.0
Hubballi,15.3478,75.1338,2026-03-31 20:00:00,54.2,47.7,373.0,30.7,6.5,91.0,30.1,35,0.0,5.8
Hubballi,15.3478,75.1338,2026-03-31 21:00:00,55.4,49.4,448.0,27.4,6.3,92.0,28.1,45,0.0,16.8
Hubballi,15.3478,75.1338,2026-03-31 22:00:00,49.7,44.6,536.0,19.0,5.7,101.0,27.2,55,0.0,8.1
Hubballi,15.3478,75.1338,2026-03-31 23:00:00,48.5,43.8,582.0,13.2,5.1,105.0,25.7,61,0.0,17.6
Hubballi,15.3478,75.1338,2026-04-01 00:00:00,49.2,44.4,541.0,13.2,4.7,95.0,24.5,65,0.0,9.0
Hubballi,15.3478,75.1338,2026-04-01 01:00:00,50.6,45.5,458.0,15.6,4.5,79.0,24.1,67,0.0,5.9
Hubballi,15.3478,75.1338,2026-04-01 02:00:00,49.2,44.6,406.0,18.1,4.3,65.0,23.7,70,0.0,7.2
Hubballi,15.3478,75.1338,2026-04-01 03:00:00,48.1,43.4,431.0,20.3,4.3,54.0,23.2,72,0.0,4.6
Hubballi,15.3478,75.1338,2026-04-01 04:00:00,49.1,44.1,487.0,22.5,4.5,45.0,22.7,75,0.0,2.8
Hubballi,15.3478,75.1338,2026-04-01 05:00:00,33.5,29.7,515.0,20.5,2.9,30.0,23.2,76,0.0,9.9
Hubballi,15.3478,75.1338,2026-04-01 06:00:00,33.9,29.2,483.0,17.2,2.7,47.0,23.1,80,0.0,8.3
Hubballi,15.3478,75.1338,2026-04-01 07:00:00,36.0,30.9,423.0,12.5,2.5,72.0,24.5,77,0.0,5.2
Hubballi,15.3478,75.1338,2026-04-01 08:00:00,36.6,30.3,369.0,8.4,2.6,97.0,27.8,60,0.0,3.3
Hubballi,15.3478,75.1338,2026-04-01 09:00:00,41.2,33.8,331.0,5.6,3.4,123.0,30.4,45,0.0,5.2
Hubballi,15.3478,75.1338,2026-04-01 10:00:00,44.8,36.6,298.0,3.5,4.6,149.0,32.4,38,0.0,7.9
Hubballi,15.3478,75.1338,2026-04-01 11:00:00,43.2,34.7,274.0,2.0,5.4,167.0,32.8,34,0.0,9.8
Hubballi,15.3478,75.1338,2026-04-01 12:00:00,43.1,34.2,260.0,1.4,5.4,172.0,33.8,32,0.0,10.8
Hubballi,15.3478,75.1338,2026-04-01 13:00:00,42.0,33.4,254.0,1.5,5.0,169.0,34.0,30,0.0,10.0
Hubballi,15.3478,75.1338,2026-04-01 14:00:00,41.4,33.1,252.0,1.8,4.7,166.0,34.6,29,0.0,8.2
Hubballi,15.3478,75.1338,2026-04-01 15:00:00,41.1,32.8,252.0,2.1,4.6,167.0,34.6,29,0.0,5.2
Hubballi,15.3478,75.1338,2026-04-01 16:00:00,41.3,32.9,257.0,2.5,4.5,168.0,34.0,30,0.0,4.8
Hubballi,15.3478,75.1338,2026-04-01 17:00:00,39.5,32.7,270.0,4.1,4.2,152.0,34.1,27,0.0,10.6
Hubballi,15.3478,75.1338,2026-04-01 18:00:00,35.9,32.1,298.0,5.2,4.1,139.0,29.5,50,0.0,19.3
Hubballi,15.3478,75.1338,2026-04-01 19:00:00,33.1,30.7,336.0,6.7,3.9,121.0,27.8,54,0.0,13.0
Hubballi,15.3478,75.1338,2026-04-01 20:00:00,31.8,29.9,368.0,8.5,4.0,105.0,27.5,60,0.0,15.7
Hubballi,15.3478,75.1338,2026-04-01 21:00:00,31.8,30.0,392.0,10.8,4.4,95.0,26.6,69,0.0,11.0
Hubballi,15.3478,75.1338,2026-04-01 22:00:00,33.3,31.2,411.0,13.4,5.1,87.0,25.8,74,0.0,8.8
Hubballi,15.3478,75.1338,2026-04-01 23:00:00,34.8,32.5,420.0,15.0,5.6,81.0,24.9,79,0.0,10.6
Hubballi,15.3478,75.1338,2026-04-02 00:00:00,33.4,31.1,410.0,14.9,5.9,76.0,24.6,80,0.0,9.2
Hubballi,15.3478,75.1338,2026-04-02 01:00:00,32.0,30.0,390.0,13.9,6.1,73.0,24.4,79,0.0,10.3
Hubballi,15.3478,75.1338,2026-04-02 02:00:00,31.8,30.0,379.0,13.2,6.2,70.0,24.6,78,0.0,11.4
Hubballi,15.3478,75.1338,2026-04-02 03:00:00,33.4,31.7,391.0,13.6,6.0,66.0,24.3,76,0.0,10.8
Hubballi,15.3478,75.1338,2026-04-02 04:00:00,36.3,34.2,413.0,14.4,5.6,63.0,24.0,72,0.0,10.9
Hubballi,15.3478,75.1338,2026-04-02 05:00:00,35.4,33.4,424.0,15.0,5.6,51.0,23.4,79,0.0,8.8
Hubballi,15.3478,75.1338,2026-04-02 06:00:00,37.3,35.3,418.0,13.4,5.7,65.0,23.4,78,0.0,9.0
Hubballi,15.3478,75.1338,2026-04-02 07:00:00,42.1,39.3,401.0,11.0,5.8,85.0,24.6,71,0.0,9.2
Hubballi,15.3478,75.1338,2026-04-02 08:00:00,46.2,42.3,378.0,8.7,5.9,106.0,26.9,59,0.0,12.9
Hubballi,15.3478,75.1338,2026-04-02 09:00:00,49.8,44.7,343.0,6.4,6.2,128.0,29.4,47,0.0,13.8
Hubballi,15.3478,75.1338,2026-04-02 10:00:00,46.0,41.1,301.0,4.2,6.5,150.0,31.6,39,0.0,10.7
Hubballi,15.3478,75.1338,2026-04-02 11:00:00,40.0,35.2,268.0,2.6,6.5,166.0,32.5,37,0.0,8.4
Hubballi,15.3478,75.1338,2026-04-02 12:00:00,35.2,30.0,250.0,1.9,5.8,172.0,32.9,34,0.0,6.4
Hubballi,15.3478,75.1338,2026-04-02 13:00:00,33.4,27.9,241.0,1.8,4.7,172.0,34.4,30,0.0,8.5
Hubballi,15.3478,75.1338,2026-04-02 14:00:00,32.6,27.0,239.0,2.0,3.9,171.0,34.7,28,0.0,9.8
Hubballi,15.3478,75.1338,2026-04-02 15:00:00,32.2,26.4,247.0,2.5,3.5,171.0,34.4,27,0.0,9.5
Hubballi,15.3478,75.1338,2026-04-02 16:00:00,31.5,25.6,263.0,3.3,3.4,169.0,33.7,27,0.0,10.4
Hubballi,15.3478,75.1338,2026-04-02 17:00:00,28.1,22.9,277.0,4.0,3.2,152.0,27.0,62,0.0,21.8
Hubballi,15.3478,75.1338,2026-04-02 18:00:00,26.3,22.9,288.0,4.8,3.1,137.0,28.0,60,0.0,18.1
Hubballi,15.3478,75.1338,2026-04-02 19:00:00,18.9,17.5,297.0,5.8,3.0,116.0,26.3,67,0.0,15.5
Hubballi,15.3478,75.1338,2026-04-02 20:00:00,15.7,14.8,304.0,7.1,3.0,98.0,25.0,74,0.0,14.6
Hubballi,15.3478,75.1338,2026-04-02 21:00:00,15.3,14.5,306.0,8.6,3.2,88.0,24.4,80,0.0,12.6
Hubballi,15.3478,75.1338,2026-04-02 22:00:00,16.1,15.1,305.0,10.3,3.5,81.0,24.0,83,0.0,10.3
Hubballi,15.3478,75.1338,2026-04-02 23:00:00,17.8,16.9,307.0,11.6,3.7,76.0,23.5,85,0.0,7.7
Hubballi,15.3478,75.1338,2026-04-03 00:00:00,19.4,18.6,317.0,12.4,3.7,70.0,22.9,89,0.0,3.1
Hubballi,15.3478,75.1338,2026-04-03 01:00:00,21.4,20.5,331.0,12.9,3.7,66.0,22.6,90,0.0,5.0
Hubballi,15.3478,75.1338,2026-04-03 02:00:00,22.6,21.7,340.0,13.1,3.8,63.0,22.0,93,0.0,1.9
Hubballi,15.3478,75.1338,2026-04-03 03:00:00,23.5,22.6,340.0,13.0,4.0,62.0,21.7,96,0.0,3.4
Hubballi,15.3478,75.1338,2026-04-03 04:00:00,25.0,24.0,335.0,12.5,4.3,63.0,21.5,97,0.0,4.7
Hubballi,15.3478,75.1338,2026-04-03 05:00:00,25.3,23.9,335.0,8.0,2.1,66.0,21.4,98,0.0,4.3
Hubballi,15.3478,75.1338,2026-04-03 06:00:00,25.8,24.3,348.0,7.7,2.7,77.0,21.5,97,0.0,4.6
Hubballi,15.3478,75.1338,2026-04-03 07:00:00,27.1,25.5,364.0,7.3,3.5,93.0,23.2,85,0.0,6.3
Hubballi,15.3478,75.1338,2026-04-03 08:00:00,30.4,28.1,366.0,6.5,4.2,111.0,26.2,64,0.0,7.4
Hubballi,15.3478,75.1338,2026-04-03 09:00:00,35.4,32.1,338.0,5.2,4.5,134.0,29.2,46,0.0,8.3
Hubballi,15.3478,75.1338,2026-04-03 10:00:00,38.4,34.2,294.0,3.5,4.7,158.0,31.4,37,0.0,7.0
Hubballi,15.3478,75.1338,2026-04-03 11:00:00,35.2,30.5,261.0,2.3,4.7,176.0,31.8,36,0.0,2.9
Hubballi,15.3478,75.1338,2026-04-03 12:00:00,31.0,26.1,250.0,1.8,4.6,182.0,33.5,32,0.0,1.9
Hubballi,15.3478,75.1338,2026-04-03 13:00:00,29.2,23.9,250.0,1.8,4.4,180.0,33.6,31,0.0,3.2
Hubballi,15.3478,75.1338,2026-04-03 14:00:00,28.8,23.3,252.0,2.0,4.2,178.0,34.0,30,0.0,4.1
Hubballi,15.3478,75.1338,2026-04-03 15:00:00,28.7,23.2,253.0,2.4,4.0,178.0,34.2,29,0.0,5.2
Hubballi,15.3478,75.1338,2026-04-03 16:00:00,28.9,23.3,256.0,2.9,3.8,176.0,33.5,31,0.0,9.6
Hubballi,15.3478,75.1338,2026-04-03 17:00:00,24.7,20.3,258.0,3.6,3.0,159.0,32.0,33,0.1,19.0
Hubballi,15.3478,75.1338,2026-04-03 18:00:00,23.7,21.1,258.0,4.5,2.7,142.0,28.0,55,0.1,18.5
Hubballi,15.3478,75.1338,2026-04-03 19:00:00,21.3,19.7,257.0,5.8,2.4,119.0,27.4,60,0.0,18.0
Hubballi,15.3478,75.1338,2026-04-03 20:00:00,19.8,18.6,256.0,6.8,2.2,100.0,25.8,71,0.0,18.0
Hubballi,15.3478,75.1338,2026-04-03 21:00:00,19.2,18.1,255.0,7.4,2.4,91.0,25.0,77,0.0,16.1
Hubballi,15.3478,75.1338,2026-04-03 22:00:00,19.0,17.8,253.0,7.7,2.7,87.0,24.2,83,0.0,13.2
Hubballi,15.3478,75.1338,2026-04-03 23:00:00,19.0,17.6,250.0,8.0,3.0,83.0,23.8,88,0.0,11.9
Hubballi,15.3478,75.1338,2026-04-04 00:00:00,19.1,17.6,242.0,8.1,3.0,78.0,23.4,90,0.0,8.8
Hubballi,15.3478,75.1338,2026-04-04 01:00:00,19.8,18.2,234.0,8.1,2.9,73.0,23.1,91,0.0,7.0
Hubballi,15.3478,75.1338,2026-04-04 02:00:00,21.3,19.6,233.0,8.4,2.8,68.0,22.8,91,0.0,8.7
Hubballi,15.3478,75.1338,2026-04-04 03:00:00,23.1,21.2,249.0,9.6,2.8,61.0,22.6,90,0.0,8.5
Hubballi,15.3478,75.1338,2026-04-04 04:00:00,24.9,22.8,273.0,11.1,2.7,53.0,22.2,92,0.0,4.7
Hubballi,15.3478,75.1338,2026-04-04 05:00:00,24.7,22.5,289.0,8.0,2.0,66.0,22.4,96,0.0,5.7
Hubballi,15.3478,75.1338,2026-04-04 06:00:00,25.8,23.2,291.0,7.7,2.3,72.0,22.4,97,0.0,4.0
Hubballi,15.3478,75.1338,2026-04-04 07:00:00,25.5,22.6,285.0,7.2,2.8,81.0,23.9,87,0.0,5.6
Hubballi,15.3478,75.1338,2026-04-04 08:00:00,25.2,21.7,276.0,6.4,3.0,92.0,26.3,71,0.0,6.1
Hubballi,15.3478,75.1338,2026-04-04 09:00:00,24.9,21.0,264.0,4.9,2.8,107.0,29.2,50,0.0,7.0
Hubballi,15.3478,75.1338,2026-04-04 10:00:00,24.3,20.0,250.0,3.0,2.4,123.0,31.4,37,0.0,8.2
Hubballi,15.3478,75.1338,2026-04-04 11:00:00,25.0,20.3,239.0,1.7,2.1,137.0,31.1,40,0.0,7.7
Hubballi,15.3478,75.1338,2026-04-04 12:00:00,25.3,20.4,235.0,1.3,2.3,146.0,32.5,36,0.0,6.0
Hubballi,15.3478,75.1338,2026-04-04 13:00:00,26.0,20.8,235.0,1.3,2.6,152.0,33.5,33,0.0,5.3
Hubballi,15.3478,75.1338,2026-04-04 14:00:00,26.9,21.4,236.0,1.6,2.8,155.0,34.0,32,0.0,6.4
Hubballi,15.3478,75.1338,2026-04-04 15:00:00,26.7,21.5,239.0,1.8,2.7,155.0,33.8,32,0.0,9.1
Hubballi,15.3478,75.1338,2026-04-04 16:00:00,26.5,21.5,244.0,2.2,2.4,153.0,32.9,33,0.0,10.1
Hubballi,15.3478,75.1338,2026-04-04 17:00:00,37.3,30.2,243.0,3.1,2.5,149.0,32.6,31,0.0,15.5
Hubballi,15.3478,75.1338,2026-04-04 18:00:00,34.0,28.8,232.0,4.8,2.6,132.0,29.3,44,0.0,19.4
Hubballi,15.3478,75.1338,2026-04-04 19:00:00,28.5,24.6,215.0,7.0,2.7,107.0,28.2,50,0.0,16.0
Hubballi,15.3478,75.1338,2026-04-04 20:00:00,22.9,19.3,202.0,8.7,2.8,87.0,26.6,62,0.0,16.7
Hubballi,15.3478,75.1338,2026-04-04 21:00:00,19.8,15.8,195.0,9.1,2.8,76.0,25.2,72,0.0,16.8
Hubballi,15.3478,75.1338,2026-04-04 22:00:00,18.7,13.7,192.0,9.0,2.8,68.0,24.2,79,0.0,16.0
Hubballi,15.3478,75.1338,2026-04-04 23:00:00,20.5,13.6,189.0,8.9,2.8,62.0,23.6,83,0.0,15.5
Hubballi,15.3478,75.1338,2026-04-05 00:00:00,21.5,13.5,183.0,8.9,2.7,57.0,22.9,83,0.0,11.9
Hubballi,15.3478,75.1338,2026-04-05 01:00:00,22.9,13.8,178.0,8.9,2.6,52.0,22.5,83,0.0,9.0
Hubballi,15.3478,75.1338,2026-04-05 02:00:00,24.6,14.5,180.0,9.7,2.6,48.0,22.1,82,0.0,6.9
Hubballi,15.3478,75.1338,2026-04-05 03:00:00,26.6,15.5,196.0,12.3,2.7,40.0,21.6,83,0.0,5.8
Hubballi,15.3478,75.1338,2026-04-05 04:00:00,29.7,17.3,218.0,15.7,2.9,33.0,21.3,80,0.0,6.7
Hubballi,15.3478,75.1338,2026-04-05 05:00:00,32.1,18.7,234.0,15.0,3.2,38.0,21.4,79,0.0,5.9
Hubballi,15.3478,75.1338,2026-04-05 06:00:00,32.6,19.5,237.0,13.2,3.6,47.0,21.6,72,0.0,7.5
Hubballi,15.3478,75.1338,2026-04-05 07:00:00,32.9,20.3,232.0,10.6,4.0,60.0,23.5,60,0.0,8.5
Hubballi,15.3478,75.1338,2026-04-05 08:00:00,28.6,17.5,226.0,8.1,4.2,75.0,26.2,48,0.0,10.4
Hubballi,15.3478,75.1338,2026-04-05 09:00:00,21.3,13.6,217.0,5.7,3.8,93.0,29.3,35,0.0,13.4
Hubballi,15.3478,75.1338,2026-04-05 10:00:00,18.7,13.0,206.0,3.4,3.2,114.0,31.7,27,0.0,14.3
Hubballi,15.3478,75.1338,2026-04-05 11:00:00,19.5,14.6,198.0,1.8,2.6,130.0,32.8,25,0.0,10.9
Hubballi,15.3478,75.1338,2026-04-05 12:00:00,20.8,15.9,196.0,1.2,2.3,139.0,33.9,25,0.0,8.6
Hubballi,15.3478,75.1338,2026-04-05 13:00:00,21.8,16.8,196.0,1.2,2.2,145.0,34.9,24,0.0,10.3
Hubballi,15.3478,75.1338,2026-04-05 14:00:00,22.2,17.0,194.0,1.4,2.0,146.0,35.3,23,0.0,14.7
Hubballi,15.3478,75.1338,2026-04-05 15:00:00,21.5,16.5,185.0,1.6,1.7,144.0,34.9,22,0.0,11.3
Hubballi,15.3478,75.1338,2026-04-05 16:00:00,20.4,15.4,175.0,1.9,1.5,139.0,35.4,19,0.0,15.5
Hubballi,15.3478,75.1338,2026-04-05 17:00:00,9.3,8.4,170.0,2.6,1.5,130.0,33.1,27,0.0,23.6
Hubballi,15.3478,75.1338,2026-04-05 18:00:00,11.1,9.6,176.0,4.0,1.7,115.0,30.9,34,0.0,19.8
Hubballi,15.3478,75.1338,2026-04-05 19:00:00,13.0,10.3,187.0,5.9,1.9,94.0,28.6,45,0.0,22.9
Hubballi,15.3478,75.1338,2026-04-05 20:00:00,15.5,10.6,200.0,7.5,2.2,77.0,26.7,59,0.0,19.5
Hubballi,15.3478,75.1338,2026-04-05 21:00:00,18.8,11.6,215.0,8.6,2.4,67.0,25.3,66,0.0,14.9
Hubballi,15.3478,75.1338,2026-04-05 22:00:00,21.3,12.9,231.0,9.5,2.7,61.0,24.3,70,0.0,14.1
Hubballi,15.3478,75.1338,2026-04-05 23:00:00,22.6,13.8,242.0,10.1,2.8,57.0,23.7,74,0.0,13.0
Hubballi,15.3478,75.1338,2026-04-06 00:00:00,23.9,14.2,242.0,10.3,2.8,53.0,23.1,76,0.0,10.3
Hubballi,15.3478,75.1338,2026-04-06 01:00:00,24.9,14.5,237.0,10.1,2.7,51.0,22.6,75,0.0,9.7
Hubballi,15.3478,75.1338,2026-04-06 02:00:00,25.0,14.7,240.0,10.0,2.6,50.0,22.2,72,0.0,8.4
Hubballi,15.3478,75.1338,2026-04-06 03:00:00,25.0,14.8,264.0,10.0,2.5,48.0,21.7,70,0.0,7.4
Hubballi,15.3478,75.1338,2026-04-06 04:00:00,24.4,14.8,297.0,10.0,2.4,46.0,21.1,69,0.0,7.0
Hubballi,15.3478,75.1338,2026-04-06 05:00:00,22.4,14.3,314.0,9.7,2.5,53.0,20.9,67,0.0,8.9
Hubballi,15.3478,75.1338,2026-04-06 06:00:00,22.4,14.4,301.0,8.9,2.6,63.0,20.7,63,0.0,8.3
Hubballi,15.3478,75.1338,2026-04-06 07:00:00,22.5,15.8,272.0,7.7,2.7,77.0,22.2,58,0.0,6.9
Hubballi,15.3478,75.1338,2026-04-06 08:00:00,25.1,13.9,245.0,6.4,2.7,91.0,25.2,45,0.0,8.1
Hubballi,15.3478,75.1338,2026-04-06 09:00:00,23.4,11.7,226.0,4.7,2.3,106.0,28.3,33,0.0,12.1
Hubballi,15.3478,75.1338,2026-04-06 10:00:00,17.3,9.3,209.0,2.9,1.8,121.0,30.6,26,0.0,13.8
Hubballi,15.3478,75.1338,2026-04-06 11:00:00,13.2,7.5,194.0,1.5,1.3,131.0,31.8,23,0.0,13.1
Hubballi,15.3478,75.1338,2026-04-06 12:00:00,11.7,6.3,182.0,1.0,1.0,132.0,33.0,20,0.0,13.2
Hubballi,15.3478,75.1338,2026-04-06 13:00:00,11.0,5.6,173.0,1.0,0.8,128.0,33.9,18,0.0,13.9
Hubballi,15.3478,75.1338,2026-04-06 14:00:00,10.9,5.2,167.0,1.2,0.7,123.0,34.2,17,0.0,15.0
Hubballi,15.3478,75.1338,2026-04-06 15:00:00,11.3,5.3,163.0,1.3,0.6,121.0,33.9,19,0.0,16.9
Hubballi,15.3478,75.1338,2026-04-06 16:00:00,12.4,5.8,163.0,1.5,0.7,118.0,32.9,22,0.0,18.6
Hubballi,15.3478,75.1338,2026-04-06 17:00:00,4.4,3.4,165.0,2.3,0.8,113.0,31.8,27,0.0,17.8
Hubballi,15.3478,75.1338,2026-04-06 18:00:00,8.4,5.8,173.0,4.2,1.2,101.0,29.5,36,0.0,18.3
Hubballi,15.3478,75.1338,2026-04-06 19:00:00,12.1,8.2,184.0,6.8,1.7,85.0,27.2,44,0.0,18.5
Hubballi,15.3478,75.1338,2026-04-06 20:00:00,15.1,9.9,193.0,8.9,2.1,72.0,25.4,51,0.0,16.7
Hubballi,15.3478,75.1338,2026-04-06 21:00:00,16.7,10.9,196.0,9.9,2.4,65.0,23.9,58,0.0,15.2
Hubballi,15.3478,75.1338,2026-04-06 22:00:00,17.9,11.8,197.0,10.3,2.6,61.0,22.6,65,0.0,15.4
Hubballi,15.3478,75.1338,2026-04-06 23:00:00,18.5,12.3,197.0,10.5,2.7,58.0,21.9,71,0.0,16.8
Hubballi,15.3478,75.1338,2026-04-07 00:00:00,18.2,12.1,195.0,10.5,2.7,55.0,21.4,73,0.0,14.6
Hubballi,15.3478,75.1338,2026-04-07 01:00:00,18.3,12.2,192.0,10.4,2.6,54.0,20.7,77,0.0,13.4
Hubballi,15.3478,75.1338,2026-04-07 02:00:00,18.3,12.3,192.0,10.1,2.5,53.0,20.0,82,0.0,11.7
Hubballi,15.3478,75.1338,2026-04-07 03:00:00,18.0,12.3,201.0,9.9,2.4,52.0,19.3,87,0.0,11.5
Hubballi,15.3478,75.1338,2026-04-07 04:00:00,17.7,12.1,213.0,9.5,2.3,51.0,18.8,90,0.0,11.3
Hubballi,15.3478,75.1338,2026-04-07 05:00:00,15.9,11.2,220.0,7.7,2.1,59.0,18.7,95,0.0,11.6
Hubballi,15.3478,75.1338,2026-04-07 06:00:00,15.7,11.4,215.0,7.1,2.3,68.0,18.7,95,0.0,10.6
Hubballi,15.3478,75.1338,2026-04-07 07:00:00,15.6,11.5,205.0,6.1,2.4,82.0,20.0,85,0.0,9.4
Hubballi,15.3478,75.1338,2026-04-07 08:00:00,14.4,10.4,194.0,5.1,2.5,96.0,22.9,65,0.0,8.3
Hubballi,15.3478,75.1338,2026-04-07 09:00:00,12.2,8.1,185.0,3.8,2.3,110.0,26.2,45,0.0,6.9
Hubballi,15.3478,75.1338,2026-04-07 10:00:00,12.0,7.1,176.0,2.5,1.9,125.0,29.2,32,0.0,5.5
Hubballi,15.3478,75.1338,2026-04-07 11:00:00,12.7,6.7,169.0,1.5,1.6,136.0,30.5,28,0.0,6.1
Hubballi,15.3478,75.1338,2026-04-07 12:00:00,13.7,6.8,165.0,1.1,1.5,141.0,32.5,23,0.0,6.7
Hubballi,15.3478,75.1338,2026-04-07 13:00:00,14.7,7.1,162.0,1.2,1.5,143.0,33.8,20,0.0,7.2
Hubballi,15.3478,75.1338,2026-04-07 14:00:00,15.0,7.3,161.0,1.4,1.5,144.0,35.0,17,0.0,7.4
Hubballi,15.3478,75.1338,2026-04-07 15:00:00,14.8,7.5,161.0,1.7,1.6,147.0,35.5,16,0.0,8.5
Hubballi,15.3478,75.1338,2026-04-07 16:00:00,15.1,7.9,161.0,2.2,1.8,149.0,35.2,17,0.0,8.4
Hubballi,15.3478,75.1338,2026-04-07 17:00:00,5.4,3.7,164.0,2.9,1.7,146.0,34.6,19,0.0,11.1
Hubballi,15.3478,75.1338,2026-04-07 18:00:00,7.8,6.0,171.0,4.0,1.8,132.0,32.3,22,0.0,5.8
Hubballi,15.3478,75.1338,2026-04-07 19:00:00,8.6,7.5,179.0,5.6,2.0,111.0,28.3,48,0.0,21.9
Hubballi,15.3478,75.1338,2026-04-07 20:00:00,7.9,7.0,185.0,6.7,2.1,95.0,25.2,68,0.0,17.8
Hubballi,15.3478,75.1338,2026-04-07 21:00:00,8.7,7.1,186.0,6.8,2.1,87.0,23.5,75,0.0,17.7
Hubballi,15.3478,75.1338,2026-04-07 22:00:00,10.2,7.9,183.0,6.4,2.0,82.0,22.7,81,0.0,17.3
Hubballi,15.3478,75.1338,2026-04-07 23:00:00,11.7,8.7,181.0,6.1,2.0,78.0,22.2,85,0.0,14.2
Hubballi,15.3478,75.1338,2026-04-08 00:00:00,12.7,9.1,177.0,6.0,2.0,74.0,21.8,87,0.0,12.8
Hubballi,15.3478,75.1338,2026-04-08 01:00:00,14.2,9.7,173.0,6.1,2.0,71.0,21.5,88,0.0,11.0
Hubballi,15.3478,75.1338,2026-04-08 02:00:00,15.8,10.6,176.0,6.7,2.0,67.0,21.2,88,0.0,8.0
Hubballi,15.3478,75.1338,2026-04-08 03:00:00,17.8,11.8,191.0,8.4,2.1,60.0,20.8,88,0.0,7.7
Hubballi,15.3478,75.1338,2026-04-08 04:00:00,20.7,13.6,213.0,10.6,2.3,52.0,20.4,90,0.0,6.6
Hubballi,15.3478,75.1338,2026-04-08 05:00:00,22.8,15.2,228.0,12.3,2.8,47.0,20.5,91,0.0,7.4
Hubballi,15.3478,75.1338,2026-04-08 06:00:00,23.6,14.7,232.0,11.1,3.2,56.0,20.7,87,0.0,5.7
Hubballi,15.3478,75.1338,2026-04-08 07:00:00,30.6,16.2,230.0,9.4,3.6,68.0,22.5,74,0.0,6.1
Hubballi,15.3478,75.1338,2026-04-08 08:00:00,49.2,19.2,223.0,7.6,4.0,83.0,25.6,56,0.0,8.8
Hubballi,15.3478,75.1338,2026-04-08 09:00:00,71.2,22.8,207.0,5.5,4.1,101.0,28.9,41,0.0,10.5
Hubballi,15.3478,75.1338,2026-04-08 10:00:00,79.6,25.1,185.0,3.4,4.1,121.0,31.6,31,0.0,12.8
Hubballi,15.3478,75.1338,2026-04-08 11:00:00,71.2,24.7,170.0,1.8,4.0,136.0,32.9,28,0.0,11.5
Hubballi,15.3478,75.1338,2026-04-08 12:00:00,61.5,22.6,166.0,1.2,3.7,142.0,34.3,24,0.0,9.2
Hubballi,15.3478,75.1338,2026-04-08 13:00:00,55.5,21.0,169.0,1.2,3.3,143.0,35.3,22,0.0,6.3
Hubballi,15.3478,75.1338,2026-04-08 14:00:00,52.2,19.7,171.0,1.4,2.9,143.0,35.8,21,0.0,3.9
Hubballi,15.3478,75.1338,2026-04-08 15:00:00,50.8,19.3,170.0,1.6,2.7,143.0,36.5,19,0.0,2.8
Hubballi,15.3478,75.1338,2026-04-08 16:00:00,49.9,19.0,170.0,2.1,2.5,142.0,36.5,18,0.0,6.2
Hubballi,15.3478,75.1338,2026-04-08 17:00:00,31.3,12.1,172.0,3.0,2.2,135.0,35.8,17,0.0,7.6
Hubballi,15.3478,75.1338,2026-04-08 18:00:00,33.5,15.8,180.0,7.6,2.6,119.0,33.2,23,0.0,3.0
Hubballi,15.3478,75.1338,2026-04-08 19:00:00,39.7,22.1,192.0,13.8,3.2,96.0,30.6,32,0.0,14.6
Hubballi,15.3478,75.1338,2026-04-08 20:00:00,31.8,19.5,200.0,17.4,3.6,78.0,28.2,57,0.0,12.6
Hubballi,15.3478,75.1338,2026-04-08 21:00:00,29.6,17.6,203.0,15.8,3.5,69.0,26.8,63,0.0,14.2
Hubballi,15.3478,75.1338,2026-04-08 22:00:00,31.9,17.3,203.0,11.5,3.1,64.0,25.8,68,0.0,13.6
Hubballi,15.3478,75.1338,2026-04-08 23:00:00,33.6,17.4,202.0,8.5,2.8,59.0,25.1,72,0.0,14.1
Hubballi,15.3478,75.1338,2026-04-09 00:00:00,33.5,17.1,199.0,8.3,2.6,53.0,24.7,75,0.0,12.6
Hubballi,15.3478,75.1338,2026-04-09 01:00:00,35.2,17.5,195.0,9.3,2.4,48.0,24.0,78,0.0,4.3
Hubballi,15.3478,75.1338,2026-04-09 02:00:00,37.1,18.1,194.0,10.4,2.3,43.0,23.3,82,0.0,6.1
Hubballi,15.3478,75.1338,2026-04-09 03:00:00,38.9,18.6,198.0,11.5,2.2,37.0,22.5,87,0.0,10.3
Hubballi,15.3478,75.1338,2026-04-09 04:00:00,41.2,19.6,205.0,12.6,2.1,33.0,22.0,89,0.0,9.6
Hubballi,15.3478,75.1338,2026-04-09 05:00:00,46.7,23.2,211.0,16.6,2.4,27.0,22.1,93,0.0,10.3
Hubballi,15.3478,75.1338,2026-04-09 06:00:00,48.8,22.8,216.0,14.0,2.5,41.0,22.4,89,0.0,8.6
Hubballi,15.3478,75.1338,2026-04-09 07:00:00,53.9,23.9,220.0,10.4,2.6,61.0,24.2,77,0.0,5.7
Hubballi,15.3478,75.1338,2026-04-09 08:00:00,64.7,24.9,217.0,7.2,2.7,79.0,27.2,60,0.0,2.3
Hubballi,15.3478,75.1338,2026-04-09 09:00:00,82.9,25.1,203.0,4.9,2.6,92.0,30.1,45,0.0,1.3
Hubballi,15.3478,75.1338,2026-04-09 10:00:00,99.4,25.6,182.0,3.0,2.5,103.0,32.7,33,0.0,2.6
Hubballi,15.3478,75.1338,2026-04-09 11:00:00,104.1,25.6,166.0,1.7,2.3,112.0,33.6,30,0.0,3.3
Hubballi,15.3478,75.1338,2026-04-09 12:00:00,95.0,24.4,159.0,1.2,2.1,118.0,35.7,25,0.0,7.1
Hubballi,15.3478,75.1338,2026-04-09 13:00:00,81.3,22.6,157.0,1.2,1.9,122.0,36.2,23,0.0,11.8
Hubballi,15.3478,75.1338,2026-04-09 14:00:00,70.5,20.9,156.0,1.5,1.8,124.0,35.3,23,0.0,14.8
Hubballi,15.3478,75.1338,2026-04-09 15:00:00,65.2,20.1,154.0,1.9,1.7,124.0,35.9,21,0.0,10.0
Hubballi,15.3478,75.1338,2026-04-09 16:00:00,61.5,19.8,153.0,2.5,1.6,121.0,36.1,20,0.0,12.1
Hubballi,15.3478,75.1338,2026-04-09 17:00:00,43.7,15.9,154.0,2.8,1.5,113.0,32.3,35,0.0,25.1
Hubballi,15.3478,75.1338,2026-04-09 18:00:00,37.3,15.5,158.0,3.8,1.6,101.0,29.9,51,0.0,21.3
Hubballi,15.3478,75.1338,2026-04-09 19:00:00,33.2,15.0,164.0,5.2,1.8,85.0,27.6,61,0.0,19.0
Hubballi,15.3478,75.1338,2026-04-09 20:00:00,31.0,14.5,171.0,6.5,2.0,71.0,26.7,66,0.0,17.8
Hubballi,15.3478,75.1338,2026-04-09 21:00:00,29.9,14.1,180.0,7.3,2.2,63.0,25.8,71,0.0,16.3
Hubballi,15.3478,75.1338,2026-04-09 22:00:00,30.5,14.3,189.0,7.9,2.4,57.0,25.1,75,0.0,14.2
Hubballi,15.3478,75.1338,2026-04-09 23:00:00,30.6,14.4,197.0,8.6,2.5,52.0,24.5,79,0.0,10.9
Hubballi,15.3478,75.1338,2026-04-10 00:00:00,31.1,14.3,202.0,9.5,2.5,47.0,23.8,84,0.0,8.2
Hubballi,15.3478,75.1338,2026-04-10 01:00:00,34.0,14.9,205.0,10.5,2.6,42.0,23.3,86,0.0,4.1
Hubballi,15.3478,75.1338,2026-04-10 02:00:00,38.5,16.3,207.0,11.5,2.6,38.0,23.2,86,0.0,5.5
Hubballi,15.3478,75.1338,2026-04-10 03:00:00,42.7,18.0,209.0,12.7,2.7,33.0,23.1,83,0.0,7.4
Hubballi,15.3478,75.1338,2026-04-10 04:00:00,45.2,19.4,210.0,13.9,2.8,29.0,23.4,76,0.0,11.4
Hubballi,15.3478,75.1338,2026-04-10 05:00:00,46.1,19.0,210.0,13.9,3.2,31.0,24.0,68,0.0,13.2
Hubballi,15.3478,75.1338,2026-04-10 06:00:00,49.8,19.6,211.0,12.6,3.7,41.0,24.4,63,0.0,14.8
Hubballi,15.3478,75.1338,2026-04-10 07:00:00,51.8,21.7,212.0,10.7,4.3,56.0,26.1,57,0.0,15.2
Hubballi,15.3478,75.1338,2026-04-10 08:00:00,61.7,24.6,209.0,8.6,4.9,74.0,28.7,44,0.0,19.0
Hubballi,15.3478,75.1338,2026-04-10 09:00:00,57.3,26.4,200.0,6.2,5.3,100.0,31.5,31,0.0,18.8
Hubballi,15.3478,75.1338,2026-04-10 10:00:00,53.4,24.9,188.0,3.7,5.6,129.0,33.9,25,0.0,16.9
Hubballi,15.3478,75.1338,2026-04-10 11:00:00,54.1,23.7,179.0,1.9,5.7,151.0,34.9,23,0.0,13.7
Hubballi,15.3478,75.1338,2026-04-10 12:00:00,56.2,23.5,177.0,1.2,5.3,158.0,36.1,21,0.0,9.9
Hubballi,15.3478,75.1338,2026-04-10 13:00:00,55.8,22.9,179.0,1.3,4.6,157.0,36.8,20,0.0,7.6
Hubballi,15.3478,75.1338,2026-04-10 14:00:00,54.5,22.4,181.0,1.5,4.1,156.0,37.3,19,0.0,6.9
Hubballi,15.3478,75.1338,2026-04-10 15:00:00,53.1,21.9,182.0,0.9,3.9,159.0,37.6,18,0.0,8.4
Hubballi,15.3478,75.1338,2026-04-10 16:00:00,51.5,21.4,184.0,0.5,3.8,161.0,37.5,18,0.0,8.7
Hubballi,15.3478,75.1338,2026-04-10 17:00:00,40.5,17.3,187.0,3.1,4.4,152.0,36.6,18,0.0,9.0
Hubballi,15.3478,75.1338,2026-04-10 18:00:00,41.3,20.5,191.0,13.8,5.0,127.0,35.1,19,0.0,11.5
Hubballi,15.3478,75.1338,2026-04-10 19:00:00,49.7,28.5,195.0,28.7,5.8,93.0,33.5,21,0.0,5.9
Hubballi,15.3478,75.1338,2026-04-10 20:00:00,55.1,34.1,201.0,40.4,6.6,64.0,31.6,24,0.0,5.1
Hubballi,15.3478,75.1338,2026-04-10 21:00:00,59.8,39.0,210.0,46.7,7.3,47.0,29.2,44,0.0,14.2
Hubballi,15.3478,75.1338,2026-04-10 22:00:00,65.2,43.8,221.0,49.8,7.8,36.0,28.8,47,0.0,14.0
Hubballi,15.3478,75.1338,2026-04-10 23:00:00,67.5,45.5,229.0,49.3,8.0,30.0,27.7,55,0.0,12.4
Hubballi,15.3478,75.1338,2026-04-11 00:00:00,66.4,42.3,233.0,42.9,7.5,30.0,27.2,57,0.0,10.1
Hubballi,15.3478,75.1338,2026-04-11 01:00:00,65.0,39.5,235.0,32.8,6.6,35.0,26.7,57,0.0,9.7
Hubballi,15.3478,75.1338,2026-04-11 02:00:00,66.4,38.3,237.0,25.8,5.9,38.0,26.4,56,0.0,8.3
Hubballi,15.3478,75.1338,2026-04-11 03:00:00,69.8,38.9,239.0,25.8,5.8,34.0,25.6,54,0.0,5.5
Hubballi,15.3478,75.1338,2026-04-11 04:00:00,71.9,40.4,240.0,28.7,6.0,27.0,25.3,55,0.0,3.5
Hubballi,15.3478,75.1338,2026-04-11 05:00:00,55.5,36.3,241.0,29.2,5.7,33.0,24.5,64,0.0,8.3
Hubballi,15.3478,75.1338,2026-04-11 06:00:00,52.3,34.6,242.0,24.8,5.7,50.0,23.9,71,0.0,9.0
Hubballi,15.3478,75.1338,2026-04-11 07:00:00,52.7,35.3,243.0,18.5,5.6,74.0,25.3,69,0.0,6.5
Hubballi,15.3478,75.1338,2026-04-11 08:00:00,54.5,32.9,241.0,13.0,5.6,100.0,28.3,56,0.0,5.2
Hubballi,15.3478,75.1338,2026-04-11 09:00:00,54.2,31.3,235.0,8.8,5.7,128.0,31.5,41,0.0,4.5
Hubballi,15.3478,75.1338,2026-04-11 10:00:00,51.2,29.6,228.0,5.4,5.9,158.0,33.9,32,0.0,2.2
Hubballi,15.3478,75.1338,2026-04-11 11:00:00,49.2,29.0,222.0,2.9,6.1,180.0,34.2,33,0.0,4.4
Hubballi,15.3478,75.1338,2026-04-11 12:00:00,48.7,30.0,221.0,1.8,6.2,188.0,36.1,28,0.0,3.4
Hubballi,15.3478,75.1338,2026-04-11 13:00:00,47.5,29.1,222.0,1.8,6.2,188.0,37.1,24,0.0,3.2
Hubballi,15.3478,75.1338,2026-04-11 14:00:00,46.2,28.0,221.0,2.0,6.2,187.0,37.7,22,0.0,2.7
Hubballi,15.3478,75.1338,2026-04-11 15:00:00,44.8,27.4,216.0,2.3,6.1,191.0,38.5,19,0.0,4.6
Hubballi,15.3478,75.1338,2026-04-11 16:00:00,44.1,27.2,209.0,2.9,6.0,195.0,38.5,18,0.0,4.9
Hubballi,15.3478,75.1338,2026-04-11 17:00:00,36.8,25.3,205.0,3.7,5.9,194.0,37.7,19,0.0,8.2
Hubballi,15.3478,75.1338,2026-04-11 18:00:00,38.4,27.8,206.0,5.2,5.5,166.0,31.0,48,0.0,24.0
Hubballi,15.3478,75.1338,2026-04-11 19:00:00,40.7,29.7,211.0,7.2,5.0,127.0,29.5,57,0.0,16.6
Hubballi,15.3478,75.1338,2026-04-11 20:00:00,44.4,30.5,213.0,8.6,4.6,95.0,27.8,67,0.0,17.6
Hubballi,15.3478,75.1338,2026-04-11 21:00:00,48.1,31.4,212.0,8.7,4.3,78.0,27.0,72,0.0,11.8
Hubballi,15.3478,75.1338,2026-04-11 22:00:00,50.9,32.1,208.0,8.3,4.1,69.0,25.9,76,0.0,11.5
Hubballi,15.3478,75.1338,2026-04-11 23:00:00,51.1,32.5,205.0,8.0,3.9,62.0,25.4,81,0.0,14.7
Hubballi,15.3478,75.1338,2026-04-12 00:00:00,51.0,32.1,199.0,8.3,3.7,56.0,25.1,82,0.0,12.8
Hubballi,15.3478,75.1338,2026-04-12 01:00:00,51.0,32.2,194.0,8.8,3.5,51.0,25.2,79,0.0,10.6
Hubballi,15.3478,75.1338,2026-04-12 02:00:00,52.7,33.2,197.0,9.4,3.4,48.0,24.9,79,0.0,9.0
Hubballi,15.3478,75.1338,2026-04-12 03:00:00,54.7,34.9,217.0,10.2,3.3,43.0,24.3,82,0.0,7.2
Hubballi,15.3478,75.1338,2026-04-12 04:00:00,55.8,36.3,246.0,11.1,3.2,38.0,24.1,82,0.0,7.2
Hubballi,15.3478,75.1338,2026-04-12 05:00:00,53.1,35.2,267.0,11.5,4.1,43.0,25.0,76,0.0,8.2
Hubballi,15.3478,75.1338,2026-04-12 06:00:00,49.7,34.1,272.0,10.9,4.8,56.0,25.5,68,0.0,7.9
Hubballi,15.3478,75.1338,2026-04-12 07:00:00,49.4,33.9,269.0,10.0,5.8,75.0,27.2,59,0.0,9.8
Hubballi,15.3478,75.1338,2026-04-12 08:00:00,45.8,31.1,265.0,8.7,6.6,98.0,29.8,46,0.0,12.4
Hubballi,15.3478,75.1338,2026-04-12 09:00:00,41.8,29.6,263.0,6.8,7.3,127.0,32.5,36,0.0,11.1
Hubballi,15.3478,75.1338,2026-04-12 10:00:00,40.5,30.2,261.0,4.5,7.8,159.0,34.9,30,0.0,9.4
Hubballi,15.3478,75.1338,2026-04-12 11:00:00,40.7,30.6,259.0,2.8,8.0,182.0,35.4,31,0.0,6.9
Hubballi,15.3478,75.1338,2026-04-12 12:00:00,41.0,30.7,256.0,2.1,7.6,188.0,37.0,26,0.0,6.9
Hubballi,15.3478,75.1338,2026-04-12 13:00:00,41.7,30.7,252.0,1.9,6.9,185.0,38.2,23,0.0,7.9
Hubballi,15.3478,75.1338,2026-04-12 14:00:00,41.2,30.2,251.0,2.0,6.3,182.0,38.2,23,0.0,6.7
Hubballi,15.3478,75.1338,2026-04-12 15:00:00,41.1,29.8,255.0,2.1,5.8,184.0,38.2,23,0.0,7.3
Hubballi,15.3478,75.1338,2026-04-12 16:00:00,41.2,29.9,262.0,2.4,5.5,186.0,37.9,23,0.0,7.0
Hubballi,15.3478,75.1338,2026-04-12 17:00:00,42.6,30.9,262.0,3.0,4.8,175.0,37.2,23,0.0,7.8
Hubballi,15.3478,75.1338,2026-04-12 18:00:00,46.6,34.9,248.0,5.5,4.6,150.0,35.3,26,0.0,8.5
Hubballi,15.3478,75.1338,2026-04-12 19:00:00,47.5,38.8,228.0,8.8,4.2,115.0,29.9,62,0.1,22.3
Hubballi,15.3478,75.1338,2026-04-12 20:00:00,36.9,31.7,213.0,10.8,3.8,89.0,28.9,68,0.0,18.3
Hubballi,15.3478,75.1338,2026-04-12 21:00:00,32.7,27.3,211.0,10.0,3.3,79.0,26.8,76,0.0,15.4
Hubballi,15.3478,75.1338,2026-04-12 22:00:00,31.7,26.3,214.0,7.8,2.8,78.0,26.3,78,0.0,14.4
Hubballi,15.3478,75.1338,2026-04-12 23:00:00,31.9,26.4,216.0,6.1,2.4,78.0,25.6,84,0.0,12.8
Hubballi,15.3478,75.1338,2026-04-13 00:00:00,32.2,26.4,212.0,5.5,2.3,80.0,25.3,84,0.0,13.3
Hubballi,15.3478,75.1338,2026-04-13 01:00:00,34.8,27.2,207.0,5.4,2.4,83.0,24.8,86,0.0,13.4
Hubballi,15.3478,75.1338,2026-04-13 02:00:00,35.5,27.8,207.0,5.6,2.5,85.0,24.4,86,0.0,12.2
Hubballi,15.3478,75.1338,2026-04-13 03:00:00,36.1,28.3,220.0,6.2,2.6,81.0,24.2,85,0.0,10.1
Hubballi,15.3478,75.1338,2026-04-13 04:00:00,36.8,29.0,238.0,7.0,2.8,75.0,24.0,86,0.0,9.5
Hubballi,15.3478,75.1338,2026-04-13 05:00:00,36.1,28.2,250.0,5.3,2.3,83.0,24.4,86,0.0,13.9
Hubballi,15.3478,75.1338,2026-04-13 06:00:00,37.7,28.9,247.0,5.3,2.3,89.0,24.4,86,0.0,8.4
Hubballi,15.3478,75.1338,2026-04-13 07:00:00,39.0,29.6,238.0,5.3,2.4,98.0,24.8,83,0.0,12.4
Hubballi,15.3478,75.1338,2026-04-13 08:00:00,41.7,31.0,232.0,5.0,2.6,110.0,27.5,64,0.0,10.3
Hubballi,15.3478,75.1338,2026-04-13 09:00:00,42.8,31.8,234.0,4.1,3.0,126.0,31.3,44,0.0,7.3
Hubballi,15.3478,75.1338,2026-04-13 10:00:00,42.7,31.9,240.0,2.9,3.4,146.0,34.3,29,0.0,6.8
Hubballi,15.3478,75.1338,2026-04-13 11:00:00,42.6,31.8,244.0,2.0,3.9,160.0,34.9,29,0.0,7.6
Hubballi,15.3478,75.1338,2026-04-13 12:00:00,47.7,34.5,245.0,1.6,4.3,167.0,36.2,27,0.0,4.6
Hubballi,15.3478,75.1338,2026-04-13 13:00:00,50.5,36.7,245.0,1.5,4.8,169.0,37.4,26,0.0,5.8
Hubballi,15.3478,75.1338,2026-04-13 14:00:00,50.9,37.0,245.0,1.6,5.0,169.0,37.6,26,0.0,5.7
Hubballi,15.3478,75.1338,2026-04-13 15:00:00,50.2,36.6,248.0,2.0,5.0,170.0,37.6,26,0.0,6.0
Hubballi,15.3478,75.1338,2026-04-13 16:00:00,48.9,35.7,252.0,2.7,4.7,170.0,36.4,28,0.0,5.4
Hubballi,15.3478,75.1338,2026-04-13 17:00:00,43.1,32.9,253.0,3.6,4.2,158.0,33.9,37,0.1,15.9
Hubballi,15.3478,75.1338,2026-04-13 18:00:00,40.4,32.9,248.0,4.6,4.0,143.0,31.8,44,0.0,17.0
Hubballi,15.3478,75.1338,2026-04-13 19:00:00,34.8,30.0,239.0,6.0,3.8,121.0,30.7,50,0.0,17.2
Hubballi,15.3478,75.1338,2026-04-13 20:00:00,31.0,26.6,232.0,7.0,3.5,102.0,29.4,60,0.0,16.6
Hubballi,15.3478,75.1338,2026-04-13 21:00:00,26.8,22.6,230.0,7.4,3.2,89.0,27.0,77,0.0,15.2
Hubballi,15.3478,75.1338,2026-04-13 22:00:00,25.3,20.8,229.0,7.4,3.0,79.0,26.1,82,0.0,13.7
Hubballi,15.3478,75.1338,2026-04-13 23:00:00,24.7,19.4,228.0,7.3,2.7,71.0,26.0,83,0.0,10.0
Hubballi,15.3478,75.1338,2026-04-14 00:00:00,24.6,18.2,223.0,6.9,2.4,66.0,25.5,86,0.0,10.1
Hubballi,15.3478,75.1338,2026-04-14 01:00:00,24.8,17.9,218.0,6.4,2.2,64.0,25.2,88,0.0,9.8
Hubballi,15.3478,75.1338,2026-04-14 02:00:00,25.6,18.0,217.0,6.2,2.1,62.0,24.9,89,0.0,10.7
Hubballi,15.3478,75.1338,2026-04-14 03:00:00,26.5,18.5,225.0,6.6,2.1,58.0,24.7,89,0.0,8.8
Hubballi,15.3478,75.1338,2026-04-14 04:00:00,27.9,19.7,237.0,7.2,2.3,54.0,24.5,89,0.0,10.9
Hubballi,15.3478,75.1338,2026-04-14 05:00:00,27.5,18.8,245.0,6.9,2.0,57.0,24.9,88,0.0,10.1
Hubballi,15.3478,75.1338,2026-04-14 06:00:00,28.1,19.3,243.0,7.4,2.3,63.0,25.7,82,0.0,8.3
Hubballi,15.3478,75.1338,2026-04-14 07:00:00,29.8,20.1,236.0,8.1,2.7,71.0,27.1,77,0.0,13.1
Hubballi,15.3478,75.1338,2026-04-14 08:00:00,30.5,20.3,229.0,8.0,3.2,85.0,30.7,51,0.0,13.2
Hubballi,15.3478,75.1338,2026-04-14 09:00:00,28.6,18.5,221.0,6.4,3.9,108.0,33.9,33,0.0,13.7
Hubballi,15.3478,75.1338,2026-04-14 10:00:00,27.4,17.3,211.0,4.0,4.6,137.0,35.9,25,0.0,12.6
Hubballi,15.3478,75.1338,2026-04-14 11:00:00,30.6,20.1,206.0,2.2,5.2,158.0,36.2,26,0.0,9.1
Hubballi,15.3478,75.1338,2026-04-14 12:00:00,35.6,24.2,208.0,1.6,5.5,167.0,37.8,22,0.0,8.5
Hubballi,15.3478,75.1338,2026-04-14 13:00:00,35.3,24.0,213.0,1.5,5.5,169.0,38.8,21,0.0,8.0
Hubballi,15.3478,75.1338,2026-04-14 14:00:00,33.5,22.8,218.0,1.7,5.6,169.0,39.3,20,0.0,8.5
Hubballi,15.3478,75.1338,2026-04-14 15:00:00,32.5,22.2,222.0,1.9,5.8,172.0,38.5,21,0.0,10.6
Hubballi,15.3478,75.1338,2026-04-14 16:00:00,32.0,22.2,226.0,2.3,6.0,174.0,37.7,22,0.0,14.2
Hubballi,15.3478,75.1338,2026-04-14 17:00:00,26.6,19.2,227.0,3.0,5.5,169.0,37.3,21,0.0,13.2
Hubballi,15.3478,75.1338,2026-04-14 18:00:00,28.1,20.8,223.0,6.5,5.2,146.0,35.4,24,0.0,7.6
Hubballi,15.3478,75.1338,2026-04-14 19:00:00,32.1,25.9,216.0,11.1,4.7,115.0,31.5,43,0.0,17.3
Hubballi,15.3478,75.1338,2026-04-14 20:00:00,23.0,19.7,211.0,13.8,4.1,89.0,30.0,54,0.0,17.5
Hubballi,15.3478,75.1338,2026-04-14 21:00:00,17.6,15.0,210.0,12.6,3.4,74.0,27.9,61,0.0,15.8
Hubballi,15.3478,75.1338,2026-04-14 22:00:00,16.8,13.4,211.0,9.4,2.6,64.0,27.0,67,0.0,12.1
Hubballi,15.3478,75.1338,2026-04-14 23:00:00,18.6,14.5,211.0,7.0,2.1,59.0,26.4,71,0.0,13.7
Hubballi,15.3478,75.1338,2026-04-15 00:00:00,21.0,15.9,207.0,6.4,2.3,59.0,26.1,72,0.0,11.2
Hubballi,15.3478,75.1338,2026-04-15 01:00:00,23.9,17.6,202.0,6.5,2.7,63.0,25.9,72,0.0,11.9
Hubballi,15.3478,75.1338,2026-04-15 02:00:00,26.1,19.1,203.0,6.8,3.1,66.0,25.3,74,0.0,12.5
Hubballi,15.3478,75.1338,2026-04-15 03:00:00,27.4,20.2,216.0,7.4,3.1,63.0,24.7,77,0.0,11.3
Hubballi,15.3478,75.1338,2026-04-15 04:00:00,28.2,21.0,235.0,8.2,3.1,57.0,23.9,82,0.0,11.3
Hubballi,15.3478,75.1338,2026-04-15 05:00:00,29.5,21.9,244.0,7.7,2.5,56.0,23.8,90,0.0,12.2
Hubballi,15.3478,75.1338,2026-04-15 06:00:00,30.7,22.1,234.0,6.9,2.4,65.0,23.4,92,0.0,12.3
Hubballi,15.3478,75.1338,2026-04-15 07:00:00,31.3,21.6,216.0,5.9,2.3,78.0,24.5,85,0.0,12.1
Hubballi,15.3478,75.1338,2026-04-15 08:00:00,31.8,21.6,204.0,4.8,2.5,93.0,27.0,71,0.0,9.2
Hubballi,15.3478,75.1338,2026-04-15 09:00:00,31.2,21.2,206.0,3.7,3.4,113.0,30.2,54,0.0,6.3
Hubballi,15.3478,75.1338,2026-04-15 10:00:00,30.9,20.5,215.0,2.7,4.6,135.0,32.9,41,0.0,4.0
Hubballi,15.3478,75.1338,2026-04-15 11:00:00,30.7,19.8,224.0,1.9,5.5,153.0,33.8,37,0.0,3.3
Hubballi,15.3478,75.1338,2026-04-15 12:00:00,31.0,20.2,230.0,1.6,5.6,163.0,36.2,29,0.0,2.4
Hubballi,15.3478,75.1338,2026-04-15 13:00:00,35.3,24.4,235.0,1.5,5.3,168.0,37.1,26,0.0,2.2
Hubballi,15.3478,75.1338,2026-04-15 14:00:00,36.0,25.6,240.0,1.7,5.1,171.0,38.1,24,0.0,4.2
Hubballi,15.3478,75.1338,2026-04-15 15:00:00,35.6,25.7,246.0,2.1,5.1,175.0,38.2,23,0.0,5.2
Hubballi,15.3478,75.1338,2026-04-15 16:00:00,35.2,25.7,251.0,2.6,5.1,178.0,38.1,23,0.0,5.9
Hubballi,15.3478,75.1338,2026-04-15 17:00:00,28.8,22.0,248.0,3.3,4.9,167.0,37.5,22,0.0,6.5
Hubballi,15.3478,75.1338,2026-04-15 18:00:00,28.3,22.8,227.0,3.8,4.0,140.0,31.2,56,0.0,25.4
Hubballi,15.3478,75.1338,2026-04-15 19:00:00,28.1,21.9,198.0,4.4,2.7,104.0,29.3,67,0.0,23.7
Hubballi,15.3478,75.1338,2026-04-15 20:00:00,29.6,20.5,178.0,4.9,1.8,76.0,27.3,75,0.0,17.7
Hubballi,15.3478,75.1338,2026-04-15 21:00:00,30.7,20.2,178.0,5.1,1.5,67.0,26.0,81,0.0,14.9
Hubballi,15.3478,75.1338,2026-04-15 22:00:00,31.8,20.0,187.0,5.2,1.6,67.0,25.7,82,0.0,16.9
Hubballi,15.3478,75.1338,2026-04-15 23:00:00,32.9,19.4,193.0,5.3,1.7,67.0,25.0,87,0.0,11.7
Hubballi,15.3478,75.1338,2026-04-16 00:00:00,34.3,19.0,190.0,5.4,1.7,64.0,24.7,89,0.0,13.2
Hubballi,15.3478,75.1338,2026-04-16 01:00:00,34.7,18.7,185.0,5.6,1.7,62.0,24.4,89,0.0,12.7
Hubballi,15.3478,75.1338,2026-04-16 02:00:00,34.0,18.3,184.0,5.8,1.8,60.0,24.0,89,0.0,12.9
Hubballi,15.3478,75.1338,2026-04-16 03:00:00,35.3,18.2,195.0,6.2,2.0,59.0,23.7,90,0.0,12.4
Hubballi,15.3478,75.1338,2026-04-16 04:00:00,35.5,18.2,211.0,6.6,2.2,58.0,23.3,92,0.0,11.6
Hubballi,15.3478,75.1338,2026-04-16 05:00:00,33.9,17.2,220.0,5.7,1.9,60.0,23.6,93,0.0,11.3
Hubballi,15.3478,75.1338,2026-04-16 06:00:00,39.2,18.5,216.0,5.6,1.9,66.0,23.7,91,0.0,9.3
Hubballi,15.3478,75.1338,2026-04-16 07:00:00,40.0,19.3,205.0,5.5,2.0,74.0,24.8,84,0.0,7.8
Hubballi,15.3478,75.1338,2026-04-16 08:00:00,39.5,19.8,196.0,5.0,2.2,86.0,26.9,71,0.0,8.0
Hubballi,15.3478,75.1338,2026-04-16 09:00:00,36.0,18.5,191.0,4.0,2.6,103.0,29.4,57,0.0,5.6
Hubballi,15.3478,75.1338,2026-04-16 10:00:00,29.5,15.2,188.0,2.7,3.0,122.0,31.8,44,0.0,2.5
Hubballi,15.3478,75.1338,2026-04-16 11:00:00,25.5,13.5,187.0,1.7,3.4,139.0,32.9,37,0.0,1.5
Hubballi,15.3478,75.1338,2026-04-16 12:00:00,24.9,14.4,190.0,1.3,3.6,150.0,36.0,26,0.0,4.3
Hubballi,15.3478,75.1338,2026-04-16 13:00:00,26.4,16.8,195.0,1.3,3.7,158.0,36.7,24,0.0,8.2
Hubballi,15.3478,75.1338,2026-04-16 14:00:00,27.6,18.3,201.0,1.5,3.7,164.0,37.3,24,0.0,10.0
Hubballi,15.3478,75.1338,2026-04-16 15:00:00,27.6,18.9,210.0,1.7,3.8,169.0,37.5,23,0.0,10.0
Hubballi,15.3478,75.1338,2026-04-16 16:00:00,27.6,19.1,220.0,2.1,3.8,171.0,36.6,25,0.0,7.8
Hubballi,15.3478,75.1338,2026-04-16 17:00:00,39.9,28.1,224.0,2.9,3.7,168.0,36.3,24,0.0,6.0
Hubballi,15.3478,75.1338,2026-04-16 18:00:00,41.7,30.6,217.0,5.2,3.6,147.0,34.7,26,0.0,6.8
Hubballi,15.3478,75.1338,2026-04-16 19:00:00,42.3,32.8,204.0,8.2,3.6,117.0,32.7,32,0.0,15.3
Hubballi,15.3478,75.1338,2026-04-16 20:00:00,37.0,27.6,196.0,10.1,3.4,92.0,28.0,60,0.0,16.0
Hubballi,15.3478,75.1338,2026-04-16 21:00:00,29.5,19.4,198.0,9.7,3.1,78.0,27.7,63,0.0,15.8
Hubballi,15.3478,75.1338,2026-04-16 22:00:00,26.1,15.9,204.0,8.1,2.7,69.0,26.7,68,0.0,16.6
Hubballi,15.3478,75.1338,2026-04-16 23:00:00,24.7,15.0,208.0,6.9,2.5,63.0,26.2,73,0.0,14.9
Hubballi,15.3478,75.1338,2026-04-17 00:00:00,24.3,14.6,204.0,6.4,2.5,61.0,25.8,74,0.0,12.0
Hubballi,15.3478,75.1338,2026-04-17 01:00:00,24.1,14.7,197.0,6.2,2.6,63.0,25.4,75,0.0,11.0
Hubballi,15.3478,75.1338,2026-04-17 02:00:00,24.9,15.0,196.0,6.6,2.8,63.0,25.1,75,0.0,9.8
Hubballi,15.3478,75.1338,2026-04-17 03:00:00,24.0,15.3,207.0,8.1,2.9,58.0,24.9,76,0.0,8.4
Hubballi,15.3478,75.1338,2026-04-17 04:00:00,23.9,15.9,223.0,10.1,3.0,53.0,24.3,79,0.0,8.1
Hubballi,15.3478,75.1338,2026-04-17 05:00:00,26.9,16.9,233.0,8.0,2.6,58.0,24.1,83,0.0,8.8
Hubballi,15.3478,75.1338,2026-04-17 06:00:00,27.1,17.5,229.0,7.8,2.8,65.0,23.9,85,0.0,8.4
Hubballi,15.3478,75.1338,2026-04-17 07:00:00,28.1,18.2,219.0,7.5,3.2,77.0,25.3,78,0.0,5.4
Hubballi,15.3478,75.1338,2026-04-17 08:00:00,28.3,18.9,211.0,6.8,3.5,92.0,28.2,62,0.0,6.4
Hubballi,15.3478,75.1338,2026-04-17 09:00:00,24.2,16.5,209.0,5.3,3.7,115.0,31.5,47,0.0,4.1
Hubballi,15.3478,75.1338,2026-04-17 10:00:00,19.8,14.3,209.0,3.4,3.9,143.0,34.3,35,0.0,2.2
Hubballi,15.3478,75.1338,2026-04-17 11:00:00,22.3,16.4,212.0,2.0,4.0,163.0,35.3,31,0.0,7.2
Hubballi,15.3478,75.1338,2026-04-17 12:00:00,27.6,21.3,220.0,1.5,4.0,171.0,36.1,28,0.0,9.0
Hubballi,15.3478,75.1338,2026-04-17 13:00:00,28.5,22.6,231.0,1.5,3.8,172.0,37.0,26,0.0,9.0
Hubballi,15.3478,75.1338,2026-04-17 14:00:00,28.9,23.2,240.0,1.7,3.7,172.0,37.4,25,0.0,8.8
Hubballi,15.3478,75.1338,2026-04-17 15:00:00,28.9,23.5,241.0,0.8,3.4,176.0,37.6,24,0.0,7.9
Hubballi,15.3478,75.1338,2026-04-17 16:00:00,29.2,23.9,240.0,0.0,3.1,178.0,36.8,25,0.0,8.2
Hubballi,15.3478,75.1338,2026-04-17 17:00:00,31.4,26.0,245.0,2.7,3.3,170.0,37.6,22,0.0,6.5
Hubballi,15.3478,75.1338,2026-04-17 18:00:00,35.9,30.4,266.0,13.1,4.2,145.0,34.6,27,0.0,7.9
Hubballi,15.3478,75.1338,2026-04-17 19:00:00,42.0,36.9,294.0,27.2,5.4,110.0,33.5,29,0.0,11.0
Hubballi,15.3478,75.1338,2026-04-17 20:00:00,41.9,37.4,307.0,35.1,6.0,82.0,31.3,39,0.0,13.1
Hubballi,15.3478,75.1338,2026-04-17 21:00:00,31.4,27.8,293.0,30.8,5.4,68.0,28.7,61,0.0,11.3
Hubballi,15.3478,75.1338,2026-04-17 22:00:00,24.5,21.0,266.0,20.3,4.1,61.0,28.0,64,0.0,10.8
Hubballi,15.3478,75.1338,2026-04-17 23:00:00,21.5,17.3,241.0,12.5,3.2,56.0,27.6,67,0.0,10.5
Hubballi,15.3478,75.1338,2026-04-18 00:00:00,21.1,16.1,223.0,11.1,3.2,51.0,27.1,69,0.0,8.1
Hubballi,15.3478,75.1338,2026-04-18 01:00:00,21.6,16.3,207.0,12.4,3.5,47.0,26.8,68,0.0,9.6
Hubballi,15.3478,75.1338,2026-04-18 02:00:00,22.5,16.8,204.0,13.4,3.7,44.0,26.9,65,0.0,5.1
Hubballi,15.3478,75.1338,2026-04-18 03:00:00,23.7,17.9,224.0,13.4,3.4,40.0,26.2,67,0.0,3.6
Hubballi,15.3478,75.1338,2026-04-18 04:00:00,22.7,17.3,255.0,13.3,3.0,36.0,25.4,70,0.0,4.6
Hubballi,15.3478,75.1338,2026-04-18 05:00:00,20.6,15.1,273.0,10.2,2.5,45.0,23.8,85,0.0,11.6
Hubballi,15.3478,75.1338,2026-04-18 06:00:00,20.3,15.0,262.0,9.3,2.6,54.0,23.5,90,0.0,10.3
Hubballi,15.3478,75.1338,2026-04-18 07:00:00,23.6,15.4,237.0,7.9,2.9,68.0,25.1,82,0.0,8.8
Hubballi,15.3478,75.1338,2026-04-18 08:00:00,25.6,16.4,218.0,6.5,3.1,85.0,27.8,68,0.0,8.3
Hubballi,15.3478,75.1338,2026-04-18 09:00:00,26.1,16.8,212.0,4.9,3.5,108.0,31.0,52,0.0,6.8
Hubballi,15.3478,75.1338,2026-04-18 10:00:00,23.7,16.2,211.0,3.2,3.8,133.0,33.6,41,0.0,5.6
Hubballi,15.3478,75.1338,2026-04-18 11:00:00,24.9,18.1,213.0,2.0,4.0,152.0,34.5,35,0.0,7.3
Hubballi,15.3478,75.1338,2026-04-18 12:00:00,27.2,20.7,218.0,1.5,3.7,159.0,36.1,25,0.0,7.5
Hubballi,15.3478,75.1338,2026-04-18 13:00:00,30.5,23.5,226.0,1.4,3.3,158.0,36.7,23,0.0,7.5
Hubballi,15.3478,75.1338,2026-04-18 14:00:00,30.7,23.8,233.0,1.6,2.9,157.0,37.1,22,0.0,8.1
Hubballi,15.3478,75.1338,2026-04-18 15:00:00,31.4,24.3,239.0,1.9,2.8,158.0,36.9,21,0.0,7.5
Hubballi,15.3478,75.1338,2026-04-18 16:00:00,32.1,25.0,245.0,2.5,2.8,158.0,36.5,21,0.0,4.7
Hubballi,15.3478,75.1338,2026-04-18 17:00:00,24.5,19.4,249.0,3.4,2.8,152.0,37.5,17,0.0,2.7
Hubballi,15.3478,75.1338,2026-04-18 18:00:00,25.6,21.7,247.0,4.3,2.9,135.0,35.5,23,0.0,3.1
Hubballi,15.3478,75.1338,2026-04-18 19:00:00,25.8,21.7,242.0,5.6,3.1,110.0,29.8,55,0.0,23.2
Hubballi,15.3478,75.1338,2026-04-18 20:00:00,26.7,20.8,243.0,7.3,3.4,90.0,29.4,61,0.0,12.7
Hubballi,15.3478,75.1338,2026-04-18 21:00:00,27.5,20.7,257.0,9.9,3.9,79.0,28.7,69,0.0,11.8
Hubballi,15.3478,75.1338,2026-04-18 22:00:00,29.9,21.9,276.0,12.9,4.4,71.0,27.6,74,0.0,11.4
Hubballi,15.3478,75.1338,2026-04-18 23:00:00,34.2,25.1,282.0,14.9,4.7,65.0,26.6,80,0.0,10.2
Hubballi,15.3478,75.1338,2026-04-19 00:00:00,34.5,25.5,261.0,15.2,4.7,59.0,25.9,84,0.0,9.6
Hubballi,15.3478,75.1338,2026-04-19 01:00:00,34.1,25.6,228.0,14.5,4.4,53.0,25.3,87,0.0,8.8
Hubballi,15.3478,75.1338,2026-04-19 02:00:00,37.3,28.0,205.0,13.7,4.0,49.0,24.6,91,0.0,6.3
Hubballi,15.3478,75.1338,2026-04-19 03:00:00,40.3,30.5,205.0,13.2,3.4,43.0,24.1,94,0.0,5.4
Hubballi,15.3478,75.1338,2026-04-19 04:00:00,42.1,31.3,215.0,12.7,2.6,38.0,23.7,97,0.0,6.1
Hubballi,15.3478,75.1338,2026-04-19 05:00:00,36.0,26.0,224.0,8.5,2.0,45.0,23.8,97,0.0,9.2
Hubballi,15.3478,75.1338,2026-04-19 06:00:00,35.9,25.3,227.0,7.8,1.9,56.0,24.2,91,0.0,7.7
Hubballi,15.3478,75.1338,2026-04-19 07:00:00,33.9,23.5,229.0,6.7,1.7,73.0,25.1,85,0.0,7.7
Hubballi,15.3478,75.1338,2026-04-19 08:00:00,34.5,25.1,231.0,5.6,1.8,93.0,28.0,69,0.0,7.9
Hubballi,15.3478,75.1338,2026-04-19 09:00:00,34.7,27.0,236.0,4.4,2.4,119.0,31.3,54,0.0,8.1
Hubballi,15.3478,75.1338,2026-04-19 10:00:00,36.2,29.3,241.0,3.1,3.2,147.0,34.0,43,0.0,7.5
Hubballi,15.3478,75.1338,2026-04-19 11:00:00,38.6,32.0,244.0,2.1,3.8,167.0,35.2,33,0.0,7.8
Hubballi,15.3478,75.1338,2026-04-19 12:00:00,39.6,32.9,242.0,1.7,3.9,172.0,36.4,27,0.0,7.6
Hubballi,15.3478,75.1338,2026-04-19 13:00:00,40.4,33.2,237.0,1.6,3.7,169.0,37.2,25,0.0,7.4
Hubballi,15.3478,75.1338,2026-04-19 14:00:00,39.2,32.2,235.0,1.8,3.5,163.0,37.5,24,0.0,5.1
Hubballi,15.3478,75.1338,2026-04-19 15:00:00,37.7,31.1,234.0,2.2,3.2,156.0,31.9,39,0.4,18.3
Hubballi,15.3478,75.1338,2026-04-19 16:00:00,35.7,29.4,236.0,2.9,2.8,146.0,33.1,36,0.0,15.6
Hubballi,15.3478,75.1338,2026-04-19 17:00:00,32.0,26.8,248.0,3.8,2.6,127.0,32.3,42,0.0,10.4
Hubballi,15.3478,75.1338,2026-04-19 18:00:00,31.1,25.7,283.0,5.5,2.8,115.0,31.1,44,0.0,13.4
Hubballi,15.3478,75.1338,2026-04-19 19:00:00,31.8,26.3,328.0,7.9,3.0,99.0,30.5,46,0.0,10.7
Hubballi,15.3478,75.1338,2026-04-19 20:00:00,33.1,27.4,350.0,9.9,3.3,85.0,29.3,53,0.0,10.8
Hubballi,15.3478,75.1338,2026-04-19 21:00:00,34.1,27.8,328.0,10.8,3.5,75.0,28.1,59,0.0,12.8
Hubballi,15.3478,75.1338,2026-04-19 22:00:00,34.5,28.2,284.0,11.4,3.7,68.0,27.2,65,0.0,9.6
Hubballi,15.3478,75.1338,2026-04-19 23:00:00,34.8,28.3,250.0,12.1,3.9,61.0,25.9,72,0.0,7.2
Hubballi,15.3478,75.1338,2026-04-20 00:00:00,35.2,28.3,241.0,13.4,4.1,55.0,25.3,74,0.0,0.7
Hubballi,15.3478,75.1338,2026-04-20 01:00:00,36.8,29.4,243.0,14.9,4.2,50.0,24.9,75,0.0,1.7
Hubballi,15.3478,75.1338,2026-04-20 02:00:00,39.3,31.5,248.0,16.4,4.3,45.0,24.1,77,0.0,1.3
Hubballi,15.3478,75.1338,2026-04-20 03:00:00,41.7,33.5,257.0,18.5,4.2,36.0,23.3,88,0.0,2.3
Hubballi,15.3478,75.1338,2026-04-20 04:00:00,43.9,35.5,269.0,20.5,4.1,27.0,22.9,94,0.0,7.2
Hubballi,15.3478,75.1338,2026-04-20 05:00:00,53.1,46.3,280.0,30.4,6.1,36.0,23.4,78,0.0,2.0
Hubballi,15.3478,75.1338,2026-04-20 06:00:00,57.0,50.6,288.0,25.4,6.4,59.0,23.3,78,0.0,2.8
Hubballi,15.3478,75.1338,2026-04-20 07:00:00,54.2,49.0,294.0,18.3,6.8,91.0,25.5,67,0.0,5.4
Hubballi,15.3478,75.1338,2026-04-20 08:00:00,49.1,43.2,295.0,12.2,6.9,121.0,28.3,52,0.0,6.5
Hubballi,15.3478,75.1338,2026-04-20 09:00:00,51.2,44.8,288.0,7.9,6.4,148.0,31.4,40,0.0,5.2
Hubballi,15.3478,75.1338,2026-04-20 10:00:00,49.7,42.8,277.0,4.6,5.7,174.0,33.9,32,0.0,6.4
Hubballi,15.3478,75.1338,2026-04-20 11:00:00,48.7,40.5,268.0,2.3,5.0,191.0,34.6,31,0.0,8.7
Hubballi,15.3478,75.1338,2026-04-20 12:00:00,48.3,39.5,263.0,1.3,4.6,195.0,35.9,27,0.0,7.4
Hubballi,15.3478,75.1338,2026-04-20 13:00:00,48.5,38.9,261.0,1.3,4.3,191.0,36.6,23,0.0,6.7
Hubballi,15.3478,75.1338,2026-04-20 14:00:00,48.9,38.5,261.0,1.7,4.0,186.0,37.3,21,0.0,9.5
Hubballi,15.3478,75.1338,2026-04-20 15:00:00,49.4,38.5,267.0,2.4,3.8,184.0,37.1,19,0.0,10.7
Hubballi,15.3478,75.1338,2026-04-20 16:00:00,49.4,38.5,275.0,3.5,3.6,181.0,36.6,19,0.0,10.6
Hubballi,15.3478,75.1338,2026-04-20 17:00:00,40.9,31.1,277.0,3.2,3.7,178.0,36.9,17,0.0,8.1
Hubballi,15.3478,75.1338,2026-04-20 18:00:00,45.2,35.6,268.0,6.7,3.7,155.0,35.1,20,0.0,4.5
Hubballi,15.3478,75.1338,2026-04-20 19:00:00,46.6,39.2,254.0,11.5,3.8,124.0,29.6,61,0.0,23.0
Hubballi,15.3478,75.1338,2026-04-20 20:00:00,36.4,33.1,241.0,14.1,3.7,100.0,28.8,62,0.0,15.1
Hubballi,15.3478,75.1338,2026-04-20 21:00:00,31.1,28.9,233.0,12.5,3.3,91.0,26.6,79,0.0,16.8
Hubballi,15.3478,75.1338,2026-04-20 22:00:00,30.0,27.6,227.0,8.7,2.9,89.0,26.2,82,0.0,15.3
Hubballi,15.3478,75.1338,2026-04-20 23:00:00,30.2,27.5,221.0,5.8,2.5,88.0,24.8,89,0.0,14.3
Hubballi,15.3478,75.1338,2026-04-21 00:00:00,30.2,27.2,211.0,5.0,2.4,86.0,24.6,90,0.0,15.8
Hubballi,15.3478,75.1338,2026-04-21 01:00:00,29.6,26.5,200.0,5.1,2.4,85.0,24.3,91,0.0,15.1
Hubballi,15.3478,75.1338,2026-04-21 02:00:00,29.0,25.8,197.0,5.4,2.4,83.0,24.0,91,0.0,12.6
Hubballi,15.3478,75.1338,2026-04-21 03:00:00,28.1,24.9,211.0,5.8,2.4,78.0,23.8,91,0.0,12.2
Hubballi,15.3478,75.1338,2026-04-21 04:00:00,28.2,25.0,234.0,6.3,2.3,73.0,23.4,92,0.0,11.8
Hubballi,15.3478,75.1338,2026-04-21 05:00:00,32.7,28.9,248.0,6.1,1.6,75.0,23.7,93,0.0,9.5
Hubballi,15.3478,75.1338,2026-04-21 06:00:00,33.4,29.4,244.0,5.7,1.6,86.0,23.6,93,0.0,9.8
Hubballi,15.3478,75.1338,2026-04-21 07:00:00,32.8,28.2,231.0,5.0,1.6,102.0,24.8,84,0.0,9.4
Hubballi,15.3478,75.1338,2026-04-21 08:00:00,34.1,29.2,222.0,4.3,1.8,118.0,27.1,71,0.0,8.7
Hubballi,15.3478,75.1338,2026-04-21 09:00:00,34.9,29.9,224.0,3.5,2.3,135.0,29.9,56,0.0,8.2
Hubballi,15.3478,75.1338,2026-04-21 10:00:00,35.3,30.2,230.0,2.5,3.1,154.0,32.3,45,0.0,6.8
Hubballi,15.3478,75.1338,2026-04-21 11:00:00,36.0,30.3,236.0,1.9,3.8,168.0,32.5,44,0.0,5.9
Hubballi,15.3478,75.1338,2026-04-21 12:00:00,37.7,31.2,239.0,1.7,4.5,176.0,34.0,38,0.0,5.6
Hubballi,15.3478,75.1338,2026-04-21 13:00:00,38.9,31.8,243.0,1.7,5.1,180.0,35.1,33,0.0,4.4
Hubballi,15.3478,75.1338,2026-04-21 14:00:00,40.2,32.4,249.0,1.9,5.5,182.0,35.6,30,0.0,4.0
Hubballi,15.3478,75.1338,2026-04-21 15:00:00,40.6,32.7,250.0,2.1,5.3,184.0,36.0,28,0.0,5.3
Hubballi,15.3478,75.1338,2026-04-21 16:00:00,41.0,32.9,254.0,2.4,4.9,183.0,35.5,27,0.0,5.8
Hubballi,15.3478,75.1338,2026-04-21 17:00:00,46.0,36.8,289.0,3.5,4.7,174.0,33.9,29,0.2,16.0
Hubballi,15.3478,75.1338,2026-04-21 18:00:00,44.6,37.4,397.0,4.9,5.0,164.0,30.2,49,0.1,19.2
Hubballi,15.3478,75.1338,2026-04-21 19:00:00,42.4,37.5,537.0,6.9,5.4,150.0,29.2,52,0.0,8.6
Hubballi,15.3478,75.1338,2026-04-21 20:00:00,39.2,35.7,610.0,9.0,5.7,135.0,28.9,56,0.0,9.6
Hubballi,15.3478,75.1338,2026-04-21 21:00:00,39.7,36.1,551.0,11.5,5.9,119.0,27.9,62,0.0,8.5
Hubballi,15.3478,75.1338,2026-04-21 22:00:00,41.0,37.4,426.0,14.0,6.0,103.0,27.6,63,0.0,9.9
Hubballi,15.3478,75.1338,2026-04-21 23:00:00,40.7,37.1,330.0,15.8,6.1,89.0,24.6,72,0.0,15.1
Hubballi,15.3478,75.1338,2026-04-22 00:00:00,38.4,34.9,306.0,15.8,6.0,80.0,24.8,72,0.0,10.6
Hubballi,15.3478,75.1338,2026-04-22 01:00:00,37.1,33.8,313.0,15.0,5.9,73.0,24.7,71,0.0,10.3
Hubballi,15.3478,75.1338,2026-04-22 02:00:00,37.8,34.3,320.0,15.0,5.8,68.0,24.5,68,0.0,9.0
Hubballi,15.3478,75.1338,2026-04-22 03:00:00,40.4,36.6,320.0,17.0,5.9,60.0,24.9,61,0.0,8.0
Hubballi,15.3478,75.1338,2026-04-22 04:00:00,43.9,39.5,320.0,19.8,6.1,54.0,24.2,63,0.0,5.6
Hubballi,15.3478,75.1338,2026-04-22 05:00:00,60.1,53.2,321.0,24.9,6.5,58.0,23.5,76,0.0,4.5
Hubballi,15.3478,75.1338,2026-04-22 06:00:00,58.4,52.3,323.0,21.4,6.7,77.0,23.5,75,0.0,3.9
Hubballi,15.3478,75.1338,2026-04-22 07:00:00,55.6,50.3,325.0,16.4,6.9,105.0,25.5,65,0.0,3.3
Hubballi,15.3478,75.1338,2026-04-22 08:00:00,59.8,51.9,321.0,11.8,7.0,131.0,28.1,54,0.0,1.0
Hubballi,15.3478,75.1338,2026-04-22 09:00:00,59.8,50.4,306.0,7.9,7.0,154.0,31.0,43,0.0,0.4
Hubballi,15.3478,75.1338,2026-04-22 10:00:00,56.6,46.8,285.0,4.4,6.8,175.0,33.4,32,0.0,2.9
Hubballi,15.3478,75.1338,2026-04-22 11:00:00,49.8,40.3,268.0,2.0,6.4,189.0,33.9,33,0.0,6.2
Hubballi,15.3478,75.1338,2026-04-22 12:00:00,42.0,34.0,258.0,1.1,5.6,191.0,35.5,28,0.0,6.8
Hubballi,15.3478,75.1338,2026-04-22 13:00:00,37.7,30.7,252.0,1.3,4.6,187.0,36.1,25,0.0,7.6
Hubballi,15.3478,75.1338,2026-04-22 14:00:00,35.0,28.8,249.0,1.7,3.8,182.0,36.8,23,0.0,8.4
Hubballi,15.3478,75.1338,2026-04-22 15:00:00,33.5,27.7,245.0,1.9,3.4,182.0,37.0,22,0.0,8.1
Hubballi,15.3478,75.1338,2026-04-22 16:00:00,32.0,26.7,244.0,2.2,3.3,182.0,35.3,24,0.0,6.2
Hubballi,15.3478,75.1338,2026-04-22 17:00:00,25.0,21.2,254.0,2.9,3.9,181.0,36.0,20,0.0,4.8
Hubballi,15.3478,75.1338,2026-04-22 18:00:00,27.1,23.6,288.0,10.5,4.4,156.0,33.9,26,0.0,12.9
Hubballi,15.3478,75.1338,2026-04-22 19:00:00,35.2,31.8,333.0,20.8,5.1,121.0,31.9,30,0.0,8.6
Hubballi,15.3478,75.1338,2026-04-22 20:00:00,35.5,32.8,359.0,27.7,5.6,92.0,30.4,35,0.0,10.5
Hubballi,15.3478,75.1338,2026-04-22 21:00:00,34.9,32.1,345.0,27.9,5.7,77.0,28.3,53,0.0,11.3
Hubballi,15.3478,75.1338,2026-04-22 22:00:00,36.1,32.9,313.0,24.6,5.5,68.0,27.3,63,0.0,11.7
Hubballi,15.3478,75.1338,2026-04-22 23:00:00,36.0,32.7,289.0,21.3,5.4,63.0,27.1,67,0.0,12.4
Hubballi,15.3478,75.1338,2026-04-23 00:00:00,34.1,31.0,287.0,18.6,5.3,62.0,26.9,69,0.0,9.5
Hubballi,15.3478,75.1338,2026-04-23 01:00:00,33.8,30.6,294.0,15.8,5.3,63.0,26.3,69,0.0,4.8
Hubballi,15.3478,75.1338,2026-04-23 02:00:00,34.2,31.0,304.0,14.2,5.2,64.0,25.4,73,0.0,4.3
Hubballi,15.3478,75.1338,2026-04-23 03:00:00,36.0,32.6,321.0,14.9,5.0,59.0,25.2,71,0.0,5.6
Hubballi,15.3478,75.1338,2026-04-23 04:00:00,38.3,34.8,341.0,16.8,4.8,52.0,24.7,72,0.0,4.4
Hubballi,15.3478,75.1338,2026-04-23 05:00:00,44.2,40.0,348.0,19.1,5.5,58.0,23.9,87,0.0,5.3
Hubballi,15.3478,75.1338,2026-04-23 06:00:00,44.8,40.9,331.0,16.7,5.6,73.0,23.5,95,0.0,9.2
Hubballi,15.3478,75.1338,2026-04-23 07:00:00,44.4,40.6,301.0,13.3,5.7,95.0,25.1,87,0.0,6.1
Hubballi,15.3478,75.1338,2026-04-23 08:00:00,39.8,36.1,278.0,10.1,6.1,119.0,28.3,66,0.0,5.6
Hubballi,15.3478,75.1338,2026-04-23 09:00:00,37.1,33.6,272.0,7.3,7.2,146.0,31.6,48,0.0,4.2
Hubballi,15.3478,75.1338,2026-04-23 10:00:00,34.0,30.5,273.0,4.8,8.5,175.0,34.6,33,0.0,2.4
Hubballi,15.3478,75.1338,2026-04-23 11:00:00,33.5,29.3,272.0,2.9,9.1,195.0,35.5,27,0.0,4.1
Hubballi,15.3478,75.1338,2026-04-23 12:00:00,32.4,27.8,264.0,2.0,8.2,200.0,37.3,22,0.0,8.5
Hubballi,15.3478,75.1338,2026-04-23 13:00:00,31.4,26.8,254.0,1.7,6.5,197.0,37.6,22,0.0,7.8
Hubballi,15.3478,75.1338,2026-04-23 14:00:00,31.3,26.8,251.0,1.9,5.1,192.0,38.2,20,0.0,8.9
Hubballi,15.3478,75.1338,2026-04-23 15:00:00,31.4,26.9,254.0,1.9,4.5,190.0,33.9,30,0.2,22.4
Hubballi,15.3478,75.1338,2026-04-23 16:00:00,31.9,27.5,264.0,2.5,4.2,187.0,28.5,50,0.0,27.8
Hubballi,15.3478,75.1338,2026-04-23 17:00:00,24.6,21.8,286.0,7.2,4.2,163.0,28.2,55,0.0,11.3
Hubballi,15.3478,75.1338,2026-04-23 18:00:00,28.2,25.3,334.0,17.0,5.2,141.0,29.7,47,0.1,15.7
Hubballi,15.3478,75.1338,2026-04-23 19:00:00,33.6,30.6,394.0,30.1,6.5,112.0,28.8,46,0.0,14.0
Hubballi,15.3478,75.1338,2026-04-23 20:00:00,40.6,37.6,433.0,37.9,7.3,90.0,27.8,50,0.0,9.6
Hubballi,15.3478,75.1338,2026-04-23 21:00:00,39.5,37.0,433.0,35.2,7.1,83.0,27.4,56,0.0,9.4
Hubballi,15.3478,75.1338,2026-04-23 22:00:00,34.3,32.5,412.0,27.0,6.4,84.0,27.1,59,0.0,9.9
Hubballi,15.3478,75.1338,2026-04-23 23:00:00,32.6,30.9,390.0,20.0,5.8,87.0,27.0,58,0.0,12.1
Hubballi,15.3478,75.1338,2026-04-24 00:00:00,33.3,31.3,373.0,16.2,5.6,91.0,27.1,54,0.0,12.4
Hubballi,15.3478,75.1338,2026-04-24 01:00:00,35.4,33.2,355.0,13.5,5.4,98.0,26.8,51,0.0,10.5
Hubballi,15.3478,75.1338,2026-04-24 02:00:00,37.8,35.3,345.0,12.3,5.3,100.0,26.5,48,0.0,9.9
Hubballi,15.3478,75.1338,2026-04-24 03:00:00,40.2,37.4,349.0,13.5,5.1,93.0,25.9,51,0.0,2.5
Hubballi,15.3478,75.1338,2026-04-24 04:00:00,42.6,39.3,361.0,16.2,4.9,82.0,24.6,56,0.0,3.0
Hubballi,15.3478,75.1338,2026-04-24 05:00:00,45.9,41.8,371.0,8.7,4.4,116.0,23.6,70,0.0,1.9
Hubballi,15.3478,75.1338,2026-04-24 06:00:00,48.1,43.7,382.0,9.3,4.4,120.0,23.5,70,0.0,4.0
Hubballi,15.3478,75.1338,2026-04-24 07:00:00,49.0,44.9,391.0,10.0,4.5,125.0,25.7,60,0.0,2.5
Hubballi,15.3478,75.1338,2026-04-24 08:00:00,49.6,44.2,385.0,9.7,4.7,134.0,29.2,44,0.0,4.0
Hubballi,15.3478,75.1338,2026-04-24 09:00:00,49.1,43.2,351.0,7.6,5.4,149.0,32.2,32,0.0,7.0
Hubballi,15.3478,75.1338,2026-04-24 10:00:00,48.9,42.0,302.0,4.6,6.2,168.0,34.6,27,0.0,5.6
Hubballi,15.3478,75.1338,2026-04-24 11:00:00,45.3,38.3,265.0,2.3,6.6,180.0,36.0,23,0.0,8.3
Hubballi,15.3478,75.1338,2026-04-24 12:00:00,40.6,33.9,254.0,1.3,6.2,181.0,37.4,21,0.0,10.7
Hubballi,15.3478,75.1338,2026-04-24 13:00:00,38.9,31.7,255.0,1.1,5.3,176.0,38.6,19,0.0,9.6
Hubballi,15.3478,75.1338,2026-04-24 14:00:00,37.8,30.5,257.0,2.0,4.6,169.0,38.4,19,0.0,8.3
Hubballi,15.3478,75.1338,2026-04-24 15:00:00,37.5,30.5,254.0,3.9,4.1,161.0,38.3,19,0.0,6.5
Hubballi,15.3478,75.1338,2026-04-24 16:00:00,38.8,31.5,251.0,6.8,3.6,151.0,34.3,25,0.0,13.0
Hubballi,15.3478,75.1338,2026-04-24 17:00:00,34.6,29.2,253.0,7.8,3.3,149.0,36.8,18,0.0,4.3
Hubballi,15.3478,75.1338,2026-04-24 18:00:00,38.9,33.9,264.0,17.7,4.3,128.0,34.3,22,0.0,6.3
Hubballi,15.3478,75.1338,2026-04-24 19:00:00,46.0,40.2,279.0,31.2,5.6,98.0,31.1,40,0.0,17.1
Hubballi,15.3478,75.1338,2026-04-24 20:00:00,47.6,42.6,291.0,38.9,6.4,76.0,29.6,49,0.0,11.4
Hubballi,15.3478,75.1338,2026-04-24 21:00:00,42.6,39.1,297.0,35.6,6.2,69.0,28.5,56,0.0,11.6
Hubballi,15.3478,75.1338,2026-04-24 22:00:00,34.9,32.7,301.0,26.6,5.4,69.0,27.5,67,0.0,11.9
Hubballi,15.3478,75.1338,2026-04-24 23:00:00,30.4,28.8,301.0,19.1,4.7,70.0,27.2,74,0.0,11.7
Hubballi,15.3478,75.1338,2026-04-25 00:00:00,28.4,27.0,292.0,15.6,4.3,71.0,26.6,79,0.0,9.7
Hubballi,15.3478,75.1338,2026-04-25 01:00:00,29.5,27.6,280.0,13.5,3.9,73.0,26.2,82,0.0,9.3
Hubballi,15.3478,75.1338,2026-04-25 02:00:00,32.6,30.3,282.0,12.7,3.7,73.0,25.9,78,0.0,2.2
Hubballi,15.3478,75.1338,2026-04-25 03:00:00,37.3,34.0,315.0,13.9,3.6,67.0,25.2,83,0.0,1.4
Hubballi,15.3478,75.1338,2026-04-25 04:00:00,42.4,38.2,362.0,16.3,3.7,59.0,24.8,88,0.0,1.7
Hubballi,15.3478,75.1338,2026-04-25 05:00:00,46.2,41.4,392.0,15.2,3.8,67.0,23.7,99,0.0,7.5
Hubballi,15.3478,75.1338,2026-04-25 06:00:00,49.4,44.5,389.0,14.1,4.0,80.0,23.6,98,0.0,9.0
Hubballi,15.3478,75.1338,2026-04-25 07:00:00,50.3,45.5,370.0,12.4,4.4,100.0,25.2,87,0.0,6.7
Hubballi,15.3478,75.1338,2026-04-25 08:00:00,52.5,45.9,348.0,10.4,4.8,121.0,28.8,63,0.0,2.6
Hubballi,15.3478,75.1338,2026-04-25 09:00:00,54.4,46.2,327.0,7.9,5.4,146.0,32.3,42,0.0,0.9
Hubballi,15.3478,75.1338,2026-04-25 10:00:00,52.7,44.2,304.0,5.0,6.0,172.0,34.8,32,0.0,2.4
Hubballi,15.3478,75.1338,2026-04-25 11:00:00,46.7,39.1,285.0,2.9,6.3,189.0,35.3,32,0.0,5.7
Hubballi,15.3478,75.1338,2026-04-25 12:00:00,42.5,34.7,271.0,1.9,5.9,191.0,36.8,27,0.0,8.5
Hubballi,15.3478,75.1338,2026-04-25 13:00:00,42.7,34.2,261.0,1.7,5.1,184.0,36.9,25,0.0,11.4
Hubballi,15.3478,75.1338,2026-04-25 14:00:00,42.8,34.6,256.0,1.9,4.6,179.0,37.2,24,0.0,10.6
Hubballi,15.3478,75.1338,2026-04-25 15:00:00,43.2,35.2,258.0,1.5,4.5,182.0,37.2,23,0.0,14.7
Hubballi,15.3478,75.1338,2026-04-25 16:00:00,43.5,35.9,265.0,1.5,4.7,185.0,37.2,22,0.0,13.2
Hubballi,15.3478,75.1338,2026-04-25 17:00:00,31.5,26.8,276.0,4.4,5.2,184.0,36.3,21,0.0,17.7
Hubballi,15.3478,75.1338,2026-04-25 18:00:00,34.3,29.9,295.0,14.6,6.1,158.0,35.0,23,0.0,14.6
Hubballi,15.3478,75.1338,2026-04-25 19:00:00,40.3,36.1,318.0,28.3,7.2,121.0,32.9,26,0.0,6.3
Hubballi,15.3478,75.1338,2026-04-25 20:00:00,44.2,40.7,334.0,35.7,7.5,93.0,29.9,51,0.0,14.9
Hubballi,15.3478,75.1338,2026-04-25 21:00:00,41.2,38.3,338.0,30.6,6.1,81.0,29.3,55,0.0,14.6
Hubballi,15.3478,75.1338,2026-04-25 22:00:00,35.0,32.5,336.0,19.1,3.9,77.0,27.9,67,0.0,13.3
Hubballi,15.3478,75.1338,2026-04-25 23:00:00,30.6,28.2,331.0,10.1,2.2,75.0,27.8,74,0.0,13.5
Hubballi,15.3478,75.1338,2026-04-26 00:00:00,29.1,26.4,326.0,7.2,1.7,73.0,27.8,71,0.0,13.8
Hubballi,15.3478,75.1338,2026-04-26 01:00:00,30.7,27.8,319.0,6.8,1.7,73.0,27.1,74,0.0,13.6
Hubballi,15.3478,75.1338,2026-04-26 02:00:00,32.2,29.2,309.0,6.8,1.7,73.0,26.4,78,0.0,3.7
Hubballi,15.3478,75.1338,2026-04-26 03:00:00,32.8,29.9,291.0,6.6,1.7,69.0,25.2,87,0.0,10.6
Hubballi,15.3478,75.1338,2026-04-26 04:00:00,33.3,30.2,270.0,6.8,1.7,64.0,24.6,94,0.0,10.0
Hubballi,15.3478,75.1338,2026-04-26 05:00:00,32.8,30.3,255.0,7.5,1.5,65.0,24.6,96,0.0,11.8
Hubballi,15.3478,75.1338,2026-04-26 06:00:00,32.4,29.1,250.0,7.3,1.5,73.0,24.9,92,0.0,10.2
Hubballi,15.3478,75.1338,2026-04-26 07:00:00,32.6,28.8,251.0,7.0,1.4,86.0,26.0,85,0.0,10.5
Hubballi,15.3478,75.1338,2026-04-26 08:00:00,37.0,31.8,254.0,6.3,1.7,102.0,28.6,72,0.0,9.2
Hubballi,15.3478,75.1338,2026-04-26 09:00:00,41.3,34.8,257.0,4.9,2.5,126.0,31.5,57,0.0,8.1
Hubballi,15.3478,75.1338,2026-04-26 10:00:00,43.4,36.3,262.0,3.2,3.5,155.0,34.0,44,0.0,6.9
Hubballi,15.3478,75.1338,2026-04-26 11:00:00,43.7,36.6,265.0,2.0,4.3,176.0,34.4,39,0.0,3.7
Hubballi,15.3478,75.1338,2026-04-26 12:00:00,43.5,36.3,266.0,1.5,4.7,186.0,36.3,32,0.0,4.6
Hubballi,15.3478,75.1338,2026-04-26 13:00:00,43.9,36.4,267.0,1.5,4.8,188.0,37.2,30,0.0,3.2
Hubballi,15.3478,75.1338,2026-04-26 14:00:00,44.1,36.6,267.0,1.9,4.7,185.0,37.4,28,0.0,5.7
Hubballi,15.3478,75.1338,2026-04-26 15:00:00,45.1,37.1,268.0,2.6,4.4,175.0,37.3,26,0.0,6.0
Hubballi,15.3478,75.1338,2026-04-26 16:00:00,45.3,38.0,268.0,3.8,3.9,159.0,29.9,52,1.7,20.9
Hubballi,15.3478,75.1338,2026-04-26 17:00:00,44.4,36.8,271.0,4.1,4.5,170.0,30.9,47,0.0,23.0
Hubballi,15.3478,75.1338,2026-04-26 18:00:00,39.7,35.5,278.0,4.6,4.0,149.0,30.3,53,0.0,16.6
Hubballi,15.3478,75.1338,2026-04-26 19:00:00,34.6,31.8,288.0,5.2,3.3,119.0,28.5,66,0.0,14.0
Hubballi,15.3478,75.1338,2026-04-26 20:00:00,30.7,27.9,293.0,5.8,2.7,96.0,27.7,74,0.0,16.1
Hubballi,15.3478,75.1338,2026-04-26 21:00:00,28.6,25.9,293.0,6.2,2.4,87.0,26.9,80,0.0,14.5
Hubballi,15.3478,75.1338,2026-04-26 22:00:00,27.1,24.3,289.0,6.5,2.3,84.0,26.0,87,0.0,14.8
Hubballi,15.3478,75.1338,2026-04-26 23:00:00,25.4,22.6,279.0,6.6,2.2,82.0,25.4,93,0.0,13.4
Hubballi,15.3478,75.1338,2026-04-27 00:00:00,24.6,21.7,259.0,6.3,2.0,80.0,25.1,92,0.0,12.2
Hubballi,15.3478,75.1338,2026-04-27 01:00:00,24.9,21.8,234.0,5.7,1.7,78.0,24.8,92,0.0,10.4
Hubballi,15.3478,75.1338,2026-04-27 02:00:00,25.0,21.7,216.0,5.1,1.5,78.0,24.3,95,0.0,12.4
Hubballi,15.3478,75.1338,2026-04-27 03:00:00,25.1,21.5,213.0,4.6,1.4,78.0,24.2,95,0.0,15.3
Hubballi,15.3478,75.1338,2026-04-27 04:00:00,26.0,21.9,217.0,4.2,1.3,79.0,24.5,92,0.0,14.1
Hubballi,15.3478,75.1338,2026-04-27 05:00:00,25.3,22.0,219.0,3.6,0.8,84.0,24.4,94,0.0,12.4
Hubballi,15.3478,75.1338,2026-04-27 06:00:00,25.7,21.9,214.0,3.7,0.9,88.0,24.3,94,0.0,11.7
Hubballi,15.3478,75.1338,2026-04-27 07:00:00,27.9,23.2,207.0,3.8,1.0,94.0,25.4,87,0.0,12.9
Hubballi,15.3478,75.1338,2026-04-27 08:00:00,30.9,25.7,203.0,3.7,1.2,103.0,27.5,74,0.0,14.4
Hubballi,15.3478,75.1338,2026-04-27 09:00:00,32.7,27.5,206.0,3.1,1.4,116.0,29.7,65,0.0,12.9
Hubballi,15.3478,75.1338,2026-04-27 10:00:00,34.9,29.5,212.0,2.2,1.6,132.0,32.1,53,0.0,11.8
Hubballi,15.3478,75.1338,2026-04-27 11:00:00,36.8,31.1,219.0,1.6,1.8,145.0,32.8,49,0.0,8.8
Hubballi,15.3478,75.1338,2026-04-27 12:00:00,39.2,32.8,227.0,1.3,2.1,153.0,34.4,42,0.0,8.0
Hubballi,15.3478,75.1338,2026-04-27 13:00:00,40.2,33.6,237.0,1.3,2.4,158.0,35.2,38,0.0,8.9
Hubballi,15.3478,75.1338,2026-04-27 14:00:00,40.4,33.8,243.0,1.6,2.7,160.0,35.2,38,0.0,6.5
Hubballi,15.3478,75.1338,2026-04-27 15:00:00,40.7,34.0,242.0,2.5,2.8,158.0,35.7,36,0.0,4.1
Hubballi,15.3478,75.1338,2026-04-27 16:00:00,42.0,34.5,238.0,3.7,2.8,152.0,33.5,42,0.2,16.0
Hubballi,15.3478,75.1338,2026-04-27 17:00:00,38.1,33.3,240.0,4.1,2.1,149.0,30.7,55,0.8,14.2
Hubballi,15.3478,75.1338,2026-04-27 18:00:00,38.8,34.0,259.0,6.8,2.3,135.0,30.1,57,0.0,14.2
Hubballi,15.3478,75.1338,2026-04-27 19:00:00,39.7,35.7,285.0,10.4,2.5,115.0,28.8,64,0.0,14.1
Hubballi,15.3478,75.1338,2026-04-27 20:00:00,35.7,32.8,294.0,12.5,2.6,97.0,28.2,68,0.0,14.9
Hubballi,15.3478,75.1338,2026-04-27 21:00:00,29.6,27.2,270.0,11.7,2.4,84.0,26.8,78,0.0,18.4
Hubballi,15.3478,75.1338,2026-04-27 22:00:00,24.2,22.1,230.0,9.5,2.1,74.0,25.5,87,0.0,15.4
Hubballi,15.3478,75.1338,2026-04-27 23:00:00,20.0,17.8,198.0,7.6,1.8,66.0,24.8,94,0.0,12.5
Hubballi,15.3478,75.1338,2026-04-28 00:00:00,17.2,15.2,184.0,6.8,1.6,61.0,25.1,90,0.0,14.2
Hubballi,15.3478,75.1338,2026-04-28 01:00:00,15.4,13.4,179.0,6.4,1.4,58.0,24.7,92,0.0,13.2
Hubballi,15.3478,75.1338,2026-04-28 02:00:00,14.5,12.3,174.0,6.1,1.3,57.0,24.3,93,0.0,13.2
Hubballi,15.3478,75.1338,2026-04-28 03:00:00,14.5,11.9,166.0,5.9,1.4,56.0,23.9,93,0.0,12.8
Hubballi,15.3478,75.1338,2026-04-28 04:00:00,15.5,12.5,160.0,5.9,1.6,56.0,23.9,91,0.0,11.7
Hubballi,15.3478,75.1338,2026-04-28 05:00:00,14.9,11.1,157.0,3.0,0.6,71.0,23.6,92,0.0,9.5
Hubballi,15.3478,75.1338,2026-04-28 06:00:00,13.6,9.5,162.0,3.1,0.7,73.0,23.9,90,0.0,12.1
Hubballi,15.3478,75.1338,2026-04-28 07:00:00,13.9,9.0,171.0,3.3,0.9,77.0,25.0,83,0.0,13.6
Hubballi,15.3478,75.1338,2026-04-28 08:00:00,16.1,11.1,178.0,3.2,1.1,85.0,27.1,74,0.0,10.8
Hubballi,15.3478,75.1338,2026-04-28 09:00:00,20.1,14.7,181.0,2.7,1.4,100.0,29.5,62,0.0,9.4
Hubballi,15.3478,75.1338,2026-04-28 10:00:00,24.6,17.9,183.0,2.1,1.8,118.0,32.1,52,0.0,8.1
Hubballi,15.3478,75.1338,2026-04-28 11:00:00,29.3,20.6,186.0,1.6,2.2,134.0,32.6,50,0.0,6.8
Hubballi,15.3478,75.1338,2026-04-28 12:00:00,34.1,23.1,192.0,1.4,2.7,145.0,34.1,44,0.0,6.0
Hubballi,15.3478,75.1338,2026-04-28 13:00:00,37.8,25.7,200.0,1.4,3.2,154.0,35.6,39,0.0,6.8
Hubballi,15.3478,75.1338,2026-04-28 14:00:00,40.2,27.7,205.0,1.6,3.6,159.0,35.8,39,0.0,10.6
Hubballi,15.3478,75.1338,2026-04-28 15:00:00,42.3,29.3,204.0,2.0,3.8,162.0,30.2,58,6.6,9.6
Hubballi,15.3478,75.1338,2026-04-28 16:00:00,43.9,30.4,201.0,2.7,3.8,162.0,31.2,54,0.1,12.4
Hubballi,15.3478,75.1338,2026-04-28 17:00:00,41.9,31.7,200.0,4.5,3.4,148.0,31.3,51,2.1,11.5
Hubballi,15.3478,75.1338,2026-04-28 18:00:00,40.4,31.0,207.0,7.2,3.4,131.0,30.1,57,0.0,9.5
Hubballi,15.3478,75.1338,2026-04-28 19:00:00,41.0,31.5,218.0,10.8,3.5,107.0,29.0,61,0.0,12.1
Hubballi,15.3478,75.1338,2026-04-28 20:00:00,38.8,29.2,222.0,12.8,3.3,86.0,28.2,70,0.0,16.2
Hubballi,15.3478,75.1338,2026-04-28 21:00:00,34.6,24.8,214.0,11.8,2.7,71.0,26.8,82,0.0,15.3
Hubballi,15.3478,75.1338,2026-04-28 22:00:00,30.9,19.4,200.0,9.1,2.0,60.0,25.7,88,0.0,14.8
Hubballi,15.3478,75.1338,2026-04-28 23:00:00,30.6,16.4,188.0,6.9,1.4,52.0,25.0,93,0.0,12.7
Hubballi,15.3478,75.1338,2026-04-29 00:00:00,29.9,15.1,180.0,5.8,1.1,49.0,24.4,95,0.0,11.7
Hubballi,15.3478,75.1338,2026-04-29 01:00:00,29.4,14.5,173.0,5.1,1.0,50.0,24.4,94,0.0,11.6
Hubballi,15.3478,75.1338,2026-04-29 02:00:00,28.9,14.4,171.0,4.6,1.0,52.0,24.3,94,0.0,11.4
Hubballi,15.3478,75.1338,2026-04-29 03:00:00,29.7,14.9,176.0,4.2,1.0,54.0,24.6,91,0.0,10.1
Hubballi,15.3478,75.1338,2026-04-29 04:00:00,30.7,15.4,185.0,4.1,1.2,56.0,24.6,91,0.0,9.6
Hubballi,15.3478,75.1338,2026-04-29 05:00:00,30.2,16.9,192.0,4.3,0.9,61.0,23.8,91,0.0,9.1
Hubballi,15.3478,75.1338,2026-04-29 06:00:00,31.8,18.0,193.0,4.4,1.1,70.0,24.1,88,0.0,10.2
Hubballi,15.3478,75.1338,2026-04-29 07:00:00,32.7,19.5,192.0,4.5,1.3,83.0,25.2,82,0.0,11.5
Hubballi,15.3478,75.1338,2026-04-29 08:00:00,35.5,22.5,193.0,4.3,1.7,98.0,27.3,74,0.0,11.0
Hubballi,15.3478,75.1338,2026-04-29 09:00:00,39.1,25.6,200.0,3.6,2.2,117.0,29.8,63,0.0,9.9
Hubballi,15.3478,75.1338,2026-04-29 10:00:00,41.7,27.8,211.0,2.5,2.8,138.0,32.5,49,0.0,8.6
Hubballi,15.3478,75.1338,2026-04-29 11:00:00,42.8,28.7,219.0,1.8,3.3,154.0,33.1,44,0.0,6.1
Hubballi,15.3478,75.1338,2026-04-29 12:00:00,44.6,29.6,223.0,1.5,3.7,163.0,35.2,38,0.0,4.7
Hubballi,15.3478,75.1338,2026-04-29 13:00:00,45.4,30.5,226.0,1.5,3.9,167.0,36.5,34,0.0,5.2
Hubballi,15.3478,75.1338,2026-04-29 14:00:00,45.8,31.1,228.0,1.7,4.0,166.0,37.3,32,0.0,5.4
Hubballi,15.3478,75.1338,2026-04-29 15:00:00,45.4,31.3,230.0,2.3,3.8,161.0,37.4,30,0.0,3.6
Hubballi,15.3478,75.1338,2026-04-29 16:00:00,44.6,31.3,231.0,3.3,3.5,151.0,32.5,41,0.1,17.5
Hubballi,15.3478,75.1338,2026-04-29 17:00:00,34.9,25.2,231.0,3.5,4.2,161.0,31.1,48,0.0,20.8
Hubballi,15.3478,75.1338,2026-04-29 18:00:00,32.5,26.0,228.0,4.9,3.6,138.0,30.4,56,0.0,14.7
Hubballi,15.3478,75.1338,2026-04-29 19:00:00,30.2,24.2,224.0,6.7,2.7,105.0,28.9,59,0.0,18.4
Hubballi,15.3478,75.1338,2026-04-29 20:00:00,24.5,19.2,217.0,7.8,2.0,80.0,27.8,75,0.0,19.0
Hubballi,15.3478,75.1338,2026-04-29 21:00:00,20.9,15.5,206.0,7.3,1.5,69.0,26.4,85,0.0,21.3
Hubballi,15.3478,75.1338,2026-04-29 22:00:00,17.8,12.5,193.0,6.0,1.2,65.0,25.6,91,0.0,15.9
Hubballi,15.3478,75.1338,2026-04-29 23:00:00,17.0,11.5,181.0,4.8,1.0,64.0,25.2,94,0.0,15.1
Hubballi,15.3478,75.1338,2026-04-30 00:00:00,16.1,10.8,169.0,4.0,0.9,65.0,25.2,93,0.0,14.8
Hubballi,15.3478,75.1338,2026-04-30 01:00:00,16.0,10.7,158.0,3.3,0.8,69.0,25.2,91,0.0,16.7
Hubballi,15.3478,75.1338,2026-04-30 02:00:00,15.9,10.8,153.0,3.0,0.8,71.0,25.0,91,0.0,16.7
Hubballi,15.3478,75.1338,2026-04-30 03:00:00,15.1,10.3,160.0,3.2,0.9,68.0,24.6,94,0.0,13.7
Hubballi,15.3478,75.1338,2026-04-30 04:00:00,14.7,10.2,174.0,3.8,1.1,64.0,24.5,94,0.0,12.2
Hubballi,15.3478,75.1338,2026-04-30 05:00:00,16.5,12.2,184.0,3.8,1.0,75.0,24.4,96,0.0,12.7
Hubballi,15.3478,75.1338,2026-04-30 06:00:00,16.9,11.8,184.0,3.8,0.9,77.0,24.4,96,0.0,11.2
Hubballi,15.3478,75.1338,2026-04-30 07:00:00,16.6,12.2,180.0,3.8,0.8,81.0,25.8,87,0.0,12.6
Hubballi,15.3478,75.1338,2026-04-30 08:00:00,18.0,12.6,179.0,3.6,0.7,88.0,27.8,72,0.0,13.7
Hubballi,15.3478,75.1338,2026-04-30 09:00:00,18.9,13.4,184.0,2.9,0.8,101.0,29.8,62,0.0,13.3
Hubballi,15.3478,75.1338,2026-04-30 10:00:00,21.2,15.2,192.0,2.0,1.0,117.0,31.7,54,0.0,12.4
Hubballi,15.3478,75.1338,2026-04-30 11:00:00,22.1,15.9,199.0,1.4,1.1,128.0,32.1,50,0.0,10.4
Hubballi,15.3478,75.1338,2026-04-30 12:00:00,22.9,16.5,202.0,1.2,1.2,130.0,33.7,43,0.0,9.6
Hubballi,15.3478,75.1338,2026-04-30 13:00:00,22.4,16.3,204.0,1.3,1.2,128.0,34.7,39,0.0,8.9
Hubballi,15.3478,75.1338,2026-04-30 14:00:00,19.8,14.7,205.0,1.6,1.2,126.0,35.0,37,0.0,9.9
Hubballi,15.3478,75.1338,2026-04-30 15:00:00,18.6,13.9,206.0,1.9,1.3,129.0,35.1,35,0.0,12.9
Hubballi,15.3478,75.1338,2026-04-30 16:00:00,20.3,15.1,206.0,2.4,1.3,132.0,33.2,40,0.3,10.6
Hubballi,15.3478,75.1338,2026-04-30 17:00:00,25.7,18.3,208.0,3.0,1.6,131.0,31.1,53,0.0,12.6
Hubballi,15.3478,75.1338,2026-04-30 18:00:00,23.8,18.3,214.0,4.3,1.7,115.0,30.3,55,0.0,13.5
Hubballi,15.3478,75.1338,2026-04-30 19:00:00,22.8,18.2,221.0,6.2,1.9,93.0,29.3,58,0.0,16.7
Hubballi,15.3478,75.1338,2026-04-30 20:00:00,21.9,16.9,222.0,7.4,2.0,75.0,28.0,68,0.0,18.3
Hubballi,15.3478,75.1338,2026-04-30 21:00:00,21.4,15.8,214.0,7.6,2.1,66.0,26.6,81,0.0,17.3
Hubballi,15.3478,75.1338,2026-04-30 22:00:00,21.0,15.3,200.0,7.2,2.1,61.0,25.6,90,0.0,16.2
Hubballi,15.3478,75.1338,2026-04-30 23:00:00,20.9,15.0,187.0,6.6,2.0,58.0,24.8,93,0.0,16.0
Hubballi,15.3478,75.1338,2026-05-01 00:00:00,20.0,13.8,176.0,5.8,1.7,58.0,24.6,93,0.0,16.0
Hubballi,15.3478,75.1338,2026-05-01 01:00:00,19.3,13.1,167.0,4.7,1.3,60.0,24.2,94,0.0,15.9
Hubballi,15.3478,75.1338,2026-05-01 02:00:00,18.3,12.6,163.0,4.0,1.0,62.0,23.8,96,0.0,14.6
Hubballi,15.3478,75.1338,2026-05-01 03:00:00,18.2,12.7,171.0,3.9,0.9,61.0,23.5,96,0.0,11.8
Hubballi,15.3478,75.1338,2026-05-01 04:00:00,18.7,13.0,186.0,4.0,0.9,60.0,23.2,98,0.0,8.7
Hubballi,15.3478,75.1338,2026-05-01 05:00:00,21.8,16.2,194.0,4.6,0.9,57.0,23.2,98,0.0,11.0
Hubballi,15.3478,75.1338,2026-05-01 06:00:00,20.9,14.3,189.0,4.2,0.9,64.0,23.4,96,0.0,10.9
Hubballi,15.3478,75.1338,2026-05-01 07:00:00,22.1,15.5,177.0,3.7,0.9,74.0,24.7,88,0.0,11.4
Hubballi,15.3478,75.1338,2026-05-01 08:00:00,22.6,16.4,168.0,3.1,0.9,83.0,26.9,74,0.0,11.4
Hubballi,15.3478,75.1338,2026-05-01 09:00:00,23.0,16.2,164.0,2.5,0.9,91.0,29.3,61,0.0,12.4
Hubballi,15.3478,75.1338,2026-05-01 10:00:00,24.2,15.4,163.0,1.8,0.8,98.0,31.5,49,0.0,14.1
Hubballi,15.3478,75.1338,2026-05-01 11:00:00,26.4,14.7,162.0,1.3,0.8,103.0,31.9,49,0.0,15.3
Hubballi,15.3478,75.1338,2026-05-01 12:00:00,29.5,14.0,163.0,1.1,0.8,106.0,33.4,42,0.0,16.4
Hubballi,15.3478,75.1338,2026-05-01 13:00:00,32.2,13.5,165.0,1.1,0.8,106.0,33.7,40,0.0,17.5
Hubballi,15.3478,75.1338,2026-05-01 14:00:00,34.6,13.8,166.0,1.2,0.8,106.0,34.3,36,0.0,18.2
Hubballi,15.3478,75.1338,2026-05-01 15:00:00,35.5,13.9,164.0,1.3,0.9,106.0,34.6,32,0.0,20.4
Hubballi,15.3478,75.1338,2026-05-01 16:00:00,35.2,14.0,160.0,1.6,1.0,104.0,33.7,32,0.0,22.5
Hubballi,15.3478,75.1338,2026-05-01 17:00:00,31.3,11.4,161.0,2.4,1.3,105.0,32.2,38,0.0,20.7
Hubballi,15.3478,75.1338,2026-05-01 18:00:00,28.0,12.0,169.0,4.2,1.6,96.0,30.1,50,0.0,19.3
Hubballi,15.3478,75.1338,2026-05-01 19:00:00,23.2,13.1,181.0,6.7,2.0,83.0,28.2,57,0.0,17.7
Hubballi,15.3478,75.1338,2026-05-01 20:00:00,21.9,14.4,191.0,8.7,2.3,72.0,26.8,63,0.0,17.0
Hubballi,15.3478,75.1338,2026-05-01 21:00:00,21.2,15.3,197.0,10.0,2.5,65.0,25.6,70,0.0,15.9
Hubballi,15.3478,75.1338,2026-05-01 22:00:00,21.1,16.0,201.0,10.7,2.6,59.0,24.5,78,0.0,16.9
Hubballi,15.3478,75.1338,2026-05-01 23:00:00,20.5,15.9,204.0,10.9,2.6,55.0,23.9,87,0.0,13.5
Hubballi,15.3478,75.1338,2026-05-02 00:00:00,19.6,15.2,204.0,10.1,2.4,54.0,23.4,92,0.0,12.2
Hubballi,15.3478,75.1338,2026-05-02 01:00:00,19.6,14.9,203.0,8.6,2.1,54.0,22.8,96,0.0,11.3
Hubballi,15.3478,75.1338,2026-05-02 02:00:00,20.9,15.7,204.0,7.3,1.8,55.0,22.4,98,0.0,11.5
Hubballi,15.3478,75.1338,2026-05-02 03:00:00,22.5,16.5,210.0,6.6,1.4,55.0,22.1,99,0.0,11.2
Hubballi,15.3478,75.1338,2026-05-02 04:00:00,24.2,17.3,217.0,6.0,1.0,54.0,21.7,98,0.0,11.2
Hubballi,15.3478,75.1338,2026-05-02 05:00:00,28.0,20.4,221.0,10.2,1.7,43.0,21.7,99,0.0,12.8
Hubballi,15.3478,75.1338,2026-05-02 06:00:00,30.5,21.1,217.0,8.8,1.7,54.0,21.9,96,0.0,11.3
Hubballi,15.3478,75.1338,2026-05-02 07:00:00,30.7,18.8,210.0,6.8,1.8,70.0,23.4,85,0.0,10.6
Hubballi,15.3478,75.1338,2026-05-02 08:00:00,35.5,16.0,201.0,5.0,1.8,85.0,26.2,67,0.0,11.2
Hubballi,15.3478,75.1338,2026-05-02 09:00:00,46.4,17.3,191.0,3.6,1.8,96.0,29.2,50,0.0,11.7
Hubballi,15.3478,75.1338,2026-05-02 10:00:00,51.9,17.5,181.0,2.5,1.7,107.0,32.0,37,0.0,11.4
Hubballi,15.3478,75.1338,2026-05-02 11:00:00,54.2,17.8,172.0,1.7,1.6,114.0,33.2,34,0.0,11.0
Hubballi,15.3478,75.1338,2026-05-02 12:00:00,54.6,17.8,165.0,1.3,1.6,118.0,35.1,30,0.0,11.7
Hubballi,15.3478,75.1338,2026-05-02 13:00:00,53.6,17.5,159.0,1.3,1.5,120.0,36.1,26,0.0,12.8
Hubballi,15.3478,75.1338,2026-05-02 14:00:00,52.5,17.3,157.0,1.4,1.5,120.0,36.4,25,0.0,16.1
Hubballi,15.3478,75.1338,2026-05-02 15:00:00,53.2,17.8,160.0,1.6,1.5,118.0,36.2,25,0.0,18.3
Hubballi,15.3478,75.1338,2026-05-02 16:00:00,50.8,17.6,166.0,2.0,1.6,115.0,35.2,27,0.0,20.2
Hubballi,15.3478,75.1338,2026-05-02 17:00:00,45.6,16.4,172.0,2.7,1.7,112.0,31.6,48,0.0,25.2
Hubballi,15.3478,75.1338,2026-05-02 18:00:00,39.8,16.3,175.0,3.6,1.7,99.0,28.8,61,0.0,24.1
Hubballi,15.3478,75.1338,2026-05-02 19:00:00,37.3,16.1,178.0,4.8,1.7,80.0,27.6,67,0.0,23.3
Hubballi,15.3478,75.1338,2026-05-02 20:00:00,36.6,15.8,181.0,5.8,1.7,66.0,26.2,73,0.0,21.8
Hubballi,15.3478,75.1338,2026-05-02 21:00:00,36.2,15.6,186.0,6.2,1.7,59.0,25.2,80,0.0,18.4
Hubballi,15.3478,75.1338,2026-05-02 22:00:00,35.7,15.4,190.0,6.3,1.8,57.0,24.3,86,0.0,15.0
Hubballi,15.3478,75.1338,2026-05-02 23:00:00,38.1,15.4,191.0,6.3,1.8,55.0,23.5,92,0.0,16.4
Hubballi,15.3478,75.1338,2026-05-03 00:00:00,39.0,15.0,183.0,6.0,1.7,53.0,23.1,94,0.0,15.3
Hubballi,15.3478,75.1338,2026-05-03 01:00:00,41.1,14.8,171.0,5.5,1.5,53.0,22.7,96,0.0,14.4
Hubballi,15.3478,75.1338,2026-05-03 02:00:00,41.3,14.8,165.0,5.2,1.4,52.0,22.4,97,0.0,12.7
Hubballi,15.3478,75.1338,2026-05-03 03:00:00,42.0,14.9,172.0,5.3,1.3,50.0,22.1,98,0.0,11.2
Hubballi,15.3478,75.1338,2026-05-03 04:00:00,42.5,15.2,184.0,5.5,1.3,47.0,22.1,98,0.0,10.7
Hubballi,15.3478,75.1338,2026-05-03 05:00:00,46.1,15.4,192.0,4.3,1.1,52.0,22.6,96,0.0,13.6
Hubballi,15.3478,75.1338,2026-05-03 06:00:00,44.1,15.1,190.0,4.1,1.2,56.0,22.5,96,0.0,14.0
Hubballi,15.3478,75.1338,2026-05-03 07:00:00,46.8,15.2,184.0,3.7,1.3,62.0,24.0,85,0.0,13.8
Hubballi,15.3478,75.1338,2026-05-03 08:00:00,49.4,15.5,178.0,3.3,1.4,70.0,26.4,72,0.0,11.8
Hubballi,15.3478,75.1338,2026-05-03 09:00:00,53.7,16.4,173.0,2.7,1.4,81.0,29.0,58,0.0,11.1
Hubballi,15.3478,75.1338,2026-05-03 10:00:00,58.2,17.0,169.0,2.0,1.4,94.0,31.2,49,0.0,11.1
Hubballi,15.3478,75.1338,2026-05-03 11:00:00,60.1,17.1,165.0,1.5,1.4,105.0,32.3,44,0.0,10.7
Hubballi,15.3478,75.1338,2026-05-03 12:00:00,59.6,16.9,161.0,1.3,1.4,111.0,34.2,35,0.0,11.4
Hubballi,15.3478,75.1338,2026-05-03 13:00:00,61.2,16.9,158.0,1.3,1.3,115.0,35.1,31,0.0,13.2
Hubballi,15.3478,75.1338,2026-05-03 14:00:00,61.2,17.0,158.0,1.4,1.3,117.0,35.3,30,0.0,15.7
Hubballi,15.3478,75.1338,2026-05-03 15:00:00,57.4,16.9,163.0,1.6,1.3,119.0,35.4,29,0.0,14.9
Hubballi,15.3478,75.1338,2026-05-03 16:00:00,54.2,17.1,170.0,2.0,1.4,120.0,34.0,31,0.0,18.1
Hubballi,15.3478,75.1338,2026-05-03 17:00:00,38.3,14.6,177.0,2.7,1.5,114.0,33.2,33,0.0,19.7
Hubballi,15.3478,75.1338,2026-05-03 18:00:00,32.6,14.3,183.0,3.8,1.6,101.0,30.7,48,0.0,21.5
Hubballi,15.3478,75.1338,2026-05-03 19:00:00,29.3,14.2,188.0,5.4,1.7,83.0,28.3,66,0.0,22.0
Hubballi,15.3478,75.1338,2026-05-03 20:00:00,29.2,14.1,192.0,6.5,1.8,69.0,26.8,72,0.0,24.5
Hubballi,15.3478,75.1338,2026-05-03 21:00:00,30.4,14.2,194.0,6.7,1.8,62.0,25.6,81,0.0,24.2
Hubballi,15.3478,75.1338,2026-05-03 22:00:00,30.3,14.0,194.0,6.4,1.7,59.0,24.3,88,0.0,19.1
Hubballi,15.3478,75.1338,2026-05-03 23:00:00,31.2,13.8,193.0,5.9,1.6,57.0,23.7,93,0.0,14.8
Hubballi,15.3478,75.1338,2026-05-04 00:00:00,30.6,13.2,190.0,5.2,1.5,57.0,23.7,92,0.0,14.3
Hubballi,15.3478,75.1338,2026-05-04 01:00:00,30.5,12.8,185.0,4.4,1.4,58.0,23.6,92,0.0,12.5
Hubballi,15.3478,75.1338,2026-05-04 02:00:00,31.4,12.7,183.0,3.9,1.3,58.0,23.1,94,0.0,8.0
Hubballi,15.3478,75.1338,2026-05-04 03:00:00,30.7,12.5,187.0,4.0,1.3,56.0,22.5,97,0.0,7.1
Hubballi,15.3478,75.1338,2026-05-04 04:00:00,31.8,12.7,194.0,4.3,1.4,54.0,22.2,98,0.0,7.2
Hubballi,15.3478,75.1338,2026-05-04 05:00:00,38.9,14.3,197.0,3.6,1.0,56.0,22.4,97,0.0,9.2
Hubballi,15.3478,75.1338,2026-05-04 06:00:00,38.0,14.4,194.0,3.5,1.1,59.0,22.3,97,0.0,8.3
Hubballi,15.3478,75.1338,2026-05-04 07:00:00,38.8,14.4,188.0,3.4,1.1,64.0,23.9,85,0.0,10.3
Hubballi,15.3478,75.1338,2026-05-04 08:00:00,41.6,14.3,182.0,3.1,1.2,70.0,26.3,69,0.0,9.9
Hubballi,15.3478,75.1338,2026-05-04 09:00:00,46.1,14.7,175.0,2.6,1.2,80.0,28.8,54,0.0,10.0
Hubballi,15.3478,75.1338,2026-05-04 10:00:00,49.2,15.0,168.0,1.9,1.2,91.0,31.3,42,0.0,10.2
Hubballi,15.3478,75.1338,2026-05-04 11:00:00,50.6,15.0,162.0,1.4,1.2,101.0,32.3,39,0.0,9.3
Hubballi,15.3478,75.1338,2026-05-04 12:00:00,50.5,14.8,156.0,1.2,1.2,108.0,34.0,31,0.0,11.4
Hubballi,15.3478,75.1338,2026-05-04 13:00:00,48.3,14.1,151.0,1.2,1.1,113.0,34.9,26,0.0,11.7
Hubballi,15.3478,75.1338,2026-05-04 14:00:00,46.1,13.8,150.0,1.3,1.1,116.0,35.8,22,0.0,12.4
Hubballi,15.3478,75.1338,2026-05-04 15:00:00,45.2,13.9,155.0,1.5,1.2,119.0,36.2,20,0.0,14.6
Hubballi,15.3478,75.1338,2026-05-04 16:00:00,44.9,14.2,163.0,1.8,1.2,120.0,35.5,20,0.0,16.8
Hubballi,15.3478,75.1338,2026-05-04 17:00:00,42.5,13.1,171.0,2.7,1.6,127.0,34.8,20,0.0,16.9
Hubballi,15.3478,75.1338,2026-05-04 18:00:00,36.4,14.1,176.0,4.4,1.9,113.0,30.3,48,0.0,26.6
Hubballi,15.3478,75.1338,2026-05-04 19:00:00,32.4,15.1,181.0,6.7,2.2,94.0,28.0,59,0.0,23.0
Hubballi,15.3478,75.1338,2026-05-04 20:00:00,29.0,14.9,184.0,8.4,2.5,77.0,27.1,65,0.0,19.5
Hubballi,15.3478,75.1338,2026-05-04 21:00:00,27.5,14.7,186.0,8.9,2.6,67.0,25.7,77,0.0,17.5
Hubballi,15.3478,75.1338,2026-05-04 22:00:00,27.3,14.8,188.0,8.7,2.5,59.0,24.7,85,0.0,17.3
Hubballi,15.3478,75.1338,2026-05-04 23:00:00,27.5,14.7,188.0,8.3,2.4,54.0,23.9,89,0.0,13.3
Hubballi,15.3478,75.1338,2026-05-05 00:00:00,27.4,14.2,186.0,7.8,2.2,51.0,23.5,90,0.0,10.5
Hubballi,15.3478,75.1338,2026-05-05 01:00:00,27.9,14.1,183.0,7.2,2.0,49.0,23.0,94,0.0,12.2
Hubballi,15.3478,75.1338,2026-05-05 02:00:00,28.8,14.4,180.0,6.7,1.7,48.0,22.4,97,0.0,9.7
Hubballi,15.3478,75.1338,2026-05-05 03:00:00,30.0,15.0,179.0,6.7,1.4,45.0,22.1,98,0.0,8.7
Hubballi,15.3478,75.1338,2026-05-05 04:00:00,29.8,15.5,179.0,6.9,1.1,41.0,21.8,99,0.0,8.5
Hubballi,15.3478,75.1338,2026-05-05 05:00:00,36.3,16.9,178.0,5.3,0.7,48.0,22.4,97,0.0,9.5
Hubballi,15.3478,75.1338,2026-05-05 06:00:00,35.0,16.0,177.0,4.8,0.8,53.0,22.8,93,0.0,10.1
Hubballi,15.3478,75.1338,2026-05-05 07:00:00,38.2,16.1,176.0,4.0,1.0,61.0,24.0,85,0.0,11.4
Hubballi,15.3478,75.1338,2026-05-05 08:00:00,43.2,16.4,174.0,3.3,1.2,70.0,26.5,70,0.0,9.5
Hubballi,15.3478,75.1338,2026-05-05 09:00:00,50.4,16.9,169.0,2.7,1.3,81.0,29.2,52,0.0,10.8
Hubballi,15.3478,75.1338,2026-05-05 10:00:00,58.6,17.6,163.0,2.1,1.3,92.0,31.8,40,0.0,10.6
Hubballi,15.3478,75.1338,2026-05-05 11:00:00,68.2,18.3,159.0,1.6,1.3,102.0,33.1,33,0.0,6.2
Hubballi,15.3478,75.1338,2026-05-05 12:00:00,76.1,18.7,158.0,1.3,1.2,108.0,34.7,25,0.0,4.8
Hubballi,15.3478,75.1338,2026-05-05 13:00:00,75.7,18.3,160.0,1.2,1.1,112.0,35.7,22,0.0,6.4
Hubballi,15.3478,75.1338,2026-05-05 14:00:00,71.9,17.9,161.0,1.3,1.1,115.0,36.3,21,0.0,7.8
Hubballi,15.3478,75.1338,2026-05-05 15:00:00,68.5,17.7,161.0,1.5,1.1,119.0,36.6,20,0.0,8.2
Hubballi,15.3478,75.1338,2026-05-05 16:00:00,65.4,17.6,160.0,2.0,1.2,122.0,35.8,20,0.0,10.1
Hubballi,15.3478,75.1338,2026-05-05 17:00:00,41.4,12.3,162.0,2.9,1.3,123.0,34.2,24,0.0,18.6
Hubballi,15.3478,75.1338,2026-05-05 18:00:00,32.8,13.2,168.0,3.8,1.6,107.0,29.6,51,0.0,26.2
Hubballi,15.3478,75.1338,2026-05-05 19:00:00,25.8,13.2,175.0,5.1,1.9,85.0,28.1,54,0.0,19.6
Hubballi,15.3478,75.1338,2026-05-05 20:00:00,21.7,12.6,182.0,6.2,2.2,67.0,26.8,67,0.0,19.4
Hubballi,15.3478,75.1338,2026-05-05 21:00:00,20.5,12.4,188.0,6.8,2.3,59.0,25.9,75,0.0,16.6
Hubballi,15.3478,75.1338,2026-05-05 22:00:00,21.8,12.9,193.0,7.2,2.4,55.0,24.9,83,0.0,14.9
Hubballi,15.3478,75.1338,2026-05-05 23:00:00,23.1,13.0,195.0,7.9,2.4,51.0,24.0,88,0.0,9.6
Hubballi,15.3478,75.1338,2026-05-06 00:00:00,25.1,13.4,190.0,8.9,2.4,46.0,23.6,88,0.0,8.1
Hubballi,15.3478,75.1338,2026-05-06 01:00:00,28.2,14.6,181.0,10.1,2.4,42.0,23.3,87,0.0,11.5
Hubballi,15.3478,75.1338,2026-05-06 02:00:00,31.9,16.3,181.0,11.7,2.4,37.0,22.5,93,0.0,11.9
Hubballi,15.3478,75.1338,2026-05-06 03:00:00,36.2,18.6,200.0,14.6,2.4,30.0,22.0,96,0.0,9.9
Hubballi,15.3478,75.1338,2026-05-06 04:00:00,40.0,20.7,228.0,17.8,2.5,23.0,21.3,98,0.0,2.5
Hubballi,15.3478,75.1338,2026-05-06 05:00:00,34.9,19.7,243.0,16.6,2.4,24.0,22.3,95,0.0,7.3
Hubballi,15.3478,75.1338,2026-05-06 06:00:00,34.0,19.0,233.0,13.2,2.5,37.0,22.5,93,0.0,3.4
Hubballi,15.3478,75.1338,2026-05-06 07:00:00,45.6,18.8,211.0,8.5,2.7,56.0,24.3,82,0.0,10.3
Hubballi,15.3478,75.1338,2026-05-06 08:00:00,56.6,19.4,192.0,4.7,2.8,75.0,26.7,67,0.0,10.1
Hubballi,15.3478,75.1338,2026-05-06 09:00:00,58.4,19.6,182.0,2.9,2.7,92.0,29.9,50,0.0,12.1
Hubballi,15.3478,75.1338,2026-05-06 10:00:00,56.9,19.1,175.0,2.1,2.6,109.0,33.2,32,0.0,17.3
Hubballi,15.3478,75.1338,2026-05-06 11:00:00,54.5,19.1,171.0,1.6,2.5,122.0,33.6,31,0.0,18.8
Hubballi,15.3478,75.1338,2026-05-06 12:00:00,51.2,18.9,170.0,1.3,2.5,130.0,34.8,27,0.0,16.7
Hubballi,15.3478,75.1338,2026-05-06 13:00:00,48.3,18.2,172.0,1.3,2.4,135.0,35.4,25,0.0,16.7
Hubballi,15.3478,75.1338,2026-05-06 14:00:00,46.1,17.7,175.0,1.5,2.4,139.0,36.2,22,0.0,12.3
Hubballi,15.3478,75.1338,2026-05-06 15:00:00,43.7,17.1,177.0,1.1,2.3,144.0,36.6,20,0.0,8.1
Hubballi,15.3478,75.1338,2026-05-06 16:00:00,41.6,16.4,181.0,0.8,2.2,148.0,36.8,19,0.0,10.8
Hubballi,15.3478,75.1338,2026-05-06 17:00:00,24.9,10.9,187.0,3.0,2.9,147.0,36.4,19,0.0,13.3
Hubballi,15.3478,75.1338,2026-05-06 18:00:00,26.1,12.8,199.0,14.9,4.0,125.0,34.4,22,0.0,10.7
Hubballi,15.3478,75.1338,2026-05-06 19:00:00,34.9,21.5,214.0,31.2,5.4,94.0,32.6,23,0.0,7.1
Hubballi,15.3478,75.1338,2026-05-06 20:00:00,43.7,29.7,226.0,42.5,6.3,68.0,30.4,30,0.0,7.6
Hubballi,15.3478,75.1338,2026-05-06 21:00:00,43.5,30.2,230.0,44.1,6.0,51.0,26.5,62,0.0,14.3
Hubballi,15.3478,75.1338,2026-05-06 22:00:00,43.9,30.5,230.0,40.7,5.2,38.0,26.0,66,0.0,5.4
Hubballi,15.3478,75.1338,2026-05-06 23:00:00,44.6,31.5,235.0,37.1,4.3,29.0,26.2,70,0.0,10.7
Hubballi,15.3478,75.1338,2026-05-07 00:00:00,41.6,28.8,247.0,33.9,3.6,23.0,25.3,75,0.0,7.8
Hubballi,15.3478,75.1338,2026-05-07 01:00:00,39.7,27.1,264.0,30.5,2.9,21.0,24.8,76,0.0,3.7
Hubballi,15.3478,75.1338,2026-05-07 02:00:00,40.7,27.7,284.0,29.3,2.5,18.0,24.3,80,0.0,6.1
Hubballi,15.3478,75.1338,2026-05-07 03:00:00,43.4,29.7,315.0,33.7,2.7,9.0,23.9,82,0.0,2.4
Hubballi,15.3478,75.1338,2026-05-07 04:00:00,47.1,33.1,350.0,40.4,3.3,0.0,23.9,82,0.0,3.4
Hubballi,15.3478,75.1338,2026-05-07 05:00:00,41.8,33.8,363.0,24.5,5.7,50.0,24.3,76,0.0,8.0
Hubballi,15.3478,75.1338,2026-05-07 06:00:00,41.1,34.2,336.0,19.5,6.1,74.0,25.1,70,0.0,10.8
Hubballi,15.3478,75.1338,2026-05-07 07:00:00,42.7,35.9,287.0,12.6,6.6,107.0,27.3,58,0.0,7.3
Hubballi,15.3478,75.1338,2026-05-07 08:00:00,48.9,37.7,249.0,7.0,6.7,134.0,29.6,49,0.0,11.2
Hubballi,15.3478,75.1338,2026-05-07 09:00:00,47.7,35.6,236.0,4.2,6.1,150.0,31.6,43,0.0,13.3
Hubballi,15.3478,75.1338,2026-05-07 10:00:00,43.9,32.2,233.0,2.8,5.1,160.0,33.6,36,0.0,12.8
Hubballi,15.3478,75.1338,2026-05-07 11:00:00,41.1,29.8,228.0,1.9,4.3,166.0,32.2,33,0.0,12.5
Hubballi,15.3478,75.1338,2026-05-07 12:00:00,43.8,29.7,213.0,1.4,3.9,169.0,33.0,30,0.0,11.2
Hubballi,15.3478,75.1338,2026-05-07 13:00:00,56.0,36.6,196.0,1.4,3.6,169.0,33.7,29,0.0,15.2
Hubballi,15.3478,75.1338,2026-05-07 14:00:00,43.4,28.1,188.0,1.7,3.4,167.0,34.7,27,0.0,12.4
Hubballi,15.3478,75.1338,2026-05-07 15:00:00,43.7,27.7,196.0,2.0,3.1,165.0,35.1,26,0.0,7.9
Hubballi,15.3478,75.1338,2026-05-07 16:00:00,43.8,27.5,213.0,2.6,2.9,162.0,34.3,29,0.0,12.1
Hubballi,15.3478,75.1338,2026-05-07 17:00:00,48.2,31.4,229.0,3.5,2.7,146.0,34.4,27,0.0,8.6
Hubballi,15.3478,75.1338,2026-05-07 18:00:00,42.3,30.0,242.0,4.5,2.7,135.0,27.9,64,0.0,23.6
Hubballi,15.3478,75.1338,2026-05-07 19:00:00,35.4,27.9,254.0,5.9,2.6,119.0,27.8,62,0.1,18.9
Hubballi,15.3478,75.1338,2026-05-07 20:00:00,33.1,26.9,264.0,7.1,2.8,107.0,26.5,68,0.0,11.0
Hubballi,15.3478,75.1338,2026-05-07 21:00:00,32.9,26.7,273.0,7.7,3.3,102.0,26.3,72,0.0,11.9
Hubballi,15.3478,75.1338,2026-05-07 22:00:00,35.0,27.5,280.0,8.1,4.0,101.0,26.0,74,0.0,9.7
Hubballi,15.3478,75.1338,2026-05-07 23:00:00,37.7,29.0,285.0,8.6,4.6,98.0,26.0,77,0.0,4.7
Hubballi,15.3478,75.1338,2026-05-08 00:00:00,39.5,30.4,284.0,9.3,5.0,92.0,25.6,79,0.0,2.7
Hubballi,15.3478,75.1338,2026-05-08 01:00:00,41.4,32.2,281.0,10.1,5.2,84.0,25.3,75,0.0,15.2
Hubballi,15.3478,75.1338,2026-05-08 02:00:00,43.1,33.5,282.0,10.9,5.4,78.0,25.4,69,0.0,14.6
Hubballi,15.3478,75.1338,2026-05-08 03:00:00,45.2,34.9,295.0,11.8,5.4,72.0,25.9,64,0.0,13.0
Hubballi,15.3478,75.1338,2026-05-08 04:00:00,47.6,36.7,313.0,12.8,5.3,67.0,25.7,66,0.0,13.5
Hubballi,15.3478,75.1338,2026-05-08 05:00:00,52.6,41.0,321.0,8.5,4.9,96.0,26.2,61,0.0,14.0
Hubballi,15.3478,75.1338,2026-05-08 06:00:00,52.5,42.0,311.0,8.4,5.8,95.0,26.3,57,0.0,13.7
Hubballi,15.3478,75.1338,2026-05-08 07:00:00,51.0,41.4,290.0,8.1,7.1,95.0,27.9,51,0.0,16.3
Hubballi,15.3478,75.1338,2026-05-08 08:00:00,36.6,29.0,268.0,7.4,7.7,98.0,29.0,51,0.0,14.5
Hubballi,15.3478,75.1338,2026-05-08 09:00:00,23.6,19.6,243.0,5.7,7.1,108.0,30.4,48,0.0,15.0
Hubballi,15.3478,75.1338,2026-05-08 10:00:00,19.9,16.1,216.0,3.5,5.8,122.0,31.9,41,0.0,13.8
Hubballi,15.3478,75.1338,2026-05-08 11:00:00,18.6,14.1,196.0,1.9,4.7,133.0,33.8,35,0.0,10.8
Hubballi,15.3478,75.1338,2026-05-08 12:00:00,17.6,12.7,189.0,1.3,3.9,137.0,35.2,31,0.0,10.0
Hubballi,15.3478,75.1338,2026-05-08 13:00:00,17.8,12.5,189.0,1.3,3.2,138.0,35.8,29,0.0,10.8
Hubballi,15.3478,75.1338,2026-05-08 14:00:00,17.7,12.3,191.0,1.5,2.8,139.0,35.9,27,0.0,14.1
Hubballi,15.3478,75.1338,2026-05-08 15:00:00,18.6,12.8,192.0,1.0,2.7,143.0,35.8,25,0.0,17.3
Hubballi,15.3478,75.1338,2026-05-08 16:00:00,20.0,13.8,194.0,0.7,2.9,146.0,35.6,24,0.0,13.8
Hubballi,15.3478,75.1338,2026-05-08 17:00:00,23.7,16.2,199.0,2.8,3.2,145.0,35.0,23,0.0,21.4
Hubballi,15.3478,75.1338,2026-05-08 18:00:00,22.2,16.0,202.0,4.4,3.3,136.0,33.4,26,0.0,18.7
Hubballi,15.3478,75.1338,2026-05-08 19:00:00,20.8,16.2,207.0,6.6,3.4,124.0,31.8,31,0.0,18.4
Hubballi,15.3478,75.1338,2026-05-08 20:00:00,20.0,16.1,227.0,8.8,3.6,113.0,31.1,34,0.0,15.8
Hubballi,15.3478,75.1338,2026-05-08 21:00:00,19.9,16.3,278.0,10.9,3.9,104.0,30.5,36,0.0,12.6
Hubballi,15.3478,75.1338,2026-05-08 22:00:00,20.8,17.3,343.0,13.1,4.3,95.0,29.9,38,0.0,14.4
Hubballi,15.3478,75.1338,2026-05-08 23:00:00,21.6,18.5,384.0,14.6,4.9,87.0,29.0,38,0.0,13.2
Hubballi,15.3478,75.1338,2026-05-09 00:00:00,21.3,18.5,377.0,15.3,5.9,79.0,28.2,40,0.0,10.9
Hubballi,15.3478,75.1338,2026-05-09 01:00:00,20.0,17.7,346.0,15.4,7.0,70.0,27.9,42,0.0,12.9
Hubballi,15.3478,75.1338,2026-05-09 02:00:00,17.6,15.8,322.0,15.0,7.7,63.0,27.2,46,0.0,11.2
Hubballi,15.3478,75.1338,2026-05-09 03:00:00,15.4,13.9,322.0,13.9,7.5,56.0,26.6,49,0.0,9.2
Hubballi,15.3478,75.1338,2026-05-09 04:00:00,13.4,12.1,328.0,12.2,6.7,50.0,25.9,52,0.0,9.1
Hubballi,15.3478,75.1338,2026-05-09 05:00:00,11.6,10.1,320.0,9.9,6.9,48.0,26.3,58,0.0,9.0
Hubballi,15.3478,75.1338,2026-05-09 06:00:00,10.5,9.0,282.0,8.6,6.2,51.0,26.7,58,0.0,8.8
Hubballi,15.3478,75.1338,2026-05-09 07:00:00,10.0,8.0,229.0,6.7,5.3,56.0,27.6,57,0.0,10.0
Hubballi,15.3478,75.1338,2026-05-09 08:00:00,10.7,7.8,190.0,5.0,4.4,66.0,29.1,52,0.0,10.5
Hubballi,15.3478,75.1338,2026-05-09 09:00:00,12.0,8.3,178.0,3.7,3.7,85.0,31.4,43,0.0,10.4
Hubballi,15.3478,75.1338,2026-05-09 10:00:00,13.5,9.5,179.0,2.5,3.2,109.0,33.4,34,0.0,10.6
Hubballi,15.3478,75.1338,2026-05-09 11:00:00,14.7,10.3,182.0,1.7,2.8,129.0,35.3,26,0.0,13.7
Hubballi,15.3478,75.1338,2026-05-09 12:00:00,14.6,10.3,182.0,1.4,2.7,142.0,36.8,21,0.0,17.3
Hubballi,15.3478,75.1338,2026-05-09 13:00:00,15.1,10.5,184.0,1.4,2.9,150.0,36.4,20,0.0,18.2
Hubballi,15.3478,75.1338,2026-05-09 14:00:00,15.1,10.4,187.0,1.6,2.9,155.0,36.9,20,0.0,19.1
Hubballi,15.3478,75.1338,2026-05-09 15:00:00,15.1,10.3,188.0,1.4,2.6,157.0,36.9,19,0.0,20.4
Hubballi,15.3478,75.1338,2026-05-09 16:00:00,15.0,10.1,189.0,1.4,2.2,156.0,36.8,19,0.0,15.7
Hubballi,15.3478,75.1338,2026-05-09 17:00:00,15.9,10.3,202.0,2.7,1.9,149.0,36.1,20,0.0,18.2
Hubballi,15.3478,75.1338,2026-05-09 18:00:00,16.8,11.8,238.0,6.8,2.7,139.0,34.5,23,0.0,13.2
Hubballi,15.3478,75.1338,2026-05-09 19:00:00,19.2,15.0,286.0,12.5,3.8,125.0,32.8,27,0.0,6.2
Hubballi,15.3478,75.1338,2026-05-09 20:00:00,23.7,19.4,318.0,17.4,4.6,109.0,29.6,46,0.0,12.3
Hubballi,15.3478,75.1338,2026-05-09 21:00:00,27.0,22.6,319.0,21.1,5.0,92.0,26.6,73,0.0,16.3
Hubballi,15.3478,75.1338,2026-05-09 22:00:00,29.3,25.1,304.0,24.0,5.1,73.0,26.2,73,0.0,12.8
Hubballi,15.3478,75.1338,2026-05-09 23:00:00,30.3,26.4,297.0,24.6,4.7,59.0,26.0,79,0.0,10.0
Hubballi,15.3478,75.1338,2026-05-10 00:00:00,29.0,25.2,308.0,21.4,3.6,52.0,25.1,83,0.0,8.3
Hubballi,15.3478,75.1338,2026-05-10 01:00:00,29.3,25.1,326.0,16.0,2.0,49.0,24.5,87,0.0,6.8
Hubballi,15.3478,75.1338,2026-05-10 02:00:00,28.1,24.8,340.0,11.4,0.8,49.0,24.0,90,0.0,4.0
Hubballi,15.3478,75.1338,2026-05-10 03:00:00,28.2,24.7,347.0,8.8,0.4,53.0,23.8,90,0.0,6.4
Hubballi,15.3478,75.1338,2026-05-10 04:00:00,29.9,24.3,350.0,6.9,0.4,59.0,23.9,88,0.0,2.7
Hubballi,15.3478,75.1338,2026-05-10 05:00:00,27.1,21.9,347.0,6.7,2.4,75.0,23.7,95,0.0,3.0
Hubballi,15.3478,75.1338,2026-05-10 06:00:00,27.6,22.5,338.0,6.7,2.9,81.0,24.3,93,0.0,2.3
Hubballi,15.3478,75.1338,2026-05-10 07:00:00,28.2,22.9,323.0,6.7,3.6,89.0,26.2,82,0.0,2.3
Hubballi,15.3478,75.1338,2026-05-10 08:00:00,28.8,22.8,303.0,6.2,4.0,100.0,28.8,62,0.0,4.1
Hubballi,15.3478,75.1338,2026-05-10 09:00:00,27.6,21.7,271.0,4.9,3.9,114.0,31.2,48,0.0,6.0
Hubballi,15.3478,75.1338,2026-05-10 10:00:00,24.6,18.5,234.0,3.3,3.6,130.0,33.2,40,0.0,7.9
Hubballi,15.3478,75.1338,2026-05-10 11:00:00,25.3,17.4,206.0,2.0,3.3,143.0,33.8,37,0.0,10.3
Hubballi,15.3478,75.1338,2026-05-10 12:00:00,30.5,18.3,194.0,1.5,3.3,150.0,35.1,31,0.0,14.0
Hubballi,15.3478,75.1338,2026-05-10 13:00:00,34.2,18.2,192.0,1.5,3.3,153.0,36.0,26,0.0,15.1
Hubballi,15.3478,75.1338,2026-05-10 14:00:00,37.1,18.1,193.0,1.6,3.4,154.0,36.5,24,0.0,18.6
Hubballi,15.3478,75.1338,2026-05-10 15:00:00,39.2,18.3,190.0,1.5,3.4,155.0,36.7,23,0.0,16.2
Hubballi,15.3478,75.1338,2026-05-10 16:00:00,41.3,19.1,189.0,1.7,3.5,155.0,36.5,22,0.0,14.5
Hubballi,15.3478,75.1338,2026-05-10 17:00:00,46.1,21.3,206.0,3.0,3.6,150.0,36.3,22,0.0,18.2
Hubballi,15.3478,75.1338,2026-05-10 18:00:00,43.4,21.5,261.0,6.6,3.9,137.0,34.9,24,0.0,15.5
Hubballi,15.3478,75.1338,2026-05-10 19:00:00,41.7,23.3,333.0,11.3,4.3,119.0,32.9,29,0.0,4.1
Hubballi,15.3478,75.1338,2026-05-10 20:00:00,42.7,25.3,375.0,15.3,4.6,102.0,32.0,29,0.0,12.8
Hubballi,15.3478,75.1338,2026-05-10 21:00:00,42.5,26.3,357.0,18.1,4.9,88.0,27.5,68,0.0,14.1
Hubballi,15.3478,75.1338,2026-05-10 22:00:00,46.3,29.1,308.0,20.0,5.0,75.0,27.4,68,0.0,14.7
Hubballi,15.3478,75.1338,2026-05-10 23:00:00,41.4,30.2,268.0,20.2,5.0,67.0,27.0,75,0.0,11.8
Hubballi,15.3478,75.1338,2026-05-11 00:00:00,35.2,28.5,249.0,17.5,4.6,67.0,26.2,81,0.0,4.5
Hubballi,15.3478,75.1338,2026-05-11 01:00:00,32.7,27.8,239.0,13.0,3.9,73.0,26.1,84,0.1,1.8
Hubballi,15.3478,75.1338,2026-05-11 02:00:00,31.9,27.5,238.0,9.4,3.3,77.0,25.9,83,0.0,8.2
Hubballi,15.3478,75.1338,2026-05-11 03:00:00,32.5,28.0,253.0,7.9,2.7,76.0,25.6,81,0.0,4.8
Hubballi,15.3478,75.1338,2026-05-11 04:00:00,32.7,28.4,278.0,7.4,2.1,73.0,25.3,77,0.0,7.3
Hubballi,15.3478,75.1338,2026-05-11 05:00:00,29.9,25.3,294.0,6.8,3.5,88.0,25.4,82,0.0,6.3
Hubballi,15.3478,75.1338,2026-05-11 06:00:00,30.7,25.6,291.0,6.6,4.0,99.0,26.0,74,0.0,9.8
Hubballi,15.3478,75.1338,2026-05-11 07:00:00,33.5,26.1,279.0,6.2,4.6,116.0,27.9,65,0.0,6.3
Hubballi,15.3478,75.1338,2026-05-11 08:00:00,37.3,26.6,266.0,5.6,5.1,131.0,30.5,50,0.0,5.4
Hubballi,15.3478,75.1338,2026-05-11 09:00:00,43.5,27.0,253.0,4.4,5.3,144.0,32.9,41,0.0,6.0
Hubballi,15.3478,75.1338,2026-05-11 10:00:00,50.6,28.2,239.0,2.9,5.3,157.0,34.6,34,0.0,2.3
Hubballi,15.3478,75.1338,2026-05-11 11:00:00,54.0,28.5,228.0,1.8,5.3,166.0,33.3,43,0.0,3.9
Hubballi,15.3478,75.1338,2026-05-11 12:00:00,55.8,28.7,225.0,1.4,5.2,171.0,35.0,38,0.0,1.7
Hubballi,15.3478,75.1338,2026-05-11 13:00:00,54.5,27.9,225.0,1.4,5.1,172.0,35.5,36,0.0,2.8
Hubballi,15.3478,75.1338,2026-05-11 14:00:00,54.0,27.6,223.0,1.6,4.9,173.0,35.1,34,0.0,3.5
Hubballi,15.3478,75.1338,2026-05-11 15:00:00,53.2,27.2,213.0,1.5,4.8,177.0,35.2,30,0.0,3.2
Hubballi,15.3478,75.1338,2026-05-11 16:00:00,51.6,26.5,200.0,1.6,4.6,180.0,35.6,26,0.0,6.5
Hubballi,15.3478,75.1338,2026-05-11 17:00:00,31.7,16.9,193.0,2.9,3.9,178.0,30.0,63,0.0,27.2
Hubballi,15.3478,75.1338,2026-05-11 18:00:00,30.9,18.6,196.0,4.3,3.5,150.0,29.0,63,0.1,21.3
Hubballi,15.3478,75.1338,2026-05-11 19:00:00,30.9,22.2,204.0,6.2,3.0,111.0,27.7,70,0.0,17.9
Hubballi,15.3478,75.1338,2026-05-11 20:00:00,29.1,20.4,210.0,7.3,2.5,81.0,27.3,74,0.0,16.6
Hubballi,15.3478,75.1338,2026-05-11 21:00:00,28.6,19.3,211.0,6.8,2.2,70.0,26.4,78,0.0,15.8
Hubballi,15.3478,75.1338,2026-05-11 22:00:00,30.2,18.5,210.0,5.5,2.0,69.0,25.8,82,0.0,15.7
Hubballi,15.3478,75.1338,2026-05-11 23:00:00,31.2,18.0,206.0,4.5,1.9,69.0,25.6,87,0.0,12.0
Hubballi,15.3478,75.1338,2026-05-12 00:00:00,33.1,17.9,194.0,4.2,1.9,67.0,25.3,90,0.0,9.6
Hubballi,15.3478,75.1338,2026-05-12 01:00:00,32.9,17.6,179.0,4.3,1.9,67.0,25.0,92,0.0,9.7
Hubballi,15.3478,75.1338,2026-05-12 02:00:00,33.6,17.6,171.0,4.4,1.9,66.0,24.9,91,0.0,8.6
Hubballi,15.3478,75.1338,2026-05-12 03:00:00,34.5,17.7,176.0,4.5,1.8,63.0,24.8,91,0.0,7.8
Hubballi,15.3478,75.1338,2026-05-12 04:00:00,34.6,17.8,188.0,4.8,1.6,60.0,24.1,95,0.0,10.5
Hubballi,15.3478,75.1338,2026-05-12 05:00:00,35.4,18.5,197.0,4.5,1.5,62.0,24.5,94,0.0,8.7
Hubballi,15.3478,75.1338,2026-05-12 06:00:00,37.0,18.8,197.0,4.6,1.6,68.0,24.8,91,0.0,7.5
Hubballi,15.3478,75.1338,2026-05-12 07:00:00,39.5,19.7,194.0,4.6,1.9,76.0,26.3,82,0.0,6.0
Hubballi,15.3478,75.1338,2026-05-12 08:00:00,41.8,20.8,192.0,4.4,2.2,89.0,28.6,68,0.0,5.2
Hubballi,15.3478,75.1338,2026-05-12 09:00:00,41.7,21.1,192.0,3.6,2.7,109.0,31.3,54,0.0,4.3
Hubballi,15.3478,75.1338,2026-05-12 10:00:00,35.9,18.6,193.0,2.5,3.4,132.0,34.0,42,0.0,3.8
Hubballi,15.3478,75.1338,2026-05-12 11:00:00,33.4,17.1,196.0,1.7,3.9,150.0,32.9,49,0.0,2.2
Hubballi,15.3478,75.1338,2026-05-12 12:00:00,35.5,17.9,201.0,1.4,4.2,159.0,34.5,43,0.1,3.3
Hubballi,15.3478,75.1338,2026-05-12 13:00:00,35.6,18.3,208.0,1.4,4.4,163.0,35.1,42,0.0,4.2
Hubballi,15.3478,75.1338,2026-05-12 14:00:00,37.5,19.7,214.0,1.6,4.5,165.0,35.6,39,0.0,4.1
Hubballi,15.3478,75.1338,2026-05-12 15:00:00,40.2,21.3,220.0,1.7,4.5,169.0,35.4,35,0.0,4.2
Hubballi,15.3478,75.1338,2026-05-12 16:00:00,39.1,21.1,224.0,1.9,4.4,171.0,34.4,34,0.2,7.3
Hubballi,15.3478,75.1338,2026-05-12 17:00:00,40.5,21.9,225.0,3.0,4.3,165.0,31.2,54,0.2,16.7
Hubballi,15.3478,75.1338,2026-05-12 18:00:00,43.7,23.6,217.0,5.9,4.3,145.0,28.1,70,0.4,12.8
Hubballi,15.3478,75.1338,2026-05-12 19:00:00,61.5,35.7,205.0,9.6,4.3,117.0,26.0,77,0.3,15.2
Hubballi,15.3478,75.1338,2026-05-12 20:00:00,42.8,29.1,198.0,11.8,4.1,94.0,26.1,78,0.0,9.6
Hubballi,15.3478,75.1338,2026-05-12 21:00:00,34.7,22.9,203.0,11.1,3.7,79.0,26.2,79,0.0,7.5
Hubballi,15.3478,75.1338,2026-05-12 22:00:00,30.7,19.5,214.0,8.9,3.1,69.0,25.9,80,0.0,12.4
Hubballi,15.3478,75.1338,2026-05-12 23:00:00,29.9,17.8,218.0,7.1,2.6,61.0,25.7,87,0.0,12.2
Hubballi,15.3478,75.1338,2026-05-13 00:00:00,29.7,16.4,209.0,6.5,2.4,57.0,25.5,91,0.0,12.2
Hubballi,15.3478,75.1338,2026-05-13 01:00:00,29.4,15.8,193.0,6.3,2.4,55.0,25.2,94,0.0,11.2
Hubballi,15.3478,75.1338,2026-05-13 02:00:00,29.6,15.5,179.0,6.2,2.3,54.0,25.0,95,0.0,11.5
Hubballi,15.3478,75.1338,2026-05-13 03:00:00,30.2,15.6,166.0,6.3,2.2,50.0,24.7,93,0.0,14.3
Hubballi,15.3478,75.1338,2026-05-13 04:00:00,31.0,15.8,155.0,6.5,2.1,47.0,24.5,92,0.0,11.6
Hubballi,15.3478,75.1338,2026-05-13 05:00:00,25.5,13.2,150.0,3.1,1.7,67.0,24.7,91,0.0,10.4
Hubballi,15.3478,75.1338,2026-05-13 06:00:00,23.4,12.6,158.0,3.5,1.8,70.0,24.4,92,0.0,10.1
Hubballi,15.3478,75.1338,2026-05-13 07:00:00,25.8,12.7,172.0,4.0,1.9,75.0,25.6,85,0.0,11.1
Hubballi,15.3478,75.1338,2026-05-13 08:00:00,31.5,15.6,184.0,4.1,2.2,84.0,27.2,76,0.0,9.6
Hubballi,15.3478,75.1338,2026-05-13 09:00:00,38.9,19.4,189.0,3.5,2.7,102.0,29.5,67,0.0,7.9
Hubballi,15.3478,75.1338,2026-05-13 10:00:00,47.4,24.0,192.0,2.4,3.2,126.0,31.3,59,0.0,7.0
Hubballi,15.3478,75.1338,2026-05-13 11:00:00,50.6,26.5,195.0,1.7,3.7,143.0,32.1,56,0.0,6.4
Hubballi,15.3478,75.1338,2026-05-13 12:00:00,53.1,28.8,202.0,1.4,4.0,150.0,33.5,51,0.0,7.9
Hubballi,15.3478,75.1338,2026-05-13 13:00:00,51.0,27.7,210.0,1.4,4.1,152.0,34.1,47,0.0,10.6
Hubballi,15.3478,75.1338,2026-05-13 14:00:00,49.2,27.0,215.0,1.7,4.1,150.0,34.1,45,0.0,12.2
Hubballi,15.3478,75.1338,2026-05-13 15:00:00,49.0,26.5,214.0,2.2,3.8,145.0,30.1,60,0.5,19.2
Hubballi,15.3478,75.1338,2026-05-13 16:00:00,46.9,25.6,210.0,3.1,3.4,137.0,31.1,60,0.6,12.5
Hubballi,15.3478,75.1338,2026-05-13 17:00:00,52.7,30.6,207.0,4.1,3.1,127.0,28.2,67,0.1,12.4
Hubballi,15.3478,75.1338,2026-05-13 18:00:00,44.4,27.6,207.0,5.1,2.9,114.0,28.8,66,0.0,14.3
Hubballi,15.3478,75.1338,2026-05-13 19:00:00,36.9,24.3,207.0,6.6,2.7,96.0,27.5,73,0.0,10.5
Hubballi,15.3478,75.1338,2026-05-13 20:00:00,35.6,23.2,206.0,7.6,2.5,81.0,26.8,77,0.0,12.6
Hubballi,15.3478,75.1338,2026-05-13 21:00:00,34.7,22.3,204.0,7.8,2.5,73.0,26.3,82,0.0,9.6
Hubballi,15.3478,75.1338,2026-05-13 22:00:00,33.8,21.5,201.0,7.7,2.5,69.0,25.7,87,0.0,10.3
Hubballi,15.3478,75.1338,2026-05-13 23:00:00,32.1,20.0,195.0,7.4,2.5,66.0,25.2,88,0.0,11.2
Hubballi,15.3478,75.1338,2026-05-14 00:00:00,30.4,18.7,183.0,7.1,2.4,63.0,24.8,91,0.0,9.0
Hubballi,15.3478,75.1338,2026-05-14 01:00:00,27.8,17.2,168.0,6.8,2.4,62.0,24.7,92,0.0,10.6
Hubballi,15.3478,75.1338,2026-05-14 02:00:00,26.6,16.3,164.0,6.5,2.3,60.0,24.4,93,0.0,10.3
Hubballi,15.3478,75.1338,2026-05-14 03:00:00,25.8,15.8,180.0,6.3,2.3,58.0,24.3,93,0.0,8.1
Hubballi,15.3478,75.1338,2026-05-14 04:00:00,25.3,15.4,206.0,6.1,2.2,55.0,24.2,92,0.0,6.5
Hubballi,15.3478,75.1338,2026-05-14 05:00:00,30.5,18.5,230.0,8.0,2.9,52.0,24.2,95,0.0,3.1
Hubballi,15.3478,75.1338,2026-05-14 06:00:00,32.5,19.8,251.0,8.4,3.3,56.0,24.4,93,0.0,3.4
Hubballi,15.3478,75.1338,2026-05-14 07:00:00,37.4,21.8,269.0,8.8,3.8,62.0,26.2,82,0.0,3.1
Hubballi,15.3478,75.1338,2026-05-14 08:00:00,46.0,26.1,277.0,8.6,4.3,74.0,28.4,70,0.0,6.9
Hubballi,15.3478,75.1338,2026-05-14 09:00:00,56.2,31.8,266.0,7.0,4.6,99.0,30.6,58,0.0,10.3
Hubballi,15.3478,75.1338,2026-05-14 10:00:00,62.9,35.9,244.0,4.7,4.7,130.0,32.7,51,0.0,9.9
Hubballi,15.3478,75.1338,2026-05-14 11:00:00,67.8,38.3,228.0,2.9,4.8,154.0,33.3,49,0.0,6.9
Hubballi,15.3478,75.1338,2026-05-14 12:00:00,72.4,39.7,224.0,2.0,4.7,164.0,34.6,44,0.0,4.0
Hubballi,15.3478,75.1338,2026-05-14 13:00:00,73.8,39.6,226.0,1.6,4.6,167.0,35.7,40,0.0,1.7
Hubballi,15.3478,75.1338,2026-05-14 14:00:00,74.0,39.0,233.0,1.8,4.3,164.0,35.3,40,0.0,4.0
Hubballi,15.3478,75.1338,2026-05-14 15:00:00,69.8,36.6,248.0,2.8,3.8,156.0,32.5,48,1.3,15.0
Hubballi,15.3478,75.1338,2026-05-14 16:00:00,65.7,35.5,267.0,4.4,3.2,143.0,33.1,44,0.9,8.4
Hubballi,15.3478,75.1338,2026-05-14 17:00:00,71.2,41.9,278.0,6.4,3.7,141.0,29.4,64,0.0,20.8
Hubballi,15.3478,75.1338,2026-05-14 18:00:00,55.5,37.0,274.0,6.8,3.2,126.0,28.1,81,0.8,8.0
Hubballi,15.3478,75.1338,2026-05-14 19:00:00,37.7,25.8,263.0,7.4,2.4,104.0,28.1,82,0.2,13.7
Hubballi,15.3478,75.1338,2026-05-14 20:00:00,25.4,18.0,255.0,8.0,1.9,86.0,27.4,85,0.0,15.0
Hubballi,15.3478,75.1338,2026-05-14 21:00:00,27.7,17.5,256.0,8.8,1.9,75.0,26.9,88,0.0,13.9
Hubballi,15.3478,75.1338,2026-05-14 22:00:00,23.9,15.9,259.0,9.6,2.1,67.0,26.5,89,0.0,13.9
Hubballi,15.3478,75.1338,2026-05-14 23:00:00,19.7,13.8,257.0,10.1,2.3,60.0,25.8,88,0.0,13.5
Hubballi,15.3478,75.1338,2026-05-15 00:00:00,17.2,12.4,243.0,10.2,2.2,53.0,25.4,89,0.0,14.0
Hubballi,15.3478,75.1338,2026-05-15 01:00:00,15.9,11.6,222.0,9.9,2.1,48.0,25.1,91,0.0,10.7
Hubballi,15.3478,75.1338,2026-05-15 02:00:00,13.2,9.7,207.0,9.4,2.0,45.0,25.0,92,0.0,13.6
Hubballi,15.3478,75.1338,2026-05-15 03:00:00,12.5,9.1,199.0,8.5,2.0,46.0,25.1,91,0.0,13.6
Hubballi,15.3478,75.1338,2026-05-15 04:00:00,20.4,12.3,196.0,7.4,2.0,51.0,24.9,93,0.0,9.9
Hubballi,15.3478,75.1338,2026-05-15 05:00:00,19.9,11.6,199.0,5.0,2.5,75.0,23.7,92,0.0,12.1
Hubballi,15.3478,75.1338,2026-05-15 06:00:00,23.1,13.1,211.0,6.0,3.1,76.0,23.6,88,0.0,13.3
Hubballi,15.3478,75.1338,2026-05-15 07:00:00,26.7,15.0,229.0,7.3,3.8,79.0,25.2,79,0.0,13.6
Hubballi,15.3478,75.1338,2026-05-15 08:00:00,35.5,18.6,241.0,7.7,4.5,87.0,27.3,67,0.0,14.0
Hubballi,15.3478,75.1338,2026-05-15 09:00:00,45.5,23.0,240.0,6.3,5.0,106.0,29.8,53,0.0,13.9
Hubballi,15.3478,75.1338,2026-05-15 10:00:00,56.0,27.9,233.0,3.9,5.5,130.0,32.3,44,0.0,13.1
Hubballi,15.3478,75.1338,2026-05-15 11:00:00,66.4,33.2,225.0,2.1,5.6,148.0,33.5,40,0.0,18.5
Hubballi,15.3478,75.1338,2026-05-15 12:00:00,71.5,36.6,215.0,1.5,5.3,154.0,33.3,39,0.8,18.6
Hubballi,15.3478,75.1338,2026-05-15 13:00:00,71.9,37.5,204.0,1.4,4.7,154.0,34.0,37,0.0,16.4
Hubballi,15.3478,75.1338,2026-05-15 14:00:00,70.1,36.8,198.0,1.6,4.2,153.0,34.2,35,0.0,18.7
Hubballi,15.3478,75.1338,2026-05-15 15:00:00,68.9,36.3,197.0,1.7,4.1,153.0,34.0,35,0.0,18.8
Hubballi,15.3478,75.1338,2026-05-15 16:00:00,68.2,36.2,201.0,2.0,4.1,152.0,33.7,35,0.0,15.6
Hubballi,15.3478,75.1338,2026-05-15 17:00:00,58.3,31.7,223.0,4.1,4.0,146.0,33.0,37,0.0,13.4
Hubballi,15.3478,75.1338,2026-05-15 18:00:00,53.0,31.9,284.0,13.6,4.6,125.0,31.5,43,0.0,8.6
Hubballi,15.3478,75.1338,2026-05-15 19:00:00,53.4,34.6,363.0,26.3,5.4,95.0,30.1,48,0.0,6.7
Hubballi,15.3478,75.1338,2026-05-15 20:00:00,53.3,37.0,409.0,33.3,5.6,73.0,28.5,54,0.0,6.9
Hubballi,15.3478,75.1338,2026-05-15 21:00:00,38.9,29.7,391.0,28.9,4.8,65.0,27.8,54,0.0,9.0
Hubballi,15.3478,75.1338,2026-05-15 22:00:00,27.1,22.1,340.0,18.7,3.4,63.0,27.4,56,0.0,10.2
Hubballi,15.3478,75.1338,2026-05-15 23:00:00,21.1,17.5,297.0,10.7,2.4,62.0,26.7,62,0.0,7.0
Hubballi,15.3478,75.1338,2026-05-16 00:00:00,17.9,14.8,278.0,8.3,2.0,59.0,25.6,70,0.0,9.0
Hubballi,15.3478,75.1338,2026-05-16 01:00:00,16.9,14.0,266.0,8.2,2.0,55.0,25.2,76,0.0,8.9
Hubballi,15.3478,75.1338,2026-05-16 02:00:00,16.6,13.7,255.0,8.3,2.0,52.0,25.3,78,0.0,7.8
Hubballi,15.3478,75.1338,2026-05-16 03:00:00,16.9,13.8,239.0,8.2,1.9,47.0,25.0,81,0.0,6.5
Hubballi,15.3478,75.1338,2026-05-16 04:00:00,17.6,14.3,224.0,8.4,1.9,43.0,24.6,85,0.0,6.1
Hubballi,15.3478,75.1338,2026-05-16 05:00:00,18.3,15.5,218.0,10.8,2.4,41.0,24.6,96,0.0,7.0
Hubballi,15.3478,75.1338,2026-05-16 06:00:00,19.3,16.6,229.0,10.1,3.0,50.0,24.7,93,0.0,6.8
Hubballi,15.3478,75.1338,2026-05-16 07:00:00,21.8,17.1,250.0,9.1,3.9,64.0,26.6,80,0.0,6.8
Hubballi,15.3478,75.1338,2026-05-16 08:00:00,26.1,19.0,261.0,7.9,4.6,81.0,29.3,64,0.0,8.2
Hubballi,15.3478,75.1338,2026-05-16 09:00:00,29.9,20.3,253.0,6.3,5.1,102.0,31.2,52,0.0,8.5
Hubballi,15.3478,75.1338,2026-05-16 10:00:00,30.4,20.4,236.0,4.6,5.6,126.0,33.1,43,0.0,8.5
Hubballi,15.3478,75.1338,2026-05-16 11:00:00,28.1,19.3,223.0,3.2,5.8,145.0,34.2,38,0.0,11.1
Hubballi,15.3478,75.1338,2026-05-16 12:00:00,28.1,19.2,220.0,2.4,5.7,157.0,35.3,34,0.0,9.6
Hubballi,15.3478,75.1338,2026-05-16 13:00:00,30.9,20.4,220.0,2.0,5.5,164.0,36.3,30,0.0,9.0
Hubballi,15.3478,75.1338,2026-05-16 14:00:00,33.2,21.5,221.0,2.0,5.2,167.0,36.7,28,0.0,8.8
Hubballi,15.3478,75.1338,2026-05-16 15:00:00,36.4,23.5,218.0,2.4,4.9,166.0,36.9,28,0.0,10.6
Hubballi,15.3478,75.1338,2026-05-16 16:00:00,36.1,23.6,215.0,3.3,4.6,160.0,35.6,33,0.1,8.3
Hubballi,15.3478,75.1338,2026-05-16 17:00:00,36.4,21.8,217.0,3.9,4.6,153.0,34.3,34,0.0,7.2
Hubballi,15.3478,75.1338,2026-05-16 18:00:00,32.0,22.5,234.0,4.8,3.7,127.0,28.0,69,0.1,22.4
Hubballi,15.3478,75.1338,2026-05-16 19:00:00,25.1,19.5,257.0,6.0,2.5,92.0,28.4,70,0.1,18.8
Hubballi,15.3478,75.1338,2026-05-16 20:00:00,19.4,15.4,264.0,7.0,1.6,64.0,27.1,77,0.0,15.1
Hubballi,15.3478,75.1338,2026-05-16 21:00:00,18.1,14.3,241.0,7.5,1.5,51.0,26.6,80,0.0,18.8
Hubballi,15.3478,75.1338,2026-05-16 22:00:00,17.6,13.4,203.0,7.6,1.8,46.0,25.9,84,0.0,15.1
Hubballi,15.3478,75.1338,2026-05-16 23:00:00,16.2,12.1,175.0,7.7,2.0,43.0,25.0,86,0.0,16.2
Hubballi,15.3478,75.1338,2026-05-17 00:00:00,14.3,10.7,171.0,7.5,2.0,40.0,25.1,86,0.0,16.4
Hubballi,15.3478,75.1338,2026-05-17 01:00:00,13.7,10.0,177.0,7.3,1.9,39.0,25.0,86,0.0,16.2
Hubballi,15.3478,75.1338,2026-05-17 02:00:00,13.3,9.5,181.0,7.2,1.8,37.0,24.9,87,0.0,11.9
Hubballi,15.3478,75.1338,2026-05-17 03:00:00,13.0,9.3,175.0,7.8,1.8,33.0,24.7,88,0.0,8.8
Hubballi,15.3478,75.1338,2026-05-17 04:00:00,12.7,9.1,165.0,8.5,1.9,29.0,24.6,87,0.0,8.3
Hubballi,15.3478,75.1338,2026-05-17 05:00:00,14.1,9.5,160.0,6.1,2.0,43.0,24.1,92,0.0,6.8
Hubballi,15.3478,75.1338,2026-05-17 06:00:00,14.6,10.0,162.0,5.5,2.3,49.0,24.5,89,0.0,7.4
Hubballi,15.3478,75.1338,2026-05-17 07:00:00,15.8,10.4,169.0,4.7,2.7,58.0,26.3,78,0.0,10.0
Hubballi,15.3478,75.1338,2026-05-17 08:00:00,18.4,12.0,175.0,3.9,3.1,71.0,28.4,68,0.0,8.8
Hubballi,15.3478,75.1338,2026-05-17 09:00:00,21.2,13.9,181.0,3.0,3.6,89.0,30.8,58,0.0,8.8
Hubballi,15.3478,75.1338,2026-05-17 10:00:00,23.4,15.7,187.0,2.1,4.2,111.0,33.2,49,0.0,9.7
Hubballi,15.3478,75.1338,2026-05-17 11:00:00,25.9,17.3,192.0,1.4,4.7,128.0,33.5,48,0.0,10.4
Hubballi,15.3478,75.1338,2026-05-17 12:00:00,26.7,18.2,195.0,1.1,4.9,139.0,34.7,46,0.1,8.9
Hubballi,15.3478,75.1338,2026-05-17 13:00:00,26.4,18.6,197.0,1.1,4.9,145.0,35.5,43,0.2,7.0
Hubballi,15.3478,75.1338,2026-05-17 14:00:00,27.1,19.2,198.0,1.3,5.0,147.0,36.2,39,0.2,6.7
Hubballi,15.3478,75.1338,2026-05-17 15:00:00,27.5,19.4,198.0,1.8,5.2,145.0,36.5,37,0.0,8.3
Hubballi,15.3478,75.1338,2026-05-17 16:00:00,28.1,19.7,198.0,2.6,5.5,139.0,35.6,36,0.0,10.6
Hubballi,15.3478,75.1338,2026-05-17 17:00:00,35.2,25.0,197.0,4.2,5.3,138.0,34.0,36,0.2,3.8
Hubballi,15.3478,75.1338,2026-05-17 18:00:00,22.2,17.1,196.0,4.3,4.2,117.0,33.5,37,0.0,9.2
Hubballi,15.3478,75.1338,2026-05-17 19:00:00,11.2,7.9,196.0,4.4,2.7,88.0,25.4,91,0.6,18.5
Hubballi,15.3478,75.1338,2026-05-17 20:00:00,10.6,7.2,194.0,4.8,1.6,65.0,26.2,91,0.5,17.6
Hubballi,15.3478,75.1338,2026-05-17 21:00:00,10.6,7.3,192.0,5.5,1.5,55.0,26.4,88,0.0,14.0
Hubballi,15.3478,75.1338,2026-05-17 22:00:00,12.2,8.7,189.0,6.3,1.8,52.0,25.8,91,0.0,9.9
Hubballi,15.3478,75.1338,2026-05-17 23:00:00,14.0,9.3,185.0,7.3,2.1,48.0,24.0,87,0.0,7.3
Hubballi,15.3478,75.1338,2026-05-18 00:00:00,14.2,9.5,180.0,8.5,2.0,41.0,24.1,87,0.0,7.0
Hubballi,15.3478,75.1338,2026-05-18 01:00:00,14.0,9.8,174.0,9.9,1.8,34.0,25.0,83,0.0,5.7
Hubballi,15.3478,75.1338,2026-05-18 02:00:00,15.3,11.0,168.0,10.6,1.7,29.0,25.3,81,0.0,8.1
Hubballi,15.3478,75.1338,2026-05-18 03:00:00,16.3,11.5,163.0,10.4,1.7,27.0,25.3,75,0.0,11.2
Hubballi,15.3478,75.1338,2026-05-18 04:00:00,17.5,11.7,158.0,9.7,1.8,27.0,25.1,74,0.0,9.4
Hubballi,15.3478,75.1338,2026-05-18 05:00:00,16.1,11.4,156.0,6.7,2.6,52.0,24.6,94,0.0,10.6
Hubballi,15.3478,75.1338,2026-05-18 06:00:00,18.0,12.8,159.0,6.5,2.9,57.0,24.6,92,0.0,11.0
Hubballi,15.3478,75.1338,2026-05-18 07:00:00,20.7,14.1,164.0,6.1,3.2,66.0,26.0,86,0.0,8.0
Hubballi,15.3478,75.1338,2026-05-18 08:00:00,24.4,16.0,169.0,5.5,3.6,78.0,28.4,75,0.0,6.6
Hubballi,15.3478,75.1338,2026-05-18 09:00:00,28.2,17.9,172.0,4.3,4.0,98.0,30.5,66,0.0,5.3
Hubballi,15.3478,75.1338,2026-05-18 10:00:00,30.7,19.6,174.0,2.9,4.3,122.0,32.2,59,0.0,5.0
Hubballi,15.3478,75.1338,2026-05-18 11:00:00,29.9,19.8,175.0,1.8,4.5,140.0,31.9,59,0.0,1.1
Hubballi,15.3478,75.1338,2026-05-18 12:00:00,31.1,20.8,175.0,1.4,4.5,149.0,33.7,53,0.0,1.7
Hubballi,15.3478,75.1338,2026-05-18 13:00:00,31.0,21.0,174.0,1.4,4.4,152.0,27.5,73,2.6,23.5
Hubballi,15.3478,75.1338,2026-05-18 14:00:00,31.1,21.4,176.0,1.7,4.1,150.0,27.4,80,2.2,3.8
Hubballi,15.3478,75.1338,2026-05-18 15:00:00,29.9,21.2,186.0,2.1,3.6,140.0,28.0,79,0.7,9.4
Hubballi,15.3478,75.1338,2026-05-18 16:00:00,27.3,19.9,199.0,2.7,3.0,124.0,29.5,72,0.4,13.0
Hubballi,15.3478,75.1338,2026-05-18 17:00:00,29.5,22.5,206.0,4.5,2.2,108.0,30.1,64,0.1,12.1
Hubballi,15.3478,75.1338,2026-05-18 18:00:00,24.4,19.2,201.0,6.5,2.3,96.0,28.8,70,0.0,12.0
Hubballi,15.3478,75.1338,2026-05-18 19:00:00,23.6,18.2,191.0,9.2,2.6,80.0,27.3,79,0.0,15.3
Hubballi,15.3478,75.1338,2026-05-18 20:00:00,23.6,18.5,181.0,11.3,2.7,66.0,26.4,85,0.0,16.5
Hubballi,15.3478,75.1338,2026-05-18 21:00:00,23.6,17.8,174.0,12.4,2.8,57.0,25.5,90,0.0,15.0
Hubballi,15.3478,75.1338,2026-05-18 22:00:00,20.9,15.9,168.0,12.8,2.8,50.0,25.1,93,0.0,14.5
Hubballi,15.3478,75.1338,2026-05-18 23:00:00,19.0,14.1,163.0,12.1,2.7,47.0,24.8,93,0.0,16.4
Hubballi,15.3478,75.1338,2026-05-19 00:00:00,16.5,10.9,159.0,9.6,2.4,49.0,24.9,91,0.1,17.0
Hubballi,15.3478,75.1338,2026-05-19 01:00:00,13.9,7.9,156.0,5.9,2.0,55.0,24.9,91,0.0,15.2
Hubballi,15.3478,75.1338,2026-05-19 02:00:00,15.1,7.9,153.0,3.3,1.8,60.0,24.4,91,0.0,15.7
Hubballi,15.3478,75.1338,2026-05-19 03:00:00,16.9,8.8,151.0,2.5,1.8,61.0,24.0,91,0.0,13.0
Hubballi,15.3478,75.1338,2026-05-19 04:00:00,18.7,9.4,149.0,2.7,1.9,61.0,23.8,92,0.0,8.5
Hubballi,15.3478,75.1338,2026-05-19 05:00:00,17.2,8.7,147.0,3.8,2.1,54.0,24.3,90,0.0,11.6
Hubballi,15.3478,75.1338,2026-05-19 06:00:00,17.5,8.8,146.0,3.9,2.1,58.0,24.7,88,0.0,13.9
Hubballi,15.3478,75.1338,2026-05-19 07:00:00,19.2,9.4,145.0,4.0,2.1,65.0,25.5,86,0.0,13.1
Hubballi,15.3478,75.1338,2026-05-19 08:00:00,19.1,9.2,144.0,3.8,2.1,72.0,26.7,79,0.0,13.7
Hubballi,15.3478,75.1338,2026-05-19 09:00:00,18.3,9.4,144.0,3.1,2.0,82.0,27.1,78,0.1,13.6
Hubballi,15.3478,75.1338,2026-05-19 10:00:00,17.7,9.5,144.0,2.1,1.8,92.0,26.8,80,0.2,14.8
Hubballi,15.3478,75.1338,2026-05-19 11:00:00,17.0,9.5,145.0,1.5,1.7,100.0,27.6,76,0.1,13.9
Hubballi,15.3478,75.1338,2026-05-19 12:00:00,16.2,9.5,149.0,1.4,1.6,102.0,27.9,74,0.0,13.5
Hubballi,15.3478,75.1338,2026-05-19 13:00:00,14.6,9.0,155.0,1.7,1.6,102.0,28.5,71,0.0,13.6
Hubballi,15.3478,75.1338,2026-05-19 14:00:00,11.3,7.9,159.0,2.3,1.5,99.0,28.5,69,0.0,15.9
Hubballi,15.3478,75.1338,2026-05-19 15:00:00,9.0,6.7,159.0,3.4,1.4,94.0,28.7,67,0.1,15.5
Hubballi,15.3478,75.1338,2026-05-19 16:00:00,7.1,5.6,156.0,4.8,1.3,87.0,29.6,65,0.0,15.1
Hubballi,15.3478,75.1338,2026-05-19 17:00:00,10.9,6.9,154.0,6.5,1.2,76.0,27.3,76,0.5,16.2
Hubballi,15.3478,75.1338,2026-05-19 18:00:00,8.7,6.3,154.0,8.0,1.3,71.0,25.9,81,0.0,14.6
Hubballi,15.3478,75.1338,2026-05-19 19:00:00,7.9,6.5,155.0,10.0,1.5,64.0,25.4,85,0.0,14.9
Hubballi,15.3478,75.1338,2026-05-19 20:00:00,7.4,6.5,155.0,11.4,1.6,58.0,24.9,88,0.0,13.4
Hubballi,15.3478,75.1338,2026-05-19 21:00:00,6.8,6.2,154.0,11.6,1.7,54.0,24.5,91,0.0,10.4
Hubballi,15.3478,75.1338,2026-05-19 22:00:00,6.8,6.3,152.0,11.2,1.7,52.0,24.3,92,0.0,12.8
Hubballi,15.3478,75.1338,2026-05-19 23:00:00,7.1,6.5,148.0,10.4,1.7,51.0,24.3,93,0.0,14.3
Hubballi,15.3478,75.1338,2026-05-20 00:00:00,6.5,5.8,140.0,9.0,1.6,52.0,24.0,94,0.0,15.3
Hubballi,15.3478,75.1338,2026-05-20 01:00:00,6.0,5.3,130.0,7.3,1.4,55.0,23.9,93,0.0,15.9
Hubballi,15.3478,75.1338,2026-05-20 02:00:00,5.6,4.8,126.0,5.8,1.2,58.0,23.9,93,0.0,15.9
Hubballi,15.3478,75.1338,2026-05-20 03:00:00,5.4,4.8,132.0,4.9,1.2,59.0,23.8,94,0.0,15.1
Hubballi,15.3478,75.1338,2026-05-20 04:00:00,4.8,4.3,143.0,4.4,1.2,60.0,23.7,94,0.0,13.6
Hubballi,15.3478,75.1338,2026-05-20 05:00:00,3.3,3.1,155.0,3.8,1.0,62.0,24.1,93,0.0,12.0
Hubballi,15.3478,75.1338,2026-05-20 06:00:00,3.5,3.2,167.0,4.5,1.1,62.0,24.4,89,0.0,10.6
Hubballi,15.3478,75.1338,2026-05-20 07:00:00,4.0,3.7,179.0,5.4,1.2,63.0,24.8,84,0.0,9.7
Hubballi,15.3478,75.1338,2026-05-20 08:00:00,4.0,3.6,186.0,5.8,1.2,65.0,25.7,78,0.0,10.8
Hubballi,15.3478,75.1338,2026-05-20 09:00:00,4.7,4.1,182.0,5.1,1.1,70.0,26.6,75,0.0,11.9
Hubballi,15.3478,75.1338,2026-05-20 10:00:00,4.2,3.7,173.0,3.7,1.0,76.0,28.5,69,0.0,14.2
Hubballi,15.3478,75.1338,2026-05-20 11:00:00,3.9,3.5,166.0,2.7,0.9,81.0,28.9,67,0.0,15.7
Hubballi,15.3478,75.1338,2026-05-20 12:00:00,3.5,3.1,165.0,2.2,0.8,85.0,28.7,69,0.0,14.2
Hubballi,15.3478,75.1338,2026-05-20 13:00:00,3.5,3.1,167.0,2.0,0.7,88.0,28.4,69,0.0,16.5
Hubballi,15.3478,75.1338,2026-05-20 14:00:00,4.5,3.7,169.0,2.0,0.7,89.0,28.8,67,0.0,18.3
Hubballi,15.3478,75.1338,2026-05-20 15:00:00,6.2,4.9,170.0,2.4,0.7,89.0,30.3,62,0.0,17.9
Hubballi,15.3478,75.1338,2026-05-20 16:00:00,7.2,5.6,171.0,3.1,0.8,88.0,29.6,62,0.1,17.5
Hubballi,15.3478,75.1338,2026-05-20 17:00:00,7.2,5.7,171.0,3.2,0.6,80.0,25.6,87,0.4,12.0
Hubballi,15.3478,75.1338,2026-05-20 18:00:00,6.0,5.1,171.0,4.1,0.7,75.0,25.7,88,0.1,11.4
Hubballi,15.3478,75.1338,2026-05-20 19:00:00,6.0,5.2,170.0,5.3,0.9,67.0,25.6,90,0.0,13.3
Hubballi,15.3478,75.1338,2026-05-20 20:00:00,5.6,5.0,171.0,6.4,1.0,61.0,25.2,90,0.0,13.5
Hubballi,15.3478,75.1338,2026-05-20 21:00:00,5.4,4.9,175.0,7.1,1.1,56.0,24.7,91,0.0,13.0
Hubballi,15.3478,75.1338,2026-05-20 22:00:00,5.6,5.1,180.0,7.6,1.2,53.0,24.4,92,0.0,12.4
Hubballi,15.3478,75.1338,2026-05-20 23:00:00,5.6,5.0,181.0,7.8,1.3,50.0,24.7,93,0.0,13.4
Hubballi,15.3478,75.1338,2026-05-21 00:00:00,5.2,4.7,174.0,7.7,1.3,48.0,24.1,95,0.0,13.9
Hubballi,15.3478,75.1338,2026-05-21 01:00:00,5.1,4.6,163.0,7.4,1.2,46.0,23.6,95,0.0,13.9
Hubballi,15.3478,75.1338,2026-05-21 02:00:00,4.9,4.3,153.0,6.9,1.1,46.0,23.4,95,0.0,13.6
Hubballi,15.3478,75.1338,2026-05-21 03:00:00,5.0,4.4,146.0,6.0,1.1,48.0,23.1,96,0.0,12.6
Hubballi,15.3478,75.1338,2026-05-21 04:00:00,4.4,3.7,139.0,4.8,1.0,51.0,23.0,96,0.0,12.3
Hubballi,15.3478,75.1338,2026-05-21 05:00:00,4.2,3.3,137.0,3.5,1.0,57.0,23.5,96,0.0,12.0
Hubballi,15.3478,75.1338,2026-05-21 06:00:00,4.3,3.5,142.0,3.4,1.0,60.0,23.6,95,0.0,10.8
Hubballi,15.3478,75.1338,2026-05-21 07:00:00,4.0,3.2,150.0,3.2,0.9,64.0,25.2,84,0.0,10.9
Hubballi,15.3478,75.1338,2026-05-21 08:00:00,4.0,3.1,155.0,2.9,0.9,68.0,26.7,75,0.0,11.3
Hubballi,15.3478,75.1338,2026-05-21 09:00:00,4.5,3.3,153.0,2.4,0.8,72.0,28.4,66,0.0,13.7
Hubballi,15.3478,75.1338,2026-05-21 10:00:00,4.8,3.5,147.0,1.8,0.8,76.0,29.4,60,0.0,11.8
Hubballi,15.3478,75.1338,2026-05-21 11:00:00,5.6,4.0,143.0,1.4,0.7,80.0,30.8,55,0.0,9.0
Hubballi,15.3478,75.1338,2026-05-21 12:00:00,7.1,4.9,144.0,1.2,0.7,85.0,31.0,54,0.0,8.5
Hubballi,15.3478,75.1338,2026-05-21 13:00:00,8.1,5.6,148.0,1.2,0.7,91.0,32.4,49,0.0,7.9
Hubballi,15.3478,75.1338,2026-05-21 14:00:00,9.3,6.5,150.0,1.3,0.7,94.0,32.9,47,0.0,10.7
Hubballi,15.3478,75.1338,2026-05-21 15:00:00,9.0,6.4,149.0,1.7,0.7,93.0,32.9,46,0.0,13.4
Hubballi,15.3478,75.1338,2026-05-21 16:00:00,8.4,6.2,146.0,2.2,0.7,89.0,31.6,51,0.2,14.4
Hubballi,15.3478,75.1338,2026-05-21 17:00:00,9.4,6.9,146.0,3.1,0.7,83.0,30.4,56,0.1,14.7
Hubballi,15.3478,75.1338,2026-05-21 18:00:00,8.8,6.7,150.0,3.9,0.8,74.0,28.8,64,0.0,18.1
Hubballi,15.3478,75.1338,2026-05-21 19:00:00,5.9,4.8,156.0,5.1,1.0,61.0,27.0,74,0.0,17.5
Hubballi,15.3478,75.1338,2026-05-21 20:00:00,4.7,3.9,162.0,6.0,1.1,51.0,26.1,78,0.0,18.0
Hubballi,15.3478,75.1338,2026-05-21 21:00:00,4.6,3.9,167.0,6.4,1.2,47.0,25.1,85,0.0,18.3
Hubballi,15.3478,75.1338,2026-05-21 22:00:00,5.0,4.3,172.0,6.6,1.3,46.0,24.6,89,0.0,17.2
Hubballi,15.3478,75.1338,2026-05-21 23:00:00,5.3,4.5,172.0,6.6,1.3,45.0,24.3,91,0.0,16.6
Hubballi,15.3478,75.1338,2026-05-22 00:00:00,5.2,4.3,164.0,6.5,1.3,44.0,24.0,93,0.0,16.8
Hubballi,15.3478,75.1338,2026-05-22 01:00:00,5.2,4.3,152.0,6.3,1.2,43.0,23.7,95,0.0,15.4
Hubballi,15.3478,75.1338,2026-05-22 02:00:00,5.2,4.3,141.0,6.0,1.1,42.0,23.5,95,0.0,15.9
Hubballi,15.3478,75.1338,2026-05-22 03:00:00,4.8,4.1,131.0,5.7,1.1,41.0,23.4,96,0.0,14.8
Hubballi,15.3478,75.1338,2026-05-22 04:00:00,4.4,3.8,121.0,5.4,1.2,40.0,23.3,95,0.0,14.4
Hubballi,15.3478,75.1338,2026-05-22 05:00:00,3.2,2.8,116.0,4.3,1.1,44.0,23.7,93,0.0,15.0
Hubballi,15.3478,75.1338,2026-05-22 06:00:00,3.2,2.8,119.0,3.9,1.0,47.0,23.7,92,0.0,10.8
Hubballi,15.3478,75.1338,2026-05-22 07:00:00,3.3,2.7,125.0,3.3,0.9,51.0,24.7,86,0.0,12.5
Hubballi,15.3478,75.1338,2026-05-22 08:00:00,3.7,2.9,130.0,2.7,0.8,55.0,25.7,79,0.0,11.5
Hubballi,15.3478,75.1338,2026-05-22 09:00:00,4.2,3.3,129.0,2.2,0.8,60.0,26.6,74,0.0,14.4
Hubballi,15.3478,75.1338,2026-05-22 10:00:00,4.6,3.5,125.0,1.8,0.7,65.0,28.2,66,0.0,14.6
Hubballi,15.3478,75.1338,2026-05-22 11:00:00,5.4,3.9,123.0,1.5,0.7,69.0,29.0,65,0.0,11.2
Hubballi,15.3478,75.1338,2026-05-22 12:00:00,6.1,4.3,123.0,1.3,0.7,73.0,28.3,65,0.3,11.9
Hubballi,15.3478,75.1338,2026-05-22 13:00:00,5.9,4.2,125.0,1.2,0.6,76.0,29.6,63,0.0,10.0
Hubballi,15.3478,75.1338,2026-05-22 14:00:00,5.7,4.1,128.0,1.4,0.6,78.0,29.9,62,0.0,12.1
Hubballi,15.3478,75.1338,2026-05-22 15:00:00,7.3,5.1,134.0,2.0,0.6,77.0,31.2,57,0.0,12.5
Hubballi,15.3478,75.1338,2026-05-22 16:00:00,8.2,6.1,142.0,3.0,0.7,74.0,28.5,65,0.7,15.4
Hubballi,15.3478,75.1338,2026-05-22 17:00:00,12.4,8.7,151.0,3.4,0.9,77.0,29.3,60,0.2,17.9
Hubballi,15.3478,75.1338,2026-05-22 18:00:00,10.9,8.0,164.0,4.0,1.0,72.0,27.3,69,0.0,15.9
Hubballi,15.3478,75.1338,2026-05-22 19:00:00,10.7,7.9,177.0,4.8,1.0,66.0,26.3,77,0.0,11.4
Hubballi,15.3478,75.1338,2026-05-22 20:00:00,9.3,7.1,183.0,5.5,1.1,60.0,25.8,83,0.1,11.0
Hubballi,15.3478,75.1338,2026-05-22 21:00:00,7.3,5.8,175.0,6.2,1.2,56.0,24.9,89,0.0,14.7
Hubballi,15.3478,75.1338,2026-05-22 22:00:00,6.1,5.2,160.0,6.7,1.2,53.0,24.2,94,0.0,13.6
Hubballi,15.3478,75.1338,2026-05-22 23:00:00,4.8,4.3,147.0,6.7,1.2,51.0,24.2,95,0.0,12.6
Hubballi,15.3478,75.1338,2026-05-23 00:00:00,3.3,3.1,140.0,5.6,1.0,52.0,23.9,95,0.0,14.8
Hubballi,15.3478,75.1338,2026-05-23 01:00:00,2.5,2.2,135.0,3.9,0.8,55.0,23.5,96,0.0,15.1
Hubballi,15.3478,75.1338,2026-05-23 02:00:00,2.5,2.0,132.0,2.6,0.6,57.0,23.4,96,0.0,15.0
Hubballi,15.3478,75.1338,2026-05-23 03:00:00,2.6,1.9,131.0,2.2,0.6,58.0,23.3,96,0.0,16.0
Hubballi,15.3478,75.1338,2026-05-23 04:00:00,2.5,1.9,133.0,2.1,0.6,58.0,23.3,96,0.0,16.7
Hubballi,15.3478,75.1338,2026-05-23 05:00:00,1.7,1.5,134.0,3.0,0.8,54.0,24.0,95,0.0,15.9
Hubballi,15.3478,75.1338,2026-05-23 06:00:00,1.9,1.7,135.0,3.0,0.8,55.0,24.2,93,0.0,16.5
Hubballi,15.3478,75.1338,2026-05-23 07:00:00,2.0,1.7,137.0,2.9,0.7,58.0,25.2,87,0.0,18.0
Hubballi,15.3478,75.1338,2026-05-23 08:00:00,1.9,1.6,138.0,2.7,0.7,61.0,27.0,76,0.0,18.1
Hubballi,15.3478,75.1338,2026-05-23 09:00:00,2.2,1.8,137.0,2.2,0.7,67.0,28.4,69,0.0,16.9
Hubballi,15.3478,75.1338,2026-05-23 10:00:00,3.7,2.6,135.0,1.6,0.6,74.0,30.0,61,0.0,13.1
Hubballi,15.3478,75.1338,2026-05-23 11:00:00,6.0,3.8,134.0,1.2,0.6,80.0,28.7,64,0.0,10.3
Hubballi,15.3478,75.1338,2026-05-23 12:00:00,10.3,6.0,134.0,1.0,0.7,85.0,30.1,59,0.1,10.9
Hubballi,15.3478,75.1338,2026-05-23 13:00:00,17.0,10.2,134.0,1.1,0.7,88.0,31.2,56,0.0,9.1
Hubballi,15.3478,75.1338,2026-05-23 14:00:00,10.7,6.7,137.0,1.3,0.8,89.0,31.8,57,0.2,9.0
Hubballi,15.3478,75.1338,2026-05-23 15:00:00,10.2,6.5,143.0,1.8,0.8,85.0,30.4,59,0.1,13.4
Hubballi,15.3478,75.1338,2026-05-23 16:00:00,8.9,6.1,151.0,2.5,0.7,78.0,23.5,94,2.8,7.5
Hubballi,15.3478,75.1338,2026-05-23 17:00:00,10.0,6.8,159.0,3.4,0.7,74.0,28.3,73,0.4,18.9
Hubballi,15.3478,75.1338,2026-05-23 18:00:00,7.5,5.6,167.0,4.3,0.8,66.0,27.5,75,0.0,15.5
Hubballi,15.3478,75.1338,2026-05-23 19:00:00,6.4,5.0,175.0,5.4,0.9,55.0,26.7,79,0.0,15.6
Hubballi,15.3478,75.1338,2026-05-23 20:00:00,6.0,4.8,178.0,6.1,1.0,47.0,25.9,85,0.0,16.4
Hubballi,15.3478,75.1338,2026-05-23 21:00:00,5.7,4.5,174.0,5.9,1.0,44.0,25.4,89,0.0,13.6
Hubballi,15.3478,75.1338,2026-05-23 22:00:00,4.8,3.8,165.0,5.1,1.0,44.0,24.9,92,0.0,14.2
Hubballi,15.3478,75.1338,2026-05-23 23:00:00,4.1,3.2,155.0,4.4,0.9,45.0,24.8,92,0.0,12.2
Hubballi,15.3478,75.1338,2026-05-24 00:00:00,3.6,2.9,145.0,3.8,0.8,45.0,24.4,94,0.0,11.8
Hubballi,15.3478,75.1338,2026-05-24 01:00:00,3.3,2.6,134.0,3.3,0.8,46.0,24.2,95,0.0,13.6
Hubballi,15.3478,75.1338,2026-05-24 02:00:00,3.3,2.5,128.0,2.8,0.7,47.0,24.3,94,0.0,14.7
Hubballi,15.3478,75.1338,2026-05-24 03:00:00,3.7,2.7,131.0,2.4,0.7,48.0,24.1,94,0.0,15.7
Hubballi,15.3478,75.1338,2026-05-24 04:00:00,4.2,3.0,138.0,2.0,0.7,49.0,23.9,94,0.0,15.7
Hubballi,15.3478,75.1338,2026-05-24 05:00:00,2.1,1.9,144.0,3.0,0.9,45.0,22.3,94,0.0,14.3
Hubballi,15.3478,75.1338,2026-05-24 06:00:00,2.3,2.0,144.0,3.0,0.9,46.0,22.5,93,0.0,13.4
Hubballi,15.3478,75.1338,2026-05-24 07:00:00,2.9,2.4,143.0,2.9,1.0,47.0,23.2,89,0.0,15.2
Hubballi,15.3478,75.1338,2026-05-24 08:00:00,3.6,2.9,141.0,2.7,1.0,49.0,24.4,83,0.0,17.8
Hubballi,15.3478,75.1338,2026-05-24 09:00:00,5.5,3.9,139.0,2.3,1.0,53.0,25.2,79,0.0,17.2
Hubballi,15.3478,75.1338,2026-05-24 10:00:00,8.1,5.5,136.0,1.9,0.9,59.0,26.7,71,0.0,16.6
Hubballi,15.3478,75.1338,2026-05-24 11:00:00,11.6,7.6,136.0,1.5,0.9,65.0,26.1,72,0.0,15.5
Hubballi,15.3478,75.1338,2026-05-24 12:00:00,16.1,10.5,140.0,1.3,1.0,73.0,26.6,71,0.0,13.9
Hubballi,15.3478,75.1338,2026-05-24 13:00:00,18.5,12.4,146.0,1.3,1.0,81.0,28.2,64,0.0,15.0
Hubballi,15.3478,75.1338,2026-05-24 14:00:00,19.0,13.2,152.0,1.3,1.1,86.0,30.4,56,0.0,13.5
Hubballi,15.3478,75.1338,2026-05-24 15:00:00,17.4,12.6,158.0,1.4,1.1,85.0,31.3,52,0.0,14.1
Hubballi,15.3478,75.1338,2026-05-24 16:00:00,13.9,10.4,164.0,1.5,1.1,79.0,31.5,51,0.0,15.5
Hubballi,15.3478,75.1338,2026-05-24 17:00:00,10.9,9.2,167.0,2.6,1.5,92.0,28.9,62,0.0,16.4
Hubballi,15.3478,75.1338,2026-05-24 18:00:00,9.4,7.8,166.0,3.6,1.6,83.0,27.6,76,0.6,13.9
Hubballi,15.3478,75.1338,2026-05-24 19:00:00,8.7,7.3,163.0,5.0,1.8,70.0,26.4,81,0.1,15.9
Hubballi,15.3478,75.1338,2026-05-24 20:00:00,8.6,7.1,160.0,5.9,1.9,60.0,25.8,85,0.0,12.4
Hubballi,15.3478,75.1338,2026-05-24 21:00:00,8.1,6.6,159.0,5.7,1.9,54.0,25.1,89,0.1,14.3
Hubballi,15.3478,75.1338,2026-05-24 22:00:00,7.8,6.3,157.0,4.9,1.7,50.0,24.5,92,0.1,11.6
Hubballi,15.3478,75.1338,2026-05-24 23:00:00,8.0,6.4,155.0,4.2,1.6,48.0,24.4,93,0.0,12.4
Hubballi,15.3478,75.1338,2026-05-25 00:00:00,7.6,6.2,150.0,3.7,1.5,47.0,24.1,94,0.0,12.7
Hubballi,15.3478,75.1338,2026-05-25 01:00:00,7.3,5.9,144.0,3.3,1.3,48.0,23.6,96,0.0,14.3
Hubballi,15.3478,75.1338,2026-05-25 02:00:00,7.4,5.7,140.0,2.9,1.2,48.0,23.2,97,0.0,16.2
Hubballi,15.3478,75.1338,2026-05-25 03:00:00,7.3,5.6,139.0,2.7,1.2,47.0,23.2,96,0.0,15.6
Hubballi,15.3478,75.1338,2026-05-25 04:00:00,7.2,5.5,140.0,2.6,1.2,45.0,23.7,93,0.0,16.5
Hubballi,15.3478,75.1338,2026-05-25 05:00:00,7.0,5.4,142.0,2.8,1.2,43.0,23.8,93,0.0,14.3
Hubballi,15.3478,75.1338,2026-05-25 06:00:00,7.1,5.6,144.0,2.9,1.2,44.0,23.8,94,0.0,13.0
Hubballi,15.3478,75.1338,2026-05-25 07:00:00,7.9,6.0,146.0,3.0,1.3,46.0,24.7,89,0.0,13.7
Hubballi,15.3478,75.1338,2026-05-25 08:00:00,8.2,5.9,147.0,2.9,1.3,50.0,26.0,80,0.1,13.2
Hubballi,15.3478,75.1338,2026-05-25 09:00:00,8.9,6.0,146.0,2.4,1.2,59.0,28.3,68,0.1,14.2
Hubballi,15.3478,75.1338,2026-05-25 10:00:00,11.4,7.2,143.0,1.8,1.2,71.0,30.3,59,0.0,14.3
Hubballi,15.3478,75.1338,2026-05-25 11:00:00,13.1,8.2,141.0,1.3,1.1,81.0,30.0,63,0.0,11.4
Hubballi,15.3478,75.1338,2026-05-25 12:00:00,15.1,9.3,140.0,1.1,1.1,89.0,30.0,63,0.4,9.6
Hubballi,15.3478,75.1338,2026-05-25 13:00:00,15.7,9.8,140.0,1.1,1.2,97.0,32.0,55,0.2,11.5
Hubballi,15.3478,75.1338,2026-05-25 14:00:00,16.2,10.2,142.0,1.3,1.2,100.0,28.0,74,1.9,14.6
Hubballi,15.3478,75.1338,2026-05-25 15:00:00,15.0,9.7,147.0,1.8,1.2,99.0,30.2,62,0.2,13.9
Hubballi,15.3478,75.1338,2026-05-25 16:00:00,13.5,9.1,155.0,2.5,1.1,93.0,30.4,61,0.0,13.3
Hubballi,15.3478,75.1338,2026-05-25 17:00:00,17.6,12.3,161.0,3.6,1.1,84.0,28.8,71,0.0,19.7
Hubballi,15.3478,75.1338,2026-05-25 18:00:00,14.1,10.4,165.0,4.4,1.2,75.0,27.8,76,0.2,17.4
Hubballi,15.3478,75.1338,2026-05-25 19:00:00,11.3,8.9,167.0,5.4,1.2,62.0,26.6,82,0.0,17.0
Hubballi,15.3478,75.1338,2026-05-25 20:00:00,9.2,7.5,168.0,6.2,1.3,52.0,25.7,87,0.0,16.3
Hubballi,15.3478,75.1338,2026-05-25 21:00:00,7.8,6.4,166.0,6.5,1.3,46.0,25.1,89,0.0,15.4
Hubballi,15.3478,75.1338,2026-05-25 22:00:00,7.5,6.2,163.0,6.6,1.4,43.0,24.8,91,0.0,13.5
Hubballi,15.3478,75.1338,2026-05-25 23:00:00,7.1,5.8,159.0,6.6,1.4,40.0,25.0,93,0.0,14.6
Hubballi,15.3478,75.1338,2026-05-26 00:00:00,6.9,5.7,154.0,6.4,1.4,38.0,24.5,95,0.0,15.5
Hubballi,15.3478,75.1338,2026-05-26 01:00:00,6.9,5.6,149.0,6.1,1.4,38.0,24.2,96,0.0,15.1
Hubballi,15.3478,75.1338,2026-05-26 02:00:00,6.7,5.3,147.0,5.9,1.4,37.0,24.0,95,0.0,12.1
Hubballi,15.3478,75.1338,2026-05-26 03:00:00,6.3,5.1,151.0,6.1,1.4,34.0,23.9,94,0.0,12.0
Hubballi,15.3478,75.1338,2026-05-26 04:00:00,6.0,4.9,158.0,6.5,1.5,32.0,23.9,94,0.0,10.4
Hubballi,15.3478,75.1338,2026-05-26 05:00:00,4.5,3.6,164.0,3.8,1.2,43.0,24.5,93,0.0,11.2
Hubballi,15.3478,75.1338,2026-05-26 06:00:00,4.6,3.7,166.0,3.8,1.2,45.0,24.5,91,0.0,11.4
Hubballi,15.3478,75.1338,2026-05-26 07:00:00,4.4,3.6,167.0,3.7,1.3,48.0,25.4,86,0.0,11.6
Hubballi,15.3478,75.1338,2026-05-26 08:00:00,4.1,3.2,166.0,3.4,1.3,53.0,26.9,77,0.0,12.6
Hubballi,15.3478,75.1338,2026-05-26 09:00:00,5.0,3.6,162.0,2.7,1.2,62.0,29.4,64,0.0,11.2
Hubballi,15.3478,75.1338,2026-05-26 10:00:00,5.8,4.2,156.0,1.9,1.2,73.0,31.2,56,0.0,9.4
Hubballi,15.3478,75.1338,2026-05-26 11:00:00,7.9,5.4,150.0,1.3,1.1,82.0,31.4,58,0.0,8.5
Hubballi,15.3478,75.1338,2026-05-26 12:00:00,8.1,5.8,142.0,1.1,1.1,89.0,32.9,52,0.0,6.9
Hubballi,15.3478,75.1338,2026-05-26 13:00:00,16.4,11.9,134.0,1.2,1.1,94.0,33.8,48,0.0,8.9
Hubballi,15.3478,75.1338,2026-05-26 14:00:00,11.4,8.4,133.0,1.5,1.1,96.0,33.6,46,0.0,8.6
Hubballi,15.3478,75.1338,2026-05-26 15:00:00,11.1,8.3,144.0,2.0,1.0,95.0,31.5,53,0.3,13.7
Hubballi,15.3478,75.1338,2026-05-26 16:00:00,9.8,8.1,161.0,2.8,1.0,90.0,26.5,79,3.1,11.9
Hubballi,15.3478,75.1338,2026-05-26 17:00:00,18.3,13.9,175.0,3.6,1.0,89.0,29.2,67,1.3,15.7
Hubballi,15.3478,75.1338,2026-05-26 18:00:00,14.5,11.6,183.0,5.7,1.2,78.0,28.6,70,0.3,13.6
Hubballi,15.3478,75.1338,2026-05-26 19:00:00,13.9,12.2,187.0,8.6,1.5,64.0,27.2,79,0.2,14.3
Hubballi,15.3478,75.1338,2026-05-26 20:00:00,12.6,10.9,188.0,10.3,1.6,52.0,26.7,84,0.1,17.1
Hubballi,15.3478,75.1338,2026-05-26 21:00:00,10.6,9.2,183.0,9.7,1.5,47.0,25.8,89,0.0,17.1
Hubballi,15.3478,75.1338,2026-05-26 22:00:00,8.1,7.1,173.0,7.8,1.4,45.0,25.4,91,0.0,15.8
Hubballi,15.3478,75.1338,2026-05-26 23:00:00,6.3,5.3,164.0,6.0,1.2,44.0,24.8,96,0.0,15.3
Hubballi,15.3478,75.1338,2026-05-27 00:00:00,5.3,4.1,156.0,4.6,1.0,44.0,25.4,90,0.0,17.1
Hubballi,15.3478,75.1338,2026-05-27 01:00:00,5.2,3.8,148.0,3.4,0.9,46.0,24.9,93,0.0,15.1
Hubballi,15.3478,75.1338,2026-05-27 02:00:00,4.8,3.6,142.0,2.5,0.8,47.0,24.4,95,0.0,14.8
Hubballi,15.3478,75.1338,2026-05-27 03:00:00,4.8,3.6,138.0,2.3,0.8,47.0,24.3,95,0.0,12.4
Hubballi,15.3478,75.1338,2026-05-27 04:00:00,4.2,3.3,135.0,2.6,0.9,46.0,24.1,95,0.0,10.1
Hubballi,15.3478,75.1338,2026-05-27 05:00:00,3.7,2.8,134.0,2.6,1.0,47.0,23.8,94,0.0,12.2
Hubballi,15.3478,75.1338,2026-05-27 06:00:00,3.4,2.8,135.0,3.0,1.1,47.0,23.9,93,0.0,8.2
Hubballi,15.3478,75.1338,2026-05-27 07:00:00,3.7,3.1,138.0,3.4,1.4,48.0,25.4,85,0.0,8.8
Hubballi,15.3478,75.1338,2026-05-27 08:00:00,6.2,4.6,142.0,3.6,1.5,51.0,27.1,75,0.0,9.2
Hubballi,15.3478,75.1338,2026-05-27 09:00:00,7.1,5.1,149.0,3.2,1.5,60.0,28.8,66,0.0,8.0
Hubballi,15.3478,75.1338,2026-05-27 10:00:00,9.1,6.4,157.0,2.4,1.5,72.0,30.3,60,0.0,8.5
Hubballi,15.3478,75.1338,2026-05-27 11:00:00,10.2,7.3,164.0,2.0,1.5,82.0,29.8,59,0.0,11.7
Hubballi,15.3478,75.1338,2026-05-27 12:00:00,11.6,8.1,168.0,2.1,1.5,88.0,30.6,54,0.0,11.1
Hubballi,15.3478,75.1338,2026-05-27 13:00:00,11.3,8.1,170.0,2.5,1.4,91.0,28.9,60,0.1,8.5
Hubballi,15.3478,75.1338,2026-05-27 14:00:00,10.7,7.9,170.0,2.9,1.4,93.0,27.6,69,0.6,6.0
Hubballi,15.3478,75.1338,2026-05-27 15:00:00,10.0,7.6,164.0,3.1,1.4,94.0,27.8,69,0.2,5.4
Hubballi,15.3478,75.1338,2026-05-27 16:00:00,9.4,7.4,156.0,3.4,1.3,95.0,29.6,58,0.0,7.6
Hubballi,15.3478,75.1338,2026-05-27 17:00:00,16.9,12.0,152.0,3.9,1.3,101.0,29.9,61,0.0,11.6
Hubballi,15.3478,75.1338,2026-05-27 18:00:00,16.9,12.7,157.0,4.8,1.3,89.0,28.7,68,0.0,12.5
Hubballi,15.3478,75.1338,2026-05-27 19:00:00,14.2,11.7,165.0,6.1,1.3,73.0,27.7,72,0.0,13.3
Hubballi,15.3478,75.1338,2026-05-27 20:00:00,11.2,9.6,170.0,6.9,1.3,60.0,26.0,84,0.0,16.4
Hubballi,15.3478,75.1338,2026-05-27 21:00:00,8.9,7.8,166.0,7.0,1.3,52.0,25.2,90,0.0,14.4
Hubballi,15.3478,75.1338,2026-05-27 22:00:00,8.3,7.1,157.0,6.8,1.3,47.0,24.8,93,0.0,13.7
Hubballi,15.3478,75.1338,2026-05-27 23:00:00,7.5,6.2,150.0,6.3,1.3,44.0,24.0,92,0.0,13.5
Hubballi,15.3478,75.1338,2026-05-28 00:00:00,6.7,5.3,146.0,5.6,1.2,43.0,24.1,91,0.0,14.6
Hubballi,15.3478,75.1338,2026-05-28 01:00:00,6.2,4.9,142.0,4.6,1.1,44.0,24.1,91,0.0,14.7
Hubballi,15.3478,75.1338,2026-05-28 02:00:00,5.8,4.5,139.0,3.8,1.0,45.0,24.3,91,0.0,12.7
Hubballi,15.3478,75.1338,2026-05-28 03:00:00,5.6,4.3,135.0,3.3,1.0,46.0,23.9,94,0.0,10.0
Hubballi,15.3478,75.1338,2026-05-28 04:00:00,5.3,3.9,132.0,2.9,1.0,46.0,23.8,95,0.0,9.9
Hubballi,15.3478,75.1338,2026-05-28 05:00:00,5.9,4.7,130.0,4.5,1.4,41.0,24.0,96,0.0,11.0
Hubballi,15.3478,75.1338,2026-05-28 06:00:00,6.0,4.7,132.0,4.2,1.4,43.0,24.2,94,0.0,12.3
Hubballi,15.3478,75.1338,2026-05-28 07:00:00,6.3,4.6,136.0,3.7,1.3,47.0,25.4,86,0.0,13.7
Hubballi,15.3478,75.1338,2026-05-28 08:00:00,6.7,4.8,138.0,3.2,1.3,52.0,27.2,75,0.0,14.1
Hubballi,15.3478,75.1338,2026-05-28 09:00:00,7.6,5.5,137.0,2.6,1.2,61.0,29.1,65,0.0,13.9
Hubballi,15.3478,75.1338,2026-05-28 10:00:00,9.7,6.7,134.0,1.9,1.2,73.0,30.6,57,0.0,13.1
Hubballi,15.3478,75.1338,2026-05-28 11:00:00,10.3,7.0,133.0,1.4,1.1,82.0,31.6,58,0.0,11.9
Hubballi,15.3478,75.1338,2026-05-28 12:00:00,10.4,7.1,134.0,1.3,1.1,88.0,32.4,54,0.1,9.9
Hubballi,15.3478,75.1338,2026-05-28 13:00:00,12.1,7.7,136.0,1.3,1.1,92.0,33.2,52,0.0,10.1
Hubballi,15.3478,75.1338,2026-05-28 14:00:00,12.7,8.1,139.0,1.6,1.1,93.0,33.5,50,0.0,10.6
Hubballi,15.3478,75.1338,2026-05-28 15:00:00,13.9,8.7,144.0,2.1,1.1,90.0,33.5,50,0.0,11.1
Hubballi,15.3478,75.1338,2026-05-28 16:00:00,12.5,8.5,151.0,2.8,1.1,85.0,32.9,51,0.0,10.6
Hubballi,15.3478,75.1338,2026-05-28 17:00:00,15.8,10.9,156.0,3.4,1.1,89.0,32.2,49,0.6,13.1
Hubballi,15.3478,75.1338,2026-05-28 18:00:00,14.2,10.6,158.0,4.0,1.1,78.0,29.7,60,0.0,20.0
Hubballi,15.3478,75.1338,2026-05-28 19:00:00,11.8,9.1,158.0,4.8,1.2,64.0,27.9,70,0.0,17.8
Hubballi,15.3478,75.1338,2026-05-28 20:00:00,9.7,7.7,156.0,5.4,1.2,52.0,26.7,78,0.0,20.1
Hubballi,15.3478,75.1338,2026-05-28 21:00:00,8.8,7.0,153.0,5.8,1.3,47.0,25.6,84,0.0,20.0
Hubballi,15.3478,75.1338,2026-05-28 22:00:00,8.5,6.9,148.0,6.0,1.4,45.0,24.7,89,0.0,20.3
Hubballi,15.3478,75.1338,2026-05-28 23:00:00,8.3,6.7,142.0,6.1,1.4,43.0,24.6,93,0.0,19.9
Hubballi,15.3478,75.1338,2026-05-29 00:00:00,8.1,6.5,133.0,5.9,1.4,41.0,24.3,94,0.0,16.6
Hubballi,15.3478,75.1338,2026-05-29 01:00:00,8.1,6.4,124.0,5.4,1.3,41.0,24.0,94,0.0,17.2
Hubballi,15.3478,75.1338,2026-05-29 02:00:00,8.0,6.3,118.0,5.0,1.3,40.0,23.8,95,0.0,17.2
Hubballi,15.3478,75.1338,2026-05-29 03:00:00,8.0,6.3,119.0,4.8,1.4,39.0,23.7,95,0.0,17.6
Hubballi,15.3478,75.1338,2026-05-29 04:00:00,7.6,6.1,125.0,4.6,1.4,39.0,23.7,95,0.0,17.0
Hubballi,15.3478,75.1338,2026-05-29 05:00:00,8.0,6.2,129.0,4.0,1.3,43.0,24.2,96,0.0,13.9
Hubballi,15.3478,75.1338,2026-05-29 06:00:00,7.9,6.0,131.0,3.6,1.3,46.0,24.3,94,0.0,11.3
Hubballi,15.3478,75.1338,2026-05-29 07:00:00,8.0,6.1,132.0,3.1,1.2,50.0,25.8,84,0.0,12.6
Hubballi,15.3478,75.1338,2026-05-29 08:00:00,9.6,6.8,133.0,2.6,1.2,56.0,27.8,72,0.0,14.2
Hubballi,15.3478,75.1338,2026-05-29 09:00:00,12.5,8.4,134.0,2.1,1.2,66.0,29.7,62,0.0,14.8
Hubballi,15.3478,75.1338,2026-05-29 10:00:00,13.9,9.0,134.0,1.6,1.1,77.0,31.4,55,0.0,15.0
Hubballi,15.3478,75.1338,2026-05-29 11:00:00,16.2,10.1,134.0,1.3,1.1,87.0,32.3,53,0.0,13.3
Hubballi,15.3478,75.1338,2026-05-29 12:00:00,17.9,10.8,134.0,1.1,1.1,94.0,32.8,50,0.0,14.4
Hubballi,15.3478,75.1338,2026-05-29 13:00:00,19.5,11.5,135.0,1.1,1.1,100.0,33.5,48,0.0,15.2
Hubballi,15.3478,75.1338,2026-05-29 14:00:00,20.3,11.9,136.0,1.3,1.1,102.0,34.1,45,0.0,14.4
Hubballi,15.3478,75.1338,2026-05-29 15:00:00,20.0,11.8,138.0,1.7,1.1,99.0,34.0,44,0.0,16.7
Hubballi,15.3478,75.1338,2026-05-29 16:00:00,16.9,10.7,140.0,2.4,1.1,91.0,32.2,49,0.6,17.2
Hubballi,15.3478,75.1338,2026-05-29 17:00:00,24.0,15.7,143.0,3.1,1.1,87.0,31.2,55,0.0,19.6
Hubballi,15.3478,75.1338,2026-05-29 18:00:00,20.9,14.7,147.0,3.7,1.2,77.0,29.6,63,0.0,20.0
Hubballi,15.3478,75.1338,2026-05-29 19:00:00,18.2,13.6,153.0,4.5,1.2,64.0,28.2,71,0.0,19.0
Hubballi,15.3478,75.1338,2026-05-29 20:00:00,16.2,12.6,156.0,5.1,1.3,54.0,27.0,78,0.0,19.1
Hubballi,15.3478,75.1338,2026-05-29 21:00:00,14.3,11.3,156.0,5.1,1.3,50.0,26.1,84,0.0,18.2
Hubballi,15.3478,75.1338,2026-05-29 22:00:00,13.6,10.6,155.0,4.9,1.3,49.0,25.6,87,0.0,16.8
Hubballi,15.3478,75.1338,2026-05-29 23:00:00,13.0,9.9,153.0,4.7,1.3,48.0,25.4,89,0.0,20.0
Hubballi,15.3478,75.1338,2026-05-30 00:00:00,12.1,9.1,151.0,4.6,1.3,46.0,24.9,91,0.0,19.6
Hubballi,15.3478,75.1338,2026-05-30 01:00:00,11.3,8.6,148.0,4.6,1.3,45.0,24.4,93,0.1,18.0
Hubballi,15.3478,75.1338,2026-05-30 02:00:00,10.5,8.2,144.0,4.5,1.3,44.0,24.3,93,0.0,17.2
Hubballi,15.3478,75.1338,2026-05-30 03:00:00,9.4,7.5,139.0,4.5,1.3,43.0,24.1,94,0.0,15.6
Hubballi,15.3478,75.1338,2026-05-30 04:00:00,7.9,6.4,133.0,4.4,1.3,42.0,23.9,94,0.0,13.8
Hubballi,15.3478,75.1338,2026-05-30 05:00:00,5.6,4.1,129.0,2.3,1.1,53.0,24.6,95,0.0,14.1
Hubballi,15.3478,75.1338,2026-05-30 06:00:00,5.2,3.9,130.0,2.4,1.1,55.0,24.5,93,0.0,13.9
Hubballi,15.3478,75.1338,2026-05-30 07:00:00,6.0,4.3,132.0,2.5,1.1,57.0,25.7,84,0.0,15.8
Hubballi,15.3478,75.1338,2026-05-30 08:00:00,8.1,5.5,134.0,2.5,1.1,61.0,27.8,71,0.0,18.3
Hubballi,15.3478,75.1338,2026-05-30 09:00:00,10.2,6.7,132.0,2.1,1.0,68.0,30.0,60,0.0,17.0
Hubballi,15.3478,75.1338,2026-05-30 10:00:00,12.3,7.7,129.0,1.6,1.0,77.0,32.0,51,0.0,15.1
Hubballi,15.3478,75.1338,2026-05-30 11:00:00,14.0,8.6,127.0,1.2,0.9,84.0,32.7,50,0.0,11.6
Hubballi,15.3478,75.1338,2026-05-30 12:00:00,14.7,8.9,126.0,1.0,0.9,89.0,34.0,45,0.0,11.8
Hubballi,15.3478,75.1338,2026-05-30 13:00:00,15.9,9.6,125.0,1.0,0.9,92.0,34.6,45,0.0,12.9
Hubballi,15.3478,75.1338,2026-05-30 14:00:00,16.1,9.8,128.0,1.2,0.9,93.0,34.8,44,0.0,13.3
Hubballi,15.3478,75.1338,2026-05-30 15:00:00,13.9,9.1,138.0,1.6,0.9,90.0,35.0,42,0.0,13.2
Hubballi,15.3478,75.1338,2026-05-30 16:00:00,12.2,8.5,151.0,2.2,0.9,85.0,27.1,72,0.6,26.5
Hubballi,15.3478,75.1338,2026-05-30 17:00:00,24.3,16.0,161.0,2.9,1.0,86.0,31.7,46,0.5,19.1
Hubballi,15.3478,75.1338,2026-05-30 18:00:00,22.0,15.2,166.0,4.2,1.1,81.0,30.2,55,0.0,16.6
Hubballi,15.3478,75.1338,2026-05-30 19:00:00,20.8,15.3,168.0,6.0,1.1,73.0,28.4,65,0.0,18.3
Hubballi,15.3478,75.1338,2026-05-30 20:00:00,17.7,13.3,168.0,7.4,1.2,66.0,27.4,73,0.0,17.7
Hubballi,15.3478,75.1338,2026-05-30 21:00:00,15.6,12.2,167.0,8.3,1.3,59.0,26.4,79,0.0,18.3
Hubballi,15.3478,75.1338,2026-05-30 22:00:00,13.8,10.8,164.0,8.9,1.4,52.0,25.4,86,0.0,17.7
Hubballi,15.3478,75.1338,2026-05-30 23:00:00,10.9,9.0,160.0,8.8,1.4,47.0,25.8,85,0.0,19.8
Hubballi,15.3478,75.1338,2026-05-31 00:00:00,9.1,7.4,152.0,7.6,1.3,45.0,24.9,92,0.0,20.3
Hubballi,15.3478,75.1338,2026-05-31 01:00:00,8.6,6.7,142.0,5.8,1.0,46.0,24.4,94,0.0,18.3
Hubballi,15.3478,75.1338,2026-05-31 02:00:00,8.7,6.4,135.0,4.3,0.9,47.0,24.0,94,0.0,17.2
Hubballi,15.3478,75.1338,2026-05-31 03:00:00,8.6,5.7,135.0,3.6,0.9,48.0,24.0,94,0.0,16.0
Hubballi,15.3478,75.1338,2026-05-31 04:00:00,8.3,5.7,138.0,3.2,0.9,48.0,24.1,93,0.0,15.5
Hubballi,15.3478,75.1338,2026-05-31 05:00:00,6.5,4.4,140.0,1.9,1.0,55.0,24.4,94,0.0,12.0
Hubballi,15.3478,75.1338,2026-05-31 06:00:00,5.4,3.7,141.0,1.9,1.0,56.0,24.1,96,0.2,14.3
Hubballi,15.3478,75.1338,2026-05-31 07:00:00,5.4,3.8,141.0,2.0,1.1,58.0,25.5,87,0.0,12.4
Hubballi,15.3478,75.1338,2026-05-31 08:00:00,7.0,4.6,141.0,1.9,1.1,61.0,27.9,71,0.0,12.6
Hubballi,15.3478,75.1338,2026-05-31 09:00:00,9.8,5.9,139.0,1.6,1.1,67.0,30.1,58,0.0,13.1
Hubballi,15.3478,75.1338,2026-05-31 10:00:00,10.3,6.4,136.0,1.2,1.0,75.0,31.8,51,0.0,12.0
Hubballi,15.3478,75.1338,2026-05-31 11:00:00,11.2,6.8,133.0,0.9,1.0,82.0,33.2,45,0.0,12.1
Hubballi,15.3478,75.1338,2026-05-31 12:00:00,12.1,7.0,130.0,0.8,1.0,87.0,34.1,44,0.3,11.4
Hubballi,15.3478,75.1338,2026-05-31 13:00:00,13.6,7.5,127.0,0.9,1.0,91.0,35.1,40,0.0,10.0
Hubballi,15.3478,75.1338,2026-05-31 14:00:00,15.4,8.2,128.0,1.0,1.0,92.0,35.2,39,0.0,11.9
Hubballi,15.3478,75.1338,2026-05-31 15:00:00,16.8,8.8,134.0,1.3,1.0,91.0,35.0,38,0.0,11.8
Hubballi,15.3478,75.1338,2026-05-31 16:00:00,16.1,8.7,144.0,1.6,1.0,87.0,34.1,39,0.0,12.6
Hubballi,15.3478,75.1338,2026-05-31 17:00:00,21.6,10.3,152.0,2.1,1.2,95.0,33.2,39,0.5,15.8
Hubballi,15.3478,75.1338,2026-05-31 18:00:00,17.9,10.3,156.0,2.5,1.3,84.0,31.7,45,0.0,15.5
Hubballi,15.3478,75.1338,2026-05-31 19:00:00,13.3,9.5,158.0,3.1,1.4,69.0,29.9,55,0.0,17.5
Hubballi,15.3478,75.1338,2026-05-31 20:00:00,11.4,8.7,159.0,3.6,1.5,57.0,28.4,65,0.0,18.2
Hubballi,15.3478,75.1338,2026-05-31 21:00:00,10.4,7.9,161.0,4.0,1.6,51.0,26.8,75,0.0,17.8
Hubballi,15.3478,75.1338,2026-05-31 22:00:00,10.5,7.8,162.0,4.4,1.7,49.0,26.0,82,0.0,16.6
Hubballi,15.3478,75.1338,2026-05-31 23:00:00,10.5,7.9,161.0,4.6,1.7,47.0,25.5,86,0.0,14.6
Hubballi,15.3478,75.1338,2026-06-01 00:00:00,10.4,7.9,157.0,4.6,1.7,46.0,25.1,88,0.0,14.9
Hubballi,15.3478,75.1338,2026-06-01 01:00:00,10.8,8.0,152.0,4.4,1.7,45.0,25.0,89,0.0,14.1
Hubballi,15.3478,75.1338,2026-06-01 02:00:00,11.4,8.2,149.0,4.4,1.7,44.0,24.7,90,0.0,10.5
Hubballi,15.3478,75.1338,2026-06-01 03:00:00,11.2,8.1,153.0,4.8,1.7,41.0,24.3,91,0.0,8.3
Hubballi,15.3478,75.1338,2026-06-01 04:00:00,10.9,8.1,160.0,5.5,1.7,37.0,24.1,92,0.0,7.2
Hubballi,15.3478,75.1338,2026-06-01 05:00:00,11.1,8.7,164.0,6.9,1.6,33.0,24.0,94,0.0,7.3
Hubballi,15.3478,75.1338,2026-06-01 06:00:00,11.7,8.6,161.0,5.9,1.6,40.0,24.1,95,0.0,5.8
Hubballi,15.3478,75.1338,2026-06-01 07:00:00,12.7,8.5,155.0,4.5,1.7,50.0,26.0,82,0.0,7.2
Hubballi,15.3478,75.1338,2026-06-01 08:00:00,14.4,8.7,149.0,3.3,1.7,60.0,28.2,69,0.0,7.4
Hubballi,15.3478,75.1338,2026-06-01 09:00:00,16.9,8.9,145.0,2.4,1.6,70.0,30.3,59,0.1,6.8
Hubballi,15.3478,75.1338,2026-06-01 10:00:00,23.4,10.2,143.0,1.8,1.4,81.0,32.3,49,0.0,4.2
Hubballi,15.3478,75.1338,2026-06-01 11:00:00,26.8,11.1,141.0,1.3,1.2,90.0,32.8,44,0.0,2.0
Hubballi,15.3478,75.1338,2026-06-01 12:00:00,33.8,13.0,140.0,1.1,1.1,97.0,32.0,45,0.1,4.7
Hubballi,15.3478,75.1338,2026-06-01 13:00:00,35.3,13.3,140.0,1.1,1.1,102.0,32.8,44,0.4,5.4
Hubballi,15.3478,75.1338,2026-06-01 14:00:00,38.1,13.8,143.0,1.3,1.1,104.0,34.1,39,0.3,9.0
Hubballi,15.3478,75.1338,2026-06-01 15:00:00,40.7,14.3,149.0,1.7,1.1,103.0,34.4,37,0.0,10.6
Hubballi,15.3478,75.1338,2026-06-01 16:00:00,36.9,13.8,157.0,2.4,1.1,99.0,34.3,36,0.0,11.9
Hubballi,15.3478,75.1338,2026-06-01 17:00:00,21.0,10.0,165.0,3.5,1.1,97.0,29.8,53,1.3,19.2
Hubballi,15.3478,75.1338,2026-06-01 18:00:00,15.4,8.9,173.0,5.0,1.3,90.0,29.2,59,0.1,16.7
Hubballi,15.3478,75.1338,2026-06-01 19:00:00,13.0,9.0,182.0,7.0,1.6,81.0,28.5,64,0.0,13.6
Hubballi,15.3478,75.1338,2026-06-01 20:00:00,12.0,9.0,186.0,8.3,1.8,72.0,27.3,74,0.0,16.3
Hubballi,15.3478,75.1338,2026-06-01 21:00:00,11.2,8.6,183.0,8.5,1.8,65.0,26.1,80,0.0,17.7
Hubballi,15.3478,75.1338,2026-06-01 22:00:00,10.7,8.3,176.0,8.0,1.8,58.0,25.4,85,0.0,16.2
Hubballi,15.3478,75.1338,2026-06-01 23:00:00,10.1,7.7,170.0,7.3,1.7,53.0,24.9,87,0.0,14.2
Hubballi,15.3478,75.1338,2026-06-02 00:00:00,9.5,6.9,166.0,6.2,1.7,52.0,25.0,88,0.0,15.5
Hubballi,15.3478,75.1338,2026-06-02 01:00:00,9.1,6.3,163.0,4.8,1.7,52.0,25.0,88,0.0,12.1
Hubballi,15.3478,75.1338,2026-06-02 02:00:00,8.8,5.8,160.0,3.9,1.7,52.0,24.8,88,0.0,11.2
Hubballi,15.3478,75.1338,2026-06-02 03:00:00,8.2,5.4,156.0,4.1,1.8,48.0,24.5,89,0.0,10.3
Hubballi,15.3478,75.1338,2026-06-02 04:00:00,7.8,5.3,153.0,4.9,1.8,42.0,24.2,91,0.0,9.9
Hubballi,15.3478,75.1338,2026-06-02 05:00:00,7.6,5.8,152.0,5.3,2.1,39.0,24.0,90,0.0,10.2
Hubballi,15.3478,75.1338,2026-06-02 06:00:00,8.3,6.5,156.0,5.0,2.1,42.0,24.3,86,0.0,12.0
Hubballi,15.3478,75.1338,2026-06-02 07:00:00,9.1,6.5,163.0,4.5,2.2,47.0,25.7,77,0.0,9.1
Hubballi,15.3478,75.1338,2026-06-02 08:00:00,11.4,6.9,167.0,3.9,2.1,54.0,27.7,66,0.0,8.9
Hubballi,15.3478,75.1338,2026-06-02 09:00:00,15.8,7.7,165.0,3.0,1.8,65.0,29.4,57,0.0,9.8
Hubballi,15.3478,75.1338,2026-06-02 10:00:00,20.6,8.7,160.0,2.0,1.5,77.0,31.9,47,0.0,7.4
Hubballi,15.3478,75.1338,2026-06-02 11:00:00,25.1,9.8,156.0,1.3,1.2,88.0,33.8,40,0.0,6.5
Hubballi,15.3478,75.1338,2026-06-02 12:00:00,26.8,10.6,154.0,1.1,1.1,95.0,34.6,37,0.0,5.1
Hubballi,15.3478,75.1338,2026-06-02 13:00:00,26.5,10.9,152.0,1.2,1.2,100.0,30.4,54,0.3,17.1
Hubballi,15.3478,75.1338,2026-06-02 14:00:00,25.6,10.8,151.0,1.6,1.2,102.0,30.3,53,0.2,15.7
Hubballi,15.3478,75.1338,2026-06-02 15:00:00,23.9,10.6,150.0,2.3,1.2,99.0,30.7,51,0.0,16.1
Hubballi,15.3478,75.1338,2026-06-02 16:00:00,20.9,9.9,149.0,3.3,1.3,93.0,29.6,56,0.0,13.6
Hubballi,15.3478,75.1338,2026-06-02 17:00:00,16.1,8.7,148.0,4.8,1.3,73.0,30.6,49,0.0,17.6
Hubballi,15.3478,75.1338,2026-06-02 18:00:00,14.5,8.6,146.0,5.4,1.3,67.0,27.2,71,0.5,15.7
Hubballi,15.3478,75.1338,2026-06-02 19:00:00,12.8,8.0,143.0,6.3,1.4,59.0,26.7,75,0.0,17.0
Hubballi,15.3478,75.1338,2026-06-02 20:00:00,10.6,6.7,140.0,6.7,1.4,53.0,26.4,77,0.0,16.8
Hubballi,15.3478,75.1338,2026-06-02 21:00:00,9.3,5.7,138.0,6.3,1.4,50.0,26.3,76,0.0,13.6
Hubballi,15.3478,75.1338,2026-06-02 22:00:00,9.3,5.4,136.0,5.5,1.3,50.0,25.4,81,0.0,12.5
Hubballi,15.3478,75.1338,2026-06-02 23:00:00,8.9,5.0,134.0,4.8,1.3,49.0,25.2,84,0.0,13.4
Hubballi,15.3478,75.1338,2026-06-03 00:00:00,8.1,4.5,131.0,4.4,1.3,48.0,24.8,85,0.0,12.1
Hubballi,15.3478,75.1338,2026-06-03 01:00:00,7.2,4.1,128.0,4.2,1.3,47.0,24.3,87,0.1,9.1
Hubballi,15.3478,75.1338,2026-06-03 02:00:00,6.2,3.7,125.0,3.9,1.3,46.0,23.9,92,0.4,10.4
Hubballi,15.3478,75.1338,2026-06-03 03:00:00,5.4,3.3,120.0,3.4,1.3,46.0,23.7,91,0.0,9.1
Hubballi,15.3478,75.1338,2026-06-03 04:00:00,4.0,2.6,114.0,3.0,1.2,48.0,23.4,92,0.0,9.2
Hubballi,15.3478,75.1338,2026-06-03 05:00:00,4.0,2.7,112.0,2.5,1.1,52.0,23.5,94,0.0,11.2
Hubballi,15.3478,75.1338,2026-06-03 06:00:00,5.1,3.0,118.0,3.0,1.1,52.0,23.4,93,0.0,11.7
Hubballi,15.3478,75.1338,2026-06-03 07:00:00,6.1,3.4,129.0,3.6,1.2,53.0,24.2,87,0.0,9.4
Hubballi,15.3478,75.1338,2026-06-03 08:00:00,9.1,4.5,135.0,3.8,1.2,55.0,25.4,79,0.0,8.2
Hubballi,15.3478,75.1338,2026-06-03 09:00:00,12.6,5.9,133.0,3.3,1.2,60.0,26.7,71,0.0,9.9
Hubballi,15.3478,75.1338,2026-06-03 10:00:00,13.5,6.2,126.0,2.4,1.1,67.0,28.6,63,0.1,11.3
Hubballi,15.3478,75.1338,2026-06-03 11:00:00,14.6,6.7,122.0,1.7,1.0,73.0,25.2,79,0.1,20.1
Hubballi,15.3478,75.1338,2026-06-03 12:00:00,14.7,6.8,122.0,1.4,0.9,78.0,24.2,87,1.0,14.5
Hubballi,15.3478,75.1338,2026-06-03 13:00:00,13.5,6.3,124.0,1.2,0.8,82.0,28.2,65,0.1,15.1
Hubballi,15.3478,75.1338,2026-06-03 14:00:00,11.6,5.7,127.0,1.3,0.7,84.0,28.4,60,0.4,15.4
Hubballi,15.3478,75.1338,2026-06-03 15:00:00,10.4,5.2,131.0,1.7,0.7,83.0,26.6,74,1.5,13.3
Hubballi,15.3478,75.1338,2026-06-03 16:00:00,9.2,4.8,136.0,2.2,0.7,80.0,28.1,66,0.0,7.3
Hubballi,15.3478,75.1338,2026-06-03 17:00:00,13.8,7.4,141.0,4.3,0.8,71.0,29.2,55,0.1,13.5
Hubballi,15.3478,75.1338,2026-06-03 18:00:00,13.0,7.4,148.0,5.3,0.9,65.0,27.1,66,0.0,16.1
Hubballi,15.3478,75.1338,2026-06-03 19:00:00,10.3,6.5,155.0,6.7,1.1,57.0,24.8,82,0.2,15.0
Hubballi,15.3478,75.1338,2026-06-03 20:00:00,9.5,6.1,157.0,7.7,1.2,50.0,24.7,83,0.0,14.7
Hubballi,15.3478,75.1338,2026-06-03 21:00:00,9.3,6.0,149.0,8.0,1.3,46.0,24.3,84,0.0,15.9
Hubballi,15.3478,75.1338,2026-06-03 22:00:00,9.4,6.1,136.0,7.9,1.4,44.0,23.7,88,0.0,15.7
Hubballi,15.3478,75.1338,2026-06-03 23:00:00,9.3,6.0,125.0,7.7,1.4,42.0,23.7,90,0.0,15.6
Hubballi,15.3478,75.1338,2026-06-04 00:00:00,8.9,5.6,119.0,7.4,1.3,41.0,23.3,91,0.0,13.6
Hubballi,15.3478,75.1338,2026-06-04 01:00:00,8.6,5.5,115.0,6.9,1.2,40.0,22.9,92,0.0,12.4
Hubballi,15.3478,75.1338,2026-06-04 02:00:00,8.6,5.5,112.0,6.5,1.1,39.0,22.7,93,0.0,11.5
Hubballi,15.3478,75.1338,2026-06-04 03:00:00,8.8,5.5,111.0,6.4,1.1,37.0,22.6,93,0.0,11.6
Hubballi,15.3478,75.1338,2026-06-04 04:00:00,8.8,5.5,112.0,6.3,1.2,36.0,22.4,94,0.0,11.6
Hubballi,15.3478,75.1338,2026-06-04 05:00:00,9.6,5.4,114.0,5.5,1.2,38.0,23.0,92,0.0,12.7
Hubballi,15.3478,75.1338,2026-06-04 06:00:00,10.7,5.8,117.0,4.8,1.2,41.0,23.2,91,0.0,13.9
Hubballi,15.3478,75.1338,2026-06-04 07:00:00,15.1,6.4,120.0,3.8,1.1,46.0,24.3,83,0.0,15.9
Hubballi,15.3478,75.1338,2026-06-04 08:00:00,16.5,6.5,121.0,2.9,1.1,51.0,26.2,71,0.0,16.4
Hubballi,15.3478,75.1338,2026-06-04 09:00:00,13.8,5.8,118.0,2.2,1.0,58.0,27.5,65,0.2,15.1
Hubballi,15.3478,75.1338,2026-06-04 10:00:00,10.6,4.7,113.0,1.7,1.0,66.0,29.5,56,0.1,15.5
Hubballi,15.3478,75.1338,2026-06-04 11:00:00,8.0,3.8,110.0,1.3,0.9,71.0,29.1,58,0.2,15.2
Hubballi,15.3478,75.1338,2026-06-04 12:00:00,5.9,3.1,109.0,1.1,0.8,71.0,30.9,53,0.3,12.0
Hubballi,15.3478,75.1338,2026-06-04 13:00:00,4.8,2.6,110.0,1.1,0.8,68.0,27.2,71,1.5,15.1
Hubballi,15.3478,75.1338,2026-06-04 14:00:00,5.8,2.9,112.0,1.3,0.7,65.0,28.8,62,1.1,14.0
Hubballi,15.3478,75.1338,2026-06-04 15:00:00,4.8,2.9,114.0,1.7,0.7,64.0,27.1,74,1.6,16.4
Hubballi,15.3478,75.1338,2026-06-04 16:00:00,3.1,2.2,117.0,2.3,0.7,62.0,26.4,74,0.4,21.9
Hubballi,15.3478,75.1338,2026-06-04 17:00:00,7.4,4.2,122.0,3.2,0.7,60.0,27.5,69,0.3,20.5
Hubballi,15.3478,75.1338,2026-06-04 18:00:00,7.0,4.5,132.0,4.4,0.8,55.0,25.7,78,0.0,19.3
Hubballi,15.3478,75.1338,2026-06-04 19:00:00,6.8,4.7,145.0,6.1,1.1,49.0,24.7,83,0.0,15.4
Hubballi,15.3478,75.1338,2026-06-04 20:00:00,6.6,4.8,150.0,7.3,1.2,44.0,24.1,87,0.0,15.5
Hubballi,15.3478,75.1338,2026-06-04 21:00:00,6.0,4.4,142.0,7.5,1.2,42.0,23.6,89,0.0,16.4
Hubballi,15.3478,75.1338,2026-06-04 22:00:00,5.7,4.4,127.0,7.2,1.2,42.0,23.4,90,0.0,15.9
Hubballi,15.3478,75.1338,2026-06-04 23:00:00,5.4,4.0,116.0,6.6,1.2,42.0,23.5,91,0.0,13.6
Hubballi,15.3478,75.1338,2026-06-05 00:00:00,4.7,3.2,112.0,5.7,1.1,43.0,23.3,92,0.0,12.9
Hubballi,15.3478,75.1338,2026-06-05 01:00:00,4.5,3.1,111.0,4.5,1.0,45.0,23.1,92,0.0,13.1
Hubballi,15.3478,75.1338,2026-06-05 02:00:00,4.5,3.0,111.0,3.6,0.9,46.0,23.1,92,0.0,12.4
Hubballi,15.3478,75.1338,2026-06-05 03:00:00,4.1,2.6,110.0,3.2,0.9,46.0,23.3,90,0.0,13.4
Hubballi,15.3478,75.1338,2026-06-05 04:00:00,3.3,2.2,110.0,3.0,1.0,46.0,23.1,92,0.0,14.3
Hubballi,15.3478,75.1338,2026-06-05 05:00:00,2.0,1.4,111.0,2.1,0.8,51.0,23.2,93,0.0,11.4
Hubballi,15.3478,75.1338,2026-06-05 06:00:00,2.0,1.4,115.0,2.6,0.8,51.0,23.4,92,0.0,11.6
Hubballi,15.3478,75.1338,2026-06-05 07:00:00,2.4,1.8,120.0,3.3,0.9,51.0,24.6,84,0.0,13.0
Hubballi,15.3478,75.1338,2026-06-05 08:00:00,2.7,2.0,123.0,3.6,0.9,53.0,26.6,72,0.0,12.5
Hubballi,15.3478,75.1338,2026-06-05 09:00:00,3.3,2.2,121.0,3.0,0.9,59.0,28.1,64,0.0,12.6
Hubballi,15.3478,75.1338,2026-06-05 10:00:00,4.4,2.7,117.0,2.0,0.8,67.0,29.4,60,0.0,11.9
Hubballi,15.3478,75.1338,2026-06-05 11:00:00,5.1,3.0,114.0,1.2,0.7,73.0,28.7,62,0.0,18.3
Hubballi,15.3478,75.1338,2026-06-05 12:00:00,5.2,3.1,115.0,1.0,0.6,75.0,24.9,85,2.3,10.8
Hubballi,15.3478,75.1338,2026-06-05 13:00:00,4.9,2.9,119.0,1.1,0.5,74.0,26.1,78,0.5,16.0
Hubballi,15.3478,75.1338,2026-06-05 14:00:00,4.8,2.8,121.0,1.4,0.5,72.0,26.2,76,0.1,17.1
Hubballi,15.3478,75.1338,2026-06-05 15:00:00,4.7,2.9,121.0,2.1,0.5,68.0,27.8,66,0.0,16.6
Hubballi,15.3478,75.1338,2026-06-05 16:00:00,3.6,2.5,120.0,3.0,0.5,63.0,27.8,66,0.0,17.6
Hubballi,15.3478,75.1338,2026-06-05 17:00:00,8.5,4.6,121.0,3.6,0.6,62.0,26.8,73,0.0,18.3
Hubballi,15.3478,75.1338,2026-06-05 18:00:00,6.5,4.1,127.0,4.9,0.7,57.0,26.1,76,0.0,17.1
Hubballi,15.3478,75.1338,2026-06-05 19:00:00,5.7,4.3,135.0,6.6,1.0,50.0,25.2,82,0.0,17.8
Hubballi,15.3478,75.1338,2026-06-05 20:00:00,4.8,3.7,139.0,7.8,1.1,44.0,24.4,87,0.1,15.8
Hubballi,15.3478,75.1338,2026-06-05 21:00:00,4.3,3.5,136.0,7.9,1.1,42.0,23.9,90,0.0,16.8
Hubballi,15.3478,75.1338,2026-06-05 22:00:00,4.0,3.4,130.0,7.3,1.1,41.0,23.7,91,0.0,16.6
Hubballi,15.3478,75.1338,2026-06-05 23:00:00,3.4,2.9,124.0,6.6,1.1,41.0,24.0,89,0.0,15.2
Hubballi,15.3478,75.1338,2026-06-06 00:00:00,3.0,2.2,120.0,5.7,1.0,42.0,23.6,92,0.1,13.8
Hubballi,15.3478,75.1338,2026-06-06 01:00:00,2.7,2.1,116.0,4.6,0.9,43.0,23.5,92,0.0,12.6
Hubballi,15.3478,75.1338,2026-06-06 02:00:00,2.5,1.9,114.0,3.7,0.8,44.0,23.5,91,0.0,12.0
Hubballi,15.3478,75.1338,2026-06-06 03:00:00,2.3,1.7,115.0,3.3,0.8,44.0,23.3,94,0.1,12.1
Hubballi,15.3478,75.1338,2026-06-06 04:00:00,2.5,1.9,117.0,3.1,0.9,45.0,23.3,93,0.0,11.4
Hubballi,15.3478,75.1338,2026-06-06 05:00:00,2.8,2.1,121.0,2.4,0.7,48.0,23.9,93,0.0,9.9
Hubballi,15.3478,75.1338,2026-06-06 06:00:00,4.5,2.8,127.0,3.5,0.9,48.0,23.7,94,0.1,9.5
Hubballi,15.3478,75.1338,2026-06-06 07:00:00,5.1,3.6,134.0,5.0,1.1,48.0,24.0,93,0.1,11.6
Hubballi,15.3478,75.1338,2026-06-06 08:00:00,5.0,3.5,139.0,5.7,1.3,51.0,25.2,86,0.1,12.4
Hubballi,15.3478,75.1338,2026-06-06 09:00:00,6.2,3.7,139.0,4.7,1.3,60.0,26.4,78,0.1,8.0
Hubballi,15.3478,75.1338,2026-06-06 10:00:00,8.8,4.9,136.0,3.0,1.1,72.0,27.0,75,0.1,5.9
Hubballi,15.3478,75.1338,2026-06-06 11:00:00,12.6,6.5,134.0,1.8,1.0,81.0,24.8,77,1.8,13.8
Hubballi,15.3478,75.1338,2026-06-06 12:00:00,13.4,7.0,134.0,1.7,0.9,85.0,21.9,97,4.0,4.7
Hubballi,15.3478,75.1338,2026-06-06 13:00:00,18.2,9.2,134.0,2.3,0.9,86.0,23.3,94,2.0,11.2
Hubballi,15.3478,75.1338,2026-06-06 14:00:00,14.6,8.0,134.0,3.1,0.9,85.0,25.6,80,0.2,15.1
Hubballi,15.3478,75.1338,2026-06-06 15:00:00,7.7,4.8,134.0,4.3,0.9,80.0,28.2,67,0.0,14.0
Hubballi,15.3478,75.1338,2026-06-06 16:00:00,4.2,3.0,135.0,5.9,0.9,72.0,28.0,66,0.0,13.5
Hubballi,15.3478,75.1338,2026-06-06 17:00:00,12.8,7.1,136.0,3.8,0.8,86.0,24.9,82,0.0,16.8
Hubballi,15.3478,75.1338,2026-06-06 18:00:00,11.8,8.0,140.0,5.3,0.9,80.0,25.0,83,0.0,20.2
Hubballi,15.3478,75.1338,2026-06-06 19:00:00,10.8,7.6,145.0,7.2,0.9,71.0,24.2,88,0.1,15.9
Hubballi,15.3478,75.1338,2026-06-06 20:00:00,9.5,6.8,146.0,8.5,1.0,64.0,23.9,92,0.2,17.1
Hubballi,15.3478,75.1338,2026-06-06 21:00:00,8.7,6.6,141.0,8.4,1.0,62.0,23.5,93,0.0,17.0
Hubballi,15.3478,75.1338,2026-06-06 22:00:00,7.9,6.2,132.0,7.7,1.0,62.0,23.2,97,0.3,13.8
Hubballi,15.3478,75.1338,2026-06-06 23:00:00,6.2,4.8,125.0,6.9,1.0,61.0,23.7,92,0.5,16.2
Hubballi,15.3478,75.1338,2026-06-07 00:00:00,4.2,3.3,122.0,6.3,1.0,58.0,23.0,95,0.1,16.8
Hubballi,15.3478,75.1338,2026-06-07 01:00:00,3.0,2.4,122.0,5.8,0.9,54.0,23.0,96,0.0,16.6
Hubballi,15.3478,75.1338,2026-06-07 02:00:00,2.5,2.0,121.0,5.2,0.9,51.0,23.0,95,0.1,17.8
Hubballi,15.3478,75.1338,2026-06-07 03:00:00,2.7,2.1,119.0,4.5,0.9,51.0,22.9,94,0.0,17.5
Hubballi,15.3478,75.1338,2026-06-07 04:00:00,3.1,2.3,117.0,3.8,1.0,52.0,22.6,93,0.0,15.1
Hubballi,15.3478,75.1338,2026-06-07 05:00:00,2.0,2.0,118.0,4.5,0.4,48.0,22.9,96,0.0,12.9
Hubballi,15.3478,75.1338,2026-06-07 06:00:00,2.4,2.4,124.0,4.3,0.5,49.0,22.6,96,0.8,11.7
Hubballi,15.3478,75.1338,2026-06-07 07:00:00,2.5,2.5,132.0,4.0,0.6,51.0,22.9,96,0.6,7.9
Hubballi,15.3478,75.1338,2026-06-07 08:00:00,3.1,2.7,136.0,3.7,0.7,53.0,24.1,90,0.1,8.7
Hubballi,15.3478,75.1338,2026-06-07 09:00:00,5.3,3.7,133.0,3.3,0.8,57.0,26.0,79,0.1,10.8
Hubballi,15.3478,75.1338,2026-06-07 10:00:00,7.9,4.8,126.0,2.9,0.8,61.0,27.4,72,0.2,11.0
Hubballi,15.3478,75.1338,2026-06-07 11:00:00,9.0,5.2,121.0,2.5,0.9,66.0,30.4,56,0.0,10.9
Hubballi,15.3478,75.1338,2026-06-07 12:00:00,9.7,5.5,121.0,2.1,0.9,71.0,29.7,56,0.0,7.2
Hubballi,15.3478,75.1338,2026-06-07 13:00:00,10.2,5.8,124.0,1.6,1.0,76.0,29.7,54,0.0,2.8
Hubballi,15.3478,75.1338,2026-06-07 14:00:00,10.9,6.0,127.0,1.5,1.0,79.0,23.4,94,2.3,19.2
Hubballi,15.3478,75.1338,2026-06-07 15:00:00,11.6,6.1,129.0,1.8,1.0,78.0,24.4,91,3.2,15.9
Hubballi,15.3478,75.1338,2026-06-07 16:00:00,12.4,6.2,131.0,2.4,1.1,74.0,23.6,96,3.4,16.6
Hubballi,15.3478,75.1338,2026-06-07 17:00:00,4.7,3.8,133.0,5.4,0.8,62.0,23.9,93,1.1,15.8
Hubballi,15.3478,75.1338,2026-06-07 18:00:00,2.9,2.6,137.0,5.7,0.9,59.0,23.8,95,0.8,17.3
Hubballi,15.3478,75.1338,2026-06-07 19:00:00,3.0,2.8,142.0,6.1,1.1,54.0,23.5,96,1.5,15.4
Hubballi,15.3478,75.1338,2026-06-07 20:00:00,3.4,3.2,143.0,6.4,1.2,50.0,23.2,97,1.0,14.3
Hubballi,15.3478,75.1338,2026-06-07 21:00:00,3.6,3.4,138.0,6.4,1.2,48.0,23.2,97,0.6,14.2
Hubballi,15.3478,75.1338,2026-06-07 22:00:00,3.3,3.0,129.0,6.2,1.1,47.0,23.2,98,0.2,12.9
Hubballi,15.3478,75.1338,2026-06-07 23:00:00,2.4,2.2,121.0,5.8,1.0,46.0,22.9,96,0.2,13.8
Hubballi,15.3478,75.1338,2026-06-08 00:00:00,1.6,1.5,114.0,5.2,0.9,46.0,22.7,96,0.0,12.9
Hubballi,15.3478,75.1338,2026-06-08 01:00:00,1.3,1.2,108.0,4.4,0.9,45.0,22.7,96,0.0,11.3
Hubballi,15.3478,75.1338,2026-06-08 02:00:00,1.3,1.2,104.0,3.8,0.9,45.0,22.5,96,0.0,12.7
Hubballi,15.3478,75.1338,2026-06-08 03:00:00,1.2,1.1,102.0,3.7,0.9,43.0,22.5,96,0.0,12.0
Hubballi,15.3478,75.1338,2026-06-08 04:00:00,1.2,1.1,103.0,3.8,1.0,42.0,22.4,96,0.0,11.0
Hubballi,15.3478,75.1338,2026-06-08 05:00:00,2.1,1.5,105.0,3.4,1.0,45.0,23.4,98,0.2,12.0
Hubballi,15.3478,75.1338,2026-06-08 06:00:00,2.2,1.6,110.0,4.0,1.1,45.0,23.3,96,0.1,14.1
Hubballi,15.3478,75.1338,2026-06-08 07:00:00,2.5,2.0,117.0,4.7,1.2,45.0,23.9,92,0.0,13.9
Hubballi,15.3478,75.1338,2026-06-08 08:00:00,2.9,2.2,122.0,5.0,1.2,47.0,25.4,81,0.0,14.1
Hubballi,15.3478,75.1338,2026-06-08 09:00:00,3.7,2.4,122.0,4.3,1.1,51.0,26.5,74,0.0,13.7
Hubballi,15.3478,75.1338,2026-06-08 10:00:00,5.3,3.0,120.0,3.0,0.9,55.0,26.2,73,0.0,13.6
Hubballi,15.3478,75.1338,2026-06-08 11:00:00,6.1,3.3,118.0,2.1,0.8,60.0,27.8,64,0.0,13.8
Hubballi,15.3478,75.1338,2026-06-08 12:00:00,6.3,3.4,117.0,1.7,0.7,65.0,27.2,67,0.0,12.3
Hubballi,15.3478,75.1338,2026-06-08 13:00:00,7.1,3.8,117.0,1.7,0.7,70.0,28.7,61,0.1,12.7
Hubballi,15.3478,75.1338,2026-06-08 14:00:00,7.6,4.1,118.0,1.9,0.7,72.0,27.9,62,0.1,17.4
Hubballi,15.3478,75.1338,2026-06-08 15:00:00,7.1,4.1,120.0,2.5,0.7,67.0,26.3,71,0.2,20.0
Hubballi,15.3478,75.1338,2026-06-08 16:00:00,6.2,3.8,124.0,3.4,0.7,58.0,23.9,90,1.7,20.0
Hubballi,15.3478,75.1338,2026-06-08 17:00:00,3.6,2.2,129.0,7.2,0.5,43.0,23.3,96,2.0,14.9
Hubballi,15.3478,75.1338,2026-06-08 18:00:00,2.9,2.5,139.0,8.3,0.7,42.0,22.9,96,1.7,16.5
Hubballi,15.3478,75.1338,2026-06-08 19:00:00,3.2,2.9,152.0,9.8,0.9,41.0,22.7,97,0.8,11.2
Hubballi,15.3478,75.1338,2026-06-08 20:00:00,4.0,3.8,159.0,10.4,1.1,41.0,22.6,97,0.9,12.5
Hubballi,15.3478,75.1338,2026-06-08 21:00:00,3.6,3.5,157.0,9.6,1.1,42.0,22.5,98,1.0,14.3
Hubballi,15.3478,75.1338,2026-06-08 22:00:00,3.1,3.1,151.0,7.9,1.0,44.0,22.5,98,1.3,15.3
Hubballi,15.3478,75.1338,2026-06-08 23:00:00,2.8,2.7,143.0,6.3,0.9,46.0,22.7,98,1.2,18.0
Hubballi,15.3478,75.1338,2026-06-09 00:00:00,1.6,1.5,134.0,4.9,0.8,49.0,22.6,98,0.0,17.2
Hubballi,15.3478,75.1338,2026-06-09 01:00:00,1.1,1.0,124.0,3.5,0.7,53.0,22.5,98,0.0,16.5
Hubballi,15.3478,75.1338,2026-06-09 02:00:00,1.2,1.0,117.0,2.7,0.6,54.0,22.6,96,0.0,14.9
Hubballi,15.3478,75.1338,2026-06-09 03:00:00,1.8,1.3,115.0,2.8,0.6,51.0,22.4,98,0.4,14.1
Hubballi,15.3478,75.1338,2026-06-09 04:00:00,1.5,1.3,116.0,3.4,0.6,46.0,22.4,98,0.5,14.6
Hubballi,15.3478,75.1338,2026-06-09 05:00:00,6.7,3.3,118.0,2.9,1.0,47.0,22.9,98,0.7,16.7
Hubballi,15.3478,75.1338,2026-06-09 06:00:00,6.1,3.4,124.0,3.3,1.0,47.0,22.4,97,0.3,16.7
Hubballi,15.3478,75.1338,2026-06-09 07:00:00,6.3,3.0,131.0,3.7,1.1,47.0,22.5,97,0.2,15.9
Hubballi,15.3478,75.1338,2026-06-09 08:00:00,7.0,3.4,134.0,3.8,1.1,49.0,23.1,94,0.1,16.6
Hubballi,15.3478,75.1338,2026-06-09 09:00:00,8.5,3.7,129.0,3.1,1.1,54.0,24.2,86,0.1,17.9
Hubballi,15.3478,75.1338,2026-06-09 10:00:00,10.0,4.1,121.0,2.0,1.0,62.0,25.4,78,0.0,17.6
Hubballi,15.3478,75.1338,2026-06-09 11:00:00,10.9,4.4,114.0,1.3,0.9,67.0,27.3,71,0.0,13.6
Hubballi,15.3478,75.1338,2026-06-09 12:00:00,9.8,4.0,112.0,1.1,0.8,69.0,28.0,67,0.0,13.2
Hubballi,15.3478,75.1338,2026-06-09 13:00:00,8.8,4.0,113.0,1.3,0.7,69.0,26.4,72,0.2,14.7
Hubballi,15.3478,75.1338,2026-06-09 14:00:00,7.0,3.6,114.0,1.9,0.7,67.0,25.3,79,1.4,15.8
Hubballi,15.3478,75.1338,2026-06-09 15:00:00,5.0,2.9,113.0,3.1,0.7,63.0,24.5,84,0.6,13.6
Hubballi,15.3478,75.1338,2026-06-09 16:00:00,3.7,2.5,113.0,4.8,0.8,56.0,26.9,73,0.1,15.2
Hubballi,15.3478,75.1338,2026-06-09 17:00:00,11.1,5.6,115.0,6.0,0.9,57.0,23.6,94,0.3,17.2
Hubballi,15.3478,75.1338,2026-06-09 18:00:00,8.7,5.5,121.0,7.4,1.1,52.0,23.6,92,0.2,18.6
Hubballi,15.3478,75.1338,2026-06-09 19:00:00,7.8,5.5,130.0,9.3,1.4,46.0,23.2,94,0.0,16.1
Hubballi,15.3478,75.1338,2026-06-09 20:00:00,8.1,5.5,138.0,10.2,1.6,42.0,23.0,94,0.0,15.5
Hubballi,15.3478,75.1338,2026-06-09 21:00:00,8.6,5.4,144.0,9.1,1.6,42.0,22.9,94,0.3,15.3
Hubballi,15.3478,75.1338,2026-06-09 22:00:00,8.4,5.3,149.0,7.0,1.5,45.0,22.7,95,0.1,16.3
Hubballi,15.3478,75.1338,2026-06-09 23:00:00,7.5,4.2,149.0,5.1,1.4,47.0,22.7,96,0.9,16.8
Hubballi,15.3478,75.1338,2026-06-10 00:00:00,7.5,3.8,139.0,3.9,1.2,48.0,22.3,95,0.1,16.0
Hubballi,15.3478,75.1338,2026-06-10 01:00:00,8.4,3.9,124.0,3.1,1.0,49.0,22.0,96,0.2,15.3
Hubballi,15.3478,75.1338,2026-06-10 02:00:00,8.9,4.0,113.0,2.5,0.9,49.0,21.9,97,0.3,15.5
Hubballi,15.3478,75.1338,2026-06-10 03:00:00,6.8,3.2,109.0,2.3,0.9,48.0,22.0,97,0.2,15.6
Hubballi,15.3478,75.1338,2026-06-10 04:00:00,4.8,2.2,108.0,2.4,1.0,47.0,21.9,97,0.2,15.2
Hubballi,15.3478,75.1338,2026-06-10 05:00:00,2.5,2.1,110.0,3.1,1.1,45.0,22.6,98,0.5,15.3
Hubballi,15.3478,75.1338,2026-06-10 06:00:00,2.4,2.3,117.0,3.5,1.1,45.0,22.8,97,0.2,14.2
Hubballi,15.3478,75.1338,2026-06-10 07:00:00,2.9,2.7,126.0,4.0,1.0,46.0,23.3,94,0.1,16.2
Hubballi,15.3478,75.1338,2026-06-10 08:00:00,4.4,2.9,131.0,4.1,1.0,49.0,24.1,89,0.0,17.2
Hubballi,15.3478,75.1338,2026-06-10 09:00:00,7.8,3.8,127.0,3.3,1.0,55.0,25.4,81,0.0,17.8
Hubballi,15.3478,75.1338,2026-06-10 10:00:00,13.7,5.4,119.0,2.1,1.1,63.0,26.3,74,0.0,20.0
Hubballi,15.3478,75.1338,2026-06-10 11:00:00,17.3,6.7,113.0,1.3,1.1,69.0,27.9,67,0.0,17.5
Hubballi,15.3478,75.1338,2026-06-10 12:00:00,19.7,7.5,112.0,1.2,1.0,71.0,28.8,66,0.1,17.0
Hubballi,15.3478,75.1338,2026-06-10 13:00:00,21.0,8.4,113.0,1.4,0.9,71.0,26.2,74,0.9,23.0
Hubballi,15.3478,75.1338,2026-06-10 14:00:00,14.9,6.7,114.0,1.8,0.8,69.0,25.1,86,2.9,17.2
Hubballi,15.3478,75.1338,2026-06-10 15:00:00,6.0,2.9,114.0,2.3,0.8,65.0,25.3,85,1.3,18.5
Hubballi,15.3478,75.1338,2026-06-10 16:00:00,3.0,1.8,114.0,2.9,0.8,60.0,25.4,85,0.3,24.0
Hubballi,15.3478,75.1338,2026-06-10 17:00:00,14.7,6.2,117.0,3.4,0.8,57.0,25.2,83,0.3,20.1
Hubballi,15.3478,75.1338,2026-06-10 18:00:00,11.5,5.7,127.0,5.0,1.0,52.0,24.3,87,0.1,19.3
Hubballi,15.3478,75.1338,2026-06-10 19:00:00,11.3,6.7,139.0,7.2,1.2,46.0,23.7,92,0.0,16.3
Hubballi,15.3478,75.1338,2026-06-10 20:00:00,11.4,6.9,147.0,8.6,1.4,41.0,23.4,93,0.0,18.1
Hubballi,15.3478,75.1338,2026-06-10 21:00:00,10.8,6.5,146.0,8.4,1.4,39.0,22.9,95,0.0,17.1
Hubballi,15.3478,75.1338,2026-06-10 22:00:00,9.2,5.6,139.0,7.5,1.4,39.0,22.4,96,0.0,16.3
Hubballi,15.3478,75.1338,2026-06-10 23:00:00,7.7,4.7,132.0,6.4,1.3,40.0,22.6,96,0.0,16.5
Hubballi,15.3478,75.1338,2026-06-11 00:00:00,7.8,3.8,124.0,5.4,1.2,41.0,23.0,93,0.0,17.6
Hubballi,15.3478,75.1338,2026-06-11 01:00:00,7.2,3.4,114.0,4.3,1.1,42.0,22.8,95,0.0,15.9
Hubballi,15.3478,75.1338,2026-06-11 02:00:00,5.7,3.1,107.0,3.4,1.0,43.0,22.9,94,0.0,13.5
Hubballi,15.3478,75.1338,2026-06-11 03:00:00,5.4,2.8,104.0,3.0,1.0,43.0,22.8,95,0.0,14.0
Hubballi,15.3478,75.1338,2026-06-11 04:00:00,6.7,3.0,103.0,2.9,1.0,42.0,23.0,94,0.0,13.9
Hubballi,15.3478,75.1338,2026-06-11 05:00:00,10.6,4.6,104.0,2.7,1.2,43.0,23.7,95,0.0,13.4
Hubballi,15.3478,75.1338,2026-06-11 06:00:00,9.5,4.5,109.0,2.9,1.3,45.0,23.4,95,0.0,12.3
Hubballi,15.3478,75.1338,2026-06-11 07:00:00,12.1,5.4,116.0,3.1,1.4,47.0,24.6,86,0.0,15.8
Hubballi,15.3478,75.1338,2026-06-11 08:00:00,17.7,7.5,121.0,3.1,1.5,52.0,26.1,78,0.0,17.2
Hubballi,15.3478,75.1338,2026-06-11 09:00:00,22.9,9.5,120.0,2.6,1.4,60.0,27.9,69,0.0,17.2
Hubballi,15.3478,75.1338,2026-06-11 10:00:00,28.6,11.8,116.0,1.8,1.3,70.0,29.6,62,0.0,15.8
Hubballi,15.3478,75.1338,2026-06-11 11:00:00,33.8,13.8,113.0,1.2,1.2,78.0,30.3,60,0.0,16.9
Hubballi,15.3478,75.1338,2026-06-11 12:00:00,38.0,15.3,113.0,1.0,1.1,83.0,31.4,55,0.1,17.0
Hubballi,15.3478,75.1338,2026-06-11 13:00:00,41.2,16.5,114.0,1.0,1.1,86.0,32.0,52,0.0,15.5
Hubballi,15.3478,75.1338,2026-06-11 14:00:00,41.0,17.1,116.0,1.2,1.1,86.0,32.1,48,0.0,17.4
Hubballi,15.3478,75.1338,2026-06-11 15:00:00,37.0,16.5,117.0,1.6,1.1,83.0,31.5,48,0.2,19.4
Hubballi,15.3478,75.1338,2026-06-11 16:00:00,31.1,15.1,119.0,2.2,1.1,77.0,28.6,66,0.7,23.3
Hubballi,15.3478,75.1338,2026-06-11 17:00:00,43.3,20.8,122.0,2.7,1.2,76.0,29.2,62,0.2,21.1
Hubballi,15.3478,75.1338,2026-06-11 18:00:00,36.9,19.4,130.0,3.7,1.3,68.0,27.1,73,0.0,21.7
Hubballi,15.3478,75.1338,2026-06-11 19:00:00,33.2,18.4,140.0,5.2,1.4,58.0,25.6,82,0.0,23.5
Hubballi,15.3478,75.1338,2026-06-11 20:00:00,25.5,14.6,146.0,6.0,1.5,50.0,24.7,86,0.0,22.5
Hubballi,15.3478,75.1338,2026-06-11 21:00:00,22.4,12.4,146.0,5.7,1.5,47.0,24.1,88,0.0,19.8
Hubballi,15.3478,75.1338,2026-06-11 22:00:00,18.7,10.0,142.0,4.9,1.5,47.0,23.9,89,0.0,17.6
Hubballi,15.3478,75.1338,2026-06-11 23:00:00,15.8,8.3,136.0,4.1,1.4,48.0,24.3,86,0.0,17.2
Hubballi,15.3478,75.1338,2026-06-12 00:00:00,11.6,6.3,126.0,3.4,1.3,48.0,23.7,88,0.0,15.8
Hubballi,15.3478,75.1338,2026-06-12 01:00:00,8.4,4.5,114.0,2.8,1.3,49.0,23.2,93,0.0,14.5
Hubballi,15.3478,75.1338,2026-06-12 02:00:00,6.9,3.5,105.0,2.3,1.2,50.0,23.0,96,0.0,13.9
Hubballi,15.3478,75.1338,2026-06-12 03:00:00,5.8,3.1,101.0,2.1,1.2,50.0,22.7,98,0.0,13.4
Hubballi,15.3478,75.1338,2026-06-12 04:00:00,5.4,2.7,100.0,2.0,1.2,49.0,22.6,98,0.0,13.7
Hubballi,15.3478,75.1338,2026-06-12 05:00:00,4.5,2.4,102.0,2.0,1.3,50.0,23.9,95,0.0,14.0
Hubballi,15.3478,75.1338,2026-06-12 06:00:00,3.6,2.0,108.0,2.5,1.3,50.0,23.7,95,0.0,11.9
Hubballi,15.3478,75.1338,2026-06-12 07:00:00,4.5,2.4,117.0,3.1,1.4,51.0,24.6,89,0.0,13.1
Hubballi,15.3478,75.1338,2026-06-12 08:00:00,6.8,3.5,122.0,3.3,1.4,53.0,26.2,80,0.1,17.1
Hubballi,15.3478,75.1338,2026-06-12 09:00:00,11.8,5.2,120.0,2.8,1.4,59.0,27.9,71,0.1,16.4
Hubballi,15.3478,75.1338,2026-06-12 10:00:00,16.5,7.0,114.0,1.9,1.3,66.0,29.4,63,0.0,16.6
Hubballi,15.3478,75.1338,2026-06-12 11:00:00,20.6,8.7,110.0,1.3,1.2,72.0,30.3,59,0.0,16.0
Hubballi,15.3478,75.1338,2026-06-12 12:00:00,21.7,9.4,109.0,1.1,1.2,77.0,31.6,53,0.0,15.2
Hubballi,15.3478,75.1338,2026-06-12 13:00:00,21.9,10.0,110.0,1.0,1.1,80.0,32.4,49,0.0,16.5
Hubballi,15.3478,75.1338,2026-06-12 14:00:00,20.5,9.9,111.0,1.2,1.1,81.0,32.6,47,0.0,17.4
Hubballi,15.3478,75.1338,2026-06-12 15:00:00,20.7,10.3,111.0,1.7,1.1,78.0,32.2,48,0.1,20.5
Hubballi,15.3478,75.1338,2026-06-12 16:00:00,20.9,10.8,112.0,2.4,1.1,71.0,30.5,56,0.0,23.0
Hubballi,15.3478,75.1338,2026-06-12 17:00:00,41.0,19.0,116.0,2.4,1.1,75.0,29.6,62,0.0,20.0
Hubballi,15.3478,75.1338,2026-06-12 18:00:00,39.7,20.5,127.0,3.5,1.3,68.0,27.9,71,0.0,20.4
Hubballi,15.3478,75.1338,2026-06-12 19:00:00,36.8,20.1,141.0,5.1,1.5,58.0,26.6,77,0.0,18.9
Hubballi,15.3478,75.1338,2026-06-12 20:00:00,32.9,17.8,149.0,6.3,1.7,50.0,25.8,81,0.0,16.9
Hubballi,15.3478,75.1338,2026-06-12 21:00:00,29.5,16.0,148.0,6.7,1.8,46.0,25.1,85,0.0,15.8
Hubballi,15.3478,75.1338,2026-06-12 22:00:00,26.3,14.7,141.0,6.7,1.9,44.0,24.5,89,0.0,13.6
Hubballi,15.3478,75.1338,2026-06-12 23:00:00,23.2,12.8,134.0,6.5,1.9,42.0,24.0,91,0.0,13.2
Hubballi,15.3478,75.1338,2026-06-13 00:00:00,18.9,10.4,129.0,5.9,1.8,41.0,23.6,93,0.0,14.9
Hubballi,15.3478,75.1338,2026-06-13 01:00:00,16.4,9.1,124.0,5.0,1.7,40.0,23.4,95,0.0,15.7
Hubballi,15.3478,75.1338,2026-06-13 02:00:00,15.0,8.2,120.0,4.3,1.6,39.0,23.4,94,0.0,14.6
Hubballi,15.3478,75.1338,2026-06-13 03:00:00,12.9,7.5,116.0,4.2,1.6,38.0,23.4,95,0.0,11.5
Hubballi,15.3478,75.1338,2026-06-13 04:00:00,11.8,6.6,111.0,4.3,1.6,36.0,23.5,94,0.0,12.3
Hubballi,15.3478,75.1338,2026-06-13 05:00:00,10.1,5.5,110.0,3.2,1.6,42.0,24.0,98,0.0,17.1
Hubballi,15.3478,75.1338,2026-06-13 06:00:00,11.6,6.1,114.0,3.2,1.6,44.0,23.8,96,0.2,15.0
Hubballi,15.3478,75.1338,2026-06-13 07:00:00,12.8,6.1,120.0,3.1,1.5,48.0,24.4,91,0.0,13.2
Hubballi,15.3478,75.1338,2026-06-13 08:00:00,14.1,6.5,123.0,2.9,1.4,52.0,25.6,85,0.1,14.9
Hubballi,15.3478,75.1338,2026-06-13 09:00:00,16.2,7.2,120.0,2.4,1.3,58.0,27.1,78,0.1,17.1
Hubballi,15.3478,75.1338,2026-06-13 10:00:00,17.2,7.5,113.0,1.7,1.2,65.0,27.8,72,0.1,17.3
Hubballi,15.3478,75.1338,2026-06-13 11:00:00,17.2,7.5,109.0,1.2,1.1,70.0,29.9,65,0.0,16.1
Hubballi,15.3478,75.1338,2026-06-13 12:00:00,16.5,7.2,110.0,1.0,1.0,71.0,29.6,63,0.2,16.8
Hubballi,15.3478,75.1338,2026-06-13 13:00:00,19.5,8.3,113.0,1.1,0.9,70.0,29.4,64,1.1,15.7
Hubballi,15.3478,75.1338,2026-06-13 14:00:00,23.1,9.6,117.0,1.3,0.9,69.0,30.4,58,0.1,21.6
Hubballi,15.3478,75.1338,2026-06-13 15:00:00,27.2,11.2,121.0,1.7,1.0,69.0,28.8,65,0.2,21.2
Hubballi,15.3478,75.1338,2026-06-13 16:00:00,21.8,10.4,126.0,2.2,1.1,70.0,28.6,65,0.8,19.3
Hubballi,15.3478,75.1338,2026-06-13 17:00:00,32.4,15.2,131.0,2.9,1.2,70.0,28.3,66,0.9,22.9
Hubballi,15.3478,75.1338,2026-06-13 18:00:00,29.4,15.1,135.0,4.0,1.3,64.0,27.7,69,0.0,19.7
Hubballi,15.3478,75.1338,2026-06-13 19:00:00,26.3,14.5,139.0,5.5,1.5,57.0,26.1,78,0.0,17.6
Hubballi,15.3478,75.1338,2026-06-13 20:00:00,23.3,13.3,142.0,6.6,1.7,50.0,25.4,82,0.0,18.0
Hubballi,15.3478,75.1338,2026-06-13 21:00:00,22.8,13.1,144.0,6.9,1.8,46.0,24.7,85,0.0,16.7
Hubballi,15.3478,75.1338,2026-06-13 22:00:00,23.1,13.2,146.0,6.8,1.9,44.0,24.2,88,0.0,17.0
Hubballi,15.3478,75.1338,2026-06-13 23:00:00,23.2,13.0,144.0,6.5,1.9,42.0,24.6,88,0.0,14.1
Hubballi,15.3478,75.1338,2026-06-14 00:00:00,23.3,12.6,136.0,5.9,1.9,41.0,24.2,91,0.0,12.7
Hubballi,15.3478,75.1338,2026-06-14 01:00:00,22.9,12.1,125.0,5.0,1.8,42.0,24.0,92,0.0,11.1
Hubballi,15.3478,75.1338,2026-06-14 02:00:00,22.5,11.8,117.0,4.4,1.7,42.0,24.1,92,0.0,11.5
Hubballi,15.3478,75.1338,2026-06-14 03:00:00,21.9,11.5,115.0,4.2,1.7,41.0,24.3,91,0.0,14.2
Hubballi,15.3478,75.1338,2026-06-14 04:00:00,20.8,11.0,117.0,4.2,1.8,40.0,24.1,92,0.0,12.8
Hubballi,15.3478,75.1338,2026-06-14 05:00:00,18.6,10.6,119.0,4.9,1.7,38.0,24.2,93,0.0,13.7
Hubballi,15.3478,75.1338,2026-06-14 06:00:00,17.5,9.8,121.0,4.2,1.7,42.0,23.8,96,0.0,12.3
Hubballi,15.3478,75.1338,2026-06-14 07:00:00,15.4,8.4,124.0,3.2,1.6,47.0,24.9,88,0.0,14.6
Hubballi,15.3478,75.1338,2026-06-14 08:00:00,16.3,8.1,125.0,2.3,1.5,53.0,27.1,75,0.0,16.6
Hubballi,15.3478,75.1338,2026-06-14 09:00:00,18.5,8.4,122.0,1.7,1.4,61.0,28.6,65,0.0,16.4
Hubballi,15.3478,75.1338,2026-06-14 10:00:00,21.0,9.1,117.0,1.2,1.3,70.0,30.0,58,0.0,14.6
Hubballi,15.3478,75.1338,2026-06-14 11:00:00,23.8,9.8,114.0,0.9,1.2,77.0,31.5,50,0.0,14.5
Hubballi,15.3478,75.1338,2026-06-14 12:00:00,27.8,10.8,113.0,0.8,1.1,80.0,31.0,48,0.0,18.7
Hubballi,15.3478,75.1338,2026-06-14 13:00:00,29.6,11.3,113.0,0.8,1.1,81.0,30.0,56,0.4,20.1
Hubballi,15.3478,75.1338,2026-06-14 14:00:00,34.8,12.6,114.0,1.0,1.1,80.0,30.7,52,0.2,21.5
Hubballi,15.3478,75.1338,2026-06-14 15:00:00,17.1,8.6,114.0,1.2,1.1,76.0,29.2,58,0.9,25.3
Hubballi,15.3478,75.1338,2026-06-14 16:00:00,13.0,7.1,115.0,1.6,1.1,70.0,29.3,58,0.1,22.0
Hubballi,15.3478,75.1338,2026-06-14 17:00:00,19.6,11.4,117.0,2.1,1.1,65.0,28.4,63,0.2,23.4
Hubballi,15.3478,75.1338,2026-06-14 18:00:00,18.6,10.7,122.0,2.9,1.2,60.0,26.8,74,0.0,21.4
Hubballi,15.3478,75.1338,2026-06-14 19:00:00,17.3,10.5,129.0,3.9,1.4,53.0,25.8,78,0.0,17.6
Hubballi,15.3478,75.1338,2026-06-14 20:00:00,17.6,10.7,134.0,4.7,1.6,48.0,25.2,80,0.0,17.2
Hubballi,15.3478,75.1338,2026-06-14 21:00:00,16.6,9.9,137.0,4.9,1.7,45.0,24.6,84,0.0,17.3
Hubballi,15.3478,75.1338,2026-06-14 22:00:00,17.5,10.2,137.0,4.8,1.8,43.0,24.2,87,0.0,17.0
Hubballi,15.3478,75.1338,2026-06-14 23:00:00,18.6,10.5,135.0,4.7,1.8,42.0,23.9,92,0.0,15.2
Hubballi,15.3478,75.1338,2026-06-15 00:00:00,19.6,10.7,127.0,4.5,1.8,41.0,23.5,93,0.0,15.5
Hubballi,15.3478,75.1338,2026-06-15 01:00:00,20.7,11.0,116.0,4.3,1.7,40.0,23.1,94,0.0,14.2
Hubballi,15.3478,75.1338,2026-06-15 02:00:00,21.5,11.3,107.0,4.2,1.7,39.0,23.0,95,0.0,11.9
Hubballi,15.3478,75.1338,2026-06-15 03:00:00,22.1,11.4,102.0,4.4,1.7,37.0,22.8,96,0.0,10.8
Hubballi,15.3478,75.1338,2026-06-15 04:00:00,22.1,11.6,100.0,4.7,1.6,36.0,22.8,96,0.0,10.7
Hubballi,15.3478,75.1338,2026-06-15 05:00:00,19.4,10.2,102.0,4.2,1.7,38.0,23.0,94,0.0,11.3
Hubballi,15.3478,75.1338,2026-06-15 06:00:00,18.6,10.4,110.0,3.9,1.7,41.0,22.9,94,0.0,11.6
Hubballi,15.3478,75.1338,2026-06-15 07:00:00,19.4,10.0,122.0,3.5,1.7,46.0,24.7,83,0.0,12.5
Hubballi,15.3478,75.1338,2026-06-15 08:00:00,21.1,10.7,130.0,3.0,1.6,53.0,26.7,73,0.0,12.7
Hubballi,15.3478,75.1338,2026-06-15 09:00:00,24.1,11.6,130.0,2.4,1.5,63.0,29.0,61,0.0,19.7
Hubballi,15.3478,75.1338,2026-06-15 10:00:00,28.6,13.0,126.0,1.7,1.3,75.0,30.7,51,0.0,17.8
Hubballi,15.3478,75.1338,2026-06-15 11:00:00,32.1,13.9,123.0,1.2,1.2,84.0,31.9,45,0.0,16.2
Hubballi,15.3478,75.1338,2026-06-15 12:00:00,35.3,14.8,121.0,1.0,1.1,90.0,32.4,43,0.0,18.9
Hubballi,15.3478,75.1338,2026-06-15 13:00:00,37.7,15.5,119.0,1.1,1.1,94.0,32.8,40,0.0,19.9
Hubballi,15.3478,75.1338,2026-06-15 14:00:00,38.4,15.8,119.0,1.3,1.1,95.0,33.5,36,0.0,18.9
Hubballi,15.3478,75.1338,2026-06-15 15:00:00,38.0,15.7,120.0,1.7,1.1,92.0,33.7,33,0.0,17.3
Hubballi,15.3478,75.1338,2026-06-15 16:00:00,31.1,14.0,123.0,2.3,1.1,85.0,31.3,44,0.0,23.2
Hubballi,15.3478,75.1338,2026-06-15 17:00:00,24.9,12.8,127.0,3.1,1.2,76.0,29.3,61,0.1,24.9
Hubballi,15.3478,75.1338,2026-06-15 18:00:00,16.4,10.2,133.0,4.0,1.3,68.0,28.0,70,0.0,22.0
Hubballi,15.3478,75.1338,2026-06-15 19:00:00,15.5,10.1,140.0,5.1,1.5,57.0,26.6,75,0.0,20.7
Hubballi,15.3478,75.1338,2026-06-15 20:00:00,15.4,9.9,146.0,6.0,1.7,48.0,25.5,79,0.0,22.9
Hubballi,15.3478,75.1338,2026-06-15 21:00:00,14.8,9.0,150.0,6.3,1.8,44.0,24.7,80,0.0,16.8
Hubballi,15.3478,75.1338,2026-06-15 22:00:00,15.7,9.3,154.0,6.3,1.9,43.0,23.9,84,0.0,9.9
Hubballi,15.3478,75.1338,2026-06-15 23:00:00,17.2,9.7,155.0,6.2,1.9,42.0,23.5,88,0.0,12.3
Hubballi,15.3478,75.1338,2026-06-16 00:00:00,18.5,9.8,153.0,5.9,1.9,41.0,23.3,90,0.0,13.2
Hubballi,15.3478,75.1338,2026-06-16 01:00:00,19.8,10.0,150.0,5.5,1.8,41.0,23.1,91,0.0,12.7
Hubballi,15.3478,75.1338,2026-06-16 02:00:00,20.4,10.2,147.0,5.3,1.7,40.0,22.7,93,0.0,11.6
Hubballi,15.3478,75.1338,2026-06-16 03:00:00,20.5,10.3,147.0,5.5,1.7,38.0,22.4,96,0.0,11.7
Hubballi,15.3478,75.1338,2026-06-16 04:00:00,20.3,10.4,147.0,5.9,1.8,35.0,22.7,95,0.0,11.8
Hubballi,15.3478,75.1338,2026-06-16 05:00:00,20.1,11.1,146.0,6.4,1.8,33.0,22.6,96,0.0,10.6
Hubballi,15.3478,75.1338,2026-06-16 06:00:00,20.3,11.5,141.0,5.6,1.8,37.0,22.9,95,0.0,10.5
Hubballi,15.3478,75.1338,2026-06-16 07:00:00,19.8,10.5,135.0,4.5,1.8,43.0,24.9,83,0.0,14.1
Hubballi,15.3478,75.1338,2026-06-16 08:00:00,16.7,8.8,129.0,3.5,1.7,51.0,26.9,72,0.0,15.1
Hubballi,15.3478,75.1338,2026-06-16 09:00:00,16.3,8.4,125.0,2.6,1.5,61.0,28.6,64,0.0,13.1
Hubballi,15.3478,75.1338,2026-06-16 10:00:00,17.7,8.8,123.0,1.8,1.4,73.0,30.2,57,0.0,12.1
Hubballi,15.3478,75.1338,2026-06-16 11:00:00,19.4,9.4,121.0,1.3,1.2,82.0,31.6,50,0.0,10.4
Hubballi,15.3478,75.1338,2026-06-16 12:00:00,21.3,9.8,121.0,1.1,1.1,88.0,32.8,43,0.0,11.1
Hubballi,15.3478,75.1338,2026-06-16 13:00:00,23.3,10.4,122.0,1.1,1.1,91.0,33.9,38,0.0,12.4
Hubballi,15.3478,75.1338,2026-06-16 14:00:00,26.8,11.5,124.0,1.3,1.1,93.0,30.3,50,0.6,25.9
Hubballi,15.3478,75.1338,2026-06-16 15:00:00,31.2,13.2,126.0,1.7,1.1,93.0,30.4,52,0.2,18.9
Hubballi,15.3478,75.1338,2026-06-16 16:00:00,32.8,14.0,129.0,2.2,1.2,92.0,32.1,40,0.0,17.1
Hubballi,15.3478,75.1338,2026-06-16 17:00:00,32.6,15.3,134.0,2.9,1.2,88.0,30.0,51,0.3,20.8
Hubballi,15.3478,75.1338,2026-06-16 18:00:00,27.4,14.3,143.0,4.0,1.4,79.0,28.7,60,0.0,17.7
Hubballi,15.3478,75.1338,2026-06-16 19:00:00,23.1,13.5,154.0,5.4,1.7,66.0,26.9,75,0.0,20.2
Hubballi,15.3478,75.1338,2026-06-16 20:00:00,20.7,12.7,161.0,6.5,1.9,56.0,25.7,82,0.0,17.5
Hubballi,15.3478,75.1338,2026-06-16 21:00:00,18.6,11.4,163.0,6.8,2.0,50.0,24.9,86,0.0,14.0
Hubballi,15.3478,75.1338,2026-06-16 22:00:00,15.9,9.8,162.0,6.7,2.1,46.0,24.3,89,0.0,11.1
Hubballi,15.3478,75.1338,2026-06-16 23:00:00,15.0,9.1,159.0,6.4,2.1,43.0,24.3,91,0.0,11.8
Hubballi,15.3478,75.1338,2026-06-17 00:00:00,15.0,8.6,153.0,5.9,2.1,41.0,23.8,92,0.0,13.6
Hubballi,15.3478,75.1338,2026-06-17 01:00:00,15.3,8.5,144.0,5.1,2.0,41.0,23.4,93,0.0,13.0
Hubballi,15.3478,75.1338,2026-06-17 02:00:00,15.8,8.5,138.0,4.6,2.0,40.0,23.0,93,0.0,10.3
Hubballi,15.3478,75.1338,2026-06-17 03:00:00,16.5,8.7,136.0,4.6,2.0,38.0,22.8,94,0.0,8.1
Hubballi,15.3478,75.1338,2026-06-17 04:00:00,17.1,8.8,135.0,4.7,2.0,37.0,22.7,94,0.0,6.3
Hubballi,15.3478,75.1338,2026-06-17 05:00:00,16.4,8.9,134.0,5.5,2.1,35.0,23.9,90,0.0,10.5
Hubballi,15.3478,75.1338,2026-06-17 06:00:00,18.5,9.4,130.0,4.9,2.0,39.0,23.8,90,0.0,11.2
Hubballi,15.3478,75.1338,2026-06-17 07:00:00,18.9,9.3,125.0,4.0,1.8,46.0,24.9,83,0.0,13.0
Hubballi,15.3478,75.1338,2026-06-17 08:00:00,18.5,9.4,121.0,3.2,1.7,53.0,26.8,72,0.0,13.2
Hubballi,15.3478,75.1338,2026-06-17 09:00:00,18.9,9.6,120.0,2.5,1.6,63.0,28.7,62,0.0,12.9
Hubballi,15.3478,75.1338,2026-06-17 10:00:00,19.7,10.2,121.0,1.8,1.4,74.0,29.9,56,0.0,12.5
Hubballi,15.3478,75.1338,2026-06-17 11:00:00,21.1,10.6,122.0,1.4,1.3,82.0,30.7,52,0.0,14.5
Hubballi,15.3478,75.1338,2026-06-17 12:00:00,22.4,10.7,122.0,1.2,1.2,86.0,30.9,47,0.1,13.2
Hubballi,15.3478,75.1338,2026-06-17 13:00:00,22.9,11.0,122.0,1.3,1.2,88.0,31.6,44,0.0,12.4
Hubballi,15.3478,75.1338,2026-06-17 14:00:00,21.6,10.8,123.0,1.5,1.2,88.0,31.8,44,0.0,14.8
Hubballi,15.3478,75.1338,2026-06-17 15:00:00,18.0,9.8,124.0,1.8,1.2,85.0,30.9,47,0.0,16.4
Hubballi,15.3478,75.1338,2026-06-17 16:00:00,15.7,9.2,127.0,2.3,1.1,79.0,29.7,54,0.9,16.2
Hubballi,15.3478,75.1338,2026-06-17 17:00:00,26.0,12.8,130.0,3.2,1.3,85.0,30.7,45,0.1,13.2
Hubballi,15.3478,75.1338,2026-06-17 18:00:00,23.6,13.4,136.0,4.4,1.5,76.0,27.8,63,0.4,20.0
Hubballi,15.3478,75.1338,2026-06-17 19:00:00,22.9,14.0,142.0,6.1,1.7,63.0,26.4,71,0.0,18.4
Hubballi,15.3478,75.1338,2026-06-17 20:00:00,23.2,14.2,148.0,7.2,1.9,53.0,25.8,74,0.0,17.2
Hubballi,15.3478,75.1338,2026-06-17 21:00:00,21.8,13.2,152.0,7.3,2.0,48.0,25.0,78,0.0,17.1
Hubballi,15.3478,75.1338,2026-06-17 22:00:00,18.7,11.5,156.0,6.9,2.1,45.0,24.4,82,0.0,15.0
Hubballi,15.3478,75.1338,2026-06-17 23:00:00,18.0,10.9,155.0,6.4,2.1,43.0,24.1,85,0.0,15.8
Hubballi,15.3478,75.1338,2026-06-18 00:00:00,17.6,10.4,148.0,6.0,2.1,41.0,23.7,86,0.0,15.5
Hubballi,15.3478,75.1338,2026-06-18 01:00:00,17.1,10.1,136.0,5.6,2.0,40.0,23.4,87,0.0,15.3
Hubballi,15.3478,75.1338,2026-06-18 02:00:00,16.8,10.0,128.0,5.3,2.0,39.0,23.1,87,0.0,14.5
Hubballi,15.3478,75.1338,2026-06-18 03:00:00,17.2,10.0,125.0,5.2,2.0,38.0,22.9,87,0.0,14.2
Hubballi,15.3478,75.1338,2026-06-18 04:00:00,17.2,10.0,125.0,5.2,2.0,37.0,22.7,87,0.0,12.5
Hubballi,15.3478,75.1338,2026-06-18 05:00:00,17.3,9.8,125.0,4.3,2.0,41.0,22.6,90,0.0,11.1
Hubballi,15.3478,75.1338,2026-06-18 06:00:00,18.4,10.0,125.0,4.0,2.0,44.0,22.9,89,0.0,11.0
Hubballi,15.3478,75.1338,2026-06-18 07:00:00,19.9,10.6,124.0,3.5,2.0,48.0,24.6,79,0.0,14.5
Hubballi,15.3478,75.1338,2026-06-18 08:00:00,22.2,11.4,124.0,3.0,2.0,54.0,26.4,69,0.0,15.5
Hubballi,15.3478,75.1338,2026-06-18 09:00:00,23.8,11.9,123.0,2.4,1.8,63.0,28.1,61,0.0,14.7
Hubballi,15.3478,75.1338,2026-06-18 10:00:00,26.1,12.7,123.0,1.7,1.6,74.0,29.6,55,0.0,12.8
Hubballi,15.3478,75.1338,2026-06-18 11:00:00,28.4,13.5,122.0,1.3,1.4,83.0,30.5,53,0.0,12.7
Hubballi,15.3478,75.1338,2026-06-18 12:00:00,29.8,14.1,120.0,1.1,1.3,88.0,31.6,49,0.1,11.3
Hubballi,15.3478,75.1338,2026-06-18 13:00:00,30.6,14.5,118.0,1.2,1.2,90.0,32.4,45,0.0,12.3
Hubballi,15.3478,75.1338,2026-06-18 14:00:00,31.0,14.9,118.0,1.4,1.2,90.0,32.2,44,0.0,15.7
Hubballi,15.3478,75.1338,2026-06-18 15:00:00,30.9,15.2,122.0,1.7,1.2,89.0,29.3,58,2.1,12.6
Hubballi,15.3478,75.1338,2026-06-18 16:00:00,27.6,14.1,129.0,2.2,1.2,86.0,29.5,52,0.3,16.3
Hubballi,15.3478,75.1338,2026-06-18 17:00:00,21.1,11.8,136.0,2.7,1.3,85.0,30.0,50,0.5,14.1
Hubballi,15.3478,75.1338,2026-06-18 18:00:00,20.1,12.0,146.0,4.2,1.5,77.0,28.2,58,0.0,20.0
Hubballi,15.3478,75.1338,2026-06-18 19:00:00,22.9,14.5,156.0,6.3,1.8,65.0,26.6,70,0.0,16.8
Hubballi,15.3478,75.1338,2026-06-18 20:00:00,20.8,13.6,162.0,7.6,2.0,56.0,26.1,73,0.0,15.8
Hubballi,15.3478,75.1338,2026-06-18 21:00:00,20.0,13.0,160.0,7.4,2.1,51.0,25.2,78,0.0,16.9
Hubballi,15.3478,75.1338,2026-06-18 22:00:00,18.6,11.9,154.0,6.5,2.1,49.0,24.5,83,0.0,17.7
Hubballi,15.3478,75.1338,2026-06-18 23:00:00,18.7,11.6,147.0,5.6,2.1,47.0,24.2,85,0.0,17.7
Hubballi,15.3478,75.1338,2026-06-19 00:00:00,18.3,11.3,141.0,5.2,2.1,45.0,24.2,84,0.0,15.4
Hubballi,15.3478,75.1338,2026-06-19 01:00:00,18.2,11.0,134.0,4.8,2.1,42.0,24.0,84,0.0,14.9
Hubballi,15.3478,75.1338,2026-06-19 02:00:00,18.0,10.7,131.0,4.5,2.1,41.0,23.9,84,0.0,14.0
Hubballi,15.3478,75.1338,2026-06-19 03:00:00,18.7,10.8,134.0,4.2,2.1,40.0,23.8,84,0.0,13.3
Hubballi,15.3478,75.1338,2026-06-19 04:00:00,19.2,10.8,141.0,4.0,2.1,40.0,23.7,85,0.0,12.2
Hubballi,15.3478,75.1338,2026-06-19 05:00:00,20.1,10.4,144.0,3.9,2.0,43.0,23.5,86,0.0,10.6
Hubballi,15.3478,75.1338,2026-06-19 06:00:00,21.0,10.7,139.0,3.8,2.0,44.0,23.4,87,0.0,9.4
Hubballi,15.3478,75.1338,2026-06-19 07:00:00,23.3,11.4,131.0,3.7,2.1,46.0,24.5,80,0.0,10.9
Hubballi,15.3478,75.1338,2026-06-19 08:00:00,26.0,12.3,124.0,3.4,2.0,50.0,26.1,71,0.0,11.0
Hubballi,15.3478,75.1338,2026-06-19 09:00:00,28.4,12.9,120.0,2.7,1.8,58.0,27.7,61,0.0,10.4
Hubballi,15.3478,75.1338,2026-06-19 10:00:00,30.2,13.2,118.0,1.9,1.5,69.0,29.4,53,0.0,11.2
Hubballi,15.3478,75.1338,2026-06-19 11:00:00,31.0,13.4,116.0,1.3,1.3,77.0,30.2,50,0.0,11.2
Hubballi,15.3478,75.1338,2026-06-19 12:00:00,30.5,13.3,113.0,1.0,1.2,82.0,30.9,48,0.3,9.7
Hubballi,15.3478,75.1338,2026-06-19 13:00:00,29.6,13.2,110.0,1.0,1.1,85.0,30.0,54,0.1,13.5
Hubballi,15.3478,75.1338,2026-06-19 14:00:00,27.6,12.5,111.0,1.2,1.1,87.0,30.8,53,0.6,14.4
Hubballi,15.3478,75.1338,2026-06-19 15:00:00,25.2,11.8,118.0,1.7,1.1,88.0,30.7,49,0.3,15.0
Hubballi,15.3478,75.1338,2026-06-19 16:00:00,24.2,11.7,129.0,2.4,1.1,87.0,28.4,59,0.2,16.4
Hubballi,15.3478,75.1338,2026-06-19 17:00:00,24.9,12.9,140.0,3.2,1.1,73.0,27.9,62,0.0,14.4
Hubballi,15.3478,75.1338,2026-06-19 18:00:00,25.5,13.3,153.0,4.2,1.3,67.0,28.2,58,0.0,12.9
Hubballi,15.3478,75.1338,2026-06-19 19:00:00,25.1,13.6,166.0,5.5,1.5,59.0,27.1,64,0.0,11.5
Hubballi,15.3478,75.1338,2026-06-19 20:00:00,24.0,13.7,173.0,6.5,1.7,52.0,26.2,71,0.0,11.4
Hubballi,15.3478,75.1338,2026-06-19 21:00:00,22.2,13.0,172.0,6.7,1.8,47.0,25.4,75,0.0,12.7
Hubballi,15.3478,75.1338,2026-06-19 22:00:00,20.3,12.1,165.0,6.6,1.9,43.0,24.8,78,0.0,13.5
Hubballi,15.3478,75.1338,2026-06-19 23:00:00,17.2,10.4,156.0,6.4,1.9,40.0,24.5,80,0.0,13.9
Hubballi,15.3478,75.1338,2026-06-20 00:00:00,15.7,9.4,146.0,6.1,1.9,38.0,23.7,86,0.0,12.3
Hubballi,15.3478,75.1338,2026-06-20 01:00:00,14.8,8.9,134.0,5.7,1.8,36.0,23.2,90,0.0,12.1
Hubballi,15.3478,75.1338,2026-06-20 02:00:00,14.1,8.7,125.0,5.5,1.8,35.0,22.7,93,0.0,10.4
Hubballi,15.3478,75.1338,2026-06-20 03:00:00,13.8,8.6,121.0,5.7,1.8,32.0,22.4,95,0.0,9.6
Hubballi,15.3478,75.1338,2026-06-20 04:00:00,13.7,8.6,119.0,6.2,1.8,29.0,22.1,95,0.0,10.3
Hubballi,15.3478,75.1338,2026-06-20 05:00:00,13.9,8.1,118.0,5.1,2.0,34.0,22.6,93,0.0,11.2
Hubballi,15.3478,75.1338,2026-06-20 06:00:00,14.2,8.1,119.0,4.6,2.0,37.0,22.5,93,0.0,10.8
Hubballi,15.3478,75.1338,2026-06-20 07:00:00,15.8,8.0,121.0,4.0,1.9,43.0,23.8,83,0.0,11.0
Hubballi,15.3478,75.1338,2026-06-20 08:00:00,17.9,8.6,121.0,3.3,1.8,49.0,25.3,73,0.0,10.4
Hubballi,15.3478,75.1338,2026-06-20 09:00:00,22.8,9.7,118.0,2.5,1.6,58.0,27.1,63,0.0,10.5
Hubballi,15.3478,75.1338,2026-06-20 10:00:00,28.2,10.9,113.0,1.8,1.3,68.0,28.8,54,0.0,11.2
Hubballi,15.3478,75.1338,2026-06-20 11:00:00,32.0,11.8,110.0,1.2,1.1,76.0,29.9,48,0.0,10.5
Hubballi,15.3478,75.1338,2026-06-20 12:00:00,34.0,12.3,109.0,1.0,1.0,81.0,31.4,40,0.0,10.2
Hubballi,15.3478,75.1338,2026-06-20 13:00:00,34.0,12.5,108.0,1.0,0.9,83.0,32.0,37,0.0,11.8
Hubballi,15.3478,75.1338,2026-06-20 14:00:00,32.8,12.4,109.0,1.2,0.9,83.0,32.1,36,0.0,11.2
Hubballi,15.3478,75.1338,2026-06-20 15:00:00,31.3,12.1,111.0,1.5,0.9,81.0,31.9,37,0.0,11.8
Hubballi,15.3478,75.1338,2026-06-20 16:00:00,29.4,11.8,115.0,2.0,0.9,77.0,31.7,40,0.0,13.7
Hubballi,15.3478,75.1338,2026-06-20 17:00:00,25.3,10.5,118.0,2.7,0.9,68.0,31.0,44,0.0,15.4
Hubballi,15.3478,75.1338,2026-06-20 18:00:00,21.5,10.0,120.0,3.5,1.0,62.0,28.1,59,0.0,23.0
Hubballi,15.3478,75.1338,2026-06-20 19:00:00,17.1,9.5,121.0,4.6,1.2,54.0,25.9,73,0.0,19.9
Hubballi,15.3478,75.1338,2026-06-20 20:00:00,14.3,9.1,123.0,5.5,1.3,47.0,25.4,76,0.0,17.7
Hubballi,15.3478,75.1338,2026-06-20 21:00:00,12.7,8.6,126.0,5.8,1.4,44.0,24.8,79,0.0,16.1
Hubballi,15.3478,75.1338,2026-06-20 22:00:00,11.6,8.1,130.0,5.9,1.5,42.0,24.3,83,0.0,14.8
Hubballi,15.3478,75.1338,2026-06-20 23:00:00,10.9,7.6,129.0,5.9,1.6,41.0,24.1,84,0.0,13.7
Hubballi,15.3478,75.1338,2026-06-21 00:00:00,10.3,7.2,119.0,5.8,1.6,39.0,23.6,87,0.0,15.5
Hubballi,15.3478,75.1338,2026-06-21 01:00:00,9.6,6.8,104.0,5.5,1.5,38.0,23.3,89,0.0,14.5
Hubballi,15.3478,75.1338,2026-06-21 02:00:00,8.9,6.3,94.0,5.3,1.5,37.0,22.9,91,0.0,12.4
Hubballi,15.3478,75.1338,2026-06-21 03:00:00,8.5,6.2,93.0,5.2,1.5,35.0,22.7,92,0.0,11.5
Hubballi,15.3478,75.1338,2026-06-21 04:00:00,7.7,5.7,95.0,5.1,1.5,34.0,22.4,93,0.0,10.2
Hubballi,15.3478,75.1338,2026-06-21 05:00:00,4.4,3.3,99.0,3.5,1.2,37.0,23.6,89,0.0,11.8
Hubballi,15.3478,75.1338,2026-06-21 06:00:00,4.2,3.2,103.0,3.5,1.2,38.0,23.8,88,0.0,10.5
Hubballi,15.3478,75.1338,2026-06-21 07:00:00,4.0,3.1,107.0,3.4,1.2,40.0,24.6,84,0.0,13.1
Hubballi,15.3478,75.1338,2026-06-21 08:00:00,3.8,3.0,109.0,3.1,1.2,43.0,25.7,78,0.1,13.5
Hubballi,15.3478,75.1338,2026-06-21 09:00:00,3.4,2.7,108.0,2.5,1.2,49.0,27.1,70,0.2,14.3
Hubballi,15.3478,75.1338,2026-06-21 10:00:00,3.0,2.4,106.0,1.7,1.2,57.0,28.7,64,0.2,13.8
Hubballi,15.3478,75.1338,2026-06-21 11:00:00,2.8,2.2,104.0,1.1,1.1,63.0,31.0,53,0.1,10.1
Hubballi,15.3478,75.1338,2026-06-21 12:00:00,3.1,2.4,102.0,0.9,1.0,66.0,32.2,48,0.1,12.6
Hubballi,15.3478,75.1338,2026-06-21 13:00:00,3.8,2.8,101.0,0.9,0.9,66.0,30.6,55,0.6,17.7
Hubballi,15.3478,75.1338,2026-06-21 14:00:00,4.1,3.0,101.0,1.0,0.8,65.0,29.9,57,0.4,17.5
Hubballi,15.3478,75.1338,2026-06-21 15:00:00,4.5,3.2,105.0,1.2,0.7,62.0,27.3,72,2.4,19.6
Hubballi,15.3478,75.1338,2026-06-21 16:00:00,3.3,2.4,111.0,1.6,0.6,57.0,27.8,70,0.5,16.5
Hubballi,15.3478,75.1338,2026-06-21 17:00:00,3.1,2.5,116.0,2.4,0.7,51.0,26.7,75,0.1,15.5
Hubballi,15.3478,75.1338,2026-06-21 18:00:00,3.2,2.5,121.0,3.0,0.8,48.0,26.0,77,0.0,20.0
Hubballi,15.3478,75.1338,2026-06-21 19:00:00,3.5,2.9,125.0,3.8,1.0,43.0,25.2,82,0.0,19.1
Hubballi,15.3478,75.1338,2026-06-21 20:00:00,3.4,2.9,128.0,4.2,1.1,40.0,24.4,88,0.0,17.2
Hubballi,15.3478,75.1338,2026-06-21 21:00:00,3.1,2.6,129.0,4.0,1.1,40.0,24.1,89,0.0,16.8
Hubballi,15.3478,75.1338,2026-06-21 22:00:00,2.9,2.4,128.0,3.4,1.0,42.0,23.9,89,0.0,16.4
Hubballi,15.3478,75.1338,2026-06-21 23:00:00,2.7,2.2,124.0,2.9,1.0,43.0,24.0,91,0.0,19.6
Hubballi,15.3478,75.1338,2026-06-22 00:00:00,2.5,1.9,115.0,2.6,1.0,43.0,23.6,91,0.1,18.4
Hubballi,15.3478,75.1338,2026-06-22 01:00:00,2.5,1.9,104.0,2.4,1.0,44.0,23.2,93,0.0,15.7
Hubballi,15.3478,75.1338,2026-06-22 02:00:00,2.5,1.9,96.0,2.4,1.0,43.0,23.2,93,0.1,15.9
Hubballi,15.3478,75.1338,2026-06-22 03:00:00,2.5,1.9,93.0,2.7,1.1,41.0,23.2,92,0.0,15.6
Hubballi,15.3478,75.1338,2026-06-22 04:00:00,2.6,2.1,94.0,3.2,1.3,38.0,22.9,94,0.0,16.1
Hubballi,15.3478,75.1338,2026-06-22 05:00:00,0.8,0.7,96.0,1.6,0.8,46.0,22.8,95,0.1,12.9
Hubballi,15.3478,75.1338,2026-06-22 06:00:00,1.0,1.0,100.0,1.9,0.8,47.0,22.7,95,0.0,13.0
Hubballi,15.3478,75.1338,2026-06-22 07:00:00,1.3,1.1,106.0,2.2,0.9,48.0,23.9,86,0.1,15.6
Hubballi,15.3478,75.1338,2026-06-22 08:00:00,1.7,1.3,109.0,2.4,0.9,49.0,25.5,77,0.1,16.7
Hubballi,15.3478,75.1338,2026-06-22 09:00:00,1.8,1.5,107.0,2.1,0.8,51.0,26.9,70,0.2,18.4
Hubballi,15.3478,75.1338,2026-06-22 10:00:00,1.7,1.4,103.0,1.7,0.8,54.0,28.6,63,0.2,17.5
Hubballi,15.3478,75.1338,2026-06-22 11:00:00,1.8,1.3,99.0,1.3,0.7,56.0,29.4,57,0.1,22.1
Hubballi,15.3478,75.1338,2026-06-22 12:00:00,2.4,1.7,97.0,1.1,0.7,58.0,29.1,58,0.3,23.5
Hubballi,15.3478,75.1338,2026-06-22 13:00:00,2.9,2.1,97.0,1.0,0.7,60.0,30.4,56,0.2,20.8
Hubballi,15.3478,75.1338,2026-06-22 14:00:00,2.9,2.1,98.0,1.2,0.7,61.0,30.7,55,0.3,21.7
Hubballi,15.3478,75.1338,2026-06-22 15:00:00,3.1,2.2,102.0,1.7,0.7,59.0,27.0,73,3.4,21.8
Hubballi,15.3478,75.1338,2026-06-22 16:00:00,3.2,2.3,108.0,2.4,0.7,56.0,26.2,75,0.6,21.3
Hubballi,15.3478,75.1338,2026-06-22 17:00:00,3.7,2.5,113.0,2.7,0.6,52.0,27.4,68,0.2,21.7
Hubballi,15.3478,75.1338,2026-06-22 18:00:00,3.6,2.6,116.0,3.5,0.7,49.0,25.9,75,0.0,22.2
Hubballi,15.3478,75.1338,2026-06-22 19:00:00,3.6,2.8,118.0,4.6,0.9,46.0,24.4,83,0.0,20.7
Hubballi,15.3478,75.1338,2026-06-22 20:00:00,2.9,2.4,118.0,5.2,1.0,43.0,23.5,88,0.0,20.3
Hubballi,15.3478,75.1338,2026-06-22 21:00:00,1.9,1.7,117.0,5.0,1.0,43.0,23.6,87,0.0,18.0
Hubballi,15.3478,75.1338,2026-06-22 22:00:00,1.4,1.3,115.0,4.3,1.0,43.0,23.3,89,0.0,16.9
Hubballi,15.3478,75.1338,2026-06-22 23:00:00,1.5,1.4,112.0,3.6,0.9,44.0,23.0,93,0.0,20.3
Hubballi,15.3478,75.1338,2026-06-23 00:00:00,1.4,1.2,106.0,2.9,0.8,45.0,22.6,95,0.2,16.7
Hubballi,15.3478,75.1338,2026-06-23 01:00:00,1.2,0.9,98.0,2.1,0.7,46.0,22.4,95,0.1,15.5
Hubballi,15.3478,75.1338,2026-06-23 02:00:00,1.2,0.8,92.0,1.6,0.6,47.0,22.2,96,0.1,16.1
Hubballi,15.3478,75.1338,2026-06-23 03:00:00,1.2,0.8,91.0,1.4,0.6,47.0,22.0,96,0.0,16.4
Hubballi,15.3478,75.1338,2026-06-23 04:00:00,0.8,0.7,91.0,1.4,0.6,46.0,22.0,94,0.0,18.7
Hubballi,15.3478,75.1338,2026-06-23 05:00:00,0.7,0.7,94.0,1.9,0.6,43.0,21.5,96,0.0,16.7
Hubballi,15.3478,75.1338,2026-06-23 06:00:00,0.8,0.8,99.0,2.5,0.6,43.0,21.7,95,0.1,20.3
Hubballi,15.3478,75.1338,2026-06-23 07:00:00,1.1,1.0,106.0,3.2,0.7,44.0,22.5,90,0.1,20.6
Hubballi,15.3478,75.1338,2026-06-23 08:00:00,1.8,1.6,110.0,3.5,0.7,45.0,23.7,84,0.2,23.4
Hubballi,15.3478,75.1338,2026-06-23 09:00:00,2.5,1.8,108.0,3.0,0.7,48.0,24.1,84,0.6,24.3
Hubballi,15.3478,75.1338,2026-06-23 10:00:00,3.4,2.1,103.0,2.0,0.6,53.0,24.8,82,0.4,22.8
Hubballi,15.3478,75.1338,2026-06-23 11:00:00,4.3,2.5,99.0,1.3,0.6,56.0,24.6,80,0.3,24.0
Hubballi,15.3478,75.1338,2026-06-23 12:00:00,4.7,2.7,98.0,1.1,0.6,57.0,22.7,94,1.4,21.1
Hubballi,15.3478,75.1338,2026-06-23 13:00:00,4.9,2.7,99.0,1.1,0.6,58.0,23.5,90,1.1,23.9
Hubballi,15.3478,75.1338,2026-06-23 14:00:00,3.8,2.4,100.0,1.4,0.6,57.0,24.0,84,0.3,20.0
Hubballi,15.3478,75.1338,2026-06-23 15:00:00,2.3,1.6,102.0,2.0,0.6,55.0,25.0,76,0.1,22.5
Hubballi,15.3478,75.1338,2026-06-23 16:00:00,1.7,1.2,105.0,2.8,0.6,52.0,25.7,72,0.0,24.6
Hubballi,15.3478,75.1338,2026-06-23 17:00:00,4.7,2.9,108.0,3.1,0.7,50.0,24.2,81,0.2,23.6
Hubballi,15.3478,75.1338,2026-06-23 18:00:00,3.0,2.1,113.0,3.8,0.8,47.0,23.0,87,0.1,23.5
Hubballi,15.3478,75.1338,2026-06-23 19:00:00,2.4,2.0,120.0,4.6,0.8,44.0,22.4,92,0.1,20.9
Hubballi,15.3478,75.1338,2026-06-23 20:00:00,2.0,1.7,123.0,5.3,0.9,41.0,21.9,96,0.3,16.2
Hubballi,15.3478,75.1338,2026-06-23 21:00:00,2.4,2.1,122.0,5.6,0.9,39.0,21.7,96,0.0,14.9
Hubballi,15.3478,75.1338,2026-06-23 22:00:00,2.4,2.1,118.0,5.6,0.9,38.0,21.6,97,0.0,16.7
Hubballi,15.3478,75.1338,2026-06-23 23:00:00,2.3,2.1,113.0,5.3,0.9,38.0,22.0,95,0.0,19.1
Hubballi,15.3478,75.1338,2026-06-24 00:00:00,1.9,1.8,108.0,4.6,0.9,38.0,21.7,96,0.4,21.8
Hubballi,15.3478,75.1338,2026-06-24 01:00:00,1.6,1.4,103.0,3.6,0.8,39.0,21.5,97,0.4,18.8
Hubballi,15.3478,75.1338,2026-06-24 02:00:00,2.0,1.5,99.0,2.9,0.8,40.0,21.3,98,0.1,17.5
Hubballi,15.3478,75.1338,2026-06-24 03:00:00,2.5,1.9,97.0,2.5,0.8,41.0,21.4,98,0.0,19.2
Hubballi,15.3478,75.1338,2026-06-24 04:00:00,2.4,1.8,96.0,2.4,0.9,41.0,21.6,96,0.0,17.7
Hubballi,15.3478,75.1338,2026-06-24 05:00:00,1.8,1.4,99.0,2.3,0.8,42.0,21.8,99,0.0,13.3
Hubballi,15.3478,75.1338,2026-06-24 06:00:00,1.8,1.4,108.0,3.3,0.9,41.0,22.3,97,0.2,14.7
Hubballi,15.3478,75.1338,2026-06-24 07:00:00,2.9,2.1,121.0,4.6,1.1,41.0,22.2,96,0.2,17.2
Hubballi,15.3478,75.1338,2026-06-24 08:00:00,4.0,2.8,128.0,5.2,1.2,42.0,22.5,93,0.3,18.1
Hubballi,15.3478,75.1338,2026-06-24 09:00:00,3.3,2.2,125.0,4.3,1.2,47.0,23.1,90,0.2,17.3
Hubballi,15.3478,75.1338,2026-06-24 10:00:00,4.3,2.5,116.0,2.6,1.1,55.0,25.1,78,0.4,21.0
Hubballi,15.3478,75.1338,2026-06-24 11:00:00,5.1,2.9,108.0,1.4,1.0,60.0,24.4,90,0.1,19.0
Hubballi,15.3478,75.1338,2026-06-24 12:00:00,6.1,3.4,104.0,1.1,0.9,61.0,27.0,72,0.4,23.8
Hubballi,15.3478,75.1338,2026-06-24 13:00:00,8.4,4.5,101.0,1.3,0.8,60.0,27.1,67,0.4,25.7
Hubballi,15.3478,75.1338,2026-06-24 14:00:00,9.2,5.0,100.0,1.8,0.8,59.0,25.5,78,0.6,25.7
Hubballi,15.3478,75.1338,2026-06-24 15:00:00,7.1,4.5,103.0,2.6,0.8,57.0,25.1,81,0.4,26.3
Hubballi,15.3478,75.1338,2026-06-24 16:00:00,6.0,4.0,109.0,3.6,0.9,55.0,23.9,86,0.5,22.1
Hubballi,15.3478,75.1338,2026-06-24 17:00:00,4.4,3.1,115.0,4.4,1.0,52.0,24.9,82,0.4,19.7
Hubballi,15.3478,75.1338,2026-06-24 18:00:00,3.6,2.6,120.0,5.0,1.0,49.0,24.1,87,0.1,19.3
Hubballi,15.3478,75.1338,2026-06-24 19:00:00,3.3,2.6,125.0,5.5,1.1,45.0,22.9,92,0.1,19.2
Hubballi,15.3478,75.1338,2026-06-24 20:00:00,3.3,2.5,127.0,5.6,1.1,43.0,22.7,92,0.0,18.0
Hubballi,15.3478,75.1338,2026-06-24 21:00:00,3.3,2.4,125.0,5.3,1.1,42.0,22.7,92,0.0,14.3
Hubballi,15.3478,75.1338,2026-06-24 22:00:00,3.3,2.4,120.0,4.7,1.0,43.0,22.4,94,0.0,13.7
Hubballi,15.3478,75.1338,2026-06-24 23:00:00,3.6,2.5,115.0,4.1,1.0,43.0,22.2,95,0.0,17.4
Hubballi,15.3478,75.1338,2026-06-25 00:00:00,3.7,2.5,109.0,3.5,1.0,44.0,21.5,96,0.0,16.0
Hubballi,15.3478,75.1338,2026-06-25 01:00:00,3.4,2.1,102.0,2.8,1.0,44.0,22.0,94,0.0,15.5
Hubballi,15.3478,75.1338,2026-06-25 02:00:00,3.2,1.9,97.0,2.3,1.0,45.0,22.4,92,0.0,16.5
Hubballi,15.3478,75.1338,2026-06-25 03:00:00,2.9,1.9,93.0,2.0,1.0,45.0,22.3,95,0.1,14.5
Hubballi,15.3478,75.1338,2026-06-25 04:00:00,2.9,1.7,91.0,1.9,1.1,45.0,21.9,97,0.2,14.4
Hubballi,15.3478,75.1338,2026-06-25 05:00:00,2.3,1.5,93.0,2.1,1.1,45.0,22.3,98,0.2,14.4
Hubballi,15.3478,75.1338,2026-06-25 06:00:00,1.9,1.4,102.0,2.9,1.1,44.0,21.9,97,0.2,13.9
Hubballi,15.3478,75.1338,2026-06-25 07:00:00,2.0,1.5,114.0,4.0,1.2,43.0,22.7,93,0.1,14.1
Hubballi,15.3478,75.1338,2026-06-25 08:00:00,2.6,2.1,121.0,4.5,1.2,44.0,24.2,84,0.1,17.4
Hubballi,15.3478,75.1338,2026-06-25 09:00:00,2.5,1.9,117.0,3.7,1.1,49.0,26.3,71,0.1,19.8
Hubballi,15.3478,75.1338,2026-06-25 10:00:00,2.5,1.9,107.0,2.3,1.0,55.0,27.6,65,0.0,21.4
Hubballi,15.3478,75.1338,2026-06-25 11:00:00,2.4,1.5,101.0,1.4,0.9,59.0,27.5,66,0.0,21.9
Hubballi,15.3478,75.1338,2026-06-25 12:00:00,3.0,1.7,101.0,1.7,0.9,58.0,27.3,67,0.2,21.7
Hubballi,15.3478,75.1338,2026-06-25 13:00:00,2.8,1.8,105.0,2.6,1.0,55.0,26.9,67,0.1,23.2
Hubballi,15.3478,75.1338,2026-06-25 14:00:00,2.9,2.2,109.0,3.4,1.0,52.0,27.2,68,0.0,19.7
Hubballi,15.3478,75.1338,2026-06-25 15:00:00,2.9,2.2,113.0,3.6,1.0,52.0,27.8,66,0.0,21.8
Hubballi,15.3478,75.1338,2026-06-25 16:00:00,3.2,2.2,118.0,3.6,1.0,53.0,26.5,72,0.0,21.7
Hubballi,15.3478,75.1338,2026-06-25 17:00:00,14.3,7.0,123.0,4.0,1.0,50.0,26.4,72,0.0,21.3
Hubballi,15.3478,75.1338,2026-06-25 18:00:00,13.6,7.0,127.0,4.8,1.1,48.0,25.7,76,0.0,19.1
Hubballi,15.3478,75.1338,2026-06-25 19:00:00,11.3,6.4,130.0,5.9,1.3,45.0,24.6,82,0.0,20.4
Hubballi,15.3478,75.1338,2026-06-25 20:00:00,9.4,5.8,134.0,6.5,1.4,43.0,23.7,86,0.0,19.0
Hubballi,15.3478,75.1338,2026-06-25 21:00:00,7.6,4.8,140.0,6.2,1.4,43.0,23.0,89,0.0,15.3
Hubballi,15.3478,75.1338,2026-06-25 22:00:00,7.4,4.4,147.0,5.4,1.3,43.0,22.5,91,0.0,14.2
Hubballi,15.3478,75.1338,2026-06-25 23:00:00,6.7,4.1,147.0,4.9,1.3,43.0,22.9,92,0.0,13.5
Hubballi,15.3478,75.1338,2026-06-26 00:00:00,5.9,3.7,135.0,5.0,1.3,41.0,22.7,93,0.0,11.6
Hubballi,15.3478,75.1338,2026-06-26 01:00:00,5.9,3.9,116.0,5.3,1.4,39.0,22.6,93,0.0,10.5
Hubballi,15.3478,75.1338,2026-06-26 02:00:00,6.3,4.1,102.0,5.4,1.4,37.0,22.6,93,0.0,11.1
Hubballi,15.3478,75.1338,2026-06-26 03:00:00,7.0,4.5,97.0,5.1,1.4,36.0,22.5,93,0.0,11.0
Hubballi,15.3478,75.1338,2026-06-26 04:00:00,7.8,4.9,97.0,4.7,1.3,35.0,22.3,94,0.0,10.4
Hubballi,15.3478,75.1338,2026-06-26 05:00:00,4.3,2.8,100.0,4.5,1.2,36.0,23.0,92,0.0,13.6
Hubballi,15.3478,75.1338,2026-06-26 06:00:00,4.5,2.8,107.0,4.3,1.3,39.0,22.8,93,0.0,12.2
Hubballi,15.3478,75.1338,2026-06-26 07:00:00,4.3,2.7,117.0,4.0,1.4,42.0,23.6,88,0.0,13.9
Hubballi,15.3478,75.1338,2026-06-26 08:00:00,3.9,2.5,123.0,3.6,1.4,47.0,24.8,81,0.0,15.5
Hubballi,15.3478,75.1338,2026-06-26 09:00:00,4.3,2.5,120.0,2.8,1.3,54.0,25.7,77,0.0,15.2
Hubballi,15.3478,75.1338,2026-06-26 10:00:00,5.5,3.0,112.0,1.8,1.1,61.0,26.8,72,0.0,17.4
Hubballi,15.3478,75.1338,2026-06-26 11:00:00,8.6,4.2,107.0,1.2,1.0,66.0,27.9,66,0.0,17.6
Hubballi,15.3478,75.1338,2026-06-26 12:00:00,9.0,4.4,106.0,1.1,0.9,67.0,29.7,55,0.0,20.4
Hubballi,15.3478,75.1338,2026-06-26 13:00:00,10.0,4.8,107.0,1.3,0.9,65.0,29.7,53,0.0,21.3
Hubballi,15.3478,75.1338,2026-06-26 14:00:00,10.9,5.3,109.0,1.6,0.9,63.0,30.1,53,0.0,23.2
Hubballi,15.3478,75.1338,2026-06-26 15:00:00,11.6,5.6,110.0,1.9,0.9,62.0,29.6,54,0.3,25.2
Hubballi,15.3478,75.1338,2026-06-26 16:00:00,12.8,6.2,112.0,2.4,1.0,62.0,28.7,58,0.0,23.2
Hubballi,15.3478,75.1338,2026-06-26 17:00:00,15.1,6.8,117.0,2.5,1.0,59.0,27.1,66,0.0,22.2
Hubballi,15.3478,75.1338,2026-06-26 18:00:00,14.2,7.2,128.0,3.6,1.1,55.0,25.7,74,0.0,20.0
Hubballi,15.3478,75.1338,2026-06-26 19:00:00,13.7,7.7,142.0,5.1,1.3,50.0,24.5,82,0.0,17.5
Hubballi,15.3478,75.1338,2026-06-26 20:00:00,13.1,7.9,150.0,6.3,1.5,45.0,24.0,85,0.0,14.3
Hubballi,15.3478,75.1338,2026-06-26 21:00:00,12.3,7.5,148.0,7.0,1.6,41.0,23.6,86,0.0,15.0
Hubballi,15.3478,75.1338,2026-06-26 22:00:00,12.2,7.6,140.0,7.3,1.8,38.0,23.2,88,0.0,13.8
Hubballi,15.3478,75.1338,2026-06-26 23:00:00,12.1,7.6,132.0,7.0,1.8,37.0,23.1,88,0.0,12.3
Hubballi,15.3478,75.1338,2026-06-27 00:00:00,11.9,6.9,123.0,5.7,1.7,38.0,22.7,91,0.0,13.3
Hubballi,15.3478,75.1338,2026-06-27 01:00:00,11.1,6.1,114.0,3.9,1.5,41.0,22.4,93,0.0,11.7
Hubballi,15.3478,75.1338,2026-06-27 02:00:00,10.1,5.3,107.0,2.6,1.3,43.0,22.2,94,0.0,11.0
Hubballi,15.3478,75.1338,2026-06-27 03:00:00,8.6,4.6,104.0,2.4,1.3,42.0,21.9,97,0.0,11.8
Hubballi,15.3478,75.1338,2026-06-27 04:00:00,6.9,3.9,104.0,2.8,1.4,40.0,22.1,96,0.0,11.3
Hubballi,15.3478,75.1338,2026-06-27 05:00:00,6.6,3.8,105.0,3.1,1.4,39.0,22.9,94,0.0,12.0
Hubballi,15.3478,75.1338,2026-06-27 06:00:00,6.0,3.5,109.0,3.2,1.3,40.0,23.0,93,0.0,11.1
Hubballi,15.3478,75.1338,2026-06-27 07:00:00,6.2,3.4,114.0,3.3,1.3,42.0,24.2,86,0.0,14.2
Hubballi,15.3478,75.1338,2026-06-27 08:00:00,7.7,3.9,117.0,3.2,1.2,46.0,25.9,77,0.0,14.5
Hubballi,15.3478,75.1338,2026-06-27 09:00:00,8.9,4.5,114.0,2.6,1.1,53.0,27.2,71,0.0,14.1
Hubballi,15.3478,75.1338,2026-06-27 10:00:00,10.0,4.9,109.0,1.8,1.1,61.0,28.4,66,0.1,16.3
Hubballi,15.3478,75.1338,2026-06-27 11:00:00,10.0,4.9,106.0,1.2,1.0,66.0,28.7,64,0.2,18.7
Hubballi,15.3478,75.1338,2026-06-27 12:00:00,10.1,4.9,107.0,1.0,0.9,67.0,30.2,59,0.1,18.6
Hubballi,15.3478,75.1338,2026-06-27 13:00:00,9.6,5.0,109.0,1.0,0.8,65.0,28.3,66,0.6,19.2
Hubballi,15.3478,75.1338,2026-06-27 14:00:00,9.3,4.9,112.0,1.4,0.7,62.0,27.2,71,1.5,18.0
Hubballi,15.3478,75.1338,2026-06-27 15:00:00,8.3,4.5,113.0,2.3,0.7,60.0,26.7,76,0.7,18.4
Hubballi,15.3478,75.1338,2026-06-27 16:00:00,8.3,4.7,115.0,3.5,0.7,57.0,26.2,75,0.4,21.8
Hubballi,15.3478,75.1338,2026-06-27 17:00:00,11.1,6.3,119.0,3.6,0.8,56.0,27.5,64,0.3,20.5
Hubballi,15.3478,75.1338,2026-06-27 18:00:00,10.7,6.6,129.0,4.9,1.0,52.0,26.2,72,0.1,17.3
Hubballi,15.3478,75.1338,2026-06-27 19:00:00,10.2,6.7,141.0,6.6,1.2,46.0,25.0,79,0.0,14.5
Hubballi,15.3478,75.1338,2026-06-27 20:00:00,10.0,6.8,148.0,7.6,1.4,41.0,24.3,85,0.0,14.2
Hubballi,15.3478,75.1338,2026-06-27 21:00:00,10.0,6.7,146.0,7.2,1.4,39.0,23.6,90,0.0,14.5
Hubballi,15.3478,75.1338,2026-06-27 22:00:00,10.1,6.5,138.0,6.2,1.3,40.0,23.1,94,0.0,14.0
Hubballi,15.3478,75.1338,2026-06-27 23:00:00,9.5,5.9,130.0,5.1,1.2,40.0,23.1,90,0.0,17.2
Hubballi,15.3478,75.1338,2026-06-28 00:00:00,7.3,4.5,121.0,4.2,1.1,41.0,22.5,92,0.0,15.2
Hubballi,15.3478,75.1338,2026-06-28 01:00:00,4.9,3.0,112.0,3.3,1.0,42.0,22.3,92,0.0,16.4
Hubballi,15.3478,75.1338,2026-06-28 02:00:00,3.1,2.1,105.0,2.6,0.9,43.0,22.3,92,0.0,14.9
Hubballi,15.3478,75.1338,2026-06-28 03:00:00,2.3,1.7,104.0,2.3,0.9,43.0,22.5,92,0.0,13.9
Hubballi,15.3478,75.1338,2026-06-28 04:00:00,1.5,1.2,105.0,2.3,0.9,42.0,22.5,92,0.0,14.2
Hubballi,15.3478,75.1338,2026-06-28 05:00:00,1.0,0.9,107.0,1.7,0.7,45.0,22.4,98,0.0,11.8
Hubballi,15.3478,75.1338,2026-06-28 06:00:00,1.3,1.2,109.0,1.9,0.8,46.0,22.5,98,0.2,10.7
Hubballi,15.3478,75.1338,2026-06-28 07:00:00,1.8,1.6,112.0,2.1,0.9,48.0,23.0,96,0.1,11.7
Hubballi,15.3478,75.1338,2026-06-28 08:00:00,1.9,1.6,113.0,2.2,0.9,50.0,24.4,86,0.1,11.4
Hubballi,15.3478,75.1338,2026-06-28 09:00:00,1.6,1.3,112.0,1.9,0.8,52.0,26.5,77,0.1,12.8
Hubballi,15.3478,75.1338,2026-06-28 10:00:00,1.5,1.3,111.0,1.5,0.6,54.0,27.5,72,0.1,12.4
Hubballi,15.3478,75.1338,2026-06-28 11:00:00,1.5,1.3,109.0,1.3,0.5,55.0,28.8,65,0.1,9.9
Hubballi,15.3478,75.1338,2026-06-28 12:00:00,1.8,1.6,108.0,1.5,0.5,56.0,25.2,85,2.6,17.2
Hubballi,15.3478,75.1338,2026-06-28 13:00:00,2.1,1.9,107.0,1.8,0.5,57.0,28.1,75,0.6,16.8
Hubballi,15.3478,75.1338,2026-06-28 14:00:00,2.8,2.5,107.0,2.3,0.6,56.0,25.5,82,2.3,18.5
Hubballi,15.3478,75.1338,2026-06-28 15:00:00,2.4,2.0,110.0,2.9,0.7,54.0,24.8,93,2.5,16.0
Hubballi,15.3478,75.1338,2026-06-28 16:00:00,2.5,2.2,115.0,3.7,0.8,50.0,24.0,91,7.3,21.1
Hubballi,15.3478,75.1338,2026-06-28 17:00:00,3.3,2.6,119.0,4.3,0.9,47.0,23.2,96,2.0,21.2
Hubballi,15.3478,75.1338,2026-06-28 18:00:00,3.9,3.0,123.0,4.7,1.1,45.0,23.3,95,0.4,20.1
Hubballi,15.3478,75.1338,2026-06-28 19:00:00,4.3,3.3,127.0,5.0,1.3,43.0,23.0,96,0.1,17.4
Hubballi,15.3478,75.1338,2026-06-28 20:00:00,3.5,2.9,130.0,5.1,1.4,42.0,22.9,96,0.0,16.8
Hubballi,15.3478,75.1338,2026-06-28 21:00:00,2.8,2.5,132.0,5.0,1.5,42.0,22.8,95,0.0,14.8
Hubballi,15.3478,75.1338,2026-06-28 22:00:00,2.8,2.5,132.0,4.8,1.5,42.0,22.8,94,0.0,15.9
Hubballi,15.3478,75.1338,2026-06-28 23:00:00,2.6,2.2,130.0,4.5,1.5,42.0,22.7,90,0.0,14.5
Hubballi,15.3478,75.1338,2026-06-29 00:00:00,2.2,1.9,123.0,4.2,1.5,42.0,22.8,90,0.0,13.5
Hubballi,15.3478,75.1338,2026-06-29 01:00:00,2.3,2.0,115.0,3.9,1.4,42.0,22.5,93,0.0,13.2
Hubballi,15.3478,75.1338,2026-06-29 02:00:00,2.0,1.7,109.0,3.6,1.3,42.0,22.6,92,0.0,14.7
Hubballi,15.3478,75.1338,2026-06-29 03:00:00,2.0,1.6,110.0,3.3,1.2,42.0,22.6,92,0.0,14.1
Hubballi,15.3478,75.1338,2026-06-29 04:00:00,2.0,1.7,114.0,3.0,1.2,43.0,22.3,95,0.0,13.4
Hubballi,15.3478,75.1338,2026-06-29 05:00:00,1.3,1.2,117.0,2.3,1.1,47.0,22.6,93,0.0,13.3
Hubballi,15.3478,75.1338,2026-06-29 06:00:00,1.3,1.2,119.0,3.1,1.1,47.0,22.5,94,0.0,12.5
Hubballi,15.3478,75.1338,2026-06-29 07:00:00,1.4,1.4,120.0,4.1,1.1,46.0,23.3,89,0.0,15.7
Hubballi,15.3478,75.1338,2026-06-29 08:00:00,1.5,1.5,119.0,4.5,1.1,47.0,24.6,82,0.1,18.2
Hubballi,15.3478,75.1338,2026-06-29 09:00:00,1.5,1.4,115.0,3.7,1.0,51.0,25.6,77,0.1,18.4
Hubballi,15.3478,75.1338,2026-06-29 10:00:00,1.5,1.2,110.0,2.3,0.8,55.0,26.0,76,0.3,20.1
Hubballi,15.3478,75.1338,2026-06-29 11:00:00,1.8,1.3,106.0,1.3,0.7,59.0,25.4,79,0.1,20.3
Hubballi,15.3478,75.1338,2026-06-29 12:00:00,2.2,1.6,105.0,1.0,0.7,60.0,26.4,76,0.8,19.8
Hubballi,15.3478,75.1338,2026-06-29 13:00:00,2.1,1.6,106.0,1.1,0.7,61.0,27.5,70,0.2,19.3
Hubballi,15.3478,75.1338,2026-06-29 14:00:00,2.1,1.5,108.0,1.4,0.7,60.0,24.6,88,14.2,22.2
Hubballi,15.3478,75.1338,2026-06-29 15:00:00,2.4,1.7,110.0,1.8,0.7,59.0,23.9,97,4.0,18.1
Hubballi,15.3478,75.1338,2026-06-29 16:00:00,2.8,2.0,113.0,2.5,0.8,56.0,23.9,88,2.5,20.5
Hubballi,15.3478,75.1338,2026-06-29 17:00:00,5.9,3.6,116.0,3.5,0.9,55.0,25.2,78,0.4,21.8
Hubballi,15.3478,75.1338,2026-06-29 18:00:00,5.5,3.7,121.0,4.1,0.9,52.0,24.2,83,0.0,20.9
Hubballi,15.3478,75.1338,2026-06-29 19:00:00,4.3,3.2,127.0,4.8,0.9,49.0,23.2,88,0.1,19.5
Hubballi,15.3478,75.1338,2026-06-29 20:00:00,2.4,2.1,131.0,5.3,0.9,46.0,22.7,92,0.1,20.3
Hubballi,15.3478,75.1338,2026-06-29 21:00:00,1.8,1.6,131.0,5.3,0.9,45.0,22.3,94,0.1,19.6
Hubballi,15.3478,75.1338,2026-06-29 22:00:00,1.8,1.7,128.0,4.9,1.0,44.0,22.4,94,0.0,19.4
Hubballi,15.3478,75.1338,2026-06-29 23:00:00,1.8,1.6,124.0,4.5,1.0,44.0,22.0,97,0.1,20.1
Hubballi,15.3478,75.1338,2026-06-30 00:00:00,1.4,1.2,117.0,4.0,1.0,44.0,22.0,97,0.5,17.8
Hubballi,15.3478,75.1338,2026-06-30 01:00:00,1.2,1.1,109.0,3.3,0.9,44.0,21.8,98,0.5,17.7
Hubballi,15.3478,75.1338,2026-06-30 02:00:00,1.1,1.0,103.0,2.8,0.8,44.0,21.8,97,0.2,19.5
Hubballi,15.3478,75.1338,2026-06-30 03:00:00,0.8,0.7,99.0,2.4,0.8,44.0,21.6,98,0.4,19.8
Hubballi,15.3478,75.1338,2026-06-30 04:00:00,0.6,0.6,97.0,2.1,0.7,45.0,21.7,97,0.1,21.3
Hubballi,15.3478,75.1338,2026-06-30 05:00:00,0.7,0.7,98.0,1.8,0.7,47.0,21.8,96,0.0,16.3
Hubballi,15.3478,75.1338,2026-06-30 06:00:00,0.9,0.9,103.0,2.4,0.8,47.0,22.1,95,0.1,17.5
Hubballi,15.3478,75.1338,2026-06-30 07:00:00,1.2,1.0,111.0,3.2,0.8,47.0,23.1,90,0.1,19.6
Hubballi,15.3478,75.1338,2026-06-30 08:00:00,1.7,1.4,115.0,3.6,0.9,48.0,24.4,82,0.1,23.0
Hubballi,15.3478,75.1338,2026-06-30 09:00:00,2.5,1.7,113.0,3.1,0.9,51.0,25.5,76,0.0,22.9
Hubballi,15.3478,75.1338,2026-06-30 10:00:00,3.2,1.9,109.0,2.2,0.8,55.0,26.8,70,0.1,24.0
Hubballi,15.3478,75.1338,2026-06-30 11:00:00,2.8,1.7,105.0,1.6,0.8,58.0,25.6,75,0.0,25.1
Hubballi,15.3478,75.1338,2026-06-30 12:00:00,2.2,1.5,104.0,1.4,0.8,58.0,26.4,72,0.1,25.5
Hubballi,15.3478,75.1338,2026-06-30 13:00:00,2.1,1.6,103.0,1.5,0.7,58.0,26.1,74,0.2,26.1
Hubballi,15.3478,75.1338,2026-06-30 14:00:00,1.6,1.3,105.0,1.8,0.7,56.0,26.2,73,0.3,25.6
Hubballi,15.3478,75.1338,2026-06-30 15:00:00,1.4,1.1,109.0,2.3,0.6,54.0,27.0,69,0.0,26.4
Hubballi,15.3478,75.1338,2026-06-30 16:00:00,1.7,1.2,115.0,2.9,0.6,51.0,24.9,81,0.1,24.3
Hubballi,15.3478,75.1338,2026-06-30 17:00:00,3.2,2.1,121.0,3.4,0.6,50.0,24.7,82,0.1,23.5
Hubballi,15.3478,75.1338,2026-06-30 18:00:00,2.9,2.3,126.0,4.4,0.7,47.0,23.7,87,0.1,21.8
Hubballi,15.3478,75.1338,2026-06-30 19:00:00,2.7,2.3,131.0,5.7,0.8,43.0,22.8,94,0.2,19.8
Hubballi,15.3478,75.1338,2026-06-30 20:00:00,2.2,2.0,133.0,6.4,0.9,40.0,22.5,96,0.1,16.7
Hubballi,15.3478,75.1338,2026-06-30 21:00:00,1.9,1.8,131.0,6.1,0.9,40.0,22.4,96,0.1,18.5
Hubballi,15.3478,75.1338,2026-06-30 22:00:00,1.7,1.6,125.0,5.2,0.9,41.0,22.4,96,0.1,15.1
Hubballi,15.3478,75.1338,2026-06-30 23:00:00,1.3,1.3,119.0,4.4,0.9,42.0,22.3,96,0.3,18.1
Hubballi,15.3478,75.1338,2026-07-01 00:00:00,1.0,1.0,111.0,3.7,0.8,43.0,22.0,96,0.0,17.8
Hubballi,15.3478,75.1338,2026-07-01 01:00:00,0.9,0.9,101.0,3.0,0.8,43.0,21.8,98,0.1,17.1
Hubballi,15.3478,75.1338,2026-07-01 02:00:00,0.9,0.8,94.0,2.5,0.7,44.0,21.9,98,0.1,16.2
Hubballi,15.3478,75.1338,2026-07-01 03:00:00,0.8,0.8,91.0,2.1,0.7,45.0,21.9,97,0.1,15.6
Hubballi,15.3478,75.1338,2026-07-01 04:00:00,0.9,0.8,91.0,1.9,0.7,45.0,21.8,97,0.1,18.7
Hubballi,15.3478,75.1338,2026-07-01 05:00:00,1.1,1.0,94.0,2.0,0.7,46.0,22.0,97,0.1,16.5
Hubballi,15.3478,75.1338,2026-07-01 06:00:00,1.4,1.2,104.0,3.2,0.8,44.0,22.0,98,0.1,15.6
Hubballi,15.3478,75.1338,2026-07-01 07:00:00,1.5,1.4,119.0,4.7,0.9,43.0,22.1,98,0.1,17.1
Hubballi,15.3478,75.1338,2026-07-01 08:00:00,1.9,1.7,127.0,5.6,1.0,42.0,23.4,90,0.1,19.7
Hubballi,15.3478,75.1338,2026-07-01 09:00:00,2.3,1.8,124.0,4.9,1.0,45.0,25.0,80,0.1,21.6
Hubballi,15.3478,75.1338,2026-07-01 10:00:00,2.2,1.7,115.0,3.6,0.9,49.0,25.6,77,0.1,22.8
Hubballi,15.3478,75.1338,2026-07-01 11:00:00,3.1,1.9,109.0,2.9,0.8,51.0,23.9,86,0.3,23.9
Hubballi,15.3478,75.1338,2026-07-01 12:00:00,3.9,2.4,107.0,3.6,0.8,49.0,24.5,84,0.6,24.5
Hubballi,15.3478,75.1338,2026-07-01 13:00:00,3.9,2.6,108.0,5.0,0.8,46.0,22.8,94,1.0,22.6
Hubballi,15.3478,75.1338,2026-07-01 14:00:00,3.4,2.7,110.0,6.1,0.8,43.0,22.5,96,0.9,21.4
Hubballi,15.3478,75.1338,2026-07-01 15:00:00,2.7,2.0,115.0,6.7,0.8,42.0,22.6,96,1.3,22.4
Hubballi,15.3478,75.1338,2026-07-01 16:00:00,3.0,1.9,122.0,7.0,0.8,42.0,22.7,97,1.3,20.2
Hubballi,15.3478,75.1338,2026-07-01 17:00:00,3.1,2.2,128.0,5.3,0.8,47.0,23.1,93,1.0,24.1
Hubballi,15.3478,75.1338,2026-07-01 18:00:00,4.2,2.8,132.0,5.9,0.9,45.0,22.4,96,0.5,23.1
Hubballi,15.3478,75.1338,2026-07-01 19:00:00,4.0,2.9,135.0,6.8,1.1,42.0,22.0,97,0.6,23.6
Hubballi,15.3478,75.1338,2026-07-01 20:00:00,3.3,2.6,135.0,7.2,1.2,40.0,21.8,98,0.6,19.4
Hubballi,15.3478,75.1338,2026-07-01 21:00:00,3.3,2.4,131.0,6.8,1.2,40.0,21.9,98,2.6,17.3
Hubballi,15.3478,75.1338,2026-07-01 22:00:00,2.6,2.1,123.0,5.9,1.2,41.0,21.8,98,1.9,19.5
Hubballi,15.3478,75.1338,2026-07-01 23:00:00,1.9,1.7,116.0,5.0,1.1,42.0,22.3,97,1.5,20.4
Hubballi,15.3478,75.1338,2026-07-02 00:00:00,1.2,1.1,109.0,4.3,1.0,42.0,21.7,98,2.0,18.0
Hubballi,15.3478,75.1338,2026-07-02 01:00:00,1.1,1.0,103.0,3.6,0.9,43.0,21.6,98,1.9,18.2
Hubballi,15.3478,75.1338,2026-07-02 02:00:00,1.0,0.9,98.0,3.1,0.9,43.0,21.8,98,1.3,18.7
Hubballi,15.3478,75.1338,2026-07-02 03:00:00,0.9,0.9,95.0,2.7,0.9,43.0,22.0,97,0.1,20.4
Hubballi,15.3478,75.1338,2026-07-02 04:00:00,0.8,0.8,93.0,2.4,1.0,44.0,21.9,98,0.0,21.7
Hubballi,15.3478,75.1338,2026-07-02 05:00:00,1.5,0.9,94.0,2.3,0.8,44.0,22.4,98,0.2,19.7
Hubballi,15.3478,75.1338,2026-07-02 06:00:00,1.3,0.9,100.0,3.3,0.8,44.0,21.9,98,0.1,19.2
Hubballi,15.3478,75.1338,2026-07-02 07:00:00,1.5,1.3,109.0,4.6,0.9,43.0,21.8,97,0.1,16.2
Hubballi,15.3478,75.1338,2026-07-02 08:00:00,1.5,1.4,114.0,5.2,0.9,44.0,22.4,93,0.1,18.0
Hubballi,15.3478,75.1338,2026-07-02 09:00:00,1.7,1.5,112.0,4.5,0.9,47.0,23.7,86,0.2,20.9
Hubballi,15.3478,75.1338,2026-07-02 10:00:00,1.8,1.4,106.0,3.2,0.8,51.0,24.6,82,0.2,23.0
Hubballi,15.3478,75.1338,2026-07-02 11:00:00,1.9,1.3,102.0,2.2,0.8,54.0,24.5,88,0.2,27.1
Hubballi,15.3478,75.1338,2026-07-02 12:00:00,1.9,1.3,103.0,2.0,0.8,55.0,23.9,91,2.4,23.1
Hubballi,15.3478,75.1338,2026-07-02 13:00:00,2.0,1.3,106.0,2.1,0.8,55.0,23.1,92,2.4,23.4
Hubballi,15.3478,75.1338,2026-07-02 14:00:00,2.1,1.5,110.0,2.7,0.8,54.0,23.8,95,3.9,20.9
Hubballi,15.3478,75.1338,2026-07-02 15:00:00,2.1,1.6,116.0,4.0,0.8,51.0,23.7,92,2.8,20.8
Hubballi,15.3478,75.1338,2026-07-02 16:00:00,1.9,1.6,123.0,5.7,0.8,47.0,23.0,96,2.7,26.3
Hubballi,15.3478,75.1338,2026-07-02 17:00:00,3.9,2.4,129.0,4.9,0.8,50.0,23.4,95,0.7,21.4
Hubballi,15.3478,75.1338,2026-07-02 18:00:00,4.9,3.2,135.0,5.5,0.9,48.0,22.7,96,0.3,22.7
Hubballi,15.3478,75.1338,2026-07-02 19:00:00,4.5,3.1,141.0,6.4,1.1,45.0,22.4,96,0.1,20.8
Hubballi,15.3478,75.1338,2026-07-02 20:00:00,3.9,2.9,142.0,6.9,1.2,43.0,22.4,95,0.0,18.0
Hubballi,15.3478,75.1338,2026-07-02 21:00:00,3.4,2.6,136.0,6.8,1.3,42.0,22.4,96,0.1,16.6
Hubballi,15.3478,75.1338,2026-07-02 22:00:00,3.3,2.5,126.0,6.4,1.3,41.0,22.2,98,0.2,15.2
Hubballi,15.3478,75.1338,2026-07-02 23:00:00,3.2,2.3,117.0,5.8,1.3,41.0,22.3,98,0.1,17.4
Hubballi,15.3478,75.1338,2026-07-03 00:00:00,3.3,2.1,111.0,4.9,1.2,42.0,22.2,97,0.1,19.8
Hubballi,15.3478,75.1338,2026-07-03 01:00:00,3.6,2.2,107.0,3.7,1.1,43.0,22.1,97,0.1,19.6
Hubballi,15.3478,75.1338,2026-07-03 02:00:00,4.0,2.4,103.0,2.8,1.0,44.0,22.2,96,0.1,19.8
Hubballi,15.3478,75.1338,2026-07-03 03:00:00,4.0,2.4,100.0,2.3,1.0,44.0,21.9,96,0.0,17.7
Hubballi,15.3478,75.1338,2026-07-03 04:00:00,3.9,2.3,97.0,2.0,1.0,44.0,21.8,96,0.0,17.5
Hubballi,15.3478,75.1338,2026-07-03 05:00:00,4.6,2.4,97.0,2.2,1.0,44.0,22.2,98,0.0,18.0
Hubballi,15.3478,75.1338,2026-07-03 06:00:00,5.6,3.1,100.0,3.1,1.1,43.0,22.2,96,0.1,16.8
Hubballi,15.3478,75.1338,2026-07-03 07:00:00,5.0,3.2,106.0,4.4,1.2,42.0,22.4,96,0.2,18.4
Hubballi,15.3478,75.1338,2026-07-03 08:00:00,3.9,2.7,109.0,4.9,1.2,43.0,23.8,88,0.2,21.5
Hubballi,15.3478,75.1338,2026-07-03 09:00:00,4.5,2.9,107.0,4.1,1.1,48.0,25.4,79,0.1,22.7
Hubballi,15.3478,75.1338,2026-07-03 10:00:00,3.8,2.5,103.0,2.5,1.0,55.0,26.7,73,0.2,29.1
Hubballi,15.3478,75.1338,2026-07-03 11:00:00,5.0,2.8,101.0,1.5,0.9,60.0,26.8,71,0.2,29.3
Hubballi,15.3478,75.1338,2026-07-03 12:00:00,7.2,3.3,105.0,1.5,0.9,60.0,26.7,70,0.8,29.7
Hubballi,15.3478,75.1338,2026-07-03 13:00:00,5.7,3.0,111.0,2.0,0.9,58.0,27.9,62,0.2,30.8
Hubballi,15.3478,75.1338,2026-07-03 14:00:00,5.7,3.4,116.0,2.6,0.9,56.0,26.9,70,0.4,28.0
Hubballi,15.3478,75.1338,2026-07-03 15:00:00,6.9,4.1,116.0,3.4,0.9,54.0,26.5,72,0.3,29.7
Hubballi,15.3478,75.1338,2026-07-03 16:00:00,6.1,3.6,113.0,4.4,0.9,51.0,24.7,82,0.4,25.4
Hubballi,15.3478,75.1338,2026-07-03 17:00:00,8.1,4.3,113.0,4.4,0.9,49.0,24.2,84,0.0,26.3
Hubballi,15.3478,75.1338,2026-07-03 18:00:00,6.7,4.0,118.0,4.8,1.0,48.0,22.8,93,0.3,19.4
Hubballi,15.3478,75.1338,2026-07-03 19:00:00,5.9,3.9,126.0,5.2,1.1,46.0,22.5,94,0.1,20.5
Hubballi,15.3478,75.1338,2026-07-03 20:00:00,5.0,3.5,130.0,5.5,1.2,44.0,22.6,92,0.0,20.4
Hubballi,15.3478,75.1338,2026-07-03 21:00:00,3.8,2.8,126.0,5.4,1.3,43.0,22.3,94,0.1,20.0
Hubballi,15.3478,75.1338,2026-07-03 22:00:00,3.1,2.5,119.0,5.2,1.3,42.0,22.2,93,0.0,19.9
Hubballi,15.3478,75.1338,2026-07-03 23:00:00,2.4,1.9,112.0,4.8,1.3,42.0,22.4,91,0.0,21.7
Hubballi,15.3478,75.1338,2026-07-04 00:00:00,2.2,1.7,107.0,4.2,1.3,42.0,22.5,90,0.0,21.3
Hubballi,15.3478,75.1338,2026-07-04 01:00:00,2.2,1.7,103.0,3.6,1.2,42.0,22.4,90,0.0,22.4
Hubballi,15.3478,75.1338,2026-07-04 02:00:00,1.6,1.2,100.0,3.0,1.1,42.0,22.2,90,0.0,22.2
Hubballi,15.3478,75.1338,2026-07-04 03:00:00,1.5,1.1,96.0,2.5,1.0,43.0,21.9,91,0.0,20.8
Hubballi,15.3478,75.1338,2026-07-04 04:00:00,1.4,1.0,94.0,2.1,0.9,44.0,21.7,92,0.3,22.1
Hubballi,15.3478,75.1338,2026-07-04 05:00:00,2.9,1.5,93.0,2.1,0.9,46.0,21.7,96,0.2,22.2
Hubballi,15.3478,75.1338,2026-07-04 06:00:00,1.7,1.1,97.0,3.2,0.9,46.0,21.7,96,0.0,23.8
Hubballi,15.3478,75.1338,2026-07-04 07:00:00,2.0,1.4,103.0,4.6,1.0,45.0,22.1,93,0.1,23.3
Hubballi,15.3478,75.1338,2026-07-04 08:00:00,2.8,2.0,108.0,5.5,1.0,45.0,22.8,88,0.1,25.7
Hubballi,15.3478,75.1338,2026-07-04 09:00:00,3.3,2.3,113.0,5.3,1.0,46.0,22.6,90,0.3,20.5
Hubballi,15.3478,75.1338,2026-07-04 10:00:00,2.7,2.0,117.0,4.5,0.9,47.0,23.3,88,0.8,23.8
Hubballi,15.3478,75.1338,2026-07-04 11:00:00,3.3,2.3,118.0,3.9,0.9,49.0,22.7,94,0.5,23.1
Hubballi,15.3478,75.1338,2026-07-04 12:00:00,4.3,2.7,114.0,3.6,0.9,51.0,23.3,92,0.6,24.2
Hubballi,15.3478,75.1338,2026-07-04 13:00:00,4.8,3.2,108.0,3.5,0.9,53.0,22.8,90,1.1,26.1
Hubballi,15.3478,75.1338,2026-07-04 14:00:00,3.2,2.2,104.0,3.6,0.9,53.0,23.6,87,0.3,30.2
Hubballi,15.3478,75.1338,2026-07-04 15:00:00,2.8,2.1,107.0,4.0,0.8,51.0,23.8,89,0.5,27.3
Hubballi,15.3478,75.1338,2026-07-04 16:00:00,2.3,1.8,112.0,4.6,0.8,48.0,23.4,89,0.2,29.4
Hubballi,15.3478,75.1338,2026-07-04 17:00:00,6.4,4.0,116.0,4.5,0.8,49.0,22.9,95,0.4,29.2
Hubballi,15.3478,75.1338,2026-07-04 18:00:00,3.5,2.5,117.0,4.5,0.8,48.0,22.5,95,0.3,26.7
Hubballi,15.3478,75.1338,2026-07-04 19:00:00,1.7,1.4,117.0,4.5,0.8,45.0,21.6,96,0.2,27.4
Hubballi,15.3478,75.1338,2026-07-04 20:00:00,1.4,1.2,115.0,4.4,0.8,44.0,21.6,97,0.2,28.5
Hubballi,15.3478,75.1338,2026-07-04 21:00:00,1.3,1.1,111.0,4.0,0.8,44.0,21.5,96,0.2,25.4
Hubballi,15.3478,75.1338,2026-07-04 22:00:00,1.6,1.2,104.0,3.5,0.7,44.0,21.7,97,0.5,26.7
Hubballi,15.3478,75.1338,2026-07-04 23:00:00,3.9,2.4,99.0,3.0,0.7,44.0,21.8,96,0.5,29.4
Hubballi,15.3478,75.1338,2026-07-05 00:00:00,4.1,2.4,95.0,2.4,0.6,45.0,22.1,96,0.3,28.5
Hubballi,15.3478,75.1338,2026-07-05 01:00:00,2.2,1.4,92.0,1.8,0.6,46.0,22.2,97,0.5,26.7
Hubballi,15.3478,75.1338,2026-07-05 02:00:00,3.7,2.1,89.0,1.4,0.5,47.0,22.0,97,0.4,27.8
Hubballi,15.3478,75.1338,2026-07-05 03:00:00,2.3,1.3,87.0,1.2,0.5,47.0,22.3,98,0.8,26.4
Hubballi,15.3478,75.1338,2026-07-05 04:00:00,2.3,1.3,86.0,1.2,0.5,46.0,22.0,97,0.7,26.4
Hubballi,15.3478,75.1338,2026-07-05 05:00:00,1.3,1.0,87.0,1.1,0.5,48.0,21.3,98,1.0,25.0
Hubballi,15.3478,75.1338,2026-07-05 06:00:00,2.7,1.6,92.0,1.5,0.6,47.0,22.0,98,0.2,27.0
Hubballi,15.3478,75.1338,2026-07-05 07:00:00,3.6,2.2,99.0,2.0,0.7,45.0,22.0,96,0.3,24.6
Hubballi,15.3478,75.1338,2026-07-05 08:00:00,4.5,2.6,103.0,2.2,0.8,45.0,22.6,95,0.4,27.2
Hubballi,15.3478,75.1338,2026-07-05 09:00:00,6.2,3.6,102.0,1.9,0.8,47.0,22.7,94,0.7,29.2
Hubballi,15.3478,75.1338,2026-07-05 10:00:00,6.9,3.4,100.0,1.2,0.7,50.0,23.2,89,0.6,26.1
Hubballi,15.3478,75.1338,2026-07-05 11:00:00,13.9,6.1,97.0,0.8,0.7,53.0,23.1,94,0.9,27.2
Hubballi,15.3478,75.1338,2026-07-05 12:00:00,11.6,6.2,96.0,0.8,0.7,55.0,23.9,85,0.6,36.6
Hubballi,15.3478,75.1338,2026-07-05 13:00:00,13.1,7.0,95.0,0.9,0.7,57.0,23.9,88,0.8,35.3
Hubballi,15.3478,75.1338,2026-07-05 14:00:00,13.7,7.4,95.0,1.2,0.7,57.0,23.7,90,0.9,31.9
Hubballi,15.3478,75.1338,2026-07-05 15:00:00,7.3,4.1,98.0,1.7,0.7,55.0,24.3,87,0.6,32.6
Hubballi,15.3478,75.1338,2026-07-05 16:00:00,4.3,2.7,102.0,2.4,0.7,52.0,22.9,89,0.7,29.0
Hubballi,15.3478,75.1338,2026-07-05 17:00:00,13.0,6.3,105.0,2.8,0.7,48.0,22.9,93,0.5,33.2
Hubballi,15.3478,75.1338,2026-07-05 18:00:00,9.6,5.1,106.0,2.9,0.8,48.0,22.4,94,0.3,28.9
Hubballi,15.3478,75.1338,2026-07-05 19:00:00,8.6,4.8,106.0,3.1,0.8,48.0,22.0,96,0.2,27.6
Hubballi,15.3478,75.1338,2026-07-05 20:00:00,6.2,3.7,105.0,3.1,0.9,48.0,22.1,96,0.3,26.2
Hubballi,15.3478,75.1338,2026-07-05 21:00:00,7.3,4.0,105.0,2.9,0.9,49.0,21.8,96,0.2,27.6
Hubballi,15.3478,75.1338,2026-07-05 22:00:00,5.5,3.3,104.0,2.5,0.9,49.0,21.7,97,0.3,26.3
Hubballi,15.3478,75.1338,2026-07-05 23:00:00,4.4,2.5,102.0,2.2,0.8,50.0,22.0,97,0.3,28.3
Hubballi,15.3478,75.1338,2026-07-06 00:00:00,2.7,1.5,99.0,1.9,0.7,51.0,22.0,98,0.2,26.7
Hubballi,15.3478,75.1338,2026-07-06 01:00:00,1.8,1.1,94.0,1.6,0.6,52.0,22.0,97,0.3,24.1
Hubballi,15.3478,75.1338,2026-07-06 02:00:00,2.3,1.3,91.0,1.4,0.6,52.0,22.0,95,0.4,28.2
Hubballi,15.3478,75.1338,2026-07-06 03:00:00,2.6,1.5,88.0,1.2,0.6,52.0,21.6,97,0.2,27.2
Hubballi,15.3478,75.1338,2026-07-06 04:00:00,1.8,1.1,87.0,1.2,0.6,51.0,21.2,98,0.3,23.0
Hubballi,15.3478,75.1338,2026-07-06 05:00:00,5.3,2.5,89.0,1.3,0.7,53.0,21.9,97,0.1,27.2
Hubballi,15.3478,75.1338,2026-07-06 06:00:00,3.7,2.1,98.0,2.1,0.8,52.0,22.0,97,0.2,23.7
Hubballi,15.3478,75.1338,2026-07-06 07:00:00,3.2,2.0,112.0,3.3,0.8,50.0,22.1,97,0.5,20.6
Hubballi,15.3478,75.1338,2026-07-06 08:00:00,3.0,2.1,120.0,3.9,0.9,50.0,21.9,96,1.5,18.9
Hubballi,15.3478,75.1338,2026-07-06 09:00:00,4.8,3.1,119.0,3.6,0.9,53.0,23.8,89,0.2,27.3
Hubballi,15.3478,75.1338,2026-07-06 10:00:00,3.7,2.2,113.0,2.8,0.8,58.0,24.7,84,1.0,28.3
Hubballi,15.3478,75.1338,2026-07-06 11:00:00,4.2,2.9,108.0,2.2,0.8,62.0,24.8,84,1.8,29.3
Hubballi,15.3478,75.1338,2026-07-06 12:00:00,4.1,2.4,107.0,1.8,0.8,63.0,25.2,81,2.0,31.3
Hubballi,15.3478,75.1338,2026-07-06 13:00:00,3.8,1.9,107.0,1.6,0.8,62.0,24.7,87,1.8,31.2
Hubballi,15.3478,75.1338,2026-07-06 14:00:00,5.7,3.3,107.0,1.7,0.8,61.0,23.8,90,1.7,29.1
Hubballi,15.3478,75.1338,2026-07-06 15:00:00,4.8,2.9,108.0,2.4,0.8,59.0,25.2,84,0.5,31.8
Hubballi,15.3478,75.1338,2026-07-06 16:00:00,4.9,2.9,110.0,3.5,0.7,56.0,23.1,96,2.8,28.7
Hubballi,15.3478,75.1338,2026-07-06 17:00:00,12.0,6.3,111.0,3.4,0.9,51.0,23.7,91,0.7,29.4
Hubballi,15.3478,75.1338,2026-07-06 18:00:00,9.1,5.0,112.0,3.5,0.9,50.0,22.7,96,0.8,25.8
Hubballi,15.3478,75.1338,2026-07-06 19:00:00,7.8,4.4,113.0,3.6,0.8,49.0,22.5,97,0.8,26.8
Hubballi,15.3478,75.1338,2026-07-06 20:00:00,8.6,4.5,113.0,3.6,0.8,48.0,22.6,96,0.2,26.2
Hubballi,15.3478,75.1338,2026-07-06 21:00:00,4.6,2.6,113.0,3.4,0.8,48.0,22.5,96,0.3,26.1
Hubballi,15.3478,75.1338,2026-07-06 22:00:00,7.3,3.9,112.0,3.1,0.9,48.0,22.5,96,0.4,26.0
Hubballi,15.3478,75.1338,2026-07-06 23:00:00,11.9,6.2,110.0,2.7,0.9,48.0,22.4,96,0.7,25.1
Hubballi,15.3478,75.1338,2026-07-07 00:00:00,9.3,5.0,104.0,2.2,0.8,49.0,22.0,98,0.4,23.1
Hubballi,15.3478,75.1338,2026-07-07 01:00:00,5.5,3.1,97.0,1.8,0.8,50.0,21.9,98,0.4,25.3
Hubballi,15.3478,75.1338,2026-07-07 02:00:00,2.4,1.4,92.0,1.4,0.7,51.0,21.9,98,0.3,22.4
Hubballi,15.3478,75.1338,2026-07-07 03:00:00,1.2,0.8,90.0,1.2,0.7,52.0,22.1,96,0.3,21.8
Hubballi,15.3478,75.1338,2026-07-07 04:00:00,1.1,0.7,89.0,1.2,0.7,52.0,21.8,97,0.2,22.3
Hubballi,15.3478,75.1338,2026-07-07 05:00:00,6.6,3.6,92.0,1.4,0.7,51.0,22.1,97,0.3,25.5
Hubballi,15.3478,75.1338,2026-07-07 06:00:00,2.9,1.8,102.0,2.1,0.7,50.0,21.6,98,0.9,26.2
Hubballi,15.3478,75.1338,2026-07-07 07:00:00,1.8,1.3,115.0,3.0,0.8,49.0,22.0,98,0.5,22.2
Hubballi,15.3478,75.1338,2026-07-07 08:00:00,2.1,1.5,122.0,3.5,0.8,48.0,22.4,97,0.5,21.9
Hubballi,15.3478,75.1338,2026-07-07 09:00:00,9.4,4.9,118.0,3.4,0.8,49.0,23.7,91,0.3,23.9
Hubballi,15.3478,75.1338,2026-07-07 10:00:00,5.4,2.9,109.0,2.9,0.8,50.0,24.7,85,0.3,31.2
Hubballi,15.3478,75.1338,2026-07-07 11:00:00,5.7,2.6,103.0,2.5,0.8,51.0,26.0,77,0.4,30.9
Hubballi,15.3478,75.1338,2026-07-07 12:00:00,5.3,2.7,103.0,2.3,0.8,52.0,25.2,87,1.4,29.9
Hubballi,15.3478,75.1338,2026-07-07 13:00:00,6.0,3.3,105.0,2.1,0.8,52.0,24.9,87,0.7,31.4
Hubballi,15.3478,75.1338,2026-07-07 14:00:00,7.9,3.8,108.0,2.2,0.8,52.0,24.2,88,1.1,29.6
Hubballi,15.3478,75.1338,2026-07-07 15:00:00,8.8,4.6,110.0,2.9,0.8,51.0,24.9,82,1.2,33.0
Hubballi,15.3478,75.1338,2026-07-07 16:00:00,10.5,5.3,112.0,3.8,0.9,50.0,24.1,85,0.4,27.9
Hubballi,15.3478,75.1338,2026-07-07 17:00:00,17.5,8.1,114.0,4.1,0.8,47.0,23.6,90,0.6,27.5
Hubballi,15.3478,75.1338,2026-07-07 18:00:00,14.8,7.8,115.0,4.1,0.8,46.0,23.1,93,0.2,25.7
Hubballi,15.3478,75.1338,2026-07-07 19:00:00,15.7,8.3,115.0,4.1,0.9,44.0,22.7,96,0.2,30.0
Hubballi,15.3478,75.1338,2026-07-07 20:00:00,10.2,5.9,114.0,4.0,0.9,43.0,22.1,96,0.3,25.5
Hubballi,15.3478,75.1338,2026-07-07 21:00:00,6.5,4.1,111.0,3.7,0.9,42.0,22.0,97,0.2,26.7
Hubballi,15.3478,75.1338,2026-07-07 22:00:00,4.0,2.6,108.0,3.2,0.8,42.0,21.8,97,0.3,23.7
Hubballi,15.3478,75.1338,2026-07-07 23:00:00,3.5,2.2,104.0,2.8,0.8,42.0,22.0,97,0.1,24.2
Hubballi,15.3478,75.1338,2026-07-08 00:00:00,2.7,1.6,100.0,2.3,0.8,42.0,22.0,97,0.2,24.5
Hubballi,15.3478,75.1338,2026-07-08 01:00:00,3.6,2.0,95.0,1.8,0.7,42.0,22.2,97,0.1,26.2
Hubballi,15.3478,75.1338,2026-07-08 02:00:00,2.9,1.7,92.0,1.5,0.7,42.0,22.0,97,0.2,28.4
Hubballi,15.3478,75.1338,2026-07-08 03:00:00,1.9,1.2,89.0,1.4,0.7,41.0,21.8,96,0.0,27.5
Hubballi,15.3478,75.1338,2026-07-08 04:00:00,1.0,0.7,87.0,1.4,0.7,41.0,21.9,97,0.1,23.0
Hubballi,15.3478,75.1338,2026-07-08 05:00:00,4.9,2.9,88.0,1.6,0.7,39.0,21.7,97,0.2,23.0
Hubballi,15.3478,75.1338,2026-07-08 06:00:00,5.9,3.4,96.0,2.1,0.8,39.0,21.6,98,0.1,21.3
Hubballi,15.3478,75.1338,2026-07-08 07:00:00,6.2,3.5,108.0,2.8,0.8,40.0,22.2,96,0.2,18.4
Hubballi,15.3478,75.1338,2026-07-08 08:00:00,4.2,2.7,115.0,3.1,0.9,41.0,23.9,90,0.3,25.1
Hubballi,15.3478,75.1338,2026-07-08 09:00:00,3.0,2.0,113.0,2.7,0.9,43.0,25.3,82,0.3,28.8
Hubballi,15.3478,75.1338,2026-07-08 10:00:00,2.3,1.6,107.0,1.9,0.9,47.0,25.5,84,0.5,27.5
Hubballi,15.3478,75.1338,2026-07-08 11:00:00,2.6,1.5,103.0,1.3,0.9,49.0,24.2,91,1.1,24.9
Hubballi,15.3478,75.1338,2026-07-08 12:00:00,5.1,2.8,103.0,1.1,0.9,50.0,26.8,73,0.4,31.2
Hubballi,15.3478,75.1338,2026-07-08 13:00:00,9.9,5.4,105.0,1.2,0.9,51.0,27.5,70,0.3,32.0
Hubballi,15.3478,75.1338,2026-07-08 14:00:00,11.8,6.4,108.0,1.5,0.9,51.0,27.2,72,0.1,32.8
Hubballi,15.3478,75.1338,2026-07-08 15:00:00,8.6,5.0,111.0,2.1,0.9,49.0,26.8,71,0.1,33.7
Hubballi,15.3478,75.1338,2026-07-08 16:00:00,9.5,5.6,115.0,3.0,1.0,46.0,25.7,81,0.3,29.7
Hubballi,15.3478,75.1338,2026-07-08 17:00:00,17.0,9.9,118.0,2.8,1.1,47.0,25.3,80,0.2,29.0
Hubballi,15.3478,75.1338,2026-07-08 18:00:00,13.1,8.1,121.0,3.6,1.1,44.0,24.1,88,0.1,22.8
Hubballi,15.3478,75.1338,2026-07-08 19:00:00,9.5,6.2,124.0,4.7,1.2,39.0,23.4,90,0.0,22.2
Hubballi,15.3478,75.1338,2026-07-08 20:00:00,6.1,4.2,125.0,5.3,1.2,36.0,23.0,90,0.1,23.6
Hubballi,15.3478,75.1338,2026-07-08 21:00:00,4.7,3.1,122.0,5.1,1.2,35.0,22.3,96,0.2,19.2
Hubballi,15.3478,75.1338,2026-07-08 22:00:00,5.1,3.3,118.0,4.5,1.1,36.0,22.6,96,0.2,21.1
Hubballi,15.3478,75.1338,2026-07-08 23:00:00,4.2,2.8,113.0,3.9,1.1,37.0,22.7,95,0.0,21.6
Hubballi,15.3478,75.1338,2026-07-09 00:00:00,3.3,2.3,108.0,3.5,1.1,37.0,22.5,95,0.0,22.2
Hubballi,15.3478,75.1338,2026-07-09 01:00:00,2.9,2.0,103.0,3.1,1.0,38.0,22.3,95,0.0,21.4
Hubballi,15.3478,75.1338,2026-07-09 02:00:00,2.4,1.7,99.0,2.8,1.0,38.0,22.4,93,0.0,19.1
Hubballi,15.3478,75.1338,2026-07-09 03:00:00,2.2,1.7,96.0,2.7,1.0,37.0,22.4,94,0.0,17.8
Hubballi,15.3478,75.1338,2026-07-09 04:00:00,1.7,1.3,93.0,2.7,1.1,36.0,22.4,94,0.0,18.6
Hubballi,15.3478,75.1338,2026-07-09 05:00:00,4.7,2.7,94.0,2.5,1.2,40.0,22.3,98,0.0,16.7
Hubballi,15.3478,75.1338,2026-07-09 06:00:00,5.2,3.1,101.0,3.3,1.3,39.0,21.8,98,0.6,14.9
Hubballi,15.3478,75.1338,2026-07-09 07:00:00,5.4,3.3,111.0,4.3,1.4,38.0,22.8,95,0.1,19.0
Hubballi,15.3478,75.1338,2026-07-09 08:00:00,5.7,3.6,117.0,4.7,1.4,39.0,24.0,88,0.0,21.8
Hubballi,15.3478,75.1338,2026-07-09 09:00:00,6.3,3.3,113.0,3.9,1.4,44.0,25.9,76,0.0,23.9
Hubballi,15.3478,75.1338,2026-07-09 10:00:00,7.4,3.8,104.0,2.5,1.3,52.0,26.6,73,0.2,24.5
Hubballi,15.3478,75.1338,2026-07-09 11:00:00,10.6,5.5,98.0,1.4,1.2,57.0,27.5,69,0.2,24.1
Hubballi,15.3478,75.1338,2026-07-09 12:00:00,12.5,6.1,97.0,1.0,1.2,59.0,27.8,67,0.3,25.3
Hubballi,15.3478,75.1338,2026-07-09 13:00:00,13.7,6.4,99.0,1.0,1.1,58.0,28.6,64,0.3,24.6
Hubballi,15.3478,75.1338,2026-07-09 14:00:00,14.7,7.0,101.0,1.1,1.1,57.0,28.8,63,0.1,25.4
Hubballi,15.3478,75.1338,2026-07-09 15:00:00,16.0,7.9,102.0,1.4,1.1,56.0,28.7,63,0.0,26.3
Hubballi,15.3478,75.1338,2026-07-09 16:00:00,15.7,8.2,103.0,1.8,1.1,55.0,27.6,68,0.1,27.5
Hubballi,15.3478,75.1338,2026-07-09 17:00:00,21.6,11.2,106.0,2.5,1.1,53.0,26.7,71,0.0,25.4
Hubballi,15.3478,75.1338,2026-07-09 18:00:00,19.2,10.9,113.0,3.7,1.2,49.0,25.2,77,0.0,23.0
Hubballi,15.3478,75.1338,2026-07-09 19:00:00,16.5,10.0,121.0,5.2,1.4,44.0,23.9,84,0.0,18.9
Hubballi,15.3478,75.1338,2026-07-09 20:00:00,15.3,9.4,127.0,6.3,1.5,40.0,23.3,88,0.0,16.3
Hubballi,15.3478,75.1338,2026-07-09 21:00:00,13.9,8.7,129.0,6.4,1.6,38.0,22.9,90,0.0,14.8
Hubballi,15.3478,75.1338,2026-07-09 22:00:00,13.2,8.2,128.0,5.9,1.6,37.0,22.7,91,0.0,14.1
Hubballi,15.3478,75.1338,2026-07-09 23:00:00,13.8,7.6,124.0,5.3,1.6,37.0,22.9,91,0.0,15.5
Hubballi,15.3478,75.1338,2026-07-10 00:00:00,12.5,6.7,116.0,4.6,1.5,37.0,22.6,93,0.0,15.1
Hubballi,15.3478,75.1338,2026-07-10 01:00:00,12.3,5.9,106.0,3.7,1.4,38.0,22.0,96,0.0,15.0
Hubballi,15.3478,75.1338,2026-07-10 02:00:00,10.0,5.0,99.0,3.0,1.4,38.0,22.3,93,0.0,15.9
Hubballi,15.3478,75.1338,2026-07-10 03:00:00,10.3,5.0,96.0,2.6,1.4,37.0,22.5,92,0.0,15.5
Hubballi,15.3478,75.1338,2026-07-10 04:00:00,9.0,4.6,97.0,2.5,1.5,37.0,22.2,94,0.0,14.9
Hubballi,15.3478,75.1338,2026-07-10 05:00:00,8.7,4.2,98.0,2.8,1.5,36.0,22.7,94,0.0,16.7
Hubballi,15.3478,75.1338,2026-07-10 06:00:00,8.8,4.2,102.0,3.0,1.5,37.0,22.8,94,0.1,16.5
Hubballi,15.3478,75.1338,2026-07-10 07:00:00,10.2,4.5,106.0,3.2,1.5,38.0,23.5,90,0.1,18.3
Hubballi,15.3478,75.1338,2026-07-10 08:00:00,10.6,4.8,109.0,3.2,1.5,40.0,25.1,79,0.0,20.9
Hubballi,15.3478,75.1338,2026-07-10 09:00:00,12.9,5.7,107.0,2.7,1.4,45.0,26.3,73,0.1,21.9
Hubballi,15.3478,75.1338,2026-07-10 10:00:00,14.7,6.5,102.0,1.9,1.3,52.0,27.3,69,0.1,21.9
Hubballi,15.3478,75.1338,2026-07-10 11:00:00,18.3,7.4,99.0,1.3,1.2,57.0,28.2,67,0.1,21.2
Hubballi,15.3478,75.1338,2026-07-10 12:00:00,19.6,7.9,98.0,1.1,1.2,60.0,28.5,65,0.2,21.4
Hubballi,15.3478,75.1338,2026-07-10 13:00:00,21.5,8.6,99.0,1.1,1.2,61.0,29.4,61,0.1,21.6
Hubballi,15.3478,75.1338,2026-07-10 14:00:00,22.4,9.1,100.0,1.3,1.2,61.0,29.5,60,0.1,24.1
Hubballi,15.3478,75.1338,2026-07-10 15:00:00,23.3,9.7,102.0,1.7,1.2,59.0,29.0,62,0.1,25.3
Hubballi,15.3478,75.1338,2026-07-10 16:00:00,23.5,9.7,105.0,2.4,1.2,56.0,28.2,66,0.0,24.5
Hubballi,15.3478,75.1338,2026-07-10 17:00:00,30.6,12.4,110.0,3.0,1.2,51.0,27.7,68,0.0,22.5
Hubballi,15.3478,75.1338,2026-07-10 18:00:00,28.2,12.4,118.0,4.0,1.4,47.0,26.1,76,0.0,21.1
Hubballi,15.3478,75.1338,2026-07-10 19:00:00,24.4,11.6,128.0,5.5,1.6,41.0,25.0,81,0.0,18.2
Hubballi,15.3478,75.1338,2026-07-10 20:00:00,21.0,10.2,134.0,6.5,1.8,37.0,24.3,85,0.0,15.4
Hubballi,15.3478,75.1338,2026-07-10 21:00:00,19.0,9.4,133.0,6.8,1.9,35.0,23.5,88,0.0,15.5
Hubballi,15.3478,75.1338,2026-07-10 22:00:00,17.3,8.8,128.0,6.6,1.9,33.0,23.1,90,0.0,14.9
Hubballi,15.3478,75.1338,2026-07-10 23:00:00,15.7,8.1,121.0,6.2,1.9,33.0,23.0,92,0.0,14.5
Hubballi,15.3478,75.1338,2026-07-11 00:00:00,14.1,7.3,113.0,5.3,1.8,34.0,22.7,93,0.0,14.8
Hubballi,15.3478,75.1338,2026-07-11 01:00:00,13.5,6.6,103.0,4.1,1.8,36.0,23.0,91,0.0,16.0
Hubballi,15.3478,75.1338,2026-07-11 02:00:00,12.3,5.7,97.0,3.2,1.7,37.0,22.6,92,0.0,15.4
Hubballi,15.3478,75.1338,2026-07-11 03:00:00,10.8,4.9,96.0,2.7,1.7,37.0,22.5,92,0.0,17.5
Hubballi,15.3478,75.1338,2026-07-11 04:00:00,10.5,4.6,98.0,2.5,1.7,37.0,22.4,92,0.0,16.8
Hubballi,15.3478,75.1338,2026-07-11 05:00:00,9.8,4.2,100.0,2.6,1.6,37.0,22.6,93,0.0,17.4
Hubballi,15.3478,75.1338,2026-07-11 06:00:00,10.2,4.4,102.0,2.8,1.6,38.0,22.6,92,0.0,17.2
Hubballi,15.3478,75.1338,2026-07-11 07:00:00,13.8,5.6,105.0,3.1,1.6,39.0,23.5,86,0.0,19.3
Hubballi,15.3478,75.1338,2026-07-11 08:00:00,16.5,6.8,106.0,3.1,1.5,42.0,25.1,77,0.0,22.1
Hubballi,15.3478,75.1338,2026-07-11 09:00:00,21.9,8.5,104.0,2.6,1.4,47.0,26.3,72,0.0,23.1
Hubballi,15.3478,75.1338,2026-07-11 10:00:00,36.7,12.8,100.0,1.9,1.3,53.0,27.1,69,0.0,23.8
Hubballi,15.3478,75.1338,2026-07-11 11:00:00,24.2,9.5,98.0,1.4,1.2,58.0,28.4,63,0.0,23.6
Hubballi,15.3478,75.1338,2026-07-11 12:00:00,24.9,9.3,98.0,1.2,1.2,60.0,29.0,61,0.0,23.8
Hubballi,15.3478,75.1338,2026-07-11 13:00:00,23.2,9.1,100.0,1.1,1.2,61.0,28.6,62,0.0,24.1
Hubballi,15.3478,75.1338,2026-07-11 14:00:00,23.5,9.0,102.0,1.2,1.2,61.0,27.9,64,0.0,23.6
Hubballi,15.3478,75.1338,2026-07-11 15:00:00,21.7,8.4,104.0,1.5,1.2,60.0,27.9,65,0.0,23.8
Hubballi,15.3478,75.1338,2026-07-11 16:00:00,20.2,8.1,106.0,2.1,1.2,57.0,27.3,68,0.0,21.6
Hubballi,15.3478,75.1338,2026-07-11 17:00:00,23.9,9.2,110.0,2.4,1.2,56.0,27.1,69,0.0,20.3
Hubballi,15.3478,75.1338,2026-07-11 18:00:00,20.8,9.1,118.0,3.6,1.3,52.0,25.9,75,0.0,17.7
Hubballi,15.3478,75.1338,2026-07-11 19:00:00,18.3,9.0,127.0,5.3,1.5,46.0,24.8,81,0.0,16.9
Hubballi,15.3478,75.1338,2026-07-11 20:00:00,15.8,8.2,133.0,6.6,1.7,41.0,23.9,85,0.0,15.4
Hubballi,15.3478,75.1338,2026-07-11 21:00:00,15.3,7.9,133.0,7.1,1.8,38.0,23.3,89,0.0,14.2
Hubballi,15.3478,75.1338,2026-07-11 22:00:00,15.1,7.8,130.0,7.1,1.9,36.0,22.8,91,0.0,14.2
Hubballi,15.3478,75.1338,2026-07-11 23:00:00,14.7,7.7,126.0,6.8,1.9,35.0,22.9,91,0.0,13.5
Hubballi,15.3478,75.1338,2026-07-12 00:00:00,13.9,7.1,120.0,6.2,1.9,34.0,22.4,92,0.0,12.9
Hubballi,15.3478,75.1338,2026-07-12 01:00:00,13.2,6.7,112.0,5.3,1.8,34.0,21.9,95,0.0,12.7
Hubballi,15.3478,75.1338,2026-07-12 02:00:00,12.8,6.4,106.0,4.5,1.7,35.0,21.7,98,0.0,14.4
Hubballi,15.3478,75.1338,2026-07-12 03:00:00,12.5,6.1,102.0,3.7,1.7,36.0,22.1,96,0.0,16.2
Hubballi,15.3478,75.1338,2026-07-12 04:00:00,13.7,6.1,99.0,2.9,1.6,38.0,22.1,95,0.0,17.0
Hubballi,15.3478,75.1338,2026-07-12 05:00:00,12.8,5.6,97.0,2.8,1.5,38.0,21.8,96,0.0,16.6
Hubballi,15.3478,75.1338,2026-07-12 06:00:00,14.8,5.9,96.0,2.7,1.4,39.0,22.2,93,0.0,15.9
Hubballi,15.3478,75.1338,2026-07-12 07:00:00,14.8,6.0,97.0,2.5,1.4,41.0,23.7,85,0.0,19.7
Hubballi,15.3478,75.1338,2026-07-12 08:00:00,16.2,6.5,97.0,2.2,1.3,44.0,25.0,76,0.0,23.2
Hubballi,15.3478,75.1338,2026-07-12 09:00:00,17.7,6.9,97.0,1.8,1.2,47.0,26.4,71,0.0,23.5
Hubballi,15.3478,75.1338,2026-07-12 10:00:00,18.4,7.2,96.0,1.3,1.2,51.0,27.4,65,0.1,24.1
Hubballi,15.3478,75.1338,2026-07-12 11:00:00,19.3,7.6,96.0,1.0,1.1,54.0,28.5,62,0.0,24.2
Hubballi,15.3478,75.1338,2026-07-12 12:00:00,21.5,8.4,95.0,0.8,1.1,55.0,28.8,60,0.0,23.7
Hubballi,15.3478,75.1338,2026-07-12 13:00:00,21.2,8.4,95.0,0.8,1.1,56.0,29.3,58,0.0,23.3
Hubballi,15.3478,75.1338,2026-07-12 14:00:00,21.3,8.5,95.0,0.8,1.1,56.0,29.6,56,0.0,23.0
Hubballi,15.3478,75.1338,2026-07-12 15:00:00,21.0,8.5,95.0,0.9,1.1,55.0,30.0,53,0.0,23.8
Hubballi,15.3478,75.1338,2026-07-12 16:00:00,21.4,8.6,97.0,1.2,1.1,54.0,28.9,54,0.0,24.4
Hubballi,15.3478,75.1338,2026-07-12 17:00:00,32.1,12.9,100.0,1.6,1.1,53.0,27.4,67,0.0,23.1
Hubballi,15.3478,75.1338,2026-07-12 18:00:00,25.7,11.6,108.0,2.4,1.2,49.0,26.0,74,0.0,20.8
Hubballi,15.3478,75.1338,2026-07-12 19:00:00,19.0,9.4,119.0,3.6,1.4,44.0,24.6,81,0.0,17.3
Hubballi,15.3478,75.1338,2026-07-12 20:00:00,15.1,8.0,126.0,4.4,1.6,40.0,23.8,86,0.0,15.9
Hubballi,15.3478,75.1338,2026-07-12 21:00:00,12.7,6.9,125.0,4.7,1.7,38.0,23.3,88,0.0,16.1
Hubballi,15.3478,75.1338,2026-07-12 22:00:00,11.8,6.5,120.0,4.6,1.8,37.0,22.7,90,0.0,16.5
Hubballi,15.3478,75.1338,2026-07-12 23:00:00,12.3,6.7,115.0,4.4,1.8,37.0,23.0,90,0.0,17.3
Hubballi,15.3478,75.1338,2026-07-13 00:00:00,13.1,6.9,111.0,4.1,1.8,36.0,22.8,90,0.0,16.4
Hubballi,15.3478,75.1338,2026-07-13 01:00:00,13.6,7.1,106.0,3.6,1.7,36.0,22.5,93,0.0,16.7
Hubballi,15.3478,75.1338,2026-07-13 02:00:00,13.8,7.2,102.0,3.2,1.6,36.0,22.2,95,0.0,16.3
Hubballi,15.3478,75.1338,2026-07-13 03:00:00,13.4,6.9,99.0,2.9,1.5,36.0,22.1,95,0.0,15.6
Hubballi,15.3478,75.1338,2026-07-13 04:00:00,11.3,5.8,97.0,2.6,1.5,36.0,21.9,96,0.0,15.5
Hubballi,15.3478,75.1338,2026-07-13 05:00:00,12.3,6.2,96.0,2.4,1.4,37.0,22.2,94,0.0,19.2
Hubballi,15.3478,75.1338,2026-07-13 06:00:00,11.0,5.6,99.0,2.5,1.4,39.0,22.3,94,0.0,17.2
Hubballi,15.3478,75.1338,2026-07-13 07:00:00,11.8,5.8,103.0,2.6,1.4,42.0,23.2,88,0.0,18.4
Hubballi,15.3478,75.1338,2026-07-13 08:00:00,19.0,8.2,106.0,2.6,1.4,46.0,24.7,77,0.0,23.1
Hubballi,15.3478,75.1338,2026-07-13 09:00:00,15.8,7.2,107.0,2.2,1.3,51.0,26.1,70,0.0,23.4
Hubballi,15.3478,75.1338,2026-07-13 10:00:00,16.5,7.4,106.0,1.6,1.3,57.0,27.5,64,0.0,21.8
Hubballi,15.3478,75.1338,2026-07-13 11:00:00,16.9,7.7,106.0,1.2,1.2,62.0,28.5,59,0.0,21.3
Hubballi,15.3478,75.1338,2026-07-13 12:00:00,16.3,7.8,106.0,1.1,1.2,64.0,29.6,54,0.0,22.0
Hubballi,15.3478,75.1338,2026-07-13 13:00:00,16.2,8.1,105.0,1.1,1.2,65.0,30.1,50,0.0,21.8
Hubballi,15.3478,75.1338,2026-07-13 14:00:00,15.3,7.9,105.0,1.2,1.2,65.0,29.9,52,0.0,23.2
Hubballi,15.3478,75.1338,2026-07-13 15:00:00,15.1,7.9,105.0,1.4,1.2,64.0,29.1,56,0.0,22.5
Hubballi,15.3478,75.1338,2026-07-13 16:00:00,13.5,7.5,105.0,1.7,1.2,63.0,28.9,57,0.0,22.0
Hubballi,15.3478,75.1338,2026-07-13 17:00:00,20.7,10.2,109.0,2.2,1.2,62.0,28.1,58,0.0,21.4
Hubballi,15.3478,75.1338,2026-07-13 18:00:00,17.9,10.2,118.0,3.5,1.3,57.0,26.3,68,0.0,19.5
Hubballi,15.3478,75.1338,2026-07-13 19:00:00,17.2,10.8,131.0,5.2,1.5,49.0,24.7,75,0.0,16.1
Hubballi,15.3478,75.1338,2026-07-13 20:00:00,15.3,10.0,141.0,6.5,1.7,43.0,23.9,80,0.0,15.6
Hubballi,15.3478,75.1338,2026-07-13 21:00:00,14.5,9.5,148.0,7.0,1.8,40.0,23.2,85,0.0,15.0
Hubballi,15.3478,75.1338,2026-07-13 22:00:00,14.7,9.6,152.0,7.0,1.9,38.0,22.5,91,0.0,14.1
Hubballi,15.3478,75.1338,2026-07-13 23:00:00,14.7,9.5,151.0,6.7,2.0,37.0,22.6,91,0.0,16.4
Hubballi,15.3478,75.1338,2026-07-14 00:00:00,14.1,8.9,141.0,6.2,2.0,36.0,22.1,93,0.0,14.5
Hubballi,15.3478,75.1338,2026-07-14 01:00:00,13.2,8.4,126.0,5.4,1.9,36.0,21.6,95,0.0,12.5
Hubballi,15.3478,75.1338,2026-07-14 02:00:00,12.4,7.9,114.0,4.6,1.9,37.0,21.2,98,0.0,11.8
Hubballi,15.3478,75.1338,2026-07-14 03:00:00,11.7,7.7,110.0,3.8,1.9,39.0,21.6,95,0.0,14.5
Hubballi,15.3478,75.1338,2026-07-14 04:00:00,11.1,7.1,110.0,3.0,1.9,41.0,21.9,93,0.0,14.6
Hubballi,15.3478,75.1338,2026-07-14 05:00:00,10.8,7.0,111.0,2.8,1.9,42.0,22.2,92,0.0,13.9
Hubballi,15.3478,75.1338,2026-07-14 06:00:00,10.1,6.5,113.0,3.0,1.9,43.0,22.3,91,0.0,15.0
Hubballi,15.3478,75.1338,2026-07-14 07:00:00,10.2,6.7,116.0,3.2,1.9,45.0,23.1,86,0.0,17.2
Hubballi,15.3478,75.1338,2026-07-14 08:00:00,12.6,7.9,117.0,3.2,1.8,49.0,24.7,76,0.0,18.3
Hubballi,15.3478,75.1338,2026-07-14 09:00:00,15.3,9.4,114.0,2.6,1.7,57.0,26.3,68,0.0,19.1
Hubballi,15.3478,75.1338,2026-07-14 10:00:00,17.8,11.0,109.0,1.8,1.5,66.0,27.6,63,0.0,19.1
Hubballi,15.3478,75.1338,2026-07-14 11:00:00,19.7,12.1,106.0,1.2,1.4,74.0,29.0,58,0.0,19.7
Hubballi,15.3478,75.1338,2026-07-14 12:00:00,21.4,12.9,108.0,1.0,1.3,78.0,30.0,55,0.0,20.6
Hubballi,15.3478,75.1338,2026-07-14 13:00:00,23.5,13.6,113.0,1.0,1.3,79.0,30.5,54,0.0,20.9
Hubballi,15.3478,75.1338,2026-07-14 14:00:00,24.9,14.0,117.0,1.2,1.3,79.0,30.5,54,0.0,21.2
Hubballi,15.3478,75.1338,2026-07-14 15:00:00,26.6,14.6,116.0,1.4,1.3,77.0,30.2,54,0.0,21.3
Hubballi,15.3478,75.1338,2026-07-14 16:00:00,28.2,15.3,114.0,1.8,1.3,74.0,29.4,56,0.0,21.4
Hubballi,15.3478,75.1338,2026-07-14 17:00:00,29.6,15.5,116.0,2.5,1.4,71.0,28.3,60,0.0,19.6
Hubballi,15.3478,75.1338,2026-07-14 18:00:00,28.1,15.4,128.0,3.9,1.5,65.0,26.7,67,0.0,18.8
Hubballi,15.3478,75.1338,2026-07-14 19:00:00,25.1,15.4,144.0,5.9,1.7,56.0,25.3,75,0.0,16.8
Hubballi,15.3478,75.1338,2026-07-14 20:00:00,22.1,14.5,156.0,7.4,1.9,48.0,24.2,81,0.0,14.6
Hubballi,15.3478,75.1338,2026-07-14 21:00:00,18.5,12.6,160.0,7.9,2.0,43.0,23.1,88,0.0,14.2
Hubballi,15.3478,75.1338,2026-07-14 22:00:00,17.4,11.9,160.0,7.9,2.0,39.0,22.4,92,0.0,13.5
Hubballi,15.3478,75.1338,2026-07-14 23:00:00,16.5,11.1,156.0,7.6,2.0,37.0,22.2,94,0.0,13.3
Hubballi,15.3478,75.1338,2026-07-15 00:00:00,16.4,10.2,147.0,6.8,2.0,36.0,21.6,97,0.0,12.1
Hubballi,15.3478,75.1338,2026-07-15 01:00:00,14.2,8.9,134.0,5.6,1.9,37.0,21.4,97,0.0,12.2
Hubballi,15.3478,75.1338,2026-07-15 02:00:00,14.3,8.8,124.0,4.6,1.9,38.0,21.1,98,0.0,10.9
Hubballi,15.3478,75.1338,2026-07-15 03:00:00,15.0,8.8,119.0,3.9,1.9,38.0,21.3,97,0.0,11.9
Hubballi,15.3478,75.1338,2026-07-15 04:00:00,16.6,9.3,117.0,3.4,1.8,39.0,21.7,92,0.0,13.2
Hubballi,15.3478,75.1338,2026-07-15 05:00:00,16.6,9.1,117.0,3.3,1.9,40.0,21.9,94,0.0,12.6
Hubballi,15.3478,75.1338,2026-07-15 06:00:00,16.9,9.0,119.0,3.3,1.9,42.0,21.8,93,0.0,13.5
Hubballi,15.3478,75.1338,2026-07-15 07:00:00,21.4,10.0,122.0,3.2,1.8,45.0,23.0,86,0.0,18.0
Hubballi,15.3478,75.1338,2026-07-15 08:00:00,24.4,10.5,123.0,3.0,1.7,49.0,24.5,78,0.0,20.4
Hubballi,15.3478,75.1338,2026-07-15 09:00:00,27.1,11.5,118.0,2.4,1.5,55.0,26.1,69,0.0,22.2
Hubballi,15.3478,75.1338,2026-07-15 10:00:00,24.7,11.0,111.0,1.7,1.3,63.0,27.6,61,0.0,21.8
Hubballi,15.3478,75.1338,2026-07-15 11:00:00,20.8,9.8,106.0,1.2,1.1,68.0,28.2,59,0.1,20.6
Hubballi,15.3478,75.1338,2026-07-15 12:00:00,19.4,9.5,104.0,1.0,1.0,70.0,28.9,54,0.0,20.9
Hubballi,15.3478,75.1338,2026-07-15 13:00:00,19.0,9.6,105.0,1.0,0.9,69.0,29.2,52,0.2,20.9
Hubballi,15.3478,75.1338,2026-07-15 14:00:00,19.8,10.1,106.0,1.2,0.9,68.0,29.4,52,0.3,21.4
Hubballi,15.3478,75.1338,2026-07-15 15:00:00,22.6,11.4,108.0,1.4,0.9,66.0,29.4,54,0.3,22.1
Hubballi,15.3478,75.1338,2026-07-15 16:00:00,25.3,12.7,112.0,1.8,0.9,64.0,28.1,58,0.9,23.5
Hubballi,15.3478,75.1338,2026-07-15 17:00:00,29.4,13.7,117.0,2.4,1.0,61.0,27.7,60,0.1,21.9
Hubballi,15.3478,75.1338,2026-07-15 18:00:00,30.6,15.1,125.0,3.3,1.1,57.0,26.3,67,0.0,21.7
Hubballi,15.3478,75.1338,2026-07-15 19:00:00,31.3,16.4,135.0,4.5,1.3,52.0,24.8,75,0.0,18.8
Hubballi,15.3478,75.1338,2026-07-15 20:00:00,29.7,15.9,142.0,5.5,1.4,47.0,23.9,80,0.0,17.2
Hubballi,15.3478,75.1338,2026-07-15 21:00:00,26.1,14.3,147.0,6.1,1.5,44.0,23.3,83,0.0,15.0
Hubballi,15.3478,75.1338,2026-07-15 22:00:00,26.2,14.1,150.0,6.4,1.6,41.0,22.7,87,0.0,14.3
Hubballi,15.3478,75.1338,2026-07-15 23:00:00,23.5,12.8,148.0,6.4,1.7,40.0,22.7,89,0.0,15.6
Hubballi,15.3478,75.1338,2026-07-16 00:00:00,21.9,11.4,136.0,5.9,1.7,40.0,22.6,90,0.0,14.8
Hubballi,15.3478,75.1338,2026-07-16 01:00:00,20.0,10.4,119.0,5.0,1.6,40.0,22.1,93,0.0,14.2
Hubballi,15.3478,75.1338,2026-07-16 02:00:00,18.2,9.5,106.0,4.2,1.6,41.0,22.1,91,0.0,14.0
Hubballi,15.3478,75.1338,2026-07-16 03:00:00,16.1,8.5,103.0,3.4,1.6,42.0,21.7,93,0.0,12.2
Hubballi,15.3478,75.1338,2026-07-16 04:00:00,15.6,7.8,104.0,2.7,1.5,44.0,21.7,94,0.0,11.1
Hubballi,15.3478,75.1338,2026-07-16 05:00:00,14.9,6.4,107.0,1.8,1.3,46.0,22.4,97,0.0,13.7
Hubballi,15.3478,75.1338,2026-07-16 06:00:00,15.8,6.7,110.0,2.3,1.3,46.0,22.3,96,0.0,14.8
Hubballi,15.3478,75.1338,2026-07-16 07:00:00,16.4,6.9,115.0,2.9,1.4,45.0,23.1,91,0.1,16.6
Hubballi,15.3478,75.1338,2026-07-16 08:00:00,18.2,7.8,118.0,3.2,1.4,47.0,24.5,81,0.0,16.7
Hubballi,15.3478,75.1338,2026-07-16 09:00:00,19.8,8.7,118.0,2.7,1.4,53.0,26.2,70,0.0,15.5
Hubballi,15.3478,75.1338,2026-07-16 10:00:00,20.8,9.1,117.0,1.8,1.3,61.0,27.5,65,0.0,16.3
Hubballi,15.3478,75.1338,2026-07-16 11:00:00,22.9,9.8,115.0,1.2,1.2,66.0,28.3,64,0.0,17.1
Hubballi,15.3478,75.1338,2026-07-16 12:00:00,27.7,11.2,113.0,1.0,1.1,66.0,29.2,58,0.1,17.9
Hubballi,15.3478,75.1338,2026-07-16 13:00:00,48.2,16.8,111.0,1.0,1.0,63.0,28.3,58,1.2,19.8
Hubballi,15.3478,75.1338,2026-07-16 14:00:00,43.7,15.9,111.0,1.2,0.9,61.0,27.3,64,2.0,23.2
Hubballi,15.3478,75.1338,2026-07-16 15:00:00,40.7,15.3,114.0,1.6,0.9,61.0,27.0,66,0.9,21.0
Hubballi,15.3478,75.1338,2026-07-16 16:00:00,30.3,12.9,119.0,2.2,0.9,61.0,25.6,74,0.4,20.6
Hubballi,15.3478,75.1338,2026-07-16 17:00:00,18.9,9.8,124.0,3.6,1.0,58.0,24.6,83,0.3,18.4
Hubballi,15.3478,75.1338,2026-07-16 18:00:00,15.7,8.7,130.0,4.4,1.1,54.0,24.8,80,0.1,20.4
Hubballi,15.3478,75.1338,2026-07-16 19:00:00,12.4,7.4,137.0,5.5,1.3,48.0,23.8,84,0.0,17.4
Hubballi,15.3478,75.1338,2026-07-16 20:00:00,10.5,6.3,140.0,6.3,1.4,44.0,23.2,87,0.0,17.2
Hubballi,15.3478,75.1338,2026-07-16 21:00:00,9.8,6.0,137.0,6.5,1.5,42.0,22.8,91,0.0,14.7
Hubballi,15.3478,75.1338,2026-07-16 22:00:00,9.9,6.0,131.0,6.4,1.6,40.0,22.6,91,0.0,14.5
Hubballi,15.3478,75.1338,2026-07-16 23:00:00,9.2,5.4,124.0,6.0,1.6,40.0,22.6,94,0.0,14.5
Hubballi,15.3478,75.1338,2026-07-17 00:00:00,7.1,4.0,117.0,5.0,1.5,41.0,22.6,93,0.0,14.2
Hubballi,15.3478,75.1338,2026-07-17 01:00:00,4.9,2.9,109.0,3.7,1.3,42.0,22.4,94,0.0,14.1
Hubballi,15.3478,75.1338,2026-07-17 02:00:00,4.3,2.4,103.0,2.7,1.2,43.0,22.1,95,0.0,12.5
Hubballi,15.3478,75.1338,2026-07-17 03:00:00,4.3,2.3,98.0,2.2,1.2,43.0,22.2,95,0.0,12.5
Hubballi,15.3478,75.1338,2026-07-17 04:00:00,3.0,1.7,95.0,2.0,1.2,43.0,22.1,94,0.0,12.6
Hubballi,15.3478,75.1338,2026-07-17 05:00:00,3.8,2.1,94.0,2.1,1.1,45.0,22.5,95,0.0,15.5
Hubballi,15.3478,75.1338,2026-07-17 06:00:00,3.8,2.0,99.0,2.6,1.1,45.0,22.3,96,0.0,12.4
Hubballi,15.3478,75.1338,2026-07-17 07:00:00,4.1,2.3,106.0,3.3,1.2,44.0,23.1,91,0.1,16.6
Hubballi,15.3478,75.1338,2026-07-17 08:00:00,4.4,2.5,112.0,3.6,1.2,45.0,24.1,84,0.1,18.2
Hubballi,15.3478,75.1338,2026-07-17 09:00:00,4.7,2.6,113.0,3.0,1.2,49.0,25.7,76,0.0,20.5
Hubballi,15.3478,75.1338,2026-07-17 10:00:00,5.8,3.1,113.0,2.1,1.1,54.0,24.9,75,0.2,19.6
Hubballi,15.3478,75.1338,2026-07-17 11:00:00,7.3,3.5,112.0,1.4,1.1,58.0,24.0,91,1.3,16.3
Hubballi,15.3478,75.1338,2026-07-17 12:00:00,11.4,5.1,111.0,1.3,1.1,59.0,24.0,87,0.9,17.9
Hubballi,15.3478,75.1338,2026-07-17 13:00:00,13.8,6.0,110.0,1.4,1.0,59.0,24.0,86,0.5,18.7
Hubballi,15.3478,75.1338,2026-07-17 14:00:00,12.0,5.9,111.0,1.7,1.0,58.0,22.9,90,1.2,14.2
Hubballi,15.3478,75.1338,2026-07-17 15:00:00,13.3,6.5,114.0,2.0,1.0,57.0,24.1,86,0.3,23.2
Hubballi,15.3478,75.1338,2026-07-17 16:00:00,13.9,6.9,119.0,2.4,1.0,57.0,23.6,87,0.2,22.1
Hubballi,15.3478,75.1338,2026-07-17 17:00:00,6.0,3.6,124.0,5.5,0.9,48.0,24.8,81,0.1,23.2
Hubballi,15.3478,75.1338,2026-07-17 18:00:00,5.1,2.8,132.0,6.1,1.1,46.0,24.0,84,0.0,20.9
Hubballi,15.3478,75.1338,2026-07-17 19:00:00,4.9,3.2,140.0,6.9,1.4,43.0,23.4,87,0.0,18.3
Hubballi,15.3478,75.1338,2026-07-17 20:00:00,5.2,3.4,144.0,7.1,1.6,41.0,23.0,89,0.0,16.7
Hubballi,15.3478,75.1338,2026-07-17 21:00:00,4.8,3.0,138.0,6.3,1.6,42.0,22.8,90,0.0,17.1
Hubballi,15.3478,75.1338,2026-07-17 22:00:00,5.8,3.4,128.0,5.0,1.6,43.0,22.8,89,0.0,16.6
Hubballi,15.3478,75.1338,2026-07-17 23:00:00,6.6,3.6,118.0,4.0,1.5,44.0,23.0,89,0.0,18.0
Hubballi,15.3478,75.1338,2026-07-18 00:00:00,7.1,4.0,112.0,3.8,1.5,43.0,22.7,89,0.0,16.7
Hubballi,15.3478,75.1338,2026-07-18 01:00:00,7.9,4.4,107.0,3.8,1.5,41.0,22.6,90,0.0,15.8
Hubballi,15.3478,75.1338,2026-07-18 02:00:00,8.4,4.9,103.0,3.8,1.5,39.0,22.3,90,0.0,15.4
Hubballi,15.3478,75.1338,2026-07-18 03:00:00,8.7,4.8,100.0,3.4,1.5,39.0,22.2,90,0.0,13.1
Hubballi,15.3478,75.1338,2026-07-18 04:00:00,8.0,4.5,98.0,2.9,1.4,39.0,22.1,91,0.0,14.4
Hubballi,15.3478,75.1338,2026-07-18 05:00:00,5.6,2.8,99.0,2.2,1.3,42.0,22.7,93,0.0,16.8
Hubballi,15.3478,75.1338,2026-07-18 06:00:00,5.2,2.9,104.0,2.9,1.3,41.0,22.3,92,0.0,16.5
Hubballi,15.3478,75.1338,2026-07-18 07:00:00,7.1,3.6,112.0,3.7,1.4,41.0,23.1,87,0.0,17.8
Hubballi,15.3478,75.1338,2026-07-18 08:00:00,7.0,3.8,117.0,4.1,1.4,42.0,24.3,79,0.0,20.5
Hubballi,15.3478,75.1338,2026-07-18 09:00:00,6.5,3.7,115.0,3.5,1.4,46.0,25.8,71,0.1,21.8
Hubballi,15.3478,75.1338,2026-07-18 10:00:00,7.7,4.0,110.0,2.4,1.3,52.0,26.8,67,0.1,22.2
Hubballi,15.3478,75.1338,2026-07-18 11:00:00,8.8,4.6,106.0,1.6,1.3,56.0,27.5,62,0.2,22.0
Hubballi,15.3478,75.1338,2026-07-18 12:00:00,10.9,5.1,104.0,1.3,1.2,57.0,28.1,59,0.1,23.4
Hubballi,15.3478,75.1338,2026-07-18 13:00:00,11.7,5.4,104.0,1.3,1.1,56.0,27.0,70,0.6,23.4
Hubballi,15.3478,75.1338,2026-07-18 14:00:00,13.4,6.3,107.0,1.6,1.1,54.0,27.7,63,0.1,22.7
Hubballi,15.3478,75.1338,2026-07-18 15:00:00,13.3,6.6,118.0,2.3,1.1,52.0,25.4,80,1.0,20.3
Hubballi,15.3478,75.1338,2026-07-18 16:00:00,10.2,6.0,133.0,3.3,1.1,50.0,24.6,82,1.6,18.9
Hubballi,15.3478,75.1338,2026-07-18 17:00:00,10.5,6.3,143.0,6.8,1.3,42.0,23.7,88,0.3,17.8
Hubballi,15.3478,75.1338,2026-07-18 18:00:00,8.6,5.6,145.0,7.0,1.3,41.0,23.0,94,1.0,18.5
Hubballi,15.3478,75.1338,2026-07-18 19:00:00,6.3,4.4,142.0,7.3,1.4,39.0,22.6,96,0.7,15.4
Hubballi,15.3478,75.1338,2026-07-18 20:00:00,4.3,3.2,139.0,7.4,1.4,38.0,22.5,96,0.4,16.7
Hubballi,15.3478,75.1338,2026-07-18 21:00:00,3.1,2.5,135.0,7.1,1.4,37.0,22.3,97,0.2,15.4
Hubballi,15.3478,75.1338,2026-07-18 22:00:00,3.2,2.5,131.0,6.7,1.5,36.0,22.3,96,0.1,15.9
Hubballi,15.3478,75.1338,2026-07-18 23:00:00,3.8,2.8,126.0,6.1,1.5,36.0,22.5,96,0.0,15.6
Hubballi,15.3478,75.1338,2026-07-19 00:00:00,3.8,2.6,121.0,5.4,1.4,36.0,22.2,96,0.0,14.7
Hubballi,15.3478,75.1338,2026-07-19 01:00:00,3.6,2.5,116.0,4.6,1.4,36.0,22.0,96,0.0,13.3
Hubballi,15.3478,75.1338,2026-07-19 02:00:00,3.5,2.4,111.0,3.9,1.3,36.0,22.0,96,0.0,12.5
Hubballi,15.3478,75.1338,2026-07-19 03:00:00,3.3,2.2,106.0,3.5,1.3,36.0,22.1,94,0.0,13.6
Hubballi,15.3478,75.1338,2026-07-19 04:00:00,2.7,1.9,101.0,3.2,1.4,36.0,22.1,94,0.0,13.6
Hubballi,15.3478,75.1338,2026-07-19 05:00:00,2.5,1.6,99.0,2.7,1.3,39.0,22.8,96,0.0,16.5
Hubballi,15.3478,75.1338,2026-07-19 06:00:00,2.8,1.8,103.0,3.2,1.4,38.0,22.6,96,0.0,15.0
Hubballi,15.3478,75.1338,2026-07-19 07:00:00,5.9,3.1,110.0,3.8,1.5,37.0,23.1,93,0.0,14.8
Hubballi,15.3478,75.1338,2026-07-19 08:00:00,7.8,4.1,114.0,3.9,1.5,38.0,24.3,85,0.1,18.0
Hubballi,15.3478,75.1338,2026-07-19 09:00:00,10.0,5.0,111.0,3.1,1.4,43.0,25.7,79,0.1,19.4
Hubballi,15.3478,75.1338,2026-07-19 10:00:00,14.5,6.7,105.0,1.8,1.2,50.0,26.6,75,0.1,20.8
Hubballi,15.3478,75.1338,2026-07-19 11:00:00,16.7,7.5,102.0,0.9,1.1,55.0,26.4,74,0.0,21.2
Hubballi,15.3478,75.1338,2026-07-19 12:00:00,15.1,7.1,104.0,0.6,1.0,56.0,27.1,69,0.8,21.5
Hubballi,15.3478,75.1338,2026-07-19 13:00:00,18.4,8.1,108.0,0.7,1.0,55.0,27.3,68,0.2,24.2
Hubballi,15.3478,75.1338,2026-07-19 14:00:00,23.8,9.9,112.0,0.9,1.0,53.0,26.8,68,0.5,25.7
Hubballi,15.3478,75.1338,2026-07-19 15:00:00,18.0,8.6,113.0,1.3,1.0,52.0,27.4,69,0.4,27.3
Hubballi,15.3478,75.1338,2026-07-19 16:00:00,15.3,8.0,114.0,1.9,1.0,51.0,26.1,73,0.2,23.6
Hubballi,15.3478,75.1338,2026-07-19 17:00:00,13.3,7.5,115.0,4.2,1.0,45.0,25.0,81,0.1,22.3
Hubballi,15.3478,75.1338,2026-07-19 18:00:00,8.8,5.3,119.0,4.4,1.0,43.0,24.6,83,0.1,19.0
Hubballi,15.3478,75.1338,2026-07-19 19:00:00,6.8,4.4,124.0,4.7,1.1,40.0,23.2,89,0.2,20.3
Hubballi,15.3478,75.1338,2026-07-19 20:00:00,5.0,3.5,126.0,4.8,1.1,38.0,22.6,94,0.2,18.0
Hubballi,15.3478,75.1338,2026-07-19 21:00:00,3.9,2.8,124.0,4.7,1.1,38.0,22.4,94,0.0,16.9
Hubballi,15.3478,75.1338,2026-07-19 22:00:00,3.1,2.4,121.0,4.4,1.2,38.0,22.4,93,0.0,13.9
Hubballi,15.3478,75.1338,2026-07-19 23:00:00,2.8,2.1,116.0,4.1,1.2,38.0,22.7,93,0.0,16.1
Hubballi,15.3478,75.1338,2026-07-20 00:00:00,2.0,1.5,111.0,3.7,1.1,38.0,22.5,93,0.0,17.4
Hubballi,15.3478,75.1338,2026-07-20 01:00:00,1.4,1.1,105.0,3.3,1.1,37.0,22.1,93,0.0,16.9
Hubballi,15.3478,75.1338,2026-07-20 02:00:00,1.3,0.9,100.0,2.9,1.0,37.0,22.1,92,0.0,17.2
Hubballi,15.3478,75.1338,2026-07-20 03:00:00,1.1,0.8,96.0,2.6,1.0,37.0,22.2,92,0.0,16.0
Hubballi,15.3478,75.1338,2026-07-20 04:00:00,1.1,0.9,93.0,2.3,1.0,37.0,22.1,93,0.0,14.4
Hubballi,15.3478,75.1338,2026-07-20 05:00:00,8.4,4.5,94.0,2.0,1.1,39.0,22.9,95,0.0,20.2
Hubballi,15.3478,75.1338,2026-07-20 06:00:00,5.7,3.3,101.0,2.8,1.1,38.0,22.3,96,0.2,21.2
Hubballi,15.3478,75.1338,2026-07-20 07:00:00,5.2,3.3,111.0,3.9,1.2,37.0,22.3,97,1.2,18.5
Hubballi,15.3478,75.1338,2026-07-20 08:00:00,5.4,3.4,118.0,4.3,1.2,38.0,22.7,95,0.6,18.2
Hubballi,15.3478,75.1338,2026-07-20 09:00:00,4.5,3.0,118.0,3.5,1.1,43.0,23.6,85,0.9,19.6
Hubballi,15.3478,75.1338,2026-07-20 10:00:00,3.9,2.4,114.0,2.1,1.0,50.0,25.2,75,0.5,23.9
Hubballi,15.3478,75.1338,2026-07-20 11:00:00,3.4,1.9,111.0,1.1,0.9,54.0,26.6,75,0.4,23.1
Hubballi,15.3478,75.1338,2026-07-20 12:00:00,4.0,1.9,108.0,0.8,0.8,54.0,25.8,77,0.3,25.5
Hubballi,15.3478,75.1338,2026-07-20 13:00:00,5.1,2.3,105.0,0.9,0.8,52.0,25.8,75,0.1,23.8
Hubballi,15.3478,75.1338,2026-07-20 14:00:00,12.1,4.9,104.0,1.3,0.8,50.0,25.4,80,0.4,23.0
Hubballi,15.3478,75.1338,2026-07-20 15:00:00,6.2,3.2,104.0,2.2,0.8,49.0,23.9,86,0.3,22.1
Hubballi,15.3478,75.1338,2026-07-20 16:00:00,7.0,4.0,106.0,3.4,0.8,48.0,24.5,84,0.2,22.9
Hubballi,15.3478,75.1338,2026-07-20 17:00:00,6.1,3.0,110.0,3.7,0.7,45.0,23.4,92,0.4,25.2
Hubballi,15.3478,75.1338,2026-07-20 18:00:00,5.8,3.5,118.0,4.5,0.8,43.0,22.5,96,0.6,21.5
Hubballi,15.3478,75.1338,2026-07-20 19:00:00,5.7,3.7,129.0,5.5,1.0,41.0,22.2,95,0.0,20.5
Hubballi,15.3478,75.1338,2026-07-20 20:00:00,6.1,4.0,135.0,6.2,1.2,39.0,22.1,94,0.0,19.0
Hubballi,15.3478,75.1338,2026-07-20 21:00:00,7.3,4.7,135.0,6.4,1.3,37.0,21.7,95,0.0,14.1
Hubballi,15.3478,75.1338,2026-07-20 22:00:00,7.3,4.8,131.0,6.2,1.4,36.0,21.8,93,0.0,15.1
Hubballi,15.3478,75.1338,2026-07-20 23:00:00,5.0,3.6,125.0,5.8,1.4,35.0,22.4,92,0.0,17.9
Hubballi,15.3478,75.1338,2026-07-21 00:00:00,3.0,2.0,118.0,4.8,1.3,36.0,22.2,93,0.0,15.8
Hubballi,15.3478,75.1338,2026-07-21 01:00:00,2.5,1.6,110.0,3.6,1.1,38.0,21.8,95,0.0,15.5
Hubballi,15.3478,75.1338,2026-07-21 02:00:00,3.0,1.8,103.0,2.6,1.0,39.0,21.7,96,0.0,14.5
Hubballi,15.3478,75.1338,2026-07-21 03:00:00,3.6,2.0,99.0,2.2,1.0,39.0,21.7,96,0.0,14.1
Hubballi,15.3478,75.1338,2026-07-21 04:00:00,3.3,1.8,96.0,2.0,1.0,39.0,21.7,96,0.0,13.5
Hubballi,15.3478,75.1338,2026-07-21 05:00:00,3.2,1.9,96.0,2.1,1.1,38.0,22.4,95,0.2,18.2
Hubballi,15.3478,75.1338,2026-07-21 06:00:00,3.2,1.9,101.0,2.8,1.2,37.0,22.2,95,0.0,16.2
Hubballi,15.3478,75.1338,2026-07-21 07:00:00,3.3,1.9,109.0,3.7,1.3,36.0,22.9,92,0.0,17.3
Hubballi,15.3478,75.1338,2026-07-21 08:00:00,3.3,2.2,114.0,4.1,1.3,37.0,23.7,86,0.1,20.0
Hubballi,15.3478,75.1338,2026-07-21 09:00:00,4.6,2.8,112.0,3.4,1.2,43.0,25.2,78,0.1,22.4
Hubballi,15.3478,75.1338,2026-07-21 10:00:00,8.2,4.3,106.0,2.1,1.1,50.0,26.9,68,0.1,24.2
Hubballi,15.3478,75.1338,2026-07-21 11:00:00,9.9,4.8,102.0,1.2,1.0,56.0,26.8,69,0.1,24.4
Hubballi,15.3478,75.1338,2026-07-21 12:00:00,8.1,4.3,102.0,0.9,0.9,58.0,27.4,64,0.4,24.8
Hubballi,15.3478,75.1338,2026-07-21 13:00:00,10.6,5.0,103.0,1.0,0.8,57.0,28.0,63,0.0,26.0
Hubballi,15.3478,75.1338,2026-07-21 14:00:00,11.0,5.3,105.0,1.3,0.8,56.0,28.1,62,0.1,27.6
Hubballi,15.3478,75.1338,2026-07-21 15:00:00,10.7,5.8,106.0,1.8,0.8,55.0,25.7,78,0.5,26.2
Hubballi,15.3478,75.1338,2026-07-21 16:00:00,9.2,5.4,107.0,2.4,0.9,53.0,24.8,81,0.3,26.3
Hubballi,15.3478,75.1338,2026-07-21 17:00:00,6.9,3.9,109.0,4.3,0.9,45.0,23.8,90,0.2,20.6
Hubballi,15.3478,75.1338,2026-07-21 18:00:00,8.2,4.6,113.0,4.6,1.0,43.0,23.4,92,0.4,20.4
Hubballi,15.3478,75.1338,2026-07-21 19:00:00,7.4,4.5,118.0,5.1,1.1,40.0,23.0,93,0.0,20.4
Hubballi,15.3478,75.1338,2026-07-21 20:00:00,5.0,3.3,121.0,5.4,1.2,38.0,22.9,93,0.0,17.7
Hubballi,15.3478,75.1338,2026-07-21 21:00:00,4.7,2.8,121.0,5.5,1.3,36.0,22.9,92,0.0,18.2
Hubballi,15.3478,75.1338,2026-07-21 22:00:00,5.2,3.1,118.0,5.4,1.4,34.0,22.5,95,0.0,17.5
Hubballi,15.3478,75.1338,2026-07-21 23:00:00,5.7,3.4,114.0,5.0,1.4,33.0,22.6,96,0.0,17.1
Hubballi,15.3478,75.1338,2026-07-22 00:00:00,6.1,3.7,108.0,4.1,1.3,33.0,22.4,96,0.3,18.2
Hubballi,15.3478,75.1338,2026-07-22 01:00:00,5.4,3.2,101.0,3.0,1.2,34.0,22.2,97,0.3,18.9
Hubballi,15.3478,75.1338,2026-07-22 02:00:00,3.8,2.3,95.0,2.2,1.1,35.0,22.0,96,0.0,17.9
Hubballi,15.3478,75.1338,2026-07-22 03:00:00,2.7,1.7,92.0,1.9,1.1,34.0,21.9,96,0.0,17.2
Hubballi,15.3478,75.1338,2026-07-22 04:00:00,1.9,1.4,90.0,1.9,1.1,33.0,22.0,96,0.0,16.7
Hubballi,15.3478,75.1338,2026-07-22 05:00:00,2.5,1.7,92.0,2.2,1.0,33.0,22.1,97,0.0,19.8
Hubballi,15.3478,75.1338,2026-07-22 06:00:00,2.9,1.8,101.0,3.0,1.1,32.0,22.0,97,0.0,18.3
Hubballi,15.3478,75.1338,2026-07-22 07:00:00,3.7,2.3,113.0,4.1,1.1,32.0,22.6,94,0.0,18.8
Hubballi,15.3478,75.1338,2026-07-22 08:00:00,3.8,2.6,120.0,4.6,1.2,33.0,23.9,86,0.1,22.9
Hubballi,15.3478,75.1338,2026-07-22 09:00:00,4.1,2.9,117.0,3.9,1.2,39.0,24.6,83,0.2,24.8
Hubballi,15.3478,75.1338,2026-07-22 10:00:00,5.5,3.5,110.0,2.6,1.2,47.0,25.2,81,0.5,24.9
Hubballi,15.3478,75.1338,2026-07-22 11:00:00,5.3,2.9,105.0,1.6,1.1,53.0,24.9,80,0.4,23.4
Hubballi,15.3478,75.1338,2026-07-22 12:00:00,8.5,3.9,105.0,1.3,1.0,55.0,26.0,73,0.1,27.8
Hubballi,15.3478,75.1338,2026-07-22 13:00:00,8.1,3.9,108.0,1.3,1.0,56.0,26.0,70,0.1,28.3
Hubballi,15.3478,75.1338,2026-07-22 14:00:00,6.2,3.5,111.0,1.6,0.9,55.0,25.8,72,0.1,27.9
Hubballi,15.3478,75.1338,2026-07-22 15:00:00,6.7,3.8,113.0,2.5,0.9,52.0,25.5,75,0.6,27.2
Hubballi,15.3478,75.1338,2026-07-22 16:00:00,5.5,3.4,116.0,3.8,0.9,48.0,23.3,90,1.2,23.3
Hubballi,15.3478,75.1338,2026-07-22 17:00:00,14.9,6.8,119.0,4.6,0.9,40.0,22.8,92,0.2,24.2
Hubballi,15.3478,75.1338,2026-07-22 18:00:00,12.8,6.6,123.0,4.9,1.0,39.0,22.8,92,0.0,19.7
Hubballi,15.3478,75.1338,2026-07-22 19:00:00,10.4,5.8,127.0,5.4,1.0,37.0,22.2,94,0.3,21.1
Hubballi,15.3478,75.1338,2026-07-22 20:00:00,6.0,3.7,129.0,5.6,1.1,35.0,21.9,95,0.0,19.7
Hubballi,15.3478,75.1338,2026-07-22 21:00:00,3.5,2.4,127.0,5.4,1.1,34.0,21.9,95,0.1,22.6
Hubballi,15.3478,75.1338,2026-07-22 22:00:00,2.8,1.9,123.0,4.9,1.1,34.0,21.7,96,0.1,21.5
Hubballi,15.3478,75.1338,2026-07-22 23:00:00,3.5,2.0,118.0,4.3,1.1,34.0,22.1,95,0.1,22.2
Hubballi,15.3478,75.1338,2026-07-23 00:00:00,6.1,2.8,112.0,3.7,1.0,34.0,22.0,96,0.1,22.0
Hubballi,15.3478,75.1338,2026-07-23 01:00:00,5.1,2.5,105.0,3.0,1.0,35.0,21.6,97,0.5,23.2
Hubballi,15.3478,75.1338,2026-07-23 02:00:00,2.9,1.6,100.0,2.5,0.9,35.0,21.6,97,0.1,20.5
Hubballi,15.3478,75.1338,2026-07-23 03:00:00,1.7,1.1,99.0,2.1,0.8,35.0,21.3,98,0.2,21.1
Hubballi,15.3478,75.1338,2026-07-23 04:00:00,1.6,1.1,101.0,1.9,0.8,36.0,21.2,97,0.1,23.2
Hubballi,15.3478,75.1338,2026-07-23 05:00:00,1.3,1.1,104.0,1.6,0.7,39.0,21.7,97,0.5,21.7
Hubballi,15.3478,75.1338,2026-07-23 06:00:00,2.2,1.4,110.0,2.5,0.8,38.0,21.7,97,0.3,21.9
Hubballi,15.3478,75.1338,2026-07-23 07:00:00,2.7,1.8,116.0,3.6,0.9,36.0,21.5,98,0.2,16.9
Hubballi,15.3478,75.1338,2026-07-23 08:00:00,3.8,2.6,119.0,4.2,1.0,36.0,23.4,88,0.1,22.6
Hubballi,15.3478,75.1338,2026-07-23 09:00:00,7.6,4.1,114.0,3.6,1.0,39.0,24.8,78,0.0,25.3
Hubballi,15.3478,75.1338,2026-07-23 10:00:00,14.6,6.5,104.0,2.4,1.0,45.0,26.4,68,0.0,29.5
Hubballi,15.3478,75.1338,2026-07-23 11:00:00,16.9,7.5,97.0,1.5,1.0,49.0,24.8,78,0.0,25.3
Hubballi,15.3478,75.1338,2026-07-23 12:00:00,19.1,8.4,96.0,1.2,1.0,52.0,25.4,75,0.2,26.3
Hubballi,15.3478,75.1338,2026-07-23 13:00:00,23.9,10.4,97.0,1.1,0.9,53.0,26.0,73,0.1,27.6
Hubballi,15.3478,75.1338,2026-07-23 14:00:00,37.7,16.0,99.0,1.3,0.9,55.0,26.3,73,0.2,30.3
Hubballi,15.3478,75.1338,2026-07-23 15:00:00,55.4,23.7,102.0,1.6,0.9,57.0,26.1,72,0.0,27.5
Hubballi,15.3478,75.1338,2026-07-23 16:00:00,67.5,28.9,106.0,2.1,0.9,60.0,25.7,72,0.0,25.8
Hubballi,15.3478,75.1338,2026-07-23 17:00:00,61.0,26.1,110.0,3.5,0.9,52.0,24.1,84,0.0,23.5
Hubballi,15.3478,75.1338,2026-07-23 18:00:00,52.2,23.1,115.0,4.2,1.0,49.0,23.3,89,0.1,21.4
Hubballi,15.3478,75.1338,2026-07-23 19:00:00,39.8,19.9,119.0,5.1,1.1,44.0,22.6,95,0.0,20.1
Hubballi,15.3478,75.1338,2026-07-23 20:00:00,37.8,17.6,122.0,5.7,1.2,41.0,22.3,96,0.2,21.2
Hubballi,15.3478,75.1338,2026-07-23 21:00:00,41.2,18.7,121.0,5.7,1.2,41.0,22.3,96,0.1,22.6
Hubballi,15.3478,75.1338,2026-07-23 22:00:00,43.7,19.6,118.0,5.4,1.2,43.0,22.1,98,0.2,19.7
Hubballi,15.3478,75.1338,2026-07-23 23:00:00,34.3,16.2,114.0,4.8,1.2,45.0,22.3,96,0.2,19.5
Hubballi,15.3478,75.1338,2026-07-24 00:00:00,32.1,14.9,109.0,3.9,1.1,46.0,21.9,97,0.2,20.1
Hubballi,15.3478,75.1338,2026-07-24 01:00:00,41.3,17.5,104.0,2.7,1.0,46.0,22.0,97,0.1,20.4
Hubballi,15.3478,75.1338,2026-07-24 02:00:00,33.5,14.0,99.0,1.9,0.9,46.0,21.8,97,0.1,20.8
Hubballi,15.3478,75.1338,2026-07-24 03:00:00,26.0,11.5,94.0,1.6,0.9,45.0,21.6,98,0.2,19.7
Hubballi,15.3478,75.1338,2026-07-24 04:00:00,26.4,11.6,91.0,1.5,0.9,44.0,21.5,99,0.1,17.2
Hubballi,15.3478,75.1338,2026-07-24 05:00:00,19.0,8.5,91.0,1.6,0.8,42.0,22.2,96,0.0,22.1
Hubballi,15.3478,75.1338,2026-07-24 06:00:00,15.3,7.2,100.0,2.3,0.9,40.0,21.6,98,0.3,18.1
Hubballi,15.3478,75.1338,2026-07-24 07:00:00,10.2,5.0,114.0,3.2,1.0,37.0,21.9,97,0.3,18.4
Hubballi,15.3478,75.1338,2026-07-24 08:00:00,7.3,4.1,121.0,3.6,1.0,36.0,21.9,97,0.4,20.3
Hubballi,15.3478,75.1338,2026-07-24 09:00:00,7.2,3.8,116.0,3.1,1.0,39.0,22.4,95,0.3,20.1
Hubballi,15.3478,75.1338,2026-07-24 10:00:00,9.7,4.8,105.0,2.1,0.9,44.0,25.2,78,0.2,25.2
Hubballi,15.3478,75.1338,2026-07-24 11:00:00,11.7,5.3,97.0,1.5,0.8,47.0,27.0,69,0.1,28.7
Hubballi,15.3478,75.1338,2026-07-24 12:00:00,11.4,5.2,95.0,1.5,0.8,47.0,27.5,66,0.2,29.0
Hubballi,15.3478,75.1338,2026-07-24 13:00:00,8.7,4.6,97.0,1.8,0.9,46.0,27.1,68,0.2,31.1
Hubballi,15.3478,75.1338,2026-07-24 14:00:00,7.9,4.2,99.0,2.2,0.9,45.0,26.8,69,0.1,28.9
Hubballi,15.3478,75.1338,2026-07-24 15:00:00,7.7,4.5,101.0,2.5,0.9,46.0,26.5,70,0.1,32.7
Hubballi,15.3478,75.1338,2026-07-24 16:00:00,6.5,4.1,105.0,2.8,1.0,47.0,25.0,78,0.1,26.7
Hubballi,15.3478,75.1338,2026-07-24 17:00:00,8.4,4.4,108.0,3.9,0.8,40.0,24.0,84,0.0,28.8
Hubballi,15.3478,75.1338,2026-07-24 18:00:00,10.0,5.6,112.0,4.5,0.9,38.0,23.0,91,0.3,21.0
Hubballi,15.3478,75.1338,2026-07-24 19:00:00,11.6,6.8,115.0,5.3,1.2,35.0,22.5,91,0.0,20.7
Hubballi,15.3478,75.1338,2026-07-24 20:00:00,9.3,6.0,117.0,5.8,1.3,33.0,22.2,94,0.0,19.3
Hubballi,15.3478,75.1338,2026-07-24 21:00:00,5.6,3.9,116.0,5.8,1.4,31.0,21.9,93,0.0,19.2
Hubballi,15.3478,75.1338,2026-07-24 22:00:00,3.9,2.8,112.0,5.6,1.3,30.0,21.8,96,0.0,17.6
Hubballi,15.3478,75.1338,2026-07-24 23:00:00,3.0,2.2,108.0,5.1,1.3,30.0,21.9,95,0.0,20.0
Hubballi,15.3478,75.1338,2026-07-25 00:00:00,2.0,1.4,103.0,4.2,1.2,31.0,21.5,96,0.0,21.2
Hubballi,15.3478,75.1338,2026-07-25 01:00:00,2.5,1.6,98.0,3.1,1.0,33.0,21.6,96,0.0,16.9
Hubballi,15.3478,75.1338,2026-07-25 02:00:00,2.1,1.3,94.0,2.2,0.9,34.0,21.3,95,0.0,19.7
Hubballi,15.3478,75.1338,2026-07-25 03:00:00,2.4,1.4,91.0,1.8,0.9,34.0,21.4,95,0.0,17.6
Hubballi,15.3478,75.1338,2026-07-25 04:00:00,3.0,1.8,89.0,1.7,0.9,32.0,21.7,95,0.0,17.6
Hubballi,15.3478,75.1338,2026-07-25 05:00:00,4.0,2.4,89.0,1.8,0.9,32.0,22.3,94,0.0,19.7
Hubballi,15.3478,75.1338,2026-07-25 06:00:00,3.4,2.2,95.0,2.4,1.0,32.0,22.2,94,0.0,18.9
Hubballi,15.3478,75.1338,2026-07-25 07:00:00,3.8,2.5,103.0,3.2,1.1,32.0,22.9,90,0.0,20.5
Hubballi,15.3478,75.1338,2026-07-25 08:00:00,3.8,2.6,108.0,3.6,1.1,34.0,24.4,82,0.1,23.5
Hubballi,15.3478,75.1338,2026-07-25 09:00:00,4.5,2.7,107.0,3.0,1.1,40.0,25.7,76,0.1,24.7
Hubballi,15.3478,75.1338,2026-07-25 10:00:00,5.8,3.4,103.0,2.0,1.0,47.0,25.3,79,0.2,23.8
Hubballi,15.3478,75.1338,2026-07-25 11:00:00,8.0,4.1,100.0,1.2,0.9,52.0,26.6,74,0.5,26.4
Hubballi,15.3478,75.1338,2026-07-25 12:00:00,7.0,3.8,100.0,1.0,0.9,53.0,27.2,71,0.6,25.0
Hubballi,15.3478,75.1338,2026-07-25 13:00:00,7.0,3.6,102.0,1.0,0.8,51.0,27.8,69,0.1,28.7
Hubballi,15.3478,75.1338,2026-07-25 14:00:00,7.5,3.9,104.0,1.2,0.8,50.0,27.4,69,0.5,27.6
Hubballi,15.3478,75.1338,2026-07-25 15:00:00,8.0,4.3,105.0,1.6,0.8,50.0,27.3,68,0.4,27.1
Hubballi,15.3478,75.1338,2026-07-25 16:00:00,9.7,5.3,106.0,2.3,0.8,50.0,27.2,68,0.0,25.3
Hubballi,15.3478,75.1338,2026-07-25 17:00:00,20.5,9.5,109.0,2.6,0.9,51.0,26.4,73,0.0,23.7
Hubballi,15.3478,75.1338,2026-07-25 18:00:00,13.9,7.2,117.0,3.5,1.0,47.0,24.4,83,0.1,21.6
Hubballi,15.3478,75.1338,2026-07-25 19:00:00,9.6,5.5,126.0,4.8,1.1,43.0,23.4,89,0.0,18.0
Hubballi,15.3478,75.1338,2026-07-25 20:00:00,7.2,4.4,131.0,5.6,1.2,39.0,23.2,92,0.1,17.5
Hubballi,15.3478,75.1338,2026-07-25 21:00:00,6.4,4.0,128.0,5.4,1.2,38.0,22.5,95,0.1,16.4
Hubballi,15.3478,75.1338,2026-07-25 22:00:00,5.7,3.6,120.0,4.8,1.2,39.0,22.4,95,0.1,15.2
Hubballi,15.3478,75.1338,2026-07-25 23:00:00,4.4,2.7,113.0,4.1,1.2,39.0,22.5,96,0.1,16.5
Hubballi,15.3478,75.1338,2026-07-26 00:00:00,3.3,2.0,106.0,3.6,1.1,39.0,22.2,97,0.1,17.9
Hubballi,15.3478,75.1338,2026-07-26 01:00:00,3.1,1.8,100.0,3.1,1.1,39.0,22.2,97,0.2,19.1
Hubballi,15.3478,75.1338,2026-07-26 02:00:00,3.0,1.8,95.0,2.7,1.0,39.0,22.0,97,0.2,17.7
Hubballi,15.3478,75.1338,2026-07-26 03:00:00,4.0,2.0,94.0,2.3,0.9,40.0,22.0,98,0.2,16.8
Hubballi,15.3478,75.1338,2026-07-26 04:00:00,2.9,1.6,95.0,2.0,0.9,40.0,22.0,98,0.2,14.1
Hubballi,15.3478,75.1338,2026-07-26 05:00:00,4.9,2.1,96.0,1.6,0.9,42.0,22.6,97,0.1,16.1
Hubballi,15.3478,75.1338,2026-07-26 06:00:00,4.8,2.1,97.0,2.0,1.0,42.0,22.4,97,0.3,18.2
Hubballi,15.3478,75.1338,2026-07-26 07:00:00,4.9,2.4,99.0,2.5,1.1,41.0,22.9,93,0.1,19.4
Hubballi,15.3478,75.1338,2026-07-26 08:00:00,4.1,2.3,100.0,2.7,1.1,42.0,24.3,85,0.0,22.6
Hubballi,15.3478,75.1338,2026-07-26 09:00:00,3.5,2.0,99.0,2.3,1.0,45.0,25.4,78,0.0,21.7
Hubballi,15.3478,75.1338,2026-07-26 10:00:00,3.3,1.7,98.0,1.6,0.9,49.0,26.9,71,0.2,23.4
Hubballi,15.3478,75.1338,2026-07-26 11:00:00,7.4,3.1,98.0,1.0,0.8,52.0,26.9,71,0.2,21.0
Hubballi,15.3478,75.1338,2026-07-26 12:00:00,11.7,4.8,100.0,0.8,0.8,53.0,26.6,75,0.8,20.5
Hubballi,15.3478,75.1338,2026-07-26 13:00:00,14.7,6.0,104.0,0.8,0.8,53.0,28.3,66,0.1,21.9
Hubballi,15.3478,75.1338,2026-07-26 14:00:00,15.7,6.7,106.0,0.9,0.8,53.0,28.7,62,0.1,23.6
Hubballi,15.3478,75.1338,2026-07-26 15:00:00,16.2,7.4,104.0,1.1,0.8,53.0,27.0,70,0.5,26.2
Hubballi,15.3478,75.1338,2026-07-26 16:00:00,15.7,7.6,101.0,1.5,0.8,52.0,26.8,70,0.0,26.7
Hubballi,15.3478,75.1338,2026-07-26 17:00:00,18.9,8.1,100.0,1.8,0.9,50.0,26.5,71,0.0,24.3
Hubballi,15.3478,75.1338,2026-07-26 18:00:00,14.1,6.9,104.0,2.6,1.0,48.0,24.9,80,0.0,23.2
Hubballi,15.3478,75.1338,2026-07-26 19:00:00,11.0,6.0,110.0,3.6,1.2,44.0,23.7,86,0.0,20.6
Hubballi,15.3478,75.1338,2026-07-26 20:00:00,10.5,5.9,114.0,4.3,1.3,42.0,23.2,89,0.0,18.1
Hubballi,15.3478,75.1338,2026-07-26 21:00:00,7.9,4.8,113.0,4.3,1.3,41.0,23.0,90,0.0,16.1
Hubballi,15.3478,75.1338,2026-07-26 22:00:00,5.5,3.3,110.0,3.9,1.3,42.0,22.8,92,0.1,16.0
Hubballi,15.3478,75.1338,2026-07-26 23:00:00,4.1,2.6,107.0,3.5,1.3,42.0,22.6,94,0.0,16.4
Hubballi,15.3478,75.1338,2026-07-27 00:00:00,3.8,2.3,103.0,3.1,1.2,42.0,22.5,94,0.1,16.2
Hubballi,15.3478,75.1338,2026-07-27 01:00:00,3.9,2.2,99.0,2.7,1.2,42.0,22.3,96,0.2,15.2
Hubballi,15.3478,75.1338,2026-07-27 02:00:00,4.1,2.2,96.0,2.3,1.1,42.0,22.0,97,0.1,16.8
Hubballi,15.3478,75.1338,2026-07-27 03:00:00,4.8,2.5,93.0,2.0,1.1,42.0,21.9,96,0.0,17.1
Hubballi,15.3478,75.1338,2026-07-27 04:00:00,4.2,2.2,92.0,1.8,1.2,43.0,21.9,96,0.0,15.4
Hubballi,15.3478,75.1338,2026-07-27 05:00:00,2.9,1.7,93.0,1.8,1.0,42.0,22.7,97,0.0,18.4
Hubballi,15.3478,75.1338,2026-07-27 06:00:00,2.5,1.6,101.0,2.3,1.0,43.0,22.6,95,0.1,18.3
Hubballi,15.3478,75.1338,2026-07-27 07:00:00,2.9,1.9,112.0,3.0,1.1,44.0,22.8,94,0.1,17.9
Hubballi,15.3478,75.1338,2026-07-27 08:00:00,3.1,2.0,119.0,3.3,1.1,46.0,23.5,90,0.0,20.8
Hubballi,15.3478,75.1338,2026-07-27 09:00:00,3.7,2.1,119.0,2.8,1.1,50.0,24.1,87,0.0,20.8
Hubballi,15.3478,75.1338,2026-07-27 10:00:00,5.4,2.7,116.0,1.9,1.0,56.0,24.7,84,0.1,21.0
Hubballi,15.3478,75.1338,2026-07-27 11:00:00,9.4,4.1,113.0,1.2,1.0,60.0,25.3,85,0.0,21.4
Hubballi,15.3478,75.1338,2026-07-27 12:00:00,11.7,5.0,111.0,1.0,1.0,61.0,25.3,85,0.2,21.1
Hubballi,15.3478,75.1338,2026-07-27 13:00:00,11.5,5.0,109.0,1.1,0.9,60.0,26.8,77,0.3,24.1
Hubballi,15.3478,75.1338,2026-07-27 14:00:00,12.1,5.4,109.0,1.4,0.9,59.0,26.0,80,0.6,25.9
Hubballi,15.3478,75.1338,2026-07-27 15:00:00,12.8,5.9,113.0,1.9,0.9,57.0,25.4,82,0.7,24.7
Hubballi,15.3478,75.1338,2026-07-27 16:00:00,8.0,4.0,118.0,2.6,0.9,55.0,25.8,79,0.8,23.1
Hubballi,15.3478,75.1338,2026-07-27 17:00:00,17.4,8.5,124.0,2.6,1.1,53.0,25.1,88,0.1,19.3
Hubballi,15.3478,75.1338,2026-07-27 18:00:00,13.9,7.4,130.0,3.6,1.2,49.0,24.2,89,0.1,22.0
Hubballi,15.3478,75.1338,2026-07-27 19:00:00,12.7,7.3,136.0,5.0,1.4,44.0,23.1,94,0.1,19.7
Hubballi,15.3478,75.1338,2026-07-27 20:00:00,9.7,5.7,138.0,5.8,1.5,41.0,23.1,94,0.0,16.9
Hubballi,15.3478,75.1338,2026-07-27 21:00:00,6.1,4.0,134.0,5.5,1.5,41.0,23.1,95,0.0,16.0
Hubballi,15.3478,75.1338,2026-07-27 22:00:00,4.1,2.7,127.0,4.6,1.4,42.0,22.9,95,0.2,16.6
Hubballi,15.3478,75.1338,2026-07-27 23:00:00,3.9,2.2,119.0,3.8,1.3,43.0,23.0,95,0.1,19.6
Hubballi,15.3478,75.1338,2026-07-28 00:00:00,3.3,2.1,112.0,3.2,1.2,43.0,22.8,95,0.0,18.2
Hubballi,15.3478,75.1338,2026-07-28 01:00:00,2.8,1.8,105.0,2.7,1.1,43.0,22.4,96,0.0,17.7
Hubballi,15.3478,75.1338,2026-07-28 02:00:00,2.7,1.4,100.0,2.3,1.0,43.0,22.4,95,0.0,17.3
Hubballi,15.3478,75.1338,2026-07-28 03:00:00,1.8,1.0,97.0,2.1,1.0,43.0,22.2,96,0.1,16.2
Hubballi,15.3478,75.1338,2026-07-28 04:00:00,1.9,1.0,96.0,2.0,1.0,42.0,22.3,95,0.0,16.7
Hubballi,15.3478,75.1338,2026-07-28 05:00:00,2.3,1.3,97.0,1.7,0.9,44.0,22.6,97,0.0,20.1
Hubballi,15.3478,75.1338,2026-07-28 06:00:00,3.6,1.8,104.0,2.2,0.9,43.0,22.4,96,0.1,18.6
Hubballi,15.3478,75.1338,2026-07-28 07:00:00,5.6,3.0,113.0,2.9,1.0,42.0,22.6,96,0.2,16.5
Hubballi,15.3478,75.1338,2026-07-28 08:00:00,6.9,3.2,119.0,3.2,1.0,43.0,23.1,92,0.3,18.8
Hubballi,15.3478,75.1338,2026-07-28 09:00:00,6.4,3.1,118.0,2.8,1.0,47.0,24.1,87,0.5,20.0
Hubballi,15.3478,75.1338,2026-07-28 10:00:00,6.7,3.3,112.0,2.0,1.0,52.0,25.1,80,0.4,23.8
Hubballi,15.3478,75.1338,2026-07-28 11:00:00,8.4,3.7,108.0,1.4,1.0,56.0,26.3,72,0.4,25.4
Hubballi,15.3478,75.1338,2026-07-28 12:00:00,8.8,3.9,105.0,1.2,0.9,58.0,26.0,79,0.8,25.6
Hubballi,15.3478,75.1338,2026-07-28 13:00:00,9.5,4.1,103.0,1.2,0.8,59.0,25.1,84,1.2,22.4
Hubballi,15.3478,75.1338,2026-07-28 14:00:00,8.2,4.1,104.0,1.5,0.8,59.0,25.7,81,0.2,27.2
Hubballi,15.3478,75.1338,2026-07-28 15:00:00,7.5,3.7,110.0,2.2,0.8,57.0,24.6,88,1.4,24.7
Hubballi,15.3478,75.1338,2026-07-28 16:00:00,6.2,3.1,118.0,3.1,0.9,53.0,25.0,81,0.1,27.9
Hubballi,15.3478,75.1338,2026-07-28 17:00:00,9.9,4.1,125.0,2.6,0.8,49.0,25.2,78,0.1,24.5
Hubballi,15.3478,75.1338,2026-07-28 18:00:00,9.5,4.8,129.0,3.8,1.0,46.0,24.1,84,0.0,22.2
Hubballi,15.3478,75.1338,2026-07-28 19:00:00,11.1,5.9,131.0,5.5,1.2,41.0,23.3,90,0.1,20.7
Hubballi,15.3478,75.1338,2026-07-28 20:00:00,9.8,5.7,131.0,6.7,1.4,38.0,22.7,92,0.0,18.2
Hubballi,15.3478,75.1338,2026-07-28 21:00:00,7.2,4.1,130.0,6.9,1.5,36.0,22.8,93,0.1,16.3
Hubballi,15.3478,75.1338,2026-07-28 22:00:00,6.8,4.3,127.0,6.7,1.6,35.0,22.6,95,0.1,15.0
Hubballi,15.3478,75.1338,2026-07-28 23:00:00,6.7,4.2,123.0,6.1,1.6,35.0,22.9,95,0.2,19.4
Hubballi,15.3478,75.1338,2026-07-29 00:00:00,5.8,3.3,117.0,5.1,1.5,36.0,22.9,94,0.1,22.1
Hubballi,15.3478,75.1338,2026-07-29 01:00:00,4.4,2.5,109.0,3.8,1.3,38.0,22.6,95,0.1,19.7
Hubballi,15.3478,75.1338,2026-07-29 02:00:00,4.0,2.2,103.0,2.8,1.2,39.0,22.5,94,0.0,19.3
Hubballi,15.3478,75.1338,2026-07-29 03:00:00,3.1,1.8,99.0,2.4,1.2,39.0,22.6,94,0.0,20.0
Hubballi,15.3478,75.1338,2026-07-29 04:00:00,2.0,1.3,98.0,2.4,1.2,39.0,22.6,94,0.0,21.1
Hubballi,15.3478,75.1338,2026-07-29 05:00:00,7.0,2.9,99.0,1.7,1.0,42.0,22.5,95,0.0,22.3
Hubballi,15.3478,75.1338,2026-07-29 06:00:00,7.4,3.3,106.0,2.7,1.1,41.0,22.4,94,0.0,20.7
Hubballi,15.3478,75.1338,2026-07-29 07:00:00,8.4,4.2,115.0,4.1,1.2,39.0,23.0,92,0.0,19.6
Hubballi,15.3478,75.1338,2026-07-29 08:00:00,8.6,4.3,122.0,4.8,1.2,39.0,23.9,87,0.2,24.2
Hubballi,15.3478,75.1338,2026-07-29 09:00:00,8.7,4.3,123.0,4.3,1.2,42.0,25.2,79,0.1,25.0
Hubballi,15.3478,75.1338,2026-07-29 10:00:00,8.6,4.3,120.0,3.1,1.1,48.0,24.6,83,0.2,25.4
Hubballi,15.3478,75.1338,2026-07-29 11:00:00,7.9,4.0,118.0,2.2,1.0,52.0,25.9,76,0.5,28.9
Hubballi,15.3478,75.1338,2026-07-29 12:00:00,9.7,4.3,115.0,1.9,1.0,54.0,24.8,88,1.2,23.3
Hubballi,15.3478,75.1338,2026-07-29 13:00:00,8.6,4.1,112.0,1.9,1.0,56.0,25.2,82,0.6,28.6
Hubballi,15.3478,75.1338,2026-07-29 14:00:00,8.1,4.0,112.0,2.1,1.0,56.0,25.4,79,0.3,30.1
Hubballi,15.3478,75.1338,2026-07-29 15:00:00,8.5,4.0,116.0,2.6,1.0,55.0,25.6,77,0.1,31.5
Hubballi,15.3478,75.1338,2026-07-29 16:00:00,11.8,5.4,122.0,3.5,1.0,52.0,25.2,79,0.1,29.9
Hubballi,15.3478,75.1338,2026-07-29 17:00:00,20.5,8.9,128.0,4.0,1.1,49.0,25.4,78,0.0,26.8
Hubballi,15.3478,75.1338,2026-07-29 18:00:00,16.8,8.1,132.0,5.2,1.3,46.0,24.1,88,0.0,19.5
Hubballi,15.3478,75.1338,2026-07-29 19:00:00,15.4,8.3,136.0,6.8,1.5,42.0,23.7,91,0.1,21.4
Hubballi,15.3478,75.1338,2026-07-29 20:00:00,13.2,7.8,137.0,7.7,1.6,39.0,23.5,91,0.0,22.1
Hubballi,15.3478,75.1338,2026-07-29 21:00:00,10.0,6.1,134.0,7.1,1.6,39.0,23.5,92,0.0,23.5
Hubballi,15.3478,75.1338,2026-07-29 22:00:00,6.7,4.5,128.0,5.7,1.6,41.0,23.4,91,0.0,23.6
Hubballi,15.3478,75.1338,2026-07-29 23:00:00,5.6,3.4,122.0,4.4,1.5,42.0,23.1,92,0.0,21.9
Hubballi,15.3478,75.1338,2026-07-30 00:00:00,3.9,2.4,116.0,3.5,1.4,43.0,23.0,94,0.0,21.1
Hubballi,15.3478,75.1338,2026-07-30 01:00:00,3.4,1.9,109.0,2.8,1.3,43.0,22.9,95,0.3,17.2
Hubballi,15.3478,75.1338,2026-07-30 02:00:00,3.3,1.8,104.0,2.2,1.2,43.0,22.6,98,0.5,20.1
Hubballi,15.3478,75.1338,2026-07-30 03:00:00,2.8,1.6,100.0,1.8,1.1,43.0,22.6,97,0.2,23.5
Hubballi,15.3478,75.1338,2026-07-30 04:00:00,2.2,1.3,98.0,1.7,1.1,42.0,22.7,95,0.1,22.3
Hubballi,15.3478,75.1338,2026-07-30 05:00:00,1.4,1.0,100.0,1.6,1.0,42.0,22.6,96,0.1,22.0
Hubballi,15.3478,75.1338,2026-07-30 06:00:00,2.0,1.2,109.0,3.6,1.1,38.0,22.5,97,0.1,20.5
Hubballi,15.3478,75.1338,2026-07-30 07:00:00,4.4,1.9,121.0,6.2,1.3,34.0,22.8,96,0.3,21.0
Hubballi,15.3478,75.1338,2026-07-30 08:00:00,4.6,3.3,129.0,7.5,1.4,32.0,24.2,87,0.1,23.3
Hubballi,15.3478,75.1338,2026-07-30 09:00:00,4.9,2.7,126.0,6.3,1.3,36.0,25.3,80,0.2,27.9
Hubballi,15.3478,75.1338,2026-07-30 10:00:00,5.9,2.9,119.0,3.8,1.2,43.0,25.8,80,0.3,29.5
Hubballi,15.3478,75.1338,2026-07-30 11:00:00,7.9,3.4,113.0,1.9,1.1,49.0,27.1,70,0.1,30.9
Hubballi,15.3478,75.1338,2026-07-30 12:00:00,8.6,3.7,111.0,1.5,1.1,51.0,27.6,69,0.3,32.1
Hubballi,15.3478,75.1338,2026-07-30 13:00:00,7.3,3.3,111.0,1.7,1.1,52.0,27.7,69,0.1,31.8
Hubballi,15.3478,75.1338,2026-07-30 14:00:00,7.6,3.8,112.0,2.2,1.1,52.0,26.2,77,0.4,30.7
Hubballi,15.3478,75.1338,2026-07-30 15:00:00,7.5,3.7,116.0,2.9,1.1,50.0,26.5,73,0.8,32.5
Hubballi,15.3478,75.1338,2026-07-30 16:00:00,7.8,4.1,122.0,3.8,1.1,47.0,25.0,81,0.3,32.2
Hubballi,15.3478,75.1338,2026-07-30 17:00:00,13.2,5.8,126.0,4.5,1.1,44.0,24.2,88,0.7,25.6
Hubballi,15.3478,75.1338,2026-07-30 18:00:00,11.0,5.6,127.0,5.1,1.2,42.0,23.4,92,0.2,27.1
Hubballi,15.3478,75.1338,2026-07-30 19:00:00,9.9,5.6,127.0,6.0,1.4,38.0,22.7,95,0.2,26.2
Hubballi,15.3478,75.1338,2026-07-30 20:00:00,8.6,5.2,126.0,6.3,1.5,36.0,22.7,94,0.0,23.8
Hubballi,15.3478,75.1338,2026-07-30 21:00:00,6.8,4.4,124.0,5.8,1.5,36.0,22.8,94,0.0,22.3
Hubballi,15.3478,75.1338,2026-07-30 22:00:00,4.9,3.2,122.0,4.7,1.4,36.0,23.1,93,0.1,23.3
Hubballi,15.3478,75.1338,2026-07-30 23:00:00,4.6,2.6,118.0,3.8,1.3,37.0,22.6,96,0.2,24.1
Hubballi,15.3478,75.1338,2026-07-31 00:00:00,4.5,2.2,111.0,3.2,1.2,37.0,22.6,96,0.1,20.0
Hubballi,15.3478,75.1338,2026-07-31 01:00:00,2.4,1.4,102.0,2.6,1.1,36.0,22.4,97,0.4,19.9
Hubballi,15.3478,75.1338,2026-07-31 02:00:00,1.7,1.0,96.0,2.2,1.0,36.0,22.1,98,0.6,18.9
Hubballi,15.3478,75.1338,2026-07-31 03:00:00,1.3,0.9,93.0,1.8,0.9,37.0,22.0,98,0.3,17.6
Hubballi,15.3478,75.1338,2026-07-31 04:00:00,1.6,1.0,93.0,1.6,0.9,37.0,21.9,98,0.2,19.5
Hubballi,15.3478,75.1338,2026-07-31 05:00:00,3.7,1.6,95.0,1.3,0.8,39.0,22.7,96,0.2,25.8
Hubballi,15.3478,75.1338,2026-07-31 06:00:00,3.3,1.7,101.0,2.6,0.9,36.0,22.4,97,0.2,19.8
Hubballi,15.3478,75.1338,2026-07-31 07:00:00,3.9,2.1,110.0,4.2,1.0,33.0,23.0,94,0.2,24.8
Hubballi,15.3478,75.1338,2026-07-31 08:00:00,3.2,2.2,116.0,5.1,1.1,32.0,23.6,90,0.1,23.9
Hubballi,15.3478,75.1338,2026-07-31 09:00:00,3.9,2.3,115.0,4.4,1.1,36.0,24.7,85,0.1,28.1
Hubballi,15.3478,75.1338,2026-07-31 10:00:00,3.3,1.6,111.0,2.9,1.0,43.0,24.1,88,0.3,24.4
Hubballi,15.3478,75.1338,2026-07-31 11:00:00,4.1,2.2,108.0,1.7,1.0,48.0,25.1,84,0.1,27.2
Hubballi,15.3478,75.1338,2026-07-31 12:00:00,5.6,2.6,107.0,1.3,1.0,51.0,25.2,82,0.5,27.5
Hubballi,15.3478,75.1338,2026-07-31 13:00:00,7.3,3.4,107.0,1.2,1.0,52.0,26.9,77,0.4,32.1
Hubballi,15.3478,75.1338,2026-07-31 14:00:00,7.2,3.3,108.0,1.4,1.0,52.0,24.2,91,1.2,24.9
Hubballi,15.3478,75.1338,2026-07-31 15:00:00,5.5,2.8,112.0,1.8,1.0,50.0,24.7,87,1.1,26.9
Hubballi,15.3478,75.1338,2026-07-31 16:00:00,7.0,3.6,118.0,2.5,1.0,46.0,24.2,92,2.0,25.0
Hubballi,15.3478,75.1338,2026-07-31 17:00:00,4.8,2.5,122.0,3.5,0.8,42.0,24.5,87,0.2,25.9
Hubballi,15.3478,75.1338,2026-07-31 18:00:00,4.1,2.4,124.0,4.0,0.9,40.0,23.8,92,0.1,22.2
Hubballi,15.3478,75.1338,2026-07-31 19:00:00,3.9,2.5,124.0,4.8,1.2,38.0,23.1,92,0.1,23.1
Hubballi,15.3478,75.1338,2026-07-31 20:00:00,3.6,2.3,123.0,5.2,1.3,36.0,23.0,95,0.1,19.6
Hubballi,15.3478,75.1338,2026-07-31 21:00:00,3.0,2.0,121.0,5.0,1.3,36.0,23.1,94,0.1,22.1
Hubballi,15.3478,75.1338,2026-07-31 22:00:00,3.4,1.9,118.0,4.5,1.3,36.0,23.2,93,0.0,23.7
Hubballi,15.3478,75.1338,2026-07-31 23:00:00,1.9,1.4,114.0,4.0,1.3,36.0,22.9,94,0.0,20.9
Hubballi,15.3478,75.1338,2026-08-01 00:00:00,1.5,1.1,107.0,3.5,1.2,36.0,22.4,94,0.0,19.8
Hubballi,15.3478,75.1338,2026-08-01 01:00:00,1.4,0.9,98.0,2.9,1.2,35.0,22.5,95,0.0,18.6
Hubballi,15.3478,75.1338,2026-08-01 02:00:00,1.8,1.1,92.0,2.5,1.1,35.0,22.5,95,0.0,17.0
Hubballi,15.3478,75.1338,2026-08-01 03:00:00,2.1,1.2,91.0,2.2,1.1,35.0,22.2,95,0.0,18.1
Hubballi,15.3478,75.1338,2026-08-01 04:00:00,1.9,1.2,92.0,2.0,1.1,35.0,22.2,95,0.0,15.8
Hubballi,15.3478,75.1338,2026-08-01 05:00:00,1.7,1.1,95.0,2.3,1.1,36.0,22.7,94,0.0,21.4
Hubballi,15.3478,75.1338,2026-08-01 06:00:00,2.8,1.6,101.0,2.5,1.1,38.0,22.8,95,0.1,17.2
Hubballi,15.3478,75.1338,2026-08-01 07:00:00,5.6,3.1,109.0,2.8,1.1,41.0,23.3,94,0.2,19.5
Hubballi,15.3478,75.1338,2026-08-01 08:00:00,6.2,3.2,114.0,2.9,1.1,44.0,24.3,87,0.0,22.8
Hubballi,15.3478,75.1338,2026-08-01 09:00:00,5.8,3.1,112.0,2.5,1.1,48.0,26.0,77,0.1,26.3
Hubballi,15.3478,75.1338,2026-08-01 10:00:00,4.2,2.1,107.0,2.0,1.2,52.0,27.3,69,0.0,25.0
Hubballi,15.3478,75.1338,2026-08-01 11:00:00,5.0,2.6,103.0,1.5,1.2,55.0,25.1,80,0.7,27.0
Hubballi,15.3478,75.1338,2026-08-01 12:00:00,6.9,3.6,101.0,1.2,1.2,57.0,27.2,73,0.3,22.4
Hubballi,15.3478,75.1338,2026-08-01 13:00:00,6.7,3.5,101.0,1.0,1.1,59.0,25.6,85,1.5,26.3
Hubballi,15.3478,75.1338,2026-08-01 14:00:00,9.1,4.2,102.0,1.1,1.1,59.0,26.2,76,0.5,28.2
Hubballi,15.3478,75.1338,2026-08-01 15:00:00,9.6,4.5,106.0,1.4,1.1,58.0,25.3,81,0.5,28.1
Hubballi,15.3478,75.1338,2026-08-01 16:00:00,8.4,4.1,112.0,2.0,1.1,55.0,25.0,83,0.3,24.4
Hubballi,15.3478,75.1338,2026-08-01 17:00:00,13.0,6.4,118.0,3.4,1.1,48.0,24.9,83,0.2,24.0
Hubballi,15.3478,75.1338,2026-08-01 18:00:00,14.4,7.4,123.0,4.0,1.2,46.0,23.6,90,0.1,19.3
Hubballi,15.3478,75.1338,2026-08-01 19:00:00,13.3,7.0,128.0,4.9,1.2,43.0,23.0,94,0.0,20.0
Hubballi,15.3478,75.1338,2026-08-01 20:00:00,9.1,5.3,130.0,5.3,1.3,41.0,22.5,94,0.0,17.7
Hubballi,15.3478,75.1338,2026-08-01 21:00:00,4.6,2.9,126.0,5.0,1.3,41.0,22.6,94,0.0,16.8
Hubballi,15.3478,75.1338,2026-08-01 22:00:00,2.6,1.8,119.0,4.3,1.3,42.0,22.6,94,0.0,19.1
Hubballi,15.3478,75.1338,2026-08-01 23:00:00,1.5,1.1,112.0,3.7,1.2,43.0,22.6,95,0.0,21.8
Hubballi,15.3478,75.1338,2026-08-02 00:00:00,1.0,0.8,105.0,3.2,1.1,43.0,22.4,94,0.0,18.1
Hubballi,15.3478,75.1338,2026-08-02 01:00:00,0.9,0.7,99.0,2.8,1.0,42.0,22.1,94,0.0,16.1
Hubballi,15.3478,75.1338,2026-08-02 02:00:00,0.9,0.7,94.0,2.4,1.0,41.0,22.1,94,0.0,13.1
Hubballi,15.3478,75.1338,2026-08-02 03:00:00,1.2,0.8,92.0,2.1,1.0,40.0,22.0,93,0.0,12.9
Hubballi,15.3478,75.1338,2026-08-02 04:00:00,1.7,1.1,91.0,2.0,1.1,39.0,21.8,95,0.0,14.6
Hubballi,15.3478,75.1338,2026-08-02 05:00:00,1.7,1.1,93.0,2.3,1.1,38.0,22.3,98,0.0,16.7
Hubballi,15.3478,75.1338,2026-08-02 06:00:00,1.2,0.8,99.0,2.6,1.1,38.0,21.6,97,0.2,20.2
Hubballi,15.3478,75.1338,2026-08-02 07:00:00,1.4,1.1,107.0,2.9,1.2,39.0,22.3,93,0.1,18.2
Hubballi,15.3478,75.1338,2026-08-02 08:00:00,2.5,1.6,111.0,3.0,1.2,41.0,23.5,88,0.2,17.8
Hubballi,15.3478,75.1338,2026-08-02 09:00:00,4.0,2.1,109.0,2.5,1.2,45.0,24.4,84,0.1,17.8
Hubballi,15.3478,75.1338,2026-08-02 10:00:00,5.8,2.6,103.0,1.6,1.1,51.0,26.3,72,0.1,21.7
Hubballi,15.3478,75.1338,2026-08-02 11:00:00,6.3,2.9,99.0,1.0,1.1,55.0,25.6,76,0.2,20.4
Hubballi,15.3478,75.1338,2026-08-02 12:00:00,9.5,3.8,98.0,0.8,1.1,57.0,26.7,78,0.5,23.4
Hubballi,15.3478,75.1338,2026-08-02 13:00:00,10.5,4.3,98.0,0.8,1.0,57.0,27.1,76,0.4,22.7
Hubballi,15.3478,75.1338,2026-08-02 14:00:00,12.9,5.1,98.0,1.0,1.0,57.0,26.4,76,0.6,26.1
Hubballi,15.3478,75.1338,2026-08-02 15:00:00,12.3,4.9,99.0,1.3,1.0,56.0,26.5,73,0.4,24.2
Hubballi,15.3478,75.1338,2026-08-02 16:00:00,6.6,3.5,100.0,1.7,1.0,54.0,26.5,71,0.1,24.0
Hubballi,15.3478,75.1338,2026-08-02 17:00:00,8.1,4.1,102.0,3.2,1.1,46.0,25.6,78,0.0,21.7
Hubballi,15.3478,75.1338,2026-08-02 18:00:00,9.7,4.9,107.0,3.5,1.2,45.0,24.6,83,0.0,19.9
Hubballi,15.3478,75.1338,2026-08-02 19:00:00,9.9,5.2,113.0,3.9,1.4,43.0,23.8,86,0.0,18.3
Hubballi,15.3478,75.1338,2026-08-02 20:00:00,10.6,5.4,117.0,4.2,1.5,41.0,23.4,89,0.0,15.4
Hubballi,15.3478,75.1338,2026-08-02 21:00:00,10.4,5.4,118.0,4.3,1.5,40.0,23.2,91,0.0,16.3
Hubballi,15.3478,75.1338,2026-08-02 22:00:00,9.2,5.1,117.0,4.3,1.5,39.0,23.2,90,0.0,15.7
Hubballi,15.3478,75.1338,2026-08-02 23:00:00,8.8,4.8,115.0,4.1,1.5,39.0,22.7,96,0.0,16.2
Hubballi,15.3478,75.1338,2026-08-03 00:00:00,7.8,3.9,110.0,3.7,1.5,39.0,22.5,96,0.4,18.3
Hubballi,15.3478,75.1338,2026-08-03 01:00:00,6.6,3.3,102.0,3.3,1.4,39.0,22.3,97,0.1,19.2
Hubballi,15.3478,75.1338,2026-08-03 02:00:00,6.8,3.4,97.0,2.8,1.4,39.0,22.2,96,0.0,16.6
Hubballi,15.3478,75.1338,2026-08-03 03:00:00,7.7,3.9,94.0,2.3,1.3,40.0,22.2,96,0.1,15.9
Hubballi,15.3478,75.1338,2026-08-03 04:00:00,9.1,4.5,92.0,1.8,1.2,42.0,22.0,96,0.0,14.3
Hubballi,15.3478,75.1338,2026-08-03 05:00:00,7.8,3.7,94.0,1.6,1.2,46.0,22.4,97,0.0,18.6
Hubballi,15.3478,75.1338,2026-08-03 06:00:00,6.2,3.1,102.0,2.2,1.2,46.0,22.2,96,0.0,17.4
Hubballi,15.3478,75.1338,2026-08-03 07:00:00,6.9,3.6,113.0,3.1,1.3,46.0,22.9,93,0.1,16.4
Hubballi,15.3478,75.1338,2026-08-03 08:00:00,8.5,3.9,120.0,3.5,1.3,47.0,24.1,86,0.2,18.6
Hubballi,15.3478,75.1338,2026-08-03 09:00:00,9.6,4.0,117.0,3.1,1.2,50.0,25.2,81,0.0,19.9
Hubballi,15.3478,75.1338,2026-08-03 10:00:00,12.3,4.9,110.0,2.2,1.2,54.0,25.9,77,0.1,20.1
Hubballi,15.3478,75.1338,2026-08-03 11:00:00,17.4,6.7,105.0,1.6,1.1,57.0,26.0,75,0.1,21.0
Hubballi,15.3478,75.1338,2026-08-03 12:00:00,22.6,8.2,106.0,1.4,1.1,58.0,27.1,76,0.2,21.3
Hubballi,15.3478,75.1338,2026-08-03 13:00:00,24.2,8.7,111.0,1.4,1.1,57.0,26.7,75,0.1,23.4
Hubballi,15.3478,75.1338,2026-08-03 14:00:00,26.8,9.7,115.0,1.6,1.1,57.0,25.5,84,1.0,22.7
Hubballi,15.3478,75.1338,2026-08-03 15:00:00,25.8,9.7,119.0,2.1,1.1,57.0,24.4,90,1.5,20.0
Hubballi,15.3478,75.1338,2026-08-03 16:00:00,20.1,9.0,123.0,2.9,1.1,58.0,24.0,86,0.8,18.7
Hubballi,15.3478,75.1338,2026-08-03 17:00:00,19.3,8.0,128.0,3.6,1.1,56.0,25.0,86,0.8,23.4
Hubballi,15.3478,75.1338,2026-08-03 18:00:00,15.0,7.0,137.0,4.6,1.2,52.0,23.8,89,0.2,20.2
Hubballi,15.3478,75.1338,2026-08-03 19:00:00,10.3,5.8,147.0,5.9,1.4,47.0,23.2,92,0.0,17.8
Hubballi,15.3478,75.1338,2026-08-03 20:00:00,8.0,5.0,153.0,6.8,1.6,43.0,23.0,92,0.0,16.4
Hubballi,15.3478,75.1338,2026-08-03 21:00:00,6.7,4.5,154.0,6.8,1.7,41.0,23.0,91,0.0,14.1
Hubballi,15.3478,75.1338,2026-08-03 22:00:00,5.8,3.8,151.0,6.2,1.7,41.0,22.8,92,0.0,13.7
Hubballi,15.3478,75.1338,2026-08-03 23:00:00,5.4,3.5,145.0,5.5,1.7,41.0,23.2,90,0.0,15.0
Hubballi,15.3478,75.1338,2026-08-04 00:00:00,4.0,2.5,133.0,4.6,1.6,42.0,22.5,95,0.2,15.9
Hubballi,15.3478,75.1338,2026-08-04 01:00:00,3.4,2.0,117.0,3.5,1.5,44.0,22.4,96,0.1,15.7
Hubballi,15.3478,75.1338,2026-08-04 02:00:00,4.1,2.1,105.0,2.7,1.4,45.0,22.2,96,0.0,15.1
Hubballi,15.3478,75.1338,2026-08-04 03:00:00,4.9,2.3,101.0,2.3,1.4,45.0,22.3,95,0.0,13.2
Hubballi,15.3478,75.1338,2026-08-04 04:00:00,4.5,2.2,102.0,2.3,1.5,44.0,22.0,96,0.0,12.0
Hubballi,15.3478,75.1338,2026-08-04 05:00:00,8.6,4.0,105.0,2.2,1.5,46.0,22.4,98,0.1,12.8
Hubballi,15.3478,75.1338,2026-08-04 06:00:00,7.7,3.9,112.0,2.8,1.5,46.0,22.5,96,0.3,15.4
Hubballi,15.3478,75.1338,2026-08-04 07:00:00,6.8,3.7,122.0,3.6,1.5,46.0,22.9,94,0.3,18.6
Hubballi,15.3478,75.1338,2026-08-04 08:00:00,7.0,3.7,128.0,3.9,1.5,48.0,23.9,88,0.1,18.4
Hubballi,15.3478,75.1338,2026-08-04 09:00:00,7.7,3.9,125.0,3.3,1.4,53.0,24.1,84,0.5,19.1
Hubballi,15.3478,75.1338,2026-08-04 10:00:00,9.9,4.5,118.0,2.2,1.3,59.0,24.5,86,0.2,17.8
Hubballi,15.3478,75.1338,2026-08-04 11:00:00,11.7,5.1,113.0,1.4,1.2,63.0,26.8,77,0.0,18.4
Hubballi,15.3478,75.1338,2026-08-04 12:00:00,14.6,6.1,113.0,1.3,1.2,64.0,26.9,69,0.5,20.0
Hubballi,15.3478,75.1338,2026-08-04 13:00:00,19.4,7.6,116.0,1.6,1.2,63.0,25.3,82,2.2,19.0
Hubballi,15.3478,75.1338,2026-08-04 14:00:00,18.6,8.0,119.0,2.0,1.2,62.0,27.2,68,0.7,18.9
Hubballi,15.3478,75.1338,2026-08-04 15:00:00,15.3,7.4,121.0,2.7,1.2,60.0,24.6,81,1.0,22.7
Hubballi,15.3478,75.1338,2026-08-04 16:00:00,15.0,7.7,122.0,3.5,1.3,58.0,24.5,88,0.5,18.8
Hubballi,15.3478,75.1338,2026-08-04 17:00:00,14.1,8.1,125.0,4.1,1.3,54.0,24.2,89,0.2,18.8
Hubballi,15.3478,75.1338,2026-08-04 18:00:00,12.5,7.7,129.0,5.0,1.5,51.0,23.5,89,0.1,18.6
Hubballi,15.3478,75.1338,2026-08-04 19:00:00,11.9,7.3,135.0,6.2,1.7,47.0,23.1,90,0.0,15.9
Hubballi,15.3478,75.1338,2026-08-04 20:00:00,12.0,7.1,138.0,6.8,1.8,44.0,22.8,92,0.1,14.4
Hubballi,15.3478,75.1338,2026-08-04 21:00:00,9.6,5.8,139.0,6.4,1.8,44.0,22.4,94,0.3,15.7
Hubballi,15.3478,75.1338,2026-08-04 22:00:00,7.2,4.5,138.0,5.5,1.8,44.0,22.1,97,1.5,14.3
Hubballi,15.3478,75.1338,2026-08-04 23:00:00,5.2,3.2,134.0,4.6,1.7,45.0,22.3,97,2.0,15.5
Hubballi,15.3478,75.1338,2026-08-05 00:00:00,4.1,2.4,127.0,4.0,1.6,45.0,22.2,97,0.2,14.7
Hubballi,15.3478,75.1338,2026-08-05 01:00:00,4.6,2.5,117.0,3.4,1.4,44.0,22.0,98,0.3,14.5
Hubballi,15.3478,75.1338,2026-08-05 02:00:00,5.4,2.6,109.0,2.9,1.3,44.0,22.1,97,0.1,16.9
Hubballi,15.3478,75.1338,2026-08-05 03:00:00,5.2,2.6,104.0,2.5,1.3,44.0,22.0,97,0.0,15.7
Hubballi,15.3478,75.1338,2026-08-05 04:00:00,4.5,2.4,102.0,2.2,1.4,44.0,22.0,97,0.1,14.1
Hubballi,15.3478,75.1338,2026-08-05 05:00:00,5.4,2.4,102.0,1.7,1.1,46.0,22.3,97,0.1,16.8
Hubballi,15.3478,75.1338,2026-08-05 06:00:00,5.3,2.6,107.0,2.5,1.2,45.0,22.3,96,0.1,16.8
Hubballi,15.3478,75.1338,2026-08-05 07:00:00,5.9,3.2,115.0,3.5,1.3,43.0,22.7,94,0.2,18.5
Hubballi,15.3478,75.1338,2026-08-05 08:00:00,5.5,3.3,119.0,4.0,1.3,43.0,23.7,89,0.1,17.6
Hubballi,15.3478,75.1338,2026-08-05 09:00:00,5.9,3.2,116.0,3.4,1.2,45.0,24.3,84,0.1,20.2
Hubballi,15.3478,75.1338,2026-08-05 10:00:00,7.1,3.3,109.0,2.3,1.1,48.0,26.3,76,0.2,24.0
Hubballi,15.3478,75.1338,2026-08-05 11:00:00,9.5,4.0,104.0,1.5,1.0,51.0,26.6,72,0.3,22.5
Hubballi,15.3478,75.1338,2026-08-05 12:00:00,11.5,4.6,104.0,1.3,1.0,54.0,27.0,69,0.3,22.9
Hubballi,15.3478,75.1338,2026-08-05 13:00:00,13.1,5.3,107.0,1.3,1.0,56.0,27.2,65,0.3,25.4
Hubballi,15.3478,75.1338,2026-08-05 14:00:00,11.3,5.1,111.0,1.6,1.1,57.0,26.8,66,0.1,26.5
Hubballi,15.3478,75.1338,2026-08-05 15:00:00,11.6,5.4,115.0,2.3,1.2,57.0,25.5,79,0.6,23.9
Hubballi,15.3478,75.1338,2026-08-05 16:00:00,11.6,5.9,120.0,3.2,1.2,55.0,25.4,76,0.2,26.1
Hubballi,15.3478,75.1338,2026-08-05 17:00:00,14.8,6.6,125.0,3.2,1.2,51.0,23.9,90,0.1,18.8
Hubballi,15.3478,75.1338,2026-08-05 18:00:00,17.9,7.6,132.0,4.2,1.3,48.0,23.7,90,0.1,17.9
Hubballi,15.3478,75.1338,2026-08-05 19:00:00,16.8,7.8,139.0,5.5,1.5,43.0,23.2,91,0.0,16.7
Hubballi,15.3478,75.1338,2026-08-05 20:00:00,16.3,8.1,142.0,6.5,1.7,39.0,22.7,93,0.0,15.7
Hubballi,15.3478,75.1338,2026-08-05 21:00:00,13.6,7.2,137.0,6.8,1.8,37.0,22.6,94,0.0,14.7
Hubballi,15.3478,75.1338,2026-08-05 22:00:00,12.0,6.9,128.0,6.8,1.8,35.0,22.4,95,0.0,14.2
Hubballi,15.3478,75.1338,2026-08-05 23:00:00,10.3,6.0,120.0,6.5,1.8,34.0,22.8,94,0.0,17.1
Hubballi,15.3478,75.1338,2026-08-06 00:00:00,7.9,4.4,114.0,5.7,1.7,34.0,22.4,95,0.0,15.5
Hubballi,15.3478,75.1338,2026-08-06 01:00:00,6.0,3.4,108.0,4.6,1.6,35.0,22.3,96,0.0,13.6
Hubballi,15.3478,75.1338,2026-08-06 02:00:00,5.4,3.0,104.0,3.7,1.5,36.0,22.4,95,0.0,13.2
Hubballi,15.3478,75.1338,2026-08-06 03:00:00,4.7,2.5,100.0,3.1,1.4,37.0,22.4,95,0.1,14.0
Hubballi,15.3478,75.1338,2026-08-06 04:00:00,4.4,2.3,96.0,2.6,1.4,37.0,22.2,95,0.0,14.4
Hubballi,15.3478,75.1338,2026-08-06 05:00:00,5.8,2.7,97.0,1.9,1.2,42.0,22.2,97,0.0,17.2
Hubballi,15.3478,75.1338,2026-08-06 06:00:00,5.2,2.6,106.0,2.4,1.2,42.0,22.1,96,0.0,17.1
Hubballi,15.3478,75.1338,2026-08-06 07:00:00,6.7,3.4,119.0,3.1,1.3,43.0,23.0,92,0.0,16.6
Hubballi,15.3478,75.1338,2026-08-06 08:00:00,9.2,4.5,126.0,3.4,1.3,44.0,23.8,88,0.2,19.2
Hubballi,15.3478,75.1338,2026-08-06 09:00:00,11.2,5.1,121.0,2.8,1.2,48.0,25.0,80,0.3,22.4
Hubballi,15.3478,75.1338,2026-08-06 10:00:00,11.0,5.1,111.0,1.9,1.2,52.0,25.7,78,0.4,22.2
Hubballi,15.3478,75.1338,2026-08-06 11:00:00,11.1,4.7,104.0,1.2,1.1,56.0,26.9,73,0.1,23.1
Hubballi,15.3478,75.1338,2026-08-06 12:00:00,12.7,5.0,104.0,1.0,1.1,58.0,26.8,69,0.3,22.8
Hubballi,15.3478,75.1338,2026-08-06 13:00:00,14.1,5.5,108.0,1.2,1.1,60.0,27.7,65,0.1,26.3
Hubballi,15.3478,75.1338,2026-08-06 14:00:00,12.1,5.6,112.0,1.5,1.1,60.0,26.2,72,0.2,27.9
Hubballi,15.3478,75.1338,2026-08-06 15:00:00,12.6,6.0,114.0,2.1,1.1,58.0,25.4,76,0.1,29.2
Hubballi,15.3478,75.1338,2026-08-06 16:00:00,11.6,5.8,115.0,3.0,1.1,54.0,23.6,85,0.2,21.4
Hubballi,15.3478,75.1338,2026-08-06 17:00:00,19.8,8.6,119.0,3.7,1.2,51.0,23.4,92,0.4,21.8
Hubballi,15.3478,75.1338,2026-08-06 18:00:00,16.6,8.1,127.0,4.7,1.3,48.0,23.3,92,0.2,17.8
Hubballi,15.3478,75.1338,2026-08-06 19:00:00,14.5,7.8,137.0,6.0,1.4,43.0,22.6,94,0.1,17.5
Hubballi,15.3478,75.1338,2026-08-06 20:00:00,12.7,7.1,143.0,6.7,1.5,40.0,22.5,93,0.0,17.3
Hubballi,15.3478,75.1338,2026-08-06 21:00:00,7.8,4.8,141.0,6.2,1.5,41.0,22.6,93,0.0,17.4
Hubballi,15.3478,75.1338,2026-08-06 22:00:00,5.2,3.4,135.0,5.1,1.4,43.0,22.6,93,0.0,16.5
Hubballi,15.3478,75.1338,2026-08-06 23:00:00,4.2,2.6,128.0,4.1,1.3,45.0,22.9,93,0.0,17.4
Hubballi,15.3478,75.1338,2026-08-07 00:00:00,3.9,2.1,119.0,3.4,1.3,45.0,22.7,93,0.1,19.1
Hubballi,15.3478,75.1338,2026-08-07 01:00:00,3.6,1.9,108.0,2.8,1.3,45.0,22.4,93,0.0,18.9
Hubballi,15.3478,75.1338,2026-08-07 02:00:00,2.8,1.5,100.0,2.4,1.3,45.0,22.4,93,0.0,17.7
Hubballi,15.3478,75.1338,2026-08-07 03:00:00,2.3,1.4,95.0,2.1,1.3,45.0,22.1,96,0.2,14.0
Hubballi,15.3478,75.1338,2026-08-07 04:00:00,3.0,1.5,92.0,1.9,1.3,45.0,22.1,96,0.2,16.2
Hubballi,15.3478,75.1338,2026-08-07 05:00:00,3.3,1.8,93.0,2.2,1.4,43.0,22.4,95,0.1,17.8
Hubballi,15.3478,75.1338,2026-08-07 06:00:00,3.1,1.8,102.0,2.9,1.4,42.0,22.5,94,0.1,17.8
Hubballi,15.3478,75.1338,2026-08-07 07:00:00,4.0,2.4,115.0,3.7,1.5,41.0,22.9,91,0.0,15.9
Hubballi,15.3478,75.1338,2026-08-07 08:00:00,4.9,2.8,122.0,4.1,1.5,41.0,24.2,83,0.0,18.9
Hubballi,15.3478,75.1338,2026-08-07 09:00:00,4.7,2.6,119.0,3.5,1.4,45.0,25.6,76,0.1,24.2
Hubballi,15.3478,75.1338,2026-08-07 10:00:00,5.2,2.8,110.0,2.4,1.4,51.0,26.8,71,0.1,23.6
Hubballi,15.3478,75.1338,2026-08-07 11:00:00,6.2,3.2,103.0,1.6,1.3,55.0,27.5,66,0.1,24.1
Hubballi,15.3478,75.1338,2026-08-07 12:00:00,9.1,4.3,101.0,1.3,1.3,57.0,27.2,67,0.7,26.0
Hubballi,15.3478,75.1338,2026-08-07 13:00:00,11.8,5.5,101.0,1.3,1.3,58.0,27.3,71,0.5,23.7
Hubballi,15.3478,75.1338,2026-08-07 14:00:00,12.4,6.0,103.0,1.6,1.3,57.0,27.9,66,0.1,24.2
Hubballi,15.3478,75.1338,2026-08-07 15:00:00,11.8,5.9,106.0,2.1,1.3,54.0,27.3,67,0.3,25.0
Hubballi,15.3478,75.1338,2026-08-07 16:00:00,9.4,5.2,109.0,2.9,1.3,50.0,26.6,71,0.3,22.3
Hubballi,15.3478,75.1338,2026-08-07 17:00:00,11.7,6.5,114.0,3.4,1.2,48.0,26.3,74,0.1,20.3
Hubballi,15.3478,75.1338,2026-08-07 18:00:00,10.5,6.2,121.0,4.2,1.3,44.0,25.0,82,0.0,19.7
Hubballi,15.3478,75.1338,2026-08-07 19:00:00,8.3,5.1,129.0,5.4,1.5,39.0,23.9,88,0.0,19.3
Hubballi,15.3478,75.1338,2026-08-07 20:00:00,7.3,4.6,133.0,6.2,1.6,35.0,23.4,90,0.0,18.9
Hubballi,15.3478,75.1338,2026-08-07 21:00:00,6.9,4.7,131.0,6.4,1.7,33.0,23.0,91,0.0,17.3
Hubballi,15.3478,75.1338,2026-08-07 22:00:00,5.8,4.0,126.0,6.2,1.8,32.0,23.1,90,0.0,17.2
Hubballi,15.3478,75.1338,2026-08-07 23:00:00,4.9,3.5,119.0,5.7,1.8,32.0,22.9,95,0.0,16.7
Hubballi,15.3478,75.1338,2026-08-08 00:00:00,3.9,2.3,111.0,4.8,1.7,33.0,22.9,94,0.0,16.6
Hubballi,15.3478,75.1338,2026-08-08 01:00:00,3.4,2.1,102.0,3.7,1.5,34.0,22.7,94,0.1,16.3
Hubballi,15.3478,75.1338,2026-08-08 02:00:00,3.0,1.8,96.0,2.8,1.3,35.0,22.4,94,0.0,16.4
Hubballi,15.3478,75.1338,2026-08-08 03:00:00,2.5,1.5,94.0,2.4,1.3,36.0,22.3,94,0.0,17.1
Hubballi,15.3478,75.1338,2026-08-08 04:00:00,2.2,1.4,94.0,2.2,1.3,36.0,22.2,94,0.0,15.4
Hubballi,15.3478,75.1338,2026-08-08 05:00:00,1.4,1.1,97.0,2.6,1.3,35.0,22.3,96,0.0,16.9
Hubballi,15.3478,75.1338,2026-08-08 06:00:00,1.3,1.1,106.0,3.1,1.3,35.0,22.3,95,0.0,15.4
Hubballi,15.3478,75.1338,2026-08-08 07:00:00,1.8,1.4,119.0,3.7,1.3,36.0,22.8,93,0.0,14.0
Hubballi,15.3478,75.1338,2026-08-08 08:00:00,3.0,2.0,125.0,3.9,1.3,38.0,23.6,89,0.1,18.0
Hubballi,15.3478,75.1338,2026-08-08 09:00:00,4.7,2.5,119.0,3.2,1.3,44.0,25.5,77,0.1,21.0
Hubballi,15.3478,75.1338,2026-08-08 10:00:00,5.7,2.9,107.0,2.0,1.2,51.0,27.1,68,0.1,22.7
Hubballi,15.3478,75.1338,2026-08-08 11:00:00,7.2,3.7,99.0,1.2,1.2,56.0,26.2,72,0.1,23.9
Hubballi,15.3478,75.1338,2026-08-08 12:00:00,9.9,4.8,99.0,0.9,1.2,58.0,26.4,73,0.5,22.5
Hubballi,15.3478,75.1338,2026-08-08 13:00:00,10.5,5.2,103.0,0.9,1.1,58.0,25.8,75,0.5,22.6
Hubballi,15.3478,75.1338,2026-08-08 14:00:00,10.7,5.3,106.0,1.2,1.1,57.0,26.4,74,0.3,26.6
Hubballi,15.3478,75.1338,2026-08-08 15:00:00,14.1,6.3,106.0,1.7,1.1,55.0,26.5,73,0.3,23.4
Hubballi,15.3478,75.1338,2026-08-08 16:00:00,11.1,5.7,105.0,2.5,1.1,53.0,25.7,75,0.2,25.8
Hubballi,15.3478,75.1338,2026-08-08 17:00:00,10.0,5.7,107.0,3.8,1.1,48.0,25.6,78,0.0,21.9
Hubballi,15.3478,75.1338,2026-08-08 18:00:00,7.5,4.7,115.0,4.7,1.2,45.0,24.5,82,0.0,20.8
Hubballi,15.3478,75.1338,2026-08-08 19:00:00,7.2,4.8,126.0,6.0,1.4,40.0,23.5,88,0.0,18.6
Hubballi,15.3478,75.1338,2026-08-08 20:00:00,7.6,4.9,133.0,6.7,1.5,37.0,23.0,90,0.0,16.2
Hubballi,15.3478,75.1338,2026-08-08 21:00:00,7.3,4.7,132.0,6.4,1.5,36.0,22.6,92,0.0,15.1
Hubballi,15.3478,75.1338,2026-08-08 22:00:00,7.2,4.4,126.0,5.5,1.5,37.0,22.4,93,0.0,15.0
Hubballi,15.3478,75.1338,2026-08-08 23:00:00,5.8,3.6,120.0,4.6,1.4,38.0,22.8,93,0.0,17.1
Hubballi,15.3478,75.1338,2026-08-09 00:00:00,4.8,3.0,114.0,3.9,1.3,39.0,22.4,93,0.0,17.4
Hubballi,15.3478,75.1338,2026-08-09 01:00:00,4.6,2.9,108.0,3.2,1.3,40.0,22.5,91,0.0,16.6
Hubballi,15.3478,75.1338,2026-08-09 02:00:00,4.7,2.6,103.0,2.7,1.2,41.0,22.4,91,0.0,16.1
Hubballi,15.3478,75.1338,2026-08-09 03:00:00,4.2,2.2,100.0,2.4,1.2,41.0,22.1,91,0.0,14.8
Hubballi,15.3478,75.1338,2026-08-09 04:00:00,3.7,2.0,97.0,2.2,1.2,42.0,22.3,91,0.0,15.7
Hubballi,15.3478,75.1338,2026-08-09 05:00:00,3.2,1.8,97.0,2.1,1.3,42.0,22.5,95,0.0,18.3
Hubballi,15.3478,75.1338,2026-08-09 06:00:00,3.4,1.9,100.0,2.2,1.3,43.0,22.2,95,0.0,16.1
Hubballi,15.3478,75.1338,2026-08-09 07:00:00,3.4,1.9,104.0,2.3,1.4,44.0,23.0,90,0.0,17.5
Hubballi,15.3478,75.1338,2026-08-09 08:00:00,3.7,2.1,106.0,2.3,1.4,46.0,24.0,84,0.1,18.8
Hubballi,15.3478,75.1338,2026-08-09 09:00:00,6.4,2.9,103.0,1.9,1.3,50.0,25.3,77,0.1,21.4
Hubballi,15.3478,75.1338,2026-08-09 10:00:00,10.5,4.4,97.0,1.3,1.3,54.0,26.7,71,0.0,21.1
Hubballi,15.3478,75.1338,2026-08-09 11:00:00,14.8,5.9,94.0,0.9,1.2,57.0,28.0,64,0.1,21.3
Hubballi,15.3478,75.1338,2026-08-09 12:00:00,16.5,6.7,96.0,0.7,1.2,58.0,28.9,60,0.1,20.7
Hubballi,15.3478,75.1338,2026-08-09 13:00:00,16.1,6.8,101.0,0.7,1.2,57.0,29.4,56,0.1,21.6
Hubballi,15.3478,75.1338,2026-08-09 14:00:00,14.5,6.3,104.0,0.8,1.2,56.0,27.9,67,0.8,25.2
Hubballi,15.3478,75.1338,2026-08-09 15:00:00,13.0,5.8,103.0,1.0,1.2,54.0,28.4,67,0.1,23.1
Hubballi,15.3478,75.1338,2026-08-09 16:00:00,11.7,5.4,101.0,1.3,1.1,52.0,27.1,68,0.2,23.4
Hubballi,15.3478,75.1338,2026-08-09 17:00:00,15.4,7.3,101.0,2.1,1.2,49.0,26.7,73,0.1,20.5
Hubballi,15.3478,75.1338,2026-08-09 18:00:00,14.6,7.3,106.0,2.8,1.3,46.0,25.1,79,0.1,20.8
Hubballi,15.3478,75.1338,2026-08-09 19:00:00,11.9,6.5,113.0,3.7,1.4,41.0,24.0,85,0.0,18.6
Hubballi,15.3478,75.1338,2026-08-09 20:00:00,9.5,5.6,117.0,4.2,1.5,38.0,23.2,88,0.0,16.7
Hubballi,15.3478,75.1338,2026-08-09 21:00:00,7.8,4.8,115.0,4.1,1.5,37.0,22.7,91,0.0,15.4
Hubballi,15.3478,75.1338,2026-08-09 22:00:00,5.3,3.5,111.0,3.6,1.5,38.0,22.6,92,0.0,14.4
Hubballi,15.3478,75.1338,2026-08-09 23:00:00,4.0,2.7,106.0,3.1,1.4,39.0,23.1,91,0.0,14.4
Hubballi,15.3478,75.1338,2026-08-10 00:00:00,3.5,2.3,101.0,2.7,1.3,39.0,22.7,92,0.0,14.7
Hubballi,15.3478,75.1338,2026-08-10 01:00:00,3.7,2.2,95.0,2.2,1.2,40.0,22.3,93,0.0,14.0
Hubballi,15.3478,75.1338,2026-08-10 02:00:00,4.3,2.4,92.0,1.9,1.1,40.0,22.1,93,0.0,12.9
Hubballi,15.3478,75.1338,2026-08-10 03:00:00,5.0,2.6,92.0,1.8,1.1,40.0,21.9,94,0.0,13.8
Hubballi,15.3478,75.1338,2026-08-10 04:00:00,5.5,2.8,95.0,1.7,1.1,40.0,22.1,92,0.0,14.3
Hubballi,15.3478,75.1338,2026-08-10 05:00:00,4.4,2.5,98.0,1.8,1.3,40.0,22.8,93,0.0,14.1
Hubballi,15.3478,75.1338,2026-08-10 06:00:00,4.1,2.4,102.0,2.2,1.3,40.0,22.3,95,0.0,14.7
Hubballi,15.3478,75.1338,2026-08-10 07:00:00,4.3,2.5,107.0,2.8,1.4,41.0,23.3,87,0.0,17.8
Hubballi,15.3478,75.1338,2026-08-10 08:00:00,4.2,2.5,109.0,3.0,1.4,43.0,24.1,82,0.0,18.4
Hubballi,15.3478,75.1338,2026-08-10 09:00:00,4.2,2.5,107.0,2.5,1.3,48.0,25.7,73,0.1,19.9
Hubballi,15.3478,75.1338,2026-08-10 10:00:00,4.8,2.6,102.0,1.7,1.2,54.0,26.4,74,0.1,19.3
Hubballi,15.3478,75.1338,2026-08-10 11:00:00,5.0,2.7,100.0,1.1,1.1,58.0,27.5,66,0.0,21.7
Hubballi,15.3478,75.1338,2026-08-10 12:00:00,6.3,3.0,101.0,0.9,1.0,58.0,28.3,64,0.3,22.6
Hubballi,15.3478,75.1338,2026-08-10 13:00:00,6.1,3.0,105.0,1.0,1.0,55.0,27.3,69,1.0,28.0
Hubballi,15.3478,75.1338,2026-08-10 14:00:00,12.7,5.3,108.0,1.3,1.0,53.0,27.4,68,0.4,26.0
Hubballi,15.3478,75.1338,2026-08-10 15:00:00,8.6,4.5,109.0,1.7,1.0,53.0,27.5,66,0.4,27.0
Hubballi,15.3478,75.1338,2026-08-10 16:00:00,7.5,4.2,111.0,2.4,1.1,54.0,26.6,70,0.2,26.4
Hubballi,15.3478,75.1338,2026-08-10 17:00:00,9.9,4.7,114.0,2.5,1.1,51.0,26.3,72,0.1,22.7
Hubballi,15.3478,75.1338,2026-08-10 18:00:00,9.5,5.1,123.0,3.5,1.2,47.0,25.0,79,0.0,20.0
Hubballi,15.3478,75.1338,2026-08-10 19:00:00,9.0,5.4,134.0,5.0,1.4,42.0,23.8,86,0.0,17.3
Hubballi,15.3478,75.1338,2026-08-10 20:00:00,8.7,5.3,140.0,6.1,1.6,38.0,23.3,90,0.0,14.3
Hubballi,15.3478,75.1338,2026-08-10 21:00:00,8.8,5.5,136.0,6.8,1.7,35.0,23.0,91,0.0,11.9
Hubballi,15.3478,75.1338,2026-08-10 22:00:00,9.0,5.8,126.0,7.2,1.9,34.0,22.5,93,0.0,12.3
Hubballi,15.3478,75.1338,2026-08-10 23:00:00,8.6,5.6,118.0,7.1,1.9,33.0,23.1,90,0.0,12.6
Hubballi,15.3478,75.1338,2026-08-11 00:00:00,7.2,4.6,114.0,6.0,1.8,34.0,22.5,92,0.0,12.1
Hubballi,15.3478,75.1338,2026-08-11 01:00:00,5.9,3.8,110.0,4.4,1.6,36.0,22.0,93,0.0,10.5
Hubballi,15.3478,75.1338,2026-08-11 02:00:00,4.9,2.9,107.0,3.2,1.5,37.0,21.7,95,0.0,10.5
Hubballi,15.3478,75.1338,2026-08-11 03:00:00,4.1,2.4,102.0,2.7,1.5,37.0,22.1,91,0.0,12.3
Hubballi,15.3478,75.1338,2026-08-11 04:00:00,3.1,1.9,97.0,2.6,1.5,37.0,22.4,89,0.0,12.8
Hubballi,15.3478,75.1338,2026-08-11 05:00:00,2.2,1.4,95.0,2.1,1.4,40.0,23.3,92,0.0,15.6
Hubballi,15.3478,75.1338,2026-08-11 06:00:00,2.2,1.3,101.0,2.5,1.4,40.0,22.6,95,0.0,13.9
Hubballi,15.3478,75.1338,2026-08-11 07:00:00,2.6,1.6,111.0,3.0,1.4,41.0,23.4,89,0.1,15.5
Hubballi,15.3478,75.1338,2026-08-11 08:00:00,3.2,2.1,117.0,3.2,1.4,43.0,23.6,89,0.1,16.2
Hubballi,15.3478,75.1338,2026-08-11 09:00:00,4.1,2.4,113.0,2.7,1.3,48.0,25.4,80,0.2,21.4
Hubballi,15.3478,75.1338,2026-08-11 10:00:00,6.2,3.3,104.0,1.8,1.2,55.0,26.6,73,0.2,21.2
Hubballi,15.3478,75.1338,2026-08-11 11:00:00,6.6,3.4,98.0,1.1,1.1,60.0,27.6,65,0.1,22.8
Hubballi,15.3478,75.1338,2026-08-11 12:00:00,8.7,4.1,97.0,0.9,1.0,60.0,28.5,61,0.1,22.8
Hubballi,15.3478,75.1338,2026-08-11 13:00:00,12.2,5.3,98.0,1.0,1.0,57.0,29.0,61,0.1,22.7
Hubballi,15.3478,75.1338,2026-08-11 14:00:00,10.4,4.8,100.0,1.2,1.0,55.0,28.0,63,0.9,27.8
Hubballi,15.3478,75.1338,2026-08-11 15:00:00,10.2,5.1,104.0,1.6,1.0,55.0,27.3,68,0.1,25.1
Hubballi,15.3478,75.1338,2026-08-11 16:00:00,9.4,5.0,108.0,2.2,1.0,55.0,27.2,67,0.1,26.3
Hubballi,15.3478,75.1338,2026-08-11 17:00:00,13.4,7.1,113.0,2.8,1.0,52.0,25.9,74,0.0,24.4
Hubballi,15.3478,75.1338,2026-08-11 18:00:00,10.9,6.3,117.0,3.8,1.1,48.0,24.8,79,0.0,22.0
Hubballi,15.3478,75.1338,2026-08-11 19:00:00,8.5,5.3,120.0,5.1,1.3,44.0,23.6,86,0.0,20.7
Hubballi,15.3478,75.1338,2026-08-11 20:00:00,6.6,4.3,123.0,5.9,1.4,40.0,23.1,88,0.0,19.0
Hubballi,15.3478,75.1338,2026-08-11 21:00:00,4.6,3.0,125.0,5.8,1.4,39.0,23.0,88,0.0,17.2
Hubballi,15.3478,75.1338,2026-08-11 22:00:00,3.9,2.5,126.0,5.3,1.4,39.0,22.4,91,0.0,14.4
Hubballi,15.3478,75.1338,2026-08-11 23:00:00,3.6,2.4,124.0,4.6,1.4,39.0,22.7,90,0.0,17.2
Hubballi,15.3478,75.1338,2026-08-12 00:00:00,3.1,2.2,116.0,3.9,1.3,39.0,22.2,93,0.0,16.9
Hubballi,15.3478,75.1338,2026-08-12 01:00:00,2.2,1.4,104.0,3.0,1.2,40.0,22.1,92,0.0,18.1
Hubballi,15.3478,75.1338,2026-08-12 02:00:00,2.3,1.4,95.0,2.4,1.1,41.0,22.1,93,0.0,17.4
Hubballi,15.3478,75.1338,2026-08-12 03:00:00,3.1,1.6,91.0,2.1,1.1,41.0,22.2,93,0.1,16.8
Hubballi,15.3478,75.1338,2026-08-12 04:00:00,3.2,1.7,90.0,1.9,1.1,42.0,22.1,93,0.0,16.2
Hubballi,15.3478,75.1338,2026-08-12 05:00:00,3.0,1.4,92.0,1.8,1.0,42.0,22.3,95,0.0,17.5
Hubballi,15.3478,75.1338,2026-08-12 06:00:00,3.2,1.6,97.0,2.2,1.0,42.0,22.1,95,0.0,17.5
Hubballi,15.3478,75.1338,2026-08-12 07:00:00,2.7,1.7,105.0,2.8,1.1,42.0,22.7,91,0.1,19.7
Hubballi,15.3478,75.1338,2026-08-12 08:00:00,3.7,2.1,110.0,3.0,1.1,44.0,23.6,86,0.1,19.8
Hubballi,15.3478,75.1338,2026-08-12 09:00:00,3.5,2.1,108.0,2.6,1.1,48.0,25.2,78,0.1,22.7
Hubballi,15.3478,75.1338,2026-08-12 10:00:00,4.2,2.5,104.0,1.8,1.0,53.0,26.1,73,0.3,22.9
Hubballi,15.3478,75.1338,2026-08-12 11:00:00,5.6,2.9,101.0,1.2,1.0,57.0,27.0,67,0.3,24.0
Hubballi,15.3478,75.1338,2026-08-12 12:00:00,8.1,3.8,102.0,1.0,1.0,59.0,27.8,69,0.5,23.7
Hubballi,15.3478,75.1338,2026-08-12 13:00:00,9.3,4.2,104.0,0.9,1.0,59.0,28.5,64,0.1,24.6
Hubballi,15.3478,75.1338,2026-08-12 14:00:00,10.2,4.8,106.0,1.2,1.0,59.0,26.9,69,0.7,27.8
Hubballi,15.3478,75.1338,2026-08-12 15:00:00,10.7,5.6,107.0,1.9,1.1,58.0,27.2,71,1.1,24.7
Hubballi,15.3478,75.1338,2026-08-12 16:00:00,8.9,5.2,108.0,3.0,1.1,55.0,24.9,82,0.4,22.6
Hubballi,15.3478,75.1338,2026-08-12 17:00:00,14.8,7.0,111.0,3.5,1.1,51.0,25.4,81,0.0,21.0
Hubballi,15.3478,75.1338,2026-08-12 18:00:00,11.2,6.5,116.0,4.7,1.2,47.0,24.8,81,0.0,22.2
Hubballi,15.3478,75.1338,2026-08-12 19:00:00,10.0,6.1,123.0,6.3,1.4,41.0,23.0,92,0.4,18.4
Hubballi,15.3478,75.1338,2026-08-12 20:00:00,8.3,5.4,128.0,7.2,1.5,37.0,22.8,94,0.2,16.6
Hubballi,15.3478,75.1338,2026-08-12 21:00:00,6.8,4.6,131.0,6.9,1.5,36.0,22.7,94,0.1,14.3
Hubballi,15.3478,75.1338,2026-08-12 22:00:00,5.5,3.8,132.0,5.9,1.5,36.0,22.4,95,0.0,14.9
Hubballi,15.3478,75.1338,2026-08-12 23:00:00,4.2,2.8,129.0,4.9,1.5,37.0,22.6,95,0.0,13.9
Hubballi,15.3478,75.1338,2026-08-13 00:00:00,2.9,1.9,120.0,4.0,1.4,38.0,22.4,96,0.0,13.8
Hubballi,15.3478,75.1338,2026-08-13 01:00:00,2.3,1.5,107.0,3.1,1.2,40.0,22.3,96,0.0,14.4
Hubballi,15.3478,75.1338,2026-08-13 02:00:00,2.7,1.5,97.0,2.4,1.1,41.0,22.3,95,0.0,13.8
Hubballi,15.3478,75.1338,2026-08-13 03:00:00,3.2,1.7,92.0,2.0,1.1,41.0,22.1,95,0.0,14.1
Hubballi,15.3478,75.1338,2026-08-13 04:00:00,3.7,2.1,89.0,1.9,1.1,41.0,22.0,95,0.0,15.6
Hubballi,15.3478,75.1338,2026-08-13 05:00:00,2.3,1.5,90.0,1.9,1.1,40.0,22.5,96,0.0,16.2
Hubballi,15.3478,75.1338,2026-08-13 06:00:00,1.8,1.3,96.0,2.4,1.0,40.0,22.3,96,0.1,15.4
Hubballi,15.3478,75.1338,2026-08-13 07:00:00,1.5,1.2,105.0,3.0,1.0,40.0,22.8,93,0.1,16.7
Hubballi,15.3478,75.1338,2026-08-13 08:00:00,2.5,1.7,111.0,3.3,0.9,41.0,24.0,86,0.1,17.9
Hubballi,15.3478,75.1338,2026-08-13 09:00:00,4.5,2.7,109.0,2.9,0.9,45.0,25.2,79,0.2,20.0
Hubballi,15.3478,75.1338,2026-08-13 10:00:00,6.2,3.5,102.0,2.2,1.0,49.0,25.6,76,0.3,21.4
Hubballi,15.3478,75.1338,2026-08-13 11:00:00,9.1,4.6,98.0,1.6,1.0,53.0,26.2,74,0.4,22.2
Hubballi,15.3478,75.1338,2026-08-13 12:00:00,9.3,4.8,97.0,1.3,1.0,55.0,26.6,75,0.5,22.7
Hubballi,15.3478,75.1338,2026-08-13 13:00:00,10.4,5.0,99.0,1.2,1.0,56.0,25.9,81,1.2,24.4
Hubballi,15.3478,75.1338,2026-08-13 14:00:00,7.8,4.2,102.0,1.5,1.0,56.0,25.2,80,1.1,25.1
Hubballi,15.3478,75.1338,2026-08-13 15:00:00,7.5,4.5,107.0,2.4,1.0,55.0,26.2,73,0.3,25.3
Hubballi,15.3478,75.1338,2026-08-13 16:00:00,5.5,3.6,115.0,3.8,1.1,53.0,26.2,73,0.0,22.9
Hubballi,15.3478,75.1338,2026-08-13 17:00:00,8.1,4.9,122.0,3.8,1.1,49.0,25.6,75,0.2,23.6
Hubballi,15.3478,75.1338,2026-08-13 18:00:00,8.7,5.1,130.0,4.6,1.2,46.0,24.3,83,0.0,18.3
Hubballi,15.3478,75.1338,2026-08-13 19:00:00,8.1,5.1,138.0,5.8,1.4,42.0,23.6,86,0.0,17.4
Hubballi,15.3478,75.1338,2026-08-13 20:00:00,6.8,4.5,143.0,6.5,1.5,39.0,22.8,91,0.0,17.2
Hubballi,15.3478,75.1338,2026-08-13 21:00:00,5.5,3.9,144.0,6.5,1.6,38.0,22.5,91,0.0,15.5
Hubballi,15.3478,75.1338,2026-08-13 22:00:00,4.3,3.1,141.0,6.0,1.6,37.0,22.5,91,0.0,13.7
Hubballi,15.3478,75.1338,2026-08-13 23:00:00,4.0,2.8,136.0,5.4,1.6,37.0,23.0,90,0.0,15.4
Hubballi,15.3478,75.1338,2026-08-14 00:00:00,4.1,2.6,126.0,4.6,1.5,37.0,22.7,92,0.0,13.4
Hubballi,15.3478,75.1338,2026-08-14 01:00:00,4.2,2.4,113.0,3.7,1.4,38.0,22.7,91,0.0,12.1
Hubballi,15.3478,75.1338,2026-08-14 02:00:00,4.0,2.3,103.0,3.0,1.3,39.0,22.4,93,0.0,14.3
Hubballi,15.3478,75.1338,2026-08-14 03:00:00,3.6,2.0,97.0,2.6,1.3,39.0,22.3,93,0.0,13.1
Hubballi,15.3478,75.1338,2026-08-14 04:00:00,3.0,1.7,93.0,2.3,1.3,40.0,22.2,93,0.0,13.6
Hubballi,15.3478,75.1338,2026-08-14 05:00:00,3.7,2.1,93.0,2.2,1.2,40.0,22.6,94,0.0,16.0
Hubballi,15.3478,75.1338,2026-08-14 06:00:00,4.0,2.1,99.0,2.5,1.2,41.0,22.4,94,0.0,13.9
Hubballi,15.3478,75.1338,2026-08-14 07:00:00,5.3,2.3,109.0,2.9,1.1,42.0,23.1,90,0.1,15.2
Hubballi,15.3478,75.1338,2026-08-14 08:00:00,6.3,2.9,115.0,3.0,1.1,44.0,23.3,90,0.2,17.2
Hubballi,15.3478,75.1338,2026-08-14 09:00:00,5.2,2.7,112.0,2.6,1.1,48.0,24.9,81,0.2,18.4
Hubballi,15.3478,75.1338,2026-08-14 10:00:00,6.2,3.0,104.0,1.8,1.0,52.0,26.3,73,0.1,20.6
Hubballi,15.3478,75.1338,2026-08-14 11:00:00,7.0,3.3,99.0,1.3,1.0,56.0,26.8,73,0.7,22.7
Hubballi,15.3478,75.1338,2026-08-14 12:00:00,7.6,3.5,100.0,1.1,1.0,59.0,27.1,68,0.4,22.1
Hubballi,15.3478,75.1338,2026-08-14 13:00:00,6.7,3.4,104.0,1.1,0.9,61.0,27.7,70,0.2,24.9
Hubballi,15.3478,75.1338,2026-08-14 14:00:00,7.0,3.7,108.0,1.4,0.9,61.0,27.4,66,0.4,26.6
Hubballi,15.3478,75.1338,2026-08-14 15:00:00,6.8,3.5,112.0,2.2,0.9,58.0,26.2,74,0.3,24.8
Hubballi,15.3478,75.1338,2026-08-14 16:00:00,7.3,3.8,116.0,3.4,0.9,54.0,26.0,77,0.2,25.8
Hubballi,15.3478,75.1338,2026-08-14 17:00:00,8.1,4.5,120.0,3.8,1.1,51.0,25.1,82,0.1,20.5
Hubballi,15.3478,75.1338,2026-08-14 18:00:00,7.5,4.4,124.0,4.5,1.2,49.0,23.9,88,0.3,21.7
Hubballi,15.3478,75.1338,2026-08-14 19:00:00,7.0,4.1,129.0,5.4,1.4,45.0,22.9,92,0.0,19.9
Hubballi,15.3478,75.1338,2026-08-14 20:00:00,6.5,4.0,132.0,5.9,1.5,43.0,22.5,92,0.0,17.3
Hubballi,15.3478,75.1338,2026-08-14 21:00:00,6.2,4.0,135.0,5.7,1.5,42.0,22.3,92,0.0,14.5
Hubballi,15.3478,75.1338,2026-08-14 22:00:00,5.2,3.3,138.0,5.2,1.5,42.0,22.2,93,0.0,15.3
Hubballi,15.3478,75.1338,2026-08-14 23:00:00,3.8,2.5,136.0,4.7,1.5,42.0,22.6,92,0.0,17.6
Hubballi,15.3478,75.1338,2026-08-15 00:00:00,3.9,2.4,126.0,4.3,1.4,41.0,22.5,92,0.0,17.2
Hubballi,15.3478,75.1338,2026-08-15 01:00:00,4.5,2.8,112.0,3.8,1.4,41.0,22.0,94,0.0,15.3
Hubballi,15.3478,75.1338,2026-08-15 02:00:00,5.3,2.9,101.0,3.4,1.3,40.0,21.7,95,0.0,12.8
Hubballi,15.3478,75.1338,2026-08-15 03:00:00,4.3,2.5,95.0,3.0,1.3,39.0,21.7,93,0.0,13.6
Hubballi,15.3478,75.1338,2026-08-15 04:00:00,3.6,2.2,91.0,2.7,1.3,39.0,21.7,93,0.0,12.3
Hubballi,15.3478,75.1338,2026-08-15 05:00:00,5.6,2.6,90.0,2.0,1.1,42.0,21.8,96,0.1,14.6
Hubballi,15.3478,75.1338,2026-08-15 06:00:00,4.8,2.4,94.0,2.4,1.1,42.0,21.8,95,0.1,15.9
Hubballi,15.3478,75.1338,2026-08-15 07:00:00,7.2,3.1,101.0,2.9,1.1,43.0,22.5,91,0.0,15.6
Hubballi,15.3478,75.1338,2026-08-15 08:00:00,6.4,3.1,106.0,3.1,1.1,44.0,23.6,83,0.0,18.1
Hubballi,15.3478,75.1338,2026-08-15 09:00:00,6.2,3.0,105.0,2.6,1.0,48.0,24.8,78,0.1,20.3
Hubballi,15.3478,75.1338,2026-08-15 10:00:00,6.4,3.2,102.0,1.9,1.0,52.0,25.9,73,0.1,22.2
Hubballi,15.3478,75.1338,2026-08-15 11:00:00,8.9,4.2,99.0,1.3,0.9,56.0,27.2,66,0.1,24.4
Hubballi,15.3478,75.1338,2026-08-15 12:00:00,11.5,5.2,98.0,1.1,0.9,58.0,28.1,62,0.1,24.2
Hubballi,15.3478,75.1338,2026-08-15 13:00:00,10.8,5.0,98.0,1.1,0.9,58.0,28.1,63,0.3,27.9
Hubballi,15.3478,75.1338,2026-08-15 14:00:00,9.0,4.5,98.0,1.3,0.9,58.0,26.8,68,0.5,28.0
Hubballi,15.3478,75.1338,2026-08-15 15:00:00,9.1,4.6,99.0,1.8,0.9,57.0,27.4,65,0.1,26.9
Hubballi,15.3478,75.1338,2026-08-15 16:00:00,8.4,4.6,101.0,2.4,0.9,55.0,26.1,72,0.2,26.3
Hubballi,15.3478,75.1338,2026-08-15 17:00:00,6.5,3.9,105.0,3.4,0.9,50.0,25.5,75,0.0,22.7
Hubballi,15.3478,75.1338,2026-08-15 18:00:00,5.8,3.7,114.0,4.3,1.1,47.0,24.5,80,0.0,20.3
Hubballi,15.3478,75.1338,2026-08-15 19:00:00,6.6,4.2,125.0,5.5,1.3,44.0,23.3,86,0.0,18.5
Hubballi,15.3478,75.1338,2026-08-15 20:00:00,7.0,4.4,132.0,6.2,1.4,41.0,22.8,90,0.0,15.3
Hubballi,15.3478,75.1338,2026-08-15 21:00:00,6.4,4.0,133.0,5.7,1.4,41.0,22.5,92,0.0,13.4
Hubballi,15.3478,75.1338,2026-08-15 22:00:00,5.8,3.4,131.0,4.7,1.3,42.0,22.4,93,0.1,13.7
Hubballi,15.3478,75.1338,2026-08-15 23:00:00,5.1,2.9,127.0,3.9,1.3,43.0,22.0,95,0.0,15.0
Hubballi,15.3478,75.1338,2026-08-16 00:00:00,3.9,2.2,120.0,3.6,1.3,42.0,22.0,95,0.0,14.4
Hubballi,15.3478,75.1338,2026-08-16 01:00:00,2.9,1.9,112.0,3.5,1.3,40.0,21.9,96,0.0,12.8
Hubballi,15.3478,75.1338,2026-08-16 02:00:00,2.4,1.6,105.0,3.4,1.3,39.0,21.8,95,0.0,13.8
Hubballi,15.3478,75.1338,2026-08-16 03:00:00,2.2,1.3,100.0,3.2,1.3,39.0,21.6,95,0.0,14.2
Hubballi,15.3478,75.1338,2026-08-16 04:00:00,2.4,1.4,97.0,3.0,1.2,38.0,21.7,95,0.0,13.3
Hubballi,15.3478,75.1338,2026-08-16 05:00:00,4.1,2.1,96.0,2.0,1.0,43.0,22.1,98,0.0,16.1
Hubballi,15.3478,75.1338,2026-08-16 06:00:00,3.7,2.1,98.0,2.1,1.0,44.0,21.8,97,0.1,15.5
Hubballi,15.3478,75.1338,2026-08-16 07:00:00,3.8,2.1,102.0,2.3,1.1,44.0,22.7,92,0.1,17.2
Hubballi,15.3478,75.1338,2026-08-16 08:00:00,4.7,2.6,104.0,2.3,1.1,46.0,23.3,90,0.1,18.1
Hubballi,15.3478,75.1338,2026-08-16 09:00:00,6.0,3.1,103.0,1.9,1.1,49.0,24.7,81,0.0,16.2
Hubballi,15.3478,75.1338,2026-08-16 10:00:00,7.3,3.6,100.0,1.3,1.0,53.0,26.3,72,0.1,20.4
Hubballi,15.3478,75.1338,2026-08-16 11:00:00,7.9,3.7,97.0,0.9,1.0,56.0,27.6,65,0.1,21.7
Hubballi,15.3478,75.1338,2026-08-16 12:00:00,9.4,4.1,95.0,0.7,1.0,57.0,28.2,61,0.1,22.6
Hubballi,15.3478,75.1338,2026-08-16 13:00:00,11.8,5.0,93.0,0.7,0.9,56.0,28.4,62,0.2,21.6
Hubballi,15.3478,75.1338,2026-08-16 14:00:00,14.9,6.2,93.0,0.8,0.9,55.0,27.0,70,0.9,25.0
Hubballi,15.3478,75.1338,2026-08-16 15:00:00,15.9,6.8,94.0,1.0,0.9,54.0,27.7,65,0.1,23.5
Hubballi,15.3478,75.1338,2026-08-16 16:00:00,15.3,6.8,96.0,1.4,0.9,54.0,27.2,65,0.1,25.8
Hubballi,15.3478,75.1338,2026-08-16 17:00:00,22.3,9.7,99.0,1.7,1.0,53.0,26.0,73,0.0,22.7
Hubballi,15.3478,75.1338,2026-08-16 18:00:00,18.2,8.7,106.0,2.5,1.1,50.0,24.7,78,0.0,20.7
Hubballi,15.3478,75.1338,2026-08-16 19:00:00,13.7,7.2,115.0,3.7,1.2,46.0,23.7,84,0.0,17.1
Hubballi,15.3478,75.1338,2026-08-16 20:00:00,11.8,6.6,119.0,4.4,1.3,43.0,23.0,89,0.0,17.4
Hubballi,15.3478,75.1338,2026-08-16 21:00:00,10.2,5.9,116.0,4.2,1.4,43.0,22.5,92,0.0,15.7
Hubballi,15.3478,75.1338,2026-08-16 22:00:00,8.0,4.4,108.0,3.6,1.4,44.0,22.4,94,0.0,14.8
Hubballi,15.3478,75.1338,2026-08-16 23:00:00,7.0,3.6,101.0,3.1,1.4,45.0,22.8,92,0.0,15.5
Hubballi,15.3478,75.1338,2026-08-17 00:00:00,5.9,3.0,97.0,2.9,1.4,45.0,22.5,93,0.0,15.6
Hubballi,15.3478,75.1338,2026-08-17 01:00:00,4.7,2.5,94.0,2.7,1.3,44.0,22.4,93,0.0,14.7
Hubballi,15.3478,75.1338,2026-08-17 02:00:00,3.7,2.0,91.0,2.6,1.3,43.0,22.1,94,0.0,14.8
Hubballi,15.3478,75.1338,2026-08-17 03:00:00,3.4,1.8,88.0,2.4,1.3,43.0,22.2,93,0.1,16.2
Hubballi,15.3478,75.1338,2026-08-17 04:00:00,3.5,1.9,86.0,2.2,1.3,43.0,22.0,94,0.0,14.2
Hubballi,15.3478,75.1338,2026-08-17 05:00:00,4.8,2.0,87.0,1.3,1.0,48.0,22.0,96,0.2,14.9
Hubballi,15.3478,75.1338,2026-08-17 06:00:00,4.2,1.9,93.0,1.9,1.1,48.0,21.8,96,0.1,16.3
Hubballi,15.3478,75.1338,2026-08-17 07:00:00,3.7,1.9,102.0,2.7,1.2,47.0,22.2,94,0.1,17.6
Hubballi,15.3478,75.1338,2026-08-17 08:00:00,4.0,2.2,108.0,3.1,1.2,48.0,23.6,84,0.1,20.1
Hubballi,15.3478,75.1338,2026-08-17 09:00:00,5.0,2.5,107.0,2.7,1.2,52.0,24.9,78,0.2,20.2
Hubballi,15.3478,75.1338,2026-08-17 10:00:00,6.2,3.1,102.0,1.9,1.1,56.0,25.9,73,0.5,22.6
Hubballi,15.3478,75.1338,2026-08-17 11:00:00,8.1,3.8,98.0,1.3,1.0,60.0,27.3,66,0.2,22.9
Hubballi,15.3478,75.1338,2026-08-17 12:00:00,9.8,4.5,98.0,1.1,0.9,61.0,27.7,64,0.2,24.0
Hubballi,15.3478,75.1338,2026-08-17 13:00:00,11.8,5.3,98.0,1.0,0.9,61.0,27.3,66,0.7,26.5
Hubballi,15.3478,75.1338,2026-08-17 14:00:00,13.1,6.1,100.0,1.2,0.9,60.0,26.6,69,0.1,24.9
Hubballi,15.3478,75.1338,2026-08-17 15:00:00,13.4,6.3,102.0,1.7,0.9,58.0,27.0,66,0.0,23.6
Hubballi,15.3478,75.1338,2026-08-17 16:00:00,13.7,6.5,104.0,2.4,1.0,55.0,25.7,73,0.1,25.1
Hubballi,15.3478,75.1338,2026-08-17 17:00:00,17.6,8.0,109.0,2.7,0.9,52.0,25.4,73,0.0,21.7
Hubballi,15.3478,75.1338,2026-08-17 18:00:00,15.9,8.1,120.0,3.6,1.0,49.0,24.5,78,0.0,18.3
Hubballi,15.3478,75.1338,2026-08-17 19:00:00,13.3,7.3,132.0,4.9,1.2,44.0,23.6,83,0.0,17.7
Hubballi,15.3478,75.1338,2026-08-17 20:00:00,10.9,6.0,140.0,5.7,1.4,41.0,22.8,87,0.0,17.6
Hubballi,15.3478,75.1338,2026-08-17 21:00:00,8.2,4.7,138.0,5.8,1.5,39.0,22.4,90,0.0,15.9
Hubballi,15.3478,75.1338,2026-08-17 22:00:00,7.0,4.3,130.0,5.5,1.5,39.0,22.1,91,0.0,13.7
Hubballi,15.3478,75.1338,2026-08-17 23:00:00,6.9,4.2,122.0,5.1,1.5,38.0,22.8,90,0.0,14.6
Hubballi,15.3478,75.1338,2026-08-18 00:00:00,7.0,4.1,115.0,4.6,1.4,37.0,22.3,93,0.0,14.5
Hubballi,15.3478,75.1338,2026-08-18 01:00:00,7.1,4.1,107.0,4.0,1.4,36.0,22.4,92,0.0,15.2
Hubballi,15.3478,75.1338,2026-08-18 02:00:00,7.4,4.1,101.0,3.5,1.3,36.0,22.2,94,0.0,13.5
Hubballi,15.3478,75.1338,2026-08-18 03:00:00,6.9,3.7,97.0,3.1,1.3,36.0,22.0,94,0.1,13.9
Hubballi,15.3478,75.1338,2026-08-18 04:00:00,5.0,2.8,94.0,2.8,1.4,36.0,21.9,96,0.2,13.1
Hubballi,15.3478,75.1338,2026-08-18 05:00:00,3.9,2.1,94.0,2.0,1.2,38.0,22.3,96,0.1,14.3
Hubballi,15.3478,75.1338,2026-08-18 06:00:00,3.2,1.8,100.0,2.5,1.2,38.0,22.1,96,0.1,15.8
Hubballi,15.3478,75.1338,2026-08-18 07:00:00,3.3,2.1,109.0,3.2,1.3,39.0,22.7,93,0.0,16.3
Hubballi,15.3478,75.1338,2026-08-18 08:00:00,3.7,2.3,115.0,3.5,1.3,40.0,23.8,85,0.0,20.9
Hubballi,15.3478,75.1338,2026-08-18 09:00:00,3.7,2.3,113.0,3.0,1.2,43.0,25.1,78,0.1,21.3
Hubballi,15.3478,75.1338,2026-08-18 10:00:00,4.0,2.4,108.0,2.0,1.1,47.0,26.1,73,0.0,22.4
Hubballi,15.3478,75.1338,2026-08-18 11:00:00,6.3,3.0,105.0,1.4,1.0,50.0,26.6,69,0.1,22.2
Hubballi,15.3478,75.1338,2026-08-18 12:00:00,10.1,4.2,105.0,1.2,1.0,52.0,26.5,69,0.2,23.4
Hubballi,15.3478,75.1338,2026-08-18 13:00:00,13.0,5.2,107.0,1.4,1.0,54.0,27.4,71,0.2,22.2
Hubballi,15.3478,75.1338,2026-08-18 14:00:00,10.8,5.0,111.0,1.8,1.0,54.0,26.9,67,0.0,22.9
Hubballi,15.3478,75.1338,2026-08-18 15:00:00,8.6,4.3,118.0,2.7,1.0,52.0,26.4,69,0.4,24.9
Hubballi,15.3478,75.1338,2026-08-18 16:00:00,5.5,3.1,126.0,3.8,1.1,48.0,25.3,77,0.3,22.7
Hubballi,15.3478,75.1338,2026-08-18 17:00:00,6.9,4.1,133.0,3.9,1.1,45.0,24.7,84,0.1,18.2
Hubballi,15.3478,75.1338,2026-08-18 18:00:00,6.2,4.0,138.0,5.0,1.3,41.0,24.2,86,0.1,16.4
Hubballi,15.3478,75.1338,2026-08-18 19:00:00,7.1,4.6,142.0,6.5,1.5,35.0,23.5,88,0.0,16.6
Hubballi,15.3478,75.1338,2026-08-18 20:00:00,6.9,4.7,143.0,7.5,1.7,31.0,23.0,89,0.0,16.0
Hubballi,15.3478,75.1338,2026-08-18 21:00:00,6.5,4.6,138.0,7.8,1.8,29.0,22.4,92,0.0,13.9
Hubballi,15.3478,75.1338,2026-08-18 22:00:00,6.4,4.6,129.0,7.6,1.9,28.0,22.6,91,0.0,14.4
Hubballi,15.3478,75.1338,2026-08-18 23:00:00,5.9,4.0,121.0,7.1,1.9,28.0,22.9,90,0.0,15.5
Hubballi,15.3478,75.1338,2026-08-19 00:00:00,5.3,3.4,114.0,6.3,1.8,28.0,22.7,90,0.0,15.2
Hubballi,15.3478,75.1338,2026-08-19 01:00:00,5.2,3.2,107.0,5.2,1.7,29.0,22.4,91,0.0,14.1
Hubballi,15.3478,75.1338,2026-08-19 02:00:00,4.2,2.6,102.0,4.2,1.6,30.0,22.3,91,0.0,14.2
Hubballi,15.3478,75.1338,2026-08-19 03:00:00,3.3,2.2,97.0,3.5,1.5,31.0,22.1,92,0.0,14.2
Hubballi,15.3478,75.1338,2026-08-19 04:00:00,2.4,1.5,94.0,2.9,1.5,31.0,22.2,92,0.0,12.2
Hubballi,15.3478,75.1338,2026-08-19 05:00:00,3.9,2.2,94.0,2.5,1.4,33.0,23.0,91,0.0,15.7
Hubballi,15.3478,75.1338,2026-08-19 06:00:00,3.5,2.2,102.0,3.1,1.4,33.0,22.7,92,0.0,14.5
Hubballi,15.3478,75.1338,2026-08-19 07:00:00,3.7,2.3,113.0,3.8,1.5,32.0,23.3,89,0.0,14.6
Hubballi,15.3478,75.1338,2026-08-19 08:00:00,5.4,3.0,120.0,4.1,1.5,34.0,24.0,85,0.1,16.8
Hubballi,15.3478,75.1338,2026-08-19 09:00:00,5.5,3.2,117.0,3.4,1.4,40.0,25.6,79,0.1,18.9
Hubballi,15.3478,75.1338,2026-08-19 10:00:00,6.9,3.8,109.0,2.3,1.3,49.0,26.3,76,0.1,19.5
Hubballi,15.3478,75.1338,2026-08-19 11:00:00,9.0,4.6,103.0,1.4,1.2,55.0,27.9,65,0.2,20.9
Hubballi,15.3478,75.1338,2026-08-19 12:00:00,9.5,4.8,102.0,1.1,1.2,57.0,28.5,61,0.2,23.8
Hubballi,15.3478,75.1338,2026-08-19 13:00:00,9.1,4.5,103.0,1.1,1.2,56.0,28.6,61,0.2,23.6
Hubballi,15.3478,75.1338,2026-08-19 14:00:00,8.7,4.4,105.0,1.3,1.2,55.0,28.4,62,0.3,26.3
Hubballi,15.3478,75.1338,2026-08-19 15:00:00,8.4,4.5,107.0,1.8,1.2,54.0,27.7,65,0.6,26.5
Hubballi,15.3478,75.1338,2026-08-19 16:00:00,8.8,4.8,110.0,2.6,1.2,53.0,26.8,69,0.6,22.7
Hubballi,15.3478,75.1338,2026-08-19 17:00:00,10.9,6.4,115.0,5.0,1.3,47.0,26.4,74,0.3,18.8
Hubballi,15.3478,75.1338,2026-08-19 18:00:00,10.1,6.2,123.0,6.0,1.5,43.0,25.0,80,0.1,16.6
Hubballi,15.3478,75.1338,2026-08-19 19:00:00,9.2,6.1,133.0,7.4,1.7,37.0,24.2,85,0.0,15.7
Hubballi,15.3478,75.1338,2026-08-19 20:00:00,8.9,6.1,138.0,8.4,1.9,33.0,23.6,88,0.0,14.9
Hubballi,15.3478,75.1338,2026-08-19 21:00:00,8.6,5.7,137.0,8.6,2.0,31.0,23.0,91,0.0,14.1
Hubballi,15.3478,75.1338,2026-08-19 22:00:00,8.2,5.7,131.0,8.3,2.0,30.0,22.5,92,0.0,14.8
Hubballi,15.3478,75.1338,2026-08-19 23:00:00,7.9,5.5,124.0,7.7,2.0,29.0,23.2,91,0.0,16.1
Hubballi,15.3478,75.1338,2026-08-20 00:00:00,7.3,4.7,115.0,6.7,1.9,29.0,23.2,91,0.0,14.7
Hubballi,15.3478,75.1338,2026-08-20 01:00:00,6.6,4.2,104.0,5.3,1.8,30.0,23.0,91,0.0,16.2
Hubballi,15.3478,75.1338,2026-08-20 02:00:00,5.6,3.5,96.0,4.2,1.7,31.0,22.9,90,0.0,15.2
Hubballi,15.3478,75.1338,2026-08-20 03:00:00,4.6,2.8,93.0,3.5,1.6,32.0,22.8,91,0.0,15.2
Hubballi,15.3478,75.1338,2026-08-20 04:00:00,3.6,2.2,93.0,3.1,1.6,32.0,22.6,92,0.0,12.8
Hubballi,15.3478,75.1338,2026-08-20 05:00:00,2.7,1.8,95.0,2.6,1.5,33.0,22.9,92,0.1,14.6
Hubballi,15.3478,75.1338,2026-08-20 06:00:00,2.9,1.9,100.0,2.9,1.5,34.0,22.6,92,0.0,14.2
Hubballi,15.3478,75.1338,2026-08-20 07:00:00,3.0,1.9,107.0,3.2,1.5,35.0,23.1,91,0.1,15.3
Hubballi,15.3478,75.1338,2026-08-20 08:00:00,4.2,2.6,111.0,3.3,1.5,38.0,24.6,81,0.0,17.3
Hubballi,15.3478,75.1338,2026-08-20 09:00:00,7.4,4.0,109.0,2.7,1.4,45.0,25.9,74,0.1,20.0
Hubballi,15.3478,75.1338,2026-08-20 10:00:00,9.4,5.0,104.0,1.8,1.2,53.0,27.0,68,0.2,21.0
Hubballi,15.3478,75.1338,2026-08-20 11:00:00,10.0,5.3,101.0,1.2,1.1,59.0,27.7,64,0.2,21.2
Hubballi,15.3478,75.1338,2026-08-20 12:00:00,9.9,5.2,102.0,1.0,1.1,61.0,28.5,60,0.2,22.5
Hubballi,15.3478,75.1338,2026-08-20 13:00:00,9.9,5.3,105.0,1.1,1.1,61.0,29.1,58,0.1,21.9
Hubballi,15.3478,75.1338,2026-08-20 14:00:00,10.2,5.5,108.0,1.3,1.1,60.0,29.1,57,0.1,22.3
Hubballi,15.3478,75.1338,2026-08-20 15:00:00,9.7,5.5,110.0,1.6,1.1,59.0,28.6,59,0.1,23.6
Hubballi,15.3478,75.1338,2026-08-20 16:00:00,8.5,5.0,113.0,2.1,1.1,56.0,27.7,64,0.0,25.6
Hubballi,15.3478,75.1338,2026-08-20 17:00:00,10.6,6.5,114.0,2.9,1.2,54.0,26.3,72,0.0,23.7
Hubballi,15.3478,75.1338,2026-08-20 18:00:00,10.4,6.7,114.0,3.8,1.3,49.0,24.8,78,0.0,23.3
Hubballi,15.3478,75.1338,2026-08-20 19:00:00,8.4,5.7,113.0,5.0,1.5,42.0,23.4,85,0.0,21.1
Hubballi,15.3478,75.1338,2026-08-20 20:00:00,7.7,5.4,113.0,5.8,1.6,37.0,22.8,88,0.0,19.3
Hubballi,15.3478,75.1338,2026-08-20 21:00:00,7.2,5.1,117.0,5.7,1.6,35.0,22.6,89,0.0,17.9
Hubballi,15.3478,75.1338,2026-08-20 22:00:00,6.3,4.5,122.0,5.1,1.6,35.0,22.4,90,0.0,17.5
Hubballi,15.3478,75.1338,2026-08-20 23:00:00,5.4,3.9,124.0,4.5,1.5,35.0,22.5,90,0.0,17.7
Hubballi,15.3478,75.1338,2026-08-21 00:00:00,4.8,3.5,118.0,4.0,1.5,35.0,22.3,92,0.0,16.8
Hubballi,15.3478,75.1338,2026-08-21 01:00:00,4.4,2.9,108.0,3.4,1.4,35.0,22.3,92,0.0,17.1
Hubballi,15.3478,75.1338,2026-08-21 02:00:00,4.8,2.9,101.0,2.9,1.4,36.0,22.3,91,0.0,15.7
Hubballi,15.3478,75.1338,2026-08-21 03:00:00,5.6,3.2,98.0,2.4,1.4,37.0,22.1,93,0.0,13.9
Hubballi,15.3478,75.1338,2026-08-21 04:00:00,6.5,3.5,97.0,2.0,1.3,37.0,21.9,93,0.0,13.0
Hubballi,15.3478,75.1338,2026-08-21 05:00:00,3.8,2.3,99.0,2.5,1.3,36.0,22.1,95,0.0,14.4
Hubballi,15.3478,75.1338,2026-08-21 06:00:00,3.3,2.1,105.0,2.8,1.3,37.0,21.9,94,0.0,13.4
Hubballi,15.3478,75.1338,2026-08-21 07:00:00,3.3,2.2,113.0,3.2,1.3,37.0,22.7,89,0.0,15.7
Hubballi,15.3478,75.1338,2026-08-21 08:00:00,3.8,2.5,117.0,3.3,1.3,40.0,24.0,82,0.1,18.5
Hubballi,15.3478,75.1338,2026-08-21 09:00:00,4.9,3.1,113.0,2.7,1.2,46.0,25.2,75,0.1,18.2
Hubballi,15.3478,75.1338,2026-08-21 10:00:00,6.0,3.6,105.0,1.9,1.2,53.0,26.3,70,0.2,20.8
Hubballi,15.3478,75.1338,2026-08-21 11:00:00,7.4,4.3,100.0,1.2,1.1,58.0,27.2,67,0.3,21.6
Hubballi,15.3478,75.1338,2026-08-21 12:00:00,8.3,4.9,99.0,1.0,1.1,60.0,28.0,64,0.2,22.7
Hubballi,15.3478,75.1338,2026-08-21 13:00:00,8.6,5.1,101.0,0.9,1.0,60.0,28.4,61,0.0,23.6
Hubballi,15.3478,75.1338,2026-08-21 14:00:00,9.1,5.4,103.0,1.1,1.0,59.0,28.1,61,0.0,24.1
Hubballi,15.3478,75.1338,2026-08-21 15:00:00,10.0,5.8,105.0,1.4,1.0,58.0,28.3,59,0.0,23.9
Hubballi,15.3478,75.1338,2026-08-21 16:00:00,10.2,5.9,108.0,1.9,1.0,57.0,27.5,62,0.0,24.6
Hubballi,15.3478,75.1338,2026-08-21 17:00:00,15.5,9.1,111.0,2.5,1.0,54.0,26.5,65,0.0,22.4
Hubballi,15.3478,75.1338,2026-08-21 18:00:00,13.5,8.6,116.0,3.5,1.1,50.0,24.9,74,0.0,22.3
Hubballi,15.3478,75.1338,2026-08-21 19:00:00,9.5,6.6,121.0,4.9,1.3,44.0,23.5,81,0.0,22.3
Hubballi,15.3478,75.1338,2026-08-21 20:00:00,8.0,5.7,125.0,5.8,1.4,39.0,22.5,86,0.0,20.6
Hubballi,15.3478,75.1338,2026-08-21 21:00:00,7.1,5.2,126.0,5.7,1.4,37.0,22.1,89,0.0,17.1
Hubballi,15.3478,75.1338,2026-08-21 22:00:00,6.4,4.8,124.0,5.1,1.4,37.0,21.7,91,0.0,17.2
Hubballi,15.3478,75.1338,2026-08-21 23:00:00,5.5,3.9,121.0,4.4,1.4,38.0,21.6,92,0.0,16.6
Hubballi,15.3478,75.1338,2026-08-22 00:00:00,4.5,3.0,115.0,3.5,1.3,40.0,21.3,95,0.0,15.7
Hubballi,15.3478,75.1338,2026-08-22 01:00:00,3.9,2.5,107.0,2.4,1.1,42.0,21.5,95,0.0,15.9
Hubballi,15.3478,75.1338,2026-08-22 02:00:00,2.9,1.9,101.0,1.6,1.0,44.0,21.8,93,0.0,15.2
Hubballi,15.3478,75.1338,2026-08-22 03:00:00,1.9,1.3,98.0,1.3,1.0,44.0,21.6,95,0.1,14.9
Hubballi,15.3478,75.1338,2026-08-22 04:00:00,1.5,1.1,98.0,1.4,1.0,43.0,21.7,95,0.1,14.7
Hubballi,15.3478,75.1338,2026-08-22 05:00:00,1.5,1.0,99.0,1.6,1.0,43.0,21.9,95,0.1,14.2
Hubballi,15.3478,75.1338,2026-08-22 06:00:00,1.4,1.0,104.0,2.1,1.0,43.0,22.0,94,0.0,13.3
Hubballi,15.3478,75.1338,2026-08-22 07:00:00,1.8,1.3,111.0,2.8,1.0,44.0,22.6,90,0.0,15.2
Hubballi,15.3478,75.1338,2026-08-22 08:00:00,2.2,1.6,115.0,3.1,1.0,45.0,23.6,85,0.1,18.2
Hubballi,15.3478,75.1338,2026-08-22 09:00:00,2.6,1.8,112.0,2.7,1.0,48.0,24.9,77,0.2,20.3
Hubballi,15.3478,75.1338,2026-08-22 10:00:00,3.4,2.1,107.0,1.9,0.9,52.0,26.6,69,0.1,21.9
Hubballi,15.3478,75.1338,2026-08-22 11:00:00,8.0,4.1,103.0,1.3,0.9,55.0,27.9,64,0.1,22.6
Hubballi,15.3478,75.1338,2026-08-22 12:00:00,7.2,3.8,103.0,1.1,0.9,59.0,28.3,62,0.2,24.7
Hubballi,15.3478,75.1338,2026-08-22 13:00:00,6.7,4.1,106.0,1.1,1.0,62.0,27.8,63,0.5,27.4
Hubballi,15.3478,75.1338,2026-08-22 14:00:00,7.4,4.4,108.0,1.3,1.0,63.0,27.0,73,0.4,24.5
Hubballi,15.3478,75.1338,2026-08-22 15:00:00,9.8,5.4,109.0,1.7,1.0,61.0,26.3,72,0.4,23.7
Hubballi,15.3478,75.1338,2026-08-22 16:00:00,14.8,7.7,110.0,2.2,1.0,57.0,26.0,73,0.4,23.4
Hubballi,15.3478,75.1338,2026-08-22 17:00:00,10.9,6.5,114.0,3.5,1.1,49.0,25.1,78,0.2,22.1
Hubballi,15.3478,75.1338,2026-08-22 18:00:00,8.8,5.4,124.0,4.8,1.2,44.0,23.5,88,0.1,19.9
Hubballi,15.3478,75.1338,2026-08-22 19:00:00,8.2,5.3,137.0,6.5,1.4,38.0,22.5,96,1.0,18.2
Hubballi,15.3478,75.1338,2026-08-22 20:00:00,8.1,5.4,144.0,7.6,1.5,33.0,22.4,97,0.7,14.6
Hubballi,15.3478,75.1338,2026-08-22 21:00:00,8.1,5.4,142.0,7.7,1.5,31.0,22.2,97,0.1,15.4
Hubballi,15.3478,75.1338,2026-08-22 22:00:00,8.1,5.4,136.0,7.3,1.5,30.0,22.2,96,0.0,15.0
Hubballi,15.3478,75.1338,2026-08-22 23:00:00,8.0,5.2,128.0,6.5,1.5,30.0,22.6,96,0.0,14.4
Hubballi,15.3478,75.1338,2026-08-23 00:00:00,6.7,4.1,120.0,5.4,1.4,31.0,22.1,96,0.0,14.2
Hubballi,15.3478,75.1338,2026-08-23 01:00:00,4.6,2.6,110.0,3.9,1.4,34.0,21.9,97,0.0,13.4
Hubballi,15.3478,75.1338,2026-08-23 02:00:00,3.3,2.0,102.0,2.8,1.3,36.0,21.9,97,0.0,13.1
Hubballi,15.3478,75.1338,2026-08-23 03:00:00,2.8,1.8,96.0,2.3,1.2,37.0,22.1,96,0.0,13.2
Hubballi,15.3478,75.1338,2026-08-23 04:00:00,3.2,1.8,91.0,2.0,1.1,37.0,21.7,97,0.0,12.9
Hubballi,15.3478,75.1338,2026-08-23 05:00:00,4.4,2.2,90.0,2.2,1.2,37.0,22.5,95,0.0,16.7
Hubballi,15.3478,75.1338,2026-08-23 06:00:00,3.9,2.2,94.0,2.2,1.1,38.0,22.3,96,0.0,15.9
Hubballi,15.3478,75.1338,2026-08-23 07:00:00,3.8,2.3,101.0,2.1,1.1,40.0,23.0,91,0.0,17.9
Hubballi,15.3478,75.1338,2026-08-23 08:00:00,3.4,1.9,105.0,2.0,1.0,42.0,23.7,87,0.1,18.9
Hubballi,15.3478,75.1338,2026-08-23 09:00:00,3.9,2.0,103.0,1.6,1.0,45.0,25.4,80,0.1,20.6
Hubballi,15.3478,75.1338,2026-08-23 10:00:00,5.6,3.0,98.0,1.1,0.9,48.0,25.4,76,0.1,20.7
Hubballi,15.3478,75.1338,2026-08-23 11:00:00,8.8,4.4,95.0,0.8,0.9,50.0,27.3,69,0.2,23.5
Hubballi,15.3478,75.1338,2026-08-23 12:00:00,11.5,5.3,95.0,0.6,0.9,50.0,27.2,69,0.4,24.0
Hubballi,15.3478,75.1338,2026-08-23 13:00:00,9.5,4.6,96.0,0.6,0.8,48.0,28.0,63,0.2,24.4
Hubballi,15.3478,75.1338,2026-08-23 14:00:00,12.6,6.0,97.0,0.8,0.8,47.0,27.8,64,0.6,27.3
Hubballi,15.3478,75.1338,2026-08-23 15:00:00,12.0,5.8,97.0,1.2,0.8,46.0,27.2,70,0.2,26.3
Hubballi,15.3478,75.1338,2026-08-23 16:00:00,10.8,5.9,98.0,1.9,0.9,45.0,26.5,70,0.0,27.6
Hubballi,15.3478,75.1338,2026-08-23 17:00:00,10.3,5.9,100.0,2.2,1.0,45.0,25.5,76,0.0,24.8
Hubballi,15.3478,75.1338,2026-08-23 18:00:00,9.4,5.7,106.0,2.9,1.1,42.0,24.2,84,0.2,19.9
Hubballi,15.3478,75.1338,2026-08-23 19:00:00,9.5,5.9,114.0,3.9,1.3,38.0,23.3,88,0.0,18.4
Hubballi,15.3478,75.1338,2026-08-23 20:00:00,8.0,5.3,119.0,4.6,1.4,35.0,22.8,90,0.0,15.6
Hubballi,15.3478,75.1338,2026-08-23 21:00:00,6.8,4.6,118.0,4.6,1.4,34.0,22.9,91,0.0,12.9
Hubballi,15.3478,75.1338,2026-08-23 22:00:00,6.5,4.4,113.0,4.4,1.4,33.0,23.0,91,0.0,14.1
Hubballi,15.3478,75.1338,2026-08-23 23:00:00,5.7,3.9,108.0,4.0,1.4,33.0,23.0,91,0.0,14.9
Hubballi,15.3478,75.1338,2026-08-24 00:00:00,4.9,3.2,103.0,3.6,1.3,33.0,22.7,92,0.1,13.6
Hubballi,15.3478,75.1338,2026-08-24 01:00:00,4.1,2.6,97.0,3.2,1.3,33.0,22.3,94,0.1,13.7
Hubballi,15.3478,75.1338,2026-08-24 02:00:00,3.2,2.1,93.0,2.8,1.2,33.0,22.0,96,0.1,13.8
Hubballi,15.3478,75.1338,2026-08-24 03:00:00,2.5,1.7,91.0,2.5,1.2,33.0,22.1,96,0.1,12.6
Hubballi,15.3478,75.1338,2026-08-24 04:00:00,2.5,1.6,90.0,2.3,1.2,33.0,22.1,97,0.0,11.5
Hubballi,15.3478,75.1338,2026-08-24 05:00:00,3.9,2.4,92.0,2.0,1.1,36.0,22.7,94,0.0,13.5
Hubballi,15.3478,75.1338,2026-08-24 06:00:00,3.3,2.0,101.0,2.7,1.1,35.0,22.5,96,0.1,11.0
Hubballi,15.3478,75.1338,2026-08-24 07:00:00,3.4,2.1,113.0,3.7,1.2,35.0,22.7,95,0.5,11.7
Hubballi,15.3478,75.1338,2026-08-24 08:00:00,4.8,2.7,120.0,4.2,1.2,35.0,23.1,94,0.4,13.4
Hubballi,15.3478,75.1338,2026-08-24 09:00:00,5.1,2.5,116.0,3.6,1.2,38.0,25.1,84,0.1,17.9
Hubballi,15.3478,75.1338,2026-08-24 10:00:00,6.5,3.1,107.0,2.5,1.1,42.0,26.5,74,0.2,22.2
Hubballi,15.3478,75.1338,2026-08-24 11:00:00,7.5,3.3,102.0,1.7,1.1,45.0,26.4,75,0.6,21.8
Hubballi,15.3478,75.1338,2026-08-24 12:00:00,9.1,3.9,104.0,1.6,1.1,47.0,27.0,74,0.6,21.2
Hubballi,15.3478,75.1338,2026-08-24 13:00:00,7.9,3.8,109.0,1.8,1.2,47.0,26.6,73,0.6,23.8
Hubballi,15.3478,75.1338,2026-08-24 14:00:00,8.8,4.3,114.0,2.3,1.2,47.0,27.2,73,0.3,24.4
Hubballi,15.3478,75.1338,2026-08-24 15:00:00,8.1,4.2,116.0,3.1,1.3,46.0,27.5,71,0.0,23.2
Hubballi,15.3478,75.1338,2026-08-24 16:00:00,7.6,4.2,117.0,4.2,1.3,43.0,26.3,74,0.4,26.1
Hubballi,15.3478,75.1338,2026-08-24 17:00:00,16.3,7.8,120.0,3.5,1.2,47.0,24.5,87,0.0,18.8
Hubballi,15.3478,75.1338,2026-08-24 18:00:00,15.5,8.1,126.0,4.4,1.3,44.0,23.9,89,0.2,18.9
Hubballi,15.3478,75.1338,2026-08-24 19:00:00,13.2,7.3,134.0,5.6,1.5,39.0,23.3,91,0.2,16.8
Hubballi,15.3478,75.1338,2026-08-24 20:00:00,11.2,6.4,138.0,6.4,1.6,35.0,22.7,94,0.1,16.1
Hubballi,15.3478,75.1338,2026-08-24 21:00:00,9.8,5.7,137.0,6.4,1.7,33.0,22.6,95,0.0,14.9
Hubballi,15.3478,75.1338,2026-08-24 22:00:00,8.6,4.6,134.0,5.9,1.7,33.0,22.4,95,0.0,15.3
Hubballi,15.3478,75.1338,2026-08-24 23:00:00,8.4,4.7,128.0,5.3,1.7,33.0,22.8,94,0.0,16.0
Hubballi,15.3478,75.1338,2026-08-25 00:00:00,6.2,3.1,119.0,4.6,1.6,33.0,22.4,95,0.0,15.4
Hubballi,15.3478,75.1338,2026-08-25 01:00:00,5.0,2.5,108.0,3.7,1.5,34.0,22.5,94,0.1,14.8
Hubballi,15.3478,75.1338,2026-08-25 02:00:00,4.9,2.4,100.0,3.0,1.4,34.0,22.4,95,0.1,12.8
Hubballi,15.3478,75.1338,2026-08-25 03:00:00,4.4,2.3,96.0,2.6,1.4,34.0,22.3,95,0.0,13.5
Hubballi,15.3478,75.1338,2026-08-25 04:00:00,3.8,2.1,95.0,2.5,1.5,33.0,22.4,95,0.0,14.4
Hubballi,15.3478,75.1338,2026-08-25 05:00:00,3.6,1.9,96.0,2.3,1.4,35.0,22.4,95,0.1,15.4
Hubballi,15.3478,75.1338,2026-08-25 06:00:00,3.6,2.0,103.0,2.8,1.4,35.0,22.3,94,0.1,15.4
Hubballi,15.3478,75.1338,2026-08-25 07:00:00,4.5,2.5,112.0,3.4,1.4,36.0,22.8,94,0.2,14.5
Hubballi,15.3478,75.1338,2026-08-25 08:00:00,6.1,3.0,118.0,3.6,1.4,38.0,23.9,89,0.1,15.9
Hubballi,15.3478,75.1338,2026-08-25 09:00:00,5.6,2.4,115.0,3.0,1.3,41.0,25.1,81,0.1,17.8
Hubballi,15.3478,75.1338,2026-08-25 10:00:00,9.4,3.6,108.0,2.0,1.1,45.0,25.7,77,0.2,20.2
Hubballi,15.3478,75.1338,2026-08-25 11:00:00,12.2,4.5,103.0,1.3,1.0,49.0,26.8,75,0.8,20.3
Hubballi,15.3478,75.1338,2026-08-25 12:00:00,11.2,4.7,105.0,1.0,1.0,52.0,27.9,68,0.2,21.0
Hubballi,15.3478,75.1338,2026-08-25 13:00:00,10.2,4.4,109.0,1.0,1.0,53.0,28.6,63,0.2,24.2
Hubballi,15.3478,75.1338,2026-08-25 14:00:00,10.3,4.4,112.0,1.2,1.0,54.0,27.8,67,0.3,25.5
Hubballi,15.3478,75.1338,2026-08-25 15:00:00,10.8,4.6,112.0,1.6,1.0,53.0,27.1,70,0.6,26.2
Hubballi,15.3478,75.1338,2026-08-25 16:00:00,9.2,4.4,110.0,2.2,1.0,51.0,26.3,72,0.7,26.4
Hubballi,15.3478,75.1338,2026-08-25 17:00:00,20.6,9.5,111.0,2.9,1.2,50.0,26.3,72,0.0,24.2
Hubballi,15.3478,75.1338,2026-08-25 18:00:00,18.0,9.1,117.0,4.0,1.3,46.0,24.9,78,0.0,22.0
Hubballi,15.3478,75.1338,2026-08-25 19:00:00,15.5,8.1,124.0,5.4,1.5,42.0,23.9,84,0.0,20.2
Hubballi,15.3478,75.1338,2026-08-25 20:00:00,13.4,7.4,129.0,6.3,1.6,38.0,23.3,88,0.0,18.0
Hubballi,15.3478,75.1338,2026-08-25 21:00:00,11.4,6.0,129.0,6.0,1.7,37.0,23.1,90,0.0,16.1
Hubballi,15.3478,75.1338,2026-08-25 22:00:00,9.3,5.2,126.0,5.2,1.7,38.0,23.1,90,0.0,16.0
Hubballi,15.3478,75.1338,2026-08-25 23:00:00,7.9,4.3,122.0,4.4,1.7,38.0,23.1,88,0.0,17.0
Hubballi,15.3478,75.1338,2026-08-26 00:00:00,6.9,3.7,115.0,3.8,1.6,38.0,22.7,90,0.0,16.3
Hubballi,15.3478,75.1338,2026-08-26 01:00:00,6.1,3.1,106.0,3.3,1.6,38.0,22.5,91,0.0,14.9
Hubballi,15.3478,75.1338,2026-08-26 02:00:00,5.4,2.9,100.0,3.0,1.5,37.0,22.2,93,0.0,13.9
Hubballi,15.3478,75.1338,2026-08-26 03:00:00,5.1,2.8,98.0,3.0,1.5,36.0,22.0,94,0.0,14.6
Hubballi,15.3478,75.1338,2026-08-26 04:00:00,4.8,2.6,98.0,3.2,1.5,34.0,22.0,92,0.0,14.0
Hubballi,15.3478,75.1338,2026-08-26 05:00:00,6.6,2.7,100.0,1.9,1.2,42.0,22.6,93,0.0,15.6
Hubballi,15.3478,75.1338,2026-08-26 06:00:00,6.0,2.9,105.0,2.4,1.3,42.0,22.6,92,0.0,13.9
Hubballi,15.3478,75.1338,2026-08-26 07:00:00,7.1,3.5,112.0,3.0,1.4,43.0,23.3,88,0.0,16.0
Hubballi,15.3478,75.1338,2026-08-26 08:00:00,8.9,4.1,116.0,3.3,1.4,45.0,24.7,81,0.0,19.0
Hubballi,15.3478,75.1338,2026-08-26 09:00:00,11.0,4.7,113.0,2.8,1.4,50.0,26.4,71,0.1,20.6
Hubballi,15.3478,75.1338,2026-08-26 10:00:00,11.1,4.7,106.0,1.9,1.3,56.0,27.1,69,0.2,21.6
Hubballi,15.3478,75.1338,2026-08-26 11:00:00,11.5,4.9,102.0,1.2,1.2,60.0,28.4,63,0.1,22.0
Hubballi,15.3478,75.1338,2026-08-26 12:00:00,13.1,5.5,103.0,1.0,1.2,62.0,28.6,63,0.3,23.0
Hubballi,15.3478,75.1338,2026-08-26 13:00:00,14.1,6.1,106.0,1.0,1.2,63.0,29.2,60,0.1,23.4
Hubballi,15.3478,75.1338,2026-08-26 14:00:00,15.2,6.7,109.0,1.2,1.2,62.0,29.0,59,0.4,26.1
Hubballi,15.3478,75.1338,2026-08-26 15:00:00,17.3,7.5,111.0,1.5,1.2,60.0,28.3,65,0.4,26.1
Hubballi,15.3478,75.1338,2026-08-26 16:00:00,17.8,8.0,114.0,2.0,1.2,58.0,27.3,69,0.1,24.9
Hubballi,15.3478,75.1338,2026-08-26 17:00:00,23.4,10.9,117.0,2.8,1.2,55.0,26.3,75,0.0,22.9
Hubballi,15.3478,75.1338,2026-08-26 18:00:00,17.8,9.1,123.0,3.9,1.3,50.0,25.1,79,0.0,20.7
Hubballi,15.3478,75.1338,2026-08-26 19:00:00,14.0,7.7,130.0,5.4,1.5,44.0,24.1,86,0.0,18.4
Hubballi,15.3478,75.1338,2026-08-26 20:00:00,12.3,6.9,134.0,6.4,1.6,39.0,23.4,90,0.0,17.9
Hubballi,15.3478,75.1338,2026-08-26 21:00:00,10.8,6.1,135.0,6.4,1.7,37.0,22.8,92,0.0,16.4
Hubballi,15.3478,75.1338,2026-08-26 22:00:00,9.5,5.4,133.0,6.0,1.8,36.0,22.6,93,0.0,16.5
Hubballi,15.3478,75.1338,2026-08-26 23:00:00,8.1,4.7,129.0,5.3,1.8,36.0,22.9,91,0.0,17.6
Hubballi,15.3478,75.1338,2026-08-27 00:00:00,6.8,3.9,120.0,4.5,1.7,37.0,22.5,92,0.0,16.0
Hubballi,15.3478,75.1338,2026-08-27 01:00:00,6.8,3.4,108.0,3.5,1.5,38.0,22.5,92,0.0,15.8
Hubballi,15.3478,75.1338,2026-08-27 02:00:00,7.9,3.4,99.0,2.7,1.4,39.0,22.6,91,0.0,18.2
Hubballi,15.3478,75.1338,2026-08-27 03:00:00,8.0,3.2,95.0,2.3,1.4,39.0,22.2,93,0.0,16.1
Hubballi,15.3478,75.1338,2026-08-27 04:00:00,6.9,2.8,95.0,2.2,1.4,39.0,22.5,91,0.0,16.5
Hubballi,15.3478,75.1338,2026-08-27 05:00:00,5.5,2.4,96.0,2.1,1.4,40.0,22.7,92,0.0,17.0
Hubballi,15.3478,75.1338,2026-08-27 06:00:00,5.2,2.3,101.0,2.5,1.4,41.0,22.5,94,0.0,15.0
Hubballi,15.3478,75.1338,2026-08-27 07:00:00,5.6,2.7,107.0,2.9,1.4,42.0,23.3,89,0.1,18.6
Hubballi,15.3478,75.1338,2026-08-27 08:00:00,6.0,2.9,111.0,3.1,1.4,44.0,24.6,81,0.0,21.8
Hubballi,15.3478,75.1338,2026-08-27 09:00:00,8.4,3.7,109.0,2.6,1.3,48.0,26.0,74,0.1,22.7
Hubballi,15.3478,75.1338,2026-08-27 10:00:00,6.6,3.1,104.0,1.8,1.3,54.0,27.4,67,0.0,23.8
Hubballi,15.3478,75.1338,2026-08-27 11:00:00,8.1,3.5,100.0,1.2,1.2,58.0,27.9,65,0.0,23.0
Hubballi,15.3478,75.1338,2026-08-27 12:00:00,10.5,4.4,99.0,1.0,1.1,60.0,28.6,60,0.1,24.9
Hubballi,15.3478,75.1338,2026-08-27 13:00:00,14.1,5.7,99.0,0.9,1.1,60.0,28.7,61,0.1,26.5
Hubballi,15.3478,75.1338,2026-08-27 14:00:00,18.0,7.0,100.0,1.1,1.0,60.0,28.1,62,0.1,25.4
Hubballi,15.3478,75.1338,2026-08-27 15:00:00,18.7,7.6,102.0,1.5,1.0,59.0,27.8,65,0.2,25.9
Hubballi,15.3478,75.1338,2026-08-27 16:00:00,17.0,7.6,106.0,2.0,1.0,57.0,26.9,69,0.1,25.1
Hubballi,15.3478,75.1338,2026-08-27 17:00:00,14.7,7.3,110.0,2.7,1.0,54.0,25.4,77,0.1,23.5
Hubballi,15.3478,75.1338,2026-08-27 18:00:00,11.7,6.5,117.0,3.6,1.1,50.0,24.3,83,0.0,20.1
Hubballi,15.3478,75.1338,2026-08-27 19:00:00,9.0,5.3,125.0,4.7,1.3,46.0,23.6,86,0.0,18.1
Hubballi,15.3478,75.1338,2026-08-27 20:00:00,7.3,4.5,130.0,5.5,1.4,42.0,22.7,88,0.0,16.6
Hubballi,15.3478,75.1338,2026-08-27 21:00:00,6.0,3.9,132.0,6.0,1.5,39.0,22.5,89,0.0,14.1
Hubballi,15.3478,75.1338,2026-08-27 22:00:00,5.3,3.7,131.0,6.1,1.6,38.0,22.2,90,0.0,15.3
Hubballi,15.3478,75.1338,2026-08-27 23:00:00,5.0,3.4,127.0,5.9,1.6,37.0,22.9,87,0.0,16.3
