city,latitude,longitude,time,pm10,pm2_5,carbon_monoxide,nitrogen_dioxide,sulphur_dioxide,ozone,temperature_2m,relative_humidity_2m,precipitation,wind_speed_10m
Hyderabad,17.385,78.4867,2025-08-28 00:00:00,14.8,12.4,222.0,9.2,5.1,53.0,22.1,96,1.7,14.0
Hyderabad,17.385,78.4867,2025-08-28 01:00:00,13.7,11.4,197.0,8.4,4.7,52.0,22.0,96,1.0,13.1
Hyderabad,17.385,78.4867,2025-08-28 02:00:00,12.7,10.3,181.0,7.8,4.5,51.0,21.9,96,1.9,14.1
Hyderabad,17.385,78.4867,2025-08-28 03:00:00,11.4,9.3,166.0,7.2,4.4,49.0,21.8,96,2.1,11.9
Hyderabad,17.385,78.4867,2025-08-28 04:00:00,9.4,7.8,161.0,6.9,4.5,46.0,21.9,96,2.1,12.6
Hyderabad,17.385,78.4867,2025-08-28 05:00:00,5.8,5.4,193.0,6.9,4.4,44.0,21.9,96,1.1,12.8
Hyderabad,17.385,78.4867,2025-08-28 06:00:00,6.2,5.6,305.0,8.5,4.9,40.0,22.6,94,0.5,15.2
Hyderabad,17.385,78.4867,2025-08-28 07:00:00,7.2,6.5,454.0,10.6,5.7,35.0,22.9,93,0.3,13.1
Hyderabad,17.385,78.4867,2025-08-28 08:00:00,8.2,7.4,537.0,11.5,6.1,34.0,23.3,92,0.2,12.4
Hyderabad,17.385,78.4867,2025-08-28 09:00:00,8.6,7.6,491.0,9.9,6.0,42.0,24.1,89,0.7,15.9
Hyderabad,17.385,78.4867,2025-08-28 10:00:00,8.3,7.2,380.0,6.9,5.5,55.0,23.9,89,0.5,15.1
Hyderabad,17.385,78.4867,2025-08-28 11:00:00,7.9,7.0,291.0,4.6,5.0,66.0,24.5,85,0.6,17.6
Hyderabad,17.385,78.4867,2025-08-28 12:00:00,7.8,7.2,251.0,3.4,4.3,74.0,24.8,84,0.9,16.2
Hyderabad,17.385,78.4867,2025-08-28 13:00:00,6.4,6.0,234.0,2.8,3.5,80.0,26.0,80,0.4,17.0
Hyderabad,17.385,78.4867,2025-08-28 14:00:00,4.5,4.4,248.0,2.8,3.0,82.0,26.4,75,0.3,19.3
Hyderabad,17.385,78.4867,2025-08-28 15:00:00,4.0,4.0,323.0,3.8,3.1,78.0,26.5,78,0.3,15.3
Hyderabad,17.385,78.4867,2025-08-28 16:00:00,4.2,4.2,430.0,5.5,3.6,71.0,26.3,78,0.1,14.5
Hyderabad,17.385,78.4867,2025-08-28 17:00:00,11.4,9.5,492.0,12.5,4.1,62.0,25.5,81,0.2,12.2
Hyderabad,17.385,78.4867,2025-08-28 18:00:00,13.3,12.1,464.0,13.0,4.7,59.0,24.4,84,0.0,12.2
Hyderabad,17.385,78.4867,2025-08-28 19:00:00,13.4,12.3,390.0,13.7,5.5,56.0,23.9,88,0.0,11.8
Hyderabad,17.385,78.4867,2025-08-28 20:00:00,13.0,11.6,325.0,13.8,6.1,54.0,23.3,90,0.0,11.4
Hyderabad,17.385,78.4867,2025-08-28 21:00:00,12.7,11.2,288.0,12.7,6.3,55.0,23.3,92,0.0,12.1
Hyderabad,17.385,78.4867,2025-08-28 22:00:00,11.9,10.5,259.0,10.9,6.3,57.0,22.9,93,0.4,11.9
Hyderabad,17.385,78.4867,2025-08-28 23:00:00,10.4,9.4,233.0,9.4,6.1,58.0,22.5,94,2.3,11.8
Hyderabad,17.385,78.4867,2025-08-29 00:00:00,8.8,8.1,204.0,8.5,5.7,58.0,22.2,96,0.7,11.6
Hyderabad,17.385,78.4867,2025-08-29 01:00:00,7.9,7.2,178.0,7.8,5.1,57.0,22.2,96,0.3,14.0
Hyderabad,17.385,78.4867,2025-08-29 02:00:00,7.9,6.9,162.0,7.4,4.7,55.0,22.0,95,0.0,14.7
Hyderabad,17.385,78.4867,2025-08-29 03:00:00,9.8,7.9,155.0,7.5,4.6,51.0,21.8,94,0.0,14.1
Hyderabad,17.385,78.4867,2025-08-29 04:00:00,12.7,9.7,159.0,7.9,4.7,47.0,21.8,95,0.0,13.9
Hyderabad,17.385,78.4867,2025-08-29 05:00:00,15.0,10.4,180.0,8.6,5.2,41.0,22.1,93,0.0,13.9
Hyderabad,17.385,78.4867,2025-08-29 06:00:00,14.2,10.1,240.0,8.2,5.0,39.0,23.0,90,0.1,14.0
Hyderabad,17.385,78.4867,2025-08-29 07:00:00,15.2,9.0,318.0,7.7,4.6,37.0,23.0,91,0.0,12.9
Hyderabad,17.385,78.4867,2025-08-29 08:00:00,18.8,10.1,360.0,6.8,4.2,39.0,23.7,87,0.0,14.9
Hyderabad,17.385,78.4867,2025-08-29 09:00:00,21.4,10.6,330.0,5.3,3.8,48.0,25.3,79,0.0,18.2
Hyderabad,17.385,78.4867,2025-08-29 10:00:00,24.5,10.9,264.0,3.4,3.3,60.0,26.2,73,0.0,17.5
Hyderabad,17.385,78.4867,2025-08-29 11:00:00,24.9,11.0,217.0,2.1,2.9,70.0,27.2,69,0.0,16.8
Hyderabad,17.385,78.4867,2025-08-29 12:00:00,22.4,10.4,208.0,1.6,2.6,77.0,28.1,65,0.0,14.4
Hyderabad,17.385,78.4867,2025-08-29 13:00:00,19.4,9.9,219.0,1.6,2.4,81.0,28.6,62,0.2,15.1
Hyderabad,17.385,78.4867,2025-08-29 14:00:00,16.9,9.5,250.0,1.9,2.3,84.0,28.6,64,0.3,13.0
Hyderabad,17.385,78.4867,2025-08-29 15:00:00,15.7,9.1,315.0,2.7,2.2,84.0,28.1,66,0.1,13.2
Hyderabad,17.385,78.4867,2025-08-29 16:00:00,15.0,8.8,400.0,3.8,2.2,82.0,28.3,66,0.0,11.6
Hyderabad,17.385,78.4867,2025-08-29 17:00:00,26.0,14.7,465.0,7.2,3.2,75.0,27.5,71,0.0,11.5
Hyderabad,17.385,78.4867,2025-08-29 18:00:00,23.9,15.4,499.0,7.9,3.7,72.0,25.9,78,0.0,10.2
Hyderabad,17.385,78.4867,2025-08-29 19:00:00,21.3,15.5,514.0,8.9,4.5,67.0,25.4,81,0.0,8.9
Hyderabad,17.385,78.4867,2025-08-29 20:00:00,16.2,12.4,499.0,9.6,5.0,62.0,25.0,82,0.0,10.0
Hyderabad,17.385,78.4867,2025-08-29 21:00:00,12.9,10.6,437.0,9.7,5.0,58.0,24.5,84,0.0,9.0
Hyderabad,17.385,78.4867,2025-08-29 22:00:00,10.2,8.8,346.0,9.4,4.8,54.0,24.0,85,0.0,11.6
Hyderabad,17.385,78.4867,2025-08-29 23:00:00,7.9,7.0,271.0,9.1,4.6,50.0,23.8,87,0.0,10.9
Hyderabad,17.385,78.4867,2025-08-30 00:00:00,6.5,5.8,228.0,8.7,4.5,46.0,23.8,87,0.0,11.5
Hyderabad,17.385,78.4867,2025-08-30 01:00:00,5.7,5.0,200.0,8.2,4.5,42.0,23.7,86,0.0,12.4
Hyderabad,17.385,78.4867,2025-08-30 02:00:00,5.0,4.4,183.0,7.8,4.4,39.0,23.3,87,0.0,11.6
Hyderabad,17.385,78.4867,2025-08-30 03:00:00,4.4,3.9,177.0,7.8,4.3,36.0,22.9,89,0.0,10.9
Hyderabad,17.385,78.4867,2025-08-30 04:00:00,4.1,3.7,183.0,8.0,4.1,33.0,22.6,89,0.0,10.9
Hyderabad,17.385,78.4867,2025-08-30 05:00:00,4.2,4.1,197.0,9.2,4.9,29.0,22.5,90,0.0,11.4
Hyderabad,17.385,78.4867,2025-08-30 06:00:00,4.8,4.5,227.0,8.2,4.8,31.0,23.0,88,0.0,12.6
Hyderabad,17.385,78.4867,2025-08-30 07:00:00,5.6,5.1,265.0,6.9,4.6,33.0,23.7,86,0.0,11.7
Hyderabad,17.385,78.4867,2025-08-30 08:00:00,5.7,4.7,289.0,5.5,4.3,38.0,25.0,78,0.0,17.8
Hyderabad,17.385,78.4867,2025-08-30 09:00:00,6.9,4.8,283.0,4.2,3.8,47.0,26.1,74,0.0,16.4
Hyderabad,17.385,78.4867,2025-08-30 10:00:00,9.7,5.4,261.0,2.9,3.1,58.0,27.1,71,0.0,12.8
Hyderabad,17.385,78.4867,2025-08-30 11:00:00,13.9,6.8,246.0,2.0,2.6,67.0,27.9,68,0.0,12.7
Hyderabad,17.385,78.4867,2025-08-30 12:00:00,17.3,8.1,237.0,1.5,2.4,73.0,28.9,64,0.1,12.6
Hyderabad,17.385,78.4867,2025-08-30 13:00:00,18.3,8.7,235.0,1.5,2.3,78.0,29.5,60,0.1,12.6
Hyderabad,17.385,78.4867,2025-08-30 14:00:00,17.3,8.5,257.0,2.0,2.3,80.0,29.6,62,0.1,11.0
Hyderabad,17.385,78.4867,2025-08-30 15:00:00,15.5,7.9,324.0,3.3,2.4,78.0,29.4,63,0.1,10.8
Hyderabad,17.385,78.4867,2025-08-30 16:00:00,12.6,7.1,416.0,5.2,2.6,74.0,29.2,64,0.0,10.8
Hyderabad,17.385,78.4867,2025-08-30 17:00:00,24.7,15.5,490.0,8.6,3.5,69.0,28.7,68,0.0,8.6
Hyderabad,17.385,78.4867,2025-08-30 18:00:00,26.4,18.7,540.0,13.1,4.8,61.0,27.5,72,0.0,4.0
Hyderabad,17.385,78.4867,2025-08-30 19:00:00,29.9,23.0,572.0,19.2,6.6,50.0,26.7,76,0.0,5.6
Hyderabad,17.385,78.4867,2025-08-30 20:00:00,26.0,21.0,564.0,22.0,7.4,44.0,25.9,80,0.0,8.2
Hyderabad,17.385,78.4867,2025-08-30 21:00:00,19.8,15.7,487.0,18.4,6.3,47.0,25.2,81,0.0,10.5
Hyderabad,17.385,78.4867,2025-08-30 22:00:00,15.9,12.4,369.0,11.7,4.3,54.0,24.5,85,0.0,10.3
Hyderabad,17.385,78.4867,2025-08-30 23:00:00,12.8,9.3,273.0,6.7,2.9,58.0,24.0,86,0.0,11.4
Hyderabad,17.385,78.4867,2025-08-31 00:00:00,11.1,7.6,223.0,5.6,2.7,55.0,23.8,86,0.0,11.8
Hyderabad,17.385,78.4867,2025-08-31 01:00:00,11.5,7.7,195.0,6.3,2.9,49.0,23.7,87,0.0,12.1
Hyderabad,17.385,78.4867,2025-08-31 02:00:00,12.2,8.2,180.0,7.1,3.3,44.0,23.4,89,0.0,12.5
Hyderabad,17.385,78.4867,2025-08-31 03:00:00,12.5,8.5,177.0,7.5,3.6,41.0,23.2,90,0.0,12.3
Hyderabad,17.385,78.4867,2025-08-31 04:00:00,12.9,8.6,187.0,8.0,3.9,38.0,23.0,91,0.0,11.6
Hyderabad,17.385,78.4867,2025-08-31 05:00:00,13.2,8.9,206.0,7.8,4.1,37.0,22.9,92,0.0,11.9
Hyderabad,17.385,78.4867,2025-08-31 06:00:00,14.2,9.7,244.0,7.5,4.2,38.0,23.4,89,0.0,12.8
Hyderabad,17.385,78.4867,2025-08-31 07:00:00,15.3,10.4,292.0,7.0,4.2,40.0,24.0,87,0.0,12.1
Hyderabad,17.385,78.4867,2025-08-31 08:00:00,14.8,9.6,318.0,6.2,4.2,44.0,25.2,81,0.0,14.8
Hyderabad,17.385,78.4867,2025-08-31 09:00:00,15.0,9.1,302.0,5.0,4.0,52.0,25.6,79,0.3,14.9
Hyderabad,17.385,78.4867,2025-08-31 10:00:00,15.4,9.1,264.0,3.5,3.6,63.0,25.3,81,0.1,15.3
Hyderabad,17.385,78.4867,2025-08-31 11:00:00,16.8,9.6,234.0,2.4,3.2,71.0,26.3,76,0.1,16.2
Hyderabad,17.385,78.4867,2025-08-31 12:00:00,16.6,9.2,214.0,1.8,2.7,74.0,27.0,78,0.2,13.5
Hyderabad,17.385,78.4867,2025-08-31 13:00:00,15.8,8.5,203.0,1.6,2.3,75.0,28.0,74,0.4,14.4
Hyderabad,17.385,78.4867,2025-08-31 14:00:00,18.3,9.2,220.0,2.3,2.1,74.0,27.1,76,0.8,11.8
Hyderabad,17.385,78.4867,2025-08-31 15:00:00,18.9,10.5,296.0,4.6,2.5,71.0,25.6,84,0.2,7.8
Hyderabad,17.385,78.4867,2025-08-31 16:00:00,21.9,11.8,401.0,7.8,3.3,66.0,27.0,77,0.1,11.6
Hyderabad,17.385,78.4867,2025-08-31 17:00:00,32.8,14.8,468.0,6.9,3.2,71.0,27.0,79,0.0,9.8
Hyderabad,17.385,78.4867,2025-08-31 18:00:00,31.8,16.6,462.0,9.6,4.2,65.0,26.4,82,0.0,8.1
Hyderabad,17.385,78.4867,2025-08-31 19:00:00,31.9,17.9,417.0,13.2,5.5,57.0,25.7,85,0.0,8.4
Hyderabad,17.385,78.4867,2025-08-31 20:00:00,31.8,18.4,375.0,15.1,6.2,52.0,25.4,86,0.0,8.6
Hyderabad,17.385,78.4867,2025-08-31 21:00:00,34.3,19.6,350.0,13.8,5.6,52.0,24.7,89,0.5,12.7
Hyderabad,17.385,78.4867,2025-08-31 22:00:00,25.4,14.8,328.0,10.8,4.5,55.0,23.7,91,0.1,11.2
Hyderabad,17.385,78.4867,2025-08-31 23:00:00,19.1,11.3,299.0,8.3,3.6,57.0,23.4,90,0.1,12.1
Hyderabad,17.385,78.4867,2025-09-01 00:00:00,14.5,8.9,254.0,7.1,3.4,56.0,23.3,90,0.1,12.7
Hyderabad,17.385,78.4867,2025-09-01 01:00:00,11.8,7.5,202.0,6.5,3.5,53.0,23.1,91,0.1,14.3
Hyderabad,17.385,78.4867,2025-09-01 02:00:00,10.4,6.5,168.0,6.2,3.7,49.0,22.9,92,0.1,13.8
Hyderabad,17.385,78.4867,2025-09-01 03:00:00,10.0,6.3,152.0,6.3,3.9,44.0,23.0,92,0.3,13.8
Hyderabad,17.385,78.4867,2025-09-01 04:00:00,9.5,6.2,154.0,6.8,4.2,37.0,22.8,93,0.4,15.3
Hyderabad,17.385,78.4867,2025-09-01 05:00:00,10.6,6.9,192.0,6.8,3.8,34.0,22.7,93,0.2,15.5
Hyderabad,17.385,78.4867,2025-09-01 06:00:00,11.3,7.4,310.0,7.6,4.3,32.0,23.2,91,0.0,13.6
Hyderabad,17.385,78.4867,2025-09-01 07:00:00,12.3,8.4,465.0,8.6,4.9,30.0,23.6,90,0.0,12.6
Hyderabad,17.385,78.4867,2025-09-01 08:00:00,12.8,8.8,546.0,8.8,5.1,31.0,23.9,88,0.0,11.2
Hyderabad,17.385,78.4867,2025-09-01 09:00:00,12.8,8.5,477.0,7.4,4.6,37.0,25.1,80,0.1,18.3
Hyderabad,17.385,78.4867,2025-09-01 10:00:00,13.9,7.6,334.0,5.2,3.8,47.0,26.0,76,0.1,15.6
Hyderabad,17.385,78.4867,2025-09-01 11:00:00,15.5,7.6,230.0,3.5,3.2,55.0,27.1,70,0.0,16.1
Hyderabad,17.385,78.4867,2025-09-01 12:00:00,15.7,7.5,208.0,2.6,2.9,62.0,27.9,66,0.1,17.2
Hyderabad,17.385,78.4867,2025-09-01 13:00:00,15.7,7.6,226.0,2.2,2.8,68.0,27.8,68,0.1,14.7
Hyderabad,17.385,78.4867,2025-09-01 14:00:00,14.1,7.1,270.0,2.6,2.8,71.0,27.3,73,0.6,10.6
Hyderabad,17.385,78.4867,2025-09-01 15:00:00,12.1,6.8,352.0,4.4,2.9,68.0,26.7,74,1.5,11.9
Hyderabad,17.385,78.4867,2025-09-01 16:00:00,11.8,7.9,460.0,7.1,3.2,61.0,27.0,74,0.1,9.9
Hyderabad,17.385,78.4867,2025-09-01 17:00:00,15.1,8.7,540.0,5.8,3.0,67.0,23.9,89,4.5,9.7
Hyderabad,17.385,78.4867,2025-09-01 18:00:00,15.0,10.2,574.0,7.5,3.8,62.0,25.5,79,0.0,9.3
Hyderabad,17.385,78.4867,2025-09-01 19:00:00,16.2,11.8,579.0,9.9,4.8,56.0,24.7,84,0.1,8.2
Hyderabad,17.385,78.4867,2025-09-01 20:00:00,19.7,13.9,556.0,11.4,5.5,51.0,24.5,86,0.2,9.2
Hyderabad,17.385,78.4867,2025-09-01 21:00:00,19.1,13.9,490.0,11.3,5.3,49.0,24.6,85,0.0,10.0
Hyderabad,17.385,78.4867,2025-09-01 22:00:00,18.5,13.2,395.0,10.4,4.8,47.0,24.5,84,0.0,13.6
Hyderabad,17.385,78.4867,2025-09-01 23:00:00,17.2,11.8,311.0,9.4,4.3,46.0,23.7,87,0.1,12.5
Hyderabad,17.385,78.4867,2025-09-02 00:00:00,16.6,11.1,249.0,8.6,4.1,43.0,23.7,85,0.0,14.5
Hyderabad,17.385,78.4867,2025-09-02 01:00:00,15.5,10.5,198.0,7.8,3.9,40.0,23.3,86,0.0,13.1
Hyderabad,17.385,78.4867,2025-09-02 02:00:00,13.1,9.3,166.0,7.2,3.8,38.0,23.1,87,0.0,14.2
Hyderabad,17.385,78.4867,2025-09-02 03:00:00,10.4,7.7,154.0,6.8,3.7,36.0,23.0,88,0.0,15.5
Hyderabad,17.385,78.4867,2025-09-02 04:00:00,8.1,6.1,160.0,6.6,3.7,34.0,22.9,88,0.0,16.0
Hyderabad,17.385,78.4867,2025-09-02 05:00:00,4.9,3.8,187.0,5.6,2.9,38.0,22.7,88,0.0,15.5
Hyderabad,17.385,78.4867,2025-09-02 06:00:00,4.7,3.7,256.0,6.2,3.2,36.0,22.9,90,0.1,17.2
Hyderabad,17.385,78.4867,2025-09-02 07:00:00,5.6,4.5,346.0,7.1,3.6,35.0,23.3,89,0.1,14.9
Hyderabad,17.385,78.4867,2025-09-02 08:00:00,7.9,5.5,397.0,7.2,3.8,36.0,23.9,86,0.1,17.9
Hyderabad,17.385,78.4867,2025-09-02 09:00:00,10.3,6.1,369.0,5.9,3.7,44.0,24.8,80,0.1,21.0
Hyderabad,17.385,78.4867,2025-09-02 10:00:00,13.0,7.0,302.0,4.0,3.4,55.0,26.1,77,0.1,17.6
Hyderabad,17.385,78.4867,2025-09-02 11:00:00,15.4,7.7,256.0,2.7,3.1,64.0,25.8,76,0.2,16.5
Hyderabad,17.385,78.4867,2025-09-02 12:00:00,15.3,7.7,249.0,2.3,2.9,68.0,27.0,73,0.1,15.5
Hyderabad,17.385,78.4867,2025-09-02 13:00:00,14.9,8.5,263.0,2.4,2.7,70.0,27.0,70,0.2,15.6
Hyderabad,17.385,78.4867,2025-09-02 14:00:00,21.7,11.8,303.0,3.7,2.9,69.0,26.6,72,1.4,15.8
Hyderabad,17.385,78.4867,2025-09-02 15:00:00,19.0,11.1,397.0,7.2,3.6,65.0,25.6,80,0.1,9.4
Hyderabad,17.385,78.4867,2025-09-02 16:00:00,18.0,12.4,518.0,11.7,4.6,58.0,25.1,82,0.4,9.8
Hyderabad,17.385,78.4867,2025-09-02 17:00:00,24.4,16.2,585.0,10.9,5.3,62.0,24.5,85,0.0,10.1
Hyderabad,17.385,78.4867,2025-09-02 18:00:00,26.4,19.2,552.0,12.6,5.6,58.0,24.7,85,0.0,8.5
Hyderabad,17.385,78.4867,2025-09-02 19:00:00,25.8,19.4,467.0,14.8,6.0,52.0,24.5,87,0.9,8.2
Hyderabad,17.385,78.4867,2025-09-02 20:00:00,23.7,18.0,391.0,15.6,6.1,49.0,24.0,90,0.0,11.3
Hyderabad,17.385,78.4867,2025-09-02 21:00:00,22.5,17.2,348.0,13.7,5.6,52.0,23.7,91,0.1,9.6
Hyderabad,17.385,78.4867,2025-09-02 22:00:00,20.3,15.6,315.0,10.4,4.9,58.0,23.3,92,0.4,10.5
Hyderabad,17.385,78.4867,2025-09-02 23:00:00,17.5,13.0,283.0,7.7,4.3,63.0,23.0,93,0.2,13.5
Hyderabad,17.385,78.4867,2025-09-03 00:00:00,14.3,10.8,245.0,6.6,4.2,65.0,22.6,93,0.1,13.9
Hyderabad,17.385,78.4867,2025-09-03 01:00:00,12.2,9.2,208.0,6.1,4.2,66.0,22.4,93,0.0,13.7
Hyderabad,17.385,78.4867,2025-09-03 02:00:00,12.2,8.6,183.0,5.8,4.2,65.0,22.3,93,0.0,14.3
Hyderabad,17.385,78.4867,2025-09-03 03:00:00,12.6,8.5,171.0,5.4,3.9,63.0,22.2,92,0.0,14.2
Hyderabad,17.385,78.4867,2025-09-03 04:00:00,11.0,7.6,171.0,5.2,3.5,60.0,22.2,91,0.0,13.9
Hyderabad,17.385,78.4867,2025-09-03 05:00:00,7.1,4.9,191.0,4.5,2.9,64.0,22.3,91,0.0,14.3
Hyderabad,17.385,78.4867,2025-09-03 06:00:00,6.0,4.5,253.0,5.5,3.6,60.0,22.9,90,0.0,13.4
Hyderabad,17.385,78.4867,2025-09-03 07:00:00,8.2,6.1,336.0,6.7,4.6,54.0,23.5,89,0.0,11.3
Hyderabad,17.385,78.4867,2025-09-03 08:00:00,11.4,7.7,382.0,7.2,5.1,52.0,24.2,85,0.0,14.9
Hyderabad,17.385,78.4867,2025-09-03 09:00:00,16.3,10.0,357.0,6.1,4.9,56.0,25.0,79,0.0,15.4
Hyderabad,17.385,78.4867,2025-09-03 10:00:00,21.8,11.9,295.0,4.3,4.2,63.0,26.4,71,0.0,15.2
Hyderabad,17.385,78.4867,2025-09-03 11:00:00,28.2,13.4,248.0,2.8,3.6,70.0,26.8,67,0.0,14.5
Hyderabad,17.385,78.4867,2025-09-03 12:00:00,34.0,15.0,229.0,2.0,3.0,75.0,27.3,64,0.0,13.8
Hyderabad,17.385,78.4867,2025-09-03 13:00:00,39.2,16.6,224.0,1.7,2.5,80.0,28.0,60,0.0,15.3
Hyderabad,17.385,78.4867,2025-09-03 14:00:00,38.3,17.6,241.0,2.0,2.2,82.0,28.8,57,0.0,16.7
Hyderabad,17.385,78.4867,2025-09-03 15:00:00,36.4,17.5,293.0,3.5,2.4,82.0,28.4,59,0.0,15.6
Hyderabad,17.385,78.4867,2025-09-03 16:00:00,31.2,16.6,366.0,5.7,3.0,79.0,27.7,63,0.0,14.2
Hyderabad,17.385,78.4867,2025-09-03 17:00:00,45.1,24.2,431.0,9.7,4.9,78.0,26.8,70,0.0,12.2
Hyderabad,17.385,78.4867,2025-09-03 18:00:00,43.5,25.5,484.0,12.8,5.8,70.0,26.6,69,0.0,8.3
Hyderabad,17.385,78.4867,2025-09-03 19:00:00,42.6,27.0,528.0,17.0,7.0,59.0,25.6,75,0.0,6.0
Hyderabad,17.385,78.4867,2025-09-03 20:00:00,42.0,27.8,539.0,20.1,7.9,50.0,25.0,78,0.0,4.6
Hyderabad,17.385,78.4867,2025-09-03 21:00:00,42.0,28.1,498.0,21.3,8.2,45.0,24.4,82,0.0,6.0
Hyderabad,17.385,78.4867,2025-09-03 22:00:00,42.3,28.5,425.0,21.5,8.2,42.0,23.8,86,0.1,8.3
Hyderabad,17.385,78.4867,2025-09-03 23:00:00,39.9,27.0,357.0,20.6,7.9,40.0,23.5,87,0.0,6.5
Hyderabad,17.385,78.4867,2025-09-04 00:00:00,36.2,24.3,301.0,18.2,7.4,41.0,23.1,89,0.0,6.9
Hyderabad,17.385,78.4867,2025-09-04 01:00:00,32.9,22.3,250.0,14.9,6.6,43.0,22.8,91,0.1,9.5
Hyderabad,17.385,78.4867,2025-09-04 02:00:00,30.4,20.8,215.0,12.2,6.0,44.0,22.8,90,0.0,8.1
Hyderabad,17.385,78.4867,2025-09-04 03:00:00,27.9,19.4,201.0,10.9,5.7,43.0,22.4,92,0.0,10.6
Hyderabad,17.385,78.4867,2025-09-04 04:00:00,24.3,17.2,203.0,10.3,5.5,41.0,22.5,90,0.1,12.5
Hyderabad,17.385,78.4867,2025-09-04 05:00:00,26.3,17.8,224.0,7.1,4.9,60.0,22.1,91,0.1,10.3
Hyderabad,17.385,78.4867,2025-09-04 06:00:00,20.8,14.8,282.0,7.2,5.1,54.0,22.6,92,0.0,13.7
Hyderabad,17.385,78.4867,2025-09-04 07:00:00,17.3,12.4,359.0,7.2,5.2,46.0,23.1,90,0.0,12.9
Hyderabad,17.385,78.4867,2025-09-04 08:00:00,18.2,11.3,396.0,6.8,5.1,43.0,23.8,85,0.0,15.3
Hyderabad,17.385,78.4867,2025-09-04 09:00:00,21.2,11.4,355.0,5.4,4.4,50.0,25.2,76,0.0,16.2
Hyderabad,17.385,78.4867,2025-09-04 10:00:00,25.1,11.8,274.0,3.4,3.4,61.0,26.8,69,0.0,14.5
Hyderabad,17.385,78.4867,2025-09-04 11:00:00,28.7,12.3,212.0,2.0,2.6,71.0,27.8,63,0.0,17.2
Hyderabad,17.385,78.4867,2025-09-04 12:00:00,28.9,12.2,188.0,1.4,2.3,77.0,28.8,58,0.0,17.5
Hyderabad,17.385,78.4867,2025-09-04 13:00:00,29.4,12.1,182.0,1.4,2.2,80.0,29.3,55,0.0,18.0
Hyderabad,17.385,78.4867,2025-09-04 14:00:00,27.8,11.4,203.0,2.0,2.3,81.0,29.4,55,0.0,18.7
Hyderabad,17.385,78.4867,2025-09-04 15:00:00,23.9,10.2,256.0,3.5,2.5,78.0,28.9,59,0.0,15.1
Hyderabad,17.385,78.4867,2025-09-04 16:00:00,20.0,9.1,334.0,5.7,2.8,73.0,28.9,59,0.0,14.8
Hyderabad,17.385,78.4867,2025-09-04 17:00:00,34.6,15.9,424.0,8.7,3.3,68.0,28.1,64,0.0,10.8
Hyderabad,17.385,78.4867,2025-09-04 18:00:00,31.2,16.8,552.0,11.7,4.2,61.0,26.6,69,0.0,9.0
Hyderabad,17.385,78.4867,2025-09-04 19:00:00,31.1,18.4,692.0,15.8,5.4,51.0,25.8,73,0.0,7.6
Hyderabad,17.385,78.4867,2025-09-04 20:00:00,33.9,20.4,748.0,18.5,6.3,44.0,25.2,77,0.0,6.6
Hyderabad,17.385,78.4867,2025-09-04 21:00:00,34.6,21.1,650.0,18.5,6.5,42.0,24.6,80,0.0,7.2
Hyderabad,17.385,78.4867,2025-09-04 22:00:00,33.4,20.6,468.0,17.0,6.3,41.0,24.4,80,0.0,9.2
Hyderabad,17.385,78.4867,2025-09-04 23:00:00,31.1,18.9,319.0,15.4,6.0,41.0,24.0,81,0.0,9.8
Hyderabad,17.385,78.4867,2025-09-05 00:00:00,28.6,17.2,247.0,13.9,5.7,40.0,23.6,82,0.0,11.2
Hyderabad,17.385,78.4867,2025-09-05 01:00:00,23.2,14.7,207.0,12.3,5.2,38.0,23.3,83,0.0,10.7
Hyderabad,17.385,78.4867,2025-09-05 02:00:00,19.4,12.9,185.0,11.1,4.9,36.0,23.0,85,0.0,10.9
Hyderabad,17.385,78.4867,2025-09-05 03:00:00,15.9,11.3,178.0,10.9,4.9,33.0,22.8,85,0.0,11.1
Hyderabad,17.385,78.4867,2025-09-05 04:00:00,12.7,9.7,188.0,11.2,4.9,29.0,22.5,87,0.0,11.0
Hyderabad,17.385,78.4867,2025-09-05 05:00:00,9.6,8.0,207.0,10.5,4.9,28.0,22.2,89,0.0,9.9
Hyderabad,17.385,78.4867,2025-09-05 06:00:00,9.1,7.6,242.0,9.1,4.6,31.0,22.8,89,0.0,11.2
Hyderabad,17.385,78.4867,2025-09-05 07:00:00,9.7,7.5,286.0,7.1,4.2,35.0,23.4,87,0.0,10.7
Hyderabad,17.385,78.4867,2025-09-05 08:00:00,11.4,6.8,306.0,5.3,3.7,40.0,24.8,79,0.0,15.8
Hyderabad,17.385,78.4867,2025-09-05 09:00:00,15.9,7.6,280.0,3.9,3.1,48.0,25.9,73,0.0,14.5
Hyderabad,17.385,78.4867,2025-09-05 10:00:00,17.5,8.4,231.0,2.8,2.5,57.0,27.1,67,0.1,14.5
Hyderabad,17.385,78.4867,2025-09-05 11:00:00,18.1,8.6,197.0,2.0,2.0,65.0,28.3,61,0.1,14.8
Hyderabad,17.385,78.4867,2025-09-05 12:00:00,17.2,8.4,190.0,1.6,1.8,71.0,28.9,59,0.1,14.7
Hyderabad,17.385,78.4867,2025-09-05 13:00:00,16.2,8.1,197.0,1.5,1.9,76.0,29.1,58,0.1,14.7
Hyderabad,17.385,78.4867,2025-09-05 14:00:00,15.3,7.9,225.0,1.9,2.0,79.0,28.9,61,0.1,14.1
Hyderabad,17.385,78.4867,2025-09-05 15:00:00,15.1,7.9,282.0,2.7,2.1,79.0,28.8,62,0.1,13.1
Hyderabad,17.385,78.4867,2025-09-05 16:00:00,15.1,8.3,359.0,4.1,2.3,77.0,28.7,63,0.0,12.3
Hyderabad,17.385,78.4867,2025-09-05 17:00:00,19.4,11.6,433.0,7.5,3.7,71.0,28.3,66,0.0,9.1
Hyderabad,17.385,78.4867,2025-09-05 18:00:00,22.2,15.1,511.0,12.7,5.2,61.0,26.8,72,0.0,9.3
Hyderabad,17.385,78.4867,2025-09-05 19:00:00,27.1,19.4,587.0,19.8,7.1,49.0,26.0,75,0.0,8.1
Hyderabad,17.385,78.4867,2025-09-05 20:00:00,28.8,20.7,614.0,23.9,8.3,40.0,25.3,79,0.0,6.9
Hyderabad,17.385,78.4867,2025-09-05 21:00:00,28.4,20.2,558.0,22.2,8.0,40.0,24.7,82,0.0,7.1
Hyderabad,17.385,78.4867,2025-09-05 22:00:00,25.8,18.3,453.0,17.6,6.8,45.0,24.2,84,0.0,7.5
Hyderabad,17.385,78.4867,2025-09-05 23:00:00,22.1,15.7,359.0,13.5,5.8,49.0,23.9,84,0.0,8.5
Hyderabad,17.385,78.4867,2025-09-06 00:00:00,19.0,13.4,291.0,11.0,5.0,50.0,23.7,84,0.0,10.0
Hyderabad,17.385,78.4867,2025-09-06 01:00:00,17.1,11.9,232.0,9.1,4.4,51.0,23.6,84,0.0,11.6
Hyderabad,17.385,78.4867,2025-09-06 02:00:00,16.6,11.3,196.0,8.0,4.0,50.0,23.3,84,0.0,13.3
Hyderabad,17.385,78.4867,2025-09-06 03:00:00,17.4,11.7,187.0,8.1,4.1,46.0,23.2,84,0.0,11.5
Hyderabad,17.385,78.4867,2025-09-06 04:00:00,18.5,12.5,199.0,9.1,4.6,41.0,23.0,87,0.0,10.5
Hyderabad,17.385,78.4867,2025-09-06 05:00:00,15.9,10.9,229.0,9.4,4.3,33.0,22.8,89,0.0,9.6
Hyderabad,17.385,78.4867,2025-09-06 06:00:00,15.6,10.6,293.0,8.7,4.4,34.0,23.4,84,0.0,11.5
Hyderabad,17.385,78.4867,2025-09-06 07:00:00,17.1,11.0,374.0,7.6,4.5,35.0,23.6,84,0.0,9.3
Hyderabad,17.385,78.4867,2025-09-06 08:00:00,15.9,9.9,414.0,6.4,4.4,39.0,24.7,81,0.0,10.2
Hyderabad,17.385,78.4867,2025-09-06 09:00:00,14.3,8.7,371.0,4.9,3.8,47.0,26.1,76,0.0,10.6
Hyderabad,17.385,78.4867,2025-09-06 10:00:00,14.3,8.4,287.0,3.3,3.0,58.0,27.5,69,0.0,13.9
Hyderabad,17.385,78.4867,2025-09-06 11:00:00,16.4,9.0,226.0,2.1,2.4,67.0,28.3,66,0.0,11.2
Hyderabad,17.385,78.4867,2025-09-06 12:00:00,18.4,9.8,212.0,1.6,2.1,73.0,28.7,65,0.0,10.8
Hyderabad,17.385,78.4867,2025-09-06 13:00:00,20.8,10.9,220.0,1.5,2.0,78.0,28.4,67,0.0,10.0
Hyderabad,17.385,78.4867,2025-09-06 14:00:00,20.9,11.1,242.0,1.9,2.1,80.0,28.9,66,0.0,9.9
Hyderabad,17.385,78.4867,2025-09-06 15:00:00,21.1,11.5,272.0,2.8,2.2,80.0,28.7,66,0.1,10.5
Hyderabad,17.385,78.4867,2025-09-06 16:00:00,20.9,11.7,317.0,4.2,2.5,77.0,28.3,67,0.1,10.8
Hyderabad,17.385,78.4867,2025-09-06 17:00:00,21.9,13.4,384.0,7.4,3.5,71.0,27.8,69,0.0,10.1
Hyderabad,17.385,78.4867,2025-09-06 18:00:00,23.7,16.0,499.0,11.2,4.7,63.0,26.7,75,0.0,6.7
Hyderabad,17.385,78.4867,2025-09-06 19:00:00,25.9,18.7,636.0,16.5,6.3,52.0,26.1,80,0.0,6.3
Hyderabad,17.385,78.4867,2025-09-06 20:00:00,27.8,20.3,729.0,20.9,7.6,43.0,25.5,83,0.0,6.1
Hyderabad,17.385,78.4867,2025-09-06 21:00:00,30.7,22.2,755.0,24.1,8.5,37.0,24.9,85,0.0,6.1
Hyderabad,17.385,78.4867,2025-09-06 22:00:00,34.9,25.2,738.0,26.4,9.0,32.0,24.5,87,0.0,5.6
Hyderabad,17.385,78.4867,2025-09-06 23:00:00,37.6,26.7,678.0,26.7,9.2,30.0,24.2,88,0.0,6.0
Hyderabad,17.385,78.4867,2025-09-07 00:00:00,36.7,25.1,546.0,23.6,8.7,34.0,23.9,88,0.0,6.1
Hyderabad,17.385,78.4867,2025-09-07 01:00:00,32.1,21.5,373.0,18.6,7.7,40.0,23.5,89,0.0,7.0
Hyderabad,17.385,78.4867,2025-09-07 02:00:00,27.5,18.5,245.0,14.6,6.9,44.0,23.3,89,0.0,8.3
Hyderabad,17.385,78.4867,2025-09-07 03:00:00,24.4,16.9,202.0,13.1,6.5,41.0,23.3,87,0.0,10.5
Hyderabad,17.385,78.4867,2025-09-07 04:00:00,21.3,15.1,206.0,12.6,6.3,35.0,23.1,85,0.0,10.6
Hyderabad,17.385,78.4867,2025-09-07 05:00:00,19.0,12.0,230.0,10.8,5.5,31.0,22.6,86,0.0,9.7
Hyderabad,17.385,78.4867,2025-09-07 06:00:00,20.3,12.1,285.0,9.8,5.7,32.0,22.9,83,0.0,11.2
Hyderabad,17.385,78.4867,2025-09-07 07:00:00,22.2,13.1,360.0,8.4,6.0,34.0,23.3,80,0.0,9.9
Hyderabad,17.385,78.4867,2025-09-07 08:00:00,27.1,13.8,398.0,6.9,6.0,40.0,24.4,76,0.0,10.3
Hyderabad,17.385,78.4867,2025-09-07 09:00:00,29.8,14.6,361.0,5.3,5.5,52.0,25.8,70,0.0,10.7
Hyderabad,17.385,78.4867,2025-09-07 10:00:00,32.7,15.6,286.0,3.6,4.7,67.0,27.1,64,0.0,10.4
Hyderabad,17.385,78.4867,2025-09-07 11:00:00,33.8,16.1,229.0,2.3,3.9,79.0,28.1,60,0.0,9.6
Hyderabad,17.385,78.4867,2025-09-07 12:00:00,33.4,15.9,208.0,1.5,3.2,86.0,28.9,58,0.0,11.3
Hyderabad,17.385,78.4867,2025-09-07 13:00:00,32.2,15.5,205.0,1.1,2.6,89.0,29.3,56,0.0,13.6
Hyderabad,17.385,78.4867,2025-09-07 14:00:00,31.3,15.2,216.0,1.6,2.3,90.0,29.3,55,0.0,13.6
Hyderabad,17.385,78.4867,2025-09-07 15:00:00,30.6,15.5,240.0,3.2,2.3,87.0,29.0,54,0.0,12.9
Hyderabad,17.385,78.4867,2025-09-07 16:00:00,29.6,15.7,279.0,5.5,2.5,80.0,28.7,56,0.0,11.9
Hyderabad,17.385,78.4867,2025-09-07 17:00:00,30.6,18.3,331.0,9.1,3.2,70.0,28.0,59,0.0,10.3
Hyderabad,17.385,78.4867,2025-09-07 18:00:00,32.0,21.1,405.0,15.6,5.1,59.0,26.9,66,0.0,4.6
Hyderabad,17.385,78.4867,2025-09-07 19:00:00,36.7,25.8,493.0,24.5,7.7,43.0,26.0,71,0.0,5.7
Hyderabad,17.385,78.4867,2025-09-07 20:00:00,40.4,29.3,573.0,30.3,9.5,32.0,25.4,74,0.0,5.6
Hyderabad,17.385,78.4867,2025-09-07 21:00:00,40.9,30.2,655.0,30.5,9.7,29.0,24.8,75,0.0,6.6
Hyderabad,17.385,78.4867,2025-09-07 22:00:00,38.6,28.6,729.0,27.6,9.0,31.0,24.2,79,0.0,6.5
Hyderabad,17.385,78.4867,2025-09-07 23:00:00,34.3,25.4,743.0,24.2,8.2,33.0,23.8,81,0.0,6.4
Hyderabad,17.385,78.4867,2025-09-08 00:00:00,29.5,21.8,649.0,20.5,7.3,35.0,23.3,84,0.0,6.5
Hyderabad,17.385,78.4867,2025-09-08 01:00:00,25.6,19.2,495.0,16.2,6.3,38.0,22.9,86,0.0,6.7
Hyderabad,17.385,78.4867,2025-09-08 02:00:00,22.1,16.9,378.0,12.8,5.6,40.0,22.9,87,0.0,7.4
Hyderabad,17.385,78.4867,2025-09-08 03:00:00,18.7,14.6,336.0,11.2,5.2,40.0,22.9,87,0.0,8.1
Hyderabad,17.385,78.4867,2025-09-08 04:00:00,15.7,12.4,331.0,10.5,5.1,39.0,22.9,87,0.0,8.0
Hyderabad,17.385,78.4867,2025-09-08 05:00:00,15.5,12.6,342.0,10.8,6.2,38.0,22.7,88,0.0,8.6
Hyderabad,17.385,78.4867,2025-09-08 06:00:00,15.7,12.7,380.0,10.2,6.6,40.0,23.6,86,0.0,8.4
Hyderabad,17.385,78.4867,2025-09-08 07:00:00,16.6,13.4,434.0,9.3,7.2,43.0,24.2,85,0.0,7.1
Hyderabad,17.385,78.4867,2025-09-08 08:00:00,17.9,12.7,454.0,8.0,7.3,50.0,25.4,79,0.0,9.1
Hyderabad,17.385,78.4867,2025-09-08 09:00:00,19.7,12.5,403.0,6.1,6.5,63.0,26.7,73,0.0,8.4
Hyderabad,17.385,78.4867,2025-09-08 10:00:00,20.5,12.3,317.0,3.9,5.2,79.0,27.9,67,0.0,8.0
Hyderabad,17.385,78.4867,2025-09-08 11:00:00,19.6,11.5,253.0,2.3,4.1,91.0,29.0,62,0.1,7.3
Hyderabad,17.385,78.4867,2025-09-08 12:00:00,18.6,11.0,233.0,1.7,3.5,96.0,29.6,58,0.1,6.8
Hyderabad,17.385,78.4867,2025-09-08 13:00:00,18.2,10.9,235.0,1.7,3.1,96.0,30.0,56,0.1,6.6
Hyderabad,17.385,78.4867,2025-09-08 14:00:00,18.2,10.9,246.0,2.3,2.9,94.0,30.0,55,0.1,7.9
Hyderabad,17.385,78.4867,2025-09-08 15:00:00,18.9,11.4,261.0,3.1,2.6,90.0,29.7,56,0.1,9.5
Hyderabad,17.385,78.4867,2025-09-08 16:00:00,18.9,11.5,286.0,4.5,2.4,84.0,29.4,56,0.0,9.2
Hyderabad,17.385,78.4867,2025-09-08 17:00:00,17.1,11.5,324.0,7.8,3.2,74.0,28.9,58,0.0,9.7
Hyderabad,17.385,78.4867,2025-09-08 18:00:00,19.2,14.1,373.0,14.2,5.1,62.0,28.1,64,0.0,7.6
Hyderabad,17.385,78.4867,2025-09-08 19:00:00,24.7,19.7,435.0,22.9,7.6,46.0,26.9,70,0.0,7.1
Hyderabad,17.385,78.4867,2025-09-08 20:00:00,29.3,24.2,519.0,29.4,9.5,34.0,26.1,73,0.0,6.1
Hyderabad,17.385,78.4867,2025-09-08 21:00:00,31.3,26.3,664.0,31.6,10.1,29.0,25.7,73,0.0,6.7
Hyderabad,17.385,78.4867,2025-09-08 22:00:00,31.2,26.3,831.0,31.6,10.1,27.0,24.9,75,0.0,6.2
Hyderabad,17.385,78.4867,2025-09-08 23:00:00,29.7,24.6,918.0,30.3,9.8,28.0,24.3,77,0.0,5.2
Hyderabad,17.385,78.4867,2025-09-09 00:00:00,27.2,21.9,860.0,27.6,9.4,31.0,23.7,80,0.0,5.0
Hyderabad,17.385,78.4867,2025-09-09 01:00:00,25.5,20.1,721.0,23.7,8.7,35.0,23.5,81,0.0,4.9
Hyderabad,17.385,78.4867,2025-09-09 02:00:00,24.1,18.6,590.0,20.1,8.3,39.0,23.2,83,0.0,4.5
Hyderabad,17.385,78.4867,2025-09-09 03:00:00,22.1,16.6,476.0,17.2,8.2,42.0,22.8,85,0.0,5.9
Hyderabad,17.385,78.4867,2025-09-09 04:00:00,20.0,14.8,369.0,14.7,8.2,44.0,22.4,86,0.0,7.2
Hyderabad,17.385,78.4867,2025-09-09 05:00:00,18.2,13.9,332.0,13.1,8.2,45.0,22.2,85,0.0,6.3
Hyderabad,17.385,78.4867,2025-09-09 06:00:00,18.9,15.0,436.0,13.5,8.8,47.0,23.2,84,0.0,5.2
Hyderabad,17.385,78.4867,2025-09-09 07:00:00,20.7,17.5,610.0,14.0,9.6,51.0,24.1,82,0.0,2.5
Hyderabad,17.385,78.4867,2025-09-09 08:00:00,22.1,17.9,699.0,13.2,9.8,59.0,26.1,76,0.0,3.0
Hyderabad,17.385,78.4867,2025-09-09 09:00:00,21.9,16.5,608.0,10.1,8.9,76.0,27.9,67,0.0,3.7
Hyderabad,17.385,78.4867,2025-09-09 10:00:00,21.5,14.8,432.0,5.8,7.3,97.0,29.4,57,0.0,4.0
Hyderabad,17.385,78.4867,2025-09-09 11:00:00,22.5,15.1,299.0,2.6,6.1,113.0,30.4,52,0.0,3.0
Hyderabad,17.385,78.4867,2025-09-09 12:00:00,23.0,15.4,264.0,1.4,5.5,121.0,31.2,47,0.1,3.6
Hyderabad,17.385,78.4867,2025-09-09 13:00:00,23.7,16.0,273.0,1.4,5.3,125.0,31.8,44,0.2,5.5
Hyderabad,17.385,78.4867,2025-09-09 14:00:00,24.1,16.5,293.0,2.4,5.2,124.0,31.8,44,0.2,6.3
Hyderabad,17.385,78.4867,2025-09-09 15:00:00,24.5,17.1,317.0,3.8,4.9,119.0,31.5,45,0.3,7.7
Hyderabad,17.385,78.4867,2025-09-09 16:00:00,24.5,17.2,351.0,6.3,4.8,109.0,30.5,52,0.1,8.5
Hyderabad,17.385,78.4867,2025-09-09 17:00:00,23.3,17.8,382.0,14.3,5.2,84.0,30.1,54,0.0,8.7
Hyderabad,17.385,78.4867,2025-09-09 18:00:00,31.5,26.2,400.0,23.0,7.9,68.0,29.9,51,0.0,8.0
Hyderabad,17.385,78.4867,2025-09-09 19:00:00,39.8,34.8,415.0,35.0,11.7,46.0,29.1,56,0.0,7.0
Hyderabad,17.385,78.4867,2025-09-09 20:00:00,41.8,37.4,441.0,44.9,15.0,28.0,28.1,64,0.0,8.5
Hyderabad,17.385,78.4867,2025-09-09 21:00:00,43.1,39.1,495.0,50.8,17.3,18.0,27.1,70,0.0,3.8
Hyderabad,17.385,78.4867,2025-09-09 22:00:00,46.2,42.5,560.0,54.5,19.1,12.0,26.5,74,0.0,4.8
Hyderabad,17.385,78.4867,2025-09-09 23:00:00,48.8,45.2,599.0,56.1,19.7,9.0,26.1,77,0.0,4.9
Hyderabad,17.385,78.4867,2025-09-10 00:00:00,47.1,43.8,596.0,55.0,18.4,8.0,25.7,79,0.0,3.4
Hyderabad,17.385,78.4867,2025-09-10 01:00:00,42.5,39.3,567.0,51.7,15.9,9.0,25.4,80,0.0,1.2
Hyderabad,17.385,78.4867,2025-09-10 02:00:00,38.3,35.5,521.0,47.6,13.9,11.0,25.1,82,0.0,4.1
Hyderabad,17.385,78.4867,2025-09-10 03:00:00,36.0,33.2,432.0,43.3,13.0,12.0,24.7,85,0.0,3.8
Hyderabad,17.385,78.4867,2025-09-10 04:00:00,33.2,30.6,327.0,38.3,12.6,14.0,23.9,86,0.1,9.7
Hyderabad,17.385,78.4867,2025-09-10 05:00:00,46.2,43.0,293.0,48.5,15.8,4.0,22.9,90,0.0,9.4
Hyderabad,17.385,78.4867,2025-09-10 06:00:00,39.1,36.9,415.0,38.8,15.2,21.0,22.7,90,5.4,6.9
Hyderabad,17.385,78.4867,2025-09-10 07:00:00,31.5,29.3,607.0,25.3,14.2,45.0,22.6,94,2.3,4.0
Hyderabad,17.385,78.4867,2025-09-10 08:00:00,27.7,25.7,706.0,14.4,12.7,68.0,24.9,85,0.4,4.5
Hyderabad,17.385,78.4867,2025-09-10 09:00:00,26.7,24.8,607.0,8.5,10.4,87.0,26.6,78,0.0,5.4
Hyderabad,17.385,78.4867,2025-09-10 10:00:00,24.5,22.6,414.0,5.1,7.6,105.0,28.5,70,0.1,6.2
Hyderabad,17.385,78.4867,2025-09-10 11:00:00,23.7,21.7,272.0,3.0,5.4,116.0,29.3,66,0.0,7.3
Hyderabad,17.385,78.4867,2025-09-10 12:00:00,21.1,19.3,241.0,1.8,4.0,118.0,29.9,64,0.1,6.3
Hyderabad,17.385,78.4867,2025-09-10 13:00:00,19.7,18.0,261.0,1.8,3.1,113.0,30.7,59,0.1,6.7
Hyderabad,17.385,78.4867,2025-09-10 14:00:00,19.3,17.8,298.0,2.8,2.8,107.0,27.1,73,2.6,10.4
Hyderabad,17.385,78.4867,2025-09-10 15:00:00,18.2,17.1,352.0,4.7,3.2,101.0,27.2,75,1.0,5.8
Hyderabad,17.385,78.4867,2025-09-10 16:00:00,18.6,17.6,424.0,7.6,4.2,92.0,27.6,75,0.1,5.1
Hyderabad,17.385,78.4867,2025-09-10 17:00:00,17.5,15.8,483.0,9.8,7.3,82.0,27.5,74,0.0,8.4
Hyderabad,17.385,78.4867,2025-09-10 18:00:00,19.8,18.4,522.0,12.5,8.6,76.0,26.7,75,0.0,7.5
Hyderabad,17.385,78.4867,2025-09-10 19:00:00,22.3,20.5,547.0,16.2,10.5,67.0,26.4,79,0.0,8.4
Hyderabad,17.385,78.4867,2025-09-10 20:00:00,24.0,21.9,547.0,18.4,11.7,61.0,26.1,81,0.0,7.5
Hyderabad,17.385,78.4867,2025-09-10 21:00:00,25.5,23.1,507.0,18.0,11.8,59.0,25.6,84,0.0,6.7
Hyderabad,17.385,78.4867,2025-09-10 22:00:00,25.8,23.2,443.0,16.1,11.3,59.0,25.0,86,0.0,7.4
Hyderabad,17.385,78.4867,2025-09-10 23:00:00,25.3,22.7,383.0,14.2,10.8,59.0,24.6,88,0.0,9.0
Hyderabad,17.385,78.4867,2025-09-11 00:00:00,24.6,21.9,335.0,12.5,10.4,60.0,24.3,87,0.0,8.7
Hyderabad,17.385,78.4867,2025-09-11 01:00:00,24.0,21.2,292.0,10.6,9.9,61.0,24.0,89,0.0,8.3
Hyderabad,17.385,78.4867,2025-09-11 02:00:00,23.6,20.7,266.0,9.3,9.6,61.0,23.7,89,0.0,8.4
Hyderabad,17.385,78.4867,2025-09-11 03:00:00,23.7,20.6,263.0,8.8,9.5,60.0,23.5,90,0.0,10.0
Hyderabad,17.385,78.4867,2025-09-11 04:00:00,24.5,21.1,278.0,8.9,9.5,58.0,23.4,90,0.0,10.2
Hyderabad,17.385,78.4867,2025-09-11 05:00:00,25.3,21.7,300.0,9.7,8.8,53.0,23.6,89,0.0,11.7
Hyderabad,17.385,78.4867,2025-09-11 06:00:00,25.6,21.8,338.0,9.4,8.8,58.0,23.7,90,0.2,8.4
Hyderabad,17.385,78.4867,2025-09-11 07:00:00,26.3,21.9,384.0,9.0,8.7,66.0,23.9,87,0.0,10.6
Hyderabad,17.385,78.4867,2025-09-11 08:00:00,25.7,21.7,409.0,8.3,8.3,74.0,25.0,81,0.0,12.1
Hyderabad,17.385,78.4867,2025-09-11 09:00:00,23.1,19.4,390.0,7.1,7.4,82.0,24.1,84,0.9,11.6
Hyderabad,17.385,78.4867,2025-09-11 10:00:00,23.2,19.5,350.0,5.6,6.2,90.0,26.1,75,0.4,14.3
Hyderabad,17.385,78.4867,2025-09-11 11:00:00,24.9,20.8,321.0,4.4,5.2,97.0,24.3,88,6.9,9.4
Hyderabad,17.385,78.4867,2025-09-11 12:00:00,26.8,22.2,318.0,3.5,4.6,103.0,26.7,77,0.3,9.1
Hyderabad,17.385,78.4867,2025-09-11 13:00:00,29.1,24.0,327.0,3.1,4.3,107.0,25.7,76,1.2,14.7
Hyderabad,17.385,78.4867,2025-09-11 14:00:00,32.2,26.5,342.0,3.7,4.4,108.0,25.5,80,0.5,9.8
Hyderabad,17.385,78.4867,2025-09-11 15:00:00,35.9,29.7,366.0,6.2,4.9,105.0,26.2,79,0.2,11.1
Hyderabad,17.385,78.4867,2025-09-11 16:00:00,37.0,31.1,396.0,9.8,5.7,100.0,24.3,88,3.5,10.0
Hyderabad,17.385,78.4867,2025-09-11 17:00:00,39.5,33.3,421.0,14.2,9.9,78.0,24.0,91,0.4,10.2
Hyderabad,17.385,78.4867,2025-09-11 18:00:00,38.3,32.7,437.0,14.3,9.8,76.0,23.5,94,3.4,10.5
Hyderabad,17.385,78.4867,2025-09-11 19:00:00,38.8,32.9,448.0,14.4,9.6,72.0,23.5,94,1.7,13.0
Hyderabad,17.385,78.4867,2025-09-11 20:00:00,39.8,33.8,448.0,14.1,9.4,70.0,23.5,92,0.7,12.6
Hyderabad,17.385,78.4867,2025-09-11 21:00:00,40.5,34.2,435.0,13.0,9.0,70.0,23.3,93,0.2,12.0
Hyderabad,17.385,78.4867,2025-09-11 22:00:00,41.1,34.7,411.0,11.5,8.6,71.0,23.0,94,0.0,10.6
Hyderabad,17.385,78.4867,2025-09-11 23:00:00,40.7,34.3,381.0,10.2,8.3,71.0,22.7,94,0.0,9.5
Hyderabad,17.385,78.4867,2025-09-12 00:00:00,39.7,33.5,338.0,9.3,8.2,70.0,22.4,95,0.0,9.3
Hyderabad,17.385,78.4867,2025-09-12 01:00:00,38.9,32.9,289.0,8.7,8.2,68.0,22.3,95,0.0,9.4
Hyderabad,17.385,78.4867,2025-09-12 02:00:00,38.3,32.6,257.0,8.3,8.5,66.0,22.3,95,0.0,9.7
Hyderabad,17.385,78.4867,2025-09-12 03:00:00,37.6,31.9,253.0,8.2,9.3,64.0,22.3,95,0.0,11.3
Hyderabad,17.385,78.4867,2025-09-12 04:00:00,37.5,31.7,266.0,8.3,10.5,62.0,21.9,96,1.4,5.0
Hyderabad,17.385,78.4867,2025-09-12 05:00:00,41.2,33.1,293.0,8.9,9.2,60.0,22.0,96,1.0,9.3
Hyderabad,17.385,78.4867,2025-09-12 06:00:00,41.9,33.3,348.0,9.3,10.0,63.0,22.6,94,0.0,10.1
Hyderabad,17.385,78.4867,2025-09-12 07:00:00,47.1,34.7,416.0,9.7,11.1,68.0,23.4,90,0.0,10.9
Hyderabad,17.385,78.4867,2025-09-12 08:00:00,49.2,35.4,451.0,9.4,11.6,75.0,24.2,85,0.1,12.4
Hyderabad,17.385,78.4867,2025-09-12 09:00:00,48.8,35.0,416.0,7.6,11.0,89.0,24.8,84,0.1,12.8
Hyderabad,17.385,78.4867,2025-09-12 10:00:00,47.1,34.7,348.0,5.1,9.7,105.0,25.7,80,0.0,10.7
Hyderabad,17.385,78.4867,2025-09-12 11:00:00,41.4,32.1,303.0,3.4,8.4,116.0,24.7,79,0.1,11.9
Hyderabad,17.385,78.4867,2025-09-12 12:00:00,33.5,27.3,298.0,3.1,7.1,117.0,24.7,83,2.9,7.5
Hyderabad,17.385,78.4867,2025-09-12 13:00:00,30.6,25.4,316.0,3.5,5.8,113.0,25.0,84,0.3,8.2
Hyderabad,17.385,78.4867,2025-09-12 14:00:00,27.6,23.5,370.0,5.0,4.9,107.0,25.6,80,0.1,7.7
Hyderabad,17.385,78.4867,2025-09-12 15:00:00,24.2,21.0,494.0,7.8,4.7,98.0,25.7,81,0.2,8.3
Hyderabad,17.385,78.4867,2025-09-12 16:00:00,22.5,20.5,653.0,11.5,5.1,87.0,25.5,82,0.2,8.4
Hyderabad,17.385,78.4867,2025-09-12 17:00:00,33.5,30.2,756.0,16.5,6.4,83.0,25.2,84,0.0,7.6
Hyderabad,17.385,78.4867,2025-09-12 18:00:00,33.8,31.2,756.0,18.7,7.5,74.0,24.4,90,0.0,4.8
Hyderabad,17.385,78.4867,2025-09-12 19:00:00,32.5,30.6,699.0,21.7,9.0,63.0,24.5,91,0.1,7.5
Hyderabad,17.385,78.4867,2025-09-12 20:00:00,32.0,30.4,633.0,23.1,10.0,54.0,24.0,90,0.1,8.6
Hyderabad,17.385,78.4867,2025-09-12 21:00:00,31.4,29.9,567.0,21.7,10.0,52.0,23.2,93,0.0,9.2
Hyderabad,17.385,78.4867,2025-09-12 22:00:00,30.9,29.5,491.0,18.9,9.4,53.0,23.1,94,0.0,6.1
Hyderabad,17.385,78.4867,2025-09-12 23:00:00,30.5,29.2,423.0,16.1,8.7,54.0,22.9,94,0.0,6.4
Hyderabad,17.385,78.4867,2025-09-13 00:00:00,30.0,28.6,364.0,13.8,8.0,55.0,22.8,95,0.0,8.0
Hyderabad,17.385,78.4867,2025-09-13 01:00:00,29.4,28.1,312.0,11.5,7.3,57.0,22.7,96,0.0,7.4
Hyderabad,17.385,78.4867,2025-09-13 02:00:00,25.9,24.7,281.0,9.8,6.8,58.0,22.8,96,0.0,8.7
Hyderabad,17.385,78.4867,2025-09-13 03:00:00,23.1,22.0,280.0,8.9,6.7,58.0,22.8,95,0.0,7.6
Hyderabad,17.385,78.4867,2025-09-13 04:00:00,18.9,18.0,300.0,8.6,6.8,57.0,22.8,96,0.0,7.6
Hyderabad,17.385,78.4867,2025-09-13 05:00:00,20.4,19.2,330.0,10.0,8.1,53.0,22.8,96,0.0,8.4
Hyderabad,17.385,78.4867,2025-09-13 06:00:00,21.6,20.2,382.0,10.2,8.4,58.0,22.5,94,0.1,7.7
Hyderabad,17.385,78.4867,2025-09-13 07:00:00,23.7,21.4,444.0,10.5,8.7,65.0,23.3,91,0.0,6.6
Hyderabad,17.385,78.4867,2025-09-13 08:00:00,26.0,23.5,474.0,10.1,8.9,75.0,24.6,85,0.0,9.0
Hyderabad,17.385,78.4867,2025-09-13 09:00:00,27.1,24.6,434.0,8.4,8.8,92.0,25.4,81,0.1,7.5
Hyderabad,17.385,78.4867,2025-09-13 10:00:00,29.2,26.5,361.0,6.1,8.5,113.0,26.7,78,0.2,4.2
Hyderabad,17.385,78.4867,2025-09-13 11:00:00,28.3,25.7,321.0,4.5,8.0,127.0,27.2,74,0.1,1.7
Hyderabad,17.385,78.4867,2025-09-13 12:00:00,28.1,25.7,328.0,3.9,7.0,131.0,26.7,77,0.6,1.5
Hyderabad,17.385,78.4867,2025-09-13 13:00:00,27.1,25.0,368.0,3.8,5.8,129.0,23.8,90,3.2,9.6
Hyderabad,17.385,78.4867,2025-09-13 14:00:00,26.1,24.2,460.0,4.7,4.9,124.0,24.6,84,0.7,1.6
Hyderabad,17.385,78.4867,2025-09-13 15:00:00,24.0,22.5,646.0,6.5,4.5,115.0,24.7,87,0.6,0.5
Hyderabad,17.385,78.4867,2025-09-13 16:00:00,22.5,21.2,884.0,9.2,4.5,103.0,25.5,85,0.1,2.0
Hyderabad,17.385,78.4867,2025-09-13 17:00:00,42.0,39.7,1068.0,14.6,6.7,107.0,25.3,84,0.1,3.1
Hyderabad,17.385,78.4867,2025-09-13 18:00:00,39.5,37.8,1174.0,15.4,6.9,95.0,24.4,89,1.1,4.7
Hyderabad,17.385,78.4867,2025-09-13 19:00:00,34.2,33.1,1227.0,16.4,7.1,80.0,23.9,94,0.7,6.4
Hyderabad,17.385,78.4867,2025-09-13 20:00:00,28.4,27.4,1195.0,16.6,7.2,68.0,23.6,95,1.6,6.8
Hyderabad,17.385,78.4867,2025-09-13 21:00:00,24.3,23.4,1024.0,15.3,7.1,65.0,23.4,96,1.3,7.9
Hyderabad,17.385,78.4867,2025-09-13 22:00:00,21.6,20.8,767.0,13.3,6.9,67.0,23.3,96,0.9,7.8
Hyderabad,17.385,78.4867,2025-09-13 23:00:00,20.3,19.4,555.0,11.5,6.7,68.0,23.1,95,0.1,7.8
Hyderabad,17.385,78.4867,2025-09-14 00:00:00,19.2,18.2,434.0,10.4,6.5,66.0,22.4,97,0.0,9.4
Hyderabad,17.385,78.4867,2025-09-14 01:00:00,18.5,17.6,356.0,9.5,6.3,64.0,21.9,98,0.0,4.7
Hyderabad,17.385,78.4867,2025-09-14 02:00:00,17.8,16.9,310.0,9.2,6.2,60.0,21.7,98,2.3,5.6
Hyderabad,17.385,78.4867,2025-09-14 03:00:00,16.1,15.4,296.0,9.7,6.3,54.0,21.9,98,1.4,5.5
Hyderabad,17.385,78.4867,2025-09-14 04:00:00,14.8,14.3,312.0,10.7,6.6,47.0,21.9,98,0.1,8.1
Hyderabad,17.385,78.4867,2025-09-14 05:00:00,6.0,5.9,343.0,8.0,4.4,56.0,21.9,98,0.0,7.8
Hyderabad,17.385,78.4867,2025-09-14 06:00:00,6.2,6.2,399.0,7.9,4.7,60.0,23.0,94,0.2,8.5
Hyderabad,17.385,78.4867,2025-09-14 07:00:00,5.3,5.2,469.0,7.8,5.1,66.0,22.9,93,0.1,8.9
Hyderabad,17.385,78.4867,2025-09-14 08:00:00,4.6,4.6,505.0,7.3,5.2,73.0,24.3,85,0.0,10.1
Hyderabad,17.385,78.4867,2025-09-14 09:00:00,5.0,5.0,472.0,6.3,4.7,80.0,25.9,78,0.0,8.9
Hyderabad,17.385,78.4867,2025-09-14 10:00:00,5.5,5.5,404.0,5.0,3.8,88.0,26.9,73,0.1,7.8
Hyderabad,17.385,78.4867,2025-09-14 11:00:00,5.8,5.7,355.0,4.0,3.1,94.0,28.2,69,0.1,6.9
Hyderabad,17.385,78.4867,2025-09-14 12:00:00,6.1,6.0,338.0,3.3,2.7,97.0,28.6,72,0.3,6.6
Hyderabad,17.385,78.4867,2025-09-14 13:00:00,7.0,6.9,340.0,2.9,2.5,99.0,28.8,72,0.0,4.6
Hyderabad,17.385,78.4867,2025-09-14 14:00:00,7.5,7.4,377.0,3.5,2.6,98.0,29.3,70,0.0,2.3
Hyderabad,17.385,78.4867,2025-09-14 15:00:00,8.8,8.7,461.0,5.6,3.0,95.0,29.3,69,0.0,2.6
Hyderabad,17.385,78.4867,2025-09-14 16:00:00,9.5,9.5,581.0,8.8,3.7,89.0,28.4,70,0.5,4.9
Hyderabad,17.385,78.4867,2025-09-14 17:00:00,14.0,13.8,713.0,10.3,4.8,95.0,26.1,80,0.9,2.2
Hyderabad,17.385,78.4867,2025-09-14 18:00:00,19.1,18.9,896.0,14.6,5.6,82.0,26.6,81,0.0,4.3
Hyderabad,17.385,78.4867,2025-09-14 19:00:00,21.0,20.8,1093.0,20.3,6.6,64.0,26.3,84,0.0,5.0
Hyderabad,17.385,78.4867,2025-09-14 20:00:00,19.6,19.5,1167.0,23.5,7.2,52.0,25.1,88,0.7,3.9
Hyderabad,17.385,78.4867,2025-09-14 21:00:00,18.3,18.2,1017.0,21.8,6.8,50.0,24.0,92,0.5,6.0
Hyderabad,17.385,78.4867,2025-09-14 22:00:00,18.6,18.4,744.0,17.6,6.0,55.0,23.3,95,0.0,3.0
Hyderabad,17.385,78.4867,2025-09-14 23:00:00,18.6,18.4,518.0,13.9,5.5,59.0,23.0,96,0.0,1.9
Hyderabad,17.385,78.4867,2025-09-15 00:00:00,18.6,18.4,402.0,11.5,5.9,63.0,22.9,97,0.0,3.2
Hyderabad,17.385,78.4867,2025-09-15 01:00:00,19.4,19.0,332.0,9.7,6.6,68.0,23.1,97,0.0,7.1
Hyderabad,17.385,78.4867,2025-09-15 02:00:00,20.4,20.0,287.0,8.4,7.0,70.0,22.9,94,0.0,10.5
Hyderabad,17.385,78.4867,2025-09-15 03:00:00,20.9,20.5,263.0,8.1,6.7,67.0,22.6,94,0.0,9.6
Hyderabad,17.385,78.4867,2025-09-15 04:00:00,20.5,20.2,264.0,8.4,6.0,61.0,22.7,94,0.0,7.9
Hyderabad,17.385,78.4867,2025-09-15 05:00:00,7.7,7.6,281.0,7.4,4.6,61.0,22.9,93,0.0,8.7
Hyderabad,17.385,78.4867,2025-09-15 06:00:00,8.6,8.4,325.0,7.9,4.8,61.0,23.5,93,0.0,10.4
Hyderabad,17.385,78.4867,2025-09-15 07:00:00,9.0,8.8,384.0,8.5,5.1,60.0,24.0,90,0.0,11.9
Hyderabad,17.385,78.4867,2025-09-15 08:00:00,9.0,8.8,416.0,8.4,5.0,62.0,25.0,84,0.0,13.4
Hyderabad,17.385,78.4867,2025-09-15 09:00:00,7.7,7.6,394.0,7.0,4.3,67.0,26.1,79,0.1,11.4
Hyderabad,17.385,78.4867,2025-09-15 10:00:00,6.0,5.9,344.0,4.9,3.2,75.0,27.3,74,0.0,11.0
Hyderabad,17.385,78.4867,2025-09-15 11:00:00,4.7,4.6,307.0,3.5,2.4,80.0,28.0,71,0.0,10.6
Hyderabad,17.385,78.4867,2025-09-15 12:00:00,4.2,4.2,289.0,3.2,2.1,81.0,28.5,70,0.0,9.3
Hyderabad,17.385,78.4867,2025-09-15 13:00:00,4.1,4.0,282.0,3.6,2.1,81.0,28.7,68,0.1,10.6
Hyderabad,17.385,78.4867,2025-09-15 14:00:00,4.6,4.6,306.0,4.7,2.2,79.0,28.7,67,0.0,12.6
Hyderabad,17.385,78.4867,2025-09-15 15:00:00,5.2,5.2,386.0,6.3,2.4,77.0,28.9,66,0.0,12.0
Hyderabad,17.385,78.4867,2025-09-15 16:00:00,5.8,5.8,496.0,8.6,2.8,74.0,25.9,81,1.8,11.3
Hyderabad,17.385,78.4867,2025-09-15 17:00:00,10.3,10.1,578.0,11.0,3.7,75.0,25.5,86,0.6,4.3
Hyderabad,17.385,78.4867,2025-09-15 18:00:00,12.8,12.6,612.0,14.7,4.9,66.0,26.2,81,0.0,6.8
Hyderabad,17.385,78.4867,2025-09-15 19:00:00,15.7,15.5,619.0,19.9,6.5,54.0,25.7,84,0.0,6.3
Hyderabad,17.385,78.4867,2025-09-15 20:00:00,17.7,17.5,601.0,23.7,7.7,44.0,25.3,86,0.0,4.6
Hyderabad,17.385,78.4867,2025-09-15 21:00:00,18.9,18.7,548.0,25.2,8.2,39.0,24.4,89,1.9,5.9
Hyderabad,17.385,78.4867,2025-09-15 22:00:00,19.2,18.9,470.0,25.4,8.2,36.0,23.8,92,0.0,3.8
Hyderabad,17.385,78.4867,2025-09-15 23:00:00,20.3,20.0,403.0,24.4,8.1,35.0,23.6,93,0.0,4.5
Hyderabad,17.385,78.4867,2025-09-16 00:00:00,21.4,21.1,357.0,21.8,7.7,37.0,23.4,94,0.0,6.5
Hyderabad,17.385,78.4867,2025-09-16 01:00:00,17.8,17.5,320.0,18.0,7.1,40.0,23.0,96,0.0,1.5
Hyderabad,17.385,78.4867,2025-09-16 02:00:00,15.8,15.5,299.0,14.9,6.6,44.0,23.1,96,0.0,6.0
Hyderabad,17.385,78.4867,2025-09-16 03:00:00,14.8,14.6,294.0,13.0,6.1,46.0,22.9,97,0.0,6.7
Hyderabad,17.385,78.4867,2025-09-16 04:00:00,14.3,14.1,303.0,11.8,5.7,49.0,22.9,96,0.0,5.9
Hyderabad,17.385,78.4867,2025-09-16 05:00:00,15.3,15.1,326.0,13.6,6.8,38.0,22.9,95,0.0,6.3
Hyderabad,17.385,78.4867,2025-09-16 06:00:00,16.6,16.4,380.0,12.3,6.6,45.0,23.2,95,0.0,6.4
Hyderabad,17.385,78.4867,2025-09-16 07:00:00,18.0,17.8,449.0,10.5,6.3,56.0,24.0,91,0.0,8.9
Hyderabad,17.385,78.4867,2025-09-16 08:00:00,17.8,17.3,481.0,8.6,5.9,68.0,24.8,86,0.1,10.1
Hyderabad,17.385,78.4867,2025-09-16 09:00:00,17.2,16.7,441.0,6.4,5.3,84.0,26.0,79,0.1,8.5
Hyderabad,17.385,78.4867,2025-09-16 10:00:00,14.5,14.1,364.0,4.1,4.5,101.0,27.5,72,0.1,8.9
Hyderabad,17.385,78.4867,2025-09-16 11:00:00,13.1,12.7,307.0,2.8,3.9,112.0,28.0,70,0.2,8.8
Hyderabad,17.385,78.4867,2025-09-16 12:00:00,11.1,10.8,280.0,3.3,3.4,111.0,28.5,71,0.1,7.0
Hyderabad,17.385,78.4867,2025-09-16 13:00:00,12.2,11.9,273.0,4.8,3.1,104.0,28.9,68,0.1,6.8
Hyderabad,17.385,78.4867,2025-09-16 14:00:00,12.9,12.6,307.0,6.4,3.0,97.0,29.4,66,0.1,5.6
Hyderabad,17.385,78.4867,2025-09-16 15:00:00,12.5,12.3,366.0,7.0,3.2,95.0,25.8,80,5.3,8.7
Hyderabad,17.385,78.4867,2025-09-16 16:00:00,13.9,13.7,467.0,7.6,3.8,94.0,25.2,84,1.5,0.8
Hyderabad,17.385,78.4867,2025-09-16 17:00:00,16.9,16.7,682.0,14.7,5.1,84.0,25.5,83,0.0,2.5
Hyderabad,17.385,78.4867,2025-09-16 18:00:00,18.8,18.6,1177.0,19.4,6.6,74.0,26.2,81,0.0,5.0
Hyderabad,17.385,78.4867,2025-09-16 19:00:00,22.2,22.1,1787.0,25.8,8.6,59.0,25.7,85,0.0,5.4
Hyderabad,17.385,78.4867,2025-09-16 20:00:00,24.7,24.4,2091.0,29.5,9.9,49.0,25.1,88,0.0,6.2
Hyderabad,17.385,78.4867,2025-09-16 21:00:00,24.4,24.2,1813.0,28.0,9.8,47.0,24.6,90,0.0,4.9
Hyderabad,17.385,78.4867,2025-09-16 22:00:00,22.6,22.4,1229.0,23.8,9.0,50.0,24.2,92,0.0,5.5
Hyderabad,17.385,78.4867,2025-09-16 23:00:00,20.0,19.8,751.0,20.0,8.2,52.0,23.9,94,0.0,5.0
Hyderabad,17.385,78.4867,2025-09-17 00:00:00,18.1,17.9,539.0,17.6,7.7,52.0,23.5,96,0.0,4.3
Hyderabad,17.385,78.4867,2025-09-17 01:00:00,17.4,17.2,432.0,15.7,7.2,51.0,23.1,97,0.0,5.2
Hyderabad,17.385,78.4867,2025-09-17 02:00:00,17.3,17.1,366.0,14.5,6.9,50.0,22.8,97,0.0,5.9
Hyderabad,17.385,78.4867,2025-09-17 03:00:00,17.1,16.8,319.0,14.5,7.0,46.0,22.6,97,0.0,6.7
Hyderabad,17.385,78.4867,2025-09-17 04:00:00,16.9,16.7,312.0,15.2,7.3,41.0,22.5,97,0.0,7.2
Hyderabad,17.385,78.4867,2025-09-17 05:00:00,27.1,26.9,340.0,29.8,10.0,21.0,22.8,95,0.0,6.4
Hyderabad,17.385,78.4867,2025-09-17 06:00:00,26.2,26.0,431.0,24.7,10.6,36.0,23.3,93,0.0,4.7
Hyderabad,17.385,78.4867,2025-09-17 07:00:00,22.9,22.7,558.0,17.6,11.2,57.0,23.9,92,0.0,3.1
Hyderabad,17.385,78.4867,2025-09-17 08:00:00,18.3,18.0,636.0,11.6,11.0,76.0,25.0,86,0.0,3.6
Hyderabad,17.385,78.4867,2025-09-17 09:00:00,13.0,12.8,617.0,7.9,9.0,91.0,26.2,82,0.1,3.4
Hyderabad,17.385,78.4867,2025-09-17 10:00:00,13.8,13.6,549.0,5.3,6.1,104.0,27.4,76,0.1,2.6
Hyderabad,17.385,78.4867,2025-09-17 11:00:00,14.6,14.4,495.0,3.6,4.0,116.0,28.0,74,0.1,1.4
Hyderabad,17.385,78.4867,2025-09-17 12:00:00,15.5,15.3,468.0,2.3,3.5,130.0,28.6,70,0.1,0.6
Hyderabad,17.385,78.4867,2025-09-17 13:00:00,16.1,15.9,454.0,1.8,3.7,142.0,28.6,68,0.0,1.6
Hyderabad,17.385,78.4867,2025-09-17 14:00:00,15.8,15.6,473.0,2.9,4.0,146.0,28.8,68,0.0,0.7
Hyderabad,17.385,78.4867,2025-09-17 15:00:00,15.5,15.3,524.0,6.7,4.1,135.0,27.2,75,0.6,6.1
Hyderabad,17.385,78.4867,2025-09-17 16:00:00,15.9,15.8,608.0,12.1,4.2,115.0,26.4,79,0.1,6.5
Hyderabad,17.385,78.4867,2025-09-17 17:00:00,19.0,18.6,742.0,8.6,3.8,104.0,26.0,82,0.1,2.0
Hyderabad,17.385,78.4867,2025-09-17 18:00:00,21.9,21.5,1010.0,15.3,5.3,89.0,26.1,84,0.0,4.7
Hyderabad,17.385,78.4867,2025-09-17 19:00:00,26.0,25.7,1328.0,24.4,7.4,69.0,25.9,86,0.0,4.0
Hyderabad,17.385,78.4867,2025-09-17 20:00:00,28.2,27.9,1460.0,30.0,8.9,55.0,25.7,87,0.0,3.2
Hyderabad,17.385,78.4867,2025-09-17 21:00:00,29.9,29.6,1238.0,28.9,9.1,53.0,25.4,88,0.0,4.5
Hyderabad,17.385,78.4867,2025-09-17 22:00:00,27.2,26.9,830.0,24.2,8.6,57.0,24.8,89,0.0,4.2
Hyderabad,17.385,78.4867,2025-09-17 23:00:00,23.0,22.7,500.0,19.4,8.2,62.0,24.5,90,0.0,4.5
Hyderabad,17.385,78.4867,2025-09-18 00:00:00,19.7,19.5,348.0,14.9,8.2,67.0,24.1,91,0.0,4.3
Hyderabad,17.385,78.4867,2025-09-18 01:00:00,17.6,17.4,275.0,10.3,8.4,73.0,22.8,93,0.7,5.5
Hyderabad,17.385,78.4867,2025-09-18 02:00:00,16.1,15.9,243.0,7.1,8.7,76.0,22.6,93,0.8,10.0
Hyderabad,17.385,78.4867,2025-09-18 03:00:00,15.4,15.1,249.0,6.6,9.4,72.0,22.1,95,0.0,8.6
Hyderabad,17.385,78.4867,2025-09-18 04:00:00,14.7,14.5,296.0,7.6,10.2,65.0,22.0,96,0.0,5.5
Hyderabad,17.385,78.4867,2025-09-18 05:00:00,15.8,15.7,359.0,8.1,9.6,61.0,21.9,96,0.0,5.6
Hyderabad,17.385,78.4867,2025-09-18 06:00:00,14.8,14.5,455.0,8.1,9.8,62.0,23.3,96,0.0,3.0
Hyderabad,17.385,78.4867,2025-09-18 07:00:00,11.9,11.6,568.0,8.0,9.9,65.0,24.2,93,0.0,4.2
Hyderabad,17.385,78.4867,2025-09-18 08:00:00,10.5,10.2,620.0,7.5,9.6,70.0,25.4,86,0.0,5.0
Hyderabad,17.385,78.4867,2025-09-18 09:00:00,9.1,8.9,555.0,6.1,8.4,81.0,26.7,79,0.0,4.2
Hyderabad,17.385,78.4867,2025-09-18 10:00:00,8.7,8.6,429.0,4.3,6.8,96.0,28.0,71,0.1,4.4
Hyderabad,17.385,78.4867,2025-09-18 11:00:00,8.8,8.6,335.0,2.9,5.4,107.0,28.8,67,0.1,5.1
Hyderabad,17.385,78.4867,2025-09-18 12:00:00,8.9,8.8,306.0,2.1,4.5,114.0,29.4,66,0.0,4.1
Hyderabad,17.385,78.4867,2025-09-18 13:00:00,9.2,9.0,309.0,1.8,3.9,118.0,30.0,65,0.0,3.9
Hyderabad,17.385,78.4867,2025-09-18 14:00:00,8.8,8.6,334.0,2.3,3.5,118.0,29.8,66,0.0,2.9
Hyderabad,17.385,78.4867,2025-09-18 15:00:00,10.0,9.8,382.0,4.1,3.5,114.0,29.4,67,0.0,2.4
Hyderabad,17.385,78.4867,2025-09-18 16:00:00,12.0,11.8,452.0,6.8,3.7,108.0,28.5,72,0.3,3.1
Hyderabad,17.385,78.4867,2025-09-18 17:00:00,11.4,11.2,532.0,8.1,4.4,89.0,26.8,80,3.5,4.1
Hyderabad,17.385,78.4867,2025-09-18 18:00:00,13.6,13.4,649.0,16.5,6.9,75.0,26.8,81,0.0,4.4
Hyderabad,17.385,78.4867,2025-09-18 19:00:00,19.3,19.1,776.0,27.9,10.2,57.0,26.4,84,0.3,3.9
Hyderabad,17.385,78.4867,2025-09-18 20:00:00,26.8,26.5,826.0,35.2,12.4,44.0,26.1,86,0.0,3.0
Hyderabad,17.385,78.4867,2025-09-18 21:00:00,32.6,32.4,736.0,35.0,12.3,43.0,25.2,91,0.0,6.4
Hyderabad,17.385,78.4867,2025-09-18 22:00:00,34.6,34.2,569.0,30.7,11.1,49.0,24.5,93,0.0,6.2
Hyderabad,17.385,78.4867,2025-09-18 23:00:00,23.3,22.9,427.0,25.7,9.8,54.0,23.8,96,0.5,7.1
Hyderabad,17.385,78.4867,2025-09-19 00:00:00,19.2,18.9,345.0,20.3,8.6,58.0,22.5,95,6.2,9.1
Hyderabad,17.385,78.4867,2025-09-19 01:00:00,15.2,15.0,289.0,14.2,7.4,62.0,22.6,96,0.0,7.0
Hyderabad,17.385,78.4867,2025-09-19 02:00:00,14.4,14.1,256.0,9.8,6.5,64.0,22.5,96,0.0,7.7
Hyderabad,17.385,78.4867,2025-09-19 03:00:00,14.3,14.0,253.0,8.5,6.3,62.0,22.7,96,0.0,6.9
Hyderabad,17.385,78.4867,2025-09-19 04:00:00,12.3,12.1,273.0,9.0,6.5,57.0,22.2,96,0.0,8.1
Hyderabad,17.385,78.4867,2025-09-19 05:00:00,13.1,12.9,300.0,10.3,11.3,49.0,22.0,97,0.0,5.8
Hyderabad,17.385,78.4867,2025-09-19 06:00:00,12.9,12.7,336.0,10.3,10.7,48.0,23.1,96,0.0,8.4
Hyderabad,17.385,78.4867,2025-09-19 07:00:00,9.3,9.1,378.0,10.2,9.9,48.0,24.0,91,0.0,11.2
Hyderabad,17.385,78.4867,2025-09-19 08:00:00,10.6,10.3,398.0,9.4,8.8,53.0,25.2,83,0.0,9.8
Hyderabad,17.385,78.4867,2025-09-19 09:00:00,9.5,9.3,375.0,7.4,7.3,66.0,26.7,75,0.0,8.5
Hyderabad,17.385,78.4867,2025-09-19 10:00:00,9.7,9.5,329.0,4.7,5.5,84.0,27.8,71,0.1,6.5
Hyderabad,17.385,78.4867,2025-09-19 11:00:00,9.8,9.6,298.0,2.7,4.1,99.0,28.8,65,0.1,5.4
Hyderabad,17.385,78.4867,2025-09-19 12:00:00,9.9,9.7,289.0,1.7,3.4,108.0,29.6,63,0.0,4.6
Hyderabad,17.385,78.4867,2025-09-19 13:00:00,9.4,9.2,295.0,1.3,3.2,114.0,30.1,60,0.0,4.1
Hyderabad,17.385,78.4867,2025-09-19 14:00:00,9.3,9.1,322.0,2.1,3.1,114.0,30.3,59,0.1,3.2
Hyderabad,17.385,78.4867,2025-09-19 15:00:00,9.5,9.3,374.0,4.3,3.1,105.0,29.5,63,0.0,6.5
Hyderabad,17.385,78.4867,2025-09-19 16:00:00,10.4,10.2,448.0,7.7,3.3,90.0,28.6,68,0.1,6.5
Hyderabad,17.385,78.4867,2025-09-19 17:00:00,16.8,16.6,547.0,13.0,3.8,81.0,28.3,69,0.0,2.3
Hyderabad,17.385,78.4867,2025-09-19 18:00:00,21.1,20.9,716.0,17.4,5.1,70.0,27.7,75,0.0,4.9
Hyderabad,17.385,78.4867,2025-09-19 19:00:00,23.7,23.5,909.0,23.4,6.8,56.0,26.9,80,0.4,6.3
Hyderabad,17.385,78.4867,2025-09-19 20:00:00,23.6,23.5,997.0,26.9,7.9,46.0,24.6,90,2.8,5.2
Hyderabad,17.385,78.4867,2025-09-19 21:00:00,26.3,26.1,891.0,26.0,8.0,46.0,23.3,94,4.7,6.7
Hyderabad,17.385,78.4867,2025-09-19 22:00:00,26.4,26.3,680.0,22.6,7.5,51.0,22.3,98,1.6,7.2
Hyderabad,17.385,78.4867,2025-09-19 23:00:00,20.0,19.8,497.0,18.9,6.9,56.0,22.4,97,0.1,7.6
Hyderabad,17.385,78.4867,2025-09-20 00:00:00,16.8,16.6,384.0,15.1,6.2,60.0,22.6,94,0.0,6.4
Hyderabad,17.385,78.4867,2025-09-20 01:00:00,15.8,15.8,299.0,10.9,5.5,64.0,22.2,96,0.0,10.3
Hyderabad,17.385,78.4867,2025-09-20 02:00:00,15.3,15.3,246.0,8.0,5.0,66.0,22.1,96,0.0,8.7
Hyderabad,17.385,78.4867,2025-09-20 03:00:00,14.4,14.4,232.0,7.2,5.1,63.0,21.9,96,0.0,10.3
Hyderabad,17.385,78.4867,2025-09-20 04:00:00,13.9,13.8,251.0,7.5,5.4,57.0,22.2,95,0.0,9.7
Hyderabad,17.385,78.4867,2025-09-20 05:00:00,9.2,9.2,283.0,6.8,4.5,50.0,22.4,94,0.0,8.5
Hyderabad,17.385,78.4867,2025-09-20 06:00:00,9.3,9.3,338.0,7.1,4.7,50.0,23.5,94,0.0,9.1
Hyderabad,17.385,78.4867,2025-09-20 07:00:00,8.2,8.2,407.0,7.6,4.9,51.0,24.3,90,0.0,11.6
Hyderabad,17.385,78.4867,2025-09-20 08:00:00,8.7,8.7,445.0,7.4,5.0,57.0,25.2,85,0.0,11.5
Hyderabad,17.385,78.4867,2025-09-20 09:00:00,9.3,9.3,420.0,6.1,4.8,74.0,26.8,77,0.0,10.5
Hyderabad,17.385,78.4867,2025-09-20 10:00:00,10.2,10.2,365.0,4.3,4.5,96.0,27.8,72,0.0,10.1
Hyderabad,17.385,78.4867,2025-09-20 11:00:00,10.7,10.7,325.0,2.9,4.3,114.0,28.6,69,0.0,7.7
Hyderabad,17.385,78.4867,2025-09-20 12:00:00,11.1,11.1,315.0,2.1,4.2,123.0,29.6,64,0.1,6.1
Hyderabad,17.385,78.4867,2025-09-20 13:00:00,12.7,12.6,321.0,1.8,4.1,128.0,30.0,64,0.0,6.3
Hyderabad,17.385,78.4867,2025-09-20 14:00:00,12.1,12.1,352.0,2.4,4.1,126.0,30.0,64,0.0,6.7
Hyderabad,17.385,78.4867,2025-09-20 15:00:00,12.8,12.8,421.0,4.2,4.1,115.0,29.1,68,0.4,8.2
Hyderabad,17.385,78.4867,2025-09-20 16:00:00,13.2,13.2,514.0,6.9,4.2,98.0,29.0,68,0.3,4.5
Hyderabad,17.385,78.4867,2025-09-20 17:00:00,18.8,18.7,598.0,9.7,4.7,99.0,28.5,68,0.7,5.8
Hyderabad,17.385,78.4867,2025-09-20 18:00:00,23.3,23.3,673.0,15.2,5.7,85.0,26.7,80,0.0,7.1
Hyderabad,17.385,78.4867,2025-09-20 19:00:00,24.0,23.9,737.0,22.8,7.0,66.0,25.9,84,0.0,7.2
Hyderabad,17.385,78.4867,2025-09-20 20:00:00,25.6,25.6,756.0,27.5,8.0,52.0,25.3,85,0.0,6.2
Hyderabad,17.385,78.4867,2025-09-20 21:00:00,25.1,25.0,700.0,27.0,8.4,49.0,25.0,87,0.0,3.3
Hyderabad,17.385,78.4867,2025-09-20 22:00:00,24.8,24.7,598.0,23.7,8.5,51.0,24.4,89,0.1,2.9
Hyderabad,17.385,78.4867,2025-09-20 23:00:00,21.2,21.2,497.0,20.1,8.3,54.0,23.6,95,0.6,1.3
Hyderabad,17.385,78.4867,2025-09-21 00:00:00,18.3,18.2,402.0,16.5,7.7,57.0,23.6,95,0.1,5.1
Hyderabad,17.385,78.4867,2025-09-21 01:00:00,17.1,17.1,309.0,12.5,6.8,60.0,23.4,92,0.7,11.0
Hyderabad,17.385,78.4867,2025-09-21 02:00:00,15.1,15.1,247.0,9.4,6.3,62.0,22.9,93,0.1,10.1
Hyderabad,17.385,78.4867,2025-09-21 03:00:00,13.8,13.7,228.0,7.8,6.3,61.0,22.5,93,0.1,9.4
Hyderabad,17.385,78.4867,2025-09-21 04:00:00,13.3,13.2,240.0,7.1,6.6,60.0,22.5,94,0.0,10.3
Hyderabad,17.385,78.4867,2025-09-21 05:00:00,13.9,13.8,281.0,7.0,6.2,64.0,22.4,95,0.0,10.0
Hyderabad,17.385,78.4867,2025-09-21 06:00:00,14.8,14.7,379.0,9.1,7.7,60.0,23.1,92,0.0,8.8
Hyderabad,17.385,78.4867,2025-09-21 07:00:00,16.4,16.3,505.0,11.9,9.7,55.0,23.6,92,0.0,6.6
Hyderabad,17.385,78.4867,2025-09-21 08:00:00,18.0,17.8,569.0,13.0,10.7,57.0,25.2,82,0.0,11.3
Hyderabad,17.385,78.4867,2025-09-21 09:00:00,18.1,17.9,511.0,10.7,9.8,72.0,26.1,79,0.0,11.6
Hyderabad,17.385,78.4867,2025-09-21 10:00:00,17.4,17.2,392.0,6.6,7.9,94.0,27.4,74,0.0,10.8
Hyderabad,17.385,78.4867,2025-09-21 11:00:00,18.1,17.9,302.0,3.5,6.4,112.0,28.2,69,0.0,9.8
Hyderabad,17.385,78.4867,2025-09-21 12:00:00,17.9,17.7,265.0,2.0,5.7,124.0,29.1,65,0.1,8.2
Hyderabad,17.385,78.4867,2025-09-21 13:00:00,18.4,18.2,259.0,1.5,5.3,133.0,29.7,66,0.2,6.5
Hyderabad,17.385,78.4867,2025-09-21 14:00:00,17.9,17.8,303.0,2.3,5.1,135.0,29.7,66,0.0,6.5
Hyderabad,17.385,78.4867,2025-09-21 15:00:00,18.2,18.1,434.0,4.7,5.0,127.0,29.3,69,0.0,7.0
Hyderabad,17.385,78.4867,2025-09-21 16:00:00,18.3,18.2,617.0,8.5,5.1,112.0,28.1,71,0.9,6.8
Hyderabad,17.385,78.4867,2025-09-21 17:00:00,28.8,28.7,763.0,13.6,6.3,90.0,27.5,75,0.6,3.8
Hyderabad,17.385,78.4867,2025-09-21 18:00:00,33.8,33.6,852.0,15.1,6.6,82.0,25.9,85,0.7,5.3
Hyderabad,17.385,78.4867,2025-09-21 19:00:00,30.7,30.6,905.0,17.0,7.0,71.0,25.5,88,1.7,5.2
Hyderabad,17.385,78.4867,2025-09-21 20:00:00,25.5,25.4,896.0,18.0,7.3,63.0,25.2,93,1.2,2.7
Hyderabad,17.385,78.4867,2025-09-21 21:00:00,22.8,22.7,787.0,17.4,7.6,61.0,23.8,95,0.7,8.1
Hyderabad,17.385,78.4867,2025-09-21 22:00:00,21.8,21.7,616.0,15.8,7.9,62.0,23.3,97,1.0,7.5
Hyderabad,17.385,78.4867,2025-09-21 23:00:00,19.0,18.9,466.0,13.8,7.7,63.0,23.1,95,1.2,7.8
Hyderabad,17.385,78.4867,2025-09-22 00:00:00,15.2,15.1,361.0,11.1,6.7,65.0,23.0,95,1.1,7.9
Hyderabad,17.385,78.4867,2025-09-22 01:00:00,12.9,12.8,276.0,8.1,5.4,68.0,22.9,95,0.2,10.3
Hyderabad,17.385,78.4867,2025-09-22 02:00:00,11.3,11.2,225.0,6.1,4.5,69.0,22.6,96,0.0,10.5
Hyderabad,17.385,78.4867,2025-09-22 03:00:00,9.8,9.8,217.0,5.9,4.5,66.0,22.5,96,0.0,11.7
Hyderabad,17.385,78.4867,2025-09-22 04:00:00,9.1,9.1,242.0,6.7,5.1,61.0,22.4,96,0.1,11.0
Hyderabad,17.385,78.4867,2025-09-22 05:00:00,7.4,7.4,281.0,7.0,5.2,61.0,22.5,95,0.0,10.1
Hyderabad,17.385,78.4867,2025-09-22 06:00:00,7.4,7.4,345.0,8.5,6.4,60.0,22.8,95,0.0,11.1
Hyderabad,17.385,78.4867,2025-09-22 07:00:00,7.7,7.7,423.0,10.3,8.0,59.0,23.8,91,0.0,11.6
Hyderabad,17.385,78.4867,2025-09-22 08:00:00,9.3,9.3,465.0,11.0,8.9,63.0,24.5,88,0.1,11.2
Hyderabad,17.385,78.4867,2025-09-22 09:00:00,10.3,10.3,434.0,9.2,8.4,76.0,25.7,82,0.1,11.1
Hyderabad,17.385,78.4867,2025-09-22 10:00:00,12.3,12.0,367.0,6.1,7.2,93.0,26.9,75,0.0,9.6
Hyderabad,17.385,78.4867,2025-09-22 11:00:00,13.6,13.2,322.0,3.8,6.1,107.0,27.8,71,0.2,9.7
Hyderabad,17.385,78.4867,2025-09-22 12:00:00,14.7,14.1,309.0,2.8,5.5,116.0,28.2,71,0.1,8.8
Hyderabad,17.385,78.4867,2025-09-22 13:00:00,17.8,17.1,318.0,2.7,4.9,122.0,28.2,70,0.0,8.4
Hyderabad,17.385,78.4867,2025-09-22 14:00:00,22.4,21.4,376.0,3.6,4.6,122.0,28.4,69,0.0,7.7
Hyderabad,17.385,78.4867,2025-09-22 15:00:00,20.8,19.7,531.0,6.2,4.3,113.0,26.0,79,0.5,6.1
Hyderabad,17.385,78.4867,2025-09-22 16:00:00,21.0,20.1,735.0,9.8,4.2,99.0,26.1,80,0.1,2.5
Hyderabad,17.385,78.4867,2025-09-22 17:00:00,25.9,25.4,874.0,21.3,6.3,56.0,26.3,80,0.0,2.9
Hyderabad,17.385,78.4867,2025-09-22 18:00:00,28.7,28.2,898.0,21.9,7.3,54.0,24.3,93,1.0,5.9
Hyderabad,17.385,78.4867,2025-09-22 19:00:00,30.3,29.8,858.0,22.6,8.7,51.0,24.2,94,0.9,5.1
Hyderabad,17.385,78.4867,2025-09-22 20:00:00,30.9,30.4,789.0,22.2,9.5,49.0,24.1,94,0.5,5.9
Hyderabad,17.385,78.4867,2025-09-22 21:00:00,30.0,29.7,686.0,19.7,9.4,50.0,24.0,96,0.3,7.0
Hyderabad,17.385,78.4867,2025-09-22 22:00:00,27.9,27.6,555.0,16.0,8.7,53.0,23.8,96,0.5,8.4
Hyderabad,17.385,78.4867,2025-09-22 23:00:00,24.2,23.9,447.0,12.8,7.9,55.0,23.6,96,1.1,8.7
Hyderabad,17.385,78.4867,2025-09-23 00:00:00,19.2,19.0,383.0,10.4,6.9,58.0,23.3,96,1.4,8.8
Hyderabad,17.385,78.4867,2025-09-23 01:00:00,14.0,13.9,342.0,8.3,5.9,60.0,23.1,96,1.2,8.4
Hyderabad,17.385,78.4867,2025-09-23 02:00:00,9.5,9.5,315.0,7.0,5.1,61.0,23.0,97,1.6,8.8
Hyderabad,17.385,78.4867,2025-09-23 03:00:00,6.2,6.2,301.0,6.6,4.8,58.0,22.9,97,2.0,9.1
Hyderabad,17.385,78.4867,2025-09-23 04:00:00,4.5,4.5,302.0,6.8,4.9,53.0,22.8,96,1.7,11.0
Hyderabad,17.385,78.4867,2025-09-23 05:00:00,9.9,9.9,314.0,9.4,6.5,47.0,22.7,96,0.9,10.8
Hyderabad,17.385,78.4867,2025-09-23 06:00:00,7.1,7.1,348.0,10.4,7.1,48.0,23.0,96,0.0,12.0
Hyderabad,17.385,78.4867,2025-09-23 07:00:00,7.0,6.8,393.0,11.8,8.1,51.0,23.4,93,0.0,12.6
Hyderabad,17.385,78.4867,2025-09-23 08:00:00,10.2,9.7,416.0,12.4,9.2,56.0,24.6,85,0.0,16.8
Hyderabad,17.385,78.4867,2025-09-23 09:00:00,13.8,13.1,392.0,11.6,10.9,66.0,26.0,76,0.1,14.1
Hyderabad,17.385,78.4867,2025-09-23 10:00:00,17.8,16.5,345.0,10.0,12.9,79.0,26.8,77,0.0,11.5
Hyderabad,17.385,78.4867,2025-09-23 11:00:00,20.2,18.7,312.0,8.5,13.9,90.0,27.2,76,0.0,10.4
Hyderabad,17.385,78.4867,2025-09-23 12:00:00,21.5,19.3,302.0,7.0,13.2,99.0,28.0,74,0.0,9.7
Hyderabad,17.385,78.4867,2025-09-23 13:00:00,20.7,18.5,307.0,5.5,11.5,107.0,28.5,70,0.0,9.1
Hyderabad,17.385,78.4867,2025-09-23 14:00:00,19.0,17.0,336.0,5.2,9.9,109.0,28.7,69,0.2,9.2
Hyderabad,17.385,78.4867,2025-09-23 15:00:00,16.9,15.2,417.0,7.2,8.6,100.0,25.8,78,0.5,12.2
Hyderabad,17.385,78.4867,2025-09-23 16:00:00,15.0,14.2,524.0,10.3,7.3,86.0,25.9,78,0.1,10.8
Hyderabad,17.385,78.4867,2025-09-23 17:00:00,29.5,27.4,586.0,19.2,6.7,75.0,24.5,84,0.1,10.1
Hyderabad,17.385,78.4867,2025-09-23 18:00:00,25.6,24.1,565.0,17.5,6.8,73.0,24.1,88,0.4,9.6
Hyderabad,17.385,78.4867,2025-09-23 19:00:00,23.2,22.2,499.0,15.0,6.8,69.0,23.9,90,0.0,10.8
Hyderabad,17.385,78.4867,2025-09-23 20:00:00,20.9,20.2,435.0,12.9,6.8,65.0,23.8,90,0.0,11.3
Hyderabad,17.385,78.4867,2025-09-23 21:00:00,17.6,17.0,388.0,11.4,6.5,60.0,23.7,90,0.0,11.4
Hyderabad,17.385,78.4867,2025-09-23 22:00:00,15.3,14.6,342.0,10.2,6.1,55.0,23.6,91,0.0,11.8
Hyderabad,17.385,78.4867,2025-09-23 23:00:00,14.7,13.6,301.0,9.1,5.8,52.0,23.5,91,0.0,11.6
Hyderabad,17.385,78.4867,2025-09-24 00:00:00,15.1,13.6,261.0,8.1,5.7,52.0,23.4,90,0.0,11.7
Hyderabad,17.385,78.4867,2025-09-24 01:00:00,15.7,13.9,226.0,7.3,5.8,53.0,23.2,90,0.0,11.8
Hyderabad,17.385,78.4867,2025-09-24 02:00:00,15.8,14.0,203.0,6.7,6.0,55.0,23.1,91,0.0,11.7
Hyderabad,17.385,78.4867,2025-09-24 03:00:00,15.5,13.8,197.0,6.4,6.3,56.0,22.7,91,0.0,12.1
Hyderabad,17.385,78.4867,2025-09-24 04:00:00,15.1,13.5,204.0,6.3,6.8,56.0,22.5,91,0.0,12.6
Hyderabad,17.385,78.4867,2025-09-24 05:00:00,17.0,14.9,222.0,6.8,7.2,55.0,22.5,91,0.0,13.1
Hyderabad,17.385,78.4867,2025-09-24 06:00:00,18.7,16.5,263.0,7.5,7.9,54.0,22.7,90,0.0,14.0
Hyderabad,17.385,78.4867,2025-09-24 07:00:00,19.7,16.9,314.0,8.4,8.8,53.0,23.0,89,0.0,13.4
Hyderabad,17.385,78.4867,2025-09-24 08:00:00,20.0,17.2,341.0,8.4,9.2,57.0,23.9,83,0.0,17.3
Hyderabad,17.385,78.4867,2025-09-24 09:00:00,21.2,18.0,317.0,6.7,8.5,71.0,25.5,74,0.0,19.1
Hyderabad,17.385,78.4867,2025-09-24 10:00:00,23.7,20.1,268.0,4.2,7.2,89.0,26.7,69,0.0,17.7
Hyderabad,17.385,78.4867,2025-09-24 11:00:00,24.9,21.3,235.0,2.4,6.1,104.0,27.1,66,0.0,16.0
Hyderabad,17.385,78.4867,2025-09-24 12:00:00,24.9,21.4,226.0,1.7,5.5,112.0,27.9,64,0.0,14.6
Hyderabad,17.385,78.4867,2025-09-24 13:00:00,24.7,21.5,233.0,1.6,5.0,115.0,28.3,64,0.0,13.5
Hyderabad,17.385,78.4867,2025-09-24 14:00:00,24.6,21.5,267.0,2.5,4.8,115.0,28.3,65,0.0,13.5
Hyderabad,17.385,78.4867,2025-09-24 15:00:00,24.8,22.1,354.0,4.8,4.9,109.0,28.2,65,0.0,12.9
Hyderabad,17.385,78.4867,2025-09-24 16:00:00,24.8,22.6,468.0,8.1,5.2,99.0,28.0,65,0.0,12.6
Hyderabad,17.385,78.4867,2025-09-24 17:00:00,34.1,31.0,547.0,10.6,5.7,91.0,27.4,70,0.0,10.1
Hyderabad,17.385,78.4867,2025-09-24 18:00:00,34.2,31.5,560.0,12.2,6.5,85.0,25.4,81,0.0,8.5
Hyderabad,17.385,78.4867,2025-09-24 19:00:00,34.0,31.7,538.0,14.4,7.6,76.0,24.9,84,0.0,9.1
Hyderabad,17.385,78.4867,2025-09-24 20:00:00,33.5,31.3,514.0,15.5,8.4,69.0,24.3,83,0.0,10.0
Hyderabad,17.385,78.4867,2025-09-24 21:00:00,32.9,30.9,507.0,14.7,8.7,66.0,23.9,84,0.0,9.8
Hyderabad,17.385,78.4867,2025-09-24 22:00:00,31.7,29.6,497.0,13.0,8.7,65.0,23.6,85,0.0,10.1
Hyderabad,17.385,78.4867,2025-09-24 23:00:00,29.6,27.5,465.0,11.2,8.5,64.0,23.5,86,0.0,10.3
Hyderabad,17.385,78.4867,2025-09-25 00:00:00,26.8,24.7,385.0,9.7,8.1,63.0,23.4,87,0.0,11.1
Hyderabad,17.385,78.4867,2025-09-25 01:00:00,23.8,21.8,282.0,8.2,7.5,63.0,23.3,86,0.1,12.9
Hyderabad,17.385,78.4867,2025-09-25 02:00:00,21.0,19.2,209.0,7.0,7.1,62.0,22.9,88,0.2,10.3
Hyderabad,17.385,78.4867,2025-09-25 03:00:00,18.6,17.0,183.0,6.3,6.8,61.0,23.0,87,0.1,14.9
Hyderabad,17.385,78.4867,2025-09-25 04:00:00,16.7,15.3,187.0,6.0,6.6,61.0,22.6,85,0.0,14.7
Hyderabad,17.385,78.4867,2025-09-25 05:00:00,15.3,14.2,217.0,6.3,6.4,59.0,22.6,86,0.0,14.3
Hyderabad,17.385,78.4867,2025-09-25 06:00:00,15.0,14.1,299.0,7.7,6.9,55.0,23.4,85,0.0,14.0
Hyderabad,17.385,78.4867,2025-09-25 07:00:00,15.3,14.6,409.0,9.6,7.7,51.0,23.6,84,0.0,13.4
Hyderabad,17.385,78.4867,2025-09-25 08:00:00,15.1,14.5,467.0,10.4,8.3,50.0,23.8,84,0.0,13.4
Hyderabad,17.385,78.4867,2025-09-25 09:00:00,13.6,13.1,423.0,9.1,8.8,56.0,24.0,84,0.1,12.7
Hyderabad,17.385,78.4867,2025-09-25 10:00:00,11.9,11.4,327.0,6.7,9.1,67.0,24.3,82,0.0,15.4
Hyderabad,17.385,78.4867,2025-09-25 11:00:00,11.9,11.2,259.0,4.8,9.2,75.0,25.3,75,0.0,17.7
Hyderabad,17.385,78.4867,2025-09-25 12:00:00,12.2,11.3,248.0,4.0,8.8,80.0,25.7,72,0.0,18.0
Hyderabad,17.385,78.4867,2025-09-25 13:00:00,12.1,11.3,264.0,3.8,8.1,83.0,25.1,76,0.3,18.0
Hyderabad,17.385,78.4867,2025-09-25 14:00:00,12.7,11.8,295.0,4.1,7.7,84.0,24.9,78,0.5,17.0
Hyderabad,17.385,78.4867,2025-09-25 15:00:00,13.4,12.5,353.0,5.4,7.7,82.0,24.6,81,0.5,15.2
Hyderabad,17.385,78.4867,2025-09-25 16:00:00,14.3,13.5,427.0,7.2,8.1,77.0,24.1,85,0.6,14.4
Hyderabad,17.385,78.4867,2025-09-25 17:00:00,15.0,14.1,472.0,12.0,7.8,63.0,23.8,86,0.2,14.2
Hyderabad,17.385,78.4867,2025-09-25 18:00:00,15.5,14.6,463.0,11.8,7.7,64.0,23.2,87,0.1,15.0
Hyderabad,17.385,78.4867,2025-09-25 19:00:00,16.1,15.0,424.0,11.4,7.4,65.0,23.0,86,0.4,14.2
Hyderabad,17.385,78.4867,2025-09-25 20:00:00,16.5,15.3,384.0,10.8,7.1,66.0,22.7,86,0.7,13.7
Hyderabad,17.385,78.4867,2025-09-25 21:00:00,16.8,15.4,351.0,9.8,6.5,69.0,22.4,88,0.9,12.9
Hyderabad,17.385,78.4867,2025-09-25 22:00:00,16.5,15.0,316.0,8.5,5.7,73.0,22.4,89,0.7,14.3
Hyderabad,17.385,78.4867,2025-09-25 23:00:00,15.7,14.3,280.0,7.4,5.4,74.0,22.2,88,0.6,15.9
Hyderabad,17.385,78.4867,2025-09-26 00:00:00,14.5,13.2,239.0,6.5,5.9,72.0,22.0,88,0.7,17.8
Hyderabad,17.385,78.4867,2025-09-26 01:00:00,13.2,12.0,197.0,5.7,6.8,68.0,21.9,89,1.0,16.7
Hyderabad,17.385,78.4867,2025-09-26 02:00:00,11.5,10.6,172.0,5.3,7.5,63.0,22.2,91,0.0,15.8
Hyderabad,17.385,78.4867,2025-09-26 03:00:00,9.9,9.3,168.0,5.4,7.6,58.0,22.1,90,0.1,15.3
Hyderabad,17.385,78.4867,2025-09-26 04:00:00,9.4,8.9,181.0,5.9,7.5,53.0,22.2,90,0.2,14.9
Hyderabad,17.385,78.4867,2025-09-26 05:00:00,9.1,8.8,214.0,6.4,6.7,49.0,22.0,91,0.7,14.7
Hyderabad,17.385,78.4867,2025-09-26 06:00:00,10.3,10.0,286.0,7.8,6.8,49.0,21.7,92,0.4,14.2
Hyderabad,17.385,78.4867,2025-09-26 07:00:00,11.1,10.8,378.0,9.6,6.9,49.0,21.9,93,0.6,11.8
Hyderabad,17.385,78.4867,2025-09-26 08:00:00,10.2,10.0,431.0,10.5,7.0,52.0,22.9,89,0.0,13.2
Hyderabad,17.385,78.4867,2025-09-26 09:00:00,8.0,7.9,398.0,9.3,7.4,62.0,24.2,84,0.1,8.6
Hyderabad,17.385,78.4867,2025-09-26 10:00:00,8.0,7.9,325.0,7.0,7.8,74.0,26.3,79,0.1,8.5
Hyderabad,17.385,78.4867,2025-09-26 11:00:00,8.5,8.2,297.0,5.6,7.8,84.0,26.1,78,2.4,10.3
Hyderabad,17.385,78.4867,2025-09-26 12:00:00,8.9,8.4,352.0,5.5,6.9,88.0,27.7,75,0.4,6.6
Hyderabad,17.385,78.4867,2025-09-26 13:00:00,10.5,10.0,452.0,6.3,5.5,89.0,25.0,84,5.6,6.6
Hyderabad,17.385,78.4867,2025-09-26 14:00:00,10.8,10.4,562.0,8.0,4.6,86.0,24.7,85,3.7,6.8
Hyderabad,17.385,78.4867,2025-09-26 15:00:00,11.5,11.1,697.0,11.6,4.7,77.0,25.3,84,0.2,4.2
Hyderabad,17.385,78.4867,2025-09-26 16:00:00,12.1,11.9,843.0,16.1,5.3,65.0,25.4,85,0.1,5.4
Hyderabad,17.385,78.4867,2025-09-26 17:00:00,17.6,16.8,917.0,16.2,5.3,74.0,25.4,86,0.1,7.7
Hyderabad,17.385,78.4867,2025-09-26 18:00:00,19.1,18.4,866.0,18.5,6.2,68.0,24.5,91,0.0,7.1
Hyderabad,17.385,78.4867,2025-09-26 19:00:00,20.7,19.8,745.0,21.5,7.3,59.0,23.8,90,0.1,12.0
Hyderabad,17.385,78.4867,2025-09-26 20:00:00,20.7,19.9,634.0,22.5,8.0,54.0,23.0,94,0.2,8.8
Hyderabad,17.385,78.4867,2025-09-26 21:00:00,19.3,18.4,566.0,19.6,7.7,57.0,22.8,94,0.1,11.3
Hyderabad,17.385,78.4867,2025-09-26 22:00:00,19.3,18.3,509.0,14.8,6.9,63.0,22.6,95,0.0,10.4
Hyderabad,17.385,78.4867,2025-09-26 23:00:00,19.1,18.1,451.0,10.9,6.3,67.0,22.6,96,0.1,10.0
Hyderabad,17.385,78.4867,2025-09-27 00:00:00,18.6,17.7,381.0,9.2,6.0,66.0,22.6,96,0.2,9.9
Hyderabad,17.385,78.4867,2025-09-27 01:00:00,16.8,16.2,309.0,8.3,5.9,64.0,22.6,96,0.1,9.7
Hyderabad,17.385,78.4867,2025-09-27 02:00:00,13.0,12.7,261.0,7.7,5.8,62.0,22.5,96,0.3,10.4
Hyderabad,17.385,78.4867,2025-09-27 03:00:00,7.2,7.1,237.0,6.7,5.6,63.0,22.4,96,0.5,10.5
Hyderabad,17.385,78.4867,2025-09-27 04:00:00,4.1,4.1,235.0,5.9,5.3,65.0,22.3,96,0.5,11.6
Hyderabad,17.385,78.4867,2025-09-27 05:00:00,3.3,3.3,275.0,7.0,6.5,55.0,22.0,96,0.5,12.1
Hyderabad,17.385,78.4867,2025-09-27 06:00:00,4.7,4.7,402.0,9.1,7.2,53.0,22.3,97,0.6,9.5
Hyderabad,17.385,78.4867,2025-09-27 07:00:00,6.0,6.0,570.0,11.8,8.2,51.0,22.6,97,0.8,9.9
Hyderabad,17.385,78.4867,2025-09-27 08:00:00,6.7,6.7,667.0,13.3,8.6,52.0,23.2,95,0.7,11.6
Hyderabad,17.385,78.4867,2025-09-27 09:00:00,6.4,6.4,621.0,12.4,8.1,58.0,23.9,90,0.7,13.3
Hyderabad,17.385,78.4867,2025-09-27 10:00:00,5.6,5.6,502.0,10.2,7.2,66.0,23.8,91,1.1,14.5
Hyderabad,17.385,78.4867,2025-09-27 11:00:00,5.3,5.2,411.0,8.2,6.2,74.0,24.3,88,1.2,13.9
Hyderabad,17.385,78.4867,2025-09-27 12:00:00,4.3,4.3,378.0,6.5,5.3,83.0,24.7,86,1.0,13.8
Hyderabad,17.385,78.4867,2025-09-27 13:00:00,4.0,4.0,372.0,4.9,4.4,91.0,24.5,91,0.9,11.0
Hyderabad,17.385,78.4867,2025-09-27 14:00:00,4.4,4.4,397.0,4.1,3.8,94.0,25.0,88,0.5,12.6
Hyderabad,17.385,78.4867,2025-09-27 15:00:00,5.0,5.0,482.0,4.6,3.5,87.0,24.9,88,0.4,10.8
Hyderabad,17.385,78.4867,2025-09-27 16:00:00,4.5,4.5,597.0,5.9,3.4,74.0,25.1,86,0.2,10.0
Hyderabad,17.385,78.4867,2025-09-27 17:00:00,10.5,10.5,659.0,10.5,5.2,77.0,24.7,86,0.1,11.2
Hyderabad,17.385,78.4867,2025-09-27 18:00:00,10.8,10.8,618.0,10.9,5.9,73.0,23.5,88,0.0,14.4
Hyderabad,17.385,78.4867,2025-09-27 19:00:00,10.6,10.6,524.0,11.4,6.9,69.0,23.3,90,0.0,14.1
Hyderabad,17.385,78.4867,2025-09-27 20:00:00,10.7,10.4,441.0,11.3,7.5,66.0,23.2,90,0.0,13.5
Hyderabad,17.385,78.4867,2025-09-27 21:00:00,10.9,10.4,394.0,10.2,7.5,68.0,23.2,90,0.1,13.5
Hyderabad,17.385,78.4867,2025-09-27 22:00:00,10.6,10.0,358.0,8.6,7.1,71.0,22.9,92,0.1,12.8
Hyderabad,17.385,78.4867,2025-09-27 23:00:00,9.4,8.6,323.0,7.1,6.5,73.0,22.7,92,0.0,13.8
Hyderabad,17.385,78.4867,2025-09-28 00:00:00,8.5,7.3,284.0,6.0,5.6,71.0,22.6,90,0.0,15.4
Hyderabad,17.385,78.4867,2025-09-28 01:00:00,7.8,6.3,247.0,5.2,4.5,66.0,22.2,89,0.0,15.1
Hyderabad,17.385,78.4867,2025-09-28 02:00:00,7.3,5.6,219.0,4.7,3.7,61.0,21.8,89,0.0,13.9
Hyderabad,17.385,78.4867,2025-09-28 03:00:00,6.4,5.0,202.0,4.8,3.3,55.0,21.8,88,0.0,13.2
Hyderabad,17.385,78.4867,2025-09-28 04:00:00,5.4,4.4,194.0,5.2,3.2,49.0,21.9,87,0.0,13.1
Hyderabad,17.385,78.4867,2025-09-28 05:00:00,4.8,3.9,203.0,5.8,3.7,45.0,21.7,88,0.0,13.1
Hyderabad,17.385,78.4867,2025-09-28 06:00:00,5.0,4.5,245.0,6.2,3.8,40.0,21.9,87,0.0,13.0
Hyderabad,17.385,78.4867,2025-09-28 07:00:00,5.2,4.9,303.0,6.8,3.9,33.0,22.5,86,0.0,11.0
Hyderabad,17.385,78.4867,2025-09-28 08:00:00,4.8,4.7,338.0,6.8,4.0,31.0,23.8,79,0.0,19.2
Hyderabad,17.385,78.4867,2025-09-28 09:00:00,4.4,4.2,326.0,5.7,4.1,40.0,24.8,74,0.0,19.1
Hyderabad,17.385,78.4867,2025-09-28 10:00:00,4.4,4.2,292.0,4.1,4.2,53.0,25.3,72,0.0,16.6
Hyderabad,17.385,78.4867,2025-09-28 11:00:00,5.0,4.7,265.0,2.9,4.0,65.0,25.1,73,0.0,16.1
Hyderabad,17.385,78.4867,2025-09-28 12:00:00,5.8,5.4,249.0,2.2,3.3,72.0,24.9,76,0.0,11.2
Hyderabad,17.385,78.4867,2025-09-28 13:00:00,6.1,5.8,242.0,1.8,2.3,76.0,26.7,68,0.2,14.8
Hyderabad,17.385,78.4867,2025-09-28 14:00:00,5.6,5.4,262.0,2.2,1.9,79.0,27.1,74,0.2,14.0
Hyderabad,17.385,78.4867,2025-09-28 15:00:00,6.8,6.5,337.0,3.9,2.4,79.0,26.4,76,0.8,11.2
Hyderabad,17.385,78.4867,2025-09-28 16:00:00,6.8,6.5,439.0,6.3,3.4,77.0,26.9,75,0.0,10.2
Hyderabad,17.385,78.4867,2025-09-28 17:00:00,11.9,11.0,512.0,7.7,3.5,80.0,24.3,85,1.7,14.1
Hyderabad,17.385,78.4867,2025-09-28 18:00:00,12.3,11.8,527.0,9.4,4.3,75.0,25.2,78,0.0,5.8
Hyderabad,17.385,78.4867,2025-09-28 19:00:00,13.1,12.6,512.0,11.8,5.3,69.0,24.1,84,0.3,10.2
Hyderabad,17.385,78.4867,2025-09-28 20:00:00,14.0,13.6,492.0,13.4,6.1,63.0,23.4,88,0.1,9.4
Hyderabad,17.385,78.4867,2025-09-28 21:00:00,14.4,14.0,479.0,13.5,6.3,60.0,23.3,89,0.0,7.1
Hyderabad,17.385,78.4867,2025-09-28 22:00:00,14.4,14.0,460.0,12.9,6.2,58.0,22.9,91,0.0,7.6
Hyderabad,17.385,78.4867,2025-09-28 23:00:00,13.3,12.9,424.0,12.1,6.1,56.0,22.7,91,0.0,8.4
Hyderabad,17.385,78.4867,2025-09-29 00:00:00,12.1,11.7,351.0,11.1,6.2,55.0,22.5,93,0.0,9.3
Hyderabad,17.385,78.4867,2025-09-29 01:00:00,11.1,10.7,262.0,10.0,6.2,54.0,22.5,93,0.0,9.9
Hyderabad,17.385,78.4867,2025-09-29 02:00:00,10.3,9.9,201.0,9.1,6.2,52.0,22.4,93,0.0,10.1
Hyderabad,17.385,78.4867,2025-09-29 03:00:00,9.5,9.1,190.0,8.8,6.0,48.0,22.3,90,0.0,10.1
Hyderabad,17.385,78.4867,2025-09-29 04:00:00,9.0,8.4,209.0,8.8,5.7,44.0,22.0,88,0.0,10.7
Hyderabad,17.385,78.4867,2025-09-29 05:00:00,9.0,8.4,239.0,8.6,5.9,42.0,21.6,88,0.0,10.0
Hyderabad,17.385,78.4867,2025-09-29 06:00:00,9.2,8.6,289.0,7.8,5.5,45.0,22.1,85,0.0,10.1
Hyderabad,17.385,78.4867,2025-09-29 07:00:00,8.5,7.8,352.0,6.7,5.0,48.0,22.8,84,0.0,8.9
Hyderabad,17.385,78.4867,2025-09-29 08:00:00,8.4,7.2,382.0,5.6,4.5,54.0,24.2,78,0.0,14.7
Hyderabad,17.385,78.4867,2025-09-29 09:00:00,8.8,7.4,350.0,4.3,4.0,63.0,25.7,71,0.0,12.6
Hyderabad,17.385,78.4867,2025-09-29 10:00:00,8.4,7.3,287.0,3.0,3.5,73.0,26.8,67,0.0,12.1
Hyderabad,17.385,78.4867,2025-09-29 11:00:00,6.9,6.2,240.0,2.1,3.1,81.0,27.9,61,0.0,14.1
Hyderabad,17.385,78.4867,2025-09-29 12:00:00,5.7,5.3,210.0,1.4,2.7,85.0,28.4,59,0.0,14.0
Hyderabad,17.385,78.4867,2025-09-29 13:00:00,4.9,4.6,196.0,1.1,2.4,86.0,29.0,57,0.0,14.1
Hyderabad,17.385,78.4867,2025-09-29 14:00:00,5.8,5.4,244.0,2.0,2.4,84.0,29.1,55,0.0,14.8
Hyderabad,17.385,78.4867,2025-09-29 15:00:00,4.9,4.7,420.0,5.0,2.7,77.0,29.2,55,0.0,12.4
Hyderabad,17.385,78.4867,2025-09-29 16:00:00,6.3,6.1,658.0,9.2,3.2,67.0,29.0,56,0.0,9.6
Hyderabad,17.385,78.4867,2025-09-29 17:00:00,16.6,14.6,810.0,13.9,3.8,54.0,28.2,63,0.0,6.1
Hyderabad,17.385,78.4867,2025-09-29 18:00:00,15.8,14.6,800.0,13.3,4.2,53.0,26.5,71,0.0,2.5
Hyderabad,17.385,78.4867,2025-09-29 19:00:00,15.4,14.3,704.0,12.3,4.7,51.0,25.6,75,0.0,4.3
Hyderabad,17.385,78.4867,2025-09-29 20:00:00,14.1,13.1,595.0,11.4,5.0,50.0,24.7,80,0.0,10.3
Hyderabad,17.385,78.4867,2025-09-29 21:00:00,13.6,12.5,485.0,10.5,4.8,52.0,23.5,88,0.0,9.7
Hyderabad,17.385,78.4867,2025-09-29 22:00:00,14.0,12.8,363.0,9.5,4.3,54.0,23.0,91,0.0,10.1
Hyderabad,17.385,78.4867,2025-09-29 23:00:00,14.3,13.0,266.0,8.6,4.0,55.0,22.9,91,0.0,11.1
Hyderabad,17.385,78.4867,2025-09-30 00:00:00,13.9,12.6,210.0,7.8,4.0,53.0,22.9,90,0.0,11.4
Hyderabad,17.385,78.4867,2025-09-30 01:00:00,12.5,11.4,179.0,7.1,4.1,49.0,22.9,91,0.0,12.4
Hyderabad,17.385,78.4867,2025-09-30 02:00:00,10.6,9.7,167.0,6.7,4.2,45.0,22.7,92,0.0,12.3
Hyderabad,17.385,78.4867,2025-09-30 03:00:00,9.0,8.3,171.0,6.9,4.4,42.0,22.5,92,0.0,12.1
Hyderabad,17.385,78.4867,2025-09-30 04:00:00,7.9,7.3,194.0,7.5,4.7,39.0,22.3,92,0.0,12.0
Hyderabad,17.385,78.4867,2025-09-30 05:00:00,6.6,6.0,231.0,7.6,4.6,37.0,22.1,91,0.0,11.5
Hyderabad,17.385,78.4867,2025-09-30 06:00:00,7.2,6.4,301.0,7.1,4.6,39.0,22.6,88,0.0,12.2
Hyderabad,17.385,78.4867,2025-09-30 07:00:00,8.3,6.8,387.0,6.4,4.6,43.0,23.3,86,0.0,9.7
Hyderabad,17.385,78.4867,2025-09-30 08:00:00,9.7,7.3,430.0,5.5,4.4,48.0,24.5,82,0.0,10.4
Hyderabad,17.385,78.4867,2025-09-30 09:00:00,10.4,7.2,392.0,4.3,3.9,55.0,25.8,77,0.0,10.3
Hyderabad,17.385,78.4867,2025-09-30 10:00:00,10.6,7.1,312.0,3.0,3.3,64.0,26.8,72,0.1,10.2
Hyderabad,17.385,78.4867,2025-09-30 11:00:00,11.3,7.4,252.0,2.0,2.8,71.0,27.3,69,0.0,11.3
Hyderabad,17.385,78.4867,2025-09-30 12:00:00,11.6,7.4,228.0,1.5,2.5,75.0,28.2,67,0.0,13.3
Hyderabad,17.385,78.4867,2025-09-30 13:00:00,11.7,7.4,224.0,1.4,2.4,77.0,28.3,67,0.0,13.6
Hyderabad,17.385,78.4867,2025-09-30 14:00:00,11.4,7.4,251.0,2.1,2.4,77.0,28.4,63,0.0,13.0
Hyderabad,17.385,78.4867,2025-09-30 15:00:00,11.9,8.1,316.0,3.8,2.6,75.0,28.4,62,0.0,13.0
Hyderabad,17.385,78.4867,2025-09-30 16:00:00,11.4,8.1,412.0,6.2,2.9,72.0,27.9,63,0.0,13.0
Hyderabad,17.385,78.4867,2025-09-30 17:00:00,13.9,10.7,529.0,10.8,4.1,63.0,26.9,72,0.0,8.5
Hyderabad,17.385,78.4867,2025-09-30 18:00:00,16.1,13.0,708.0,13.9,5.2,57.0,26.1,78,0.0,7.1
Hyderabad,17.385,78.4867,2025-09-30 19:00:00,19.6,16.4,908.0,17.9,6.7,48.0,25.7,79,0.0,7.1
Hyderabad,17.385,78.4867,2025-09-30 20:00:00,19.8,16.6,993.0,20.1,7.7,43.0,25.3,80,0.0,8.0
Hyderabad,17.385,78.4867,2025-09-30 21:00:00,20.0,16.4,867.0,18.6,7.7,45.0,24.9,81,0.0,8.1
Hyderabad,17.385,78.4867,2025-09-30 22:00:00,19.5,15.7,625.0,15.1,7.2,50.0,24.4,81,0.0,9.4
Hyderabad,17.385,78.4867,2025-09-30 23:00:00,17.4,13.6,419.0,12.0,6.6,53.0,24.2,80,0.0,11.7
Hyderabad,17.385,78.4867,2025-10-01 00:00:00,15.5,11.9,301.0,10.1,6.1,52.0,23.8,81,0.0,15.3
Hyderabad,17.385,78.4867,2025-10-01 01:00:00,13.5,10.8,219.0,8.5,5.7,49.0,23.4,81,0.0,13.9
Hyderabad,17.385,78.4867,2025-10-01 02:00:00,10.4,8.9,169.0,7.5,5.3,46.0,23.1,83,0.0,12.4
Hyderabad,17.385,78.4867,2025-10-01 03:00:00,7.6,6.9,158.0,7.2,5.1,41.0,22.7,86,0.0,11.7
Hyderabad,17.385,78.4867,2025-10-01 04:00:00,6.0,5.5,180.0,7.5,5.0,35.0,22.4,88,0.0,11.9
Hyderabad,17.385,78.4867,2025-10-01 05:00:00,5.7,5.2,211.0,7.4,4.9,32.0,22.6,87,0.0,11.6
Hyderabad,17.385,78.4867,2025-10-01 06:00:00,6.3,5.7,258.0,7.0,5.0,35.0,22.5,87,0.0,11.3
Hyderabad,17.385,78.4867,2025-10-01 07:00:00,7.3,6.5,314.0,6.4,5.2,40.0,23.1,87,0.0,9.0
Hyderabad,17.385,78.4867,2025-10-01 08:00:00,7.6,6.1,342.0,5.6,5.1,46.0,24.5,82,0.0,9.8
Hyderabad,17.385,78.4867,2025-10-01 09:00:00,8.0,5.8,314.0,4.4,4.5,53.0,26.0,76,0.0,11.0
Hyderabad,17.385,78.4867,2025-10-01 10:00:00,8.8,6.2,256.0,3.0,3.6,62.0,27.2,68,0.0,12.8
Hyderabad,17.385,78.4867,2025-10-01 11:00:00,10.1,6.7,214.0,2.0,2.9,68.0,28.2,62,0.0,16.4
Hyderabad,17.385,78.4867,2025-10-01 12:00:00,10.7,7.0,190.0,1.6,2.6,72.0,28.6,59,0.1,14.9
Hyderabad,17.385,78.4867,2025-10-01 13:00:00,10.9,7.2,182.0,1.6,2.4,74.0,28.8,60,0.1,14.0
Hyderabad,17.385,78.4867,2025-10-01 14:00:00,11.0,7.5,221.0,2.5,2.5,74.0,29.0,60,0.0,12.7
Hyderabad,17.385,78.4867,2025-10-01 15:00:00,10.9,7.7,337.0,4.9,2.7,70.0,29.2,57,0.0,11.7
Hyderabad,17.385,78.4867,2025-10-01 16:00:00,10.9,8.3,501.0,8.2,3.1,63.0,28.7,58,0.0,9.9
Hyderabad,17.385,78.4867,2025-10-01 17:00:00,14.4,11.7,661.0,14.0,4.1,51.0,27.4,67,0.0,7.5
Hyderabad,17.385,78.4867,2025-10-01 18:00:00,17.2,14.8,842.0,15.2,4.9,49.0,26.4,73,0.0,7.4
Hyderabad,17.385,78.4867,2025-10-01 19:00:00,18.3,16.0,1019.0,16.7,6.1,45.0,25.5,78,0.0,8.1
Hyderabad,17.385,78.4867,2025-10-01 20:00:00,17.6,15.3,1066.0,17.2,6.9,44.0,25.1,80,0.0,8.3
Hyderabad,17.385,78.4867,2025-10-01 21:00:00,17.0,14.5,873.0,15.6,7.0,47.0,24.7,81,0.0,8.0
Hyderabad,17.385,78.4867,2025-10-01 22:00:00,16.8,14.0,549.0,12.8,6.7,51.0,24.4,82,0.0,10.3
Hyderabad,17.385,78.4867,2025-10-01 23:00:00,16.5,13.4,298.0,10.6,6.5,54.0,24.0,85,0.0,9.2
Hyderabad,17.385,78.4867,2025-10-02 00:00:00,16.1,13.0,208.0,9.5,6.4,53.0,24.2,84,0.0,10.8
Hyderabad,17.385,78.4867,2025-10-02 01:00:00,15.0,12.3,190.0,8.9,6.4,50.0,23.7,85,0.0,11.2
Hyderabad,17.385,78.4867,2025-10-02 02:00:00,13.1,10.9,186.0,8.5,6.3,46.0,23.2,86,0.0,11.2
Hyderabad,17.385,78.4867,2025-10-02 03:00:00,10.8,9.1,168.0,8.2,6.0,41.0,23.0,85,0.0,12.5
Hyderabad,17.385,78.4867,2025-10-02 04:00:00,8.5,7.3,162.0,8.0,5.6,37.0,23.0,85,0.0,13.5
Hyderabad,17.385,78.4867,2025-10-02 05:00:00,6.2,5.5,190.0,7.5,4.8,34.0,23.3,86,0.0,13.3
Hyderabad,17.385,78.4867,2025-10-02 06:00:00,7.0,6.3,289.0,7.8,4.8,33.0,23.3,86,0.0,12.5
Hyderabad,17.385,78.4867,2025-10-02 07:00:00,7.8,7.1,422.0,8.1,4.8,32.0,23.5,85,0.0,10.5
Hyderabad,17.385,78.4867,2025-10-02 08:00:00,7.6,6.6,497.0,7.8,4.7,34.0,24.1,84,0.0,10.7
Hyderabad,17.385,78.4867,2025-10-02 09:00:00,7.5,6.0,459.0,6.4,4.5,43.0,24.8,80,0.0,10.7
Hyderabad,17.385,78.4867,2025-10-02 10:00:00,8.4,6.5,363.0,4.3,4.2,56.0,25.9,76,0.0,8.8
Hyderabad,17.385,78.4867,2025-10-02 11:00:00,9.0,7.0,287.0,3.0,4.0,65.0,27.1,67,0.0,13.0
Hyderabad,17.385,78.4867,2025-10-02 12:00:00,9.0,6.9,246.0,2.7,3.7,68.0,27.4,65,0.0,11.6
Hyderabad,17.385,78.4867,2025-10-02 13:00:00,9.0,6.8,226.0,3.0,3.5,68.0,27.8,64,0.0,11.8
Hyderabad,17.385,78.4867,2025-10-02 14:00:00,8.6,6.5,254.0,4.3,3.5,66.0,27.9,63,0.0,11.8
Hyderabad,17.385,78.4867,2025-10-02 15:00:00,8.5,6.4,368.0,7.2,3.8,61.0,27.6,64,0.0,10.7
Hyderabad,17.385,78.4867,2025-10-02 16:00:00,9.3,7.6,532.0,11.1,4.4,54.0,27.3,66,0.0,10.0
Hyderabad,17.385,78.4867,2025-10-02 17:00:00,13.5,11.0,664.0,13.2,4.7,48.0,26.8,73,0.0,8.8
Hyderabad,17.385,78.4867,2025-10-02 18:00:00,15.3,13.0,742.0,15.5,5.8,43.0,25.9,78,0.0,7.4
Hyderabad,17.385,78.4867,2025-10-02 19:00:00,17.2,14.9,788.0,18.5,7.3,36.0,25.3,81,0.0,7.4
Hyderabad,17.385,78.4867,2025-10-02 20:00:00,19.2,16.6,787.0,20.0,8.3,32.0,24.9,83,0.0,8.0
Hyderabad,17.385,78.4867,2025-10-02 21:00:00,19.0,16.3,715.0,18.5,8.2,32.0,24.6,84,0.0,9.0
Hyderabad,17.385,78.4867,2025-10-02 22:00:00,17.8,15.0,596.0,15.5,7.5,35.0,24.2,85,0.0,8.5
Hyderabad,17.385,78.4867,2025-10-02 23:00:00,16.6,13.6,487.0,12.9,6.9,37.0,23.9,87,0.0,7.6
Hyderabad,17.385,78.4867,2025-10-03 00:00:00,15.9,12.6,404.0,11.5,6.6,37.0,23.6,88,0.0,8.5
Hyderabad,17.385,78.4867,2025-10-03 01:00:00,15.4,12.0,330.0,10.6,6.3,37.0,23.4,89,0.0,9.0
Hyderabad,17.385,78.4867,2025-10-03 02:00:00,15.3,11.9,278.0,10.1,6.1,36.0,23.3,89,0.0,10.3
Hyderabad,17.385,78.4867,2025-10-03 03:00:00,15.1,11.9,248.0,10.2,6.1,33.0,23.1,88,0.0,10.3
Hyderabad,17.385,78.4867,2025-10-03 04:00:00,14.2,11.5,239.0,10.6,6.2,29.0,23.0,86,0.0,11.4
Hyderabad,17.385,78.4867,2025-10-03 05:00:00,13.1,11.0,257.0,11.1,6.4,27.0,23.0,88,0.0,11.8
Hyderabad,17.385,78.4867,2025-10-03 06:00:00,12.7,10.9,330.0,10.3,6.6,32.0,23.1,86,0.0,11.9
Hyderabad,17.385,78.4867,2025-10-03 07:00:00,13.4,11.9,430.0,9.2,6.7,40.0,23.8,85,0.0,9.2
Hyderabad,17.385,78.4867,2025-10-03 08:00:00,13.7,11.4,477.0,7.8,6.6,49.0,25.0,81,0.0,12.2
Hyderabad,17.385,78.4867,2025-10-03 09:00:00,14.7,11.3,417.0,5.9,5.9,61.0,26.6,72,0.0,15.4
Hyderabad,17.385,78.4867,2025-10-03 10:00:00,14.8,10.5,303.0,3.7,4.9,73.0,27.6,66,0.0,15.9
Hyderabad,17.385,78.4867,2025-10-03 11:00:00,14.0,9.5,220.0,2.1,4.1,83.0,28.1,64,0.0,14.6
Hyderabad,17.385,78.4867,2025-10-03 12:00:00,13.4,8.9,190.0,1.4,3.6,88.0,28.9,60,0.0,14.2
Hyderabad,17.385,78.4867,2025-10-03 13:00:00,13.0,8.5,190.0,1.4,3.2,89.0,29.5,57,0.0,13.4
Hyderabad,17.385,78.4867,2025-10-03 14:00:00,12.3,8.2,231.0,2.2,3.1,88.0,29.7,55,0.0,12.7
Hyderabad,17.385,78.4867,2025-10-03 15:00:00,12.0,8.2,337.0,4.2,3.3,84.0,29.7,54,0.0,11.6
Hyderabad,17.385,78.4867,2025-10-03 16:00:00,13.8,9.4,483.0,7.1,3.7,77.0,29.0,57,0.0,10.2
Hyderabad,17.385,78.4867,2025-10-03 17:00:00,11.9,9.4,607.0,9.3,3.7,66.0,27.4,69,0.0,8.6
Hyderabad,17.385,78.4867,2025-10-03 18:00:00,14.4,12.4,699.0,12.6,4.9,58.0,26.5,75,0.0,7.6
Hyderabad,17.385,78.4867,2025-10-03 19:00:00,16.8,15.0,769.0,17.1,6.6,48.0,25.9,78,0.0,7.4
Hyderabad,17.385,78.4867,2025-10-03 20:00:00,17.1,15.5,786.0,19.7,7.7,41.0,25.4,81,0.0,7.6
Hyderabad,17.385,78.4867,2025-10-03 21:00:00,16.8,15.3,718.0,18.6,7.8,40.0,25.0,84,0.0,8.3
Hyderabad,17.385,78.4867,2025-10-03 22:00:00,15.8,14.4,597.0,15.5,7.3,42.0,24.6,83,0.0,9.0
Hyderabad,17.385,78.4867,2025-10-03 23:00:00,13.8,12.4,483.0,12.8,6.9,44.0,24.6,83,0.0,8.9
Hyderabad,17.385,78.4867,2025-10-04 00:00:00,12.0,10.8,390.0,11.0,6.7,44.0,24.4,84,0.0,8.9
Hyderabad,17.385,78.4867,2025-10-04 01:00:00,10.9,9.7,305.0,9.5,6.4,43.0,24.1,85,0.0,9.4
Hyderabad,17.385,78.4867,2025-10-04 02:00:00,10.1,9.1,248.0,8.5,6.3,41.0,24.0,86,0.0,9.2
Hyderabad,17.385,78.4867,2025-10-04 03:00:00,9.6,8.7,230.0,8.5,6.2,37.0,23.7,86,0.0,9.3
Hyderabad,17.385,78.4867,2025-10-04 04:00:00,9.2,8.4,240.0,9.0,6.2,32.0,23.7,86,0.0,10.4
Hyderabad,17.385,78.4867,2025-10-04 05:00:00,8.1,7.6,268.0,8.3,5.6,33.0,23.6,87,0.0,11.6
Hyderabad,17.385,78.4867,2025-10-04 06:00:00,9.1,8.6,329.0,8.0,5.9,39.0,23.6,88,0.0,11.1
Hyderabad,17.385,78.4867,2025-10-04 07:00:00,10.6,10.1,406.0,7.4,6.3,49.0,24.3,86,0.0,8.7
Hyderabad,17.385,78.4867,2025-10-04 08:00:00,10.2,9.7,443.0,6.6,6.4,59.0,25.6,81,0.0,10.4
Hyderabad,17.385,78.4867,2025-10-04 09:00:00,9.2,8.8,398.0,5.1,6.1,72.0,27.0,74,0.0,11.6
Hyderabad,17.385,78.4867,2025-10-04 10:00:00,9.2,8.7,312.0,3.4,5.7,86.0,28.2,70,0.0,10.7
Hyderabad,17.385,78.4867,2025-10-04 11:00:00,8.9,8.3,248.0,2.2,5.1,95.0,28.5,69,0.2,11.0
Hyderabad,17.385,78.4867,2025-10-04 12:00:00,8.8,8.0,222.0,1.7,4.3,96.0,29.3,65,0.0,10.6
Hyderabad,17.385,78.4867,2025-10-04 13:00:00,9.0,8.1,218.0,1.7,3.5,91.0,29.7,60,0.1,11.6
Hyderabad,17.385,78.4867,2025-10-04 14:00:00,9.9,8.9,246.0,2.9,3.1,86.0,27.8,70,0.5,10.1
Hyderabad,17.385,78.4867,2025-10-04 15:00:00,10.3,9.4,323.0,5.4,3.4,81.0,28.8,66,0.0,8.7
Hyderabad,17.385,78.4867,2025-10-04 16:00:00,10.7,10.0,433.0,9.1,4.2,76.0,28.1,66,0.0,10.0
Hyderabad,17.385,78.4867,2025-10-04 17:00:00,8.4,7.8,539.0,11.2,4.4,69.0,27.4,73,0.0,7.0
Hyderabad,17.385,78.4867,2025-10-04 18:00:00,11.5,11.1,646.0,16.0,6.0,59.0,26.5,78,0.0,8.2
Hyderabad,17.385,78.4867,2025-10-04 19:00:00,15.8,15.2,749.0,22.6,8.2,45.0,26.0,80,0.0,7.5
Hyderabad,17.385,78.4867,2025-10-04 20:00:00,19.1,18.4,799.0,27.5,9.9,34.0,25.6,83,0.0,6.3
Hyderabad,17.385,78.4867,2025-10-04 21:00:00,22.2,21.4,758.0,29.2,10.7,29.0,25.2,86,0.0,6.5
Hyderabad,17.385,78.4867,2025-10-04 22:00:00,23.9,23.1,662.0,29.2,11.0,27.0,24.8,87,0.0,6.0
Hyderabad,17.385,78.4867,2025-10-04 23:00:00,23.2,22.4,575.0,28.2,11.1,26.0,24.4,88,0.0,5.4
Hyderabad,17.385,78.4867,2025-10-05 00:00:00,21.7,21.0,520.0,26.1,10.9,26.0,24.2,88,0.0,5.6
Hyderabad,17.385,78.4867,2025-10-05 01:00:00,20.9,20.5,472.0,23.0,10.4,27.0,23.9,88,0.0,5.9
Hyderabad,17.385,78.4867,2025-10-05 02:00:00,20.7,20.3,421.0,19.8,9.9,29.0,23.6,89,0.0,5.9
Hyderabad,17.385,78.4867,2025-10-05 03:00:00,19.4,19.1,347.0,16.7,9.5,31.0,23.4,89,0.0,5.8
Hyderabad,17.385,78.4867,2025-10-05 04:00:00,16.8,16.5,269.0,13.6,9.1,34.0,23.1,90,0.0,7.1
Hyderabad,17.385,78.4867,2025-10-05 05:00:00,14.7,13.8,230.0,12.6,7.7,40.0,22.3,88,0.0,9.7
Hyderabad,17.385,78.4867,2025-10-05 06:00:00,13.5,12.7,267.0,11.5,8.1,46.0,22.6,90,1.0,8.9
Hyderabad,17.385,78.4867,2025-10-05 07:00:00,12.3,11.6,344.0,9.9,8.6,55.0,23.2,90,0.2,10.4
Hyderabad,17.385,78.4867,2025-10-05 08:00:00,12.7,12.0,389.0,8.2,8.7,65.0,24.2,84,0.0,12.4
Hyderabad,17.385,78.4867,2025-10-05 09:00:00,14.1,13.1,365.0,6.3,8.2,79.0,26.1,75,0.0,10.7
Hyderabad,17.385,78.4867,2025-10-05 10:00:00,14.9,13.9,310.0,4.3,7.2,95.0,26.9,73,0.1,7.5
Hyderabad,17.385,78.4867,2025-10-05 11:00:00,16.8,15.6,267.0,3.1,6.3,105.0,27.6,71,0.0,8.9
Hyderabad,17.385,78.4867,2025-10-05 12:00:00,16.5,15.3,243.0,3.0,5.4,104.0,28.7,67,0.0,8.9
Hyderabad,17.385,78.4867,2025-10-05 13:00:00,17.6,16.3,231.0,3.6,4.4,97.0,29.2,63,0.1,8.9
Hyderabad,17.385,78.4867,2025-10-05 14:00:00,19.7,18.3,253.0,5.2,3.9,89.0,29.6,60,0.0,7.6
Hyderabad,17.385,78.4867,2025-10-05 15:00:00,18.5,17.3,337.0,8.2,3.9,81.0,28.9,62,0.0,7.6
Hyderabad,17.385,78.4867,2025-10-05 16:00:00,18.2,17.3,455.0,12.2,4.3,72.0,28.2,66,0.8,7.2
Hyderabad,17.385,78.4867,2025-10-05 17:00:00,14.3,13.2,545.0,15.9,5.1,63.0,26.3,75,0.1,3.0
Hyderabad,17.385,78.4867,2025-10-05 18:00:00,23.8,22.8,568.0,23.0,8.1,51.0,25.6,82,0.0,5.0
Hyderabad,17.385,78.4867,2025-10-05 19:00:00,36.2,35.2,562.0,32.7,12.2,34.0,25.2,84,0.0,4.2
Hyderabad,17.385,78.4867,2025-10-05 20:00:00,38.2,37.1,582.0,39.7,15.1,22.0,24.8,87,0.0,4.3
Hyderabad,17.385,78.4867,2025-10-05 21:00:00,38.4,37.1,689.0,42.2,15.7,17.0,24.5,88,0.0,2.6
Hyderabad,17.385,78.4867,2025-10-05 22:00:00,40.0,38.8,821.0,42.1,15.0,15.0,24.2,90,0.0,2.7
Hyderabad,17.385,78.4867,2025-10-05 23:00:00,39.1,37.7,852.0,39.4,13.8,18.0,24.3,89,0.0,5.4
Hyderabad,17.385,78.4867,2025-10-06 00:00:00,36.8,35.3,680.0,32.9,11.9,27.0,24.2,88,0.0,5.5
Hyderabad,17.385,78.4867,2025-10-06 01:00:00,34.0,32.4,407.0,23.9,9.4,40.0,23.7,89,0.0,5.9
Hyderabad,17.385,78.4867,2025-10-06 02:00:00,20.0,19.0,209.0,16.4,7.3,50.0,23.4,90,0.0,6.6
Hyderabad,17.385,78.4867,2025-10-06 03:00:00,13.5,12.8,166.0,11.7,5.9,53.0,23.0,92,0.0,6.4
Hyderabad,17.385,78.4867,2025-10-06 04:00:00,10.9,10.4,199.0,8.5,4.9,53.0,22.3,93,0.0,12.1
Hyderabad,17.385,78.4867,2025-10-06 05:00:00,4.6,4.5,246.0,4.9,3.1,61.0,21.7,96,0.1,10.5
Hyderabad,17.385,78.4867,2025-10-06 06:00:00,6.1,6.0,301.0,5.6,3.6,61.0,21.5,95,0.2,9.3
Hyderabad,17.385,78.4867,2025-10-06 07:00:00,6.9,6.7,370.0,6.5,4.2,61.0,22.1,90,0.0,9.6
Hyderabad,17.385,78.4867,2025-10-06 08:00:00,7.6,7.4,406.0,6.8,4.6,65.0,23.0,85,0.0,10.9
Hyderabad,17.385,78.4867,2025-10-06 09:00:00,9.4,9.1,380.0,5.7,4.7,76.0,25.1,77,0.0,12.2
Hyderabad,17.385,78.4867,2025-10-06 10:00:00,11.4,10.7,322.0,4.0,4.5,90.0,26.2,72,0.0,11.6
Hyderabad,17.385,78.4867,2025-10-06 11:00:00,12.7,11.8,277.0,2.7,4.4,101.0,27.7,65,0.0,10.0
Hyderabad,17.385,78.4867,2025-10-06 12:00:00,13.3,12.4,257.0,2.0,4.3,108.0,28.8,59,0.0,8.5
Hyderabad,17.385,78.4867,2025-10-06 13:00:00,13.4,12.5,249.0,1.7,4.1,111.0,29.0,57,0.0,9.1
Hyderabad,17.385,78.4867,2025-10-06 14:00:00,13.4,12.5,266.0,2.6,4.2,111.0,28.9,58,0.0,7.8
Hyderabad,17.385,78.4867,2025-10-06 15:00:00,13.7,12.7,318.0,5.2,4.4,106.0,29.6,55,0.0,5.7
Hyderabad,17.385,78.4867,2025-10-06 16:00:00,13.6,12.7,395.0,9.0,4.9,98.0,27.2,67,0.1,10.8
Hyderabad,17.385,78.4867,2025-10-06 17:00:00,8.4,8.3,470.0,12.5,5.1,75.0,26.2,74,0.0,7.4
Hyderabad,17.385,78.4867,2025-10-06 18:00:00,12.9,12.9,549.0,14.7,5.6,68.0,24.1,85,3.2,6.7
Hyderabad,17.385,78.4867,2025-10-06 19:00:00,14.5,14.5,628.0,17.6,6.4,59.0,23.0,93,4.8,4.8
Hyderabad,17.385,78.4867,2025-10-06 20:00:00,13.9,13.8,667.0,19.5,7.0,53.0,22.9,94,1.8,3.5
Hyderabad,17.385,78.4867,2025-10-06 21:00:00,15.0,15.0,642.0,19.5,7.4,52.0,22.8,96,0.0,4.8
Hyderabad,17.385,78.4867,2025-10-06 22:00:00,14.8,14.8,577.0,18.3,7.6,54.0,22.4,97,0.0,5.5
Hyderabad,17.385,78.4867,2025-10-06 23:00:00,12.7,12.7,507.0,16.8,7.7,55.0,21.6,93,0.0,3.4
Hyderabad,17.385,78.4867,2025-10-07 00:00:00,11.0,10.9,435.0,14.7,7.6,56.0,22.2,90,0.0,6.3
Hyderabad,17.385,78.4867,2025-10-07 01:00:00,11.0,10.8,357.0,12.2,7.4,56.0,22.1,91,0.0,6.5
Hyderabad,17.385,78.4867,2025-10-07 02:00:00,11.4,11.1,301.0,10.4,7.5,56.0,22.0,93,0.0,9.5
Hyderabad,17.385,78.4867,2025-10-07 03:00:00,12.3,11.7,267.0,10.0,8.1,54.0,21.8,94,0.0,7.1
Hyderabad,17.385,78.4867,2025-10-07 04:00:00,13.6,12.5,253.0,10.3,8.9,51.0,21.9,93,0.0,6.0
Hyderabad,17.385,78.4867,2025-10-07 05:00:00,10.5,9.7,286.0,7.6,8.1,58.0,21.9,93,0.0,5.2
Hyderabad,17.385,78.4867,2025-10-07 06:00:00,14.3,12.7,418.0,8.7,9.2,60.0,22.0,93,0.0,2.9
Hyderabad,17.385,78.4867,2025-10-07 07:00:00,18.3,15.9,597.0,10.1,10.8,63.0,22.9,89,0.0,3.2
Hyderabad,17.385,78.4867,2025-10-07 08:00:00,21.9,16.8,684.0,10.4,11.6,70.0,24.8,81,0.0,4.7
Hyderabad,17.385,78.4867,2025-10-07 09:00:00,28.6,19.1,588.0,8.2,11.1,85.0,26.8,72,0.0,5.9
Hyderabad,17.385,78.4867,2025-10-07 10:00:00,32.4,21.2,401.0,4.9,9.8,104.0,28.2,66,0.1,6.6
Hyderabad,17.385,78.4867,2025-10-07 11:00:00,31.3,21.1,262.0,2.7,8.7,116.0,28.2,67,0.1,6.8
Hyderabad,17.385,78.4867,2025-10-07 12:00:00,27.8,19.7,217.0,2.4,8.0,118.0,25.8,73,1.6,9.1
Hyderabad,17.385,78.4867,2025-10-07 13:00:00,29.5,22.2,219.0,3.3,7.4,113.0,26.6,71,0.3,5.0
Hyderabad,17.385,78.4867,2025-10-07 14:00:00,29.0,22.9,269.0,5.3,7.2,106.0,28.3,63,0.0,4.1
Hyderabad,17.385,78.4867,2025-10-07 15:00:00,28.9,23.3,360.0,8.5,7.3,98.0,28.5,64,0.0,4.0
Hyderabad,17.385,78.4867,2025-10-07 16:00:00,29.1,24.0,498.0,12.9,7.6,88.0,26.6,74,1.3,8.0
Hyderabad,17.385,78.4867,2025-10-07 17:00:00,25.5,22.1,702.0,17.4,6.6,72.0,25.6,80,0.0,5.4
Hyderabad,17.385,78.4867,2025-10-07 18:00:00,28.0,24.7,1034.0,20.6,7.7,64.0,25.2,81,0.0,2.6
Hyderabad,17.385,78.4867,2025-10-07 19:00:00,30.2,27.1,1432.0,24.9,9.2,52.0,25.1,81,0.0,2.7
Hyderabad,17.385,78.4867,2025-10-07 20:00:00,29.3,26.7,1733.0,27.3,10.1,44.0,24.7,84,0.0,4.2
Hyderabad,17.385,78.4867,2025-10-07 21:00:00,29.5,26.5,1898.0,26.3,10.0,42.0,24.4,86,0.0,3.6
Hyderabad,17.385,78.4867,2025-10-07 22:00:00,29.9,26.7,1967.0,23.4,9.4,42.0,23.9,90,0.0,4.5
Hyderabad,17.385,78.4867,2025-10-07 23:00:00,30.7,27.5,1893.0,20.5,8.8,44.0,23.9,94,0.0,3.9
Hyderabad,17.385,78.4867,2025-10-08 00:00:00,30.7,27.4,1583.0,18.1,8.5,46.0,24.2,91,0.0,3.9
Hyderabad,17.385,78.4867,2025-10-08 01:00:00,29.7,26.1,1131.0,15.6,8.2,50.0,23.9,91,0.0,3.3
Hyderabad,17.385,78.4867,2025-10-08 02:00:00,28.1,24.4,776.0,13.6,8.0,53.0,23.5,92,0.0,5.0
Hyderabad,17.385,78.4867,2025-10-08 03:00:00,26.8,23.0,605.0,12.1,7.9,56.0,23.2,93,0.0,4.8
Hyderabad,17.385,78.4867,2025-10-08 04:00:00,26.1,22.2,531.0,11.0,7.9,58.0,23.0,94,0.0,3.5
Hyderabad,17.385,78.4867,2025-10-08 05:00:00,42.8,37.8,533.0,27.5,16.0,29.0,22.7,90,0.0,3.8
Hyderabad,17.385,78.4867,2025-10-08 06:00:00,44.4,39.2,669.0,23.8,16.4,42.0,23.2,88,0.0,5.7
Hyderabad,17.385,78.4867,2025-10-08 07:00:00,43.1,39.0,881.0,18.6,16.8,60.0,24.2,87,0.0,2.8
Hyderabad,17.385,78.4867,2025-10-08 08:00:00,36.8,31.8,970.0,13.7,16.3,78.0,26.2,77,0.0,3.4
Hyderabad,17.385,78.4867,2025-10-08 09:00:00,33.9,28.8,803.0,9.4,14.2,95.0,27.7,64,0.0,5.2
Hyderabad,17.385,78.4867,2025-10-08 10:00:00,31.4,26.6,514.0,5.4,11.3,113.0,28.6,59,0.0,4.1
Hyderabad,17.385,78.4867,2025-10-08 11:00:00,29.5,24.9,301.0,2.7,8.9,125.0,29.3,55,0.0,3.3
Hyderabad,17.385,78.4867,2025-10-08 12:00:00,29.2,24.7,252.0,1.5,7.5,131.0,29.8,53,0.0,3.1
Hyderabad,17.385,78.4867,2025-10-08 13:00:00,31.3,26.7,280.0,1.5,6.7,132.0,30.3,50,0.0,2.4
Hyderabad,17.385,78.4867,2025-10-08 14:00:00,37.3,32.1,326.0,3.0,6.3,129.0,30.4,48,0.1,3.1
Hyderabad,17.385,78.4867,2025-10-08 15:00:00,37.0,32.2,365.0,6.0,6.2,122.0,30.3,49,0.1,4.1
Hyderabad,17.385,78.4867,2025-10-08 16:00:00,33.1,29.4,422.0,10.4,6.6,110.0,29.7,50,0.1,6.1
Hyderabad,17.385,78.4867,2025-10-08 17:00:00,29.3,26.1,518.0,14.1,8.2,110.0,27.7,65,0.0,3.4
Hyderabad,17.385,78.4867,2025-10-08 18:00:00,33.4,30.6,681.0,20.7,10.8,93.0,25.1,78,0.2,9.5
Hyderabad,17.385,78.4867,2025-10-08 19:00:00,39.0,36.2,882.0,29.8,14.4,69.0,24.4,80,0.2,7.0
Hyderabad,17.385,78.4867,2025-10-08 20:00:00,45.2,42.4,1054.0,35.7,16.7,51.0,24.2,82,0.0,4.9
Hyderabad,17.385,78.4867,2025-10-08 21:00:00,50.3,47.6,1194.0,35.1,16.1,46.0,24.2,84,0.0,2.7
Hyderabad,17.385,78.4867,2025-10-08 22:00:00,38.9,36.9,1306.0,31.3,14.2,48.0,24.0,86,0.0,1.9
Hyderabad,17.385,78.4867,2025-10-08 23:00:00,36.7,34.6,1330.0,29.0,13.2,49.0,22.9,90,0.0,3.8
Hyderabad,17.385,78.4867,2025-10-09 00:00:00,39.7,37.5,1209.0,30.6,14.2,46.0,22.8,94,0.1,5.0
Hyderabad,17.385,78.4867,2025-10-09 01:00:00,42.4,40.0,1000.0,33.5,16.0,41.0,22.5,95,0.0,0.4
Hyderabad,17.385,78.4867,2025-10-09 02:00:00,46.0,43.7,822.0,34.9,17.3,37.0,22.3,95,0.0,0.9
Hyderabad,17.385,78.4867,2025-10-09 03:00:00,46.9,44.7,710.0,33.3,17.3,33.0,22.0,96,0.0,2.2
Hyderabad,17.385,78.4867,2025-10-09 04:00:00,43.9,41.8,629.0,30.1,16.8,29.0,22.0,96,0.0,3.2
Hyderabad,17.385,78.4867,2025-10-09 05:00:00,43.4,40.7,590.0,25.0,15.9,36.0,23.3,89,0.0,8.2
Hyderabad,17.385,78.4867,2025-10-09 06:00:00,43.7,41.1,631.0,21.9,17.0,44.0,23.4,86,0.1,5.9
Hyderabad,17.385,78.4867,2025-10-09 07:00:00,39.6,37.6,714.0,17.5,18.5,57.0,24.2,85,0.0,3.1
Hyderabad,17.385,78.4867,2025-10-09 08:00:00,32.0,28.5,733.0,13.3,19.4,73.0,25.8,78,0.0,3.0
Hyderabad,17.385,78.4867,2025-10-09 09:00:00,35.0,28.1,614.0,9.6,19.2,96.0,27.1,70,0.0,4.4
Hyderabad,17.385,78.4867,2025-10-09 10:00:00,40.4,29.0,431.0,6.1,18.3,122.0,27.7,66,0.2,5.8
Hyderabad,17.385,78.4867,2025-10-09 11:00:00,43.3,30.3,295.0,3.7,17.0,141.0,28.0,67,0.1,5.3
Hyderabad,17.385,78.4867,2025-10-09 12:00:00,43.0,30.3,256.0,2.4,14.9,149.0,28.6,64,0.2,5.4
Hyderabad,17.385,78.4867,2025-10-09 13:00:00,42.0,29.5,265.0,2.1,12.2,149.0,28.8,61,0.3,6.3
Hyderabad,17.385,78.4867,2025-10-09 14:00:00,43.3,30.4,286.0,3.2,10.3,145.0,29.2,61,0.0,5.5
Hyderabad,17.385,78.4867,2025-10-09 15:00:00,50.5,35.9,302.0,5.8,9.3,135.0,29.2,59,0.0,7.2
Hyderabad,17.385,78.4867,2025-10-09 16:00:00,52.3,37.4,330.0,9.8,8.9,121.0,28.6,61,0.1,8.4
Hyderabad,17.385,78.4867,2025-10-09 17:00:00,53.0,39.8,382.0,18.8,10.4,94.0,28.6,58,0.0,6.7
Hyderabad,17.385,78.4867,2025-10-09 18:00:00,56.1,43.4,481.0,23.9,12.0,82.0,27.7,64,0.0,6.3
Hyderabad,17.385,78.4867,2025-10-09 19:00:00,59.8,47.3,603.0,30.9,14.3,67.0,26.7,69,0.0,7.9
Hyderabad,17.385,78.4867,2025-10-09 20:00:00,60.8,48.2,689.0,35.7,16.2,54.0,25.9,72,0.0,7.8
Hyderabad,17.385,78.4867,2025-10-09 21:00:00,60.8,48.0,716.0,36.5,17.3,48.0,25.5,74,0.0,6.6
Hyderabad,17.385,78.4867,2025-10-09 22:00:00,63.1,50.3,706.0,35.3,17.9,46.0,25.1,76,0.0,5.2
Hyderabad,17.385,78.4867,2025-10-09 23:00:00,63.8,51.0,667.0,33.5,18.4,45.0,24.9,75,0.0,4.8
Hyderabad,17.385,78.4867,2025-10-10 00:00:00,63.6,50.4,580.0,31.6,18.7,44.0,24.8,74,0.0,6.1
Hyderabad,17.385,78.4867,2025-10-10 01:00:00,65.4,51.1,464.0,29.3,18.7,45.0,24.3,75,0.0,5.2
Hyderabad,17.385,78.4867,2025-10-10 02:00:00,67.8,52.2,381.0,26.9,18.6,45.0,23.9,75,0.0,5.6
Hyderabad,17.385,78.4867,2025-10-10 03:00:00,68.7,52.0,351.0,24.5,18.2,43.0,23.3,77,0.0,6.8
Hyderabad,17.385,78.4867,2025-10-10 04:00:00,67.8,49.7,353.0,22.2,17.6,41.0,22.8,78,0.0,6.7
Hyderabad,17.385,78.4867,2025-10-10 05:00:00,66.6,46.9,390.0,19.6,16.8,43.0,22.8,76,0.0,5.4
Hyderabad,17.385,78.4867,2025-10-10 06:00:00,65.4,45.1,502.0,18.7,17.3,53.0,23.3,74,0.0,6.0
Hyderabad,17.385,78.4867,2025-10-10 07:00:00,60.1,43.5,649.0,17.3,17.9,68.0,23.8,75,0.0,4.8
Hyderabad,17.385,78.4867,2025-10-10 08:00:00,60.3,38.2,712.0,15.0,17.6,86.0,25.4,68,0.0,4.5
Hyderabad,17.385,78.4867,2025-10-10 09:00:00,63.3,37.8,608.0,11.1,15.7,109.0,27.4,55,0.0,4.7
Hyderabad,17.385,78.4867,2025-10-10 10:00:00,62.6,36.0,419.0,6.3,12.8,135.0,28.7,47,0.0,5.2
Hyderabad,17.385,78.4867,2025-10-10 11:00:00,58.3,33.9,278.0,2.8,10.5,153.0,29.4,45,0.0,6.2
Hyderabad,17.385,78.4867,2025-10-10 12:00:00,53.1,31.8,240.0,1.3,9.1,159.0,30.2,42,0.0,5.6
Hyderabad,17.385,78.4867,2025-10-10 13:00:00,48.8,30.3,250.0,1.1,8.2,158.0,30.6,41,0.0,6.7
Hyderabad,17.385,78.4867,2025-10-10 14:00:00,45.4,29.2,269.0,2.6,7.7,151.0,30.7,40,0.0,7.9
Hyderabad,17.385,78.4867,2025-10-10 15:00:00,43.3,28.6,280.0,6.5,7.6,139.0,30.5,40,0.0,8.9
Hyderabad,17.385,78.4867,2025-10-10 16:00:00,41.9,28.7,300.0,12.2,7.9,122.0,29.9,42,0.0,9.7
Hyderabad,17.385,78.4867,2025-10-10 17:00:00,38.0,29.3,343.0,18.7,8.7,97.0,29.1,47,0.0,8.1
Hyderabad,17.385,78.4867,2025-10-10 18:00:00,42.6,34.1,430.0,25.3,10.8,82.0,27.9,53,0.0,7.6
Hyderabad,17.385,78.4867,2025-10-10 19:00:00,45.4,37.0,540.0,34.3,13.7,61.0,26.9,57,0.0,7.8
Hyderabad,17.385,78.4867,2025-10-10 20:00:00,47.5,39.1,618.0,39.6,15.7,46.0,25.5,60,0.0,7.1
Hyderabad,17.385,78.4867,2025-10-10 21:00:00,46.8,38.8,647.0,38.1,16.0,42.0,24.4,64,0.0,6.7
Hyderabad,17.385,78.4867,2025-10-10 22:00:00,44.7,36.7,645.0,33.0,15.4,43.0,24.0,66,0.0,6.0
Hyderabad,17.385,78.4867,2025-10-10 23:00:00,42.6,34.1,607.0,27.7,14.6,46.0,23.3,72,0.0,4.4
Hyderabad,17.385,78.4867,2025-10-11 00:00:00,41.7,32.2,506.0,23.0,13.8,49.0,23.5,72,0.0,5.7
Hyderabad,17.385,78.4867,2025-10-11 01:00:00,41.9,31.3,371.0,18.2,12.9,53.0,23.0,72,0.0,6.1
Hyderabad,17.385,78.4867,2025-10-11 02:00:00,41.8,30.6,281.0,14.4,12.2,57.0,22.5,72,0.0,4.4
Hyderabad,17.385,78.4867,2025-10-11 03:00:00,42.0,30.3,270.0,12.2,11.9,58.0,22.0,72,0.0,4.9
Hyderabad,17.385,78.4867,2025-10-11 04:00:00,43.4,30.6,305.0,11.1,11.9,59.0,21.8,70,0.0,6.6
Hyderabad,17.385,78.4867,2025-10-11 05:00:00,44.0,30.7,365.0,9.8,11.6,65.0,22.0,71,0.0,7.5
Hyderabad,17.385,78.4867,2025-10-11 06:00:00,46.9,33.6,481.0,11.6,13.2,71.0,22.0,71,0.0,7.6
Hyderabad,17.385,78.4867,2025-10-11 07:00:00,48.9,37.5,622.0,14.0,15.2,80.0,22.9,70,0.0,5.6
Hyderabad,17.385,78.4867,2025-10-11 08:00:00,53.4,39.0,682.0,14.5,16.2,93.0,24.6,67,0.0,5.2
Hyderabad,17.385,78.4867,2025-10-11 09:00:00,59.5,41.4,581.0,11.4,15.1,114.0,26.7,58,0.0,6.8
Hyderabad,17.385,78.4867,2025-10-11 10:00:00,58.9,40.3,399.0,6.5,13.0,140.0,28.4,48,0.0,8.6
Hyderabad,17.385,78.4867,2025-10-11 11:00:00,53.7,37.6,262.0,2.9,11.1,157.0,29.6,46,0.0,10.1
Hyderabad,17.385,78.4867,2025-10-11 12:00:00,49.6,35.9,226.0,1.6,9.9,161.0,30.3,44,0.0,11.0
Hyderabad,17.385,78.4867,2025-10-11 13:00:00,46.6,34.5,235.0,1.5,9.0,158.0,30.8,41,0.0,10.9
Hyderabad,17.385,78.4867,2025-10-11 14:00:00,44.5,33.5,254.0,2.8,8.5,150.0,30.8,40,0.0,11.8
Hyderabad,17.385,78.4867,2025-10-11 15:00:00,43.3,33.2,266.0,5.8,8.3,138.0,30.6,40,0.0,12.3
Hyderabad,17.385,78.4867,2025-10-11 16:00:00,42.1,33.4,288.0,10.3,8.6,121.0,29.8,43,0.0,12.9
Hyderabad,17.385,78.4867,2025-10-11 17:00:00,39.2,33.3,326.0,14.7,9.3,101.0,28.8,44,0.0,10.5
Hyderabad,17.385,78.4867,2025-10-11 18:00:00,41.6,36.6,402.0,19.3,11.1,89.0,28.0,48,0.0,7.8
Hyderabad,17.385,78.4867,2025-10-11 19:00:00,42.7,38.1,495.0,25.6,13.7,73.0,27.0,52,0.0,8.1
Hyderabad,17.385,78.4867,2025-10-11 20:00:00,42.7,38.4,552.0,29.9,15.5,60.0,26.3,54,0.0,7.6
Hyderabad,17.385,78.4867,2025-10-11 21:00:00,43.2,38.8,547.0,30.7,16.1,54.0,25.6,57,0.0,6.7
Hyderabad,17.385,78.4867,2025-10-11 22:00:00,43.7,39.0,507.0,29.6,16.0,51.0,25.0,60,0.0,6.6
Hyderabad,17.385,78.4867,2025-10-11 23:00:00,42.8,38.1,460.0,27.4,15.6,50.0,24.2,66,0.0,5.6
Hyderabad,17.385,78.4867,2025-10-12 00:00:00,41.3,36.4,404.0,23.8,14.7,52.0,24.1,65,0.0,6.8
Hyderabad,17.385,78.4867,2025-10-12 01:00:00,39.7,34.8,342.0,19.1,13.4,56.0,23.8,64,0.0,6.8
Hyderabad,17.385,78.4867,2025-10-12 02:00:00,38.8,33.9,309.0,15.4,12.7,60.0,23.2,65,0.0,6.6
Hyderabad,17.385,78.4867,2025-10-12 03:00:00,39.2,34.1,325.0,13.4,13.0,62.0,22.7,68,0.0,6.2
Hyderabad,17.385,78.4867,2025-10-12 04:00:00,41.1,35.6,370.0,12.3,13.8,63.0,22.3,71,0.0,5.9
Hyderabad,17.385,78.4867,2025-10-12 05:00:00,49.1,43.1,417.0,13.3,16.1,65.0,22.5,75,0.0,7.5
Hyderabad,17.385,78.4867,2025-10-12 06:00:00,56.2,49.7,472.0,13.7,19.0,74.0,22.6,76,0.0,7.1
Hyderabad,17.385,78.4867,2025-10-12 07:00:00,58.0,52.9,528.0,14.1,22.9,87.0,23.5,74,0.0,4.8
Hyderabad,17.385,78.4867,2025-10-12 08:00:00,63.8,57.3,542.0,13.3,24.4,102.0,25.4,68,0.0,6.9
Hyderabad,17.385,78.4867,2025-10-12 09:00:00,61.7,54.6,475.0,10.1,21.3,120.0,27.3,55,0.0,9.1
Hyderabad,17.385,78.4867,2025-10-12 10:00:00,55.4,48.3,365.0,5.7,15.9,139.0,28.7,48,0.0,9.4
Hyderabad,17.385,78.4867,2025-10-12 11:00:00,49.7,43.5,285.0,2.6,11.4,152.0,29.8,45,0.0,8.7
Hyderabad,17.385,78.4867,2025-10-12 12:00:00,46.1,40.7,266.0,1.2,9.1,157.0,30.8,41,0.0,8.4
Hyderabad,17.385,78.4867,2025-10-12 13:00:00,43.1,38.5,276.0,0.9,7.7,155.0,31.3,40,0.0,8.3
Hyderabad,17.385,78.4867,2025-10-12 14:00:00,41.6,37.6,295.0,2.9,7.0,149.0,31.4,40,0.0,8.7
Hyderabad,17.385,78.4867,2025-10-12 15:00:00,40.7,37.1,317.0,8.1,6.9,136.0,31.1,41,0.0,8.4
Hyderabad,17.385,78.4867,2025-10-12 16:00:00,41.0,37.7,348.0,15.5,7.4,117.0,30.7,42,0.0,8.8
Hyderabad,17.385,78.4867,2025-10-12 17:00:00,40.4,39.2,385.0,21.7,7.9,98.0,30.0,44,0.0,8.4
Hyderabad,17.385,78.4867,2025-10-12 18:00:00,48.5,47.1,435.0,26.8,9.5,85.0,29.3,46,0.0,8.1
Hyderabad,17.385,78.4867,2025-10-12 19:00:00,51.7,50.4,490.0,33.9,11.8,67.0,28.4,53,0.0,8.1
Hyderabad,17.385,78.4867,2025-10-12 20:00:00,53.4,52.2,524.0,39.2,13.8,53.0,27.6,57,0.0,8.4
Hyderabad,17.385,78.4867,2025-10-12 21:00:00,56.3,54.9,523.0,41.6,15.4,47.0,26.9,59,0.0,8.3
Hyderabad,17.385,78.4867,2025-10-12 22:00:00,59.3,57.7,501.0,42.1,16.8,46.0,26.4,60,0.0,7.3
Hyderabad,17.385,78.4867,2025-10-12 23:00:00,63.3,61.7,470.0,40.2,17.5,47.0,25.5,65,0.0,5.2
Hyderabad,17.385,78.4867,2025-10-13 00:00:00,63.6,61.9,424.0,34.1,17.0,52.0,25.4,66,0.0,1.8
Hyderabad,17.385,78.4867,2025-10-13 01:00:00,58.7,57.2,371.0,25.6,15.8,60.0,24.9,68,0.0,0.6
Hyderabad,17.385,78.4867,2025-10-13 02:00:00,55.5,54.0,343.0,18.9,15.0,65.0,24.5,69,0.0,2.1
Hyderabad,17.385,78.4867,2025-10-13 03:00:00,55.1,53.6,355.0,16.0,14.9,64.0,24.1,71,0.0,2.8
Hyderabad,17.385,78.4867,2025-10-13 04:00:00,55.1,53.6,393.0,15.1,15.2,60.0,23.7,73,0.0,4.4
Hyderabad,17.385,78.4867,2025-10-13 05:00:00,57.3,55.4,448.0,16.0,18.8,59.0,23.7,75,0.0,5.2
Hyderabad,17.385,78.4867,2025-10-13 06:00:00,59.0,57.3,542.0,17.1,20.5,63.0,23.8,75,0.0,3.9
Hyderabad,17.385,78.4867,2025-10-13 07:00:00,58.9,56.7,652.0,18.4,22.7,70.0,24.1,74,0.0,4.1
Hyderabad,17.385,78.4867,2025-10-13 08:00:00,59.1,55.9,706.0,18.2,23.5,80.0,24.5,73,0.0,5.6
Hyderabad,17.385,78.4867,2025-10-13 09:00:00,61.0,57.3,652.0,14.9,21.9,97.0,24.6,74,0.0,6.6
Hyderabad,17.385,78.4867,2025-10-13 10:00:00,56.9,53.4,541.0,10.1,19.0,117.0,25.2,72,0.0,8.4
Hyderabad,17.385,78.4867,2025-10-13 11:00:00,53.1,49.9,452.0,6.3,16.1,132.0,26.2,71,0.0,7.2
Hyderabad,17.385,78.4867,2025-10-13 12:00:00,48.7,46.0,412.0,4.3,13.5,140.0,26.8,66,0.0,9.8
Hyderabad,17.385,78.4867,2025-10-13 13:00:00,44.5,42.1,393.0,3.3,11.0,142.0,27.3,61,0.0,9.3
Hyderabad,17.385,78.4867,2025-10-13 14:00:00,43.0,40.9,391.0,3.8,9.3,141.0,27.8,58,0.0,9.5
Hyderabad,17.385,78.4867,2025-10-13 15:00:00,41.9,40.0,411.0,6.3,8.9,134.0,28.1,56,0.0,10.4
Hyderabad,17.385,78.4867,2025-10-13 16:00:00,42.6,41.1,447.0,10.3,9.3,123.0,28.1,57,0.0,9.2
Hyderabad,17.385,78.4867,2025-10-13 17:00:00,53.3,52.3,481.0,18.3,11.4,101.0,27.7,60,0.2,9.8
Hyderabad,17.385,78.4867,2025-10-13 18:00:00,56.8,55.9,507.0,20.8,12.9,92.0,26.9,66,0.0,8.5
Hyderabad,17.385,78.4867,2025-10-13 19:00:00,56.2,55.5,530.0,24.1,14.9,79.0,26.1,72,0.0,8.2
Hyderabad,17.385,78.4867,2025-10-13 20:00:00,54.2,53.7,544.0,26.1,16.4,69.0,25.3,77,0.0,7.3
Hyderabad,17.385,78.4867,2025-10-13 21:00:00,51.6,51.1,548.0,25.7,17.0,63.0,24.7,80,0.0,6.8
Hyderabad,17.385,78.4867,2025-10-13 22:00:00,49.8,49.4,543.0,24.0,17.1,59.0,24.4,82,0.0,5.3
Hyderabad,17.385,78.4867,2025-10-13 23:00:00,48.3,48.0,529.0,21.7,16.9,57.0,24.1,85,0.0,5.3
Hyderabad,17.385,78.4867,2025-10-14 00:00:00,44.9,44.6,502.0,18.6,16.4,56.0,23.9,86,0.0,5.4
Hyderabad,17.385,78.4867,2025-10-14 01:00:00,43.2,43.0,466.0,14.9,15.5,56.0,23.5,89,0.0,6.1
Hyderabad,17.385,78.4867,2025-10-14 02:00:00,41.9,41.6,438.0,12.0,14.9,56.0,23.2,91,0.0,6.3
Hyderabad,17.385,78.4867,2025-10-14 03:00:00,39.7,39.3,421.0,10.4,14.7,54.0,22.9,93,0.0,5.9
Hyderabad,17.385,78.4867,2025-10-14 04:00:00,39.1,38.8,411.0,9.6,14.6,53.0,22.5,95,0.0,4.7
Hyderabad,17.385,78.4867,2025-10-14 05:00:00,44.2,43.9,412.0,11.6,15.0,48.0,22.5,95,0.0,5.4
Hyderabad,17.385,78.4867,2025-10-14 06:00:00,38.4,38.2,439.0,11.2,14.2,59.0,22.9,93,0.0,6.4
Hyderabad,17.385,78.4867,2025-10-14 07:00:00,31.4,31.2,477.0,10.5,13.0,75.0,23.5,90,0.0,8.4
Hyderabad,17.385,78.4867,2025-10-14 08:00:00,29.5,29.1,489.0,9.3,11.7,90.0,24.5,82,0.1,10.3
Hyderabad,17.385,78.4867,2025-10-14 09:00:00,30.2,29.7,449.0,7.2,10.1,104.0,25.8,75,0.1,10.5
Hyderabad,17.385,78.4867,2025-10-14 10:00:00,27.1,26.8,383.0,4.6,8.3,117.0,27.0,68,0.1,11.2
Hyderabad,17.385,78.4867,2025-10-14 11:00:00,24.0,23.7,333.0,2.8,6.9,126.0,27.9,64,0.1,12.2
Hyderabad,17.385,78.4867,2025-10-14 12:00:00,21.5,21.2,313.0,2.0,6.3,129.0,28.5,65,0.1,11.8
Hyderabad,17.385,78.4867,2025-10-14 13:00:00,19.6,19.4,308.0,1.8,6.1,128.0,28.9,63,0.1,10.0
Hyderabad,17.385,78.4867,2025-10-14 14:00:00,18.6,18.4,321.0,2.8,6.1,123.0,26.8,72,0.8,10.7
Hyderabad,17.385,78.4867,2025-10-14 15:00:00,17.5,17.3,364.0,5.3,6.0,112.0,27.9,68,0.0,10.4
Hyderabad,17.385,78.4867,2025-10-14 16:00:00,17.8,17.6,423.0,8.9,6.0,98.0,26.3,74,0.2,12.5
Hyderabad,17.385,78.4867,2025-10-14 17:00:00,21.1,20.9,463.0,12.9,6.6,81.0,26.3,75,0.5,8.1
Hyderabad,17.385,78.4867,2025-10-14 18:00:00,23.6,23.4,464.0,14.6,7.6,75.0,25.5,80,0.0,8.5
Hyderabad,17.385,78.4867,2025-10-14 19:00:00,24.2,24.0,446.0,16.8,9.0,66.0,24.8,84,0.0,6.9
Hyderabad,17.385,78.4867,2025-10-14 20:00:00,23.4,23.2,427.0,17.9,9.8,59.0,24.3,89,0.0,6.8
Hyderabad,17.385,78.4867,2025-10-14 21:00:00,22.6,22.4,416.0,16.9,9.6,56.0,23.9,91,0.0,7.0
Hyderabad,17.385,78.4867,2025-10-14 22:00:00,22.3,22.1,405.0,14.7,8.8,55.0,23.4,94,0.0,6.0
Hyderabad,17.385,78.4867,2025-10-14 23:00:00,22.2,22.0,385.0,12.6,7.9,54.0,22.6,97,0.0,6.2
Hyderabad,17.385,78.4867,2025-10-15 00:00:00,22.8,22.6,346.0,10.8,7.1,53.0,22.7,96,0.0,7.2
Hyderabad,17.385,78.4867,2025-10-15 01:00:00,22.3,22.1,299.0,8.9,6.3,52.0,22.7,96,0.0,7.1
Hyderabad,17.385,78.4867,2025-10-15 02:00:00,22.6,22.4,265.0,7.3,5.5,52.0,22.7,96,0.0,6.0
Hyderabad,17.385,78.4867,2025-10-15 03:00:00,22.4,22.2,253.0,5.7,4.6,55.0,22.6,96,0.0,7.1
Hyderabad,17.385,78.4867,2025-10-15 04:00:00,18.4,18.1,255.0,4.3,3.7,60.0,22.4,97,0.0,7.6
Hyderabad,17.385,78.4867,2025-10-15 05:00:00,20.2,19.8,263.0,4.6,4.1,59.0,22.3,98,0.0,10.1
Hyderabad,17.385,78.4867,2025-10-15 06:00:00,20.2,19.8,283.0,5.5,4.7,58.0,22.3,97,0.0,9.0
Hyderabad,17.385,78.4867,2025-10-15 07:00:00,20.0,19.6,309.0,6.6,5.5,57.0,23.0,92,0.0,11.5
Hyderabad,17.385,78.4867,2025-10-15 08:00:00,17.8,17.3,325.0,6.9,6.1,60.0,24.7,80,0.0,11.9
Hyderabad,17.385,78.4867,2025-10-15 09:00:00,15.7,15.1,319.0,5.7,6.4,72.0,26.1,70,0.0,10.3
Hyderabad,17.385,78.4867,2025-10-15 10:00:00,16.6,15.9,302.0,3.7,6.4,88.0,27.6,61,0.0,12.1
Hyderabad,17.385,78.4867,2025-10-15 11:00:00,18.2,17.3,289.0,2.2,6.5,101.0,29.0,54,0.0,11.4
Hyderabad,17.385,78.4867,2025-10-15 12:00:00,19.2,18.2,284.0,1.6,6.5,109.0,29.5,51,0.0,11.1
Hyderabad,17.385,78.4867,2025-10-15 13:00:00,20.3,19.3,283.0,1.5,6.5,114.0,29.6,50,0.2,11.2
Hyderabad,17.385,78.4867,2025-10-15 14:00:00,21.6,20.5,286.0,2.4,6.6,115.0,29.7,52,0.3,10.0
Hyderabad,17.385,78.4867,2025-10-15 15:00:00,22.5,21.5,293.0,4.7,6.9,111.0,29.4,54,0.1,11.1
Hyderabad,17.385,78.4867,2025-10-15 16:00:00,23.4,22.5,303.0,8.0,7.3,104.0,28.6,56,0.1,13.0
Hyderabad,17.385,78.4867,2025-10-15 17:00:00,22.9,22.5,318.0,11.6,8.2,96.0,28.2,59,0.0,10.9
Hyderabad,17.385,78.4867,2025-10-15 18:00:00,27.6,27.1,335.0,17.6,10.0,84.0,27.3,65,0.0,9.6
Hyderabad,17.385,78.4867,2025-10-15 19:00:00,31.3,30.7,357.0,25.7,12.3,67.0,26.5,70,0.0,8.1
Hyderabad,17.385,78.4867,2025-10-15 20:00:00,33.8,33.2,387.0,30.8,14.0,55.0,25.8,75,0.0,7.2
Hyderabad,17.385,78.4867,2025-10-15 21:00:00,34.2,33.6,441.0,30.1,14.2,53.0,25.2,78,0.0,6.5
Hyderabad,17.385,78.4867,2025-10-15 22:00:00,32.7,32.1,504.0,26.5,13.6,56.0,24.7,80,0.0,5.9
Hyderabad,17.385,78.4867,2025-10-15 23:00:00,31.3,30.9,538.0,23.1,13.1,58.0,24.5,83,0.0,5.4
Hyderabad,17.385,78.4867,2025-10-16 00:00:00,31.9,31.4,511.0,21.1,13.0,58.0,24.2,85,0.0,5.0
Hyderabad,17.385,78.4867,2025-10-16 01:00:00,33.4,32.9,455.0,19.3,13.1,58.0,23.9,86,0.0,4.4
Hyderabad,17.385,78.4867,2025-10-16 02:00:00,34.8,34.2,421.0,17.9,13.3,58.0,23.6,88,0.0,4.5
Hyderabad,17.385,78.4867,2025-10-16 03:00:00,34.8,34.2,435.0,17.2,13.8,56.0,23.3,90,0.0,4.7
Hyderabad,17.385,78.4867,2025-10-16 04:00:00,34.6,34.0,470.0,16.8,14.4,55.0,22.9,91,0.0,5.6
Hyderabad,17.385,78.4867,2025-10-16 05:00:00,38.3,37.5,503.0,8.6,13.3,89.0,22.6,93,0.0,4.7
Hyderabad,17.385,78.4867,2025-10-16 06:00:00,39.9,39.0,534.0,8.7,14.2,96.0,23.0,90,0.0,5.2
Hyderabad,17.385,78.4867,2025-10-16 07:00:00,40.6,39.2,562.0,8.7,15.5,106.0,24.0,82,0.0,5.5
Hyderabad,17.385,78.4867,2025-10-16 08:00:00,40.2,38.3,559.0,8.1,15.8,115.0,25.8,69,0.0,8.1
Hyderabad,17.385,78.4867,2025-10-16 09:00:00,40.3,38.0,497.0,6.3,14.4,124.0,27.4,61,0.0,10.1
Hyderabad,17.385,78.4867,2025-10-16 10:00:00,39.0,36.7,404.0,3.8,12.1,133.0,28.8,54,0.0,12.2
Hyderabad,17.385,78.4867,2025-10-16 11:00:00,37.1,34.8,335.0,2.0,10.2,138.0,29.6,50,0.0,13.7
Hyderabad,17.385,78.4867,2025-10-16 12:00:00,35.3,33.1,313.0,1.2,9.1,139.0,30.5,46,0.0,13.7
Hyderabad,17.385,78.4867,2025-10-16 13:00:00,34.2,32.1,315.0,1.1,8.4,137.0,30.9,45,0.0,13.9
Hyderabad,17.385,78.4867,2025-10-16 14:00:00,33.9,31.8,327.0,2.1,8.1,133.0,31.0,44,0.0,12.6
Hyderabad,17.385,78.4867,2025-10-16 15:00:00,33.8,31.9,344.0,4.8,8.4,127.0,30.7,44,0.0,12.3
Hyderabad,17.385,78.4867,2025-10-16 16:00:00,34.3,32.7,370.0,8.6,9.2,119.0,30.1,47,0.0,12.5
Hyderabad,17.385,78.4867,2025-10-16 17:00:00,32.1,31.1,406.0,12.1,9.9,105.0,29.4,49,0.0,10.3
Hyderabad,17.385,78.4867,2025-10-16 18:00:00,35.2,34.2,458.0,14.2,11.0,97.0,28.9,52,0.0,8.8
Hyderabad,17.385,78.4867,2025-10-16 19:00:00,37.0,36.2,520.0,17.1,12.6,87.0,28.1,55,0.0,7.9
Hyderabad,17.385,78.4867,2025-10-16 20:00:00,37.6,36.8,571.0,19.3,13.7,77.0,27.5,59,0.0,7.6
Hyderabad,17.385,78.4867,2025-10-16 21:00:00,38.3,37.5,609.0,20.2,13.9,70.0,26.6,64,0.0,7.6
Hyderabad,17.385,78.4867,2025-10-16 22:00:00,39.3,38.5,636.0,20.4,13.6,63.0,25.7,69,0.0,5.8
Hyderabad,17.385,78.4867,2025-10-16 23:00:00,39.3,38.4,640.0,20.3,13.6,59.0,25.2,73,0.0,6.4
Hyderabad,17.385,78.4867,2025-10-17 00:00:00,39.8,38.9,601.0,20.0,14.2,58.0,24.7,76,0.0,6.5
Hyderabad,17.385,78.4867,2025-10-17 01:00:00,42.8,41.7,540.0,19.4,15.0,60.0,23.9,80,0.0,5.3
Hyderabad,17.385,78.4867,2025-10-17 02:00:00,46.2,44.9,502.0,18.9,15.9,61.0,23.4,84,0.0,4.3
Hyderabad,17.385,78.4867,2025-10-17 03:00:00,48.3,46.9,517.0,18.8,16.9,60.0,23.0,87,0.0,4.1
Hyderabad,17.385,78.4867,2025-10-17 04:00:00,49.7,48.0,555.0,18.8,18.0,59.0,22.7,89,0.0,4.6
Hyderabad,17.385,78.4867,2025-10-17 05:00:00,51.6,48.7,577.0,11.3,15.3,77.0,23.2,86,0.0,6.3
Hyderabad,17.385,78.4867,2025-10-17 06:00:00,52.9,50.1,568.0,11.1,16.2,88.0,23.2,87,0.0,6.9
Hyderabad,17.385,78.4867,2025-10-17 07:00:00,52.0,49.2,542.0,10.7,17.3,104.0,24.3,82,0.0,10.6
Hyderabad,17.385,78.4867,2025-10-17 08:00:00,49.9,46.8,508.0,9.7,17.7,118.0,25.8,73,0.0,10.2
Hyderabad,17.385,78.4867,2025-10-17 09:00:00,48.0,45.2,459.0,7.4,16.8,128.0,27.4,64,0.0,9.5
Hyderabad,17.385,78.4867,2025-10-17 10:00:00,44.8,42.6,401.0,4.4,15.1,137.0,29.0,55,0.0,11.0
Hyderabad,17.385,78.4867,2025-10-17 11:00:00,42.6,40.7,358.0,2.3,13.6,143.0,30.0,49,0.0,12.0
Hyderabad,17.385,78.4867,2025-10-17 12:00:00,42.0,40.3,340.0,1.5,12.4,146.0,30.8,46,0.0,13.2
Hyderabad,17.385,78.4867,2025-10-17 13:00:00,42.5,40.9,336.0,1.6,11.4,146.0,31.2,44,0.1,13.3
Hyderabad,17.385,78.4867,2025-10-17 14:00:00,42.1,40.6,342.0,2.6,10.7,143.0,30.9,45,0.2,13.8
Hyderabad,17.385,78.4867,2025-10-17 15:00:00,42.4,41.0,354.0,5.0,10.4,136.0,30.6,47,0.2,14.0
Hyderabad,17.385,78.4867,2025-10-17 16:00:00,43.4,42.1,375.0,8.4,10.4,126.0,30.1,48,0.1,13.9
Hyderabad,17.385,78.4867,2025-10-17 17:00:00,43.3,42.5,406.0,13.1,10.7,107.0,29.0,51,0.1,13.6
Hyderabad,17.385,78.4867,2025-10-17 18:00:00,46.4,45.5,457.0,15.8,11.7,97.0,28.8,51,0.0,10.9
Hyderabad,17.385,78.4867,2025-10-17 19:00:00,48.5,47.7,518.0,19.5,13.2,83.0,28.4,53,0.0,9.0
Hyderabad,17.385,78.4867,2025-10-17 20:00:00,50.3,49.4,560.0,22.6,14.5,72.0,27.5,60,0.0,6.5
Hyderabad,17.385,78.4867,2025-10-17 21:00:00,52.9,51.7,566.0,24.6,15.6,66.0,26.7,64,0.0,5.8
Hyderabad,17.385,78.4867,2025-10-17 22:00:00,55.8,54.4,553.0,25.9,16.6,62.0,26.0,67,0.0,5.3
Hyderabad,17.385,78.4867,2025-10-17 23:00:00,57.6,56.1,537.0,26.2,17.5,61.0,25.5,69,0.0,5.8
Hyderabad,17.385,78.4867,2025-10-18 00:00:00,58.9,57.3,517.0,24.6,18.0,63.0,25.1,69,0.0,5.0
Hyderabad,17.385,78.4867,2025-10-18 01:00:00,60.5,58.8,494.0,21.8,18.3,67.0,24.6,71,0.0,5.2
Hyderabad,17.385,78.4867,2025-10-18 02:00:00,62.6,60.8,489.0,20.1,19.0,70.0,24.0,73,0.0,5.8
Hyderabad,17.385,78.4867,2025-10-18 03:00:00,66.4,64.3,519.0,20.8,20.4,67.0,23.6,76,0.0,5.0
Hyderabad,17.385,78.4867,2025-10-18 04:00:00,69.4,67.3,566.0,22.5,22.1,62.0,23.0,81,0.0,5.0
Hyderabad,17.385,78.4867,2025-10-18 05:00:00,62.2,59.6,602.0,10.1,17.5,86.0,22.6,90,0.0,5.2
Hyderabad,17.385,78.4867,2025-10-18 06:00:00,67.5,65.0,621.0,10.4,18.4,96.0,22.9,88,0.0,4.1
Hyderabad,17.385,78.4867,2025-10-18 07:00:00,65.7,63.6,627.0,10.7,19.5,110.0,23.8,79,0.0,3.8
Hyderabad,17.385,78.4867,2025-10-18 08:00:00,56.5,54.1,606.0,10.2,19.7,122.0,25.5,68,0.0,5.1
Hyderabad,17.385,78.4867,2025-10-18 09:00:00,50.3,48.1,533.0,7.9,18.4,132.0,27.2,60,0.0,6.0
Hyderabad,17.385,78.4867,2025-10-18 10:00:00,48.1,45.8,433.0,4.7,16.2,140.0,28.9,51,0.0,7.7
Hyderabad,17.385,78.4867,2025-10-18 11:00:00,46.1,43.8,358.0,2.4,14.2,145.0,30.1,47,0.0,9.7
Hyderabad,17.385,78.4867,2025-10-18 12:00:00,43.5,41.4,333.0,1.5,12.7,147.0,31.1,42,0.0,9.7
Hyderabad,17.385,78.4867,2025-10-18 13:00:00,41.8,39.8,334.0,1.4,11.4,147.0,31.6,40,0.0,9.6
Hyderabad,17.385,78.4867,2025-10-18 14:00:00,40.9,39.0,344.0,2.7,10.6,143.0,31.7,39,0.0,9.8
Hyderabad,17.385,78.4867,2025-10-18 15:00:00,41.1,39.3,361.0,5.8,10.4,135.0,31.4,39,0.0,9.7
Hyderabad,17.385,78.4867,2025-10-18 16:00:00,41.9,40.2,387.0,10.3,10.6,123.0,30.8,42,0.0,10.2
Hyderabad,17.385,78.4867,2025-10-18 17:00:00,58.6,55.9,413.0,15.0,11.4,108.0,29.4,46,0.0,11.2
Hyderabad,17.385,78.4867,2025-10-18 18:00:00,61.9,59.6,435.0,18.1,12.6,98.0,29.0,49,0.0,8.6
Hyderabad,17.385,78.4867,2025-10-18 19:00:00,63.8,61.7,458.0,22.2,14.4,83.0,28.4,51,0.0,8.5
Hyderabad,17.385,78.4867,2025-10-18 20:00:00,66.1,63.8,484.0,24.7,15.7,73.0,27.5,55,0.0,8.8
Hyderabad,17.385,78.4867,2025-10-18 21:00:00,68.0,65.2,523.0,24.1,16.3,71.0,26.6,57,0.0,8.9
Hyderabad,17.385,78.4867,2025-10-18 22:00:00,70.1,66.6,566.0,21.9,16.5,73.0,26.0,59,0.0,6.9
Hyderabad,17.385,78.4867,2025-10-18 23:00:00,71.9,67.8,583.0,19.3,16.4,75.0,25.5,63,0.0,6.7
Hyderabad,17.385,78.4867,2025-10-19 00:00:00,72.4,67.3,553.0,16.3,15.9,75.0,25.3,64,0.0,6.4
Hyderabad,17.385,78.4867,2025-10-19 01:00:00,71.2,66.1,498.0,12.9,15.2,75.0,24.8,66,0.0,6.3
Hyderabad,17.385,78.4867,2025-10-19 02:00:00,69.6,64.5,453.0,10.6,14.7,73.0,24.1,69,0.0,6.5
Hyderabad,17.385,78.4867,2025-10-19 03:00:00,67.8,62.9,426.0,10.3,14.8,67.0,23.5,72,0.0,5.8
Hyderabad,17.385,78.4867,2025-10-19 04:00:00,67.5,62.9,409.0,11.0,15.1,60.0,23.0,74,0.0,5.7
Hyderabad,17.385,78.4867,2025-10-19 05:00:00,57.0,53.7,412.0,9.1,13.9,61.0,22.5,85,0.0,6.1
Hyderabad,17.385,78.4867,2025-10-19 06:00:00,52.7,49.9,459.0,9.3,13.2,69.0,22.6,87,0.0,5.4
Hyderabad,17.385,78.4867,2025-10-19 07:00:00,47.1,43.9,526.0,9.4,12.2,80.0,23.2,86,0.0,6.6
Hyderabad,17.385,78.4867,2025-10-19 08:00:00,49.6,45.3,552.0,8.9,11.2,93.0,24.8,76,0.0,4.9
Hyderabad,17.385,78.4867,2025-10-19 09:00:00,52.2,46.8,496.0,7.0,10.2,108.0,27.0,61,0.0,6.0
Hyderabad,17.385,78.4867,2025-10-19 10:00:00,51.0,45.8,398.0,4.4,9.1,124.0,28.9,51,0.0,8.7
Hyderabad,17.385,78.4867,2025-10-19 11:00:00,47.1,42.8,325.0,2.6,8.2,135.0,29.9,50,0.0,10.3
Hyderabad,17.385,78.4867,2025-10-19 12:00:00,41.7,38.4,301.0,1.8,7.4,137.0,30.7,48,0.0,11.3
Hyderabad,17.385,78.4867,2025-10-19 13:00:00,37.5,34.9,301.0,1.6,6.7,133.0,31.1,46,0.0,10.6
Hyderabad,17.385,78.4867,2025-10-19 14:00:00,37.5,35.2,311.0,2.8,6.5,127.0,30.9,46,0.1,10.3
Hyderabad,17.385,78.4867,2025-10-19 15:00:00,33.8,31.9,330.0,6.1,7.0,120.0,30.8,46,0.3,10.2
Hyderabad,17.385,78.4867,2025-10-19 16:00:00,33.6,32.0,359.0,10.7,8.0,110.0,27.9,60,0.7,13.0
Hyderabad,17.385,78.4867,2025-10-19 17:00:00,43.9,42.0,382.0,11.2,8.1,95.0,28.3,57,0.1,13.8
Hyderabad,17.385,78.4867,2025-10-19 18:00:00,41.8,40.5,397.0,13.2,9.1,88.0,26.4,71,0.1,9.5
Hyderabad,17.385,78.4867,2025-10-19 19:00:00,38.6,37.7,406.0,16.0,10.6,79.0,25.9,74,0.0,6.9
Hyderabad,17.385,78.4867,2025-10-19 20:00:00,36.2,35.5,405.0,17.5,11.4,72.0,25.4,78,0.0,8.1
Hyderabad,17.385,78.4867,2025-10-19 21:00:00,33.5,32.8,388.0,16.9,11.1,70.0,24.8,83,0.0,8.0
Hyderabad,17.385,78.4867,2025-10-19 22:00:00,31.4,30.7,361.0,15.0,10.3,70.0,24.2,86,0.0,6.9
Hyderabad,17.385,78.4867,2025-10-19 23:00:00,28.6,28.0,337.0,13.1,9.5,69.0,22.7,93,0.0,12.3
Hyderabad,17.385,78.4867,2025-10-20 00:00:00,26.1,25.6,320.0,11.1,8.9,66.0,23.0,90,0.5,7.1
Hyderabad,17.385,78.4867,2025-10-20 01:00:00,24.0,23.6,307.0,9.1,8.3,63.0,23.0,91,0.0,4.0
Hyderabad,17.385,78.4867,2025-10-20 02:00:00,23.6,23.2,302.0,7.9,8.1,59.0,22.9,91,0.0,4.6
Hyderabad,17.385,78.4867,2025-10-20 03:00:00,23.5,23.2,306.0,8.3,8.5,53.0,22.7,92,0.0,4.2
Hyderabad,17.385,78.4867,2025-10-20 04:00:00,24.0,23.7,319.0,9.5,9.3,45.0,22.6,93,0.0,3.4
Hyderabad,17.385,78.4867,2025-10-20 05:00:00,20.4,20.1,340.0,7.2,10.8,43.0,22.8,95,0.0,4.4
Hyderabad,17.385,78.4867,2025-10-20 06:00:00,19.7,19.5,384.0,7.7,11.4,42.0,22.9,93,0.0,5.2
Hyderabad,17.385,78.4867,2025-10-20 07:00:00,17.6,17.3,436.0,8.4,12.1,41.0,23.5,88,0.0,5.8
Hyderabad,17.385,78.4867,2025-10-20 08:00:00,13.3,13.1,455.0,8.3,12.1,44.0,25.2,75,0.0,6.5
Hyderabad,17.385,78.4867,2025-10-20 09:00:00,10.2,9.9,410.0,6.6,10.6,54.0,27.1,64,0.0,7.9
Hyderabad,17.385,78.4867,2025-10-20 10:00:00,8.6,8.2,331.0,4.1,8.3,67.0,28.5,58,0.0,8.0
Hyderabad,17.385,78.4867,2025-10-20 11:00:00,8.6,8.2,267.0,2.3,6.4,77.0,29.3,56,0.0,7.2
Hyderabad,17.385,78.4867,2025-10-20 12:00:00,8.6,8.2,234.0,1.5,5.5,82.0,29.8,55,0.0,8.2
Hyderabad,17.385,78.4867,2025-10-20 13:00:00,8.2,7.9,218.0,1.4,5.0,83.0,29.5,55,0.0,8.3
Hyderabad,17.385,78.4867,2025-10-20 14:00:00,8.1,7.8,219.0,2.2,4.8,82.0,29.1,57,0.2,8.7
Hyderabad,17.385,78.4867,2025-10-20 15:00:00,8.1,7.9,253.0,4.3,4.8,77.0,27.0,70,8.3,5.8
Hyderabad,17.385,78.4867,2025-10-20 16:00:00,8.4,8.1,305.0,7.2,5.1,70.0,26.1,73,1.7,7.6
Hyderabad,17.385,78.4867,2025-10-20 17:00:00,13.6,13.2,337.0,9.5,6.4,67.0,27.4,64,0.1,6.3
Hyderabad,17.385,78.4867,2025-10-20 18:00:00,15.3,15.0,326.0,12.0,7.5,61.0,27.0,66,0.0,7.5
Hyderabad,17.385,78.4867,2025-10-20 19:00:00,16.4,16.1,295.0,15.4,9.0,52.0,26.7,67,0.0,6.3
Hyderabad,17.385,78.4867,2025-10-20 20:00:00,16.8,16.5,268.0,17.4,10.2,46.0,26.5,67,0.0,7.9
Hyderabad,17.385,78.4867,2025-10-20 21:00:00,17.4,17.1,256.0,16.9,10.9,45.0,26.0,68,0.0,9.2
Hyderabad,17.385,78.4867,2025-10-20 22:00:00,17.4,17.1,249.0,15.0,11.3,48.0,24.9,76,0.0,8.4
Hyderabad,17.385,78.4867,2025-10-20 23:00:00,16.8,16.4,243.0,12.9,11.3,50.0,24.4,83,0.0,9.4
Hyderabad,17.385,78.4867,2025-10-21 00:00:00,16.5,16.2,233.0,10.6,10.7,52.0,23.9,84,0.0,9.2
Hyderabad,17.385,78.4867,2025-10-21 01:00:00,17.2,17.0,223.0,8.1,9.8,54.0,23.6,85,0.0,8.0
Hyderabad,17.385,78.4867,2025-10-21 02:00:00,19.3,19.0,221.0,6.1,8.9,57.0,23.3,88,0.0,7.2
Hyderabad,17.385,78.4867,2025-10-21 03:00:00,17.7,17.5,230.0,4.9,8.2,61.0,23.0,90,0.0,5.6
Hyderabad,17.385,78.4867,2025-10-21 04:00:00,15.9,15.7,247.0,4.2,7.7,64.0,22.8,92,0.0,4.9
Hyderabad,17.385,78.4867,2025-10-21 05:00:00,15.1,14.9,272.0,5.4,9.5,55.0,22.9,93,0.0,5.8
Hyderabad,17.385,78.4867,2025-10-21 06:00:00,16.6,16.4,318.0,5.9,9.1,50.0,23.0,92,0.0,7.2
Hyderabad,17.385,78.4867,2025-10-21 07:00:00,14.2,13.9,372.0,6.5,8.4,44.0,23.8,85,0.0,10.0
Hyderabad,17.385,78.4867,2025-10-21 08:00:00,12.3,12.0,394.0,6.5,7.7,43.0,25.3,75,0.0,11.1
Hyderabad,17.385,78.4867,2025-10-21 09:00:00,10.5,10.2,351.0,5.4,6.8,51.0,26.6,67,0.1,12.3
Hyderabad,17.385,78.4867,2025-10-21 10:00:00,8.8,8.5,275.0,3.7,5.9,64.0,28.2,58,0.1,14.1
Hyderabad,17.385,78.4867,2025-10-21 11:00:00,8.0,7.7,225.0,2.5,5.1,74.0,28.7,54,0.5,14.7
Hyderabad,17.385,78.4867,2025-10-21 12:00:00,7.3,7.1,228.0,1.7,4.6,80.0,29.0,58,0.4,12.1
Hyderabad,17.385,78.4867,2025-10-21 13:00:00,7.8,7.5,257.0,1.4,4.2,84.0,30.4,52,0.0,10.8
Hyderabad,17.385,78.4867,2025-10-21 14:00:00,8.1,7.8,286.0,2.3,4.2,84.0,28.0,60,0.7,14.7
Hyderabad,17.385,78.4867,2025-10-21 15:00:00,9.3,9.0,309.0,5.8,4.6,78.0,27.1,64,0.3,11.7
Hyderabad,17.385,78.4867,2025-10-21 16:00:00,10.2,10.0,333.0,10.6,5.3,67.0,27.1,67,0.1,7.9
Hyderabad,17.385,78.4867,2025-10-21 17:00:00,12.2,12.0,351.0,11.4,5.1,58.0,26.5,74,0.0,8.0
Hyderabad,17.385,78.4867,2025-10-21 18:00:00,12.6,12.5,363.0,12.4,6.1,56.0,26.1,75,0.0,9.3
Hyderabad,17.385,78.4867,2025-10-21 19:00:00,13.2,13.1,371.0,13.7,7.4,53.0,25.6,78,0.0,8.9
Hyderabad,17.385,78.4867,2025-10-21 20:00:00,13.6,13.5,370.0,14.2,8.2,52.0,25.1,82,0.0,8.3
Hyderabad,17.385,78.4867,2025-10-21 21:00:00,13.9,13.8,359.0,13.2,8.1,53.0,24.4,86,0.0,8.1
Hyderabad,17.385,78.4867,2025-10-21 22:00:00,14.1,14.0,341.0,11.4,7.6,55.0,23.8,90,0.0,6.3
Hyderabad,17.385,78.4867,2025-10-21 23:00:00,11.8,11.8,319.0,9.8,7.2,57.0,23.4,87,0.0,7.3
Hyderabad,17.385,78.4867,2025-10-22 00:00:00,9.6,9.5,290.0,8.7,7.2,57.0,23.3,87,0.0,8.7
Hyderabad,17.385,78.4867,2025-10-22 01:00:00,8.4,8.4,259.0,7.9,7.3,56.0,23.2,88,0.0,8.3
Hyderabad,17.385,78.4867,2025-10-22 02:00:00,8.4,8.4,241.0,7.5,7.8,55.0,23.0,90,0.0,7.8
Hyderabad,17.385,78.4867,2025-10-22 03:00:00,9.0,8.9,246.0,7.7,8.8,53.0,22.7,91,0.0,7.5
Hyderabad,17.385,78.4867,2025-10-22 04:00:00,9.5,9.4,265.0,8.4,10.0,51.0,22.6,91,0.0,7.4
Hyderabad,17.385,78.4867,2025-10-22 05:00:00,12.3,12.2,285.0,5.6,8.7,53.0,22.8,96,0.0,7.7
Hyderabad,17.385,78.4867,2025-10-22 06:00:00,13.2,13.0,309.0,6.3,9.3,52.0,23.0,94,0.0,8.5
Hyderabad,17.385,78.4867,2025-10-22 07:00:00,11.1,10.9,334.0,7.1,10.1,51.0,24.0,88,0.0,13.5
Hyderabad,17.385,78.4867,2025-10-22 08:00:00,10.2,10.0,340.0,7.2,10.3,54.0,25.6,77,0.0,14.5
Hyderabad,17.385,78.4867,2025-10-22 09:00:00,9.7,9.4,311.0,5.9,9.3,65.0,27.4,66,0.0,13.0
Hyderabad,17.385,78.4867,2025-10-22 10:00:00,9.2,8.9,263.0,3.9,7.7,79.0,28.5,59,0.0,15.5
Hyderabad,17.385,78.4867,2025-10-22 11:00:00,8.5,8.3,229.0,2.4,6.3,90.0,28.4,60,0.2,14.2
Hyderabad,17.385,78.4867,2025-10-22 12:00:00,8.1,7.9,220.0,1.8,5.5,95.0,29.8,57,0.0,12.8
Hyderabad,17.385,78.4867,2025-10-22 13:00:00,8.0,7.9,225.0,1.8,5.1,96.0,29.4,57,0.8,14.1
Hyderabad,17.385,78.4867,2025-10-22 14:00:00,8.0,7.9,241.0,2.7,4.8,94.0,25.9,77,2.9,10.3
Hyderabad,17.385,78.4867,2025-10-22 15:00:00,8.7,8.5,279.0,5.6,4.8,88.0,25.2,82,0.5,8.9
Hyderabad,17.385,78.4867,2025-10-22 16:00:00,9.9,9.7,328.0,9.4,5.1,79.0,25.4,81,0.1,10.6
Hyderabad,17.385,78.4867,2025-10-22 17:00:00,14.0,13.6,357.0,11.3,6.0,75.0,26.3,77,0.0,12.1
Hyderabad,17.385,78.4867,2025-10-22 18:00:00,14.8,14.5,345.0,11.0,6.6,75.0,25.7,81,0.0,12.8
Hyderabad,17.385,78.4867,2025-10-22 19:00:00,13.6,13.3,313.0,10.5,7.3,75.0,25.2,81,0.1,11.6
Hyderabad,17.385,78.4867,2025-10-22 20:00:00,12.3,12.1,285.0,10.0,7.8,75.0,24.6,84,0.1,11.8
Hyderabad,17.385,78.4867,2025-10-22 21:00:00,11.6,11.5,273.0,9.4,7.7,74.0,23.8,88,0.1,12.2
Hyderabad,17.385,78.4867,2025-10-22 22:00:00,11.1,11.0,265.0,8.7,7.4,72.0,23.4,90,0.2,11.0
Hyderabad,17.385,78.4867,2025-10-22 23:00:00,10.4,10.3,253.0,8.1,7.3,70.0,23.0,93,0.1,10.7
Hyderabad,17.385,78.4867,2025-10-23 00:00:00,10.4,10.2,230.0,7.5,7.6,67.0,23.0,92,0.0,10.4
Hyderabad,17.385,78.4867,2025-10-23 01:00:00,10.5,10.4,203.0,7.0,8.2,64.0,22.7,94,0.0,10.9
Hyderabad,17.385,78.4867,2025-10-23 02:00:00,9.2,9.1,186.0,6.6,8.6,61.0,22.9,93,0.0,10.4
Hyderabad,17.385,78.4867,2025-10-23 03:00:00,8.7,8.6,184.0,6.2,8.8,58.0,22.8,92,0.1,11.1
Hyderabad,17.385,78.4867,2025-10-23 04:00:00,8.7,8.6,192.0,6.0,9.0,55.0,22.5,94,0.0,10.0
Hyderabad,17.385,78.4867,2025-10-23 05:00:00,5.8,5.7,215.0,5.3,7.1,50.0,22.7,97,0.1,11.9
Hyderabad,17.385,78.4867,2025-10-23 06:00:00,4.7,4.7,268.0,6.0,6.7,50.0,23.1,93,0.3,15.8
Hyderabad,17.385,78.4867,2025-10-23 07:00:00,4.4,4.3,335.0,7.0,6.2,50.0,23.2,91,0.4,14.2
Hyderabad,17.385,78.4867,2025-10-23 08:00:00,3.8,3.8,372.0,7.3,5.7,51.0,23.8,87,0.4,14.9
Hyderabad,17.385,78.4867,2025-10-23 09:00:00,3.4,3.4,348.0,6.3,5.2,55.0,24.6,84,0.5,16.8
Hyderabad,17.385,78.4867,2025-10-23 10:00:00,3.4,3.4,294.0,4.5,4.7,60.0,24.3,85,0.3,17.3
Hyderabad,17.385,78.4867,2025-10-23 11:00:00,2.6,2.6,253.0,3.3,4.3,64.0,26.4,75,0.3,17.2
Hyderabad,17.385,78.4867,2025-10-23 12:00:00,2.4,2.4,243.0,2.9,3.8,67.0,26.7,70,0.3,16.8
Hyderabad,17.385,78.4867,2025-10-23 13:00:00,2.9,2.9,248.0,2.9,3.4,69.0,25.3,80,0.7,15.6
Hyderabad,17.385,78.4867,2025-10-23 14:00:00,3.5,3.5,260.0,3.5,3.2,69.0,24.5,84,0.4,15.4
Hyderabad,17.385,78.4867,2025-10-23 15:00:00,4.2,4.2,285.0,5.1,3.2,67.0,25.0,81,0.2,13.9
Hyderabad,17.385,78.4867,2025-10-23 16:00:00,4.7,4.7,319.0,7.2,3.4,63.0,24.7,83,0.0,14.1
Hyderabad,17.385,78.4867,2025-10-23 17:00:00,8.6,8.4,339.0,13.4,5.3,57.0,23.3,91,1.2,9.0
Hyderabad,17.385,78.4867,2025-10-23 18:00:00,8.9,8.8,336.0,13.6,5.8,53.0,23.0,94,0.1,9.4
Hyderabad,17.385,78.4867,2025-10-23 19:00:00,9.2,9.2,320.0,13.8,6.6,49.0,23.0,95,0.0,9.4
Hyderabad,17.385,78.4867,2025-10-23 20:00:00,9.0,8.9,301.0,13.5,7.0,45.0,23.0,97,0.0,8.8
Hyderabad,17.385,78.4867,2025-10-23 21:00:00,8.8,8.8,281.0,12.3,6.9,44.0,23.1,96,0.0,10.2
Hyderabad,17.385,78.4867,2025-10-23 22:00:00,8.4,8.3,258.0,10.5,6.5,44.0,23.1,96,0.1,9.3
Hyderabad,17.385,78.4867,2025-10-23 23:00:00,6.7,6.6,237.0,8.7,6.2,44.0,22.5,98,0.1,12.2
Hyderabad,17.385,78.4867,2025-10-24 00:00:00,5.4,5.3,218.0,7.0,5.9,44.0,22.5,97,0.1,10.8
Hyderabad,17.385,78.4867,2025-10-24 01:00:00,4.8,4.7,202.0,5.3,5.7,45.0,22.5,96,0.1,9.2
Hyderabad,17.385,78.4867,2025-10-24 02:00:00,4.5,4.4,195.0,4.1,5.6,45.0,22.1,97,0.1,8.6
Hyderabad,17.385,78.4867,2025-10-24 03:00:00,3.9,3.8,196.0,3.8,5.8,44.0,22.0,97,0.0,8.6
Hyderabad,17.385,78.4867,2025-10-24 04:00:00,3.7,3.6,205.0,4.1,6.1,42.0,22.0,97,0.0,8.5
Hyderabad,17.385,78.4867,2025-10-24 05:00:00,5.4,5.3,232.0,5.3,8.3,38.0,22.0,98,0.1,7.0
Hyderabad,17.385,78.4867,2025-10-24 06:00:00,6.0,6.0,298.0,6.5,8.8,38.0,22.1,97,0.3,7.5
Hyderabad,17.385,78.4867,2025-10-24 07:00:00,7.3,7.2,382.0,8.0,9.4,37.0,22.8,90,0.3,8.4
Hyderabad,17.385,78.4867,2025-10-24 08:00:00,6.9,6.9,428.0,8.5,9.4,40.0,23.9,88,0.1,8.3
Hyderabad,17.385,78.4867,2025-10-24 09:00:00,6.9,6.8,396.0,6.9,8.1,49.0,24.9,83,0.1,8.7
Hyderabad,17.385,78.4867,2025-10-24 10:00:00,5.6,5.5,325.0,4.2,6.1,61.0,25.2,81,0.2,7.8
Hyderabad,17.385,78.4867,2025-10-24 11:00:00,5.2,5.1,279.0,2.6,4.6,69.0,25.7,76,8.1,6.5
Hyderabad,17.385,78.4867,2025-10-24 12:00:00,6.0,5.8,273.0,2.7,4.0,69.0,23.6,86,0.8,9.0
Hyderabad,17.385,78.4867,2025-10-24 13:00:00,6.8,6.7,292.0,3.8,3.9,65.0,24.5,83,0.2,3.9
Hyderabad,17.385,78.4867,2025-10-24 14:00:00,6.9,6.8,350.0,5.6,3.9,60.0,25.5,80,0.0,6.2
Hyderabad,17.385,78.4867,2025-10-24 15:00:00,7.2,7.1,496.0,8.7,4.0,53.0,24.8,80,0.3,10.3
Hyderabad,17.385,78.4867,2025-10-24 16:00:00,8.0,7.9,681.0,12.6,4.4,45.0,24.0,86,0.1,8.4
Hyderabad,17.385,78.4867,2025-10-24 17:00:00,12.0,11.7,775.0,14.8,5.5,46.0,23.9,88,0.3,7.4
Hyderabad,17.385,78.4867,2025-10-24 18:00:00,16.6,16.4,691.0,16.3,6.2,43.0,23.1,92,0.3,9.3
Hyderabad,17.385,78.4867,2025-10-24 19:00:00,17.5,17.3,515.0,18.4,7.2,40.0,22.8,96,0.4,9.4
Hyderabad,17.385,78.4867,2025-10-24 20:00:00,14.4,14.3,374.0,19.1,7.9,38.0,22.4,97,0.1,6.8
Hyderabad,17.385,78.4867,2025-10-24 21:00:00,12.8,12.7,321.0,17.6,8.1,39.0,22.4,96,0.0,6.5
Hyderabad,17.385,78.4867,2025-10-24 22:00:00,12.2,12.2,304.0,14.7,8.0,40.0,22.1,98,0.0,6.0
Hyderabad,17.385,78.4867,2025-10-24 23:00:00,7.9,7.8,286.0,11.9,7.8,43.0,21.9,98,0.0,6.2
Hyderabad,17.385,78.4867,2025-10-25 00:00:00,4.2,4.2,253.0,9.2,7.3,47.0,22.1,98,0.0,8.4
Hyderabad,17.385,78.4867,2025-10-25 01:00:00,3.2,3.2,220.0,6.6,6.5,51.0,22.1,96,0.0,8.8
Hyderabad,17.385,78.4867,2025-10-25 02:00:00,2.5,2.5,201.0,4.7,6.1,53.0,21.8,98,0.0,7.6
Hyderabad,17.385,78.4867,2025-10-25 03:00:00,2.3,2.3,198.0,4.0,6.2,52.0,21.7,98,0.0,7.0
Hyderabad,17.385,78.4867,2025-10-25 04:00:00,2.3,2.3,208.0,4.1,6.5,48.0,21.6,98,0.0,6.4
Hyderabad,17.385,78.4867,2025-10-25 05:00:00,2.2,2.2,237.0,4.3,4.0,45.0,21.6,97,0.0,5.4
Hyderabad,17.385,78.4867,2025-10-25 06:00:00,3.8,3.7,309.0,5.3,4.8,44.0,21.7,97,0.0,6.7
Hyderabad,17.385,78.4867,2025-10-25 07:00:00,3.8,3.8,400.0,6.6,5.8,43.0,22.4,92,0.1,6.0
Hyderabad,17.385,78.4867,2025-10-25 08:00:00,4.2,4.2,447.0,7.1,6.2,44.0,23.4,86,0.0,7.8
Hyderabad,17.385,78.4867,2025-10-25 09:00:00,3.5,3.4,404.0,6.2,5.4,48.0,24.9,78,0.1,6.9
Hyderabad,17.385,78.4867,2025-10-25 10:00:00,3.5,3.4,316.0,4.5,3.9,54.0,25.9,76,0.2,5.9
Hyderabad,17.385,78.4867,2025-10-25 11:00:00,3.8,3.8,264.0,3.3,2.9,59.0,27.0,71,0.1,2.8
Hyderabad,17.385,78.4867,2025-10-25 12:00:00,4.7,4.6,273.0,2.8,2.8,62.0,26.6,70,2.0,5.5
Hyderabad,17.385,78.4867,2025-10-25 13:00:00,5.8,5.8,316.0,2.7,3.2,64.0,23.3,89,13.6,7.3
Hyderabad,17.385,78.4867,2025-10-25 14:00:00,6.3,6.3,394.0,3.7,3.5,63.0,24.0,85,1.1,5.9
Hyderabad,17.385,78.4867,2025-10-25 15:00:00,6.6,6.5,530.0,6.4,3.6,59.0,24.2,86,0.6,3.9
Hyderabad,17.385,78.4867,2025-10-25 16:00:00,9.1,9.0,700.0,10.2,3.7,53.0,24.3,83,0.2,5.7
Hyderabad,17.385,78.4867,2025-10-25 17:00:00,14.9,14.7,830.0,17.1,5.5,46.0,24.4,84,0.1,4.1
Hyderabad,17.385,78.4867,2025-10-25 18:00:00,23.8,23.6,880.0,21.0,7.2,38.0,24.0,86,0.0,4.6
Hyderabad,17.385,78.4867,2025-10-25 19:00:00,25.7,25.5,891.0,26.2,9.4,28.0,23.4,91,1.4,5.8
Hyderabad,17.385,78.4867,2025-10-25 20:00:00,24.4,24.3,910.0,28.6,10.6,21.0,23.1,92,0.2,4.8
Hyderabad,17.385,78.4867,2025-10-25 21:00:00,20.7,20.5,980.0,25.9,9.8,22.0,22.8,93,0.3,6.6
Hyderabad,17.385,78.4867,2025-10-25 22:00:00,16.5,16.4,1059.0,20.4,8.0,27.0,22.6,93,0.2,8.1
Hyderabad,17.385,78.4867,2025-10-25 23:00:00,12.5,12.5,1067.0,15.3,6.4,32.0,23.0,94,0.2,10.0
Hyderabad,17.385,78.4867,2025-10-26 00:00:00,11.1,11.1,945.0,11.5,5.5,37.0,22.8,95,0.1,8.9
Hyderabad,17.385,78.4867,2025-10-26 01:00:00,10.0,10.0,752.0,8.2,4.7,44.0,22.3,98,0.0,7.0
Hyderabad,17.385,78.4867,2025-10-26 02:00:00,9.7,9.7,585.0,5.7,4.2,49.0,22.0,99,0.0,6.5
Hyderabad,17.385,78.4867,2025-10-26 03:00:00,9.2,9.2,469.0,4.5,3.9,53.0,21.8,99,0.0,8.0
Hyderabad,17.385,78.4867,2025-10-26 04:00:00,7.9,7.9,377.0,4.1,3.8,57.0,21.6,100,0.0,7.2
Hyderabad,17.385,78.4867,2025-10-26 05:00:00,4.7,4.7,331.0,4.0,3.4,57.0,21.6,100,0.0,6.7
Hyderabad,17.385,78.4867,2025-10-26 06:00:00,5.2,5.2,363.0,5.0,3.6,56.0,21.6,99,0.0,7.7
Hyderabad,17.385,78.4867,2025-10-26 07:00:00,6.7,6.7,439.0,6.4,3.8,55.0,22.0,96,0.0,8.8
Hyderabad,17.385,78.4867,2025-10-26 08:00:00,7.3,7.2,479.0,6.9,3.9,57.0,23.6,86,0.0,10.9
Hyderabad,17.385,78.4867,2025-10-26 09:00:00,8.1,7.9,437.0,5.8,3.8,64.0,25.2,77,0.0,10.5
Hyderabad,17.385,78.4867,2025-10-26 10:00:00,7.9,7.7,359.0,3.9,3.5,73.0,25.9,75,0.1,9.7
Hyderabad,17.385,78.4867,2025-10-26 11:00:00,8.5,8.4,303.0,2.5,3.3,81.0,26.1,75,0.1,7.7
Hyderabad,17.385,78.4867,2025-10-26 12:00:00,8.9,8.7,283.0,1.6,3.2,88.0,27.3,72,0.2,8.2
Hyderabad,17.385,78.4867,2025-10-26 13:00:00,8.9,8.7,286.0,1.1,3.1,94.0,28.0,68,0.0,6.4
Hyderabad,17.385,78.4867,2025-10-26 14:00:00,9.1,8.9,329.0,2.3,3.3,95.0,27.7,68,0.1,6.3
Hyderabad,17.385,78.4867,2025-10-26 15:00:00,8.7,8.5,437.0,6.5,3.7,87.0,27.5,70,0.1,7.9
Hyderabad,17.385,78.4867,2025-10-26 16:00:00,9.7,9.5,586.0,12.4,4.3,74.0,26.7,72,0.3,7.8
Hyderabad,17.385,78.4867,2025-10-26 17:00:00,18.4,17.9,716.0,12.6,5.0,70.0,26.4,74,0.0,4.8
Hyderabad,17.385,78.4867,2025-10-26 18:00:00,21.7,21.3,819.0,15.2,6.2,63.0,25.8,78,0.0,3.4
Hyderabad,17.385,78.4867,2025-10-26 19:00:00,22.8,22.5,904.0,18.6,7.8,54.0,25.4,79,0.0,4.5
Hyderabad,17.385,78.4867,2025-10-26 20:00:00,22.5,22.0,938.0,20.7,9.0,48.0,24.8,80,0.0,5.8
Hyderabad,17.385,78.4867,2025-10-26 21:00:00,23.0,22.5,894.0,20.1,9.4,48.0,24.2,82,0.0,4.5
Hyderabad,17.385,78.4867,2025-10-26 22:00:00,23.2,22.6,800.0,18.2,9.4,51.0,23.7,85,0.0,7.1
Hyderabad,17.385,78.4867,2025-10-26 23:00:00,22.8,22.1,706.0,16.0,9.2,54.0,23.3,88,0.0,5.4
Hyderabad,17.385,78.4867,2025-10-27 00:00:00,22.6,22.0,620.0,13.8,9.0,56.0,22.8,91,0.0,0.4
Hyderabad,17.385,78.4867,2025-10-27 01:00:00,23.1,22.4,536.0,11.5,8.6,57.0,22.6,92,0.0,3.2
Hyderabad,17.385,78.4867,2025-10-27 02:00:00,23.4,22.7,482.0,9.7,8.2,59.0,22.2,93,0.0,5.5
Hyderabad,17.385,78.4867,2025-10-27 03:00:00,25.4,24.7,479.0,8.8,7.5,61.0,21.8,94,0.0,2.6
Hyderabad,17.385,78.4867,2025-10-27 04:00:00,27.1,26.3,506.0,8.4,6.8,63.0,21.5,96,0.0,2.1
Hyderabad,17.385,78.4867,2025-10-27 05:00:00,37.1,36.4,536.0,16.1,9.5,44.0,21.3,97,0.0,2.2
Hyderabad,17.385,78.4867,2025-10-27 06:00:00,47.3,46.4,572.0,17.1,10.3,49.0,21.3,97,0.0,2.8
Hyderabad,17.385,78.4867,2025-10-27 07:00:00,42.3,41.7,610.0,18.2,11.3,56.0,22.3,95,0.0,3.5
Hyderabad,17.385,78.4867,2025-10-27 08:00:00,31.7,31.0,612.0,17.6,11.6,66.0,24.1,89,0.0,3.3
Hyderabad,17.385,78.4867,2025-10-27 09:00:00,21.7,20.7,546.0,13.5,10.5,81.0,26.0,77,0.0,4.5
Hyderabad,17.385,78.4867,2025-10-27 10:00:00,18.5,17.6,444.0,7.8,8.6,99.0,27.4,68,0.1,5.6
Hyderabad,17.385,78.4867,2025-10-27 11:00:00,15.4,14.6,364.0,3.5,7.0,112.0,28.2,63,0.0,7.0
Hyderabad,17.385,78.4867,2025-10-27 12:00:00,13.4,12.7,305.0,1.2,6.0,117.0,28.6,60,0.1,6.8
Hyderabad,17.385,78.4867,2025-10-27 13:00:00,12.5,11.8,269.0,0.5,5.4,117.0,28.8,58,0.0,6.2
Hyderabad,17.385,78.4867,2025-10-27 14:00:00,12.0,11.4,315.0,3.2,5.4,111.0,28.6,59,0.0,5.6
Hyderabad,17.385,78.4867,2025-10-27 15:00:00,11.9,11.4,468.0,12.0,5.9,97.0,28.8,58,0.0,6.3
Hyderabad,17.385,78.4867,2025-10-27 16:00:00,12.5,12.0,703.0,24.4,7.1,77.0,28.3,60,0.0,4.9
Hyderabad,17.385,78.4867,2025-10-27 17:00:00,19.7,19.1,1010.0,20.0,7.5,74.0,27.0,67,0.0,7.0
Hyderabad,17.385,78.4867,2025-10-27 18:00:00,24.3,23.7,1513.0,21.9,9.6,65.0,25.7,75,0.0,6.3
Hyderabad,17.385,78.4867,2025-10-27 19:00:00,28.5,28.0,2088.0,24.5,12.5,52.0,25.4,79,0.0,2.0
Hyderabad,17.385,78.4867,2025-10-27 20:00:00,28.1,27.7,2350.0,26.0,14.5,43.0,25.4,78,0.0,2.7
Hyderabad,17.385,78.4867,2025-10-27 21:00:00,23.2,23.0,2030.0,25.6,14.8,43.0,24.9,80,0.4,2.6
Hyderabad,17.385,78.4867,2025-10-27 22:00:00,18.2,18.0,1397.0,24.0,14.4,47.0,23.8,89,1.2,6.1
Hyderabad,17.385,78.4867,2025-10-27 23:00:00,15.0,15.0,881.0,21.8,14.1,51.0,22.4,94,0.5,5.9
Hyderabad,17.385,78.4867,2025-10-28 00:00:00,13.4,13.4,651.0,18.5,14.7,53.0,22.7,97,0.6,6.8
Hyderabad,17.385,78.4867,2025-10-28 01:00:00,12.2,12.1,537.0,14.5,15.4,55.0,22.6,94,0.4,8.8
Hyderabad,17.385,78.4867,2025-10-28 02:00:00,11.6,11.5,461.0,11.4,15.7,56.0,22.4,93,0.3,10.0
Hyderabad,17.385,78.4867,2025-10-28 03:00:00,10.9,10.9,388.0,9.4,14.9,57.0,22.2,93,0.1,10.2
Hyderabad,17.385,78.4867,2025-10-28 04:00:00,9.9,9.8,352.0,8.3,13.5,58.0,22.2,92,0.1,10.2
Hyderabad,17.385,78.4867,2025-10-28 05:00:00,9.9,9.9,375.0,6.8,9.6,64.0,22.4,93,1.0,9.9
Hyderabad,17.385,78.4867,2025-10-28 06:00:00,9.9,9.9,520.0,8.6,9.2,62.0,22.6,93,0.9,10.4
Hyderabad,17.385,78.4867,2025-10-28 07:00:00,11.1,11.1,726.0,11.1,8.6,60.0,22.7,92,0.1,9.3
Hyderabad,17.385,78.4867,2025-10-28 08:00:00,10.9,10.9,825.0,12.1,8.0,60.0,23.1,92,0.0,8.9
Hyderabad,17.385,78.4867,2025-10-28 09:00:00,9.5,9.4,709.0,10.1,7.5,65.0,23.6,90,0.0,9.0
Hyderabad,17.385,78.4867,2025-10-28 10:00:00,8.2,8.2,488.0,6.8,7.0,73.0,24.0,88,0.0,9.8
Hyderabad,17.385,78.4867,2025-10-28 11:00:00,7.2,7.2,325.0,4.6,6.5,78.0,25.4,78,0.0,12.0
Hyderabad,17.385,78.4867,2025-10-28 12:00:00,7.2,7.1,289.0,5.0,6.1,76.0,26.1,74,0.0,13.1
Hyderabad,17.385,78.4867,2025-10-28 13:00:00,8.4,8.3,312.0,6.6,5.7,71.0,27.8,67,0.0,14.5
Hyderabad,17.385,78.4867,2025-10-28 14:00:00,9.4,9.4,353.0,8.2,5.4,66.0,27.1,67,0.6,12.8
Hyderabad,17.385,78.4867,2025-10-28 15:00:00,10.1,10.1,415.0,9.7,5.1,64.0,25.1,82,1.3,13.6
Hyderabad,17.385,78.4867,2025-10-28 16:00:00,9.4,9.4,496.0,11.3,4.8,62.0,24.3,85,2.0,12.0
Hyderabad,17.385,78.4867,2025-10-28 17:00:00,17.4,17.1,542.0,18.1,7.7,58.0,23.5,91,1.6,11.3
Hyderabad,17.385,78.4867,2025-10-28 18:00:00,15.8,15.6,523.0,15.8,7.2,59.0,22.9,93,0.7,11.9
Hyderabad,17.385,78.4867,2025-10-28 19:00:00,14.8,14.6,470.0,12.7,6.4,61.0,22.8,94,0.2,14.1
Hyderabad,17.385,78.4867,2025-10-28 20:00:00,13.9,13.8,425.0,10.1,5.8,62.0,22.5,95,0.0,16.2
Hyderabad,17.385,78.4867,2025-10-28 21:00:00,13.1,13.0,409.0,8.6,5.3,64.0,22.4,94,0.1,14.5
Hyderabad,17.385,78.4867,2025-10-28 22:00:00,10.0,10.0,401.0,7.7,4.9,65.0,22.0,95,2.6,13.4
Hyderabad,17.385,78.4867,2025-10-28 23:00:00,7.4,7.4,386.0,7.0,4.8,66.0,22.8,94,4.2,14.4
Hyderabad,17.385,78.4867,2025-10-29 00:00:00,6.1,6.1,350.0,6.3,5.2,66.0,22.5,95,0.9,15.2
Hyderabad,17.385,78.4867,2025-10-29 01:00:00,5.8,5.8,306.0,5.9,6.0,64.0,22.0,96,0.7,14.8
Hyderabad,17.385,78.4867,2025-10-29 02:00:00,5.6,5.6,276.0,5.6,6.7,62.0,22.0,96,2.5,11.8
Hyderabad,17.385,78.4867,2025-10-29 03:00:00,5.7,5.6,261.0,5.5,7.2,58.0,22.0,97,2.6,10.5
Hyderabad,17.385,78.4867,2025-10-29 04:00:00,5.1,5.1,260.0,5.5,7.6,54.0,22.0,97,2.0,14.1
Hyderabad,17.385,78.4867,2025-10-29 05:00:00,6.1,6.1,290.0,3.6,8.4,76.0,22.1,96,1.6,14.2
Hyderabad,17.385,78.4867,2025-10-29 06:00:00,7.4,7.4,385.0,6.3,8.4,71.0,22.0,97,1.6,12.7
Hyderabad,17.385,78.4867,2025-10-29 07:00:00,8.8,8.8,511.0,9.8,8.5,63.0,22.1,98,1.8,13.8
Hyderabad,17.385,78.4867,2025-10-29 08:00:00,10.1,10.0,585.0,12.1,8.2,58.0,21.9,98,1.4,14.2
Hyderabad,17.385,78.4867,2025-10-29 09:00:00,10.0,10.0,552.0,11.8,7.4,57.0,22.0,97,2.3,16.1
Hyderabad,17.385,78.4867,2025-10-29 10:00:00,10.9,10.8,467.0,10.2,6.3,58.0,22.2,96,2.6,16.5
Hyderabad,17.385,78.4867,2025-10-29 11:00:00,15.5,15.4,407.0,8.5,5.3,60.0,21.7,95,1.0,15.7
Hyderabad,17.385,78.4867,2025-10-29 12:00:00,17.8,17.5,407.0,7.0,4.3,65.0,21.7,96,2.4,14.1
Hyderabad,17.385,78.4867,2025-10-29 13:00:00,19.0,18.4,433.0,5.4,3.3,71.0,22.2,92,1.0,18.2
Hyderabad,17.385,78.4867,2025-10-29 14:00:00,18.2,17.5,461.0,4.5,2.7,76.0,22.3,91,0.9,17.6
Hyderabad,17.385,78.4867,2025-10-29 15:00:00,17.2,16.5,485.0,4.9,2.4,77.0,22.6,90,1.1,18.2
Hyderabad,17.385,78.4867,2025-10-29 16:00:00,16.9,16.0,512.0,6.1,2.5,77.0,22.8,90,0.2,17.8
Hyderabad,17.385,78.4867,2025-10-29 17:00:00,26.7,25.6,531.0,12.5,7.7,59.0,23.0,86,0.1,16.7
Hyderabad,17.385,78.4867,2025-10-29 18:00:00,26.9,26.1,548.0,11.7,8.1,62.0,23.1,84,0.0,16.0
Hyderabad,17.385,78.4867,2025-10-29 19:00:00,28.2,27.4,559.0,10.5,8.7,67.0,23.5,79,0.0,15.3
Hyderabad,17.385,78.4867,2025-10-29 20:00:00,28.6,27.6,540.0,9.3,8.7,70.0,23.8,77,0.0,15.0
Hyderabad,17.385,78.4867,2025-10-29 21:00:00,28.1,27.0,469.0,8.2,7.6,71.0,23.6,78,0.0,13.1
Hyderabad,17.385,78.4867,2025-10-29 22:00:00,25.4,24.4,369.0,7.2,5.9,72.0,23.7,80,0.0,13.3
Hyderabad,17.385,78.4867,2025-10-29 23:00:00,19.6,18.9,289.0,6.4,4.6,71.0,23.5,86,0.0,15.3
Hyderabad,17.385,78.4867,2025-10-30 00:00:00,13.1,12.7,250.0,5.8,4.0,69.0,22.9,85,0.2,19.5
Hyderabad,17.385,78.4867,2025-10-30 01:00:00,9.4,9.2,232.0,5.5,3.8,65.0,22.8,86,0.0,16.2
Hyderabad,17.385,78.4867,2025-10-30 02:00:00,8.3,8.1,224.0,5.2,3.7,63.0,22.7,86,0.0,16.3
Hyderabad,17.385,78.4867,2025-10-30 03:00:00,7.9,7.7,221.0,4.9,3.6,62.0,22.4,86,0.0,16.2
Hyderabad,17.385,78.4867,2025-10-30 04:00:00,7.7,7.4,229.0,4.7,3.5,62.0,22.3,87,0.0,15.2
Hyderabad,17.385,78.4867,2025-10-30 05:00:00,8.6,8.3,254.0,4.5,3.7,63.0,22.8,89,0.0,15.9
Hyderabad,17.385,78.4867,2025-10-30 06:00:00,9.2,8.8,317.0,5.4,4.0,63.0,22.8,88,0.0,14.8
Hyderabad,17.385,78.4867,2025-10-30 07:00:00,10.3,9.9,398.0,6.7,4.3,62.0,23.1,85,0.0,14.7
Hyderabad,17.385,78.4867,2025-10-30 08:00:00,11.6,11.0,440.0,7.2,4.5,64.0,23.9,81,0.0,14.5
Hyderabad,17.385,78.4867,2025-10-30 09:00:00,11.1,10.4,407.0,6.2,4.3,69.0,24.7,77,0.0,15.4
Hyderabad,17.385,78.4867,2025-10-30 10:00:00,11.6,10.9,336.0,4.5,4.0,76.0,25.7,70,0.0,17.6
Hyderabad,17.385,78.4867,2025-10-30 11:00:00,12.8,12.0,282.0,3.2,3.7,82.0,26.9,63,0.0,17.5
Hyderabad,17.385,78.4867,2025-10-30 12:00:00,14.0,13.1,255.0,2.4,3.4,88.0,27.8,60,0.0,16.7
Hyderabad,17.385,78.4867,2025-10-30 13:00:00,14.1,13.2,244.0,2.0,3.2,93.0,28.1,59,0.0,15.8
Hyderabad,17.385,78.4867,2025-10-30 14:00:00,14.6,13.6,273.0,2.4,3.2,95.0,28.4,55,0.0,16.3
Hyderabad,17.385,78.4867,2025-10-30 15:00:00,13.5,12.7,352.0,4.0,3.4,94.0,28.1,57,0.0,15.9
Hyderabad,17.385,78.4867,2025-10-30 16:00:00,13.4,12.6,471.0,6.5,3.9,90.0,27.5,62,0.0,12.7
Hyderabad,17.385,78.4867,2025-10-30 17:00:00,17.5,16.2,624.0,9.5,4.7,83.0,26.2,65,0.0,9.2
Hyderabad,17.385,78.4867,2025-10-30 18:00:00,18.9,17.9,875.0,12.9,6.0,74.0,25.5,70,0.0,7.3
Hyderabad,17.385,78.4867,2025-10-30 19:00:00,21.8,20.8,1161.0,17.4,7.7,62.0,25.2,73,0.0,6.1
Hyderabad,17.385,78.4867,2025-10-30 20:00:00,24.3,23.2,1286.0,20.3,9.0,53.0,24.9,74,0.0,6.3
Hyderabad,17.385,78.4867,2025-10-30 21:00:00,25.6,24.4,1113.0,20.2,9.4,50.0,24.5,74,0.0,7.1
Hyderabad,17.385,78.4867,2025-10-30 22:00:00,24.1,22.9,778.0,18.3,9.2,51.0,23.7,74,0.0,7.3
Hyderabad,17.385,78.4867,2025-10-30 23:00:00,20.3,19.2,499.0,16.1,8.8,51.0,23.4,68,0.0,10.2
Hyderabad,17.385,78.4867,2025-10-31 00:00:00,17.1,15.8,353.0,13.5,8.0,50.0,23.0,67,0.0,11.4
Hyderabad,17.385,78.4867,2025-10-31 01:00:00,15.2,13.7,262.0,10.4,7.0,50.0,22.4,67,0.0,11.3
Hyderabad,17.385,78.4867,2025-10-31 02:00:00,14.2,12.7,210.0,8.1,6.1,49.0,21.8,69,0.0,10.1
Hyderabad,17.385,78.4867,2025-10-31 03:00:00,13.5,12.0,194.0,7.1,5.5,47.0,21.4,72,0.0,9.3
Hyderabad,17.385,78.4867,2025-10-31 04:00:00,13.2,11.7,217.0,6.9,5.0,45.0,20.9,75,0.0,8.6
Hyderabad,17.385,78.4867,2025-10-31 05:00:00,11.8,10.5,266.0,6.6,5.0,44.0,21.1,82,0.0,10.5
Hyderabad,17.385,78.4867,2025-10-31 06:00:00,13.2,11.8,369.0,6.9,5.6,46.0,21.0,82,0.0,10.7
Hyderabad,17.385,78.4867,2025-10-31 07:00:00,14.8,13.7,499.0,7.2,6.3,49.0,21.8,82,0.0,9.2
Hyderabad,17.385,78.4867,2025-10-31 08:00:00,14.5,12.5,561.0,7.0,6.6,54.0,23.4,78,0.0,8.5
Hyderabad,17.385,78.4867,2025-10-31 09:00:00,14.3,11.4,488.0,5.6,5.9,62.0,25.0,72,0.0,10.8
Hyderabad,17.385,78.4867,2025-10-31 10:00:00,14.0,11.4,346.0,3.7,4.8,72.0,26.4,66,0.0,11.5
Hyderabad,17.385,78.4867,2025-10-31 11:00:00,13.9,11.7,242.0,2.3,3.9,80.0,27.4,61,0.0,14.3
Hyderabad,17.385,78.4867,2025-10-31 12:00:00,14.6,12.6,196.0,1.5,3.4,86.0,28.0,58,0.0,12.8
Hyderabad,17.385,78.4867,2025-10-31 13:00:00,15.7,13.8,187.0,1.2,3.2,90.0,28.4,56,0.0,12.0
Hyderabad,17.385,78.4867,2025-10-31 14:00:00,15.1,13.4,256.0,2.5,3.3,90.0,28.5,55,0.0,11.5
Hyderabad,17.385,78.4867,2025-10-31 15:00:00,14.5,13.0,476.0,6.5,3.7,84.0,28.1,56,0.0,10.8
Hyderabad,17.385,78.4867,2025-10-31 16:00:00,14.2,12.9,773.0,12.1,4.3,74.0,27.7,59,0.0,8.0
Hyderabad,17.385,78.4867,2025-10-31 17:00:00,19.0,17.9,968.0,15.7,5.8,70.0,26.2,70,0.0,8.0
Hyderabad,17.385,78.4867,2025-10-31 18:00:00,24.6,23.3,967.0,18.9,7.4,62.0,25.3,73,0.0,8.1
Hyderabad,17.385,78.4867,2025-10-31 19:00:00,28.4,27.1,864.0,23.1,9.6,52.0,24.9,74,0.0,6.8
Hyderabad,17.385,78.4867,2025-10-31 20:00:00,29.5,28.2,763.0,25.6,11.1,45.0,24.2,79,0.0,6.0
Hyderabad,17.385,78.4867,2025-10-31 21:00:00,29.4,28.0,704.0,24.9,11.2,44.0,23.4,83,0.0,5.6
Hyderabad,17.385,78.4867,2025-10-31 22:00:00,28.8,27.4,647.0,22.3,10.5,46.0,23.1,84,0.0,5.0
Hyderabad,17.385,78.4867,2025-10-31 23:00:00,26.5,25.1,575.0,19.3,10.2,49.0,22.9,85,0.0,4.5
Hyderabad,17.385,78.4867,2025-11-01 00:00:00,23.2,21.8,465.0,15.8,10.7,53.0,22.9,85,0.0,6.4
Hyderabad,17.385,78.4867,2025-11-01 01:00:00,20.4,19.2,342.0,11.8,11.4,57.0,22.5,86,0.0,6.8
Hyderabad,17.385,78.4867,2025-11-01 02:00:00,18.6,17.4,259.0,8.9,11.8,59.0,22.3,87,0.0,6.6
Hyderabad,17.385,78.4867,2025-11-01 03:00:00,17.1,15.9,234.0,8.1,11.4,56.0,22.1,88,0.0,6.9
Hyderabad,17.385,78.4867,2025-11-01 04:00:00,15.4,14.3,250.0,8.4,10.6,51.0,22.0,88,0.0,6.9
Hyderabad,17.385,78.4867,2025-11-01 05:00:00,18.7,17.7,312.0,9.7,11.4,47.0,22.3,90,0.0,5.3
Hyderabad,17.385,78.4867,2025-11-01 06:00:00,18.8,18.0,473.0,9.7,10.6,51.0,22.6,90,0.1,5.5
Hyderabad,17.385,78.4867,2025-11-01 07:00:00,16.8,16.2,682.0,9.6,9.5,57.0,23.2,89,0.0,4.0
Hyderabad,17.385,78.4867,2025-11-01 08:00:00,11.4,10.9,784.0,8.9,8.1,65.0,24.8,83,0.0,4.2
Hyderabad,17.385,78.4867,2025-11-01 09:00:00,8.1,7.6,678.0,6.8,6.3,75.0,26.5,77,0.0,6.3
Hyderabad,17.385,78.4867,2025-11-01 10:00:00,7.0,6.4,467.0,3.9,4.3,87.0,27.5,73,0.0,6.5
Hyderabad,17.385,78.4867,2025-11-01 11:00:00,6.7,6.0,306.0,2.0,2.9,95.0,27.7,70,0.0,8.8
Hyderabad,17.385,78.4867,2025-11-01 12:00:00,6.9,6.1,232.0,1.4,2.5,97.0,28.4,66,0.0,8.0
Hyderabad,17.385,78.4867,2025-11-01 13:00:00,7.2,6.6,209.0,1.8,2.6,96.0,28.5,64,0.0,7.9
Hyderabad,17.385,78.4867,2025-11-01 14:00:00,7.4,6.8,278.0,3.2,3.0,92.0,28.7,63,0.0,9.0
Hyderabad,17.385,78.4867,2025-11-01 15:00:00,7.1,6.7,459.0,5.9,3.4,87.0,28.6,64,0.0,8.5
Hyderabad,17.385,78.4867,2025-11-01 16:00:00,7.7,7.3,733.0,9.7,4.0,79.0,28.2,66,0.0,8.3
Hyderabad,17.385,78.4867,2025-11-01 17:00:00,18.2,16.3,1088.0,15.3,4.5,66.0,26.5,80,0.0,0.5
Hyderabad,17.385,78.4867,2025-11-01 18:00:00,20.8,19.4,1653.0,18.8,6.4,58.0,26.3,79,0.0,2.1
Hyderabad,17.385,78.4867,2025-11-01 19:00:00,26.0,24.6,2300.0,23.7,9.2,47.0,25.7,84,0.0,1.9
Hyderabad,17.385,78.4867,2025-11-01 20:00:00,30.6,29.2,2627.0,28.1,12.3,37.0,25.2,86,0.0,0.6
Hyderabad,17.385,78.4867,2025-11-01 21:00:00,37.4,35.7,2364.0,31.5,16.4,31.0,24.5,89,0.0,1.2
Hyderabad,17.385,78.4867,2025-11-01 22:00:00,44.0,42.3,1783.0,34.4,20.7,26.0,23.9,91,0.0,1.4
Hyderabad,17.385,78.4867,2025-11-01 23:00:00,46.1,44.2,1297.0,35.7,22.7,23.0,23.5,94,0.0,1.0
Hyderabad,17.385,78.4867,2025-11-02 00:00:00,40.6,38.8,1079.0,35.3,20.5,22.0,23.7,93,0.0,3.5
Hyderabad,17.385,78.4867,2025-11-02 01:00:00,32.6,31.1,956.0,33.5,15.8,24.0,23.5,89,0.1,6.8
Hyderabad,17.385,78.4867,2025-11-02 02:00:00,24.2,23.2,829.0,29.9,11.8,28.0,23.3,87,0.0,6.6
Hyderabad,17.385,78.4867,2025-11-02 03:00:00,16.6,16.0,627.0,23.1,9.3,36.0,23.3,87,0.0,6.9
Hyderabad,17.385,78.4867,2025-11-02 04:00:00,10.8,10.4,420.0,14.6,7.3,48.0,23.0,88,0.0,7.2
Hyderabad,17.385,78.4867,2025-11-02 05:00:00,15.4,15.0,322.0,19.1,9.8,42.0,23.1,87,0.0,12.1
Hyderabad,17.385,78.4867,2025-11-02 06:00:00,11.6,11.4,441.0,15.8,9.0,48.0,22.5,84,0.0,9.7
Hyderabad,17.385,78.4867,2025-11-02 07:00:00,9.9,9.8,668.0,11.3,7.8,57.0,23.5,85,0.0,5.4
Hyderabad,17.385,78.4867,2025-11-02 08:00:00,8.9,8.8,791.0,7.5,6.9,67.0,25.1,82,0.0,6.0
Hyderabad,17.385,78.4867,2025-11-02 09:00:00,8.6,8.5,687.0,5.0,6.7,80.0,26.4,78,0.0,8.0
Hyderabad,17.385,78.4867,2025-11-02 10:00:00,8.7,8.6,479.0,3.3,6.7,94.0,27.7,74,0.0,8.8
Hyderabad,17.385,78.4867,2025-11-02 11:00:00,8.2,8.1,326.0,2.5,6.5,103.0,27.8,71,0.0,8.6
Hyderabad,17.385,78.4867,2025-11-02 12:00:00,8.6,8.5,286.0,2.6,5.6,102.0,28.6,68,0.1,9.7
Hyderabad,17.385,78.4867,2025-11-02 13:00:00,11.4,11.2,300.0,3.6,4.4,95.0,29.1,61,0.0,9.1
Hyderabad,17.385,78.4867,2025-11-02 14:00:00,12.1,12.0,354.0,5.6,3.9,87.0,28.3,63,0.1,10.9
Hyderabad,17.385,78.4867,2025-11-02 15:00:00,11.4,11.3,467.0,9.5,4.5,80.0,26.0,74,0.1,13.8
Hyderabad,17.385,78.4867,2025-11-02 16:00:00,12.4,12.3,619.0,14.5,5.7,72.0,25.6,77,0.0,7.4
Hyderabad,17.385,78.4867,2025-11-02 17:00:00,13.8,13.1,735.0,12.5,4.6,71.0,25.4,78,0.0,10.3
Hyderabad,17.385,78.4867,2025-11-02 18:00:00,15.2,14.7,787.0,13.0,5.5,67.0,24.7,81,0.0,8.3
Hyderabad,17.385,78.4867,2025-11-02 19:00:00,16.9,16.4,804.0,13.7,6.7,62.0,24.3,84,0.0,8.5
Hyderabad,17.385,78.4867,2025-11-02 20:00:00,18.1,17.6,794.0,14.0,7.6,58.0,24.1,86,0.0,7.9
Hyderabad,17.385,78.4867,2025-11-02 21:00:00,19.4,18.7,754.0,13.6,7.7,55.0,23.8,88,0.0,7.1
Hyderabad,17.385,78.4867,2025-11-02 22:00:00,20.5,19.7,688.0,12.9,7.4,52.0,23.5,89,0.0,7.0
Hyderabad,17.385,78.4867,2025-11-02 23:00:00,20.5,19.6,611.0,11.9,7.1,50.0,23.9,90,0.0,8.9
Hyderabad,17.385,78.4867,2025-11-03 00:00:00,20.3,19.2,514.0,10.5,6.6,49.0,23.8,90,0.0,8.3
Hyderabad,17.385,78.4867,2025-11-03 01:00:00,20.3,19.1,406.0,8.8,6.1,48.0,23.6,90,0.0,8.0
Hyderabad,17.385,78.4867,2025-11-03 02:00:00,20.2,19.0,332.0,7.6,6.0,47.0,23.3,90,0.0,7.5
Hyderabad,17.385,78.4867,2025-11-03 03:00:00,20.0,18.9,313.0,7.3,6.5,45.0,23.2,91,0.0,7.5
Hyderabad,17.385,78.4867,2025-11-03 04:00:00,19.8,18.9,328.0,7.5,7.4,42.0,23.1,91,0.0,7.7
Hyderabad,17.385,78.4867,2025-11-03 05:00:00,17.5,16.6,363.0,7.3,8.0,49.0,23.4,91,0.0,8.3
Hyderabad,17.385,78.4867,2025-11-03 06:00:00,16.4,15.8,437.0,7.5,8.2,54.0,22.7,94,0.0,10.9
Hyderabad,17.385,78.4867,2025-11-03 07:00:00,12.8,12.5,532.0,7.8,8.4,63.0,22.4,91,0.3,10.3
Hyderabad,17.385,78.4867,2025-11-03 08:00:00,10.5,10.4,576.0,7.5,8.3,73.0,23.8,86,0.1,12.6
Hyderabad,17.385,78.4867,2025-11-03 09:00:00,10.2,10.1,522.0,6.1,7.5,88.0,25.1,81,0.0,10.9
Hyderabad,17.385,78.4867,2025-11-03 10:00:00,11.1,11.1,418.0,4.2,6.3,105.0,26.7,74,0.0,7.5
Hyderabad,17.385,78.4867,2025-11-03 11:00:00,12.7,12.6,339.0,2.9,5.3,118.0,27.7,72,0.1,6.6
Hyderabad,17.385,78.4867,2025-11-03 12:00:00,15.9,15.8,297.0,2.4,4.7,123.0,28.5,67,0.0,7.4
Hyderabad,17.385,78.4867,2025-11-03 13:00:00,19.7,19.6,280.0,2.5,4.2,123.0,28.8,64,0.0,7.0
Hyderabad,17.385,78.4867,2025-11-03 14:00:00,23.7,23.6,327.0,4.0,4.1,119.0,28.6,63,0.0,6.4
Hyderabad,17.385,78.4867,2025-11-03 15:00:00,22.2,22.0,482.0,7.2,4.3,112.0,28.6,64,0.0,6.4
Hyderabad,17.385,78.4867,2025-11-03 16:00:00,22.5,22.3,702.0,11.7,4.8,102.0,28.3,64,0.0,6.8
Hyderabad,17.385,78.4867,2025-11-03 17:00:00,24.0,23.9,895.0,19.3,7.4,83.0,27.2,73,0.0,1.2
Hyderabad,17.385,78.4867,2025-11-03 18:00:00,30.5,30.4,1028.0,23.8,9.1,71.0,26.7,77,0.0,2.0
Hyderabad,17.385,78.4867,2025-11-03 19:00:00,36.3,36.2,1135.0,29.8,11.5,56.0,26.3,80,0.0,2.2
Hyderabad,17.385,78.4867,2025-11-03 20:00:00,35.9,35.7,1224.0,33.3,12.9,44.0,25.1,86,0.3,5.1
Hyderabad,17.385,78.4867,2025-11-03 21:00:00,30.7,30.6,1339.0,32.1,12.5,41.0,24.8,87,0.0,3.4
Hyderabad,17.385,78.4867,2025-11-03 22:00:00,28.4,28.3,1437.0,28.3,11.0,42.0,24.3,89,0.0,5.8
Hyderabad,17.385,78.4867,2025-11-03 23:00:00,27.0,26.8,1393.0,24.2,9.7,44.0,23.5,93,0.2,3.3
Hyderabad,17.385,78.4867,2025-11-04 00:00:00,26.0,25.8,1079.0,20.3,8.7,47.0,23.0,96,0.0,2.7
Hyderabad,17.385,78.4867,2025-11-04 01:00:00,24.6,24.4,623.0,16.0,7.7,50.0,23.2,94,0.0,6.5
Hyderabad,17.385,78.4867,2025-11-04 02:00:00,20.8,20.7,294.0,12.4,7.1,54.0,22.9,92,0.0,6.6
Hyderabad,17.385,78.4867,2025-11-04 03:00:00,17.9,17.9,213.0,9.6,6.9,58.0,22.6,92,0.0,7.0
Hyderabad,17.385,78.4867,2025-11-04 04:00:00,15.9,15.8,258.0,7.5,7.1,61.0,22.3,93,0.0,10.1
Hyderabad,17.385,78.4867,2025-11-04 05:00:00,10.9,10.9,331.0,5.3,6.3,68.0,22.5,96,0.2,1.3
Hyderabad,17.385,78.4867,2025-11-04 06:00:00,10.8,10.8,430.0,6.6,7.1,66.0,22.3,96,0.0,5.8
Hyderabad,17.385,78.4867,2025-11-04 07:00:00,11.1,11.0,556.0,8.4,8.3,65.0,22.8,93,0.0,7.2
Hyderabad,17.385,78.4867,2025-11-04 08:00:00,10.2,10.2,615.0,9.0,8.8,69.0,24.0,86,0.0,6.7
Hyderabad,17.385,78.4867,2025-11-04 09:00:00,9.2,9.1,539.0,7.5,8.3,84.0,25.9,77,0.0,7.7
Hyderabad,17.385,78.4867,2025-11-04 10:00:00,9.4,9.3,396.0,4.8,7.1,104.0,27.1,73,0.0,7.3
Hyderabad,17.385,78.4867,2025-11-04 11:00:00,10.0,9.9,293.0,2.9,6.1,118.0,27.4,69,0.1,9.5
Hyderabad,17.385,78.4867,2025-11-04 12:00:00,10.5,10.3,267.0,2.1,5.2,119.0,27.8,65,0.1,8.4
Hyderabad,17.385,78.4867,2025-11-04 13:00:00,12.3,12.0,281.0,2.1,4.4,114.0,27.8,66,0.1,6.7
Hyderabad,17.385,78.4867,2025-11-04 14:00:00,15.0,14.7,333.0,3.3,4.1,107.0,28.2,63,0.1,6.4
Hyderabad,17.385,78.4867,2025-11-04 15:00:00,17.3,17.0,439.0,6.1,4.5,100.0,27.2,64,0.2,9.3
Hyderabad,17.385,78.4867,2025-11-04 16:00:00,17.8,17.5,584.0,10.1,5.3,91.0,25.9,73,0.8,6.4
Hyderabad,17.385,78.4867,2025-11-04 17:00:00,25.3,24.9,720.0,22.7,9.3,68.0,23.3,88,0.0,4.7
Hyderabad,17.385,78.4867,2025-11-04 18:00:00,31.3,30.9,849.0,26.2,10.6,60.0,23.4,89,0.0,3.6
Hyderabad,17.385,78.4867,2025-11-04 19:00:00,32.2,31.8,970.0,30.9,12.4,48.0,23.3,90,0.0,5.1
Hyderabad,17.385,78.4867,2025-11-04 20:00:00,33.3,32.8,1031.0,33.5,13.6,40.0,23.2,91,0.0,6.1
Hyderabad,17.385,78.4867,2025-11-04 21:00:00,33.8,33.3,999.0,32.3,13.5,38.0,22.9,92,0.0,6.5
Hyderabad,17.385,78.4867,2025-11-04 22:00:00,33.2,32.7,907.0,28.9,12.8,39.0,22.6,93,0.0,6.2
Hyderabad,17.385,78.4867,2025-11-04 23:00:00,31.7,31.1,803.0,25.2,12.0,41.0,22.9,98,0.0,3.8
Hyderabad,17.385,78.4867,2025-11-05 00:00:00,30.0,29.4,687.0,21.3,11.3,44.0,23.0,97,0.0,3.9
Hyderabad,17.385,78.4867,2025-11-05 01:00:00,28.9,28.2,558.0,17.0,10.5,48.0,22.7,98,0.0,4.4
Hyderabad,17.385,78.4867,2025-11-05 02:00:00,28.2,27.5,468.0,13.8,9.9,50.0,22.2,99,0.0,5.6
Hyderabad,17.385,78.4867,2025-11-05 03:00:00,27.6,26.9,428.0,12.1,9.6,49.0,22.0,98,0.0,4.6
Hyderabad,17.385,78.4867,2025-11-05 04:00:00,27.4,26.7,426.0,11.5,9.5,48.0,21.7,99,0.0,5.3
Hyderabad,17.385,78.4867,2025-11-05 05:00:00,31.1,30.4,476.0,16.9,12.6,42.0,22.2,95,0.0,5.0
Hyderabad,17.385,78.4867,2025-11-05 06:00:00,32.4,31.7,640.0,16.8,13.2,49.0,22.6,93,0.0,5.7
Hyderabad,17.385,78.4867,2025-11-05 07:00:00,33.1,32.5,857.0,16.4,14.0,60.0,23.4,92,0.0,3.1
Hyderabad,17.385,78.4867,2025-11-05 08:00:00,27.4,26.6,949.0,14.9,13.9,73.0,25.1,84,0.0,3.4
Hyderabad,17.385,78.4867,2025-11-05 09:00:00,21.1,20.1,795.0,11.2,12.2,89.0,26.7,70,0.0,5.8
Hyderabad,17.385,78.4867,2025-11-05 10:00:00,19.4,18.4,518.0,6.3,9.6,107.0,27.6,62,0.0,6.4
Hyderabad,17.385,78.4867,2025-11-05 11:00:00,19.2,18.2,309.0,2.8,7.6,120.0,28.0,53,0.0,7.0
Hyderabad,17.385,78.4867,2025-11-05 12:00:00,19.8,18.9,238.0,1.3,6.9,127.0,28.6,50,0.0,6.1
Hyderabad,17.385,78.4867,2025-11-05 13:00:00,20.7,19.7,236.0,1.3,6.8,129.0,29.2,47,0.0,6.1
Hyderabad,17.385,78.4867,2025-11-05 14:00:00,19.8,18.9,286.0,2.9,7.0,127.0,29.7,46,0.0,5.5
Hyderabad,17.385,78.4867,2025-11-05 15:00:00,19.7,18.9,413.0,6.5,7.2,119.0,29.2,47,0.0,9.7
Hyderabad,17.385,78.4867,2025-11-05 16:00:00,19.8,19.2,592.0,11.8,7.8,106.0,28.2,53,0.0,9.3
Hyderabad,17.385,78.4867,2025-11-05 17:00:00,20.6,20.3,738.0,19.3,8.7,88.0,27.1,61,0.0,4.5
Hyderabad,17.385,78.4867,2025-11-05 18:00:00,27.5,27.1,823.0,27.4,11.3,73.0,26.2,65,0.0,7.4
Hyderabad,17.385,78.4867,2025-11-05 19:00:00,32.4,32.0,875.0,38.6,15.0,53.0,25.5,67,0.0,6.5
Hyderabad,17.385,78.4867,2025-11-05 20:00:00,36.6,36.3,885.0,47.0,18.1,37.0,24.8,69,0.0,6.7
Hyderabad,17.385,78.4867,2025-11-05 21:00:00,39.3,39.1,839.0,50.5,20.2,29.0,24.1,72,0.0,6.6
Hyderabad,17.385,78.4867,2025-11-05 22:00:00,42.8,42.5,752.0,51.2,21.6,24.0,23.5,74,0.0,6.1
Hyderabad,17.385,78.4867,2025-11-05 23:00:00,44.8,44.5,664.0,49.8,22.0,22.0,23.1,81,0.0,3.6
Hyderabad,17.385,78.4867,2025-11-06 00:00:00,44.7,44.2,580.0,45.7,20.8,22.0,23.1,81,0.0,6.1
Hyderabad,17.385,78.4867,2025-11-06 01:00:00,44.2,43.8,496.0,39.4,18.5,24.0,22.7,81,0.0,5.8
Hyderabad,17.385,78.4867,2025-11-06 02:00:00,43.1,42.5,434.0,33.3,16.6,27.0,22.4,81,0.0,5.6
Hyderabad,17.385,78.4867,2025-11-06 03:00:00,41.0,40.4,393.0,27.5,15.5,32.0,22.0,82,0.0,4.6
Hyderabad,17.385,78.4867,2025-11-06 04:00:00,39.3,38.6,374.0,21.9,14.7,37.0,21.7,83,0.0,4.5
Hyderabad,17.385,78.4867,2025-11-06 05:00:00,37.3,36.3,409.0,14.9,13.8,47.0,21.9,84,0.0,4.5
Hyderabad,17.385,78.4867,2025-11-06 06:00:00,38.3,37.5,564.0,15.9,14.4,54.0,22.6,80,0.0,6.0
Hyderabad,17.385,78.4867,2025-11-06 07:00:00,40.3,39.5,772.0,17.1,15.2,64.0,23.3,79,0.0,5.9
Hyderabad,17.385,78.4867,2025-11-06 08:00:00,40.5,39.6,866.0,16.5,15.2,77.0,24.9,70,0.0,4.0
Hyderabad,17.385,78.4867,2025-11-06 09:00:00,36.9,36.0,730.0,12.4,13.8,96.0,26.3,59,0.0,6.5
Hyderabad,17.385,78.4867,2025-11-06 10:00:00,29.0,28.1,479.0,6.6,11.7,117.0,27.2,50,0.0,8.5
Hyderabad,17.385,78.4867,2025-11-06 11:00:00,24.2,23.4,292.0,2.4,9.8,132.0,28.1,47,0.0,8.5
Hyderabad,17.385,78.4867,2025-11-06 12:00:00,21.5,20.8,238.0,0.8,8.5,136.0,28.6,46,0.0,8.1
Hyderabad,17.385,78.4867,2025-11-06 13:00:00,20.2,19.4,248.0,0.9,7.5,133.0,28.3,47,0.0,6.3
Hyderabad,17.385,78.4867,2025-11-06 14:00:00,20.4,19.7,293.0,3.4,7.1,126.0,28.7,45,0.0,7.7
Hyderabad,17.385,78.4867,2025-11-06 15:00:00,20.7,19.9,381.0,9.7,7.5,112.0,28.0,47,0.0,8.3
Hyderabad,17.385,78.4867,2025-11-06 16:00:00,22.7,21.9,503.0,18.4,8.5,94.0,27.9,48,0.0,5.6
Hyderabad,17.385,78.4867,2025-11-06 17:00:00,26.8,26.0,607.0,24.7,9.8,83.0,26.9,56,0.0,4.9
Hyderabad,17.385,78.4867,2025-11-06 18:00:00,34.6,33.5,671.0,32.8,12.4,69.0,26.0,59,0.0,6.7
Hyderabad,17.385,78.4867,2025-11-06 19:00:00,40.2,39.0,716.0,43.9,16.0,50.0,25.3,61,0.0,7.3
Hyderabad,17.385,78.4867,2025-11-06 20:00:00,44.0,42.7,754.0,51.6,18.7,35.0,24.4,65,0.0,7.1
Hyderabad,17.385,78.4867,2025-11-06 21:00:00,44.8,43.4,809.0,53.3,19.7,29.0,23.7,69,0.0,6.6
Hyderabad,17.385,78.4867,2025-11-06 22:00:00,45.3,43.8,858.0,51.5,19.7,28.0,23.1,72,0.0,5.1
Hyderabad,17.385,78.4867,2025-11-06 23:00:00,44.6,42.8,841.0,47.9,19.4,29.0,22.8,76,0.0,5.5
Hyderabad,17.385,78.4867,2025-11-07 00:00:00,43.5,41.6,697.0,42.0,18.9,33.0,23.0,74,0.0,6.7
Hyderabad,17.385,78.4867,2025-11-07 01:00:00,43.3,41.0,489.0,34.1,18.0,39.0,22.7,75,0.0,6.2
Hyderabad,17.385,78.4867,2025-11-07 02:00:00,42.5,39.9,342.0,27.0,17.1,46.0,22.3,76,0.0,4.8
Hyderabad,17.385,78.4867,2025-11-07 03:00:00,40.9,38.0,314.0,21.1,16.1,53.0,21.8,81,0.0,3.2
Hyderabad,17.385,78.4867,2025-11-07 04:00:00,38.6,35.6,348.0,15.9,15.1,60.0,21.6,80,0.0,3.6
Hyderabad,17.385,78.4867,2025-11-07 05:00:00,36.9,34.2,402.0,13.6,16.6,61.0,22.0,78,0.0,7.2
Hyderabad,17.385,78.4867,2025-11-07 06:00:00,37.3,34.6,492.0,14.8,17.2,66.0,22.1,78,0.0,8.0
Hyderabad,17.385,78.4867,2025-11-07 07:00:00,36.8,34.7,603.0,16.4,18.0,74.0,22.8,77,0.0,7.7
Hyderabad,17.385,78.4867,2025-11-07 08:00:00,34.0,32.1,644.0,16.1,17.8,86.0,24.5,68,0.0,6.4
Hyderabad,17.385,78.4867,2025-11-07 09:00:00,31.8,29.9,549.0,12.3,15.7,106.0,26.4,55,0.0,9.3
Hyderabad,17.385,78.4867,2025-11-07 10:00:00,32.1,29.9,385.0,6.7,12.7,129.0,27.6,45,0.0,9.3
Hyderabad,17.385,78.4867,2025-11-07 11:00:00,29.8,27.8,263.0,2.6,10.2,146.0,28.4,41,0.0,9.7
Hyderabad,17.385,78.4867,2025-11-07 12:00:00,28.1,26.4,232.0,0.9,8.9,153.0,29.1,39,0.0,9.1
Hyderabad,17.385,78.4867,2025-11-07 13:00:00,27.0,25.6,243.0,0.6,8.1,154.0,29.3,38,0.0,9.5
Hyderabad,17.385,78.4867,2025-11-07 14:00:00,26.3,25.0,266.0,2.6,7.9,149.0,29.5,37,0.0,9.4
Hyderabad,17.385,78.4867,2025-11-07 15:00:00,25.7,24.6,294.0,7.4,8.1,137.0,29.3,36,0.0,9.4
Hyderabad,17.385,78.4867,2025-11-07 16:00:00,26.5,25.5,334.0,14.4,8.7,119.0,28.6,38,0.0,9.9
Hyderabad,17.385,78.4867,2025-11-07 17:00:00,29.5,28.5,377.0,21.5,8.8,93.0,27.2,45,0.0,7.0
Hyderabad,17.385,78.4867,2025-11-07 18:00:00,34.2,33.4,430.0,26.9,10.9,81.0,26.0,49,0.0,8.4
Hyderabad,17.385,78.4867,2025-11-07 19:00:00,36.2,35.5,485.0,34.3,13.8,65.0,24.8,53,0.0,7.4
Hyderabad,17.385,78.4867,2025-11-07 20:00:00,36.3,35.6,519.0,39.0,16.0,53.0,23.5,57,0.0,6.9
Hyderabad,17.385,78.4867,2025-11-07 21:00:00,35.6,35.0,518.0,38.9,16.7,48.0,23.0,56,0.0,7.9
Hyderabad,17.385,78.4867,2025-11-07 22:00:00,35.0,34.5,495.0,36.2,16.7,47.0,22.4,57,0.0,7.9
Hyderabad,17.385,78.4867,2025-11-07 23:00:00,33.8,33.2,459.0,32.7,16.5,48.0,21.8,63,0.0,6.7
Hyderabad,17.385,78.4867,2025-11-08 00:00:00,32.1,31.5,400.0,28.7,16.1,50.0,21.7,64,0.0,7.6
Hyderabad,17.385,78.4867,2025-11-08 01:00:00,31.1,30.5,328.0,24.0,15.4,53.0,21.5,65,0.0,7.9
Hyderabad,17.385,78.4867,2025-11-08 02:00:00,31.0,30.4,285.0,20.0,14.8,56.0,21.0,66,0.0,7.8
Hyderabad,17.385,78.4867,2025-11-08 03:00:00,30.7,30.2,282.0,16.9,14.3,58.0,20.7,66,0.0,7.8
Hyderabad,17.385,78.4867,2025-11-08 04:00:00,30.0,29.6,308.0,14.5,13.9,60.0,20.6,65,0.0,7.6
Hyderabad,17.385,78.4867,2025-11-08 05:00:00,21.7,21.4,371.0,9.3,12.1,76.0,20.3,69,0.0,6.8
Hyderabad,17.385,78.4867,2025-11-08 06:00:00,23.8,23.4,523.0,12.5,13.0,76.0,20.7,65,0.0,8.3
Hyderabad,17.385,78.4867,2025-11-08 07:00:00,27.0,26.6,712.0,16.7,14.2,78.0,21.5,63,0.0,8.1
Hyderabad,17.385,78.4867,2025-11-08 08:00:00,28.7,28.3,796.0,18.1,14.7,86.0,23.3,60,0.0,5.5
Hyderabad,17.385,78.4867,2025-11-08 09:00:00,27.0,26.4,672.0,14.1,13.7,107.0,25.6,48,0.0,8.2
Hyderabad,17.385,78.4867,2025-11-08 10:00:00,26.7,26.0,442.0,7.4,12.0,135.0,27.1,37,0.0,8.9
Hyderabad,17.385,78.4867,2025-11-08 11:00:00,27.8,27.0,272.0,2.4,10.6,156.0,27.7,31,0.0,7.3
Hyderabad,17.385,78.4867,2025-11-08 12:00:00,28.6,27.7,235.0,0.5,9.8,164.0,28.4,28,0.0,6.2
Hyderabad,17.385,78.4867,2025-11-08 13:00:00,29.4,28.3,258.0,0.4,9.4,164.0,28.8,26,0.0,6.0
Hyderabad,17.385,78.4867,2025-11-08 14:00:00,29.9,28.8,291.0,2.5,9.3,159.0,28.9,27,0.0,6.3
Hyderabad,17.385,78.4867,2025-11-08 15:00:00,30.9,29.6,317.0,7.6,9.5,146.0,28.6,30,0.0,6.6
Hyderabad,17.385,78.4867,2025-11-08 16:00:00,32.1,31.0,352.0,14.9,10.0,127.0,27.9,32,0.0,7.6
Hyderabad,17.385,78.4867,2025-11-08 17:00:00,22.9,22.4,396.0,25.0,10.7,106.0,26.9,34,0.0,7.0
Hyderabad,17.385,78.4867,2025-11-08 18:00:00,31.9,31.2,459.0,34.4,13.2,88.0,26.0,39,0.0,7.6
Hyderabad,17.385,78.4867,2025-11-08 19:00:00,37.7,37.0,532.0,47.2,16.7,62.0,25.0,44,0.0,6.4
Hyderabad,17.385,78.4867,2025-11-08 20:00:00,42.7,41.8,583.0,56.2,19.2,42.0,23.8,51,0.0,4.7
Hyderabad,17.385,78.4867,2025-11-08 21:00:00,45.1,44.0,604.0,58.2,19.8,33.0,22.8,59,0.0,4.2
Hyderabad,17.385,78.4867,2025-11-08 22:00:00,46.4,45.2,603.0,56.4,19.4,29.0,21.9,65,0.0,4.4
Hyderabad,17.385,78.4867,2025-11-08 23:00:00,46.2,44.6,575.0,52.6,18.8,28.0,21.1,72,0.0,2.5
Hyderabad,17.385,78.4867,2025-11-09 00:00:00,44.9,43.1,495.0,46.4,18.0,30.0,21.2,65,0.0,3.8
Hyderabad,17.385,78.4867,2025-11-09 01:00:00,44.5,42.5,387.0,38.2,17.0,35.0,20.7,65,0.0,4.2
Hyderabad,17.385,78.4867,2025-11-09 02:00:00,44.7,42.5,323.0,31.0,16.4,41.0,20.2,65,0.0,4.4
Hyderabad,17.385,78.4867,2025-11-09 03:00:00,45.3,43.0,327.0,25.5,16.4,46.0,19.3,68,0.0,6.6
Hyderabad,17.385,78.4867,2025-11-09 04:00:00,46.4,44.0,374.0,20.9,16.8,52.0,18.6,74,0.0,5.3
Hyderabad,17.385,78.4867,2025-11-09 05:00:00,49.9,47.7,463.0,22.3,16.8,47.0,18.3,83,0.0,4.1
Hyderabad,17.385,78.4867,2025-11-09 06:00:00,52.2,49.8,651.0,22.5,18.2,58.0,18.6,83,0.0,5.1
Hyderabad,17.385,78.4867,2025-11-09 07:00:00,53.1,50.9,880.0,22.4,20.0,73.0,19.6,79,0.0,5.0
Hyderabad,17.385,78.4867,2025-11-09 08:00:00,47.5,45.3,978.0,20.6,20.8,92.0,22.2,63,0.0,3.3
Hyderabad,17.385,78.4867,2025-11-09 09:00:00,42.7,40.0,819.0,15.1,19.8,117.0,24.7,44,0.0,7.4
Hyderabad,17.385,78.4867,2025-11-09 10:00:00,37.7,34.6,529.0,7.9,17.8,145.0,26.0,37,0.0,8.3
Hyderabad,17.385,78.4867,2025-11-09 11:00:00,37.0,33.9,315.0,2.6,15.9,166.0,26.7,35,0.0,8.1
Hyderabad,17.385,78.4867,2025-11-09 12:00:00,35.7,32.7,269.0,0.5,14.5,175.0,27.6,34,0.0,7.6
Hyderabad,17.385,78.4867,2025-11-09 13:00:00,35.2,32.1,300.0,0.5,13.2,176.0,27.9,34,0.0,7.0
Hyderabad,17.385,78.4867,2025-11-09 14:00:00,34.5,31.5,340.0,2.7,12.3,170.0,28.0,34,0.0,7.0
Hyderabad,17.385,78.4867,2025-11-09 15:00:00,33.9,31.1,370.0,8.1,11.8,156.0,27.8,35,0.0,7.6
Hyderabad,17.385,78.4867,2025-11-09 16:00:00,34.1,31.4,409.0,15.7,11.7,136.0,27.1,37,0.0,7.9
Hyderabad,17.385,78.4867,2025-11-09 17:00:00,46.8,43.7,446.0,25.3,12.8,117.0,26.2,40,0.0,7.2
Hyderabad,17.385,78.4867,2025-11-09 18:00:00,54.5,51.2,474.0,32.2,15.0,102.0,25.5,43,0.0,7.1
Hyderabad,17.385,78.4867,2025-11-09 19:00:00,59.6,56.2,500.0,41.6,18.0,81.0,24.7,47,0.0,6.5
Hyderabad,17.385,78.4867,2025-11-09 20:00:00,64.5,60.8,539.0,47.5,20.4,67.0,23.8,51,0.0,6.5
Hyderabad,17.385,78.4867,2025-11-09 21:00:00,67.5,63.8,610.0,46.9,21.5,64.0,23.0,53,0.0,5.4
Hyderabad,17.385,78.4867,2025-11-09 22:00:00,70.1,65.9,695.0,42.8,22.0,68.0,22.3,55,0.0,5.1
Hyderabad,17.385,78.4867,2025-11-09 23:00:00,71.5,66.8,752.0,38.3,22.4,72.0,21.0,65,0.0,3.0
Hyderabad,17.385,78.4867,2025-11-10 00:00:00,72.4,67.5,766.0,33.9,22.8,76.0,21.1,63,0.0,3.4
Hyderabad,17.385,78.4867,2025-11-10 01:00:00,73.6,68.2,753.0,29.0,23.0,80.0,20.6,69,0.0,2.3
Hyderabad,17.385,78.4867,2025-11-10 02:00:00,74.5,68.9,722.0,24.9,23.2,84.0,20.1,66,0.0,4.7
Hyderabad,17.385,78.4867,2025-11-10 03:00:00,75.0,68.7,646.0,21.7,23.5,85.0,19.1,66,0.0,6.5
Hyderabad,17.385,78.4867,2025-11-10 04:00:00,74.5,68.0,552.0,19.3,23.7,85.0,19.0,64,0.0,4.9
Hyderabad,17.385,78.4867,2025-11-10 05:00:00,71.5,65.2,533.0,17.5,23.0,84.0,18.0,71,0.0,4.8
Hyderabad,17.385,78.4867,2025-11-10 06:00:00,68.2,61.9,684.0,19.2,23.6,90.0,18.1,72,0.0,4.5
Hyderabad,17.385,78.4867,2025-11-10 07:00:00,64.5,58.9,910.0,21.2,24.4,99.0,18.9,69,0.0,3.6
Hyderabad,17.385,78.4867,2025-11-10 08:00:00,58.1,52.7,1013.0,20.9,24.5,112.0,21.6,57,0.0,3.1
Hyderabad,17.385,78.4867,2025-11-10 09:00:00,55.5,48.8,862.0,15.9,23.1,133.0,24.2,44,0.0,6.2
Hyderabad,17.385,78.4867,2025-11-10 10:00:00,51.3,44.8,588.0,8.7,21.0,158.0,25.7,39,0.0,5.3
Hyderabad,17.385,78.4867,2025-11-10 11:00:00,49.4,43.5,389.0,3.3,19.2,177.0,26.6,37,0.0,4.3
Hyderabad,17.385,78.4867,2025-11-10 12:00:00,48.1,42.8,351.0,0.8,17.9,187.0,27.7,35,0.0,3.4
Hyderabad,17.385,78.4867,2025-11-10 13:00:00,47.5,42.7,387.0,0.3,16.9,192.0,28.4,34,0.0,3.2
Hyderabad,17.385,78.4867,2025-11-10 14:00:00,47.6,43.1,432.0,3.1,16.4,188.0,28.8,34,0.0,3.7
Hyderabad,17.385,78.4867,2025-11-10 15:00:00,47.6,43.3,461.0,11.1,16.3,172.0,28.7,34,0.0,4.3
Hyderabad,17.385,78.4867,2025-11-10 16:00:00,48.3,44.1,498.0,22.4,16.7,149.0,28.1,36,0.0,5.2
Hyderabad,17.385,78.4867,2025-11-10 17:00:00,58.0,54.1,553.0,33.5,17.4,132.0,26.6,39,0.0,5.9
Hyderabad,17.385,78.4867,2025-11-10 18:00:00,67.5,63.6,635.0,41.6,19.6,111.0,25.9,41,0.0,4.4
Hyderabad,17.385,78.4867,2025-11-10 19:00:00,73.6,69.8,734.0,52.5,22.6,83.0,25.1,44,0.0,3.1
Hyderabad,17.385,78.4867,2025-11-10 20:00:00,73.1,69.8,829.0,59.3,25.0,62.0,24.2,47,0.0,3.1
Hyderabad,17.385,78.4867,2025-11-10 21:00:00,72.9,69.8,937.0,58.1,26.0,56.0,23.7,48,0.0,4.8
Hyderabad,17.385,78.4867,2025-11-10 22:00:00,74.0,71.0,1041.0,52.7,26.3,57.0,23.0,50,0.0,4.8
Hyderabad,17.385,78.4867,2025-11-10 23:00:00,74.7,71.9,1062.0,47.5,26.6,58.0,22.1,54,0.0,4.2
Hyderabad,17.385,78.4867,2025-11-11 00:00:00,75.7,72.9,931.0,43.9,27.1,57.0,21.4,56,0.0,4.5
Hyderabad,17.385,78.4867,2025-11-11 01:00:00,77.5,74.7,717.0,40.4,27.6,56.0,21.1,59,0.0,3.5
Hyderabad,17.385,78.4867,2025-11-11 02:00:00,78.9,76.1,555.0,36.8,27.7,56.0,20.6,63,0.0,4.0
Hyderabad,17.385,78.4867,2025-11-11 03:00:00,78.7,75.9,479.0,32.5,27.2,55.0,20.2,66,0.0,5.1
Hyderabad,17.385,78.4867,2025-11-11 04:00:00,75.4,72.6,455.0,28.1,26.3,55.0,19.8,61,0.0,5.4
Hyderabad,17.385,78.4867,2025-11-11 05:00:00,62.4,60.1,509.0,21.8,23.2,60.0,19.2,69,0.0,3.4
Hyderabad,17.385,78.4867,2025-11-11 06:00:00,59.8,57.7,729.0,22.7,24.2,70.0,19.7,64,0.0,3.4
Hyderabad,17.385,78.4867,2025-11-11 07:00:00,57.2,55.4,1026.0,23.7,25.6,85.0,20.3,63,0.0,2.9
Hyderabad,17.385,78.4867,2025-11-11 08:00:00,50.3,48.5,1168.0,22.5,26.2,103.0,22.5,54,0.0,2.3
Hyderabad,17.385,78.4867,2025-11-11 09:00:00,46.8,44.7,996.0,17.1,25.6,128.0,25.1,42,0.0,4.1
Hyderabad,17.385,78.4867,2025-11-11 10:00:00,44.4,42.0,667.0,9.6,24.3,156.0,26.8,38,0.0,4.1
Hyderabad,17.385,78.4867,2025-11-11 11:00:00,44.1,41.7,421.0,4.1,22.7,177.0,27.6,38,0.0,3.7
Hyderabad,17.385,78.4867,2025-11-11 12:00:00,44.7,42.1,362.0,1.7,20.7,188.0,28.5,36,0.0,3.8
Hyderabad,17.385,78.4867,2025-11-11 13:00:00,45.3,42.7,385.0,1.2,18.5,193.0,29.1,36,0.0,4.7
Hyderabad,17.385,78.4867,2025-11-11 14:00:00,45.5,43.1,417.0,3.2,16.8,189.0,29.3,35,0.0,5.7
Hyderabad,17.385,78.4867,2025-11-11 15:00:00,45.6,43.2,435.0,9.1,15.8,173.0,29.2,36,0.0,6.9
Hyderabad,17.385,78.4867,2025-11-11 16:00:00,45.9,43.5,462.0,17.4,15.4,149.0,28.6,37,0.0,9.7
Hyderabad,17.385,78.4867,2025-11-11 17:00:00,44.4,43.3,494.0,23.3,15.3,121.0,27.2,39,0.0,8.6
Hyderabad,17.385,78.4867,2025-11-11 18:00:00,47.8,46.8,531.0,26.7,16.6,107.0,26.5,41,0.0,8.5
Hyderabad,17.385,78.4867,2025-11-11 19:00:00,48.7,47.6,572.0,31.3,18.4,88.0,25.6,43,0.0,7.3
Hyderabad,17.385,78.4867,2025-11-11 20:00:00,49.4,48.3,614.0,34.1,20.1,74.0,24.4,47,0.0,6.8
Hyderabad,17.385,78.4867,2025-11-11 21:00:00,50.5,49.4,671.0,33.9,21.3,68.0,23.5,50,0.0,5.3
Hyderabad,17.385,78.4867,2025-11-11 22:00:00,52.7,51.5,728.0,31.9,22.2,68.0,22.9,51,0.0,4.8
Hyderabad,17.385,78.4867,2025-11-11 23:00:00,53.6,52.0,735.0,29.2,23.2,69.0,22.1,56,0.0,3.1
Hyderabad,17.385,78.4867,2025-11-12 00:00:00,53.6,51.9,644.0,25.5,24.2,73.0,21.7,56,0.0,4.7
Hyderabad,17.385,78.4867,2025-11-12 01:00:00,54.4,52.5,505.0,20.9,25.3,79.0,21.1,59,0.0,3.8
Hyderabad,17.385,78.4867,2025-11-12 02:00:00,55.3,53.2,412.0,17.2,26.3,84.0,20.6,62,0.0,4.8
Hyderabad,17.385,78.4867,2025-11-12 03:00:00,55.9,53.6,409.0,14.6,27.2,88.0,20.2,61,0.0,5.1
Hyderabad,17.385,78.4867,2025-11-12 04:00:00,55.9,53.3,453.0,12.9,28.1,91.0,19.8,62,0.0,5.2
Hyderabad,17.385,78.4867,2025-11-12 05:00:00,49.0,46.8,515.0,10.6,22.0,96.0,19.3,66,0.0,4.0
Hyderabad,17.385,78.4867,2025-11-12 06:00:00,49.8,47.7,615.0,13.3,22.9,98.0,19.6,63,0.0,6.1
Hyderabad,17.385,78.4867,2025-11-12 07:00:00,50.4,48.5,732.0,16.8,24.1,101.0,20.4,60,0.0,6.4
Hyderabad,17.385,78.4867,2025-11-12 08:00:00,49.6,47.7,776.0,17.9,24.7,110.0,22.5,51,0.0,5.2
Hyderabad,17.385,78.4867,2025-11-12 09:00:00,47.4,45.1,675.0,14.3,24.4,129.0,24.9,42,0.0,7.1
Hyderabad,17.385,78.4867,2025-11-12 10:00:00,45.1,42.7,500.0,8.4,23.6,154.0,26.7,36,0.0,8.0
Hyderabad,17.385,78.4867,2025-11-12 11:00:00,43.7,41.4,372.0,3.9,22.4,172.0,27.8,35,0.0,6.8
Hyderabad,17.385,78.4867,2025-11-12 12:00:00,42.8,40.7,342.0,2.0,20.6,180.0,28.8,34,0.0,6.0
Hyderabad,17.385,78.4867,2025-11-12 13:00:00,42.7,40.7,358.0,1.5,18.4,182.0,29.3,33,0.0,6.0
Hyderabad,17.385,78.4867,2025-11-12 14:00:00,43.1,41.1,385.0,3.2,16.9,178.0,29.5,32,0.0,6.5
Hyderabad,17.385,78.4867,2025-11-12 15:00:00,43.7,41.7,413.0,8.2,16.4,165.0,29.3,33,0.0,7.6
Hyderabad,17.385,78.4867,2025-11-12 16:00:00,44.7,43.0,451.0,15.2,16.6,145.0,28.5,35,0.0,8.4
Hyderabad,17.385,78.4867,2025-11-12 17:00:00,51.2,49.8,489.0,22.2,17.0,124.0,27.3,38,0.0,8.3
Hyderabad,17.385,78.4867,2025-11-12 18:00:00,56.0,54.5,526.0,25.7,18.1,111.0,26.1,42,0.0,9.3
Hyderabad,17.385,78.4867,2025-11-12 19:00:00,57.2,55.6,562.0,30.4,19.5,94.0,24.9,44,0.0,9.3
Hyderabad,17.385,78.4867,2025-11-12 20:00:00,57.0,55.4,592.0,33.4,21.0,81.0,23.9,47,0.0,8.1
Hyderabad,17.385,78.4867,2025-11-12 21:00:00,57.7,55.9,620.0,33.5,22.2,78.0,23.1,50,0.0,7.7
Hyderabad,17.385,78.4867,2025-11-12 22:00:00,59.5,57.2,641.0,31.9,23.4,80.0,22.5,52,0.0,6.8
Hyderabad,17.385,78.4867,2025-11-12 23:00:00,61.5,58.7,632.0,29.7,24.6,83.0,21.5,56,0.0,4.2
Hyderabad,17.385,78.4867,2025-11-13 00:00:00,63.1,59.8,566.0,26.7,25.9,87.0,21.0,57,0.0,5.1
Hyderabad,17.385,78.4867,2025-11-13 01:00:00,64.7,61.0,470.0,23.1,27.1,91.0,20.4,58,0.0,5.7
Hyderabad,17.385,78.4867,2025-11-13 02:00:00,65.4,61.5,407.0,19.9,28.1,95.0,19.9,59,0.0,5.8
Hyderabad,17.385,78.4867,2025-11-13 03:00:00,65.2,61.0,398.0,17.3,28.8,96.0,19.5,59,0.0,6.1
Hyderabad,17.385,78.4867,2025-11-13 04:00:00,64.0,59.6,422.0,15.2,29.4,97.0,19.2,61,0.0,5.9
Hyderabad,17.385,78.4867,2025-11-13 05:00:00,57.6,53.4,481.0,12.6,27.8,98.0,18.7,63,0.0,5.4
Hyderabad,17.385,78.4867,2025-11-13 06:00:00,55.6,51.8,622.0,15.3,27.8,97.0,19.2,61,0.0,6.2
Hyderabad,17.385,78.4867,2025-11-13 07:00:00,53.1,49.7,799.0,18.8,27.8,97.0,20.0,59,0.0,5.9
Hyderabad,17.385,78.4867,2025-11-13 08:00:00,48.3,45.3,875.0,19.7,27.0,104.0,22.2,51,0.0,5.1
Hyderabad,17.385,78.4867,2025-11-13 09:00:00,44.6,40.6,753.0,15.5,24.9,124.0,24.8,38,0.0,6.7
Hyderabad,17.385,78.4867,2025-11-13 10:00:00,42.3,38.2,530.0,8.7,22.1,152.0,26.5,32,0.0,7.2
Hyderabad,17.385,78.4867,2025-11-13 11:00:00,41.4,37.7,361.0,3.7,19.5,172.0,27.6,31,0.0,6.3
Hyderabad,17.385,78.4867,2025-11-13 12:00:00,40.3,36.9,312.0,1.7,17.4,181.0,28.4,30,0.0,6.1
Hyderabad,17.385,78.4867,2025-11-13 13:00:00,39.3,36.2,318.0,1.4,15.4,183.0,28.9,28,0.0,6.1
Hyderabad,17.385,78.4867,2025-11-13 14:00:00,38.9,36.0,339.0,3.1,14.1,179.0,29.0,27,0.0,7.0
Hyderabad,17.385,78.4867,2025-11-13 15:00:00,38.9,36.0,367.0,7.8,13.5,167.0,28.6,28,0.0,8.3
Hyderabad,17.385,78.4867,2025-11-13 16:00:00,39.5,36.9,411.0,14.4,13.4,149.0,27.7,30,0.0,9.5
Hyderabad,17.385,78.4867,2025-11-13 17:00:00,36.6,35.2,453.0,21.3,13.8,124.0,26.4,32,0.0,8.9
Hyderabad,17.385,78.4867,2025-11-13 18:00:00,41.7,40.2,489.0,25.0,15.2,113.0,25.1,37,0.0,9.8
Hyderabad,17.385,78.4867,2025-11-13 19:00:00,44.2,42.7,522.0,29.9,17.3,97.0,23.8,41,0.0,9.7
Hyderabad,17.385,78.4867,2025-11-13 20:00:00,46.1,44.4,552.0,32.9,19.1,86.0,22.7,43,0.0,9.3
Hyderabad,17.385,78.4867,2025-11-13 21:00:00,48.5,46.4,583.0,32.4,20.5,84.0,21.9,46,0.0,8.3
Hyderabad,17.385,78.4867,2025-11-13 22:00:00,51.9,49.5,610.0,30.0,21.7,86.0,21.2,49,0.0,7.4
Hyderabad,17.385,78.4867,2025-11-13 23:00:00,54.2,51.3,613.0,27.1,22.7,90.0,20.3,55,0.0,6.0
Hyderabad,17.385,78.4867,2025-11-14 00:00:00,56.5,53.0,569.0,23.6,23.5,94.0,20.0,56,0.0,6.3
Hyderabad,17.385,78.4867,2025-11-14 01:00:00,58.4,54.5,501.0,19.6,24.2,100.0,19.4,58,0.0,6.3
Hyderabad,17.385,78.4867,2025-11-14 02:00:00,58.9,54.5,460.0,16.3,24.7,103.0,18.7,59,0.0,5.5
Hyderabad,17.385,78.4867,2025-11-14 03:00:00,58.4,53.4,452.0,14.1,25.1,103.0,18.0,61,0.0,5.6
Hyderabad,17.385,78.4867,2025-11-14 04:00:00,58.0,52.5,471.0,12.7,25.2,101.0,17.3,65,0.0,5.0
Hyderabad,17.385,78.4867,2025-11-14 05:00:00,66.6,61.9,545.0,17.7,28.7,91.0,16.4,72,0.0,4.7
Hyderabad,17.385,78.4867,2025-11-14 06:00:00,70.3,65.0,750.0,19.6,28.7,92.0,17.2,66,0.0,5.2
Hyderabad,17.385,78.4867,2025-11-14 07:00:00,72.6,67.8,1012.0,22.0,28.6,93.0,18.0,67,0.0,5.0
Hyderabad,17.385,78.4867,2025-11-14 08:00:00,51.2,47.1,1131.0,21.8,27.3,100.0,20.2,58,0.0,3.3
Hyderabad,17.385,78.4867,2025-11-14 09:00:00,37.1,32.2,971.0,16.5,23.7,116.0,22.7,48,0.0,5.2
Hyderabad,17.385,78.4867,2025-11-14 10:00:00,33.6,29.3,670.0,8.6,18.9,137.0,24.4,40,0.0,5.9
Hyderabad,17.385,78.4867,2025-11-14 11:00:00,33.3,29.5,441.0,2.9,15.4,153.0,25.7,37,0.0,4.6
Hyderabad,17.385,78.4867,2025-11-14 12:00:00,34.3,30.6,376.0,0.9,14.4,163.0,26.9,35,0.0,4.5
Hyderabad,17.385,78.4867,2025-11-14 13:00:00,35.5,32.0,384.0,1.1,14.7,169.0,27.7,33,0.0,5.2
Hyderabad,17.385,78.4867,2025-11-14 14:00:00,36.9,33.4,407.0,3.0,15.1,168.0,28.2,31,0.0,6.0
Hyderabad,17.385,78.4867,2025-11-14 15:00:00,38.2,34.7,434.0,7.4,15.0,157.0,28.1,31,0.0,7.4
Hyderabad,17.385,78.4867,2025-11-14 16:00:00,39.6,36.3,477.0,13.5,15.0,139.0,27.5,32,0.0,8.8
Hyderabad,17.385,78.4867,2025-11-14 17:00:00,39.7,37.8,513.0,20.6,16.3,131.0,26.5,34,0.0,7.9
Hyderabad,17.385,78.4867,2025-11-14 18:00:00,46.8,44.6,535.0,24.0,17.6,119.0,25.3,39,0.0,8.8
Hyderabad,17.385,78.4867,2025-11-14 19:00:00,50.9,48.5,551.0,28.5,19.5,102.0,24.0,45,0.0,8.9
Hyderabad,17.385,78.4867,2025-11-14 20:00:00,54.2,51.5,564.0,31.5,21.1,90.0,22.9,49,0.0,7.8
Hyderabad,17.385,78.4867,2025-11-14 21:00:00,57.6,54.4,576.0,31.6,22.3,88.0,22.0,53,0.0,6.7
Hyderabad,17.385,78.4867,2025-11-14 22:00:00,62.6,58.8,584.0,30.1,23.2,91.0,21.2,56,0.0,5.3
Hyderabad,17.385,78.4867,2025-11-14 23:00:00,66.8,62.4,583.0,28.2,24.1,94.0,19.9,69,0.0,3.7
Hyderabad,17.385,78.4867,2025-11-15 00:00:00,70.1,65.2,561.0,25.8,24.8,96.0,20.0,64,0.0,4.6
Hyderabad,17.385,78.4867,2025-11-15 01:00:00,73.3,68.2,530.0,23.0,25.4,99.0,19.1,75,0.0,1.5
Hyderabad,17.385,78.4867,2025-11-15 02:00:00,76.6,71.0,520.0,20.7,26.1,100.0,18.5,77,0.0,0.9
Hyderabad,17.385,78.4867,2025-11-15 03:00:00,79.2,73.3,539.0,19.1,27.1,99.0,18.1,79,0.0,1.4
Hyderabad,17.385,78.4867,2025-11-15 04:00:00,80.6,74.5,578.0,18.2,28.2,98.0,17.6,78,0.0,3.9
Hyderabad,17.385,78.4867,2025-11-15 05:00:00,87.5,82.0,644.0,22.2,29.7,88.0,16.7,76,0.0,2.8
Hyderabad,17.385,78.4867,2025-11-15 06:00:00,93.1,87.3,783.0,23.3,29.9,93.0,17.4,74,0.0,2.2
Hyderabad,17.385,78.4867,2025-11-15 07:00:00,99.7,94.3,949.0,24.6,30.0,102.0,18.3,65,0.0,2.9
Hyderabad,17.385,78.4867,2025-11-15 08:00:00,67.3,62.6,1008.0,23.4,29.2,113.0,20.5,54,0.0,2.7
Hyderabad,17.385,78.4867,2025-11-15 09:00:00,50.5,45.5,861.0,17.4,26.5,130.0,23.0,44,0.0,5.0
Hyderabad,17.385,78.4867,2025-11-15 10:00:00,43.8,39.2,607.0,8.9,22.9,150.0,24.5,40,0.0,6.3
Hyderabad,17.385,78.4867,2025-11-15 11:00:00,42.7,38.5,416.0,2.7,20.1,165.0,25.8,37,0.0,5.8
Hyderabad,17.385,78.4867,2025-11-15 12:00:00,42.4,38.5,360.0,0.6,18.8,173.0,26.8,34,0.0,5.6
Hyderabad,17.385,78.4867,2025-11-15 13:00:00,42.4,38.5,367.0,0.7,18.3,176.0,27.5,32,0.0,6.0
Hyderabad,17.385,78.4867,2025-11-15 14:00:00,42.1,38.5,390.0,2.8,17.9,173.0,27.8,30,0.0,7.1
Hyderabad,17.385,78.4867,2025-11-15 15:00:00,42.0,38.6,412.0,7.4,17.4,160.0,27.7,30,0.0,7.6
Hyderabad,17.385,78.4867,2025-11-15 16:00:00,42.5,39.3,450.0,13.8,17.1,142.0,27.1,31,0.0,8.3
Hyderabad,17.385,78.4867,2025-11-15 17:00:00,43.0,41.1,511.0,21.0,17.2,125.0,26.2,34,0.0,8.3
Hyderabad,17.385,78.4867,2025-11-15 18:00:00,49.0,46.9,626.0,24.4,18.4,112.0,25.3,37,0.0,8.4
Hyderabad,17.385,78.4867,2025-11-15 19:00:00,52.0,49.8,764.0,29.0,20.0,94.0,24.2,41,0.0,6.8
Hyderabad,17.385,78.4867,2025-11-15 20:00:00,54.4,52.0,840.0,32.4,21.6,81.0,23.0,45,0.0,6.4
Hyderabad,17.385,78.4867,2025-11-15 21:00:00,58.0,55.3,803.0,33.7,23.0,76.0,22.1,50,0.0,7.4
Hyderabad,17.385,78.4867,2025-11-15 22:00:00,62.4,59.5,705.0,33.8,24.3,75.0,21.3,53,0.0,6.3
Hyderabad,17.385,78.4867,2025-11-15 23:00:00,66.8,63.6,609.0,32.6,25.4,76.0,20.1,61,0.0,4.0
Hyderabad,17.385,78.4867,2025-11-16 00:00:00,69.8,66.4,529.0,29.5,26.1,79.0,19.9,60,0.0,4.2
Hyderabad,17.385,78.4867,2025-11-16 01:00:00,71.9,68.2,452.0,25.2,26.6,84.0,19.2,64,0.0,3.0
Hyderabad,17.385,78.4867,2025-11-16 02:00:00,72.9,68.9,405.0,21.4,27.1,88.0,18.5,69,0.0,2.9
Hyderabad,17.385,78.4867,2025-11-16 03:00:00,73.3,69.2,392.0,18.5,27.8,90.0,18.2,68,0.0,3.7
Hyderabad,17.385,78.4867,2025-11-16 04:00:00,72.9,68.5,409.0,16.3,28.5,92.0,18.2,63,0.0,5.5
Hyderabad,17.385,78.4867,2025-11-16 05:00:00,75.0,71.0,474.0,17.6,28.0,86.0,17.1,70,0.0,4.7
Hyderabad,17.385,78.4867,2025-11-16 06:00:00,72.6,68.5,650.0,19.2,28.0,85.0,18.0,63,0.0,6.1
Hyderabad,17.385,78.4867,2025-11-16 07:00:00,65.4,61.9,874.0,21.1,28.0,83.0,19.0,60,0.0,6.7
Hyderabad,17.385,78.4867,2025-11-16 08:00:00,51.1,48.7,977.0,20.7,27.2,90.0,21.0,52,0.0,4.4
Hyderabad,17.385,78.4867,2025-11-16 09:00:00,44.6,41.8,842.0,15.6,25.0,111.0,23.4,41,0.0,7.1
Hyderabad,17.385,78.4867,2025-11-16 10:00:00,39.5,36.6,587.0,8.1,22.2,140.0,24.8,36,0.0,8.2
Hyderabad,17.385,78.4867,2025-11-16 11:00:00,38.6,36.1,395.0,2.7,20.0,162.0,25.9,34,0.0,7.3
Hyderabad,17.385,78.4867,2025-11-16 12:00:00,38.8,36.3,344.0,1.0,19.2,173.0,27.0,31,0.0,7.7
Hyderabad,17.385,78.4867,2025-11-16 13:00:00,39.1,36.9,357.0,1.2,19.1,178.0,27.6,29,0.0,7.7
Hyderabad,17.385,78.4867,2025-11-16 14:00:00,39.7,37.7,386.0,2.9,19.1,177.0,27.9,28,0.0,8.1
Hyderabad,17.385,78.4867,2025-11-16 15:00:00,40.6,38.6,423.0,6.1,18.8,169.0,27.6,28,0.0,9.0
Hyderabad,17.385,78.4867,2025-11-16 16:00:00,41.3,39.5,477.0,10.8,18.5,155.0,26.8,30,0.0,9.7
Hyderabad,17.385,78.4867,2025-11-16 17:00:00,43.7,42.4,520.0,16.8,19.0,144.0,25.8,34,0.0,9.0
Hyderabad,17.385,78.4867,2025-11-16 18:00:00,50.4,49.1,543.0,20.3,20.2,130.0,24.6,39,0.0,9.8
Hyderabad,17.385,78.4867,2025-11-16 19:00:00,54.0,52.6,557.0,25.0,21.8,111.0,23.4,43,0.0,9.8
Hyderabad,17.385,78.4867,2025-11-16 20:00:00,56.3,54.8,566.0,28.3,23.3,97.0,22.3,46,0.0,9.4
Hyderabad,17.385,78.4867,2025-11-16 21:00:00,59.0,57.3,579.0,29.1,24.6,91.0,21.4,49,0.0,9.3
Hyderabad,17.385,78.4867,2025-11-16 22:00:00,62.2,60.3,587.0,28.4,25.7,90.0,20.6,51,0.0,8.5
Hyderabad,17.385,78.4867,2025-11-16 23:00:00,63.6,61.2,573.0,26.5,26.4,90.0,19.8,54,0.0,6.4
Hyderabad,17.385,78.4867,2025-11-17 00:00:00,61.9,59.6,512.0,22.7,26.4,92.0,19.5,54,0.0,7.2
Hyderabad,17.385,78.4867,2025-11-17 01:00:00,59.8,57.3,430.0,17.8,26.0,95.0,18.8,55,0.0,8.0
Hyderabad,17.385,78.4867,2025-11-17 02:00:00,57.9,55.2,381.0,13.8,25.6,97.0,18.3,56,0.0,8.2
Hyderabad,17.385,78.4867,2025-11-17 03:00:00,56.3,53.7,389.0,11.5,25.2,96.0,17.9,57,0.0,7.2
Hyderabad,17.385,78.4867,2025-11-17 04:00:00,55.4,52.6,432.0,10.2,24.7,94.0,17.5,59,0.0,7.5
Hyderabad,17.385,78.4867,2025-11-17 05:00:00,57.7,54.9,493.0,10.9,25.4,94.0,17.4,61,0.0,9.2
Hyderabad,17.385,78.4867,2025-11-17 06:00:00,59.0,56.3,600.0,13.4,26.8,97.0,17.7,61,0.0,10.0
Hyderabad,17.385,78.4867,2025-11-17 07:00:00,58.7,56.3,727.0,16.6,28.6,101.0,18.4,59,0.0,9.5
Hyderabad,17.385,78.4867,2025-11-17 08:00:00,58.1,55.9,779.0,17.4,29.5,111.0,20.5,50,0.0,8.4
Hyderabad,17.385,78.4867,2025-11-17 09:00:00,58.3,55.3,686.0,13.6,28.7,132.0,23.2,39,0.0,10.7
Hyderabad,17.385,78.4867,2025-11-17 10:00:00,52.2,49.4,518.0,7.4,27.1,159.0,24.7,33,0.0,10.0
Hyderabad,17.385,78.4867,2025-11-17 11:00:00,48.5,46.0,397.0,2.8,25.3,179.0,25.8,32,0.0,8.0
Hyderabad,17.385,78.4867,2025-11-17 12:00:00,46.8,44.6,374.0,1.3,23.6,186.0,26.8,30,0.0,7.1
Hyderabad,17.385,78.4867,2025-11-17 13:00:00,46.2,44.0,397.0,1.3,21.9,186.0,27.5,29,0.0,6.8
Hyderabad,17.385,78.4867,2025-11-17 14:00:00,45.4,43.4,430.0,2.9,20.5,180.0,27.7,30,0.0,7.5
Hyderabad,17.385,78.4867,2025-11-17 15:00:00,45.2,43.3,466.0,6.3,19.4,168.0,27.5,30,0.0,8.3
Hyderabad,17.385,78.4867,2025-11-17 16:00:00,45.6,43.9,513.0,11.2,18.6,151.0,26.9,32,0.0,8.9
Hyderabad,17.385,78.4867,2025-11-17 17:00:00,47.0,45.8,551.0,17.7,18.7,137.0,26.1,34,0.0,8.7
Hyderabad,17.385,78.4867,2025-11-17 18:00:00,53.3,51.9,578.0,21.8,19.9,123.0,25.3,37,0.0,8.4
Hyderabad,17.385,78.4867,2025-11-17 19:00:00,56.9,55.5,597.0,27.3,21.5,104.0,24.2,41,0.0,7.9
Hyderabad,17.385,78.4867,2025-11-17 20:00:00,59.5,58.1,603.0,31.0,22.9,89.0,22.8,47,0.0,7.6
Hyderabad,17.385,78.4867,2025-11-17 21:00:00,62.4,60.5,594.0,31.6,23.8,83.0,21.7,50,0.0,7.6
Hyderabad,17.385,78.4867,2025-11-17 22:00:00,64.7,62.6,573.0,30.3,24.4,83.0,20.8,52,0.0,8.1
Hyderabad,17.385,78.4867,2025-11-17 23:00:00,65.4,63.1,541.0,27.9,25.0,84.0,19.9,54,0.0,8.5
Hyderabad,17.385,78.4867,2025-11-18 00:00:00,64.5,61.9,486.0,23.8,25.4,88.0,19.7,53,0.0,8.9
Hyderabad,17.385,78.4867,2025-11-18 01:00:00,62.9,60.1,421.0,18.5,25.7,95.0,19.4,53,0.0,8.5
Hyderabad,17.385,78.4867,2025-11-18 02:00:00,61.0,58.0,384.0,14.2,26.4,100.0,18.9,52,0.0,7.8
Hyderabad,17.385,78.4867,2025-11-18 03:00:00,58.7,55.6,385.0,11.5,28.0,102.0,18.3,53,0.0,7.7
Hyderabad,17.385,78.4867,2025-11-18 04:00:00,56.6,53.6,415.0,9.9,30.0,102.0,17.8,54,0.0,7.3
Hyderabad,17.385,78.4867,2025-11-18 05:00:00,56.8,53.8,479.0,10.3,31.3,100.0,17.3,54,0.0,6.3
Hyderabad,17.385,78.4867,2025-11-18 06:00:00,57.6,54.8,623.0,12.9,33.2,98.0,17.6,53,0.0,7.0
Hyderabad,17.385,78.4867,2025-11-18 07:00:00,58.8,56.3,801.0,16.3,35.8,97.0,18.3,52,0.0,5.8
Hyderabad,17.385,78.4867,2025-11-18 08:00:00,57.6,55.4,887.0,17.3,36.6,103.0,20.4,47,0.0,4.6
Hyderabad,17.385,78.4867,2025-11-18 09:00:00,57.2,54.5,792.0,13.6,34.3,125.0,23.0,40,0.0,6.2
Hyderabad,17.385,78.4867,2025-11-18 10:00:00,52.7,50.3,605.0,7.6,30.2,154.0,24.9,36,0.0,5.7
Hyderabad,17.385,78.4867,2025-11-18 11:00:00,49.9,47.8,463.0,3.2,26.5,176.0,26.3,37,0.0,4.0
Hyderabad,17.385,78.4867,2025-11-18 12:00:00,48.0,46.1,423.0,1.6,23.7,183.0,27.7,34,0.0,2.7
Hyderabad,17.385,78.4867,2025-11-18 13:00:00,45.8,44.0,429.0,1.6,21.4,183.0,28.6,32,0.0,1.5
Hyderabad,17.385,78.4867,2025-11-18 14:00:00,44.5,42.8,451.0,3.1,19.6,177.0,29.1,30,0.0,1.6
Hyderabad,17.385,78.4867,2025-11-18 15:00:00,44.0,42.5,489.0,6.7,18.6,166.0,29.1,31,0.0,3.1
Hyderabad,17.385,78.4867,2025-11-18 16:00:00,45.2,43.7,543.0,11.9,18.2,150.0,28.6,33,0.0,4.7
Hyderabad,17.385,78.4867,2025-11-18 17:00:00,44.1,43.2,588.0,18.5,18.3,134.0,27.3,37,0.0,5.0
Hyderabad,17.385,78.4867,2025-11-18 18:00:00,50.6,49.7,608.0,22.8,19.7,119.0,26.3,41,0.0,4.9
Hyderabad,17.385,78.4867,2025-11-18 19:00:00,54.2,53.3,619.0,28.7,21.7,99.0,25.2,45,0.0,6.0
Hyderabad,17.385,78.4867,2025-11-18 20:00:00,57.4,56.3,647.0,33.0,23.6,84.0,24.0,49,0.0,6.6
Hyderabad,17.385,78.4867,2025-11-18 21:00:00,61.9,60.8,726.0,34.7,25.2,77.0,22.9,52,0.0,5.8
Hyderabad,17.385,78.4867,2025-11-18 22:00:00,66.8,65.7,821.0,34.8,26.6,75.0,22.1,55,0.0,5.0
Hyderabad,17.385,78.4867,2025-11-18 23:00:00,69.2,68.0,855.0,33.1,27.7,76.0,21.0,60,0.0,5.5
Hyderabad,17.385,78.4867,2025-11-19 00:00:00,69.2,67.8,768.0,28.7,28.2,81.0,20.4,61,0.0,5.2
Hyderabad,17.385,78.4867,2025-11-19 01:00:00,68.0,66.6,620.0,22.5,28.3,88.0,19.9,63,0.0,5.1
Hyderabad,17.385,78.4867,2025-11-19 02:00:00,66.1,64.7,515.0,17.5,28.7,95.0,19.4,64,0.0,4.8
Hyderabad,17.385,78.4867,2025-11-19 03:00:00,64.5,62.9,478.0,14.2,29.8,99.0,19.0,65,0.0,4.3
Hyderabad,17.385,78.4867,2025-11-19 04:00:00,63.3,61.5,484.0,12.1,31.2,103.0,18.5,66,0.0,4.0
Hyderabad,17.385,78.4867,2025-11-19 05:00:00,61.7,60.1,555.0,11.5,34.8,116.0,18.0,68,0.0,3.4
Hyderabad,17.385,78.4867,2025-11-19 06:00:00,66.4,64.7,771.0,15.1,36.3,115.0,17.4,69,0.0,4.0
Hyderabad,17.385,78.4867,2025-11-19 07:00:00,70.3,68.9,1053.0,19.8,38.1,113.0,18.1,67,0.0,3.7
Hyderabad,17.385,78.4867,2025-11-19 08:00:00,59.6,58.3,1186.0,21.3,37.6,117.0,20.7,54,0.0,2.1
Hyderabad,17.385,78.4867,2025-11-19 09:00:00,45.5,44.4,1023.0,16.6,32.7,131.0,23.5,42,0.0,4.3
Hyderabad,17.385,78.4867,2025-11-19 10:00:00,37.4,36.6,711.0,8.8,25.5,150.0,25.1,38,0.0,2.6
Hyderabad,17.385,78.4867,2025-11-19 11:00:00,35.7,34.9,473.0,3.0,20.0,165.0,26.2,38,0.0,2.1
Hyderabad,17.385,78.4867,2025-11-19 12:00:00,35.4,34.6,403.0,1.2,17.9,174.0,27.8,33,0.0,2.3
Hyderabad,17.385,78.4867,2025-11-19 13:00:00,35.3,34.3,407.0,1.4,17.5,180.0,28.7,31,0.0,3.4
Hyderabad,17.385,78.4867,2025-11-19 14:00:00,35.3,34.3,424.0,3.0,17.3,179.0,29.0,30,0.0,5.5
Hyderabad,17.385,78.4867,2025-11-19 15:00:00,35.9,34.8,440.0,6.4,16.8,168.0,28.8,31,0.0,7.2
Hyderabad,17.385,78.4867,2025-11-19 16:00:00,36.8,35.6,469.0,11.2,16.5,149.0,28.1,32,0.0,8.3
Hyderabad,17.385,78.4867,2025-11-19 17:00:00,49.6,48.4,495.0,16.1,17.1,136.0,27.0,36,0.0,8.2
Hyderabad,17.385,78.4867,2025-11-19 18:00:00,55.4,54.2,512.0,20.9,18.5,120.0,26.0,39,0.0,8.2
Hyderabad,17.385,78.4867,2025-11-19 19:00:00,58.7,57.3,526.0,27.6,20.4,97.0,24.9,41,0.0,7.2
Hyderabad,17.385,78.4867,2025-11-19 20:00:00,61.0,59.4,544.0,32.0,22.4,81.0,23.5,45,0.0,7.0
Hyderabad,17.385,78.4867,2025-11-19 21:00:00,63.3,61.5,578.0,32.4,24.2,78.0,22.6,48,0.0,5.2
Hyderabad,17.385,78.4867,2025-11-19 22:00:00,66.1,64.0,616.0,30.6,26.0,81.0,21.9,50,0.0,4.1
Hyderabad,17.385,78.4867,2025-11-19 23:00:00,68.2,66.1,632.0,28.3,27.9,86.0,20.5,61,0.0,3.0
Hyderabad,17.385,78.4867,2025-11-20 00:00:00,69.8,67.5,606.0,25.5,30.0,91.0,20.3,55,0.0,4.8
Hyderabad,17.385,78.4867,2025-11-20 01:00:00,71.5,69.2,557.0,22.2,32.1,96.0,19.6,56,0.0,4.8
Hyderabad,17.385,78.4867,2025-11-20 02:00:00,72.6,70.1,521.0,19.4,34.4,102.0,19.1,58,0.0,4.2
Hyderabad,17.385,78.4867,2025-11-20 03:00:00,73.1,70.5,491.0,17.3,37.1,107.0,18.2,68,0.0,2.5
Hyderabad,17.385,78.4867,2025-11-20 04:00:00,73.1,70.5,473.0,15.8,40.0,112.0,17.7,69,0.0,2.7
Hyderabad,17.385,78.4867,2025-11-20 05:00:00,79.6,77.3,524.0,18.6,38.7,93.0,16.6,76,0.0,3.9
Hyderabad,17.385,78.4867,2025-11-20 06:00:00,81.5,79.4,736.0,21.1,39.1,97.0,17.2,69,0.0,5.1
Hyderabad,17.385,78.4867,2025-11-20 07:00:00,77.5,75.7,1017.0,24.3,39.4,103.0,17.9,66,0.0,5.5
Hyderabad,17.385,78.4867,2025-11-20 08:00:00,56.6,55.5,1148.0,24.5,37.7,113.0,20.4,54,0.0,3.3
Hyderabad,17.385,78.4867,2025-11-20 09:00:00,38.5,37.4,980.0,18.6,32.1,129.0,23.1,44,0.0,4.8
Hyderabad,17.385,78.4867,2025-11-20 10:00:00,29.5,28.8,662.0,9.7,24.4,148.0,24.9,39,0.0,5.1
Hyderabad,17.385,78.4867,2025-11-20 11:00:00,27.0,26.3,422.0,3.1,18.5,162.0,26.2,36,0.0,5.2
Hyderabad,17.385,78.4867,2025-11-20 12:00:00,25.6,25.0,355.0,1.1,16.2,169.0,27.6,33,0.0,5.1
Hyderabad,17.385,78.4867,2025-11-20 13:00:00,25.0,24.6,365.0,1.4,15.6,172.0,28.6,31,0.0,5.5
Hyderabad,17.385,78.4867,2025-11-20 14:00:00,24.7,24.3,392.0,3.0,15.3,169.0,28.9,31,0.0,6.4
Hyderabad,17.385,78.4867,2025-11-20 15:00:00,25.1,24.7,423.0,6.0,14.7,159.0,28.9,31,0.0,7.0
Hyderabad,17.385,78.4867,2025-11-20 16:00:00,25.9,25.6,472.0,10.3,14.4,144.0,28.3,33,0.0,8.1
Hyderabad,17.385,78.4867,2025-11-20 17:00:00,29.6,29.3,518.0,14.4,15.2,130.0,27.4,35,0.0,8.0
Hyderabad,17.385,78.4867,2025-11-20 18:00:00,33.8,33.5,560.0,17.1,16.3,120.0,26.5,38,0.0,8.7
Hyderabad,17.385,78.4867,2025-11-20 19:00:00,36.1,35.9,599.0,20.7,17.7,106.0,25.4,43,0.0,8.6
Hyderabad,17.385,78.4867,2025-11-20 20:00:00,37.8,37.6,624.0,23.1,19.0,96.0,24.1,47,0.0,8.1
Hyderabad,17.385,78.4867,2025-11-20 21:00:00,39.7,39.5,628.0,23.4,19.7,94.0,23.1,50,0.0,8.0
Hyderabad,17.385,78.4867,2025-11-20 22:00:00,41.9,41.6,616.0,22.5,20.2,97.0,22.2,53,0.0,7.5
Hyderabad,17.385,78.4867,2025-11-20 23:00:00,42.7,42.5,594.0,21.1,20.7,101.0,21.2,58,0.0,6.0
Hyderabad,17.385,78.4867,2025-11-21 00:00:00,43.5,43.3,552.0,19.0,21.5,106.0,20.6,60,0.0,5.9
Hyderabad,17.385,78.4867,2025-11-21 01:00:00,45.1,44.7,500.0,16.3,22.3,112.0,20.2,62,0.0,4.7
Hyderabad,17.385,78.4867,2025-11-21 02:00:00,46.8,46.6,470.0,14.2,23.1,116.0,19.9,63,0.0,3.9
Hyderabad,17.385,78.4867,2025-11-21 03:00:00,48.1,47.8,467.0,13.0,23.9,116.0,19.6,65,0.0,3.3
Hyderabad,17.385,78.4867,2025-11-21 04:00:00,48.5,48.2,487.0,12.4,24.5,114.0,19.2,68,0.0,3.4
Hyderabad,17.385,78.4867,2025-11-21 05:00:00,44.6,44.2,548.0,12.4,22.2,109.0,18.5,71,0.0,4.2
Hyderabad,17.385,78.4867,2025-11-21 06:00:00,42.4,42.1,711.0,15.8,22.7,104.0,19.3,66,0.0,5.4
Hyderabad,17.385,78.4867,2025-11-21 07:00:00,41.0,40.7,915.0,20.2,23.1,99.0,20.2,64,0.0,5.9
Hyderabad,17.385,78.4867,2025-11-21 08:00:00,36.8,36.6,1000.0,21.5,21.9,96.0,22.1,58,0.0,4.8
Hyderabad,17.385,78.4867,2025-11-21 09:00:00,28.9,28.4,850.0,16.5,17.6,101.0,24.0,62,0.0,6.5
Hyderabad,17.385,78.4867,2025-11-21 10:00:00,22.2,21.6,581.0,8.4,11.7,109.0,25.9,60,0.0,10.8
Hyderabad,17.385,78.4867,2025-11-21 11:00:00,16.0,15.5,376.0,2.4,7.1,114.0,26.9,53,0.0,9.8
Hyderabad,17.385,78.4867,2025-11-21 12:00:00,13.6,13.1,312.0,0.6,5.2,114.0,28.5,46,0.0,6.8
Hyderabad,17.385,78.4867,2025-11-21 13:00:00,13.3,12.8,312.0,0.9,4.7,112.0,29.4,43,0.0,5.9
Hyderabad,17.385,78.4867,2025-11-21 14:00:00,13.4,12.8,330.0,2.4,4.6,108.0,29.7,41,0.0,6.0
Hyderabad,17.385,78.4867,2025-11-21 15:00:00,13.6,13.0,354.0,4.9,4.6,102.0,29.6,42,0.0,6.9
Hyderabad,17.385,78.4867,2025-11-21 16:00:00,13.9,13.4,397.0,8.5,4.9,94.0,29.0,43,0.0,8.3
Hyderabad,17.385,78.4867,2025-11-21 17:00:00,19.4,18.7,446.0,9.9,5.8,88.0,28.5,46,0.0,8.3
Hyderabad,17.385,78.4867,2025-11-21 18:00:00,25.0,24.3,508.0,14.8,7.7,78.0,27.9,48,0.0,8.8
Hyderabad,17.385,78.4867,2025-11-21 19:00:00,27.8,27.2,577.0,21.5,10.2,64.0,27.0,51,0.0,7.7
Hyderabad,17.385,78.4867,2025-11-21 20:00:00,29.2,28.6,626.0,26.1,12.2,55.0,26.1,54,0.0,6.3
Hyderabad,17.385,78.4867,2025-11-21 21:00:00,30.4,29.9,644.0,26.8,12.9,53.0,25.0,60,0.0,7.4
Hyderabad,17.385,78.4867,2025-11-21 22:00:00,31.7,31.1,641.0,25.5,13.0,56.0,24.4,63,0.0,6.3
Hyderabad,17.385,78.4867,2025-11-21 23:00:00,32.6,32.0,623.0,23.6,13.1,59.0,23.4,70,0.0,4.1
Hyderabad,17.385,78.4867,2025-11-22 00:00:00,33.3,32.7,576.0,21.4,13.2,63.0,22.7,72,0.0,4.9
Hyderabad,17.385,78.4867,2025-11-22 01:00:00,34.8,34.2,515.0,18.7,13.3,68.0,21.9,76,0.0,6.7
Hyderabad,17.385,78.4867,2025-11-22 02:00:00,36.1,35.5,485.0,16.5,13.6,72.0,21.4,78,0.0,6.3
Hyderabad,17.385,78.4867,2025-11-22 03:00:00,37.1,36.7,515.0,15.0,14.3,75.0,21.2,79,0.0,5.8
Hyderabad,17.385,78.4867,2025-11-22 04:00:00,38.4,37.8,576.0,14.0,15.2,77.0,20.8,81,0.0,5.2
Hyderabad,17.385,78.4867,2025-11-22 05:00:00,32.8,32.4,632.0,10.1,14.8,81.0,20.8,84,0.0,6.7
Hyderabad,17.385,78.4867,2025-11-22 06:00:00,35.0,34.6,688.0,11.4,15.6,86.0,20.8,85,0.0,6.4
Hyderabad,17.385,78.4867,2025-11-22 07:00:00,34.0,33.5,740.0,12.9,16.6,93.0,21.4,83,0.0,5.5
Hyderabad,17.385,78.4867,2025-11-22 08:00:00,27.6,27.2,735.0,13.1,16.2,99.0,23.0,77,0.0,5.1
Hyderabad,17.385,78.4867,2025-11-22 09:00:00,22.6,22.1,624.0,10.4,13.1,102.0,25.1,68,0.0,9.7
Hyderabad,17.385,78.4867,2025-11-22 10:00:00,19.0,18.4,457.0,6.3,8.7,105.0,26.9,59,0.0,10.3
Hyderabad,17.385,78.4867,2025-11-22 11:00:00,17.6,17.1,332.0,3.2,5.3,107.0,27.5,57,0.0,7.7
Hyderabad,17.385,78.4867,2025-11-22 12:00:00,16.6,16.1,292.0,2.0,3.9,111.0,29.3,49,0.0,5.5
Hyderabad,17.385,78.4867,2025-11-22 13:00:00,16.2,15.6,295.0,1.8,3.6,115.0,30.2,44,0.0,5.2
Hyderabad,17.385,78.4867,2025-11-22 14:00:00,15.3,14.7,309.0,2.7,3.6,116.0,30.5,42,0.0,5.7
Hyderabad,17.385,78.4867,2025-11-22 15:00:00,15.3,14.6,325.0,5.1,3.7,112.0,30.4,41,0.0,7.5
Hyderabad,17.385,78.4867,2025-11-22 16:00:00,15.8,15.1,352.0,8.5,4.2,104.0,30.0,42,0.0,8.6
Hyderabad,17.385,78.4867,2025-11-22 17:00:00,21.0,20.3,395.0,12.6,5.5,97.0,28.9,44,0.0,7.4
Hyderabad,17.385,78.4867,2025-11-22 18:00:00,25.1,24.5,472.0,14.6,6.7,89.0,28.0,48,0.0,10.5
Hyderabad,17.385,78.4867,2025-11-22 19:00:00,26.5,25.9,563.0,17.3,8.4,78.0,26.7,54,0.0,8.5
Hyderabad,17.385,78.4867,2025-11-22 20:00:00,26.0,25.4,618.0,19.1,9.7,70.0,25.8,59,0.0,6.9
Hyderabad,17.385,78.4867,2025-11-22 21:00:00,26.3,25.8,604.0,19.4,10.2,67.0,25.1,62,0.0,6.1
Hyderabad,17.385,78.4867,2025-11-22 22:00:00,27.1,26.6,552.0,18.9,10.3,67.0,24.3,66,0.0,3.7
Hyderabad,17.385,78.4867,2025-11-22 23:00:00,27.2,26.6,505.0,18.0,10.4,68.0,23.7,71,0.0,4.2
Hyderabad,17.385,78.4867,2025-11-23 00:00:00,27.0,26.4,470.0,16.5,10.6,71.0,23.4,73,0.0,4.1
Hyderabad,17.385,78.4867,2025-11-23 01:00:00,27.9,27.2,439.0,14.6,10.7,76.0,22.8,76,0.0,3.1
Hyderabad,17.385,78.4867,2025-11-23 02:00:00,29.4,28.6,431.0,13.3,11.1,79.0,22.3,78,0.0,3.9
Hyderabad,17.385,78.4867,2025-11-23 03:00:00,31.2,30.4,455.0,13.1,11.9,80.0,21.9,80,0.0,3.0
Hyderabad,17.385,78.4867,2025-11-23 04:00:00,32.1,31.2,502.0,13.5,13.0,80.0,21.4,81,0.0,3.1
Hyderabad,17.385,78.4867,2025-11-23 05:00:00,29.8,29.0,557.0,12.1,12.3,84.0,21.0,87,0.0,6.1
Hyderabad,17.385,78.4867,2025-11-23 06:00:00,32.2,31.4,643.0,12.7,12.9,86.0,21.2,88,0.0,5.4
Hyderabad,17.385,78.4867,2025-11-23 07:00:00,31.8,31.1,737.0,13.4,13.6,89.0,21.6,87,0.0,3.4
Hyderabad,17.385,78.4867,2025-11-23 08:00:00,25.7,25.0,761.0,12.9,13.7,95.0,23.2,81,0.0,3.8
Hyderabad,17.385,78.4867,2025-11-23 09:00:00,22.6,21.6,649.0,9.9,12.5,106.0,25.1,70,0.0,6.3
Hyderabad,17.385,78.4867,2025-11-23 10:00:00,22.4,21.0,467.0,5.6,10.7,120.0,26.8,58,0.0,6.7
Hyderabad,17.385,78.4867,2025-11-23 11:00:00,22.5,20.8,330.0,2.5,9.0,130.0,28.3,49,0.0,4.9
Hyderabad,17.385,78.4867,2025-11-23 12:00:00,22.1,20.3,287.0,1.4,7.8,132.0,29.6,43,0.0,4.1
Hyderabad,17.385,78.4867,2025-11-23 13:00:00,21.0,19.1,288.0,1.4,6.7,131.0,30.8,38,0.0,3.6
Hyderabad,17.385,78.4867,2025-11-23 14:00:00,19.6,17.8,302.0,2.3,6.0,126.0,31.2,36,0.0,4.3
Hyderabad,17.385,78.4867,2025-11-23 15:00:00,18.7,17.1,319.0,4.1,5.7,118.0,31.1,35,0.0,7.1
Hyderabad,17.385,78.4867,2025-11-23 16:00:00,19.1,17.6,348.0,6.8,5.7,107.0,30.6,36,0.0,8.8
Hyderabad,17.385,78.4867,2025-11-23 17:00:00,28.8,26.7,383.0,9.2,6.4,100.0,28.8,43,0.0,8.6
Hyderabad,17.385,78.4867,2025-11-23 18:00:00,31.9,30.2,431.0,11.9,7.6,92.0,28.5,44,0.0,8.7
Hyderabad,17.385,78.4867,2025-11-23 19:00:00,33.8,32.1,485.0,15.6,9.4,80.0,27.4,50,0.0,8.3
Hyderabad,17.385,78.4867,2025-11-23 20:00:00,33.5,32.2,522.0,18.3,10.7,71.0,26.3,57,0.0,6.1
Hyderabad,17.385,78.4867,2025-11-23 21:00:00,33.6,32.4,530.0,19.2,11.3,67.0,25.5,61,0.0,5.9
Hyderabad,17.385,78.4867,2025-11-23 22:00:00,34.2,32.9,520.0,19.0,11.5,66.0,24.8,61,0.0,6.9
Hyderabad,17.385,78.4867,2025-11-23 23:00:00,34.3,32.8,504.0,18.1,11.6,66.0,24.1,64,0.0,6.6
Hyderabad,17.385,78.4867,2025-11-24 00:00:00,33.5,32.0,476.0,16.1,11.4,67.0,23.6,63,0.0,6.7
Hyderabad,17.385,78.4867,2025-11-24 01:00:00,33.6,32.1,441.0,13.3,11.1,69.0,23.0,65,0.0,7.4
Hyderabad,17.385,78.4867,2025-11-24 02:00:00,34.6,33.1,424.0,11.7,11.2,70.0,22.7,64,0.0,6.5
Hyderabad,17.385,78.4867,2025-11-24 03:00:00,36.1,34.6,434.0,12.3,12.2,69.0,22.3,65,0.0,5.1
Hyderabad,17.385,78.4867,2025-11-24 04:00:00,38.0,36.4,461.0,14.0,13.7,67.0,21.8,66,0.0,5.6
Hyderabad,17.385,78.4867,2025-11-24 05:00:00,39.0,37.7,506.0,12.0,14.2,78.0,21.5,75,0.0,6.5
Hyderabad,17.385,78.4867,2025-11-24 06:00:00,44.1,42.7,596.0,13.2,15.5,79.0,21.3,75,0.0,6.5
Hyderabad,17.385,78.4867,2025-11-24 07:00:00,47.4,46.2,704.0,14.7,17.2,80.0,21.5,75,0.0,4.3
Hyderabad,17.385,78.4867,2025-11-24 08:00:00,37.8,36.6,739.0,14.6,17.6,86.0,22.9,74,0.0,4.1
Hyderabad,17.385,78.4867,2025-11-24 09:00:00,31.9,30.5,634.0,11.2,15.3,101.0,24.8,68,0.0,5.9
Hyderabad,17.385,78.4867,2025-11-24 10:00:00,28.3,27.1,456.0,6.2,11.7,119.0,26.8,56,0.0,6.6
Hyderabad,17.385,78.4867,2025-11-24 11:00:00,26.7,25.6,324.0,2.5,8.8,134.0,28.0,46,0.0,6.9
Hyderabad,17.385,78.4867,2025-11-24 12:00:00,25.1,24.2,286.0,1.3,7.4,141.0,29.1,41,0.0,6.9
Hyderabad,17.385,78.4867,2025-11-24 13:00:00,23.8,22.9,294.0,1.5,6.6,144.0,29.7,38,0.0,7.1
Hyderabad,17.385,78.4867,2025-11-24 14:00:00,22.8,22.0,314.0,2.4,6.2,142.0,30.1,36,0.0,7.9
Hyderabad,17.385,78.4867,2025-11-24 15:00:00,22.2,21.5,335.0,4.0,5.8,135.0,30.2,32,0.0,8.9
Hyderabad,17.385,78.4867,2025-11-24 16:00:00,21.8,21.2,369.0,6.3,5.7,124.0,29.6,33,0.0,9.7
Hyderabad,17.385,78.4867,2025-11-24 17:00:00,25.7,24.8,417.0,11.7,6.2,104.0,28.4,36,0.0,8.2
Hyderabad,17.385,78.4867,2025-11-24 18:00:00,27.8,27.1,493.0,14.7,7.6,95.0,27.7,40,0.0,8.9
Hyderabad,17.385,78.4867,2025-11-24 19:00:00,28.6,28.1,583.0,18.7,9.5,83.0,26.8,42,0.0,8.5
Hyderabad,17.385,78.4867,2025-11-24 20:00:00,29.0,28.5,649.0,21.4,11.0,74.0,25.9,44,0.0,7.2
Hyderabad,17.385,78.4867,2025-11-24 21:00:00,29.6,29.2,678.0,21.7,11.5,72.0,24.7,48,0.0,6.8
Hyderabad,17.385,78.4867,2025-11-24 22:00:00,30.0,29.5,684.0,20.6,11.5,74.0,23.9,52,0.0,6.3
Hyderabad,17.385,78.4867,2025-11-24 23:00:00,29.6,29.0,664.0,19.0,11.4,77.0,23.0,57,0.0,5.7
Hyderabad,17.385,78.4867,2025-11-25 00:00:00,29.1,28.5,603.0,16.6,11.4,83.0,22.4,59,0.0,6.3
Hyderabad,17.385,78.4867,2025-11-25 01:00:00,28.9,28.2,517.0,13.7,11.4,90.0,21.7,62,0.0,6.1
Hyderabad,17.385,78.4867,2025-11-25 02:00:00,28.8,28.1,453.0,11.4,11.5,96.0,21.5,64,0.0,6.4
Hyderabad,17.385,78.4867,2025-11-25 03:00:00,29.0,28.2,431.0,10.4,11.9,98.0,21.0,66,0.0,7.9
Hyderabad,17.385,78.4867,2025-11-25 04:00:00,29.2,28.3,432.0,10.0,12.6,98.0,20.2,70,0.0,7.3
Hyderabad,17.385,78.4867,2025-11-25 05:00:00,29.7,28.7,443.0,8.7,12.9,101.0,19.6,79,0.0,7.2
Hyderabad,17.385,78.4867,2025-11-25 06:00:00,32.7,31.7,472.0,9.8,14.6,101.0,20.0,90,0.0,7.0
Hyderabad,17.385,78.4867,2025-11-25 07:00:00,36.8,35.7,512.0,11.1,16.9,102.0,20.3,92,0.0,9.1
Hyderabad,17.385,78.4867,2025-11-25 08:00:00,36.4,35.2,528.0,11.2,17.8,106.0,22.0,80,0.0,8.8
Hyderabad,17.385,78.4867,2025-11-25 09:00:00,34.7,33.5,496.0,8.8,16.1,117.0,23.9,68,0.0,8.2
Hyderabad,17.385,78.4867,2025-11-25 10:00:00,30.4,29.6,440.0,5.1,13.0,130.0,25.5,57,0.0,7.3
Hyderabad,17.385,78.4867,2025-11-25 11:00:00,29.3,28.5,396.0,2.4,10.3,141.0,26.9,50,0.0,8.1
Hyderabad,17.385,78.4867,2025-11-25 12:00:00,29.5,28.8,374.0,1.4,8.7,146.0,28.2,44,0.0,8.4
Hyderabad,17.385,78.4867,2025-11-25 13:00:00,29.8,29.2,364.0,1.4,7.5,148.0,28.9,41,0.0,9.2
Hyderabad,17.385,78.4867,2025-11-25 14:00:00,29.9,29.3,366.0,2.3,6.7,146.0,29.3,38,0.0,9.4
Hyderabad,17.385,78.4867,2025-11-25 15:00:00,30.5,30.0,383.0,4.4,6.3,138.0,29.1,39,0.0,9.6
Hyderabad,17.385,78.4867,2025-11-25 16:00:00,31.7,31.2,412.0,7.4,6.3,127.0,28.6,40,0.0,9.2
Hyderabad,17.385,78.4867,2025-11-25 17:00:00,46.0,45.2,446.0,11.7,6.7,108.0,27.3,42,0.0,9.7
Hyderabad,17.385,78.4867,2025-11-25 18:00:00,51.6,50.8,477.0,15.5,8.3,98.0,26.9,43,0.0,9.1
Hyderabad,17.385,78.4867,2025-11-25 19:00:00,55.2,54.4,512.0,20.7,10.6,83.0,26.1,46,0.0,8.3
Hyderabad,17.385,78.4867,2025-11-25 20:00:00,58.1,57.2,566.0,24.6,12.6,73.0,25.3,49,0.0,6.5
Hyderabad,17.385,78.4867,2025-11-25 21:00:00,61.5,60.3,668.0,26.3,14.0,70.0,24.6,52,0.0,4.4
Hyderabad,17.385,78.4867,2025-11-25 22:00:00,64.7,63.3,789.0,26.8,15.1,71.0,23.9,56,0.0,3.9
Hyderabad,17.385,78.4867,2025-11-25 23:00:00,66.6,65.4,851.0,26.1,15.9,74.0,22.7,65,0.0,2.6
Hyderabad,17.385,78.4867,2025-11-26 00:00:00,67.1,65.9,800.0,23.5,16.0,78.0,22.3,67,0.0,2.5
Hyderabad,17.385,78.4867,2025-11-26 01:00:00,67.3,65.9,692.0,19.8,15.7,84.0,21.9,69,0.0,3.0
Hyderabad,17.385,78.4867,2025-11-26 02:00:00,67.8,66.4,613.0,17.3,16.0,88.0,21.4,72,0.0,3.4
Hyderabad,17.385,78.4867,2025-11-26 03:00:00,69.2,67.8,604.0,17.2,17.7,89.0,20.8,75,0.0,4.6
Hyderabad,17.385,78.4867,2025-11-26 04:00:00,71.9,70.5,625.0,18.4,20.0,88.0,20.2,79,0.0,4.7
Hyderabad,17.385,78.4867,2025-11-26 05:00:00,73.6,71.9,645.0,17.3,20.6,90.0,19.1,84,0.0,4.9
Hyderabad,17.385,78.4867,2025-11-26 06:00:00,81.0,79.6,660.0,18.5,21.3,92.0,19.1,88,0.0,5.6
Hyderabad,17.385,78.4867,2025-11-26 07:00:00,88.5,87.1,673.0,19.9,22.3,96.0,19.3,93,0.0,5.4
Hyderabad,17.385,78.4867,2025-11-26 08:00:00,65.2,64.0,663.0,19.2,22.7,103.0,19.9,90,0.0,5.5
Hyderabad,17.385,78.4867,2025-11-26 09:00:00,57.0,55.6,609.0,14.4,22.0,118.0,22.5,73,0.0,6.8
Hyderabad,17.385,78.4867,2025-11-26 10:00:00,53.8,52.4,531.0,7.5,20.7,137.0,24.8,60,0.0,5.8
Hyderabad,17.385,78.4867,2025-11-26 11:00:00,52.3,50.9,467.0,2.5,19.5,151.0,26.4,51,0.0,8.8
Hyderabad,17.385,78.4867,2025-11-26 12:00:00,51.5,50.1,430.0,0.9,18.6,156.0,27.8,44,0.0,9.2
Hyderabad,17.385,78.4867,2025-11-26 13:00:00,50.6,49.2,408.0,1.1,17.7,156.0,28.6,40,0.0,9.4
Hyderabad,17.385,78.4867,2025-11-26 14:00:00,49.5,48.1,401.0,2.4,16.9,151.0,29.0,37,0.0,10.4
Hyderabad,17.385,78.4867,2025-11-26 15:00:00,48.9,47.5,412.0,4.8,15.9,141.0,29.0,35,0.0,11.0
Hyderabad,17.385,78.4867,2025-11-26 16:00:00,48.8,47.4,437.0,8.3,15.0,126.0,28.4,36,0.0,11.0
Hyderabad,17.385,78.4867,2025-11-26 17:00:00,61.2,59.8,467.0,11.2,15.2,117.0,27.2,43,0.0,11.3
Hyderabad,17.385,78.4867,2025-11-26 18:00:00,67.8,66.4,500.0,13.8,16.5,109.0,26.7,45,0.0,10.7
Hyderabad,17.385,78.4867,2025-11-26 19:00:00,73.1,71.7,537.0,17.3,18.3,99.0,25.9,47,0.0,9.2
Hyderabad,17.385,78.4867,2025-11-26 20:00:00,77.5,75.9,575.0,19.9,19.9,92.0,25.1,50,0.0,6.9
Hyderabad,17.385,78.4867,2025-11-26 21:00:00,82.2,80.6,624.0,20.7,21.1,92.0,24.3,55,0.0,5.3
Hyderabad,17.385,78.4867,2025-11-26 22:00:00,87.1,85.0,675.0,20.6,22.2,96.0,23.4,61,0.0,7.0
Hyderabad,17.385,78.4867,2025-11-26 23:00:00,90.1,87.8,691.0,19.8,23.1,100.0,22.7,66,0.0,5.3
Hyderabad,17.385,78.4867,2025-11-27 00:00:00,91.7,88.9,638.0,18.0,23.8,105.0,22.3,68,0.0,5.4
Hyderabad,17.385,78.4867,2025-11-27 01:00:00,92.7,89.9,550.0,15.5,24.4,110.0,21.6,72,0.0,4.8
Hyderabad,17.385,78.4867,2025-11-27 02:00:00,93.6,90.8,499.0,13.6,24.9,112.0,20.8,76,0.0,6.3
Hyderabad,17.385,78.4867,2025-11-27 03:00:00,94.8,92.0,516.0,12.7,25.4,109.0,20.0,80,0.0,5.8
Hyderabad,17.385,78.4867,2025-11-27 04:00:00,95.7,92.9,568.0,12.4,26.0,103.0,19.4,84,0.0,4.5
Hyderabad,17.385,78.4867,2025-11-27 05:00:00,100.4,97.6,630.0,13.5,27.7,101.0,18.7,89,0.0,2.9
Hyderabad,17.385,78.4867,2025-11-27 06:00:00,104.3,101.7,716.0,14.9,29.0,103.0,18.8,92,0.0,4.2
Hyderabad,17.385,78.4867,2025-11-27 07:00:00,107.6,105.2,810.0,16.7,30.7,106.0,19.2,92,0.0,4.6
Hyderabad,17.385,78.4867,2025-11-27 08:00:00,93.8,91.7,843.0,16.6,31.1,114.0,20.7,82,0.0,2.8
Hyderabad,17.385,78.4867,2025-11-27 09:00:00,83.4,81.0,758.0,12.7,29.1,131.0,22.9,69,0.0,4.6
Hyderabad,17.385,78.4867,2025-11-27 10:00:00,72.6,70.8,612.0,6.9,25.9,152.0,24.9,57,0.0,6.7
Hyderabad,17.385,78.4867,2025-11-27 11:00:00,65.4,63.6,500.0,2.6,22.7,167.0,26.2,51,0.0,9.4
Hyderabad,17.385,78.4867,2025-11-27 12:00:00,63.6,61.9,461.0,1.2,19.9,170.0,27.5,46,0.0,9.3
Hyderabad,17.385,78.4867,2025-11-27 13:00:00,62.9,61.2,456.0,1.3,17.1,166.0,28.3,42,0.0,9.3
Hyderabad,17.385,78.4867,2025-11-27 14:00:00,62.4,60.8,464.0,2.4,15.1,159.0,28.5,41,0.0,9.7
Hyderabad,17.385,78.4867,2025-11-27 15:00:00,62.4,60.8,483.0,4.4,14.0,150.0,28.5,40,0.0,9.7
Hyderabad,17.385,78.4867,2025-11-27 16:00:00,62.4,60.8,514.0,7.4,13.6,137.0,28.0,41,0.0,9.8
Hyderabad,17.385,78.4867,2025-11-27 17:00:00,78.5,76.8,538.0,12.6,13.2,120.0,26.9,45,0.0,11.0
Hyderabad,17.385,78.4867,2025-11-27 18:00:00,82.0,80.6,547.0,15.4,14.2,110.0,26.4,47,0.0,9.8
Hyderabad,17.385,78.4867,2025-11-27 19:00:00,84.8,83.4,548.0,19.2,15.5,95.0,25.5,50,0.0,8.6
Hyderabad,17.385,78.4867,2025-11-27 20:00:00,87.3,85.7,546.0,22.0,16.6,84.0,24.3,53,0.0,10.2
Hyderabad,17.385,78.4867,2025-11-27 21:00:00,90.8,89.2,544.0,23.1,17.3,79.0,23.2,59,0.0,11.1
Hyderabad,17.385,78.4867,2025-11-27 22:00:00,93.6,91.7,538.0,23.3,17.7,77.0,22.5,63,0.0,9.7
Hyderabad,17.385,78.4867,2025-11-27 23:00:00,92.0,90.1,519.0,22.0,17.9,77.0,21.7,68,0.0,8.1
Hyderabad,17.385,78.4867,2025-11-28 00:00:00,87.8,85.9,470.0,18.4,17.4,80.0,21.4,69,0.0,9.5
Hyderabad,17.385,78.4867,2025-11-28 01:00:00,82.9,81.0,409.0,13.5,16.7,84.0,20.8,71,0.0,8.7
Hyderabad,17.385,78.4867,2025-11-28 02:00:00,78.0,76.1,377.0,9.8,16.6,88.0,20.2,72,0.0,8.8
Hyderabad,17.385,78.4867,2025-11-28 03:00:00,74.0,72.2,394.0,8.1,17.8,89.0,19.8,73,0.0,8.9
Hyderabad,17.385,78.4867,2025-11-28 04:00:00,71.9,70.1,441.0,7.5,19.7,88.0,19.5,73,0.0,8.2
Hyderabad,17.385,78.4867,2025-11-28 05:00:00,70.3,68.5,498.0,8.0,22.5,91.0,19.2,74,0.0,8.7
Hyderabad,17.385,78.4867,2025-11-28 06:00:00,70.5,68.7,584.0,10.9,23.8,93.0,19.3,73,0.0,9.2
Hyderabad,17.385,78.4867,2025-11-28 07:00:00,70.1,68.5,681.0,14.7,25.5,96.0,19.9,71,0.0,7.8
Hyderabad,17.385,78.4867,2025-11-28 08:00:00,66.1,64.5,716.0,16.1,25.9,104.0,21.5,63,0.0,6.9
Hyderabad,17.385,78.4867,2025-11-28 09:00:00,58.0,56.1,630.0,12.8,23.9,122.0,23.4,54,0.0,9.6
Hyderabad,17.385,78.4867,2025-11-28 10:00:00,51.9,49.8,482.0,7.1,20.7,145.0,25.0,46,0.0,10.3
Hyderabad,17.385,78.4867,2025-11-28 11:00:00,48.5,46.6,371.0,2.9,18.0,162.0,26.0,42,0.0,9.7
Hyderabad,17.385,78.4867,2025-11-28 12:00:00,46.0,44.0,341.0,1.5,16.4,168.0,27.2,37,0.0,9.3
Hyderabad,17.385,78.4867,2025-11-28 13:00:00,43.8,41.8,350.0,1.6,15.4,168.0,27.9,34,0.0,9.3
Hyderabad,17.385,78.4867,2025-11-28 14:00:00,41.6,39.7,368.0,2.9,14.8,163.0,28.1,31,0.0,9.9
Hyderabad,17.385,78.4867,2025-11-28 15:00:00,39.9,38.1,392.0,5.8,14.6,153.0,27.9,30,0.0,10.6
Hyderabad,17.385,78.4867,2025-11-28 16:00:00,39.2,37.6,426.0,9.9,14.9,139.0,27.1,31,0.0,11.1
Hyderabad,17.385,78.4867,2025-11-28 17:00:00,55.9,54.0,456.0,15.1,17.1,132.0,26.1,37,0.0,10.4
Hyderabad,17.385,78.4867,2025-11-28 18:00:00,59.8,58.2,480.0,17.9,18.4,120.0,25.3,38,0.0,9.7
Hyderabad,17.385,78.4867,2025-11-28 19:00:00,61.7,60.1,500.0,21.7,20.3,104.0,24.1,41,0.0,9.7
Hyderabad,17.385,78.4867,2025-11-28 20:00:00,62.4,60.8,509.0,24.1,21.9,93.0,22.9,43,0.0,9.0
Hyderabad,17.385,78.4867,2025-11-28 21:00:00,63.6,61.7,502.0,23.9,23.1,91.0,21.9,45,0.0,9.2
Hyderabad,17.385,78.4867,2025-11-28 22:00:00,64.3,62.4,485.0,22.2,24.0,93.0,21.0,47,0.0,8.7
Hyderabad,17.385,78.4867,2025-11-28 23:00:00,63.8,61.7,464.0,19.9,24.7,96.0,20.1,52,0.0,8.3
Hyderabad,17.385,78.4867,2025-11-29 00:00:00,62.4,60.3,434.0,16.9,25.0,99.0,19.5,55,0.0,7.9
Hyderabad,17.385,78.4867,2025-11-29 01:00:00,60.5,58.6,401.0,13.4,24.9,102.0,18.9,59,0.0,7.7
Hyderabad,17.385,78.4867,2025-11-29 02:00:00,58.7,56.8,386.0,10.8,24.8,104.0,18.4,61,0.0,7.7
Hyderabad,17.385,78.4867,2025-11-29 03:00:00,57.0,55.2,390.0,9.2,24.5,102.0,18.0,62,0.0,7.3
Hyderabad,17.385,78.4867,2025-11-29 04:00:00,54.9,53.3,412.0,8.5,24.0,99.0,17.7,63,0.0,7.8
Hyderabad,17.385,78.4867,2025-11-29 05:00:00,55.4,53.9,471.0,10.2,23.2,95.0,17.2,65,0.0,7.3
Hyderabad,17.385,78.4867,2025-11-29 06:00:00,53.2,51.9,620.0,13.7,23.9,91.0,17.3,64,0.0,7.6
Hyderabad,17.385,78.4867,2025-11-29 07:00:00,51.8,50.9,807.0,18.4,24.8,86.0,17.9,63,0.0,6.5
Hyderabad,17.385,78.4867,2025-11-29 08:00:00,47.5,46.9,891.0,20.1,25.1,89.0,19.6,56,0.0,4.5
Hyderabad,17.385,78.4867,2025-11-29 09:00:00,42.1,41.6,775.0,16.0,24.4,110.0,22.3,46,0.0,5.0
Hyderabad,17.385,78.4867,2025-11-29 10:00:00,38.1,37.1,557.0,8.9,23.2,139.0,24.1,40,0.0,6.5
Hyderabad,17.385,78.4867,2025-11-29 11:00:00,36.6,35.5,393.0,3.6,21.6,160.0,24.9,40,0.0,6.3
Hyderabad,17.385,78.4867,2025-11-29 12:00:00,35.0,34.0,349.0,1.8,19.5,166.0,25.9,39,0.0,5.7
Hyderabad,17.385,78.4867,2025-11-29 13:00:00,33.9,32.7,359.0,1.7,17.1,163.0,26.7,37,0.0,5.6
Hyderabad,17.385,78.4867,2025-11-29 14:00:00,33.3,32.2,381.0,3.0,15.2,157.0,27.0,36,0.0,5.6
Hyderabad,17.385,78.4867,2025-11-29 15:00:00,32.8,31.7,403.0,5.9,14.1,147.0,26.9,37,0.0,6.6
Hyderabad,17.385,78.4867,2025-11-29 16:00:00,32.7,31.7,437.0,10.2,13.6,132.0,26.5,38,0.0,7.8
Hyderabad,17.385,78.4867,2025-11-29 17:00:00,40.9,39.9,475.0,16.1,14.4,118.0,25.6,42,0.0,8.2
Hyderabad,17.385,78.4867,2025-11-29 18:00:00,44.6,43.8,519.0,18.8,15.4,108.0,25.1,45,0.0,8.4
Hyderabad,17.385,78.4867,2025-11-29 19:00:00,45.9,45.1,567.0,22.5,16.8,94.0,23.9,50,0.0,9.5
Hyderabad,17.385,78.4867,2025-11-29 20:00:00,46.0,45.3,600.0,24.7,18.1,85.0,22.8,53,0.0,9.0
Hyderabad,17.385,78.4867,2025-11-29 21:00:00,46.2,45.4,612.0,24.1,18.9,85.0,22.0,55,0.0,9.8
Hyderabad,17.385,78.4867,2025-11-29 22:00:00,46.6,45.8,609.0,21.9,19.5,89.0,21.5,57,0.0,8.7
Hyderabad,17.385,78.4867,2025-11-29 23:00:00,46.6,45.8,590.0,19.4,20.2,93.0,20.8,60,0.0,7.8
Hyderabad,17.385,78.4867,2025-11-30 00:00:00,46.6,45.6,539.0,16.6,21.1,97.0,20.4,60,0.0,8.5
Hyderabad,17.385,78.4867,2025-11-30 01:00:00,46.0,45.2,472.0,13.4,22.0,101.0,20.1,60,0.0,8.0
Hyderabad,17.385,78.4867,2025-11-30 02:00:00,44.8,44.0,433.0,11.0,22.9,103.0,19.6,60,0.0,7.7
Hyderabad,17.385,78.4867,2025-11-30 03:00:00,43.1,42.4,437.0,9.4,23.5,102.0,19.5,59,0.0,6.7
Hyderabad,17.385,78.4867,2025-11-30 04:00:00,41.6,40.9,469.0,8.5,24.0,100.0,19.5,59,0.0,6.2
Hyderabad,17.385,78.4867,2025-11-30 05:00:00,41.3,40.7,524.0,9.1,27.5,98.0,19.2,61,0.0,6.3
Hyderabad,17.385,78.4867,2025-11-30 06:00:00,42.3,41.7,633.0,14.1,29.1,90.0,19.4,61,0.0,5.4
Hyderabad,17.385,78.4867,2025-11-30 07:00:00,44.6,44.1,766.0,20.8,31.1,80.0,19.5,61,0.0,4.6
Hyderabad,17.385,78.4867,2025-11-30 08:00:00,44.8,44.4,820.0,23.9,31.6,81.0,21.0,55,0.0,4.5
Hyderabad,17.385,78.4867,2025-11-30 09:00:00,41.6,41.1,723.0,19.7,29.3,102.0,23.4,47,0.0,6.2
Hyderabad,17.385,78.4867,2025-11-30 10:00:00,37.3,36.7,548.0,11.9,25.5,133.0,25.1,43,0.0,6.8
Hyderabad,17.385,78.4867,2025-11-30 11:00:00,34.3,33.8,415.0,6.0,22.3,156.0,26.1,44,0.0,7.1
Hyderabad,17.385,78.4867,2025-11-30 12:00:00,31.5,31.1,374.0,4.1,20.4,163.0,26.1,44,0.0,5.5
Hyderabad,17.385,78.4867,2025-11-30 13:00:00,30.7,30.3,376.0,4.2,19.0,161.0,26.9,42,0.0,6.5
Hyderabad,17.385,78.4867,2025-11-30 14:00:00,29.9,29.4,394.0,5.3,18.0,156.0,26.6,42,0.0,5.8
Hyderabad,17.385,78.4867,2025-11-30 15:00:00,29.4,28.9,425.0,7.7,17.1,149.0,26.5,43,0.0,8.3
Hyderabad,17.385,78.4867,2025-11-30 16:00:00,29.9,29.5,471.0,11.3,16.6,139.0,25.6,47,0.0,9.6
Hyderabad,17.385,78.4867,2025-11-30 17:00:00,38.3,38.0,512.0,16.2,16.6,116.0,25.0,50,0.0,7.1
Hyderabad,17.385,78.4867,2025-11-30 18:00:00,38.8,38.4,539.0,17.8,17.4,107.0,24.7,51,0.0,7.4
Hyderabad,17.385,78.4867,2025-11-30 19:00:00,39.8,39.5,561.0,20.0,18.4,95.0,24.0,55,0.0,9.1
Hyderabad,17.385,78.4867,2025-11-30 20:00:00,42.0,41.6,580.0,21.2,19.0,86.0,23.1,58,0.0,8.4
Hyderabad,17.385,78.4867,2025-11-30 21:00:00,44.2,43.8,605.0,20.6,18.8,85.0,22.1,63,0.0,9.4
Hyderabad,17.385,78.4867,2025-11-30 22:00:00,45.1,44.6,629.0,19.1,18.1,88.0,21.6,65,0.0,7.5
Hyderabad,17.385,78.4867,2025-11-30 23:00:00,44.6,44.1,630.0,17.5,17.5,89.0,21.6,65,0.0,5.8
Hyderabad,17.385,78.4867,2025-12-01 00:00:00,44.9,44.4,589.0,16.0,17.1,87.0,21.5,66,0.0,5.4
Hyderabad,17.385,78.4867,2025-12-01 01:00:00,46.0,45.3,526.0,14.4,16.8,84.0,20.9,69,0.0,7.0
Hyderabad,17.385,78.4867,2025-12-01 02:00:00,44.8,44.2,481.0,12.9,16.6,82.0,20.3,73,0.0,5.9
Hyderabad,17.385,78.4867,2025-12-01 03:00:00,42.8,42.1,461.0,11.1,16.6,82.0,20.0,75,0.0,5.8
Hyderabad,17.385,78.4867,2025-12-01 04:00:00,40.6,40.0,458.0,9.3,16.7,82.0,19.8,76,0.0,6.4
Hyderabad,17.385,78.4867,2025-12-01 05:00:00,41.7,41.0,490.0,11.0,16.6,76.0,19.6,78,0.0,6.6
Hyderabad,17.385,78.4867,2025-12-01 06:00:00,43.3,42.7,599.0,13.1,19.7,77.0,19.5,75,0.0,5.9
Hyderabad,17.385,78.4867,2025-12-01 07:00:00,46.3,45.9,744.0,15.9,23.7,78.0,19.7,72,0.2,4.1
Hyderabad,17.385,78.4867,2025-12-01 08:00:00,45.6,45.1,811.0,16.6,25.8,85.0,20.7,65,0.0,5.6
Hyderabad,17.385,78.4867,2025-12-01 09:00:00,42.7,42.0,729.0,13.2,23.9,101.0,22.3,57,0.0,4.4
Hyderabad,17.385,78.4867,2025-12-01 10:00:00,38.8,38.0,569.0,7.7,20.0,123.0,23.5,53,0.0,5.3
Hyderabad,17.385,78.4867,2025-12-01 11:00:00,35.5,34.8,441.0,3.5,16.7,139.0,25.4,51,0.0,6.5
Hyderabad,17.385,78.4867,2025-12-01 12:00:00,33.6,33.1,384.0,2.1,15.1,147.0,26.5,49,0.0,7.2
Hyderabad,17.385,78.4867,2025-12-01 13:00:00,32.5,32.0,357.0,2.0,14.1,150.0,27.2,47,0.0,7.0
Hyderabad,17.385,78.4867,2025-12-01 14:00:00,31.1,30.6,350.0,2.6,13.5,149.0,28.0,43,0.0,6.1
Hyderabad,17.385,78.4867,2025-12-01 15:00:00,30.2,29.7,362.0,3.8,13.0,143.0,28.3,40,0.0,6.0
Hyderabad,17.385,78.4867,2025-12-01 16:00:00,30.0,29.6,394.0,5.7,12.7,133.0,28.2,39,0.0,7.7
Hyderabad,17.385,78.4867,2025-12-01 17:00:00,34.2,33.8,434.0,10.4,13.0,125.0,27.0,47,0.0,9.0
Hyderabad,17.385,78.4867,2025-12-01 18:00:00,37.5,37.1,492.0,12.6,13.7,114.0,26.0,52,0.0,10.1
Hyderabad,17.385,78.4867,2025-12-01 19:00:00,38.8,38.4,559.0,15.5,14.8,99.0,25.0,55,0.0,8.0
Hyderabad,17.385,78.4867,2025-12-01 20:00:00,39.6,39.2,596.0,17.8,15.7,87.0,24.3,58,0.0,6.7
Hyderabad,17.385,78.4867,2025-12-01 21:00:00,40.5,40.2,583.0,18.7,16.4,81.0,23.6,60,0.0,7.0
Hyderabad,17.385,78.4867,2025-12-01 22:00:00,41.2,40.9,542.0,18.9,16.9,79.0,22.8,63,0.0,6.6
Hyderabad,17.385,78.4867,2025-12-01 23:00:00,43.3,43.0,496.0,18.6,17.5,78.0,21.8,70,0.0,6.1
Hyderabad,17.385,78.4867,2025-12-02 00:00:00,46.4,46.0,444.0,17.7,18.1,78.0,21.4,71,0.0,6.2
Hyderabad,17.385,78.4867,2025-12-02 01:00:00,49.1,48.7,388.0,16.2,18.8,78.0,20.8,74,0.0,5.9
Hyderabad,17.385,78.4867,2025-12-02 02:00:00,49.2,48.8,362.0,15.0,19.5,79.0,20.3,77,0.0,5.8
Hyderabad,17.385,78.4867,2025-12-02 03:00:00,48.4,48.0,380.0,13.9,20.2,80.0,19.9,80,0.0,4.9
Hyderabad,17.385,78.4867,2025-12-02 04:00:00,49.0,48.5,428.0,12.9,21.0,80.0,19.6,83,0.0,4.1
Hyderabad,17.385,78.4867,2025-12-02 05:00:00,52.9,52.3,493.0,13.0,22.0,82.0,19.0,87,0.0,2.4
Hyderabad,17.385,78.4867,2025-12-02 06:00:00,64.7,64.3,604.0,15.0,23.4,83.0,19.3,85,0.0,2.7
Hyderabad,17.385,78.4867,2025-12-02 07:00:00,73.8,73.3,732.0,17.6,25.3,85.0,19.8,84,0.0,1.0
Hyderabad,17.385,78.4867,2025-12-02 08:00:00,44.9,44.5,782.0,17.9,25.6,92.0,21.6,76,0.0,2.7
Hyderabad,17.385,78.4867,2025-12-02 09:00:00,33.5,33.1,680.0,13.7,22.9,108.0,23.6,65,0.0,5.1
Hyderabad,17.385,78.4867,2025-12-02 10:00:00,30.9,30.5,499.0,7.3,18.7,128.0,25.4,56,0.0,6.5
Hyderabad,17.385,78.4867,2025-12-02 11:00:00,29.3,28.9,363.0,2.6,15.3,142.0,27.4,48,0.0,7.8
Hyderabad,17.385,78.4867,2025-12-02 12:00:00,27.8,27.4,325.0,1.3,13.6,144.0,28.8,43,0.0,7.6
Hyderabad,17.385,78.4867,2025-12-02 13:00:00,26.7,26.4,333.0,1.8,12.8,139.0,28.8,43,0.0,9.0
Hyderabad,17.385,78.4867,2025-12-02 14:00:00,27.2,26.9,347.0,2.8,12.3,134.0,28.8,43,0.0,9.0
Hyderabad,17.385,78.4867,2025-12-02 15:00:00,28.8,28.5,358.0,3.9,12.0,129.0,28.5,43,0.0,9.2
Hyderabad,17.385,78.4867,2025-12-02 16:00:00,30.7,30.5,375.0,5.5,12.0,123.0,28.3,43,0.0,8.3
Hyderabad,17.385,78.4867,2025-12-02 17:00:00,50.1,49.8,396.0,7.7,19.4,148.0,27.2,47,0.0,11.0
Hyderabad,17.385,78.4867,2025-12-02 18:00:00,52.2,51.9,421.0,9.5,20.0,140.0,26.5,48,0.0,12.4
Hyderabad,17.385,78.4867,2025-12-02 19:00:00,51.2,51.0,448.0,11.9,20.7,128.0,25.5,52,0.0,11.8
Hyderabad,17.385,78.4867,2025-12-02 20:00:00,49.4,49.1,470.0,13.6,21.0,116.0,24.3,56,0.0,10.5
Hyderabad,17.385,78.4867,2025-12-02 21:00:00,47.4,47.3,485.0,13.8,20.5,106.0,23.7,58,0.0,8.6
Hyderabad,17.385,78.4867,2025-12-02 22:00:00,45.3,45.2,494.0,13.1,19.6,96.0,23.9,56,0.0,7.6
Hyderabad,17.385,78.4867,2025-12-02 23:00:00,42.3,42.1,495.0,12.4,18.5,87.0,22.9,60,0.0,7.0
Hyderabad,17.385,78.4867,2025-12-03 00:00:00,39.1,39.0,478.0,11.8,17.4,79.0,22.4,60,0.0,6.4
Hyderabad,17.385,78.4867,2025-12-03 01:00:00,36.4,36.3,452.0,11.1,16.2,71.0,21.9,60,0.0,6.8
Hyderabad,17.385,78.4867,2025-12-03 02:00:00,34.8,34.7,443.0,10.5,15.1,65.0,21.3,61,0.0,7.2
Hyderabad,17.385,78.4867,2025-12-03 03:00:00,31.1,31.1,463.0,9.9,14.0,61.0,20.9,63,0.0,7.8
Hyderabad,17.385,78.4867,2025-12-03 04:00:00,27.0,27.0,500.0,9.2,12.9,58.0,20.6,65,0.0,7.7
Hyderabad,17.385,78.4867,2025-12-03 05:00:00,54.6,54.5,541.0,15.7,19.1,59.0,20.5,69,0.0,7.3
Hyderabad,17.385,78.4867,2025-12-03 06:00:00,54.0,53.9,599.0,15.8,19.1,63.0,20.3,70,0.0,7.9
Hyderabad,17.385,78.4867,2025-12-03 07:00:00,51.7,51.6,661.0,15.7,18.9,69.0,20.3,70,0.0,7.4
Hyderabad,17.385,78.4867,2025-12-03 08:00:00,35.6,35.5,678.0,14.5,18.2,78.0,21.6,67,0.0,6.1
Hyderabad,17.385,78.4867,2025-12-03 09:00:00,29.7,29.6,608.0,11.0,16.5,94.0,23.2,65,0.0,7.2
Hyderabad,17.385,78.4867,2025-12-03 10:00:00,29.3,29.2,493.0,6.3,14.2,113.0,24.9,58,0.0,7.6
Hyderabad,17.385,78.4867,2025-12-03 11:00:00,27.8,27.7,404.0,2.9,12.3,127.0,26.5,54,0.0,8.5
Hyderabad,17.385,78.4867,2025-12-03 12:00:00,27.1,27.0,369.0,2.0,11.3,130.0,28.2,47,0.0,8.2
Hyderabad,17.385,78.4867,2025-12-03 13:00:00,28.3,28.2,359.0,2.5,10.6,126.0,28.5,46,0.0,8.2
Hyderabad,17.385,78.4867,2025-12-03 14:00:00,29.7,29.6,364.0,3.4,10.4,123.0,28.2,47,0.0,10.2
Hyderabad,17.385,78.4867,2025-12-03 15:00:00,29.4,29.3,384.0,4.5,10.5,122.0,28.0,46,0.0,8.7
Hyderabad,17.385,78.4867,2025-12-03 16:00:00,30.4,30.3,418.0,6.0,10.9,121.0,27.9,46,0.0,8.3
Hyderabad,17.385,78.4867,2025-12-03 17:00:00,28.3,28.2,448.0,8.2,7.7,98.0,26.7,49,0.0,8.7
Hyderabad,17.385,78.4867,2025-12-03 18:00:00,33.6,33.5,465.0,10.7,9.4,93.0,26.5,50,0.0,8.9
Hyderabad,17.385,78.4867,2025-12-03 19:00:00,38.5,38.4,477.0,14.2,11.8,85.0,25.8,52,0.0,8.9
Hyderabad,17.385,78.4867,2025-12-03 20:00:00,40.9,40.7,493.0,16.4,13.6,80.0,25.0,56,0.0,8.2
Hyderabad,17.385,78.4867,2025-12-03 21:00:00,41.3,41.2,523.0,16.3,14.4,79.0,24.1,61,0.0,8.7
Hyderabad,17.385,78.4867,2025-12-03 22:00:00,41.3,41.2,556.0,14.9,14.6,79.0,23.1,65,0.0,9.9
Hyderabad,17.385,78.4867,2025-12-03 23:00:00,41.4,41.3,567.0,13.3,14.7,80.0,22.5,70,0.0,8.6
Hyderabad,17.385,78.4867,2025-12-04 00:00:00,40.6,40.5,535.0,11.7,14.8,80.0,22.1,76,0.0,6.9
Hyderabad,17.385,78.4867,2025-12-04 01:00:00,39.7,39.5,482.0,10.0,14.8,81.0,21.7,78,0.0,6.2
Hyderabad,17.385,78.4867,2025-12-04 02:00:00,38.9,38.6,447.0,8.6,15.0,81.0,21.4,78,0.0,6.2
Hyderabad,17.385,78.4867,2025-12-04 03:00:00,38.6,38.4,446.0,7.7,15.7,81.0,21.1,79,0.0,6.0
Hyderabad,17.385,78.4867,2025-12-04 04:00:00,38.6,38.3,464.0,7.1,16.5,81.0,20.8,80,0.0,6.2
Hyderabad,17.385,78.4867,2025-12-04 05:00:00,41.4,41.1,495.0,7.2,18.0,73.0,21.0,69,0.0,7.2
Hyderabad,17.385,78.4867,2025-12-04 06:00:00,47.3,46.9,558.0,8.7,19.2,76.0,20.9,67,0.0,7.3
Hyderabad,17.385,78.4867,2025-12-04 07:00:00,53.2,52.7,634.0,10.6,20.6,80.0,21.1,65,0.0,6.6
Hyderabad,17.385,78.4867,2025-12-04 08:00:00,54.7,54.2,664.0,11.2,20.6,86.0,22.4,60,0.0,7.7
Hyderabad,17.385,78.4867,2025-12-04 09:00:00,54.9,54.4,602.0,9.1,17.7,97.0,23.8,63,0.0,7.6
Hyderabad,17.385,78.4867,2025-12-04 10:00:00,46.6,46.0,494.0,5.8,13.2,109.0,25.7,59,0.0,9.4
Hyderabad,17.385,78.4867,2025-12-04 11:00:00,41.8,41.3,412.0,3.3,9.9,119.0,26.5,57,0.0,7.1
Hyderabad,17.385,78.4867,2025-12-04 12:00:00,41.0,40.5,386.0,2.7,8.9,124.0,26.8,57,0.0,7.4
Hyderabad,17.385,78.4867,2025-12-04 13:00:00,41.3,41.0,385.0,2.9,8.9,125.0,27.8,52,0.1,7.4
Hyderabad,17.385,78.4867,2025-12-04 14:00:00,40.9,40.5,395.0,3.7,9.0,124.0,28.4,50,0.0,6.7
Hyderabad,17.385,78.4867,2025-12-04 15:00:00,38.4,38.1,413.0,4.7,8.6,120.0,28.3,50,0.0,7.1
Hyderabad,17.385,78.4867,2025-12-04 16:00:00,37.6,37.3,440.0,6.2,8.1,114.0,27.7,51,0.0,8.3
Hyderabad,17.385,78.4867,2025-12-04 17:00:00,42.8,42.5,468.0,8.5,8.9,106.0,27.2,51,0.0,7.1
Hyderabad,17.385,78.4867,2025-12-04 18:00:00,46.2,45.9,497.0,12.1,10.4,96.0,26.8,53,0.0,6.9
Hyderabad,17.385,78.4867,2025-12-04 19:00:00,49.8,49.5,526.0,17.0,12.5,82.0,26.1,56,0.0,6.7
Hyderabad,17.385,78.4867,2025-12-04 20:00:00,49.9,49.7,544.0,20.2,14.2,72.0,25.3,58,0.0,7.3
Hyderabad,17.385,78.4867,2025-12-04 21:00:00,48.7,48.4,545.0,20.1,14.8,70.0,24.6,58,0.0,9.3
Hyderabad,17.385,78.4867,2025-12-04 22:00:00,46.4,46.2,536.0,18.3,15.0,73.0,23.6,61,0.0,8.4
Hyderabad,17.385,78.4867,2025-12-04 23:00:00,43.9,43.7,524.0,16.2,15.3,76.0,22.5,69,0.0,7.0
Hyderabad,17.385,78.4867,2025-12-05 00:00:00,42.0,41.9,506.0,13.9,15.8,79.0,22.1,70,0.0,6.5
Hyderabad,17.385,78.4867,2025-12-05 01:00:00,41.1,41.0,486.0,11.2,16.4,82.0,21.6,71,0.0,6.6
Hyderabad,17.385,78.4867,2025-12-05 02:00:00,40.5,40.4,476.0,9.1,17.4,84.0,21.3,70,0.0,6.3
Hyderabad,17.385,78.4867,2025-12-05 03:00:00,40.4,40.3,479.0,7.8,19.0,84.0,20.8,69,0.0,6.8
Hyderabad,17.385,78.4867,2025-12-05 04:00:00,40.9,40.7,494.0,7.1,21.0,84.0,20.4,64,0.0,6.9
Hyderabad,17.385,78.4867,2025-12-05 05:00:00,43.5,43.3,529.0,7.5,23.1,81.0,19.7,66,0.0,7.2
Hyderabad,17.385,78.4867,2025-12-05 06:00:00,45.5,45.3,615.0,10.1,24.3,80.0,19.7,62,0.0,7.3
Hyderabad,17.385,78.4867,2025-12-05 07:00:00,48.2,48.1,721.0,13.5,25.8,80.0,20.0,57,0.0,6.1
Hyderabad,17.385,78.4867,2025-12-05 08:00:00,48.5,48.3,764.0,14.8,26.2,86.0,21.6,48,0.0,5.7
Hyderabad,17.385,78.4867,2025-12-05 09:00:00,50.6,50.3,682.0,11.9,24.3,104.0,23.7,41,0.0,6.9
Hyderabad,17.385,78.4867,2025-12-05 10:00:00,50.5,50.1,536.0,6.9,21.1,128.0,25.4,39,0.0,8.4
Hyderabad,17.385,78.4867,2025-12-05 11:00:00,48.3,48.0,425.0,3.1,18.6,145.0,26.6,42,0.0,9.7
Hyderabad,17.385,78.4867,2025-12-05 12:00:00,45.9,45.5,391.0,1.9,17.2,151.0,27.5,40,0.0,9.2
Hyderabad,17.385,78.4867,2025-12-05 13:00:00,42.5,42.1,393.0,1.9,16.5,150.0,28.0,39,0.0,9.0
Hyderabad,17.385,78.4867,2025-12-05 14:00:00,41.1,40.7,406.0,2.6,16.2,147.0,28.2,38,0.0,9.6
Hyderabad,17.385,78.4867,2025-12-05 15:00:00,41.8,41.4,424.0,3.8,16.5,142.0,27.9,38,0.0,10.1
Hyderabad,17.385,78.4867,2025-12-05 16:00:00,43.2,42.8,452.0,5.7,17.3,134.0,27.2,40,0.0,10.8
Hyderabad,17.385,78.4867,2025-12-05 17:00:00,47.8,47.6,483.0,8.7,22.3,136.0,26.5,42,0.0,11.6
Hyderabad,17.385,78.4867,2025-12-05 18:00:00,52.9,52.6,519.0,11.4,23.9,128.0,25.7,43,0.0,10.9
Hyderabad,17.385,78.4867,2025-12-05 19:00:00,57.3,57.0,558.0,15.0,26.2,116.0,24.6,46,0.0,10.6
Hyderabad,17.385,78.4867,2025-12-05 20:00:00,61.0,60.8,585.0,17.7,28.1,107.0,23.6,49,0.0,9.6
Hyderabad,17.385,78.4867,2025-12-05 21:00:00,65.0,64.5,599.0,18.7,29.5,102.0,22.7,52,0.0,9.1
Hyderabad,17.385,78.4867,2025-12-05 22:00:00,68.5,68.0,602.0,18.7,30.5,100.0,21.8,55,0.0,7.9
Hyderabad,17.385,78.4867,2025-12-05 23:00:00,69.8,69.4,585.0,17.8,31.2,98.0,20.8,60,0.0,6.9
Hyderabad,17.385,78.4867,2025-12-06 00:00:00,69.4,68.9,532.0,15.6,31.3,97.0,20.4,60,0.0,7.5
Hyderabad,17.385,78.4867,2025-12-06 01:00:00,68.0,67.5,459.0,12.4,31.1,97.0,19.9,61,0.0,8.1
Hyderabad,17.385,78.4867,2025-12-06 02:00:00,65.2,64.7,411.0,10.0,30.6,95.0,19.5,60,0.0,8.3
Hyderabad,17.385,78.4867,2025-12-06 03:00:00,62.2,61.7,398.0,8.6,29.8,90.0,19.1,59,0.0,8.4
Hyderabad,17.385,78.4867,2025-12-06 04:00:00,59.0,58.6,411.0,7.8,28.8,85.0,18.7,60,0.0,7.8
Hyderabad,17.385,78.4867,2025-12-06 05:00:00,61.2,60.8,461.0,9.4,29.8,81.0,18.0,64,0.0,6.5
Hyderabad,17.385,78.4867,2025-12-06 06:00:00,60.1,59.6,597.0,11.9,30.6,80.0,17.9,66,0.0,5.4
Hyderabad,17.385,78.4867,2025-12-06 07:00:00,60.8,60.5,770.0,15.1,31.7,81.0,18.1,66,0.0,4.4
Hyderabad,17.385,78.4867,2025-12-06 08:00:00,57.3,57.0,853.0,16.1,32.2,88.0,19.8,57,0.0,4.3
Hyderabad,17.385,78.4867,2025-12-06 09:00:00,53.4,53.1,757.0,12.7,31.5,110.0,22.1,47,0.0,5.5
Hyderabad,17.385,78.4867,2025-12-06 10:00:00,53.0,52.4,570.0,7.1,30.2,138.0,24.3,39,0.0,6.1
Hyderabad,17.385,78.4867,2025-12-06 11:00:00,51.9,51.5,429.0,2.9,28.9,160.0,25.8,37,0.0,6.0
Hyderabad,17.385,78.4867,2025-12-06 12:00:00,50.3,49.8,390.0,1.5,27.7,169.0,27.1,34,0.0,5.8
Hyderabad,17.385,78.4867,2025-12-06 13:00:00,49.0,48.5,398.0,1.7,26.6,170.0,28.0,32,0.0,5.8
Hyderabad,17.385,78.4867,2025-12-06 14:00:00,48.3,47.8,417.0,2.9,25.5,166.0,28.3,32,0.0,6.2
Hyderabad,17.385,78.4867,2025-12-06 15:00:00,47.7,47.3,442.0,5.6,24.4,156.0,28.3,32,0.0,6.9
Hyderabad,17.385,78.4867,2025-12-06 16:00:00,47.7,47.3,478.0,9.4,23.4,141.0,27.7,34,0.0,7.9
Hyderabad,17.385,78.4867,2025-12-06 17:00:00,52.6,52.3,515.0,13.9,22.9,130.0,26.9,37,0.0,8.7
Hyderabad,17.385,78.4867,2025-12-06 18:00:00,57.4,57.0,550.0,16.7,23.5,118.0,26.1,41,0.0,8.9
Hyderabad,17.385,78.4867,2025-12-06 19:00:00,60.1,59.6,585.0,20.6,24.4,102.0,24.9,46,0.0,9.2
Hyderabad,17.385,78.4867,2025-12-06 20:00:00,61.9,61.5,611.0,23.2,25.2,90.0,23.8,49,0.0,8.3
Hyderabad,17.385,78.4867,2025-12-06 21:00:00,64.0,63.8,630.0,23.7,25.6,86.0,22.9,51,0.0,6.6
Hyderabad,17.385,78.4867,2025-12-06 22:00:00,65.9,65.4,640.0,23.0,25.8,85.0,22.3,53,0.0,6.2
Hyderabad,17.385,78.4867,2025-12-06 23:00:00,65.7,65.2,629.0,21.6,26.2,86.0,21.5,57,0.0,5.4
Hyderabad,17.385,78.4867,2025-12-07 00:00:00,65.0,64.3,577.0,19.3,26.8,88.0,21.0,58,0.0,5.9
Hyderabad,17.385,78.4867,2025-12-07 01:00:00,64.7,64.3,503.0,16.3,27.6,92.0,20.4,59,0.0,5.8
Hyderabad,17.385,78.4867,2025-12-07 02:00:00,64.3,63.6,454.0,13.8,28.4,95.0,20.0,59,0.0,6.6
Hyderabad,17.385,78.4867,2025-12-07 03:00:00,63.6,62.6,442.0,11.6,29.4,96.0,19.5,60,0.0,7.2
Hyderabad,17.385,78.4867,2025-12-07 04:00:00,62.9,61.9,454.0,9.8,30.4,97.0,19.2,61,0.0,7.3
Hyderabad,17.385,78.4867,2025-12-07 05:00:00,59.1,58.1,503.0,8.0,31.1,98.0,18.9,62,0.0,5.9
Hyderabad,17.385,78.4867,2025-12-07 06:00:00,60.3,59.4,635.0,11.1,31.7,96.0,18.8,63,0.0,6.4
Hyderabad,17.385,78.4867,2025-12-07 07:00:00,62.4,61.5,802.0,15.1,32.4,94.0,19.1,62,0.0,5.4
Hyderabad,17.385,78.4867,2025-12-07 08:00:00,60.8,60.1,879.0,16.7,32.2,101.0,20.6,56,0.0,4.4
Hyderabad,17.385,78.4867,2025-12-07 09:00:00,56.9,55.9,776.0,13.5,30.5,124.0,23.1,45,0.0,6.3
Hyderabad,17.385,78.4867,2025-12-07 10:00:00,50.2,49.1,582.0,7.8,27.9,155.0,25.1,39,0.0,7.7
Hyderabad,17.385,78.4867,2025-12-07 11:00:00,46.1,45.3,433.0,3.6,25.4,178.0,26.7,38,0.0,6.9
Hyderabad,17.385,78.4867,2025-12-07 12:00:00,43.3,42.5,385.0,2.0,23.2,185.0,28.1,33,0.0,6.3
Hyderabad,17.385,78.4867,2025-12-07 13:00:00,39.9,39.3,383.0,1.8,21.0,184.0,28.9,30,0.0,7.1
Hyderabad,17.385,78.4867,2025-12-07 14:00:00,37.4,36.8,397.0,3.0,19.3,177.0,29.1,29,0.0,7.9
Hyderabad,17.385,78.4867,2025-12-07 15:00:00,35.5,34.9,422.0,6.0,18.0,164.0,29.0,28,0.0,8.5
Hyderabad,17.385,78.4867,2025-12-07 16:00:00,35.2,34.6,463.0,10.4,17.2,147.0,28.3,28,0.0,10.2
Hyderabad,17.385,78.4867,2025-12-07 17:00:00,42.8,42.3,503.0,14.6,16.5,132.0,27.2,30,0.0,10.6
Hyderabad,17.385,78.4867,2025-12-07 18:00:00,49.0,48.3,540.0,17.1,17.8,121.0,26.0,35,0.0,10.4
Hyderabad,17.385,78.4867,2025-12-07 19:00:00,54.0,53.2,576.0,20.7,19.6,107.0,24.6,39,0.0,9.8
Hyderabad,17.385,78.4867,2025-12-07 20:00:00,58.7,57.5,605.0,23.2,21.5,96.0,23.6,41,0.0,9.3
Hyderabad,17.385,78.4867,2025-12-07 21:00:00,63.1,61.7,626.0,24.1,23.5,93.0,22.7,43,0.0,8.5
Hyderabad,17.385,78.4867,2025-12-07 22:00:00,66.8,65.0,639.0,24.1,25.5,94.0,21.8,44,0.0,6.7
Hyderabad,17.385,78.4867,2025-12-07 23:00:00,68.9,66.6,639.0,23.2,27.0,96.0,20.5,48,0.0,5.0
Hyderabad,17.385,78.4867,2025-12-08 00:00:00,69.4,66.6,617.0,21.2,27.8,97.0,19.9,50,0.0,5.4
Hyderabad,17.385,78.4867,2025-12-08 01:00:00,69.6,66.4,582.0,18.3,28.0,99.0,19.3,52,0.0,4.6
Hyderabad,17.385,78.4867,2025-12-08 02:00:00,69.8,66.1,548.0,16.0,28.0,99.0,18.9,54,0.0,4.1
Hyderabad,17.385,78.4867,2025-12-08 03:00:00,70.8,66.6,499.0,14.4,27.7,95.0,18.4,56,0.0,4.7
Hyderabad,17.385,78.4867,2025-12-08 04:00:00,70.8,66.1,452.0,13.3,27.1,89.0,17.9,57,0.0,4.9
Hyderabad,17.385,78.4867,2025-12-08 05:00:00,70.1,65.2,470.0,13.3,27.5,82.0,17.3,60,0.0,4.9
Hyderabad,17.385,78.4867,2025-12-08 06:00:00,70.3,65.7,638.0,16.3,27.7,77.0,17.4,59,0.0,6.3
Hyderabad,17.385,78.4867,2025-12-08 07:00:00,71.0,66.8,872.0,20.2,27.8,72.0,17.7,59,0.0,6.4
Hyderabad,17.385,78.4867,2025-12-08 08:00:00,59.8,57.3,979.0,21.3,27.6,77.0,19.9,50,0.0,4.0
Hyderabad,17.385,78.4867,2025-12-08 09:00:00,52.0,49.8,832.0,16.7,26.9,104.0,22.9,39,0.0,4.3
Hyderabad,17.385,78.4867,2025-12-08 10:00:00,45.2,43.2,559.0,9.4,25.8,143.0,25.1,32,0.0,6.3
Hyderabad,17.385,78.4867,2025-12-08 11:00:00,41.0,39.1,351.0,3.8,24.3,171.0,26.8,28,0.0,7.1
Hyderabad,17.385,78.4867,2025-12-08 12:00:00,37.5,35.9,288.0,1.9,22.2,180.0,28.0,25,0.0,8.1
Hyderabad,17.385,78.4867,2025-12-08 13:00:00,34.2,32.9,292.0,1.8,19.8,178.0,28.7,23,0.0,8.9
Hyderabad,17.385,78.4867,2025-12-08 14:00:00,31.7,30.5,314.0,2.8,17.8,171.0,28.9,22,0.0,9.8
Hyderabad,17.385,78.4867,2025-12-08 15:00:00,29.9,28.9,350.0,4.8,16.3,160.0,28.4,23,0.0,10.4
Hyderabad,17.385,78.4867,2025-12-08 16:00:00,28.7,27.8,404.0,7.8,15.2,144.0,27.6,24,0.0,11.1
Hyderabad,17.385,78.4867,2025-12-08 17:00:00,41.2,40.0,451.0,13.5,15.9,136.0,26.3,29,0.0,10.2
Hyderabad,17.385,78.4867,2025-12-08 18:00:00,44.8,43.5,480.0,16.7,17.0,124.0,25.2,32,0.0,10.2
Hyderabad,17.385,78.4867,2025-12-08 19:00:00,47.4,46.0,501.0,21.0,18.7,109.0,23.8,34,0.0,10.1
Hyderabad,17.385,78.4867,2025-12-08 20:00:00,49.7,48.2,514.0,23.8,20.3,97.0,22.7,35,0.0,9.8
Hyderabad,17.385,78.4867,2025-12-08 21:00:00,52.0,50.2,524.0,23.9,21.9,94.0,21.9,35,0.0,9.0
Hyderabad,17.385,78.4867,2025-12-08 22:00:00,54.4,52.0,526.0,22.4,23.5,95.0,21.0,37,0.0,7.8
Hyderabad,17.385,78.4867,2025-12-08 23:00:00,55.8,52.9,509.0,20.4,24.6,96.0,19.9,40,0.0,6.9
Hyderabad,17.385,78.4867,2025-12-09 00:00:00,55.8,52.2,453.0,17.8,25.1,96.0,19.4,42,0.0,8.0
Hyderabad,17.385,78.4867,2025-12-09 01:00:00,55.3,51.1,379.0,14.7,25.1,95.0,19.0,44,0.0,6.9
Hyderabad,17.385,78.4867,2025-12-09 02:00:00,54.4,49.8,336.0,12.2,24.9,94.0,18.7,47,0.0,6.4
Hyderabad,17.385,78.4867,2025-12-09 03:00:00,53.0,48.3,341.0,10.4,24.4,91.0,18.3,50,0.0,7.0
Hyderabad,17.385,78.4867,2025-12-09 04:00:00,51.0,46.3,377.0,9.2,23.7,86.0,18.0,52,0.0,7.8
Hyderabad,17.385,78.4867,2025-12-09 05:00:00,50.4,45.8,447.0,9.8,22.4,85.0,17.5,56,0.0,6.5
Hyderabad,17.385,78.4867,2025-12-09 06:00:00,48.0,44.0,603.0,12.8,22.7,83.0,17.9,53,0.0,7.5
Hyderabad,17.385,78.4867,2025-12-09 07:00:00,47.8,44.5,793.0,16.8,22.9,82.0,18.4,49,0.0,7.7
Hyderabad,17.385,78.4867,2025-12-09 08:00:00,43.1,41.0,867.0,18.2,22.3,86.0,20.5,41,0.0,4.8
Hyderabad,17.385,78.4867,2025-12-09 09:00:00,37.5,35.0,711.0,14.4,20.3,103.0,23.4,32,0.0,5.9
Hyderabad,17.385,78.4867,2025-12-09 10:00:00,30.5,28.1,439.0,7.9,17.4,126.0,25.9,23,0.0,10.0
Hyderabad,17.385,78.4867,2025-12-09 11:00:00,24.0,21.7,237.0,3.1,14.7,142.0,27.4,18,0.0,11.8
Hyderabad,17.385,78.4867,2025-12-09 12:00:00,21.4,19.0,188.0,1.4,12.3,143.0,28.4,17,0.0,12.3
Hyderabad,17.385,78.4867,2025-12-09 13:00:00,20.4,17.9,209.0,1.4,10.0,137.0,28.8,17,0.0,12.5
Hyderabad,17.385,78.4867,2025-12-09 14:00:00,20.7,18.0,245.0,2.3,8.6,130.0,28.7,18,0.0,12.8
Hyderabad,17.385,78.4867,2025-12-09 15:00:00,22.1,19.3,281.0,4.2,8.4,124.0,28.1,20,0.0,13.2
Hyderabad,17.385,78.4867,2025-12-09 16:00:00,24.0,21.4,332.0,7.1,9.1,117.0,27.0,23,0.0,13.5
Hyderabad,17.385,78.4867,2025-12-09 17:00:00,29.1,26.6,380.0,11.3,10.0,116.0,26.0,26,0.0,10.9
Hyderabad,17.385,78.4867,2025-12-09 18:00:00,33.5,31.2,425.0,15.0,12.3,108.0,24.8,29,0.0,10.1
Hyderabad,17.385,78.4867,2025-12-09 19:00:00,36.8,34.6,467.0,20.1,15.4,98.0,23.6,32,0.0,8.9
Hyderabad,17.385,78.4867,2025-12-09 20:00:00,38.8,36.4,491.0,23.4,18.1,90.0,22.5,34,0.0,9.2
Hyderabad,17.385,78.4867,2025-12-09 21:00:00,39.5,37.1,487.0,23.4,19.9,89.0,21.7,36,0.0,9.7
Hyderabad,17.385,78.4867,2025-12-09 22:00:00,39.3,36.9,465.0,21.7,21.2,90.0,21.1,38,0.0,9.3
Hyderabad,17.385,78.4867,2025-12-09 23:00:00,37.7,35.2,434.0,19.5,21.8,92.0,20.5,41,0.0,7.6
Hyderabad,17.385,78.4867,2025-12-10 00:00:00,35.2,32.5,388.0,17.0,21.4,92.0,20.1,43,0.0,7.8
Hyderabad,17.385,78.4867,2025-12-10 01:00:00,33.2,30.5,334.0,14.0,20.2,93.0,19.5,46,0.0,7.5
Hyderabad,17.385,78.4867,2025-12-10 02:00:00,31.8,29.1,302.0,11.6,19.2,93.0,19.0,47,0.0,7.1
Hyderabad,17.385,78.4867,2025-12-10 03:00:00,30.7,28.2,299.0,9.9,18.4,94.0,18.7,48,0.0,6.9
Hyderabad,17.385,78.4867,2025-12-10 04:00:00,30.0,27.6,319.0,8.7,17.8,95.0,18.2,48,0.0,7.2
Hyderabad,17.385,78.4867,2025-12-10 05:00:00,29.3,27.2,371.0,8.5,16.8,96.0,17.6,50,0.0,6.4
Hyderabad,17.385,78.4867,2025-12-10 06:00:00,30.9,29.0,501.0,11.4,18.2,93.0,17.7,49,0.0,7.0
Hyderabad,17.385,78.4867,2025-12-10 07:00:00,34.0,32.2,664.0,15.2,20.1,90.0,18.1,46,0.0,8.2
Hyderabad,17.385,78.4867,2025-12-10 08:00:00,34.9,33.8,736.0,16.6,21.1,94.0,20.0,41,0.0,6.2
Hyderabad,17.385,78.4867,2025-12-10 09:00:00,36.6,34.8,631.0,13.3,20.5,112.0,22.7,35,0.0,7.7
Hyderabad,17.385,78.4867,2025-12-10 10:00:00,36.0,34.0,436.0,7.5,19.1,138.0,25.0,29,0.0,11.3
Hyderabad,17.385,78.4867,2025-12-10 11:00:00,31.7,29.5,287.0,3.2,17.4,155.0,26.7,24,0.0,12.3
Hyderabad,17.385,78.4867,2025-12-10 12:00:00,28.2,26.2,240.0,1.6,15.4,157.0,27.7,21,0.0,11.5
Hyderabad,17.385,78.4867,2025-12-10 13:00:00,25.7,23.9,239.0,1.5,13.2,152.0,28.3,19,0.0,10.5
Hyderabad,17.385,78.4867,2025-12-10 14:00:00,24.0,22.4,259.0,2.5,11.8,144.0,28.6,18,0.0,10.3
Hyderabad,17.385,78.4867,2025-12-10 15:00:00,23.1,21.7,300.0,4.7,11.4,135.0,28.4,19,0.0,10.5
Hyderabad,17.385,78.4867,2025-12-10 16:00:00,23.5,22.3,361.0,8.1,11.8,125.0,27.5,21,0.0,11.3
Hyderabad,17.385,78.4867,2025-12-10 17:00:00,29.4,28.5,414.0,13.0,12.3,122.0,26.3,25,0.0,10.2
Hyderabad,17.385,78.4867,2025-12-10 18:00:00,35.2,34.2,452.0,17.2,14.5,112.0,25.1,29,0.0,9.8
Hyderabad,17.385,78.4867,2025-12-10 19:00:00,39.8,38.8,481.0,22.8,17.6,97.0,23.7,32,0.0,9.5
Hyderabad,17.385,78.4867,2025-12-10 20:00:00,43.9,42.6,495.0,26.8,20.6,87.0,22.6,35,0.0,8.8
Hyderabad,17.385,78.4867,2025-12-10 21:00:00,47.7,46.2,489.0,27.8,23.6,84.0,21.7,37,0.0,7.9
Hyderabad,17.385,78.4867,2025-12-10 22:00:00,51.3,49.6,469.0,27.0,26.5,86.0,21.0,38,0.0,8.4
Hyderabad,17.385,78.4867,2025-12-10 23:00:00,52.5,50.5,438.0,25.0,28.4,88.0,20.1,42,0.0,8.1
Hyderabad,17.385,78.4867,2025-12-11 00:00:00,50.8,48.7,387.0,21.1,28.6,92.0,19.5,42,0.0,8.6
Hyderabad,17.385,78.4867,2025-12-11 01:00:00,47.6,45.5,327.0,16.1,27.8,96.0,18.9,43,0.0,8.3
Hyderabad,17.385,78.4867,2025-12-11 02:00:00,43.1,41.3,294.0,12.0,26.5,99.0,18.4,46,0.0,8.0
Hyderabad,17.385,78.4867,2025-12-11 03:00:00,38.4,36.8,299.0,9.5,24.7,98.0,18.0,48,0.0,7.7
Hyderabad,17.385,78.4867,2025-12-11 04:00:00,34.0,32.7,331.0,8.1,22.4,95.0,17.4,50,0.0,7.2
Hyderabad,17.385,78.4867,2025-12-11 05:00:00,30.6,29.7,398.0,8.4,21.2,93.0,16.9,54,0.0,6.2
Hyderabad,17.385,78.4867,2025-12-11 06:00:00,28.5,27.8,546.0,12.0,21.4,87.0,16.8,52,0.0,6.0
Hyderabad,17.385,78.4867,2025-12-11 07:00:00,28.2,27.7,729.0,16.8,21.6,80.0,17.3,48,0.0,6.6
Hyderabad,17.385,78.4867,2025-12-11 08:00:00,24.8,24.6,808.0,18.8,20.8,82.0,19.2,40,0.0,4.0
Hyderabad,17.385,78.4867,2025-12-11 09:00:00,19.7,19.5,686.0,15.2,18.3,103.0,22.0,30,0.0,5.0
Hyderabad,17.385,78.4867,2025-12-11 10:00:00,16.2,15.9,461.0,8.8,14.9,134.0,24.4,21,0.0,6.9
Hyderabad,17.385,78.4867,2025-12-11 11:00:00,14.4,14.1,292.0,3.9,12.1,157.0,26.2,18,0.0,7.0
Hyderabad,17.385,78.4867,2025-12-11 12:00:00,13.4,13.2,244.0,2.0,10.4,164.0,27.3,16,0.0,6.8
Hyderabad,17.385,78.4867,2025-12-11 13:00:00,12.9,12.7,251.0,1.6,9.3,164.0,28.0,15,0.0,6.8
Hyderabad,17.385,78.4867,2025-12-11 14:00:00,12.6,12.3,277.0,2.7,8.6,158.0,28.3,13,0.0,6.8
Hyderabad,17.385,78.4867,2025-12-11 15:00:00,12.4,12.1,319.0,5.3,8.1,147.0,28.1,13,0.0,6.9
Hyderabad,17.385,78.4867,2025-12-11 16:00:00,12.4,12.1,381.0,9.4,8.0,131.0,27.5,14,0.0,7.7
Hyderabad,17.385,78.4867,2025-12-11 17:00:00,17.2,17.0,434.0,14.7,9.1,120.0,26.3,17,0.0,7.9
Hyderabad,17.385,78.4867,2025-12-11 18:00:00,24.0,23.8,469.0,20.5,11.0,106.0,25.1,21,0.0,9.1
Hyderabad,17.385,78.4867,2025-12-11 19:00:00,29.1,28.8,495.0,28.3,13.7,86.0,23.5,26,0.0,9.9
Hyderabad,17.385,78.4867,2025-12-11 20:00:00,32.5,31.9,513.0,33.7,16.1,72.0,22.3,29,0.0,9.1
Hyderabad,17.385,78.4867,2025-12-11 21:00:00,35.4,34.7,526.0,34.4,17.7,68.0,21.2,32,0.0,8.8
Hyderabad,17.385,78.4867,2025-12-11 22:00:00,38.8,37.7,530.0,32.6,19.0,70.0,20.4,34,0.0,8.5
Hyderabad,17.385,78.4867,2025-12-11 23:00:00,40.7,39.5,515.0,30.1,20.2,72.0,19.3,40,0.0,6.9
Hyderabad,17.385,78.4867,2025-12-12 00:00:00,41.8,40.3,462.0,27.1,21.2,75.0,18.9,42,0.0,7.3
Hyderabad,17.385,78.4867,2025-12-12 01:00:00,43.3,41.6,390.0,23.3,22.0,78.0,18.4,43,0.0,6.1
Hyderabad,17.385,78.4867,2025-12-12 02:00:00,44.8,42.7,349.0,20.2,23.1,81.0,17.7,46,0.0,4.0
Hyderabad,17.385,78.4867,2025-12-12 03:00:00,46.1,43.9,345.0,17.8,24.8,83.0,16.9,54,0.0,1.7
Hyderabad,17.385,78.4867,2025-12-12 04:00:00,47.5,44.9,372.0,16.0,26.7,85.0,16.5,56,0.0,0.9
Hyderabad,17.385,78.4867,2025-12-12 05:00:00,51.3,48.5,464.0,16.5,28.3,82.0,15.2,59,0.0,3.4
Hyderabad,17.385,78.4867,2025-12-12 06:00:00,54.2,51.2,709.0,20.0,30.1,79.0,15.9,53,0.0,4.5
Hyderabad,17.385,78.4867,2025-12-12 07:00:00,59.5,56.5,1019.0,24.6,32.4,77.0,16.3,52,0.0,5.3
Hyderabad,17.385,78.4867,2025-12-12 08:00:00,45.2,43.3,1159.0,25.7,32.7,83.0,18.7,44,0.0,2.6
Hyderabad,17.385,78.4867,2025-12-12 09:00:00,34.8,32.5,966.0,19.9,29.2,105.0,21.9,34,0.0,3.9
Hyderabad,17.385,78.4867,2025-12-12 10:00:00,28.1,25.3,603.0,10.7,23.7,136.0,24.2,26,0.0,6.3
Hyderabad,17.385,78.4867,2025-12-12 11:00:00,25.4,22.6,330.0,3.8,19.1,159.0,25.7,22,0.0,6.2
Hyderabad,17.385,78.4867,2025-12-12 12:00:00,23.3,20.4,256.0,1.5,16.6,169.0,27.1,18,0.0,6.4
Hyderabad,17.385,78.4867,2025-12-12 13:00:00,22.3,19.6,271.0,1.4,14.9,171.0,27.9,17,0.0,6.4
Hyderabad,17.385,78.4867,2025-12-12 14:00:00,22.1,19.6,303.0,2.7,13.8,168.0,28.2,17,0.0,6.3
Hyderabad,17.385,78.4867,2025-12-12 15:00:00,21.8,19.6,333.0,5.1,12.9,160.0,28.0,17,0.0,6.8
Hyderabad,17.385,78.4867,2025-12-12 16:00:00,22.0,20.1,379.0,8.7,12.4,146.0,27.5,19,0.0,7.8
Hyderabad,17.385,78.4867,2025-12-12 17:00:00,21.4,20.9,426.0,14.7,13.5,143.0,26.6,21,0.0,7.4
Hyderabad,17.385,78.4867,2025-12-12 18:00:00,28.4,27.8,473.0,19.3,14.9,129.0,25.4,24,0.0,8.6
Hyderabad,17.385,78.4867,2025-12-12 19:00:00,33.2,32.4,521.0,25.6,17.0,110.0,24.0,29,0.0,8.6
Hyderabad,17.385,78.4867,2025-12-12 20:00:00,37.4,36.3,554.0,30.3,19.0,96.0,22.8,33,0.0,8.8
Hyderabad,17.385,78.4867,2025-12-12 21:00:00,41.7,40.3,564.0,32.0,20.9,92.0,21.8,36,0.0,8.5
Hyderabad,17.385,78.4867,2025-12-12 22:00:00,47.0,45.4,559.0,32.1,22.7,93.0,20.9,38,0.0,7.7
Hyderabad,17.385,78.4867,2025-12-12 23:00:00,51.0,49.1,544.0,31.0,23.9,95.0,20.1,42,0.0,5.1
Hyderabad,17.385,78.4867,2025-12-13 00:00:00,52.3,50.2,509.0,28.3,23.9,98.0,19.4,44,0.0,4.6
Hyderabad,17.385,78.4867,2025-12-13 01:00:00,53.1,50.8,464.0,24.5,23.3,102.0,18.3,54,0.0,2.4
Hyderabad,17.385,78.4867,2025-12-13 02:00:00,53.3,50.9,441.0,21.2,23.1,106.0,17.8,58,0.0,0.9
Hyderabad,17.385,78.4867,2025-12-13 03:00:00,53.9,51.2,430.0,18.3,23.6,111.0,17.2,59,0.0,1.0
Hyderabad,17.385,78.4867,2025-12-13 04:00:00,54.9,52.2,441.0,16.0,24.5,116.0,16.5,61,0.0,1.0
Hyderabad,17.385,78.4867,2025-12-13 05:00:00,64.0,61.2,539.0,18.3,27.4,110.0,15.1,73,0.0,1.8
Hyderabad,17.385,78.4867,2025-12-13 06:00:00,68.2,65.2,845.0,27.0,29.3,100.0,15.4,69,0.0,1.5
Hyderabad,17.385,78.4867,2025-12-13 07:00:00,78.0,75.0,1237.0,38.5,31.8,88.0,16.3,61,0.0,2.9
Hyderabad,17.385,78.4867,2025-12-13 08:00:00,78.0,75.7,1420.0,42.8,31.6,87.0,18.9,49,0.0,2.5
Hyderabad,17.385,78.4867,2025-12-13 09:00:00,39.8,36.7,1189.0,32.9,26.4,109.0,21.7,39,0.0,3.2
Hyderabad,17.385,78.4867,2025-12-13 10:00:00,33.4,30.3,749.0,15.9,18.6,143.0,23.8,33,0.0,5.1
Hyderabad,17.385,78.4867,2025-12-13 11:00:00,31.3,28.4,413.0,3.2,12.7,168.0,25.1,29,0.0,4.3
Hyderabad,17.385,78.4867,2025-12-13 12:00:00,30.4,27.6,317.0,0.0,10.8,178.0,26.7,26,0.0,3.2
Hyderabad,17.385,78.4867,2025-12-13 13:00:00,29.7,27.1,326.0,0.6,10.9,179.0,27.7,24,0.0,3.6
Hyderabad,17.385,78.4867,2025-12-13 14:00:00,29.0,26.5,352.0,2.7,11.2,175.0,28.2,23,0.0,4.3
Hyderabad,17.385,78.4867,2025-12-13 15:00:00,28.6,26.3,372.0,5.4,11.0,165.0,28.3,23,0.0,5.3
Hyderabad,17.385,78.4867,2025-12-13 16:00:00,28.5,26.4,408.0,9.3,11.1,149.0,27.8,24,0.0,7.5
Hyderabad,17.385,78.4867,2025-12-13 17:00:00,31.5,29.9,439.0,15.4,12.4,152.0,27.1,26,0.0,7.5
Hyderabad,17.385,78.4867,2025-12-13 18:00:00,37.5,36.0,456.0,19.5,13.8,136.0,26.1,30,0.0,7.9
Hyderabad,17.385,78.4867,2025-12-13 19:00:00,41.0,39.6,468.0,25.1,15.9,113.0,24.6,35,0.0,9.2
Hyderabad,17.385,78.4867,2025-12-13 20:00:00,43.4,42.0,477.0,28.5,17.6,98.0,23.3,39,0.0,8.2
Hyderabad,17.385,78.4867,2025-12-13 21:00:00,45.5,44.0,489.0,27.9,18.7,95.0,22.4,40,0.0,7.4
Hyderabad,17.385,78.4867,2025-12-13 22:00:00,47.8,46.3,499.0,25.1,19.4,99.0,21.7,42,0.0,8.2
Hyderabad,17.385,78.4867,2025-12-13 23:00:00,50.2,48.5,495.0,22.1,20.3,105.0,20.5,48,0.0,6.6
Hyderabad,17.385,78.4867,2025-12-14 00:00:00,50.9,49.1,463.0,19.2,21.4,111.0,19.8,50,0.0,6.5
Hyderabad,17.385,78.4867,2025-12-14 01:00:00,51.9,50.2,418.0,16.2,22.5,119.0,19.2,52,0.0,5.9
Hyderabad,17.385,78.4867,2025-12-14 02:00:00,53.6,51.7,392.0,13.8,23.8,125.0,18.7,55,0.0,3.6
Hyderabad,17.385,78.4867,2025-12-14 03:00:00,55.2,53.4,379.0,11.7,25.3,130.0,17.8,61,0.0,3.0
Hyderabad,17.385,78.4867,2025-12-14 04:00:00,57.0,55.2,385.0,10.2,26.9,135.0,17.6,60,0.0,5.8
Hyderabad,17.385,78.4867,2025-12-14 05:00:00,54.5,52.5,458.0,9.8,22.2,132.0,16.4,67,0.0,4.0
Hyderabad,17.385,78.4867,2025-12-14 06:00:00,58.8,56.6,685.0,15.7,22.6,123.0,16.6,66,0.0,3.9
Hyderabad,17.385,78.4867,2025-12-14 07:00:00,68.7,66.6,979.0,23.4,23.0,111.0,16.6,67,0.0,3.8
Hyderabad,17.385,78.4867,2025-12-14 08:00:00,62.4,60.8,1124.0,26.6,23.0,110.0,18.7,59,0.0,2.3
Hyderabad,17.385,78.4867,2025-12-14 09:00:00,50.2,48.1,977.0,20.7,22.3,132.0,21.4,53,0.0,3.1
Hyderabad,17.385,78.4867,2025-12-14 10:00:00,46.2,43.9,681.0,10.3,21.2,166.0,23.5,46,0.0,4.9
Hyderabad,17.385,78.4867,2025-12-14 11:00:00,41.3,39.1,449.0,2.6,19.9,190.0,25.3,35,0.0,4.9
Hyderabad,17.385,78.4867,2025-12-14 12:00:00,39.0,36.8,369.0,0.5,18.4,196.0,26.8,29,0.0,4.7
Hyderabad,17.385,78.4867,2025-12-14 13:00:00,37.4,35.3,353.0,1.0,16.7,194.0,27.7,26,0.0,5.2
Hyderabad,17.385,78.4867,2025-12-14 14:00:00,36.0,33.6,356.0,2.6,15.4,186.0,28.2,25,0.0,5.8
Hyderabad,17.385,78.4867,2025-12-14 15:00:00,35.2,32.9,364.0,4.9,14.5,174.0,28.3,25,0.0,7.2
Hyderabad,17.385,78.4867,2025-12-14 16:00:00,35.3,33.1,391.0,8.3,13.9,157.0,27.7,26,0.0,8.5
Hyderabad,17.385,78.4867,2025-12-14 17:00:00,41.7,39.9,428.0,13.6,14.5,154.0,26.7,29,0.0,7.0
Hyderabad,17.385,78.4867,2025-12-14 18:00:00,48.8,47.1,479.0,17.4,15.6,138.0,25.9,31,0.0,7.5
Hyderabad,17.385,78.4867,2025-12-14 19:00:00,53.2,51.6,540.0,22.7,17.1,116.0,24.8,36,0.0,7.5
Hyderabad,17.385,78.4867,2025-12-14 20:00:00,56.7,54.9,599.0,26.2,18.3,99.0,23.6,41,0.0,7.5
Hyderabad,17.385,78.4867,2025-12-14 21:00:00,60.3,58.6,662.0,26.5,19.0,93.0,22.4,46,0.0,6.1
Hyderabad,17.385,78.4867,2025-12-14 22:00:00,63.6,61.7,723.0,25.1,19.5,93.0,21.6,49,0.0,4.2
Hyderabad,17.385,78.4867,2025-12-14 23:00:00,65.4,63.3,745.0,23.1,19.9,94.0,20.3,55,0.0,4.6
Hyderabad,17.385,78.4867,2025-12-15 00:00:00,66.1,63.8,694.0,20.6,20.3,97.0,19.9,56,0.0,4.6
Hyderabad,17.385,78.4867,2025-12-15 01:00:00,66.8,64.5,605.0,17.6,20.7,101.0,19.2,59,0.0,4.5
Hyderabad,17.385,78.4867,2025-12-15 02:00:00,67.8,65.2,543.0,15.0,21.4,106.0,18.6,60,0.0,4.8
Hyderabad,17.385,78.4867,2025-12-15 03:00:00,68.9,66.1,531.0,12.6,22.7,112.0,18.1,60,0.0,5.1
Hyderabad,17.385,78.4867,2025-12-15 04:00:00,69.4,66.6,547.0,10.7,24.2,118.0,17.7,60,0.0,3.9
Hyderabad,17.385,78.4867,2025-12-15 05:00:00,69.2,66.4,587.0,10.5,24.6,121.0,16.7,70,0.0,3.3
Hyderabad,17.385,78.4867,2025-12-15 06:00:00,73.8,70.8,681.0,14.7,25.0,118.0,17.3,65,0.0,5.2
Hyderabad,17.385,78.4867,2025-12-15 07:00:00,83.6,80.3,800.0,20.2,25.6,115.0,17.3,66,0.0,5.2
Hyderabad,17.385,78.4867,2025-12-15 08:00:00,69.8,67.5,848.0,22.2,25.5,120.0,18.8,62,0.0,4.0
Hyderabad,17.385,78.4867,2025-12-15 09:00:00,62.4,60.1,760.0,17.2,24.3,140.0,21.0,58,0.0,4.5
Hyderabad,17.385,78.4867,2025-12-15 10:00:00,59.6,57.2,601.0,8.8,22.4,167.0,23.1,51,0.0,5.8
Hyderabad,17.385,78.4867,2025-12-15 11:00:00,55.3,52.5,476.0,2.5,20.7,187.0,24.6,43,0.0,5.6
Hyderabad,17.385,78.4867,2025-12-15 12:00:00,53.1,50.1,426.0,0.7,19.3,194.0,26.0,37,0.0,5.0
Hyderabad,17.385,78.4867,2025-12-15 13:00:00,51.0,47.8,409.0,1.1,18.1,193.0,27.0,33,0.0,5.1
Hyderabad,17.385,78.4867,2025-12-15 14:00:00,48.8,45.5,408.0,2.5,17.1,187.0,27.6,29,0.0,5.5
Hyderabad,17.385,78.4867,2025-12-15 15:00:00,47.6,44.4,420.0,4.6,16.2,176.0,27.7,29,0.0,6.6
Hyderabad,17.385,78.4867,2025-12-15 16:00:00,46.9,43.7,448.0,7.7,15.6,161.0,27.1,31,0.0,8.3
Hyderabad,17.385,78.4867,2025-12-15 17:00:00,43.4,41.0,481.0,9.6,14.6,155.0,25.9,35,0.0,7.9
Hyderabad,17.385,78.4867,2025-12-15 18:00:00,48.9,46.7,519.0,13.2,15.6,139.0,25.3,38,0.0,7.9
Hyderabad,17.385,78.4867,2025-12-15 19:00:00,51.9,49.8,563.0,18.1,17.0,118.0,24.3,41,0.0,8.3
Hyderabad,17.385,78.4867,2025-12-15 20:00:00,53.8,51.7,598.0,21.2,18.1,103.0,23.0,46,0.0,7.9
Hyderabad,17.385,78.4867,2025-12-15 21:00:00,55.2,53.0,627.0,20.9,18.4,100.0,21.7,53,0.0,6.8
Hyderabad,17.385,78.4867,2025-12-15 22:00:00,56.3,53.9,647.0,18.8,18.4,103.0,20.8,57,0.0,5.6
Hyderabad,17.385,78.4867,2025-12-15 23:00:00,56.8,54.1,643.0,16.6,18.4,107.0,19.8,60,0.0,5.8
Hyderabad,17.385,78.4867,2025-12-16 00:00:00,57.0,54.0,591.0,14.7,18.6,112.0,19.5,60,0.0,5.8
Hyderabad,17.385,78.4867,2025-12-16 01:00:00,58.0,54.7,514.0,12.7,18.8,118.0,18.9,62,0.0,5.7
Hyderabad,17.385,78.4867,2025-12-16 02:00:00,59.4,55.9,464.0,11.3,19.3,123.0,18.3,64,0.0,5.4
Hyderabad,17.385,78.4867,2025-12-16 03:00:00,61.5,57.9,454.0,10.2,20.3,125.0,17.9,65,0.0,4.9
Hyderabad,17.385,78.4867,2025-12-16 04:00:00,63.8,60.1,470.0,9.7,21.6,124.0,17.6,66,0.0,6.0
Hyderabad,17.385,78.4867,2025-12-16 05:00:00,61.5,57.4,527.0,9.2,21.0,125.0,17.0,70,0.0,4.3
Hyderabad,17.385,78.4867,2025-12-16 06:00:00,64.7,60.1,675.0,12.9,21.3,119.0,17.2,69,0.0,5.9
Hyderabad,17.385,78.4867,2025-12-16 07:00:00,69.6,65.2,863.0,17.8,21.7,112.0,17.3,69,0.0,6.3
Hyderabad,17.385,78.4867,2025-12-16 08:00:00,62.6,59.5,949.0,19.6,21.8,113.0,18.9,62,0.0,4.6
Hyderabad,17.385,78.4867,2025-12-16 09:00:00,55.6,52.0,837.0,15.4,21.3,129.0,21.1,53,0.0,6.5
Hyderabad,17.385,78.4867,2025-12-16 10:00:00,48.3,44.9,622.0,8.1,20.5,152.0,23.2,45,0.0,8.0
Hyderabad,17.385,78.4867,2025-12-16 11:00:00,44.4,40.4,456.0,2.7,19.3,168.0,24.8,38,0.0,7.6
Hyderabad,17.385,78.4867,2025-12-16 12:00:00,42.1,37.8,396.0,1.1,17.6,171.0,26.4,31,0.0,7.2
Hyderabad,17.385,78.4867,2025-12-16 13:00:00,39.6,35.4,384.0,1.3,15.5,167.0,27.3,29,0.0,7.1
Hyderabad,17.385,78.4867,2025-12-16 14:00:00,37.5,33.6,392.0,2.5,14.0,161.0,27.8,28,0.0,6.5
Hyderabad,17.385,78.4867,2025-12-16 15:00:00,36.0,32.6,409.0,4.5,13.3,153.0,27.9,28,0.0,6.4
Hyderabad,17.385,78.4867,2025-12-16 16:00:00,36.3,33.3,445.0,7.5,13.1,143.0,27.4,29,0.0,7.1
Hyderabad,17.385,78.4867,2025-12-16 17:00:00,50.9,46.9,508.0,12.6,13.4,127.0,26.1,36,0.0,7.7
Hyderabad,17.385,78.4867,2025-12-16 18:00:00,58.2,54.2,610.0,16.0,14.8,117.0,25.3,40,0.0,7.9
Hyderabad,17.385,78.4867,2025-12-16 19:00:00,62.9,58.9,739.0,20.5,16.9,104.0,24.1,48,0.0,7.8
Hyderabad,17.385,78.4867,2025-12-16 20:00:00,65.9,61.7,860.0,23.5,18.6,95.0,22.9,55,0.0,6.7
Hyderabad,17.385,78.4867,2025-12-16 21:00:00,68.9,64.5,993.0,23.6,19.8,95.0,22.0,60,0.0,5.5
Hyderabad,17.385,78.4867,2025-12-16 22:00:00,72.4,67.8,1119.0,22.1,20.8,99.0,21.1,64,0.0,4.2
Hyderabad,17.385,78.4867,2025-12-16 23:00:00,75.4,70.1,1147.0,20.2,21.4,103.0,19.7,75,0.0,1.6
Hyderabad,17.385,78.4867,2025-12-17 00:00:00,76.8,71.2,992.0,18.0,21.6,106.0,19.8,76,0.0,0.9
Hyderabad,17.385,78.4867,2025-12-17 01:00:00,77.8,71.9,739.0,15.5,21.4,109.0,19.4,74,0.0,3.7
Hyderabad,17.385,78.4867,2025-12-17 02:00:00,77.8,71.9,553.0,13.5,21.5,112.0,18.8,76,0.0,5.6
Hyderabad,17.385,78.4867,2025-12-17 03:00:00,78.2,71.9,489.0,11.7,21.9,114.0,18.3,76,0.0,5.5
Hyderabad,17.385,78.4867,2025-12-17 04:00:00,79.2,72.9,491.0,10.5,22.4,116.0,18.0,74,0.0,5.7
Hyderabad,17.385,78.4867,2025-12-17 05:00:00,82.7,76.1,559.0,13.5,23.5,106.0,17.7,74,0.0,5.0
Hyderabad,17.385,78.4867,2025-12-17 06:00:00,86.8,80.3,761.0,18.2,23.9,104.0,18.0,69,0.0,6.2
Hyderabad,17.385,78.4867,2025-12-17 07:00:00,95.9,89.2,1028.0,24.4,24.5,102.0,18.2,67,0.0,6.8
Hyderabad,17.385,78.4867,2025-12-17 08:00:00,80.3,75.9,1152.0,26.6,24.9,107.0,20.3,58,0.0,4.5
Hyderabad,17.385,78.4867,2025-12-17 09:00:00,71.2,65.0,991.0,20.8,25.2,125.0,23.0,46,0.0,6.0
Hyderabad,17.385,78.4867,2025-12-17 10:00:00,65.7,58.9,687.0,10.9,25.4,150.0,24.8,39,0.0,5.9
Hyderabad,17.385,78.4867,2025-12-17 11:00:00,61.9,55.2,456.0,3.6,25.0,169.0,26.0,36,0.0,4.9
Hyderabad,17.385,78.4867,2025-12-17 12:00:00,58.2,51.8,387.0,1.3,23.6,177.0,27.5,30,0.0,4.3
Hyderabad,17.385,78.4867,2025-12-17 13:00:00,55.4,49.5,392.0,1.5,21.5,179.0,28.6,26,0.0,4.5
Hyderabad,17.385,78.4867,2025-12-17 14:00:00,53.1,47.5,415.0,3.0,19.8,175.0,29.2,24,0.0,4.8
Hyderabad,17.385,78.4867,2025-12-17 15:00:00,52.0,46.8,446.0,5.9,18.5,165.0,29.2,23,0.0,5.9
Hyderabad,17.385,78.4867,2025-12-17 16:00:00,51.7,46.8,497.0,10.2,17.6,149.0,28.7,24,0.0,8.0
Hyderabad,17.385,78.4867,2025-12-17 17:00:00,60.8,56.2,547.0,17.0,17.9,132.0,27.5,28,0.0,7.8
Hyderabad,17.385,78.4867,2025-12-17 18:00:00,68.5,63.6,592.0,20.1,19.2,121.0,26.3,32,0.0,8.1
Hyderabad,17.385,78.4867,2025-12-17 19:00:00,74.5,69.6,636.0,24.3,21.2,105.0,24.8,38,0.0,9.2
Hyderabad,17.385,78.4867,2025-12-17 20:00:00,80.3,75.2,671.0,26.9,23.5,95.0,23.3,43,0.0,8.3
Hyderabad,17.385,78.4867,2025-12-17 21:00:00,86.8,81.0,697.0,26.6,26.3,96.0,22.2,46,0.0,7.8
Hyderabad,17.385,78.4867,2025-12-17 22:00:00,93.4,86.6,713.0,24.8,29.5,102.0,21.6,47,0.0,7.0
Hyderabad,17.385,78.4867,2025-12-17 23:00:00,98.0,90.8,713.0,22.5,32.7,109.0,19.9,56,0.0,3.8
Hyderabad,17.385,78.4867,2025-12-18 00:00:00,100.6,92.7,681.0,19.8,36.0,115.0,20.0,54,0.0,4.7
Hyderabad,17.385,78.4867,2025-12-18 01:00:00,102.7,94.3,632.0,16.7,39.3,121.0,19.3,56,0.0,4.1
Hyderabad,17.385,78.4867,2025-12-18 02:00:00,103.8,95.2,607.0,14.2,41.9,125.0,18.5,60,0.0,3.3
Hyderabad,17.385,78.4867,2025-12-18 03:00:00,103.8,95.0,621.0,12.2,43.8,124.0,17.9,64,0.0,3.8
Hyderabad,17.385,78.4867,2025-12-18 04:00:00,102.9,94.3,659.0,10.7,45.2,121.0,17.4,65,0.0,5.2
Hyderabad,17.385,78.4867,2025-12-18 05:00:00,89.4,82.0,719.0,8.3,41.7,117.0,17.2,62,0.0,7.1
Hyderabad,17.385,78.4867,2025-12-18 06:00:00,83.8,77.8,844.0,12.6,40.4,108.0,17.3,58,0.0,8.2
Hyderabad,17.385,78.4867,2025-12-18 07:00:00,80.1,75.2,991.0,18.2,38.4,95.0,17.6,57,0.0,8.4
Hyderabad,17.385,78.4867,2025-12-18 08:00:00,70.8,67.8,1034.0,20.7,35.2,92.0,19.5,52,0.0,5.7
Hyderabad,17.385,78.4867,2025-12-18 09:00:00,57.4,54.0,877.0,16.8,29.8,106.0,22.3,43,0.0,5.1
Hyderabad,17.385,78.4867,2025-12-18 10:00:00,42.3,39.2,615.0,9.8,23.2,129.0,24.9,33,0.0,7.3
Hyderabad,17.385,78.4867,2025-12-18 11:00:00,33.8,31.5,409.0,4.4,17.8,146.0,26.6,27,0.0,9.1
Hyderabad,17.385,78.4867,2025-12-18 12:00:00,27.2,25.7,323.0,2.3,14.4,151.0,28.0,22,0.0,8.9
Hyderabad,17.385,78.4867,2025-12-18 13:00:00,22.5,21.4,293.0,1.9,12.2,150.0,28.7,19,0.0,8.9
Hyderabad,17.385,78.4867,2025-12-18 14:00:00,19.2,18.4,289.0,2.8,10.7,145.0,29.0,18,0.0,9.1
Hyderabad,17.385,78.4867,2025-12-18 15:00:00,17.1,16.4,301.0,4.8,9.8,136.0,28.7,17,0.0,9.6
Hyderabad,17.385,78.4867,2025-12-18 16:00:00,15.9,15.3,339.0,8.2,9.8,122.0,27.9,18,0.0,10.3
Hyderabad,17.385,78.4867,2025-12-18 17:00:00,32.8,30.9,404.0,13.1,10.8,112.0,26.9,22,0.0,8.4
Hyderabad,17.385,78.4867,2025-12-18 18:00:00,38.0,36.0,524.0,19.6,13.0,98.0,25.7,27,0.0,8.3
Hyderabad,17.385,78.4867,2025-12-18 19:00:00,41.3,39.5,671.0,28.5,16.1,78.0,24.5,31,0.0,7.5
Hyderabad,17.385,78.4867,2025-12-18 20:00:00,43.3,41.6,757.0,34.6,18.7,63.0,23.3,35,0.0,7.0
Hyderabad,17.385,78.4867,2025-12-18 21:00:00,44.5,42.7,734.0,35.7,20.5,58.0,22.4,37,0.0,7.3
Hyderabad,17.385,78.4867,2025-12-18 22:00:00,45.2,43.4,649.0,34.0,21.8,57.0,21.7,38,0.0,7.0
Hyderabad,17.385,78.4867,2025-12-18 23:00:00,43.0,41.4,560.0,30.8,22.1,59.0,20.4,44,0.0,6.5
Hyderabad,17.385,78.4867,2025-12-19 00:00:00,37.5,36.2,473.0,25.5,20.5,63.0,19.7,47,0.0,8.1
Hyderabad,17.385,78.4867,2025-12-19 01:00:00,31.1,29.9,382.0,18.7,17.9,69.0,19.1,49,0.0,8.6
Hyderabad,17.385,78.4867,2025-12-19 02:00:00,25.4,24.3,317.0,13.4,16.0,73.0,18.5,51,0.0,8.6
Hyderabad,17.385,78.4867,2025-12-19 03:00:00,21.7,20.7,279.0,10.8,15.5,73.0,18.1,52,0.0,9.0
Hyderabad,17.385,78.4867,2025-12-19 04:00:00,20.0,18.8,268.0,9.7,15.7,72.0,17.9,50,0.0,9.2
Hyderabad,17.385,78.4867,2025-12-19 05:00:00,17.7,16.5,318.0,9.7,16.8,71.0,17.4,50,0.0,6.8
Hyderabad,17.385,78.4867,2025-12-19 06:00:00,20.1,18.7,503.0,13.4,18.4,67.0,17.5,48,0.0,8.1
Hyderabad,17.385,78.4867,2025-12-19 07:00:00,25.0,23.5,750.0,18.3,20.5,62.0,17.8,46,0.0,8.6
Hyderabad,17.385,78.4867,2025-12-19 08:00:00,21.4,20.4,870.0,20.2,21.1,64.0,19.7,42,0.0,6.2
Hyderabad,17.385,78.4867,2025-12-19 09:00:00,15.3,14.3,738.0,16.3,18.8,80.0,22.2,34,0.0,7.8
Hyderabad,17.385,78.4867,2025-12-19 10:00:00,10.2,9.2,480.0,9.4,14.9,102.0,24.0,27,0.0,10.3
Hyderabad,17.385,78.4867,2025-12-19 11:00:00,10.2,8.8,287.0,4.1,11.9,120.0,25.4,23,0.0,10.2
Hyderabad,17.385,78.4867,2025-12-19 12:00:00,11.4,9.5,241.0,2.2,10.6,129.0,26.6,20,0.0,10.0
Hyderabad,17.385,78.4867,2025-12-19 13:00:00,12.8,10.5,260.0,1.9,10.2,132.0,27.2,20,0.0,10.2
Hyderabad,17.385,78.4867,2025-12-19 14:00:00,14.1,11.6,292.0,2.7,10.0,132.0,27.5,20,0.0,9.6
Hyderabad,17.385,78.4867,2025-12-19 15:00:00,15.3,12.6,320.0,4.2,9.8,127.0,27.3,21,0.0,9.6
Hyderabad,17.385,78.4867,2025-12-19 16:00:00,16.4,13.6,362.0,6.8,9.9,117.0,26.6,23,0.0,9.9
Hyderabad,17.385,78.4867,2025-12-19 17:00:00,20.2,17.8,414.0,11.5,10.6,108.0,25.9,26,0.0,8.5
Hyderabad,17.385,78.4867,2025-12-19 18:00:00,25.9,23.5,488.0,17.3,12.6,95.0,24.8,30,0.0,7.8
Hyderabad,17.385,78.4867,2025-12-19 19:00:00,30.3,27.8,572.0,25.3,15.3,78.0,23.6,33,0.0,7.4
Hyderabad,17.385,78.4867,2025-12-19 20:00:00,33.8,31.1,632.0,31.3,18.1,65.0,22.5,36,0.0,7.4
Hyderabad,17.385,78.4867,2025-12-19 21:00:00,37.3,34.3,657.0,33.9,20.8,60.0,21.6,39,0.0,6.9
Hyderabad,17.385,78.4867,2025-12-19 22:00:00,41.3,38.2,657.0,34.5,23.5,60.0,20.8,41,0.0,6.9
Hyderabad,17.385,78.4867,2025-12-19 23:00:00,44.2,40.9,630.0,33.7,25.3,60.0,19.4,49,0.0,3.9
Hyderabad,17.385,78.4867,2025-12-20 00:00:00,45.4,41.8,552.0,30.9,25.7,60.0,19.5,46,0.0,6.2
Hyderabad,17.385,78.4867,2025-12-20 01:00:00,45.9,42.3,446.0,26.6,25.3,62.0,18.9,47,0.0,6.9
Hyderabad,17.385,78.4867,2025-12-20 02:00:00,45.5,41.8,377.0,22.8,24.7,63.0,18.1,50,0.0,6.9
Hyderabad,17.385,78.4867,2025-12-20 03:00:00,44.7,41.1,362.0,19.7,24.1,64.0,17.4,53,0.0,5.6
Hyderabad,17.385,78.4867,2025-12-20 04:00:00,44.1,40.5,385.0,17.0,23.3,65.0,16.8,56,0.0,4.3
Hyderabad,17.385,78.4867,2025-12-20 05:00:00,47.6,44.1,463.0,18.6,22.5,61.0,15.9,62,0.0,3.6
Hyderabad,17.385,78.4867,2025-12-20 06:00:00,48.2,44.8,666.0,21.3,23.5,60.0,16.1,60,0.0,3.3
Hyderabad,17.385,78.4867,2025-12-20 07:00:00,53.4,50.2,925.0,24.8,24.8,61.0,16.7,56,0.0,5.0
Hyderabad,17.385,78.4867,2025-12-20 08:00:00,43.0,41.1,1046.0,25.2,25.0,69.0,18.6,49,0.0,3.6
Hyderabad,17.385,78.4867,2025-12-20 09:00:00,31.1,28.5,897.0,19.5,23.2,93.0,21.1,40,0.0,6.5
Hyderabad,17.385,78.4867,2025-12-20 10:00:00,26.5,24.2,611.0,10.7,20.3,125.0,23.1,33,0.0,8.0
Hyderabad,17.385,78.4867,2025-12-20 11:00:00,25.0,23.0,395.0,4.1,17.7,149.0,24.7,30,0.0,8.7
Hyderabad,17.385,78.4867,2025-12-20 12:00:00,24.4,22.6,338.0,1.9,15.9,160.0,26.1,26,0.0,8.4
Hyderabad,17.385,78.4867,2025-12-20 13:00:00,24.1,22.5,352.0,1.9,14.4,164.0,27.0,25,0.0,8.4
Hyderabad,17.385,78.4867,2025-12-20 14:00:00,23.7,22.3,381.0,2.9,13.3,163.0,27.3,24,0.0,8.5
Hyderabad,17.385,78.4867,2025-12-20 15:00:00,23.6,22.2,409.0,4.5,12.6,157.0,27.2,24,0.0,8.9
Hyderabad,17.385,78.4867,2025-12-20 16:00:00,23.9,22.7,452.0,7.0,12.3,146.0,26.5,26,0.0,9.8
Hyderabad,17.385,78.4867,2025-12-20 17:00:00,24.2,23.5,501.0,11.2,13.2,133.0,25.7,29,0.0,8.8
Hyderabad,17.385,78.4867,2025-12-20 18:00:00,28.9,28.2,558.0,14.5,14.2,122.0,24.7,33,0.0,8.6
Hyderabad,17.385,78.4867,2025-12-20 19:00:00,32.1,31.4,622.0,19.2,15.6,106.0,23.3,38,0.0,8.9
Hyderabad,17.385,78.4867,2025-12-20 20:00:00,34.3,33.5,677.0,22.7,17.0,95.0,22.3,42,0.0,8.0
Hyderabad,17.385,78.4867,2025-12-20 21:00:00,36.8,35.7,709.0,24.1,18.2,91.0,21.3,45,0.0,7.9
Hyderabad,17.385,78.4867,2025-12-20 22:00:00,40.6,39.5,732.0,24.5,19.4,92.0,20.6,48,0.0,7.1
Hyderabad,17.385,78.4867,2025-12-20 23:00:00,44.4,43.1,777.0,24.3,20.5,93.0,19.2,55,0.0,3.9
Hyderabad,17.385,78.4867,2025-12-21 00:00:00,47.0,45.6,885.0,23.6,21.3,94.0,18.8,62,0.0,1.9
Hyderabad,17.385,78.4867,2025-12-21 01:00:00,49.9,48.5,1016.0,22.4,22.1,95.0,17.9,62,0.0,0.6
Hyderabad,17.385,78.4867,2025-12-21 02:00:00,53.4,51.8,1076.0,21.4,23.0,96.0,17.0,69,0.0,1.5
Hyderabad,17.385,78.4867,2025-12-21 03:00:00,57.0,55.4,948.0,20.0,24.3,96.0,16.2,78,0.0,3.2
Hyderabad,17.385,78.4867,2025-12-21 04:00:00,59.8,58.1,750.0,18.7,25.8,96.0,15.8,78,0.0,3.9
Hyderabad,17.385,78.4867,2025-12-21 05:00:00,66.1,64.5,739.0,21.0,28.8,93.0,14.8,83,0.0,1.4
Hyderabad,17.385,78.4867,2025-12-21 06:00:00,68.5,66.6,1170.0,27.1,30.5,88.0,14.9,83,0.0,1.3
Hyderabad,17.385,78.4867,2025-12-21 07:00:00,78.2,76.4,1789.0,35.0,32.7,83.0,15.1,85,0.0,1.7
Hyderabad,17.385,78.4867,2025-12-21 08:00:00,70.3,68.9,2084.0,37.3,32.7,87.0,18.0,65,0.0,2.8
Hyderabad,17.385,78.4867,2025-12-21 09:00:00,40.7,38.6,1722.0,28.5,28.4,111.0,21.1,47,0.0,5.4
Hyderabad,17.385,78.4867,2025-12-21 10:00:00,32.9,31.0,1038.0,14.1,21.9,144.0,23.1,42,0.0,6.8
Hyderabad,17.385,78.4867,2025-12-21 11:00:00,31.5,29.7,521.0,3.4,16.9,169.0,24.5,38,0.0,7.2
Hyderabad,17.385,78.4867,2025-12-21 12:00:00,30.7,29.2,387.0,0.5,15.1,179.0,25.8,34,0.0,7.4
Hyderabad,17.385,78.4867,2025-12-21 13:00:00,29.9,28.5,421.0,1.2,14.7,180.0,26.6,33,0.0,7.9
Hyderabad,17.385,78.4867,2025-12-21 14:00:00,29.2,27.8,470.0,2.7,14.5,177.0,27.0,32,0.0,8.1
Hyderabad,17.385,78.4867,2025-12-21 15:00:00,28.3,27.0,474.0,3.8,13.8,169.0,26.9,33,0.0,7.9
Hyderabad,17.385,78.4867,2025-12-21 16:00:00,28.3,27.0,493.0,5.7,13.2,157.0,26.2,35,0.0,8.3
Hyderabad,17.385,78.4867,2025-12-21 17:00:00,40.2,38.2,552.0,9.5,13.8,145.0,25.3,38,0.0,8.3
Hyderabad,17.385,78.4867,2025-12-21 18:00:00,45.4,43.5,690.0,13.5,15.0,131.0,24.7,41,0.0,7.6
Hyderabad,17.385,78.4867,2025-12-21 19:00:00,48.8,46.9,868.0,19.0,16.7,111.0,23.7,46,0.0,7.0
Hyderabad,17.385,78.4867,2025-12-21 20:00:00,51.7,49.6,990.0,23.4,18.4,96.0,22.6,51,0.0,5.0
Hyderabad,17.385,78.4867,2025-12-21 21:00:00,55.5,53.2,1018.0,25.6,20.0,90.0,21.6,56,0.0,2.8
Hyderabad,17.385,78.4867,2025-12-21 22:00:00,60.5,57.9,990.0,26.6,21.6,88.0,20.8,58,0.0,4.8
Hyderabad,17.385,78.4867,2025-12-21 23:00:00,65.2,62.2,931.0,26.8,22.9,87.0,20.1,60,0.0,3.5
Hyderabad,17.385,78.4867,2025-12-22 00:00:00,68.9,65.7,823.0,26.1,23.7,86.0,19.7,59,0.0,5.5
Hyderabad,17.385,78.4867,2025-12-22 01:00:00,72.6,69.2,683.0,24.7,24.2,85.0,19.2,59,0.0,6.1
Hyderabad,17.385,78.4867,2025-12-22 02:00:00,75.9,72.4,592.0,23.3,25.0,85.0,19.0,59,0.0,6.6
Hyderabad,17.385,78.4867,2025-12-22 03:00:00,78.7,75.4,575.0,21.5,26.3,85.0,18.8,58,0.0,5.9
Hyderabad,17.385,78.4867,2025-12-22 04:00:00,81.0,77.8,607.0,19.7,27.8,86.0,18.5,57,0.0,5.4
Hyderabad,17.385,78.4867,2025-12-22 05:00:00,80.6,77.5,690.0,19.0,28.0,89.0,17.0,69,0.0,2.1
Hyderabad,17.385,78.4867,2025-12-22 06:00:00,84.1,81.0,890.0,23.9,29.5,90.0,17.3,69,0.0,2.0
Hyderabad,17.385,78.4867,2025-12-22 07:00:00,91.7,88.9,1141.0,30.2,31.6,92.0,17.4,67,0.0,3.7
Hyderabad,17.385,78.4867,2025-12-22 08:00:00,75.4,73.8,1252.0,31.9,32.3,102.0,19.1,58,0.0,2.7
Hyderabad,17.385,78.4867,2025-12-22 09:00:00,55.2,53.3,1088.0,24.4,30.7,126.0,21.3,50,0.0,4.7
Hyderabad,17.385,78.4867,2025-12-22 10:00:00,46.7,44.7,785.0,12.2,27.8,158.0,23.2,44,0.0,6.3
Hyderabad,17.385,78.4867,2025-12-22 11:00:00,43.7,41.7,554.0,3.2,25.1,181.0,24.6,41,0.0,6.2
Hyderabad,17.385,78.4867,2025-12-22 12:00:00,41.6,39.7,487.0,0.6,22.9,188.0,26.0,36,0.0,6.4
Hyderabad,17.385,78.4867,2025-12-22 13:00:00,39.6,37.8,492.0,1.2,20.7,185.0,26.9,34,0.0,6.4
Hyderabad,17.385,78.4867,2025-12-22 14:00:00,38.2,36.6,511.0,2.7,19.0,179.0,27.4,32,0.0,6.9
Hyderabad,17.385,78.4867,2025-12-22 15:00:00,37.3,35.6,524.0,4.5,17.6,169.0,27.5,31,0.0,7.6
Hyderabad,17.385,78.4867,2025-12-22 16:00:00,36.9,35.4,550.0,7.2,16.6,155.0,27.1,31,0.0,8.3
Hyderabad,17.385,78.4867,2025-12-22 17:00:00,45.5,43.9,588.0,11.6,17.1,137.0,25.9,34,0.0,7.9
Hyderabad,17.385,78.4867,2025-12-22 18:00:00,52.6,50.9,636.0,17.1,18.5,122.0,25.2,35,0.0,7.5
Hyderabad,17.385,78.4867,2025-12-22 19:00:00,57.6,55.9,696.0,24.8,20.4,101.0,24.1,37,0.0,7.6
Hyderabad,17.385,78.4867,2025-12-22 20:00:00,61.5,59.6,774.0,30.9,22.5,85.0,23.1,40,0.0,6.5
Hyderabad,17.385,78.4867,2025-12-22 21:00:00,66.8,64.7,879.0,34.1,24.7,78.0,22.2,42,0.0,5.3
Hyderabad,17.385,78.4867,2025-12-22 22:00:00,71.9,69.6,1002.0,35.7,27.0,76.0,21.6,44,0.0,5.1
Hyderabad,17.385,78.4867,2025-12-22 23:00:00,75.2,72.9,1119.0,35.9,28.8,76.0,20.1,54,0.0,1.8
Hyderabad,17.385,78.4867,2025-12-23 00:00:00,76.6,74.3,1250.0,34.1,29.6,77.0,19.5,55,0.0,1.9
Hyderabad,17.385,78.4867,2025-12-23 01:00:00,77.3,75.0,1376.0,30.8,29.8,81.0,18.4,65,0.0,0.6
Hyderabad,17.385,78.4867,2025-12-23 02:00:00,79.4,76.8,1415.0,28.1,30.3,82.0,17.7,65,0.0,1.4
Hyderabad,17.385,78.4867,2025-12-23 03:00:00,82.9,80.3,1265.0,26.3,31.4,80.0,16.8,74,0.0,1.5
Hyderabad,17.385,78.4867,2025-12-23 04:00:00,86.1,83.6,1028.0,25.0,32.7,76.0,16.4,76,0.0,3.3
Hyderabad,17.385,78.4867,2025-12-23 05:00:00,89.9,87.1,926.0,24.8,31.9,74.0,15.6,77,0.0,1.9
Hyderabad,17.385,78.4867,2025-12-23 06:00:00,93.1,90.6,1148.0,29.1,32.6,70.0,16.2,72,0.0,2.4
Hyderabad,17.385,78.4867,2025-12-23 07:00:00,99.9,97.3,1506.0,34.5,33.6,67.0,16.5,69,0.0,3.7
Hyderabad,17.385,78.4867,2025-12-23 08:00:00,85.2,83.6,1656.0,35.3,34.3,73.0,19.0,57,0.0,2.3
Hyderabad,17.385,78.4867,2025-12-23 09:00:00,55.5,53.9,1375.0,26.9,34.9,100.0,21.6,45,0.0,4.9
Hyderabad,17.385,78.4867,2025-12-23 10:00:00,45.5,44.0,888.0,13.8,35.3,136.0,23.4,39,0.0,6.4
Hyderabad,17.385,78.4867,2025-12-23 11:00:00,40.5,39.2,522.0,4.1,34.5,164.0,24.9,36,0.0,6.4
Hyderabad,17.385,78.4867,2025-12-23 12:00:00,38.3,37.3,425.0,1.2,31.6,175.0,26.3,33,0.0,6.4
Hyderabad,17.385,78.4867,2025-12-23 13:00:00,36.9,36.0,449.0,1.5,27.5,177.0,27.1,30,0.0,6.9
Hyderabad,17.385,78.4867,2025-12-23 14:00:00,35.6,34.9,484.0,3.0,24.1,174.0,27.5,30,0.0,7.9
Hyderabad,17.385,78.4867,2025-12-23 15:00:00,34.9,34.2,493.0,4.8,22.0,166.0,27.4,29,0.0,8.6
Hyderabad,17.385,78.4867,2025-12-23 16:00:00,34.7,34.0,511.0,7.7,20.7,152.0,26.8,30,0.0,9.1
Hyderabad,17.385,78.4867,2025-12-23 17:00:00,42.5,41.8,540.0,11.9,20.5,147.0,25.8,32,0.0,10.1
Hyderabad,17.385,78.4867,2025-12-23 18:00:00,48.7,48.0,585.0,16.3,21.3,131.0,24.9,34,0.0,9.7
Hyderabad,17.385,78.4867,2025-12-23 19:00:00,53.1,52.3,640.0,22.3,22.5,110.0,23.6,38,0.0,8.7
Hyderabad,17.385,78.4867,2025-12-23 20:00:00,56.1,55.3,682.0,26.4,23.8,94.0,22.5,42,0.0,7.4
Hyderabad,17.385,78.4867,2025-12-23 21:00:00,58.4,57.5,707.0,27.0,25.1,90.0,21.6,46,0.0,7.1
Hyderabad,17.385,78.4867,2025-12-23 22:00:00,61.2,60.3,719.0,25.6,26.4,92.0,21.3,47,0.0,6.3
Hyderabad,17.385,78.4867,2025-12-23 23:00:00,63.3,62.2,715.0,23.7,27.6,95.0,20.4,52,0.0,4.5
Hyderabad,17.385,78.4867,2025-12-24 00:00:00,63.8,62.6,682.0,21.3,28.7,98.0,20.0,54,0.0,4.6
Hyderabad,17.385,78.4867,2025-12-24 01:00:00,64.5,63.1,632.0,18.4,29.6,103.0,19.3,57,0.0,5.1
Hyderabad,17.385,78.4867,2025-12-24 02:00:00,65.0,63.3,597.0,16.0,30.6,106.0,18.8,58,0.0,5.6
Hyderabad,17.385,78.4867,2025-12-24 03:00:00,65.4,63.8,573.0,13.8,31.6,107.0,18.2,59,0.0,5.0
Hyderabad,17.385,78.4867,2025-12-24 04:00:00,66.4,64.5,564.0,12.2,32.5,107.0,17.7,61,0.0,5.2
Hyderabad,17.385,78.4867,2025-12-24 05:00:00,60.8,58.9,614.0,11.5,31.9,102.0,17.1,65,0.0,4.7
Hyderabad,17.385,78.4867,2025-12-24 06:00:00,65.0,63.1,802.0,16.7,32.2,92.0,17.4,65,0.0,5.1
Hyderabad,17.385,78.4867,2025-12-24 07:00:00,74.5,72.6,1049.0,23.4,32.6,80.0,17.6,65,0.0,5.8
Hyderabad,17.385,78.4867,2025-12-24 08:00:00,66.4,65.0,1162.0,26.0,32.5,79.0,19.3,58,0.0,3.6
Hyderabad,17.385,78.4867,2025-12-24 09:00:00,57.4,55.6,1008.0,20.2,31.4,101.0,21.8,49,0.0,4.5
Hyderabad,17.385,78.4867,2025-12-24 10:00:00,54.4,52.5,720.0,10.2,29.7,134.0,23.7,41,0.0,8.0
Hyderabad,17.385,78.4867,2025-12-24 11:00:00,49.8,48.1,503.0,2.7,28.1,160.0,24.8,37,0.0,7.8
Hyderabad,17.385,78.4867,2025-12-24 12:00:00,49.1,47.5,446.0,0.7,26.9,170.0,26.0,34,0.0,6.7
Hyderabad,17.385,78.4867,2025-12-24 13:00:00,48.8,47.1,460.0,1.2,25.8,172.0,26.7,32,0.0,6.7
Hyderabad,17.385,78.4867,2025-12-24 14:00:00,48.2,46.7,485.0,2.5,24.8,169.0,27.1,31,0.0,7.6
Hyderabad,17.385,78.4867,2025-12-24 15:00:00,47.7,46.3,499.0,3.9,23.8,163.0,26.9,32,0.0,8.3
Hyderabad,17.385,78.4867,2025-12-24 16:00:00,47.5,46.1,523.0,6.2,22.9,152.0,26.3,34,0.0,8.6
Hyderabad,17.385,78.4867,2025-12-24 17:00:00,59.4,57.7,567.0,12.1,22.4,139.0,25.4,35,0.0,8.1
Hyderabad,17.385,78.4867,2025-12-24 18:00:00,65.4,63.8,651.0,15.6,23.2,126.0,24.6,38,0.0,7.1
Hyderabad,17.385,78.4867,2025-12-24 19:00:00,68.0,66.6,755.0,20.3,24.3,107.0,23.7,41,0.0,6.9
Hyderabad,17.385,78.4867,2025-12-24 20:00:00,69.2,67.8,821.0,23.4,25.1,93.0,22.5,47,0.0,8.1
Hyderabad,17.385,78.4867,2025-12-24 21:00:00,70.3,68.7,820.0,23.3,25.3,88.0,21.5,50,0.0,7.4
Hyderabad,17.385,78.4867,2025-12-24 22:00:00,71.7,69.8,782.0,21.4,25.2,88.0,20.7,51,0.0,7.6
Hyderabad,17.385,78.4867,2025-12-24 23:00:00,72.4,70.3,738.0,19.5,25.2,89.0,20.2,53,0.0,6.6
Hyderabad,17.385,78.4867,2025-12-25 00:00:00,72.2,70.1,693.0,17.8,25.5,90.0,19.7,54,0.0,6.9
Hyderabad,17.385,78.4867,2025-12-25 01:00:00,72.6,70.3,642.0,15.9,25.8,93.0,19.4,56,0.0,6.2
Hyderabad,17.385,78.4867,2025-12-25 02:00:00,73.6,71.0,608.0,14.6,26.6,95.0,19.0,58,0.0,5.5
Hyderabad,17.385,78.4867,2025-12-25 03:00:00,75.0,72.4,577.0,13.3,27.9,97.0,18.5,59,0.0,4.9
Hyderabad,17.385,78.4867,2025-12-25 04:00:00,75.9,73.3,563.0,12.5,29.5,99.0,18.2,59,0.0,5.8
Hyderabad,17.385,78.4867,2025-12-25 05:00:00,69.2,67.1,628.0,13.7,29.1,86.0,16.7,73,0.0,1.0
Hyderabad,17.385,78.4867,2025-12-25 06:00:00,71.0,69.2,881.0,19.1,30.1,79.0,16.9,70,0.0,2.2
Hyderabad,17.385,78.4867,2025-12-25 07:00:00,79.2,77.3,1214.0,26.1,31.4,69.0,17.0,68,0.0,5.0
Hyderabad,17.385,78.4867,2025-12-25 08:00:00,66.1,65.2,1363.0,28.6,31.1,71.0,18.9,58,0.0,2.5
Hyderabad,17.385,78.4867,2025-12-25 09:00:00,46.9,45.5,1146.0,22.0,28.0,94.0,21.4,45,0.0,4.2
Hyderabad,17.385,78.4867,2025-12-25 10:00:00,44.0,42.0,746.0,10.9,23.5,127.0,23.4,38,0.0,6.7
Hyderabad,17.385,78.4867,2025-12-25 11:00:00,40.3,38.2,449.0,2.6,19.5,152.0,24.5,34,0.0,6.8
Hyderabad,17.385,78.4867,2025-12-25 12:00:00,37.4,35.2,382.0,0.2,16.9,159.0,25.6,31,0.0,5.7
Hyderabad,17.385,78.4867,2025-12-25 13:00:00,35.7,33.4,419.0,0.7,14.8,158.0,26.3,30,0.0,5.4
Hyderabad,17.385,78.4867,2025-12-25 14:00:00,34.8,32.5,464.0,2.3,13.4,153.0,26.8,29,0.0,5.5
Hyderabad,17.385,78.4867,2025-12-25 15:00:00,34.3,31.9,483.0,4.7,12.6,146.0,26.8,28,0.0,5.7
Hyderabad,17.385,78.4867,2025-12-25 16:00:00,34.1,31.8,511.0,8.2,12.3,134.0,26.3,30,0.0,6.9
Hyderabad,17.385,78.4867,2025-12-25 17:00:00,39.7,37.5,553.0,15.0,12.8,121.0,25.6,33,0.0,7.4
Hyderabad,17.385,78.4867,2025-12-25 18:00:00,46.8,44.7,616.0,19.2,14.4,109.0,24.9,36,0.0,7.7
Hyderabad,17.385,78.4867,2025-12-25 19:00:00,49.4,47.4,693.0,24.9,16.7,92.0,24.1,41,0.0,8.3
Hyderabad,17.385,78.4867,2025-12-25 20:00:00,49.4,47.5,778.0,28.2,18.2,80.0,22.9,45,0.0,8.3
Hyderabad,17.385,78.4867,2025-12-25 21:00:00,49.0,47.1,897.0,26.9,18.4,77.0,21.7,48,0.0,6.7
Hyderabad,17.385,78.4867,2025-12-25 22:00:00,49.6,47.6,1024.0,23.2,17.9,79.0,21.0,51,0.0,6.2
Hyderabad,17.385,78.4867,2025-12-25 23:00:00,50.3,48.0,1067.0,19.5,17.4,83.0,20.0,56,0.0,4.1
Hyderabad,17.385,78.4867,2025-12-26 00:00:00,50.4,47.8,948.0,16.3,16.9,88.0,19.3,57,0.0,5.0
Hyderabad,17.385,78.4867,2025-12-26 01:00:00,50.8,48.1,746.0,13.2,16.3,95.0,18.8,60,0.0,3.8
Hyderabad,17.385,78.4867,2025-12-26 02:00:00,51.3,48.7,607.0,10.8,16.1,101.0,18.0,64,0.0,2.7
Hyderabad,17.385,78.4867,2025-12-26 03:00:00,52.5,49.6,572.0,8.9,16.3,105.0,17.2,70,0.0,2.4
Hyderabad,17.385,78.4867,2025-12-26 04:00:00,54.0,51.1,600.0,7.9,16.8,108.0,16.8,74,0.0,0.9
Hyderabad,17.385,78.4867,2025-12-26 05:00:00,58.6,55.6,716.0,11.7,20.5,105.0,16.2,76,0.0,1.4
Hyderabad,17.385,78.4867,2025-12-26 06:00:00,63.3,60.5,1032.0,19.4,23.0,99.0,16.5,76,0.0,1.7
Hyderabad,17.385,78.4867,2025-12-26 07:00:00,75.7,72.6,1435.0,29.5,26.3,93.0,16.8,72,0.0,2.5
Hyderabad,17.385,78.4867,2025-12-26 08:00:00,72.9,70.5,1615.0,33.8,27.5,95.0,18.7,62,0.0,2.1
Hyderabad,17.385,78.4867,2025-12-26 09:00:00,55.5,53.0,1351.0,26.3,24.7,114.0,21.3,50,0.0,4.7
Hyderabad,17.385,78.4867,2025-12-26 10:00:00,48.0,45.3,863.0,12.9,19.8,142.0,23.2,39,0.0,5.4
Hyderabad,17.385,78.4867,2025-12-26 11:00:00,45.2,42.6,498.0,2.9,16.2,165.0,24.1,36,0.0,4.5
Hyderabad,17.385,78.4867,2025-12-26 12:00:00,44.0,41.6,410.0,0.3,15.5,178.0,25.4,33,0.0,4.9
Hyderabad,17.385,78.4867,2025-12-26 13:00:00,43.8,41.7,445.0,1.2,16.0,185.0,26.2,32,0.0,5.2
Hyderabad,17.385,78.4867,2025-12-26 14:00:00,43.5,41.6,490.0,2.7,16.6,186.0,26.6,32,0.0,6.3
Hyderabad,17.385,78.4867,2025-12-26 15:00:00,43.4,41.8,507.0,4.0,16.6,181.0,26.5,34,0.0,7.7
Hyderabad,17.385,78.4867,2025-12-26 16:00:00,43.5,42.0,534.0,5.9,16.6,170.0,25.9,36,0.0,8.7
Hyderabad,17.385,78.4867,2025-12-26 17:00:00,48.9,47.8,577.0,8.8,17.1,157.0,25.1,39,0.0,8.2
Hyderabad,17.385,78.4867,2025-12-26 18:00:00,54.6,53.7,646.0,12.9,18.0,139.0,24.4,42,0.0,7.5
Hyderabad,17.385,78.4867,2025-12-26 19:00:00,56.9,56.0,732.0,18.5,19.2,115.0,23.4,46,0.0,7.1
Hyderabad,17.385,78.4867,2025-12-26 20:00:00,58.0,57.0,807.0,22.3,20.1,97.0,22.3,50,0.0,7.0
Hyderabad,17.385,78.4867,2025-12-26 21:00:00,59.0,58.1,873.0,22.9,20.5,91.0,21.4,52,0.0,6.4
Hyderabad,17.385,78.4867,2025-12-26 22:00:00,60.3,59.4,929.0,21.8,20.6,91.0,20.5,54,0.0,5.9
Hyderabad,17.385,78.4867,2025-12-26 23:00:00,60.8,59.8,945.0,20.2,20.6,93.0,19.6,58,0.0,4.6
Hyderabad,17.385,78.4867,2025-12-27 00:00:00,60.5,59.5,889.0,18.0,20.4,96.0,19.2,60,0.0,4.4
Hyderabad,17.385,78.4867,2025-12-27 01:00:00,61.0,59.8,793.0,15.3,20.0,101.0,18.7,62,0.0,3.3
Hyderabad,17.385,78.4867,2025-12-27 02:00:00,61.9,60.5,727.0,13.2,19.9,105.0,18.1,69,0.0,1.6
Hyderabad,17.385,78.4867,2025-12-27 03:00:00,63.1,61.9,689.0,11.2,20.0,109.0,17.7,72,0.0,1.1
Hyderabad,17.385,78.4867,2025-12-27 04:00:00,65.0,63.6,681.0,9.8,20.4,113.0,17.2,72,0.0,1.8
Hyderabad,17.385,78.4867,2025-12-27 05:00:00,64.5,63.3,774.0,13.1,24.2,112.0,16.2,81,0.0,0.8
Hyderabad,17.385,78.4867,2025-12-27 06:00:00,69.8,68.7,1108.0,20.3,26.1,106.0,16.5,83,0.0,0.4
Hyderabad,17.385,78.4867,2025-12-27 07:00:00,81.3,80.1,1543.0,29.7,28.7,99.0,16.5,80,0.0,4.3
Hyderabad,17.385,78.4867,2025-12-27 08:00:00,75.9,75.0,1737.0,33.4,29.6,102.0,18.5,67,0.0,0.6
Hyderabad,17.385,78.4867,2025-12-27 09:00:00,50.5,49.4,1453.0,25.8,27.4,123.0,21.2,51,0.0,1.8
Hyderabad,17.385,78.4867,2025-12-27 10:00:00,45.9,44.8,927.0,12.5,23.5,154.0,22.9,43,0.0,3.4
Hyderabad,17.385,78.4867,2025-12-27 11:00:00,44.0,43.1,527.0,2.6,20.4,178.0,23.8,39,0.0,3.3
Hyderabad,17.385,78.4867,2025-12-27 12:00:00,42.4,41.6,411.0,0.2,19.1,188.0,25.3,34,0.0,3.2
Hyderabad,17.385,78.4867,2025-12-27 13:00:00,41.0,40.3,420.0,1.2,18.5,192.0,26.2,31,0.0,3.6
Hyderabad,17.385,78.4867,2025-12-27 14:00:00,40.2,39.3,444.0,2.8,18.1,190.0,26.8,29,0.0,4.8
Hyderabad,17.385,78.4867,2025-12-27 15:00:00,39.6,38.9,446.0,4.1,17.4,183.0,26.9,28,0.0,6.3
Hyderabad,17.385,78.4867,2025-12-27 16:00:00,39.0,38.3,463.0,5.9,16.9,172.0,26.4,30,0.0,7.8
Hyderabad,17.385,78.4867,2025-12-27 17:00:00,56.5,55.2,498.0,9.4,16.7,160.0,25.4,35,0.0,8.0
Hyderabad,17.385,78.4867,2025-12-27 18:00:00,61.9,60.5,563.0,13.8,17.4,140.0,24.7,39,0.0,7.7
Hyderabad,17.385,78.4867,2025-12-27 19:00:00,64.0,63.1,646.0,19.7,18.2,113.0,23.7,43,0.0,7.6
Hyderabad,17.385,78.4867,2025-12-27 20:00:00,64.7,63.8,711.0,23.3,18.8,93.0,22.5,48,0.0,7.8
Hyderabad,17.385,78.4867,2025-12-27 21:00:00,65.2,64.3,744.0,22.5,18.7,88.0,21.3,53,0.0,7.1
Hyderabad,17.385,78.4867,2025-12-27 22:00:00,66.1,65.0,758.0,19.3,18.2,90.0,20.5,56,0.0,7.2
Hyderabad,17.385,78.4867,2025-12-27 23:00:00,66.6,65.4,762.0,16.3,17.9,94.0,19.4,60,0.0,4.9
Hyderabad,17.385,78.4867,2025-12-28 00:00:00,67.5,66.1,754.0,14.1,17.8,97.0,19.0,62,0.0,4.7
Hyderabad,17.385,78.4867,2025-12-28 01:00:00,68.9,67.5,735.0,12.1,17.8,102.0,18.5,64,0.0,2.4
Hyderabad,17.385,78.4867,2025-12-28 02:00:00,70.5,69.2,712.0,10.8,18.2,106.0,17.8,74,0.0,0.4
Hyderabad,17.385,78.4867,2025-12-28 03:00:00,72.4,70.8,650.0,9.6,19.0,109.0,17.5,70,0.0,2.7
Hyderabad,17.385,78.4867,2025-12-28 04:00:00,75.2,73.3,583.0,9.1,20.2,112.0,17.1,71,0.0,4.2
Hyderabad,17.385,78.4867,2025-12-28 05:00:00,78.5,77.1,622.0,12.2,24.5,111.0,16.2,77,0.0,2.4
Hyderabad,17.385,78.4867,2025-12-28 06:00:00,84.3,82.7,908.0,19.6,26.5,104.0,16.7,72,0.0,2.3
Hyderabad,17.385,78.4867,2025-12-28 07:00:00,95.7,94.3,1300.0,29.4,29.0,96.0,16.8,72,0.0,2.7
Hyderabad,17.385,78.4867,2025-12-28 08:00:00,87.3,86.4,1479.0,33.4,29.9,98.0,18.9,60,0.0,2.7
Hyderabad,17.385,78.4867,2025-12-28 09:00:00,63.8,62.4,1231.0,25.8,27.5,119.0,21.3,48,0.0,4.5
Hyderabad,17.385,78.4867,2025-12-28 10:00:00,55.3,53.9,770.0,12.5,23.3,150.0,22.9,43,0.0,6.5
Hyderabad,17.385,78.4867,2025-12-28 11:00:00,52.4,51.1,426.0,2.6,19.9,173.0,24.0,39,0.0,6.0
Hyderabad,17.385,78.4867,2025-12-28 12:00:00,50.6,49.4,343.0,0.1,18.3,182.0,25.3,35,0.0,5.0
Hyderabad,17.385,78.4867,2025-12-28 13:00:00,49.0,47.8,376.0,1.0,17.4,183.0,26.2,33,0.0,5.0
Hyderabad,17.385,78.4867,2025-12-28 14:00:00,47.3,46.1,418.0,2.7,16.7,180.0,26.8,31,0.0,5.8
Hyderabad,17.385,78.4867,2025-12-28 15:00:00,46.1,44.9,431.0,4.0,15.8,174.0,26.8,30,0.0,6.5
Hyderabad,17.385,78.4867,2025-12-28 16:00:00,44.8,43.8,453.0,6.0,14.9,163.0,26.4,32,0.0,7.7
Hyderabad,17.385,78.4867,2025-12-28 17:00:00,53.8,52.7,496.0,9.3,14.2,145.0,25.2,37,0.0,8.0
Hyderabad,17.385,78.4867,2025-12-28 18:00:00,60.1,59.0,582.0,14.1,15.1,127.0,24.6,39,0.0,7.5
Hyderabad,17.385,78.4867,2025-12-28 19:00:00,62.2,61.2,690.0,20.6,16.4,103.0,23.9,42,0.0,6.9
Hyderabad,17.385,78.4867,2025-12-28 20:00:00,62.4,61.5,764.0,24.7,17.3,86.0,22.6,47,0.0,7.2
Hyderabad,17.385,78.4867,2025-12-28 21:00:00,62.6,61.7,773.0,24.4,17.5,82.0,21.4,53,0.0,6.3
Hyderabad,17.385,78.4867,2025-12-28 22:00:00,63.3,62.4,748.0,21.7,17.2,84.0,20.6,55,0.0,6.0
Hyderabad,17.385,78.4867,2025-12-28 23:00:00,63.8,62.9,731.0,18.9,17.0,88.0,19.6,60,0.0,4.7
Hyderabad,17.385,78.4867,2025-12-29 00:00:00,63.3,62.4,743.0,16.3,16.8,92.0,19.3,61,0.0,5.1
Hyderabad,17.385,78.4867,2025-12-29 01:00:00,63.6,62.4,762.0,13.5,16.6,98.0,18.6,63,0.0,3.6
Hyderabad,17.385,78.4867,2025-12-29 02:00:00,64.5,63.6,768.0,11.5,16.7,103.0,17.9,68,0.0,2.3
Hyderabad,17.385,78.4867,2025-12-29 03:00:00,66.6,65.4,726.0,9.8,17.2,107.0,17.7,68,0.0,4.1
Hyderabad,17.385,78.4867,2025-12-29 04:00:00,69.4,68.2,670.0,8.9,18.1,110.0,17.1,71,0.0,2.9
Hyderabad,17.385,78.4867,2025-12-29 05:00:00,67.8,66.8,681.0,11.4,20.8,109.0,16.5,74,0.0,3.1
Hyderabad,17.385,78.4867,2025-12-29 06:00:00,73.8,72.6,856.0,20.0,23.6,100.0,16.8,72,0.0,3.0
Hyderabad,17.385,78.4867,2025-12-29 07:00:00,85.7,84.8,1098.0,31.5,27.2,89.0,17.1,69,0.0,4.4
Hyderabad,17.385,78.4867,2025-12-29 08:00:00,85.9,85.2,1196.0,36.4,28.9,88.0,18.7,60,0.0,3.9
Hyderabad,17.385,78.4867,2025-12-29 09:00:00,59.5,58.6,1006.0,28.3,26.8,108.0,20.8,51,0.0,5.4
Hyderabad,17.385,78.4867,2025-12-29 10:00:00,50.1,49.2,672.0,13.8,22.7,138.0,22.7,42,0.0,7.8
Hyderabad,17.385,78.4867,2025-12-29 11:00:00,47.1,46.4,422.0,2.9,19.3,161.0,23.8,38,0.0,6.5
Hyderabad,17.385,78.4867,2025-12-29 12:00:00,44.9,44.2,352.0,0.1,17.5,171.0,25.0,34,0.0,5.6
Hyderabad,17.385,78.4867,2025-12-29 13:00:00,42.8,42.0,366.0,1.0,16.4,175.0,26.0,31,0.0,5.2
Hyderabad,17.385,78.4867,2025-12-29 14:00:00,40.4,39.7,394.0,2.8,15.5,173.0,26.5,29,0.0,6.0
Hyderabad,17.385,78.4867,2025-12-29 15:00:00,38.6,38.1,409.0,4.8,14.6,165.0,26.6,29,0.0,6.7
Hyderabad,17.385,78.4867,2025-12-29 16:00:00,37.4,36.8,439.0,7.8,13.9,151.0,26.1,31,0.0,7.2
Hyderabad,17.385,78.4867,2025-12-29 17:00:00,51.9,51.0,500.0,13.1,14.7,144.0,25.3,34,0.0,6.7
Hyderabad,17.385,78.4867,2025-12-29 18:00:00,59.3,58.2,625.0,18.6,15.8,125.0,24.5,38,0.0,7.6
Hyderabad,17.385,78.4867,2025-12-29 19:00:00,62.2,61.2,782.0,26.0,17.3,99.0,23.7,43,0.0,8.0
Hyderabad,17.385,78.4867,2025-12-29 20:00:00,63.3,62.4,886.0,30.6,18.3,80.0,22.9,47,0.0,7.2
Hyderabad,17.385,78.4867,2025-12-29 21:00:00,64.0,63.1,895.0,29.8,18.4,75.0,21.4,53,0.0,6.7
Hyderabad,17.385,78.4867,2025-12-29 22:00:00,65.2,64.0,852.0,26.1,17.9,78.0,20.5,55,0.0,5.7
Hyderabad,17.385,78.4867,2025-12-29 23:00:00,65.9,64.7,799.0,22.5,17.6,81.0,19.7,59,0.0,4.6
Hyderabad,17.385,78.4867,2025-12-30 00:00:00,66.1,65.0,733.0,19.7,17.5,84.0,19.0,61,0.0,4.9
Hyderabad,17.385,78.4867,2025-12-30 01:00:00,67.1,65.9,659.0,17.0,17.6,88.0,18.5,64,0.0,3.6
Hyderabad,17.385,78.4867,2025-12-30 02:00:00,68.0,66.6,630.0,14.9,17.8,92.0,17.8,72,0.0,1.5
Hyderabad,17.385,78.4867,2025-12-30 03:00:00,68.7,67.3,653.0,12.4,18.0,98.0,17.3,71,0.0,2.4
Hyderabad,17.385,78.4867,2025-12-30 04:00:00,70.3,68.7,721.0,10.5,18.5,103.0,16.6,76,0.0,2.5
Hyderabad,17.385,78.4867,2025-12-30 05:00:00,69.6,68.5,874.0,14.5,21.1,97.0,16.1,78,0.0,1.7
Hyderabad,17.385,78.4867,2025-12-30 06:00:00,77.1,75.9,1240.0,24.3,23.9,86.0,16.5,76,0.0,2.2
Hyderabad,17.385,78.4867,2025-12-30 07:00:00,90.1,89.2,1690.0,37.3,27.5,71.0,16.5,75,0.0,3.1
Hyderabad,17.385,78.4867,2025-12-30 08:00:00,85.9,85.4,1880.0,42.8,29.2,71.0,18.9,63,0.0,1.7
Hyderabad,17.385,78.4867,2025-12-30 09:00:00,49.4,48.9,1557.0,33.3,27.0,99.0,21.7,49,0.0,2.9
Hyderabad,17.385,78.4867,2025-12-30 10:00:00,43.3,42.6,973.0,16.2,22.8,141.0,23.4,45,0.0,3.1
Hyderabad,17.385,78.4867,2025-12-30 11:00:00,42.8,42.0,544.0,3.5,19.4,173.0,24.3,41,0.0,1.8
Hyderabad,17.385,78.4867,2025-12-30 12:00:00,42.5,41.3,459.0,0.0,17.7,186.0,26.1,36,0.0,1.2
Hyderabad,17.385,78.4867,2025-12-30 13:00:00,42.1,40.9,528.0,0.8,16.7,190.0,27.1,33,0.0,1.3
Hyderabad,17.385,78.4867,2025-12-30 14:00:00,41.9,40.6,597.0,3.0,16.1,188.0,27.7,31,0.0,2.0
Hyderabad,17.385,78.4867,2025-12-30 15:00:00,41.8,40.4,598.0,5.8,15.6,182.0,28.0,30,0.0,3.4
Hyderabad,17.385,78.4867,2025-12-30 16:00:00,41.8,40.4,598.0,10.0,15.4,170.0,27.5,31,0.0,4.7
Hyderabad,17.385,78.4867,2025-12-30 17:00:00,43.4,42.5,651.0,17.8,17.0,164.0,26.5,34,0.0,5.1
Hyderabad,17.385,78.4867,2025-12-30 18:00:00,53.3,52.4,796.0,24.6,18.5,140.0,25.4,37,0.0,3.6
Hyderabad,17.385,78.4867,2025-12-30 19:00:00,58.2,57.5,993.0,33.8,20.6,108.0,24.5,38,0.0,1.9
Hyderabad,17.385,78.4867,2025-12-30 20:00:00,58.8,58.2,1172.0,39.3,21.9,84.0,23.8,40,0.0,1.2
Hyderabad,17.385,78.4867,2025-12-30 21:00:00,57.6,57.2,1340.0,37.7,21.6,76.0,22.7,45,0.0,4.6
Hyderabad,17.385,78.4867,2025-12-30 22:00:00,56.2,55.8,1491.0,32.4,20.6,77.0,21.8,49,0.0,3.8
Hyderabad,17.385,78.4867,2025-12-30 23:00:00,53.8,53.4,1534.0,27.0,19.8,80.0,20.2,61,0.0,2.4
Hyderabad,17.385,78.4867,2025-12-31 00:00:00,51.3,51.0,1382.0,22.5,19.5,83.0,19.9,59,0.0,2.5
Hyderabad,17.385,78.4867,2025-12-31 01:00:00,51.5,51.0,1122.0,18.1,19.5,89.0,19.1,68,0.0,1.3
Hyderabad,17.385,78.4867,2025-12-31 02:00:00,53.3,52.9,929.0,14.5,20.0,94.0,18.5,67,0.0,2.6
Hyderabad,17.385,78.4867,2025-12-31 03:00:00,56.9,56.2,855.0,11.8,21.3,99.0,17.9,73,0.0,2.6
Hyderabad,17.385,78.4867,2025-12-31 04:00:00,61.5,60.5,848.0,10.0,23.2,105.0,17.5,75,0.0,2.0
Hyderabad,17.385,78.4867,2025-12-31 05:00:00,63.6,62.9,928.0,12.8,24.2,101.0,16.7,80,0.0,1.0
Hyderabad,17.385,78.4867,2025-12-31 06:00:00,71.0,70.1,1200.0,17.2,26.0,100.0,16.8,78,0.0,3.2
Hyderabad,17.385,78.4867,2025-12-31 07:00:00,83.6,82.2,1558.0,23.0,28.3,98.0,17.2,75,0.0,4.6
Hyderabad,17.385,78.4867,2025-12-31 08:00:00,82.0,80.8,1704.0,24.9,28.9,105.0,19.3,65,0.0,2.2
Hyderabad,17.385,78.4867,2025-12-31 09:00:00,80.8,79.2,1430.0,19.3,26.3,127.0,22.2,53,0.0,2.4
Hyderabad,17.385,78.4867,2025-12-31 10:00:00,64.3,62.9,945.0,9.8,22.1,156.0,24.4,46,0.0,3.1
Hyderabad,17.385,78.4867,2025-12-31 11:00:00,55.6,54.6,573.0,2.8,18.4,177.0,25.5,39,0.0,2.7
Hyderabad,17.385,78.4867,2025-12-31 12:00:00,51.5,50.5,455.0,0.4,16.1,182.0,27.0,33,0.0,3.4
Hyderabad,17.385,78.4867,2025-12-31 13:00:00,48.3,47.4,451.0,0.4,14.3,179.0,27.8,30,0.0,4.8
Hyderabad,17.385,78.4867,2025-12-31 14:00:00,45.5,44.7,463.0,2.3,13.1,171.0,28.3,28,0.0,6.4
Hyderabad,17.385,78.4867,2025-12-31 15:00:00,43.7,42.8,443.0,6.0,12.2,159.0,28.3,27,0.0,7.9
Hyderabad,17.385,78.4867,2025-12-31 16:00:00,43.2,42.4,438.0,11.6,11.9,143.0,27.9,27,0.0,8.3
Hyderabad,17.385,78.4867,2025-12-31 17:00:00,54.0,53.2,498.0,18.2,11.7,119.0,27.1,33,0.0,8.2
Hyderabad,17.385,78.4867,2025-12-31 18:00:00,70.5,69.8,683.0,29.4,16.0,102.0,26.4,37,0.0,5.5
Hyderabad,17.385,78.4867,2025-12-31 19:00:00,81.0,80.1,932.0,44.6,21.8,77.0,25.7,39,0.0,4.1
Hyderabad,17.385,78.4867,2025-12-31 20:00:00,85.0,84.3,1107.0,54.8,25.4,59.0,24.3,49,0.0,9.4
Hyderabad,17.385,78.4867,2025-12-31 21:00:00,85.7,84.8,1150.0,55.9,24.8,51.0,23.0,57,0.0,7.9
Hyderabad,17.385,78.4867,2025-12-31 22:00:00,86.4,85.4,1120.0,51.9,22.1,49.0,22.3,61,0.0,8.2
Hyderabad,17.385,78.4867,2025-12-31 23:00:00,85.2,84.3,1054.0,45.5,19.5,51.0,21.4,66,0.0,6.4
Hyderabad,17.385,78.4867,2026-01-01 00:00:00,79.2,78.0,941.0,35.7,17.6,57.0,20.9,69,0.0,7.2
Hyderabad,17.385,78.4867,2026-01-01 01:00:00,74.7,73.8,792.0,23.5,15.8,68.0,20.6,70,0.0,5.5
Hyderabad,17.385,78.4867,2026-01-01 02:00:00,73.6,72.2,676.0,14.0,14.6,76.0,20.1,73,0.0,5.5
Hyderabad,17.385,78.4867,2026-01-01 03:00:00,73.8,72.4,605.0,9.3,14.3,80.0,19.5,76,0.0,5.6
Hyderabad,17.385,78.4867,2026-01-01 04:00:00,74.5,73.1,568.0,7.3,14.5,82.0,19.1,79,0.0,6.2
Hyderabad,17.385,78.4867,2026-01-01 05:00:00,79.6,78.5,602.0,25.2,19.6,63.0,18.3,88,0.0,4.9
Hyderabad,17.385,78.4867,2026-01-01 06:00:00,81.0,79.6,785.0,23.3,20.1,69.0,18.2,90,0.0,5.7
Hyderabad,17.385,78.4867,2026-01-01 07:00:00,84.8,83.4,1040.0,20.4,20.7,77.0,18.3,90,0.0,5.8
Hyderabad,17.385,78.4867,2026-01-01 08:00:00,84.8,83.4,1167.0,17.0,20.7,90.0,20.0,81,0.0,3.4
Hyderabad,17.385,78.4867,2026-01-01 09:00:00,81.5,80.1,1040.0,12.4,19.5,111.0,22.2,72,0.0,4.2
Hyderabad,17.385,78.4867,2026-01-01 10:00:00,72.2,70.8,787.0,7.1,17.7,137.0,24.4,59,0.0,4.6
Hyderabad,17.385,78.4867,2026-01-01 11:00:00,64.0,62.9,591.0,3.3,15.9,157.0,25.9,50,0.0,5.1
Hyderabad,17.385,78.4867,2026-01-01 12:00:00,57.9,56.7,531.0,1.8,14.2,166.0,27.4,41,0.0,2.7
Hyderabad,17.385,78.4867,2026-01-01 13:00:00,53.2,52.2,530.0,1.6,12.5,169.0,28.3,36,0.0,0.9
Hyderabad,17.385,78.4867,2026-01-01 14:00:00,49.6,48.4,538.0,2.5,11.2,168.0,28.9,33,0.0,2.7
Hyderabad,17.385,78.4867,2026-01-01 15:00:00,48.2,47.0,538.0,4.4,10.4,163.0,29.1,31,0.0,4.8
Hyderabad,17.385,78.4867,2026-01-01 16:00:00,47.8,46.7,548.0,7.2,10.1,155.0,28.5,31,0.0,3.3
Hyderabad,17.385,78.4867,2026-01-01 17:00:00,80.1,78.7,571.0,20.7,12.3,132.0,25.4,52,0.0,13.6
Hyderabad,17.385,78.4867,2026-01-01 18:00:00,88.5,87.1,619.0,20.1,13.1,124.0,24.8,52,0.0,8.8
Hyderabad,17.385,78.4867,2026-01-01 19:00:00,92.9,91.7,680.0,19.1,14.2,114.0,24.5,54,0.0,9.8
Hyderabad,17.385,78.4867,2026-01-01 20:00:00,94.8,93.6,722.0,17.5,15.1,108.0,23.8,59,0.0,8.8
Hyderabad,17.385,78.4867,2026-01-01 21:00:00,96.4,95.2,733.0,14.7,15.8,110.0,22.9,62,0.0,9.1
Hyderabad,17.385,78.4867,2026-01-01 22:00:00,98.5,97.3,726.0,11.3,16.2,117.0,22.5,64,0.0,8.0
Hyderabad,17.385,78.4867,2026-01-01 23:00:00,99.7,98.5,708.0,8.4,16.3,121.0,21.8,71,0.0,6.0
Hyderabad,17.385,78.4867,2026-01-02 00:00:00,99.7,98.3,670.0,6.6,15.7,120.0,21.4,73,0.0,5.4
Hyderabad,17.385,78.4867,2026-01-02 01:00:00,99.7,98.0,621.0,5.4,14.7,117.0,20.9,75,0.0,4.8
Hyderabad,17.385,78.4867,2026-01-02 02:00:00,99.9,98.0,594.0,4.7,13.9,114.0,20.5,77,0.0,5.1
Hyderabad,17.385,78.4867,2026-01-02 03:00:00,99.9,97.8,603.0,4.1,13.3,112.0,20.1,79,0.0,4.8
Hyderabad,17.385,78.4867,2026-01-02 04:00:00,99.9,97.8,634.0,4.0,12.8,110.0,19.7,82,0.0,3.6
Hyderabad,17.385,78.4867,2026-01-02 05:00:00,108.5,105.9,673.0,6.4,16.6,115.0,18.8,86,0.0,2.7
Hyderabad,17.385,78.4867,2026-01-02 06:00:00,110.6,108.0,735.0,10.6,17.3,113.0,19.0,85,0.0,5.5
Hyderabad,17.385,78.4867,2026-01-02 07:00:00,112.7,110.1,805.0,16.2,18.2,111.0,18.9,88,0.0,6.5
Hyderabad,17.385,78.4867,2026-01-02 08:00:00,104.5,102.2,827.0,18.7,18.3,114.0,20.0,86,0.0,7.1
Hyderabad,17.385,78.4867,2026-01-02 09:00:00,96.6,94.5,756.0,15.0,17.0,127.0,21.6,78,0.0,7.6
Hyderabad,17.385,78.4867,2026-01-02 10:00:00,88.5,86.4,637.0,8.3,15.0,146.0,23.6,66,0.0,7.2
Hyderabad,17.385,78.4867,2026-01-02 11:00:00,81.7,79.9,542.0,3.2,13.0,160.0,25.7,55,0.0,5.9
Hyderabad,17.385,78.4867,2026-01-02 12:00:00,75.9,74.0,498.0,1.3,11.2,165.0,27.1,43,0.0,3.4
Hyderabad,17.385,78.4867,2026-01-02 13:00:00,70.1,68.2,480.0,1.1,9.6,165.0,28.3,37,0.0,2.1
Hyderabad,17.385,78.4867,2026-01-02 14:00:00,65.7,64.0,482.0,2.5,8.6,162.0,28.9,33,0.0,4.4
Hyderabad,17.385,78.4867,2026-01-02 15:00:00,63.3,61.7,514.0,6.5,8.5,154.0,28.4,33,0.0,4.7
Hyderabad,17.385,78.4867,2026-01-02 16:00:00,62.9,61.5,566.0,12.1,9.1,142.0,28.1,34,0.0,2.8
Hyderabad,17.385,78.4867,2026-01-02 17:00:00,82.0,80.6,610.0,18.3,11.0,121.0,26.8,41,0.0,7.1
Hyderabad,17.385,78.4867,2026-01-02 18:00:00,89.6,88.2,630.0,18.5,12.1,115.0,25.7,47,0.0,9.6
Hyderabad,17.385,78.4867,2026-01-02 19:00:00,92.9,91.7,642.0,18.7,13.6,107.0,24.3,56,0.0,10.1
Hyderabad,17.385,78.4867,2026-01-02 20:00:00,94.5,93.4,658.0,18.0,14.7,103.0,23.8,58,0.0,9.1
Hyderabad,17.385,78.4867,2026-01-02 21:00:00,96.2,94.8,695.0,15.6,14.8,106.0,23.2,60,0.0,6.8
Hyderabad,17.385,78.4867,2026-01-02 22:00:00,97.3,96.2,736.0,12.3,14.5,112.0,22.8,61,0.0,6.4
Hyderabad,17.385,78.4867,2026-01-02 23:00:00,98.0,96.6,748.0,9.4,14.5,116.0,22.2,67,0.0,7.1
Hyderabad,17.385,78.4867,2026-01-03 00:00:00,98.3,96.6,701.0,7.4,15.2,117.0,21.8,68,0.0,8.3
Hyderabad,17.385,78.4867,2026-01-03 01:00:00,98.5,97.1,625.0,5.9,16.2,116.0,21.1,71,0.0,7.7
Hyderabad,17.385,78.4867,2026-01-03 02:00:00,98.5,97.1,574.0,4.8,16.5,113.0,20.4,74,0.0,6.9
Hyderabad,17.385,78.4867,2026-01-03 03:00:00,97.8,96.2,573.0,4.1,15.7,108.0,19.8,77,0.0,7.4
Hyderabad,17.385,78.4867,2026-01-03 04:00:00,96.6,95.0,597.0,3.8,14.2,102.0,19.4,78,0.0,7.4
Hyderabad,17.385,78.4867,2026-01-03 05:00:00,100.1,98.0,629.0,5.4,15.8,100.0,19.1,83,0.0,5.8
Hyderabad,17.385,78.4867,2026-01-03 06:00:00,101.3,99.0,677.0,9.8,15.8,95.0,18.7,86,0.0,7.1
Hyderabad,17.385,78.4867,2026-01-03 07:00:00,103.4,101.3,733.0,15.5,15.7,89.0,18.6,91,0.0,8.9
Hyderabad,17.385,78.4867,2026-01-03 08:00:00,98.5,96.9,749.0,18.2,15.4,91.0,19.7,87,0.0,10.0
Hyderabad,17.385,78.4867,2026-01-03 09:00:00,90.3,88.5,691.0,14.7,14.5,107.0,21.5,75,0.0,8.6
Hyderabad,17.385,78.4867,2026-01-03 10:00:00,81.7,80.1,595.0,8.1,13.4,131.0,23.4,64,0.0,8.5
Hyderabad,17.385,78.4867,2026-01-03 11:00:00,76.4,75.0,517.0,3.1,12.3,149.0,24.9,54,0.0,9.4
Hyderabad,17.385,78.4867,2026-01-03 12:00:00,73.3,71.9,477.0,1.4,11.3,158.0,26.4,45,0.0,9.3
Hyderabad,17.385,78.4867,2026-01-03 13:00:00,71.2,69.6,457.0,1.3,10.4,162.0,27.5,40,0.0,6.4
Hyderabad,17.385,78.4867,2026-01-03 14:00:00,69.2,67.5,455.0,2.5,9.9,161.0,27.6,38,0.0,6.2
Hyderabad,17.385,78.4867,2026-01-03 15:00:00,67.5,66.1,478.0,5.5,9.8,155.0,27.1,39,0.0,6.7
Hyderabad,17.385,78.4867,2026-01-03 16:00:00,67.1,65.7,520.0,9.8,10.1,144.0,26.3,42,0.0,5.9
Hyderabad,17.385,78.4867,2026-01-03 17:00:00,71.7,70.3,566.0,12.6,10.2,130.0,25.4,47,0.0,6.1
Hyderabad,17.385,78.4867,2026-01-03 18:00:00,76.4,75.0,619.0,14.0,11.2,122.0,25.2,48,0.0,9.6
Hyderabad,17.385,78.4867,2026-01-03 19:00:00,77.1,75.9,677.0,15.9,12.5,112.0,24.3,52,0.0,10.7
Hyderabad,17.385,78.4867,2026-01-03 20:00:00,76.8,75.9,717.0,16.7,13.5,104.0,23.8,54,0.0,8.1
Hyderabad,17.385,78.4867,2026-01-03 21:00:00,77.1,76.1,731.0,15.4,13.7,102.0,23.0,57,0.0,7.7
Hyderabad,17.385,78.4867,2026-01-03 22:00:00,78.0,76.6,726.0,13.0,13.5,103.0,22.6,59,0.0,7.6
Hyderabad,17.385,78.4867,2026-01-03 23:00:00,78.0,76.6,703.0,10.7,13.4,103.0,21.8,66,0.0,5.8
Hyderabad,17.385,78.4867,2026-01-04 00:00:00,77.5,76.1,647.0,8.8,13.6,102.0,21.5,67,0.0,5.8
Hyderabad,17.385,78.4867,2026-01-04 01:00:00,76.6,75.2,572.0,7.1,13.9,100.0,20.9,68,0.0,8.0
Hyderabad,17.385,78.4867,2026-01-04 02:00:00,75.4,73.8,523.0,5.9,14.1,99.0,20.1,71,0.0,8.1
Hyderabad,17.385,78.4867,2026-01-04 03:00:00,73.3,71.7,510.0,5.1,14.0,98.0,19.3,77,0.0,6.0
Hyderabad,17.385,78.4867,2026-01-04 04:00:00,71.2,69.4,524.0,4.8,13.8,97.0,18.8,82,0.0,3.0
Hyderabad,17.385,78.4867,2026-01-04 05:00:00,74.5,72.6,580.0,6.9,17.0,91.0,18.4,85,0.0,5.1
Hyderabad,17.385,78.4867,2026-01-04 06:00:00,75.9,74.0,733.0,11.2,18.1,87.0,18.4,86,0.0,4.6
Hyderabad,17.385,78.4867,2026-01-04 07:00:00,79.6,77.5,928.0,17.0,19.4,82.0,18.2,87,0.0,3.6
Hyderabad,17.385,78.4867,2026-01-04 08:00:00,73.3,71.7,1014.0,19.5,19.7,85.0,19.6,78,0.0,3.4
Hyderabad,17.385,78.4867,2026-01-04 09:00:00,66.6,64.7,887.0,15.6,18.0,104.0,21.9,65,0.0,4.8
Hyderabad,17.385,78.4867,2026-01-04 10:00:00,65.4,63.3,651.0,8.4,15.3,132.0,24.1,52,0.0,7.1
Hyderabad,17.385,78.4867,2026-01-04 11:00:00,63.1,61.0,470.0,3.0,12.9,152.0,25.1,47,0.0,9.1
Hyderabad,17.385,78.4867,2026-01-04 12:00:00,60.5,58.7,413.0,1.3,11.2,158.0,26.6,39,0.0,9.0
Hyderabad,17.385,78.4867,2026-01-04 13:00:00,59.0,57.2,412.0,1.4,9.8,157.0,26.4,37,0.0,9.8
Hyderabad,17.385,78.4867,2026-01-04 14:00:00,58.3,56.5,424.0,2.4,8.9,153.0,26.4,38,0.0,9.0
Hyderabad,17.385,78.4867,2026-01-04 15:00:00,58.6,56.8,437.0,4.3,8.6,147.0,26.7,37,0.0,8.6
Hyderabad,17.385,78.4867,2026-01-04 16:00:00,58.3,56.7,463.0,7.2,8.9,137.0,26.4,38,0.0,10.6
Hyderabad,17.385,78.4867,2026-01-04 17:00:00,63.1,61.7,501.0,10.3,8.5,121.0,25.3,40,0.0,10.7
Hyderabad,17.385,78.4867,2026-01-04 18:00:00,68.2,67.1,561.0,13.9,10.0,110.0,24.7,43,0.0,8.9
Hyderabad,17.385,78.4867,2026-01-04 19:00:00,71.7,70.5,632.0,18.8,12.2,94.0,23.9,46,0.0,8.7
Hyderabad,17.385,78.4867,2026-01-04 20:00:00,74.3,72.9,685.0,21.9,13.9,83.0,23.1,48,0.0,8.5
Hyderabad,17.385,78.4867,2026-01-04 21:00:00,76.1,74.7,707.0,21.7,14.7,81.0,22.2,51,0.0,7.3
Hyderabad,17.385,78.4867,2026-01-04 22:00:00,78.7,76.8,711.0,19.8,15.1,83.0,21.3,55,0.0,6.8
Hyderabad,17.385,78.4867,2026-01-04 23:00:00,80.6,78.5,704.0,17.7,15.4,86.0,20.3,60,0.0,5.0
Hyderabad,17.385,78.4867,2026-01-05 00:00:00,81.3,78.9,679.0,15.6,15.6,88.0,20.0,62,0.0,4.9
Hyderabad,17.385,78.4867,2026-01-05 01:00:00,82.0,79.4,644.0,13.3,15.8,91.0,19.7,64,0.0,3.6
Hyderabad,17.385,78.4867,2026-01-05 02:00:00,82.2,79.4,629.0,11.5,16.1,94.0,19.2,68,0.0,1.4
Hyderabad,17.385,78.4867,2026-01-05 03:00:00,82.7,79.9,627.0,10.0,16.7,96.0,18.5,76,0.0,1.1
Hyderabad,17.385,78.4867,2026-01-05 04:00:00,83.6,80.6,646.0,9.1,17.4,98.0,18.0,77,0.0,1.6
Hyderabad,17.385,78.4867,2026-01-05 05:00:00,85.0,82.0,740.0,10.0,18.3,96.0,17.5,79,0.0,3.5
Hyderabad,17.385,78.4867,2026-01-05 06:00:00,87.5,84.3,1023.0,15.0,19.1,90.0,18.2,73,0.0,3.0
Hyderabad,17.385,78.4867,2026-01-05 07:00:00,93.8,90.6,1381.0,21.6,20.0,83.0,18.1,73,0.0,3.7
Hyderabad,17.385,78.4867,2026-01-05 08:00:00,87.3,85.2,1527.0,24.2,19.6,84.0,19.8,64,0.0,2.0
Hyderabad,17.385,78.4867,2026-01-05 09:00:00,75.9,73.3,1256.0,18.7,16.5,100.0,22.3,53,0.0,3.7
Hyderabad,17.385,78.4867,2026-01-05 10:00:00,66.4,63.8,774.0,9.2,12.0,123.0,24.0,46,0.0,6.8
Hyderabad,17.385,78.4867,2026-01-05 11:00:00,60.3,58.0,412.0,2.1,8.7,141.0,24.7,42,0.0,9.0
Hyderabad,17.385,78.4867,2026-01-05 12:00:00,57.3,55.2,317.0,0.2,7.8,148.0,25.7,38,0.0,9.4
Hyderabad,17.385,78.4867,2026-01-05 13:00:00,56.1,54.2,343.0,0.7,8.0,149.0,26.5,35,0.0,9.7
Hyderabad,17.385,78.4867,2026-01-05 14:00:00,55.3,53.6,380.0,2.2,8.4,147.0,26.7,34,0.0,9.1
Hyderabad,17.385,78.4867,2026-01-05 15:00:00,54.6,53.0,394.0,4.3,8.6,140.0,26.8,32,0.0,8.8
Hyderabad,17.385,78.4867,2026-01-05 16:00:00,54.2,52.7,420.0,7.5,8.9,130.0,26.3,34,0.0,9.9
Hyderabad,17.385,78.4867,2026-01-05 17:00:00,63.1,61.7,451.0,11.9,9.8,113.0,25.3,37,0.0,9.5
Hyderabad,17.385,78.4867,2026-01-05 18:00:00,68.9,67.8,491.0,16.2,11.3,100.0,24.8,39,0.0,8.2
Hyderabad,17.385,78.4867,2026-01-05 19:00:00,73.6,72.4,536.0,22.1,13.4,83.0,23.8,44,0.0,7.7
Hyderabad,17.385,78.4867,2026-01-05 20:00:00,77.1,75.9,576.0,26.0,15.2,71.0,22.7,49,0.0,7.9
Hyderabad,17.385,78.4867,2026-01-05 21:00:00,80.1,78.7,612.0,26.2,16.2,68.0,21.8,52,0.0,7.5
Hyderabad,17.385,78.4867,2026-01-05 22:00:00,83.4,82.0,641.0,24.3,16.7,70.0,21.1,55,0.0,7.2
Hyderabad,17.385,78.4867,2026-01-05 23:00:00,85.4,83.8,647.0,22.1,17.3,74.0,20.4,59,0.0,6.1
Hyderabad,17.385,78.4867,2026-01-06 00:00:00,85.9,84.3,610.0,19.7,17.9,79.0,20.1,59,0.0,7.0
Hyderabad,17.385,78.4867,2026-01-06 01:00:00,86.6,84.8,549.0,17.0,18.5,85.0,19.7,60,0.0,6.7
Hyderabad,17.385,78.4867,2026-01-06 02:00:00,86.6,84.8,502.0,14.5,19.1,90.0,19.2,61,0.0,5.6
Hyderabad,17.385,78.4867,2026-01-06 03:00:00,85.9,84.1,472.0,12.0,19.6,95.0,18.7,63,0.0,6.4
Hyderabad,17.385,78.4867,2026-01-06 04:00:00,85.0,82.9,455.0,9.9,20.0,99.0,18.2,67,0.0,7.3
Hyderabad,17.385,78.4867,2026-01-06 05:00:00,87.5,85.7,478.0,12.2,20.5,91.0,17.6,72,0.0,8.2
Hyderabad,17.385,78.4867,2026-01-06 06:00:00,84.3,82.4,590.0,14.7,21.6,86.0,17.5,73,0.0,7.1
Hyderabad,17.385,78.4867,2026-01-06 07:00:00,83.1,81.7,742.0,18.0,23.1,81.0,17.0,75,0.0,7.4
Hyderabad,17.385,78.4867,2026-01-06 08:00:00,78.0,77.1,814.0,18.8,23.5,84.0,18.2,68,0.0,6.6
Hyderabad,17.385,78.4867,2026-01-06 09:00:00,71.0,69.8,727.0,14.6,22.1,103.0,20.6,55,0.0,6.6
Hyderabad,17.385,78.4867,2026-01-06 10:00:00,65.9,64.7,559.0,7.9,19.7,130.0,22.9,44,0.0,9.2
Hyderabad,17.385,78.4867,2026-01-06 11:00:00,62.4,61.0,430.0,2.9,17.4,150.0,24.1,40,0.0,8.8
Hyderabad,17.385,78.4867,2026-01-06 12:00:00,58.0,56.7,386.0,1.2,15.4,155.0,25.4,34,0.0,8.7
Hyderabad,17.385,78.4867,2026-01-06 13:00:00,52.6,51.2,379.0,1.3,13.5,153.0,26.2,30,0.0,9.4
Hyderabad,17.385,78.4867,2026-01-06 14:00:00,46.9,45.6,388.0,2.3,12.0,147.0,26.6,26,0.0,10.1
Hyderabad,17.385,78.4867,2026-01-06 15:00:00,42.5,41.2,402.0,4.0,11.0,139.0,26.5,27,0.0,10.5
Hyderabad,17.385,78.4867,2026-01-06 16:00:00,39.7,38.4,430.0,6.7,10.4,127.0,26.0,28,0.0,10.1
Hyderabad,17.385,78.4867,2026-01-06 17:00:00,41.6,39.1,482.0,10.4,9.9,108.0,24.8,35,0.0,9.3
Hyderabad,17.385,78.4867,2026-01-06 18:00:00,48.5,46.4,576.0,16.2,11.6,96.0,24.2,38,0.0,7.4
Hyderabad,17.385,78.4867,2026-01-06 19:00:00,54.1,52.0,693.0,24.2,14.1,79.0,23.5,41,0.0,7.1
Hyderabad,17.385,78.4867,2026-01-06 20:00:00,58.7,56.6,781.0,30.2,16.3,67.0,22.4,46,0.0,6.4
Hyderabad,17.385,78.4867,2026-01-06 21:00:00,63.1,60.8,826.0,32.2,17.9,64.0,21.2,50,0.0,5.7
Hyderabad,17.385,78.4867,2026-01-06 22:00:00,67.5,65.0,843.0,32.1,19.3,65.0,20.4,53,0.0,5.3
Hyderabad,17.385,78.4867,2026-01-06 23:00:00,71.0,68.5,821.0,31.4,20.4,66.0,19.4,60,0.0,4.0
Hyderabad,17.385,78.4867,2026-01-07 00:00:00,72.6,70.1,733.0,30.4,21.1,65.0,19.0,62,0.0,5.5
Hyderabad,17.385,78.4867,2026-01-07 01:00:00,73.8,71.2,606.0,28.7,21.5,63.0,18.5,65,0.0,4.7
Hyderabad,17.385,78.4867,2026-01-07 02:00:00,75.2,72.6,513.0,26.5,22.2,63.0,18.1,67,0.0,4.2
Hyderabad,17.385,78.4867,2026-01-07 03:00:00,75.7,73.1,468.0,23.0,23.6,66.0,17.7,67,0.0,3.8
Hyderabad,17.385,78.4867,2026-01-07 04:00:00,73.3,70.5,456.0,19.0,25.4,71.0,17.1,68,0.0,4.7
Hyderabad,17.385,78.4867,2026-01-07 05:00:00,61.0,58.2,508.0,12.1,24.3,79.0,16.5,70,0.0,5.3
Hyderabad,17.385,78.4867,2026-01-07 06:00:00,59.6,56.9,700.0,16.3,25.9,72.0,16.5,68,0.0,5.7
Hyderabad,17.385,78.4867,2026-01-07 07:00:00,64.5,61.7,955.0,21.8,28.1,64.0,16.5,69,0.0,6.0
Hyderabad,17.385,78.4867,2026-01-07 08:00:00,61.2,59.3,1072.0,23.8,28.5,65.0,18.1,60,0.0,4.3
Hyderabad,17.385,78.4867,2026-01-07 09:00:00,56.5,54.6,916.0,18.7,25.9,87.0,20.5,49,0.0,5.5
Hyderabad,17.385,78.4867,2026-01-07 10:00:00,52.0,50.1,623.0,10.0,21.6,118.0,22.7,43,0.0,6.9
Hyderabad,17.385,78.4867,2026-01-07 11:00:00,45.1,43.1,392.0,3.4,17.6,141.0,24.1,36,0.0,7.9
Hyderabad,17.385,78.4867,2026-01-07 12:00:00,38.5,36.6,304.0,1.3,14.5,146.0,25.5,29,0.0,8.7
Hyderabad,17.385,78.4867,2026-01-07 13:00:00,32.5,30.6,279.0,1.3,11.7,141.0,26.3,24,0.0,10.2
Hyderabad,17.385,78.4867,2026-01-07 14:00:00,27.9,26.4,279.0,2.1,9.6,134.0,26.6,22,0.0,11.2
Hyderabad,17.385,78.4867,2026-01-07 15:00:00,25.3,23.9,294.0,3.3,8.4,127.0,26.5,23,0.0,11.3
Hyderabad,17.385,78.4867,2026-01-07 16:00:00,24.3,23.2,333.0,5.3,7.9,118.0,25.9,25,0.0,11.0
Hyderabad,17.385,78.4867,2026-01-07 17:00:00,20.1,19.4,389.0,8.9,7.8,111.0,25.0,29,0.0,10.4
Hyderabad,17.385,78.4867,2026-01-07 18:00:00,25.8,25.1,470.0,14.4,9.5,99.0,24.1,34,0.0,8.7
Hyderabad,17.385,78.4867,2026-01-07 19:00:00,30.4,29.6,568.0,22.0,11.8,82.0,23.3,38,0.0,7.9
Hyderabad,17.385,78.4867,2026-01-07 20:00:00,33.8,32.8,647.0,27.3,13.8,71.0,22.3,43,0.0,7.3
Hyderabad,17.385,78.4867,2026-01-07 21:00:00,36.7,35.7,705.0,28.1,14.9,70.0,21.1,49,0.0,6.1
Hyderabad,17.385,78.4867,2026-01-07 22:00:00,39.6,38.4,743.0,26.6,15.6,75.0,20.2,53,0.0,5.4
Hyderabad,17.385,78.4867,2026-01-07 23:00:00,41.8,40.6,736.0,25.3,16.4,78.0,19.2,64,0.0,0.9
Hyderabad,17.385,78.4867,2026-01-08 00:00:00,43.2,41.9,645.0,25.1,17.4,78.0,18.9,58,0.0,3.6
Hyderabad,17.385,78.4867,2026-01-08 01:00:00,46.2,44.9,507.0,25.2,18.5,77.0,18.3,57,0.0,4.5
Hyderabad,17.385,78.4867,2026-01-08 02:00:00,50.4,49.1,408.0,25.0,19.6,76.0,18.2,54,0.0,5.8
Hyderabad,17.385,78.4867,2026-01-08 03:00:00,54.7,53.3,363.0,24.3,20.7,74.0,18.1,51,0.0,4.4
Hyderabad,17.385,78.4867,2026-01-08 04:00:00,56.8,55.5,358.0,23.4,21.8,72.0,17.5,52,0.0,5.6
Hyderabad,17.385,78.4867,2026-01-08 05:00:00,46.3,45.2,432.0,16.9,18.6,79.0,16.4,61,0.0,4.3
Hyderabad,17.385,78.4867,2026-01-08 06:00:00,43.5,42.4,681.0,18.4,19.5,77.0,16.4,63,0.0,6.3
Hyderabad,17.385,78.4867,2026-01-08 07:00:00,49.4,48.1,1010.0,20.1,20.7,76.0,16.2,66,0.0,6.1
Hyderabad,17.385,78.4867,2026-01-08 08:00:00,49.5,48.3,1170.0,19.7,21.0,81.0,17.8,62,0.0,2.9
Hyderabad,17.385,78.4867,2026-01-08 09:00:00,55.1,53.1,998.0,14.9,19.7,100.0,20.1,61,0.0,3.6
Hyderabad,17.385,78.4867,2026-01-08 10:00:00,46.2,44.2,657.0,7.8,17.6,127.0,22.5,47,0.0,4.7
Hyderabad,17.385,78.4867,2026-01-08 11:00:00,34.1,32.6,394.0,2.6,15.6,146.0,24.3,32,0.0,7.7
Hyderabad,17.385,78.4867,2026-01-08 12:00:00,28.6,27.0,309.0,1.0,13.8,151.0,25.6,25,0.0,10.0
Hyderabad,17.385,78.4867,2026-01-08 13:00:00,27.0,25.3,301.0,1.3,12.2,149.0,26.0,25,0.0,10.3
Hyderabad,17.385,78.4867,2026-01-08 14:00:00,26.5,24.9,313.0,2.1,11.1,146.0,26.0,26,0.0,10.0
Hyderabad,17.385,78.4867,2026-01-08 15:00:00,26.5,24.9,326.0,2.7,10.7,143.0,25.9,28,0.0,9.9
Hyderabad,17.385,78.4867,2026-01-08 16:00:00,27.1,25.5,359.0,3.9,10.8,139.0,25.2,29,0.0,10.1
Hyderabad,17.385,78.4867,2026-01-08 17:00:00,39.5,36.7,415.0,7.5,10.0,131.0,24.3,31,0.0,9.7
Hyderabad,17.385,78.4867,2026-01-08 18:00:00,44.9,42.6,513.0,12.3,11.5,120.0,23.6,34,0.0,8.4
Hyderabad,17.385,78.4867,2026-01-08 19:00:00,49.0,46.8,634.0,18.9,13.6,104.0,22.8,38,0.0,8.1
Hyderabad,17.385,78.4867,2026-01-08 20:00:00,52.5,50.2,727.0,24.3,15.8,92.0,21.7,42,0.0,6.3
Hyderabad,17.385,78.4867,2026-01-08 21:00:00,56.1,53.6,776.0,27.3,18.0,87.0,20.5,45,0.0,7.0
Hyderabad,17.385,78.4867,2026-01-08 22:00:00,60.3,57.5,796.0,29.1,20.3,86.0,20.1,43,0.0,5.9
Hyderabad,17.385,78.4867,2026-01-08 23:00:00,64.0,61.0,779.0,29.8,21.8,85.0,18.8,49,0.0,3.4
Hyderabad,17.385,78.4867,2026-01-09 00:00:00,65.4,62.4,699.0,29.2,22.3,82.0,19.0,46,0.0,4.4
Hyderabad,17.385,78.4867,2026-01-09 01:00:00,66.4,63.3,582.0,27.5,22.1,78.0,18.6,48,0.0,6.8
Hyderabad,17.385,78.4867,2026-01-09 02:00:00,65.2,62.2,499.0,25.1,21.5,76.0,18.1,49,0.0,4.3
Hyderabad,17.385,78.4867,2026-01-09 03:00:00,60.8,57.9,465.0,21.2,20.3,78.0,17.8,49,0.0,6.1
Hyderabad,17.385,78.4867,2026-01-09 04:00:00,54.0,51.2,464.0,16.6,18.6,82.0,17.5,47,0.0,6.8
Hyderabad,17.385,78.4867,2026-01-09 05:00:00,32.2,29.9,523.0,9.9,13.0,85.0,16.5,55,0.0,7.7
Hyderabad,17.385,78.4867,2026-01-09 06:00:00,28.9,26.8,716.0,13.2,13.5,78.0,16.3,55,0.0,7.3
Hyderabad,17.385,78.4867,2026-01-09 07:00:00,30.6,28.7,967.0,17.6,14.1,69.0,16.3,57,0.0,7.1
Hyderabad,17.385,78.4867,2026-01-09 08:00:00,29.8,28.6,1080.0,19.1,14.4,70.0,18.0,51,0.0,4.9
Hyderabad,17.385,78.4867,2026-01-09 09:00:00,29.8,28.3,915.0,14.9,14.1,92.0,20.5,41,0.0,6.4
Hyderabad,17.385,78.4867,2026-01-09 10:00:00,30.2,28.3,611.0,7.9,13.6,124.0,22.5,34,0.0,8.8
Hyderabad,17.385,78.4867,2026-01-09 11:00:00,29.5,27.6,384.0,2.6,13.1,148.0,23.7,31,0.0,11.6
Hyderabad,17.385,78.4867,2026-01-09 12:00:00,29.5,27.6,329.0,1.1,12.9,157.0,24.6,30,0.0,11.4
Hyderabad,17.385,78.4867,2026-01-09 13:00:00,29.9,28.1,351.0,1.3,12.8,159.0,25.1,30,0.0,10.4
Hyderabad,17.385,78.4867,2026-01-09 14:00:00,30.3,28.5,383.0,2.2,12.8,158.0,25.3,30,0.0,9.9
Hyderabad,17.385,78.4867,2026-01-09 15:00:00,30.9,29.0,395.0,2.9,12.7,156.0,25.2,30,0.0,9.8
Hyderabad,17.385,78.4867,2026-01-09 16:00:00,31.3,29.6,416.0,4.2,12.7,152.0,24.7,32,0.0,9.7
Hyderabad,17.385,78.4867,2026-01-09 17:00:00,45.2,42.7,470.0,9.3,11.6,144.0,23.7,36,0.0,10.2
Hyderabad,17.385,78.4867,2026-01-09 18:00:00,50.1,48.0,596.0,14.3,12.8,129.0,23.2,37,0.0,8.1
Hyderabad,17.385,78.4867,2026-01-09 19:00:00,53.6,51.6,755.0,21.2,14.4,108.0,22.4,40,0.0,7.4
Hyderabad,17.385,78.4867,2026-01-09 20:00:00,55.3,53.3,847.0,26.1,15.8,91.0,21.1,42,0.0,8.2
Hyderabad,17.385,78.4867,2026-01-09 21:00:00,56.3,54.1,816.0,27.5,17.0,83.0,20.5,43,0.0,7.3
Hyderabad,17.385,78.4867,2026-01-09 22:00:00,57.3,54.8,719.0,27.0,17.9,80.0,20.1,44,0.0,6.5
Hyderabad,17.385,78.4867,2026-01-09 23:00:00,56.5,54.0,623.0,25.3,18.2,78.0,19.7,45,0.0,5.7
Hyderabad,17.385,78.4867,2026-01-10 00:00:00,52.5,50.1,547.0,21.9,17.5,77.0,19.5,45,0.0,7.4
Hyderabad,17.385,78.4867,2026-01-10 01:00:00,46.6,44.4,473.0,17.3,16.1,78.0,19.0,45,0.0,8.3
Hyderabad,17.385,78.4867,2026-01-10 02:00:00,38.2,36.3,417.0,13.4,14.7,78.0,18.3,45,0.0,9.4
Hyderabad,17.385,78.4867,2026-01-10 03:00:00,29.2,27.9,377.0,10.5,13.4,76.0,17.7,42,0.0,9.4
Hyderabad,17.385,78.4867,2026-01-10 04:00:00,23.1,22.2,354.0,8.3,12.1,74.0,17.4,40,0.0,9.0
Hyderabad,17.385,78.4867,2026-01-10 05:00:00,20.3,19.7,371.0,7.9,11.8,72.0,17.2,41,0.0,9.4
Hyderabad,17.385,78.4867,2026-01-10 06:00:00,19.0,18.4,470.0,9.8,11.8,72.0,17.2,42,0.0,9.5
Hyderabad,17.385,78.4867,2026-01-10 07:00:00,20.9,20.4,609.0,12.3,11.8,72.0,17.1,44,0.0,9.0
Hyderabad,17.385,78.4867,2026-01-10 08:00:00,23.4,22.8,681.0,13.1,12.0,79.0,18.3,45,0.0,7.3
Hyderabad,17.385,78.4867,2026-01-10 09:00:00,25.0,24.1,619.0,10.4,12.8,99.0,20.2,44,0.0,8.1
Hyderabad,17.385,78.4867,2026-01-10 10:00:00,27.1,25.9,489.0,6.0,13.8,125.0,22.2,38,0.0,10.3
Hyderabad,17.385,78.4867,2026-01-10 11:00:00,24.4,23.4,389.0,2.8,14.2,143.0,23.8,31,0.0,10.6
Hyderabad,17.385,78.4867,2026-01-10 12:00:00,22.1,21.1,353.0,1.9,13.3,148.0,24.9,26,0.0,10.8
Hyderabad,17.385,78.4867,2026-01-10 13:00:00,21.0,20.0,347.0,2.1,11.9,145.0,25.3,25,0.0,10.1
Hyderabad,17.385,78.4867,2026-01-10 14:00:00,20.1,19.2,356.0,3.0,10.7,139.0,25.5,24,0.0,9.6
Hyderabad,17.385,78.4867,2026-01-10 15:00:00,19.4,18.5,383.0,4.5,10.1,131.0,25.0,24,0.0,9.5
Hyderabad,17.385,78.4867,2026-01-10 16:00:00,18.9,18.0,425.0,6.8,9.9,121.0,24.3,25,0.0,9.5
Hyderabad,17.385,78.4867,2026-01-10 17:00:00,35.2,33.3,467.0,9.3,11.4,111.0,23.0,30,0.0,9.3
Hyderabad,17.385,78.4867,2026-01-10 18:00:00,37.5,36.0,501.0,12.2,12.3,102.0,22.5,30,0.0,8.7
Hyderabad,17.385,78.4867,2026-01-10 19:00:00,39.9,38.4,534.0,16.3,13.7,91.0,22.0,31,0.0,8.2
Hyderabad,17.385,78.4867,2026-01-10 20:00:00,43.0,41.6,572.0,20.0,15.2,80.0,21.3,34,0.0,7.7
Hyderabad,17.385,78.4867,2026-01-10 21:00:00,47.0,45.4,634.0,23.4,17.0,72.0,20.4,37,0.0,7.7
Hyderabad,17.385,78.4867,2026-01-10 22:00:00,50.8,48.9,701.0,26.4,18.8,66.0,19.6,41,0.0,6.7
Hyderabad,17.385,78.4867,2026-01-10 23:00:00,52.6,50.8,717.0,27.6,20.0,62.0,19.5,45,0.0,6.0
Hyderabad,17.385,78.4867,2026-01-11 00:00:00,51.6,49.7,639.0,25.6,19.9,61.0,19.1,47,0.0,5.6
Hyderabad,17.385,78.4867,2026-01-11 01:00:00,49.8,48.0,511.0,21.6,19.0,62.0,18.8,46,0.0,6.3
Hyderabad,17.385,78.4867,2026-01-11 02:00:00,48.8,46.8,411.0,18.1,18.4,63.0,18.6,46,0.0,6.2
Hyderabad,17.385,78.4867,2026-01-11 03:00:00,48.7,46.6,351.0,15.1,18.1,63.0,18.2,46,0.0,6.4
Hyderabad,17.385,78.4867,2026-01-11 04:00:00,50.1,47.8,319.0,12.5,18.1,64.0,17.9,45,0.0,6.4
Hyderabad,17.385,78.4867,2026-01-11 05:00:00,53.3,51.6,360.0,10.3,21.3,69.0,16.7,53,0.0,3.9
Hyderabad,17.385,78.4867,2026-01-11 06:00:00,57.2,55.3,558.0,14.4,23.2,67.0,17.2,50,0.0,6.6
Hyderabad,17.385,78.4867,2026-01-11 07:00:00,65.0,62.9,829.0,19.8,25.6,66.0,17.4,50,0.0,7.7
Hyderabad,17.385,78.4867,2026-01-11 08:00:00,56.3,54.8,962.0,21.9,26.4,72.0,19.1,44,0.0,4.8
Hyderabad,17.385,78.4867,2026-01-11 09:00:00,47.0,45.1,819.0,17.3,24.2,94.0,21.4,36,0.0,6.9
Hyderabad,17.385,78.4867,2026-01-11 10:00:00,40.3,38.2,538.0,9.3,20.3,123.0,23.3,31,0.0,7.6
Hyderabad,17.385,78.4867,2026-01-11 11:00:00,35.6,33.6,327.0,3.3,17.0,145.0,24.5,31,0.0,7.9
Hyderabad,17.385,78.4867,2026-01-11 12:00:00,33.4,31.7,274.0,1.5,15.0,153.0,25.5,30,0.0,8.0
Hyderabad,17.385,78.4867,2026-01-11 13:00:00,32.5,31.0,291.0,1.7,13.6,153.0,25.6,31,0.0,8.4
Hyderabad,17.385,78.4867,2026-01-11 14:00:00,32.5,31.1,323.0,2.5,12.7,151.0,25.4,33,0.0,8.3
Hyderabad,17.385,78.4867,2026-01-11 15:00:00,32.8,31.4,350.0,3.3,12.4,150.0,24.8,34,0.0,8.4
Hyderabad,17.385,78.4867,2026-01-11 16:00:00,33.6,32.4,392.0,4.8,12.7,147.0,24.6,35,0.0,8.8
Hyderabad,17.385,78.4867,2026-01-11 17:00:00,34.8,33.8,454.0,6.9,13.3,140.0,24.2,38,0.0,9.7
Hyderabad,17.385,78.4867,2026-01-11 18:00:00,38.3,37.4,551.0,10.6,14.3,127.0,23.5,41,0.0,8.7
Hyderabad,17.385,78.4867,2026-01-11 19:00:00,40.5,39.8,668.0,15.0,15.7,112.0,22.9,43,0.0,7.9
Hyderabad,17.385,78.4867,2026-01-11 20:00:00,41.4,40.7,762.0,17.8,16.6,99.0,22.5,44,0.0,7.7
Hyderabad,17.385,78.4867,2026-01-11 21:00:00,40.9,40.2,831.0,17.6,16.7,93.0,22.0,45,0.0,7.0
Hyderabad,17.385,78.4867,2026-01-11 22:00:00,39.7,39.1,879.0,15.7,16.4,90.0,21.4,47,0.0,5.8
Hyderabad,17.385,78.4867,2026-01-11 23:00:00,37.8,37.3,871.0,13.7,16.0,88.0,21.4,47,0.0,5.8
Hyderabad,17.385,78.4867,2026-01-12 00:00:00,35.6,35.0,766.0,11.8,15.5,88.0,21.2,47,0.0,5.8
Hyderabad,17.385,78.4867,2026-01-12 01:00:00,34.8,34.0,606.0,9.7,14.9,89.0,20.7,49,0.0,4.8
Hyderabad,17.385,78.4867,2026-01-12 02:00:00,34.5,33.6,487.0,8.0,14.5,91.0,20.3,51,0.0,4.2
Hyderabad,17.385,78.4867,2026-01-12 03:00:00,34.3,33.5,442.0,6.5,14.5,94.0,19.8,53,0.0,5.5
Hyderabad,17.385,78.4867,2026-01-12 04:00:00,34.2,33.3,438.0,5.4,14.7,97.0,19.3,55,0.0,4.7
Hyderabad,17.385,78.4867,2026-01-12 05:00:00,29.5,28.1,476.0,6.1,8.6,78.0,18.8,64,0.0,3.9
Hyderabad,17.385,78.4867,2026-01-12 06:00:00,30.3,28.9,599.0,9.9,9.6,74.0,19.1,63,0.0,5.2
Hyderabad,17.385,78.4867,2026-01-12 07:00:00,37.5,36.1,763.0,14.9,11.0,69.0,19.1,63,0.0,5.1
Hyderabad,17.385,78.4867,2026-01-12 08:00:00,31.1,30.0,838.0,17.2,11.8,71.0,20.6,57,0.0,4.5
Hyderabad,17.385,78.4867,2026-01-12 09:00:00,26.0,24.7,736.0,13.9,11.4,87.0,22.5,48,0.0,6.4
Hyderabad,17.385,78.4867,2026-01-12 10:00:00,25.6,24.3,545.0,7.8,10.3,110.0,24.2,42,0.0,9.1
Hyderabad,17.385,78.4867,2026-01-12 11:00:00,26.1,24.9,402.0,3.2,9.5,128.0,24.7,40,0.0,10.2
Hyderabad,17.385,78.4867,2026-01-12 12:00:00,26.2,25.1,365.0,1.7,9.2,136.0,25.8,37,0.0,9.9
Hyderabad,17.385,78.4867,2026-01-12 13:00:00,26.1,25.0,375.0,1.7,9.0,140.0,26.3,37,0.0,9.6
Hyderabad,17.385,78.4867,2026-01-12 14:00:00,26.3,25.3,393.0,2.2,9.1,141.0,26.6,37,0.0,9.5
Hyderabad,17.385,78.4867,2026-01-12 15:00:00,26.7,25.8,401.0,2.7,9.3,142.0,26.4,37,0.0,9.7
Hyderabad,17.385,78.4867,2026-01-12 16:00:00,27.8,27.0,416.0,3.8,9.8,141.0,25.9,38,0.0,9.9
Hyderabad,17.385,78.4867,2026-01-12 17:00:00,35.4,34.5,452.0,6.2,11.1,142.0,24.9,40,0.0,9.5
Hyderabad,17.385,78.4867,2026-01-12 18:00:00,39.5,38.6,528.0,9.9,12.4,131.0,24.4,41,0.0,9.2
Hyderabad,17.385,78.4867,2026-01-12 19:00:00,43.0,42.1,624.0,15.0,14.3,117.0,23.7,43,0.0,8.6
Hyderabad,17.385,78.4867,2026-01-12 20:00:00,45.3,44.5,696.0,18.1,15.7,106.0,22.9,46,0.0,7.2
Hyderabad,17.385,78.4867,2026-01-12 21:00:00,46.3,45.6,732.0,17.6,16.3,103.0,22.3,48,0.0,6.0
Hyderabad,17.385,78.4867,2026-01-12 22:00:00,46.3,45.5,745.0,15.2,16.5,104.0,21.8,50,0.0,5.9
Hyderabad,17.385,78.4867,2026-01-12 23:00:00,44.1,43.4,727.0,12.7,16.4,104.0,21.2,53,0.0,5.1
Hyderabad,17.385,78.4867,2026-01-13 00:00:00,40.4,39.8,658.0,10.5,15.7,101.0,21.4,53,0.0,5.1
Hyderabad,17.385,78.4867,2026-01-13 01:00:00,37.6,37.0,557.0,8.2,14.6,97.0,21.0,54,0.0,5.7
Hyderabad,17.385,78.4867,2026-01-13 02:00:00,36.2,35.6,479.0,6.6,14.0,94.0,20.6,55,0.0,5.9
Hyderabad,17.385,78.4867,2026-01-13 03:00:00,36.0,35.4,428.0,5.9,14.3,93.0,20.0,57,0.0,5.3
Hyderabad,17.385,78.4867,2026-01-13 04:00:00,36.4,35.7,399.0,5.9,15.0,93.0,19.4,61,0.0,5.2
Hyderabad,17.385,78.4867,2026-01-13 05:00:00,34.3,33.6,430.0,5.8,15.9,91.0,19.0,83,0.0,4.7
Hyderabad,17.385,78.4867,2026-01-13 06:00:00,35.7,34.9,590.0,8.0,17.6,93.0,19.3,83,0.0,3.9
Hyderabad,17.385,78.4867,2026-01-13 07:00:00,43.8,42.8,810.0,11.0,19.8,96.0,19.2,84,0.0,3.0
Hyderabad,17.385,78.4867,2026-01-13 08:00:00,40.7,39.6,924.0,12.2,20.7,103.0,20.7,77,0.0,3.6
Hyderabad,17.385,78.4867,2026-01-13 09:00:00,39.0,37.6,825.0,9.9,19.3,117.0,22.9,61,0.0,4.9
Hyderabad,17.385,78.4867,2026-01-13 10:00:00,34.6,33.4,619.0,5.9,16.7,134.0,24.9,50,0.0,5.6
Hyderabad,17.385,78.4867,2026-01-13 11:00:00,32.7,31.7,461.0,2.9,14.3,147.0,26.3,45,0.0,5.5
Hyderabad,17.385,78.4867,2026-01-13 12:00:00,31.4,30.4,413.0,1.9,12.6,151.0,27.6,41,0.0,4.8
Hyderabad,17.385,78.4867,2026-01-13 13:00:00,29.9,29.0,413.0,1.8,11.2,150.0,28.4,39,0.0,4.2
Hyderabad,17.385,78.4867,2026-01-13 14:00:00,28.6,27.8,423.0,2.2,10.3,148.0,29.1,37,0.0,4.6
Hyderabad,17.385,78.4867,2026-01-13 15:00:00,27.9,27.1,431.0,2.6,9.8,147.0,29.5,35,0.0,6.1
Hyderabad,17.385,78.4867,2026-01-13 16:00:00,28.2,27.4,450.0,3.6,9.8,145.0,28.6,39,0.0,9.1
Hyderabad,17.385,78.4867,2026-01-13 17:00:00,27.4,26.8,483.0,6.2,10.8,147.0,27.3,42,0.0,9.6
Hyderabad,17.385,78.4867,2026-01-13 18:00:00,35.2,34.6,534.0,11.1,12.1,132.0,26.8,43,0.0,8.3
Hyderabad,17.385,78.4867,2026-01-13 19:00:00,39.8,39.2,599.0,17.7,13.8,112.0,26.2,46,0.0,7.7
Hyderabad,17.385,78.4867,2026-01-13 20:00:00,43.1,42.5,670.0,22.4,15.3,97.0,25.3,50,0.0,7.5
Hyderabad,17.385,78.4867,2026-01-13 21:00:00,46.0,45.3,762.0,23.3,16.1,91.0,24.1,54,0.0,6.2
Hyderabad,17.385,78.4867,2026-01-13 22:00:00,49.0,48.2,860.0,22.3,16.6,89.0,23.2,57,0.0,5.7
Hyderabad,17.385,78.4867,2026-01-13 23:00:00,51.1,50.2,917.0,20.6,16.9,89.0,22.4,61,0.0,4.9
Hyderabad,17.385,78.4867,2026-01-14 00:00:00,51.7,50.6,897.0,18.5,16.7,91.0,22.2,62,0.0,4.9
Hyderabad,17.385,78.4867,2026-01-14 01:00:00,52.4,51.3,835.0,15.8,16.3,94.0,21.7,63,0.0,3.3
Hyderabad,17.385,78.4867,2026-01-14 02:00:00,53.2,52.0,791.0,13.5,16.2,98.0,21.3,65,0.0,3.9
Hyderabad,17.385,78.4867,2026-01-14 03:00:00,53.8,52.5,769.0,11.3,16.6,103.0,20.8,67,0.0,2.6
Hyderabad,17.385,78.4867,2026-01-14 04:00:00,54.4,53.1,765.0,9.4,17.3,109.0,20.3,69,0.0,0.8
Hyderabad,17.385,78.4867,2026-01-14 05:00:00,53.7,52.4,824.0,9.2,17.9,110.0,19.7,75,0.0,2.2
Hyderabad,17.385,78.4867,2026-01-14 06:00:00,58.0,56.7,1037.0,15.3,19.9,104.0,20.0,71,0.0,3.2
Hyderabad,17.385,78.4867,2026-01-14 07:00:00,69.8,68.5,1314.0,23.3,22.5,97.0,19.8,73,0.0,3.5
Hyderabad,17.385,78.4867,2026-01-14 08:00:00,61.2,60.3,1430.0,26.8,23.4,98.0,21.5,65,0.0,1.8
Hyderabad,17.385,78.4867,2026-01-14 09:00:00,48.0,46.8,1228.0,21.2,21.1,116.0,23.8,54,0.0,2.0
Hyderabad,17.385,78.4867,2026-01-14 10:00:00,42.6,41.6,864.0,11.0,17.1,143.0,25.7,44,0.0,2.4
Hyderabad,17.385,78.4867,2026-01-14 11:00:00,39.2,38.3,583.0,3.3,13.8,163.0,26.9,39,0.0,2.4
Hyderabad,17.385,78.4867,2026-01-14 12:00:00,36.3,35.5,488.0,1.2,12.1,169.0,28.4,35,0.0,2.5
Hyderabad,17.385,78.4867,2026-01-14 13:00:00,34.3,33.5,476.0,1.5,11.0,169.0,29.5,33,0.0,3.8
Hyderabad,17.385,78.4867,2026-01-14 14:00:00,34.5,33.8,480.0,2.5,10.3,166.0,29.6,32,0.0,7.2
Hyderabad,17.385,78.4867,2026-01-14 15:00:00,34.0,33.3,475.0,2.3,9.4,164.0,29.2,35,0.0,7.8
Hyderabad,17.385,78.4867,2026-01-14 16:00:00,35.2,34.5,486.0,2.6,8.9,161.0,28.9,36,0.1,7.2
Hyderabad,17.385,78.4867,2026-01-14 17:00:00,48.9,48.1,528.0,7.5,10.1,143.0,28.7,37,0.1,1.7
Hyderabad,17.385,78.4867,2026-01-14 18:00:00,58.7,57.9,616.0,13.8,11.5,125.0,27.6,40,0.0,5.0
Hyderabad,17.385,78.4867,2026-01-14 19:00:00,60.5,59.8,733.0,22.4,13.3,101.0,26.5,42,0.0,8.5
Hyderabad,17.385,78.4867,2026-01-14 20:00:00,61.7,61.2,848.0,28.4,15.0,83.0,25.6,46,0.0,7.1
Hyderabad,17.385,78.4867,2026-01-14 21:00:00,63.6,62.9,958.0,29.9,16.2,77.0,24.7,49,0.0,5.9
Hyderabad,17.385,78.4867,2026-01-14 22:00:00,65.4,64.7,1065.0,28.7,17.1,76.0,24.3,51,0.0,3.3
Hyderabad,17.385,78.4867,2026-01-14 23:00:00,65.2,64.5,1140.0,26.3,17.7,79.0,23.0,66,0.0,2.3
Hyderabad,17.385,78.4867,2026-01-15 00:00:00,61.0,60.1,1154.0,22.1,17.6,85.0,23.1,58,0.0,3.3
Hyderabad,17.385,78.4867,2026-01-15 01:00:00,58.0,57.3,1136.0,16.5,17.2,93.0,22.5,61,0.0,4.3
Hyderabad,17.385,78.4867,2026-01-15 02:00:00,56.5,55.6,1145.0,12.1,17.2,100.0,21.8,64,0.0,3.3
Hyderabad,17.385,78.4867,2026-01-15 03:00:00,55.6,54.7,1208.0,9.2,18.0,105.0,21.3,68,0.0,1.8
Hyderabad,17.385,78.4867,2026-01-15 04:00:00,54.8,54.0,1298.0,7.5,19.1,108.0,20.7,71,0.0,1.5
Hyderabad,17.385,78.4867,2026-01-15 05:00:00,55.1,54.2,1397.0,11.5,23.4,99.0,20.0,76,0.0,2.6
Hyderabad,17.385,78.4867,2026-01-15 06:00:00,58.6,57.6,1563.0,17.9,25.0,94.0,20.3,70,0.0,3.8
Hyderabad,17.385,78.4867,2026-01-15 07:00:00,69.2,68.2,1738.0,26.3,27.2,87.0,20.3,70,0.0,2.8
Hyderabad,17.385,78.4867,2026-01-15 08:00:00,59.3,58.4,1732.0,29.7,27.5,90.0,22.1,64,0.0,1.0
Hyderabad,17.385,78.4867,2026-01-15 09:00:00,46.4,45.4,1376.0,23.3,24.5,110.0,24.8,51,0.0,3.1
Hyderabad,17.385,78.4867,2026-01-15 10:00:00,43.1,42.3,840.0,11.9,19.8,139.0,26.6,42,0.0,5.5
Hyderabad,17.385,78.4867,2026-01-15 11:00:00,44.6,43.8,441.0,3.4,15.8,161.0,27.3,43,0.0,5.1
Hyderabad,17.385,78.4867,2026-01-15 12:00:00,44.5,43.7,327.0,1.0,13.4,167.0,28.1,42,0.0,3.3
Hyderabad,17.385,78.4867,2026-01-15 13:00:00,42.8,41.9,350.0,1.5,11.7,166.0,28.5,39,0.0,4.2
Hyderabad,17.385,78.4867,2026-01-15 14:00:00,42.4,41.4,384.0,2.5,10.5,163.0,28.8,38,0.0,6.1
Hyderabad,17.385,78.4867,2026-01-15 15:00:00,42.1,41.2,387.0,2.9,9.8,162.0,28.8,37,0.0,6.7
Hyderabad,17.385,78.4867,2026-01-15 16:00:00,41.9,41.0,401.0,4.0,9.6,160.0,28.7,37,0.0,7.4
Hyderabad,17.385,78.4867,2026-01-15 17:00:00,71.0,69.6,431.0,7.9,11.6,145.0,28.3,37,0.0,8.3
Hyderabad,17.385,78.4867,2026-01-15 18:00:00,74.7,73.6,485.0,11.4,13.1,133.0,27.3,42,0.0,8.3
Hyderabad,17.385,78.4867,2026-01-15 19:00:00,75.2,74.3,556.0,16.1,15.2,117.0,26.0,47,0.0,7.8
Hyderabad,17.385,78.4867,2026-01-15 20:00:00,74.3,73.3,623.0,19.3,17.0,105.0,24.8,52,0.0,7.5
Hyderabad,17.385,78.4867,2026-01-15 21:00:00,73.6,72.9,697.0,19.6,18.2,101.0,23.6,58,0.0,6.9
Hyderabad,17.385,78.4867,2026-01-15 22:00:00,74.5,73.6,768.0,18.4,19.2,100.0,22.9,61,0.0,6.9
Hyderabad,17.385,78.4867,2026-01-15 23:00:00,75.9,75.0,786.0,16.9,19.9,101.0,22.2,64,0.0,4.5
Hyderabad,17.385,78.4867,2026-01-16 00:00:00,76.6,75.4,704.0,15.5,20.3,102.0,22.0,64,0.0,4.4
Hyderabad,17.385,78.4867,2026-01-16 01:00:00,78.0,76.6,570.0,13.9,20.5,104.0,21.4,66,0.0,4.3
Hyderabad,17.385,78.4867,2026-01-16 02:00:00,79.4,78.0,470.0,12.5,20.8,106.0,20.9,67,0.0,5.7
Hyderabad,17.385,78.4867,2026-01-16 03:00:00,80.8,79.4,422.0,10.9,21.4,108.0,20.6,64,0.0,5.9
Hyderabad,17.385,78.4867,2026-01-16 04:00:00,81.7,80.1,410.0,9.5,22.2,111.0,20.3,61,0.0,4.9
Hyderabad,17.385,78.4867,2026-01-16 05:00:00,83.1,81.7,472.0,11.5,23.0,106.0,19.0,73,0.0,4.0
Hyderabad,17.385,78.4867,2026-01-16 06:00:00,81.3,79.9,699.0,15.4,23.3,103.0,19.6,68,0.0,6.4
Hyderabad,17.385,78.4867,2026-01-16 07:00:00,81.3,79.9,999.0,20.5,23.6,99.0,19.5,68,0.0,6.9
Hyderabad,17.385,78.4867,2026-01-16 08:00:00,73.8,73.1,1142.0,22.3,22.9,102.0,21.0,61,0.0,4.7
Hyderabad,17.385,78.4867,2026-01-16 09:00:00,59.1,58.1,969.0,17.4,20.4,118.0,23.4,47,0.0,6.3
Hyderabad,17.385,78.4867,2026-01-16 10:00:00,49.8,48.8,638.0,9.2,16.9,140.0,25.4,39,0.0,8.1
Hyderabad,17.385,78.4867,2026-01-16 11:00:00,46.4,45.2,387.0,3.1,14.1,157.0,26.6,39,0.0,7.2
Hyderabad,17.385,78.4867,2026-01-16 12:00:00,43.8,42.3,317.0,1.3,12.7,165.0,27.6,36,0.0,7.1
Hyderabad,17.385,78.4867,2026-01-16 13:00:00,41.3,39.7,327.0,1.7,11.9,167.0,28.3,33,0.0,7.4
Hyderabad,17.385,78.4867,2026-01-16 14:00:00,39.1,37.5,349.0,2.6,11.4,166.0,28.6,31,0.0,7.9
Hyderabad,17.385,78.4867,2026-01-16 15:00:00,37.6,36.0,359.0,3.1,10.7,162.0,28.7,29,0.0,8.3
Hyderabad,17.385,78.4867,2026-01-16 16:00:00,36.2,34.8,381.0,4.3,10.2,155.0,28.2,30,0.0,8.4
Hyderabad,17.385,78.4867,2026-01-16 17:00:00,53.3,51.5,427.0,8.5,11.6,145.0,27.4,31,0.0,7.6
Hyderabad,17.385,78.4867,2026-01-16 18:00:00,59.0,57.3,506.0,16.0,12.9,126.0,26.3,34,0.0,7.1
Hyderabad,17.385,78.4867,2026-01-16 19:00:00,61.7,60.1,607.0,26.4,14.8,99.0,25.2,39,0.0,5.0
Hyderabad,17.385,78.4867,2026-01-16 20:00:00,63.1,61.5,712.0,34.2,16.6,79.0,24.2,42,0.0,5.5
Hyderabad,17.385,78.4867,2026-01-16 21:00:00,63.8,62.2,844.0,37.1,18.3,72.0,23.2,44,0.0,5.5
Hyderabad,17.385,78.4867,2026-01-16 22:00:00,65.9,63.8,979.0,37.5,20.1,71.0,22.4,45,0.0,4.0
Hyderabad,17.385,78.4867,2026-01-16 23:00:00,67.3,65.2,1024.0,36.6,21.3,71.0,20.5,58,0.0,2.0
Hyderabad,17.385,78.4867,2026-01-17 00:00:00,65.9,63.8,904.0,34.5,21.7,71.0,21.0,50,0.0,3.3
Hyderabad,17.385,78.4867,2026-01-17 01:00:00,64.3,62.2,694.0,31.2,21.6,73.0,20.4,52,0.0,2.6
Hyderabad,17.385,78.4867,2026-01-17 02:00:00,63.8,61.7,525.0,27.8,21.8,76.0,19.9,52,0.0,3.1
Hyderabad,17.385,78.4867,2026-01-17 03:00:00,63.1,61.2,405.0,23.6,22.6,81.0,19.5,54,0.0,1.4
Hyderabad,17.385,78.4867,2026-01-17 04:00:00,61.5,59.6,327.0,19.3,23.8,87.0,18.9,55,0.0,1.9
Hyderabad,17.385,78.4867,2026-01-17 05:00:00,63.1,61.2,402.0,20.1,24.2,83.0,18.0,58,0.0,1.5
Hyderabad,17.385,78.4867,2026-01-17 06:00:00,60.5,58.8,810.0,26.7,26.8,81.0,18.1,58,0.0,3.1
Hyderabad,17.385,78.4867,2026-01-17 07:00:00,66.6,65.0,1371.0,35.2,30.3,78.0,18.5,54,0.0,3.5
Hyderabad,17.385,78.4867,2026-01-17 08:00:00,58.3,57.4,1653.0,38.0,32.0,84.0,20.6,47,0.0,4.0
Hyderabad,17.385,78.4867,2026-01-17 09:00:00,41.0,40.0,1373.0,29.4,30.5,106.0,23.7,36,0.0,4.1
Hyderabad,17.385,78.4867,2026-01-17 10:00:00,32.4,31.3,813.0,15.0,27.3,136.0,25.8,27,0.0,6.0
Hyderabad,17.385,78.4867,2026-01-17 11:00:00,29.8,28.6,391.0,4.2,24.1,158.0,27.0,23,0.0,5.3
Hyderabad,17.385,78.4867,2026-01-17 12:00:00,27.9,26.6,286.0,0.9,21.2,166.0,28.4,20,0.0,5.5
Hyderabad,17.385,78.4867,2026-01-17 13:00:00,26.3,25.2,319.0,1.3,18.3,166.0,29.2,19,0.0,6.0
Hyderabad,17.385,78.4867,2026-01-17 14:00:00,25.0,24.0,364.0,2.8,16.1,162.0,29.6,19,0.0,6.3
Hyderabad,17.385,78.4867,2026-01-17 15:00:00,24.2,23.5,358.0,4.3,14.8,156.0,29.6,19,0.0,6.8
Hyderabad,17.385,78.4867,2026-01-17 16:00:00,24.0,23.3,365.0,7.0,14.1,146.0,29.1,21,0.0,7.8
Hyderabad,17.385,78.4867,2026-01-17 17:00:00,28.3,27.5,452.0,11.8,13.7,131.0,28.3,24,0.0,8.7
Hyderabad,17.385,78.4867,2026-01-17 18:00:00,35.6,34.9,699.0,19.9,14.9,113.0,27.1,28,0.0,5.6
Hyderabad,17.385,78.4867,2026-01-17 19:00:00,39.9,39.3,1026.0,30.9,16.5,88.0,25.8,33,0.0,5.8
Hyderabad,17.385,78.4867,2026-01-17 20:00:00,41.8,41.3,1263.0,38.6,17.9,71.0,24.8,37,0.0,7.1
Hyderabad,17.385,78.4867,2026-01-17 21:00:00,42.5,42.0,1322.0,39.8,18.8,68.0,23.5,40,0.0,5.9
Hyderabad,17.385,78.4867,2026-01-17 22:00:00,44.0,43.5,1289.0,37.6,19.5,74.0,22.4,43,0.0,5.8
Hyderabad,17.385,78.4867,2026-01-17 23:00:00,45.8,45.3,1257.0,34.8,19.8,79.0,21.2,51,0.0,1.3
Hyderabad,17.385,78.4867,2026-01-18 00:00:00,45.9,45.4,1261.0,32.1,19.8,82.0,20.9,48,0.0,1.1
Hyderabad,17.385,78.4867,2026-01-18 01:00:00,46.1,45.6,1264.0,28.6,19.4,86.0,19.7,54,0.0,2.7
Hyderabad,17.385,78.4867,2026-01-18 02:00:00,45.1,44.5,1248.0,25.1,18.7,91.0,18.7,61,0.0,3.2
Hyderabad,17.385,78.4867,2026-01-18 03:00:00,43.1,42.5,1171.0,20.6,17.5,98.0,18.0,72,0.0,0.4
Hyderabad,17.385,78.4867,2026-01-18 04:00:00,40.9,40.3,1074.0,15.9,16.0,105.0,17.5,77,0.0,0.0
Hyderabad,17.385,78.4867,2026-01-18 05:00:00,57.4,56.8,1059.0,25.8,25.6,83.0,17.0,73,0.0,1.1
Hyderabad,17.385,78.4867,2026-01-18 06:00:00,53.6,53.0,1252.0,31.2,26.5,82.0,17.4,73,0.0,2.1
Hyderabad,17.385,78.4867,2026-01-18 07:00:00,59.8,59.3,1526.0,38.0,27.4,81.0,17.5,70,0.0,4.5
Hyderabad,17.385,78.4867,2026-01-18 08:00:00,57.5,57.0,1603.0,39.4,26.4,86.0,19.9,55,0.0,3.3
Hyderabad,17.385,78.4867,2026-01-18 09:00:00,30.2,29.7,1282.0,29.9,21.5,103.0,23.3,40,0.0,3.5
Hyderabad,17.385,78.4867,2026-01-18 10:00:00,21.8,21.4,764.0,14.8,14.7,126.0,26.3,27,0.0,5.4
Hyderabad,17.385,78.4867,2026-01-18 11:00:00,18.9,18.4,377.0,3.6,9.4,143.0,27.8,20,0.0,5.7
Hyderabad,17.385,78.4867,2026-01-18 12:00:00,15.8,15.4,268.0,0.1,7.2,148.0,29.0,17,0.0,4.7
Hyderabad,17.385,78.4867,2026-01-18 13:00:00,14.1,13.8,290.0,0.4,6.5,147.0,29.8,16,0.0,4.7
Hyderabad,17.385,78.4867,2026-01-18 14:00:00,13.1,12.9,327.0,2.2,6.3,142.0,30.2,15,0.0,5.5
Hyderabad,17.385,78.4867,2026-01-18 15:00:00,12.7,12.5,330.0,4.8,6.0,134.0,30.1,16,0.0,6.7
Hyderabad,17.385,78.4867,2026-01-18 16:00:00,12.7,12.5,348.0,8.8,6.1,123.0,29.7,17,0.0,7.0
Hyderabad,17.385,78.4867,2026-01-18 17:00:00,15.2,15.1,413.0,17.0,7.4,107.0,29.2,18,0.0,7.9
Hyderabad,17.385,78.4867,2026-01-18 18:00:00,25.7,25.7,554.0,25.9,9.8,93.0,27.7,22,0.0,6.3
Hyderabad,17.385,78.4867,2026-01-18 19:00:00,32.9,32.9,741.0,37.7,13.1,74.0,25.8,30,0.0,7.0
Hyderabad,17.385,78.4867,2026-01-18 20:00:00,37.5,37.4,917.0,44.2,15.6,63.0,24.5,34,0.0,3.0
Hyderabad,17.385,78.4867,2026-01-18 21:00:00,39.9,39.8,1095.0,40.4,16.4,67.0,23.5,37,0.0,3.1
Hyderabad,17.385,78.4867,2026-01-18 22:00:00,41.8,41.6,1261.0,31.1,16.4,79.0,22.7,39,0.0,6.0
Hyderabad,17.385,78.4867,2026-01-18 23:00:00,41.6,41.3,1317.0,22.6,16.1,89.0,21.8,43,0.0,5.7
Hyderabad,17.385,78.4867,2026-01-19 00:00:00,41.1,40.6,1179.0,16.6,15.6,94.0,21.2,45,0.0,6.4
Hyderabad,17.385,78.4867,2026-01-19 01:00:00,41.6,41.0,931.0,11.4,14.8,98.0,20.7,47,0.0,6.1
Hyderabad,17.385,78.4867,2026-01-19 02:00:00,42.4,41.7,722.0,7.5,13.8,101.0,20.4,50,0.0,6.3
Hyderabad,17.385,78.4867,2026-01-19 03:00:00,42.8,42.0,579.0,5.2,12.4,103.0,19.8,53,0.0,5.9
Hyderabad,17.385,78.4867,2026-01-19 04:00:00,42.7,41.9,476.0,4.3,10.7,104.0,19.1,57,0.0,5.6
Hyderabad,17.385,78.4867,2026-01-19 05:00:00,47.4,46.4,480.0,7.0,13.5,98.0,17.7,72,0.0,2.8
Hyderabad,17.385,78.4867,2026-01-19 06:00:00,47.8,46.9,705.0,11.1,13.3,94.0,18.5,67,0.0,5.2
Hyderabad,17.385,78.4867,2026-01-19 07:00:00,52.7,51.8,1037.0,16.4,13.0,88.0,18.5,68,0.0,6.0
Hyderabad,17.385,78.4867,2026-01-19 08:00:00,50.2,49.6,1202.0,18.7,12.3,90.0,20.0,62,0.0,4.5
Hyderabad,17.385,78.4867,2026-01-19 09:00:00,42.3,41.6,1025.0,14.8,10.9,106.0,22.9,52,0.0,5.3
Hyderabad,17.385,78.4867,2026-01-19 10:00:00,35.7,35.2,680.0,7.7,9.1,128.0,25.8,38,0.0,6.9
Hyderabad,17.385,78.4867,2026-01-19 11:00:00,28.9,28.5,415.0,2.4,7.6,145.0,27.5,31,0.0,6.5
Hyderabad,17.385,78.4867,2026-01-19 12:00:00,24.7,24.3,334.0,0.8,6.8,151.0,28.8,25,0.0,5.1
Hyderabad,17.385,78.4867,2026-01-19 13:00:00,23.7,23.2,333.0,1.0,6.4,152.0,29.4,22,0.0,4.8
Hyderabad,17.385,78.4867,2026-01-19 14:00:00,23.7,23.1,348.0,1.9,6.2,150.0,29.7,22,0.0,6.0
Hyderabad,17.385,78.4867,2026-01-19 15:00:00,23.9,23.2,359.0,2.8,6.1,148.0,29.6,23,0.0,7.1
Hyderabad,17.385,78.4867,2026-01-19 16:00:00,24.2,23.5,387.0,4.3,6.1,144.0,29.1,25,0.0,7.6
Hyderabad,17.385,78.4867,2026-01-19 17:00:00,24.0,23.7,429.0,7.0,6.8,136.0,27.8,30,0.0,9.8
Hyderabad,17.385,78.4867,2026-01-19 18:00:00,34.3,34.1,492.0,12.4,8.5,122.0,26.4,38,0.0,11.1
Hyderabad,17.385,78.4867,2026-01-19 19:00:00,41.2,40.9,570.0,19.7,10.9,103.0,25.6,43,0.0,9.4
Hyderabad,17.385,78.4867,2026-01-19 20:00:00,48.4,48.0,635.0,24.3,12.9,89.0,24.4,48,0.0,8.9
Hyderabad,17.385,78.4867,2026-01-19 21:00:00,54.5,54.0,689.0,23.8,14.1,85.0,23.5,50,0.0,7.5
Hyderabad,17.385,78.4867,2026-01-19 22:00:00,58.4,57.9,732.0,20.6,14.8,86.0,23.1,50,0.0,7.9
Hyderabad,17.385,78.4867,2026-01-19 23:00:00,58.3,57.6,734.0,17.1,14.9,88.0,22.3,55,0.0,6.9
Hyderabad,17.385,78.4867,2026-01-20 00:00:00,55.3,54.5,662.0,13.5,14.2,90.0,21.9,56,0.0,6.5
Hyderabad,17.385,78.4867,2026-01-20 01:00:00,52.2,51.3,551.0,9.6,13.0,93.0,20.9,59,0.0,7.3
Hyderabad,17.385,78.4867,2026-01-20 02:00:00,49.2,48.3,472.0,6.7,11.9,96.0,20.3,61,0.0,5.6
Hyderabad,17.385,78.4867,2026-01-20 03:00:00,47.4,46.4,436.0,5.0,11.0,98.0,19.9,63,0.0,4.0
Hyderabad,17.385,78.4867,2026-01-20 04:00:00,46.7,45.6,434.0,4.3,10.4,100.0,19.4,66,0.0,3.3
Hyderabad,17.385,78.4867,2026-01-20 05:00:00,50.9,49.6,508.0,6.7,11.9,100.0,18.7,78,0.0,1.2
Hyderabad,17.385,78.4867,2026-01-20 06:00:00,52.4,51.1,759.0,12.5,13.0,95.0,19.1,75,0.0,4.0
Hyderabad,17.385,78.4867,2026-01-20 07:00:00,58.4,57.0,1087.0,20.1,14.6,89.0,19.0,76,0.0,3.7
Hyderabad,17.385,78.4867,2026-01-20 08:00:00,58.1,57.0,1238.0,23.6,15.1,90.0,20.8,67,0.0,1.8
Hyderabad,17.385,78.4867,2026-01-20 09:00:00,48.0,46.8,1039.0,18.7,13.8,106.0,23.5,54,0.0,3.8
Hyderabad,17.385,78.4867,2026-01-20 10:00:00,43.8,42.4,664.0,9.5,11.6,130.0,25.8,41,0.0,6.2
Hyderabad,17.385,78.4867,2026-01-20 11:00:00,41.0,39.3,378.0,2.6,9.7,147.0,27.2,32,0.0,8.3
Hyderabad,17.385,78.4867,2026-01-20 12:00:00,36.8,35.2,296.0,0.7,8.7,153.0,28.1,29,0.0,8.8
Hyderabad,17.385,78.4867,2026-01-20 13:00:00,33.4,31.9,304.0,1.1,8.1,153.0,28.4,28,0.0,9.5
Hyderabad,17.385,78.4867,2026-01-20 14:00:00,31.1,29.7,325.0,2.0,7.7,150.0,28.4,29,0.0,10.1
Hyderabad,17.385,78.4867,2026-01-20 15:00:00,29.2,28.1,332.0,2.6,7.4,146.0,28.4,28,0.0,9.9
Hyderabad,17.385,78.4867,2026-01-20 16:00:00,27.9,27.0,351.0,3.7,7.4,140.0,28.0,30,0.0,10.3
Hyderabad,17.385,78.4867,2026-01-20 17:00:00,35.2,34.2,385.0,6.2,8.3,133.0,26.9,32,0.0,11.2
Hyderabad,17.385,78.4867,2026-01-20 18:00:00,40.7,39.9,443.0,9.6,9.6,122.0,26.3,34,0.0,10.4
Hyderabad,17.385,78.4867,2026-01-20 19:00:00,44.5,43.8,517.0,14.3,11.4,107.0,25.5,36,0.0,9.8
Hyderabad,17.385,78.4867,2026-01-20 20:00:00,47.7,47.0,576.0,17.2,12.9,96.0,24.6,39,0.0,9.1
Hyderabad,17.385,78.4867,2026-01-20 21:00:00,50.5,49.7,617.0,16.8,13.7,95.0,23.7,41,0.0,8.2
Hyderabad,17.385,78.4867,2026-01-20 22:00:00,53.4,52.5,645.0,14.7,14.0,99.0,22.9,44,0.0,7.6
Hyderabad,17.385,78.4867,2026-01-20 23:00:00,55.8,54.7,645.0,12.6,14.3,102.0,22.0,50,0.0,7.4
Hyderabad,17.385,78.4867,2026-01-21 00:00:00,57.0,55.9,595.0,11.2,14.5,100.0,21.4,52,0.0,7.6
Hyderabad,17.385,78.4867,2026-01-21 01:00:00,58.0,56.7,518.0,10.0,14.5,97.0,21.0,54,0.0,6.5
Hyderabad,17.385,78.4867,2026-01-21 02:00:00,57.9,56.6,463.0,8.8,14.4,94.0,20.0,57,0.0,9.0
Hyderabad,17.385,78.4867,2026-01-21 03:00:00,57.0,55.9,447.0,7.3,14.1,93.0,18.7,67,0.0,7.8
Hyderabad,17.385,78.4867,2026-01-21 04:00:00,56.3,55.3,454.0,5.8,13.6,93.0,18.0,78,0.0,7.2
Hyderabad,17.385,78.4867,2026-01-21 05:00:00,57.0,56.0,488.0,5.4,14.8,93.0,17.7,85,0.0,6.3
Hyderabad,17.385,78.4867,2026-01-21 06:00:00,57.2,56.0,584.0,7.8,15.8,95.0,17.9,85,0.0,7.0
Hyderabad,17.385,78.4867,2026-01-21 07:00:00,59.8,58.7,708.0,10.9,17.2,99.0,18.0,82,0.0,6.9
Hyderabad,17.385,78.4867,2026-01-21 08:00:00,58.4,57.3,761.0,12.2,17.7,106.0,19.5,71,0.0,7.3
Hyderabad,17.385,78.4867,2026-01-21 09:00:00,52.7,51.1,674.0,9.7,16.8,120.0,21.5,59,0.0,7.5
Hyderabad,17.385,78.4867,2026-01-21 10:00:00,47.5,46.0,517.0,5.4,15.0,138.0,24.1,44,0.0,9.2
Hyderabad,17.385,78.4867,2026-01-21 11:00:00,43.5,42.0,395.0,2.1,13.4,151.0,25.4,38,0.0,10.5
Hyderabad,17.385,78.4867,2026-01-21 12:00:00,39.8,38.4,352.0,1.1,12.2,154.0,26.6,33,0.0,11.1
Hyderabad,17.385,78.4867,2026-01-21 13:00:00,37.4,36.1,344.0,1.3,11.1,153.0,27.0,32,0.0,11.1
Hyderabad,17.385,78.4867,2026-01-21 14:00:00,36.2,34.8,351.0,1.8,10.4,150.0,27.1,32,0.0,10.6
Hyderabad,17.385,78.4867,2026-01-21 15:00:00,36.0,34.6,359.0,2.3,10.0,148.0,27.2,32,0.0,10.1
Hyderabad,17.385,78.4867,2026-01-21 16:00:00,35.9,34.5,382.0,3.3,9.9,146.0,26.8,32,0.0,10.0
Hyderabad,17.385,78.4867,2026-01-21 17:00:00,46.0,44.4,439.0,5.3,10.5,140.0,25.8,36,0.0,11.7
Hyderabad,17.385,78.4867,2026-01-21 18:00:00,50.4,49.1,564.0,8.9,11.7,129.0,25.4,38,0.0,10.8
Hyderabad,17.385,78.4867,2026-01-21 19:00:00,53.9,52.6,722.0,13.9,13.4,114.0,24.4,42,0.0,10.1
Hyderabad,17.385,78.4867,2026-01-21 20:00:00,55.9,54.5,828.0,17.1,14.6,103.0,23.5,43,0.0,9.7
Hyderabad,17.385,78.4867,2026-01-21 21:00:00,56.3,54.8,845.0,17.0,15.0,100.0,23.1,42,0.0,9.2
Hyderabad,17.385,78.4867,2026-01-21 22:00:00,56.8,55.2,809.0,15.2,15.0,101.0,22.8,42,0.0,8.4
Hyderabad,17.385,78.4867,2026-01-21 23:00:00,56.5,54.8,745.0,13.1,14.7,101.0,21.7,47,0.0,6.9
Hyderabad,17.385,78.4867,2026-01-22 00:00:00,54.0,52.4,637.0,11.1,14.0,98.0,21.1,49,0.0,9.5
Hyderabad,17.385,78.4867,2026-01-22 01:00:00,50.8,49.2,500.0,9.0,13.0,94.0,19.6,62,0.0,7.8
Hyderabad,17.385,78.4867,2026-01-22 02:00:00,47.5,45.8,406.0,7.3,12.1,91.0,18.8,69,0.0,6.4
Hyderabad,17.385,78.4867,2026-01-22 03:00:00,44.9,43.1,377.0,6.0,11.1,90.0,18.4,71,0.0,5.6
Hyderabad,17.385,78.4867,2026-01-22 04:00:00,43.5,41.6,390.0,5.2,10.2,91.0,18.0,72,0.0,5.8
Hyderabad,17.385,78.4867,2026-01-22 05:00:00,44.0,41.8,450.0,6.3,10.0,87.0,17.4,79,0.0,3.1
Hyderabad,17.385,78.4867,2026-01-22 06:00:00,43.4,41.1,611.0,10.4,10.6,83.0,18.1,71,0.0,6.0
Hyderabad,17.385,78.4867,2026-01-22 07:00:00,46.4,44.0,818.0,15.9,11.5,78.0,18.3,66,0.0,6.5
Hyderabad,17.385,78.4867,2026-01-22 08:00:00,46.4,44.7,912.0,18.2,12.0,81.0,20.0,57,0.0,5.2
Hyderabad,17.385,78.4867,2026-01-22 09:00:00,42.5,40.2,780.0,14.3,11.9,100.0,22.1,47,0.0,8.0
Hyderabad,17.385,78.4867,2026-01-22 10:00:00,43.1,40.9,534.0,7.3,11.5,127.0,24.0,38,0.0,9.4
Hyderabad,17.385,78.4867,2026-01-22 11:00:00,42.7,40.6,352.0,2.1,11.1,147.0,25.2,35,0.0,8.8
Hyderabad,17.385,78.4867,2026-01-22 12:00:00,41.8,39.8,311.0,0.7,10.9,153.0,26.3,31,0.0,9.0
Hyderabad,17.385,78.4867,2026-01-22 13:00:00,41.0,39.1,333.0,1.0,10.7,153.0,26.9,30,0.0,9.8
Hyderabad,17.385,78.4867,2026-01-22 14:00:00,40.5,38.8,362.0,1.8,10.6,151.0,27.0,30,0.0,10.5
Hyderabad,17.385,78.4867,2026-01-22 15:00:00,40.7,39.1,370.0,2.2,10.6,150.0,26.9,31,0.0,10.7
Hyderabad,17.385,78.4867,2026-01-22 16:00:00,41.1,39.5,385.0,3.1,10.7,148.0,26.3,33,0.0,10.9
Hyderabad,17.385,78.4867,2026-01-22 17:00:00,42.3,40.9,439.0,5.5,10.7,140.0,25.5,36,0.0,11.6
Hyderabad,17.385,78.4867,2026-01-22 18:00:00,48.0,46.8,572.0,10.4,12.1,126.0,24.8,38,0.0,10.8
Hyderabad,17.385,78.4867,2026-01-22 19:00:00,53.2,52.0,745.0,16.9,13.9,108.0,24.0,40,0.0,8.9
Hyderabad,17.385,78.4867,2026-01-22 20:00:00,55.9,54.6,865.0,21.0,15.3,94.0,23.3,43,0.0,7.6
Hyderabad,17.385,78.4867,2026-01-22 21:00:00,57.6,56.3,901.0,20.3,15.8,91.0,22.6,46,0.0,7.2
Hyderabad,17.385,78.4867,2026-01-22 22:00:00,59.3,57.9,885.0,17.1,15.9,92.0,22.2,46,0.0,7.6
Hyderabad,17.385,78.4867,2026-01-22 23:00:00,59.6,58.3,823.0,13.8,15.5,94.0,21.4,49,0.0,6.8
Hyderabad,17.385,78.4867,2026-01-23 00:00:00,58.1,56.8,684.0,10.8,14.5,93.0,20.8,51,0.0,8.3
Hyderabad,17.385,78.4867,2026-01-23 01:00:00,56.6,55.2,500.0,7.7,13.0,93.0,19.8,56,0.0,11.3
Hyderabad,17.385,78.4867,2026-01-23 02:00:00,54.9,53.3,373.0,5.3,11.8,93.0,19.0,70,0.0,11.3
Hyderabad,17.385,78.4867,2026-01-23 03:00:00,53.8,51.8,338.0,3.7,10.8,95.0,18.6,74,0.0,9.5
Hyderabad,17.385,78.4867,2026-01-23 04:00:00,53.3,51.1,358.0,2.9,10.1,97.0,18.2,75,0.0,7.6
Hyderabad,17.385,78.4867,2026-01-23 05:00:00,54.4,51.8,431.0,4.1,10.1,95.0,17.8,82,0.0,5.4
Hyderabad,17.385,78.4867,2026-01-23 06:00:00,56.1,53.4,611.0,8.3,11.4,93.0,18.0,79,0.0,6.7
Hyderabad,17.385,78.4867,2026-01-23 07:00:00,61.2,58.4,843.0,13.8,13.1,91.0,18.0,77,0.0,6.2
Hyderabad,17.385,78.4867,2026-01-23 08:00:00,59.8,57.9,953.0,16.4,14.1,95.0,19.6,68,0.0,4.6
Hyderabad,17.385,78.4867,2026-01-23 09:00:00,54.7,52.7,824.0,13.1,13.7,113.0,22.2,54,0.0,6.6
Hyderabad,17.385,78.4867,2026-01-23 10:00:00,51.5,49.7,573.0,6.9,12.5,137.0,24.3,40,0.0,7.9
Hyderabad,17.385,78.4867,2026-01-23 11:00:00,48.0,46.4,382.0,2.2,11.4,155.0,25.1,35,0.0,8.3
Hyderabad,17.385,78.4867,2026-01-23 12:00:00,44.8,43.3,329.0,0.9,10.4,160.0,26.2,31,0.0,7.9
Hyderabad,17.385,78.4867,2026-01-23 13:00:00,42.4,41.1,336.0,1.1,9.5,159.0,26.7,30,0.0,8.3
Hyderabad,17.385,78.4867,2026-01-23 14:00:00,40.4,39.2,352.0,1.9,8.9,156.0,26.8,29,0.0,8.5
Hyderabad,17.385,78.4867,2026-01-23 15:00:00,39.1,38.0,352.0,2.6,8.6,153.0,26.7,30,0.0,8.4
Hyderabad,17.385,78.4867,2026-01-23 16:00:00,38.1,37.0,362.0,3.7,8.6,147.0,26.3,31,0.0,9.3
Hyderabad,17.385,78.4867,2026-01-23 17:00:00,40.9,40.0,409.0,5.4,9.9,142.0,25.5,34,0.0,11.6
Hyderabad,17.385,78.4867,2026-01-23 18:00:00,45.8,44.9,525.0,10.3,11.4,129.0,24.8,35,0.0,10.8
Hyderabad,17.385,78.4867,2026-01-23 19:00:00,50.9,49.9,677.0,17.0,13.5,110.0,23.9,38,0.0,8.2
Hyderabad,17.385,78.4867,2026-01-23 20:00:00,54.6,53.7,799.0,21.4,15.2,97.0,23.3,39,0.0,5.8
Hyderabad,17.385,78.4867,2026-01-23 21:00:00,56.7,55.6,875.0,21.7,16.2,94.0,22.7,41,0.0,5.8
Hyderabad,17.385,78.4867,2026-01-23 22:00:00,58.6,57.5,920.0,19.8,16.7,95.0,22.2,43,0.0,6.7
Hyderabad,17.385,78.4867,2026-01-23 23:00:00,59.6,58.3,910.0,17.4,16.8,96.0,21.4,48,0.0,4.7
Hyderabad,17.385,78.4867,2026-01-24 00:00:00,58.7,57.4,803.0,14.7,16.1,94.0,21.0,50,0.0,6.7
Hyderabad,17.385,78.4867,2026-01-24 01:00:00,57.7,56.5,640.0,11.4,14.9,93.0,20.1,53,0.0,7.0
Hyderabad,17.385,78.4867,2026-01-24 02:00:00,57.2,55.8,521.0,8.9,14.0,91.0,19.1,59,0.0,6.4
Hyderabad,17.385,78.4867,2026-01-24 03:00:00,57.0,55.6,486.0,7.2,13.6,90.0,18.3,69,0.0,6.5
Hyderabad,17.385,78.4867,2026-01-24 04:00:00,57.5,56.0,494.0,6.3,13.6,90.0,17.7,82,0.0,6.4
Hyderabad,17.385,78.4867,2026-01-24 05:00:00,58.0,56.2,524.0,6.5,13.3,91.0,17.6,98,0.0,5.2
Hyderabad,17.385,78.4867,2026-01-24 06:00:00,59.3,57.4,594.0,9.8,14.7,91.0,17.9,96,0.0,6.1
Hyderabad,17.385,78.4867,2026-01-24 07:00:00,65.0,62.9,685.0,14.2,16.5,92.0,17.9,95,0.0,5.9
Hyderabad,17.385,78.4867,2026-01-24 08:00:00,62.6,61.0,725.0,16.0,17.3,99.0,18.9,88,0.0,7.2
Hyderabad,17.385,78.4867,2026-01-24 09:00:00,59.8,57.7,663.0,12.8,16.1,117.0,21.2,74,0.0,6.3
Hyderabad,17.385,78.4867,2026-01-24 10:00:00,54.6,52.9,549.0,7.0,13.9,140.0,23.3,59,0.0,6.6
Hyderabad,17.385,78.4867,2026-01-24 11:00:00,49.0,47.5,457.0,2.6,11.9,156.0,25.0,47,0.0,6.0
Hyderabad,17.385,78.4867,2026-01-24 12:00:00,43.8,42.5,415.0,1.3,10.5,159.0,26.4,38,0.0,6.1
Hyderabad,17.385,78.4867,2026-01-24 13:00:00,40.4,39.2,396.0,1.5,9.2,155.0,27.6,34,0.0,5.7
Hyderabad,17.385,78.4867,2026-01-24 14:00:00,36.3,35.4,390.0,2.1,8.3,149.0,28.2,31,0.0,6.6
Hyderabad,17.385,78.4867,2026-01-24 15:00:00,35.7,34.8,387.0,2.8,7.6,144.0,27.9,31,0.0,7.2
Hyderabad,17.385,78.4867,2026-01-24 16:00:00,35.2,34.2,398.0,4.0,7.3,138.0,27.3,33,0.0,9.7
Hyderabad,17.385,78.4867,2026-01-24 17:00:00,48.9,47.8,442.0,5.7,8.6,136.0,25.8,37,0.0,8.4
Hyderabad,17.385,78.4867,2026-01-24 18:00:00,55.6,54.8,551.0,9.4,10.2,125.0,24.9,41,0.0,11.2
Hyderabad,17.385,78.4867,2026-01-24 19:00:00,60.1,59.3,692.0,14.5,12.4,111.0,24.2,43,0.0,9.2
Hyderabad,17.385,78.4867,2026-01-24 20:00:00,62.2,61.2,793.0,17.5,14.2,101.0,23.7,44,0.0,7.9
Hyderabad,17.385,78.4867,2026-01-24 21:00:00,63.1,62.2,819.0,16.7,15.1,100.0,22.8,48,0.0,7.3
Hyderabad,17.385,78.4867,2026-01-24 22:00:00,64.5,63.6,804.0,14.0,15.6,104.0,21.7,56,0.0,6.2
Hyderabad,17.385,78.4867,2026-01-24 23:00:00,65.2,64.0,773.0,11.4,15.9,107.0,21.2,62,0.0,5.0
Hyderabad,17.385,78.4867,2026-01-25 00:00:00,65.0,63.6,726.0,9.5,16.1,109.0,20.9,63,0.0,4.8
Hyderabad,17.385,78.4867,2026-01-25 01:00:00,65.0,63.6,664.0,7.8,16.1,111.0,20.7,64,0.0,4.4
Hyderabad,17.385,78.4867,2026-01-25 02:00:00,65.0,63.6,613.0,6.5,16.1,112.0,20.3,66,0.0,3.6
Hyderabad,17.385,78.4867,2026-01-25 03:00:00,65.2,63.6,568.0,5.4,16.2,113.0,19.6,74,0.0,1.5
Hyderabad,17.385,78.4867,2026-01-25 04:00:00,65.2,63.6,535.0,4.7,16.3,113.0,19.2,76,0.0,0.7
Hyderabad,17.385,78.4867,2026-01-25 05:00:00,69.8,68.2,558.0,7.8,20.3,109.0,19.2,74,0.0,5.4
Hyderabad,17.385,78.4867,2026-01-25 06:00:00,68.7,67.3,707.0,11.0,21.5,106.0,19.3,74,0.0,7.0
Hyderabad,17.385,78.4867,2026-01-25 07:00:00,69.8,68.7,912.0,15.1,23.1,101.0,19.2,76,0.0,6.8
Hyderabad,17.385,78.4867,2026-01-25 08:00:00,65.7,64.7,1004.0,16.7,23.2,103.0,20.7,72,0.0,5.4
Hyderabad,17.385,78.4867,2026-01-25 09:00:00,55.5,54.0,868.0,13.2,20.7,117.0,23.0,62,0.0,6.6
Hyderabad,17.385,78.4867,2026-01-25 10:00:00,47.7,46.1,619.0,7.1,16.8,137.0,25.1,50,0.0,8.5
Hyderabad,17.385,78.4867,2026-01-25 11:00:00,42.8,41.3,430.0,2.6,13.3,149.0,26.2,46,0.0,8.9
Hyderabad,17.385,78.4867,2026-01-25 12:00:00,36.0,34.7,376.0,1.4,10.8,147.0,27.8,40,0.0,7.7
Hyderabad,17.385,78.4867,2026-01-25 13:00:00,30.6,29.5,382.0,1.7,8.7,138.0,28.4,38,0.0,7.5
Hyderabad,17.385,78.4867,2026-01-25 14:00:00,28.9,27.7,398.0,2.4,7.2,130.0,28.6,37,0.0,6.9
Hyderabad,17.385,78.4867,2026-01-25 15:00:00,27.9,26.7,408.0,3.3,6.3,125.0,28.6,36,0.0,6.7
Hyderabad,17.385,78.4867,2026-01-25 16:00:00,27.8,26.4,428.0,4.6,6.1,121.0,28.2,37,0.0,5.6
Hyderabad,17.385,78.4867,2026-01-25 17:00:00,36.8,35.3,457.0,6.7,7.1,119.0,26.3,47,0.0,9.6
Hyderabad,17.385,78.4867,2026-01-25 18:00:00,43.8,42.6,498.0,10.6,8.7,111.0,26.1,48,0.0,8.8
Hyderabad,17.385,78.4867,2026-01-25 19:00:00,49.0,48.0,547.0,15.8,11.0,101.0,25.6,50,0.0,9.1
Hyderabad,17.385,78.4867,2026-01-25 20:00:00,51.2,50.3,590.0,18.7,12.7,95.0,24.9,53,0.0,8.4
Hyderabad,17.385,78.4867,2026-01-25 21:00:00,51.8,50.9,639.0,17.1,13.5,97.0,24.0,56,0.0,8.6
Hyderabad,17.385,78.4867,2026-01-25 22:00:00,53.2,52.3,683.0,13.1,13.8,104.0,23.5,57,0.0,7.2
Hyderabad,17.385,78.4867,2026-01-25 23:00:00,54.5,53.4,674.0,9.6,13.7,108.0,22.4,62,0.0,9.1
Hyderabad,17.385,78.4867,2026-01-26 00:00:00,54.1,53.1,562.0,7.7,13.3,106.0,21.9,62,0.0,9.5
Hyderabad,17.385,78.4867,2026-01-26 01:00:00,52.5,51.3,398.0,6.2,12.6,102.0,21.1,64,0.0,8.7
Hyderabad,17.385,78.4867,2026-01-26 02:00:00,49.6,48.1,281.0,5.2,11.7,98.0,20.5,68,0.0,8.3
Hyderabad,17.385,78.4867,2026-01-26 03:00:00,46.4,44.6,252.0,4.3,10.5,95.0,20.0,70,0.0,8.0
Hyderabad,17.385,78.4867,2026-01-26 04:00:00,44.1,42.0,270.0,3.8,9.1,92.0,19.6,69,0.0,7.5
Hyderabad,17.385,78.4867,2026-01-26 05:00:00,42.1,39.8,317.0,4.5,8.6,90.0,20.1,70,0.0,9.5
Hyderabad,17.385,78.4867,2026-01-26 06:00:00,41.1,38.8,417.0,6.9,9.7,91.0,19.7,73,0.0,9.8
Hyderabad,17.385,78.4867,2026-01-26 07:00:00,43.1,41.0,545.0,10.0,11.3,93.0,19.6,77,0.0,8.5
Hyderabad,17.385,78.4867,2026-01-26 08:00:00,42.5,40.7,613.0,11.4,12.3,99.0,20.9,74,0.0,8.4
Hyderabad,17.385,78.4867,2026-01-26 09:00:00,39.1,37.5,561.0,9.4,12.5,114.0,22.9,63,0.0,8.7
Hyderabad,17.385,78.4867,2026-01-26 10:00:00,35.9,34.7,449.0,5.6,12.1,132.0,25.1,51,0.0,9.9
Hyderabad,17.385,78.4867,2026-01-26 11:00:00,33.6,32.5,365.0,2.7,11.5,146.0,25.7,51,0.0,9.4
Hyderabad,17.385,78.4867,2026-01-26 12:00:00,32.2,31.2,347.0,1.7,10.5,150.0,27.0,45,0.0,8.2
Hyderabad,17.385,78.4867,2026-01-26 13:00:00,31.0,29.9,358.0,1.7,9.2,149.0,28.3,40,0.0,7.0
Hyderabad,17.385,78.4867,2026-01-26 14:00:00,29.5,28.5,375.0,2.1,8.3,146.0,28.7,37,0.0,6.4
Hyderabad,17.385,78.4867,2026-01-26 15:00:00,28.4,27.4,385.0,2.9,8.0,143.0,28.6,36,0.0,6.1
Hyderabad,17.385,78.4867,2026-01-26 16:00:00,28.6,27.6,401.0,4.2,8.2,140.0,28.2,37,0.0,6.8
Hyderabad,17.385,78.4867,2026-01-26 17:00:00,39.3,38.0,435.0,4.8,8.6,131.0,27.1,42,0.0,9.7
Hyderabad,17.385,78.4867,2026-01-26 18:00:00,44.5,43.4,499.0,7.2,10.3,126.0,26.2,48,0.0,10.9
Hyderabad,17.385,78.4867,2026-01-26 19:00:00,47.4,46.4,581.0,10.4,12.6,118.0,25.7,49,0.0,8.9
Hyderabad,17.385,78.4867,2026-01-26 20:00:00,48.4,47.5,665.0,12.3,14.4,113.0,24.9,51,0.0,7.4
Hyderabad,17.385,78.4867,2026-01-26 21:00:00,48.4,47.5,776.0,11.7,15.4,112.0,24.2,53,0.0,7.0
Hyderabad,17.385,78.4867,2026-01-26 22:00:00,48.4,47.5,888.0,9.8,15.9,113.0,23.7,54,0.0,7.1
Hyderabad,17.385,78.4867,2026-01-26 23:00:00,47.8,46.9,909.0,8.1,15.9,112.0,23.0,59,0.0,6.7
Hyderabad,17.385,78.4867,2026-01-27 00:00:00,45.8,44.7,752.0,6.9,15.2,107.0,22.5,60,0.0,9.5
Hyderabad,17.385,78.4867,2026-01-27 01:00:00,43.0,41.9,504.0,5.9,13.9,100.0,21.2,68,0.0,9.2
Hyderabad,17.385,78.4867,2026-01-27 02:00:00,40.2,39.0,328.0,5.1,12.6,94.0,20.5,70,0.0,8.5
Hyderabad,17.385,78.4867,2026-01-27 03:00:00,38.5,37.1,292.0,4.2,11.3,92.0,20.2,67,0.0,7.5
Hyderabad,17.385,78.4867,2026-01-27 04:00:00,38.4,36.6,327.0,3.5,10.0,91.0,19.8,65,0.0,7.2
Hyderabad,17.385,78.4867,2026-01-27 05:00:00,38.8,36.8,394.0,4.2,10.0,89.0,19.5,71,0.0,6.8
Hyderabad,17.385,78.4867,2026-01-27 06:00:00,41.0,38.5,515.0,6.6,10.3,88.0,19.8,66,0.0,7.3
Hyderabad,17.385,78.4867,2026-01-27 07:00:00,45.5,42.8,668.0,9.9,10.6,86.0,20.0,64,0.0,7.2
Hyderabad,17.385,78.4867,2026-01-27 08:00:00,47.5,44.9,741.0,11.3,10.6,90.0,21.3,59,0.0,6.6
Hyderabad,17.385,78.4867,2026-01-27 09:00:00,48.5,45.2,657.0,9.1,9.9,104.0,23.4,52,0.0,7.6
Hyderabad,17.385,78.4867,2026-01-27 10:00:00,48.7,45.1,493.0,5.2,8.8,122.0,25.3,46,0.0,9.2
Hyderabad,17.385,78.4867,2026-01-27 11:00:00,47.5,44.1,370.0,2.2,7.9,136.0,26.5,42,0.0,9.8
Hyderabad,17.385,78.4867,2026-01-27 12:00:00,46.2,43.1,340.0,1.3,7.3,141.0,27.5,40,0.0,9.4
Hyderabad,17.385,78.4867,2026-01-27 13:00:00,44.7,41.8,352.0,1.4,6.8,142.0,28.7,37,0.0,6.0
Hyderabad,17.385,78.4867,2026-01-27 14:00:00,43.3,40.5,371.0,1.9,6.5,141.0,28.1,37,0.0,6.0
Hyderabad,17.385,78.4867,2026-01-27 15:00:00,41.7,39.0,385.0,2.6,6.2,139.0,28.1,37,0.0,6.5
Hyderabad,17.385,78.4867,2026-01-27 16:00:00,40.6,38.1,407.0,3.8,6.0,135.0,28.2,37,0.0,5.0
Hyderabad,17.385,78.4867,2026-01-27 17:00:00,39.0,36.7,441.0,5.8,6.7,130.0,27.4,40,0.0,9.5
Hyderabad,17.385,78.4867,2026-01-27 18:00:00,47.4,45.4,491.0,10.0,8.2,119.0,26.6,43,0.0,10.5
Hyderabad,17.385,78.4867,2026-01-27 19:00:00,51.6,49.6,553.0,15.7,10.2,104.0,25.6,48,0.0,10.4
Hyderabad,17.385,78.4867,2026-01-27 20:00:00,53.6,51.6,614.0,19.3,11.8,93.0,24.6,51,0.0,8.0
Hyderabad,17.385,78.4867,2026-01-27 21:00:00,55.3,53.1,691.0,18.9,12.5,91.0,24.3,51,0.0,6.2
Hyderabad,17.385,78.4867,2026-01-27 22:00:00,57.9,55.3,769.0,16.4,12.8,93.0,23.8,53,0.0,7.1
Hyderabad,17.385,78.4867,2026-01-27 23:00:00,59.8,56.8,786.0,13.8,12.8,95.0,22.8,57,0.0,7.9
Hyderabad,17.385,78.4867,2026-01-28 00:00:00,59.5,56.5,688.0,11.6,12.6,94.0,22.4,58,0.0,6.7
Hyderabad,17.385,78.4867,2026-01-28 01:00:00,59.1,56.0,530.0,9.2,12.1,91.0,22.0,59,0.0,6.9
Hyderabad,17.385,78.4867,2026-01-28 02:00:00,58.3,55.3,420.0,7.4,11.4,89.0,21.2,62,0.0,5.8
Hyderabad,17.385,78.4867,2026-01-28 03:00:00,57.5,54.4,391.0,6.1,10.4,87.0,20.6,65,0.0,3.7
Hyderabad,17.385,78.4867,2026-01-28 04:00:00,56.8,53.4,410.0,5.3,9.3,84.0,20.1,67,0.0,2.7
Hyderabad,17.385,78.4867,2026-01-28 05:00:00,54.7,51.1,483.0,5.4,8.8,82.0,19.1,75,0.0,2.4
Hyderabad,17.385,78.4867,2026-01-28 06:00:00,56.9,52.7,671.0,9.7,9.6,78.0,19.5,71,0.0,3.6
Hyderabad,17.385,78.4867,2026-01-28 07:00:00,63.8,59.1,913.0,15.3,10.6,73.0,19.5,71,0.0,3.3
Hyderabad,17.385,78.4867,2026-01-28 08:00:00,63.3,59.4,1036.0,17.9,11.0,76.0,21.2,62,0.0,1.9
Hyderabad,17.385,78.4867,2026-01-28 09:00:00,58.2,53.6,926.0,14.5,10.4,95.0,23.6,51,0.0,2.2
Hyderabad,17.385,78.4867,2026-01-28 10:00:00,55.1,50.4,697.0,8.0,9.1,121.0,25.8,44,0.0,2.7
Hyderabad,17.385,78.4867,2026-01-28 11:00:00,53.2,48.7,518.0,3.1,8.1,142.0,26.8,41,0.0,2.4
Hyderabad,17.385,78.4867,2026-01-28 12:00:00,51.5,46.9,461.0,1.6,7.5,152.0,28.8,35,0.0,1.1
Hyderabad,17.385,78.4867,2026-01-28 13:00:00,49.8,45.5,454.0,1.7,7.1,156.0,29.6,32,0.0,0.4
Hyderabad,17.385,78.4867,2026-01-28 14:00:00,47.8,43.9,452.0,2.3,6.8,157.0,30.1,29,0.0,1.7
Hyderabad,17.385,78.4867,2026-01-28 15:00:00,45.9,42.3,433.0,2.9,6.6,155.0,29.8,30,0.0,5.2
Hyderabad,17.385,78.4867,2026-01-28 16:00:00,45.5,42.3,420.0,4.1,6.6,150.0,28.8,34,0.0,9.7
Hyderabad,17.385,78.4867,2026-01-28 17:00:00,48.2,45.2,432.0,7.4,7.3,135.0,26.9,43,0.0,9.7
Hyderabad,17.385,78.4867,2026-01-28 18:00:00,53.3,50.9,485.0,10.7,8.6,123.0,27.0,42,0.0,6.5
Hyderabad,17.385,78.4867,2026-01-28 19:00:00,56.2,54.1,564.0,15.2,10.4,106.0,26.2,46,0.0,9.2
Hyderabad,17.385,78.4867,2026-01-28 20:00:00,57.4,55.3,645.0,17.9,11.9,94.0,24.9,51,0.0,9.1
Hyderabad,17.385,78.4867,2026-01-28 21:00:00,57.5,55.4,727.0,17.0,12.7,93.0,24.0,55,0.0,6.9
Hyderabad,17.385,78.4867,2026-01-28 22:00:00,59.0,56.9,811.0,14.3,13.2,96.0,23.5,56,0.0,6.0
Hyderabad,17.385,78.4867,2026-01-28 23:00:00,60.8,58.6,874.0,11.8,13.6,99.0,22.9,60,0.0,5.6
Hyderabad,17.385,78.4867,2026-01-29 00:00:00,62.2,59.5,906.0,10.2,14.0,99.0,22.6,62,0.0,5.4
Hyderabad,17.385,78.4867,2026-01-29 01:00:00,63.8,61.0,917.0,8.9,14.3,97.0,22.1,63,0.0,5.3
Hyderabad,17.385,78.4867,2026-01-29 02:00:00,65.0,61.9,911.0,7.9,14.5,96.0,21.6,66,0.0,6.5
Hyderabad,17.385,78.4867,2026-01-29 03:00:00,65.7,62.9,875.0,6.6,14.6,96.0,20.9,69,0.0,4.7
Hyderabad,17.385,78.4867,2026-01-29 04:00:00,66.4,63.3,824.0,5.5,14.6,96.0,20.5,72,0.0,3.3
Hyderabad,17.385,78.4867,2026-01-29 05:00:00,69.2,66.1,803.0,7.8,17.4,94.0,19.4,82,0.0,1.8
Hyderabad,17.385,78.4867,2026-01-29 06:00:00,71.0,67.8,867.0,12.7,18.5,91.0,19.9,78,0.0,4.7
Hyderabad,17.385,78.4867,2026-01-29 07:00:00,78.0,74.5,961.0,19.2,19.9,87.0,19.8,79,0.0,6.3
Hyderabad,17.385,78.4867,2026-01-29 08:00:00,74.5,71.9,974.0,21.9,20.1,90.0,20.9,75,0.0,5.8
Hyderabad,17.385,78.4867,2026-01-29 09:00:00,66.6,63.3,821.0,17.2,18.2,108.0,23.3,66,0.0,6.0
Hyderabad,17.385,78.4867,2026-01-29 10:00:00,63.1,59.6,587.0,8.8,15.2,133.0,25.6,53,0.0,7.3
Hyderabad,17.385,78.4867,2026-01-29 11:00:00,57.9,54.5,410.0,2.5,12.5,151.0,27.1,43,0.0,8.6
Hyderabad,17.385,78.4867,2026-01-29 12:00:00,52.4,49.1,351.0,0.8,10.7,156.0,28.3,35,0.0,9.0
Hyderabad,17.385,78.4867,2026-01-29 13:00:00,49.2,46.1,349.0,1.2,9.2,154.0,28.9,32,0.0,8.8
Hyderabad,17.385,78.4867,2026-01-29 14:00:00,47.6,44.6,360.0,2.0,8.3,150.0,29.2,31,0.0,9.0
Hyderabad,17.385,78.4867,2026-01-29 15:00:00,46.9,44.1,364.0,2.5,7.9,147.0,29.2,31,0.0,9.3
Hyderabad,17.385,78.4867,2026-01-29 16:00:00,46.7,43.9,381.0,3.5,8.0,144.0,28.8,30,0.0,9.6
Hyderabad,17.385,78.4867,2026-01-29 17:00:00,57.5,54.2,424.0,5.8,8.4,135.0,27.9,34,0.0,9.7
Hyderabad,17.385,78.4867,2026-01-29 18:00:00,62.6,59.8,519.0,9.6,9.8,122.0,27.1,39,0.0,10.7
Hyderabad,17.385,78.4867,2026-01-29 19:00:00,67.3,64.5,639.0,14.8,11.8,104.0,26.1,44,0.0,8.9
Hyderabad,17.385,78.4867,2026-01-29 20:00:00,70.1,67.5,723.0,18.1,13.4,92.0,25.0,50,0.0,8.1
Hyderabad,17.385,78.4867,2026-01-29 21:00:00,72.4,69.8,740.0,17.7,14.4,90.0,24.0,54,0.0,6.0
Hyderabad,17.385,78.4867,2026-01-29 22:00:00,75.2,72.4,720.0,15.3,15.1,93.0,23.2,58,0.0,6.5
Hyderabad,17.385,78.4867,2026-01-29 23:00:00,77.5,74.5,691.0,12.9,15.5,96.0,22.7,60,0.0,6.1
Hyderabad,17.385,78.4867,2026-01-30 00:00:00,78.7,75.4,654.0,10.9,15.6,96.0,22.3,61,0.0,5.4
Hyderabad,17.385,78.4867,2026-01-30 01:00:00,80.1,76.6,608.0,8.8,15.5,95.0,21.8,63,0.0,5.8
Hyderabad,17.385,78.4867,2026-01-30 02:00:00,81.3,77.5,577.0,7.2,15.3,94.0,21.4,64,0.0,6.1
Hyderabad,17.385,78.4867,2026-01-30 03:00:00,82.4,78.7,566.0,5.8,14.8,94.0,20.7,67,0.0,7.8
Hyderabad,17.385,78.4867,2026-01-30 04:00:00,83.8,80.1,570.0,4.8,14.2,94.0,20.1,70,0.0,4.8
Hyderabad,17.385,78.4867,2026-01-30 05:00:00,86.4,82.2,599.0,6.5,17.1,96.0,19.6,79,0.0,3.6
Hyderabad,17.385,78.4867,2026-01-30 06:00:00,89.2,84.8,688.0,11.6,18.3,92.0,19.6,79,0.0,9.7
Hyderabad,17.385,78.4867,2026-01-30 07:00:00,96.6,92.0,802.0,18.4,19.9,88.0,19.6,77,0.0,8.7
Hyderabad,17.385,78.4867,2026-01-30 08:00:00,93.1,89.6,844.0,21.4,20.2,90.0,20.2,76,0.0,7.0
Hyderabad,17.385,78.4867,2026-01-30 09:00:00,84.8,80.6,744.0,16.8,18.2,106.0,22.4,70,0.0,7.3
Hyderabad,17.385,78.4867,2026-01-30 10:00:00,74.5,71.0,571.0,8.4,15.1,129.0,24.8,58,0.0,7.9
Hyderabad,17.385,78.4867,2026-01-30 11:00:00,67.8,64.5,437.0,2.1,12.4,146.0,26.1,48,0.0,8.8
Hyderabad,17.385,78.4867,2026-01-30 12:00:00,64.5,61.2,386.0,0.5,10.8,150.0,27.5,40,0.0,9.5
Hyderabad,17.385,78.4867,2026-01-30 13:00:00,61.5,58.2,372.0,1.1,9.7,147.0,28.4,36,0.0,9.5
Hyderabad,17.385,78.4867,2026-01-30 14:00:00,60.1,56.6,373.0,2.0,9.0,144.0,28.6,34,0.0,9.8
Hyderabad,17.385,78.4867,2026-01-30 15:00:00,59.6,56.3,377.0,2.7,8.5,142.0,28.0,35,0.0,10.7
Hyderabad,17.385,78.4867,2026-01-30 16:00:00,59.5,56.1,395.0,3.7,8.4,138.0,27.4,37,0.0,10.5
Hyderabad,17.385,78.4867,2026-01-30 17:00:00,73.6,70.3,434.0,6.1,9.5,125.0,27.0,38,0.0,9.4
Hyderabad,17.385,78.4867,2026-01-30 18:00:00,77.1,74.3,509.0,8.6,10.9,117.0,26.5,40,0.0,10.1
Hyderabad,17.385,78.4867,2026-01-30 19:00:00,80.1,77.5,605.0,12.0,12.8,106.0,25.7,44,0.0,10.3
Hyderabad,17.385,78.4867,2026-01-30 20:00:00,82.2,79.6,682.0,14.3,14.5,98.0,24.6,48,0.0,7.4
Hyderabad,17.385,78.4867,2026-01-30 21:00:00,83.8,81.0,736.0,14.5,15.7,96.0,24.0,50,0.0,6.7
Hyderabad,17.385,78.4867,2026-01-30 22:00:00,85.9,82.9,771.0,13.6,16.7,97.0,23.8,49,0.0,7.6
Hyderabad,17.385,78.4867,2026-01-30 23:00:00,87.1,83.8,762.0,12.3,17.3,97.0,23.0,55,0.0,7.0
Hyderabad,17.385,78.4867,2026-01-31 00:00:00,86.4,83.1,676.0,10.7,17.5,95.0,22.4,57,0.0,6.7
Hyderabad,17.385,78.4867,2026-01-31 01:00:00,85.2,81.7,546.0,8.8,17.3,93.0,21.5,61,0.0,5.8
Hyderabad,17.385,78.4867,2026-01-31 02:00:00,83.1,79.9,449.0,7.3,17.1,91.0,20.5,65,0.0,8.5
Hyderabad,17.385,78.4867,2026-01-31 03:00:00,81.0,78.0,410.0,6.1,16.8,91.0,19.6,71,0.0,7.9
Hyderabad,17.385,78.4867,2026-01-31 04:00:00,79.6,76.4,405.0,5.4,16.5,91.0,19.0,76,0.0,7.0
Hyderabad,17.385,78.4867,2026-01-31 05:00:00,75.0,72.4,436.0,5.5,17.4,90.0,18.7,82,0.0,5.8
Hyderabad,17.385,78.4867,2026-01-31 06:00:00,73.6,71.2,543.0,7.9,18.9,92.0,18.9,79,0.0,6.0
Hyderabad,17.385,78.4867,2026-01-31 07:00:00,73.8,71.7,686.0,11.1,20.8,96.0,19.0,75,0.0,6.7
Hyderabad,17.385,78.4867,2026-01-31 08:00:00,68.9,67.3,755.0,12.3,21.2,103.0,20.5,64,0.0,6.4
Hyderabad,17.385,78.4867,2026-01-31 09:00:00,61.9,60.1,673.0,9.7,18.9,117.0,22.7,53,0.0,7.8
Hyderabad,17.385,78.4867,2026-01-31 10:00:00,62.9,60.1,517.0,5.2,15.1,134.0,24.6,46,0.0,9.6
Hyderabad,17.385,78.4867,2026-01-31 11:00:00,60.5,57.7,398.0,1.9,12.0,147.0,25.6,42,0.0,10.0
Hyderabad,17.385,78.4867,2026-01-31 12:00:00,56.7,53.9,365.0,1.0,10.4,150.0,26.8,38,0.0,10.5
Hyderabad,17.385,78.4867,2026-01-31 13:00:00,53.3,50.5,370.0,1.2,9.4,149.0,27.4,37,0.0,10.4
Hyderabad,17.385,78.4867,2026-01-31 14:00:00,51.0,48.3,384.0,1.8,8.9,147.0,27.7,36,0.0,9.9
Hyderabad,17.385,78.4867,2026-01-31 15:00:00,49.8,47.4,396.0,2.2,8.8,147.0,27.7,37,0.0,9.9
Hyderabad,17.385,78.4867,2026-01-31 16:00:00,49.6,47.3,417.0,3.0,9.0,146.0,27.4,38,0.0,10.0
Hyderabad,17.385,78.4867,2026-01-31 17:00:00,61.7,59.1,454.0,5.0,9.6,136.0,26.6,39,0.0,10.8
Hyderabad,17.385,78.4867,2026-01-31 18:00:00,65.9,63.8,512.0,8.3,10.5,124.0,25.9,42,0.0,10.9
Hyderabad,17.385,78.4867,2026-01-31 19:00:00,70.3,68.2,586.0,12.8,11.7,108.0,24.9,46,0.0,9.3
Hyderabad,17.385,78.4867,2026-01-31 20:00:00,73.6,71.5,665.0,15.8,12.8,96.0,24.2,47,0.0,7.8
Hyderabad,17.385,78.4867,2026-01-31 21:00:00,77.1,74.7,777.0,16.1,13.5,91.0,23.8,48,0.0,5.2
Hyderabad,17.385,78.4867,2026-01-31 22:00:00,80.3,77.8,895.0,14.9,14.1,90.0,23.4,50,0.0,5.2
Hyderabad,17.385,78.4867,2026-01-31 23:00:00,82.2,79.6,928.0,13.5,14.2,89.0,22.1,59,0.0,2.9
Hyderabad,17.385,78.4867,2026-02-01 00:00:00,81.7,79.2,799.0,12.0,13.8,86.0,22.0,58,0.0,4.6
Hyderabad,17.385,78.4867,2026-02-01 01:00:00,80.1,77.3,584.0,10.3,12.9,83.0,20.9,64,0.0,6.8
Hyderabad,17.385,78.4867,2026-02-01 02:00:00,77.1,74.0,428.0,8.9,12.2,81.0,19.7,73,0.0,5.6
Hyderabad,17.385,78.4867,2026-02-01 03:00:00,73.6,70.3,384.0,7.7,11.6,81.0,18.9,81,0.0,4.8
Hyderabad,17.385,78.4867,2026-02-01 04:00:00,71.5,68.0,399.0,7.0,11.0,81.0,18.2,87,0.0,6.2
Hyderabad,17.385,78.4867,2026-02-01 05:00:00,73.3,69.8,450.0,8.3,11.6,78.0,17.8,93,0.0,6.3
Hyderabad,17.385,78.4867,2026-02-01 06:00:00,74.0,70.3,570.0,11.9,12.3,77.0,17.8,94,0.0,5.2
Hyderabad,17.385,78.4867,2026-02-01 07:00:00,81.3,77.3,726.0,16.6,13.2,76.0,18.0,92,0.0,4.7
Hyderabad,17.385,78.4867,2026-02-01 08:00:00,73.8,70.5,803.0,18.4,13.7,82.0,19.7,82,0.0,2.8
Hyderabad,17.385,78.4867,2026-02-01 09:00:00,69.4,65.4,722.0,14.3,13.2,101.0,22.0,67,0.0,4.4
Hyderabad,17.385,78.4867,2026-02-01 10:00:00,70.8,66.8,560.0,7.3,12.3,126.0,24.1,55,0.0,6.4
Hyderabad,17.385,78.4867,2026-02-01 11:00:00,70.5,66.8,435.0,2.1,11.4,145.0,25.5,46,0.0,8.1
Hyderabad,17.385,78.4867,2026-02-01 12:00:00,68.5,65.0,393.0,0.8,10.8,151.0,26.9,39,0.0,9.8
Hyderabad,17.385,78.4867,2026-02-01 13:00:00,66.4,63.3,386.0,1.2,10.3,151.0,27.5,38,0.0,10.4
Hyderabad,17.385,78.4867,2026-02-01 14:00:00,64.7,61.5,393.0,2.0,10.0,150.0,27.7,38,0.0,10.3
Hyderabad,17.385,78.4867,2026-02-01 15:00:00,64.0,61.0,401.0,2.4,9.9,150.0,27.7,38,0.0,9.4
Hyderabad,17.385,78.4867,2026-02-01 16:00:00,63.6,60.8,422.0,3.2,10.0,148.0,27.4,38,0.0,9.1
Hyderabad,17.385,78.4867,2026-02-01 17:00:00,77.8,74.5,467.0,5.3,9.7,135.0,26.4,41,0.0,9.9
Hyderabad,17.385,78.4867,2026-02-01 18:00:00,82.7,79.9,545.0,9.3,10.8,123.0,25.8,42,0.0,9.4
Hyderabad,17.385,78.4867,2026-02-01 19:00:00,88.5,85.4,647.0,14.8,12.4,106.0,24.9,45,0.0,8.1
Hyderabad,17.385,78.4867,2026-02-01 20:00:00,93.4,90.3,760.0,18.8,13.7,93.0,24.2,48,0.0,6.7
Hyderabad,17.385,78.4867,2026-02-01 21:00:00,97.8,94.5,894.0,20.0,14.6,89.0,23.4,51,0.0,5.6
Hyderabad,17.385,78.4867,2026-02-01 22:00:00,102.9,99.2,1039.0,19.7,15.3,88.0,22.7,54,0.0,5.6
Hyderabad,17.385,78.4867,2026-02-01 23:00:00,107.1,102.7,1146.0,18.9,15.8,89.0,21.6,63,0.0,3.3
Hyderabad,17.385,78.4867,2026-02-02 00:00:00,109.0,104.3,1204.0,17.8,16.1,90.0,21.4,64,0.0,3.4
Hyderabad,17.385,78.4867,2026-02-02 01:00:00,111.5,106.4,1224.0,16.3,16.1,92.0,20.7,67,0.0,1.9
Hyderabad,17.385,78.4867,2026-02-02 02:00:00,114.3,109.0,1192.0,15.0,16.3,93.0,19.9,73,0.0,0.5
Hyderabad,17.385,78.4867,2026-02-02 03:00:00,116.6,111.3,1052.0,13.6,16.7,94.0,19.1,75,0.0,5.3
Hyderabad,17.385,78.4867,2026-02-02 04:00:00,118.0,112.7,860.0,12.5,17.2,94.0,18.8,77,0.0,0.4
Hyderabad,17.385,78.4867,2026-02-02 05:00:00,111.8,106.4,770.0,11.4,16.3,95.0,18.2,86,0.0,0.6
Hyderabad,17.385,78.4867,2026-02-02 06:00:00,114.8,109.4,916.0,16.3,17.3,90.0,18.3,85,0.0,1.8
Hyderabad,17.385,78.4867,2026-02-02 07:00:00,124.3,119.0,1165.0,22.7,18.5,84.0,18.2,86,0.0,2.9
Hyderabad,17.385,78.4867,2026-02-02 08:00:00,112.5,108.7,1268.0,25.1,18.8,86.0,20.2,72,0.0,4.5
Hyderabad,17.385,78.4867,2026-02-02 09:00:00,97.3,92.7,1066.0,19.3,17.1,104.0,22.2,67,0.0,5.4
Hyderabad,17.385,78.4867,2026-02-02 10:00:00,89.2,85.0,718.0,9.5,14.4,130.0,24.3,58,0.0,6.2
Hyderabad,17.385,78.4867,2026-02-02 11:00:00,78.2,74.5,453.0,2.2,12.2,149.0,25.7,48,0.0,7.7
Hyderabad,17.385,78.4867,2026-02-02 12:00:00,71.2,68.0,373.0,0.3,11.0,155.0,27.2,38,0.0,9.0
Hyderabad,17.385,78.4867,2026-02-02 13:00:00,68.5,65.4,376.0,1.0,10.3,154.0,27.9,35,0.0,9.9
Hyderabad,17.385,78.4867,2026-02-02 14:00:00,66.1,63.1,391.0,2.0,9.8,152.0,28.1,36,0.0,10.5
Hyderabad,17.385,78.4867,2026-02-02 15:00:00,65.0,62.2,392.0,2.5,9.2,150.0,28.2,35,0.0,9.9
Hyderabad,17.385,78.4867,2026-02-02 16:00:00,64.7,61.9,405.0,3.3,8.8,147.0,27.9,36,0.0,10.0
Hyderabad,17.385,78.4867,2026-02-02 17:00:00,76.6,73.8,438.0,5.6,7.6,128.0,26.5,43,0.0,11.5
Hyderabad,17.385,78.4867,2026-02-02 18:00:00,81.0,78.7,501.0,9.0,8.9,118.0,25.9,46,0.0,10.2
Hyderabad,17.385,78.4867,2026-02-02 19:00:00,86.6,84.3,584.0,13.6,10.8,104.0,25.4,48,0.0,7.9
Hyderabad,17.385,78.4867,2026-02-02 20:00:00,90.8,88.5,668.0,16.8,12.4,94.0,24.8,51,0.0,6.8
Hyderabad,17.385,78.4867,2026-02-02 21:00:00,94.5,92.2,764.0,17.2,13.6,93.0,23.9,55,0.0,5.0
Hyderabad,17.385,78.4867,2026-02-02 22:00:00,99.0,95.9,861.0,16.2,14.5,96.0,23.1,58,0.0,4.9
Hyderabad,17.385,78.4867,2026-02-02 23:00:00,102.4,99.2,910.0,14.7,15.1,98.0,22.0,68,0.0,1.7
Hyderabad,17.385,78.4867,2026-02-03 00:00:00,104.1,100.4,880.0,12.8,15.3,98.0,22.2,64,0.0,2.8
Hyderabad,17.385,78.4867,2026-02-03 01:00:00,104.5,100.8,802.0,10.3,15.1,98.0,21.6,67,0.0,3.5
Hyderabad,17.385,78.4867,2026-02-03 02:00:00,102.7,99.0,722.0,8.2,14.5,98.0,20.8,71,0.0,8.1
Hyderabad,17.385,78.4867,2026-02-03 03:00:00,100.1,96.9,638.0,6.4,13.2,97.0,19.9,79,0.0,7.0
Hyderabad,17.385,78.4867,2026-02-03 04:00:00,98.3,95.2,552.0,4.9,11.5,95.0,19.2,87,0.0,6.9
Hyderabad,17.385,78.4867,2026-02-03 05:00:00,102.9,99.4,521.0,5.9,13.9,93.0,18.3,94,0.0,5.5
Hyderabad,17.385,78.4867,2026-02-03 06:00:00,102.0,98.7,603.0,7.9,14.3,97.0,18.5,94,0.0,5.6
Hyderabad,17.385,78.4867,2026-02-03 07:00:00,103.1,100.1,739.0,10.4,14.8,104.0,18.5,94,0.0,6.3
Hyderabad,17.385,78.4867,2026-02-03 08:00:00,97.8,95.2,807.0,11.4,15.2,115.0,19.7,81,0.0,5.0
Hyderabad,17.385,78.4867,2026-02-03 09:00:00,81.5,78.9,731.0,9.2,15.6,133.0,21.8,64,0.0,5.6
Hyderabad,17.385,78.4867,2026-02-03 10:00:00,69.8,67.5,587.0,5.3,15.9,155.0,24.0,51,0.0,6.7
Hyderabad,17.385,78.4867,2026-02-03 11:00:00,64.5,62.4,474.0,2.4,15.9,170.0,25.2,47,0.0,7.2
Hyderabad,17.385,78.4867,2026-02-03 12:00:00,61.2,59.3,432.0,1.5,15.1,173.0,26.7,41,0.0,8.3
Hyderabad,17.385,78.4867,2026-02-03 13:00:00,58.7,56.9,421.0,1.6,14.0,170.0,27.4,38,0.0,9.1
Hyderabad,17.385,78.4867,2026-02-03 14:00:00,56.2,54.5,421.0,2.0,13.1,165.0,28.1,36,0.0,8.5
Hyderabad,17.385,78.4867,2026-02-03 15:00:00,54.4,52.7,427.0,2.4,12.6,162.0,27.8,36,0.0,8.5
Hyderabad,17.385,78.4867,2026-02-03 16:00:00,53.3,51.8,443.0,3.2,12.3,157.0,27.0,39,0.0,9.2
Hyderabad,17.385,78.4867,2026-02-03 17:00:00,67.3,65.7,467.0,5.5,10.4,144.0,26.3,42,0.0,11.5
Hyderabad,17.385,78.4867,2026-02-03 18:00:00,70.8,69.4,494.0,8.2,11.7,134.0,25.9,43,0.0,11.2
Hyderabad,17.385,78.4867,2026-02-03 19:00:00,74.0,72.6,529.0,11.9,13.6,121.0,25.3,44,0.0,10.1
Hyderabad,17.385,78.4867,2026-02-03 20:00:00,76.4,75.0,580.0,14.4,15.1,110.0,24.5,48,0.0,7.9
Hyderabad,17.385,78.4867,2026-02-03 21:00:00,77.8,76.4,681.0,14.5,16.1,106.0,23.8,51,0.0,8.1
Hyderabad,17.385,78.4867,2026-02-03 22:00:00,78.5,76.8,798.0,13.4,16.9,104.0,23.4,52,0.0,6.5
Hyderabad,17.385,78.4867,2026-02-03 23:00:00,76.8,75.2,835.0,12.0,17.1,103.0,22.8,59,0.0,5.6
Hyderabad,17.385,78.4867,2026-02-04 00:00:00,72.2,70.5,714.0,10.4,16.5,100.0,22.5,60,0.0,5.6
Hyderabad,17.385,78.4867,2026-02-04 01:00:00,67.5,65.9,513.0,8.5,15.4,96.0,21.7,63,0.0,9.8
Hyderabad,17.385,78.4867,2026-02-04 02:00:00,63.6,61.7,368.0,7.0,14.3,94.0,20.3,74,0.0,7.5
Hyderabad,17.385,78.4867,2026-02-04 03:00:00,60.1,58.1,341.0,5.8,13.3,93.0,19.7,79,0.0,7.5
Hyderabad,17.385,78.4867,2026-02-04 04:00:00,56.8,54.6,371.0,4.9,12.4,92.0,19.0,85,0.0,7.1
Hyderabad,17.385,78.4867,2026-02-04 05:00:00,55.5,53.3,412.0,4.4,15.0,101.0,18.4,93,0.0,8.1
Hyderabad,17.385,78.4867,2026-02-04 06:00:00,58.9,56.3,461.0,6.5,16.9,103.0,18.4,92,0.0,7.5
Hyderabad,17.385,78.4867,2026-02-04 07:00:00,64.5,61.7,521.0,9.4,19.4,106.0,18.6,89,0.0,8.8
Hyderabad,17.385,78.4867,2026-02-04 08:00:00,66.1,62.9,552.0,10.6,20.6,112.0,19.9,81,0.0,9.7
Hyderabad,17.385,78.4867,2026-02-04 09:00:00,60.5,57.0,529.0,8.6,19.1,124.0,21.7,69,0.0,8.5
Hyderabad,17.385,78.4867,2026-02-04 10:00:00,54.9,51.8,478.0,5.0,16.3,140.0,24.1,52,0.0,8.8
Hyderabad,17.385,78.4867,2026-02-04 11:00:00,53.6,50.8,435.0,2.3,14.0,151.0,25.5,42,0.0,9.6
Hyderabad,17.385,78.4867,2026-02-04 12:00:00,54.2,51.8,412.0,1.5,13.1,156.0,26.9,38,0.0,9.1
Hyderabad,17.385,78.4867,2026-02-04 13:00:00,55.2,52.9,397.0,1.5,12.7,156.0,27.8,34,0.0,8.9
Hyderabad,17.385,78.4867,2026-02-04 14:00:00,55.6,53.4,393.0,2.0,12.5,155.0,28.1,33,0.0,9.4
Hyderabad,17.385,78.4867,2026-02-04 15:00:00,55.8,53.6,394.0,2.6,12.1,153.0,28.2,32,0.0,9.9
Hyderabad,17.385,78.4867,2026-02-04 16:00:00,55.9,53.8,406.0,3.6,11.9,149.0,27.7,34,0.0,9.9
Hyderabad,17.385,78.4867,2026-02-04 17:00:00,68.2,65.7,451.0,5.2,11.3,143.0,27.2,35,0.0,11.1
Hyderabad,17.385,78.4867,2026-02-04 18:00:00,70.8,68.9,548.0,8.6,12.6,132.0,26.4,39,0.0,11.2
Hyderabad,17.385,78.4867,2026-02-04 19:00:00,73.6,71.9,678.0,13.3,14.4,116.0,25.5,43,0.0,9.4
Hyderabad,17.385,78.4867,2026-02-04 20:00:00,74.7,73.3,803.0,16.7,16.0,104.0,25.0,44,0.0,7.4
Hyderabad,17.385,78.4867,2026-02-04 21:00:00,75.0,73.3,948.0,17.6,17.2,99.0,24.4,46,0.0,6.6
Hyderabad,17.385,78.4867,2026-02-04 22:00:00,74.3,72.9,1088.0,17.2,18.2,97.0,24.1,47,0.0,5.1
Hyderabad,17.385,78.4867,2026-02-04 23:00:00,71.2,69.6,1117.0,16.0,18.4,95.0,23.0,54,0.0,3.5
Hyderabad,17.385,78.4867,2026-02-05 00:00:00,64.5,63.1,936.0,13.7,17.4,93.0,22.9,52,0.0,5.4
Hyderabad,17.385,78.4867,2026-02-05 01:00:00,57.6,56.3,643.0,10.7,15.7,92.0,21.2,59,0.0,9.5
Hyderabad,17.385,78.4867,2026-02-05 02:00:00,52.6,51.3,426.0,8.2,14.3,91.0,19.9,69,0.0,6.7
Hyderabad,17.385,78.4867,2026-02-05 03:00:00,49.2,47.8,363.0,6.6,13.6,92.0,19.3,77,0.0,6.0
Hyderabad,17.385,78.4867,2026-02-05 04:00:00,47.3,45.8,375.0,5.6,13.1,94.0,19.0,82,0.0,5.4
Hyderabad,17.385,78.4867,2026-02-05 05:00:00,46.8,45.3,415.0,5.0,13.8,99.0,18.5,90,0.0,6.2
Hyderabad,17.385,78.4867,2026-02-05 06:00:00,48.1,46.3,493.0,7.5,14.8,97.0,18.6,89,0.0,6.6
Hyderabad,17.385,78.4867,2026-02-05 07:00:00,51.0,49.2,598.0,10.9,16.1,96.0,18.6,85,0.0,6.5
Hyderabad,17.385,78.4867,2026-02-05 08:00:00,50.2,48.4,648.0,12.3,16.6,99.0,20.1,71,0.0,7.0
Hyderabad,17.385,78.4867,2026-02-05 09:00:00,45.4,43.5,590.0,9.9,15.5,112.0,22.1,60,0.0,7.1
Hyderabad,17.385,78.4867,2026-02-05 10:00:00,43.9,42.0,477.0,5.6,13.6,130.0,24.3,48,0.0,7.9
Hyderabad,17.385,78.4867,2026-02-05 11:00:00,45.6,43.8,392.0,2.4,12.1,144.0,25.5,43,0.0,8.2
Hyderabad,17.385,78.4867,2026-02-05 12:00:00,46.9,45.2,369.0,1.4,11.7,151.0,27.0,37,0.0,8.5
Hyderabad,17.385,78.4867,2026-02-05 13:00:00,46.8,45.2,373.0,1.5,11.7,154.0,27.8,35,0.0,9.0
Hyderabad,17.385,78.4867,2026-02-05 14:00:00,46.2,44.7,383.0,1.9,11.7,154.0,28.1,33,0.0,9.0
Hyderabad,17.385,78.4867,2026-02-05 15:00:00,45.6,44.1,386.0,2.3,11.3,153.0,28.4,32,0.0,7.7
Hyderabad,17.385,78.4867,2026-02-05 16:00:00,45.4,43.9,394.0,3.2,10.8,149.0,28.3,31,0.0,8.0
Hyderabad,17.385,78.4867,2026-02-05 17:00:00,58.0,56.1,426.0,5.1,10.9,145.0,27.0,36,0.0,8.9
Hyderabad,17.385,78.4867,2026-02-05 18:00:00,62.4,61.0,493.0,9.0,11.9,131.0,26.5,37,0.0,9.2
Hyderabad,17.385,78.4867,2026-02-05 19:00:00,65.9,64.5,584.0,14.3,13.4,111.0,25.6,41,0.0,8.9
Hyderabad,17.385,78.4867,2026-02-05 20:00:00,66.8,65.4,680.0,18.0,14.7,97.0,24.7,46,0.0,8.0
Hyderabad,17.385,78.4867,2026-02-05 21:00:00,67.5,66.1,800.0,18.5,15.6,93.0,24.0,49,0.0,6.2
Hyderabad,17.385,78.4867,2026-02-05 22:00:00,69.2,68.0,925.0,17.3,16.2,95.0,23.3,51,0.0,5.1
Hyderabad,17.385,78.4867,2026-02-05 23:00:00,71.5,70.1,987.0,16.1,16.8,96.0,22.4,57,0.0,3.9
Hyderabad,17.385,78.4867,2026-02-06 00:00:00,72.6,70.8,940.0,15.3,17.3,96.0,22.4,57,0.0,3.6
Hyderabad,17.385,78.4867,2026-02-06 01:00:00,73.3,71.7,830.0,14.5,17.6,95.0,22.0,59,0.0,4.2
Hyderabad,17.385,78.4867,2026-02-06 02:00:00,73.8,71.9,718.0,13.6,17.9,94.0,21.0,63,0.0,8.6
Hyderabad,17.385,78.4867,2026-02-06 03:00:00,73.8,71.9,586.0,12.1,18.0,93.0,20.0,67,0.0,6.3
Hyderabad,17.385,78.4867,2026-02-06 04:00:00,73.1,71.5,453.0,10.6,18.0,91.0,19.3,71,0.0,5.6
Hyderabad,17.385,78.4867,2026-02-06 05:00:00,78.7,77.1,442.0,13.1,21.2,85.0,18.9,78,0.0,4.2
Hyderabad,17.385,78.4867,2026-02-06 06:00:00,80.3,78.5,700.0,17.0,22.0,83.0,19.0,79,0.0,4.2
Hyderabad,17.385,78.4867,2026-02-06 07:00:00,84.3,82.4,1080.0,22.1,22.9,82.0,18.9,80,0.0,3.6
Hyderabad,17.385,78.4867,2026-02-06 08:00:00,69.6,68.2,1269.0,23.7,22.6,87.0,21.1,66,0.0,2.6
Hyderabad,17.385,78.4867,2026-02-06 09:00:00,52.5,51.0,1067.0,18.2,19.7,106.0,23.8,47,0.0,5.8
Hyderabad,17.385,78.4867,2026-02-06 10:00:00,51.1,49.5,674.0,9.1,15.5,133.0,25.7,38,0.0,7.7
Hyderabad,17.385,78.4867,2026-02-06 11:00:00,49.7,48.1,377.0,2.3,12.3,152.0,26.6,34,0.0,9.0
Hyderabad,17.385,78.4867,2026-02-06 12:00:00,47.0,45.6,302.0,0.5,11.1,158.0,27.7,32,0.0,9.2
Hyderabad,17.385,78.4867,2026-02-06 13:00:00,45.1,43.7,323.0,1.0,10.9,157.0,28.4,30,0.0,9.2
Hyderabad,17.385,78.4867,2026-02-06 14:00:00,43.9,42.5,355.0,1.9,10.9,154.0,28.8,30,0.0,9.7
Hyderabad,17.385,78.4867,2026-02-06 15:00:00,43.4,42.0,358.0,2.3,10.7,152.0,28.7,31,0.0,9.3
Hyderabad,17.385,78.4867,2026-02-06 16:00:00,43.3,41.9,371.0,3.1,10.6,149.0,28.2,32,0.0,9.9
Hyderabad,17.385,78.4867,2026-02-06 17:00:00,48.2,46.8,424.0,5.0,11.0,137.0,27.4,35,0.0,9.6
Hyderabad,17.385,78.4867,2026-02-06 18:00:00,52.3,51.1,539.0,9.6,12.0,122.0,26.9,37,0.0,8.8
Hyderabad,17.385,78.4867,2026-02-06 19:00:00,55.6,54.6,694.0,15.9,13.5,102.0,26.0,39,0.0,7.2
Hyderabad,17.385,78.4867,2026-02-06 20:00:00,56.5,55.4,850.0,20.4,14.7,87.0,24.9,43,0.0,5.8
Hyderabad,17.385,78.4867,2026-02-06 21:00:00,56.0,54.9,999.0,21.4,15.5,83.0,24.2,46,0.0,5.1
Hyderabad,17.385,78.4867,2026-02-06 22:00:00,56.6,55.4,1149.0,20.6,16.0,84.0,23.5,48,0.0,4.2
Hyderabad,17.385,78.4867,2026-02-06 23:00:00,56.9,55.6,1292.0,19.3,16.3,86.0,22.4,56,0.0,2.0
Hyderabad,17.385,78.4867,2026-02-07 00:00:00,55.6,54.4,1467.0,17.8,16.3,87.0,22.3,52,0.0,2.3
Hyderabad,17.385,78.4867,2026-02-07 01:00:00,54.9,53.6,1634.0,15.9,16.0,89.0,21.3,57,0.0,1.1
Hyderabad,17.385,78.4867,2026-02-07 02:00:00,55.1,53.7,1662.0,14.3,15.6,89.0,20.5,63,0.0,2.9
Hyderabad,17.385,78.4867,2026-02-07 03:00:00,55.2,53.8,1400.0,12.6,15.0,87.0,20.0,66,0.0,3.6
Hyderabad,17.385,78.4867,2026-02-07 04:00:00,55.8,54.4,1000.0,11.3,14.3,84.0,19.5,69,0.0,2.6
Hyderabad,17.385,78.4867,2026-02-07 05:00:00,51.9,50.6,787.0,11.1,15.0,84.0,18.8,76,0.0,4.1
Hyderabad,17.385,78.4867,2026-02-07 06:00:00,54.2,53.0,1007.0,19.8,17.0,70.0,18.6,79,0.0,2.3
Hyderabad,17.385,78.4867,2026-02-07 07:00:00,64.0,62.6,1414.0,31.3,19.8,53.0,18.7,78,0.0,5.3
Hyderabad,17.385,78.4867,2026-02-07 08:00:00,69.2,68.2,1597.0,36.3,21.2,52.0,21.5,61,0.0,2.9
Hyderabad,17.385,78.4867,2026-02-07 09:00:00,52.9,51.3,1300.0,28.2,20.1,82.0,24.8,39,0.0,3.6
Hyderabad,17.385,78.4867,2026-02-07 10:00:00,46.9,45.6,780.0,13.5,17.6,128.0,26.9,28,0.0,5.7
Hyderabad,17.385,78.4867,2026-02-07 11:00:00,45.1,44.0,393.0,2.6,15.9,164.0,27.6,24,0.0,6.3
Hyderabad,17.385,78.4867,2026-02-07 12:00:00,45.4,44.4,304.0,0.0,15.7,178.0,28.9,22,0.0,5.9
Hyderabad,17.385,78.4867,2026-02-07 13:00:00,46.0,45.1,349.0,0.9,16.2,181.0,29.4,24,0.0,7.8
Hyderabad,17.385,78.4867,2026-02-07 14:00:00,46.8,45.8,395.0,2.4,16.7,180.0,29.4,26,0.0,9.1
Hyderabad,17.385,78.4867,2026-02-07 15:00:00,47.6,46.6,390.0,2.9,17.0,179.0,29.4,24,0.0,9.2
Hyderabad,17.385,78.4867,2026-02-07 16:00:00,48.1,47.3,386.0,3.8,17.2,174.0,29.0,24,0.0,9.3
Hyderabad,17.385,78.4867,2026-02-07 17:00:00,51.0,50.2,407.0,6.4,18.0,166.0,28.0,28,0.0,10.3
Hyderabad,17.385,78.4867,2026-02-07 18:00:00,56.9,56.2,474.0,11.7,18.6,147.0,27.2,30,0.0,9.5
Hyderabad,17.385,78.4867,2026-02-07 19:00:00,60.3,59.6,567.0,19.0,19.4,120.0,25.8,34,0.0,8.9
Hyderabad,17.385,78.4867,2026-02-07 20:00:00,61.0,60.3,645.0,24.3,20.3,100.0,24.7,36,0.0,8.5
Hyderabad,17.385,78.4867,2026-02-07 21:00:00,60.8,60.1,707.0,25.7,21.0,94.0,24.1,37,0.0,8.4
Hyderabad,17.385,78.4867,2026-02-07 22:00:00,61.9,61.2,755.0,25.1,21.7,95.0,23.7,37,0.0,7.4
Hyderabad,17.385,78.4867,2026-02-07 23:00:00,63.8,62.9,751.0,24.2,22.6,97.0,22.7,41,0.0,4.1
Hyderabad,17.385,78.4867,2026-02-08 00:00:00,64.7,63.6,653.0,23.6,23.9,97.0,22.6,41,0.0,4.4
Hyderabad,17.385,78.4867,2026-02-08 01:00:00,65.7,64.5,504.0,22.6,25.3,98.0,22.0,43,0.0,4.6
Hyderabad,17.385,78.4867,2026-02-08 02:00:00,65.9,64.5,393.0,21.4,26.5,98.0,21.7,44,0.0,3.9
Hyderabad,17.385,78.4867,2026-02-08 03:00:00,65.9,64.5,336.0,19.3,27.3,96.0,21.4,44,0.0,5.7
Hyderabad,17.385,78.4867,2026-02-08 04:00:00,66.4,64.7,317.0,16.9,27.9,94.0,21.1,43,0.0,7.1
Hyderabad,17.385,78.4867,2026-02-08 05:00:00,55.6,53.9,376.0,12.5,25.4,105.0,20.3,46,0.0,5.9
Hyderabad,17.385,78.4867,2026-02-08 06:00:00,58.7,56.9,606.0,18.3,27.4,99.0,20.5,45,0.0,6.4
Hyderabad,17.385,78.4867,2026-02-08 07:00:00,67.5,65.9,915.0,25.8,30.0,92.0,20.6,43,0.0,6.9
Hyderabad,17.385,78.4867,2026-02-08 08:00:00,57.9,56.7,1062.0,28.7,30.3,93.0,22.6,36,0.0,4.6
Hyderabad,17.385,78.4867,2026-02-08 09:00:00,45.5,44.1,885.0,22.2,26.2,109.0,25.7,26,0.0,6.8
Hyderabad,17.385,78.4867,2026-02-08 10:00:00,37.4,35.7,547.0,11.1,19.8,134.0,27.2,22,0.0,7.5
Hyderabad,17.385,78.4867,2026-02-08 11:00:00,35.2,33.4,294.0,2.8,14.6,152.0,27.9,22,0.0,8.3
Hyderabad,17.385,78.4867,2026-02-08 12:00:00,33.3,31.4,236.0,0.6,12.2,158.0,28.8,21,0.0,8.8
Hyderabad,17.385,78.4867,2026-02-08 13:00:00,32.0,30.0,264.0,1.2,11.1,159.0,29.4,20,0.0,8.5
Hyderabad,17.385,78.4867,2026-02-08 14:00:00,30.9,29.0,299.0,2.2,10.3,157.0,29.6,20,0.0,8.4
Hyderabad,17.385,78.4867,2026-02-08 15:00:00,30.0,28.1,310.0,2.5,9.5,155.0,29.4,20,0.0,9.6
Hyderabad,17.385,78.4867,2026-02-08 16:00:00,29.3,27.4,328.0,3.2,9.0,150.0,28.7,22,0.0,10.6
Hyderabad,17.385,78.4867,2026-02-08 17:00:00,31.3,29.5,363.0,5.5,9.4,144.0,27.8,24,0.0,10.5
Hyderabad,17.385,78.4867,2026-02-08 18:00:00,34.9,33.4,419.0,11.1,10.4,126.0,26.8,26,0.0,9.6
Hyderabad,17.385,78.4867,2026-02-08 19:00:00,38.5,37.0,492.0,18.9,11.9,102.0,25.8,29,0.0,9.6
Hyderabad,17.385,78.4867,2026-02-08 20:00:00,40.7,39.1,576.0,24.8,13.3,83.0,24.7,32,0.0,8.0
Hyderabad,17.385,78.4867,2026-02-08 21:00:00,42.1,40.4,702.0,27.2,14.6,76.0,24.0,33,0.0,6.5
Hyderabad,17.385,78.4867,2026-02-08 22:00:00,44.6,42.6,839.0,27.9,15.8,75.0,23.3,35,0.0,5.7
Hyderabad,17.385,78.4867,2026-02-08 23:00:00,46.9,44.6,891.0,27.7,16.9,76.0,22.5,37,0.0,4.3
Hyderabad,17.385,78.4867,2026-02-09 00:00:00,46.9,44.5,781.0,26.8,17.5,78.0,22.5,36,0.0,4.3
Hyderabad,17.385,78.4867,2026-02-09 01:00:00,46.8,44.2,584.0,25.2,18.0,81.0,21.9,37,0.0,5.5
Hyderabad,17.385,78.4867,2026-02-09 02:00:00,47.3,44.5,435.0,23.5,18.7,84.0,21.3,38,0.0,4.4
Hyderabad,17.385,78.4867,2026-02-09 03:00:00,48.2,45.4,370.0,21.0,19.9,88.0,19.9,50,0.0,1.0
Hyderabad,17.385,78.4867,2026-02-09 04:00:00,49.0,46.2,352.0,18.4,21.4,91.0,19.3,50,0.0,0.8
Hyderabad,17.385,78.4867,2026-02-09 05:00:00,35.9,32.9,400.0,10.9,15.8,101.0,18.9,51,0.0,1.4
Hyderabad,17.385,78.4867,2026-02-09 06:00:00,36.9,34.1,585.0,16.3,17.7,96.0,19.4,44,0.0,5.9
Hyderabad,17.385,78.4867,2026-02-09 07:00:00,44.7,41.9,835.0,23.4,20.1,90.0,19.0,47,0.0,7.1
Hyderabad,17.385,78.4867,2026-02-09 08:00:00,39.1,37.3,955.0,26.2,20.8,91.0,20.9,41,0.0,4.5
Hyderabad,17.385,78.4867,2026-02-09 09:00:00,29.9,27.9,816.0,20.5,18.1,107.0,23.8,33,0.0,5.9
Hyderabad,17.385,78.4867,2026-02-09 10:00:00,26.6,24.3,546.0,10.4,13.6,132.0,25.9,27,0.0,7.0
Hyderabad,17.385,78.4867,2026-02-09 11:00:00,26.8,24.4,343.0,2.9,10.3,151.0,27.0,25,0.0,6.1
Hyderabad,17.385,78.4867,2026-02-09 12:00:00,28.3,25.7,290.0,0.8,9.3,161.0,28.4,23,0.0,4.2
Hyderabad,17.385,78.4867,2026-02-09 13:00:00,30.0,27.4,304.0,1.3,9.5,166.0,29.4,22,0.0,4.7
Hyderabad,17.385,78.4867,2026-02-09 14:00:00,31.8,29.2,323.0,2.2,9.8,169.0,29.9,21,0.0,6.1
Hyderabad,17.385,78.4867,2026-02-09 15:00:00,32.9,30.5,319.0,2.6,10.0,171.0,30.1,21,0.0,7.2
Hyderabad,17.385,78.4867,2026-02-09 16:00:00,33.6,31.3,322.0,3.4,10.4,170.0,29.8,22,0.0,8.7
Hyderabad,17.385,78.4867,2026-02-09 17:00:00,43.4,40.7,360.0,6.1,11.6,172.0,28.6,24,0.0,11.1
Hyderabad,17.385,78.4867,2026-02-09 18:00:00,48.0,45.6,468.0,11.3,12.2,151.0,27.8,25,0.0,7.7
Hyderabad,17.385,78.4867,2026-02-09 19:00:00,50.1,48.0,611.0,18.4,13.1,122.0,26.4,29,0.0,4.9
Hyderabad,17.385,78.4867,2026-02-09 20:00:00,50.6,48.7,717.0,23.2,13.7,100.0,25.2,34,0.0,6.0
Hyderabad,17.385,78.4867,2026-02-09 21:00:00,51.2,49.0,743.0,23.6,13.8,93.0,24.0,37,0.0,6.3
Hyderabad,17.385,78.4867,2026-02-09 22:00:00,52.0,49.6,732.0,21.7,13.7,93.0,23.3,38,0.0,4.9
Hyderabad,17.385,78.4867,2026-02-09 23:00:00,52.5,49.7,739.0,19.5,13.4,95.0,22.4,41,0.0,4.6
Hyderabad,17.385,78.4867,2026-02-10 00:00:00,51.8,48.7,790.0,17.3,12.8,98.0,22.3,41,0.0,7.0
Hyderabad,17.385,78.4867,2026-02-10 01:00:00,51.8,48.4,859.0,14.7,12.1,104.0,21.9,41,0.0,7.8
Hyderabad,17.385,78.4867,2026-02-10 02:00:00,52.6,49.2,922.0,12.7,11.7,108.0,21.4,41,0.0,4.8
Hyderabad,17.385,78.4867,2026-02-10 03:00:00,54.0,50.5,963.0,11.1,11.9,111.0,20.7,43,0.0,1.4
Hyderabad,17.385,78.4867,2026-02-10 04:00:00,55.1,51.6,997.0,9.9,12.5,114.0,20.0,49,0.0,0.5
Hyderabad,17.385,78.4867,2026-02-10 05:00:00,53.9,50.3,1049.0,8.5,11.9,117.0,18.7,59,0.0,2.0
Hyderabad,17.385,78.4867,2026-02-10 06:00:00,56.3,52.9,1178.0,12.9,13.4,111.0,19.1,55,0.0,4.6
Hyderabad,17.385,78.4867,2026-02-10 07:00:00,63.6,60.1,1324.0,18.7,15.3,103.0,18.7,58,0.0,2.5
Hyderabad,17.385,78.4867,2026-02-10 08:00:00,54.2,51.8,1329.0,21.0,15.9,103.0,20.7,50,0.0,1.5
Hyderabad,17.385,78.4867,2026-02-10 09:00:00,44.9,42.4,1059.0,16.5,13.9,118.0,23.8,40,0.0,4.6
Hyderabad,17.385,78.4867,2026-02-10 10:00:00,35.7,33.4,648.0,8.5,10.6,141.0,26.6,28,0.0,7.4
Hyderabad,17.385,78.4867,2026-02-10 11:00:00,30.5,28.5,344.0,2.5,8.0,158.0,28.1,25,0.0,8.9
Hyderabad,17.385,78.4867,2026-02-10 12:00:00,27.6,25.9,264.0,0.9,7.0,163.0,29.1,23,0.0,8.6
Hyderabad,17.385,78.4867,2026-02-10 13:00:00,25.8,24.2,291.0,1.3,6.7,162.0,29.7,23,0.0,8.5
Hyderabad,17.385,78.4867,2026-02-10 14:00:00,24.4,22.9,325.0,2.0,6.6,158.0,30.0,25,0.0,8.9
Hyderabad,17.385,78.4867,2026-02-10 15:00:00,23.4,21.9,326.0,2.3,6.3,154.0,29.9,25,0.0,9.7
Hyderabad,17.385,78.4867,2026-02-10 16:00:00,22.8,21.4,334.0,3.0,6.1,147.0,29.3,27,0.0,10.7
Hyderabad,17.385,78.4867,2026-02-10 17:00:00,24.9,23.3,373.0,4.9,6.0,144.0,28.1,30,0.0,10.7
Hyderabad,17.385,78.4867,2026-02-10 18:00:00,28.4,27.2,457.0,8.7,7.1,130.0,27.2,33,0.0,9.4
Hyderabad,17.385,78.4867,2026-02-10 19:00:00,32.1,31.0,572.0,14.0,8.7,110.0,26.1,37,0.0,8.1
Hyderabad,17.385,78.4867,2026-02-10 20:00:00,34.8,33.5,695.0,17.3,9.9,96.0,25.0,41,0.0,7.7
Hyderabad,17.385,78.4867,2026-02-10 21:00:00,37.4,35.9,837.0,17.1,10.5,94.0,24.1,44,0.0,6.8
Hyderabad,17.385,78.4867,2026-02-10 22:00:00,40.2,38.5,987.0,14.9,10.8,98.0,23.2,47,0.0,6.4
Hyderabad,17.385,78.4867,2026-02-10 23:00:00,42.5,40.5,1087.0,12.8,11.1,101.0,22.2,51,0.0,4.5
Hyderabad,17.385,78.4867,2026-02-11 00:00:00,43.9,41.6,1113.0,11.1,11.5,102.0,22.1,52,0.0,3.7
Hyderabad,17.385,78.4867,2026-02-11 01:00:00,45.5,42.8,1088.0,9.4,11.8,102.0,21.6,54,0.0,2.7
Hyderabad,17.385,78.4867,2026-02-11 02:00:00,46.3,43.7,1024.0,8.1,12.0,102.0,21.0,57,0.0,4.7
Hyderabad,17.385,78.4867,2026-02-11 03:00:00,47.4,44.6,889.0,7.0,12.0,101.0,20.4,59,0.0,6.0
Hyderabad,17.385,78.4867,2026-02-11 04:00:00,49.7,46.7,714.0,6.2,11.8,99.0,19.6,63,0.0,5.4
Hyderabad,17.385,78.4867,2026-02-11 05:00:00,53.8,50.8,604.0,7.6,13.7,101.0,18.9,68,0.0,4.1
Hyderabad,17.385,78.4867,2026-02-11 06:00:00,56.7,53.3,635.0,11.1,14.3,98.0,18.8,68,0.0,6.1
Hyderabad,17.385,78.4867,2026-02-11 07:00:00,63.8,60.3,730.0,15.6,15.1,94.0,18.3,72,0.0,6.1
Hyderabad,17.385,78.4867,2026-02-11 08:00:00,54.1,51.7,765.0,17.4,15.1,97.0,19.4,74,0.0,5.7
Hyderabad,17.385,78.4867,2026-02-11 09:00:00,47.6,44.5,666.0,13.6,13.7,115.0,21.7,67,0.0,5.6
Hyderabad,17.385,78.4867,2026-02-11 10:00:00,43.0,40.0,506.0,7.0,11.6,140.0,24.4,54,0.0,6.2
Hyderabad,17.385,78.4867,2026-02-11 11:00:00,37.6,35.2,381.0,2.1,9.9,159.0,26.5,40,0.0,6.8
Hyderabad,17.385,78.4867,2026-02-11 12:00:00,34.1,31.9,330.0,0.8,9.0,164.0,28.3,32,0.0,8.1
Hyderabad,17.385,78.4867,2026-02-11 13:00:00,31.9,29.9,315.0,1.2,8.6,163.0,29.2,28,0.0,9.7
Hyderabad,17.385,78.4867,2026-02-11 14:00:00,30.7,28.8,314.0,1.9,8.3,160.0,29.5,27,0.0,10.5
Hyderabad,17.385,78.4867,2026-02-11 15:00:00,29.7,27.9,319.0,2.1,8.1,158.0,29.4,27,0.0,9.8
Hyderabad,17.385,78.4867,2026-02-11 16:00:00,29.3,27.5,339.0,2.6,8.0,154.0,28.9,29,0.0,9.9
Hyderabad,17.385,78.4867,2026-02-11 17:00:00,35.2,33.1,376.0,4.3,7.7,144.0,27.4,38,0.0,11.2
Hyderabad,17.385,78.4867,2026-02-11 18:00:00,39.8,38.1,426.0,7.7,9.1,133.0,26.6,43,0.0,9.6
Hyderabad,17.385,78.4867,2026-02-11 19:00:00,45.4,43.5,494.0,12.4,11.0,117.0,26.0,44,0.0,7.8
Hyderabad,17.385,78.4867,2026-02-11 20:00:00,49.5,47.5,591.0,15.4,12.6,106.0,25.4,45,0.0,7.2
Hyderabad,17.385,78.4867,2026-02-11 21:00:00,52.4,49.9,773.0,15.4,13.5,104.0,24.3,48,0.0,6.5
Hyderabad,17.385,78.4867,2026-02-11 22:00:00,54.4,51.6,984.0,13.8,14.0,107.0,23.2,52,0.0,5.2
Hyderabad,17.385,78.4867,2026-02-11 23:00:00,55.2,51.9,1074.0,11.9,14.0,109.0,22.2,60,0.0,2.1
Hyderabad,17.385,78.4867,2026-02-12 00:00:00,53.4,49.9,931.0,10.0,13.4,107.0,22.0,56,0.0,3.9
Hyderabad,17.385,78.4867,2026-02-12 01:00:00,50.6,47.1,666.0,7.9,12.3,104.0,21.4,57,0.0,6.2
Hyderabad,17.385,78.4867,2026-02-12 02:00:00,48.3,44.7,463.0,6.4,11.4,101.0,20.5,61,0.0,6.3
Hyderabad,17.385,78.4867,2026-02-12 03:00:00,47.5,43.8,389.0,5.7,11.0,98.0,19.5,67,0.0,5.5
Hyderabad,17.385,78.4867,2026-02-12 04:00:00,48.1,44.1,377.0,5.7,10.8,96.0,18.8,72,0.0,5.2
Hyderabad,17.385,78.4867,2026-02-12 05:00:00,54.4,50.1,413.0,8.2,13.4,96.0,18.3,77,0.0,4.3
Hyderabad,17.385,78.4867,2026-02-12 06:00:00,55.9,51.3,538.0,10.2,13.9,96.0,18.3,79,0.0,5.6
Hyderabad,17.385,78.4867,2026-02-12 07:00:00,60.3,55.8,711.0,12.8,14.6,97.0,18.5,79,0.0,4.1
Hyderabad,17.385,78.4867,2026-02-12 08:00:00,46.9,43.2,795.0,13.6,14.9,104.0,20.3,69,0.0,4.1
Hyderabad,17.385,78.4867,2026-02-12 09:00:00,41.0,37.1,701.0,10.6,14.3,122.0,22.9,49,0.0,6.0
Hyderabad,17.385,78.4867,2026-02-12 10:00:00,37.7,34.5,518.0,5.8,13.3,145.0,25.3,40,0.0,6.0
Hyderabad,17.385,78.4867,2026-02-12 11:00:00,34.3,31.7,377.0,2.2,12.3,162.0,26.8,35,0.0,6.9
Hyderabad,17.385,78.4867,2026-02-12 12:00:00,31.1,28.8,331.0,1.2,11.6,167.0,28.4,30,0.0,8.6
Hyderabad,17.385,78.4867,2026-02-12 13:00:00,28.5,26.4,327.0,1.4,10.9,167.0,29.3,26,0.0,9.7
Hyderabad,17.385,78.4867,2026-02-12 14:00:00,26.8,24.9,332.0,1.9,10.5,164.0,29.6,25,0.0,10.1
Hyderabad,17.385,78.4867,2026-02-12 15:00:00,25.5,23.7,330.0,2.0,10.2,162.0,29.6,24,0.0,10.0
Hyderabad,17.385,78.4867,2026-02-12 16:00:00,24.9,23.2,337.0,2.4,10.1,159.0,29.1,24,0.0,10.2
Hyderabad,17.385,78.4867,2026-02-12 17:00:00,34.1,32.0,374.0,4.4,11.2,152.0,28.1,26,0.0,11.5
Hyderabad,17.385,78.4867,2026-02-12 18:00:00,39.3,37.7,449.0,9.1,12.7,137.0,27.2,30,0.0,9.5
Hyderabad,17.385,78.4867,2026-02-12 19:00:00,44.5,43.0,554.0,15.6,14.7,116.0,26.4,35,0.0,8.4
Hyderabad,17.385,78.4867,2026-02-12 20:00:00,47.6,46.1,684.0,20.0,16.4,102.0,25.5,39,0.0,7.4
Hyderabad,17.385,78.4867,2026-02-12 21:00:00,50.2,48.5,863.0,20.6,17.5,100.0,24.4,43,0.0,6.4
Hyderabad,17.385,78.4867,2026-02-12 22:00:00,53.0,51.0,1068.0,19.1,18.4,104.0,23.3,47,0.0,6.5
Hyderabad,17.385,78.4867,2026-02-12 23:00:00,54.7,52.6,1226.0,16.9,18.6,108.0,22.3,54,0.0,3.1
Hyderabad,17.385,78.4867,2026-02-13 00:00:00,53.8,51.6,1327.0,14.0,17.9,109.0,22.1,52,0.0,3.5
Hyderabad,17.385,78.4867,2026-02-13 01:00:00,51.1,48.9,1381.0,10.4,16.7,109.0,21.5,56,0.0,3.3
Hyderabad,17.385,78.4867,2026-02-13 02:00:00,48.2,46.1,1343.0,7.8,15.7,109.0,21.0,57,0.0,6.1
Hyderabad,17.385,78.4867,2026-02-13 03:00:00,46.6,44.6,1124.0,6.4,15.1,108.0,20.6,56,0.0,4.8
Hyderabad,17.385,78.4867,2026-02-13 04:00:00,46.6,44.5,812.0,6.0,14.8,107.0,19.9,58,0.0,3.8
Hyderabad,17.385,78.4867,2026-02-13 05:00:00,52.5,50.3,630.0,8.9,18.2,108.0,18.6,70,0.0,3.0
Hyderabad,17.385,78.4867,2026-02-13 06:00:00,53.3,51.0,738.0,12.9,18.7,105.0,19.0,69,0.0,4.7
Hyderabad,17.385,78.4867,2026-02-13 07:00:00,57.6,55.3,976.0,18.2,19.2,102.0,18.8,70,0.0,5.0
Hyderabad,17.385,78.4867,2026-02-13 08:00:00,49.1,47.4,1083.0,20.2,19.2,105.0,20.8,61,0.0,3.0
Hyderabad,17.385,78.4867,2026-02-13 09:00:00,42.7,40.4,903.0,15.7,18.1,122.0,23.8,48,0.0,4.1
Hyderabad,17.385,78.4867,2026-02-13 10:00:00,41.2,38.9,591.0,7.9,16.3,147.0,26.4,36,0.0,5.4
Hyderabad,17.385,78.4867,2026-02-13 11:00:00,38.4,36.3,354.0,2.1,14.7,164.0,27.8,31,0.0,6.7
Hyderabad,17.385,78.4867,2026-02-13 12:00:00,34.7,33.1,282.0,0.6,13.4,168.0,29.2,25,0.0,7.5
Hyderabad,17.385,78.4867,2026-02-13 13:00:00,31.9,30.4,284.0,1.0,12.2,164.0,29.9,23,0.0,8.0
Hyderabad,17.385,78.4867,2026-02-13 14:00:00,30.5,29.0,300.0,1.8,11.3,160.0,30.2,22,0.0,8.7
Hyderabad,17.385,78.4867,2026-02-13 15:00:00,29.6,28.3,298.0,2.0,10.8,159.0,30.2,22,0.0,9.4
Hyderabad,17.385,78.4867,2026-02-13 16:00:00,29.2,28.0,310.0,2.6,10.6,157.0,29.7,23,0.0,9.7
Hyderabad,17.385,78.4867,2026-02-13 17:00:00,35.4,34.0,366.0,4.5,10.9,155.0,28.6,27,0.0,10.4
Hyderabad,17.385,78.4867,2026-02-13 18:00:00,42.0,40.9,506.0,8.5,12.2,141.0,27.6,29,0.0,9.3
Hyderabad,17.385,78.4867,2026-02-13 19:00:00,46.7,45.5,690.0,13.9,14.0,121.0,26.4,34,0.0,8.5
Hyderabad,17.385,78.4867,2026-02-13 20:00:00,48.5,47.4,836.0,17.4,15.5,107.0,25.3,38,0.0,7.4
Hyderabad,17.385,78.4867,2026-02-13 21:00:00,49.5,48.3,907.0,17.2,16.2,105.0,24.5,39,0.0,6.8
Hyderabad,17.385,78.4867,2026-02-13 22:00:00,51.2,49.8,940.0,15.1,16.6,108.0,23.9,40,0.0,6.4
Hyderabad,17.385,78.4867,2026-02-13 23:00:00,52.5,51.0,960.0,12.9,16.8,111.0,23.4,42,0.0,6.0
Hyderabad,17.385,78.4867,2026-02-14 00:00:00,52.6,51.0,987.0,11.3,17.0,112.0,23.2,42,0.0,6.1
Hyderabad,17.385,78.4867,2026-02-14 01:00:00,53.0,51.1,1000.0,9.6,17.0,112.0,22.7,42,0.0,4.1
Hyderabad,17.385,78.4867,2026-02-14 02:00:00,52.7,50.8,965.0,8.3,16.8,112.0,21.7,46,0.0,5.7
Hyderabad,17.385,78.4867,2026-02-14 03:00:00,51.9,50.1,817.0,6.9,16.1,110.0,20.5,50,0.0,3.9
Hyderabad,17.385,78.4867,2026-02-14 04:00:00,51.8,49.8,621.0,5.8,15.1,108.0,19.8,55,0.0,4.0
Hyderabad,17.385,78.4867,2026-02-14 05:00:00,49.7,47.7,537.0,6.3,15.6,107.0,19.2,68,0.0,0.7
Hyderabad,17.385,78.4867,2026-02-14 06:00:00,51.5,49.4,708.0,10.6,16.3,105.0,19.8,61,0.0,3.4
Hyderabad,17.385,78.4867,2026-02-14 07:00:00,56.7,54.6,992.0,16.3,17.3,103.0,19.9,61,0.0,5.6
Hyderabad,17.385,78.4867,2026-02-14 08:00:00,52.5,51.0,1123.0,18.7,17.6,108.0,21.9,53,0.0,4.2
Hyderabad,17.385,78.4867,2026-02-14 09:00:00,47.1,45.5,932.0,14.6,16.8,127.0,24.9,43,0.0,5.0
Hyderabad,17.385,78.4867,2026-02-14 10:00:00,45.2,43.4,588.0,7.3,15.3,152.0,27.6,30,0.0,6.9
Hyderabad,17.385,78.4867,2026-02-14 11:00:00,44.4,42.4,331.0,1.9,13.9,170.0,28.6,25,0.0,9.0
Hyderabad,17.385,78.4867,2026-02-14 12:00:00,43.8,41.8,266.0,0.5,12.8,175.0,29.7,23,0.0,8.8
Hyderabad,17.385,78.4867,2026-02-14 13:00:00,43.2,41.2,287.0,1.1,11.8,172.0,30.4,23,0.0,8.7
Hyderabad,17.385,78.4867,2026-02-14 14:00:00,42.8,40.9,317.0,1.9,11.1,168.0,30.5,24,0.0,9.3
Hyderabad,17.385,78.4867,2026-02-14 15:00:00,42.5,40.5,323.0,2.1,10.6,166.0,30.3,25,0.0,9.5
Hyderabad,17.385,78.4867,2026-02-14 16:00:00,42.4,40.4,339.0,2.6,10.3,163.0,29.9,26,0.0,9.1
Hyderabad,17.385,78.4867,2026-02-14 17:00:00,45.6,43.7,380.0,5.1,10.8,159.0,29.0,28,0.0,9.2
Hyderabad,17.385,78.4867,2026-02-14 18:00:00,52.5,50.8,458.0,10.8,12.2,141.0,28.0,30,0.0,9.4
Hyderabad,17.385,78.4867,2026-02-14 19:00:00,56.5,54.8,562.0,18.5,14.2,115.0,27.3,32,0.0,8.8
Hyderabad,17.385,78.4867,2026-02-14 20:00:00,57.2,55.5,681.0,23.6,15.8,97.0,26.4,33,0.0,6.5
Hyderabad,17.385,78.4867,2026-02-14 21:00:00,56.1,54.5,835.0,23.5,16.5,93.0,25.2,36,0.0,5.6
Hyderabad,17.385,78.4867,2026-02-14 22:00:00,55.9,54.1,1004.0,20.8,16.7,96.0,24.6,37,0.0,6.1
Hyderabad,17.385,78.4867,2026-02-14 23:00:00,56.1,54.2,1109.0,18.3,16.8,99.0,24.2,38,0.0,4.1
Hyderabad,17.385,78.4867,2026-02-15 00:00:00,56.1,54.0,1093.0,17.2,17.0,100.0,24.2,38,0.0,7.0
Hyderabad,17.385,78.4867,2026-02-15 01:00:00,56.8,54.7,1013.0,16.4,17.1,100.0,23.7,39,0.0,5.8
Hyderabad,17.385,78.4867,2026-02-15 02:00:00,58.7,56.5,968.0,15.6,17.2,100.0,23.0,40,0.0,2.8
Hyderabad,17.385,78.4867,2026-02-15 03:00:00,60.5,58.3,985.0,13.8,17.1,100.0,22.0,42,0.0,0.6
Hyderabad,17.385,78.4867,2026-02-15 04:00:00,61.0,58.9,1036.0,12.0,16.9,99.0,20.5,54,0.0,1.7
Hyderabad,17.385,78.4867,2026-02-15 05:00:00,61.5,59.1,1139.0,12.9,19.3,106.0,18.8,74,0.0,0.5
Hyderabad,17.385,78.4867,2026-02-15 06:00:00,66.1,63.8,1391.0,21.7,21.7,96.0,18.8,74,0.0,2.5
Hyderabad,17.385,78.4867,2026-02-15 07:00:00,77.3,75.0,1693.0,33.3,24.9,83.0,19.2,70,0.0,4.2
Hyderabad,17.385,78.4867,2026-02-15 08:00:00,75.0,73.1,1773.0,38.1,25.8,84.0,22.3,54,0.0,2.2
Hyderabad,17.385,78.4867,2026-02-15 09:00:00,56.6,54.5,1413.0,29.4,22.5,111.0,25.7,38,0.0,2.0
Hyderabad,17.385,78.4867,2026-02-15 10:00:00,54.9,52.5,830.0,13.9,16.9,151.0,28.2,29,0.0,3.4
Hyderabad,17.385,78.4867,2026-02-15 11:00:00,53.6,51.1,396.0,2.3,12.6,181.0,29.2,26,0.0,7.5
Hyderabad,17.385,78.4867,2026-02-15 12:00:00,51.2,49.0,281.0,0.0,11.0,190.0,30.2,24,0.0,8.0
Hyderabad,17.385,78.4867,2026-02-15 13:00:00,49.7,47.6,315.0,0.6,10.5,188.0,30.7,24,0.0,7.2
Hyderabad,17.385,78.4867,2026-02-15 14:00:00,49.0,47.0,358.0,2.1,10.3,184.0,31.1,23,0.0,7.3
Hyderabad,17.385,78.4867,2026-02-15 15:00:00,48.7,46.7,359.0,2.5,9.8,181.0,31.2,23,0.0,7.8
Hyderabad,17.385,78.4867,2026-02-15 16:00:00,48.8,46.9,369.0,3.3,9.5,175.0,30.8,24,0.0,8.6
Hyderabad,17.385,78.4867,2026-02-15 17:00:00,66.6,64.5,406.0,5.9,9.8,166.0,29.9,28,0.0,10.1
Hyderabad,17.385,78.4867,2026-02-15 18:00:00,72.2,70.3,484.0,11.3,11.0,146.0,29.1,30,0.0,10.3
Hyderabad,17.385,78.4867,2026-02-15 19:00:00,75.7,73.8,589.0,18.6,12.6,118.0,27.9,34,0.0,9.8
Hyderabad,17.385,78.4867,2026-02-15 20:00:00,76.4,74.7,696.0,23.6,13.9,98.0,26.9,35,0.0,9.7
Hyderabad,17.385,78.4867,2026-02-15 21:00:00,75.9,74.0,802.0,23.9,14.5,93.0,25.9,37,0.0,6.5
Hyderabad,17.385,78.4867,2026-02-15 22:00:00,76.1,74.3,910.0,21.8,14.9,97.0,25.1,39,0.0,5.2
Hyderabad,17.385,78.4867,2026-02-15 23:00:00,77.1,74.7,999.0,19.9,15.2,100.0,24.3,41,0.0,2.8
Hyderabad,17.385,78.4867,2026-02-16 00:00:00,76.8,74.5,1078.0,19.0,15.5,101.0,24.0,42,0.0,3.6
Hyderabad,17.385,78.4867,2026-02-16 01:00:00,78.0,75.4,1138.0,18.2,15.9,102.0,23.3,44,0.0,4.6
Hyderabad,17.385,78.4867,2026-02-16 02:00:00,79.9,77.3,1137.0,17.4,16.5,104.0,22.8,44,0.0,5.3
Hyderabad,17.385,78.4867,2026-02-16 03:00:00,81.7,79.2,1020.0,15.2,17.4,108.0,22.4,45,0.0,4.8
Hyderabad,17.385,78.4867,2026-02-16 04:00:00,83.1,80.6,843.0,12.9,18.6,112.0,22.0,45,0.0,3.3
Hyderabad,17.385,78.4867,2026-02-16 05:00:00,85.2,82.7,724.0,12.4,18.9,119.0,20.8,55,0.0,2.7
Hyderabad,17.385,78.4867,2026-02-16 06:00:00,88.0,85.4,746.0,20.4,20.8,112.0,21.7,49,0.0,3.0
Hyderabad,17.385,78.4867,2026-02-16 07:00:00,96.9,94.1,827.0,30.9,23.2,104.0,22.2,44,0.0,9.0
Hyderabad,17.385,78.4867,2026-02-16 08:00:00,93.1,91.0,843.0,35.2,23.6,105.0,23.7,40,0.0,6.7
Hyderabad,17.385,78.4867,2026-02-16 09:00:00,75.4,73.3,712.0,27.1,20.0,123.0,26.1,36,0.0,8.3
Hyderabad,17.385,78.4867,2026-02-16 10:00:00,65.9,63.6,515.0,12.7,14.3,150.0,28.1,31,0.0,8.6
Hyderabad,17.385,78.4867,2026-02-16 11:00:00,60.3,58.4,371.0,2.0,10.1,169.0,29.2,27,0.0,9.4
Hyderabad,17.385,78.4867,2026-02-16 12:00:00,58.3,56.5,334.0,0.0,8.8,174.0,30.2,25,0.0,9.7
Hyderabad,17.385,78.4867,2026-02-16 13:00:00,57.0,55.3,348.0,0.5,8.9,172.0,30.6,25,0.0,10.3
Hyderabad,17.385,78.4867,2026-02-16 14:00:00,56.5,54.7,368.0,1.9,9.2,169.0,30.7,25,0.0,10.9
Hyderabad,17.385,78.4867,2026-02-16 15:00:00,56.2,54.6,370.0,2.4,9.2,166.0,30.6,26,0.0,11.3
Hyderabad,17.385,78.4867,2026-02-16 16:00:00,56.0,54.5,377.0,3.2,9.4,162.0,30.0,27,0.0,11.3
Hyderabad,17.385,78.4867,2026-02-16 17:00:00,57.6,56.3,412.0,4.9,10.8,152.0,29.0,30,0.0,11.5
Hyderabad,17.385,78.4867,2026-02-16 18:00:00,60.1,59.1,499.0,8.1,12.4,142.0,28.3,33,0.0,10.0
Hyderabad,17.385,78.4867,2026-02-16 19:00:00,62.2,61.2,615.0,12.4,14.7,127.0,27.6,36,0.0,8.1
Hyderabad,17.385,78.4867,2026-02-16 20:00:00,63.3,62.4,713.0,15.3,16.5,116.0,26.5,40,0.0,7.6
Hyderabad,17.385,78.4867,2026-02-16 21:00:00,64.5,63.6,794.0,15.7,17.5,112.0,25.9,42,0.0,7.7
Hyderabad,17.385,78.4867,2026-02-16 22:00:00,67.1,65.7,857.0,14.8,18.0,110.0,25.5,42,0.0,7.8
Hyderabad,17.385,78.4867,2026-02-16 23:00:00,67.8,66.6,852.0,13.2,17.7,109.0,24.7,42,0.0,6.2
Hyderabad,17.385,78.4867,2026-02-17 00:00:00,64.0,62.9,719.0,10.8,16.1,106.0,24.0,44,0.0,11.1
Hyderabad,17.385,78.4867,2026-02-17 01:00:00,60.3,59.1,517.0,7.7,13.6,103.0,22.2,54,0.0,9.7
Hyderabad,17.385,78.4867,2026-02-17 02:00:00,57.6,56.3,376.0,5.4,11.8,102.0,21.3,58,0.0,6.8
Hyderabad,17.385,78.4867,2026-02-17 03:00:00,56.6,55.2,343.0,4.2,11.2,104.0,20.9,58,0.0,5.6
Hyderabad,17.385,78.4867,2026-02-17 04:00:00,56.7,55.2,370.0,3.7,11.1,107.0,20.6,58,0.0,5.6
Hyderabad,17.385,78.4867,2026-02-17 05:00:00,58.6,56.9,443.0,5.4,12.7,105.0,19.9,63,0.0,3.6
Hyderabad,17.385,78.4867,2026-02-17 06:00:00,59.6,58.0,610.0,8.7,13.9,105.0,19.9,60,0.0,6.5
Hyderabad,17.385,78.4867,2026-02-17 07:00:00,64.0,62.4,823.0,13.0,15.5,105.0,19.8,60,0.0,4.9
Hyderabad,17.385,78.4867,2026-02-17 08:00:00,61.2,59.8,925.0,14.8,16.1,110.0,21.7,51,0.0,2.8
Hyderabad,17.385,78.4867,2026-02-17 09:00:00,55.1,53.6,807.0,11.7,14.8,125.0,24.4,40,0.0,4.8
Hyderabad,17.385,78.4867,2026-02-17 10:00:00,51.9,50.4,578.0,6.2,12.5,145.0,26.8,34,0.0,6.8
Hyderabad,17.385,78.4867,2026-02-17 11:00:00,47.3,46.0,403.0,2.0,10.6,160.0,28.1,31,0.0,7.3
Hyderabad,17.385,78.4867,2026-02-17 12:00:00,43.3,42.1,352.0,0.9,9.6,165.0,29.3,29,0.0,8.5
Hyderabad,17.385,78.4867,2026-02-17 13:00:00,41.4,40.4,355.0,1.2,9.1,164.0,29.8,28,0.0,9.6
Hyderabad,17.385,78.4867,2026-02-17 14:00:00,40.6,39.6,369.0,1.8,8.8,162.0,30.0,29,0.0,10.2
Hyderabad,17.385,78.4867,2026-02-17 15:00:00,40.3,39.2,376.0,2.1,8.7,161.0,29.8,30,0.0,10.7
Hyderabad,17.385,78.4867,2026-02-17 16:00:00,40.3,39.2,392.0,2.7,8.8,159.0,29.2,31,0.0,10.4
Hyderabad,17.385,78.4867,2026-02-17 17:00:00,43.9,43.0,427.0,4.2,9.7,150.0,28.6,32,0.0,10.8
Hyderabad,17.385,78.4867,2026-02-17 18:00:00,47.3,46.4,489.0,6.7,11.1,139.0,27.8,34,0.0,10.7
Hyderabad,17.385,78.4867,2026-02-17 19:00:00,49.6,49.0,568.0,10.1,13.0,124.0,26.7,39,0.0,10.1
Hyderabad,17.385,78.4867,2026-02-17 20:00:00,51.8,51.1,644.0,12.3,14.5,112.0,25.9,41,0.0,7.1
Hyderabad,17.385,78.4867,2026-02-17 21:00:00,53.9,53.1,733.0,12.5,15.5,108.0,25.2,43,0.0,7.3
Hyderabad,17.385,78.4867,2026-02-17 22:00:00,56.2,55.4,818.0,11.6,16.2,107.0,24.7,44,0.0,6.8
Hyderabad,17.385,78.4867,2026-02-17 23:00:00,56.6,55.9,833.0,10.2,16.0,106.0,23.8,45,0.0,6.4
Hyderabad,17.385,78.4867,2026-02-18 00:00:00,52.7,51.9,713.0,8.2,14.2,104.0,22.4,54,0.0,11.2
Hyderabad,17.385,78.4867,2026-02-18 01:00:00,48.2,47.4,522.0,5.8,11.6,101.0,21.3,61,0.0,8.9
Hyderabad,17.385,78.4867,2026-02-18 02:00:00,45.6,44.5,384.0,4.1,9.6,100.0,20.5,65,0.0,7.1
Hyderabad,17.385,78.4867,2026-02-18 03:00:00,45.2,43.7,345.0,3.2,9.0,100.0,20.0,67,0.0,5.9
Hyderabad,17.385,78.4867,2026-02-18 04:00:00,45.9,44.2,358.0,3.1,9.0,102.0,19.7,69,0.0,5.6
Hyderabad,17.385,78.4867,2026-02-18 05:00:00,49.1,47.3,409.0,4.7,9.9,100.0,19.1,71,0.0,5.4
Hyderabad,17.385,78.4867,2026-02-18 06:00:00,51.0,49.0,531.0,7.3,11.0,100.0,18.9,72,0.0,6.9
Hyderabad,17.385,78.4867,2026-02-18 07:00:00,55.3,53.3,690.0,10.7,12.4,102.0,18.8,73,0.0,6.5
Hyderabad,17.385,78.4867,2026-02-18 08:00:00,53.2,51.6,767.0,12.2,13.1,107.0,20.4,66,0.0,5.9
Hyderabad,17.385,78.4867,2026-02-18 09:00:00,48.8,47.3,682.0,9.7,12.3,121.0,23.1,54,0.0,6.6
Hyderabad,17.385,78.4867,2026-02-18 10:00:00,45.2,43.9,514.0,5.2,10.8,139.0,25.8,44,0.0,8.8
Hyderabad,17.385,78.4867,2026-02-18 11:00:00,41.6,40.5,384.0,1.9,9.5,152.0,27.3,38,0.0,9.8
Hyderabad,17.385,78.4867,2026-02-18 12:00:00,39.0,38.0,341.0,1.0,8.8,156.0,28.6,32,0.0,10.2
Hyderabad,17.385,78.4867,2026-02-18 13:00:00,37.5,36.3,336.0,1.2,8.4,156.0,29.2,29,0.0,10.7
Hyderabad,17.385,78.4867,2026-02-18 14:00:00,36.7,35.6,342.0,1.7,8.3,155.0,29.4,29,0.0,10.2
Hyderabad,17.385,78.4867,2026-02-18 15:00:00,36.7,35.5,346.0,2.0,8.3,156.0,29.3,29,0.0,9.7
Hyderabad,17.385,78.4867,2026-02-18 16:00:00,36.8,35.7,360.0,2.5,8.6,155.0,28.9,30,0.0,9.2
Hyderabad,17.385,78.4867,2026-02-18 17:00:00,40.2,39.2,397.0,4.2,9.7,148.0,27.8,34,0.0,10.9
Hyderabad,17.385,78.4867,2026-02-18 18:00:00,45.2,44.5,472.0,7.8,11.1,136.0,27.2,36,0.0,10.0
Hyderabad,17.385,78.4867,2026-02-18 19:00:00,50.8,50.1,569.0,12.7,13.0,119.0,26.7,38,0.0,8.9
Hyderabad,17.385,78.4867,2026-02-18 20:00:00,54.5,53.7,656.0,15.8,14.6,106.0,26.1,39,0.0,6.4
Hyderabad,17.385,78.4867,2026-02-18 21:00:00,57.6,56.7,740.0,15.6,15.6,103.0,25.7,41,0.0,7.2
Hyderabad,17.385,78.4867,2026-02-18 22:00:00,60.5,59.5,814.0,13.5,16.2,105.0,25.0,43,0.0,6.6
Hyderabad,17.385,78.4867,2026-02-18 23:00:00,61.2,60.3,818.0,11.3,16.0,105.0,23.8,49,0.0,7.3
Hyderabad,17.385,78.4867,2026-02-19 00:00:00,57.7,56.7,693.0,9.1,14.4,102.0,22.9,53,0.0,8.9
Hyderabad,17.385,78.4867,2026-02-19 01:00:00,52.0,51.0,499.0,6.8,12.0,97.0,22.0,55,0.0,8.2
Hyderabad,17.385,78.4867,2026-02-19 02:00:00,47.1,46.0,360.0,5.0,10.1,94.0,21.2,58,0.0,6.7
Hyderabad,17.385,78.4867,2026-02-19 03:00:00,44.6,43.1,327.0,4.0,9.1,93.0,20.7,60,0.0,5.8
Hyderabad,17.385,78.4867,2026-02-19 04:00:00,43.7,42.0,348.0,3.7,8.6,94.0,20.4,62,0.0,5.1
Hyderabad,17.385,78.4867,2026-02-19 05:00:00,43.9,42.3,395.0,4.6,8.6,92.0,20.2,64,0.0,5.2
Hyderabad,17.385,78.4867,2026-02-19 06:00:00,44.8,43.1,487.0,6.9,9.6,93.0,20.4,63,0.0,6.6
Hyderabad,17.385,78.4867,2026-02-19 07:00:00,48.8,46.9,605.0,9.9,10.9,96.0,20.4,62,0.0,6.4
Hyderabad,17.385,78.4867,2026-02-19 08:00:00,47.1,45.4,661.0,11.2,11.8,103.0,21.7,55,0.0,6.6
Hyderabad,17.385,78.4867,2026-02-19 09:00:00,45.4,43.7,594.0,9.0,11.9,119.0,24.1,46,0.0,6.9
Hyderabad,17.385,78.4867,2026-02-19 10:00:00,45.6,44.0,464.0,5.1,11.5,139.0,26.4,39,0.0,8.7
Hyderabad,17.385,78.4867,2026-02-19 11:00:00,45.6,43.9,366.0,2.2,11.0,153.0,27.7,37,0.0,8.5
Hyderabad,17.385,78.4867,2026-02-19 12:00:00,45.2,43.4,338.0,1.3,10.2,157.0,29.1,32,0.0,8.8
Hyderabad,17.385,78.4867,2026-02-19 13:00:00,44.1,42.5,342.0,1.4,9.3,156.0,29.8,29,0.0,9.8
Hyderabad,17.385,78.4867,2026-02-19 14:00:00,42.6,41.0,353.0,1.8,8.6,154.0,30.0,30,0.0,10.8
Hyderabad,17.385,78.4867,2026-02-19 15:00:00,40.6,39.1,356.0,2.0,8.1,152.0,29.9,32,0.0,11.4
Hyderabad,17.385,78.4867,2026-02-19 16:00:00,38.5,37.1,366.0,2.6,7.8,148.0,29.3,34,0.0,11.8
Hyderabad,17.385,78.4867,2026-02-19 17:00:00,34.3,33.2,403.0,4.3,8.2,146.0,28.2,36,0.0,11.3
Hyderabad,17.385,78.4867,2026-02-19 18:00:00,37.8,36.8,495.0,7.4,9.4,133.0,27.6,35,0.0,9.4
Hyderabad,17.385,78.4867,2026-02-19 19:00:00,41.2,40.2,613.0,11.6,11.0,116.0,27.0,35,0.0,8.0
Hyderabad,17.385,78.4867,2026-02-19 20:00:00,44.5,43.3,690.0,14.3,12.5,104.0,26.3,37,0.0,7.0
Hyderabad,17.385,78.4867,2026-02-19 21:00:00,47.6,46.3,699.0,14.2,13.9,102.0,25.6,38,0.0,7.7
Hyderabad,17.385,78.4867,2026-02-19 22:00:00,50.8,49.4,667.0,12.5,15.1,104.0,25.1,40,0.0,7.9
Hyderabad,17.385,78.4867,2026-02-19 23:00:00,52.6,51.1,613.0,10.7,15.7,106.0,24.0,44,0.0,9.0
Hyderabad,17.385,78.4867,2026-02-20 00:00:00,52.3,50.8,522.0,8.9,15.2,104.0,23.0,50,0.0,10.9
Hyderabad,17.385,78.4867,2026-02-20 01:00:00,50.3,48.9,408.0,7.0,14.1,100.0,21.9,61,0.0,10.0
Hyderabad,17.385,78.4867,2026-02-20 02:00:00,47.6,46.1,331.0,5.5,13.2,98.0,21.1,70,0.0,9.6
Hyderabad,17.385,78.4867,2026-02-20 03:00:00,45.4,43.5,317.0,4.6,12.7,98.0,20.4,75,0.0,8.7
Hyderabad,17.385,78.4867,2026-02-20 04:00:00,43.8,41.6,340.0,4.2,12.4,98.0,19.8,78,0.0,8.2
Hyderabad,17.385,78.4867,2026-02-20 05:00:00,42.6,40.5,382.0,4.8,14.4,100.0,19.5,82,0.0,8.2
Hyderabad,17.385,78.4867,2026-02-20 06:00:00,41.9,39.5,466.0,6.4,15.9,102.0,19.6,82,0.0,8.1
Hyderabad,17.385,78.4867,2026-02-20 07:00:00,43.1,40.4,569.0,8.6,17.9,106.0,19.8,77,0.0,7.0
Hyderabad,17.385,78.4867,2026-02-20 08:00:00,42.8,39.5,608.0,9.4,18.6,112.0,21.6,66,0.0,7.2
Hyderabad,17.385,78.4867,2026-02-20 09:00:00,40.0,36.0,523.0,7.6,17.0,123.0,24.1,51,0.0,8.7
Hyderabad,17.385,78.4867,2026-02-20 10:00:00,36.6,32.8,374.0,4.5,14.1,136.0,26.4,39,0.0,10.9
Hyderabad,17.385,78.4867,2026-02-20 11:00:00,32.6,29.6,262.0,2.2,11.5,144.0,27.9,35,0.0,10.6
Hyderabad,17.385,78.4867,2026-02-20 12:00:00,29.3,26.8,230.0,1.4,9.5,142.0,29.5,29,0.0,9.9
Hyderabad,17.385,78.4867,2026-02-20 13:00:00,27.2,25.1,236.0,1.3,7.8,134.0,30.6,26,0.0,9.4
Hyderabad,17.385,78.4867,2026-02-20 14:00:00,26.4,24.6,250.0,1.6,6.7,129.0,31.0,25,0.0,9.0
Hyderabad,17.385,78.4867,2026-02-20 15:00:00,26.3,24.6,259.0,1.8,6.4,129.0,31.0,25,0.0,8.8
Hyderabad,17.385,78.4867,2026-02-20 16:00:00,26.8,25.1,277.0,2.4,6.8,132.0,30.6,27,0.0,9.1
Hyderabad,17.385,78.4867,2026-02-20 17:00:00,22.0,20.7,319.0,3.9,6.6,127.0,29.3,35,0.0,11.8
Hyderabad,17.385,78.4867,2026-02-20 18:00:00,25.4,24.4,396.0,7.3,8.1,119.0,28.5,37,0.0,10.8
Hyderabad,17.385,78.4867,2026-02-20 19:00:00,28.2,27.3,497.0,11.9,10.1,108.0,27.8,40,0.0,8.2
Hyderabad,17.385,78.4867,2026-02-20 20:00:00,29.5,28.8,600.0,14.9,11.7,100.0,27.0,44,0.0,7.1
Hyderabad,17.385,78.4867,2026-02-20 21:00:00,30.5,29.7,727.0,14.8,12.6,99.0,26.4,45,0.0,7.1
Hyderabad,17.385,78.4867,2026-02-20 22:00:00,31.5,30.7,855.0,13.1,13.1,102.0,25.9,46,0.0,6.7
Hyderabad,17.385,78.4867,2026-02-20 23:00:00,31.9,31.0,895.0,11.3,13.2,103.0,25.2,46,0.0,6.6
Hyderabad,17.385,78.4867,2026-02-21 00:00:00,30.6,29.7,764.0,9.7,12.5,101.0,24.5,50,0.0,9.9
Hyderabad,17.385,78.4867,2026-02-21 01:00:00,29.4,28.5,544.0,7.9,11.4,98.0,23.1,60,0.0,7.6
Hyderabad,17.385,78.4867,2026-02-21 02:00:00,28.8,27.7,390.0,6.7,10.5,95.0,22.4,65,0.0,5.8
Hyderabad,17.385,78.4867,2026-02-21 03:00:00,28.8,27.6,367.0,6.2,10.0,93.0,21.8,68,0.0,4.9
Hyderabad,17.385,78.4867,2026-02-21 04:00:00,29.0,27.7,409.0,6.3,9.8,92.0,21.4,70,0.0,5.6
Hyderabad,17.385,78.4867,2026-02-21 05:00:00,23.5,22.4,474.0,5.7,9.9,87.0,20.9,75,0.0,6.0
Hyderabad,17.385,78.4867,2026-02-21 06:00:00,23.0,21.9,583.0,7.7,10.9,84.0,20.9,74,0.0,6.0
Hyderabad,17.385,78.4867,2026-02-21 07:00:00,24.7,23.7,715.0,10.3,12.2,81.0,21.0,74,0.0,5.4
Hyderabad,17.385,78.4867,2026-02-21 08:00:00,23.1,22.3,769.0,11.3,12.6,84.0,22.9,63,0.0,4.7
Hyderabad,17.385,78.4867,2026-02-21 09:00:00,21.7,20.8,672.0,9.0,11.2,98.0,25.4,52,0.0,5.4
Hyderabad,17.385,78.4867,2026-02-21 10:00:00,21.4,20.7,498.0,5.0,8.8,117.0,27.8,43,0.0,6.7
Hyderabad,17.385,78.4867,2026-02-21 11:00:00,21.8,21.1,365.0,2.0,7.1,133.0,29.0,36,0.0,8.4
Hyderabad,17.385,78.4867,2026-02-21 12:00:00,23.1,22.4,323.0,1.2,6.7,141.0,30.4,31,0.0,8.4
Hyderabad,17.385,78.4867,2026-02-21 13:00:00,23.3,22.6,322.0,1.3,6.9,145.0,31.1,29,0.0,8.0
Hyderabad,17.385,78.4867,2026-02-21 14:00:00,23.6,22.9,332.0,1.8,7.1,147.0,31.4,28,0.0,7.5
Hyderabad,17.385,78.4867,2026-02-21 15:00:00,23.9,23.3,341.0,2.0,7.1,149.0,31.5,28,0.0,7.9
Hyderabad,17.385,78.4867,2026-02-21 16:00:00,24.6,24.0,361.0,2.6,7.1,149.0,31.2,29,0.0,8.4
Hyderabad,17.385,78.4867,2026-02-21 17:00:00,14.9,14.7,394.0,4.3,7.2,145.0,30.5,31,0.0,10.8
Hyderabad,17.385,78.4867,2026-02-21 18:00:00,19.4,19.2,440.0,8.7,8.5,130.0,29.7,33,0.0,9.9
Hyderabad,17.385,78.4867,2026-02-21 19:00:00,23.6,23.3,499.0,14.8,10.2,111.0,29.1,35,0.0,9.0
Hyderabad,17.385,78.4867,2026-02-21 20:00:00,25.3,25.0,573.0,18.5,11.5,97.0,28.2,38,0.0,8.7
Hyderabad,17.385,78.4867,2026-02-21 21:00:00,25.7,25.4,691.0,17.8,12.0,96.0,27.2,40,0.0,7.1
Hyderabad,17.385,78.4867,2026-02-21 22:00:00,26.5,26.2,823.0,14.8,12.1,102.0,26.2,43,0.0,4.4
Hyderabad,17.385,78.4867,2026-02-21 23:00:00,27.2,26.8,883.0,12.0,11.9,105.0,25.5,45,0.0,4.8
Hyderabad,17.385,78.4867,2026-02-22 00:00:00,26.5,26.2,808.0,9.9,11.3,102.0,25.0,46,0.0,6.6
Hyderabad,17.385,78.4867,2026-02-22 01:00:00,25.3,25.0,661.0,8.0,10.5,96.0,24.3,50,0.0,8.3
Hyderabad,17.385,78.4867,2026-02-22 02:00:00,23.7,23.3,548.0,6.7,9.7,90.0,22.9,60,0.0,6.5
Hyderabad,17.385,78.4867,2026-02-22 03:00:00,22.5,22.1,504.0,6.1,9.0,83.0,22.3,64,0.0,5.1
Hyderabad,17.385,78.4867,2026-02-22 04:00:00,21.8,21.3,494.0,6.2,8.3,76.0,21.9,66,0.0,3.2
Hyderabad,17.385,78.4867,2026-02-22 05:00:00,17.6,17.0,518.0,6.8,5.8,62.0,21.8,74,0.0,3.4
Hyderabad,17.385,78.4867,2026-02-22 06:00:00,18.6,18.0,615.0,8.6,6.4,61.0,22.1,73,0.0,5.6
Hyderabad,17.385,78.4867,2026-02-22 07:00:00,22.8,22.2,746.0,11.0,7.3,60.0,22.2,71,0.0,5.2
Hyderabad,17.385,78.4867,2026-02-22 08:00:00,19.3,18.6,799.0,11.8,7.6,65.0,23.4,65,0.0,4.0
Hyderabad,17.385,78.4867,2026-02-22 09:00:00,17.2,16.5,696.0,9.4,6.9,80.0,24.5,60,0.0,4.1
Hyderabad,17.385,78.4867,2026-02-22 10:00:00,16.6,16.0,516.0,5.4,5.6,100.0,27.4,47,0.0,7.3
Hyderabad,17.385,78.4867,2026-02-22 11:00:00,18.5,17.9,379.0,2.4,4.8,118.0,28.8,41,0.0,5.9
Hyderabad,17.385,78.4867,2026-02-22 12:00:00,21.4,20.7,339.0,1.5,5.0,131.0,30.2,34,0.0,3.9
Hyderabad,17.385,78.4867,2026-02-22 13:00:00,23.8,23.0,342.0,1.6,5.6,140.0,30.8,30,0.0,3.6
Hyderabad,17.385,78.4867,2026-02-22 14:00:00,25.7,24.9,356.0,2.0,6.1,147.0,31.9,26,0.0,2.3
Hyderabad,17.385,78.4867,2026-02-22 15:00:00,26.9,26.0,368.0,2.1,6.2,151.0,31.8,25,0.0,3.3
Hyderabad,17.385,78.4867,2026-02-22 16:00:00,27.8,26.8,390.0,2.5,6.2,152.0,31.2,27,0.0,5.4
Hyderabad,17.385,78.4867,2026-02-22 17:00:00,35.3,34.2,423.0,4.6,6.8,144.0,30.2,32,0.0,12.1
Hyderabad,17.385,78.4867,2026-02-22 18:00:00,39.5,38.6,463.0,9.6,8.2,128.0,29.4,36,0.0,8.1
Hyderabad,17.385,78.4867,2026-02-22 19:00:00,43.5,42.7,515.0,16.3,10.2,105.0,28.3,39,0.0,8.4
Hyderabad,17.385,78.4867,2026-02-22 20:00:00,44.4,43.7,592.0,20.7,11.6,89.0,27.1,43,0.0,7.2
Hyderabad,17.385,78.4867,2026-02-22 21:00:00,43.4,42.8,723.0,20.5,12.0,85.0,26.4,46,0.0,6.0
Hyderabad,17.385,78.4867,2026-02-22 22:00:00,42.8,42.1,880.0,18.0,11.9,87.0,25.9,48,0.0,4.3
Hyderabad,17.385,78.4867,2026-02-22 23:00:00,42.5,41.7,991.0,15.3,11.5,88.0,25.5,52,0.0,4.3
Hyderabad,17.385,78.4867,2026-02-23 00:00:00,41.7,40.9,1031.0,13.0,10.8,87.0,24.8,54,0.0,3.2
Hyderabad,17.385,78.4867,2026-02-23 01:00:00,40.5,39.7,1026.0,10.5,9.9,86.0,24.2,57,0.0,5.5
Hyderabad,17.385,78.4867,2026-02-23 02:00:00,38.0,37.3,982.0,8.6,9.0,83.0,23.5,61,0.0,4.8
Hyderabad,17.385,78.4867,2026-02-23 03:00:00,34.5,33.6,878.0,7.4,8.2,75.0,22.8,66,0.0,4.0
Hyderabad,17.385,78.4867,2026-02-23 04:00:00,30.4,29.6,736.0,6.8,7.4,65.0,22.5,71,0.0,4.9
Hyderabad,17.385,78.4867,2026-02-23 05:00:00,36.2,35.4,628.0,10.1,10.7,73.0,21.8,84,0.0,2.0
Hyderabad,17.385,78.4867,2026-02-23 06:00:00,36.1,35.2,595.0,11.9,11.0,71.0,21.7,86,0.0,4.5
Hyderabad,17.385,78.4867,2026-02-23 07:00:00,38.2,37.3,595.0,14.3,11.3,68.0,21.8,86,0.0,3.6
Hyderabad,17.385,78.4867,2026-02-23 08:00:00,30.4,29.5,580.0,14.8,11.3,73.0,22.9,79,0.0,5.2
Hyderabad,17.385,78.4867,2026-02-23 09:00:00,25.9,24.9,521.0,11.5,10.9,91.0,24.9,67,0.0,6.4
Hyderabad,17.385,78.4867,2026-02-23 10:00:00,28.2,27.2,447.0,6.3,10.2,117.0,26.9,57,0.0,5.0
Hyderabad,17.385,78.4867,2026-02-23 11:00:00,33.2,32.1,388.0,2.5,9.3,136.0,27.9,49,0.0,4.9
Hyderabad,17.385,78.4867,2026-02-23 12:00:00,36.3,35.2,347.0,1.3,8.1,142.0,29.5,41,0.0,6.6
Hyderabad,17.385,78.4867,2026-02-23 13:00:00,37.7,36.4,323.0,1.5,6.7,143.0,30.7,36,0.0,7.5
Hyderabad,17.385,78.4867,2026-02-23 14:00:00,55.8,54.0,336.0,2.5,6.0,141.0,31.4,33,0.0,7.5
Hyderabad,17.385,78.4867,2026-02-23 15:00:00,48.5,47.1,403.0,3.9,6.3,141.0,27.4,49,1.3,2.0
Hyderabad,17.385,78.4867,2026-02-23 16:00:00,50.6,49.2,509.0,6.1,7.3,139.0,25.0,58,0.6,12.5
Hyderabad,17.385,78.4867,2026-02-23 17:00:00,67.1,65.0,630.0,6.8,6.9,126.0,27.6,44,0.0,2.2
Hyderabad,17.385,78.4867,2026-02-23 18:00:00,73.1,71.7,792.0,12.0,9.1,113.0,27.9,43,0.0,2.6
Hyderabad,17.385,78.4867,2026-02-23 19:00:00,66.8,65.7,969.0,19.2,12.1,95.0,27.5,45,0.0,5.6
Hyderabad,17.385,78.4867,2026-02-23 20:00:00,61.5,60.5,1059.0,24.0,14.1,80.0,27.2,48,0.0,7.1
Hyderabad,17.385,78.4867,2026-02-23 21:00:00,60.3,59.1,994.0,24.5,14.4,72.0,26.2,52,0.0,5.7
Hyderabad,17.385,78.4867,2026-02-23 22:00:00,61.5,60.3,842.0,22.7,13.8,67.0,25.5,55,0.0,5.6
Hyderabad,17.385,78.4867,2026-02-23 23:00:00,61.5,60.1,710.0,20.0,12.8,66.0,22.8,72,0.0,9.8
Hyderabad,17.385,78.4867,2026-02-24 00:00:00,59.3,58.1,634.0,16.3,11.4,72.0,22.0,75,0.0,7.9
Hyderabad,17.385,78.4867,2026-02-24 01:00:00,52.4,51.5,577.0,11.9,9.7,83.0,21.3,76,0.0,4.3
Hyderabad,17.385,78.4867,2026-02-24 02:00:00,49.6,48.8,539.0,8.5,8.5,90.0,20.6,79,0.3,9.4
Hyderabad,17.385,78.4867,2026-02-24 03:00:00,47.0,46.2,517.0,7.1,8.2,90.0,20.0,84,0.6,2.1
Hyderabad,17.385,78.4867,2026-02-24 04:00:00,44.4,43.7,513.0,6.8,8.4,88.0,19.5,93,2.2,9.4
Hyderabad,17.385,78.4867,2026-02-24 05:00:00,57.5,56.7,529.0,7.8,9.2,78.0,19.9,96,0.5,6.9
Hyderabad,17.385,78.4867,2026-02-24 06:00:00,58.1,57.0,590.0,8.6,9.6,81.0,20.2,94,0.1,6.0
Hyderabad,17.385,78.4867,2026-02-24 07:00:00,56.8,55.9,671.0,9.5,10.0,85.0,20.2,92,0.0,4.5
Hyderabad,17.385,78.4867,2026-02-24 08:00:00,49.7,49.0,693.0,9.5,9.8,93.0,21.5,85,0.0,7.0
Hyderabad,17.385,78.4867,2026-02-24 09:00:00,42.3,41.6,599.0,7.5,8.3,106.0,23.5,73,0.0,7.9
Hyderabad,17.385,78.4867,2026-02-24 10:00:00,34.5,33.9,446.0,4.4,6.2,123.0,25.0,64,0.0,8.4
Hyderabad,17.385,78.4867,2026-02-24 11:00:00,33.4,32.8,335.0,2.2,4.5,135.0,25.8,59,0.0,6.4
Hyderabad,17.385,78.4867,2026-02-24 12:00:00,33.8,33.1,311.0,1.4,3.8,141.0,27.1,53,0.0,3.8
Hyderabad,17.385,78.4867,2026-02-24 13:00:00,34.1,33.4,329.0,1.3,3.6,143.0,27.9,49,0.0,1.7
Hyderabad,17.385,78.4867,2026-02-24 14:00:00,33.1,32.4,349.0,1.9,3.6,143.0,28.3,45,0.0,2.7
Hyderabad,17.385,78.4867,2026-02-24 15:00:00,32.4,31.7,357.0,2.2,3.5,143.0,28.8,41,0.0,2.7
Hyderabad,17.385,78.4867,2026-02-24 16:00:00,31.9,31.2,368.0,3.1,3.6,141.0,28.9,37,0.0,4.3
Hyderabad,17.385,78.4867,2026-02-24 17:00:00,39.0,38.2,387.0,6.2,4.7,135.0,28.9,38,0.0,2.4
Hyderabad,17.385,78.4867,2026-02-24 18:00:00,48.9,48.2,408.0,19.6,8.3,112.0,27.6,43,0.0,4.5
Hyderabad,17.385,78.4867,2026-02-24 19:00:00,58.0,57.2,438.0,38.1,13.4,80.0,26.2,49,0.0,5.4
Hyderabad,17.385,78.4867,2026-02-24 20:00:00,64.0,63.3,500.0,51.7,17.6,57.0,25.1,56,0.0,3.6
Hyderabad,17.385,78.4867,2026-02-24 21:00:00,68.2,67.5,621.0,56.0,20.4,49.0,24.4,59,0.0,4.1
Hyderabad,17.385,78.4867,2026-02-24 22:00:00,71.7,71.0,773.0,55.5,22.4,50.0,23.3,65,0.0,3.7
Hyderabad,17.385,78.4867,2026-02-24 23:00:00,73.1,72.4,904.0,53.0,23.2,52.0,22.2,77,0.0,3.4
Hyderabad,17.385,78.4867,2026-02-25 00:00:00,71.0,70.1,1012.0,49.2,22.0,55.0,22.2,75,0.0,4.3
Hyderabad,17.385,78.4867,2026-02-25 01:00:00,67.5,66.6,1097.0,43.6,19.5,60.0,21.7,77,0.0,4.2
Hyderabad,17.385,78.4867,2026-02-25 02:00:00,64.0,63.1,1107.0,37.3,17.4,66.0,21.4,78,0.0,5.3
Hyderabad,17.385,78.4867,2026-02-25 03:00:00,61.9,61.0,970.0,29.6,16.3,72.0,21.2,79,0.0,5.5
Hyderabad,17.385,78.4867,2026-02-25 04:00:00,61.2,60.1,758.0,21.4,15.7,77.0,20.8,80,0.0,4.7
Hyderabad,17.385,78.4867,2026-02-25 05:00:00,61.5,60.3,626.0,15.9,16.7,84.0,20.9,86,0.0,2.6
Hyderabad,17.385,78.4867,2026-02-25 06:00:00,61.5,60.1,683.0,17.9,16.8,83.0,21.0,84,0.0,3.0
Hyderabad,17.385,78.4867,2026-02-25 07:00:00,66.4,65.0,821.0,20.3,16.9,82.0,21.2,84,0.0,4.1
Hyderabad,17.385,78.4867,2026-02-25 08:00:00,61.0,60.1,874.0,20.3,16.1,87.0,22.9,79,0.0,3.3
Hyderabad,17.385,78.4867,2026-02-25 09:00:00,52.4,51.3,740.0,15.4,13.5,104.0,25.1,67,0.0,4.1
Hyderabad,17.385,78.4867,2026-02-25 10:00:00,46.2,45.2,520.0,8.1,9.9,128.0,27.1,55,0.0,5.1
Hyderabad,17.385,78.4867,2026-02-25 11:00:00,43.2,42.3,354.0,2.7,7.4,146.0,28.6,43,0.0,6.2
Hyderabad,17.385,78.4867,2026-02-25 12:00:00,43.5,42.5,300.0,1.1,6.9,155.0,28.7,39,0.0,5.6
Hyderabad,17.385,78.4867,2026-02-25 13:00:00,44.0,42.8,300.0,1.5,7.5,158.0,29.0,37,0.0,3.5
Hyderabad,17.385,78.4867,2026-02-25 14:00:00,44.0,43.0,313.0,2.7,8.1,160.0,29.0,36,0.0,3.7
Hyderabad,17.385,78.4867,2026-02-25 15:00:00,43.7,42.6,304.0,3.0,8.1,163.0,29.0,36,0.0,2.6
Hyderabad,17.385,78.4867,2026-02-25 16:00:00,43.5,42.5,309.0,4.1,8.2,163.0,28.6,36,0.0,3.7
Hyderabad,17.385,78.4867,2026-02-25 17:00:00,51.8,50.9,399.0,10.2,8.3,148.0,27.7,44,0.0,4.0
Hyderabad,17.385,78.4867,2026-02-25 18:00:00,63.3,62.4,636.0,21.9,11.3,125.0,26.3,50,0.0,5.6
Hyderabad,17.385,78.4867,2026-02-25 19:00:00,70.3,69.6,957.0,37.8,15.4,94.0,26.0,50,0.0,6.1
Hyderabad,17.385,78.4867,2026-02-25 20:00:00,75.0,74.0,1248.0,48.4,18.7,71.0,25.4,61,0.0,2.3
Hyderabad,17.385,78.4867,2026-02-25 21:00:00,78.0,77.1,1477.0,49.1,20.5,65.0,24.9,61,0.0,1.6
Hyderabad,17.385,78.4867,2026-02-25 22:00:00,78.9,78.2,1676.0,44.5,21.4,67.0,23.8,61,0.0,3.5
Hyderabad,17.385,78.4867,2026-02-25 23:00:00,74.5,73.6,1818.0,38.6,21.3,72.0,22.9,70,0.0,1.9
Hyderabad,17.385,78.4867,2026-02-26 00:00:00,68.2,67.5,1898.0,32.0,19.7,79.0,22.6,70,0.0,3.4
Hyderabad,17.385,78.4867,2026-02-26 01:00:00,63.3,62.6,1922.0,24.2,17.0,87.0,22.0,72,0.0,4.7
Hyderabad,17.385,78.4867,2026-02-26 02:00:00,59.8,59.0,1885.0,17.9,14.7,94.0,21.6,74,0.0,4.3
Hyderabad,17.385,78.4867,2026-02-26 03:00:00,57.7,56.8,1750.0,13.8,13.1,97.0,21.1,74,0.0,6.4
Hyderabad,17.385,78.4867,2026-02-26 04:00:00,56.5,55.6,1554.0,11.3,11.9,97.0,20.7,76,0.0,3.5
Hyderabad,17.385,78.4867,2026-02-26 05:00:00,59.8,59.0,1409.0,14.2,14.1,94.0,20.4,81,0.0,3.9
Hyderabad,17.385,78.4867,2026-02-26 06:00:00,57.7,56.9,1403.0,17.8,15.0,92.0,21.0,80,0.0,2.7
Hyderabad,17.385,78.4867,2026-02-26 07:00:00,62.4,61.5,1447.0,22.5,16.2,89.0,21.1,81,0.0,4.6
Hyderabad,17.385,78.4867,2026-02-26 08:00:00,56.5,55.9,1385.0,23.7,16.4,94.0,22.8,77,0.0,3.8
Hyderabad,17.385,78.4867,2026-02-26 09:00:00,48.0,47.3,1094.0,18.1,14.7,113.0,25.3,63,0.0,1.2
Hyderabad,17.385,78.4867,2026-02-26 10:00:00,44.2,43.4,697.0,9.1,11.9,139.0,27.0,51,0.0,5.3
Hyderabad,17.385,78.4867,2026-02-26 11:00:00,43.5,42.6,406.0,2.4,9.7,159.0,28.5,43,0.0,4.3
Hyderabad,17.385,78.4867,2026-02-26 12:00:00,44.2,43.3,324.0,0.4,8.6,167.0,28.7,40,0.0,1.7
Hyderabad,17.385,78.4867,2026-02-26 13:00:00,44.1,43.1,348.0,0.9,8.1,168.0,29.2,39,0.0,1.9
Hyderabad,17.385,78.4867,2026-02-26 14:00:00,44.4,43.3,384.0,2.4,7.9,166.0,29.6,37,0.0,2.7
Hyderabad,17.385,78.4867,2026-02-26 15:00:00,44.7,43.7,394.0,4.8,7.9,164.0,29.7,36,0.0,4.4
Hyderabad,17.385,78.4867,2026-02-26 16:00:00,45.4,44.4,417.0,8.3,8.3,159.0,29.6,37,0.0,5.5
Hyderabad,17.385,78.4867,2026-02-26 17:00:00,55.5,54.5,474.0,13.0,8.7,148.0,29.2,42,0.0,2.0
Hyderabad,17.385,78.4867,2026-02-26 18:00:00,66.6,65.4,603.0,18.1,10.1,131.0,27.2,46,0.0,7.7
Hyderabad,17.385,78.4867,2026-02-26 19:00:00,68.2,67.3,767.0,25.0,12.1,107.0,25.4,53,0.0,8.1
Hyderabad,17.385,78.4867,2026-02-26 20:00:00,67.1,66.1,875.0,28.9,13.4,90.0,24.3,56,0.0,7.8
Hyderabad,17.385,78.4867,2026-02-26 21:00:00,62.4,61.7,882.0,27.0,13.3,85.0,23.7,58,0.0,6.0
Hyderabad,17.385,78.4867,2026-02-26 22:00:00,57.0,56.5,833.0,22.0,12.6,86.0,23.5,59,0.0,7.0
Hyderabad,17.385,78.4867,2026-02-26 23:00:00,53.7,53.0,769.0,17.3,11.9,88.0,22.7,67,0.0,4.8
Hyderabad,17.385,78.4867,2026-02-27 00:00:00,50.4,49.7,690.0,13.7,11.4,91.0,23.1,64,0.0,4.1
Hyderabad,17.385,78.4867,2026-02-27 01:00:00,47.8,47.1,596.0,10.4,11.0,95.0,22.5,69,0.0,3.8
Hyderabad,17.385,78.4867,2026-02-27 02:00:00,45.5,44.8,534.0,7.9,10.7,98.0,22.3,68,0.0,3.2
Hyderabad,17.385,78.4867,2026-02-27 03:00:00,43.4,42.7,511.0,6.2,10.6,100.0,21.9,67,0.0,5.2
Hyderabad,17.385,78.4867,2026-02-27 04:00:00,41.9,41.1,520.0,5.3,10.5,101.0,21.5,69,0.0,5.5
Hyderabad,17.385,78.4867,2026-02-27 05:00:00,44.1,43.3,582.0,7.0,12.9,106.0,21.6,76,0.0,2.9
Hyderabad,17.385,78.4867,2026-02-27 06:00:00,45.1,44.2,771.0,11.3,13.6,100.0,22.6,69,0.0,3.7
Hyderabad,17.385,78.4867,2026-02-27 07:00:00,50.2,49.2,1015.0,17.0,14.5,92.0,22.9,68,0.0,4.8
Hyderabad,17.385,78.4867,2026-02-27 08:00:00,47.5,46.9,1115.0,19.4,14.6,93.0,24.0,65,0.0,3.6
Hyderabad,17.385,78.4867,2026-02-27 09:00:00,41.2,40.5,932.0,15.2,13.0,110.0,25.6,58,0.0,7.4
Hyderabad,17.385,78.4867,2026-02-27 10:00:00,37.5,36.8,606.0,7.7,10.6,135.0,26.9,51,0.0,8.4
Hyderabad,17.385,78.4867,2026-02-27 11:00:00,36.8,36.1,363.0,2.2,8.6,153.0,28.3,44,0.0,6.1
Hyderabad,17.385,78.4867,2026-02-27 12:00:00,36.9,36.1,303.0,0.8,7.7,159.0,29.3,41,0.0,4.5
Hyderabad,17.385,78.4867,2026-02-27 13:00:00,37.4,36.6,327.0,1.4,7.3,158.0,30.2,38,0.0,4.4
Hyderabad,17.385,78.4867,2026-02-27 14:00:00,37.7,37.0,363.0,2.4,7.1,156.0,30.4,36,0.0,4.5
Hyderabad,17.385,78.4867,2026-02-27 15:00:00,37.0,36.3,387.0,2.4,6.6,156.0,30.4,34,0.0,4.5
Hyderabad,17.385,78.4867,2026-02-27 16:00:00,36.8,36.1,423.0,2.8,6.3,154.0,30.1,35,0.0,2.9
Hyderabad,17.385,78.4867,2026-02-27 17:00:00,40.4,39.7,472.0,7.5,7.1,143.0,30.2,37,0.0,2.5
Hyderabad,17.385,78.4867,2026-02-27 18:00:00,53.6,52.7,550.0,19.5,9.7,120.0,29.0,44,0.0,1.4
Hyderabad,17.385,78.4867,2026-02-27 19:00:00,62.6,61.7,641.0,35.6,13.2,88.0,27.4,51,0.0,6.7
Hyderabad,17.385,78.4867,2026-02-27 20:00:00,61.7,61.0,700.0,44.8,15.3,66.0,26.4,50,0.0,10.4
Hyderabad,17.385,78.4867,2026-02-27 21:00:00,57.6,56.9,706.0,40.7,14.8,64.0,25.4,53,0.0,7.5
Hyderabad,17.385,78.4867,2026-02-27 22:00:00,54.1,53.4,679.0,29.6,13.0,73.0,24.5,56,0.0,7.7
Hyderabad,17.385,78.4867,2026-02-27 23:00:00,50.5,49.8,638.0,20.1,11.3,81.0,24.0,60,0.0,7.0
Hyderabad,17.385,78.4867,2026-02-28 00:00:00,47.0,46.3,574.0,15.1,10.3,85.0,23.9,61,0.0,7.4
Hyderabad,17.385,78.4867,2026-02-28 01:00:00,44.8,44.2,496.0,11.6,9.5,88.0,23.4,62,0.0,8.1
Hyderabad,17.385,78.4867,2026-02-28 02:00:00,43.9,43.3,445.0,9.1,9.0,90.0,22.8,63,0.0,7.4
Hyderabad,17.385,78.4867,2026-02-28 03:00:00,43.1,42.5,436.0,7.2,9.0,91.0,22.4,65,0.0,6.7
Hyderabad,17.385,78.4867,2026-02-28 04:00:00,41.8,41.1,455.0,6.3,9.3,91.0,21.5,74,0.0,2.6
Hyderabad,17.385,78.4867,2026-02-28 05:00:00,37.1,36.6,504.0,5.9,11.4,92.0,20.8,78,0.0,2.3
Hyderabad,17.385,78.4867,2026-02-28 06:00:00,36.0,35.3,626.0,8.3,11.1,90.0,22.0,70,0.0,6.2
Hyderabad,17.385,78.4867,2026-02-28 07:00:00,39.1,38.4,779.0,11.5,10.8,88.0,22.3,68,0.0,6.8
Hyderabad,17.385,78.4867,2026-02-28 08:00:00,36.3,35.9,839.0,12.7,10.3,92.0,23.6,64,0.0,9.3
Hyderabad,17.385,78.4867,2026-02-28 09:00:00,33.1,32.5,718.0,10.0,9.8,110.0,25.4,56,0.0,9.4
Hyderabad,17.385,78.4867,2026-02-28 10:00:00,32.7,32.0,505.0,5.3,9.1,134.0,27.7,47,0.0,7.5
Hyderabad,17.385,78.4867,2026-02-28 11:00:00,33.9,33.2,345.0,1.9,8.5,152.0,29.2,40,0.0,8.8
Hyderabad,17.385,78.4867,2026-02-28 12:00:00,33.8,33.1,301.0,1.0,7.8,158.0,30.5,36,0.0,8.0
Hyderabad,17.385,78.4867,2026-02-28 13:00:00,31.2,30.6,310.0,1.3,7.1,157.0,31.0,34,0.0,6.9
Hyderabad,17.385,78.4867,2026-02-28 14:00:00,30.3,29.7,328.0,2.0,6.6,155.0,31.2,32,0.0,6.5
Hyderabad,17.385,78.4867,2026-02-28 15:00:00,29.8,29.2,337.0,2.1,6.2,155.0,31.6,30,0.0,5.6
Hyderabad,17.385,78.4867,2026-02-28 16:00:00,29.8,29.2,355.0,2.7,6.0,153.0,31.4,28,0.0,5.6
Hyderabad,17.385,78.4867,2026-02-28 17:00:00,36.9,36.1,394.0,6.3,6.9,148.0,31.3,29,0.0,4.8
Hyderabad,17.385,78.4867,2026-02-28 18:00:00,46.8,46.1,471.0,16.4,9.4,126.0,30.4,32,0.0,5.7
Hyderabad,17.385,78.4867,2026-02-28 19:00:00,54.5,53.8,569.0,30.2,12.8,97.0,28.6,40,0.0,6.5
Hyderabad,17.385,78.4867,2026-02-28 20:00:00,55.1,54.4,646.0,39.0,15.0,75.0,27.3,45,0.0,7.5
Hyderabad,17.385,78.4867,2026-02-28 21:00:00,53.0,52.4,698.0,38.4,15.0,69.0,26.3,47,0.0,6.2
Hyderabad,17.385,78.4867,2026-02-28 22:00:00,53.3,52.7,730.0,32.8,13.8,71.0,25.4,50,0.0,7.3
Hyderabad,17.385,78.4867,2026-02-28 23:00:00,53.6,53.0,713.0,26.7,12.5,73.0,24.5,59,0.0,9.1
Hyderabad,17.385,78.4867,2026-03-01 00:00:00,50.4,49.8,605.0,21.0,11.4,73.0,24.2,63,0.0,8.8
Hyderabad,17.385,78.4867,2026-03-01 01:00:00,49.1,48.5,449.0,14.7,10.2,73.0,23.6,64,0.0,7.2
Hyderabad,17.385,78.4867,2026-03-01 02:00:00,48.9,48.2,347.0,9.9,9.1,75.0,23.1,66,0.0,5.8
Hyderabad,17.385,78.4867,2026-03-01 03:00:00,49.4,48.5,352.0,7.0,8.2,79.0,22.7,66,0.0,4.8
Hyderabad,17.385,78.4867,2026-03-01 04:00:00,50.1,49.1,412.0,5.5,7.5,84.0,22.6,63,0.0,6.0
Hyderabad,17.385,78.4867,2026-03-01 05:00:00,48.1,47.1,472.0,6.8,7.2,86.0,21.9,72,0.0,3.4
Hyderabad,17.385,78.4867,2026-03-01 06:00:00,49.9,48.9,527.0,10.3,8.2,84.0,21.8,71,0.0,10.8
Hyderabad,17.385,78.4867,2026-03-01 07:00:00,53.1,52.2,582.0,14.9,9.6,82.0,22.0,71,0.0,8.1
Hyderabad,17.385,78.4867,2026-03-01 08:00:00,53.0,52.3,595.0,16.7,10.3,87.0,24.0,59,0.0,10.3
Hyderabad,17.385,78.4867,2026-03-01 09:00:00,51.0,50.1,528.0,13.1,9.7,107.0,26.3,48,0.0,9.3
Hyderabad,17.385,78.4867,2026-03-01 10:00:00,48.5,47.6,418.0,6.7,8.5,135.0,28.6,39,0.0,9.1
Hyderabad,17.385,78.4867,2026-03-01 11:00:00,44.2,43.3,336.0,2.0,7.4,156.0,30.2,35,0.0,9.3
Hyderabad,17.385,78.4867,2026-03-01 12:00:00,39.1,38.3,308.0,0.7,6.5,162.0,31.7,31,0.0,8.4
Hyderabad,17.385,78.4867,2026-03-01 13:00:00,33.4,32.8,308.0,1.0,5.8,161.0,32.6,27,0.0,8.5
Hyderabad,17.385,78.4867,2026-03-01 14:00:00,31.8,31.2,320.0,2.0,5.3,159.0,31.9,28,0.0,9.9
Hyderabad,17.385,78.4867,2026-03-01 15:00:00,31.3,30.9,330.0,1.7,4.7,159.0,32.5,27,0.0,7.6
Hyderabad,17.385,78.4867,2026-03-01 16:00:00,31.1,30.6,352.0,2.1,4.3,158.0,32.7,25,0.0,5.5
Hyderabad,17.385,78.4867,2026-03-01 17:00:00,45.5,44.9,421.0,10.7,6.7,142.0,32.4,26,0.0,3.6
Hyderabad,17.385,78.4867,2026-03-01 18:00:00,60.5,59.8,567.0,25.5,12.5,122.0,31.5,27,0.0,1.2
Hyderabad,17.385,78.4867,2026-03-01 19:00:00,74.7,74.3,759.0,45.7,20.4,95.0,30.6,30,0.0,4.7
Hyderabad,17.385,78.4867,2026-03-01 20:00:00,84.1,83.6,934.0,58.5,25.1,74.0,29.3,37,0.0,8.7
Hyderabad,17.385,78.4867,2026-03-01 21:00:00,81.7,81.3,1110.0,57.6,23.7,65.0,28.0,42,0.0,7.1
Hyderabad,17.385,78.4867,2026-03-01 22:00:00,75.4,74.7,1268.0,49.4,19.1,63.0,26.6,46,0.0,7.0
Hyderabad,17.385,78.4867,2026-03-01 23:00:00,71.5,70.8,1291.0,40.3,15.2,63.0,25.8,51,0.0,6.5
Hyderabad,17.385,78.4867,2026-03-02 00:00:00,66.4,65.7,1061.0,31.2,13.1,65.0,25.0,57,0.0,6.0
Hyderabad,17.385,78.4867,2026-03-02 01:00:00,61.7,61.0,695.0,21.2,11.7,69.0,24.5,61,0.0,6.5
Hyderabad,17.385,78.4867,2026-03-02 02:00:00,58.9,58.0,433.0,13.7,10.7,73.0,24.3,62,0.0,6.6
Hyderabad,17.385,78.4867,2026-03-02 03:00:00,57.5,56.5,370.0,10.2,10.2,76.0,23.9,62,0.0,4.9
Hyderabad,17.385,78.4867,2026-03-02 04:00:00,57.0,55.8,411.0,9.3,10.2,78.0,23.5,63,0.0,3.1
Hyderabad,17.385,78.4867,2026-03-02 05:00:00,59.0,57.6,502.0,13.1,12.3,72.0,22.9,67,0.0,5.9
Hyderabad,17.385,78.4867,2026-03-02 06:00:00,59.3,57.9,684.0,15.7,12.5,71.0,23.0,67,0.0,3.1
Hyderabad,17.385,78.4867,2026-03-02 07:00:00,63.1,61.5,917.0,19.1,12.7,70.0,23.2,66,0.0,2.4
Hyderabad,17.385,78.4867,2026-03-02 08:00:00,58.1,57.0,1026.0,19.8,12.5,78.0,25.8,54,0.0,1.0
Hyderabad,17.385,78.4867,2026-03-02 09:00:00,53.0,51.8,892.0,15.1,11.3,101.0,28.6,43,0.0,2.5
Hyderabad,17.385,78.4867,2026-03-02 10:00:00,49.9,48.9,633.0,7.7,9.7,133.0,30.6,36,0.0,3.3
Hyderabad,17.385,78.4867,2026-03-02 11:00:00,45.6,44.8,432.0,2.3,8.4,158.0,31.2,33,0.0,1.9
Hyderabad,17.385,78.4867,2026-03-02 12:00:00,42.0,41.3,365.0,0.9,7.9,170.0,33.0,28,0.0,1.3
Hyderabad,17.385,78.4867,2026-03-02 13:00:00,40.6,40.0,356.0,1.4,7.9,176.0,33.8,25,0.0,1.3
Hyderabad,17.385,78.4867,2026-03-02 14:00:00,41.1,40.4,358.0,2.5,7.9,178.0,33.9,24,0.0,2.3
Hyderabad,17.385,78.4867,2026-03-02 15:00:00,40.7,40.2,354.0,3.2,7.8,180.0,34.1,23,0.0,5.1
Hyderabad,17.385,78.4867,2026-03-02 16:00:00,40.4,39.8,362.0,4.5,7.9,178.0,33.4,25,0.0,7.1
Hyderabad,17.385,78.4867,2026-03-02 17:00:00,48.1,47.3,387.0,8.8,8.0,160.0,31.8,32,0.0,11.3
Hyderabad,17.385,78.4867,2026-03-02 18:00:00,53.8,53.1,442.0,13.8,9.4,138.0,31.0,35,0.0,10.8
Hyderabad,17.385,78.4867,2026-03-02 19:00:00,55.5,54.9,516.0,20.6,11.3,109.0,30.2,37,0.0,9.8
Hyderabad,17.385,78.4867,2026-03-02 20:00:00,55.5,55.1,578.0,25.1,13.0,87.0,29.2,40,0.0,7.4
Hyderabad,17.385,78.4867,2026-03-02 21:00:00,55.5,55.1,605.0,25.4,14.3,81.0,28.0,45,0.0,6.1
Hyderabad,17.385,78.4867,2026-03-02 22:00:00,57.0,56.5,620.0,23.4,15.5,83.0,27.2,48,0.0,5.2
Hyderabad,17.385,78.4867,2026-03-02 23:00:00,59.3,58.6,668.0,21.1,16.2,85.0,26.7,51,0.0,3.8
Hyderabad,17.385,78.4867,2026-03-03 00:00:00,60.1,59.1,789.0,19.0,16.3,86.0,26.5,51,0.0,2.7
Hyderabad,17.385,78.4867,2026-03-03 01:00:00,60.5,59.6,942.0,16.6,15.9,88.0,25.8,54,0.0,0.9
Hyderabad,17.385,78.4867,2026-03-03 02:00:00,61.2,60.3,1053.0,14.6,15.5,89.0,25.1,56,0.0,1.7
Hyderabad,17.385,78.4867,2026-03-03 03:00:00,61.7,60.5,1063.0,12.9,15.0,88.0,24.7,58,0.0,2.3
Hyderabad,17.385,78.4867,2026-03-03 04:00:00,61.9,60.8,1030.0,11.6,14.4,87.0,23.9,61,0.0,4.8
Hyderabad,17.385,78.4867,2026-03-03 05:00:00,60.3,59.1,1052.0,10.8,14.0,92.0,22.8,73,0.0,1.5
Hyderabad,17.385,78.4867,2026-03-03 06:00:00,62.4,61.0,1247.0,15.7,15.4,92.0,22.8,73,0.0,2.1
Hyderabad,17.385,78.4867,2026-03-03 07:00:00,70.1,68.9,1497.0,22.0,17.2,94.0,23.0,73,0.0,2.2
Hyderabad,17.385,78.4867,2026-03-03 08:00:00,63.1,61.9,1549.0,24.4,18.0,102.0,26.2,56,0.0,0.7
Hyderabad,17.385,78.4867,2026-03-03 09:00:00,49.7,48.5,1205.0,18.8,16.8,125.0,29.4,39,0.0,3.7
Hyderabad,17.385,78.4867,2026-03-03 10:00:00,38.5,37.4,663.0,9.3,14.6,154.0,31.9,23,0.0,8.9
Hyderabad,17.385,78.4867,2026-03-03 11:00:00,31.0,29.9,263.0,2.2,12.8,176.0,32.5,23,0.0,9.7
Hyderabad,17.385,78.4867,2026-03-03 12:00:00,29.7,28.6,166.0,0.4,12.0,183.0,33.4,22,0.0,9.9
Hyderabad,17.385,78.4867,2026-03-03 13:00:00,29.7,28.6,211.0,1.0,11.6,183.0,34.0,22,0.0,10.2
Hyderabad,17.385,78.4867,2026-03-03 14:00:00,30.0,29.1,262.0,2.0,11.4,180.0,34.1,22,0.0,10.6
Hyderabad,17.385,78.4867,2026-03-03 15:00:00,30.2,29.3,262.0,1.9,11.1,179.0,33.9,22,0.0,10.8
Hyderabad,17.385,78.4867,2026-03-03 16:00:00,30.0,29.2,268.0,2.1,10.9,177.0,33.3,23,0.0,10.8
Hyderabad,17.385,78.4867,2026-03-03 17:00:00,29.7,28.8,312.0,5.0,10.7,170.0,32.5,24,0.0,10.4
Hyderabad,17.385,78.4867,2026-03-03 18:00:00,34.6,33.9,415.0,11.9,11.9,148.0,31.7,26,0.0,9.7
Hyderabad,17.385,78.4867,2026-03-03 19:00:00,39.1,38.4,556.0,21.5,13.5,117.0,30.6,29,0.0,9.0
Hyderabad,17.385,78.4867,2026-03-03 20:00:00,41.2,40.4,703.0,28.5,15.0,94.0,29.5,31,0.0,7.8
Hyderabad,17.385,78.4867,2026-03-03 21:00:00,42.5,41.7,854.0,30.7,16.1,87.0,28.5,33,0.0,6.3
Hyderabad,17.385,78.4867,2026-03-03 22:00:00,44.9,43.9,1011.0,30.4,17.0,87.0,28.1,33,0.0,6.4
Hyderabad,17.385,78.4867,2026-03-03 23:00:00,46.8,45.6,1142.0,29.5,17.5,89.0,26.7,40,0.0,1.4
Hyderabad,17.385,78.4867,2026-03-04 00:00:00,46.6,45.3,1240.0,28.2,17.2,90.0,26.6,37,0.0,1.5
Hyderabad,17.385,78.4867,2026-03-04 01:00:00,46.8,45.5,1313.0,26.2,16.5,93.0,25.6,40,0.0,1.8
Hyderabad,17.385,78.4867,2026-03-04 02:00:00,48.9,47.6,1352.0,24.6,15.9,92.0,24.3,46,0.0,2.1
Hyderabad,17.385,78.4867,2026-03-04 03:00:00,52.7,51.5,1341.0,23.5,15.6,85.0,23.0,56,0.0,3.9
Hyderabad,17.385,78.4867,2026-03-04 04:00:00,55.8,54.5,1296.0,22.8,15.5,75.0,22.0,64,0.0,3.4
Hyderabad,17.385,78.4867,2026-03-04 05:00:00,48.8,47.8,1261.0,17.8,19.6,105.0,20.9,81,0.0,1.1
Hyderabad,17.385,78.4867,2026-03-04 06:00:00,52.4,51.5,1288.0,21.8,21.7,104.0,21.9,69,0.0,3.1
Hyderabad,17.385,78.4867,2026-03-04 07:00:00,60.1,59.0,1324.0,26.9,24.5,104.0,23.1,56,0.0,4.0
Hyderabad,17.385,78.4867,2026-03-04 08:00:00,42.5,41.7,1253.0,28.0,24.9,112.0,26.3,39,0.0,1.7
Hyderabad,17.385,78.4867,2026-03-04 09:00:00,29.6,28.1,966.0,21.2,20.8,135.0,29.1,29,0.0,6.2
Hyderabad,17.385,78.4867,2026-03-04 10:00:00,22.4,20.2,573.0,10.3,14.4,165.0,30.9,24,0.0,9.5
Hyderabad,17.385,78.4867,2026-03-04 11:00:00,16.9,14.9,286.0,2.3,9.4,186.0,31.9,22,0.0,11.5
Hyderabad,17.385,78.4867,2026-03-04 12:00:00,15.7,13.8,210.0,0.2,7.5,189.0,32.9,19,0.0,12.1
Hyderabad,17.385,78.4867,2026-03-04 13:00:00,15.5,13.6,240.0,0.9,7.1,184.0,33.4,19,0.0,11.7
Hyderabad,17.385,78.4867,2026-03-04 14:00:00,15.8,13.9,277.0,1.9,7.0,177.0,33.6,18,0.0,11.3
Hyderabad,17.385,78.4867,2026-03-04 15:00:00,16.3,14.3,277.0,1.6,6.5,174.0,33.4,18,0.0,11.8
Hyderabad,17.385,78.4867,2026-03-04 16:00:00,16.7,14.6,284.0,1.7,6.3,171.0,32.9,19,0.0,11.2
Hyderabad,17.385,78.4867,2026-03-04 17:00:00,19.8,17.2,328.0,4.7,7.1,170.0,32.0,20,0.0,11.2
Hyderabad,17.385,78.4867,2026-03-04 18:00:00,24.7,22.5,416.0,13.3,9.3,147.0,31.2,21,0.0,9.2
Hyderabad,17.385,78.4867,2026-03-04 19:00:00,31.2,28.9,542.0,25.2,12.5,115.0,30.1,25,0.0,8.1
Hyderabad,17.385,78.4867,2026-03-04 20:00:00,36.0,33.6,720.0,34.1,15.3,91.0,29.0,28,0.0,6.1
Hyderabad,17.385,78.4867,2026-03-04 21:00:00,40.0,37.5,1010.0,37.6,17.6,83.0,28.7,28,0.0,3.3
Hyderabad,17.385,78.4867,2026-03-04 22:00:00,43.5,40.7,1352.0,38.2,19.5,83.0,27.9,30,0.0,0.6
Hyderabad,17.385,78.4867,2026-03-04 23:00:00,45.3,42.5,1587.0,37.2,20.4,85.0,26.3,41,0.0,0.4
Hyderabad,17.385,78.4867,2026-03-05 00:00:00,44.1,41.1,1645.0,34.4,19.6,86.0,26.3,34,0.0,1.2
Hyderabad,17.385,78.4867,2026-03-05 01:00:00,43.3,40.2,1595.0,29.9,17.8,89.0,25.4,36,0.0,3.1
Hyderabad,17.385,78.4867,2026-03-05 02:00:00,42.8,39.7,1483.0,25.6,16.3,91.0,24.3,40,0.0,3.6
Hyderabad,17.385,78.4867,2026-03-05 03:00:00,42.7,39.6,1250.0,21.6,15.4,91.0,23.1,47,0.0,4.0
Hyderabad,17.385,78.4867,2026-03-05 04:00:00,41.9,38.6,956.0,17.8,14.9,90.0,22.2,53,0.0,4.0
Hyderabad,17.385,78.4867,2026-03-05 05:00:00,43.0,39.2,827.0,17.5,20.4,115.0,21.0,65,0.0,2.7
Hyderabad,17.385,78.4867,2026-03-05 06:00:00,43.9,40.2,1075.0,22.1,22.3,117.0,21.7,59,0.0,6.0
Hyderabad,17.385,78.4867,2026-03-05 07:00:00,52.3,48.5,1488.0,28.1,24.7,121.0,22.6,51,0.0,5.9
Hyderabad,17.385,78.4867,2026-03-05 08:00:00,40.9,38.0,1654.0,29.7,25.2,128.0,26.2,38,0.0,2.7
Hyderabad,17.385,78.4867,2026-03-05 09:00:00,29.0,26.0,1300.0,22.6,22.1,142.0,30.1,26,0.0,2.7
Hyderabad,17.385,78.4867,2026-03-05 10:00:00,18.9,16.5,700.0,11.0,17.2,161.0,32.6,14,0.0,8.9
Hyderabad,17.385,78.4867,2026-03-05 11:00:00,16.9,14.8,255.0,2.5,13.3,174.0,33.0,14,0.0,11.1
Hyderabad,17.385,78.4867,2026-03-05 12:00:00,16.6,14.6,152.0,0.3,11.7,179.0,33.8,14,0.0,10.9
Hyderabad,17.385,78.4867,2026-03-05 13:00:00,16.6,14.6,205.0,1.0,11.3,179.0,34.2,14,0.0,10.1
Hyderabad,17.385,78.4867,2026-03-05 14:00:00,17.0,15.0,263.0,2.2,11.0,177.0,34.5,14,0.0,9.3
Hyderabad,17.385,78.4867,2026-03-05 15:00:00,17.5,15.5,254.0,1.7,10.4,177.0,34.3,14,0.0,10.0
Hyderabad,17.385,78.4867,2026-03-05 16:00:00,17.9,15.9,249.0,1.7,10.0,175.0,33.8,14,0.0,10.6
Hyderabad,17.385,78.4867,2026-03-05 17:00:00,27.8,24.5,310.0,5.8,10.6,171.0,32.8,16,0.0,10.5
Hyderabad,17.385,78.4867,2026-03-05 18:00:00,34.3,31.1,463.0,17.7,13.4,146.0,32.1,18,0.0,8.5
Hyderabad,17.385,78.4867,2026-03-05 19:00:00,43.4,39.9,681.0,34.3,17.3,111.0,31.2,21,0.0,6.4
Hyderabad,17.385,78.4867,2026-03-05 20:00:00,51.0,47.3,945.0,48.0,21.1,82.0,30.0,24,0.0,2.2
Hyderabad,17.385,78.4867,2026-03-05 21:00:00,58.0,54.0,1351.0,56.9,25.1,65.0,28.4,27,0.0,0.6
Hyderabad,17.385,78.4867,2026-03-05 22:00:00,66.1,62.2,1803.0,62.9,28.9,54.0,27.3,30,0.0,3.6
Hyderabad,17.385,78.4867,2026-03-05 23:00:00,71.5,67.3,1991.0,63.8,30.4,48.0,25.8,38,0.0,1.8
Hyderabad,17.385,78.4867,2026-03-06 00:00:00,68.7,64.7,1684.0,56.8,27.8,49.0,25.5,36,0.0,2.9
Hyderabad,17.385,78.4867,2026-03-06 01:00:00,63.6,59.4,1112.0,44.6,22.9,56.0,24.4,42,0.0,6.0
Hyderabad,17.385,78.4867,2026-03-06 02:00:00,57.3,53.2,661.0,33.6,18.7,63.0,24.1,43,0.0,6.2
Hyderabad,17.385,78.4867,2026-03-06 03:00:00,50.3,46.3,462.0,25.0,16.2,70.0,24.4,36,0.0,6.2
Hyderabad,17.385,78.4867,2026-03-06 04:00:00,43.3,39.8,383.0,17.5,14.4,78.0,24.5,32,0.0,5.9
Hyderabad,17.385,78.4867,2026-03-06 05:00:00,58.1,53.8,410.0,22.8,18.9,75.0,21.9,48,0.0,3.6
Hyderabad,17.385,78.4867,2026-03-06 06:00:00,53.8,49.7,631.0,24.1,18.8,79.0,22.7,42,0.0,5.9
Hyderabad,17.385,78.4867,2026-03-06 07:00:00,53.7,50.2,957.0,25.5,18.6,86.0,23.2,39,0.0,8.3
Hyderabad,17.385,78.4867,2026-03-06 08:00:00,42.3,40.6,1110.0,24.4,17.7,98.0,25.7,32,0.0,4.5
Hyderabad,17.385,78.4867,2026-03-06 09:00:00,29.2,27.8,906.0,18.0,15.3,119.0,29.4,24,0.0,4.7
Hyderabad,17.385,78.4867,2026-03-06 10:00:00,18.4,16.9,528.0,9.1,12.2,144.0,32.3,16,0.0,6.8
Hyderabad,17.385,78.4867,2026-03-06 11:00:00,16.5,13.4,247.0,2.5,9.8,162.0,33.6,13,0.0,8.0
Hyderabad,17.385,78.4867,2026-03-06 12:00:00,17.8,13.1,182.0,0.6,8.9,167.0,34.5,13,0.0,9.2
Hyderabad,17.385,78.4867,2026-03-06 13:00:00,19.0,13.4,214.0,1.1,8.9,165.0,34.9,13,0.0,9.4
Hyderabad,17.385,78.4867,2026-03-06 14:00:00,20.2,14.0,253.0,2.0,9.0,162.0,35.1,14,0.0,8.7
Hyderabad,17.385,78.4867,2026-03-06 15:00:00,21.2,14.7,263.0,1.8,8.9,161.0,35.1,14,0.0,7.9
Hyderabad,17.385,78.4867,2026-03-06 16:00:00,22.2,15.5,281.0,2.0,9.0,158.0,34.6,15,0.0,8.6
Hyderabad,17.385,78.4867,2026-03-06 17:00:00,27.0,19.4,327.0,5.5,9.5,160.0,33.5,17,0.0,9.4
Hyderabad,17.385,78.4867,2026-03-06 18:00:00,34.2,27.0,396.0,16.0,12.0,136.0,32.4,19,0.0,8.9
Hyderabad,17.385,78.4867,2026-03-06 19:00:00,43.3,35.2,493.0,30.6,15.7,103.0,31.1,22,0.0,8.5
Hyderabad,17.385,78.4867,2026-03-06 20:00:00,50.1,41.0,655.0,42.3,19.3,77.0,30.0,25,0.0,6.5
Hyderabad,17.385,78.4867,2026-03-06 21:00:00,55.6,45.8,954.0,48.5,23.0,66.0,29.1,27,0.0,5.1
Hyderabad,17.385,78.4867,2026-03-06 22:00:00,61.0,50.4,1318.0,51.8,26.8,62.0,28.7,27,0.0,4.4
Hyderabad,17.385,78.4867,2026-03-06 23:00:00,65.7,54.4,1569.0,53.0,29.2,59.0,27.3,36,0.0,0.9
Hyderabad,17.385,78.4867,2026-03-07 00:00:00,67.3,55.6,1629.0,52.3,29.8,55.0,27.1,29,0.0,2.8
Hyderabad,17.385,78.4867,2026-03-07 01:00:00,71.7,60.1,1575.0,49.5,29.0,52.0,25.9,32,0.0,2.1
Hyderabad,17.385,78.4867,2026-03-07 02:00:00,70.8,59.3,1459.0,44.7,27.5,53.0,23.8,40,0.0,7.6
Hyderabad,17.385,78.4867,2026-03-07 03:00:00,65.7,54.2,1210.0,36.3,24.8,58.0,22.9,44,0.0,6.4
Hyderabad,17.385,78.4867,2026-03-07 04:00:00,58.7,48.2,899.0,25.9,21.3,66.0,22.8,45,0.0,5.1
Hyderabad,17.385,78.4867,2026-03-07 05:00:00,62.9,48.7,789.0,22.5,27.0,85.0,21.8,58,0.0,1.3
Hyderabad,17.385,78.4867,2026-03-07 06:00:00,63.3,48.9,1139.0,26.1,28.0,88.0,21.6,59,0.0,4.5
Hyderabad,17.385,78.4867,2026-03-07 07:00:00,68.5,53.9,1691.0,30.7,29.2,93.0,22.0,59,0.0,3.2
Hyderabad,17.385,78.4867,2026-03-07 08:00:00,54.4,44.9,1932.0,31.2,28.6,103.0,26.8,39,0.0,1.7
Hyderabad,17.385,78.4867,2026-03-07 09:00:00,44.1,32.0,1526.0,23.4,24.5,124.0,30.8,23,0.0,4.3
Hyderabad,17.385,78.4867,2026-03-07 10:00:00,35.0,23.7,809.0,11.4,18.6,151.0,32.6,19,0.0,8.3
Hyderabad,17.385,78.4867,2026-03-07 11:00:00,30.5,19.7,276.0,2.5,13.7,171.0,33.4,17,0.0,8.3
Hyderabad,17.385,78.4867,2026-03-07 12:00:00,28.1,18.1,151.0,0.1,11.0,178.0,34.5,16,0.0,8.4
Hyderabad,17.385,78.4867,2026-03-07 13:00:00,26.5,17.3,209.0,0.9,9.4,178.0,35.1,16,0.0,9.5
Hyderabad,17.385,78.4867,2026-03-07 14:00:00,25.7,17.1,272.0,2.1,8.3,175.0,35.3,16,0.0,9.8
Hyderabad,17.385,78.4867,2026-03-07 15:00:00,25.0,16.9,273.0,2.1,7.5,173.0,35.2,16,0.0,8.8
Hyderabad,17.385,78.4867,2026-03-07 16:00:00,24.6,16.9,279.0,2.4,7.2,169.0,34.8,17,0.0,8.2
Hyderabad,17.385,78.4867,2026-03-07 17:00:00,28.3,21.1,314.0,5.5,7.6,173.0,33.8,18,0.0,11.0
Hyderabad,17.385,78.4867,2026-03-07 18:00:00,34.1,27.2,376.0,12.9,9.5,150.0,32.8,19,0.0,8.7
Hyderabad,17.385,78.4867,2026-03-07 19:00:00,41.0,33.5,467.0,23.1,12.2,119.0,31.5,22,0.0,6.4
Hyderabad,17.385,78.4867,2026-03-07 20:00:00,46.3,37.8,616.0,30.5,14.5,97.0,30.3,25,0.0,5.3
Hyderabad,17.385,78.4867,2026-03-07 21:00:00,50.8,40.9,890.0,32.5,16.2,92.0,29.4,27,0.0,3.6
Hyderabad,17.385,78.4867,2026-03-07 22:00:00,54.8,43.4,1222.0,31.6,17.6,97.0,28.2,30,0.0,4.3
Hyderabad,17.385,78.4867,2026-03-07 23:00:00,57.9,45.5,1435.0,29.8,18.2,100.0,26.7,34,0.0,3.8
Hyderabad,17.385,78.4867,2026-03-08 00:00:00,58.3,45.5,1421.0,27.1,17.6,99.0,26.4,37,0.0,3.2
Hyderabad,17.385,78.4867,2026-03-08 01:00:00,58.7,45.8,1289.0,23.5,16.3,98.0,25.8,39,0.0,2.1
Hyderabad,17.385,78.4867,2026-03-08 02:00:00,58.3,45.8,1191.0,20.5,15.1,96.0,24.8,43,0.0,3.4
Hyderabad,17.385,78.4867,2026-03-08 03:00:00,58.9,46.3,1183.0,18.1,14.3,92.0,24.0,48,0.0,5.4
Hyderabad,17.385,78.4867,2026-03-08 04:00:00,60.5,48.1,1208.0,16.4,13.6,86.0,23.9,48,0.0,3.4
Hyderabad,17.385,78.4867,2026-03-08 05:00:00,57.0,45.4,1248.0,10.7,14.3,106.0,23.0,56,0.0,1.4
Hyderabad,17.385,78.4867,2026-03-08 06:00:00,60.3,48.5,1350.0,15.8,15.7,105.0,23.5,52,0.0,3.8
Hyderabad,17.385,78.4867,2026-03-08 07:00:00,70.3,58.2,1466.0,22.5,17.5,104.0,23.6,51,0.0,2.0
Hyderabad,17.385,78.4867,2026-03-08 08:00:00,59.0,50.9,1440.0,25.1,18.3,110.0,25.9,43,0.0,3.1
Hyderabad,17.385,78.4867,2026-03-08 09:00:00,51.5,40.2,1133.0,19.5,17.1,131.0,28.5,38,0.0,4.6
Hyderabad,17.385,78.4867,2026-03-08 10:00:00,45.3,32.2,683.0,9.8,14.8,159.0,31.2,29,0.0,6.2
Hyderabad,17.385,78.4867,2026-03-08 11:00:00,40.9,27.4,349.0,2.5,12.7,179.0,32.0,26,0.0,8.4
Hyderabad,17.385,78.4867,2026-03-08 12:00:00,36.9,24.0,252.0,0.6,11.1,183.0,33.5,22,0.0,9.8
Hyderabad,17.385,78.4867,2026-03-08 13:00:00,34.9,23.0,272.0,1.1,9.7,180.0,34.2,20,0.0,10.1
Hyderabad,17.385,78.4867,2026-03-08 14:00:00,33.3,22.4,302.0,2.0,8.6,174.0,34.5,20,0.0,9.6
Hyderabad,17.385,78.4867,2026-03-08 15:00:00,32.0,21.8,304.0,2.0,7.8,170.0,34.4,20,0.0,10.0
Hyderabad,17.385,78.4867,2026-03-08 16:00:00,31.1,21.5,316.0,2.4,7.3,164.0,34.0,20,0.0,10.8
Hyderabad,17.385,78.4867,2026-03-08 17:00:00,33.3,24.9,351.0,4.7,7.9,166.0,32.9,22,0.0,11.5
Hyderabad,17.385,78.4867,2026-03-08 18:00:00,36.0,29.1,397.0,11.6,9.5,143.0,32.1,23,0.0,9.4
Hyderabad,17.385,78.4867,2026-03-08 19:00:00,41.3,34.5,466.0,21.0,11.7,113.0,30.5,31,0.0,6.9
Hyderabad,17.385,78.4867,2026-03-08 20:00:00,44.6,37.4,608.0,27.4,13.3,90.0,29.3,40,0.0,6.6
Hyderabad,17.385,78.4867,2026-03-08 21:00:00,47.0,39.0,920.0,28.3,14.0,84.0,28.2,45,0.0,5.1
Hyderabad,17.385,78.4867,2026-03-08 22:00:00,49.8,40.2,1304.0,26.2,14.2,87.0,27.3,48,0.0,4.2
Hyderabad,17.385,78.4867,2026-03-08 23:00:00,51.6,40.6,1517.0,23.3,13.8,90.0,26.1,54,0.0,2.8
Hyderabad,17.385,78.4867,2026-03-09 00:00:00,51.2,39.3,1401.0,19.7,12.7,92.0,25.6,57,0.0,3.8
Hyderabad,17.385,78.4867,2026-03-09 01:00:00,49.9,38.4,1113.0,15.2,11.0,94.0,24.9,60,0.0,4.0
Hyderabad,17.385,78.4867,2026-03-09 02:00:00,48.7,37.8,883.0,11.7,9.7,94.0,24.1,65,0.0,3.0
Hyderabad,17.385,78.4867,2026-03-09 03:00:00,48.2,37.6,803.0,9.5,8.8,91.0,23.2,69,0.0,4.4
Hyderabad,17.385,78.4867,2026-03-09 04:00:00,48.9,38.4,782.0,8.4,8.3,87.0,22.5,74,0.0,3.4
Hyderabad,17.385,78.4867,2026-03-09 05:00:00,53.6,43.2,774.0,11.7,12.7,88.0,22.9,76,0.0,5.5
Hyderabad,17.385,78.4867,2026-03-09 06:00:00,55.6,45.4,785.0,13.1,12.9,87.0,22.9,74,0.0,7.2
Hyderabad,17.385,78.4867,2026-03-09 07:00:00,57.5,48.4,809.0,14.9,13.2,86.0,22.9,77,0.0,5.7
Hyderabad,17.385,78.4867,2026-03-09 08:00:00,45.8,38.5,784.0,14.9,13.1,93.0,24.6,72,0.0,5.6
Hyderabad,17.385,78.4867,2026-03-09 09:00:00,42.6,34.2,657.0,11.5,12.4,116.0,27.2,60,0.0,6.7
Hyderabad,17.385,78.4867,2026-03-09 10:00:00,42.4,33.2,481.0,6.4,11.3,147.0,30.0,45,0.0,6.4
Hyderabad,17.385,78.4867,2026-03-09 11:00:00,42.3,32.2,353.0,2.6,10.3,171.0,31.6,33,0.0,8.2
Hyderabad,17.385,78.4867,2026-03-09 12:00:00,42.6,32.0,320.0,1.5,9.6,181.0,33.1,26,0.0,9.9
Hyderabad,17.385,78.4867,2026-03-09 13:00:00,42.6,32.1,335.0,1.6,9.0,184.0,33.7,24,0.0,11.4
Hyderabad,17.385,78.4867,2026-03-09 14:00:00,42.4,32.2,356.0,2.1,8.5,183.0,33.6,25,0.0,12.5
Hyderabad,17.385,78.4867,2026-03-09 15:00:00,41.8,32.2,364.0,2.4,7.9,179.0,33.3,27,0.0,10.9
Hyderabad,17.385,78.4867,2026-03-09 16:00:00,41.6,32.4,378.0,3.1,7.4,170.0,32.8,29,0.0,11.4
Hyderabad,17.385,78.4867,2026-03-09 17:00:00,54.4,43.0,407.0,4.4,7.6,168.0,31.5,33,0.0,12.9
Hyderabad,17.385,78.4867,2026-03-09 18:00:00,54.9,46.3,468.0,7.6,8.8,155.0,30.4,40,0.0,11.2
Hyderabad,17.385,78.4867,2026-03-09 19:00:00,57.9,50.2,544.0,12.0,10.4,136.0,29.2,46,0.0,9.4
Hyderabad,17.385,78.4867,2026-03-09 20:00:00,60.1,52.9,597.0,14.7,11.5,121.0,28.1,51,0.0,8.6
Hyderabad,17.385,78.4867,2026-03-09 21:00:00,61.7,54.8,615.0,14.1,11.9,115.0,26.9,55,0.0,7.5
Hyderabad,17.385,78.4867,2026-03-09 22:00:00,62.6,55.9,610.0,11.7,11.8,113.0,26.2,58,0.0,7.5
Hyderabad,17.385,78.4867,2026-03-09 23:00:00,62.2,55.4,583.0,9.6,11.3,109.0,25.3,66,0.0,7.5
Hyderabad,17.385,78.4867,2026-03-10 00:00:00,60.3,53.4,519.0,8.4,10.2,102.0,24.7,70,0.0,6.8
Hyderabad,17.385,78.4867,2026-03-10 01:00:00,59.5,52.0,432.0,7.5,8.7,93.0,24.1,75,0.0,5.6
Hyderabad,17.385,78.4867,2026-03-10 02:00:00,59.5,51.3,371.0,6.9,7.4,86.0,23.7,78,0.0,3.5
Hyderabad,17.385,78.4867,2026-03-10 03:00:00,60.1,51.3,351.0,6.7,6.7,80.0,23.3,80,0.0,4.7
Hyderabad,17.385,78.4867,2026-03-10 04:00:00,61.0,51.8,356.0,6.9,6.2,75.0,22.8,83,0.0,6.4
Hyderabad,17.385,78.4867,2026-03-10 05:00:00,61.7,52.2,382.0,7.5,6.4,74.0,22.4,84,0.0,6.3
Hyderabad,17.385,78.4867,2026-03-10 06:00:00,61.5,51.3,452.0,8.0,6.6,78.0,22.7,82,0.0,5.8
Hyderabad,17.385,78.4867,2026-03-10 07:00:00,60.1,50.8,544.0,8.7,6.8,84.0,23.2,78,0.0,5.5
Hyderabad,17.385,78.4867,2026-03-10 08:00:00,61.7,49.6,587.0,8.5,6.8,94.0,25.3,64,0.0,6.5
Hyderabad,17.385,78.4867,2026-03-10 09:00:00,65.0,49.7,533.0,6.7,6.4,110.0,27.7,48,0.0,8.4
Hyderabad,17.385,78.4867,2026-03-10 10:00:00,66.1,49.6,430.0,4.1,5.7,130.0,29.8,37,0.0,9.4
Hyderabad,17.385,78.4867,2026-03-10 11:00:00,65.7,49.2,353.0,2.1,5.3,146.0,30.8,34,0.0,9.7
Hyderabad,17.385,78.4867,2026-03-10 12:00:00,65.0,49.0,332.0,1.4,5.4,155.0,32.0,31,0.0,10.2
Hyderabad,17.385,78.4867,2026-03-10 13:00:00,64.0,48.8,336.0,1.5,5.8,159.0,32.5,31,0.0,10.7
Hyderabad,17.385,78.4867,2026-03-10 14:00:00,62.4,48.3,347.0,1.8,6.1,161.0,32.5,31,0.0,11.0
Hyderabad,17.385,78.4867,2026-03-10 15:00:00,60.8,47.4,357.0,2.0,6.2,162.0,32.2,31,0.0,11.2
Hyderabad,17.385,78.4867,2026-03-10 16:00:00,59.5,46.7,374.0,2.6,6.3,160.0,31.8,33,0.0,11.5
Hyderabad,17.385,78.4867,2026-03-10 17:00:00,61.7,49.5,408.0,4.2,6.6,153.0,30.5,37,0.0,11.4
Hyderabad,17.385,78.4867,2026-03-10 18:00:00,60.1,51.0,460.0,8.1,7.6,137.0,29.6,41,0.0,10.1
Hyderabad,17.385,78.4867,2026-03-10 19:00:00,59.5,51.6,528.0,13.5,9.0,114.0,28.8,43,0.0,9.1
Hyderabad,17.385,78.4867,2026-03-10 20:00:00,56.3,49.2,614.0,17.0,9.8,96.0,28.1,46,0.0,7.6
Hyderabad,17.385,78.4867,2026-03-10 21:00:00,51.1,44.8,758.0,17.1,9.8,87.0,27.2,49,0.0,7.1
Hyderabad,17.385,78.4867,2026-03-10 22:00:00,45.2,39.8,921.0,15.5,9.2,82.0,26.5,52,0.0,5.8
Hyderabad,17.385,78.4867,2026-03-10 23:00:00,38.5,34.0,984.0,13.6,8.4,79.0,25.7,55,0.0,4.6
Hyderabad,17.385,78.4867,2026-03-11 00:00:00,31.5,27.8,859.0,11.8,7.2,76.0,25.2,57,0.0,5.2
Hyderabad,17.385,78.4867,2026-03-11 01:00:00,26.6,23.3,635.0,9.9,5.8,74.0,24.7,57,0.0,6.4
Hyderabad,17.385,78.4867,2026-03-11 02:00:00,23.4,20.3,458.0,8.3,4.7,72.0,24.1,53,0.0,5.6
Hyderabad,17.385,78.4867,2026-03-11 03:00:00,21.4,18.3,376.0,7.2,4.2,71.0,23.6,51,0.0,4.0
Hyderabad,17.385,78.4867,2026-03-11 04:00:00,20.1,16.9,341.0,6.5,4.1,70.0,23.1,53,0.0,3.8
Hyderabad,17.385,78.4867,2026-03-11 05:00:00,20.3,16.9,356.0,7.3,4.6,70.0,22.8,53,0.0,4.1
Hyderabad,17.385,78.4867,2026-03-11 06:00:00,20.1,16.8,467.0,8.7,5.3,71.0,23.1,52,0.0,6.4
Hyderabad,17.385,78.4867,2026-03-11 07:00:00,22.9,19.8,628.0,10.6,6.2,73.0,23.8,49,0.0,6.0
Hyderabad,17.385,78.4867,2026-03-11 08:00:00,19.2,16.8,705.0,11.0,6.5,78.0,26.0,40,0.0,5.3
Hyderabad,17.385,78.4867,2026-03-11 09:00:00,14.6,12.1,610.0,8.6,5.5,90.0,28.7,31,0.0,7.7
Hyderabad,17.385,78.4867,2026-03-11 10:00:00,13.5,10.2,430.0,4.7,3.9,106.0,30.8,25,0.0,6.8
Hyderabad,17.385,78.4867,2026-03-11 11:00:00,17.6,12.6,297.0,1.9,3.0,120.0,31.4,25,0.0,5.1
Hyderabad,17.385,78.4867,2026-03-11 12:00:00,25.6,18.3,266.0,1.1,3.4,132.0,33.0,23,0.0,4.2
Hyderabad,17.385,78.4867,2026-03-11 13:00:00,31.2,22.2,281.0,1.3,4.4,143.0,34.0,22,0.0,7.3
Hyderabad,17.385,78.4867,2026-03-11 14:00:00,33.5,23.7,302.0,1.8,5.2,150.0,34.3,22,0.0,12.3
Hyderabad,17.385,78.4867,2026-03-11 15:00:00,33.9,24.0,304.0,1.7,5.4,155.0,33.9,22,0.0,13.1
Hyderabad,17.385,78.4867,2026-03-11 16:00:00,33.5,24.0,312.0,1.9,5.5,157.0,33.5,22,0.0,10.7
Hyderabad,17.385,78.4867,2026-03-11 17:00:00,43.9,32.0,355.0,4.4,6.2,152.0,32.7,25,0.0,9.0
Hyderabad,17.385,78.4867,2026-03-11 18:00:00,45.8,36.3,464.0,11.1,7.8,131.0,31.8,27,0.0,9.3
Hyderabad,17.385,78.4867,2026-03-11 19:00:00,50.6,41.4,608.0,20.3,10.0,103.0,30.7,31,0.0,8.3
Hyderabad,17.385,78.4867,2026-03-11 20:00:00,52.7,43.8,725.0,26.7,11.7,82.0,29.4,34,0.0,7.5
Hyderabad,17.385,78.4867,2026-03-11 21:00:00,53.4,44.1,787.0,27.7,12.4,75.0,28.3,37,0.0,6.0
Hyderabad,17.385,78.4867,2026-03-11 22:00:00,55.4,45.2,822.0,25.9,12.6,76.0,27.6,39,0.0,5.2
Hyderabad,17.385,78.4867,2026-03-11 23:00:00,57.2,45.9,845.0,23.6,12.4,77.0,26.8,43,0.0,4.1
Hyderabad,17.385,78.4867,2026-03-12 00:00:00,56.7,44.8,872.0,21.2,11.7,78.0,26.5,44,0.0,4.3
Hyderabad,17.385,78.4867,2026-03-12 01:00:00,56.3,44.2,888.0,18.1,10.6,80.0,25.4,47,0.0,2.8
Hyderabad,17.385,78.4867,2026-03-12 02:00:00,56.3,44.0,866.0,15.5,9.6,81.0,24.0,55,0.0,5.1
Hyderabad,17.385,78.4867,2026-03-12 03:00:00,55.6,43.4,721.0,13.2,8.9,80.0,23.0,61,0.0,5.8
Hyderabad,17.385,78.4867,2026-03-12 04:00:00,54.6,42.6,538.0,11.3,8.3,79.0,22.2,65,0.0,5.7
Hyderabad,17.385,78.4867,2026-03-12 05:00:00,52.3,41.9,542.0,15.8,14.5,93.0,21.1,75,0.0,3.1
Hyderabad,17.385,78.4867,2026-03-12 06:00:00,53.3,43.8,981.0,20.1,16.9,97.0,21.5,73,0.0,4.4
Hyderabad,17.385,78.4867,2026-03-12 07:00:00,61.5,52.5,1608.0,25.7,20.0,104.0,22.7,66,0.0,3.3
Hyderabad,17.385,78.4867,2026-03-12 08:00:00,50.2,43.5,1903.0,27.2,21.1,116.0,27.2,48,0.0,0.6
Hyderabad,17.385,78.4867,2026-03-12 09:00:00,41.7,34.5,1524.0,20.6,18.1,139.0,31.8,23,0.0,4.8
Hyderabad,17.385,78.4867,2026-03-12 10:00:00,39.2,30.6,813.0,10.0,13.1,168.0,33.7,17,0.0,8.7
Hyderabad,17.385,78.4867,2026-03-12 11:00:00,37.0,26.9,282.0,2.1,9.3,188.0,33.9,17,0.0,10.3
Hyderabad,17.385,78.4867,2026-03-12 12:00:00,35.7,25.0,157.0,0.1,8.1,193.0,34.8,17,0.0,10.3
Hyderabad,17.385,78.4867,2026-03-12 13:00:00,34.9,24.2,210.0,0.8,8.0,189.0,35.2,16,0.0,11.0
Hyderabad,17.385,78.4867,2026-03-12 14:00:00,34.1,23.8,273.0,1.9,8.0,183.0,35.3,16,0.0,11.4
Hyderabad,17.385,78.4867,2026-03-12 15:00:00,33.5,23.5,270.0,2.0,7.5,179.0,35.1,17,0.0,11.2
Hyderabad,17.385,78.4867,2026-03-12 16:00:00,32.8,23.2,275.0,2.4,7.2,174.0,34.6,18,0.0,9.4
Hyderabad,17.385,78.4867,2026-03-12 17:00:00,42.1,31.0,345.0,5.0,7.9,165.0,33.8,19,0.0,10.4
Hyderabad,17.385,78.4867,2026-03-12 18:00:00,46.1,36.2,546.0,12.4,9.6,144.0,33.0,20,0.0,8.0
Hyderabad,17.385,78.4867,2026-03-12 19:00:00,51.8,41.4,812.0,22.5,11.8,116.0,31.8,24,0.0,6.1
Hyderabad,17.385,78.4867,2026-03-12 20:00:00,54.1,43.3,993.0,29.4,13.5,95.0,30.6,28,0.0,5.9
Hyderabad,17.385,78.4867,2026-03-12 21:00:00,55.3,43.3,1016.0,30.3,14.1,90.0,29.6,31,0.0,4.4
Hyderabad,17.385,78.4867,2026-03-12 22:00:00,57.0,43.9,955.0,28.0,14.1,94.0,28.3,33,0.0,4.4
Hyderabad,17.385,78.4867,2026-03-12 23:00:00,57.4,43.5,882.0,25.1,13.6,97.0,27.1,35,0.0,6.2
Hyderabad,17.385,78.4867,2026-03-13 00:00:00,56.0,41.7,817.0,22.1,12.5,97.0,27.3,33,0.0,5.4
Hyderabad,17.385,78.4867,2026-03-13 01:00:00,55.4,41.0,740.0,18.4,11.0,97.0,26.4,34,0.0,5.2
Hyderabad,17.385,78.4867,2026-03-13 02:00:00,54.4,40.2,662.0,15.1,9.6,96.0,25.7,35,0.0,3.8
Hyderabad,17.385,78.4867,2026-03-13 03:00:00,52.6,39.0,527.0,12.1,8.5,93.0,25.2,36,0.0,4.4
Hyderabad,17.385,78.4867,2026-03-13 04:00:00,50.2,37.4,390.0,9.5,7.7,90.0,24.6,38,0.0,6.0
Hyderabad,17.385,78.4867,2026-03-13 05:00:00,49.0,35.6,432.0,9.0,9.9,107.0,23.6,45,0.0,3.6
Hyderabad,17.385,78.4867,2026-03-13 06:00:00,50.9,37.6,877.0,13.8,11.2,102.0,24.8,39,0.0,2.5
Hyderabad,17.385,78.4867,2026-03-13 07:00:00,57.5,44.6,1499.0,20.2,12.8,97.0,24.7,42,0.0,1.5
Hyderabad,17.385,78.4867,2026-03-13 08:00:00,53.6,43.4,1803.0,22.7,13.5,102.0,28.7,31,0.0,1.3
Hyderabad,17.385,78.4867,2026-03-13 09:00:00,50.6,36.3,1462.0,17.6,12.3,128.0,32.2,20,0.0,2.7
Hyderabad,17.385,78.4867,2026-03-13 10:00:00,53.1,36.1,801.0,8.8,10.2,164.0,34.3,15,0.0,5.0
Hyderabad,17.385,78.4867,2026-03-13 11:00:00,52.5,35.6,305.0,2.2,8.4,191.0,34.9,13,0.0,6.3
Hyderabad,17.385,78.4867,2026-03-13 12:00:00,49.9,33.9,185.0,0.5,7.5,200.0,35.9,13,0.0,9.4
Hyderabad,17.385,78.4867,2026-03-13 13:00:00,47.1,32.1,229.0,1.0,6.9,199.0,36.1,13,0.0,13.2
Hyderabad,17.385,78.4867,2026-03-13 14:00:00,45.1,30.7,283.0,2.0,6.5,195.0,35.9,13,0.0,14.6
Hyderabad,17.385,78.4867,2026-03-13 15:00:00,43.2,29.5,286.0,2.6,6.1,191.0,35.6,14,0.0,12.8
Hyderabad,17.385,78.4867,2026-03-13 16:00:00,41.6,28.5,299.0,3.6,5.9,184.0,35.0,16,0.0,11.4
Hyderabad,17.385,78.4867,2026-03-13 17:00:00,57.2,40.0,346.0,5.5,6.1,179.0,34.2,18,0.0,13.0
Hyderabad,17.385,78.4867,2026-03-13 18:00:00,58.2,43.7,468.0,9.1,7.4,163.0,33.2,21,0.0,12.1
Hyderabad,17.385,78.4867,2026-03-13 19:00:00,59.8,46.0,625.0,14.0,9.2,141.0,31.7,26,0.0,11.1
Hyderabad,17.385,78.4867,2026-03-13 20:00:00,59.8,46.2,718.0,16.9,10.5,124.0,30.1,31,0.0,9.5
Hyderabad,17.385,78.4867,2026-03-13 21:00:00,58.8,45.4,694.0,16.0,11.0,116.0,29.2,35,0.0,7.6
Hyderabad,17.385,78.4867,2026-03-13 22:00:00,55.9,44.0,606.0,13.2,11.1,114.0,28.5,36,0.0,7.8
Hyderabad,17.385,78.4867,2026-03-13 23:00:00,49.5,40.6,519.0,10.6,10.9,111.0,27.1,42,0.0,10.3
Hyderabad,17.385,78.4867,2026-03-14 00:00:00,43.5,36.8,443.0,8.8,10.2,107.0,25.8,53,0.0,9.3
Hyderabad,17.385,78.4867,2026-03-14 01:00:00,41.1,34.8,367.0,7.3,9.1,104.0,25.2,58,0.0,7.7
Hyderabad,17.385,78.4867,2026-03-14 02:00:00,40.9,34.1,322.0,6.2,8.3,101.0,24.6,61,0.0,7.2
Hyderabad,17.385,78.4867,2026-03-14 03:00:00,41.6,34.0,310.0,5.4,8.0,100.0,24.3,59,0.0,6.8
Hyderabad,17.385,78.4867,2026-03-14 04:00:00,42.6,34.2,328.0,5.1,7.9,100.0,24.3,56,0.0,7.6
Hyderabad,17.385,78.4867,2026-03-14 05:00:00,42.7,35.2,404.0,8.3,9.6,90.0,23.9,61,0.0,6.4
Hyderabad,17.385,78.4867,2026-03-14 06:00:00,44.8,36.3,611.0,10.8,10.6,93.0,23.9,61,0.0,6.6
Hyderabad,17.385,78.4867,2026-03-14 07:00:00,49.8,40.9,875.0,14.0,12.0,98.0,24.5,59,0.0,5.1
Hyderabad,17.385,78.4867,2026-03-14 08:00:00,45.8,36.9,999.0,15.0,12.4,107.0,27.2,48,0.0,2.9
Hyderabad,17.385,78.4867,2026-03-14 09:00:00,45.3,33.1,847.0,11.7,11.1,122.0,30.4,37,0.0,5.3
Hyderabad,17.385,78.4867,2026-03-14 10:00:00,45.5,31.3,556.0,6.2,8.9,141.0,32.7,27,0.0,8.5
Hyderabad,17.385,78.4867,2026-03-14 11:00:00,45.8,30.9,338.0,2.1,7.1,156.0,33.4,24,0.0,10.7
Hyderabad,17.385,78.4867,2026-03-14 12:00:00,46.0,30.7,286.0,1.0,6.3,164.0,34.6,20,0.0,9.5
Hyderabad,17.385,78.4867,2026-03-14 13:00:00,47.1,31.5,306.0,1.2,6.0,169.0,35.5,17,0.0,7.9
Hyderabad,17.385,78.4867,2026-03-14 14:00:00,48.0,32.6,333.0,1.9,5.9,171.0,35.4,17,0.0,9.7
Hyderabad,17.385,78.4867,2026-03-14 15:00:00,47.8,32.9,340.0,2.4,5.7,171.0,35.4,17,0.0,10.1
Hyderabad,17.385,78.4867,2026-03-14 16:00:00,47.6,33.3,354.0,3.3,5.6,169.0,34.7,18,0.0,10.1
Hyderabad,17.385,78.4867,2026-03-14 17:00:00,52.6,38.1,385.0,5.2,6.0,162.0,33.9,19,0.0,11.1
Hyderabad,17.385,78.4867,2026-03-14 18:00:00,54.2,41.9,456.0,8.7,7.2,148.0,32.5,24,0.0,12.3
Hyderabad,17.385,78.4867,2026-03-14 19:00:00,55.3,44.1,545.0,13.4,8.9,128.0,31.7,28,0.0,12.6
Hyderabad,17.385,78.4867,2026-03-14 20:00:00,54.5,44.2,597.0,16.2,10.0,112.0,30.8,30,0.0,12.0
Hyderabad,17.385,78.4867,2026-03-14 21:00:00,51.6,42.6,582.0,15.1,9.9,104.0,29.7,33,0.0,11.5
Hyderabad,17.385,78.4867,2026-03-14 22:00:00,45.9,38.8,531.0,12.0,9.3,99.0,28.0,42,0.0,11.6
Hyderabad,17.385,78.4867,2026-03-14 23:00:00,40.0,34.2,476.0,9.4,8.5,95.0,26.6,46,0.0,9.8
Hyderabad,17.385,78.4867,2026-03-15 00:00:00,35.9,30.4,420.0,8.1,7.7,90.0,25.8,52,0.0,8.4
Hyderabad,17.385,78.4867,2026-03-15 01:00:00,33.8,28.1,360.0,7.2,6.8,85.0,25.0,58,0.0,5.1
Hyderabad,17.385,78.4867,2026-03-15 02:00:00,32.8,26.8,324.0,6.6,6.2,81.0,24.5,61,0.0,5.9
Hyderabad,17.385,78.4867,2026-03-15 03:00:00,32.4,26.1,318.0,6.3,6.1,79.0,23.8,66,0.0,6.4
Hyderabad,17.385,78.4867,2026-03-15 04:00:00,33.1,26.4,336.0,6.2,6.4,78.0,23.3,70,0.0,6.0
Hyderabad,17.385,78.4867,2026-03-15 05:00:00,37.4,29.4,385.0,6.8,7.2,83.0,22.8,76,0.0,4.4
Hyderabad,17.385,78.4867,2026-03-15 06:00:00,37.7,29.8,507.0,7.8,8.0,86.0,23.0,74,0.0,3.6
Hyderabad,17.385,78.4867,2026-03-15 07:00:00,38.4,31.5,661.0,9.1,9.1,90.0,23.9,68,0.0,3.8
Hyderabad,17.385,78.4867,2026-03-15 08:00:00,33.4,27.1,730.0,9.3,9.8,99.0,25.4,58,0.0,6.1
Hyderabad,17.385,78.4867,2026-03-15 09:00:00,29.5,23.6,630.0,7.4,9.8,116.0,28.0,47,0.0,7.3
Hyderabad,17.385,78.4867,2026-03-15 10:00:00,29.6,22.1,446.0,4.3,9.4,138.0,31.1,32,0.0,11.8
Hyderabad,17.385,78.4867,2026-03-15 11:00:00,35.5,24.3,310.0,2.1,8.8,155.0,31.7,28,0.0,14.7
Hyderabad,17.385,78.4867,2026-03-15 12:00:00,40.9,26.8,282.0,1.4,7.9,162.0,33.1,24,0.0,13.6
Hyderabad,17.385,78.4867,2026-03-15 13:00:00,42.4,27.9,302.0,1.4,6.8,163.0,33.8,22,0.0,10.8
Hyderabad,17.385,78.4867,2026-03-15 14:00:00,43.3,29.2,327.0,1.8,6.0,163.0,33.8,22,0.0,10.4
Hyderabad,17.385,78.4867,2026-03-15 15:00:00,44.6,30.9,332.0,1.8,5.4,163.0,33.9,21,0.0,10.2
Hyderabad,17.385,78.4867,2026-03-15 16:00:00,45.5,32.1,342.0,2.2,5.1,161.0,33.8,21,0.0,9.1
Hyderabad,17.385,78.4867,2026-03-15 17:00:00,51.8,38.1,388.0,5.0,5.7,149.0,33.2,22,0.0,11.0
Hyderabad,17.385,78.4867,2026-03-15 18:00:00,56.7,44.5,518.0,13.3,7.5,130.0,32.6,23,0.0,8.9
Hyderabad,17.385,78.4867,2026-03-15 19:00:00,62.6,51.0,685.0,24.4,9.9,103.0,30.8,30,0.0,10.0
Hyderabad,17.385,78.4867,2026-03-15 20:00:00,64.5,53.3,779.0,30.7,11.3,84.0,29.6,31,0.0,8.2
Hyderabad,17.385,78.4867,2026-03-15 21:00:00,61.9,51.7,731.0,27.5,10.9,79.0,29.2,29,0.0,6.8
Hyderabad,17.385,78.4867,2026-03-15 22:00:00,54.0,46.0,611.0,19.5,9.5,82.0,28.3,31,0.0,6.7
Hyderabad,17.385,78.4867,2026-03-15 23:00:00,45.3,39.2,514.0,12.7,8.2,84.0,27.7,34,0.0,9.4
Hyderabad,17.385,78.4867,2026-03-16 00:00:00,39.2,33.8,479.0,9.4,7.1,82.0,25.6,49,0.0,9.3
Hyderabad,17.385,78.4867,2026-03-16 01:00:00,35.7,30.0,468.0,7.4,6.0,80.0,24.8,53,0.0,6.1
Hyderabad,17.385,78.4867,2026-03-16 02:00:00,33.3,27.3,459.0,6.2,5.2,77.0,24.6,53,0.0,5.4
Hyderabad,17.385,78.4867,2026-03-16 03:00:00,31.8,25.4,431.0,5.6,4.9,74.0,24.6,53,0.0,7.5
Hyderabad,17.385,78.4867,2026-03-16 04:00:00,30.6,23.9,406.0,5.8,5.0,71.0,24.0,57,0.0,8.2
Hyderabad,17.385,78.4867,2026-03-16 05:00:00,46.6,39.0,425.0,11.5,7.3,66.0,23.6,64,0.0,4.8
Hyderabad,17.385,78.4867,2026-03-16 06:00:00,44.8,37.7,550.0,11.9,7.4,67.0,23.6,68,0.0,4.5
Hyderabad,17.385,78.4867,2026-03-16 07:00:00,41.8,34.6,720.0,12.3,7.4,70.0,24.1,66,0.0,4.4
Hyderabad,17.385,78.4867,2026-03-16 08:00:00,38.1,30.5,796.0,11.7,7.4,78.0,26.1,57,0.0,3.8
Hyderabad,17.385,78.4867,2026-03-16 09:00:00,35.0,27.0,681.0,9.0,7.2,96.0,28.8,44,0.0,4.4
Hyderabad,17.385,78.4867,2026-03-16 10:00:00,32.9,24.9,472.0,5.4,6.9,120.0,31.4,32,0.0,6.8
Hyderabad,17.385,78.4867,2026-03-16 11:00:00,34.1,25.4,316.0,2.6,6.6,138.0,31.8,29,0.0,9.6
Hyderabad,17.385,78.4867,2026-03-16 12:00:00,37.4,27.6,275.0,1.6,6.2,147.0,33.0,26,0.0,10.5
Hyderabad,17.385,78.4867,2026-03-16 13:00:00,39.8,29.7,286.0,1.5,5.6,151.0,33.4,25,0.0,9.4
Hyderabad,17.385,78.4867,2026-03-16 14:00:00,43.0,32.2,310.0,1.8,5.3,153.0,33.3,25,0.0,9.8
Hyderabad,17.385,78.4867,2026-03-16 15:00:00,44.9,34.0,333.0,1.3,4.9,155.0,33.2,25,0.1,8.2
Hyderabad,17.385,78.4867,2026-03-16 16:00:00,45.8,34.7,369.0,1.1,4.7,155.0,30.0,36,0.2,13.4
Hyderabad,17.385,78.4867,2026-03-16 17:00:00,56.6,44.8,412.0,5.5,6.8,146.0,32.5,22,0.0,2.0
Hyderabad,17.385,78.4867,2026-03-16 18:00:00,62.2,51.0,456.0,22.4,11.0,118.0,30.7,28,0.0,4.0
Hyderabad,17.385,78.4867,2026-03-16 19:00:00,71.0,61.0,508.0,45.0,16.7,80.0,30.3,34,0.0,2.4
Hyderabad,17.385,78.4867,2026-03-16 20:00:00,78.7,68.7,584.0,57.5,20.0,55.0,26.7,49,0.0,13.9
Hyderabad,17.385,78.4867,2026-03-16 21:00:00,75.4,65.7,733.0,50.0,18.8,54.0,25.7,50,0.0,5.4
Hyderabad,17.385,78.4867,2026-03-16 22:00:00,60.5,52.6,905.0,32.2,15.1,66.0,26.0,48,0.0,9.2
Hyderabad,17.385,78.4867,2026-03-16 23:00:00,39.7,35.2,967.0,17.7,11.7,75.0,26.7,45,0.0,11.3
Hyderabad,17.385,78.4867,2026-03-17 00:00:00,24.7,22.4,817.0,11.5,9.1,76.0,25.8,51,0.0,10.7
Hyderabad,17.385,78.4867,2026-03-17 01:00:00,17.8,15.8,558.0,8.4,6.8,75.0,24.7,57,0.0,9.6
Hyderabad,17.385,78.4867,2026-03-17 02:00:00,15.8,13.5,362.0,6.6,5.1,73.0,24.3,56,0.0,8.1
Hyderabad,17.385,78.4867,2026-03-17 03:00:00,16.3,13.1,299.0,5.7,4.4,72.0,23.6,58,0.0,7.3
Hyderabad,17.385,78.4867,2026-03-17 04:00:00,17.6,13.5,301.0,6.0,4.4,70.0,23.0,60,0.0,6.4
Hyderabad,17.385,78.4867,2026-03-17 05:00:00,22.0,17.9,333.0,8.6,6.8,76.0,22.3,72,0.0,6.0
Hyderabad,17.385,78.4867,2026-03-17 06:00:00,22.9,18.5,415.0,9.5,6.9,78.0,22.3,72,0.0,4.5
Hyderabad,17.385,78.4867,2026-03-17 07:00:00,26.1,22.0,528.0,10.6,7.1,81.0,22.9,68,0.0,5.1
Hyderabad,17.385,78.4867,2026-03-17 08:00:00,24.0,19.2,583.0,10.5,7.0,89.0,24.7,59,0.0,4.1
Hyderabad,17.385,78.4867,2026-03-17 09:00:00,23.2,17.5,522.0,8.1,6.5,106.0,27.1,49,0.0,4.7
Hyderabad,17.385,78.4867,2026-03-17 10:00:00,23.5,17.6,404.0,4.6,5.7,127.0,29.2,41,0.0,6.5
Hyderabad,17.385,78.4867,2026-03-17 11:00:00,26.4,19.9,314.0,2.0,5.1,143.0,30.9,35,0.0,5.7
Hyderabad,17.385,78.4867,2026-03-17 12:00:00,32.6,24.6,289.0,1.3,4.9,150.0,31.0,31,0.0,7.8
Hyderabad,17.385,78.4867,2026-03-17 13:00:00,37.7,28.8,292.0,1.6,4.8,152.0,30.4,30,0.0,6.7
Hyderabad,17.385,78.4867,2026-03-17 14:00:00,40.0,31.0,304.0,2.2,4.8,152.0,30.5,31,0.0,5.9
Hyderabad,17.385,78.4867,2026-03-17 15:00:00,40.9,31.8,322.0,2.7,4.6,152.0,30.4,29,0.4,2.9
Hyderabad,17.385,78.4867,2026-03-17 16:00:00,40.5,31.7,348.0,3.5,4.4,150.0,30.0,31,0.0,6.3
Hyderabad,17.385,78.4867,2026-03-17 17:00:00,49.7,38.0,371.0,5.5,4.8,135.0,29.2,41,0.0,9.3
Hyderabad,17.385,78.4867,2026-03-17 18:00:00,52.5,42.7,388.0,11.1,6.2,119.0,28.6,41,0.0,7.0
Hyderabad,17.385,78.4867,2026-03-17 19:00:00,48.4,41.4,402.0,18.7,8.2,97.0,27.5,44,0.0,8.3
Hyderabad,17.385,78.4867,2026-03-17 20:00:00,42.3,37.1,411.0,23.8,9.8,80.0,26.4,50,0.0,7.2
Hyderabad,17.385,78.4867,2026-03-17 21:00:00,48.1,42.4,414.0,24.1,10.9,74.0,25.5,54,0.0,6.4
Hyderabad,17.385,78.4867,2026-03-17 22:00:00,49.6,44.5,411.0,21.9,11.6,74.0,24.8,57,0.0,8.6
Hyderabad,17.385,78.4867,2026-03-17 23:00:00,37.4,33.1,403.0,19.2,11.6,73.0,24.7,64,0.0,7.4
Hyderabad,17.385,78.4867,2026-03-18 00:00:00,26.0,23.3,385.0,16.3,10.6,70.0,22.9,70,0.0,15.1
Hyderabad,17.385,78.4867,2026-03-18 01:00:00,19.7,17.8,361.0,13.0,9.0,67.0,21.5,76,0.0,8.4
Hyderabad,17.385,78.4867,2026-03-18 02:00:00,14.3,13.4,341.0,10.3,7.5,65.0,21.0,79,0.7,12.8
Hyderabad,17.385,78.4867,2026-03-18 03:00:00,10.8,10.1,309.0,8.6,6.4,65.0,20.6,78,0.7,11.8
Hyderabad,17.385,78.4867,2026-03-18 04:00:00,9.0,8.2,280.0,7.5,5.6,67.0,20.6,80,1.0,10.2
Hyderabad,17.385,78.4867,2026-03-18 05:00:00,57.5,51.0,311.0,24.5,16.1,55.0,20.4,81,0.9,8.8
Hyderabad,17.385,78.4867,2026-03-18 06:00:00,48.1,42.8,476.0,22.1,14.6,61.0,20.6,78,0.2,6.4
Hyderabad,17.385,78.4867,2026-03-18 07:00:00,35.0,32.0,701.0,18.6,12.5,69.0,20.7,76,0.2,8.7
Hyderabad,17.385,78.4867,2026-03-18 08:00:00,24.6,21.7,814.0,15.0,10.6,81.0,21.6,73,0.0,3.2
Hyderabad,17.385,78.4867,2026-03-18 09:00:00,24.6,20.1,702.0,11.2,9.1,100.0,23.1,65,0.1,3.4
Hyderabad,17.385,78.4867,2026-03-18 10:00:00,32.4,25.7,480.0,7.3,7.7,122.0,25.2,49,0.0,6.5
Hyderabad,17.385,78.4867,2026-03-18 11:00:00,36.9,29.9,319.0,4.4,6.6,140.0,23.2,66,0.0,13.7
Hyderabad,17.385,78.4867,2026-03-18 12:00:00,39.2,32.6,299.0,2.9,5.9,149.0,25.6,55,0.0,13.4
Hyderabad,17.385,78.4867,2026-03-18 13:00:00,42.4,35.0,341.0,2.4,5.5,153.0,27.0,44,0.0,12.4
Hyderabad,17.385,78.4867,2026-03-18 14:00:00,43.7,36.0,379.0,2.4,5.2,154.0,27.8,42,0.0,8.0
Hyderabad,17.385,78.4867,2026-03-18 15:00:00,45.1,36.8,384.0,2.2,4.6,152.0,27.7,42,0.0,7.4
Hyderabad,17.385,78.4867,2026-03-18 16:00:00,44.9,36.7,385.0,2.5,4.1,146.0,27.7,40,0.0,6.4
Hyderabad,17.385,78.4867,2026-03-18 17:00:00,35.4,27.6,401.0,4.7,4.1,136.0,26.7,45,0.0,10.6
Hyderabad,17.385,78.4867,2026-03-18 18:00:00,34.8,28.4,439.0,10.7,5.8,118.0,25.8,50,0.0,8.4
Hyderabad,17.385,78.4867,2026-03-18 19:00:00,39.6,33.4,493.0,18.8,8.2,94.0,24.8,55,0.0,8.9
Hyderabad,17.385,78.4867,2026-03-18 20:00:00,42.0,36.0,563.0,24.2,10.1,75.0,23.9,59,0.0,8.9
Hyderabad,17.385,78.4867,2026-03-18 21:00:00,39.9,34.1,685.0,24.3,11.0,68.0,23.1,62,0.0,8.6
Hyderabad,17.385,78.4867,2026-03-18 22:00:00,39.1,33.3,823.0,21.7,11.4,67.0,22.2,65,0.0,8.6
Hyderabad,17.385,78.4867,2026-03-18 23:00:00,38.2,32.4,874.0,18.9,11.5,66.0,21.6,70,0.0,7.5
Hyderabad,17.385,78.4867,2026-03-19 00:00:00,35.4,29.9,757.0,16.6,11.3,64.0,21.1,78,0.0,6.6
Hyderabad,17.385,78.4867,2026-03-19 01:00:00,32.8,27.7,553.0,14.2,10.8,62.0,20.8,83,0.0,5.8
Hyderabad,17.385,78.4867,2026-03-19 02:00:00,30.5,25.8,403.0,12.3,10.2,60.0,20.8,84,0.0,3.4
Hyderabad,17.385,78.4867,2026-03-19 03:00:00,29.2,24.4,360.0,11.3,9.4,56.0,20.5,88,0.0,2.4
Hyderabad,17.385,78.4867,2026-03-19 04:00:00,27.8,23.1,371.0,10.8,8.5,52.0,20.5,87,0.0,3.3
Hyderabad,17.385,78.4867,2026-03-19 05:00:00,17.1,14.8,422.0,7.7,4.4,52.0,19.8,87,0.0,3.8
Hyderabad,17.385,78.4867,2026-03-19 06:00:00,20.0,16.9,551.0,9.5,5.4,53.0,20.2,86,0.0,4.0
Hyderabad,17.385,78.4867,2026-03-19 07:00:00,24.7,21.8,719.0,11.9,6.8,56.0,20.8,84,0.0,1.6
Hyderabad,17.385,78.4867,2026-03-19 08:00:00,21.3,17.8,794.0,12.5,7.5,64.0,22.6,74,0.0,2.7
Hyderabad,17.385,78.4867,2026-03-19 09:00:00,16.8,12.6,681.0,9.8,6.7,82.0,24.5,65,0.0,4.0
Hyderabad,17.385,78.4867,2026-03-19 10:00:00,15.0,10.8,475.0,5.3,5.2,104.0,26.4,57,0.0,5.7
Hyderabad,17.385,78.4867,2026-03-19 11:00:00,16.8,12.1,323.0,2.0,4.0,123.0,27.3,54,0.0,3.6
Hyderabad,17.385,78.4867,2026-03-19 12:00:00,19.1,13.8,293.0,1.1,3.6,134.0,28.9,47,0.0,2.4
Hyderabad,17.385,78.4867,2026-03-19 13:00:00,23.2,15.6,319.0,1.3,3.6,140.0,29.8,43,0.0,0.6
Hyderabad,17.385,78.4867,2026-03-19 14:00:00,24.2,16.6,344.0,1.8,3.6,143.0,30.4,39,0.0,3.1
Hyderabad,17.385,78.4867,2026-03-19 15:00:00,25.9,17.9,347.0,1.6,3.2,145.0,30.0,38,0.0,3.5
Hyderabad,17.385,78.4867,2026-03-19 16:00:00,27.7,19.1,350.0,1.8,2.9,144.0,29.9,34,0.0,3.3
Hyderabad,17.385,78.4867,2026-03-19 17:00:00,19.4,13.6,368.0,4.9,5.7,163.0,29.8,32,0.0,6.3
Hyderabad,17.385,78.4867,2026-03-19 18:00:00,24.7,19.2,416.0,12.5,7.3,141.0,27.7,43,0.0,12.2
Hyderabad,17.385,78.4867,2026-03-19 19:00:00,31.4,26.4,479.0,22.9,9.6,110.0,26.5,49,0.0,8.3
Hyderabad,17.385,78.4867,2026-03-19 20:00:00,32.4,27.8,524.0,29.9,11.1,86.0,26.0,50,0.0,8.6
Hyderabad,17.385,78.4867,2026-03-19 21:00:00,31.8,27.5,537.0,30.4,11.3,78.0,25.1,53,0.0,8.4
Hyderabad,17.385,78.4867,2026-03-19 22:00:00,31.0,26.9,533.0,27.5,10.8,76.0,24.2,55,0.0,9.4
Hyderabad,17.385,78.4867,2026-03-19 23:00:00,29.1,25.3,523.0,23.9,10.0,75.0,23.6,62,0.0,4.9
Hyderabad,17.385,78.4867,2026-03-20 00:00:00,25.1,21.8,504.0,20.0,8.9,71.0,23.4,64,0.0,3.3
Hyderabad,17.385,78.4867,2026-03-20 01:00:00,21.8,19.3,479.0,15.5,7.6,66.0,23.1,66,0.0,4.3
Hyderabad,17.385,78.4867,2026-03-20 02:00:00,20.9,18.6,465.0,12.4,6.6,62.0,22.7,68,0.0,4.6
Hyderabad,17.385,78.4867,2026-03-20 03:00:00,21.4,18.9,467.0,11.9,6.2,57.0,22.0,70,0.0,8.0
Hyderabad,17.385,78.4867,2026-03-20 04:00:00,22.3,19.6,480.0,12.8,6.1,52.0,21.2,75,0.0,6.7
Hyderabad,17.385,78.4867,2026-03-20 05:00:00,37.1,31.7,503.0,19.3,11.1,52.0,20.0,87,0.0,2.2
Hyderabad,17.385,78.4867,2026-03-20 06:00:00,42.3,35.9,553.0,18.7,12.0,64.0,20.4,86,0.0,4.1
Hyderabad,17.385,78.4867,2026-03-20 07:00:00,47.4,41.1,613.0,17.6,13.1,82.0,21.0,83,0.0,4.3
Hyderabad,17.385,78.4867,2026-03-20 08:00:00,37.1,28.9,637.0,15.5,13.2,100.0,22.5,75,0.0,2.6
Hyderabad,17.385,78.4867,2026-03-20 09:00:00,25.8,18.3,592.0,11.3,11.3,118.0,25.1,61,0.0,2.4
Hyderabad,17.385,78.4867,2026-03-20 10:00:00,27.2,17.6,511.0,6.0,8.4,137.0,27.2,48,0.0,2.0
Hyderabad,17.385,78.4867,2026-03-20 11:00:00,27.5,17.8,445.0,2.2,6.1,151.0,27.7,47,0.0,1.5
Hyderabad,17.385,78.4867,2026-03-20 12:00:00,28.6,18.2,415.0,1.1,5.1,157.0,29.0,42,0.0,1.8
Hyderabad,17.385,78.4867,2026-03-20 13:00:00,30.4,18.3,401.0,1.4,4.8,159.0,29.8,36,0.0,2.6
Hyderabad,17.385,78.4867,2026-03-20 14:00:00,30.5,18.3,390.0,2.0,4.6,159.0,30.2,33,0.0,4.7
Hyderabad,17.385,78.4867,2026-03-20 15:00:00,31.4,18.7,363.0,0.6,4.0,161.0,30.4,32,0.0,5.5
Hyderabad,17.385,78.4867,2026-03-20 16:00:00,33.5,19.7,340.0,0.0,3.5,162.0,30.1,31,0.0,4.8
Hyderabad,17.385,78.4867,2026-03-20 17:00:00,23.0,13.7,370.0,4.1,4.3,152.0,30.8,29,0.0,7.0
Hyderabad,17.385,78.4867,2026-03-20 18:00:00,29.2,20.1,516.0,19.6,8.3,128.0,30.0,31,0.0,3.4
Hyderabad,17.385,78.4867,2026-03-20 19:00:00,43.1,34.1,714.0,40.9,13.7,95.0,28.4,36,0.0,6.2
Hyderabad,17.385,78.4867,2026-03-20 20:00:00,54.0,45.1,828.0,56.2,17.9,70.0,27.3,43,0.0,7.9
Hyderabad,17.385,78.4867,2026-03-20 21:00:00,61.2,52.4,775.0,61.1,19.8,59.0,27.1,44,0.0,6.7
Hyderabad,17.385,78.4867,2026-03-20 22:00:00,65.9,57.2,638.0,60.1,20.5,56.0,25.6,51,0.0,7.6
Hyderabad,17.385,78.4867,2026-03-20 23:00:00,63.8,55.4,520.0,54.8,19.7,56.0,25.4,54,0.0,7.2
Hyderabad,17.385,78.4867,2026-03-21 00:00:00,56.6,48.5,455.0,43.3,16.8,62.0,25.1,54,0.0,7.8
Hyderabad,17.385,78.4867,2026-03-21 01:00:00,44.2,37.1,409.0,27.5,12.6,71.0,24.2,58,0.0,6.4
Hyderabad,17.385,78.4867,2026-03-21 02:00:00,33.8,28.1,392.0,15.5,9.1,76.0,23.4,62,0.0,6.8
Hyderabad,17.385,78.4867,2026-03-21 03:00:00,27.8,22.7,400.0,10.9,7.1,69.0,23.0,65,0.0,6.0
Hyderabad,17.385,78.4867,2026-03-21 04:00:00,24.6,19.3,436.0,10.2,5.9,58.0,22.6,67,0.0,4.7
Hyderabad,17.385,78.4867,2026-03-21 05:00:00,66.1,58.2,517.0,43.5,20.3,57.0,22.0,74,0.0,3.1
Hyderabad,17.385,78.4867,2026-03-21 06:00:00,67.3,59.1,703.0,37.4,20.7,80.0,22.5,72,0.0,4.1
Hyderabad,17.385,78.4867,2026-03-21 07:00:00,71.7,64.5,934.0,28.9,21.2,111.0,23.4,68,0.0,3.1
Hyderabad,17.385,78.4867,2026-03-21 08:00:00,40.5,33.2,1041.0,20.8,20.8,139.0,25.7,59,0.0,4.1
Hyderabad,17.385,78.4867,2026-03-21 09:00:00,34.5,25.6,906.0,13.7,18.9,159.0,27.2,54,0.0,5.8
Hyderabad,17.385,78.4867,2026-03-21 10:00:00,36.3,23.9,647.0,7.2,16.3,174.0,29.0,44,0.0,3.0
Hyderabad,17.385,78.4867,2026-03-21 11:00:00,37.5,23.6,449.0,2.6,13.9,185.0,28.5,46,0.1,0.6
Hyderabad,17.385,78.4867,2026-03-21 12:00:00,35.7,22.8,391.0,1.1,12.3,189.0,29.9,42,0.0,0.6
Hyderabad,17.385,78.4867,2026-03-21 13:00:00,35.2,22.5,394.0,1.5,11.0,189.0,30.7,39,0.0,1.3
Hyderabad,17.385,78.4867,2026-03-21 14:00:00,34.3,22.0,405.0,2.3,9.9,186.0,30.9,37,0.0,1.4
Hyderabad,17.385,78.4867,2026-03-21 15:00:00,33.5,21.3,400.0,2.2,8.9,184.0,31.2,34,0.0,2.4
Hyderabad,17.385,78.4867,2026-03-21 16:00:00,32.5,20.5,403.0,2.4,8.1,179.0,30.6,36,0.0,2.9
Hyderabad,17.385,78.4867,2026-03-21 17:00:00,56.6,34.8,428.0,4.9,10.4,172.0,32.5,25,0.0,4.5
Hyderabad,17.385,78.4867,2026-03-21 18:00:00,61.0,39.5,503.0,11.7,11.7,151.0,30.5,30,0.0,2.3
Hyderabad,17.385,78.4867,2026-03-21 19:00:00,66.8,47.7,601.0,20.9,13.4,121.0,28.2,45,0.0,7.8
Hyderabad,17.385,78.4867,2026-03-21 20:00:00,63.8,47.8,652.0,26.4,14.4,99.0,27.2,53,0.0,9.4
Hyderabad,17.385,78.4867,2026-03-21 21:00:00,57.6,45.1,614.0,24.7,13.8,91.0,25.7,63,0.0,8.1
Hyderabad,17.385,78.4867,2026-03-21 22:00:00,51.9,41.8,529.0,19.3,12.5,90.0,25.0,68,0.0,7.7
Hyderabad,17.385,78.4867,2026-03-21 23:00:00,47.3,38.6,458.0,14.5,11.3,89.0,25.0,72,0.0,7.1
Hyderabad,17.385,78.4867,2026-03-22 00:00:00,43.7,35.5,418.0,11.8,10.7,87.0,25.0,71,0.0,6.5
Hyderabad,17.385,78.4867,2026-03-22 01:00:00,42.3,33.8,392.0,9.6,10.3,85.0,24.5,75,0.0,4.3
Hyderabad,17.385,78.4867,2026-03-22 02:00:00,42.3,32.8,383.0,8.3,10.1,83.0,24.0,79,0.0,3.9
Hyderabad,17.385,78.4867,2026-03-22 03:00:00,43.9,33.2,397.0,8.0,10.2,81.0,23.4,83,0.0,2.4
Hyderabad,17.385,78.4867,2026-03-22 04:00:00,46.0,34.3,428.0,8.5,10.5,78.0,23.0,85,0.0,3.1
Hyderabad,17.385,78.4867,2026-03-22 05:00:00,57.7,44.5,469.0,14.0,13.2,74.0,22.5,88,0.0,0.6
Hyderabad,17.385,78.4867,2026-03-22 06:00:00,61.0,47.0,537.0,13.5,13.1,82.0,22.9,85,0.0,2.8
Hyderabad,17.385,78.4867,2026-03-22 07:00:00,61.7,48.8,614.0,12.8,13.0,93.0,23.5,82,0.0,3.3
Hyderabad,17.385,78.4867,2026-03-22 08:00:00,50.2,35.5,637.0,11.3,12.9,107.0,25.3,72,0.0,4.4
Hyderabad,17.385,78.4867,2026-03-22 09:00:00,51.0,32.7,554.0,8.4,12.8,124.0,27.5,59,0.0,5.6
Hyderabad,17.385,78.4867,2026-03-22 10:00:00,52.7,32.0,418.0,4.8,12.8,143.0,29.5,43,0.0,6.1
Hyderabad,17.385,78.4867,2026-03-22 11:00:00,54.2,32.2,320.0,2.2,12.5,158.0,30.5,38,0.0,5.6
Hyderabad,17.385,78.4867,2026-03-22 12:00:00,52.3,31.8,304.0,1.4,11.9,165.0,30.8,38,0.1,4.7
Hyderabad,17.385,78.4867,2026-03-22 13:00:00,51.5,31.8,328.0,1.7,11.1,169.0,31.0,38,0.1,3.1
Hyderabad,17.385,78.4867,2026-03-22 14:00:00,54.2,32.8,355.0,2.2,10.5,170.0,31.1,38,0.2,2.9
Hyderabad,17.385,78.4867,2026-03-22 15:00:00,51.6,32.2,376.0,2.4,10.1,172.0,31.4,37,0.0,1.8
Hyderabad,17.385,78.4867,2026-03-22 16:00:00,52.6,33.1,401.0,2.8,9.8,172.0,31.1,38,0.0,0.2
Hyderabad,17.385,78.4867,2026-03-22 17:00:00,58.3,34.1,424.0,4.4,7.6,142.0,29.7,43,0.0,10.5
Hyderabad,17.385,78.4867,2026-03-22 18:00:00,59.8,36.6,437.0,9.2,8.8,127.0,29.8,42,0.0,5.9
Hyderabad,17.385,78.4867,2026-03-22 19:00:00,62.6,42.7,447.0,15.7,10.5,106.0,29.3,45,0.0,7.5
Hyderabad,17.385,78.4867,2026-03-22 20:00:00,58.9,44.5,470.0,19.9,11.7,90.0,28.2,52,0.0,8.6
Hyderabad,17.385,78.4867,2026-03-22 21:00:00,53.1,42.4,526.0,19.6,12.0,84.0,27.5,55,0.0,8.6
Hyderabad,17.385,78.4867,2026-03-22 22:00:00,49.6,40.2,593.0,17.1,11.9,82.0,26.9,58,0.0,8.7
Hyderabad,17.385,78.4867,2026-03-22 23:00:00,46.9,37.8,627.0,14.4,11.6,81.0,26.4,62,0.0,7.4
Hyderabad,17.385,78.4867,2026-03-23 00:00:00,44.6,35.6,591.0,12.2,11.3,79.0,25.2,67,0.2,9.9
Hyderabad,17.385,78.4867,2026-03-23 01:00:00,42.4,33.5,521.0,9.9,10.9,78.0,24.5,71,0.0,7.4
Hyderabad,17.385,78.4867,2026-03-23 02:00:00,40.6,31.8,476.0,8.3,10.4,76.0,24.0,74,0.0,5.9
Hyderabad,17.385,78.4867,2026-03-23 03:00:00,39.1,30.2,484.0,7.9,9.9,71.0,23.6,76,0.0,5.8
Hyderabad,17.385,78.4867,2026-03-23 04:00:00,37.6,28.6,517.0,8.2,9.3,64.0,23.3,78,0.0,4.3
Hyderabad,17.385,78.4867,2026-03-23 05:00:00,40.6,31.7,551.0,10.0,10.8,64.0,23.7,78,0.0,5.0
Hyderabad,17.385,78.4867,2026-03-23 06:00:00,38.9,30.5,592.0,9.7,9.8,65.0,23.7,79,0.0,5.1
Hyderabad,17.385,78.4867,2026-03-23 07:00:00,35.0,28.3,634.0,9.3,8.5,67.0,24.4,76,0.0,4.3
Hyderabad,17.385,78.4867,2026-03-23 08:00:00,29.2,21.2,630.0,8.3,7.3,75.0,26.5,63,0.0,5.3
Hyderabad,17.385,78.4867,2026-03-23 09:00:00,31.4,21.1,537.0,6.2,6.4,95.0,29.1,46,0.0,8.6
Hyderabad,17.385,78.4867,2026-03-23 10:00:00,36.4,23.9,399.0,3.7,5.6,120.0,31.0,36,0.0,7.3
Hyderabad,17.385,78.4867,2026-03-23 11:00:00,39.2,25.6,298.0,1.8,5.1,140.0,31.5,33,0.0,7.1
Hyderabad,17.385,78.4867,2026-03-23 12:00:00,40.2,26.0,273.0,1.3,4.9,148.0,32.8,29,0.0,5.4
Hyderabad,17.385,78.4867,2026-03-23 13:00:00,39.1,25.6,287.0,1.4,5.0,150.0,33.5,28,0.0,5.0
Hyderabad,17.385,78.4867,2026-03-23 14:00:00,45.3,29.2,306.0,1.9,5.2,150.0,34.0,27,0.0,7.8
Hyderabad,17.385,78.4867,2026-03-23 15:00:00,39.6,26.1,322.0,2.1,5.3,152.0,33.4,29,0.0,7.1
Hyderabad,17.385,78.4867,2026-03-23 16:00:00,42.6,28.0,344.0,2.5,5.4,153.0,32.7,32,0.0,6.8
Hyderabad,17.385,78.4867,2026-03-23 17:00:00,46.8,31.5,370.0,4.5,6.2,151.0,31.7,31,0.0,8.9
Hyderabad,17.385,78.4867,2026-03-23 18:00:00,43.9,32.1,398.0,8.0,7.5,138.0,31.6,31,0.0,8.8
Hyderabad,17.385,78.4867,2026-03-23 19:00:00,44.4,35.2,429.0,12.8,9.4,120.0,30.2,35,0.0,9.7
Hyderabad,17.385,78.4867,2026-03-23 20:00:00,43.9,36.3,465.0,15.9,10.7,106.0,29.4,38,0.0,7.4
Hyderabad,17.385,78.4867,2026-03-23 21:00:00,44.1,37.1,521.0,15.9,11.1,99.0,28.3,43,0.0,7.5
Hyderabad,17.385,78.4867,2026-03-23 22:00:00,44.9,38.0,581.0,14.2,11.0,96.0,27.7,46,0.0,6.8
Hyderabad,17.385,78.4867,2026-03-23 23:00:00,43.7,36.8,597.0,12.5,10.4,92.0,27.2,48,0.0,8.3
Hyderabad,17.385,78.4867,2026-03-24 00:00:00,39.3,32.8,528.0,11.0,9.0,85.0,26.3,52,0.0,8.0
Hyderabad,17.385,78.4867,2026-03-24 01:00:00,34.8,28.6,416.0,9.4,7.1,77.0,25.3,60,0.0,5.6
Hyderabad,17.385,78.4867,2026-03-24 02:00:00,31.3,25.0,337.0,8.3,5.6,70.0,24.9,65,0.0,4.3
Hyderabad,17.385,78.4867,2026-03-24 03:00:00,29.1,22.6,320.0,8.2,4.9,66.0,24.5,68,0.0,4.7
Hyderabad,17.385,78.4867,2026-03-24 04:00:00,27.9,21.2,336.0,8.6,4.6,63.0,23.7,72,0.0,5.8
Hyderabad,17.385,78.4867,2026-03-24 05:00:00,26.7,19.9,381.0,8.5,5.4,69.0,23.9,72,0.0,4.3
Hyderabad,17.385,78.4867,2026-03-24 06:00:00,25.7,18.9,485.0,8.4,5.6,75.0,24.1,72,0.0,4.1
Hyderabad,17.385,78.4867,2026-03-24 07:00:00,26.6,20.7,617.0,8.3,5.8,83.0,24.8,68,0.0,2.5
Hyderabad,17.385,78.4867,2026-03-24 08:00:00,26.7,19.6,677.0,7.6,5.9,94.0,27.0,57,0.0,4.8
Hyderabad,17.385,78.4867,2026-03-24 09:00:00,26.4,18.6,595.0,5.8,5.6,109.0,29.7,44,0.0,6.3
Hyderabad,17.385,78.4867,2026-03-24 10:00:00,29.1,20.1,442.0,3.6,5.1,125.0,31.7,34,0.0,5.6
Hyderabad,17.385,78.4867,2026-03-24 11:00:00,33.5,23.0,329.0,1.9,4.8,139.0,32.1,33,0.0,6.1
Hyderabad,17.385,78.4867,2026-03-24 12:00:00,37.1,25.7,306.0,1.4,4.9,148.0,32.9,32,0.0,5.9
Hyderabad,17.385,78.4867,2026-03-24 13:00:00,37.5,26.1,325.0,1.5,5.1,153.0,33.5,31,0.0,6.0
Hyderabad,17.385,78.4867,2026-03-24 14:00:00,38.2,26.8,349.0,1.9,5.3,157.0,33.7,31,0.0,6.0
Hyderabad,17.385,78.4867,2026-03-24 15:00:00,38.6,27.3,370.0,2.3,5.3,160.0,33.6,31,0.0,4.5
Hyderabad,17.385,78.4867,2026-03-24 16:00:00,39.2,28.1,397.0,2.9,5.3,161.0,33.7,30,0.0,3.5
Hyderabad,17.385,78.4867,2026-03-24 17:00:00,43.2,31.3,421.0,4.5,5.7,159.0,30.8,37,0.1,4.2
Hyderabad,17.385,78.4867,2026-03-24 18:00:00,43.3,32.9,429.0,8.3,6.8,145.0,30.2,39,0.0,2.7
Hyderabad,17.385,78.4867,2026-03-24 19:00:00,46.3,37.0,435.0,13.6,8.4,125.0,28.6,45,0.3,6.7
Hyderabad,17.385,78.4867,2026-03-24 20:00:00,51.1,41.1,470.0,18.3,10.2,108.0,27.1,55,0.2,4.9
Hyderabad,17.385,78.4867,2026-03-24 21:00:00,54.6,44.5,580.0,22.4,12.6,98.0,26.0,65,0.1,5.0
Hyderabad,17.385,78.4867,2026-03-24 22:00:00,59.6,49.1,720.0,25.9,15.2,91.0,25.5,70,0.0,3.1
Hyderabad,17.385,78.4867,2026-03-24 23:00:00,61.7,51.3,786.0,27.0,16.3,85.0,25.7,71,0.0,6.9
Hyderabad,17.385,78.4867,2026-03-25 00:00:00,58.1,48.9,705.0,24.0,14.8,80.0,25.1,69,0.0,7.8
Hyderabad,17.385,78.4867,2026-03-25 01:00:00,48.2,40.6,550.0,18.6,11.8,77.0,25.2,68,0.0,5.4
Hyderabad,17.385,78.4867,2026-03-25 02:00:00,38.9,32.6,433.0,14.2,9.2,74.0,25.1,67,0.0,3.2
Hyderabad,17.385,78.4867,2026-03-25 03:00:00,32.4,26.9,386.0,12.2,7.5,71.0,24.9,68,0.0,4.6
Hyderabad,17.385,78.4867,2026-03-25 04:00:00,28.1,22.9,377.0,11.1,6.2,69.0,24.4,70,0.0,5.5
Hyderabad,17.385,78.4867,2026-03-25 05:00:00,37.5,30.7,417.0,9.3,6.1,84.0,24.1,77,0.0,4.8
Hyderabad,17.385,78.4867,2026-03-25 06:00:00,37.3,30.9,564.0,10.3,6.5,88.0,24.4,77,0.0,4.1
Hyderabad,17.385,78.4867,2026-03-25 07:00:00,37.4,32.1,760.0,11.5,7.0,95.0,25.3,71,0.0,3.5
Hyderabad,17.385,78.4867,2026-03-25 08:00:00,37.6,30.5,851.0,11.5,7.2,104.0,28.0,56,0.0,5.1
Hyderabad,17.385,78.4867,2026-03-25 09:00:00,39.2,30.3,728.0,8.9,6.9,118.0,30.3,44,0.0,6.5
Hyderabad,17.385,78.4867,2026-03-25 10:00:00,38.1,28.6,499.0,5.0,6.3,135.0,32.0,36,0.0,6.2
Hyderabad,17.385,78.4867,2026-03-25 11:00:00,38.1,28.8,331.0,2.1,5.9,148.0,32.1,38,0.0,5.7
Hyderabad,17.385,78.4867,2026-03-25 12:00:00,45.3,33.4,297.0,1.3,5.7,154.0,32.5,36,0.0,3.9
Hyderabad,17.385,78.4867,2026-03-25 13:00:00,41.0,30.7,323.0,1.6,5.6,157.0,33.0,34,0.1,4.4
Hyderabad,17.385,78.4867,2026-03-25 14:00:00,44.4,33.2,356.0,2.2,5.6,158.0,33.3,33,0.0,4.0
Hyderabad,17.385,78.4867,2026-03-25 15:00:00,43.1,32.5,378.0,2.3,5.4,159.0,33.5,32,0.0,3.4
Hyderabad,17.385,78.4867,2026-03-25 16:00:00,43.7,33.1,407.0,2.7,5.2,158.0,33.0,32,0.0,4.0
Hyderabad,17.385,78.4867,2026-03-25 17:00:00,46.3,35.2,446.0,4.8,6.0,155.0,31.3,35,0.0,1.0
Hyderabad,17.385,78.4867,2026-03-25 18:00:00,47.7,37.6,506.0,8.5,6.9,140.0,30.2,40,0.0,9.0
Hyderabad,17.385,78.4867,2026-03-25 19:00:00,51.5,42.1,576.0,13.6,8.2,119.0,28.8,49,0.0,6.1
Hyderabad,17.385,78.4867,2026-03-25 20:00:00,50.8,41.9,628.0,17.5,9.2,103.0,28.4,51,0.0,6.0
Hyderabad,17.385,78.4867,2026-03-25 21:00:00,50.9,42.3,659.0,19.1,9.6,97.0,28.3,51,0.0,7.5
Hyderabad,17.385,78.4867,2026-03-25 22:00:00,51.6,43.0,672.0,19.4,9.7,96.0,28.3,48,0.0,6.5
Hyderabad,17.385,78.4867,2026-03-25 23:00:00,51.1,42.4,648.0,18.7,9.5,94.0,27.3,52,0.0,4.9
Hyderabad,17.385,78.4867,2026-03-26 00:00:00,47.7,39.1,551.0,16.5,8.9,90.0,27.3,49,0.0,6.9
Hyderabad,17.385,78.4867,2026-03-26 01:00:00,43.5,35.6,416.0,13.3,8.1,86.0,26.6,53,0.0,7.2
Hyderabad,17.385,78.4867,2026-03-26 02:00:00,40.3,32.7,330.0,11.0,7.5,83.0,25.9,57,0.0,4.6
Hyderabad,17.385,78.4867,2026-03-26 03:00:00,37.7,30.4,331.0,10.5,7.1,80.0,25.4,62,0.0,3.2
Hyderabad,17.385,78.4867,2026-03-26 04:00:00,36.8,29.1,381.0,10.9,7.0,79.0,24.9,66,0.0,2.8
Hyderabad,17.385,78.4867,2026-03-26 05:00:00,55.2,46.3,456.0,25.3,15.2,62.0,24.1,72,0.0,0.7
Hyderabad,17.385,78.4867,2026-03-26 06:00:00,61.0,52.2,587.0,23.7,15.4,72.0,24.6,68,0.0,2.2
Hyderabad,17.385,78.4867,2026-03-26 07:00:00,66.6,58.7,744.0,21.2,15.5,87.0,25.5,66,0.0,2.4
Hyderabad,17.385,78.4867,2026-03-26 08:00:00,43.7,35.3,810.0,17.8,14.7,104.0,28.0,53,0.0,3.6
Hyderabad,17.385,78.4867,2026-03-26 09:00:00,37.7,28.5,702.0,12.7,12.2,123.0,30.7,39,0.0,4.3
Hyderabad,17.385,78.4867,2026-03-26 10:00:00,36.7,27.0,503.0,6.6,8.8,144.0,32.6,32,0.0,2.4
Hyderabad,17.385,78.4867,2026-03-26 11:00:00,36.8,26.8,349.0,2.3,6.3,159.0,33.2,32,0.0,1.9
Hyderabad,17.385,78.4867,2026-03-26 12:00:00,36.4,26.6,295.0,1.0,5.6,165.0,33.9,30,0.0,2.7
Hyderabad,17.385,78.4867,2026-03-26 13:00:00,34.9,26.0,286.0,1.4,5.8,164.0,34.5,27,0.0,3.1
Hyderabad,17.385,78.4867,2026-03-26 14:00:00,33.5,25.3,291.0,2.2,6.0,162.0,34.9,22,0.0,5.2
Hyderabad,17.385,78.4867,2026-03-26 15:00:00,32.5,24.8,293.0,2.6,5.9,160.0,35.1,22,0.0,7.4
Hyderabad,17.385,78.4867,2026-03-26 16:00:00,31.8,24.4,309.0,3.5,5.8,155.0,34.9,22,0.0,10.4
Hyderabad,17.385,78.4867,2026-03-26 17:00:00,28.8,22.5,354.0,5.5,6.3,151.0,34.2,24,0.0,10.2
Hyderabad,17.385,78.4867,2026-03-26 18:00:00,34.5,29.1,454.0,11.7,7.9,132.0,32.8,29,0.0,9.0
Hyderabad,17.385,78.4867,2026-03-26 19:00:00,38.0,33.2,583.0,20.0,10.0,105.0,31.2,35,0.0,9.3
Hyderabad,17.385,78.4867,2026-03-26 20:00:00,38.4,34.1,675.0,25.1,11.4,86.0,29.9,39,0.0,7.5
Hyderabad,17.385,78.4867,2026-03-26 21:00:00,37.4,33.2,707.0,23.8,11.4,82.0,29.0,41,0.0,5.9
Hyderabad,17.385,78.4867,2026-03-26 22:00:00,34.7,30.5,701.0,19.2,10.7,85.0,28.2,43,0.0,5.8
Hyderabad,17.385,78.4867,2026-03-26 23:00:00,32.0,27.9,661.0,15.0,9.8,87.0,27.3,48,0.0,5.1
Hyderabad,17.385,78.4867,2026-03-27 00:00:00,29.0,25.1,560.0,12.4,8.6,86.0,26.8,50,0.0,5.4
Hyderabad,17.385,78.4867,2026-03-27 01:00:00,27.4,22.9,424.0,10.3,7.2,85.0,26.0,55,0.0,5.4
Hyderabad,17.385,78.4867,2026-03-27 02:00:00,26.3,21.2,333.0,8.8,6.1,83.0,25.6,56,0.0,6.5
Hyderabad,17.385,78.4867,2026-03-27 03:00:00,25.6,20.0,313.0,8.3,5.3,81.0,25.0,62,0.0,3.2
Hyderabad,17.385,78.4867,2026-03-27 04:00:00,25.2,19.1,338.0,8.4,4.8,78.0,24.7,62,0.0,2.4
Hyderabad,17.385,78.4867,2026-03-27 05:00:00,25.3,19.6,405.0,9.8,4.7,71.0,23.9,70,0.0,3.5
Hyderabad,17.385,78.4867,2026-03-27 06:00:00,26.0,20.5,563.0,11.2,5.4,73.0,24.7,61,0.0,5.8
Hyderabad,17.385,78.4867,2026-03-27 07:00:00,27.6,23.3,763.0,12.9,6.4,77.0,25.5,60,0.0,5.3
Hyderabad,17.385,78.4867,2026-03-27 08:00:00,27.0,21.9,855.0,13.1,7.0,85.0,27.9,51,0.0,4.3
Hyderabad,17.385,78.4867,2026-03-27 09:00:00,25.9,20.0,734.0,10.1,6.6,102.0,30.7,41,0.0,5.1
Hyderabad,17.385,78.4867,2026-03-27 10:00:00,24.3,18.5,504.0,5.4,5.8,124.0,33.0,32,0.0,5.0
Hyderabad,17.385,78.4867,2026-03-27 11:00:00,26.4,19.8,332.0,2.0,5.3,142.0,33.4,31,0.0,5.8
Hyderabad,17.385,78.4867,2026-03-27 12:00:00,29.3,22.1,287.0,1.0,5.4,151.0,34.2,29,0.0,6.9
Hyderabad,17.385,78.4867,2026-03-27 13:00:00,31.1,23.6,299.0,1.3,5.7,156.0,35.0,27,0.0,7.8
Hyderabad,17.385,78.4867,2026-03-27 14:00:00,32.1,24.6,322.0,1.9,6.0,158.0,35.4,26,0.0,9.1
Hyderabad,17.385,78.4867,2026-03-27 15:00:00,32.9,25.4,334.0,1.1,5.8,161.0,35.5,25,0.0,10.2
Hyderabad,17.385,78.4867,2026-03-27 16:00:00,33.8,26.0,357.0,0.6,5.7,161.0,35.1,25,0.0,10.2
Hyderabad,17.385,78.4867,2026-03-27 17:00:00,46.0,35.2,416.0,4.8,6.7,150.0,35.0,24,0.0,7.8
Hyderabad,17.385,78.4867,2026-03-27 18:00:00,52.0,41.8,536.0,13.2,8.5,128.0,33.8,27,0.0,5.6
Hyderabad,17.385,78.4867,2026-03-27 19:00:00,59.6,49.2,692.0,24.5,10.9,99.0,32.5,32,0.0,5.7
Hyderabad,17.385,78.4867,2026-03-27 20:00:00,60.1,50.2,827.0,31.0,12.2,78.0,31.3,34,0.0,4.5
Hyderabad,17.385,78.4867,2026-03-27 21:00:00,55.9,47.1,948.0,28.2,11.4,76.0,30.3,36,0.0,5.8
Hyderabad,17.385,78.4867,2026-03-27 22:00:00,51.1,43.2,1048.0,20.7,9.6,83.0,29.3,40,0.0,10.6
Hyderabad,17.385,78.4867,2026-03-27 23:00:00,47.7,39.8,1057.0,14.4,8.1,89.0,27.2,46,0.0,11.5
Hyderabad,17.385,78.4867,2026-03-28 00:00:00,44.7,36.9,900.0,11.4,7.2,90.0,26.3,50,0.0,11.5
Hyderabad,17.385,78.4867,2026-03-28 01:00:00,44.1,35.6,651.0,9.5,6.6,91.0,26.6,50,0.0,7.8
Hyderabad,17.385,78.4867,2026-03-28 02:00:00,43.1,35.2,462.0,8.3,6.6,91.0,26.7,50,0.0,5.4
Hyderabad,17.385,78.4867,2026-03-28 03:00:00,42.5,35.4,382.0,7.7,7.6,92.0,26.2,51,0.0,5.8
Hyderabad,17.385,78.4867,2026-03-28 04:00:00,44.0,36.9,360.0,7.7,9.2,92.0,26.0,52,0.0,5.1
Hyderabad,17.385,78.4867,2026-03-28 05:00:00,56.1,47.7,399.0,6.8,10.7,110.0,25.2,57,0.0,10.0
Hyderabad,17.385,78.4867,2026-03-28 06:00:00,57.5,49.1,557.0,8.6,10.5,110.0,25.7,53,0.0,8.6
Hyderabad,17.385,78.4867,2026-03-28 07:00:00,58.9,51.3,775.0,10.9,10.2,111.0,26.5,50,0.0,7.5
Hyderabad,17.385,78.4867,2026-03-28 08:00:00,59.5,51.1,876.0,11.6,9.9,116.0,28.0,48,0.0,6.9
Hyderabad,17.385,78.4867,2026-03-28 09:00:00,57.3,48.1,742.0,9.2,9.5,131.0,31.1,36,0.0,9.2
Hyderabad,17.385,78.4867,2026-03-28 10:00:00,49.9,41.4,491.0,5.3,9.1,150.0,33.1,25,0.0,9.9
Hyderabad,17.385,78.4867,2026-03-28 11:00:00,43.0,35.7,304.0,2.3,8.6,164.0,33.0,27,0.0,9.0
Hyderabad,17.385,78.4867,2026-03-28 12:00:00,38.3,31.4,259.0,1.4,7.9,167.0,33.9,25,0.0,7.7
Hyderabad,17.385,78.4867,2026-03-28 13:00:00,35.7,28.9,277.0,1.5,7.1,165.0,34.8,23,0.0,7.2
Hyderabad,17.385,78.4867,2026-03-28 14:00:00,33.6,27.1,301.0,2.0,6.5,162.0,35.1,22,0.0,8.5
Hyderabad,17.385,78.4867,2026-03-28 15:00:00,31.9,25.6,291.0,1.6,5.9,161.0,35.2,22,0.0,9.6
Hyderabad,17.385,78.4867,2026-03-28 16:00:00,30.5,24.4,287.0,1.6,5.5,160.0,34.8,22,0.0,10.3
Hyderabad,17.385,78.4867,2026-03-28 17:00:00,29.6,24.4,353.0,5.1,6.7,158.0,34.3,24,0.0,15.0
Hyderabad,17.385,78.4867,2026-03-28 18:00:00,38.0,33.1,549.0,22.0,11.0,129.0,33.4,27,0.0,11.1
Hyderabad,17.385,78.4867,2026-03-28 19:00:00,50.3,45.3,815.0,45.2,16.9,90.0,32.9,28,0.0,5.2
Hyderabad,17.385,78.4867,2026-03-28 20:00:00,61.9,56.8,1030.0,61.0,21.4,61.0,31.9,31,0.0,5.7
Hyderabad,17.385,78.4867,2026-03-28 21:00:00,67.3,62.4,1158.0,63.2,23.8,51.0,30.4,35,0.0,5.1
Hyderabad,17.385,78.4867,2026-03-28 22:00:00,67.5,62.4,1235.0,58.0,24.8,51.0,29.9,37,0.0,3.5
Hyderabad,17.385,78.4867,2026-03-28 23:00:00,63.6,58.2,1253.0,50.9,24.0,55.0,28.3,43,0.0,3.2
Hyderabad,17.385,78.4867,2026-03-29 00:00:00,54.7,49.4,1198.0,42.5,20.3,61.0,28.3,42,0.0,4.8
Hyderabad,17.385,78.4867,2026-03-29 01:00:00,48.2,42.7,1085.0,32.1,14.8,70.0,27.8,44,0.0,5.1
Hyderabad,17.385,78.4867,2026-03-29 02:00:00,44.9,39.2,948.0,23.5,10.7,78.0,27.0,48,0.0,4.7
Hyderabad,17.385,78.4867,2026-03-29 03:00:00,42.6,36.9,761.0,17.9,9.6,83.0,26.0,51,0.0,3.2
Hyderabad,17.385,78.4867,2026-03-29 04:00:00,40.9,35.3,550.0,14.1,9.9,86.0,25.4,54,0.0,4.1
Hyderabad,17.385,78.4867,2026-03-29 05:00:00,32.5,29.7,429.0,8.5,15.8,101.0,25.2,52,0.0,8.4
Hyderabad,17.385,78.4867,2026-03-29 06:00:00,32.4,29.8,493.0,9.8,14.3,97.0,25.3,48,0.0,7.8
Hyderabad,17.385,78.4867,2026-03-29 07:00:00,33.9,31.8,647.0,11.5,12.1,92.0,26.1,42,0.0,5.1
Hyderabad,17.385,78.4867,2026-03-29 08:00:00,31.9,29.8,723.0,11.8,10.7,96.0,28.2,35,0.0,4.5
Hyderabad,17.385,78.4867,2026-03-29 09:00:00,27.6,25.1,623.0,9.5,10.7,116.0,30.6,31,0.0,5.4
Hyderabad,17.385,78.4867,2026-03-29 10:00:00,23.7,21.3,444.0,5.9,11.4,145.0,32.7,28,0.0,6.1
Hyderabad,17.385,78.4867,2026-03-29 11:00:00,22.2,19.8,308.0,3.1,11.6,166.0,33.4,26,0.0,5.6
Hyderabad,17.385,78.4867,2026-03-29 12:00:00,21.4,19.0,267.0,2.1,10.8,174.0,35.1,23,0.0,5.6
Hyderabad,17.385,78.4867,2026-03-29 13:00:00,21.0,18.5,269.0,2.0,9.5,175.0,35.6,21,0.0,6.4
Hyderabad,17.385,78.4867,2026-03-29 14:00:00,20.5,17.9,278.0,2.3,8.5,173.0,36.3,20,0.0,6.7
Hyderabad,17.385,78.4867,2026-03-29 15:00:00,19.9,17.3,274.0,2.2,8.0,172.0,36.6,20,0.0,7.9
Hyderabad,17.385,78.4867,2026-03-29 16:00:00,19.3,17.0,278.0,2.5,7.7,169.0,36.0,21,0.0,8.8
Hyderabad,17.385,78.4867,2026-03-29 17:00:00,19.3,17.3,318.0,5.1,8.4,165.0,35.1,22,0.0,10.0
Hyderabad,17.385,78.4867,2026-03-29 18:00:00,25.9,24.2,413.0,13.7,10.3,141.0,34.5,23,0.0,6.9
Hyderabad,17.385,78.4867,2026-03-29 19:00:00,33.8,32.0,544.0,25.3,13.0,109.0,33.6,24,0.0,6.1
Hyderabad,17.385,78.4867,2026-03-29 20:00:00,37.5,35.5,688.0,32.7,14.7,86.0,32.3,29,0.0,6.2
Hyderabad,17.385,78.4867,2026-03-29 21:00:00,39.3,37.1,889.0,32.0,14.7,81.0,31.3,32,0.0,5.2
Hyderabad,17.385,78.4867,2026-03-29 22:00:00,41.0,38.2,1102.0,27.0,13.8,86.0,30.5,34,0.0,4.2
Hyderabad,17.385,78.4867,2026-03-29 23:00:00,41.6,38.2,1172.0,21.8,12.5,92.0,29.3,38,0.0,6.4
Hyderabad,17.385,78.4867,2026-03-30 00:00:00,44.1,39.3,964.0,17.3,10.7,97.0,28.7,40,0.0,7.5
Hyderabad,17.385,78.4867,2026-03-30 01:00:00,48.9,42.4,613.0,12.7,8.6,102.0,28.1,43,0.0,7.1
Hyderabad,17.385,78.4867,2026-03-30 02:00:00,53.3,45.5,367.0,9.4,7.0,106.0,27.4,46,0.0,4.5
Hyderabad,17.385,78.4867,2026-03-30 03:00:00,56.5,47.8,339.0,8.2,6.2,105.0,27.0,49,0.0,4.6
Hyderabad,17.385,78.4867,2026-03-30 04:00:00,58.2,49.5,416.0,8.4,5.9,101.0,26.5,51,0.0,4.8
Hyderabad,17.385,78.4867,2026-03-30 05:00:00,54.6,48.3,506.0,8.3,5.8,96.0,26.2,60,0.0,1.8
Hyderabad,17.385,78.4867,2026-03-30 06:00:00,56.6,50.5,609.0,9.6,6.4,101.0,26.6,57,0.0,3.8
Hyderabad,17.385,78.4867,2026-03-30 07:00:00,57.7,52.7,725.0,11.3,7.2,108.0,27.3,55,0.0,3.1
Hyderabad,17.385,78.4867,2026-03-30 08:00:00,58.2,52.5,763.0,11.5,7.6,119.0,29.5,47,0.0,4.4
Hyderabad,17.385,78.4867,2026-03-30 09:00:00,56.2,49.4,650.0,8.9,7.2,136.0,31.8,40,0.0,7.4
Hyderabad,17.385,78.4867,2026-03-30 10:00:00,53.2,45.8,459.0,4.8,6.4,156.0,33.8,34,0.0,9.0
Hyderabad,17.385,78.4867,2026-03-30 11:00:00,49.5,41.9,318.0,1.9,5.7,169.0,34.3,30,0.0,10.1
Hyderabad,17.385,78.4867,2026-03-30 12:00:00,46.6,38.5,283.0,1.3,5.3,169.0,35.8,26,0.0,10.5
Hyderabad,17.385,78.4867,2026-03-30 13:00:00,43.4,35.3,297.0,1.7,4.9,161.0,36.3,23,0.0,9.7
Hyderabad,17.385,78.4867,2026-03-30 14:00:00,40.9,32.8,318.0,2.5,4.7,154.0,33.5,27,0.0,4.1
Hyderabad,17.385,78.4867,2026-03-30 15:00:00,41.8,33.2,317.0,1.7,4.1,152.0,30.2,43,0.3,12.1
Hyderabad,17.385,78.4867,2026-03-30 16:00:00,47.0,37.0,322.0,1.1,3.6,151.0,30.8,40,0.0,7.7
Hyderabad,17.385,78.4867,2026-03-30 17:00:00,34.8,27.8,377.0,5.2,4.3,135.0,32.6,34,0.0,4.3
Hyderabad,17.385,78.4867,2026-03-30 18:00:00,39.1,32.5,525.0,14.3,6.5,116.0,32.5,33,0.0,8.6
Hyderabad,17.385,78.4867,2026-03-30 19:00:00,46.6,39.9,723.0,26.8,9.5,91.0,31.6,35,0.0,8.3
Hyderabad,17.385,78.4867,2026-03-30 20:00:00,52.5,45.8,880.0,35.6,11.8,71.0,30.7,36,0.0,6.3
Hyderabad,17.385,78.4867,2026-03-30 21:00:00,57.6,50.6,986.0,37.8,12.9,63.0,30.0,39,0.0,5.1
Hyderabad,17.385,78.4867,2026-03-30 22:00:00,59.0,52.2,1051.0,36.3,13.3,61.0,29.0,42,0.0,6.9
Hyderabad,17.385,78.4867,2026-03-30 23:00:00,52.3,46.8,1023.0,33.2,13.1,61.0,27.8,50,0.0,8.6
Hyderabad,17.385,78.4867,2026-03-31 00:00:00,44.5,40.6,823.0,28.0,11.9,63.0,27.2,56,0.0,9.1
Hyderabad,17.385,78.4867,2026-03-31 01:00:00,36.6,33.6,529.0,21.1,10.0,67.0,27.0,59,0.0,8.8
Hyderabad,17.385,78.4867,2026-03-31 02:00:00,32.7,30.3,321.0,15.9,9.0,71.0,23.2,74,1.3,10.6
Hyderabad,17.385,78.4867,2026-03-31 03:00:00,36.6,34.1,287.0,13.7,9.5,75.0,24.0,75,0.0,5.5
Hyderabad,17.385,78.4867,2026-03-31 04:00:00,41.8,38.3,339.0,13.1,10.9,78.0,24.1,74,0.0,2.2
Hyderabad,17.385,78.4867,2026-03-31 05:00:00,61.5,54.6,390.0,7.8,8.7,107.0,23.6,70,0.0,12.0
Hyderabad,17.385,78.4867,2026-03-31 06:00:00,63.3,55.5,417.0,9.3,9.7,109.0,23.3,69,0.0,8.6
Hyderabad,17.385,78.4867,2026-03-31 07:00:00,63.6,56.1,442.0,11.3,11.0,113.0,23.3,69,0.0,12.1
Hyderabad,17.385,78.4867,2026-03-31 08:00:00,61.7,53.1,447.0,11.8,11.6,121.0,24.9,63,0.0,10.1
Hyderabad,17.385,78.4867,2026-03-31 09:00:00,57.5,48.8,414.0,9.4,11.0,136.0,27.2,55,0.0,8.4
Hyderabad,17.385,78.4867,2026-03-31 10:00:00,53.0,44.8,361.0,5.4,9.6,156.0,29.6,44,0.0,9.0
Hyderabad,17.385,78.4867,2026-03-31 11:00:00,49.6,42.0,324.0,2.5,8.5,169.0,29.2,47,0.0,15.1
Hyderabad,17.385,78.4867,2026-03-31 12:00:00,47.6,40.4,315.0,1.6,7.8,172.0,29.9,46,0.0,12.3
Hyderabad,17.385,78.4867,2026-03-31 13:00:00,46.7,39.6,322.0,1.6,7.2,169.0,31.1,43,0.0,8.3
Hyderabad,17.385,78.4867,2026-03-31 14:00:00,46.0,38.9,339.0,2.1,6.9,166.0,31.1,42,0.0,6.2
Hyderabad,17.385,78.4867,2026-03-31 15:00:00,45.5,38.3,370.0,2.4,6.7,165.0,31.5,40,0.0,5.6
Hyderabad,17.385,78.4867,2026-03-31 16:00:00,45.2,38.2,411.0,3.0,6.7,164.0,31.3,38,0.0,2.1
Hyderabad,17.385,78.4867,2026-03-31 17:00:00,46.4,39.0,453.0,5.5,7.8,154.0,32.0,37,0.0,2.8
Hyderabad,17.385,78.4867,2026-03-31 18:00:00,53.1,46.8,482.0,13.8,9.8,134.0,30.7,41,0.2,7.4
Hyderabad,17.385,78.4867,2026-03-31 19:00:00,59.5,53.4,511.0,25.0,12.5,106.0,29.4,48,0.0,7.5
Hyderabad,17.385,78.4867,2026-03-31 20:00:00,57.7,52.3,565.0,32.0,14.2,85.0,28.4,53,0.0,5.2
Hyderabad,17.385,78.4867,2026-03-31 21:00:00,55.6,50.3,689.0,30.8,14.1,79.0,27.7,56,0.0,5.8
Hyderabad,17.385,78.4867,2026-03-31 22:00:00,54.4,49.0,838.0,25.5,12.9,79.0,27.3,58,0.0,5.2
Hyderabad,17.385,78.4867,2026-03-31 23:00:00,52.6,47.1,903.0,20.5,11.7,81.0,27.1,59,0.0,5.7
Hyderabad,17.385,78.4867,2026-04-01 00:00:00,50.6,44.7,806.0,17.3,10.6,82.0,26.5,61,0.0,6.5
Hyderabad,17.385,78.4867,2026-04-01 01:00:00,49.5,43.1,624.0,14.5,9.4,83.0,26.0,63,0.0,5.5
Hyderabad,17.385,78.4867,2026-04-01 02:00:00,48.8,42.0,481.0,12.6,8.4,84.0,25.4,66,0.0,6.4
Hyderabad,17.385,78.4867,2026-04-01 03:00:00,48.3,41.3,423.0,12.1,7.6,82.0,24.7,71,0.0,6.7
Hyderabad,17.385,78.4867,2026-04-01 04:00:00,47.5,40.4,403.0,12.5,7.1,78.0,24.2,77,0.0,4.2
Hyderabad,17.385,78.4867,2026-04-01 05:00:00,41.9,35.6,408.0,11.4,6.2,75.0,23.9,83,0.0,2.3
Hyderabad,17.385,78.4867,2026-04-01 06:00:00,43.8,37.6,454.0,11.1,6.5,78.0,24.5,78,0.0,4.0
Hyderabad,17.385,78.4867,2026-04-01 07:00:00,42.5,37.5,524.0,10.5,6.9,84.0,24.8,78,0.0,5.6
Hyderabad,17.385,78.4867,2026-04-01 08:00:00,35.3,29.5,551.0,9.4,7.0,92.0,26.4,70,0.0,5.0
Hyderabad,17.385,78.4867,2026-04-01 09:00:00,32.5,26.2,492.0,7.1,6.5,106.0,28.7,58,0.0,5.2
Hyderabad,17.385,78.4867,2026-04-01 10:00:00,33.5,26.7,390.0,4.1,5.7,123.0,30.8,47,0.0,5.4
Hyderabad,17.385,78.4867,2026-04-01 11:00:00,34.3,27.5,311.0,2.0,5.0,137.0,31.6,46,0.0,5.6
Hyderabad,17.385,78.4867,2026-04-01 12:00:00,34.0,26.9,282.0,1.3,4.7,144.0,32.0,44,0.0,5.4
Hyderabad,17.385,78.4867,2026-04-01 13:00:00,32.2,25.6,276.0,1.4,4.6,147.0,32.8,37,0.0,5.8
Hyderabad,17.385,78.4867,2026-04-01 14:00:00,31.4,25.0,279.0,1.9,4.6,148.0,33.1,33,0.0,5.4
Hyderabad,17.385,78.4867,2026-04-01 15:00:00,30.6,24.4,286.0,2.2,4.5,149.0,33.4,31,0.0,3.3
Hyderabad,17.385,78.4867,2026-04-01 16:00:00,30.2,24.2,302.0,2.8,4.5,148.0,33.5,30,0.0,4.0
Hyderabad,17.385,78.4867,2026-04-01 17:00:00,23.9,19.4,328.0,4.7,5.0,140.0,33.0,30,0.0,12.3
Hyderabad,17.385,78.4867,2026-04-01 18:00:00,27.5,24.0,365.0,10.8,6.8,124.0,31.9,35,0.0,11.6
Hyderabad,17.385,78.4867,2026-04-01 19:00:00,31.8,28.8,413.0,19.1,9.4,102.0,31.2,39,0.0,9.1
Hyderabad,17.385,78.4867,2026-04-01 20:00:00,32.5,29.8,473.0,24.2,11.1,86.0,30.2,42,0.0,7.3
Hyderabad,17.385,78.4867,2026-04-01 21:00:00,31.2,28.8,575.0,23.3,11.4,81.0,29.3,45,0.0,9.1
Hyderabad,17.385,78.4867,2026-04-01 22:00:00,29.0,27.0,689.0,19.2,10.9,82.0,28.6,46,0.0,10.2
Hyderabad,17.385,78.4867,2026-04-01 23:00:00,25.8,24.0,722.0,15.6,10.1,81.0,27.4,51,0.0,9.5
Hyderabad,17.385,78.4867,2026-04-02 00:00:00,21.5,20.0,596.0,13.5,9.0,75.0,26.4,56,0.0,9.1
Hyderabad,17.385,78.4867,2026-04-02 01:00:00,17.7,16.1,388.0,11.8,7.5,67.0,25.9,57,0.0,6.6
Hyderabad,17.385,78.4867,2026-04-02 02:00:00,14.9,13.1,244.0,10.8,6.3,60.0,25.3,57,0.0,5.7
Hyderabad,17.385,78.4867,2026-04-02 03:00:00,13.2,11.1,227.0,11.0,5.5,55.0,24.9,55,0.0,4.6
Hyderabad,17.385,78.4867,2026-04-02 04:00:00,13.0,10.2,273.0,11.8,5.0,51.0,24.6,54,0.0,4.6
Hyderabad,17.385,78.4867,2026-04-02 05:00:00,22.3,19.6,330.0,22.5,9.2,48.0,23.7,64,0.0,1.9
Hyderabad,17.385,78.4867,2026-04-02 06:00:00,27.1,23.8,398.0,19.9,9.8,55.0,24.1,63,0.0,4.4
Hyderabad,17.385,78.4867,2026-04-02 07:00:00,27.2,24.4,477.0,16.1,10.7,66.0,25.0,57,0.0,4.8
Hyderabad,17.385,78.4867,2026-04-02 08:00:00,21.2,17.6,513.0,12.4,10.8,80.0,26.8,48,0.0,5.5
Hyderabad,17.385,78.4867,2026-04-02 09:00:00,17.9,14.1,466.0,8.8,9.7,102.0,29.0,39,0.0,5.2
Hyderabad,17.385,78.4867,2026-04-02 10:00:00,16.6,12.8,377.0,5.3,7.9,127.0,30.9,33,0.0,6.2
Hyderabad,17.385,78.4867,2026-04-02 11:00:00,17.1,13.1,307.0,2.7,6.3,145.0,31.2,37,0.0,8.0
Hyderabad,17.385,78.4867,2026-04-02 12:00:00,18.3,13.9,282.0,1.7,5.2,150.0,32.0,36,0.0,7.7
Hyderabad,17.385,78.4867,2026-04-02 13:00:00,20.1,15.1,277.0,1.6,4.4,148.0,32.4,35,0.0,6.0
Hyderabad,17.385,78.4867,2026-04-02 14:00:00,20.9,15.8,281.0,1.9,3.8,145.0,33.0,33,0.0,4.9
Hyderabad,17.385,78.4867,2026-04-02 15:00:00,21.1,16.1,290.0,1.9,3.4,144.0,33.5,32,0.0,6.6
Hyderabad,17.385,78.4867,2026-04-02 16:00:00,21.2,16.3,306.0,2.2,3.2,142.0,33.3,32,0.0,9.2
Hyderabad,17.385,78.4867,2026-04-02 17:00:00,19.5,15.7,330.0,3.9,3.1,126.0,32.3,33,0.0,10.4
Hyderabad,17.385,78.4867,2026-04-02 18:00:00,22.5,19.2,358.0,10.4,5.0,110.0,31.5,35,0.0,9.7
Hyderabad,17.385,78.4867,2026-04-02 19:00:00,29.4,26.2,392.0,19.3,7.7,89.0,30.8,36,0.0,8.9
Hyderabad,17.385,78.4867,2026-04-02 20:00:00,33.5,30.2,440.0,25.2,9.7,73.0,30.0,40,0.0,7.4
Hyderabad,17.385,78.4867,2026-04-02 21:00:00,35.0,31.5,523.0,25.2,10.3,69.0,29.4,42,0.0,7.4
Hyderabad,17.385,78.4867,2026-04-02 22:00:00,34.2,30.7,619.0,22.3,10.3,71.0,28.9,43,0.0,5.6
Hyderabad,17.385,78.4867,2026-04-02 23:00:00,31.8,28.1,672.0,19.4,10.0,72.0,28.1,48,0.0,7.9
Hyderabad,17.385,78.4867,2026-04-03 00:00:00,30.4,26.4,646.0,17.4,9.6,70.0,27.6,50,0.0,6.6
Hyderabad,17.385,78.4867,2026-04-03 01:00:00,29.3,25.3,577.0,15.6,9.1,66.0,26.9,53,0.0,6.2
Hyderabad,17.385,78.4867,2026-04-03 02:00:00,27.5,23.7,512.0,14.4,8.6,63.0,26.2,56,0.0,7.3
Hyderabad,17.385,78.4867,2026-04-03 03:00:00,25.4,21.9,455.0,14.5,8.2,58.0,25.4,61,0.0,6.9
Hyderabad,17.385,78.4867,2026-04-03 04:00:00,23.4,20.2,403.0,15.4,7.8,53.0,24.9,65,0.0,6.2
Hyderabad,17.385,78.4867,2026-04-03 05:00:00,18.3,15.6,390.0,16.7,6.1,52.0,24.4,71,0.0,1.1
Hyderabad,17.385,78.4867,2026-04-03 06:00:00,23.8,21.1,457.0,15.0,6.5,59.0,24.9,63,0.0,9.1
Hyderabad,17.385,78.4867,2026-04-03 07:00:00,23.7,21.5,563.0,12.6,7.0,69.0,25.7,59,0.0,5.7
Hyderabad,17.385,78.4867,2026-04-03 08:00:00,15.0,12.4,621.0,10.1,7.1,81.0,27.9,50,0.0,3.4
Hyderabad,17.385,78.4867,2026-04-03 09:00:00,12.8,9.8,582.0,7.2,6.3,97.0,29.9,44,0.0,3.1
Hyderabad,17.385,78.4867,2026-04-03 10:00:00,14.0,10.5,495.0,4.2,5.1,116.0,31.4,39,0.0,4.2
Hyderabad,17.385,78.4867,2026-04-03 11:00:00,18.1,13.3,422.0,2.1,4.2,131.0,32.0,35,0.0,2.9
Hyderabad,17.385,78.4867,2026-04-03 12:00:00,21.8,15.7,384.0,1.4,3.8,140.0,33.3,31,0.0,2.5
Hyderabad,17.385,78.4867,2026-04-03 13:00:00,23.7,16.8,359.0,1.5,3.7,144.0,34.5,27,0.0,4.2
Hyderabad,17.385,78.4867,2026-04-03 14:00:00,24.6,17.3,343.0,1.9,3.6,147.0,34.9,27,0.0,6.6
Hyderabad,17.385,78.4867,2026-04-03 15:00:00,25.1,17.8,333.0,1.8,3.4,150.0,34.9,28,0.0,7.0
Hyderabad,17.385,78.4867,2026-04-03 16:00:00,25.4,18.0,332.0,2.0,3.3,150.0,34.4,29,0.0,7.0
Hyderabad,17.385,78.4867,2026-04-03 17:00:00,29.7,21.4,348.0,4.7,4.1,144.0,34.3,27,0.0,7.5
Hyderabad,17.385,78.4867,2026-04-03 18:00:00,32.0,24.6,382.0,10.7,5.6,126.0,33.4,28,0.0,7.5
Hyderabad,17.385,78.4867,2026-04-03 19:00:00,38.1,31.3,433.0,18.8,7.8,101.0,32.1,32,0.0,7.2
Hyderabad,17.385,78.4867,2026-04-03 20:00:00,39.9,33.9,501.0,24.2,9.3,82.0,31.2,34,0.0,6.1
Hyderabad,17.385,78.4867,2026-04-03 21:00:00,40.2,34.6,613.0,24.4,9.8,76.0,30.7,35,0.0,6.0
Hyderabad,17.385,78.4867,2026-04-03 22:00:00,38.1,32.9,742.0,21.9,9.6,77.0,30.1,35,0.0,4.7
Hyderabad,17.385,78.4867,2026-04-03 23:00:00,33.5,29.1,804.0,19.1,9.3,77.0,29.5,36,0.0,7.6
Hyderabad,17.385,78.4867,2026-04-04 00:00:00,28.9,25.1,735.0,16.3,8.7,75.0,29.1,36,0.0,8.4
Hyderabad,17.385,78.4867,2026-04-04 01:00:00,24.6,21.5,599.0,13.2,7.9,74.0,28.1,41,0.0,7.5
Hyderabad,17.385,78.4867,2026-04-04 02:00:00,21.1,18.5,503.0,11.8,7.5,71.0,27.1,44,0.0,10.5
Hyderabad,17.385,78.4867,2026-04-04 03:00:00,19.2,16.7,497.0,13.8,7.6,65.0,26.9,47,0.0,3.1
Hyderabad,17.385,78.4867,2026-04-04 04:00:00,19.7,17.2,531.0,17.6,8.1,57.0,26.1,51,0.0,5.2
Hyderabad,17.385,78.4867,2026-04-04 05:00:00,38.3,32.9,564.0,13.0,10.5,84.0,26.3,54,0.0,5.5
Hyderabad,17.385,78.4867,2026-04-04 06:00:00,44.4,38.3,593.0,15.1,11.7,86.0,26.3,53,0.0,10.3
Hyderabad,17.385,78.4867,2026-04-04 07:00:00,46.7,41.0,621.0,17.8,13.3,90.0,27.1,52,0.0,6.4
Hyderabad,17.385,78.4867,2026-04-04 08:00:00,43.9,37.6,613.0,18.2,13.9,99.0,28.6,49,0.0,5.3
Hyderabad,17.385,78.4867,2026-04-04 09:00:00,37.4,30.9,534.0,14.1,12.6,118.0,30.7,40,0.0,5.4
Hyderabad,17.385,78.4867,2026-04-04 10:00:00,34.8,27.7,418.0,7.8,10.4,142.0,32.2,34,0.0,4.7
Hyderabad,17.385,78.4867,2026-04-04 11:00:00,35.2,27.4,334.0,3.1,8.6,162.0,31.8,35,0.0,4.1
Hyderabad,17.385,78.4867,2026-04-04 12:00:00,35.9,27.9,313.0,1.7,7.9,174.0,33.3,32,0.0,3.6
Hyderabad,17.385,78.4867,2026-04-04 13:00:00,36.9,28.7,324.0,1.9,7.6,181.0,34.5,29,0.0,3.8
Hyderabad,17.385,78.4867,2026-04-04 14:00:00,37.6,29.3,344.0,2.5,7.5,185.0,34.6,29,0.0,4.7
Hyderabad,17.385,78.4867,2026-04-04 15:00:00,38.2,29.7,363.0,2.2,7.2,188.0,34.4,29,0.0,3.7
Hyderabad,17.385,78.4867,2026-04-04 16:00:00,39.2,30.5,391.0,2.2,7.0,188.0,33.8,30,0.0,3.0
Hyderabad,17.385,78.4867,2026-04-04 17:00:00,42.4,32.8,430.0,5.5,6.8,167.0,33.1,31,0.0,8.8
Hyderabad,17.385,78.4867,2026-04-04 18:00:00,44.6,35.4,486.0,13.0,8.6,144.0,33.0,31,0.1,4.8
Hyderabad,17.385,78.4867,2026-04-04 19:00:00,52.4,43.9,554.0,23.6,11.2,111.0,32.7,31,0.0,4.6
Hyderabad,17.385,78.4867,2026-04-04 20:00:00,55.5,47.5,623.0,32.7,13.8,85.0,32.2,32,0.0,5.7
Hyderabad,17.385,78.4867,2026-04-04 21:00:00,57.5,49.7,714.0,39.0,16.4,71.0,31.1,36,0.0,5.9
Hyderabad,17.385,78.4867,2026-04-04 22:00:00,61.2,53.4,805.0,43.9,18.9,64.0,30.8,37,0.0,2.9
Hyderabad,17.385,78.4867,2026-04-04 23:00:00,65.4,57.6,826.0,47.0,20.6,59.0,29.9,41,0.0,1.7
Hyderabad,17.385,78.4867,2026-04-05 00:00:00,66.6,58.9,709.0,47.5,20.7,56.0,29.7,42,0.0,6.6
Hyderabad,17.385,78.4867,2026-04-05 01:00:00,66.4,58.6,521.0,46.2,20.1,54.0,28.9,45,0.0,4.2
Hyderabad,17.385,78.4867,2026-04-05 02:00:00,68.0,60.1,390.0,45.7,20.0,52.0,28.0,49,0.0,5.5
Hyderabad,17.385,78.4867,2026-04-05 03:00:00,71.2,63.3,370.0,48.6,21.7,45.0,27.3,53,0.0,6.0
Hyderabad,17.385,78.4867,2026-04-05 04:00:00,75.7,67.5,407.0,52.2,24.0,37.0,27.1,53,0.0,4.9
Hyderabad,17.385,78.4867,2026-04-05 05:00:00,33.9,30.3,467.0,18.5,11.3,66.0,27.5,52,0.0,2.8
Hyderabad,17.385,78.4867,2026-04-05 06:00:00,36.7,33.2,573.0,17.2,11.5,72.0,27.4,53,0.0,6.9
Hyderabad,17.385,78.4867,2026-04-05 07:00:00,37.0,34.3,702.0,15.2,11.8,81.0,28.6,46,0.0,0.9
Hyderabad,17.385,78.4867,2026-04-05 08:00:00,33.3,29.7,754.0,12.8,11.9,94.0,30.2,41,0.0,5.1
Hyderabad,17.385,78.4867,2026-04-05 09:00:00,33.4,29.1,656.0,9.5,11.5,115.0,31.0,39,0.0,8.5
Hyderabad,17.385,78.4867,2026-04-05 10:00:00,36.0,30.9,482.0,5.7,11.0,140.0,31.7,37,0.1,6.3
Hyderabad,17.385,78.4867,2026-04-05 11:00:00,46.4,38.1,352.0,3.0,10.4,161.0,31.5,39,0.4,6.5
Hyderabad,17.385,78.4867,2026-04-05 12:00:00,52.3,41.9,320.0,2.1,10.0,173.0,31.9,39,0.8,6.0
Hyderabad,17.385,78.4867,2026-04-05 13:00:00,52.9,42.7,333.0,2.2,9.6,181.0,32.4,39,0.7,5.3
Hyderabad,17.385,78.4867,2026-04-05 14:00:00,53.4,43.2,350.0,2.6,9.2,184.0,32.3,40,0.2,4.0
Hyderabad,17.385,78.4867,2026-04-05 15:00:00,51.9,42.0,357.0,2.0,8.5,183.0,32.3,40,0.1,3.8
Hyderabad,17.385,78.4867,2026-04-05 16:00:00,50.9,41.1,368.0,1.7,7.8,178.0,32.6,38,0.0,4.8
Hyderabad,17.385,78.4867,2026-04-05 17:00:00,50.9,40.5,386.0,5.0,9.0,166.0,33.9,27,0.0,5.4
Hyderabad,17.385,78.4867,2026-04-05 18:00:00,49.9,40.3,404.0,13.5,11.3,144.0,33.4,27,0.0,4.5
Hyderabad,17.385,78.4867,2026-04-05 19:00:00,54.8,45.3,430.0,25.2,14.4,113.0,32.1,31,0.0,5.8
Hyderabad,17.385,78.4867,2026-04-05 20:00:00,61.0,51.5,486.0,34.1,17.0,89.0,31.3,36,0.0,6.2
Hyderabad,17.385,78.4867,2026-04-05 21:00:00,65.9,56.3,597.0,37.8,18.7,78.0,30.4,42,0.0,7.6
Hyderabad,17.385,78.4867,2026-04-05 22:00:00,68.2,58.7,738.0,38.5,19.7,73.0,29.3,47,0.0,6.5
Hyderabad,17.385,78.4867,2026-04-05 23:00:00,65.9,56.3,859.0,37.4,19.9,72.0,29.4,49,0.0,3.2
Hyderabad,17.385,78.4867,2026-04-06 00:00:00,62.2,53.0,944.0,33.5,18.6,76.0,29.1,50,0.0,4.2
Hyderabad,17.385,78.4867,2026-04-06 01:00:00,61.7,52.4,1009.0,27.7,16.3,85.0,28.6,52,0.0,4.6
Hyderabad,17.385,78.4867,2026-04-06 02:00:00,63.3,53.7,1052.0,23.3,14.4,90.0,27.9,53,0.0,5.4
Hyderabad,17.385,78.4867,2026-04-06 03:00:00,64.3,54.8,1086.0,22.0,13.3,88.0,27.3,54,0.0,5.1
Hyderabad,17.385,78.4867,2026-04-06 04:00:00,63.6,54.4,1098.0,22.1,12.5,83.0,26.3,58,0.0,5.5
Hyderabad,17.385,78.4867,2026-04-06 05:00:00,75.2,64.7,1048.0,46.0,18.9,33.0,25.2,66,0.0,8.2
Hyderabad,17.385,78.4867,2026-04-06 06:00:00,68.2,58.6,889.0,36.6,17.6,52.0,25.1,62,0.0,9.7
Hyderabad,17.385,78.4867,2026-04-06 07:00:00,51.7,44.9,668.0,23.5,15.7,79.0,26.2,48,0.0,8.6
Hyderabad,17.385,78.4867,2026-04-06 08:00:00,40.2,31.8,486.0,12.9,14.0,104.0,28.2,39,0.0,10.1
Hyderabad,17.385,78.4867,2026-04-06 09:00:00,32.2,23.1,382.0,7.4,12.7,125.0,30.2,33,0.0,9.8
Hyderabad,17.385,78.4867,2026-04-06 10:00:00,30.9,21.0,317.0,4.3,11.6,145.0,31.9,30,0.0,8.6
Hyderabad,17.385,78.4867,2026-04-06 11:00:00,32.5,22.5,274.0,2.4,10.3,157.0,32.4,30,0.0,7.8
Hyderabad,17.385,78.4867,2026-04-06 12:00:00,31.7,22.2,251.0,1.4,8.7,159.0,33.8,28,0.0,7.3
Hyderabad,17.385,78.4867,2026-04-06 13:00:00,27.1,19.0,251.0,1.4,7.0,153.0,34.3,26,0.0,9.6
Hyderabad,17.385,78.4867,2026-04-06 14:00:00,21.9,15.4,256.0,1.8,5.6,147.0,34.4,26,0.0,11.1
Hyderabad,17.385,78.4867,2026-04-06 15:00:00,18.0,12.5,253.0,1.4,4.3,143.0,34.3,25,0.0,8.9
Hyderabad,17.385,78.4867,2026-04-06 16:00:00,15.4,10.5,256.0,1.4,3.3,139.0,34.6,24,0.0,8.2
Hyderabad,17.385,78.4867,2026-04-06 17:00:00,13.0,9.5,296.0,3.7,3.3,130.0,34.7,21,0.0,13.1
Hyderabad,17.385,78.4867,2026-04-06 18:00:00,14.3,11.8,417.0,9.9,4.9,113.0,33.8,23,0.0,15.4
Hyderabad,17.385,78.4867,2026-04-06 19:00:00,18.9,16.8,574.0,18.3,7.1,91.0,32.9,25,0.0,13.9
Hyderabad,17.385,78.4867,2026-04-06 20:00:00,20.3,18.6,664.0,23.4,8.8,76.0,31.9,27,0.0,10.1
Hyderabad,17.385,78.4867,2026-04-06 21:00:00,19.3,17.8,625.0,21.8,9.5,78.0,30.8,29,0.0,7.8
Hyderabad,17.385,78.4867,2026-04-06 22:00:00,17.6,16.3,519.0,16.8,9.8,87.0,29.7,30,0.0,7.5
Hyderabad,17.385,78.4867,2026-04-06 23:00:00,15.9,14.8,430.0,13.6,9.9,92.0,29.0,29,0.0,9.4
Hyderabad,17.385,78.4867,2026-04-07 00:00:00,14.6,13.7,385.0,13.9,9.8,87.0,28.5,29,0.0,7.0
Hyderabad,17.385,78.4867,2026-04-07 01:00:00,15.8,15.0,359.0,15.9,9.6,78.0,27.5,30,0.0,6.8
Hyderabad,17.385,78.4867,2026-04-07 02:00:00,18.3,17.5,354.0,19.1,10.0,67.0,27.3,28,0.0,6.7
Hyderabad,17.385,78.4867,2026-04-07 03:00:00,22.1,21.2,377.0,24.8,11.4,53.0,26.3,30,0.0,8.9
Hyderabad,17.385,78.4867,2026-04-07 04:00:00,26.0,25.0,423.0,31.7,13.4,37.0,25.6,33,0.0,7.1
Hyderabad,17.385,78.4867,2026-04-07 05:00:00,24.6,23.2,480.0,25.0,11.4,40.0,24.7,41,0.0,2.2
Hyderabad,17.385,78.4867,2026-04-07 06:00:00,27.8,26.3,572.0,23.3,13.8,55.0,25.3,38,0.0,5.2
Hyderabad,17.385,78.4867,2026-04-07 07:00:00,29.9,28.5,676.0,20.7,17.1,77.0,26.2,36,0.0,4.5
Hyderabad,17.385,78.4867,2026-04-07 08:00:00,27.2,24.2,706.0,17.4,18.8,101.0,28.3,31,0.0,5.2
Hyderabad,17.385,78.4867,2026-04-07 09:00:00,26.8,21.2,594.0,12.5,17.5,129.0,30.9,27,0.0,9.1
Hyderabad,17.385,78.4867,2026-04-07 10:00:00,27.4,20.8,409.0,6.7,14.7,160.0,32.0,25,0.0,10.5
Hyderabad,17.385,78.4867,2026-04-07 11:00:00,27.2,20.5,272.0,2.6,12.1,180.0,32.3,26,0.0,7.6
Hyderabad,17.385,78.4867,2026-04-07 12:00:00,25.8,19.5,239.0,1.2,10.4,184.0,33.7,23,0.0,7.1
Hyderabad,17.385,78.4867,2026-04-07 13:00:00,24.4,18.5,254.0,1.5,8.9,178.0,34.5,21,0.0,8.7
Hyderabad,17.385,78.4867,2026-04-07 14:00:00,23.5,17.5,274.0,2.0,7.9,171.0,34.6,21,0.0,11.6
Hyderabad,17.385,78.4867,2026-04-07 15:00:00,22.9,16.6,281.0,1.6,7.1,168.0,34.0,23,0.0,12.4
Hyderabad,17.385,78.4867,2026-04-07 16:00:00,22.6,16.5,293.0,1.5,6.8,164.0,33.6,24,0.0,9.8
Hyderabad,17.385,78.4867,2026-04-07 17:00:00,19.4,15.5,318.0,4.1,6.7,155.0,33.6,23,0.0,7.3
Hyderabad,17.385,78.4867,2026-04-07 18:00:00,24.5,20.8,359.0,15.6,9.5,131.0,33.3,23,0.0,7.0
Hyderabad,17.385,78.4867,2026-04-07 19:00:00,35.0,31.3,413.0,31.3,13.3,98.0,31.7,28,0.0,10.7
Hyderabad,17.385,78.4867,2026-04-07 20:00:00,44.4,40.5,476.0,42.9,16.1,72.0,31.3,28,0.0,9.1
Hyderabad,17.385,78.4867,2026-04-07 21:00:00,50.1,46.1,550.0,46.5,16.9,59.0,30.9,28,0.0,7.0
Hyderabad,17.385,78.4867,2026-04-07 22:00:00,50.8,46.8,634.0,45.9,16.7,53.0,30.3,29,0.0,5.1
Hyderabad,17.385,78.4867,2026-04-07 23:00:00,50.8,46.0,716.0,43.7,16.4,50.0,29.8,30,0.0,1.4
Hyderabad,17.385,78.4867,2026-04-08 00:00:00,48.3,42.0,809.0,39.4,16.0,52.0,29.2,32,0.0,1.5
Hyderabad,17.385,78.4867,2026-04-08 01:00:00,47.1,38.2,901.0,33.4,15.4,57.0,28.7,32,0.0,3.8
Hyderabad,17.385,78.4867,2026-04-08 02:00:00,48.7,36.7,948.0,29.6,15.4,61.0,27.6,34,0.0,4.4
Hyderabad,17.385,78.4867,2026-04-08 03:00:00,51.5,36.6,920.0,30.6,16.6,58.0,26.8,36,0.0,2.6
Hyderabad,17.385,78.4867,2026-04-08 04:00:00,54.5,37.3,846.0,33.7,18.3,53.0,26.2,37,0.0,4.9
Hyderabad,17.385,78.4867,2026-04-08 05:00:00,47.8,27.9,768.0,20.3,10.4,60.0,25.2,43,0.0,8.7
Hyderabad,17.385,78.4867,2026-04-08 06:00:00,52.0,31.9,699.0,18.9,11.2,68.0,25.8,41,0.0,9.6
Hyderabad,17.385,78.4867,2026-04-08 07:00:00,44.4,31.1,626.0,16.9,12.2,79.0,26.6,40,0.0,8.7
Hyderabad,17.385,78.4867,2026-04-08 08:00:00,41.4,24.0,545.0,14.2,12.4,92.0,28.9,31,0.0,8.9
Hyderabad,17.385,78.4867,2026-04-08 09:00:00,57.5,23.7,443.0,10.2,11.0,109.0,30.9,27,0.0,8.5
Hyderabad,17.385,78.4867,2026-04-08 10:00:00,63.1,23.8,334.0,5.6,8.9,128.0,32.5,24,0.0,7.1
Hyderabad,17.385,78.4867,2026-04-08 11:00:00,61.9,23.0,255.0,2.3,7.1,142.0,33.3,23,0.0,5.2
Hyderabad,17.385,78.4867,2026-04-08 12:00:00,60.8,22.5,228.0,1.2,6.2,148.0,34.8,20,0.0,7.1
Hyderabad,17.385,78.4867,2026-04-08 13:00:00,61.0,22.3,231.0,1.5,5.6,149.0,35.4,19,0.0,9.6
Hyderabad,17.385,78.4867,2026-04-08 14:00:00,62.4,22.4,240.0,2.0,5.2,148.0,35.6,19,0.0,11.2
Hyderabad,17.385,78.4867,2026-04-08 15:00:00,63.8,22.7,235.0,0.9,4.5,146.0,35.2,20,0.0,13.0
Hyderabad,17.385,78.4867,2026-04-08 16:00:00,64.5,22.6,236.0,0.1,3.9,142.0,34.9,21,0.0,10.6
Hyderabad,17.385,78.4867,2026-04-08 17:00:00,61.5,21.7,279.0,4.1,4.4,126.0,34.7,21,0.0,9.7
Hyderabad,17.385,78.4867,2026-04-08 18:00:00,65.0,27.9,400.0,19.5,8.2,103.0,34.4,21,0.0,3.2
Hyderabad,17.385,78.4867,2026-04-08 19:00:00,79.2,40.6,565.0,40.5,13.3,71.0,33.0,24,0.0,5.9
Hyderabad,17.385,78.4867,2026-04-08 20:00:00,86.8,49.5,701.0,54.1,16.6,48.0,31.9,27,0.0,8.0
Hyderabad,17.385,78.4867,2026-04-08 21:00:00,85.0,49.2,803.0,53.5,16.5,42.0,31.4,27,0.0,5.7
Hyderabad,17.385,78.4867,2026-04-08 22:00:00,81.0,46.0,877.0,45.6,14.6,46.0,30.9,27,0.0,7.0
Hyderabad,17.385,78.4867,2026-04-08 23:00:00,78.2,43.2,875.0,38.3,12.9,50.0,29.3,32,0.0,4.3
Hyderabad,17.385,78.4867,2026-04-09 00:00:00,74.0,40.4,731.0,33.8,11.8,54.0,28.4,36,0.0,4.6
Hyderabad,17.385,78.4867,2026-04-09 01:00:00,65.9,37.7,510.0,30.0,10.9,59.0,28.1,36,0.0,6.6
Hyderabad,17.385,78.4867,2026-04-09 02:00:00,61.7,38.8,361.0,28.0,10.5,61.0,27.9,38,0.0,5.0
Hyderabad,17.385,78.4867,2026-04-09 03:00:00,61.2,41.0,355.0,29.8,11.0,56.0,27.6,42,0.0,3.4
Hyderabad,17.385,78.4867,2026-04-09 04:00:00,62.4,42.4,422.0,33.4,11.9,49.0,26.5,45,0.0,7.3
Hyderabad,17.385,78.4867,2026-04-09 05:00:00,80.3,52.7,495.0,49.1,15.2,23.0,26.0,47,0.0,4.7
Hyderabad,17.385,78.4867,2026-04-09 06:00:00,78.7,53.0,579.0,40.9,14.8,41.0,25.9,49,0.0,5.1
Hyderabad,17.385,78.4867,2026-04-09 07:00:00,67.3,48.2,669.0,29.4,14.3,66.0,27.0,45,0.0,4.2
Hyderabad,17.385,78.4867,2026-04-09 08:00:00,61.5,37.4,688.0,19.3,13.4,92.0,29.3,36,0.0,4.9
Hyderabad,17.385,78.4867,2026-04-09 09:00:00,54.8,29.7,571.0,12.2,12.1,118.0,31.4,29,0.0,6.6
Hyderabad,17.385,78.4867,2026-04-09 10:00:00,49.7,25.1,383.0,6.6,10.5,144.0,33.0,25,0.0,6.5
Hyderabad,17.385,78.4867,2026-04-09 11:00:00,47.8,22.6,245.0,2.7,9.1,161.0,33.5,26,0.0,6.3
Hyderabad,17.385,78.4867,2026-04-09 12:00:00,48.1,21.8,212.0,1.2,8.2,165.0,35.1,23,0.0,5.1
Hyderabad,17.385,78.4867,2026-04-09 13:00:00,47.7,21.1,228.0,1.4,7.6,160.0,36.3,20,0.0,8.8
Hyderabad,17.385,78.4867,2026-04-09 14:00:00,46.2,20.3,248.0,2.0,7.1,154.0,36.3,20,0.0,13.9
Hyderabad,17.385,78.4867,2026-04-09 15:00:00,44.5,19.4,252.0,1.6,6.3,150.0,35.9,22,0.0,13.5
Hyderabad,17.385,78.4867,2026-04-09 16:00:00,42.8,18.7,259.0,1.6,5.7,146.0,35.5,22,0.0,15.9
Hyderabad,17.385,78.4867,2026-04-09 17:00:00,26.7,13.7,288.0,4.4,5.0,134.0,34.6,23,0.0,11.5
Hyderabad,17.385,78.4867,2026-04-09 18:00:00,30.6,18.7,356.0,17.0,8.1,112.0,33.9,24,0.0,9.5
Hyderabad,17.385,78.4867,2026-04-09 19:00:00,40.4,28.9,445.0,34.2,12.3,82.0,33.4,26,0.0,7.3
Hyderabad,17.385,78.4867,2026-04-09 20:00:00,49.0,37.5,519.0,45.7,15.3,60.0,32.7,27,0.0,5.8
Hyderabad,17.385,78.4867,2026-04-09 21:00:00,54.2,42.3,572.0,46.5,16.1,53.0,31.8,29,0.0,4.9
Hyderabad,17.385,78.4867,2026-04-09 22:00:00,54.0,41.2,610.0,41.7,15.7,53.0,31.1,31,0.0,5.2
Hyderabad,17.385,78.4867,2026-04-09 23:00:00,51.2,37.7,618.0,36.4,15.1,55.0,30.2,34,0.0,3.3
Hyderabad,17.385,78.4867,2026-04-10 00:00:00,51.1,37.5,573.0,32.0,14.5,58.0,29.8,35,0.0,3.7
Hyderabad,17.385,78.4867,2026-04-10 01:00:00,51.6,39.2,498.0,27.2,13.7,64.0,28.3,39,0.0,9.2
Hyderabad,17.385,78.4867,2026-04-10 02:00:00,50.9,40.4,442.0,23.3,13.0,69.0,27.0,49,0.0,5.7
Hyderabad,17.385,78.4867,2026-04-10 03:00:00,49.4,41.3,421.0,21.3,12.7,71.0,26.3,53,0.0,4.5
Hyderabad,17.385,78.4867,2026-04-10 04:00:00,49.0,42.8,419.0,20.2,12.4,72.0,26.1,55,0.0,2.1
Hyderabad,17.385,78.4867,2026-04-10 05:00:00,85.0,40.7,442.0,30.1,15.4,45.0,25.7,60,0.0,5.8
Hyderabad,17.385,78.4867,2026-04-10 06:00:00,89.6,43.7,522.0,25.7,15.2,60.0,26.2,56,0.0,4.7
Hyderabad,17.385,78.4867,2026-04-10 07:00:00,78.2,43.0,627.0,19.6,14.8,82.0,27.8,46,0.0,3.4
Hyderabad,17.385,78.4867,2026-04-10 08:00:00,72.6,35.2,664.0,13.9,14.0,104.0,30.2,34,0.0,3.7
Hyderabad,17.385,78.4867,2026-04-10 09:00:00,61.2,29.9,567.0,9.3,12.4,125.0,32.1,30,0.0,2.8
Hyderabad,17.385,78.4867,2026-04-10 10:00:00,62.6,28.6,403.0,5.2,10.3,145.0,33.8,27,0.0,2.2
Hyderabad,17.385,78.4867,2026-04-10 11:00:00,66.1,27.8,279.0,2.4,8.7,161.0,34.5,27,0.0,5.2
Hyderabad,17.385,78.4867,2026-04-10 12:00:00,68.9,27.8,240.0,1.4,7.9,169.0,35.8,25,0.0,6.3
Hyderabad,17.385,78.4867,2026-04-10 13:00:00,68.7,27.6,241.0,1.6,7.4,172.0,36.8,23,0.0,9.2
Hyderabad,17.385,78.4867,2026-04-10 14:00:00,66.6,27.0,251.0,2.2,7.2,174.0,36.8,22,0.0,12.2
Hyderabad,17.385,78.4867,2026-04-10 15:00:00,63.3,26.1,255.0,1.9,6.9,178.0,36.4,22,0.0,11.3
Hyderabad,17.385,78.4867,2026-04-10 16:00:00,60.5,25.7,268.0,1.8,6.8,180.0,36.1,21,0.0,10.2
Hyderabad,17.385,78.4867,2026-04-10 17:00:00,39.6,19.3,302.0,4.9,7.9,178.0,35.1,24,0.0,10.1
Hyderabad,17.385,78.4867,2026-04-10 18:00:00,41.4,23.3,369.0,12.9,9.7,154.0,34.5,24,0.0,10.2
Hyderabad,17.385,78.4867,2026-04-10 19:00:00,47.7,30.7,457.0,24.0,12.3,120.0,33.6,26,0.0,8.4
Hyderabad,17.385,78.4867,2026-04-10 20:00:00,50.3,34.3,538.0,33.4,14.8,93.0,32.8,30,0.0,6.9
Hyderabad,17.385,78.4867,2026-04-10 21:00:00,52.4,36.9,601.0,39.0,17.0,79.0,31.8,33,0.0,6.0
Hyderabad,17.385,78.4867,2026-04-10 22:00:00,55.3,39.8,656.0,42.9,19.1,70.0,31.1,34,0.0,5.9
Hyderabad,17.385,78.4867,2026-04-10 23:00:00,57.9,42.5,714.0,45.7,20.7,64.0,30.3,36,0.0,4.2
Hyderabad,17.385,78.4867,2026-04-11 00:00:00,59.3,44.1,793.0,47.7,21.6,58.0,30.0,37,0.0,4.1
Hyderabad,17.385,78.4867,2026-04-11 01:00:00,60.3,45.5,874.0,48.7,22.0,54.0,29.5,38,0.0,1.3
Hyderabad,17.385,78.4867,2026-04-11 02:00:00,62.9,48.1,905.0,49.0,22.3,50.0,28.7,40,0.0,4.2
Hyderabad,17.385,78.4867,2026-04-11 03:00:00,64.5,49.8,842.0,49.6,22.8,44.0,27.8,42,0.0,3.6
Hyderabad,17.385,78.4867,2026-04-11 04:00:00,66.4,51.7,729.0,49.4,23.2,39.0,26.6,51,0.0,4.5
Hyderabad,17.385,78.4867,2026-04-11 05:00:00,47.6,36.4,651.0,22.7,10.6,55.0,26.2,60,0.0,1.5
Hyderabad,17.385,78.4867,2026-04-11 06:00:00,45.8,37.0,664.0,19.7,10.5,67.0,26.7,58,0.0,1.5
Hyderabad,17.385,78.4867,2026-04-11 07:00:00,42.7,37.0,713.0,15.4,10.4,84.0,27.7,58,0.0,1.5
Hyderabad,17.385,78.4867,2026-04-11 08:00:00,41.7,33.9,714.0,11.3,10.0,104.0,29.9,53,0.0,1.1
Hyderabad,17.385,78.4867,2026-04-11 09:00:00,41.6,29.6,614.0,7.7,9.2,128.0,32.2,40,0.0,2.6
Hyderabad,17.385,78.4867,2026-04-11 10:00:00,39.5,27.0,467.0,4.3,8.3,154.0,34.0,31,0.0,2.4
Hyderabad,17.385,78.4867,2026-04-11 11:00:00,38.3,25.8,353.0,2.0,7.6,174.0,34.5,30,0.0,3.1
Hyderabad,17.385,78.4867,2026-04-11 12:00:00,38.5,25.7,307.0,1.3,7.5,184.0,36.5,25,0.0,1.8
Hyderabad,17.385,78.4867,2026-04-11 13:00:00,39.1,26.3,295.0,1.6,7.7,187.0,37.4,23,0.0,2.1
Hyderabad,17.385,78.4867,2026-04-11 14:00:00,39.7,26.8,294.0,2.2,8.0,189.0,37.9,22,0.0,3.5
Hyderabad,17.385,78.4867,2026-04-11 15:00:00,40.2,27.2,298.0,2.2,8.1,194.0,37.6,24,0.0,7.5
Hyderabad,17.385,78.4867,2026-04-11 16:00:00,40.2,27.5,315.0,2.5,8.2,198.0,36.8,24,0.0,9.7
Hyderabad,17.385,78.4867,2026-04-11 17:00:00,50.9,35.4,340.0,5.1,9.2,192.0,36.0,26,0.0,10.7
Hyderabad,17.385,78.4867,2026-04-11 18:00:00,52.5,39.3,374.0,11.5,10.8,168.0,35.2,28,0.0,10.5
Hyderabad,17.385,78.4867,2026-04-11 19:00:00,55.4,44.0,418.0,20.3,13.1,135.0,34.1,31,0.0,9.8
Hyderabad,17.385,78.4867,2026-04-11 20:00:00,53.8,44.4,470.0,26.4,14.7,109.0,33.0,34,0.0,7.9
Hyderabad,17.385,78.4867,2026-04-11 21:00:00,51.9,43.5,548.0,27.4,15.1,98.0,32.1,36,0.0,8.0
Hyderabad,17.385,78.4867,2026-04-11 22:00:00,50.5,42.6,635.0,25.6,14.9,93.0,31.3,36,0.0,6.0
Hyderabad,17.385,78.4867,2026-04-11 23:00:00,48.9,40.7,676.0,23.3,14.3,91.0,30.4,40,0.0,6.2
Hyderabad,17.385,78.4867,2026-04-12 00:00:00,47.0,38.4,626.0,20.8,13.3,90.0,30.3,39,0.0,5.2
Hyderabad,17.385,78.4867,2026-04-12 01:00:00,44.9,36.3,530.0,17.7,12.0,91.0,29.6,41,0.0,3.8
Hyderabad,17.385,78.4867,2026-04-12 02:00:00,41.9,33.8,467.0,15.4,10.8,90.0,28.9,44,0.0,3.0
Hyderabad,17.385,78.4867,2026-04-12 03:00:00,39.1,31.2,471.0,14.7,9.7,84.0,28.5,45,0.0,1.8
Hyderabad,17.385,78.4867,2026-04-12 04:00:00,37.1,29.3,507.0,14.9,8.6,75.0,28.0,47,0.0,0.8
Hyderabad,17.385,78.4867,2026-04-12 05:00:00,35.3,27.7,552.0,17.8,9.2,69.0,27.3,53,0.0,3.7
Hyderabad,17.385,78.4867,2026-04-12 06:00:00,36.8,28.8,622.0,16.0,9.3,78.0,27.4,55,0.0,4.0
Hyderabad,17.385,78.4867,2026-04-12 07:00:00,35.9,28.6,701.0,13.3,9.3,91.0,28.4,53,0.0,2.3
Hyderabad,17.385,78.4867,2026-04-12 08:00:00,34.9,25.1,716.0,10.5,9.1,107.0,30.5,46,0.0,4.4
Hyderabad,17.385,78.4867,2026-04-12 09:00:00,35.0,24.2,607.0,7.4,8.3,128.0,32.9,36,0.0,5.9
Hyderabad,17.385,78.4867,2026-04-12 10:00:00,34.3,23.5,435.0,4.2,7.2,152.0,34.8,30,0.0,6.2
Hyderabad,17.385,78.4867,2026-04-12 11:00:00,32.5,22.1,308.0,1.9,6.3,170.0,35.6,28,0.0,6.7
Hyderabad,17.385,78.4867,2026-04-12 12:00:00,31.8,21.4,274.0,1.2,5.9,176.0,37.2,24,0.0,4.0
Hyderabad,17.385,78.4867,2026-04-12 13:00:00,31.8,21.2,285.0,1.4,5.7,176.0,38.1,21,0.0,4.9
Hyderabad,17.385,78.4867,2026-04-12 14:00:00,31.9,21.1,304.0,1.9,5.7,175.0,38.3,19,0.0,5.6
Hyderabad,17.385,78.4867,2026-04-12 15:00:00,31.9,21.1,316.0,2.0,5.6,176.0,37.5,20,0.0,2.7
Hyderabad,17.385,78.4867,2026-04-12 16:00:00,31.9,21.1,335.0,2.4,5.6,177.0,36.8,21,0.0,1.8
Hyderabad,17.385,78.4867,2026-04-12 17:00:00,43.4,29.0,366.0,4.9,6.5,177.0,36.6,23,0.0,7.3
Hyderabad,17.385,78.4867,2026-04-12 18:00:00,44.1,32.4,429.0,10.0,8.0,157.0,35.5,25,0.0,9.2
Hyderabad,17.385,78.4867,2026-04-12 19:00:00,47.6,37.7,504.0,16.8,10.0,129.0,34.5,29,0.0,10.6
Hyderabad,17.385,78.4867,2026-04-12 20:00:00,47.6,38.6,540.0,20.7,11.1,107.0,33.6,32,0.0,9.6
Hyderabad,17.385,78.4867,2026-04-12 21:00:00,44.1,36.6,502.0,18.9,10.5,99.0,32.2,34,0.0,10.1
Hyderabad,17.385,78.4867,2026-04-12 22:00:00,41.1,34.7,425.0,14.1,9.1,97.0,30.8,41,0.0,12.8
Hyderabad,17.385,78.4867,2026-04-12 23:00:00,38.8,33.1,358.0,10.3,7.7,95.0,29.2,50,0.0,10.7
Hyderabad,17.385,78.4867,2026-04-13 00:00:00,38.1,32.1,315.0,8.7,6.6,91.0,28.8,53,0.0,8.8
Hyderabad,17.385,78.4867,2026-04-13 01:00:00,38.8,31.9,282.0,8.1,5.6,87.0,28.4,53,0.0,8.3
Hyderabad,17.385,78.4867,2026-04-13 02:00:00,40.3,32.0,269.0,7.9,5.0,84.0,28.1,53,0.0,7.5
Hyderabad,17.385,78.4867,2026-04-13 03:00:00,41.9,32.2,287.0,8.4,5.0,81.0,27.7,51,0.0,7.6
Hyderabad,17.385,78.4867,2026-04-13 04:00:00,43.1,32.4,324.0,9.3,5.3,80.0,27.5,50,0.0,7.6
Hyderabad,17.385,78.4867,2026-04-13 05:00:00,41.3,31.0,360.0,11.8,6.0,80.0,27.4,54,0.0,6.6
Hyderabad,17.385,78.4867,2026-04-13 06:00:00,41.9,32.0,395.0,10.6,6.6,85.0,27.7,54,0.0,5.9
Hyderabad,17.385,78.4867,2026-04-13 07:00:00,38.5,31.2,428.0,8.9,7.5,94.0,28.6,51,0.0,6.8
Hyderabad,17.385,78.4867,2026-04-13 08:00:00,35.6,28.1,436.0,7.2,8.2,105.0,30.3,48,0.0,12.0
Hyderabad,17.385,78.4867,2026-04-13 09:00:00,36.0,28.2,396.0,5.4,8.5,122.0,33.0,38,0.0,13.6
Hyderabad,17.385,78.4867,2026-04-13 10:00:00,39.6,30.5,331.0,3.5,8.6,142.0,35.2,31,0.0,12.8
Hyderabad,17.385,78.4867,2026-04-13 11:00:00,43.4,32.2,286.0,2.1,8.5,158.0,35.6,30,0.0,11.8
Hyderabad,17.385,78.4867,2026-04-13 12:00:00,46.3,33.5,280.0,1.6,8.2,165.0,36.6,27,0.0,10.2
Hyderabad,17.385,78.4867,2026-04-13 13:00:00,47.7,34.0,292.0,1.6,7.7,167.0,37.2,26,0.0,9.6
Hyderabad,17.385,78.4867,2026-04-13 14:00:00,47.8,34.1,310.0,1.9,7.3,168.0,37.3,26,0.0,8.9
Hyderabad,17.385,78.4867,2026-04-13 15:00:00,47.8,34.3,319.0,1.5,7.0,170.0,37.4,25,0.0,8.3
Hyderabad,17.385,78.4867,2026-04-13 16:00:00,48.1,34.6,332.0,1.5,6.8,170.0,37.2,25,0.0,9.2
Hyderabad,17.385,78.4867,2026-04-13 17:00:00,56.1,39.8,377.0,4.5,7.0,158.0,37.1,23,0.0,6.5
Hyderabad,17.385,78.4867,2026-04-13 18:00:00,59.6,44.0,498.0,15.0,9.0,135.0,36.4,24,0.0,8.0
Hyderabad,17.385,78.4867,2026-04-13 19:00:00,68.2,53.2,651.0,29.1,11.7,103.0,35.6,26,0.0,8.4
Hyderabad,17.385,78.4867,2026-04-13 20:00:00,70.3,56.1,725.0,37.2,13.2,81.0,34.1,31,0.0,7.7
Hyderabad,17.385,78.4867,2026-04-13 21:00:00,69.4,56.0,646.0,33.6,12.4,78.0,33.0,32,0.0,7.0
Hyderabad,17.385,78.4867,2026-04-13 22:00:00,60.5,49.1,489.0,23.9,10.3,84.0,32.2,30,0.0,11.1
Hyderabad,17.385,78.4867,2026-04-13 23:00:00,44.8,37.5,365.0,15.8,8.5,89.0,30.1,44,0.0,10.5
Hyderabad,17.385,78.4867,2026-04-14 00:00:00,35.7,30.0,317.0,11.9,7.3,89.0,29.3,50,0.0,8.4
Hyderabad,17.385,78.4867,2026-04-14 01:00:00,31.4,25.7,303.0,9.6,6.2,87.0,28.8,51,0.0,6.5
Hyderabad,17.385,78.4867,2026-04-14 02:00:00,29.9,23.6,302.0,8.3,5.6,85.0,28.4,51,0.0,4.6
Hyderabad,17.385,78.4867,2026-04-14 03:00:00,30.3,22.8,311.0,8.4,5.4,82.0,28.0,51,0.0,4.9
Hyderabad,17.385,78.4867,2026-04-14 04:00:00,31.2,22.8,335.0,9.6,5.6,79.0,27.8,51,0.0,4.9
Hyderabad,17.385,78.4867,2026-04-14 05:00:00,33.2,25.1,365.0,12.5,6.2,70.0,27.5,55,0.0,7.9
Hyderabad,17.385,78.4867,2026-04-14 06:00:00,32.1,25.0,413.0,11.5,7.4,78.0,27.9,55,0.0,8.7
Hyderabad,17.385,78.4867,2026-04-14 07:00:00,31.1,24.9,468.0,10.1,9.0,91.0,29.3,50,0.0,8.1
Hyderabad,17.385,78.4867,2026-04-14 08:00:00,30.0,23.2,489.0,8.5,10.1,106.0,31.7,43,0.0,8.3
Hyderabad,17.385,78.4867,2026-04-14 09:00:00,30.7,23.5,443.0,6.4,10.4,126.0,34.1,35,0.0,8.5
Hyderabad,17.385,78.4867,2026-04-14 10:00:00,36.8,27.4,363.0,4.0,10.3,150.0,36.0,29,0.0,7.6
Hyderabad,17.385,78.4867,2026-04-14 11:00:00,43.7,32.1,305.0,2.3,9.9,167.0,36.2,28,0.0,6.8
Hyderabad,17.385,78.4867,2026-04-14 12:00:00,46.1,33.8,294.0,1.7,9.3,175.0,37.4,25,0.0,6.3
Hyderabad,17.385,78.4867,2026-04-14 13:00:00,46.0,33.8,305.0,1.8,8.5,177.0,38.2,23,0.0,8.4
Hyderabad,17.385,78.4867,2026-04-14 14:00:00,45.6,33.5,320.0,2.2,7.9,177.0,38.3,23,0.0,10.4
Hyderabad,17.385,78.4867,2026-04-14 15:00:00,45.4,33.6,329.0,1.6,7.4,180.0,38.4,21,0.0,9.4
Hyderabad,17.385,78.4867,2026-04-14 16:00:00,45.4,33.8,342.0,1.4,7.2,182.0,38.1,22,0.0,9.0
Hyderabad,17.385,78.4867,2026-04-14 17:00:00,50.3,36.9,370.0,4.4,7.1,166.0,37.1,24,0.0,11.0
Hyderabad,17.385,78.4867,2026-04-14 18:00:00,53.6,40.6,437.0,12.9,8.6,143.0,36.0,27,0.0,11.6
Hyderabad,17.385,78.4867,2026-04-14 19:00:00,59.8,48.0,519.0,24.5,10.7,111.0,35.8,27,0.0,8.7
Hyderabad,17.385,78.4867,2026-04-14 20:00:00,61.9,50.8,558.0,31.7,11.9,87.0,34.7,30,0.0,9.1
Hyderabad,17.385,78.4867,2026-04-14 21:00:00,63.3,52.5,516.0,30.4,11.3,80.0,33.4,32,0.0,10.1
Hyderabad,17.385,78.4867,2026-04-14 22:00:00,58.2,48.5,430.0,24.8,9.8,81.0,32.2,33,0.0,11.3
Hyderabad,17.385,78.4867,2026-04-14 23:00:00,42.0,35.9,356.0,19.5,8.5,83.0,30.8,38,0.0,9.6
Hyderabad,17.385,78.4867,2026-04-15 00:00:00,31.1,27.0,309.0,15.9,7.6,84.0,30.2,41,0.0,7.8
Hyderabad,17.385,78.4867,2026-04-15 01:00:00,24.4,21.4,273.0,12.7,6.9,86.0,29.7,43,0.0,5.5
Hyderabad,17.385,78.4867,2026-04-15 02:00:00,21.2,18.4,258.0,10.4,6.4,88.0,29.2,45,0.0,6.1
Hyderabad,17.385,78.4867,2026-04-15 03:00:00,20.0,17.1,270.0,9.5,6.2,88.0,28.6,47,0.0,5.6
Hyderabad,17.385,78.4867,2026-04-15 04:00:00,19.7,16.8,303.0,9.5,6.3,89.0,28.0,49,0.0,5.7
Hyderabad,17.385,78.4867,2026-04-15 05:00:00,22.0,19.1,342.0,14.9,6.9,77.0,27.7,53,0.0,5.4
Hyderabad,17.385,78.4867,2026-04-15 06:00:00,21.7,19.0,398.0,13.2,8.0,89.0,28.1,50,0.0,8.8
Hyderabad,17.385,78.4867,2026-04-15 07:00:00,22.2,20.3,461.0,10.7,9.6,106.0,29.5,43,0.0,6.9
Hyderabad,17.385,78.4867,2026-04-15 08:00:00,22.0,19.0,487.0,8.3,10.5,123.0,31.9,36,0.0,9.9
Hyderabad,17.385,78.4867,2026-04-15 09:00:00,25.6,20.9,442.0,6.0,10.3,140.0,34.1,30,0.0,10.3
Hyderabad,17.385,78.4867,2026-04-15 10:00:00,29.0,23.0,359.0,3.7,9.5,156.0,36.1,23,0.0,10.2
Hyderabad,17.385,78.4867,2026-04-15 11:00:00,31.2,24.3,299.0,2.1,8.7,169.0,36.7,22,0.0,10.3
Hyderabad,17.385,78.4867,2026-04-15 12:00:00,32.1,24.9,285.0,1.5,8.1,175.0,38.0,20,0.0,9.7
Hyderabad,17.385,78.4867,2026-04-15 13:00:00,32.8,25.5,294.0,1.6,7.6,177.0,38.4,20,0.0,10.6
Hyderabad,17.385,78.4867,2026-04-15 14:00:00,32.7,25.5,309.0,2.0,7.2,177.0,38.6,19,0.0,10.2
Hyderabad,17.385,78.4867,2026-04-15 15:00:00,32.7,25.7,318.0,0.6,6.6,180.0,38.6,19,0.0,9.2
Hyderabad,17.385,78.4867,2026-04-15 16:00:00,32.9,26.0,333.0,0.0,6.1,182.0,38.2,19,0.0,10.5
Hyderabad,17.385,78.4867,2026-04-15 17:00:00,43.4,33.5,379.0,4.6,7.0,166.0,37.9,18,0.0,10.8
Hyderabad,17.385,78.4867,2026-04-15 18:00:00,49.2,40.0,484.0,14.3,8.9,141.0,37.5,19,0.0,8.6
Hyderabad,17.385,78.4867,2026-04-15 19:00:00,58.1,48.5,621.0,27.4,11.6,107.0,35.9,23,0.0,6.9
Hyderabad,17.385,78.4867,2026-04-15 20:00:00,59.6,50.1,728.0,36.0,13.2,82.0,34.4,27,0.0,1.2
Hyderabad,17.385,78.4867,2026-04-15 21:00:00,56.2,47.3,801.0,35.8,12.9,77.0,33.7,28,0.0,6.5
Hyderabad,17.385,78.4867,2026-04-15 22:00:00,54.5,45.4,844.0,30.9,11.7,81.0,33.2,29,0.0,6.7
Hyderabad,17.385,78.4867,2026-04-15 23:00:00,54.6,45.3,817.0,26.1,10.4,84.0,31.1,36,0.0,12.4
Hyderabad,17.385,78.4867,2026-04-16 00:00:00,48.7,40.6,658.0,22.6,9.3,81.0,30.3,45,0.0,8.7
Hyderabad,17.385,78.4867,2026-04-16 01:00:00,40.0,34.2,427.0,19.0,8.3,78.0,29.6,51,0.0,6.9
Hyderabad,17.385,78.4867,2026-04-16 02:00:00,34.0,29.4,266.0,16.1,7.5,76.0,28.6,56,0.0,5.2
Hyderabad,17.385,78.4867,2026-04-16 03:00:00,29.0,25.3,238.0,14.1,7.1,77.0,28.3,58,0.0,5.0
Hyderabad,17.385,78.4867,2026-04-16 04:00:00,25.2,22.1,279.0,12.7,7.0,80.0,27.9,59,0.0,4.3
Hyderabad,17.385,78.4867,2026-04-16 05:00:00,21.1,18.6,342.0,12.6,8.3,81.0,27.4,62,0.0,8.8
Hyderabad,17.385,78.4867,2026-04-16 06:00:00,19.6,17.7,438.0,11.5,9.0,87.0,27.9,60,0.0,10.1
Hyderabad,17.385,78.4867,2026-04-16 07:00:00,18.9,17.7,555.0,9.8,10.0,96.0,29.5,51,0.0,8.2
Hyderabad,17.385,78.4867,2026-04-16 08:00:00,19.7,18.1,613.0,8.1,10.5,110.0,31.4,44,0.0,7.9
Hyderabad,17.385,78.4867,2026-04-16 09:00:00,24.4,21.5,557.0,6.2,10.2,132.0,33.4,36,0.0,3.4
Hyderabad,17.385,78.4867,2026-04-16 10:00:00,30.2,25.1,442.0,4.2,9.6,158.0,35.4,30,0.0,4.4
Hyderabad,17.385,78.4867,2026-04-16 11:00:00,33.2,27.0,353.0,2.8,8.9,177.0,36.2,28,0.0,7.8
Hyderabad,17.385,78.4867,2026-04-16 12:00:00,34.8,28.0,325.0,2.2,8.3,184.0,37.4,23,0.0,7.0
Hyderabad,17.385,78.4867,2026-04-16 13:00:00,35.4,28.5,323.0,2.1,7.8,185.0,38.0,21,0.0,6.8
Hyderabad,17.385,78.4867,2026-04-16 14:00:00,35.6,28.8,329.0,2.4,7.4,185.0,38.3,20,0.0,8.1
Hyderabad,17.385,78.4867,2026-04-16 15:00:00,36.1,29.3,334.0,2.0,7.0,188.0,38.4,19,0.0,8.5
Hyderabad,17.385,78.4867,2026-04-16 16:00:00,36.4,29.7,348.0,1.9,6.7,189.0,38.3,19,0.0,10.0
Hyderabad,17.385,78.4867,2026-04-16 17:00:00,35.0,28.7,380.0,4.7,6.9,174.0,37.7,21,0.0,10.7
Hyderabad,17.385,78.4867,2026-04-16 18:00:00,40.9,34.6,456.0,19.1,10.5,149.0,37.1,22,0.0,4.9
Hyderabad,17.385,78.4867,2026-04-16 19:00:00,51.0,44.8,550.0,38.4,15.3,114.0,36.5,23,0.0,8.2
Hyderabad,17.385,78.4867,2026-04-16 20:00:00,58.2,52.4,593.0,49.0,18.0,90.0,34.9,26,0.0,10.0
Hyderabad,17.385,78.4867,2026-04-16 21:00:00,52.4,47.6,540.0,42.6,16.6,86.0,33.6,28,0.0,11.8
Hyderabad,17.385,78.4867,2026-04-16 22:00:00,41.7,38.6,436.0,27.5,13.2,91.0,31.3,39,0.0,11.7
Hyderabad,17.385,78.4867,2026-04-16 23:00:00,31.2,29.6,351.0,15.4,10.3,96.0,30.3,51,0.0,8.4
Hyderabad,17.385,78.4867,2026-04-17 00:00:00,25.8,24.7,306.0,10.9,8.9,97.0,29.8,59,0.0,7.3
Hyderabad,17.385,78.4867,2026-04-17 01:00:00,23.7,22.6,280.0,9.4,8.0,97.0,29.5,62,0.0,7.4
Hyderabad,17.385,78.4867,2026-04-17 02:00:00,23.3,21.9,275.0,8.8,7.4,97.0,29.2,63,0.0,5.7
Hyderabad,17.385,78.4867,2026-04-17 03:00:00,23.7,21.9,301.0,8.9,7.1,95.0,28.8,63,0.0,5.3
Hyderabad,17.385,78.4867,2026-04-17 04:00:00,24.2,22.1,348.0,10.0,7.1,92.0,28.5,64,0.0,5.4
Hyderabad,17.385,78.4867,2026-04-17 05:00:00,26.0,23.5,394.0,9.9,7.0,101.0,27.9,72,0.0,4.6
Hyderabad,17.385,78.4867,2026-04-17 06:00:00,27.3,24.9,441.0,9.6,7.9,106.0,28.3,69,0.0,7.5
Hyderabad,17.385,78.4867,2026-04-17 07:00:00,29.0,27.1,486.0,9.1,9.2,114.0,29.5,62,0.0,6.8
Hyderabad,17.385,78.4867,2026-04-17 08:00:00,31.2,28.6,498.0,8.1,9.9,124.0,32.0,48,0.0,7.1
Hyderabad,17.385,78.4867,2026-04-17 09:00:00,32.7,29.7,449.0,6.3,9.5,139.0,34.6,35,0.0,8.5
Hyderabad,17.385,78.4867,2026-04-17 10:00:00,34.5,30.3,367.0,4.0,8.6,155.0,36.6,26,0.0,7.5
Hyderabad,17.385,78.4867,2026-04-17 11:00:00,33.3,28.6,306.0,2.3,7.8,169.0,36.7,26,0.0,6.0
Hyderabad,17.385,78.4867,2026-04-17 12:00:00,33.2,28.2,286.0,1.7,7.4,177.0,38.0,21,0.0,4.7
Hyderabad,17.385,78.4867,2026-04-17 13:00:00,33.1,27.9,287.0,1.8,7.2,181.0,39.1,18,0.0,5.9
Hyderabad,17.385,78.4867,2026-04-17 14:00:00,32.7,27.6,296.0,2.2,7.1,183.0,39.5,17,0.0,8.0
Hyderabad,17.385,78.4867,2026-04-17 15:00:00,32.6,27.6,311.0,2.1,6.9,186.0,39.0,18,0.0,8.3
Hyderabad,17.385,78.4867,2026-04-17 16:00:00,32.5,27.6,334.0,2.3,6.7,188.0,38.4,19,0.0,7.7
Hyderabad,17.385,78.4867,2026-04-17 17:00:00,33.2,28.1,361.0,5.3,7.1,174.0,38.2,18,0.0,8.4
Hyderabad,17.385,78.4867,2026-04-17 18:00:00,35.2,30.7,399.0,12.1,9.0,154.0,37.3,20,0.0,9.5
Hyderabad,17.385,78.4867,2026-04-17 19:00:00,41.2,37.3,441.0,21.3,11.5,126.0,36.1,23,0.0,8.8
Hyderabad,17.385,78.4867,2026-04-17 20:00:00,43.0,39.2,467.0,26.8,13.2,105.0,35.0,24,0.0,8.6
Hyderabad,17.385,78.4867,2026-04-17 21:00:00,41.7,38.4,465.0,25.1,13.2,99.0,34.1,26,0.0,7.6
Hyderabad,17.385,78.4867,2026-04-17 22:00:00,39.2,36.1,447.0,19.7,12.4,100.0,33.1,29,0.0,7.1
Hyderabad,17.385,78.4867,2026-04-17 23:00:00,35.9,32.9,424.0,15.0,11.3,100.0,32.0,34,0.0,6.7
Hyderabad,17.385,78.4867,2026-04-18 00:00:00,34.5,31.4,393.0,12.4,10.0,97.0,30.9,39,0.0,7.8
Hyderabad,17.385,78.4867,2026-04-18 01:00:00,34.5,31.1,356.0,10.5,8.5,94.0,30.0,44,0.0,7.1
Hyderabad,17.385,78.4867,2026-04-18 02:00:00,34.5,30.7,335.0,9.4,7.5,92.0,29.2,51,0.0,6.3
Hyderabad,17.385,78.4867,2026-04-18 03:00:00,34.7,30.6,331.0,9.6,7.3,90.0,28.3,58,0.0,4.9
Hyderabad,17.385,78.4867,2026-04-18 04:00:00,35.5,30.9,342.0,10.7,7.5,88.0,27.7,62,0.0,5.3
Hyderabad,17.385,78.4867,2026-04-18 05:00:00,36.7,31.7,380.0,14.9,8.3,82.0,27.4,65,0.0,4.9
Hyderabad,17.385,78.4867,2026-04-18 06:00:00,38.4,33.3,480.0,13.9,9.0,94.0,27.4,65,0.0,6.8
Hyderabad,17.385,78.4867,2026-04-18 07:00:00,38.5,34.5,607.0,12.3,9.8,112.0,28.4,60,0.0,5.0
Hyderabad,17.385,78.4867,2026-04-18 08:00:00,38.9,33.5,666.0,10.4,10.1,128.0,31.3,49,0.0,5.2
Hyderabad,17.385,78.4867,2026-04-18 09:00:00,38.2,32.2,591.0,7.6,9.2,141.0,34.0,37,0.0,7.2
Hyderabad,17.385,78.4867,2026-04-18 10:00:00,36.1,29.8,447.0,4.4,7.7,153.0,36.3,28,0.0,5.7
Hyderabad,17.385,78.4867,2026-04-18 11:00:00,34.6,28.1,341.0,2.1,6.6,162.0,36.6,25,0.0,3.1
Hyderabad,17.385,78.4867,2026-04-18 12:00:00,35.5,28.1,319.0,1.4,6.1,168.0,38.0,20,0.0,3.6
Hyderabad,17.385,78.4867,2026-04-18 13:00:00,36.7,28.6,334.0,1.7,6.0,171.0,38.9,19,0.0,4.9
Hyderabad,17.385,78.4867,2026-04-18 14:00:00,37.4,28.9,351.0,2.2,6.0,173.0,39.0,19,0.0,4.4
Hyderabad,17.385,78.4867,2026-04-18 15:00:00,37.8,29.3,352.0,1.7,5.7,176.0,38.9,19,0.0,4.0
Hyderabad,17.385,78.4867,2026-04-18 16:00:00,38.2,29.7,355.0,1.6,5.6,177.0,37.9,21,0.0,6.3
Hyderabad,17.385,78.4867,2026-04-18 17:00:00,42.4,33.3,378.0,5.4,6.9,175.0,37.5,22,0.0,9.2
Hyderabad,17.385,78.4867,2026-04-18 18:00:00,49.8,41.2,449.0,15.6,9.5,151.0,35.9,27,0.0,7.8
Hyderabad,17.385,78.4867,2026-04-18 19:00:00,59.4,51.1,540.0,29.2,13.0,119.0,34.6,32,0.0,7.0
Hyderabad,17.385,78.4867,2026-04-18 20:00:00,61.5,53.8,590.0,37.0,15.0,95.0,33.8,34,0.0,5.7
Hyderabad,17.385,78.4867,2026-04-18 21:00:00,59.8,53.0,564.0,33.2,14.1,88.0,33.1,35,0.0,8.0
Hyderabad,17.385,78.4867,2026-04-18 22:00:00,54.6,48.8,498.0,23.4,11.8,90.0,32.2,36,0.0,8.2
Hyderabad,17.385,78.4867,2026-04-18 23:00:00,48.7,43.2,433.0,15.5,9.7,92.0,31.1,40,0.0,9.9
Hyderabad,17.385,78.4867,2026-04-19 00:00:00,45.5,39.5,376.0,12.4,8.3,90.0,29.3,53,0.0,9.3
Hyderabad,17.385,78.4867,2026-04-19 01:00:00,44.0,37.4,320.0,11.1,7.2,87.0,28.4,61,0.0,7.6
Hyderabad,17.385,78.4867,2026-04-19 02:00:00,43.5,36.0,295.0,10.6,6.5,85.0,27.9,63,0.0,6.1
Hyderabad,17.385,78.4867,2026-04-19 03:00:00,43.8,35.3,316.0,11.0,6.3,83.0,27.5,64,0.0,4.2
Hyderabad,17.385,78.4867,2026-04-19 04:00:00,44.0,34.9,367.0,12.3,6.5,81.0,27.2,64,0.0,3.2
Hyderabad,17.385,78.4867,2026-04-19 05:00:00,52.2,41.4,428.0,22.1,9.3,69.0,26.7,71,0.0,4.3
Hyderabad,17.385,78.4867,2026-04-19 06:00:00,53.3,42.6,513.0,19.4,9.5,81.0,26.6,72,0.0,5.9
Hyderabad,17.385,78.4867,2026-04-19 07:00:00,50.1,42.0,608.0,15.6,9.7,97.0,27.9,65,0.0,3.1
Hyderabad,17.385,78.4867,2026-04-19 08:00:00,46.1,37.1,644.0,11.9,9.6,114.0,30.2,55,0.0,5.1
Hyderabad,17.385,78.4867,2026-04-19 09:00:00,43.4,34.9,567.0,8.4,8.9,131.0,32.5,44,0.0,7.0
Hyderabad,17.385,78.4867,2026-04-19 10:00:00,43.2,34.6,430.0,5.0,7.9,148.0,34.4,38,0.0,7.7
Hyderabad,17.385,78.4867,2026-04-19 11:00:00,44.0,34.7,331.0,2.6,7.1,161.0,35.2,35,0.0,7.1
Hyderabad,17.385,78.4867,2026-04-19 12:00:00,45.4,35.3,311.0,1.7,6.6,168.0,36.9,28,0.0,5.1
Hyderabad,17.385,78.4867,2026-04-19 13:00:00,46.9,36.0,328.0,1.8,6.2,171.0,37.7,24,0.0,4.2
Hyderabad,17.385,78.4867,2026-04-19 14:00:00,47.4,36.1,351.0,2.2,6.0,172.0,38.1,22,0.0,5.4
Hyderabad,17.385,78.4867,2026-04-19 15:00:00,47.5,36.2,369.0,2.0,5.7,175.0,38.3,22,0.0,5.2
Hyderabad,17.385,78.4867,2026-04-19 16:00:00,48.0,36.6,393.0,2.2,5.6,176.0,37.6,22,0.0,7.5
Hyderabad,17.385,78.4867,2026-04-19 17:00:00,37.4,28.4,426.0,4.5,6.2,164.0,36.7,24,0.0,9.4
Hyderabad,17.385,78.4867,2026-04-19 18:00:00,44.0,35.4,468.0,10.5,7.7,149.0,35.5,26,0.0,5.2
Hyderabad,17.385,78.4867,2026-04-19 19:00:00,51.1,43.3,520.0,18.8,9.8,128.0,34.7,30,0.0,7.9
Hyderabad,17.385,78.4867,2026-04-19 20:00:00,45.3,40.0,586.0,24.4,11.3,111.0,34.2,31,0.0,4.3
Hyderabad,17.385,78.4867,2026-04-19 21:00:00,44.8,40.9,690.0,24.8,11.8,104.0,33.1,33,0.0,7.1
Hyderabad,17.385,78.4867,2026-04-19 22:00:00,44.2,40.6,808.0,22.5,11.9,102.0,31.8,36,0.0,6.4
Hyderabad,17.385,78.4867,2026-04-19 23:00:00,44.2,40.3,873.0,20.8,11.7,100.0,29.8,39,0.0,8.5
Hyderabad,17.385,78.4867,2026-04-20 00:00:00,45.2,40.2,840.0,20.8,11.3,97.0,29.5,40,0.0,6.4
Hyderabad,17.385,78.4867,2026-04-20 01:00:00,47.4,41.4,753.0,21.4,10.8,94.0,29.2,40,0.0,7.2
Hyderabad,17.385,78.4867,2026-04-20 02:00:00,48.2,41.1,677.0,22.3,10.5,90.0,28.8,41,0.0,8.9
Hyderabad,17.385,78.4867,2026-04-20 03:00:00,49.1,41.2,629.0,24.1,10.5,84.0,28.4,39,0.0,11.4
Hyderabad,17.385,78.4867,2026-04-20 04:00:00,51.2,42.8,592.0,26.2,10.8,77.0,27.8,39,0.0,10.7
Hyderabad,17.385,78.4867,2026-04-20 05:00:00,48.1,44.1,576.0,10.7,7.8,102.0,26.6,55,0.0,7.1
Hyderabad,17.385,78.4867,2026-04-20 06:00:00,50.1,46.0,606.0,12.4,9.1,103.0,26.9,53,0.0,4.9
Hyderabad,17.385,78.4867,2026-04-20 07:00:00,51.8,48.4,656.0,14.6,10.8,105.0,27.9,48,0.0,2.5
Hyderabad,17.385,78.4867,2026-04-20 08:00:00,52.5,48.2,661.0,15.0,12.0,116.0,29.9,41,0.0,4.6
Hyderabad,17.385,78.4867,2026-04-20 09:00:00,54.5,49.5,571.0,12.0,12.4,143.0,32.1,34,0.0,6.1
Hyderabad,17.385,78.4867,2026-04-20 10:00:00,54.9,49.7,436.0,7.4,12.2,179.0,34.4,28,0.0,6.1
Hyderabad,17.385,78.4867,2026-04-20 11:00:00,51.7,45.9,335.0,3.8,11.7,204.0,35.1,28,0.0,8.3
Hyderabad,17.385,78.4867,2026-04-20 12:00:00,48.8,42.3,306.0,2.5,10.5,209.0,36.6,24,0.0,8.8
Hyderabad,17.385,78.4867,2026-04-20 13:00:00,48.3,40.7,311.0,2.2,8.8,204.0,36.8,23,0.0,8.9
Hyderabad,17.385,78.4867,2026-04-20 14:00:00,49.0,40.2,323.0,2.5,7.6,197.0,37.1,22,0.0,6.6
Hyderabad,17.385,78.4867,2026-04-20 15:00:00,49.4,40.2,323.0,2.7,7.1,195.0,37.1,23,0.0,7.5
Hyderabad,17.385,78.4867,2026-04-20 16:00:00,49.5,40.4,329.0,3.3,7.0,191.0,36.8,23,0.0,8.8
Hyderabad,17.385,78.4867,2026-04-20 17:00:00,37.1,31.5,367.0,5.5,7.8,191.0,36.2,21,0.0,10.1
Hyderabad,17.385,78.4867,2026-04-20 18:00:00,40.7,36.4,472.0,12.2,9.5,167.0,35.7,23,0.0,10.2
Hyderabad,17.385,78.4867,2026-04-20 19:00:00,44.6,41.0,608.0,21.4,11.9,135.0,34.8,26,0.0,10.3
Hyderabad,17.385,78.4867,2026-04-20 20:00:00,45.5,42.3,695.0,27.3,13.5,110.0,33.9,28,0.0,9.0
Hyderabad,17.385,78.4867,2026-04-20 21:00:00,43.9,40.9,682.0,27.1,13.7,102.0,32.9,31,0.0,8.9
Hyderabad,17.385,78.4867,2026-04-20 22:00:00,41.2,38.3,621.0,23.6,13.0,103.0,31.7,37,0.0,6.8
Hyderabad,17.385,78.4867,2026-04-20 23:00:00,37.8,34.9,581.0,20.1,12.2,103.0,30.9,41,0.0,7.0
Hyderabad,17.385,78.4867,2026-04-21 00:00:00,33.2,30.6,601.0,17.3,11.1,98.0,30.5,42,0.0,7.5
Hyderabad,17.385,78.4867,2026-04-21 01:00:00,29.0,26.8,644.0,14.4,9.8,93.0,30.2,44,0.0,5.5
Hyderabad,17.385,78.4867,2026-04-21 02:00:00,26.0,24.0,667.0,12.6,8.8,88.0,29.4,46,0.0,5.4
Hyderabad,17.385,78.4867,2026-04-21 03:00:00,23.7,22.0,648.0,12.7,8.3,82.0,28.8,51,0.0,6.1
Hyderabad,17.385,78.4867,2026-04-21 04:00:00,22.0,20.5,610.0,13.7,8.2,77.0,28.2,57,0.0,3.5
Hyderabad,17.385,78.4867,2026-04-21 05:00:00,31.5,29.2,583.0,17.5,9.6,73.0,27.3,67,0.0,4.8
Hyderabad,17.385,78.4867,2026-04-21 06:00:00,32.2,30.0,589.0,15.6,10.0,84.0,27.4,65,0.0,5.2
Hyderabad,17.385,78.4867,2026-04-21 07:00:00,30.9,29.1,607.0,12.9,10.6,100.0,28.4,60,0.0,4.6
Hyderabad,17.385,78.4867,2026-04-21 08:00:00,23.2,21.5,598.0,10.1,10.9,117.0,30.4,50,0.0,5.1
Hyderabad,17.385,78.4867,2026-04-21 09:00:00,22.4,20.1,536.0,7.2,10.6,137.0,33.5,33,0.0,7.7
Hyderabad,17.385,78.4867,2026-04-21 10:00:00,26.7,23.2,449.0,4.2,10.0,158.0,35.0,27,0.0,9.1
Hyderabad,17.385,78.4867,2026-04-21 11:00:00,32.7,27.9,379.0,2.1,9.4,175.0,34.9,28,0.0,6.6
Hyderabad,17.385,78.4867,2026-04-21 12:00:00,37.0,31.4,343.0,1.5,9.0,184.0,36.1,26,0.0,6.3
Hyderabad,17.385,78.4867,2026-04-21 13:00:00,39.3,33.6,325.0,1.8,8.7,189.0,36.6,25,0.0,4.6
Hyderabad,17.385,78.4867,2026-04-21 14:00:00,41.2,35.3,323.0,2.4,8.5,192.0,36.6,25,0.0,4.8
Hyderabad,17.385,78.4867,2026-04-21 15:00:00,42.6,36.4,340.0,2.9,8.1,195.0,36.2,25,0.0,8.5
Hyderabad,17.385,78.4867,2026-04-21 16:00:00,43.1,37.0,372.0,3.7,7.8,195.0,36.1,25,0.0,7.2
Hyderabad,17.385,78.4867,2026-04-21 17:00:00,45.2,38.8,408.0,5.8,7.3,183.0,34.9,26,0.0,6.8
Hyderabad,17.385,78.4867,2026-04-21 18:00:00,51.3,45.5,450.0,11.9,9.0,163.0,35.0,26,0.0,4.9
Hyderabad,17.385,78.4867,2026-04-21 19:00:00,55.2,50.3,495.0,20.3,11.4,134.0,34.2,27,0.0,2.4
Hyderabad,17.385,78.4867,2026-04-21 20:00:00,56.3,51.8,530.0,26.8,13.3,112.0,32.3,37,0.0,13.7
Hyderabad,17.385,78.4867,2026-04-21 21:00:00,57.5,52.7,549.0,29.9,14.4,102.0,28.7,55,0.0,10.7
Hyderabad,17.385,78.4867,2026-04-21 22:00:00,59.6,54.6,558.0,31.1,15.0,99.0,28.4,55,0.0,9.4
Hyderabad,17.385,78.4867,2026-04-21 23:00:00,59.8,54.6,554.0,31.1,14.9,96.0,27.9,57,0.2,6.7
Hyderabad,17.385,78.4867,2026-04-22 00:00:00,55.6,50.4,525.0,29.2,13.6,94.0,28.3,55,0.0,6.0
Hyderabad,17.385,78.4867,2026-04-22 01:00:00,53.1,48.0,484.0,26.1,11.5,93.0,27.7,60,0.0,6.9
Hyderabad,17.385,78.4867,2026-04-22 02:00:00,52.7,47.5,470.0,24.5,10.1,89.0,27.1,63,0.0,6.9
Hyderabad,17.385,78.4867,2026-04-22 03:00:00,53.9,48.5,505.0,26.5,9.8,75.0,26.4,64,0.0,5.9
Hyderabad,17.385,78.4867,2026-04-22 04:00:00,56.1,50.6,567.0,29.9,10.1,58.0,26.3,63,0.0,7.3
Hyderabad,17.385,78.4867,2026-04-22 05:00:00,49.9,45.2,624.0,25.1,10.2,59.0,26.5,59,0.0,1.1
Hyderabad,17.385,78.4867,2026-04-22 06:00:00,56.0,51.0,681.0,23.1,11.6,75.0,27.3,54,0.0,3.3
Hyderabad,17.385,78.4867,2026-04-22 07:00:00,56.0,52.0,733.0,20.1,13.5,98.0,28.6,43,0.0,6.0
Hyderabad,17.385,78.4867,2026-04-22 08:00:00,51.0,45.8,738.0,16.5,14.1,121.0,30.8,32,0.0,5.4
Hyderabad,17.385,78.4867,2026-04-22 09:00:00,47.8,41.9,657.0,11.8,12.2,143.0,33.8,22,0.0,4.8
Hyderabad,17.385,78.4867,2026-04-22 10:00:00,44.2,38.4,528.0,6.5,9.0,165.0,35.7,20,0.0,2.9
Hyderabad,17.385,78.4867,2026-04-22 11:00:00,42.3,36.4,421.0,2.7,6.6,181.0,34.6,29,0.0,5.5
Hyderabad,17.385,78.4867,2026-04-22 12:00:00,41.7,36.1,361.0,1.5,5.8,190.0,36.2,26,0.0,3.3
Hyderabad,17.385,78.4867,2026-04-22 13:00:00,42.5,36.9,323.0,1.8,5.7,193.0,37.2,22,0.0,3.0
Hyderabad,17.385,78.4867,2026-04-22 14:00:00,43.1,37.7,306.0,2.5,5.7,194.0,37.3,22,0.0,5.5
Hyderabad,17.385,78.4867,2026-04-22 15:00:00,43.1,37.8,316.0,2.7,5.5,193.0,37.2,22,0.0,6.4
Hyderabad,17.385,78.4867,2026-04-22 16:00:00,43.0,37.8,346.0,3.4,5.4,189.0,36.5,22,0.0,10.0
Hyderabad,17.385,78.4867,2026-04-22 17:00:00,46.7,41.1,379.0,5.9,6.1,185.0,37.8,18,0.0,10.0
Hyderabad,17.385,78.4867,2026-04-22 18:00:00,53.7,48.7,410.0,14.3,8.4,160.0,33.1,33,0.0,11.6
Hyderabad,17.385,78.4867,2026-04-22 19:00:00,61.5,56.3,443.0,25.7,11.5,127.0,33.5,32,0.0,4.4
Hyderabad,17.385,78.4867,2026-04-22 20:00:00,65.2,60.1,470.0,33.1,13.6,102.0,33.0,33,0.0,5.0
Hyderabad,17.385,78.4867,2026-04-22 21:00:00,66.1,60.8,495.0,33.1,13.8,96.0,32.5,36,0.0,6.3
Hyderabad,17.385,78.4867,2026-04-22 22:00:00,66.1,60.3,514.0,29.2,13.0,99.0,31.4,37,0.0,7.5
Hyderabad,17.385,78.4867,2026-04-22 23:00:00,64.3,58.2,512.0,24.8,11.9,101.0,30.2,43,0.0,7.3
Hyderabad,17.385,78.4867,2026-04-23 00:00:00,59.8,54.2,464.0,20.5,10.7,100.0,29.8,46,0.0,6.9
Hyderabad,17.385,78.4867,2026-04-23 01:00:00,54.4,49.4,395.0,15.7,9.4,98.0,29.1,49,0.0,7.4
Hyderabad,17.385,78.4867,2026-04-23 02:00:00,48.9,44.2,358.0,12.3,8.2,95.0,28.4,51,0.0,5.6
Hyderabad,17.385,78.4867,2026-04-23 03:00:00,44.1,39.3,381.0,11.1,7.4,90.0,27.9,54,0.0,4.2
Hyderabad,17.385,78.4867,2026-04-23 04:00:00,40.6,35.5,437.0,11.3,6.8,84.0,27.7,55,0.0,5.1
Hyderabad,17.385,78.4867,2026-04-23 05:00:00,54.1,47.6,500.0,23.4,10.3,79.0,26.9,67,0.0,2.5
Hyderabad,17.385,78.4867,2026-04-23 06:00:00,52.2,45.6,582.0,21.0,10.4,88.0,27.6,58,0.0,3.1
Hyderabad,17.385,78.4867,2026-04-23 07:00:00,49.8,44.4,672.0,17.6,10.4,100.0,28.5,56,0.0,2.2
Hyderabad,17.385,78.4867,2026-04-23 08:00:00,41.8,35.3,703.0,14.0,10.1,116.0,30.9,46,0.0,2.9
Hyderabad,17.385,78.4867,2026-04-23 09:00:00,43.0,35.6,628.0,9.9,9.2,138.0,33.5,36,0.0,3.4
Hyderabad,17.385,78.4867,2026-04-23 10:00:00,45.3,38.2,495.0,5.6,7.9,162.0,35.5,29,0.0,3.1
Hyderabad,17.385,78.4867,2026-04-23 11:00:00,42.8,36.7,385.0,2.5,6.9,181.0,36.1,26,0.0,3.6
Hyderabad,17.385,78.4867,2026-04-23 12:00:00,42.0,35.9,328.0,1.6,6.5,190.0,37.1,21,0.0,2.4
Hyderabad,17.385,78.4867,2026-04-23 13:00:00,43.7,36.9,295.0,1.9,6.4,193.0,37.3,20,0.0,7.0
Hyderabad,17.385,78.4867,2026-04-23 14:00:00,42.6,35.9,279.0,2.6,6.3,192.0,36.2,24,0.0,11.3
Hyderabad,17.385,78.4867,2026-04-23 15:00:00,41.9,35.0,276.0,2.9,6.0,189.0,36.2,23,0.0,9.6
Hyderabad,17.385,78.4867,2026-04-23 16:00:00,40.9,34.1,291.0,3.6,5.7,184.0,36.0,23,0.0,9.4
Hyderabad,17.385,78.4867,2026-04-23 17:00:00,50.5,42.5,332.0,6.0,5.4,169.0,36.0,20,0.0,8.6
Hyderabad,17.385,78.4867,2026-04-23 18:00:00,52.0,45.2,428.0,15.7,8.2,145.0,35.4,21,0.0,7.4
Hyderabad,17.385,78.4867,2026-04-23 19:00:00,57.2,50.8,550.0,29.1,12.1,112.0,34.2,25,0.0,5.6
Hyderabad,17.385,78.4867,2026-04-23 20:00:00,65.0,58.0,625.0,39.0,15.3,87.0,33.2,27,0.0,3.4
Hyderabad,17.385,78.4867,2026-04-23 21:00:00,70.8,63.1,610.0,42.7,17.4,79.0,32.6,29,0.0,5.0
Hyderabad,17.385,78.4867,2026-04-23 22:00:00,72.4,63.8,548.0,42.8,18.8,80.0,31.7,32,0.0,4.7
Hyderabad,17.385,78.4867,2026-04-23 23:00:00,70.8,61.9,491.0,40.9,19.0,81.0,30.6,37,0.0,5.2
Hyderabad,17.385,78.4867,2026-04-24 00:00:00,65.0,57.2,455.0,35.9,17.2,80.0,29.2,43,0.0,5.6
Hyderabad,17.385,78.4867,2026-04-24 01:00:00,58.6,51.7,424.0,28.8,14.1,79.0,28.2,48,0.0,5.4
Hyderabad,17.385,78.4867,2026-04-24 02:00:00,54.2,47.5,407.0,23.5,11.5,78.0,27.7,49,0.0,4.2
Hyderabad,17.385,78.4867,2026-04-24 03:00:00,51.3,44.5,400.0,22.0,10.0,73.0,26.9,53,0.0,6.5
Hyderabad,17.385,78.4867,2026-04-24 04:00:00,48.8,41.8,406.0,22.3,9.0,67.0,27.2,51,0.0,7.6
Hyderabad,17.385,78.4867,2026-04-24 05:00:00,62.4,55.9,449.0,31.1,10.6,53.0,26.4,56,0.0,5.6
Hyderabad,17.385,78.4867,2026-04-24 06:00:00,66.1,59.4,578.0,28.4,11.5,70.0,26.9,57,0.0,2.7
Hyderabad,17.385,78.4867,2026-04-24 07:00:00,65.7,60.8,744.0,24.5,12.7,95.0,28.5,51,0.0,3.8
Hyderabad,17.385,78.4867,2026-04-24 08:00:00,57.9,51.1,818.0,19.9,12.8,119.0,31.5,38,0.0,6.3
Hyderabad,17.385,78.4867,2026-04-24 09:00:00,49.5,41.1,712.0,13.9,11.0,142.0,33.4,31,0.0,9.1
Hyderabad,17.385,78.4867,2026-04-24 10:00:00,46.0,37.5,515.0,7.3,8.1,166.0,35.3,26,0.0,6.1
Hyderabad,17.385,78.4867,2026-04-24 11:00:00,39.7,31.0,363.0,2.5,5.9,182.0,35.8,25,0.0,1.3
Hyderabad,17.385,78.4867,2026-04-24 12:00:00,37.5,28.6,312.0,1.0,5.0,188.0,37.1,24,0.0,3.3
Hyderabad,17.385,78.4867,2026-04-24 13:00:00,37.5,28.9,306.0,1.4,4.6,188.0,37.7,23,0.0,7.3
Hyderabad,17.385,78.4867,2026-04-24 14:00:00,37.7,29.7,315.0,2.3,4.5,185.0,35.2,29,0.0,8.8
Hyderabad,17.385,78.4867,2026-04-24 15:00:00,38.1,30.4,330.0,3.2,4.3,181.0,36.1,24,0.0,4.7
Hyderabad,17.385,78.4867,2026-04-24 16:00:00,39.1,31.8,359.0,4.5,4.3,174.0,36.4,23,0.0,6.2
Hyderabad,17.385,78.4867,2026-04-24 17:00:00,49.5,41.8,401.0,5.8,5.6,188.0,36.2,21,0.0,8.2
Hyderabad,17.385,78.4867,2026-04-24 18:00:00,55.4,48.8,464.0,13.8,7.7,164.0,35.4,23,0.0,8.8
Hyderabad,17.385,78.4867,2026-04-24 19:00:00,61.9,55.3,540.0,24.7,10.6,130.0,34.3,26,0.0,6.2
Hyderabad,17.385,78.4867,2026-04-24 20:00:00,66.6,59.8,596.0,32.2,12.7,105.0,33.6,28,0.0,4.7
Hyderabad,17.385,78.4867,2026-04-24 21:00:00,69.4,62.2,623.0,33.2,13.1,96.0,32.6,31,0.0,7.6
Hyderabad,17.385,78.4867,2026-04-24 22:00:00,70.8,63.1,631.0,30.9,12.7,94.0,31.9,33,0.0,8.2
Hyderabad,17.385,78.4867,2026-04-24 23:00:00,68.5,60.1,615.0,28.1,12.0,93.0,31.3,36,0.0,6.9
Hyderabad,17.385,78.4867,2026-04-25 00:00:00,64.3,55.6,557.0,25.4,10.9,91.0,30.3,38,0.0,7.4
Hyderabad,17.385,78.4867,2026-04-25 01:00:00,60.8,52.3,476.0,22.2,9.5,89.0,29.6,41,0.0,7.7
Hyderabad,17.385,78.4867,2026-04-25 02:00:00,57.9,49.4,426.0,19.9,8.5,87.0,28.7,45,0.0,6.6
Hyderabad,17.385,78.4867,2026-04-25 03:00:00,55.2,46.7,432.0,19.2,8.0,83.0,28.3,47,0.0,5.6
Hyderabad,17.385,78.4867,2026-04-25 04:00:00,52.4,44.1,470.0,19.3,7.8,78.0,27.8,50,0.0,4.7
Hyderabad,17.385,78.4867,2026-04-25 05:00:00,63.8,55.1,523.0,29.2,10.6,69.0,26.9,62,0.0,3.0
Hyderabad,17.385,78.4867,2026-04-25 06:00:00,64.7,55.9,613.0,26.2,11.2,83.0,27.2,63,0.0,5.5
Hyderabad,17.385,78.4867,2026-04-25 07:00:00,62.9,56.0,719.0,22.0,12.0,104.0,28.7,55,0.0,3.1
Hyderabad,17.385,78.4867,2026-04-25 08:00:00,51.9,43.7,760.0,17.4,12.1,125.0,31.5,43,0.0,3.3
Hyderabad,17.385,78.4867,2026-04-25 09:00:00,50.6,41.0,677.0,12.2,11.1,148.0,33.9,34,0.0,3.9
Hyderabad,17.385,78.4867,2026-04-25 10:00:00,51.1,41.4,529.0,6.7,9.4,171.0,35.6,28,0.0,3.1
Hyderabad,17.385,78.4867,2026-04-25 11:00:00,50.2,41.0,412.0,2.8,8.1,188.0,36.1,27,0.0,4.0
Hyderabad,17.385,78.4867,2026-04-25 12:00:00,49.0,40.0,365.0,1.5,7.4,196.0,37.6,22,0.0,1.5
Hyderabad,17.385,78.4867,2026-04-25 13:00:00,48.8,40.2,349.0,1.9,7.1,197.0,37.9,21,0.0,1.1
Hyderabad,17.385,78.4867,2026-04-25 14:00:00,48.3,40.0,345.0,2.7,6.8,196.0,38.0,20,0.0,4.4
Hyderabad,17.385,78.4867,2026-04-25 15:00:00,47.8,39.9,344.0,3.2,6.5,193.0,38.2,20,0.0,6.7
Hyderabad,17.385,78.4867,2026-04-25 16:00:00,46.4,39.0,355.0,4.2,6.2,188.0,38.0,20,0.0,9.9
Hyderabad,17.385,78.4867,2026-04-25 17:00:00,51.2,43.8,381.0,7.5,7.7,196.0,36.9,21,0.0,11.4
Hyderabad,17.385,78.4867,2026-04-25 18:00:00,55.8,49.1,438.0,13.7,9.1,172.0,36.1,22,0.0,10.4
Hyderabad,17.385,78.4867,2026-04-25 19:00:00,58.3,52.2,510.0,22.0,10.9,138.0,35.2,24,0.0,8.6
Hyderabad,17.385,78.4867,2026-04-25 20:00:00,55.9,50.5,553.0,26.7,12.1,112.0,33.7,29,0.0,7.6
Hyderabad,17.385,78.4867,2026-04-25 21:00:00,50.5,45.6,545.0,24.2,12.0,103.0,32.9,31,0.0,6.8
Hyderabad,17.385,78.4867,2026-04-25 22:00:00,42.6,38.5,508.0,18.1,11.2,102.0,32.1,33,0.0,6.7
Hyderabad,17.385,78.4867,2026-04-25 23:00:00,34.2,31.0,459.0,13.3,10.3,100.0,32.0,35,0.0,6.6
Hyderabad,17.385,78.4867,2026-04-26 00:00:00,27.9,25.0,389.0,11.9,9.3,92.0,31.4,38,0.0,8.6
Hyderabad,17.385,78.4867,2026-04-26 01:00:00,24.5,21.4,308.0,11.7,8.2,83.0,29.9,50,0.0,8.8
Hyderabad,17.385,78.4867,2026-04-26 02:00:00,22.8,19.3,260.0,11.6,7.4,77.0,29.0,57,0.0,7.5
Hyderabad,17.385,78.4867,2026-04-26 03:00:00,21.9,17.9,268.0,11.1,7.0,76.0,28.5,60,0.0,6.2
Hyderabad,17.385,78.4867,2026-04-26 04:00:00,21.4,17.0,310.0,10.6,6.8,77.0,28.2,60,0.0,4.4
Hyderabad,17.385,78.4867,2026-04-26 05:00:00,23.2,19.0,365.0,11.9,6.9,76.0,27.9,62,0.0,5.4
Hyderabad,17.385,78.4867,2026-04-26 06:00:00,23.3,19.4,450.0,11.9,7.9,82.0,28.4,58,0.0,4.7
Hyderabad,17.385,78.4867,2026-04-26 07:00:00,24.3,21.4,549.0,11.8,9.3,92.0,29.7,52,0.0,3.5
Hyderabad,17.385,78.4867,2026-04-26 08:00:00,24.7,21.2,593.0,10.8,10.1,105.0,32.2,43,0.0,5.5
Hyderabad,17.385,78.4867,2026-04-26 09:00:00,26.6,22.4,531.0,8.2,9.7,125.0,34.5,34,0.0,8.1
Hyderabad,17.385,78.4867,2026-04-26 10:00:00,30.2,24.9,413.0,4.8,8.7,149.0,36.2,29,0.0,8.4
Hyderabad,17.385,78.4867,2026-04-26 11:00:00,33.1,27.2,329.0,2.3,7.9,168.0,36.2,29,0.0,8.3
Hyderabad,17.385,78.4867,2026-04-26 12:00:00,34.9,28.8,316.0,1.6,7.5,176.0,37.6,26,0.0,8.2
Hyderabad,17.385,78.4867,2026-04-26 13:00:00,37.6,30.7,336.0,1.8,7.3,179.0,37.6,25,0.0,10.7
Hyderabad,17.385,78.4867,2026-04-26 14:00:00,41.7,33.8,359.0,2.4,7.2,181.0,36.8,25,0.0,8.4
Hyderabad,17.385,78.4867,2026-04-26 15:00:00,44.5,36.0,371.0,1.7,7.0,186.0,37.7,24,0.0,6.7
Hyderabad,17.385,78.4867,2026-04-26 16:00:00,46.2,37.5,387.0,1.3,7.0,189.0,37.6,23,0.0,7.4
Hyderabad,17.385,78.4867,2026-04-26 17:00:00,47.4,38.8,422.0,5.9,8.4,187.0,37.0,23,0.0,11.7
Hyderabad,17.385,78.4867,2026-04-26 18:00:00,55.8,47.3,492.0,17.3,10.6,159.0,36.0,24,0.0,12.9
Hyderabad,17.385,78.4867,2026-04-26 19:00:00,64.0,55.9,582.0,32.8,13.7,122.0,36.1,24,0.0,9.4
Hyderabad,17.385,78.4867,2026-04-26 20:00:00,65.2,57.3,658.0,42.1,15.3,94.0,35.4,25,0.0,6.3
Hyderabad,17.385,78.4867,2026-04-26 21:00:00,61.9,54.6,729.0,39.5,14.3,87.0,33.6,29,0.0,6.6
Hyderabad,17.385,78.4867,2026-04-26 22:00:00,57.0,50.3,786.0,30.8,12.0,91.0,32.6,32,0.0,4.0
Hyderabad,17.385,78.4867,2026-04-26 23:00:00,47.0,41.2,773.0,23.0,9.9,93.0,32.0,34,0.0,7.1
Hyderabad,17.385,78.4867,2026-04-27 00:00:00,38.1,33.3,625.0,18.5,8.5,89.0,31.5,35,0.0,6.5
Hyderabad,17.385,78.4867,2026-04-27 01:00:00,32.6,28.2,407.0,14.9,7.2,83.0,30.2,38,0.0,6.5
Hyderabad,17.385,78.4867,2026-04-27 02:00:00,29.8,25.1,254.0,12.4,6.4,78.0,29.0,48,0.0,5.0
Hyderabad,17.385,78.4867,2026-04-27 03:00:00,28.5,23.3,232.0,11.3,6.1,75.0,28.5,54,0.0,6.6
Hyderabad,17.385,78.4867,2026-04-27 04:00:00,27.6,21.9,275.0,11.3,6.2,74.0,28.0,58,0.0,5.2
Hyderabad,17.385,78.4867,2026-04-27 05:00:00,26.4,22.2,325.0,9.9,6.4,83.0,27.6,59,0.0,7.9
Hyderabad,17.385,78.4867,2026-04-27 06:00:00,25.2,21.7,372.0,10.0,7.6,86.0,27.7,56,0.0,10.2
Hyderabad,17.385,78.4867,2026-04-27 07:00:00,25.6,22.8,426.0,9.9,9.4,91.0,28.9,55,0.0,8.2
Hyderabad,17.385,78.4867,2026-04-27 08:00:00,26.6,23.7,452.0,9.3,10.7,103.0,31.6,45,0.0,9.2
Hyderabad,17.385,78.4867,2026-04-27 09:00:00,28.8,25.6,426.0,7.4,11.4,129.0,34.5,34,0.0,11.4
Hyderabad,17.385,78.4867,2026-04-27 10:00:00,33.3,28.6,372.0,5.0,11.7,162.0,36.5,27,0.0,11.8
Hyderabad,17.385,78.4867,2026-04-27 11:00:00,38.3,32.2,332.0,3.1,11.7,187.0,36.8,27,0.0,9.8
Hyderabad,17.385,78.4867,2026-04-27 12:00:00,42.5,35.9,321.0,2.3,11.1,196.0,38.3,24,0.0,9.3
Hyderabad,17.385,78.4867,2026-04-27 13:00:00,45.8,38.0,324.0,2.1,10.0,197.0,39.1,22,0.0,8.3
Hyderabad,17.385,78.4867,2026-04-27 14:00:00,48.1,38.4,335.0,2.4,9.2,195.0,39.1,21,0.0,7.7
Hyderabad,17.385,78.4867,2026-04-27 15:00:00,48.2,37.7,339.0,2.9,8.6,192.0,38.7,21,0.0,7.9
Hyderabad,17.385,78.4867,2026-04-27 16:00:00,47.4,36.6,351.0,4.0,8.1,186.0,38.5,20,0.0,9.6
Hyderabad,17.385,78.4867,2026-04-27 17:00:00,50.9,40.2,408.0,5.7,8.9,179.0,37.6,22,0.0,10.9
Hyderabad,17.385,78.4867,2026-04-27 18:00:00,57.9,47.6,557.0,12.6,10.1,157.0,36.7,24,0.0,11.6
Hyderabad,17.385,78.4867,2026-04-27 19:00:00,61.2,52.2,752.0,22.0,11.7,128.0,34.6,30,0.0,11.4
Hyderabad,17.385,78.4867,2026-04-27 20:00:00,57.5,49.6,888.0,28.0,12.5,106.0,34.2,30,0.0,8.6
Hyderabad,17.385,78.4867,2026-04-27 21:00:00,51.9,44.9,930.0,27.6,11.9,101.0,34.2,30,0.0,8.9
Hyderabad,17.385,78.4867,2026-04-27 22:00:00,48.3,41.8,914.0,23.9,10.5,103.0,34.0,29,0.0,8.5
Hyderabad,17.385,78.4867,2026-04-27 23:00:00,47.4,40.6,843.0,20.3,9.2,104.0,32.8,33,0.0,5.3
Hyderabad,17.385,78.4867,2026-04-28 00:00:00,45.8,39.0,679.0,17.8,8.2,100.0,31.9,35,0.0,5.5
Hyderabad,17.385,78.4867,2026-04-28 01:00:00,41.1,35.4,461.0,15.5,7.3,95.0,30.8,38,0.0,7.2
Hyderabad,17.385,78.4867,2026-04-28 02:00:00,38.5,33.2,303.0,14.2,6.9,90.0,29.4,45,0.0,6.4
Hyderabad,17.385,78.4867,2026-04-28 03:00:00,38.1,32.2,259.0,14.7,7.1,84.0,28.7,51,0.0,2.6
Hyderabad,17.385,78.4867,2026-04-28 04:00:00,38.2,32.1,277.0,16.2,7.8,77.0,28.3,55,0.0,1.6
Hyderabad,17.385,78.4867,2026-04-28 05:00:00,37.5,32.0,314.0,15.9,8.5,93.0,27.3,68,0.0,5.2
Hyderabad,17.385,78.4867,2026-04-28 06:00:00,37.7,32.5,377.0,15.0,9.6,97.0,27.9,60,0.0,4.5
Hyderabad,17.385,78.4867,2026-04-28 07:00:00,38.1,34.2,460.0,13.7,11.0,103.0,29.3,48,0.0,4.3
Hyderabad,17.385,78.4867,2026-04-28 08:00:00,37.3,32.5,506.0,11.8,11.9,115.0,31.3,41,0.0,4.1
Hyderabad,17.385,78.4867,2026-04-28 09:00:00,36.4,30.9,478.0,9.0,11.8,138.0,34.2,34,0.0,5.7
Hyderabad,17.385,78.4867,2026-04-28 10:00:00,37.5,31.1,412.0,5.7,11.1,166.0,36.4,28,0.0,7.6
Hyderabad,17.385,78.4867,2026-04-28 11:00:00,39.5,32.0,361.0,3.2,10.5,187.0,36.3,30,0.0,8.4
Hyderabad,17.385,78.4867,2026-04-28 12:00:00,41.2,33.1,343.0,2.2,10.1,195.0,37.4,26,0.0,7.0
Hyderabad,17.385,78.4867,2026-04-28 13:00:00,42.8,34.0,339.0,2.1,9.8,197.0,38.8,20,0.0,5.4
Hyderabad,17.385,78.4867,2026-04-28 14:00:00,45.1,34.7,345.0,2.4,9.6,196.0,39.3,18,0.0,7.3
Hyderabad,17.385,78.4867,2026-04-28 15:00:00,46.4,35.2,362.0,2.9,9.4,195.0,39.1,18,0.0,10.5
Hyderabad,17.385,78.4867,2026-04-28 16:00:00,47.4,35.9,390.0,3.8,9.3,192.0,38.6,19,0.0,11.2
Hyderabad,17.385,78.4867,2026-04-28 17:00:00,52.9,39.8,419.0,6.9,9.4,171.0,38.9,16,0.0,7.0
Hyderabad,17.385,78.4867,2026-04-28 18:00:00,60.5,48.2,447.0,10.7,10.2,155.0,36.3,26,0.0,12.2
Hyderabad,17.385,78.4867,2026-04-28 19:00:00,64.0,53.8,477.0,15.8,11.2,132.0,33.8,38,0.0,8.0
Hyderabad,17.385,78.4867,2026-04-28 20:00:00,63.1,54.2,508.0,19.0,11.7,114.0,33.2,41,0.0,10.7
Hyderabad,17.385,78.4867,2026-04-28 21:00:00,60.3,52.3,551.0,18.3,11.2,106.0,32.3,44,0.0,8.0
Hyderabad,17.385,78.4867,2026-04-28 22:00:00,59.5,51.7,595.0,15.7,10.2,104.0,31.7,46,0.0,9.5
Hyderabad,17.385,78.4867,2026-04-28 23:00:00,59.5,51.3,607.0,13.6,9.3,102.0,29.9,47,0.0,8.4
Hyderabad,17.385,78.4867,2026-04-29 00:00:00,59.3,50.8,557.0,13.1,8.8,100.0,29.7,45,0.0,6.4
Hyderabad,17.385,78.4867,2026-04-29 01:00:00,59.4,50.5,475.0,13.2,8.4,99.0,29.2,45,0.0,8.5
Hyderabad,17.385,78.4867,2026-04-29 02:00:00,59.5,50.5,414.0,13.1,8.2,98.0,29.1,45,0.0,7.0
Hyderabad,17.385,78.4867,2026-04-29 03:00:00,59.4,50.4,392.0,12.4,8.1,96.0,28.6,47,0.0,6.9
Hyderabad,17.385,78.4867,2026-04-29 04:00:00,58.3,49.7,392.0,11.4,8.2,94.0,28.1,48,0.0,7.6
Hyderabad,17.385,78.4867,2026-04-29 05:00:00,46.1,41.1,411.0,9.4,11.4,106.0,28.0,51,0.0,8.2
Hyderabad,17.385,78.4867,2026-04-29 06:00:00,47.6,42.1,472.0,10.4,11.7,107.0,28.1,49,0.0,7.3
Hyderabad,17.385,78.4867,2026-04-29 07:00:00,48.7,43.9,552.0,11.7,12.2,109.0,29.1,47,0.0,7.5
Hyderabad,17.385,78.4867,2026-04-29 08:00:00,49.5,42.1,585.0,11.7,12.4,117.0,31.7,41,0.0,7.8
Hyderabad,17.385,78.4867,2026-04-29 09:00:00,48.9,40.3,525.0,9.3,12.2,139.0,34.4,33,0.0,9.1
Hyderabad,17.385,78.4867,2026-04-29 10:00:00,49.7,39.2,417.0,5.8,11.9,167.0,36.5,27,0.0,8.6
Hyderabad,17.385,78.4867,2026-04-29 11:00:00,48.9,37.6,335.0,3.1,11.3,187.0,35.5,28,0.0,6.6
Hyderabad,17.385,78.4867,2026-04-29 12:00:00,46.9,35.5,307.0,2.1,10.4,193.0,37.5,23,0.0,5.3
Hyderabad,17.385,78.4867,2026-04-29 13:00:00,46.1,34.7,305.0,1.9,9.4,192.0,38.5,20,0.0,4.9
Hyderabad,17.385,78.4867,2026-04-29 14:00:00,45.6,34.3,315.0,2.4,8.6,188.0,39.2,18,0.0,6.0
Hyderabad,17.385,78.4867,2026-04-29 15:00:00,45.2,34.0,335.0,2.7,7.9,186.0,39.4,18,0.0,7.4
Hyderabad,17.385,78.4867,2026-04-29 16:00:00,44.7,33.4,368.0,3.5,7.5,181.0,39.0,18,0.0,8.7
Hyderabad,17.385,78.4867,2026-04-29 17:00:00,35.9,27.8,402.0,5.3,8.1,167.0,38.1,19,0.0,2.7
Hyderabad,17.385,78.4867,2026-04-29 18:00:00,44.7,36.8,443.0,17.8,10.8,139.0,37.2,21,0.0,3.1
Hyderabad,17.385,78.4867,2026-04-29 19:00:00,55.1,47.1,486.0,34.5,14.5,102.0,35.9,25,0.0,10.4
Hyderabad,17.385,78.4867,2026-04-29 20:00:00,55.1,48.1,508.0,43.7,16.5,79.0,34.3,29,0.0,9.7
Hyderabad,17.385,78.4867,2026-04-29 21:00:00,46.8,41.2,495.0,37.8,15.2,84.0,33.3,32,0.0,8.0
Hyderabad,17.385,78.4867,2026-04-29 22:00:00,41.8,36.9,460.0,24.3,12.3,103.0,32.6,33,0.0,6.3
Hyderabad,17.385,78.4867,2026-04-29 23:00:00,38.9,34.2,421.0,13.9,9.8,118.0,31.9,36,0.0,5.7
Hyderabad,17.385,78.4867,2026-04-30 00:00:00,37.5,32.6,376.0,11.0,8.6,121.0,31.3,38,0.0,8.1
Hyderabad,17.385,78.4867,2026-04-30 01:00:00,37.3,31.9,328.0,11.1,7.9,119.0,30.6,39,0.0,7.3
Hyderabad,17.385,78.4867,2026-04-30 02:00:00,37.7,31.8,299.0,11.3,7.4,116.0,30.4,39,0.0,7.8
Hyderabad,17.385,78.4867,2026-04-30 03:00:00,38.2,31.8,299.0,10.6,7.1,113.0,30.5,39,0.0,11.8
Hyderabad,17.385,78.4867,2026-04-30 04:00:00,36.6,31.0,319.0,9.9,7.1,109.0,30.0,40,0.0,10.8
Hyderabad,17.385,78.4867,2026-04-30 05:00:00,32.1,28.8,358.0,8.8,8.0,102.0,29.1,45,0.0,7.9
Hyderabad,17.385,78.4867,2026-04-30 06:00:00,28.9,26.5,442.0,9.2,8.1,98.0,29.3,46,0.0,6.2
Hyderabad,17.385,78.4867,2026-04-30 07:00:00,26.1,24.2,546.0,9.6,8.3,94.0,30.1,45,0.0,6.2
Hyderabad,17.385,78.4867,2026-04-30 08:00:00,23.2,20.8,589.0,9.3,8.5,100.0,32.3,39,0.0,7.5
Hyderabad,17.385,78.4867,2026-04-30 09:00:00,23.7,20.6,513.0,7.5,8.9,125.0,35.2,24,0.0,10.8
Hyderabad,17.385,78.4867,2026-04-30 10:00:00,25.4,20.7,377.0,5.0,9.3,159.0,36.9,19,0.0,9.1
Hyderabad,17.385,78.4867,2026-04-30 11:00:00,26.1,20.3,276.0,3.1,9.3,183.0,36.5,20,0.0,9.0
Hyderabad,17.385,78.4867,2026-04-30 12:00:00,25.8,19.0,254.0,2.3,8.6,189.0,37.8,19,0.0,9.4
Hyderabad,17.385,78.4867,2026-04-30 13:00:00,25.7,18.4,269.0,2.0,7.5,184.0,38.5,18,0.0,10.6
Hyderabad,17.385,78.4867,2026-04-30 14:00:00,25.7,18.3,286.0,2.2,6.6,178.0,38.8,16,0.0,11.9
Hyderabad,17.385,78.4867,2026-04-30 15:00:00,25.8,18.3,278.0,1.1,5.5,174.0,38.9,15,0.0,12.3
Hyderabad,17.385,78.4867,2026-04-30 16:00:00,25.8,18.3,274.0,0.4,4.6,167.0,38.5,16,0.0,8.8
Hyderabad,17.385,78.4867,2026-04-30 17:00:00,15.1,12.5,323.0,4.8,5.8,160.0,38.2,16,0.0,7.4
Hyderabad,17.385,78.4867,2026-04-30 18:00:00,20.1,17.6,471.0,17.6,8.6,132.0,38.1,16,0.0,5.3
Hyderabad,17.385,78.4867,2026-04-30 19:00:00,30.2,27.6,674.0,35.0,12.4,94.0,36.5,17,0.0,3.4
Hyderabad,17.385,78.4867,2026-04-30 20:00:00,39.1,36.7,848.0,45.5,14.7,68.0,35.5,19,0.0,1.6
Hyderabad,17.385,78.4867,2026-04-30 21:00:00,39.7,37.4,993.0,42.5,14.2,66.0,34.2,22,0.0,6.7
Hyderabad,17.385,78.4867,2026-04-30 22:00:00,33.1,30.7,1110.0,32.7,12.3,77.0,33.6,24,0.0,4.0
Hyderabad,17.385,78.4867,2026-04-30 23:00:00,27.9,25.6,1118.0,24.4,10.6,86.0,31.8,30,0.0,8.1
Hyderabad,17.385,78.4867,2026-05-01 00:00:00,25.3,22.8,927.0,20.9,9.6,89.0,31.3,32,0.0,8.8
Hyderabad,17.385,78.4867,2026-05-01 01:00:00,24.6,22.1,627.0,19.0,8.8,91.0,31.4,30,0.0,10.6
Hyderabad,17.385,78.4867,2026-05-01 02:00:00,24.3,21.8,402.0,17.6,8.2,90.0,31.4,27,0.0,10.4
Hyderabad,17.385,78.4867,2026-05-01 03:00:00,22.6,20.5,332.0,16.5,7.9,83.0,29.8,30,0.0,6.9
Hyderabad,17.385,78.4867,2026-05-01 04:00:00,22.5,20.4,339.0,15.8,7.8,72.0,28.5,34,0.0,6.4
Hyderabad,17.385,78.4867,2026-05-01 05:00:00,22.6,19.4,367.0,15.0,6.8,65.0,27.3,50,0.0,9.3
Hyderabad,17.385,78.4867,2026-05-01 06:00:00,24.2,20.8,425.0,13.8,7.3,73.0,28.1,41,0.0,8.1
Hyderabad,17.385,78.4867,2026-05-01 07:00:00,25.6,22.6,505.0,12.2,8.0,84.0,29.3,34,0.0,7.1
Hyderabad,17.385,78.4867,2026-05-01 08:00:00,28.4,20.7,533.0,10.1,8.2,96.0,31.1,31,0.0,9.9
Hyderabad,17.385,78.4867,2026-05-01 09:00:00,37.8,17.5,456.0,7.3,7.5,110.0,33.3,25,0.0,12.8
Hyderabad,17.385,78.4867,2026-05-01 10:00:00,42.7,16.7,327.0,4.2,6.2,126.0,34.9,21,0.0,13.2
Hyderabad,17.385,78.4867,2026-05-01 11:00:00,46.3,16.5,232.0,2.0,5.2,136.0,34.2,23,0.0,12.6
Hyderabad,17.385,78.4867,2026-05-01 12:00:00,50.8,16.8,209.0,1.2,4.6,138.0,35.7,20,0.0,12.1
Hyderabad,17.385,78.4867,2026-05-01 13:00:00,53.1,17.2,220.0,1.3,4.2,136.0,36.5,20,0.0,12.3
Hyderabad,17.385,78.4867,2026-05-01 14:00:00,53.2,17.6,235.0,1.7,4.0,133.0,37.0,21,0.0,12.2
Hyderabad,17.385,78.4867,2026-05-01 15:00:00,51.8,17.8,243.0,1.1,3.7,133.0,37.7,20,0.0,10.7
Hyderabad,17.385,78.4867,2026-05-01 16:00:00,50.3,17.8,255.0,0.7,3.5,133.0,37.9,18,0.0,10.9
Hyderabad,17.385,78.4867,2026-05-01 17:00:00,33.3,13.5,274.0,3.9,3.7,129.0,37.6,18,0.0,13.8
Hyderabad,17.385,78.4867,2026-05-01 18:00:00,33.9,16.5,282.0,13.5,6.0,109.0,37.1,18,0.0,10.3
Hyderabad,17.385,78.4867,2026-05-01 19:00:00,44.8,26.7,296.0,26.8,9.1,82.0,35.8,20,0.0,6.5
Hyderabad,17.385,78.4867,2026-05-01 20:00:00,52.9,34.8,380.0,37.7,11.9,60.0,34.7,22,0.0,4.5
Hyderabad,17.385,78.4867,2026-05-01 21:00:00,57.0,39.3,631.0,44.0,14.0,48.0,33.3,26,0.0,5.3
Hyderabad,17.385,78.4867,2026-05-01 22:00:00,60.1,42.4,951.0,47.9,15.6,41.0,31.9,30,0.0,6.3
Hyderabad,17.385,78.4867,2026-05-01 23:00:00,62.2,44.1,1103.0,49.8,16.4,37.0,30.3,35,0.0,6.4
Hyderabad,17.385,78.4867,2026-05-02 00:00:00,63.6,44.7,925.0,49.8,15.9,34.0,29.6,39,0.0,7.5
Hyderabad,17.385,78.4867,2026-05-02 01:00:00,63.8,44.4,578.0,47.9,14.5,33.0,29.4,39,0.0,8.6
Hyderabad,17.385,78.4867,2026-05-02 02:00:00,57.5,38.4,317.0,43.9,13.0,34.0,29.6,30,0.0,10.4
Hyderabad,17.385,78.4867,2026-05-02 03:00:00,45.4,30.0,247.0,36.7,11.4,34.0,29.4,29,0.0,13.2
Hyderabad,17.385,78.4867,2026-05-02 04:00:00,34.3,23.8,262.0,27.6,9.7,35.0,28.7,33,0.0,11.1
Hyderabad,17.385,78.4867,2026-05-02 05:00:00,22.7,16.1,293.0,12.1,6.5,58.0,28.2,39,0.0,9.3
Hyderabad,17.385,78.4867,2026-05-02 06:00:00,24.8,17.0,335.0,11.6,7.8,68.0,28.9,39,0.0,8.5
Hyderabad,17.385,78.4867,2026-05-02 07:00:00,26.3,18.3,394.0,10.9,9.5,83.0,30.1,37,0.0,8.9
Hyderabad,17.385,78.4867,2026-05-02 08:00:00,30.5,17.8,419.0,9.6,10.4,98.0,32.1,33,0.0,11.1
Hyderabad,17.385,78.4867,2026-05-02 09:00:00,35.0,17.3,375.0,7.3,9.7,113.0,34.1,28,0.0,10.9
Hyderabad,17.385,78.4867,2026-05-02 10:00:00,37.8,16.6,298.0,4.6,8.1,128.0,36.1,24,0.0,9.5
Hyderabad,17.385,78.4867,2026-05-02 11:00:00,38.2,15.9,240.0,2.5,6.6,138.0,36.5,21,0.0,7.7
Hyderabad,17.385,78.4867,2026-05-02 12:00:00,36.8,14.6,225.0,1.6,5.5,140.0,37.8,19,0.0,7.0
Hyderabad,17.385,78.4867,2026-05-02 13:00:00,35.4,13.6,229.0,1.5,4.4,136.0,38.4,18,0.0,7.5
Hyderabad,17.385,78.4867,2026-05-02 14:00:00,34.9,13.2,239.0,1.7,3.7,132.0,38.8,16,0.0,9.5
Hyderabad,17.385,78.4867,2026-05-02 15:00:00,34.8,13.0,238.0,0.9,3.0,131.0,38.9,16,0.0,11.9
Hyderabad,17.385,78.4867,2026-05-02 16:00:00,35.0,13.1,242.0,0.5,2.7,130.0,38.5,15,0.0,12.7
Hyderabad,17.385,78.4867,2026-05-02 17:00:00,31.8,12.2,290.0,4.2,3.6,127.0,37.6,17,0.0,9.6
Hyderabad,17.385,78.4867,2026-05-02 18:00:00,36.6,18.5,420.0,17.3,6.7,103.0,37.7,17,0.0,5.5
Hyderabad,17.385,78.4867,2026-05-02 19:00:00,47.8,29.7,594.0,34.9,10.9,70.0,36.9,18,0.0,6.4
Hyderabad,17.385,78.4867,2026-05-02 20:00:00,53.8,36.7,735.0,45.8,13.6,48.0,35.7,20,0.0,2.6
Hyderabad,17.385,78.4867,2026-05-02 21:00:00,49.1,34.3,829.0,43.3,13.4,49.0,34.7,22,0.0,5.8
Hyderabad,17.385,78.4867,2026-05-02 22:00:00,40.6,28.5,891.0,34.0,11.8,62.0,34.1,23,0.0,5.2
Hyderabad,17.385,78.4867,2026-05-02 23:00:00,33.2,23.0,886.0,26.0,10.2,73.0,32.3,29,0.0,12.5
Hyderabad,17.385,78.4867,2026-05-03 00:00:00,29.6,19.9,768.0,22.2,9.2,79.0,32.2,28,0.0,13.2
Hyderabad,17.385,78.4867,2026-05-03 01:00:00,28.7,19.0,584.0,19.7,8.4,83.0,31.6,28,0.0,11.5
Hyderabad,17.385,78.4867,2026-05-03 02:00:00,28.8,19.0,443.0,17.8,7.6,83.0,30.5,29,0.0,12.6
Hyderabad,17.385,78.4867,2026-05-03 03:00:00,28.1,18.6,386.0,16.4,6.7,72.0,29.7,29,0.0,13.7
Hyderabad,17.385,78.4867,2026-05-03 04:00:00,25.1,16.8,373.0,15.5,5.9,57.0,29.2,27,0.0,11.5
Hyderabad,17.385,78.4867,2026-05-03 05:00:00,40.4,23.9,388.0,19.3,9.1,57.0,28.8,35,0.0,6.5
Hyderabad,17.385,78.4867,2026-05-03 06:00:00,33.5,20.8,458.0,17.2,9.7,66.0,29.2,34,0.0,3.6
Hyderabad,17.385,78.4867,2026-05-03 07:00:00,27.9,20.7,556.0,14.2,10.5,79.0,30.5,30,0.0,5.3
Hyderabad,17.385,78.4867,2026-05-03 08:00:00,27.2,19.3,592.0,11.1,10.5,92.0,32.5,26,0.0,8.9
Hyderabad,17.385,78.4867,2026-05-03 09:00:00,33.9,17.2,501.0,7.8,8.9,105.0,34.9,22,0.0,10.9
Hyderabad,17.385,78.4867,2026-05-03 10:00:00,41.8,16.6,348.0,4.4,6.6,119.0,36.5,21,0.0,11.2
Hyderabad,17.385,78.4867,2026-05-03 11:00:00,43.8,15.8,234.0,2.0,4.7,129.0,36.2,22,0.0,9.4
Hyderabad,17.385,78.4867,2026-05-03 12:00:00,43.8,15.4,203.0,1.2,3.9,133.0,37.6,20,0.0,9.3
Hyderabad,17.385,78.4867,2026-05-03 13:00:00,43.3,15.1,211.0,1.4,3.7,133.0,38.2,18,0.0,9.5
Hyderabad,17.385,78.4867,2026-05-03 14:00:00,42.7,15.0,226.0,1.9,3.6,132.0,38.7,17,0.0,8.7
Hyderabad,17.385,78.4867,2026-05-03 15:00:00,42.4,14.9,231.0,0.8,3.1,133.0,38.8,17,0.0,7.3
Hyderabad,17.385,78.4867,2026-05-03 16:00:00,42.3,15.1,243.0,0.0,2.7,133.0,38.2,17,0.0,7.3
Hyderabad,17.385,78.4867,2026-05-03 17:00:00,45.4,16.1,284.0,4.5,4.3,127.0,37.3,18,0.0,9.9
Hyderabad,17.385,78.4867,2026-05-03 18:00:00,51.6,22.6,381.0,21.2,8.4,103.0,37.4,18,0.0,5.2
Hyderabad,17.385,78.4867,2026-05-03 19:00:00,66.8,36.9,508.0,43.9,13.9,70.0,36.9,18,0.0,6.9
Hyderabad,17.385,78.4867,2026-05-03 20:00:00,76.8,47.5,603.0,59.0,17.5,46.0,34.4,28,0.0,13.5
Hyderabad,17.385,78.4867,2026-05-03 21:00:00,76.1,47.8,652.0,59.9,17.4,38.0,31.4,42,0.0,9.1
Hyderabad,17.385,78.4867,2026-05-03 22:00:00,74.3,46.2,671.0,53.2,15.3,39.0,30.5,45,0.0,7.1
Hyderabad,17.385,78.4867,2026-05-03 23:00:00,70.3,42.4,643.0,45.2,13.1,42.0,28.7,51,0.0,9.9
Hyderabad,17.385,78.4867,2026-05-04 00:00:00,64.7,37.3,533.0,36.8,11.1,49.0,28.1,51,0.0,9.3
Hyderabad,17.385,78.4867,2026-05-04 01:00:00,58.1,32.8,377.0,27.1,9.0,58.0,27.6,53,0.0,7.3
Hyderabad,17.385,78.4867,2026-05-04 02:00:00,50.5,29.3,271.0,19.9,7.3,64.0,27.4,54,0.0,6.8
Hyderabad,17.385,78.4867,2026-05-04 03:00:00,46.3,27.8,256.0,17.2,6.3,60.0,27.0,56,0.0,5.8
Hyderabad,17.385,78.4867,2026-05-04 04:00:00,41.0,25.6,290.0,17.1,5.7,53.0,26.6,58,0.0,3.1
Hyderabad,17.385,78.4867,2026-05-04 05:00:00,29.4,18.4,346.0,6.8,4.3,89.0,26.1,63,0.0,3.4
Hyderabad,17.385,78.4867,2026-05-04 06:00:00,31.5,20.1,446.0,7.6,5.5,92.0,26.5,58,0.0,2.7
Hyderabad,17.385,78.4867,2026-05-04 07:00:00,32.7,21.7,567.0,8.6,7.3,97.0,27.6,51,0.0,3.6
Hyderabad,17.385,78.4867,2026-05-04 08:00:00,35.0,21.8,617.0,8.8,8.5,107.0,30.3,38,0.0,4.2
Hyderabad,17.385,78.4867,2026-05-04 09:00:00,37.7,21.5,525.0,7.3,8.8,127.0,33.4,24,0.0,8.3
Hyderabad,17.385,78.4867,2026-05-04 10:00:00,43.1,20.9,361.0,4.8,8.7,153.0,35.4,17,0.0,9.7
Hyderabad,17.385,78.4867,2026-05-04 11:00:00,47.0,20.3,239.0,3.0,8.4,172.0,35.5,18,0.0,8.0
Hyderabad,17.385,78.4867,2026-05-04 12:00:00,45.4,19.3,208.0,2.3,8.1,179.0,37.0,16,0.0,6.5
Hyderabad,17.385,78.4867,2026-05-04 13:00:00,45.1,18.6,219.0,2.2,7.7,179.0,37.8,15,0.0,6.5
Hyderabad,17.385,78.4867,2026-05-04 14:00:00,46.8,18.2,237.0,2.4,7.3,177.0,38.3,14,0.0,7.3
Hyderabad,17.385,78.4867,2026-05-04 15:00:00,48.3,18.0,254.0,1.9,6.8,177.0,38.8,13,0.0,10.8
Hyderabad,17.385,78.4867,2026-05-04 16:00:00,49.2,18.2,278.0,1.8,6.4,176.0,37.8,14,0.0,12.4
Hyderabad,17.385,78.4867,2026-05-04 17:00:00,43.5,14.7,304.0,4.4,4.3,136.0,37.6,13,0.0,11.1
Hyderabad,17.385,78.4867,2026-05-04 18:00:00,52.9,24.0,334.0,20.4,8.0,110.0,37.3,13,0.0,5.8
Hyderabad,17.385,78.4867,2026-05-04 19:00:00,67.1,37.6,366.0,42.1,13.0,75.0,36.2,14,0.0,5.9
Hyderabad,17.385,78.4867,2026-05-04 20:00:00,75.7,46.3,387.0,56.1,16.0,50.0,34.6,19,0.0,7.9
Hyderabad,17.385,78.4867,2026-05-04 21:00:00,73.8,45.2,393.0,55.3,15.3,44.0,33.3,23,0.0,9.3
Hyderabad,17.385,78.4867,2026-05-04 22:00:00,67.8,40.3,389.0,46.7,12.6,47.0,31.7,28,0.0,12.2
Hyderabad,17.385,78.4867,2026-05-04 23:00:00,61.9,36.1,375.0,37.7,10.1,53.0,30.4,42,0.0,9.5
Hyderabad,17.385,78.4867,2026-05-05 00:00:00,56.3,32.2,343.0,29.5,8.4,61.0,30.2,46,0.0,8.9
Hyderabad,17.385,78.4867,2026-05-05 01:00:00,47.6,27.8,301.0,20.8,6.9,72.0,29.1,55,0.0,7.7
Hyderabad,17.385,78.4867,2026-05-05 02:00:00,42.7,27.0,276.0,15.1,5.9,78.0,28.1,63,0.0,9.8
Hyderabad,17.385,78.4867,2026-05-05 03:00:00,42.4,27.8,277.0,15.2,5.5,73.0,27.5,65,0.0,9.8
Hyderabad,17.385,78.4867,2026-05-05 04:00:00,44.0,29.0,296.0,18.3,5.7,63.0,26.9,67,0.0,8.5
Hyderabad,17.385,78.4867,2026-05-05 05:00:00,44.1,30.0,328.0,10.5,5.9,89.0,26.1,74,0.0,3.6
Hyderabad,17.385,78.4867,2026-05-05 06:00:00,42.0,29.5,392.0,10.0,7.0,98.0,26.2,74,0.0,6.1
Hyderabad,17.385,78.4867,2026-05-05 07:00:00,41.8,28.2,470.0,9.1,8.6,110.0,27.7,63,0.0,2.8
Hyderabad,17.385,78.4867,2026-05-05 08:00:00,42.6,26.1,508.0,8.0,9.8,124.0,30.1,48,0.0,5.6
Hyderabad,17.385,78.4867,2026-05-05 09:00:00,44.8,23.8,468.0,6.3,10.3,142.0,32.7,33,0.0,6.5
Hyderabad,17.385,78.4867,2026-05-05 10:00:00,44.8,21.9,388.0,4.3,10.4,161.0,34.3,28,0.0,5.7
Hyderabad,17.385,78.4867,2026-05-05 11:00:00,44.8,20.5,325.0,2.8,10.1,174.0,35.1,26,0.0,4.6
Hyderabad,17.385,78.4867,2026-05-05 12:00:00,43.8,18.8,303.0,2.2,9.0,176.0,36.8,20,0.0,3.4
Hyderabad,17.385,78.4867,2026-05-05 13:00:00,41.1,16.9,300.0,2.0,7.5,172.0,37.8,18,0.0,3.2
Hyderabad,17.385,78.4867,2026-05-05 14:00:00,39.6,16.1,303.0,2.3,6.4,168.0,37.9,17,0.0,2.2
Hyderabad,17.385,78.4867,2026-05-05 15:00:00,38.9,15.9,315.0,1.6,5.7,170.0,38.2,16,0.0,3.6
Hyderabad,17.385,78.4867,2026-05-05 16:00:00,38.6,16.1,334.0,1.3,5.5,172.0,37.8,16,0.0,3.7
Hyderabad,17.385,78.4867,2026-05-05 17:00:00,38.6,17.2,346.0,5.3,6.7,165.0,37.7,13,0.0,5.9
Hyderabad,17.385,78.4867,2026-05-05 18:00:00,45.8,24.2,343.0,12.5,8.2,142.0,36.0,19,0.0,10.7
Hyderabad,17.385,78.4867,2026-05-05 19:00:00,53.0,33.1,333.0,22.2,10.2,111.0,34.7,24,0.0,11.8
Hyderabad,17.385,78.4867,2026-05-05 20:00:00,54.9,36.7,327.0,27.5,11.3,89.0,31.5,34,0.0,13.6
Hyderabad,17.385,78.4867,2026-05-05 21:00:00,54.0,37.5,334.0,24.2,10.4,86.0,30.0,41,0.0,12.1
Hyderabad,17.385,78.4867,2026-05-05 22:00:00,44.9,33.3,346.0,16.5,8.6,93.0,29.8,42,0.0,6.0
Hyderabad,17.385,78.4867,2026-05-05 23:00:00,40.3,31.3,348.0,10.4,7.1,98.0,28.8,45,0.0,2.0
Hyderabad,17.385,78.4867,2026-05-06 00:00:00,39.1,30.7,330.0,8.3,6.5,97.0,28.7,46,0.0,3.0
Hyderabad,17.385,78.4867,2026-05-06 01:00:00,38.3,29.9,302.0,7.9,6.2,95.0,28.2,49,0.0,8.0
Hyderabad,17.385,78.4867,2026-05-06 02:00:00,36.7,28.5,286.0,8.0,6.1,91.0,27.4,53,0.0,8.8
Hyderabad,17.385,78.4867,2026-05-06 03:00:00,34.6,27.0,291.0,8.8,6.0,83.0,26.5,58,0.0,7.7
Hyderabad,17.385,78.4867,2026-05-06 04:00:00,32.1,25.3,306.0,10.2,6.1,74.0,25.6,65,0.0,8.1
Hyderabad,17.385,78.4867,2026-05-06 05:00:00,30.2,25.8,322.0,9.0,9.1,77.0,25.5,84,0.0,14.2
Hyderabad,17.385,78.4867,2026-05-06 06:00:00,28.0,24.2,340.0,8.7,9.0,80.0,25.8,82,0.0,11.2
Hyderabad,17.385,78.4867,2026-05-06 07:00:00,28.2,23.7,358.0,8.3,8.9,84.0,26.4,78,0.0,10.2
Hyderabad,17.385,78.4867,2026-05-06 08:00:00,32.1,25.1,364.0,7.4,8.5,93.0,27.6,71,0.0,9.5
Hyderabad,17.385,78.4867,2026-05-06 09:00:00,36.7,26.5,349.0,5.7,7.7,110.0,29.8,59,0.0,6.5
Hyderabad,17.385,78.4867,2026-05-06 10:00:00,40.9,26.8,323.0,3.5,6.6,131.0,32.1,45,0.0,4.5
Hyderabad,17.385,78.4867,2026-05-06 11:00:00,43.9,25.5,299.0,2.0,5.9,146.0,32.2,43,0.0,2.5
Hyderabad,17.385,78.4867,2026-05-06 12:00:00,49.1,24.9,280.0,1.5,5.7,152.0,34.1,35,0.0,3.9
Hyderabad,17.385,78.4867,2026-05-06 13:00:00,53.8,25.4,263.0,1.6,5.9,152.0,35.3,30,0.0,6.6
Hyderabad,17.385,78.4867,2026-05-06 14:00:00,59.8,27.8,258.0,2.0,6.0,151.0,35.8,27,0.0,7.5
Hyderabad,17.385,78.4867,2026-05-06 15:00:00,56.1,27.1,274.0,2.5,5.9,151.0,35.6,27,0.0,7.9
Hyderabad,17.385,78.4867,2026-05-06 16:00:00,56.5,27.8,303.0,3.3,5.7,150.0,35.3,27,0.0,7.7
Hyderabad,17.385,78.4867,2026-05-06 17:00:00,43.2,20.5,325.0,4.5,5.9,156.0,34.8,26,0.0,9.0
Hyderabad,17.385,78.4867,2026-05-06 18:00:00,43.7,22.7,336.0,8.6,6.9,139.0,34.1,28,0.0,10.0
Hyderabad,17.385,78.4867,2026-05-06 19:00:00,46.6,28.7,341.0,14.1,8.3,116.0,33.4,30,0.0,9.9
Hyderabad,17.385,78.4867,2026-05-06 20:00:00,43.0,28.5,340.0,17.3,9.2,100.0,32.5,34,0.0,9.7
Hyderabad,17.385,78.4867,2026-05-06 21:00:00,38.4,26.4,334.0,15.9,9.1,99.0,31.4,37,0.0,10.5
Hyderabad,17.385,78.4867,2026-05-06 22:00:00,35.3,24.9,322.0,12.3,8.4,106.0,30.2,44,0.0,10.4
Hyderabad,17.385,78.4867,2026-05-06 23:00:00,31.5,23.1,306.0,9.2,7.5,108.0,29.4,50,0.0,8.6
Hyderabad,17.385,78.4867,2026-05-07 00:00:00,25.4,20.1,282.0,7.8,6.2,101.0,28.8,54,0.0,9.1
Hyderabad,17.385,78.4867,2026-05-07 01:00:00,20.6,17.2,254.0,7.0,4.6,90.0,28.1,58,0.0,8.6
Hyderabad,17.385,78.4867,2026-05-07 02:00:00,18.1,15.3,239.0,6.8,3.5,80.0,27.3,64,0.0,8.6
Hyderabad,17.385,78.4867,2026-05-07 03:00:00,17.1,14.1,243.0,7.6,3.2,71.0,26.6,69,0.0,7.1
Hyderabad,17.385,78.4867,2026-05-07 04:00:00,16.9,13.6,259.0,8.9,3.4,62.0,26.1,71,0.0,7.7
Hyderabad,17.385,78.4867,2026-05-07 05:00:00,18.1,14.7,281.0,11.2,4.2,55.0,25.7,75,0.0,6.5
Hyderabad,17.385,78.4867,2026-05-07 06:00:00,18.4,15.0,319.0,9.6,4.5,62.0,26.0,74,0.0,5.8
Hyderabad,17.385,78.4867,2026-05-07 07:00:00,17.9,13.3,364.0,7.5,4.8,73.0,26.8,71,0.0,6.2
Hyderabad,17.385,78.4867,2026-05-07 08:00:00,18.3,13.1,383.0,5.5,4.9,84.0,28.4,63,0.0,7.4
Hyderabad,17.385,78.4867,2026-05-07 09:00:00,19.0,13.2,352.0,4.0,4.4,97.0,30.3,54,0.0,8.4
Hyderabad,17.385,78.4867,2026-05-07 10:00:00,20.2,13.5,295.0,2.7,3.7,111.0,31.9,45,0.0,8.7
Hyderabad,17.385,78.4867,2026-05-07 11:00:00,22.1,13.9,254.0,1.8,3.2,122.0,32.9,40,0.0,7.9
Hyderabad,17.385,78.4867,2026-05-07 12:00:00,24.4,14.3,245.0,1.5,3.2,130.0,34.4,36,0.0,6.2
Hyderabad,17.385,78.4867,2026-05-07 13:00:00,27.6,15.4,251.0,1.6,3.4,135.0,35.2,32,0.0,6.1
Hyderabad,17.385,78.4867,2026-05-07 14:00:00,28.2,15.7,262.0,1.9,3.6,138.0,34.1,33,0.0,11.1
Hyderabad,17.385,78.4867,2026-05-07 15:00:00,28.4,16.0,276.0,2.3,3.8,141.0,33.3,34,0.1,4.1
Hyderabad,17.385,78.4867,2026-05-07 16:00:00,28.2,16.2,295.0,3.0,3.9,142.0,34.4,30,0.0,3.1
Hyderabad,17.385,78.4867,2026-05-07 17:00:00,21.9,13.2,308.0,4.3,3.4,135.0,33.4,32,0.0,9.9
Hyderabad,17.385,78.4867,2026-05-07 18:00:00,21.4,14.1,311.0,7.2,4.5,123.0,32.6,36,0.1,11.4
Hyderabad,17.385,78.4867,2026-05-07 19:00:00,22.6,16.8,308.0,11.1,5.9,107.0,32.2,37,0.0,8.0
Hyderabad,17.385,78.4867,2026-05-07 20:00:00,23.8,18.7,308.0,13.7,7.0,94.0,32.6,36,0.0,6.0
Hyderabad,17.385,78.4867,2026-05-07 21:00:00,22.8,18.5,316.0,13.9,7.3,87.0,31.8,38,0.0,7.7
Hyderabad,17.385,78.4867,2026-05-07 22:00:00,21.0,17.3,326.0,12.7,7.2,82.0,30.0,45,0.0,10.8
Hyderabad,17.385,78.4867,2026-05-07 23:00:00,19.3,15.8,326.0,11.6,7.0,78.0,28.2,53,0.0,9.3
Hyderabad,17.385,78.4867,2026-05-08 00:00:00,18.3,14.7,307.0,10.7,6.8,74.0,27.5,57,0.0,7.4
Hyderabad,17.385,78.4867,2026-05-08 01:00:00,17.8,14.2,278.0,9.9,6.5,71.0,26.9,59,0.0,8.9
Hyderabad,17.385,78.4867,2026-05-08 02:00:00,16.6,13.5,258.0,9.3,6.2,66.0,26.4,62,0.0,6.7
Hyderabad,17.385,78.4867,2026-05-08 03:00:00,14.5,12.2,252.0,9.4,5.8,56.0,26.2,64,0.0,2.9
Hyderabad,17.385,78.4867,2026-05-08 04:00:00,11.9,10.3,255.0,9.8,5.4,44.0,25.4,68,0.0,11.2
Hyderabad,17.385,78.4867,2026-05-08 05:00:00,11.2,10.0,269.0,10.9,8.0,39.0,26.2,73,0.0,9.3
Hyderabad,17.385,78.4867,2026-05-08 06:00:00,10.3,9.2,309.0,10.1,8.7,39.0,26.4,72,0.0,7.4
Hyderabad,17.385,78.4867,2026-05-08 07:00:00,9.7,8.5,360.0,9.0,9.6,39.0,27.0,67,0.0,6.8
Hyderabad,17.385,78.4867,2026-05-08 08:00:00,9.7,8.1,385.0,7.6,9.7,45.0,28.3,59,0.0,6.7
Hyderabad,17.385,78.4867,2026-05-08 09:00:00,9.7,7.7,357.0,5.7,8.3,62.0,29.8,51,0.0,6.0
Hyderabad,17.385,78.4867,2026-05-08 10:00:00,10.7,8.0,302.0,3.6,6.1,85.0,31.3,46,0.0,5.7
Hyderabad,17.385,78.4867,2026-05-08 11:00:00,13.1,9.2,261.0,2.1,4.4,104.0,33.3,42,0.0,6.6
Hyderabad,17.385,78.4867,2026-05-08 12:00:00,16.8,11.3,248.0,1.6,3.9,117.0,34.0,39,0.0,8.0
Hyderabad,17.385,78.4867,2026-05-08 13:00:00,18.5,12.4,249.0,1.7,3.9,127.0,34.8,34,0.0,9.9
Hyderabad,17.385,78.4867,2026-05-08 14:00:00,18.3,12.9,256.0,2.0,4.0,133.0,34.6,34,0.0,10.1
Hyderabad,17.385,78.4867,2026-05-08 15:00:00,18.3,13.3,269.0,2.4,3.9,136.0,33.9,35,0.0,11.2
Hyderabad,17.385,78.4867,2026-05-08 16:00:00,18.2,13.5,289.0,3.1,3.9,135.0,33.5,36,0.0,9.7
Hyderabad,17.385,78.4867,2026-05-08 17:00:00,20.0,15.0,312.0,4.2,4.2,133.0,33.6,34,0.0,12.6
Hyderabad,17.385,78.4867,2026-05-08 18:00:00,18.7,14.8,346.0,6.3,5.0,123.0,32.7,36,0.0,13.1
Hyderabad,17.385,78.4867,2026-05-08 19:00:00,18.5,15.6,382.0,9.3,6.2,110.0,32.2,37,0.0,11.2
Hyderabad,17.385,78.4867,2026-05-08 20:00:00,18.7,16.3,399.0,11.3,7.0,98.0,31.4,40,0.0,11.1
Hyderabad,17.385,78.4867,2026-05-08 21:00:00,18.4,16.2,378.0,11.6,7.2,91.0,30.3,44,0.0,11.2
Hyderabad,17.385,78.4867,2026-05-08 22:00:00,17.9,15.9,336.0,11.1,7.2,87.0,28.4,55,0.0,10.3
Hyderabad,17.385,78.4867,2026-05-08 23:00:00,16.4,14.6,302.0,10.5,7.0,81.0,27.6,61,0.0,9.5
Hyderabad,17.385,78.4867,2026-05-09 00:00:00,14.3,12.9,286.0,10.1,6.7,72.0,27.2,64,0.0,9.0
Hyderabad,17.385,78.4867,2026-05-09 01:00:00,12.6,11.5,277.0,9.7,6.3,61.0,26.6,69,0.0,7.0
Hyderabad,17.385,78.4867,2026-05-09 02:00:00,11.2,10.3,276.0,9.8,6.0,51.0,26.1,73,0.0,5.0
Hyderabad,17.385,78.4867,2026-05-09 03:00:00,10.4,9.5,283.0,11.1,6.0,42.0,25.7,76,0.0,4.5
Hyderabad,17.385,78.4867,2026-05-09 04:00:00,10.6,9.5,297.0,12.9,6.1,33.0,25.3,78,0.0,5.4
Hyderabad,17.385,78.4867,2026-05-09 05:00:00,10.3,9.1,312.0,13.2,5.9,31.0,24.7,84,0.0,6.1
Hyderabad,17.385,78.4867,2026-05-09 06:00:00,11.6,10.1,330.0,11.2,6.2,37.0,25.1,82,0.0,6.2
Hyderabad,17.385,78.4867,2026-05-09 07:00:00,11.0,8.8,349.0,8.5,6.5,47.0,26.2,75,0.0,7.3
Hyderabad,17.385,78.4867,2026-05-09 08:00:00,11.2,8.4,354.0,6.1,6.5,61.0,28.2,63,0.0,7.5
Hyderabad,17.385,78.4867,2026-05-09 09:00:00,10.1,7.5,332.0,4.4,5.9,83.0,30.3,52,0.0,5.9
Hyderabad,17.385,78.4867,2026-05-09 10:00:00,10.7,8.2,295.0,3.0,5.0,110.0,32.3,43,0.0,4.5
Hyderabad,17.385,78.4867,2026-05-09 11:00:00,13.0,9.8,267.0,2.0,4.3,132.0,33.4,42,0.0,5.1
Hyderabad,17.385,78.4867,2026-05-09 12:00:00,14.9,11.0,256.0,1.6,4.1,144.0,33.8,40,0.0,8.3
Hyderabad,17.385,78.4867,2026-05-09 13:00:00,16.1,11.7,253.0,1.7,4.1,151.0,33.9,37,0.0,8.0
Hyderabad,17.385,78.4867,2026-05-09 14:00:00,17.1,12.0,258.0,2.0,4.1,154.0,34.3,34,0.0,7.2
Hyderabad,17.385,78.4867,2026-05-09 15:00:00,18.0,12.1,274.0,2.2,3.9,155.0,34.5,30,0.0,8.6
Hyderabad,17.385,78.4867,2026-05-09 16:00:00,18.7,12.3,298.0,2.6,3.8,154.0,34.7,28,0.0,7.8
Hyderabad,17.385,78.4867,2026-05-09 17:00:00,33.4,21.4,319.0,4.4,4.0,151.0,34.3,27,0.0,10.3
Hyderabad,17.385,78.4867,2026-05-09 18:00:00,32.7,22.5,331.0,9.7,5.5,133.0,33.5,32,0.0,9.8
Hyderabad,17.385,78.4867,2026-05-09 19:00:00,36.3,27.4,339.0,16.9,7.5,108.0,32.8,35,0.0,8.7
Hyderabad,17.385,78.4867,2026-05-09 20:00:00,37.8,29.4,349.0,21.6,8.9,90.0,31.9,38,0.0,9.3
Hyderabad,17.385,78.4867,2026-05-09 21:00:00,37.1,28.9,370.0,21.7,9.3,85.0,30.8,42,0.0,8.9
Hyderabad,17.385,78.4867,2026-05-09 22:00:00,35.9,27.6,392.0,19.3,9.1,86.0,30.0,43,0.0,7.3
Hyderabad,17.385,78.4867,2026-05-09 23:00:00,33.2,25.7,389.0,16.7,8.5,85.0,29.4,45,0.0,6.1
Hyderabad,17.385,78.4867,2026-05-10 00:00:00,27.7,22.3,335.0,14.4,7.5,77.0,29.0,46,0.0,9.4
Hyderabad,17.385,78.4867,2026-05-10 01:00:00,21.1,17.8,256.0,12.0,6.1,65.0,27.5,58,0.0,8.7
Hyderabad,17.385,78.4867,2026-05-10 02:00:00,15.7,13.8,203.0,10.4,5.0,55.0,26.6,70,0.0,9.8
Hyderabad,17.385,78.4867,2026-05-10 03:00:00,13.1,11.5,198.0,10.6,4.3,45.0,25.9,76,0.0,8.3
Hyderabad,17.385,78.4867,2026-05-10 04:00:00,11.8,10.3,219.0,11.6,3.9,36.0,25.4,79,0.0,7.8
Hyderabad,17.385,78.4867,2026-05-10 05:00:00,9.8,7.8,248.0,10.6,4.0,32.0,24.7,82,0.0,8.1
Hyderabad,17.385,78.4867,2026-05-10 06:00:00,9.9,7.5,291.0,9.2,4.2,38.0,25.0,81,0.0,9.2
Hyderabad,17.385,78.4867,2026-05-10 07:00:00,11.1,8.2,342.0,7.3,4.5,47.0,25.9,78,0.0,7.5
Hyderabad,17.385,78.4867,2026-05-10 08:00:00,13.3,9.4,373.0,5.5,4.7,60.0,27.1,71,0.0,4.7
Hyderabad,17.385,78.4867,2026-05-10 09:00:00,16.5,10.9,365.0,4.1,4.7,82.0,29.7,58,0.0,5.0
Hyderabad,17.385,78.4867,2026-05-10 10:00:00,20.7,13.2,336.0,2.9,4.7,108.0,32.2,45,0.0,4.3
Hyderabad,17.385,78.4867,2026-05-10 11:00:00,26.5,15.7,311.0,2.1,4.7,130.0,32.7,44,0.0,2.2
Hyderabad,17.385,78.4867,2026-05-10 12:00:00,35.2,17.9,296.0,1.8,5.0,143.0,34.6,37,0.0,1.4
Hyderabad,17.385,78.4867,2026-05-10 13:00:00,46.6,20.3,284.0,1.9,5.4,150.0,35.8,32,0.0,2.9
Hyderabad,17.385,78.4867,2026-05-10 14:00:00,50.8,21.1,279.0,2.2,5.7,155.0,36.3,27,0.1,7.2
Hyderabad,17.385,78.4867,2026-05-10 15:00:00,51.8,21.5,284.0,2.5,5.6,158.0,36.0,26,0.1,8.0
Hyderabad,17.385,78.4867,2026-05-10 16:00:00,52.3,21.8,296.0,3.1,5.5,157.0,35.7,27,0.0,10.7
Hyderabad,17.385,78.4867,2026-05-10 17:00:00,52.7,22.2,307.0,4.6,5.6,151.0,35.4,26,0.0,11.3
Hyderabad,17.385,78.4867,2026-05-10 18:00:00,51.1,24.2,318.0,8.2,6.5,135.0,35.0,26,0.0,10.3
Hyderabad,17.385,78.4867,2026-05-10 19:00:00,49.8,27.6,329.0,12.7,7.7,113.0,34.6,27,0.0,9.5
Hyderabad,17.385,78.4867,2026-05-10 20:00:00,44.2,26.7,331.0,15.2,8.3,97.0,33.1,33,0.0,12.1
Hyderabad,17.385,78.4867,2026-05-10 21:00:00,38.6,25.4,319.0,13.8,8.0,92.0,31.4,38,0.0,11.6
Hyderabad,17.385,78.4867,2026-05-10 22:00:00,32.8,23.8,297.0,10.4,7.1,92.0,30.4,41,0.0,11.8
Hyderabad,17.385,78.4867,2026-05-10 23:00:00,24.1,18.9,271.0,7.6,6.1,89.0,28.9,55,0.0,12.3
Hyderabad,17.385,78.4867,2026-05-11 00:00:00,15.8,13.0,236.0,6.5,4.9,78.0,27.7,67,0.0,11.1
Hyderabad,17.385,78.4867,2026-05-11 01:00:00,11.1,9.0,196.0,6.0,3.6,64.0,26.9,72,0.0,9.1
Hyderabad,17.385,78.4867,2026-05-11 02:00:00,8.6,6.7,174.0,6.0,2.7,52.0,26.3,72,0.0,8.7
Hyderabad,17.385,78.4867,2026-05-11 03:00:00,7.7,5.8,181.0,6.8,2.6,44.0,25.8,72,0.0,7.4
Hyderabad,17.385,78.4867,2026-05-11 04:00:00,7.6,5.6,206.0,8.0,2.9,38.0,25.5,73,0.0,6.6
Hyderabad,17.385,78.4867,2026-05-11 05:00:00,11.7,9.3,236.0,10.0,3.6,31.0,25.1,76,0.0,7.5
Hyderabad,17.385,78.4867,2026-05-11 06:00:00,12.7,9.3,277.0,8.6,3.7,38.0,25.2,79,0.0,7.4
Hyderabad,17.385,78.4867,2026-05-11 07:00:00,14.1,9.7,324.0,6.6,3.8,48.0,26.2,76,0.0,7.9
Hyderabad,17.385,78.4867,2026-05-11 08:00:00,17.0,10.3,349.0,4.8,3.9,61.0,28.1,65,0.0,6.3
Hyderabad,17.385,78.4867,2026-05-11 09:00:00,20.5,11.5,332.0,3.5,3.9,80.0,30.1,55,0.0,7.9
Hyderabad,17.385,78.4867,2026-05-11 10:00:00,24.9,13.2,293.0,2.5,3.9,102.0,32.0,46,0.0,6.8
Hyderabad,17.385,78.4867,2026-05-11 11:00:00,31.2,15.4,268.0,1.8,4.0,120.0,32.7,43,0.0,4.0
Hyderabad,17.385,78.4867,2026-05-11 12:00:00,36.7,17.1,275.0,1.6,4.2,131.0,34.1,38,0.0,2.4
Hyderabad,17.385,78.4867,2026-05-11 13:00:00,38.9,17.9,295.0,1.7,4.5,139.0,35.3,33,0.0,1.5
Hyderabad,17.385,78.4867,2026-05-11 14:00:00,41.1,18.8,311.0,2.1,4.8,145.0,36.5,28,0.0,1.9
Hyderabad,17.385,78.4867,2026-05-11 15:00:00,43.2,19.8,313.0,2.5,5.0,152.0,36.7,25,0.0,3.7
Hyderabad,17.385,78.4867,2026-05-11 16:00:00,44.1,20.7,311.0,3.1,5.3,156.0,36.5,25,0.0,9.4
Hyderabad,17.385,78.4867,2026-05-11 17:00:00,28.9,14.2,315.0,4.5,5.6,157.0,35.7,27,0.0,13.5
Hyderabad,17.385,78.4867,2026-05-11 18:00:00,29.0,16.5,331.0,7.6,6.4,141.0,35.0,29,0.0,10.4
Hyderabad,17.385,78.4867,2026-05-11 19:00:00,30.2,20.3,353.0,11.8,7.4,120.0,34.4,30,0.0,9.4
Hyderabad,17.385,78.4867,2026-05-11 20:00:00,28.2,20.1,372.0,14.5,8.1,105.0,33.2,33,0.0,9.8
Hyderabad,17.385,78.4867,2026-05-11 21:00:00,27.3,19.9,395.0,14.2,8.1,103.0,32.2,36,0.0,9.2
Hyderabad,17.385,78.4867,2026-05-11 22:00:00,28.1,20.4,415.0,12.4,7.8,108.0,31.1,40,0.0,8.7
Hyderabad,17.385,78.4867,2026-05-11 23:00:00,29.3,21.2,408.0,10.8,7.3,108.0,30.3,43,0.0,8.8
Hyderabad,17.385,78.4867,2026-05-12 00:00:00,28.2,21.0,346.0,9.8,6.7,98.0,29.4,48,0.0,10.0
Hyderabad,17.385,78.4867,2026-05-12 01:00:00,23.1,18.0,256.0,9.0,6.0,83.0,28.3,58,0.0,8.5
Hyderabad,17.385,78.4867,2026-05-12 02:00:00,18.2,14.6,200.0,8.8,5.4,70.0,27.5,64,0.0,6.0
Hyderabad,17.385,78.4867,2026-05-12 03:00:00,15.5,12.3,207.0,10.0,5.0,59.0,27.1,67,0.0,5.0
Hyderabad,17.385,78.4867,2026-05-12 04:00:00,14.9,11.2,247.0,11.8,4.7,50.0,26.7,70,0.0,4.9
Hyderabad,17.385,78.4867,2026-05-12 05:00:00,17.0,12.9,292.0,15.3,4.7,42.0,26.2,74,0.0,4.0
Hyderabad,17.385,78.4867,2026-05-12 06:00:00,18.3,14.4,344.0,13.1,4.9,49.0,26.5,73,0.0,4.1
Hyderabad,17.385,78.4867,2026-05-12 07:00:00,16.5,11.4,400.0,10.0,5.1,60.0,27.6,67,0.0,5.1
Hyderabad,17.385,78.4867,2026-05-12 08:00:00,17.6,10.9,431.0,7.2,5.3,74.0,29.4,58,0.0,6.4
Hyderabad,17.385,78.4867,2026-05-12 09:00:00,20.2,12.0,415.0,5.1,5.3,95.0,31.5,48,0.0,4.6
Hyderabad,17.385,78.4867,2026-05-12 10:00:00,22.8,13.2,372.0,3.3,5.2,120.0,33.6,39,0.0,4.0
Hyderabad,17.385,78.4867,2026-05-12 11:00:00,33.2,16.3,334.0,2.1,5.1,139.0,34.6,37,0.0,3.8
Hyderabad,17.385,78.4867,2026-05-12 12:00:00,36.2,16.8,307.0,1.6,5.0,149.0,35.8,31,0.0,1.3
Hyderabad,17.385,78.4867,2026-05-12 13:00:00,40.5,18.2,285.0,1.7,4.9,154.0,36.6,28,0.2,3.8
Hyderabad,17.385,78.4867,2026-05-12 14:00:00,43.7,19.4,275.0,2.1,4.9,157.0,35.8,30,0.7,9.1
Hyderabad,17.385,78.4867,2026-05-12 15:00:00,45.5,20.2,288.0,2.2,4.9,161.0,34.6,35,0.6,9.5
Hyderabad,17.385,78.4867,2026-05-12 16:00:00,47.8,21.1,314.0,2.6,5.0,162.0,34.3,37,0.1,8.3
Hyderabad,17.385,78.4867,2026-05-12 17:00:00,49.1,21.8,332.0,4.5,5.5,157.0,34.8,34,0.3,10.3
Hyderabad,17.385,78.4867,2026-05-12 18:00:00,46.4,23.5,331.0,9.8,6.8,139.0,33.5,39,0.1,11.0
Hyderabad,17.385,78.4867,2026-05-12 19:00:00,48.3,28.6,324.0,16.6,8.6,114.0,33.0,40,0.0,10.8
Hyderabad,17.385,78.4867,2026-05-12 20:00:00,48.5,31.1,323.0,20.7,9.7,95.0,32.0,44,0.0,10.3
Hyderabad,17.385,78.4867,2026-05-12 21:00:00,46.4,30.9,346.0,19.7,9.7,91.0,31.2,47,0.0,8.4
Hyderabad,17.385,78.4867,2026-05-12 22:00:00,41.8,29.2,376.0,15.9,9.1,94.0,30.5,49,0.0,7.3
Hyderabad,17.385,78.4867,2026-05-12 23:00:00,34.1,25.6,380.0,12.6,8.2,93.0,30.1,51,0.0,9.3
Hyderabad,17.385,78.4867,2026-05-13 00:00:00,25.3,20.1,330.0,10.6,6.9,84.0,29.2,55,0.0,10.6
Hyderabad,17.385,78.4867,2026-05-13 01:00:00,19.1,15.6,254.0,9.1,5.3,71.0,28.2,63,0.0,9.9
Hyderabad,17.385,78.4867,2026-05-13 02:00:00,15.5,12.5,202.0,8.2,4.1,60.0,27.5,68,0.0,8.5
Hyderabad,17.385,78.4867,2026-05-13 03:00:00,14.1,10.7,192.0,8.5,3.7,53.0,27.1,71,0.0,6.4
Hyderabad,17.385,78.4867,2026-05-13 04:00:00,13.9,9.9,207.0,9.4,3.7,48.0,26.9,72,0.0,4.3
Hyderabad,17.385,78.4867,2026-05-13 05:00:00,14.4,10.2,245.0,11.8,4.2,41.0,26.5,73,0.0,5.9
Hyderabad,17.385,78.4867,2026-05-13 06:00:00,15.5,11.0,330.0,10.6,4.5,50.0,26.6,73,0.0,5.3
Hyderabad,17.385,78.4867,2026-05-13 07:00:00,17.8,11.6,439.0,8.8,4.9,62.0,27.7,68,0.0,4.7
Hyderabad,17.385,78.4867,2026-05-13 08:00:00,22.0,13.6,501.0,7.0,5.1,77.0,29.6,59,0.0,4.4
Hyderabad,17.385,78.4867,2026-05-13 09:00:00,25.0,15.4,470.0,5.1,5.0,95.0,31.8,49,0.0,5.3
Hyderabad,17.385,78.4867,2026-05-13 10:00:00,26.5,16.1,392.0,3.2,4.7,115.0,33.8,41,0.0,6.5
Hyderabad,17.385,78.4867,2026-05-13 11:00:00,28.6,16.8,332.0,1.9,4.5,131.0,34.8,37,0.0,7.1
Hyderabad,17.385,78.4867,2026-05-13 12:00:00,32.4,18.1,318.0,1.5,4.6,140.0,35.8,35,0.2,6.0
Hyderabad,17.385,78.4867,2026-05-13 13:00:00,36.8,19.6,322.0,1.6,4.8,145.0,36.6,32,0.1,3.2
Hyderabad,17.385,78.4867,2026-05-13 14:00:00,40.5,21.0,327.0,2.1,5.1,149.0,36.8,30,0.1,3.1
Hyderabad,17.385,78.4867,2026-05-13 15:00:00,43.0,22.1,326.0,2.2,5.3,155.0,36.9,29,0.1,1.0
Hyderabad,17.385,78.4867,2026-05-13 16:00:00,44.0,22.8,325.0,2.7,5.6,161.0,36.6,29,0.1,3.1
Hyderabad,17.385,78.4867,2026-05-13 17:00:00,40.6,21.2,330.0,5.1,5.9,154.0,36.4,28,0.0,8.9
Hyderabad,17.385,78.4867,2026-05-13 18:00:00,37.5,22.5,343.0,9.1,6.3,136.0,34.6,35,0.8,10.0
Hyderabad,17.385,78.4867,2026-05-13 19:00:00,36.6,24.2,362.0,14.5,6.9,110.0,34.4,35,0.1,8.9
Hyderabad,17.385,78.4867,2026-05-13 20:00:00,33.5,24.2,380.0,18.4,7.4,91.0,33.5,39,0.0,7.4
Hyderabad,17.385,78.4867,2026-05-13 21:00:00,30.2,22.7,404.0,19.1,7.5,84.0,32.6,43,0.0,7.1
Hyderabad,17.385,78.4867,2026-05-13 22:00:00,27.6,21.6,427.0,18.2,7.5,82.0,31.8,45,0.0,7.6
Hyderabad,17.385,78.4867,2026-05-13 23:00:00,26.2,20.5,431.0,17.3,7.5,81.0,31.3,45,0.0,7.4
Hyderabad,17.385,78.4867,2026-05-14 00:00:00,26.1,20.1,395.0,16.6,7.6,79.0,30.5,47,0.0,7.3
Hyderabad,17.385,78.4867,2026-05-14 01:00:00,27.4,20.8,338.0,15.8,7.7,77.0,29.9,48,0.0,6.5
Hyderabad,17.385,78.4867,2026-05-14 02:00:00,28.5,21.6,301.0,16.2,7.9,73.0,29.4,50,0.0,4.6
Hyderabad,17.385,78.4867,2026-05-14 03:00:00,29.6,22.5,294.0,19.3,8.2,64.0,29.1,52,0.0,3.1
Hyderabad,17.385,78.4867,2026-05-14 04:00:00,30.9,24.0,306.0,23.6,8.5,52.0,28.9,52,0.0,5.4
Hyderabad,17.385,78.4867,2026-05-14 05:00:00,41.4,33.9,342.0,40.6,11.3,37.0,28.6,59,0.0,1.9
Hyderabad,17.385,78.4867,2026-05-14 06:00:00,45.2,37.6,429.0,34.1,12.0,52.0,28.5,59,0.0,1.6
Hyderabad,17.385,78.4867,2026-05-14 07:00:00,42.6,32.8,539.0,24.9,12.9,74.0,29.4,56,0.0,2.2
Hyderabad,17.385,78.4867,2026-05-14 08:00:00,48.1,32.8,595.0,16.9,13.2,97.0,31.2,50,0.0,3.5
Hyderabad,17.385,78.4867,2026-05-14 09:00:00,54.7,34.6,546.0,11.1,12.6,123.0,33.4,40,0.0,3.8
Hyderabad,17.385,78.4867,2026-05-14 10:00:00,57.0,34.3,444.0,6.5,11.4,150.0,35.5,34,0.0,5.4
Hyderabad,17.385,78.4867,2026-05-14 11:00:00,61.7,35.6,363.0,3.3,10.3,169.0,35.8,33,0.0,1.1
Hyderabad,17.385,78.4867,2026-05-14 12:00:00,66.8,37.1,333.0,1.9,9.2,175.0,36.1,32,0.0,2.9
Hyderabad,17.385,78.4867,2026-05-14 13:00:00,73.8,38.8,325.0,2.0,8.2,173.0,36.5,32,0.0,4.3
Hyderabad,17.385,78.4867,2026-05-14 14:00:00,76.1,39.3,326.0,2.5,7.4,171.0,36.9,32,0.0,3.2
Hyderabad,17.385,78.4867,2026-05-14 15:00:00,75.4,39.3,330.0,2.4,7.1,174.0,36.3,34,0.0,4.9
Hyderabad,17.385,78.4867,2026-05-14 16:00:00,75.9,39.8,343.0,2.7,7.0,177.0,35.2,36,0.1,5.5
Hyderabad,17.385,78.4867,2026-05-14 17:00:00,78.9,46.4,366.0,6.7,8.5,171.0,35.8,35,0.0,6.6
Hyderabad,17.385,78.4867,2026-05-14 18:00:00,70.1,46.0,410.0,8.8,8.6,155.0,34.4,40,0.2,4.9
Hyderabad,17.385,78.4867,2026-05-14 19:00:00,65.2,45.4,464.0,11.7,8.8,132.0,34.1,41,0.0,9.3
Hyderabad,17.385,78.4867,2026-05-14 20:00:00,58.7,42.7,494.0,13.4,8.8,113.0,33.3,43,0.0,10.5
Hyderabad,17.385,78.4867,2026-05-14 21:00:00,55.5,40.5,481.0,12.9,8.5,102.0,32.5,46,0.0,8.2
Hyderabad,17.385,78.4867,2026-05-14 22:00:00,53.1,39.2,444.0,11.2,8.0,96.0,32.1,46,0.0,7.0
Hyderabad,17.385,78.4867,2026-05-14 23:00:00,50.4,37.7,402.0,10.1,7.5,89.0,31.8,48,0.0,10.3
Hyderabad,17.385,78.4867,2026-05-15 00:00:00,47.5,36.0,353.0,10.1,7.0,80.0,30.6,55,0.0,9.5
Hyderabad,17.385,78.4867,2026-05-15 01:00:00,44.9,34.5,298.0,10.6,6.6,72.0,29.8,62,0.0,8.7
Hyderabad,17.385,78.4867,2026-05-15 02:00:00,43.7,33.3,264.0,11.3,6.4,65.0,29.3,67,0.0,6.3
Hyderabad,17.385,78.4867,2026-05-15 03:00:00,43.9,33.2,259.0,12.4,6.6,59.0,29.0,68,0.0,5.7
Hyderabad,17.385,78.4867,2026-05-15 04:00:00,45.2,33.6,275.0,13.6,7.1,54.0,28.7,63,0.1,8.2
Hyderabad,17.385,78.4867,2026-05-15 05:00:00,49.1,39.1,312.0,10.4,11.5,95.0,27.8,65,0.0,6.4
Hyderabad,17.385,78.4867,2026-05-15 06:00:00,51.7,40.4,396.0,11.2,11.8,101.0,27.5,66,0.1,2.7
Hyderabad,17.385,78.4867,2026-05-15 07:00:00,56.7,42.6,501.0,12.2,12.2,109.0,28.8,60,0.0,3.5
Hyderabad,17.385,78.4867,2026-05-15 08:00:00,63.3,45.6,556.0,11.9,11.9,120.0,30.3,55,0.0,3.0
Hyderabad,17.385,78.4867,2026-05-15 09:00:00,73.1,48.5,513.0,9.2,10.5,136.0,32.3,47,0.0,5.0
Hyderabad,17.385,78.4867,2026-05-15 10:00:00,84.1,51.3,418.0,5.3,8.4,153.0,34.3,40,0.0,7.3
Hyderabad,17.385,78.4867,2026-05-15 11:00:00,85.2,50.3,341.0,2.4,6.8,165.0,34.4,40,0.0,6.1
Hyderabad,17.385,78.4867,2026-05-15 12:00:00,82.0,47.5,306.0,1.6,6.0,166.0,36.4,34,0.0,5.4
Hyderabad,17.385,78.4867,2026-05-15 13:00:00,79.6,45.3,288.0,1.8,5.6,161.0,36.8,30,0.0,7.6
Hyderabad,17.385,78.4867,2026-05-15 14:00:00,78.5,43.9,283.0,2.4,5.4,156.0,37.4,27,0.0,8.4
Hyderabad,17.385,78.4867,2026-05-15 15:00:00,76.8,42.7,293.0,2.2,5.2,155.0,37.4,27,0.0,8.1
Hyderabad,17.385,78.4867,2026-05-15 16:00:00,76.1,42.4,317.0,2.4,5.2,153.0,37.1,27,0.0,7.0
Hyderabad,17.385,78.4867,2026-05-15 17:00:00,100.8,58.4,342.0,6.1,6.3,152.0,37.4,25,0.0,8.5
Hyderabad,17.385,78.4867,2026-05-15 18:00:00,97.3,62.4,358.0,19.6,8.4,126.0,36.5,26,0.0,9.8
Hyderabad,17.385,78.4867,2026-05-15 19:00:00,104.8,69.8,376.0,38.1,11.5,91.0,35.9,28,0.0,8.9
Hyderabad,17.385,78.4867,2026-05-15 20:00:00,114.3,77.8,417.0,52.4,14.2,64.0,35.2,30,0.0,8.5
Hyderabad,17.385,78.4867,2026-05-15 21:00:00,122.9,85.4,519.0,59.2,16.7,52.0,34.8,31,0.0,6.9
Hyderabad,17.385,78.4867,2026-05-15 22:00:00,131.8,93.4,644.0,61.7,19.0,49.0,33.9,33,0.0,3.8
Hyderabad,17.385,78.4867,2026-05-15 23:00:00,131.3,93.1,703.0,59.6,19.5,49.0,34.0,33,0.0,7.8
Hyderabad,17.385,78.4867,2026-05-16 00:00:00,123.9,88.5,635.0,50.7,17.0,53.0,32.9,38,0.0,7.3
Hyderabad,17.385,78.4867,2026-05-16 01:00:00,108.7,78.2,501.0,37.3,12.9,60.0,32.2,42,0.0,8.3
Hyderabad,17.385,78.4867,2026-05-16 02:00:00,89.6,66.8,388.0,26.1,9.5,65.0,31.1,47,0.0,5.8
Hyderabad,17.385,78.4867,2026-05-16 03:00:00,73.3,56.0,322.0,19.6,7.9,64.0,30.3,51,0.0,5.5
Hyderabad,17.385,78.4867,2026-05-16 04:00:00,60.3,45.9,279.0,15.2,7.0,61.0,29.7,56,0.0,4.2
Hyderabad,17.385,78.4867,2026-05-16 05:00:00,83.4,57.9,271.0,21.5,7.1,58.0,29.4,63,0.0,3.0
Hyderabad,17.385,78.4867,2026-05-16 06:00:00,84.5,59.6,325.0,18.4,7.3,75.0,29.6,62,0.0,2.2
Hyderabad,17.385,78.4867,2026-05-16 07:00:00,85.0,57.7,414.0,14.0,7.7,99.0,30.6,59,0.0,4.1
Hyderabad,17.385,78.4867,2026-05-16 08:00:00,85.7,53.9,474.0,10.1,7.8,120.0,32.2,52,0.0,4.0
Hyderabad,17.385,78.4867,2026-05-16 09:00:00,77.3,48.1,476.0,7.0,7.6,137.0,34.0,43,0.0,3.8
Hyderabad,17.385,78.4867,2026-05-16 10:00:00,70.5,43.8,448.0,4.3,7.2,151.0,35.5,37,0.0,2.5
Hyderabad,17.385,78.4867,2026-05-16 11:00:00,67.3,41.7,414.0,2.4,6.9,162.0,36.8,35,0.0,4.9
Hyderabad,17.385,78.4867,2026-05-16 12:00:00,65.4,40.6,371.0,1.7,6.8,168.0,37.7,32,0.0,3.2
Hyderabad,17.385,78.4867,2026-05-16 13:00:00,64.7,40.2,322.0,1.8,6.7,171.0,33.8,41,0.0,14.1
Hyderabad,17.385,78.4867,2026-05-16 14:00:00,64.5,39.7,296.0,2.3,6.7,171.0,33.5,46,0.9,2.0
Hyderabad,17.385,78.4867,2026-05-16 15:00:00,64.3,39.3,312.0,2.8,6.6,170.0,34.6,41,0.0,5.0
Hyderabad,17.385,78.4867,2026-05-16 16:00:00,64.3,39.1,351.0,3.7,6.5,167.0,34.9,39,0.1,3.4
Hyderabad,17.385,78.4867,2026-05-16 17:00:00,59.3,35.7,390.0,5.4,6.5,152.0,36.4,30,0.0,9.0
Hyderabad,17.385,78.4867,2026-05-16 18:00:00,53.8,36.7,424.0,9.1,6.7,132.0,34.9,34,0.0,12.7
Hyderabad,17.385,78.4867,2026-05-16 19:00:00,53.9,37.7,457.0,14.1,7.0,105.0,34.0,38,0.0,11.6
Hyderabad,17.385,78.4867,2026-05-16 20:00:00,54.0,38.3,475.0,17.3,7.0,84.0,32.9,42,0.0,11.7
Hyderabad,17.385,78.4867,2026-05-16 21:00:00,52.9,37.6,475.0,16.9,6.5,76.0,32.4,44,0.0,9.2
Hyderabad,17.385,78.4867,2026-05-16 22:00:00,46.1,32.5,460.0,14.6,5.7,75.0,31.9,44,0.0,9.0
Hyderabad,17.385,78.4867,2026-05-16 23:00:00,36.9,26.4,431.0,12.7,5.0,73.0,30.7,51,0.0,8.2
Hyderabad,17.385,78.4867,2026-05-17 00:00:00,30.0,21.4,377.0,11.8,4.5,67.0,30.0,54,0.0,9.0
Hyderabad,17.385,78.4867,2026-05-17 01:00:00,25.1,17.8,307.0,11.3,4.0,59.0,29.4,57,0.0,8.8
Hyderabad,17.385,78.4867,2026-05-17 02:00:00,20.8,14.6,252.0,11.3,3.7,52.0,28.9,61,0.0,8.3
Hyderabad,17.385,78.4867,2026-05-17 03:00:00,18.1,12.6,219.0,12.3,3.6,44.0,28.4,65,0.0,7.5
Hyderabad,17.385,78.4867,2026-05-17 04:00:00,16.6,11.6,201.0,13.9,3.7,36.0,28.0,68,0.0,3.3
Hyderabad,17.385,78.4867,2026-05-17 05:00:00,17.3,11.8,203.0,16.3,4.1,32.0,27.6,65,0.0,3.6
Hyderabad,17.385,78.4867,2026-05-17 06:00:00,20.6,14.8,239.0,13.4,4.3,41.0,27.8,64,0.0,3.0
Hyderabad,17.385,78.4867,2026-05-17 07:00:00,19.7,11.4,296.0,9.4,4.6,54.0,28.9,59,0.0,2.7
Hyderabad,17.385,78.4867,2026-05-17 08:00:00,25.1,12.0,334.0,6.0,4.9,69.0,30.8,50,0.0,2.3
Hyderabad,17.385,78.4867,2026-05-17 09:00:00,33.5,15.0,335.0,4.0,5.0,88.0,33.0,41,0.0,2.0
Hyderabad,17.385,78.4867,2026-05-17 10:00:00,37.8,17.2,319.0,2.6,5.1,108.0,34.7,36,0.0,2.0
Hyderabad,17.385,78.4867,2026-05-17 11:00:00,39.3,18.4,299.0,1.7,5.1,125.0,35.3,35,0.0,5.1
Hyderabad,17.385,78.4867,2026-05-17 12:00:00,40.4,19.7,278.0,1.3,5.1,135.0,36.0,34,0.0,6.1
Hyderabad,17.385,78.4867,2026-05-17 13:00:00,41.1,20.9,255.0,1.4,5.1,140.0,36.6,34,0.0,6.8
Hyderabad,17.385,78.4867,2026-05-17 14:00:00,41.7,21.7,241.0,1.7,5.2,143.0,36.2,35,0.0,7.6
Hyderabad,17.385,78.4867,2026-05-17 15:00:00,40.4,21.7,246.0,1.9,5.3,146.0,34.6,41,0.3,8.8
Hyderabad,17.385,78.4867,2026-05-17 16:00:00,40.2,22.2,261.0,2.2,5.5,147.0,34.5,41,0.1,7.1
Hyderabad,17.385,78.4867,2026-05-17 17:00:00,25.7,16.6,273.0,3.4,4.6,130.0,35.0,38,0.0,11.2
Hyderabad,17.385,78.4867,2026-05-17 18:00:00,23.3,16.8,273.0,5.5,5.0,119.0,34.0,41,0.0,12.1
Hyderabad,17.385,78.4867,2026-05-17 19:00:00,22.1,17.1,269.0,8.3,5.5,104.0,33.3,43,0.0,10.7
Hyderabad,17.385,78.4867,2026-05-17 20:00:00,19.8,16.3,274.0,10.4,6.0,92.0,32.8,44,0.0,10.5
Hyderabad,17.385,78.4867,2026-05-17 21:00:00,17.9,15.3,299.0,11.0,6.3,89.0,32.1,46,0.0,9.9
Hyderabad,17.385,78.4867,2026-05-17 22:00:00,17.3,15.1,331.0,10.9,6.5,89.0,31.4,49,0.0,7.8
Hyderabad,17.385,78.4867,2026-05-17 23:00:00,17.4,15.1,347.0,10.5,6.5,88.0,30.7,52,0.0,9.8
Hyderabad,17.385,78.4867,2026-05-18 00:00:00,17.1,14.9,331.0,9.8,6.0,83.0,30.0,53,0.0,10.1
Hyderabad,17.385,78.4867,2026-05-18 01:00:00,15.9,14.0,297.0,9.0,5.3,77.0,29.5,54,0.0,11.1
Hyderabad,17.385,78.4867,2026-05-18 02:00:00,14.8,13.1,269.0,8.6,4.8,70.0,28.8,59,0.0,8.4
Hyderabad,17.385,78.4867,2026-05-18 03:00:00,14.4,12.6,247.0,9.4,4.5,61.0,28.2,65,0.0,5.4
Hyderabad,17.385,78.4867,2026-05-18 04:00:00,14.4,12.6,229.0,10.8,4.4,53.0,27.8,68,0.0,5.2
Hyderabad,17.385,78.4867,2026-05-18 05:00:00,17.3,15.5,234.0,17.2,5.1,46.0,27.9,67,0.0,4.9
Hyderabad,17.385,78.4867,2026-05-18 06:00:00,19.4,17.2,283.0,14.2,5.8,58.0,27.9,67,0.0,2.5
Hyderabad,17.385,78.4867,2026-05-18 07:00:00,17.9,15.0,354.0,10.1,6.8,74.0,29.1,62,0.0,2.4
Hyderabad,17.385,78.4867,2026-05-18 08:00:00,18.3,14.7,399.0,6.6,7.3,90.0,30.9,53,0.0,2.8
Hyderabad,17.385,78.4867,2026-05-18 09:00:00,18.0,14.3,393.0,4.4,6.8,105.0,32.7,45,0.0,3.8
Hyderabad,17.385,78.4867,2026-05-18 10:00:00,19.0,14.1,361.0,2.9,5.7,119.0,34.4,39,0.0,4.3
Hyderabad,17.385,78.4867,2026-05-18 11:00:00,20.8,14.3,332.0,1.9,4.8,130.0,35.4,37,0.0,4.6
Hyderabad,17.385,78.4867,2026-05-18 12:00:00,24.2,15.9,314.0,1.5,4.3,135.0,36.3,33,0.1,4.3
Hyderabad,17.385,78.4867,2026-05-18 13:00:00,23.2,15.3,300.0,1.6,4.0,137.0,36.5,32,0.4,5.9
Hyderabad,17.385,78.4867,2026-05-18 14:00:00,23.1,15.5,295.0,2.0,3.8,137.0,36.6,32,0.1,5.4
Hyderabad,17.385,78.4867,2026-05-18 15:00:00,22.8,15.8,306.0,2.2,3.8,139.0,36.7,31,0.0,4.4
Hyderabad,17.385,78.4867,2026-05-18 16:00:00,22.8,16.1,327.0,2.7,3.9,139.0,36.6,31,0.0,4.3
Hyderabad,17.385,78.4867,2026-05-18 17:00:00,22.4,17.2,344.0,4.6,4.5,136.0,36.2,31,0.0,13.2
Hyderabad,17.385,78.4867,2026-05-18 18:00:00,22.6,18.6,347.0,7.5,5.2,122.0,35.0,34,0.0,12.5
Hyderabad,17.385,78.4867,2026-05-18 19:00:00,24.6,21.2,345.0,11.4,6.2,103.0,34.4,36,0.0,10.5
Hyderabad,17.385,78.4867,2026-05-18 20:00:00,26.4,23.3,353.0,14.4,7.1,89.0,33.7,40,0.0,9.0
Hyderabad,17.385,78.4867,2026-05-18 21:00:00,27.9,24.9,388.0,15.7,7.9,84.0,33.0,43,0.0,8.6
Hyderabad,17.385,78.4867,2026-05-18 22:00:00,29.7,26.5,432.0,16.1,8.7,84.0,32.4,45,0.0,8.0
Hyderabad,17.385,78.4867,2026-05-18 23:00:00,30.9,27.2,448.0,15.7,9.2,85.0,31.6,48,0.0,7.9
Hyderabad,17.385,78.4867,2026-05-19 00:00:00,30.9,27.1,407.0,14.0,9.2,87.0,31.0,50,0.0,8.8
Hyderabad,17.385,78.4867,2026-05-19 01:00:00,30.5,27.1,339.0,11.6,9.0,90.0,30.2,55,0.0,8.3
Hyderabad,17.385,78.4867,2026-05-19 02:00:00,30.2,27.3,289.0,9.8,8.8,92.0,29.4,62,0.0,7.7
Hyderabad,17.385,78.4867,2026-05-19 03:00:00,29.7,27.2,276.0,9.5,8.6,89.0,28.9,66,0.0,6.2
Hyderabad,17.385,78.4867,2026-05-19 04:00:00,29.3,27.0,282.0,9.9,8.5,85.0,28.5,68,0.0,4.2
Hyderabad,17.385,78.4867,2026-05-19 05:00:00,25.3,24.0,302.0,10.0,7.9,76.0,28.0,71,0.0,7.1
Hyderabad,17.385,78.4867,2026-05-19 06:00:00,24.7,23.5,350.0,9.9,8.7,80.0,28.1,71,0.0,9.1
Hyderabad,17.385,78.4867,2026-05-19 07:00:00,25.5,23.7,412.0,9.6,9.8,87.0,29.1,67,0.0,8.4
Hyderabad,17.385,78.4867,2026-05-19 08:00:00,28.8,25.7,442.0,8.7,10.6,98.0,30.8,58,0.0,9.4
Hyderabad,17.385,78.4867,2026-05-19 09:00:00,31.5,27.6,407.0,6.7,10.8,119.0,32.8,48,0.0,9.4
Hyderabad,17.385,78.4867,2026-05-19 10:00:00,32.7,28.3,340.0,4.2,10.6,144.0,34.8,40,0.0,8.7
Hyderabad,17.385,78.4867,2026-05-19 11:00:00,32.7,27.6,293.0,2.3,10.1,162.0,35.7,38,0.0,7.3
Hyderabad,17.385,78.4867,2026-05-19 12:00:00,33.1,26.7,290.0,1.7,9.0,165.0,36.8,34,0.0,7.0
Hyderabad,17.385,78.4867,2026-05-19 13:00:00,33.4,25.5,307.0,1.7,7.6,160.0,37.5,32,0.0,7.2
Hyderabad,17.385,78.4867,2026-05-19 14:00:00,36.3,26.0,318.0,2.1,6.6,156.0,37.8,31,0.0,6.6
Hyderabad,17.385,78.4867,2026-05-19 15:00:00,34.6,24.4,303.0,1.5,6.1,158.0,37.9,29,0.1,6.1
Hyderabad,17.385,78.4867,2026-05-19 16:00:00,35.5,24.4,284.0,1.2,5.9,161.0,37.5,30,0.0,7.3
Hyderabad,17.385,78.4867,2026-05-19 17:00:00,46.6,34.1,297.0,4.8,6.6,150.0,37.5,28,0.0,7.3
Hyderabad,17.385,78.4867,2026-05-19 18:00:00,47.5,36.8,374.0,8.4,7.2,134.0,36.7,29,0.0,7.0
Hyderabad,17.385,78.4867,2026-05-19 19:00:00,52.7,41.9,484.0,13.4,7.9,113.0,35.7,31,0.2,11.3
Hyderabad,17.385,78.4867,2026-05-19 20:00:00,50.3,40.6,572.0,16.6,8.4,97.0,34.6,36,0.0,10.7
Hyderabad,17.385,78.4867,2026-05-19 21:00:00,48.2,39.0,629.0,16.5,8.3,93.0,33.8,39,0.0,7.6
Hyderabad,17.385,78.4867,2026-05-19 22:00:00,46.2,37.7,663.0,14.6,8.0,95.0,32.9,42,0.0,8.2
Hyderabad,17.385,78.4867,2026-05-19 23:00:00,44.8,36.7,645.0,12.8,7.8,97.0,32.1,45,0.0,7.2
Hyderabad,17.385,78.4867,2026-05-20 00:00:00,44.2,36.4,532.0,11.5,8.0,97.0,31.1,48,0.0,10.1
Hyderabad,17.385,78.4867,2026-05-20 01:00:00,44.0,36.8,366.0,10.2,8.3,96.0,30.4,50,0.0,9.8
Hyderabad,17.385,78.4867,2026-05-20 02:00:00,42.8,36.2,247.0,9.5,8.3,92.0,29.6,56,0.0,10.5
Hyderabad,17.385,78.4867,2026-05-20 03:00:00,39.7,33.3,219.0,9.7,7.7,83.0,29.1,61,0.0,10.9
Hyderabad,17.385,78.4867,2026-05-20 04:00:00,36.2,29.6,238.0,10.4,6.9,71.0,28.7,63,0.0,9.0
Hyderabad,17.385,78.4867,2026-05-20 05:00:00,36.7,29.5,269.0,9.6,7.2,72.0,28.2,66,0.0,11.2
Hyderabad,17.385,78.4867,2026-05-20 06:00:00,36.8,28.5,312.0,9.5,7.4,74.0,28.3,65,0.0,11.0
Hyderabad,17.385,78.4867,2026-05-20 07:00:00,37.8,28.1,368.0,9.2,7.7,78.0,29.6,60,0.0,11.7
Hyderabad,17.385,78.4867,2026-05-20 08:00:00,40.6,29.2,395.0,8.4,8.0,88.0,31.6,53,0.0,11.9
Hyderabad,17.385,78.4867,2026-05-20 09:00:00,44.0,31.1,368.0,6.6,8.4,110.0,33.8,44,0.0,12.4
Hyderabad,17.385,78.4867,2026-05-20 10:00:00,46.1,32.0,313.0,4.3,8.7,138.0,36.0,37,0.0,11.9
Hyderabad,17.385,78.4867,2026-05-20 11:00:00,46.0,31.5,273.0,2.6,8.7,159.0,36.3,35,0.0,11.9
Hyderabad,17.385,78.4867,2026-05-20 12:00:00,49.8,32.7,264.0,1.8,8.0,166.0,37.7,30,0.0,11.4
Hyderabad,17.385,78.4867,2026-05-20 13:00:00,52.5,32.2,270.0,1.6,7.0,165.0,38.4,28,0.0,10.7
Hyderabad,17.385,78.4867,2026-05-20 14:00:00,52.3,31.3,280.0,2.1,6.2,161.0,38.5,28,0.2,8.7
Hyderabad,17.385,78.4867,2026-05-20 15:00:00,53.3,31.5,279.0,2.4,5.9,158.0,37.9,28,0.1,8.2
Hyderabad,17.385,78.4867,2026-05-20 16:00:00,51.9,30.7,283.0,3.4,5.8,152.0,37.9,27,0.0,9.0
Hyderabad,17.385,78.4867,2026-05-20 17:00:00,58.7,36.7,325.0,6.8,5.9,139.0,38.2,25,0.0,8.0
Hyderabad,17.385,78.4867,2026-05-20 18:00:00,68.2,44.6,454.0,9.4,6.4,128.0,37.2,27,0.0,10.8
Hyderabad,17.385,78.4867,2026-05-20 19:00:00,62.6,44.5,621.0,13.0,7.1,113.0,36.0,31,0.0,11.3
Hyderabad,17.385,78.4867,2026-05-20 20:00:00,58.8,43.4,718.0,15.0,7.7,103.0,35.1,34,0.0,10.7
Hyderabad,17.385,78.4867,2026-05-20 21:00:00,54.8,41.7,682.0,14.1,8.0,103.0,34.0,36,0.0,11.7
Hyderabad,17.385,78.4867,2026-05-20 22:00:00,49.2,38.5,575.0,11.7,8.1,108.0,32.9,38,0.0,10.8
Hyderabad,17.385,78.4867,2026-05-20 23:00:00,43.8,34.7,474.0,9.7,8.1,111.0,32.5,39,0.0,11.0
Hyderabad,17.385,78.4867,2026-05-21 00:00:00,41.1,32.2,401.0,8.9,8.1,109.0,32.1,42,0.0,11.1
Hyderabad,17.385,78.4867,2026-05-21 01:00:00,40.9,31.4,334.0,8.5,8.0,106.0,31.6,44,0.0,13.3
Hyderabad,17.385,78.4867,2026-05-21 02:00:00,40.5,31.0,283.0,8.4,7.8,100.0,31.0,47,0.0,13.0
Hyderabad,17.385,78.4867,2026-05-21 03:00:00,38.4,29.5,249.0,8.7,7.2,89.0,30.4,49,0.0,12.8
Hyderabad,17.385,78.4867,2026-05-21 04:00:00,35.4,27.2,230.0,9.2,6.5,76.0,30.0,51,0.0,12.4
Hyderabad,17.385,78.4867,2026-05-21 05:00:00,36.9,29.7,232.0,8.9,7.4,83.0,29.4,54,0.0,11.9
Hyderabad,17.385,78.4867,2026-05-21 06:00:00,38.9,31.1,271.0,8.8,8.2,88.0,29.3,56,0.0,11.7
Hyderabad,17.385,78.4867,2026-05-21 07:00:00,40.3,32.4,329.0,8.6,9.2,96.0,30.6,52,0.0,13.0
Hyderabad,17.385,78.4867,2026-05-21 08:00:00,42.4,33.2,361.0,7.9,9.9,107.0,32.5,46,0.0,13.4
Hyderabad,17.385,78.4867,2026-05-21 09:00:00,42.8,32.8,337.0,6.2,9.8,123.0,34.5,40,0.0,12.6
Hyderabad,17.385,78.4867,2026-05-21 10:00:00,41.7,31.2,287.0,4.0,9.3,143.0,36.5,34,0.0,11.7
Hyderabad,17.385,78.4867,2026-05-21 11:00:00,43.1,30.5,247.0,2.4,8.8,157.0,37.9,30,0.0,10.8
Hyderabad,17.385,78.4867,2026-05-21 12:00:00,47.3,31.4,232.0,1.7,8.4,163.0,39.0,26,0.0,9.5
Hyderabad,17.385,78.4867,2026-05-21 13:00:00,50.2,32.1,228.0,1.7,7.9,163.0,39.6,23,0.0,8.0
Hyderabad,17.385,78.4867,2026-05-21 14:00:00,53.3,33.1,233.0,2.2,7.6,161.0,40.0,21,0.0,6.8
Hyderabad,17.385,78.4867,2026-05-21 15:00:00,55.5,33.6,245.0,2.4,7.3,159.0,40.0,22,0.0,7.7
Hyderabad,17.385,78.4867,2026-05-21 16:00:00,57.3,34.3,267.0,3.1,7.1,154.0,39.1,24,0.0,10.4
Hyderabad,17.385,78.4867,2026-05-21 17:00:00,39.1,24.1,304.0,7.3,7.6,146.0,40.0,20,0.0,5.4
Hyderabad,17.385,78.4867,2026-05-21 18:00:00,44.1,29.1,368.0,15.2,8.5,124.0,39.2,21,0.0,4.9
Hyderabad,17.385,78.4867,2026-05-21 19:00:00,49.5,36.1,447.0,25.8,9.8,93.0,37.9,23,0.0,4.0
Hyderabad,17.385,78.4867,2026-05-21 20:00:00,48.0,36.7,510.0,32.1,10.8,73.0,36.9,26,0.0,4.5
Hyderabad,17.385,78.4867,2026-05-21 21:00:00,46.8,36.3,555.0,29.9,11.3,72.0,34.9,32,0.0,10.3
Hyderabad,17.385,78.4867,2026-05-21 22:00:00,40.4,32.5,584.0,23.4,11.5,81.0,33.5,39,0.0,10.4
Hyderabad,17.385,78.4867,2026-05-21 23:00:00,34.5,27.9,572.0,17.7,11.6,89.0,32.5,43,0.0,8.5
Hyderabad,17.385,78.4867,2026-05-22 00:00:00,31.8,25.3,488.0,14.8,11.9,91.0,32.0,44,0.0,10.7
Hyderabad,17.385,78.4867,2026-05-22 01:00:00,30.7,24.2,363.0,12.7,12.1,91.0,31.7,45,0.0,12.8
Hyderabad,17.385,78.4867,2026-05-22 02:00:00,29.0,23.2,270.0,11.1,11.6,90.0,31.1,50,0.0,13.6
Hyderabad,17.385,78.4867,2026-05-22 03:00:00,24.7,20.9,239.0,10.0,9.7,85.0,30.7,53,0.0,14.4
Hyderabad,17.385,78.4867,2026-05-22 04:00:00,21.4,18.7,240.0,9.3,7.2,79.0,30.3,56,0.0,15.5
Hyderabad,17.385,78.4867,2026-05-22 05:00:00,16.8,16.1,250.0,8.7,6.0,82.0,29.6,60,0.0,16.0
Hyderabad,17.385,78.4867,2026-05-22 06:00:00,15.3,14.1,269.0,8.1,5.8,82.0,29.3,63,0.0,17.1
Hyderabad,17.385,78.4867,2026-05-22 07:00:00,13.8,12.3,296.0,7.2,5.5,83.0,29.8,63,0.0,18.5
Hyderabad,17.385,78.4867,2026-05-22 08:00:00,14.2,11.8,310.0,6.1,5.4,89.0,30.7,60,0.0,19.5
Hyderabad,17.385,78.4867,2026-05-22 09:00:00,15.4,12.2,294.0,4.7,5.4,103.0,32.5,53,0.0,19.3
Hyderabad,17.385,78.4867,2026-05-22 10:00:00,19.0,14.3,264.0,3.1,5.5,122.0,34.4,46,0.0,18.2
Hyderabad,17.385,78.4867,2026-05-22 11:00:00,23.3,16.9,243.0,2.0,5.8,138.0,33.3,47,0.0,18.9
Hyderabad,17.385,78.4867,2026-05-22 12:00:00,27.6,19.5,238.0,1.6,6.3,147.0,34.0,44,0.0,17.7
Hyderabad,17.385,78.4867,2026-05-22 13:00:00,31.3,22.0,241.0,1.6,6.9,153.0,36.1,38,0.0,16.8
Hyderabad,17.385,78.4867,2026-05-22 14:00:00,34.6,24.3,254.0,2.1,7.4,156.0,36.4,38,0.0,15.7
Hyderabad,17.385,78.4867,2026-05-22 15:00:00,41.4,28.5,283.0,2.4,7.6,157.0,36.4,38,0.1,14.9
Hyderabad,17.385,78.4867,2026-05-22 16:00:00,40.5,27.8,321.0,3.1,7.7,154.0,36.0,39,0.1,11.9
Hyderabad,17.385,78.4867,2026-05-22 17:00:00,45.3,32.7,356.0,5.3,7.8,147.0,36.8,29,0.0,10.6
Hyderabad,17.385,78.4867,2026-05-22 18:00:00,45.3,34.1,388.0,6.9,7.9,136.0,34.3,41,0.0,15.1
Hyderabad,17.385,78.4867,2026-05-22 19:00:00,41.1,33.1,415.0,9.1,8.0,121.0,33.6,44,0.0,13.3
Hyderabad,17.385,78.4867,2026-05-22 20:00:00,38.8,32.0,421.0,10.5,8.0,110.0,32.8,44,0.0,13.5
Hyderabad,17.385,78.4867,2026-05-22 21:00:00,39.2,32.5,389.0,10.4,8.0,106.0,32.2,45,0.0,13.4
Hyderabad,17.385,78.4867,2026-05-22 22:00:00,41.2,33.4,334.0,9.6,7.9,105.0,31.5,45,0.0,14.2
Hyderabad,17.385,78.4867,2026-05-22 23:00:00,43.3,34.8,287.0,8.8,7.7,104.0,31.5,48,0.0,15.5
Hyderabad,17.385,78.4867,2026-05-23 00:00:00,44.4,35.5,257.0,8.2,7.2,100.0,30.6,53,0.0,13.9
Hyderabad,17.385,78.4867,2026-05-23 01:00:00,43.3,35.4,234.0,7.7,6.6,95.0,30.2,56,0.0,14.2
Hyderabad,17.385,78.4867,2026-05-23 02:00:00,40.7,34.3,220.0,7.2,6.0,92.0,29.7,60,0.0,14.4
Hyderabad,17.385,78.4867,2026-05-23 03:00:00,39.5,33.6,214.0,6.8,5.5,90.0,29.5,61,0.0,14.9
Hyderabad,17.385,78.4867,2026-05-23 04:00:00,39.2,33.3,217.0,6.6,5.1,89.0,29.2,61,0.0,15.9
Hyderabad,17.385,78.4867,2026-05-23 05:00:00,30.3,26.8,229.0,6.7,4.9,86.0,28.0,62,0.0,13.1
Hyderabad,17.385,78.4867,2026-05-23 06:00:00,27.4,24.4,259.0,6.8,5.3,87.0,28.2,63,0.0,13.0
Hyderabad,17.385,78.4867,2026-05-23 07:00:00,24.6,21.9,298.0,6.8,5.8,89.0,29.4,61,0.0,16.2
Hyderabad,17.385,78.4867,2026-05-23 08:00:00,22.0,19.6,318.0,6.4,6.3,95.0,31.0,56,0.0,17.4
Hyderabad,17.385,78.4867,2026-05-23 09:00:00,21.5,18.6,301.0,5.1,6.8,110.0,32.8,50,0.0,17.7
Hyderabad,17.385,78.4867,2026-05-23 10:00:00,23.0,19.1,265.0,3.4,7.3,130.0,34.7,43,0.0,17.2
Hyderabad,17.385,78.4867,2026-05-23 11:00:00,25.8,20.5,239.0,2.1,7.5,145.0,36.3,37,0.0,15.3
Hyderabad,17.385,78.4867,2026-05-23 12:00:00,28.6,22.2,232.0,1.6,7.4,152.0,36.8,33,0.0,14.3
Hyderabad,17.385,78.4867,2026-05-23 13:00:00,30.5,23.5,235.0,1.6,7.0,154.0,37.2,31,0.0,14.1
Hyderabad,17.385,78.4867,2026-05-23 14:00:00,31.3,23.8,242.0,2.0,6.6,152.0,35.8,35,0.8,11.9
Hyderabad,17.385,78.4867,2026-05-23 15:00:00,31.1,23.5,250.0,3.0,6.2,147.0,36.4,34,0.0,11.8
Hyderabad,17.385,78.4867,2026-05-23 16:00:00,31.8,23.9,263.0,4.5,5.9,138.0,36.6,30,0.0,13.6
Hyderabad,17.385,78.4867,2026-05-23 17:00:00,32.8,26.4,285.0,7.4,6.2,131.0,37.0,28,0.0,10.8
Hyderabad,17.385,78.4867,2026-05-23 18:00:00,36.7,30.0,332.0,18.0,8.2,111.0,36.5,28,0.0,4.9
Hyderabad,17.385,78.4867,2026-05-23 19:00:00,44.5,37.1,389.0,32.1,10.8,84.0,35.5,30,0.0,6.3
Hyderabad,17.385,78.4867,2026-05-23 20:00:00,51.3,43.3,413.0,39.2,12.0,68.0,34.2,36,0.0,9.0
Hyderabad,17.385,78.4867,2026-05-23 21:00:00,43.8,37.5,376.0,32.5,10.6,74.0,32.5,42,0.0,11.1
Hyderabad,17.385,78.4867,2026-05-23 22:00:00,38.2,33.1,306.0,18.9,7.9,90.0,30.8,50,0.0,12.5
Hyderabad,17.385,78.4867,2026-05-23 23:00:00,32.4,28.2,249.0,8.4,5.6,102.0,30.5,52,0.0,9.5
Hyderabad,17.385,78.4867,2026-05-24 00:00:00,27.1,24.0,222.0,5.3,4.5,104.0,29.8,52,0.0,13.0
Hyderabad,17.385,78.4867,2026-05-24 01:00:00,27.5,23.9,208.0,5.3,3.9,101.0,28.6,60,0.0,13.3
Hyderabad,17.385,78.4867,2026-05-24 02:00:00,31.0,26.4,202.0,5.7,3.7,97.0,28.3,64,0.0,12.7
Hyderabad,17.385,78.4867,2026-05-24 03:00:00,32.8,27.8,204.0,5.9,3.8,93.0,28.3,64,0.0,12.9
Hyderabad,17.385,78.4867,2026-05-24 04:00:00,30.0,26.1,214.0,6.6,4.3,87.0,27.9,64,0.0,13.3
Hyderabad,17.385,78.4867,2026-05-24 05:00:00,26.8,23.3,228.0,6.3,3.7,89.0,26.5,70,0.0,15.3
Hyderabad,17.385,78.4867,2026-05-24 06:00:00,23.6,21.3,251.0,6.5,4.1,83.0,26.5,72,0.0,16.0
Hyderabad,17.385,78.4867,2026-05-24 07:00:00,19.0,17.3,279.0,6.6,4.6,76.0,27.5,70,0.0,16.3
Hyderabad,17.385,78.4867,2026-05-24 08:00:00,14.6,13.2,292.0,6.3,5.0,76.0,29.3,63,0.0,17.1
Hyderabad,17.385,78.4867,2026-05-24 09:00:00,14.2,12.5,278.0,5.0,5.2,90.0,31.3,57,0.0,17.9
Hyderabad,17.385,78.4867,2026-05-24 10:00:00,15.7,13.4,250.0,3.2,5.2,110.0,33.5,48,0.0,18.4
Hyderabad,17.385,78.4867,2026-05-24 11:00:00,16.4,13.7,225.0,1.8,5.2,126.0,34.5,45,0.0,16.6
Hyderabad,17.385,78.4867,2026-05-24 12:00:00,17.8,13.9,210.0,1.3,5.1,131.0,35.5,41,0.0,15.8
Hyderabad,17.385,78.4867,2026-05-24 13:00:00,19.6,14.3,199.0,1.2,4.9,131.0,36.8,35,0.0,14.8
Hyderabad,17.385,78.4867,2026-05-24 14:00:00,20.6,14.5,194.0,1.5,4.7,129.0,37.5,29,0.0,14.0
Hyderabad,17.385,78.4867,2026-05-24 15:00:00,20.7,14.2,196.0,1.6,4.5,127.0,37.7,23,0.0,14.1
Hyderabad,17.385,78.4867,2026-05-24 16:00:00,20.5,14.0,205.0,2.1,4.3,123.0,37.0,23,0.0,13.3
Hyderabad,17.385,78.4867,2026-05-24 17:00:00,12.6,9.6,221.0,3.8,4.5,119.0,37.6,25,0.0,11.7
Hyderabad,17.385,78.4867,2026-05-24 18:00:00,15.3,12.2,250.0,6.1,5.2,109.0,36.8,27,0.0,10.2
Hyderabad,17.385,78.4867,2026-05-24 19:00:00,17.0,14.7,286.0,9.3,6.2,96.0,35.8,29,0.0,9.9
Hyderabad,17.385,78.4867,2026-05-24 20:00:00,16.2,14.8,316.0,11.4,6.8,85.0,34.1,34,0.0,11.5
Hyderabad,17.385,78.4867,2026-05-24 21:00:00,15.8,14.8,337.0,11.6,6.8,81.0,33.4,36,0.0,12.1
Hyderabad,17.385,78.4867,2026-05-24 22:00:00,16.1,14.8,351.0,10.8,6.4,79.0,33.0,35,0.0,11.2
Hyderabad,17.385,78.4867,2026-05-24 23:00:00,16.5,14.6,351.0,10.0,6.1,78.0,32.3,37,0.0,12.6
Hyderabad,17.385,78.4867,2026-05-25 00:00:00,17.2,14.6,330.0,9.7,6.1,76.0,31.4,41,0.0,13.7
Hyderabad,17.385,78.4867,2026-05-25 01:00:00,19.0,15.6,296.0,9.4,6.1,73.0,30.6,44,0.0,13.7
Hyderabad,17.385,78.4867,2026-05-25 02:00:00,21.0,17.3,265.0,9.2,6.1,70.0,30.0,47,0.0,14.2
Hyderabad,17.385,78.4867,2026-05-25 03:00:00,20.7,17.6,236.0,9.0,5.9,64.0,29.5,48,0.0,14.2
Hyderabad,17.385,78.4867,2026-05-25 04:00:00,18.4,15.9,210.0,8.9,5.5,58.0,29.1,50,0.0,14.7
Hyderabad,17.385,78.4867,2026-05-25 05:00:00,22.5,17.9,205.0,8.0,5.6,65.0,29.1,55,0.0,14.7
Hyderabad,17.385,78.4867,2026-05-25 06:00:00,23.3,18.8,242.0,8.1,6.5,69.0,29.3,54,0.0,10.8
Hyderabad,17.385,78.4867,2026-05-25 07:00:00,24.7,19.9,299.0,8.1,7.7,75.0,30.3,51,0.0,12.5
Hyderabad,17.385,78.4867,2026-05-25 08:00:00,26.8,20.3,330.0,7.6,8.4,84.0,32.0,47,0.0,13.3
Hyderabad,17.385,78.4867,2026-05-25 09:00:00,30.2,21.3,306.0,6.1,8.3,101.0,33.7,42,0.0,12.7
Hyderabad,17.385,78.4867,2026-05-25 10:00:00,33.6,22.4,256.0,4.0,7.8,121.0,35.6,36,0.0,12.2
Hyderabad,17.385,78.4867,2026-05-25 11:00:00,37.3,22.9,218.0,2.5,7.3,136.0,36.4,33,0.0,11.3
Hyderabad,17.385,78.4867,2026-05-25 12:00:00,41.7,23.7,208.0,1.8,6.8,142.0,36.9,31,0.7,4.8
Hyderabad,17.385,78.4867,2026-05-25 13:00:00,49.0,26.0,211.0,1.6,6.2,144.0,37.1,30,0.2,10.2
Hyderabad,17.385,78.4867,2026-05-25 14:00:00,56.8,28.8,221.0,2.0,5.7,142.0,36.3,34,0.4,12.5
Hyderabad,17.385,78.4867,2026-05-25 15:00:00,62.4,31.0,237.0,1.9,5.2,139.0,36.0,33,0.2,9.5
Hyderabad,17.385,78.4867,2026-05-25 16:00:00,61.9,30.7,260.0,2.3,4.9,133.0,35.7,34,0.2,8.0
Hyderabad,17.385,78.4867,2026-05-25 17:00:00,63.8,33.5,290.0,4.8,5.2,131.0,35.1,33,0.0,9.9
Hyderabad,17.385,78.4867,2026-05-25 18:00:00,51.8,32.6,329.0,7.2,5.8,122.0,35.0,34,0.0,10.9
Hyderabad,17.385,78.4867,2026-05-25 19:00:00,39.9,28.9,375.0,10.5,6.7,108.0,33.2,43,0.1,8.3
Hyderabad,17.385,78.4867,2026-05-25 20:00:00,34.7,26.6,425.0,12.9,7.3,98.0,32.0,51,0.0,8.1
Hyderabad,17.385,78.4867,2026-05-25 21:00:00,33.9,26.6,501.0,13.7,7.5,93.0,31.5,53,0.0,9.4
Hyderabad,17.385,78.4867,2026-05-25 22:00:00,34.6,27.1,582.0,13.6,7.4,91.0,31.1,53,0.0,8.7
Hyderabad,17.385,78.4867,2026-05-25 23:00:00,35.4,27.1,600.0,13.0,7.3,90.0,30.2,56,0.0,9.2
Hyderabad,17.385,78.4867,2026-05-26 00:00:00,35.2,26.3,497.0,11.5,7.0,90.0,29.9,55,0.0,9.0
Hyderabad,17.385,78.4867,2026-05-26 01:00:00,34.2,25.1,331.0,9.6,6.7,92.0,29.6,54,0.0,9.2
Hyderabad,17.385,78.4867,2026-05-26 02:00:00,33.4,24.0,211.0,8.6,6.7,91.0,29.4,54,0.0,9.5
Hyderabad,17.385,78.4867,2026-05-26 03:00:00,33.3,23.5,181.0,9.6,7.2,85.0,29.0,51,0.0,6.8
Hyderabad,17.385,78.4867,2026-05-26 04:00:00,35.0,24.9,196.0,11.6,8.1,76.0,25.1,79,1.2,3.4
Hyderabad,17.385,78.4867,2026-05-26 05:00:00,21.6,20.3,230.0,9.2,5.4,82.0,28.4,57,0.7,8.9
Hyderabad,17.385,78.4867,2026-05-26 06:00:00,22.9,19.9,293.0,9.7,6.1,81.0,28.5,58,0.0,8.7
Hyderabad,17.385,78.4867,2026-05-26 07:00:00,22.8,20.1,375.0,10.2,7.1,80.0,29.6,55,0.0,11.9
Hyderabad,17.385,78.4867,2026-05-26 08:00:00,22.7,19.0,416.0,9.9,7.7,86.0,31.5,49,0.0,11.5
Hyderabad,17.385,78.4867,2026-05-26 09:00:00,28.0,21.5,377.0,7.8,7.7,105.0,33.2,44,0.0,12.1
Hyderabad,17.385,78.4867,2026-05-26 10:00:00,32.7,24.1,298.0,4.9,7.4,130.0,34.4,41,0.0,14.5
Hyderabad,17.385,78.4867,2026-05-26 11:00:00,37.3,26.3,238.0,2.7,7.0,149.0,35.1,40,0.0,9.4
Hyderabad,17.385,78.4867,2026-05-26 12:00:00,42.8,28.5,219.0,1.8,6.3,156.0,35.5,38,0.0,9.4
Hyderabad,17.385,78.4867,2026-05-26 13:00:00,47.7,30.2,219.0,1.7,5.5,156.0,36.5,36,0.0,8.7
Hyderabad,17.385,78.4867,2026-05-26 14:00:00,50.5,31.0,236.0,2.1,4.9,153.0,35.8,35,0.3,11.5
Hyderabad,17.385,78.4867,2026-05-26 15:00:00,56.9,33.4,271.0,1.2,4.2,150.0,34.9,40,1.1,4.0
Hyderabad,17.385,78.4867,2026-05-26 16:00:00,53.6,31.8,323.0,0.9,3.8,145.0,35.5,39,0.2,8.0
Hyderabad,17.385,78.4867,2026-05-26 17:00:00,30.0,19.2,387.0,5.8,5.2,138.0,36.9,30,0.6,10.8
Hyderabad,17.385,78.4867,2026-05-26 18:00:00,32.6,23.2,479.0,15.4,6.8,116.0,36.1,32,0.0,9.4
Hyderabad,17.385,78.4867,2026-05-26 19:00:00,39.9,30.9,583.0,28.3,8.9,85.0,34.8,38,0.0,8.5
Hyderabad,17.385,78.4867,2026-05-26 20:00:00,39.8,32.6,650.0,36.1,10.2,64.0,33.4,42,0.0,10.2
Hyderabad,17.385,78.4867,2026-05-26 21:00:00,33.4,28.2,662.0,33.7,9.8,60.0,32.4,44,0.0,8.5
Hyderabad,17.385,78.4867,2026-05-26 22:00:00,28.6,24.3,638.0,26.1,8.4,66.0,32.0,45,0.0,10.1
Hyderabad,17.385,78.4867,2026-05-26 23:00:00,27.0,22.8,581.0,19.9,7.3,70.0,29.3,59,0.0,10.7
Hyderabad,17.385,78.4867,2026-05-27 00:00:00,25.6,21.5,469.0,17.9,6.8,69.0,29.0,61,0.1,8.5
Hyderabad,17.385,78.4867,2026-05-27 01:00:00,26.3,21.5,326.0,17.4,6.5,67.0,28.6,65,0.2,7.3
Hyderabad,17.385,78.4867,2026-05-27 02:00:00,24.2,20.2,222.0,16.6,6.1,66.0,28.7,65,0.0,7.5
Hyderabad,17.385,78.4867,2026-05-27 03:00:00,20.3,17.5,188.0,14.9,5.4,66.0,28.6,62,0.0,9.4
Hyderabad,17.385,78.4867,2026-05-27 04:00:00,16.6,14.9,194.0,12.9,4.7,66.0,27.8,62,0.0,10.5
Hyderabad,17.385,78.4867,2026-05-27 05:00:00,13.7,12.2,223.0,7.1,3.5,93.0,23.2,90,0.0,13.9
Hyderabad,17.385,78.4867,2026-05-27 06:00:00,13.6,12.3,289.0,8.6,4.0,84.0,23.8,90,0.3,10.8
Hyderabad,17.385,78.4867,2026-05-27 07:00:00,14.3,13.2,377.0,10.5,4.7,73.0,25.0,83,0.0,10.9
Hyderabad,17.385,78.4867,2026-05-27 08:00:00,14.6,13.0,428.0,11.1,5.3,71.0,25.4,81,0.9,12.7
Hyderabad,17.385,78.4867,2026-05-27 09:00:00,15.7,13.2,406.0,9.0,5.9,87.0,26.8,78,1.0,14.0
Hyderabad,17.385,78.4867,2026-05-27 10:00:00,17.8,14.8,347.0,5.6,6.5,113.0,29.6,65,0.0,12.6
Hyderabad,17.385,78.4867,2026-05-27 11:00:00,19.8,16.2,300.0,3.0,6.8,134.0,27.1,76,0.0,14.1
Hyderabad,17.385,78.4867,2026-05-27 12:00:00,20.3,16.3,274.0,2.2,6.7,144.0,29.6,61,0.0,12.8
Hyderabad,17.385,78.4867,2026-05-27 13:00:00,22.2,16.9,260.0,2.2,6.4,150.0,31.6,51,0.0,14.0
Hyderabad,17.385,78.4867,2026-05-27 14:00:00,26.1,18.2,283.0,2.7,6.2,152.0,32.3,49,0.0,14.7
Hyderabad,17.385,78.4867,2026-05-27 15:00:00,29.3,19.4,304.0,2.5,6.1,154.0,32.5,49,0.0,14.4
Hyderabad,17.385,78.4867,2026-05-27 16:00:00,31.3,20.2,362.0,2.9,6.0,153.0,32.3,51,0.0,13.0
Hyderabad,17.385,78.4867,2026-05-27 17:00:00,13.9,13.5,600.0,7.8,6.4,131.0,31.4,54,0.0,12.4
Hyderabad,17.385,78.4867,2026-05-27 18:00:00,17.4,16.5,1269.0,14.0,7.4,114.0,30.3,61,0.0,10.2
Hyderabad,17.385,78.4867,2026-05-27 19:00:00,22.7,21.5,2118.0,22.4,8.8,91.0,29.6,65,0.0,10.0
Hyderabad,17.385,78.4867,2026-05-27 20:00:00,26.4,24.9,2537.0,27.9,9.7,73.0,28.8,67,0.0,9.6
Hyderabad,17.385,78.4867,2026-05-27 21:00:00,28.6,26.7,2119.0,28.0,9.5,66.0,28.3,68,0.0,9.5
Hyderabad,17.385,78.4867,2026-05-27 22:00:00,29.5,27.1,1272.0,25.2,8.8,65.0,27.8,68,0.0,10.2
Hyderabad,17.385,78.4867,2026-05-27 23:00:00,28.8,25.8,607.0,22.2,8.4,65.0,26.8,73,0.0,12.1
Hyderabad,17.385,78.4867,2026-05-28 00:00:00,27.7,24.2,378.0,19.3,8.5,66.0,26.7,73,0.0,12.0
Hyderabad,17.385,78.4867,2026-05-28 01:00:00,27.1,23.2,332.0,16.2,8.8,69.0,26.5,74,0.0,11.8
Hyderabad,17.385,78.4867,2026-05-28 02:00:00,26.5,22.4,319.0,14.2,9.3,69.0,26.4,73,0.0,11.9
Hyderabad,17.385,78.4867,2026-05-28 03:00:00,25.2,21.4,294.0,14.6,10.2,63.0,26.2,73,0.0,11.9
Hyderabad,17.385,78.4867,2026-05-28 04:00:00,23.3,20.0,302.0,16.2,11.3,55.0,26.0,73,0.0,12.3
Hyderabad,17.385,78.4867,2026-05-28 05:00:00,21.8,18.2,325.0,11.3,7.4,69.0,26.0,75,0.0,12.4
Hyderabad,17.385,78.4867,2026-05-28 06:00:00,22.0,18.8,373.0,11.6,7.5,69.0,26.2,76,0.0,11.5
Hyderabad,17.385,78.4867,2026-05-28 07:00:00,21.8,19.3,435.0,11.8,7.7,69.0,27.4,74,0.0,10.2
Hyderabad,17.385,78.4867,2026-05-28 08:00:00,18.8,17.1,461.0,11.2,7.9,77.0,29.2,67,0.0,12.3
Hyderabad,17.385,78.4867,2026-05-28 09:00:00,17.0,15.5,416.0,8.8,8.2,99.0,30.8,58,0.0,12.9
Hyderabad,17.385,78.4867,2026-05-28 10:00:00,19.0,15.9,335.0,5.4,8.5,128.0,32.7,51,0.0,12.3
Hyderabad,17.385,78.4867,2026-05-28 11:00:00,21.7,16.9,274.0,2.9,8.5,150.0,33.4,48,0.0,11.5
Hyderabad,17.385,78.4867,2026-05-28 12:00:00,23.6,17.4,253.0,1.9,7.9,158.0,34.6,44,0.0,10.3
Hyderabad,17.385,78.4867,2026-05-28 13:00:00,25.1,17.6,253.0,1.9,7.1,159.0,35.6,40,0.0,9.5
Hyderabad,17.385,78.4867,2026-05-28 14:00:00,26.9,17.7,273.0,2.3,6.4,157.0,36.0,37,0.0,8.4
Hyderabad,17.385,78.4867,2026-05-28 15:00:00,29.1,18.0,270.0,1.6,5.8,156.0,36.2,36,0.0,8.0
Hyderabad,17.385,78.4867,2026-05-28 16:00:00,31.3,18.6,287.0,1.5,5.4,154.0,36.1,35,0.0,7.9
Hyderabad,17.385,78.4867,2026-05-28 17:00:00,19.6,10.3,449.0,9.7,5.7,123.0,35.5,37,0.3,6.3
Hyderabad,17.385,78.4867,2026-05-28 18:00:00,23.3,15.6,919.0,18.4,7.0,103.0,34.1,50,0.0,4.5
Hyderabad,17.385,78.4867,2026-05-28 19:00:00,29.7,21.9,1535.0,30.0,8.7,75.0,32.1,55,0.0,8.6
Hyderabad,17.385,78.4867,2026-05-28 20:00:00,32.5,24.4,1935.0,36.7,9.9,56.0,30.8,56,0.0,9.6
Hyderabad,17.385,78.4867,2026-05-28 21:00:00,27.0,21.1,1949.0,33.5,9.7,56.0,30.4,58,0.0,10.8
Hyderabad,17.385,78.4867,2026-05-28 22:00:00,22.5,18.1,1748.0,25.2,8.9,65.0,30.1,58,0.0,10.2
Hyderabad,17.385,78.4867,2026-05-28 23:00:00,18.9,15.6,1479.0,18.5,8.7,72.0,29.7,61,0.0,10.8
Hyderabad,17.385,78.4867,2026-05-29 00:00:00,17.5,14.5,1137.0,16.0,9.9,74.0,29.5,61,0.0,11.6
Hyderabad,17.385,78.4867,2026-05-29 01:00:00,17.2,14.3,728.0,15.0,11.6,75.0,29.4,60,0.0,12.2
Hyderabad,17.385,78.4867,2026-05-29 02:00:00,17.1,14.3,417.0,14.6,12.3,73.0,28.9,61,0.0,11.7
Hyderabad,17.385,78.4867,2026-05-29 03:00:00,17.5,14.6,283.0,14.9,10.7,65.0,28.8,59,0.0,13.8
Hyderabad,17.385,78.4867,2026-05-29 04:00:00,17.4,15.1,247.0,15.6,8.1,54.0,28.5,59,0.0,12.5
Hyderabad,17.385,78.4867,2026-05-29 05:00:00,13.4,12.8,240.0,14.4,7.5,51.0,27.5,68,0.0,12.5
Hyderabad,17.385,78.4867,2026-05-29 06:00:00,12.3,11.3,253.0,12.4,7.0,54.0,27.8,66,0.0,14.1
Hyderabad,17.385,78.4867,2026-05-29 07:00:00,10.6,9.5,294.0,9.5,6.2,60.0,28.7,62,0.0,14.5
Hyderabad,17.385,78.4867,2026-05-29 08:00:00,10.0,8.4,317.0,6.9,5.5,69.0,29.6,59,0.0,15.1
Hyderabad,17.385,78.4867,2026-05-29 09:00:00,10.3,8.2,298.0,4.9,5.0,86.0,31.2,53,0.0,15.3
Hyderabad,17.385,78.4867,2026-05-29 10:00:00,10.3,8.1,261.0,3.3,4.6,106.0,33.0,46,0.0,15.1
Hyderabad,17.385,78.4867,2026-05-29 11:00:00,10.6,8.4,233.0,2.1,4.3,123.0,33.6,43,0.0,12.6
Hyderabad,17.385,78.4867,2026-05-29 12:00:00,11.9,9.3,221.0,1.6,4.1,133.0,34.5,39,0.0,11.7
Hyderabad,17.385,78.4867,2026-05-29 13:00:00,13.7,10.2,217.0,1.5,4.1,139.0,35.3,36,0.0,10.7
Hyderabad,17.385,78.4867,2026-05-29 14:00:00,13.8,10.5,224.0,2.0,4.1,142.0,36.1,34,0.0,9.9
Hyderabad,17.385,78.4867,2026-05-29 15:00:00,13.7,10.4,202.0,1.2,3.7,144.0,36.4,33,0.0,9.8
Hyderabad,17.385,78.4867,2026-05-29 16:00:00,13.8,10.5,189.0,0.9,3.3,143.0,36.2,32,0.0,10.0
Hyderabad,17.385,78.4867,2026-05-29 17:00:00,13.5,11.3,308.0,8.7,4.0,122.0,36.8,29,0.0,8.7
Hyderabad,17.385,78.4867,2026-05-29 18:00:00,20.4,17.8,713.0,17.5,5.2,101.0,35.3,33,0.0,7.6
Hyderabad,17.385,78.4867,2026-05-29 19:00:00,28.3,25.1,1248.0,29.4,7.0,74.0,33.6,41,0.0,8.8
Hyderabad,17.385,78.4867,2026-05-29 20:00:00,27.9,24.6,1569.0,36.0,8.3,55.0,32.7,43,0.0,8.3
Hyderabad,17.385,78.4867,2026-05-29 21:00:00,25.4,21.5,1488.0,32.3,8.8,55.0,31.6,49,0.0,8.0
Hyderabad,17.385,78.4867,2026-05-29 22:00:00,24.1,19.8,1192.0,23.5,8.8,65.0,31.1,51,0.0,7.7
Hyderabad,17.385,78.4867,2026-05-29 23:00:00,23.2,18.7,897.0,16.4,9.2,73.0,31.2,51,0.0,8.9
Hyderabad,17.385,78.4867,2026-05-30 00:00:00,22.2,17.8,651.0,14.1,10.6,74.0,30.6,52,0.0,10.2
Hyderabad,17.385,78.4867,2026-05-30 01:00:00,21.6,17.2,407.0,13.7,12.3,74.0,30.4,52,0.0,13.2
Hyderabad,17.385,78.4867,2026-05-30 02:00:00,22.1,18.1,235.0,13.1,12.7,71.0,29.8,52,0.0,13.4
Hyderabad,17.385,78.4867,2026-05-30 03:00:00,19.8,16.9,181.0,11.7,10.4,64.0,29.4,51,0.0,15.0
Hyderabad,17.385,78.4867,2026-05-30 04:00:00,15.7,13.4,200.0,10.2,6.7,56.0,29.1,53,0.0,13.3
Hyderabad,17.385,78.4867,2026-05-30 05:00:00,12.8,10.8,227.0,9.0,4.4,52.0,28.3,61,0.0,13.3
Hyderabad,17.385,78.4867,2026-05-30 06:00:00,12.6,10.1,250.0,8.3,4.5,54.0,28.2,63,0.0,14.2
Hyderabad,17.385,78.4867,2026-05-30 07:00:00,14.3,10.9,283.0,7.2,4.7,58.0,29.2,59,0.0,16.3
Hyderabad,17.385,78.4867,2026-05-30 08:00:00,17.2,12.0,298.0,6.0,4.8,66.0,30.6,53,0.0,15.4
Hyderabad,17.385,78.4867,2026-05-30 09:00:00,21.9,14.1,279.0,4.6,4.7,82.0,32.3,45,0.0,15.5
Hyderabad,17.385,78.4867,2026-05-30 10:00:00,27.5,16.5,244.0,3.2,4.5,103.0,33.8,38,0.0,16.1
Hyderabad,17.385,78.4867,2026-05-30 11:00:00,32.0,18.4,216.0,2.1,4.3,119.0,34.6,37,0.0,15.9
Hyderabad,17.385,78.4867,2026-05-30 12:00:00,34.7,19.5,205.0,1.7,4.3,127.0,35.8,30,0.0,15.3
Hyderabad,17.385,78.4867,2026-05-30 13:00:00,35.9,20.1,201.0,1.7,4.2,131.0,36.6,26,0.0,14.6
Hyderabad,17.385,78.4867,2026-05-30 14:00:00,35.6,20.1,207.0,2.0,4.2,132.0,37.0,25,0.0,13.9
Hyderabad,17.385,78.4867,2026-05-30 15:00:00,34.8,19.7,213.0,1.8,3.9,132.0,36.8,25,0.0,12.1
Hyderabad,17.385,78.4867,2026-05-30 16:00:00,33.2,18.9,228.0,1.9,3.5,130.0,36.4,26,0.0,11.2
Hyderabad,17.385,78.4867,2026-05-30 17:00:00,33.4,18.1,278.0,5.4,4.3,121.0,36.5,27,0.0,11.4
Hyderabad,17.385,78.4867,2026-05-30 18:00:00,36.7,24.2,385.0,17.3,6.4,97.0,35.8,28,0.0,8.5
Hyderabad,17.385,78.4867,2026-05-30 19:00:00,46.0,33.5,528.0,33.4,9.3,64.0,35.0,30,0.0,7.4
Hyderabad,17.385,78.4867,2026-05-30 20:00:00,47.7,37.1,670.0,42.8,11.2,43.0,34.2,33,0.0,5.2
Hyderabad,17.385,78.4867,2026-05-30 21:00:00,39.0,31.0,844.0,39.1,11.0,45.0,33.1,37,0.0,6.4
Hyderabad,17.385,78.4867,2026-05-30 22:00:00,28.3,22.5,1016.0,28.7,9.7,59.0,31.6,42,0.0,8.5
Hyderabad,17.385,78.4867,2026-05-30 23:00:00,21.1,17.1,1052.0,19.9,9.0,70.0,31.1,44,0.0,10.6
Hyderabad,17.385,78.4867,2026-05-31 00:00:00,17.9,14.8,826.0,15.8,9.8,74.0,30.3,48,0.0,9.7
Hyderabad,17.385,78.4867,2026-05-31 01:00:00,17.4,14.7,464.0,13.3,11.2,76.0,29.7,52,0.0,10.0
Hyderabad,17.385,78.4867,2026-05-31 02:00:00,18.7,15.8,202.0,11.5,11.5,75.0,29.3,55,0.0,11.0
Hyderabad,17.385,78.4867,2026-05-31 03:00:00,19.1,16.2,155.0,10.4,9.5,69.0,28.9,57,0.0,10.4
Hyderabad,17.385,78.4867,2026-05-31 04:00:00,17.8,15.4,209.0,10.1,6.3,61.0,28.7,57,0.0,12.1
Hyderabad,17.385,78.4867,2026-05-31 05:00:00,21.1,18.6,255.0,10.0,3.9,54.0,28.2,63,0.0,11.3
Hyderabad,17.385,78.4867,2026-05-31 06:00:00,22.0,18.5,258.0,8.9,4.7,61.0,28.6,62,0.0,12.1
Hyderabad,17.385,78.4867,2026-05-31 07:00:00,24.4,19.7,254.0,7.3,5.8,70.0,30.0,53,0.0,15.2
Hyderabad,17.385,78.4867,2026-05-31 08:00:00,30.2,22.0,244.0,5.8,6.7,82.0,31.3,50,0.0,17.3
Hyderabad,17.385,78.4867,2026-05-31 09:00:00,37.4,24.5,223.0,4.3,7.1,97.0,32.7,45,0.1,17.1
Hyderabad,17.385,78.4867,2026-05-31 10:00:00,42.7,26.0,196.0,2.8,7.3,114.0,30.7,51,0.4,16.3
Hyderabad,17.385,78.4867,2026-05-31 11:00:00,47.3,26.9,177.0,1.7,7.2,126.0,31.8,50,0.0,14.6
Hyderabad,17.385,78.4867,2026-05-31 12:00:00,50.4,27.4,171.0,1.3,6.7,130.0,33.9,39,0.0,14.7
Hyderabad,17.385,78.4867,2026-05-31 13:00:00,53.7,27.7,172.0,1.2,6.0,129.0,34.8,35,0.0,12.2
Hyderabad,17.385,78.4867,2026-05-31 14:00:00,54.6,27.1,178.0,1.5,5.3,126.0,35.5,33,0.0,11.4
Hyderabad,17.385,78.4867,2026-05-31 15:00:00,55.2,26.3,184.0,1.1,4.6,124.0,35.7,32,0.0,10.1
Hyderabad,17.385,78.4867,2026-05-31 16:00:00,55.3,25.6,194.0,1.0,3.9,120.0,35.8,31,0.0,9.9
Hyderabad,17.385,78.4867,2026-05-31 17:00:00,39.6,17.2,219.0,3.3,3.9,113.0,35.0,32,0.0,8.8
Hyderabad,17.385,78.4867,2026-05-31 18:00:00,39.6,20.5,261.0,12.7,5.8,93.0,34.9,31,0.0,8.5
Hyderabad,17.385,78.4867,2026-05-31 19:00:00,47.1,27.9,317.0,25.6,8.4,65.0,34.1,33,0.0,7.2
Hyderabad,17.385,78.4867,2026-05-31 20:00:00,52.7,34.0,389.0,34.3,10.1,44.0,33.3,36,0.0,6.1
Hyderabad,17.385,78.4867,2026-05-31 21:00:00,52.3,35.5,509.0,35.2,10.1,38.0,31.9,39,0.0,6.7
Hyderabad,17.385,78.4867,2026-05-31 22:00:00,47.8,33.3,645.0,32.0,9.3,39.0,31.0,40,0.0,6.5
Hyderabad,17.385,78.4867,2026-05-31 23:00:00,41.3,28.0,703.0,27.9,8.4,42.0,30.3,43,0.0,8.6
Hyderabad,17.385,78.4867,2026-06-01 00:00:00,38.1,23.6,612.0,23.5,7.5,45.0,29.5,46,0.0,9.2
Hyderabad,17.385,78.4867,2026-06-01 01:00:00,43.1,23.5,443.0,18.2,6.6,51.0,28.9,48,0.0,8.2
Hyderabad,17.385,78.4867,2026-06-01 02:00:00,48.5,24.3,312.0,14.0,5.9,56.0,28.2,50,0.0,8.1
Hyderabad,17.385,78.4867,2026-06-01 03:00:00,50.5,24.0,264.0,11.5,5.6,60.0,27.8,50,0.0,7.3
Hyderabad,17.385,78.4867,2026-06-01 04:00:00,45.2,22.1,255.0,10.1,5.5,64.0,27.4,51,0.0,6.7
Hyderabad,17.385,78.4867,2026-06-01 05:00:00,53.1,26.8,264.0,13.2,5.9,52.0,27.9,49,0.0,10.3
Hyderabad,17.385,78.4867,2026-06-01 06:00:00,49.2,26.8,303.0,12.2,6.6,62.0,28.2,47,0.0,10.3
Hyderabad,17.385,78.4867,2026-06-01 07:00:00,44.9,26.1,361.0,10.8,7.6,76.0,29.6,44,0.0,9.7
Hyderabad,17.385,78.4867,2026-06-01 08:00:00,41.6,23.6,386.0,9.0,8.1,92.0,31.4,38,0.0,10.6
Hyderabad,17.385,78.4867,2026-06-01 09:00:00,36.1,20.8,343.0,6.6,7.6,110.0,33.1,34,0.0,9.2
Hyderabad,17.385,78.4867,2026-06-01 10:00:00,31.1,17.0,268.0,4.0,6.7,129.0,34.7,29,0.0,8.7
Hyderabad,17.385,78.4867,2026-06-01 11:00:00,26.7,13.5,212.0,2.1,5.9,143.0,34.8,30,0.0,7.8
Hyderabad,17.385,78.4867,2026-06-01 12:00:00,25.3,12.7,197.0,1.5,5.5,149.0,35.4,28,0.0,7.4
Hyderabad,17.385,78.4867,2026-06-01 13:00:00,25.0,12.6,202.0,1.6,5.4,150.0,35.8,26,0.0,8.5
Hyderabad,17.385,78.4867,2026-06-01 14:00:00,25.4,12.9,215.0,2.0,5.2,149.0,35.6,27,0.0,7.7
Hyderabad,17.385,78.4867,2026-06-01 15:00:00,25.1,12.9,233.0,1.2,4.7,149.0,35.4,29,0.0,6.9
Hyderabad,17.385,78.4867,2026-06-01 16:00:00,24.6,12.8,259.0,0.8,4.2,146.0,35.3,30,0.0,6.5
Hyderabad,17.385,78.4867,2026-06-01 17:00:00,48.5,22.9,290.0,5.0,5.5,141.0,35.1,31,0.0,6.7
Hyderabad,17.385,78.4867,2026-06-01 18:00:00,51.0,28.5,317.0,20.4,8.9,116.0,34.3,33,0.0,6.2
Hyderabad,17.385,78.4867,2026-06-01 19:00:00,65.0,41.3,349.0,41.6,13.5,82.0,33.7,34,0.0,6.3
Hyderabad,17.385,78.4867,2026-06-01 20:00:00,78.5,53.9,411.0,57.0,16.8,54.0,33.5,35,0.0,6.3
Hyderabad,17.385,78.4867,2026-06-01 21:00:00,88.9,63.8,543.0,61.6,17.7,39.0,33.2,36,0.0,6.1
Hyderabad,17.385,78.4867,2026-06-01 22:00:00,93.1,68.2,706.0,60.4,17.2,32.0,31.8,40,0.0,6.8
Hyderabad,17.385,78.4867,2026-06-01 23:00:00,89.2,65.2,807.0,56.9,16.0,29.0,29.7,47,0.0,5.9
Hyderabad,17.385,78.4867,2026-06-02 00:00:00,80.1,57.4,799.0,51.3,13.8,32.0,29.4,50,0.0,7.0
Hyderabad,17.385,78.4867,2026-06-02 01:00:00,66.6,46.4,729.0,43.3,10.8,41.0,29.3,50,0.0,6.0
Hyderabad,17.385,78.4867,2026-06-02 02:00:00,57.2,38.3,643.0,35.5,8.6,50.0,28.5,53,0.0,9.9
Hyderabad,17.385,78.4867,2026-06-02 03:00:00,52.9,35.2,536.0,28.4,7.7,58.0,27.9,55,0.0,6.2
Hyderabad,17.385,78.4867,2026-06-02 04:00:00,45.5,30.3,413.0,21.5,7.5,66.0,27.7,58,0.0,9.9
Hyderabad,17.385,78.4867,2026-06-02 05:00:00,65.2,40.0,332.0,20.2,11.6,68.0,28.4,54,0.0,5.8
Hyderabad,17.385,78.4867,2026-06-02 06:00:00,64.5,40.5,334.0,18.3,11.5,79.0,28.2,56,0.0,5.8
Hyderabad,17.385,78.4867,2026-06-02 07:00:00,65.4,39.9,378.0,15.6,11.2,94.0,29.2,52,0.0,6.0
Hyderabad,17.385,78.4867,2026-06-02 08:00:00,74.7,39.7,403.0,12.6,10.5,109.0,30.0,48,0.0,5.6
Hyderabad,17.385,78.4867,2026-06-02 09:00:00,85.0,41.3,380.0,9.0,9.0,125.0,31.9,42,0.0,5.4
Hyderabad,17.385,78.4867,2026-06-02 10:00:00,88.2,41.4,339.0,5.1,7.1,141.0,33.6,38,0.0,5.1
Hyderabad,17.385,78.4867,2026-06-02 11:00:00,82.7,38.8,303.0,2.3,5.6,152.0,34.3,36,0.0,9.2
Hyderabad,17.385,78.4867,2026-06-02 12:00:00,77.5,36.2,279.0,1.4,4.8,154.0,34.1,37,0.3,7.9
Hyderabad,17.385,78.4867,2026-06-02 13:00:00,73.8,34.2,261.0,1.5,4.4,151.0,34.9,36,0.0,7.0
Hyderabad,17.385,78.4867,2026-06-02 14:00:00,70.8,32.7,257.0,2.0,4.1,147.0,35.5,34,0.0,7.7
Hyderabad,17.385,78.4867,2026-06-02 15:00:00,68.9,31.7,266.0,0.9,3.6,146.0,35.1,35,0.0,7.9
Hyderabad,17.385,78.4867,2026-06-02 16:00:00,68.7,31.4,289.0,0.2,3.2,143.0,34.8,33,0.2,7.2
Hyderabad,17.385,78.4867,2026-06-02 17:00:00,44.6,21.0,333.0,4.5,3.5,131.0,35.3,33,0.1,6.8
Hyderabad,17.385,78.4867,2026-06-02 18:00:00,45.9,24.4,410.0,13.9,5.3,112.0,34.7,34,0.0,3.7
Hyderabad,17.385,78.4867,2026-06-02 19:00:00,51.3,31.3,507.0,27.3,7.8,85.0,34.2,35,0.0,1.9
Hyderabad,17.385,78.4867,2026-06-02 20:00:00,62.2,41.1,595.0,40.5,10.6,61.0,33.5,38,0.0,3.9
Hyderabad,17.385,78.4867,2026-06-02 21:00:00,73.3,51.5,688.0,55.3,14.0,40.0,32.7,41,0.0,2.9
Hyderabad,17.385,78.4867,2026-06-02 22:00:00,82.7,60.5,771.0,70.0,17.6,23.0,31.9,45,0.0,4.6
Hyderabad,17.385,78.4867,2026-06-02 23:00:00,88.2,65.9,773.0,74.9,19.4,17.0,31.0,48,0.0,6.1
Hyderabad,17.385,78.4867,2026-06-03 00:00:00,88.5,65.9,620.0,62.0,17.8,33.0,30.4,49,0.0,5.3
Hyderabad,17.385,78.4867,2026-06-03 01:00:00,75.0,54.6,386.0,39.4,14.4,62.0,29.6,52,0.0,6.2
Hyderabad,17.385,78.4867,2026-06-03 02:00:00,42.6,29.8,217.0,21.6,11.5,82.0,28.5,53,0.0,11.7
Hyderabad,17.385,78.4867,2026-06-03 03:00:00,31.7,23.2,181.0,14.8,9.9,83.0,28.4,53,0.0,8.4
Hyderabad,17.385,78.4867,2026-06-03 04:00:00,28.5,20.8,211.0,12.9,8.8,76.0,28.2,52,0.0,7.4
Hyderabad,17.385,78.4867,2026-06-03 05:00:00,40.0,26.5,252.0,16.7,7.9,65.0,27.3,60,0.0,7.4
Hyderabad,17.385,78.4867,2026-06-03 06:00:00,39.1,27.2,301.0,14.8,8.0,75.0,26.8,63,0.0,8.5
Hyderabad,17.385,78.4867,2026-06-03 07:00:00,37.1,25.7,362.0,12.2,8.1,88.0,28.1,60,0.0,11.0
Hyderabad,17.385,78.4867,2026-06-03 08:00:00,34.5,22.9,390.0,9.5,7.9,103.0,29.8,55,0.0,12.4
Hyderabad,17.385,78.4867,2026-06-03 09:00:00,31.4,20.0,353.0,6.8,7.2,119.0,31.3,49,0.0,12.6
Hyderabad,17.385,78.4867,2026-06-03 10:00:00,29.9,18.0,282.0,4.0,6.2,135.0,33.0,42,0.0,13.0
Hyderabad,17.385,78.4867,2026-06-03 11:00:00,32.8,18.7,231.0,2.1,5.4,147.0,33.2,44,0.0,12.7
Hyderabad,17.385,78.4867,2026-06-03 12:00:00,31.9,18.3,220.0,1.5,5.1,150.0,33.2,43,0.0,11.4
Hyderabad,17.385,78.4867,2026-06-03 13:00:00,31.3,18.3,229.0,1.7,4.9,148.0,33.7,41,0.0,10.1
Hyderabad,17.385,78.4867,2026-06-03 14:00:00,31.5,18.6,244.0,2.2,4.9,146.0,34.2,38,0.0,8.3
Hyderabad,17.385,78.4867,2026-06-03 15:00:00,32.0,19.1,265.0,1.9,4.7,147.0,34.4,37,0.1,7.1
Hyderabad,17.385,78.4867,2026-06-03 16:00:00,33.1,19.8,292.0,1.8,4.6,147.0,34.1,37,0.1,8.0
Hyderabad,17.385,78.4867,2026-06-03 17:00:00,21.0,13.6,315.0,4.9,5.1,141.0,33.5,38,0.0,10.2
Hyderabad,17.385,78.4867,2026-06-03 18:00:00,21.9,15.9,333.0,14.0,6.4,118.0,32.6,41,0.0,8.6
Hyderabad,17.385,78.4867,2026-06-03 19:00:00,29.9,23.9,346.0,26.2,8.0,85.0,32.2,44,0.0,10.4
Hyderabad,17.385,78.4867,2026-06-03 20:00:00,33.6,27.8,348.0,33.7,9.1,63.0,31.2,50,0.0,11.6
Hyderabad,17.385,78.4867,2026-06-03 21:00:00,30.7,25.4,334.0,31.9,8.8,60.0,30.1,55,0.0,9.3
Hyderabad,17.385,78.4867,2026-06-03 22:00:00,27.9,22.8,309.0,25.3,7.8,67.0,29.8,56,0.0,7.4
Hyderabad,17.385,78.4867,2026-06-03 23:00:00,25.8,20.7,281.0,19.6,7.3,73.0,29.4,58,0.0,10.4
Hyderabad,17.385,78.4867,2026-06-04 00:00:00,24.4,19.0,248.0,16.9,8.0,73.0,28.7,61,0.0,12.4
Hyderabad,17.385,78.4867,2026-06-04 01:00:00,24.8,18.6,213.0,15.1,9.2,72.0,27.9,63,0.0,12.5
Hyderabad,17.385,78.4867,2026-06-04 02:00:00,27.2,19.6,192.0,13.8,9.7,70.0,27.3,64,0.0,11.3
Hyderabad,17.385,78.4867,2026-06-04 03:00:00,28.5,20.4,193.0,13.0,8.7,65.0,27.2,63,0.0,11.0
Hyderabad,17.385,78.4867,2026-06-04 04:00:00,27.9,20.1,208.0,12.6,6.9,60.0,26.9,64,0.0,11.4
Hyderabad,17.385,78.4867,2026-06-04 05:00:00,25.0,18.4,232.0,10.4,5.3,63.0,27.0,67,0.0,13.4
Hyderabad,17.385,78.4867,2026-06-04 06:00:00,23.7,18.2,276.0,9.9,5.4,65.0,27.2,64,0.0,15.0
Hyderabad,17.385,78.4867,2026-06-04 07:00:00,24.7,18.7,329.0,9.1,5.6,69.0,28.1,60,0.0,14.4
Hyderabad,17.385,78.4867,2026-06-04 08:00:00,27.1,19.3,357.0,7.9,5.5,76.0,29.5,55,0.0,13.7
Hyderabad,17.385,78.4867,2026-06-04 09:00:00,31.8,20.2,335.0,5.9,4.9,91.0,30.2,52,0.0,13.0
Hyderabad,17.385,78.4867,2026-06-04 10:00:00,35.2,20.8,287.0,3.6,4.1,109.0,32.0,46,0.0,12.3
Hyderabad,17.385,78.4867,2026-06-04 11:00:00,35.4,20.4,250.0,1.9,3.4,123.0,33.9,41,0.0,11.9
Hyderabad,17.385,78.4867,2026-06-04 12:00:00,33.4,19.3,238.0,1.4,3.1,128.0,34.0,38,0.3,12.0
Hyderabad,17.385,78.4867,2026-06-04 13:00:00,31.1,18.2,237.0,1.5,2.9,127.0,34.2,38,0.1,11.8
Hyderabad,17.385,78.4867,2026-06-04 14:00:00,27.7,16.2,245.0,2.0,2.8,125.0,34.4,39,0.2,9.7
Hyderabad,17.385,78.4867,2026-06-04 15:00:00,24.6,14.8,254.0,2.0,2.6,124.0,35.0,37,0.0,8.8
Hyderabad,17.385,78.4867,2026-06-04 16:00:00,26.9,16.8,271.0,2.3,2.4,120.0,34.5,37,0.0,9.9
Hyderabad,17.385,78.4867,2026-06-04 17:00:00,23.7,14.8,321.0,4.2,2.9,119.0,33.6,39,0.0,11.2
Hyderabad,17.385,78.4867,2026-06-04 18:00:00,23.9,16.8,443.0,15.4,4.8,98.0,32.7,42,0.0,8.6
Hyderabad,17.385,78.4867,2026-06-04 19:00:00,32.4,25.0,596.0,30.7,7.5,70.0,31.8,47,0.3,9.8
Hyderabad,17.385,78.4867,2026-06-04 20:00:00,41.8,33.9,683.0,41.2,9.3,48.0,31.3,48,0.0,6.1
Hyderabad,17.385,78.4867,2026-06-04 21:00:00,42.7,35.3,650.0,42.9,9.5,40.0,30.8,51,0.0,5.5
Hyderabad,17.385,78.4867,2026-06-04 22:00:00,40.5,33.8,551.0,39.8,8.9,39.0,29.8,58,0.0,7.1
Hyderabad,17.385,78.4867,2026-06-04 23:00:00,35.5,29.4,450.0,35.3,8.5,40.0,28.3,65,0.0,7.4
Hyderabad,17.385,78.4867,2026-06-05 00:00:00,30.3,25.1,357.0,29.5,8.8,44.0,28.0,65,0.0,7.5
Hyderabad,17.385,78.4867,2026-06-05 01:00:00,23.5,19.7,263.0,22.2,9.2,51.0,27.6,66,0.0,7.5
Hyderabad,17.385,78.4867,2026-06-05 02:00:00,15.5,13.2,197.0,16.3,9.1,55.0,27.5,66,0.0,8.4
Hyderabad,17.385,78.4867,2026-06-05 03:00:00,10.7,8.8,176.0,13.1,7.7,52.0,27.4,65,0.0,9.2
Hyderabad,17.385,78.4867,2026-06-05 04:00:00,8.7,7.0,184.0,11.4,5.7,47.0,27.2,65,0.0,9.6
Hyderabad,17.385,78.4867,2026-06-05 05:00:00,7.1,5.9,206.0,9.2,3.9,46.0,26.6,73,0.0,15.0
Hyderabad,17.385,78.4867,2026-06-05 06:00:00,9.0,7.3,251.0,8.8,4.4,50.0,26.3,76,0.1,14.2
Hyderabad,17.385,78.4867,2026-06-05 07:00:00,11.6,9.0,310.0,8.1,5.0,57.0,27.2,71,0.0,15.2
Hyderabad,17.385,78.4867,2026-06-05 08:00:00,15.7,11.1,347.0,7.1,5.3,67.0,28.6,65,0.0,13.2
Hyderabad,17.385,78.4867,2026-06-05 09:00:00,20.5,13.4,338.0,5.5,5.0,85.0,29.1,62,0.0,12.4
Hyderabad,17.385,78.4867,2026-06-05 10:00:00,24.4,15.0,306.0,3.5,4.3,106.0,29.6,60,0.0,12.0
Hyderabad,17.385,78.4867,2026-06-05 11:00:00,27.6,16.4,283.0,2.1,3.9,122.0,30.3,58,0.0,11.8
Hyderabad,17.385,78.4867,2026-06-05 12:00:00,31.7,18.2,279.0,1.6,3.9,128.0,31.0,55,0.0,12.1
Hyderabad,17.385,78.4867,2026-06-05 13:00:00,36.7,20.4,284.0,1.8,4.0,129.0,31.7,52,0.0,11.6
Hyderabad,17.385,78.4867,2026-06-05 14:00:00,41.0,22.3,295.0,2.4,4.2,128.0,32.4,49,0.0,10.5
Hyderabad,17.385,78.4867,2026-06-05 15:00:00,51.9,28.9,309.0,3.1,4.2,126.0,33.2,46,0.0,8.8
Hyderabad,17.385,78.4867,2026-06-05 16:00:00,50.3,28.7,329.0,4.2,4.2,123.0,33.5,43,0.0,8.0
Hyderabad,17.385,78.4867,2026-06-05 17:00:00,54.1,31.4,366.0,7.0,6.2,115.0,32.3,45,0.0,7.1
Hyderabad,17.385,78.4867,2026-06-05 18:00:00,52.2,33.6,447.0,16.3,7.8,98.0,32.1,47,0.0,6.7
Hyderabad,17.385,78.4867,2026-06-05 19:00:00,58.7,40.4,545.0,29.0,9.9,74.0,31.8,49,0.0,6.3
Hyderabad,17.385,78.4867,2026-06-05 20:00:00,65.9,47.1,590.0,38.1,11.3,55.0,31.4,53,0.0,5.6
Hyderabad,17.385,78.4867,2026-06-05 21:00:00,70.3,51.7,535.0,40.6,11.2,45.0,30.8,56,0.0,7.0
Hyderabad,17.385,78.4867,2026-06-05 22:00:00,68.5,51.5,427.0,39.5,10.4,40.0,29.8,60,0.0,10.4
Hyderabad,17.385,78.4867,2026-06-05 23:00:00,59.1,44.9,333.0,36.0,9.5,40.0,25.3,85,0.0,16.7
Hyderabad,17.385,78.4867,2026-06-06 00:00:00,48.7,37.0,276.0,29.2,8.7,48.0,25.8,80,0.3,11.1
Hyderabad,17.385,78.4867,2026-06-06 01:00:00,40.9,31.4,234.0,20.0,7.8,61.0,24.5,85,1.5,13.2
Hyderabad,17.385,78.4867,2026-06-06 02:00:00,36.3,27.4,210.0,12.9,7.0,71.0,23.8,91,4.0,15.8
Hyderabad,17.385,78.4867,2026-06-06 03:00:00,38.6,28.7,206.0,9.9,6.3,76.0,23.7,89,1.3,16.7
Hyderabad,17.385,78.4867,2026-06-06 04:00:00,42.4,29.9,221.0,8.9,5.7,78.0,23.7,89,0.1,10.7
Hyderabad,17.385,78.4867,2026-06-06 05:00:00,29.2,22.9,251.0,6.5,3.8,92.0,26.7,70,0.0,11.6
Hyderabad,17.385,78.4867,2026-06-06 06:00:00,28.8,23.1,314.0,7.9,4.7,91.0,26.6,70,0.0,9.9
Hyderabad,17.385,78.4867,2026-06-06 07:00:00,33.1,24.0,393.0,9.7,5.9,91.0,27.3,66,0.0,9.2
Hyderabad,17.385,78.4867,2026-06-06 08:00:00,34.7,24.2,429.0,10.3,6.8,95.0,29.3,60,0.0,9.5
Hyderabad,17.385,78.4867,2026-06-06 09:00:00,35.9,24.6,383.0,8.4,7.3,110.0,31.2,53,0.0,9.8
Hyderabad,17.385,78.4867,2026-06-06 10:00:00,38.5,25.4,294.0,5.3,7.6,129.0,32.9,45,0.0,10.9
Hyderabad,17.385,78.4867,2026-06-06 11:00:00,45.8,27.4,229.0,2.9,7.6,143.0,34.2,40,0.0,10.8
Hyderabad,17.385,78.4867,2026-06-06 12:00:00,53.3,29.0,214.0,2.0,7.2,145.0,33.7,42,0.1,9.2
Hyderabad,17.385,78.4867,2026-06-06 13:00:00,53.9,28.5,221.0,1.8,6.5,141.0,34.5,39,0.0,6.9
Hyderabad,17.385,78.4867,2026-06-06 14:00:00,53.6,27.9,235.0,2.2,6.0,136.0,35.2,38,0.0,7.2
Hyderabad,17.385,78.4867,2026-06-06 15:00:00,51.9,27.2,245.0,2.0,5.8,134.0,34.8,37,0.0,8.0
Hyderabad,17.385,78.4867,2026-06-06 16:00:00,51.0,26.6,261.0,2.3,5.7,131.0,34.4,38,0.0,7.8
Hyderabad,17.385,78.4867,2026-06-06 17:00:00,51.0,28.4,295.0,10.2,7.7,109.0,33.6,39,0.0,0.2
Hyderabad,17.385,78.4867,2026-06-06 18:00:00,49.6,32.0,373.0,19.6,8.8,89.0,31.7,48,0.2,4.7
Hyderabad,17.385,78.4867,2026-06-06 19:00:00,55.8,37.3,469.0,32.3,10.3,62.0,30.8,52,0.3,1.3
Hyderabad,17.385,78.4867,2026-06-06 20:00:00,60.8,41.7,517.0,40.1,11.1,43.0,30.9,52,0.0,5.3
Hyderabad,17.385,78.4867,2026-06-06 21:00:00,61.7,43.0,475.0,38.6,10.7,40.0,30.6,54,0.0,1.9
Hyderabad,17.385,78.4867,2026-06-06 22:00:00,59.6,41.2,386.0,32.1,9.6,44.0,30.4,50,0.0,7.7
Hyderabad,17.385,78.4867,2026-06-06 23:00:00,51.6,35.4,309.0,25.5,8.6,52.0,29.6,59,0.0,8.2
Hyderabad,17.385,78.4867,2026-06-07 00:00:00,42.8,29.6,265.0,19.6,7.8,63.0,28.7,63,0.0,10.3
Hyderabad,17.385,78.4867,2026-06-07 01:00:00,31.1,23.2,234.0,13.5,7.1,76.0,27.3,71,0.0,17.8
Hyderabad,17.385,78.4867,2026-06-07 02:00:00,25.2,20.0,214.0,9.2,6.5,85.0,27.0,71,0.0,13.9
Hyderabad,17.385,78.4867,2026-06-07 03:00:00,24.9,19.3,203.0,7.8,5.9,86.0,26.6,73,0.0,12.8
Hyderabad,17.385,78.4867,2026-06-07 04:00:00,23.7,17.9,203.0,8.1,5.4,82.0,26.7,74,0.0,12.1
Hyderabad,17.385,78.4867,2026-06-07 05:00:00,18.6,13.1,225.0,8.8,4.1,66.0,24.8,92,0.0,11.8
Hyderabad,17.385,78.4867,2026-06-07 06:00:00,18.3,13.2,292.0,8.6,4.7,65.0,25.2,91,0.5,10.3
Hyderabad,17.385,78.4867,2026-06-07 07:00:00,19.4,14.2,380.0,8.3,5.6,63.0,26.0,87,0.0,7.4
Hyderabad,17.385,78.4867,2026-06-07 08:00:00,23.5,16.6,424.0,7.6,6.3,68.0,27.8,75,0.0,9.8
Hyderabad,17.385,78.4867,2026-06-07 09:00:00,32.9,21.9,383.0,6.2,6.8,84.0,28.1,71,0.0,12.2
Hyderabad,17.385,78.4867,2026-06-07 10:00:00,42.6,26.7,299.0,4.3,7.2,107.0,28.6,68,0.0,12.9
Hyderabad,17.385,78.4867,2026-06-07 11:00:00,48.5,29.3,233.0,2.9,7.3,124.0,31.0,57,0.0,11.2
Hyderabad,17.385,78.4867,2026-06-07 12:00:00,51.0,30.0,208.0,2.2,7.0,132.0,33.2,48,0.2,8.6
Hyderabad,17.385,78.4867,2026-06-07 13:00:00,51.1,29.6,201.0,1.8,6.4,136.0,34.6,41,0.0,7.6
Hyderabad,17.385,78.4867,2026-06-07 14:00:00,49.9,29.0,207.0,1.9,5.9,136.0,35.0,39,0.0,8.9
Hyderabad,17.385,78.4867,2026-06-07 15:00:00,48.7,28.4,212.0,1.4,5.5,135.0,34.9,38,0.0,9.7
Hyderabad,17.385,78.4867,2026-06-07 16:00:00,47.0,27.8,231.0,1.2,5.2,130.0,34.3,39,0.1,9.7
Hyderabad,17.385,78.4867,2026-06-07 17:00:00,49.2,29.3,298.0,4.2,5.4,127.0,33.2,45,0.0,6.0
Hyderabad,17.385,78.4867,2026-06-07 18:00:00,46.1,30.0,483.0,8.5,6.2,112.0,32.0,54,0.0,5.2
Hyderabad,17.385,78.4867,2026-06-07 19:00:00,45.2,31.9,716.0,14.3,7.4,90.0,30.7,56,0.0,10.7
Hyderabad,17.385,78.4867,2026-06-07 20:00:00,47.7,34.0,831.0,18.3,8.1,74.0,29.2,63,0.0,9.0
Hyderabad,17.385,78.4867,2026-06-07 21:00:00,45.1,33.4,715.0,19.0,8.1,67.0,29.2,64,0.0,8.7
Hyderabad,17.385,78.4867,2026-06-07 22:00:00,43.9,32.7,481.0,17.8,7.7,65.0,27.1,76,0.0,18.6
Hyderabad,17.385,78.4867,2026-06-07 23:00:00,42.4,31.5,294.0,16.1,7.2,65.0,26.6,79,0.0,11.0
Hyderabad,17.385,78.4867,2026-06-08 00:00:00,39.8,29.5,223.0,13.7,6.5,67.0,26.0,78,0.0,10.6
Hyderabad,17.385,78.4867,2026-06-08 01:00:00,33.3,24.0,200.0,10.8,5.7,71.0,25.5,80,0.0,12.9
Hyderabad,17.385,78.4867,2026-06-08 02:00:00,23.2,17.7,188.0,8.7,5.1,73.0,25.4,81,0.0,11.9
Hyderabad,17.385,78.4867,2026-06-08 03:00:00,22.3,17.3,169.0,8.2,4.9,69.0,25.5,82,0.0,12.2
Hyderabad,17.385,78.4867,2026-06-08 04:00:00,21.1,16.2,161.0,8.5,4.9,62.0,25.7,80,0.0,12.1
Hyderabad,17.385,78.4867,2026-06-08 05:00:00,21.2,14.9,186.0,8.3,4.7,63.0,24.9,79,0.0,8.7
Hyderabad,17.385,78.4867,2026-06-08 06:00:00,21.2,15.1,282.0,8.5,5.2,63.0,25.0,80,0.0,7.3
Hyderabad,17.385,78.4867,2026-06-08 07:00:00,23.7,16.2,411.0,8.7,5.9,65.0,25.9,76,0.0,7.4
Hyderabad,17.385,78.4867,2026-06-08 08:00:00,30.0,18.6,481.0,8.2,6.3,70.0,27.1,72,0.0,7.2
Hyderabad,17.385,78.4867,2026-06-08 09:00:00,36.7,21.4,431.0,6.4,6.2,83.0,29.2,63,0.0,7.5
Hyderabad,17.385,78.4867,2026-06-08 10:00:00,43.1,23.5,321.0,4.0,5.7,100.0,31.0,55,0.0,7.0
Hyderabad,17.385,78.4867,2026-06-08 11:00:00,46.2,24.0,239.0,2.3,5.3,113.0,31.1,53,0.0,9.3
Hyderabad,17.385,78.4867,2026-06-08 12:00:00,44.9,23.2,217.0,1.8,5.0,119.0,30.8,55,0.1,10.5
Hyderabad,17.385,78.4867,2026-06-08 13:00:00,45.3,23.2,222.0,1.9,4.8,121.0,31.1,55,0.0,10.0
Hyderabad,17.385,78.4867,2026-06-08 14:00:00,45.6,23.4,241.0,2.4,4.5,120.0,31.6,52,0.0,10.4
Hyderabad,17.385,78.4867,2026-06-08 15:00:00,45.5,23.8,278.0,3.1,4.1,118.0,31.3,53,0.0,10.3
Hyderabad,17.385,78.4867,2026-06-08 16:00:00,46.6,25.2,328.0,4.2,3.8,113.0,30.6,57,0.2,10.5
Hyderabad,17.385,78.4867,2026-06-08 17:00:00,36.4,20.8,366.0,9.1,3.2,95.0,29.6,61,0.0,12.2
Hyderabad,17.385,78.4867,2026-06-08 18:00:00,32.0,21.5,380.0,9.8,3.5,89.0,29.4,61,0.0,12.4
Hyderabad,17.385,78.4867,2026-06-08 19:00:00,32.5,22.1,381.0,10.7,4.0,82.0,28.9,65,0.0,9.9
Hyderabad,17.385,78.4867,2026-06-08 20:00:00,34.0,22.4,377.0,11.4,4.8,75.0,29.1,62,0.0,12.2
Hyderabad,17.385,78.4867,2026-06-08 21:00:00,30.9,20.8,373.0,11.6,6.1,72.0,28.6,62,0.0,14.0
Hyderabad,17.385,78.4867,2026-06-08 22:00:00,23.8,17.8,365.0,11.7,7.6,69.0,27.6,68,0.0,13.3
Hyderabad,17.385,78.4867,2026-06-08 23:00:00,18.9,14.9,342.0,11.8,8.7,66.0,27.8,71,0.0,14.6
Hyderabad,17.385,78.4867,2026-06-09 00:00:00,15.7,12.8,290.0,12.2,9.0,60.0,26.9,75,0.0,13.6
Hyderabad,17.385,78.4867,2026-06-09 01:00:00,14.0,11.7,225.0,12.7,8.8,53.0,26.6,77,0.0,12.1
Hyderabad,17.385,78.4867,2026-06-09 02:00:00,13.2,11.3,181.0,13.0,8.3,47.0,26.6,77,0.0,12.1
Hyderabad,17.385,78.4867,2026-06-09 03:00:00,13.6,11.8,174.0,12.9,7.4,44.0,26.5,78,0.0,13.6
Hyderabad,17.385,78.4867,2026-06-09 04:00:00,14.5,11.7,189.0,12.6,6.1,43.0,26.3,79,0.0,14.1
Hyderabad,17.385,78.4867,2026-06-09 05:00:00,18.9,14.6,217.0,10.5,4.6,51.0,25.6,80,0.0,12.7
Hyderabad,17.385,78.4867,2026-06-09 06:00:00,21.1,15.7,273.0,10.0,4.9,54.0,25.6,81,0.0,11.1
Hyderabad,17.385,78.4867,2026-06-09 07:00:00,23.9,16.5,342.0,9.3,5.2,59.0,26.5,79,0.0,11.2
Hyderabad,17.385,78.4867,2026-06-09 08:00:00,24.0,15.5,377.0,8.2,5.4,67.0,27.8,72,0.0,14.1
Hyderabad,17.385,78.4867,2026-06-09 09:00:00,27.2,15.4,343.0,6.2,5.2,80.0,29.0,66,0.0,15.4
Hyderabad,17.385,78.4867,2026-06-09 10:00:00,37.3,18.3,273.0,3.8,4.9,95.0,29.7,62,0.0,15.4
Hyderabad,17.385,78.4867,2026-06-09 11:00:00,44.6,20.9,221.0,2.1,4.5,107.0,29.6,62,0.0,14.1
Hyderabad,17.385,78.4867,2026-06-09 12:00:00,46.4,21.9,193.0,1.5,4.2,113.0,30.4,60,0.0,13.4
Hyderabad,17.385,78.4867,2026-06-09 13:00:00,45.9,21.9,182.0,1.5,3.8,116.0,31.6,56,0.0,11.6
Hyderabad,17.385,78.4867,2026-06-09 14:00:00,43.4,21.1,219.0,2.2,3.6,115.0,32.2,52,0.0,10.9
Hyderabad,17.385,78.4867,2026-06-09 15:00:00,40.4,20.5,359.0,3.6,3.4,110.0,28.7,69,1.0,11.7
Hyderabad,17.385,78.4867,2026-06-09 16:00:00,36.8,20.1,548.0,5.6,3.3,102.0,28.5,69,0.2,14.8
Hyderabad,17.385,78.4867,2026-06-09 17:00:00,51.1,27.4,655.0,5.8,3.7,102.0,27.9,75,0.0,8.3
Hyderabad,17.385,78.4867,2026-06-09 18:00:00,47.1,28.3,601.0,7.4,4.3,97.0,27.7,76,0.1,6.8
Hyderabad,17.385,78.4867,2026-06-09 19:00:00,51.1,31.4,465.0,9.6,5.1,89.0,27.9,75,0.0,10.7
Hyderabad,17.385,78.4867,2026-06-09 20:00:00,48.7,30.3,353.0,11.0,5.7,83.0,27.8,74,0.0,11.1
Hyderabad,17.385,78.4867,2026-06-09 21:00:00,47.1,29.8,307.0,11.0,5.9,79.0,27.5,74,0.0,12.2
Hyderabad,17.385,78.4867,2026-06-09 22:00:00,44.7,28.8,284.0,10.3,5.9,76.0,27.1,74,0.0,13.8
Hyderabad,17.385,78.4867,2026-06-09 23:00:00,43.9,28.3,263.0,9.6,5.8,74.0,27.2,74,0.0,16.1
Hyderabad,17.385,78.4867,2026-06-10 00:00:00,43.1,28.3,231.0,8.9,5.5,73.0,25.6,79,0.0,16.1
Hyderabad,17.385,78.4867,2026-06-10 01:00:00,43.9,28.9,200.0,8.1,5.2,72.0,25.0,81,0.0,15.8
Hyderabad,17.385,78.4867,2026-06-10 02:00:00,40.0,26.4,183.0,7.7,4.9,70.0,25.1,83,0.0,13.0
Hyderabad,17.385,78.4867,2026-06-10 03:00:00,31.0,21.0,188.0,7.9,4.8,63.0,25.1,83,0.0,13.6
Hyderabad,17.385,78.4867,2026-06-10 04:00:00,22.1,15.4,208.0,8.5,4.7,54.0,25.0,83,0.0,13.2
Hyderabad,17.385,78.4867,2026-06-10 05:00:00,15.8,10.1,232.0,7.4,4.0,51.0,25.7,80,0.0,16.1
Hyderabad,17.385,78.4867,2026-06-10 06:00:00,14.6,9.8,265.0,7.2,4.2,50.0,25.9,78,0.0,15.4
Hyderabad,17.385,78.4867,2026-06-10 07:00:00,16.8,10.8,302.0,6.9,4.5,48.0,26.8,75,0.0,15.0
Hyderabad,17.385,78.4867,2026-06-10 08:00:00,22.2,12.5,319.0,6.2,4.7,53.0,27.9,71,0.0,15.7
Hyderabad,17.385,78.4867,2026-06-10 09:00:00,30.5,15.7,295.0,4.9,4.7,69.0,29.3,66,0.0,15.6
Hyderabad,17.385,78.4867,2026-06-10 10:00:00,40.5,19.6,251.0,3.2,4.6,91.0,31.0,60,0.0,15.3
Hyderabad,17.385,78.4867,2026-06-10 11:00:00,47.6,22.6,219.0,2.0,4.5,108.0,31.8,54,0.0,14.2
Hyderabad,17.385,78.4867,2026-06-10 12:00:00,52.0,24.7,211.0,1.6,4.4,117.0,32.7,50,0.0,13.2
Hyderabad,17.385,78.4867,2026-06-10 13:00:00,55.2,26.4,215.0,1.6,4.3,122.0,33.5,47,0.0,11.4
Hyderabad,17.385,78.4867,2026-06-10 14:00:00,59.1,28.1,234.0,2.0,4.3,124.0,33.9,45,0.0,10.0
Hyderabad,17.385,78.4867,2026-06-10 15:00:00,60.8,28.7,268.0,1.9,4.2,126.0,34.0,44,0.0,9.0
Hyderabad,17.385,78.4867,2026-06-10 16:00:00,61.7,28.9,316.0,2.2,4.1,125.0,33.9,45,0.0,7.8
Hyderabad,17.385,78.4867,2026-06-10 17:00:00,52.7,26.3,376.0,7.3,4.1,110.0,32.8,47,0.0,6.5
Hyderabad,17.385,78.4867,2026-06-10 18:00:00,44.5,27.6,474.0,12.4,4.9,95.0,30.2,61,0.7,10.3
Hyderabad,17.385,78.4867,2026-06-10 19:00:00,48.0,30.9,583.0,19.4,6.1,75.0,28.0,68,0.2,10.4
Hyderabad,17.385,78.4867,2026-06-10 20:00:00,46.0,30.3,624.0,23.7,7.0,61.0,27.9,70,0.1,10.5
Hyderabad,17.385,78.4867,2026-06-10 21:00:00,45.1,29.2,534.0,22.9,7.5,59.0,27.7,70,0.0,11.6
Hyderabad,17.385,78.4867,2026-06-10 22:00:00,43.9,28.2,374.0,19.3,7.8,64.0,27.8,67,0.0,11.2
Hyderabad,17.385,78.4867,2026-06-10 23:00:00,40.6,26.0,251.0,15.9,7.7,66.0,28.0,65,0.0,14.5
Hyderabad,17.385,78.4867,2026-06-11 00:00:00,33.5,22.1,211.0,13.2,6.8,63.0,27.5,66,0.0,14.7
Hyderabad,17.385,78.4867,2026-06-11 01:00:00,26.6,18.3,207.0,10.6,5.4,58.0,27.1,67,0.0,15.5
Hyderabad,17.385,78.4867,2026-06-11 02:00:00,23.1,15.8,205.0,8.8,4.4,53.0,27.0,69,0.0,14.5
Hyderabad,17.385,78.4867,2026-06-11 03:00:00,23.1,15.1,187.0,8.3,4.2,48.0,26.7,70,0.0,14.0
Hyderabad,17.385,78.4867,2026-06-11 04:00:00,24.7,15.7,172.0,8.7,4.5,43.0,26.3,70,0.0,14.4
Hyderabad,17.385,78.4867,2026-06-11 05:00:00,27.2,17.6,182.0,8.9,4.8,40.0,25.8,72,0.0,11.3
Hyderabad,17.385,78.4867,2026-06-11 06:00:00,27.8,18.4,248.0,8.3,4.9,43.0,25.9,72,0.0,6.4
Hyderabad,17.385,78.4867,2026-06-11 07:00:00,30.0,19.2,340.0,7.5,5.0,48.0,26.9,67,0.0,2.0
Hyderabad,17.385,78.4867,2026-06-11 08:00:00,33.4,20.1,392.0,6.4,5.0,57.0,28.0,64,0.0,5.8
Hyderabad,17.385,78.4867,2026-06-11 09:00:00,38.5,21.9,361.0,4.9,5.0,75.0,29.3,61,0.0,7.7
Hyderabad,17.385,78.4867,2026-06-11 10:00:00,45.1,24.0,290.0,3.3,4.9,98.0,30.9,57,0.0,8.6
Hyderabad,17.385,78.4867,2026-06-11 11:00:00,48.5,25.3,237.0,2.1,4.8,116.0,31.7,55,0.0,8.6
Hyderabad,17.385,78.4867,2026-06-11 12:00:00,51.2,26.3,222.0,1.6,4.6,124.0,32.8,50,0.0,8.4
Hyderabad,17.385,78.4867,2026-06-11 13:00:00,51.3,26.1,225.0,1.6,4.4,126.0,33.7,47,0.0,8.1
Hyderabad,17.385,78.4867,2026-06-11 14:00:00,50.2,25.4,241.0,2.0,4.2,127.0,34.3,44,0.0,7.2
Hyderabad,17.385,78.4867,2026-06-11 15:00:00,48.7,24.6,266.0,2.0,4.0,128.0,34.5,42,0.0,7.6
Hyderabad,17.385,78.4867,2026-06-11 16:00:00,48.4,24.4,304.0,2.3,3.8,128.0,34.3,42,0.0,8.1
Hyderabad,17.385,78.4867,2026-06-11 17:00:00,43.1,23.3,368.0,5.7,3.8,112.0,34.3,45,0.0,8.0
Hyderabad,17.385,78.4867,2026-06-11 18:00:00,41.7,27.2,489.0,13.4,5.1,96.0,32.5,54,0.0,5.6
Hyderabad,17.385,78.4867,2026-06-11 19:00:00,43.9,30.7,635.0,23.8,6.9,74.0,30.3,63,0.0,8.5
Hyderabad,17.385,78.4867,2026-06-11 20:00:00,40.4,28.9,722.0,30.0,8.4,59.0,29.6,64,0.0,9.6
Hyderabad,17.385,78.4867,2026-06-11 21:00:00,37.6,26.8,709.0,27.8,9.4,59.0,29.3,64,0.0,8.1
Hyderabad,17.385,78.4867,2026-06-11 22:00:00,36.9,25.6,636.0,21.3,10.1,67.0,29.0,60,0.0,8.5
Hyderabad,17.385,78.4867,2026-06-11 23:00:00,36.9,24.6,542.0,16.0,10.8,72.0,28.6,61,0.0,7.4
Hyderabad,17.385,78.4867,2026-06-12 00:00:00,37.0,23.7,418.0,14.2,11.9,72.0,28.0,63,0.0,7.6
Hyderabad,17.385,78.4867,2026-06-12 01:00:00,37.3,23.5,272.0,13.5,13.0,69.0,27.6,61,0.0,8.6
Hyderabad,17.385,78.4867,2026-06-12 02:00:00,36.7,24.0,174.0,12.9,12.9,65.0,27.1,60,0.0,11.2
Hyderabad,17.385,78.4867,2026-06-12 03:00:00,31.1,22.6,161.0,11.9,10.4,58.0,27.0,58,0.0,13.2
Hyderabad,17.385,78.4867,2026-06-12 04:00:00,25.9,19.4,195.0,10.8,6.8,48.0,26.6,65,0.0,12.8
Hyderabad,17.385,78.4867,2026-06-12 05:00:00,25.5,18.5,231.0,11.0,5.0,43.0,25.9,70,0.0,10.8
Hyderabad,17.385,78.4867,2026-06-12 06:00:00,26.3,17.9,259.0,9.6,5.0,45.0,26.2,75,0.0,9.3
Hyderabad,17.385,78.4867,2026-06-12 07:00:00,30.3,18.5,289.0,7.6,5.1,49.0,27.5,72,0.0,11.0
Hyderabad,17.385,78.4867,2026-06-12 08:00:00,35.2,19.7,301.0,5.8,5.0,57.0,28.8,67,0.0,12.8
Hyderabad,17.385,78.4867,2026-06-12 09:00:00,40.9,21.7,281.0,4.3,4.7,72.0,30.4,60,0.0,11.8
Hyderabad,17.385,78.4867,2026-06-12 10:00:00,46.4,23.4,245.0,2.9,4.2,90.0,31.8,54,0.0,11.5
Hyderabad,17.385,78.4867,2026-06-12 11:00:00,48.4,23.9,218.0,2.0,3.8,104.0,30.8,56,0.0,11.4
Hyderabad,17.385,78.4867,2026-06-12 12:00:00,47.5,23.5,210.0,1.5,3.5,111.0,31.8,51,0.0,10.7
Hyderabad,17.385,78.4867,2026-06-12 13:00:00,47.3,23.6,212.0,1.5,3.2,114.0,32.9,47,0.0,10.9
Hyderabad,17.385,78.4867,2026-06-12 14:00:00,46.4,23.3,221.0,1.8,3.0,115.0,33.9,42,0.0,10.0
Hyderabad,17.385,78.4867,2026-06-12 15:00:00,45.8,23.2,233.0,1.5,2.8,118.0,34.1,40,0.0,9.7
Hyderabad,17.385,78.4867,2026-06-12 16:00:00,45.6,23.3,251.0,1.5,2.8,119.0,33.8,41,0.0,9.4
Hyderabad,17.385,78.4867,2026-06-12 17:00:00,38.2,19.9,290.0,5.9,3.7,106.0,34.0,39,0.0,8.3
Hyderabad,17.385,78.4867,2026-06-12 18:00:00,39.0,24.6,371.0,15.6,6.8,87.0,32.9,46,0.0,6.3
Hyderabad,17.385,78.4867,2026-06-12 19:00:00,49.4,34.1,473.0,28.8,11.0,60.0,31.6,53,0.0,6.4
Hyderabad,17.385,78.4867,2026-06-12 20:00:00,56.2,41.3,536.0,37.3,13.5,42.0,30.9,56,0.0,7.2
Hyderabad,17.385,78.4867,2026-06-12 21:00:00,50.3,37.1,535.0,36.9,12.6,40.0,30.4,56,0.0,9.3
Hyderabad,17.385,78.4867,2026-06-12 22:00:00,45.5,32.6,496.0,31.9,10.0,47.0,29.7,58,0.0,8.5
Hyderabad,17.385,78.4867,2026-06-12 23:00:00,42.3,29.0,443.0,26.3,8.0,55.0,28.8,63,0.0,4.8
Hyderabad,17.385,78.4867,2026-06-13 00:00:00,39.7,26.3,372.0,20.7,7.7,64.0,27.9,67,0.0,5.3
Hyderabad,17.385,78.4867,2026-06-13 01:00:00,37.8,24.9,288.0,14.6,8.1,75.0,27.5,68,0.0,6.8
Hyderabad,17.385,78.4867,2026-06-13 02:00:00,34.8,23.5,222.0,10.6,8.4,79.0,27.3,68,0.0,7.2
Hyderabad,17.385,78.4867,2026-06-13 03:00:00,30.9,22.2,180.0,10.5,8.3,71.0,27.2,67,0.0,6.9
Hyderabad,17.385,78.4867,2026-06-13 04:00:00,31.9,23.4,156.0,12.5,8.0,57.0,27.1,64,0.0,10.5
Hyderabad,17.385,78.4867,2026-06-13 05:00:00,38.0,26.5,174.0,16.8,7.0,47.0,25.1,75,0.0,8.9
Hyderabad,17.385,78.4867,2026-06-13 06:00:00,37.7,26.9,275.0,14.3,6.7,48.0,24.5,82,0.3,10.0
Hyderabad,17.385,78.4867,2026-06-13 07:00:00,37.7,26.3,418.0,10.8,6.3,51.0,25.4,80,0.0,6.0
Hyderabad,17.385,78.4867,2026-06-13 08:00:00,39.5,25.1,494.0,7.7,5.9,58.0,26.8,75,0.0,10.4
Hyderabad,17.385,78.4867,2026-06-13 09:00:00,44.1,26.6,436.0,5.3,5.7,75.0,28.2,71,0.0,13.2
Hyderabad,17.385,78.4867,2026-06-13 10:00:00,49.8,28.9,312.0,3.4,5.5,98.0,29.5,65,0.0,13.5
Hyderabad,17.385,78.4867,2026-06-13 11:00:00,54.1,30.6,219.0,2.0,5.3,115.0,31.2,57,0.0,12.4
Hyderabad,17.385,78.4867,2026-06-13 12:00:00,55.5,30.6,198.0,1.4,5.0,122.0,31.6,56,0.0,11.9
Hyderabad,17.385,78.4867,2026-06-13 13:00:00,57.5,30.6,208.0,1.5,4.7,123.0,32.1,54,0.0,12.1
Hyderabad,17.385,78.4867,2026-06-13 14:00:00,58.4,30.2,226.0,1.9,4.5,123.0,32.9,50,0.0,11.2
Hyderabad,17.385,78.4867,2026-06-13 15:00:00,60.1,30.3,229.0,2.1,4.2,123.0,32.8,48,0.0,11.7
Hyderabad,17.385,78.4867,2026-06-13 16:00:00,61.5,29.8,240.0,2.6,4.0,122.0,28.1,67,1.1,5.1
Hyderabad,17.385,78.4867,2026-06-13 17:00:00,59.6,32.5,304.0,11.0,5.2,101.0,30.3,50,0.9,14.1
Hyderabad,17.385,78.4867,2026-06-13 18:00:00,61.2,34.5,486.0,14.9,6.0,90.0,29.0,56,0.1,12.3
Hyderabad,17.385,78.4867,2026-06-13 19:00:00,63.1,37.3,722.0,20.2,7.0,76.0,28.2,62,0.1,7.6
Hyderabad,17.385,78.4867,2026-06-13 20:00:00,65.4,39.5,858.0,23.7,7.6,64.0,27.8,64,0.0,7.9
Hyderabad,17.385,78.4867,2026-06-13 21:00:00,65.7,40.0,812.0,24.0,7.5,59.0,27.0,70,0.0,6.5
Hyderabad,17.385,78.4867,2026-06-13 22:00:00,63.8,38.6,668.0,22.6,6.9,57.0,26.8,71,0.2,4.9
Hyderabad,17.385,78.4867,2026-06-13 23:00:00,60.5,36.0,523.0,20.7,6.4,56.0,25.1,80,0.1,9.4
Hyderabad,17.385,78.4867,2026-06-14 00:00:00,57.2,33.3,399.0,18.3,5.9,57.0,25.7,73,0.3,8.6
Hyderabad,17.385,78.4867,2026-06-14 01:00:00,54.9,31.0,274.0,15.4,5.4,59.0,26.0,69,0.0,8.6
Hyderabad,17.385,78.4867,2026-06-14 02:00:00,53.0,29.2,187.0,13.3,5.4,60.0,26.1,66,0.0,8.6
Hyderabad,17.385,78.4867,2026-06-14 03:00:00,53.0,28.9,159.0,13.1,6.2,55.0,26.1,63,0.0,9.9
Hyderabad,17.385,78.4867,2026-06-14 04:00:00,41.3,25.8,168.0,13.8,7.3,49.0,26.6,58,0.0,14.6
Hyderabad,17.385,78.4867,2026-06-14 05:00:00,32.0,21.2,187.0,12.1,7.9,50.0,26.1,66,0.0,15.3
Hyderabad,17.385,78.4867,2026-06-14 06:00:00,26.4,18.9,216.0,10.8,7.6,54.0,26.0,69,0.0,15.7
Hyderabad,17.385,78.4867,2026-06-14 07:00:00,24.9,18.5,254.0,8.9,7.2,59.0,26.3,71,0.0,15.1
Hyderabad,17.385,78.4867,2026-06-14 08:00:00,28.3,19.0,273.0,7.0,6.8,68.0,26.7,72,0.0,15.6
Hyderabad,17.385,78.4867,2026-06-14 09:00:00,34.2,20.4,253.0,5.1,6.3,82.0,28.1,65,0.0,16.0
Hyderabad,17.385,78.4867,2026-06-14 10:00:00,38.5,21.2,214.0,3.2,5.8,99.0,30.4,57,0.0,15.7
Hyderabad,17.385,78.4867,2026-06-14 11:00:00,39.8,21.1,184.0,1.8,5.3,111.0,30.2,59,0.0,13.5
Hyderabad,17.385,78.4867,2026-06-14 12:00:00,40.9,21.2,175.0,1.2,4.9,116.0,31.5,55,0.0,12.3
Hyderabad,17.385,78.4867,2026-06-14 13:00:00,42.3,21.4,177.0,1.1,4.5,117.0,32.3,52,0.0,12.5
Hyderabad,17.385,78.4867,2026-06-14 14:00:00,43.4,21.4,183.0,1.6,4.3,116.0,32.6,51,0.1,12.7
Hyderabad,17.385,78.4867,2026-06-14 15:00:00,45.5,21.5,177.0,1.9,4.1,116.0,33.0,48,0.0,12.8
Hyderabad,17.385,78.4867,2026-06-14 16:00:00,50.8,22.5,176.0,2.6,4.2,114.0,32.5,47,0.0,13.2
Hyderabad,17.385,78.4867,2026-06-14 17:00:00,77.3,32.9,229.0,6.5,4.9,99.0,32.4,47,0.2,11.3
Hyderabad,17.385,78.4867,2026-06-14 18:00:00,91.0,39.9,382.0,11.9,6.1,85.0,30.6,57,0.1,6.2
Hyderabad,17.385,78.4867,2026-06-14 19:00:00,91.7,43.4,589.0,19.3,7.6,67.0,29.8,63,0.0,5.5
Hyderabad,17.385,78.4867,2026-06-14 20:00:00,95.0,46.2,759.0,24.0,8.6,53.0,29.0,65,0.0,5.9
Hyderabad,17.385,78.4867,2026-06-14 21:00:00,93.8,45.9,883.0,23.7,8.4,49.0,28.3,70,0.0,3.7
Hyderabad,17.385,78.4867,2026-06-14 22:00:00,91.0,44.1,969.0,20.8,7.6,50.0,27.8,69,0.0,6.6
Hyderabad,17.385,78.4867,2026-06-14 23:00:00,87.1,41.3,959.0,17.9,7.0,52.0,26.9,66,0.0,7.6
Hyderabad,17.385,78.4867,2026-06-15 00:00:00,81.7,38.1,777.0,15.8,7.1,54.0,26.7,64,0.0,10.4
Hyderabad,17.385,78.4867,2026-06-15 01:00:00,73.1,35.3,497.0,13.8,7.5,56.0,27.0,57,0.0,13.6
Hyderabad,17.385,78.4867,2026-06-15 02:00:00,57.4,32.1,283.0,12.1,7.6,58.0,27.3,55,0.0,12.9
Hyderabad,17.385,78.4867,2026-06-15 03:00:00,43.8,28.6,202.0,11.1,7.2,58.0,26.8,60,0.0,13.9
Hyderabad,17.385,78.4867,2026-06-15 04:00:00,39.8,27.3,186.0,10.5,6.6,57.0,26.6,62,0.0,14.3
Hyderabad,17.385,78.4867,2026-06-15 05:00:00,32.7,21.9,196.0,7.6,6.3,61.0,26.5,62,0.0,12.4
Hyderabad,17.385,78.4867,2026-06-15 06:00:00,31.1,22.1,240.0,7.8,7.0,62.0,26.4,65,0.0,11.6
Hyderabad,17.385,78.4867,2026-06-15 07:00:00,31.8,22.7,310.0,7.9,7.9,63.0,27.4,63,0.0,10.3
Hyderabad,17.385,78.4867,2026-06-15 08:00:00,34.5,22.1,347.0,7.5,8.3,69.0,28.8,56,0.0,14.3
Hyderabad,17.385,78.4867,2026-06-15 09:00:00,38.2,22.6,315.0,5.8,7.7,82.0,30.2,52,0.0,15.7
Hyderabad,17.385,78.4867,2026-06-15 10:00:00,42.1,23.5,250.0,3.6,6.6,99.0,31.5,49,0.0,15.3
Hyderabad,17.385,78.4867,2026-06-15 11:00:00,50.2,25.3,201.0,1.9,5.6,112.0,32.3,47,0.0,14.0
Hyderabad,17.385,78.4867,2026-06-15 12:00:00,62.6,28.6,186.0,1.3,5.0,117.0,33.0,47,0.0,13.5
Hyderabad,17.385,78.4867,2026-06-15 13:00:00,68.9,30.4,187.0,1.2,4.6,119.0,33.6,45,0.0,13.0
Hyderabad,17.385,78.4867,2026-06-15 14:00:00,71.2,31.3,196.0,1.9,4.4,118.0,33.9,42,0.0,12.5
Hyderabad,17.385,78.4867,2026-06-15 15:00:00,73.3,32.1,185.0,2.2,4.1,117.0,34.0,41,0.0,12.0
Hyderabad,17.385,78.4867,2026-06-15 16:00:00,75.9,32.6,183.0,3.2,4.1,114.0,33.5,41,0.0,11.7
Hyderabad,17.385,78.4867,2026-06-15 17:00:00,89.9,41.3,263.0,8.5,4.8,102.0,33.9,37,0.0,9.2
Hyderabad,17.385,78.4867,2026-06-15 18:00:00,94.5,48.0,495.0,20.3,7.6,83.0,33.2,39,0.0,6.2
Hyderabad,17.385,78.4867,2026-06-15 19:00:00,111.5,58.8,809.0,36.5,11.5,58.0,32.5,47,0.0,2.5
Hyderabad,17.385,78.4867,2026-06-15 20:00:00,121.5,68.2,1073.0,48.4,14.1,37.0,31.5,50,0.0,5.0
Hyderabad,17.385,78.4867,2026-06-15 21:00:00,126.2,73.6,1269.0,52.4,14.5,26.0,30.6,54,0.0,6.4
Hyderabad,17.385,78.4867,2026-06-15 22:00:00,125.7,74.7,1415.0,52.0,13.7,20.0,29.5,57,0.0,6.5
Hyderabad,17.385,78.4867,2026-06-15 23:00:00,121.5,71.5,1427.0,49.2,12.5,19.0,29.2,55,0.0,8.4
Hyderabad,17.385,78.4867,2026-06-16 00:00:00,112.5,64.7,1213.0,43.2,10.8,24.0,28.6,55,0.0,7.0
Hyderabad,17.385,78.4867,2026-06-16 01:00:00,102.9,57.7,865.0,34.8,8.8,33.0,28.3,52,0.0,11.1
Hyderabad,17.385,78.4867,2026-06-16 02:00:00,87.5,48.5,577.0,27.6,7.5,41.0,28.0,52,0.0,9.9
Hyderabad,17.385,78.4867,2026-06-16 03:00:00,74.5,40.0,420.0,23.3,7.6,45.0,27.2,56,0.0,9.8
Hyderabad,17.385,78.4867,2026-06-16 04:00:00,64.5,36.2,322.0,20.2,8.4,48.0,26.9,53,0.0,11.1
Hyderabad,17.385,78.4867,2026-06-16 05:00:00,30.3,22.5,267.0,15.5,8.1,51.0,27.1,53,0.0,13.2
Hyderabad,17.385,78.4867,2026-06-16 06:00:00,23.6,19.4,270.0,13.7,8.2,56.0,27.1,56,0.0,13.0
Hyderabad,17.385,78.4867,2026-06-16 07:00:00,24.2,19.6,316.0,11.1,8.4,63.0,28.2,55,0.0,12.6
Hyderabad,17.385,78.4867,2026-06-16 08:00:00,28.6,20.7,338.0,8.6,8.4,74.0,29.3,53,0.0,13.9
Hyderabad,17.385,78.4867,2026-06-16 09:00:00,32.6,21.8,302.0,6.2,8.0,91.0,31.1,48,0.0,14.5
Hyderabad,17.385,78.4867,2026-06-16 10:00:00,35.0,22.4,243.0,3.9,7.4,110.0,32.6,44,0.0,14.8
Hyderabad,17.385,78.4867,2026-06-16 11:00:00,39.7,23.3,199.0,2.2,6.8,124.0,32.7,45,0.0,12.0
Hyderabad,17.385,78.4867,2026-06-16 12:00:00,43.7,24.0,187.0,1.5,6.1,128.0,33.7,42,0.0,11.8
Hyderabad,17.385,78.4867,2026-06-16 13:00:00,45.4,23.7,191.0,1.5,5.4,127.0,34.3,38,0.0,11.2
Hyderabad,17.385,78.4867,2026-06-16 14:00:00,45.9,23.0,201.0,2.0,4.8,124.0,34.9,34,0.0,9.9
Hyderabad,17.385,78.4867,2026-06-16 15:00:00,46.7,22.8,209.0,1.5,4.1,122.0,35.2,32,0.0,11.2
Hyderabad,17.385,78.4867,2026-06-16 16:00:00,47.7,22.9,223.0,1.5,3.6,118.0,34.9,32,0.0,11.1
Hyderabad,17.385,78.4867,2026-06-16 17:00:00,55.5,27.2,263.0,9.7,4.4,99.0,35.2,30,0.0,8.9
Hyderabad,17.385,78.4867,2026-06-16 18:00:00,61.9,34.2,325.0,20.9,7.3,82.0,34.5,31,0.0,7.8
Hyderabad,17.385,78.4867,2026-06-16 19:00:00,74.0,45.1,414.0,36.3,11.3,58.0,33.9,33,0.0,4.4
Hyderabad,17.385,78.4867,2026-06-16 20:00:00,84.5,55.5,558.0,47.8,14.4,38.0,33.3,36,0.0,4.1
Hyderabad,17.385,78.4867,2026-06-16 21:00:00,92.0,63.3,826.0,52.2,16.1,26.0,32.1,41,0.0,7.3
Hyderabad,17.385,78.4867,2026-06-16 22:00:00,95.5,67.5,1151.0,52.7,16.9,19.0,30.4,50,0.0,8.0
Hyderabad,17.385,78.4867,2026-06-16 23:00:00,92.2,65.2,1359.0,51.1,16.6,16.0,30.3,50,0.0,7.8
Hyderabad,17.385,78.4867,2026-06-17 00:00:00,83.1,57.0,1373.0,47.3,14.5,18.0,29.3,52,0.0,6.8
Hyderabad,17.385,78.4867,2026-06-17 01:00:00,73.6,48.5,1270.0,41.3,11.3,25.0,28.4,56,0.0,5.8
Hyderabad,17.385,78.4867,2026-06-17 02:00:00,64.7,41.2,1112.0,35.3,9.0,31.0,27.9,58,0.0,6.7
Hyderabad,17.385,78.4867,2026-06-17 03:00:00,58.1,35.4,869.0,29.4,8.7,36.0,27.4,59,0.0,6.9
Hyderabad,17.385,78.4867,2026-06-17 04:00:00,52.4,31.9,570.0,23.5,9.4,41.0,27.3,57,0.0,8.0
Hyderabad,17.385,78.4867,2026-06-17 05:00:00,40.4,27.2,361.0,18.5,8.7,45.0,27.5,50,0.0,9.7
Hyderabad,17.385,78.4867,2026-06-17 06:00:00,35.6,26.1,332.0,18.8,9.1,49.0,27.3,49,0.0,8.5
Hyderabad,17.385,78.4867,2026-06-17 07:00:00,34.6,27.5,393.0,18.9,9.5,56.0,28.9,45,0.0,9.7
Hyderabad,17.385,78.4867,2026-06-17 08:00:00,38.3,28.9,426.0,17.5,9.6,68.0,30.6,45,0.0,11.7
Hyderabad,17.385,78.4867,2026-06-17 09:00:00,42.3,29.2,373.0,13.0,9.0,90.0,32.4,42,0.0,10.7
Hyderabad,17.385,78.4867,2026-06-17 10:00:00,46.6,28.3,291.0,7.0,8.0,118.0,34.0,38,0.0,10.6
Hyderabad,17.385,78.4867,2026-06-17 11:00:00,47.3,27.3,230.0,2.6,7.1,137.0,35.0,37,0.0,10.1
Hyderabad,17.385,78.4867,2026-06-17 12:00:00,47.3,26.2,210.0,1.2,6.3,142.0,35.6,32,0.0,10.6
Hyderabad,17.385,78.4867,2026-06-17 13:00:00,45.5,24.6,211.0,1.5,5.6,140.0,35.9,32,0.0,11.6
Hyderabad,17.385,78.4867,2026-06-17 14:00:00,43.4,23.1,219.0,2.2,5.1,135.0,36.2,29,0.0,10.5
Hyderabad,17.385,78.4867,2026-06-17 15:00:00,41.7,21.9,234.0,2.1,4.6,132.0,35.7,30,0.1,10.1
Hyderabad,17.385,78.4867,2026-06-17 16:00:00,41.3,21.7,257.0,2.4,4.3,127.0,35.6,31,0.0,9.5
Hyderabad,17.385,78.4867,2026-06-17 17:00:00,29.0,15.5,279.0,6.9,4.7,110.0,35.6,32,0.0,10.5
Hyderabad,17.385,78.4867,2026-06-17 18:00:00,30.0,18.9,274.0,16.8,6.4,92.0,32.4,43,1.1,15.8
Hyderabad,17.385,78.4867,2026-06-17 19:00:00,37.3,26.2,267.0,30.2,8.8,67.0,32.0,44,0.0,8.2
Hyderabad,17.385,78.4867,2026-06-17 20:00:00,40.9,30.3,333.0,38.8,10.3,49.0,31.7,45,0.0,7.7
Hyderabad,17.385,78.4867,2026-06-17 21:00:00,40.5,30.6,560.0,38.0,10.3,45.0,31.3,47,0.0,7.0
Hyderabad,17.385,78.4867,2026-06-17 22:00:00,37.8,28.8,858.0,32.4,9.5,48.0,30.4,50,0.0,8.4
Hyderabad,17.385,78.4867,2026-06-17 23:00:00,34.9,26.5,1033.0,26.7,8.8,52.0,30.7,45,0.0,4.6
Hyderabad,17.385,78.4867,2026-06-18 00:00:00,31.4,23.5,975.0,22.2,8.4,57.0,29.8,49,0.0,10.0
Hyderabad,17.385,78.4867,2026-06-18 01:00:00,28.6,21.1,793.0,17.7,8.0,64.0,28.5,56,0.0,4.6
Hyderabad,17.385,78.4867,2026-06-18 02:00:00,26.5,19.3,617.0,14.3,7.8,69.0,28.1,58,0.0,4.0
Hyderabad,17.385,78.4867,2026-06-18 03:00:00,24.6,17.6,476.0,12.6,7.8,70.0,27.3,63,0.0,6.5
Hyderabad,17.385,78.4867,2026-06-18 04:00:00,21.8,15.7,340.0,12.1,8.0,70.0,27.5,62,0.0,7.8
Hyderabad,17.385,78.4867,2026-06-18 05:00:00,21.2,16.6,257.0,14.6,7.1,62.0,27.8,63,0.0,8.3
Hyderabad,17.385,78.4867,2026-06-18 06:00:00,20.9,16.8,268.0,14.2,8.0,65.0,28.0,55,0.0,11.4
Hyderabad,17.385,78.4867,2026-06-18 07:00:00,22.9,18.8,332.0,13.6,9.1,70.0,29.4,49,0.0,12.5
Hyderabad,17.385,78.4867,2026-06-18 08:00:00,28.3,21.4,365.0,12.1,9.8,80.0,31.0,45,0.0,12.9
Hyderabad,17.385,78.4867,2026-06-18 09:00:00,35.2,23.5,325.0,9.0,9.5,98.0,32.1,43,0.0,13.7
Hyderabad,17.385,78.4867,2026-06-18 10:00:00,36.6,22.7,254.0,5.2,8.7,121.0,33.4,41,0.0,12.5
Hyderabad,17.385,78.4867,2026-06-18 11:00:00,34.7,21.8,203.0,2.4,7.8,137.0,34.5,38,0.0,13.4
Hyderabad,17.385,78.4867,2026-06-18 12:00:00,33.6,21.5,191.0,1.5,7.0,141.0,34.5,38,0.1,13.2
Hyderabad,17.385,78.4867,2026-06-18 13:00:00,32.2,20.7,198.0,1.7,6.1,139.0,33.9,40,0.0,9.8
Hyderabad,17.385,78.4867,2026-06-18 14:00:00,31.0,19.4,210.0,2.3,5.4,134.0,34.8,39,0.1,9.0
Hyderabad,17.385,78.4867,2026-06-18 15:00:00,30.5,18.3,222.0,2.0,4.6,130.0,35.2,37,0.0,9.6
Hyderabad,17.385,78.4867,2026-06-18 16:00:00,31.3,18.4,240.0,2.2,3.9,123.0,35.0,37,0.0,10.4
Hyderabad,17.385,78.4867,2026-06-18 17:00:00,14.8,11.0,266.0,7.2,4.1,108.0,34.6,36,0.0,7.9
Hyderabad,17.385,78.4867,2026-06-18 18:00:00,18.2,14.0,300.0,21.1,6.9,88.0,33.9,38,0.0,7.6
Hyderabad,17.385,78.4867,2026-06-18 19:00:00,30.0,25.1,343.0,40.0,10.6,60.0,33.5,39,0.0,6.8
Hyderabad,17.385,78.4867,2026-06-18 20:00:00,42.5,37.1,396.0,52.5,13.0,40.0,33.3,38,0.0,5.2
Hyderabad,17.385,78.4867,2026-06-18 21:00:00,52.0,46.8,484.0,52.9,12.8,34.0,33.0,39,0.0,3.8
Hyderabad,17.385,78.4867,2026-06-18 22:00:00,49.9,45.2,582.0,46.9,11.2,35.0,32.1,43,0.0,5.8
Hyderabad,17.385,78.4867,2026-06-18 23:00:00,36.1,32.2,617.0,39.6,9.7,39.0,31.4,43,0.0,7.0
Hyderabad,17.385,78.4867,2026-06-19 00:00:00,26.5,23.1,532.0,31.4,8.6,47.0,30.5,47,0.1,5.7
Hyderabad,17.385,78.4867,2026-06-19 01:00:00,23.3,19.6,385.0,22.0,7.6,59.0,29.9,51,0.0,4.4
Hyderabad,17.385,78.4867,2026-06-19 02:00:00,22.5,18.5,275.0,15.1,7.4,67.0,29.2,55,0.0,1.8
Hyderabad,17.385,78.4867,2026-06-19 03:00:00,22.4,18.0,242.0,13.0,8.9,69.0,28.7,58,0.0,5.0
Hyderabad,17.385,78.4867,2026-06-19 04:00:00,21.2,16.9,246.0,13.4,11.2,67.0,27.9,64,0.0,8.2
Hyderabad,17.385,78.4867,2026-06-19 05:00:00,17.2,14.1,265.0,8.8,8.4,82.0,26.2,73,0.0,12.2
Hyderabad,17.385,78.4867,2026-06-19 06:00:00,18.5,15.3,307.0,9.6,8.3,75.0,26.1,73,0.0,9.2
Hyderabad,17.385,78.4867,2026-06-19 07:00:00,21.5,17.9,364.0,10.7,8.2,65.0,27.4,65,0.0,11.5
Hyderabad,17.385,78.4867,2026-06-19 08:00:00,22.1,17.9,389.0,10.7,8.0,65.0,29.2,56,0.0,13.2
Hyderabad,17.385,78.4867,2026-06-19 09:00:00,24.5,18.7,347.0,8.6,7.9,82.0,30.7,50,0.0,14.6
Hyderabad,17.385,78.4867,2026-06-19 10:00:00,27.3,19.8,273.0,5.4,7.7,108.0,32.1,46,0.0,13.9
Hyderabad,17.385,78.4867,2026-06-19 11:00:00,27.5,18.9,219.0,3.1,7.5,127.0,33.2,44,0.0,10.5
Hyderabad,17.385,78.4867,2026-06-19 12:00:00,26.4,17.6,207.0,2.4,7.1,134.0,33.9,41,0.0,8.9
Hyderabad,17.385,78.4867,2026-06-19 13:00:00,25.4,16.7,214.0,2.6,6.7,134.0,34.7,39,0.0,8.5
Hyderabad,17.385,78.4867,2026-06-19 14:00:00,25.3,16.5,229.0,3.2,6.4,132.0,34.8,38,0.0,8.3
Hyderabad,17.385,78.4867,2026-06-19 15:00:00,25.3,16.6,247.0,3.0,6.0,130.0,34.7,38,0.0,7.8
Hyderabad,17.385,78.4867,2026-06-19 16:00:00,25.6,16.8,272.0,3.2,5.7,126.0,34.3,38,0.0,8.4
Hyderabad,17.385,78.4867,2026-06-19 17:00:00,10.3,8.7,304.0,4.7,5.9,137.0,34.9,34,0.1,9.0
Hyderabad,17.385,78.4867,2026-06-19 18:00:00,13.6,12.1,340.0,15.3,7.4,113.0,34.4,34,0.0,8.1
Hyderabad,17.385,78.4867,2026-06-19 19:00:00,22.4,20.7,383.0,29.9,9.5,80.0,33.6,38,0.0,9.1
Hyderabad,17.385,78.4867,2026-06-19 20:00:00,29.9,27.9,438.0,40.1,11.0,55.0,33.1,40,0.0,8.9
Hyderabad,17.385,78.4867,2026-06-19 21:00:00,34.7,32.6,526.0,42.5,11.2,46.0,32.1,44,0.0,8.0
Hyderabad,17.385,78.4867,2026-06-19 22:00:00,35.6,33.5,626.0,40.5,10.7,44.0,30.9,48,0.0,8.4
Hyderabad,17.385,78.4867,2026-06-19 23:00:00,31.2,29.2,676.0,36.6,10.2,46.0,31.0,48,0.0,5.4
Hyderabad,17.385,78.4867,2026-06-20 00:00:00,24.6,22.8,637.0,30.1,9.7,52.0,30.5,48,0.0,6.4
Hyderabad,17.385,78.4867,2026-06-20 01:00:00,21.8,19.4,548.0,21.7,9.2,61.0,30.0,50,0.0,6.1
Hyderabad,17.385,78.4867,2026-06-20 02:00:00,22.2,18.9,468.0,15.7,8.9,66.0,29.4,50,0.0,8.5
Hyderabad,17.385,78.4867,2026-06-20 03:00:00,22.1,18.5,414.0,14.5,9.2,63.0,29.1,51,0.0,6.8
Hyderabad,17.385,78.4867,2026-06-20 04:00:00,21.8,18.0,369.0,15.7,9.8,55.0,29.1,51,0.0,10.9
Hyderabad,17.385,78.4867,2026-06-20 05:00:00,23.2,18.2,345.0,11.8,6.8,63.0,28.6,51,0.0,9.7
Hyderabad,17.385,78.4867,2026-06-20 06:00:00,23.7,18.8,363.0,12.2,6.7,59.0,28.3,52,0.0,8.0
Hyderabad,17.385,78.4867,2026-06-20 07:00:00,24.1,19.4,402.0,12.6,6.5,54.0,29.7,47,0.0,10.7
Hyderabad,17.385,78.4867,2026-06-20 08:00:00,23.6,19.0,414.0,12.1,6.6,57.0,31.3,43,0.0,15.3
Hyderabad,17.385,78.4867,2026-06-20 09:00:00,23.5,18.6,369.0,9.9,7.2,75.0,32.8,41,0.0,14.8
Hyderabad,17.385,78.4867,2026-06-20 10:00:00,25.6,19.9,297.0,6.9,8.1,100.0,32.6,43,0.0,12.5
Hyderabad,17.385,78.4867,2026-06-20 11:00:00,28.5,21.6,244.0,4.6,8.6,121.0,34.9,37,0.0,11.1
Hyderabad,17.385,78.4867,2026-06-20 12:00:00,30.3,22.2,231.0,3.6,8.4,132.0,36.1,34,0.0,9.3
Hyderabad,17.385,78.4867,2026-06-20 13:00:00,31.0,22.3,237.0,3.2,7.9,137.0,36.8,33,0.0,8.6
Hyderabad,17.385,78.4867,2026-06-20 14:00:00,30.9,22.1,249.0,3.4,7.4,139.0,36.9,33,0.0,8.5
Hyderabad,17.385,78.4867,2026-06-20 15:00:00,30.4,21.8,261.0,3.7,6.8,137.0,36.1,34,0.2,7.4
Hyderabad,17.385,78.4867,2026-06-20 16:00:00,29.6,21.4,278.0,4.5,6.3,131.0,35.7,35,0.1,7.5
Hyderabad,17.385,78.4867,2026-06-20 17:00:00,24.6,19.0,302.0,5.8,5.9,144.0,35.0,36,0.2,3.8
Hyderabad,17.385,78.4867,2026-06-20 18:00:00,25.4,20.9,341.0,11.0,6.3,124.0,34.3,38,0.0,3.4
Hyderabad,17.385,78.4867,2026-06-20 19:00:00,29.9,25.2,387.0,18.1,6.9,96.0,31.5,50,0.5,4.4
Hyderabad,17.385,78.4867,2026-06-20 20:00:00,34.8,29.6,418.0,22.7,7.4,76.0,31.3,51,0.0,7.9
Hyderabad,17.385,78.4867,2026-06-20 21:00:00,38.4,33.3,424.0,22.1,7.6,72.0,30.1,55,0.0,9.7
Hyderabad,17.385,78.4867,2026-06-20 22:00:00,35.3,30.3,415.0,19.0,7.6,77.0,29.1,59,0.0,3.3
Hyderabad,17.385,78.4867,2026-06-20 23:00:00,30.4,25.3,403.0,16.6,7.5,79.0,26.9,72,0.1,6.5
Hyderabad,17.385,78.4867,2026-06-21 00:00:00,25.8,21.9,391.0,16.0,7.3,76.0,27.0,69,0.3,7.1
Hyderabad,17.385,78.4867,2026-06-21 01:00:00,24.4,21.1,376.0,16.0,7.1,70.0,27.5,65,0.0,7.2
Hyderabad,17.385,78.4867,2026-06-21 02:00:00,25.1,22.1,360.0,16.5,7.1,65.0,27.4,64,0.0,8.2
Hyderabad,17.385,78.4867,2026-06-21 03:00:00,26.7,23.4,340.0,18.2,7.8,59.0,26.9,65,0.0,8.5
Hyderabad,17.385,78.4867,2026-06-21 04:00:00,28.9,25.1,318.0,20.3,8.8,53.0,25.9,72,0.7,4.8
Hyderabad,17.385,78.4867,2026-06-21 05:00:00,34.5,24.5,306.0,18.9,10.6,48.0,26.3,69,1.3,9.5
Hyderabad,17.385,78.4867,2026-06-21 06:00:00,27.6,19.8,317.0,17.3,8.8,46.0,26.5,67,0.0,12.1
Hyderabad,17.385,78.4867,2026-06-21 07:00:00,20.4,15.9,338.0,15.0,6.2,44.0,27.1,64,0.0,11.0
Hyderabad,17.385,78.4867,2026-06-21 08:00:00,17.0,14.3,340.0,12.6,4.3,47.0,28.1,61,0.0,10.7
Hyderabad,17.385,78.4867,2026-06-21 09:00:00,17.3,14.4,301.0,9.9,3.7,60.0,29.3,58,0.0,12.0
Hyderabad,17.385,78.4867,2026-06-21 10:00:00,19.7,15.1,243.0,7.2,3.7,78.0,29.6,57,0.0,11.0
Hyderabad,17.385,78.4867,2026-06-21 11:00:00,22.4,16.1,200.0,5.1,3.8,92.0,30.4,56,0.0,7.5
Hyderabad,17.385,78.4867,2026-06-21 12:00:00,24.2,17.0,186.0,4.1,3.6,98.0,31.7,51,0.0,4.6
Hyderabad,17.385,78.4867,2026-06-21 13:00:00,24.7,17.2,188.0,3.8,3.4,100.0,32.6,48,0.0,3.8
Hyderabad,17.385,78.4867,2026-06-21 14:00:00,24.3,16.9,203.0,4.2,3.4,100.0,32.4,48,0.0,3.2
Hyderabad,17.385,78.4867,2026-06-21 15:00:00,24.8,17.2,236.0,5.0,3.6,100.0,32.0,48,0.0,1.8
Hyderabad,17.385,78.4867,2026-06-21 16:00:00,24.8,17.5,282.0,6.4,4.0,97.0,31.5,50,0.0,2.2
Hyderabad,17.385,78.4867,2026-06-21 17:00:00,19.1,14.2,327.0,4.4,2.7,108.0,31.5,52,0.0,5.2
Hyderabad,17.385,78.4867,2026-06-21 18:00:00,24.2,19.7,369.0,9.3,3.9,94.0,30.7,57,0.0,6.9
Hyderabad,17.385,78.4867,2026-06-21 19:00:00,28.5,24.2,409.0,16.0,5.6,76.0,29.8,60,0.0,7.9
Hyderabad,17.385,78.4867,2026-06-21 20:00:00,25.9,22.2,439.0,20.4,6.7,62.0,29.0,64,0.0,6.2
Hyderabad,17.385,78.4867,2026-06-21 21:00:00,24.7,21.0,462.0,20.2,6.5,59.0,28.5,66,0.0,6.5
Hyderabad,17.385,78.4867,2026-06-21 22:00:00,24.9,21.1,475.0,17.6,5.7,61.0,28.2,67,0.0,6.9
Hyderabad,17.385,78.4867,2026-06-21 23:00:00,24.2,20.1,456.0,15.2,5.5,63.0,28.3,68,0.0,10.0
Hyderabad,17.385,78.4867,2026-06-22 00:00:00,22.7,18.6,379.0,13.5,6.4,65.0,27.8,69,0.0,10.4
Hyderabad,17.385,78.4867,2026-06-22 01:00:00,20.8,17.2,272.0,11.9,7.9,66.0,27.4,69,0.0,10.4
Hyderabad,17.385,78.4867,2026-06-22 02:00:00,18.2,15.6,191.0,11.2,9.6,65.0,27.1,68,0.0,12.1
Hyderabad,17.385,78.4867,2026-06-22 03:00:00,16.0,14.0,161.0,12.5,12.1,57.0,26.9,68,0.0,12.5
Hyderabad,17.385,78.4867,2026-06-22 04:00:00,14.0,12.5,158.0,14.7,14.9,46.0,26.6,69,0.0,12.3
Hyderabad,17.385,78.4867,2026-06-22 05:00:00,13.6,12.0,171.0,15.1,9.3,38.0,26.9,70,0.0,13.1
Hyderabad,17.385,78.4867,2026-06-22 06:00:00,8.3,7.9,210.0,12.5,8.0,40.0,26.6,72,0.0,13.7
Hyderabad,17.385,78.4867,2026-06-22 07:00:00,7.6,6.9,265.0,8.9,6.1,44.0,27.2,72,0.0,13.3
Hyderabad,17.385,78.4867,2026-06-22 08:00:00,6.9,6.1,294.0,5.8,4.6,50.0,28.4,67,0.0,13.6
Hyderabad,17.385,78.4867,2026-06-22 09:00:00,6.5,5.6,272.0,3.9,3.7,62.0,30.0,59,0.0,14.2
Hyderabad,17.385,78.4867,2026-06-22 10:00:00,7.1,5.8,224.0,2.5,3.2,76.0,31.3,52,0.0,13.7
Hyderabad,17.385,78.4867,2026-06-22 11:00:00,6.7,5.7,190.0,1.6,2.8,87.0,32.0,50,0.0,10.4
Hyderabad,17.385,78.4867,2026-06-22 12:00:00,7.0,6.0,183.0,1.2,2.7,93.0,33.0,48,0.0,11.0
Hyderabad,17.385,78.4867,2026-06-22 13:00:00,7.2,6.3,188.0,1.3,2.8,96.0,33.2,47,0.0,11.3
Hyderabad,17.385,78.4867,2026-06-22 14:00:00,7.4,6.5,203.0,1.7,2.9,96.0,32.9,47,0.0,10.1
Hyderabad,17.385,78.4867,2026-06-22 15:00:00,7.7,6.7,226.0,2.0,2.9,95.0,33.2,47,0.0,8.9
Hyderabad,17.385,78.4867,2026-06-22 16:00:00,7.9,6.9,257.0,2.7,2.9,92.0,32.8,48,0.0,7.1
Hyderabad,17.385,78.4867,2026-06-22 17:00:00,5.8,5.5,298.0,3.7,4.5,93.0,32.5,45,0.0,8.7
Hyderabad,17.385,78.4867,2026-06-22 18:00:00,8.5,8.3,366.0,9.6,6.0,82.0,32.7,43,0.0,9.6
Hyderabad,17.385,78.4867,2026-06-22 19:00:00,13.4,13.1,443.0,17.6,8.0,67.0,32.2,46,0.0,7.3
Hyderabad,17.385,78.4867,2026-06-22 20:00:00,14.9,14.6,476.0,22.7,9.1,56.0,31.9,47,0.0,7.1
Hyderabad,17.385,78.4867,2026-06-22 21:00:00,14.5,14.1,429.0,22.1,8.5,54.0,31.4,50,0.0,7.7
Hyderabad,17.385,78.4867,2026-06-22 22:00:00,14.9,14.4,338.0,18.6,7.1,56.0,30.6,54,0.0,7.7
Hyderabad,17.385,78.4867,2026-06-22 23:00:00,12.0,11.4,259.0,15.6,5.9,56.0,27.1,72,0.0,5.5
Hyderabad,17.385,78.4867,2026-06-23 00:00:00,10.6,10.0,210.0,14.4,5.4,52.0,27.3,71,0.1,4.6
Hyderabad,17.385,78.4867,2026-06-23 01:00:00,9.4,8.9,172.0,13.8,5.1,46.0,27.9,67,0.0,7.2
Hyderabad,17.385,78.4867,2026-06-23 02:00:00,9.0,8.4,150.0,13.2,5.0,41.0,26.0,71,0.4,10.1
Hyderabad,17.385,78.4867,2026-06-23 03:00:00,8.7,7.9,147.0,12.7,5.0,37.0,23.6,86,1.0,10.6
Hyderabad,17.385,78.4867,2026-06-23 04:00:00,7.7,6.8,159.0,12.2,5.1,35.0,23.9,87,0.6,8.7
Hyderabad,17.385,78.4867,2026-06-23 05:00:00,7.4,6.4,178.0,9.4,3.7,42.0,25.6,74,0.1,15.5
Hyderabad,17.385,78.4867,2026-06-23 06:00:00,8.2,7.2,209.0,9.5,4.4,39.0,25.5,75,0.0,15.3
Hyderabad,17.385,78.4867,2026-06-23 07:00:00,8.4,7.3,247.0,9.5,5.3,36.0,25.8,74,0.0,15.5
Hyderabad,17.385,78.4867,2026-06-23 08:00:00,8.2,7.0,268.0,8.9,5.7,37.0,27.0,67,0.0,17.5
Hyderabad,17.385,78.4867,2026-06-23 09:00:00,7.9,6.4,255.0,7.1,5.1,45.0,28.7,59,0.0,16.2
Hyderabad,17.385,78.4867,2026-06-23 10:00:00,7.4,5.8,224.0,4.6,4.0,58.0,29.5,56,0.0,15.5
Hyderabad,17.385,78.4867,2026-06-23 11:00:00,6.5,5.3,200.0,2.7,3.1,68.0,30.0,56,0.0,13.6
Hyderabad,17.385,78.4867,2026-06-23 12:00:00,6.6,5.7,189.0,1.9,2.5,73.0,29.8,58,0.2,15.2
Hyderabad,17.385,78.4867,2026-06-23 13:00:00,6.9,6.0,185.0,1.7,2.0,76.0,30.9,54,0.0,14.6
Hyderabad,17.385,78.4867,2026-06-23 14:00:00,7.0,6.1,191.0,1.7,1.8,78.0,31.4,52,0.0,13.2
Hyderabad,17.385,78.4867,2026-06-23 15:00:00,6.6,5.8,215.0,1.7,1.9,81.0,31.9,49,0.0,12.9
Hyderabad,17.385,78.4867,2026-06-23 16:00:00,6.4,5.7,250.0,2.0,2.2,83.0,31.8,48,0.0,13.5
Hyderabad,17.385,78.4867,2026-06-23 17:00:00,3.0,3.0,278.0,4.6,3.3,78.0,31.8,45,0.2,13.8
Hyderabad,17.385,78.4867,2026-06-23 18:00:00,4.4,4.3,294.0,6.7,3.7,71.0,31.1,46,0.0,17.4
Hyderabad,17.385,78.4867,2026-06-23 19:00:00,6.3,6.1,303.0,9.6,4.3,62.0,30.3,48,0.1,18.8
Hyderabad,17.385,78.4867,2026-06-23 20:00:00,7.5,7.2,307.0,11.8,4.9,54.0,28.7,57,0.0,11.1
Hyderabad,17.385,78.4867,2026-06-23 21:00:00,9.3,8.6,308.0,12.9,5.4,50.0,28.4,59,0.0,9.8
Hyderabad,17.385,78.4867,2026-06-23 22:00:00,10.9,9.4,304.0,13.2,5.9,47.0,28.5,57,0.0,11.5
Hyderabad,17.385,78.4867,2026-06-23 23:00:00,12.0,9.4,286.0,13.0,6.2,44.0,27.6,57,0.0,17.5
Hyderabad,17.385,78.4867,2026-06-24 00:00:00,11.4,8.7,242.0,11.8,6.0,41.0,26.7,62,0.0,17.5
Hyderabad,17.385,78.4867,2026-06-24 01:00:00,9.4,7.2,186.0,9.9,5.6,39.0,26.0,66,0.0,16.1
Hyderabad,17.385,78.4867,2026-06-24 02:00:00,7.3,5.8,145.0,8.5,5.2,37.0,25.5,69,0.0,14.8
Hyderabad,17.385,78.4867,2026-06-24 03:00:00,5.9,4.8,133.0,8.1,4.9,35.0,25.4,71,0.1,12.7
Hyderabad,17.385,78.4867,2026-06-24 04:00:00,5.1,4.2,137.0,8.1,4.7,33.0,25.4,69,0.0,13.1
Hyderabad,17.385,78.4867,2026-06-24 05:00:00,3.8,3.2,150.0,7.0,4.0,35.0,24.6,74,0.0,13.1
Hyderabad,17.385,78.4867,2026-06-24 06:00:00,4.2,3.7,176.0,6.7,4.0,36.0,24.7,75,0.0,12.7
Hyderabad,17.385,78.4867,2026-06-24 07:00:00,4.6,4.0,211.0,6.3,3.9,38.0,25.6,72,0.0,13.5
Hyderabad,17.385,78.4867,2026-06-24 08:00:00,4.0,3.4,233.0,5.6,3.8,43.0,27.0,64,0.0,18.6
Hyderabad,17.385,78.4867,2026-06-24 09:00:00,4.6,4.0,228.0,4.4,3.5,53.0,27.9,60,0.0,17.8
Hyderabad,17.385,78.4867,2026-06-24 10:00:00,4.9,3.8,209.0,3.0,3.0,67.0,28.9,57,0.0,16.2
Hyderabad,17.385,78.4867,2026-06-24 11:00:00,5.8,4.0,194.0,2.0,2.6,77.0,29.5,53,0.0,17.5
Hyderabad,17.385,78.4867,2026-06-24 12:00:00,6.7,4.4,182.0,1.7,2.3,82.0,29.5,52,0.1,17.0
Hyderabad,17.385,78.4867,2026-06-24 13:00:00,7.6,4.6,173.0,1.8,2.0,84.0,29.5,52,0.0,15.9
Hyderabad,17.385,78.4867,2026-06-24 14:00:00,8.8,5.4,189.0,2.2,1.9,85.0,31.0,49,0.0,14.5
Hyderabad,17.385,78.4867,2026-06-24 15:00:00,9.8,6.1,252.0,2.8,2.0,86.0,30.9,50,0.0,16.6
Hyderabad,17.385,78.4867,2026-06-24 16:00:00,10.5,6.9,340.0,3.7,2.2,86.0,30.5,52,0.1,13.9
Hyderabad,17.385,78.4867,2026-06-24 17:00:00,11.1,7.4,403.0,4.8,2.4,84.0,30.2,49,0.1,12.3
Hyderabad,17.385,78.4867,2026-06-24 18:00:00,10.7,8.4,423.0,6.1,2.6,78.0,29.7,51,0.0,10.6
Hyderabad,17.385,78.4867,2026-06-24 19:00:00,9.1,7.7,419.0,7.6,2.9,69.0,28.5,57,0.0,9.6
Hyderabad,17.385,78.4867,2026-06-24 20:00:00,7.3,6.6,401.0,8.7,3.2,62.0,27.1,65,0.0,11.4
Hyderabad,17.385,78.4867,2026-06-24 21:00:00,6.5,5.9,367.0,9.2,3.5,57.0,26.6,69,0.0,7.3
Hyderabad,17.385,78.4867,2026-06-24 22:00:00,6.1,5.5,320.0,9.2,3.8,52.0,26.2,72,0.0,6.3
Hyderabad,17.385,78.4867,2026-06-24 23:00:00,5.5,4.9,275.0,9.2,4.1,49.0,24.6,82,0.0,10.2
Hyderabad,17.385,78.4867,2026-06-25 00:00:00,4.8,4.3,233.0,9.1,4.3,47.0,24.4,82,0.0,8.7
Hyderabad,17.385,78.4867,2026-06-25 01:00:00,4.5,4.1,194.0,8.8,4.4,45.0,24.4,81,0.0,8.2
Hyderabad,17.385,78.4867,2026-06-25 02:00:00,4.6,4.1,168.0,8.7,4.5,44.0,24.4,80,0.0,9.3
Hyderabad,17.385,78.4867,2026-06-25 03:00:00,4.9,4.2,162.0,9.0,4.7,42.0,24.0,80,0.1,12.5
Hyderabad,17.385,78.4867,2026-06-25 04:00:00,5.5,4.4,170.0,9.4,4.8,39.0,24.1,79,0.0,12.5
Hyderabad,17.385,78.4867,2026-06-25 05:00:00,6.4,4.8,186.0,9.3,4.9,39.0,23.8,83,0.0,12.8
Hyderabad,17.385,78.4867,2026-06-25 06:00:00,7.7,5.7,216.0,8.5,4.9,41.0,24.0,81,0.0,12.3
Hyderabad,17.385,78.4867,2026-06-25 07:00:00,9.9,6.3,253.0,7.1,4.7,45.0,25.1,77,0.0,13.0
Hyderabad,17.385,78.4867,2026-06-25 08:00:00,17.6,8.5,273.0,5.8,4.6,52.0,26.5,69,0.0,15.6
Hyderabad,17.385,78.4867,2026-06-25 09:00:00,21.0,9.7,258.0,4.3,4.4,66.0,28.0,61,0.0,15.6
Hyderabad,17.385,78.4867,2026-06-25 10:00:00,24.1,11.1,226.0,2.8,4.2,84.0,29.4,55,0.0,15.2
Hyderabad,17.385,78.4867,2026-06-25 11:00:00,26.7,12.4,204.0,1.9,4.0,96.0,29.5,55,0.1,15.9
Hyderabad,17.385,78.4867,2026-06-25 12:00:00,28.5,13.4,203.0,1.6,3.7,100.0,29.9,53,0.4,17.2
Hyderabad,17.385,78.4867,2026-06-25 13:00:00,26.8,13.3,213.0,1.8,3.3,99.0,29.6,54,0.6,16.9
Hyderabad,17.385,78.4867,2026-06-25 14:00:00,25.1,12.9,227.0,3.3,3.2,95.0,30.0,55,0.4,14.2
Hyderabad,17.385,78.4867,2026-06-25 15:00:00,21.5,12.2,241.0,6.9,3.5,88.0,30.5,54,0.0,11.8
Hyderabad,17.385,78.4867,2026-06-25 16:00:00,20.8,13.3,259.0,11.8,4.1,78.0,30.3,53,0.0,12.4
Hyderabad,17.385,78.4867,2026-06-25 17:00:00,33.9,16.2,290.0,4.3,3.0,98.0,29.1,58,0.0,11.9
Hyderabad,17.385,78.4867,2026-06-25 18:00:00,29.5,17.3,352.0,8.9,4.1,87.0,28.3,62,0.0,10.2
Hyderabad,17.385,78.4867,2026-06-25 19:00:00,32.0,20.5,428.0,15.1,5.7,71.0,27.7,66,0.0,8.5
Hyderabad,17.385,78.4867,2026-06-25 20:00:00,35.0,22.5,472.0,18.7,6.5,60.0,27.4,68,0.0,8.0
Hyderabad,17.385,78.4867,2026-06-25 21:00:00,36.8,23.2,462.0,17.1,6.0,59.0,27.0,70,0.0,8.6
Hyderabad,17.385,78.4867,2026-06-25 22:00:00,36.6,21.9,420.0,13.0,4.8,62.0,26.2,74,0.2,9.1
Hyderabad,17.385,78.4867,2026-06-25 23:00:00,30.4,18.9,371.0,9.7,3.9,64.0,25.8,77,0.0,9.5
Hyderabad,17.385,78.4867,2026-06-26 00:00:00,23.2,15.2,316.0,8.7,3.6,61.0,25.6,78,0.0,10.1
Hyderabad,17.385,78.4867,2026-06-26 01:00:00,19.5,13.2,253.0,8.6,3.6,56.0,25.3,78,0.0,10.6
Hyderabad,17.385,78.4867,2026-06-26 02:00:00,17.8,12.3,208.0,8.8,3.7,52.0,24.9,79,0.0,11.2
Hyderabad,17.385,78.4867,2026-06-26 03:00:00,16.5,11.5,184.0,9.2,3.9,49.0,24.6,80,0.0,10.3
Hyderabad,17.385,78.4867,2026-06-26 04:00:00,16.0,11.2,178.0,9.8,4.3,46.0,24.4,82,0.0,10.1
Hyderabad,17.385,78.4867,2026-06-26 05:00:00,19.7,13.1,196.0,9.9,4.8,48.0,24.6,83,0.0,11.6
Hyderabad,17.385,78.4867,2026-06-26 06:00:00,18.0,12.5,266.0,9.7,5.3,50.0,24.4,86,0.0,11.6
Hyderabad,17.385,78.4867,2026-06-26 07:00:00,18.8,12.8,361.0,9.3,5.9,53.0,24.7,87,0.3,11.2
Hyderabad,17.385,78.4867,2026-06-26 08:00:00,20.3,12.8,412.0,8.5,6.2,59.0,25.5,81,0.0,11.6
Hyderabad,17.385,78.4867,2026-06-26 09:00:00,22.6,13.6,372.0,7.1,5.9,68.0,27.2,73,0.0,13.1
Hyderabad,17.385,78.4867,2026-06-26 10:00:00,31.4,17.5,288.0,5.3,5.3,80.0,28.7,67,0.0,14.1
Hyderabad,17.385,78.4867,2026-06-26 11:00:00,30.5,16.1,227.0,3.9,4.8,90.0,29.2,63,0.0,13.7
Hyderabad,17.385,78.4867,2026-06-26 12:00:00,31.7,16.4,216.0,3.1,4.6,97.0,28.8,62,0.3,14.7
Hyderabad,17.385,78.4867,2026-06-26 13:00:00,32.4,17.2,228.0,2.7,4.5,102.0,29.8,59,0.3,13.8
Hyderabad,17.385,78.4867,2026-06-26 14:00:00,37.4,19.2,255.0,2.9,4.6,105.0,30.1,56,0.0,11.3
Hyderabad,17.385,78.4867,2026-06-26 15:00:00,39.7,19.9,273.0,3.3,4.7,106.0,30.4,55,0.0,10.5
Hyderabad,17.385,78.4867,2026-06-26 16:00:00,40.3,20.9,305.0,4.4,5.0,105.0,30.8,52,0.0,10.5
Hyderabad,17.385,78.4867,2026-06-26 17:00:00,56.0,27.3,409.0,6.2,5.2,95.0,29.6,59,0.0,9.1
Hyderabad,17.385,78.4867,2026-06-26 18:00:00,53.2,29.8,681.0,12.7,6.5,81.0,29.0,64,0.0,5.8
Hyderabad,17.385,78.4867,2026-06-26 19:00:00,58.2,34.7,1025.0,21.8,8.2,61.0,28.6,68,0.0,4.5
Hyderabad,17.385,78.4867,2026-06-26 20:00:00,63.1,38.5,1210.0,28.5,9.4,46.0,28.3,69,0.0,4.8
Hyderabad,17.385,78.4867,2026-06-26 21:00:00,65.2,40.2,1096.0,31.1,9.6,38.0,27.8,74,0.0,3.8
Hyderabad,17.385,78.4867,2026-06-26 22:00:00,67.8,41.3,824.0,31.5,9.3,34.0,27.4,77,0.0,2.1
Hyderabad,17.385,78.4867,2026-06-26 23:00:00,66.8,41.1,582.0,30.2,8.8,33.0,26.0,77,0.3,7.1
Hyderabad,17.385,78.4867,2026-06-27 00:00:00,63.1,38.2,433.0,26.6,8.0,36.0,24.7,85,1.6,7.3
Hyderabad,17.385,78.4867,2026-06-27 01:00:00,59.6,34.9,314.0,21.4,7.1,42.0,24.1,92,1.0,4.4
Hyderabad,17.385,78.4867,2026-06-27 02:00:00,58.0,33.6,231.0,17.4,6.4,46.0,24.2,89,0.3,5.6
Hyderabad,17.385,78.4867,2026-06-27 03:00:00,46.9,28.8,192.0,16.0,6.3,43.0,24.4,88,0.0,5.6
Hyderabad,17.385,78.4867,2026-06-27 04:00:00,35.7,23.2,189.0,15.8,6.6,37.0,24.4,87,0.1,7.6
Hyderabad,17.385,78.4867,2026-06-27 05:00:00,29.3,19.4,203.0,15.2,6.3,35.0,24.8,86,0.1,8.5
Hyderabad,17.385,78.4867,2026-06-27 06:00:00,24.9,16.7,240.0,14.9,6.1,36.0,25.2,84,0.0,8.4
Hyderabad,17.385,78.4867,2026-06-27 07:00:00,23.1,15.3,294.0,14.4,5.9,38.0,26.1,79,0.0,9.7
Hyderabad,17.385,78.4867,2026-06-27 08:00:00,28.3,16.1,325.0,13.0,5.8,46.0,27.3,72,0.0,13.2
Hyderabad,17.385,78.4867,2026-06-27 09:00:00,35.5,18.7,307.0,10.0,5.9,63.0,27.9,67,0.0,13.3
Hyderabad,17.385,78.4867,2026-06-27 10:00:00,40.2,21.1,267.0,6.3,6.0,86.0,28.7,65,0.2,13.8
Hyderabad,17.385,78.4867,2026-06-27 11:00:00,43.9,23.5,245.0,3.5,6.0,105.0,27.9,70,0.1,12.8
Hyderabad,17.385,78.4867,2026-06-27 12:00:00,48.5,26.0,259.0,2.3,5.7,117.0,28.1,69,0.3,11.5
Hyderabad,17.385,78.4867,2026-06-27 13:00:00,48.2,26.8,291.0,2.2,5.2,124.0,28.3,70,0.2,9.9
Hyderabad,17.385,78.4867,2026-06-27 14:00:00,46.2,26.5,335.0,2.9,4.9,127.0,27.8,73,0.1,9.7
Hyderabad,17.385,78.4867,2026-06-27 15:00:00,44.2,26.1,397.0,4.5,4.7,125.0,28.1,71,0.2,10.2
Hyderabad,17.385,78.4867,2026-06-27 16:00:00,40.7,25.1,470.0,7.1,4.6,119.0,28.3,70,0.0,8.4
Hyderabad,17.385,78.4867,2026-06-27 17:00:00,37.0,23.9,530.0,14.0,4.4,86.0,27.9,75,0.0,6.8
Hyderabad,17.385,78.4867,2026-06-27 18:00:00,36.8,26.6,575.0,20.7,5.8,75.0,27.9,74,0.0,4.8
Hyderabad,17.385,78.4867,2026-06-27 19:00:00,42.4,30.9,607.0,29.7,7.8,59.0,27.3,78,0.0,4.8
Hyderabad,17.385,78.4867,2026-06-27 20:00:00,47.8,34.6,608.0,34.8,8.9,49.0,26.8,82,0.0,4.0
Hyderabad,17.385,78.4867,2026-06-27 21:00:00,51.5,37.1,560.0,32.7,8.5,50.0,26.5,83,0.0,4.9
Hyderabad,17.385,78.4867,2026-06-27 22:00:00,44.2,31.2,481.0,26.8,7.4,57.0,26.2,83,0.0,6.7
Hyderabad,17.385,78.4867,2026-06-27 23:00:00,40.6,27.9,402.0,21.0,6.2,63.0,25.2,90,0.0,2.5
Hyderabad,17.385,78.4867,2026-06-28 00:00:00,36.4,24.2,325.0,16.1,5.1,69.0,25.0,92,0.8,5.2
Hyderabad,17.385,78.4867,2026-06-28 01:00:00,33.4,21.5,248.0,11.3,3.9,74.0,24.6,94,0.2,1.0
Hyderabad,17.385,78.4867,2026-06-28 02:00:00,32.5,21.1,195.0,8.2,3.5,76.0,24.4,97,0.5,4.8
Hyderabad,17.385,78.4867,2026-06-28 03:00:00,31.3,21.4,179.0,8.2,4.5,71.0,24.6,96,0.6,6.6
Hyderabad,17.385,78.4867,2026-06-28 04:00:00,29.0,21.0,186.0,10.0,6.1,63.0,24.3,94,0.2,9.2
Hyderabad,17.385,78.4867,2026-06-28 05:00:00,18.7,13.5,202.0,9.2,3.8,65.0,24.7,89,0.3,9.8
Hyderabad,17.385,78.4867,2026-06-28 06:00:00,16.9,12.8,232.0,8.8,4.1,65.0,24.7,88,0.0,8.8
Hyderabad,17.385,78.4867,2026-06-28 07:00:00,15.0,11.0,270.0,8.2,4.4,66.0,25.6,84,0.0,10.5
Hyderabad,17.385,78.4867,2026-06-28 08:00:00,12.0,9.3,288.0,7.2,4.5,71.0,27.0,76,0.0,11.2
Hyderabad,17.385,78.4867,2026-06-28 09:00:00,11.3,8.2,265.0,5.4,4.0,83.0,28.6,70,0.0,7.8
Hyderabad,17.385,78.4867,2026-06-28 10:00:00,10.9,7.7,221.0,3.3,3.3,98.0,30.0,64,0.0,7.4
Hyderabad,17.385,78.4867,2026-06-28 11:00:00,10.6,7.3,192.0,1.8,2.7,109.0,31.1,60,0.0,8.3
Hyderabad,17.385,78.4867,2026-06-28 12:00:00,10.4,7.2,192.0,1.5,2.4,111.0,31.8,58,0.0,7.6
Hyderabad,17.385,78.4867,2026-06-28 13:00:00,10.1,6.8,206.0,1.7,2.2,107.0,32.6,53,0.1,5.4
Hyderabad,17.385,78.4867,2026-06-28 14:00:00,10.3,7.0,225.0,2.1,2.1,105.0,25.4,87,3.0,17.3
Hyderabad,17.385,78.4867,2026-06-28 15:00:00,11.7,8.0,252.0,1.5,2.0,108.0,27.6,80,2.5,3.8
Hyderabad,17.385,78.4867,2026-06-28 16:00:00,10.7,7.7,284.0,0.9,2.0,111.0,29.1,70,0.1,4.3
Hyderabad,17.385,78.4867,2026-06-28 17:00:00,9.7,7.4,308.0,3.1,2.7,107.0,28.8,71,0.0,4.5
Hyderabad,17.385,78.4867,2026-06-28 18:00:00,12.2,10.8,318.0,11.4,4.5,89.0,28.1,75,0.0,4.7
Hyderabad,17.385,78.4867,2026-06-28 19:00:00,18.7,17.4,319.0,22.5,7.0,65.0,27.5,80,0.0,4.8
Hyderabad,17.385,78.4867,2026-06-28 20:00:00,22.9,21.5,316.0,29.1,8.8,47.0,27.3,80,0.0,5.8
Hyderabad,17.385,78.4867,2026-06-28 21:00:00,18.3,17.1,311.0,27.0,9.4,44.0,23.2,95,3.7,14.3
Hyderabad,17.385,78.4867,2026-06-28 22:00:00,14.5,13.5,301.0,20.5,9.4,47.0,23.6,97,2.0,5.7
Hyderabad,17.385,78.4867,2026-06-28 23:00:00,13.7,12.8,284.0,15.2,9.2,49.0,26.0,82,0.6,6.9
Hyderabad,17.385,78.4867,2026-06-29 00:00:00,11.6,10.7,252.0,13.5,8.9,46.0,25.6,84,0.0,9.7
Hyderabad,17.385,78.4867,2026-06-29 01:00:00,10.3,9.6,213.0,13.0,8.5,41.0,25.2,85,0.0,8.2
Hyderabad,17.385,78.4867,2026-06-29 02:00:00,9.7,9.2,185.0,12.7,7.9,37.0,24.9,87,0.0,8.6
Hyderabad,17.385,78.4867,2026-06-29 03:00:00,9.1,8.6,174.0,12.2,7.2,34.0,24.6,88,0.0,9.8
Hyderabad,17.385,78.4867,2026-06-29 04:00:00,8.7,8.3,174.0,11.9,6.3,31.0,24.3,89,0.0,9.8
Hyderabad,17.385,78.4867,2026-06-29 05:00:00,5.5,5.1,187.0,9.2,4.4,34.0,24.3,92,0.0,9.7
Hyderabad,17.385,78.4867,2026-06-29 06:00:00,6.9,6.1,222.0,8.4,3.9,35.0,24.3,90,0.0,10.4
Hyderabad,17.385,78.4867,2026-06-29 07:00:00,6.9,6.0,269.0,7.2,3.3,37.0,24.7,87,0.0,10.2
Hyderabad,17.385,78.4867,2026-06-29 08:00:00,7.4,6.8,299.0,6.1,2.8,41.0,25.7,80,0.0,11.9
Hyderabad,17.385,78.4867,2026-06-29 09:00:00,8.2,7.7,295.0,5.1,2.5,47.0,26.3,77,0.0,10.1
Hyderabad,17.385,78.4867,2026-06-29 10:00:00,8.3,7.8,275.0,4.1,2.3,55.0,27.0,74,0.0,8.0
Hyderabad,17.385,78.4867,2026-06-29 11:00:00,8.4,8.0,260.0,3.3,2.2,63.0,27.1,72,0.0,11.4
Hyderabad,17.385,78.4867,2026-06-29 12:00:00,8.0,7.7,256.0,2.6,2.1,73.0,28.4,66,0.0,9.6
Hyderabad,17.385,78.4867,2026-06-29 13:00:00,7.7,7.3,258.0,2.2,2.0,84.0,29.5,62,0.1,9.5
Hyderabad,17.385,78.4867,2026-06-29 14:00:00,7.3,6.9,276.0,2.3,2.0,90.0,29.4,62,0.3,11.7
Hyderabad,17.385,78.4867,2026-06-29 15:00:00,7.4,6.9,328.0,3.4,2.2,90.0,29.4,62,0.2,10.9
Hyderabad,17.385,78.4867,2026-06-29 16:00:00,8.0,7.7,396.0,5.0,2.5,85.0,29.6,61,0.1,9.8
Hyderabad,17.385,78.4867,2026-06-29 17:00:00,4.6,4.5,431.0,4.8,2.9,73.0,29.1,64,0.0,12.5
Hyderabad,17.385,78.4867,2026-06-29 18:00:00,5.3,5.3,403.0,8.4,3.7,65.0,27.9,72,0.2,10.1
Hyderabad,17.385,78.4867,2026-06-29 19:00:00,7.9,7.8,344.0,13.3,4.8,53.0,27.3,75,0.0,9.7
Hyderabad,17.385,78.4867,2026-06-29 20:00:00,9.8,9.8,295.0,16.2,5.5,46.0,26.9,76,0.0,9.3
Hyderabad,17.385,78.4867,2026-06-29 21:00:00,9.9,9.7,278.0,15.1,5.5,46.0,26.6,77,0.0,8.5
Hyderabad,17.385,78.4867,2026-06-29 22:00:00,8.2,7.9,272.0,12.0,5.2,51.0,26.3,77,0.0,11.2
Hyderabad,17.385,78.4867,2026-06-29 23:00:00,6.4,6.0,260.0,9.4,4.7,53.0,26.2,75,0.0,14.8
Hyderabad,17.385,78.4867,2026-06-30 00:00:00,5.4,4.9,230.0,8.3,4.1,51.0,25.5,81,0.0,16.5
Hyderabad,17.385,78.4867,2026-06-30 01:00:00,5.0,4.5,194.0,7.8,3.4,48.0,24.6,86,0.0,16.5
Hyderabad,17.385,78.4867,2026-06-30 02:00:00,4.5,4.0,168.0,7.5,3.0,44.0,24.3,87,0.0,16.5
Hyderabad,17.385,78.4867,2026-06-30 03:00:00,4.1,3.6,157.0,7.5,3.1,40.0,24.0,86,0.0,16.9
Hyderabad,17.385,78.4867,2026-06-30 04:00:00,3.8,3.3,156.0,7.8,3.5,36.0,23.8,86,0.0,16.1
Hyderabad,17.385,78.4867,2026-06-30 05:00:00,2.9,2.6,167.0,6.7,3.5,38.0,23.9,87,0.0,17.0
Hyderabad,17.385,78.4867,2026-06-30 06:00:00,3.4,3.1,201.0,6.1,3.5,40.0,24.1,86,0.0,16.3
Hyderabad,17.385,78.4867,2026-06-30 07:00:00,4.0,3.6,247.0,5.4,3.5,44.0,24.7,82,0.0,19.1
Hyderabad,17.385,78.4867,2026-06-30 08:00:00,3.5,3.1,274.0,4.7,3.4,48.0,25.7,77,0.0,18.3
Hyderabad,17.385,78.4867,2026-06-30 09:00:00,3.7,3.4,264.0,4.3,3.3,52.0,27.1,70,0.0,19.8
Hyderabad,17.385,78.4867,2026-06-30 10:00:00,4.1,3.9,236.0,4.0,3.2,57.0,27.9,67,0.0,18.1
Hyderabad,17.385,78.4867,2026-06-30 11:00:00,4.7,4.5,213.0,3.7,3.1,62.0,28.2,64,0.0,18.7
Hyderabad,17.385,78.4867,2026-06-30 12:00:00,4.8,4.5,194.0,3.0,2.8,69.0,29.1,60,0.0,19.0
Hyderabad,17.385,78.4867,2026-06-30 13:00:00,4.2,4.0,180.0,2.2,2.5,76.0,29.2,60,0.0,17.4
Hyderabad,17.385,78.4867,2026-06-30 14:00:00,4.0,3.7,202.0,2.2,2.3,80.0,29.4,58,0.3,16.1
Hyderabad,17.385,78.4867,2026-06-30 15:00:00,3.9,3.7,302.0,3.7,2.4,79.0,29.3,60,0.6,16.5
Hyderabad,17.385,78.4867,2026-06-30 16:00:00,4.0,3.8,437.0,6.0,2.6,75.0,29.8,58,0.2,14.6
Hyderabad,17.385,78.4867,2026-06-30 17:00:00,7.0,6.1,507.0,5.2,2.4,77.0,28.8,64,0.7,12.1
Hyderabad,17.385,78.4867,2026-06-30 18:00:00,8.3,7.4,446.0,7.4,3.1,71.0,28.3,68,0.0,11.1
Hyderabad,17.385,78.4867,2026-06-30 19:00:00,9.8,8.7,320.0,10.4,4.0,63.0,27.9,67,0.0,13.5
Hyderabad,17.385,78.4867,2026-06-30 20:00:00,10.0,8.8,230.0,12.3,4.7,56.0,26.6,73,0.0,13.1
Hyderabad,17.385,78.4867,2026-06-30 21:00:00,9.6,8.4,227.0,12.1,4.8,53.0,26.4,73,0.0,10.8
Hyderabad,17.385,78.4867,2026-06-30 22:00:00,9.2,7.9,260.0,10.9,4.5,52.0,26.3,74,0.0,11.3
Hyderabad,17.385,78.4867,2026-06-30 23:00:00,8.9,7.4,275.0,9.7,4.3,50.0,26.3,72,0.0,14.8
Hyderabad,17.385,78.4867,2026-07-01 00:00:00,7.4,6.1,243.0,9.0,4.2,47.0,26.1,72,0.0,15.7
Hyderabad,17.385,78.4867,2026-07-01 01:00:00,6.5,5.4,193.0,8.4,4.2,45.0,25.4,75,0.0,15.9
Hyderabad,17.385,78.4867,2026-07-01 02:00:00,5.9,5.0,156.0,8.0,4.2,42.0,24.7,80,0.2,15.4
Hyderabad,17.385,78.4867,2026-07-01 03:00:00,5.2,4.5,139.0,8.0,4.2,39.0,24.3,83,0.5,15.3
Hyderabad,17.385,78.4867,2026-07-01 04:00:00,4.5,4.0,134.0,8.2,4.3,36.0,23.8,86,0.6,16.0
Hyderabad,17.385,78.4867,2026-07-01 05:00:00,1.9,1.8,155.0,5.7,2.3,41.0,24.3,83,0.2,14.6
Hyderabad,17.385,78.4867,2026-07-01 06:00:00,2.3,2.3,227.0,6.0,2.7,41.0,24.2,83,0.1,16.1
Hyderabad,17.385,78.4867,2026-07-01 07:00:00,3.2,3.1,323.0,6.3,3.2,41.0,23.7,89,0.8,17.2
Hyderabad,17.385,78.4867,2026-07-01 08:00:00,4.0,3.4,380.0,6.3,3.5,43.0,23.9,90,0.5,14.8
Hyderabad,17.385,78.4867,2026-07-01 09:00:00,5.6,4.0,356.0,5.6,3.5,47.0,24.5,88,0.5,13.2
Hyderabad,17.385,78.4867,2026-07-01 10:00:00,7.2,4.6,292.0,4.6,3.3,53.0,26.2,78,0.2,17.8
Hyderabad,17.385,78.4867,2026-07-01 11:00:00,8.5,5.4,243.0,3.8,3.2,58.0,25.6,81,0.1,15.7
Hyderabad,17.385,78.4867,2026-07-01 12:00:00,9.6,6.2,229.0,3.4,3.2,62.0,26.2,76,0.0,15.5
Hyderabad,17.385,78.4867,2026-07-01 13:00:00,10.5,6.6,231.0,3.3,3.1,66.0,27.6,68,0.1,16.4
Hyderabad,17.385,78.4867,2026-07-01 14:00:00,10.3,6.6,246.0,3.7,3.2,68.0,28.8,63,0.2,19.0
Hyderabad,17.385,78.4867,2026-07-01 15:00:00,9.8,6.8,285.0,5.0,3.4,68.0,29.1,63,0.0,18.6
Hyderabad,17.385,78.4867,2026-07-01 16:00:00,9.1,6.5,338.0,6.7,3.6,66.0,28.9,63,0.0,17.2
Hyderabad,17.385,78.4867,2026-07-01 17:00:00,8.0,6.1,364.0,6.4,2.9,64.0,29.0,61,0.0,16.9
Hyderabad,17.385,78.4867,2026-07-01 18:00:00,6.4,5.6,341.0,7.2,3.2,59.0,27.9,65,0.0,16.2
Hyderabad,17.385,78.4867,2026-07-01 19:00:00,5.2,4.9,293.0,8.3,3.5,53.0,26.4,71,0.0,16.1
Hyderabad,17.385,78.4867,2026-07-01 20:00:00,5.2,4.7,251.0,9.0,3.7,48.0,26.3,74,0.0,15.9
Hyderabad,17.385,78.4867,2026-07-01 21:00:00,5.3,4.7,230.0,9.0,3.6,46.0,25.9,76,0.0,15.8
Hyderabad,17.385,78.4867,2026-07-01 22:00:00,4.9,4.2,216.0,8.6,3.3,45.0,25.5,78,0.0,15.9
Hyderabad,17.385,78.4867,2026-07-01 23:00:00,4.4,3.8,201.0,8.1,3.1,44.0,25.1,80,0.0,17.2
Hyderabad,17.385,78.4867,2026-07-02 00:00:00,3.7,3.1,179.0,7.7,3.0,43.0,24.3,86,0.5,18.2
Hyderabad,17.385,78.4867,2026-07-02 01:00:00,3.3,2.8,155.0,7.2,3.0,41.0,23.9,90,0.6,17.3
Hyderabad,17.385,78.4867,2026-07-02 02:00:00,3.1,2.7,140.0,6.9,3.1,40.0,23.7,91,0.6,17.8
Hyderabad,17.385,78.4867,2026-07-02 03:00:00,2.8,2.5,130.0,7.0,3.3,38.0,23.5,91,0.5,17.8
Hyderabad,17.385,78.4867,2026-07-02 04:00:00,2.6,2.5,128.0,7.3,3.6,36.0,23.5,90,0.5,17.5
Hyderabad,17.385,78.4867,2026-07-02 05:00:00,2.7,2.4,150.0,7.4,3.4,36.0,23.8,89,0.2,19.1
Hyderabad,17.385,78.4867,2026-07-02 06:00:00,3.2,2.9,222.0,8.0,3.9,35.0,23.7,89,0.4,18.0
Hyderabad,17.385,78.4867,2026-07-02 07:00:00,4.1,3.8,318.0,8.8,4.5,34.0,24.2,86,0.0,16.2
Hyderabad,17.385,78.4867,2026-07-02 08:00:00,4.9,4.5,379.0,8.8,4.8,35.0,24.9,83,0.0,16.8
Hyderabad,17.385,78.4867,2026-07-02 09:00:00,5.4,4.1,373.0,7.2,4.5,41.0,25.8,79,0.1,18.6
Hyderabad,17.385,78.4867,2026-07-02 10:00:00,7.8,4.9,331.0,4.8,3.9,50.0,25.6,82,0.5,15.5
Hyderabad,17.385,78.4867,2026-07-02 11:00:00,10.3,6.0,289.0,3.1,3.4,58.0,25.4,82,0.2,14.8
Hyderabad,17.385,78.4867,2026-07-02 12:00:00,12.0,6.7,248.0,2.6,3.3,63.0,26.4,75,0.1,14.0
Hyderabad,17.385,78.4867,2026-07-02 13:00:00,12.7,7.2,206.0,2.9,3.4,66.0,28.0,64,0.0,18.9
Hyderabad,17.385,78.4867,2026-07-02 14:00:00,12.8,7.9,197.0,3.9,3.6,67.0,28.6,61,0.0,19.9
Hyderabad,17.385,78.4867,2026-07-02 15:00:00,13.9,8.9,251.0,6.2,4.0,66.0,28.2,65,0.0,18.7
Hyderabad,17.385,78.4867,2026-07-02 16:00:00,14.1,9.5,337.0,9.1,4.5,64.0,27.8,67,0.2,16.9
Hyderabad,17.385,78.4867,2026-07-02 17:00:00,15.5,10.0,393.0,6.1,3.7,64.0,27.8,70,0.2,16.4
Hyderabad,17.385,78.4867,2026-07-02 18:00:00,14.2,10.0,391.0,6.8,3.8,61.0,25.0,89,1.7,10.1
Hyderabad,17.385,78.4867,2026-07-02 19:00:00,10.8,8.2,359.0,7.8,3.8,57.0,25.6,86,0.3,11.9
Hyderabad,17.385,78.4867,2026-07-02 20:00:00,7.6,6.5,323.0,8.6,3.9,53.0,26.2,77,0.0,14.0
Hyderabad,17.385,78.4867,2026-07-02 21:00:00,5.9,5.4,290.0,9.0,4.0,49.0,26.3,73,0.0,14.4
Hyderabad,17.385,78.4867,2026-07-02 22:00:00,5.6,5.0,254.0,9.2,4.0,44.0,25.9,73,0.1,13.9
Hyderabad,17.385,78.4867,2026-07-02 23:00:00,5.6,4.7,221.0,9.1,4.0,41.0,25.5,76,0.2,15.0
Hyderabad,17.385,78.4867,2026-07-03 00:00:00,5.2,4.2,192.0,8.7,3.9,39.0,24.6,81,0.3,17.1
Hyderabad,17.385,78.4867,2026-07-03 01:00:00,5.2,3.9,166.0,8.0,3.8,38.0,23.9,86,0.6,16.9
Hyderabad,17.385,78.4867,2026-07-03 02:00:00,5.6,3.9,148.0,7.4,3.7,38.0,23.7,88,0.6,16.5
Hyderabad,17.385,78.4867,2026-07-03 03:00:00,6.3,4.1,140.0,7.0,3.7,38.0,23.6,89,0.4,17.5
Hyderabad,17.385,78.4867,2026-07-03 04:00:00,6.8,4.2,140.0,6.7,3.7,39.0,23.5,90,0.3,17.8
Hyderabad,17.385,78.4867,2026-07-03 05:00:00,5.7,3.6,150.0,6.5,3.4,39.0,23.5,90,0.2,18.4
Hyderabad,17.385,78.4867,2026-07-03 06:00:00,5.5,4.0,180.0,6.7,3.7,39.0,23.7,89,0.1,18.2
Hyderabad,17.385,78.4867,2026-07-03 07:00:00,5.9,4.6,221.0,7.0,4.1,39.0,24.8,84,0.0,17.9
Hyderabad,17.385,78.4867,2026-07-03 08:00:00,5.3,4.1,244.0,6.7,4.3,41.0,26.6,73,0.0,23.1
Hyderabad,17.385,78.4867,2026-07-03 09:00:00,5.6,4.1,230.0,5.3,3.9,48.0,27.5,69,0.0,24.5
Hyderabad,17.385,78.4867,2026-07-03 10:00:00,5.7,4.2,198.0,3.4,3.3,57.0,28.0,66,0.1,24.5
Hyderabad,17.385,78.4867,2026-07-03 11:00:00,4.7,3.4,183.0,2.3,2.9,63.0,28.3,64,0.1,25.4
Hyderabad,17.385,78.4867,2026-07-03 12:00:00,5.2,3.6,202.0,2.8,2.8,62.0,27.1,71,0.2,21.4
Hyderabad,17.385,78.4867,2026-07-03 13:00:00,5.9,4.5,238.0,4.1,2.9,58.0,27.0,73,0.2,19.9
Hyderabad,17.385,78.4867,2026-07-03 14:00:00,6.0,4.8,273.0,5.5,3.0,55.0,26.1,77,1.0,21.0
Hyderabad,17.385,78.4867,2026-07-03 15:00:00,5.5,4.8,309.0,6.9,3.1,54.0,25.3,85,1.1,17.1
Hyderabad,17.385,78.4867,2026-07-03 16:00:00,5.3,4.7,345.0,8.4,3.3,54.0,25.1,84,0.5,17.5
Hyderabad,17.385,78.4867,2026-07-03 17:00:00,8.1,6.7,357.0,12.1,3.6,58.0,25.2,82,0.3,17.6
Hyderabad,17.385,78.4867,2026-07-03 18:00:00,9.3,7.4,328.0,11.2,3.4,57.0,25.4,81,0.2,15.9
Hyderabad,17.385,78.4867,2026-07-03 19:00:00,8.5,6.9,276.0,9.8,3.1,56.0,25.7,77,0.0,16.5
Hyderabad,17.385,78.4867,2026-07-03 20:00:00,7.0,5.9,234.0,8.7,2.8,54.0,25.4,79,0.2,17.5
Hyderabad,17.385,78.4867,2026-07-03 21:00:00,5.6,4.9,216.0,7.9,2.5,51.0,25.0,82,0.2,16.5
Hyderabad,17.385,78.4867,2026-07-03 22:00:00,4.2,3.8,208.0,7.3,2.3,48.0,24.8,84,0.2,16.7
Hyderabad,17.385,78.4867,2026-07-03 23:00:00,3.4,3.1,197.0,6.8,2.2,45.0,24.2,84,0.3,18.8
Hyderabad,17.385,78.4867,2026-07-04 00:00:00,3.1,2.8,176.0,6.4,2.4,43.0,23.9,86,0.1,19.5
Hyderabad,17.385,78.4867,2026-07-04 01:00:00,2.8,2.5,151.0,6.1,2.7,41.0,23.7,86,0.2,19.4
Hyderabad,17.385,78.4867,2026-07-04 02:00:00,2.7,2.4,134.0,5.8,2.9,40.0,23.5,88,0.2,18.8
Hyderabad,17.385,78.4867,2026-07-04 03:00:00,2.8,2.4,123.0,5.5,3.0,40.0,23.3,88,0.3,19.7
Hyderabad,17.385,78.4867,2026-07-04 04:00:00,2.5,2.2,120.0,5.3,3.1,40.0,23.1,90,0.6,20.7
Hyderabad,17.385,78.4867,2026-07-04 05:00:00,2.7,2.4,136.0,5.4,3.1,40.0,22.8,94,1.0,21.8
Hyderabad,17.385,78.4867,2026-07-04 06:00:00,2.9,2.6,192.0,6.1,3.2,39.0,22.9,93,0.7,19.6
Hyderabad,17.385,78.4867,2026-07-04 07:00:00,3.4,3.2,268.0,7.0,3.3,38.0,23.4,90,0.4,19.7
Hyderabad,17.385,78.4867,2026-07-04 08:00:00,3.8,3.6,314.0,7.6,3.3,38.0,24.3,85,0.2,19.0
Hyderabad,17.385,78.4867,2026-07-04 09:00:00,3.9,3.6,302.0,7.5,3.2,40.0,24.7,85,0.6,20.2
Hyderabad,17.385,78.4867,2026-07-04 10:00:00,4.8,4.6,260.0,7.1,2.9,42.0,24.0,89,1.1,19.1
Hyderabad,17.385,78.4867,2026-07-04 11:00:00,4.3,4.2,228.0,6.6,2.7,45.0,24.2,85,0.3,15.4
Hyderabad,17.385,78.4867,2026-07-04 12:00:00,3.6,3.3,217.0,6.2,2.5,47.0,24.2,88,0.7,19.4
Hyderabad,17.385,78.4867,2026-07-04 13:00:00,3.8,3.4,217.0,5.7,2.3,50.0,24.4,90,0.8,15.8
Hyderabad,17.385,78.4867,2026-07-04 14:00:00,3.8,3.5,228.0,5.5,2.3,52.0,24.7,88,0.4,20.9
Hyderabad,17.385,78.4867,2026-07-04 15:00:00,3.8,3.4,265.0,5.7,2.5,56.0,24.6,88,0.7,18.4
Hyderabad,17.385,78.4867,2026-07-04 16:00:00,4.2,3.5,315.0,6.2,2.8,60.0,24.4,89,0.7,19.7
Hyderabad,17.385,78.4867,2026-07-04 17:00:00,5.2,4.4,340.0,7.5,2.5,50.0,25.2,84,0.3,17.8
Hyderabad,17.385,78.4867,2026-07-04 18:00:00,5.1,4.4,317.0,7.5,2.8,49.0,24.3,87,0.4,19.0
Hyderabad,17.385,78.4867,2026-07-04 19:00:00,5.2,4.3,270.0,7.5,3.2,48.0,24.3,86,0.0,19.0
Hyderabad,17.385,78.4867,2026-07-04 20:00:00,5.3,4.1,228.0,7.4,3.5,47.0,24.3,85,0.0,21.3
Hyderabad,17.385,78.4867,2026-07-04 21:00:00,5.3,4.0,203.0,7.3,3.4,45.0,24.3,85,0.1,21.4
Hyderabad,17.385,78.4867,2026-07-04 22:00:00,5.4,3.9,183.0,7.2,3.2,43.0,23.9,87,0.6,22.2
Hyderabad,17.385,78.4867,2026-07-04 23:00:00,4.9,3.6,166.0,7.0,3.0,41.0,23.6,86,0.3,22.8
Hyderabad,17.385,78.4867,2026-07-05 00:00:00,3.8,3.0,150.0,6.7,3.0,40.0,23.4,86,0.2,21.3
Hyderabad,17.385,78.4867,2026-07-05 01:00:00,2.9,2.5,136.0,6.4,3.0,39.0,23.2,89,2.0,20.9
Hyderabad,17.385,78.4867,2026-07-05 02:00:00,2.5,2.2,126.0,6.0,3.0,38.0,23.4,88,0.1,21.9
Hyderabad,17.385,78.4867,2026-07-05 03:00:00,2.4,2.0,120.0,5.6,2.9,38.0,23.4,87,0.1,20.9
Hyderabad,17.385,78.4867,2026-07-05 04:00:00,2.3,1.9,118.0,5.1,2.9,39.0,23.2,88,0.4,20.1
Hyderabad,17.385,78.4867,2026-07-05 05:00:00,2.4,1.9,126.0,4.5,2.7,40.0,23.8,85,0.1,20.5
Hyderabad,17.385,78.4867,2026-07-05 06:00:00,2.6,2.2,154.0,4.6,2.8,40.0,23.9,84,0.0,19.5
Hyderabad,17.385,78.4867,2026-07-05 07:00:00,3.0,2.6,192.0,4.8,3.1,40.0,24.3,83,0.0,15.5
Hyderabad,17.385,78.4867,2026-07-05 08:00:00,3.2,2.9,213.0,4.6,3.2,42.0,24.9,80,0.0,17.7
Hyderabad,17.385,78.4867,2026-07-05 09:00:00,4.2,3.0,200.0,3.9,3.3,47.0,26.1,74,0.1,24.4
Hyderabad,17.385,78.4867,2026-07-05 10:00:00,5.3,3.5,171.0,2.8,3.2,54.0,26.3,75,0.1,21.1
Hyderabad,17.385,78.4867,2026-07-05 11:00:00,5.7,3.8,151.0,2.1,3.2,60.0,26.4,74,0.0,20.9
Hyderabad,17.385,78.4867,2026-07-05 12:00:00,8.2,4.7,151.0,1.9,3.1,65.0,26.8,71,0.0,21.2
Hyderabad,17.385,78.4867,2026-07-05 13:00:00,7.6,4.7,160.0,2.1,3.0,68.0,27.9,65,0.0,24.2
Hyderabad,17.385,78.4867,2026-07-05 14:00:00,9.2,5.8,171.0,2.5,2.8,69.0,27.0,71,0.0,19.4
Hyderabad,17.385,78.4867,2026-07-05 15:00:00,10.2,6.2,187.0,3.2,2.6,66.0,27.4,68,0.0,22.0
Hyderabad,17.385,78.4867,2026-07-05 16:00:00,8.1,5.4,205.0,4.2,2.3,60.0,25.3,80,0.3,17.1
Hyderabad,17.385,78.4867,2026-07-05 17:00:00,13.5,8.3,212.0,6.1,3.6,52.0,27.2,73,1.0,14.3
Hyderabad,17.385,78.4867,2026-07-05 18:00:00,14.7,8.8,199.0,5.7,3.7,51.0,26.7,70,0.0,19.5
Hyderabad,17.385,78.4867,2026-07-05 19:00:00,13.8,8.4,176.0,5.2,3.8,50.0,26.3,71,0.0,19.1
Hyderabad,17.385,78.4867,2026-07-05 20:00:00,10.9,7.1,157.0,4.8,3.8,49.0,25.9,71,0.0,18.2
Hyderabad,17.385,78.4867,2026-07-05 21:00:00,8.6,5.8,149.0,4.8,3.8,47.0,25.3,75,0.1,18.4
Hyderabad,17.385,78.4867,2026-07-05 22:00:00,8.9,5.7,145.0,4.9,3.7,46.0,25.7,73,0.0,21.1
Hyderabad,17.385,78.4867,2026-07-05 23:00:00,8.4,5.3,140.0,5.0,3.6,44.0,25.4,72,0.0,20.4
Hyderabad,17.385,78.4867,2026-07-06 00:00:00,6.5,4.2,131.0,5.0,3.5,43.0,25.1,74,0.0,20.6
Hyderabad,17.385,78.4867,2026-07-06 01:00:00,5.5,3.7,121.0,4.9,3.4,42.0,24.7,77,0.0,19.2
Hyderabad,17.385,78.4867,2026-07-06 02:00:00,4.4,3.2,115.0,4.9,3.3,41.0,24.4,78,0.0,18.8
Hyderabad,17.385,78.4867,2026-07-06 03:00:00,3.4,2.7,107.0,4.8,3.2,41.0,24.1,81,0.0,17.6
Hyderabad,17.385,78.4867,2026-07-06 04:00:00,2.5,2.2,102.0,4.7,3.2,41.0,24.0,83,0.2,18.8
Hyderabad,17.385,78.4867,2026-07-06 05:00:00,6.4,4.1,120.0,4.4,4.0,43.0,23.7,87,0.4,19.8
Hyderabad,17.385,78.4867,2026-07-06 06:00:00,7.2,4.6,187.0,5.2,4.1,42.0,23.9,85,0.0,18.8
Hyderabad,17.385,78.4867,2026-07-06 07:00:00,7.8,5.0,276.0,6.2,4.2,42.0,24.4,83,0.0,14.7
Hyderabad,17.385,78.4867,2026-07-06 08:00:00,8.4,5.4,325.0,6.7,4.3,42.0,24.6,83,0.0,15.7
Hyderabad,17.385,78.4867,2026-07-06 09:00:00,8.4,5.4,295.0,6.3,4.4,44.0,25.2,82,0.1,15.4
Hyderabad,17.385,78.4867,2026-07-06 10:00:00,7.6,5.1,225.0,5.4,4.4,48.0,25.6,81,0.5,17.9
Hyderabad,17.385,78.4867,2026-07-06 11:00:00,6.6,4.7,174.0,4.8,4.4,52.0,28.0,66,0.2,22.2
Hyderabad,17.385,78.4867,2026-07-06 12:00:00,6.4,4.7,166.0,4.6,4.4,56.0,28.9,61,0.0,23.1
Hyderabad,17.385,78.4867,2026-07-06 13:00:00,7.2,5.3,176.0,4.7,4.4,61.0,29.5,59,0.0,21.6
Hyderabad,17.385,78.4867,2026-07-06 14:00:00,8.9,5.9,194.0,5.1,4.4,64.0,30.5,55,0.0,23.2
Hyderabad,17.385,78.4867,2026-07-06 15:00:00,11.8,7.2,222.0,6.2,4.3,64.0,31.1,53,0.1,22.9
Hyderabad,17.385,78.4867,2026-07-06 16:00:00,13.7,8.3,258.0,7.6,4.1,62.0,29.8,58,0.2,21.5
Hyderabad,17.385,78.4867,2026-07-06 17:00:00,8.7,5.1,277.0,5.0,3.1,67.0,28.6,65,0.1,18.9
Hyderabad,17.385,78.4867,2026-07-06 18:00:00,9.0,5.6,265.0,5.7,3.6,63.0,27.8,69,0.0,17.4
Hyderabad,17.385,78.4867,2026-07-06 19:00:00,13.8,7.9,237.0,6.6,4.3,58.0,27.6,66,0.0,19.1
Hyderabad,17.385,78.4867,2026-07-06 20:00:00,17.0,9.8,212.0,7.3,4.9,54.0,27.4,66,0.0,19.4
Hyderabad,17.385,78.4867,2026-07-06 21:00:00,17.2,10.2,196.0,7.6,5.4,51.0,27.0,67,0.0,18.6
Hyderabad,17.385,78.4867,2026-07-06 22:00:00,16.6,10.1,183.0,7.7,5.7,48.0,26.7,69,0.0,19.2
Hyderabad,17.385,78.4867,2026-07-06 23:00:00,13.7,8.5,170.0,7.5,5.8,46.0,25.6,73,0.0,22.4
Hyderabad,17.385,78.4867,2026-07-07 00:00:00,7.7,5.3,155.0,7.0,5.5,44.0,25.1,76,0.0,20.5
Hyderabad,17.385,78.4867,2026-07-07 01:00:00,4.3,3.2,140.0,6.2,4.9,43.0,24.6,80,0.1,19.7
Hyderabad,17.385,78.4867,2026-07-07 02:00:00,4.2,2.8,129.0,5.5,4.4,42.0,24.7,80,0.0,18.3
Hyderabad,17.385,78.4867,2026-07-07 03:00:00,4.3,2.8,121.0,5.1,4.1,41.0,24.9,78,0.0,19.7
Hyderabad,17.385,78.4867,2026-07-07 04:00:00,3.9,2.6,118.0,4.8,3.8,41.0,24.8,79,0.0,18.7
Hyderabad,17.385,78.4867,2026-07-07 05:00:00,8.1,4.6,129.0,5.3,4.4,41.0,24.6,81,0.0,20.6
Hyderabad,17.385,78.4867,2026-07-07 06:00:00,9.6,5.4,171.0,5.5,4.6,41.0,24.9,79,0.0,19.7
Hyderabad,17.385,78.4867,2026-07-07 07:00:00,11.0,6.4,228.0,5.8,4.9,42.0,25.0,79,0.1,19.1
Hyderabad,17.385,78.4867,2026-07-07 08:00:00,10.5,6.2,260.0,5.6,4.9,44.0,25.8,78,0.1,19.2
Hyderabad,17.385,78.4867,2026-07-07 09:00:00,8.2,5.2,243.0,4.6,4.5,50.0,27.1,72,0.1,24.0
Hyderabad,17.385,78.4867,2026-07-07 10:00:00,6.5,4.3,201.0,3.2,3.9,58.0,27.5,71,0.0,22.0
Hyderabad,17.385,78.4867,2026-07-07 11:00:00,5.4,3.7,169.0,2.1,3.3,65.0,28.7,65,0.2,23.5
Hyderabad,17.385,78.4867,2026-07-07 12:00:00,9.8,5.0,159.0,1.7,2.8,70.0,29.9,58,0.1,24.3
Hyderabad,17.385,78.4867,2026-07-07 13:00:00,16.4,7.5,160.0,1.6,2.4,74.0,30.8,53,0.3,24.5
Hyderabad,17.385,78.4867,2026-07-07 14:00:00,16.4,7.8,171.0,1.7,2.2,76.0,30.8,58,0.6,22.4
Hyderabad,17.385,78.4867,2026-07-07 15:00:00,11.5,6.0,203.0,1.8,2.2,77.0,31.6,51,0.1,23.0
Hyderabad,17.385,78.4867,2026-07-07 16:00:00,7.8,4.5,245.0,2.2,2.3,77.0,31.4,50,0.1,24.0
Hyderabad,17.385,78.4867,2026-07-07 17:00:00,22.2,13.0,270.0,4.9,2.8,77.0,27.9,76,0.1,14.0
Hyderabad,17.385,78.4867,2026-07-07 18:00:00,15.4,10.3,262.0,5.7,3.4,72.0,27.8,70,0.0,19.9
Hyderabad,17.385,78.4867,2026-07-07 19:00:00,12.1,8.5,237.0,6.9,4.3,65.0,26.4,76,0.3,18.3
Hyderabad,17.385,78.4867,2026-07-07 20:00:00,11.4,7.8,214.0,7.6,4.9,59.0,26.5,75,0.0,16.4
Hyderabad,17.385,78.4867,2026-07-07 21:00:00,10.0,6.8,201.0,7.6,4.9,54.0,26.8,71,0.0,18.0
Hyderabad,17.385,78.4867,2026-07-07 22:00:00,7.8,5.5,189.0,7.2,4.6,50.0,26.6,69,0.0,19.2
Hyderabad,17.385,78.4867,2026-07-07 23:00:00,7.3,4.8,177.0,6.8,4.4,47.0,25.8,75,0.0,19.4
Hyderabad,17.385,78.4867,2026-07-08 00:00:00,7.9,5.0,161.0,6.5,4.3,44.0,25.6,76,0.0,20.1
Hyderabad,17.385,78.4867,2026-07-08 01:00:00,8.6,5.3,144.0,6.2,4.2,41.0,25.1,78,0.0,19.6
Hyderabad,17.385,78.4867,2026-07-08 02:00:00,8.8,5.4,132.0,5.9,4.2,39.0,24.9,79,0.0,18.7
Hyderabad,17.385,78.4867,2026-07-08 03:00:00,7.2,4.6,125.0,5.8,4.3,37.0,24.7,80,0.0,18.2
Hyderabad,17.385,78.4867,2026-07-08 04:00:00,5.2,3.6,123.0,5.8,4.4,36.0,24.6,80,0.0,18.4
Hyderabad,17.385,78.4867,2026-07-08 05:00:00,5.4,3.6,134.0,5.6,4.5,36.0,24.4,81,0.0,18.7
Hyderabad,17.385,78.4867,2026-07-08 06:00:00,8.3,4.8,173.0,5.3,4.6,36.0,24.8,80,0.0,19.8
Hyderabad,17.385,78.4867,2026-07-08 07:00:00,5.3,4.1,225.0,5.0,4.7,37.0,25.3,79,0.0,17.5
Hyderabad,17.385,78.4867,2026-07-08 08:00:00,5.5,3.8,254.0,4.4,4.6,41.0,25.9,76,0.0,19.3
Hyderabad,17.385,78.4867,2026-07-08 09:00:00,7.9,4.8,238.0,3.5,4.2,50.0,27.8,68,0.0,24.4
Hyderabad,17.385,78.4867,2026-07-08 10:00:00,9.9,6.0,199.0,2.5,3.5,63.0,29.4,60,0.0,24.6
Hyderabad,17.385,78.4867,2026-07-08 11:00:00,11.5,6.8,170.0,1.7,3.0,73.0,29.3,60,0.0,25.7
Hyderabad,17.385,78.4867,2026-07-08 12:00:00,13.3,7.7,163.0,1.3,2.7,81.0,30.5,55,0.1,25.6
Hyderabad,17.385,78.4867,2026-07-08 13:00:00,14.8,8.6,167.0,1.2,2.5,86.0,30.9,54,0.1,23.1
Hyderabad,17.385,78.4867,2026-07-08 14:00:00,15.0,8.6,180.0,1.6,2.4,89.0,32.4,49,0.0,21.5
Hyderabad,17.385,78.4867,2026-07-08 15:00:00,14.0,8.2,208.0,3.1,2.5,88.0,32.0,49,0.0,20.8
Hyderabad,17.385,78.4867,2026-07-08 16:00:00,13.4,7.6,246.0,5.1,2.7,83.0,31.4,53,0.2,16.6
Hyderabad,17.385,78.4867,2026-07-08 17:00:00,16.2,9.0,277.0,6.0,2.7,75.0,30.5,58,0.0,17.6
Hyderabad,17.385,78.4867,2026-07-08 18:00:00,15.6,10.1,299.0,7.1,3.4,70.0,29.1,63,0.0,12.9
Hyderabad,17.385,78.4867,2026-07-08 19:00:00,17.3,11.6,315.0,8.5,4.3,64.0,28.6,65,0.0,14.3
Hyderabad,17.385,78.4867,2026-07-08 20:00:00,20.6,12.9,319.0,9.3,4.8,59.0,27.9,65,0.0,16.7
Hyderabad,17.385,78.4867,2026-07-08 21:00:00,19.7,12.3,306.0,8.6,4.3,59.0,27.2,69,0.0,14.7
Hyderabad,17.385,78.4867,2026-07-08 22:00:00,13.8,9.2,280.0,7.3,3.4,60.0,26.2,73,0.0,18.9
Hyderabad,17.385,78.4867,2026-07-08 23:00:00,8.1,5.8,251.0,6.4,2.7,59.0,24.9,83,0.4,17.8
Hyderabad,17.385,78.4867,2026-07-09 00:00:00,5.0,3.9,217.0,6.6,2.6,53.0,24.5,84,0.0,16.5
Hyderabad,17.385,78.4867,2026-07-09 01:00:00,4.2,3.5,180.0,7.3,2.7,46.0,24.2,83,0.0,15.5
Hyderabad,17.385,78.4867,2026-07-09 02:00:00,3.6,3.1,154.0,7.7,2.8,40.0,24.3,82,0.0,13.4
Hyderabad,17.385,78.4867,2026-07-09 03:00:00,3.4,2.9,142.0,7.4,2.9,39.0,24.6,83,0.0,11.9
Hyderabad,17.385,78.4867,2026-07-09 04:00:00,3.4,3.0,141.0,6.9,2.9,40.0,24.6,85,0.0,12.4
Hyderabad,17.385,78.4867,2026-07-09 05:00:00,3.8,3.2,160.0,7.1,4.0,34.0,24.1,84,0.0,12.4
Hyderabad,17.385,78.4867,2026-07-09 06:00:00,3.8,3.5,221.0,6.5,4.1,35.0,24.2,85,0.0,13.0
Hyderabad,17.385,78.4867,2026-07-09 07:00:00,4.5,3.8,302.0,5.7,4.1,36.0,24.3,87,0.2,14.0
Hyderabad,17.385,78.4867,2026-07-09 08:00:00,5.9,4.1,345.0,4.8,4.1,39.0,24.7,86,0.1,13.1
Hyderabad,17.385,78.4867,2026-07-09 09:00:00,10.2,5.3,313.0,3.8,3.9,46.0,26.1,80,0.0,14.0
Hyderabad,17.385,78.4867,2026-07-09 10:00:00,16.1,7.5,243.0,2.8,3.6,56.0,28.0,68,0.1,17.4
Hyderabad,17.385,78.4867,2026-07-09 11:00:00,19.5,9.1,193.0,2.1,3.3,65.0,29.4,62,0.0,19.1
Hyderabad,17.385,78.4867,2026-07-09 12:00:00,22.1,10.2,187.0,1.7,3.1,72.0,30.3,56,0.0,19.1
Hyderabad,17.385,78.4867,2026-07-09 13:00:00,25.9,11.7,202.0,1.5,3.0,78.0,30.4,55,0.0,19.3
Hyderabad,17.385,78.4867,2026-07-09 14:00:00,28.3,12.7,223.0,1.8,3.0,82.0,30.9,55,0.1,16.6
Hyderabad,17.385,78.4867,2026-07-09 15:00:00,30.5,13.5,228.0,2.4,3.0,85.0,31.6,54,0.0,16.3
Hyderabad,17.385,78.4867,2026-07-09 16:00:00,33.1,14.2,240.0,3.4,3.0,86.0,31.4,53,0.0,16.0
Hyderabad,17.385,78.4867,2026-07-09 17:00:00,45.3,20.4,316.0,4.4,3.0,86.0,30.3,58,0.1,12.1
Hyderabad,17.385,78.4867,2026-07-09 18:00:00,44.0,22.6,549.0,8.4,4.0,77.0,29.6,60,0.0,11.7
Hyderabad,17.385,78.4867,2026-07-09 19:00:00,43.8,24.6,847.0,13.8,5.3,64.0,28.4,66,0.0,9.6
Hyderabad,17.385,78.4867,2026-07-09 20:00:00,43.2,25.8,989.0,17.3,6.2,55.0,27.7,71,0.0,8.7
Hyderabad,17.385,78.4867,2026-07-09 21:00:00,41.6,25.4,826.0,17.2,6.4,52.0,27.1,73,0.0,8.1
Hyderabad,17.385,78.4867,2026-07-09 22:00:00,38.4,23.6,506.0,15.1,6.2,52.0,26.6,73,0.0,8.6
Hyderabad,17.385,78.4867,2026-07-09 23:00:00,34.2,21.0,258.0,13.0,5.9,51.0,27.2,70,0.0,11.2
Hyderabad,17.385,78.4867,2026-07-10 00:00:00,31.1,18.9,177.0,11.3,5.6,49.0,26.9,70,0.0,13.4
Hyderabad,17.385,78.4867,2026-07-10 01:00:00,29.0,18.0,166.0,9.6,5.3,47.0,26.5,72,0.0,12.3
Hyderabad,17.385,78.4867,2026-07-10 02:00:00,27.0,17.2,164.0,8.4,5.0,44.0,26.2,73,0.0,13.9
Hyderabad,17.385,78.4867,2026-07-10 03:00:00,25.3,15.9,148.0,8.0,4.9,40.0,25.8,75,0.0,14.6
Hyderabad,17.385,78.4867,2026-07-10 04:00:00,23.7,14.5,141.0,8.0,4.9,36.0,25.2,77,0.0,14.8
Hyderabad,17.385,78.4867,2026-07-10 05:00:00,21.1,13.2,147.0,7.7,4.9,34.0,24.6,79,0.0,14.6
Hyderabad,17.385,78.4867,2026-07-10 06:00:00,19.6,11.8,177.0,7.0,4.9,35.0,24.5,79,0.0,13.4
Hyderabad,17.385,78.4867,2026-07-10 07:00:00,21.5,12.2,220.0,6.1,4.9,38.0,25.2,75,0.0,15.9
Hyderabad,17.385,78.4867,2026-07-10 08:00:00,23.7,12.5,245.0,5.1,4.8,43.0,26.6,68,0.0,18.1
Hyderabad,17.385,78.4867,2026-07-10 09:00:00,27.2,13.1,234.0,4.0,4.3,53.0,28.3,59,0.0,17.4
Hyderabad,17.385,78.4867,2026-07-10 10:00:00,32.2,14.3,204.0,2.8,3.7,65.0,30.1,50,0.0,15.9
Hyderabad,17.385,78.4867,2026-07-10 11:00:00,37.1,15.3,183.0,2.0,3.2,75.0,29.9,52,0.0,13.3
Hyderabad,17.385,78.4867,2026-07-10 12:00:00,41.1,16.1,179.0,1.6,3.0,80.0,31.5,46,0.0,16.7
Hyderabad,17.385,78.4867,2026-07-10 13:00:00,44.5,16.9,183.0,1.6,2.9,82.0,32.1,44,0.0,16.7
Hyderabad,17.385,78.4867,2026-07-10 14:00:00,50.3,17.9,192.0,2.3,2.9,82.0,31.9,44,0.0,16.2
Hyderabad,17.385,78.4867,2026-07-10 15:00:00,48.8,18.1,206.0,3.9,3.0,80.0,32.3,43,0.0,15.1
Hyderabad,17.385,78.4867,2026-07-10 16:00:00,48.8,18.6,226.0,6.1,3.3,75.0,32.3,43,0.0,15.9
Hyderabad,17.385,78.4867,2026-07-10 17:00:00,53.8,23.2,246.0,6.8,3.4,77.0,32.7,42,0.0,13.5
Hyderabad,17.385,78.4867,2026-07-10 18:00:00,50.8,24.7,270.0,11.3,4.3,68.0,31.8,47,0.0,10.5
Hyderabad,17.385,78.4867,2026-07-10 19:00:00,50.6,27.2,295.0,17.5,5.6,55.0,30.8,52,0.0,6.7
Hyderabad,17.385,78.4867,2026-07-10 20:00:00,52.6,29.0,310.0,21.7,6.5,45.0,29.9,57,0.0,7.2
Hyderabad,17.385,78.4867,2026-07-10 21:00:00,54.5,29.9,309.0,22.0,6.6,42.0,29.1,62,0.0,6.7
Hyderabad,17.385,78.4867,2026-07-10 22:00:00,56.2,30.4,298.0,20.2,6.4,42.0,28.5,64,0.0,7.6
Hyderabad,17.385,78.4867,2026-07-10 23:00:00,55.8,29.4,281.0,18.2,6.2,42.0,28.6,62,0.0,9.3
Hyderabad,17.385,78.4867,2026-07-11 00:00:00,53.6,27.9,259.0,16.2,6.2,42.0,28.3,61,0.0,12.3
Hyderabad,17.385,78.4867,2026-07-11 01:00:00,47.1,25.8,231.0,13.9,6.1,43.0,28.1,63,0.0,14.4
Hyderabad,17.385,78.4867,2026-07-11 02:00:00,34.5,21.1,205.0,12.0,6.0,42.0,27.4,66,0.0,14.6
Hyderabad,17.385,78.4867,2026-07-11 03:00:00,24.3,16.1,177.0,10.8,5.6,39.0,26.7,69,0.0,14.0
Hyderabad,17.385,78.4867,2026-07-11 04:00:00,19.4,13.0,151.0,9.9,5.2,34.0,25.9,72,0.0,13.7
Hyderabad,17.385,78.4867,2026-07-11 05:00:00,16.4,10.3,143.0,8.0,4.6,33.0,25.4,76,0.0,14.1
Hyderabad,17.385,78.4867,2026-07-11 06:00:00,17.2,10.1,170.0,7.4,4.6,34.0,25.2,76,0.0,14.4
Hyderabad,17.385,78.4867,2026-07-11 07:00:00,19.6,10.4,215.0,6.4,4.6,35.0,25.8,73,0.0,16.1
Hyderabad,17.385,78.4867,2026-07-11 08:00:00,20.9,10.4,242.0,5.4,4.4,40.0,27.1,66,0.0,17.3
Hyderabad,17.385,78.4867,2026-07-11 09:00:00,22.8,10.7,232.0,4.1,3.9,51.0,28.5,59,0.0,17.1
Hyderabad,17.385,78.4867,2026-07-11 10:00:00,26.8,11.5,204.0,2.8,3.3,65.0,30.0,52,0.0,16.4
Hyderabad,17.385,78.4867,2026-07-11 11:00:00,31.5,12.5,183.0,1.8,2.8,76.0,31.4,49,0.0,14.9
Hyderabad,17.385,78.4867,2026-07-11 12:00:00,36.7,13.6,176.0,1.4,2.5,83.0,32.1,46,0.0,15.5
Hyderabad,17.385,78.4867,2026-07-11 13:00:00,44.1,15.4,175.0,1.3,2.4,87.0,32.4,45,0.0,16.9
Hyderabad,17.385,78.4867,2026-07-11 14:00:00,49.2,16.9,180.0,1.8,2.4,89.0,32.6,44,0.0,17.8
Hyderabad,17.385,78.4867,2026-07-11 15:00:00,49.7,17.7,187.0,3.0,2.5,88.0,32.9,42,0.0,18.6
Hyderabad,17.385,78.4867,2026-07-11 16:00:00,51.5,18.4,200.0,4.7,2.6,83.0,32.7,41,0.0,19.2
Hyderabad,17.385,78.4867,2026-07-11 17:00:00,52.3,21.5,224.0,8.8,3.2,71.0,33.3,39,0.0,15.5
Hyderabad,17.385,78.4867,2026-07-11 18:00:00,48.2,22.2,270.0,11.6,3.9,64.0,31.9,44,0.8,15.6
Hyderabad,17.385,78.4867,2026-07-11 19:00:00,46.1,23.1,327.0,15.5,4.9,55.0,30.8,51,0.0,10.6
Hyderabad,17.385,78.4867,2026-07-11 20:00:00,45.1,23.6,371.0,17.7,5.5,48.0,30.0,55,0.0,7.4
Hyderabad,17.385,78.4867,2026-07-11 21:00:00,43.3,22.9,400.0,16.8,5.5,46.0,29.4,58,0.0,6.9
Hyderabad,17.385,78.4867,2026-07-11 22:00:00,40.3,21.5,417.0,14.4,5.2,46.0,28.8,60,0.0,8.7
Hyderabad,17.385,78.4867,2026-07-11 23:00:00,35.6,19.1,400.0,12.0,4.9,46.0,29.0,58,0.0,10.4
Hyderabad,17.385,78.4867,2026-07-12 00:00:00,31.2,16.9,322.0,10.2,4.6,45.0,28.4,57,0.0,12.8
Hyderabad,17.385,78.4867,2026-07-12 01:00:00,28.2,15.5,211.0,8.4,4.3,43.0,27.7,59,0.0,13.7
Hyderabad,17.385,78.4867,2026-07-12 02:00:00,26.0,14.4,131.0,7.2,4.1,41.0,27.1,62,0.0,15.1
Hyderabad,17.385,78.4867,2026-07-12 03:00:00,24.9,13.5,112.0,7.0,4.1,39.0,26.3,66,0.0,15.3
Hyderabad,17.385,78.4867,2026-07-12 04:00:00,24.3,12.9,125.0,7.3,4.2,37.0,25.6,70,0.0,13.5
Hyderabad,17.385,78.4867,2026-07-12 05:00:00,23.3,12.3,141.0,6.9,4.2,36.0,25.1,74,0.0,14.0
Hyderabad,17.385,78.4867,2026-07-12 06:00:00,23.7,12.3,156.0,6.3,4.4,37.0,24.8,74,0.0,15.0
Hyderabad,17.385,78.4867,2026-07-12 07:00:00,25.4,12.6,176.0,5.4,4.7,39.0,25.5,71,0.0,16.5
Hyderabad,17.385,78.4867,2026-07-12 08:00:00,26.5,12.6,186.0,4.5,4.7,44.0,26.8,64,0.0,18.1
Hyderabad,17.385,78.4867,2026-07-12 09:00:00,28.9,13.1,178.0,3.5,4.3,54.0,28.3,56,0.0,17.4
Hyderabad,17.385,78.4867,2026-07-12 10:00:00,33.1,13.9,161.0,2.4,3.8,67.0,29.9,51,0.0,16.8
Hyderabad,17.385,78.4867,2026-07-12 11:00:00,36.8,14.8,148.0,1.6,3.3,77.0,31.4,45,0.0,18.1
Hyderabad,17.385,78.4867,2026-07-12 12:00:00,39.7,15.7,145.0,1.2,3.0,83.0,31.5,44,0.0,18.6
Hyderabad,17.385,78.4867,2026-07-12 13:00:00,41.6,16.4,146.0,1.1,2.8,87.0,32.2,42,0.0,19.0
Hyderabad,17.385,78.4867,2026-07-12 14:00:00,43.1,17.0,150.0,1.3,2.7,89.0,31.9,44,0.0,19.0
Hyderabad,17.385,78.4867,2026-07-12 15:00:00,43.1,17.3,151.0,1.6,2.5,89.0,32.7,42,0.0,19.7
Hyderabad,17.385,78.4867,2026-07-12 16:00:00,42.0,17.1,154.0,2.2,2.4,87.0,32.0,44,0.0,20.1
Hyderabad,17.385,78.4867,2026-07-12 17:00:00,52.2,22.2,172.0,3.4,2.7,85.0,33.2,40,0.0,17.5
Hyderabad,17.385,78.4867,2026-07-12 18:00:00,43.7,21.8,224.0,6.3,3.5,76.0,32.7,42,0.0,13.4
Hyderabad,17.385,78.4867,2026-07-12 19:00:00,41.1,22.8,290.0,10.2,4.6,65.0,31.6,46,0.0,9.5
Hyderabad,17.385,78.4867,2026-07-12 20:00:00,39.9,23.6,323.0,12.6,5.4,56.0,31.0,50,0.0,8.3
Hyderabad,17.385,78.4867,2026-07-12 21:00:00,37.5,22.8,293.0,12.1,5.5,54.0,30.3,53,0.0,10.0
Hyderabad,17.385,78.4867,2026-07-12 22:00:00,33.8,20.7,229.0,10.1,5.2,54.0,29.6,54,0.0,10.8
Hyderabad,17.385,78.4867,2026-07-12 23:00:00,30.2,18.2,177.0,8.3,4.9,54.0,29.4,55,0.0,15.0
Hyderabad,17.385,78.4867,2026-07-13 00:00:00,29.0,16.9,152.0,7.2,4.5,51.0,28.2,57,0.0,15.7
Hyderabad,17.385,78.4867,2026-07-13 01:00:00,29.0,16.5,138.0,6.2,4.1,48.0,27.3,61,0.0,15.1
Hyderabad,17.385,78.4867,2026-07-13 02:00:00,28.3,15.9,130.0,5.6,3.8,44.0,26.5,64,0.0,14.6
Hyderabad,17.385,78.4867,2026-07-13 03:00:00,27.1,15.0,123.0,5.6,3.8,40.0,25.8,66,0.0,14.2
Hyderabad,17.385,78.4867,2026-07-13 04:00:00,25.7,13.8,122.0,5.9,3.9,37.0,25.2,69,0.0,13.9
Hyderabad,17.385,78.4867,2026-07-13 05:00:00,23.3,12.4,132.0,6.0,4.1,36.0,24.7,74,0.0,14.2
Hyderabad,17.385,78.4867,2026-07-13 06:00:00,22.2,11.5,165.0,5.7,4.3,37.0,24.4,77,0.0,13.9
Hyderabad,17.385,78.4867,2026-07-13 07:00:00,22.3,11.3,208.0,5.3,4.6,39.0,25.3,72,0.0,16.6
Hyderabad,17.385,78.4867,2026-07-13 08:00:00,24.2,11.5,234.0,4.7,4.7,44.0,26.8,65,0.0,18.3
Hyderabad,17.385,78.4867,2026-07-13 09:00:00,27.6,12.5,224.0,3.7,4.3,55.0,28.3,57,0.0,17.8
Hyderabad,17.385,78.4867,2026-07-13 10:00:00,28.6,13.1,196.0,2.5,3.8,69.0,29.8,52,0.0,17.6
Hyderabad,17.385,78.4867,2026-07-13 11:00:00,27.2,12.9,175.0,1.7,3.3,81.0,31.5,46,0.0,15.9
Hyderabad,17.385,78.4867,2026-07-13 12:00:00,25.4,12.4,171.0,1.4,3.1,88.0,32.7,42,0.0,16.0
Hyderabad,17.385,78.4867,2026-07-13 13:00:00,23.7,12.0,174.0,1.3,3.0,94.0,33.5,41,0.0,16.3
Hyderabad,17.385,78.4867,2026-07-13 14:00:00,22.3,11.7,182.0,1.6,2.9,97.0,33.9,40,0.0,16.8
Hyderabad,17.385,78.4867,2026-07-13 15:00:00,20.7,11.4,193.0,2.1,2.8,99.0,33.9,41,0.0,16.5
Hyderabad,17.385,78.4867,2026-07-13 16:00:00,19.2,11.2,209.0,2.8,2.7,100.0,33.8,42,0.0,17.1
Hyderabad,17.385,78.4867,2026-07-13 17:00:00,7.0,6.0,231.0,4.4,3.0,94.0,33.7,37,0.2,16.1
Hyderabad,17.385,78.4867,2026-07-13 18:00:00,6.3,5.9,269.0,6.8,3.6,86.0,32.7,46,0.7,14.2
Hyderabad,17.385,78.4867,2026-07-13 19:00:00,8.5,8.1,313.0,10.0,4.4,75.0,32.0,50,0.0,14.1
Hyderabad,17.385,78.4867,2026-07-13 20:00:00,10.6,9.9,342.0,12.1,5.0,67.0,31.5,52,0.0,11.9
Hyderabad,17.385,78.4867,2026-07-13 21:00:00,12.0,10.7,349.0,12.1,5.2,64.0,30.8,54,0.0,11.3
Hyderabad,17.385,78.4867,2026-07-13 22:00:00,13.7,11.4,340.0,11.1,5.2,62.0,30.1,55,0.0,11.0
Hyderabad,17.385,78.4867,2026-07-13 23:00:00,15.1,11.8,315.0,9.9,5.1,61.0,30.0,55,0.0,11.7
Hyderabad,17.385,78.4867,2026-07-14 00:00:00,16.2,12.3,260.0,8.9,4.9,59.0,29.2,57,0.0,14.5
Hyderabad,17.385,78.4867,2026-07-14 01:00:00,17.2,12.8,190.0,7.8,4.6,56.0,28.5,58,0.0,14.9
Hyderabad,17.385,78.4867,2026-07-14 02:00:00,17.9,13.2,141.0,7.0,4.4,53.0,27.7,57,0.0,15.4
Hyderabad,17.385,78.4867,2026-07-14 03:00:00,18.7,13.6,132.0,6.8,4.3,49.0,26.7,59,0.0,15.3
Hyderabad,17.385,78.4867,2026-07-14 04:00:00,19.6,13.9,145.0,6.9,4.2,46.0,26.0,61,0.0,14.3
Hyderabad,17.385,78.4867,2026-07-14 05:00:00,20.1,14.3,168.0,7.2,4.3,45.0,25.3,66,0.0,13.7
Hyderabad,17.385,78.4867,2026-07-14 06:00:00,21.2,14.8,208.0,7.1,4.4,45.0,24.9,68,0.0,12.9
Hyderabad,17.385,78.4867,2026-07-14 07:00:00,22.2,15.4,258.0,6.9,4.6,45.0,25.7,65,0.0,15.6
Hyderabad,17.385,78.4867,2026-07-14 08:00:00,22.4,15.1,286.0,6.4,4.6,49.0,27.1,60,0.0,17.4
Hyderabad,17.385,78.4867,2026-07-14 09:00:00,22.2,14.9,269.0,5.1,4.4,61.0,28.7,53,0.0,18.2
Hyderabad,17.385,78.4867,2026-07-14 10:00:00,22.3,14.7,229.0,3.4,4.1,78.0,30.2,47,0.0,18.2
Hyderabad,17.385,78.4867,2026-07-14 11:00:00,23.1,14.8,199.0,2.2,3.8,92.0,31.4,44,0.0,17.0
Hyderabad,17.385,78.4867,2026-07-14 12:00:00,24.0,15.0,192.0,1.8,3.6,101.0,31.8,43,0.0,16.6
Hyderabad,17.385,78.4867,2026-07-14 13:00:00,24.8,15.3,196.0,1.8,3.3,107.0,32.5,41,0.0,16.6
Hyderabad,17.385,78.4867,2026-07-14 14:00:00,25.3,15.4,207.0,2.2,3.2,109.0,32.8,41,0.0,16.2
Hyderabad,17.385,78.4867,2026-07-14 15:00:00,25.9,15.7,224.0,2.9,3.1,107.0,32.7,42,0.0,15.7
Hyderabad,17.385,78.4867,2026-07-14 16:00:00,26.6,16.1,248.0,4.0,3.2,102.0,32.6,43,0.0,15.2
Hyderabad,17.385,78.4867,2026-07-14 17:00:00,43.8,25.8,277.0,6.1,3.7,89.0,32.8,43,0.0,13.4
Hyderabad,17.385,78.4867,2026-07-14 18:00:00,43.0,26.6,311.0,9.6,4.5,79.0,31.8,47,0.0,12.0
Hyderabad,17.385,78.4867,2026-07-14 19:00:00,43.5,28.9,351.0,14.5,5.6,65.0,30.9,52,0.0,9.0
Hyderabad,17.385,78.4867,2026-07-14 20:00:00,45.3,31.1,393.0,18.0,6.4,54.0,30.3,53,0.0,7.8
Hyderabad,17.385,78.4867,2026-07-14 21:00:00,45.8,31.9,456.0,19.1,6.8,49.0,29.9,54,0.0,6.4
Hyderabad,17.385,78.4867,2026-07-14 22:00:00,45.9,32.0,523.0,18.9,6.9,48.0,29.3,56,0.0,5.2
Hyderabad,17.385,78.4867,2026-07-14 23:00:00,45.2,30.9,536.0,18.2,6.9,47.0,29.0,59,0.0,6.7
Hyderabad,17.385,78.4867,2026-07-15 00:00:00,43.0,29.0,450.0,16.9,7.0,47.0,28.1,65,0.0,7.1
Hyderabad,17.385,78.4867,2026-07-15 01:00:00,39.8,27.2,311.0,15.2,7.0,49.0,27.9,62,0.0,10.4
Hyderabad,17.385,78.4867,2026-07-15 02:00:00,33.2,24.0,204.0,13.5,6.8,49.0,28.1,53,0.0,12.5
Hyderabad,17.385,78.4867,2026-07-15 03:00:00,26.3,20.3,163.0,12.3,6.4,47.0,27.2,56,0.0,12.5
Hyderabad,17.385,78.4867,2026-07-15 04:00:00,22.6,17.9,155.0,11.2,5.8,44.0,26.5,59,0.0,13.6
Hyderabad,17.385,78.4867,2026-07-15 05:00:00,21.0,15.9,164.0,8.7,5.1,45.0,26.2,61,0.0,14.6
Hyderabad,17.385,78.4867,2026-07-15 06:00:00,22.6,16.5,197.0,8.1,5.2,47.0,25.7,64,0.0,12.6
Hyderabad,17.385,78.4867,2026-07-15 07:00:00,25.8,17.6,247.0,7.3,5.4,49.0,26.4,63,0.0,15.5
Hyderabad,17.385,78.4867,2026-07-15 08:00:00,31.9,18.7,276.0,6.2,5.4,55.0,27.4,60,0.0,14.6
Hyderabad,17.385,78.4867,2026-07-15 09:00:00,39.3,20.2,261.0,4.8,5.0,66.0,28.9,55,0.0,14.6
Hyderabad,17.385,78.4867,2026-07-15 10:00:00,47.6,21.9,225.0,3.2,4.4,80.0,30.2,48,0.0,14.7
Hyderabad,17.385,78.4867,2026-07-15 11:00:00,53.8,23.5,197.0,2.0,3.9,91.0,31.2,42,0.0,14.9
Hyderabad,17.385,78.4867,2026-07-15 12:00:00,56.5,24.0,189.0,1.5,3.5,96.0,32.0,39,0.0,14.7
Hyderabad,17.385,78.4867,2026-07-15 13:00:00,54.6,23.2,190.0,1.5,3.1,99.0,32.4,39,0.1,14.2
Hyderabad,17.385,78.4867,2026-07-15 14:00:00,50.8,21.8,196.0,1.8,2.9,99.0,32.9,38,0.0,15.9
Hyderabad,17.385,78.4867,2026-07-15 15:00:00,44.7,19.7,210.0,2.5,2.7,97.0,32.9,38,0.0,15.2
Hyderabad,17.385,78.4867,2026-07-15 16:00:00,40.9,18.1,229.0,3.4,2.7,93.0,32.4,39,0.1,15.2
Hyderabad,17.385,78.4867,2026-07-15 17:00:00,30.2,14.5,245.0,5.2,2.7,84.0,32.1,40,0.5,13.6
Hyderabad,17.385,78.4867,2026-07-15 18:00:00,29.5,15.8,254.0,7.4,3.3,77.0,30.6,45,0.0,13.5
Hyderabad,17.385,78.4867,2026-07-15 19:00:00,31.3,17.8,259.0,10.3,4.2,67.0,29.8,49,0.0,9.7
Hyderabad,17.385,78.4867,2026-07-15 20:00:00,34.2,19.7,262.0,12.2,4.9,59.0,29.2,51,0.0,13.4
Hyderabad,17.385,78.4867,2026-07-15 21:00:00,36.0,21.0,267.0,12.1,5.2,56.0,27.1,60,0.0,13.8
Hyderabad,17.385,78.4867,2026-07-15 22:00:00,34.6,20.4,269.0,11.0,5.3,56.0,26.3,65,0.0,10.7
Hyderabad,17.385,78.4867,2026-07-15 23:00:00,29.8,18.3,262.0,9.9,5.2,56.0,26.4,67,0.0,11.2
Hyderabad,17.385,78.4867,2026-07-16 00:00:00,24.9,15.8,236.0,9.0,5.0,57.0,26.2,68,0.0,11.7
Hyderabad,17.385,78.4867,2026-07-16 01:00:00,22.4,14.1,201.0,8.0,4.6,58.0,26.0,71,0.0,10.9
Hyderabad,17.385,78.4867,2026-07-16 02:00:00,21.5,13.0,174.0,7.4,4.4,58.0,25.9,72,0.0,11.4
Hyderabad,17.385,78.4867,2026-07-16 03:00:00,21.7,13.0,160.0,7.6,4.6,55.0,25.8,72,0.0,12.1
Hyderabad,17.385,78.4867,2026-07-16 04:00:00,21.4,13.0,155.0,8.1,5.0,51.0,25.7,71,0.0,12.0
Hyderabad,17.385,78.4867,2026-07-16 05:00:00,20.3,12.8,165.0,8.0,4.8,44.0,26.1,69,0.0,15.7
Hyderabad,17.385,78.4867,2026-07-16 06:00:00,17.5,11.9,206.0,7.4,4.8,45.0,25.9,69,0.0,14.8
Hyderabad,17.385,78.4867,2026-07-16 07:00:00,16.1,11.2,261.0,6.4,4.7,47.0,26.7,67,0.0,17.2
Hyderabad,17.385,78.4867,2026-07-16 08:00:00,16.1,10.4,292.0,5.4,4.5,52.0,28.1,60,0.0,18.8
Hyderabad,17.385,78.4867,2026-07-16 09:00:00,20.4,11.1,272.0,4.1,4.1,63.0,29.6,53,0.0,19.0
Hyderabad,17.385,78.4867,2026-07-16 10:00:00,25.4,12.2,228.0,2.8,3.6,77.0,30.8,51,0.0,15.8
Hyderabad,17.385,78.4867,2026-07-16 11:00:00,29.8,13.4,195.0,1.8,3.2,88.0,31.8,47,0.0,14.0
Hyderabad,17.385,78.4867,2026-07-16 12:00:00,30.9,13.6,188.0,1.3,3.0,95.0,31.4,49,0.7,13.1
Hyderabad,17.385,78.4867,2026-07-16 13:00:00,37.3,16.4,194.0,1.2,2.9,100.0,32.6,45,0.1,14.1
Hyderabad,17.385,78.4867,2026-07-16 14:00:00,33.6,14.8,207.0,2.0,2.9,100.0,31.5,47,0.0,12.0
Hyderabad,17.385,78.4867,2026-07-16 15:00:00,34.8,14.8,229.0,3.7,2.8,93.0,30.7,50,0.0,10.3
Hyderabad,17.385,78.4867,2026-07-16 16:00:00,44.9,20.0,259.0,6.2,2.9,82.0,30.0,54,0.0,5.7
Hyderabad,17.385,78.4867,2026-07-16 17:00:00,42.5,20.5,286.0,12.4,3.8,66.0,28.9,60,0.0,12.8
Hyderabad,17.385,78.4867,2026-07-16 18:00:00,41.3,21.8,308.0,15.9,5.0,60.0,29.3,55,0.1,11.9
Hyderabad,17.385,78.4867,2026-07-16 19:00:00,43.9,24.2,327.0,20.7,6.6,52.0,29.3,56,0.0,7.7
Hyderabad,17.385,78.4867,2026-07-16 20:00:00,46.6,26.8,337.0,24.3,7.7,45.0,28.8,60,0.0,7.8
Hyderabad,17.385,78.4867,2026-07-16 21:00:00,51.8,30.0,334.0,25.9,8.0,41.0,28.7,62,0.0,6.3
Hyderabad,17.385,78.4867,2026-07-16 22:00:00,54.2,31.1,322.0,26.2,7.8,39.0,28.3,63,0.0,8.3
Hyderabad,17.385,78.4867,2026-07-16 23:00:00,52.3,29.6,301.0,24.9,7.4,39.0,25.4,78,0.1,9.6
Hyderabad,17.385,78.4867,2026-07-17 00:00:00,46.2,26.1,264.0,20.8,6.9,41.0,23.3,90,1.3,12.9
Hyderabad,17.385,78.4867,2026-07-17 01:00:00,38.9,22.9,219.0,15.1,6.1,44.0,24.0,88,0.4,10.1
Hyderabad,17.385,78.4867,2026-07-17 02:00:00,32.8,19.9,186.0,10.8,5.6,46.0,24.2,86,0.1,6.3
Hyderabad,17.385,78.4867,2026-07-17 03:00:00,27.4,17.2,168.0,9.1,5.3,45.0,24.4,86,0.2,10.2
Hyderabad,17.385,78.4867,2026-07-17 04:00:00,26.6,16.5,162.0,8.8,5.3,43.0,24.3,85,0.0,9.0
Hyderabad,17.385,78.4867,2026-07-17 05:00:00,29.5,18.0,181.0,9.0,4.6,41.0,24.7,78,0.1,11.0
Hyderabad,17.385,78.4867,2026-07-17 06:00:00,24.6,15.8,251.0,10.4,5.2,37.0,24.5,80,0.1,10.4
Hyderabad,17.385,78.4867,2026-07-17 07:00:00,20.9,14.8,347.0,12.2,5.9,32.0,25.0,79,0.2,11.6
Hyderabad,17.385,78.4867,2026-07-17 08:00:00,20.5,14.2,406.0,12.6,6.3,33.0,25.4,79,0.2,13.1
Hyderabad,17.385,78.4867,2026-07-17 09:00:00,20.1,13.4,391.0,10.2,6.0,44.0,25.4,81,0.4,11.4
Hyderabad,17.385,78.4867,2026-07-17 10:00:00,20.1,13.1,339.0,6.5,5.4,60.0,25.9,79,0.6,12.6
Hyderabad,17.385,78.4867,2026-07-17 11:00:00,23.2,13.9,295.0,3.7,4.9,72.0,25.9,80,0.4,11.9
Hyderabad,17.385,78.4867,2026-07-17 12:00:00,23.6,13.8,269.0,2.8,4.5,77.0,26.8,76,0.5,11.2
Hyderabad,17.385,78.4867,2026-07-17 13:00:00,29.9,16.1,251.0,2.8,4.2,78.0,25.8,80,1.3,13.0
Hyderabad,17.385,78.4867,2026-07-17 14:00:00,25.3,14.6,256.0,3.4,4.1,78.0,25.0,87,1.5,8.8
Hyderabad,17.385,78.4867,2026-07-17 15:00:00,24.7,14.4,295.0,4.6,4.1,76.0,26.1,85,1.6,5.8
Hyderabad,17.385,78.4867,2026-07-17 16:00:00,25.4,14.7,357.0,6.4,4.3,73.0,25.1,90,2.2,8.6
Hyderabad,17.385,78.4867,2026-07-17 17:00:00,32.5,18.5,419.0,8.8,4.5,72.0,29.3,55,2.2,9.6
Hyderabad,17.385,78.4867,2026-07-17 18:00:00,35.4,20.7,495.0,14.0,5.2,62.0,27.3,67,0.2,9.6
Hyderabad,17.385,78.4867,2026-07-17 19:00:00,37.6,24.4,571.0,20.9,6.1,47.0,26.3,74,0.1,4.7
Hyderabad,17.385,78.4867,2026-07-17 20:00:00,36.9,24.9,589.0,24.5,6.5,38.0,26.1,76,0.0,5.8
Hyderabad,17.385,78.4867,2026-07-17 21:00:00,32.4,21.1,498.0,21.7,6.0,39.0,25.9,77,0.0,5.6
Hyderabad,17.385,78.4867,2026-07-17 22:00:00,26.3,16.5,349.0,15.7,5.0,45.0,25.9,78,0.0,5.7
Hyderabad,17.385,78.4867,2026-07-17 23:00:00,20.6,13.2,233.0,10.8,4.2,49.0,25.6,73,0.0,12.1
Hyderabad,17.385,78.4867,2026-07-18 00:00:00,15.8,10.4,191.0,8.9,3.7,49.0,25.0,77,0.0,13.4
Hyderabad,17.385,78.4867,2026-07-18 01:00:00,12.2,8.2,183.0,8.1,3.4,48.0,24.6,79,0.0,14.6
Hyderabad,17.385,78.4867,2026-07-18 02:00:00,9.7,6.8,180.0,7.7,3.3,47.0,24.1,82,0.0,13.5
Hyderabad,17.385,78.4867,2026-07-18 03:00:00,8.7,6.2,170.0,7.3,3.3,46.0,23.2,91,1.0,13.6
Hyderabad,17.385,78.4867,2026-07-18 04:00:00,8.5,6.1,166.0,7.1,3.5,46.0,23.4,91,0.8,13.4
Hyderabad,17.385,78.4867,2026-07-18 05:00:00,7.2,5.2,175.0,6.9,3.5,47.0,24.0,89,0.2,13.2
Hyderabad,17.385,78.4867,2026-07-18 06:00:00,9.0,6.4,212.0,8.1,4.0,43.0,24.2,86,0.0,12.9
Hyderabad,17.385,78.4867,2026-07-18 07:00:00,12.4,8.2,264.0,9.7,4.6,37.0,24.9,82,0.0,14.5
Hyderabad,17.385,78.4867,2026-07-18 08:00:00,15.7,9.8,294.0,10.4,5.0,34.0,26.4,73,0.0,16.8
Hyderabad,17.385,78.4867,2026-07-18 09:00:00,16.8,10.1,282.0,9.2,5.0,37.0,27.4,67,0.0,16.8
Hyderabad,17.385,78.4867,2026-07-18 10:00:00,16.3,10.1,250.0,7.1,4.8,43.0,27.4,67,0.1,14.8
Hyderabad,17.385,78.4867,2026-07-18 11:00:00,16.5,9.9,225.0,5.7,4.6,49.0,28.2,62,0.7,13.4
Hyderabad,17.385,78.4867,2026-07-18 12:00:00,15.8,9.8,218.0,5.5,4.4,54.0,27.2,66,0.8,12.0
Hyderabad,17.385,78.4867,2026-07-18 13:00:00,15.1,10.1,220.0,5.9,4.2,59.0,28.4,58,0.0,13.4
Hyderabad,17.385,78.4867,2026-07-18 14:00:00,15.1,10.3,229.0,6.8,4.0,62.0,28.5,58,0.0,12.8
Hyderabad,17.385,78.4867,2026-07-18 15:00:00,14.1,9.6,247.0,8.4,3.8,61.0,28.6,58,0.1,12.6
Hyderabad,17.385,78.4867,2026-07-18 16:00:00,15.3,10.2,273.0,10.4,3.6,57.0,26.1,79,1.6,8.7
Hyderabad,17.385,78.4867,2026-07-18 17:00:00,14.0,9.8,304.0,14.0,2.9,51.0,27.5,66,1.3,12.4
Hyderabad,17.385,78.4867,2026-07-18 18:00:00,13.5,10.0,349.0,14.2,3.3,48.0,26.1,75,0.0,11.9
Hyderabad,17.385,78.4867,2026-07-18 19:00:00,12.6,9.7,398.0,14.4,3.9,44.0,25.1,82,0.4,10.1
Hyderabad,17.385,78.4867,2026-07-18 20:00:00,12.2,9.2,418.0,14.3,4.4,41.0,24.5,88,0.5,9.8
Hyderabad,17.385,78.4867,2026-07-18 21:00:00,13.1,9.3,388.0,13.6,4.8,41.0,24.4,91,0.5,9.0
Hyderabad,17.385,78.4867,2026-07-18 22:00:00,14.1,10.0,330.0,12.6,5.2,41.0,24.6,90,0.1,10.6
Hyderabad,17.385,78.4867,2026-07-18 23:00:00,13.5,9.8,276.0,11.6,5.4,42.0,24.4,87,0.1,13.4
Hyderabad,17.385,78.4867,2026-07-19 00:00:00,10.9,8.3,236.0,10.5,5.2,42.0,24.0,86,0.2,12.8
Hyderabad,17.385,78.4867,2026-07-19 01:00:00,7.9,6.5,201.0,9.4,4.8,42.0,23.9,86,0.0,11.6
Hyderabad,17.385,78.4867,2026-07-19 02:00:00,5.7,4.9,176.0,8.6,4.4,42.0,23.8,87,0.0,11.4
Hyderabad,17.385,78.4867,2026-07-19 03:00:00,4.4,3.9,165.0,8.3,4.2,40.0,23.7,87,0.0,10.4
Hyderabad,17.385,78.4867,2026-07-19 04:00:00,3.8,3.3,164.0,8.2,4.2,38.0,23.8,87,0.0,10.3
Hyderabad,17.385,78.4867,2026-07-19 05:00:00,4.4,3.4,170.0,7.8,3.8,40.0,23.9,89,0.0,10.4
Hyderabad,17.385,78.4867,2026-07-19 06:00:00,4.4,3.5,190.0,6.9,3.8,41.0,23.9,89,0.0,9.0
Hyderabad,17.385,78.4867,2026-07-19 07:00:00,4.3,3.6,217.0,5.7,3.9,43.0,24.6,85,0.0,11.2
Hyderabad,17.385,78.4867,2026-07-19 08:00:00,4.0,3.3,230.0,4.6,3.8,45.0,26.1,76,0.0,15.7
Hyderabad,17.385,78.4867,2026-07-19 09:00:00,5.1,3.3,216.0,3.8,3.4,48.0,25.8,77,0.3,13.9
Hyderabad,17.385,78.4867,2026-07-19 10:00:00,6.8,3.8,188.0,3.1,2.9,53.0,28.2,66,0.1,15.2
Hyderabad,17.385,78.4867,2026-07-19 11:00:00,7.3,4.3,168.0,2.6,2.5,57.0,28.4,63,0.0,13.5
Hyderabad,17.385,78.4867,2026-07-19 12:00:00,8.3,4.7,161.0,2.3,2.4,62.0,29.1,58,0.0,13.2
Hyderabad,17.385,78.4867,2026-07-19 13:00:00,9.6,5.4,161.0,2.1,2.4,68.0,30.5,51,0.0,13.2
Hyderabad,17.385,78.4867,2026-07-19 14:00:00,11.8,6.5,172.0,2.2,2.5,72.0,30.6,50,0.0,12.9
Hyderabad,17.385,78.4867,2026-07-19 15:00:00,13.6,7.3,202.0,2.4,2.5,75.0,29.9,54,0.0,15.4
Hyderabad,17.385,78.4867,2026-07-19 16:00:00,15.1,8.2,242.0,2.8,2.6,77.0,28.6,65,0.0,12.6
Hyderabad,17.385,78.4867,2026-07-19 17:00:00,23.1,12.8,267.0,4.1,2.7,74.0,27.7,69,0.0,15.4
Hyderabad,17.385,78.4867,2026-07-19 18:00:00,22.8,14.3,265.0,6.2,3.5,68.0,26.8,77,0.1,9.1
Hyderabad,17.385,78.4867,2026-07-19 19:00:00,24.9,16.5,248.0,9.0,4.5,60.0,26.1,84,1.1,10.5
Hyderabad,17.385,78.4867,2026-07-19 20:00:00,26.7,17.2,231.0,10.6,5.1,54.0,25.4,84,0.3,11.9
Hyderabad,17.385,78.4867,2026-07-19 21:00:00,25.7,16.2,218.0,9.8,4.8,51.0,24.7,85,0.1,11.4
Hyderabad,17.385,78.4867,2026-07-19 22:00:00,17.5,11.7,203.0,7.9,4.2,49.0,24.4,87,0.2,12.6
Hyderabad,17.385,78.4867,2026-07-19 23:00:00,11.4,8.1,188.0,6.3,3.6,47.0,23.7,87,0.0,15.7
Hyderabad,17.385,78.4867,2026-07-20 00:00:00,7.7,5.6,168.0,5.8,3.3,44.0,23.4,88,0.0,12.6
Hyderabad,17.385,78.4867,2026-07-20 01:00:00,5.8,4.3,147.0,5.6,3.2,40.0,23.3,88,0.0,13.3
Hyderabad,17.385,78.4867,2026-07-20 02:00:00,4.7,3.6,134.0,5.7,3.2,37.0,23.4,87,0.0,13.0
Hyderabad,17.385,78.4867,2026-07-20 03:00:00,4.5,3.5,131.0,6.0,3.4,34.0,23.4,88,0.0,12.8
Hyderabad,17.385,78.4867,2026-07-20 04:00:00,4.8,3.6,136.0,6.4,3.6,32.0,23.6,87,0.0,13.1
Hyderabad,17.385,78.4867,2026-07-20 05:00:00,5.9,4.1,155.0,6.7,3.7,32.0,23.4,90,0.0,14.2
Hyderabad,17.385,78.4867,2026-07-20 06:00:00,5.9,4.5,203.0,6.5,3.9,32.0,23.6,89,0.3,13.9
Hyderabad,17.385,78.4867,2026-07-20 07:00:00,6.3,4.9,265.0,6.2,4.2,34.0,24.2,86,0.3,14.8
Hyderabad,17.385,78.4867,2026-07-20 08:00:00,5.7,4.4,300.0,5.6,4.2,37.0,25.0,83,0.6,15.3
Hyderabad,17.385,78.4867,2026-07-20 09:00:00,6.0,4.4,281.0,4.5,3.8,45.0,25.8,79,0.2,14.4
Hyderabad,17.385,78.4867,2026-07-20 10:00:00,6.9,4.7,235.0,3.2,3.2,56.0,26.9,72,0.2,15.5
Hyderabad,17.385,78.4867,2026-07-20 11:00:00,8.2,5.0,200.0,2.2,2.7,64.0,28.6,60,0.1,18.3
Hyderabad,17.385,78.4867,2026-07-20 12:00:00,11.4,6.1,187.0,1.8,2.5,67.0,28.8,58,0.2,16.9
Hyderabad,17.385,78.4867,2026-07-20 13:00:00,15.5,7.9,185.0,1.7,2.3,68.0,28.6,60,0.5,15.6
Hyderabad,17.385,78.4867,2026-07-20 14:00:00,12.7,6.3,199.0,2.1,2.3,68.0,29.4,64,0.0,15.1
Hyderabad,17.385,78.4867,2026-07-20 15:00:00,14.1,7.3,245.0,3.0,2.4,69.0,29.8,61,0.0,15.1
Hyderabad,17.385,78.4867,2026-07-20 16:00:00,14.6,7.9,307.0,4.4,2.5,69.0,28.8,63,0.2,14.2
Hyderabad,17.385,78.4867,2026-07-20 17:00:00,11.1,7.5,347.0,5.6,2.6,72.0,27.0,73,0.6,13.7
Hyderabad,17.385,78.4867,2026-07-20 18:00:00,12.4,9.0,344.0,6.0,2.7,69.0,26.3,78,0.2,11.1
Hyderabad,17.385,78.4867,2026-07-20 19:00:00,11.6,8.2,320.0,6.5,2.9,66.0,25.7,82,0.0,11.4
Hyderabad,17.385,78.4867,2026-07-20 20:00:00,10.0,6.9,294.0,7.0,3.1,61.0,25.1,86,0.2,10.8
Hyderabad,17.385,78.4867,2026-07-20 21:00:00,8.5,6.0,275.0,7.3,3.1,55.0,24.6,88,0.2,14.4
Hyderabad,17.385,78.4867,2026-07-20 22:00:00,7.1,5.4,256.0,7.4,3.1,49.0,24.0,88,0.1,15.5
Hyderabad,17.385,78.4867,2026-07-20 23:00:00,6.3,4.8,234.0,7.5,3.2,44.0,22.9,93,1.1,16.4
Hyderabad,17.385,78.4867,2026-07-21 00:00:00,5.4,4.2,205.0,7.4,3.5,41.0,22.8,93,1.7,18.4
Hyderabad,17.385,78.4867,2026-07-21 01:00:00,5.1,3.9,174.0,7.2,3.8,38.0,22.8,93,2.7,17.3
Hyderabad,17.385,78.4867,2026-07-21 02:00:00,5.0,3.9,152.0,7.1,4.1,36.0,23.0,92,0.6,15.9
Hyderabad,17.385,78.4867,2026-07-21 03:00:00,5.2,4.0,137.0,7.1,4.3,34.0,23.1,92,0.3,15.0
Hyderabad,17.385,78.4867,2026-07-21 04:00:00,5.5,4.2,131.0,7.2,4.4,33.0,23.1,92,0.2,14.1
Hyderabad,17.385,78.4867,2026-07-21 05:00:00,6.4,4.0,155.0,6.5,3.9,34.0,23.6,90,0.2,16.0
Hyderabad,17.385,78.4867,2026-07-21 06:00:00,8.3,5.4,240.0,7.4,4.2,33.0,23.6,90,0.1,16.4
Hyderabad,17.385,78.4867,2026-07-21 07:00:00,10.4,7.1,356.0,8.6,4.6,32.0,23.7,89,0.2,15.7
Hyderabad,17.385,78.4867,2026-07-21 08:00:00,14.2,8.6,428.0,9.0,4.8,33.0,23.8,87,0.2,14.8
Hyderabad,17.385,78.4867,2026-07-21 09:00:00,15.3,9.8,409.0,7.8,4.7,38.0,24.7,81,0.1,14.8
Hyderabad,17.385,78.4867,2026-07-21 10:00:00,15.8,9.6,348.0,5.8,4.4,45.0,24.6,82,0.4,15.1
Hyderabad,17.385,78.4867,2026-07-21 11:00:00,16.1,9.3,313.0,4.6,4.2,51.0,24.5,86,0.6,14.0
Hyderabad,17.385,78.4867,2026-07-21 12:00:00,17.1,10.2,330.0,4.8,4.3,56.0,24.9,84,0.6,13.0
Hyderabad,17.385,78.4867,2026-07-21 13:00:00,19.2,11.4,374.0,5.7,4.6,60.0,25.3,85,0.3,10.7
Hyderabad,17.385,78.4867,2026-07-21 14:00:00,19.6,12.1,441.0,7.1,4.8,62.0,25.6,84,0.2,7.4
Hyderabad,17.385,78.4867,2026-07-21 15:00:00,19.7,12.7,567.0,9.5,4.8,60.0,26.1,82,0.1,7.1
Hyderabad,17.385,78.4867,2026-07-21 16:00:00,20.7,13.5,715.0,12.4,4.8,57.0,26.4,78,0.0,6.8
Hyderabad,17.385,78.4867,2026-07-21 17:00:00,25.6,14.2,776.0,9.3,5.1,61.0,26.7,72,0.1,11.6
Hyderabad,17.385,78.4867,2026-07-21 18:00:00,23.1,14.0,669.0,9.8,4.8,58.0,26.0,72,0.0,12.8
Hyderabad,17.385,78.4867,2026-07-21 19:00:00,19.6,12.3,475.0,10.3,4.3,54.0,24.7,80,0.6,15.7
Hyderabad,17.385,78.4867,2026-07-21 20:00:00,17.8,11.6,321.0,10.6,4.0,50.0,23.1,91,3.0,16.7
Hyderabad,17.385,78.4867,2026-07-21 21:00:00,14.1,9.8,265.0,10.2,3.9,46.0,23.2,90,1.0,17.9
Hyderabad,17.385,78.4867,2026-07-21 22:00:00,10.8,7.9,249.0,9.5,3.9,43.0,23.4,90,0.4,16.9
Hyderabad,17.385,78.4867,2026-07-21 23:00:00,8.5,6.4,232.0,8.8,3.9,40.0,23.2,90,0.3,16.3
Hyderabad,17.385,78.4867,2026-07-22 00:00:00,6.6,5.0,196.0,8.3,3.9,38.0,23.1,91,0.5,17.5
Hyderabad,17.385,78.4867,2026-07-22 01:00:00,5.4,4.2,160.0,7.8,3.8,36.0,22.8,90,0.7,19.1
Hyderabad,17.385,78.4867,2026-07-22 02:00:00,4.8,3.7,135.0,7.4,3.8,34.0,22.5,90,0.9,19.1
Hyderabad,17.385,78.4867,2026-07-22 03:00:00,4.9,3.6,122.0,7.2,3.8,33.0,22.5,91,0.9,18.3
Hyderabad,17.385,78.4867,2026-07-22 04:00:00,5.7,3.8,121.0,7.1,3.7,32.0,22.6,92,0.6,17.4
Hyderabad,17.385,78.4867,2026-07-22 05:00:00,5.7,3.8,143.0,6.8,3.5,31.0,22.6,94,0.6,19.6
Hyderabad,17.385,78.4867,2026-07-22 06:00:00,5.4,3.9,212.0,7.1,3.8,30.0,22.7,93,1.4,19.1
Hyderabad,17.385,78.4867,2026-07-22 07:00:00,5.7,4.5,305.0,7.5,4.2,30.0,22.8,93,2.1,19.4
Hyderabad,17.385,78.4867,2026-07-22 08:00:00,6.4,4.9,356.0,7.5,4.5,31.0,23.1,92,0.5,19.5
Hyderabad,17.385,78.4867,2026-07-22 09:00:00,7.5,5.7,324.0,6.8,4.6,35.0,23.9,88,0.0,17.8
Hyderabad,17.385,78.4867,2026-07-22 10:00:00,8.2,5.6,250.0,5.8,4.5,41.0,25.2,81,0.0,16.6
Hyderabad,17.385,78.4867,2026-07-22 11:00:00,10.0,6.6,203.0,5.0,4.4,46.0,25.8,75,0.1,18.1
Hyderabad,17.385,78.4867,2026-07-22 12:00:00,11.6,7.4,202.0,4.7,4.3,51.0,26.2,73,0.3,18.1
Hyderabad,17.385,78.4867,2026-07-22 13:00:00,11.7,7.7,227.0,4.6,4.2,56.0,26.3,72,0.0,18.4
Hyderabad,17.385,78.4867,2026-07-22 14:00:00,11.4,7.5,282.0,5.1,4.2,59.0,25.8,76,0.3,13.4
Hyderabad,17.385,78.4867,2026-07-22 15:00:00,11.4,7.9,405.0,6.4,4.4,60.0,25.4,79,0.6,13.3
Hyderabad,17.385,78.4867,2026-07-22 16:00:00,12.5,8.7,560.0,8.2,4.7,59.0,24.7,85,1.1,14.4
Hyderabad,17.385,78.4867,2026-07-22 17:00:00,13.0,8.8,637.0,10.7,3.5,48.0,25.2,80,0.6,14.9
Hyderabad,17.385,78.4867,2026-07-22 18:00:00,12.1,8.9,567.0,11.0,4.4,46.0,24.8,80,0.1,15.1
Hyderabad,17.385,78.4867,2026-07-22 19:00:00,12.0,8.6,420.0,11.5,5.6,43.0,24.5,80,0.1,14.8
Hyderabad,17.385,78.4867,2026-07-22 20:00:00,11.8,8.4,302.0,11.6,6.3,40.0,24.1,82,0.1,18.3
Hyderabad,17.385,78.4867,2026-07-22 21:00:00,10.9,7.8,260.0,11.1,6.1,38.0,23.8,83,0.2,18.1
Hyderabad,17.385,78.4867,2026-07-22 22:00:00,11.4,7.7,248.0,10.3,5.4,36.0,23.7,84,0.1,17.4
Hyderabad,17.385,78.4867,2026-07-22 23:00:00,12.2,7.7,232.0,9.6,4.9,34.0,23.1,87,0.5,18.5
Hyderabad,17.385,78.4867,2026-07-23 00:00:00,11.1,7.1,197.0,9.2,4.9,33.0,23.0,87,0.0,17.5
Hyderabad,17.385,78.4867,2026-07-23 01:00:00,9.3,6.3,158.0,9.0,5.0,32.0,23.0,87,0.0,15.5
Hyderabad,17.385,78.4867,2026-07-23 02:00:00,7.9,5.8,132.0,8.8,5.1,31.0,22.8,86,0.0,14.8
Hyderabad,17.385,78.4867,2026-07-23 03:00:00,7.0,5.3,122.0,8.7,5.1,30.0,22.8,86,0.0,14.5
Hyderabad,17.385,78.4867,2026-07-23 04:00:00,6.5,4.9,125.0,8.7,5.1,29.0,22.7,87,0.0,13.6
Hyderabad,17.385,78.4867,2026-07-23 05:00:00,5.9,4.2,145.0,8.4,5.3,29.0,22.9,88,0.0,16.0
Hyderabad,17.385,78.4867,2026-07-23 06:00:00,7.4,4.7,200.0,7.9,5.2,30.0,23.1,86,0.0,15.2
Hyderabad,17.385,78.4867,2026-07-23 07:00:00,10.7,6.2,272.0,7.1,5.1,33.0,23.6,86,0.0,12.0
Hyderabad,17.385,78.4867,2026-07-23 08:00:00,12.7,7.2,313.0,6.1,4.9,37.0,24.8,78,0.0,17.2
Hyderabad,17.385,78.4867,2026-07-23 09:00:00,15.8,8.2,291.0,4.8,4.5,45.0,26.4,71,0.1,20.6
Hyderabad,17.385,78.4867,2026-07-23 10:00:00,21.8,10.0,238.0,3.3,4.0,55.0,27.0,68,0.2,21.5
Hyderabad,17.385,78.4867,2026-07-23 11:00:00,24.0,11.0,198.0,2.3,3.6,64.0,27.0,69,0.0,17.8
Hyderabad,17.385,78.4867,2026-07-23 12:00:00,26.0,11.5,182.0,1.9,3.5,70.0,28.0,63,0.0,19.3
Hyderabad,17.385,78.4867,2026-07-23 13:00:00,26.4,11.7,178.0,1.9,3.6,74.0,27.4,65,0.0,19.6
Hyderabad,17.385,78.4867,2026-07-23 14:00:00,26.3,11.8,196.0,2.2,3.6,76.0,28.1,61,0.9,24.2
Hyderabad,17.385,78.4867,2026-07-23 15:00:00,31.7,14.0,255.0,3.1,3.2,74.0,28.4,60,0.0,17.9
Hyderabad,17.385,78.4867,2026-07-23 16:00:00,35.5,17.2,335.0,4.4,2.8,70.0,28.6,56,0.0,15.4
Hyderabad,17.385,78.4867,2026-07-23 17:00:00,46.6,23.3,385.0,5.8,3.1,72.0,25.8,72,0.0,13.1
Hyderabad,17.385,78.4867,2026-07-23 18:00:00,52.7,26.9,381.0,7.0,3.4,68.0,26.0,72,0.0,13.4
Hyderabad,17.385,78.4867,2026-07-23 19:00:00,51.9,27.9,347.0,8.6,3.9,62.0,25.7,72,0.0,13.7
Hyderabad,17.385,78.4867,2026-07-23 20:00:00,50.1,27.9,309.0,9.6,4.3,57.0,25.6,68,0.0,16.1
Hyderabad,17.385,78.4867,2026-07-23 21:00:00,47.0,26.4,270.0,9.2,4.5,55.0,25.3,69,0.0,15.8
Hyderabad,17.385,78.4867,2026-07-23 22:00:00,44.7,24.3,226.0,8.2,4.5,55.0,25.1,69,0.0,15.8
Hyderabad,17.385,78.4867,2026-07-23 23:00:00,44.8,23.3,190.0,7.3,4.6,54.0,25.0,71,0.0,17.7
Hyderabad,17.385,78.4867,2026-07-24 00:00:00,44.9,23.1,168.0,6.9,4.7,51.0,24.6,74,0.0,17.9
Hyderabad,17.385,78.4867,2026-07-24 01:00:00,43.2,23.0,155.0,6.7,4.7,46.0,24.3,77,0.0,17.4
Hyderabad,17.385,78.4867,2026-07-24 02:00:00,37.5,21.0,146.0,6.5,4.7,43.0,24.0,79,0.0,18.9
Hyderabad,17.385,78.4867,2026-07-24 03:00:00,29.9,17.6,140.0,6.3,4.5,41.0,23.9,80,0.0,18.4
Hyderabad,17.385,78.4867,2026-07-24 04:00:00,23.6,14.6,139.0,6.1,4.3,39.0,23.8,80,0.0,19.0
Hyderabad,17.385,78.4867,2026-07-24 05:00:00,21.2,12.6,146.0,5.2,3.8,41.0,23.8,83,0.0,20.5
Hyderabad,17.385,78.4867,2026-07-24 06:00:00,20.1,12.0,169.0,5.6,4.1,40.0,23.7,83,0.1,20.0
Hyderabad,17.385,78.4867,2026-07-24 07:00:00,18.3,11.5,200.0,6.1,4.5,39.0,24.4,79,0.0,18.4
Hyderabad,17.385,78.4867,2026-07-24 08:00:00,18.2,11.3,217.0,6.0,4.7,41.0,25.6,73,0.0,24.9
Hyderabad,17.385,78.4867,2026-07-24 09:00:00,14.0,8.9,207.0,4.9,4.4,48.0,26.9,67,0.0,24.4
Hyderabad,17.385,78.4867,2026-07-24 10:00:00,12.0,7.6,184.0,3.3,3.9,58.0,28.2,62,0.0,22.3
Hyderabad,17.385,78.4867,2026-07-24 11:00:00,11.9,7.1,168.0,2.1,3.4,66.0,27.7,61,0.0,25.3
Hyderabad,17.385,78.4867,2026-07-24 12:00:00,16.1,8.1,166.0,1.6,3.0,71.0,27.4,64,0.0,23.1
Hyderabad,17.385,78.4867,2026-07-24 13:00:00,24.8,10.7,172.0,1.5,2.6,75.0,27.3,66,0.0,18.1
Hyderabad,17.385,78.4867,2026-07-24 14:00:00,29.8,12.9,190.0,1.7,2.4,78.0,27.6,67,0.0,15.0
Hyderabad,17.385,78.4867,2026-07-24 15:00:00,31.0,13.9,233.0,2.3,2.4,80.0,27.4,70,0.1,9.6
Hyderabad,17.385,78.4867,2026-07-24 16:00:00,31.4,14.7,289.0,3.3,2.5,80.0,28.7,64,0.0,12.7
Hyderabad,17.385,78.4867,2026-07-24 17:00:00,55.6,24.9,324.0,4.5,3.5,73.0,29.2,58,0.0,13.3
Hyderabad,17.385,78.4867,2026-07-24 18:00:00,45.5,24.0,322.0,6.4,4.5,67.0,28.3,61,0.0,14.0
Hyderabad,17.385,78.4867,2026-07-24 19:00:00,42.8,23.7,300.0,9.0,5.8,59.0,27.2,67,0.0,12.9
Hyderabad,17.385,78.4867,2026-07-24 20:00:00,36.8,21.3,274.0,10.8,6.7,52.0,27.1,67,0.0,12.8
Hyderabad,17.385,78.4867,2026-07-24 21:00:00,28.2,17.2,250.0,11.0,6.8,48.0,26.4,68,0.0,11.4
Hyderabad,17.385,78.4867,2026-07-24 22:00:00,21.2,13.6,222.0,10.5,6.4,45.0,26.0,69,0.0,12.6
Hyderabad,17.385,78.4867,2026-07-24 23:00:00,16.2,10.9,196.0,9.7,5.9,42.0,25.7,68,0.0,15.3
Hyderabad,17.385,78.4867,2026-07-25 00:00:00,12.9,8.8,169.0,8.8,5.3,39.0,25.0,71,0.0,14.4
Hyderabad,17.385,78.4867,2026-07-25 01:00:00,11.6,8.0,143.0,7.8,4.6,37.0,24.4,74,0.0,14.0
Hyderabad,17.385,78.4867,2026-07-25 02:00:00,11.4,7.7,126.0,7.1,4.1,35.0,23.9,76,0.0,14.1
Hyderabad,17.385,78.4867,2026-07-25 03:00:00,11.1,7.4,122.0,7.0,4.0,32.0,23.5,78,0.0,14.6
Hyderabad,17.385,78.4867,2026-07-25 04:00:00,10.4,7.0,128.0,7.3,4.1,30.0,23.3,80,0.0,14.1
Hyderabad,17.385,78.4867,2026-07-25 05:00:00,9.6,6.7,143.0,8.1,5.0,28.0,23.1,82,0.0,13.2
Hyderabad,17.385,78.4867,2026-07-25 06:00:00,9.8,6.8,174.0,7.4,4.9,29.0,23.2,82,0.0,13.7
Hyderabad,17.385,78.4867,2026-07-25 07:00:00,10.6,7.6,213.0,6.3,4.8,32.0,24.0,79,0.0,14.3
Hyderabad,17.385,78.4867,2026-07-25 08:00:00,12.2,8.0,236.0,5.2,4.5,36.0,25.2,72,0.0,19.3
Hyderabad,17.385,78.4867,2026-07-25 09:00:00,13.6,8.1,228.0,4.0,4.0,43.0,26.5,66,0.0,18.7
Hyderabad,17.385,78.4867,2026-07-25 10:00:00,15.8,8.9,204.0,2.8,3.4,53.0,27.5,63,0.0,18.6
Hyderabad,17.385,78.4867,2026-07-25 11:00:00,16.8,9.0,187.0,2.0,2.9,61.0,27.6,63,0.0,17.5
Hyderabad,17.385,78.4867,2026-07-25 12:00:00,17.3,9.0,179.0,1.6,2.7,67.0,27.9,62,0.0,17.3
Hyderabad,17.385,78.4867,2026-07-25 13:00:00,18.0,9.3,177.0,1.5,2.7,72.0,28.4,60,0.0,15.5
Hyderabad,17.385,78.4867,2026-07-25 14:00:00,17.4,9.0,198.0,1.9,2.7,75.0,29.3,58,0.0,14.5
Hyderabad,17.385,78.4867,2026-07-25 15:00:00,16.4,8.6,266.0,2.8,2.8,78.0,29.7,57,0.0,13.7
Hyderabad,17.385,78.4867,2026-07-25 16:00:00,15.4,8.3,357.0,4.1,2.9,79.0,29.7,57,0.0,12.1
Hyderabad,17.385,78.4867,2026-07-25 17:00:00,32.5,15.0,412.0,4.5,2.8,73.0,29.1,60,0.0,11.5
Hyderabad,17.385,78.4867,2026-07-25 18:00:00,28.1,16.1,395.0,8.7,3.7,66.0,28.2,66,0.0,9.0
Hyderabad,17.385,78.4867,2026-07-25 19:00:00,28.7,18.0,342.0,14.5,4.9,56.0,27.2,71,0.0,8.8
Hyderabad,17.385,78.4867,2026-07-25 20:00:00,30.3,19.6,303.0,18.0,5.9,49.0,26.7,74,0.0,9.3
Hyderabad,17.385,78.4867,2026-07-25 21:00:00,33.4,20.2,305.0,17.3,6.4,48.0,26.4,75,0.0,10.3
Hyderabad,17.385,78.4867,2026-07-25 22:00:00,34.0,19.6,320.0,14.4,6.5,50.0,26.0,76,0.0,10.4
Hyderabad,17.385,78.4867,2026-07-25 23:00:00,31.1,17.8,318.0,11.8,6.4,50.0,26.4,70,0.0,14.1
Hyderabad,17.385,78.4867,2026-07-26 00:00:00,26.2,15.1,277.0,10.1,5.7,47.0,25.8,73,0.0,15.0
Hyderabad,17.385,78.4867,2026-07-26 01:00:00,22.4,13.4,218.0,8.7,4.7,44.0,25.3,75,0.0,14.2
Hyderabad,17.385,78.4867,2026-07-26 02:00:00,17.4,10.9,173.0,7.6,4.0,40.0,24.8,78,0.0,14.4
Hyderabad,17.385,78.4867,2026-07-26 03:00:00,14.3,9.1,152.0,7.0,3.8,36.0,24.3,80,0.0,14.2
Hyderabad,17.385,78.4867,2026-07-26 04:00:00,12.6,7.8,145.0,6.7,3.8,32.0,24.0,81,0.0,14.4
Hyderabad,17.385,78.4867,2026-07-26 05:00:00,11.1,6.9,148.0,6.8,3.9,30.0,23.9,82,0.0,15.9
Hyderabad,17.385,78.4867,2026-07-26 06:00:00,11.0,6.6,170.0,6.0,4.0,33.0,23.8,83,0.0,13.9
Hyderabad,17.385,78.4867,2026-07-26 07:00:00,12.3,7.2,203.0,4.8,4.1,37.0,24.5,81,0.0,12.6
Hyderabad,17.385,78.4867,2026-07-26 08:00:00,14.5,7.7,220.0,3.7,4.0,42.0,26.0,74,0.0,18.7
Hyderabad,17.385,78.4867,2026-07-26 09:00:00,14.4,7.7,204.0,2.8,3.6,50.0,27.5,67,0.0,19.1
Hyderabad,17.385,78.4867,2026-07-26 10:00:00,14.4,7.5,172.0,1.9,3.1,61.0,28.5,62,0.0,17.7
Hyderabad,17.385,78.4867,2026-07-26 11:00:00,16.1,7.8,155.0,1.4,2.7,68.0,29.0,60,0.4,17.1
Hyderabad,17.385,78.4867,2026-07-26 12:00:00,18.7,8.1,166.0,1.3,2.5,71.0,29.4,57,0.4,16.9
Hyderabad,17.385,78.4867,2026-07-26 13:00:00,17.3,8.1,191.0,1.4,2.4,71.0,30.0,60,0.7,15.2
Hyderabad,17.385,78.4867,2026-07-26 14:00:00,14.6,7.4,217.0,1.9,2.4,71.0,28.1,71,2.0,12.9
Hyderabad,17.385,78.4867,2026-07-26 15:00:00,13.1,7.2,240.0,2.7,2.4,71.0,29.6,64,0.2,12.5
Hyderabad,17.385,78.4867,2026-07-26 16:00:00,15.0,7.8,263.0,3.8,2.5,69.0,28.0,71,1.6,16.1
Hyderabad,17.385,78.4867,2026-07-26 17:00:00,13.0,8.5,284.0,6.8,3.1,62.0,28.5,71,0.2,7.8
Hyderabad,17.385,78.4867,2026-07-26 18:00:00,15.0,10.1,308.0,7.7,3.6,60.0,28.0,73,0.1,8.9
Hyderabad,17.385,78.4867,2026-07-26 19:00:00,17.2,11.6,329.0,8.9,4.3,58.0,26.5,80,0.1,11.3
Hyderabad,17.385,78.4867,2026-07-26 20:00:00,20.1,12.9,329.0,9.5,4.8,56.0,25.3,89,0.4,9.7
Hyderabad,17.385,78.4867,2026-07-26 21:00:00,21.2,13.1,292.0,8.9,4.9,56.0,25.3,88,0.1,10.1
Hyderabad,17.385,78.4867,2026-07-26 22:00:00,23.5,13.7,234.0,7.7,4.7,57.0,25.2,86,0.0,10.1
Hyderabad,17.385,78.4867,2026-07-26 23:00:00,23.1,13.3,187.0,6.7,4.5,57.0,24.0,93,0.0,13.9
Hyderabad,17.385,78.4867,2026-07-27 00:00:00,19.0,11.1,163.0,6.0,4.2,55.0,23.7,93,5.1,15.1
Hyderabad,17.385,78.4867,2026-07-27 01:00:00,15.9,9.2,150.0,5.5,3.7,52.0,23.5,92,3.0,17.5
Hyderabad,17.385,78.4867,2026-07-27 02:00:00,15.1,8.7,141.0,5.3,3.5,48.0,23.3,92,2.1,18.4
Hyderabad,17.385,78.4867,2026-07-27 03:00:00,14.3,8.6,129.0,5.5,3.5,43.0,23.2,92,1.7,18.0
Hyderabad,17.385,78.4867,2026-07-27 04:00:00,13.4,8.3,121.0,5.9,3.8,37.0,23.0,92,1.4,17.6
Hyderabad,17.385,78.4867,2026-07-27 05:00:00,10.9,6.5,134.0,5.3,3.5,37.0,23.8,86,1.3,17.3
Hyderabad,17.385,78.4867,2026-07-27 06:00:00,8.8,5.5,187.0,6.3,3.8,35.0,23.8,86,0.0,16.8
Hyderabad,17.385,78.4867,2026-07-27 07:00:00,8.3,5.8,262.0,7.5,4.3,32.0,24.3,85,0.0,14.3
Hyderabad,17.385,78.4867,2026-07-27 08:00:00,8.6,6.5,314.0,8.0,4.5,33.0,25.0,81,0.0,15.2
Hyderabad,17.385,78.4867,2026-07-27 09:00:00,7.8,6.0,324.0,6.9,4.3,40.0,25.1,82,0.0,13.5
Hyderabad,17.385,78.4867,2026-07-27 10:00:00,7.9,5.3,312.0,5.0,4.0,51.0,25.7,79,0.0,15.2
Hyderabad,17.385,78.4867,2026-07-27 11:00:00,11.6,6.5,296.0,3.5,3.6,61.0,25.7,80,0.2,10.7
Hyderabad,17.385,78.4867,2026-07-27 12:00:00,10.7,6.1,275.0,2.6,3.3,70.0,26.3,77,0.1,12.4
Hyderabad,17.385,78.4867,2026-07-27 13:00:00,13.1,6.6,250.0,2.0,3.0,78.0,27.5,71,0.1,13.9
Hyderabad,17.385,78.4867,2026-07-27 14:00:00,19.1,8.5,245.0,2.2,2.8,83.0,29.0,65,0.2,15.9
Hyderabad,17.385,78.4867,2026-07-27 15:00:00,23.4,10.5,280.0,3.8,2.7,82.0,28.8,67,0.3,15.5
Hyderabad,17.385,78.4867,2026-07-27 16:00:00,25.8,11.1,335.0,6.3,2.7,77.0,28.9,66,0.1,16.6
Hyderabad,17.385,78.4867,2026-07-27 17:00:00,32.7,17.4,372.0,5.1,3.5,84.0,26.8,80,0.0,11.4
Hyderabad,17.385,78.4867,2026-07-27 18:00:00,32.8,18.5,373.0,7.4,4.0,77.0,26.2,85,0.7,11.2
Hyderabad,17.385,78.4867,2026-07-27 19:00:00,33.1,19.4,355.0,10.6,4.6,68.0,25.9,88,0.1,9.4
Hyderabad,17.385,78.4867,2026-07-27 20:00:00,32.5,19.7,334.0,12.7,5.1,60.0,25.6,87,0.1,12.1
Hyderabad,17.385,78.4867,2026-07-27 21:00:00,31.3,19.5,314.0,13.0,5.4,55.0,25.2,87,0.0,11.3
Hyderabad,17.385,78.4867,2026-07-27 22:00:00,29.6,18.7,291.0,12.3,5.6,53.0,24.9,87,0.0,13.6
Hyderabad,17.385,78.4867,2026-07-27 23:00:00,25.8,16.4,263.0,11.1,5.5,51.0,25.1,84,0.0,14.6
Hyderabad,17.385,78.4867,2026-07-28 00:00:00,20.8,12.7,223.0,9.2,4.7,52.0,23.5,89,0.2,13.4
Hyderabad,17.385,78.4867,2026-07-28 01:00:00,16.5,9.7,179.0,6.9,3.4,54.0,23.4,91,0.3,13.3
Hyderabad,17.385,78.4867,2026-07-28 02:00:00,13.2,7.8,149.0,5.4,2.7,54.0,23.2,92,0.2,13.5
Hyderabad,17.385,78.4867,2026-07-28 03:00:00,10.3,6.7,140.0,5.4,2.9,49.0,23.3,91,0.1,13.9
Hyderabad,17.385,78.4867,2026-07-28 04:00:00,8.8,6.0,146.0,6.3,3.5,42.0,23.5,90,0.0,15.4
Hyderabad,17.385,78.4867,2026-07-28 05:00:00,3.8,2.6,163.0,5.0,2.5,45.0,24.0,88,0.1,16.8
Hyderabad,17.385,78.4867,2026-07-28 06:00:00,4.8,3.0,201.0,5.4,2.9,43.0,24.0,86,0.0,16.1
Hyderabad,17.385,78.4867,2026-07-28 07:00:00,7.0,4.3,251.0,5.8,3.4,41.0,24.6,84,0.0,12.7
Hyderabad,17.385,78.4867,2026-07-28 08:00:00,8.9,5.2,278.0,5.8,3.7,41.0,26.1,76,0.0,20.1
Hyderabad,17.385,78.4867,2026-07-28 09:00:00,9.9,5.4,258.0,4.9,3.6,47.0,27.2,72,0.0,18.4
Hyderabad,17.385,78.4867,2026-07-28 10:00:00,11.5,6.1,215.0,3.5,3.3,55.0,27.9,68,0.2,18.9
Hyderabad,17.385,78.4867,2026-07-28 11:00:00,10.8,5.8,192.0,2.6,3.0,62.0,28.6,63,0.1,20.0
Hyderabad,17.385,78.4867,2026-07-28 12:00:00,8.4,4.9,208.0,2.2,2.9,67.0,29.5,59,0.2,20.2
Hyderabad,17.385,78.4867,2026-07-28 13:00:00,8.6,5.3,243.0,2.3,2.8,71.0,30.3,60,0.1,17.9
Hyderabad,17.385,78.4867,2026-07-28 14:00:00,7.3,5.0,280.0,3.0,2.8,72.0,29.7,63,0.3,17.6
Hyderabad,17.385,78.4867,2026-07-28 15:00:00,6.8,4.7,323.0,5.1,2.7,69.0,28.7,68,0.6,13.1
Hyderabad,17.385,78.4867,2026-07-28 16:00:00,8.7,5.5,368.0,7.9,2.7,64.0,28.7,71,0.4,13.0
Hyderabad,17.385,78.4867,2026-07-28 17:00:00,23.1,12.6,388.0,6.7,2.9,70.0,25.4,86,2.3,16.0
Hyderabad,17.385,78.4867,2026-07-28 18:00:00,22.2,13.6,362.0,7.5,3.3,68.0,24.9,90,0.9,12.4
Hyderabad,17.385,78.4867,2026-07-28 19:00:00,21.9,13.6,312.0,8.5,3.8,65.0,24.3,89,0.3,16.6
Hyderabad,17.385,78.4867,2026-07-28 20:00:00,19.4,12.3,269.0,9.2,4.2,61.0,23.6,90,0.3,16.7
Hyderabad,17.385,78.4867,2026-07-28 21:00:00,16.3,10.8,249.0,9.2,4.4,57.0,24.0,90,0.2,16.4
Hyderabad,17.385,78.4867,2026-07-28 22:00:00,13.8,9.3,238.0,8.8,4.4,53.0,24.1,91,0.6,18.0
Hyderabad,17.385,78.4867,2026-07-28 23:00:00,11.6,8.1,224.0,8.4,4.4,49.0,23.8,94,0.6,17.6
Hyderabad,17.385,78.4867,2026-07-29 00:00:00,10.0,7.1,201.0,8.1,4.4,45.0,23.6,94,1.6,18.2
Hyderabad,17.385,78.4867,2026-07-29 01:00:00,9.4,6.5,177.0,7.8,4.3,41.0,23.6,95,1.2,19.1
Hyderabad,17.385,78.4867,2026-07-29 02:00:00,9.3,6.2,158.0,7.5,4.2,38.0,23.3,94,0.7,17.6
Hyderabad,17.385,78.4867,2026-07-29 03:00:00,9.7,6.1,142.0,7.3,4.2,35.0,23.2,94,0.5,16.5
Hyderabad,17.385,78.4867,2026-07-29 04:00:00,9.7,5.9,133.0,7.1,4.2,32.0,23.1,95,0.5,17.0
Hyderabad,17.385,78.4867,2026-07-29 05:00:00,7.5,4.6,149.0,6.2,3.2,35.0,23.0,94,0.4,19.5
Hyderabad,17.385,78.4867,2026-07-29 06:00:00,8.0,5.0,215.0,7.1,3.5,33.0,22.9,94,0.7,18.4
Hyderabad,17.385,78.4867,2026-07-29 07:00:00,8.0,5.5,306.0,8.4,3.9,32.0,23.1,93,0.6,18.5
Hyderabad,17.385,78.4867,2026-07-29 08:00:00,8.0,5.8,367.0,9.1,4.2,31.0,23.4,93,0.8,19.8
Hyderabad,17.385,78.4867,2026-07-29 09:00:00,9.0,6.5,370.0,8.8,4.3,33.0,23.6,92,0.9,19.3
Hyderabad,17.385,78.4867,2026-07-29 10:00:00,9.5,6.5,343.0,7.9,4.2,36.0,23.9,91,1.3,18.0
Hyderabad,17.385,78.4867,2026-07-29 11:00:00,10.5,7.0,316.0,7.3,4.1,40.0,24.0,91,0.8,16.6
Hyderabad,17.385,78.4867,2026-07-29 12:00:00,10.7,7.5,295.0,7.0,3.9,45.0,24.5,88,0.8,17.3
Hyderabad,17.385,78.4867,2026-07-29 13:00:00,11.8,8.2,274.0,6.9,3.7,51.0,25.2,87,0.8,15.4
Hyderabad,17.385,78.4867,2026-07-29 14:00:00,12.9,8.8,269.0,7.2,3.6,54.0,25.1,86,0.4,15.8
Hyderabad,17.385,78.4867,2026-07-29 15:00:00,14.1,8.6,298.0,8.3,3.6,53.0,25.5,83,0.2,16.9
Hyderabad,17.385,78.4867,2026-07-29 16:00:00,13.5,8.6,342.0,9.8,3.8,50.0,25.4,84,0.7,15.8
Hyderabad,17.385,78.4867,2026-07-29 17:00:00,15.8,10.2,363.0,12.7,3.7,49.0,24.9,89,1.2,15.7
Hyderabad,17.385,78.4867,2026-07-29 18:00:00,13.4,9.1,338.0,11.5,3.5,51.0,24.1,91,4.1,16.1
Hyderabad,17.385,78.4867,2026-07-29 19:00:00,13.5,8.8,291.0,9.8,3.2,53.0,22.7,94,2.0,18.0
Hyderabad,17.385,78.4867,2026-07-29 20:00:00,13.2,8.3,251.0,8.6,3.1,53.0,23.2,94,1.9,17.3
Hyderabad,17.385,78.4867,2026-07-29 21:00:00,12.3,7.8,232.0,8.4,3.2,50.0,23.5,94,1.3,18.4
Hyderabad,17.385,78.4867,2026-07-29 22:00:00,11.5,7.5,220.0,8.7,3.3,46.0,23.7,93,0.7,20.2
Hyderabad,17.385,78.4867,2026-07-29 23:00:00,11.1,7.3,208.0,8.8,3.5,42.0,23.5,94,0.8,19.8
Hyderabad,17.385,78.4867,2026-07-30 00:00:00,11.8,7.4,190.0,8.4,3.7,40.0,23.6,92,0.2,19.4
Hyderabad,17.385,78.4867,2026-07-30 01:00:00,12.1,7.5,170.0,7.7,3.8,39.0,23.5,91,0.3,20.3
Hyderabad,17.385,78.4867,2026-07-30 02:00:00,10.7,6.9,156.0,7.1,3.9,38.0,23.4,92,0.3,20.7
Hyderabad,17.385,78.4867,2026-07-30 03:00:00,9.3,6.1,145.0,6.5,3.8,37.0,23.3,90,0.1,20.5
Hyderabad,17.385,78.4867,2026-07-30 04:00:00,7.7,5.2,139.0,6.0,3.7,36.0,23.3,89,0.0,20.5
Hyderabad,17.385,78.4867,2026-07-30 05:00:00,7.4,4.8,150.0,5.4,3.5,38.0,23.6,89,0.0,20.2
Hyderabad,17.385,78.4867,2026-07-30 06:00:00,6.4,4.2,194.0,6.3,3.7,37.0,23.4,90,0.2,19.9
Hyderabad,17.385,78.4867,2026-07-30 07:00:00,6.5,4.4,256.0,7.4,4.0,35.0,23.5,90,0.1,19.4
Hyderabad,17.385,78.4867,2026-07-30 08:00:00,7.7,5.2,299.0,7.8,4.2,36.0,23.7,89,0.3,22.0
Hyderabad,17.385,78.4867,2026-07-30 09:00:00,10.5,6.2,303.0,6.8,4.2,41.0,23.4,93,3.7,24.3
Hyderabad,17.385,78.4867,2026-07-30 10:00:00,12.2,6.8,289.0,5.2,4.0,49.0,23.8,92,1.2,23.6
Hyderabad,17.385,78.4867,2026-07-30 11:00:00,15.7,7.7,278.0,3.9,3.8,55.0,24.0,90,0.5,21.0
Hyderabad,17.385,78.4867,2026-07-30 12:00:00,18.8,9.1,279.0,3.3,3.6,60.0,24.4,87,0.9,19.2
Hyderabad,17.385,78.4867,2026-07-30 13:00:00,20.7,9.5,283.0,3.0,3.4,63.0,25.0,83,1.0,19.4
Hyderabad,17.385,78.4867,2026-07-30 14:00:00,18.9,9.2,293.0,3.3,3.3,65.0,24.9,83,1.5,17.3
Hyderabad,17.385,78.4867,2026-07-30 15:00:00,18.7,9.3,315.0,4.5,3.2,65.0,24.6,87,1.1,18.5
Hyderabad,17.385,78.4867,2026-07-30 16:00:00,15.4,8.6,342.0,6.3,3.2,63.0,24.8,87,0.6,18.3
Hyderabad,17.385,78.4867,2026-07-30 17:00:00,21.1,11.7,352.0,9.5,3.6,52.0,24.9,86,0.5,17.1
Hyderabad,17.385,78.4867,2026-07-30 18:00:00,21.2,11.9,333.0,9.4,3.7,52.0,24.5,88,0.7,17.6
Hyderabad,17.385,78.4867,2026-07-30 19:00:00,18.7,11.3,298.0,9.3,3.9,52.0,24.2,89,0.7,17.5
Hyderabad,17.385,78.4867,2026-07-30 20:00:00,15.1,9.7,264.0,9.1,4.0,51.0,23.8,89,0.3,16.9
Hyderabad,17.385,78.4867,2026-07-30 21:00:00,12.1,8.1,239.0,8.9,4.1,48.0,24.0,89,0.3,16.2
Hyderabad,17.385,78.4867,2026-07-30 22:00:00,10.5,7.3,215.0,8.8,4.3,45.0,24.1,88,0.1,16.2
Hyderabad,17.385,78.4867,2026-07-30 23:00:00,8.8,6.3,193.0,8.5,4.4,42.0,23.7,90,0.5,16.8
Hyderabad,17.385,78.4867,2026-07-31 00:00:00,7.0,5.0,171.0,8.1,4.4,40.0,23.6,90,0.4,18.6
Hyderabad,17.385,78.4867,2026-07-31 01:00:00,5.8,4.2,150.0,7.6,4.4,38.0,23.4,90,0.4,19.3
Hyderabad,17.385,78.4867,2026-07-31 02:00:00,4.6,3.4,136.0,7.1,4.4,36.0,23.4,90,0.1,18.0
Hyderabad,17.385,78.4867,2026-07-31 03:00:00,3.6,2.8,127.0,6.8,4.4,35.0,23.5,89,0.1,18.7
Hyderabad,17.385,78.4867,2026-07-31 04:00:00,3.5,2.6,124.0,6.5,4.4,34.0,23.3,90,0.3,19.7
Hyderabad,17.385,78.4867,2026-07-31 05:00:00,6.5,3.3,139.0,5.3,4.1,37.0,23.8,85,0.2,19.7
Hyderabad,17.385,78.4867,2026-07-31 06:00:00,9.4,4.8,192.0,5.1,4.2,37.0,23.8,85,0.0,19.1
Hyderabad,17.385,78.4867,2026-07-31 07:00:00,11.3,6.2,263.0,4.9,4.3,38.0,24.4,83,0.0,18.8
Hyderabad,17.385,78.4867,2026-07-31 08:00:00,14.1,7.1,301.0,4.4,4.2,42.0,25.5,79,0.0,18.9
Hyderabad,17.385,78.4867,2026-07-31 09:00:00,15.1,7.5,273.0,3.5,3.9,51.0,27.5,68,0.0,24.2
Hyderabad,17.385,78.4867,2026-07-31 10:00:00,14.5,7.3,213.0,2.3,3.4,62.0,28.7,62,0.0,24.1
Hyderabad,17.385,78.4867,2026-07-31 11:00:00,13.4,7.0,173.0,1.6,3.1,71.0,28.6,63,0.0,23.7
Hyderabad,17.385,78.4867,2026-07-31 12:00:00,14.5,7.3,174.0,1.5,2.9,74.0,27.6,67,0.1,21.8
Hyderabad,17.385,78.4867,2026-07-31 13:00:00,12.7,6.6,194.0,1.7,2.9,75.0,28.6,63,0.1,20.9
Hyderabad,17.385,78.4867,2026-07-31 14:00:00,9.5,5.8,223.0,2.5,2.9,74.0,29.2,61,0.3,19.9
Hyderabad,17.385,78.4867,2026-07-31 15:00:00,8.2,5.3,265.0,4.0,2.9,73.0,29.4,61,0.4,18.2
Hyderabad,17.385,78.4867,2026-07-31 16:00:00,7.2,5.4,315.0,5.9,3.1,70.0,28.7,66,0.2,15.1
Hyderabad,17.385,78.4867,2026-07-31 17:00:00,6.4,5.5,352.0,8.4,3.1,63.0,27.2,75,0.0,13.7
Hyderabad,17.385,78.4867,2026-07-31 18:00:00,7.0,6.0,369.0,9.4,3.9,57.0,26.2,77,0.1,14.6
Hyderabad,17.385,78.4867,2026-07-31 19:00:00,9.1,7.1,373.0,10.8,5.0,50.0,25.6,82,0.0,15.2
Hyderabad,17.385,78.4867,2026-07-31 20:00:00,11.3,8.1,359.0,11.7,5.9,44.0,25.2,82,0.0,12.6
Hyderabad,17.385,78.4867,2026-07-31 21:00:00,12.5,8.6,318.0,11.7,6.4,42.0,24.9,85,0.0,10.8
Hyderabad,17.385,78.4867,2026-07-31 22:00:00,11.6,8.0,260.0,11.1,6.7,43.0,24.6,87,0.0,11.1
Hyderabad,17.385,78.4867,2026-07-31 23:00:00,10.2,7.1,211.0,10.4,6.7,43.0,24.6,87,0.0,13.5
Hyderabad,17.385,78.4867,2026-08-01 00:00:00,9.8,6.4,181.0,9.5,6.3,42.0,24.5,86,0.0,13.4
Hyderabad,17.385,78.4867,2026-08-01 01:00:00,9.4,6.1,161.0,8.4,5.7,41.0,24.5,83,0.0,14.4
Hyderabad,17.385,78.4867,2026-08-01 02:00:00,8.6,5.7,148.0,7.7,5.2,39.0,24.2,84,0.0,13.0
Hyderabad,17.385,78.4867,2026-08-01 03:00:00,8.1,5.4,138.0,7.7,5.0,35.0,24.1,85,0.0,11.8
Hyderabad,17.385,78.4867,2026-08-01 04:00:00,7.5,5.0,135.0,8.0,4.9,30.0,23.9,85,0.0,11.0
Hyderabad,17.385,78.4867,2026-08-01 05:00:00,6.7,4.5,147.0,8.8,5.6,26.0,24.0,85,0.0,11.7
Hyderabad,17.385,78.4867,2026-08-01 06:00:00,7.3,5.0,188.0,7.8,5.3,29.0,24.0,86,0.0,12.2
Hyderabad,17.385,78.4867,2026-08-01 07:00:00,8.4,5.5,244.0,6.4,4.9,33.0,24.5,84,0.0,11.2
Hyderabad,17.385,78.4867,2026-08-01 08:00:00,8.4,5.1,277.0,5.1,4.5,39.0,25.6,78,0.0,16.3
Hyderabad,17.385,78.4867,2026-08-01 09:00:00,8.0,4.9,262.0,3.9,4.1,48.0,26.8,72,0.1,16.4
Hyderabad,17.385,78.4867,2026-08-01 10:00:00,7.3,4.4,223.0,2.9,3.6,58.0,27.8,67,0.3,14.3
Hyderabad,17.385,78.4867,2026-08-01 11:00:00,6.3,4.0,196.0,2.1,3.2,66.0,28.5,64,0.3,17.2
Hyderabad,17.385,78.4867,2026-08-01 12:00:00,5.7,3.6,186.0,1.7,2.9,71.0,29.5,60,0.1,16.7
Hyderabad,17.385,78.4867,2026-08-01 13:00:00,5.4,3.6,187.0,1.5,2.7,73.0,30.2,57,0.2,16.3
Hyderabad,17.385,78.4867,2026-08-01 14:00:00,5.5,3.7,216.0,2.0,2.7,75.0,30.1,57,0.3,15.3
Hyderabad,17.385,78.4867,2026-08-01 15:00:00,10.2,5.2,293.0,3.2,2.8,77.0,30.3,56,0.2,15.2
Hyderabad,17.385,78.4867,2026-08-01 16:00:00,18.0,8.3,398.0,5.0,3.1,77.0,29.7,60,0.1,12.4
Hyderabad,17.385,78.4867,2026-08-01 17:00:00,13.9,8.6,486.0,9.1,3.7,69.0,28.9,66,0.0,9.5
Hyderabad,17.385,78.4867,2026-08-01 18:00:00,17.5,11.6,555.0,12.0,4.6,64.0,28.1,70,0.0,9.0
Hyderabad,17.385,78.4867,2026-08-01 19:00:00,22.4,15.1,607.0,15.8,5.8,57.0,27.1,75,0.0,7.9
Hyderabad,17.385,78.4867,2026-08-01 20:00:00,27.6,17.2,607.0,17.7,6.5,52.0,26.5,76,0.2,9.8
Hyderabad,17.385,78.4867,2026-08-01 21:00:00,26.6,15.5,516.0,15.7,6.0,50.0,25.9,79,0.2,10.5
Hyderabad,17.385,78.4867,2026-08-01 22:00:00,20.1,12.8,372.0,11.8,5.0,50.0,25.3,80,0.0,11.3
Hyderabad,17.385,78.4867,2026-08-01 23:00:00,15.1,10.1,254.0,8.7,4.2,49.0,25.2,83,0.0,9.7
Hyderabad,17.385,78.4867,2026-08-02 00:00:00,13.0,8.3,193.0,7.7,4.0,45.0,25.3,82,0.0,12.6
Hyderabad,17.385,78.4867,2026-08-02 01:00:00,13.4,8.0,158.0,7.5,4.0,39.0,25.2,80,0.0,14.2
Hyderabad,17.385,78.4867,2026-08-02 02:00:00,14.3,8.1,137.0,7.4,4.0,35.0,25.1,77,0.0,14.6
Hyderabad,17.385,78.4867,2026-08-02 03:00:00,14.6,7.8,129.0,7.3,4.0,32.0,24.8,79,0.0,14.2
Hyderabad,17.385,78.4867,2026-08-02 04:00:00,14.1,7.4,135.0,7.4,4.0,31.0,24.4,81,0.0,12.6
Hyderabad,17.385,78.4867,2026-08-02 05:00:00,14.5,7.7,150.0,7.0,3.9,31.0,23.9,84,0.0,13.4
Hyderabad,17.385,78.4867,2026-08-02 06:00:00,13.0,7.5,182.0,6.2,4.0,33.0,24.0,84,0.0,13.6
Hyderabad,17.385,78.4867,2026-08-02 07:00:00,12.5,7.5,223.0,5.2,4.1,36.0,24.5,82,0.0,12.7
Hyderabad,17.385,78.4867,2026-08-02 08:00:00,13.0,7.1,244.0,4.1,4.1,41.0,25.6,77,0.0,16.7
Hyderabad,17.385,78.4867,2026-08-02 09:00:00,14.9,7.2,225.0,3.1,3.8,50.0,27.4,69,0.0,16.4
Hyderabad,17.385,78.4867,2026-08-02 10:00:00,21.6,8.9,186.0,2.1,3.3,61.0,28.5,64,0.0,17.7
Hyderabad,17.385,78.4867,2026-08-02 11:00:00,26.2,10.2,159.0,1.4,2.9,70.0,28.9,61,0.1,15.3
Hyderabad,17.385,78.4867,2026-08-02 12:00:00,26.0,10.3,153.0,1.1,2.7,76.0,29.8,57,0.1,14.5
Hyderabad,17.385,78.4867,2026-08-02 13:00:00,23.9,9.8,158.0,1.1,2.6,80.0,30.6,53,0.3,15.3
Hyderabad,17.385,78.4867,2026-08-02 14:00:00,21.9,9.4,177.0,1.4,2.6,83.0,29.9,58,0.3,14.3
Hyderabad,17.385,78.4867,2026-08-02 15:00:00,22.0,9.5,224.0,1.7,2.6,84.0,30.3,56,0.1,11.6
Hyderabad,17.385,78.4867,2026-08-02 16:00:00,23.1,10.0,284.0,2.2,2.6,84.0,30.2,57,0.2,11.1
Hyderabad,17.385,78.4867,2026-08-02 17:00:00,26.1,13.2,320.0,5.3,3.2,77.0,28.8,66,0.1,8.2
Hyderabad,17.385,78.4867,2026-08-02 18:00:00,26.5,14.8,308.0,8.7,4.1,68.0,27.4,75,0.1,10.0
Hyderabad,17.385,78.4867,2026-08-02 19:00:00,29.3,17.8,272.0,13.3,5.3,55.0,26.4,82,0.0,6.5
Hyderabad,17.385,78.4867,2026-08-02 20:00:00,33.5,20.3,243.0,16.0,6.1,46.0,26.3,83,0.0,7.7
Hyderabad,17.385,78.4867,2026-08-02 21:00:00,33.5,20.5,235.0,14.9,5.9,45.0,26.0,83,0.0,8.1
Hyderabad,17.385,78.4867,2026-08-02 22:00:00,30.9,18.2,233.0,11.9,5.2,48.0,25.6,84,0.0,9.3
Hyderabad,17.385,78.4867,2026-08-02 23:00:00,25.5,15.7,225.0,9.4,4.7,49.0,25.3,81,0.0,12.1
Hyderabad,17.385,78.4867,2026-08-03 00:00:00,20.5,13.3,203.0,8.3,4.6,47.0,24.5,84,0.0,11.6
Hyderabad,17.385,78.4867,2026-08-03 01:00:00,16.1,10.9,175.0,7.8,4.6,43.0,24.3,85,0.0,11.2
Hyderabad,17.385,78.4867,2026-08-03 02:00:00,12.2,8.6,154.0,7.4,4.6,40.0,24.0,88,0.0,11.2
Hyderabad,17.385,78.4867,2026-08-03 03:00:00,9.5,6.8,141.0,7.2,4.6,37.0,23.8,89,0.0,12.6
Hyderabad,17.385,78.4867,2026-08-03 04:00:00,8.8,6.1,135.0,7.3,4.5,34.0,23.5,91,0.3,12.4
Hyderabad,17.385,78.4867,2026-08-03 05:00:00,9.3,5.7,148.0,6.6,4.3,34.0,23.7,91,0.5,10.3
Hyderabad,17.385,78.4867,2026-08-03 06:00:00,10.1,6.2,199.0,6.6,4.5,34.0,23.7,90,0.0,10.8
Hyderabad,17.385,78.4867,2026-08-03 07:00:00,11.4,7.2,269.0,6.6,4.8,35.0,24.5,87,0.1,11.7
Hyderabad,17.385,78.4867,2026-08-03 08:00:00,12.3,7.2,308.0,6.1,4.8,39.0,25.5,82,0.1,13.5
Hyderabad,17.385,78.4867,2026-08-03 09:00:00,14.5,7.8,284.0,4.8,4.4,51.0,27.0,72,0.0,15.0
Hyderabad,17.385,78.4867,2026-08-03 10:00:00,18.0,9.0,229.0,3.2,3.9,66.0,28.1,68,0.0,14.9
Hyderabad,17.385,78.4867,2026-08-03 11:00:00,20.3,9.5,190.0,2.0,3.4,77.0,29.1,60,0.1,14.9
Hyderabad,17.385,78.4867,2026-08-03 12:00:00,24.1,10.4,180.0,1.7,3.1,80.0,29.9,57,0.2,13.9
Hyderabad,17.385,78.4867,2026-08-03 13:00:00,29.8,11.4,185.0,1.9,2.8,80.0,30.6,54,0.0,12.3
Hyderabad,17.385,78.4867,2026-08-03 14:00:00,31.9,12.6,209.0,2.6,2.7,78.0,30.6,54,0.4,12.6
Hyderabad,17.385,78.4867,2026-08-03 15:00:00,30.3,12.6,259.0,3.9,2.6,76.0,29.3,65,0.3,12.8
Hyderabad,17.385,78.4867,2026-08-03 16:00:00,24.6,11.5,327.0,5.7,2.7,72.0,29.6,59,0.2,12.9
Hyderabad,17.385,78.4867,2026-08-03 17:00:00,19.8,11.1,395.0,6.7,3.3,81.0,28.5,73,0.2,9.4
Hyderabad,17.385,78.4867,2026-08-03 18:00:00,17.4,11.2,473.0,7.9,3.5,75.0,27.4,78,0.0,8.3
Hyderabad,17.385,78.4867,2026-08-03 19:00:00,15.4,10.4,550.0,9.5,3.8,67.0,26.1,84,0.1,9.4
Hyderabad,17.385,78.4867,2026-08-03 20:00:00,15.7,11.1,575.0,10.5,4.0,60.0,25.5,88,0.1,8.5
Hyderabad,17.385,78.4867,2026-08-03 21:00:00,15.9,11.4,506.0,10.2,3.9,57.0,25.0,89,0.0,9.9
Hyderabad,17.385,78.4867,2026-08-03 22:00:00,13.8,9.8,386.0,9.4,3.8,56.0,25.0,89,0.0,10.1
Hyderabad,17.385,78.4867,2026-08-03 23:00:00,12.6,9.0,286.0,8.6,3.7,54.0,23.8,96,0.1,8.5
Hyderabad,17.385,78.4867,2026-08-04 00:00:00,11.6,8.3,234.0,8.2,3.9,51.0,23.6,96,3.8,13.2
Hyderabad,17.385,78.4867,2026-08-04 01:00:00,10.9,7.7,204.0,8.0,4.2,48.0,23.6,94,2.3,12.8
Hyderabad,17.385,78.4867,2026-08-04 02:00:00,10.0,7.1,185.0,7.9,4.5,45.0,23.4,95,0.6,12.5
Hyderabad,17.385,78.4867,2026-08-04 03:00:00,9.0,6.5,168.0,8.0,4.7,41.0,23.2,94,0.1,13.1
Hyderabad,17.385,78.4867,2026-08-04 04:00:00,8.0,5.7,162.0,8.1,4.8,37.0,23.3,92,0.0,13.2
Hyderabad,17.385,78.4867,2026-08-04 05:00:00,10.2,7.1,190.0,7.8,3.9,39.0,23.2,95,0.0,13.1
Hyderabad,17.385,78.4867,2026-08-04 06:00:00,10.7,7.5,292.0,8.5,3.9,36.0,23.5,94,0.3,12.8
Hyderabad,17.385,78.4867,2026-08-04 07:00:00,11.3,8.2,427.0,9.5,4.0,33.0,23.9,92,0.2,12.8
Hyderabad,17.385,78.4867,2026-08-04 08:00:00,11.8,7.7,499.0,9.6,4.1,34.0,24.4,90,0.2,12.1
Hyderabad,17.385,78.4867,2026-08-04 09:00:00,12.2,8.7,445.0,8.2,4.3,44.0,25.9,80,0.2,14.0
Hyderabad,17.385,78.4867,2026-08-04 10:00:00,12.3,9.1,328.0,6.1,4.6,58.0,26.5,76,0.2,13.5
Hyderabad,17.385,78.4867,2026-08-04 11:00:00,12.0,8.0,240.0,4.3,4.6,69.0,26.8,73,0.1,12.6
Hyderabad,17.385,78.4867,2026-08-04 12:00:00,14.1,8.4,215.0,3.2,4.2,76.0,27.2,71,0.2,14.0
Hyderabad,17.385,78.4867,2026-08-04 13:00:00,16.8,8.8,218.0,2.5,3.6,80.0,28.0,67,0.1,14.2
Hyderabad,17.385,78.4867,2026-08-04 14:00:00,20.0,10.0,237.0,2.7,3.3,81.0,28.4,65,0.1,13.4
Hyderabad,17.385,78.4867,2026-08-04 15:00:00,21.7,11.1,258.0,3.9,3.3,79.0,28.6,64,0.1,11.8
Hyderabad,17.385,78.4867,2026-08-04 16:00:00,21.5,11.6,295.0,6.1,3.6,75.0,28.8,64,0.1,10.2
Hyderabad,17.385,78.4867,2026-08-04 17:00:00,20.7,12.3,377.0,8.6,4.0,69.0,27.2,71,0.0,11.1
Hyderabad,17.385,78.4867,2026-08-04 18:00:00,21.5,14.8,568.0,13.4,5.1,60.0,25.2,84,0.4,3.1
Hyderabad,17.385,78.4867,2026-08-04 19:00:00,23.3,17.1,805.0,19.8,6.5,48.0,25.2,87,0.0,4.5
Hyderabad,17.385,78.4867,2026-08-04 20:00:00,24.6,18.3,920.0,23.8,7.4,39.0,25.4,87,0.0,5.3
Hyderabad,17.385,78.4867,2026-08-04 21:00:00,25.6,18.6,806.0,23.0,7.3,38.0,25.1,88,0.0,7.0
Hyderabad,17.385,78.4867,2026-08-04 22:00:00,26.0,18.4,572.0,19.7,6.6,41.0,24.8,89,0.0,6.1
Hyderabad,17.385,78.4867,2026-08-04 23:00:00,25.1,17.0,375.0,16.4,6.0,43.0,24.9,90,0.0,8.1
Hyderabad,17.385,78.4867,2026-08-05 00:00:00,23.3,15.2,274.0,13.8,5.7,44.0,24.4,91,1.2,10.0
Hyderabad,17.385,78.4867,2026-08-05 01:00:00,19.3,12.8,210.0,11.3,5.4,44.0,23.9,92,0.7,11.6
Hyderabad,17.385,78.4867,2026-08-05 02:00:00,13.9,9.6,171.0,9.4,5.1,43.0,23.5,93,0.7,11.2
Hyderabad,17.385,78.4867,2026-08-05 03:00:00,10.1,7.2,152.0,8.5,4.8,41.0,23.5,93,0.3,11.3
Hyderabad,17.385,78.4867,2026-08-05 04:00:00,8.3,6.1,158.0,8.2,4.6,37.0,23.4,94,0.2,11.4
Hyderabad,17.385,78.4867,2026-08-05 05:00:00,10.8,8.2,187.0,9.2,5.2,33.0,23.6,91,0.1,11.2
Hyderabad,17.385,78.4867,2026-08-05 06:00:00,10.1,7.9,261.0,9.1,5.5,33.0,23.7,90,0.0,10.3
Hyderabad,17.385,78.4867,2026-08-05 07:00:00,11.3,8.8,357.0,8.9,5.9,34.0,24.3,88,0.1,10.1
Hyderabad,17.385,78.4867,2026-08-05 08:00:00,11.7,8.8,409.0,8.1,5.9,38.0,24.8,85,0.1,14.0
Hyderabad,17.385,78.4867,2026-08-05 09:00:00,12.5,8.2,372.0,6.2,5.2,50.0,26.1,79,0.1,14.4
Hyderabad,17.385,78.4867,2026-08-05 10:00:00,12.6,7.8,290.0,3.8,4.2,67.0,27.3,72,0.0,14.4
Hyderabad,17.385,78.4867,2026-08-05 11:00:00,10.8,6.7,228.0,2.2,3.3,78.0,28.4,69,0.0,13.6
Hyderabad,17.385,78.4867,2026-08-05 12:00:00,8.0,5.1,205.0,1.7,2.8,80.0,28.8,66,0.0,14.0
Hyderabad,17.385,78.4867,2026-08-05 13:00:00,5.9,4.1,201.0,1.8,2.4,77.0,29.2,66,0.0,13.3
Hyderabad,17.385,78.4867,2026-08-05 14:00:00,5.6,4.5,227.0,3.0,2.3,73.0,29.9,63,0.0,14.4
Hyderabad,17.385,78.4867,2026-08-05 15:00:00,5.7,4.9,310.0,5.9,2.5,68.0,28.1,68,0.3,16.2
Hyderabad,17.385,78.4867,2026-08-05 16:00:00,6.2,5.4,423.0,9.7,3.0,62.0,28.2,72,0.1,11.5
Hyderabad,17.385,78.4867,2026-08-05 17:00:00,10.8,7.2,487.0,8.0,3.5,78.0,26.0,83,0.1,10.4
Hyderabad,17.385,78.4867,2026-08-05 18:00:00,12.9,9.7,456.0,11.1,4.0,71.0,25.7,86,0.3,8.8
Hyderabad,17.385,78.4867,2026-08-05 19:00:00,16.2,12.8,378.0,15.4,4.7,61.0,25.6,88,0.2,9.6
Hyderabad,17.385,78.4867,2026-08-05 20:00:00,16.7,12.5,314.0,17.7,5.1,53.0,25.5,86,0.0,10.2
Hyderabad,17.385,78.4867,2026-08-05 21:00:00,15.2,11.1,293.0,16.3,5.0,51.0,25.2,86,0.0,9.7
Hyderabad,17.385,78.4867,2026-08-05 22:00:00,13.6,10.3,287.0,13.1,4.6,51.0,25.1,85,0.0,10.4
Hyderabad,17.385,78.4867,2026-08-05 23:00:00,12.0,9.0,275.0,10.3,4.3,50.0,25.2,84,0.0,11.7
Hyderabad,17.385,78.4867,2026-08-06 00:00:00,10.2,7.2,243.0,8.8,4.1,48.0,24.9,85,0.0,11.4
Hyderabad,17.385,78.4867,2026-08-06 01:00:00,9.1,6.4,205.0,7.8,4.1,45.0,24.6,86,0.0,11.5
Hyderabad,17.385,78.4867,2026-08-06 02:00:00,8.8,6.3,178.0,7.3,4.1,42.0,24.3,86,0.0,11.8
Hyderabad,17.385,78.4867,2026-08-06 03:00:00,9.1,6.4,168.0,7.7,4.4,38.0,24.1,87,0.0,12.1
Hyderabad,17.385,78.4867,2026-08-06 04:00:00,9.2,6.6,169.0,8.6,4.8,33.0,23.9,88,0.0,12.4
Hyderabad,17.385,78.4867,2026-08-06 05:00:00,8.6,6.1,185.0,9.3,4.9,30.0,23.9,89,0.0,12.2
Hyderabad,17.385,78.4867,2026-08-06 06:00:00,9.7,7.0,230.0,8.8,5.1,31.0,23.9,88,0.0,12.4
Hyderabad,17.385,78.4867,2026-08-06 07:00:00,11.2,8.0,290.0,8.0,5.3,32.0,24.7,84,0.0,13.1
Hyderabad,17.385,78.4867,2026-08-06 08:00:00,12.7,8.1,321.0,6.9,5.3,37.0,25.8,77,0.0,15.7
Hyderabad,17.385,78.4867,2026-08-06 09:00:00,16.2,8.6,295.0,5.3,4.9,48.0,27.0,70,0.0,16.6
Hyderabad,17.385,78.4867,2026-08-06 10:00:00,19.4,9.8,241.0,3.5,4.3,62.0,27.7,67,0.0,15.5
Hyderabad,17.385,78.4867,2026-08-06 11:00:00,20.4,10.2,202.0,2.2,3.7,72.0,28.2,63,0.1,14.5
Hyderabad,17.385,78.4867,2026-08-06 12:00:00,21.2,10.3,190.0,1.7,3.3,75.0,29.4,58,0.1,14.9
Hyderabad,17.385,78.4867,2026-08-06 13:00:00,21.8,10.3,192.0,1.8,2.9,75.0,29.4,57,0.4,15.8
Hyderabad,17.385,78.4867,2026-08-06 14:00:00,24.8,11.3,219.0,2.7,2.7,73.0,28.6,63,0.8,15.7
Hyderabad,17.385,78.4867,2026-08-06 15:00:00,20.5,10.8,294.0,5.0,2.7,69.0,29.0,64,0.1,12.6
Hyderabad,17.385,78.4867,2026-08-06 16:00:00,17.3,10.1,394.0,8.1,2.7,64.0,29.1,62,0.0,13.0
Hyderabad,17.385,78.4867,2026-08-06 17:00:00,13.0,8.9,454.0,9.3,3.2,65.0,28.3,67,0.3,12.3
Hyderabad,17.385,78.4867,2026-08-06 18:00:00,12.9,9.6,438.0,9.7,3.7,61.0,27.1,74,0.0,8.7
Hyderabad,17.385,78.4867,2026-08-06 19:00:00,12.2,9.6,383.0,10.3,4.4,56.0,26.3,79,0.0,9.3
Hyderabad,17.385,78.4867,2026-08-06 20:00:00,11.7,9.2,330.0,10.5,4.9,51.0,25.6,82,0.0,12.0
Hyderabad,17.385,78.4867,2026-08-06 21:00:00,12.7,9.1,295.0,10.0,4.9,47.0,24.8,85,0.0,12.1
Hyderabad,17.385,78.4867,2026-08-06 22:00:00,15.7,9.8,264.0,9.2,4.7,43.0,24.4,88,0.0,11.7
Hyderabad,17.385,78.4867,2026-08-06 23:00:00,18.3,10.4,234.0,8.4,4.5,41.0,24.4,87,0.0,12.6
Hyderabad,17.385,78.4867,2026-08-07 00:00:00,17.5,9.9,204.0,7.6,4.2,41.0,24.1,88,0.2,11.5
Hyderabad,17.385,78.4867,2026-08-07 01:00:00,14.0,8.3,176.0,6.7,3.8,43.0,23.6,91,0.5,12.6
Hyderabad,17.385,78.4867,2026-08-07 02:00:00,12.0,7.4,156.0,6.2,3.6,43.0,23.5,92,0.2,14.6
Hyderabad,17.385,78.4867,2026-08-07 03:00:00,12.3,7.7,143.0,6.3,3.7,41.0,23.4,92,0.0,14.1
Hyderabad,17.385,78.4867,2026-08-07 04:00:00,12.2,7.7,139.0,6.7,3.9,38.0,23.5,90,0.0,14.8
Hyderabad,17.385,78.4867,2026-08-07 05:00:00,10.0,6.3,151.0,7.1,4.1,36.0,23.3,92,0.1,17.4
Hyderabad,17.385,78.4867,2026-08-07 06:00:00,9.9,6.6,196.0,6.8,4.4,37.0,23.3,90,0.0,16.3
Hyderabad,17.385,78.4867,2026-08-07 07:00:00,10.3,7.1,258.0,6.4,4.7,38.0,24.0,86,0.0,12.2
Hyderabad,17.385,78.4867,2026-08-07 08:00:00,12.1,7.5,293.0,5.7,4.8,43.0,25.2,78,0.0,17.7
Hyderabad,17.385,78.4867,2026-08-07 09:00:00,15.1,8.6,274.0,4.6,4.5,54.0,26.2,72,0.0,19.2
Hyderabad,17.385,78.4867,2026-08-07 10:00:00,21.1,10.8,230.0,3.2,4.0,68.0,27.4,66,0.0,19.6
Hyderabad,17.385,78.4867,2026-08-07 11:00:00,26.0,12.7,199.0,2.2,3.6,80.0,27.2,65,0.0,18.9
Hyderabad,17.385,78.4867,2026-08-07 12:00:00,27.9,13.7,193.0,1.6,3.4,88.0,27.4,64,0.1,17.0
Hyderabad,17.385,78.4867,2026-08-07 13:00:00,28.9,14.1,201.0,1.3,3.3,93.0,28.1,61,0.0,16.5
Hyderabad,17.385,78.4867,2026-08-07 14:00:00,28.2,14.1,232.0,2.2,3.4,94.0,28.3,61,0.0,16.1
Hyderabad,17.385,78.4867,2026-08-07 15:00:00,32.5,15.8,300.0,5.1,3.7,89.0,28.4,61,0.0,13.4
Hyderabad,17.385,78.4867,2026-08-07 16:00:00,30.4,15.5,389.0,9.1,4.0,79.0,28.2,64,0.0,10.8
Hyderabad,17.385,78.4867,2026-08-07 17:00:00,36.2,18.5,465.0,10.6,4.5,69.0,27.9,66,0.0,11.4
Hyderabad,17.385,78.4867,2026-08-07 18:00:00,34.8,19.2,519.0,13.2,5.1,63.0,27.2,71,0.0,9.2
Hyderabad,17.385,78.4867,2026-08-07 19:00:00,36.4,21.2,558.0,16.5,6.0,54.0,26.7,73,0.0,10.4
Hyderabad,17.385,78.4867,2026-08-07 20:00:00,38.6,22.9,569.0,18.2,6.5,49.0,26.1,75,0.0,10.6
Hyderabad,17.385,78.4867,2026-08-07 21:00:00,33.9,21.7,541.0,16.5,6.2,50.0,25.3,80,0.1,8.9
Hyderabad,17.385,78.4867,2026-08-07 22:00:00,27.4,18.0,485.0,13.0,5.5,55.0,24.7,84,0.0,8.5
Hyderabad,17.385,78.4867,2026-08-07 23:00:00,21.7,14.3,420.0,10.1,5.0,59.0,25.0,81,0.1,11.9
Hyderabad,17.385,78.4867,2026-08-08 00:00:00,19.8,12.6,341.0,8.6,4.8,60.0,24.7,81,0.0,11.5
Hyderabad,17.385,78.4867,2026-08-08 01:00:00,20.8,12.6,252.0,7.8,4.7,61.0,24.4,82,0.0,13.7
Hyderabad,17.385,78.4867,2026-08-08 02:00:00,22.6,13.0,188.0,7.3,4.7,59.0,22.8,85,0.2,15.6
Hyderabad,17.385,78.4867,2026-08-08 03:00:00,22.9,13.2,162.0,7.5,4.9,54.0,22.5,90,0.4,11.6
Hyderabad,17.385,78.4867,2026-08-08 04:00:00,21.1,12.7,159.0,8.1,5.3,46.0,22.6,92,0.1,10.2
Hyderabad,17.385,78.4867,2026-08-08 05:00:00,12.3,8.5,172.0,7.0,4.8,38.0,23.7,86,0.1,15.4
Hyderabad,17.385,78.4867,2026-08-08 06:00:00,11.4,8.1,209.0,6.9,4.9,36.0,23.7,85,0.0,15.8
Hyderabad,17.385,78.4867,2026-08-08 07:00:00,12.3,8.5,261.0,6.6,5.1,35.0,24.0,84,0.0,13.1
Hyderabad,17.385,78.4867,2026-08-08 08:00:00,16.8,9.3,290.0,6.0,5.0,37.0,25.0,78,0.0,17.1
Hyderabad,17.385,78.4867,2026-08-08 09:00:00,16.4,9.3,272.0,4.7,4.6,47.0,26.2,71,0.0,19.4
Hyderabad,17.385,78.4867,2026-08-08 10:00:00,17.8,9.8,231.0,3.1,3.9,62.0,27.5,64,0.0,18.8
Hyderabad,17.385,78.4867,2026-08-08 11:00:00,20.6,10.7,201.0,2.0,3.4,74.0,27.5,64,0.1,15.1
Hyderabad,17.385,78.4867,2026-08-08 12:00:00,23.6,11.9,190.0,1.5,3.2,82.0,28.1,61,0.0,14.7
Hyderabad,17.385,78.4867,2026-08-08 13:00:00,26.7,13.1,189.0,1.4,3.1,87.0,28.3,60,0.0,13.3
Hyderabad,17.385,78.4867,2026-08-08 14:00:00,27.5,13.7,211.0,2.0,3.1,89.0,28.8,58,0.0,12.1
Hyderabad,17.385,78.4867,2026-08-08 15:00:00,27.8,14.0,262.0,3.2,3.1,88.0,28.6,58,0.0,14.5
Hyderabad,17.385,78.4867,2026-08-08 16:00:00,33.6,17.1,335.0,5.0,3.3,84.0,27.7,66,0.0,10.8
Hyderabad,17.385,78.4867,2026-08-08 17:00:00,39.2,20.7,417.0,8.6,3.8,76.0,27.6,69,0.0,8.8
Hyderabad,17.385,78.4867,2026-08-08 18:00:00,36.9,22.4,533.0,14.2,4.8,64.0,26.9,75,0.0,5.8
Hyderabad,17.385,78.4867,2026-08-08 19:00:00,38.6,25.1,659.0,21.9,6.3,48.0,26.3,80,0.0,5.7
Hyderabad,17.385,78.4867,2026-08-08 20:00:00,40.3,27.0,707.0,26.4,7.2,37.0,25.8,82,0.0,6.0
Hyderabad,17.385,78.4867,2026-08-08 21:00:00,39.7,26.9,611.0,25.0,7.2,37.0,25.3,83,0.0,7.7
Hyderabad,17.385,78.4867,2026-08-08 22:00:00,37.5,24.8,438.0,20.6,6.7,43.0,25.0,82,0.0,8.6
Hyderabad,17.385,78.4867,2026-08-08 23:00:00,36.0,22.2,294.0,16.5,6.2,47.0,24.7,83,0.1,9.3
Hyderabad,17.385,78.4867,2026-08-09 00:00:00,32.6,19.8,221.0,13.8,5.8,47.0,24.5,85,0.1,8.7
Hyderabad,17.385,78.4867,2026-08-09 01:00:00,28.9,18.2,178.0,11.4,5.5,45.0,24.3,87,0.0,8.2
Hyderabad,17.385,78.4867,2026-08-09 02:00:00,25.0,16.5,153.0,9.8,5.2,43.0,24.2,85,0.0,11.0
Hyderabad,17.385,78.4867,2026-08-09 03:00:00,21.8,15.0,146.0,9.4,5.1,39.0,24.1,85,0.0,12.7
Hyderabad,17.385,78.4867,2026-08-09 04:00:00,19.1,13.6,157.0,9.8,5.0,35.0,24.1,85,0.0,13.7
Hyderabad,17.385,78.4867,2026-08-09 05:00:00,19.3,13.2,170.0,8.8,5.0,36.0,24.1,82,0.0,15.3
Hyderabad,17.385,78.4867,2026-08-09 06:00:00,17.6,12.0,184.0,7.9,5.1,37.0,23.8,82,0.0,15.3
Hyderabad,17.385,78.4867,2026-08-09 07:00:00,17.5,11.6,199.0,6.6,5.3,38.0,24.5,80,0.0,14.2
Hyderabad,17.385,78.4867,2026-08-09 08:00:00,18.9,11.1,206.0,5.3,5.2,42.0,25.5,75,0.0,19.4
Hyderabad,17.385,78.4867,2026-08-09 09:00:00,19.3,11.1,195.0,4.0,4.8,49.0,26.5,70,0.0,19.2
Hyderabad,17.385,78.4867,2026-08-09 10:00:00,23.2,11.8,174.0,2.7,4.2,59.0,27.8,63,0.0,20.0
Hyderabad,17.385,78.4867,2026-08-09 11:00:00,30.0,13.4,160.0,1.8,3.7,67.0,28.5,61,0.0,19.5
Hyderabad,17.385,78.4867,2026-08-09 12:00:00,31.8,13.7,154.0,1.4,3.4,74.0,29.1,57,0.0,18.1
Hyderabad,17.385,78.4867,2026-08-09 13:00:00,33.3,14.3,155.0,1.3,3.2,79.0,29.8,53,0.0,18.0
Hyderabad,17.385,78.4867,2026-08-09 14:00:00,33.2,13.8,168.0,1.6,3.1,82.0,30.2,51,0.0,18.0
Hyderabad,17.385,78.4867,2026-08-09 15:00:00,34.2,14.0,191.0,2.1,3.0,83.0,30.2,51,0.0,15.0
Hyderabad,17.385,78.4867,2026-08-09 16:00:00,33.3,14.1,227.0,3.1,3.1,81.0,29.7,56,0.0,14.6
Hyderabad,17.385,78.4867,2026-08-09 17:00:00,47.8,21.3,289.0,5.3,3.3,72.0,29.1,60,0.0,11.2
Hyderabad,17.385,78.4867,2026-08-09 18:00:00,44.9,22.6,413.0,8.1,4.1,65.0,27.9,67,0.0,7.3
Hyderabad,17.385,78.4867,2026-08-09 19:00:00,43.7,24.3,563.0,11.8,5.1,55.0,26.9,74,0.0,6.2
Hyderabad,17.385,78.4867,2026-08-09 20:00:00,43.8,25.4,644.0,14.4,5.9,47.0,26.3,77,0.0,6.2
Hyderabad,17.385,78.4867,2026-08-09 21:00:00,44.0,25.7,599.0,14.7,6.1,44.0,25.8,81,0.0,6.1
Hyderabad,17.385,78.4867,2026-08-09 22:00:00,43.9,25.9,485.0,13.9,6.1,43.0,25.3,83,0.0,5.8
Hyderabad,17.385,78.4867,2026-08-09 23:00:00,42.0,24.7,380.0,12.9,6.0,43.0,25.5,83,0.1,6.1
Hyderabad,17.385,78.4867,2026-08-10 00:00:00,39.1,22.9,307.0,12.0,6.0,42.0,25.2,83,0.1,6.7
Hyderabad,17.385,78.4867,2026-08-10 01:00:00,36.8,21.8,243.0,10.9,6.1,42.0,24.7,84,0.0,7.6
Hyderabad,17.385,78.4867,2026-08-10 02:00:00,33.9,20.7,195.0,10.1,6.0,41.0,24.4,85,0.0,8.6
Hyderabad,17.385,78.4867,2026-08-10 03:00:00,29.0,18.7,162.0,9.8,5.8,38.0,24.2,85,0.0,9.9
Hyderabad,17.385,78.4867,2026-08-10 04:00:00,23.6,16.0,145.0,9.6,5.5,33.0,24.0,85,0.0,11.5
Hyderabad,17.385,78.4867,2026-08-10 05:00:00,19.7,13.7,150.0,8.9,5.4,34.0,24.1,83,0.0,12.6
Hyderabad,17.385,78.4867,2026-08-10 06:00:00,14.8,11.0,198.0,8.1,5.5,36.0,23.9,83,0.0,12.7
Hyderabad,17.385,78.4867,2026-08-10 07:00:00,13.9,10.0,268.0,6.9,5.5,39.0,24.5,81,0.0,12.0
Hyderabad,17.385,78.4867,2026-08-10 08:00:00,15.2,9.9,307.0,5.6,5.4,45.0,25.6,76,0.0,12.8
Hyderabad,17.385,78.4867,2026-08-10 09:00:00,19.3,10.9,283.0,4.3,4.8,55.0,27.0,71,0.0,12.6
Hyderabad,17.385,78.4867,2026-08-10 10:00:00,25.3,12.5,229.0,2.9,4.1,67.0,28.3,64,0.0,14.4
Hyderabad,17.385,78.4867,2026-08-10 11:00:00,29.0,13.6,189.0,1.9,3.4,76.0,29.2,59,0.0,15.6
Hyderabad,17.385,78.4867,2026-08-10 12:00:00,29.8,13.8,179.0,1.4,3.0,81.0,29.7,55,0.0,15.1
Hyderabad,17.385,78.4867,2026-08-10 13:00:00,29.4,13.7,184.0,1.4,2.6,83.0,30.2,53,0.1,14.8
Hyderabad,17.385,78.4867,2026-08-10 14:00:00,29.3,13.6,201.0,1.9,2.5,83.0,30.8,50,0.1,14.5
Hyderabad,17.385,78.4867,2026-08-10 15:00:00,28.3,13.3,233.0,3.1,2.5,82.0,30.8,50,0.1,14.4
Hyderabad,17.385,78.4867,2026-08-10 16:00:00,26.1,12.6,277.0,4.9,2.7,80.0,30.7,50,0.2,13.3
Hyderabad,17.385,78.4867,2026-08-10 17:00:00,26.0,14.0,322.0,7.2,3.1,77.0,29.5,58,0.0,10.2
Hyderabad,17.385,78.4867,2026-08-10 18:00:00,27.8,17.3,373.0,10.2,3.9,70.0,28.4,66,0.0,5.5
Hyderabad,17.385,78.4867,2026-08-10 19:00:00,27.0,18.5,425.0,14.4,5.0,60.0,27.4,72,0.0,6.0
Hyderabad,17.385,78.4867,2026-08-10 20:00:00,22.8,16.1,447.0,16.9,5.8,53.0,26.0,78,0.5,9.6
Hyderabad,17.385,78.4867,2026-08-10 21:00:00,20.1,14.7,421.0,16.3,5.9,50.0,25.5,79,0.1,10.0
Hyderabad,17.385,78.4867,2026-08-10 22:00:00,18.7,14.0,366.0,14.1,5.7,50.0,23.9,86,0.8,13.2
Hyderabad,17.385,78.4867,2026-08-10 23:00:00,18.0,13.3,310.0,12.3,5.6,49.0,24.5,82,0.4,9.9
Hyderabad,17.385,78.4867,2026-08-11 00:00:00,17.6,12.9,257.0,11.8,5.6,46.0,24.4,83,0.0,9.5
Hyderabad,17.385,78.4867,2026-08-11 01:00:00,16.9,12.4,202.0,11.7,5.7,42.0,24.6,83,0.0,10.7
Hyderabad,17.385,78.4867,2026-08-11 02:00:00,16.6,12.0,167.0,11.7,5.8,39.0,24.4,84,0.0,11.0
Hyderabad,17.385,78.4867,2026-08-11 03:00:00,16.3,11.7,159.0,11.7,5.9,35.0,24.1,85,0.0,11.5
Hyderabad,17.385,78.4867,2026-08-11 04:00:00,16.0,11.3,170.0,11.7,6.1,32.0,23.8,84,0.0,11.5
Hyderabad,17.385,78.4867,2026-08-11 05:00:00,16.0,10.6,193.0,9.1,5.9,36.0,23.6,87,0.0,11.5
Hyderabad,17.385,78.4867,2026-08-11 06:00:00,16.1,10.9,240.0,8.3,5.9,38.0,23.5,85,0.0,11.9
Hyderabad,17.385,78.4867,2026-08-11 07:00:00,18.2,11.6,299.0,7.1,5.8,40.0,24.3,81,0.0,11.2
Hyderabad,17.385,78.4867,2026-08-11 08:00:00,21.5,12.1,328.0,5.9,5.5,45.0,25.5,74,0.0,12.9
Hyderabad,17.385,78.4867,2026-08-11 09:00:00,36.6,16.9,295.0,4.5,4.8,54.0,27.0,68,0.0,14.3
Hyderabad,17.385,78.4867,2026-08-11 10:00:00,34.5,15.5,231.0,3.0,4.0,66.0,28.3,61,0.0,16.1
Hyderabad,17.385,78.4867,2026-08-11 11:00:00,34.5,15.5,186.0,2.0,3.3,76.0,28.2,59,0.0,16.2
Hyderabad,17.385,78.4867,2026-08-11 12:00:00,29.1,13.6,181.0,1.5,2.9,83.0,29.0,56,0.0,15.5
Hyderabad,17.385,78.4867,2026-08-11 13:00:00,24.8,12.0,194.0,1.4,2.8,87.0,29.3,57,0.0,16.9
Hyderabad,17.385,78.4867,2026-08-11 14:00:00,20.5,10.5,213.0,2.0,2.7,89.0,29.7,57,0.1,14.1
Hyderabad,17.385,78.4867,2026-08-11 15:00:00,16.5,9.1,231.0,3.6,2.7,86.0,30.0,56,0.1,13.5
Hyderabad,17.385,78.4867,2026-08-11 16:00:00,14.1,8.0,254.0,5.9,2.9,81.0,29.8,57,0.1,14.1
Hyderabad,17.385,78.4867,2026-08-11 17:00:00,17.5,9.9,284.0,7.7,3.0,74.0,28.9,59,0.2,12.3
Hyderabad,17.385,78.4867,2026-08-11 18:00:00,18.3,12.1,337.0,9.5,3.7,69.0,28.0,67,0.0,8.7
Hyderabad,17.385,78.4867,2026-08-11 19:00:00,17.6,12.7,398.0,11.8,4.7,61.0,27.2,72,0.0,8.2
Hyderabad,17.385,78.4867,2026-08-11 20:00:00,18.0,13.4,424.0,13.2,5.3,56.0,26.6,74,0.0,8.8
Hyderabad,17.385,78.4867,2026-08-11 21:00:00,18.3,13.7,388.0,12.7,5.4,55.0,26.0,76,0.0,10.8
Hyderabad,17.385,78.4867,2026-08-11 22:00:00,16.7,12.6,317.0,11.1,5.1,56.0,25.6,77,0.0,12.4
Hyderabad,17.385,78.4867,2026-08-11 23:00:00,13.9,10.6,253.0,9.6,4.8,55.0,24.6,81,0.1,13.5
Hyderabad,17.385,78.4867,2026-08-12 00:00:00,10.7,8.1,208.0,8.3,4.4,52.0,24.3,83,0.0,13.1
Hyderabad,17.385,78.4867,2026-08-12 01:00:00,8.0,6.2,171.0,7.1,3.9,47.0,24.2,83,0.0,12.9
Hyderabad,17.385,78.4867,2026-08-12 02:00:00,6.4,4.9,147.0,6.3,3.6,43.0,24.2,84,0.0,13.2
Hyderabad,17.385,78.4867,2026-08-12 03:00:00,5.7,4.3,138.0,6.3,3.6,39.0,24.0,85,0.1,14.8
Hyderabad,17.385,78.4867,2026-08-12 04:00:00,5.9,4.2,142.0,6.8,3.9,36.0,23.2,91,0.8,17.4
Hyderabad,17.385,78.4867,2026-08-12 05:00:00,8.0,5.4,164.0,7.6,4.3,32.0,23.5,88,0.9,14.8
Hyderabad,17.385,78.4867,2026-08-12 06:00:00,9.0,6.1,223.0,7.0,4.3,34.0,23.6,87,0.0,14.4
Hyderabad,17.385,78.4867,2026-08-12 07:00:00,11.2,7.2,301.0,6.2,4.4,37.0,24.1,86,0.0,12.9
Hyderabad,17.385,78.4867,2026-08-12 08:00:00,13.1,7.6,342.0,5.3,4.3,42.0,25.2,79,0.0,18.0
Hyderabad,17.385,78.4867,2026-08-12 09:00:00,13.0,7.4,311.0,4.2,4.0,52.0,27.0,70,0.0,18.4
Hyderabad,17.385,78.4867,2026-08-12 10:00:00,12.7,7.3,243.0,3.0,3.5,63.0,27.7,68,0.1,18.8
Hyderabad,17.385,78.4867,2026-08-12 11:00:00,11.9,7.1,195.0,2.2,3.1,72.0,28.0,66,0.2,19.0
Hyderabad,17.385,78.4867,2026-08-12 12:00:00,11.0,6.8,177.0,2.0,2.8,75.0,28.4,65,0.3,18.6
Hyderabad,17.385,78.4867,2026-08-12 13:00:00,11.0,6.4,178.0,2.2,2.5,76.0,28.4,66,0.1,16.8
Hyderabad,17.385,78.4867,2026-08-12 14:00:00,11.8,6.9,218.0,2.9,2.4,75.0,28.9,63,0.0,16.2
Hyderabad,17.385,78.4867,2026-08-12 15:00:00,11.1,7.7,334.0,4.1,2.6,75.0,29.0,61,0.0,14.1
Hyderabad,17.385,78.4867,2026-08-12 16:00:00,11.8,8.0,489.0,5.7,3.0,74.0,29.0,63,0.4,13.3
Hyderabad,17.385,78.4867,2026-08-12 17:00:00,14.0,9.3,589.0,8.6,3.4,67.0,28.3,67,0.4,11.9
Hyderabad,17.385,78.4867,2026-08-12 18:00:00,15.4,11.4,586.0,12.5,4.3,59.0,27.1,74,0.1,10.7
Hyderabad,17.385,78.4867,2026-08-12 19:00:00,18.3,14.1,528.0,17.7,5.5,48.0,25.6,82,0.1,13.7
Hyderabad,17.385,78.4867,2026-08-12 20:00:00,19.2,15.0,462.0,20.5,6.2,41.0,24.5,89,0.1,8.6
Hyderabad,17.385,78.4867,2026-08-12 21:00:00,17.6,13.5,396.0,18.6,6.1,42.0,24.5,90,0.0,9.1
Hyderabad,17.385,78.4867,2026-08-12 22:00:00,14.8,11.5,322.0,14.3,5.5,46.0,24.5,91,0.0,10.6
Hyderabad,17.385,78.4867,2026-08-12 23:00:00,12.3,9.6,260.0,10.7,5.0,49.0,25.1,87,0.0,11.8
Hyderabad,17.385,78.4867,2026-08-13 00:00:00,10.8,8.0,219.0,9.0,4.7,49.0,24.7,87,0.0,11.7
Hyderabad,17.385,78.4867,2026-08-13 01:00:00,10.1,7.2,191.0,8.0,4.5,47.0,24.3,89,0.0,11.4
Hyderabad,17.385,78.4867,2026-08-13 02:00:00,10.0,6.9,174.0,7.6,4.4,45.0,24.0,91,0.0,11.1
Hyderabad,17.385,78.4867,2026-08-13 03:00:00,10.0,7.0,168.0,7.9,4.6,41.0,23.9,91,0.0,10.9
Hyderabad,17.385,78.4867,2026-08-13 04:00:00,10.7,7.5,173.0,8.8,4.9,35.0,23.7,90,0.0,11.7
Hyderabad,17.385,78.4867,2026-08-13 05:00:00,8.7,6.2,187.0,7.9,4.4,36.0,23.5,92,0.0,12.2
Hyderabad,17.385,78.4867,2026-08-13 06:00:00,10.3,7.3,220.0,7.4,4.6,37.0,23.5,91,0.0,12.5
Hyderabad,17.385,78.4867,2026-08-13 07:00:00,13.2,8.9,263.0,6.6,4.8,39.0,24.4,86,0.0,14.1
Hyderabad,17.385,78.4867,2026-08-13 08:00:00,16.8,9.8,285.0,5.7,4.8,43.0,25.6,79,0.0,15.6
Hyderabad,17.385,78.4867,2026-08-13 09:00:00,20.4,10.9,265.0,4.4,4.3,52.0,26.9,71,0.0,16.3
Hyderabad,17.385,78.4867,2026-08-13 10:00:00,21.1,10.9,224.0,3.0,3.5,64.0,27.8,66,0.2,15.9
Hyderabad,17.385,78.4867,2026-08-13 11:00:00,18.7,9.9,195.0,2.0,2.9,74.0,26.9,68,0.2,16.6
Hyderabad,17.385,78.4867,2026-08-13 12:00:00,15.0,8.4,188.0,1.6,2.7,80.0,27.2,66,0.0,15.9
Hyderabad,17.385,78.4867,2026-08-13 13:00:00,12.3,7.4,192.0,1.6,2.6,84.0,27.9,63,0.0,14.6
Hyderabad,17.385,78.4867,2026-08-13 14:00:00,10.2,6.3,209.0,2.4,2.7,84.0,28.6,61,0.0,11.4
Hyderabad,17.385,78.4867,2026-08-13 15:00:00,10.7,6.4,252.0,4.7,2.8,79.0,30.0,56,0.0,14.3
Hyderabad,17.385,78.4867,2026-08-13 16:00:00,11.6,7.3,308.0,7.8,3.0,70.0,30.0,56,0.0,12.8
Hyderabad,17.385,78.4867,2026-08-13 17:00:00,23.1,14.3,342.0,11.3,3.5,63.0,29.1,60,0.1,11.2
Hyderabad,17.385,78.4867,2026-08-13 18:00:00,23.5,16.1,333.0,12.0,4.0,61.0,27.8,68,0.0,10.2
Hyderabad,17.385,78.4867,2026-08-13 19:00:00,23.9,17.1,303.0,13.0,4.7,58.0,26.9,73,0.0,9.9
Hyderabad,17.385,78.4867,2026-08-13 20:00:00,24.2,16.6,282.0,13.2,5.2,55.0,26.5,76,0.0,10.7
Hyderabad,17.385,78.4867,2026-08-13 21:00:00,21.1,14.4,288.0,12.0,5.1,53.0,25.8,80,0.1,10.7
Hyderabad,17.385,78.4867,2026-08-13 22:00:00,18.2,12.6,303.0,10.2,4.8,51.0,25.3,81,0.0,9.2
Hyderabad,17.385,78.4867,2026-08-13 23:00:00,16.9,11.5,305.0,8.8,4.6,48.0,25.4,76,0.0,13.5
Hyderabad,17.385,78.4867,2026-08-14 00:00:00,16.2,11.0,278.0,8.6,4.7,45.0,24.9,79,0.0,13.4
Hyderabad,17.385,78.4867,2026-08-14 01:00:00,14.9,10.4,238.0,8.8,4.9,41.0,24.6,79,0.0,13.2
Hyderabad,17.385,78.4867,2026-08-14 02:00:00,12.8,9.4,204.0,9.1,5.0,37.0,24.2,80,0.0,13.4
Hyderabad,17.385,78.4867,2026-08-14 03:00:00,10.9,8.2,180.0,9.3,5.0,33.0,24.0,81,0.0,13.5
Hyderabad,17.385,78.4867,2026-08-14 04:00:00,9.5,7.2,164.0,9.4,5.0,30.0,23.8,83,0.0,13.0
Hyderabad,17.385,78.4867,2026-08-14 05:00:00,7.6,5.8,163.0,8.1,4.7,31.0,23.5,84,0.0,13.7
Hyderabad,17.385,78.4867,2026-08-14 06:00:00,7.9,6.0,194.0,7.4,4.8,33.0,23.4,85,0.0,14.3
Hyderabad,17.385,78.4867,2026-08-14 07:00:00,8.8,6.6,241.0,6.5,4.9,36.0,24.2,82,0.0,13.0
Hyderabad,17.385,78.4867,2026-08-14 08:00:00,10.9,7.0,268.0,5.4,4.8,41.0,25.4,75,0.0,17.7
Hyderabad,17.385,78.4867,2026-08-14 09:00:00,14.6,8.1,254.0,4.2,4.3,51.0,26.9,67,0.0,19.2
Hyderabad,17.385,78.4867,2026-08-14 10:00:00,16.5,8.9,221.0,2.8,3.5,63.0,28.0,63,0.0,18.1
Hyderabad,17.385,78.4867,2026-08-14 11:00:00,17.1,9.0,195.0,1.9,2.9,73.0,28.0,63,0.0,19.8
Hyderabad,17.385,78.4867,2026-08-14 12:00:00,15.9,8.6,177.0,1.5,2.7,80.0,28.2,61,0.0,19.6
Hyderabad,17.385,78.4867,2026-08-14 13:00:00,13.6,7.9,168.0,1.4,2.6,86.0,29.2,58,0.0,18.9
Hyderabad,17.385,78.4867,2026-08-14 14:00:00,12.4,7.3,195.0,1.9,2.6,88.0,30.0,54,0.0,18.7
Hyderabad,17.385,78.4867,2026-08-14 15:00:00,12.0,6.9,297.0,3.2,2.6,85.0,30.1,54,0.1,17.7
Hyderabad,17.385,78.4867,2026-08-14 16:00:00,11.6,7.2,435.0,5.0,2.6,78.0,29.4,58,0.1,15.8
Hyderabad,17.385,78.4867,2026-08-14 17:00:00,10.6,7.8,523.0,8.4,3.1,69.0,28.6,64,0.1,10.6
Hyderabad,17.385,78.4867,2026-08-14 18:00:00,12.3,9.8,517.0,10.1,3.7,65.0,27.4,73,0.2,7.9
Hyderabad,17.385,78.4867,2026-08-14 19:00:00,14.3,11.6,460.0,12.4,4.5,59.0,23.9,92,2.2,12.0
Hyderabad,17.385,78.4867,2026-08-14 20:00:00,15.9,12.0,403.0,13.7,5.0,54.0,24.0,91,0.6,11.0
Hyderabad,17.385,78.4867,2026-08-14 21:00:00,15.1,11.1,360.0,12.9,4.9,52.0,24.1,90,0.1,11.6
Hyderabad,17.385,78.4867,2026-08-14 22:00:00,14.2,10.4,315.0,11.0,4.4,51.0,23.9,91,0.0,11.0
Hyderabad,17.385,78.4867,2026-08-14 23:00:00,13.9,10.0,274.0,9.5,4.2,50.0,24.3,88,0.0,12.8
Hyderabad,17.385,78.4867,2026-08-15 00:00:00,14.0,9.7,234.0,8.9,4.4,47.0,24.4,87,0.0,12.5
Hyderabad,17.385,78.4867,2026-08-15 01:00:00,14.0,9.5,197.0,8.7,4.8,44.0,24.5,85,0.0,13.0
Hyderabad,17.385,78.4867,2026-08-15 02:00:00,12.8,9.0,170.0,8.5,5.0,41.0,24.3,84,0.0,14.0
Hyderabad,17.385,78.4867,2026-08-15 03:00:00,11.6,8.2,153.0,8.4,5.0,38.0,24.1,84,0.0,14.7
Hyderabad,17.385,78.4867,2026-08-15 04:00:00,11.0,7.6,146.0,8.4,4.8,34.0,23.9,84,0.0,14.4
Hyderabad,17.385,78.4867,2026-08-15 05:00:00,10.9,7.0,155.0,7.1,4.2,35.0,24.0,82,0.0,15.0
Hyderabad,17.385,78.4867,2026-08-15 06:00:00,9.8,6.7,197.0,6.8,4.3,36.0,23.8,83,0.0,14.8
Hyderabad,17.385,78.4867,2026-08-15 07:00:00,8.9,6.7,256.0,6.3,4.4,37.0,24.2,81,0.0,14.4
Hyderabad,17.385,78.4867,2026-08-15 08:00:00,7.7,5.6,287.0,5.6,4.3,41.0,25.4,76,0.0,16.2
Hyderabad,17.385,78.4867,2026-08-15 09:00:00,9.5,6.0,263.0,4.4,3.9,51.0,26.7,69,0.0,18.7
Hyderabad,17.385,78.4867,2026-08-15 10:00:00,8.9,5.6,212.0,2.9,3.4,63.0,27.9,64,0.2,19.3
Hyderabad,17.385,78.4867,2026-08-15 11:00:00,9.9,6.0,175.0,1.9,2.9,73.0,28.3,60,0.1,19.4
Hyderabad,17.385,78.4867,2026-08-15 12:00:00,11.1,6.6,168.0,1.4,2.6,78.0,29.3,56,0.0,19.2
Hyderabad,17.385,78.4867,2026-08-15 13:00:00,11.1,6.6,175.0,1.4,2.4,80.0,30.0,53,0.1,19.4
Hyderabad,17.385,78.4867,2026-08-15 14:00:00,11.4,6.6,192.0,1.8,2.3,81.0,30.3,52,0.1,18.3
Hyderabad,17.385,78.4867,2026-08-15 15:00:00,11.9,6.8,222.0,2.8,2.4,82.0,30.2,53,0.2,18.2
Hyderabad,17.385,78.4867,2026-08-15 16:00:00,12.5,7.5,262.0,4.3,2.6,82.0,30.1,53,0.2,16.9
Hyderabad,17.385,78.4867,2026-08-15 17:00:00,13.0,8.5,301.0,6.2,2.7,78.0,29.3,57,0.0,15.1
Hyderabad,17.385,78.4867,2026-08-15 18:00:00,14.0,10.2,343.0,8.0,3.2,73.0,28.1,64,0.1,11.9
Hyderabad,17.385,78.4867,2026-08-15 19:00:00,15.0,11.3,385.0,10.4,3.8,66.0,26.9,73,0.0,8.5
Hyderabad,17.385,78.4867,2026-08-15 20:00:00,16.2,11.7,401.0,11.7,4.1,60.0,26.2,78,0.0,7.9
Hyderabad,17.385,78.4867,2026-08-15 21:00:00,12.9,9.7,376.0,10.9,3.9,57.0,25.6,77,0.0,9.8
Hyderabad,17.385,78.4867,2026-08-15 22:00:00,10.3,7.7,326.0,8.9,3.3,55.0,25.1,78,0.0,10.0
Hyderabad,17.385,78.4867,2026-08-15 23:00:00,9.1,6.8,277.0,7.4,3.0,53.0,25.6,77,0.0,14.8
Hyderabad,17.385,78.4867,2026-08-16 00:00:00,8.7,6.2,234.0,6.9,3.1,50.0,25.3,78,0.0,15.7
Hyderabad,17.385,78.4867,2026-08-16 01:00:00,8.7,6.0,191.0,6.8,3.3,46.0,24.8,79,0.0,15.8
Hyderabad,17.385,78.4867,2026-08-16 02:00:00,8.6,6.0,162.0,6.9,3.6,42.0,24.4,81,0.0,15.5
Hyderabad,17.385,78.4867,2026-08-16 03:00:00,8.8,6.0,154.0,7.2,3.8,38.0,24.1,82,0.0,14.2
Hyderabad,17.385,78.4867,2026-08-16 04:00:00,9.1,6.1,160.0,7.6,4.0,35.0,23.9,83,0.0,13.5
Hyderabad,17.385,78.4867,2026-08-16 05:00:00,7.8,4.9,168.0,6.9,3.6,34.0,23.9,85,0.0,13.9
Hyderabad,17.385,78.4867,2026-08-16 06:00:00,9.0,5.8,180.0,6.7,3.9,34.0,23.8,85,0.0,13.5
Hyderabad,17.385,78.4867,2026-08-16 07:00:00,10.5,7.0,195.0,6.4,4.4,34.0,24.2,84,0.0,12.6
Hyderabad,17.385,78.4867,2026-08-16 08:00:00,12.6,7.5,201.0,5.7,4.5,38.0,24.6,82,0.0,13.3
Hyderabad,17.385,78.4867,2026-08-16 09:00:00,15.9,8.4,188.0,4.4,4.0,48.0,26.0,74,0.0,15.9
Hyderabad,17.385,78.4867,2026-08-16 10:00:00,19.6,9.7,166.0,2.7,3.3,61.0,26.4,71,0.2,16.1
Hyderabad,17.385,78.4867,2026-08-16 11:00:00,21.2,10.1,151.0,1.5,2.7,71.0,28.3,62,0.0,15.3
Hyderabad,17.385,78.4867,2026-08-16 12:00:00,21.9,10.3,147.0,1.1,2.5,77.0,28.4,61,0.0,14.7
Hyderabad,17.385,78.4867,2026-08-16 13:00:00,22.9,10.7,150.0,1.2,2.4,80.0,28.5,60,0.0,15.2
Hyderabad,17.385,78.4867,2026-08-16 14:00:00,22.8,10.8,162.0,1.5,2.4,81.0,27.7,64,0.2,15.4
Hyderabad,17.385,78.4867,2026-08-16 15:00:00,21.1,10.1,188.0,2.0,2.4,81.0,27.3,71,0.3,11.3
Hyderabad,17.385,78.4867,2026-08-16 16:00:00,20.4,9.9,222.0,2.8,2.5,79.0,28.4,65,0.2,11.9
Hyderabad,17.385,78.4867,2026-08-16 17:00:00,21.7,10.7,252.0,3.9,2.5,74.0,28.6,62,0.1,11.4
Hyderabad,17.385,78.4867,2026-08-16 18:00:00,22.5,12.6,276.0,7.3,3.5,66.0,27.9,66,0.0,8.0
Hyderabad,17.385,78.4867,2026-08-16 19:00:00,25.8,15.4,295.0,12.0,5.0,54.0,27.3,70,0.0,8.3
Hyderabad,17.385,78.4867,2026-08-16 20:00:00,28.9,17.9,303.0,15.3,6.0,45.0,26.9,72,0.0,7.6
Hyderabad,17.385,78.4867,2026-08-16 21:00:00,31.1,19.4,298.0,16.2,6.3,41.0,26.4,74,0.0,7.2
Hyderabad,17.385,78.4867,2026-08-16 22:00:00,31.5,19.7,281.0,15.7,6.1,39.0,26.0,74,0.0,7.6
Hyderabad,17.385,78.4867,2026-08-16 23:00:00,29.9,18.6,256.0,14.6,5.9,38.0,26.3,75,0.0,9.5
Hyderabad,17.385,78.4867,2026-08-17 00:00:00,29.3,17.5,215.0,12.8,5.7,39.0,25.8,77,0.0,11.8
Hyderabad,17.385,78.4867,2026-08-17 01:00:00,31.8,17.8,165.0,10.4,5.3,40.0,25.4,77,0.0,14.9
Hyderabad,17.385,78.4867,2026-08-17 02:00:00,26.5,15.5,129.0,8.4,5.0,41.0,24.8,78,0.0,14.1
Hyderabad,17.385,78.4867,2026-08-17 03:00:00,16.3,10.7,116.0,7.3,4.6,40.0,24.6,80,0.0,13.5
Hyderabad,17.385,78.4867,2026-08-17 04:00:00,8.7,6.4,118.0,6.6,4.2,38.0,24.3,82,0.0,13.3
Hyderabad,17.385,78.4867,2026-08-17 05:00:00,6.7,4.8,132.0,5.7,3.8,37.0,24.2,82,0.0,14.4
Hyderabad,17.385,78.4867,2026-08-17 06:00:00,7.1,5.1,171.0,5.6,4.0,38.0,23.7,84,0.0,14.5
Hyderabad,17.385,78.4867,2026-08-17 07:00:00,9.1,6.1,222.0,5.4,4.3,41.0,24.6,80,0.0,14.4
Hyderabad,17.385,78.4867,2026-08-17 08:00:00,12.3,7.0,252.0,4.9,4.3,45.0,26.2,72,0.0,17.9
Hyderabad,17.385,78.4867,2026-08-17 09:00:00,17.2,8.6,237.0,3.9,3.9,53.0,27.8,64,0.0,18.0
Hyderabad,17.385,78.4867,2026-08-17 10:00:00,25.9,11.4,200.0,2.7,3.4,63.0,28.6,61,0.0,17.5
Hyderabad,17.385,78.4867,2026-08-17 11:00:00,22.1,10.4,172.0,1.8,2.9,72.0,29.6,55,0.0,18.4
Hyderabad,17.385,78.4867,2026-08-17 12:00:00,22.1,10.2,166.0,1.5,2.7,78.0,30.0,53,0.1,19.4
Hyderabad,17.385,78.4867,2026-08-17 13:00:00,21.0,10.0,169.0,1.5,2.6,83.0,29.8,55,0.1,19.1
Hyderabad,17.385,78.4867,2026-08-17 14:00:00,21.0,9.8,178.0,2.0,2.6,85.0,30.1,56,0.1,18.0
Hyderabad,17.385,78.4867,2026-08-17 15:00:00,21.1,9.8,192.0,3.1,2.7,85.0,30.2,55,0.0,16.0
Hyderabad,17.385,78.4867,2026-08-17 16:00:00,18.8,9.5,212.0,4.6,2.8,83.0,30.0,55,0.2,15.1
Hyderabad,17.385,78.4867,2026-08-17 17:00:00,22.9,11.8,240.0,6.3,2.8,74.0,29.5,57,0.3,16.6
Hyderabad,17.385,78.4867,2026-08-17 18:00:00,24.3,13.7,290.0,7.3,3.4,70.0,28.5,60,0.1,15.4
Hyderabad,17.385,78.4867,2026-08-17 19:00:00,25.6,14.9,347.0,8.8,4.3,65.0,27.6,66,0.0,12.6
Hyderabad,17.385,78.4867,2026-08-17 20:00:00,23.3,14.5,375.0,9.7,4.9,60.0,27.0,68,0.0,11.7
Hyderabad,17.385,78.4867,2026-08-17 21:00:00,21.0,13.5,348.0,9.7,5.0,56.0,26.6,70,0.0,11.9
Hyderabad,17.385,78.4867,2026-08-17 22:00:00,19.2,12.6,291.0,9.3,5.0,52.0,26.5,69,0.0,12.2
Hyderabad,17.385,78.4867,2026-08-17 23:00:00,18.0,11.7,239.0,8.9,4.9,48.0,26.2,69,0.0,14.1
Hyderabad,17.385,78.4867,2026-08-18 00:00:00,17.5,11.3,204.0,8.7,5.0,44.0,25.6,71,0.0,12.8
Hyderabad,17.385,78.4867,2026-08-18 01:00:00,17.5,11.1,175.0,8.5,5.1,41.0,25.1,74,0.0,12.5
Hyderabad,17.385,78.4867,2026-08-18 02:00:00,17.2,10.9,155.0,8.3,5.1,38.0,24.7,76,0.0,10.8
Hyderabad,17.385,78.4867,2026-08-18 03:00:00,16.2,10.2,146.0,8.3,5.0,35.0,24.6,77,0.0,10.6
Hyderabad,17.385,78.4867,2026-08-18 04:00:00,14.9,9.4,147.0,8.3,4.9,33.0,24.5,77,0.0,12.1
Hyderabad,17.385,78.4867,2026-08-18 05:00:00,14.0,8.5,158.0,7.2,4.5,33.0,24.2,79,0.0,13.5
Hyderabad,17.385,78.4867,2026-08-18 06:00:00,12.5,8.2,190.0,7.0,4.7,33.0,23.9,81,0.0,13.7
Hyderabad,17.385,78.4867,2026-08-18 07:00:00,12.3,8.4,232.0,6.7,5.0,34.0,24.4,78,0.0,15.8
Hyderabad,17.385,78.4867,2026-08-18 08:00:00,12.1,7.7,255.0,6.1,5.0,38.0,25.6,71,0.0,17.4
Hyderabad,17.385,78.4867,2026-08-18 09:00:00,13.1,7.7,238.0,4.8,4.5,48.0,26.9,64,0.0,18.7
Hyderabad,17.385,78.4867,2026-08-18 10:00:00,15.2,8.0,202.0,3.1,3.7,60.0,28.3,58,0.0,17.1
Hyderabad,17.385,78.4867,2026-08-18 11:00:00,15.6,8.0,177.0,1.9,3.1,71.0,29.3,53,0.0,16.1
Hyderabad,17.385,78.4867,2026-08-18 12:00:00,16.0,8.0,174.0,1.4,2.8,78.0,30.7,47,0.1,16.6
Hyderabad,17.385,78.4867,2026-08-18 13:00:00,17.1,8.4,182.0,1.4,2.7,82.0,31.2,46,0.4,15.9
Hyderabad,17.385,78.4867,2026-08-18 14:00:00,18.5,8.9,199.0,2.1,2.7,84.0,31.0,47,0.4,16.3
Hyderabad,17.385,78.4867,2026-08-18 15:00:00,24.0,11.0,231.0,3.7,2.7,81.0,30.4,51,0.3,15.5
Hyderabad,17.385,78.4867,2026-08-18 16:00:00,22.5,10.7,272.0,5.9,2.8,75.0,28.3,66,0.4,14.8
Hyderabad,17.385,78.4867,2026-08-18 17:00:00,29.4,16.5,304.0,8.8,3.7,68.0,27.7,69,0.0,10.9
Hyderabad,17.385,78.4867,2026-08-18 18:00:00,27.1,16.7,319.0,9.3,4.0,64.0,26.9,74,0.0,8.7
Hyderabad,17.385,78.4867,2026-08-18 19:00:00,24.9,16.3,325.0,10.0,4.5,59.0,26.2,78,0.0,12.1
Hyderabad,17.385,78.4867,2026-08-18 20:00:00,22.8,15.4,325.0,10.7,4.9,54.0,25.5,80,0.0,8.7
Hyderabad,17.385,78.4867,2026-08-18 21:00:00,20.6,14.2,323.0,11.5,5.3,49.0,25.2,82,0.0,8.1
Hyderabad,17.385,78.4867,2026-08-18 22:00:00,18.7,13.4,316.0,12.2,5.8,45.0,25.2,83,0.0,8.8
Hyderabad,17.385,78.4867,2026-08-18 23:00:00,16.6,12.1,297.0,12.4,6.0,41.0,25.4,80,0.0,13.2
Hyderabad,17.385,78.4867,2026-08-19 00:00:00,14.7,10.9,256.0,11.7,5.9,39.0,24.7,82,0.2,12.1
Hyderabad,17.385,78.4867,2026-08-19 01:00:00,13.6,9.6,203.0,10.4,5.6,37.0,23.9,85,0.3,11.9
Hyderabad,17.385,78.4867,2026-08-19 02:00:00,13.8,9.3,164.0,9.4,5.3,36.0,24.0,86,0.1,13.0
Hyderabad,17.385,78.4867,2026-08-19 03:00:00,13.8,9.1,144.0,9.0,5.2,34.0,23.9,86,0.0,12.4
Hyderabad,17.385,78.4867,2026-08-19 04:00:00,13.3,8.8,138.0,8.9,5.2,32.0,23.9,86,0.0,12.9
Hyderabad,17.385,78.4867,2026-08-19 05:00:00,10.2,7.4,150.0,7.9,4.9,30.0,24.3,81,0.0,14.5
Hyderabad,17.385,78.4867,2026-08-19 06:00:00,9.9,7.4,198.0,7.7,5.1,30.0,24.2,80,0.0,13.6
Hyderabad,17.385,78.4867,2026-08-19 07:00:00,10.9,8.0,264.0,7.5,5.5,30.0,24.8,78,0.0,14.3
Hyderabad,17.385,78.4867,2026-08-19 08:00:00,12.5,8.5,303.0,7.1,5.6,32.0,25.5,74,0.0,16.6
Hyderabad,17.385,78.4867,2026-08-19 09:00:00,17.9,10.1,285.0,6.3,5.3,38.0,26.7,67,0.0,15.8
Hyderabad,17.385,78.4867,2026-08-19 10:00:00,18.5,10.4,239.0,5.2,4.8,46.0,27.3,64,0.0,14.8
Hyderabad,17.385,78.4867,2026-08-19 11:00:00,19.8,10.7,204.0,4.9,4.5,53.0,28.2,59,0.1,14.9
Hyderabad,17.385,78.4867,2026-08-19 12:00:00,19.3,10.6,193.0,5.6,4.6,57.0,28.7,56,0.1,14.8
Hyderabad,17.385,78.4867,2026-08-19 13:00:00,19.3,10.7,194.0,6.9,4.8,61.0,29.3,53,0.1,15.9
Hyderabad,17.385,78.4867,2026-08-19 14:00:00,19.3,11.8,207.0,8.6,5.1,62.0,29.2,51,0.3,16.6
Hyderabad,17.385,78.4867,2026-08-19 15:00:00,19.3,12.1,240.0,11.1,5.3,61.0,26.9,68,1.1,13.3
Hyderabad,17.385,78.4867,2026-08-19 16:00:00,18.9,12.4,286.0,13.9,5.4,58.0,27.4,68,0.4,8.6
Hyderabad,17.385,78.4867,2026-08-19 17:00:00,31.4,17.6,320.0,12.2,5.0,61.0,27.7,62,0.0,14.2
Hyderabad,17.385,78.4867,2026-08-19 18:00:00,31.9,20.3,331.0,14.6,5.7,56.0,26.7,68,0.0,10.8
Hyderabad,17.385,78.4867,2026-08-19 19:00:00,31.0,20.4,330.0,17.9,6.7,49.0,25.8,73,0.0,10.2
Hyderabad,17.385,78.4867,2026-08-19 20:00:00,29.6,20.1,330.0,19.7,7.3,45.0,25.1,79,0.2,9.0
Hyderabad,17.385,78.4867,2026-08-19 21:00:00,28.4,19.8,341.0,18.6,7.2,45.0,24.7,83,0.1,8.9
Hyderabad,17.385,78.4867,2026-08-19 22:00:00,27.1,19.0,354.0,16.1,6.8,47.0,24.7,83,0.0,8.6
Hyderabad,17.385,78.4867,2026-08-19 23:00:00,24.4,17.0,350.0,13.7,6.5,49.0,25.1,84,0.0,7.0
Hyderabad,17.385,78.4867,2026-08-20 00:00:00,22.2,15.2,317.0,11.9,6.5,50.0,24.4,88,0.1,7.2
Hyderabad,17.385,78.4867,2026-08-20 01:00:00,22.6,14.6,267.0,10.4,6.6,52.0,24.0,89,0.3,10.0
Hyderabad,17.385,78.4867,2026-08-20 02:00:00,23.5,14.7,225.0,9.4,6.7,51.0,23.0,91,0.6,8.9
Hyderabad,17.385,78.4867,2026-08-20 03:00:00,23.5,14.8,193.0,9.5,6.8,47.0,23.3,90,0.1,9.9
Hyderabad,17.385,78.4867,2026-08-20 04:00:00,22.6,14.7,168.0,10.1,7.0,42.0,23.6,89,0.0,11.4
Hyderabad,17.385,78.4867,2026-08-20 05:00:00,17.4,11.9,164.0,9.0,6.4,37.0,23.4,89,0.0,13.8
Hyderabad,17.385,78.4867,2026-08-20 06:00:00,14.8,10.4,202.0,8.2,6.5,37.0,23.4,87,0.0,14.5
Hyderabad,17.385,78.4867,2026-08-20 07:00:00,15.2,10.2,260.0,7.2,6.6,39.0,24.4,82,0.0,12.9
Hyderabad,17.385,78.4867,2026-08-20 08:00:00,17.6,10.4,293.0,6.0,6.5,43.0,25.5,75,0.0,17.6
Hyderabad,17.385,78.4867,2026-08-20 09:00:00,20.4,11.3,272.0,4.7,6.0,53.0,26.9,68,0.0,16.9
Hyderabad,17.385,78.4867,2026-08-20 10:00:00,26.4,12.8,224.0,3.3,5.2,67.0,28.1,61,0.0,16.6
Hyderabad,17.385,78.4867,2026-08-20 11:00:00,29.2,13.5,190.0,2.3,4.6,78.0,28.6,58,0.0,15.4
Hyderabad,17.385,78.4867,2026-08-20 12:00:00,47.5,18.7,182.0,1.8,4.2,85.0,29.4,54,0.0,15.9
Hyderabad,17.385,78.4867,2026-08-20 13:00:00,31.9,14.4,186.0,1.7,4.0,91.0,30.0,50,0.0,16.4
Hyderabad,17.385,78.4867,2026-08-20 14:00:00,31.3,14.1,201.0,2.1,3.8,93.0,30.0,50,0.0,16.1
Hyderabad,17.385,78.4867,2026-08-20 15:00:00,29.7,13.5,223.0,2.8,3.6,92.0,30.0,51,0.0,14.7
Hyderabad,17.385,78.4867,2026-08-20 16:00:00,26.7,12.7,255.0,4.0,3.6,89.0,30.3,50,0.0,15.4
Hyderabad,17.385,78.4867,2026-08-20 17:00:00,40.3,19.7,305.0,5.7,3.7,82.0,28.7,58,0.0,14.9
Hyderabad,17.385,78.4867,2026-08-20 18:00:00,37.3,20.4,397.0,9.2,4.6,73.0,27.4,67,0.0,10.2
Hyderabad,17.385,78.4867,2026-08-20 19:00:00,38.8,22.7,506.0,14.0,5.8,61.0,26.6,72,0.0,9.9
Hyderabad,17.385,78.4867,2026-08-20 20:00:00,41.9,25.3,569.0,17.9,6.8,51.0,26.2,74,0.0,8.0
Hyderabad,17.385,78.4867,2026-08-20 21:00:00,45.8,27.6,550.0,20.1,7.2,44.0,25.7,77,0.0,7.8
Hyderabad,17.385,78.4867,2026-08-20 22:00:00,49.0,29.5,484.0,21.4,7.4,39.0,25.4,79,0.0,7.7
Hyderabad,17.385,78.4867,2026-08-20 23:00:00,50.3,29.4,411.0,21.5,7.4,36.0,25.6,79,0.0,6.8
Hyderabad,17.385,78.4867,2026-08-21 00:00:00,48.9,27.8,332.0,19.7,7.2,37.0,25.4,78,0.0,9.7
Hyderabad,17.385,78.4867,2026-08-21 01:00:00,47.0,26.5,246.0,16.7,6.8,39.0,25.4,75,0.0,11.2
Hyderabad,17.385,78.4867,2026-08-21 02:00:00,46.8,26.3,183.0,14.2,6.5,41.0,25.2,75,0.0,11.9
Hyderabad,17.385,78.4867,2026-08-21 03:00:00,47.4,27.3,158.0,13.2,6.4,39.0,24.9,76,0.0,12.5
Hyderabad,17.385,78.4867,2026-08-21 04:00:00,33.5,21.6,157.0,12.8,6.4,36.0,24.4,79,0.0,13.0
Hyderabad,17.385,78.4867,2026-08-21 05:00:00,18.8,13.2,172.0,9.2,5.7,39.0,24.2,80,0.0,15.1
Hyderabad,17.385,78.4867,2026-08-21 06:00:00,15.8,11.1,215.0,8.3,5.8,41.0,23.9,81,0.0,14.3
Hyderabad,17.385,78.4867,2026-08-21 07:00:00,16.4,10.9,274.0,6.9,5.8,44.0,24.6,77,0.0,14.2
Hyderabad,17.385,78.4867,2026-08-21 08:00:00,20.6,11.6,306.0,5.6,5.6,49.0,25.7,70,0.0,15.6
Hyderabad,17.385,78.4867,2026-08-21 09:00:00,25.6,12.8,282.0,4.2,5.0,57.0,27.0,65,0.0,15.2
Hyderabad,17.385,78.4867,2026-08-21 10:00:00,31.4,14.1,231.0,2.8,4.1,68.0,28.5,58,0.0,17.4
Hyderabad,17.385,78.4867,2026-08-21 11:00:00,34.1,14.7,192.0,1.9,3.4,76.0,29.6,53,0.0,16.8
Hyderabad,17.385,78.4867,2026-08-21 12:00:00,34.3,15.0,182.0,1.6,3.1,81.0,30.1,49,0.0,17.5
Hyderabad,17.385,78.4867,2026-08-21 13:00:00,34.2,15.2,185.0,1.8,3.0,85.0,30.6,46,0.0,18.1
Hyderabad,17.385,78.4867,2026-08-21 14:00:00,34.5,15.5,194.0,2.2,2.9,86.0,30.9,46,0.0,18.5
Hyderabad,17.385,78.4867,2026-08-21 15:00:00,35.4,15.9,193.0,2.6,2.8,86.0,30.9,46,0.0,16.9
Hyderabad,17.385,78.4867,2026-08-21 16:00:00,34.2,15.7,198.0,3.3,2.7,84.0,30.6,48,0.0,15.9
Hyderabad,17.385,78.4867,2026-08-21 17:00:00,32.1,15.7,257.0,5.4,2.9,78.0,30.6,48,0.0,11.6
Hyderabad,17.385,78.4867,2026-08-21 18:00:00,30.5,17.1,440.0,9.8,3.9,69.0,29.4,55,0.0,7.4
Hyderabad,17.385,78.4867,2026-08-21 19:00:00,29.7,18.6,676.0,15.8,5.2,56.0,28.3,62,0.0,6.1
Hyderabad,17.385,78.4867,2026-08-21 20:00:00,29.7,19.7,798.0,19.7,6.2,47.0,27.9,65,0.0,4.9
Hyderabad,17.385,78.4867,2026-08-21 21:00:00,29.9,20.2,699.0,19.8,6.6,46.0,27.1,71,0.1,6.5
Hyderabad,17.385,78.4867,2026-08-21 22:00:00,29.6,19.6,485.0,17.8,6.6,48.0,26.4,74,0.1,6.7
Hyderabad,17.385,78.4867,2026-08-21 23:00:00,29.2,18.5,308.0,15.5,6.4,49.0,26.0,77,0.0,8.1
Hyderabad,17.385,78.4867,2026-08-22 00:00:00,29.2,17.5,225.0,13.1,6.0,48.0,25.7,76,0.0,11.0
Hyderabad,17.385,78.4867,2026-08-22 01:00:00,26.0,16.0,178.0,10.4,5.3,46.0,25.4,73,0.0,14.3
Hyderabad,17.385,78.4867,2026-08-22 02:00:00,20.9,13.6,149.0,8.5,4.8,43.0,25.1,73,0.0,15.9
Hyderabad,17.385,78.4867,2026-08-22 03:00:00,17.3,11.6,134.0,7.9,4.6,40.0,24.8,74,0.0,15.1
Hyderabad,17.385,78.4867,2026-08-22 04:00:00,14.7,10.2,137.0,8.1,4.5,36.0,24.4,76,0.0,13.7
Hyderabad,17.385,78.4867,2026-08-22 05:00:00,12.9,9.3,151.0,7.7,4.2,34.0,24.5,77,0.0,14.7
Hyderabad,17.385,78.4867,2026-08-22 06:00:00,10.7,8.0,183.0,7.3,4.2,34.0,24.2,78,0.0,13.9
Hyderabad,17.385,78.4867,2026-08-22 07:00:00,10.9,8.1,226.0,6.7,4.3,35.0,25.1,75,0.0,15.6
Hyderabad,17.385,78.4867,2026-08-22 08:00:00,11.8,8.0,250.0,5.8,4.1,38.0,26.4,69,0.0,18.5
Hyderabad,17.385,78.4867,2026-08-22 09:00:00,13.7,8.3,236.0,4.5,3.6,47.0,27.7,63,0.0,17.3
Hyderabad,17.385,78.4867,2026-08-22 10:00:00,16.2,8.8,203.0,3.0,2.9,58.0,29.0,58,0.0,17.1
Hyderabad,17.385,78.4867,2026-08-22 11:00:00,18.0,9.3,180.0,1.9,2.4,68.0,30.2,51,0.0,17.6
Hyderabad,17.385,78.4867,2026-08-22 12:00:00,17.9,9.2,177.0,1.4,2.2,76.0,31.0,47,0.0,17.7
Hyderabad,17.385,78.4867,2026-08-22 13:00:00,17.3,8.9,183.0,1.4,2.1,82.0,31.2,46,0.0,17.4
Hyderabad,17.385,78.4867,2026-08-22 14:00:00,16.6,8.8,195.0,1.9,2.1,85.0,31.4,46,0.0,15.6
Hyderabad,17.385,78.4867,2026-08-22 15:00:00,15.5,8.4,213.0,3.1,2.1,84.0,31.5,46,0.0,14.8
Hyderabad,17.385,78.4867,2026-08-22 16:00:00,13.5,7.9,238.0,4.8,2.3,79.0,31.0,47,0.0,14.4
Hyderabad,17.385,78.4867,2026-08-22 17:00:00,15.8,9.2,263.0,5.8,2.4,75.0,30.4,50,0.0,11.2
Hyderabad,17.385,78.4867,2026-08-22 18:00:00,16.4,10.9,294.0,8.2,3.1,69.0,29.9,52,0.0,9.0
Hyderabad,17.385,78.4867,2026-08-22 19:00:00,18.0,13.0,325.0,11.5,4.1,61.0,28.9,57,0.2,9.1
Hyderabad,17.385,78.4867,2026-08-22 20:00:00,17.3,12.5,338.0,13.3,4.7,56.0,27.7,66,0.2,8.5
Hyderabad,17.385,78.4867,2026-08-22 21:00:00,15.0,11.2,321.0,12.4,4.5,56.0,26.9,70,0.0,8.7
Hyderabad,17.385,78.4867,2026-08-22 22:00:00,12.7,9.5,285.0,10.0,3.9,58.0,26.2,73,0.0,9.5
Hyderabad,17.385,78.4867,2026-08-22 23:00:00,10.8,8.4,249.0,8.2,3.5,59.0,25.6,77,0.0,11.0
Hyderabad,17.385,78.4867,2026-08-23 00:00:00,9.5,7.5,213.0,7.7,3.4,57.0,25.1,82,0.1,10.3
Hyderabad,17.385,78.4867,2026-08-23 01:00:00,9.3,7.2,176.0,7.6,3.5,54.0,24.9,82,0.0,11.2
Hyderabad,17.385,78.4867,2026-08-23 02:00:00,9.4,7.1,151.0,7.7,3.7,50.0,24.3,83,0.0,10.2
Hyderabad,17.385,78.4867,2026-08-23 03:00:00,10.0,7.3,145.0,7.8,3.9,46.0,23.9,85,0.0,9.3
Hyderabad,17.385,78.4867,2026-08-23 04:00:00,10.8,7.5,152.0,8.0,4.2,41.0,23.9,85,0.0,9.7
Hyderabad,17.385,78.4867,2026-08-23 05:00:00,11.6,7.9,164.0,7.7,4.5,43.0,24.0,88,0.0,11.3
Hyderabad,17.385,78.4867,2026-08-23 06:00:00,12.5,8.8,186.0,7.4,4.7,42.0,23.9,88,0.1,11.9
Hyderabad,17.385,78.4867,2026-08-23 07:00:00,14.3,9.7,215.0,6.9,5.0,41.0,24.8,83,0.0,14.7
Hyderabad,17.385,78.4867,2026-08-23 08:00:00,15.2,9.9,229.0,6.1,5.1,42.0,25.9,76,0.0,17.3
Hyderabad,17.385,78.4867,2026-08-23 09:00:00,17.3,10.5,215.0,4.8,4.7,48.0,27.0,70,0.1,16.8
Hyderabad,17.385,78.4867,2026-08-23 10:00:00,19.2,10.8,187.0,3.2,4.1,57.0,27.8,65,0.2,16.2
Hyderabad,17.385,78.4867,2026-08-23 11:00:00,20.2,10.9,168.0,2.1,3.6,64.0,28.2,62,0.2,16.1
Hyderabad,17.385,78.4867,2026-08-23 12:00:00,20.3,10.8,166.0,1.5,3.3,69.0,27.6,65,0.3,14.8
Hyderabad,17.385,78.4867,2026-08-23 13:00:00,20.1,10.9,173.0,1.4,3.1,74.0,27.0,69,0.9,13.5
Hyderabad,17.385,78.4867,2026-08-23 14:00:00,21.4,11.8,191.0,1.9,3.0,75.0,26.4,77,0.9,9.7
Hyderabad,17.385,78.4867,2026-08-23 15:00:00,21.1,12.0,227.0,3.4,3.1,72.0,26.3,78,0.4,7.6
Hyderabad,17.385,78.4867,2026-08-23 16:00:00,20.3,12.1,274.0,5.4,3.4,67.0,26.2,80,0.5,6.0
Hyderabad,17.385,78.4867,2026-08-23 17:00:00,18.5,13.4,308.0,12.6,3.6,45.0,25.2,84,0.8,9.3
Hyderabad,17.385,78.4867,2026-08-23 18:00:00,18.5,13.3,322.0,12.9,3.8,43.0,25.0,87,0.3,7.6
Hyderabad,17.385,78.4867,2026-08-23 19:00:00,18.0,14.0,324.0,13.2,4.1,41.0,24.7,90,1.1,8.7
Hyderabad,17.385,78.4867,2026-08-23 20:00:00,16.7,13.1,316.0,12.9,4.2,40.0,24.3,93,0.9,8.0
Hyderabad,17.385,78.4867,2026-08-23 21:00:00,16.4,12.7,295.0,11.4,4.0,42.0,24.1,94,1.7,8.5
Hyderabad,17.385,78.4867,2026-08-23 22:00:00,14.2,11.1,263.0,9.3,3.6,45.0,24.0,95,1.4,7.4
Hyderabad,17.385,78.4867,2026-08-23 23:00:00,10.9,8.8,231.0,7.5,3.2,47.0,24.0,94,1.1,7.1
Hyderabad,17.385,78.4867,2026-08-24 00:00:00,8.0,6.5,200.0,6.4,2.9,47.0,23.7,95,0.4,10.4
Hyderabad,17.385,78.4867,2026-08-24 01:00:00,6.5,5.3,169.0,5.6,2.7,46.0,23.5,94,0.1,11.6
Hyderabad,17.385,78.4867,2026-08-24 02:00:00,6.0,4.8,146.0,5.2,2.6,45.0,23.4,93,0.0,11.5
Hyderabad,17.385,78.4867,2026-08-24 03:00:00,5.8,4.6,128.0,5.0,2.7,43.0,23.2,92,0.1,13.0
Hyderabad,17.385,78.4867,2026-08-24 04:00:00,5.8,4.6,118.0,5.2,3.0,41.0,23.3,93,0.1,12.8
Hyderabad,17.385,78.4867,2026-08-24 05:00:00,4.9,4.0,137.0,5.3,3.7,44.0,23.3,92,0.4,15.4
Hyderabad,17.385,78.4867,2026-08-24 06:00:00,7.2,5.3,216.0,7.0,4.2,40.0,23.2,92,0.3,14.7
Hyderabad,17.385,78.4867,2026-08-24 07:00:00,9.7,7.1,325.0,9.4,4.8,34.0,23.7,91,0.2,13.3
Hyderabad,17.385,78.4867,2026-08-24 08:00:00,11.1,8.1,391.0,10.7,5.3,31.0,24.0,89,0.2,13.3
Hyderabad,17.385,78.4867,2026-08-24 09:00:00,12.6,8.8,370.0,10.0,5.6,32.0,24.8,83,0.2,16.5
Hyderabad,17.385,78.4867,2026-08-24 10:00:00,14.2,9.6,306.0,8.2,5.8,37.0,25.2,80,0.1,16.4
Hyderabad,17.385,78.4867,2026-08-24 11:00:00,16.0,10.4,265.0,6.7,5.9,42.0,24.3,86,0.1,14.3
Hyderabad,17.385,78.4867,2026-08-24 12:00:00,17.3,11.1,268.0,5.8,5.8,50.0,24.9,83,0.5,12.6
Hyderabad,17.385,78.4867,2026-08-24 13:00:00,18.3,11.9,294.0,5.3,5.5,58.0,25.7,79,0.2,11.1
Hyderabad,17.385,78.4867,2026-08-24 14:00:00,18.8,12.3,342.0,5.5,5.3,64.0,26.7,74,0.0,11.1
Hyderabad,17.385,78.4867,2026-08-24 15:00:00,19.3,12.7,429.0,6.9,5.2,65.0,27.4,71,0.0,11.1
Hyderabad,17.385,78.4867,2026-08-24 16:00:00,19.2,12.9,539.0,9.1,5.2,62.0,27.3,70,0.0,11.1
Hyderabad,17.385,78.4867,2026-08-24 17:00:00,25.6,15.8,622.0,10.7,5.4,61.0,26.4,77,0.0,8.3
Hyderabad,17.385,78.4867,2026-08-24 18:00:00,25.9,17.8,669.0,13.5,6.0,55.0,25.9,80,0.0,6.5
Hyderabad,17.385,78.4867,2026-08-24 19:00:00,28.1,20.4,689.0,17.3,6.8,46.0,25.4,83,0.0,6.9
Hyderabad,17.385,78.4867,2026-08-24 20:00:00,27.9,20.3,661.0,19.4,7.3,41.0,25.2,84,0.0,6.9
Hyderabad,17.385,78.4867,2026-08-24 21:00:00,27.6,19.8,550.0,18.2,7.3,43.0,25.2,83,0.0,8.4
Hyderabad,17.385,78.4867,2026-08-24 22:00:00,27.4,19.3,390.0,15.2,7.1,47.0,24.9,84,0.0,8.5
Hyderabad,17.385,78.4867,2026-08-24 23:00:00,26.2,17.8,264.0,12.7,6.8,50.0,25.4,81,0.0,10.6
Hyderabad,17.385,78.4867,2026-08-25 00:00:00,24.3,16.2,205.0,11.4,6.4,47.0,25.0,81,0.2,11.7
Hyderabad,17.385,78.4867,2026-08-25 01:00:00,22.2,14.8,179.0,10.4,6.0,42.0,24.3,85,0.4,9.4
Hyderabad,17.385,78.4867,2026-08-25 02:00:00,19.7,13.2,164.0,9.6,5.6,39.0,23.3,90,0.4,11.1
Hyderabad,17.385,78.4867,2026-08-25 03:00:00,18.4,12.5,149.0,8.8,5.2,39.0,23.5,89,0.0,12.0
Hyderabad,17.385,78.4867,2026-08-25 04:00:00,17.8,12.1,144.0,8.0,4.9,42.0,23.9,87,0.0,12.8
Hyderabad,17.385,78.4867,2026-08-25 05:00:00,15.1,10.0,158.0,7.1,4.5,43.0,23.9,84,0.0,14.2
Hyderabad,17.385,78.4867,2026-08-25 06:00:00,15.7,10.6,212.0,7.2,4.9,41.0,23.7,85,0.0,12.2
Hyderabad,17.385,78.4867,2026-08-25 07:00:00,22.3,13.0,285.0,7.2,5.5,39.0,24.5,83,0.0,12.0
Hyderabad,17.385,78.4867,2026-08-25 08:00:00,22.9,13.0,327.0,6.8,5.7,41.0,25.4,78,0.1,15.7
Hyderabad,17.385,78.4867,2026-08-25 09:00:00,28.1,14.7,306.0,5.4,5.3,49.0,26.5,73,0.0,15.5
Hyderabad,17.385,78.4867,2026-08-25 10:00:00,44.6,20.7,253.0,3.6,4.7,61.0,27.4,69,0.0,14.1
Hyderabad,17.385,78.4867,2026-08-25 11:00:00,36.0,16.4,216.0,2.3,4.1,70.0,27.8,68,0.6,13.5
Hyderabad,17.385,78.4867,2026-08-25 12:00:00,41.4,17.2,206.0,1.9,3.7,74.0,27.2,70,0.4,11.7
Hyderabad,17.385,78.4867,2026-08-25 13:00:00,42.1,17.0,211.0,1.9,3.4,75.0,27.8,67,0.3,13.3
Hyderabad,17.385,78.4867,2026-08-25 14:00:00,44.7,17.3,245.0,2.3,3.2,76.0,28.6,64,0.4,13.5
Hyderabad,17.385,78.4867,2026-08-25 15:00:00,45.1,17.4,340.0,2.9,3.0,77.0,29.0,60,0.1,15.0
Hyderabad,17.385,78.4867,2026-08-25 16:00:00,41.7,17.2,464.0,3.9,3.0,78.0,28.9,60,0.1,14.9
Hyderabad,17.385,78.4867,2026-08-25 17:00:00,40.9,19.6,536.0,5.6,3.6,80.0,28.0,68,0.2,11.9
Hyderabad,17.385,78.4867,2026-08-25 18:00:00,34.8,19.8,508.0,8.1,4.3,74.0,27.0,72,0.0,12.1
Hyderabad,17.385,78.4867,2026-08-25 19:00:00,33.8,20.5,427.0,11.5,5.3,66.0,26.3,74,0.0,11.7
Hyderabad,17.385,78.4867,2026-08-25 20:00:00,34.5,21.2,356.0,13.7,6.1,59.0,25.8,77,0.0,10.1
Hyderabad,17.385,78.4867,2026-08-25 21:00:00,36.1,22.1,321.0,13.8,6.4,56.0,25.3,80,0.0,9.2
Hyderabad,17.385,78.4867,2026-08-25 22:00:00,37.5,22.6,296.0,12.7,6.5,54.0,25.1,80,0.0,9.5
Hyderabad,17.385,78.4867,2026-08-25 23:00:00,36.9,22.2,267.0,11.5,6.3,52.0,25.4,76,0.0,12.1
Hyderabad,17.385,78.4867,2026-08-26 00:00:00,34.1,20.6,224.0,10.5,5.8,50.0,25.3,76,0.0,12.8
Hyderabad,17.385,78.4867,2026-08-26 01:00:00,28.7,17.6,177.0,9.3,5.2,48.0,24.9,77,0.0,13.9
Hyderabad,17.385,78.4867,2026-08-26 02:00:00,23.5,14.6,145.0,8.5,4.7,46.0,24.5,79,0.0,13.5
Hyderabad,17.385,78.4867,2026-08-26 03:00:00,20.5,12.5,135.0,8.3,4.5,42.0,24.2,80,0.0,13.3
Hyderabad,17.385,78.4867,2026-08-26 04:00:00,18.7,11.4,141.0,8.5,4.5,37.0,23.7,82,0.0,13.2
Hyderabad,17.385,78.4867,2026-08-26 05:00:00,21.8,12.5,161.0,7.8,4.5,36.0,23.5,86,0.0,13.9
Hyderabad,17.385,78.4867,2026-08-26 06:00:00,21.8,13.2,209.0,7.7,4.9,36.0,23.7,84,0.0,15.4
Hyderabad,17.385,78.4867,2026-08-26 07:00:00,23.0,14.2,271.0,7.6,5.4,36.0,24.2,82,0.0,14.1
Hyderabad,17.385,78.4867,2026-08-26 08:00:00,26.2,14.8,305.0,7.0,5.6,40.0,25.6,76,0.0,18.4
Hyderabad,17.385,78.4867,2026-08-26 09:00:00,30.3,15.4,284.0,5.5,5.1,51.0,26.9,68,0.0,19.1
Hyderabad,17.385,78.4867,2026-08-26 10:00:00,32.1,15.7,235.0,3.5,4.3,66.0,27.8,64,0.0,17.7
Hyderabad,17.385,78.4867,2026-08-26 11:00:00,33.6,15.9,199.0,2.1,3.7,78.0,28.4,60,0.1,16.7
Hyderabad,17.385,78.4867,2026-08-26 12:00:00,36.6,16.8,190.0,1.6,3.4,84.0,29.1,57,0.1,16.4
Hyderabad,17.385,78.4867,2026-08-26 13:00:00,36.0,16.6,194.0,1.8,3.2,88.0,29.7,54,0.1,16.6
Hyderabad,17.385,78.4867,2026-08-26 14:00:00,34.3,16.2,215.0,2.3,3.1,89.0,30.0,53,0.2,17.2
Hyderabad,17.385,78.4867,2026-08-26 15:00:00,34.6,16.8,264.0,3.0,3.1,89.0,30.1,52,0.1,16.5
Hyderabad,17.385,78.4867,2026-08-26 16:00:00,32.8,16.6,329.0,4.1,3.2,87.0,29.8,53,0.0,17.2
Hyderabad,17.385,78.4867,2026-08-26 17:00:00,31.4,16.5,377.0,7.0,3.4,79.0,28.3,62,0.1,11.8
Hyderabad,17.385,78.4867,2026-08-26 18:00:00,31.8,18.5,395.0,11.6,4.5,70.0,27.1,70,0.0,9.8
Hyderabad,17.385,78.4867,2026-08-26 19:00:00,34.5,21.7,397.0,18.0,5.9,56.0,26.2,75,0.0,6.6
Hyderabad,17.385,78.4867,2026-08-26 20:00:00,38.4,24.9,390.0,22.7,7.1,46.0,25.7,78,0.0,6.5
Hyderabad,17.385,78.4867,2026-08-26 21:00:00,41.8,27.2,379.0,24.4,7.7,41.0,25.7,78,0.0,7.7
Hyderabad,17.385,78.4867,2026-08-26 22:00:00,46.1,28.9,359.0,24.4,8.0,38.0,25.8,76,0.0,9.2
Hyderabad,17.385,78.4867,2026-08-26 23:00:00,45.6,28.1,328.0,23.0,7.9,38.0,26.1,73,0.0,11.6
Hyderabad,17.385,78.4867,2026-08-27 00:00:00,42.6,25.4,275.0,19.3,7.4,41.0,25.9,73,0.0,12.2
Hyderabad,17.385,78.4867,2026-08-27 01:00:00,42.5,24.0,211.0,14.2,6.5,46.0,25.6,75,0.0,13.9
Hyderabad,17.385,78.4867,2026-08-27 02:00:00,40.5,23.1,166.0,10.3,5.8,49.0,25.4,75,0.0,15.3
Hyderabad,17.385,78.4867,2026-08-27 03:00:00,31.8,19.7,151.0,9.1,5.6,46.0,24.8,78,0.0,14.5
Hyderabad,17.385,78.4867,2026-08-27 04:00:00,23.9,16.3,155.0,9.2,5.5,41.0,24.6,78,0.0,14.2
Hyderabad,17.385,78.4867,2026-08-27 05:00:00,14.8,10.2,171.0,7.0,4.3,36.0,24.2,78,0.0,16.1
Hyderabad,17.385,78.4867,2026-08-27 06:00:00,13.7,9.3,208.0,6.9,4.4,35.0,23.9,79,0.0,15.9
Hyderabad,17.385,78.4867,2026-08-27 07:00:00,13.7,9.3,257.0,6.7,4.5,34.0,24.4,78,0.0,14.0
Hyderabad,17.385,78.4867,2026-08-27 08:00:00,16.0,9.1,284.0,6.1,4.4,37.0,25.5,73,0.0,19.0
Hyderabad,17.385,78.4867,2026-08-27 09:00:00,23.1,10.5,265.0,4.9,3.9,45.0,27.0,66,0.0,20.1
Hyderabad,17.385,78.4867,2026-08-27 10:00:00,30.4,12.6,224.0,3.3,3.3,57.0,27.4,64,0.0,19.5
Hyderabad,17.385,78.4867,2026-08-27 11:00:00,42.8,16.2,195.0,2.1,2.8,67.0,27.9,61,0.0,20.1
Hyderabad,17.385,78.4867,2026-08-27 12:00:00,39.7,15.7,190.0,1.6,2.6,74.0,28.7,58,0.0,19.8
Hyderabad,17.385,78.4867,2026-08-27 13:00:00,38.3,15.5,197.0,1.5,2.5,80.0,28.8,58,0.0,18.0
Hyderabad,17.385,78.4867,2026-08-27 14:00:00,35.5,14.8,214.0,2.0,2.5,83.0,29.1,56,0.0,16.6
Hyderabad,17.385,78.4867,2026-08-27 15:00:00,28.6,12.7,240.0,3.0,2.5,83.0,29.3,56,0.0,16.1
Hyderabad,17.385,78.4867,2026-08-27 16:00:00,25.1,12.0,277.0,4.6,2.6,82.0,29.3,57,0.0,16.0
Hyderabad,17.385,78.4867,2026-08-27 17:00:00,24.3,13.1,329.0,6.5,2.9,78.0,29.3,57,0.0,11.1
Hyderabad,17.385,78.4867,2026-08-27 18:00:00,24.0,14.4,423.0,9.3,3.7,72.0,28.0,64,0.0,8.1
Hyderabad,17.385,78.4867,2026-08-27 19:00:00,24.5,15.8,533.0,12.5,4.8,64.0,27.1,71,0.0,6.5
Hyderabad,17.385,78.4867,2026-08-27 20:00:00,25.4,17.1,586.0,14.7,5.6,57.0,26.4,74,0.0,6.6
Hyderabad,17.385,78.4867,2026-08-27 21:00:00,26.1,17.8,536.0,15.3,6.1,53.0,25.8,77,0.0,6.3
Hyderabad,17.385,78.4867,2026-08-27 22:00:00,26.5,18.0,430.0,14.8,6.3,51.0,25.5,79,0.0,7.6
Hyderabad,17.385,78.4867,2026-08-27 23:00:00,25.0,16.7,334.0,13.8,6.3,49.0,25.6,78,0.0,8.6
