city,latitude,longitude,time,pm10,pm2_5,carbon_monoxide,nitrogen_dioxide,sulphur_dioxide,ozone,temperature_2m,relative_humidity_2m,precipitation,wind_speed_10m
Pune,18.5204,73.8567,2025-08-28 00:00:00,11.4,9.1,197.0,12.9,7.6,28.0,22.3,93,0.0,9.0
Pune,18.5204,73.8567,2025-08-28 01:00:00,10.8,9.1,162.0,12.2,7.4,26.0,22.2,93,0.0,8.9
Pune,18.5204,73.8567,2025-08-28 02:00:00,11.5,9.3,138.0,11.4,7.2,25.0,22.3,92,0.0,10.9
Pune,18.5204,73.8567,2025-08-28 03:00:00,12.5,9.5,133.0,10.2,6.9,26.0,22.3,92,0.0,11.4
Pune,18.5204,73.8567,2025-08-28 04:00:00,12.3,8.9,139.0,8.9,6.5,29.0,22.1,93,0.0,12.3
Pune,18.5204,73.8567,2025-08-28 05:00:00,3.1,2.9,150.0,10.5,6.6,27.0,22.2,92,0.0,12.1
Pune,18.5204,73.8567,2025-08-28 06:00:00,2.8,2.5,171.0,9.8,6.6,30.0,22.7,94,0.2,11.9
Pune,18.5204,73.8567,2025-08-28 07:00:00,5.5,4.1,198.0,8.8,6.6,35.0,23.2,92,0.2,12.3
Pune,18.5204,73.8567,2025-08-28 08:00:00,9.6,5.7,211.0,7.6,6.5,41.0,23.8,90,0.1,13.0
Pune,18.5204,73.8567,2025-08-28 09:00:00,14.8,7.9,197.0,6.2,6.2,49.0,24.7,85,0.0,15.2
Pune,18.5204,73.8567,2025-08-28 10:00:00,20.1,9.3,169.0,4.6,5.8,58.0,26.0,79,0.0,14.3
Pune,18.5204,73.8567,2025-08-28 11:00:00,28.2,11.8,150.0,3.4,5.2,65.0,26.9,75,0.1,14.9
Pune,18.5204,73.8567,2025-08-28 12:00:00,33.8,13.2,145.0,2.6,4.1,68.0,26.5,75,1.1,15.4
Pune,18.5204,73.8567,2025-08-28 13:00:00,36.4,14.5,148.0,2.3,2.9,69.0,26.6,75,0.3,13.6
Pune,18.5204,73.8567,2025-08-28 14:00:00,37.6,16.4,166.0,3.1,2.4,68.0,24.8,85,6.8,14.2
Pune,18.5204,73.8567,2025-08-28 15:00:00,29.0,14.8,210.0,6.0,3.0,63.0,24.2,86,0.6,13.6
Pune,18.5204,73.8567,2025-08-28 16:00:00,24.8,14.0,268.0,10.0,4.3,55.0,24.5,84,1.0,13.1
Pune,18.5204,73.8567,2025-08-28 17:00:00,43.5,20.2,311.0,10.6,6.6,52.0,23.1,94,1.7,13.3
Pune,18.5204,73.8567,2025-08-28 18:00:00,46.1,21.8,327.0,12.8,7.8,47.0,23.1,88,0.0,11.6
Pune,18.5204,73.8567,2025-08-28 19:00:00,47.4,22.7,327.0,15.7,9.5,41.0,22.7,89,0.1,10.6
Pune,18.5204,73.8567,2025-08-28 20:00:00,45.8,22.3,316.0,17.7,10.8,35.0,22.5,91,0.4,9.9
Pune,18.5204,73.8567,2025-08-28 21:00:00,37.5,19.8,292.0,18.0,11.6,32.0,22.2,94,0.4,9.4
Pune,18.5204,73.8567,2025-08-28 22:00:00,21.1,13.1,257.0,17.4,12.0,29.0,22.0,96,0.6,9.7
Pune,18.5204,73.8567,2025-08-28 23:00:00,10.4,7.7,223.0,16.4,12.1,28.0,22.0,96,1.0,9.6
Pune,18.5204,73.8567,2025-08-29 00:00:00,7.0,5.2,192.0,15.0,11.7,27.0,21.9,96,1.2,10.6
Pune,18.5204,73.8567,2025-08-29 01:00:00,5.9,4.2,162.0,13.2,11.0,28.0,21.7,95,1.7,13.0
Pune,18.5204,73.8567,2025-08-29 02:00:00,4.8,3.4,142.0,11.7,10.3,28.0,21.6,96,3.4,9.7
Pune,18.5204,73.8567,2025-08-29 03:00:00,4.0,2.8,137.0,10.5,9.6,29.0,21.6,96,1.5,6.0
Pune,18.5204,73.8567,2025-08-29 04:00:00,3.4,2.6,142.0,9.5,8.9,30.0,21.7,96,1.2,11.5
Pune,18.5204,73.8567,2025-08-29 05:00:00,3.4,2.6,155.0,8.6,8.9,36.0,21.8,96,0.4,9.0
Pune,18.5204,73.8567,2025-08-29 06:00:00,2.8,2.4,184.0,8.4,8.3,36.0,22.0,96,0.5,10.5
Pune,18.5204,73.8567,2025-08-29 07:00:00,3.7,3.2,221.0,8.0,7.6,37.0,22.2,95,0.0,8.8
Pune,18.5204,73.8567,2025-08-29 08:00:00,4.5,3.5,240.0,7.6,7.0,39.0,23.1,89,0.0,11.1
Pune,18.5204,73.8567,2025-08-29 09:00:00,5.7,4.5,221.0,7.0,6.9,43.0,24.6,82,0.0,12.6
Pune,18.5204,73.8567,2025-08-29 10:00:00,6.4,4.8,184.0,6.4,7.0,49.0,25.8,78,0.1,11.4
Pune,18.5204,73.8567,2025-08-29 11:00:00,7.2,5.3,158.0,5.9,7.1,53.0,26.9,74,0.0,11.5
Pune,18.5204,73.8567,2025-08-29 12:00:00,8.0,5.6,155.0,5.5,6.9,56.0,25.8,73,0.4,14.3
Pune,18.5204,73.8567,2025-08-29 13:00:00,8.6,5.5,162.0,5.4,6.6,59.0,24.3,84,0.3,9.6
Pune,18.5204,73.8567,2025-08-29 14:00:00,9.3,6.6,176.0,6.1,6.6,59.0,26.2,79,0.2,12.0
Pune,18.5204,73.8567,2025-08-29 15:00:00,8.8,7.0,198.0,8.6,7.1,55.0,25.2,80,3.5,14.3
Pune,18.5204,73.8567,2025-08-29 16:00:00,9.4,7.9,227.0,12.0,7.9,49.0,24.3,85,0.1,13.0
Pune,18.5204,73.8567,2025-08-29 17:00:00,11.7,7.3,248.0,8.6,7.8,54.0,24.0,86,0.0,11.8
Pune,18.5204,73.8567,2025-08-29 18:00:00,9.8,7.4,257.0,10.7,8.4,48.0,23.2,94,0.7,10.9
Pune,18.5204,73.8567,2025-08-29 19:00:00,9.5,7.6,258.0,13.6,9.3,40.0,22.7,94,0.1,11.6
Pune,18.5204,73.8567,2025-08-29 20:00:00,8.8,7.2,256.0,15.5,9.8,34.0,22.3,94,0.0,11.7
Pune,18.5204,73.8567,2025-08-29 21:00:00,7.4,6.4,251.0,15.5,9.8,32.0,22.2,94,1.9,10.0
Pune,18.5204,73.8567,2025-08-29 22:00:00,5.1,4.8,242.0,14.4,9.5,33.0,22.2,95,0.1,7.8
Pune,18.5204,73.8567,2025-08-29 23:00:00,3.4,3.3,228.0,13.2,9.0,33.0,22.1,96,0.3,7.7
Pune,18.5204,73.8567,2025-08-30 00:00:00,3.0,2.9,205.0,12.1,8.3,33.0,22.1,96,0.1,7.7
Pune,18.5204,73.8567,2025-08-30 01:00:00,2.2,2.2,177.0,10.9,7.3,33.0,22.0,95,0.0,7.6
Pune,18.5204,73.8567,2025-08-30 02:00:00,2.1,2.0,156.0,9.8,6.6,33.0,21.8,96,0.0,8.0
Pune,18.5204,73.8567,2025-08-30 03:00:00,2.0,1.9,147.0,8.9,6.2,33.0,21.7,96,0.0,9.5
Pune,18.5204,73.8567,2025-08-30 04:00:00,2.3,2.2,145.0,8.2,5.9,33.0,21.7,96,0.0,9.4
Pune,18.5204,73.8567,2025-08-30 05:00:00,2.4,2.2,150.0,5.8,5.2,39.0,21.9,95,0.0,9.0
Pune,18.5204,73.8567,2025-08-30 06:00:00,3.2,2.8,166.0,6.0,5.3,39.0,22.2,96,0.0,8.5
Pune,18.5204,73.8567,2025-08-30 07:00:00,5.1,3.6,188.0,6.2,5.5,38.0,22.8,93,0.0,10.9
Pune,18.5204,73.8567,2025-08-30 08:00:00,7.3,4.6,200.0,5.9,5.5,41.0,23.8,87,0.0,13.5
Pune,18.5204,73.8567,2025-08-30 09:00:00,11.9,5.7,192.0,4.8,5.2,49.0,25.5,77,0.1,13.4
Pune,18.5204,73.8567,2025-08-30 10:00:00,16.2,7.1,175.0,3.3,4.8,60.0,26.2,74,0.3,13.9
Pune,18.5204,73.8567,2025-08-30 11:00:00,16.9,7.4,163.0,2.1,4.4,69.0,27.1,72,0.2,13.5
Pune,18.5204,73.8567,2025-08-30 12:00:00,15.0,6.9,162.0,1.6,4.1,73.0,27.5,71,0.0,13.6
Pune,18.5204,73.8567,2025-08-30 13:00:00,13.2,6.3,166.0,1.5,3.8,75.0,27.7,68,0.2,14.6
Pune,18.5204,73.8567,2025-08-30 14:00:00,12.5,5.9,171.0,1.8,3.7,74.0,26.7,75,3.1,16.4
Pune,18.5204,73.8567,2025-08-30 15:00:00,11.4,5.8,177.0,2.7,3.9,71.0,26.7,75,0.4,16.1
Pune,18.5204,73.8567,2025-08-30 16:00:00,10.1,5.9,184.0,4.0,4.2,65.0,26.5,74,0.0,15.4
Pune,18.5204,73.8567,2025-08-30 17:00:00,24.0,11.4,193.0,6.2,6.3,57.0,25.5,78,0.1,15.5
Pune,18.5204,73.8567,2025-08-30 18:00:00,21.1,10.7,206.0,8.0,6.9,52.0,24.1,85,0.0,12.8
Pune,18.5204,73.8567,2025-08-30 19:00:00,20.4,11.2,220.0,10.4,7.7,44.0,23.6,86,0.0,11.6
Pune,18.5204,73.8567,2025-08-30 20:00:00,18.2,10.4,229.0,12.1,8.2,39.0,23.1,89,0.0,10.2
Pune,18.5204,73.8567,2025-08-30 21:00:00,17.5,10.9,231.0,12.5,8.2,37.0,22.8,90,0.0,8.7
Pune,18.5204,73.8567,2025-08-30 22:00:00,15.8,10.4,228.0,12.1,7.9,37.0,22.5,91,0.0,9.3
Pune,18.5204,73.8567,2025-08-30 23:00:00,14.1,10.4,217.0,11.3,7.3,37.0,22.4,92,0.0,9.9
Pune,18.5204,73.8567,2025-08-31 00:00:00,12.1,9.5,193.0,9.9,6.1,38.0,22.5,93,0.0,9.8
Pune,18.5204,73.8567,2025-08-31 01:00:00,14.7,9.0,161.0,8.0,4.7,39.0,22.7,92,0.0,9.9
Pune,18.5204,73.8567,2025-08-31 02:00:00,16.5,9.0,138.0,6.5,3.6,40.0,22.7,92,0.0,10.1
Pune,18.5204,73.8567,2025-08-31 03:00:00,18.4,9.0,129.0,5.8,3.3,40.0,22.7,92,0.0,9.6
Pune,18.5204,73.8567,2025-08-31 04:00:00,18.4,8.5,129.0,5.5,3.3,40.0,22.8,91,0.0,10.2
Pune,18.5204,73.8567,2025-08-31 05:00:00,15.2,6.7,133.0,5.3,3.8,39.0,22.7,91,0.0,11.1
Pune,18.5204,73.8567,2025-08-31 06:00:00,16.9,7.0,143.0,5.7,4.1,38.0,22.5,90,0.0,11.7
Pune,18.5204,73.8567,2025-08-31 07:00:00,21.7,8.5,157.0,6.2,4.4,38.0,22.9,89,0.0,12.4
Pune,18.5204,73.8567,2025-08-31 08:00:00,27.1,10.4,165.0,6.2,4.6,39.0,24.2,82,0.0,17.3
Pune,18.5204,73.8567,2025-08-31 09:00:00,33.4,11.5,160.0,5.2,4.5,45.0,25.3,77,0.1,18.3
Pune,18.5204,73.8567,2025-08-31 10:00:00,52.7,16.5,150.0,3.6,4.3,53.0,26.1,74,0.0,17.1
Pune,18.5204,73.8567,2025-08-31 11:00:00,33.2,12.0,142.0,2.5,4.1,59.0,26.8,71,0.3,18.0
Pune,18.5204,73.8567,2025-08-31 12:00:00,28.8,10.9,140.0,2.2,3.9,62.0,26.9,73,0.4,16.4
Pune,18.5204,73.8567,2025-08-31 13:00:00,23.1,9.4,141.0,2.3,3.8,64.0,27.6,72,0.0,16.8
Pune,18.5204,73.8567,2025-08-31 14:00:00,18.6,8.5,145.0,2.7,3.7,63.0,26.2,77,0.9,19.6
Pune,18.5204,73.8567,2025-08-31 15:00:00,13.0,6.6,153.0,3.2,3.5,59.0,26.0,77,0.1,18.3
Pune,18.5204,73.8567,2025-08-31 16:00:00,10.9,5.7,165.0,3.9,3.4,53.0,25.2,81,2.3,18.4
Pune,18.5204,73.8567,2025-08-31 17:00:00,21.0,10.4,175.0,6.3,5.3,46.0,24.7,82,0.5,17.7
Pune,18.5204,73.8567,2025-08-31 18:00:00,17.8,9.8,185.0,7.5,5.8,43.0,23.8,86,0.0,14.6
Pune,18.5204,73.8567,2025-08-31 19:00:00,20.2,10.7,194.0,9.1,6.5,38.0,23.2,89,0.0,13.4
Pune,18.5204,73.8567,2025-08-31 20:00:00,21.2,11.2,197.0,10.1,7.0,35.0,23.0,90,0.0,13.0
Pune,18.5204,73.8567,2025-08-31 21:00:00,20.5,10.7,192.0,10.0,7.1,34.0,22.8,90,0.0,13.2
Pune,18.5204,73.8567,2025-08-31 22:00:00,18.2,9.8,181.0,9.2,6.9,35.0,22.7,90,0.0,14.2
Pune,18.5204,73.8567,2025-08-31 23:00:00,15.2,8.4,168.0,8.3,6.4,36.0,22.5,91,0.0,13.4
Pune,18.5204,73.8567,2025-09-01 00:00:00,13.5,8.1,153.0,7.4,5.4,36.0,22.5,90,0.0,13.8
Pune,18.5204,73.8567,2025-09-01 01:00:00,13.3,7.5,136.0,6.3,4.1,37.0,22.3,90,0.0,13.3
Pune,18.5204,73.8567,2025-09-01 02:00:00,10.7,6.1,123.0,5.5,3.1,37.0,22.0,91,0.0,13.3
Pune,18.5204,73.8567,2025-09-01 03:00:00,9.4,5.4,117.0,5.0,2.7,37.0,22.0,91,0.0,13.2
Pune,18.5204,73.8567,2025-09-01 04:00:00,9.0,5.6,115.0,4.6,2.6,38.0,21.9,92,0.0,14.0
Pune,18.5204,73.8567,2025-09-01 05:00:00,6.5,3.3,119.0,4.1,3.1,39.0,21.9,91,0.0,14.3
Pune,18.5204,73.8567,2025-09-01 06:00:00,7.8,4.1,135.0,4.4,3.2,39.0,22.4,92,0.0,15.1
Pune,18.5204,73.8567,2025-09-01 07:00:00,10.2,5.5,157.0,4.7,3.3,40.0,22.9,90,0.1,14.2
Pune,18.5204,73.8567,2025-09-01 08:00:00,13.2,6.3,170.0,4.8,3.4,41.0,23.5,87,0.1,18.7
Pune,18.5204,73.8567,2025-09-01 09:00:00,13.6,6.8,164.0,4.2,3.2,44.0,24.1,84,0.2,20.2
Pune,18.5204,73.8567,2025-09-01 10:00:00,13.5,6.6,150.0,3.3,3.0,47.0,25.4,78,0.1,21.5
Pune,18.5204,73.8567,2025-09-01 11:00:00,11.7,5.4,138.0,2.7,2.9,50.0,25.8,74,0.2,21.7
Pune,18.5204,73.8567,2025-09-01 12:00:00,9.7,4.9,133.0,2.5,3.1,52.0,26.4,72,0.2,22.1
Pune,18.5204,73.8567,2025-09-01 13:00:00,9.4,4.7,132.0,2.7,3.4,53.0,25.9,73,0.5,24.7
Pune,18.5204,73.8567,2025-09-01 14:00:00,9.3,4.7,134.0,3.1,3.6,53.0,25.4,76,0.3,25.2
Pune,18.5204,73.8567,2025-09-01 15:00:00,8.0,4.7,141.0,3.9,3.6,50.0,25.2,80,0.5,23.8
Pune,18.5204,73.8567,2025-09-01 16:00:00,6.5,4.4,150.0,5.0,3.6,46.0,24.6,81,0.3,24.5
Pune,18.5204,73.8567,2025-09-01 17:00:00,8.2,4.6,160.0,5.5,3.6,45.0,24.1,83,0.1,19.9
Pune,18.5204,73.8567,2025-09-01 18:00:00,8.6,5.2,170.0,6.7,4.1,43.0,23.4,87,0.0,17.4
Pune,18.5204,73.8567,2025-09-01 19:00:00,8.6,5.5,180.0,8.2,4.8,39.0,23.1,88,0.0,16.5
Pune,18.5204,73.8567,2025-09-01 20:00:00,8.3,5.7,184.0,9.1,5.1,37.0,22.9,89,0.1,14.8
Pune,18.5204,73.8567,2025-09-01 21:00:00,7.3,5.5,180.0,8.7,4.6,37.0,22.7,90,0.0,16.2
Pune,18.5204,73.8567,2025-09-01 22:00:00,7.9,6.0,172.0,7.7,3.8,39.0,22.6,91,0.0,14.9
Pune,18.5204,73.8567,2025-09-01 23:00:00,8.1,5.3,161.0,6.8,3.2,40.0,22.7,90,0.0,14.0
Pune,18.5204,73.8567,2025-09-02 00:00:00,8.6,5.3,148.0,6.3,3.0,40.0,22.4,91,0.0,15.3
Pune,18.5204,73.8567,2025-09-02 01:00:00,7.3,4.7,134.0,6.0,3.1,39.0,22.3,92,0.0,15.0
Pune,18.5204,73.8567,2025-09-02 02:00:00,5.3,3.7,123.0,5.7,3.2,39.0,22.3,92,0.0,12.6
Pune,18.5204,73.8567,2025-09-02 03:00:00,3.9,3.0,116.0,5.3,3.3,39.0,22.3,91,0.0,13.8
Pune,18.5204,73.8567,2025-09-02 04:00:00,3.2,2.5,111.0,4.9,3.4,40.0,22.3,91,0.0,14.3
Pune,18.5204,73.8567,2025-09-02 05:00:00,4.7,3.2,115.0,5.3,3.8,38.0,22.3,90,0.0,14.6
Pune,18.5204,73.8567,2025-09-02 06:00:00,5.0,3.5,134.0,6.4,4.3,36.0,22.4,93,0.0,13.9
Pune,18.5204,73.8567,2025-09-02 07:00:00,4.8,3.9,160.0,7.9,5.0,34.0,22.9,92,0.2,12.3
Pune,18.5204,73.8567,2025-09-02 08:00:00,5.7,5.0,176.0,8.4,5.4,35.0,23.9,87,0.1,18.9
Pune,18.5204,73.8567,2025-09-02 09:00:00,5.6,3.9,171.0,6.9,5.2,42.0,25.0,81,0.2,19.5
Pune,18.5204,73.8567,2025-09-02 10:00:00,6.2,4.1,156.0,4.5,4.8,53.0,25.2,81,0.6,21.4
Pune,18.5204,73.8567,2025-09-02 11:00:00,7.2,4.8,144.0,2.7,4.3,61.0,25.9,77,0.4,20.9
Pune,18.5204,73.8567,2025-09-02 12:00:00,7.7,4.6,141.0,2.2,3.9,65.0,26.1,76,0.4,21.7
Pune,18.5204,73.8567,2025-09-02 13:00:00,11.5,6.1,141.0,2.3,3.6,66.0,26.4,74,0.3,20.4
Pune,18.5204,73.8567,2025-09-02 14:00:00,10.7,6.3,144.0,2.8,3.4,65.0,26.2,75,0.2,21.6
Pune,18.5204,73.8567,2025-09-02 15:00:00,9.5,6.1,149.0,3.5,3.4,62.0,26.1,75,0.1,20.6
Pune,18.5204,73.8567,2025-09-02 16:00:00,9.1,5.8,157.0,4.5,3.6,58.0,25.2,79,0.1,21.3
Pune,18.5204,73.8567,2025-09-02 17:00:00,24.7,13.0,165.0,5.4,5.0,60.0,24.4,84,0.1,16.8
Pune,18.5204,73.8567,2025-09-02 18:00:00,23.5,13.2,176.0,7.6,6.4,54.0,23.6,86,0.0,11.3
Pune,18.5204,73.8567,2025-09-02 19:00:00,22.4,13.0,187.0,10.7,8.3,45.0,23.0,88,0.0,12.0
Pune,18.5204,73.8567,2025-09-02 20:00:00,20.7,12.7,193.0,12.6,9.3,38.0,22.4,91,0.0,10.1
Pune,18.5204,73.8567,2025-09-02 21:00:00,22.9,13.4,189.0,12.3,8.7,36.0,22.5,91,0.0,10.1
Pune,18.5204,73.8567,2025-09-02 22:00:00,18.9,12.4,180.0,10.9,7.1,36.0,22.6,91,0.0,10.8
Pune,18.5204,73.8567,2025-09-02 23:00:00,15.8,10.6,169.0,9.5,5.8,37.0,22.5,91,0.0,11.8
Pune,18.5204,73.8567,2025-09-03 00:00:00,13.9,8.9,156.0,8.3,4.9,38.0,22.2,92,0.0,11.2
Pune,18.5204,73.8567,2025-09-03 01:00:00,11.2,7.3,143.0,7.0,4.3,39.0,22.3,92,0.0,11.4
Pune,18.5204,73.8567,2025-09-03 02:00:00,9.2,6.1,132.0,6.1,3.8,39.0,22.2,91,0.0,13.1
Pune,18.5204,73.8567,2025-09-03 03:00:00,9.3,6.0,125.0,5.8,3.6,39.0,22.0,91,0.0,13.7
Pune,18.5204,73.8567,2025-09-03 04:00:00,10.0,6.5,122.0,5.8,3.7,38.0,22.0,91,0.0,13.7
Pune,18.5204,73.8567,2025-09-03 05:00:00,8.5,5.4,126.0,5.1,3.6,40.0,22.1,91,0.0,12.1
Pune,18.5204,73.8567,2025-09-03 06:00:00,9.1,5.7,143.0,5.4,3.7,40.0,22.0,93,0.0,11.6
Pune,18.5204,73.8567,2025-09-03 07:00:00,10.0,6.2,166.0,5.7,4.0,40.0,22.5,91,0.1,12.4
Pune,18.5204,73.8567,2025-09-03 08:00:00,13.1,7.2,181.0,5.7,4.2,42.0,23.0,89,0.1,15.1
Pune,18.5204,73.8567,2025-09-03 09:00:00,16.4,8.5,178.0,4.9,4.6,49.0,24.5,81,0.2,18.6
Pune,18.5204,73.8567,2025-09-03 10:00:00,21.3,10.3,166.0,3.7,5.0,60.0,25.7,75,0.1,15.9
Pune,18.5204,73.8567,2025-09-03 11:00:00,23.1,11.4,156.0,2.8,5.1,67.0,26.1,74,0.1,15.5
Pune,18.5204,73.8567,2025-09-03 12:00:00,23.1,11.7,152.0,2.5,4.6,70.0,25.7,76,0.6,15.9
Pune,18.5204,73.8567,2025-09-03 13:00:00,21.1,11.0,151.0,2.5,3.9,71.0,26.6,73,0.1,15.8
Pune,18.5204,73.8567,2025-09-03 14:00:00,19.7,11.2,154.0,3.2,3.6,69.0,26.3,72,0.1,19.0
Pune,18.5204,73.8567,2025-09-03 15:00:00,17.2,10.8,162.0,4.7,4.1,64.0,25.0,79,0.5,17.6
Pune,18.5204,73.8567,2025-09-03 16:00:00,16.6,10.9,173.0,6.9,5.1,57.0,24.7,81,0.1,18.2
Pune,18.5204,73.8567,2025-09-03 17:00:00,24.4,13.6,184.0,6.6,5.8,61.0,24.1,82,0.1,16.5
Pune,18.5204,73.8567,2025-09-03 18:00:00,23.3,13.7,197.0,8.5,7.0,56.0,23.6,81,0.0,14.4
Pune,18.5204,73.8567,2025-09-03 19:00:00,23.8,14.3,210.0,11.0,8.8,49.0,22.9,85,0.0,12.4
Pune,18.5204,73.8567,2025-09-03 20:00:00,24.1,14.8,216.0,12.6,9.9,44.0,22.5,88,0.0,10.4
Pune,18.5204,73.8567,2025-09-03 21:00:00,22.5,14.4,212.0,12.6,10.1,42.0,22.1,90,0.0,10.8
Pune,18.5204,73.8567,2025-09-03 22:00:00,21.0,14.3,201.0,11.7,9.7,41.0,21.9,91,0.0,11.0
Pune,18.5204,73.8567,2025-09-03 23:00:00,22.5,14.7,188.0,10.6,9.0,40.0,21.5,93,0.0,10.3
Pune,18.5204,73.8567,2025-09-04 00:00:00,23.3,14.8,170.0,9.4,8.0,39.0,21.7,93,0.0,11.4
Pune,18.5204,73.8567,2025-09-04 01:00:00,22.2,14.2,149.0,8.1,6.7,39.0,21.7,94,0.0,11.0
Pune,18.5204,73.8567,2025-09-04 02:00:00,20.7,13.6,134.0,7.1,5.7,38.0,21.8,92,0.0,10.9
Pune,18.5204,73.8567,2025-09-04 03:00:00,18.6,12.2,126.0,6.7,5.2,37.0,22.0,90,0.0,10.8
Pune,18.5204,73.8567,2025-09-04 04:00:00,14.6,9.9,123.0,6.5,5.0,36.0,22.1,91,0.0,9.6
Pune,18.5204,73.8567,2025-09-04 05:00:00,11.5,8.2,127.0,7.0,5.5,35.0,22.0,91,0.0,11.4
Pune,18.5204,73.8567,2025-09-04 06:00:00,11.6,7.8,143.0,7.0,5.7,36.0,21.8,93,0.0,12.5
Pune,18.5204,73.8567,2025-09-04 07:00:00,12.2,7.8,165.0,6.9,5.9,38.0,22.3,91,0.0,13.4
Pune,18.5204,73.8567,2025-09-04 08:00:00,13.5,7.8,177.0,6.4,5.9,42.0,23.4,84,0.0,16.6
Pune,18.5204,73.8567,2025-09-04 09:00:00,16.8,8.4,170.0,5.1,5.6,49.0,24.5,79,0.2,17.5
Pune,18.5204,73.8567,2025-09-04 10:00:00,24.0,10.6,152.0,3.4,5.1,58.0,25.5,76,0.2,16.8
Pune,18.5204,73.8567,2025-09-04 11:00:00,23.1,10.2,139.0,2.1,4.5,65.0,26.3,72,0.0,17.7
Pune,18.5204,73.8567,2025-09-04 12:00:00,27.2,11.4,134.0,1.6,3.8,68.0,26.5,71,0.0,19.8
Pune,18.5204,73.8567,2025-09-04 13:00:00,28.3,11.6,132.0,1.6,3.1,69.0,25.7,71,0.1,19.6
Pune,18.5204,73.8567,2025-09-04 14:00:00,24.7,10.8,136.0,1.9,2.8,68.0,24.7,75,0.2,20.1
Pune,18.5204,73.8567,2025-09-04 15:00:00,21.6,10.1,147.0,2.5,3.2,66.0,25.0,75,0.2,20.9
Pune,18.5204,73.8567,2025-09-04 16:00:00,18.1,9.1,163.0,3.5,4.1,63.0,24.1,82,0.2,20.4
Pune,18.5204,73.8567,2025-09-04 17:00:00,6.0,4.4,177.0,7.3,4.6,45.0,23.3,86,0.1,17.7
Pune,18.5204,73.8567,2025-09-04 18:00:00,7.7,5.4,187.0,8.9,5.7,42.0,22.9,88,0.0,14.0
Pune,18.5204,73.8567,2025-09-04 19:00:00,9.2,6.4,194.0,11.0,7.1,38.0,22.6,89,0.0,14.1
Pune,18.5204,73.8567,2025-09-04 20:00:00,10.7,7.7,196.0,12.4,8.1,35.0,22.3,91,0.0,14.1
Pune,18.5204,73.8567,2025-09-04 21:00:00,12.8,8.5,188.0,12.4,8.3,34.0,22.1,92,0.0,14.0
Pune,18.5204,73.8567,2025-09-04 22:00:00,14.7,9.9,175.0,11.7,8.0,33.0,22.1,92,0.0,12.9
Pune,18.5204,73.8567,2025-09-04 23:00:00,14.7,10.1,161.0,10.6,7.4,34.0,22.1,90,0.0,13.0
Pune,18.5204,73.8567,2025-09-05 00:00:00,13.2,8.6,147.0,9.1,6.2,36.0,21.9,92,0.0,13.1
Pune,18.5204,73.8567,2025-09-05 01:00:00,13.5,7.9,133.0,7.2,4.8,38.0,22.0,92,0.0,12.8
Pune,18.5204,73.8567,2025-09-05 02:00:00,11.7,7.4,122.0,5.8,3.6,40.0,22.0,92,0.0,12.1
Pune,18.5204,73.8567,2025-09-05 03:00:00,11.5,7.3,116.0,5.1,3.1,41.0,22.2,91,0.0,12.6
Pune,18.5204,73.8567,2025-09-05 04:00:00,11.3,7.3,114.0,4.9,2.9,41.0,22.0,91,0.0,12.7
Pune,18.5204,73.8567,2025-09-05 05:00:00,4.9,3.2,117.0,4.3,3.2,44.0,22.2,91,0.0,13.1
Pune,18.5204,73.8567,2025-09-05 06:00:00,4.4,3.0,130.0,4.7,3.6,44.0,22.5,89,0.0,13.9
Pune,18.5204,73.8567,2025-09-05 07:00:00,7.4,4.3,149.0,5.3,4.1,44.0,22.8,88,0.0,13.3
Pune,18.5204,73.8567,2025-09-05 08:00:00,19.6,8.6,159.0,5.4,4.4,46.0,23.7,83,0.0,15.4
Pune,18.5204,73.8567,2025-09-05 09:00:00,17.8,8.7,152.0,4.7,4.2,51.0,24.8,78,0.0,19.2
Pune,18.5204,73.8567,2025-09-05 10:00:00,18.3,8.9,136.0,3.5,3.9,57.0,25.8,72,0.0,20.3
Pune,18.5204,73.8567,2025-09-05 11:00:00,22.4,10.6,125.0,2.7,3.5,61.0,26.4,70,0.0,20.5
Pune,18.5204,73.8567,2025-09-05 12:00:00,21.8,10.5,124.0,2.5,3.2,62.0,26.8,68,0.1,20.1
Pune,18.5204,73.8567,2025-09-05 13:00:00,18.7,8.9,129.0,2.7,2.9,62.0,25.8,74,0.0,20.8
Pune,18.5204,73.8567,2025-09-05 14:00:00,15.4,8.1,134.0,3.1,2.9,61.0,25.8,75,0.0,19.1
Pune,18.5204,73.8567,2025-09-05 15:00:00,14.1,7.8,139.0,3.8,3.4,59.0,26.0,72,0.0,20.9
Pune,18.5204,73.8567,2025-09-05 16:00:00,15.0,8.1,146.0,4.8,4.2,56.0,25.1,76,0.0,19.4
Pune,18.5204,73.8567,2025-09-05 17:00:00,10.9,7.0,154.0,9.7,5.3,43.0,24.2,80,0.0,19.1
Pune,18.5204,73.8567,2025-09-05 18:00:00,8.8,6.5,165.0,10.6,5.9,41.0,22.6,92,0.2,13.5
Pune,18.5204,73.8567,2025-09-05 19:00:00,8.8,6.6,178.0,11.8,6.6,39.0,22.1,93,0.1,12.4
Pune,18.5204,73.8567,2025-09-05 20:00:00,9.1,7.0,186.0,12.6,7.1,37.0,22.1,93,0.0,11.6
Pune,18.5204,73.8567,2025-09-05 21:00:00,9.4,7.4,186.0,12.9,7.2,35.0,22.0,93,0.0,11.8
Pune,18.5204,73.8567,2025-09-05 22:00:00,11.1,8.6,181.0,12.8,7.0,34.0,22.1,92,0.0,11.5
Pune,18.5204,73.8567,2025-09-05 23:00:00,12.6,9.8,173.0,12.2,6.6,33.0,22.1,92,0.0,12.1
Pune,18.5204,73.8567,2025-09-06 00:00:00,12.2,9.3,160.0,10.7,5.8,34.0,22.2,93,0.0,12.5
Pune,18.5204,73.8567,2025-09-06 01:00:00,9.4,6.4,144.0,8.7,4.7,37.0,22.1,93,0.0,11.4
Pune,18.5204,73.8567,2025-09-06 02:00:00,7.2,5.2,133.0,7.0,3.9,39.0,21.9,93,0.0,10.8
Pune,18.5204,73.8567,2025-09-06 03:00:00,4.8,3.6,130.0,6.1,3.6,40.0,21.9,92,0.0,11.9
Pune,18.5204,73.8567,2025-09-06 04:00:00,3.5,2.7,132.0,5.5,3.5,41.0,22.0,92,0.0,12.6
Pune,18.5204,73.8567,2025-09-06 05:00:00,3.4,2.5,139.0,6.4,4.4,37.0,22.1,92,0.0,13.3
Pune,18.5204,73.8567,2025-09-06 06:00:00,3.9,2.7,154.0,6.5,4.6,38.0,22.3,92,0.0,11.1
Pune,18.5204,73.8567,2025-09-06 07:00:00,6.0,4.0,173.0,6.6,4.8,39.0,22.8,90,0.0,12.2
Pune,18.5204,73.8567,2025-09-06 08:00:00,9.2,5.5,183.0,6.3,4.9,42.0,23.5,86,0.1,15.2
Pune,18.5204,73.8567,2025-09-06 09:00:00,16.7,8.1,173.0,5.2,4.7,48.0,24.5,81,0.0,16.1
Pune,18.5204,73.8567,2025-09-06 10:00:00,22.3,10.5,154.0,3.6,4.3,55.0,24.7,78,0.0,16.6
Pune,18.5204,73.8567,2025-09-06 11:00:00,22.0,10.6,140.0,2.5,3.9,61.0,25.5,74,0.0,18.0
Pune,18.5204,73.8567,2025-09-06 12:00:00,19.8,10.0,136.0,2.1,3.6,63.0,26.0,71,0.0,17.8
Pune,18.5204,73.8567,2025-09-06 13:00:00,17.0,8.9,137.0,2.2,3.4,63.0,26.2,69,0.0,19.8
Pune,18.5204,73.8567,2025-09-06 14:00:00,14.7,8.1,141.0,2.6,3.3,62.0,24.4,81,0.2,17.5
Pune,18.5204,73.8567,2025-09-06 15:00:00,15.7,8.8,148.0,3.4,3.5,59.0,25.3,75,0.0,18.7
Pune,18.5204,73.8567,2025-09-06 16:00:00,15.8,9.1,157.0,4.6,3.8,55.0,24.7,78,0.0,16.7
Pune,18.5204,73.8567,2025-09-06 17:00:00,25.4,12.7,168.0,5.2,4.6,53.0,24.1,80,0.0,14.4
Pune,18.5204,73.8567,2025-09-06 18:00:00,23.9,12.3,182.0,6.8,5.3,49.0,23.2,82,0.0,13.8
Pune,18.5204,73.8567,2025-09-06 19:00:00,23.2,12.7,198.0,9.1,6.3,43.0,22.5,85,0.0,11.6
Pune,18.5204,73.8567,2025-09-06 20:00:00,23.6,13.0,205.0,10.8,7.1,38.0,22.0,88,0.0,12.2
Pune,18.5204,73.8567,2025-09-06 21:00:00,23.9,13.4,198.0,11.6,7.6,35.0,21.9,90,0.0,12.1
Pune,18.5204,73.8567,2025-09-06 22:00:00,24.3,13.9,183.0,11.9,7.8,33.0,21.8,91,0.0,12.1
Pune,18.5204,73.8567,2025-09-06 23:00:00,25.0,13.6,168.0,11.4,7.6,33.0,21.7,91,0.0,12.6
Pune,18.5204,73.8567,2025-09-07 00:00:00,23.3,12.4,153.0,9.8,6.6,35.0,21.6,91,0.0,12.7
Pune,18.5204,73.8567,2025-09-07 01:00:00,21.2,10.9,138.0,7.4,5.1,38.0,21.2,92,0.0,12.7
Pune,18.5204,73.8567,2025-09-07 02:00:00,19.6,10.0,127.0,5.7,3.9,40.0,21.1,93,0.0,11.5
Pune,18.5204,73.8567,2025-09-07 03:00:00,18.9,9.6,122.0,5.3,3.3,40.0,21.4,92,0.0,11.5
Pune,18.5204,73.8567,2025-09-07 04:00:00,18.6,9.8,122.0,5.5,3.0,38.0,21.5,91,0.0,11.9
Pune,18.5204,73.8567,2025-09-07 05:00:00,16.1,9.2,126.0,4.5,1.9,41.0,21.6,91,0.0,11.9
Pune,18.5204,73.8567,2025-09-07 06:00:00,14.9,8.5,140.0,5.3,2.6,40.0,22.0,90,0.0,14.0
Pune,18.5204,73.8567,2025-09-07 07:00:00,14.7,8.5,158.0,6.3,3.6,38.0,22.3,90,0.0,13.8
Pune,18.5204,73.8567,2025-09-07 08:00:00,13.9,8.6,169.0,6.6,4.3,39.0,23.2,85,0.1,18.3
Pune,18.5204,73.8567,2025-09-07 09:00:00,16.1,8.4,164.0,5.5,4.3,45.0,24.6,78,0.1,19.1
Pune,18.5204,73.8567,2025-09-07 10:00:00,15.2,8.4,151.0,3.6,4.0,54.0,25.3,75,0.1,18.9
Pune,18.5204,73.8567,2025-09-07 11:00:00,14.0,7.9,141.0,2.2,3.6,61.0,25.6,74,0.2,20.6
Pune,18.5204,73.8567,2025-09-07 12:00:00,11.6,6.5,138.0,1.6,2.9,63.0,25.8,73,0.1,20.2
Pune,18.5204,73.8567,2025-09-07 13:00:00,10.9,6.1,139.0,1.3,2.2,63.0,26.4,71,0.0,18.0
Pune,18.5204,73.8567,2025-09-07 14:00:00,10.8,6.1,145.0,1.6,1.9,62.0,27.1,68,0.0,17.4
Pune,18.5204,73.8567,2025-09-07 15:00:00,11.4,6.6,161.0,2.4,2.5,60.0,24.9,77,0.3,18.2
Pune,18.5204,73.8567,2025-09-07 16:00:00,13.4,7.8,182.0,3.7,3.7,56.0,24.4,78,0.1,17.9
Pune,18.5204,73.8567,2025-09-07 17:00:00,11.8,7.0,200.0,4.8,3.6,51.0,23.9,81,0.0,15.9
Pune,18.5204,73.8567,2025-09-07 18:00:00,13.1,8.1,211.0,7.1,4.7,46.0,23.4,84,0.1,10.8
Pune,18.5204,73.8567,2025-09-07 19:00:00,14.1,9.1,219.0,10.3,6.1,40.0,22.6,89,0.0,10.4
Pune,18.5204,73.8567,2025-09-07 20:00:00,15.4,10.0,221.0,13.0,7.3,34.0,22.3,90,0.0,10.0
Pune,18.5204,73.8567,2025-09-07 21:00:00,16.1,10.7,216.0,14.7,8.1,30.0,22.4,91,0.0,8.4
Pune,18.5204,73.8567,2025-09-07 22:00:00,16.7,11.9,205.0,15.9,8.5,27.0,22.1,91,0.0,8.9
Pune,18.5204,73.8567,2025-09-07 23:00:00,16.7,12.1,193.0,16.0,8.5,26.0,21.7,93,0.0,8.6
Pune,18.5204,73.8567,2025-09-08 00:00:00,15.3,11.4,178.0,14.3,7.6,27.0,21.5,93,0.0,8.3
Pune,18.5204,73.8567,2025-09-08 01:00:00,12.5,9.6,161.0,11.4,6.2,30.0,21.3,94,0.0,8.9
Pune,18.5204,73.8567,2025-09-08 02:00:00,10.3,8.2,150.0,9.2,5.1,32.0,21.3,94,0.0,8.4
Pune,18.5204,73.8567,2025-09-08 03:00:00,8.8,7.3,147.0,8.4,4.7,32.0,21.4,94,0.0,6.1
Pune,18.5204,73.8567,2025-09-08 04:00:00,7.7,6.6,149.0,8.3,4.6,31.0,21.7,93,0.0,5.6
Pune,18.5204,73.8567,2025-09-08 05:00:00,2.9,2.8,154.0,5.6,3.5,39.0,21.7,93,0.0,4.6
Pune,18.5204,73.8567,2025-09-08 06:00:00,3.3,3.2,166.0,5.8,3.8,40.0,22.1,94,0.0,5.8
Pune,18.5204,73.8567,2025-09-08 07:00:00,4.1,4.1,181.0,6.1,4.2,41.0,22.6,90,0.1,8.4
Pune,18.5204,73.8567,2025-09-08 08:00:00,3.8,3.8,188.0,5.9,4.4,44.0,23.3,87,0.0,11.1
Pune,18.5204,73.8567,2025-09-08 09:00:00,4.5,3.9,179.0,4.9,4.4,52.0,24.7,79,0.1,11.1
Pune,18.5204,73.8567,2025-09-08 10:00:00,5.9,4.4,163.0,3.4,4.2,63.0,25.6,74,0.2,11.8
Pune,18.5204,73.8567,2025-09-08 11:00:00,7.6,5.1,151.0,2.3,3.9,70.0,26.6,70,0.2,14.0
Pune,18.5204,73.8567,2025-09-08 12:00:00,8.8,5.6,148.0,1.9,3.2,72.0,26.8,70,0.1,14.1
Pune,18.5204,73.8567,2025-09-08 13:00:00,9.0,5.6,149.0,1.8,2.4,71.0,27.3,71,0.1,12.2
Pune,18.5204,73.8567,2025-09-08 14:00:00,10.2,6.5,154.0,2.2,2.0,69.0,27.6,70,0.0,12.0
Pune,18.5204,73.8567,2025-09-08 15:00:00,10.5,7.3,163.0,3.0,2.5,68.0,26.5,71,0.2,13.9
Pune,18.5204,73.8567,2025-09-08 16:00:00,11.2,7.3,177.0,4.1,3.5,65.0,25.5,77,0.4,14.5
Pune,18.5204,73.8567,2025-09-08 17:00:00,15.9,9.8,195.0,4.3,3.8,64.0,24.7,79,0.8,14.9
Pune,18.5204,73.8567,2025-09-08 18:00:00,15.3,10.2,222.0,7.8,5.5,56.0,23.8,83,0.1,10.3
Pune,18.5204,73.8567,2025-09-08 19:00:00,16.6,11.6,254.0,12.8,7.7,44.0,23.1,86,0.0,8.1
Pune,18.5204,73.8567,2025-09-08 20:00:00,18.6,13.2,274.0,16.8,9.5,34.0,22.5,89,0.0,8.3
Pune,18.5204,73.8567,2025-09-08 21:00:00,20.5,15.4,275.0,19.3,10.2,27.0,22.0,91,0.0,7.2
Pune,18.5204,73.8567,2025-09-08 22:00:00,24.0,18.5,264.0,20.9,10.4,23.0,21.6,92,0.0,6.8
Pune,18.5204,73.8567,2025-09-08 23:00:00,27.2,21.5,253.0,21.2,10.4,20.0,21.2,94,0.0,5.9
Pune,18.5204,73.8567,2025-09-09 00:00:00,28.2,22.1,242.0,19.4,10.2,21.0,20.9,95,0.0,5.6
Pune,18.5204,73.8567,2025-09-09 01:00:00,29.5,23.2,230.0,16.4,9.8,23.0,20.7,95,0.0,5.5
Pune,18.5204,73.8567,2025-09-09 02:00:00,30.7,24.0,226.0,14.1,9.4,25.0,20.3,96,0.0,4.1
Pune,18.5204,73.8567,2025-09-09 03:00:00,30.5,23.5,237.0,13.8,9.2,24.0,20.0,97,0.0,3.9
Pune,18.5204,73.8567,2025-09-09 04:00:00,30.7,23.2,256.0,14.2,9.0,21.0,19.7,98,0.0,4.2
Pune,18.5204,73.8567,2025-09-09 05:00:00,30.4,21.4,269.0,9.5,7.1,33.0,19.5,99,0.0,5.6
Pune,18.5204,73.8567,2025-09-09 06:00:00,30.5,21.6,272.0,9.0,6.8,35.0,20.3,99,0.0,7.0
Pune,18.5204,73.8567,2025-09-09 07:00:00,30.4,19.7,270.0,8.2,6.4,39.0,21.0,94,0.0,5.1
Pune,18.5204,73.8567,2025-09-09 08:00:00,30.3,16.4,263.0,7.2,6.0,45.0,22.7,84,0.0,4.1
Pune,18.5204,73.8567,2025-09-09 09:00:00,34.6,16.5,248.0,5.9,5.7,56.0,24.4,75,0.0,4.0
Pune,18.5204,73.8567,2025-09-09 10:00:00,36.9,16.9,229.0,4.5,5.4,69.0,25.8,71,0.0,3.0
Pune,18.5204,73.8567,2025-09-09 11:00:00,40.5,18.2,211.0,3.4,5.1,80.0,27.2,66,0.0,4.0
Pune,18.5204,73.8567,2025-09-09 12:00:00,43.3,19.1,197.0,2.6,4.8,88.0,28.1,60,0.0,4.7
Pune,18.5204,73.8567,2025-09-09 13:00:00,44.4,19.3,185.0,2.2,4.4,94.0,28.6,58,0.0,6.6
Pune,18.5204,73.8567,2025-09-09 14:00:00,41.6,18.3,179.0,2.2,4.4,97.0,29.0,56,0.1,7.5
Pune,18.5204,73.8567,2025-09-09 15:00:00,39.1,17.5,177.0,2.7,4.7,96.0,28.5,57,0.1,10.2
Pune,18.5204,73.8567,2025-09-09 16:00:00,36.3,16.9,180.0,3.6,5.4,93.0,27.2,63,0.1,12.8
Pune,18.5204,73.8567,2025-09-09 17:00:00,34.7,17.3,195.0,5.4,6.1,91.0,26.4,67,0.1,11.6
Pune,18.5204,73.8567,2025-09-09 18:00:00,35.3,20.1,235.0,9.3,7.6,77.0,24.7,78,0.0,9.7
Pune,18.5204,73.8567,2025-09-09 19:00:00,29.3,19.0,287.0,14.7,9.6,59.0,23.8,83,0.0,8.8
Pune,18.5204,73.8567,2025-09-09 20:00:00,27.6,18.9,323.0,19.0,11.4,43.0,23.1,87,0.0,7.6
Pune,18.5204,73.8567,2025-09-09 21:00:00,26.7,18.8,329.0,21.5,12.6,34.0,22.5,90,0.0,6.2
Pune,18.5204,73.8567,2025-09-09 22:00:00,27.8,19.6,317.0,23.1,13.6,28.0,22.1,92,0.0,5.8
Pune,18.5204,73.8567,2025-09-09 23:00:00,30.5,22.1,299.0,23.3,14.1,24.0,21.7,94,0.0,5.5
Pune,18.5204,73.8567,2025-09-10 00:00:00,34.5,26.4,270.0,21.4,13.8,23.0,21.3,95,0.0,5.9
Pune,18.5204,73.8567,2025-09-10 01:00:00,38.0,29.3,235.0,18.3,13.1,25.0,20.9,97,0.0,6.3
Pune,18.5204,73.8567,2025-09-10 02:00:00,41.7,30.5,211.0,16.1,12.6,26.0,20.5,97,0.0,5.9
Pune,18.5204,73.8567,2025-09-10 03:00:00,41.4,31.2,206.0,16.1,12.6,23.0,20.1,98,0.0,6.4
Pune,18.5204,73.8567,2025-09-10 04:00:00,41.8,31.9,213.0,17.1,12.8,19.0,19.8,98,0.0,5.7
Pune,18.5204,73.8567,2025-09-10 05:00:00,45.2,34.8,230.0,16.8,13.7,20.0,19.7,97,0.0,3.2
Pune,18.5204,73.8567,2025-09-10 06:00:00,47.3,35.4,268.0,15.6,14.7,22.0,21.0,94,0.0,2.0
Pune,18.5204,73.8567,2025-09-10 07:00:00,49.0,35.4,316.0,13.8,15.9,26.0,21.8,91,0.0,2.1
Pune,18.5204,73.8567,2025-09-10 08:00:00,45.9,27.1,340.0,11.6,15.9,35.0,23.4,85,0.0,2.3
Pune,18.5204,73.8567,2025-09-10 09:00:00,45.2,24.4,318.0,8.7,13.6,53.0,25.2,71,0.0,3.6
Pune,18.5204,73.8567,2025-09-10 10:00:00,45.6,23.3,271.0,5.3,10.2,75.0,26.6,64,0.0,3.6
Pune,18.5204,73.8567,2025-09-10 11:00:00,43.5,21.5,230.0,2.9,7.4,93.0,27.9,59,0.0,3.6
Pune,18.5204,73.8567,2025-09-10 12:00:00,38.3,19.4,204.0,1.8,6.0,102.0,28.4,58,0.1,4.4
Pune,18.5204,73.8567,2025-09-10 13:00:00,34.6,18.5,184.0,1.7,5.3,106.0,28.7,59,0.2,6.4
Pune,18.5204,73.8567,2025-09-10 14:00:00,34.7,19.5,175.0,2.2,5.1,107.0,29.1,60,0.0,7.9
Pune,18.5204,73.8567,2025-09-10 15:00:00,35.6,21.6,178.0,3.3,5.2,103.0,27.6,63,0.3,10.5
Pune,18.5204,73.8567,2025-09-10 16:00:00,32.1,20.6,192.0,5.2,5.8,95.0,26.5,68,0.3,10.8
Pune,18.5204,73.8567,2025-09-10 17:00:00,35.0,21.9,216.0,5.5,7.6,107.0,26.3,70,0.0,10.6
Pune,18.5204,73.8567,2025-09-10 18:00:00,33.4,24.0,256.0,9.6,10.0,100.0,25.2,76,0.0,10.6
Pune,18.5204,73.8567,2025-09-10 19:00:00,36.2,27.6,306.0,15.3,13.3,91.0,23.9,84,0.0,10.2
Pune,18.5204,73.8567,2025-09-10 20:00:00,40.6,32.1,342.0,19.5,16.5,83.0,23.1,88,0.0,9.6
Pune,18.5204,73.8567,2025-09-10 21:00:00,44.6,35.9,356.0,20.9,19.3,79.0,22.6,90,0.0,6.8
Pune,18.5204,73.8567,2025-09-10 22:00:00,47.5,38.4,355.0,20.8,21.9,77.0,22.2,92,0.0,5.2
Pune,18.5204,73.8567,2025-09-10 23:00:00,52.6,42.6,340.0,19.7,23.8,75.0,22.0,93,0.0,5.8
Pune,18.5204,73.8567,2025-09-11 00:00:00,57.9,47.5,301.0,17.3,24.5,74.0,21.8,93,0.0,7.3
Pune,18.5204,73.8567,2025-09-11 01:00:00,61.9,51.3,248.0,14.0,24.5,75.0,21.4,95,0.0,6.7
Pune,18.5204,73.8567,2025-09-11 02:00:00,62.2,49.1,210.0,11.3,24.6,74.0,21.0,96,0.0,5.9
Pune,18.5204,73.8567,2025-09-11 03:00:00,59.6,46.9,200.0,10.0,25.3,71.0,20.6,97,0.0,6.1
Pune,18.5204,73.8567,2025-09-11 04:00:00,61.0,49.0,205.0,9.5,26.1,68.0,20.4,98,0.0,6.6
Pune,18.5204,73.8567,2025-09-11 05:00:00,51.0,40.0,215.0,9.4,20.1,61.0,20.1,98,0.0,7.1
Pune,18.5204,73.8567,2025-09-11 06:00:00,49.8,38.8,231.0,9.4,19.3,61.0,21.1,98,0.0,8.3
Pune,18.5204,73.8567,2025-09-11 07:00:00,48.5,35.7,252.0,9.3,18.0,61.0,21.7,93,0.0,8.0
Pune,18.5204,73.8567,2025-09-11 08:00:00,44.9,29.4,259.0,8.6,16.4,64.0,23.0,86,0.0,6.1
Pune,18.5204,73.8567,2025-09-11 09:00:00,40.9,25.0,240.0,6.9,14.1,74.0,24.5,77,0.0,6.0
Pune,18.5204,73.8567,2025-09-11 10:00:00,39.6,23.2,208.0,4.7,11.3,88.0,26.1,69,0.0,6.2
Pune,18.5204,73.8567,2025-09-11 11:00:00,38.9,22.7,182.0,3.0,9.2,99.0,27.0,64,0.0,6.8
Pune,18.5204,73.8567,2025-09-11 12:00:00,37.8,21.9,169.0,2.3,8.0,106.0,27.7,62,0.0,7.2
Pune,18.5204,73.8567,2025-09-11 13:00:00,36.9,21.6,163.0,2.2,7.3,111.0,28.4,57,0.0,6.4
Pune,18.5204,73.8567,2025-09-11 14:00:00,36.8,22.1,167.0,2.6,7.2,114.0,28.9,54,0.0,7.3
Pune,18.5204,73.8567,2025-09-11 15:00:00,37.3,22.9,189.0,3.6,7.5,114.0,28.1,58,0.1,12.7
Pune,18.5204,73.8567,2025-09-11 16:00:00,36.7,23.2,220.0,5.3,8.3,111.0,27.1,65,0.1,11.7
Pune,18.5204,73.8567,2025-09-11 17:00:00,37.1,27.2,244.0,7.9,11.4,116.0,24.9,75,0.0,12.5
Pune,18.5204,73.8567,2025-09-11 18:00:00,42.3,32.0,251.0,10.1,13.6,109.0,24.2,81,0.0,12.0
Pune,18.5204,73.8567,2025-09-11 19:00:00,38.9,31.2,250.0,13.1,16.5,100.0,23.6,84,0.0,10.6
Pune,18.5204,73.8567,2025-09-11 20:00:00,38.1,30.2,249.0,15.5,18.7,90.0,23.0,86,0.0,10.4
Pune,18.5204,73.8567,2025-09-11 21:00:00,38.4,30.4,255.0,16.9,19.3,80.0,22.5,89,0.0,8.3
Pune,18.5204,73.8567,2025-09-11 22:00:00,37.5,29.5,260.0,17.7,19.2,69.0,22.1,91,0.0,7.8
Pune,18.5204,73.8567,2025-09-11 23:00:00,36.3,29.5,256.0,18.0,18.8,59.0,21.8,92,0.0,7.6
Pune,18.5204,73.8567,2025-09-12 00:00:00,34.2,27.8,229.0,17.5,18.3,51.0,21.7,93,0.0,7.2
Pune,18.5204,73.8567,2025-09-12 01:00:00,34.3,28.3,193.0,16.4,17.7,44.0,21.5,93,0.0,8.0
Pune,18.5204,73.8567,2025-09-12 02:00:00,35.6,29.3,170.0,15.7,17.2,38.0,21.2,93,0.0,8.1
Pune,18.5204,73.8567,2025-09-12 03:00:00,36.7,29.7,175.0,15.9,17.0,32.0,20.9,94,0.0,7.6
Pune,18.5204,73.8567,2025-09-12 04:00:00,36.9,30.3,194.0,16.4,16.9,26.0,20.8,95,0.0,7.2
Pune,18.5204,73.8567,2025-09-12 05:00:00,29.3,22.6,212.0,17.7,17.4,25.0,20.7,95,0.0,7.1
Pune,18.5204,73.8567,2025-09-12 06:00:00,30.4,22.5,228.0,16.7,17.1,25.0,21.6,92,0.0,8.0
Pune,18.5204,73.8567,2025-09-12 07:00:00,32.4,21.7,243.0,15.1,16.6,26.0,22.3,89,0.0,8.7
Pune,18.5204,73.8567,2025-09-12 08:00:00,33.4,18.7,249.0,13.2,15.5,31.0,23.6,82,0.0,8.6
Pune,18.5204,73.8567,2025-09-12 09:00:00,34.1,18.5,240.0,10.6,13.1,43.0,24.9,74,0.0,6.8
Pune,18.5204,73.8567,2025-09-12 10:00:00,33.9,18.0,222.0,7.6,10.1,58.0,26.2,68,0.1,5.9
Pune,18.5204,73.8567,2025-09-12 11:00:00,38.8,21.2,209.0,5.4,7.8,71.0,26.9,64,0.1,6.2
Pune,18.5204,73.8567,2025-09-12 12:00:00,34.3,19.3,205.0,4.6,7.0,79.0,27.2,63,0.1,7.7
Pune,18.5204,73.8567,2025-09-12 13:00:00,46.3,27.6,206.0,4.5,7.0,84.0,27.1,65,0.0,8.6
Pune,18.5204,73.8567,2025-09-12 14:00:00,36.1,22.1,210.0,5.0,7.2,88.0,27.3,64,0.0,7.7
Pune,18.5204,73.8567,2025-09-12 15:00:00,38.3,24.6,216.0,5.6,7.1,91.0,27.6,63,0.0,10.2
Pune,18.5204,73.8567,2025-09-12 16:00:00,36.2,24.6,226.0,6.6,7.3,93.0,26.7,65,0.0,11.2
Pune,18.5204,73.8567,2025-09-12 17:00:00,32.8,22.9,246.0,10.9,9.6,76.0,25.1,75,0.0,12.1
Pune,18.5204,73.8567,2025-09-12 18:00:00,31.8,24.6,289.0,13.8,10.3,69.0,23.7,85,0.1,8.7
Pune,18.5204,73.8567,2025-09-12 19:00:00,32.2,25.7,341.0,17.9,11.3,60.0,23.3,89,0.0,7.5
Pune,18.5204,73.8567,2025-09-12 20:00:00,33.9,26.2,369.0,21.6,12.5,51.0,23.0,90,0.0,7.6
Pune,18.5204,73.8567,2025-09-12 21:00:00,37.8,30.3,353.0,24.7,13.8,44.0,22.6,91,0.0,6.9
Pune,18.5204,73.8567,2025-09-12 22:00:00,39.7,32.2,312.0,27.4,15.3,38.0,22.4,92,0.0,7.2
Pune,18.5204,73.8567,2025-09-12 23:00:00,41.1,33.8,271.0,28.8,16.5,33.0,22.0,93,0.0,7.8
Pune,18.5204,73.8567,2025-09-13 00:00:00,40.6,34.2,233.0,28.3,17.5,31.0,21.9,93,0.0,5.2
Pune,18.5204,73.8567,2025-09-13 01:00:00,39.7,34.1,195.0,26.6,18.2,30.0,21.7,93,0.0,5.1
Pune,18.5204,73.8567,2025-09-13 02:00:00,39.3,34.3,169.0,24.9,18.4,29.0,21.6,94,0.3,6.0
Pune,18.5204,73.8567,2025-09-13 03:00:00,38.4,33.6,158.0,24.0,17.9,25.0,21.6,93,0.2,5.9
Pune,18.5204,73.8567,2025-09-13 04:00:00,37.7,32.9,160.0,23.2,16.8,21.0,21.4,94,0.0,5.7
Pune,18.5204,73.8567,2025-09-13 05:00:00,13.9,12.5,179.0,19.0,12.6,21.0,21.5,93,0.0,5.8
Pune,18.5204,73.8567,2025-09-13 06:00:00,13.8,11.8,231.0,19.1,12.4,19.0,21.9,96,0.6,5.2
Pune,18.5204,73.8567,2025-09-13 07:00:00,15.1,11.7,301.0,19.0,12.0,18.0,22.3,95,0.4,5.2
Pune,18.5204,73.8567,2025-09-13 08:00:00,16.7,12.1,340.0,17.6,11.4,24.0,22.7,93,0.2,4.3
Pune,18.5204,73.8567,2025-09-13 09:00:00,18.9,12.5,320.0,13.7,10.5,46.0,23.3,90,0.1,4.3
Pune,18.5204,73.8567,2025-09-13 10:00:00,22.9,14.9,271.0,8.5,9.5,75.0,25.4,78,0.0,2.6
Pune,18.5204,73.8567,2025-09-13 11:00:00,29.3,18.9,234.0,4.7,8.4,98.0,27.1,72,0.0,3.8
Pune,18.5204,73.8567,2025-09-13 12:00:00,30.9,20.7,225.0,3.4,7.3,108.0,28.1,67,0.0,4.2
Pune,18.5204,73.8567,2025-09-13 13:00:00,34.7,24.5,229.0,3.4,6.2,110.0,28.7,62,0.1,3.4
Pune,18.5204,73.8567,2025-09-13 14:00:00,33.4,24.8,243.0,4.3,5.6,109.0,27.3,65,0.5,8.0
Pune,18.5204,73.8567,2025-09-13 15:00:00,29.0,23.1,267.0,5.9,5.5,104.0,26.2,72,0.8,9.3
Pune,18.5204,73.8567,2025-09-13 16:00:00,27.9,23.5,302.0,8.4,6.0,96.0,23.8,86,4.2,9.4
Pune,18.5204,73.8567,2025-09-13 17:00:00,20.4,17.8,341.0,17.3,10.8,67.0,23.1,89,1.1,5.6
Pune,18.5204,73.8567,2025-09-13 18:00:00,17.3,15.5,395.0,18.6,11.8,62.0,22.5,96,1.5,7.7
Pune,18.5204,73.8567,2025-09-13 19:00:00,13.3,12.4,454.0,20.4,13.2,56.0,22.5,96,1.7,7.4
Pune,18.5204,73.8567,2025-09-13 20:00:00,10.9,10.3,484.0,21.5,14.1,50.0,22.3,96,1.4,8.1
Pune,18.5204,73.8567,2025-09-13 21:00:00,10.2,9.9,467.0,21.3,14.1,45.0,22.2,96,1.0,5.9
Pune,18.5204,73.8567,2025-09-13 22:00:00,8.8,8.6,422.0,20.4,13.6,40.0,21.9,96,0.9,7.5
Pune,18.5204,73.8567,2025-09-13 23:00:00,6.3,6.1,370.0,19.4,13.0,36.0,22.0,97,0.6,7.9
Pune,18.5204,73.8567,2025-09-14 00:00:00,4.9,4.7,312.0,18.3,12.2,34.0,21.9,97,0.9,8.3
Pune,18.5204,73.8567,2025-09-14 01:00:00,3.6,3.4,247.0,17.0,11.3,33.0,21.8,97,1.5,8.6
Pune,18.5204,73.8567,2025-09-14 02:00:00,3.3,3.1,199.0,15.8,10.7,33.0,21.7,97,1.4,9.1
Pune,18.5204,73.8567,2025-09-14 03:00:00,2.5,2.5,176.0,14.9,10.5,34.0,21.7,97,1.0,5.6
Pune,18.5204,73.8567,2025-09-14 04:00:00,3.3,3.3,170.0,14.2,10.6,35.0,21.7,98,0.5,6.7
Pune,18.5204,73.8567,2025-09-14 05:00:00,3.5,3.4,178.0,16.1,10.9,26.0,21.7,97,0.3,6.0
Pune,18.5204,73.8567,2025-09-14 06:00:00,3.4,3.3,211.0,15.6,11.7,32.0,21.9,97,0.3,7.0
Pune,18.5204,73.8567,2025-09-14 07:00:00,3.9,3.8,258.0,14.7,12.7,41.0,22.5,95,0.1,6.6
Pune,18.5204,73.8567,2025-09-14 08:00:00,4.9,4.8,290.0,13.3,12.8,52.0,23.5,90,0.0,6.6
Pune,18.5204,73.8567,2025-09-14 09:00:00,6.1,5.4,289.0,10.7,11.2,67.0,25.0,85,0.0,4.6
Pune,18.5204,73.8567,2025-09-14 10:00:00,11.4,9.7,272.0,7.5,8.8,83.0,26.4,80,0.0,3.5
Pune,18.5204,73.8567,2025-09-14 11:00:00,12.8,11.0,258.0,5.1,6.8,96.0,27.6,74,0.1,3.6
Pune,18.5204,73.8567,2025-09-14 12:00:00,13.0,11.1,252.0,3.8,5.6,102.0,27.7,71,0.1,1.9
Pune,18.5204,73.8567,2025-09-14 13:00:00,13.6,11.8,248.0,3.4,4.8,105.0,27.2,75,0.1,3.2
Pune,18.5204,73.8567,2025-09-14 14:00:00,14.8,12.8,253.0,4.0,4.8,105.0,26.0,77,1.7,11.8
Pune,18.5204,73.8567,2025-09-14 15:00:00,18.8,16.3,272.0,6.2,5.9,102.0,24.0,87,7.5,7.6
Pune,18.5204,73.8567,2025-09-14 16:00:00,19.4,17.6,300.0,9.6,7.7,97.0,24.3,83,4.0,12.7
Pune,18.5204,73.8567,2025-09-14 17:00:00,21.4,19.6,323.0,9.7,8.5,97.0,22.9,94,8.2,10.1
Pune,18.5204,73.8567,2025-09-14 18:00:00,21.8,20.5,339.0,14.0,10.6,90.0,23.6,89,1.5,9.2
Pune,18.5204,73.8567,2025-09-14 19:00:00,22.8,21.7,350.0,19.9,13.5,81.0,22.8,94,0.7,8.1
Pune,18.5204,73.8567,2025-09-14 20:00:00,23.5,22.5,349.0,23.8,15.8,73.0,22.5,94,0.4,6.0
Pune,18.5204,73.8567,2025-09-14 21:00:00,23.9,22.9,329.0,24.2,16.9,68.0,22.5,94,0.2,8.8
Pune,18.5204,73.8567,2025-09-14 22:00:00,26.1,25.2,297.0,22.6,17.4,64.0,22.1,96,2.3,11.5
Pune,18.5204,73.8567,2025-09-14 23:00:00,25.9,25.1,265.0,20.4,17.3,61.0,22.0,97,3.9,6.7
Pune,18.5204,73.8567,2025-09-15 00:00:00,24.7,24.0,233.0,17.6,16.3,59.0,21.9,98,0.2,8.2
Pune,18.5204,73.8567,2025-09-15 01:00:00,18.9,18.1,201.0,14.1,14.6,58.0,21.9,97,0.1,8.6
Pune,18.5204,73.8567,2025-09-15 02:00:00,15.5,14.9,180.0,11.4,13.2,58.0,21.8,96,0.1,9.2
Pune,18.5204,73.8567,2025-09-15 03:00:00,14.9,14.3,169.0,9.9,12.4,57.0,21.5,97,0.2,8.8
Pune,18.5204,73.8567,2025-09-15 04:00:00,15.4,14.8,169.0,9.2,11.9,57.0,21.5,96,0.2,8.8
Pune,18.5204,73.8567,2025-09-15 05:00:00,7.3,6.9,196.0,9.7,8.8,56.0,21.4,96,0.2,8.1
Pune,18.5204,73.8567,2025-09-15 06:00:00,7.3,7.0,280.0,11.2,9.5,56.0,22.3,97,2.5,6.2
Pune,18.5204,73.8567,2025-09-15 07:00:00,9.1,8.9,390.0,13.2,10.3,56.0,22.4,97,2.1,6.7
Pune,18.5204,73.8567,2025-09-15 08:00:00,6.4,6.3,455.0,13.8,10.7,59.0,22.6,96,3.3,8.6
Pune,18.5204,73.8567,2025-09-15 09:00:00,4.4,4.3,434.0,11.5,10.2,66.0,22.8,96,2.0,6.8
Pune,18.5204,73.8567,2025-09-15 10:00:00,5.1,5.1,367.0,7.7,9.2,74.0,23.2,95,1.6,7.0
Pune,18.5204,73.8567,2025-09-15 11:00:00,3.5,3.5,303.0,4.9,8.2,81.0,22.9,96,1.8,10.2
Pune,18.5204,73.8567,2025-09-15 12:00:00,3.8,3.8,251.0,4.1,7.2,85.0,24.2,88,0.4,13.1
Pune,18.5204,73.8567,2025-09-15 13:00:00,5.3,5.2,201.0,4.2,6.2,87.0,26.2,82,0.1,12.7
Pune,18.5204,73.8567,2025-09-15 14:00:00,6.2,6.1,177.0,5.2,5.8,84.0,25.5,82,0.4,13.6
Pune,18.5204,73.8567,2025-09-15 15:00:00,6.4,6.3,197.0,7.2,6.4,74.0,24.9,82,1.3,15.5
Pune,18.5204,73.8567,2025-09-15 16:00:00,6.7,6.3,243.0,9.9,7.7,61.0,24.6,84,0.2,16.4
Pune,18.5204,73.8567,2025-09-15 17:00:00,12.7,11.0,278.0,10.7,8.5,76.0,23.7,88,0.1,13.3
Pune,18.5204,73.8567,2025-09-15 18:00:00,12.1,10.7,289.0,14.3,10.3,66.0,23.5,92,0.5,10.0
Pune,18.5204,73.8567,2025-09-15 19:00:00,13.5,12.1,290.0,19.4,12.8,53.0,22.9,94,0.1,10.3
Pune,18.5204,73.8567,2025-09-15 20:00:00,15.0,13.5,286.0,23.3,14.7,42.0,22.5,95,0.0,10.2
Pune,18.5204,73.8567,2025-09-15 21:00:00,16.6,14.8,280.0,25.1,15.5,36.0,22.3,95,0.2,9.1
Pune,18.5204,73.8567,2025-09-15 22:00:00,19.4,16.8,270.0,25.7,15.8,31.0,22.3,95,0.1,9.2
Pune,18.5204,73.8567,2025-09-15 23:00:00,20.8,17.9,256.0,25.7,15.7,28.0,21.8,95,0.1,8.3
Pune,18.5204,73.8567,2025-09-16 00:00:00,21.7,18.3,232.0,25.0,15.1,26.0,21.6,95,0.2,6.5
Pune,18.5204,73.8567,2025-09-16 01:00:00,24.3,20.0,204.0,23.7,14.2,25.0,21.6,94,0.2,7.6
Pune,18.5204,73.8567,2025-09-16 02:00:00,25.8,21.3,185.0,22.8,13.7,23.0,21.3,95,0.4,7.1
Pune,18.5204,73.8567,2025-09-16 03:00:00,25.6,21.0,180.0,23.0,14.0,19.0,21.2,96,0.3,9.8
Pune,18.5204,73.8567,2025-09-16 04:00:00,24.6,20.3,185.0,23.6,14.7,14.0,21.1,95,0.1,10.2
Pune,18.5204,73.8567,2025-09-16 05:00:00,9.1,7.7,202.0,16.0,12.9,25.0,21.1,95,0.1,9.1
Pune,18.5204,73.8567,2025-09-16 06:00:00,11.3,9.1,243.0,16.7,13.8,24.0,22.0,95,0.2,8.6
Pune,18.5204,73.8567,2025-09-16 07:00:00,15.0,11.8,297.0,17.6,15.1,23.0,22.6,92,0.2,9.1
Pune,18.5204,73.8567,2025-09-16 08:00:00,19.7,13.4,327.0,17.1,15.4,27.0,23.2,90,0.2,9.7
Pune,18.5204,73.8567,2025-09-16 09:00:00,19.8,14.1,313.0,14.1,14.2,40.0,23.7,87,0.1,9.3
Pune,18.5204,73.8567,2025-09-16 10:00:00,18.5,13.5,277.0,9.9,12.1,57.0,25.0,85,0.1,7.5
Pune,18.5204,73.8567,2025-09-16 11:00:00,15.9,12.2,247.0,6.6,10.1,71.0,24.9,84,0.1,7.7
Pune,18.5204,73.8567,2025-09-16 12:00:00,14.3,11.3,231.0,4.9,8.4,81.0,25.7,81,0.1,8.6
Pune,18.5204,73.8567,2025-09-16 13:00:00,14.3,11.6,221.0,4.2,6.9,87.0,25.6,80,0.1,9.1
Pune,18.5204,73.8567,2025-09-16 14:00:00,11.4,9.6,223.0,4.8,6.1,88.0,25.8,78,0.1,11.1
Pune,18.5204,73.8567,2025-09-16 15:00:00,11.8,10.4,246.0,7.5,6.5,79.0,25.5,75,0.5,13.1
Pune,18.5204,73.8567,2025-09-16 16:00:00,11.6,10.5,281.0,11.7,7.6,64.0,24.6,81,0.8,13.5
Pune,18.5204,73.8567,2025-09-16 17:00:00,17.3,14.6,311.0,10.3,10.3,71.0,23.6,90,1.4,12.5
Pune,18.5204,73.8567,2025-09-16 18:00:00,18.0,15.9,329.0,13.1,11.0,60.0,23.5,90,0.0,8.6
Pune,18.5204,73.8567,2025-09-16 19:00:00,18.1,16.4,342.0,17.0,12.0,46.0,23.0,92,0.0,8.0
Pune,18.5204,73.8567,2025-09-16 20:00:00,15.5,14.2,351.0,19.5,12.6,34.0,22.7,92,0.0,6.7
Pune,18.5204,73.8567,2025-09-16 21:00:00,14.1,12.9,361.0,19.4,12.6,29.0,22.5,93,0.0,5.2
Pune,18.5204,73.8567,2025-09-16 22:00:00,13.9,12.5,366.0,17.8,12.3,27.0,22.3,93,0.0,6.1
Pune,18.5204,73.8567,2025-09-16 23:00:00,11.8,10.7,352.0,16.3,11.9,25.0,21.8,95,0.0,5.3
Pune,18.5204,73.8567,2025-09-17 00:00:00,9.8,8.8,301.0,15.1,11.5,24.0,21.6,95,0.0,6.4
Pune,18.5204,73.8567,2025-09-17 01:00:00,7.0,6.3,230.0,14.0,11.0,23.0,21.3,95,0.0,4.7
Pune,18.5204,73.8567,2025-09-17 02:00:00,5.5,5.0,177.0,13.1,10.7,22.0,21.0,96,0.0,6.0
Pune,18.5204,73.8567,2025-09-17 03:00:00,5.5,4.8,155.0,12.9,10.8,21.0,20.9,95,0.0,4.6
Pune,18.5204,73.8567,2025-09-17 04:00:00,5.0,4.4,150.0,12.9,11.1,20.0,20.7,96,0.0,5.5
Pune,18.5204,73.8567,2025-09-17 05:00:00,7.6,6.5,166.0,13.3,12.6,18.0,20.6,95,0.0,7.1
Pune,18.5204,73.8567,2025-09-17 06:00:00,9.9,8.1,220.0,12.6,12.4,21.0,21.5,95,0.0,6.6
Pune,18.5204,73.8567,2025-09-17 07:00:00,10.7,8.3,295.0,11.4,12.1,26.0,22.1,93,0.0,6.1
Pune,18.5204,73.8567,2025-09-17 08:00:00,10.5,8.0,335.0,10.0,11.3,33.0,23.0,90,0.0,4.3
Pune,18.5204,73.8567,2025-09-17 09:00:00,10.3,8.0,305.0,7.9,9.5,45.0,25.0,80,0.0,4.3
Pune,18.5204,73.8567,2025-09-17 10:00:00,9.7,7.8,241.0,5.5,7.1,59.0,26.5,72,0.0,6.3
Pune,18.5204,73.8567,2025-09-17 11:00:00,9.2,7.6,195.0,3.7,5.2,71.0,27.4,69,0.0,4.9
Pune,18.5204,73.8567,2025-09-17 12:00:00,9.5,8.0,189.0,2.8,4.0,78.0,28.1,70,0.0,3.9
Pune,18.5204,73.8567,2025-09-17 13:00:00,9.5,8.1,201.0,2.5,3.3,83.0,28.5,66,0.0,3.6
Pune,18.5204,73.8567,2025-09-17 14:00:00,9.4,8.2,224.0,3.0,3.0,84.0,27.7,69,0.0,3.1
Pune,18.5204,73.8567,2025-09-17 15:00:00,10.0,8.8,252.0,4.3,3.1,82.0,26.7,75,4.0,10.6
Pune,18.5204,73.8567,2025-09-17 16:00:00,9.0,8.0,291.0,6.3,3.6,76.0,23.9,87,4.8,4.9
Pune,18.5204,73.8567,2025-09-17 17:00:00,19.3,16.8,346.0,10.2,5.6,73.0,23.8,90,1.0,7.6
Pune,18.5204,73.8567,2025-09-17 18:00:00,19.4,17.8,440.0,13.6,7.3,63.0,22.9,96,3.8,5.5
Pune,18.5204,73.8567,2025-09-17 19:00:00,18.1,17.0,551.0,18.2,9.7,49.0,23.1,97,0.2,4.9
Pune,18.5204,73.8567,2025-09-17 20:00:00,14.4,13.8,619.0,21.7,11.7,37.0,23.1,96,0.0,5.4
Pune,18.5204,73.8567,2025-09-17 21:00:00,11.3,10.9,617.0,23.0,13.0,29.0,22.8,97,0.0,7.9
Pune,18.5204,73.8567,2025-09-17 22:00:00,11.1,10.9,574.0,23.1,14.0,24.0,22.6,96,0.0,8.1
Pune,18.5204,73.8567,2025-09-17 23:00:00,11.0,10.9,512.0,22.5,14.6,20.0,22.3,96,0.0,7.3
Pune,18.5204,73.8567,2025-09-18 00:00:00,10.2,10.2,427.0,21.2,14.6,17.0,22.1,97,0.0,5.1
Pune,18.5204,73.8567,2025-09-18 01:00:00,10.4,10.4,323.0,19.2,14.3,16.0,22.0,97,0.0,6.2
Pune,18.5204,73.8567,2025-09-18 02:00:00,10.9,10.8,246.0,17.4,14.0,16.0,21.8,97,0.0,5.7
Pune,18.5204,73.8567,2025-09-18 03:00:00,11.4,11.2,213.0,16.2,14.0,16.0,21.8,97,0.0,8.8
Pune,18.5204,73.8567,2025-09-18 04:00:00,10.8,10.6,205.0,15.1,14.1,16.0,21.9,96,0.0,4.8
Pune,18.5204,73.8567,2025-09-18 05:00:00,10.3,10.2,212.0,13.1,13.8,21.0,21.8,96,0.0,5.3
Pune,18.5204,73.8567,2025-09-18 06:00:00,11.6,11.3,241.0,12.9,14.1,25.0,22.3,95,1.1,4.3
Pune,18.5204,73.8567,2025-09-18 07:00:00,12.8,12.3,286.0,12.6,14.5,31.0,22.1,96,1.4,0.5
Pune,18.5204,73.8567,2025-09-18 08:00:00,11.1,10.5,309.0,11.5,14.2,41.0,23.1,93,0.2,3.7
Pune,18.5204,73.8567,2025-09-18 09:00:00,11.8,11.0,288.0,8.9,12.9,60.0,24.3,89,0.2,4.1
Pune,18.5204,73.8567,2025-09-18 10:00:00,12.8,11.8,247.0,5.6,11.0,83.0,25.6,83,0.1,3.8
Pune,18.5204,73.8567,2025-09-18 11:00:00,14.0,12.8,221.0,3.2,9.2,100.0,27.0,75,0.1,2.2
Pune,18.5204,73.8567,2025-09-18 12:00:00,15.1,13.9,225.0,2.4,7.6,107.0,26.7,74,0.1,0.5
Pune,18.5204,73.8567,2025-09-18 13:00:00,16.8,15.6,245.0,2.5,6.2,108.0,24.9,84,0.9,5.0
Pune,18.5204,73.8567,2025-09-18 14:00:00,18.4,17.2,270.0,3.6,5.6,106.0,26.1,80,0.8,4.6
Pune,18.5204,73.8567,2025-09-18 15:00:00,18.4,17.3,299.0,5.8,6.1,100.0,24.1,84,9.1,10.8
Pune,18.5204,73.8567,2025-09-18 16:00:00,20.5,19.5,333.0,9.1,7.3,90.0,23.6,89,0.7,5.0
Pune,18.5204,73.8567,2025-09-18 17:00:00,12.7,12.1,369.0,7.6,7.3,66.0,23.9,89,0.1,8.2
Pune,18.5204,73.8567,2025-09-18 18:00:00,12.8,12.5,413.0,12.1,8.4,55.0,23.6,91,0.2,7.7
Pune,18.5204,73.8567,2025-09-18 19:00:00,13.2,12.9,459.0,18.3,10.0,40.0,23.1,94,0.8,7.7
Pune,18.5204,73.8567,2025-09-18 20:00:00,15.0,14.6,483.0,23.2,11.4,28.0,23.1,94,0.3,10.4
Pune,18.5204,73.8567,2025-09-18 21:00:00,15.9,15.6,475.0,26.0,12.2,20.0,22.5,97,1.9,6.7
Pune,18.5204,73.8567,2025-09-18 22:00:00,17.3,17.0,445.0,27.6,12.7,15.0,22.5,98,1.3,7.0
Pune,18.5204,73.8567,2025-09-18 23:00:00,17.6,17.3,403.0,27.6,13.3,13.0,22.5,97,0.2,3.9
Pune,18.5204,73.8567,2025-09-19 00:00:00,15.8,15.4,341.0,25.1,14.0,15.0,22.3,97,0.1,3.1
Pune,18.5204,73.8567,2025-09-19 01:00:00,14.7,14.4,266.0,21.0,14.8,19.0,22.2,97,0.1,0.7
Pune,18.5204,73.8567,2025-09-19 02:00:00,15.0,14.6,212.0,17.7,15.3,22.0,22.1,97,0.2,0.8
Pune,18.5204,73.8567,2025-09-19 03:00:00,15.5,15.1,194.0,16.3,15.3,22.0,22.2,97,0.4,2.1
Pune,18.5204,73.8567,2025-09-19 04:00:00,15.4,15.0,198.0,15.7,15.1,20.0,22.1,97,0.5,1.1
Pune,18.5204,73.8567,2025-09-19 05:00:00,9.2,8.9,209.0,13.2,14.6,23.0,22.0,98,0.1,5.2
Pune,18.5204,73.8567,2025-09-19 06:00:00,8.0,7.6,233.0,12.7,15.3,24.0,22.3,95,0.0,5.5
Pune,18.5204,73.8567,2025-09-19 07:00:00,8.5,8.1,265.0,11.9,16.3,25.0,22.8,95,0.0,5.5
Pune,18.5204,73.8567,2025-09-19 08:00:00,9.1,8.6,278.0,10.6,16.5,31.0,24.1,88,0.0,10.5
Pune,18.5204,73.8567,2025-09-19 09:00:00,10.3,9.8,252.0,8.5,15.5,45.0,25.1,82,0.1,9.2
Pune,18.5204,73.8567,2025-09-19 10:00:00,10.1,9.6,207.0,6.0,13.7,63.0,26.0,77,0.1,8.7
Pune,18.5204,73.8567,2025-09-19 11:00:00,11.0,10.5,174.0,4.1,11.9,77.0,26.8,75,0.1,8.0
Pune,18.5204,73.8567,2025-09-19 12:00:00,11.6,11.1,164.0,3.4,9.9,83.0,27.9,70,0.1,7.9
Pune,18.5204,73.8567,2025-09-19 13:00:00,11.2,10.9,165.0,3.3,7.8,84.0,26.5,73,0.2,11.0
Pune,18.5204,73.8567,2025-09-19 14:00:00,12.3,12.0,178.0,3.8,6.3,82.0,25.8,81,1.3,10.6
Pune,18.5204,73.8567,2025-09-19 15:00:00,10.7,10.3,205.0,4.7,5.6,78.0,26.8,78,0.3,12.1
Pune,18.5204,73.8567,2025-09-19 16:00:00,9.4,9.0,243.0,6.1,5.6,70.0,24.2,84,6.5,9.5
Pune,18.5204,73.8567,2025-09-19 17:00:00,8.1,6.7,280.0,10.2,6.7,50.0,24.2,85,0.5,10.1
Pune,18.5204,73.8567,2025-09-19 18:00:00,9.3,7.5,317.0,12.6,8.2,43.0,23.5,89,0.3,11.2
Pune,18.5204,73.8567,2025-09-19 19:00:00,10.6,8.7,351.0,15.9,10.3,32.0,23.0,92,0.5,11.2
Pune,18.5204,73.8567,2025-09-19 20:00:00,10.1,8.1,368.0,18.3,11.9,24.0,22.3,95,0.0,9.6
Pune,18.5204,73.8567,2025-09-19 21:00:00,9.8,8.3,355.0,19.2,12.6,20.0,22.1,94,0.5,10.1
Pune,18.5204,73.8567,2025-09-19 22:00:00,10.0,8.8,324.0,19.2,12.7,19.0,22.0,95,0.4,9.4
Pune,18.5204,73.8567,2025-09-19 23:00:00,10.5,9.3,290.0,18.7,12.6,18.0,21.8,96,0.1,9.2
Pune,18.5204,73.8567,2025-09-20 00:00:00,10.4,9.2,252.0,17.6,12.2,18.0,21.7,96,0.0,7.9
Pune,18.5204,73.8567,2025-09-20 01:00:00,11.4,9.4,211.0,16.0,11.5,18.0,21.7,96,0.0,8.2
Pune,18.5204,73.8567,2025-09-20 02:00:00,12.5,9.9,181.0,14.5,10.9,19.0,21.6,96,0.2,8.8
Pune,18.5204,73.8567,2025-09-20 03:00:00,14.7,10.7,169.0,13.5,10.7,19.0,21.7,96,0.1,6.9
Pune,18.5204,73.8567,2025-09-20 04:00:00,17.3,11.9,167.0,12.6,10.6,20.0,21.4,97,0.0,6.4
Pune,18.5204,73.8567,2025-09-20 05:00:00,12.6,9.2,171.0,10.8,8.4,24.0,21.4,97,0.0,7.8
Pune,18.5204,73.8567,2025-09-20 06:00:00,12.8,9.1,183.0,10.2,8.2,26.0,21.9,96,0.0,8.4
Pune,18.5204,73.8567,2025-09-20 07:00:00,12.1,8.5,200.0,9.2,8.0,30.0,22.5,93,0.0,10.3
Pune,18.5204,73.8567,2025-09-20 08:00:00,13.5,8.9,206.0,8.0,7.6,36.0,23.6,86,0.0,13.2
Pune,18.5204,73.8567,2025-09-20 09:00:00,11.2,7.2,191.0,6.2,7.0,45.0,25.3,78,0.1,12.8
Pune,18.5204,73.8567,2025-09-20 10:00:00,12.8,7.9,166.0,4.2,6.2,56.0,25.9,76,0.1,12.5
Pune,18.5204,73.8567,2025-09-20 11:00:00,11.8,7.1,147.0,2.8,5.4,65.0,26.7,72,0.2,11.8
Pune,18.5204,73.8567,2025-09-20 12:00:00,11.0,6.9,141.0,2.3,4.5,70.0,27.3,70,0.3,12.5
Pune,18.5204,73.8567,2025-09-20 13:00:00,13.9,9.7,141.0,2.4,3.5,71.0,27.4,72,0.8,11.0
Pune,18.5204,73.8567,2025-09-20 14:00:00,9.3,7.3,147.0,2.9,3.0,71.0,27.9,71,0.1,11.9
Pune,18.5204,73.8567,2025-09-20 15:00:00,8.2,6.6,159.0,3.5,3.0,68.0,25.0,82,4.8,13.8
Pune,18.5204,73.8567,2025-09-20 16:00:00,7.5,6.1,176.0,4.5,3.4,62.0,25.3,77,0.4,13.7
Pune,18.5204,73.8567,2025-09-20 17:00:00,7.4,6.2,195.0,7.2,5.1,61.0,24.5,82,0.6,13.0
Pune,18.5204,73.8567,2025-09-20 18:00:00,8.7,7.3,220.0,10.9,6.5,52.0,23.9,89,0.0,9.5
Pune,18.5204,73.8567,2025-09-20 19:00:00,10.8,9.2,248.0,16.0,8.5,40.0,23.3,91,0.0,9.8
Pune,18.5204,73.8567,2025-09-20 20:00:00,11.5,9.9,265.0,19.5,10.1,30.0,22.8,92,0.0,8.0
Pune,18.5204,73.8567,2025-09-20 21:00:00,12.0,10.3,265.0,20.1,10.9,25.0,22.6,94,0.0,7.1
Pune,18.5204,73.8567,2025-09-20 22:00:00,13.7,12.0,255.0,19.1,11.2,23.0,22.4,94,0.0,7.8
Pune,18.5204,73.8567,2025-09-20 23:00:00,15.9,13.9,240.0,17.6,11.1,22.0,22.3,94,0.0,8.0
Pune,18.5204,73.8567,2025-09-21 00:00:00,16.8,14.6,217.0,15.4,10.1,23.0,22.0,95,0.0,5.9
Pune,18.5204,73.8567,2025-09-21 01:00:00,17.5,14.6,188.0,12.6,8.6,26.0,21.9,96,0.0,6.3
Pune,18.5204,73.8567,2025-09-21 02:00:00,17.8,15.1,167.0,10.5,7.6,28.0,21.6,96,0.0,5.8
Pune,18.5204,73.8567,2025-09-21 03:00:00,18.5,15.9,156.0,9.9,7.6,27.0,21.5,96,0.0,7.5
Pune,18.5204,73.8567,2025-09-21 04:00:00,19.6,16.8,153.0,10.1,8.1,25.0,21.4,96,0.0,7.2
Pune,18.5204,73.8567,2025-09-21 05:00:00,20.0,17.1,161.0,10.7,8.7,25.0,21.3,96,0.0,7.5
Pune,18.5204,73.8567,2025-09-21 06:00:00,21.1,17.7,191.0,10.5,9.1,26.0,21.8,97,0.0,6.1
Pune,18.5204,73.8567,2025-09-21 07:00:00,20.5,16.5,233.0,10.1,9.7,27.0,22.5,96,0.0,7.8
Pune,18.5204,73.8567,2025-09-21 08:00:00,20.0,16.0,254.0,9.2,9.8,32.0,23.9,86,0.0,9.4
Pune,18.5204,73.8567,2025-09-21 09:00:00,19.7,15.5,236.0,7.5,9.2,44.0,25.5,78,0.0,9.5
Pune,18.5204,73.8567,2025-09-21 10:00:00,19.4,15.4,197.0,5.3,8.2,60.0,26.3,75,0.1,8.4
Pune,18.5204,73.8567,2025-09-21 11:00:00,19.7,15.8,167.0,3.7,7.3,73.0,27.7,68,0.1,8.0
Pune,18.5204,73.8567,2025-09-21 12:00:00,17.7,14.4,153.0,2.8,6.4,82.0,28.1,67,0.2,10.8
Pune,18.5204,73.8567,2025-09-21 13:00:00,17.0,14.1,147.0,2.5,5.6,89.0,26.9,73,0.3,13.8
Pune,18.5204,73.8567,2025-09-21 14:00:00,15.3,13.0,156.0,2.8,5.1,91.0,27.6,73,0.2,12.1
Pune,18.5204,73.8567,2025-09-21 15:00:00,14.1,12.2,188.0,3.7,5.0,87.0,24.8,83,1.1,11.8
Pune,18.5204,73.8567,2025-09-21 16:00:00,13.4,12.3,234.0,5.2,5.3,79.0,24.8,83,0.3,13.1
Pune,18.5204,73.8567,2025-09-21 17:00:00,11.1,10.7,275.0,8.1,6.3,74.0,24.2,87,0.4,11.0
Pune,18.5204,73.8567,2025-09-21 18:00:00,10.1,9.6,306.0,11.5,7.7,64.0,23.4,89,0.3,11.4
Pune,18.5204,73.8567,2025-09-21 19:00:00,11.3,10.7,332.0,16.1,9.6,51.0,22.9,92,0.2,11.5
Pune,18.5204,73.8567,2025-09-21 20:00:00,12.2,11.6,345.0,19.4,11.1,40.0,22.8,94,0.0,9.6
Pune,18.5204,73.8567,2025-09-21 21:00:00,12.7,11.9,340.0,20.2,11.9,35.0,22.8,94,0.0,8.3
Pune,18.5204,73.8567,2025-09-21 22:00:00,13.0,11.9,323.0,19.8,12.4,33.0,22.6,95,0.0,9.6
Pune,18.5204,73.8567,2025-09-21 23:00:00,14.6,13.4,295.0,18.8,12.4,31.0,22.4,94,0.0,7.3
Pune,18.5204,73.8567,2025-09-22 00:00:00,14.4,13.1,250.0,17.4,11.6,28.0,22.0,96,0.0,6.0
Pune,18.5204,73.8567,2025-09-22 01:00:00,13.9,12.7,196.0,15.5,10.4,26.0,21.7,97,0.0,4.4
Pune,18.5204,73.8567,2025-09-22 02:00:00,14.1,13.0,157.0,13.9,9.7,24.0,21.5,97,0.0,7.3
Pune,18.5204,73.8567,2025-09-22 03:00:00,14.1,13.1,145.0,12.7,10.2,23.0,21.2,98,0.0,6.8
Pune,18.5204,73.8567,2025-09-22 04:00:00,13.9,12.9,148.0,11.8,11.1,23.0,21.1,98,0.0,7.3
Pune,18.5204,73.8567,2025-09-22 05:00:00,5.4,4.8,161.0,8.9,7.6,31.0,21.0,98,0.0,7.5
Pune,18.5204,73.8567,2025-09-22 06:00:00,4.2,4.0,190.0,9.8,8.6,29.0,22.0,95,0.0,8.0
Pune,18.5204,73.8567,2025-09-22 07:00:00,4.7,4.5,228.0,10.9,10.0,27.0,22.5,92,0.0,9.0
Pune,18.5204,73.8567,2025-09-22 08:00:00,5.7,5.5,251.0,11.0,10.7,30.0,23.4,86,0.0,11.0
Pune,18.5204,73.8567,2025-09-22 09:00:00,6.2,5.7,242.0,9.1,10.0,41.0,24.2,83,0.0,10.3
Pune,18.5204,73.8567,2025-09-22 10:00:00,7.3,6.7,216.0,6.3,8.5,56.0,24.6,81,0.0,10.3
Pune,18.5204,73.8567,2025-09-22 11:00:00,8.1,7.3,199.0,4.3,7.3,68.0,25.5,78,0.1,10.3
Pune,18.5204,73.8567,2025-09-22 12:00:00,9.5,8.6,200.0,3.8,6.5,76.0,26.3,74,0.3,8.7
Pune,18.5204,73.8567,2025-09-22 13:00:00,10.6,9.6,208.0,4.1,6.0,81.0,25.5,76,0.2,10.0
Pune,18.5204,73.8567,2025-09-22 14:00:00,12.9,11.9,219.0,5.5,5.8,81.0,25.6,76,0.2,11.0
Pune,18.5204,73.8567,2025-09-22 15:00:00,13.2,12.2,233.0,8.8,6.2,75.0,24.5,82,0.3,14.4
Pune,18.5204,73.8567,2025-09-22 16:00:00,11.3,10.7,248.0,13.1,7.0,64.0,23.4,88,0.9,9.2
Pune,18.5204,73.8567,2025-09-22 17:00:00,8.1,8.1,258.0,12.2,6.5,49.0,23.5,88,0.3,10.6
Pune,18.5204,73.8567,2025-09-22 18:00:00,9.5,9.4,256.0,13.5,7.6,45.0,22.6,94,0.5,11.7
Pune,18.5204,73.8567,2025-09-22 19:00:00,9.9,9.5,248.0,15.1,9.1,40.0,22.3,93,0.0,11.8
Pune,18.5204,73.8567,2025-09-22 20:00:00,8.0,7.5,241.0,15.8,10.0,36.0,22.0,93,0.5,12.5
Pune,18.5204,73.8567,2025-09-22 21:00:00,6.6,5.9,241.0,14.6,9.9,35.0,21.5,95,1.2,12.2
Pune,18.5204,73.8567,2025-09-22 22:00:00,5.7,5.2,241.0,12.5,9.1,36.0,21.5,96,1.7,10.8
Pune,18.5204,73.8567,2025-09-22 23:00:00,4.5,4.0,232.0,10.5,8.4,37.0,21.5,96,1.1,9.6
Pune,18.5204,73.8567,2025-09-23 00:00:00,3.5,3.0,201.0,9.0,7.7,37.0,21.4,96,1.5,10.9
Pune,18.5204,73.8567,2025-09-23 01:00:00,3.2,2.7,160.0,7.7,7.0,38.0,21.4,96,1.4,9.8
Pune,18.5204,73.8567,2025-09-23 02:00:00,3.6,2.8,132.0,6.8,6.5,38.0,21.5,96,1.4,10.5
Pune,18.5204,73.8567,2025-09-23 03:00:00,4.6,3.3,121.0,6.4,6.3,38.0,21.4,95,0.4,11.8
Pune,18.5204,73.8567,2025-09-23 04:00:00,5.0,3.7,122.0,6.3,6.3,37.0,21.2,94,0.2,12.2
Pune,18.5204,73.8567,2025-09-23 05:00:00,5.2,4.6,143.0,8.3,8.0,35.0,20.6,94,0.5,10.4
Pune,18.5204,73.8567,2025-09-23 06:00:00,5.7,4.5,205.0,9.4,8.1,34.0,21.0,95,0.6,11.5
Pune,18.5204,73.8567,2025-09-23 07:00:00,7.7,5.7,286.0,10.8,8.3,33.0,21.1,95,0.8,10.1
Pune,18.5204,73.8567,2025-09-23 08:00:00,11.1,7.5,328.0,11.4,8.5,35.0,21.3,96,0.6,11.2
Pune,18.5204,73.8567,2025-09-23 09:00:00,16.5,10.3,293.0,10.2,8.7,42.0,22.3,90,0.1,11.7
Pune,18.5204,73.8567,2025-09-23 10:00:00,21.4,12.6,219.0,8.1,8.8,52.0,23.1,85,0.0,13.0
Pune,18.5204,73.8567,2025-09-23 11:00:00,23.6,13.7,162.0,6.7,8.9,60.0,24.0,79,0.0,13.3
Pune,18.5204,73.8567,2025-09-23 12:00:00,23.6,14.5,144.0,6.5,8.8,63.0,24.7,77,0.2,14.3
Pune,18.5204,73.8567,2025-09-23 13:00:00,24.6,15.1,143.0,7.0,8.6,65.0,25.2,75,0.5,16.0
Pune,18.5204,73.8567,2025-09-23 14:00:00,24.7,16.1,147.0,7.5,8.5,65.0,25.9,73,0.2,15.1
Pune,18.5204,73.8567,2025-09-23 15:00:00,24.7,16.2,156.0,7.9,8.4,65.0,25.3,74,0.1,17.4
Pune,18.5204,73.8567,2025-09-23 16:00:00,23.4,15.6,170.0,8.4,8.3,64.0,25.0,74,0.0,17.3
Pune,18.5204,73.8567,2025-09-23 17:00:00,28.9,19.4,184.0,8.1,9.7,71.0,24.0,77,0.0,15.5
Pune,18.5204,73.8567,2025-09-23 18:00:00,28.2,20.0,198.0,11.1,11.1,63.0,23.2,83,0.0,10.6
Pune,18.5204,73.8567,2025-09-23 19:00:00,28.9,20.8,212.0,15.1,12.9,52.0,22.8,86,0.0,10.0
Pune,18.5204,73.8567,2025-09-23 20:00:00,29.1,21.2,217.0,17.5,13.9,43.0,22.2,89,0.0,9.4
Pune,18.5204,73.8567,2025-09-23 21:00:00,29.7,21.5,209.0,16.7,13.4,40.0,21.8,92,0.0,9.3
Pune,18.5204,73.8567,2025-09-23 22:00:00,32.7,24.2,193.0,14.1,12.2,40.0,21.6,93,0.0,8.7
Pune,18.5204,73.8567,2025-09-23 23:00:00,32.7,24.1,175.0,11.8,10.8,40.0,21.5,93,0.0,9.4
Pune,18.5204,73.8567,2025-09-24 00:00:00,30.6,23.0,154.0,10.1,9.5,40.0,21.6,93,0.0,10.7
Pune,18.5204,73.8567,2025-09-24 01:00:00,29.3,21.3,131.0,8.6,8.1,40.0,21.6,93,0.0,10.8
Pune,18.5204,73.8567,2025-09-24 02:00:00,27.4,20.4,115.0,7.6,7.0,39.0,21.4,94,0.0,10.8
Pune,18.5204,73.8567,2025-09-24 03:00:00,26.0,18.7,109.0,7.3,6.6,37.0,21.1,94,0.0,10.9
Pune,18.5204,73.8567,2025-09-24 04:00:00,23.8,17.5,109.0,7.4,6.5,35.0,20.8,95,0.0,10.4
Pune,18.5204,73.8567,2025-09-24 05:00:00,25.5,19.7,118.0,7.2,6.8,37.0,20.7,95,0.0,9.6
Pune,18.5204,73.8567,2025-09-24 06:00:00,25.1,19.0,143.0,7.3,7.2,37.0,20.8,95,0.0,8.7
Pune,18.5204,73.8567,2025-09-24 07:00:00,23.5,17.4,177.0,7.3,7.8,38.0,21.7,90,0.0,9.7
Pune,18.5204,73.8567,2025-09-24 08:00:00,19.8,13.3,196.0,7.0,8.0,42.0,23.1,83,0.0,12.1
Pune,18.5204,73.8567,2025-09-24 09:00:00,17.9,11.7,186.0,6.0,7.6,50.0,24.7,75,0.0,12.5
Pune,18.5204,73.8567,2025-09-24 10:00:00,17.0,11.5,162.0,4.5,6.9,60.0,25.8,70,0.1,12.0
Pune,18.5204,73.8567,2025-09-24 11:00:00,17.2,12.1,143.0,3.4,6.3,70.0,26.5,67,0.2,12.0
Pune,18.5204,73.8567,2025-09-24 12:00:00,16.2,11.8,137.0,2.7,5.8,79.0,26.8,66,0.3,12.8
Pune,18.5204,73.8567,2025-09-24 13:00:00,15.0,11.3,137.0,2.2,5.4,88.0,26.6,68,0.2,15.1
Pune,18.5204,73.8567,2025-09-24 14:00:00,14.1,11.1,143.0,2.4,5.2,91.0,26.4,71,0.1,13.2
Pune,18.5204,73.8567,2025-09-24 15:00:00,12.6,10.1,158.0,3.2,5.0,85.0,25.6,70,0.2,15.4
Pune,18.5204,73.8567,2025-09-24 16:00:00,11.7,9.8,179.0,4.7,5.0,74.0,25.3,72,0.2,14.4
Pune,18.5204,73.8567,2025-09-24 17:00:00,12.5,9.7,198.0,6.1,6.1,67.0,24.6,76,0.0,12.8
Pune,18.5204,73.8567,2025-09-24 18:00:00,12.7,10.6,214.0,9.3,7.3,58.0,23.7,82,0.0,11.4
Pune,18.5204,73.8567,2025-09-24 19:00:00,13.9,11.7,229.0,13.7,9.0,44.0,22.7,87,0.0,10.6
Pune,18.5204,73.8567,2025-09-24 20:00:00,14.5,12.0,240.0,16.8,10.3,34.0,22.1,90,0.0,9.4
Pune,18.5204,73.8567,2025-09-24 21:00:00,14.0,11.8,250.0,17.4,10.8,29.0,21.6,92,0.0,7.6
Pune,18.5204,73.8567,2025-09-24 22:00:00,14.8,12.5,256.0,16.8,11.0,27.0,21.3,93,0.0,7.6
Pune,18.5204,73.8567,2025-09-24 23:00:00,15.2,12.9,249.0,15.8,10.8,26.0,21.1,93,0.0,7.9
Pune,18.5204,73.8567,2025-09-25 00:00:00,14.8,12.6,219.0,14.7,10.2,25.0,20.9,94,0.0,8.8
Pune,18.5204,73.8567,2025-09-25 01:00:00,14.6,12.3,175.0,13.3,9.2,25.0,20.7,94,0.0,8.8
Pune,18.5204,73.8567,2025-09-25 02:00:00,14.3,12.1,144.0,12.2,8.5,25.0,20.5,95,0.0,7.9
Pune,18.5204,73.8567,2025-09-25 03:00:00,13.6,11.5,133.0,11.9,8.2,23.0,20.4,95,0.0,7.3
Pune,18.5204,73.8567,2025-09-25 04:00:00,13.2,11.1,133.0,12.0,8.2,21.0,20.4,95,0.0,7.6
Pune,18.5204,73.8567,2025-09-25 05:00:00,13.9,11.8,144.0,8.0,5.7,27.0,20.3,95,0.0,6.9
Pune,18.5204,73.8567,2025-09-25 06:00:00,12.9,11.2,175.0,7.8,6.3,27.0,20.9,94,0.0,6.9
Pune,18.5204,73.8567,2025-09-25 07:00:00,12.3,10.6,217.0,7.5,7.1,28.0,21.6,90,0.0,7.3
Pune,18.5204,73.8567,2025-09-25 08:00:00,11.1,9.1,238.0,6.9,7.5,32.0,23.0,85,0.0,7.3
Pune,18.5204,73.8567,2025-09-25 09:00:00,9.1,6.9,219.0,5.6,7.0,41.0,24.6,76,0.0,10.8
Pune,18.5204,73.8567,2025-09-25 10:00:00,9.1,6.9,180.0,3.9,6.0,53.0,25.8,71,0.0,10.4
Pune,18.5204,73.8567,2025-09-25 11:00:00,8.8,6.8,152.0,2.7,5.1,63.0,27.0,64,0.1,10.1
Pune,18.5204,73.8567,2025-09-25 12:00:00,8.6,6.9,145.0,2.0,4.5,69.0,27.7,61,0.3,10.9
Pune,18.5204,73.8567,2025-09-25 13:00:00,8.6,7.1,149.0,1.8,4.0,74.0,26.8,66,0.3,12.9
Pune,18.5204,73.8567,2025-09-25 14:00:00,9.2,7.7,160.0,2.2,3.7,75.0,26.8,68,0.1,10.9
Pune,18.5204,73.8567,2025-09-25 15:00:00,9.8,8.3,179.0,3.4,3.7,72.0,26.6,70,0.1,13.5
Pune,18.5204,73.8567,2025-09-25 16:00:00,10.2,8.8,206.0,5.3,3.9,66.0,25.3,74,0.1,12.8
Pune,18.5204,73.8567,2025-09-25 17:00:00,11.3,9.9,229.0,6.6,4.5,67.0,24.5,79,0.0,12.3
Pune,18.5204,73.8567,2025-09-25 18:00:00,12.5,11.3,250.0,9.9,6.3,57.0,24.3,82,0.0,9.4
Pune,18.5204,73.8567,2025-09-25 19:00:00,12.8,11.7,268.0,14.3,8.7,44.0,23.4,87,0.0,9.8
Pune,18.5204,73.8567,2025-09-25 20:00:00,13.0,11.8,274.0,17.5,10.6,33.0,22.7,90,0.0,7.8
Pune,18.5204,73.8567,2025-09-25 21:00:00,13.1,12.0,262.0,18.3,11.6,27.0,22.4,92,0.0,8.4
Pune,18.5204,73.8567,2025-09-25 22:00:00,13.7,12.7,238.0,17.8,12.1,24.0,22.1,92,0.0,9.2
Pune,18.5204,73.8567,2025-09-25 23:00:00,14.6,13.5,213.0,16.8,12.0,22.0,21.8,93,0.0,7.9
Pune,18.5204,73.8567,2025-09-26 00:00:00,15.3,14.2,186.0,15.1,11.1,22.0,21.5,94,0.0,8.0
Pune,18.5204,73.8567,2025-09-26 01:00:00,14.6,13.5,156.0,12.7,9.8,23.0,21.3,94,0.0,8.5
Pune,18.5204,73.8567,2025-09-26 02:00:00,14.9,14.0,137.0,10.9,8.7,24.0,21.3,92,0.0,7.9
Pune,18.5204,73.8567,2025-09-26 03:00:00,15.5,14.4,131.0,10.0,8.3,25.0,21.1,93,0.0,8.8
Pune,18.5204,73.8567,2025-09-26 04:00:00,15.7,14.5,135.0,9.6,8.3,25.0,21.1,93,0.0,6.9
Pune,18.5204,73.8567,2025-09-26 05:00:00,11.2,10.2,148.0,8.3,7.8,29.0,21.0,94,0.0,7.8
Pune,18.5204,73.8567,2025-09-26 06:00:00,11.0,10.0,179.0,8.0,7.7,30.0,22.0,92,0.0,8.5
Pune,18.5204,73.8567,2025-09-26 07:00:00,10.8,9.3,219.0,7.6,7.7,33.0,22.3,90,0.0,8.7
Pune,18.5204,73.8567,2025-09-26 08:00:00,10.5,8.6,241.0,7.1,7.6,36.0,22.8,87,0.0,8.5
Pune,18.5204,73.8567,2025-09-26 09:00:00,10.9,9.0,221.0,6.5,7.5,42.0,23.9,81,0.0,11.3
Pune,18.5204,73.8567,2025-09-26 10:00:00,11.8,9.9,183.0,5.8,7.5,49.0,25.5,73,0.0,12.6
Pune,18.5204,73.8567,2025-09-26 11:00:00,12.8,10.9,166.0,5.6,7.5,55.0,26.6,69,0.0,11.5
Pune,18.5204,73.8567,2025-09-26 12:00:00,14.0,12.2,192.0,5.9,7.6,60.0,26.4,69,0.1,10.3
Pune,18.5204,73.8567,2025-09-26 13:00:00,15.5,13.9,239.0,6.7,7.9,65.0,24.5,83,1.7,6.7
Pune,18.5204,73.8567,2025-09-26 14:00:00,16.6,15.0,280.0,8.0,8.4,68.0,23.6,92,2.3,9.0
Pune,18.5204,73.8567,2025-09-26 15:00:00,17.2,15.7,305.0,10.1,9.3,69.0,23.6,91,1.1,7.9
Pune,18.5204,73.8567,2025-09-26 16:00:00,19.8,18.6,323.0,12.8,10.5,67.0,23.8,89,0.1,11.0
Pune,18.5204,73.8567,2025-09-26 17:00:00,21.9,19.2,334.0,10.8,10.6,72.0,23.5,89,0.0,12.8
Pune,18.5204,73.8567,2025-09-26 18:00:00,24.2,22.1,338.0,13.6,11.4,65.0,23.2,91,0.0,9.3
Pune,18.5204,73.8567,2025-09-26 19:00:00,25.0,23.1,334.0,17.4,12.5,54.0,22.7,93,0.0,9.4
Pune,18.5204,73.8567,2025-09-26 20:00:00,18.7,17.1,321.0,20.3,13.5,46.0,22.3,94,0.0,8.8
Pune,18.5204,73.8567,2025-09-26 21:00:00,19.6,17.9,293.0,21.5,14.3,41.0,21.9,94,0.0,8.4
Pune,18.5204,73.8567,2025-09-26 22:00:00,19.5,18.0,255.0,21.7,14.9,38.0,21.7,94,0.0,8.9
Pune,18.5204,73.8567,2025-09-26 23:00:00,19.1,17.8,220.0,21.0,15.2,37.0,21.7,94,0.0,10.5
Pune,18.5204,73.8567,2025-09-27 00:00:00,20.0,18.6,190.0,19.1,14.8,37.0,21.7,95,0.0,12.2
Pune,18.5204,73.8567,2025-09-27 01:00:00,20.1,18.7,164.0,16.4,14.0,39.0,21.6,96,0.0,11.6
Pune,18.5204,73.8567,2025-09-27 02:00:00,17.2,15.9,149.0,14.0,13.3,41.0,21.7,96,0.0,12.2
Pune,18.5204,73.8567,2025-09-27 03:00:00,15.7,14.2,147.0,12.3,12.9,43.0,21.8,96,0.1,13.2
Pune,18.5204,73.8567,2025-09-27 04:00:00,17.2,15.4,155.0,11.0,12.6,45.0,21.9,95,0.1,13.3
Pune,18.5204,73.8567,2025-09-27 05:00:00,7.6,6.9,177.0,6.9,7.4,61.0,21.8,94,0.2,12.3
Pune,18.5204,73.8567,2025-09-27 06:00:00,5.6,5.1,224.0,9.8,8.4,58.0,22.3,96,4.5,11.3
Pune,18.5204,73.8567,2025-09-27 07:00:00,4.7,4.5,284.0,13.7,9.7,53.0,22.1,97,4.7,10.0
Pune,18.5204,73.8567,2025-09-27 08:00:00,3.8,3.7,326.0,16.2,11.0,52.0,22.1,97,2.1,12.6
Pune,18.5204,73.8567,2025-09-27 09:00:00,5.3,4.8,338.0,16.1,12.2,55.0,22.3,96,0.9,9.4
Pune,18.5204,73.8567,2025-09-27 10:00:00,6.1,5.7,331.0,14.5,13.2,60.0,22.5,96,1.2,11.4
Pune,18.5204,73.8567,2025-09-27 11:00:00,6.6,6.2,316.0,12.7,13.6,68.0,22.7,96,1.9,11.8
Pune,18.5204,73.8567,2025-09-27 12:00:00,6.6,6.3,283.0,10.3,12.7,81.0,23.1,93,0.6,13.7
Pune,18.5204,73.8567,2025-09-27 13:00:00,7.7,7.1,240.0,7.6,11.1,95.0,24.9,84,0.1,15.4
Pune,18.5204,73.8567,2025-09-27 14:00:00,9.7,8.6,222.0,6.6,10.0,103.0,25.6,79,0.2,15.5
Pune,18.5204,73.8567,2025-09-27 15:00:00,11.4,9.8,256.0,8.8,10.0,97.0,25.2,81,0.3,14.9
Pune,18.5204,73.8567,2025-09-27 16:00:00,11.2,10.1,314.0,12.7,10.5,84.0,24.3,86,0.4,14.2
Pune,18.5204,73.8567,2025-09-27 17:00:00,13.6,12.6,350.0,16.3,12.8,56.0,23.3,91,0.6,15.1
Pune,18.5204,73.8567,2025-09-27 18:00:00,10.3,9.8,340.0,15.4,11.9,53.0,22.4,92,0.2,15.3
Pune,18.5204,73.8567,2025-09-27 19:00:00,7.2,6.8,306.0,14.1,10.7,48.0,22.1,93,0.1,15.0
Pune,18.5204,73.8567,2025-09-27 20:00:00,4.4,4.3,272.0,12.8,9.5,45.0,22.0,92,0.2,15.8
Pune,18.5204,73.8567,2025-09-27 21:00:00,2.9,2.9,242.0,11.4,8.5,44.0,21.4,95,2.5,18.2
Pune,18.5204,73.8567,2025-09-27 22:00:00,2.5,2.4,211.0,10.0,7.6,45.0,21.4,95,2.8,19.6
Pune,18.5204,73.8567,2025-09-27 23:00:00,2.1,2.0,185.0,8.6,6.8,47.0,21.5,95,4.1,21.6
Pune,18.5204,73.8567,2025-09-28 00:00:00,2.0,1.9,165.0,7.2,6.0,50.0,21.8,95,7.2,20.6
Pune,18.5204,73.8567,2025-09-28 01:00:00,2.0,1.9,149.0,5.9,5.2,54.0,21.8,94,5.3,27.9
Pune,18.5204,73.8567,2025-09-28 02:00:00,1.4,1.3,140.0,4.9,4.6,58.0,21.8,95,4.9,10.3
Pune,18.5204,73.8567,2025-09-28 03:00:00,0.9,0.9,136.0,4.1,4.3,62.0,21.5,96,13.9,0.7
Pune,18.5204,73.8567,2025-09-28 04:00:00,0.8,0.7,137.0,3.6,4.2,66.0,21.7,96,8.6,10.4
Pune,18.5204,73.8567,2025-09-28 05:00:00,0.9,0.7,150.0,4.8,4.4,59.0,22.3,95,1.5,17.7
Pune,18.5204,73.8567,2025-09-28 06:00:00,0.8,0.7,185.0,6.9,5.3,56.0,21.4,94,1.5,20.7
Pune,18.5204,73.8567,2025-09-28 07:00:00,1.6,1.6,231.0,9.7,6.5,51.0,21.7,93,0.5,18.9
Pune,18.5204,73.8567,2025-09-28 08:00:00,2.5,2.4,261.0,11.4,7.4,49.0,22.0,94,0.9,14.3
Pune,18.5204,73.8567,2025-09-28 09:00:00,2.5,2.4,260.0,10.7,7.8,51.0,22.4,94,4.3,19.5
Pune,18.5204,73.8567,2025-09-28 10:00:00,2.7,2.6,243.0,8.8,7.9,55.0,22.3,94,4.3,18.9
Pune,18.5204,73.8567,2025-09-28 11:00:00,2.4,2.4,229.0,7.5,8.0,59.0,22.7,95,3.4,17.1
Pune,18.5204,73.8567,2025-09-28 12:00:00,2.8,2.8,224.0,7.6,8.1,61.0,22.8,94,3.7,20.3
Pune,18.5204,73.8567,2025-09-28 13:00:00,3.4,3.4,221.0,8.3,8.2,62.0,22.1,94,2.0,21.5
Pune,18.5204,73.8567,2025-09-28 14:00:00,3.8,3.8,221.0,8.9,8.2,64.0,21.6,93,1.5,21.6
Pune,18.5204,73.8567,2025-09-28 15:00:00,3.4,3.3,226.0,9.3,8.0,67.0,21.0,92,1.9,25.0
Pune,18.5204,73.8567,2025-09-28 16:00:00,2.7,2.7,232.0,9.6,7.8,70.0,21.7,89,0.9,22.3
Pune,18.5204,73.8567,2025-09-28 17:00:00,5.5,5.4,231.0,7.2,4.0,63.0,22.0,88,0.6,21.0
Pune,18.5204,73.8567,2025-09-28 18:00:00,7.4,7.0,215.0,8.0,4.3,60.0,22.1,91,0.5,18.3
Pune,18.5204,73.8567,2025-09-28 19:00:00,6.5,6.0,192.0,9.0,4.6,56.0,22.2,91,0.1,19.6
Pune,18.5204,73.8567,2025-09-28 20:00:00,6.9,6.4,173.0,9.5,4.9,53.0,22.1,91,0.0,18.4
Pune,18.5204,73.8567,2025-09-28 21:00:00,6.5,6.0,164.0,9.1,4.9,52.0,22.2,91,0.1,16.0
Pune,18.5204,73.8567,2025-09-28 22:00:00,6.7,6.3,160.0,8.1,4.9,52.0,22.2,91,0.2,15.8
Pune,18.5204,73.8567,2025-09-28 23:00:00,6.3,5.7,155.0,7.2,4.8,53.0,22.2,91,0.1,18.0
Pune,18.5204,73.8567,2025-09-29 00:00:00,7.2,6.4,146.0,6.4,4.8,55.0,21.9,92,0.2,15.5
Pune,18.5204,73.8567,2025-09-29 01:00:00,8.1,7.1,137.0,5.7,4.8,58.0,21.8,92,0.3,16.8
Pune,18.5204,73.8567,2025-09-29 02:00:00,9.5,8.1,130.0,5.2,4.7,60.0,21.5,92,0.0,16.3
Pune,18.5204,73.8567,2025-09-29 03:00:00,10.4,8.7,126.0,5.2,4.5,59.0,21.4,91,0.0,17.1
Pune,18.5204,73.8567,2025-09-29 04:00:00,11.4,9.5,124.0,5.4,4.3,57.0,21.4,91,0.0,17.0
Pune,18.5204,73.8567,2025-09-29 05:00:00,6.7,5.5,131.0,4.2,4.7,68.0,21.5,90,0.1,18.1
Pune,18.5204,73.8567,2025-09-29 06:00:00,7.9,6.4,155.0,4.8,5.0,70.0,21.3,91,0.0,14.6
Pune,18.5204,73.8567,2025-09-29 07:00:00,9.8,8.0,188.0,5.6,5.3,73.0,21.9,90,0.0,13.4
Pune,18.5204,73.8567,2025-09-29 08:00:00,10.3,8.8,208.0,5.8,5.4,78.0,22.5,88,0.2,14.7
Pune,18.5204,73.8567,2025-09-29 09:00:00,10.7,9.1,202.0,4.7,4.9,87.0,23.6,85,0.1,13.3
Pune,18.5204,73.8567,2025-09-29 10:00:00,10.4,8.8,184.0,3.0,4.2,99.0,24.3,79,0.6,21.2
Pune,18.5204,73.8567,2025-09-29 11:00:00,10.1,8.4,168.0,1.7,3.6,107.0,24.9,77,0.4,18.9
Pune,18.5204,73.8567,2025-09-29 12:00:00,10.6,8.5,161.0,1.3,3.3,110.0,26.1,68,0.0,17.6
Pune,18.5204,73.8567,2025-09-29 13:00:00,11.4,8.9,158.0,1.3,3.2,109.0,26.5,66,0.0,15.8
Pune,18.5204,73.8567,2025-09-29 14:00:00,12.8,9.8,157.0,1.7,3.2,106.0,26.6,66,0.0,17.9
Pune,18.5204,73.8567,2025-09-29 15:00:00,13.2,10.0,156.0,2.2,3.4,102.0,26.1,69,0.0,16.7
Pune,18.5204,73.8567,2025-09-29 16:00:00,12.7,9.7,159.0,3.0,3.7,96.0,24.9,74,0.0,16.2
Pune,18.5204,73.8567,2025-09-29 17:00:00,14.5,11.6,172.0,4.8,4.6,90.0,23.7,79,0.0,13.9
Pune,18.5204,73.8567,2025-09-29 18:00:00,14.2,11.8,209.0,7.1,5.4,84.0,22.7,85,0.0,9.5
Pune,18.5204,73.8567,2025-09-29 19:00:00,14.9,12.3,257.0,10.2,6.6,75.0,22.2,88,0.0,8.8
Pune,18.5204,73.8567,2025-09-29 20:00:00,16.8,14.0,285.0,13.1,7.5,66.0,22.0,90,0.0,6.9
Pune,18.5204,73.8567,2025-09-29 21:00:00,19.2,16.3,277.0,15.5,8.0,58.0,21.9,91,0.0,6.4
Pune,18.5204,73.8567,2025-09-29 22:00:00,19.7,17.0,250.0,17.5,8.2,50.0,21.6,93,0.0,6.0
Pune,18.5204,73.8567,2025-09-29 23:00:00,18.5,16.2,220.0,18.6,8.1,44.0,21.8,93,0.0,4.6
Pune,18.5204,73.8567,2025-09-30 00:00:00,16.3,14.4,188.0,18.3,7.4,39.0,22.0,92,0.0,7.7
Pune,18.5204,73.8567,2025-09-30 01:00:00,14.6,13.5,152.0,17.1,6.3,36.0,21.6,92,0.0,8.1
Pune,18.5204,73.8567,2025-09-30 02:00:00,13.2,12.3,129.0,15.4,5.3,34.0,21.6,93,0.0,6.2
Pune,18.5204,73.8567,2025-09-30 03:00:00,11.8,11.0,126.0,13.1,4.5,34.0,21.7,93,0.0,5.0
Pune,18.5204,73.8567,2025-09-30 04:00:00,8.9,8.1,134.0,10.4,3.9,36.0,21.7,93,0.0,4.6
Pune,18.5204,73.8567,2025-09-30 05:00:00,2.1,1.9,145.0,4.8,3.6,43.0,21.6,92,0.0,8.4
Pune,18.5204,73.8567,2025-09-30 06:00:00,2.7,2.3,159.0,5.2,3.9,43.0,21.0,95,0.0,7.5
Pune,18.5204,73.8567,2025-09-30 07:00:00,4.0,3.3,175.0,5.6,4.2,44.0,21.8,91,0.0,9.9
Pune,18.5204,73.8567,2025-09-30 08:00:00,6.3,4.6,183.0,5.6,4.4,47.0,23.1,84,0.0,13.7
Pune,18.5204,73.8567,2025-09-30 09:00:00,10.6,6.3,175.0,4.6,4.2,54.0,24.6,78,0.0,12.7
Pune,18.5204,73.8567,2025-09-30 10:00:00,14.1,7.9,158.0,3.0,3.7,64.0,25.8,72,0.0,16.0
Pune,18.5204,73.8567,2025-09-30 11:00:00,12.2,7.0,146.0,1.9,3.3,70.0,26.3,70,0.1,16.0
Pune,18.5204,73.8567,2025-09-30 12:00:00,11.4,6.7,145.0,1.4,2.9,71.0,26.4,70,0.3,17.4
Pune,18.5204,73.8567,2025-09-30 13:00:00,8.8,5.5,148.0,1.3,2.6,70.0,26.6,73,0.0,14.6
Pune,18.5204,73.8567,2025-09-30 14:00:00,7.2,4.8,153.0,1.7,2.5,67.0,25.6,73,0.5,18.4
Pune,18.5204,73.8567,2025-09-30 15:00:00,7.3,4.9,157.0,2.9,3.0,63.0,25.6,75,0.1,19.0
Pune,18.5204,73.8567,2025-09-30 16:00:00,7.7,5.3,161.0,4.7,3.8,58.0,24.5,79,0.3,17.8
Pune,18.5204,73.8567,2025-09-30 17:00:00,8.7,6.1,170.0,5.2,4.1,56.0,23.8,83,0.1,15.8
Pune,18.5204,73.8567,2025-09-30 18:00:00,7.7,5.9,189.0,7.0,4.7,50.0,22.6,88,0.0,12.2
Pune,18.5204,73.8567,2025-09-30 19:00:00,7.2,6.0,212.0,9.4,5.5,42.0,22.2,90,0.0,10.5
Pune,18.5204,73.8567,2025-09-30 20:00:00,6.5,5.6,224.0,11.1,6.0,36.0,21.8,91,0.0,7.8
Pune,18.5204,73.8567,2025-09-30 21:00:00,6.2,5.5,216.0,11.5,5.9,34.0,21.7,92,0.0,6.6
Pune,18.5204,73.8567,2025-09-30 22:00:00,6.6,6.0,196.0,11.1,5.5,34.0,21.8,91,0.0,5.6
Pune,18.5204,73.8567,2025-09-30 23:00:00,6.3,5.8,178.0,10.7,5.1,34.0,21.8,91,0.0,6.0
Pune,18.5204,73.8567,2025-10-01 00:00:00,5.8,5.3,163.0,10.4,4.7,33.0,21.7,91,0.0,7.8
Pune,18.5204,73.8567,2025-10-01 01:00:00,5.6,5.2,150.0,10.1,4.3,32.0,21.7,92,0.0,6.0
Pune,18.5204,73.8567,2025-10-01 02:00:00,5.2,4.8,140.0,9.6,3.9,31.0,21.7,93,0.0,3.7
Pune,18.5204,73.8567,2025-10-01 03:00:00,4.6,4.1,136.0,8.7,3.7,31.0,21.7,93,0.0,3.2
Pune,18.5204,73.8567,2025-10-01 04:00:00,4.0,3.6,136.0,7.7,3.6,32.0,21.6,93,0.0,6.4
Pune,18.5204,73.8567,2025-10-01 05:00:00,2.5,2.4,138.0,5.2,3.1,38.0,21.7,93,0.0,6.6
Pune,18.5204,73.8567,2025-10-01 06:00:00,3.2,3.1,145.0,5.4,3.2,38.0,21.9,92,0.0,8.9
Pune,18.5204,73.8567,2025-10-01 07:00:00,3.1,2.9,155.0,5.6,3.4,39.0,22.7,90,0.0,8.9
Pune,18.5204,73.8567,2025-10-01 08:00:00,3.3,3.1,160.0,5.4,3.5,42.0,23.5,85,0.0,10.4
Pune,18.5204,73.8567,2025-10-01 09:00:00,3.6,2.9,153.0,4.4,3.4,48.0,24.9,77,0.0,14.8
Pune,18.5204,73.8567,2025-10-01 10:00:00,4.9,3.6,141.0,3.0,3.1,56.0,26.1,70,0.0,15.0
Pune,18.5204,73.8567,2025-10-01 11:00:00,5.7,4.2,133.0,1.9,2.9,62.0,26.6,69,0.1,16.3
Pune,18.5204,73.8567,2025-10-01 12:00:00,6.2,4.5,133.0,1.4,2.6,65.0,26.9,68,0.0,16.1
Pune,18.5204,73.8567,2025-10-01 13:00:00,6.2,4.5,136.0,1.3,2.4,66.0,27.1,67,0.0,16.2
Pune,18.5204,73.8567,2025-10-01 14:00:00,6.2,4.4,142.0,1.6,2.3,65.0,26.7,68,0.1,17.5
Pune,18.5204,73.8567,2025-10-01 15:00:00,7.0,4.5,148.0,2.2,2.5,63.0,26.2,73,0.0,14.9
Pune,18.5204,73.8567,2025-10-01 16:00:00,8.0,5.0,156.0,3.1,2.9,59.0,25.3,75,0.1,15.5
Pune,18.5204,73.8567,2025-10-01 17:00:00,12.4,7.9,167.0,5.5,4.3,56.0,24.3,81,0.1,10.1
Pune,18.5204,73.8567,2025-10-01 18:00:00,13.1,9.3,188.0,9.1,5.2,48.0,23.6,84,0.0,9.9
Pune,18.5204,73.8567,2025-10-01 19:00:00,14.4,10.6,212.0,14.1,6.5,36.0,23.1,86,0.0,9.4
Pune,18.5204,73.8567,2025-10-01 20:00:00,15.1,11.5,226.0,17.9,7.4,27.0,22.8,87,0.0,7.3
Pune,18.5204,73.8567,2025-10-01 21:00:00,15.4,12.2,221.0,19.3,7.7,22.0,22.5,89,0.0,9.1
Pune,18.5204,73.8567,2025-10-01 22:00:00,15.0,12.3,205.0,19.5,7.7,20.0,22.4,90,0.0,10.3
Pune,18.5204,73.8567,2025-10-01 23:00:00,13.5,11.4,186.0,19.5,7.5,18.0,22.1,91,0.0,8.5
Pune,18.5204,73.8567,2025-10-02 00:00:00,12.5,10.8,162.0,19.6,7.2,17.0,22.1,92,0.0,6.8
Pune,18.5204,73.8567,2025-10-02 01:00:00,12.9,11.4,134.0,19.5,6.7,16.0,22.0,92,0.0,6.9
Pune,18.5204,73.8567,2025-10-02 02:00:00,11.2,9.8,118.0,19.2,6.2,16.0,21.4,93,0.0,6.8
Pune,18.5204,73.8567,2025-10-02 03:00:00,10.2,8.9,121.0,18.8,5.7,15.0,21.0,93,0.0,7.7
Pune,18.5204,73.8567,2025-10-02 04:00:00,10.0,8.4,134.0,18.3,5.2,15.0,21.0,93,0.0,7.4
Pune,18.5204,73.8567,2025-10-02 05:00:00,6.8,4.9,151.0,7.4,4.1,29.0,21.8,90,0.0,6.2
Pune,18.5204,73.8567,2025-10-02 06:00:00,7.5,5.5,174.0,6.6,4.0,32.0,21.7,90,0.0,5.4
Pune,18.5204,73.8567,2025-10-02 07:00:00,7.2,5.0,201.0,5.5,3.9,37.0,22.3,86,0.0,4.6
Pune,18.5204,73.8567,2025-10-02 08:00:00,6.5,4.3,211.0,4.4,3.8,42.0,23.7,80,0.0,9.3
Pune,18.5204,73.8567,2025-10-02 09:00:00,7.1,4.4,190.0,3.5,3.6,48.0,25.2,73,0.0,12.1
Pune,18.5204,73.8567,2025-10-02 10:00:00,8.2,5.0,154.0,2.7,3.3,55.0,26.3,67,0.0,14.8
Pune,18.5204,73.8567,2025-10-02 11:00:00,8.6,5.2,128.0,2.1,3.1,60.0,27.1,66,0.0,12.2
Pune,18.5204,73.8567,2025-10-02 12:00:00,8.7,5.2,124.0,1.8,3.0,62.0,27.9,62,0.0,14.5
Pune,18.5204,73.8567,2025-10-02 13:00:00,8.3,5.1,129.0,1.8,2.9,61.0,28.0,61,0.0,14.3
Pune,18.5204,73.8567,2025-10-02 14:00:00,8.4,5.3,139.0,2.2,3.0,60.0,27.3,66,0.1,16.6
Pune,18.5204,73.8567,2025-10-02 15:00:00,8.6,5.5,150.0,3.0,3.3,58.0,26.5,71,0.0,12.5
Pune,18.5204,73.8567,2025-10-02 16:00:00,7.9,5.4,165.0,4.1,3.7,54.0,26.1,72,0.0,12.0
Pune,18.5204,73.8567,2025-10-02 17:00:00,13.0,8.4,182.0,5.8,4.8,54.0,24.3,81,0.0,12.2
Pune,18.5204,73.8567,2025-10-02 18:00:00,13.2,9.7,203.0,8.7,5.8,47.0,23.6,84,0.1,10.4
Pune,18.5204,73.8567,2025-10-02 19:00:00,13.8,10.6,227.0,12.8,7.1,37.0,23.0,88,0.0,8.9
Pune,18.5204,73.8567,2025-10-02 20:00:00,14.3,11.2,240.0,16.0,8.1,29.0,22.9,89,0.0,7.9
Pune,18.5204,73.8567,2025-10-02 21:00:00,14.7,11.7,238.0,17.8,8.7,24.0,22.4,91,0.0,7.8
Pune,18.5204,73.8567,2025-10-02 22:00:00,15.1,12.4,227.0,18.8,8.9,20.0,22.0,91,0.0,6.1
Pune,18.5204,73.8567,2025-10-02 23:00:00,15.4,12.8,211.0,18.4,8.6,19.0,22.2,92,0.0,6.8
Pune,18.5204,73.8567,2025-10-03 00:00:00,14.6,12.3,188.0,15.5,7.2,22.0,22.0,92,0.0,5.6
Pune,18.5204,73.8567,2025-10-03 01:00:00,11.8,9.8,160.0,11.2,5.3,27.0,21.8,94,0.0,3.7
Pune,18.5204,73.8567,2025-10-03 02:00:00,9.6,7.9,144.0,8.1,3.9,31.0,21.8,93,0.0,5.1
Pune,18.5204,73.8567,2025-10-03 03:00:00,8.2,6.9,148.0,7.4,3.5,30.0,21.8,93,0.0,5.7
Pune,18.5204,73.8567,2025-10-03 04:00:00,7.9,6.7,164.0,7.8,3.7,28.0,21.8,93,0.0,4.3
Pune,18.5204,73.8567,2025-10-03 05:00:00,16.0,14.7,177.0,11.9,4.6,19.0,22.5,94,0.0,4.9
Pune,18.5204,73.8567,2025-10-03 06:00:00,14.5,13.3,186.0,10.6,4.8,23.0,22.3,93,0.0,4.8
Pune,18.5204,73.8567,2025-10-03 07:00:00,12.8,11.8,193.0,8.8,5.1,29.0,22.8,90,0.0,4.2
Pune,18.5204,73.8567,2025-10-03 08:00:00,9.5,8.6,192.0,7.0,5.0,36.0,24.2,82,0.0,8.7
Pune,18.5204,73.8567,2025-10-03 09:00:00,7.5,6.8,177.0,5.2,4.3,44.0,25.5,75,0.1,7.9
Pune,18.5204,73.8567,2025-10-03 10:00:00,5.8,5.3,155.0,3.5,3.4,52.0,26.5,71,0.2,8.2
Pune,18.5204,73.8567,2025-10-03 11:00:00,4.6,4.3,140.0,2.3,2.6,58.0,27.3,70,0.4,9.3
Pune,18.5204,73.8567,2025-10-03 12:00:00,4.5,4.3,135.0,1.8,2.1,60.0,27.5,69,0.1,10.7
Pune,18.5204,73.8567,2025-10-03 13:00:00,4.3,4.1,137.0,1.8,1.8,59.0,28.1,67,0.0,9.1
Pune,18.5204,73.8567,2025-10-03 14:00:00,3.9,3.8,149.0,2.2,1.9,58.0,28.2,68,0.1,8.1
Pune,18.5204,73.8567,2025-10-03 15:00:00,4.3,4.1,178.0,2.7,2.3,59.0,26.7,73,0.4,8.4
Pune,18.5204,73.8567,2025-10-03 16:00:00,5.0,4.8,217.0,3.6,3.1,59.0,26.3,72,0.2,10.3
Pune,18.5204,73.8567,2025-10-03 17:00:00,6.3,5.9,252.0,6.1,4.7,61.0,24.8,82,0.5,11.2
Pune,18.5204,73.8567,2025-10-03 18:00:00,8.8,8.4,278.0,11.4,6.5,51.0,24.1,85,0.0,10.2
Pune,18.5204,73.8567,2025-10-03 19:00:00,11.8,11.5,298.0,18.8,9.0,38.0,23.3,89,0.0,7.8
Pune,18.5204,73.8567,2025-10-03 20:00:00,13.9,13.6,313.0,24.2,11.0,27.0,22.8,91,0.0,6.6
Pune,18.5204,73.8567,2025-10-03 21:00:00,16.2,15.8,324.0,26.1,11.9,21.0,22.5,93,0.0,6.9
Pune,18.5204,73.8567,2025-10-03 22:00:00,20.2,19.7,329.0,26.0,12.3,17.0,22.1,95,0.0,6.3
Pune,18.5204,73.8567,2025-10-03 23:00:00,22.5,21.7,318.0,24.7,12.4,16.0,22.4,96,0.0,7.5
Pune,18.5204,73.8567,2025-10-04 00:00:00,21.9,20.3,276.0,21.6,12.1,18.0,22.2,95,0.0,6.4
Pune,18.5204,73.8567,2025-10-04 01:00:00,21.5,19.6,218.0,17.2,11.5,22.0,22.0,94,0.0,5.3
Pune,18.5204,73.8567,2025-10-04 02:00:00,21.2,18.7,176.0,14.0,10.8,25.0,22.0,94,0.0,4.6
Pune,18.5204,73.8567,2025-10-04 03:00:00,20.1,17.3,164.0,13.3,10.1,23.0,22.0,93,0.0,4.5
Pune,18.5204,73.8567,2025-10-04 04:00:00,20.1,17.0,169.0,13.6,9.4,19.0,21.9,93,0.0,4.5
Pune,18.5204,73.8567,2025-10-04 05:00:00,21.9,18.7,178.0,11.4,7.8,21.0,21.8,96,0.0,4.0
Pune,18.5204,73.8567,2025-10-04 06:00:00,23.2,19.2,195.0,10.5,7.9,25.0,22.0,96,0.0,5.1
Pune,18.5204,73.8567,2025-10-04 07:00:00,23.5,18.8,216.0,9.2,8.1,30.0,22.7,92,0.0,6.4
Pune,18.5204,73.8567,2025-10-04 08:00:00,18.6,13.4,224.0,7.8,7.9,38.0,23.9,83,0.0,9.2
Pune,18.5204,73.8567,2025-10-04 09:00:00,16.5,11.8,205.0,6.1,7.1,49.0,25.3,76,0.0,9.4
Pune,18.5204,73.8567,2025-10-04 10:00:00,15.8,11.6,171.0,4.3,5.9,62.0,26.5,72,0.1,8.5
Pune,18.5204,73.8567,2025-10-04 11:00:00,13.6,10.2,147.0,2.9,5.0,72.0,27.1,68,0.3,7.2
Pune,18.5204,73.8567,2025-10-04 12:00:00,11.2,8.6,137.0,2.2,4.6,79.0,28.0,65,0.3,6.8
Pune,18.5204,73.8567,2025-10-04 13:00:00,9.4,7.6,136.0,1.9,4.4,82.0,28.3,65,0.1,7.0
Pune,18.5204,73.8567,2025-10-04 14:00:00,8.3,7.1,149.0,2.4,4.6,83.0,28.8,64,0.0,8.9
Pune,18.5204,73.8567,2025-10-04 15:00:00,7.7,6.9,188.0,3.9,5.3,79.0,25.6,77,1.5,12.0
Pune,18.5204,73.8567,2025-10-04 16:00:00,7.0,6.5,240.0,6.1,6.3,71.0,25.3,76,0.7,12.1
Pune,18.5204,73.8567,2025-10-04 17:00:00,12.9,9.6,278.0,7.1,6.5,67.0,24.8,83,0.5,12.3
Pune,18.5204,73.8567,2025-10-04 18:00:00,13.2,11.0,285.0,10.2,7.8,58.0,23.9,87,0.0,9.0
Pune,18.5204,73.8567,2025-10-04 19:00:00,13.3,11.3,277.0,14.4,9.5,45.0,23.4,89,0.0,9.4
Pune,18.5204,73.8567,2025-10-04 20:00:00,13.5,11.3,270.0,17.6,11.0,35.0,22.8,92,0.0,7.2
Pune,18.5204,73.8567,2025-10-04 21:00:00,13.6,11.4,273.0,18.9,12.0,29.0,22.4,93,0.0,8.1
Pune,18.5204,73.8567,2025-10-04 22:00:00,14.3,12.3,276.0,19.3,12.7,26.0,22.1,94,0.0,6.9
Pune,18.5204,73.8567,2025-10-04 23:00:00,15.8,13.6,270.0,19.0,12.9,23.0,21.9,94,0.0,5.6
Pune,18.5204,73.8567,2025-10-05 00:00:00,18.0,15.5,245.0,18.0,12.3,21.0,21.8,94,0.0,6.1
Pune,18.5204,73.8567,2025-10-05 01:00:00,20.0,17.1,212.0,16.4,11.1,20.0,21.9,93,0.0,6.5
Pune,18.5204,73.8567,2025-10-05 02:00:00,21.4,18.3,186.0,14.8,10.4,20.0,21.7,94,0.0,5.9
Pune,18.5204,73.8567,2025-10-05 03:00:00,23.3,18.6,175.0,13.4,10.6,21.0,21.6,94,0.0,5.2
Pune,18.5204,73.8567,2025-10-05 04:00:00,23.2,18.3,171.0,12.0,11.1,23.0,21.4,95,0.0,4.6
Pune,18.5204,73.8567,2025-10-05 05:00:00,22.4,16.5,176.0,10.9,9.0,25.0,21.6,97,0.0,6.2
Pune,18.5204,73.8567,2025-10-05 06:00:00,25.7,18.2,195.0,10.3,9.0,28.0,21.7,96,0.0,5.1
Pune,18.5204,73.8567,2025-10-05 07:00:00,28.0,18.3,222.0,9.3,9.0,32.0,22.4,92,0.0,6.5
Pune,18.5204,73.8567,2025-10-05 08:00:00,27.8,15.4,235.0,8.1,8.6,39.0,23.6,85,0.0,6.6
Pune,18.5204,73.8567,2025-10-05 09:00:00,32.4,15.0,218.0,6.3,7.6,51.0,24.9,77,0.1,7.3
Pune,18.5204,73.8567,2025-10-05 10:00:00,35.3,15.7,186.0,4.2,6.3,65.0,26.1,73,0.1,6.8
Pune,18.5204,73.8567,2025-10-05 11:00:00,36.4,16.1,163.0,2.6,5.3,77.0,26.7,71,0.0,6.6
Pune,18.5204,73.8567,2025-10-05 12:00:00,33.4,14.8,155.0,1.8,5.0,85.0,27.6,66,0.0,5.7
Pune,18.5204,73.8567,2025-10-05 13:00:00,29.9,13.7,156.0,1.6,5.2,90.0,27.5,67,0.0,8.4
Pune,18.5204,73.8567,2025-10-05 14:00:00,26.0,12.8,164.0,2.1,5.2,91.0,25.6,73,1.5,13.6
Pune,18.5204,73.8567,2025-10-05 15:00:00,23.1,11.9,181.0,3.4,4.9,85.0,24.9,78,0.8,10.8
Pune,18.5204,73.8567,2025-10-05 16:00:00,21.6,12.4,205.0,5.4,4.4,73.0,24.8,79,0.1,11.9
Pune,18.5204,73.8567,2025-10-05 17:00:00,20.9,13.1,231.0,8.4,5.5,60.0,24.3,82,0.2,12.0
Pune,18.5204,73.8567,2025-10-05 18:00:00,21.8,13.9,264.0,10.2,6.4,54.0,23.2,85,0.0,9.9
Pune,18.5204,73.8567,2025-10-05 19:00:00,23.9,14.7,299.0,12.7,7.6,45.0,22.6,88,0.0,8.3
Pune,18.5204,73.8567,2025-10-05 20:00:00,26.7,15.6,321.0,14.8,8.8,38.0,22.0,91,0.0,7.2
Pune,18.5204,73.8567,2025-10-05 21:00:00,29.5,16.6,324.0,16.4,9.8,33.0,21.8,91,0.0,6.2
Pune,18.5204,73.8567,2025-10-05 22:00:00,30.6,17.7,314.0,17.6,10.7,28.0,21.4,92,0.0,6.6
Pune,18.5204,73.8567,2025-10-05 23:00:00,32.0,18.6,294.0,18.1,11.3,25.0,21.7,91,0.0,7.8
Pune,18.5204,73.8567,2025-10-06 00:00:00,33.8,18.9,255.0,17.2,11.5,24.0,21.4,91,0.0,6.9
Pune,18.5204,73.8567,2025-10-06 01:00:00,35.9,19.0,205.0,15.5,11.5,25.0,20.8,93,0.0,6.6
Pune,18.5204,73.8567,2025-10-06 02:00:00,38.1,19.7,171.0,14.3,11.3,25.0,20.5,93,0.0,6.0
Pune,18.5204,73.8567,2025-10-06 03:00:00,41.1,20.8,165.0,14.3,10.9,22.0,20.1,94,0.0,4.9
Pune,18.5204,73.8567,2025-10-06 04:00:00,45.3,22.4,175.0,14.7,10.4,19.0,20.0,95,0.0,6.1
Pune,18.5204,73.8567,2025-10-06 05:00:00,43.2,23.3,191.0,11.5,9.9,25.0,20.5,97,0.0,7.0
Pune,18.5204,73.8567,2025-10-06 06:00:00,51.0,26.3,217.0,10.7,10.3,30.0,20.6,96,0.0,5.0
Pune,18.5204,73.8567,2025-10-06 07:00:00,54.4,27.9,250.0,9.4,10.9,38.0,21.4,92,0.0,4.6
Pune,18.5204,73.8567,2025-10-06 08:00:00,63.3,25.5,264.0,8.0,10.8,47.0,22.9,85,0.0,5.6
Pune,18.5204,73.8567,2025-10-06 09:00:00,63.3,25.0,242.0,6.1,9.6,60.0,24.3,76,0.0,7.4
Pune,18.5204,73.8567,2025-10-06 10:00:00,56.3,23.5,203.0,4.1,7.7,75.0,25.7,68,0.0,6.8
Pune,18.5204,73.8567,2025-10-06 11:00:00,48.4,21.4,173.0,2.6,6.3,86.0,26.7,64,0.0,6.3
Pune,18.5204,73.8567,2025-10-06 12:00:00,41.0,19.0,165.0,2.0,5.7,92.0,27.4,60,0.1,8.1
Pune,18.5204,73.8567,2025-10-06 13:00:00,34.9,17.1,166.0,2.0,5.5,94.0,27.6,59,0.0,8.6
Pune,18.5204,73.8567,2025-10-06 14:00:00,31.2,16.2,174.0,2.4,5.5,93.0,28.0,57,0.0,10.3
Pune,18.5204,73.8567,2025-10-06 15:00:00,27.2,14.9,187.0,3.0,5.6,89.0,26.9,63,0.0,13.5
Pune,18.5204,73.8567,2025-10-06 16:00:00,23.1,13.2,205.0,4.0,5.9,82.0,25.9,67,0.1,11.9
Pune,18.5204,73.8567,2025-10-06 17:00:00,22.8,12.4,229.0,5.4,5.9,74.0,25.0,73,0.0,9.4
Pune,18.5204,73.8567,2025-10-06 18:00:00,20.4,13.0,266.0,9.2,7.5,63.0,23.9,81,0.0,9.2
Pune,18.5204,73.8567,2025-10-06 19:00:00,19.6,13.4,308.0,14.6,9.6,47.0,22.9,86,0.0,9.2
Pune,18.5204,73.8567,2025-10-06 20:00:00,20.2,14.3,329.0,18.5,11.3,35.0,22.1,90,0.0,8.4
Pune,18.5204,73.8567,2025-10-06 21:00:00,20.7,15.0,311.0,20.0,12.1,29.0,21.7,91,0.0,7.8
Pune,18.5204,73.8567,2025-10-06 22:00:00,21.4,16.2,272.0,20.1,12.5,26.0,21.3,93,0.0,8.9
Pune,18.5204,73.8567,2025-10-06 23:00:00,24.0,18.6,236.0,19.4,12.5,25.0,21.7,96,0.0,8.3
Pune,18.5204,73.8567,2025-10-07 00:00:00,25.3,19.9,207.0,17.4,12.0,26.0,21.5,95,0.0,6.3
Pune,18.5204,73.8567,2025-10-07 01:00:00,26.0,21.1,180.0,14.6,11.2,28.0,21.3,95,0.0,5.4
Pune,18.5204,73.8567,2025-10-07 02:00:00,27.0,21.8,166.0,12.3,10.5,30.0,21.2,95,0.0,5.2
Pune,18.5204,73.8567,2025-10-07 03:00:00,26.2,21.7,174.0,11.3,10.3,30.0,21.1,95,0.0,4.5
Pune,18.5204,73.8567,2025-10-07 04:00:00,26.4,21.8,195.0,10.9,10.4,30.0,20.9,96,0.0,5.3
Pune,18.5204,73.8567,2025-10-07 05:00:00,19.4,16.0,213.0,8.7,7.1,32.0,20.8,96,0.0,5.6
Pune,18.5204,73.8567,2025-10-07 06:00:00,18.1,14.9,225.0,8.9,7.4,32.0,20.6,96,0.0,5.3
Pune,18.5204,73.8567,2025-10-07 07:00:00,15.1,12.4,235.0,9.0,7.7,33.0,21.6,93,0.0,5.5
Pune,18.5204,73.8567,2025-10-07 08:00:00,13.4,11.3,235.0,8.6,7.6,37.0,23.2,86,0.0,7.3
Pune,18.5204,73.8567,2025-10-07 09:00:00,11.8,9.9,218.0,6.9,6.8,46.0,24.5,78,0.1,7.5
Pune,18.5204,73.8567,2025-10-07 10:00:00,8.9,7.5,192.0,4.6,5.6,59.0,25.6,73,0.2,7.6
Pune,18.5204,73.8567,2025-10-07 11:00:00,8.6,7.3,172.0,3.0,4.6,68.0,26.7,67,0.2,7.5
Pune,18.5204,73.8567,2025-10-07 12:00:00,9.5,8.3,161.0,2.5,3.8,71.0,27.4,64,0.0,7.7
Pune,18.5204,73.8567,2025-10-07 13:00:00,10.4,9.2,155.0,2.6,3.3,72.0,27.0,63,0.0,10.0
Pune,18.5204,73.8567,2025-10-07 14:00:00,10.0,9.0,160.0,3.4,3.2,72.0,26.2,67,0.0,11.6
Pune,18.5204,73.8567,2025-10-07 15:00:00,10.7,9.7,181.0,4.5,3.9,74.0,26.4,69,0.0,10.7
Pune,18.5204,73.8567,2025-10-07 16:00:00,11.4,10.6,213.0,6.3,5.0,76.0,24.7,77,0.1,13.0
Pune,18.5204,73.8567,2025-10-07 17:00:00,11.6,10.9,244.0,10.0,6.4,65.0,24.5,78,0.0,11.4
Pune,18.5204,73.8567,2025-10-07 18:00:00,15.7,14.9,272.0,14.6,8.4,57.0,23.5,84,0.0,10.7
Pune,18.5204,73.8567,2025-10-07 19:00:00,19.4,18.6,300.0,20.9,11.1,45.0,22.8,87,0.0,9.0
Pune,18.5204,73.8567,2025-10-07 20:00:00,22.5,21.4,325.0,25.9,13.5,36.0,22.2,90,0.0,6.3
Pune,18.5204,73.8567,2025-10-07 21:00:00,26.0,24.7,353.0,28.4,15.2,30.0,21.9,92,0.0,5.2
Pune,18.5204,73.8567,2025-10-07 22:00:00,32.1,30.6,379.0,29.5,16.5,27.0,21.6,93,0.0,5.1
Pune,18.5204,73.8567,2025-10-07 23:00:00,38.3,36.4,385.0,29.3,17.5,25.0,21.8,96,0.0,4.9
Pune,18.5204,73.8567,2025-10-08 00:00:00,42.8,40.6,355.0,27.4,18.2,26.0,21.6,97,0.0,4.8
Pune,18.5204,73.8567,2025-10-08 01:00:00,46.2,43.5,306.0,24.1,18.6,29.0,21.2,98,0.0,4.4
Pune,18.5204,73.8567,2025-10-08 02:00:00,48.1,45.3,268.0,20.6,18.6,33.0,20.7,100,0.0,3.8
Pune,18.5204,73.8567,2025-10-08 03:00:00,48.4,45.4,253.0,17.0,18.2,39.0,20.5,100,0.0,3.0
Pune,18.5204,73.8567,2025-10-08 04:00:00,47.4,44.0,250.0,13.1,17.5,45.0,20.6,99,0.0,3.5
Pune,18.5204,73.8567,2025-10-08 05:00:00,54.1,50.4,256.0,16.8,15.1,34.0,20.8,99,0.0,4.2
Pune,18.5204,73.8567,2025-10-08 06:00:00,45.5,41.1,279.0,15.7,13.7,37.0,20.9,99,0.0,3.4
Pune,18.5204,73.8567,2025-10-08 07:00:00,43.9,39.1,313.0,14.0,11.8,41.0,20.9,99,0.0,2.5
Pune,18.5204,73.8567,2025-10-08 08:00:00,39.7,34.9,331.0,11.8,9.9,49.0,21.9,94,0.0,0.9
Pune,18.5204,73.8567,2025-10-08 09:00:00,27.8,21.3,320.0,8.7,8.0,63.0,23.9,82,0.0,3.1
Pune,18.5204,73.8567,2025-10-08 10:00:00,24.9,18.9,295.0,5.1,6.1,81.0,25.5,74,0.0,3.6
Pune,18.5204,73.8567,2025-10-08 11:00:00,21.7,16.7,273.0,2.5,4.8,96.0,27.0,65,0.0,3.2
Pune,18.5204,73.8567,2025-10-08 12:00:00,18.8,14.9,259.0,1.5,4.2,107.0,28.0,59,0.1,1.3
Pune,18.5204,73.8567,2025-10-08 13:00:00,18.5,14.9,248.0,1.4,4.2,115.0,28.5,57,0.2,3.1
Pune,18.5204,73.8567,2025-10-08 14:00:00,18.1,14.9,245.0,2.1,4.4,119.0,28.5,56,0.1,3.9
Pune,18.5204,73.8567,2025-10-08 15:00:00,19.6,16.2,251.0,3.0,4.5,118.0,27.8,59,0.3,7.6
Pune,18.5204,73.8567,2025-10-08 16:00:00,19.7,16.2,264.0,4.6,4.9,112.0,27.2,61,0.2,8.6
Pune,18.5204,73.8567,2025-10-08 17:00:00,26.9,21.7,289.0,7.8,5.2,97.0,26.3,72,0.0,9.7
Pune,18.5204,73.8567,2025-10-08 18:00:00,32.8,27.6,324.0,15.4,7.3,81.0,25.1,79,0.0,6.7
Pune,18.5204,73.8567,2025-10-08 19:00:00,36.7,31.7,370.0,26.0,10.2,60.0,24.1,85,0.1,3.9
Pune,18.5204,73.8567,2025-10-08 20:00:00,42.1,36.7,434.0,35.5,13.0,41.0,22.3,85,1.2,10.1
Pune,18.5204,73.8567,2025-10-08 21:00:00,48.3,42.3,542.0,43.3,15.9,29.0,22.0,91,0.2,3.7
Pune,18.5204,73.8567,2025-10-08 22:00:00,55.3,48.3,668.0,50.0,18.7,20.0,21.9,93,0.0,3.9
Pune,18.5204,73.8567,2025-10-08 23:00:00,61.2,53.2,739.0,53.0,20.0,15.0,21.7,96,0.0,3.0
Pune,18.5204,73.8567,2025-10-09 00:00:00,64.5,55.2,701.0,50.3,18.7,15.0,21.7,97,0.1,2.8
Pune,18.5204,73.8567,2025-10-09 01:00:00,64.7,52.7,609.0,44.0,15.8,19.0,21.7,93,0.0,1.0
Pune,18.5204,73.8567,2025-10-09 02:00:00,66.1,48.9,545.0,37.5,13.1,24.0,21.6,92,0.0,1.4
Pune,18.5204,73.8567,2025-10-09 03:00:00,70.3,44.7,557.0,31.7,11.1,28.0,21.8,89,0.0,0.6
Pune,18.5204,73.8567,2025-10-09 04:00:00,76.1,41.3,599.0,25.7,9.3,32.0,21.3,91,0.0,2.3
Pune,18.5204,73.8567,2025-10-09 05:00:00,56.6,36.9,616.0,26.9,10.5,29.0,20.4,100,0.0,3.0
Pune,18.5204,73.8567,2025-10-09 06:00:00,69.4,38.5,587.0,22.7,10.0,42.0,20.3,100,0.0,3.3
Pune,18.5204,73.8567,2025-10-09 07:00:00,76.6,40.5,533.0,16.8,9.4,60.0,21.0,96,0.0,2.7
Pune,18.5204,73.8567,2025-10-09 08:00:00,87.8,35.9,470.0,11.5,8.9,79.0,23.0,84,0.0,3.8
Pune,18.5204,73.8567,2025-10-09 09:00:00,92.7,34.2,390.0,7.5,8.8,98.0,25.0,70,0.0,5.5
Pune,18.5204,73.8567,2025-10-09 10:00:00,80.6,30.4,300.0,4.2,8.9,117.0,26.7,60,0.0,6.7
Pune,18.5204,73.8567,2025-10-09 11:00:00,69.2,26.5,234.0,1.9,8.7,130.0,28.2,51,0.0,8.5
Pune,18.5204,73.8567,2025-10-09 12:00:00,59.4,23.1,208.0,0.9,7.8,134.0,29.1,48,0.0,5.5
Pune,18.5204,73.8567,2025-10-09 13:00:00,51.0,20.9,206.0,0.9,6.5,131.0,29.2,48,0.0,4.4
Pune,18.5204,73.8567,2025-10-09 14:00:00,46.3,20.4,218.0,1.9,5.6,126.0,29.1,48,0.1,3.9
Pune,18.5204,73.8567,2025-10-09 15:00:00,40.9,19.3,237.0,3.5,5.0,119.0,28.9,49,0.0,4.1
Pune,18.5204,73.8567,2025-10-09 16:00:00,38.9,19.4,271.0,6.0,4.8,110.0,28.6,50,0.0,6.0
Pune,18.5204,73.8567,2025-10-09 17:00:00,48.1,26.5,328.0,10.7,7.6,104.0,28.7,51,0.0,3.8
Pune,18.5204,73.8567,2025-10-09 18:00:00,48.9,29.9,422.0,15.1,9.7,95.0,26.1,66,0.0,8.2
Pune,18.5204,73.8567,2025-10-09 19:00:00,51.1,33.5,540.0,21.3,12.6,83.0,24.3,80,0.0,7.7
Pune,18.5204,73.8567,2025-10-09 20:00:00,55.5,38.0,652.0,26.4,15.2,72.0,23.7,83,0.0,5.2
Pune,18.5204,73.8567,2025-10-09 21:00:00,60.8,42.4,760.0,29.3,17.0,66.0,23.2,85,0.0,4.7
Pune,18.5204,73.8567,2025-10-09 22:00:00,66.4,46.4,861.0,31.2,18.5,62.0,22.9,86,0.0,4.1
Pune,18.5204,73.8567,2025-10-09 23:00:00,73.3,51.5,924.0,32.8,19.5,57.0,23.1,87,0.0,1.1
Pune,18.5204,73.8567,2025-10-10 00:00:00,78.2,55.1,922.0,34.7,19.9,50.0,22.8,88,0.0,0.4
Pune,18.5204,73.8567,2025-10-10 01:00:00,81.7,57.6,880.0,36.2,19.8,44.0,22.3,88,0.0,2.1
Pune,18.5204,73.8567,2025-10-10 02:00:00,84.1,59.0,842.0,36.3,19.5,40.0,21.8,88,0.0,3.6
Pune,18.5204,73.8567,2025-10-10 03:00:00,85.2,59.0,830.0,34.3,19.1,41.0,21.2,89,0.0,3.6
Pune,18.5204,73.8567,2025-10-10 04:00:00,84.3,57.6,821.0,31.0,18.5,44.0,20.5,90,0.0,3.1
Pune,18.5204,73.8567,2025-10-10 05:00:00,70.5,45.8,788.0,21.2,13.0,50.0,20.3,95,0.0,2.3
Pune,18.5204,73.8567,2025-10-10 06:00:00,68.7,43.9,712.0,18.6,12.3,59.0,20.4,93,0.0,2.4
Pune,18.5204,73.8567,2025-10-10 07:00:00,66.4,44.2,611.0,15.0,11.3,71.0,21.4,89,0.0,3.3
Pune,18.5204,73.8567,2025-10-10 08:00:00,58.8,33.1,512.0,11.4,10.7,86.0,23.3,76,0.0,3.6
Pune,18.5204,73.8567,2025-10-10 09:00:00,63.3,33.1,415.0,7.9,11.2,105.0,25.2,63,0.0,5.5
Pune,18.5204,73.8567,2025-10-10 10:00:00,64.7,34.1,319.0,4.4,12.1,127.0,26.9,55,0.0,6.8
Pune,18.5204,73.8567,2025-10-10 11:00:00,62.2,33.1,252.0,2.0,12.4,142.0,28.4,49,0.0,5.9
Pune,18.5204,73.8567,2025-10-10 12:00:00,58.6,31.3,226.0,1.0,11.2,146.0,29.7,45,0.0,3.9
Pune,18.5204,73.8567,2025-10-10 13:00:00,55.8,29.9,228.0,1.0,9.3,143.0,30.3,43,0.0,3.9
Pune,18.5204,73.8567,2025-10-10 14:00:00,52.9,29.3,246.0,2.0,7.9,138.0,30.4,41,0.0,4.6
Pune,18.5204,73.8567,2025-10-10 15:00:00,51.5,29.4,285.0,3.7,7.4,132.0,30.4,40,0.0,4.5
Pune,18.5204,73.8567,2025-10-10 16:00:00,49.6,29.3,340.0,6.2,7.5,124.0,29.8,40,0.0,6.6
Pune,18.5204,73.8567,2025-10-10 17:00:00,43.7,28.9,386.0,10.7,7.9,111.0,28.9,44,0.0,7.3
Pune,18.5204,73.8567,2025-10-10 18:00:00,47.6,32.6,411.0,16.6,9.4,96.0,27.4,53,0.0,9.4
Pune,18.5204,73.8567,2025-10-10 19:00:00,50.2,35.9,428.0,24.9,11.5,76.0,25.6,62,0.0,9.5
Pune,18.5204,73.8567,2025-10-10 20:00:00,52.6,38.9,449.0,32.0,13.7,59.0,24.6,67,0.0,5.5
Pune,18.5204,73.8567,2025-10-10 21:00:00,56.5,42.8,482.0,36.7,16.1,50.0,23.9,70,0.0,5.1
Pune,18.5204,73.8567,2025-10-10 22:00:00,61.7,47.4,519.0,40.2,18.6,45.0,23.2,79,0.0,1.8
Pune,18.5204,73.8567,2025-10-10 23:00:00,68.0,52.0,548.0,42.1,20.0,41.0,23.1,79,0.0,2.3
Pune,18.5204,73.8567,2025-10-11 00:00:00,71.9,54.9,563.0,42.2,19.5,36.0,22.7,82,0.0,2.4
Pune,18.5204,73.8567,2025-10-11 01:00:00,73.8,55.8,570.0,40.7,18.0,32.0,22.4,81,0.1,4.5
Pune,18.5204,73.8567,2025-10-11 02:00:00,72.4,53.8,572.0,37.9,16.3,30.0,22.1,79,0.1,2.5
Pune,18.5204,73.8567,2025-10-11 03:00:00,68.0,49.5,572.0,33.2,14.7,31.0,22.1,78,0.0,0.2
Pune,18.5204,73.8567,2025-10-11 04:00:00,63.6,45.6,567.0,27.2,13.0,35.0,21.7,79,0.0,1.5
Pune,18.5204,73.8567,2025-10-11 05:00:00,68.7,48.8,558.0,26.7,13.6,35.0,20.8,87,0.0,1.0
Pune,18.5204,73.8567,2025-10-11 06:00:00,69.4,49.6,549.0,22.6,14.3,52.0,20.6,89,0.0,2.1
Pune,18.5204,73.8567,2025-10-11 07:00:00,70.1,53.0,535.0,16.9,15.2,76.0,21.8,81,0.0,2.6
Pune,18.5204,73.8567,2025-10-11 08:00:00,55.8,39.5,500.0,11.8,15.5,99.0,23.8,67,0.0,3.0
Pune,18.5204,73.8567,2025-10-11 09:00:00,56.3,39.3,422.0,7.8,14.7,119.0,26.0,53,0.0,4.3
Pune,18.5204,73.8567,2025-10-11 10:00:00,55.4,38.6,322.0,4.4,13.4,137.0,28.0,43,0.0,5.9
Pune,18.5204,73.8567,2025-10-11 11:00:00,54.2,37.1,251.0,2.0,12.0,149.0,29.1,40,0.0,5.6
Pune,18.5204,73.8567,2025-10-11 12:00:00,53.8,35.7,230.0,0.9,10.6,152.0,30.5,37,0.0,4.3
Pune,18.5204,73.8567,2025-10-11 13:00:00,52.7,34.8,237.0,0.9,9.2,148.0,30.9,37,0.0,1.4
Pune,18.5204,73.8567,2025-10-11 14:00:00,50.8,34.1,253.0,1.9,8.3,142.0,30.8,37,0.0,2.4
Pune,18.5204,73.8567,2025-10-11 15:00:00,49.9,34.1,251.0,2.9,7.9,137.0,30.5,38,0.0,5.2
Pune,18.5204,73.8567,2025-10-11 16:00:00,48.8,34.1,259.0,4.9,7.9,129.0,30.1,39,0.0,5.5
Pune,18.5204,73.8567,2025-10-11 17:00:00,52.6,38.9,341.0,12.3,9.6,115.0,29.2,42,0.0,9.1
Pune,18.5204,73.8567,2025-10-11 18:00:00,59.1,44.5,566.0,24.3,12.6,96.0,27.7,49,0.0,7.3
Pune,18.5204,73.8567,2025-10-11 19:00:00,67.5,52.5,865.0,40.9,16.9,69.0,26.8,55,0.0,7.2
Pune,18.5204,73.8567,2025-10-11 20:00:00,75.9,60.8,1101.0,54.6,20.7,47.0,25.7,61,0.0,7.2
Pune,18.5204,73.8567,2025-10-11 21:00:00,83.4,68.5,1237.0,63.5,24.0,33.0,24.8,63,0.0,3.1
Pune,18.5204,73.8567,2025-10-11 22:00:00,88.7,73.8,1311.0,69.3,26.9,24.0,24.1,67,0.0,1.9
Pune,18.5204,73.8567,2025-10-11 23:00:00,90.8,76.1,1294.0,69.7,27.6,19.0,23.3,72,0.0,0.9
Pune,18.5204,73.8567,2025-10-12 00:00:00,85.9,71.9,1131.0,61.4,24.5,22.0,23.2,71,0.0,2.4
Pune,18.5204,73.8567,2025-10-12 01:00:00,76.1,63.3,878.0,47.7,19.2,29.0,22.6,73,0.0,2.2
Pune,18.5204,73.8567,2025-10-12 02:00:00,65.9,54.4,674.0,35.9,14.9,36.0,22.3,74,0.0,3.6
Pune,18.5204,73.8567,2025-10-12 03:00:00,58.4,48.0,573.0,28.8,12.8,39.0,21.7,75,0.0,4.1
Pune,18.5204,73.8567,2025-10-12 04:00:00,53.8,44.1,520.0,23.6,11.7,41.0,21.1,77,0.0,3.4
Pune,18.5204,73.8567,2025-10-12 05:00:00,65.2,54.0,492.0,31.2,14.0,33.0,20.7,81,0.0,1.6
Pune,18.5204,73.8567,2025-10-12 06:00:00,62.2,51.7,502.0,26.0,13.9,49.0,20.7,81,0.0,2.2
Pune,18.5204,73.8567,2025-10-12 07:00:00,59.4,51.0,536.0,18.6,13.7,71.0,21.4,78,0.0,2.8
Pune,18.5204,73.8567,2025-10-12 08:00:00,45.9,37.8,535.0,12.2,13.1,93.0,23.6,67,0.0,3.3
Pune,18.5204,73.8567,2025-10-12 09:00:00,41.7,33.4,457.0,7.7,11.8,113.0,26.0,52,0.0,5.4
Pune,18.5204,73.8567,2025-10-12 10:00:00,39.7,31.4,343.0,4.2,10.2,132.0,28.0,43,0.0,7.3
Pune,18.5204,73.8567,2025-10-12 11:00:00,38.4,30.3,257.0,1.9,8.8,144.0,29.1,39,0.0,6.9
Pune,18.5204,73.8567,2025-10-12 12:00:00,36.9,29.0,225.0,0.8,7.7,146.0,30.5,36,0.0,6.4
Pune,18.5204,73.8567,2025-10-12 13:00:00,34.6,27.3,221.0,0.8,6.9,141.0,31.1,35,0.0,6.8
Pune,18.5204,73.8567,2025-10-12 14:00:00,32.6,26.0,226.0,1.9,6.4,134.0,31.3,34,0.0,7.6
Pune,18.5204,73.8567,2025-10-12 15:00:00,31.2,25.0,214.0,3.6,6.0,127.0,31.0,35,0.0,8.1
Pune,18.5204,73.8567,2025-10-12 16:00:00,30.4,24.6,212.0,6.4,6.0,117.0,30.6,35,0.0,6.6
Pune,18.5204,73.8567,2025-10-12 17:00:00,30.6,26.5,283.0,12.2,7.3,104.0,30.0,37,0.0,5.1
Pune,18.5204,73.8567,2025-10-12 18:00:00,36.6,32.0,510.0,21.0,9.7,87.0,28.7,40,0.0,2.2
Pune,18.5204,73.8567,2025-10-12 19:00:00,41.9,37.4,810.0,33.0,12.9,63.0,27.7,44,0.0,1.7
Pune,18.5204,73.8567,2025-10-12 20:00:00,46.7,42.1,994.0,42.0,15.4,45.0,26.7,48,0.0,4.8
Pune,18.5204,73.8567,2025-10-12 21:00:00,51.1,46.6,955.0,45.6,16.6,36.0,25.6,56,0.0,6.0
Pune,18.5204,73.8567,2025-10-12 22:00:00,53.4,49.1,801.0,46.2,17.0,32.0,24.6,62,0.0,1.8
Pune,18.5204,73.8567,2025-10-12 23:00:00,51.5,47.5,668.0,44.1,16.6,32.0,24.0,66,0.0,0.5
Pune,18.5204,73.8567,2025-10-13 00:00:00,46.0,42.4,601.0,38.2,14.8,36.0,23.7,66,0.0,1.7
Pune,18.5204,73.8567,2025-10-13 01:00:00,41.3,38.0,555.0,29.6,12.2,43.0,22.9,69,0.0,2.2
Pune,18.5204,73.8567,2025-10-13 02:00:00,38.5,35.0,527.0,22.8,10.2,49.0,22.2,73,0.0,1.7
Pune,18.5204,73.8567,2025-10-13 03:00:00,37.5,33.9,526.0,19.7,9.5,51.0,21.6,75,0.0,2.0
Pune,18.5204,73.8567,2025-10-13 04:00:00,37.1,33.4,544.0,18.3,9.5,51.0,21.0,77,0.0,1.6
Pune,18.5204,73.8567,2025-10-13 05:00:00,43.3,39.3,554.0,25.0,12.1,38.0,21.1,79,0.0,0.2
Pune,18.5204,73.8567,2025-10-13 06:00:00,45.2,41.0,552.0,21.8,12.5,56.0,21.1,76,0.0,0.8
Pune,18.5204,73.8567,2025-10-13 07:00:00,48.5,44.6,542.0,17.2,13.0,81.0,22.0,71,0.0,1.9
Pune,18.5204,73.8567,2025-10-13 08:00:00,38.6,33.6,510.0,12.8,13.1,104.0,24.1,60,0.0,3.5
Pune,18.5204,73.8567,2025-10-13 09:00:00,39.5,32.5,434.0,8.7,12.5,123.0,26.2,51,0.0,6.4
Pune,18.5204,73.8567,2025-10-13 10:00:00,39.2,31.9,335.0,4.7,11.4,141.0,28.2,46,0.0,8.5
Pune,18.5204,73.8567,2025-10-13 11:00:00,36.1,29.6,261.0,1.9,10.4,152.0,29.4,42,0.0,7.4
Pune,18.5204,73.8567,2025-10-13 12:00:00,34.0,28.3,233.0,0.8,9.5,154.0,30.8,37,0.0,6.7
Pune,18.5204,73.8567,2025-10-13 13:00:00,31.9,26.9,229.0,0.9,8.6,150.0,31.3,35,0.0,7.7
Pune,18.5204,73.8567,2025-10-13 14:00:00,29.8,25.4,231.0,1.9,8.0,144.0,31.6,34,0.0,8.2
Pune,18.5204,73.8567,2025-10-13 15:00:00,28.2,24.3,224.0,3.3,7.5,137.0,31.5,32,0.0,8.5
Pune,18.5204,73.8567,2025-10-13 16:00:00,27.3,23.7,222.0,5.6,7.3,127.0,31.0,33,0.0,9.3
Pune,18.5204,73.8567,2025-10-13 17:00:00,27.0,24.0,257.0,11.1,7.9,112.0,30.2,35,0.0,5.5
Pune,18.5204,73.8567,2025-10-13 18:00:00,30.6,27.7,367.0,19.9,10.2,95.0,29.0,39,0.0,3.1
Pune,18.5204,73.8567,2025-10-13 19:00:00,34.3,31.7,513.0,32.0,13.3,70.0,27.7,44,0.0,1.4
Pune,18.5204,73.8567,2025-10-13 20:00:00,39.9,37.3,604.0,41.2,15.6,51.0,26.5,50,0.0,3.4
Pune,18.5204,73.8567,2025-10-13 21:00:00,45.5,43.0,586.0,45.5,16.7,40.0,25.8,54,0.0,3.9
Pune,18.5204,73.8567,2025-10-13 22:00:00,48.3,45.8,514.0,46.9,16.9,34.0,25.3,58,0.0,2.1
Pune,18.5204,73.8567,2025-10-13 23:00:00,46.1,43.7,464.0,45.3,16.4,32.0,24.4,65,0.0,2.0
Pune,18.5204,73.8567,2025-10-14 00:00:00,41.3,39.0,470.0,39.0,14.5,35.0,23.6,67,0.0,2.6
Pune,18.5204,73.8567,2025-10-14 01:00:00,36.9,34.6,498.0,29.7,11.8,42.0,22.7,71,0.0,2.7
Pune,18.5204,73.8567,2025-10-14 02:00:00,33.8,31.3,522.0,22.2,9.7,47.0,21.9,75,0.0,2.2
Pune,18.5204,73.8567,2025-10-14 03:00:00,32.2,29.6,532.0,18.7,8.7,47.0,21.2,78,0.0,1.8
Pune,18.5204,73.8567,2025-10-14 04:00:00,31.7,28.8,538.0,17.1,8.2,46.0,20.5,80,0.0,2.4
Pune,18.5204,73.8567,2025-10-14 05:00:00,43.0,40.2,544.0,29.9,11.7,30.0,20.3,83,0.0,2.7
Pune,18.5204,73.8567,2025-10-14 06:00:00,41.4,38.4,564.0,24.9,10.8,46.0,20.4,82,0.0,3.2
Pune,18.5204,73.8567,2025-10-14 07:00:00,39.9,37.4,584.0,18.0,9.6,68.0,21.2,77,0.0,4.5
Pune,18.5204,73.8567,2025-10-14 08:00:00,31.2,28.3,566.0,11.9,9.1,90.0,23.4,66,0.0,5.2
Pune,18.5204,73.8567,2025-10-14 09:00:00,30.3,26.4,474.0,7.6,10.2,111.0,26.0,56,0.0,7.2
Pune,18.5204,73.8567,2025-10-14 10:00:00,34.1,29.5,345.0,4.1,12.0,132.0,28.2,46,0.0,11.9
Pune,18.5204,73.8567,2025-10-14 11:00:00,33.8,29.5,247.0,1.8,13.0,147.0,29.4,41,0.0,11.5
Pune,18.5204,73.8567,2025-10-14 12:00:00,31.4,27.6,213.0,0.7,12.1,152.0,30.7,35,0.0,10.0
Pune,18.5204,73.8567,2025-10-14 13:00:00,29.2,25.7,211.0,0.7,10.4,150.0,31.3,33,0.0,8.6
Pune,18.5204,73.8567,2025-10-14 14:00:00,27.4,24.3,216.0,1.8,9.0,145.0,31.5,32,0.0,7.6
Pune,18.5204,73.8567,2025-10-14 15:00:00,26.2,23.3,208.0,4.0,8.3,138.0,31.3,32,0.0,7.7
Pune,18.5204,73.8567,2025-10-14 16:00:00,25.3,22.7,208.0,7.2,7.9,127.0,30.8,33,0.0,8.4
Pune,18.5204,73.8567,2025-10-14 17:00:00,20.1,18.7,247.0,11.6,8.0,113.0,30.3,31,0.0,10.7
Pune,18.5204,73.8567,2025-10-14 18:00:00,24.3,22.9,371.0,19.0,9.7,95.0,29.2,34,0.0,7.0
Pune,18.5204,73.8567,2025-10-14 19:00:00,27.7,26.4,534.0,29.3,12.1,71.0,27.9,39,0.0,2.7
Pune,18.5204,73.8567,2025-10-14 20:00:00,32.7,31.3,638.0,37.0,14.1,52.0,26.8,44,0.0,1.3
Pune,18.5204,73.8567,2025-10-14 21:00:00,38.0,36.4,624.0,40.1,15.7,44.0,25.6,46,0.0,3.5
Pune,18.5204,73.8567,2025-10-14 22:00:00,40.7,39.3,551.0,40.6,16.9,42.0,24.5,55,0.0,1.7
Pune,18.5204,73.8567,2025-10-14 23:00:00,39.8,38.4,493.0,39.2,17.0,41.0,23.6,60,0.0,2.7
Pune,18.5204,73.8567,2025-10-15 00:00:00,35.9,34.5,480.0,35.4,15.1,41.0,23.4,67,0.0,0.4
Pune,18.5204,73.8567,2025-10-15 01:00:00,32.0,30.7,482.0,29.6,12.1,43.0,22.9,63,0.0,0.6
Pune,18.5204,73.8567,2025-10-15 02:00:00,29.3,27.9,483.0,24.5,9.6,45.0,22.3,64,0.0,2.0
Pune,18.5204,73.8567,2025-10-15 03:00:00,27.2,25.7,476.0,20.8,8.3,45.0,21.8,64,0.0,3.4
Pune,18.5204,73.8567,2025-10-15 04:00:00,25.6,24.1,467.0,17.6,7.5,44.0,21.2,66,0.0,2.9
Pune,18.5204,73.8567,2025-10-15 05:00:00,28.0,26.5,463.0,13.4,7.7,45.0,21.2,71,0.0,1.8
Pune,18.5204,73.8567,2025-10-15 06:00:00,31.3,29.9,473.0,12.3,8.8,53.0,21.5,69,0.0,3.1
Pune,18.5204,73.8567,2025-10-15 07:00:00,35.6,34.6,488.0,10.8,10.2,65.0,22.2,67,0.0,4.8
Pune,18.5204,73.8567,2025-10-15 08:00:00,39.9,39.2,481.0,8.9,10.5,79.0,24.4,59,0.0,6.1
Pune,18.5204,73.8567,2025-10-15 09:00:00,36.8,36.4,431.0,6.5,8.7,96.0,26.6,53,0.0,7.9
Pune,18.5204,73.8567,2025-10-15 10:00:00,30.0,29.8,359.0,3.8,5.8,114.0,28.6,54,0.0,11.4
Pune,18.5204,73.8567,2025-10-15 11:00:00,22.9,22.7,304.0,1.9,3.5,126.0,29.2,51,0.0,17.0
Pune,18.5204,73.8567,2025-10-15 12:00:00,17.4,17.3,279.0,1.1,2.3,128.0,30.6,49,0.0,15.1
Pune,18.5204,73.8567,2025-10-15 13:00:00,14.5,14.4,271.0,1.0,1.6,123.0,30.9,48,0.0,13.6
Pune,18.5204,73.8567,2025-10-15 14:00:00,12.3,12.2,277.0,1.7,1.2,116.0,31.0,47,0.0,12.8
Pune,18.5204,73.8567,2025-10-15 15:00:00,12.0,11.9,293.0,2.9,1.0,107.0,31.1,46,0.0,13.5
Pune,18.5204,73.8567,2025-10-15 16:00:00,13.4,13.3,323.0,4.9,1.2,95.0,27.1,62,0.4,12.8
Pune,18.5204,73.8567,2025-10-15 17:00:00,14.2,14.1,373.0,8.9,2.7,80.0,28.5,54,0.2,9.0
Pune,18.5204,73.8567,2025-10-15 18:00:00,15.8,15.8,460.0,13.2,3.7,69.0,27.4,57,0.1,2.1
Pune,18.5204,73.8567,2025-10-15 19:00:00,18.7,18.6,567.0,19.1,5.1,53.0,26.4,64,0.0,4.8
Pune,18.5204,73.8567,2025-10-15 20:00:00,19.5,19.4,653.0,22.8,5.9,41.0,25.8,69,0.0,2.7
Pune,18.5204,73.8567,2025-10-15 21:00:00,18.6,18.5,702.0,22.3,5.7,37.0,25.2,73,0.0,4.5
Pune,18.5204,73.8567,2025-10-15 22:00:00,17.1,17.0,731.0,19.5,5.1,37.0,24.6,76,0.0,3.7
Pune,18.5204,73.8567,2025-10-15 23:00:00,15.4,15.3,742.0,16.8,4.4,37.0,24.1,84,0.0,3.5
Pune,18.5204,73.8567,2025-10-16 00:00:00,13.4,13.4,735.0,14.6,3.8,37.0,23.7,86,0.0,4.0
Pune,18.5204,73.8567,2025-10-16 01:00:00,11.9,11.9,710.0,12.4,3.3,36.0,23.2,88,0.0,6.5
Pune,18.5204,73.8567,2025-10-16 02:00:00,11.1,11.0,678.0,10.7,3.1,36.0,22.6,90,0.1,7.4
Pune,18.5204,73.8567,2025-10-16 03:00:00,10.5,10.5,637.0,9.9,3.6,34.0,22.3,92,0.0,6.2
Pune,18.5204,73.8567,2025-10-16 04:00:00,10.3,10.3,588.0,9.6,4.4,32.0,22.0,94,0.0,5.8
Pune,18.5204,73.8567,2025-10-16 05:00:00,10.3,10.3,542.0,8.3,5.2,40.0,22.3,90,0.0,4.5
Pune,18.5204,73.8567,2025-10-16 06:00:00,10.6,10.6,507.0,7.9,5.2,45.0,22.5,88,0.0,6.2
Pune,18.5204,73.8567,2025-10-16 07:00:00,10.9,10.8,475.0,7.3,5.1,53.0,23.2,84,0.0,5.7
Pune,18.5204,73.8567,2025-10-16 08:00:00,10.3,10.3,436.0,6.4,5.0,64.0,25.2,76,0.0,8.6
Pune,18.5204,73.8567,2025-10-16 09:00:00,14.5,14.3,377.0,4.9,4.9,82.0,27.5,65,0.0,12.1
Pune,18.5204,73.8567,2025-10-16 10:00:00,16.1,15.8,310.0,3.0,4.7,104.0,29.4,54,0.0,14.6
Pune,18.5204,73.8567,2025-10-16 11:00:00,15.0,14.7,259.0,1.7,4.5,120.0,30.6,48,0.0,15.5
Pune,18.5204,73.8567,2025-10-16 12:00:00,13.9,13.6,234.0,1.0,4.1,126.0,31.9,43,0.0,14.5
Pune,18.5204,73.8567,2025-10-16 13:00:00,13.7,13.4,226.0,0.8,3.7,125.0,32.3,41,0.0,13.7
Pune,18.5204,73.8567,2025-10-16 14:00:00,14.0,13.7,224.0,1.7,3.4,122.0,32.1,42,0.0,13.9
Pune,18.5204,73.8567,2025-10-16 15:00:00,14.6,14.3,226.0,3.7,3.2,117.0,31.7,43,0.0,13.9
Pune,18.5204,73.8567,2025-10-16 16:00:00,14.8,14.5,236.0,6.8,3.2,109.0,30.8,45,0.0,11.3
Pune,18.5204,73.8567,2025-10-16 17:00:00,16.9,16.6,254.0,13.3,4.7,91.0,30.0,46,0.0,11.0
Pune,18.5204,73.8567,2025-10-16 18:00:00,20.7,20.5,282.0,21.4,7.3,78.0,28.9,50,0.0,10.1
Pune,18.5204,73.8567,2025-10-16 19:00:00,25.7,25.4,318.0,32.3,10.7,61.0,28.2,54,0.0,8.5
Pune,18.5204,73.8567,2025-10-16 20:00:00,31.9,31.7,359.0,39.3,13.0,47.0,27.8,56,0.0,7.2
Pune,18.5204,73.8567,2025-10-16 21:00:00,32.2,32.0,416.0,39.1,13.0,41.0,27.1,59,0.0,5.9
Pune,18.5204,73.8567,2025-10-16 22:00:00,31.2,31.0,478.0,34.9,11.8,39.0,26.7,61,0.0,4.8
Pune,18.5204,73.8567,2025-10-16 23:00:00,26.6,26.5,513.0,29.7,10.5,39.0,26.1,64,0.0,5.2
Pune,18.5204,73.8567,2025-10-17 00:00:00,20.8,20.7,498.0,23.6,9.4,43.0,25.2,69,0.0,5.2
Pune,18.5204,73.8567,2025-10-17 01:00:00,17.6,17.5,455.0,16.5,8.2,49.0,24.3,73,0.0,6.1
Pune,18.5204,73.8567,2025-10-17 02:00:00,15.7,15.6,416.0,11.1,7.5,53.0,23.7,76,0.0,6.5
Pune,18.5204,73.8567,2025-10-17 03:00:00,15.1,15.0,387.0,8.8,7.6,52.0,23.2,78,0.0,6.3
Pune,18.5204,73.8567,2025-10-17 04:00:00,15.3,15.1,363.0,8.2,8.2,50.0,22.9,80,0.0,6.5
Pune,18.5204,73.8567,2025-10-17 05:00:00,17.2,17.1,352.0,9.2,5.9,46.0,22.9,81,0.0,3.9
Pune,18.5204,73.8567,2025-10-17 06:00:00,19.0,18.8,372.0,8.9,6.3,53.0,22.8,82,0.0,5.5
Pune,18.5204,73.8567,2025-10-17 07:00:00,21.8,21.6,407.0,8.5,6.8,64.0,23.5,78,0.0,5.4
Pune,18.5204,73.8567,2025-10-17 08:00:00,24.3,23.9,416.0,7.6,7.0,77.0,25.7,68,0.0,7.1
Pune,18.5204,73.8567,2025-10-17 09:00:00,27.4,26.8,372.0,5.8,6.8,95.0,28.0,59,0.0,11.3
Pune,18.5204,73.8567,2025-10-17 10:00:00,26.5,26.0,302.0,3.5,6.3,115.0,29.6,50,0.0,14.6
Pune,18.5204,73.8567,2025-10-17 11:00:00,23.9,23.5,249.0,1.8,5.9,129.0,30.4,45,0.0,16.9
Pune,18.5204,73.8567,2025-10-17 12:00:00,21.7,21.3,229.0,1.1,5.5,133.0,31.0,43,0.1,16.6
Pune,18.5204,73.8567,2025-10-17 13:00:00,20.2,19.9,226.0,1.0,5.1,130.0,31.6,40,0.0,15.5
Pune,18.5204,73.8567,2025-10-17 14:00:00,19.3,19.0,228.0,1.7,5.0,126.0,31.7,39,0.1,13.9
Pune,18.5204,73.8567,2025-10-17 15:00:00,19.2,18.9,227.0,3.3,5.3,122.0,31.8,38,0.1,13.2
Pune,18.5204,73.8567,2025-10-17 16:00:00,19.1,18.9,232.0,5.6,6.0,117.0,31.1,39,0.1,13.0
Pune,18.5204,73.8567,2025-10-17 17:00:00,21.5,21.2,261.0,8.0,6.9,107.0,30.7,40,0.0,11.7
Pune,18.5204,73.8567,2025-10-17 18:00:00,24.6,24.3,337.0,10.4,7.8,98.0,29.4,44,0.0,8.4
Pune,18.5204,73.8567,2025-10-17 19:00:00,26.3,26.1,436.0,13.6,9.0,85.0,28.4,48,0.0,6.3
Pune,18.5204,73.8567,2025-10-17 20:00:00,26.8,26.5,504.0,15.3,10.0,76.0,27.5,52,0.0,6.2
Pune,18.5204,73.8567,2025-10-17 21:00:00,26.7,26.5,512.0,13.9,10.7,76.0,26.5,56,0.0,6.5
Pune,18.5204,73.8567,2025-10-17 22:00:00,26.7,26.4,489.0,10.9,11.2,80.0,25.5,60,0.0,7.0
Pune,18.5204,73.8567,2025-10-17 23:00:00,26.4,26.1,463.0,8.5,11.5,82.0,25.1,64,0.0,5.2
Pune,18.5204,73.8567,2025-10-18 00:00:00,26.1,25.8,439.0,7.4,11.4,80.0,24.6,66,0.0,6.4
Pune,18.5204,73.8567,2025-10-18 01:00:00,26.4,26.1,412.0,6.8,11.1,75.0,24.1,68,0.0,5.7
Pune,18.5204,73.8567,2025-10-18 02:00:00,27.0,26.7,394.0,6.7,10.8,71.0,23.7,69,0.0,5.1
Pune,18.5204,73.8567,2025-10-18 03:00:00,28.0,27.6,391.0,7.1,10.6,66.0,23.4,71,0.0,5.0
Pune,18.5204,73.8567,2025-10-18 04:00:00,29.2,28.8,397.0,8.0,10.4,60.0,23.0,73,0.0,5.2
Pune,18.5204,73.8567,2025-10-18 05:00:00,30.6,30.0,412.0,9.0,9.4,57.0,22.1,78,0.0,2.5
Pune,18.5204,73.8567,2025-10-18 06:00:00,33.1,32.5,448.0,9.6,10.0,63.0,22.3,78,0.0,4.9
Pune,18.5204,73.8567,2025-10-18 07:00:00,36.0,35.4,492.0,10.4,10.9,71.0,23.0,75,0.0,5.8
Pune,18.5204,73.8567,2025-10-18 08:00:00,39.2,38.5,503.0,10.1,11.3,84.0,25.1,67,0.0,6.8
Pune,18.5204,73.8567,2025-10-18 09:00:00,43.5,42.6,451.0,7.8,11.0,105.0,27.5,58,0.0,8.8
Pune,18.5204,73.8567,2025-10-18 10:00:00,42.8,41.8,367.0,4.4,10.4,130.0,29.5,49,0.0,11.2
Pune,18.5204,73.8567,2025-10-18 11:00:00,40.3,39.1,301.0,1.9,9.6,147.0,30.8,42,0.0,13.3
Pune,18.5204,73.8567,2025-10-18 12:00:00,38.5,37.4,274.0,0.9,8.6,152.0,32.0,36,0.0,13.2
Pune,18.5204,73.8567,2025-10-18 13:00:00,38.2,36.9,266.0,0.7,7.5,149.0,32.1,35,0.2,12.6
Pune,18.5204,73.8567,2025-10-18 14:00:00,38.5,37.1,265.0,1.8,6.9,144.0,32.0,35,0.2,12.6
Pune,18.5204,73.8567,2025-10-18 15:00:00,39.2,37.8,257.0,4.4,6.9,138.0,31.5,36,0.0,11.6
Pune,18.5204,73.8567,2025-10-18 16:00:00,40.7,39.2,258.0,8.2,7.4,129.0,31.1,37,0.0,11.5
Pune,18.5204,73.8567,2025-10-18 17:00:00,40.7,39.5,300.0,13.3,8.0,114.0,30.6,35,0.0,12.0
Pune,18.5204,73.8567,2025-10-18 18:00:00,46.8,45.8,420.0,18.0,9.7,100.0,29.2,40,0.0,9.2
Pune,18.5204,73.8567,2025-10-18 19:00:00,50.3,49.5,582.0,24.4,12.0,79.0,28.6,43,0.0,7.5
Pune,18.5204,73.8567,2025-10-18 20:00:00,54.9,54.1,711.0,28.9,13.7,64.0,27.6,46,0.0,2.4
Pune,18.5204,73.8567,2025-10-18 21:00:00,61.2,60.3,789.0,30.2,14.2,57.0,26.4,52,0.0,5.4
Pune,18.5204,73.8567,2025-10-18 22:00:00,65.0,64.3,835.0,29.5,14.1,55.0,25.2,64,0.0,6.9
Pune,18.5204,73.8567,2025-10-18 23:00:00,63.1,62.2,829.0,27.1,13.6,55.0,24.5,70,0.0,3.6
Pune,18.5204,73.8567,2025-10-19 00:00:00,59.4,58.3,736.0,21.8,12.3,59.0,24.1,72,0.0,1.0
Pune,18.5204,73.8567,2025-10-19 01:00:00,58.9,57.6,591.0,14.6,10.5,65.0,23.6,75,0.0,0.3
Pune,18.5204,73.8567,2025-10-19 02:00:00,60.1,58.6,482.0,9.3,9.5,70.0,23.1,77,0.0,1.9
Pune,18.5204,73.8567,2025-10-19 03:00:00,61.2,59.6,447.0,7.4,9.6,70.0,22.8,76,0.0,4.3
Pune,18.5204,73.8567,2025-10-19 04:00:00,62.4,60.3,448.0,7.3,10.5,69.0,22.2,77,0.0,4.4
Pune,18.5204,73.8567,2025-10-19 05:00:00,63.3,61.0,456.0,9.8,11.6,63.0,22.2,78,0.0,4.5
Pune,18.5204,73.8567,2025-10-19 06:00:00,64.0,61.9,472.0,10.2,13.6,68.0,22.2,79,0.0,5.1
Pune,18.5204,73.8567,2025-10-19 07:00:00,66.1,64.0,495.0,10.7,16.3,75.0,23.0,74,0.0,5.8
Pune,18.5204,73.8567,2025-10-19 08:00:00,71.5,68.0,492.0,10.2,17.3,87.0,25.2,65,0.0,7.9
Pune,18.5204,73.8567,2025-10-19 09:00:00,76.4,70.3,435.0,7.7,15.2,107.0,27.4,56,0.0,10.3
Pune,18.5204,73.8567,2025-10-19 10:00:00,75.7,69.2,352.0,4.3,11.4,132.0,29.3,48,0.0,13.5
Pune,18.5204,73.8567,2025-10-19 11:00:00,71.9,65.7,288.0,1.8,8.3,149.0,30.6,40,0.0,13.9
Pune,18.5204,73.8567,2025-10-19 12:00:00,67.5,61.9,264.0,0.7,6.7,154.0,31.8,37,0.0,14.4
Pune,18.5204,73.8567,2025-10-19 13:00:00,63.8,58.7,260.0,0.5,5.7,152.0,32.2,35,0.0,14.3
Pune,18.5204,73.8567,2025-10-19 14:00:00,60.8,56.0,262.0,1.8,5.3,147.0,31.9,36,0.0,13.4
Pune,18.5204,73.8567,2025-10-19 15:00:00,58.7,54.1,254.0,4.9,5.3,140.0,31.6,37,0.0,13.0
Pune,18.5204,73.8567,2025-10-19 16:00:00,57.5,53.4,251.0,9.4,5.8,130.0,31.2,37,0.0,11.6
Pune,18.5204,73.8567,2025-10-19 17:00:00,71.0,67.3,289.0,15.8,7.4,116.0,30.1,38,0.0,10.3
Pune,18.5204,73.8567,2025-10-19 18:00:00,74.7,71.7,412.0,24.1,10.2,102.0,29.4,40,0.0,6.7
Pune,18.5204,73.8567,2025-10-19 19:00:00,77.3,74.7,575.0,35.4,14.0,82.0,28.7,42,0.0,2.6
Pune,18.5204,73.8567,2025-10-19 20:00:00,79.9,77.3,682.0,43.0,16.7,67.0,27.8,45,0.0,4.5
Pune,18.5204,73.8567,2025-10-19 21:00:00,80.8,78.5,683.0,43.9,17.3,62.0,26.9,50,0.0,4.8
Pune,18.5204,73.8567,2025-10-19 22:00:00,79.2,76.8,627.0,41.0,16.8,61.0,26.3,54,0.0,3.8
Pune,18.5204,73.8567,2025-10-19 23:00:00,73.6,71.2,568.0,36.9,15.8,62.0,25.2,59,0.0,3.3
Pune,18.5204,73.8567,2025-10-20 00:00:00,65.9,63.8,515.0,31.7,14.2,63.0,24.8,61,0.0,2.7
Pune,18.5204,73.8567,2025-10-20 01:00:00,58.9,56.9,459.0,25.3,12.1,64.0,24.0,65,0.0,2.7
Pune,18.5204,73.8567,2025-10-20 02:00:00,53.3,51.3,423.0,19.5,10.5,66.0,23.4,68,0.0,3.4
Pune,18.5204,73.8567,2025-10-20 03:00:00,48.8,46.8,420.0,14.7,9.9,68.0,22.8,71,0.0,5.0
Pune,18.5204,73.8567,2025-10-20 04:00:00,45.5,43.4,437.0,10.6,9.8,70.0,22.3,73,0.0,5.9
Pune,18.5204,73.8567,2025-10-20 05:00:00,43.9,41.7,456.0,9.8,9.6,73.0,22.5,72,0.0,4.5
Pune,18.5204,73.8567,2025-10-20 06:00:00,42.7,40.4,481.0,9.8,9.7,77.0,22.4,73,0.0,5.5
Pune,18.5204,73.8567,2025-10-20 07:00:00,42.7,40.5,508.0,9.6,9.8,83.0,23.0,71,0.0,6.0
Pune,18.5204,73.8567,2025-10-20 08:00:00,43.4,40.5,507.0,8.8,9.9,94.0,25.0,63,0.0,7.4
Pune,18.5204,73.8567,2025-10-20 09:00:00,45.4,41.6,453.0,6.7,10.0,114.0,27.3,54,0.0,11.0
Pune,18.5204,73.8567,2025-10-20 10:00:00,42.6,38.8,371.0,3.8,10.1,138.0,29.3,44,0.0,14.2
Pune,18.5204,73.8567,2025-10-20 11:00:00,38.2,34.8,308.0,1.8,10.0,155.0,30.6,36,0.0,15.5
Pune,18.5204,73.8567,2025-10-20 12:00:00,34.8,31.8,282.0,1.0,9.7,160.0,31.6,33,0.0,15.5
Pune,18.5204,73.8567,2025-10-20 13:00:00,33.2,30.5,275.0,1.0,9.2,158.0,32.1,32,0.0,14.7
Pune,18.5204,73.8567,2025-10-20 14:00:00,32.4,29.9,274.0,1.7,8.8,154.0,32.4,30,0.0,13.9
Pune,18.5204,73.8567,2025-10-20 15:00:00,31.9,29.6,277.0,3.4,8.7,149.0,32.1,31,0.0,13.0
Pune,18.5204,73.8567,2025-10-20 16:00:00,31.9,29.9,286.0,5.9,8.8,143.0,31.5,33,0.0,12.8
Pune,18.5204,73.8567,2025-10-20 17:00:00,29.9,28.4,300.0,9.6,9.2,123.0,30.8,34,0.0,12.5
Pune,18.5204,73.8567,2025-10-20 18:00:00,31.2,29.9,320.0,10.1,9.0,121.0,29.4,39,0.0,11.3
Pune,18.5204,73.8567,2025-10-20 19:00:00,32.4,31.3,345.0,10.7,8.8,117.0,28.4,42,0.0,12.7
Pune,18.5204,73.8567,2025-10-20 20:00:00,34.2,33.1,366.0,10.7,9.1,115.0,27.4,46,0.0,12.0
Pune,18.5204,73.8567,2025-10-20 21:00:00,36.0,34.8,385.0,9.7,10.4,116.0,26.7,50,0.0,11.0
Pune,18.5204,73.8567,2025-10-20 22:00:00,37.5,36.3,402.0,8.2,12.2,117.0,26.1,52,0.0,10.7
Pune,18.5204,73.8567,2025-10-20 23:00:00,38.5,37.5,405.0,6.9,13.5,117.0,25.5,56,0.0,11.4
Pune,18.5204,73.8567,2025-10-21 00:00:00,39.5,38.6,382.0,5.9,14.1,113.0,24.9,60,0.0,11.4
Pune,18.5204,73.8567,2025-10-21 01:00:00,40.6,39.9,346.0,5.0,14.3,106.0,24.5,67,0.0,10.5
Pune,18.5204,73.8567,2025-10-21 02:00:00,41.4,40.7,325.0,4.5,13.9,99.0,23.8,72,0.0,10.3
Pune,18.5204,73.8567,2025-10-21 03:00:00,41.9,41.3,335.0,4.5,12.7,91.0,23.2,77,0.0,9.7
Pune,18.5204,73.8567,2025-10-21 04:00:00,41.7,41.1,361.0,4.8,11.0,83.0,22.7,82,0.0,8.8
Pune,18.5204,73.8567,2025-10-21 05:00:00,27.6,27.2,382.0,3.7,4.2,80.0,22.9,82,0.0,6.5
Pune,18.5204,73.8567,2025-10-21 06:00:00,23.4,23.1,399.0,4.1,3.8,79.0,22.8,84,0.0,6.1
Pune,18.5204,73.8567,2025-10-21 07:00:00,18.6,18.4,412.0,4.7,3.1,78.0,23.6,82,0.0,7.4
Pune,18.5204,73.8567,2025-10-21 08:00:00,13.6,13.4,402.0,4.8,2.6,77.0,25.2,74,0.0,11.0
Pune,18.5204,73.8567,2025-10-21 09:00:00,8.5,8.4,349.0,3.9,2.2,78.0,27.2,63,0.0,12.3
Pune,18.5204,73.8567,2025-10-21 10:00:00,6.1,6.1,273.0,2.6,1.9,79.0,29.0,57,0.0,12.2
Pune,18.5204,73.8567,2025-10-21 11:00:00,5.9,5.9,216.0,1.6,1.7,81.0,30.6,49,0.0,12.4
Pune,18.5204,73.8567,2025-10-21 12:00:00,6.3,6.3,194.0,1.2,1.7,85.0,31.9,45,0.0,12.4
Pune,18.5204,73.8567,2025-10-21 13:00:00,6.8,6.7,190.0,1.2,1.8,91.0,31.8,45,0.0,12.9
Pune,18.5204,73.8567,2025-10-21 14:00:00,7.1,7.0,196.0,1.6,2.0,93.0,31.8,44,0.0,10.5
Pune,18.5204,73.8567,2025-10-21 15:00:00,7.3,7.2,215.0,2.3,2.0,91.0,30.8,46,0.2,11.3
Pune,18.5204,73.8567,2025-10-21 16:00:00,7.5,7.4,245.0,3.6,2.1,87.0,26.5,71,1.6,11.3
Pune,18.5204,73.8567,2025-10-21 17:00:00,16.2,16.0,266.0,6.6,3.3,77.0,26.2,71,0.2,4.8
Pune,18.5204,73.8567,2025-10-21 18:00:00,19.7,19.6,271.0,10.0,4.5,68.0,25.8,72,0.0,2.4
Pune,18.5204,73.8567,2025-10-21 19:00:00,22.2,22.0,267.0,14.7,6.1,55.0,25.8,71,0.0,8.4
Pune,18.5204,73.8567,2025-10-21 20:00:00,24.6,24.4,265.0,17.5,7.5,47.0,25.2,73,0.0,6.3
Pune,18.5204,73.8567,2025-10-21 21:00:00,25.7,25.6,268.0,17.0,8.2,47.0,24.6,76,0.0,8.6
Pune,18.5204,73.8567,2025-10-21 22:00:00,23.6,23.5,272.0,14.6,8.5,50.0,23.9,82,0.1,10.7
Pune,18.5204,73.8567,2025-10-21 23:00:00,21.1,21.1,272.0,12.1,9.0,54.0,22.9,87,0.0,10.9
Pune,18.5204,73.8567,2025-10-22 00:00:00,18.7,18.7,263.0,9.7,9.8,56.0,22.7,91,0.2,11.2
Pune,18.5204,73.8567,2025-10-22 01:00:00,17.3,17.3,251.0,7.1,10.8,59.0,22.3,93,0.0,10.3
Pune,18.5204,73.8567,2025-10-22 02:00:00,16.4,16.3,247.0,5.4,11.4,59.0,21.9,94,0.0,9.3
Pune,18.5204,73.8567,2025-10-22 03:00:00,16.1,16.1,260.0,5.1,11.6,56.0,21.6,95,0.0,9.2
Pune,18.5204,73.8567,2025-10-22 04:00:00,16.3,16.3,280.0,5.7,11.4,50.0,21.5,95,0.0,9.0
Pune,18.5204,73.8567,2025-10-22 05:00:00,17.3,17.3,295.0,6.3,9.4,47.0,22.3,98,0.0,7.7
Pune,18.5204,73.8567,2025-10-22 06:00:00,17.6,17.6,300.0,6.4,8.5,49.0,22.6,95,0.0,7.6
Pune,18.5204,73.8567,2025-10-22 07:00:00,16.7,16.6,299.0,6.4,7.2,52.0,23.3,91,0.0,8.9
Pune,18.5204,73.8567,2025-10-22 08:00:00,14.3,14.3,291.0,6.0,6.0,59.0,25.0,79,0.0,11.7
Pune,18.5204,73.8567,2025-10-22 09:00:00,13.3,13.3,271.0,4.7,5.0,72.0,26.9,68,0.0,11.6
Pune,18.5204,73.8567,2025-10-22 10:00:00,12.5,12.5,244.0,2.9,4.2,88.0,28.9,58,0.0,11.4
Pune,18.5204,73.8567,2025-10-22 11:00:00,11.8,11.7,222.0,1.6,3.6,100.0,29.7,53,0.0,12.3
Pune,18.5204,73.8567,2025-10-22 12:00:00,11.4,11.3,209.0,1.1,3.4,105.0,31.0,49,0.0,12.9
Pune,18.5204,73.8567,2025-10-22 13:00:00,11.4,11.3,201.0,1.1,3.5,105.0,31.4,47,0.0,12.4
Pune,18.5204,73.8567,2025-10-22 14:00:00,11.8,11.8,205.0,1.6,3.6,104.0,31.8,46,0.0,13.4
Pune,18.5204,73.8567,2025-10-22 15:00:00,12.2,12.1,216.0,2.9,3.7,101.0,31.2,47,0.0,14.0
Pune,18.5204,73.8567,2025-10-22 16:00:00,12.4,12.3,239.0,4.7,3.7,95.0,28.8,57,0.2,15.4
Pune,18.5204,73.8567,2025-10-22 17:00:00,18.6,18.5,288.0,6.7,3.8,85.0,29.0,54,0.1,9.1
Pune,18.5204,73.8567,2025-10-22 18:00:00,22.2,22.1,403.0,9.8,5.1,78.0,27.3,62,0.0,8.0
Pune,18.5204,73.8567,2025-10-22 19:00:00,23.6,23.5,544.0,14.0,6.8,68.0,26.5,66,0.0,7.6
Pune,18.5204,73.8567,2025-10-22 20:00:00,23.6,23.5,610.0,16.2,8.0,61.0,26.1,68,0.0,8.3
Pune,18.5204,73.8567,2025-10-22 21:00:00,22.1,22.1,529.0,14.5,8.2,61.0,25.8,68,0.0,7.8
Pune,18.5204,73.8567,2025-10-22 22:00:00,20.3,20.2,373.0,10.9,7.9,65.0,25.3,72,0.0,7.2
Pune,18.5204,73.8567,2025-10-22 23:00:00,18.5,18.3,256.0,7.8,7.8,68.0,25.2,75,0.0,9.0
Pune,18.5204,73.8567,2025-10-23 00:00:00,16.8,16.6,228.0,6.2,8.4,67.0,24.5,78,0.0,9.3
Pune,18.5204,73.8567,2025-10-23 01:00:00,15.4,15.3,239.0,5.3,9.3,65.0,23.7,83,0.0,7.5
Pune,18.5204,73.8567,2025-10-23 02:00:00,14.1,14.0,250.0,4.7,9.8,63.0,23.3,85,0.0,8.2
Pune,18.5204,73.8567,2025-10-23 03:00:00,13.0,12.9,245.0,4.6,9.4,61.0,23.1,86,0.0,8.3
Pune,18.5204,73.8567,2025-10-23 04:00:00,12.0,11.9,239.0,4.9,8.6,59.0,22.9,87,0.0,9.0
Pune,18.5204,73.8567,2025-10-23 05:00:00,13.1,13.0,243.0,6.3,7.5,49.0,23.0,90,0.0,11.0
Pune,18.5204,73.8567,2025-10-23 06:00:00,13.0,12.9,270.0,6.3,7.4,54.0,22.9,90,0.0,10.8
Pune,18.5204,73.8567,2025-10-23 07:00:00,12.8,12.7,306.0,6.3,7.3,61.0,23.6,86,0.0,9.5
Pune,18.5204,73.8567,2025-10-23 08:00:00,12.2,12.1,321.0,5.9,6.9,69.0,25.4,75,0.0,12.7
Pune,18.5204,73.8567,2025-10-23 09:00:00,10.9,10.7,294.0,4.6,6.2,78.0,27.3,65,0.0,14.9
Pune,18.5204,73.8567,2025-10-23 10:00:00,9.8,9.6,245.0,2.9,5.3,88.0,29.2,55,0.0,19.1
Pune,18.5204,73.8567,2025-10-23 11:00:00,8.4,8.3,207.0,1.6,4.4,95.0,30.4,49,0.0,19.3
Pune,18.5204,73.8567,2025-10-23 12:00:00,7.8,7.7,191.0,1.0,3.3,97.0,31.4,46,0.0,17.5
Pune,18.5204,73.8567,2025-10-23 13:00:00,6.8,6.7,186.0,0.9,2.2,97.0,32.0,44,0.0,16.6
Pune,18.5204,73.8567,2025-10-23 14:00:00,5.7,5.6,188.0,1.4,1.5,94.0,32.1,44,0.0,15.5
Pune,18.5204,73.8567,2025-10-23 15:00:00,4.9,4.8,199.0,2.9,1.3,89.0,31.6,45,0.0,14.5
Pune,18.5204,73.8567,2025-10-23 16:00:00,5.5,5.4,216.0,5.0,1.5,82.0,30.6,47,0.0,15.1
Pune,18.5204,73.8567,2025-10-23 17:00:00,15.2,14.8,231.0,6.8,4.3,84.0,29.4,53,0.1,13.6
Pune,18.5204,73.8567,2025-10-23 18:00:00,14.6,14.5,239.0,8.0,4.2,77.0,25.5,78,1.6,9.0
Pune,18.5204,73.8567,2025-10-23 19:00:00,13.5,13.3,244.0,9.5,4.1,67.0,24.6,81,0.3,11.3
Pune,18.5204,73.8567,2025-10-23 20:00:00,13.2,13.1,246.0,10.5,3.9,59.0,23.2,90,1.6,12.3
Pune,18.5204,73.8567,2025-10-23 21:00:00,13.0,12.9,246.0,10.4,3.6,55.0,23.3,94,0.5,6.5
Pune,18.5204,73.8567,2025-10-23 22:00:00,12.5,12.5,242.0,9.8,3.2,53.0,22.9,92,0.1,10.7
Pune,18.5204,73.8567,2025-10-23 23:00:00,10.4,10.3,236.0,8.9,2.9,51.0,22.9,90,0.2,11.2
Pune,18.5204,73.8567,2025-10-24 00:00:00,8.6,8.5,223.0,7.7,2.6,49.0,22.9,92,0.5,11.5
Pune,18.5204,73.8567,2025-10-24 01:00:00,7.5,7.5,207.0,6.3,2.4,48.0,22.4,97,1.9,9.6
Pune,18.5204,73.8567,2025-10-24 02:00:00,6.4,6.3,198.0,5.3,2.3,47.0,22.3,96,0.3,9.9
Pune,18.5204,73.8567,2025-10-24 03:00:00,5.6,5.6,202.0,5.0,2.4,45.0,21.6,98,0.6,15.5
Pune,18.5204,73.8567,2025-10-24 04:00:00,5.2,5.1,212.0,5.1,2.6,43.0,21.1,100,0.7,10.6
Pune,18.5204,73.8567,2025-10-24 05:00:00,5.9,5.9,224.0,5.4,2.8,44.0,22.2,98,0.1,10.4
Pune,18.5204,73.8567,2025-10-24 06:00:00,6.2,6.2,239.0,5.8,2.8,45.0,22.2,98,0.9,11.8
Pune,18.5204,73.8567,2025-10-24 07:00:00,6.4,6.4,254.0,6.4,2.7,47.0,22.2,97,0.4,12.8
Pune,18.5204,73.8567,2025-10-24 08:00:00,5.5,5.4,257.0,6.3,2.7,51.0,23.4,89,0.1,15.7
Pune,18.5204,73.8567,2025-10-24 09:00:00,4.7,4.7,236.0,5.1,2.7,60.0,25.5,76,0.0,17.1
Pune,18.5204,73.8567,2025-10-24 10:00:00,4.0,4.0,202.0,3.2,2.7,72.0,27.5,64,0.0,17.3
Pune,18.5204,73.8567,2025-10-24 11:00:00,3.3,3.3,177.0,1.9,2.6,81.0,27.5,65,0.0,18.1
Pune,18.5204,73.8567,2025-10-24 12:00:00,3.2,3.2,165.0,1.2,2.4,85.0,29.0,59,0.0,17.3
Pune,18.5204,73.8567,2025-10-24 13:00:00,3.2,3.2,162.0,1.0,2.2,86.0,28.7,60,0.0,14.4
Pune,18.5204,73.8567,2025-10-24 14:00:00,3.2,3.2,177.0,1.8,2.1,84.0,27.8,62,0.2,13.8
Pune,18.5204,73.8567,2025-10-24 15:00:00,4.0,4.0,225.0,4.6,2.1,78.0,27.6,63,0.0,11.6
Pune,18.5204,73.8567,2025-10-24 16:00:00,7.6,7.5,291.0,8.4,2.2,69.0,24.7,78,5.1,11.4
Pune,18.5204,73.8567,2025-10-24 17:00:00,9.0,8.7,337.0,6.1,2.1,75.0,26.6,74,2.8,7.1
Pune,18.5204,73.8567,2025-10-24 18:00:00,10.9,10.7,345.0,10.4,3.2,66.0,25.5,80,0.0,5.5
Pune,18.5204,73.8567,2025-10-24 19:00:00,13.2,13.0,334.0,16.3,4.7,54.0,23.7,88,2.6,11.5
Pune,18.5204,73.8567,2025-10-24 20:00:00,14.4,14.3,318.0,19.6,5.6,46.0,22.4,95,3.0,9.9
Pune,18.5204,73.8567,2025-10-24 21:00:00,14.1,13.9,300.0,18.2,5.2,45.0,22.2,97,0.1,9.6
Pune,18.5204,73.8567,2025-10-24 22:00:00,13.0,12.8,278.0,14.3,4.2,47.0,22.1,97,0.1,9.7
Pune,18.5204,73.8567,2025-10-24 23:00:00,11.5,11.3,259.0,10.8,3.3,50.0,21.9,97,0.1,9.4
Pune,18.5204,73.8567,2025-10-25 00:00:00,9.3,9.1,245.0,8.4,2.6,52.0,21.9,96,0.4,10.7
Pune,18.5204,73.8567,2025-10-25 01:00:00,7.3,7.2,234.0,6.4,2.0,54.0,21.9,96,0.1,9.2
Pune,18.5204,73.8567,2025-10-25 02:00:00,5.7,5.6,225.0,5.0,1.6,55.0,21.7,97,0.0,8.1
Pune,18.5204,73.8567,2025-10-25 03:00:00,4.6,4.6,217.0,4.5,1.5,54.0,21.7,96,0.0,6.1
Pune,18.5204,73.8567,2025-10-25 04:00:00,4.0,4.0,212.0,4.7,1.7,52.0,21.5,97,0.0,7.6
Pune,18.5204,73.8567,2025-10-25 05:00:00,7.0,7.0,214.0,9.2,3.3,38.0,21.7,99,0.0,7.9
Pune,18.5204,73.8567,2025-10-25 06:00:00,7.3,7.2,233.0,8.5,3.3,42.0,21.8,98,0.0,6.5
Pune,18.5204,73.8567,2025-10-25 07:00:00,5.3,5.3,259.0,7.6,3.2,47.0,22.6,93,0.0,8.6
Pune,18.5204,73.8567,2025-10-25 08:00:00,4.7,4.6,268.0,6.5,2.9,52.0,23.8,85,0.1,10.5
Pune,18.5204,73.8567,2025-10-25 09:00:00,3.6,3.6,241.0,5.1,2.3,56.0,25.2,78,0.1,10.3
Pune,18.5204,73.8567,2025-10-25 10:00:00,3.1,3.0,198.0,3.5,1.5,60.0,26.7,71,0.1,9.8
Pune,18.5204,73.8567,2025-10-25 11:00:00,2.7,2.6,174.0,2.6,1.0,64.0,28.2,61,0.1,12.9
Pune,18.5204,73.8567,2025-10-25 12:00:00,2.8,2.8,184.0,2.5,1.1,68.0,27.1,62,0.1,13.6
Pune,18.5204,73.8567,2025-10-25 13:00:00,3.1,3.1,213.0,3.1,1.6,73.0,28.1,62,0.4,12.8
Pune,18.5204,73.8567,2025-10-25 14:00:00,4.0,3.9,250.0,4.5,2.1,74.0,28.2,60,0.0,12.9
Pune,18.5204,73.8567,2025-10-25 15:00:00,4.6,4.5,292.0,6.8,2.5,71.0,26.9,66,0.6,5.9
Pune,18.5204,73.8567,2025-10-25 16:00:00,6.2,6.0,342.0,9.9,2.8,66.0,26.3,70,0.1,7.6
Pune,18.5204,73.8567,2025-10-25 17:00:00,11.6,11.0,405.0,12.9,3.6,57.0,24.3,88,0.0,2.2
Pune,18.5204,73.8567,2025-10-25 18:00:00,18.5,17.5,506.0,21.0,5.2,45.0,23.8,94,0.0,3.2
Pune,18.5204,73.8567,2025-10-25 19:00:00,24.5,23.3,619.0,31.7,7.3,29.0,23.4,95,0.1,0.9
Pune,18.5204,73.8567,2025-10-25 20:00:00,24.6,23.5,669.0,37.1,8.4,21.0,23.1,97,0.0,1.0
Pune,18.5204,73.8567,2025-10-25 21:00:00,22.2,21.1,602.0,32.0,7.4,27.0,23.0,94,0.1,3.8
Pune,18.5204,73.8567,2025-10-25 22:00:00,18.1,17.3,471.0,21.6,5.4,41.0,22.6,98,0.1,6.0
Pune,18.5204,73.8567,2025-10-25 23:00:00,14.0,13.3,363.0,13.1,3.7,51.0,22.1,97,0.1,10.4
Pune,18.5204,73.8567,2025-10-26 00:00:00,12.3,11.7,311.0,9.5,3.0,54.0,22.2,93,0.0,8.6
Pune,18.5204,73.8567,2025-10-26 01:00:00,11.2,10.6,281.0,8.0,2.7,55.0,21.7,95,0.0,8.0
Pune,18.5204,73.8567,2025-10-26 02:00:00,10.8,10.2,259.0,7.0,2.5,54.0,21.3,97,0.0,7.9
Pune,18.5204,73.8567,2025-10-26 03:00:00,10.4,9.9,242.0,6.3,2.4,53.0,21.1,98,0.0,8.3
Pune,18.5204,73.8567,2025-10-26 04:00:00,10.7,10.1,234.0,6.1,2.5,50.0,21.0,100,0.0,9.6
Pune,18.5204,73.8567,2025-10-26 05:00:00,12.3,11.6,231.0,7.6,2.7,43.0,21.1,99,0.0,8.3
Pune,18.5204,73.8567,2025-10-26 06:00:00,13.4,12.8,239.0,7.7,2.8,47.0,21.2,98,0.0,8.4
Pune,18.5204,73.8567,2025-10-26 07:00:00,14.6,13.8,253.0,7.8,3.0,52.0,21.7,95,0.0,11.9
Pune,18.5204,73.8567,2025-10-26 08:00:00,13.1,12.5,254.0,7.4,3.1,58.0,23.4,83,0.0,15.1
Pune,18.5204,73.8567,2025-10-26 09:00:00,10.3,9.7,228.0,5.9,2.9,66.0,24.3,77,0.0,16.3
Pune,18.5204,73.8567,2025-10-26 10:00:00,7.9,7.4,191.0,3.8,2.6,74.0,24.4,77,0.1,14.5
Pune,18.5204,73.8567,2025-10-26 11:00:00,6.7,6.4,168.0,2.6,2.3,78.0,26.0,71,0.1,15.0
Pune,18.5204,73.8567,2025-10-26 12:00:00,6.2,5.7,172.0,2.7,2.2,76.0,25.3,74,1.0,14.8
Pune,18.5204,73.8567,2025-10-26 13:00:00,5.7,5.3,191.0,3.5,2.1,71.0,25.9,78,5.0,6.8
Pune,18.5204,73.8567,2025-10-26 14:00:00,6.2,5.7,218.0,4.9,2.2,65.0,23.8,89,5.6,13.2
Pune,18.5204,73.8567,2025-10-26 15:00:00,6.6,6.1,259.0,6.9,2.5,60.0,23.4,89,0.6,6.5
Pune,18.5204,73.8567,2025-10-26 16:00:00,7.4,6.9,307.0,9.5,2.9,55.0,24.7,84,0.1,2.1
Pune,18.5204,73.8567,2025-10-26 17:00:00,15.4,13.8,338.0,11.3,3.7,58.0,23.7,90,0.9,5.0
Pune,18.5204,73.8567,2025-10-26 18:00:00,16.2,14.7,339.0,13.7,4.2,52.0,23.0,90,2.9,4.7
Pune,18.5204,73.8567,2025-10-26 19:00:00,15.4,14.3,323.0,16.9,4.8,43.0,22.6,96,0.8,9.0
Pune,18.5204,73.8567,2025-10-26 20:00:00,15.3,14.4,302.0,18.6,5.1,37.0,22.6,95,0.2,6.3
Pune,18.5204,73.8567,2025-10-26 21:00:00,13.5,12.7,277.0,17.6,4.9,36.0,22.3,95,0.6,5.7
Pune,18.5204,73.8567,2025-10-26 22:00:00,13.0,12.2,248.0,15.3,4.4,38.0,22.0,98,0.4,5.7
Pune,18.5204,73.8567,2025-10-26 23:00:00,12.3,11.5,224.0,12.9,3.9,40.0,21.7,97,0.0,6.3
Pune,18.5204,73.8567,2025-10-27 00:00:00,11.6,10.8,210.0,11.0,3.4,41.0,21.7,95,0.0,6.7
Pune,18.5204,73.8567,2025-10-27 01:00:00,10.6,9.8,201.0,9.2,2.9,41.0,21.6,95,0.1,5.4
Pune,18.5204,73.8567,2025-10-27 02:00:00,9.2,8.4,196.0,7.6,2.5,42.0,21.6,94,0.9,5.9
Pune,18.5204,73.8567,2025-10-27 03:00:00,8.0,7.3,193.0,6.2,2.1,43.0,21.4,96,0.9,7.0
Pune,18.5204,73.8567,2025-10-27 04:00:00,5.8,5.3,193.0,5.0,1.8,43.0,21.4,96,0.5,7.8
Pune,18.5204,73.8567,2025-10-27 05:00:00,7.8,7.2,200.0,9.7,3.4,31.0,21.4,95,0.0,7.8
Pune,18.5204,73.8567,2025-10-27 06:00:00,8.8,8.1,221.0,9.5,3.4,32.0,21.4,92,1.2,7.3
Pune,18.5204,73.8567,2025-10-27 07:00:00,9.1,8.5,249.0,9.1,3.4,34.0,21.9,92,0.1,8.2
Pune,18.5204,73.8567,2025-10-27 08:00:00,7.3,6.9,261.0,8.5,3.4,38.0,23.3,85,0.0,11.4
Pune,18.5204,73.8567,2025-10-27 09:00:00,7.1,6.8,242.0,7.3,3.3,45.0,23.7,83,0.0,12.6
Pune,18.5204,73.8567,2025-10-27 10:00:00,6.3,6.1,207.0,5.9,3.2,53.0,25.6,75,0.2,14.9
Pune,18.5204,73.8567,2025-10-27 11:00:00,5.8,5.7,184.0,4.7,3.0,60.0,28.0,65,0.0,13.2
Pune,18.5204,73.8567,2025-10-27 12:00:00,4.3,4.3,179.0,3.4,2.5,65.0,27.6,65,0.1,13.7
Pune,18.5204,73.8567,2025-10-27 13:00:00,3.7,3.6,187.0,2.5,1.9,68.0,29.1,62,0.0,12.5
Pune,18.5204,73.8567,2025-10-27 14:00:00,3.3,3.3,213.0,3.2,1.7,67.0,26.2,75,3.7,19.2
Pune,18.5204,73.8567,2025-10-27 15:00:00,4.5,4.4,261.0,7.1,2.1,60.0,25.0,83,6.0,3.8
Pune,18.5204,73.8567,2025-10-27 16:00:00,4.9,4.9,329.0,12.7,2.9,50.0,24.6,84,1.1,4.4
Pune,18.5204,73.8567,2025-10-27 17:00:00,12.8,12.7,415.0,10.7,2.8,55.0,23.5,92,0.2,2.7
Pune,18.5204,73.8567,2025-10-27 18:00:00,15.5,15.4,554.0,18.1,4.5,45.0,23.5,92,0.2,2.0
Pune,18.5204,73.8567,2025-10-27 19:00:00,21.7,21.4,712.0,28.2,6.9,31.0,23.3,95,0.0,1.2
Pune,18.5204,73.8567,2025-10-27 20:00:00,26.8,26.5,789.0,33.8,8.3,22.0,23.0,98,0.0,2.8
Pune,18.5204,73.8567,2025-10-27 21:00:00,24.0,23.6,714.0,30.9,7.8,24.0,22.9,99,0.0,4.7
Pune,18.5204,73.8567,2025-10-27 22:00:00,21.6,21.2,558.0,23.7,6.4,31.0,22.5,99,0.0,0.8
Pune,18.5204,73.8567,2025-10-27 23:00:00,19.9,19.5,439.0,17.6,5.2,36.0,22.1,99,0.0,5.0
Pune,18.5204,73.8567,2025-10-28 00:00:00,19.4,18.9,407.0,14.8,4.6,37.0,21.9,98,0.0,4.8
Pune,18.5204,73.8567,2025-10-28 01:00:00,18.5,18.0,412.0,13.2,4.1,35.0,21.6,99,0.0,2.1
Pune,18.5204,73.8567,2025-10-28 02:00:00,16.9,16.6,419.0,12.1,3.8,34.0,21.4,100,0.0,0.8
Pune,18.5204,73.8567,2025-10-28 03:00:00,16.2,15.8,416.0,11.4,3.6,32.0,20.8,100,0.0,3.1
Pune,18.5204,73.8567,2025-10-28 04:00:00,16.6,16.1,415.0,11.1,3.5,29.0,21.1,100,0.0,5.6
Pune,18.5204,73.8567,2025-10-28 05:00:00,25.7,25.1,414.0,17.5,3.6,23.0,20.8,100,0.0,5.7
Pune,18.5204,73.8567,2025-10-28 06:00:00,25.3,24.7,418.0,15.8,3.8,29.0,20.6,100,0.0,4.7
Pune,18.5204,73.8567,2025-10-28 07:00:00,23.7,23.1,423.0,13.4,4.0,38.0,20.9,98,0.0,4.4
Pune,18.5204,73.8567,2025-10-28 08:00:00,20.8,20.0,413.0,10.7,3.9,49.0,22.5,90,0.0,6.1
Pune,18.5204,73.8567,2025-10-28 09:00:00,19.4,18.2,373.0,7.6,3.3,65.0,24.2,79,0.0,6.5
Pune,18.5204,73.8567,2025-10-28 10:00:00,21.0,19.3,319.0,4.3,2.5,84.0,25.9,72,0.0,8.6
Pune,18.5204,73.8567,2025-10-28 11:00:00,21.3,19.6,277.0,1.9,1.8,98.0,27.4,63,0.0,6.3
Pune,18.5204,73.8567,2025-10-28 12:00:00,20.5,18.9,258.0,1.0,1.5,103.0,28.4,58,0.0,6.2
Pune,18.5204,73.8567,2025-10-28 13:00:00,19.2,17.6,252.0,1.0,1.4,102.0,28.9,54,0.0,7.4
Pune,18.5204,73.8567,2025-10-28 14:00:00,18.4,16.9,258.0,1.8,1.5,99.0,29.1,53,0.0,6.9
Pune,18.5204,73.8567,2025-10-28 15:00:00,18.6,17.2,272.0,3.3,1.7,94.0,29.1,52,0.0,7.5
Pune,18.5204,73.8567,2025-10-28 16:00:00,17.5,16.4,298.0,5.6,1.9,85.0,28.5,55,0.0,6.7
Pune,18.5204,73.8567,2025-10-28 17:00:00,24.5,22.9,347.0,9.9,2.8,77.0,26.4,71,0.0,10.3
Pune,18.5204,73.8567,2025-10-28 18:00:00,28.3,26.8,431.0,16.1,4.3,65.0,24.9,80,0.0,5.9
Pune,18.5204,73.8567,2025-10-28 19:00:00,31.0,29.6,538.0,24.8,6.3,47.0,23.9,86,0.0,4.8
Pune,18.5204,73.8567,2025-10-28 20:00:00,34.6,33.2,644.0,32.5,8.1,32.0,23.5,88,0.0,4.7
Pune,18.5204,73.8567,2025-10-28 21:00:00,40.2,38.8,760.0,38.6,9.4,22.0,23.2,89,0.0,3.1
Pune,18.5204,73.8567,2025-10-28 22:00:00,45.8,44.5,876.0,43.7,10.5,14.0,23.2,89,0.0,2.2
Pune,18.5204,73.8567,2025-10-28 23:00:00,46.0,44.7,938.0,46.5,11.0,9.0,22.8,94,0.0,2.2
Pune,18.5204,73.8567,2025-10-29 00:00:00,44.4,43.1,905.0,46.0,10.5,9.0,22.8,94,0.0,2.6
Pune,18.5204,73.8567,2025-10-29 01:00:00,43.8,42.5,818.0,43.2,9.4,12.0,22.1,96,0.0,1.8
Pune,18.5204,73.8567,2025-10-29 02:00:00,43.0,41.6,741.0,40.0,8.4,15.0,21.5,97,0.0,1.0
Pune,18.5204,73.8567,2025-10-29 03:00:00,41.8,40.4,695.0,37.2,7.8,15.0,21.2,97,0.0,1.1
Pune,18.5204,73.8567,2025-10-29 04:00:00,40.3,38.9,660.0,33.9,7.3,16.0,20.8,97,0.0,1.5
Pune,18.5204,73.8567,2025-10-29 05:00:00,45.5,43.7,639.0,37.2,7.7,3.0,21.1,100,0.0,5.2
Pune,18.5204,73.8567,2025-10-29 06:00:00,47.7,45.6,649.0,33.3,8.0,17.0,21.3,99,0.0,3.4
Pune,18.5204,73.8567,2025-10-29 07:00:00,56.2,54.1,673.0,27.6,8.3,38.0,21.5,98,0.0,2.2
Pune,18.5204,73.8567,2025-10-29 08:00:00,41.2,38.5,661.0,21.5,8.1,59.0,22.7,92,0.0,4.6
Pune,18.5204,73.8567,2025-10-29 09:00:00,30.5,27.0,577.0,14.6,6.8,80.0,24.6,83,0.0,4.0
Pune,18.5204,73.8567,2025-10-29 10:00:00,27.5,24.2,457.0,7.4,4.8,102.0,26.3,74,0.0,5.0
Pune,18.5204,73.8567,2025-10-29 11:00:00,24.9,21.9,359.0,2.3,3.3,116.0,28.3,60,0.0,5.1
Pune,18.5204,73.8567,2025-10-29 12:00:00,22.9,20.4,303.0,0.7,2.5,119.0,28.6,57,0.0,4.2
Pune,18.5204,73.8567,2025-10-29 13:00:00,21.7,19.4,269.0,1.2,2.2,116.0,29.3,55,0.0,3.1
Pune,18.5204,73.8567,2025-10-29 14:00:00,21.0,19.1,252.0,2.5,2.1,110.0,29.8,53,0.0,3.1
Pune,18.5204,73.8567,2025-10-29 15:00:00,20.5,18.9,257.0,3.4,2.1,105.0,30.2,48,0.0,2.4
Pune,18.5204,73.8567,2025-10-29 16:00:00,19.3,18.0,280.0,5.0,2.5,97.0,28.3,62,0.0,10.0
Pune,18.5204,73.8567,2025-10-29 17:00:00,23.9,21.4,305.0,7.2,3.5,92.0,25.4,79,0.0,11.5
Pune,18.5204,73.8567,2025-10-29 18:00:00,28.2,26.0,319.0,13.6,5.2,76.0,24.5,81,0.0,8.5
Pune,18.5204,73.8567,2025-10-29 19:00:00,26.5,25.0,335.0,22.3,7.5,54.0,24.2,82,0.0,8.3
Pune,18.5204,73.8567,2025-10-29 20:00:00,24.8,23.8,383.0,28.3,9.2,37.0,23.7,84,0.0,9.5
Pune,18.5204,73.8567,2025-10-29 21:00:00,22.1,21.4,502.0,29.1,9.9,30.0,23.4,86,0.0,6.8
Pune,18.5204,73.8567,2025-10-29 22:00:00,20.7,20.2,653.0,27.1,10.0,29.0,22.7,90,0.0,2.8
Pune,18.5204,73.8567,2025-10-29 23:00:00,18.4,18.0,743.0,24.5,9.8,29.0,23.0,89,0.0,5.5
Pune,18.5204,73.8567,2025-10-30 00:00:00,14.7,14.4,720.0,21.4,9.1,31.0,22.8,90,0.0,4.6
Pune,18.5204,73.8567,2025-10-30 01:00:00,13.4,13.1,636.0,17.6,8.0,34.0,22.6,89,0.0,5.9
Pune,18.5204,73.8567,2025-10-30 02:00:00,12.9,12.7,553.0,15.0,7.1,37.0,22.4,88,0.0,5.7
Pune,18.5204,73.8567,2025-10-30 03:00:00,14.1,13.8,485.0,14.6,6.6,38.0,22.1,91,0.0,2.8
Pune,18.5204,73.8567,2025-10-30 04:00:00,16.1,15.6,417.0,15.3,6.3,39.0,22.1,90,0.1,0.6
Pune,18.5204,73.8567,2025-10-30 05:00:00,7.3,6.8,374.0,5.8,3.6,65.0,21.9,95,1.8,7.6
Pune,18.5204,73.8567,2025-10-30 06:00:00,9.3,8.6,377.0,7.4,4.0,65.0,21.9,93,1.2,7.1
Pune,18.5204,73.8567,2025-10-30 07:00:00,11.4,10.4,404.0,9.4,4.5,66.0,21.9,91,2.3,5.7
Pune,18.5204,73.8567,2025-10-30 08:00:00,12.7,11.4,411.0,10.1,4.7,70.0,22.0,92,3.0,8.2
Pune,18.5204,73.8567,2025-10-30 09:00:00,13.4,11.8,374.0,8.1,4.3,79.0,22.9,86,0.1,9.9
Pune,18.5204,73.8567,2025-10-30 10:00:00,14.3,12.3,317.0,4.8,3.5,91.0,23.1,86,0.1,6.8
Pune,18.5204,73.8567,2025-10-30 11:00:00,13.3,11.5,270.0,2.4,2.9,99.0,24.0,77,0.0,9.7
Pune,18.5204,73.8567,2025-10-30 12:00:00,13.6,11.8,242.0,1.8,2.6,100.0,26.4,64,0.0,12.0
Pune,18.5204,73.8567,2025-10-30 13:00:00,13.6,11.8,224.0,2.0,2.4,97.0,27.8,57,0.0,16.8
Pune,18.5204,73.8567,2025-10-30 14:00:00,13.4,11.7,221.0,2.5,2.4,93.0,26.3,64,0.0,14.9
Pune,18.5204,73.8567,2025-10-30 15:00:00,13.6,12.0,244.0,2.9,2.4,91.0,26.7,63,0.0,13.9
Pune,18.5204,73.8567,2025-10-30 16:00:00,13.4,12.0,282.0,3.6,2.6,88.0,26.1,66,0.0,12.0
Pune,18.5204,73.8567,2025-10-30 17:00:00,19.5,17.2,312.0,5.7,2.9,83.0,25.0,73,0.0,8.9
Pune,18.5204,73.8567,2025-10-30 18:00:00,21.1,19.1,323.0,10.9,4.6,72.0,23.4,80,0.0,9.7
Pune,18.5204,73.8567,2025-10-30 19:00:00,24.0,21.8,327.0,18.3,6.9,56.0,22.7,85,0.0,10.0
Pune,18.5204,73.8567,2025-10-30 20:00:00,30.5,27.9,333.0,25.3,8.9,42.0,22.2,88,0.0,8.1
Pune,18.5204,73.8567,2025-10-30 21:00:00,39.1,35.9,344.0,32.7,10.5,31.0,21.4,91,0.0,3.7
Pune,18.5204,73.8567,2025-10-30 22:00:00,45.4,42.0,358.0,39.8,11.7,21.0,20.7,93,0.0,1.3
Pune,18.5204,73.8567,2025-10-30 23:00:00,44.8,41.6,375.0,42.0,11.7,17.0,20.4,98,0.0,3.0
Pune,18.5204,73.8567,2025-10-31 00:00:00,38.0,34.7,403.0,35.4,9.7,21.0,20.5,95,0.0,5.2
Pune,18.5204,73.8567,2025-10-31 01:00:00,31.3,28.1,435.0,24.0,6.5,30.0,20.2,94,0.0,3.9
Pune,18.5204,73.8567,2025-10-31 02:00:00,26.7,23.9,451.0,14.8,4.1,37.0,20.1,93,0.0,3.6
Pune,18.5204,73.8567,2025-10-31 03:00:00,22.5,20.3,432.0,10.9,3.2,39.0,20.2,93,0.0,2.7
Pune,18.5204,73.8567,2025-10-31 04:00:00,19.6,17.7,397.0,9.4,3.0,40.0,20.6,92,0.1,3.3
Pune,18.5204,73.8567,2025-10-31 05:00:00,28.0,24.7,380.0,15.5,4.6,30.0,19.8,99,0.0,1.4
Pune,18.5204,73.8567,2025-10-31 06:00:00,25.3,22.5,411.0,13.7,4.3,38.0,20.4,98,0.1,3.2
Pune,18.5204,73.8567,2025-10-31 07:00:00,22.4,20.4,461.0,11.1,4.0,49.0,21.2,96,0.0,3.1
Pune,18.5204,73.8567,2025-10-31 08:00:00,16.7,14.1,472.0,8.5,3.5,60.0,22.9,89,0.0,3.5
Pune,18.5204,73.8567,2025-10-31 09:00:00,10.6,8.9,404.0,6.0,2.9,70.0,25.1,76,0.1,8.4
Pune,18.5204,73.8567,2025-10-31 10:00:00,7.6,6.7,298.0,3.6,2.2,79.0,25.3,75,0.1,7.8
Pune,18.5204,73.8567,2025-10-31 11:00:00,5.8,5.3,218.0,1.9,1.7,85.0,25.7,73,0.0,11.2
Pune,18.5204,73.8567,2025-10-31 12:00:00,4.0,3.7,192.0,1.3,1.4,87.0,26.7,69,0.0,12.4
Pune,18.5204,73.8567,2025-10-31 13:00:00,2.8,2.6,191.0,1.5,1.3,87.0,27.2,68,0.0,12.7
Pune,18.5204,73.8567,2025-10-31 14:00:00,3.2,2.9,200.0,2.0,1.4,85.0,27.6,66,0.4,13.6
Pune,18.5204,73.8567,2025-10-31 15:00:00,3.2,3.0,214.0,2.9,1.7,83.0,26.2,75,0.0,11.9
Pune,18.5204,73.8567,2025-10-31 16:00:00,3.4,3.3,237.0,4.2,2.1,81.0,26.1,75,0.2,11.0
Pune,18.5204,73.8567,2025-10-31 17:00:00,7.4,6.6,262.0,6.3,3.1,78.0,25.0,85,0.1,5.8
Pune,18.5204,73.8567,2025-10-31 18:00:00,9.7,8.8,267.0,10.4,4.1,69.0,24.0,89,0.0,4.1
Pune,18.5204,73.8567,2025-10-31 19:00:00,12.3,11.4,273.0,15.9,5.5,57.0,23.3,92,0.0,3.4
Pune,18.5204,73.8567,2025-10-31 20:00:00,14.3,13.4,342.0,20.0,6.4,47.0,22.7,94,0.0,2.4
Pune,18.5204,73.8567,2025-10-31 21:00:00,16.4,15.5,547.0,21.3,6.5,43.0,22.2,96,0.0,1.4
Pune,18.5204,73.8567,2025-10-31 22:00:00,15.8,15.0,813.0,21.1,6.1,42.0,21.8,97,0.0,0.6
Pune,18.5204,73.8567,2025-10-31 23:00:00,15.3,14.5,981.0,20.0,5.6,42.0,22.3,98,0.0,1.9
Pune,18.5204,73.8567,2025-11-01 00:00:00,12.5,11.8,960.0,17.7,4.9,42.0,22.5,98,0.0,2.2
Pune,18.5204,73.8567,2025-11-01 01:00:00,10.8,10.2,840.0,14.5,4.0,42.0,22.2,98,0.0,2.2
Pune,18.5204,73.8567,2025-11-01 02:00:00,9.8,9.3,730.0,12.3,3.5,42.0,21.9,99,0.0,2.2
Pune,18.5204,73.8567,2025-11-01 03:00:00,9.4,8.9,664.0,12.4,3.6,39.0,21.7,99,0.0,3.4
Pune,18.5204,73.8567,2025-11-01 04:00:00,9.6,9.1,608.0,13.6,3.9,35.0,21.4,99,0.0,2.0
Pune,18.5204,73.8567,2025-11-01 05:00:00,7.1,6.7,566.0,9.8,3.7,46.0,21.7,99,0.0,0.9
Pune,18.5204,73.8567,2025-11-01 06:00:00,8.2,7.9,555.0,10.0,3.9,48.0,22.2,98,0.1,2.1
Pune,18.5204,73.8567,2025-11-01 07:00:00,7.1,6.7,559.0,10.3,4.2,52.0,22.8,98,0.1,0.4
Pune,18.5204,73.8567,2025-11-01 08:00:00,5.8,5.5,533.0,9.8,4.3,57.0,23.9,94,0.1,0.2
Pune,18.5204,73.8567,2025-11-01 09:00:00,4.6,4.3,440.0,8.0,3.9,64.0,25.3,86,0.0,2.1
Pune,18.5204,73.8567,2025-11-01 10:00:00,3.2,3.1,318.0,5.6,3.2,72.0,27.1,75,0.0,7.7
Pune,18.5204,73.8567,2025-11-01 11:00:00,4.1,4.0,229.0,3.7,2.7,78.0,26.8,72,1.2,12.1
Pune,18.5204,73.8567,2025-11-01 12:00:00,4.2,4.1,203.0,2.7,2.3,81.0,27.7,72,0.2,10.2
Pune,18.5204,73.8567,2025-11-01 13:00:00,4.0,3.9,211.0,2.2,2.1,83.0,28.4,69,0.0,9.8
Pune,18.5204,73.8567,2025-11-01 14:00:00,4.5,4.3,230.0,2.3,2.1,83.0,26.6,71,1.4,13.0
Pune,18.5204,73.8567,2025-11-01 15:00:00,5.9,5.6,260.0,3.2,2.5,81.0,25.5,81,1.3,8.1
Pune,18.5204,73.8567,2025-11-01 16:00:00,7.3,6.9,301.0,4.8,3.2,77.0,24.8,80,0.5,11.2
Pune,18.5204,73.8567,2025-11-01 17:00:00,11.0,10.3,333.0,8.6,5.1,70.0,24.4,88,0.1,10.2
Pune,18.5204,73.8567,2025-11-01 18:00:00,12.7,12.0,349.0,11.0,6.1,63.0,23.6,92,0.1,10.0
Pune,18.5204,73.8567,2025-11-01 19:00:00,14.4,13.5,355.0,14.3,7.5,53.0,23.3,92,0.0,9.3
Pune,18.5204,73.8567,2025-11-01 20:00:00,16.1,15.2,353.0,17.2,8.7,44.0,23.0,93,0.0,8.4
Pune,18.5204,73.8567,2025-11-01 21:00:00,17.7,16.8,340.0,19.3,9.4,37.0,22.7,93,0.0,5.9
Pune,18.5204,73.8567,2025-11-01 22:00:00,20.0,19.0,319.0,21.0,9.8,32.0,22.6,94,0.0,6.0
Pune,18.5204,73.8567,2025-11-01 23:00:00,20.0,19.2,298.0,21.8,10.0,28.0,22.4,96,0.0,6.8
Pune,18.5204,73.8567,2025-11-02 00:00:00,18.7,18.0,276.0,21.3,9.8,26.0,22.3,95,0.0,6.5
Pune,18.5204,73.8567,2025-11-02 01:00:00,18.2,17.5,253.0,20.0,9.4,26.0,22.0,94,0.0,6.8
Pune,18.5204,73.8567,2025-11-02 02:00:00,18.6,17.9,240.0,18.7,8.8,25.0,21.8,94,0.0,6.5
Pune,18.5204,73.8567,2025-11-02 03:00:00,18.7,18.0,241.0,17.8,8.1,22.0,21.5,95,0.0,4.5
Pune,18.5204,73.8567,2025-11-02 04:00:00,18.9,18.2,251.0,16.9,7.3,19.0,21.8,94,0.0,5.0
Pune,18.5204,73.8567,2025-11-02 05:00:00,20.9,20.1,263.0,11.5,4.9,26.0,22.4,94,0.0,5.5
Pune,18.5204,73.8567,2025-11-02 06:00:00,20.5,19.7,279.0,11.1,5.2,34.0,22.4,92,0.0,6.3
Pune,18.5204,73.8567,2025-11-02 07:00:00,19.2,18.3,297.0,10.6,5.6,45.0,22.8,89,0.0,8.1
Pune,18.5204,73.8567,2025-11-02 08:00:00,13.6,12.5,302.0,9.6,5.7,55.0,24.0,83,0.0,8.3
Pune,18.5204,73.8567,2025-11-02 09:00:00,11.5,10.1,282.0,7.8,5.4,63.0,25.0,78,0.1,10.3
Pune,18.5204,73.8567,2025-11-02 10:00:00,10.6,9.2,249.0,5.6,4.8,71.0,25.9,75,0.0,9.2
Pune,18.5204,73.8567,2025-11-02 11:00:00,9.8,8.6,226.0,3.9,4.3,77.0,25.9,75,0.0,8.6
Pune,18.5204,73.8567,2025-11-02 12:00:00,8.9,7.7,221.0,2.9,3.8,83.0,27.1,71,0.0,8.9
Pune,18.5204,73.8567,2025-11-02 13:00:00,8.6,7.5,225.0,2.3,3.2,87.0,27.7,69,0.0,10.5
Pune,18.5204,73.8567,2025-11-02 14:00:00,8.0,7.2,234.0,2.3,3.0,89.0,26.5,72,0.5,12.6
Pune,18.5204,73.8567,2025-11-02 15:00:00,7.9,7.2,245.0,3.0,3.2,87.0,25.9,76,0.8,10.4
Pune,18.5204,73.8567,2025-11-02 16:00:00,8.6,7.9,260.0,4.3,3.7,83.0,25.3,75,0.4,12.1
Pune,18.5204,73.8567,2025-11-02 17:00:00,13.6,11.7,281.0,6.4,4.9,74.0,24.8,82,0.2,10.3
Pune,18.5204,73.8567,2025-11-02 18:00:00,14.2,12.7,316.0,9.5,6.5,66.0,23.6,85,0.0,9.6
Pune,18.5204,73.8567,2025-11-02 19:00:00,15.6,14.1,356.0,13.9,8.7,54.0,22.8,89,0.0,8.5
Pune,18.5204,73.8567,2025-11-02 20:00:00,16.9,15.4,378.0,17.2,10.3,44.0,22.5,90,0.0,7.8
Pune,18.5204,73.8567,2025-11-02 21:00:00,18.0,16.6,370.0,18.8,10.9,38.0,22.1,93,0.0,7.0
Pune,18.5204,73.8567,2025-11-02 22:00:00,19.3,18.0,343.0,19.3,10.9,33.0,21.8,94,0.0,8.1
Pune,18.5204,73.8567,2025-11-02 23:00:00,22.7,21.5,313.0,18.7,10.5,31.0,22.5,95,0.0,8.2
Pune,18.5204,73.8567,2025-11-03 00:00:00,22.6,21.4,277.0,16.1,9.6,33.0,22.1,95,0.0,7.1
Pune,18.5204,73.8567,2025-11-03 01:00:00,23.3,22.2,236.0,12.4,8.3,39.0,21.8,96,0.0,7.1
Pune,18.5204,73.8567,2025-11-03 02:00:00,21.4,20.4,212.0,9.6,7.3,42.0,21.6,96,0.0,7.7
Pune,18.5204,73.8567,2025-11-03 03:00:00,20.0,19.2,217.0,8.7,7.0,41.0,21.4,96,0.0,7.5
Pune,18.5204,73.8567,2025-11-03 04:00:00,20.5,19.8,238.0,8.8,7.0,38.0,21.2,96,0.0,8.0
Pune,18.5204,73.8567,2025-11-03 05:00:00,13.2,12.8,257.0,6.0,5.1,50.0,21.9,96,0.0,7.7
Pune,18.5204,73.8567,2025-11-03 06:00:00,13.3,13.0,271.0,6.8,5.8,50.0,21.9,96,0.0,6.7
Pune,18.5204,73.8567,2025-11-03 07:00:00,12.5,12.1,283.0,7.9,6.7,51.0,22.3,94,0.0,7.3
Pune,18.5204,73.8567,2025-11-03 08:00:00,11.0,10.7,284.0,8.1,7.1,56.0,23.7,85,0.0,8.8
Pune,18.5204,73.8567,2025-11-03 09:00:00,10.0,9.5,266.0,6.6,6.6,68.0,24.9,79,0.1,8.8
Pune,18.5204,73.8567,2025-11-03 10:00:00,10.4,9.8,237.0,4.2,5.5,83.0,26.3,72,0.2,8.8
Pune,18.5204,73.8567,2025-11-03 11:00:00,10.1,9.4,216.0,2.5,4.8,95.0,26.8,73,0.2,9.4
Pune,18.5204,73.8567,2025-11-03 12:00:00,10.0,9.3,208.0,2.0,4.8,101.0,27.6,68,0.0,8.5
Pune,18.5204,73.8567,2025-11-03 13:00:00,9.6,9.0,207.0,2.0,5.0,104.0,27.9,65,0.0,9.1
Pune,18.5204,73.8567,2025-11-03 14:00:00,9.7,9.1,215.0,2.6,5.2,103.0,27.8,65,0.0,10.7
Pune,18.5204,73.8567,2025-11-03 15:00:00,10.1,9.6,236.0,3.6,4.9,97.0,27.4,65,0.0,13.2
Pune,18.5204,73.8567,2025-11-03 16:00:00,10.3,9.7,266.0,5.0,4.4,88.0,26.5,69,0.0,13.9
Pune,18.5204,73.8567,2025-11-03 17:00:00,14.8,14.0,297.0,8.2,5.5,81.0,24.8,80,0.0,11.3
Pune,18.5204,73.8567,2025-11-03 18:00:00,15.8,15.1,331.0,10.3,6.6,73.0,23.8,85,0.0,9.8
Pune,18.5204,73.8567,2025-11-03 19:00:00,16.3,15.5,365.0,13.3,8.1,62.0,23.1,88,0.0,7.4
Pune,18.5204,73.8567,2025-11-03 20:00:00,17.1,16.3,384.0,15.5,9.3,53.0,22.4,92,0.0,5.6
Pune,18.5204,73.8567,2025-11-03 21:00:00,16.9,16.3,379.0,16.5,10.0,47.0,21.9,93,0.0,7.1
Pune,18.5204,73.8567,2025-11-03 22:00:00,18.7,18.0,358.0,16.8,10.4,42.0,21.5,95,0.0,7.2
Pune,18.5204,73.8567,2025-11-03 23:00:00,19.8,19.2,335.0,16.3,10.4,39.0,21.8,96,0.0,7.7
Pune,18.5204,73.8567,2025-11-04 00:00:00,20.5,20.0,309.0,14.5,9.9,40.0,21.6,95,0.0,8.0
Pune,18.5204,73.8567,2025-11-04 01:00:00,21.2,20.5,279.0,11.9,9.1,43.0,21.1,95,0.0,8.0
Pune,18.5204,73.8567,2025-11-04 02:00:00,20.9,20.3,259.0,9.9,8.4,45.0,20.7,97,0.0,8.2
Pune,18.5204,73.8567,2025-11-04 03:00:00,19.9,19.3,254.0,9.1,8.1,45.0,20.4,98,0.0,7.7
Pune,18.5204,73.8567,2025-11-04 04:00:00,20.4,19.6,258.0,8.8,8.1,45.0,20.1,98,0.0,7.7
Pune,18.5204,73.8567,2025-11-04 05:00:00,21.6,20.8,268.0,7.4,6.8,51.0,21.1,97,0.0,8.6
Pune,18.5204,73.8567,2025-11-04 06:00:00,21.8,20.8,291.0,7.7,6.9,54.0,21.0,95,0.0,7.4
Pune,18.5204,73.8567,2025-11-04 07:00:00,22.3,21.2,321.0,8.2,7.0,60.0,21.5,91,0.0,8.6
Pune,18.5204,73.8567,2025-11-04 08:00:00,18.5,17.3,334.0,7.9,6.8,67.0,22.9,85,0.0,6.9
Pune,18.5204,73.8567,2025-11-04 09:00:00,15.4,14.1,316.0,6.3,6.2,78.0,24.5,77,0.0,6.8
Pune,18.5204,73.8567,2025-11-04 10:00:00,14.3,13.0,281.0,4.1,5.3,91.0,25.9,71,0.0,7.1
Pune,18.5204,73.8567,2025-11-04 11:00:00,13.8,12.6,253.0,2.5,4.7,101.0,27.2,64,0.0,10.1
Pune,18.5204,73.8567,2025-11-04 12:00:00,13.2,12.2,237.0,1.9,4.6,106.0,27.7,60,0.0,12.3
Pune,18.5204,73.8567,2025-11-04 13:00:00,12.6,11.7,227.0,1.9,4.9,107.0,27.9,58,0.0,13.4
Pune,18.5204,73.8567,2025-11-04 14:00:00,13.0,12.1,231.0,2.4,5.2,107.0,27.4,58,0.0,14.9
Pune,18.5204,73.8567,2025-11-04 15:00:00,13.8,12.8,252.0,3.2,5.4,105.0,26.9,61,0.0,13.7
Pune,18.5204,73.8567,2025-11-04 16:00:00,15.4,14.5,287.0,4.6,5.6,102.0,25.7,67,0.0,13.6
Pune,18.5204,73.8567,2025-11-04 17:00:00,16.5,15.5,330.0,6.7,6.1,88.0,24.8,74,0.0,10.4
Pune,18.5204,73.8567,2025-11-04 18:00:00,19.4,18.6,393.0,11.8,7.9,77.0,23.2,79,0.0,9.7
Pune,18.5204,73.8567,2025-11-04 19:00:00,23.2,22.3,464.0,18.9,10.4,62.0,22.4,84,0.0,7.6
Pune,18.5204,73.8567,2025-11-04 20:00:00,27.0,26.1,505.0,24.4,12.4,49.0,21.8,89,0.0,5.8
Pune,18.5204,73.8567,2025-11-04 21:00:00,29.8,28.9,492.0,27.0,13.5,41.0,21.2,92,0.0,5.8
Pune,18.5204,73.8567,2025-11-04 22:00:00,33.8,32.8,448.0,28.0,14.0,35.0,20.7,94,0.0,5.5
Pune,18.5204,73.8567,2025-11-04 23:00:00,38.4,37.4,407.0,27.4,14.2,32.0,20.8,97,0.0,5.9
Pune,18.5204,73.8567,2025-11-05 00:00:00,41.3,40.3,378.0,24.6,13.9,33.0,20.4,98,0.0,7.3
Pune,18.5204,73.8567,2025-11-05 01:00:00,43.1,42.1,351.0,20.2,13.1,36.0,20.2,98,0.0,8.3
Pune,18.5204,73.8567,2025-11-05 02:00:00,41.9,40.9,329.0,16.3,12.5,40.0,19.9,97,0.0,6.2
Pune,18.5204,73.8567,2025-11-05 03:00:00,40.4,39.3,310.0,13.4,12.2,45.0,19.6,97,0.0,5.7
Pune,18.5204,73.8567,2025-11-05 04:00:00,38.0,36.8,295.0,10.9,11.9,51.0,19.2,98,0.0,4.5
Pune,18.5204,73.8567,2025-11-05 05:00:00,38.8,37.6,289.0,11.2,13.6,49.0,20.3,98,0.0,5.0
Pune,18.5204,73.8567,2025-11-05 06:00:00,40.2,38.9,299.0,11.3,13.3,52.0,20.5,95,0.0,4.7
Pune,18.5204,73.8567,2025-11-05 07:00:00,39.2,38.0,317.0,11.4,12.8,57.0,20.9,92,0.0,2.7
Pune,18.5204,73.8567,2025-11-05 08:00:00,34.3,32.8,329.0,10.6,11.9,66.0,22.0,85,0.0,2.4
Pune,18.5204,73.8567,2025-11-05 09:00:00,30.7,29.2,329.0,8.3,10.2,81.0,23.5,76,0.0,1.5
Pune,18.5204,73.8567,2025-11-05 10:00:00,27.5,25.8,323.0,5.1,8.1,99.0,24.6,70,0.0,1.6
Pune,18.5204,73.8567,2025-11-05 11:00:00,23.8,22.2,311.0,2.8,6.6,113.0,25.7,63,0.1,2.1
Pune,18.5204,73.8567,2025-11-05 12:00:00,20.8,19.4,288.0,1.9,6.0,119.0,26.5,59,0.1,2.9
Pune,18.5204,73.8567,2025-11-05 13:00:00,19.2,17.9,259.0,1.8,5.9,121.0,27.2,56,0.0,4.6
Pune,18.5204,73.8567,2025-11-05 14:00:00,18.9,17.7,242.0,2.3,6.2,122.0,27.5,52,0.0,5.0
Pune,18.5204,73.8567,2025-11-05 15:00:00,21.5,20.3,238.0,3.1,6.7,123.0,27.7,51,0.0,6.1
Pune,18.5204,73.8567,2025-11-05 16:00:00,22.4,21.2,245.0,4.6,7.6,122.0,26.2,58,0.0,11.5
Pune,18.5204,73.8567,2025-11-05 17:00:00,24.6,23.3,273.0,9.4,8.6,105.0,25.2,66,0.0,9.8
Pune,18.5204,73.8567,2025-11-05 18:00:00,27.1,26.1,337.0,13.6,10.9,96.0,23.8,73,0.0,8.0
Pune,18.5204,73.8567,2025-11-05 19:00:00,29.4,28.6,421.0,19.3,14.1,83.0,23.1,77,0.0,8.3
Pune,18.5204,73.8567,2025-11-05 20:00:00,32.7,31.9,486.0,23.4,17.1,73.0,22.3,83,0.0,6.7
Pune,18.5204,73.8567,2025-11-05 21:00:00,37.3,36.3,516.0,24.5,19.7,70.0,21.5,88,0.0,6.0
Pune,18.5204,73.8567,2025-11-05 22:00:00,41.2,40.2,525.0,24.0,22.0,71.0,20.9,92,0.0,4.3
Pune,18.5204,73.8567,2025-11-05 23:00:00,44.7,43.5,521.0,22.8,23.5,71.0,20.8,96,0.0,5.0
Pune,18.5204,73.8567,2025-11-06 00:00:00,48.5,47.3,494.0,21.1,23.5,68.0,20.6,97,0.0,6.4
Pune,18.5204,73.8567,2025-11-06 01:00:00,54.4,53.0,453.0,18.7,22.7,64.0,20.2,98,0.0,7.2
Pune,18.5204,73.8567,2025-11-06 02:00:00,60.8,59.1,429.0,16.5,22.3,62.0,19.8,99,0.0,5.4
Pune,18.5204,73.8567,2025-11-06 03:00:00,66.1,64.0,439.0,14.5,23.0,62.0,19.7,99,0.0,3.9
Pune,18.5204,73.8567,2025-11-06 04:00:00,66.4,64.0,467.0,12.6,24.0,63.0,19.8,98,0.0,3.1
Pune,18.5204,73.8567,2025-11-06 05:00:00,61.9,59.6,486.0,11.1,22.7,59.0,20.2,99,0.0,2.7
Pune,18.5204,73.8567,2025-11-06 06:00:00,61.7,59.1,496.0,11.4,22.8,67.0,20.4,97,0.0,2.4
Pune,18.5204,73.8567,2025-11-06 07:00:00,58.8,55.9,498.0,11.6,22.8,78.0,20.5,95,0.0,2.3
Pune,18.5204,73.8567,2025-11-06 08:00:00,48.7,46.0,475.0,10.9,21.2,89.0,21.9,86,0.0,3.4
Pune,18.5204,73.8567,2025-11-06 09:00:00,32.6,30.0,404.0,8.1,16.5,100.0,23.6,74,0.0,7.0
Pune,18.5204,73.8567,2025-11-06 10:00:00,21.8,19.9,309.0,4.4,10.2,110.0,25.1,65,0.0,9.5
Pune,18.5204,73.8567,2025-11-06 11:00:00,16.1,15.0,237.0,1.7,5.5,118.0,26.3,57,0.0,11.0
Pune,18.5204,73.8567,2025-11-06 12:00:00,14.1,13.3,209.0,0.6,3.8,122.0,27.3,53,0.0,9.4
Pune,18.5204,73.8567,2025-11-06 13:00:00,14.7,13.9,204.0,0.5,3.7,122.0,27.1,52,0.0,9.0
Pune,18.5204,73.8567,2025-11-06 14:00:00,15.9,15.1,215.0,2.0,4.0,120.0,28.3,48,0.0,8.8
Pune,18.5204,73.8567,2025-11-06 15:00:00,17.2,16.4,220.0,5.4,4.1,115.0,28.2,48,0.0,7.2
Pune,18.5204,73.8567,2025-11-06 16:00:00,18.2,17.5,240.0,10.3,4.6,107.0,27.7,50,0.0,6.0
Pune,18.5204,73.8567,2025-11-06 17:00:00,33.6,32.5,326.0,16.8,6.4,92.0,26.5,56,0.0,7.4
Pune,18.5204,73.8567,2025-11-06 18:00:00,40.5,39.3,562.0,25.9,8.6,76.0,24.9,64,0.0,5.7
Pune,18.5204,73.8567,2025-11-06 19:00:00,46.0,44.8,864.0,38.4,11.6,54.0,24.4,68,0.0,5.0
Pune,18.5204,73.8567,2025-11-06 20:00:00,49.6,48.4,1037.0,47.0,14.0,38.0,23.7,74,0.0,2.6
Pune,18.5204,73.8567,2025-11-06 21:00:00,51.7,50.5,958.0,47.9,15.2,32.0,23.0,77,0.0,2.7
Pune,18.5204,73.8567,2025-11-06 22:00:00,55.8,54.5,750.0,44.8,15.9,32.0,22.0,85,0.0,2.7
Pune,18.5204,73.8567,2025-11-06 23:00:00,59.3,57.6,582.0,41.8,16.1,32.0,21.4,89,0.0,1.9
Pune,18.5204,73.8567,2025-11-07 00:00:00,63.1,61.2,521.0,40.4,15.9,29.0,20.9,93,0.0,2.3
Pune,18.5204,73.8567,2025-11-07 01:00:00,65.4,63.6,499.0,39.0,15.4,26.0,20.7,93,0.0,4.6
Pune,18.5204,73.8567,2025-11-07 02:00:00,63.3,61.7,489.0,36.6,14.5,25.0,20.2,88,0.0,4.3
Pune,18.5204,73.8567,2025-11-07 03:00:00,57.2,55.6,481.0,32.3,13.1,27.0,19.5,86,0.0,3.9
Pune,18.5204,73.8567,2025-11-07 04:00:00,48.4,47.3,483.0,26.9,11.4,30.0,19.1,85,0.0,3.8
Pune,18.5204,73.8567,2025-11-07 05:00:00,34.8,34.1,493.0,20.5,10.7,39.0,19.1,87,0.0,3.0
Pune,18.5204,73.8567,2025-11-07 06:00:00,31.7,31.0,527.0,18.8,11.8,50.0,18.7,89,0.0,3.6
Pune,18.5204,73.8567,2025-11-07 07:00:00,31.9,31.2,568.0,16.3,13.3,66.0,19.3,88,0.0,6.5
Pune,18.5204,73.8567,2025-11-07 08:00:00,20.9,20.3,566.0,13.3,13.8,83.0,21.6,76,0.0,5.0
Pune,18.5204,73.8567,2025-11-07 09:00:00,16.2,15.4,476.0,9.4,12.5,103.0,23.9,57,0.0,8.8
Pune,18.5204,73.8567,2025-11-07 10:00:00,15.7,14.9,342.0,5.0,10.2,123.0,25.6,48,0.0,10.0
Pune,18.5204,73.8567,2025-11-07 11:00:00,15.5,14.7,243.0,1.9,8.1,137.0,27.3,42,0.0,9.7
Pune,18.5204,73.8567,2025-11-07 12:00:00,16.9,16.1,209.0,0.6,6.6,140.0,28.2,41,0.0,7.5
Pune,18.5204,73.8567,2025-11-07 13:00:00,18.1,17.3,210.0,0.5,5.3,136.0,28.8,39,0.0,6.2
Pune,18.5204,73.8567,2025-11-07 14:00:00,18.2,17.5,232.0,1.8,4.5,130.0,29.1,38,0.0,6.8
Pune,18.5204,73.8567,2025-11-07 15:00:00,17.7,17.1,264.0,4.4,4.4,123.0,29.0,39,0.0,6.2
Pune,18.5204,73.8567,2025-11-07 16:00:00,17.9,17.2,317.0,8.3,4.8,114.0,28.5,40,0.0,5.6
Pune,18.5204,73.8567,2025-11-07 17:00:00,19.8,19.4,409.0,14.2,5.9,102.0,27.2,49,0.0,2.3
Pune,18.5204,73.8567,2025-11-07 18:00:00,25.8,25.4,584.0,21.5,7.9,87.0,24.9,65,0.0,1.7
Pune,18.5204,73.8567,2025-11-07 19:00:00,29.6,29.2,798.0,31.6,10.7,65.0,23.7,65,0.0,3.7
Pune,18.5204,73.8567,2025-11-07 20:00:00,33.6,33.2,934.0,39.5,13.3,48.0,22.9,67,0.0,7.7
Pune,18.5204,73.8567,2025-11-07 21:00:00,38.4,38.0,922.0,43.4,15.8,40.0,22.0,75,0.0,6.7
Pune,18.5204,73.8567,2025-11-07 22:00:00,42.6,42.0,832.0,45.2,18.1,36.0,21.5,80,0.0,5.2
Pune,18.5204,73.8567,2025-11-07 23:00:00,46.4,45.9,765.0,45.3,19.4,34.0,21.6,85,0.0,2.3
Pune,18.5204,73.8567,2025-11-08 00:00:00,50.3,49.7,763.0,43.7,19.2,34.0,21.5,84,0.0,0.4
Pune,18.5204,73.8567,2025-11-08 01:00:00,51.0,50.3,784.0,40.4,18.1,35.0,20.7,86,0.0,1.0
Pune,18.5204,73.8567,2025-11-08 02:00:00,46.6,45.9,794.0,36.4,16.8,38.0,20.2,86,0.0,0.9
Pune,18.5204,73.8567,2025-11-08 03:00:00,41.7,40.9,782.0,31.4,15.4,41.0,19.3,87,0.0,3.4
Pune,18.5204,73.8567,2025-11-08 04:00:00,38.3,37.1,759.0,25.6,13.9,46.0,18.2,87,0.0,3.4
Pune,18.5204,73.8567,2025-11-08 05:00:00,45.4,43.8,734.0,25.9,14.3,43.0,18.2,86,0.0,0.5
Pune,18.5204,73.8567,2025-11-08 06:00:00,44.1,41.9,717.0,23.5,14.8,57.0,17.8,88,0.0,0.8
Pune,18.5204,73.8567,2025-11-08 07:00:00,47.3,44.4,697.0,19.9,15.4,76.0,18.7,82,0.0,0.5
Pune,18.5204,73.8567,2025-11-08 08:00:00,35.6,31.3,647.0,15.9,15.2,96.0,21.1,68,0.0,1.1
Pune,18.5204,73.8567,2025-11-08 09:00:00,33.6,27.9,539.0,11.0,13.7,116.0,23.4,53,0.0,3.5
Pune,18.5204,73.8567,2025-11-08 10:00:00,28.1,24.0,401.0,5.7,11.5,136.0,25.4,46,0.0,5.0
Pune,18.5204,73.8567,2025-11-08 11:00:00,24.0,21.5,296.0,1.9,9.5,149.0,27.3,38,0.0,6.4
Pune,18.5204,73.8567,2025-11-08 12:00:00,22.9,21.0,251.0,0.5,7.8,151.0,28.6,35,0.0,7.0
Pune,18.5204,73.8567,2025-11-08 13:00:00,21.9,20.3,239.0,0.6,6.3,146.0,29.2,33,0.0,7.4
Pune,18.5204,73.8567,2025-11-08 14:00:00,21.4,19.9,242.0,1.7,5.3,140.0,29.3,31,0.0,7.6
Pune,18.5204,73.8567,2025-11-08 15:00:00,21.0,19.7,237.0,3.1,4.9,135.0,29.1,34,0.0,5.7
Pune,18.5204,73.8567,2025-11-08 16:00:00,21.0,19.8,246.0,5.4,5.1,128.0,28.6,37,0.0,3.8
Pune,18.5204,73.8567,2025-11-08 17:00:00,17.6,17.3,321.0,10.1,6.2,123.0,27.8,40,0.0,2.4
Pune,18.5204,73.8567,2025-11-08 18:00:00,22.7,22.6,529.0,21.9,9.1,101.0,26.3,57,0.0,1.8
Pune,18.5204,73.8567,2025-11-08 19:00:00,29.3,29.1,802.0,38.3,13.2,69.0,24.7,47,0.0,6.1
Pune,18.5204,73.8567,2025-11-08 20:00:00,37.1,37.0,990.0,51.5,16.8,44.0,23.3,51,0.0,3.5
Pune,18.5204,73.8567,2025-11-08 21:00:00,43.2,43.1,1025.0,59.0,19.7,31.0,22.2,61,0.0,2.3
Pune,18.5204,73.8567,2025-11-08 22:00:00,47.6,47.5,975.0,63.4,22.1,23.0,21.4,61,0.0,2.7
Pune,18.5204,73.8567,2025-11-08 23:00:00,50.3,50.2,897.0,64.7,23.2,19.0,21.0,68,0.0,1.8
Pune,18.5204,73.8567,2025-11-09 00:00:00,50.1,49.9,783.0,62.0,22.0,18.0,20.2,71,0.0,1.0
Pune,18.5204,73.8567,2025-11-09 01:00:00,48.7,48.4,641.0,56.1,19.5,19.0,19.0,75,0.0,3.1
Pune,18.5204,73.8567,2025-11-09 02:00:00,45.9,45.5,549.0,49.9,17.3,22.0,18.4,78,0.0,2.7
Pune,18.5204,73.8567,2025-11-09 03:00:00,42.7,41.9,548.0,43.9,15.8,24.0,18.1,78,0.0,1.8
Pune,18.5204,73.8567,2025-11-09 04:00:00,40.7,39.3,598.0,37.4,14.6,28.0,17.8,77,0.0,0.3
Pune,18.5204,73.8567,2025-11-09 05:00:00,46.8,45.8,651.0,43.1,16.7,22.0,17.0,85,0.0,2.2
Pune,18.5204,73.8567,2025-11-09 06:00:00,47.6,46.1,718.0,37.7,16.8,39.0,16.8,87,0.0,1.7
Pune,18.5204,73.8567,2025-11-09 07:00:00,54.5,52.5,788.0,30.1,16.8,64.0,17.8,82,0.0,1.7
Pune,18.5204,73.8567,2025-11-09 08:00:00,39.2,36.0,789.0,22.4,16.6,89.0,20.3,66,0.0,0.4
Pune,18.5204,73.8567,2025-11-09 09:00:00,36.7,31.1,656.0,14.8,16.0,114.0,23.0,50,0.0,2.3
Pune,18.5204,73.8567,2025-11-09 10:00:00,33.1,28.2,454.0,7.2,15.2,138.0,25.4,36,0.0,3.8
Pune,18.5204,73.8567,2025-11-09 11:00:00,26.5,23.4,301.0,1.9,14.3,156.0,27.0,30,0.0,3.7
Pune,18.5204,73.8567,2025-11-09 12:00:00,24.7,22.2,250.0,0.1,13.3,163.0,28.6,26,0.0,4.3
Pune,18.5204,73.8567,2025-11-09 13:00:00,23.9,21.7,249.0,0.6,12.1,164.0,29.2,25,0.0,5.5
Pune,18.5204,73.8567,2025-11-09 14:00:00,23.4,21.5,260.0,2.0,11.3,161.0,29.3,26,0.0,7.0
Pune,18.5204,73.8567,2025-11-09 15:00:00,23.1,21.3,251.0,3.3,10.7,157.0,28.9,27,0.0,8.2
Pune,18.5204,73.8567,2025-11-09 16:00:00,22.9,21.2,255.0,5.6,10.5,150.0,28.1,28,0.0,7.8
Pune,18.5204,73.8567,2025-11-09 17:00:00,16.1,15.9,325.0,9.1,9.4,148.0,27.5,30,0.0,5.8
Pune,18.5204,73.8567,2025-11-09 18:00:00,20.0,19.8,524.0,15.0,11.0,129.0,25.7,36,0.0,1.0
Pune,18.5204,73.8567,2025-11-09 19:00:00,23.1,23.1,789.0,23.2,13.2,104.0,24.5,39,0.0,4.9
Pune,18.5204,73.8567,2025-11-09 20:00:00,26.5,26.5,994.0,29.8,15.5,83.0,22.9,49,0.0,8.3
Pune,18.5204,73.8567,2025-11-09 21:00:00,30.7,30.6,1099.0,33.3,17.9,73.0,21.6,54,0.0,2.9
Pune,18.5204,73.8567,2025-11-09 22:00:00,35.5,35.4,1143.0,35.2,20.5,68.0,20.7,58,0.0,1.3
Pune,18.5204,73.8567,2025-11-09 23:00:00,40.3,40.2,1113.0,36.4,22.4,63.0,20.4,60,0.0,3.1
Pune,18.5204,73.8567,2025-11-10 00:00:00,44.9,44.8,964.0,37.1,23.4,57.0,19.9,63,0.0,5.4
Pune,18.5204,73.8567,2025-11-10 01:00:00,49.2,49.1,741.0,37.1,23.7,52.0,18.8,68,0.0,3.8
Pune,18.5204,73.8567,2025-11-10 02:00:00,52.5,52.4,562.0,36.4,23.9,48.0,18.0,70,0.0,1.1
Pune,18.5204,73.8567,2025-11-10 03:00:00,54.2,54.0,464.0,34.9,24.2,46.0,17.5,72,0.0,1.8
Pune,18.5204,73.8567,2025-11-10 04:00:00,54.1,53.9,411.0,32.7,24.4,47.0,16.8,78,0.0,1.2
Pune,18.5204,73.8567,2025-11-10 05:00:00,58.6,58.3,411.0,34.0,27.4,47.0,16.0,86,0.0,0.7
Pune,18.5204,73.8567,2025-11-10 06:00:00,59.8,59.6,514.0,32.0,26.2,58.0,16.0,87,0.0,0.2
Pune,18.5204,73.8567,2025-11-10 07:00:00,63.8,63.6,670.0,28.9,24.4,74.0,16.6,84,0.0,0.8
Pune,18.5204,73.8567,2025-11-10 08:00:00,47.7,47.0,741.0,24.4,22.1,93.0,19.2,67,0.0,2.3
Pune,18.5204,73.8567,2025-11-10 09:00:00,31.1,27.6,635.0,17.1,18.7,116.0,22.6,50,0.0,3.4
Pune,18.5204,73.8567,2025-11-10 10:00:00,34.3,29.6,444.0,8.3,14.7,142.0,25.2,38,0.0,5.7
Pune,18.5204,73.8567,2025-11-10 11:00:00,32.7,28.4,299.0,2.1,11.6,161.0,26.7,32,0.0,4.2
Pune,18.5204,73.8567,2025-11-10 12:00:00,31.3,27.3,259.0,0.1,10.2,171.0,28.4,28,0.0,3.2
Pune,18.5204,73.8567,2025-11-10 13:00:00,31.0,27.0,266.0,0.7,9.7,174.0,29.2,26,0.0,2.2
Pune,18.5204,73.8567,2025-11-10 14:00:00,31.1,27.3,281.0,2.3,9.7,174.0,29.6,26,0.0,1.8
Pune,18.5204,73.8567,2025-11-10 15:00:00,31.5,27.8,263.0,4.3,9.8,172.0,29.5,26,0.0,2.3
Pune,18.5204,73.8567,2025-11-10 16:00:00,31.9,28.3,254.0,7.3,10.4,167.0,28.7,27,0.0,3.0
Pune,18.5204,73.8567,2025-11-10 17:00:00,30.9,27.8,335.0,12.2,10.9,151.0,27.5,26,0.0,4.7
Pune,18.5204,73.8567,2025-11-10 18:00:00,38.4,35.5,604.0,22.4,13.1,125.0,25.4,31,0.0,3.0
Pune,18.5204,73.8567,2025-11-10 19:00:00,44.7,42.0,965.0,36.4,16.2,89.0,24.5,36,0.0,0.6
Pune,18.5204,73.8567,2025-11-10 20:00:00,47.3,44.9,1210.0,46.4,18.8,61.0,23.3,37,0.0,2.0
Pune,18.5204,73.8567,2025-11-10 21:00:00,47.6,45.6,1236.0,48.4,20.3,50.0,22.0,44,0.0,4.2
Pune,18.5204,73.8567,2025-11-10 22:00:00,48.5,46.9,1148.0,46.3,21.4,48.0,20.9,56,0.0,3.9
Pune,18.5204,73.8567,2025-11-10 23:00:00,51.3,49.7,1051.0,44.2,22.2,47.0,19.8,61,0.0,1.1
Pune,18.5204,73.8567,2025-11-11 00:00:00,53.6,51.9,970.0,43.3,22.9,44.0,19.3,60,0.0,1.8
Pune,18.5204,73.8567,2025-11-11 01:00:00,55.8,54.2,881.0,42.3,23.4,41.0,18.5,64,0.0,1.5
Pune,18.5204,73.8567,2025-11-11 02:00:00,57.7,56.2,814.0,41.1,23.6,39.0,17.5,73,0.0,2.0
Pune,18.5204,73.8567,2025-11-11 03:00:00,59.1,57.5,784.0,39.9,23.6,35.0,17.0,78,0.0,0.0
Pune,18.5204,73.8567,2025-11-11 04:00:00,59.8,58.0,777.0,38.5,23.2,32.0,16.5,81,0.0,0.4
Pune,18.5204,73.8567,2025-11-11 05:00:00,56.7,55.5,777.0,35.7,25.3,40.0,16.4,85,0.0,0.5
Pune,18.5204,73.8567,2025-11-11 06:00:00,59.5,58.1,803.0,33.9,24.8,50.0,16.0,86,0.0,0.3
Pune,18.5204,73.8567,2025-11-11 07:00:00,66.1,64.3,838.0,31.0,24.0,65.0,16.7,81,0.0,1.1
Pune,18.5204,73.8567,2025-11-11 08:00:00,53.9,52.3,813.0,26.5,22.1,84.0,19.6,61,0.0,2.2
Pune,18.5204,73.8567,2025-11-11 09:00:00,38.5,35.2,669.0,18.7,18.2,110.0,22.6,46,0.0,4.7
Pune,18.5204,73.8567,2025-11-11 10:00:00,41.0,37.1,466.0,9.2,13.3,140.0,25.2,37,0.0,6.3
Pune,18.5204,73.8567,2025-11-11 11:00:00,41.0,37.1,316.0,2.4,9.5,163.0,27.0,32,0.0,6.8
Pune,18.5204,73.8567,2025-11-11 12:00:00,39.2,35.6,272.0,0.3,7.8,175.0,28.6,29,0.0,6.0
Pune,18.5204,73.8567,2025-11-11 13:00:00,38.0,34.5,282.0,0.9,7.3,180.0,29.3,28,0.0,4.7
Pune,18.5204,73.8567,2025-11-11 14:00:00,37.4,34.1,298.0,2.5,7.2,181.0,29.8,27,0.0,4.2
Pune,18.5204,73.8567,2025-11-11 15:00:00,37.3,34.1,283.0,4.3,7.4,180.0,29.8,27,0.0,5.1
Pune,18.5204,73.8567,2025-11-11 16:00:00,37.7,34.7,274.0,7.1,8.0,175.0,29.2,27,0.0,5.5
Pune,18.5204,73.8567,2025-11-11 17:00:00,45.9,42.6,342.0,12.9,9.3,150.0,27.7,30,0.0,6.2
Pune,18.5204,73.8567,2025-11-11 18:00:00,52.5,49.4,568.0,23.0,11.5,123.0,25.7,36,0.0,1.2
Pune,18.5204,73.8567,2025-11-11 19:00:00,57.6,54.8,870.0,36.9,14.5,87.0,24.5,38,0.0,1.7
Pune,18.5204,73.8567,2025-11-11 20:00:00,60.3,57.7,1074.0,46.6,17.3,59.0,23.1,46,0.0,2.3
Pune,18.5204,73.8567,2025-11-11 21:00:00,60.8,58.4,1095.0,48.2,19.6,50.0,22.3,51,0.0,3.6
Pune,18.5204,73.8567,2025-11-11 22:00:00,61.9,59.8,1018.0,45.6,21.5,50.0,20.9,61,0.0,2.3
Pune,18.5204,73.8567,2025-11-11 23:00:00,65.2,63.1,918.0,43.1,22.9,50.0,20.5,60,0.0,0.7
Pune,18.5204,73.8567,2025-11-12 00:00:00,68.7,66.4,801.0,42.4,23.5,45.0,19.9,63,0.0,0.3
Pune,18.5204,73.8567,2025-11-12 01:00:00,71.7,69.4,661.0,41.7,23.5,40.0,19.2,66,0.0,0.6
Pune,18.5204,73.8567,2025-11-12 02:00:00,72.9,70.3,560.0,39.7,22.8,38.0,18.5,69,0.0,0.0
Pune,18.5204,73.8567,2025-11-12 03:00:00,71.7,68.9,527.0,35.2,21.1,39.0,18.0,70,0.0,0.7
Pune,18.5204,73.8567,2025-11-12 04:00:00,67.8,65.0,532.0,29.5,18.8,43.0,17.3,73,0.0,0.9
Pune,18.5204,73.8567,2025-11-12 05:00:00,71.7,68.9,545.0,35.9,19.9,37.0,16.8,74,0.0,0.8
Pune,18.5204,73.8567,2025-11-12 06:00:00,66.4,63.6,571.0,31.4,17.4,47.0,16.4,76,0.0,1.3
Pune,18.5204,73.8567,2025-11-12 07:00:00,62.2,59.6,605.0,25.0,13.9,62.0,17.4,71,0.0,2.9
Pune,18.5204,73.8567,2025-11-12 08:00:00,45.4,43.7,602.0,18.7,11.7,80.0,19.8,60,0.0,3.3
Pune,18.5204,73.8567,2025-11-12 09:00:00,35.6,33.5,526.0,12.6,12.0,104.0,22.4,49,0.0,5.7
Pune,18.5204,73.8567,2025-11-12 10:00:00,35.2,33.1,413.0,6.5,13.5,131.0,25.0,39,0.0,7.3
Pune,18.5204,73.8567,2025-11-12 11:00:00,36.9,34.6,329.0,2.3,14.5,151.0,26.9,34,0.0,8.8
Pune,18.5204,73.8567,2025-11-12 12:00:00,38.6,36.2,304.0,0.6,14.1,161.0,28.5,32,0.0,7.6
Pune,18.5204,73.8567,2025-11-12 13:00:00,39.3,36.8,308.0,0.7,13.1,165.0,29.3,30,0.0,6.7
Pune,18.5204,73.8567,2025-11-12 14:00:00,39.6,37.0,317.0,2.2,12.4,165.0,29.7,29,0.0,7.0
Pune,18.5204,73.8567,2025-11-12 15:00:00,39.8,37.3,318.0,4.9,12.3,161.0,29.6,29,0.0,8.7
Pune,18.5204,73.8567,2025-11-12 16:00:00,40.4,38.0,324.0,8.9,12.6,152.0,28.9,30,0.0,9.9
Pune,18.5204,73.8567,2025-11-12 17:00:00,45.6,43.2,354.0,16.0,13.5,132.0,28.0,33,0.0,9.7
Pune,18.5204,73.8567,2025-11-12 18:00:00,52.5,50.1,437.0,26.5,15.5,110.0,26.7,36,0.0,7.1
Pune,18.5204,73.8567,2025-11-12 19:00:00,58.7,56.3,545.0,40.8,18.3,80.0,25.4,41,0.0,2.7
Pune,18.5204,73.8567,2025-11-12 20:00:00,62.6,60.3,609.0,50.4,20.3,58.0,24.1,53,0.0,0.4
Pune,18.5204,73.8567,2025-11-12 21:00:00,64.3,61.9,590.0,51.4,21.1,50.0,22.8,48,0.0,5.1
Pune,18.5204,73.8567,2025-11-12 22:00:00,62.9,60.8,528.0,47.7,21.0,49.0,21.8,53,0.0,4.1
Pune,18.5204,73.8567,2025-11-12 23:00:00,58.4,56.6,476.0,42.2,19.9,51.0,20.9,57,0.0,5.2
Pune,18.5204,73.8567,2025-11-13 00:00:00,51.2,49.6,452.0,34.7,17.0,54.0,20.1,59,0.0,4.5
Pune,18.5204,73.8567,2025-11-13 01:00:00,44.4,42.8,438.0,25.4,13.0,60.0,19.1,63,0.0,2.8
Pune,18.5204,73.8567,2025-11-13 02:00:00,39.6,38.1,434.0,18.0,9.9,64.0,18.4,66,0.0,1.8
Pune,18.5204,73.8567,2025-11-13 03:00:00,36.2,34.8,440.0,13.8,8.3,65.0,17.9,69,0.0,1.5
Pune,18.5204,73.8567,2025-11-13 04:00:00,34.0,32.6,457.0,11.5,7.6,66.0,17.4,71,0.0,1.0
Pune,18.5204,73.8567,2025-11-13 05:00:00,34.6,33.1,486.0,11.8,7.5,64.0,17.2,76,0.0,0.4
Pune,18.5204,73.8567,2025-11-13 06:00:00,35.9,34.3,550.0,13.0,7.5,66.0,16.8,75,0.0,0.9
Pune,18.5204,73.8567,2025-11-13 07:00:00,39.3,37.7,627.0,14.5,7.7,70.0,17.5,70,0.0,3.0
Pune,18.5204,73.8567,2025-11-13 08:00:00,35.9,34.3,651.0,14.3,8.5,80.0,19.9,59,0.0,2.8
Pune,18.5204,73.8567,2025-11-13 09:00:00,36.1,34.1,571.0,10.9,10.8,102.0,22.5,49,0.0,5.8
Pune,18.5204,73.8567,2025-11-13 10:00:00,37.0,35.3,439.0,5.9,13.8,130.0,25.1,40,0.0,7.4
Pune,18.5204,73.8567,2025-11-13 11:00:00,37.8,36.2,338.0,2.2,15.8,151.0,27.1,35,0.0,8.0
Pune,18.5204,73.8567,2025-11-13 12:00:00,38.0,36.4,306.0,0.9,15.9,160.0,28.8,31,0.0,7.0
Pune,18.5204,73.8567,2025-11-13 13:00:00,37.3,35.7,305.0,0.9,15.0,163.0,29.8,28,0.0,6.1
Pune,18.5204,73.8567,2025-11-13 14:00:00,36.3,34.9,312.0,2.1,14.2,162.0,30.1,27,0.0,6.6
Pune,18.5204,73.8567,2025-11-13 15:00:00,36.1,34.6,316.0,4.4,13.9,158.0,29.9,27,0.0,8.2
Pune,18.5204,73.8567,2025-11-13 16:00:00,36.2,34.8,327.0,7.9,13.8,149.0,29.1,28,0.0,9.4
Pune,18.5204,73.8567,2025-11-13 17:00:00,42.3,40.9,349.0,14.7,14.1,136.0,28.2,30,0.0,9.6
Pune,18.5204,73.8567,2025-11-13 18:00:00,48.2,46.8,395.0,24.2,15.8,115.0,26.9,33,0.0,5.9
Pune,18.5204,73.8567,2025-11-13 19:00:00,53.0,51.6,453.0,37.2,18.2,86.0,25.4,37,0.0,3.5
Pune,18.5204,73.8567,2025-11-13 20:00:00,56.9,55.4,491.0,45.3,19.4,65.0,24.1,43,0.0,8.0
Pune,18.5204,73.8567,2025-11-13 21:00:00,57.3,55.9,493.0,44.5,18.6,58.0,22.5,50,0.0,7.2
Pune,18.5204,73.8567,2025-11-13 22:00:00,54.4,53.1,476.0,39.0,16.8,59.0,21.6,53,0.0,6.3
Pune,18.5204,73.8567,2025-11-13 23:00:00,48.3,47.0,454.0,32.6,14.7,61.0,21.1,55,0.0,6.0
Pune,18.5204,73.8567,2025-11-14 00:00:00,42.0,40.6,426.0,25.8,12.4,64.0,20.2,57,0.0,5.0
Pune,18.5204,73.8567,2025-11-14 01:00:00,38.5,36.9,393.0,18.3,9.9,70.0,19.4,59,0.0,4.5
Pune,18.5204,73.8567,2025-11-14 02:00:00,36.8,34.9,377.0,12.5,8.1,73.0,18.6,62,0.0,4.0
Pune,18.5204,73.8567,2025-11-14 03:00:00,35.6,33.8,386.0,9.7,7.3,72.0,17.8,66,0.0,2.5
Pune,18.5204,73.8567,2025-11-14 04:00:00,35.0,33.1,413.0,8.8,7.2,70.0,17.3,68,0.0,1.1
Pune,18.5204,73.8567,2025-11-14 05:00:00,33.9,32.0,453.0,10.4,7.8,64.0,16.7,75,0.0,0.8
Pune,18.5204,73.8567,2025-11-14 06:00:00,36.6,34.7,528.0,12.1,8.8,64.0,16.5,75,0.0,0.4
Pune,18.5204,73.8567,2025-11-14 07:00:00,41.7,39.8,618.0,14.3,10.2,66.0,17.2,71,0.0,2.1
Pune,18.5204,73.8567,2025-11-14 08:00:00,38.2,36.8,652.0,14.6,11.5,75.0,19.5,59,0.0,2.8
Pune,18.5204,73.8567,2025-11-14 09:00:00,39.2,37.4,582.0,11.3,12.7,100.0,22.2,48,0.0,5.2
Pune,18.5204,73.8567,2025-11-14 10:00:00,41.1,39.0,457.0,6.3,13.9,133.0,24.8,40,0.0,6.5
Pune,18.5204,73.8567,2025-11-14 11:00:00,41.1,39.0,359.0,2.5,14.3,157.0,26.5,33,0.0,6.8
Pune,18.5204,73.8567,2025-11-14 12:00:00,39.8,38.0,322.0,1.1,13.5,166.0,28.3,28,0.0,6.5
Pune,18.5204,73.8567,2025-11-14 13:00:00,38.1,36.2,313.0,1.0,12.1,167.0,29.1,25,0.0,6.5
Pune,18.5204,73.8567,2025-11-14 14:00:00,36.7,34.9,312.0,2.1,10.9,164.0,29.4,24,0.0,7.6
Pune,18.5204,73.8567,2025-11-14 15:00:00,35.7,34.0,310.0,4.5,10.3,158.0,29.1,24,0.0,8.3
Pune,18.5204,73.8567,2025-11-14 16:00:00,35.2,33.4,317.0,8.0,9.9,149.0,28.4,25,0.0,8.8
Pune,18.5204,73.8567,2025-11-14 17:00:00,41.8,40.3,337.0,14.4,10.9,139.0,27.6,27,0.0,8.6
Pune,18.5204,73.8567,2025-11-14 18:00:00,48.2,46.6,386.0,22.8,12.6,119.0,26.3,31,0.0,6.8
Pune,18.5204,73.8567,2025-11-14 19:00:00,53.0,51.1,449.0,34.0,14.9,91.0,25.1,35,0.0,4.1
Pune,18.5204,73.8567,2025-11-14 20:00:00,55.9,53.8,486.0,40.3,16.0,71.0,23.6,41,0.0,10.7
Pune,18.5204,73.8567,2025-11-14 21:00:00,54.8,52.6,473.0,37.0,14.9,66.0,21.9,44,0.0,9.9
Pune,18.5204,73.8567,2025-11-14 22:00:00,50.1,47.7,434.0,28.7,12.6,68.0,20.9,44,0.0,7.6
Pune,18.5204,73.8567,2025-11-14 23:00:00,44.8,42.1,400.0,21.2,10.7,71.0,20.1,47,0.0,8.2
Pune,18.5204,73.8567,2025-11-15 00:00:00,41.7,38.9,378.0,16.4,9.6,72.0,19.2,50,0.0,7.4
Pune,18.5204,73.8567,2025-11-15 01:00:00,40.0,37.0,362.0,12.6,8.8,73.0,18.3,54,0.0,6.0
Pune,18.5204,73.8567,2025-11-15 02:00:00,38.9,36.0,364.0,9.9,8.5,73.0,17.4,59,0.0,4.2
Pune,18.5204,73.8567,2025-11-15 03:00:00,38.1,35.3,390.0,8.8,8.8,72.0,16.5,64,0.0,3.4
Pune,18.5204,73.8567,2025-11-15 04:00:00,37.8,35.3,434.0,8.8,9.6,71.0,16.0,68,0.0,2.0
Pune,18.5204,73.8567,2025-11-15 05:00:00,36.6,34.5,490.0,8.7,10.3,73.0,15.8,73,0.0,0.6
Pune,18.5204,73.8567,2025-11-15 06:00:00,39.7,37.7,582.0,11.0,10.6,74.0,15.5,75,0.0,0.4
Pune,18.5204,73.8567,2025-11-15 07:00:00,43.9,42.0,685.0,13.9,11.0,76.0,16.2,69,0.0,3.2
Pune,18.5204,73.8567,2025-11-15 08:00:00,39.2,37.6,724.0,14.8,11.0,86.0,18.9,58,0.0,3.5
Pune,18.5204,73.8567,2025-11-15 09:00:00,38.1,35.5,639.0,11.6,10.3,111.0,21.9,47,0.0,6.3
Pune,18.5204,73.8567,2025-11-15 10:00:00,37.3,34.3,490.0,6.3,9.2,143.0,24.7,39,0.0,8.0
Pune,18.5204,73.8567,2025-11-15 11:00:00,35.4,32.6,375.0,2.4,8.2,167.0,26.5,31,0.0,8.5
Pune,18.5204,73.8567,2025-11-15 12:00:00,34.5,31.7,337.0,0.9,7.5,175.0,28.1,26,0.0,8.2
Pune,18.5204,73.8567,2025-11-15 13:00:00,33.2,30.6,335.0,0.8,6.9,174.0,29.0,24,0.0,8.1
Pune,18.5204,73.8567,2025-11-15 14:00:00,31.9,29.4,342.0,2.2,6.6,169.0,29.4,22,0.0,8.6
Pune,18.5204,73.8567,2025-11-15 15:00:00,30.9,28.5,344.0,5.4,6.7,162.0,29.2,22,0.0,9.3
Pune,18.5204,73.8567,2025-11-15 16:00:00,30.4,28.1,355.0,10.2,7.0,151.0,28.5,23,0.0,10.1
Pune,18.5204,73.8567,2025-11-15 17:00:00,40.2,37.7,393.0,17.7,8.1,133.0,27.4,26,0.0,10.1
Pune,18.5204,73.8567,2025-11-15 18:00:00,46.8,44.2,485.0,24.8,10.1,114.0,25.9,30,0.0,7.1
Pune,18.5204,73.8567,2025-11-15 19:00:00,50.3,47.7,604.0,34.2,12.9,88.0,24.5,33,0.0,5.1
Pune,18.5204,73.8567,2025-11-15 20:00:00,50.9,48.3,685.0,38.9,14.7,71.0,22.8,37,0.0,4.0
Pune,18.5204,73.8567,2025-11-15 21:00:00,48.5,46.3,701.0,34.3,14.6,71.0,21.7,41,0.0,8.6
Pune,18.5204,73.8567,2025-11-15 22:00:00,44.8,43.0,679.0,25.0,13.5,79.0,20.4,47,0.0,9.6
Pune,18.5204,73.8567,2025-11-15 23:00:00,41.6,39.7,642.0,17.0,12.7,86.0,19.8,52,0.0,8.1
Pune,18.5204,73.8567,2025-11-16 00:00:00,38.8,37.0,584.0,12.5,12.9,90.0,19.0,56,0.0,8.1
Pune,18.5204,73.8567,2025-11-16 01:00:00,37.0,35.3,511.0,9.5,13.3,92.0,18.2,59,0.0,7.1
Pune,18.5204,73.8567,2025-11-16 02:00:00,35.6,34.1,463.0,7.5,13.7,92.0,17.4,63,0.0,5.1
Pune,18.5204,73.8567,2025-11-16 03:00:00,34.7,33.3,456.0,6.7,13.7,87.0,16.4,67,0.0,3.6
Pune,18.5204,73.8567,2025-11-16 04:00:00,34.3,33.1,473.0,7.0,13.7,80.0,15.8,70,0.0,3.5
Pune,18.5204,73.8567,2025-11-16 05:00:00,34.0,32.8,507.0,8.3,12.4,71.0,15.5,70,0.0,4.2
Pune,18.5204,73.8567,2025-11-16 06:00:00,36.1,34.9,578.0,10.6,12.4,70.0,15.2,71,0.0,3.8
Pune,18.5204,73.8567,2025-11-16 07:00:00,39.1,38.1,664.0,13.5,12.3,69.0,15.9,68,0.0,5.7
Pune,18.5204,73.8567,2025-11-16 08:00:00,37.7,36.8,697.0,14.4,12.4,78.0,18.6,57,0.0,4.8
Pune,18.5204,73.8567,2025-11-16 09:00:00,38.0,36.6,623.0,11.2,12.8,104.0,21.7,46,0.0,7.7
Pune,18.5204,73.8567,2025-11-16 10:00:00,38.8,36.9,495.0,6.0,13.4,139.0,24.3,39,0.0,10.2
Pune,18.5204,73.8567,2025-11-16 11:00:00,36.6,34.8,399.0,2.2,13.5,165.0,26.0,32,0.0,11.6
Pune,18.5204,73.8567,2025-11-16 12:00:00,34.6,32.8,374.0,0.9,12.8,173.0,27.4,28,0.0,11.1
Pune,18.5204,73.8567,2025-11-16 13:00:00,32.6,31.0,381.0,0.9,11.8,171.0,28.3,25,0.0,10.9
Pune,18.5204,73.8567,2025-11-16 14:00:00,31.3,29.7,391.0,2.1,11.0,166.0,28.7,24,0.0,10.6
Pune,18.5204,73.8567,2025-11-16 15:00:00,30.6,29.0,389.0,4.9,10.9,160.0,28.6,26,0.0,9.6
Pune,18.5204,73.8567,2025-11-16 16:00:00,31.0,29.4,390.0,8.9,11.1,151.0,28.0,27,0.0,9.0
Pune,18.5204,73.8567,2025-11-16 17:00:00,37.8,36.2,407.0,12.1,11.4,138.0,27.0,29,0.0,7.5
Pune,18.5204,73.8567,2025-11-16 18:00:00,40.3,38.9,458.0,13.8,11.5,126.0,25.5,32,0.0,5.4
Pune,18.5204,73.8567,2025-11-16 19:00:00,39.2,38.0,526.0,16.1,11.6,109.0,24.3,34,0.0,7.7
Pune,18.5204,73.8567,2025-11-16 20:00:00,36.2,35.0,567.0,17.0,11.4,97.0,22.5,37,0.0,9.8
Pune,18.5204,73.8567,2025-11-16 21:00:00,32.8,31.9,559.0,15.2,10.7,94.0,20.9,41,0.0,7.7
Pune,18.5204,73.8567,2025-11-16 22:00:00,31.0,30.0,525.0,11.9,9.7,95.0,19.9,44,0.0,7.6
Pune,18.5204,73.8567,2025-11-16 23:00:00,30.3,29.2,490.0,9.3,9.0,95.0,19.3,48,0.0,8.8
Pune,18.5204,73.8567,2025-11-17 00:00:00,30.0,28.8,457.0,8.1,8.7,93.0,18.5,51,0.0,8.0
Pune,18.5204,73.8567,2025-11-17 01:00:00,30.5,29.1,424.0,7.4,8.6,91.0,17.7,55,0.0,6.0
Pune,18.5204,73.8567,2025-11-17 02:00:00,31.2,29.7,411.0,7.2,8.6,88.0,17.0,58,0.0,4.8
Pune,18.5204,73.8567,2025-11-17 03:00:00,32.1,30.6,432.0,7.2,8.7,84.0,16.2,62,0.0,4.1
Pune,18.5204,73.8567,2025-11-17 04:00:00,33.5,32.0,473.0,7.6,9.0,79.0,15.9,64,0.0,4.4
Pune,18.5204,73.8567,2025-11-17 05:00:00,34.1,32.7,517.0,7.2,9.7,78.0,15.0,69,0.0,4.1
Pune,18.5204,73.8567,2025-11-17 06:00:00,37.3,35.9,574.0,9.1,11.1,78.0,14.7,71,0.0,3.8
Pune,18.5204,73.8567,2025-11-17 07:00:00,41.2,39.8,633.0,11.6,13.0,79.0,15.6,66,0.0,6.1
Pune,18.5204,73.8567,2025-11-17 08:00:00,40.9,39.5,644.0,12.4,14.4,88.0,18.5,53,0.0,5.1
Pune,18.5204,73.8567,2025-11-17 09:00:00,45.6,43.1,561.0,9.7,15.0,111.0,21.6,42,0.0,9.5
Pune,18.5204,73.8567,2025-11-17 10:00:00,48.4,44.8,430.0,5.3,15.2,141.0,23.8,31,0.0,14.8
Pune,18.5204,73.8567,2025-11-17 11:00:00,46.1,42.6,331.0,2.1,15.0,163.0,25.7,23,0.0,13.4
Pune,18.5204,73.8567,2025-11-17 12:00:00,44.2,40.9,299.0,0.9,14.1,171.0,27.2,21,0.0,12.8
Pune,18.5204,73.8567,2025-11-17 13:00:00,43.0,39.7,300.0,1.0,12.8,170.0,28.0,20,0.0,12.1
Pune,18.5204,73.8567,2025-11-17 14:00:00,42.1,38.9,311.0,2.2,11.8,166.0,28.4,19,0.0,10.9
Pune,18.5204,73.8567,2025-11-17 15:00:00,41.8,38.6,318.0,5.2,11.5,160.0,28.3,19,0.0,10.1
Pune,18.5204,73.8567,2025-11-17 16:00:00,41.6,38.5,335.0,9.5,11.5,150.0,27.8,20,0.0,9.9
Pune,18.5204,73.8567,2025-11-17 17:00:00,44.4,41.9,383.0,13.2,11.9,138.0,26.4,23,0.0,9.4
Pune,18.5204,73.8567,2025-11-17 18:00:00,48.7,46.2,500.0,15.9,12.2,122.0,24.8,26,0.0,5.0
Pune,18.5204,73.8567,2025-11-17 19:00:00,48.7,46.3,647.0,19.5,12.7,101.0,23.4,30,0.0,4.3
Pune,18.5204,73.8567,2025-11-17 20:00:00,46.9,44.7,734.0,21.0,12.9,86.0,22.2,33,0.0,8.3
Pune,18.5204,73.8567,2025-11-17 21:00:00,45.8,43.8,706.0,18.5,12.6,85.0,20.5,39,0.0,8.4
Pune,18.5204,73.8567,2025-11-17 22:00:00,46.3,44.2,618.0,13.9,12.0,90.0,19.4,42,0.0,8.1
Pune,18.5204,73.8567,2025-11-17 23:00:00,47.5,45.2,540.0,10.1,11.5,95.0,18.8,45,0.0,8.7
Pune,18.5204,73.8567,2025-11-18 00:00:00,48.5,45.9,495.0,8.3,11.1,96.0,17.8,50,0.0,8.8
Pune,18.5204,73.8567,2025-11-18 01:00:00,49.2,46.3,460.0,7.2,10.7,95.0,16.8,55,0.0,7.0
Pune,18.5204,73.8567,2025-11-18 02:00:00,49.2,46.4,441.0,6.7,10.6,94.0,16.0,59,0.0,4.5
Pune,18.5204,73.8567,2025-11-18 03:00:00,49.4,46.6,441.0,6.5,10.7,91.0,15.3,62,0.0,3.9
Pune,18.5204,73.8567,2025-11-18 04:00:00,49.5,46.7,456.0,6.7,11.0,87.0,14.9,64,0.0,3.8
Pune,18.5204,73.8567,2025-11-18 05:00:00,48.9,46.2,483.0,6.6,12.1,87.0,14.2,66,0.0,4.6
Pune,18.5204,73.8567,2025-11-18 06:00:00,52.0,49.4,539.0,8.9,13.1,85.0,13.7,68,0.0,4.2
Pune,18.5204,73.8567,2025-11-18 07:00:00,55.8,53.0,606.0,11.9,14.4,84.0,14.8,63,0.0,5.6
Pune,18.5204,73.8567,2025-11-18 08:00:00,51.7,49.2,629.0,13.0,15.4,91.0,17.6,52,0.0,4.6
Pune,18.5204,73.8567,2025-11-18 09:00:00,52.0,48.9,566.0,10.3,15.8,114.0,20.5,43,0.0,7.6
Pune,18.5204,73.8567,2025-11-18 10:00:00,50.1,46.6,460.0,5.8,15.8,145.0,23.1,36,0.0,10.2
Pune,18.5204,73.8567,2025-11-18 11:00:00,46.8,43.7,378.0,2.4,15.4,169.0,25.4,31,0.0,11.4
Pune,18.5204,73.8567,2025-11-18 12:00:00,43.8,41.1,349.0,1.1,14.4,178.0,27.1,27,0.0,11.4
Pune,18.5204,73.8567,2025-11-18 13:00:00,41.0,38.6,345.0,1.0,12.9,180.0,28.2,24,0.0,10.7
Pune,18.5204,73.8567,2025-11-18 14:00:00,38.5,36.3,352.0,2.4,11.9,177.0,28.8,23,0.0,9.6
Pune,18.5204,73.8567,2025-11-18 15:00:00,37.3,35.3,358.0,5.7,11.6,171.0,28.7,22,0.0,9.1
Pune,18.5204,73.8567,2025-11-18 16:00:00,37.0,35.2,374.0,10.5,11.7,160.0,28.1,24,0.0,9.6
Pune,18.5204,73.8567,2025-11-18 17:00:00,41.2,39.8,420.0,17.0,11.5,145.0,26.8,27,0.0,9.1
Pune,18.5204,73.8567,2025-11-18 18:00:00,48.8,47.1,533.0,23.0,12.9,127.0,25.0,30,0.0,7.5
Pune,18.5204,73.8567,2025-11-18 19:00:00,53.0,51.1,677.0,31.1,14.7,102.0,23.8,33,0.0,5.1
Pune,18.5204,73.8567,2025-11-18 20:00:00,54.5,52.5,762.0,35.3,15.7,84.0,22.0,38,0.0,3.9
Pune,18.5204,73.8567,2025-11-18 21:00:00,54.1,52.0,737.0,32.2,15.0,78.0,20.9,41,0.0,6.8
Pune,18.5204,73.8567,2025-11-18 22:00:00,53.4,51.1,653.0,25.3,13.5,78.0,19.3,47,0.0,7.9
Pune,18.5204,73.8567,2025-11-18 23:00:00,52.5,50.1,582.0,19.2,12.2,80.0,18.1,52,0.0,7.4
Pune,18.5204,73.8567,2025-11-19 00:00:00,51.7,49.0,546.0,15.3,11.5,82.0,17.5,54,0.0,7.2
Pune,18.5204,73.8567,2025-11-19 01:00:00,51.8,48.9,523.0,12.1,11.0,85.0,16.8,56,0.0,7.0
Pune,18.5204,73.8567,2025-11-19 02:00:00,51.8,48.8,512.0,9.9,10.8,87.0,16.1,59,0.0,5.1
Pune,18.5204,73.8567,2025-11-19 03:00:00,51.6,48.5,505.0,8.6,11.0,85.0,15.1,64,0.0,3.1
Pune,18.5204,73.8567,2025-11-19 04:00:00,51.6,48.7,510.0,8.3,11.6,82.0,14.8,66,0.0,1.0
Pune,18.5204,73.8567,2025-11-19 05:00:00,50.2,47.5,551.0,8.0,12.6,82.0,14.2,70,0.0,0.7
Pune,18.5204,73.8567,2025-11-19 06:00:00,53.3,50.6,678.0,11.2,14.0,80.0,13.7,73,0.0,0.3
Pune,18.5204,73.8567,2025-11-19 07:00:00,58.2,55.6,840.0,15.5,15.9,77.0,14.4,70,0.0,0.4
Pune,18.5204,73.8567,2025-11-19 08:00:00,51.7,49.9,911.0,17.1,16.9,83.0,17.2,57,0.0,1.9
Pune,18.5204,73.8567,2025-11-19 09:00:00,46.7,44.9,803.0,13.6,16.4,105.0,20.4,46,0.0,4.7
Pune,18.5204,73.8567,2025-11-19 10:00:00,43.0,41.7,604.0,7.4,15.0,135.0,23.4,39,0.0,6.4
Pune,18.5204,73.8567,2025-11-19 11:00:00,37.6,36.7,447.0,2.8,13.5,157.0,25.9,35,0.0,4.4
Pune,18.5204,73.8567,2025-11-19 12:00:00,33.1,32.2,385.0,1.2,11.8,164.0,28.3,30,0.0,4.2
Pune,18.5204,73.8567,2025-11-19 13:00:00,29.5,28.8,365.0,1.1,10.0,164.0,29.5,27,0.0,4.8
Pune,18.5204,73.8567,2025-11-19 14:00:00,27.2,26.5,358.0,2.3,8.8,160.0,30.0,26,0.0,5.9
Pune,18.5204,73.8567,2025-11-19 15:00:00,26.6,25.9,350.0,4.6,8.5,156.0,29.8,25,0.0,7.8
Pune,18.5204,73.8567,2025-11-19 16:00:00,26.9,26.1,357.0,8.3,8.8,149.0,28.9,24,0.0,8.7
Pune,18.5204,73.8567,2025-11-19 17:00:00,37.5,36.4,392.0,14.1,9.9,140.0,27.5,25,0.0,8.5
Pune,18.5204,73.8567,2025-11-19 18:00:00,44.0,43.0,488.0,22.3,12.1,120.0,25.5,28,0.0,4.2
Pune,18.5204,73.8567,2025-11-19 19:00:00,49.0,47.8,614.0,33.5,15.0,92.0,24.2,32,0.0,3.2
Pune,18.5204,73.8567,2025-11-19 20:00:00,54.2,53.0,689.0,40.7,16.9,71.0,23.0,35,0.0,3.1
Pune,18.5204,73.8567,2025-11-19 21:00:00,57.7,56.3,665.0,40.6,17.0,64.0,21.8,38,0.0,3.4
Pune,18.5204,73.8567,2025-11-19 22:00:00,58.2,56.7,590.0,36.6,16.1,63.0,20.7,44,0.0,7.4
Pune,18.5204,73.8567,2025-11-19 23:00:00,55.2,53.6,528.0,31.5,14.8,65.0,20.0,53,0.0,7.1
Pune,18.5204,73.8567,2025-11-20 00:00:00,50.4,48.8,500.0,25.4,13.0,69.0,19.1,58,0.0,7.2
Pune,18.5204,73.8567,2025-11-20 01:00:00,46.8,45.2,483.0,18.2,10.8,75.0,18.3,60,0.0,5.7
Pune,18.5204,73.8567,2025-11-20 02:00:00,45.4,43.7,478.0,12.8,9.2,79.0,17.3,62,0.0,4.5
Pune,18.5204,73.8567,2025-11-20 03:00:00,45.1,43.2,476.0,10.5,8.6,80.0,16.6,62,0.0,4.1
Pune,18.5204,73.8567,2025-11-20 04:00:00,45.4,43.5,484.0,10.1,8.6,79.0,16.2,62,0.0,1.8
Pune,18.5204,73.8567,2025-11-20 05:00:00,41.7,39.8,524.0,8.6,8.4,80.0,15.5,71,0.0,1.3
Pune,18.5204,73.8567,2025-11-20 06:00:00,44.6,42.6,642.0,11.6,9.5,77.0,15.1,72,0.0,0.8
Pune,18.5204,73.8567,2025-11-20 07:00:00,48.8,46.8,791.0,15.6,11.0,73.0,15.9,69,0.0,1.5
Pune,18.5204,73.8567,2025-11-20 08:00:00,45.3,43.7,854.0,17.0,12.2,79.0,18.5,58,0.0,2.6
Pune,18.5204,73.8567,2025-11-20 09:00:00,45.6,43.3,746.0,13.4,13.0,103.0,21.6,48,0.0,4.7
Pune,18.5204,73.8567,2025-11-20 10:00:00,47.1,44.7,552.0,7.2,13.5,137.0,24.4,40,0.0,6.0
Pune,18.5204,73.8567,2025-11-20 11:00:00,46.2,43.8,402.0,2.6,13.6,162.0,26.5,35,0.0,5.1
Pune,18.5204,73.8567,2025-11-20 12:00:00,43.8,41.4,353.0,1.0,13.0,172.0,28.4,30,0.0,5.5
Pune,18.5204,73.8567,2025-11-20 13:00:00,41.6,39.3,349.0,1.0,12.1,174.0,29.3,27,0.0,6.4
Pune,18.5204,73.8567,2025-11-20 14:00:00,40.3,38.0,356.0,2.4,11.6,171.0,29.5,26,0.0,8.5
Pune,18.5204,73.8567,2025-11-20 15:00:00,39.6,37.4,356.0,5.7,11.8,164.0,29.3,25,0.0,9.8
Pune,18.5204,73.8567,2025-11-20 16:00:00,39.8,37.5,367.0,10.4,12.5,153.0,28.5,23,0.0,10.5
Pune,18.5204,73.8567,2025-11-20 17:00:00,46.8,44.5,409.0,14.6,11.9,135.0,27.0,27,0.0,10.2
Pune,18.5204,73.8567,2025-11-20 18:00:00,53.3,50.9,514.0,18.0,13.1,122.0,25.6,32,0.0,8.0
Pune,18.5204,73.8567,2025-11-20 19:00:00,56.0,53.6,649.0,22.4,14.8,104.0,24.8,35,0.0,5.6
Pune,18.5204,73.8567,2025-11-20 20:00:00,57.2,54.7,740.0,24.7,15.7,90.0,23.5,38,0.0,4.5
Pune,18.5204,73.8567,2025-11-20 21:00:00,56.8,54.6,750.0,22.8,15.1,84.0,22.0,45,0.0,9.6
Pune,18.5204,73.8567,2025-11-20 22:00:00,56.2,54.0,716.0,18.6,13.6,83.0,20.6,48,0.0,8.3
Pune,18.5204,73.8567,2025-11-20 23:00:00,55.5,53.1,670.0,15.0,12.4,82.0,19.9,52,0.0,7.9
Pune,18.5204,73.8567,2025-11-21 00:00:00,54.8,52.3,612.0,12.7,11.6,81.0,19.0,54,0.0,8.0
Pune,18.5204,73.8567,2025-11-21 01:00:00,54.4,51.6,542.0,10.9,11.1,81.0,18.3,55,0.0,6.7
Pune,18.5204,73.8567,2025-11-21 02:00:00,53.3,50.6,499.0,9.6,11.0,80.0,17.5,57,0.0,5.2
Pune,18.5204,73.8567,2025-11-21 03:00:00,52.0,49.5,500.0,8.8,11.6,78.0,16.6,61,0.0,3.7
Pune,18.5204,73.8567,2025-11-21 04:00:00,50.8,48.3,528.0,8.4,12.6,76.0,15.9,64,0.0,3.3
Pune,18.5204,73.8567,2025-11-21 05:00:00,44.0,42.7,570.0,7.7,14.0,74.0,15.3,69,0.0,2.8
Pune,18.5204,73.8567,2025-11-21 06:00:00,44.2,43.2,648.0,10.1,14.1,72.0,15.0,70,0.0,2.9
Pune,18.5204,73.8567,2025-11-21 07:00:00,46.1,45.2,741.0,13.3,14.2,70.0,15.7,67,0.0,4.5
Pune,18.5204,73.8567,2025-11-21 08:00:00,41.8,41.3,773.0,14.4,14.3,77.0,18.3,57,0.0,3.3
Pune,18.5204,73.8567,2025-11-21 09:00:00,37.0,36.7,689.0,11.5,14.7,103.0,21.6,47,0.0,5.4
Pune,18.5204,73.8567,2025-11-21 10:00:00,35.0,34.7,546.0,6.5,15.1,139.0,24.6,41,0.0,6.9
Pune,18.5204,73.8567,2025-11-21 11:00:00,33.1,32.7,433.0,2.8,15.0,165.0,26.6,38,0.0,5.9
Pune,18.5204,73.8567,2025-11-21 12:00:00,31.4,31.1,389.0,1.3,13.9,174.0,28.9,33,0.0,6.3
Pune,18.5204,73.8567,2025-11-21 13:00:00,29.9,29.5,376.0,1.1,12.2,174.0,30.1,30,0.0,6.0
Pune,18.5204,73.8567,2025-11-21 14:00:00,28.3,27.8,375.0,2.4,11.0,171.0,30.7,29,0.0,5.8
Pune,18.5204,73.8567,2025-11-21 15:00:00,27.2,26.7,379.0,4.8,10.5,167.0,30.7,29,0.0,6.4
Pune,18.5204,73.8567,2025-11-21 16:00:00,27.1,26.5,394.0,8.6,10.5,160.0,30.2,30,0.0,6.9
Pune,18.5204,73.8567,2025-11-21 17:00:00,39.5,38.8,426.0,16.5,11.7,137.0,28.9,33,0.0,7.0
Pune,18.5204,73.8567,2025-11-21 18:00:00,48.7,48.0,488.0,29.2,14.6,112.0,27.1,38,0.0,5.5
Pune,18.5204,73.8567,2025-11-21 19:00:00,56.3,55.5,565.0,46.5,18.5,78.0,26.0,42,0.0,4.0
Pune,18.5204,73.8567,2025-11-21 20:00:00,62.4,61.7,623.0,57.9,21.3,53.0,25.2,44,0.0,3.4
Pune,18.5204,73.8567,2025-11-21 21:00:00,66.1,65.4,646.0,58.5,21.9,46.0,24.2,48,0.0,2.7
Pune,18.5204,73.8567,2025-11-21 22:00:00,65.7,65.0,649.0,53.1,21.3,47.0,23.6,50,0.0,3.4
Pune,18.5204,73.8567,2025-11-21 23:00:00,61.5,60.8,639.0,45.6,20.1,52.0,21.9,59,0.0,6.3
Pune,18.5204,73.8567,2025-11-22 00:00:00,53.7,53.1,608.0,35.5,18.0,59.0,20.6,65,0.0,5.1
Pune,18.5204,73.8567,2025-11-22 01:00:00,46.9,46.6,563.0,23.3,15.4,70.0,20.1,66,0.0,5.8
Pune,18.5204,73.8567,2025-11-22 02:00:00,43.1,42.6,532.0,13.9,13.6,78.0,19.9,67,0.0,5.2
Pune,18.5204,73.8567,2025-11-22 03:00:00,40.5,40.3,518.0,9.4,13.6,82.0,19.2,70,0.0,3.7
Pune,18.5204,73.8567,2025-11-22 04:00:00,38.5,38.3,519.0,7.8,14.5,84.0,18.6,74,0.0,3.1
Pune,18.5204,73.8567,2025-11-22 05:00:00,36.6,36.4,551.0,8.8,15.0,77.0,18.4,76,0.0,1.8
Pune,18.5204,73.8567,2025-11-22 06:00:00,36.3,36.1,663.0,11.1,14.9,73.0,17.9,79,0.0,2.2
Pune,18.5204,73.8567,2025-11-22 07:00:00,37.7,37.6,808.0,14.2,14.6,68.0,18.4,77,0.0,1.8
Pune,18.5204,73.8567,2025-11-22 08:00:00,33.8,33.6,858.0,15.1,13.6,71.0,20.8,66,0.0,2.4
Pune,18.5204,73.8567,2025-11-22 09:00:00,25.6,25.3,721.0,11.8,11.4,91.0,24.2,55,0.0,2.8
Pune,18.5204,73.8567,2025-11-22 10:00:00,20.8,20.4,490.0,6.4,8.5,118.0,27.4,48,0.0,5.2
Pune,18.5204,73.8567,2025-11-22 11:00:00,19.2,18.8,317.0,2.4,6.1,139.0,29.4,41,0.0,6.6
Pune,18.5204,73.8567,2025-11-22 12:00:00,17.8,17.3,271.0,0.8,4.7,146.0,31.2,35,0.0,5.6
Pune,18.5204,73.8567,2025-11-22 13:00:00,15.9,15.4,284.0,0.6,3.9,147.0,32.1,32,0.0,3.7
Pune,18.5204,73.8567,2025-11-22 14:00:00,14.9,14.2,302.0,2.0,3.6,144.0,32.7,30,0.0,2.4
Pune,18.5204,73.8567,2025-11-22 15:00:00,14.5,13.8,302.0,4.7,3.5,140.0,32.7,29,0.0,3.0
Pune,18.5204,73.8567,2025-11-22 16:00:00,14.6,13.9,309.0,9.1,3.9,132.0,31.9,29,0.0,6.1
Pune,18.5204,73.8567,2025-11-22 17:00:00,15.9,15.1,339.0,11.0,5.4,121.0,30.2,33,0.0,10.7
Pune,18.5204,73.8567,2025-11-22 18:00:00,22.5,21.8,405.0,19.4,7.5,102.0,28.6,38,0.0,6.8
Pune,18.5204,73.8567,2025-11-22 19:00:00,27.4,26.8,495.0,31.1,10.5,75.0,28.0,40,0.0,2.9
Pune,18.5204,73.8567,2025-11-22 20:00:00,33.5,32.9,594.0,40.5,13.5,54.0,26.7,44,0.0,2.5
Pune,18.5204,73.8567,2025-11-22 21:00:00,39.9,39.3,714.0,45.7,16.6,43.0,25.9,47,0.0,4.9
Pune,18.5204,73.8567,2025-11-22 22:00:00,45.5,45.1,843.0,48.7,19.7,38.0,24.2,56,0.0,5.8
Pune,18.5204,73.8567,2025-11-22 23:00:00,49.7,49.2,923.0,49.8,21.8,35.0,23.3,62,0.0,4.8
Pune,18.5204,73.8567,2025-11-23 00:00:00,52.2,51.7,921.0,48.8,22.3,33.0,22.8,64,0.0,2.9
Pune,18.5204,73.8567,2025-11-23 01:00:00,54.7,54.2,871.0,45.8,21.7,32.0,22.2,68,0.0,3.5
Pune,18.5204,73.8567,2025-11-23 02:00:00,55.4,55.1,812.0,42.0,20.6,33.0,21.4,71,0.0,2.8
Pune,18.5204,73.8567,2025-11-23 03:00:00,53.3,52.9,737.0,36.8,18.7,34.0,21.0,77,0.0,0.3
Pune,18.5204,73.8567,2025-11-23 04:00:00,48.8,48.4,654.0,30.7,16.2,36.0,20.2,78,0.0,2.0
Pune,18.5204,73.8567,2025-11-23 05:00:00,58.3,57.9,630.0,39.6,19.7,29.0,19.9,81,0.0,0.7
Pune,18.5204,73.8567,2025-11-23 06:00:00,57.4,56.9,742.0,38.6,18.9,36.0,19.5,83,0.0,0.8
Pune,18.5204,73.8567,2025-11-23 07:00:00,60.8,60.3,913.0,36.8,17.7,46.0,19.8,81,0.0,2.3
Pune,18.5204,73.8567,2025-11-23 08:00:00,48.2,47.7,976.0,32.5,15.7,60.0,21.9,71,0.0,1.8
Pune,18.5204,73.8567,2025-11-23 09:00:00,29.3,28.4,817.0,23.0,12.3,83.0,25.2,55,0.0,2.6
Pune,18.5204,73.8567,2025-11-23 10:00:00,22.0,20.9,549.0,11.0,8.1,110.0,28.2,44,0.0,1.9
Pune,18.5204,73.8567,2025-11-23 11:00:00,20.3,19.1,346.0,2.3,5.1,130.0,29.4,40,0.0,0.9
Pune,18.5204,73.8567,2025-11-23 12:00:00,19.6,18.5,285.0,0.0,4.1,138.0,31.6,33,0.0,1.7
Pune,18.5204,73.8567,2025-11-23 13:00:00,19.3,18.1,289.0,0.5,4.1,140.0,32.3,31,0.0,4.2
Pune,18.5204,73.8567,2025-11-23 14:00:00,19.2,17.9,297.0,2.1,4.5,139.0,32.5,30,0.0,8.3
Pune,18.5204,73.8567,2025-11-23 15:00:00,19.3,18.0,269.0,3.6,4.8,138.0,32.0,31,0.0,11.0
Pune,18.5204,73.8567,2025-11-23 16:00:00,19.7,18.5,245.0,5.9,5.4,135.0,30.8,33,0.0,11.7
Pune,18.5204,73.8567,2025-11-23 17:00:00,28.6,27.0,288.0,11.5,5.9,125.0,30.2,34,0.0,7.8
Pune,18.5204,73.8567,2025-11-23 18:00:00,35.9,34.3,462.0,19.7,8.3,106.0,29.0,34,0.0,6.5
Pune,18.5204,73.8567,2025-11-23 19:00:00,41.7,40.3,703.0,31.0,11.7,80.0,28.2,35,0.0,1.3
Pune,18.5204,73.8567,2025-11-23 20:00:00,47.6,46.3,885.0,39.3,15.1,60.0,26.9,45,0.0,8.5
Pune,18.5204,73.8567,2025-11-23 21:00:00,54.0,52.9,957.0,41.9,18.3,54.0,25.3,60,0.0,5.4
Pune,18.5204,73.8567,2025-11-23 22:00:00,59.3,58.2,971.0,41.6,21.4,56.0,24.4,65,0.0,3.7
Pune,18.5204,73.8567,2025-11-23 23:00:00,64.0,62.9,953.0,40.8,23.7,56.0,23.7,70,0.0,4.4
Pune,18.5204,73.8567,2025-11-24 00:00:00,68.0,67.1,897.0,40.6,24.9,53.0,22.8,74,0.0,4.8
Pune,18.5204,73.8567,2025-11-24 01:00:00,72.9,71.9,809.0,39.8,25.3,48.0,21.9,78,0.0,4.7
Pune,18.5204,73.8567,2025-11-24 02:00:00,75.7,74.7,739.0,37.6,24.5,46.0,21.4,79,0.0,5.0
Pune,18.5204,73.8567,2025-11-24 03:00:00,74.0,73.1,696.0,32.5,22.0,46.0,20.9,80,0.0,3.0
Pune,18.5204,73.8567,2025-11-24 04:00:00,66.6,65.7,671.0,25.9,18.4,49.0,20.4,82,0.0,1.5
Pune,18.5204,73.8567,2025-11-24 05:00:00,87.1,86.1,682.0,31.2,27.9,52.0,20.0,87,0.0,0.7
Pune,18.5204,73.8567,2025-11-24 06:00:00,86.1,85.0,778.0,30.4,26.2,59.0,19.5,90,0.0,2.2
Pune,18.5204,73.8567,2025-11-24 07:00:00,84.1,83.1,911.0,29.0,23.7,70.0,19.9,86,0.0,3.6
Pune,18.5204,73.8567,2025-11-24 08:00:00,63.1,62.4,951.0,25.6,20.6,84.0,21.8,77,0.0,2.2
Pune,18.5204,73.8567,2025-11-24 09:00:00,39.3,38.1,807.0,18.4,16.6,104.0,24.6,63,0.0,3.7
Pune,18.5204,73.8567,2025-11-24 10:00:00,28.1,26.4,571.0,9.2,12.1,128.0,27.2,51,0.0,7.2
Pune,18.5204,73.8567,2025-11-24 11:00:00,24.4,22.6,387.0,2.5,8.5,145.0,28.9,44,0.0,7.6
Pune,18.5204,73.8567,2025-11-24 12:00:00,23.2,21.4,315.0,0.3,6.5,151.0,30.5,38,0.0,6.7
Pune,18.5204,73.8567,2025-11-24 13:00:00,22.6,20.8,295.0,0.6,5.5,151.0,31.3,34,0.0,5.9
Pune,18.5204,73.8567,2025-11-24 14:00:00,22.2,20.4,289.0,2.0,4.9,149.0,31.7,33,0.0,6.8
Pune,18.5204,73.8567,2025-11-24 15:00:00,21.9,20.0,283.0,3.1,4.5,147.0,31.4,33,0.0,7.6
Pune,18.5204,73.8567,2025-11-24 16:00:00,21.9,20.0,290.0,5.3,4.6,141.0,30.7,33,0.0,7.1
Pune,18.5204,73.8567,2025-11-24 17:00:00,35.0,31.9,313.0,14.5,6.3,127.0,29.4,35,0.0,9.0
Pune,18.5204,73.8567,2025-11-24 18:00:00,43.5,40.5,363.0,28.0,9.8,105.0,28.2,38,0.0,4.4
Pune,18.5204,73.8567,2025-11-24 19:00:00,52.2,49.1,429.0,46.5,14.6,76.0,27.0,42,0.0,3.3
Pune,18.5204,73.8567,2025-11-24 20:00:00,61.0,57.7,483.0,58.7,18.4,53.0,26.2,47,0.0,5.3
Pune,18.5204,73.8567,2025-11-24 21:00:00,65.4,62.2,511.0,58.9,20.6,45.0,25.1,53,0.0,3.3
Pune,18.5204,73.8567,2025-11-24 22:00:00,66.6,63.6,527.0,52.9,21.7,43.0,23.9,57,0.0,1.8
Pune,18.5204,73.8567,2025-11-24 23:00:00,64.3,61.5,541.0,46.5,21.5,44.0,23.4,59,0.0,2.2
Pune,18.5204,73.8567,2025-11-25 00:00:00,57.4,55.4,559.0,41.9,19.1,45.0,22.4,63,0.0,2.0
Pune,18.5204,73.8567,2025-11-25 01:00:00,48.5,47.1,575.0,36.9,15.2,48.0,21.4,68,0.0,2.9
Pune,18.5204,73.8567,2025-11-25 02:00:00,39.2,38.3,588.0,31.3,11.8,52.0,20.6,73,0.0,2.3
Pune,18.5204,73.8567,2025-11-25 03:00:00,31.8,31.2,590.0,23.8,9.3,56.0,20.2,75,0.0,1.8
Pune,18.5204,73.8567,2025-11-25 04:00:00,26.8,26.4,589.0,15.7,7.2,60.0,20.0,76,0.0,0.4
Pune,18.5204,73.8567,2025-11-25 05:00:00,26.3,25.9,605.0,14.6,6.9,58.0,20.4,76,0.0,0.6
Pune,18.5204,73.8567,2025-11-25 06:00:00,25.2,24.9,674.0,14.9,7.2,58.0,20.2,77,0.0,0.7
Pune,18.5204,73.8567,2025-11-25 07:00:00,26.2,26.0,760.0,15.2,7.7,60.0,20.4,76,0.0,2.3
Pune,18.5204,73.8567,2025-11-25 08:00:00,25.0,24.7,775.0,14.2,7.8,68.0,22.7,67,0.0,3.3
Pune,18.5204,73.8567,2025-11-25 09:00:00,21.9,21.5,647.0,10.6,7.4,90.0,25.6,55,0.0,5.7
Pune,18.5204,73.8567,2025-11-25 10:00:00,21.5,20.8,448.0,5.7,6.7,120.0,28.2,42,0.0,8.6
Pune,18.5204,73.8567,2025-11-25 11:00:00,23.1,22.1,301.0,2.1,6.0,142.0,29.2,37,0.0,8.9
Pune,18.5204,73.8567,2025-11-25 12:00:00,24.4,23.1,266.0,0.7,5.4,151.0,30.4,33,0.0,8.5
Pune,18.5204,73.8567,2025-11-25 13:00:00,24.7,23.2,283.0,0.7,4.8,152.0,30.9,32,0.0,8.5
Pune,18.5204,73.8567,2025-11-25 14:00:00,24.5,23.0,304.0,1.9,4.6,150.0,31.1,32,0.0,8.5
Pune,18.5204,73.8567,2025-11-25 15:00:00,24.3,22.8,309.0,4.0,4.6,146.0,31.0,32,0.0,9.2
Pune,18.5204,73.8567,2025-11-25 16:00:00,24.3,22.8,317.0,7.4,4.9,138.0,30.5,32,0.0,9.6
Pune,18.5204,73.8567,2025-11-25 17:00:00,34.9,32.9,333.0,12.8,6.0,121.0,29.3,37,0.0,10.6
Pune,18.5204,73.8567,2025-11-25 18:00:00,42.5,40.6,362.0,24.2,9.0,100.0,27.4,44,0.0,10.4
Pune,18.5204,73.8567,2025-11-25 19:00:00,48.8,46.9,399.0,39.7,13.0,71.0,26.3,47,0.0,7.9
Pune,18.5204,73.8567,2025-11-25 20:00:00,52.6,50.8,441.0,49.6,15.9,49.0,25.7,49,0.0,6.1
Pune,18.5204,73.8567,2025-11-25 21:00:00,53.8,52.3,490.0,48.8,16.8,42.0,25.3,51,0.0,5.6
Pune,18.5204,73.8567,2025-11-25 22:00:00,51.7,50.5,543.0,42.4,16.4,41.0,24.1,57,0.0,1.8
Pune,18.5204,73.8567,2025-11-25 23:00:00,46.3,45.4,585.0,36.2,15.4,42.0,23.9,64,0.0,0.7
Pune,18.5204,73.8567,2025-11-26 00:00:00,38.8,38.1,606.0,31.9,13.3,42.0,22.2,63,0.0,3.1
Pune,18.5204,73.8567,2025-11-26 01:00:00,33.2,32.6,616.0,27.8,10.5,43.0,21.3,68,0.0,2.3
Pune,18.5204,73.8567,2025-11-26 02:00:00,29.0,28.5,626.0,23.9,8.2,44.0,20.8,72,0.0,0.5
Pune,18.5204,73.8567,2025-11-26 03:00:00,26.3,25.8,633.0,20.0,6.9,44.0,20.3,73,0.0,1.7
Pune,18.5204,73.8567,2025-11-26 04:00:00,24.8,24.3,641.0,16.4,6.2,43.0,19.9,77,0.0,0.6
Pune,18.5204,73.8567,2025-11-26 05:00:00,26.6,26.1,670.0,16.9,6.3,45.0,19.1,82,0.0,0.2
Pune,18.5204,73.8567,2025-11-26 06:00:00,27.9,27.4,764.0,17.5,7.5,52.0,18.9,81,0.0,0.0
Pune,18.5204,73.8567,2025-11-26 07:00:00,31.5,31.0,878.0,18.1,9.0,62.0,19.1,79,0.0,2.6
Pune,18.5204,73.8567,2025-11-26 08:00:00,31.0,30.5,904.0,17.0,9.8,75.0,21.0,70,0.0,3.3
Pune,18.5204,73.8567,2025-11-26 09:00:00,30.2,29.5,754.0,12.6,9.2,96.0,24.1,57,0.0,3.7
Pune,18.5204,73.8567,2025-11-26 10:00:00,29.6,28.8,515.0,6.5,7.8,120.0,27.0,46,0.0,5.1
Pune,18.5204,73.8567,2025-11-26 11:00:00,27.6,26.7,336.0,2.0,6.5,137.0,28.3,40,0.0,7.5
Pune,18.5204,73.8567,2025-11-26 12:00:00,26.2,25.1,287.0,0.5,5.6,142.0,29.6,36,0.0,9.1
Pune,18.5204,73.8567,2025-11-26 13:00:00,25.0,23.7,298.0,0.7,4.8,141.0,30.1,34,0.0,9.9
Pune,18.5204,73.8567,2025-11-26 14:00:00,23.9,22.5,314.0,1.9,4.3,137.0,30.3,33,0.0,10.3
Pune,18.5204,73.8567,2025-11-26 15:00:00,22.9,21.5,313.0,3.9,4.0,132.0,30.2,32,0.0,11.2
Pune,18.5204,73.8567,2025-11-26 16:00:00,21.9,20.7,317.0,6.9,3.9,124.0,29.5,32,0.0,10.5
Pune,18.5204,73.8567,2025-11-26 17:00:00,34.7,32.8,331.0,11.3,4.5,116.0,28.3,33,0.0,10.1
Pune,18.5204,73.8567,2025-11-26 18:00:00,38.3,36.7,358.0,16.4,5.5,101.0,26.8,37,0.0,8.6
Pune,18.5204,73.8567,2025-11-26 19:00:00,40.4,38.9,395.0,23.3,6.9,80.0,25.5,40,0.0,7.4
Pune,18.5204,73.8567,2025-11-26 20:00:00,41.9,40.5,441.0,28.1,8.0,63.0,24.7,43,0.0,6.8
Pune,18.5204,73.8567,2025-11-26 21:00:00,42.4,41.2,510.0,29.2,8.5,54.0,24.0,45,0.0,4.6
Pune,18.5204,73.8567,2025-11-26 22:00:00,41.9,41.1,587.0,28.3,8.6,49.0,23.2,57,0.0,0.8
Pune,18.5204,73.8567,2025-11-26 23:00:00,38.9,38.2,625.0,26.0,8.6,47.0,22.8,54,0.0,3.3
Pune,18.5204,73.8567,2025-11-27 00:00:00,34.2,33.8,586.0,21.9,8.3,49.0,21.5,58,0.0,9.4
Pune,18.5204,73.8567,2025-11-27 01:00:00,31.2,30.9,508.0,16.4,7.8,54.0,20.6,63,0.0,7.2
Pune,18.5204,73.8567,2025-11-27 02:00:00,30.3,30.0,454.0,12.0,7.5,58.0,20.0,66,0.0,5.4
Pune,18.5204,73.8567,2025-11-27 03:00:00,30.7,30.5,451.0,9.4,7.6,61.0,19.7,68,0.0,5.0
Pune,18.5204,73.8567,2025-11-27 04:00:00,32.0,31.8,472.0,7.9,8.0,63.0,19.3,70,0.0,5.4
Pune,18.5204,73.8567,2025-11-27 05:00:00,33.8,33.6,501.0,7.3,9.0,65.0,18.4,72,0.0,3.8
Pune,18.5204,73.8567,2025-11-27 06:00:00,36.8,36.6,550.0,8.9,10.3,65.0,18.3,73,0.0,4.7
Pune,18.5204,73.8567,2025-11-27 07:00:00,40.9,40.6,608.0,11.0,12.0,67.0,19.0,72,0.0,6.6
Pune,18.5204,73.8567,2025-11-27 08:00:00,44.8,44.4,624.0,11.5,12.9,74.0,21.4,64,0.0,5.4
Pune,18.5204,73.8567,2025-11-27 09:00:00,51.7,50.6,560.0,9.0,12.4,94.0,24.2,55,0.0,6.4
Pune,18.5204,73.8567,2025-11-27 10:00:00,53.0,51.6,455.0,4.9,11.1,120.0,26.5,48,0.0,11.3
Pune,18.5204,73.8567,2025-11-27 11:00:00,48.8,47.5,378.0,1.9,9.8,139.0,27.5,43,0.0,12.7
Pune,18.5204,73.8567,2025-11-27 12:00:00,44.8,43.7,361.0,0.8,8.5,146.0,28.7,40,0.0,11.6
Pune,18.5204,73.8567,2025-11-27 13:00:00,42.3,41.2,371.0,0.8,7.1,146.0,29.3,38,0.0,11.0
Pune,18.5204,73.8567,2025-11-27 14:00:00,40.4,39.3,385.0,1.9,6.2,143.0,29.5,36,0.0,11.4
Pune,18.5204,73.8567,2025-11-27 15:00:00,39.2,38.3,391.0,4.5,5.9,138.0,29.3,36,0.0,12.0
Pune,18.5204,73.8567,2025-11-27 16:00:00,39.1,38.2,399.0,8.2,6.1,130.0,28.5,37,0.0,11.1
Pune,18.5204,73.8567,2025-11-27 17:00:00,55.3,54.0,417.0,10.4,6.7,120.0,27.3,41,0.0,10.5
Pune,18.5204,73.8567,2025-11-27 18:00:00,61.5,60.3,451.0,13.6,7.5,106.0,26.2,45,0.0,7.9
Pune,18.5204,73.8567,2025-11-27 19:00:00,64.0,62.9,496.0,17.9,8.6,88.0,25.4,46,0.0,8.7
Pune,18.5204,73.8567,2025-11-27 20:00:00,64.3,63.3,538.0,20.0,9.6,76.0,24.7,48,0.0,5.6
Pune,18.5204,73.8567,2025-11-27 21:00:00,63.8,62.9,584.0,17.8,10.4,77.0,23.3,53,0.0,7.8
Pune,18.5204,73.8567,2025-11-27 22:00:00,64.0,63.1,627.0,13.4,11.2,85.0,22.1,59,0.0,8.8
Pune,18.5204,73.8567,2025-11-27 23:00:00,64.3,63.6,640.0,9.7,12.0,92.0,21.7,60,0.0,8.2
Pune,18.5204,73.8567,2025-11-28 00:00:00,64.7,64.0,596.0,7.6,13.2,94.0,21.0,63,0.0,8.3
Pune,18.5204,73.8567,2025-11-28 01:00:00,65.0,64.3,522.0,6.2,14.4,95.0,20.5,66,0.0,8.8
Pune,18.5204,73.8567,2025-11-28 02:00:00,65.2,64.5,467.0,5.4,15.2,94.0,20.0,70,0.0,6.8
Pune,18.5204,73.8567,2025-11-28 03:00:00,65.7,65.0,450.0,5.0,15.1,90.0,19.4,73,0.0,4.1
Pune,18.5204,73.8567,2025-11-28 04:00:00,66.8,66.1,453.0,5.1,14.6,85.0,18.9,75,0.0,4.1
Pune,18.5204,73.8567,2025-11-28 05:00:00,67.5,66.8,473.0,5.8,14.7,82.0,18.6,78,0.0,5.7
Pune,18.5204,73.8567,2025-11-28 06:00:00,70.1,69.2,530.0,8.1,15.1,80.0,18.4,78,0.0,4.0
Pune,18.5204,73.8567,2025-11-28 07:00:00,74.5,73.6,604.0,11.2,15.5,78.0,18.9,76,0.0,6.3
Pune,18.5204,73.8567,2025-11-28 08:00:00,76.1,75.2,631.0,12.4,15.8,83.0,21.3,65,0.0,5.4
Pune,18.5204,73.8567,2025-11-28 09:00:00,80.3,79.2,564.0,9.8,15.7,104.0,23.7,57,0.0,8.3
Pune,18.5204,73.8567,2025-11-28 10:00:00,76.8,75.2,451.0,5.4,15.4,132.0,26.0,46,0.0,10.8
Pune,18.5204,73.8567,2025-11-28 11:00:00,68.0,66.4,366.0,2.1,14.9,152.0,27.3,38,0.0,12.8
Pune,18.5204,73.8567,2025-11-28 12:00:00,61.0,59.6,343.0,1.0,13.9,157.0,28.4,34,0.0,12.1
Pune,18.5204,73.8567,2025-11-28 13:00:00,56.8,55.5,350.0,1.0,12.7,154.0,29.0,31,0.0,11.6
Pune,18.5204,73.8567,2025-11-28 14:00:00,54.2,53.0,359.0,1.8,11.7,148.0,29.2,31,0.0,10.9
Pune,18.5204,73.8567,2025-11-28 15:00:00,53.0,51.7,359.0,3.6,11.2,142.0,29.0,31,0.0,10.4
Pune,18.5204,73.8567,2025-11-28 16:00:00,52.6,51.3,362.0,6.0,10.9,133.0,28.5,33,0.0,10.1
Pune,18.5204,73.8567,2025-11-28 17:00:00,55.4,54.5,382.0,8.6,10.3,125.0,27.6,36,0.0,9.5
Pune,18.5204,73.8567,2025-11-28 18:00:00,56.5,55.8,436.0,9.3,10.0,117.0,26.5,40,0.0,6.7
Pune,18.5204,73.8567,2025-11-28 19:00:00,55.9,55.3,506.0,10.3,9.5,105.0,25.1,45,0.0,9.2
Pune,18.5204,73.8567,2025-11-28 20:00:00,54.8,54.1,553.0,10.8,9.0,96.0,23.4,53,0.0,9.6
Pune,18.5204,73.8567,2025-11-28 21:00:00,54.2,53.7,554.0,10.6,8.6,92.0,22.3,57,0.0,8.0
Pune,18.5204,73.8567,2025-11-28 22:00:00,54.2,53.7,532.0,9.9,8.3,91.0,21.6,59,0.0,7.7
Pune,18.5204,73.8567,2025-11-28 23:00:00,53.7,53.1,511.0,9.1,7.9,89.0,21.1,63,0.0,6.6
Pune,18.5204,73.8567,2025-11-29 00:00:00,52.2,51.5,500.0,8.2,7.4,86.0,20.6,67,0.0,5.6
Pune,18.5204,73.8567,2025-11-29 01:00:00,50.4,49.8,492.0,7.3,6.8,84.0,19.5,74,0.0,6.8
Pune,18.5204,73.8567,2025-11-29 02:00:00,48.1,47.5,487.0,6.6,6.4,81.0,18.7,79,0.0,6.7
Pune,18.5204,73.8567,2025-11-29 03:00:00,45.3,44.7,487.0,6.1,6.2,78.0,18.1,83,0.0,7.0
Pune,18.5204,73.8567,2025-11-29 04:00:00,42.4,41.8,491.0,5.9,6.3,76.0,17.7,86,0.0,6.4
Pune,18.5204,73.8567,2025-11-29 05:00:00,39.2,38.8,500.0,5.9,6.6,74.0,17.4,86,0.0,5.6
Pune,18.5204,73.8567,2025-11-29 06:00:00,37.7,37.3,525.0,7.8,6.9,71.0,17.3,84,0.0,7.1
Pune,18.5204,73.8567,2025-11-29 07:00:00,38.4,38.1,555.0,10.4,7.3,69.0,17.6,80,0.0,7.7
Pune,18.5204,73.8567,2025-11-29 08:00:00,33.3,33.1,553.0,11.3,7.9,73.0,19.2,70,0.0,6.8
Pune,18.5204,73.8567,2025-11-29 09:00:00,27.0,26.7,491.0,9.0,9.0,91.0,21.3,59,0.0,8.9
Pune,18.5204,73.8567,2025-11-29 10:00:00,23.7,23.3,398.0,5.0,10.3,116.0,23.6,50,0.0,10.6
Pune,18.5204,73.8567,2025-11-29 11:00:00,22.4,21.8,327.0,2.1,11.1,135.0,25.6,39,0.0,13.2
Pune,18.5204,73.8567,2025-11-29 12:00:00,22.3,21.7,300.0,1.1,11.1,142.0,27.2,32,0.0,13.1
Pune,18.5204,73.8567,2025-11-29 13:00:00,22.8,22.3,294.0,1.1,10.7,143.0,28.0,29,0.0,13.1
Pune,18.5204,73.8567,2025-11-29 14:00:00,23.7,23.2,296.0,1.8,10.4,142.0,28.3,27,0.0,13.5
Pune,18.5204,73.8567,2025-11-29 15:00:00,24.6,24.0,299.0,3.3,10.6,139.0,28.3,25,0.0,13.0
Pune,18.5204,73.8567,2025-11-29 16:00:00,25.4,24.9,310.0,5.4,11.0,132.0,27.9,23,0.0,12.7
Pune,18.5204,73.8567,2025-11-29 17:00:00,28.3,28.0,335.0,7.2,10.4,127.0,26.7,25,0.0,12.1
Pune,18.5204,73.8567,2025-11-29 18:00:00,30.7,30.4,386.0,8.4,10.7,119.0,24.9,30,0.0,10.4
Pune,18.5204,73.8567,2025-11-29 19:00:00,31.9,31.7,450.0,10.1,11.0,108.0,23.2,36,0.0,10.6
Pune,18.5204,73.8567,2025-11-29 20:00:00,32.9,32.7,495.0,11.1,11.4,100.0,21.6,41,0.0,10.9
Pune,18.5204,73.8567,2025-11-29 21:00:00,33.9,33.5,505.0,11.0,11.8,98.0,20.2,46,0.0,9.6
Pune,18.5204,73.8567,2025-11-29 22:00:00,34.8,34.5,496.0,10.3,12.1,98.0,19.3,49,0.0,8.6
Pune,18.5204,73.8567,2025-11-29 23:00:00,35.0,34.7,479.0,9.4,12.3,98.0,18.8,50,0.0,9.0
Pune,18.5204,73.8567,2025-11-30 00:00:00,34.6,34.2,450.0,8.3,12.1,97.0,18.3,53,0.0,9.5
Pune,18.5204,73.8567,2025-11-30 01:00:00,34.1,33.6,414.0,7.0,11.7,96.0,17.9,54,0.0,8.5
Pune,18.5204,73.8567,2025-11-30 02:00:00,33.4,33.1,392.0,6.2,11.6,94.0,17.2,58,0.0,6.4
Pune,18.5204,73.8567,2025-11-30 03:00:00,32.9,32.6,392.0,5.8,11.8,91.0,16.2,63,0.0,5.3
Pune,18.5204,73.8567,2025-11-30 04:00:00,33.1,32.7,408.0,5.8,12.2,87.0,15.6,65,0.0,6.4
Pune,18.5204,73.8567,2025-11-30 05:00:00,36.3,35.7,438.0,8.0,12.5,83.0,14.9,68,0.0,4.8
Pune,18.5204,73.8567,2025-11-30 06:00:00,39.1,38.5,505.0,11.3,13.4,79.0,14.1,70,0.0,3.8
Pune,18.5204,73.8567,2025-11-30 07:00:00,44.1,43.7,587.0,15.7,14.6,76.0,14.8,67,0.0,3.5
Pune,18.5204,73.8567,2025-11-30 08:00:00,41.3,40.9,620.0,17.3,16.5,82.0,17.2,57,0.0,3.3
Pune,18.5204,73.8567,2025-11-30 09:00:00,40.3,39.6,560.0,13.5,19.5,108.0,20.0,46,0.0,5.9
Pune,18.5204,73.8567,2025-11-30 10:00:00,38.1,37.4,451.0,7.1,23.1,143.0,22.8,35,0.0,8.5
Pune,18.5204,73.8567,2025-11-30 11:00:00,35.9,35.0,366.0,2.3,25.5,169.0,25.2,26,0.0,11.0
Pune,18.5204,73.8567,2025-11-30 12:00:00,34.9,34.1,336.0,0.8,25.9,176.0,26.9,20,0.0,11.6
Pune,18.5204,73.8567,2025-11-30 13:00:00,34.1,33.4,330.0,1.0,25.1,174.0,27.9,18,0.0,11.2
Pune,18.5204,73.8567,2025-11-30 14:00:00,33.6,33.1,331.0,2.2,24.3,169.0,28.3,18,0.0,10.7
Pune,18.5204,73.8567,2025-11-30 15:00:00,33.6,33.1,330.0,4.8,23.9,162.0,28.2,18,0.0,10.8
Pune,18.5204,73.8567,2025-11-30 16:00:00,34.0,33.3,337.0,8.5,23.4,153.0,27.6,20,0.0,10.3
Pune,18.5204,73.8567,2025-11-30 17:00:00,35.4,34.9,363.0,11.7,22.4,136.0,26.7,22,0.0,7.2
Pune,18.5204,73.8567,2025-11-30 18:00:00,39.5,39.0,429.0,13.1,21.6,125.0,24.9,26,0.0,4.4
Pune,18.5204,73.8567,2025-11-30 19:00:00,39.7,39.3,514.0,14.9,20.4,110.0,23.8,29,0.0,6.8
Pune,18.5204,73.8567,2025-11-30 20:00:00,38.8,38.4,571.0,15.8,19.3,98.0,21.9,37,0.0,9.0
Pune,18.5204,73.8567,2025-11-30 21:00:00,38.2,37.8,575.0,15.0,18.5,94.0,20.7,40,0.0,7.7
Pune,18.5204,73.8567,2025-11-30 22:00:00,38.6,38.3,551.0,13.3,17.9,93.0,20.0,41,0.0,6.6
Pune,18.5204,73.8567,2025-11-30 23:00:00,38.9,38.4,524.0,11.8,17.4,92.0,19.4,46,0.0,7.2
Pune,18.5204,73.8567,2025-12-01 00:00:00,38.4,38.0,498.0,10.7,16.9,91.0,18.6,51,0.0,6.9
Pune,18.5204,73.8567,2025-12-01 01:00:00,38.3,37.8,471.0,9.7,16.6,89.0,17.8,55,0.0,5.5
Pune,18.5204,73.8567,2025-12-01 02:00:00,38.5,38.1,458.0,9.0,16.5,88.0,16.8,59,0.0,4.4
Pune,18.5204,73.8567,2025-12-01 03:00:00,39.0,38.5,463.0,8.5,16.7,87.0,16.0,64,0.0,3.3
Pune,18.5204,73.8567,2025-12-01 04:00:00,39.5,39.0,482.0,8.3,17.2,85.0,15.4,67,0.0,2.0
Pune,18.5204,73.8567,2025-12-01 05:00:00,40.4,39.9,528.0,7.9,17.2,85.0,14.7,73,0.0,1.8
Pune,18.5204,73.8567,2025-12-01 06:00:00,43.4,43.0,636.0,11.1,18.1,81.0,14.5,74,0.0,0.8
Pune,18.5204,73.8567,2025-12-01 07:00:00,49.0,48.5,770.0,15.3,19.4,76.0,15.0,72,0.0,0.4
Pune,18.5204,73.8567,2025-12-01 08:00:00,47.0,46.7,830.0,17.0,20.4,81.0,17.3,61,0.0,1.5
Pune,18.5204,73.8567,2025-12-01 09:00:00,47.5,47.0,750.0,13.5,20.8,106.0,20.4,50,0.0,3.6
Pune,18.5204,73.8567,2025-12-01 10:00:00,46.9,46.4,597.0,7.5,20.9,142.0,23.0,42,0.0,5.5
Pune,18.5204,73.8567,2025-12-01 11:00:00,44.4,43.9,473.0,3.0,20.9,169.0,25.2,38,0.0,6.0
Pune,18.5204,73.8567,2025-12-01 12:00:00,42.3,41.8,418.0,1.5,20.8,180.0,27.1,33,0.0,6.5
Pune,18.5204,73.8567,2025-12-01 13:00:00,40.7,40.3,393.0,1.5,20.6,182.0,28.0,30,0.0,5.1
Pune,18.5204,73.8567,2025-12-01 14:00:00,39.8,39.5,381.0,2.6,20.5,180.0,28.7,27,0.0,6.0
Pune,18.5204,73.8567,2025-12-01 15:00:00,39.7,39.3,375.0,4.6,20.7,174.0,28.7,27,0.0,7.3
Pune,18.5204,73.8567,2025-12-01 16:00:00,40.2,39.7,382.0,7.7,21.0,165.0,28.1,26,0.0,8.3
Pune,18.5204,73.8567,2025-12-01 17:00:00,43.0,42.6,415.0,11.4,21.4,152.0,26.9,27,0.0,8.3
Pune,18.5204,73.8567,2025-12-01 18:00:00,52.5,52.2,499.0,18.0,22.0,132.0,25.0,31,0.0,6.0
Pune,18.5204,73.8567,2025-12-01 19:00:00,57.7,57.3,609.0,26.9,22.7,106.0,23.7,35,0.0,3.7
Pune,18.5204,73.8567,2025-12-01 20:00:00,59.1,58.8,676.0,32.0,22.5,85.0,22.9,38,0.0,4.4
Pune,18.5204,73.8567,2025-12-01 21:00:00,57.6,57.3,659.0,29.7,20.5,77.0,21.4,43,0.0,3.9
Pune,18.5204,73.8567,2025-12-01 22:00:00,55.4,55.1,599.0,23.7,17.7,76.0,20.4,49,0.0,7.7
Pune,18.5204,73.8567,2025-12-01 23:00:00,53.2,52.9,553.0,18.5,15.3,76.0,19.4,54,0.0,7.1
Pune,18.5204,73.8567,2025-12-02 00:00:00,51.2,50.9,542.0,15.8,14.0,76.0,18.7,56,0.0,6.3
Pune,18.5204,73.8567,2025-12-02 01:00:00,50.4,50.1,544.0,14.0,13.2,76.0,18.3,59,0.0,4.6
Pune,18.5204,73.8567,2025-12-02 02:00:00,50.4,50.1,553.0,12.7,12.9,77.0,17.8,62,0.0,1.5
Pune,18.5204,73.8567,2025-12-02 03:00:00,50.9,50.5,560.0,11.7,13.2,78.0,17.3,66,0.0,0.2
Pune,18.5204,73.8567,2025-12-02 04:00:00,51.3,50.9,573.0,11.3,14.1,78.0,16.6,68,0.0,0.5
Pune,18.5204,73.8567,2025-12-02 05:00:00,52.3,51.8,615.0,11.5,15.8,83.0,15.7,71,0.0,2.2
Pune,18.5204,73.8567,2025-12-02 06:00:00,54.8,54.4,728.0,15.1,16.9,81.0,15.0,73,0.0,3.1
Pune,18.5204,73.8567,2025-12-02 07:00:00,60.5,60.1,870.0,19.8,18.5,79.0,15.4,71,0.0,4.4
Pune,18.5204,73.8567,2025-12-02 08:00:00,55.5,55.3,931.0,21.3,19.9,85.0,17.4,61,0.0,2.6
Pune,18.5204,73.8567,2025-12-02 09:00:00,48.7,48.3,838.0,16.6,21.1,107.0,20.6,51,0.0,2.2
Pune,18.5204,73.8567,2025-12-02 10:00:00,45.4,45.1,665.0,8.8,22.1,138.0,23.1,44,0.0,3.7
Pune,18.5204,73.8567,2025-12-02 11:00:00,42.4,42.0,520.0,3.0,22.5,161.0,25.2,40,0.0,5.2
Pune,18.5204,73.8567,2025-12-02 12:00:00,42.3,41.9,441.0,1.2,21.9,172.0,27.2,33,0.0,6.0
Pune,18.5204,73.8567,2025-12-02 13:00:00,43.0,42.6,391.0,1.3,20.7,176.0,28.2,29,0.0,6.1
Pune,18.5204,73.8567,2025-12-02 14:00:00,43.4,43.0,363.0,2.4,19.8,175.0,28.1,28,0.0,7.3
Pune,18.5204,73.8567,2025-12-02 15:00:00,43.5,43.2,356.0,4.1,19.6,171.0,28.1,27,0.0,8.9
Pune,18.5204,73.8567,2025-12-02 16:00:00,43.5,43.2,371.0,6.7,19.6,162.0,27.6,28,0.0,10.2
Pune,18.5204,73.8567,2025-12-02 17:00:00,57.0,56.7,407.0,10.0,20.0,155.0,26.3,30,0.0,8.4
Pune,18.5204,73.8567,2025-12-02 18:00:00,61.9,61.7,478.0,13.3,20.3,140.0,24.7,37,0.0,6.8
Pune,18.5204,73.8567,2025-12-02 19:00:00,64.3,63.8,570.0,17.7,20.7,118.0,23.5,41,0.0,3.8
Pune,18.5204,73.8567,2025-12-02 20:00:00,64.3,64.0,635.0,20.1,20.7,102.0,22.8,42,0.0,4.0
Pune,18.5204,73.8567,2025-12-02 21:00:00,63.1,62.9,653.0,18.7,19.9,97.0,21.8,47,0.0,7.7
Pune,18.5204,73.8567,2025-12-02 22:00:00,62.9,62.6,644.0,15.3,18.6,96.0,20.4,53,0.0,7.2
Pune,18.5204,73.8567,2025-12-02 23:00:00,62.9,62.6,617.0,12.4,17.4,96.0,19.4,58,0.0,6.0
Pune,18.5204,73.8567,2025-12-03 00:00:00,62.2,61.9,559.0,10.7,16.3,94.0,18.5,61,0.0,4.2
Pune,18.5204,73.8567,2025-12-03 01:00:00,62.2,61.7,484.0,9.4,15.3,91.0,17.9,63,0.0,3.6
Pune,18.5204,73.8567,2025-12-03 02:00:00,62.4,61.9,440.0,8.5,14.8,89.0,17.3,66,0.0,2.3
Pune,18.5204,73.8567,2025-12-03 03:00:00,63.3,62.9,447.0,7.8,15.2,88.0,16.7,69,0.0,0.8
Pune,18.5204,73.8567,2025-12-03 04:00:00,64.7,64.3,487.0,7.5,16.1,87.0,16.0,73,0.0,1.1
Pune,18.5204,73.8567,2025-12-03 05:00:00,69.4,68.9,549.0,9.9,17.6,86.0,15.2,77,0.0,1.0
Pune,18.5204,73.8567,2025-12-03 06:00:00,71.9,71.5,668.0,13.2,18.2,82.0,14.5,80,0.0,0.8
Pune,18.5204,73.8567,2025-12-03 07:00:00,78.2,77.8,810.0,17.6,19.1,77.0,14.9,78,0.0,1.1
Pune,18.5204,73.8567,2025-12-03 08:00:00,75.0,74.7,868.0,19.1,19.9,83.0,17.2,67,0.0,0.9
Pune,18.5204,73.8567,2025-12-03 09:00:00,72.2,71.7,762.0,14.9,20.6,109.0,20.4,54,0.0,4.2
Pune,18.5204,73.8567,2025-12-03 10:00:00,72.2,71.9,572.0,7.9,21.2,146.0,23.2,47,0.0,7.3
Pune,18.5204,73.8567,2025-12-03 11:00:00,70.3,69.8,423.0,2.6,21.2,173.0,25.2,46,0.0,9.1
Pune,18.5204,73.8567,2025-12-03 12:00:00,65.0,64.5,369.0,0.9,20.0,181.0,27.0,42,0.0,10.4
Pune,18.5204,73.8567,2025-12-03 13:00:00,60.1,59.6,357.0,1.0,18.1,179.0,28.0,40,0.0,10.7
Pune,18.5204,73.8567,2025-12-03 14:00:00,57.5,56.9,355.0,2.0,16.7,174.0,28.5,38,0.0,10.2
Pune,18.5204,73.8567,2025-12-03 15:00:00,56.3,55.8,342.0,3.9,16.2,169.0,28.5,38,0.0,9.5
Pune,18.5204,73.8567,2025-12-03 16:00:00,55.5,54.9,339.0,6.6,16.3,162.0,28.1,37,0.0,9.6
Pune,18.5204,73.8567,2025-12-03 17:00:00,56.5,55.8,372.0,8.8,14.4,147.0,27.5,39,0.0,9.0
Pune,18.5204,73.8567,2025-12-03 18:00:00,62.6,62.2,481.0,12.0,15.3,133.0,25.8,43,0.0,8.2
Pune,18.5204,73.8567,2025-12-03 19:00:00,64.3,63.8,625.0,16.3,16.5,114.0,24.8,47,0.0,5.8
Pune,18.5204,73.8567,2025-12-03 20:00:00,62.9,62.6,714.0,18.4,17.4,101.0,23.6,52,0.0,4.7
Pune,18.5204,73.8567,2025-12-03 21:00:00,59.4,59.1,695.0,16.2,17.7,101.0,22.3,57,0.0,9.7
Pune,18.5204,73.8567,2025-12-03 22:00:00,55.8,55.5,621.0,11.9,17.7,107.0,21.0,60,0.0,9.8
Pune,18.5204,73.8567,2025-12-03 23:00:00,52.4,52.2,550.0,8.3,17.4,111.0,20.2,66,0.0,8.2
Pune,18.5204,73.8567,2025-12-04 00:00:00,49.2,49.0,498.0,6.6,16.8,110.0,19.4,68,0.0,7.4
Pune,18.5204,73.8567,2025-12-04 01:00:00,47.5,47.3,450.0,5.7,15.9,107.0,18.9,69,0.0,6.1
Pune,18.5204,73.8567,2025-12-04 02:00:00,46.9,46.7,424.0,5.2,15.5,103.0,18.2,72,0.0,4.3
Pune,18.5204,73.8567,2025-12-04 03:00:00,47.4,47.1,428.0,5.0,15.8,99.0,17.5,75,0.0,3.4
Pune,18.5204,73.8567,2025-12-04 04:00:00,48.7,48.4,455.0,5.2,16.5,94.0,16.9,78,0.0,3.1
Pune,18.5204,73.8567,2025-12-04 05:00:00,50.8,50.6,501.0,6.2,17.9,92.0,16.8,79,0.0,3.2
Pune,18.5204,73.8567,2025-12-04 06:00:00,53.2,53.0,591.0,8.6,19.0,89.0,16.3,82,0.0,3.4
Pune,18.5204,73.8567,2025-12-04 07:00:00,57.4,57.3,699.0,11.7,20.5,86.0,16.8,80,0.0,4.4
Pune,18.5204,73.8567,2025-12-04 08:00:00,58.2,58.0,745.0,12.9,21.6,91.0,19.0,70,0.0,4.5
Pune,18.5204,73.8567,2025-12-04 09:00:00,59.8,59.6,671.0,10.3,22.2,113.0,21.6,59,0.0,7.4
Pune,18.5204,73.8567,2025-12-04 10:00:00,60.8,60.5,534.0,5.8,22.3,142.0,24.2,51,0.0,9.1
Pune,18.5204,73.8567,2025-12-04 11:00:00,55.1,54.8,423.0,2.4,21.4,163.0,25.9,48,0.0,10.4
Pune,18.5204,73.8567,2025-12-04 12:00:00,47.4,47.0,373.0,1.2,18.7,167.0,27.7,43,0.0,11.5
Pune,18.5204,73.8567,2025-12-04 13:00:00,43.1,42.6,348.0,1.1,14.9,162.0,28.8,38,0.0,11.3
Pune,18.5204,73.8567,2025-12-04 14:00:00,40.7,40.3,336.0,1.9,12.1,155.0,29.3,36,0.0,10.7
Pune,18.5204,73.8567,2025-12-04 15:00:00,39.3,38.8,329.0,3.5,11.1,149.0,29.3,36,0.0,9.8
Pune,18.5204,73.8567,2025-12-04 16:00:00,38.5,38.0,333.0,6.1,11.1,142.0,28.8,36,0.0,9.0
Pune,18.5204,73.8567,2025-12-04 17:00:00,55.8,55.1,357.0,9.8,12.0,126.0,28.1,39,0.0,8.8
Pune,18.5204,73.8567,2025-12-04 18:00:00,61.2,60.5,416.0,14.5,12.6,111.0,26.5,43,0.0,8.8
Pune,18.5204,73.8567,2025-12-04 19:00:00,64.0,63.3,493.0,20.7,13.4,91.0,25.7,45,0.0,9.2
Pune,18.5204,73.8567,2025-12-04 20:00:00,62.9,62.2,550.0,24.0,14.1,77.0,24.8,45,0.0,5.4
Pune,18.5204,73.8567,2025-12-04 21:00:00,58.3,57.9,571.0,21.6,14.4,76.0,23.4,48,0.0,4.3
Pune,18.5204,73.8567,2025-12-04 22:00:00,54.1,53.8,571.0,16.1,14.6,82.0,21.9,58,0.0,10.7
Pune,18.5204,73.8567,2025-12-04 23:00:00,50.5,50.3,554.0,11.5,14.8,87.0,21.1,64,0.0,10.6
Pune,18.5204,73.8567,2025-12-05 00:00:00,46.8,46.6,506.0,8.9,14.9,89.0,20.4,68,0.0,9.0
Pune,18.5204,73.8567,2025-12-05 01:00:00,43.9,43.8,440.0,7.1,15.0,91.0,19.6,72,0.0,7.4
Pune,18.5204,73.8567,2025-12-05 02:00:00,41.9,41.8,400.0,5.9,15.2,91.0,19.0,75,0.0,6.7
Pune,18.5204,73.8567,2025-12-05 03:00:00,40.5,40.4,406.0,5.2,15.8,89.0,18.6,77,0.0,6.7
Pune,18.5204,73.8567,2025-12-05 04:00:00,39.6,39.5,439.0,5.0,16.7,85.0,18.2,79,0.0,6.5
Pune,18.5204,73.8567,2025-12-05 05:00:00,39.9,39.7,479.0,6.1,16.1,77.0,17.8,82,0.0,6.7
Pune,18.5204,73.8567,2025-12-05 06:00:00,40.0,39.8,536.0,7.7,16.6,76.0,17.3,85,0.0,5.9
Pune,18.5204,73.8567,2025-12-05 07:00:00,42.1,41.9,601.0,9.8,17.4,75.0,17.4,84,0.0,6.3
Pune,18.5204,73.8567,2025-12-05 08:00:00,42.1,42.0,629.0,10.5,18.2,81.0,19.5,73,0.0,5.9
Pune,18.5204,73.8567,2025-12-05 09:00:00,41.8,41.6,589.0,8.4,19.2,101.0,22.1,60,0.0,8.6
Pune,18.5204,73.8567,2025-12-05 10:00:00,42.8,42.6,511.0,5.0,20.2,129.0,24.5,51,0.0,10.4
Pune,18.5204,73.8567,2025-12-05 11:00:00,42.6,42.4,445.0,2.4,20.3,149.0,26.4,49,0.0,11.9
Pune,18.5204,73.8567,2025-12-05 12:00:00,40.2,40.0,406.0,1.4,18.6,155.0,28.7,41,0.0,11.4
Pune,18.5204,73.8567,2025-12-05 13:00:00,38.2,38.1,378.0,1.3,15.9,154.0,29.6,37,0.0,10.3
Pune,18.5204,73.8567,2025-12-05 14:00:00,36.9,36.8,363.0,1.9,14.1,151.0,29.9,37,0.0,10.6
Pune,18.5204,73.8567,2025-12-05 15:00:00,36.4,36.3,357.0,3.4,13.9,149.0,29.5,37,0.0,11.1
Pune,18.5204,73.8567,2025-12-05 16:00:00,36.6,36.4,364.0,5.5,14.6,144.0,28.9,38,0.0,10.3
Pune,18.5204,73.8567,2025-12-05 17:00:00,63.1,62.6,393.0,7.5,15.6,130.0,28.1,38,0.0,8.7
Pune,18.5204,73.8567,2025-12-05 18:00:00,64.7,64.3,468.0,9.4,15.6,120.0,26.8,42,0.0,3.9
Pune,18.5204,73.8567,2025-12-05 19:00:00,64.0,63.8,565.0,11.9,15.6,106.0,25.3,47,0.0,3.3
Pune,18.5204,73.8567,2025-12-05 20:00:00,60.5,60.3,618.0,13.1,15.1,96.0,24.4,51,0.0,7.2
Pune,18.5204,73.8567,2025-12-05 21:00:00,55.4,55.2,587.0,11.9,13.7,92.0,23.3,57,0.0,12.4
Pune,18.5204,73.8567,2025-12-05 22:00:00,51.5,51.2,513.0,9.5,11.9,92.0,22.2,60,0.0,10.0
Pune,18.5204,73.8567,2025-12-05 23:00:00,48.7,48.4,450.0,7.5,10.4,91.0,21.6,63,0.0,8.8
Pune,18.5204,73.8567,2025-12-06 00:00:00,46.3,46.0,415.0,6.6,9.6,88.0,20.9,65,0.0,8.8
Pune,18.5204,73.8567,2025-12-06 01:00:00,45.1,44.7,392.0,6.0,9.2,84.0,20.4,66,0.0,8.1
Pune,18.5204,73.8567,2025-12-06 02:00:00,44.1,43.8,381.0,5.8,9.0,80.0,19.6,69,0.0,7.0
Pune,18.5204,73.8567,2025-12-06 03:00:00,43.2,42.8,383.0,5.6,9.1,76.0,18.6,74,0.0,6.3
Pune,18.5204,73.8567,2025-12-06 04:00:00,42.6,42.3,398.0,5.7,9.4,72.0,17.8,77,0.0,6.1
Pune,18.5204,73.8567,2025-12-06 05:00:00,40.3,39.9,426.0,6.0,10.8,69.0,17.6,79,0.0,4.1
Pune,18.5204,73.8567,2025-12-06 06:00:00,40.0,39.8,488.0,8.3,12.0,67.0,17.2,80,0.0,6.2
Pune,18.5204,73.8567,2025-12-06 07:00:00,41.9,41.7,565.0,11.3,13.7,65.0,17.2,79,0.0,7.0
Pune,18.5204,73.8567,2025-12-06 08:00:00,42.0,41.8,595.0,12.5,15.1,71.0,19.2,68,0.0,6.1
Pune,18.5204,73.8567,2025-12-06 09:00:00,41.6,41.3,537.0,10.0,16.0,92.0,21.9,53,0.0,9.0
Pune,18.5204,73.8567,2025-12-06 10:00:00,42.3,41.8,432.0,5.7,16.5,122.0,24.2,42,0.0,11.6
Pune,18.5204,73.8567,2025-12-06 11:00:00,39.7,39.1,352.0,2.5,16.5,143.0,26.0,36,0.0,11.5
Pune,18.5204,73.8567,2025-12-06 12:00:00,37.0,36.3,323.0,1.2,15.6,150.0,27.6,32,0.0,11.7
Pune,18.5204,73.8567,2025-12-06 13:00:00,35.4,34.6,318.0,1.1,14.1,149.0,28.5,29,0.0,11.1
Pune,18.5204,73.8567,2025-12-06 14:00:00,34.7,33.8,323.0,2.0,13.1,145.0,29.0,27,0.0,10.0
Pune,18.5204,73.8567,2025-12-06 15:00:00,34.6,33.6,335.0,4.4,13.0,140.0,28.8,26,0.0,8.9
Pune,18.5204,73.8567,2025-12-06 16:00:00,34.9,33.9,356.0,8.0,13.4,131.0,28.1,27,0.0,8.2
Pune,18.5204,73.8567,2025-12-06 17:00:00,55.5,54.4,383.0,12.1,13.3,129.0,27.1,30,0.0,8.3
Pune,18.5204,73.8567,2025-12-06 18:00:00,63.1,61.9,413.0,16.8,13.9,114.0,25.8,33,0.0,8.0
Pune,18.5204,73.8567,2025-12-06 19:00:00,66.1,65.2,448.0,23.2,14.6,94.0,25.1,34,0.0,7.2
Pune,18.5204,73.8567,2025-12-06 20:00:00,64.7,63.8,492.0,26.5,14.9,79.0,24.1,35,0.0,4.6
Pune,18.5204,73.8567,2025-12-06 21:00:00,60.5,59.6,566.0,24.1,14.4,75.0,22.6,39,0.0,5.0
Pune,18.5204,73.8567,2025-12-06 22:00:00,56.1,55.2,650.0,18.7,13.4,76.0,21.3,45,0.0,8.6
Pune,18.5204,73.8567,2025-12-06 23:00:00,51.9,51.2,686.0,13.9,12.6,78.0,20.6,50,0.0,9.3
Pune,18.5204,73.8567,2025-12-07 00:00:00,47.7,47.0,632.0,11.0,12.1,79.0,19.9,52,0.0,8.1
Pune,18.5204,73.8567,2025-12-07 01:00:00,44.6,44.0,530.0,8.8,11.7,79.0,19.4,53,0.0,8.5
Pune,18.5204,73.8567,2025-12-07 02:00:00,42.3,41.7,453.0,7.3,11.7,80.0,18.9,55,0.0,6.9
Pune,18.5204,73.8567,2025-12-07 03:00:00,40.7,40.3,425.0,6.5,12.2,80.0,18.2,58,0.0,5.8
Pune,18.5204,73.8567,2025-12-07 04:00:00,40.0,39.5,421.0,6.3,13.0,80.0,17.6,60,0.0,4.0
Pune,18.5204,73.8567,2025-12-07 05:00:00,38.6,38.3,443.0,6.5,15.7,77.0,17.5,61,0.0,5.1
Pune,18.5204,73.8567,2025-12-07 06:00:00,39.3,39.0,517.0,9.1,16.3,73.0,16.6,65,0.0,3.5
Pune,18.5204,73.8567,2025-12-07 07:00:00,42.1,41.8,617.0,12.5,17.1,69.0,17.0,65,0.0,4.8
Pune,18.5204,73.8567,2025-12-07 08:00:00,42.6,42.4,665.0,13.8,17.8,75.0,19.1,57,0.0,4.6
Pune,18.5204,73.8567,2025-12-07 09:00:00,43.9,43.5,609.0,11.1,18.3,100.0,21.6,48,0.0,6.4
Pune,18.5204,73.8567,2025-12-07 10:00:00,46.1,45.6,502.0,6.4,18.7,135.0,24.0,43,0.0,8.0
Pune,18.5204,73.8567,2025-12-07 11:00:00,48.5,48.1,419.0,2.8,18.7,161.0,26.1,38,0.0,8.0
Pune,18.5204,73.8567,2025-12-07 12:00:00,49.0,48.5,394.0,1.5,18.1,172.0,27.8,34,0.0,8.4
Pune,18.5204,73.8567,2025-12-07 13:00:00,47.6,47.1,395.0,1.3,17.1,174.0,28.7,31,0.0,9.5
Pune,18.5204,73.8567,2025-12-07 14:00:00,45.5,44.8,400.0,2.1,16.2,172.0,29.1,30,0.0,9.9
Pune,18.5204,73.8567,2025-12-07 15:00:00,43.3,42.6,398.0,3.8,15.5,166.0,29.0,29,0.0,9.7
Pune,18.5204,73.8567,2025-12-07 16:00:00,42.0,41.2,400.0,6.4,14.8,154.0,28.4,31,0.0,10.1
Pune,18.5204,73.8567,2025-12-07 17:00:00,39.7,39.2,423.0,9.7,14.6,140.0,27.4,34,0.0,10.8
Pune,18.5204,73.8567,2025-12-07 18:00:00,43.9,43.3,482.0,13.5,14.7,124.0,26.0,36,0.0,8.2
Pune,18.5204,73.8567,2025-12-07 19:00:00,45.3,44.8,562.0,18.7,14.8,101.0,25.1,37,0.0,8.0
Pune,18.5204,73.8567,2025-12-07 20:00:00,42.5,42.1,631.0,21.7,14.6,84.0,23.9,39,0.0,5.2
Pune,18.5204,73.8567,2025-12-07 21:00:00,37.6,37.3,690.0,20.6,13.8,76.0,22.3,43,0.0,3.2
Pune,18.5204,73.8567,2025-12-07 22:00:00,33.8,33.4,739.0,17.3,12.6,74.0,21.3,47,0.0,8.1
Pune,18.5204,73.8567,2025-12-07 23:00:00,31.0,30.6,745.0,14.3,11.8,73.0,20.4,51,0.0,7.1
Pune,18.5204,73.8567,2025-12-08 00:00:00,28.2,27.6,669.0,12.2,11.6,74.0,19.7,52,0.0,6.9
Pune,18.5204,73.8567,2025-12-08 01:00:00,26.4,25.7,551.0,10.4,11.7,76.0,19.1,52,0.0,7.3
Pune,18.5204,73.8567,2025-12-08 02:00:00,25.3,24.5,468.0,9.1,12.1,77.0,18.4,54,0.0,6.7
Pune,18.5204,73.8567,2025-12-08 03:00:00,24.7,23.9,453.0,8.3,12.7,76.0,17.4,57,0.0,3.9
Pune,18.5204,73.8567,2025-12-08 04:00:00,24.7,23.7,474.0,8.1,13.5,75.0,16.5,61,0.0,3.1
Pune,18.5204,73.8567,2025-12-08 05:00:00,24.6,23.6,519.0,8.8,14.5,68.0,15.9,66,0.0,2.4
Pune,18.5204,73.8567,2025-12-08 06:00:00,26.7,25.6,619.0,12.0,15.3,64.0,15.4,68,0.0,2.5
Pune,18.5204,73.8567,2025-12-08 07:00:00,31.7,30.5,743.0,16.2,16.4,60.0,15.8,66,0.0,2.2
Pune,18.5204,73.8567,2025-12-08 08:00:00,30.5,29.6,790.0,17.8,16.7,66.0,17.9,56,0.0,2.3
Pune,18.5204,73.8567,2025-12-08 09:00:00,27.8,26.3,687.0,14.1,15.6,92.0,21.2,42,0.0,4.8
Pune,18.5204,73.8567,2025-12-08 10:00:00,30.2,28.4,508.0,7.7,13.7,128.0,24.1,35,0.0,6.9
Pune,18.5204,73.8567,2025-12-08 11:00:00,32.5,30.9,369.0,2.9,12.0,154.0,26.8,29,0.0,7.2
Pune,18.5204,73.8567,2025-12-08 12:00:00,31.2,29.9,322.0,1.2,10.6,161.0,28.7,26,0.0,7.3
Pune,18.5204,73.8567,2025-12-08 13:00:00,27.8,26.7,316.0,1.1,9.3,157.0,29.7,24,0.0,7.4
Pune,18.5204,73.8567,2025-12-08 14:00:00,25.8,24.6,318.0,2.0,8.5,151.0,30.1,23,0.0,7.8
Pune,18.5204,73.8567,2025-12-08 15:00:00,24.6,23.3,316.0,4.2,8.3,144.0,29.8,23,0.0,9.4
Pune,18.5204,73.8567,2025-12-08 16:00:00,24.4,22.9,321.0,7.3,8.6,134.0,28.9,24,0.0,11.8
Pune,18.5204,73.8567,2025-12-08 17:00:00,28.5,27.0,341.0,11.6,8.1,125.0,27.5,28,0.0,10.8
Pune,18.5204,73.8567,2025-12-08 18:00:00,30.7,29.3,391.0,12.8,8.6,116.0,25.8,32,0.0,7.3
Pune,18.5204,73.8567,2025-12-08 19:00:00,29.7,28.4,455.0,14.3,9.3,104.0,24.6,35,0.0,6.8
Pune,18.5204,73.8567,2025-12-08 20:00:00,26.9,25.9,490.0,14.9,9.6,95.0,23.1,38,0.0,11.3
Pune,18.5204,73.8567,2025-12-08 21:00:00,23.6,22.9,470.0,13.8,9.2,92.0,21.5,40,0.0,8.1
Pune,18.5204,73.8567,2025-12-08 22:00:00,21.3,20.9,421.0,11.8,8.5,92.0,20.4,42,0.0,6.6
Pune,18.5204,73.8567,2025-12-08 23:00:00,19.8,19.6,376.0,10.1,7.9,91.0,19.8,41,0.0,6.6
Pune,18.5204,73.8567,2025-12-09 00:00:00,18.0,17.9,343.0,9.1,7.5,89.0,19.2,39,0.0,8.0
Pune,18.5204,73.8567,2025-12-09 01:00:00,17.0,16.9,314.0,8.3,7.2,87.0,18.6,39,0.0,7.0
Pune,18.5204,73.8567,2025-12-09 02:00:00,16.4,16.4,301.0,7.8,7.1,84.0,17.3,44,0.0,4.6
Pune,18.5204,73.8567,2025-12-09 03:00:00,16.2,16.2,306.0,7.2,7.4,81.0,16.6,48,0.0,5.4
Pune,18.5204,73.8567,2025-12-09 04:00:00,16.8,16.7,328.0,6.9,7.9,77.0,15.3,53,0.0,4.1
Pune,18.5204,73.8567,2025-12-09 05:00:00,19.4,19.3,374.0,8.2,8.6,75.0,14.5,58,0.0,3.1
Pune,18.5204,73.8567,2025-12-09 06:00:00,22.3,22.0,481.0,11.4,9.5,70.0,13.7,62,0.0,3.6
Pune,18.5204,73.8567,2025-12-09 07:00:00,28.1,27.4,613.0,15.5,10.8,64.0,14.4,60,0.0,4.3
Pune,18.5204,73.8567,2025-12-09 08:00:00,28.4,27.7,667.0,17.1,11.8,68.0,17.0,51,0.0,4.8
Pune,18.5204,73.8567,2025-12-09 09:00:00,28.5,26.5,572.0,13.5,12.6,91.0,20.0,41,0.0,6.1
Pune,18.5204,73.8567,2025-12-09 10:00:00,32.0,28.8,399.0,7.4,13.1,123.0,23.1,33,0.0,8.9
Pune,18.5204,73.8567,2025-12-09 11:00:00,31.9,28.4,264.0,2.7,12.9,146.0,26.1,22,0.0,12.7
Pune,18.5204,73.8567,2025-12-09 12:00:00,26.5,24.1,212.0,1.2,11.4,151.0,27.9,18,0.0,14.8
Pune,18.5204,73.8567,2025-12-09 13:00:00,21.2,19.6,197.0,1.2,9.2,147.0,29.0,16,0.0,15.7
Pune,18.5204,73.8567,2025-12-09 14:00:00,16.9,15.9,197.0,1.8,7.6,142.0,29.6,15,0.0,14.6
Pune,18.5204,73.8567,2025-12-09 15:00:00,14.1,13.5,208.0,3.0,7.1,137.0,29.7,14,0.0,13.7
Pune,18.5204,73.8567,2025-12-09 16:00:00,12.5,12.1,233.0,4.9,7.1,131.0,29.2,14,0.0,12.6
Pune,18.5204,73.8567,2025-12-09 17:00:00,9.9,9.9,263.0,7.3,6.7,130.0,28.1,16,0.0,8.7
Pune,18.5204,73.8567,2025-12-09 18:00:00,12.3,12.3,299.0,8.4,7.3,121.0,25.3,20,0.0,5.7
Pune,18.5204,73.8567,2025-12-09 19:00:00,14.0,14.0,339.0,9.9,8.2,109.0,24.0,25,0.0,10.9
Pune,18.5204,73.8567,2025-12-09 20:00:00,15.6,15.5,369.0,10.8,8.9,100.0,22.6,30,0.0,11.0
Pune,18.5204,73.8567,2025-12-09 21:00:00,17.3,17.3,383.0,10.7,9.3,97.0,21.2,34,0.0,10.0
Pune,18.5204,73.8567,2025-12-09 22:00:00,19.0,18.9,386.0,10.1,9.5,97.0,20.1,37,0.0,9.1
Pune,18.5204,73.8567,2025-12-09 23:00:00,19.6,19.5,383.0,9.4,9.6,97.0,19.6,40,0.0,7.5
Pune,18.5204,73.8567,2025-12-10 00:00:00,18.7,18.6,370.0,8.5,9.6,94.0,18.3,45,0.0,6.1
Pune,18.5204,73.8567,2025-12-10 01:00:00,17.8,17.6,351.0,7.6,9.6,91.0,17.9,47,0.0,7.1
Pune,18.5204,73.8567,2025-12-10 02:00:00,17.0,16.8,340.0,6.9,9.8,88.0,17.1,50,0.0,6.4
Pune,18.5204,73.8567,2025-12-10 03:00:00,16.6,16.3,334.0,6.5,10.4,85.0,16.0,54,0.0,5.4
Pune,18.5204,73.8567,2025-12-10 04:00:00,16.5,16.1,336.0,6.5,11.1,81.0,14.9,58,0.0,4.5
Pune,18.5204,73.8567,2025-12-10 05:00:00,18.2,17.8,373.0,7.6,11.6,77.0,14.3,62,0.0,3.6
Pune,18.5204,73.8567,2025-12-10 06:00:00,19.8,19.2,494.0,10.3,12.5,73.0,13.6,65,0.0,3.8
Pune,18.5204,73.8567,2025-12-10 07:00:00,24.2,23.2,649.0,13.9,13.6,69.0,14.0,64,0.0,3.4
Pune,18.5204,73.8567,2025-12-10 08:00:00,22.1,21.3,715.0,15.2,14.4,73.0,16.7,52,0.0,3.7
Pune,18.5204,73.8567,2025-12-10 09:00:00,19.7,18.5,607.0,12.1,14.6,93.0,20.0,40,0.0,5.6
Pune,18.5204,73.8567,2025-12-10 10:00:00,18.9,17.4,411.0,6.8,14.4,120.0,23.2,31,0.0,8.4
Pune,18.5204,73.8567,2025-12-10 11:00:00,17.8,16.4,258.0,2.7,13.7,140.0,26.2,23,0.0,13.3
Pune,18.5204,73.8567,2025-12-10 12:00:00,15.0,14.0,202.0,1.3,12.0,145.0,27.9,17,0.0,14.9
Pune,18.5204,73.8567,2025-12-10 13:00:00,12.7,12.0,188.0,1.1,9.7,142.0,28.9,15,0.0,14.7
Pune,18.5204,73.8567,2025-12-10 14:00:00,11.5,11.0,191.0,1.7,8.1,138.0,29.3,14,0.0,13.4
Pune,18.5204,73.8567,2025-12-10 15:00:00,10.9,10.5,204.0,3.1,7.6,134.0,29.2,15,0.0,11.6
Pune,18.5204,73.8567,2025-12-10 16:00:00,10.9,10.5,233.0,5.2,7.8,128.0,28.7,16,0.0,11.5
Pune,18.5204,73.8567,2025-12-10 17:00:00,9.7,9.7,266.0,7.1,8.0,125.0,27.5,18,0.0,10.2
Pune,18.5204,73.8567,2025-12-10 18:00:00,12.2,12.2,303.0,8.7,8.2,116.0,25.2,22,0.0,11.5
Pune,18.5204,73.8567,2025-12-10 19:00:00,13.6,13.6,344.0,10.8,8.6,104.0,23.7,25,0.0,10.8
Pune,18.5204,73.8567,2025-12-10 20:00:00,14.3,14.3,377.0,12.3,8.8,94.0,21.9,29,0.0,7.0
Pune,18.5204,73.8567,2025-12-10 21:00:00,15.0,15.0,400.0,12.6,8.9,89.0,20.5,32,0.0,5.3
Pune,18.5204,73.8567,2025-12-10 22:00:00,16.2,16.2,414.0,12.3,8.9,88.0,19.6,34,0.0,4.9
Pune,18.5204,73.8567,2025-12-10 23:00:00,17.0,17.0,418.0,11.8,8.8,86.0,18.8,37,0.0,5.3
Pune,18.5204,73.8567,2025-12-11 00:00:00,16.6,16.6,400.0,11.2,8.6,84.0,17.7,41,0.0,5.3
Pune,18.5204,73.8567,2025-12-11 01:00:00,16.4,16.4,370.0,10.4,8.4,83.0,16.5,46,0.0,3.6
Pune,18.5204,73.8567,2025-12-11 02:00:00,16.4,16.3,359.0,9.8,8.4,82.0,15.9,48,0.0,1.5
Pune,18.5204,73.8567,2025-12-11 03:00:00,16.8,16.8,369.0,9.4,8.8,81.0,15.2,51,0.0,1.4
Pune,18.5204,73.8567,2025-12-11 04:00:00,17.7,17.6,398.0,9.2,9.3,79.0,14.1,55,0.0,2.8
Pune,18.5204,73.8567,2025-12-11 05:00:00,21.3,21.2,462.0,10.9,9.7,82.0,13.7,62,0.0,0.7
Pune,18.5204,73.8567,2025-12-11 06:00:00,23.6,23.6,620.0,14.7,10.4,78.0,13.0,63,0.0,1.1
Pune,18.5204,73.8567,2025-12-11 07:00:00,28.6,28.6,813.0,19.8,11.5,74.0,13.5,61,0.0,0.9
Pune,18.5204,73.8567,2025-12-11 08:00:00,26.8,26.7,888.0,21.5,12.3,77.0,16.3,49,0.0,2.1
Pune,18.5204,73.8567,2025-12-11 09:00:00,17.3,17.2,732.0,16.7,12.9,96.0,19.9,37,0.0,3.1
Pune,18.5204,73.8567,2025-12-11 10:00:00,14.8,14.7,458.0,8.6,13.3,124.0,23.2,29,0.0,6.8
Pune,18.5204,73.8567,2025-12-11 11:00:00,12.1,12.0,249.0,2.5,13.0,144.0,25.7,22,0.0,9.3
Pune,18.5204,73.8567,2025-12-11 12:00:00,10.7,10.7,184.0,0.6,11.5,150.0,27.4,17,0.0,10.0
Pune,18.5204,73.8567,2025-12-11 13:00:00,9.8,9.7,186.0,0.8,9.4,148.0,28.3,15,0.0,10.1
Pune,18.5204,73.8567,2025-12-11 14:00:00,9.3,9.1,203.0,1.9,7.8,144.0,28.6,14,0.0,10.0
Pune,18.5204,73.8567,2025-12-11 15:00:00,9.1,8.6,210.0,3.6,7.1,138.0,28.5,13,0.0,9.2
Pune,18.5204,73.8567,2025-12-11 16:00:00,9.1,8.5,233.0,6.2,7.0,130.0,27.9,14,0.0,9.1
Pune,18.5204,73.8567,2025-12-11 17:00:00,13.5,13.5,299.0,9.0,7.2,123.0,26.6,16,0.0,8.0
Pune,18.5204,73.8567,2025-12-11 18:00:00,18.7,18.7,455.0,12.6,7.7,111.0,23.9,22,0.0,4.3
Pune,18.5204,73.8567,2025-12-11 19:00:00,20.9,20.9,655.0,17.5,8.5,94.0,23.0,26,0.0,1.2
Pune,18.5204,73.8567,2025-12-11 20:00:00,21.2,21.1,783.0,20.6,9.1,81.0,21.6,27,0.0,3.0
Pune,18.5204,73.8567,2025-12-11 21:00:00,20.8,20.6,781.0,20.3,9.4,76.0,20.5,29,0.0,6.7
Pune,18.5204,73.8567,2025-12-11 22:00:00,21.2,21.0,708.0,18.3,9.5,75.0,18.8,36,0.0,5.8
Pune,18.5204,73.8567,2025-12-11 23:00:00,21.7,21.4,628.0,16.3,9.5,75.0,17.3,43,0.0,3.8
Pune,18.5204,73.8567,2025-12-12 00:00:00,21.1,20.8,554.0,14.9,9.3,74.0,16.3,45,0.0,3.8
Pune,18.5204,73.8567,2025-12-12 01:00:00,21.1,20.7,474.0,13.6,8.9,73.0,15.8,46,0.0,3.2
Pune,18.5204,73.8567,2025-12-12 02:00:00,21.2,20.9,413.0,12.6,8.8,73.0,15.3,48,0.0,2.7
Pune,18.5204,73.8567,2025-12-12 03:00:00,21.9,21.5,367.0,11.6,8.9,73.0,15.0,49,0.0,1.6
Pune,18.5204,73.8567,2025-12-12 04:00:00,22.6,22.2,340.0,10.9,9.1,73.0,14.4,52,0.0,1.5
Pune,18.5204,73.8567,2025-12-12 05:00:00,23.5,23.2,373.0,10.8,10.8,71.0,13.7,57,0.0,1.3
Pune,18.5204,73.8567,2025-12-12 06:00:00,26.0,25.8,539.0,14.3,12.5,68.0,13.0,59,0.0,1.3
Pune,18.5204,73.8567,2025-12-12 07:00:00,31.5,31.4,765.0,18.8,14.9,65.0,13.3,58,0.0,1.1
Pune,18.5204,73.8567,2025-12-12 08:00:00,30.4,30.3,872.0,20.3,16.5,70.0,16.1,47,0.0,1.9
Pune,18.5204,73.8567,2025-12-12 09:00:00,21.1,21.1,743.0,15.9,16.9,91.0,19.7,37,0.0,3.6
Pune,18.5204,73.8567,2025-12-12 10:00:00,16.7,16.5,495.0,8.5,16.6,119.0,22.9,30,0.0,6.4
Pune,18.5204,73.8567,2025-12-12 11:00:00,14.8,14.4,302.0,2.9,15.9,141.0,25.4,24,0.0,8.2
Pune,18.5204,73.8567,2025-12-12 12:00:00,14.0,13.6,235.0,1.1,14.5,149.0,27.4,19,0.0,9.6
Pune,18.5204,73.8567,2025-12-12 13:00:00,13.7,13.4,224.0,1.2,12.7,151.0,28.4,17,0.0,9.6
Pune,18.5204,73.8567,2025-12-12 14:00:00,13.9,13.5,230.0,2.1,11.4,149.0,28.7,16,0.0,8.5
Pune,18.5204,73.8567,2025-12-12 15:00:00,14.1,13.8,226.0,3.6,11.0,146.0,28.6,16,0.0,7.9
Pune,18.5204,73.8567,2025-12-12 16:00:00,14.3,13.9,240.0,5.9,11.1,139.0,28.1,17,0.0,8.0
Pune,18.5204,73.8567,2025-12-12 17:00:00,25.4,24.5,317.0,10.8,11.1,138.0,26.9,19,0.0,8.1
Pune,18.5204,73.8567,2025-12-12 18:00:00,31.2,30.5,528.0,16.2,12.2,122.0,24.4,25,0.0,4.6
Pune,18.5204,73.8567,2025-12-12 19:00:00,33.9,33.2,802.0,23.5,13.6,101.0,23.4,31,0.0,0.7
Pune,18.5204,73.8567,2025-12-12 20:00:00,33.5,33.1,973.0,27.8,14.3,84.0,22.3,37,0.0,0.8
Pune,18.5204,73.8567,2025-12-12 21:00:00,30.7,30.3,954.0,26.4,13.5,76.0,20.9,36,0.0,4.6
Pune,18.5204,73.8567,2025-12-12 22:00:00,27.9,27.6,833.0,22.0,12.0,73.0,19.6,42,0.0,4.7
Pune,18.5204,73.8567,2025-12-12 23:00:00,26.0,25.7,706.0,18.0,10.6,72.0,18.3,47,0.0,3.8
Pune,18.5204,73.8567,2025-12-13 00:00:00,23.9,23.7,592.0,15.6,9.6,71.0,17.4,46,0.0,3.9
Pune,18.5204,73.8567,2025-12-13 01:00:00,22.9,22.7,473.0,13.6,8.8,72.0,16.9,44,0.0,4.7
Pune,18.5204,73.8567,2025-12-13 02:00:00,22.4,22.2,385.0,12.1,8.4,73.0,16.2,46,0.0,4.6
Pune,18.5204,73.8567,2025-12-13 03:00:00,22.2,22.1,333.0,10.9,8.5,73.0,15.5,49,0.0,4.3
Pune,18.5204,73.8567,2025-12-13 04:00:00,22.9,22.8,312.0,10.1,9.1,74.0,14.9,53,0.0,3.9
Pune,18.5204,73.8567,2025-12-13 05:00:00,23.9,23.8,354.0,10.4,11.1,72.0,14.1,56,0.0,2.8
Pune,18.5204,73.8567,2025-12-13 06:00:00,26.4,26.4,528.0,13.9,12.8,69.0,13.3,61,0.0,2.4
Pune,18.5204,73.8567,2025-12-13 07:00:00,31.9,31.9,764.0,18.4,15.1,66.0,13.6,62,0.0,1.8
Pune,18.5204,73.8567,2025-12-13 08:00:00,30.5,30.5,880.0,20.0,16.0,72.0,16.2,52,0.0,2.7
Pune,18.5204,73.8567,2025-12-13 09:00:00,22.7,22.7,756.0,15.6,14.3,97.0,19.8,41,0.0,4.5
Pune,18.5204,73.8567,2025-12-13 10:00:00,19.2,19.1,512.0,8.3,11.4,130.0,23.3,32,0.0,6.0
Pune,18.5204,73.8567,2025-12-13 11:00:00,16.6,16.4,323.0,2.8,8.9,155.0,26.1,26,0.0,7.1
Pune,18.5204,73.8567,2025-12-13 12:00:00,15.7,15.2,261.0,1.1,7.6,162.0,28.1,21,0.0,8.3
Pune,18.5204,73.8567,2025-12-13 13:00:00,15.3,14.4,254.0,1.2,6.9,159.0,29.1,19,0.0,8.0
Pune,18.5204,73.8567,2025-12-13 14:00:00,14.8,13.7,263.0,2.2,6.5,154.0,29.5,18,0.0,7.7
Pune,18.5204,73.8567,2025-12-13 15:00:00,14.6,13.4,268.0,3.8,6.4,148.0,29.5,18,0.0,7.8
Pune,18.5204,73.8567,2025-12-13 16:00:00,14.8,13.6,288.0,6.3,6.8,140.0,28.8,19,0.0,9.0
Pune,18.5204,73.8567,2025-12-13 17:00:00,28.5,26.2,344.0,12.0,7.1,141.0,27.5,22,0.0,9.4
Pune,18.5204,73.8567,2025-12-13 18:00:00,35.5,33.1,473.0,17.4,8.8,125.0,25.2,28,0.0,9.6
Pune,18.5204,73.8567,2025-12-13 19:00:00,39.2,36.9,637.0,24.5,11.1,102.0,23.5,32,0.0,4.7
Pune,18.5204,73.8567,2025-12-13 20:00:00,40.3,38.2,742.0,28.4,12.7,86.0,22.8,36,0.0,0.9
Pune,18.5204,73.8567,2025-12-13 21:00:00,38.6,36.9,742.0,25.8,12.9,82.0,21.6,37,0.0,4.8
Pune,18.5204,73.8567,2025-12-13 22:00:00,36.0,34.8,684.0,19.9,12.3,84.0,20.6,40,0.0,7.6
Pune,18.5204,73.8567,2025-12-13 23:00:00,33.3,32.5,613.0,14.8,11.7,86.0,19.5,44,0.0,6.2
Pune,18.5204,73.8567,2025-12-14 00:00:00,30.7,30.0,531.0,12.0,11.0,86.0,18.2,49,0.0,4.9
Pune,18.5204,73.8567,2025-12-14 01:00:00,29.4,28.8,435.0,10.1,10.1,85.0,17.4,51,0.0,4.9
Pune,18.5204,73.8567,2025-12-14 02:00:00,28.6,28.1,366.0,8.8,9.8,85.0,17.0,52,0.0,4.8
Pune,18.5204,73.8567,2025-12-14 03:00:00,28.3,27.7,335.0,7.9,10.4,85.0,16.4,54,0.0,4.8
Pune,18.5204,73.8567,2025-12-14 04:00:00,28.6,28.1,331.0,7.5,11.5,85.0,15.9,56,0.0,4.9
Pune,18.5204,73.8567,2025-12-14 05:00:00,28.6,28.1,358.0,7.8,12.6,83.0,15.2,60,0.0,5.2
Pune,18.5204,73.8567,2025-12-14 06:00:00,30.5,30.0,452.0,10.7,14.0,79.0,15.3,58,0.0,5.6
Pune,18.5204,73.8567,2025-12-14 07:00:00,34.9,34.5,578.0,14.5,15.8,74.0,15.5,57,0.0,5.7
Pune,18.5204,73.8567,2025-12-14 08:00:00,32.2,32.0,635.0,15.9,16.5,78.0,17.9,49,0.0,6.4
Pune,18.5204,73.8567,2025-12-14 09:00:00,27.3,27.1,554.0,12.5,15.0,102.0,21.3,39,0.0,7.7
Pune,18.5204,73.8567,2025-12-14 10:00:00,23.3,23.2,405.0,6.7,12.3,135.0,24.2,33,0.0,10.2
Pune,18.5204,73.8567,2025-12-14 11:00:00,20.4,20.0,290.0,2.3,10.0,158.0,26.3,26,0.0,13.9
Pune,18.5204,73.8567,2025-12-14 12:00:00,18.6,17.7,253.0,1.0,8.5,162.0,27.7,22,0.0,13.3
Pune,18.5204,73.8567,2025-12-14 13:00:00,17.3,16.1,250.0,1.1,7.2,157.0,28.6,20,0.0,11.9
Pune,18.5204,73.8567,2025-12-14 14:00:00,16.5,15.2,258.0,1.9,6.4,150.0,29.1,19,0.0,9.8
Pune,18.5204,73.8567,2025-12-14 15:00:00,16.1,14.7,253.0,2.9,6.0,146.0,29.0,19,0.0,9.1
Pune,18.5204,73.8567,2025-12-14 16:00:00,16.1,14.6,259.0,4.6,6.0,141.0,28.3,20,0.0,8.6
Pune,18.5204,73.8567,2025-12-14 17:00:00,27.6,26.1,320.0,9.0,6.3,142.0,27.1,23,0.0,7.1
Pune,18.5204,73.8567,2025-12-14 18:00:00,31.0,29.4,486.0,12.9,7.4,128.0,24.9,28,0.0,5.2
Pune,18.5204,73.8567,2025-12-14 19:00:00,31.8,30.4,708.0,18.1,8.8,108.0,23.4,33,0.0,2.1
Pune,18.5204,73.8567,2025-12-14 20:00:00,30.5,29.0,878.0,21.1,10.0,93.0,22.6,37,0.0,0.3
Pune,18.5204,73.8567,2025-12-14 21:00:00,27.6,26.4,971.0,20.0,10.6,86.0,21.5,37,0.0,5.4
Pune,18.5204,73.8567,2025-12-14 22:00:00,26.0,24.8,1014.0,16.8,10.8,84.0,20.3,42,0.0,5.6
Pune,18.5204,73.8567,2025-12-14 23:00:00,24.6,23.5,978.0,13.8,10.8,84.0,19.1,46,0.0,5.6
Pune,18.5204,73.8567,2025-12-15 00:00:00,22.8,21.5,805.0,11.6,10.3,85.0,17.8,49,0.0,4.6
Pune,18.5204,73.8567,2025-12-15 01:00:00,21.8,20.4,554.0,9.5,9.5,89.0,17.0,51,0.0,4.4
Pune,18.5204,73.8567,2025-12-15 02:00:00,21.2,19.6,370.0,8.0,8.9,91.0,16.5,51,0.0,4.6
Pune,18.5204,73.8567,2025-12-15 03:00:00,21.0,19.2,312.0,6.9,8.6,92.0,15.8,53,0.0,4.1
Pune,18.5204,73.8567,2025-12-15 04:00:00,20.9,19.2,321.0,6.3,8.4,92.0,15.1,55,0.0,4.1
Pune,18.5204,73.8567,2025-12-15 05:00:00,21.2,19.3,365.0,7.1,8.6,92.0,15.1,55,0.0,5.1
Pune,18.5204,73.8567,2025-12-15 06:00:00,23.2,21.4,473.0,10.5,9.1,87.0,14.6,55,0.0,5.2
Pune,18.5204,73.8567,2025-12-15 07:00:00,27.9,26.2,616.0,15.0,9.9,82.0,14.9,54,0.0,4.7
Pune,18.5204,73.8567,2025-12-15 08:00:00,26.5,25.3,681.0,16.8,11.0,84.0,17.6,46,0.0,5.6
Pune,18.5204,73.8567,2025-12-15 09:00:00,22.9,21.7,591.0,13.3,12.8,103.0,20.7,38,0.0,6.5
Pune,18.5204,73.8567,2025-12-15 10:00:00,21.1,19.6,423.0,7.1,14.9,129.0,23.5,33,0.0,9.5
Pune,18.5204,73.8567,2025-12-15 11:00:00,17.9,15.8,296.0,2.4,16.0,149.0,25.8,26,0.0,14.3
Pune,18.5204,73.8567,2025-12-15 12:00:00,16.6,14.5,261.0,1.0,15.2,155.0,27.1,23,0.0,14.1
Pune,18.5204,73.8567,2025-12-15 13:00:00,16.2,13.9,266.0,1.2,13.3,153.0,28.1,21,0.0,12.6
Pune,18.5204,73.8567,2025-12-15 14:00:00,16.1,13.7,281.0,1.9,11.9,150.0,28.5,20,0.0,10.7
Pune,18.5204,73.8567,2025-12-15 15:00:00,16.1,13.8,292.0,2.7,11.4,148.0,28.3,21,0.0,8.9
Pune,18.5204,73.8567,2025-12-15 16:00:00,16.1,13.9,313.0,3.9,11.3,144.0,27.7,23,0.0,8.0
Pune,18.5204,73.8567,2025-12-15 17:00:00,27.8,24.1,349.0,6.5,10.8,139.0,26.8,24,0.0,8.0
Pune,18.5204,73.8567,2025-12-15 18:00:00,30.0,26.5,416.0,9.8,11.1,125.0,24.7,28,0.0,5.8
Pune,18.5204,73.8567,2025-12-15 19:00:00,31.4,28.0,499.0,14.1,11.5,107.0,23.8,31,0.0,7.8
Pune,18.5204,73.8567,2025-12-15 20:00:00,30.7,27.4,561.0,16.6,11.8,93.0,22.1,34,0.0,5.6
Pune,18.5204,73.8567,2025-12-15 21:00:00,28.2,25.4,591.0,15.4,11.7,89.0,20.5,39,0.0,6.7
Pune,18.5204,73.8567,2025-12-15 22:00:00,26.7,24.3,601.0,12.2,11.4,90.0,19.4,43,0.0,8.1
Pune,18.5204,73.8567,2025-12-15 23:00:00,26.1,23.9,588.0,9.5,11.5,92.0,19.0,45,0.0,10.3
Pune,18.5204,73.8567,2025-12-16 00:00:00,25.6,23.3,539.0,7.9,12.3,93.0,18.1,49,0.0,10.3
Pune,18.5204,73.8567,2025-12-16 01:00:00,25.6,23.3,467.0,6.7,13.4,95.0,17.5,52,0.0,11.5
Pune,18.5204,73.8567,2025-12-16 02:00:00,25.6,23.5,412.0,6.0,14.5,95.0,17.1,53,0.0,11.6
Pune,18.5204,73.8567,2025-12-16 03:00:00,25.8,23.7,384.0,5.6,15.6,92.0,16.7,54,0.0,10.7
Pune,18.5204,73.8567,2025-12-16 04:00:00,25.8,23.8,372.0,5.6,16.7,88.0,16.3,56,0.0,9.9
Pune,18.5204,73.8567,2025-12-16 05:00:00,25.8,23.9,391.0,6.2,17.4,86.0,15.7,59,0.0,6.6
Pune,18.5204,73.8567,2025-12-16 06:00:00,27.4,25.6,471.0,9.0,17.3,81.0,14.7,64,0.0,6.6
Pune,18.5204,73.8567,2025-12-16 07:00:00,31.9,30.3,580.0,12.8,17.2,75.0,14.2,66,0.0,7.6
Pune,18.5204,73.8567,2025-12-16 08:00:00,30.6,29.4,637.0,14.3,17.0,80.0,16.4,59,0.0,6.6
Pune,18.5204,73.8567,2025-12-16 09:00:00,32.6,31.1,590.0,11.4,16.9,108.0,19.5,50,0.0,9.4
Pune,18.5204,73.8567,2025-12-16 10:00:00,38.1,36.2,491.0,6.2,16.7,147.0,22.5,44,0.0,12.8
Pune,18.5204,73.8567,2025-12-16 11:00:00,38.5,36.6,411.0,2.4,16.0,175.0,24.9,39,0.0,14.8
Pune,18.5204,73.8567,2025-12-16 12:00:00,36.8,34.3,377.0,1.2,14.5,181.0,26.8,33,0.0,15.1
Pune,18.5204,73.8567,2025-12-16 13:00:00,34.7,31.9,363.0,1.3,12.5,176.0,28.1,29,0.0,14.5
Pune,18.5204,73.8567,2025-12-16 14:00:00,32.1,29.3,362.0,2.1,10.9,169.0,28.8,26,0.0,12.8
Pune,18.5204,73.8567,2025-12-16 15:00:00,30.6,28.0,371.0,3.3,9.9,164.0,28.8,25,0.0,11.9
Pune,18.5204,73.8567,2025-12-16 16:00:00,29.6,27.3,392.0,5.2,9.3,157.0,28.3,25,0.0,11.8
Pune,18.5204,73.8567,2025-12-16 17:00:00,38.0,36.2,425.0,8.5,9.4,147.0,27.0,28,0.0,7.3
Pune,18.5204,73.8567,2025-12-16 18:00:00,44.0,42.3,476.0,13.2,10.1,132.0,24.6,33,0.0,4.7
Pune,18.5204,73.8567,2025-12-16 19:00:00,46.4,44.7,540.0,19.6,11.1,110.0,23.5,37,0.0,5.0
Pune,18.5204,73.8567,2025-12-16 20:00:00,47.5,45.9,595.0,23.5,11.7,93.0,22.3,40,0.0,4.7
Pune,18.5204,73.8567,2025-12-16 21:00:00,47.6,46.0,642.0,22.9,11.3,85.0,21.4,43,0.0,4.4
Pune,18.5204,73.8567,2025-12-16 22:00:00,46.8,45.1,680.0,19.9,10.5,81.0,20.7,45,0.0,2.8
Pune,18.5204,73.8567,2025-12-16 23:00:00,44.5,42.6,692.0,16.7,10.4,79.0,20.0,48,0.0,3.5
Pune,18.5204,73.8567,2025-12-17 00:00:00,41.9,40.0,656.0,13.6,11.6,79.0,18.9,52,0.0,10.9
Pune,18.5204,73.8567,2025-12-17 01:00:00,41.2,39.2,593.0,10.4,13.4,80.0,17.2,59,0.0,8.5
Pune,18.5204,73.8567,2025-12-17 02:00:00,41.7,39.6,547.0,8.0,15.0,81.0,16.5,62,0.0,6.0
Pune,18.5204,73.8567,2025-12-17 03:00:00,42.5,40.4,526.0,6.9,16.2,80.0,16.2,64,0.0,7.1
Pune,18.5204,73.8567,2025-12-17 04:00:00,43.7,41.3,523.0,6.6,17.3,77.0,16.1,65,0.0,6.7
Pune,18.5204,73.8567,2025-12-17 05:00:00,42.7,40.6,553.0,7.7,16.4,74.0,15.6,67,0.0,4.1
Pune,18.5204,73.8567,2025-12-17 06:00:00,44.5,42.4,662.0,11.1,16.5,69.0,15.1,70,0.0,4.2
Pune,18.5204,73.8567,2025-12-17 07:00:00,49.5,47.3,804.0,15.5,16.7,64.0,15.2,71,0.0,4.5
Pune,18.5204,73.8567,2025-12-17 08:00:00,48.8,47.1,867.0,17.3,16.4,69.0,17.3,62,0.0,3.3
Pune,18.5204,73.8567,2025-12-17 09:00:00,48.1,45.8,772.0,13.7,15.4,94.0,20.6,51,0.0,4.9
Pune,18.5204,73.8567,2025-12-17 10:00:00,48.5,45.9,597.0,7.5,14.0,129.0,23.8,44,0.0,7.5
Pune,18.5204,73.8567,2025-12-17 11:00:00,46.1,43.4,459.0,2.8,12.7,156.0,26.6,39,0.0,8.1
Pune,18.5204,73.8567,2025-12-17 12:00:00,43.7,41.2,406.0,1.4,11.4,166.0,28.6,33,0.0,8.7
Pune,18.5204,73.8567,2025-12-17 13:00:00,40.3,38.2,391.0,1.5,10.2,166.0,29.6,30,0.0,8.5
Pune,18.5204,73.8567,2025-12-17 14:00:00,38.2,36.2,388.0,2.3,9.3,164.0,30.1,28,0.0,8.6
Pune,18.5204,73.8567,2025-12-17 15:00:00,36.8,34.8,383.0,3.5,9.0,160.0,30.1,28,0.0,9.1
Pune,18.5204,73.8567,2025-12-17 16:00:00,35.9,33.9,391.0,5.3,9.0,154.0,29.5,27,0.0,10.3
Pune,18.5204,73.8567,2025-12-17 17:00:00,47.8,44.9,433.0,8.3,9.0,141.0,28.3,28,0.0,10.3
Pune,18.5204,73.8567,2025-12-17 18:00:00,51.9,48.8,549.0,11.4,9.8,128.0,26.2,33,0.0,6.6
Pune,18.5204,73.8567,2025-12-17 19:00:00,53.6,50.4,699.0,15.6,10.9,110.0,24.3,38,0.0,3.4
Pune,18.5204,73.8567,2025-12-17 20:00:00,52.3,49.1,791.0,18.0,11.7,96.0,23.0,41,0.0,3.4
Pune,18.5204,73.8567,2025-12-17 21:00:00,48.8,46.0,771.0,16.9,11.9,90.0,22.0,43,0.0,8.4
Pune,18.5204,73.8567,2025-12-17 22:00:00,46.1,43.7,693.0,14.1,11.7,89.0,20.5,49,0.0,8.2
Pune,18.5204,73.8567,2025-12-17 23:00:00,44.8,42.5,622.0,11.6,11.6,88.0,19.7,52,0.0,6.5
Pune,18.5204,73.8567,2025-12-18 00:00:00,43.7,41.3,577.0,10.3,11.6,86.0,19.0,54,0.0,6.7
Pune,18.5204,73.8567,2025-12-18 01:00:00,43.3,40.9,540.0,9.5,11.6,85.0,18.2,56,0.0,6.0
Pune,18.5204,73.8567,2025-12-18 02:00:00,43.4,41.0,524.0,8.9,12.1,84.0,17.2,61,0.0,4.2
Pune,18.5204,73.8567,2025-12-18 03:00:00,43.9,41.6,525.0,8.2,13.3,83.0,16.2,65,0.0,3.8
Pune,18.5204,73.8567,2025-12-18 04:00:00,44.8,42.4,547.0,7.7,14.9,83.0,15.7,67,0.0,1.9
Pune,18.5204,73.8567,2025-12-18 05:00:00,44.9,42.4,609.0,8.4,15.1,82.0,15.4,69,0.0,1.6
Pune,18.5204,73.8567,2025-12-18 06:00:00,47.7,44.9,771.0,12.4,16.6,78.0,14.7,73,0.0,1.5
Pune,18.5204,73.8567,2025-12-18 07:00:00,53.9,51.0,974.0,17.7,18.6,74.0,14.6,73,0.0,1.3
Pune,18.5204,73.8567,2025-12-18 08:00:00,53.6,51.1,1057.0,19.8,20.2,77.0,17.0,62,0.0,2.4
Pune,18.5204,73.8567,2025-12-18 09:00:00,48.5,45.2,909.0,15.7,21.3,96.0,20.2,51,0.0,3.6
Pune,18.5204,73.8567,2025-12-18 10:00:00,45.5,41.7,641.0,8.5,22.0,123.0,23.3,42,0.0,6.8
Pune,18.5204,73.8567,2025-12-18 11:00:00,38.3,34.7,428.0,3.0,21.3,142.0,26.2,31,0.0,9.3
Pune,18.5204,73.8567,2025-12-18 12:00:00,31.2,27.9,338.0,1.2,18.2,145.0,28.6,21,0.0,10.7
Pune,18.5204,73.8567,2025-12-18 13:00:00,25.1,22.5,303.0,1.2,13.8,139.0,29.9,16,0.0,11.0
Pune,18.5204,73.8567,2025-12-18 14:00:00,20.6,18.7,288.0,1.9,10.2,132.0,30.6,14,0.0,10.9
Pune,18.5204,73.8567,2025-12-18 15:00:00,17.5,16.1,280.0,3.1,8.3,125.0,30.6,13,0.0,11.3
Pune,18.5204,73.8567,2025-12-18 16:00:00,15.4,14.5,292.0,5.0,7.3,117.0,30.0,13,0.0,11.5
Pune,18.5204,73.8567,2025-12-18 17:00:00,21.3,20.3,336.0,7.4,7.4,117.0,28.6,14,0.0,8.3
Pune,18.5204,73.8567,2025-12-18 18:00:00,23.6,22.7,441.0,10.4,7.7,106.0,25.7,19,0.0,4.7
Pune,18.5204,73.8567,2025-12-18 19:00:00,25.1,24.3,578.0,14.5,8.0,91.0,24.5,21,0.0,5.2
Pune,18.5204,73.8567,2025-12-18 20:00:00,25.7,24.9,663.0,17.2,8.3,80.0,23.1,24,0.0,6.8
Pune,18.5204,73.8567,2025-12-18 21:00:00,26.0,25.2,654.0,17.3,8.5,76.0,21.1,27,0.0,4.6
Pune,18.5204,73.8567,2025-12-18 22:00:00,27.3,26.5,593.0,15.9,8.7,76.0,20.1,28,0.0,4.9
Pune,18.5204,73.8567,2025-12-18 23:00:00,28.7,27.8,530.0,14.4,8.7,76.0,18.6,37,0.0,5.1
Pune,18.5204,73.8567,2025-12-19 00:00:00,28.9,28.0,471.0,13.0,8.5,76.0,17.5,42,0.0,5.4
Pune,18.5204,73.8567,2025-12-19 01:00:00,29.3,28.3,410.0,11.5,8.3,78.0,16.6,47,0.0,4.9
Pune,18.5204,73.8567,2025-12-19 02:00:00,29.5,28.5,370.0,10.2,8.2,79.0,15.5,53,0.0,4.1
Pune,18.5204,73.8567,2025-12-19 03:00:00,29.9,28.8,356.0,8.9,8.4,81.0,14.8,56,0.0,4.2
Pune,18.5204,73.8567,2025-12-19 04:00:00,30.4,29.3,365.0,7.8,8.7,83.0,14.5,59,0.0,4.9
Pune,18.5204,73.8567,2025-12-19 05:00:00,35.5,34.2,406.0,12.7,9.9,73.0,14.1,60,0.0,3.5
Pune,18.5204,73.8567,2025-12-19 06:00:00,36.9,35.6,523.0,16.6,10.7,72.0,13.3,64,0.0,4.6
Pune,18.5204,73.8567,2025-12-19 07:00:00,40.9,39.7,674.0,21.6,11.8,72.0,13.8,64,0.0,4.6
Pune,18.5204,73.8567,2025-12-19 08:00:00,40.9,39.9,740.0,23.2,12.4,78.0,16.6,54,0.0,6.0
Pune,18.5204,73.8567,2025-12-19 09:00:00,33.5,32.6,641.0,17.8,12.3,97.0,19.8,44,0.0,6.2
Pune,18.5204,73.8567,2025-12-19 10:00:00,29.2,28.3,457.0,8.9,11.8,122.0,22.9,36,0.0,8.2
Pune,18.5204,73.8567,2025-12-19 11:00:00,21.2,20.7,312.0,2.3,10.9,139.0,25.7,26,0.0,10.5
Pune,18.5204,73.8567,2025-12-19 12:00:00,15.6,15.4,254.0,0.4,9.5,141.0,27.8,19,0.0,12.0
Pune,18.5204,73.8567,2025-12-19 13:00:00,12.0,11.8,234.0,0.7,7.8,135.0,29.1,17,0.0,11.9
Pune,18.5204,73.8567,2025-12-19 14:00:00,9.7,9.6,229.0,1.7,6.5,128.0,29.6,17,0.0,11.8
Pune,18.5204,73.8567,2025-12-19 15:00:00,8.4,8.3,229.0,2.7,6.0,124.0,29.5,17,0.0,11.8
Pune,18.5204,73.8567,2025-12-19 16:00:00,7.9,7.8,245.0,4.4,5.9,119.0,29.1,17,0.0,11.3
Pune,18.5204,73.8567,2025-12-19 17:00:00,8.5,8.5,286.0,6.5,6.3,109.0,28.2,17,0.0,8.7
Pune,18.5204,73.8567,2025-12-19 18:00:00,11.7,11.7,381.0,10.1,6.9,99.0,26.0,20,0.0,7.5
Pune,18.5204,73.8567,2025-12-19 19:00:00,14.3,14.3,502.0,14.9,7.8,86.0,23.9,26,0.0,8.6
Pune,18.5204,73.8567,2025-12-19 20:00:00,15.6,15.6,576.0,18.2,8.4,76.0,22.1,30,0.0,6.1
Pune,18.5204,73.8567,2025-12-19 21:00:00,16.3,16.3,558.0,18.4,8.6,72.0,21.0,32,0.0,5.9
Pune,18.5204,73.8567,2025-12-19 22:00:00,17.4,17.4,494.0,17.0,8.6,71.0,19.8,32,0.0,4.8
Pune,18.5204,73.8567,2025-12-19 23:00:00,17.7,17.7,447.0,15.5,8.5,70.0,18.4,36,0.0,4.4
Pune,18.5204,73.8567,2025-12-20 00:00:00,17.1,17.1,444.0,14.3,8.3,68.0,17.1,39,0.0,4.7
Pune,18.5204,73.8567,2025-12-20 01:00:00,16.9,16.9,458.0,12.9,8.1,66.0,16.2,43,0.0,4.2
Pune,18.5204,73.8567,2025-12-20 02:00:00,16.9,16.9,473.0,12.0,8.0,65.0,15.4,46,0.0,3.5
Pune,18.5204,73.8567,2025-12-20 03:00:00,17.2,17.2,473.0,11.3,8.2,65.0,14.9,49,0.0,1.4
Pune,18.5204,73.8567,2025-12-20 04:00:00,17.5,17.5,473.0,10.9,8.5,64.0,14.4,51,0.0,1.0
Pune,18.5204,73.8567,2025-12-20 05:00:00,19.0,19.0,502.0,12.7,9.8,67.0,13.9,56,0.0,1.2
Pune,18.5204,73.8567,2025-12-20 06:00:00,21.7,21.7,608.0,18.9,11.2,61.0,13.3,59,0.0,1.3
Pune,18.5204,73.8567,2025-12-20 07:00:00,28.4,28.4,743.0,27.0,13.1,53.0,13.6,58,0.0,1.8
Pune,18.5204,73.8567,2025-12-20 08:00:00,31.3,31.3,792.0,30.1,13.7,55.0,16.3,48,0.0,3.1
Pune,18.5204,73.8567,2025-12-20 09:00:00,16.7,16.7,672.0,23.2,12.0,75.0,19.3,40,0.0,4.6
Pune,18.5204,73.8567,2025-12-20 10:00:00,12.9,12.7,466.0,11.2,9.1,104.0,22.2,33,0.0,6.4
Pune,18.5204,73.8567,2025-12-20 11:00:00,11.0,10.8,307.0,2.3,6.7,125.0,24.8,25,0.0,7.6
Pune,18.5204,73.8567,2025-12-20 12:00:00,9.5,9.4,251.0,0.0,5.5,131.0,27.0,19,0.0,9.1
Pune,18.5204,73.8567,2025-12-20 13:00:00,8.5,8.4,243.0,0.6,4.7,129.0,28.3,17,0.0,9.5
Pune,18.5204,73.8567,2025-12-20 14:00:00,7.9,7.8,248.0,1.8,4.3,125.0,29.0,17,0.0,9.4
Pune,18.5204,73.8567,2025-12-20 15:00:00,7.8,7.7,255.0,2.8,4.1,122.0,29.0,17,0.0,11.0
Pune,18.5204,73.8567,2025-12-20 16:00:00,7.9,7.8,276.0,4.3,4.3,118.0,28.4,18,0.0,11.0
Pune,18.5204,73.8567,2025-12-20 17:00:00,8.9,8.9,310.0,6.2,5.0,106.0,28.0,17,0.0,7.2
Pune,18.5204,73.8567,2025-12-20 18:00:00,12.5,12.5,376.0,9.7,5.7,95.0,25.3,21,0.0,4.9
Pune,18.5204,73.8567,2025-12-20 19:00:00,14.9,14.9,456.0,14.5,6.6,81.0,23.9,23,0.0,7.0
Pune,18.5204,73.8567,2025-12-20 20:00:00,15.0,15.0,498.0,17.3,7.3,70.0,22.1,25,0.0,7.2
Pune,18.5204,73.8567,2025-12-20 21:00:00,14.3,14.3,470.0,16.3,7.6,66.0,20.7,28,0.0,7.4
Pune,18.5204,73.8567,2025-12-20 22:00:00,14.6,14.6,405.0,13.3,7.6,66.0,20.1,32,0.0,8.7
Pune,18.5204,73.8567,2025-12-20 23:00:00,14.7,14.7,348.0,10.6,7.9,67.0,19.2,38,0.0,9.4
Pune,18.5204,73.8567,2025-12-21 00:00:00,14.1,14.1,313.0,9.0,8.6,67.0,18.6,41,0.0,10.9
Pune,18.5204,73.8567,2025-12-21 01:00:00,14.1,14.1,288.0,7.7,9.5,68.0,18.2,42,0.0,10.5
Pune,18.5204,73.8567,2025-12-21 02:00:00,14.4,14.4,279.0,6.9,10.5,68.0,18.1,43,0.0,10.2
Pune,18.5204,73.8567,2025-12-21 03:00:00,15.0,14.9,283.0,6.3,11.6,67.0,17.1,48,0.0,8.4
Pune,18.5204,73.8567,2025-12-21 04:00:00,15.7,15.5,304.0,6.1,12.7,65.0,15.8,53,0.0,5.9
Pune,18.5204,73.8567,2025-12-21 05:00:00,17.6,17.5,361.0,8.2,13.4,62.0,14.7,58,0.0,4.3
Pune,18.5204,73.8567,2025-12-21 06:00:00,19.8,19.7,503.0,11.9,14.2,57.0,13.7,64,0.0,3.8
Pune,18.5204,73.8567,2025-12-21 07:00:00,24.4,24.2,683.0,16.8,15.2,50.0,13.4,65,0.0,4.1
Pune,18.5204,73.8567,2025-12-21 08:00:00,25.0,24.8,773.0,18.8,15.8,54.0,15.3,58,0.0,4.8
Pune,18.5204,73.8567,2025-12-21 09:00:00,22.1,21.7,691.0,15.1,15.6,77.0,18.4,48,0.0,5.4
Pune,18.5204,73.8567,2025-12-21 10:00:00,21.5,21.0,519.0,8.5,14.8,111.0,21.3,39,0.0,7.6
Pune,18.5204,73.8567,2025-12-21 11:00:00,20.7,20.2,386.0,3.5,13.8,137.0,23.9,33,0.0,10.4
Pune,18.5204,73.8567,2025-12-21 12:00:00,19.7,19.2,340.0,1.8,12.3,148.0,25.8,26,0.0,11.5
Pune,18.5204,73.8567,2025-12-21 13:00:00,19.4,19.0,333.0,1.7,10.4,151.0,27.2,22,0.0,11.1
Pune,18.5204,73.8567,2025-12-21 14:00:00,19.5,19.1,338.0,2.3,9.1,151.0,27.9,20,0.0,10.7
Pune,18.5204,73.8567,2025-12-21 15:00:00,19.9,19.5,341.0,3.5,8.7,150.0,28.0,19,0.0,10.1
Pune,18.5204,73.8567,2025-12-21 16:00:00,20.5,20.1,357.0,5.6,8.8,146.0,27.5,20,0.0,9.8
Pune,18.5204,73.8567,2025-12-21 17:00:00,34.0,33.6,409.0,8.7,10.8,132.0,26.5,23,0.0,7.4
Pune,18.5204,73.8567,2025-12-21 18:00:00,38.1,37.7,537.0,11.3,11.6,120.0,24.1,29,0.0,3.7
Pune,18.5204,73.8567,2025-12-21 19:00:00,39.0,38.6,702.0,14.9,12.6,104.0,22.7,31,0.0,3.1
Pune,18.5204,73.8567,2025-12-21 20:00:00,37.3,36.9,806.0,16.8,13.1,92.0,21.8,33,0.0,6.2
Pune,18.5204,73.8567,2025-12-21 21:00:00,34.5,34.1,796.0,15.5,12.6,87.0,20.4,37,0.0,9.0
Pune,18.5204,73.8567,2025-12-21 22:00:00,32.9,32.6,726.0,12.5,11.5,87.0,19.3,41,0.0,7.6
Pune,18.5204,73.8567,2025-12-21 23:00:00,32.0,31.7,655.0,10.1,10.9,86.0,18.3,45,0.0,5.2
Pune,18.5204,73.8567,2025-12-22 00:00:00,30.9,30.5,596.0,9.0,11.0,85.0,17.7,47,0.0,6.9
Pune,18.5204,73.8567,2025-12-22 01:00:00,30.3,30.0,538.0,8.5,11.6,84.0,17.2,50,0.0,6.5
Pune,18.5204,73.8567,2025-12-22 02:00:00,30.0,29.8,503.0,8.3,12.4,83.0,16.5,54,0.0,6.0
Pune,18.5204,73.8567,2025-12-22 03:00:00,30.2,30.0,495.0,8.0,13.5,83.0,15.4,59,0.0,4.5
Pune,18.5204,73.8567,2025-12-22 04:00:00,30.9,30.6,511.0,7.9,14.8,82.0,14.7,63,0.0,4.0
Pune,18.5204,73.8567,2025-12-22 05:00:00,29.7,29.6,566.0,8.4,15.9,82.0,14.3,65,0.0,3.7
Pune,18.5204,73.8567,2025-12-22 06:00:00,32.0,31.9,712.0,12.3,16.8,76.0,13.3,69,0.0,4.3
Pune,18.5204,73.8567,2025-12-22 07:00:00,36.7,36.7,898.0,17.4,18.1,69.0,13.2,70,0.0,3.5
Pune,18.5204,73.8567,2025-12-22 08:00:00,35.6,35.6,985.0,19.5,19.0,73.0,15.6,60,0.0,4.1
Pune,18.5204,73.8567,2025-12-22 09:00:00,28.9,28.8,879.0,15.4,19.3,100.0,18.8,48,0.0,5.1
Pune,18.5204,73.8567,2025-12-22 10:00:00,29.2,29.0,674.0,8.2,19.3,137.0,21.9,40,0.0,7.5
Pune,18.5204,73.8567,2025-12-22 11:00:00,30.4,30.3,510.0,2.8,18.5,164.0,24.8,34,0.0,10.7
Pune,18.5204,73.8567,2025-12-22 12:00:00,27.2,26.8,442.0,1.2,16.4,169.0,27.2,26,0.0,12.2
Pune,18.5204,73.8567,2025-12-22 13:00:00,23.9,23.5,415.0,1.3,13.6,163.0,28.5,23,0.0,12.1
Pune,18.5204,73.8567,2025-12-22 14:00:00,21.8,21.3,402.0,2.1,11.4,156.0,29.1,21,0.0,11.5
Pune,18.5204,73.8567,2025-12-22 15:00:00,20.6,20.1,379.0,3.1,10.5,152.0,29.0,21,0.0,10.3
Pune,18.5204,73.8567,2025-12-22 16:00:00,20.3,19.8,370.0,4.8,10.3,147.0,28.7,21,0.0,9.3
Pune,18.5204,73.8567,2025-12-22 17:00:00,24.1,23.6,420.0,7.5,10.5,141.0,27.6,20,0.0,7.5
Pune,18.5204,73.8567,2025-12-22 18:00:00,28.1,27.6,601.0,10.5,10.8,128.0,24.9,25,0.0,4.2
Pune,18.5204,73.8567,2025-12-22 19:00:00,30.0,29.5,842.0,14.5,11.3,109.0,23.7,27,0.0,6.2
Pune,18.5204,73.8567,2025-12-22 20:00:00,29.5,29.0,973.0,16.8,11.5,94.0,22.4,30,0.0,9.7
Pune,18.5204,73.8567,2025-12-22 21:00:00,27.0,26.7,891.0,15.7,11.1,87.0,21.4,34,0.0,8.3
Pune,18.5204,73.8567,2025-12-22 22:00:00,25.1,25.0,699.0,12.8,10.5,83.0,20.4,38,0.0,6.8
Pune,18.5204,73.8567,2025-12-22 23:00:00,24.5,24.3,538.0,10.4,10.1,81.0,19.4,43,0.0,5.2
Pune,18.5204,73.8567,2025-12-23 00:00:00,24.0,23.7,455.0,9.2,10.2,80.0,18.8,46,0.0,6.4
Pune,18.5204,73.8567,2025-12-23 01:00:00,24.3,23.9,402.0,8.4,10.6,80.0,18.1,48,0.0,7.2
Pune,18.5204,73.8567,2025-12-23 02:00:00,24.9,24.5,376.0,8.0,11.2,80.0,17.5,51,0.0,6.0
Pune,18.5204,73.8567,2025-12-23 03:00:00,25.8,25.4,369.0,7.6,12.1,79.0,16.2,56,0.0,4.3
Pune,18.5204,73.8567,2025-12-23 04:00:00,26.8,26.3,389.0,7.5,13.3,78.0,15.7,58,0.0,4.5
Pune,18.5204,73.8567,2025-12-23 05:00:00,26.0,25.3,451.0,7.6,14.4,77.0,14.6,63,0.0,4.2
Pune,18.5204,73.8567,2025-12-23 06:00:00,28.4,27.8,611.0,11.5,15.1,72.0,14.0,66,0.0,3.9
Pune,18.5204,73.8567,2025-12-23 07:00:00,33.3,32.6,813.0,16.6,16.1,65.0,14.1,66,0.0,2.8
Pune,18.5204,73.8567,2025-12-23 08:00:00,33.8,33.2,904.0,18.7,16.8,67.0,16.6,55,0.0,3.9
Pune,18.5204,73.8567,2025-12-23 09:00:00,28.7,28.1,779.0,14.7,17.3,85.0,19.7,45,0.0,4.7
Pune,18.5204,73.8567,2025-12-23 10:00:00,25.5,24.9,543.0,7.6,17.5,111.0,22.8,38,0.0,6.6
Pune,18.5204,73.8567,2025-12-23 11:00:00,19.5,19.2,360.0,2.3,17.0,131.0,25.4,31,0.0,11.0
Pune,18.5204,73.8567,2025-12-23 12:00:00,16.7,16.5,298.0,0.8,15.3,138.0,27.3,26,0.0,12.5
Pune,18.5204,73.8567,2025-12-23 13:00:00,15.1,15.0,288.0,1.0,13.0,138.0,28.2,23,0.0,11.0
Pune,18.5204,73.8567,2025-12-23 14:00:00,14.4,14.3,288.0,1.8,11.2,136.0,28.7,23,0.0,9.1
Pune,18.5204,73.8567,2025-12-23 15:00:00,14.1,14.0,280.0,2.7,10.5,134.0,28.7,24,0.0,8.2
Pune,18.5204,73.8567,2025-12-23 16:00:00,13.9,13.9,283.0,4.0,10.2,130.0,28.5,24,0.0,8.8
Pune,18.5204,73.8567,2025-12-23 17:00:00,23.9,23.8,307.0,5.7,10.2,129.0,27.6,25,0.0,7.6
Pune,18.5204,73.8567,2025-12-23 18:00:00,25.2,25.2,371.0,9.0,10.4,116.0,25.5,29,0.0,8.2
Pune,18.5204,73.8567,2025-12-23 19:00:00,25.5,25.5,456.0,13.4,10.7,99.0,24.1,32,0.0,9.4
Pune,18.5204,73.8567,2025-12-23 20:00:00,23.9,23.9,518.0,16.1,10.7,86.0,22.3,36,0.0,6.9
Pune,18.5204,73.8567,2025-12-23 21:00:00,21.7,21.7,540.0,15.5,10.1,81.0,20.7,40,0.0,3.8
Pune,18.5204,73.8567,2025-12-23 22:00:00,20.3,20.3,539.0,13.1,9.1,80.0,20.2,40,0.0,5.2
Pune,18.5204,73.8567,2025-12-23 23:00:00,19.4,19.4,520.0,10.9,8.4,80.0,19.6,43,0.0,6.4
Pune,18.5204,73.8567,2025-12-24 00:00:00,18.3,18.3,471.0,9.5,7.9,80.0,18.8,46,0.0,8.0
Pune,18.5204,73.8567,2025-12-24 01:00:00,18.0,18.0,404.0,8.2,7.7,80.0,18.2,49,0.0,8.4
Pune,18.5204,73.8567,2025-12-24 02:00:00,18.0,18.0,361.0,7.4,7.8,80.0,17.4,52,0.0,6.5
Pune,18.5204,73.8567,2025-12-24 03:00:00,18.5,18.5,355.0,6.9,8.5,79.0,16.9,54,0.0,6.3
Pune,18.5204,73.8567,2025-12-24 04:00:00,19.1,19.1,372.0,6.9,9.6,78.0,15.9,58,0.0,7.3
Pune,18.5204,73.8567,2025-12-24 05:00:00,17.5,17.5,414.0,7.4,11.3,75.0,15.3,63,0.0,6.2
Pune,18.5204,73.8567,2025-12-24 06:00:00,19.6,19.6,514.0,11.3,12.2,69.0,14.6,65,0.0,5.6
Pune,18.5204,73.8567,2025-12-24 07:00:00,24.5,24.4,640.0,16.6,13.4,63.0,14.5,66,0.0,5.0
Pune,18.5204,73.8567,2025-12-24 08:00:00,25.3,25.2,691.0,18.7,14.3,64.0,16.4,58,0.0,4.2
Pune,18.5204,73.8567,2025-12-24 09:00:00,21.0,20.7,598.0,14.8,14.6,81.0,19.2,48,0.0,4.4
Pune,18.5204,73.8567,2025-12-24 10:00:00,21.8,21.3,431.0,7.8,14.6,107.0,22.2,38,0.0,6.8
Pune,18.5204,73.8567,2025-12-24 11:00:00,19.7,19.0,303.0,2.5,14.2,127.0,25.1,28,0.0,13.9
Pune,18.5204,73.8567,2025-12-24 12:00:00,19.3,18.6,260.0,1.0,13.1,135.0,26.7,24,0.0,14.2
Pune,18.5204,73.8567,2025-12-24 13:00:00,19.8,19.2,257.0,1.2,11.7,138.0,27.6,22,0.0,12.2
Pune,18.5204,73.8567,2025-12-24 14:00:00,20.5,19.9,264.0,2.0,10.7,139.0,28.0,21,0.0,10.4
Pune,18.5204,73.8567,2025-12-24 15:00:00,21.4,20.7,260.0,2.9,10.4,139.0,28.0,21,0.0,10.1
Pune,18.5204,73.8567,2025-12-24 16:00:00,22.0,21.4,267.0,4.4,10.6,138.0,27.6,23,0.0,9.0
Pune,18.5204,73.8567,2025-12-24 17:00:00,19.6,18.9,325.0,5.8,11.2,134.0,26.5,24,0.0,7.4
Pune,18.5204,73.8567,2025-12-24 18:00:00,23.6,23.1,496.0,9.6,11.8,122.0,24.2,29,0.0,4.2
Pune,18.5204,73.8567,2025-12-24 19:00:00,25.2,24.8,718.0,14.8,12.6,104.0,22.7,33,0.0,3.4
Pune,18.5204,73.8567,2025-12-24 20:00:00,25.0,24.6,851.0,17.9,13.0,91.0,21.5,34,0.0,4.0
Pune,18.5204,73.8567,2025-12-24 21:00:00,23.4,23.1,813.0,17.0,12.5,85.0,20.9,36,0.0,8.6
Pune,18.5204,73.8567,2025-12-24 22:00:00,21.7,21.5,685.0,14.0,11.7,83.0,20.0,39,0.0,7.7
Pune,18.5204,73.8567,2025-12-24 23:00:00,20.3,20.2,572.0,11.4,10.9,81.0,18.8,44,0.0,5.8
Pune,18.5204,73.8567,2025-12-25 00:00:00,18.8,18.7,510.0,9.9,10.3,78.0,18.0,48,0.0,6.8
Pune,18.5204,73.8567,2025-12-25 01:00:00,18.3,18.2,462.0,8.8,9.9,76.0,17.4,50,0.0,7.4
Pune,18.5204,73.8567,2025-12-25 02:00:00,18.3,18.2,430.0,8.1,10.0,74.0,16.8,52,0.0,6.3
Pune,18.5204,73.8567,2025-12-25 03:00:00,18.7,18.6,402.0,7.5,10.9,73.0,16.2,53,0.0,5.5
Pune,18.5204,73.8567,2025-12-25 04:00:00,19.6,19.3,390.0,7.3,12.4,72.0,15.3,56,0.0,4.4
Pune,18.5204,73.8567,2025-12-25 05:00:00,19.7,19.4,422.0,7.0,13.6,73.0,15.0,59,0.0,2.3
Pune,18.5204,73.8567,2025-12-25 06:00:00,22.1,21.7,555.0,10.4,14.4,67.0,13.9,64,0.0,3.6
Pune,18.5204,73.8567,2025-12-25 07:00:00,27.4,26.9,733.0,15.0,15.5,60.0,13.9,64,0.0,3.9
Pune,18.5204,73.8567,2025-12-25 08:00:00,28.5,28.1,821.0,16.8,16.2,64.0,16.3,55,0.0,6.0
Pune,18.5204,73.8567,2025-12-25 09:00:00,29.6,29.0,729.0,13.3,16.2,89.0,19.8,44,0.0,7.3
Pune,18.5204,73.8567,2025-12-25 10:00:00,33.2,32.4,548.0,7.1,15.8,126.0,22.9,38,0.0,9.5
Pune,18.5204,73.8567,2025-12-25 11:00:00,37.0,36.1,414.0,2.4,15.3,153.0,25.0,33,0.0,10.5
Pune,18.5204,73.8567,2025-12-25 12:00:00,36.9,35.7,387.0,1.0,14.6,163.0,26.5,30,0.0,9.4
Pune,18.5204,73.8567,2025-12-25 13:00:00,36.1,34.9,406.0,1.2,13.7,163.0,27.4,28,0.0,7.9
Pune,18.5204,73.8567,2025-12-25 14:00:00,35.5,34.3,427.0,2.0,12.9,161.0,27.8,27,0.0,6.1
Pune,18.5204,73.8567,2025-12-25 15:00:00,35.2,33.9,432.0,2.8,12.4,159.0,27.9,26,0.0,7.0
Pune,18.5204,73.8567,2025-12-25 16:00:00,34.8,33.6,439.0,4.1,12.0,153.0,27.4,27,0.0,9.2
Pune,18.5204,73.8567,2025-12-25 17:00:00,52.5,50.8,459.0,7.9,12.5,135.0,26.1,30,0.0,10.2
Pune,18.5204,73.8567,2025-12-25 18:00:00,57.9,56.1,507.0,12.5,12.8,120.0,24.5,34,0.0,9.5
Pune,18.5204,73.8567,2025-12-25 19:00:00,59.8,58.3,568.0,18.8,13.3,100.0,23.4,37,0.0,8.7
Pune,18.5204,73.8567,2025-12-25 20:00:00,60.1,58.4,609.0,22.9,13.5,84.0,21.8,41,0.0,6.6
Pune,18.5204,73.8567,2025-12-25 21:00:00,59.1,57.6,610.0,23.0,13.2,76.0,21.0,41,0.0,4.2
Pune,18.5204,73.8567,2025-12-25 22:00:00,57.3,55.8,591.0,21.0,12.7,73.0,20.1,44,0.0,2.6
Pune,18.5204,73.8567,2025-12-25 23:00:00,52.6,51.3,577.0,18.6,12.1,70.0,19.0,47,0.0,3.8
Pune,18.5204,73.8567,2025-12-26 00:00:00,45.8,44.8,575.0,16.2,11.4,67.0,18.2,51,0.0,5.4
Pune,18.5204,73.8567,2025-12-26 01:00:00,39.7,39.0,578.0,13.4,10.7,66.0,16.9,57,0.0,3.6
Pune,18.5204,73.8567,2025-12-26 02:00:00,35.2,34.7,585.0,11.3,10.3,64.0,16.7,57,0.0,1.2
Pune,18.5204,73.8567,2025-12-26 03:00:00,32.5,32.0,582.0,9.9,10.6,62.0,16.1,63,0.0,0.7
Pune,18.5204,73.8567,2025-12-26 04:00:00,31.3,30.9,583.0,9.3,11.2,61.0,15.5,63,0.0,0.6
Pune,18.5204,73.8567,2025-12-26 05:00:00,33.8,33.2,637.0,10.2,11.3,57.0,14.8,66,0.0,0.5
Pune,18.5204,73.8567,2025-12-26 06:00:00,36.2,35.5,820.0,14.4,12.2,53.0,13.9,70,0.0,0.9
Pune,18.5204,73.8567,2025-12-26 07:00:00,42.8,42.0,1055.0,19.9,13.4,48.0,13.5,73,0.0,0.9
Pune,18.5204,73.8567,2025-12-26 08:00:00,45.1,44.4,1156.0,21.9,13.9,54.0,15.2,65,0.0,1.9
Pune,18.5204,73.8567,2025-12-26 09:00:00,43.3,42.3,997.0,17.0,13.3,82.0,18.3,53,0.0,3.2
Pune,18.5204,73.8567,2025-12-26 10:00:00,40.0,38.5,704.0,8.6,12.1,120.0,22.0,42,0.0,6.0
Pune,18.5204,73.8567,2025-12-26 11:00:00,32.4,30.5,470.0,2.3,10.8,148.0,24.7,33,0.0,8.8
Pune,18.5204,73.8567,2025-12-26 12:00:00,28.8,27.1,372.0,0.6,9.6,156.0,26.4,28,0.0,9.4
Pune,18.5204,73.8567,2025-12-26 13:00:00,27.2,25.5,333.0,1.0,8.3,154.0,27.2,25,0.0,9.2
Pune,18.5204,73.8567,2025-12-26 14:00:00,26.6,24.9,313.0,2.0,7.4,151.0,27.6,24,0.0,9.0
Pune,18.5204,73.8567,2025-12-26 15:00:00,26.6,25.0,299.0,2.7,7.0,150.0,27.6,23,0.0,9.1
Pune,18.5204,73.8567,2025-12-26 16:00:00,26.8,25.1,305.0,3.8,7.0,147.0,27.2,23,0.0,9.4
Pune,18.5204,73.8567,2025-12-26 17:00:00,28.5,27.0,332.0,6.8,7.3,133.0,26.6,22,0.0,8.8
Pune,18.5204,73.8567,2025-12-26 18:00:00,34.1,32.6,398.0,12.2,8.1,118.0,24.8,25,0.0,7.9
Pune,18.5204,73.8567,2025-12-26 19:00:00,38.4,36.9,486.0,19.5,9.3,98.0,23.5,29,0.0,6.6
Pune,18.5204,73.8567,2025-12-26 20:00:00,41.6,40.0,548.0,24.0,10.3,83.0,22.3,34,0.0,7.3
Pune,18.5204,73.8567,2025-12-26 21:00:00,42.8,41.4,562.0,23.2,10.8,78.0,21.8,37,0.0,7.1
Pune,18.5204,73.8567,2025-12-26 22:00:00,43.1,42.0,552.0,19.6,11.1,78.0,21.0,39,0.0,5.3
Pune,18.5204,73.8567,2025-12-26 23:00:00,41.9,41.2,537.0,16.1,11.6,79.0,19.1,44,0.0,5.8
Pune,18.5204,73.8567,2025-12-27 00:00:00,39.7,39.1,525.0,13.3,12.4,81.0,17.8,49,0.0,6.6
Pune,18.5204,73.8567,2025-12-27 01:00:00,38.1,37.7,510.0,10.6,13.4,83.0,17.2,51,0.0,5.5
Pune,18.5204,73.8567,2025-12-27 02:00:00,37.1,36.7,491.0,8.6,14.3,84.0,16.9,53,0.0,5.8
Pune,18.5204,73.8567,2025-12-27 03:00:00,36.2,35.9,448.0,7.2,15.3,82.0,16.5,57,0.0,5.1
Pune,18.5204,73.8567,2025-12-27 04:00:00,35.5,35.2,403.0,6.5,16.2,79.0,15.7,61,0.0,4.4
Pune,18.5204,73.8567,2025-12-27 05:00:00,34.3,34.0,417.0,7.1,17.1,75.0,14.7,66,0.0,3.2
Pune,18.5204,73.8567,2025-12-27 06:00:00,34.7,34.3,567.0,10.8,17.2,68.0,14.0,70,0.0,0.9
Pune,18.5204,73.8567,2025-12-27 07:00:00,38.4,38.1,777.0,15.6,17.3,61.0,13.9,71,0.0,1.0
Pune,18.5204,73.8567,2025-12-27 08:00:00,38.1,37.7,882.0,17.6,16.9,64.0,16.4,60,0.0,3.2
Pune,18.5204,73.8567,2025-12-27 09:00:00,35.2,34.7,774.0,13.9,15.6,90.0,20.0,47,0.0,4.8
Pune,18.5204,73.8567,2025-12-27 10:00:00,35.0,34.2,561.0,7.3,13.9,127.0,23.1,38,0.0,6.8
Pune,18.5204,73.8567,2025-12-27 11:00:00,33.4,32.2,398.0,2.4,12.3,155.0,25.3,32,0.0,8.8
Pune,18.5204,73.8567,2025-12-27 12:00:00,31.4,30.2,350.0,1.1,11.0,165.0,26.8,28,0.0,9.1
Pune,18.5204,73.8567,2025-12-27 13:00:00,30.2,28.8,352.0,1.4,9.9,166.0,27.7,26,0.0,8.3
Pune,18.5204,73.8567,2025-12-27 14:00:00,29.2,27.8,360.0,2.1,9.1,165.0,28.2,24,0.0,7.1
Pune,18.5204,73.8567,2025-12-27 15:00:00,28.8,27.4,354.0,2.4,8.6,165.0,28.2,23,0.0,7.5
Pune,18.5204,73.8567,2025-12-27 16:00:00,28.6,27.2,355.0,3.0,8.3,162.0,27.7,24,0.0,8.8
Pune,18.5204,73.8567,2025-12-27 17:00:00,42.8,40.9,384.0,8.2,9.0,151.0,26.7,27,0.0,8.8
Pune,18.5204,73.8567,2025-12-27 18:00:00,49.4,47.4,476.0,14.3,10.0,133.0,25.0,30,0.0,7.3
Pune,18.5204,73.8567,2025-12-27 19:00:00,52.7,50.9,597.0,22.5,11.2,108.0,23.5,34,0.0,7.1
Pune,18.5204,73.8567,2025-12-27 20:00:00,54.7,53.0,663.0,27.5,12.1,88.0,22.1,38,0.0,5.6
Pune,18.5204,73.8567,2025-12-27 21:00:00,54.9,53.2,622.0,26.5,12.0,80.0,20.8,41,0.0,4.1
Pune,18.5204,73.8567,2025-12-27 22:00:00,52.6,51.2,526.0,22.2,11.5,77.0,20.4,40,0.0,3.6
Pune,18.5204,73.8567,2025-12-27 23:00:00,48.2,47.1,450.0,18.1,11.2,76.0,19.3,43,0.0,5.0
Pune,18.5204,73.8567,2025-12-28 00:00:00,43.2,42.4,421.0,15.0,11.3,76.0,18.2,48,0.0,5.3
Pune,18.5204,73.8567,2025-12-28 01:00:00,40.2,39.6,412.0,12.1,11.7,77.0,17.6,51,0.0,5.3
Pune,18.5204,73.8567,2025-12-28 02:00:00,38.3,37.8,416.0,9.8,12.5,78.0,17.3,52,0.0,5.9
Pune,18.5204,73.8567,2025-12-28 03:00:00,37.3,36.8,421.0,8.1,14.2,78.0,17.2,53,0.0,6.6
Pune,18.5204,73.8567,2025-12-28 04:00:00,36.4,36.1,439.0,7.1,16.3,79.0,16.3,56,0.0,5.1
Pune,18.5204,73.8567,2025-12-28 05:00:00,34.3,34.1,501.0,6.8,18.8,85.0,15.3,63,0.0,2.9
Pune,18.5204,73.8567,2025-12-28 06:00:00,34.6,34.2,668.0,10.6,19.3,79.0,14.3,67,0.0,2.2
Pune,18.5204,73.8567,2025-12-28 07:00:00,38.3,38.1,879.0,15.7,19.9,72.0,14.1,69,0.0,1.8
Pune,18.5204,73.8567,2025-12-28 08:00:00,38.1,37.8,976.0,17.8,19.7,76.0,16.1,60,0.0,3.9
Pune,18.5204,73.8567,2025-12-28 09:00:00,36.4,36.1,852.0,14.1,17.8,100.0,19.4,49,0.0,5.0
Pune,18.5204,73.8567,2025-12-28 10:00:00,38.5,37.8,614.0,7.5,15.1,134.0,22.9,39,0.0,6.5
Pune,18.5204,73.8567,2025-12-28 11:00:00,39.8,38.8,433.0,2.5,12.9,160.0,25.4,33,0.0,7.0
Pune,18.5204,73.8567,2025-12-28 12:00:00,37.7,36.6,380.0,1.1,11.6,169.0,27.0,28,0.0,7.6
Pune,18.5204,73.8567,2025-12-28 13:00:00,36.1,34.9,383.0,1.4,10.8,168.0,27.9,26,0.0,7.2
Pune,18.5204,73.8567,2025-12-28 14:00:00,34.9,33.6,393.0,2.1,10.3,166.0,28.4,25,0.0,7.3
Pune,18.5204,73.8567,2025-12-28 15:00:00,34.3,33.2,389.0,2.6,9.9,164.0,28.4,24,0.0,8.5
Pune,18.5204,73.8567,2025-12-28 16:00:00,33.9,32.7,392.0,3.7,9.8,160.0,27.8,25,0.0,9.6
Pune,18.5204,73.8567,2025-12-28 17:00:00,51.5,49.8,416.0,8.8,9.9,153.0,26.6,27,0.0,9.0
Pune,18.5204,73.8567,2025-12-28 18:00:00,57.3,55.8,484.0,13.3,10.5,137.0,24.8,31,0.0,9.0
Pune,18.5204,73.8567,2025-12-28 19:00:00,60.8,59.4,572.0,19.4,11.2,114.0,23.2,37,0.0,9.0
Pune,18.5204,73.8567,2025-12-28 20:00:00,61.7,60.5,623.0,23.1,11.7,96.0,21.8,40,0.0,6.9
Pune,18.5204,73.8567,2025-12-28 21:00:00,60.3,59.1,599.0,22.2,11.6,88.0,20.9,42,0.0,5.2
Pune,18.5204,73.8567,2025-12-28 22:00:00,56.6,55.5,538.0,18.9,11.3,86.0,20.6,41,0.0,5.0
Pune,18.5204,73.8567,2025-12-28 23:00:00,51.0,50.3,496.0,15.7,11.2,84.0,19.1,47,0.0,4.1
Pune,18.5204,73.8567,2025-12-29 00:00:00,45.4,44.8,501.0,13.4,11.4,83.0,17.9,53,0.0,5.1
Pune,18.5204,73.8567,2025-12-29 01:00:00,41.7,41.2,524.0,11.3,11.8,82.0,16.9,57,0.0,4.7
Pune,18.5204,73.8567,2025-12-29 02:00:00,39.2,38.8,540.0,9.7,12.6,82.0,16.5,59,0.0,5.5
Pune,18.5204,73.8567,2025-12-29 03:00:00,37.8,37.4,519.0,8.5,13.9,81.0,16.1,60,0.0,5.3
Pune,18.5204,73.8567,2025-12-29 04:00:00,37.4,37.0,490.0,7.9,15.7,81.0,15.4,62,0.0,4.5
Pune,18.5204,73.8567,2025-12-29 05:00:00,34.7,34.5,516.0,7.7,17.5,79.0,14.7,66,0.0,2.1
Pune,18.5204,73.8567,2025-12-29 06:00:00,36.4,36.2,674.0,12.5,18.0,72.0,13.5,72,0.0,3.8
Pune,18.5204,73.8567,2025-12-29 07:00:00,41.8,41.7,886.0,18.8,18.5,63.0,13.4,72,0.0,3.3
Pune,18.5204,73.8567,2025-12-29 08:00:00,42.7,42.5,985.0,21.5,18.4,66.0,15.7,61,0.0,3.3
Pune,18.5204,73.8567,2025-12-29 09:00:00,35.4,35.2,858.0,16.9,16.9,93.0,19.0,49,0.0,4.6
Pune,18.5204,73.8567,2025-12-29 10:00:00,36.9,36.6,617.0,8.7,14.7,132.0,22.6,40,0.0,7.5
Pune,18.5204,73.8567,2025-12-29 11:00:00,38.2,37.7,435.0,2.6,12.8,162.0,24.9,35,0.0,8.5
Pune,18.5204,73.8567,2025-12-29 12:00:00,36.9,36.3,387.0,0.9,11.6,172.0,26.6,31,0.0,8.8
Pune,18.5204,73.8567,2025-12-29 13:00:00,35.3,34.7,398.0,1.2,10.8,173.0,27.5,28,0.0,7.8
Pune,18.5204,73.8567,2025-12-29 14:00:00,34.9,34.2,412.0,2.4,10.2,170.0,28.2,27,0.0,7.1
Pune,18.5204,73.8567,2025-12-29 15:00:00,34.7,34.0,405.0,3.5,9.8,168.0,28.4,25,0.0,6.7
Pune,18.5204,73.8567,2025-12-29 16:00:00,34.8,34.1,401.0,5.4,9.6,162.0,28.1,26,0.0,7.3
Pune,18.5204,73.8567,2025-12-29 17:00:00,40.6,39.7,424.0,10.6,10.1,145.0,26.8,28,0.0,7.6
Pune,18.5204,73.8567,2025-12-29 18:00:00,50.5,49.6,495.0,19.8,11.9,125.0,24.9,33,0.0,7.1
Pune,18.5204,73.8567,2025-12-29 19:00:00,56.3,55.3,591.0,32.6,14.4,97.0,23.4,37,0.0,5.2
Pune,18.5204,73.8567,2025-12-29 20:00:00,59.8,58.8,671.0,41.9,16.6,75.0,21.9,41,0.0,4.3
Pune,18.5204,73.8567,2025-12-29 21:00:00,62.9,61.9,716.0,45.0,18.3,64.0,20.7,45,0.0,3.8
Pune,18.5204,73.8567,2025-12-29 22:00:00,66.8,65.7,743.0,44.8,19.7,57.0,19.9,48,0.0,2.7
Pune,18.5204,73.8567,2025-12-29 23:00:00,68.0,67.1,766.0,42.7,20.1,54.0,19.6,50,0.0,2.9
Pune,18.5204,73.8567,2025-12-30 00:00:00,64.7,63.8,787.0,38.6,18.7,53.0,18.4,54,0.0,0.5
Pune,18.5204,73.8567,2025-12-30 01:00:00,59.6,58.9,803.0,32.7,16.3,54.0,17.1,59,0.0,1.6
Pune,18.5204,73.8567,2025-12-30 02:00:00,55.2,54.4,817.0,27.1,14.4,56.0,16.2,64,0.0,1.0
Pune,18.5204,73.8567,2025-12-30 03:00:00,50.9,50.3,814.0,21.6,13.6,58.0,15.4,68,0.0,1.4
Pune,18.5204,73.8567,2025-12-30 04:00:00,46.9,46.4,810.0,16.3,13.3,62.0,14.9,73,0.0,0.2
Pune,18.5204,73.8567,2025-12-30 05:00:00,49.7,49.1,850.0,15.7,13.0,58.0,14.0,75,0.0,0.6
Pune,18.5204,73.8567,2025-12-30 06:00:00,49.5,48.9,1008.0,19.4,13.8,52.0,13.4,77,0.0,0.4
Pune,18.5204,73.8567,2025-12-30 07:00:00,53.3,52.7,1210.0,24.2,14.9,46.0,13.3,78,0.0,0.6
Pune,18.5204,73.8567,2025-12-30 08:00:00,53.7,53.3,1288.0,25.4,15.4,53.0,15.5,67,0.0,2.4
Pune,18.5204,73.8567,2025-12-30 09:00:00,45.8,45.2,1122.0,19.5,14.8,87.0,18.9,54,0.0,2.6
Pune,18.5204,73.8567,2025-12-30 10:00:00,44.7,43.7,832.0,10.1,13.7,134.0,22.5,42,0.0,2.7
Pune,18.5204,73.8567,2025-12-30 11:00:00,41.4,40.3,601.0,3.1,12.5,170.0,25.0,34,0.0,1.7
Pune,18.5204,73.8567,2025-12-30 12:00:00,38.3,37.3,507.0,1.1,11.3,182.0,27.5,25,0.0,1.9
Pune,18.5204,73.8567,2025-12-30 13:00:00,35.4,34.3,472.0,1.5,10.1,182.0,28.6,21,0.0,3.7
Pune,18.5204,73.8567,2025-12-30 14:00:00,33.5,32.5,451.0,2.4,9.5,180.0,29.2,19,0.0,4.5
Pune,18.5204,73.8567,2025-12-30 15:00:00,32.7,31.7,427.0,2.8,9.6,182.0,29.4,19,0.0,6.0
Pune,18.5204,73.8567,2025-12-30 16:00:00,32.8,31.9,417.0,3.7,10.2,182.0,28.8,19,0.0,9.4
Pune,18.5204,73.8567,2025-12-30 17:00:00,38.6,37.6,428.0,6.2,11.4,164.0,27.8,21,0.0,8.5
Pune,18.5204,73.8567,2025-12-30 18:00:00,45.4,44.5,463.0,11.9,13.3,145.0,25.5,25,0.0,9.4
Pune,18.5204,73.8567,2025-12-30 19:00:00,50.5,49.7,518.0,19.7,16.0,118.0,23.4,36,0.0,10.4
Pune,18.5204,73.8567,2025-12-30 20:00:00,54.7,54.0,588.0,25.5,18.9,98.0,21.8,46,0.0,7.0
Pune,18.5204,73.8567,2025-12-30 21:00:00,59.4,58.7,692.0,27.5,22.1,90.0,20.6,50,0.0,6.2
Pune,18.5204,73.8567,2025-12-30 22:00:00,64.0,63.3,811.0,27.4,25.4,88.0,19.5,54,0.0,5.2
Pune,18.5204,73.8567,2025-12-30 23:00:00,67.8,66.8,875.0,26.4,28.2,87.0,18.4,61,0.0,2.1
Pune,18.5204,73.8567,2025-12-31 00:00:00,69.2,68.0,840.0,24.5,29.9,86.0,17.3,66,0.0,2.4
Pune,18.5204,73.8567,2025-12-31 01:00:00,70.3,69.4,750.0,21.8,30.9,87.0,17.1,68,0.0,4.9
Pune,18.5204,73.8567,2025-12-31 02:00:00,72.2,71.0,677.0,19.5,32.0,87.0,16.2,73,0.0,4.5
Pune,18.5204,73.8567,2025-12-31 03:00:00,74.0,72.6,628.0,17.3,33.2,86.0,15.8,75,0.0,5.5
Pune,18.5204,73.8567,2025-12-31 04:00:00,76.1,74.5,595.0,15.5,34.5,84.0,15.5,75,0.0,4.6
Pune,18.5204,73.8567,2025-12-31 05:00:00,85.4,83.8,621.0,19.4,36.3,77.0,14.5,80,0.0,3.3
Pune,18.5204,73.8567,2025-12-31 06:00:00,90.8,88.9,779.0,28.4,39.9,71.0,14.1,82,0.0,0.8
Pune,18.5204,73.8567,2025-12-31 07:00:00,101.7,99.9,995.0,40.2,44.7,64.0,14.0,82,0.0,0.9
Pune,18.5204,73.8567,2025-12-31 08:00:00,107.8,106.2,1097.0,44.7,46.3,71.0,16.5,69,0.0,1.8
Pune,18.5204,73.8567,2025-12-31 09:00:00,77.3,75.7,975.0,34.7,42.1,106.0,19.8,56,0.0,2.1
Pune,18.5204,73.8567,2025-12-31 10:00:00,65.9,64.3,739.0,17.4,34.8,155.0,23.0,44,0.0,3.1
Pune,18.5204,73.8567,2025-12-31 11:00:00,58.6,56.8,536.0,4.3,28.0,189.0,25.4,31,0.0,3.4
Pune,18.5204,73.8567,2025-12-31 12:00:00,52.7,50.8,418.0,0.6,22.5,193.0,27.4,26,0.0,5.9
Pune,18.5204,73.8567,2025-12-31 13:00:00,47.1,45.2,334.0,1.2,17.5,181.0,28.3,24,0.0,8.5
Pune,18.5204,73.8567,2025-12-31 14:00:00,41.4,39.5,281.0,2.3,13.8,169.0,28.8,21,0.0,10.5
Pune,18.5204,73.8567,2025-12-31 15:00:00,36.6,34.7,260.0,2.3,11.8,161.0,28.7,19,0.0,11.9
Pune,18.5204,73.8567,2025-12-31 16:00:00,33.1,31.4,270.0,2.9,11.2,152.0,27.9,19,0.0,12.9
Pune,18.5204,73.8567,2025-12-31 17:00:00,18.9,18.2,302.0,5.0,13.5,158.0,26.4,24,0.0,11.7
Pune,18.5204,73.8567,2025-12-31 18:00:00,23.4,22.9,368.0,9.6,15.5,147.0,24.4,29,0.0,9.0
Pune,18.5204,73.8567,2025-12-31 19:00:00,28.3,27.8,456.0,16.0,18.4,132.0,22.9,34,0.0,7.9
Pune,18.5204,73.8567,2025-12-31 20:00:00,33.4,32.9,526.0,21.0,21.2,119.0,21.6,40,0.0,7.7
Pune,18.5204,73.8567,2025-12-31 21:00:00,38.1,37.6,567.0,23.4,23.8,110.0,20.2,46,0.0,7.8
Pune,18.5204,73.8567,2025-12-31 22:00:00,42.1,41.6,591.0,24.5,26.4,104.0,19.1,53,0.0,7.1
Pune,18.5204,73.8567,2025-12-31 23:00:00,44.8,44.1,591.0,24.3,28.5,100.0,18.3,59,0.0,7.0
Pune,18.5204,73.8567,2026-01-01 00:00:00,45.4,44.8,554.0,22.5,29.9,100.0,17.4,65,0.0,5.6
Pune,18.5204,73.8567,2026-01-01 01:00:00,45.8,45.1,493.0,19.5,30.9,102.0,16.7,70,0.0,5.4
Pune,18.5204,73.8567,2026-01-01 02:00:00,46.6,45.8,443.0,17.0,32.0,103.0,16.2,73,0.0,4.9
Pune,18.5204,73.8567,2026-01-01 03:00:00,47.6,46.6,402.0,14.8,33.2,102.0,15.7,75,0.0,4.2
Pune,18.5204,73.8567,2026-01-01 04:00:00,49.4,48.3,371.0,13.2,34.5,101.0,14.7,81,0.0,3.1
Pune,18.5204,73.8567,2026-01-01 05:00:00,58.9,57.6,392.0,17.6,35.4,92.0,14.7,82,0.0,0.7
Pune,18.5204,73.8567,2026-01-01 06:00:00,64.3,62.9,529.0,26.4,38.5,85.0,14.4,83,0.0,1.6
Pune,18.5204,73.8567,2026-01-01 07:00:00,75.0,73.3,718.0,37.9,42.3,76.0,14.4,83,0.0,2.3
Pune,18.5204,73.8567,2026-01-01 08:00:00,80.6,79.4,807.0,42.3,42.5,77.0,16.7,73,0.0,2.3
Pune,18.5204,73.8567,2026-01-01 09:00:00,47.1,45.6,697.0,32.7,35.6,98.0,19.8,62,0.0,0.7
Pune,18.5204,73.8567,2026-01-01 10:00:00,39.8,38.1,486.0,16.0,25.0,129.0,23.0,47,0.0,2.1
Pune,18.5204,73.8567,2026-01-01 11:00:00,34.7,32.9,323.0,3.5,16.5,152.0,24.7,40,0.0,3.2
Pune,18.5204,73.8567,2026-01-01 12:00:00,30.2,28.6,268.0,0.1,12.5,159.0,26.5,35,0.0,3.2
Pune,18.5204,73.8567,2026-01-01 13:00:00,27.2,25.7,260.0,0.8,10.6,158.0,27.6,30,0.0,3.0
Pune,18.5204,73.8567,2026-01-01 14:00:00,25.7,24.3,260.0,2.0,9.5,157.0,28.3,28,0.0,3.9
Pune,18.5204,73.8567,2026-01-01 15:00:00,25.1,23.8,245.0,1.6,8.9,160.0,28.2,29,0.0,4.6
Pune,18.5204,73.8567,2026-01-01 16:00:00,25.3,24.0,239.0,1.6,9.2,162.0,27.8,31,0.0,5.0
Pune,18.5204,73.8567,2026-01-01 17:00:00,24.2,23.2,275.0,4.4,9.4,149.0,27.4,32,0.0,6.0
Pune,18.5204,73.8567,2026-01-01 18:00:00,30.9,30.0,388.0,13.7,11.0,127.0,25.4,38,0.0,5.1
Pune,18.5204,73.8567,2026-01-01 19:00:00,37.5,36.7,542.0,26.5,13.3,97.0,24.2,43,0.0,6.2
Pune,18.5204,73.8567,2026-01-01 20:00:00,42.4,41.7,663.0,35.5,15.7,74.0,23.0,47,0.0,7.4
Pune,18.5204,73.8567,2026-01-01 21:00:00,44.2,43.8,718.0,37.0,18.2,67.0,21.6,58,0.0,6.4
Pune,18.5204,73.8567,2026-01-01 22:00:00,46.4,46.1,738.0,34.8,20.9,68.0,20.4,69,0.0,7.4
Pune,18.5204,73.8567,2026-01-01 23:00:00,48.8,48.4,746.0,32.5,22.8,68.0,19.5,76,0.0,3.8
Pune,18.5204,73.8567,2026-01-02 00:00:00,50.9,50.4,741.0,31.4,23.6,64.0,18.9,80,0.0,2.8
Pune,18.5204,73.8567,2026-01-02 01:00:00,53.7,53.2,724.0,30.3,23.8,59.0,18.3,82,0.0,2.5
Pune,18.5204,73.8567,2026-01-02 02:00:00,57.4,56.8,712.0,29.2,23.8,55.0,17.6,85,0.0,2.1
Pune,18.5204,73.8567,2026-01-02 03:00:00,60.5,59.8,709.0,27.8,23.8,51.0,17.3,87,0.0,1.7
Pune,18.5204,73.8567,2026-01-02 04:00:00,62.2,61.5,712.0,26.6,23.6,47.0,16.8,91,0.0,2.5
Pune,18.5204,73.8567,2026-01-02 05:00:00,67.1,66.4,733.0,29.5,24.7,42.0,16.1,95,0.0,0.2
Pune,18.5204,73.8567,2026-01-02 06:00:00,68.0,67.3,810.0,32.0,24.3,40.0,16.1,95,0.0,0.8
Pune,18.5204,73.8567,2026-01-02 07:00:00,72.9,71.9,905.0,34.9,23.6,38.0,15.9,95,0.0,0.7
Pune,18.5204,73.8567,2026-01-02 08:00:00,63.6,62.9,919.0,34.0,22.4,47.0,17.3,82,0.0,0.7
Pune,18.5204,73.8567,2026-01-02 09:00:00,41.6,40.5,775.0,25.2,20.5,75.0,20.3,62,0.0,2.5
Pune,18.5204,73.8567,2026-01-02 10:00:00,40.5,39.0,550.0,12.6,18.0,113.0,23.5,48,0.0,5.0
Pune,18.5204,73.8567,2026-01-02 11:00:00,40.7,39.3,380.0,3.2,15.5,142.0,25.7,39,0.0,5.4
Pune,18.5204,73.8567,2026-01-02 12:00:00,39.2,38.1,326.0,0.5,12.7,154.0,28.1,32,0.0,1.1
Pune,18.5204,73.8567,2026-01-02 13:00:00,37.1,36.1,328.0,1.1,9.7,158.0,29.1,28,0.0,3.1
Pune,18.5204,73.8567,2026-01-02 14:00:00,35.5,34.5,339.0,2.2,7.7,159.0,29.6,26,0.0,4.3
Pune,18.5204,73.8567,2026-01-02 15:00:00,35.0,34.1,344.0,2.1,6.9,161.0,29.5,26,0.0,4.5
Pune,18.5204,73.8567,2026-01-02 16:00:00,34.9,34.0,359.0,2.4,7.0,161.0,29.3,26,0.0,6.2
Pune,18.5204,73.8567,2026-01-02 17:00:00,54.4,53.2,381.0,5.6,8.5,146.0,28.0,32,0.0,11.7
Pune,18.5204,73.8567,2026-01-02 18:00:00,58.9,58.0,410.0,12.4,10.3,129.0,26.2,40,0.0,8.6
Pune,18.5204,73.8567,2026-01-02 19:00:00,62.6,61.7,446.0,21.7,12.9,106.0,25.2,42,0.0,6.0
Pune,18.5204,73.8567,2026-01-02 20:00:00,63.8,63.1,488.0,28.7,15.6,88.0,23.9,50,0.0,8.0
Pune,18.5204,73.8567,2026-01-02 21:00:00,63.8,63.1,547.0,31.0,18.7,81.0,22.8,56,0.0,5.2
Pune,18.5204,73.8567,2026-01-02 22:00:00,65.4,65.0,612.0,30.9,21.9,79.0,21.6,62,0.0,7.2
Pune,18.5204,73.8567,2026-01-02 23:00:00,67.8,67.3,654.0,30.5,24.0,76.0,20.9,65,0.0,4.5
Pune,18.5204,73.8567,2026-01-03 00:00:00,69.2,68.7,652.0,30.6,24.5,69.0,20.0,71,0.0,0.3
Pune,18.5204,73.8567,2026-01-03 01:00:00,71.5,70.8,626.0,30.3,23.9,61.0,19.5,73,0.0,0.8
Pune,18.5204,73.8567,2026-01-03 02:00:00,72.9,72.4,605.0,29.5,22.8,55.0,18.6,78,0.0,1.5
Pune,18.5204,73.8567,2026-01-03 03:00:00,74.3,73.8,592.0,27.3,21.1,51.0,18.0,81,0.0,1.1
Pune,18.5204,73.8567,2026-01-03 04:00:00,74.0,73.3,583.0,24.5,18.9,49.0,17.2,84,0.0,2.2
Pune,18.5204,73.8567,2026-01-03 05:00:00,75.2,74.5,598.0,25.7,16.6,43.0,17.1,84,0.0,1.8
Pune,18.5204,73.8567,2026-01-03 06:00:00,75.0,74.0,672.0,27.3,16.1,42.0,16.8,85,0.0,0.9
Pune,18.5204,73.8567,2026-01-03 07:00:00,78.5,77.3,771.0,29.1,15.5,42.0,16.6,86,0.0,1.5
Pune,18.5204,73.8567,2026-01-03 08:00:00,79.4,78.2,808.0,28.0,14.8,52.0,18.7,71,0.0,2.2
Pune,18.5204,73.8567,2026-01-03 09:00:00,80.1,78.7,726.0,21.0,14.2,80.0,21.4,56,0.0,3.7
Pune,18.5204,73.8567,2026-01-03 10:00:00,80.8,79.4,583.0,11.0,13.5,117.0,24.0,47,0.0,5.5
Pune,18.5204,73.8567,2026-01-03 11:00:00,78.2,77.1,469.0,3.7,12.7,145.0,26.1,42,0.0,6.5
Pune,18.5204,73.8567,2026-01-03 12:00:00,76.1,74.7,420.0,1.6,11.6,156.0,28.5,35,0.0,3.8
Pune,18.5204,73.8567,2026-01-03 13:00:00,73.3,72.2,399.0,2.0,10.4,158.0,29.4,31,0.0,3.7
Pune,18.5204,73.8567,2026-01-03 14:00:00,70.1,68.7,392.0,2.9,9.3,158.0,29.6,30,0.0,3.6
Pune,18.5204,73.8567,2026-01-03 15:00:00,65.4,64.3,387.0,2.1,8.2,160.0,29.5,29,0.0,2.5
Pune,18.5204,73.8567,2026-01-03 16:00:00,63.3,62.2,396.0,1.8,7.4,159.0,29.3,29,0.0,1.4
Pune,18.5204,73.8567,2026-01-03 17:00:00,79.4,78.0,432.0,7.9,8.6,129.0,28.2,32,0.0,4.6
Pune,18.5204,73.8567,2026-01-03 18:00:00,88.7,87.5,521.0,21.1,10.9,108.0,26.4,37,0.0,3.2
Pune,18.5204,73.8567,2026-01-03 19:00:00,98.0,96.9,638.0,39.2,14.1,79.0,25.6,46,0.0,0.7
Pune,18.5204,73.8567,2026-01-03 20:00:00,105.9,104.8,725.0,52.2,17.2,56.0,24.7,42,0.0,5.1
Pune,18.5204,73.8567,2026-01-03 21:00:00,112.7,111.5,753.0,55.3,20.1,47.0,23.6,49,0.0,6.2
Pune,18.5204,73.8567,2026-01-03 22:00:00,115.5,114.6,751.0,53.2,22.9,45.0,22.6,56,0.0,6.9
Pune,18.5204,73.8567,2026-01-03 23:00:00,115.5,114.3,742.0,50.2,24.8,44.0,21.5,64,0.0,3.3
Pune,18.5204,73.8567,2026-01-04 00:00:00,114.6,113.6,728.0,47.1,25.4,43.0,20.8,68,0.0,1.5
Pune,18.5204,73.8567,2026-01-04 01:00:00,114.6,113.4,707.0,43.1,25.0,44.0,20.3,70,0.0,1.0
Pune,18.5204,73.8567,2026-01-04 02:00:00,114.6,113.4,698.0,39.4,24.2,44.0,19.3,75,0.0,2.8
Pune,18.5204,73.8567,2026-01-04 03:00:00,115.5,114.3,703.0,36.5,22.9,41.0,18.7,79,0.0,0.3
Pune,18.5204,73.8567,2026-01-04 04:00:00,115.0,113.9,720.0,33.9,21.1,38.0,18.4,81,0.0,0.3
Pune,18.5204,73.8567,2026-01-04 05:00:00,108.5,107.6,762.0,37.2,17.3,27.0,19.4,80,0.0,0.3
Pune,18.5204,73.8567,2026-01-04 06:00:00,102.0,101.0,873.0,35.4,15.9,27.0,19.0,77,0.0,1.5
Pune,18.5204,73.8567,2026-01-04 07:00:00,96.4,95.5,1009.0,32.6,14.0,29.0,18.7,79,0.0,4.2
Pune,18.5204,73.8567,2026-01-04 08:00:00,88.5,87.8,1056.0,28.1,12.2,41.0,19.7,73,0.0,3.5
Pune,18.5204,73.8567,2026-01-04 09:00:00,78.5,77.8,934.0,20.2,10.9,74.0,21.4,63,0.0,4.3
Pune,18.5204,73.8567,2026-01-04 10:00:00,67.5,66.8,723.0,10.7,9.7,116.0,24.3,50,0.0,5.1
Pune,18.5204,73.8567,2026-01-04 11:00:00,63.6,62.6,552.0,3.7,8.6,148.0,26.1,46,0.0,5.1
Pune,18.5204,73.8567,2026-01-04 12:00:00,62.6,61.5,469.0,1.4,7.4,158.0,27.9,39,0.0,4.3
Pune,18.5204,73.8567,2026-01-04 13:00:00,62.4,61.2,426.0,1.8,6.3,156.0,28.6,36,0.0,3.1
Pune,18.5204,73.8567,2026-01-04 14:00:00,62.6,61.5,400.0,2.6,5.5,153.0,29.1,33,0.0,2.9
Pune,18.5204,73.8567,2026-01-04 15:00:00,61.7,60.5,380.0,2.4,4.9,154.0,29.3,31,0.0,4.3
Pune,18.5204,73.8567,2026-01-04 16:00:00,60.5,59.4,376.0,2.8,4.6,153.0,28.9,31,0.0,6.0
Pune,18.5204,73.8567,2026-01-04 17:00:00,86.8,85.2,404.0,6.4,6.3,142.0,28.6,30,0.0,5.9
Pune,18.5204,73.8567,2026-01-04 18:00:00,94.1,92.7,490.0,12.5,7.3,123.0,25.6,46,0.0,11.2
Pune,18.5204,73.8567,2026-01-04 19:00:00,100.1,98.7,608.0,20.7,8.7,97.0,24.5,51,0.0,4.0
Pune,18.5204,73.8567,2026-01-04 20:00:00,104.8,103.4,684.0,26.4,9.8,76.0,24.6,51,0.0,3.9
Pune,18.5204,73.8567,2026-01-04 21:00:00,107.8,106.4,679.0,27.3,10.4,66.0,23.9,53,0.0,6.2
Pune,18.5204,73.8567,2026-01-04 22:00:00,107.8,106.4,634.0,25.5,10.6,61.0,23.3,55,0.0,8.1
Pune,18.5204,73.8567,2026-01-04 23:00:00,103.6,102.4,598.0,23.0,10.6,59.0,22.2,62,0.0,7.1
Pune,18.5204,73.8567,2026-01-05 00:00:00,96.9,95.7,588.0,19.7,10.0,59.0,21.6,65,0.0,5.8
Pune,18.5204,73.8567,2026-01-05 01:00:00,91.0,89.9,588.0,15.6,9.1,62.0,21.0,68,0.0,5.1
Pune,18.5204,73.8567,2026-01-05 02:00:00,85.4,84.3,599.0,12.2,8.6,64.0,20.4,70,0.0,4.6
Pune,18.5204,73.8567,2026-01-05 03:00:00,80.1,79.2,629.0,9.7,9.0,66.0,19.7,74,0.0,5.0
Pune,18.5204,73.8567,2026-01-05 04:00:00,75.7,75.0,670.0,7.9,9.9,69.0,19.1,77,0.0,4.4
Pune,18.5204,73.8567,2026-01-05 05:00:00,71.7,71.0,705.0,8.5,10.1,64.0,18.2,80,0.0,4.2
Pune,18.5204,73.8567,2026-01-05 06:00:00,70.5,69.8,738.0,11.8,10.5,58.0,17.7,83,0.0,5.9
Pune,18.5204,73.8567,2026-01-05 07:00:00,71.7,71.0,764.0,16.2,11.0,51.0,17.4,84,0.0,7.5
Pune,18.5204,73.8567,2026-01-05 08:00:00,70.3,69.8,752.0,17.9,11.2,54.0,19.0,75,0.0,5.6
Pune,18.5204,73.8567,2026-01-05 09:00:00,63.8,63.3,668.0,14.2,11.0,77.0,21.6,61,0.0,7.4
Pune,18.5204,73.8567,2026-01-05 10:00:00,58.9,58.1,546.0,7.7,10.6,111.0,24.3,48,0.0,8.5
Pune,18.5204,73.8567,2026-01-05 11:00:00,58.4,57.3,451.0,2.8,10.0,137.0,25.8,41,0.0,9.6
Pune,18.5204,73.8567,2026-01-05 12:00:00,59.8,58.8,413.0,1.3,9.1,147.0,27.3,36,0.0,9.0
Pune,18.5204,73.8567,2026-01-05 13:00:00,61.0,59.8,403.0,1.4,8.0,150.0,27.8,33,0.0,8.9
Pune,18.5204,73.8567,2026-01-05 14:00:00,59.4,58.2,398.0,1.8,7.2,150.0,28.1,30,0.0,9.0
Pune,18.5204,73.8567,2026-01-05 15:00:00,56.6,55.4,389.0,1.8,6.8,149.0,28.2,29,0.0,9.1
Pune,18.5204,73.8567,2026-01-05 16:00:00,54.5,53.4,386.0,2.1,6.6,146.0,27.9,29,0.0,8.5
Pune,18.5204,73.8567,2026-01-05 17:00:00,54.7,53.7,396.0,4.1,6.5,135.0,26.7,33,0.0,8.3
Pune,18.5204,73.8567,2026-01-05 18:00:00,58.2,57.4,423.0,10.0,7.4,121.0,25.3,36,0.0,5.6
Pune,18.5204,73.8567,2026-01-05 19:00:00,63.3,62.4,463.0,18.1,8.6,102.0,24.1,40,0.0,3.9
Pune,18.5204,73.8567,2026-01-05 20:00:00,68.0,67.1,518.0,23.4,9.5,86.0,23.0,45,0.0,2.7
Pune,18.5204,73.8567,2026-01-05 21:00:00,71.0,69.8,597.0,23.7,9.9,78.0,22.2,47,0.0,3.3
Pune,18.5204,73.8567,2026-01-05 22:00:00,71.9,71.0,690.0,21.2,9.9,74.0,21.4,49,0.0,5.6
Pune,18.5204,73.8567,2026-01-05 23:00:00,71.9,71.0,766.0,18.4,10.1,71.0,20.5,55,0.0,5.8
Pune,18.5204,73.8567,2026-01-06 00:00:00,70.8,69.8,814.0,15.5,10.5,70.0,19.7,57,0.0,5.8
Pune,18.5204,73.8567,2026-01-06 01:00:00,69.8,69.2,844.0,12.3,11.0,72.0,19.1,59,0.0,5.6
Pune,18.5204,73.8567,2026-01-06 02:00:00,68.7,68.0,855.0,9.8,11.4,72.0,18.4,62,0.0,5.0
Pune,18.5204,73.8567,2026-01-06 03:00:00,67.5,66.8,829.0,8.3,11.7,70.0,17.7,64,0.0,4.0
Pune,18.5204,73.8567,2026-01-06 04:00:00,66.4,65.7,783.0,7.5,11.9,68.0,17.1,66,0.0,3.1
Pune,18.5204,73.8567,2026-01-06 05:00:00,66.6,65.7,774.0,8.8,11.1,64.0,16.4,75,0.0,2.2
Pune,18.5204,73.8567,2026-01-06 06:00:00,66.8,66.1,864.0,12.1,11.5,60.0,15.9,77,0.0,1.3
Pune,18.5204,73.8567,2026-01-06 07:00:00,69.2,68.2,990.0,16.5,11.9,55.0,15.6,80,0.0,1.5
Pune,18.5204,73.8567,2026-01-06 08:00:00,68.2,67.5,1018.0,18.1,11.9,60.0,17.4,70,0.0,3.1
Pune,18.5204,73.8567,2026-01-06 09:00:00,63.1,62.4,848.0,14.1,11.0,84.0,20.5,56,0.0,4.6
Pune,18.5204,73.8567,2026-01-06 10:00:00,60.1,59.1,581.0,7.2,9.7,117.0,23.3,45,0.0,7.1
Pune,18.5204,73.8567,2026-01-06 11:00:00,52.0,51.1,382.0,2.1,8.5,142.0,25.3,39,0.0,9.9
Pune,18.5204,73.8567,2026-01-06 12:00:00,47.5,46.6,330.0,0.7,7.7,150.0,26.5,35,0.0,9.7
Pune,18.5204,73.8567,2026-01-06 13:00:00,44.0,43.1,346.0,1.1,7.0,149.0,27.3,32,0.0,8.3
Pune,18.5204,73.8567,2026-01-06 14:00:00,40.4,39.3,364.0,1.8,6.5,147.0,27.8,30,0.0,7.4
Pune,18.5204,73.8567,2026-01-06 15:00:00,36.9,35.7,358.0,1.7,5.9,146.0,27.9,28,0.0,8.1
Pune,18.5204,73.8567,2026-01-06 16:00:00,34.2,33.1,354.0,1.9,5.5,143.0,27.6,27,0.0,8.2
Pune,18.5204,73.8567,2026-01-06 17:00:00,39.8,36.8,361.0,4.6,6.0,130.0,26.7,27,0.0,8.8
Pune,18.5204,73.8567,2026-01-06 18:00:00,44.4,41.8,389.0,11.2,7.3,114.0,24.9,30,0.0,9.9
Pune,18.5204,73.8567,2026-01-06 19:00:00,48.5,46.0,427.0,20.4,9.1,93.0,23.7,33,0.0,11.9
Pune,18.5204,73.8567,2026-01-06 20:00:00,51.2,48.8,457.0,27.3,10.8,75.0,22.7,36,0.0,8.5
Pune,18.5204,73.8567,2026-01-06 21:00:00,54.0,51.7,465.0,30.3,12.4,65.0,21.5,40,0.0,5.4
Pune,18.5204,73.8567,2026-01-06 22:00:00,56.1,53.9,463.0,31.2,13.9,60.0,20.7,44,0.0,3.8
Pune,18.5204,73.8567,2026-01-06 23:00:00,55.5,53.7,474.0,30.1,14.6,57.0,19.7,50,0.0,3.9
Pune,18.5204,73.8567,2026-01-07 00:00:00,51.5,49.9,515.0,26.2,14.1,57.0,18.4,54,0.0,3.8
Pune,18.5204,73.8567,2026-01-07 01:00:00,47.1,46.0,568.0,20.4,12.9,60.0,17.9,56,0.0,6.1
Pune,18.5204,73.8567,2026-01-07 02:00:00,43.4,42.4,597.0,15.6,11.8,61.0,17.1,59,0.0,4.9
Pune,18.5204,73.8567,2026-01-07 03:00:00,40.9,39.8,561.0,12.6,11.0,60.0,16.4,61,0.0,4.7
Pune,18.5204,73.8567,2026-01-07 04:00:00,39.0,38.0,501.0,10.5,10.2,58.0,15.4,64,0.0,3.8
Pune,18.5204,73.8567,2026-01-07 05:00:00,39.3,38.3,502.0,10.2,10.3,57.0,15.0,67,0.0,2.7
Pune,18.5204,73.8567,2026-01-07 06:00:00,38.4,37.3,652.0,12.6,10.8,55.0,14.3,70,0.0,3.1
Pune,18.5204,73.8567,2026-01-07 07:00:00,39.3,38.2,862.0,15.8,11.3,53.0,14.1,71,0.0,3.0
Pune,18.5204,73.8567,2026-01-07 08:00:00,38.2,37.1,955.0,16.6,11.5,59.0,16.5,60,0.0,3.7
Pune,18.5204,73.8567,2026-01-07 09:00:00,34.7,33.4,811.0,12.8,10.9,80.0,20.4,46,0.0,4.0
Pune,18.5204,73.8567,2026-01-07 10:00:00,34.6,32.8,549.0,6.8,9.9,109.0,23.7,38,0.0,6.8
Pune,18.5204,73.8567,2026-01-07 11:00:00,31.9,29.7,346.0,2.2,8.8,130.0,25.8,24,0.0,12.3
Pune,18.5204,73.8567,2026-01-07 12:00:00,26.9,24.7,276.0,0.8,7.5,135.0,27.0,19,0.0,11.7
Pune,18.5204,73.8567,2026-01-07 13:00:00,23.3,21.0,266.0,1.0,6.1,133.0,27.9,16,0.0,10.2
Pune,18.5204,73.8567,2026-01-07 14:00:00,22.5,20.0,266.0,1.5,5.0,130.0,28.3,14,0.0,9.3
Pune,18.5204,73.8567,2026-01-07 15:00:00,22.1,19.7,262.0,1.5,4.5,130.0,28.2,13,0.0,9.8
Pune,18.5204,73.8567,2026-01-07 16:00:00,22.1,19.7,270.0,1.9,4.4,130.0,27.7,13,0.0,10.4
Pune,18.5204,73.8567,2026-01-07 17:00:00,18.6,16.9,288.0,4.4,4.5,127.0,26.3,14,0.0,9.4
Pune,18.5204,73.8567,2026-01-07 18:00:00,23.1,21.6,323.0,10.7,5.4,111.0,24.4,18,0.0,9.1
Pune,18.5204,73.8567,2026-01-07 19:00:00,26.4,25.0,368.0,19.2,6.7,89.0,23.2,22,0.0,9.6
Pune,18.5204,73.8567,2026-01-07 20:00:00,28.7,27.2,399.0,24.5,7.7,73.0,21.7,27,0.0,7.7
Pune,18.5204,73.8567,2026-01-07 21:00:00,30.2,28.6,407.0,23.7,8.1,68.0,21.0,28,0.0,8.0
Pune,18.5204,73.8567,2026-01-07 22:00:00,30.5,29.1,403.0,19.7,8.3,69.0,20.9,27,0.0,7.4
Pune,18.5204,73.8567,2026-01-07 23:00:00,29.7,28.6,391.0,15.8,8.6,71.0,19.6,32,0.0,5.1
Pune,18.5204,73.8567,2026-01-08 00:00:00,28.3,27.4,366.0,12.8,9.6,73.0,17.8,39,0.0,2.8
Pune,18.5204,73.8567,2026-01-08 01:00:00,27.1,26.2,334.0,9.8,10.7,75.0,16.7,42,0.0,5.2
Pune,18.5204,73.8567,2026-01-08 02:00:00,26.0,25.1,323.0,7.7,11.2,76.0,16.1,45,0.0,6.1
Pune,18.5204,73.8567,2026-01-08 03:00:00,25.2,24.4,337.0,6.7,10.4,73.0,15.4,49,0.0,4.3
Pune,18.5204,73.8567,2026-01-08 04:00:00,24.9,24.1,371.0,6.6,8.9,68.0,15.0,51,0.0,5.2
Pune,18.5204,73.8567,2026-01-08 05:00:00,28.9,27.8,440.0,9.4,8.2,60.0,14.5,61,0.0,3.9
Pune,18.5204,73.8567,2026-01-08 06:00:00,29.9,28.9,596.0,13.3,9.1,57.0,13.7,65,0.0,3.9
Pune,18.5204,73.8567,2026-01-08 07:00:00,33.6,32.7,787.0,18.4,10.2,53.0,13.4,67,0.0,3.5
Pune,18.5204,73.8567,2026-01-08 08:00:00,34.7,34.0,866.0,20.3,10.9,58.0,15.8,57,0.0,4.6
Pune,18.5204,73.8567,2026-01-08 09:00:00,30.7,29.9,729.0,15.8,10.7,80.0,19.5,44,0.0,5.1
Pune,18.5204,73.8567,2026-01-08 10:00:00,29.2,28.2,482.0,8.2,10.0,110.0,22.8,37,0.0,6.4
Pune,18.5204,73.8567,2026-01-08 11:00:00,24.3,23.0,293.0,2.4,9.1,132.0,25.4,24,0.0,11.6
Pune,18.5204,73.8567,2026-01-08 12:00:00,21.0,19.2,236.0,0.7,7.8,139.0,26.6,19,0.0,13.5
Pune,18.5204,73.8567,2026-01-08 13:00:00,19.8,17.9,238.0,1.0,6.3,139.0,27.3,18,0.0,11.8
Pune,18.5204,73.8567,2026-01-08 14:00:00,19.4,17.5,250.0,1.6,5.2,137.0,27.7,15,0.0,11.2
Pune,18.5204,73.8567,2026-01-08 15:00:00,19.2,17.3,258.0,1.4,4.7,138.0,27.7,15,0.0,11.1
Pune,18.5204,73.8567,2026-01-08 16:00:00,19.2,17.3,276.0,1.6,4.6,139.0,27.1,15,0.0,10.6
Pune,18.5204,73.8567,2026-01-08 17:00:00,12.2,11.4,299.0,4.1,4.8,134.0,25.6,16,0.0,11.4
Pune,18.5204,73.8567,2026-01-08 18:00:00,15.9,15.2,330.0,10.1,5.7,118.0,23.5,21,0.0,9.6
Pune,18.5204,73.8567,2026-01-08 19:00:00,18.6,17.9,366.0,18.4,7.1,96.0,22.2,24,0.0,9.6
Pune,18.5204,73.8567,2026-01-08 20:00:00,20.0,19.4,393.0,24.1,8.2,79.0,21.0,26,0.0,9.0
Pune,18.5204,73.8567,2026-01-08 21:00:00,20.8,20.3,403.0,25.1,8.9,71.0,20.2,27,0.0,6.1
Pune,18.5204,73.8567,2026-01-08 22:00:00,21.3,20.8,403.0,23.5,9.4,67.0,19.9,27,0.0,5.8
Pune,18.5204,73.8567,2026-01-08 23:00:00,20.6,20.1,401.0,21.1,9.8,65.0,19.8,29,0.0,7.3
Pune,18.5204,73.8567,2026-01-09 00:00:00,18.8,18.3,396.0,17.9,10.3,66.0,17.6,35,0.0,4.9
Pune,18.5204,73.8567,2026-01-09 01:00:00,17.5,16.9,388.0,13.8,10.7,68.0,16.7,39,0.0,8.5
Pune,18.5204,73.8567,2026-01-09 02:00:00,17.1,16.5,383.0,10.6,10.9,70.0,16.3,40,0.0,8.8
Pune,18.5204,73.8567,2026-01-09 03:00:00,17.5,16.7,368.0,8.7,10.9,70.0,15.9,41,0.0,6.1
Pune,18.5204,73.8567,2026-01-09 04:00:00,18.3,17.5,357.0,7.7,10.8,69.0,14.8,46,0.0,4.4
Pune,18.5204,73.8567,2026-01-09 05:00:00,19.6,18.6,390.0,9.1,9.9,64.0,14.4,50,0.0,2.3
Pune,18.5204,73.8567,2026-01-09 06:00:00,21.2,20.1,530.0,11.5,9.7,61.0,13.5,54,0.0,2.4
Pune,18.5204,73.8567,2026-01-09 07:00:00,24.7,23.7,714.0,14.6,9.5,59.0,13.1,56,0.0,3.3
Pune,18.5204,73.8567,2026-01-09 08:00:00,27.2,26.3,802.0,15.5,9.2,65.0,15.4,49,0.0,5.1
Pune,18.5204,73.8567,2026-01-09 09:00:00,28.8,27.5,697.0,12.1,8.9,88.0,19.0,39,0.0,5.4
Pune,18.5204,73.8567,2026-01-09 10:00:00,31.5,29.8,495.0,6.5,8.5,120.0,22.2,35,0.0,8.1
Pune,18.5204,73.8567,2026-01-09 11:00:00,29.2,27.4,339.0,2.3,8.1,144.0,24.6,28,0.0,13.2
Pune,18.5204,73.8567,2026-01-09 12:00:00,24.6,23.0,289.0,1.1,7.4,152.0,26.0,23,0.0,14.0
Pune,18.5204,73.8567,2026-01-09 13:00:00,22.1,20.7,284.0,1.2,6.7,152.0,26.8,22,0.0,12.0
Pune,18.5204,73.8567,2026-01-09 14:00:00,21.1,19.7,288.0,1.7,6.2,150.0,27.1,20,0.0,10.4
Pune,18.5204,73.8567,2026-01-09 15:00:00,20.7,19.3,282.0,1.8,6.1,150.0,27.1,20,0.0,10.3
Pune,18.5204,73.8567,2026-01-09 16:00:00,20.6,19.3,285.0,2.2,6.3,149.0,26.6,20,0.0,11.1
Pune,18.5204,73.8567,2026-01-09 17:00:00,25.4,24.0,311.0,4.0,6.3,144.0,25.6,21,0.0,10.5
Pune,18.5204,73.8567,2026-01-09 18:00:00,29.1,27.9,378.0,8.4,7.0,129.0,23.9,24,0.0,7.0
Pune,18.5204,73.8567,2026-01-09 19:00:00,31.1,29.9,469.0,14.4,8.1,108.0,22.2,28,0.0,4.0
Pune,18.5204,73.8567,2026-01-09 20:00:00,30.9,29.8,545.0,17.8,9.2,94.0,20.9,31,0.0,3.6
Pune,18.5204,73.8567,2026-01-09 21:00:00,29.4,28.5,602.0,16.3,10.3,92.0,20.1,35,0.0,8.3
Pune,18.5204,73.8567,2026-01-09 22:00:00,28.3,27.6,645.0,12.3,11.5,96.0,18.9,38,0.0,6.5
Pune,18.5204,73.8567,2026-01-09 23:00:00,28.0,27.4,648.0,9.0,12.5,99.0,17.7,42,0.0,4.5
Pune,18.5204,73.8567,2026-01-10 00:00:00,28.1,27.5,582.0,7.6,13.4,98.0,17.3,41,0.0,6.0
Pune,18.5204,73.8567,2026-01-10 01:00:00,28.8,28.0,477.0,7.0,14.2,95.0,16.8,43,0.0,5.8
Pune,18.5204,73.8567,2026-01-10 02:00:00,29.5,28.7,396.0,6.6,14.8,92.0,16.3,44,0.0,5.5
Pune,18.5204,73.8567,2026-01-10 03:00:00,30.4,29.5,356.0,6.0,15.1,89.0,15.4,47,0.0,4.9
Pune,18.5204,73.8567,2026-01-10 04:00:00,31.2,30.3,340.0,5.7,15.3,86.0,14.9,50,0.0,4.7
Pune,18.5204,73.8567,2026-01-10 05:00:00,31.0,30.2,366.0,5.4,14.1,88.0,14.9,53,0.0,3.8
Pune,18.5204,73.8567,2026-01-10 06:00:00,31.7,30.7,480.0,8.5,13.7,81.0,14.2,56,0.0,4.8
Pune,18.5204,73.8567,2026-01-10 07:00:00,33.6,32.8,636.0,12.5,13.3,73.0,14.0,58,0.0,4.8
Pune,18.5204,73.8567,2026-01-10 08:00:00,34.9,34.2,710.0,14.3,13.1,73.0,16.0,51,0.0,5.2
Pune,18.5204,73.8567,2026-01-10 09:00:00,34.3,33.3,619.0,11.5,13.7,91.0,19.3,42,0.0,5.3
Pune,18.5204,73.8567,2026-01-10 10:00:00,32.8,31.7,446.0,6.4,14.5,118.0,22.3,35,0.0,8.6
Pune,18.5204,73.8567,2026-01-10 11:00:00,28.5,27.3,315.0,2.5,14.7,139.0,24.3,29,0.0,11.4
Pune,18.5204,73.8567,2026-01-10 12:00:00,25.8,24.8,281.0,1.4,13.6,147.0,25.9,26,0.0,10.8
Pune,18.5204,73.8567,2026-01-10 13:00:00,24.0,23.1,290.0,1.5,11.8,148.0,27.0,23,0.0,8.7
Pune,18.5204,73.8567,2026-01-10 14:00:00,22.8,21.9,305.0,2.0,10.4,148.0,27.6,22,0.0,7.0
Pune,18.5204,73.8567,2026-01-10 15:00:00,22.2,21.4,309.0,1.8,9.5,150.0,27.9,22,0.0,6.4
Pune,18.5204,73.8567,2026-01-10 16:00:00,21.8,21.0,320.0,1.9,9.0,150.0,27.5,22,0.0,7.3
Pune,18.5204,73.8567,2026-01-10 17:00:00,22.5,21.7,352.0,4.7,8.8,152.0,26.2,24,0.0,9.3
Pune,18.5204,73.8567,2026-01-10 18:00:00,29.5,28.8,429.0,12.9,9.8,131.0,24.6,27,0.0,9.7
Pune,18.5204,73.8567,2026-01-10 19:00:00,33.5,32.8,528.0,23.9,11.1,101.0,23.2,32,0.0,10.6
Pune,18.5204,73.8567,2026-01-10 20:00:00,35.2,34.5,597.0,30.6,12.0,80.0,22.0,35,0.0,6.9
Pune,18.5204,73.8567,2026-01-10 21:00:00,34.6,34.0,615.0,29.1,11.8,74.0,20.9,37,0.0,4.5
Pune,18.5204,73.8567,2026-01-10 22:00:00,32.1,31.7,601.0,23.2,11.1,75.0,20.0,39,0.0,7.6
Pune,18.5204,73.8567,2026-01-10 23:00:00,29.1,28.6,566.0,17.6,10.8,78.0,18.7,44,0.0,7.4
Pune,18.5204,73.8567,2026-01-11 00:00:00,26.8,26.4,495.0,13.6,11.3,81.0,17.8,47,0.0,8.5
Pune,18.5204,73.8567,2026-01-11 01:00:00,26.0,25.6,402.0,9.9,12.3,86.0,17.4,48,0.0,8.4
Pune,18.5204,73.8567,2026-01-11 02:00:00,26.0,25.4,335.0,7.2,13.0,88.0,16.9,49,0.0,6.7
Pune,18.5204,73.8567,2026-01-11 03:00:00,26.4,25.7,306.0,5.8,13.5,86.0,16.1,52,0.0,5.8
Pune,18.5204,73.8567,2026-01-11 04:00:00,27.2,26.4,304.0,5.4,13.7,83.0,15.4,54,0.0,4.6
Pune,18.5204,73.8567,2026-01-11 05:00:00,28.1,27.2,343.0,5.9,14.0,79.0,14.8,57,0.0,4.4
Pune,18.5204,73.8567,2026-01-11 06:00:00,29.3,28.3,469.0,8.7,13.1,72.0,14.0,60,0.0,4.0
Pune,18.5204,73.8567,2026-01-11 07:00:00,31.8,30.7,636.0,12.5,11.9,62.0,14.0,60,0.0,3.9
Pune,18.5204,73.8567,2026-01-11 08:00:00,33.4,32.5,718.0,14.1,10.7,62.0,16.2,52,0.0,5.2
Pune,18.5204,73.8567,2026-01-11 09:00:00,33.8,32.5,633.0,11.4,9.8,79.0,19.5,42,0.0,5.6
Pune,18.5204,73.8567,2026-01-11 10:00:00,33.9,32.4,463.0,6.5,9.0,105.0,22.6,35,0.0,7.7
Pune,18.5204,73.8567,2026-01-11 11:00:00,30.3,28.6,329.0,2.8,8.2,126.0,25.0,29,0.0,9.4
Pune,18.5204,73.8567,2026-01-11 12:00:00,27.2,25.7,281.0,1.7,7.4,136.0,26.9,24,0.0,11.8
Pune,18.5204,73.8567,2026-01-11 13:00:00,24.9,23.6,270.0,1.7,6.6,140.0,27.8,22,0.0,11.9
Pune,18.5204,73.8567,2026-01-11 14:00:00,23.4,22.3,265.0,2.1,6.0,142.0,28.2,21,0.0,11.9
Pune,18.5204,73.8567,2026-01-11 15:00:00,22.6,21.5,254.0,2.0,5.6,144.0,28.3,20,0.0,11.9
Pune,18.5204,73.8567,2026-01-11 16:00:00,22.2,21.2,250.0,2.2,5.5,144.0,27.9,20,0.0,12.2
Pune,18.5204,73.8567,2026-01-11 17:00:00,22.4,21.5,260.0,4.3,5.8,138.0,27.0,23,0.0,11.4
Pune,18.5204,73.8567,2026-01-11 18:00:00,25.6,24.9,290.0,10.4,6.8,122.0,25.0,26,0.0,10.1
Pune,18.5204,73.8567,2026-01-11 19:00:00,29.7,28.9,334.0,18.2,8.2,100.0,23.6,27,0.0,10.2
Pune,18.5204,73.8567,2026-01-11 20:00:00,32.0,31.1,379.0,22.9,9.5,84.0,22.7,27,0.0,9.2
Pune,18.5204,73.8567,2026-01-11 21:00:00,32.2,31.5,428.0,21.3,10.5,81.0,21.9,28,0.0,6.9
Pune,18.5204,73.8567,2026-01-11 22:00:00,32.5,31.8,479.0,16.5,11.3,85.0,21.3,29,0.0,5.5
Pune,18.5204,73.8567,2026-01-11 23:00:00,33.1,32.4,508.0,12.4,12.1,88.0,19.9,34,0.0,8.5
Pune,18.5204,73.8567,2026-01-12 00:00:00,32.8,32.1,498.0,10.3,12.9,88.0,18.4,39,0.0,7.4
Pune,18.5204,73.8567,2026-01-12 01:00:00,32.5,31.7,466.0,8.8,13.6,87.0,17.6,42,0.0,6.0
Pune,18.5204,73.8567,2026-01-12 02:00:00,32.0,31.2,443.0,7.8,14.1,85.0,17.0,44,0.0,6.2
Pune,18.5204,73.8567,2026-01-12 03:00:00,31.7,30.7,428.0,7.0,14.4,82.0,16.7,45,0.0,5.9
Pune,18.5204,73.8567,2026-01-12 04:00:00,31.3,30.4,423.0,6.7,14.4,79.0,16.0,48,0.0,3.6
Pune,18.5204,73.8567,2026-01-12 05:00:00,24.0,23.5,459.0,7.8,13.4,73.0,15.9,52,0.0,1.7
Pune,18.5204,73.8567,2026-01-12 06:00:00,25.0,24.4,594.0,10.8,12.9,66.0,15.3,54,0.0,3.0
Pune,18.5204,73.8567,2026-01-12 07:00:00,27.5,27.0,770.0,14.6,12.2,57.0,15.4,54,0.0,3.6
Pune,18.5204,73.8567,2026-01-12 08:00:00,29.0,28.8,850.0,16.1,11.3,57.0,17.1,48,0.0,4.1
Pune,18.5204,73.8567,2026-01-12 09:00:00,25.3,25.0,739.0,12.7,10.3,74.0,20.1,40,0.0,4.8
Pune,18.5204,73.8567,2026-01-12 10:00:00,20.0,19.8,531.0,7.0,9.2,100.0,23.5,35,0.0,6.3
Pune,18.5204,73.8567,2026-01-12 11:00:00,18.9,18.7,369.0,2.6,8.1,119.0,26.5,38,0.0,7.6
Pune,18.5204,73.8567,2026-01-12 12:00:00,18.0,17.7,313.0,1.2,7.0,126.0,28.4,36,0.0,8.7
Pune,18.5204,73.8567,2026-01-12 13:00:00,16.5,16.3,304.0,1.3,5.9,126.0,30.1,33,0.0,8.5
Pune,18.5204,73.8567,2026-01-12 14:00:00,15.1,14.8,305.0,1.8,5.1,125.0,28.9,38,0.4,9.5
Pune,18.5204,73.8567,2026-01-12 15:00:00,14.2,14.0,294.0,1.2,4.4,125.0,28.8,37,0.4,3.4
Pune,18.5204,73.8567,2026-01-12 16:00:00,14.3,14.1,294.0,0.9,4.0,123.0,28.6,37,0.4,3.0
Pune,18.5204,73.8567,2026-01-12 17:00:00,20.4,20.0,335.0,4.5,4.3,119.0,27.8,40,0.3,5.7
Pune,18.5204,73.8567,2026-01-12 18:00:00,26.7,26.3,471.0,15.8,6.1,99.0,26.3,54,0.0,2.4
Pune,18.5204,73.8567,2026-01-12 19:00:00,31.8,31.4,648.0,31.3,8.7,71.0,25.5,60,0.0,0.3
Pune,18.5204,73.8567,2026-01-12 20:00:00,36.0,35.6,741.0,43.2,10.9,50.0,24.8,55,0.0,8.1
Pune,18.5204,73.8567,2026-01-12 21:00:00,40.3,39.9,670.0,48.5,12.6,41.0,24.3,55,0.0,8.0
Pune,18.5204,73.8567,2026-01-12 22:00:00,43.4,43.1,514.0,50.1,13.9,39.0,23.1,60,0.0,1.6
Pune,18.5204,73.8567,2026-01-12 23:00:00,44.6,44.1,390.0,48.8,14.1,40.0,22.6,60,0.0,3.0
Pune,18.5204,73.8567,2026-01-13 00:00:00,42.1,41.8,340.0,43.6,12.3,43.0,21.9,66,0.0,1.3
Pune,18.5204,73.8567,2026-01-13 01:00:00,39.1,38.8,321.0,35.4,9.4,49.0,21.3,66,0.0,5.9
Pune,18.5204,73.8567,2026-01-13 02:00:00,36.0,35.6,317.0,27.7,7.4,55.0,20.7,67,0.0,6.4
Pune,18.5204,73.8567,2026-01-13 03:00:00,33.1,32.6,319.0,20.8,7.4,61.0,20.1,69,0.0,3.7
Pune,18.5204,73.8567,2026-01-13 04:00:00,30.9,30.4,338.0,14.4,8.3,67.0,19.5,71,0.0,4.0
Pune,18.5204,73.8567,2026-01-13 05:00:00,34.5,34.1,385.0,9.0,13.1,73.0,19.0,75,0.0,3.2
Pune,18.5204,73.8567,2026-01-13 06:00:00,36.0,35.5,502.0,12.0,13.4,67.0,18.6,75,0.0,3.4
Pune,18.5204,73.8567,2026-01-13 07:00:00,39.0,38.6,649.0,16.0,13.6,61.0,18.3,77,0.0,3.0
Pune,18.5204,73.8567,2026-01-13 08:00:00,40.0,39.8,716.0,17.4,13.3,63.0,19.9,68,0.0,2.9
Pune,18.5204,73.8567,2026-01-13 09:00:00,35.3,34.9,627.0,13.8,11.9,82.0,22.5,58,0.0,3.7
Pune,18.5204,73.8567,2026-01-13 10:00:00,25.4,25.1,459.0,7.6,9.8,110.0,25.2,49,0.0,2.9
Pune,18.5204,73.8567,2026-01-13 11:00:00,20.1,19.8,329.0,3.0,8.1,132.0,27.3,43,0.0,3.8
Pune,18.5204,73.8567,2026-01-13 12:00:00,16.8,16.6,286.0,1.6,7.0,141.0,29.1,38,0.0,2.3
Pune,18.5204,73.8567,2026-01-13 13:00:00,15.3,15.1,282.0,1.7,6.1,143.0,30.0,36,0.0,2.8
Pune,18.5204,73.8567,2026-01-13 14:00:00,14.7,14.5,285.0,2.1,5.7,143.0,29.8,36,0.0,5.0
Pune,18.5204,73.8567,2026-01-13 15:00:00,15.1,14.9,278.0,2.0,5.6,144.0,29.3,37,0.0,6.3
Pune,18.5204,73.8567,2026-01-13 16:00:00,16.1,15.8,278.0,2.3,6.0,143.0,28.9,38,0.0,7.4
Pune,18.5204,73.8567,2026-01-13 17:00:00,24.7,24.2,309.0,4.5,7.0,133.0,28.4,40,0.0,8.5
Pune,18.5204,73.8567,2026-01-13 18:00:00,28.3,27.9,396.0,9.6,8.9,121.0,27.0,44,0.0,7.7
Pune,18.5204,73.8567,2026-01-13 19:00:00,30.6,30.4,514.0,16.7,11.6,104.0,26.2,48,0.0,4.7
Pune,18.5204,73.8567,2026-01-13 20:00:00,32.7,32.6,609.0,22.6,14.6,91.0,25.1,52,0.0,7.2
Pune,18.5204,73.8567,2026-01-13 21:00:00,35.9,35.7,660.0,26.2,18.1,85.0,24.0,58,0.0,5.2
Pune,18.5204,73.8567,2026-01-13 22:00:00,39.9,39.8,687.0,28.6,22.0,83.0,22.8,69,0.0,1.9
Pune,18.5204,73.8567,2026-01-13 23:00:00,43.7,43.5,703.0,30.1,25.2,81.0,22.4,71,0.0,1.0
Pune,18.5204,73.8567,2026-01-14 00:00:00,47.1,47.0,707.0,30.6,27.1,78.0,21.8,74,0.0,0.3
Pune,18.5204,73.8567,2026-01-14 01:00:00,50.4,50.3,700.0,30.2,28.3,75.0,21.0,76,0.0,0.2
Pune,18.5204,73.8567,2026-01-14 02:00:00,55.3,55.2,687.0,29.6,29.4,72.0,20.3,77,0.0,2.2
Pune,18.5204,73.8567,2026-01-14 03:00:00,60.5,60.5,656.0,28.0,30.6,70.0,19.6,81,0.0,2.5
Pune,18.5204,73.8567,2026-01-14 04:00:00,64.7,64.5,621.0,26.2,31.7,68.0,19.1,84,0.0,2.6
Pune,18.5204,73.8567,2026-01-14 05:00:00,74.3,74.3,629.0,38.1,30.7,46.0,18.7,87,0.0,4.5
Pune,18.5204,73.8567,2026-01-14 06:00:00,76.6,76.4,742.0,44.8,32.6,44.0,18.4,89,0.0,3.1
Pune,18.5204,73.8567,2026-01-14 07:00:00,83.1,82.9,898.0,53.3,34.9,43.0,18.2,90,0.0,2.4
Pune,18.5204,73.8567,2026-01-14 08:00:00,85.7,85.4,957.0,54.3,34.3,52.0,20.0,80,0.0,1.9
Pune,18.5204,73.8567,2026-01-14 09:00:00,50.1,49.6,827.0,40.3,28.0,83.0,22.8,68,0.0,2.3
Pune,18.5204,73.8567,2026-01-14 10:00:00,46.2,45.4,600.0,18.9,18.8,125.0,25.3,56,0.0,3.8
Pune,18.5204,73.8567,2026-01-14 11:00:00,43.0,41.8,418.0,3.0,11.7,155.0,26.5,48,0.0,2.5
Pune,18.5204,73.8567,2026-01-14 12:00:00,30.5,29.8,336.0,0.0,8.9,160.0,27.8,43,0.2,4.9
Pune,18.5204,73.8567,2026-01-14 13:00:00,27.6,27.0,297.0,0.3,8.2,153.0,28.5,41,0.1,5.9
Pune,18.5204,73.8567,2026-01-14 14:00:00,27.1,26.2,277.0,2.1,7.9,147.0,28.7,40,0.0,6.2
Pune,18.5204,73.8567,2026-01-14 15:00:00,25.3,24.6,261.0,1.8,7.3,149.0,28.8,39,0.0,7.2
Pune,18.5204,73.8567,2026-01-14 16:00:00,24.5,23.9,262.0,1.9,7.0,151.0,28.7,39,0.0,8.3
Pune,18.5204,73.8567,2026-01-14 17:00:00,23.9,23.2,295.0,4.4,7.1,141.0,28.1,37,0.0,11.9
Pune,18.5204,73.8567,2026-01-14 18:00:00,26.4,25.9,369.0,10.7,8.7,128.0,26.5,42,0.0,9.0
Pune,18.5204,73.8567,2026-01-14 19:00:00,31.1,30.7,475.0,19.5,11.0,109.0,25.5,44,0.0,6.9
Pune,18.5204,73.8567,2026-01-14 20:00:00,35.5,35.2,600.0,27.0,13.6,92.0,24.2,49,0.0,4.5
Pune,18.5204,73.8567,2026-01-14 21:00:00,39.7,39.3,772.0,31.9,16.7,81.0,23.1,52,0.0,6.3
Pune,18.5204,73.8567,2026-01-14 22:00:00,43.3,43.1,962.0,35.4,20.0,72.0,21.8,59,0.0,5.1
Pune,18.5204,73.8567,2026-01-14 23:00:00,46.1,45.9,1073.0,37.4,22.2,64.0,20.8,66,0.0,3.9
Pune,18.5204,73.8567,2026-01-15 00:00:00,47.8,47.6,1039.0,37.3,22.5,58.0,20.1,69,0.0,4.2
Pune,18.5204,73.8567,2026-01-15 01:00:00,49.0,48.8,925.0,35.6,21.8,53.0,19.5,75,0.0,0.9
Pune,18.5204,73.8567,2026-01-15 02:00:00,50.8,50.5,828.0,33.7,21.0,49.0,18.9,76,0.0,0.8
Pune,18.5204,73.8567,2026-01-15 03:00:00,51.9,51.6,778.0,31.4,20.4,46.0,18.6,75,0.0,0.7
Pune,18.5204,73.8567,2026-01-15 04:00:00,52.0,51.7,745.0,28.9,19.6,43.0,18.4,71,0.0,1.0
Pune,18.5204,73.8567,2026-01-15 05:00:00,51.3,51.0,738.0,26.1,19.5,45.0,17.8,73,0.0,1.5
Pune,18.5204,73.8567,2026-01-15 06:00:00,52.4,52.0,793.0,31.1,20.3,42.0,17.2,75,0.0,0.6
Pune,18.5204,73.8567,2026-01-15 07:00:00,57.0,56.7,875.0,37.5,21.4,39.0,17.3,73,0.0,0.0
Pune,18.5204,73.8567,2026-01-15 08:00:00,55.1,54.7,886.0,38.5,21.6,46.0,19.0,62,0.0,0.2
Pune,18.5204,73.8567,2026-01-15 09:00:00,36.1,35.5,756.0,28.8,20.2,74.0,21.4,54,0.0,2.3
Pune,18.5204,73.8567,2026-01-15 10:00:00,44.5,43.5,556.0,13.7,18.0,113.0,23.9,49,0.0,5.0
Pune,18.5204,73.8567,2026-01-15 11:00:00,47.0,46.1,399.0,2.6,15.7,142.0,26.0,45,0.0,6.6
Pune,18.5204,73.8567,2026-01-15 12:00:00,40.4,39.6,333.0,0.0,13.6,150.0,28.0,40,0.0,6.2
Pune,18.5204,73.8567,2026-01-15 13:00:00,35.0,34.1,311.0,0.6,11.4,147.0,29.1,37,0.0,4.3
Pune,18.5204,73.8567,2026-01-15 14:00:00,32.9,32.0,302.0,1.9,9.9,144.0,30.0,33,0.0,4.9
Pune,18.5204,73.8567,2026-01-15 15:00:00,31.9,30.9,286.0,1.2,9.2,147.0,30.2,30,0.0,6.7
Pune,18.5204,73.8567,2026-01-15 16:00:00,31.1,30.2,282.0,0.9,9.0,150.0,29.5,30,0.0,8.2
Pune,18.5204,73.8567,2026-01-15 17:00:00,28.1,27.4,322.0,4.1,9.7,141.0,28.6,33,0.0,9.6
Pune,18.5204,73.8567,2026-01-15 18:00:00,33.6,33.1,433.0,14.2,11.5,120.0,27.0,36,0.0,6.8
Pune,18.5204,73.8567,2026-01-15 19:00:00,39.7,39.1,586.0,28.5,14.1,90.0,26.0,51,0.0,0.5
Pune,18.5204,73.8567,2026-01-15 20:00:00,46.3,45.9,729.0,40.7,17.1,66.0,24.7,44,0.0,3.4
Pune,18.5204,73.8567,2026-01-15 21:00:00,53.3,52.7,857.0,49.3,20.9,52.0,23.6,48,0.0,4.4
Pune,18.5204,73.8567,2026-01-15 22:00:00,59.0,58.6,975.0,55.9,25.0,42.0,22.9,50,0.0,5.8
Pune,18.5204,73.8567,2026-01-15 23:00:00,63.6,63.1,1037.0,59.6,27.8,36.0,21.2,63,0.0,0.8
Pune,18.5204,73.8567,2026-01-16 00:00:00,67.8,67.3,1014.0,59.9,28.6,33.0,20.1,65,0.0,3.0
Pune,18.5204,73.8567,2026-01-16 01:00:00,70.8,70.3,936.0,57.4,28.0,32.0,19.8,65,0.0,0.5
Pune,18.5204,73.8567,2026-01-16 02:00:00,70.3,69.8,852.0,52.8,26.6,34.0,19.1,67,0.0,1.5
Pune,18.5204,73.8567,2026-01-16 03:00:00,65.7,65.2,748.0,44.8,23.8,38.0,18.5,70,0.0,1.6
Pune,18.5204,73.8567,2026-01-16 04:00:00,59.1,58.7,638.0,34.7,20.2,44.0,17.9,72,0.0,1.3
Pune,18.5204,73.8567,2026-01-16 05:00:00,60.1,59.5,613.0,32.9,18.0,40.0,17.8,69,0.0,0.7
Pune,18.5204,73.8567,2026-01-16 06:00:00,60.1,59.6,778.0,34.2,17.5,38.0,17.2,71,0.0,0.4
Pune,18.5204,73.8567,2026-01-16 07:00:00,61.5,60.8,1028.0,35.5,16.7,36.0,16.8,72,0.0,1.3
Pune,18.5204,73.8567,2026-01-16 08:00:00,57.2,56.7,1136.0,33.4,15.9,45.0,18.6,64,0.0,1.4
Pune,18.5204,73.8567,2026-01-16 09:00:00,40.7,40.4,953.0,24.4,15.3,74.0,21.6,54,0.0,3.7
Pune,18.5204,73.8567,2026-01-16 10:00:00,41.3,40.6,627.0,12.0,14.7,113.0,24.7,46,0.0,5.4
Pune,18.5204,73.8567,2026-01-16 11:00:00,46.2,45.3,378.0,2.8,13.8,142.0,27.2,39,0.0,4.9
Pune,18.5204,73.8567,2026-01-16 12:00:00,47.4,46.2,299.0,0.2,12.4,153.0,29.3,31,0.0,4.3
Pune,18.5204,73.8567,2026-01-16 13:00:00,46.1,44.7,296.0,0.8,10.7,154.0,30.3,28,0.0,2.7
Pune,18.5204,73.8567,2026-01-16 14:00:00,45.5,43.7,307.0,1.9,9.4,153.0,30.9,27,0.0,1.5
Pune,18.5204,73.8567,2026-01-16 15:00:00,45.1,42.7,306.0,1.2,8.6,156.0,31.0,26,0.0,1.3
Pune,18.5204,73.8567,2026-01-16 16:00:00,44.9,42.5,318.0,0.8,8.3,157.0,30.5,27,0.0,2.7
Pune,18.5204,73.8567,2026-01-16 17:00:00,37.7,34.9,356.0,4.4,9.3,148.0,29.6,30,0.0,4.8
Pune,18.5204,73.8567,2026-01-16 18:00:00,43.9,41.4,445.0,14.8,11.2,126.0,27.5,35,0.0,9.3
Pune,18.5204,73.8567,2026-01-16 19:00:00,50.3,47.8,560.0,29.1,13.9,96.0,26.3,37,0.0,1.9
Pune,18.5204,73.8567,2026-01-16 20:00:00,54.6,52.5,644.0,38.9,17.1,74.0,24.8,42,0.0,11.4
Pune,18.5204,73.8567,2026-01-16 21:00:00,52.7,51.5,669.0,39.9,21.0,68.0,23.6,43,0.0,2.9
Pune,18.5204,73.8567,2026-01-16 22:00:00,50.5,49.8,663.0,36.5,25.4,71.0,22.4,48,0.0,5.4
Pune,18.5204,73.8567,2026-01-16 23:00:00,50.1,49.6,651.0,33.2,28.8,73.0,21.8,51,0.0,5.3
Pune,18.5204,73.8567,2026-01-17 00:00:00,49.8,49.6,637.0,31.4,30.7,72.0,20.8,57,0.0,4.7
Pune,18.5204,73.8567,2026-01-17 01:00:00,51.7,51.5,617.0,29.7,31.6,70.0,20.4,59,0.0,3.9
Pune,18.5204,73.8567,2026-01-17 02:00:00,54.5,54.2,602.0,28.3,32.2,68.0,19.5,63,0.0,2.4
Pune,18.5204,73.8567,2026-01-17 03:00:00,58.0,57.7,577.0,26.6,32.6,65.0,19.0,65,0.0,0.9
Pune,18.5204,73.8567,2026-01-17 04:00:00,61.0,60.8,558.0,25.3,32.7,62.0,18.8,65,0.0,0.8
Pune,18.5204,73.8567,2026-01-17 05:00:00,63.1,62.6,603.0,27.0,33.4,57.0,18.0,69,0.0,2.5
Pune,18.5204,73.8567,2026-01-17 06:00:00,65.7,65.4,803.0,34.0,34.6,50.0,17.5,71,0.0,0.6
Pune,18.5204,73.8567,2026-01-17 07:00:00,70.8,70.5,1067.0,43.0,36.1,42.0,17.5,71,0.0,0.2
Pune,18.5204,73.8567,2026-01-17 08:00:00,72.9,72.6,1183.0,45.3,35.2,48.0,19.5,61,0.0,1.7
Pune,18.5204,73.8567,2026-01-17 09:00:00,42.6,42.1,1006.0,34.3,29.9,80.0,22.7,46,0.0,1.6
Pune,18.5204,73.8567,2026-01-17 10:00:00,35.3,34.2,681.0,16.6,22.3,125.0,25.5,38,0.0,3.4
Pune,18.5204,73.8567,2026-01-17 11:00:00,38.9,37.1,428.0,3.5,16.3,159.0,27.4,32,0.0,3.8
Pune,18.5204,73.8567,2026-01-17 12:00:00,39.6,37.5,341.0,0.0,13.5,171.0,28.9,30,0.0,5.0
Pune,18.5204,73.8567,2026-01-17 13:00:00,38.4,36.1,328.0,1.0,12.3,173.0,29.9,27,0.0,5.3
Pune,18.5204,73.8567,2026-01-17 14:00:00,36.6,34.1,327.0,2.5,11.7,172.0,30.4,25,0.0,3.8
Pune,18.5204,73.8567,2026-01-17 15:00:00,34.3,31.9,320.0,2.7,11.2,173.0,30.7,23,0.0,4.9
Pune,18.5204,73.8567,2026-01-17 16:00:00,32.2,30.0,326.0,3.3,11.2,172.0,29.9,24,0.0,13.7
Pune,18.5204,73.8567,2026-01-17 17:00:00,25.0,23.7,346.0,4.8,11.4,148.0,28.0,29,0.0,16.5
Pune,18.5204,73.8567,2026-01-17 18:00:00,24.2,23.6,381.0,8.9,13.9,135.0,25.9,32,0.0,11.9
Pune,18.5204,73.8567,2026-01-17 19:00:00,23.2,22.9,429.0,14.7,17.5,117.0,24.9,34,0.0,9.1
Pune,18.5204,73.8567,2026-01-17 20:00:00,24.0,23.9,485.0,19.5,21.1,102.0,23.7,37,0.0,8.8
Pune,18.5204,73.8567,2026-01-17 21:00:00,27.7,27.5,564.0,22.6,24.8,93.0,22.5,42,0.0,9.2
Pune,18.5204,73.8567,2026-01-17 22:00:00,31.9,31.8,650.0,24.7,28.5,87.0,21.3,47,0.0,6.0
Pune,18.5204,73.8567,2026-01-17 23:00:00,35.3,34.9,692.0,25.8,31.4,81.0,20.3,52,0.0,5.7
Pune,18.5204,73.8567,2026-01-18 00:00:00,37.1,36.8,656.0,25.5,32.7,75.0,19.4,57,0.0,5.9
Pune,18.5204,73.8567,2026-01-18 01:00:00,38.9,38.4,576.0,24.2,33.2,71.0,18.7,60,0.0,5.5
Pune,18.5204,73.8567,2026-01-18 02:00:00,41.4,40.9,504.0,23.1,33.6,66.0,18.3,62,0.0,7.0
Pune,18.5204,73.8567,2026-01-18 03:00:00,43.9,43.2,430.0,21.9,34.2,62.0,17.9,64,0.0,6.1
Pune,18.5204,73.8567,2026-01-18 04:00:00,47.3,46.4,364.0,21.0,34.7,57.0,17.7,65,0.0,6.0
Pune,18.5204,73.8567,2026-01-18 05:00:00,50.8,49.8,382.0,21.4,36.4,59.0,17.6,63,0.0,5.4
Pune,18.5204,73.8567,2026-01-18 06:00:00,54.7,53.7,589.0,28.6,38.0,52.0,17.2,65,0.0,4.7
Pune,18.5204,73.8567,2026-01-18 07:00:00,61.9,60.8,879.0,38.0,40.0,43.0,16.8,67,0.0,3.1
Pune,18.5204,73.8567,2026-01-18 08:00:00,63.8,62.9,1016.0,41.2,38.9,43.0,19.2,58,0.0,4.2
Pune,18.5204,73.8567,2026-01-18 09:00:00,31.4,30.0,842.0,31.9,32.2,61.0,22.5,47,0.0,4.3
Pune,18.5204,73.8567,2026-01-18 10:00:00,20.8,19.5,514.0,16.4,22.5,87.0,25.0,39,0.0,5.8
Pune,18.5204,73.8567,2026-01-18 11:00:00,16.3,15.0,268.0,4.6,14.7,109.0,26.8,35,0.0,7.2
Pune,18.5204,73.8567,2026-01-18 12:00:00,16.6,15.0,207.0,1.0,10.7,120.0,28.6,30,0.0,9.7
Pune,18.5204,73.8567,2026-01-18 13:00:00,19.7,17.6,226.0,1.3,8.6,125.0,29.1,29,0.0,12.9
Pune,18.5204,73.8567,2026-01-18 14:00:00,19.7,17.8,251.0,2.0,7.6,128.0,28.9,30,0.0,14.3
Pune,18.5204,73.8567,2026-01-18 15:00:00,18.9,17.1,253.0,2.0,7.3,129.0,28.2,32,0.0,15.8
Pune,18.5204,73.8567,2026-01-18 16:00:00,18.7,17.2,260.0,2.5,8.0,128.0,27.5,33,0.0,15.6
Pune,18.5204,73.8567,2026-01-18 17:00:00,24.0,22.1,277.0,3.9,10.0,128.0,25.6,43,0.0,15.9
Pune,18.5204,73.8567,2026-01-18 18:00:00,25.4,24.1,306.0,7.3,13.0,124.0,22.9,59,0.0,14.5
Pune,18.5204,73.8567,2026-01-18 19:00:00,29.0,27.9,345.0,12.2,17.2,118.0,21.7,64,0.0,10.5
Pune,18.5204,73.8567,2026-01-18 20:00:00,33.3,32.1,390.0,16.5,20.7,110.0,20.6,68,0.0,6.6
Pune,18.5204,73.8567,2026-01-18 21:00:00,36.8,35.6,446.0,19.9,22.7,99.0,19.6,73,0.0,7.9
Pune,18.5204,73.8567,2026-01-18 22:00:00,39.6,38.3,507.0,22.8,24.0,87.0,18.7,77,0.0,6.6
Pune,18.5204,73.8567,2026-01-18 23:00:00,41.9,40.5,552.0,24.5,24.7,76.0,18.0,82,0.0,4.5
Pune,18.5204,73.8567,2026-01-19 00:00:00,43.3,41.8,570.0,24.3,24.8,70.0,17.6,82,0.0,2.5
Pune,18.5204,73.8567,2026-01-19 01:00:00,46.4,44.6,571.0,23.0,24.4,65.0,17.2,83,0.0,2.4
Pune,18.5204,73.8567,2026-01-19 02:00:00,50.3,48.2,567.0,22.1,24.0,61.0,16.7,86,0.0,2.7
Pune,18.5204,73.8567,2026-01-19 03:00:00,55.1,52.6,545.0,22.1,23.7,55.0,16.2,89,0.0,3.3
Pune,18.5204,73.8567,2026-01-19 04:00:00,59.4,56.7,518.0,22.5,23.3,48.0,15.6,92,0.0,3.6
Pune,18.5204,73.8567,2026-01-19 05:00:00,66.1,63.3,529.0,23.7,22.4,45.0,14.8,96,0.0,3.1
Pune,18.5204,73.8567,2026-01-19 06:00:00,70.8,68.0,633.0,27.8,24.2,41.0,14.3,97,0.0,2.7
Pune,18.5204,73.8567,2026-01-19 07:00:00,77.3,74.3,775.0,33.1,26.6,36.0,14.3,98,0.0,2.5
Pune,18.5204,73.8567,2026-01-19 08:00:00,73.8,71.2,836.0,33.9,26.9,42.0,16.1,85,0.0,0.0
Pune,18.5204,73.8567,2026-01-19 09:00:00,41.7,38.9,737.0,25.8,23.3,68.0,19.1,67,0.0,2.5
Pune,18.5204,73.8567,2026-01-19 10:00:00,36.6,34.0,556.0,13.3,17.7,106.0,22.1,50,0.0,2.6
Pune,18.5204,73.8567,2026-01-19 11:00:00,31.9,29.5,410.0,3.9,13.2,135.0,24.0,40,0.0,2.4
Pune,18.5204,73.8567,2026-01-19 12:00:00,29.7,27.4,345.0,1.1,11.1,149.0,26.5,33,0.0,2.3
Pune,18.5204,73.8567,2026-01-19 13:00:00,29.4,27.1,314.0,1.4,10.2,154.0,27.9,30,0.0,3.5
Pune,18.5204,73.8567,2026-01-19 14:00:00,29.0,26.7,295.0,2.2,9.8,158.0,28.8,27,0.0,5.6
Pune,18.5204,73.8567,2026-01-19 15:00:00,28.2,26.0,275.0,2.2,9.7,163.0,29.0,25,0.0,9.6
Pune,18.5204,73.8567,2026-01-19 16:00:00,27.9,25.7,265.0,2.7,10.1,165.0,28.1,25,0.0,13.8
Pune,18.5204,73.8567,2026-01-19 17:00:00,35.4,32.4,280.0,4.3,10.6,156.0,26.7,28,0.0,14.5
Pune,18.5204,73.8567,2026-01-19 18:00:00,37.5,35.2,336.0,7.8,12.7,147.0,24.6,33,0.0,13.0
Pune,18.5204,73.8567,2026-01-19 19:00:00,39.6,37.3,415.0,12.8,15.6,134.0,22.7,44,0.0,11.8
Pune,18.5204,73.8567,2026-01-19 20:00:00,40.2,37.7,479.0,17.3,18.3,120.0,20.9,53,0.0,8.0
Pune,18.5204,73.8567,2026-01-19 21:00:00,41.1,38.3,510.0,20.8,20.6,107.0,19.9,60,0.0,7.6
Pune,18.5204,73.8567,2026-01-19 22:00:00,43.1,39.9,525.0,23.8,22.6,93.0,19.0,66,0.0,7.3
Pune,18.5204,73.8567,2026-01-19 23:00:00,46.7,43.1,539.0,26.1,24.0,81.0,18.3,71,0.0,4.8
Pune,18.5204,73.8567,2026-01-20 00:00:00,49.7,45.8,557.0,27.7,24.3,70.0,17.8,74,0.0,5.9
Pune,18.5204,73.8567,2026-01-20 01:00:00,53.6,49.1,574.0,28.7,23.8,60.0,17.1,78,0.0,1.5
Pune,18.5204,73.8567,2026-01-20 02:00:00,56.7,51.9,586.0,29.1,23.3,52.0,16.8,80,0.0,3.3
Pune,18.5204,73.8567,2026-01-20 03:00:00,58.2,53.1,587.0,28.1,22.8,47.0,16.1,85,0.0,1.9
Pune,18.5204,73.8567,2026-01-20 04:00:00,58.9,53.2,583.0,26.5,22.3,43.0,15.6,87,0.0,1.2
Pune,18.5204,73.8567,2026-01-20 05:00:00,63.6,57.3,586.0,27.5,23.2,40.0,15.0,90,0.0,0.6
Pune,18.5204,73.8567,2026-01-20 06:00:00,65.9,59.3,613.0,32.8,23.9,35.0,14.9,89,0.0,0.8
Pune,18.5204,73.8567,2026-01-20 07:00:00,71.9,65.0,646.0,39.6,24.8,29.0,15.1,87,0.0,0.3
Pune,18.5204,73.8567,2026-01-20 08:00:00,72.2,66.6,644.0,40.7,24.5,36.0,17.0,70,0.0,1.5
Pune,18.5204,73.8567,2026-01-20 09:00:00,48.3,43.7,576.0,30.6,22.4,69.0,19.6,58,0.0,4.2
Pune,18.5204,73.8567,2026-01-20 10:00:00,52.0,48.7,474.0,14.9,19.1,114.0,22.2,50,0.0,7.3
Pune,18.5204,73.8567,2026-01-20 11:00:00,49.7,47.0,389.0,3.2,15.9,149.0,24.4,45,0.0,8.5
Pune,18.5204,73.8567,2026-01-20 12:00:00,39.8,37.6,339.0,0.0,12.8,161.0,27.1,37,0.0,6.7
Pune,18.5204,73.8567,2026-01-20 13:00:00,33.5,31.8,307.0,0.8,9.8,162.0,29.0,27,0.0,4.7
Pune,18.5204,73.8567,2026-01-20 14:00:00,31.3,29.6,289.0,2.0,7.7,162.0,29.5,24,0.0,7.2
Pune,18.5204,73.8567,2026-01-20 15:00:00,30.0,28.6,277.0,1.3,7.0,165.0,29.2,25,0.0,7.8
Pune,18.5204,73.8567,2026-01-20 16:00:00,29.6,28.1,280.0,1.1,7.2,167.0,29.0,26,0.0,6.0
Pune,18.5204,73.8567,2026-01-20 17:00:00,32.7,31.3,317.0,4.1,8.5,153.0,28.4,26,0.0,8.6
Pune,18.5204,73.8567,2026-01-20 18:00:00,38.1,36.8,417.0,14.4,10.2,130.0,27.1,27,0.0,6.4
Pune,18.5204,73.8567,2026-01-20 19:00:00,46.0,44.6,551.0,28.6,12.8,99.0,24.6,42,0.0,9.4
Pune,18.5204,73.8567,2026-01-20 20:00:00,53.6,52.0,661.0,39.1,15.8,75.0,22.6,56,0.0,7.4
Pune,18.5204,73.8567,2026-01-20 21:00:00,61.5,59.6,723.0,42.6,19.6,65.0,21.8,58,0.0,2.9
Pune,18.5204,73.8567,2026-01-20 22:00:00,66.6,64.3,761.0,42.5,23.8,63.0,21.0,62,0.0,4.9
Pune,18.5204,73.8567,2026-01-20 23:00:00,70.8,68.0,782.0,41.2,27.0,62.0,20.1,68,0.0,5.9
Pune,18.5204,73.8567,2026-01-21 00:00:00,75.9,72.4,788.0,39.3,28.3,61.0,19.2,72,0.0,2.6
Pune,18.5204,73.8567,2026-01-21 01:00:00,80.3,76.4,777.0,36.3,28.6,61.0,18.5,76,0.0,3.1
Pune,18.5204,73.8567,2026-01-21 02:00:00,84.8,80.6,758.0,33.3,28.6,61.0,17.7,80,0.0,2.7
Pune,18.5204,73.8567,2026-01-21 03:00:00,89.6,85.2,713.0,30.4,28.9,62.0,17.3,83,0.0,1.5
Pune,18.5204,73.8567,2026-01-21 04:00:00,92.7,88.2,659.0,27.5,29.0,63.0,16.9,84,0.0,0.6
Pune,18.5204,73.8567,2026-01-21 05:00:00,42.4,41.9,652.0,14.8,9.9,59.0,16.5,85,0.0,0.4
Pune,18.5204,73.8567,2026-01-21 06:00:00,38.6,38.3,763.0,16.5,9.7,55.0,15.9,85,0.0,2.1
Pune,18.5204,73.8567,2026-01-21 07:00:00,37.6,37.4,922.0,18.6,9.4,51.0,15.8,83,0.0,2.9
Pune,18.5204,73.8567,2026-01-21 08:00:00,34.8,34.7,973.0,18.5,9.5,57.0,17.9,69,0.0,3.8
Pune,18.5204,73.8567,2026-01-21 09:00:00,28.7,28.5,805.0,14.0,10.3,83.0,21.0,50,0.0,5.0
Pune,18.5204,73.8567,2026-01-21 10:00:00,29.2,28.8,529.0,7.2,11.5,120.0,24.5,38,0.0,3.9
Pune,18.5204,73.8567,2026-01-21 11:00:00,29.8,29.3,321.0,2.2,11.8,147.0,26.8,30,0.0,9.2
Pune,18.5204,73.8567,2026-01-21 12:00:00,29.1,28.5,261.0,0.8,10.6,156.0,28.2,27,0.0,11.1
Pune,18.5204,73.8567,2026-01-21 13:00:00,29.2,28.6,269.0,1.1,8.6,156.0,29.5,23,0.0,10.4
Pune,18.5204,73.8567,2026-01-21 14:00:00,29.5,28.9,284.0,1.7,7.1,154.0,29.4,22,0.0,11.1
Pune,18.5204,73.8567,2026-01-21 15:00:00,29.6,29.0,285.0,1.3,6.2,154.0,29.2,22,0.0,9.2
Pune,18.5204,73.8567,2026-01-21 16:00:00,29.7,29.2,294.0,1.1,5.8,152.0,28.7,22,0.0,7.0
Pune,18.5204,73.8567,2026-01-21 17:00:00,41.8,40.9,312.0,4.0,6.0,144.0,28.0,24,0.0,11.1
Pune,18.5204,73.8567,2026-01-21 18:00:00,47.6,46.8,329.0,12.5,8.3,128.0,26.6,28,0.0,9.6
Pune,18.5204,73.8567,2026-01-21 19:00:00,54.4,53.7,356.0,24.4,11.6,105.0,25.1,33,0.0,10.0
Pune,18.5204,73.8567,2026-01-21 20:00:00,60.1,59.3,431.0,34.0,14.8,86.0,23.8,37,0.0,9.6
Pune,18.5204,73.8567,2026-01-21 21:00:00,65.0,64.3,611.0,39.2,17.9,74.0,22.7,39,0.0,6.3
Pune,18.5204,73.8567,2026-01-21 22:00:00,70.5,69.6,839.0,42.2,21.0,65.0,21.8,43,0.0,2.3
Pune,18.5204,73.8567,2026-01-21 23:00:00,75.7,75.0,982.0,43.4,22.7,59.0,21.0,46,0.0,2.4
Pune,18.5204,73.8567,2026-01-22 00:00:00,75.9,75.0,960.0,42.7,22.3,57.0,20.2,49,0.0,2.0
Pune,18.5204,73.8567,2026-01-22 01:00:00,74.0,73.1,853.0,40.2,20.5,57.0,19.6,51,0.0,1.9
Pune,18.5204,73.8567,2026-01-22 02:00:00,70.5,69.6,770.0,37.2,18.8,58.0,18.9,53,0.0,2.8
Pune,18.5204,73.8567,2026-01-22 03:00:00,67.3,66.4,747.0,33.7,17.6,57.0,18.7,54,0.0,0.9
Pune,18.5204,73.8567,2026-01-22 04:00:00,63.6,62.9,747.0,29.6,16.4,57.0,17.9,56,0.0,2.1
Pune,18.5204,73.8567,2026-01-22 05:00:00,49.8,49.1,768.0,9.3,11.0,73.0,17.6,58,0.0,0.6
Pune,18.5204,73.8567,2026-01-22 06:00:00,50.8,49.9,848.0,13.3,11.6,66.0,17.2,60,0.0,1.3
Pune,18.5204,73.8567,2026-01-22 07:00:00,54.2,53.4,948.0,18.5,12.4,57.0,16.8,61,0.0,2.9
Pune,18.5204,73.8567,2026-01-22 08:00:00,54.9,54.4,957.0,20.5,12.7,60.0,18.5,55,0.0,4.4
Pune,18.5204,73.8567,2026-01-22 09:00:00,50.9,50.3,782.0,16.0,12.4,85.0,21.8,44,0.0,5.4
Pune,18.5204,73.8567,2026-01-22 10:00:00,44.2,43.4,516.0,8.2,11.6,120.0,25.0,36,0.0,8.4
Pune,18.5204,73.8567,2026-01-22 11:00:00,40.9,39.8,317.0,2.3,10.6,146.0,26.5,29,0.0,12.4
Pune,18.5204,73.8567,2026-01-22 12:00:00,39.9,38.9,260.0,0.7,9.2,153.0,27.7,25,0.0,10.7
Pune,18.5204,73.8567,2026-01-22 13:00:00,38.6,37.7,271.0,1.0,7.5,150.0,28.3,24,0.0,8.7
Pune,18.5204,73.8567,2026-01-22 14:00:00,37.6,36.6,288.0,1.7,6.2,146.0,28.6,22,0.0,5.8
Pune,18.5204,73.8567,2026-01-22 15:00:00,36.7,35.6,288.0,0.8,5.3,146.0,28.6,21,0.0,3.8
Pune,18.5204,73.8567,2026-01-22 16:00:00,36.2,35.3,293.0,0.3,4.9,146.0,28.3,22,0.0,2.7
Pune,18.5204,73.8567,2026-01-22 17:00:00,56.1,54.5,316.0,4.0,5.8,136.0,27.9,21,0.0,4.2
Pune,18.5204,73.8567,2026-01-22 18:00:00,64.0,62.6,361.0,15.9,8.7,116.0,25.8,37,0.0,0.5
Pune,18.5204,73.8567,2026-01-22 19:00:00,71.0,69.8,423.0,32.5,12.8,88.0,24.2,29,0.0,3.5
Pune,18.5204,73.8567,2026-01-22 20:00:00,75.9,74.7,494.0,45.6,16.5,66.0,22.9,36,0.0,4.0
Pune,18.5204,73.8567,2026-01-22 21:00:00,78.9,77.8,595.0,52.2,19.5,54.0,21.9,38,0.0,5.1
Pune,18.5204,73.8567,2026-01-22 22:00:00,83.1,82.0,705.0,55.4,22.2,48.0,20.3,47,0.0,7.0
Pune,18.5204,73.8567,2026-01-22 23:00:00,89.4,88.0,760.0,56.2,24.2,44.0,19.5,54,0.0,7.7
Pune,18.5204,73.8567,2026-01-23 00:00:00,92.9,91.5,711.0,54.5,25.1,42.0,19.2,61,0.0,7.1
Pune,18.5204,73.8567,2026-01-23 01:00:00,91.5,90.3,607.0,50.4,25.4,42.0,18.6,66,0.0,5.6
Pune,18.5204,73.8567,2026-01-23 02:00:00,92.0,90.8,529.0,45.4,25.7,44.0,17.8,72,0.0,3.1
Pune,18.5204,73.8567,2026-01-23 03:00:00,92.2,91.3,498.0,38.3,26.2,49.0,17.4,74,0.0,4.7
Pune,18.5204,73.8567,2026-01-23 04:00:00,94.5,93.4,493.0,30.4,26.8,56.0,16.8,77,0.0,2.7
Pune,18.5204,73.8567,2026-01-23 05:00:00,111.8,110.6,538.0,65.5,29.8,15.0,16.6,80,0.0,3.5
Pune,18.5204,73.8567,2026-01-23 06:00:00,113.6,112.2,694.0,65.4,30.9,16.0,16.6,80,0.0,0.5
Pune,18.5204,73.8567,2026-01-23 07:00:00,119.7,118.3,899.0,64.5,32.1,18.0,16.4,81,0.0,1.6
Pune,18.5204,73.8567,2026-01-23 08:00:00,120.1,119.2,989.0,58.3,30.8,33.0,18.2,72,0.0,0.4
Pune,18.5204,73.8567,2026-01-23 09:00:00,89.6,88.2,853.0,41.5,24.4,71.0,21.2,59,0.0,1.8
Pune,18.5204,73.8567,2026-01-23 10:00:00,59.8,58.4,602.0,19.3,15.4,121.0,24.2,46,0.0,5.4
Pune,18.5204,73.8567,2026-01-23 11:00:00,42.8,41.7,405.0,3.1,8.6,158.0,26.2,33,0.0,6.0
Pune,18.5204,73.8567,2026-01-23 12:00:00,38.6,37.5,332.0,0.0,6.3,169.0,27.9,25,0.0,7.6
Pune,18.5204,73.8567,2026-01-23 13:00:00,37.6,36.4,313.0,0.0,6.2,166.0,28.4,24,0.0,9.4
Pune,18.5204,73.8567,2026-01-23 14:00:00,36.6,35.4,310.0,1.8,6.4,162.0,28.6,23,0.0,9.6
Pune,18.5204,73.8567,2026-01-23 15:00:00,35.7,34.6,309.0,1.3,6.2,163.0,28.4,24,0.0,7.9
Pune,18.5204,73.8567,2026-01-23 16:00:00,36.0,34.8,324.0,1.2,6.3,163.0,28.0,25,0.0,5.0
Pune,18.5204,73.8567,2026-01-23 17:00:00,49.8,48.1,354.0,4.0,7.6,157.0,27.4,27,0.0,2.6
Pune,18.5204,73.8567,2026-01-23 18:00:00,55.8,54.4,411.0,12.6,10.8,141.0,26.4,30,0.0,3.9
Pune,18.5204,73.8567,2026-01-23 19:00:00,62.6,61.2,483.0,24.3,15.4,119.0,24.3,37,0.0,10.2
Pune,18.5204,73.8567,2026-01-23 20:00:00,67.5,66.1,542.0,32.3,19.6,101.0,21.8,58,0.0,8.9
Pune,18.5204,73.8567,2026-01-23 21:00:00,67.5,66.1,576.0,33.0,23.2,93.0,20.8,62,0.0,10.4
Pune,18.5204,73.8567,2026-01-23 22:00:00,66.8,65.4,596.0,29.9,26.5,90.0,20.1,65,0.0,8.8
Pune,18.5204,73.8567,2026-01-23 23:00:00,67.3,65.7,605.0,26.9,28.3,86.0,19.5,69,0.0,4.3
Pune,18.5204,73.8567,2026-01-24 00:00:00,68.5,66.8,596.0,25.0,27.9,80.0,19.2,71,0.0,0.9
Pune,18.5204,73.8567,2026-01-24 01:00:00,70.5,68.7,576.0,23.2,26.0,73.0,19.0,72,0.0,4.3
Pune,18.5204,73.8567,2026-01-24 02:00:00,72.2,69.8,569.0,21.6,23.9,67.0,18.1,77,0.0,0.8
Pune,18.5204,73.8567,2026-01-24 03:00:00,72.2,69.6,586.0,20.1,21.8,62.0,17.3,80,0.0,2.6
Pune,18.5204,73.8567,2026-01-24 04:00:00,71.2,68.5,617.0,18.8,19.6,57.0,16.9,85,0.0,0.2
Pune,18.5204,73.8567,2026-01-24 05:00:00,79.6,77.1,653.0,19.2,18.3,52.0,16.3,87,0.0,0.4
Pune,18.5204,73.8567,2026-01-24 06:00:00,78.7,75.9,714.0,22.4,18.7,49.0,16.0,89,0.0,0.6
Pune,18.5204,73.8567,2026-01-24 07:00:00,80.6,77.5,780.0,26.4,19.2,47.0,15.9,91,0.0,0.5
Pune,18.5204,73.8567,2026-01-24 08:00:00,76.1,73.3,788.0,26.9,18.9,54.0,17.2,83,0.0,2.3
Pune,18.5204,73.8567,2026-01-24 09:00:00,58.1,53.1,687.0,20.3,17.1,81.0,19.8,68,0.0,3.7
Pune,18.5204,73.8567,2026-01-24 10:00:00,54.7,50.8,527.0,10.1,14.5,118.0,22.9,53,0.0,5.5
Pune,18.5204,73.8567,2026-01-24 11:00:00,44.4,42.1,402.0,2.6,12.0,146.0,25.0,44,0.0,5.7
Pune,18.5204,73.8567,2026-01-24 12:00:00,37.5,35.9,349.0,0.5,9.7,158.0,27.3,32,0.0,9.1
Pune,18.5204,73.8567,2026-01-24 13:00:00,36.1,34.3,329.0,1.1,7.5,161.0,28.1,29,0.0,9.8
Pune,18.5204,73.8567,2026-01-24 14:00:00,35.5,33.5,321.0,1.9,6.1,163.0,28.7,27,0.0,8.3
Pune,18.5204,73.8567,2026-01-24 15:00:00,35.3,33.2,306.0,1.2,5.6,167.0,29.2,24,0.0,4.4
Pune,18.5204,73.8567,2026-01-24 16:00:00,35.4,33.3,303.0,0.8,5.7,170.0,28.9,24,0.0,6.3
Pune,18.5204,73.8567,2026-01-24 17:00:00,53.6,50.5,342.0,3.9,6.5,153.0,27.5,27,0.0,6.6
Pune,18.5204,73.8567,2026-01-24 18:00:00,58.7,56.1,468.0,11.6,8.5,133.0,25.9,31,0.0,3.3
Pune,18.5204,73.8567,2026-01-24 19:00:00,65.2,62.6,637.0,22.4,11.4,106.0,24.7,35,0.0,6.8
Pune,18.5204,73.8567,2026-01-24 20:00:00,69.8,67.3,741.0,31.6,14.5,83.0,23.2,39,0.0,2.2
Pune,18.5204,73.8567,2026-01-24 21:00:00,74.3,71.7,717.0,38.1,17.9,68.0,21.9,49,0.0,10.5
Pune,18.5204,73.8567,2026-01-24 22:00:00,81.5,78.7,628.0,43.0,21.5,58.0,20.8,60,0.0,4.0
Pune,18.5204,73.8567,2026-01-24 23:00:00,85.7,82.7,560.0,45.4,24.2,51.0,20.0,66,0.0,5.4
Pune,18.5204,73.8567,2026-01-25 00:00:00,87.3,83.8,546.0,44.1,25.6,48.0,19.1,71,0.0,6.9
Pune,18.5204,73.8567,2026-01-25 01:00:00,91.0,87.3,553.0,40.3,26.3,48.0,18.6,73,0.0,3.0
Pune,18.5204,73.8567,2026-01-25 02:00:00,95.2,90.8,570.0,36.9,26.4,48.0,18.2,75,0.0,3.7
Pune,18.5204,73.8567,2026-01-25 03:00:00,98.5,93.6,588.0,34.8,26.1,45.0,17.7,80,0.0,0.3
Pune,18.5204,73.8567,2026-01-25 04:00:00,99.9,94.5,616.0,33.0,25.3,41.0,17.2,79,0.0,0.7
Pune,18.5204,73.8567,2026-01-25 05:00:00,89.6,86.4,669.0,29.3,17.5,48.0,16.5,85,0.0,1.9
Pune,18.5204,73.8567,2026-01-25 06:00:00,84.1,81.0,797.0,29.8,16.3,46.0,15.7,90,0.0,2.7
Pune,18.5204,73.8567,2026-01-25 07:00:00,81.0,78.5,951.0,30.0,14.7,45.0,15.6,91,0.0,0.2
Pune,18.5204,73.8567,2026-01-25 08:00:00,71.0,69.4,998.0,27.7,12.8,53.0,17.6,79,0.0,2.8
Pune,18.5204,73.8567,2026-01-25 09:00:00,48.7,47.7,838.0,20.1,10.6,79.0,20.9,60,0.0,4.2
Pune,18.5204,73.8567,2026-01-25 10:00:00,41.4,40.7,572.0,9.9,8.2,115.0,24.2,45,0.0,4.6
Pune,18.5204,73.8567,2026-01-25 11:00:00,39.7,38.8,368.0,2.4,6.4,142.0,26.0,43,0.0,6.8
Pune,18.5204,73.8567,2026-01-25 12:00:00,36.4,35.0,302.0,0.3,5.5,153.0,28.1,35,0.0,7.7
Pune,18.5204,73.8567,2026-01-25 13:00:00,35.2,33.4,299.0,0.9,5.1,155.0,29.2,31,0.0,8.0
Pune,18.5204,73.8567,2026-01-25 14:00:00,34.5,32.5,305.0,1.8,4.9,155.0,29.5,29,0.0,8.3
Pune,18.5204,73.8567,2026-01-25 15:00:00,34.0,31.8,290.0,0.9,4.6,158.0,29.7,28,0.0,6.3
Pune,18.5204,73.8567,2026-01-25 16:00:00,33.5,31.3,285.0,0.4,4.5,159.0,29.5,27,0.0,3.5
Pune,18.5204,73.8567,2026-01-25 17:00:00,51.5,48.1,327.0,4.2,5.6,153.0,28.6,29,0.0,4.2
Pune,18.5204,73.8567,2026-01-25 18:00:00,59.6,56.3,467.0,16.3,8.1,128.0,27.0,34,0.0,2.2
Pune,18.5204,73.8567,2026-01-25 19:00:00,68.2,65.0,655.0,33.2,11.8,94.0,25.6,39,0.0,1.5
Pune,18.5204,73.8567,2026-01-25 20:00:00,75.0,71.7,781.0,47.0,15.6,67.0,24.9,39,0.0,1.5
Pune,18.5204,73.8567,2026-01-25 21:00:00,82.0,78.7,789.0,54.9,19.8,54.0,23.4,43,0.0,3.8
Pune,18.5204,73.8567,2026-01-25 22:00:00,89.6,86.1,735.0,59.7,24.1,47.0,22.3,48,0.0,2.8
Pune,18.5204,73.8567,2026-01-25 23:00:00,98.7,95.5,682.0,62.3,27.2,42.0,21.3,54,0.0,1.9
Pune,18.5204,73.8567,2026-01-26 00:00:00,104.5,101.3,643.0,62.7,28.1,37.0,20.7,56,0.0,1.0
Pune,18.5204,73.8567,2026-01-26 01:00:00,106.6,103.1,605.0,60.9,27.8,35.0,19.9,59,0.0,1.5
Pune,18.5204,73.8567,2026-01-26 02:00:00,109.0,105.5,585.0,58.0,27.0,33.0,19.3,64,0.0,1.2
Pune,18.5204,73.8567,2026-01-26 03:00:00,111.5,107.8,585.0,53.8,26.1,32.0,18.8,67,0.0,1.3
Pune,18.5204,73.8567,2026-01-26 04:00:00,111.8,107.8,604.0,48.5,24.9,33.0,18.2,70,0.0,0.6
Pune,18.5204,73.8567,2026-01-26 05:00:00,65.0,62.4,656.0,15.6,9.4,60.0,18.0,76,0.0,0.4
Pune,18.5204,73.8567,2026-01-26 06:00:00,62.9,60.5,799.0,17.5,9.8,57.0,17.5,75,0.0,0.7
Pune,18.5204,73.8567,2026-01-26 07:00:00,63.8,61.7,977.0,19.9,10.2,53.0,17.2,75,0.0,2.2
Pune,18.5204,73.8567,2026-01-26 08:00:00,60.5,59.0,1032.0,20.0,10.2,58.0,19.5,63,0.0,5.1
Pune,18.5204,73.8567,2026-01-26 09:00:00,52.2,51.0,847.0,15.3,9.3,80.0,22.8,49,0.0,5.8
Pune,18.5204,73.8567,2026-01-26 10:00:00,36.9,36.2,540.0,8.3,8.0,111.0,25.9,46,0.0,6.9
Pune,18.5204,73.8567,2026-01-26 11:00:00,29.5,28.7,312.0,3.1,6.8,133.0,27.6,44,0.0,12.3
Pune,18.5204,73.8567,2026-01-26 12:00:00,25.3,24.5,254.0,1.6,5.9,139.0,28.5,40,0.0,11.4
Pune,18.5204,73.8567,2026-01-26 13:00:00,23.4,22.5,273.0,2.0,5.1,138.0,29.3,37,0.0,9.7
Pune,18.5204,73.8567,2026-01-26 14:00:00,23.0,21.9,298.0,2.6,4.5,135.0,29.5,35,0.0,8.4
Pune,18.5204,73.8567,2026-01-26 15:00:00,22.8,21.8,274.0,1.8,4.0,136.0,28.9,37,0.5,8.7
Pune,18.5204,73.8567,2026-01-26 16:00:00,23.6,22.5,254.0,1.2,3.7,135.0,28.5,38,0.7,7.5
Pune,18.5204,73.8567,2026-01-26 17:00:00,35.3,33.1,325.0,4.6,4.7,131.0,29.4,32,0.7,7.1
Pune,18.5204,73.8567,2026-01-26 18:00:00,40.0,38.0,591.0,16.8,7.0,111.0,26.9,44,0.0,4.5
Pune,18.5204,73.8567,2026-01-26 19:00:00,48.0,46.0,947.0,33.6,10.3,83.0,25.7,56,0.0,2.6
Pune,18.5204,73.8567,2026-01-26 20:00:00,56.0,54.2,1167.0,45.6,13.4,61.0,25.0,54,0.0,5.1
Pune,18.5204,73.8567,2026-01-26 21:00:00,61.2,59.8,1120.0,48.5,15.9,52.0,23.6,60,0.0,4.0
Pune,18.5204,73.8567,2026-01-26 22:00:00,62.9,61.7,937.0,46.7,18.2,49.0,22.3,70,0.0,2.2
Pune,18.5204,73.8567,2026-01-26 23:00:00,66.4,65.2,776.0,44.1,20.1,49.0,21.8,70,0.0,5.0
Pune,18.5204,73.8567,2026-01-27 00:00:00,70.8,69.6,689.0,41.6,21.4,51.0,21.8,70,0.0,6.4
Pune,18.5204,73.8567,2026-01-27 01:00:00,75.7,74.3,625.0,38.2,22.4,55.0,21.1,73,0.0,6.6
Pune,18.5204,73.8567,2026-01-27 02:00:00,80.8,79.4,589.0,35.6,23.5,58.0,20.7,75,0.0,3.2
Pune,18.5204,73.8567,2026-01-27 03:00:00,86.4,85.0,582.0,33.5,24.8,58.0,20.5,76,0.0,2.2
Pune,18.5204,73.8567,2026-01-27 04:00:00,91.3,89.9,604.0,32.2,26.3,56.0,20.3,78,0.0,0.4
Pune,18.5204,73.8567,2026-01-27 05:00:00,89.9,88.2,654.0,47.9,22.7,29.0,20.0,80,0.0,3.1
Pune,18.5204,73.8567,2026-01-27 06:00:00,88.2,86.6,776.0,48.8,21.8,26.0,19.6,85,0.0,0.2
Pune,18.5204,73.8567,2026-01-27 07:00:00,88.7,87.1,927.0,49.5,20.5,24.0,19.1,86,0.0,2.2
Pune,18.5204,73.8567,2026-01-27 08:00:00,75.0,74.0,980.0,45.8,18.7,33.0,20.3,79,0.0,2.7
Pune,18.5204,73.8567,2026-01-27 09:00:00,51.2,50.3,846.0,33.4,15.8,63.0,22.9,66,0.0,2.1
Pune,18.5204,73.8567,2026-01-27 10:00:00,37.0,36.1,615.0,16.7,12.3,105.0,25.5,54,0.0,1.4
Pune,18.5204,73.8567,2026-01-27 11:00:00,36.9,35.5,429.0,4.3,9.8,137.0,26.5,48,0.1,9.0
Pune,18.5204,73.8567,2026-01-27 12:00:00,36.6,35.0,341.0,0.6,8.8,151.0,27.3,46,0.3,9.7
Pune,18.5204,73.8567,2026-01-27 13:00:00,36.2,34.7,299.0,1.3,8.7,156.0,28.6,41,0.0,11.1
Pune,18.5204,73.8567,2026-01-27 14:00:00,35.4,33.9,288.0,2.5,9.2,160.0,28.7,39,0.0,13.5
Pune,18.5204,73.8567,2026-01-27 15:00:00,36.6,35.2,321.0,2.6,10.0,166.0,28.3,40,0.0,14.4
Pune,18.5204,73.8567,2026-01-27 16:00:00,36.7,35.3,385.0,3.1,11.2,170.0,28.1,39,0.0,14.2
Pune,18.5204,73.8567,2026-01-27 17:00:00,42.6,40.9,432.0,4.4,11.6,153.0,27.5,41,0.0,13.3
Pune,18.5204,73.8567,2026-01-27 18:00:00,47.0,45.4,434.0,8.4,15.1,147.0,25.4,52,0.0,13.5
Pune,18.5204,73.8567,2026-01-27 19:00:00,52.9,51.2,418.0,13.9,20.1,138.0,23.5,64,0.0,13.1
Pune,18.5204,73.8567,2026-01-27 20:00:00,56.1,54.6,416.0,18.4,24.4,128.0,22.3,70,0.0,10.4
Pune,18.5204,73.8567,2026-01-27 21:00:00,58.7,57.2,444.0,21.0,27.6,118.0,21.4,73,0.0,8.1
Pune,18.5204,73.8567,2026-01-27 22:00:00,61.2,59.8,486.0,22.6,30.2,107.0,20.7,76,0.0,5.2
Pune,18.5204,73.8567,2026-01-27 23:00:00,64.7,63.1,526.0,23.3,31.7,97.0,20.1,80,0.0,5.6
Pune,18.5204,73.8567,2026-01-28 00:00:00,66.8,65.2,558.0,22.8,31.5,88.0,19.8,81,0.0,3.1
Pune,18.5204,73.8567,2026-01-28 01:00:00,69.4,67.3,587.0,21.4,30.2,80.0,19.4,83,0.0,2.0
Pune,18.5204,73.8567,2026-01-28 02:00:00,71.9,69.8,613.0,20.4,28.9,73.0,19.0,85,0.0,2.6
Pune,18.5204,73.8567,2026-01-28 03:00:00,75.7,73.1,631.0,19.9,28.2,67.0,18.4,89,0.0,1.9
Pune,18.5204,73.8567,2026-01-28 04:00:00,79.6,77.1,645.0,19.8,27.5,62.0,17.8,91,0.0,1.9
Pune,18.5204,73.8567,2026-01-28 05:00:00,77.3,74.7,668.0,18.9,25.0,55.0,17.2,95,0.0,0.9
Pune,18.5204,73.8567,2026-01-28 06:00:00,80.6,78.0,726.0,20.6,24.4,52.0,16.5,99,0.0,1.0
Pune,18.5204,73.8567,2026-01-28 07:00:00,86.8,84.3,793.0,22.7,23.4,49.0,16.0,100,0.0,2.8
Pune,18.5204,73.8567,2026-01-28 08:00:00,73.6,71.5,796.0,22.2,21.4,54.0,17.1,94,0.0,3.2
Pune,18.5204,73.8567,2026-01-28 09:00:00,47.4,45.2,678.0,16.6,17.4,75.0,19.5,79,0.0,5.0
Pune,18.5204,73.8567,2026-01-28 10:00:00,37.1,35.3,496.0,8.5,12.4,103.0,22.7,62,0.0,7.7
Pune,18.5204,73.8567,2026-01-28 11:00:00,30.7,29.2,355.0,2.5,8.4,125.0,24.8,52,0.0,6.8
Pune,18.5204,73.8567,2026-01-28 12:00:00,26.8,25.4,299.0,0.8,6.4,133.0,26.7,43,0.0,5.0
Pune,18.5204,73.8567,2026-01-28 13:00:00,24.9,23.6,284.0,1.1,5.6,135.0,28.4,37,0.0,0.8
Pune,18.5204,73.8567,2026-01-28 14:00:00,23.4,22.1,279.0,1.8,5.1,136.0,28.9,34,0.0,4.8
Pune,18.5204,73.8567,2026-01-28 15:00:00,22.4,21.1,266.0,1.4,4.8,140.0,29.6,31,0.0,5.4
Pune,18.5204,73.8567,2026-01-28 16:00:00,21.7,20.4,264.0,1.2,4.9,142.0,29.3,31,0.0,5.8
Pune,18.5204,73.8567,2026-01-28 17:00:00,27.8,26.4,295.0,3.9,6.8,143.0,28.8,30,0.0,5.8
Pune,18.5204,73.8567,2026-01-28 18:00:00,29.3,28.1,378.0,11.5,8.0,124.0,27.0,35,0.0,10.1
Pune,18.5204,73.8567,2026-01-28 19:00:00,34.2,33.2,495.0,22.0,9.6,97.0,25.6,39,0.0,7.0
Pune,18.5204,73.8567,2026-01-28 20:00:00,36.8,35.9,618.0,30.6,11.5,74.0,25.3,40,0.0,2.2
Pune,18.5204,73.8567,2026-01-28 21:00:00,37.6,36.8,766.0,35.2,13.8,61.0,23.9,44,0.0,2.9
Pune,18.5204,73.8567,2026-01-28 22:00:00,37.7,37.1,920.0,37.8,16.3,53.0,22.9,48,0.0,2.8
Pune,18.5204,73.8567,2026-01-28 23:00:00,40.2,39.6,991.0,39.5,18.0,46.0,22.0,54,0.0,2.7
Pune,18.5204,73.8567,2026-01-29 00:00:00,43.8,43.1,911.0,41.0,18.3,39.0,21.3,56,0.0,3.5
Pune,18.5204,73.8567,2026-01-29 01:00:00,46.6,45.9,747.0,41.5,17.8,34.0,20.5,60,0.0,4.1
Pune,18.5204,73.8567,2026-01-29 02:00:00,47.1,46.3,614.0,40.1,16.8,32.0,19.7,63,0.0,2.8
Pune,18.5204,73.8567,2026-01-29 03:00:00,46.6,45.5,548.0,35.1,15.2,34.0,19.2,65,0.0,2.7
Pune,18.5204,73.8567,2026-01-29 04:00:00,47.1,46.0,513.0,28.0,13.1,38.0,18.6,68,0.0,2.8
Pune,18.5204,73.8567,2026-01-29 05:00:00,59.5,57.7,517.0,10.4,9.1,58.0,17.9,76,0.0,2.2
Pune,18.5204,73.8567,2026-01-29 06:00:00,65.0,63.1,598.0,13.0,9.6,56.0,17.5,78,0.0,2.0
Pune,18.5204,73.8567,2026-01-29 07:00:00,72.4,70.5,718.0,16.3,10.4,54.0,17.5,78,0.0,2.4
Pune,18.5204,73.8567,2026-01-29 08:00:00,75.0,73.1,766.0,17.3,11.7,61.0,19.2,71,0.0,2.8
Pune,18.5204,73.8567,2026-01-29 09:00:00,76.1,74.0,670.0,13.5,14.1,85.0,21.9,61,0.0,4.6
Pune,18.5204,73.8567,2026-01-29 10:00:00,76.8,74.5,501.0,7.3,17.0,118.0,24.6,51,0.0,6.6
Pune,18.5204,73.8567,2026-01-29 11:00:00,70.8,68.7,371.0,2.6,18.2,143.0,26.8,46,0.0,9.7
Pune,18.5204,73.8567,2026-01-29 12:00:00,61.7,59.6,324.0,1.2,16.1,152.0,29.3,38,0.0,7.5
Pune,18.5204,73.8567,2026-01-29 13:00:00,53.9,51.8,315.0,1.5,12.3,153.0,30.1,34,0.0,6.6
Pune,18.5204,73.8567,2026-01-29 14:00:00,49.9,47.8,314.0,2.0,9.3,152.0,30.3,32,0.0,4.5
Pune,18.5204,73.8567,2026-01-29 15:00:00,47.3,45.2,302.0,1.4,7.9,153.0,30.8,30,0.0,2.9
Pune,18.5204,73.8567,2026-01-29 16:00:00,46.4,44.2,298.0,1.2,7.3,152.0,30.9,28,0.0,2.7
Pune,18.5204,73.8567,2026-01-29 17:00:00,88.9,84.1,331.0,4.8,10.1,143.0,29.8,32,0.0,3.7
Pune,18.5204,73.8567,2026-01-29 18:00:00,98.7,94.1,427.0,17.7,12.1,119.0,28.1,34,0.0,2.5
Pune,18.5204,73.8567,2026-01-29 19:00:00,106.6,102.2,560.0,35.6,15.0,86.0,27.3,40,0.0,1.3
Pune,18.5204,73.8567,2026-01-29 20:00:00,112.0,107.6,686.0,48.7,17.6,61.0,26.6,41,0.0,4.9
Pune,18.5204,73.8567,2026-01-29 21:00:00,114.3,110.1,810.0,52.6,19.7,51.0,25.6,47,0.0,4.2
Pune,18.5204,73.8567,2026-01-29 22:00:00,116.2,112.2,927.0,51.9,21.5,48.0,25.2,49,0.0,2.9
Pune,18.5204,73.8567,2026-01-29 23:00:00,118.5,114.8,977.0,50.6,22.8,46.0,23.8,57,0.0,4.5
Pune,18.5204,73.8567,2026-01-30 00:00:00,122.0,118.3,904.0,51.0,23.9,41.0,22.9,64,0.0,5.5
Pune,18.5204,73.8567,2026-01-30 01:00:00,128.5,124.3,765.0,50.9,24.5,36.0,22.0,70,0.0,5.0
Pune,18.5204,73.8567,2026-01-30 02:00:00,129.0,124.8,669.0,47.8,23.6,34.0,21.3,74,0.0,1.5
Pune,18.5204,73.8567,2026-01-30 03:00:00,117.1,113.6,667.0,38.7,20.0,37.0,21.3,72,0.0,2.0
Pune,18.5204,73.8567,2026-01-30 04:00:00,101.7,98.5,708.0,26.6,15.0,43.0,20.7,74,0.0,1.9
Pune,18.5204,73.8567,2026-01-30 05:00:00,79.9,77.8,747.0,16.6,8.5,49.0,20.0,68,0.0,2.3
Pune,18.5204,73.8567,2026-01-30 06:00:00,73.1,71.2,789.0,17.5,8.1,47.0,19.8,67,0.0,3.0
Pune,18.5204,73.8567,2026-01-30 07:00:00,68.7,67.3,829.0,18.5,7.5,46.0,19.6,68,0.0,3.6
Pune,18.5204,73.8567,2026-01-30 08:00:00,64.5,63.3,811.0,17.7,7.5,53.0,21.0,61,0.0,2.9
Pune,18.5204,73.8567,2026-01-30 09:00:00,59.5,58.2,683.0,13.3,8.6,78.0,23.7,51,0.0,3.8
Pune,18.5204,73.8567,2026-01-30 10:00:00,54.0,52.4,497.0,7.1,10.3,113.0,26.6,42,0.0,4.5
Pune,18.5204,73.8567,2026-01-30 11:00:00,51.3,49.4,357.0,2.5,11.1,138.0,28.1,35,0.0,8.6
Pune,18.5204,73.8567,2026-01-30 12:00:00,51.5,49.2,311.0,1.3,10.2,146.0,29.9,30,0.0,8.1
Pune,18.5204,73.8567,2026-01-30 13:00:00,52.7,50.2,311.0,1.7,8.3,144.0,30.5,28,0.0,9.2
Pune,18.5204,73.8567,2026-01-30 14:00:00,54.7,52.0,318.0,2.4,6.9,142.0,30.5,28,0.0,9.4
Pune,18.5204,73.8567,2026-01-30 15:00:00,56.2,53.6,315.0,2.0,6.1,144.0,29.6,29,0.0,6.5
Pune,18.5204,73.8567,2026-01-30 16:00:00,57.3,54.6,319.0,1.8,5.6,146.0,29.7,28,0.0,4.4
Pune,18.5204,73.8567,2026-01-30 17:00:00,60.1,57.5,345.0,4.1,5.2,129.0,29.6,27,0.0,7.5
Pune,18.5204,73.8567,2026-01-30 18:00:00,63.8,61.9,413.0,11.7,7.3,113.0,28.7,29,0.0,5.8
Pune,18.5204,73.8567,2026-01-30 19:00:00,69.8,68.0,503.0,22.3,10.2,90.0,26.5,42,0.0,9.3
Pune,18.5204,73.8567,2026-01-30 20:00:00,74.0,72.4,573.0,31.4,13.3,71.0,24.2,59,0.0,9.9
Pune,18.5204,73.8567,2026-01-30 21:00:00,78.5,76.6,606.0,37.9,16.7,61.0,23.3,63,0.0,5.4
Pune,18.5204,73.8567,2026-01-30 22:00:00,84.3,82.2,619.0,42.9,20.1,55.0,22.4,67,0.0,6.9
Pune,18.5204,73.8567,2026-01-30 23:00:00,90.1,88.0,617.0,45.7,22.3,51.0,21.8,71,0.0,3.7
Pune,18.5204,73.8567,2026-01-31 00:00:00,93.8,91.5,588.0,45.6,22.4,47.0,21.5,74,0.0,3.6
Pune,18.5204,73.8567,2026-01-31 01:00:00,95.0,92.7,544.0,43.3,21.1,46.0,20.7,79,0.0,5.0
Pune,18.5204,73.8567,2026-01-31 02:00:00,92.9,90.6,522.0,39.4,19.4,45.0,20.1,82,0.0,2.0
Pune,18.5204,73.8567,2026-01-31 03:00:00,88.9,86.6,533.0,33.0,17.2,47.0,19.6,85,0.0,2.5
Pune,18.5204,73.8567,2026-01-31 04:00:00,84.5,82.2,565.0,25.1,14.6,50.0,19.2,88,0.0,0.2
Pune,18.5204,73.8567,2026-01-31 05:00:00,78.9,76.6,621.0,23.4,11.6,47.0,18.9,92,0.0,1.4
Pune,18.5204,73.8567,2026-01-31 06:00:00,77.1,74.7,743.0,24.7,11.3,44.0,18.5,94,0.0,0.7
Pune,18.5204,73.8567,2026-01-31 07:00:00,78.2,75.9,889.0,26.2,11.0,41.0,18.2,96,0.0,1.9
Pune,18.5204,73.8567,2026-01-31 08:00:00,74.0,72.4,935.0,25.0,10.7,48.0,19.5,89,0.0,2.7
Pune,18.5204,73.8567,2026-01-31 09:00:00,64.7,63.1,784.0,18.4,10.7,75.0,22.7,67,0.0,4.0
Pune,18.5204,73.8567,2026-01-31 10:00:00,57.0,54.8,533.0,9.2,10.7,113.0,25.9,46,0.0,6.6
Pune,18.5204,73.8567,2026-01-31 11:00:00,54.0,51.6,346.0,2.4,10.4,141.0,28.0,34,0.0,10.3
Pune,18.5204,73.8567,2026-01-31 12:00:00,53.6,51.0,301.0,0.5,9.3,151.0,28.8,32,0.0,9.8
Pune,18.5204,73.8567,2026-01-31 13:00:00,53.1,50.5,320.0,1.0,7.9,151.0,29.5,30,0.0,10.1
Pune,18.5204,73.8567,2026-01-31 14:00:00,52.2,49.7,340.0,1.8,6.8,149.0,30.1,28,0.0,10.5
Pune,18.5204,73.8567,2026-01-31 15:00:00,51.1,48.8,335.0,1.3,6.0,149.0,30.0,27,0.0,9.1
Pune,18.5204,73.8567,2026-01-31 16:00:00,50.3,48.0,331.0,1.0,5.6,148.0,29.7,27,0.0,9.6
Pune,18.5204,73.8567,2026-01-31 17:00:00,60.3,57.6,339.0,3.4,6.5,141.0,28.9,27,0.0,11.5
Pune,18.5204,73.8567,2026-01-31 18:00:00,63.6,61.5,356.0,10.1,8.4,127.0,27.5,32,0.0,11.2
Pune,18.5204,73.8567,2026-01-31 19:00:00,69.8,68.0,384.0,19.5,11.2,108.0,25.9,38,0.0,11.3
Pune,18.5204,73.8567,2026-01-31 20:00:00,75.0,73.1,445.0,27.5,13.8,91.0,25.0,39,0.0,10.3
Pune,18.5204,73.8567,2026-01-31 21:00:00,79.6,77.8,575.0,33.0,16.4,79.0,24.6,39,0.0,8.8
Pune,18.5204,73.8567,2026-01-31 22:00:00,83.1,81.3,738.0,37.2,18.8,70.0,23.4,41,0.0,3.5
Pune,18.5204,73.8567,2026-01-31 23:00:00,85.2,83.6,840.0,38.9,20.0,64.0,22.5,45,0.0,0.3
Pune,18.5204,73.8567,2026-02-01 00:00:00,82.2,80.6,825.0,37.2,19.0,61.0,21.3,50,0.0,4.7
Pune,18.5204,73.8567,2026-02-01 01:00:00,77.3,75.9,749.0,33.1,16.8,61.0,20.0,60,0.0,2.9
Pune,18.5204,73.8567,2026-02-01 02:00:00,73.1,71.7,689.0,28.6,14.8,61.0,19.4,65,0.0,1.5
Pune,18.5204,73.8567,2026-02-01 03:00:00,69.4,68.0,668.0,23.6,13.5,61.0,19.1,65,0.0,0.0
Pune,18.5204,73.8567,2026-02-01 04:00:00,66.6,65.2,663.0,18.2,12.4,61.0,18.8,69,0.0,0.5
Pune,18.5204,73.8567,2026-02-01 05:00:00,61.9,60.5,683.0,12.3,10.9,63.0,18.3,66,0.0,1.7
Pune,18.5204,73.8567,2026-02-01 06:00:00,61.7,60.3,767.0,14.6,11.2,58.0,17.8,68,0.0,2.1
Pune,18.5204,73.8567,2026-02-01 07:00:00,64.0,62.6,876.0,17.6,11.7,52.0,17.6,68,0.0,3.3
Pune,18.5204,73.8567,2026-02-01 08:00:00,64.7,63.6,900.0,18.2,11.8,57.0,19.4,60,0.0,4.4
Pune,18.5204,73.8567,2026-02-01 09:00:00,64.0,62.9,756.0,14.0,11.4,82.0,22.4,49,0.0,5.3
Pune,18.5204,73.8567,2026-02-01 10:00:00,58.2,56.8,529.0,7.4,10.7,116.0,25.4,42,0.0,5.6
Pune,18.5204,73.8567,2026-02-01 11:00:00,54.0,52.4,357.0,2.4,9.7,142.0,27.6,34,0.0,7.9
Pune,18.5204,73.8567,2026-02-01 12:00:00,51.3,49.6,306.0,1.0,8.4,150.0,29.0,28,0.0,9.9
Pune,18.5204,73.8567,2026-02-01 13:00:00,47.7,46.1,311.0,1.2,6.8,149.0,29.6,27,0.0,10.6
Pune,18.5204,73.8567,2026-02-01 14:00:00,45.1,43.4,322.0,1.7,5.7,147.0,29.9,27,0.0,11.5
Pune,18.5204,73.8567,2026-02-01 15:00:00,43.3,41.8,320.0,1.4,5.2,148.0,29.8,28,0.0,12.1
Pune,18.5204,73.8567,2026-02-01 16:00:00,42.3,40.9,323.0,1.4,5.0,148.0,29.4,28,0.0,12.7
Pune,18.5204,73.8567,2026-02-01 17:00:00,48.2,46.8,339.0,3.3,5.5,134.0,28.2,31,0.0,14.1
Pune,18.5204,73.8567,2026-02-01 18:00:00,51.0,49.9,370.0,7.9,6.2,120.0,26.7,36,0.0,13.2
Pune,18.5204,73.8567,2026-02-01 19:00:00,52.9,51.9,414.0,14.2,7.3,100.0,25.4,41,0.0,11.3
Pune,18.5204,73.8567,2026-02-01 20:00:00,53.9,53.0,471.0,19.2,8.3,83.0,24.7,41,0.0,9.2
Pune,18.5204,73.8567,2026-02-01 21:00:00,55.1,54.1,555.0,21.8,9.2,73.0,23.9,41,0.0,5.8
Pune,18.5204,73.8567,2026-02-01 22:00:00,56.8,55.9,653.0,22.9,10.1,67.0,23.2,42,0.0,4.8
Pune,18.5204,73.8567,2026-02-01 23:00:00,57.5,56.6,727.0,22.6,10.6,63.0,22.2,49,0.0,1.2
Pune,18.5204,73.8567,2026-02-02 00:00:00,55.4,54.6,757.0,20.1,10.6,63.0,20.9,51,0.0,4.3
Pune,18.5204,73.8567,2026-02-02 01:00:00,52.6,51.8,763.0,16.0,10.2,65.0,19.9,57,0.0,3.3
Pune,18.5204,73.8567,2026-02-02 02:00:00,50.9,49.9,763.0,12.7,10.0,67.0,19.4,57,0.0,3.9
Pune,18.5204,73.8567,2026-02-02 03:00:00,50.5,49.6,751.0,10.4,10.0,66.0,18.6,59,0.0,2.9
Pune,18.5204,73.8567,2026-02-02 04:00:00,51.3,50.3,732.0,8.8,10.0,65.0,18.1,60,0.0,1.0
Pune,18.5204,73.8567,2026-02-02 05:00:00,50.8,49.6,741.0,9.4,10.0,61.0,17.9,64,0.0,1.6
Pune,18.5204,73.8567,2026-02-02 06:00:00,53.3,52.2,827.0,12.9,10.5,56.0,17.1,68,0.0,2.7
Pune,18.5204,73.8567,2026-02-02 07:00:00,58.7,57.4,939.0,17.5,11.1,50.0,16.9,70,0.0,2.8
Pune,18.5204,73.8567,2026-02-02 08:00:00,60.1,59.3,963.0,19.2,11.3,55.0,18.6,62,0.0,3.4
Pune,18.5204,73.8567,2026-02-02 09:00:00,59.8,58.8,810.0,15.0,10.8,81.0,21.7,49,0.0,4.3
Pune,18.5204,73.8567,2026-02-02 10:00:00,59.8,58.6,569.0,7.8,9.9,118.0,25.1,41,0.0,5.2
Pune,18.5204,73.8567,2026-02-02 11:00:00,57.3,55.8,385.0,2.4,9.0,146.0,27.2,36,0.0,8.5
Pune,18.5204,73.8567,2026-02-02 12:00:00,54.8,53.1,324.0,0.9,8.0,155.0,28.6,31,0.0,9.5
Pune,18.5204,73.8567,2026-02-02 13:00:00,52.9,51.1,321.0,1.2,7.0,155.0,29.6,29,0.0,9.2
Pune,18.5204,73.8567,2026-02-02 14:00:00,51.8,50.1,327.0,1.8,6.3,154.0,30.0,27,0.0,10.4
Pune,18.5204,73.8567,2026-02-02 15:00:00,51.2,49.5,324.0,1.3,5.8,156.0,29.5,28,0.0,14.1
Pune,18.5204,73.8567,2026-02-02 16:00:00,50.8,49.1,330.0,1.1,5.6,156.0,28.8,29,0.0,13.6
Pune,18.5204,73.8567,2026-02-02 17:00:00,65.4,63.1,352.0,3.7,5.8,144.0,27.4,33,0.0,14.9
Pune,18.5204,73.8567,2026-02-02 18:00:00,71.5,69.6,389.0,9.6,6.8,128.0,26.2,34,0.0,11.6
Pune,18.5204,73.8567,2026-02-02 19:00:00,76.6,74.7,443.0,17.8,8.1,107.0,25.1,37,0.0,9.5
Pune,18.5204,73.8567,2026-02-02 20:00:00,79.6,77.8,523.0,24.0,9.3,89.0,24.1,41,0.0,8.8
Pune,18.5204,73.8567,2026-02-02 21:00:00,81.3,79.2,662.0,26.4,10.3,79.0,23.4,43,0.0,5.2
Pune,18.5204,73.8567,2026-02-02 22:00:00,82.2,80.3,826.0,26.7,11.1,74.0,22.2,46,0.0,3.6
Pune,18.5204,73.8567,2026-02-02 23:00:00,83.1,81.3,931.0,26.3,11.6,69.0,21.0,53,0.0,0.7
Pune,18.5204,73.8567,2026-02-03 00:00:00,82.4,80.8,917.0,25.3,11.4,64.0,20.3,55,0.0,3.3
Pune,18.5204,73.8567,2026-02-03 01:00:00,79.9,78.0,843.0,23.5,10.9,59.0,19.6,60,0.0,1.7
Pune,18.5204,73.8567,2026-02-03 02:00:00,74.0,72.6,796.0,21.2,10.5,56.0,19.3,62,0.0,0.4
Pune,18.5204,73.8567,2026-02-03 03:00:00,68.2,66.8,808.0,17.7,10.4,55.0,18.6,63,0.0,0.8
Pune,18.5204,73.8567,2026-02-03 04:00:00,63.1,61.9,848.0,13.7,10.4,56.0,18.0,70,0.0,0.3
Pune,18.5204,73.8567,2026-02-03 05:00:00,58.9,57.7,910.0,10.2,9.4,58.0,17.4,69,0.0,1.1
Pune,18.5204,73.8567,2026-02-03 06:00:00,58.9,57.7,1040.0,13.0,9.8,54.0,17.4,69,0.0,1.2
Pune,18.5204,73.8567,2026-02-03 07:00:00,62.4,61.0,1191.0,16.8,10.4,49.0,17.3,70,0.0,0.8
Pune,18.5204,73.8567,2026-02-03 08:00:00,64.5,63.6,1217.0,17.9,10.9,55.0,19.0,61,0.0,2.6
Pune,18.5204,73.8567,2026-02-03 09:00:00,68.9,67.5,1000.0,14.0,11.3,81.0,21.8,50,0.0,5.2
Pune,18.5204,73.8567,2026-02-03 10:00:00,73.1,71.5,657.0,7.5,11.7,117.0,25.1,40,0.0,5.6
Pune,18.5204,73.8567,2026-02-03 11:00:00,72.6,70.5,400.0,2.6,11.4,145.0,27.5,34,0.0,8.0
Pune,18.5204,73.8567,2026-02-03 12:00:00,68.0,65.9,324.0,1.1,10.0,155.0,29.2,30,0.0,7.8
Pune,18.5204,73.8567,2026-02-03 13:00:00,63.6,61.5,333.0,1.3,8.0,156.0,29.9,28,0.0,7.8
Pune,18.5204,73.8567,2026-02-03 14:00:00,60.1,58.0,350.0,1.8,6.5,156.0,30.4,27,0.0,6.2
Pune,18.5204,73.8567,2026-02-03 15:00:00,57.9,55.8,345.0,1.0,5.7,159.0,30.0,26,0.0,3.5
Pune,18.5204,73.8567,2026-02-03 16:00:00,57.0,54.8,349.0,0.5,5.5,159.0,29.5,27,0.0,2.3
Pune,18.5204,73.8567,2026-02-03 17:00:00,81.5,77.8,372.0,4.3,6.6,149.0,29.1,26,0.0,1.0
Pune,18.5204,73.8567,2026-02-03 18:00:00,90.6,87.3,424.0,16.3,8.9,126.0,28.2,31,0.0,1.0
Pune,18.5204,73.8567,2026-02-03 19:00:00,99.2,95.9,496.0,32.8,12.2,95.0,26.6,34,0.0,7.4
Pune,18.5204,73.8567,2026-02-03 20:00:00,105.9,102.7,571.0,45.4,15.5,70.0,25.6,41,0.0,8.1
Pune,18.5204,73.8567,2026-02-03 21:00:00,113.2,109.9,654.0,50.9,19.5,58.0,24.4,45,0.0,6.0
Pune,18.5204,73.8567,2026-02-03 22:00:00,120.1,116.6,740.0,52.3,23.5,53.0,23.2,48,0.0,3.2
Pune,18.5204,73.8567,2026-02-03 23:00:00,124.8,121.1,795.0,50.6,25.1,51.0,22.5,52,0.0,2.8
Pune,18.5204,73.8567,2026-02-04 00:00:00,120.1,116.6,802.0,44.7,22.2,52.0,21.6,57,0.0,0.6
Pune,18.5204,73.8567,2026-02-04 01:00:00,107.3,104.8,778.0,35.6,16.7,57.0,20.9,58,0.0,2.9
Pune,18.5204,73.8567,2026-02-04 02:00:00,95.0,92.9,745.0,27.0,12.2,61.0,20.4,59,0.0,4.9
Pune,18.5204,73.8567,2026-02-04 03:00:00,86.4,85.0,694.0,19.3,9.8,65.0,20.1,59,0.0,5.0
Pune,18.5204,73.8567,2026-02-04 04:00:00,80.1,78.9,634.0,12.1,8.3,69.0,19.4,60,0.0,4.1
Pune,18.5204,73.8567,2026-02-04 05:00:00,81.7,80.3,611.0,8.9,8.3,63.0,18.6,68,0.0,1.8
Pune,18.5204,73.8567,2026-02-04 06:00:00,79.2,77.8,679.0,11.6,8.7,60.0,17.8,71,0.0,2.9
Pune,18.5204,73.8567,2026-02-04 07:00:00,77.3,76.1,785.0,15.1,9.4,57.0,17.7,73,0.0,2.5
Pune,18.5204,73.8567,2026-02-04 08:00:00,71.7,71.0,817.0,16.3,10.0,63.0,20.1,62,0.0,2.3
Pune,18.5204,73.8567,2026-02-04 09:00:00,60.8,59.8,699.0,12.8,10.9,89.0,23.6,52,0.0,4.6
Pune,18.5204,73.8567,2026-02-04 10:00:00,54.6,53.7,507.0,6.8,11.8,124.0,26.5,42,0.0,9.0
Pune,18.5204,73.8567,2026-02-04 11:00:00,55.2,53.9,359.0,2.4,11.8,149.0,27.7,37,0.0,11.5
Pune,18.5204,73.8567,2026-02-04 12:00:00,58.0,56.3,307.0,1.1,10.3,154.0,29.2,31,0.0,9.7
Pune,18.5204,73.8567,2026-02-04 13:00:00,52.4,50.8,300.0,1.3,7.9,150.0,29.7,29,0.0,9.1
Pune,18.5204,73.8567,2026-02-04 14:00:00,49.0,47.5,301.0,1.7,6.1,145.0,30.0,27,0.0,9.7
Pune,18.5204,73.8567,2026-02-04 15:00:00,48.4,47.0,296.0,1.5,5.4,146.0,30.0,27,0.0,10.8
Pune,18.5204,73.8567,2026-02-04 16:00:00,49.1,47.7,300.0,1.7,5.4,148.0,29.5,27,0.0,12.4
Pune,18.5204,73.8567,2026-02-04 17:00:00,56.3,54.5,317.0,3.4,5.6,141.0,28.4,26,0.0,14.6
Pune,18.5204,73.8567,2026-02-04 18:00:00,61.9,60.3,359.0,9.7,6.6,123.0,27.1,29,0.0,13.5
Pune,18.5204,73.8567,2026-02-04 19:00:00,68.2,66.6,415.0,18.2,8.0,99.0,25.9,35,0.0,11.8
Pune,18.5204,73.8567,2026-02-04 20:00:00,72.4,70.8,457.0,23.5,9.2,81.0,25.0,38,0.0,9.6
Pune,18.5204,73.8567,2026-02-04 21:00:00,76.4,74.7,472.0,22.8,9.8,76.0,24.3,40,0.0,8.2
Pune,18.5204,73.8567,2026-02-04 22:00:00,80.6,78.9,473.0,18.8,10.1,78.0,23.6,43,0.0,4.7
Pune,18.5204,73.8567,2026-02-04 23:00:00,82.2,80.8,468.0,14.8,10.6,82.0,22.4,48,0.0,4.6
Pune,18.5204,73.8567,2026-02-05 00:00:00,81.7,80.1,452.0,11.4,11.6,87.0,21.5,52,0.0,7.9
Pune,18.5204,73.8567,2026-02-05 01:00:00,79.9,78.5,430.0,8.0,12.9,93.0,20.6,57,0.0,8.5
Pune,18.5204,73.8567,2026-02-05 02:00:00,78.0,76.4,427.0,5.6,13.7,96.0,20.0,59,0.0,7.7
Pune,18.5204,73.8567,2026-02-05 03:00:00,76.4,74.7,450.0,4.6,13.8,92.0,19.5,60,0.0,6.1
Pune,18.5204,73.8567,2026-02-05 04:00:00,75.0,73.3,492.0,4.6,13.5,85.0,19.0,60,0.0,4.7
Pune,18.5204,73.8567,2026-02-05 05:00:00,76.1,74.3,553.0,6.3,14.7,78.0,18.8,64,0.0,2.4
Pune,18.5204,73.8567,2026-02-05 06:00:00,75.2,73.3,666.0,9.3,15.1,72.0,18.2,66,0.0,3.5
Pune,18.5204,73.8567,2026-02-05 07:00:00,76.1,74.5,798.0,13.2,15.5,64.0,17.8,67,0.0,5.4
Pune,18.5204,73.8567,2026-02-05 08:00:00,75.2,73.8,848.0,14.8,15.4,66.0,19.5,60,0.0,4.5
Pune,18.5204,73.8567,2026-02-05 09:00:00,75.0,73.1,740.0,11.7,14.5,88.0,22.6,49,0.0,5.9
Pune,18.5204,73.8567,2026-02-05 10:00:00,68.2,66.8,549.0,6.4,13.0,121.0,25.6,41,0.0,8.0
Pune,18.5204,73.8567,2026-02-05 11:00:00,63.8,61.9,400.0,2.3,11.5,145.0,27.6,34,0.0,10.1
Pune,18.5204,73.8567,2026-02-05 12:00:00,61.5,59.4,346.0,1.1,9.8,152.0,29.2,29,0.0,8.5
Pune,18.5204,73.8567,2026-02-05 13:00:00,58.2,56.2,334.0,1.3,8.0,151.0,29.9,26,0.0,9.4
Pune,18.5204,73.8567,2026-02-05 14:00:00,56.0,54.1,329.0,1.7,6.7,149.0,29.9,26,0.0,10.9
Pune,18.5204,73.8567,2026-02-05 15:00:00,53.8,52.0,314.0,1.4,6.1,149.0,29.5,25,0.0,10.9
Pune,18.5204,73.8567,2026-02-05 16:00:00,52.6,50.9,306.0,1.4,5.9,148.0,29.0,24,0.0,10.6
Pune,18.5204,73.8567,2026-02-05 17:00:00,53.9,52.2,319.0,3.4,5.9,137.0,28.0,29,0.0,12.5
Pune,18.5204,73.8567,2026-02-05 18:00:00,58.9,57.4,362.0,10.4,7.1,119.0,26.8,32,0.0,11.9
Pune,18.5204,73.8567,2026-02-05 19:00:00,65.2,63.6,427.0,20.1,8.9,94.0,25.8,32,0.0,10.3
Pune,18.5204,73.8567,2026-02-05 20:00:00,69.4,67.5,502.0,27.4,10.5,74.0,25.0,35,0.0,8.6
Pune,18.5204,73.8567,2026-02-05 21:00:00,72.2,70.5,600.0,30.2,12.0,64.0,24.0,38,0.0,5.4
Pune,18.5204,73.8567,2026-02-05 22:00:00,74.0,72.4,709.0,30.6,13.3,58.0,22.5,43,0.0,5.0
Pune,18.5204,73.8567,2026-02-05 23:00:00,74.3,72.9,779.0,29.6,13.9,55.0,21.4,50,0.0,4.9
Pune,18.5204,73.8567,2026-02-06 00:00:00,71.9,70.5,783.0,27.1,13.1,55.0,20.5,54,0.0,1.9
Pune,18.5204,73.8567,2026-02-06 01:00:00,68.5,67.1,748.0,23.2,11.5,57.0,20.4,54,0.0,1.3
Pune,18.5204,73.8567,2026-02-06 02:00:00,65.4,64.0,708.0,19.4,10.5,60.0,19.9,55,0.0,0.9
Pune,18.5204,73.8567,2026-02-06 03:00:00,63.3,61.7,661.0,15.8,10.7,64.0,19.3,59,0.0,0.4
Pune,18.5204,73.8567,2026-02-06 04:00:00,61.0,59.5,609.0,12.3,11.4,70.0,18.7,63,0.0,0.2
Pune,18.5204,73.8567,2026-02-06 05:00:00,58.6,57.0,597.0,9.2,10.7,74.0,18.4,61,0.0,0.6
Pune,18.5204,73.8567,2026-02-06 06:00:00,59.0,57.3,681.0,12.1,12.6,71.0,17.1,65,0.0,3.3
Pune,18.5204,73.8567,2026-02-06 07:00:00,61.5,59.6,804.0,16.0,15.2,67.0,17.0,65,0.0,4.1
Pune,18.5204,73.8567,2026-02-06 08:00:00,59.6,58.3,847.0,17.2,16.4,72.0,19.4,54,0.0,4.8
Pune,18.5204,73.8567,2026-02-06 09:00:00,55.8,54.2,725.0,13.3,14.9,92.0,22.5,43,0.0,6.6
Pune,18.5204,73.8567,2026-02-06 10:00:00,56.1,54.5,523.0,6.8,12.1,120.0,25.5,37,0.0,9.9
Pune,18.5204,73.8567,2026-02-06 11:00:00,54.4,52.7,368.0,2.0,9.7,141.0,27.8,30,0.0,13.4
Pune,18.5204,73.8567,2026-02-06 12:00:00,51.7,50.1,317.0,0.7,8.4,147.0,28.9,27,0.0,11.7
Pune,18.5204,73.8567,2026-02-06 13:00:00,49.6,48.1,314.0,1.0,7.7,147.0,29.6,26,0.0,11.2
Pune,18.5204,73.8567,2026-02-06 14:00:00,48.1,46.7,319.0,1.5,7.3,145.0,29.8,25,0.0,10.9
Pune,18.5204,73.8567,2026-02-06 15:00:00,46.7,45.3,315.0,1.4,7.4,146.0,29.6,24,0.0,10.9
Pune,18.5204,73.8567,2026-02-06 16:00:00,45.5,44.2,319.0,1.5,8.0,146.0,28.9,26,0.0,10.8
Pune,18.5204,73.8567,2026-02-06 17:00:00,47.8,46.3,349.0,2.8,8.8,134.0,28.3,32,0.0,8.9
Pune,18.5204,73.8567,2026-02-06 18:00:00,49.8,48.5,433.0,6.4,9.2,121.0,27.1,35,0.0,7.9
Pune,18.5204,73.8567,2026-02-06 19:00:00,51.5,50.4,543.0,11.3,9.7,102.0,26.0,37,0.0,8.6
Pune,18.5204,73.8567,2026-02-06 20:00:00,50.2,49.2,610.0,14.5,9.9,88.0,24.9,40,0.0,4.0
Pune,18.5204,73.8567,2026-02-06 21:00:00,47.4,46.6,591.0,14.3,9.4,82.0,23.7,44,0.0,8.9
Pune,18.5204,73.8567,2026-02-06 22:00:00,44.5,43.8,529.0,12.3,8.5,81.0,22.9,45,0.0,7.1
Pune,18.5204,73.8567,2026-02-06 23:00:00,41.7,41.2,483.0,10.5,7.7,80.0,22.5,46,0.0,6.1
Pune,18.5204,73.8567,2026-02-07 00:00:00,39.7,39.1,472.0,9.4,7.1,79.0,21.2,50,0.0,4.7
Pune,18.5204,73.8567,2026-02-07 01:00:00,39.0,38.4,476.0,8.5,6.7,79.0,20.2,54,0.0,3.1
Pune,18.5204,73.8567,2026-02-07 02:00:00,39.3,38.8,495.0,8.0,6.7,79.0,19.5,56,0.0,1.2
Pune,18.5204,73.8567,2026-02-07 03:00:00,40.3,39.6,532.0,7.6,7.3,79.0,18.8,61,0.0,0.5
Pune,18.5204,73.8567,2026-02-07 04:00:00,41.7,41.0,584.0,7.5,8.3,79.0,18.2,65,0.0,0.5
Pune,18.5204,73.8567,2026-02-07 05:00:00,43.5,42.6,642.0,10.0,7.9,76.0,17.5,64,0.0,1.0
Pune,18.5204,73.8567,2026-02-07 06:00:00,46.0,45.1,731.0,15.3,9.0,71.0,16.9,66,0.0,2.1
Pune,18.5204,73.8567,2026-02-07 07:00:00,51.2,50.2,827.0,22.2,10.5,66.0,17.1,64,0.0,3.0
Pune,18.5204,73.8567,2026-02-07 08:00:00,52.9,52.0,848.0,24.9,12.0,71.0,19.5,54,0.0,2.3
Pune,18.5204,73.8567,2026-02-07 09:00:00,44.7,43.8,726.0,19.3,13.4,95.0,22.5,43,0.0,3.7
Pune,18.5204,73.8567,2026-02-07 10:00:00,45.5,44.5,528.0,9.4,14.8,128.0,25.7,35,0.0,5.7
Pune,18.5204,73.8567,2026-02-07 11:00:00,45.4,44.1,377.0,2.1,15.3,153.0,27.9,27,0.0,7.6
Pune,18.5204,73.8567,2026-02-07 12:00:00,43.0,41.6,325.0,0.2,14.3,160.0,29.4,24,0.0,7.2
Pune,18.5204,73.8567,2026-02-07 13:00:00,41.9,40.4,320.0,0.9,12.3,159.0,30.2,23,0.0,7.5
Pune,18.5204,73.8567,2026-02-07 14:00:00,41.0,39.3,321.0,1.7,10.8,156.0,30.5,22,0.0,8.8
Pune,18.5204,73.8567,2026-02-07 15:00:00,39.9,38.3,308.0,1.3,10.0,156.0,30.4,21,0.0,9.7
Pune,18.5204,73.8567,2026-02-07 16:00:00,39.0,37.3,301.0,1.1,9.6,156.0,30.0,21,0.0,11.1
Pune,18.5204,73.8567,2026-02-07 17:00:00,35.0,33.3,322.0,3.3,10.3,148.0,29.0,22,0.0,10.8
Pune,18.5204,73.8567,2026-02-07 18:00:00,37.3,36.0,397.0,9.6,11.2,129.0,27.3,26,0.0,10.1
Pune,18.5204,73.8567,2026-02-07 19:00:00,42.6,41.2,500.0,18.2,12.4,104.0,26.3,30,0.0,8.8
Pune,18.5204,73.8567,2026-02-07 20:00:00,46.1,44.7,576.0,24.3,13.1,83.0,25.1,33,0.0,6.1
Pune,18.5204,73.8567,2026-02-07 21:00:00,48.2,46.9,600.0,25.8,13.1,73.0,24.1,36,0.0,4.8
Pune,18.5204,73.8567,2026-02-07 22:00:00,49.5,48.3,598.0,24.9,12.7,67.0,22.8,40,0.0,5.7
Pune,18.5204,73.8567,2026-02-07 23:00:00,48.8,47.7,593.0,22.7,11.9,65.0,21.5,49,0.0,5.1
Pune,18.5204,73.8567,2026-02-08 00:00:00,46.2,45.4,588.0,19.0,10.4,65.0,20.7,53,0.0,3.5
Pune,18.5204,73.8567,2026-02-08 01:00:00,44.5,43.7,580.0,14.2,8.4,69.0,20.1,56,0.0,2.9
Pune,18.5204,73.8567,2026-02-08 02:00:00,43.9,43.1,579.0,10.5,7.3,71.0,19.8,57,0.0,1.1
Pune,18.5204,73.8567,2026-02-08 03:00:00,44.1,43.3,579.0,8.8,7.4,71.0,18.8,60,0.0,2.2
Pune,18.5204,73.8567,2026-02-08 04:00:00,44.8,43.9,587.0,8.3,8.3,71.0,18.3,64,0.0,0.5
Pune,18.5204,73.8567,2026-02-08 05:00:00,46.2,45.3,631.0,9.5,9.4,69.0,17.7,71,0.0,0.7
Pune,18.5204,73.8567,2026-02-08 06:00:00,49.0,48.0,769.0,14.0,11.4,65.0,17.1,72,0.0,0.4
Pune,18.5204,73.8567,2026-02-08 07:00:00,54.2,53.2,944.0,19.9,14.0,61.0,16.8,71,0.0,1.3
Pune,18.5204,73.8567,2026-02-08 08:00:00,55.3,54.4,1008.0,22.2,15.4,67.0,18.5,62,0.0,0.7
Pune,18.5204,73.8567,2026-02-08 09:00:00,48.8,47.7,855.0,17.2,14.5,93.0,22.0,49,0.0,3.1
Pune,18.5204,73.8567,2026-02-08 10:00:00,47.6,46.3,592.0,8.6,12.5,128.0,25.6,37,0.0,5.5
Pune,18.5204,73.8567,2026-02-08 11:00:00,45.2,43.9,390.0,2.2,10.6,155.0,28.3,28,0.0,7.4
Pune,18.5204,73.8567,2026-02-08 12:00:00,42.8,41.4,323.0,0.5,9.4,163.0,29.9,23,0.0,7.1
Pune,18.5204,73.8567,2026-02-08 13:00:00,41.3,39.6,318.0,1.0,8.4,162.0,30.8,21,0.0,6.8
Pune,18.5204,73.8567,2026-02-08 14:00:00,40.4,38.5,322.0,1.8,7.8,160.0,31.4,20,0.0,6.9
Pune,18.5204,73.8567,2026-02-08 15:00:00,39.8,37.8,316.0,1.2,7.4,164.0,31.7,20,0.0,5.8
Pune,18.5204,73.8567,2026-02-08 16:00:00,39.6,37.6,319.0,0.8,7.2,167.0,31.3,20,0.0,6.9
Pune,18.5204,73.8567,2026-02-08 17:00:00,58.1,55.5,339.0,3.7,8.3,164.0,29.9,23,0.0,11.8
Pune,18.5204,73.8567,2026-02-08 18:00:00,61.7,59.6,378.0,13.5,10.4,140.0,28.0,26,0.0,10.6
Pune,18.5204,73.8567,2026-02-08 19:00:00,68.2,65.9,434.0,27.0,13.3,107.0,26.9,28,0.0,8.1
Pune,18.5204,73.8567,2026-02-08 20:00:00,75.7,73.1,509.0,37.8,16.3,81.0,25.7,32,0.0,7.6
Pune,18.5204,73.8567,2026-02-08 21:00:00,83.4,81.0,632.0,43.5,19.6,68.0,24.1,38,0.0,3.6
Pune,18.5204,73.8567,2026-02-08 22:00:00,88.7,86.4,774.0,46.5,22.9,62.0,23.3,38,0.0,2.9
Pune,18.5204,73.8567,2026-02-08 23:00:00,90.6,88.2,853.0,47.3,24.7,58.0,22.3,42,0.0,4.5
Pune,18.5204,73.8567,2026-02-09 00:00:00,89.6,87.3,811.0,45.4,24.0,55.0,20.9,49,0.0,0.4
Pune,18.5204,73.8567,2026-02-09 01:00:00,86.8,84.5,706.0,41.3,21.9,55.0,20.2,50,0.0,1.1
Pune,18.5204,73.8567,2026-02-09 02:00:00,83.1,80.8,629.0,36.5,19.6,55.0,19.5,54,0.0,2.8
Pune,18.5204,73.8567,2026-02-09 03:00:00,79.2,76.8,599.0,30.7,17.4,56.0,19.1,57,0.0,4.2
Pune,18.5204,73.8567,2026-02-09 04:00:00,74.0,71.7,596.0,24.4,15.0,57.0,18.4,61,0.0,0.8
Pune,18.5204,73.8567,2026-02-09 05:00:00,106.6,104.1,651.0,45.2,24.4,36.0,18.3,61,0.0,0.9
Pune,18.5204,73.8567,2026-02-09 06:00:00,99.2,96.6,844.0,41.5,22.1,39.0,17.7,65,0.0,0.4
Pune,18.5204,73.8567,2026-02-09 07:00:00,92.4,90.1,1095.0,36.1,18.9,45.0,17.3,68,0.0,0.6
Pune,18.5204,73.8567,2026-02-09 08:00:00,78.0,76.1,1195.0,29.5,16.1,59.0,19.0,59,0.0,1.6
Pune,18.5204,73.8567,2026-02-09 09:00:00,49.5,47.6,995.0,20.4,14.1,89.0,22.8,44,0.0,2.3
Pune,18.5204,73.8567,2026-02-09 10:00:00,39.3,37.6,644.0,10.1,12.5,127.0,26.6,32,0.0,3.2
Pune,18.5204,73.8567,2026-02-09 11:00:00,38.4,37.0,378.0,2.7,11.2,157.0,29.1,24,0.0,4.3
Pune,18.5204,73.8567,2026-02-09 12:00:00,40.9,39.3,299.0,0.5,10.2,169.0,31.1,20,0.0,2.2
Pune,18.5204,73.8567,2026-02-09 13:00:00,41.9,40.3,305.0,1.1,9.6,173.0,32.0,18,0.0,2.1
Pune,18.5204,73.8567,2026-02-09 14:00:00,40.9,39.2,322.0,2.1,9.2,175.0,32.5,16,0.0,4.2
Pune,18.5204,73.8567,2026-02-09 15:00:00,39.8,38.4,316.0,1.5,9.1,181.0,32.6,16,0.0,4.2
Pune,18.5204,73.8567,2026-02-09 16:00:00,40.0,38.6,321.0,1.1,9.2,186.0,32.4,16,0.0,4.8
Pune,18.5204,73.8567,2026-02-09 17:00:00,48.1,46.1,369.0,4.0,9.6,180.0,31.5,17,0.0,7.5
Pune,18.5204,73.8567,2026-02-09 18:00:00,53.2,51.5,497.0,12.8,12.0,161.0,29.3,22,0.0,6.6
Pune,18.5204,73.8567,2026-02-09 19:00:00,62.2,60.5,668.0,24.7,15.4,135.0,27.8,25,0.0,3.9
Pune,18.5204,73.8567,2026-02-09 20:00:00,69.8,68.5,798.0,32.5,19.2,116.0,26.2,38,0.0,9.4
Pune,18.5204,73.8567,2026-02-09 21:00:00,72.4,71.2,852.0,32.4,23.5,113.0,24.7,48,0.0,6.7
Pune,18.5204,73.8567,2026-02-09 22:00:00,73.3,72.4,865.0,28.1,28.0,117.0,23.3,54,0.0,5.5
Pune,18.5204,73.8567,2026-02-09 23:00:00,75.0,74.0,858.0,24.1,31.5,120.0,22.5,59,0.0,8.1
Pune,18.5204,73.8567,2026-02-10 00:00:00,77.8,76.6,826.0,21.6,33.2,119.0,21.8,60,0.0,5.6
Pune,18.5204,73.8567,2026-02-10 01:00:00,83.4,82.0,774.0,19.3,33.9,118.0,21.1,62,0.0,4.9
Pune,18.5204,73.8567,2026-02-10 02:00:00,88.0,86.6,739.0,17.8,34.1,114.0,20.5,65,0.0,1.9
Pune,18.5204,73.8567,2026-02-10 03:00:00,90.8,89.2,725.0,16.9,33.9,106.0,19.8,69,0.0,2.7
Pune,18.5204,73.8567,2026-02-10 04:00:00,93.1,91.3,728.0,16.8,33.1,97.0,19.0,72,0.0,2.2
Pune,18.5204,73.8567,2026-02-10 05:00:00,99.7,98.0,773.0,20.3,32.0,84.0,18.4,78,0.0,0.8
Pune,18.5204,73.8567,2026-02-10 06:00:00,101.7,100.1,924.0,25.5,32.0,78.0,18.3,78,0.0,0.7
Pune,18.5204,73.8567,2026-02-10 07:00:00,105.0,103.4,1116.0,32.3,31.7,72.0,18.5,79,0.0,0.2
Pune,18.5204,73.8567,2026-02-10 08:00:00,98.0,96.9,1183.0,34.1,30.1,78.0,20.7,64,0.0,1.7
Pune,18.5204,73.8567,2026-02-10 09:00:00,71.9,70.3,1006.0,25.9,25.9,110.0,23.8,48,0.0,3.7
Pune,18.5204,73.8567,2026-02-10 10:00:00,58.2,56.7,705.0,12.7,20.3,155.0,26.5,38,0.0,5.7
Pune,18.5204,73.8567,2026-02-10 11:00:00,50.3,48.9,466.0,2.9,15.7,188.0,28.7,31,0.0,4.8
Pune,18.5204,73.8567,2026-02-10 12:00:00,45.3,44.0,368.0,0.3,13.1,198.0,31.1,24,0.0,2.4
Pune,18.5204,73.8567,2026-02-10 13:00:00,44.1,42.8,332.0,1.0,11.6,196.0,32.5,21,0.0,1.4
Pune,18.5204,73.8567,2026-02-10 14:00:00,43.4,42.1,317.0,2.1,10.8,194.0,32.8,19,0.0,3.1
Pune,18.5204,73.8567,2026-02-10 15:00:00,43.3,42.0,305.0,1.6,10.5,198.0,32.8,19,0.0,5.3
Pune,18.5204,73.8567,2026-02-10 16:00:00,43.9,42.6,312.0,1.4,10.8,203.0,32.4,19,0.0,5.3
Pune,18.5204,73.8567,2026-02-10 17:00:00,48.4,47.0,350.0,3.9,11.3,193.0,31.6,20,0.0,6.3
Pune,18.5204,73.8567,2026-02-10 18:00:00,52.2,50.9,441.0,11.4,13.8,175.0,30.6,22,0.0,2.4
Pune,18.5204,73.8567,2026-02-10 19:00:00,58.9,57.6,562.0,21.6,17.4,150.0,27.5,39,0.0,13.9
Pune,18.5204,73.8567,2026-02-10 20:00:00,69.4,68.0,651.0,28.6,21.2,130.0,25.3,48,0.0,11.2
Pune,18.5204,73.8567,2026-02-10 21:00:00,75.0,73.6,674.0,29.2,25.5,123.0,24.5,51,0.0,7.8
Pune,18.5204,73.8567,2026-02-10 22:00:00,80.3,78.5,665.0,26.6,30.1,121.0,23.8,53,0.0,6.0
Pune,18.5204,73.8567,2026-02-10 23:00:00,84.8,82.7,661.0,24.2,33.1,118.0,23.1,57,0.0,6.6
Pune,18.5204,73.8567,2026-02-11 00:00:00,89.9,87.8,679.0,23.1,33.7,110.0,22.2,61,0.0,2.1
Pune,18.5204,73.8567,2026-02-11 01:00:00,92.7,90.3,702.0,22.1,32.9,101.0,21.7,63,0.0,2.4
Pune,18.5204,73.8567,2026-02-11 02:00:00,99.4,96.9,711.0,21.1,31.6,93.0,21.0,66,0.0,0.6
Pune,18.5204,73.8567,2026-02-11 03:00:00,102.0,99.2,686.0,19.6,30.1,87.0,20.6,68,0.0,0.2
Pune,18.5204,73.8567,2026-02-11 04:00:00,100.4,97.8,647.0,18.0,28.2,81.0,20.0,70,0.0,0.6
Pune,18.5204,73.8567,2026-02-11 05:00:00,101.3,98.5,637.0,20.0,26.1,67.0,20.2,65,0.0,5.5
Pune,18.5204,73.8567,2026-02-11 06:00:00,97.1,94.5,701.0,20.8,24.4,65.0,19.4,67,0.0,3.0
Pune,18.5204,73.8567,2026-02-11 07:00:00,90.6,88.5,795.0,21.8,22.0,63.0,19.3,67,0.0,4.5
Pune,18.5204,73.8567,2026-02-11 08:00:00,76.4,75.2,825.0,20.6,19.4,71.0,20.6,62,0.0,5.6
Pune,18.5204,73.8567,2026-02-11 09:00:00,54.7,53.6,730.0,15.3,16.5,98.0,22.9,49,0.0,7.4
Pune,18.5204,73.8567,2026-02-11 10:00:00,39.0,37.7,571.0,7.9,13.4,135.0,25.8,38,0.0,7.7
Pune,18.5204,73.8567,2026-02-11 11:00:00,31.3,29.9,440.0,2.5,10.8,162.0,28.2,32,0.0,8.2
Pune,18.5204,73.8567,2026-02-11 12:00:00,29.0,27.6,370.0,0.9,9.0,171.0,30.4,25,0.0,8.3
Pune,18.5204,73.8567,2026-02-11 13:00:00,29.0,27.6,326.0,1.2,7.7,172.0,31.3,22,0.0,8.7
Pune,18.5204,73.8567,2026-02-11 14:00:00,28.6,27.3,300.0,1.8,6.7,170.0,31.7,21,0.0,10.2
Pune,18.5204,73.8567,2026-02-11 15:00:00,27.9,26.7,289.0,1.2,5.9,171.0,31.7,21,0.0,12.0
Pune,18.5204,73.8567,2026-02-11 16:00:00,27.2,26.0,295.0,0.9,5.4,170.0,31.1,22,0.0,12.4
Pune,18.5204,73.8567,2026-02-11 17:00:00,39.7,37.8,310.0,3.2,6.1,164.0,30.1,24,0.0,12.5
Pune,18.5204,73.8567,2026-02-11 18:00:00,40.2,38.5,334.0,10.7,8.0,146.0,28.6,26,0.0,12.1
Pune,18.5204,73.8567,2026-02-11 19:00:00,44.0,42.6,368.0,21.2,10.6,120.0,27.1,29,0.0,10.1
Pune,18.5204,73.8567,2026-02-11 20:00:00,48.3,46.9,405.0,30.1,13.3,98.0,25.8,31,0.0,8.7
Pune,18.5204,73.8567,2026-02-11 21:00:00,53.6,52.3,444.0,36.4,16.3,83.0,25.1,31,0.0,6.5
Pune,18.5204,73.8567,2026-02-11 22:00:00,58.7,57.4,486.0,41.1,19.3,71.0,24.3,31,0.0,4.4
Pune,18.5204,73.8567,2026-02-11 23:00:00,59.4,58.2,524.0,42.1,20.6,65.0,23.7,34,0.0,1.3
Pune,18.5204,73.8567,2026-02-12 00:00:00,54.4,53.4,560.0,37.2,18.6,66.0,22.6,39,0.0,0.4
Pune,18.5204,73.8567,2026-02-12 01:00:00,47.4,46.6,592.0,28.5,14.8,73.0,21.4,39,0.0,3.9
Pune,18.5204,73.8567,2026-02-12 02:00:00,41.0,40.4,608.0,20.8,11.9,79.0,20.5,45,0.0,2.3
Pune,18.5204,73.8567,2026-02-12 03:00:00,36.1,35.6,589.0,15.1,10.9,82.0,19.7,48,0.0,1.5
Pune,18.5204,73.8567,2026-02-12 04:00:00,32.6,32.1,555.0,10.3,10.7,85.0,18.8,52,0.0,2.9
Pune,18.5204,73.8567,2026-02-12 05:00:00,30.3,29.8,548.0,8.0,10.4,82.0,18.7,54,0.0,3.4
Pune,18.5204,73.8567,2026-02-12 06:00:00,29.5,29.2,617.0,10.6,10.7,76.0,18.2,56,0.0,3.6
Pune,18.5204,73.8567,2026-02-12 07:00:00,31.5,31.1,713.0,13.9,11.1,70.0,18.0,58,0.0,3.7
Pune,18.5204,73.8567,2026-02-12 08:00:00,33.1,32.6,739.0,15.0,11.2,74.0,20.3,51,0.0,4.7
Pune,18.5204,73.8567,2026-02-12 09:00:00,33.5,32.2,620.0,11.7,10.7,98.0,23.9,40,0.0,4.8
Pune,18.5204,73.8567,2026-02-12 10:00:00,34.3,32.7,430.0,6.1,9.8,133.0,27.0,33,0.0,6.9
Pune,18.5204,73.8567,2026-02-12 11:00:00,32.2,30.9,290.0,2.0,8.9,159.0,28.7,28,0.0,10.8
Pune,18.5204,73.8567,2026-02-12 12:00:00,30.5,29.1,255.0,0.9,8.2,168.0,30.1,24,0.0,10.1
Pune,18.5204,73.8567,2026-02-12 13:00:00,29.3,28.0,270.0,1.1,7.5,168.0,30.8,22,0.0,9.4
Pune,18.5204,73.8567,2026-02-12 14:00:00,28.6,27.3,287.0,1.6,6.9,166.0,31.2,21,0.0,10.8
Pune,18.5204,73.8567,2026-02-12 15:00:00,28.2,26.8,286.0,1.1,6.4,167.0,31.3,21,0.0,11.4
Pune,18.5204,73.8567,2026-02-12 16:00:00,27.8,26.5,287.0,0.7,5.9,167.0,30.6,21,0.0,11.7
Pune,18.5204,73.8567,2026-02-12 17:00:00,28.6,27.3,302.0,3.1,6.2,158.0,29.8,22,0.0,12.2
Pune,18.5204,73.8567,2026-02-12 18:00:00,30.3,29.1,331.0,10.6,7.9,139.0,28.4,24,0.0,9.9
Pune,18.5204,73.8567,2026-02-12 19:00:00,36.9,35.7,373.0,21.1,10.4,112.0,27.0,27,0.0,7.0
Pune,18.5204,73.8567,2026-02-12 20:00:00,43.2,42.1,437.0,30.5,13.1,89.0,25.8,29,0.0,6.6
Pune,18.5204,73.8567,2026-02-12 21:00:00,49.2,48.1,550.0,38.0,16.4,75.0,24.7,33,0.0,3.1
Pune,18.5204,73.8567,2026-02-12 22:00:00,57.7,56.6,686.0,44.4,19.9,65.0,23.8,34,0.0,2.4
Pune,18.5204,73.8567,2026-02-12 23:00:00,63.8,62.6,772.0,47.7,22.0,58.0,22.9,41,0.0,6.3
Pune,18.5204,73.8567,2026-02-13 00:00:00,65.9,64.7,766.0,46.7,21.8,55.0,21.4,53,0.0,4.3
Pune,18.5204,73.8567,2026-02-13 01:00:00,66.8,65.7,711.0,42.7,20.1,54.0,20.7,58,0.0,3.7
Pune,18.5204,73.8567,2026-02-13 02:00:00,64.0,62.9,664.0,37.7,18.3,55.0,19.8,63,0.0,2.8
Pune,18.5204,73.8567,2026-02-13 03:00:00,60.1,59.1,633.0,31.2,16.3,56.0,19.6,65,0.0,1.8
Pune,18.5204,73.8567,2026-02-13 04:00:00,55.9,54.9,611.0,23.8,14.1,58.0,19.1,68,0.0,1.3
Pune,18.5204,73.8567,2026-02-13 05:00:00,61.5,60.3,633.0,27.9,15.3,55.0,18.7,68,0.0,0.5
Pune,18.5204,73.8567,2026-02-13 06:00:00,59.8,58.7,764.0,29.7,15.1,53.0,18.3,71,0.0,0.4
Pune,18.5204,73.8567,2026-02-13 07:00:00,62.2,61.0,940.0,31.8,14.7,52.0,18.1,75,0.0,0.2
Pune,18.5204,73.8567,2026-02-13 08:00:00,59.4,58.6,1006.0,30.5,14.1,62.0,19.8,63,0.0,2.0
Pune,18.5204,73.8567,2026-02-13 09:00:00,39.6,38.5,854.0,22.3,12.9,92.0,22.8,47,0.0,3.6
Pune,18.5204,73.8567,2026-02-13 10:00:00,31.0,29.6,592.0,10.6,11.4,133.0,26.4,36,0.0,3.8
Pune,18.5204,73.8567,2026-02-13 11:00:00,31.3,29.7,387.0,2.1,10.2,164.0,28.8,27,0.0,5.8
Pune,18.5204,73.8567,2026-02-13 12:00:00,32.4,30.9,309.0,0.0,9.7,174.0,30.5,21,0.0,7.0
Pune,18.5204,73.8567,2026-02-13 13:00:00,33.1,31.5,288.0,0.8,9.5,174.0,31.3,20,0.0,8.1
Pune,18.5204,73.8567,2026-02-13 14:00:00,33.6,32.1,281.0,1.9,9.4,172.0,31.8,19,0.0,9.0
Pune,18.5204,73.8567,2026-02-13 15:00:00,34.1,32.6,275.0,1.5,9.0,174.0,31.8,19,0.0,9.2
Pune,18.5204,73.8567,2026-02-13 16:00:00,34.5,32.9,283.0,1.3,8.7,175.0,31.3,20,0.0,10.3
Pune,18.5204,73.8567,2026-02-13 17:00:00,39.8,38.1,302.0,3.4,8.6,176.0,30.3,22,0.0,11.3
Pune,18.5204,73.8567,2026-02-13 18:00:00,40.6,39.1,329.0,9.6,9.9,157.0,28.9,24,0.0,10.3
Pune,18.5204,73.8567,2026-02-13 19:00:00,45.8,44.4,366.0,18.3,11.7,130.0,27.0,29,0.0,9.9
Pune,18.5204,73.8567,2026-02-13 20:00:00,50.6,49.4,415.0,26.3,13.8,107.0,25.8,32,0.0,9.5
Pune,18.5204,73.8567,2026-02-13 21:00:00,55.8,54.5,485.0,33.0,16.5,92.0,25.1,32,0.0,8.3
Pune,18.5204,73.8567,2026-02-13 22:00:00,62.6,61.2,568.0,39.0,19.5,81.0,24.1,35,0.0,3.4
Pune,18.5204,73.8567,2026-02-13 23:00:00,68.7,67.1,639.0,42.3,21.1,72.0,23.6,48,0.0,0.3
Pune,18.5204,73.8567,2026-02-14 00:00:00,71.0,69.4,695.0,41.7,20.3,66.0,22.2,40,0.0,4.6
Pune,18.5204,73.8567,2026-02-14 01:00:00,70.8,69.4,740.0,38.5,18.1,62.0,20.6,48,0.0,3.4
Pune,18.5204,73.8567,2026-02-14 02:00:00,69.8,68.5,764.0,34.3,16.1,61.0,20.2,50,0.0,2.6
Pune,18.5204,73.8567,2026-02-14 03:00:00,67.8,66.4,745.0,28.4,14.7,64.0,19.8,53,0.0,2.1
Pune,18.5204,73.8567,2026-02-14 04:00:00,65.2,63.6,705.0,21.4,13.6,70.0,19.4,53,0.0,1.8
Pune,18.5204,73.8567,2026-02-14 05:00:00,69.4,67.8,703.0,25.9,13.7,60.0,18.8,58,0.0,1.5
Pune,18.5204,73.8567,2026-02-14 06:00:00,67.8,65.9,801.0,26.4,13.5,62.0,18.6,60,0.0,0.3
Pune,18.5204,73.8567,2026-02-14 07:00:00,68.2,66.6,937.0,26.8,13.3,66.0,18.4,60,0.0,0.3
Pune,18.5204,73.8567,2026-02-14 08:00:00,65.2,64.0,978.0,24.8,13.0,78.0,20.5,52,0.0,1.5
Pune,18.5204,73.8567,2026-02-14 09:00:00,54.7,53.1,831.0,18.0,12.7,104.0,23.5,40,0.0,3.4
Pune,18.5204,73.8567,2026-02-14 10:00:00,47.7,46.3,589.0,8.7,12.4,137.0,26.5,32,0.0,6.1
Pune,18.5204,73.8567,2026-02-14 11:00:00,40.0,38.8,400.0,2.0,12.0,162.0,28.8,25,0.0,7.7
Pune,18.5204,73.8567,2026-02-14 12:00:00,37.8,36.4,327.0,0.3,11.3,171.0,30.4,21,0.0,8.0
Pune,18.5204,73.8567,2026-02-14 13:00:00,36.9,35.5,308.0,1.0,10.4,171.0,31.3,19,0.0,7.3
Pune,18.5204,73.8567,2026-02-14 14:00:00,36.4,35.2,301.0,2.0,9.8,170.0,31.8,18,0.0,7.7
Pune,18.5204,73.8567,2026-02-14 15:00:00,36.2,34.8,289.0,1.3,9.2,173.0,31.8,18,0.0,9.1
Pune,18.5204,73.8567,2026-02-14 16:00:00,36.2,34.8,290.0,0.9,8.9,175.0,31.4,18,0.0,9.4
Pune,18.5204,73.8567,2026-02-14 17:00:00,37.7,36.2,313.0,3.6,9.9,176.0,30.6,19,0.0,11.4
Pune,18.5204,73.8567,2026-02-14 18:00:00,40.7,39.5,370.0,11.8,12.1,156.0,29.2,21,0.0,9.5
Pune,18.5204,73.8567,2026-02-14 19:00:00,48.8,47.5,450.0,23.2,15.2,127.0,27.7,25,0.0,8.5
Pune,18.5204,73.8567,2026-02-14 20:00:00,55.9,54.7,525.0,33.2,18.8,103.0,26.8,29,0.0,9.2
Pune,18.5204,73.8567,2026-02-14 21:00:00,63.1,61.9,599.0,40.7,23.0,89.0,24.8,35,0.0,1.5
Pune,18.5204,73.8567,2026-02-14 22:00:00,72.2,71.0,668.0,46.7,27.6,79.0,24.0,37,0.0,8.6
Pune,18.5204,73.8567,2026-02-14 23:00:00,84.1,82.9,700.0,49.8,31.2,72.0,22.9,44,0.0,7.1
Pune,18.5204,73.8567,2026-02-15 00:00:00,93.1,92.0,665.0,48.2,33.1,67.0,22.0,48,0.0,6.9
Pune,18.5204,73.8567,2026-02-15 01:00:00,97.8,96.6,592.0,43.5,34.0,64.0,21.3,50,0.0,4.8
Pune,18.5204,73.8567,2026-02-15 02:00:00,101.5,100.4,539.0,39.4,34.5,61.0,21.0,52,0.0,5.7
Pune,18.5204,73.8567,2026-02-15 03:00:00,104.8,103.4,514.0,36.7,34.7,57.0,20.3,55,0.0,5.1
Pune,18.5204,73.8567,2026-02-15 04:00:00,107.3,105.9,509.0,34.5,34.6,52.0,19.6,57,0.0,3.2
Pune,18.5204,73.8567,2026-02-15 05:00:00,116.6,115.3,557.0,38.1,38.0,49.0,18.9,64,0.0,1.8
Pune,18.5204,73.8567,2026-02-15 06:00:00,117.8,116.2,733.0,41.9,38.9,48.0,18.6,65,0.0,1.2
Pune,18.5204,73.8567,2026-02-15 07:00:00,122.5,121.1,963.0,46.6,39.7,49.0,18.7,65,0.0,2.4
Pune,18.5204,73.8567,2026-02-15 08:00:00,120.1,118.7,1059.0,45.6,37.7,61.0,21.3,54,0.0,2.4
Pune,18.5204,73.8567,2026-02-15 09:00:00,78.5,77.1,892.0,33.3,30.1,96.0,24.4,42,0.0,3.1
Pune,18.5204,73.8567,2026-02-15 10:00:00,54.8,53.2,591.0,15.4,19.6,142.0,27.7,32,0.0,4.5
Pune,18.5204,73.8567,2026-02-15 11:00:00,43.3,41.6,362.0,2.3,11.7,177.0,29.6,24,0.0,5.9
Pune,18.5204,73.8567,2026-02-15 12:00:00,40.5,38.9,294.0,0.0,9.0,188.0,31.0,21,0.0,6.7
Pune,18.5204,73.8567,2026-02-15 13:00:00,40.5,38.9,298.0,0.4,8.9,187.0,31.7,20,0.0,7.2
Pune,18.5204,73.8567,2026-02-15 14:00:00,41.1,39.6,310.0,2.0,9.2,186.0,32.2,19,0.0,7.3
Pune,18.5204,73.8567,2026-02-15 15:00:00,41.8,40.4,303.0,1.5,9.0,191.0,32.3,18,0.0,6.6
Pune,18.5204,73.8567,2026-02-15 16:00:00,42.6,41.1,305.0,1.3,9.1,195.0,32.1,19,0.0,5.2
Pune,18.5204,73.8567,2026-02-15 17:00:00,52.0,50.2,335.0,3.6,9.7,183.0,31.4,20,0.0,5.0
Pune,18.5204,73.8567,2026-02-15 18:00:00,54.9,53.3,415.0,11.5,11.5,159.0,29.8,22,0.0,4.4
Pune,18.5204,73.8567,2026-02-15 19:00:00,61.9,60.5,523.0,22.6,14.2,126.0,28.4,24,0.0,5.3
Pune,18.5204,73.8567,2026-02-15 20:00:00,69.4,67.8,610.0,31.6,17.0,99.0,27.0,27,0.0,2.3
Pune,18.5204,73.8567,2026-02-15 21:00:00,77.3,75.7,664.0,36.8,20.1,84.0,25.7,31,0.0,10.1
Pune,18.5204,73.8567,2026-02-15 22:00:00,83.8,82.2,696.0,39.9,23.4,74.0,24.8,36,0.0,5.0
Pune,18.5204,73.8567,2026-02-15 23:00:00,85.4,84.1,692.0,41.5,25.8,67.0,23.9,40,0.0,3.8
Pune,18.5204,73.8567,2026-02-16 00:00:00,87.5,86.1,622.0,41.3,26.8,62.0,22.9,44,0.0,7.2
Pune,18.5204,73.8567,2026-02-16 01:00:00,92.2,90.8,515.0,39.5,26.9,60.0,22.2,46,0.0,3.1
Pune,18.5204,73.8567,2026-02-16 02:00:00,96.2,94.8,448.0,37.5,27.0,58.0,21.4,49,0.0,5.6
Pune,18.5204,73.8567,2026-02-16 03:00:00,98.5,97.1,453.0,35.2,27.3,55.0,20.5,54,0.0,1.3
Pune,18.5204,73.8567,2026-02-16 04:00:00,99.4,98.0,498.0,32.7,27.5,53.0,19.9,57,0.0,0.6
Pune,18.5204,73.8567,2026-02-16 05:00:00,100.6,99.0,562.0,34.5,26.0,45.0,19.3,63,0.0,1.1
Pune,18.5204,73.8567,2026-02-16 06:00:00,102.2,100.6,675.0,36.1,26.4,48.0,18.8,64,0.0,0.6
Pune,18.5204,73.8567,2026-02-16 07:00:00,105.2,103.6,807.0,37.7,26.8,54.0,18.7,63,0.0,2.1
Pune,18.5204,73.8567,2026-02-16 08:00:00,97.1,95.7,854.0,35.6,25.7,69.0,21.2,51,0.0,1.3
Pune,18.5204,73.8567,2026-02-16 09:00:00,69.2,67.8,734.0,25.8,21.7,100.0,24.3,40,0.0,3.3
Pune,18.5204,73.8567,2026-02-16 10:00:00,62.2,60.8,528.0,12.2,16.2,140.0,27.5,33,0.0,7.3
Pune,18.5204,73.8567,2026-02-16 11:00:00,56.7,55.1,372.0,2.2,11.9,170.0,29.8,27,0.0,9.8
Pune,18.5204,73.8567,2026-02-16 12:00:00,52.9,51.2,325.0,0.0,10.0,180.0,31.3,23,0.0,9.7
Pune,18.5204,73.8567,2026-02-16 13:00:00,51.6,50.1,327.0,0.6,9.2,180.0,32.2,21,0.0,9.4
Pune,18.5204,73.8567,2026-02-16 14:00:00,51.0,49.5,337.0,1.9,8.9,180.0,32.7,20,0.0,8.2
Pune,18.5204,73.8567,2026-02-16 15:00:00,50.8,49.2,332.0,1.6,8.7,185.0,32.8,20,0.0,6.0
Pune,18.5204,73.8567,2026-02-16 16:00:00,51.0,49.6,334.0,1.6,8.8,189.0,32.5,20,0.0,5.8
Pune,18.5204,73.8567,2026-02-16 17:00:00,50.8,49.4,365.0,3.4,9.6,170.0,31.5,22,0.0,6.2
Pune,18.5204,73.8567,2026-02-16 18:00:00,54.0,53.0,453.0,9.9,11.3,149.0,30.0,24,0.0,3.5
Pune,18.5204,73.8567,2026-02-16 19:00:00,59.0,58.0,570.0,19.0,13.7,120.0,28.6,27,0.0,4.1
Pune,18.5204,73.8567,2026-02-16 20:00:00,64.0,63.1,657.0,26.8,16.5,95.0,26.9,32,0.0,6.7
Pune,18.5204,73.8567,2026-02-16 21:00:00,69.6,68.5,690.0,32.2,19.7,80.0,25.4,40,0.0,6.3
Pune,18.5204,73.8567,2026-02-16 22:00:00,75.7,74.5,693.0,36.2,23.2,70.0,24.6,45,0.0,5.1
Pune,18.5204,73.8567,2026-02-16 23:00:00,78.7,77.5,678.0,38.0,26.3,64.0,23.2,52,0.0,6.3
Pune,18.5204,73.8567,2026-02-17 00:00:00,80.6,79.4,634.0,36.4,28.5,64.0,23.2,51,0.0,3.1
Pune,18.5204,73.8567,2026-02-17 01:00:00,84.3,82.9,570.0,32.5,30.2,69.0,23.0,52,0.0,4.8
Pune,18.5204,73.8567,2026-02-17 02:00:00,88.5,87.1,531.0,29.4,31.8,72.0,22.7,54,0.0,2.3
Pune,18.5204,73.8567,2026-02-17 03:00:00,92.7,91.3,524.0,27.5,33.2,71.0,22.1,56,0.0,4.8
Pune,18.5204,73.8567,2026-02-17 04:00:00,97.1,95.5,540.0,26.4,34.4,69.0,21.8,61,0.0,0.6
Pune,18.5204,73.8567,2026-02-17 05:00:00,111.3,109.7,598.0,37.9,35.4,48.0,20.0,67,0.0,0.4
Pune,18.5204,73.8567,2026-02-17 06:00:00,114.8,112.9,759.0,43.8,37.3,47.0,19.7,64,0.0,2.7
Pune,18.5204,73.8567,2026-02-17 07:00:00,121.1,119.2,962.0,51.3,39.5,47.0,20.1,60,0.0,1.7
Pune,18.5204,73.8567,2026-02-17 08:00:00,120.6,119.2,1042.0,51.7,38.4,59.0,22.6,50,0.0,1.0
Pune,18.5204,73.8567,2026-02-17 09:00:00,80.1,78.7,882.0,38.1,30.9,95.0,25.9,40,0.0,3.7
Pune,18.5204,73.8567,2026-02-17 10:00:00,64.5,63.1,600.0,17.5,20.2,143.0,28.5,32,0.0,7.4
Pune,18.5204,73.8567,2026-02-17 11:00:00,54.6,53.4,386.0,2.4,12.2,178.0,29.5,27,0.0,8.1
Pune,18.5204,73.8567,2026-02-17 12:00:00,50.8,49.6,325.0,0.0,9.6,188.0,30.9,24,0.0,6.9
Pune,18.5204,73.8567,2026-02-17 13:00:00,49.2,48.2,332.0,0.2,9.7,186.0,31.8,23,0.0,7.9
Pune,18.5204,73.8567,2026-02-17 14:00:00,48.5,47.6,346.0,2.1,10.3,183.0,32.1,22,0.0,7.2
Pune,18.5204,73.8567,2026-02-17 15:00:00,48.1,47.1,335.0,1.9,10.6,187.0,32.2,21,0.0,3.5
Pune,18.5204,73.8567,2026-02-17 16:00:00,48.4,47.4,330.0,2.1,11.5,191.0,32.2,20,0.0,8.3
Pune,18.5204,73.8567,2026-02-17 17:00:00,57.0,55.6,364.0,4.0,12.7,180.0,30.7,25,0.0,10.7
Pune,18.5204,73.8567,2026-02-17 18:00:00,59.8,58.8,474.0,10.3,14.0,162.0,29.8,26,0.0,2.0
Pune,18.5204,73.8567,2026-02-17 19:00:00,65.2,64.0,622.0,19.1,15.9,138.0,28.5,28,0.0,3.7
Pune,18.5204,73.8567,2026-02-17 20:00:00,70.1,68.9,726.0,26.4,18.1,116.0,26.6,36,0.0,5.3
Pune,18.5204,73.8567,2026-02-17 21:00:00,75.0,73.8,744.0,31.1,20.8,101.0,25.6,43,0.0,4.8
Pune,18.5204,73.8567,2026-02-17 22:00:00,78.0,76.8,718.0,34.3,23.8,89.0,24.6,50,0.0,4.9
Pune,18.5204,73.8567,2026-02-17 23:00:00,78.0,76.8,685.0,35.5,26.1,81.0,23.2,56,0.0,5.2
Pune,18.5204,73.8567,2026-02-18 00:00:00,75.7,74.7,652.0,33.4,27.2,77.0,22.8,57,0.0,4.0
Pune,18.5204,73.8567,2026-02-18 01:00:00,76.1,75.0,613.0,29.3,27.6,77.0,22.1,59,0.0,3.7
Pune,18.5204,73.8567,2026-02-18 02:00:00,78.2,77.1,589.0,26.1,27.8,75.0,21.3,63,0.0,3.3
Pune,18.5204,73.8567,2026-02-18 03:00:00,80.6,78.9,585.0,25.0,27.9,69.0,20.4,68,0.0,2.7
Pune,18.5204,73.8567,2026-02-18 04:00:00,82.7,81.0,597.0,24.8,27.8,62.0,19.9,72,0.0,0.7
Pune,18.5204,73.8567,2026-02-18 05:00:00,101.7,99.9,627.0,33.7,29.1,52.0,19.6,74,0.0,4.0
Pune,18.5204,73.8567,2026-02-18 06:00:00,103.4,101.3,711.0,36.0,30.3,54.0,19.3,74,0.0,2.9
Pune,18.5204,73.8567,2026-02-18 07:00:00,109.0,106.9,814.0,38.6,31.6,57.0,19.4,72,0.0,6.5
Pune,18.5204,73.8567,2026-02-18 08:00:00,97.8,96.4,838.0,37.0,30.6,69.0,22.0,55,0.0,4.4
Pune,18.5204,73.8567,2026-02-18 09:00:00,68.9,67.8,703.0,27.0,25.0,98.0,25.6,37,0.0,5.9
Pune,18.5204,73.8567,2026-02-18 10:00:00,52.3,51.5,489.0,12.8,17.1,136.0,28.2,28,0.0,8.5
Pune,18.5204,73.8567,2026-02-18 11:00:00,44.1,43.5,331.0,2.4,11.2,164.0,29.3,26,0.0,11.5
Pune,18.5204,73.8567,2026-02-18 12:00:00,42.1,41.4,293.0,0.0,9.0,173.0,30.6,24,0.0,12.5
Pune,18.5204,73.8567,2026-02-18 13:00:00,42.7,42.0,311.0,0.7,8.8,172.0,31.3,23,0.0,11.0
Pune,18.5204,73.8567,2026-02-18 14:00:00,43.4,42.6,333.0,2.1,9.3,171.0,32.0,21,0.0,8.1
Pune,18.5204,73.8567,2026-02-18 15:00:00,44.0,43.2,339.0,2.3,10.1,175.0,31.7,23,0.0,11.2
Pune,18.5204,73.8567,2026-02-18 16:00:00,45.3,44.5,348.0,2.9,11.6,180.0,31.0,26,0.0,11.7
Pune,18.5204,73.8567,2026-02-18 17:00:00,57.2,55.9,362.0,3.9,10.9,160.0,30.1,28,0.0,9.1
Pune,18.5204,73.8567,2026-02-18 18:00:00,60.3,59.0,377.0,8.5,14.2,153.0,29.5,29,0.0,8.5
Pune,18.5204,73.8567,2026-02-18 19:00:00,65.0,63.8,396.0,14.9,18.9,143.0,25.5,57,0.0,13.5
Pune,18.5204,73.8567,2026-02-18 20:00:00,64.7,63.3,431.0,19.3,23.4,135.0,23.7,66,0.0,7.4
Pune,18.5204,73.8567,2026-02-18 21:00:00,63.6,62.2,498.0,20.0,27.5,133.0,23.4,67,0.0,6.9
Pune,18.5204,73.8567,2026-02-18 22:00:00,63.1,61.7,581.0,18.8,31.3,133.0,23.0,68,0.0,3.1
Pune,18.5204,73.8567,2026-02-18 23:00:00,64.7,63.1,638.0,17.7,33.5,130.0,22.0,73,0.0,6.4
Pune,18.5204,73.8567,2026-02-19 00:00:00,66.8,65.2,646.0,17.4,32.9,119.0,21.7,75,0.0,5.0
Pune,18.5204,73.8567,2026-02-19 01:00:00,69.4,67.8,628.0,17.2,30.6,105.0,20.9,79,0.0,5.2
Pune,18.5204,73.8567,2026-02-19 02:00:00,70.8,68.9,614.0,17.2,28.6,92.0,20.5,81,0.0,3.8
Pune,18.5204,73.8567,2026-02-19 03:00:00,71.2,69.4,608.0,17.3,27.6,82.0,20.1,83,0.0,2.6
Pune,18.5204,73.8567,2026-02-19 04:00:00,71.9,69.8,605.0,17.6,26.8,73.0,19.6,86,0.0,1.8
Pune,18.5204,73.8567,2026-02-19 05:00:00,82.4,80.6,618.0,22.9,28.4,61.0,19.5,87,0.0,1.6
Pune,18.5204,73.8567,2026-02-19 06:00:00,83.1,81.0,676.0,24.8,28.1,61.0,19.6,86,0.0,2.8
Pune,18.5204,73.8567,2026-02-19 07:00:00,86.8,84.8,750.0,27.1,27.6,62.0,19.4,87,0.0,4.8
Pune,18.5204,73.8567,2026-02-19 08:00:00,77.1,75.4,765.0,26.4,25.8,73.0,21.4,74,0.0,4.2
Pune,18.5204,73.8567,2026-02-19 09:00:00,59.5,57.6,665.0,19.7,21.6,103.0,24.2,57,0.0,7.7
Pune,18.5204,73.8567,2026-02-19 10:00:00,58.7,57.3,507.0,9.9,16.2,143.0,26.6,45,0.0,11.8
Pune,18.5204,73.8567,2026-02-19 11:00:00,53.8,52.7,384.0,2.7,11.8,171.0,28.3,38,0.0,10.8
Pune,18.5204,73.8567,2026-02-19 12:00:00,50.2,49.2,338.0,0.8,9.3,177.0,30.6,29,0.0,10.1
Pune,18.5204,73.8567,2026-02-19 13:00:00,48.7,47.8,327.0,1.4,7.9,172.0,32.0,25,0.0,10.8
Pune,18.5204,73.8567,2026-02-19 14:00:00,46.4,45.6,324.0,2.3,7.2,167.0,32.8,22,0.0,11.4
Pune,18.5204,73.8567,2026-02-19 15:00:00,45.5,44.7,309.0,2.0,7.2,170.0,32.3,23,0.0,11.8
Pune,18.5204,73.8567,2026-02-19 16:00:00,45.2,44.4,302.0,1.9,7.9,173.0,32.1,23,0.0,8.4
Pune,18.5204,73.8567,2026-02-19 17:00:00,58.0,56.8,327.0,4.0,8.8,161.0,31.7,22,0.0,5.1
Pune,18.5204,73.8567,2026-02-19 18:00:00,60.1,59.1,412.0,10.9,10.9,146.0,30.3,25,0.0,3.1
Pune,18.5204,73.8567,2026-02-19 19:00:00,65.2,64.3,530.0,20.4,13.9,124.0,28.4,28,0.0,3.8
Pune,18.5204,73.8567,2026-02-19 20:00:00,71.2,70.5,627.0,28.0,17.2,106.0,27.2,32,0.0,5.1
Pune,18.5204,73.8567,2026-02-19 21:00:00,76.4,75.4,685.0,31.9,20.8,96.0,25.2,49,0.0,8.1
Pune,18.5204,73.8567,2026-02-19 22:00:00,79.4,78.5,723.0,33.9,24.7,89.0,23.6,65,0.0,8.1
Pune,18.5204,73.8567,2026-02-19 23:00:00,82.7,81.5,743.0,34.9,27.6,83.0,22.6,73,0.0,6.0
Pune,18.5204,73.8567,2026-02-20 00:00:00,87.5,86.1,737.0,35.0,28.9,77.0,22.2,75,0.0,4.5
Pune,18.5204,73.8567,2026-02-20 01:00:00,92.4,91.0,714.0,34.1,29.2,71.0,21.7,77,0.0,3.1
Pune,18.5204,73.8567,2026-02-20 02:00:00,97.1,95.7,699.0,32.8,29.4,67.0,21.1,81,0.0,2.2
Pune,18.5204,73.8567,2026-02-20 03:00:00,101.0,99.4,709.0,31.2,30.0,64.0,20.5,84,0.0,1.8
Pune,18.5204,73.8567,2026-02-20 04:00:00,103.4,101.7,727.0,29.3,30.4,63.0,20.1,86,0.0,2.0
Pune,18.5204,73.8567,2026-02-20 05:00:00,68.9,68.2,731.0,17.2,12.6,62.0,20.0,84,0.0,3.6
Pune,18.5204,73.8567,2026-02-20 06:00:00,64.7,64.3,717.0,17.4,12.2,64.0,20.1,76,0.0,6.1
Pune,18.5204,73.8567,2026-02-20 07:00:00,58.9,58.6,690.0,17.4,11.6,68.0,20.1,66,0.0,5.8
Pune,18.5204,73.8567,2026-02-20 08:00:00,48.4,48.2,635.0,16.1,10.9,77.0,22.3,53,0.0,2.9
Pune,18.5204,73.8567,2026-02-20 09:00:00,36.2,35.7,528.0,11.9,10.1,96.0,25.5,41,0.0,3.5
Pune,18.5204,73.8567,2026-02-20 10:00:00,30.6,29.9,393.0,6.4,9.2,120.0,28.6,32,0.0,5.9
Pune,18.5204,73.8567,2026-02-20 11:00:00,28.0,27.2,296.0,2.3,8.3,139.0,30.3,28,0.0,11.4
Pune,18.5204,73.8567,2026-02-20 12:00:00,28.3,27.5,270.0,1.1,7.2,148.0,31.9,26,0.0,10.4
Pune,18.5204,73.8567,2026-02-20 13:00:00,31.2,30.4,281.0,1.3,6.2,151.0,33.4,22,0.0,8.7
Pune,18.5204,73.8567,2026-02-20 14:00:00,31.5,30.7,293.0,1.8,5.4,152.0,33.8,21,0.0,10.6
Pune,18.5204,73.8567,2026-02-20 15:00:00,30.4,29.6,282.0,1.5,4.9,153.0,33.0,23,0.0,10.9
Pune,18.5204,73.8567,2026-02-20 16:00:00,28.9,28.3,272.0,1.4,4.8,152.0,32.6,23,0.0,10.6
Pune,18.5204,73.8567,2026-02-20 17:00:00,46.2,45.1,301.0,3.5,5.5,144.0,32.1,25,0.0,6.7
Pune,18.5204,73.8567,2026-02-20 18:00:00,49.6,48.5,404.0,9.2,7.5,129.0,30.0,45,0.0,2.0
Pune,18.5204,73.8567,2026-02-20 19:00:00,57.3,56.3,546.0,17.2,10.4,109.0,28.8,33,0.0,11.1
Pune,18.5204,73.8567,2026-02-20 20:00:00,65.0,64.0,653.0,24.2,13.7,91.0,27.4,38,0.0,5.9
Pune,18.5204,73.8567,2026-02-20 21:00:00,74.3,73.3,689.0,29.5,17.7,79.0,25.8,43,0.0,3.3
Pune,18.5204,73.8567,2026-02-20 22:00:00,86.6,85.4,690.0,33.9,22.2,70.0,24.4,53,0.0,6.8
Pune,18.5204,73.8567,2026-02-20 23:00:00,95.2,93.8,694.0,36.5,25.5,63.0,23.3,70,0.0,2.6
Pune,18.5204,73.8567,2026-02-21 00:00:00,101.3,99.9,720.0,36.8,27.0,58.0,22.8,70,0.0,2.0
Pune,18.5204,73.8567,2026-02-21 01:00:00,109.9,108.3,748.0,35.4,27.4,56.0,22.5,72,0.0,0.4
Pune,18.5204,73.8567,2026-02-21 02:00:00,115.9,114.3,762.0,33.3,27.1,55.0,22.5,71,0.0,0.4
Pune,18.5204,73.8567,2026-02-21 03:00:00,117.6,115.9,750.0,30.2,26.1,55.0,21.8,71,0.0,1.1
Pune,18.5204,73.8567,2026-02-21 04:00:00,114.1,112.7,723.0,26.4,24.4,55.0,21.2,72,0.0,0.7
Pune,18.5204,73.8567,2026-02-21 05:00:00,99.9,98.7,699.0,26.8,19.9,50.0,20.6,73,0.0,1.3
Pune,18.5204,73.8567,2026-02-21 06:00:00,88.9,88.0,693.0,25.8,18.1,52.0,20.2,73,0.0,2.5
Pune,18.5204,73.8567,2026-02-21 07:00:00,80.3,79.4,691.0,24.2,15.6,55.0,20.3,70,0.0,4.1
Pune,18.5204,73.8567,2026-02-21 08:00:00,62.4,61.7,666.0,21.2,13.4,65.0,22.0,59,0.0,4.1
Pune,18.5204,73.8567,2026-02-21 09:00:00,39.9,39.3,597.0,15.3,11.9,90.0,24.7,47,0.0,4.9
Pune,18.5204,73.8567,2026-02-21 10:00:00,29.3,28.6,506.0,8.0,10.7,121.0,27.7,38,0.0,3.9
Pune,18.5204,73.8567,2026-02-21 11:00:00,25.7,24.9,429.0,2.7,9.4,144.0,29.9,32,0.0,3.6
Pune,18.5204,73.8567,2026-02-21 12:00:00,27.0,26.2,380.0,1.1,7.8,149.0,32.4,25,0.0,3.1
Pune,18.5204,73.8567,2026-02-21 13:00:00,25.8,25.0,345.0,1.4,6.1,145.0,33.4,21,0.0,4.5
Pune,18.5204,73.8567,2026-02-21 14:00:00,24.0,23.2,321.0,2.0,5.0,141.0,34.1,19,0.0,9.2
Pune,18.5204,73.8567,2026-02-21 15:00:00,23.9,23.0,304.0,2.0,4.7,143.0,33.5,20,0.0,12.4
Pune,18.5204,73.8567,2026-02-21 16:00:00,24.9,24.0,299.0,2.2,5.1,145.0,32.8,20,0.0,12.9
Pune,18.5204,73.8567,2026-02-21 17:00:00,35.2,34.0,312.0,4.1,6.3,142.0,32.5,20,0.0,12.9
Pune,18.5204,73.8567,2026-02-21 18:00:00,40.2,39.1,354.0,6.6,9.6,146.0,31.1,23,0.0,11.5
Pune,18.5204,73.8567,2026-02-21 19:00:00,48.2,47.4,414.0,10.1,14.3,150.0,29.1,31,0.0,13.0
Pune,18.5204,73.8567,2026-02-21 20:00:00,58.3,57.6,472.0,13.1,18.6,151.0,27.2,39,0.0,8.8
Pune,18.5204,73.8567,2026-02-21 21:00:00,68.2,67.5,526.0,15.1,22.1,145.0,26.3,42,0.0,6.7
Pune,18.5204,73.8567,2026-02-21 22:00:00,75.4,74.7,578.0,16.6,25.1,136.0,25.9,44,0.0,7.2
Pune,18.5204,73.8567,2026-02-21 23:00:00,79.4,78.5,610.0,18.0,27.0,125.0,25.1,48,0.0,7.1
Pune,18.5204,73.8567,2026-02-22 00:00:00,81.7,81.0,602.0,19.5,27.3,112.0,24.4,52,0.0,5.2
Pune,18.5204,73.8567,2026-02-22 01:00:00,86.8,85.9,574.0,20.8,26.6,97.0,23.9,54,0.0,6.1
Pune,18.5204,73.8567,2026-02-22 02:00:00,89.9,88.9,567.0,21.6,25.6,84.0,23.4,59,0.0,0.6
Pune,18.5204,73.8567,2026-02-22 03:00:00,89.9,89.2,606.0,21.1,24.6,75.0,23.6,55,0.0,3.8
Pune,18.5204,73.8567,2026-02-22 04:00:00,90.1,89.4,666.0,20.1,23.3,68.0,23.5,64,0.0,1.6
Pune,18.5204,73.8567,2026-02-22 05:00:00,71.7,70.8,712.0,15.0,16.0,73.0,23.7,53,0.0,2.2
Pune,18.5204,73.8567,2026-02-22 06:00:00,70.8,69.8,747.0,19.5,16.6,68.0,22.6,54,0.0,2.7
Pune,18.5204,73.8567,2026-02-22 07:00:00,71.0,70.1,769.0,25.4,17.5,63.0,22.2,55,0.0,3.6
Pune,18.5204,73.8567,2026-02-22 08:00:00,63.8,63.3,737.0,27.2,17.6,67.0,23.7,48,0.0,1.8
Pune,18.5204,73.8567,2026-02-22 09:00:00,53.2,52.4,604.0,20.7,16.5,91.0,26.6,38,0.0,4.3
Pune,18.5204,73.8567,2026-02-22 10:00:00,49.6,48.7,417.0,10.2,14.7,126.0,29.2,31,0.0,6.5
Pune,18.5204,73.8567,2026-02-22 11:00:00,42.6,41.9,278.0,2.3,12.9,150.0,30.2,24,0.0,7.0
Pune,18.5204,73.8567,2026-02-22 12:00:00,39.6,38.6,235.0,0.3,11.1,154.0,31.8,21,0.0,6.4
Pune,18.5204,73.8567,2026-02-22 13:00:00,42.3,41.0,239.0,1.0,9.3,148.0,33.3,18,0.0,4.3
Pune,18.5204,73.8567,2026-02-22 14:00:00,45.6,44.1,248.0,1.9,7.9,142.0,32.6,18,0.0,4.5
Pune,18.5204,73.8567,2026-02-22 15:00:00,46.6,44.9,225.0,1.5,7.0,143.0,32.8,18,0.0,7.2
Pune,18.5204,73.8567,2026-02-22 16:00:00,45.4,43.9,206.0,1.4,6.6,144.0,32.5,18,0.0,6.2
Pune,18.5204,73.8567,2026-02-22 17:00:00,34.2,33.2,254.0,3.1,6.4,140.0,32.1,18,0.0,8.6
Pune,18.5204,73.8567,2026-02-22 18:00:00,33.9,33.1,444.0,8.2,7.6,126.0,30.6,20,0.0,3.6
Pune,18.5204,73.8567,2026-02-22 19:00:00,37.5,36.8,701.0,15.5,9.5,107.0,28.6,24,0.0,2.1
Pune,18.5204,73.8567,2026-02-22 20:00:00,42.7,41.9,863.0,23.0,11.9,89.0,27.6,26,0.0,2.3
Pune,18.5204,73.8567,2026-02-22 21:00:00,49.1,48.3,835.0,31.2,15.5,74.0,26.7,30,0.0,3.2
Pune,18.5204,73.8567,2026-02-22 22:00:00,55.2,54.4,712.0,39.6,19.7,60.0,26.0,30,0.0,4.4
Pune,18.5204,73.8567,2026-02-22 23:00:00,57.3,56.7,619.0,45.2,22.6,49.0,24.6,35,0.0,2.1
Pune,18.5204,73.8567,2026-02-23 00:00:00,58.0,57.4,614.0,46.0,23.3,44.0,24.0,36,0.0,2.3
Pune,18.5204,73.8567,2026-02-23 01:00:00,58.6,58.0,640.0,43.9,22.9,42.0,23.1,39,0.0,2.7
Pune,18.5204,73.8567,2026-02-23 02:00:00,59.5,58.9,645.0,41.6,22.2,41.0,22.9,41,0.0,2.5
Pune,18.5204,73.8567,2026-02-23 03:00:00,60.8,60.3,590.0,39.5,21.6,38.0,22.2,45,0.0,0.8
Pune,18.5204,73.8567,2026-02-23 04:00:00,61.0,60.5,515.0,37.2,20.9,35.0,21.5,50,0.0,0.7
Pune,18.5204,73.8567,2026-02-23 05:00:00,71.2,70.3,493.0,40.6,20.8,32.0,21.3,49,0.0,3.6
Pune,18.5204,73.8567,2026-02-23 06:00:00,69.2,68.5,596.0,38.0,19.3,37.0,21.1,50,0.0,0.8
Pune,18.5204,73.8567,2026-02-23 07:00:00,65.0,64.0,751.0,34.0,17.2,45.0,21.0,48,0.0,0.9
Pune,18.5204,73.8567,2026-02-23 08:00:00,55.5,54.8,811.0,28.5,14.9,60.0,22.9,42,0.0,1.0
Pune,18.5204,73.8567,2026-02-23 09:00:00,49.7,48.8,676.0,19.8,12.1,88.0,26.1,32,0.0,5.6
Pune,18.5204,73.8567,2026-02-23 10:00:00,49.5,48.3,445.0,9.4,9.1,122.0,28.5,28,0.0,9.4
Pune,18.5204,73.8567,2026-02-23 11:00:00,47.5,46.2,273.0,2.0,6.9,147.0,30.1,25,0.0,8.3
Pune,18.5204,73.8567,2026-02-23 12:00:00,45.4,44.0,230.0,0.0,5.9,156.0,31.1,23,0.0,6.8
Pune,18.5204,73.8567,2026-02-23 13:00:00,43.5,42.3,245.0,0.8,5.7,155.0,31.8,21,0.0,6.5
Pune,18.5204,73.8567,2026-02-23 14:00:00,42.7,41.4,262.0,1.9,5.7,155.0,32.1,21,0.0,6.2
Pune,18.5204,73.8567,2026-02-23 15:00:00,41.7,40.4,255.0,1.6,5.8,160.0,32.6,19,0.0,5.9
Pune,18.5204,73.8567,2026-02-23 16:00:00,40.4,39.1,250.0,1.5,6.2,166.0,31.6,19,0.0,7.6
Pune,18.5204,73.8567,2026-02-23 17:00:00,36.9,36.0,270.0,3.6,7.3,163.0,31.9,19,0.0,11.6
Pune,18.5204,73.8567,2026-02-23 18:00:00,39.1,38.3,329.0,8.9,9.2,149.0,30.7,20,0.0,10.0
Pune,18.5204,73.8567,2026-02-23 19:00:00,44.1,43.3,414.0,16.4,11.9,129.0,29.0,24,0.0,10.9
Pune,18.5204,73.8567,2026-02-23 20:00:00,50.5,49.8,501.0,22.9,14.9,111.0,26.8,33,0.0,11.0
Pune,18.5204,73.8567,2026-02-23 21:00:00,57.2,56.5,596.0,27.5,18.4,99.0,25.4,39,0.0,7.8
Pune,18.5204,73.8567,2026-02-23 22:00:00,61.7,61.0,695.0,31.1,22.3,89.0,24.5,41,0.0,6.3
Pune,18.5204,73.8567,2026-02-23 23:00:00,65.9,65.2,762.0,33.8,25.6,81.0,23.8,45,0.0,1.8
Pune,18.5204,73.8567,2026-02-24 00:00:00,71.2,70.5,779.0,35.3,27.8,75.0,23.5,43,0.0,6.6
Pune,18.5204,73.8567,2026-02-24 01:00:00,77.3,76.6,763.0,35.8,29.3,72.0,22.7,43,0.0,4.5
Pune,18.5204,73.8567,2026-02-24 02:00:00,82.9,82.2,739.0,35.9,30.7,68.0,22.3,45,0.0,0.5
Pune,18.5204,73.8567,2026-02-24 03:00:00,87.5,86.8,699.0,35.7,32.4,63.0,21.4,46,0.0,1.4
Pune,18.5204,73.8567,2026-02-24 04:00:00,90.6,89.9,650.0,35.1,33.9,58.0,21.0,47,0.0,0.5
Pune,18.5204,73.8567,2026-02-24 05:00:00,84.3,83.8,631.0,35.1,24.6,40.0,20.0,55,0.0,1.1
Pune,18.5204,73.8567,2026-02-24 06:00:00,80.6,79.9,692.0,33.1,22.6,45.0,19.2,58,0.0,1.6
Pune,18.5204,73.8567,2026-02-24 07:00:00,78.9,78.2,783.0,29.9,19.6,53.0,19.2,57,0.0,3.4
Pune,18.5204,73.8567,2026-02-24 08:00:00,69.2,68.7,800.0,25.3,16.8,67.0,21.1,50,0.0,3.2
Pune,18.5204,73.8567,2026-02-24 09:00:00,55.1,54.1,664.0,17.6,14.2,92.0,24.5,42,0.0,4.3
Pune,18.5204,73.8567,2026-02-24 10:00:00,52.5,51.5,454.0,8.4,11.7,123.0,28.0,38,0.0,6.5
Pune,18.5204,73.8567,2026-02-24 11:00:00,41.0,40.0,295.0,1.8,9.7,145.0,30.0,29,0.0,9.6
Pune,18.5204,73.8567,2026-02-24 12:00:00,33.5,32.7,244.0,0.0,8.4,151.0,31.1,24,0.0,8.1
Pune,18.5204,73.8567,2026-02-24 13:00:00,30.9,30.0,243.0,0.8,7.6,149.0,32.3,21,0.0,6.2
Pune,18.5204,73.8567,2026-02-24 14:00:00,30.5,29.6,252.0,1.8,7.2,147.0,33.2,18,0.0,2.4
Pune,18.5204,73.8567,2026-02-24 15:00:00,30.9,29.9,247.0,1.5,7.0,150.0,32.7,17,0.0,2.6
Pune,18.5204,73.8567,2026-02-24 16:00:00,32.4,31.4,251.0,1.5,7.1,154.0,32.2,17,0.0,6.8
Pune,18.5204,73.8567,2026-02-24 17:00:00,30.6,29.6,287.0,4.2,8.9,159.0,31.9,18,0.0,2.7
Pune,18.5204,73.8567,2026-02-24 18:00:00,34.8,34.0,385.0,11.6,11.7,145.0,31.3,18,0.0,0.7
Pune,18.5204,73.8567,2026-02-24 19:00:00,42.6,41.8,514.0,21.8,15.6,125.0,28.7,26,0.0,7.7
Pune,18.5204,73.8567,2026-02-24 20:00:00,50.3,49.6,614.0,28.3,20.0,112.0,26.8,42,0.0,8.8
Pune,18.5204,73.8567,2026-02-24 21:00:00,52.2,51.6,656.0,27.8,25.1,112.0,25.6,48,0.0,10.1
Pune,18.5204,73.8567,2026-02-24 22:00:00,52.9,52.4,667.0,23.8,30.6,117.0,24.6,51,0.0,7.5
Pune,18.5204,73.8567,2026-02-24 23:00:00,54.4,53.9,667.0,20.2,34.4,120.0,24.0,55,0.0,6.9
Pune,18.5204,73.8567,2026-02-25 00:00:00,55.2,54.6,658.0,18.5,35.3,116.0,23.3,57,0.0,5.4
Pune,18.5204,73.8567,2026-02-25 01:00:00,56.6,56.0,638.0,17.2,34.4,110.0,22.5,58,0.0,5.9
Pune,18.5204,73.8567,2026-02-25 02:00:00,57.4,56.7,618.0,16.4,33.4,103.0,22.1,58,0.0,5.5
Pune,18.5204,73.8567,2026-02-25 03:00:00,59.3,58.7,589.0,15.4,32.3,95.0,21.8,55,0.0,5.7
Pune,18.5204,73.8567,2026-02-25 04:00:00,60.5,59.8,560.0,14.9,31.0,87.0,21.3,53,0.0,6.2
Pune,18.5204,73.8567,2026-02-25 05:00:00,68.7,68.0,568.0,18.7,30.3,78.0,20.7,57,0.0,4.7
Pune,18.5204,73.8567,2026-02-25 06:00:00,70.1,69.4,668.0,24.5,31.4,74.0,20.4,55,0.0,5.1
Pune,18.5204,73.8567,2026-02-25 07:00:00,74.3,73.6,804.0,31.9,32.7,70.0,20.5,56,0.0,0.4
Pune,18.5204,73.8567,2026-02-25 08:00:00,68.5,68.2,850.0,34.2,32.0,77.0,22.7,47,0.0,2.1
Pune,18.5204,73.8567,2026-02-25 09:00:00,35.9,35.3,716.0,26.0,27.6,107.0,26.2,34,0.0,2.2
Pune,18.5204,73.8567,2026-02-25 10:00:00,30.2,29.6,492.0,12.6,21.1,149.0,29.0,26,0.0,4.7
Pune,18.5204,73.8567,2026-02-25 11:00:00,30.4,29.7,318.0,2.6,15.7,179.0,30.2,23,0.0,3.1
Pune,18.5204,73.8567,2026-02-25 12:00:00,30.7,30.0,255.0,0.0,12.4,185.0,32.2,19,0.0,7.7
Pune,18.5204,73.8567,2026-02-25 13:00:00,28.5,27.8,243.0,0.8,10.1,179.0,32.7,17,0.0,9.5
Pune,18.5204,73.8567,2026-02-25 14:00:00,27.2,26.5,242.0,1.9,8.5,172.0,33.4,15,0.0,8.6
Pune,18.5204,73.8567,2026-02-25 15:00:00,25.8,25.1,241.0,2.0,7.2,167.0,33.2,15,0.0,12.3
Pune,18.5204,73.8567,2026-02-25 16:00:00,24.0,23.3,251.0,2.3,6.5,160.0,31.7,18,0.0,15.9
Pune,18.5204,73.8567,2026-02-25 17:00:00,18.8,18.4,265.0,4.2,9.5,156.0,30.8,21,0.0,15.5
Pune,18.5204,73.8567,2026-02-25 18:00:00,20.3,20.0,280.0,6.5,12.6,146.0,28.6,31,0.0,17.7
Pune,18.5204,73.8567,2026-02-25 19:00:00,20.9,20.8,300.0,9.8,16.9,131.0,26.2,40,0.0,15.7
Pune,18.5204,73.8567,2026-02-25 20:00:00,20.8,20.6,322.0,13.2,20.5,115.0,25.1,42,0.0,13.5
Pune,18.5204,73.8567,2026-02-25 21:00:00,21.6,21.4,353.0,16.8,22.5,99.0,24.3,43,0.0,11.7
Pune,18.5204,73.8567,2026-02-25 22:00:00,23.7,23.6,388.0,20.6,23.8,82.0,23.4,46,0.0,9.2
Pune,18.5204,73.8567,2026-02-25 23:00:00,25.9,25.7,406.0,23.6,24.5,68.0,22.7,49,0.0,6.7
Pune,18.5204,73.8567,2026-02-26 00:00:00,27.1,26.8,393.0,25.1,24.6,58.0,22.1,51,0.0,6.5
Pune,18.5204,73.8567,2026-02-26 01:00:00,28.9,28.6,364.0,25.8,24.3,52.0,21.4,54,0.0,7.5
Pune,18.5204,73.8567,2026-02-26 02:00:00,31.5,31.3,345.0,26.4,24.1,46.0,20.8,56,0.0,5.8
Pune,18.5204,73.8567,2026-02-26 03:00:00,34.5,34.1,342.0,27.0,24.2,40.0,20.3,59,0.0,6.3
Pune,18.5204,73.8567,2026-02-26 04:00:00,36.6,36.1,350.0,27.5,24.4,35.0,19.8,62,0.0,3.9
Pune,18.5204,73.8567,2026-02-26 05:00:00,30.2,29.8,374.0,25.9,23.8,34.0,19.5,62,0.0,4.5
Pune,18.5204,73.8567,2026-02-26 06:00:00,31.0,30.4,442.0,28.8,25.2,34.0,19.0,64,0.0,2.8
Pune,18.5204,73.8567,2026-02-26 07:00:00,35.0,33.9,526.0,32.4,26.9,34.0,19.5,62,0.0,4.3
Pune,18.5204,73.8567,2026-02-26 08:00:00,32.5,31.3,553.0,32.0,26.0,41.0,22.1,51,0.0,3.7
Pune,18.5204,73.8567,2026-02-26 09:00:00,10.0,8.6,465.0,23.7,20.1,59.0,25.4,36,0.0,4.4
Pune,18.5204,73.8567,2026-02-26 10:00:00,7.5,5.7,318.0,11.4,11.7,83.0,27.9,26,0.0,6.6
Pune,18.5204,73.8567,2026-02-26 11:00:00,6.9,5.4,210.0,2.4,5.6,104.0,29.2,21,0.0,5.6
Pune,18.5204,73.8567,2026-02-26 12:00:00,7.5,6.2,184.0,0.0,4.0,118.0,31.0,18,0.0,6.6
Pune,18.5204,73.8567,2026-02-26 13:00:00,8.6,7.2,196.0,0.9,4.8,129.0,31.8,18,0.0,8.7
Pune,18.5204,73.8567,2026-02-26 14:00:00,9.8,8.6,212.0,2.0,5.7,137.0,31.9,19,0.0,11.1
Pune,18.5204,73.8567,2026-02-26 15:00:00,11.5,10.2,223.0,2.1,6.1,144.0,31.5,22,0.0,13.7
Pune,18.5204,73.8567,2026-02-26 16:00:00,13.0,11.8,237.0,2.4,6.8,149.0,30.9,24,0.0,13.8
Pune,18.5204,73.8567,2026-02-26 17:00:00,14.9,14.9,253.0,3.7,7.7,147.0,29.7,25,0.0,14.9
Pune,18.5204,73.8567,2026-02-26 18:00:00,15.3,15.3,267.0,5.7,9.3,134.0,28.0,30,0.0,14.6
Pune,18.5204,73.8567,2026-02-26 19:00:00,16.3,16.2,282.0,8.5,11.5,116.0,26.2,39,0.0,14.5
Pune,18.5204,73.8567,2026-02-26 20:00:00,17.2,17.0,300.0,11.2,13.8,100.0,24.7,47,0.0,11.6
Pune,18.5204,73.8567,2026-02-26 21:00:00,19.2,19.0,328.0,13.8,16.0,88.0,23.3,56,0.0,10.3
Pune,18.5204,73.8567,2026-02-26 22:00:00,21.9,21.6,359.0,16.2,18.2,77.0,22.1,66,0.0,10.7
Pune,18.5204,73.8567,2026-02-26 23:00:00,23.5,23.1,377.0,17.8,19.9,69.0,21.0,75,0.0,9.5
Pune,18.5204,73.8567,2026-02-27 00:00:00,24.3,23.7,369.0,17.9,20.8,64.0,20.4,79,0.0,9.9
Pune,18.5204,73.8567,2026-02-27 01:00:00,25.4,24.7,346.0,17.2,21.2,62.0,19.9,78,0.0,10.1
Pune,18.5204,73.8567,2026-02-27 02:00:00,27.5,26.8,331.0,16.6,21.5,60.0,19.4,74,0.0,9.3
Pune,18.5204,73.8567,2026-02-27 03:00:00,31.0,30.2,326.0,16.4,21.8,56.0,18.9,72,0.0,7.9
Pune,18.5204,73.8567,2026-02-27 04:00:00,35.0,34.0,328.0,16.3,21.9,52.0,18.4,69,0.0,7.2
Pune,18.5204,73.8567,2026-02-27 05:00:00,34.3,33.4,346.0,15.8,22.0,54.0,18.3,68,0.0,7.6
Pune,18.5204,73.8567,2026-02-27 06:00:00,35.9,34.8,404.0,16.2,22.2,56.0,18.1,66,0.0,6.7
Pune,18.5204,73.8567,2026-02-27 07:00:00,37.7,36.7,478.0,16.6,22.3,60.0,18.2,64,0.0,7.6
Pune,18.5204,73.8567,2026-02-27 08:00:00,30.3,28.9,504.0,15.6,21.1,69.0,20.5,53,0.0,6.7
Pune,18.5204,73.8567,2026-02-27 09:00:00,20.7,18.7,435.0,11.9,17.3,86.0,23.4,42,0.0,8.5
Pune,18.5204,73.8567,2026-02-27 10:00:00,18.1,16.0,318.0,6.8,12.1,108.0,26.3,35,0.0,9.9
Pune,18.5204,73.8567,2026-02-27 11:00:00,15.6,13.8,237.0,3.0,8.1,125.0,28.5,28,0.0,13.3
Pune,18.5204,73.8567,2026-02-27 12:00:00,14.1,12.7,231.0,1.7,6.4,133.0,30.2,23,0.0,14.4
Pune,18.5204,73.8567,2026-02-27 13:00:00,14.6,13.3,261.0,1.8,5.8,137.0,31.1,21,0.0,14.8
Pune,18.5204,73.8567,2026-02-27 14:00:00,15.8,14.5,290.0,2.1,5.6,138.0,31.2,21,0.0,15.9
Pune,18.5204,73.8567,2026-02-27 15:00:00,16.9,15.5,310.0,2.1,5.2,137.0,30.9,22,0.0,15.7
Pune,18.5204,73.8567,2026-02-27 16:00:00,17.6,16.0,330.0,2.3,5.2,134.0,30.0,24,0.0,15.5
Pune,18.5204,73.8567,2026-02-27 17:00:00,6.1,5.8,342.0,2.7,4.2,109.0,28.7,25,0.0,14.6
Pune,18.5204,73.8567,2026-02-27 18:00:00,6.2,5.7,331.0,4.9,5.4,101.0,26.9,27,0.0,14.8
Pune,18.5204,73.8567,2026-02-27 19:00:00,8.3,7.7,312.0,8.0,7.2,89.0,25.0,33,0.0,14.0
Pune,18.5204,73.8567,2026-02-27 20:00:00,11.1,10.2,327.0,11.2,9.2,79.0,23.6,40,0.0,11.2
Pune,18.5204,73.8567,2026-02-27 21:00:00,14.7,13.4,406.0,14.5,11.5,71.0,22.4,45,0.0,9.1
Pune,18.5204,73.8567,2026-02-27 22:00:00,18.1,16.5,519.0,17.8,13.9,64.0,21.3,51,0.0,8.3
Pune,18.5204,73.8567,2026-02-27 23:00:00,20.6,18.6,609.0,19.8,15.9,59.0,20.4,56,0.0,8.9
Pune,18.5204,73.8567,2026-02-28 00:00:00,21.2,19.0,657.0,19.6,17.0,57.0,19.8,60,0.0,7.1
Pune,18.5204,73.8567,2026-02-28 01:00:00,21.3,18.7,683.0,18.2,17.5,57.0,19.1,61,0.0,5.6
Pune,18.5204,73.8567,2026-02-28 02:00:00,21.4,18.7,694.0,17.1,18.0,57.0,18.5,63,0.0,4.5
Pune,18.5204,73.8567,2026-02-28 03:00:00,21.7,18.9,690.0,16.7,18.5,55.0,18.0,63,0.0,6.1
Pune,18.5204,73.8567,2026-02-28 04:00:00,23.1,20.1,670.0,16.5,19.0,53.0,17.4,63,0.0,6.7
Pune,18.5204,73.8567,2026-02-28 05:00:00,19.2,15.7,641.0,12.9,18.2,61.0,16.9,73,0.0,6.5
Pune,18.5204,73.8567,2026-02-28 06:00:00,21.9,17.6,607.0,14.2,19.3,62.0,16.8,74,0.0,6.5
Pune,18.5204,73.8567,2026-02-28 07:00:00,26.5,21.7,564.0,15.9,20.5,64.0,17.2,73,0.0,7.0
Pune,18.5204,73.8567,2026-02-28 08:00:00,24.8,19.1,505.0,15.8,20.4,71.0,19.7,62,0.0,3.8
Pune,18.5204,73.8567,2026-02-28 09:00:00,21.4,14.8,414.0,12.4,17.5,89.0,22.5,47,0.0,5.6
Pune,18.5204,73.8567,2026-02-28 10:00:00,18.7,13.0,308.0,7.2,13.1,112.0,25.0,39,0.0,6.3
Pune,18.5204,73.8567,2026-02-28 11:00:00,16.5,12.1,230.0,3.3,9.6,131.0,27.2,31,0.0,8.5
Pune,18.5204,73.8567,2026-02-28 12:00:00,15.1,11.8,202.0,1.9,7.8,141.0,29.7,21,0.0,9.6
Pune,18.5204,73.8567,2026-02-28 13:00:00,15.0,12.2,201.0,1.7,6.9,146.0,30.9,18,0.0,10.9
Pune,18.5204,73.8567,2026-02-28 14:00:00,14.8,12.4,207.0,1.8,6.3,149.0,31.4,19,0.0,12.8
Pune,18.5204,73.8567,2026-02-28 15:00:00,14.6,12.5,210.0,1.7,5.6,149.0,31.2,21,0.0,13.4
Pune,18.5204,73.8567,2026-02-28 16:00:00,14.7,12.6,220.0,2.0,5.3,145.0,30.3,24,0.0,14.1
Pune,18.5204,73.8567,2026-02-28 17:00:00,11.2,10.3,236.0,3.1,6.9,147.0,29.3,27,0.0,13.6
Pune,18.5204,73.8567,2026-02-28 18:00:00,13.5,12.3,266.0,5.3,9.4,142.0,27.9,32,0.0,11.8
Pune,18.5204,73.8567,2026-02-28 19:00:00,18.0,16.7,303.0,8.4,13.0,134.0,26.3,40,0.0,11.7
Pune,18.5204,73.8567,2026-02-28 20:00:00,22.5,20.8,331.0,11.3,16.3,126.0,24.0,55,0.0,12.4
Pune,18.5204,73.8567,2026-02-28 21:00:00,25.7,23.7,343.0,13.8,18.9,117.0,22.3,62,0.0,11.6
Pune,18.5204,73.8567,2026-02-28 22:00:00,28.3,26.2,347.0,16.0,21.1,107.0,21.2,67,0.0,9.6
Pune,18.5204,73.8567,2026-02-28 23:00:00,30.4,28.1,349.0,17.6,22.7,97.0,20.4,72,0.0,7.6
Pune,18.5204,73.8567,2026-03-01 00:00:00,31.9,29.3,346.0,18.1,23.4,88.0,19.8,76,0.0,5.4
Pune,18.5204,73.8567,2026-03-01 01:00:00,34.1,31.3,340.0,18.0,23.4,80.0,19.3,79,0.0,3.5
Pune,18.5204,73.8567,2026-03-01 02:00:00,37.5,34.6,346.0,18.2,23.3,72.0,18.9,80,0.0,3.1
Pune,18.5204,73.8567,2026-03-01 03:00:00,40.9,37.6,372.0,19.2,23.3,63.0,18.5,83,0.0,3.7
Pune,18.5204,73.8567,2026-03-01 04:00:00,44.0,40.5,410.0,20.6,23.1,54.0,17.9,86,0.0,5.4
Pune,18.5204,73.8567,2026-03-01 05:00:00,44.9,41.3,444.0,19.2,24.3,56.0,17.4,89,0.0,5.8
Pune,18.5204,73.8567,2026-03-01 06:00:00,47.6,43.9,479.0,20.3,25.5,56.0,17.2,88,0.0,5.0
Pune,18.5204,73.8567,2026-03-01 07:00:00,52.6,48.9,510.0,21.6,27.0,57.0,17.4,85,0.0,4.7
Pune,18.5204,73.8567,2026-03-01 08:00:00,45.4,41.9,514.0,20.8,26.6,66.0,19.9,66,0.0,2.6
Pune,18.5204,73.8567,2026-03-01 09:00:00,28.3,25.4,466.0,15.9,22.8,91.0,23.0,48,0.0,3.0
Pune,18.5204,73.8567,2026-03-01 10:00:00,23.9,21.8,390.0,9.0,17.1,124.0,26.1,35,0.0,3.5
Pune,18.5204,73.8567,2026-03-01 11:00:00,23.2,21.4,332.0,3.8,12.6,151.0,27.9,30,0.0,1.9
Pune,18.5204,73.8567,2026-03-01 12:00:00,23.5,21.9,313.0,2.0,10.3,165.0,30.6,25,0.0,3.3
Pune,18.5204,73.8567,2026-03-01 13:00:00,23.8,22.5,311.0,1.9,9.2,173.0,32.1,24,0.0,5.4
Pune,18.5204,73.8567,2026-03-01 14:00:00,24.0,22.8,307.0,2.2,8.6,179.0,33.5,21,0.0,8.1
Pune,18.5204,73.8567,2026-03-01 15:00:00,24.5,23.3,286.0,2.2,8.3,184.0,33.6,19,0.0,12.3
Pune,18.5204,73.8567,2026-03-01 16:00:00,25.2,24.0,263.0,2.5,8.5,187.0,32.7,20,0.0,13.5
Pune,18.5204,73.8567,2026-03-01 17:00:00,19.9,19.6,265.0,3.4,9.3,175.0,31.5,23,0.0,12.9
Pune,18.5204,73.8567,2026-03-01 18:00:00,21.9,20.8,312.0,5.6,11.4,167.0,29.7,31,0.0,11.7
Pune,18.5204,73.8567,2026-03-01 19:00:00,25.4,23.6,384.0,8.7,14.4,156.0,27.5,42,0.0,13.7
Pune,18.5204,73.8567,2026-03-01 20:00:00,28.8,25.9,446.0,11.7,17.2,144.0,25.8,50,0.0,9.0
Pune,18.5204,73.8567,2026-03-01 21:00:00,32.0,28.4,486.0,14.3,19.7,131.0,24.5,58,0.0,9.1
Pune,18.5204,73.8567,2026-03-01 22:00:00,34.5,30.4,516.0,16.8,22.1,116.0,23.5,63,0.0,7.2
Pune,18.5204,73.8567,2026-03-01 23:00:00,36.7,31.9,533.0,18.7,23.6,102.0,22.7,68,0.0,3.9
Pune,18.5204,73.8567,2026-03-02 00:00:00,38.6,33.4,531.0,19.7,23.6,90.0,22.0,72,0.0,6.3
Pune,18.5204,73.8567,2026-03-02 01:00:00,41.0,35.2,517.0,20.2,22.8,78.0,21.4,75,0.0,5.4
Pune,18.5204,73.8567,2026-03-02 02:00:00,45.1,38.8,511.0,20.9,22.0,68.0,20.6,78,0.0,5.1
Pune,18.5204,73.8567,2026-03-02 03:00:00,49.0,42.1,522.0,22.1,21.5,57.0,19.9,81,0.0,4.2
Pune,18.5204,73.8567,2026-03-02 04:00:00,52.7,45.2,540.0,23.6,21.1,47.0,19.4,84,0.0,2.7
Pune,18.5204,73.8567,2026-03-02 05:00:00,54.6,46.7,562.0,21.3,24.1,52.0,19.0,87,0.0,1.5
Pune,18.5204,73.8567,2026-03-02 06:00:00,58.4,50.2,603.0,22.3,26.3,56.0,19.0,87,0.0,0.4
Pune,18.5204,73.8567,2026-03-02 07:00:00,65.4,57.0,647.0,23.4,29.1,62.0,19.5,84,0.0,1.7
Pune,18.5204,73.8567,2026-03-02 08:00:00,52.5,46.1,642.0,22.2,29.2,75.0,22.2,66,0.0,1.6
Pune,18.5204,73.8567,2026-03-02 09:00:00,31.2,26.8,541.0,16.4,24.1,101.0,25.5,49,0.0,4.6
Pune,18.5204,73.8567,2026-03-02 10:00:00,25.8,22.8,390.0,8.2,16.2,133.0,28.5,35,0.0,7.3
Pune,18.5204,73.8567,2026-03-02 11:00:00,22.6,20.5,278.0,2.2,10.2,158.0,30.3,30,0.0,7.6
Pune,18.5204,73.8567,2026-03-02 12:00:00,22.6,21.0,245.0,0.5,7.9,168.0,32.3,26,0.0,5.6
Pune,18.5204,73.8567,2026-03-02 13:00:00,23.2,21.9,250.0,1.0,7.4,170.0,33.5,24,0.0,4.8
Pune,18.5204,73.8567,2026-03-02 14:00:00,23.2,22.0,259.0,1.7,7.2,171.0,34.3,22,0.0,6.4
Pune,18.5204,73.8567,2026-03-02 15:00:00,22.9,21.9,242.0,1.4,6.7,173.0,34.5,21,0.0,9.3
Pune,18.5204,73.8567,2026-03-02 16:00:00,22.5,21.5,228.0,1.3,6.5,174.0,34.0,20,0.0,11.7
Pune,18.5204,73.8567,2026-03-02 17:00:00,21.4,20.9,270.0,3.1,7.4,169.0,33.2,19,0.0,11.1
Pune,18.5204,73.8567,2026-03-02 18:00:00,22.2,21.6,429.0,8.2,9.1,152.0,32.0,17,0.0,10.0
Pune,18.5204,73.8567,2026-03-02 19:00:00,26.5,25.8,644.0,15.2,11.5,129.0,30.7,19,0.0,3.4
Pune,18.5204,73.8567,2026-03-02 20:00:00,31.0,30.3,778.0,20.5,13.9,110.0,28.1,34,0.0,13.7
Pune,18.5204,73.8567,2026-03-02 21:00:00,33.2,32.2,753.0,22.5,16.5,100.0,25.7,55,0.0,7.5
Pune,18.5204,73.8567,2026-03-02 22:00:00,33.3,32.0,648.0,22.8,19.3,94.0,25.2,57,0.0,7.6
Pune,18.5204,73.8567,2026-03-02 23:00:00,33.8,32.2,558.0,22.9,20.9,88.0,24.4,59,0.0,6.1
Pune,18.5204,73.8567,2026-03-03 00:00:00,34.2,32.5,520.0,23.2,20.8,79.0,24.1,60,0.0,5.3
Pune,18.5204,73.8567,2026-03-03 01:00:00,35.2,33.1,499.0,23.3,19.7,70.0,23.6,61,0.0,4.2
Pune,18.5204,73.8567,2026-03-03 02:00:00,35.2,32.9,480.0,23.0,18.4,63.0,22.9,63,0.0,1.3
Pune,18.5204,73.8567,2026-03-03 03:00:00,34.7,32.2,458.0,22.0,16.9,57.0,22.4,66,0.0,0.6
Pune,18.5204,73.8567,2026-03-03 04:00:00,34.3,31.5,438.0,20.6,15.3,52.0,21.9,68,0.0,0.6
Pune,18.5204,73.8567,2026-03-03 05:00:00,38.1,35.0,429.0,22.0,14.2,44.0,21.7,69,0.0,0.9
Pune,18.5204,73.8567,2026-03-03 06:00:00,39.8,36.8,446.0,22.6,15.2,50.0,21.0,69,0.0,3.3
Pune,18.5204,73.8567,2026-03-03 07:00:00,44.7,41.8,473.0,23.1,16.4,59.0,21.9,61,0.0,5.4
Pune,18.5204,73.8567,2026-03-03 08:00:00,34.9,33.1,472.0,21.5,16.8,74.0,24.3,50,0.0,5.6
Pune,18.5204,73.8567,2026-03-03 09:00:00,27.3,26.1,413.0,15.6,15.4,101.0,27.0,39,0.0,7.7
Pune,18.5204,73.8567,2026-03-03 10:00:00,19.8,19.4,326.0,7.6,13.1,134.0,29.6,32,0.0,10.0
Pune,18.5204,73.8567,2026-03-03 11:00:00,17.6,17.3,261.0,1.7,11.3,159.0,31.3,27,0.0,12.6
Pune,18.5204,73.8567,2026-03-03 12:00:00,18.0,17.7,241.0,0.2,10.7,167.0,33.0,24,0.0,11.6
Pune,18.5204,73.8567,2026-03-03 13:00:00,18.5,18.2,242.0,0.8,10.6,167.0,33.8,22,0.0,10.2
Pune,18.5204,73.8567,2026-03-03 14:00:00,19.1,18.8,247.0,1.6,10.6,165.0,34.3,22,0.0,9.1
Pune,18.5204,73.8567,2026-03-03 15:00:00,19.6,19.3,245.0,1.4,10.5,166.0,34.3,22,0.0,7.7
Pune,18.5204,73.8567,2026-03-03 16:00:00,19.8,19.6,247.0,1.4,10.4,166.0,33.9,23,0.0,7.2
Pune,18.5204,73.8567,2026-03-03 17:00:00,16.6,16.3,263.0,2.6,10.5,158.0,32.9,24,0.0,7.3
Pune,18.5204,73.8567,2026-03-03 18:00:00,16.3,16.1,304.0,7.0,11.3,142.0,32.3,25,0.0,8.3
Pune,18.5204,73.8567,2026-03-03 19:00:00,20.3,20.1,360.0,13.1,12.4,120.0,31.4,26,0.0,6.7
Pune,18.5204,73.8567,2026-03-03 20:00:00,24.0,23.7,414.0,18.6,13.5,101.0,30.1,29,0.0,5.0
Pune,18.5204,73.8567,2026-03-03 21:00:00,28.2,27.9,463.0,23.0,14.8,87.0,29.0,31,0.0,10.0
Pune,18.5204,73.8567,2026-03-03 22:00:00,31.8,31.5,512.0,26.7,16.1,77.0,27.4,33,0.0,7.6
Pune,18.5204,73.8567,2026-03-03 23:00:00,33.9,33.6,552.0,28.9,16.6,69.0,26.1,38,0.0,2.6
Pune,18.5204,73.8567,2026-03-04 00:00:00,33.5,33.3,583.0,28.8,15.7,65.0,25.2,39,0.0,1.2
Pune,18.5204,73.8567,2026-03-04 01:00:00,32.8,32.6,607.0,27.2,13.9,65.0,24.1,42,0.0,3.3
Pune,18.5204,73.8567,2026-03-04 02:00:00,32.1,31.8,622.0,25.1,12.3,65.0,23.2,46,0.0,3.5
Pune,18.5204,73.8567,2026-03-04 03:00:00,31.0,30.5,621.0,22.5,11.2,65.0,22.8,48,0.0,0.4
Pune,18.5204,73.8567,2026-03-04 04:00:00,29.7,29.3,612.0,19.4,10.2,66.0,22.3,48,0.0,0.8
Pune,18.5204,73.8567,2026-03-04 05:00:00,27.4,26.9,608.0,15.8,8.8,69.0,21.8,56,0.0,0.7
Pune,18.5204,73.8567,2026-03-04 06:00:00,28.2,27.7,634.0,17.1,9.0,73.0,21.2,52,0.0,1.8
Pune,18.5204,73.8567,2026-03-04 07:00:00,31.4,30.9,667.0,18.7,9.2,79.0,21.7,49,0.0,3.1
Pune,18.5204,73.8567,2026-03-04 08:00:00,26.8,26.4,651.0,18.2,9.5,91.0,24.3,40,0.0,3.5
Pune,18.5204,73.8567,2026-03-04 09:00:00,19.3,18.8,538.0,13.4,10.0,113.0,27.6,31,0.0,6.1
Pune,18.5204,73.8567,2026-03-04 10:00:00,18.1,17.5,377.0,6.5,10.7,140.0,30.4,25,0.0,10.3
Pune,18.5204,73.8567,2026-03-04 11:00:00,16.6,15.9,257.0,1.5,11.0,160.0,32.1,21,0.0,13.7
Pune,18.5204,73.8567,2026-03-04 12:00:00,16.8,16.0,222.0,0.2,10.8,167.0,33.6,19,0.0,12.2
Pune,18.5204,73.8567,2026-03-04 13:00:00,17.2,16.5,228.0,0.8,10.4,166.0,34.4,18,0.0,10.0
Pune,18.5204,73.8567,2026-03-04 14:00:00,17.5,16.7,238.0,1.5,9.9,164.0,34.7,17,0.0,8.0
Pune,18.5204,73.8567,2026-03-04 15:00:00,17.5,16.7,234.0,1.4,9.5,164.0,34.7,17,0.0,6.6
Pune,18.5204,73.8567,2026-03-04 16:00:00,17.1,16.4,234.0,1.4,9.0,164.0,34.7,17,0.0,7.2
Pune,18.5204,73.8567,2026-03-04 17:00:00,18.6,17.9,251.0,2.6,9.1,156.0,33.8,18,0.0,8.1
Pune,18.5204,73.8567,2026-03-04 18:00:00,18.3,17.6,301.0,6.5,9.6,141.0,32.6,19,0.0,8.2
Pune,18.5204,73.8567,2026-03-04 19:00:00,21.5,20.9,367.0,12.0,10.3,120.0,31.1,21,0.0,10.8
Pune,18.5204,73.8567,2026-03-04 20:00:00,24.0,23.5,420.0,17.2,11.5,101.0,30.2,22,0.0,10.8
Pune,18.5204,73.8567,2026-03-04 21:00:00,27.3,26.7,438.0,21.9,13.7,88.0,28.7,25,0.0,10.7
Pune,18.5204,73.8567,2026-03-04 22:00:00,32.2,31.7,441.0,26.3,16.5,77.0,27.4,27,0.0,9.1
Pune,18.5204,73.8567,2026-03-04 23:00:00,36.0,35.3,460.0,29.6,18.2,69.0,26.4,30,0.0,5.2
Pune,18.5204,73.8567,2026-03-05 00:00:00,37.7,36.9,519.0,31.0,18.1,64.0,25.2,34,0.0,1.1
Pune,18.5204,73.8567,2026-03-05 01:00:00,38.8,38.0,594.0,31.3,17.0,62.0,24.0,35,0.0,4.8
Pune,18.5204,73.8567,2026-03-05 02:00:00,39.9,38.9,641.0,31.3,16.2,60.0,22.9,40,0.0,1.3
Pune,18.5204,73.8567,2026-03-05 03:00:00,41.7,40.5,624.0,31.2,16.2,54.0,22.1,42,0.0,1.9
Pune,18.5204,73.8567,2026-03-05 04:00:00,43.5,42.4,579.0,30.9,16.4,48.0,21.3,44,0.0,1.9
Pune,18.5204,73.8567,2026-03-05 05:00:00,41.3,40.2,572.0,26.5,14.9,50.0,20.6,47,0.0,2.1
Pune,18.5204,73.8567,2026-03-05 06:00:00,41.6,40.3,669.0,27.5,14.9,58.0,20.3,47,0.0,1.0
Pune,18.5204,73.8567,2026-03-05 07:00:00,44.9,43.7,804.0,28.5,14.7,70.0,21.3,44,0.0,1.3
Pune,18.5204,73.8567,2026-03-05 08:00:00,37.8,36.9,843.0,26.7,13.9,86.0,25.1,33,0.0,2.5
Pune,18.5204,73.8567,2026-03-05 09:00:00,21.2,20.2,691.0,19.2,11.9,108.0,28.3,27,0.0,5.2
Pune,18.5204,73.8567,2026-03-05 10:00:00,17.3,16.0,443.0,8.9,9.2,134.0,30.9,22,0.0,8.0
Pune,18.5204,73.8567,2026-03-05 11:00:00,16.8,15.4,257.0,1.4,7.2,152.0,32.4,18,0.0,9.7
Pune,18.5204,73.8567,2026-03-05 12:00:00,16.4,15.0,204.0,0.0,6.5,157.0,33.9,16,0.0,7.5
Pune,18.5204,73.8567,2026-03-05 13:00:00,16.1,14.7,213.0,0.4,6.5,155.0,34.8,16,0.0,6.0
Pune,18.5204,73.8567,2026-03-05 14:00:00,16.0,14.6,226.0,1.4,6.5,153.0,35.5,15,0.0,7.8
Pune,18.5204,73.8567,2026-03-05 15:00:00,15.9,14.5,218.0,1.2,6.3,154.0,35.5,14,0.0,11.2
Pune,18.5204,73.8567,2026-03-05 16:00:00,15.8,14.3,216.0,1.1,6.2,154.0,35.0,14,0.0,11.8
Pune,18.5204,73.8567,2026-03-05 17:00:00,18.2,16.4,239.0,2.5,6.7,148.0,33.9,15,0.0,10.1
Pune,18.5204,73.8567,2026-03-05 18:00:00,18.9,17.3,307.0,7.6,7.6,132.0,32.8,16,0.0,8.7
Pune,18.5204,73.8567,2026-03-05 19:00:00,23.4,22.0,401.0,14.7,9.0,110.0,31.4,18,0.0,7.0
Pune,18.5204,73.8567,2026-03-05 20:00:00,28.0,26.7,487.0,21.6,10.8,91.0,30.0,21,0.0,7.9
Pune,18.5204,73.8567,2026-03-05 21:00:00,32.7,31.4,561.0,27.5,13.5,78.0,28.6,23,0.0,5.2
Pune,18.5204,73.8567,2026-03-05 22:00:00,37.6,36.2,627.0,33.2,16.6,69.0,26.6,28,0.0,1.3
Pune,18.5204,73.8567,2026-03-05 23:00:00,42.5,40.9,667.0,38.0,18.9,59.0,25.8,29,0.0,7.6
Pune,18.5204,73.8567,2026-03-06 00:00:00,46.9,45.3,666.0,42.2,19.8,48.0,24.7,39,0.0,1.1
Pune,18.5204,73.8567,2026-03-06 01:00:00,50.5,48.8,639.0,45.7,19.8,37.0,23.5,39,0.0,2.7
Pune,18.5204,73.8567,2026-03-06 02:00:00,53.2,51.5,614.0,47.2,19.5,29.0,22.3,44,0.0,1.7
Pune,18.5204,73.8567,2026-03-06 03:00:00,55.5,53.7,593.0,45.8,19.0,24.0,21.9,45,0.0,0.6
Pune,18.5204,73.8567,2026-03-06 04:00:00,56.2,54.2,574.0,42.5,18.2,22.0,21.8,43,0.0,1.4
Pune,18.5204,73.8567,2026-03-06 05:00:00,56.0,54.0,580.0,41.7,18.5,25.0,21.4,52,0.0,0.4
Pune,18.5204,73.8567,2026-03-06 06:00:00,54.7,52.6,654.0,40.7,18.2,38.0,20.9,53,0.0,0.8
Pune,18.5204,73.8567,2026-03-06 07:00:00,57.2,54.9,754.0,38.8,17.6,56.0,21.1,53,0.0,0.6
Pune,18.5204,73.8567,2026-03-06 08:00:00,45.5,43.8,772.0,34.1,16.3,77.0,24.1,37,0.0,1.8
Pune,18.5204,73.8567,2026-03-06 09:00:00,22.6,19.8,627.0,23.9,13.4,104.0,27.6,28,0.0,3.8
Pune,18.5204,73.8567,2026-03-06 10:00:00,17.7,15.3,401.0,10.9,9.6,133.0,30.7,22,0.0,6.8
Pune,18.5204,73.8567,2026-03-06 11:00:00,16.8,14.3,233.0,1.6,6.9,155.0,32.2,17,0.0,9.0
Pune,18.5204,73.8567,2026-03-06 12:00:00,17.0,14.5,190.0,0.0,6.1,162.0,33.6,14,0.0,8.3
Pune,18.5204,73.8567,2026-03-06 13:00:00,17.2,14.7,206.0,0.3,6.2,162.0,34.4,14,0.0,7.7
Pune,18.5204,73.8567,2026-03-06 14:00:00,17.3,14.8,223.0,1.6,6.4,160.0,35.0,14,0.0,6.6
Pune,18.5204,73.8567,2026-03-06 15:00:00,17.3,14.8,214.0,1.2,6.1,161.0,35.2,14,0.0,5.4
Pune,18.5204,73.8567,2026-03-06 16:00:00,17.0,14.6,207.0,1.0,5.7,160.0,35.2,14,0.0,6.8
Pune,18.5204,73.8567,2026-03-06 17:00:00,20.0,17.5,229.0,2.7,6.5,155.0,34.5,15,0.0,9.6
Pune,18.5204,73.8567,2026-03-06 18:00:00,20.9,18.7,309.0,8.6,8.2,139.0,32.9,16,0.0,4.5
Pune,18.5204,73.8567,2026-03-06 19:00:00,27.5,25.5,418.0,17.0,10.7,116.0,31.2,18,0.0,6.7
Pune,18.5204,73.8567,2026-03-06 20:00:00,33.6,31.8,494.0,24.6,13.3,96.0,29.9,23,0.0,0.2
Pune,18.5204,73.8567,2026-03-06 21:00:00,38.9,36.9,506.0,30.7,16.1,81.0,27.1,32,0.0,14.5
Pune,18.5204,73.8567,2026-03-06 22:00:00,44.1,42.0,484.0,36.1,19.0,68.0,25.7,38,0.0,6.2
Pune,18.5204,73.8567,2026-03-06 23:00:00,50.8,48.8,459.0,39.7,21.1,58.0,24.8,42,0.0,9.3
Pune,18.5204,73.8567,2026-03-07 00:00:00,54.2,52.5,435.0,40.9,21.7,50.0,24.4,41,0.0,7.2
Pune,18.5204,73.8567,2026-03-07 01:00:00,57.0,55.5,408.0,40.3,21.5,43.0,23.8,42,0.0,6.9
Pune,18.5204,73.8567,2026-03-07 02:00:00,59.6,58.3,392.0,39.2,21.2,39.0,22.7,43,0.0,3.6
Pune,18.5204,73.8567,2026-03-07 03:00:00,62.6,61.5,388.0,37.6,21.1,36.0,22.4,43,0.0,3.0
Pune,18.5204,73.8567,2026-03-07 04:00:00,65.4,64.0,395.0,35.5,20.9,35.0,21.8,45,0.0,2.8
Pune,18.5204,73.8567,2026-03-07 05:00:00,61.9,60.5,432.0,26.0,20.9,55.0,21.1,52,0.0,2.1
Pune,18.5204,73.8567,2026-03-07 06:00:00,63.8,62.4,541.0,27.9,21.1,61.0,20.6,53,0.0,0.8
Pune,18.5204,73.8567,2026-03-07 07:00:00,68.5,66.8,679.0,30.1,21.1,70.0,21.4,50,0.0,0.7
Pune,18.5204,73.8567,2026-03-07 08:00:00,53.3,52.2,732.0,29.0,19.9,84.0,24.4,40,0.0,1.2
Pune,18.5204,73.8567,2026-03-07 09:00:00,36.9,35.0,620.0,21.1,16.1,108.0,27.8,32,0.0,3.3
Pune,18.5204,73.8567,2026-03-07 10:00:00,25.1,22.6,423.0,9.8,11.0,138.0,30.8,24,0.0,5.9
Pune,18.5204,73.8567,2026-03-07 11:00:00,19.7,16.8,272.0,1.6,7.2,159.0,32.7,19,0.0,8.0
Pune,18.5204,73.8567,2026-03-07 12:00:00,18.6,15.7,223.0,0.0,6.0,165.0,34.5,16,0.0,10.0
Pune,18.5204,73.8567,2026-03-07 13:00:00,18.2,15.4,221.0,0.4,6.0,163.0,35.3,14,0.0,10.4
Pune,18.5204,73.8567,2026-03-07 14:00:00,18.0,15.3,226.0,1.4,6.2,160.0,35.7,13,0.0,10.2
Pune,18.5204,73.8567,2026-03-07 15:00:00,17.6,15.0,215.0,1.1,6.0,161.0,35.8,13,0.0,9.4
Pune,18.5204,73.8567,2026-03-07 16:00:00,17.3,15.0,211.0,1.0,6.0,161.0,35.6,14,0.0,9.3
Pune,18.5204,73.8567,2026-03-07 17:00:00,14.1,12.6,249.0,2.7,6.0,166.0,34.8,15,0.0,8.7
Pune,18.5204,73.8567,2026-03-07 18:00:00,15.2,14.1,371.0,8.3,7.9,149.0,33.5,23,0.0,0.7
Pune,18.5204,73.8567,2026-03-07 19:00:00,22.2,21.3,533.0,16.2,10.7,126.0,31.3,20,0.0,3.1
Pune,18.5204,73.8567,2026-03-07 20:00:00,28.8,28.0,641.0,23.6,13.8,105.0,30.4,22,0.0,0.4
Pune,18.5204,73.8567,2026-03-07 21:00:00,33.4,32.7,644.0,29.9,17.5,90.0,28.7,23,0.0,8.3
Pune,18.5204,73.8567,2026-03-07 22:00:00,38.8,38.1,593.0,35.6,21.5,79.0,26.7,37,0.0,8.6
Pune,18.5204,73.8567,2026-03-07 23:00:00,48.5,47.7,540.0,39.3,24.7,69.0,25.4,43,0.0,3.5
Pune,18.5204,73.8567,2026-03-08 00:00:00,54.4,53.4,497.0,40.0,26.4,62.0,24.7,45,0.0,6.9
Pune,18.5204,73.8567,2026-03-08 01:00:00,58.7,57.5,453.0,38.7,27.2,57.0,24.1,46,0.0,4.8
Pune,18.5204,73.8567,2026-03-08 02:00:00,63.6,62.2,428.0,37.3,27.6,53.0,23.1,49,0.0,3.6
Pune,18.5204,73.8567,2026-03-08 03:00:00,68.2,66.8,430.0,36.1,27.7,47.0,22.2,52,0.0,2.9
Pune,18.5204,73.8567,2026-03-08 04:00:00,72.2,70.3,450.0,34.8,27.3,42.0,21.6,54,0.0,1.0
Pune,18.5204,73.8567,2026-03-08 05:00:00,73.3,71.9,484.0,37.9,24.7,36.0,20.7,59,0.0,1.5
Pune,18.5204,73.8567,2026-03-08 06:00:00,72.9,71.5,556.0,36.2,23.6,51.0,21.0,56,0.0,1.0
Pune,18.5204,73.8567,2026-03-08 07:00:00,72.6,71.5,641.0,33.5,21.9,74.0,22.3,52,0.0,0.8
Pune,18.5204,73.8567,2026-03-08 08:00:00,46.0,45.4,664.0,28.8,19.9,97.0,25.3,35,0.0,2.2
Pune,18.5204,73.8567,2026-03-08 09:00:00,22.6,21.8,567.0,20.1,17.3,122.0,28.6,26,0.0,4.6
Pune,18.5204,73.8567,2026-03-08 10:00:00,17.1,16.0,408.0,9.3,14.2,149.0,31.5,21,0.0,8.3
Pune,18.5204,73.8567,2026-03-08 11:00:00,15.4,13.6,285.0,1.6,11.8,167.0,33.5,17,0.0,11.3
Pune,18.5204,73.8567,2026-03-08 12:00:00,15.3,13.3,242.0,0.0,10.4,171.0,35.3,15,0.0,10.6
Pune,18.5204,73.8567,2026-03-08 13:00:00,15.2,13.2,235.0,0.4,9.5,168.0,36.1,13,0.0,10.1
Pune,18.5204,73.8567,2026-03-08 14:00:00,15.1,13.1,232.0,1.4,8.8,163.0,36.6,13,0.0,9.4
Pune,18.5204,73.8567,2026-03-08 15:00:00,14.8,12.8,218.0,1.3,8.0,162.0,36.9,12,0.0,8.9
Pune,18.5204,73.8567,2026-03-08 16:00:00,14.3,12.3,208.0,1.3,7.3,159.0,36.8,11,0.0,9.8
Pune,18.5204,73.8567,2026-03-08 17:00:00,7.9,7.9,220.0,2.6,7.7,173.0,35.7,11,0.0,11.8
Pune,18.5204,73.8567,2026-03-08 18:00:00,8.5,8.3,263.0,6.6,8.0,154.0,33.9,12,0.0,14.5
Pune,18.5204,73.8567,2026-03-08 19:00:00,12.7,12.6,329.0,12.2,8.4,128.0,32.1,14,0.0,11.6
Pune,18.5204,73.8567,2026-03-08 20:00:00,17.0,16.8,409.0,17.5,9.5,106.0,30.2,17,0.0,5.9
Pune,18.5204,73.8567,2026-03-08 21:00:00,21.9,21.7,529.0,22.5,11.9,93.0,28.9,19,0.0,6.0
Pune,18.5204,73.8567,2026-03-08 22:00:00,27.0,26.4,664.0,27.3,15.0,84.0,27.8,21,0.0,4.5
Pune,18.5204,73.8567,2026-03-08 23:00:00,31.8,30.9,732.0,29.9,16.6,78.0,27.2,24,0.0,1.9
Pune,18.5204,73.8567,2026-03-09 00:00:00,33.2,31.8,671.0,29.0,15.6,77.0,26.2,26,0.0,2.0
Pune,18.5204,73.8567,2026-03-09 01:00:00,32.4,30.7,543.0,26.0,13.1,79.0,24.6,29,0.0,2.6
Pune,18.5204,73.8567,2026-03-09 02:00:00,31.3,29.5,449.0,22.9,11.0,82.0,24.3,30,0.0,2.0
Pune,18.5204,73.8567,2026-03-09 03:00:00,30.4,28.2,426.0,19.9,9.7,83.0,23.7,30,0.0,2.1
Pune,18.5204,73.8567,2026-03-09 04:00:00,29.5,27.1,437.0,16.9,8.7,84.0,23.2,31,0.0,1.5
Pune,18.5204,73.8567,2026-03-09 05:00:00,27.2,24.9,476.0,14.6,8.5,84.0,23.0,44,0.0,0.4
Pune,18.5204,73.8567,2026-03-09 06:00:00,27.5,25.3,576.0,15.4,10.2,91.0,21.9,46,0.0,0.5
Pune,18.5204,73.8567,2026-03-09 07:00:00,28.1,26.3,703.0,16.2,12.4,102.0,22.3,44,0.0,1.1
Pune,18.5204,73.8567,2026-03-09 08:00:00,23.0,22.1,747.0,15.4,13.6,114.0,25.2,33,0.0,0.6
Pune,18.5204,73.8567,2026-03-09 09:00:00,18.0,16.2,629.0,11.3,12.7,131.0,28.2,26,0.0,3.3
Pune,18.5204,73.8567,2026-03-09 10:00:00,18.3,14.8,429.0,5.6,10.7,149.0,31.1,21,0.0,5.3
Pune,18.5204,73.8567,2026-03-09 11:00:00,17.7,13.8,276.0,1.5,9.1,162.0,33.3,17,0.0,10.3
Pune,18.5204,73.8567,2026-03-09 12:00:00,16.7,13.2,228.0,0.4,8.4,165.0,34.5,15,0.0,10.1
Pune,18.5204,73.8567,2026-03-09 13:00:00,16.1,13.0,227.0,0.9,8.0,163.0,35.3,13,0.0,9.3
Pune,18.5204,73.8567,2026-03-09 14:00:00,15.7,12.7,232.0,1.5,7.6,160.0,35.7,14,0.0,9.1
Pune,18.5204,73.8567,2026-03-09 15:00:00,15.3,12.5,224.0,1.4,7.2,159.0,36.0,13,0.0,7.8
Pune,18.5204,73.8567,2026-03-09 16:00:00,14.8,12.1,221.0,1.4,6.8,158.0,36.2,12,0.0,8.8
Pune,18.5204,73.8567,2026-03-09 17:00:00,16.1,13.8,234.0,2.4,7.2,162.0,35.4,11,0.0,12.7
Pune,18.5204,73.8567,2026-03-09 18:00:00,13.7,12.1,274.0,5.4,7.4,147.0,33.5,12,0.0,15.3
Pune,18.5204,73.8567,2026-03-09 19:00:00,15.1,13.8,329.0,9.4,7.7,127.0,32.1,14,0.0,12.6
Pune,18.5204,73.8567,2026-03-09 20:00:00,15.7,14.5,376.0,11.9,7.9,112.0,30.3,17,0.0,8.6
Pune,18.5204,73.8567,2026-03-09 21:00:00,15.5,14.5,406.0,11.3,7.7,108.0,28.6,19,0.0,6.0
Pune,18.5204,73.8567,2026-03-09 22:00:00,15.8,14.6,428.0,9.2,7.3,109.0,27.9,21,0.0,5.8
Pune,18.5204,73.8567,2026-03-09 23:00:00,16.2,14.8,446.0,7.5,7.2,110.0,26.8,24,0.0,4.6
Pune,18.5204,73.8567,2026-03-10 00:00:00,17.1,15.3,459.0,6.9,7.5,109.0,26.1,26,0.0,5.8
Pune,18.5204,73.8567,2026-03-10 01:00:00,18.9,16.7,468.0,6.6,8.0,109.0,24.8,30,0.0,4.5
Pune,18.5204,73.8567,2026-03-10 02:00:00,21.0,18.2,476.0,6.6,8.6,108.0,23.7,33,0.0,1.9
Pune,18.5204,73.8567,2026-03-10 03:00:00,23.2,19.7,470.0,6.7,9.4,107.0,23.0,35,0.0,0.6
Pune,18.5204,73.8567,2026-03-10 04:00:00,25.4,21.4,463.0,7.0,10.3,105.0,21.9,37,0.0,3.6
Pune,18.5204,73.8567,2026-03-10 05:00:00,25.8,21.5,500.0,6.9,9.8,103.0,21.8,38,0.0,0.8
Pune,18.5204,73.8567,2026-03-10 06:00:00,29.1,24.3,647.0,9.2,10.4,101.0,21.0,41,0.0,1.8
Pune,18.5204,73.8567,2026-03-10 07:00:00,34.3,29.5,839.0,12.2,11.2,100.0,21.6,39,0.0,3.5
Pune,18.5204,73.8567,2026-03-10 08:00:00,34.7,30.5,924.0,13.3,11.4,105.0,24.2,33,0.0,1.9
Pune,18.5204,73.8567,2026-03-10 09:00:00,40.4,34.6,799.0,10.4,10.5,125.0,27.7,26,0.0,4.1
Pune,18.5204,73.8567,2026-03-10 10:00:00,43.9,36.8,567.0,5.5,9.0,151.0,30.7,24,0.0,6.6
Pune,18.5204,73.8567,2026-03-10 11:00:00,36.3,29.8,384.0,1.9,7.8,170.0,33.1,23,0.0,11.4
Pune,18.5204,73.8567,2026-03-10 12:00:00,26.8,21.8,314.0,0.9,7.0,173.0,34.8,18,0.0,16.3
Pune,18.5204,73.8567,2026-03-10 13:00:00,26.4,21.7,293.0,1.1,6.5,168.0,35.4,16,0.0,15.3
Pune,18.5204,73.8567,2026-03-10 14:00:00,27.1,22.4,287.0,1.5,6.2,163.0,35.7,16,0.0,13.4
Pune,18.5204,73.8567,2026-03-10 15:00:00,27.1,22.5,282.0,1.2,6.2,164.0,35.5,18,0.0,12.6
Pune,18.5204,73.8567,2026-03-10 16:00:00,26.5,22.0,291.0,1.1,6.5,166.0,35.6,18,0.0,9.0
Pune,18.5204,73.8567,2026-03-10 17:00:00,43.0,35.7,324.0,2.7,6.9,172.0,34.9,19,0.0,8.5
Pune,18.5204,73.8567,2026-03-10 18:00:00,40.9,34.9,384.0,7.9,7.9,153.0,33.3,20,0.0,11.6
Pune,18.5204,73.8567,2026-03-10 19:00:00,43.7,37.6,467.0,15.2,9.3,127.0,31.7,23,0.0,9.3
Pune,18.5204,73.8567,2026-03-10 20:00:00,47.0,41.0,573.0,21.2,10.8,105.0,30.6,25,0.0,3.6
Pune,18.5204,73.8567,2026-03-10 21:00:00,48.8,43.3,731.0,25.1,12.7,90.0,29.1,29,0.0,2.8
Pune,18.5204,73.8567,2026-03-10 22:00:00,50.8,45.9,912.0,27.8,14.7,78.0,27.8,31,0.0,3.3
Pune,18.5204,73.8567,2026-03-10 23:00:00,52.2,47.4,1024.0,28.5,15.6,71.0,26.8,49,0.0,1.7
Pune,18.5204,73.8567,2026-03-11 00:00:00,51.3,46.3,1010.0,25.9,14.3,70.0,25.5,48,0.0,3.5
Pune,18.5204,73.8567,2026-03-11 01:00:00,50.9,45.6,926.0,21.4,11.9,73.0,25.5,49,0.0,1.5
Pune,18.5204,73.8567,2026-03-11 02:00:00,51.7,46.3,851.0,17.6,10.0,75.0,24.7,49,0.0,1.2
Pune,18.5204,73.8567,2026-03-11 03:00:00,54.4,48.7,798.0,15.2,9.1,75.0,24.1,51,0.0,0.4
Pune,18.5204,73.8567,2026-03-11 04:00:00,58.9,52.7,753.0,13.7,8.7,74.0,22.5,56,0.0,2.2
Pune,18.5204,73.8567,2026-03-11 05:00:00,57.5,51.6,751.0,13.3,8.1,67.0,22.0,48,0.0,3.6
Pune,18.5204,73.8567,2026-03-11 06:00:00,64.3,57.5,850.0,17.7,9.7,71.0,21.6,47,0.0,1.3
Pune,18.5204,73.8567,2026-03-11 07:00:00,74.3,67.1,992.0,23.5,11.8,78.0,22.3,45,0.0,0.5
Pune,18.5204,73.8567,2026-03-11 08:00:00,73.1,67.1,1033.0,25.3,12.7,91.0,24.9,38,0.0,2.5
Pune,18.5204,73.8567,2026-03-11 09:00:00,69.2,58.1,873.0,19.2,11.3,116.0,28.4,31,0.0,3.7
Pune,18.5204,73.8567,2026-03-11 10:00:00,58.7,47.7,613.0,9.2,8.7,148.0,31.6,27,0.0,3.5
Pune,18.5204,73.8567,2026-03-11 11:00:00,41.7,33.5,409.0,1.7,6.6,170.0,33.8,21,0.0,9.3
Pune,18.5204,73.8567,2026-03-11 12:00:00,32.2,26.0,328.0,0.0,5.8,174.0,34.9,18,0.0,16.0
Pune,18.5204,73.8567,2026-03-11 13:00:00,29.0,23.7,303.0,0.6,5.5,168.0,35.3,18,0.0,12.2
Pune,18.5204,73.8567,2026-03-11 14:00:00,28.4,23.6,291.0,1.5,5.4,162.0,36.3,16,0.0,9.9
Pune,18.5204,73.8567,2026-03-11 15:00:00,28.2,23.7,280.0,0.9,5.1,163.0,35.9,16,0.0,13.6
Pune,18.5204,73.8567,2026-03-11 16:00:00,28.5,24.1,283.0,0.5,5.0,164.0,35.3,17,0.0,16.4
Pune,18.5204,73.8567,2026-03-11 17:00:00,27.0,22.6,295.0,2.5,5.2,157.0,34.7,18,0.0,12.6
Pune,18.5204,73.8567,2026-03-11 18:00:00,27.8,24.1,313.0,8.0,6.6,141.0,33.6,20,0.0,5.4
Pune,18.5204,73.8567,2026-03-11 19:00:00,33.2,29.6,340.0,15.7,8.8,120.0,31.8,24,0.0,2.8
Pune,18.5204,73.8567,2026-03-11 20:00:00,41.3,37.8,378.0,23.3,11.2,99.0,31.0,25,0.0,7.4
Pune,18.5204,73.8567,2026-03-11 21:00:00,48.5,44.6,440.0,30.6,14.2,82.0,29.5,27,0.0,8.1
Pune,18.5204,73.8567,2026-03-11 22:00:00,55.9,51.9,513.0,37.6,17.4,66.0,27.4,43,0.0,7.9
Pune,18.5204,73.8567,2026-03-11 23:00:00,63.8,59.8,566.0,42.3,20.1,54.0,26.5,48,0.0,5.3
Pune,18.5204,73.8567,2026-03-12 00:00:00,67.1,63.3,578.0,42.9,21.5,48.0,25.8,52,0.0,6.9
Pune,18.5204,73.8567,2026-03-12 01:00:00,71.9,67.8,570.0,41.1,22.3,46.0,25.3,52,0.0,3.1
Pune,18.5204,73.8567,2026-03-12 02:00:00,78.0,73.6,571.0,39.7,23.3,45.0,24.5,55,0.0,3.9
Pune,18.5204,73.8567,2026-03-12 03:00:00,85.2,80.1,583.0,40.0,25.0,40.0,23.8,56,0.0,6.2
Pune,18.5204,73.8567,2026-03-12 04:00:00,92.2,86.6,604.0,40.6,27.0,36.0,23.1,57,0.0,3.9
Pune,18.5204,73.8567,2026-03-12 05:00:00,96.2,90.3,652.0,40.8,28.5,40.0,22.8,64,0.0,0.5
Pune,18.5204,73.8567,2026-03-12 06:00:00,102.2,95.9,779.0,39.8,31.0,58.0,22.4,63,0.0,0.6
Pune,18.5204,73.8567,2026-03-12 07:00:00,110.8,104.3,933.0,38.1,34.2,83.0,23.2,59,0.0,0.7
Pune,18.5204,73.8567,2026-03-12 08:00:00,96.9,90.8,973.0,33.6,34.0,108.0,26.1,50,0.0,1.5
Pune,18.5204,73.8567,2026-03-12 09:00:00,58.6,53.4,789.0,23.7,27.2,132.0,29.8,36,0.0,2.4
Pune,18.5204,73.8567,2026-03-12 10:00:00,44.0,38.3,492.0,11.0,17.0,155.0,32.9,24,0.0,5.6
Pune,18.5204,73.8567,2026-03-12 11:00:00,32.7,27.8,270.0,1.8,9.3,171.0,34.3,18,0.0,10.4
Pune,18.5204,73.8567,2026-03-12 12:00:00,29.7,25.2,212.0,0.0,6.9,175.0,35.2,16,0.0,12.9
Pune,18.5204,73.8567,2026-03-12 13:00:00,28.4,24.2,229.0,0.4,6.9,172.0,35.8,13,0.0,11.6
Pune,18.5204,73.8567,2026-03-12 14:00:00,26.9,22.8,247.0,1.6,7.1,168.0,36.3,12,0.0,9.3
Pune,18.5204,73.8567,2026-03-12 15:00:00,25.2,21.5,231.0,1.1,6.3,167.0,36.6,12,0.0,8.3
Pune,18.5204,73.8567,2026-03-12 16:00:00,23.6,20.1,215.0,0.7,5.7,165.0,36.4,12,0.0,10.0
Pune,18.5204,73.8567,2026-03-12 17:00:00,23.3,20.0,233.0,3.0,5.9,166.0,35.8,13,0.0,8.4
Pune,18.5204,73.8567,2026-03-12 18:00:00,23.2,20.5,315.0,9.4,8.3,150.0,34.1,17,0.0,2.5
Pune,18.5204,73.8567,2026-03-12 19:00:00,33.4,31.0,431.0,18.2,11.8,128.0,31.9,18,0.0,3.1
Pune,18.5204,73.8567,2026-03-12 20:00:00,42.7,40.2,518.0,25.7,15.7,109.0,31.3,18,0.0,3.9
Pune,18.5204,73.8567,2026-03-12 21:00:00,49.2,46.6,553.0,30.7,20.3,98.0,28.7,29,0.0,10.3
Pune,18.5204,73.8567,2026-03-12 22:00:00,61.9,59.5,560.0,34.3,25.4,90.0,27.3,39,0.0,6.4
Pune,18.5204,73.8567,2026-03-12 23:00:00,73.3,71.2,552.0,35.8,29.7,87.0,26.4,44,0.0,9.3
Pune,18.5204,73.8567,2026-03-13 00:00:00,82.0,79.6,521.0,34.3,33.0,90.0,26.3,40,0.0,7.4
Pune,18.5204,73.8567,2026-03-13 01:00:00,91.3,88.9,475.0,30.7,35.5,98.0,25.3,39,0.0,7.4
Pune,18.5204,73.8567,2026-03-13 02:00:00,101.0,98.5,446.0,27.6,36.7,101.0,24.7,38,0.0,5.4
Pune,18.5204,73.8567,2026-03-13 03:00:00,107.6,104.8,446.0,25.8,36.0,95.0,24.2,37,0.0,4.5
Pune,18.5204,73.8567,2026-03-13 04:00:00,108.0,105.2,464.0,24.4,33.9,84.0,23.2,41,0.0,2.6
Pune,18.5204,73.8567,2026-03-13 05:00:00,104.3,101.5,499.0,18.1,38.7,115.0,23.0,47,0.0,0.7
Pune,18.5204,73.8567,2026-03-13 06:00:00,108.5,105.7,581.0,21.7,38.7,119.0,22.0,50,0.0,1.3
Pune,18.5204,73.8567,2026-03-13 07:00:00,117.1,114.1,681.0,26.4,38.3,124.0,22.8,46,0.0,1.7
Pune,18.5204,73.8567,2026-03-13 08:00:00,92.2,90.1,708.0,27.2,35.2,132.0,26.2,35,0.0,3.4
Pune,18.5204,73.8567,2026-03-13 09:00:00,40.0,38.1,595.0,20.4,26.8,144.0,29.2,25,0.0,6.1
Pune,18.5204,73.8567,2026-03-13 10:00:00,22.7,21.0,410.0,9.7,15.8,159.0,32.2,19,0.0,9.2
Pune,18.5204,73.8567,2026-03-13 11:00:00,21.2,18.6,269.0,1.9,7.8,170.0,34.0,16,0.0,10.4
Pune,18.5204,73.8567,2026-03-13 12:00:00,22.1,18.8,223.0,0.0,5.8,174.0,35.6,13,0.0,8.8
Pune,18.5204,73.8567,2026-03-13 13:00:00,22.1,18.8,222.0,0.7,7.0,175.0,36.1,12,0.0,7.5
Pune,18.5204,73.8567,2026-03-13 14:00:00,22.1,18.9,227.0,1.7,8.0,175.0,36.5,12,0.0,7.5
Pune,18.5204,73.8567,2026-03-13 15:00:00,22.0,19.0,220.0,1.3,7.6,176.0,36.4,11,0.0,7.3
Pune,18.5204,73.8567,2026-03-13 16:00:00,21.5,18.7,220.0,1.1,7.1,177.0,35.9,11,0.0,8.4
Pune,18.5204,73.8567,2026-03-13 17:00:00,22.8,20.5,248.0,3.7,9.3,188.0,35.5,12,0.0,6.4
Pune,18.5204,73.8567,2026-03-13 18:00:00,24.9,23.1,334.0,9.3,11.7,172.0,34.2,13,0.0,4.3
Pune,18.5204,73.8567,2026-03-13 19:00:00,32.1,30.6,447.0,16.9,15.2,151.0,32.6,14,0.0,7.8
Pune,18.5204,73.8567,2026-03-13 20:00:00,40.4,38.9,518.0,22.2,19.0,135.0,30.4,17,0.0,11.4
Pune,18.5204,73.8567,2026-03-13 21:00:00,48.0,46.8,502.0,23.1,23.8,131.0,28.6,29,0.0,11.9
Pune,18.5204,73.8567,2026-03-13 22:00:00,50.6,49.2,443.0,21.8,29.0,131.0,27.5,34,0.0,10.4
Pune,18.5204,73.8567,2026-03-13 23:00:00,50.5,48.7,402.0,20.1,31.7,130.0,26.8,35,0.0,8.3
Pune,18.5204,73.8567,2026-03-14 00:00:00,49.0,46.3,404.0,18.5,29.9,123.0,26.1,33,0.0,9.2
Pune,18.5204,73.8567,2026-03-14 01:00:00,48.2,44.9,422.0,16.6,25.5,114.0,25.6,32,0.0,5.5
Pune,18.5204,73.8567,2026-03-14 02:00:00,47.7,44.1,443.0,15.3,21.8,105.0,25.1,32,0.0,6.9
Pune,18.5204,73.8567,2026-03-14 03:00:00,47.8,43.8,454.0,14.5,19.7,97.0,24.7,32,0.0,8.2
Pune,18.5204,73.8567,2026-03-14 04:00:00,48.9,44.5,467.0,14.3,18.3,89.0,24.2,33,0.0,4.9
Pune,18.5204,73.8567,2026-03-14 05:00:00,60.3,55.4,498.0,18.9,21.1,80.0,24.0,35,0.0,8.8
Pune,18.5204,73.8567,2026-03-14 06:00:00,67.5,62.6,580.0,22.7,23.0,84.0,23.1,37,0.0,4.2
Pune,18.5204,73.8567,2026-03-14 07:00:00,78.7,73.3,679.0,27.5,25.3,91.0,23.9,35,0.0,4.4
Pune,18.5204,73.8567,2026-03-14 08:00:00,64.5,60.1,712.0,28.4,25.7,103.0,27.1,28,0.0,3.6
Pune,18.5204,73.8567,2026-03-14 09:00:00,45.9,38.8,614.0,21.4,22.2,127.0,30.4,21,0.0,2.2
Pune,18.5204,73.8567,2026-03-14 10:00:00,41.0,32.6,448.0,10.4,16.8,157.0,32.8,17,0.0,4.2
Pune,18.5204,73.8567,2026-03-14 11:00:00,35.9,29.2,323.0,2.3,12.4,179.0,33.8,16,0.0,5.0
Pune,18.5204,73.8567,2026-03-14 12:00:00,33.6,28.0,285.0,0.3,10.4,186.0,35.4,14,0.0,3.8
Pune,18.5204,73.8567,2026-03-14 13:00:00,33.4,28.2,287.0,1.1,9.5,186.0,36.2,14,0.0,3.5
Pune,18.5204,73.8567,2026-03-14 14:00:00,33.3,28.5,294.0,2.2,9.0,185.0,35.8,14,0.0,4.2
Pune,18.5204,73.8567,2026-03-14 15:00:00,32.9,28.5,296.0,2.4,8.4,188.0,35.7,13,0.0,1.8
Pune,18.5204,73.8567,2026-03-14 16:00:00,33.1,28.9,303.0,2.9,8.2,191.0,36.0,13,0.0,3.0
Pune,18.5204,73.8567,2026-03-14 17:00:00,32.2,29.8,315.0,4.1,9.3,187.0,36.0,10,0.0,3.3
Pune,18.5204,73.8567,2026-03-14 18:00:00,33.3,31.5,331.0,6.6,11.8,180.0,30.5,32,0.0,20.9
Pune,18.5204,73.8567,2026-03-14 19:00:00,32.8,31.9,350.0,10.0,15.4,169.0,29.4,30,0.0,14.1
Pune,18.5204,73.8567,2026-03-14 20:00:00,30.7,29.8,373.0,13.3,18.6,155.0,28.1,30,0.0,10.1
Pune,18.5204,73.8567,2026-03-14 21:00:00,30.3,29.0,408.0,16.2,21.3,137.0,27.4,30,0.0,10.1
Pune,18.5204,73.8567,2026-03-14 22:00:00,32.0,30.4,446.0,18.8,23.6,116.0,26.9,29,0.0,7.4
Pune,18.5204,73.8567,2026-03-14 23:00:00,34.0,31.9,460.0,20.7,25.1,99.0,26.3,28,0.0,7.1
Pune,18.5204,73.8567,2026-03-15 00:00:00,34.6,31.9,428.0,21.2,25.1,87.0,25.7,26,0.0,6.3
Pune,18.5204,73.8567,2026-03-15 01:00:00,34.6,31.2,372.0,20.9,24.3,78.0,25.3,25,0.0,8.1
Pune,18.5204,73.8567,2026-03-15 02:00:00,34.2,30.3,334.0,20.8,23.6,71.0,24.8,24,0.0,9.3
Pune,18.5204,73.8567,2026-03-15 03:00:00,35.2,30.4,334.0,20.9,23.4,64.0,24.3,24,0.0,8.8
Pune,18.5204,73.8567,2026-03-15 04:00:00,37.3,31.4,352.0,21.3,23.3,57.0,23.8,25,0.0,9.0
Pune,18.5204,73.8567,2026-03-15 05:00:00,38.6,31.0,372.0,20.8,23.3,55.0,23.5,28,0.0,9.4
Pune,18.5204,73.8567,2026-03-15 06:00:00,42.5,33.3,400.0,23.6,25.7,55.0,23.0,31,0.0,8.3
Pune,18.5204,73.8567,2026-03-15 07:00:00,48.5,37.8,430.0,27.0,28.6,56.0,23.5,30,0.0,7.6
Pune,18.5204,73.8567,2026-03-15 08:00:00,42.4,31.7,432.0,27.2,28.7,65.0,26.3,25,0.0,5.6
Pune,18.5204,73.8567,2026-03-15 09:00:00,44.9,24.7,380.0,20.9,23.2,87.0,28.9,19,0.0,5.8
Pune,18.5204,73.8567,2026-03-15 10:00:00,40.7,21.9,301.0,11.3,14.9,116.0,31.2,16,0.0,5.0
Pune,18.5204,73.8567,2026-03-15 11:00:00,36.3,22.7,242.0,4.1,8.4,140.0,32.6,16,0.0,8.9
Pune,18.5204,73.8567,2026-03-15 12:00:00,34.9,24.6,224.0,1.7,5.9,153.0,34.3,14,0.0,11.0
Pune,18.5204,73.8567,2026-03-15 13:00:00,35.2,26.1,226.0,1.6,5.3,160.0,34.8,14,0.0,13.5
Pune,18.5204,73.8567,2026-03-15 14:00:00,35.6,27.0,234.0,1.9,5.2,166.0,34.7,15,0.0,15.0
Pune,18.5204,73.8567,2026-03-15 15:00:00,36.1,27.6,242.0,1.9,5.1,173.0,34.3,16,0.0,15.1
Pune,18.5204,73.8567,2026-03-15 16:00:00,35.7,27.5,255.0,2.4,5.6,178.0,34.0,17,0.0,13.6
Pune,18.5204,73.8567,2026-03-15 17:00:00,34.6,26.7,275.0,3.9,8.4,178.0,32.5,20,0.0,16.3
Pune,18.5204,73.8567,2026-03-15 18:00:00,35.0,27.2,311.0,6.5,11.7,171.0,31.1,21,0.0,15.3
Pune,18.5204,73.8567,2026-03-15 19:00:00,37.1,29.6,355.0,10.2,16.2,161.0,29.3,25,0.0,14.8
Pune,18.5204,73.8567,2026-03-15 20:00:00,41.3,32.8,380.0,13.3,20.2,149.0,27.6,33,0.0,12.5
Pune,18.5204,73.8567,2026-03-15 21:00:00,44.8,35.5,373.0,15.4,23.0,134.0,25.9,43,0.0,10.3
Pune,18.5204,73.8567,2026-03-15 22:00:00,47.7,37.3,348.0,17.1,25.1,118.0,24.5,51,0.0,8.8
Pune,18.5204,73.8567,2026-03-15 23:00:00,49.9,38.0,323.0,18.0,26.6,104.0,23.5,57,0.0,8.3
Pune,18.5204,73.8567,2026-03-16 00:00:00,51.1,37.7,302.0,17.9,27.0,94.0,23.1,56,0.0,7.9
Pune,18.5204,73.8567,2026-03-16 01:00:00,53.2,38.4,282.0,17.2,26.8,86.0,22.7,53,0.0,7.7
Pune,18.5204,73.8567,2026-03-16 02:00:00,55.6,39.5,270.0,16.7,26.5,79.0,22.0,52,0.0,6.1
Pune,18.5204,73.8567,2026-03-16 03:00:00,59.6,41.7,264.0,16.7,26.2,71.0,21.2,54,0.0,5.9
Pune,18.5204,73.8567,2026-03-16 04:00:00,63.1,43.4,267.0,16.9,25.9,65.0,20.5,55,0.0,4.1
Pune,18.5204,73.8567,2026-03-16 05:00:00,57.5,38.3,288.0,15.8,22.0,56.0,20.3,55,0.0,6.8
Pune,18.5204,73.8567,2026-03-16 06:00:00,60.3,40.3,353.0,16.8,23.4,59.0,20.1,56,0.0,4.3
Pune,18.5204,73.8567,2026-03-16 07:00:00,63.3,43.7,437.0,18.1,25.1,65.0,20.7,54,0.0,2.4
Pune,18.5204,73.8567,2026-03-16 08:00:00,57.5,35.0,475.0,17.5,25.0,75.0,23.5,44,0.0,1.9
Pune,18.5204,73.8567,2026-03-16 09:00:00,51.6,25.0,422.0,13.4,21.5,95.0,26.8,30,0.0,2.6
Pune,18.5204,73.8567,2026-03-16 10:00:00,43.8,19.9,323.0,7.4,16.2,120.0,29.4,20,0.0,5.1
Pune,18.5204,73.8567,2026-03-16 11:00:00,38.5,19.3,245.0,3.0,11.9,140.0,30.7,20,0.0,7.1
Pune,18.5204,73.8567,2026-03-16 12:00:00,35.3,19.9,213.0,1.6,9.5,150.0,32.6,18,0.0,8.6
Pune,18.5204,73.8567,2026-03-16 13:00:00,32.9,20.4,203.0,1.6,8.1,154.0,33.8,16,0.0,11.3
Pune,18.5204,73.8567,2026-03-16 14:00:00,30.9,20.6,203.0,1.9,7.1,156.0,34.1,15,0.0,14.6
Pune,18.5204,73.8567,2026-03-16 15:00:00,29.0,20.4,213.0,1.7,6.2,158.0,33.6,18,0.0,17.1
Pune,18.5204,73.8567,2026-03-16 16:00:00,28.2,20.4,234.0,1.9,5.7,157.0,32.7,20,0.0,16.8
Pune,18.5204,73.8567,2026-03-16 17:00:00,29.2,24.2,260.0,3.2,6.0,153.0,32.0,21,0.0,13.3
Pune,18.5204,73.8567,2026-03-16 18:00:00,29.3,24.0,294.0,6.0,8.2,143.0,30.5,23,0.0,12.3
Pune,18.5204,73.8567,2026-03-16 19:00:00,30.4,25.2,332.0,9.9,11.2,129.0,28.9,27,0.0,12.2
Pune,18.5204,73.8567,2026-03-16 20:00:00,33.4,27.0,366.0,13.5,14.1,115.0,27.1,36,0.0,10.8
Pune,18.5204,73.8567,2026-03-16 21:00:00,37.0,29.1,393.0,16.5,16.5,101.0,25.6,44,0.0,10.2
Pune,18.5204,73.8567,2026-03-16 22:00:00,40.6,31.2,414.0,19.1,18.6,87.0,24.3,51,0.0,9.6
Pune,18.5204,73.8567,2026-03-16 23:00:00,43.7,32.1,423.0,20.6,20.4,76.0,23.4,58,0.0,9.4
Pune,18.5204,73.8567,2026-03-17 00:00:00,46.2,31.7,410.0,20.2,21.7,71.0,22.6,64,0.0,7.9
Pune,18.5204,73.8567,2026-03-17 01:00:00,49.5,31.7,385.0,18.6,22.6,70.0,21.7,70,0.0,6.5
Pune,18.5204,73.8567,2026-03-17 02:00:00,54.0,32.8,366.0,17.5,23.4,68.0,21.0,74,0.0,5.8
Pune,18.5204,73.8567,2026-03-17 03:00:00,60.1,35.3,358.0,17.5,24.3,64.0,20.4,76,0.0,5.8
Pune,18.5204,73.8567,2026-03-17 04:00:00,66.8,37.6,357.0,17.9,25.1,59.0,19.8,76,0.0,5.5
Pune,18.5204,73.8567,2026-03-17 05:00:00,65.9,36.3,366.0,17.4,23.7,54.0,19.5,78,0.0,2.8
Pune,18.5204,73.8567,2026-03-17 06:00:00,72.2,38.3,401.0,17.1,24.8,60.0,19.5,74,0.0,2.2
Pune,18.5204,73.8567,2026-03-17 07:00:00,78.9,42.7,446.0,16.5,26.2,69.0,20.4,67,0.0,3.6
Pune,18.5204,73.8567,2026-03-17 08:00:00,73.1,33.6,461.0,14.8,25.8,82.0,23.2,53,0.0,3.5
Pune,18.5204,73.8567,2026-03-17 09:00:00,65.9,28.5,418.0,11.1,21.9,103.0,26.6,34,0.0,2.8
Pune,18.5204,73.8567,2026-03-17 10:00:00,52.5,22.3,346.0,6.3,16.2,129.0,29.3,22,0.0,3.5
Pune,18.5204,73.8567,2026-03-17 11:00:00,43.8,19.8,289.0,2.8,11.6,149.0,30.4,19,0.0,3.3
Pune,18.5204,73.8567,2026-03-17 12:00:00,41.6,21.2,265.0,1.6,9.3,160.0,32.6,16,0.0,4.0
Pune,18.5204,73.8567,2026-03-17 13:00:00,41.3,23.3,256.0,1.6,8.1,166.0,33.7,15,0.0,5.7
Pune,18.5204,73.8567,2026-03-17 14:00:00,40.4,24.6,252.0,1.9,7.3,168.0,34.2,16,0.0,10.3
Pune,18.5204,73.8567,2026-03-17 15:00:00,39.7,25.0,251.0,2.0,6.2,166.0,34.1,17,0.0,14.5
Pune,18.5204,73.8567,2026-03-17 16:00:00,39.6,25.3,255.0,2.3,5.5,160.0,32.8,18,0.0,17.0
Pune,18.5204,73.8567,2026-03-17 17:00:00,26.4,18.4,265.0,3.4,5.9,153.0,31.6,21,0.0,16.4
Pune,18.5204,73.8567,2026-03-17 18:00:00,30.2,19.5,284.0,5.4,8.9,146.0,29.8,28,0.0,15.7
Pune,18.5204,73.8567,2026-03-17 19:00:00,34.3,22.8,310.0,8.3,13.2,137.0,27.3,49,0.0,14.8
Pune,18.5204,73.8567,2026-03-17 20:00:00,42.0,27.8,335.0,11.0,17.5,128.0,25.7,59,0.0,12.1
Pune,18.5204,73.8567,2026-03-17 21:00:00,48.8,32.6,356.0,13.4,21.9,123.0,24.5,62,0.0,10.7
Pune,18.5204,73.8567,2026-03-17 22:00:00,52.9,36.1,376.0,15.7,26.2,119.0,23.5,64,0.0,6.5
Pune,18.5204,73.8567,2026-03-17 23:00:00,56.0,38.4,403.0,17.6,29.0,113.0,22.9,66,0.0,7.1
Pune,18.5204,73.8567,2026-03-18 00:00:00,59.3,40.4,444.0,18.7,29.2,104.0,22.5,68,0.0,5.4
Pune,18.5204,73.8567,2026-03-18 01:00:00,67.3,46.2,493.0,19.4,27.9,93.0,22.4,70,0.0,8.5
Pune,18.5204,73.8567,2026-03-18 02:00:00,68.7,48.4,533.0,20.1,26.5,83.0,22.1,72,0.0,3.2
Pune,18.5204,73.8567,2026-03-18 03:00:00,68.5,48.9,562.0,21.1,25.3,72.0,21.6,74,0.0,4.4
Pune,18.5204,73.8567,2026-03-18 04:00:00,72.4,51.9,583.0,22.1,24.1,61.0,21.1,75,0.0,2.1
Pune,18.5204,73.8567,2026-03-18 05:00:00,79.2,58.4,592.0,22.9,27.3,63.0,21.0,75,0.0,0.6
Pune,18.5204,73.8567,2026-03-18 06:00:00,82.4,61.5,592.0,21.4,28.5,78.0,20.9,75,0.0,2.3
Pune,18.5204,73.8567,2026-03-18 07:00:00,84.5,65.0,581.0,19.2,29.9,98.0,21.6,70,0.0,1.5
Pune,18.5204,73.8567,2026-03-18 08:00:00,60.8,43.9,548.0,16.2,28.9,118.0,23.9,57,0.0,3.5
Pune,18.5204,73.8567,2026-03-18 09:00:00,39.8,27.8,473.0,11.5,23.1,136.0,26.8,45,0.0,5.0
Pune,18.5204,73.8567,2026-03-18 10:00:00,33.9,25.3,377.0,6.0,14.8,154.0,29.7,34,0.0,3.6
Pune,18.5204,73.8567,2026-03-18 11:00:00,31.0,23.4,305.0,2.0,8.6,166.0,31.4,26,0.0,4.2
Pune,18.5204,73.8567,2026-03-18 12:00:00,29.3,21.6,279.0,0.8,6.4,169.0,33.3,21,0.0,1.8
Pune,18.5204,73.8567,2026-03-18 13:00:00,30.0,21.7,277.0,1.3,6.2,168.0,34.1,20,0.0,3.2
Pune,18.5204,73.8567,2026-03-18 14:00:00,31.1,21.9,285.0,1.9,6.5,165.0,33.7,20,0.0,6.0
Pune,18.5204,73.8567,2026-03-18 15:00:00,32.7,22.7,303.0,2.3,6.7,165.0,33.0,21,0.0,14.2
Pune,18.5204,73.8567,2026-03-18 16:00:00,34.9,24.4,329.0,2.9,7.4,164.0,29.9,25,0.1,12.8
Pune,18.5204,73.8567,2026-03-18 17:00:00,28.3,20.4,350.0,3.7,7.5,165.0,30.4,23,0.0,6.0
Pune,18.5204,73.8567,2026-03-18 18:00:00,31.3,23.2,356.0,5.1,11.1,164.0,28.9,26,0.0,10.5
Pune,18.5204,73.8567,2026-03-18 19:00:00,35.4,27.9,355.0,7.2,16.0,163.0,27.7,30,0.0,9.6
Pune,18.5204,73.8567,2026-03-18 20:00:00,36.4,30.0,357.0,9.7,20.3,157.0,25.3,55,0.0,11.4
Pune,18.5204,73.8567,2026-03-18 21:00:00,36.2,30.9,368.0,13.1,23.1,144.0,24.1,61,0.0,8.6
Pune,18.5204,73.8567,2026-03-18 22:00:00,37.5,32.6,382.0,16.9,25.2,127.0,23.6,64,0.0,8.2
Pune,18.5204,73.8567,2026-03-18 23:00:00,41.4,36.1,393.0,19.9,26.8,112.0,23.2,67,0.0,5.2
Pune,18.5204,73.8567,2026-03-19 00:00:00,43.5,38.1,395.0,21.4,28.0,102.0,22.6,70,0.0,5.7
Pune,18.5204,73.8567,2026-03-19 01:00:00,45.2,39.5,393.0,22.2,28.8,95.0,21.8,75,0.0,5.8
Pune,18.5204,73.8567,2026-03-19 02:00:00,50.4,44.2,395.0,22.9,29.3,87.0,21.1,79,0.0,6.2
Pune,18.5204,73.8567,2026-03-19 03:00:00,55.5,49.0,400.0,24.2,29.3,76.0,20.8,79,0.0,5.2
Pune,18.5204,73.8567,2026-03-19 04:00:00,59.1,52.2,409.0,25.5,29.1,64.0,20.7,77,0.0,4.5
Pune,18.5204,73.8567,2026-03-19 05:00:00,70.3,62.9,432.0,28.6,29.8,70.0,20.9,81,0.0,1.0
Pune,18.5204,73.8567,2026-03-19 06:00:00,75.2,67.8,495.0,25.4,29.9,84.0,20.8,82,0.0,0.6
Pune,18.5204,73.8567,2026-03-19 07:00:00,81.0,74.3,572.0,20.7,29.9,104.0,21.2,79,0.0,1.6
Pune,18.5204,73.8567,2026-03-19 08:00:00,55.1,47.3,601.0,16.0,28.3,124.0,23.6,66,0.0,2.1
Pune,18.5204,73.8567,2026-03-19 09:00:00,40.6,32.1,539.0,11.0,23.5,145.0,26.7,49,0.0,1.4
Pune,18.5204,73.8567,2026-03-19 10:00:00,36.0,27.2,429.0,6.0,17.1,167.0,29.3,36,0.0,1.2
Pune,18.5204,73.8567,2026-03-19 11:00:00,35.6,25.6,339.0,2.4,12.4,182.0,30.6,30,0.0,3.1
Pune,18.5204,73.8567,2026-03-19 12:00:00,34.2,24.7,294.0,1.3,11.0,186.0,32.3,25,0.0,7.1
Pune,18.5204,73.8567,2026-03-19 13:00:00,34.8,25.1,268.0,1.7,11.3,184.0,32.9,24,0.0,9.4
Pune,18.5204,73.8567,2026-03-19 14:00:00,34.8,25.8,252.0,2.3,11.5,180.0,31.8,26,0.1,14.1
Pune,18.5204,73.8567,2026-03-19 15:00:00,35.2,26.7,244.0,2.3,11.1,176.0,31.8,23,0.0,11.7
Pune,18.5204,73.8567,2026-03-19 16:00:00,33.6,25.8,245.0,2.5,10.7,171.0,30.8,25,0.0,17.1
Pune,18.5204,73.8567,2026-03-19 17:00:00,31.1,23.1,250.0,3.5,11.0,160.0,30.1,23,0.0,18.4
Pune,18.5204,73.8567,2026-03-19 18:00:00,26.1,19.9,260.0,5.1,10.9,143.0,28.3,29,0.0,14.2
Pune,18.5204,73.8567,2026-03-19 19:00:00,21.5,17.4,274.0,7.3,10.8,120.0,26.0,51,0.0,14.4
Pune,18.5204,73.8567,2026-03-19 20:00:00,18.3,14.8,288.0,9.4,11.4,100.0,24.2,66,0.0,12.6
Pune,18.5204,73.8567,2026-03-19 21:00:00,18.2,13.9,300.0,10.9,13.4,89.0,23.1,70,0.0,10.7
Pune,18.5204,73.8567,2026-03-19 22:00:00,19.3,14.2,311.0,12.2,16.1,83.0,22.2,76,0.0,8.5
Pune,18.5204,73.8567,2026-03-19 23:00:00,21.1,15.4,324.0,13.6,18.2,76.0,21.6,80,0.0,8.1
Pune,18.5204,73.8567,2026-03-20 00:00:00,22.6,16.6,339.0,15.4,19.3,68.0,20.9,85,0.0,7.6
Pune,18.5204,73.8567,2026-03-20 01:00:00,25.0,18.5,356.0,17.3,19.7,60.0,20.8,87,0.0,2.1
Pune,18.5204,73.8567,2026-03-20 02:00:00,28.1,20.8,374.0,19.1,20.0,52.0,20.5,89,0.0,3.4
Pune,18.5204,73.8567,2026-03-20 03:00:00,30.9,22.2,395.0,21.1,19.9,44.0,20.2,88,0.0,4.3
Pune,18.5204,73.8567,2026-03-20 04:00:00,34.3,24.4,418.0,23.1,19.6,36.0,19.8,88,0.0,4.4
Pune,18.5204,73.8567,2026-03-20 05:00:00,42.4,32.4,436.0,25.4,20.5,35.0,19.0,91,0.0,2.8
Pune,18.5204,73.8567,2026-03-20 06:00:00,44.5,34.2,450.0,22.9,21.1,45.0,18.8,92,0.0,2.4
Pune,18.5204,73.8567,2026-03-20 07:00:00,46.8,37.8,460.0,19.2,21.9,59.0,19.1,89,0.0,2.8
Pune,18.5204,73.8567,2026-03-20 08:00:00,30.6,22.5,452.0,15.2,21.1,76.0,21.8,71,0.0,0.7
Pune,18.5204,73.8567,2026-03-20 09:00:00,27.1,20.0,418.0,10.6,17.4,99.0,25.0,53,0.0,2.0
Pune,18.5204,73.8567,2026-03-20 10:00:00,28.0,21.1,367.0,5.8,12.3,124.0,28.0,39,0.0,5.1
Pune,18.5204,73.8567,2026-03-20 11:00:00,27.2,20.7,316.0,2.3,8.4,143.0,29.7,27,0.0,5.9
Pune,18.5204,73.8567,2026-03-20 12:00:00,28.6,20.0,265.0,1.1,7.0,151.0,31.9,20,0.0,6.3
Pune,18.5204,73.8567,2026-03-20 13:00:00,32.8,20.1,214.0,1.4,6.8,153.0,32.9,17,0.0,7.3
Pune,18.5204,73.8567,2026-03-20 14:00:00,38.8,20.0,186.0,1.8,6.9,153.0,33.3,16,0.0,10.1
Pune,18.5204,73.8567,2026-03-20 15:00:00,44.8,20.0,192.0,1.9,6.6,153.0,33.4,16,0.0,12.3
Pune,18.5204,73.8567,2026-03-20 16:00:00,49.9,20.0,221.0,2.3,6.6,152.0,32.5,18,0.0,18.3
Pune,18.5204,73.8567,2026-03-20 17:00:00,33.4,15.5,254.0,3.5,9.6,148.0,31.5,21,0.0,18.3
Pune,18.5204,73.8567,2026-03-20 18:00:00,41.6,20.5,294.0,5.7,14.0,152.0,29.4,27,0.0,16.8
Pune,18.5204,73.8567,2026-03-20 19:00:00,42.7,26.3,338.0,8.7,20.2,157.0,26.9,46,0.0,14.5
Pune,18.5204,73.8567,2026-03-20 20:00:00,43.2,29.3,367.0,11.8,25.0,155.0,25.2,59,0.0,11.9
Pune,18.5204,73.8567,2026-03-20 21:00:00,42.0,30.4,366.0,14.7,27.4,142.0,23.9,68,0.0,10.8
Pune,18.5204,73.8567,2026-03-20 22:00:00,42.5,31.7,348.0,17.6,28.4,122.0,22.9,74,0.0,9.8
Pune,18.5204,73.8567,2026-03-20 23:00:00,44.0,33.2,336.0,20.0,28.8,104.0,22.3,79,0.0,8.1
Pune,18.5204,73.8567,2026-03-21 00:00:00,46.3,34.9,335.0,21.6,28.4,90.0,21.8,82,0.0,7.9
Pune,18.5204,73.8567,2026-03-21 01:00:00,50.9,38.1,339.0,22.8,27.2,77.0,21.2,85,0.0,5.6
Pune,18.5204,73.8567,2026-03-21 02:00:00,56.6,42.0,348.0,24.1,26.2,66.0,20.6,87,0.0,0.8
Pune,18.5204,73.8567,2026-03-21 03:00:00,61.5,45.5,365.0,26.4,25.8,55.0,20.4,89,0.0,5.4
Pune,18.5204,73.8567,2026-03-21 04:00:00,65.4,48.7,387.0,28.8,25.4,46.0,20.2,89,0.0,2.7
Pune,18.5204,73.8567,2026-03-21 05:00:00,72.6,55.1,406.0,30.8,25.1,38.0,19.9,90,0.0,2.3
Pune,18.5204,73.8567,2026-03-21 06:00:00,75.2,56.2,426.0,26.1,23.5,49.0,19.8,89,0.0,1.1
Pune,18.5204,73.8567,2026-03-21 07:00:00,75.4,57.3,444.0,19.6,21.2,66.0,20.6,82,0.0,2.0
Pune,18.5204,73.8567,2026-03-21 08:00:00,49.4,28.4,435.0,13.6,18.5,82.0,22.8,65,0.0,3.7
Pune,18.5204,73.8567,2026-03-21 09:00:00,44.8,19.8,377.0,8.8,15.3,98.0,25.5,47,0.0,6.1
Pune,18.5204,73.8567,2026-03-21 10:00:00,45.1,17.5,292.0,4.6,11.8,113.0,28.0,33,0.0,8.1
Pune,18.5204,73.8567,2026-03-21 11:00:00,44.7,15.9,231.0,1.7,9.0,125.0,29.2,28,0.0,5.6
Pune,18.5204,73.8567,2026-03-21 12:00:00,44.5,15.3,216.0,0.7,7.4,130.0,31.2,22,0.0,2.8
Pune,18.5204,73.8567,2026-03-21 13:00:00,44.6,15.3,225.0,1.0,6.6,132.0,32.6,20,0.0,0.7
Pune,18.5204,73.8567,2026-03-21 14:00:00,44.1,15.5,236.0,1.5,6.1,134.0,33.0,19,0.0,1.3
Pune,18.5204,73.8567,2026-03-21 15:00:00,43.3,15.7,241.0,1.5,5.9,140.0,33.2,19,0.0,4.3
Pune,18.5204,73.8567,2026-03-21 16:00:00,41.7,15.8,248.0,1.6,6.2,146.0,32.8,20,0.0,7.2
Pune,18.5204,73.8567,2026-03-21 17:00:00,26.2,12.3,263.0,2.9,7.0,143.0,32.4,20,0.0,3.9
Pune,18.5204,73.8567,2026-03-21 18:00:00,23.9,12.8,290.0,6.4,7.7,130.0,31.6,21,0.0,3.9
Pune,18.5204,73.8567,2026-03-21 19:00:00,22.6,15.9,325.0,11.4,8.9,112.0,30.1,20,0.0,5.9
Pune,18.5204,73.8567,2026-03-21 20:00:00,23.3,18.2,360.0,16.1,10.5,96.0,28.3,26,0.0,9.1
Pune,18.5204,73.8567,2026-03-21 21:00:00,25.8,21.7,396.0,20.0,13.0,85.0,26.3,42,0.0,8.5
Pune,18.5204,73.8567,2026-03-21 22:00:00,27.6,24.4,433.0,23.6,16.0,76.0,25.3,46,0.0,8.9
Pune,18.5204,73.8567,2026-03-21 23:00:00,30.2,27.2,461.0,26.9,18.4,68.0,24.3,50,0.0,6.7
Pune,18.5204,73.8567,2026-03-22 00:00:00,32.6,29.6,475.0,29.9,20.0,60.0,23.5,54,0.0,2.6
Pune,18.5204,73.8567,2026-03-22 01:00:00,36.8,33.5,480.0,32.5,21.0,53.0,22.8,56,0.0,2.3
Pune,18.5204,73.8567,2026-03-22 02:00:00,41.4,37.8,480.0,34.3,21.6,47.0,22.1,59,0.0,2.1
Pune,18.5204,73.8567,2026-03-22 03:00:00,46.6,42.7,473.0,35.6,21.8,40.0,21.7,61,0.0,0.5
Pune,18.5204,73.8567,2026-03-22 04:00:00,49.4,45.5,461.0,36.1,21.4,34.0,21.6,56,0.0,0.6
Pune,18.5204,73.8567,2026-03-22 05:00:00,44.2,41.4,460.0,33.1,18.2,37.0,21.3,51,0.0,3.2
Pune,18.5204,73.8567,2026-03-22 06:00:00,41.6,39.2,491.0,27.4,16.8,55.0,20.8,52,0.0,1.3
Pune,18.5204,73.8567,2026-03-22 07:00:00,41.9,40.2,532.0,19.3,14.7,80.0,21.8,47,0.0,0.2
Pune,18.5204,73.8567,2026-03-22 08:00:00,20.2,19.2,535.0,12.4,12.8,102.0,24.5,37,0.0,1.5
Pune,18.5204,73.8567,2026-03-22 09:00:00,13.5,12.8,459.0,7.7,11.1,119.0,27.3,30,0.0,4.6
Pune,18.5204,73.8567,2026-03-22 10:00:00,11.6,10.6,345.0,4.1,9.6,134.0,29.6,25,0.0,7.7
Pune,18.5204,73.8567,2026-03-22 11:00:00,11.6,9.8,259.0,1.7,8.4,145.0,31.0,23,0.0,7.1
Pune,18.5204,73.8567,2026-03-22 12:00:00,13.2,10.4,234.0,0.8,7.7,151.0,32.7,20,0.0,5.7
Pune,18.5204,73.8567,2026-03-22 13:00:00,15.7,11.1,237.0,1.1,7.3,153.0,33.6,18,0.0,5.5
Pune,18.5204,73.8567,2026-03-22 14:00:00,17.6,11.8,241.0,1.6,7.0,154.0,34.3,17,0.0,6.0
Pune,18.5204,73.8567,2026-03-22 15:00:00,18.6,12.2,230.0,1.7,6.7,155.0,34.5,17,0.0,5.0
Pune,18.5204,73.8567,2026-03-22 16:00:00,19.2,12.4,220.0,1.9,6.4,155.0,34.1,17,0.0,8.0
Pune,18.5204,73.8567,2026-03-22 17:00:00,17.8,11.7,233.0,3.1,7.6,155.0,33.7,18,0.0,9.0
Pune,18.5204,73.8567,2026-03-22 18:00:00,17.8,12.3,290.0,6.7,8.9,144.0,32.2,20,0.0,8.8
Pune,18.5204,73.8567,2026-03-22 19:00:00,20.3,15.6,370.0,11.8,10.8,129.0,30.6,26,0.0,2.1
Pune,18.5204,73.8567,2026-03-22 20:00:00,25.3,19.7,435.0,16.1,12.9,115.0,29.5,24,0.0,7.9
Pune,18.5204,73.8567,2026-03-22 21:00:00,30.4,24.0,469.0,18.9,15.2,106.0,27.6,34,0.0,6.2
Pune,18.5204,73.8567,2026-03-22 22:00:00,34.6,26.7,487.0,20.9,17.6,98.0,26.6,36,0.0,8.1
Pune,18.5204,73.8567,2026-03-22 23:00:00,38.9,29.5,500.0,22.7,19.4,91.0,25.7,39,0.0,7.1
Pune,18.5204,73.8567,2026-03-23 00:00:00,42.5,31.5,509.0,24.4,20.3,84.0,25.0,42,0.0,4.0
Pune,18.5204,73.8567,2026-03-23 01:00:00,46.4,34.2,513.0,25.9,20.7,76.0,24.3,44,0.0,3.1
Pune,18.5204,73.8567,2026-03-23 02:00:00,51.9,38.3,515.0,27.2,20.8,69.0,23.4,47,0.0,2.4
Pune,18.5204,73.8567,2026-03-23 03:00:00,56.2,41.9,515.0,28.8,20.7,59.0,22.9,50,0.0,1.9
Pune,18.5204,73.8567,2026-03-23 04:00:00,59.0,44.7,513.0,30.1,20.4,49.0,22.4,51,0.0,1.0
Pune,18.5204,73.8567,2026-03-23 05:00:00,69.4,54.5,514.0,37.2,24.3,45.0,22.2,51,0.0,1.3
Pune,18.5204,73.8567,2026-03-23 06:00:00,66.8,53.0,531.0,31.7,21.8,59.0,21.8,52,0.0,0.9
Pune,18.5204,73.8567,2026-03-23 07:00:00,62.4,51.0,550.0,23.9,18.2,79.0,22.6,47,0.0,3.0
Pune,18.5204,73.8567,2026-03-23 08:00:00,32.6,26.3,534.0,16.7,14.7,99.0,25.0,39,0.0,2.6
Pune,18.5204,73.8567,2026-03-23 09:00:00,17.2,12.1,446.0,10.7,11.5,118.0,27.8,31,0.0,4.8
Pune,18.5204,73.8567,2026-03-23 10:00:00,15.8,10.2,323.0,5.3,8.5,136.0,30.8,24,0.0,6.5
Pune,18.5204,73.8567,2026-03-23 11:00:00,17.1,10.9,234.0,1.6,6.4,150.0,32.4,21,0.0,6.2
Pune,18.5204,73.8567,2026-03-23 12:00:00,18.8,12.1,212.0,0.5,5.7,156.0,34.2,19,0.0,4.1
Pune,18.5204,73.8567,2026-03-23 13:00:00,19.6,12.7,224.0,1.1,5.8,157.0,35.4,17,0.0,6.4
Pune,18.5204,73.8567,2026-03-23 14:00:00,19.7,12.7,238.0,1.9,6.0,157.0,36.2,16,0.0,9.9
Pune,18.5204,73.8567,2026-03-23 15:00:00,20.2,13.0,240.0,1.8,5.8,159.0,36.0,16,0.0,13.1
Pune,18.5204,73.8567,2026-03-23 16:00:00,21.1,13.7,244.0,1.9,5.6,159.0,35.5,16,0.0,13.2
Pune,18.5204,73.8567,2026-03-23 17:00:00,26.0,18.8,260.0,3.9,7.9,168.0,34.6,17,0.0,12.6
Pune,18.5204,73.8567,2026-03-23 18:00:00,29.1,22.4,299.0,6.5,10.6,168.0,33.4,18,0.0,10.0
Pune,18.5204,73.8567,2026-03-23 19:00:00,34.5,28.7,351.0,10.1,14.5,167.0,30.4,30,0.0,14.8
Pune,18.5204,73.8567,2026-03-23 20:00:00,39.5,33.8,395.0,13.2,18.4,164.0,28.6,33,0.0,9.9
Pune,18.5204,73.8567,2026-03-23 21:00:00,44.5,38.3,426.0,15.1,22.4,159.0,27.5,35,0.0,8.1
Pune,18.5204,73.8567,2026-03-23 22:00:00,48.4,41.8,449.0,16.5,26.4,153.0,27.0,36,0.0,8.6
Pune,18.5204,73.8567,2026-03-23 23:00:00,51.2,43.8,463.0,17.5,29.1,144.0,26.4,39,0.0,6.1
Pune,18.5204,73.8567,2026-03-24 00:00:00,53.0,44.7,462.0,18.1,29.5,132.0,25.4,44,0.0,6.1
Pune,18.5204,73.8567,2026-03-24 01:00:00,54.8,45.9,452.0,18.2,28.5,119.0,24.7,46,0.0,6.0
Pune,18.5204,73.8567,2026-03-24 02:00:00,56.9,47.1,448.0,18.6,27.5,106.0,23.8,60,0.0,2.1
Pune,18.5204,73.8567,2026-03-24 03:00:00,58.4,47.7,452.0,19.5,27.0,93.0,23.5,60,0.0,0.2
Pune,18.5204,73.8567,2026-03-24 04:00:00,60.5,48.7,462.0,20.6,26.5,82.0,22.9,61,0.0,0.3
Pune,18.5204,73.8567,2026-03-24 05:00:00,70.8,58.3,486.0,26.5,24.0,63.0,22.5,53,0.0,2.4
Pune,18.5204,73.8567,2026-03-24 06:00:00,75.2,61.7,552.0,25.2,23.7,75.0,22.6,55,0.0,0.6
Pune,18.5204,73.8567,2026-03-24 07:00:00,78.7,65.7,633.0,23.1,23.0,91.0,23.5,50,0.0,1.1
Pune,18.5204,73.8567,2026-03-24 08:00:00,51.9,37.3,651.0,19.8,21.4,108.0,26.4,41,0.0,1.0
Pune,18.5204,73.8567,2026-03-24 09:00:00,40.4,22.3,547.0,13.9,17.9,124.0,29.4,32,0.0,5.0
Pune,18.5204,73.8567,2026-03-24 10:00:00,32.7,18.2,381.0,6.8,13.5,141.0,31.7,26,0.0,8.7
Pune,18.5204,73.8567,2026-03-24 11:00:00,28.8,17.0,257.0,1.7,10.0,153.0,32.9,23,0.0,8.1
Pune,18.5204,73.8567,2026-03-24 12:00:00,28.3,17.2,225.0,0.3,8.4,159.0,34.6,20,0.0,4.4
Pune,18.5204,73.8567,2026-03-24 13:00:00,28.9,17.9,235.0,0.8,7.7,161.0,35.9,19,0.0,1.9
Pune,18.5204,73.8567,2026-03-24 14:00:00,29.6,18.5,248.0,1.6,7.3,162.0,36.4,18,0.0,3.9
Pune,18.5204,73.8567,2026-03-24 15:00:00,30.2,18.8,243.0,1.6,6.6,163.0,36.0,18,0.0,9.9
Pune,18.5204,73.8567,2026-03-24 16:00:00,31.2,19.4,240.0,1.9,6.2,162.0,35.2,19,0.0,12.1
Pune,18.5204,73.8567,2026-03-24 17:00:00,30.9,19.2,256.0,3.3,7.0,161.0,34.5,19,0.0,12.0
Pune,18.5204,73.8567,2026-03-24 18:00:00,31.9,20.7,305.0,6.3,8.3,148.0,33.4,20,0.0,9.2
Pune,18.5204,73.8567,2026-03-24 19:00:00,32.2,24.0,372.0,10.7,10.3,130.0,32.0,23,0.0,10.8
Pune,18.5204,73.8567,2026-03-24 20:00:00,34.2,27.5,430.0,14.7,12.5,114.0,29.5,33,0.0,10.6
Pune,18.5204,73.8567,2026-03-24 21:00:00,35.5,30.0,476.0,18.0,15.3,102.0,28.2,37,0.0,8.6
Pune,18.5204,73.8567,2026-03-24 22:00:00,37.7,33.1,513.0,21.0,18.3,91.0,27.5,38,0.0,4.0
Pune,18.5204,73.8567,2026-03-24 23:00:00,40.2,35.7,524.0,23.6,20.8,82.0,26.7,40,0.0,7.3
Pune,18.5204,73.8567,2026-03-25 00:00:00,41.8,37.4,491.0,25.6,22.2,74.0,26.0,40,0.0,6.9
Pune,18.5204,73.8567,2026-03-25 01:00:00,44.6,39.8,433.0,27.2,23.0,67.0,25.2,41,0.0,6.7
Pune,18.5204,73.8567,2026-03-25 02:00:00,48.5,43.4,388.0,28.2,23.8,61.0,24.7,42,0.0,7.2
Pune,18.5204,73.8567,2026-03-25 03:00:00,51.6,46.3,368.0,28.8,25.0,55.0,24.0,42,0.0,6.2
Pune,18.5204,73.8567,2026-03-25 04:00:00,54.6,49.2,362.0,29.0,26.2,51.0,23.5,43,0.0,5.0
Pune,18.5204,73.8567,2026-03-25 05:00:00,54.4,48.9,373.0,27.9,24.7,48.0,23.7,44,0.0,6.4
Pune,18.5204,73.8567,2026-03-25 06:00:00,54.7,49.2,421.0,26.2,25.2,59.0,23.3,57,0.0,0.6
Pune,18.5204,73.8567,2026-03-25 07:00:00,56.2,51.1,485.0,23.5,25.8,75.0,23.9,44,0.0,0.5
Pune,18.5204,73.8567,2026-03-25 08:00:00,38.8,32.8,508.0,19.8,24.9,93.0,26.8,35,0.0,5.3
Pune,18.5204,73.8567,2026-03-25 09:00:00,31.1,23.7,449.0,14.0,21.4,114.0,29.8,27,0.0,4.8
Pune,18.5204,73.8567,2026-03-25 10:00:00,28.5,20.9,349.0,7.1,16.4,138.0,32.4,23,0.0,4.0
Pune,18.5204,73.8567,2026-03-25 11:00:00,28.1,19.8,273.0,2.2,12.4,155.0,33.6,20,0.0,5.1
Pune,18.5204,73.8567,2026-03-25 12:00:00,29.5,20.7,251.0,0.7,10.2,163.0,35.4,18,0.0,4.1
Pune,18.5204,73.8567,2026-03-25 13:00:00,29.9,21.2,253.0,1.2,9.0,164.0,36.4,17,0.0,3.8
Pune,18.5204,73.8567,2026-03-25 14:00:00,30.0,21.5,258.0,1.8,8.0,164.0,36.8,17,0.0,3.6
Pune,18.5204,73.8567,2026-03-25 15:00:00,30.0,21.5,251.0,1.6,7.1,164.0,36.6,17,0.0,3.9
Pune,18.5204,73.8567,2026-03-25 16:00:00,30.3,21.8,247.0,1.5,6.4,163.0,36.1,18,0.0,7.2
Pune,18.5204,73.8567,2026-03-25 17:00:00,46.9,31.9,271.0,3.5,7.2,155.0,35.2,18,0.0,11.5
Pune,18.5204,73.8567,2026-03-25 18:00:00,44.5,31.0,352.0,6.3,7.6,142.0,34.1,20,0.0,11.0
Pune,18.5204,73.8567,2026-03-25 19:00:00,41.9,31.2,462.0,10.2,8.3,124.0,33.1,21,0.0,9.9
Pune,18.5204,73.8567,2026-03-25 20:00:00,43.0,32.5,540.0,14.0,9.3,107.0,30.9,27,0.0,11.6
Pune,18.5204,73.8567,2026-03-25 21:00:00,43.5,33.8,556.0,17.4,11.0,94.0,29.8,30,0.0,5.2
Pune,18.5204,73.8567,2026-03-25 22:00:00,44.6,35.0,541.0,20.7,13.1,83.0,29.1,35,0.0,1.2
Pune,18.5204,73.8567,2026-03-25 23:00:00,46.3,36.8,527.0,23.3,14.9,73.0,28.4,35,0.0,5.8
Pune,18.5204,73.8567,2026-03-26 00:00:00,47.6,38.0,523.0,24.7,16.2,65.0,27.6,38,0.0,5.5
Pune,18.5204,73.8567,2026-03-26 01:00:00,48.2,38.8,520.0,25.4,17.2,59.0,26.5,43,0.0,1.9
Pune,18.5204,73.8567,2026-03-26 02:00:00,48.8,39.6,522.0,26.2,18.2,53.0,25.8,44,0.0,1.9
Pune,18.5204,73.8567,2026-03-26 03:00:00,50.8,41.7,535.0,27.7,19.2,45.0,25.0,49,0.0,0.6
Pune,18.5204,73.8567,2026-03-26 04:00:00,53.7,43.9,553.0,29.3,20.2,38.0,24.5,48,0.0,3.4
Pune,18.5204,73.8567,2026-03-26 05:00:00,69.8,56.9,565.0,39.2,20.2,29.0,24.0,52,0.0,1.0
Pune,18.5204,73.8567,2026-03-26 06:00:00,74.3,60.8,578.0,35.5,20.8,42.0,23.8,51,0.0,1.4
Pune,18.5204,73.8567,2026-03-26 07:00:00,77.5,65.0,585.0,30.0,21.5,62.0,24.8,46,0.0,2.9
Pune,18.5204,73.8567,2026-03-26 08:00:00,53.4,40.9,556.0,23.9,20.6,83.0,27.4,36,0.0,3.3
Pune,18.5204,73.8567,2026-03-26 09:00:00,38.5,27.4,458.0,16.3,16.5,109.0,30.5,30,0.0,7.1
Pune,18.5204,73.8567,2026-03-26 10:00:00,39.6,29.5,324.0,8.0,10.8,137.0,33.1,25,0.0,10.8
Pune,18.5204,73.8567,2026-03-26 11:00:00,41.3,30.7,227.0,2.1,6.4,157.0,34.2,23,0.0,9.2
Pune,18.5204,73.8567,2026-03-26 12:00:00,41.4,30.5,200.0,0.4,4.6,163.0,35.7,20,0.0,7.2
Pune,18.5204,73.8567,2026-03-26 13:00:00,42.1,31.2,210.0,1.1,4.2,161.0,36.3,20,0.0,6.4
Pune,18.5204,73.8567,2026-03-26 14:00:00,42.8,32.0,224.0,2.0,4.1,158.0,36.9,19,0.0,5.6
Pune,18.5204,73.8567,2026-03-26 15:00:00,43.9,33.1,224.0,2.2,4.0,158.0,36.9,19,0.0,3.9
Pune,18.5204,73.8567,2026-03-26 16:00:00,48.1,36.6,228.0,2.6,4.2,158.0,36.6,19,0.0,3.4
Pune,18.5204,73.8567,2026-03-26 17:00:00,34.1,25.5,262.0,3.4,5.0,158.0,36.5,16,0.0,5.5
Pune,18.5204,73.8567,2026-03-26 18:00:00,34.6,26.6,358.0,7.3,7.0,149.0,35.2,18,0.0,6.7
Pune,18.5204,73.8567,2026-03-26 19:00:00,41.9,34.9,484.0,12.7,9.9,135.0,34.0,20,0.0,3.9
Pune,18.5204,73.8567,2026-03-26 20:00:00,44.0,38.8,564.0,16.9,13.5,125.0,31.9,30,0.0,12.6
Pune,18.5204,73.8567,2026-03-26 21:00:00,46.2,41.8,552.0,18.6,18.4,121.0,30.9,34,0.0,10.8
Pune,18.5204,73.8567,2026-03-26 22:00:00,47.8,43.5,494.0,19.1,24.0,120.0,29.8,39,0.0,8.5
Pune,18.5204,73.8567,2026-03-26 23:00:00,48.8,44.2,451.0,19.4,27.9,116.0,28.5,44,0.0,7.0
Pune,18.5204,73.8567,2026-03-27 00:00:00,49.5,44.5,448.0,19.7,29.0,108.0,27.6,47,0.0,6.3
Pune,18.5204,73.8567,2026-03-27 01:00:00,50.5,45.1,460.0,19.8,28.4,97.0,26.9,49,0.0,5.9
Pune,18.5204,73.8567,2026-03-27 02:00:00,51.7,45.9,473.0,20.0,27.6,87.0,26.2,50,0.0,2.6
Pune,18.5204,73.8567,2026-03-27 03:00:00,53.4,47.3,484.0,20.6,26.7,77.0,25.8,51,0.0,2.3
Pune,18.5204,73.8567,2026-03-27 04:00:00,56.0,49.7,495.0,21.4,25.4,68.0,25.5,53,0.0,2.1
Pune,18.5204,73.8567,2026-03-27 05:00:00,64.0,56.1,500.0,25.6,25.5,60.0,25.4,55,0.0,1.5
Pune,18.5204,73.8567,2026-03-27 06:00:00,65.2,57.2,501.0,24.2,26.0,73.0,25.1,54,0.0,2.4
Pune,18.5204,73.8567,2026-03-27 07:00:00,63.1,56.2,496.0,22.0,26.4,90.0,26.0,50,0.0,2.7
Pune,18.5204,73.8567,2026-03-27 08:00:00,47.3,40.9,470.0,18.7,25.3,108.0,28.3,40,0.0,4.7
Pune,18.5204,73.8567,2026-03-27 09:00:00,33.9,25.5,403.0,13.2,21.3,125.0,31.3,30,0.0,6.5
Pune,18.5204,73.8567,2026-03-27 10:00:00,32.6,23.1,315.0,6.6,15.8,141.0,33.8,24,0.0,7.0
Pune,18.5204,73.8567,2026-03-27 11:00:00,36.6,25.0,253.0,1.9,11.5,153.0,34.3,23,0.0,4.3
Pune,18.5204,73.8567,2026-03-27 12:00:00,39.8,27.0,240.0,0.6,9.6,159.0,36.4,20,0.0,1.0
Pune,18.5204,73.8567,2026-03-27 13:00:00,41.4,28.5,252.0,1.1,8.9,160.0,37.0,19,0.0,4.5
Pune,18.5204,73.8567,2026-03-27 14:00:00,41.7,29.1,266.0,1.8,8.4,161.0,36.3,20,0.0,12.2
Pune,18.5204,73.8567,2026-03-27 15:00:00,41.8,29.7,271.0,2.1,7.5,164.0,36.4,20,0.0,15.3
Pune,18.5204,73.8567,2026-03-27 16:00:00,41.9,30.5,278.0,2.5,6.7,167.0,33.0,28,0.0,8.8
Pune,18.5204,73.8567,2026-03-27 17:00:00,45.1,35.3,291.0,3.6,6.6,171.0,34.5,22,0.0,16.5
Pune,18.5204,73.8567,2026-03-27 18:00:00,44.6,36.2,313.0,5.4,7.3,160.0,32.9,25,0.0,14.5
Pune,18.5204,73.8567,2026-03-27 19:00:00,41.3,35.2,341.0,8.0,8.4,143.0,33.1,23,0.0,13.5
Pune,18.5204,73.8567,2026-03-27 20:00:00,36.9,31.9,369.0,10.6,9.4,127.0,31.5,27,0.0,9.7
Pune,18.5204,73.8567,2026-03-27 21:00:00,32.2,27.6,405.0,13.2,10.2,112.0,30.2,29,0.0,7.7
Pune,18.5204,73.8567,2026-03-27 22:00:00,30.3,25.4,441.0,15.9,11.0,97.0,29.3,30,0.0,7.1
Pune,18.5204,73.8567,2026-03-27 23:00:00,30.9,25.7,453.0,18.3,11.8,84.0,28.3,33,0.0,8.7
Pune,18.5204,73.8567,2026-03-28 00:00:00,31.2,25.8,418.0,20.1,12.5,74.0,27.5,33,0.0,8.6
Pune,18.5204,73.8567,2026-03-28 01:00:00,31.4,25.8,359.0,21.5,13.1,67.0,26.7,35,0.0,8.5
Pune,18.5204,73.8567,2026-03-28 02:00:00,31.7,26.3,318.0,22.8,14.0,60.0,25.4,41,0.0,9.4
Pune,18.5204,73.8567,2026-03-28 03:00:00,32.1,26.8,313.0,24.5,15.3,53.0,24.5,45,0.0,8.5
Pune,18.5204,73.8567,2026-03-28 04:00:00,33.2,27.9,327.0,26.1,17.0,47.0,23.8,48,0.0,6.8
Pune,18.5204,73.8567,2026-03-28 05:00:00,36.2,32.1,353.0,22.8,23.4,56.0,23.4,49,0.0,6.1
Pune,18.5204,73.8567,2026-03-28 06:00:00,39.2,35.0,409.0,22.1,25.3,64.0,23.6,46,0.0,5.1
Pune,18.5204,73.8567,2026-03-28 07:00:00,42.0,38.3,477.0,21.0,27.7,76.0,24.5,43,0.0,4.6
Pune,18.5204,73.8567,2026-03-28 08:00:00,23.1,20.3,500.0,18.5,27.3,90.0,27.7,31,0.0,3.1
Pune,18.5204,73.8567,2026-03-28 09:00:00,12.6,11.1,435.0,13.4,21.5,108.0,30.5,22,0.0,3.8
Pune,18.5204,73.8567,2026-03-28 10:00:00,13.4,11.0,324.0,7.0,13.0,128.0,32.9,18,0.0,4.9
Pune,18.5204,73.8567,2026-03-28 11:00:00,17.2,14.1,239.0,2.3,6.5,142.0,34.2,18,0.0,8.9
Pune,18.5204,73.8567,2026-03-28 12:00:00,19.7,15.8,211.0,0.9,4.3,146.0,35.6,17,0.0,13.8
Pune,18.5204,73.8567,2026-03-28 13:00:00,19.7,15.7,208.0,1.3,4.1,145.0,36.2,14,0.0,17.6
Pune,18.5204,73.8567,2026-03-28 14:00:00,18.7,15.0,208.0,1.9,4.5,145.0,35.6,15,0.0,20.7
Pune,18.5204,73.8567,2026-03-28 15:00:00,17.9,14.6,199.0,1.9,4.8,149.0,35.1,16,0.0,19.2
Pune,18.5204,73.8567,2026-03-28 16:00:00,17.1,14.2,192.0,2.1,5.5,154.0,34.1,18,0.0,19.2
Pune,18.5204,73.8567,2026-03-28 17:00:00,10.2,10.0,195.0,3.4,8.5,155.0,32.4,18,0.0,18.3
Pune,18.5204,73.8567,2026-03-28 18:00:00,11.9,11.7,210.0,5.7,11.6,144.0,30.3,23,0.0,15.4
Pune,18.5204,73.8567,2026-03-28 19:00:00,16.2,15.7,235.0,9.0,16.0,129.0,28.4,33,0.0,12.3
Pune,18.5204,73.8567,2026-03-28 20:00:00,19.8,18.3,267.0,12.3,19.6,113.0,26.9,40,0.0,10.2
Pune,18.5204,73.8567,2026-03-28 21:00:00,23.0,20.1,321.0,15.4,21.9,98.0,25.6,49,0.0,9.2
Pune,18.5204,73.8567,2026-03-28 22:00:00,26.3,21.7,383.0,18.4,23.4,83.0,24.5,55,0.0,8.1
Pune,18.5204,73.8567,2026-03-28 23:00:00,29.6,22.5,410.0,20.6,24.3,70.0,23.9,56,0.0,7.6
Pune,18.5204,73.8567,2026-03-29 00:00:00,33.2,22.6,369.0,21.4,24.3,61.0,23.6,53,0.0,7.8
Pune,18.5204,73.8567,2026-03-29 01:00:00,38.8,23.3,292.0,21.4,23.7,54.0,23.2,49,0.0,7.5
Pune,18.5204,73.8567,2026-03-29 02:00:00,46.3,25.0,234.0,21.4,23.3,48.0,22.5,49,0.0,8.8
Pune,18.5204,73.8567,2026-03-29 03:00:00,51.7,25.6,215.0,21.8,23.4,43.0,21.9,51,0.0,8.5
Pune,18.5204,73.8567,2026-03-29 04:00:00,56.2,26.0,215.0,22.3,23.6,38.0,21.4,54,0.0,6.7
Pune,18.5204,73.8567,2026-03-29 05:00:00,61.5,29.6,230.0,22.9,24.4,35.0,21.2,56,0.0,6.6
Pune,18.5204,73.8567,2026-03-29 06:00:00,63.6,29.3,273.0,20.7,24.9,39.0,21.0,58,0.0,6.8
Pune,18.5204,73.8567,2026-03-29 07:00:00,63.3,31.3,331.0,17.6,25.4,45.0,21.9,56,0.0,6.9
Pune,18.5204,73.8567,2026-03-29 08:00:00,64.0,24.6,358.0,14.2,24.2,54.0,24.8,47,0.0,6.1
Pune,18.5204,73.8567,2026-03-29 09:00:00,45.5,19.0,324.0,10.3,19.9,69.0,27.7,37,0.0,6.3
Pune,18.5204,73.8567,2026-03-29 10:00:00,34.3,14.7,258.0,6.1,13.9,87.0,30.3,29,0.0,6.4
Pune,18.5204,73.8567,2026-03-29 11:00:00,30.7,13.0,208.0,3.1,9.2,103.0,31.9,24,0.0,6.7
Pune,18.5204,73.8567,2026-03-29 12:00:00,29.9,12.6,191.0,1.9,7.0,113.0,33.8,21,0.0,7.2
Pune,18.5204,73.8567,2026-03-29 13:00:00,29.0,13.0,189.0,1.8,6.2,120.0,34.8,20,0.0,8.6
Pune,18.5204,73.8567,2026-03-29 14:00:00,28.4,13.9,195.0,2.0,5.8,126.0,35.3,19,0.0,10.7
Pune,18.5204,73.8567,2026-03-29 15:00:00,28.2,14.8,211.0,2.1,5.5,133.0,35.1,19,0.0,13.4
Pune,18.5204,73.8567,2026-03-29 16:00:00,28.5,16.2,235.0,2.6,5.6,140.0,34.2,21,0.0,14.6
Pune,18.5204,73.8567,2026-03-29 17:00:00,17.1,14.8,259.0,3.7,7.7,141.0,33.1,24,0.0,13.5
Pune,18.5204,73.8567,2026-03-29 18:00:00,19.1,16.4,280.0,5.7,10.4,139.0,31.3,32,0.0,14.2
Pune,18.5204,73.8567,2026-03-29 19:00:00,21.8,19.6,300.0,8.5,14.3,137.0,27.5,63,0.0,15.5
Pune,18.5204,73.8567,2026-03-29 20:00:00,24.9,22.8,319.0,11.1,17.8,131.0,26.5,67,0.0,11.2
Pune,18.5204,73.8567,2026-03-29 21:00:00,27.1,24.4,337.0,13.2,20.7,120.0,25.6,72,0.0,8.9
Pune,18.5204,73.8567,2026-03-29 22:00:00,28.3,24.9,355.0,15.0,23.4,106.0,24.6,78,0.0,9.0
Pune,18.5204,73.8567,2026-03-29 23:00:00,28.8,24.7,368.0,16.6,25.2,93.0,23.9,85,0.0,8.8
Pune,18.5204,73.8567,2026-03-30 00:00:00,29.6,24.8,372.0,17.7,25.9,81.0,23.3,88,0.0,7.7
Pune,18.5204,73.8567,2026-03-30 01:00:00,30.5,25.2,373.0,18.5,25.9,69.0,23.0,89,0.0,6.8
Pune,18.5204,73.8567,2026-03-30 02:00:00,32.9,27.0,381.0,19.3,25.5,58.0,22.6,90,0.0,5.6
Pune,18.5204,73.8567,2026-03-30 03:00:00,36.1,29.8,409.0,20.5,24.9,47.0,22.3,91,0.0,4.5
Pune,18.5204,73.8567,2026-03-30 04:00:00,39.7,33.2,444.0,21.8,23.9,38.0,22.0,92,0.0,4.2
Pune,18.5204,73.8567,2026-03-30 05:00:00,42.5,35.7,462.0,23.1,19.2,29.0,21.9,92,0.0,3.9
Pune,18.5204,73.8567,2026-03-30 06:00:00,44.2,37.5,453.0,20.5,18.5,36.0,21.9,92,0.0,2.7
Pune,18.5204,73.8567,2026-03-30 07:00:00,41.9,33.8,427.0,16.8,17.4,46.0,22.8,86,0.0,1.8
Pune,18.5204,73.8567,2026-03-30 08:00:00,26.7,19.0,391.0,13.0,16.0,60.0,25.8,67,0.0,2.1
Pune,18.5204,73.8567,2026-03-30 09:00:00,20.2,15.1,337.0,9.0,14.0,82.0,28.9,49,0.0,4.5
Pune,18.5204,73.8567,2026-03-30 10:00:00,17.4,13.7,273.0,4.8,11.6,108.0,31.5,37,0.0,7.0
Pune,18.5204,73.8567,2026-03-30 11:00:00,15.5,12.0,224.0,1.9,9.6,128.0,33.2,32,0.0,8.3
Pune,18.5204,73.8567,2026-03-30 12:00:00,16.5,12.7,199.0,1.0,8.2,136.0,35.3,26,0.0,7.7
Pune,18.5204,73.8567,2026-03-30 13:00:00,17.5,13.0,189.0,1.3,7.1,137.0,36.1,23,0.0,9.6
Pune,18.5204,73.8567,2026-03-30 14:00:00,19.9,14.6,193.0,2.0,6.5,137.0,34.6,23,0.0,14.8
Pune,18.5204,73.8567,2026-03-30 15:00:00,22.9,17.1,214.0,2.5,6.3,140.0,34.4,24,0.0,13.1
Pune,18.5204,73.8567,2026-03-30 16:00:00,29.7,22.9,248.0,3.3,6.6,142.0,32.0,32,0.1,6.2
Pune,18.5204,73.8567,2026-03-30 17:00:00,35.5,27.5,281.0,5.1,11.3,144.0,32.4,32,0.2,7.4
Pune,18.5204,73.8567,2026-03-30 18:00:00,36.1,27.8,305.0,7.2,13.0,138.0,30.6,42,0.0,10.0
Pune,18.5204,73.8567,2026-03-30 19:00:00,36.4,29.1,327.0,10.2,15.4,129.0,28.6,56,0.0,12.5
Pune,18.5204,73.8567,2026-03-30 20:00:00,37.6,31.1,353.0,12.7,17.5,120.0,27.6,64,0.0,8.9
Pune,18.5204,73.8567,2026-03-30 21:00:00,39.1,32.8,389.0,14.3,18.9,112.0,26.9,69,0.0,6.0
Pune,18.5204,73.8567,2026-03-30 22:00:00,40.5,33.9,428.0,15.5,20.1,104.0,26.3,73,0.0,6.7
Pune,18.5204,73.8567,2026-03-30 23:00:00,41.6,34.0,456.0,16.3,20.9,96.0,25.6,76,0.0,5.8
Pune,18.5204,73.8567,2026-03-31 00:00:00,42.4,34.0,459.0,16.6,21.3,88.0,24.6,81,0.0,6.0
Pune,18.5204,73.8567,2026-03-31 01:00:00,44.2,34.9,450.0,16.6,21.3,81.0,23.9,85,0.0,2.7
Pune,18.5204,73.8567,2026-03-31 02:00:00,46.8,35.9,457.0,16.5,21.5,75.0,23.6,87,0.0,0.4
Pune,18.5204,73.8567,2026-03-31 03:00:00,51.3,38.4,496.0,16.5,22.1,71.0,23.5,87,0.0,0.7
Pune,18.5204,73.8567,2026-03-31 04:00:00,54.7,41.2,550.0,16.4,22.8,69.0,23.0,89,0.0,2.2
Pune,18.5204,73.8567,2026-03-31 05:00:00,56.1,48.1,594.0,22.4,17.5,65.0,23.0,88,0.0,0.4
Pune,18.5204,73.8567,2026-03-31 06:00:00,58.6,50.5,632.0,18.6,17.0,79.0,22.7,89,0.0,2.4
Pune,18.5204,73.8567,2026-03-31 07:00:00,56.2,49.0,660.0,13.3,16.1,100.0,23.0,85,0.0,2.2
Pune,18.5204,73.8567,2026-03-31 08:00:00,42.8,34.8,641.0,8.7,14.4,118.0,25.0,71,0.0,3.1
Pune,18.5204,73.8567,2026-03-31 09:00:00,38.3,30.4,533.0,5.6,11.2,132.0,27.7,54,0.0,5.5
Pune,18.5204,73.8567,2026-03-31 10:00:00,38.2,29.4,378.0,3.3,7.2,143.0,30.0,44,0.0,7.3
Pune,18.5204,73.8567,2026-03-31 11:00:00,37.3,28.1,265.0,1.8,4.3,151.0,31.1,38,0.0,6.9
Pune,18.5204,73.8567,2026-03-31 12:00:00,35.9,26.3,236.0,1.2,3.4,154.0,32.1,34,0.0,3.8
Pune,18.5204,73.8567,2026-03-31 13:00:00,36.4,26.7,249.0,1.4,3.7,154.0,32.8,31,0.0,4.1
Pune,18.5204,73.8567,2026-03-31 14:00:00,38.4,27.9,270.0,1.8,4.3,155.0,33.4,30,0.0,3.2
Pune,18.5204,73.8567,2026-03-31 15:00:00,40.0,29.6,281.0,1.5,4.8,160.0,33.7,29,0.0,1.6
Pune,18.5204,73.8567,2026-03-31 16:00:00,42.6,31.8,300.0,1.5,5.7,166.0,33.2,28,0.0,6.9
Pune,18.5204,73.8567,2026-03-31 17:00:00,40.4,29.2,346.0,3.3,4.2,150.0,33.3,27,0.0,5.0
Pune,18.5204,73.8567,2026-03-31 18:00:00,41.4,30.5,443.0,13.5,6.5,131.0,32.1,29,0.0,6.7
Pune,18.5204,73.8567,2026-03-31 19:00:00,49.9,39.3,567.0,27.5,9.8,105.0,30.4,36,0.0,3.8
Pune,18.5204,73.8567,2026-03-31 20:00:00,56.1,46.2,660.0,37.6,12.8,83.0,29.7,48,0.0,0.6
Pune,18.5204,73.8567,2026-03-31 21:00:00,58.9,50.1,702.0,40.2,15.2,69.0,28.6,41,0.0,5.0
Pune,18.5204,73.8567,2026-03-31 22:00:00,56.0,49.1,712.0,38.8,17.4,60.0,26.2,63,0.0,7.7
Pune,18.5204,73.8567,2026-03-31 23:00:00,47.8,43.1,693.0,36.8,19.2,53.0,25.6,69,0.0,4.4
Pune,18.5204,73.8567,2026-04-01 00:00:00,41.9,38.0,624.0,34.8,20.6,49.0,24.8,75,0.0,6.7
Pune,18.5204,73.8567,2026-04-01 01:00:00,39.0,35.4,526.0,32.1,21.7,47.0,24.1,80,0.0,5.5
Pune,18.5204,73.8567,2026-04-01 02:00:00,37.4,33.8,462.0,30.1,22.5,44.0,23.5,85,0.0,5.8
Pune,18.5204,73.8567,2026-04-01 03:00:00,37.0,33.2,463.0,29.9,22.7,38.0,22.9,89,0.0,5.2
Pune,18.5204,73.8567,2026-04-01 04:00:00,37.5,33.2,497.0,30.3,22.6,31.0,22.5,91,0.0,6.0
Pune,18.5204,73.8567,2026-04-01 05:00:00,41.3,37.4,534.0,31.9,22.0,25.0,22.4,93,0.0,3.9
Pune,18.5204,73.8567,2026-04-01 06:00:00,44.4,40.4,580.0,29.1,23.2,35.0,22.2,93,0.0,3.8
Pune,18.5204,73.8567,2026-04-01 07:00:00,46.2,41.4,628.0,24.9,24.6,51.0,22.9,89,0.0,1.1
Pune,18.5204,73.8567,2026-04-01 08:00:00,38.9,31.7,629.0,20.1,24.1,72.0,26.1,70,0.0,1.5
Pune,18.5204,73.8567,2026-04-01 09:00:00,40.6,32.0,539.0,14.1,19.7,103.0,29.9,51,0.0,1.3
Pune,18.5204,73.8567,2026-04-01 10:00:00,46.6,37.0,401.0,7.4,13.4,139.0,33.0,33,0.0,0.6
Pune,18.5204,73.8567,2026-04-01 11:00:00,46.8,37.3,296.0,2.6,8.8,166.0,33.9,27,0.0,3.6
Pune,18.5204,73.8567,2026-04-01 12:00:00,44.4,35.5,261.0,1.1,7.8,176.0,35.8,23,0.0,7.8
Pune,18.5204,73.8567,2026-04-01 13:00:00,43.1,34.8,260.0,1.5,8.5,176.0,36.6,21,0.0,11.3
Pune,18.5204,73.8567,2026-04-01 14:00:00,43.1,35.0,264.0,2.3,9.3,175.0,36.2,21,0.0,14.7
Pune,18.5204,73.8567,2026-04-01 15:00:00,42.6,34.8,263.0,2.8,9.5,174.0,35.4,23,0.0,14.1
Pune,18.5204,73.8567,2026-04-01 16:00:00,42.5,34.8,267.0,3.8,9.7,171.0,34.5,25,0.0,14.7
Pune,18.5204,73.8567,2026-04-01 17:00:00,40.5,34.1,274.0,5.9,12.5,172.0,33.3,28,0.0,15.1
Pune,18.5204,73.8567,2026-04-01 18:00:00,40.6,34.1,283.0,7.9,13.9,163.0,31.1,37,0.0,3.3
Pune,18.5204,73.8567,2026-04-01 19:00:00,40.6,34.7,296.0,10.7,15.9,150.0,26.2,56,0.7,6.5
Pune,18.5204,73.8567,2026-04-01 20:00:00,41.3,35.3,307.0,13.7,17.2,135.0,26.8,55,0.0,2.2
Pune,18.5204,73.8567,2026-04-01 21:00:00,42.6,36.4,314.0,16.9,17.4,116.0,26.5,56,0.0,1.4
Pune,18.5204,73.8567,2026-04-01 22:00:00,43.9,38.5,320.0,20.3,17.0,95.0,26.0,59,0.0,3.6
Pune,18.5204,73.8567,2026-04-01 23:00:00,45.2,40.2,335.0,22.9,16.6,79.0,25.8,63,0.0,4.6
Pune,18.5204,73.8567,2026-04-02 00:00:00,46.0,41.1,366.0,24.4,16.5,70.0,25.1,67,0.0,3.4
Pune,18.5204,73.8567,2026-04-02 01:00:00,48.0,43.2,406.0,25.3,16.3,66.0,24.5,69,0.0,5.5
Pune,18.5204,73.8567,2026-04-02 02:00:00,50.9,45.9,448.0,25.6,15.8,62.0,24.4,68,0.0,5.8
Pune,18.5204,73.8567,2026-04-02 03:00:00,54.0,49.0,500.0,25.7,14.7,54.0,24.4,66,0.0,5.0
Pune,18.5204,73.8567,2026-04-02 04:00:00,55.4,50.8,555.0,25.4,13.3,46.0,24.3,65,0.0,4.9
Pune,18.5204,73.8567,2026-04-02 05:00:00,46.8,42.8,580.0,14.6,7.5,65.0,23.9,77,0.0,6.7
Pune,18.5204,73.8567,2026-04-02 06:00:00,48.8,43.8,556.0,12.5,6.8,80.0,23.8,70,0.0,5.1
Pune,18.5204,73.8567,2026-04-02 07:00:00,50.1,44.5,504.0,9.6,5.9,100.0,24.4,64,0.0,3.8
Pune,18.5204,73.8567,2026-04-02 08:00:00,53.7,46.2,449.0,7.0,5.0,119.0,26.2,53,0.0,5.2
Pune,18.5204,73.8567,2026-04-02 09:00:00,54.2,45.9,395.0,4.9,4.3,135.0,29.4,40,0.0,5.8
Pune,18.5204,73.8567,2026-04-02 10:00:00,53.1,44.8,339.0,3.2,3.6,148.0,31.6,34,0.0,5.5
Pune,18.5204,73.8567,2026-04-02 11:00:00,49.6,41.4,301.0,2.0,3.2,157.0,33.1,27,0.0,7.3
Pune,18.5204,73.8567,2026-04-02 12:00:00,46.1,37.7,291.0,1.6,2.8,157.0,34.6,24,0.0,6.0
Pune,18.5204,73.8567,2026-04-02 13:00:00,44.7,36.0,297.0,1.7,2.6,152.0,34.1,26,0.0,10.0
Pune,18.5204,73.8567,2026-04-02 14:00:00,48.7,39.2,308.0,2.3,3.1,150.0,26.0,57,1.7,10.9
Pune,18.5204,73.8567,2026-04-02 15:00:00,53.4,44.5,313.0,2.2,4.6,158.0,30.3,42,0.3,10.1
Pune,18.5204,73.8567,2026-04-02 16:00:00,53.1,45.8,322.0,2.5,6.9,168.0,29.3,44,0.4,8.3
Pune,18.5204,73.8567,2026-04-02 17:00:00,44.9,39.5,348.0,5.5,8.2,150.0,28.7,48,0.0,11.0
Pune,18.5204,73.8567,2026-04-02 18:00:00,43.7,38.4,399.0,9.3,10.2,140.0,27.0,57,0.0,9.0
Pune,18.5204,73.8567,2026-04-02 19:00:00,42.8,38.5,468.0,14.7,12.9,125.0,26.0,64,0.0,6.3
Pune,18.5204,73.8567,2026-04-02 20:00:00,45.1,41.2,539.0,19.2,15.4,112.0,25.3,69,0.0,7.9
Pune,18.5204,73.8567,2026-04-02 21:00:00,46.7,43.1,618.0,21.9,17.3,102.0,24.2,76,0.0,11.4
Pune,18.5204,73.8567,2026-04-02 22:00:00,48.0,44.6,701.0,23.8,18.9,92.0,23.2,84,0.0,8.8
Pune,18.5204,73.8567,2026-04-02 23:00:00,49.9,46.4,759.0,25.7,20.0,83.0,22.6,86,0.0,6.0
Pune,18.5204,73.8567,2026-04-03 00:00:00,53.9,50.1,780.0,28.3,20.2,73.0,22.1,89,0.0,2.9
Pune,18.5204,73.8567,2026-04-03 01:00:00,58.8,54.7,775.0,30.9,19.9,63.0,21.8,91,0.0,1.5
Pune,18.5204,73.8567,2026-04-03 02:00:00,62.6,58.7,755.0,32.4,19.6,56.0,21.5,91,0.0,2.2
Pune,18.5204,73.8567,2026-04-03 03:00:00,65.0,61.0,710.0,32.7,19.2,50.0,21.2,93,0.0,2.6
Pune,18.5204,73.8567,2026-04-03 04:00:00,67.1,62.9,649.0,31.9,18.8,46.0,20.8,95,0.0,2.1
Pune,18.5204,73.8567,2026-04-03 05:00:00,74.7,70.1,605.0,32.8,20.8,53.0,21.0,95,0.0,0.8
Pune,18.5204,73.8567,2026-04-03 06:00:00,77.5,72.6,602.0,26.9,20.7,76.0,20.7,96,0.0,3.5
Pune,18.5204,73.8567,2026-04-03 07:00:00,74.3,69.8,617.0,18.8,20.4,109.0,21.4,94,0.0,0.0
Pune,18.5204,73.8567,2026-04-03 08:00:00,60.5,55.1,608.0,11.9,19.1,136.0,23.4,83,0.0,3.2
Pune,18.5204,73.8567,2026-04-03 09:00:00,49.1,42.8,552.0,7.7,16.0,152.0,26.0,68,0.0,1.6
Pune,18.5204,73.8567,2026-04-03 10:00:00,47.7,39.8,473.0,4.7,11.9,163.0,28.5,57,0.0,2.0
Pune,18.5204,73.8567,2026-04-03 11:00:00,46.6,37.6,401.0,2.7,8.8,169.0,30.2,48,0.0,2.7
Pune,18.5204,73.8567,2026-04-03 12:00:00,44.9,35.7,346.0,1.7,7.5,171.0,31.5,40,0.1,7.8
Pune,18.5204,73.8567,2026-04-03 13:00:00,43.0,34.2,298.0,1.7,7.2,168.0,32.4,36,0.0,9.2
Pune,18.5204,73.8567,2026-04-03 14:00:00,42.3,33.9,265.0,2.0,7.6,166.0,32.4,32,0.0,11.9
Pune,18.5204,73.8567,2026-04-03 15:00:00,42.6,34.2,253.0,2.1,8.8,168.0,32.5,30,0.0,11.7
Pune,18.5204,73.8567,2026-04-03 16:00:00,43.2,35.4,256.0,2.5,10.6,170.0,32.2,30,0.0,13.7
Pune,18.5204,73.8567,2026-04-03 17:00:00,32.7,26.8,259.0,3.6,10.4,164.0,31.2,33,0.2,12.1
Pune,18.5204,73.8567,2026-04-03 18:00:00,32.4,28.3,257.0,6.3,13.6,156.0,29.4,37,0.0,11.5
Pune,18.5204,73.8567,2026-04-03 19:00:00,33.3,29.9,256.0,10.1,18.0,146.0,26.6,44,0.0,12.3
Pune,18.5204,73.8567,2026-04-03 20:00:00,33.5,30.4,262.0,13.6,21.7,133.0,25.0,53,0.0,9.6
Pune,18.5204,73.8567,2026-04-03 21:00:00,33.5,30.2,279.0,16.5,24.0,118.0,23.8,62,0.0,7.6
Pune,18.5204,73.8567,2026-04-03 22:00:00,34.0,30.3,303.0,19.0,25.5,102.0,22.9,69,0.0,6.6
Pune,18.5204,73.8567,2026-04-03 23:00:00,35.3,31.0,326.0,21.2,26.4,88.0,22.4,75,0.0,7.3
Pune,18.5204,73.8567,2026-04-04 00:00:00,36.9,32.0,344.0,22.8,26.4,77.0,21.9,78,0.0,7.6
Pune,18.5204,73.8567,2026-04-04 01:00:00,39.0,33.5,360.0,24.0,25.7,67.0,21.4,82,0.0,6.3
Pune,18.5204,73.8567,2026-04-04 02:00:00,42.1,36.0,378.0,25.0,25.3,59.0,21.0,86,0.0,5.3
Pune,18.5204,73.8567,2026-04-04 03:00:00,44.4,37.5,401.0,26.3,25.5,52.0,20.6,88,0.0,3.2
Pune,18.5204,73.8567,2026-04-04 04:00:00,46.8,39.1,425.0,27.5,26.1,46.0,20.3,90,0.0,0.9
Pune,18.5204,73.8567,2026-04-04 05:00:00,49.4,40.9,448.0,26.7,22.7,40.0,20.2,88,0.0,3.2
Pune,18.5204,73.8567,2026-04-04 06:00:00,50.5,41.9,477.0,24.1,25.3,50.0,20.4,86,0.0,1.9
Pune,18.5204,73.8567,2026-04-04 07:00:00,51.8,42.8,505.0,20.4,28.7,65.0,21.6,77,0.0,1.1
Pune,18.5204,73.8567,2026-04-04 08:00:00,43.3,28.8,504.0,16.3,29.2,81.0,23.9,65,0.0,1.5
Pune,18.5204,73.8567,2026-04-04 09:00:00,37.3,19.3,450.0,11.6,24.2,98.0,26.7,50,0.0,2.3
Pune,18.5204,73.8567,2026-04-04 10:00:00,33.8,16.2,367.0,6.6,16.3,116.0,29.2,38,0.0,5.0
Pune,18.5204,73.8567,2026-04-04 11:00:00,30.7,15.0,297.0,3.0,10.4,132.0,30.5,30,0.0,5.3
Pune,18.5204,73.8567,2026-04-04 12:00:00,30.2,15.9,252.0,1.7,8.5,144.0,32.0,25,0.0,7.5
Pune,18.5204,73.8567,2026-04-04 13:00:00,30.3,17.3,220.0,1.8,8.6,153.0,32.5,24,0.0,9.3
Pune,18.5204,73.8567,2026-04-04 14:00:00,30.5,18.5,204.0,2.1,9.1,160.0,33.2,25,0.0,12.0
Pune,18.5204,73.8567,2026-04-04 15:00:00,30.9,19.8,211.0,2.2,9.7,166.0,32.8,26,0.0,14.9
Pune,18.5204,73.8567,2026-04-04 16:00:00,31.1,21.2,234.0,2.5,10.7,170.0,31.6,28,0.0,15.9
Pune,18.5204,73.8567,2026-04-04 17:00:00,32.7,22.9,254.0,3.8,12.5,174.0,31.1,30,0.0,14.3
Pune,18.5204,73.8567,2026-04-04 18:00:00,32.0,24.4,264.0,6.0,14.4,162.0,29.9,34,0.0,15.8
Pune,18.5204,73.8567,2026-04-04 19:00:00,30.0,25.1,271.0,9.0,17.0,145.0,26.5,55,0.0,15.4
Pune,18.5204,73.8567,2026-04-04 20:00:00,28.6,24.0,277.0,12.0,19.3,127.0,24.9,63,0.0,12.4
Pune,18.5204,73.8567,2026-04-04 21:00:00,28.1,23.2,285.0,14.7,20.9,108.0,23.8,69,0.0,11.0
Pune,18.5204,73.8567,2026-04-04 22:00:00,28.5,23.2,291.0,17.4,22.2,88.0,23.0,73,0.0,9.5
Pune,18.5204,73.8567,2026-04-04 23:00:00,28.8,23.0,287.0,19.3,23.1,72.0,22.4,77,0.0,9.2
Pune,18.5204,73.8567,2026-04-05 00:00:00,29.3,22.9,263.0,20.0,23.6,62.0,21.9,79,0.0,9.0
Pune,18.5204,73.8567,2026-04-05 01:00:00,30.2,23.0,229.0,20.0,23.8,55.0,21.6,77,0.0,10.1
Pune,18.5204,73.8567,2026-04-05 02:00:00,32.1,23.6,207.0,20.4,23.6,49.0,21.4,76,0.0,10.6
Pune,18.5204,73.8567,2026-04-05 03:00:00,34.3,24.0,209.0,22.2,22.8,40.0,21.1,77,0.0,10.8
Pune,18.5204,73.8567,2026-04-05 04:00:00,38.1,25.6,224.0,24.5,21.7,32.0,20.7,80,0.0,10.7
Pune,18.5204,73.8567,2026-04-05 05:00:00,39.5,23.9,240.0,21.9,23.3,36.0,20.5,80,0.0,8.1
Pune,18.5204,73.8567,2026-04-05 06:00:00,43.7,25.1,259.0,19.8,22.8,40.0,20.5,81,0.0,6.0
Pune,18.5204,73.8567,2026-04-05 07:00:00,51.2,25.1,280.0,16.7,21.9,47.0,21.6,72,0.0,6.2
Pune,18.5204,73.8567,2026-04-05 08:00:00,66.4,24.9,283.0,13.4,20.0,58.0,24.0,61,0.0,5.6
Pune,18.5204,73.8567,2026-04-05 09:00:00,75.4,24.9,253.0,9.6,16.2,79.0,27.2,44,0.0,7.2
Pune,18.5204,73.8567,2026-04-05 10:00:00,69.4,24.6,205.0,5.5,11.3,105.0,30.3,30,0.0,11.4
Pune,18.5204,73.8567,2026-04-05 11:00:00,51.2,19.7,172.0,2.5,7.6,125.0,31.7,24,0.0,15.5
Pune,18.5204,73.8567,2026-04-05 12:00:00,39.6,17.1,168.0,1.4,6.0,134.0,32.5,24,0.0,16.1
Pune,18.5204,73.8567,2026-04-05 13:00:00,34.9,16.1,178.0,1.4,5.6,137.0,32.8,25,0.0,16.8
Pune,18.5204,73.8567,2026-04-05 14:00:00,32.7,15.5,187.0,1.6,5.5,137.0,32.8,25,0.0,18.1
Pune,18.5204,73.8567,2026-04-05 15:00:00,32.1,15.4,186.0,1.5,5.4,136.0,32.3,24,0.0,18.7
Pune,18.5204,73.8567,2026-04-05 16:00:00,32.1,15.2,184.0,1.6,5.5,132.0,31.7,23,0.0,18.2
Pune,18.5204,73.8567,2026-04-05 17:00:00,17.9,10.9,193.0,2.9,6.3,130.0,30.8,23,0.0,16.9
Pune,18.5204,73.8567,2026-04-05 18:00:00,20.6,11.8,223.0,6.0,7.8,117.0,29.1,28,0.0,14.7
Pune,18.5204,73.8567,2026-04-05 19:00:00,22.8,14.5,263.0,10.4,9.9,98.0,27.2,40,0.0,12.0
Pune,18.5204,73.8567,2026-04-05 20:00:00,25.8,17.1,294.0,14.3,11.9,82.0,25.4,54,0.0,10.3
Pune,18.5204,73.8567,2026-04-05 21:00:00,28.2,19.3,309.0,17.5,13.9,71.0,23.8,64,0.0,9.8
Pune,18.5204,73.8567,2026-04-05 22:00:00,30.2,21.3,316.0,20.3,15.8,62.0,22.6,71,0.0,9.2
Pune,18.5204,73.8567,2026-04-05 23:00:00,31.7,22.6,314.0,22.0,17.1,55.0,21.7,76,0.0,8.5
Pune,18.5204,73.8567,2026-04-06 00:00:00,31.3,22.3,300.0,22.0,17.4,51.0,21.3,78,0.0,7.8
Pune,18.5204,73.8567,2026-04-06 01:00:00,30.9,21.8,278.0,21.0,17.1,49.0,20.6,80,0.0,8.4
Pune,18.5204,73.8567,2026-04-06 02:00:00,31.1,21.8,259.0,20.0,17.2,48.0,20.0,81,0.0,9.0
Pune,18.5204,73.8567,2026-04-06 03:00:00,31.0,21.5,248.0,19.7,18.1,47.0,19.4,84,0.0,9.8
Pune,18.5204,73.8567,2026-04-06 04:00:00,31.0,21.4,240.0,19.4,19.2,46.0,19.1,87,0.0,8.6
Pune,18.5204,73.8567,2026-04-06 05:00:00,31.9,22.5,238.0,19.4,20.2,48.0,18.6,91,0.0,7.6
Pune,18.5204,73.8567,2026-04-06 06:00:00,35.6,25.7,247.0,17.1,20.5,60.0,18.7,89,0.0,7.2
Pune,18.5204,73.8567,2026-04-06 07:00:00,36.2,25.4,262.0,13.7,20.8,76.0,19.6,82,0.0,6.8
Pune,18.5204,73.8567,2026-04-06 08:00:00,28.6,17.6,267.0,10.5,20.2,94.0,21.6,69,0.0,8.4
Pune,18.5204,73.8567,2026-04-06 09:00:00,21.4,13.9,254.0,7.6,17.8,113.0,24.2,51,0.0,8.1
Pune,18.5204,73.8567,2026-04-06 10:00:00,20.9,14.3,232.0,4.7,14.5,133.0,26.6,39,0.0,8.3
Pune,18.5204,73.8567,2026-04-06 11:00:00,21.5,15.0,213.0,2.7,11.8,149.0,28.2,31,0.0,7.3
Pune,18.5204,73.8567,2026-04-06 12:00:00,22.4,15.5,200.0,1.8,10.2,159.0,30.1,26,0.0,6.9
Pune,18.5204,73.8567,2026-04-06 13:00:00,22.8,15.7,190.0,1.7,9.2,165.0,31.2,24,0.0,7.9
Pune,18.5204,73.8567,2026-04-06 14:00:00,23.6,16.4,188.0,1.9,8.7,170.0,31.7,24,0.0,11.0
Pune,18.5204,73.8567,2026-04-06 15:00:00,24.6,17.3,199.0,2.1,8.5,176.0,31.6,26,0.0,12.0
Pune,18.5204,73.8567,2026-04-06 16:00:00,25.8,18.5,218.0,2.5,8.7,181.0,31.0,27,0.0,12.0
Pune,18.5204,73.8567,2026-04-06 17:00:00,21.7,17.5,233.0,3.4,8.9,179.0,30.1,28,0.0,11.6
Pune,18.5204,73.8567,2026-04-06 18:00:00,23.9,19.5,238.0,5.1,10.8,174.0,28.8,32,0.0,11.5
Pune,18.5204,73.8567,2026-04-06 19:00:00,25.7,22.3,239.0,7.5,13.5,167.0,27.4,40,0.0,12.8
Pune,18.5204,73.8567,2026-04-06 20:00:00,27.3,24.2,241.0,9.6,15.9,158.0,24.2,63,0.0,12.3
Pune,18.5204,73.8567,2026-04-06 21:00:00,27.5,24.3,247.0,11.2,17.7,145.0,23.1,68,0.0,10.2
Pune,18.5204,73.8567,2026-04-06 22:00:00,27.1,23.9,253.0,12.5,19.3,129.0,22.3,72,0.0,9.7
Pune,18.5204,73.8567,2026-04-06 23:00:00,26.4,23.3,254.0,13.6,20.3,114.0,21.9,75,0.0,9.5
Pune,18.5204,73.8567,2026-04-07 00:00:00,25.5,22.5,244.0,14.3,20.3,101.0,21.3,78,0.0,8.5
Pune,18.5204,73.8567,2026-04-07 01:00:00,25.4,22.4,228.0,14.7,19.8,90.0,20.8,81,0.0,8.7
Pune,18.5204,73.8567,2026-04-07 02:00:00,26.7,23.5,218.0,14.9,19.6,81.0,20.5,83,0.0,8.5
Pune,18.5204,73.8567,2026-04-07 03:00:00,27.9,24.4,216.0,15.1,20.0,74.0,20.1,85,0.0,8.0
Pune,18.5204,73.8567,2026-04-07 04:00:00,29.9,26.1,220.0,15.2,20.7,70.0,19.8,86,0.0,8.0
Pune,18.5204,73.8567,2026-04-07 05:00:00,33.5,29.5,230.0,17.3,21.1,64.0,19.4,91,0.0,8.1
Pune,18.5204,73.8567,2026-04-07 06:00:00,35.6,31.2,255.0,16.2,22.7,74.0,19.5,91,0.0,9.2
Pune,18.5204,73.8567,2026-04-07 07:00:00,36.2,30.7,285.0,14.6,24.7,90.0,20.5,86,0.0,7.4
Pune,18.5204,73.8567,2026-04-07 08:00:00,28.2,20.5,297.0,12.4,24.8,105.0,22.9,71,0.0,7.7
Pune,18.5204,73.8567,2026-04-07 09:00:00,27.8,18.6,270.0,9.2,21.2,122.0,26.1,52,0.0,7.0
Pune,18.5204,73.8567,2026-04-07 10:00:00,28.6,18.0,225.0,5.4,15.6,139.0,29.6,36,0.0,7.2
Pune,18.5204,73.8567,2026-04-07 11:00:00,35.0,17.2,191.0,2.6,11.0,150.0,31.9,26,0.0,9.2
Pune,18.5204,73.8567,2026-04-07 12:00:00,59.6,21.2,183.0,1.5,8.3,149.0,33.6,22,0.0,12.8
Pune,18.5204,73.8567,2026-04-07 13:00:00,69.2,23.3,187.0,1.4,6.4,141.0,33.7,23,0.0,15.4
Pune,18.5204,73.8567,2026-04-07 14:00:00,75.2,24.6,194.0,1.5,5.3,135.0,33.8,23,0.0,13.9
Pune,18.5204,73.8567,2026-04-07 15:00:00,80.8,25.8,204.0,1.5,4.7,135.0,33.5,24,0.0,13.5
Pune,18.5204,73.8567,2026-04-07 16:00:00,82.9,26.5,217.0,1.8,4.7,138.0,32.6,25,0.0,15.5
Pune,18.5204,73.8567,2026-04-07 17:00:00,60.8,22.7,228.0,3.1,7.0,148.0,31.4,28,0.0,15.7
Pune,18.5204,73.8567,2026-04-07 18:00:00,53.2,21.9,232.0,5.1,9.9,144.0,29.7,33,0.0,13.2
Pune,18.5204,73.8567,2026-04-07 19:00:00,46.3,23.7,234.0,7.9,13.9,137.0,27.4,44,0.0,14.0
Pune,18.5204,73.8567,2026-04-07 20:00:00,48.9,25.2,240.0,10.6,17.1,128.0,25.8,52,0.0,11.6
Pune,18.5204,73.8567,2026-04-07 21:00:00,50.3,26.1,259.0,13.1,18.8,114.0,25.0,55,0.0,9.0
Pune,18.5204,73.8567,2026-04-07 22:00:00,51.3,26.4,281.0,15.4,19.8,96.0,24.2,60,0.0,9.4
Pune,18.5204,73.8567,2026-04-07 23:00:00,52.3,26.1,290.0,16.9,20.3,82.0,23.2,67,0.0,9.5
Pune,18.5204,73.8567,2026-04-08 00:00:00,54.4,25.8,271.0,16.9,20.3,73.0,22.5,76,0.0,8.9
Pune,18.5204,73.8567,2026-04-08 01:00:00,55.4,25.3,237.0,16.0,19.9,67.0,21.7,82,0.0,8.7
Pune,18.5204,73.8567,2026-04-08 02:00:00,55.8,24.7,212.0,15.2,19.4,62.0,21.4,84,0.0,8.9
Pune,18.5204,73.8567,2026-04-08 03:00:00,55.4,24.0,203.0,15.2,19.3,57.0,21.1,85,0.0,8.0
Pune,18.5204,73.8567,2026-04-08 04:00:00,54.8,23.4,203.0,15.3,19.1,54.0,20.8,87,0.0,7.4
Pune,18.5204,73.8567,2026-04-08 05:00:00,56.2,24.2,208.0,16.4,18.3,49.0,20.7,92,0.0,8.5
Pune,18.5204,73.8567,2026-04-08 06:00:00,55.1,23.5,223.0,14.1,16.4,55.0,20.9,87,0.0,7.6
Pune,18.5204,73.8567,2026-04-08 07:00:00,61.2,24.4,244.0,11.0,13.7,63.0,21.9,78,0.0,6.4
Pune,18.5204,73.8567,2026-04-08 08:00:00,70.5,22.7,250.0,8.0,11.1,72.0,24.3,64,0.0,7.6
Pune,18.5204,73.8567,2026-04-08 09:00:00,83.8,23.6,228.0,5.5,8.8,82.0,26.9,53,0.0,8.1
Pune,18.5204,73.8567,2026-04-08 10:00:00,94.8,24.7,191.0,3.3,6.6,93.0,29.5,44,0.0,9.7
Pune,18.5204,73.8567,2026-04-08 11:00:00,98.5,24.4,164.0,1.7,4.9,100.0,30.4,40,0.0,11.2
Pune,18.5204,73.8567,2026-04-08 12:00:00,97.3,24.1,156.0,1.1,4.0,101.0,31.9,35,0.0,12.2
Pune,18.5204,73.8567,2026-04-08 13:00:00,92.2,23.3,157.0,1.2,3.6,98.0,32.8,32,0.0,15.0
Pune,18.5204,73.8567,2026-04-08 14:00:00,85.7,21.9,161.0,1.4,3.4,97.0,33.3,30,0.0,16.6
Pune,18.5204,73.8567,2026-04-08 15:00:00,80.8,21.0,164.0,1.5,3.1,100.0,33.0,30,0.0,18.1
Pune,18.5204,73.8567,2026-04-08 16:00:00,75.0,20.4,170.0,1.7,3.0,103.0,32.6,24,0.0,16.8
Pune,18.5204,73.8567,2026-04-08 17:00:00,68.0,21.1,182.0,2.9,4.8,110.0,31.9,22,0.0,15.3
Pune,18.5204,73.8567,2026-04-08 18:00:00,63.3,21.9,205.0,5.4,6.4,106.0,30.1,28,0.0,13.5
Pune,18.5204,73.8567,2026-04-08 19:00:00,51.7,22.1,234.0,8.9,8.7,100.0,28.2,42,0.0,10.7
Pune,18.5204,73.8567,2026-04-08 20:00:00,49.4,23.2,259.0,12.4,10.9,92.0,26.6,55,0.0,8.8
Pune,18.5204,73.8567,2026-04-08 21:00:00,49.1,24.7,280.0,15.9,12.8,81.0,25.3,64,0.0,8.2
Pune,18.5204,73.8567,2026-04-08 22:00:00,50.1,26.5,297.0,19.4,14.5,67.0,24.1,70,0.0,7.4
Pune,18.5204,73.8567,2026-04-08 23:00:00,49.6,27.1,304.0,21.7,15.8,56.0,23.4,76,0.0,6.7
Pune,18.5204,73.8567,2026-04-09 00:00:00,48.3,26.3,294.0,21.9,16.3,49.0,22.7,80,0.0,6.7
Pune,18.5204,73.8567,2026-04-09 01:00:00,47.3,25.4,273.0,20.8,16.4,45.0,22.0,84,0.0,6.5
Pune,18.5204,73.8567,2026-04-09 02:00:00,46.2,24.4,255.0,19.9,16.6,42.0,21.4,87,0.0,5.8
Pune,18.5204,73.8567,2026-04-09 03:00:00,45.8,23.7,243.0,20.1,17.3,38.0,20.9,89,0.0,5.8
Pune,18.5204,73.8567,2026-04-09 04:00:00,45.6,23.5,233.0,20.5,18.1,35.0,20.5,91,0.0,5.4
Pune,18.5204,73.8567,2026-04-09 05:00:00,45.2,24.3,233.0,21.6,18.3,33.0,20.5,93,0.0,5.3
Pune,18.5204,73.8567,2026-04-09 06:00:00,49.5,26.4,254.0,18.5,17.1,39.0,20.6,95,0.0,6.2
Pune,18.5204,73.8567,2026-04-09 07:00:00,60.1,27.9,284.0,14.1,15.4,49.0,21.2,91,0.0,6.1
Pune,18.5204,73.8567,2026-04-09 08:00:00,97.3,28.9,293.0,10.1,13.4,60.0,23.6,71,0.0,5.9
Pune,18.5204,73.8567,2026-04-09 09:00:00,126.7,29.9,261.0,6.9,10.8,75.0,27.1,48,0.0,7.6
Pune,18.5204,73.8567,2026-04-09 10:00:00,142.5,31.4,208.0,4.1,7.9,91.0,29.8,38,0.0,9.6
Pune,18.5204,73.8567,2026-04-09 11:00:00,144.4,33.1,169.0,2.1,5.7,105.0,31.6,31,0.0,10.9
Pune,18.5204,73.8567,2026-04-09 12:00:00,140.6,33.9,160.0,1.3,4.7,114.0,33.2,27,0.0,12.7
Pune,18.5204,73.8567,2026-04-09 13:00:00,131.3,33.6,164.0,1.3,4.5,120.0,33.8,27,0.0,14.0
Pune,18.5204,73.8567,2026-04-09 14:00:00,120.6,33.2,172.0,1.6,4.8,126.0,33.8,28,0.0,14.2
Pune,18.5204,73.8567,2026-04-09 15:00:00,113.6,33.4,178.0,1.7,5.5,133.0,33.5,30,0.0,14.6
Pune,18.5204,73.8567,2026-04-09 16:00:00,109.9,34.6,186.0,2.1,6.6,138.0,32.9,31,0.0,15.2
Pune,18.5204,73.8567,2026-04-09 17:00:00,85.2,29.3,200.0,3.2,7.7,138.0,31.4,35,0.0,15.0
Pune,18.5204,73.8567,2026-04-09 18:00:00,85.2,30.7,219.0,4.9,9.4,134.0,30.0,36,0.0,14.6
Pune,18.5204,73.8567,2026-04-09 19:00:00,76.6,31.1,243.0,7.5,11.8,128.0,28.7,38,0.0,13.1
Pune,18.5204,73.8567,2026-04-09 20:00:00,77.3,32.8,273.0,10.7,14.0,119.0,27.5,43,0.0,9.7
Pune,18.5204,73.8567,2026-04-09 21:00:00,80.3,35.2,315.0,15.1,15.9,104.0,26.3,49,0.0,7.6
Pune,18.5204,73.8567,2026-04-09 22:00:00,84.1,38.4,362.0,20.1,17.6,87.0,25.3,54,0.0,6.1
Pune,18.5204,73.8567,2026-04-09 23:00:00,88.9,41.0,396.0,24.3,18.8,71.0,24.6,59,0.0,6.0
Pune,18.5204,73.8567,2026-04-10 00:00:00,93.6,42.3,404.0,26.7,19.0,60.0,23.9,63,0.0,6.0
Pune,18.5204,73.8567,2026-04-10 01:00:00,100.1,44.0,400.0,28.2,18.5,52.0,23.1,67,0.0,4.1
Pune,18.5204,73.8567,2026-04-10 02:00:00,108.0,46.4,404.0,30.3,18.3,44.0,22.5,71,0.0,2.1
Pune,18.5204,73.8567,2026-04-10 03:00:00,117.6,49.8,428.0,35.2,18.8,33.0,22.0,73,0.0,1.9
Pune,18.5204,73.8567,2026-04-10 04:00:00,126.7,53.2,460.0,40.6,19.5,22.0,21.5,76,0.0,1.9
Pune,18.5204,73.8567,2026-04-10 05:00:00,131.3,55.1,488.0,42.3,20.3,20.0,21.5,73,0.0,0.4
Pune,18.5204,73.8567,2026-04-10 06:00:00,132.2,56.6,518.0,34.0,18.9,39.0,21.6,73,0.0,1.9
Pune,18.5204,73.8567,2026-04-10 07:00:00,121.1,55.4,543.0,22.4,16.9,66.0,22.9,67,0.0,1.9
Pune,18.5204,73.8567,2026-04-10 08:00:00,102.4,36.7,529.0,12.8,14.4,91.0,25.9,54,0.0,2.9
Pune,18.5204,73.8567,2026-04-10 09:00:00,61.2,25.0,439.0,7.3,11.1,112.0,29.2,35,0.0,6.6
Pune,18.5204,73.8567,2026-04-10 10:00:00,46.3,20.0,309.0,3.9,7.3,130.0,31.4,28,0.0,9.8
Pune,18.5204,73.8567,2026-04-10 11:00:00,44.5,19.0,212.0,1.7,4.5,144.0,32.5,26,0.0,7.9
Pune,18.5204,73.8567,2026-04-10 12:00:00,41.4,18.0,182.0,0.8,3.5,150.0,34.3,23,0.0,6.0
Pune,18.5204,73.8567,2026-04-10 13:00:00,38.5,16.9,186.0,1.1,3.4,151.0,35.6,21,0.0,6.1
Pune,18.5204,73.8567,2026-04-10 14:00:00,37.5,16.5,194.0,1.6,3.7,152.0,36.5,19,0.0,7.4
Pune,18.5204,73.8567,2026-04-10 15:00:00,37.3,16.6,194.0,1.5,3.9,157.0,36.7,19,0.0,10.4
Pune,18.5204,73.8567,2026-04-10 16:00:00,37.5,17.0,199.0,1.5,4.3,162.0,36.4,17,0.0,12.3
Pune,18.5204,73.8567,2026-04-10 17:00:00,38.6,17.2,218.0,3.0,4.9,152.0,35.6,16,0.0,13.4
Pune,18.5204,73.8567,2026-04-10 18:00:00,39.7,18.6,261.0,8.5,6.6,138.0,34.4,15,0.0,15.9
Pune,18.5204,73.8567,2026-04-10 19:00:00,43.4,24.7,317.0,16.0,9.1,118.0,32.7,17,0.0,2.3
Pune,18.5204,73.8567,2026-04-10 20:00:00,51.3,31.5,363.0,21.9,12.0,102.0,30.1,40,0.0,13.4
Pune,18.5204,73.8567,2026-04-10 21:00:00,56.7,36.7,391.0,24.4,15.7,95.0,28.9,48,0.0,3.8
Pune,18.5204,73.8567,2026-04-10 22:00:00,60.8,39.6,408.0,25.3,19.8,93.0,27.9,52,0.0,5.5
Pune,18.5204,73.8567,2026-04-10 23:00:00,66.6,42.8,416.0,25.4,23.1,92.0,27.3,55,0.0,5.7
Pune,18.5204,73.8567,2026-04-11 00:00:00,71.9,44.8,407.0,24.7,25.2,91.0,26.5,58,0.0,8.6
Pune,18.5204,73.8567,2026-04-11 01:00:00,77.8,47.1,388.0,23.4,26.6,91.0,26.2,57,0.0,4.9
Pune,18.5204,73.8567,2026-04-11 02:00:00,81.5,49.0,380.0,22.5,27.3,90.0,25.2,62,0.0,2.6
Pune,18.5204,73.8567,2026-04-11 03:00:00,83.4,50.2,393.0,23.0,27.3,84.0,24.5,66,0.0,2.0
Pune,18.5204,73.8567,2026-04-11 04:00:00,85.4,51.9,418.0,23.9,26.6,76.0,24.1,66,0.0,3.2
Pune,18.5204,73.8567,2026-04-11 05:00:00,99.9,61.2,441.0,33.6,27.3,57.0,23.4,72,0.0,2.5
Pune,18.5204,73.8567,2026-04-11 06:00:00,98.3,61.9,471.0,28.7,26.2,79.0,23.5,71,0.0,2.7
Pune,18.5204,73.8567,2026-04-11 07:00:00,88.0,60.8,500.0,21.9,24.6,110.0,25.0,65,0.0,1.9
Pune,18.5204,73.8567,2026-04-11 08:00:00,62.2,37.6,496.0,15.5,21.8,135.0,28.2,48,0.0,3.6
Pune,18.5204,73.8567,2026-04-11 09:00:00,44.7,27.0,427.0,10.1,16.8,150.0,31.4,30,0.0,7.2
Pune,18.5204,73.8567,2026-04-11 10:00:00,35.9,20.8,323.0,5.3,10.8,159.0,33.9,23,0.0,8.9
Pune,18.5204,73.8567,2026-04-11 11:00:00,36.0,19.4,246.0,1.9,6.4,166.0,35.1,20,0.0,6.2
Pune,18.5204,73.8567,2026-04-11 12:00:00,36.2,19.2,222.0,0.8,5.1,170.0,37.2,17,0.0,1.7
Pune,18.5204,73.8567,2026-04-11 13:00:00,36.7,19.4,223.0,1.2,5.4,171.0,38.3,15,0.0,3.6
Pune,18.5204,73.8567,2026-04-11 14:00:00,37.3,19.8,232.0,1.8,6.2,174.0,38.9,14,0.0,6.8
Pune,18.5204,73.8567,2026-04-11 15:00:00,37.8,20.9,245.0,2.0,6.6,179.0,39.1,14,0.0,8.9
Pune,18.5204,73.8567,2026-04-11 16:00:00,38.9,23.1,264.0,2.5,7.4,186.0,38.8,15,0.0,11.6
Pune,18.5204,73.8567,2026-04-11 17:00:00,39.7,26.4,280.0,3.5,10.4,191.0,36.2,25,0.0,18.9
Pune,18.5204,73.8567,2026-04-11 18:00:00,42.1,31.7,285.0,5.4,14.7,196.0,32.7,38,0.0,17.7
Pune,18.5204,73.8567,2026-04-11 19:00:00,44.9,38.2,287.0,8.1,20.7,202.0,30.6,44,0.0,14.8
Pune,18.5204,73.8567,2026-04-11 20:00:00,49.6,43.2,298.0,10.7,25.5,201.0,29.5,46,0.0,11.9
Pune,18.5204,73.8567,2026-04-11 21:00:00,50.8,44.8,330.0,12.7,28.0,188.0,28.4,49,0.0,12.7
Pune,18.5204,73.8567,2026-04-11 22:00:00,51.6,45.5,372.0,14.5,29.3,168.0,27.6,49,0.0,9.1
Pune,18.5204,73.8567,2026-04-11 23:00:00,52.7,46.3,404.0,16.4,30.0,149.0,26.8,53,0.0,5.9
Pune,18.5204,73.8567,2026-04-12 00:00:00,53.8,46.9,418.0,18.5,30.1,132.0,26.3,52,0.0,6.5
Pune,18.5204,73.8567,2026-04-12 01:00:00,57.2,49.7,423.0,20.6,29.6,117.0,25.6,51,0.0,3.3
Pune,18.5204,73.8567,2026-04-12 02:00:00,61.0,52.7,426.0,22.2,29.5,104.0,24.9,54,0.0,2.1
Pune,18.5204,73.8567,2026-04-12 03:00:00,63.8,55.1,427.0,23.4,30.3,94.0,24.4,54,0.0,3.6
Pune,18.5204,73.8567,2026-04-12 04:00:00,67.1,57.4,427.0,24.3,31.5,88.0,23.9,55,0.0,3.6
Pune,18.5204,73.8567,2026-04-12 05:00:00,73.8,63.1,437.0,28.4,29.4,74.0,23.4,58,0.0,2.6
Pune,18.5204,73.8567,2026-04-12 06:00:00,75.0,64.3,476.0,25.1,28.1,91.0,23.8,56,0.0,1.0
Pune,18.5204,73.8567,2026-04-12 07:00:00,72.4,63.3,524.0,20.5,26.2,116.0,25.6,48,0.0,1.2
Pune,18.5204,73.8567,2026-04-12 08:00:00,50.8,38.6,534.0,15.7,23.6,138.0,28.7,39,0.0,2.4
Pune,18.5204,73.8567,2026-04-12 09:00:00,43.5,29.5,467.0,10.7,19.8,156.0,31.9,28,0.0,5.2
Pune,18.5204,73.8567,2026-04-12 10:00:00,38.6,26.7,361.0,5.5,15.4,173.0,34.6,21,0.0,9.5
Pune,18.5204,73.8567,2026-04-12 11:00:00,34.6,23.3,280.0,1.9,11.8,183.0,35.9,19,0.0,9.5
Pune,18.5204,73.8567,2026-04-12 12:00:00,33.4,21.7,253.0,0.8,9.7,183.0,37.7,16,0.0,5.0
Pune,18.5204,73.8567,2026-04-12 13:00:00,33.8,21.0,251.0,1.1,8.6,178.0,38.8,14,0.0,2.2
Pune,18.5204,73.8567,2026-04-12 14:00:00,34.1,21.0,252.0,1.7,7.9,174.0,39.4,12,0.0,5.7
Pune,18.5204,73.8567,2026-04-12 15:00:00,34.6,21.4,246.0,1.7,7.5,177.0,39.2,12,0.0,10.5
Pune,18.5204,73.8567,2026-04-12 16:00:00,35.3,22.4,244.0,1.9,7.5,182.0,38.5,11,0.0,11.7
Pune,18.5204,73.8567,2026-04-12 17:00:00,34.8,23.1,252.0,3.4,8.6,184.0,38.0,12,0.0,8.5
Pune,18.5204,73.8567,2026-04-12 18:00:00,35.5,25.1,277.0,5.8,11.1,183.0,36.8,15,0.0,15.0
Pune,18.5204,73.8567,2026-04-12 19:00:00,37.4,29.7,314.0,9.1,14.6,180.0,32.8,35,0.0,15.0
Pune,18.5204,73.8567,2026-04-12 20:00:00,41.4,33.9,349.0,12.0,17.9,175.0,31.2,42,0.0,9.4
Pune,18.5204,73.8567,2026-04-12 21:00:00,45.5,37.6,388.0,14.2,21.0,165.0,30.2,44,0.0,4.6
Pune,18.5204,73.8567,2026-04-12 22:00:00,48.0,40.2,427.0,16.0,23.9,153.0,29.5,45,0.0,6.8
Pune,18.5204,73.8567,2026-04-12 23:00:00,49.1,41.1,439.0,17.0,25.9,140.0,28.4,49,0.0,8.5
Pune,18.5204,73.8567,2026-04-13 00:00:00,49.2,40.7,403.0,16.7,26.4,128.0,27.3,52,0.0,10.4
Pune,18.5204,73.8567,2026-04-13 01:00:00,49.4,40.0,341.0,15.6,25.9,116.0,26.7,50,0.0,11.3
Pune,18.5204,73.8567,2026-04-13 02:00:00,49.8,39.5,296.0,15.0,25.4,105.0,26.2,47,0.0,10.6
Pune,18.5204,73.8567,2026-04-13 03:00:00,50.6,39.5,286.0,15.6,24.9,93.0,25.6,45,0.0,10.0
Pune,18.5204,73.8567,2026-04-13 04:00:00,52.0,39.9,294.0,16.7,24.5,82.0,25.3,42,0.0,9.0
Pune,18.5204,73.8567,2026-04-13 05:00:00,48.7,37.6,312.0,15.4,25.0,85.0,24.9,45,0.0,8.4
Pune,18.5204,73.8567,2026-04-13 06:00:00,49.4,38.0,352.0,15.4,27.2,92.0,24.5,47,0.0,7.5
Pune,18.5204,73.8567,2026-04-13 07:00:00,48.8,37.7,403.0,15.3,29.9,103.0,25.3,48,0.0,4.8
Pune,18.5204,73.8567,2026-04-13 08:00:00,50.5,33.4,424.0,14.1,30.3,114.0,27.8,42,0.0,4.0
Pune,18.5204,73.8567,2026-04-13 09:00:00,48.0,27.4,388.0,10.8,26.0,128.0,31.0,31,0.0,3.1
Pune,18.5204,73.8567,2026-04-13 10:00:00,44.1,23.6,323.0,6.4,19.3,142.0,33.8,22,0.0,4.1
Pune,18.5204,73.8567,2026-04-13 11:00:00,39.9,20.4,268.0,3.1,13.9,153.0,35.6,19,0.0,7.1
Pune,18.5204,73.8567,2026-04-13 12:00:00,35.2,18.2,236.0,1.8,11.2,158.0,37.9,14,0.0,9.7
Pune,18.5204,73.8567,2026-04-13 13:00:00,33.2,18.3,215.0,1.7,9.8,158.0,38.6,14,0.0,13.5
Pune,18.5204,73.8567,2026-04-13 14:00:00,32.9,19.2,203.0,1.8,8.8,157.0,38.5,15,0.0,15.7
Pune,18.5204,73.8567,2026-04-13 15:00:00,32.6,19.7,204.0,1.8,7.9,155.0,37.8,17,0.0,16.8
Pune,18.5204,73.8567,2026-04-13 16:00:00,31.9,19.6,215.0,2.2,7.6,151.0,36.8,20,0.0,16.5
Pune,18.5204,73.8567,2026-04-13 17:00:00,23.9,15.5,225.0,3.3,7.7,140.0,35.5,26,0.0,15.9
Pune,18.5204,73.8567,2026-04-13 18:00:00,25.1,15.9,225.0,5.1,8.4,129.0,32.5,39,0.0,16.5
Pune,18.5204,73.8567,2026-04-13 19:00:00,26.0,17.3,224.0,7.6,9.3,114.0,29.8,50,0.0,15.2
Pune,18.5204,73.8567,2026-04-13 20:00:00,28.6,19.0,237.0,9.9,10.4,100.0,27.9,58,0.0,11.9
Pune,18.5204,73.8567,2026-04-13 21:00:00,30.7,20.4,280.0,11.8,11.6,89.0,26.6,63,0.0,9.8
Pune,18.5204,73.8567,2026-04-13 22:00:00,32.6,22.1,337.0,13.5,12.9,79.0,25.5,69,0.0,8.5
Pune,18.5204,73.8567,2026-04-13 23:00:00,34.7,23.3,369.0,14.9,13.8,71.0,24.5,75,0.0,8.0
Pune,18.5204,73.8567,2026-04-14 00:00:00,36.7,24.0,350.0,15.6,14.2,66.0,24.3,72,0.0,8.1
Pune,18.5204,73.8567,2026-04-14 01:00:00,38.6,25.0,307.0,15.9,14.2,63.0,24.5,64,0.0,7.8
Pune,18.5204,73.8567,2026-04-14 02:00:00,41.2,26.2,276.0,16.6,14.3,59.0,24.5,58,0.0,6.1
Pune,18.5204,73.8567,2026-04-14 03:00:00,44.4,28.3,272.0,18.4,14.3,52.0,23.9,59,0.0,3.2
Pune,18.5204,73.8567,2026-04-14 04:00:00,49.0,31.3,282.0,20.6,14.3,45.0,23.4,60,0.0,3.5
Pune,18.5204,73.8567,2026-04-14 05:00:00,54.1,35.0,301.0,25.7,15.6,39.0,23.1,63,0.0,6.4
Pune,18.5204,73.8567,2026-04-14 06:00:00,57.0,38.0,342.0,23.4,17.2,56.0,23.0,63,0.0,5.4
Pune,18.5204,73.8567,2026-04-14 07:00:00,54.5,37.1,392.0,20.1,19.3,81.0,24.6,57,0.0,4.2
Pune,18.5204,73.8567,2026-04-14 08:00:00,51.7,30.4,412.0,16.3,19.7,106.0,28.3,45,0.0,1.8
Pune,18.5204,73.8567,2026-04-14 09:00:00,41.7,21.6,372.0,11.4,16.7,130.0,32.0,31,0.0,3.5
Pune,18.5204,73.8567,2026-04-14 10:00:00,34.5,17.8,301.0,6.1,12.1,154.0,34.9,21,0.0,6.1
Pune,18.5204,73.8567,2026-04-14 11:00:00,30.0,15.8,246.0,2.2,8.3,170.0,36.6,17,0.0,5.0
Pune,18.5204,73.8567,2026-04-14 12:00:00,27.0,14.6,229.0,0.9,6.5,174.0,38.7,14,0.0,3.8
Pune,18.5204,73.8567,2026-04-14 13:00:00,24.9,13.7,229.0,1.2,5.7,170.0,39.7,12,0.0,5.8
Pune,18.5204,73.8567,2026-04-14 14:00:00,23.6,13.3,229.0,1.7,5.3,168.0,40.2,11,0.0,8.1
Pune,18.5204,73.8567,2026-04-14 15:00:00,23.6,13.8,219.0,1.8,5.1,173.0,39.7,12,0.0,13.1
Pune,18.5204,73.8567,2026-04-14 16:00:00,24.4,15.0,209.0,2.2,5.4,179.0,38.6,13,0.0,17.7
Pune,18.5204,73.8567,2026-04-14 17:00:00,19.4,15.4,220.0,3.5,7.0,189.0,37.7,13,0.0,16.5
Pune,18.5204,73.8567,2026-04-14 18:00:00,21.1,17.1,270.0,5.7,8.5,179.0,35.8,19,0.0,16.7
Pune,18.5204,73.8567,2026-04-14 19:00:00,24.2,19.5,340.0,8.8,10.7,163.0,32.5,39,0.0,16.7
Pune,18.5204,73.8567,2026-04-14 20:00:00,28.3,19.7,396.0,12.1,12.4,145.0,31.1,39,0.0,12.9
Pune,18.5204,73.8567,2026-04-14 21:00:00,32.7,19.8,432.0,15.6,13.2,121.0,30.3,34,0.0,9.7
Pune,18.5204,73.8567,2026-04-14 22:00:00,38.5,22.1,453.0,19.3,13.7,95.0,29.5,30,0.0,11.2
Pune,18.5204,73.8567,2026-04-14 23:00:00,43.8,24.0,445.0,22.4,13.9,73.0,28.9,27,0.0,10.0
Pune,18.5204,73.8567,2026-04-15 00:00:00,48.1,24.7,384.0,24.4,13.9,60.0,28.2,27,0.0,4.8
Pune,18.5204,73.8567,2026-04-15 01:00:00,53.0,25.8,294.0,25.8,13.8,51.0,27.5,29,0.0,5.5
Pune,18.5204,73.8567,2026-04-15 02:00:00,59.3,27.4,228.0,27.6,13.9,44.0,27.0,30,0.0,7.9
Pune,18.5204,73.8567,2026-04-15 03:00:00,65.4,29.0,210.0,31.0,14.6,35.0,26.2,32,0.0,9.4
Pune,18.5204,73.8567,2026-04-15 04:00:00,71.7,31.1,218.0,34.8,15.5,27.0,25.6,33,0.0,9.0
Pune,18.5204,73.8567,2026-04-15 05:00:00,77.3,31.7,235.0,33.7,15.8,30.0,25.2,35,0.0,8.0
Pune,18.5204,73.8567,2026-04-15 06:00:00,81.5,33.5,270.0,30.0,15.4,42.0,24.8,35,0.0,7.1
Pune,18.5204,73.8567,2026-04-15 07:00:00,75.7,36.6,315.0,24.6,14.8,60.0,26.3,31,0.0,6.4
Pune,18.5204,73.8567,2026-04-15 08:00:00,61.2,23.7,334.0,19.0,13.3,79.0,29.8,23,0.0,4.0
Pune,18.5204,73.8567,2026-04-15 09:00:00,39.6,14.8,303.0,12.9,10.1,99.0,32.9,16,0.0,5.1
Pune,18.5204,73.8567,2026-04-15 10:00:00,27.5,11.3,247.0,6.6,6.2,121.0,35.7,12,0.0,6.1
Pune,18.5204,73.8567,2026-04-15 11:00:00,21.2,9.4,204.0,2.2,3.4,139.0,37.2,12,0.0,8.8
Pune,18.5204,73.8567,2026-04-15 12:00:00,18.9,9.5,187.0,0.8,2.9,151.0,38.8,11,0.0,11.7
Pune,18.5204,73.8567,2026-04-15 13:00:00,18.6,10.4,182.0,1.3,3.5,160.0,39.1,11,0.0,14.0
Pune,18.5204,73.8567,2026-04-15 14:00:00,18.7,11.1,187.0,2.0,4.4,167.0,39.1,11,0.0,14.8
Pune,18.5204,73.8567,2026-04-15 15:00:00,19.6,12.2,204.0,2.1,4.9,175.0,38.7,13,0.0,15.7
Pune,18.5204,73.8567,2026-04-15 16:00:00,20.5,13.4,231.0,2.4,5.6,182.0,37.9,15,0.0,15.2
Pune,18.5204,73.8567,2026-04-15 17:00:00,21.5,15.8,253.0,3.6,7.4,184.0,36.8,17,0.0,15.0
Pune,18.5204,73.8567,2026-04-15 18:00:00,22.9,16.9,263.0,6.2,10.4,177.0,34.5,20,0.0,16.2
Pune,18.5204,73.8567,2026-04-15 19:00:00,25.0,19.5,268.0,9.8,14.5,166.0,31.8,30,0.0,14.3
Pune,18.5204,73.8567,2026-04-15 20:00:00,27.8,21.7,275.0,13.2,18.2,153.0,30.0,35,0.0,11.8
Pune,18.5204,73.8567,2026-04-15 21:00:00,30.2,23.9,288.0,16.2,20.8,137.0,28.4,40,0.0,9.7
Pune,18.5204,73.8567,2026-04-15 22:00:00,31.8,25.6,302.0,18.9,23.0,118.0,27.2,42,0.0,10.1
Pune,18.5204,73.8567,2026-04-15 23:00:00,32.1,26.0,309.0,20.8,24.4,102.0,26.4,42,0.0,9.3
Pune,18.5204,73.8567,2026-04-16 00:00:00,31.1,25.0,304.0,21.2,24.9,91.0,25.8,40,0.0,8.8
Pune,18.5204,73.8567,2026-04-16 01:00:00,29.9,23.7,293.0,20.6,24.6,82.0,25.2,38,0.0,8.7
Pune,18.5204,73.8567,2026-04-16 02:00:00,29.0,22.5,282.0,20.2,24.4,75.0,24.7,35,0.0,8.6
Pune,18.5204,73.8567,2026-04-16 03:00:00,28.3,21.3,272.0,20.6,24.4,68.0,24.4,33,0.0,8.9
Pune,18.5204,73.8567,2026-04-16 04:00:00,28.0,20.2,262.0,21.1,24.5,62.0,23.9,31,0.0,9.4
Pune,18.5204,73.8567,2026-04-16 05:00:00,29.0,20.7,263.0,22.0,24.5,60.0,22.9,36,0.0,9.2
Pune,18.5204,73.8567,2026-04-16 06:00:00,28.5,19.7,289.0,21.3,24.9,66.0,22.7,36,0.0,9.3
Pune,18.5204,73.8567,2026-04-16 07:00:00,26.5,19.4,326.0,20.2,25.2,75.0,24.2,32,0.0,8.4
Pune,18.5204,73.8567,2026-04-16 08:00:00,25.7,15.4,339.0,17.9,23.9,87.0,27.7,23,0.0,6.5
Pune,18.5204,73.8567,2026-04-16 09:00:00,22.6,11.8,303.0,13.4,19.5,105.0,31.8,15,0.0,8.7
Pune,18.5204,73.8567,2026-04-16 10:00:00,19.0,9.6,243.0,7.8,13.5,127.0,35.4,11,0.0,5.9
Pune,18.5204,73.8567,2026-04-16 11:00:00,15.5,8.7,202.0,3.6,9.0,146.0,37.4,10,0.0,8.9
Pune,18.5204,73.8567,2026-04-16 12:00:00,15.1,10.0,200.0,2.1,7.2,159.0,38.9,9,0.0,12.4
Pune,18.5204,73.8567,2026-04-16 13:00:00,15.9,11.3,217.0,2.0,6.9,168.0,38.9,11,0.0,15.3
Pune,18.5204,73.8567,2026-04-16 14:00:00,17.5,13.0,233.0,2.2,7.2,176.0,38.5,12,0.0,16.4
Pune,18.5204,73.8567,2026-04-16 15:00:00,19.4,15.0,240.0,2.2,7.7,184.0,38.0,13,0.0,17.0
Pune,18.5204,73.8567,2026-04-16 16:00:00,21.5,17.1,247.0,2.6,8.7,192.0,36.8,16,0.0,17.5
Pune,18.5204,73.8567,2026-04-16 17:00:00,20.7,18.6,258.0,4.0,10.4,191.0,35.9,16,0.0,15.5
Pune,18.5204,73.8567,2026-04-16 18:00:00,23.5,21.4,272.0,6.7,13.8,184.0,34.1,20,0.0,13.7
Pune,18.5204,73.8567,2026-04-16 19:00:00,27.0,25.0,292.0,10.4,18.4,173.0,31.7,29,0.0,13.2
Pune,18.5204,73.8567,2026-04-16 20:00:00,30.0,27.5,325.0,13.6,22.3,160.0,30.3,32,0.0,11.8
Pune,18.5204,73.8567,2026-04-16 21:00:00,32.5,29.4,394.0,15.6,24.5,144.0,28.7,39,0.0,8.2
Pune,18.5204,73.8567,2026-04-16 22:00:00,34.3,30.5,478.0,16.9,25.9,125.0,27.5,42,0.0,8.2
Pune,18.5204,73.8567,2026-04-16 23:00:00,35.4,30.6,520.0,17.9,26.7,109.0,26.8,45,0.0,8.0
Pune,18.5204,73.8567,2026-04-17 00:00:00,35.4,29.7,479.0,18.2,26.9,97.0,25.5,54,0.0,8.4
Pune,18.5204,73.8567,2026-04-17 01:00:00,35.7,29.2,396.0,18.0,26.5,87.0,24.3,62,0.0,6.9
Pune,18.5204,73.8567,2026-04-17 02:00:00,36.9,29.8,338.0,18.5,26.1,78.0,23.4,67,0.0,5.9
Pune,18.5204,73.8567,2026-04-17 03:00:00,38.6,30.6,336.0,20.7,25.7,66.0,22.6,71,0.0,6.2
Pune,18.5204,73.8567,2026-04-17 04:00:00,41.4,32.2,360.0,23.5,25.3,56.0,22.2,71,0.0,5.0
Pune,18.5204,73.8567,2026-04-17 05:00:00,45.3,36.3,387.0,24.9,25.9,55.0,22.3,69,0.0,3.8
Pune,18.5204,73.8567,2026-04-17 06:00:00,47.3,37.4,420.0,24.7,26.3,63.0,22.9,60,0.0,2.3
Pune,18.5204,73.8567,2026-04-17 07:00:00,44.9,34.7,456.0,24.2,26.6,75.0,24.8,49,0.0,1.8
Pune,18.5204,73.8567,2026-04-17 08:00:00,39.3,27.0,459.0,21.9,24.9,91.0,28.0,35,0.0,1.2
Pune,18.5204,73.8567,2026-04-17 09:00:00,29.6,18.6,400.0,16.2,19.4,115.0,31.5,25,0.0,2.7
Pune,18.5204,73.8567,2026-04-17 10:00:00,21.4,12.8,309.0,8.8,12.0,142.0,34.5,16,0.0,4.4
Pune,18.5204,73.8567,2026-04-17 11:00:00,17.9,11.2,242.0,3.3,6.5,163.0,36.0,14,0.0,4.0
Pune,18.5204,73.8567,2026-04-17 12:00:00,18.1,12.2,225.0,1.5,4.7,172.0,38.2,12,0.0,5.1
Pune,18.5204,73.8567,2026-04-17 13:00:00,18.3,12.8,231.0,1.7,4.9,174.0,39.0,11,0.0,5.0
Pune,18.5204,73.8567,2026-04-17 14:00:00,19.0,13.4,239.0,2.2,5.3,175.0,39.3,10,0.0,5.4
Pune,18.5204,73.8567,2026-04-17 15:00:00,19.8,14.2,237.0,2.3,5.1,177.0,39.6,10,0.0,4.9
Pune,18.5204,73.8567,2026-04-17 16:00:00,21.0,15.1,236.0,2.8,5.2,179.0,39.0,11,0.0,9.6
Pune,18.5204,73.8567,2026-04-17 17:00:00,28.3,19.7,247.0,4.0,6.5,173.0,38.0,11,0.0,10.0
Pune,18.5204,73.8567,2026-04-17 18:00:00,31.5,23.5,280.0,6.6,11.2,175.0,34.6,23,0.0,15.0
Pune,18.5204,73.8567,2026-04-17 19:00:00,37.4,28.9,326.0,10.3,17.7,177.0,31.8,43,0.0,14.7
Pune,18.5204,73.8567,2026-04-17 20:00:00,44.2,33.2,365.0,13.5,22.9,173.0,30.1,52,0.0,9.9
Pune,18.5204,73.8567,2026-04-17 21:00:00,47.1,34.8,391.0,15.6,25.5,159.0,29.1,57,0.0,8.6
Pune,18.5204,73.8567,2026-04-17 22:00:00,48.8,35.6,411.0,17.2,26.9,140.0,28.1,63,0.0,8.2
Pune,18.5204,73.8567,2026-04-17 23:00:00,50.6,36.4,423.0,18.7,27.7,122.0,27.7,65,0.0,6.5
Pune,18.5204,73.8567,2026-04-18 00:00:00,52.5,36.7,424.0,20.2,28.1,107.0,27.3,66,0.0,2.6
Pune,18.5204,73.8567,2026-04-18 01:00:00,56.3,38.9,418.0,21.7,27.9,93.0,26.9,68,0.0,0.9
Pune,18.5204,73.8567,2026-04-18 02:00:00,61.2,42.0,418.0,23.5,27.6,80.0,26.4,70,0.0,2.1
Pune,18.5204,73.8567,2026-04-18 03:00:00,65.4,45.3,431.0,26.8,27.6,65.0,26.0,70,0.0,1.6
Pune,18.5204,73.8567,2026-04-18 04:00:00,70.5,48.7,451.0,30.5,27.5,52.0,25.7,73,0.0,0.2
Pune,18.5204,73.8567,2026-04-18 05:00:00,78.9,55.8,465.0,39.3,24.3,36.0,25.1,75,0.0,1.9
Pune,18.5204,73.8567,2026-04-18 06:00:00,77.3,55.8,479.0,33.2,23.3,54.0,25.1,74,0.0,2.3
Pune,18.5204,73.8567,2026-04-18 07:00:00,68.0,48.5,488.0,24.5,21.8,80.0,26.4,66,0.0,1.4
Pune,18.5204,73.8567,2026-04-18 08:00:00,46.1,28.9,470.0,16.8,19.8,104.0,29.5,50,0.0,2.1
Pune,18.5204,73.8567,2026-04-18 09:00:00,32.7,21.0,398.0,10.9,16.7,125.0,31.7,32,0.0,3.9
Pune,18.5204,73.8567,2026-04-18 10:00:00,26.5,17.4,299.0,6.0,13.1,145.0,33.7,24,0.0,4.5
Pune,18.5204,73.8567,2026-04-18 11:00:00,28.9,20.5,228.0,2.6,10.2,161.0,36.1,18,0.0,6.2
Pune,18.5204,73.8567,2026-04-18 12:00:00,36.4,28.6,213.0,1.3,8.5,170.0,38.0,16,0.0,4.4
Pune,18.5204,73.8567,2026-04-18 13:00:00,42.0,34.5,226.0,1.5,7.4,175.0,38.5,16,0.0,1.8
Pune,18.5204,73.8567,2026-04-18 14:00:00,44.1,36.7,243.0,2.1,7.1,178.0,38.8,16,0.0,4.8
Pune,18.5204,73.8567,2026-04-18 15:00:00,44.0,36.8,256.0,2.5,7.5,182.0,38.6,16,0.0,10.0
Pune,18.5204,73.8567,2026-04-18 16:00:00,45.6,37.8,273.0,3.3,8.6,184.0,38.1,16,0.0,8.9
Pune,18.5204,73.8567,2026-04-18 17:00:00,64.7,56.3,291.0,4.7,9.4,174.0,36.8,18,0.0,4.6
Pune,18.5204,73.8567,2026-04-18 18:00:00,64.7,56.0,311.0,7.3,11.8,168.0,35.4,23,0.0,12.2
Pune,18.5204,73.8567,2026-04-18 19:00:00,58.9,51.8,332.0,10.9,15.2,159.0,31.9,40,0.0,15.4
Pune,18.5204,73.8567,2026-04-18 20:00:00,51.7,45.2,349.0,14.3,18.0,148.0,31.2,44,0.0,11.7
Pune,18.5204,73.8567,2026-04-18 21:00:00,42.0,36.0,363.0,17.2,19.8,132.0,30.5,47,0.0,9.6
Pune,18.5204,73.8567,2026-04-18 22:00:00,35.9,30.0,372.0,19.8,21.1,114.0,29.7,48,0.0,8.0
Pune,18.5204,73.8567,2026-04-18 23:00:00,33.8,27.9,375.0,21.6,21.7,99.0,29.2,50,0.0,7.9
Pune,18.5204,73.8567,2026-04-19 00:00:00,32.7,26.6,366.0,22.0,21.4,88.0,28.5,51,0.0,7.5
Pune,18.5204,73.8567,2026-04-19 01:00:00,32.5,26.1,349.0,21.7,20.4,81.0,28.0,51,0.0,4.5
Pune,18.5204,73.8567,2026-04-19 02:00:00,32.8,26.1,334.0,21.5,19.8,74.0,27.4,51,0.0,5.6
Pune,18.5204,73.8567,2026-04-19 03:00:00,33.4,26.6,319.0,22.2,20.0,67.0,26.8,52,0.0,3.6
Pune,18.5204,73.8567,2026-04-19 04:00:00,34.5,27.4,306.0,23.2,20.6,60.0,26.6,53,0.0,5.1
Pune,18.5204,73.8567,2026-04-19 05:00:00,46.0,36.8,312.0,36.5,18.6,39.0,26.1,54,0.0,4.5
Pune,18.5204,73.8567,2026-04-19 06:00:00,48.2,38.6,364.0,31.8,19.7,59.0,26.0,55,0.0,3.1
Pune,18.5204,73.8567,2026-04-19 07:00:00,44.9,37.4,436.0,25.2,21.2,86.0,27.4,49,0.0,2.6
Pune,18.5204,73.8567,2026-04-19 08:00:00,36.4,27.3,467.0,18.7,21.3,112.0,30.1,40,0.0,1.8
Pune,18.5204,73.8567,2026-04-19 09:00:00,34.0,24.9,416.0,12.7,19.0,134.0,33.1,31,0.0,2.8
Pune,18.5204,73.8567,2026-04-19 10:00:00,30.9,22.9,326.0,6.8,15.3,154.0,35.7,22,0.0,6.1
Pune,18.5204,73.8567,2026-04-19 11:00:00,29.9,22.9,260.0,2.7,12.2,169.0,37.1,17,0.0,6.1
Pune,18.5204,73.8567,2026-04-19 12:00:00,34.5,27.5,249.0,1.2,10.2,177.0,38.6,16,0.0,2.2
Pune,18.5204,73.8567,2026-04-19 13:00:00,38.3,31.1,264.0,1.4,8.8,180.0,39.1,15,0.0,5.0
Pune,18.5204,73.8567,2026-04-19 14:00:00,40.3,33.1,279.0,1.9,7.8,182.0,39.8,15,0.0,7.3
Pune,18.5204,73.8567,2026-04-19 15:00:00,41.1,34.1,281.0,2.1,7.3,185.0,38.9,16,0.0,5.7
Pune,18.5204,73.8567,2026-04-19 16:00:00,41.9,35.3,284.0,2.7,7.2,187.0,36.6,19,0.0,11.3
Pune,18.5204,73.8567,2026-04-19 17:00:00,41.7,33.5,307.0,3.7,7.6,177.0,36.9,18,0.0,12.5
Pune,18.5204,73.8567,2026-04-19 18:00:00,42.0,35.2,370.0,5.9,8.4,173.0,33.8,30,0.0,15.6
Pune,18.5204,73.8567,2026-04-19 19:00:00,44.2,38.3,452.0,9.1,9.5,167.0,31.6,40,0.0,13.9
Pune,18.5204,73.8567,2026-04-19 20:00:00,47.3,41.0,514.0,12.1,11.1,159.0,30.7,42,0.0,13.1
Pune,18.5204,73.8567,2026-04-19 21:00:00,49.0,42.6,541.0,14.8,13.4,148.0,30.2,41,0.0,9.2
Pune,18.5204,73.8567,2026-04-19 22:00:00,50.5,44.1,547.0,17.3,16.1,135.0,29.7,42,0.0,7.4
Pune,18.5204,73.8567,2026-04-19 23:00:00,50.6,44.6,533.0,19.1,18.1,123.0,28.3,47,0.0,5.8
Pune,18.5204,73.8567,2026-04-20 00:00:00,49.8,43.5,486.0,19.8,18.9,111.0,27.7,49,0.0,9.0
Pune,18.5204,73.8567,2026-04-20 01:00:00,49.7,42.8,419.0,19.7,19.0,100.0,27.2,49,0.0,6.7
Pune,18.5204,73.8567,2026-04-20 02:00:00,49.8,42.4,373.0,20.1,19.2,90.0,27.0,49,0.0,6.1
Pune,18.5204,73.8567,2026-04-20 03:00:00,49.7,42.0,367.0,21.7,19.9,78.0,26.4,51,0.0,5.5
Pune,18.5204,73.8567,2026-04-20 04:00:00,51.2,43.2,381.0,23.7,20.6,67.0,25.9,53,0.0,0.2
Pune,18.5204,73.8567,2026-04-20 05:00:00,43.5,36.2,402.0,12.8,10.8,90.0,25.4,60,0.0,5.7
Pune,18.5204,73.8567,2026-04-20 06:00:00,43.2,36.1,436.0,13.0,10.3,97.0,25.4,60,0.0,3.9
Pune,18.5204,73.8567,2026-04-20 07:00:00,46.0,38.9,476.0,13.1,9.5,107.0,26.3,57,0.0,3.9
Pune,18.5204,73.8567,2026-04-20 08:00:00,47.3,38.2,483.0,12.2,8.5,120.0,28.3,51,0.0,4.2
Pune,18.5204,73.8567,2026-04-20 09:00:00,53.4,42.4,424.0,9.1,7.0,138.0,32.1,34,0.0,5.3
Pune,18.5204,73.8567,2026-04-20 10:00:00,54.8,44.6,333.0,4.9,5.2,158.0,35.0,23,0.0,7.5
Pune,18.5204,73.8567,2026-04-20 11:00:00,48.9,40.4,263.0,1.8,3.9,172.0,36.2,20,0.0,8.2
Pune,18.5204,73.8567,2026-04-20 12:00:00,45.3,37.7,239.0,0.9,3.1,176.0,38.1,16,0.0,4.6
Pune,18.5204,73.8567,2026-04-20 13:00:00,43.3,36.3,237.0,1.1,2.7,174.0,38.6,16,0.0,0.8
Pune,18.5204,73.8567,2026-04-20 14:00:00,41.9,35.3,245.0,1.7,3.0,173.0,38.0,17,0.0,7.1
Pune,18.5204,73.8567,2026-04-20 15:00:00,41.0,34.6,258.0,2.2,3.8,176.0,37.4,17,0.0,7.5
Pune,18.5204,73.8567,2026-04-20 16:00:00,40.4,34.5,281.0,3.1,5.3,180.0,34.6,21,0.0,15.7
Pune,18.5204,73.8567,2026-04-20 17:00:00,46.2,39.1,313.0,4.5,7.3,182.0,36.5,16,0.0,7.7
Pune,18.5204,73.8567,2026-04-20 18:00:00,48.4,42.0,364.0,6.2,10.9,188.0,36.0,16,0.0,7.8
Pune,18.5204,73.8567,2026-04-20 19:00:00,48.7,42.7,424.0,8.7,16.0,195.0,31.3,37,0.0,14.6
Pune,18.5204,73.8567,2026-04-20 20:00:00,48.0,42.8,467.0,11.5,20.2,193.0,29.8,44,0.0,12.8
Pune,18.5204,73.8567,2026-04-20 21:00:00,47.7,42.8,483.0,14.7,22.7,174.0,28.7,46,0.0,10.4
Pune,18.5204,73.8567,2026-04-20 22:00:00,47.6,42.7,483.0,18.1,24.4,147.0,28.2,47,0.0,8.4
Pune,18.5204,73.8567,2026-04-20 23:00:00,47.5,42.5,466.0,20.7,25.6,123.0,27.9,44,0.0,7.1
Pune,18.5204,73.8567,2026-04-21 00:00:00,46.4,41.2,421.0,21.8,26.2,107.0,27.7,41,0.0,6.3
Pune,18.5204,73.8567,2026-04-21 01:00:00,46.2,40.6,361.0,22.1,26.2,95.0,27.4,39,0.0,5.9
Pune,18.5204,73.8567,2026-04-21 02:00:00,46.9,41.0,322.0,22.3,26.2,85.0,27.2,37,0.0,5.0
Pune,18.5204,73.8567,2026-04-21 03:00:00,47.4,41.3,325.0,22.8,26.5,76.0,26.6,38,0.0,3.1
Pune,18.5204,73.8567,2026-04-21 04:00:00,47.8,41.7,350.0,23.3,26.9,69.0,26.4,38,0.0,5.1
Pune,18.5204,73.8567,2026-04-21 05:00:00,43.7,37.8,376.0,19.6,26.7,79.0,25.4,44,0.0,5.9
Pune,18.5204,73.8567,2026-04-21 06:00:00,45.4,39.3,407.0,18.8,25.1,88.0,25.4,45,0.0,1.7
Pune,18.5204,73.8567,2026-04-21 07:00:00,42.1,36.6,439.0,17.6,22.7,100.0,27.0,40,0.0,1.2
Pune,18.5204,73.8567,2026-04-21 08:00:00,36.2,28.1,442.0,15.3,19.9,114.0,29.8,34,0.0,4.7
Pune,18.5204,73.8567,2026-04-21 09:00:00,32.8,22.5,388.0,11.0,16.3,131.0,32.6,26,0.0,9.0
Pune,18.5204,73.8567,2026-04-21 10:00:00,30.4,21.6,304.0,5.6,12.2,149.0,35.1,21,0.0,12.3
Pune,18.5204,73.8567,2026-04-21 11:00:00,31.8,24.6,244.0,1.7,8.9,163.0,35.6,20,0.0,13.8
Pune,18.5204,73.8567,2026-04-21 12:00:00,35.0,28.2,231.0,0.6,6.9,170.0,37.1,18,0.0,12.1
Pune,18.5204,73.8567,2026-04-21 13:00:00,35.2,28.7,242.0,1.0,5.7,172.0,38.1,17,0.0,9.9
Pune,18.5204,73.8567,2026-04-21 14:00:00,34.6,28.3,254.0,1.7,5.1,173.0,38.6,16,0.0,7.2
Pune,18.5204,73.8567,2026-04-21 15:00:00,34.2,28.2,254.0,2.0,4.9,174.0,38.7,16,0.0,3.6
Pune,18.5204,73.8567,2026-04-21 16:00:00,34.6,28.7,255.0,2.6,5.3,173.0,37.7,17,0.0,3.1
Pune,18.5204,73.8567,2026-04-21 17:00:00,29.5,24.6,280.0,3.4,6.5,175.0,37.4,16,0.0,10.4
Pune,18.5204,73.8567,2026-04-21 18:00:00,30.7,25.9,354.0,5.4,9.2,173.0,36.1,16,0.0,10.5
Pune,18.5204,73.8567,2026-04-21 19:00:00,33.2,28.9,450.0,8.2,13.2,171.0,33.5,26,0.0,12.4
Pune,18.5204,73.8567,2026-04-21 20:00:00,36.1,32.0,512.0,10.6,17.1,167.0,29.9,48,0.0,10.6
Pune,18.5204,73.8567,2026-04-21 21:00:00,38.3,34.0,509.0,12.1,21.3,162.0,29.0,52,0.0,9.4
Pune,18.5204,73.8567,2026-04-21 22:00:00,39.3,34.7,470.0,13.2,25.5,155.0,28.9,52,0.0,8.9
Pune,18.5204,73.8567,2026-04-21 23:00:00,40.2,35.0,432.0,14.1,27.7,146.0,29.4,48,0.0,3.9
Pune,18.5204,73.8567,2026-04-22 00:00:00,39.0,34.1,401.0,14.2,26.0,133.0,28.4,52,0.0,4.6
Pune,18.5204,73.8567,2026-04-22 01:00:00,39.1,34.0,369.0,14.0,22.2,118.0,27.6,55,0.0,6.0
Pune,18.5204,73.8567,2026-04-22 02:00:00,40.7,35.4,349.0,15.2,19.7,103.0,27.0,57,0.0,2.5
Pune,18.5204,73.8567,2026-04-22 03:00:00,43.9,38.4,347.0,19.8,19.8,84.0,26.5,59,0.0,2.0
Pune,18.5204,73.8567,2026-04-22 04:00:00,46.8,41.3,356.0,25.9,21.1,65.0,25.8,62,0.0,2.1
Pune,18.5204,73.8567,2026-04-22 05:00:00,44.9,39.5,371.0,27.9,17.5,53.0,24.9,67,0.0,2.0
Pune,18.5204,73.8567,2026-04-22 06:00:00,44.9,40.0,398.0,23.8,19.0,81.0,25.0,67,0.0,5.4
Pune,18.5204,73.8567,2026-04-22 07:00:00,44.4,39.3,431.0,18.0,20.9,119.0,26.3,61,0.0,3.2
Pune,18.5204,73.8567,2026-04-22 08:00:00,46.8,39.6,446.0,12.7,21.1,152.0,29.0,49,0.0,2.6
Pune,18.5204,73.8567,2026-04-22 09:00:00,49.8,42.1,427.0,8.6,18.2,172.0,31.8,37,0.0,3.8
Pune,18.5204,73.8567,2026-04-22 10:00:00,48.7,40.9,390.0,5.0,13.7,186.0,34.4,29,0.0,3.4
Pune,18.5204,73.8567,2026-04-22 11:00:00,46.4,38.3,354.0,2.5,10.0,195.0,35.1,27,0.0,2.2
Pune,18.5204,73.8567,2026-04-22 12:00:00,43.0,35.4,322.0,1.5,8.0,197.0,37.7,20,0.0,2.7
Pune,18.5204,73.8567,2026-04-22 13:00:00,41.2,34.1,292.0,1.6,6.9,193.0,38.4,18,0.0,5.6
Pune,18.5204,73.8567,2026-04-22 14:00:00,40.6,33.6,275.0,1.9,6.2,189.0,38.2,17,0.0,6.8
Pune,18.5204,73.8567,2026-04-22 15:00:00,40.4,33.5,274.0,2.1,5.6,186.0,37.1,18,0.0,2.5
Pune,18.5204,73.8567,2026-04-22 16:00:00,40.0,33.4,287.0,2.5,5.5,183.0,33.6,27,0.0,20.6
Pune,18.5204,73.8567,2026-04-22 17:00:00,40.3,33.6,321.0,3.7,6.5,181.0,35.9,19,0.0,8.9
Pune,18.5204,73.8567,2026-04-22 18:00:00,42.5,36.0,396.0,6.2,9.5,179.0,33.2,33,0.0,15.3
Pune,18.5204,73.8567,2026-04-22 19:00:00,44.8,39.5,492.0,9.7,13.8,175.0,31.5,46,0.0,11.0
Pune,18.5204,73.8567,2026-04-22 20:00:00,47.5,42.3,551.0,12.8,18.1,170.0,29.5,57,0.0,11.6
Pune,18.5204,73.8567,2026-04-22 21:00:00,49.7,44.1,541.0,15.1,22.5,163.0,28.7,59,0.0,8.1
Pune,18.5204,73.8567,2026-04-22 22:00:00,51.7,45.6,494.0,17.0,26.9,154.0,28.1,60,0.0,7.3
Pune,18.5204,73.8567,2026-04-22 23:00:00,52.9,46.3,453.0,18.6,29.9,144.0,27.8,63,0.0,6.9
Pune,18.5204,73.8567,2026-04-23 00:00:00,53.1,46.0,430.0,19.6,30.8,131.0,27.3,63,0.0,6.9
Pune,18.5204,73.8567,2026-04-23 01:00:00,53.6,46.0,411.0,20.3,30.3,117.0,26.8,61,0.0,5.4
Pune,18.5204,73.8567,2026-04-23 02:00:00,56.0,47.7,401.0,21.0,29.3,103.0,26.3,62,0.0,3.8
Pune,18.5204,73.8567,2026-04-23 03:00:00,56.9,48.2,402.0,22.5,28.2,87.0,26.0,62,0.0,5.1
Pune,18.5204,73.8567,2026-04-23 04:00:00,58.2,48.7,411.0,24.1,26.6,72.0,25.5,64,0.0,4.2
Pune,18.5204,73.8567,2026-04-23 05:00:00,68.2,56.0,419.0,28.4,26.2,65.0,25.1,73,0.0,4.3
Pune,18.5204,73.8567,2026-04-23 06:00:00,68.9,55.8,429.0,24.6,24.2,81.0,25.1,71,0.0,3.8
Pune,18.5204,73.8567,2026-04-23 07:00:00,57.9,46.4,438.0,19.2,21.3,103.0,27.0,60,0.0,1.3
Pune,18.5204,73.8567,2026-04-23 08:00:00,44.1,31.8,425.0,14.1,18.1,123.0,30.1,41,0.0,2.7
Pune,18.5204,73.8567,2026-04-23 09:00:00,37.7,28.3,368.0,9.4,14.5,139.0,33.0,28,0.0,5.4
Pune,18.5204,73.8567,2026-04-23 10:00:00,33.5,26.1,289.0,4.9,10.7,154.0,35.8,21,0.0,9.4
Pune,18.5204,73.8567,2026-04-23 11:00:00,33.4,26.7,231.0,1.8,7.8,164.0,36.9,19,0.0,9.6
Pune,18.5204,73.8567,2026-04-23 12:00:00,34.0,27.1,215.0,0.8,6.4,168.0,38.2,17,0.0,9.3
Pune,18.5204,73.8567,2026-04-23 13:00:00,33.5,26.8,220.0,1.2,6.0,167.0,38.5,16,0.0,10.4
Pune,18.5204,73.8567,2026-04-23 14:00:00,32.8,26.4,227.0,1.7,5.7,166.0,38.7,16,0.0,7.1
Pune,18.5204,73.8567,2026-04-23 15:00:00,32.5,26.2,217.0,1.3,5.1,166.0,38.3,16,0.0,13.8
Pune,18.5204,73.8567,2026-04-23 16:00:00,33.1,26.9,210.0,1.2,4.8,164.0,32.2,29,0.8,0.4
Pune,18.5204,73.8567,2026-04-23 17:00:00,38.6,31.0,242.0,3.4,5.1,156.0,31.8,31,0.0,11.1
Pune,18.5204,73.8567,2026-04-23 18:00:00,41.9,34.2,337.0,5.9,6.6,151.0,32.0,28,0.0,4.8
Pune,18.5204,73.8567,2026-04-23 19:00:00,48.8,41.9,473.0,9.5,9.0,143.0,31.8,31,0.0,11.6
Pune,18.5204,73.8567,2026-04-23 20:00:00,52.3,46.1,618.0,12.9,11.9,136.0,31.4,29,0.0,8.8
Pune,18.5204,73.8567,2026-04-23 21:00:00,51.7,46.1,798.0,15.3,16.2,131.0,30.4,32,0.0,9.5
Pune,18.5204,73.8567,2026-04-23 22:00:00,49.9,44.5,987.0,17.6,21.2,127.0,29.7,35,0.0,6.6
Pune,18.5204,73.8567,2026-04-23 23:00:00,48.3,43.0,1079.0,20.4,24.5,119.0,29.0,37,0.0,6.7
Pune,18.5204,73.8567,2026-04-24 00:00:00,49.4,43.4,998.0,24.7,24.6,104.0,28.5,38,0.0,6.1
Pune,18.5204,73.8567,2026-04-24 01:00:00,53.0,46.6,820.0,29.5,23.0,86.0,28.5,37,0.0,5.6
Pune,18.5204,73.8567,2026-04-24 02:00:00,58.7,52.2,668.0,33.5,22.0,71.0,28.0,37,0.0,5.7
Pune,18.5204,73.8567,2026-04-24 03:00:00,64.5,57.7,582.0,36.7,22.8,60.0,27.0,39,0.0,6.6
Pune,18.5204,73.8567,2026-04-24 04:00:00,67.8,61.0,521.0,39.1,24.2,51.0,26.3,40,0.0,6.3
Pune,18.5204,73.8567,2026-04-24 05:00:00,70.3,62.9,488.0,42.4,17.5,32.0,25.7,45,0.0,4.8
Pune,18.5204,73.8567,2026-04-24 06:00:00,68.7,61.7,506.0,35.5,20.7,60.0,25.6,47,0.0,2.3
Pune,18.5204,73.8567,2026-04-24 07:00:00,60.8,55.2,552.0,25.9,24.9,99.0,27.1,43,0.0,2.3
Pune,18.5204,73.8567,2026-04-24 08:00:00,51.8,45.9,555.0,17.4,26.5,132.0,29.9,35,0.0,2.5
Pune,18.5204,73.8567,2026-04-24 09:00:00,41.7,37.1,466.0,11.1,23.0,155.0,32.3,28,0.0,2.2
Pune,18.5204,73.8567,2026-04-24 10:00:00,33.5,29.7,335.0,6.0,16.8,172.0,35.5,21,0.0,5.8
Pune,18.5204,73.8567,2026-04-24 11:00:00,30.5,26.4,238.0,2.4,11.6,182.0,37.2,17,0.0,11.1
Pune,18.5204,73.8567,2026-04-24 12:00:00,28.9,24.7,212.0,1.0,8.9,183.0,38.4,15,0.0,12.3
Pune,18.5204,73.8567,2026-04-24 13:00:00,28.1,23.9,222.0,1.2,7.3,178.0,39.1,14,0.0,9.1
Pune,18.5204,73.8567,2026-04-24 14:00:00,27.4,23.4,235.0,1.6,6.1,173.0,39.7,13,0.0,10.8
Pune,18.5204,73.8567,2026-04-24 15:00:00,27.2,23.4,238.0,1.3,5.2,172.0,35.6,21,0.0,17.5
Pune,18.5204,73.8567,2026-04-24 16:00:00,27.2,23.5,244.0,1.2,4.8,171.0,35.5,19,0.0,14.3
Pune,18.5204,73.8567,2026-04-24 17:00:00,29.6,25.0,269.0,2.8,5.5,172.0,37.9,14,0.0,10.9
Pune,18.5204,73.8567,2026-04-24 18:00:00,30.7,26.5,323.0,8.2,7.1,159.0,36.3,15,0.0,4.0
Pune,18.5204,73.8567,2026-04-24 19:00:00,34.5,30.6,394.0,15.8,9.4,140.0,33.8,23,0.0,11.4
Pune,18.5204,73.8567,2026-04-24 20:00:00,39.8,36.0,467.0,22.1,11.5,122.0,32.4,28,0.0,6.8
Pune,18.5204,73.8567,2026-04-24 21:00:00,39.5,35.6,550.0,25.8,13.1,106.0,31.4,32,0.0,8.3
Pune,18.5204,73.8567,2026-04-24 22:00:00,42.3,37.8,633.0,28.2,14.5,90.0,30.6,35,0.0,6.3
Pune,18.5204,73.8567,2026-04-24 23:00:00,46.6,42.3,673.0,30.2,15.5,77.0,29.6,37,0.0,3.6
Pune,18.5204,73.8567,2026-04-25 00:00:00,46.9,42.4,632.0,32.0,15.8,70.0,29.2,39,0.0,5.9
Pune,18.5204,73.8567,2026-04-25 01:00:00,49.1,44.1,548.0,33.3,15.8,65.0,28.3,42,0.0,3.5
Pune,18.5204,73.8567,2026-04-25 02:00:00,52.5,47.0,487.0,33.9,16.1,62.0,28.0,43,0.0,2.7
Pune,18.5204,73.8567,2026-04-25 03:00:00,54.1,48.9,480.0,34.0,17.0,55.0,27.3,45,0.0,0.9
Pune,18.5204,73.8567,2026-04-25 04:00:00,52.2,47.3,496.0,33.4,18.2,50.0,27.0,46,0.0,0.8
Pune,18.5204,73.8567,2026-04-25 05:00:00,69.4,63.6,509.0,59.7,19.3,22.0,26.7,50,0.0,0.9
Pune,18.5204,73.8567,2026-04-25 06:00:00,71.2,65.2,518.0,47.9,20.5,55.0,26.9,51,0.0,0.4
Pune,18.5204,73.8567,2026-04-25 07:00:00,61.0,56.3,522.0,31.6,21.9,101.0,27.9,45,0.0,3.0
Pune,18.5204,73.8567,2026-04-25 08:00:00,48.2,41.7,497.0,18.0,21.6,138.0,31.2,33,0.0,2.8
Pune,18.5204,73.8567,2026-04-25 09:00:00,37.8,29.6,411.0,10.1,17.8,157.0,34.5,20,0.0,5.7
Pune,18.5204,73.8567,2026-04-25 10:00:00,31.1,23.0,295.0,5.1,12.2,168.0,37.2,14,0.0,9.6
Pune,18.5204,73.8567,2026-04-25 11:00:00,31.8,24.5,212.0,1.8,7.8,174.0,38.4,13,0.0,13.6
Pune,18.5204,73.8567,2026-04-25 12:00:00,33.3,26.3,193.0,0.5,6.0,177.0,38.9,13,0.0,12.8
Pune,18.5204,73.8567,2026-04-25 13:00:00,33.8,26.8,207.0,1.0,5.5,177.0,40.0,12,0.0,11.0
Pune,18.5204,73.8567,2026-04-25 14:00:00,33.5,26.8,224.0,1.6,5.2,175.0,39.7,13,0.0,8.1
Pune,18.5204,73.8567,2026-04-25 15:00:00,33.4,26.8,230.0,1.6,4.4,174.0,38.6,14,0.0,8.9
Pune,18.5204,73.8567,2026-04-25 16:00:00,34.2,27.5,240.0,1.8,3.8,172.0,38.3,14,0.0,6.7
Pune,18.5204,73.8567,2026-04-25 17:00:00,32.8,26.7,262.0,3.7,3.8,167.0,37.8,13,0.0,10.9
Pune,18.5204,73.8567,2026-04-25 18:00:00,36.7,30.2,312.0,5.8,6.6,164.0,37.1,14,0.0,6.8
Pune,18.5204,73.8567,2026-04-25 19:00:00,41.4,34.8,374.0,8.8,10.6,160.0,35.3,19,0.0,1.5
Pune,18.5204,73.8567,2026-04-25 20:00:00,43.8,37.8,417.0,11.7,14.6,153.0,33.5,22,0.0,12.0
Pune,18.5204,73.8567,2026-04-25 21:00:00,41.7,36.2,425.0,14.2,18.7,143.0,31.7,30,0.0,10.6
Pune,18.5204,73.8567,2026-04-25 22:00:00,35.7,31.0,413.0,16.5,22.8,131.0,30.9,31,0.0,11.5
Pune,18.5204,73.8567,2026-04-25 23:00:00,30.6,26.4,395.0,18.4,24.9,118.0,30.3,31,0.0,10.2
Pune,18.5204,73.8567,2026-04-26 00:00:00,27.3,23.2,368.0,19.6,23.7,105.0,30.0,27,0.0,5.6
Pune,18.5204,73.8567,2026-04-26 01:00:00,26.0,21.8,333.0,20.3,20.6,92.0,29.3,25,0.0,7.5
Pune,18.5204,73.8567,2026-04-26 02:00:00,25.8,21.5,313.0,21.2,17.9,81.0,28.7,23,0.0,9.3
Pune,18.5204,73.8567,2026-04-26 03:00:00,25.9,21.6,316.0,22.7,16.4,70.0,28.3,22,0.0,7.4
Pune,18.5204,73.8567,2026-04-26 04:00:00,26.1,21.8,334.0,24.2,15.3,60.0,27.8,24,0.0,8.8
Pune,18.5204,73.8567,2026-04-26 05:00:00,27.6,23.7,354.0,24.2,18.7,67.0,26.8,34,0.0,6.1
Pune,18.5204,73.8567,2026-04-26 06:00:00,27.3,23.6,385.0,22.9,18.5,79.0,27.1,34,0.0,7.8
Pune,18.5204,73.8567,2026-04-26 07:00:00,27.1,24.4,419.0,20.9,18.2,96.0,29.1,29,0.0,7.6
Pune,18.5204,73.8567,2026-04-26 08:00:00,21.5,18.6,425.0,17.9,17.1,115.0,32.5,20,0.0,5.6
Pune,18.5204,73.8567,2026-04-26 09:00:00,18.8,14.8,377.0,13.0,14.7,136.0,35.5,16,0.0,3.9
Pune,18.5204,73.8567,2026-04-26 10:00:00,19.2,14.1,302.0,7.2,11.6,158.0,37.9,14,0.0,3.8
Pune,18.5204,73.8567,2026-04-26 11:00:00,24.3,17.9,244.0,2.9,9.0,174.0,38.3,14,0.0,6.4
Pune,18.5204,73.8567,2026-04-26 12:00:00,28.1,20.8,224.0,1.4,7.5,180.0,40.1,13,0.0,5.1
Pune,18.5204,73.8567,2026-04-26 13:00:00,29.2,21.7,222.0,1.4,6.6,181.0,41.0,12,0.0,2.0
Pune,18.5204,73.8567,2026-04-26 14:00:00,29.6,21.9,226.0,1.8,6.1,181.0,40.5,12,0.0,3.7
Pune,18.5204,73.8567,2026-04-26 15:00:00,30.0,22.2,234.0,1.9,5.8,182.0,39.5,13,0.0,3.6
Pune,18.5204,73.8567,2026-04-26 16:00:00,30.6,22.6,247.0,2.4,5.8,182.0,39.6,13,0.0,7.0
Pune,18.5204,73.8567,2026-04-26 17:00:00,43.1,29.0,263.0,3.8,9.2,174.0,37.1,23,0.0,12.0
Pune,18.5204,73.8567,2026-04-26 18:00:00,40.9,26.3,282.0,5.4,11.1,153.0,34.3,28,0.0,18.5
Pune,18.5204,73.8567,2026-04-26 19:00:00,39.1,23.3,303.0,7.7,13.7,123.0,32.9,40,0.0,13.1
Pune,18.5204,73.8567,2026-04-26 20:00:00,38.8,21.7,316.0,9.7,15.4,97.0,30.7,51,0.0,10.5
Pune,18.5204,73.8567,2026-04-26 21:00:00,38.1,21.1,318.0,11.0,15.5,81.0,29.7,56,0.0,9.7
Pune,18.5204,73.8567,2026-04-26 22:00:00,38.1,21.0,313.0,12.1,14.7,69.0,28.6,60,0.0,11.1
Pune,18.5204,73.8567,2026-04-26 23:00:00,38.0,20.8,303.0,12.9,14.2,60.0,28.2,62,0.0,8.1
Pune,18.5204,73.8567,2026-04-27 00:00:00,38.4,20.5,284.0,13.5,14.2,54.0,27.8,62,0.0,8.6
Pune,18.5204,73.8567,2026-04-27 01:00:00,39.0,20.5,259.0,13.9,14.3,50.0,27.3,63,0.0,10.4
Pune,18.5204,73.8567,2026-04-27 02:00:00,38.1,20.6,243.0,14.2,14.7,48.0,27.0,59,0.0,10.0
Pune,18.5204,73.8567,2026-04-27 03:00:00,39.8,20.8,243.0,14.6,15.3,47.0,26.2,62,0.0,9.4
Pune,18.5204,73.8567,2026-04-27 04:00:00,40.4,21.0,251.0,14.8,16.2,47.0,25.4,67,0.0,9.2
Pune,18.5204,73.8567,2026-04-27 05:00:00,39.7,21.5,262.0,15.1,17.1,52.0,24.6,74,0.0,10.4
Pune,18.5204,73.8567,2026-04-27 06:00:00,36.4,21.5,278.0,14.5,18.1,63.0,24.8,72,0.0,9.5
Pune,18.5204,73.8567,2026-04-27 07:00:00,44.4,23.6,296.0,13.5,19.3,80.0,26.7,60,0.0,6.9
Pune,18.5204,73.8567,2026-04-27 08:00:00,48.1,22.9,303.0,11.8,19.2,97.0,30.4,38,0.0,6.3
Pune,18.5204,73.8567,2026-04-27 09:00:00,46.7,20.7,287.0,8.9,16.6,116.0,33.4,27,0.0,6.9
Pune,18.5204,73.8567,2026-04-27 10:00:00,44.0,18.6,258.0,5.3,12.7,136.0,36.0,22,0.0,7.1
Pune,18.5204,73.8567,2026-04-27 11:00:00,39.0,17.3,237.0,2.6,9.5,151.0,37.0,20,0.0,5.5
Pune,18.5204,73.8567,2026-04-27 12:00:00,36.8,18.5,230.0,1.6,7.7,158.0,38.4,17,0.0,3.9
Pune,18.5204,73.8567,2026-04-27 13:00:00,36.2,19.2,230.0,1.5,6.7,160.0,38.8,16,0.0,4.2
Pune,18.5204,73.8567,2026-04-27 14:00:00,36.2,19.7,233.0,1.7,6.0,160.0,39.4,16,0.0,5.2
Pune,18.5204,73.8567,2026-04-27 15:00:00,36.6,20.1,239.0,1.8,5.6,161.0,39.9,15,0.0,4.3
Pune,18.5204,73.8567,2026-04-27 16:00:00,37.3,20.6,247.0,2.3,5.6,159.0,37.5,20,0.0,15.7
Pune,18.5204,73.8567,2026-04-27 17:00:00,46.3,26.3,257.0,3.2,6.2,153.0,36.2,24,0.0,15.2
Pune,18.5204,73.8567,2026-04-27 18:00:00,43.9,25.5,268.0,5.1,7.4,140.0,34.1,39,0.0,17.9
Pune,18.5204,73.8567,2026-04-27 19:00:00,39.0,23.9,281.0,7.9,9.1,123.0,31.4,55,0.0,15.0
Pune,18.5204,73.8567,2026-04-27 20:00:00,38.5,22.5,291.0,10.4,10.8,106.0,29.6,65,0.0,14.0
Pune,18.5204,73.8567,2026-04-27 21:00:00,37.3,21.9,299.0,12.5,12.4,92.0,28.6,68,0.0,8.1
Pune,18.5204,73.8567,2026-04-27 22:00:00,37.1,22.1,303.0,14.4,14.0,80.0,27.9,70,0.0,7.6
Pune,18.5204,73.8567,2026-04-27 23:00:00,37.3,22.4,302.0,15.9,15.1,69.0,27.5,71,0.0,8.8
Pune,18.5204,73.8567,2026-04-28 00:00:00,36.4,21.9,290.0,16.8,15.3,59.0,27.2,70,0.0,8.5
Pune,18.5204,73.8567,2026-04-28 01:00:00,36.1,21.8,271.0,17.2,14.9,51.0,27.0,67,0.0,9.3
Pune,18.5204,73.8567,2026-04-28 02:00:00,37.8,21.8,255.0,17.4,14.6,45.0,26.7,63,0.0,10.4
Pune,18.5204,73.8567,2026-04-28 03:00:00,37.4,21.8,242.0,17.5,14.3,39.0,26.0,65,0.0,10.7
Pune,18.5204,73.8567,2026-04-28 04:00:00,40.6,23.6,231.0,17.5,14.0,36.0,25.2,69,0.0,10.1
Pune,18.5204,73.8567,2026-04-28 05:00:00,39.9,25.9,228.0,13.8,13.7,43.0,24.9,69,0.0,9.8
Pune,18.5204,73.8567,2026-04-28 06:00:00,44.0,27.9,240.0,13.8,16.1,49.0,25.0,69,0.0,10.3
Pune,18.5204,73.8567,2026-04-28 07:00:00,45.5,27.1,260.0,13.6,19.2,58.0,26.8,53,0.0,8.7
Pune,18.5204,73.8567,2026-04-28 08:00:00,48.8,24.2,269.0,12.5,20.2,71.0,29.5,40,0.0,7.6
Pune,18.5204,73.8567,2026-04-28 09:00:00,43.0,19.0,255.0,9.6,17.1,91.0,32.6,29,0.0,6.0
Pune,18.5204,73.8567,2026-04-28 10:00:00,33.9,16.9,229.0,5.7,11.8,115.0,35.4,22,0.0,5.9
Pune,18.5204,73.8567,2026-04-28 11:00:00,29.9,16.9,213.0,2.8,7.8,135.0,36.7,20,0.0,7.3
Pune,18.5204,73.8567,2026-04-28 12:00:00,30.5,18.9,214.0,1.8,6.3,146.0,38.9,16,0.0,7.5
Pune,18.5204,73.8567,2026-04-28 13:00:00,32.4,20.9,224.0,1.8,6.0,153.0,39.1,15,0.0,7.6
Pune,18.5204,73.8567,2026-04-28 14:00:00,33.5,22.2,237.0,2.0,6.0,158.0,39.1,15,0.0,12.2
Pune,18.5204,73.8567,2026-04-28 15:00:00,34.3,23.2,253.0,2.2,5.9,163.0,38.6,17,0.0,14.6
Pune,18.5204,73.8567,2026-04-28 16:00:00,34.9,23.9,272.0,2.6,6.1,166.0,37.7,19,0.0,17.1
Pune,18.5204,73.8567,2026-04-28 17:00:00,41.3,28.4,287.0,3.5,6.5,161.0,36.9,20,0.0,15.3
Pune,18.5204,73.8567,2026-04-28 18:00:00,38.6,27.3,294.0,5.8,9.2,155.0,34.7,29,0.0,16.4
Pune,18.5204,73.8567,2026-04-28 19:00:00,35.7,26.4,296.0,8.9,12.9,145.0,32.2,43,0.0,14.5
Pune,18.5204,73.8567,2026-04-28 20:00:00,36.4,26.2,296.0,11.9,16.0,133.0,30.2,51,0.0,12.0
Pune,18.5204,73.8567,2026-04-28 21:00:00,37.3,26.3,296.0,14.4,18.0,117.0,29.0,56,0.0,8.8
Pune,18.5204,73.8567,2026-04-28 22:00:00,37.5,26.4,295.0,16.6,19.4,99.0,28.1,59,0.0,9.2
Pune,18.5204,73.8567,2026-04-28 23:00:00,38.1,26.1,286.0,18.3,20.4,84.0,27.3,62,0.0,8.5
Pune,18.5204,73.8567,2026-04-29 00:00:00,38.1,25.4,262.0,19.2,20.9,73.0,26.9,62,0.0,8.8
Pune,18.5204,73.8567,2026-04-29 01:00:00,38.8,24.9,232.0,19.6,21.0,64.0,26.6,56,0.0,9.0
Pune,18.5204,73.8567,2026-04-29 02:00:00,39.2,24.4,211.0,19.9,21.1,57.0,26.1,53,0.0,8.3
Pune,18.5204,73.8567,2026-04-29 03:00:00,39.1,23.6,209.0,20.3,21.1,49.0,25.6,51,0.0,8.2
Pune,18.5204,73.8567,2026-04-29 04:00:00,39.0,22.9,218.0,20.6,21.1,43.0,25.2,49,0.0,8.2
Pune,18.5204,73.8567,2026-04-29 05:00:00,43.1,25.3,228.0,24.5,16.9,29.0,25.2,44,0.0,8.8
Pune,18.5204,73.8567,2026-04-29 06:00:00,42.3,24.7,240.0,21.9,19.8,41.0,25.7,38,0.0,9.2
Pune,18.5204,73.8567,2026-04-29 07:00:00,43.4,25.1,255.0,18.1,23.6,59.0,27.6,32,0.0,8.6
Pune,18.5204,73.8567,2026-04-29 08:00:00,45.2,20.3,259.0,14.3,25.0,78.0,30.5,23,0.0,9.0
Pune,18.5204,73.8567,2026-04-29 09:00:00,39.2,14.9,244.0,10.3,21.9,97.0,33.0,19,0.0,6.6
Pune,18.5204,73.8567,2026-04-29 10:00:00,35.2,13.4,220.0,6.3,16.4,118.0,35.1,18,0.0,7.4
Pune,18.5204,73.8567,2026-04-29 11:00:00,30.9,13.1,204.0,3.3,11.9,134.0,35.7,18,0.0,6.3
Pune,18.5204,73.8567,2026-04-29 12:00:00,29.6,14.8,205.0,2.0,9.6,145.0,37.7,15,0.0,7.5
Pune,18.5204,73.8567,2026-04-29 13:00:00,29.9,16.9,215.0,1.8,8.3,153.0,38.5,15,0.0,10.3
Pune,18.5204,73.8567,2026-04-29 14:00:00,31.1,18.6,223.0,1.9,7.3,156.0,38.6,16,0.0,12.7
Pune,18.5204,73.8567,2026-04-29 15:00:00,31.1,19.0,225.0,1.9,6.3,153.0,38.5,17,0.0,14.1
Pune,18.5204,73.8567,2026-04-29 16:00:00,30.4,18.7,224.0,2.3,5.7,146.0,37.4,19,0.0,16.1
Pune,18.5204,73.8567,2026-04-29 17:00:00,23.1,14.0,225.0,3.2,6.0,139.0,36.7,20,0.0,14.2
Pune,18.5204,73.8567,2026-04-29 18:00:00,21.4,12.6,227.0,5.0,6.2,125.0,34.4,31,0.0,14.9
Pune,18.5204,73.8567,2026-04-29 19:00:00,20.3,12.4,231.0,7.6,6.6,105.0,31.6,47,0.0,13.9
Pune,18.5204,73.8567,2026-04-29 20:00:00,20.2,12.1,238.0,10.2,7.4,87.0,29.8,54,0.0,11.8
Pune,18.5204,73.8567,2026-04-29 21:00:00,21.4,13.2,255.0,12.7,8.8,73.0,28.7,57,0.0,9.6
Pune,18.5204,73.8567,2026-04-29 22:00:00,22.3,14.1,275.0,15.2,10.7,61.0,27.7,60,0.0,9.2
Pune,18.5204,73.8567,2026-04-29 23:00:00,22.6,14.6,282.0,16.8,12.1,53.0,26.6,64,0.0,9.6
Pune,18.5204,73.8567,2026-04-30 00:00:00,22.2,14.3,260.0,16.9,12.8,49.0,26.0,66,0.0,9.2
Pune,18.5204,73.8567,2026-04-30 01:00:00,22.5,13.9,225.0,16.2,13.1,49.0,25.3,67,0.0,9.9
Pune,18.5204,73.8567,2026-04-30 02:00:00,22.9,13.6,201.0,15.5,13.4,49.0,24.7,68,0.0,9.9
Pune,18.5204,73.8567,2026-04-30 03:00:00,23.4,13.5,201.0,15.2,13.7,47.0,24.2,66,0.0,9.7
Pune,18.5204,73.8567,2026-04-30 04:00:00,24.1,13.4,213.0,15.0,14.0,45.0,24.2,57,0.0,10.2
Pune,18.5204,73.8567,2026-04-30 05:00:00,29.8,15.2,227.0,18.0,14.6,41.0,24.6,50,0.0,10.1
Pune,18.5204,73.8567,2026-04-30 06:00:00,31.5,15.0,248.0,15.8,14.5,50.0,25.1,42,0.0,10.4
Pune,18.5204,73.8567,2026-04-30 07:00:00,34.7,16.2,271.0,12.6,14.2,63.0,27.2,34,0.0,8.4
Pune,18.5204,73.8567,2026-04-30 08:00:00,46.8,15.5,277.0,9.6,13.2,76.0,30.5,24,0.0,9.2
Pune,18.5204,73.8567,2026-04-30 09:00:00,52.7,15.9,247.0,6.8,11.0,91.0,33.4,19,0.0,11.7
Pune,18.5204,73.8567,2026-04-30 10:00:00,49.4,16.2,200.0,4.1,8.1,106.0,35.5,16,0.0,14.9
Pune,18.5204,73.8567,2026-04-30 11:00:00,42.3,15.1,167.0,2.2,5.8,118.0,36.3,16,0.0,15.8
Pune,18.5204,73.8567,2026-04-30 12:00:00,35.3,13.9,165.0,1.4,4.6,125.0,37.3,16,0.0,16.7
Pune,18.5204,73.8567,2026-04-30 13:00:00,32.0,14.8,178.0,1.4,4.1,128.0,37.5,17,0.0,18.3
Pune,18.5204,73.8567,2026-04-30 14:00:00,29.6,14.8,188.0,1.6,3.7,128.0,37.3,21,0.0,18.8
Pune,18.5204,73.8567,2026-04-30 15:00:00,28.6,14.3,187.0,1.8,3.3,124.0,36.8,21,0.0,20.2
Pune,18.5204,73.8567,2026-04-30 16:00:00,27.9,13.7,183.0,2.2,3.1,118.0,35.3,27,0.0,19.3
Pune,18.5204,73.8567,2026-04-30 17:00:00,27.0,13.1,185.0,2.9,3.2,107.0,33.8,31,0.0,18.6
Pune,18.5204,73.8567,2026-04-30 18:00:00,28.6,11.6,198.0,4.3,4.0,97.0,31.8,37,0.0,16.9
Pune,18.5204,73.8567,2026-04-30 19:00:00,29.1,12.2,216.0,6.4,5.1,83.0,29.7,48,0.0,14.6
Pune,18.5204,73.8567,2026-04-30 20:00:00,29.9,12.7,234.0,8.6,6.4,71.0,28.3,55,0.0,11.9
Pune,18.5204,73.8567,2026-04-30 21:00:00,29.5,13.2,253.0,11.1,7.9,62.0,27.1,60,0.0,10.2
Pune,18.5204,73.8567,2026-04-30 22:00:00,29.6,14.3,271.0,13.8,9.6,55.0,26.1,66,0.0,9.1
Pune,18.5204,73.8567,2026-04-30 23:00:00,29.6,15.3,276.0,15.6,10.9,49.0,25.3,69,0.0,9.7
Pune,18.5204,73.8567,2026-05-01 00:00:00,29.2,15.3,257.0,16.1,11.6,46.0,25.0,67,0.0,9.3
Pune,18.5204,73.8567,2026-05-01 01:00:00,29.6,15.2,225.0,15.8,11.8,44.0,24.8,62,0.0,9.8
Pune,18.5204,73.8567,2026-05-01 02:00:00,30.9,15.1,204.0,15.3,11.9,44.0,24.5,58,0.0,10.3
Pune,18.5204,73.8567,2026-05-01 03:00:00,32.2,15.1,204.0,14.8,11.7,43.0,24.2,55,0.0,10.7
Pune,18.5204,73.8567,2026-05-01 04:00:00,33.5,15.6,214.0,14.1,11.4,43.0,23.6,58,0.0,10.5
Pune,18.5204,73.8567,2026-05-01 05:00:00,33.6,14.7,223.0,12.0,11.8,53.0,23.2,64,0.0,11.5
Pune,18.5204,73.8567,2026-05-01 06:00:00,37.8,15.3,232.0,10.6,11.0,60.0,23.4,67,0.0,11.6
Pune,18.5204,73.8567,2026-05-01 07:00:00,41.7,16.3,240.0,8.6,9.8,69.0,24.7,67,0.0,10.3
Pune,18.5204,73.8567,2026-05-01 08:00:00,48.3,16.9,239.0,6.7,8.6,79.0,27.3,56,0.0,11.1
Pune,18.5204,73.8567,2026-05-01 09:00:00,54.1,17.2,220.0,4.9,7.2,90.0,30.3,43,0.0,12.4
Pune,18.5204,73.8567,2026-05-01 10:00:00,54.2,16.6,191.0,3.1,5.8,101.0,32.6,34,0.0,14.9
Pune,18.5204,73.8567,2026-05-01 11:00:00,50.6,15.5,169.0,1.8,4.6,108.0,33.9,28,0.0,15.7
Pune,18.5204,73.8567,2026-05-01 12:00:00,46.1,14.4,161.0,1.2,3.7,110.0,34.9,27,0.0,17.9
Pune,18.5204,73.8567,2026-05-01 13:00:00,42.3,13.4,160.0,1.2,3.1,108.0,35.2,30,0.0,18.0
Pune,18.5204,73.8567,2026-05-01 14:00:00,40.0,12.7,162.0,1.3,2.7,105.0,35.5,29,0.0,18.3
Pune,18.5204,73.8567,2026-05-01 15:00:00,39.9,12.4,166.0,1.4,2.4,102.0,35.0,29,0.0,19.7
Pune,18.5204,73.8567,2026-05-01 16:00:00,40.9,12.5,172.0,1.8,2.3,98.0,33.9,31,0.0,20.2
Pune,18.5204,73.8567,2026-05-01 17:00:00,43.4,13.4,179.0,2.6,3.0,97.0,32.4,35,0.0,17.8
Pune,18.5204,73.8567,2026-05-01 18:00:00,40.9,13.3,186.0,3.9,3.8,90.0,30.3,43,0.0,17.4
Pune,18.5204,73.8567,2026-05-01 19:00:00,35.2,13.2,195.0,5.7,4.9,79.0,28.4,52,0.0,15.8
Pune,18.5204,73.8567,2026-05-01 20:00:00,34.3,13.4,204.0,7.3,6.0,70.0,26.7,63,0.0,13.5
Pune,18.5204,73.8567,2026-05-01 21:00:00,34.1,13.5,217.0,8.4,7.1,64.0,25.5,71,0.0,12.3
Pune,18.5204,73.8567,2026-05-01 22:00:00,35.0,14.1,232.0,9.4,8.3,60.0,24.6,78,0.0,10.7
Pune,18.5204,73.8567,2026-05-01 23:00:00,36.0,14.6,238.0,10.2,9.3,56.0,24.1,81,0.0,9.8
Pune,18.5204,73.8567,2026-05-02 00:00:00,37.0,14.8,229.0,10.9,10.0,52.0,24.0,78,0.0,8.6
Pune,18.5204,73.8567,2026-05-02 01:00:00,37.8,15.1,212.0,11.6,10.5,50.0,23.8,73,0.0,8.1
Pune,18.5204,73.8567,2026-05-02 02:00:00,39.7,15.7,200.0,12.2,10.9,47.0,23.2,76,0.0,6.9
Pune,18.5204,73.8567,2026-05-02 03:00:00,43.5,16.4,195.0,13.1,11.4,44.0,22.8,76,0.0,7.3
Pune,18.5204,73.8567,2026-05-02 04:00:00,48.3,17.2,195.0,14.0,11.8,41.0,22.6,73,0.0,8.1
Pune,18.5204,73.8567,2026-05-02 05:00:00,52.5,18.4,202.0,15.0,12.3,41.0,22.7,78,0.0,9.0
Pune,18.5204,73.8567,2026-05-02 06:00:00,55.1,18.9,228.0,13.2,12.2,50.0,23.5,68,0.0,8.7
Pune,18.5204,73.8567,2026-05-02 07:00:00,60.3,20.5,261.0,10.8,12.0,62.0,25.5,57,0.0,7.3
Pune,18.5204,73.8567,2026-05-02 08:00:00,78.5,21.2,275.0,8.3,11.3,75.0,28.9,41,0.0,8.5
Pune,18.5204,73.8567,2026-05-02 09:00:00,75.2,20.7,249.0,6.0,9.6,88.0,32.1,30,0.0,11.0
Pune,18.5204,73.8567,2026-05-02 10:00:00,69.6,20.3,203.0,3.7,7.4,102.0,34.8,23,0.0,14.1
Pune,18.5204,73.8567,2026-05-02 11:00:00,67.1,19.6,169.0,2.0,5.5,111.0,35.8,20,0.0,15.2
Pune,18.5204,73.8567,2026-05-02 12:00:00,71.5,19.2,163.0,1.3,4.3,113.0,36.7,21,0.0,17.0
Pune,18.5204,73.8567,2026-05-02 13:00:00,77.5,19.0,169.0,1.3,3.4,111.0,37.0,22,0.0,17.4
Pune,18.5204,73.8567,2026-05-02 14:00:00,75.7,18.6,175.0,1.5,2.8,109.0,36.2,24,0.0,18.5
Pune,18.5204,73.8567,2026-05-02 15:00:00,72.6,18.2,176.0,1.7,2.6,108.0,35.9,25,0.0,18.9
Pune,18.5204,73.8567,2026-05-02 16:00:00,66.6,17.5,178.0,2.0,2.7,107.0,34.7,30,0.0,20.3
Pune,18.5204,73.8567,2026-05-02 17:00:00,51.8,15.8,181.0,2.9,3.3,103.0,33.5,32,0.0,17.6
Pune,18.5204,73.8567,2026-05-02 18:00:00,42.1,15.0,188.0,4.4,4.2,94.0,31.2,43,0.0,16.7
Pune,18.5204,73.8567,2026-05-02 19:00:00,35.2,14.6,197.0,6.5,5.4,81.0,28.8,56,0.0,14.7
Pune,18.5204,73.8567,2026-05-02 20:00:00,35.6,15.0,207.0,8.3,6.7,70.0,27.3,62,0.0,13.1
Pune,18.5204,73.8567,2026-05-02 21:00:00,35.3,15.3,220.0,9.6,8.0,62.0,26.0,70,0.0,12.1
Pune,18.5204,73.8567,2026-05-02 22:00:00,35.4,15.8,234.0,10.7,9.3,56.0,25.0,77,0.0,10.8
Pune,18.5204,73.8567,2026-05-02 23:00:00,35.4,16.1,239.0,11.4,10.3,52.0,24.3,81,0.0,10.6
Pune,18.5204,73.8567,2026-05-03 00:00:00,35.2,15.9,226.0,11.4,10.9,50.0,24.4,74,0.0,11.4
Pune,18.5204,73.8567,2026-05-03 01:00:00,35.4,15.9,204.0,11.0,11.1,50.0,23.8,76,0.0,11.2
Pune,18.5204,73.8567,2026-05-03 02:00:00,36.9,16.1,189.0,10.6,10.9,49.0,23.1,81,0.0,11.4
Pune,18.5204,73.8567,2026-05-03 03:00:00,37.6,16.8,189.0,10.6,9.9,46.0,22.5,85,0.0,11.1
Pune,18.5204,73.8567,2026-05-03 04:00:00,39.6,19.7,196.0,10.6,8.5,44.0,22.1,88,0.0,10.8
Pune,18.5204,73.8567,2026-05-03 05:00:00,40.6,18.9,207.0,13.3,11.8,42.0,21.9,90,0.0,11.1
Pune,18.5204,73.8567,2026-05-03 06:00:00,46.0,22.4,229.0,11.7,11.1,50.0,22.3,86,0.0,10.6
Pune,18.5204,73.8567,2026-05-03 07:00:00,50.1,21.1,255.0,9.4,10.0,63.0,24.0,77,0.0,8.7
Pune,18.5204,73.8567,2026-05-03 08:00:00,54.7,20.2,264.0,7.2,8.8,76.0,27.3,58,0.0,9.4
Pune,18.5204,73.8567,2026-05-03 09:00:00,54.6,19.2,239.0,5.2,7.4,91.0,30.8,41,0.0,10.0
Pune,18.5204,73.8567,2026-05-03 10:00:00,58.9,18.9,197.0,3.2,5.9,108.0,34.0,29,0.0,12.5
Pune,18.5204,73.8567,2026-05-03 11:00:00,69.2,18.3,166.0,1.8,4.6,119.0,35.6,21,0.0,14.8
Pune,18.5204,73.8567,2026-05-03 12:00:00,73.8,17.9,158.0,1.2,3.7,123.0,36.8,18,0.0,16.3
Pune,18.5204,73.8567,2026-05-03 13:00:00,75.0,18.0,162.0,1.2,3.0,121.0,37.2,18,0.0,17.6
Pune,18.5204,73.8567,2026-05-03 14:00:00,71.9,17.5,167.0,1.4,2.5,119.0,36.9,19,0.0,17.8
Pune,18.5204,73.8567,2026-05-03 15:00:00,64.7,16.4,170.0,1.5,2.3,117.0,36.7,19,0.0,18.9
Pune,18.5204,73.8567,2026-05-03 16:00:00,57.5,15.3,175.0,1.8,2.3,114.0,35.8,20,0.0,20.0
Pune,18.5204,73.8567,2026-05-03 17:00:00,48.2,13.3,183.0,2.6,2.7,105.0,34.4,23,0.0,18.2
Pune,18.5204,73.8567,2026-05-03 18:00:00,40.0,12.5,194.0,4.1,3.7,96.0,32.3,29,0.0,16.8
Pune,18.5204,73.8567,2026-05-03 19:00:00,30.7,12.2,208.0,6.3,5.0,83.0,30.0,42,0.0,15.5
Pune,18.5204,73.8567,2026-05-03 20:00:00,28.2,12.2,221.0,8.3,6.4,71.0,28.2,55,0.0,12.5
Pune,18.5204,73.8567,2026-05-03 21:00:00,27.8,12.6,236.0,10.1,7.7,63.0,26.6,65,0.0,11.5
Pune,18.5204,73.8567,2026-05-03 22:00:00,28.2,13.5,250.0,11.8,9.0,56.0,25.3,73,0.0,11.0
Pune,18.5204,73.8567,2026-05-03 23:00:00,29.0,14.3,255.0,12.9,10.0,51.0,24.8,72,0.0,11.4
Pune,18.5204,73.8567,2026-05-04 00:00:00,29.2,14.3,244.0,13.1,10.5,48.0,24.5,68,0.0,12.1
Pune,18.5204,73.8567,2026-05-04 01:00:00,29.3,14.3,224.0,12.8,10.7,46.0,23.8,70,0.0,12.2
Pune,18.5204,73.8567,2026-05-04 02:00:00,29.9,14.7,209.0,12.4,10.5,45.0,22.9,76,0.0,11.7
Pune,18.5204,73.8567,2026-05-04 03:00:00,30.9,15.7,206.0,12.4,9.7,42.0,22.3,81,0.0,11.2
Pune,18.5204,73.8567,2026-05-04 04:00:00,33.3,18.0,207.0,12.3,8.6,39.0,21.8,86,0.0,10.6
Pune,18.5204,73.8567,2026-05-04 05:00:00,34.3,18.7,212.0,10.3,6.7,46.0,21.7,87,0.0,9.9
Pune,18.5204,73.8567,2026-05-04 06:00:00,34.1,17.2,223.0,9.3,7.0,54.0,22.3,83,0.0,10.1
Pune,18.5204,73.8567,2026-05-04 07:00:00,34.9,16.5,236.0,7.9,7.3,65.0,23.9,76,0.0,9.6
Pune,18.5204,73.8567,2026-05-04 08:00:00,42.3,15.9,238.0,6.4,7.2,76.0,26.5,62,0.0,10.3
Pune,18.5204,73.8567,2026-05-04 09:00:00,47.1,15.2,218.0,4.8,6.5,89.0,29.8,43,0.0,12.4
Pune,18.5204,73.8567,2026-05-04 10:00:00,50.4,14.8,187.0,3.1,5.4,102.0,32.6,30,0.0,15.3
Pune,18.5204,73.8567,2026-05-04 11:00:00,55.4,14.8,164.0,1.8,4.4,111.0,34.1,24,0.0,17.2
Pune,18.5204,73.8567,2026-05-04 12:00:00,62.9,14.9,156.0,1.3,3.6,114.0,35.1,24,0.0,19.3
Pune,18.5204,73.8567,2026-05-04 13:00:00,67.1,15.1,155.0,1.2,2.9,114.0,35.7,22,0.0,19.3
Pune,18.5204,73.8567,2026-05-04 14:00:00,67.1,15.3,157.0,1.3,2.5,112.0,36.2,19,0.0,19.8
Pune,18.5204,73.8567,2026-05-04 15:00:00,65.2,15.2,159.0,1.5,2.4,109.0,36.0,18,0.0,20.3
Pune,18.5204,73.8567,2026-05-04 16:00:00,62.6,15.0,163.0,1.9,2.5,105.0,35.0,20,0.0,19.8
Pune,18.5204,73.8567,2026-05-04 17:00:00,52.6,13.1,169.0,2.6,2.7,97.0,34.1,20,0.0,17.5
Pune,18.5204,73.8567,2026-05-04 18:00:00,39.8,11.5,179.0,4.0,3.6,89.0,31.9,32,0.0,16.2
Pune,18.5204,73.8567,2026-05-04 19:00:00,26.2,10.1,191.0,5.9,4.9,78.0,29.6,46,0.0,14.6
Pune,18.5204,73.8567,2026-05-04 20:00:00,21.2,9.5,205.0,7.6,6.1,69.0,27.7,58,0.0,12.3
Pune,18.5204,73.8567,2026-05-04 21:00:00,20.3,9.6,224.0,8.7,7.2,63.0,26.2,70,0.0,10.4
Pune,18.5204,73.8567,2026-05-04 22:00:00,21.0,10.3,244.0,9.6,8.3,59.0,25.0,79,0.0,9.0
Pune,18.5204,73.8567,2026-05-04 23:00:00,21.9,11.0,255.0,10.3,9.2,56.0,24.2,83,0.0,8.5
Pune,18.5204,73.8567,2026-05-05 00:00:00,22.6,11.2,248.0,10.9,9.9,52.0,23.8,84,0.0,9.3
Pune,18.5204,73.8567,2026-05-05 01:00:00,22.5,11.5,230.0,11.4,10.5,49.0,23.2,87,0.0,9.4
Pune,18.5204,73.8567,2026-05-05 02:00:00,22.6,11.8,217.0,11.7,10.9,47.0,22.6,89,0.0,9.1
Pune,18.5204,73.8567,2026-05-05 03:00:00,23.6,12.2,211.0,12.0,11.1,44.0,22.1,92,0.0,9.4
Pune,18.5204,73.8567,2026-05-05 04:00:00,24.7,12.7,208.0,12.2,11.1,43.0,21.7,93,0.0,9.4
Pune,18.5204,73.8567,2026-05-05 05:00:00,25.8,14.1,212.0,14.0,12.2,40.0,21.7,95,0.0,8.8
Pune,18.5204,73.8567,2026-05-05 06:00:00,30.2,18.0,231.0,12.3,11.7,47.0,22.2,91,0.0,8.2
Pune,18.5204,73.8567,2026-05-05 07:00:00,34.9,17.1,258.0,10.0,11.0,58.0,23.6,84,0.0,6.8
Pune,18.5204,73.8567,2026-05-05 08:00:00,46.2,17.2,266.0,7.7,10.0,70.0,26.5,69,0.0,7.2
Pune,18.5204,73.8567,2026-05-05 09:00:00,58.7,18.6,239.0,5.6,8.4,84.0,29.9,53,0.0,7.5
Pune,18.5204,73.8567,2026-05-05 10:00:00,65.7,20.1,195.0,3.5,6.4,99.0,33.0,37,0.0,9.4
Pune,18.5204,73.8567,2026-05-05 11:00:00,74.0,19.8,162.0,2.0,4.8,110.0,34.8,22,0.0,11.0
Pune,18.5204,73.8567,2026-05-05 12:00:00,70.5,18.5,153.0,1.4,3.9,115.0,35.8,19,0.0,11.6
Pune,18.5204,73.8567,2026-05-05 13:00:00,65.4,17.5,155.0,1.3,3.5,116.0,36.3,18,0.0,12.0
Pune,18.5204,73.8567,2026-05-05 14:00:00,60.8,16.9,159.0,1.5,3.2,116.0,36.5,18,0.0,12.5
Pune,18.5204,73.8567,2026-05-05 15:00:00,55.5,16.2,161.0,1.7,3.0,114.0,36.3,19,0.0,14.0
Pune,18.5204,73.8567,2026-05-05 16:00:00,52.3,16.0,166.0,2.1,2.9,111.0,34.3,25,0.0,18.1
Pune,18.5204,73.8567,2026-05-05 17:00:00,45.8,14.2,173.0,2.8,3.1,110.0,32.7,29,0.0,20.3
Pune,18.5204,73.8567,2026-05-05 18:00:00,43.7,14.7,186.0,4.2,4.1,103.0,32.2,28,0.0,17.3
Pune,18.5204,73.8567,2026-05-05 19:00:00,38.1,15.6,202.0,6.1,5.7,94.0,29.6,47,0.0,16.6
Pune,18.5204,73.8567,2026-05-05 20:00:00,38.5,17.1,216.0,8.0,7.4,85.0,27.5,66,0.0,13.9
Pune,18.5204,73.8567,2026-05-05 21:00:00,38.5,18.2,228.0,9.8,9.4,79.0,26.1,76,0.0,12.7
Pune,18.5204,73.8567,2026-05-05 22:00:00,38.9,19.2,237.0,11.6,11.7,73.0,25.1,82,0.0,11.8
Pune,18.5204,73.8567,2026-05-05 23:00:00,39.5,20.0,241.0,13.0,13.5,68.0,24.6,85,0.0,8.8
Pune,18.5204,73.8567,2026-05-06 00:00:00,41.0,20.5,234.0,13.8,14.5,63.0,24.1,86,0.0,8.6
Pune,18.5204,73.8567,2026-05-06 01:00:00,43.0,21.2,221.0,14.2,15.1,58.0,23.5,89,0.0,10.7
Pune,18.5204,73.8567,2026-05-06 02:00:00,44.9,22.0,215.0,14.9,15.6,53.0,23.0,90,0.0,12.2
Pune,18.5204,73.8567,2026-05-06 03:00:00,46.7,22.8,220.0,16.5,16.3,46.0,22.6,90,0.0,6.7
Pune,18.5204,73.8567,2026-05-06 04:00:00,48.0,23.6,232.0,18.3,17.0,40.0,22.3,92,0.0,4.1
Pune,18.5204,73.8567,2026-05-06 05:00:00,46.1,22.2,246.0,15.0,13.5,44.0,22.4,92,0.0,5.2
Pune,18.5204,73.8567,2026-05-06 06:00:00,49.2,23.2,268.0,13.5,13.1,52.0,22.5,91,0.0,5.8
Pune,18.5204,73.8567,2026-05-06 07:00:00,53.4,24.4,293.0,11.3,12.5,64.0,23.6,81,0.0,5.1
Pune,18.5204,73.8567,2026-05-06 08:00:00,57.0,23.2,303.0,9.0,11.4,79.0,26.1,62,0.0,3.7
Pune,18.5204,73.8567,2026-05-06 09:00:00,56.7,21.9,284.0,6.5,9.3,99.0,29.3,43,0.0,2.7
Pune,18.5204,73.8567,2026-05-06 10:00:00,59.6,20.8,250.0,3.8,6.7,121.0,32.4,29,0.0,3.4
Pune,18.5204,73.8567,2026-05-06 11:00:00,60.8,20.1,223.0,1.9,4.8,138.0,33.9,20,0.0,4.8
Pune,18.5204,73.8567,2026-05-06 12:00:00,60.5,20.1,210.0,1.2,4.1,145.0,35.9,18,0.0,3.0
Pune,18.5204,73.8567,2026-05-06 13:00:00,59.6,20.0,204.0,1.2,4.0,147.0,36.9,16,0.0,2.7
Pune,18.5204,73.8567,2026-05-06 14:00:00,57.9,19.8,202.0,1.5,4.2,148.0,37.2,15,0.0,6.8
Pune,18.5204,73.8567,2026-05-06 15:00:00,55.4,19.3,202.0,1.6,4.1,151.0,37.2,14,0.0,8.2
Pune,18.5204,73.8567,2026-05-06 16:00:00,53.1,18.9,205.0,2.0,4.2,153.0,37.2,14,0.0,5.9
Pune,18.5204,73.8567,2026-05-06 17:00:00,49.0,19.4,214.0,3.2,5.7,154.0,36.5,16,0.0,11.5
Pune,18.5204,73.8567,2026-05-06 18:00:00,48.8,21.4,232.0,5.6,8.7,151.0,32.3,40,0.0,16.4
Pune,18.5204,73.8567,2026-05-06 19:00:00,43.3,24.6,257.0,9.1,12.8,146.0,30.8,48,0.0,15.2
Pune,18.5204,73.8567,2026-05-06 20:00:00,42.3,27.9,281.0,11.9,16.5,139.0,29.1,56,0.0,11.6
Pune,18.5204,73.8567,2026-05-06 21:00:00,42.7,29.7,302.0,13.4,19.3,130.0,27.9,64,0.0,7.0
Pune,18.5204,73.8567,2026-05-06 22:00:00,44.0,30.0,323.0,14.4,21.6,119.0,27.3,68,0.0,6.6
Pune,18.5204,73.8567,2026-05-06 23:00:00,44.8,29.3,342.0,15.4,22.9,107.0,26.6,72,0.0,5.0
Pune,18.5204,73.8567,2026-05-07 00:00:00,44.7,28.5,359.0,16.6,22.8,94.0,26.4,72,0.0,3.6
Pune,18.5204,73.8567,2026-05-07 01:00:00,45.4,29.2,374.0,17.8,21.7,81.0,25.9,74,0.0,5.7
Pune,18.5204,73.8567,2026-05-07 02:00:00,47.3,30.2,388.0,19.3,20.6,68.0,25.4,77,0.0,4.7
Pune,18.5204,73.8567,2026-05-07 03:00:00,50.3,31.3,402.0,22.1,19.5,54.0,24.9,80,0.0,6.4
Pune,18.5204,73.8567,2026-05-07 04:00:00,54.8,34.1,414.0,25.2,18.4,41.0,24.5,80,0.0,5.9
Pune,18.5204,73.8567,2026-05-07 05:00:00,59.8,40.5,419.0,26.0,21.5,47.0,24.6,78,0.0,5.9
Pune,18.5204,73.8567,2026-05-07 06:00:00,57.9,39.1,416.0,22.5,19.6,62.0,25.3,72,0.0,3.4
Pune,18.5204,73.8567,2026-05-07 07:00:00,54.8,33.1,405.0,17.5,17.0,82.0,27.2,62,0.0,1.3
Pune,18.5204,73.8567,2026-05-07 08:00:00,62.2,27.9,379.0,12.8,14.3,103.0,30.2,48,0.0,4.3
Pune,18.5204,73.8567,2026-05-07 09:00:00,64.0,24.3,323.0,8.5,11.6,123.0,33.0,32,0.0,9.5
Pune,18.5204,73.8567,2026-05-07 10:00:00,59.5,21.2,253.0,4.5,8.8,142.0,34.7,26,0.0,9.8
Pune,18.5204,73.8567,2026-05-07 11:00:00,57.9,20.4,202.0,1.7,6.7,156.0,35.1,23,0.0,8.9
Pune,18.5204,73.8567,2026-05-07 12:00:00,56.6,20.0,189.0,0.9,5.7,161.0,36.6,19,0.0,8.6
Pune,18.5204,73.8567,2026-05-07 13:00:00,57.2,20.4,195.0,1.3,5.4,160.0,37.3,17,0.0,9.3
Pune,18.5204,73.8567,2026-05-07 14:00:00,60.1,21.7,205.0,1.8,5.3,159.0,37.2,17,0.0,13.6
Pune,18.5204,73.8567,2026-05-07 15:00:00,57.4,20.6,212.0,2.0,5.0,160.0,36.7,16,0.0,16.0
Pune,18.5204,73.8567,2026-05-07 16:00:00,59.8,22.2,222.0,2.2,5.0,161.0,36.7,15,0.0,9.1
Pune,18.5204,73.8567,2026-05-07 17:00:00,89.6,39.2,236.0,4.7,8.8,160.0,36.5,17,0.0,9.4
Pune,18.5204,73.8567,2026-05-07 18:00:00,90.8,44.2,255.0,5.9,9.7,159.0,33.8,25,0.0,15.4
Pune,18.5204,73.8567,2026-05-07 19:00:00,95.2,49.2,278.0,7.7,11.0,158.0,32.7,27,0.0,15.5
Pune,18.5204,73.8567,2026-05-07 20:00:00,96.9,51.2,304.0,9.6,12.1,153.0,32.3,28,0.0,10.3
Pune,18.5204,73.8567,2026-05-07 21:00:00,95.7,51.8,341.0,11.8,12.7,141.0,31.5,32,0.0,9.8
Pune,18.5204,73.8567,2026-05-07 22:00:00,95.5,52.0,381.0,14.1,13.2,126.0,30.7,36,0.0,6.3
Pune,18.5204,73.8567,2026-05-07 23:00:00,92.7,51.9,402.0,16.1,13.7,112.0,30.0,40,0.0,5.0
Pune,18.5204,73.8567,2026-05-08 00:00:00,89.9,52.0,383.0,17.6,14.5,101.0,29.3,44,0.0,6.9
Pune,18.5204,73.8567,2026-05-08 01:00:00,87.3,51.8,344.0,18.7,15.4,91.0,28.4,49,0.0,8.5
Pune,18.5204,73.8567,2026-05-08 02:00:00,85.2,51.5,321.0,19.7,16.3,82.0,28.0,54,0.0,6.5
Pune,18.5204,73.8567,2026-05-08 03:00:00,83.8,51.1,332.0,21.0,17.0,71.0,27.2,63,0.0,6.0
Pune,18.5204,73.8567,2026-05-08 04:00:00,82.2,50.6,359.0,22.1,17.7,62.0,26.7,68,0.0,3.8
Pune,18.5204,73.8567,2026-05-08 05:00:00,84.5,49.4,383.0,17.1,19.6,85.0,26.3,72,0.0,5.0
Pune,18.5204,73.8567,2026-05-08 06:00:00,81.5,48.3,406.0,15.9,19.4,96.0,26.0,75,0.0,4.6
Pune,18.5204,73.8567,2026-05-08 07:00:00,84.8,45.4,426.0,14.1,18.9,112.0,27.2,69,0.0,2.4
Pune,18.5204,73.8567,2026-05-08 08:00:00,87.1,42.1,420.0,11.8,17.4,127.0,29.5,55,0.0,2.3
Pune,18.5204,73.8567,2026-05-08 09:00:00,81.3,36.1,365.0,8.4,13.8,139.0,32.4,38,0.0,4.1
Pune,18.5204,73.8567,2026-05-08 10:00:00,71.9,29.6,285.0,4.5,9.2,149.0,34.8,24,0.0,9.6
Pune,18.5204,73.8567,2026-05-08 11:00:00,67.3,28.0,226.0,1.7,5.9,156.0,36.0,21,0.0,11.9
Pune,18.5204,73.8567,2026-05-08 12:00:00,63.3,27.1,210.0,0.9,5.0,159.0,36.1,21,0.0,15.9
Pune,18.5204,73.8567,2026-05-08 13:00:00,61.2,27.1,214.0,1.2,5.3,159.0,35.8,22,0.0,13.2
Pune,18.5204,73.8567,2026-05-08 14:00:00,60.5,27.7,222.0,1.6,5.6,158.0,37.1,19,0.0,10.3
Pune,18.5204,73.8567,2026-05-08 15:00:00,60.1,28.1,222.0,1.4,5.4,159.0,36.8,18,0.0,9.9
Pune,18.5204,73.8567,2026-05-08 16:00:00,59.6,28.5,225.0,1.4,5.2,160.0,36.8,19,0.0,12.4
Pune,18.5204,73.8567,2026-05-08 17:00:00,65.7,33.6,245.0,2.9,5.2,156.0,36.3,18,0.0,10.3
Pune,18.5204,73.8567,2026-05-08 18:00:00,68.9,36.3,300.0,6.4,6.6,144.0,35.1,20,0.0,10.8
Pune,18.5204,73.8567,2026-05-08 19:00:00,65.4,39.1,372.0,11.3,8.7,127.0,34.3,25,0.0,1.9
Pune,18.5204,73.8567,2026-05-08 20:00:00,65.2,40.4,421.0,15.7,11.0,111.0,31.8,33,0.0,15.1
Pune,18.5204,73.8567,2026-05-08 21:00:00,64.5,40.3,428.0,19.0,13.8,96.0,29.9,48,0.0,8.4
Pune,18.5204,73.8567,2026-05-08 22:00:00,58.4,36.7,413.0,21.9,16.9,82.0,29.6,51,0.0,7.9
Pune,18.5204,73.8567,2026-05-08 23:00:00,53.4,33.1,389.0,23.8,19.3,71.0,29.1,53,0.0,7.9
Pune,18.5204,73.8567,2026-05-09 00:00:00,48.7,29.5,353.0,24.2,20.7,64.0,28.6,54,0.0,6.3
Pune,18.5204,73.8567,2026-05-09 01:00:00,48.0,28.0,309.0,23.7,21.5,60.0,28.0,56,0.0,5.7
Pune,18.5204,73.8567,2026-05-09 02:00:00,49.2,27.6,285.0,23.8,21.6,55.0,27.4,58,0.0,4.0
Pune,18.5204,73.8567,2026-05-09 03:00:00,51.8,28.3,298.0,26.1,20.6,45.0,27.0,59,0.0,4.6
Pune,18.5204,73.8567,2026-05-09 04:00:00,54.8,29.5,331.0,28.9,19.0,35.0,26.7,59,0.0,3.6
Pune,18.5204,73.8567,2026-05-09 05:00:00,69.4,42.7,357.0,45.5,16.8,11.0,25.9,65,0.0,2.7
Pune,18.5204,73.8567,2026-05-09 06:00:00,66.1,40.9,372.0,36.6,17.2,38.0,26.3,62,0.0,3.1
Pune,18.5204,73.8567,2026-05-09 07:00:00,66.6,40.4,381.0,24.2,17.6,77.0,27.9,53,0.0,1.4
Pune,18.5204,73.8567,2026-05-09 08:00:00,65.4,33.8,374.0,14.0,16.9,111.0,30.4,43,0.0,1.8
Pune,18.5204,73.8567,2026-05-09 09:00:00,56.7,33.6,339.0,8.1,14.0,137.0,33.0,35,0.0,5.1
Pune,18.5204,73.8567,2026-05-09 10:00:00,57.9,34.7,288.0,4.4,9.9,159.0,35.2,29,0.0,6.5
Pune,18.5204,73.8567,2026-05-09 11:00:00,56.8,32.7,250.0,2.0,6.8,174.0,35.6,27,0.0,10.8
Pune,18.5204,73.8567,2026-05-09 12:00:00,54.4,30.7,239.0,1.0,5.7,178.0,36.7,24,0.0,10.4
Pune,18.5204,73.8567,2026-05-09 13:00:00,52.5,29.4,241.0,1.3,5.6,175.0,37.2,22,0.0,11.1
Pune,18.5204,73.8567,2026-05-09 14:00:00,50.8,28.2,245.0,1.8,5.6,171.0,37.3,22,0.0,9.5
Pune,18.5204,73.8567,2026-05-09 15:00:00,49.9,27.9,244.0,1.6,5.2,171.0,37.4,21,0.0,10.1
Pune,18.5204,73.8567,2026-05-09 16:00:00,50.3,28.1,244.0,1.5,5.0,171.0,37.0,20,0.0,11.1
Pune,18.5204,73.8567,2026-05-09 17:00:00,53.1,30.4,251.0,3.1,5.8,160.0,35.8,22,0.0,7.7
Pune,18.5204,73.8567,2026-05-09 18:00:00,55.6,32.1,269.0,6.4,7.3,151.0,35.2,22,0.0,6.4
Pune,18.5204,73.8567,2026-05-09 19:00:00,54.0,34.7,294.0,11.1,9.5,138.0,34.3,23,0.0,8.5
Pune,18.5204,73.8567,2026-05-09 20:00:00,56.2,37.3,316.0,14.8,12.2,127.0,32.4,29,0.0,13.7
Pune,18.5204,73.8567,2026-05-09 21:00:00,57.5,40.2,334.0,16.6,15.8,121.0,30.2,46,0.0,14.0
Pune,18.5204,73.8567,2026-05-09 22:00:00,52.3,38.3,349.0,17.4,19.9,116.0,29.9,43,0.0,9.3
Pune,18.5204,73.8567,2026-05-09 23:00:00,49.5,36.6,351.0,18.0,23.0,112.0,28.9,47,0.0,8.8
Pune,18.5204,73.8567,2026-05-10 00:00:00,49.5,35.0,329.0,18.5,24.3,106.0,28.4,46,0.0,7.9
Pune,18.5204,73.8567,2026-05-10 01:00:00,50.1,34.1,294.0,18.7,24.7,101.0,28.0,45,0.0,7.0
Pune,18.5204,73.8567,2026-05-10 02:00:00,50.2,33.6,273.0,19.0,24.9,95.0,27.6,45,0.0,7.3
Pune,18.5204,73.8567,2026-05-10 03:00:00,51.2,33.5,281.0,19.7,25.5,88.0,27.1,44,0.0,6.2
Pune,18.5204,73.8567,2026-05-10 04:00:00,52.0,33.1,302.0,20.4,25.9,81.0,26.7,44,0.0,6.0
Pune,18.5204,73.8567,2026-05-10 05:00:00,50.5,31.9,324.0,23.2,19.7,67.0,26.2,47,0.0,6.9
Pune,18.5204,73.8567,2026-05-10 06:00:00,48.9,31.8,348.0,19.8,18.6,80.0,26.3,46,0.0,6.7
Pune,18.5204,73.8567,2026-05-10 07:00:00,45.3,29.2,371.0,15.0,17.0,98.0,28.9,38,0.0,3.2
Pune,18.5204,73.8567,2026-05-10 08:00:00,42.3,23.1,372.0,10.6,14.9,116.0,32.0,26,0.0,2.0
Pune,18.5204,73.8567,2026-05-10 09:00:00,35.2,17.9,330.0,7.0,12.0,132.0,34.4,21,0.0,5.2
Pune,18.5204,73.8567,2026-05-10 10:00:00,28.1,13.9,266.0,3.7,8.7,148.0,36.7,18,0.0,9.3
Pune,18.5204,73.8567,2026-05-10 11:00:00,30.5,14.8,216.0,1.5,6.2,158.0,37.8,17,0.0,8.7
Pune,18.5204,73.8567,2026-05-10 12:00:00,32.0,15.4,196.0,0.8,5.0,160.0,40.0,14,0.0,10.0
Pune,18.5204,73.8567,2026-05-10 13:00:00,30.4,14.5,191.0,1.0,4.6,157.0,40.2,13,0.0,13.3
Pune,18.5204,73.8567,2026-05-10 14:00:00,28.3,13.4,190.0,1.4,4.3,153.0,38.9,14,0.0,13.8
Pune,18.5204,73.8567,2026-05-10 15:00:00,26.9,12.7,184.0,1.3,3.7,151.0,40.7,11,0.0,12.5
Pune,18.5204,73.8567,2026-05-10 16:00:00,25.9,11.9,182.0,1.3,3.3,149.0,39.0,12,0.0,14.7
Pune,18.5204,73.8567,2026-05-10 17:00:00,25.0,11.3,209.0,2.6,3.6,144.0,38.9,11,0.0,13.8
Pune,18.5204,73.8567,2026-05-10 18:00:00,24.2,11.9,293.0,6.5,5.2,134.0,37.7,13,0.0,7.9
Pune,18.5204,73.8567,2026-05-10 19:00:00,23.9,15.1,405.0,11.8,7.5,122.0,32.2,40,0.0,13.4
Pune,18.5204,73.8567,2026-05-10 20:00:00,27.5,18.6,478.0,15.8,9.7,112.0,32.6,39,0.0,10.5
Pune,18.5204,73.8567,2026-05-10 21:00:00,26.8,20.3,477.0,17.0,11.4,108.0,32.2,37,0.0,9.4
Pune,18.5204,73.8567,2026-05-10 22:00:00,26.5,21.0,437.0,16.9,13.0,106.0,31.8,36,0.0,8.4
Pune,18.5204,73.8567,2026-05-10 23:00:00,27.8,22.4,398.0,17.3,14.1,103.0,30.4,41,0.0,8.3
Pune,18.5204,73.8567,2026-05-11 00:00:00,29.7,23.7,368.0,18.9,14.6,95.0,30.1,41,0.0,5.6
Pune,18.5204,73.8567,2026-05-11 01:00:00,32.0,25.3,339.0,21.0,14.7,86.0,29.5,42,0.0,8.0
Pune,18.5204,73.8567,2026-05-11 02:00:00,33.8,26.2,321.0,23.3,14.9,76.0,28.7,46,0.0,10.5
Pune,18.5204,73.8567,2026-05-11 03:00:00,35.2,27.1,322.0,26.6,15.2,63.0,27.4,56,0.0,11.3
Pune,18.5204,73.8567,2026-05-11 04:00:00,37.3,28.3,335.0,30.2,15.5,49.0,26.5,63,0.0,8.7
Pune,18.5204,73.8567,2026-05-11 05:00:00,34.8,25.8,350.0,20.4,20.5,67.0,26.9,56,0.0,7.8
Pune,18.5204,73.8567,2026-05-11 06:00:00,36.4,25.9,373.0,19.3,21.3,79.0,27.7,50,0.0,6.4
Pune,18.5204,73.8567,2026-05-11 07:00:00,39.7,27.2,398.0,17.5,22.3,96.0,29.4,41,0.0,3.1
Pune,18.5204,73.8567,2026-05-11 08:00:00,43.5,24.6,398.0,14.9,21.9,113.0,32.1,29,0.0,1.2
Pune,18.5204,73.8567,2026-05-11 09:00:00,41.6,20.3,348.0,10.7,18.9,132.0,34.3,26,0.0,4.2
Pune,18.5204,73.8567,2026-05-11 10:00:00,39.1,16.5,273.0,5.6,14.4,151.0,36.8,22,0.0,8.3
Pune,18.5204,73.8567,2026-05-11 11:00:00,36.4,14.3,216.0,1.9,10.8,164.0,38.3,18,0.0,9.1
Pune,18.5204,73.8567,2026-05-11 12:00:00,35.5,14.0,196.0,0.8,8.8,166.0,40.4,14,0.0,10.4
Pune,18.5204,73.8567,2026-05-11 13:00:00,34.3,13.6,193.0,1.0,7.6,163.0,40.5,13,0.0,12.6
Pune,18.5204,73.8567,2026-05-11 14:00:00,32.9,12.9,196.0,1.5,6.8,159.0,41.0,12,0.0,12.5
Pune,18.5204,73.8567,2026-05-11 15:00:00,32.2,12.5,199.0,1.5,6.0,159.0,40.7,11,0.0,13.5
Pune,18.5204,73.8567,2026-05-11 16:00:00,32.0,12.7,207.0,1.7,5.6,160.0,40.0,11,0.0,13.6
Pune,18.5204,73.8567,2026-05-11 17:00:00,27.6,13.4,222.0,3.4,7.4,175.0,37.2,23,0.0,15.0
Pune,18.5204,73.8567,2026-05-11 18:00:00,26.3,15.3,252.0,6.3,9.6,165.0,33.1,34,0.0,18.5
Pune,18.5204,73.8567,2026-05-11 19:00:00,24.8,18.2,289.0,10.3,12.7,151.0,32.2,33,0.0,14.0
Pune,18.5204,73.8567,2026-05-11 20:00:00,24.7,18.6,316.0,13.6,15.2,137.0,31.2,33,0.0,11.9
Pune,18.5204,73.8567,2026-05-11 21:00:00,25.8,18.2,327.0,15.4,16.6,124.0,30.6,34,0.0,10.8
Pune,18.5204,73.8567,2026-05-11 22:00:00,27.2,18.6,328.0,16.4,17.4,111.0,30.1,36,0.0,10.7
Pune,18.5204,73.8567,2026-05-11 23:00:00,28.6,18.9,320.0,17.0,18.0,100.0,29.4,35,0.0,10.4
Pune,18.5204,73.8567,2026-05-12 00:00:00,29.7,19.3,297.0,17.0,18.5,91.0,29.2,35,0.0,10.7
Pune,18.5204,73.8567,2026-05-12 01:00:00,31.7,19.7,265.0,16.5,18.7,82.0,28.4,37,0.0,10.1
Pune,18.5204,73.8567,2026-05-12 02:00:00,34.3,20.1,245.0,16.3,18.9,75.0,27.6,40,0.0,12.4
Pune,18.5204,73.8567,2026-05-12 03:00:00,37.3,20.8,248.0,16.8,19.0,67.0,26.9,44,0.0,11.3
Pune,18.5204,73.8567,2026-05-12 04:00:00,39.6,21.4,263.0,17.4,18.9,59.0,26.4,45,0.0,10.7
Pune,18.5204,73.8567,2026-05-12 05:00:00,36.8,21.9,276.0,17.8,18.6,55.0,26.2,44,0.0,12.0
Pune,18.5204,73.8567,2026-05-12 06:00:00,43.5,22.7,286.0,16.6,18.9,63.0,26.6,43,0.0,10.4
Pune,18.5204,73.8567,2026-05-12 07:00:00,48.7,24.0,293.0,14.7,19.3,75.0,28.3,38,0.0,9.0
Pune,18.5204,73.8567,2026-05-12 08:00:00,53.8,22.8,291.0,12.4,18.6,90.0,31.3,29,0.0,9.1
Pune,18.5204,73.8567,2026-05-12 09:00:00,51.1,20.8,268.0,9.2,16.0,112.0,34.4,23,0.0,8.4
Pune,18.5204,73.8567,2026-05-12 10:00:00,43.4,18.4,236.0,5.4,12.4,137.0,37.0,19,0.0,9.8
Pune,18.5204,73.8567,2026-05-12 11:00:00,36.3,16.1,214.0,2.7,9.7,156.0,39.0,16,0.0,6.9
Pune,18.5204,73.8567,2026-05-12 12:00:00,35.2,16.4,214.0,1.7,8.7,165.0,41.0,14,0.0,7.9
Pune,18.5204,73.8567,2026-05-12 13:00:00,36.6,18.0,224.0,1.6,8.6,168.0,41.8,12,0.0,11.6
Pune,18.5204,73.8567,2026-05-12 14:00:00,36.4,18.9,237.0,1.8,8.6,169.0,41.1,13,0.0,9.1
Pune,18.5204,73.8567,2026-05-12 15:00:00,35.9,19.3,252.0,1.8,8.3,170.0,40.3,14,0.0,6.2
Pune,18.5204,73.8567,2026-05-12 16:00:00,36.3,20.3,269.0,2.0,8.1,169.0,36.6,30,0.0,18.7
Pune,18.5204,73.8567,2026-05-12 17:00:00,36.9,21.4,280.0,3.2,8.9,166.0,34.8,38,0.0,20.2
Pune,18.5204,73.8567,2026-05-12 18:00:00,35.6,22.1,280.0,6.4,11.4,159.0,33.8,42,0.0,17.7
Pune,18.5204,73.8567,2026-05-12 19:00:00,34.6,24.0,274.0,10.5,14.8,150.0,31.8,51,0.0,14.0
Pune,18.5204,73.8567,2026-05-12 20:00:00,32.8,23.3,270.0,13.8,17.5,140.0,30.6,53,0.0,13.2
Pune,18.5204,73.8567,2026-05-12 21:00:00,32.1,21.4,275.0,15.2,19.0,128.0,30.6,52,0.0,8.6
Pune,18.5204,73.8567,2026-05-12 22:00:00,32.9,20.5,283.0,15.7,19.8,115.0,30.6,48,0.0,9.7
Pune,18.5204,73.8567,2026-05-12 23:00:00,32.8,19.9,283.0,16.0,20.2,102.0,30.1,45,0.0,8.5
Pune,18.5204,73.8567,2026-05-13 00:00:00,31.4,19.4,268.0,16.0,20.3,91.0,29.4,47,0.0,8.4
Pune,18.5204,73.8567,2026-05-13 01:00:00,30.9,18.9,246.0,15.7,20.0,82.0,28.9,47,0.0,8.6
Pune,18.5204,73.8567,2026-05-13 02:00:00,31.2,18.8,230.0,16.0,19.7,72.0,28.4,48,0.0,7.9
Pune,18.5204,73.8567,2026-05-13 03:00:00,31.7,19.2,223.0,17.8,19.4,60.0,27.6,54,0.0,11.0
Pune,18.5204,73.8567,2026-05-13 04:00:00,32.7,19.8,221.0,20.1,19.1,48.0,26.6,65,0.0,8.7
Pune,18.5204,73.8567,2026-05-13 05:00:00,32.7,22.5,226.0,18.5,17.5,49.0,26.8,64,0.0,7.4
Pune,18.5204,73.8567,2026-05-13 06:00:00,31.4,22.3,245.0,17.5,18.4,56.0,26.2,69,0.0,6.5
Pune,18.5204,73.8567,2026-05-13 07:00:00,33.9,22.1,272.0,16.0,19.5,67.0,27.9,55,0.0,7.0
Pune,18.5204,73.8567,2026-05-13 08:00:00,36.0,21.4,287.0,13.8,19.8,83.0,30.6,40,0.0,9.0
Pune,18.5204,73.8567,2026-05-13 09:00:00,38.6,21.8,281.0,10.3,18.5,110.0,33.2,31,0.0,8.6
Pune,18.5204,73.8567,2026-05-13 10:00:00,39.5,21.7,264.0,6.2,16.3,143.0,35.9,25,0.0,8.2
Pune,18.5204,73.8567,2026-05-13 11:00:00,39.0,21.7,249.0,3.2,14.2,166.0,37.6,21,0.0,8.6
Pune,18.5204,73.8567,2026-05-13 12:00:00,46.1,24.6,241.0,2.0,12.6,173.0,38.3,20,0.0,9.6
Pune,18.5204,73.8567,2026-05-13 13:00:00,47.4,25.3,235.0,2.0,11.1,170.0,37.1,23,0.1,13.7
Pune,18.5204,73.8567,2026-05-13 14:00:00,47.3,25.7,235.0,2.3,10.0,165.0,37.9,23,0.1,13.8
Pune,18.5204,73.8567,2026-05-13 15:00:00,45.6,25.7,245.0,2.9,9.1,158.0,36.0,28,0.2,18.9
Pune,18.5204,73.8567,2026-05-13 16:00:00,36.6,21.2,260.0,3.9,8.5,147.0,34.0,39,0.2,19.3
Pune,18.5204,73.8567,2026-05-13 17:00:00,73.6,38.5,270.0,5.0,9.6,141.0,33.3,49,0.0,15.3
Pune,18.5204,73.8567,2026-05-13 18:00:00,60.8,31.8,269.0,6.2,9.6,127.0,32.1,52,0.0,15.9
Pune,18.5204,73.8567,2026-05-13 19:00:00,56.6,28.8,262.0,7.8,9.7,107.0,30.9,54,0.0,14.0
Pune,18.5204,73.8567,2026-05-13 20:00:00,56.9,28.2,262.0,9.1,9.6,90.0,29.7,58,0.0,13.0
Pune,18.5204,73.8567,2026-05-13 21:00:00,56.3,27.2,276.0,9.8,9.2,79.0,28.9,63,0.0,11.1
Pune,18.5204,73.8567,2026-05-13 22:00:00,55.6,27.0,295.0,10.2,8.6,71.0,27.9,70,0.0,11.7
Pune,18.5204,73.8567,2026-05-13 23:00:00,55.1,26.8,306.0,10.6,8.4,65.0,27.3,73,0.0,11.7
Pune,18.5204,73.8567,2026-05-14 00:00:00,53.8,26.1,299.0,11.1,8.9,60.0,26.7,75,0.0,10.3
Pune,18.5204,73.8567,2026-05-14 01:00:00,52.5,25.6,283.0,11.6,9.7,57.0,26.2,76,0.0,10.5
Pune,18.5204,73.8567,2026-05-14 02:00:00,50.3,24.9,268.0,12.0,10.6,55.0,25.8,77,0.0,10.8
Pune,18.5204,73.8567,2026-05-14 03:00:00,49.4,24.4,256.0,12.5,11.4,52.0,25.4,75,0.0,8.8
Pune,18.5204,73.8567,2026-05-14 04:00:00,49.0,24.1,245.0,12.9,12.2,50.0,25.3,73,0.0,6.5
Pune,18.5204,73.8567,2026-05-14 05:00:00,52.5,23.9,238.0,13.3,11.8,49.0,26.0,68,0.0,7.2
Pune,18.5204,73.8567,2026-05-14 06:00:00,55.1,24.4,237.0,13.2,12.8,52.0,26.4,62,0.0,7.2
Pune,18.5204,73.8567,2026-05-14 07:00:00,58.2,25.7,241.0,12.9,14.2,58.0,27.4,58,0.0,5.8
Pune,18.5204,73.8567,2026-05-14 08:00:00,62.4,27.0,243.0,11.8,14.8,69.0,29.4,49,0.0,6.4
Pune,18.5204,73.8567,2026-05-14 09:00:00,63.3,28.1,243.0,9.1,13.9,92.0,31.4,39,0.0,5.2
Pune,18.5204,73.8567,2026-05-14 10:00:00,65.4,29.2,243.0,5.6,12.2,121.0,33.0,32,0.0,5.8
Pune,18.5204,73.8567,2026-05-14 11:00:00,67.1,29.2,238.0,3.0,10.7,143.0,34.5,28,0.0,4.4
Pune,18.5204,73.8567,2026-05-14 12:00:00,65.0,28.2,222.0,2.0,9.6,150.0,35.6,26,0.0,5.4
Pune,18.5204,73.8567,2026-05-14 13:00:00,65.9,29.7,203.0,1.8,8.7,150.0,37.3,21,0.0,8.2
Pune,18.5204,73.8567,2026-05-14 14:00:00,63.1,29.6,195.0,2.1,8.6,152.0,37.8,19,0.0,14.5
Pune,18.5204,73.8567,2026-05-14 15:00:00,60.8,30.0,212.0,2.6,9.9,161.0,36.7,25,0.0,18.6
Pune,18.5204,73.8567,2026-05-14 16:00:00,56.6,30.3,240.0,3.5,11.9,172.0,36.0,29,0.0,15.7
Pune,18.5204,73.8567,2026-05-14 17:00:00,74.5,40.0,261.0,4.8,13.2,167.0,36.0,28,0.0,16.2
Pune,18.5204,73.8567,2026-05-14 18:00:00,64.7,39.3,265.0,6.6,15.8,164.0,33.3,44,0.0,17.2
Pune,18.5204,73.8567,2026-05-14 19:00:00,48.8,34.7,261.0,9.2,19.4,159.0,31.0,57,0.0,15.6
Pune,18.5204,73.8567,2026-05-14 20:00:00,41.6,30.9,255.0,11.5,22.0,150.0,30.3,58,0.0,13.5
Pune,18.5204,73.8567,2026-05-14 21:00:00,40.6,29.3,248.0,13.2,22.8,133.0,29.6,60,0.0,11.2
Pune,18.5204,73.8567,2026-05-14 22:00:00,40.2,28.6,239.0,14.6,22.7,113.0,28.8,60,0.0,13.1
Pune,18.5204,73.8567,2026-05-14 23:00:00,38.9,27.6,231.0,15.8,22.4,94.0,28.1,54,0.0,13.3
Pune,18.5204,73.8567,2026-05-15 00:00:00,37.3,26.4,226.0,16.6,22.1,80.0,27.4,50,0.0,13.3
Pune,18.5204,73.8567,2026-05-15 01:00:00,36.7,25.2,222.0,17.1,21.6,68.0,26.8,50,0.0,13.0
Pune,18.5204,73.8567,2026-05-15 02:00:00,35.9,24.5,219.0,17.5,21.2,59.0,26.3,52,0.0,11.5
Pune,18.5204,73.8567,2026-05-15 03:00:00,35.0,24.3,214.0,18.1,20.9,52.0,25.9,55,0.0,11.5
Pune,18.5204,73.8567,2026-05-15 04:00:00,34.0,23.7,211.0,18.6,20.6,47.0,25.6,57,0.0,11.2
Pune,18.5204,73.8567,2026-05-15 05:00:00,32.4,23.2,216.0,22.8,20.1,38.0,25.4,60,0.0,11.1
Pune,18.5204,73.8567,2026-05-15 06:00:00,31.0,23.4,240.0,20.0,20.4,47.0,25.6,58,0.0,9.2
Pune,18.5204,73.8567,2026-05-15 07:00:00,36.9,24.6,273.0,16.0,20.6,61.0,27.1,54,0.0,6.3
Pune,18.5204,73.8567,2026-05-15 08:00:00,36.4,22.5,292.0,12.2,19.8,77.0,29.2,46,0.0,4.9
Pune,18.5204,73.8567,2026-05-15 09:00:00,36.4,22.0,282.0,8.7,17.0,99.0,31.6,37,0.0,7.9
Pune,18.5204,73.8567,2026-05-15 10:00:00,36.9,21.4,257.0,5.3,13.1,123.0,33.7,32,0.0,10.7
Pune,18.5204,73.8567,2026-05-15 11:00:00,36.9,20.3,237.0,2.8,10.0,142.0,35.0,27,0.0,15.4
Pune,18.5204,73.8567,2026-05-15 12:00:00,36.1,19.0,227.0,1.8,8.4,150.0,35.9,24,0.0,16.8
Pune,18.5204,73.8567,2026-05-15 13:00:00,34.9,18.4,221.0,1.7,7.7,152.0,36.3,23,0.0,16.6
Pune,18.5204,73.8567,2026-05-15 14:00:00,33.3,18.1,220.0,1.9,7.5,153.0,36.3,24,0.0,16.2
Pune,18.5204,73.8567,2026-05-15 15:00:00,31.8,18.3,227.0,2.1,7.8,157.0,35.8,27,0.0,17.0
Pune,18.5204,73.8567,2026-05-15 16:00:00,30.0,18.6,239.0,2.6,8.8,160.0,34.6,32,0.0,16.1
Pune,18.5204,73.8567,2026-05-15 17:00:00,25.4,17.8,249.0,3.7,10.3,156.0,34.0,35,0.0,13.7
Pune,18.5204,73.8567,2026-05-15 18:00:00,24.5,18.2,253.0,5.5,12.1,149.0,32.1,44,0.0,14.6
Pune,18.5204,73.8567,2026-05-15 19:00:00,24.3,19.3,256.0,8.0,14.7,139.0,30.3,50,0.0,12.9
Pune,18.5204,73.8567,2026-05-15 20:00:00,24.7,20.4,256.0,10.4,17.0,127.0,29.2,55,0.0,10.9
Pune,18.5204,73.8567,2026-05-15 21:00:00,25.9,21.7,255.0,12.6,18.8,114.0,28.0,61,0.0,9.7
Pune,18.5204,73.8567,2026-05-15 22:00:00,27.6,22.6,253.0,14.7,20.4,99.0,27.1,65,0.0,10.8
Pune,18.5204,73.8567,2026-05-15 23:00:00,28.5,23.0,249.0,16.5,21.8,85.0,26.3,68,0.0,9.0
Pune,18.5204,73.8567,2026-05-16 00:00:00,28.2,22.5,240.0,17.8,22.9,73.0,25.6,71,0.0,9.2
Pune,18.5204,73.8567,2026-05-16 01:00:00,27.7,22.1,229.0,18.9,23.7,62.0,24.9,76,0.0,10.1
Pune,18.5204,73.8567,2026-05-16 02:00:00,27.0,21.8,225.0,19.8,24.4,53.0,24.3,80,0.0,11.2
Pune,18.5204,73.8567,2026-05-16 03:00:00,26.6,21.3,238.0,21.1,25.3,44.0,23.9,84,0.0,10.6
Pune,18.5204,73.8567,2026-05-16 04:00:00,26.1,20.8,258.0,22.3,26.1,36.0,23.6,85,0.0,9.4
Pune,18.5204,73.8567,2026-05-16 05:00:00,27.0,21.7,268.0,23.1,27.2,38.0,23.7,87,0.0,8.7
Pune,18.5204,73.8567,2026-05-16 06:00:00,26.0,21.1,258.0,20.5,26.5,43.0,23.7,86,0.0,9.0
Pune,18.5204,73.8567,2026-05-16 07:00:00,26.1,20.5,239.0,16.7,25.5,50.0,25.1,76,0.0,9.9
Pune,18.5204,73.8567,2026-05-16 08:00:00,24.7,18.4,220.0,13.0,23.4,62.0,27.4,63,0.0,8.6
Pune,18.5204,73.8567,2026-05-16 09:00:00,25.3,17.8,204.0,9.3,19.6,84.0,30.2,52,0.0,7.8
Pune,18.5204,73.8567,2026-05-16 10:00:00,27.0,18.1,190.0,5.7,14.8,111.0,33.4,39,0.0,8.2
Pune,18.5204,73.8567,2026-05-16 11:00:00,28.6,18.3,179.0,3.0,10.9,132.0,35.2,32,0.0,6.5
Pune,18.5204,73.8567,2026-05-16 12:00:00,30.2,18.6,175.0,1.8,8.6,141.0,36.9,28,0.0,5.3
Pune,18.5204,73.8567,2026-05-16 13:00:00,30.9,18.8,175.0,1.7,7.1,143.0,38.3,23,0.0,5.6
Pune,18.5204,73.8567,2026-05-16 14:00:00,30.2,18.6,177.0,1.8,6.2,144.0,38.1,23,0.0,5.3
Pune,18.5204,73.8567,2026-05-16 15:00:00,30.6,19.1,180.0,2.0,5.7,145.0,38.8,21,0.0,5.8
Pune,18.5204,73.8567,2026-05-16 16:00:00,29.9,18.9,185.0,2.5,5.7,144.0,37.5,25,0.0,14.1
Pune,18.5204,73.8567,2026-05-16 17:00:00,16.5,11.9,196.0,3.5,6.3,142.0,36.4,28,0.1,16.7
Pune,18.5204,73.8567,2026-05-16 18:00:00,19.6,14.3,219.0,5.3,9.4,137.0,36.0,26,0.0,14.8
Pune,18.5204,73.8567,2026-05-16 19:00:00,22.9,17.1,247.0,8.0,13.8,130.0,33.0,44,0.0,15.0
Pune,18.5204,73.8567,2026-05-16 20:00:00,25.7,19.0,265.0,10.4,17.4,122.0,30.4,63,0.0,12.8
Pune,18.5204,73.8567,2026-05-16 21:00:00,27.1,19.7,265.0,12.4,19.5,112.0,29.6,66,0.0,11.4
Pune,18.5204,73.8567,2026-05-16 22:00:00,28.4,20.6,254.0,14.3,20.9,100.0,29.0,69,0.0,10.1
Pune,18.5204,73.8567,2026-05-16 23:00:00,29.2,21.3,243.0,15.8,21.8,89.0,28.3,73,0.0,7.6
Pune,18.5204,73.8567,2026-05-17 00:00:00,29.2,21.3,231.0,16.8,22.2,79.0,27.8,73,0.0,6.8
Pune,18.5204,73.8567,2026-05-17 01:00:00,29.2,21.3,219.0,17.4,22.1,71.0,27.3,75,0.0,6.2
Pune,18.5204,73.8567,2026-05-17 02:00:00,29.5,21.2,214.0,18.3,22.3,62.0,26.6,78,0.0,8.7
Pune,18.5204,73.8567,2026-05-17 03:00:00,29.3,21.1,223.0,20.3,23.0,51.0,25.7,83,0.0,9.2
Pune,18.5204,73.8567,2026-05-17 04:00:00,28.8,20.6,239.0,22.6,24.0,40.0,25.2,84,0.0,9.8
Pune,18.5204,73.8567,2026-05-17 05:00:00,28.2,20.4,251.0,20.9,23.6,42.0,25.0,88,0.0,10.0
Pune,18.5204,73.8567,2026-05-17 06:00:00,29.5,20.6,257.0,18.4,24.0,50.0,25.2,85,0.0,9.7
Pune,18.5204,73.8567,2026-05-17 07:00:00,33.4,21.7,259.0,14.9,24.3,62.0,26.4,76,0.0,8.5
Pune,18.5204,73.8567,2026-05-17 08:00:00,37.0,22.5,254.0,11.5,23.6,79.0,28.3,65,0.0,6.1
Pune,18.5204,73.8567,2026-05-17 09:00:00,38.4,22.4,237.0,8.2,21.0,105.0,31.0,50,0.0,5.8
Pune,18.5204,73.8567,2026-05-17 10:00:00,39.0,21.7,214.0,5.0,17.4,137.0,33.8,38,0.0,4.8
Pune,18.5204,73.8567,2026-05-17 11:00:00,36.3,19.8,194.0,2.7,14.1,158.0,35.3,32,0.0,5.4
Pune,18.5204,73.8567,2026-05-17 12:00:00,33.2,18.4,181.0,1.7,11.3,161.0,37.1,28,0.0,6.8
Pune,18.5204,73.8567,2026-05-17 13:00:00,30.4,17.3,172.0,1.5,8.9,155.0,38.2,25,0.0,8.9
Pune,18.5204,73.8567,2026-05-17 14:00:00,30.2,17.5,166.0,1.5,7.2,149.0,39.0,21,0.0,12.1
Pune,18.5204,73.8567,2026-05-17 15:00:00,29.7,17.4,163.0,1.5,6.4,147.0,38.7,21,0.0,14.3
Pune,18.5204,73.8567,2026-05-17 16:00:00,29.7,17.5,163.0,1.8,6.3,146.0,37.4,23,0.0,15.3
Pune,18.5204,73.8567,2026-05-17 17:00:00,24.1,15.8,169.0,2.5,7.3,144.0,37.1,21,0.1,13.0
Pune,18.5204,73.8567,2026-05-17 18:00:00,26.3,17.8,186.0,4.0,10.3,143.0,35.8,25,0.0,16.9
Pune,18.5204,73.8567,2026-05-17 19:00:00,28.1,19.9,210.0,6.2,14.4,141.0,32.6,50,0.0,15.9
Pune,18.5204,73.8567,2026-05-17 20:00:00,31.4,22.8,229.0,8.3,17.8,136.0,30.5,65,0.0,14.3
Pune,18.5204,73.8567,2026-05-17 21:00:00,33.3,23.7,241.0,10.2,19.7,125.0,29.3,69,0.0,10.7
Pune,18.5204,73.8567,2026-05-17 22:00:00,34.6,24.4,247.0,12.1,20.9,112.0,28.7,72,0.0,7.9
Pune,18.5204,73.8567,2026-05-17 23:00:00,35.9,25.1,248.0,13.7,21.9,99.0,28.0,72,0.0,8.3
Pune,18.5204,73.8567,2026-05-18 00:00:00,36.3,25.3,237.0,14.8,22.7,89.0,27.6,68,0.0,7.6
Pune,18.5204,73.8567,2026-05-18 01:00:00,37.7,25.8,220.0,15.6,23.3,79.0,26.9,65,0.0,5.8
Pune,18.5204,73.8567,2026-05-18 02:00:00,38.9,26.0,209.0,16.2,23.8,71.0,26.1,67,0.0,6.5
Pune,18.5204,73.8567,2026-05-18 03:00:00,39.3,26.1,209.0,16.8,24.2,63.0,25.4,68,0.0,7.5
Pune,18.5204,73.8567,2026-05-18 04:00:00,40.0,26.0,215.0,17.2,24.4,56.0,24.9,70,0.0,7.6
Pune,18.5204,73.8567,2026-05-18 05:00:00,34.3,23.2,221.0,14.1,20.4,61.0,24.8,69,0.0,9.2
Pune,18.5204,73.8567,2026-05-18 06:00:00,36.0,23.3,226.0,13.6,21.4,65.0,25.1,68,0.0,8.7
Pune,18.5204,73.8567,2026-05-18 07:00:00,39.5,24.4,230.0,12.7,22.6,71.0,26.7,64,0.0,8.9
Pune,18.5204,73.8567,2026-05-18 08:00:00,46.2,26.0,228.0,11.2,22.4,83.0,29.2,49,0.0,9.3
Pune,18.5204,73.8567,2026-05-18 09:00:00,52.5,26.8,216.0,8.4,19.5,105.0,31.9,39,0.0,7.6
Pune,18.5204,73.8567,2026-05-18 10:00:00,51.9,25.9,198.0,4.9,15.2,131.0,35.0,29,0.0,6.7
Pune,18.5204,73.8567,2026-05-18 11:00:00,45.3,22.6,184.0,2.4,11.7,151.0,36.6,23,0.0,4.9
Pune,18.5204,73.8567,2026-05-18 12:00:00,39.3,20.0,178.0,1.5,9.7,158.0,38.3,19,0.0,4.3
Pune,18.5204,73.8567,2026-05-18 13:00:00,36.2,18.7,176.0,1.5,8.4,158.0,39.3,17,0.0,3.5
Pune,18.5204,73.8567,2026-05-18 14:00:00,33.8,17.9,180.0,1.8,7.9,157.0,39.9,15,0.0,2.7
Pune,18.5204,73.8567,2026-05-18 15:00:00,32.8,18.0,196.0,2.1,7.9,159.0,40.2,15,0.0,3.4
Pune,18.5204,73.8567,2026-05-18 16:00:00,32.8,18.7,218.0,2.6,8.6,160.0,39.1,18,0.0,13.1
Pune,18.5204,73.8567,2026-05-18 17:00:00,38.0,22.6,233.0,3.6,9.4,159.0,36.3,30,0.2,18.2
Pune,18.5204,73.8567,2026-05-18 18:00:00,38.2,24.4,235.0,5.4,13.3,158.0,33.6,47,0.0,16.5
Pune,18.5204,73.8567,2026-05-18 19:00:00,40.4,28.2,231.0,8.0,18.6,155.0,31.5,55,0.0,15.0
Pune,18.5204,73.8567,2026-05-18 20:00:00,42.8,30.2,228.0,10.3,22.4,148.0,29.9,64,0.0,13.3
Pune,18.5204,73.8567,2026-05-18 21:00:00,43.1,30.0,233.0,11.9,23.5,134.0,28.8,70,0.0,11.8
Pune,18.5204,73.8567,2026-05-18 22:00:00,42.8,29.7,241.0,13.2,23.2,116.0,28.2,72,0.0,11.2
Pune,18.5204,73.8567,2026-05-18 23:00:00,42.3,29.0,240.0,14.0,22.3,100.0,27.7,74,0.0,11.6
Pune,18.5204,73.8567,2026-05-19 00:00:00,40.0,27.2,223.0,14.1,20.8,87.0,26.9,76,0.0,12.9
Pune,18.5204,73.8567,2026-05-19 01:00:00,38.5,25.6,198.0,13.8,18.6,75.0,26.1,78,0.0,13.5
Pune,18.5204,73.8567,2026-05-19 02:00:00,37.0,24.0,180.0,13.4,16.7,66.0,25.4,80,0.0,12.5
Pune,18.5204,73.8567,2026-05-19 03:00:00,36.3,22.7,176.0,13.2,15.2,58.0,25.1,80,0.0,9.1
Pune,18.5204,73.8567,2026-05-19 04:00:00,35.3,21.7,179.0,13.0,14.0,52.0,25.0,79,0.0,11.0
Pune,18.5204,73.8567,2026-05-19 05:00:00,34.8,21.7,185.0,13.7,15.2,50.0,24.9,76,0.0,9.7
Pune,18.5204,73.8567,2026-05-19 06:00:00,37.8,22.5,197.0,12.8,15.9,56.0,25.1,71,0.0,8.6
Pune,18.5204,73.8567,2026-05-19 07:00:00,47.0,25.1,212.0,11.4,16.9,65.0,27.1,54,0.0,6.4
Pune,18.5204,73.8567,2026-05-19 08:00:00,53.7,27.0,218.0,9.7,17.0,78.0,29.5,39,0.0,6.2
Pune,18.5204,73.8567,2026-05-19 09:00:00,56.6,28.0,205.0,7.4,15.5,100.0,31.9,32,0.0,8.6
Pune,18.5204,73.8567,2026-05-19 10:00:00,56.5,28.6,183.0,4.7,13.1,125.0,34.1,29,0.0,10.6
Pune,18.5204,73.8567,2026-05-19 11:00:00,54.2,28.2,168.0,2.8,11.2,145.0,35.6,28,0.0,11.8
Pune,18.5204,73.8567,2026-05-19 12:00:00,51.6,27.2,168.0,2.0,10.1,153.0,36.0,31,0.0,14.5
Pune,18.5204,73.8567,2026-05-19 13:00:00,49.2,26.6,176.0,1.9,9.4,155.0,36.2,33,0.0,15.1
Pune,18.5204,73.8567,2026-05-19 14:00:00,46.9,26.2,185.0,2.1,9.0,155.0,35.3,34,0.2,17.0
Pune,18.5204,73.8567,2026-05-19 15:00:00,44.1,25.3,197.0,2.5,8.9,154.0,35.2,35,0.0,15.2
Pune,18.5204,73.8567,2026-05-19 16:00:00,41.9,25.1,211.0,3.2,9.1,150.0,31.9,49,1.4,15.6
Pune,18.5204,73.8567,2026-05-19 17:00:00,47.5,28.5,218.0,4.2,9.4,140.0,32.5,47,0.4,14.4
Pune,18.5204,73.8567,2026-05-19 18:00:00,47.3,28.1,213.0,5.2,9.6,126.0,31.3,52,0.0,16.1
Pune,18.5204,73.8567,2026-05-19 19:00:00,45.4,26.7,202.0,6.6,9.8,106.0,29.7,58,0.0,15.9
Pune,18.5204,73.8567,2026-05-19 20:00:00,44.6,25.4,195.0,7.8,9.9,88.0,28.3,64,0.0,13.7
Pune,18.5204,73.8567,2026-05-19 21:00:00,43.8,24.3,198.0,8.6,9.5,75.0,27.3,70,0.0,14.1
Pune,18.5204,73.8567,2026-05-19 22:00:00,42.7,23.2,205.0,9.2,9.0,64.0,26.5,75,0.0,14.1
Pune,18.5204,73.8567,2026-05-19 23:00:00,41.7,22.3,204.0,9.7,8.6,55.0,26.2,76,0.0,11.5
Pune,18.5204,73.8567,2026-05-20 00:00:00,40.0,21.1,187.0,10.1,8.6,50.0,25.6,79,0.0,11.4
Pune,18.5204,73.8567,2026-05-20 01:00:00,39.0,20.4,163.0,10.5,8.8,48.0,25.1,80,0.0,9.8
Pune,18.5204,73.8567,2026-05-20 02:00:00,38.3,20.0,146.0,11.0,9.1,46.0,24.5,84,0.0,9.4
Pune,18.5204,73.8567,2026-05-20 03:00:00,36.7,19.7,142.0,11.9,9.5,42.0,24.1,86,0.0,9.8
Pune,18.5204,73.8567,2026-05-20 04:00:00,35.0,19.1,146.0,12.9,9.9,38.0,23.9,85,0.0,10.7
Pune,18.5204,73.8567,2026-05-20 05:00:00,35.7,19.6,153.0,14.0,10.5,38.0,24.0,81,0.0,11.8
Pune,18.5204,73.8567,2026-05-20 06:00:00,38.0,19.8,166.0,12.5,10.6,44.0,23.9,82,0.0,11.7
Pune,18.5204,73.8567,2026-05-20 07:00:00,43.1,21.0,182.0,10.3,10.8,52.0,25.3,75,0.0,12.1
Pune,18.5204,73.8567,2026-05-20 08:00:00,45.9,21.5,190.0,8.2,10.6,64.0,27.6,64,0.0,11.6
Pune,18.5204,73.8567,2026-05-20 09:00:00,44.5,21.8,182.0,6.1,9.8,81.0,29.6,54,0.0,11.2
Pune,18.5204,73.8567,2026-05-20 10:00:00,43.7,22.3,165.0,4.0,8.5,102.0,32.2,44,0.0,10.9
Pune,18.5204,73.8567,2026-05-20 11:00:00,42.4,22.3,154.0,2.5,7.5,118.0,33.5,40,0.0,10.0
Pune,18.5204,73.8567,2026-05-20 12:00:00,40.6,21.8,154.0,1.7,6.8,127.0,35.0,36,0.0,11.4
Pune,18.5204,73.8567,2026-05-20 13:00:00,40.0,21.7,160.0,1.5,6.2,131.0,35.9,34,0.0,12.4
Pune,18.5204,73.8567,2026-05-20 14:00:00,39.5,21.8,165.0,1.8,5.8,131.0,34.9,37,0.1,13.3
Pune,18.5204,73.8567,2026-05-20 15:00:00,38.3,21.6,168.0,2.7,5.7,126.0,31.3,51,1.8,13.4
Pune,18.5204,73.8567,2026-05-20 16:00:00,32.8,19.4,170.0,4.0,5.8,117.0,31.9,46,0.5,14.8
Pune,18.5204,73.8567,2026-05-20 17:00:00,34.5,20.7,171.0,4.9,5.6,101.0,31.8,47,0.0,12.4
Pune,18.5204,73.8567,2026-05-20 18:00:00,30.4,18.7,170.0,5.6,5.8,92.0,30.4,54,0.0,14.5
Pune,18.5204,73.8567,2026-05-20 19:00:00,27.2,17.2,167.0,6.6,6.1,81.0,28.9,61,0.0,15.8
Pune,18.5204,73.8567,2026-05-20 20:00:00,25.4,16.2,165.0,7.4,6.4,70.0,27.7,68,0.0,15.1
Pune,18.5204,73.8567,2026-05-20 21:00:00,22.1,14.2,165.0,7.7,6.5,63.0,27.0,71,0.0,12.8
Pune,18.5204,73.8567,2026-05-20 22:00:00,20.4,13.2,165.0,7.9,6.5,57.0,26.4,74,0.0,11.5
Pune,18.5204,73.8567,2026-05-20 23:00:00,19.3,12.6,163.0,8.1,6.6,52.0,26.1,74,0.0,11.0
Pune,18.5204,73.8567,2026-05-21 00:00:00,17.8,11.6,157.0,8.4,7.0,48.0,25.8,75,0.0,10.7
Pune,18.5204,73.8567,2026-05-21 01:00:00,17.0,11.2,150.0,8.8,7.5,46.0,25.5,77,0.0,9.4
Pune,18.5204,73.8567,2026-05-21 02:00:00,16.5,10.9,145.0,9.3,8.0,43.0,25.1,79,0.0,8.1
Pune,18.5204,73.8567,2026-05-21 03:00:00,16.1,10.8,144.0,10.1,8.7,40.0,24.8,81,0.0,7.6
Pune,18.5204,73.8567,2026-05-21 04:00:00,15.0,10.2,146.0,10.9,9.4,36.0,24.6,82,0.0,8.4
Pune,18.5204,73.8567,2026-05-21 05:00:00,17.7,11.9,151.0,11.8,10.6,38.0,24.1,86,0.0,9.8
Pune,18.5204,73.8567,2026-05-21 06:00:00,17.2,11.8,162.0,10.7,10.6,41.0,24.3,82,0.0,10.7
Pune,18.5204,73.8567,2026-05-21 07:00:00,17.4,11.6,175.0,9.2,10.6,47.0,25.7,74,0.0,10.3
Pune,18.5204,73.8567,2026-05-21 08:00:00,18.4,11.9,183.0,7.6,10.4,56.0,27.6,66,0.0,10.1
Pune,18.5204,73.8567,2026-05-21 09:00:00,21.4,13.3,178.0,5.9,9.9,72.0,30.1,54,0.0,9.9
Pune,18.5204,73.8567,2026-05-21 10:00:00,24.6,14.9,166.0,4.1,9.1,92.0,32.6,43,0.0,9.4
Pune,18.5204,73.8567,2026-05-21 11:00:00,26.4,15.9,160.0,2.8,8.6,109.0,34.1,35,0.0,6.5
Pune,18.5204,73.8567,2026-05-21 12:00:00,28.5,17.2,164.0,2.1,8.4,121.0,35.6,31,0.0,6.2
Pune,18.5204,73.8567,2026-05-21 13:00:00,31.1,18.7,174.0,1.8,8.3,130.0,36.8,29,0.0,5.8
Pune,18.5204,73.8567,2026-05-21 14:00:00,33.4,20.2,183.0,1.9,8.4,135.0,37.5,28,0.0,6.7
Pune,18.5204,73.8567,2026-05-21 15:00:00,34.3,21.1,190.0,2.4,8.6,137.0,37.6,29,0.0,7.3
Pune,18.5204,73.8567,2026-05-21 16:00:00,33.1,21.0,196.0,3.4,8.9,136.0,34.6,36,0.0,14.1
Pune,18.5204,73.8567,2026-05-21 17:00:00,25.6,16.7,200.0,4.5,7.3,126.0,34.9,35,0.7,14.8
Pune,18.5204,73.8567,2026-05-21 18:00:00,22.0,15.4,199.0,5.6,7.8,113.0,31.4,49,0.3,15.2
Pune,18.5204,73.8567,2026-05-21 19:00:00,20.4,14.7,194.0,7.2,8.6,95.0,30.2,58,0.0,15.5
Pune,18.5204,73.8567,2026-05-21 20:00:00,20.5,14.6,193.0,8.3,9.1,81.0,29.0,65,0.0,14.2
Pune,18.5204,73.8567,2026-05-21 21:00:00,20.7,14.6,199.0,8.5,9.2,74.0,28.2,71,0.0,13.4
Pune,18.5204,73.8567,2026-05-21 22:00:00,19.3,13.6,208.0,8.2,9.1,70.0,27.7,75,0.0,11.5
Pune,18.5204,73.8567,2026-05-21 23:00:00,18.0,12.7,211.0,8.1,9.0,66.0,27.3,78,0.0,11.8
Pune,18.5204,73.8567,2026-05-22 00:00:00,16.3,11.5,202.0,8.5,9.1,61.0,26.8,79,0.0,11.1
Pune,18.5204,73.8567,2026-05-22 01:00:00,15.3,10.9,188.0,9.0,9.2,55.0,26.4,81,0.0,10.8
Pune,18.5204,73.8567,2026-05-22 02:00:00,14.8,10.5,176.0,9.6,9.4,50.0,26.0,82,0.0,10.4
Pune,18.5204,73.8567,2026-05-22 03:00:00,14.5,10.3,168.0,10.2,9.6,45.0,25.7,83,0.0,9.6
Pune,18.5204,73.8567,2026-05-22 04:00:00,14.3,10.1,162.0,10.9,9.8,40.0,25.6,82,0.0,9.2
Pune,18.5204,73.8567,2026-05-22 05:00:00,13.0,9.0,164.0,9.8,8.4,41.0,25.2,84,0.0,9.4
Pune,18.5204,73.8567,2026-05-22 06:00:00,13.0,9.2,183.0,9.4,8.5,43.0,25.4,81,0.0,9.1
Pune,18.5204,73.8567,2026-05-22 07:00:00,14.6,10.1,211.0,8.7,8.5,46.0,26.9,73,0.0,8.1
Pune,18.5204,73.8567,2026-05-22 08:00:00,14.9,10.2,226.0,7.6,8.4,55.0,28.9,63,0.0,8.1
Pune,18.5204,73.8567,2026-05-22 09:00:00,15.8,10.6,216.0,5.8,7.9,75.0,31.8,51,0.0,7.5
Pune,18.5204,73.8567,2026-05-22 10:00:00,18.9,12.3,193.0,3.6,7.2,100.0,34.1,42,0.0,6.5
Pune,18.5204,73.8567,2026-05-22 11:00:00,22.1,13.8,179.0,2.1,6.6,120.0,35.0,37,0.0,3.7
Pune,18.5204,73.8567,2026-05-22 12:00:00,23.7,15.1,182.0,1.4,6.2,130.0,36.5,33,0.1,7.5
Pune,18.5204,73.8567,2026-05-22 13:00:00,23.5,15.3,193.0,1.4,5.8,134.0,36.0,35,0.0,10.3
Pune,18.5204,73.8567,2026-05-22 14:00:00,29.3,19.8,207.0,2.2,5.5,132.0,34.6,40,0.6,11.0
Pune,18.5204,73.8567,2026-05-22 15:00:00,23.7,16.4,229.0,4.3,5.1,121.0,29.7,61,1.8,16.4
Pune,18.5204,73.8567,2026-05-22 16:00:00,19.6,14.4,254.0,7.2,4.7,105.0,30.2,59,0.7,13.1
Pune,18.5204,73.8567,2026-05-22 17:00:00,29.7,21.8,267.0,6.7,4.7,104.0,29.7,64,0.2,12.1
Pune,18.5204,73.8567,2026-05-22 18:00:00,20.8,17.1,257.0,9.0,5.6,92.0,28.5,69,0.0,12.2
Pune,18.5204,73.8567,2026-05-22 19:00:00,18.9,15.6,235.0,12.1,6.9,74.0,27.3,75,0.0,12.8
Pune,18.5204,73.8567,2026-05-22 20:00:00,16.4,13.7,218.0,14.2,7.9,61.0,26.6,79,0.0,10.9
Pune,18.5204,73.8567,2026-05-22 21:00:00,14.0,11.5,216.0,14.2,8.4,55.0,26.1,81,0.0,9.7
Pune,18.5204,73.8567,2026-05-22 22:00:00,12.5,10.2,219.0,13.1,8.6,53.0,25.7,82,0.0,9.6
Pune,18.5204,73.8567,2026-05-22 23:00:00,11.2,9.2,218.0,12.1,8.8,51.0,25.7,83,0.0,9.8
Pune,18.5204,73.8567,2026-05-23 00:00:00,10.4,8.5,208.0,11.7,9.0,49.0,25.3,85,0.0,8.0
Pune,18.5204,73.8567,2026-05-23 01:00:00,10.2,8.2,195.0,11.4,9.1,47.0,25.0,86,0.0,7.5
Pune,18.5204,73.8567,2026-05-23 02:00:00,10.0,8.1,184.0,11.3,9.3,45.0,24.9,87,0.0,7.6
Pune,18.5204,73.8567,2026-05-23 03:00:00,10.1,8.1,178.0,11.5,9.7,43.0,24.9,87,0.0,7.2
Pune,18.5204,73.8567,2026-05-23 04:00:00,10.1,8.1,174.0,11.9,10.1,41.0,24.9,88,0.0,8.0
Pune,18.5204,73.8567,2026-05-23 05:00:00,8.5,6.9,174.0,11.2,9.3,41.0,24.8,90,0.0,7.8
Pune,18.5204,73.8567,2026-05-23 06:00:00,8.8,7.2,180.0,10.7,9.3,42.0,25.0,90,0.0,7.9
Pune,18.5204,73.8567,2026-05-23 07:00:00,9.0,7.2,189.0,10.0,9.2,45.0,26.2,84,0.0,10.3
Pune,18.5204,73.8567,2026-05-23 08:00:00,8.7,6.8,192.0,8.8,8.8,51.0,27.9,74,0.0,12.1
Pune,18.5204,73.8567,2026-05-23 09:00:00,9.3,6.9,182.0,6.7,7.7,64.0,29.9,64,0.0,12.2
Pune,18.5204,73.8567,2026-05-23 10:00:00,11.1,7.8,165.0,4.1,6.2,81.0,31.5,58,0.0,12.6
Pune,18.5204,73.8567,2026-05-23 11:00:00,13.1,9.1,158.0,2.2,5.1,94.0,31.3,53,0.0,11.2
Pune,18.5204,73.8567,2026-05-23 12:00:00,14.1,10.2,168.0,1.7,4.6,101.0,32.0,51,0.2,9.6
Pune,18.5204,73.8567,2026-05-23 13:00:00,15.7,11.6,188.0,1.9,4.5,105.0,33.0,47,0.3,9.5
Pune,18.5204,73.8567,2026-05-23 14:00:00,13.7,10.6,203.0,2.4,4.5,106.0,33.3,48,0.1,12.1
Pune,18.5204,73.8567,2026-05-23 15:00:00,11.5,9.0,206.0,3.0,4.7,106.0,30.2,62,0.7,13.3
Pune,18.5204,73.8567,2026-05-23 16:00:00,12.6,9.7,205.0,4.0,5.1,103.0,30.0,64,0.2,12.6
Pune,18.5204,73.8567,2026-05-23 17:00:00,26.0,19.8,213.0,5.5,6.3,105.0,28.9,68,0.1,12.1
Pune,18.5204,73.8567,2026-05-23 18:00:00,22.1,17.0,244.0,7.1,7.1,95.0,29.3,69,0.1,11.7
Pune,18.5204,73.8567,2026-05-23 19:00:00,18.3,14.5,283.0,9.2,8.1,82.0,28.5,72,0.0,13.1
Pune,18.5204,73.8567,2026-05-23 20:00:00,15.8,12.5,304.0,10.8,8.8,70.0,28.0,75,0.0,12.3
Pune,18.5204,73.8567,2026-05-23 21:00:00,14.4,11.4,289.0,11.3,9.0,61.0,27.4,79,0.0,11.2
Pune,18.5204,73.8567,2026-05-23 22:00:00,12.9,10.2,255.0,11.3,8.8,54.0,27.0,81,0.0,11.3
Pune,18.5204,73.8567,2026-05-23 23:00:00,11.2,8.8,223.0,10.9,8.4,49.0,26.6,84,0.0,11.3
Pune,18.5204,73.8567,2026-05-24 00:00:00,8.9,7.0,198.0,10.1,7.7,46.0,26.4,84,0.0,12.8
Pune,18.5204,73.8567,2026-05-24 01:00:00,8.2,6.6,174.0,9.1,6.7,44.0,26.1,84,0.0,12.4
Pune,18.5204,73.8567,2026-05-24 02:00:00,7.3,5.9,157.0,8.2,6.0,43.0,25.9,85,0.0,12.1
Pune,18.5204,73.8567,2026-05-24 03:00:00,7.0,5.5,148.0,7.8,5.8,42.0,25.6,86,0.0,12.1
Pune,18.5204,73.8567,2026-05-24 04:00:00,6.7,5.4,146.0,7.6,5.9,41.0,25.4,87,0.0,11.8
Pune,18.5204,73.8567,2026-05-24 05:00:00,6.4,5.4,146.0,8.7,6.5,40.0,25.3,87,0.0,11.3
Pune,18.5204,73.8567,2026-05-24 06:00:00,6.3,5.1,149.0,7.6,6.3,43.0,25.6,85,0.0,11.9
Pune,18.5204,73.8567,2026-05-24 07:00:00,6.6,5.2,155.0,6.0,6.0,48.0,26.4,81,0.0,13.7
Pune,18.5204,73.8567,2026-05-24 08:00:00,7.7,5.7,157.0,4.5,5.7,55.0,28.1,72,0.0,13.7
Pune,18.5204,73.8567,2026-05-24 09:00:00,9.4,6.6,153.0,3.3,5.2,65.0,30.1,63,0.0,13.5
Pune,18.5204,73.8567,2026-05-24 10:00:00,10.8,7.3,145.0,2.2,4.7,77.0,31.3,58,0.0,13.6
Pune,18.5204,73.8567,2026-05-24 11:00:00,11.8,7.9,140.0,1.5,4.3,86.0,32.3,52,0.0,12.5
Pune,18.5204,73.8567,2026-05-24 12:00:00,13.0,8.4,140.0,1.1,4.1,92.0,33.6,45,0.0,11.7
Pune,18.5204,73.8567,2026-05-24 13:00:00,13.2,8.6,142.0,1.1,3.9,95.0,33.9,41,0.0,13.6
Pune,18.5204,73.8567,2026-05-24 14:00:00,13.2,8.8,145.0,1.3,3.9,96.0,30.2,64,1.1,18.4
Pune,18.5204,73.8567,2026-05-24 15:00:00,12.2,8.5,145.0,1.7,3.9,95.0,29.4,64,0.7,15.0
Pune,18.5204,73.8567,2026-05-24 16:00:00,12.1,8.6,146.0,2.4,4.0,92.0,29.8,63,0.9,15.7
Pune,18.5204,73.8567,2026-05-24 17:00:00,19.1,12.5,152.0,2.8,3.9,82.0,29.9,59,0.1,15.0
Pune,18.5204,73.8567,2026-05-24 18:00:00,14.8,10.6,168.0,3.9,4.6,73.0,28.4,67,0.0,13.9
Pune,18.5204,73.8567,2026-05-24 19:00:00,12.2,9.2,190.0,5.4,5.5,61.0,27.3,73,0.0,12.8
Pune,18.5204,73.8567,2026-05-24 20:00:00,11.2,8.6,205.0,6.9,6.5,51.0,26.6,77,0.0,12.7
Pune,18.5204,73.8567,2026-05-24 21:00:00,10.9,8.5,209.0,8.2,7.5,45.0,25.9,82,0.0,12.0
Pune,18.5204,73.8567,2026-05-24 22:00:00,10.8,8.6,208.0,9.4,8.6,41.0,25.5,86,0.0,10.9
Pune,18.5204,73.8567,2026-05-24 23:00:00,10.3,8.5,202.0,10.2,9.3,38.0,25.3,88,0.0,11.1
Pune,18.5204,73.8567,2026-05-25 00:00:00,9.8,8.1,191.0,10.4,9.4,36.0,24.9,90,0.0,10.7
Pune,18.5204,73.8567,2026-05-25 01:00:00,9.6,8.0,176.0,10.1,9.1,35.0,24.6,91,0.0,9.1
Pune,18.5204,73.8567,2026-05-25 02:00:00,10.2,8.3,163.0,10.0,8.9,34.0,24.3,93,0.0,8.0
Pune,18.5204,73.8567,2026-05-25 03:00:00,10.7,8.7,153.0,10.4,9.0,32.0,24.0,95,0.0,7.6
Pune,18.5204,73.8567,2026-05-25 04:00:00,10.7,8.8,146.0,10.9,9.2,29.0,23.8,96,0.0,7.8
Pune,18.5204,73.8567,2026-05-25 05:00:00,10.6,8.5,147.0,10.7,11.0,32.0,23.7,97,0.0,8.1
Pune,18.5204,73.8567,2026-05-25 06:00:00,10.9,8.6,165.0,9.7,11.3,35.0,24.0,95,0.0,8.7
Pune,18.5204,73.8567,2026-05-25 07:00:00,11.4,8.8,192.0,8.4,11.7,40.0,25.4,86,0.0,9.4
Pune,18.5204,73.8567,2026-05-25 08:00:00,12.4,9.3,208.0,6.9,11.7,50.0,27.3,76,0.0,10.8
Pune,18.5204,73.8567,2026-05-25 09:00:00,15.4,10.9,200.0,5.3,10.9,69.0,29.6,65,0.0,12.1
Pune,18.5204,73.8567,2026-05-25 10:00:00,20.0,13.2,181.0,3.7,9.7,92.0,31.6,54,0.0,11.9
Pune,18.5204,73.8567,2026-05-25 11:00:00,25.7,15.9,167.0,2.5,8.7,111.0,33.2,48,0.0,10.2
Pune,18.5204,73.8567,2026-05-25 12:00:00,28.7,17.5,163.0,1.9,8.1,121.0,34.6,41,0.0,9.6
Pune,18.5204,73.8567,2026-05-25 13:00:00,32.8,19.5,164.0,1.8,7.6,126.0,35.3,36,0.0,9.9
Pune,18.5204,73.8567,2026-05-25 14:00:00,25.9,16.6,167.0,2.1,7.3,127.0,35.3,34,0.0,14.2
Pune,18.5204,73.8567,2026-05-25 15:00:00,23.1,15.6,172.0,2.7,6.9,123.0,31.3,52,1.1,18.1
Pune,18.5204,73.8567,2026-05-25 16:00:00,19.1,14.3,179.0,3.6,6.5,115.0,30.1,61,1.3,16.1
Pune,18.5204,73.8567,2026-05-25 17:00:00,15.9,12.2,186.0,4.1,6.3,116.0,30.8,58,0.0,15.4
Pune,18.5204,73.8567,2026-05-25 18:00:00,14.4,12.3,192.0,6.1,7.6,103.0,29.7,62,0.0,14.3
Pune,18.5204,73.8567,2026-05-25 19:00:00,14.3,12.5,197.0,9.0,9.3,85.0,28.4,69,0.0,14.1
Pune,18.5204,73.8567,2026-05-25 20:00:00,13.7,11.7,200.0,11.2,10.8,70.0,27.5,74,0.0,13.4
Pune,18.5204,73.8567,2026-05-25 21:00:00,13.9,11.7,203.0,12.3,11.8,60.0,26.8,80,0.0,11.7
Pune,18.5204,73.8567,2026-05-25 22:00:00,13.4,11.3,204.0,12.9,12.6,53.0,26.3,84,0.0,11.3
Pune,18.5204,73.8567,2026-05-25 23:00:00,12.2,10.3,199.0,13.0,12.8,47.0,25.8,86,0.0,10.8
Pune,18.5204,73.8567,2026-05-26 00:00:00,10.6,8.9,182.0,12.4,12.1,43.0,25.3,89,0.0,10.2
Pune,18.5204,73.8567,2026-05-26 01:00:00,9.4,7.9,159.0,11.3,10.8,40.0,24.8,91,0.0,10.7
Pune,18.5204,73.8567,2026-05-26 02:00:00,8.4,7.0,144.0,10.6,10.0,38.0,24.5,91,0.0,9.9
Pune,18.5204,73.8567,2026-05-26 03:00:00,7.8,6.6,144.0,11.0,10.1,35.0,24.3,91,0.0,9.2
Pune,18.5204,73.8567,2026-05-26 04:00:00,7.9,6.7,153.0,11.9,10.5,31.0,24.1,91,0.0,9.2
Pune,18.5204,73.8567,2026-05-26 05:00:00,7.2,6.1,164.0,10.5,9.3,33.0,24.3,89,0.0,8.9
Pune,18.5204,73.8567,2026-05-26 06:00:00,7.4,6.4,181.0,9.2,9.2,36.0,24.3,88,0.0,8.6
Pune,18.5204,73.8567,2026-05-26 07:00:00,7.3,6.1,200.0,7.5,8.9,41.0,25.6,81,0.0,8.8
Pune,18.5204,73.8567,2026-05-26 08:00:00,8.2,6.4,210.0,5.8,8.6,50.0,27.6,71,0.0,10.3
Pune,18.5204,73.8567,2026-05-26 09:00:00,10.1,7.5,201.0,4.4,8.0,65.0,29.7,61,0.0,10.5
Pune,18.5204,73.8567,2026-05-26 10:00:00,12.1,8.6,182.0,3.0,7.4,84.0,31.5,53,0.0,11.0
Pune,18.5204,73.8567,2026-05-26 11:00:00,13.9,9.6,169.0,2.1,6.9,100.0,32.9,47,0.0,10.7
Pune,18.5204,73.8567,2026-05-26 12:00:00,15.1,10.3,170.0,1.7,6.7,112.0,34.1,41,0.0,9.8
Pune,18.5204,73.8567,2026-05-26 13:00:00,15.7,10.8,178.0,1.6,6.7,120.0,34.7,39,0.0,10.7
Pune,18.5204,73.8567,2026-05-26 14:00:00,16.4,11.5,186.0,1.8,6.8,126.0,35.2,37,0.0,11.4
Pune,18.5204,73.8567,2026-05-26 15:00:00,16.5,11.9,195.0,2.2,6.8,129.0,35.3,36,0.0,12.6
Pune,18.5204,73.8567,2026-05-26 16:00:00,16.7,12.3,206.0,2.8,6.9,128.0,34.4,38,0.0,14.7
Pune,18.5204,73.8567,2026-05-26 17:00:00,18.2,13.3,212.0,3.6,7.7,127.0,33.6,41,0.0,13.0
Pune,18.5204,73.8567,2026-05-26 18:00:00,17.7,13.5,211.0,5.0,8.8,118.0,32.0,49,0.0,15.3
Pune,18.5204,73.8567,2026-05-26 19:00:00,16.9,13.6,206.0,7.0,10.4,105.0,30.1,58,0.0,15.4
Pune,18.5204,73.8567,2026-05-26 20:00:00,16.2,13.2,201.0,8.7,11.5,92.0,28.6,66,0.0,14.4
Pune,18.5204,73.8567,2026-05-26 21:00:00,15.1,12.2,200.0,9.6,11.7,79.0,27.3,74,0.0,13.5
Pune,18.5204,73.8567,2026-05-26 22:00:00,13.2,10.6,199.0,10.2,11.4,65.0,26.6,79,0.0,12.7
Pune,18.5204,73.8567,2026-05-26 23:00:00,11.6,9.3,194.0,10.7,11.0,53.0,26.3,81,0.0,11.9
Pune,18.5204,73.8567,2026-05-27 00:00:00,9.8,8.0,178.0,11.1,10.4,45.0,25.8,83,0.0,11.7
Pune,18.5204,73.8567,2026-05-27 01:00:00,8.8,7.3,158.0,11.5,9.7,38.0,25.3,85,0.0,11.9
Pune,18.5204,73.8567,2026-05-27 02:00:00,8.4,7.0,143.0,11.6,9.1,34.0,24.8,88,0.0,11.8
Pune,18.5204,73.8567,2026-05-27 03:00:00,8.4,7.2,138.0,11.7,8.7,31.0,24.7,88,0.0,12.4
Pune,18.5204,73.8567,2026-05-27 04:00:00,8.1,6.8,138.0,11.5,8.5,29.0,24.8,87,0.0,12.5
Pune,18.5204,73.8567,2026-05-27 05:00:00,8.1,6.9,143.0,11.0,8.2,31.0,24.2,91,0.0,11.3
Pune,18.5204,73.8567,2026-05-27 06:00:00,8.9,7.7,154.0,9.4,7.7,37.0,24.7,88,0.0,11.2
Pune,18.5204,73.8567,2026-05-27 07:00:00,7.8,6.2,170.0,7.1,7.1,46.0,26.0,79,0.0,12.3
Pune,18.5204,73.8567,2026-05-27 08:00:00,8.4,6.5,179.0,5.1,6.6,57.0,28.1,67,0.0,10.1
Pune,18.5204,73.8567,2026-05-27 09:00:00,9.7,7.3,177.0,3.8,6.4,71.0,30.3,56,0.0,10.4
Pune,18.5204,73.8567,2026-05-27 10:00:00,11.6,8.3,168.0,2.8,6.3,88.0,32.4,48,0.0,9.5
Pune,18.5204,73.8567,2026-05-27 11:00:00,13.8,9.5,163.0,2.1,6.4,102.0,34.0,42,0.0,7.4
Pune,18.5204,73.8567,2026-05-27 12:00:00,15.8,10.7,164.0,1.7,6.5,113.0,35.3,37,0.1,6.6
Pune,18.5204,73.8567,2026-05-27 13:00:00,16.9,11.3,167.0,1.7,6.7,121.0,36.5,32,0.0,7.4
Pune,18.5204,73.8567,2026-05-27 14:00:00,17.3,11.9,171.0,1.9,7.1,127.0,36.8,30,0.0,8.9
Pune,18.5204,73.8567,2026-05-27 15:00:00,17.8,12.6,175.0,2.3,7.8,132.0,35.8,32,0.2,11.2
Pune,18.5204,73.8567,2026-05-27 16:00:00,17.9,13.3,178.0,2.9,8.7,135.0,34.6,37,0.5,11.6
Pune,18.5204,73.8567,2026-05-27 17:00:00,7.8,6.4,182.0,3.5,5.2,107.0,32.6,43,0.3,12.7
Pune,18.5204,73.8567,2026-05-27 18:00:00,6.1,5.8,186.0,4.8,5.9,98.0,30.8,53,0.2,13.7
Pune,18.5204,73.8567,2026-05-27 19:00:00,6.6,6.4,189.0,6.6,6.9,84.0,29.5,60,0.0,14.0
Pune,18.5204,73.8567,2026-05-27 20:00:00,6.5,6.3,191.0,8.3,8.0,72.0,28.3,68,0.0,14.5
Pune,18.5204,73.8567,2026-05-27 21:00:00,6.7,6.4,192.0,9.6,9.1,62.0,27.1,77,0.0,13.4
Pune,18.5204,73.8567,2026-05-27 22:00:00,7.1,6.7,192.0,10.8,10.3,53.0,26.5,81,0.0,12.1
Pune,18.5204,73.8567,2026-05-27 23:00:00,7.0,6.5,188.0,11.6,11.0,45.0,26.1,82,0.0,12.5
Pune,18.5204,73.8567,2026-05-28 00:00:00,6.8,6.1,178.0,11.9,11.0,40.0,25.7,83,0.0,11.5
Pune,18.5204,73.8567,2026-05-28 01:00:00,6.7,6.0,164.0,11.8,10.7,36.0,25.3,83,0.0,11.7
Pune,18.5204,73.8567,2026-05-28 02:00:00,6.8,6.1,154.0,11.6,10.2,34.0,24.8,86,0.0,12.3
Pune,18.5204,73.8567,2026-05-28 03:00:00,6.7,6.0,150.0,11.6,9.8,31.0,24.5,87,0.0,11.8
Pune,18.5204,73.8567,2026-05-28 04:00:00,7.0,6.2,150.0,11.6,9.2,30.0,24.3,88,0.0,10.5
Pune,18.5204,73.8567,2026-05-28 05:00:00,7.9,7.1,154.0,12.7,11.0,30.0,24.1,87,0.0,11.3
Pune,18.5204,73.8567,2026-05-28 06:00:00,7.7,6.8,167.0,10.9,10.5,36.0,24.5,81,0.0,12.5
Pune,18.5204,73.8567,2026-05-28 07:00:00,8.5,7.0,185.0,8.4,9.8,44.0,25.9,74,0.0,11.9
Pune,18.5204,73.8567,2026-05-28 08:00:00,9.7,7.5,194.0,6.1,9.0,55.0,28.0,63,0.0,12.3
Pune,18.5204,73.8567,2026-05-28 09:00:00,11.8,8.5,185.0,4.4,8.1,71.0,30.3,52,0.0,12.8
Pune,18.5204,73.8567,2026-05-28 10:00:00,14.6,9.6,168.0,3.1,7.2,91.0,32.4,43,0.0,12.9
Pune,18.5204,73.8567,2026-05-28 11:00:00,17.3,10.7,156.0,2.1,6.5,106.0,34.3,37,0.0,10.9
Pune,18.5204,73.8567,2026-05-28 12:00:00,19.2,11.4,154.0,1.6,6.0,114.0,35.6,33,0.0,9.7
Pune,18.5204,73.8567,2026-05-28 13:00:00,20.4,12.0,158.0,1.6,5.7,119.0,37.0,28,0.0,10.3
Pune,18.5204,73.8567,2026-05-28 14:00:00,20.4,12.3,163.0,1.8,5.6,122.0,37.2,25,0.0,13.7
Pune,18.5204,73.8567,2026-05-28 15:00:00,21.4,13.0,170.0,2.1,5.9,125.0,36.3,29,0.0,17.2
Pune,18.5204,73.8567,2026-05-28 16:00:00,21.9,13.7,180.0,2.7,6.5,127.0,35.2,35,0.0,16.2
Pune,18.5204,73.8567,2026-05-28 17:00:00,9.4,7.4,187.0,3.4,5.1,113.0,34.1,42,0.0,14.9
Pune,18.5204,73.8567,2026-05-28 18:00:00,10.8,8.4,191.0,4.7,6.0,102.0,31.7,52,0.0,15.7
Pune,18.5204,73.8567,2026-05-28 19:00:00,13.4,10.0,193.0,6.5,7.2,85.0,29.5,60,0.0,16.0
Pune,18.5204,73.8567,2026-05-28 20:00:00,14.6,10.6,192.0,8.0,8.0,71.0,27.8,65,0.0,14.9
Pune,18.5204,73.8567,2026-05-28 21:00:00,14.6,10.4,188.0,8.8,8.1,60.0,26.5,72,0.0,13.2
Pune,18.5204,73.8567,2026-05-28 22:00:00,13.7,9.8,182.0,9.2,7.9,51.0,25.7,78,0.0,12.7
Pune,18.5204,73.8567,2026-05-28 23:00:00,12.8,9.2,174.0,9.5,7.7,44.0,25.3,82,0.0,12.6
Pune,18.5204,73.8567,2026-05-29 00:00:00,11.1,8.1,161.0,9.5,7.6,40.0,24.6,84,0.0,12.7
Pune,18.5204,73.8567,2026-05-29 01:00:00,10.6,7.9,146.0,9.4,7.4,39.0,24.4,86,0.0,12.6
Pune,18.5204,73.8567,2026-05-29 02:00:00,10.4,7.8,135.0,9.3,7.1,38.0,24.5,85,0.0,12.6
Pune,18.5204,73.8567,2026-05-29 03:00:00,10.3,8.0,128.0,9.6,6.5,35.0,24.4,86,0.0,12.8
Pune,18.5204,73.8567,2026-05-29 04:00:00,11.4,9.0,125.0,10.0,5.7,32.0,24.4,85,0.0,13.2
Pune,18.5204,73.8567,2026-05-29 05:00:00,8.6,6.4,127.0,7.9,6.2,39.0,24.6,84,0.0,14.1
Pune,18.5204,73.8567,2026-05-29 06:00:00,7.8,5.8,137.0,7.0,6.0,44.0,24.9,82,0.0,12.8
Pune,18.5204,73.8567,2026-05-29 07:00:00,7.6,5.5,152.0,5.7,5.8,52.0,26.4,75,0.0,13.5
Pune,18.5204,73.8567,2026-05-29 08:00:00,8.7,6.0,161.0,4.5,5.5,61.0,28.5,63,0.0,15.6
Pune,18.5204,73.8567,2026-05-29 09:00:00,10.0,6.6,158.0,3.4,5.1,72.0,30.4,54,0.0,15.8
Pune,18.5204,73.8567,2026-05-29 10:00:00,11.5,7.4,149.0,2.4,4.6,85.0,32.5,46,0.0,16.6
Pune,18.5204,73.8567,2026-05-29 11:00:00,13.0,8.0,142.0,1.7,4.2,95.0,34.3,41,0.0,16.4
Pune,18.5204,73.8567,2026-05-29 12:00:00,14.8,8.7,138.0,1.4,4.0,101.0,34.9,40,0.0,17.8
Pune,18.5204,73.8567,2026-05-29 13:00:00,16.4,9.5,136.0,1.4,3.9,104.0,35.2,39,0.0,17.7
Pune,18.5204,73.8567,2026-05-29 14:00:00,17.7,10.4,136.0,1.6,4.0,106.0,35.5,38,0.0,16.5
Pune,18.5204,73.8567,2026-05-29 15:00:00,18.8,11.4,140.0,1.9,4.4,108.0,35.3,38,0.0,17.4
Pune,18.5204,73.8567,2026-05-29 16:00:00,19.7,12.3,147.0,2.4,5.0,109.0,34.0,42,0.0,17.8
Pune,18.5204,73.8567,2026-05-29 17:00:00,21.9,13.4,153.0,3.1,4.0,90.0,32.8,46,0.0,17.6
Pune,18.5204,73.8567,2026-05-29 18:00:00,22.9,14.1,157.0,4.2,4.4,81.0,31.2,50,0.0,16.1
Pune,18.5204,73.8567,2026-05-29 19:00:00,22.5,14.6,160.0,5.7,4.9,69.0,29.7,56,0.0,15.8
Pune,18.5204,73.8567,2026-05-29 20:00:00,22.6,14.8,163.0,7.0,5.4,59.0,28.3,68,0.0,16.0
Pune,18.5204,73.8567,2026-05-29 21:00:00,22.6,15.0,169.0,7.8,5.9,52.0,27.1,77,0.0,14.5
Pune,18.5204,73.8567,2026-05-29 22:00:00,22.3,15.0,176.0,8.5,6.3,48.0,26.6,80,0.0,14.9
Pune,18.5204,73.8567,2026-05-29 23:00:00,21.6,14.7,176.0,8.7,6.5,44.0,26.1,82,0.0,14.5
Pune,18.5204,73.8567,2026-05-30 00:00:00,20.4,14.0,164.0,8.4,6.3,42.0,25.8,82,0.0,14.1
Pune,18.5204,73.8567,2026-05-30 01:00:00,17.8,12.4,146.0,7.8,5.8,41.0,25.4,84,0.0,14.3
Pune,18.5204,73.8567,2026-05-30 02:00:00,16.4,11.3,133.0,7.2,5.4,41.0,25.1,86,0.0,13.3
Pune,18.5204,73.8567,2026-05-30 03:00:00,13.6,9.5,130.0,6.9,5.2,40.0,25.1,84,0.0,12.3
Pune,18.5204,73.8567,2026-05-30 04:00:00,11.8,8.4,133.0,6.7,5.1,40.0,25.1,83,0.0,13.7
Pune,18.5204,73.8567,2026-05-30 05:00:00,6.8,4.9,138.0,6.7,5.3,42.0,24.7,83,0.0,13.8
Pune,18.5204,73.8567,2026-05-30 06:00:00,7.0,5.1,146.0,6.0,5.3,46.0,25.1,80,0.0,12.8
Pune,18.5204,73.8567,2026-05-30 07:00:00,9.0,6.1,157.0,5.1,5.2,52.0,26.5,74,0.0,13.8
Pune,18.5204,73.8567,2026-05-30 08:00:00,12.1,7.8,162.0,4.1,5.0,59.0,28.5,63,0.0,14.9
Pune,18.5204,73.8567,2026-05-30 09:00:00,15.0,9.2,156.0,3.2,4.6,69.0,30.4,56,0.0,15.7
Pune,18.5204,73.8567,2026-05-30 10:00:00,17.4,10.3,144.0,2.3,4.1,80.0,32.4,48,0.0,15.5
Pune,18.5204,73.8567,2026-05-30 11:00:00,19.2,10.9,135.0,1.6,3.7,89.0,33.8,42,0.0,12.8
Pune,18.5204,73.8567,2026-05-30 12:00:00,20.3,11.0,133.0,1.3,3.5,94.0,35.0,36,0.0,12.8
Pune,18.5204,73.8567,2026-05-30 13:00:00,21.1,11.2,135.0,1.3,3.3,97.0,35.5,35,0.0,12.3
Pune,18.5204,73.8567,2026-05-30 14:00:00,22.8,11.6,138.0,1.5,3.2,97.0,36.1,33,0.0,13.7
Pune,18.5204,73.8567,2026-05-30 15:00:00,24.2,11.9,142.0,1.8,3.1,95.0,35.2,35,0.1,15.5
Pune,18.5204,73.8567,2026-05-30 16:00:00,25.2,12.0,147.0,2.3,3.0,90.0,34.7,38,0.0,15.0
Pune,18.5204,73.8567,2026-05-30 17:00:00,31.7,17.9,151.0,3.1,4.0,98.0,34.4,37,0.0,14.5
Pune,18.5204,73.8567,2026-05-30 18:00:00,28.2,16.8,153.0,3.9,4.1,87.0,32.3,45,0.0,17.0
Pune,18.5204,73.8567,2026-05-30 19:00:00,24.9,15.8,154.0,5.1,4.3,72.0,30.3,54,0.0,18.2
Pune,18.5204,73.8567,2026-05-30 20:00:00,23.7,15.3,156.0,6.1,4.5,59.0,28.1,69,0.0,17.5
Pune,18.5204,73.8567,2026-05-30 21:00:00,22.9,14.9,160.0,6.7,4.9,52.0,27.1,73,0.0,14.6
Pune,18.5204,73.8567,2026-05-30 22:00:00,21.8,14.5,165.0,7.2,5.4,47.0,26.4,77,0.0,13.3
Pune,18.5204,73.8567,2026-05-30 23:00:00,19.5,13.2,164.0,7.5,5.7,44.0,26.1,77,0.0,14.4
Pune,18.5204,73.8567,2026-05-31 00:00:00,16.9,11.9,153.0,7.7,5.8,41.0,25.7,81,0.0,12.7
Pune,18.5204,73.8567,2026-05-31 01:00:00,15.8,11.2,136.0,7.7,5.8,39.0,25.7,82,0.0,15.8
Pune,18.5204,73.8567,2026-05-31 02:00:00,14.2,10.3,125.0,7.6,5.7,38.0,25.6,83,0.0,14.4
Pune,18.5204,73.8567,2026-05-31 03:00:00,13.6,9.5,124.0,7.4,5.5,37.0,25.3,85,0.0,13.4
Pune,18.5204,73.8567,2026-05-31 04:00:00,13.5,9.2,129.0,7.0,5.3,37.0,25.3,84,0.0,12.1
Pune,18.5204,73.8567,2026-05-31 05:00:00,14.2,9.7,135.0,5.6,4.5,41.0,25.4,86,0.0,9.6
Pune,18.5204,73.8567,2026-05-31 06:00:00,15.3,10.4,144.0,5.1,4.6,45.0,25.3,87,0.1,8.6
Pune,18.5204,73.8567,2026-05-31 07:00:00,16.9,11.2,154.0,4.3,4.8,51.0,26.4,78,0.1,7.1
Pune,18.5204,73.8567,2026-05-31 08:00:00,20.2,12.3,159.0,3.5,4.8,59.0,27.9,68,0.0,6.3
Pune,18.5204,73.8567,2026-05-31 09:00:00,23.0,13.0,153.0,2.7,4.6,71.0,30.2,54,0.1,8.2
Pune,18.5204,73.8567,2026-05-31 10:00:00,27.0,14.0,142.0,2.0,4.4,85.0,32.1,48,0.2,9.5
Pune,18.5204,73.8567,2026-05-31 11:00:00,30.4,14.7,134.0,1.4,4.1,95.0,33.6,41,0.0,8.9
Pune,18.5204,73.8567,2026-05-31 12:00:00,32.9,15.1,131.0,1.1,3.9,100.0,33.9,39,0.1,9.3
Pune,18.5204,73.8567,2026-05-31 13:00:00,34.8,15.3,131.0,1.1,3.7,102.0,34.3,38,0.2,13.4
Pune,18.5204,73.8567,2026-05-31 14:00:00,35.0,15.4,133.0,1.2,3.6,101.0,34.1,40,0.3,13.3
Pune,18.5204,73.8567,2026-05-31 15:00:00,36.9,15.8,139.0,1.5,3.5,98.0,32.5,48,0.4,14.0
Pune,18.5204,73.8567,2026-05-31 16:00:00,36.8,15.8,147.0,1.9,3.4,94.0,32.3,47,0.1,15.5
Pune,18.5204,73.8567,2026-05-31 17:00:00,27.1,11.7,153.0,2.3,4.0,96.0,31.7,48,0.1,15.7
Pune,18.5204,73.8567,2026-05-31 18:00:00,22.5,11.0,155.0,3.0,4.6,90.0,30.6,53,0.0,15.7
Pune,18.5204,73.8567,2026-05-31 19:00:00,20.1,10.9,155.0,3.9,5.5,81.0,29.3,58,0.0,15.3
Pune,18.5204,73.8567,2026-05-31 20:00:00,18.9,11.0,157.0,4.9,6.4,73.0,28.0,65,0.0,14.9
Pune,18.5204,73.8567,2026-05-31 21:00:00,18.3,11.0,164.0,5.8,7.3,67.0,27.0,71,0.0,14.0
Pune,18.5204,73.8567,2026-05-31 22:00:00,18.4,11.2,173.0,6.6,8.3,61.0,26.3,77,0.0,13.2
Pune,18.5204,73.8567,2026-05-31 23:00:00,18.0,11.2,177.0,7.4,9.2,56.0,25.7,79,0.0,9.9
Pune,18.5204,73.8567,2026-06-01 00:00:00,17.5,11.0,173.0,8.0,9.8,52.0,25.6,79,0.0,10.1
Pune,18.5204,73.8567,2026-06-01 01:00:00,17.1,10.9,165.0,8.7,10.3,49.0,25.3,82,0.0,8.1
Pune,18.5204,73.8567,2026-06-01 02:00:00,16.9,11.0,158.0,9.5,10.8,45.0,24.9,85,0.0,7.6
Pune,18.5204,73.8567,2026-06-01 03:00:00,16.7,11.1,152.0,11.2,11.7,40.0,24.6,87,0.0,7.8
Pune,18.5204,73.8567,2026-06-01 04:00:00,16.7,11.5,147.0,13.1,12.6,34.0,24.4,88,0.0,8.2
Pune,18.5204,73.8567,2026-06-01 05:00:00,15.8,10.9,149.0,11.6,10.4,36.0,24.0,91,0.0,7.3
Pune,18.5204,73.8567,2026-06-01 06:00:00,16.3,11.6,165.0,10.3,10.2,42.0,24.0,91,0.0,6.7
Pune,18.5204,73.8567,2026-06-01 07:00:00,18.9,11.8,187.0,8.4,9.9,52.0,25.5,81,0.0,6.8
Pune,18.5204,73.8567,2026-06-01 08:00:00,23.5,12.3,198.0,6.6,9.3,63.0,27.8,69,0.0,7.7
Pune,18.5204,73.8567,2026-06-01 09:00:00,29.7,13.5,186.0,4.8,8.1,78.0,30.3,56,0.0,7.9
Pune,18.5204,73.8567,2026-06-01 10:00:00,37.3,15.3,162.0,3.1,6.5,96.0,32.8,43,0.0,9.1
Pune,18.5204,73.8567,2026-06-01 11:00:00,43.0,16.5,144.0,1.9,5.3,110.0,34.2,37,0.0,8.0
Pune,18.5204,73.8567,2026-06-01 12:00:00,45.3,17.2,139.0,1.4,4.8,119.0,34.5,36,0.0,9.2
Pune,18.5204,73.8567,2026-06-01 13:00:00,43.7,17.1,140.0,1.4,4.7,124.0,35.4,34,0.0,7.5
Pune,18.5204,73.8567,2026-06-01 14:00:00,41.0,16.5,144.0,1.7,4.8,126.0,36.1,31,0.0,7.9
Pune,18.5204,73.8567,2026-06-01 15:00:00,39.0,16.5,154.0,2.3,5.0,124.0,36.6,28,0.0,9.8
Pune,18.5204,73.8567,2026-06-01 16:00:00,38.4,16.6,167.0,3.2,5.4,120.0,35.5,31,0.0,15.5
Pune,18.5204,73.8567,2026-06-01 17:00:00,23.8,11.4,176.0,3.3,4.4,119.0,32.9,41,1.3,16.7
Pune,18.5204,73.8567,2026-06-01 18:00:00,18.6,9.7,176.0,4.1,4.6,105.0,31.9,47,0.1,16.8
Pune,18.5204,73.8567,2026-06-01 19:00:00,13.3,7.9,172.0,5.3,5.0,85.0,29.9,58,0.0,17.8
Pune,18.5204,73.8567,2026-06-01 20:00:00,11.9,6.8,169.0,6.2,5.3,68.0,28.3,68,0.0,17.3
Pune,18.5204,73.8567,2026-06-01 21:00:00,12.1,6.8,170.0,6.6,5.5,59.0,27.1,75,0.0,17.1
Pune,18.5204,73.8567,2026-06-01 22:00:00,13.2,7.2,171.0,6.7,5.6,53.0,26.6,76,0.0,15.5
Pune,18.5204,73.8567,2026-06-01 23:00:00,14.3,7.7,170.0,6.8,5.8,49.0,26.0,77,0.0,14.9
Pune,18.5204,73.8567,2026-06-02 00:00:00,15.1,7.8,162.0,7.0,6.2,46.0,25.6,78,0.0,13.2
Pune,18.5204,73.8567,2026-06-02 01:00:00,16.2,8.1,151.0,7.3,6.8,45.0,25.3,79,0.0,10.4
Pune,18.5204,73.8567,2026-06-02 02:00:00,17.7,8.6,145.0,7.6,7.3,43.0,25.3,78,0.1,9.4
Pune,18.5204,73.8567,2026-06-02 03:00:00,19.0,9.1,145.0,8.3,7.9,40.0,25.3,79,0.0,6.1
Pune,18.5204,73.8567,2026-06-02 04:00:00,20.0,9.5,149.0,9.1,8.4,37.0,24.9,80,0.0,5.2
Pune,18.5204,73.8567,2026-06-02 05:00:00,24.4,13.4,160.0,13.6,13.9,33.0,24.7,84,0.0,8.1
Pune,18.5204,73.8567,2026-06-02 06:00:00,27.0,13.8,185.0,11.6,12.6,40.0,24.9,83,0.0,6.7
Pune,18.5204,73.8567,2026-06-02 07:00:00,31.1,14.3,216.0,8.9,10.8,50.0,25.9,77,0.0,1.5
Pune,18.5204,73.8567,2026-06-02 08:00:00,37.8,14.9,231.0,6.4,9.0,62.0,28.0,65,0.0,2.4
Pune,18.5204,73.8567,2026-06-02 09:00:00,43.7,16.2,216.0,4.5,7.3,78.0,30.3,53,0.0,5.5
Pune,18.5204,73.8567,2026-06-02 10:00:00,49.1,17.4,186.0,2.9,5.7,95.0,32.4,45,0.0,7.4
Pune,18.5204,73.8567,2026-06-02 11:00:00,50.3,17.6,162.0,1.8,4.5,109.0,34.3,36,0.0,6.6
Pune,18.5204,73.8567,2026-06-02 12:00:00,48.0,17.8,154.0,1.4,4.1,116.0,34.8,34,0.2,9.0
Pune,18.5204,73.8567,2026-06-02 13:00:00,46.7,18.0,152.0,1.4,4.3,119.0,36.1,29,0.3,8.5
Pune,18.5204,73.8567,2026-06-02 14:00:00,48.9,19.2,152.0,1.7,4.4,119.0,35.8,30,0.2,14.3
Pune,18.5204,73.8567,2026-06-02 15:00:00,46.8,19.3,151.0,2.2,4.2,114.0,34.0,33,0.3,17.5
Pune,18.5204,73.8567,2026-06-02 16:00:00,44.9,18.7,151.0,2.9,4.1,106.0,30.8,49,0.9,22.3
Pune,18.5204,73.8567,2026-06-02 17:00:00,29.8,14.2,152.0,4.2,3.5,95.0,29.8,57,0.3,16.4
Pune,18.5204,73.8567,2026-06-02 18:00:00,36.4,16.1,153.0,4.7,4.0,86.0,29.7,52,0.0,17.8
Pune,18.5204,73.8567,2026-06-02 19:00:00,45.6,19.0,154.0,5.4,4.6,72.0,27.7,61,0.0,16.1
Pune,18.5204,73.8567,2026-06-02 20:00:00,49.6,20.5,158.0,6.1,5.2,61.0,26.6,69,0.0,13.0
Pune,18.5204,73.8567,2026-06-02 21:00:00,52.5,21.8,167.0,6.6,5.7,54.0,26.2,74,0.0,10.5
Pune,18.5204,73.8567,2026-06-02 22:00:00,53.4,22.4,178.0,7.1,6.1,49.0,25.8,76,0.0,10.2
Pune,18.5204,73.8567,2026-06-02 23:00:00,52.6,22.5,182.0,7.5,6.6,45.0,25.6,75,0.0,10.9
Pune,18.5204,73.8567,2026-06-03 00:00:00,51.0,22.2,172.0,7.9,7.1,42.0,24.9,77,0.0,10.7
Pune,18.5204,73.8567,2026-06-03 01:00:00,50.5,22.1,155.0,8.3,7.6,41.0,24.7,77,0.0,9.6
Pune,18.5204,73.8567,2026-06-03 02:00:00,50.8,21.9,142.0,8.8,8.1,39.0,24.3,80,0.0,7.9
Pune,18.5204,73.8567,2026-06-03 03:00:00,50.8,21.8,138.0,9.7,8.8,36.0,24.0,83,0.0,7.7
Pune,18.5204,73.8567,2026-06-03 04:00:00,50.9,21.7,139.0,10.8,9.5,33.0,23.7,85,0.0,7.1
Pune,18.5204,73.8567,2026-06-03 05:00:00,40.4,19.0,144.0,13.0,10.1,29.0,24.2,83,0.0,7.7
Pune,18.5204,73.8567,2026-06-03 06:00:00,42.1,19.3,158.0,11.2,9.8,34.0,24.3,83,0.0,6.9
Pune,18.5204,73.8567,2026-06-03 07:00:00,46.7,19.6,176.0,8.8,9.4,42.0,25.8,73,0.0,7.5
Pune,18.5204,73.8567,2026-06-03 08:00:00,50.1,19.7,186.0,6.5,8.7,52.0,27.7,63,0.0,8.6
Pune,18.5204,73.8567,2026-06-03 09:00:00,52.4,20.1,179.0,4.6,7.6,66.0,29.7,54,0.0,7.7
Pune,18.5204,73.8567,2026-06-03 10:00:00,54.5,20.7,164.0,3.0,6.3,83.0,31.7,45,0.0,5.8
Pune,18.5204,73.8567,2026-06-03 11:00:00,54.4,20.4,152.0,1.8,5.2,95.0,32.7,42,0.0,5.6
Pune,18.5204,73.8567,2026-06-03 12:00:00,60.3,21.8,148.0,1.3,4.5,101.0,34.3,38,0.0,5.5
Pune,18.5204,73.8567,2026-06-03 13:00:00,50.5,18.9,147.0,1.4,4.1,103.0,35.5,34,0.0,7.4
Pune,18.5204,73.8567,2026-06-03 14:00:00,47.6,18.1,148.0,1.6,3.8,102.0,35.9,32,0.0,11.6
Pune,18.5204,73.8567,2026-06-03 15:00:00,42.4,16.5,152.0,2.0,3.6,100.0,34.9,34,0.0,15.7
Pune,18.5204,73.8567,2026-06-03 16:00:00,39.5,15.8,158.0,2.6,3.4,95.0,32.6,42,0.1,15.9
Pune,18.5204,73.8567,2026-06-03 17:00:00,41.9,17.1,162.0,3.5,3.6,98.0,32.4,43,0.1,16.1
Pune,18.5204,73.8567,2026-06-03 18:00:00,36.2,15.9,163.0,4.2,4.0,88.0,30.1,52,0.0,16.9
Pune,18.5204,73.8567,2026-06-03 19:00:00,30.2,14.2,161.0,5.2,4.6,75.0,28.8,58,0.0,17.8
Pune,18.5204,73.8567,2026-06-03 20:00:00,30.3,14.3,161.0,6.0,5.1,64.0,27.8,65,0.0,17.4
Pune,18.5204,73.8567,2026-06-03 21:00:00,29.8,14.1,164.0,6.5,5.5,57.0,26.3,74,0.0,14.5
Pune,18.5204,73.8567,2026-06-03 22:00:00,30.7,14.4,168.0,6.8,5.8,53.0,25.8,77,0.0,13.2
Pune,18.5204,73.8567,2026-06-03 23:00:00,31.3,14.4,167.0,7.2,6.2,49.0,25.3,80,0.0,12.3
Pune,18.5204,73.8567,2026-06-04 00:00:00,32.0,14.2,155.0,7.5,6.6,46.0,24.9,80,0.0,11.6
Pune,18.5204,73.8567,2026-06-04 01:00:00,32.9,14.4,137.0,7.9,6.9,43.0,24.6,81,0.0,10.6
Pune,18.5204,73.8567,2026-06-04 02:00:00,33.6,14.6,126.0,8.4,7.4,41.0,24.4,82,0.0,9.4
Pune,18.5204,73.8567,2026-06-04 03:00:00,34.1,14.9,125.0,9.4,8.1,37.0,24.2,83,0.0,7.8
Pune,18.5204,73.8567,2026-06-04 04:00:00,35.0,15.2,130.0,10.6,8.9,33.0,24.0,83,0.0,6.2
Pune,18.5204,73.8567,2026-06-04 05:00:00,34.6,15.0,139.0,10.1,8.6,34.0,24.1,84,0.0,4.3
Pune,18.5204,73.8567,2026-06-04 06:00:00,35.5,15.5,157.0,9.1,8.6,37.0,24.2,84,0.0,4.4
Pune,18.5204,73.8567,2026-06-04 07:00:00,40.6,16.6,178.0,7.7,8.6,43.0,25.5,77,0.0,5.4
Pune,18.5204,73.8567,2026-06-04 08:00:00,46.9,17.8,191.0,6.2,8.3,52.0,27.8,64,0.0,7.4
Pune,18.5204,73.8567,2026-06-04 09:00:00,48.3,18.7,186.0,4.6,7.3,68.0,29.8,55,0.0,6.3
Pune,18.5204,73.8567,2026-06-04 10:00:00,47.7,19.3,171.0,3.0,5.9,87.0,32.2,45,0.0,5.5
Pune,18.5204,73.8567,2026-06-04 11:00:00,44.4,18.6,159.0,1.9,4.8,103.0,33.5,41,0.0,3.8
Pune,18.5204,73.8567,2026-06-04 12:00:00,41.2,17.9,154.0,1.4,4.3,112.0,35.3,35,0.0,3.0
Pune,18.5204,73.8567,2026-06-04 13:00:00,40.0,17.8,152.0,1.5,4.2,117.0,36.1,33,0.0,3.4
Pune,18.5204,73.8567,2026-06-04 14:00:00,37.7,17.2,153.0,1.8,4.1,118.0,36.5,31,0.0,4.6
Pune,18.5204,73.8567,2026-06-04 15:00:00,37.4,17.2,158.0,2.5,4.1,115.0,35.9,33,0.0,8.7
Pune,18.5204,73.8567,2026-06-04 16:00:00,35.5,16.9,165.0,3.5,4.2,109.0,32.5,44,0.6,18.4
Pune,18.5204,73.8567,2026-06-04 17:00:00,43.8,20.7,170.0,3.7,4.8,117.0,31.8,48,0.3,18.0
Pune,18.5204,73.8567,2026-06-04 18:00:00,31.8,16.6,170.0,4.7,4.9,100.0,29.8,56,0.1,18.7
Pune,18.5204,73.8567,2026-06-04 19:00:00,18.6,11.1,167.0,6.1,5.0,76.0,28.2,65,0.0,17.1
Pune,18.5204,73.8567,2026-06-04 20:00:00,12.4,7.6,163.0,7.3,5.3,57.0,26.9,73,0.0,16.8
Pune,18.5204,73.8567,2026-06-04 21:00:00,12.3,7.5,160.0,7.9,5.8,50.0,26.3,77,0.0,14.2
Pune,18.5204,73.8567,2026-06-04 22:00:00,13.5,8.2,157.0,8.3,6.3,48.0,25.8,80,0.0,13.2
Pune,18.5204,73.8567,2026-06-04 23:00:00,14.2,8.5,152.0,8.5,6.8,47.0,25.8,82,0.0,11.5
Pune,18.5204,73.8567,2026-06-05 00:00:00,14.4,8.5,145.0,8.6,7.1,45.0,25.6,83,0.0,10.7
Pune,18.5204,73.8567,2026-06-05 01:00:00,14.5,8.4,136.0,8.6,7.2,43.0,25.6,83,0.0,9.6
Pune,18.5204,73.8567,2026-06-05 02:00:00,14.2,8.3,130.0,8.7,7.4,41.0,25.3,83,0.0,9.2
Pune,18.5204,73.8567,2026-06-05 03:00:00,14.0,8.3,126.0,9.4,7.8,38.0,25.4,82,0.0,10.3
Pune,18.5204,73.8567,2026-06-05 04:00:00,14.0,8.4,124.0,10.2,8.2,36.0,25.5,81,0.0,9.6
Pune,18.5204,73.8567,2026-06-05 05:00:00,12.0,7.3,127.0,9.1,7.4,39.0,25.3,83,0.0,6.2
Pune,18.5204,73.8567,2026-06-05 06:00:00,12.7,7.8,142.0,8.1,7.2,42.0,25.5,82,0.0,5.6
Pune,18.5204,73.8567,2026-06-05 07:00:00,13.8,7.9,162.0,6.6,6.9,48.0,26.4,76,0.0,6.9
Pune,18.5204,73.8567,2026-06-05 08:00:00,16.3,8.5,174.0,5.2,6.5,56.0,28.4,66,0.0,8.1
Pune,18.5204,73.8567,2026-06-05 09:00:00,19.1,9.8,168.0,3.9,5.9,70.0,30.6,56,0.0,8.3
Pune,18.5204,73.8567,2026-06-05 10:00:00,20.7,10.9,154.0,2.7,5.2,86.0,32.8,47,0.0,8.7
Pune,18.5204,73.8567,2026-06-05 11:00:00,24.0,12.4,144.0,1.9,4.7,99.0,34.2,42,0.0,7.6
Pune,18.5204,73.8567,2026-06-05 12:00:00,28.6,14.1,142.0,1.5,4.5,107.0,35.2,39,0.0,7.9
Pune,18.5204,73.8567,2026-06-05 13:00:00,29.6,14.2,144.0,1.5,4.6,111.0,35.9,36,0.0,9.9
Pune,18.5204,73.8567,2026-06-05 14:00:00,32.8,14.6,147.0,1.7,4.5,111.0,35.8,34,0.0,14.5
Pune,18.5204,73.8567,2026-06-05 15:00:00,25.8,12.6,153.0,2.1,4.2,107.0,33.0,45,1.0,14.2
Pune,18.5204,73.8567,2026-06-05 16:00:00,25.0,12.2,160.0,2.9,3.8,99.0,32.5,47,0.1,16.3
Pune,18.5204,73.8567,2026-06-05 17:00:00,29.8,16.3,167.0,3.9,4.2,97.0,32.2,46,0.6,13.6
Pune,18.5204,73.8567,2026-06-05 18:00:00,21.2,12.7,174.0,5.8,4.8,86.0,29.2,65,0.7,16.2
Pune,18.5204,73.8567,2026-06-05 19:00:00,16.8,10.8,180.0,8.5,5.6,70.0,27.8,72,0.0,13.8
Pune,18.5204,73.8567,2026-06-05 20:00:00,16.9,10.9,183.0,10.4,6.3,57.0,26.8,78,0.0,13.4
Pune,18.5204,73.8567,2026-06-05 21:00:00,17.5,10.9,183.0,10.8,6.7,50.0,26.2,80,0.0,12.1
Pune,18.5204,73.8567,2026-06-05 22:00:00,19.0,11.5,180.0,10.4,7.0,47.0,25.9,82,0.0,10.2
Pune,18.5204,73.8567,2026-06-05 23:00:00,20.0,11.6,173.0,9.9,7.2,44.0,26.0,82,0.0,11.5
Pune,18.5204,73.8567,2026-06-06 00:00:00,20.3,11.3,159.0,9.3,7.3,42.0,25.9,83,0.0,10.9
Pune,18.5204,73.8567,2026-06-06 01:00:00,21.1,11.4,141.0,8.5,7.2,42.0,25.8,83,0.0,11.7
Pune,18.5204,73.8567,2026-06-06 02:00:00,21.5,11.4,128.0,8.1,7.3,41.0,25.5,85,0.0,11.7
Pune,18.5204,73.8567,2026-06-06 03:00:00,21.9,11.6,124.0,8.5,7.7,39.0,25.7,83,0.0,12.8
Pune,18.5204,73.8567,2026-06-06 04:00:00,21.8,11.8,125.0,9.2,8.3,36.0,25.7,83,0.0,11.3
Pune,18.5204,73.8567,2026-06-06 05:00:00,18.2,10.0,131.0,9.3,8.1,36.0,25.5,87,0.0,9.0
Pune,18.5204,73.8567,2026-06-06 06:00:00,18.3,10.3,146.0,8.4,8.0,39.0,25.4,87,0.0,7.6
Pune,18.5204,73.8567,2026-06-06 07:00:00,18.8,10.4,166.0,7.2,7.8,44.0,26.6,79,0.0,7.0
Pune,18.5204,73.8567,2026-06-06 08:00:00,18.6,10.1,177.0,5.9,7.4,52.0,28.4,69,0.0,7.9
Pune,18.5204,73.8567,2026-06-06 09:00:00,22.1,11.4,170.0,4.5,6.7,65.0,30.7,58,0.0,9.9
Pune,18.5204,73.8567,2026-06-06 10:00:00,24.9,12.2,153.0,3.0,5.9,81.0,32.3,51,0.0,10.1
Pune,18.5204,73.8567,2026-06-06 11:00:00,31.1,14.2,141.0,1.9,5.2,94.0,34.1,38,0.0,6.4
Pune,18.5204,73.8567,2026-06-06 12:00:00,45.5,18.1,137.0,1.4,4.7,101.0,35.2,34,0.0,7.5
Pune,18.5204,73.8567,2026-06-06 13:00:00,39.8,16.4,138.0,1.4,4.4,104.0,36.3,29,0.0,8.4
Pune,18.5204,73.8567,2026-06-06 14:00:00,40.7,16.9,140.0,1.7,4.1,104.0,36.5,29,0.0,11.2
Pune,18.5204,73.8567,2026-06-06 15:00:00,37.5,16.2,145.0,2.2,3.8,101.0,34.0,39,0.1,18.8
Pune,18.5204,73.8567,2026-06-06 16:00:00,33.3,15.8,153.0,3.1,3.7,94.0,33.2,45,0.1,15.5
Pune,18.5204,73.8567,2026-06-06 17:00:00,33.5,17.0,159.0,3.7,5.0,104.0,31.0,55,1.2,18.9
Pune,18.5204,73.8567,2026-06-06 18:00:00,27.9,15.6,163.0,5.2,5.3,90.0,29.8,59,0.0,19.2
Pune,18.5204,73.8567,2026-06-06 19:00:00,22.6,13.5,166.0,7.3,5.7,72.0,28.0,70,0.0,18.2
Pune,18.5204,73.8567,2026-06-06 20:00:00,22.9,13.6,167.0,8.8,6.1,57.0,27.2,74,0.0,15.8
Pune,18.5204,73.8567,2026-06-06 21:00:00,24.6,14.4,165.0,9.3,6.5,50.0,26.7,77,0.0,13.7
Pune,18.5204,73.8567,2026-06-06 22:00:00,27.3,15.2,161.0,9.2,6.8,48.0,26.3,80,0.0,13.6
Pune,18.5204,73.8567,2026-06-06 23:00:00,28.8,15.4,154.0,8.9,7.0,46.0,25.7,83,0.0,13.9
Pune,18.5204,73.8567,2026-06-07 00:00:00,28.2,14.5,142.0,8.4,6.8,45.0,25.5,83,0.0,14.2
Pune,18.5204,73.8567,2026-06-07 01:00:00,28.3,14.3,128.0,7.6,6.4,44.0,25.3,84,0.0,12.7
Pune,18.5204,73.8567,2026-06-07 02:00:00,28.9,14.3,118.0,7.2,6.2,44.0,25.1,84,0.0,13.9
Pune,18.5204,73.8567,2026-06-07 03:00:00,29.9,14.6,116.0,7.5,6.4,42.0,25.0,85,0.0,13.1
Pune,18.5204,73.8567,2026-06-07 04:00:00,30.4,15.0,118.0,8.1,6.7,40.0,24.9,85,0.0,11.7
Pune,18.5204,73.8567,2026-06-07 05:00:00,22.2,12.0,122.0,9.6,7.9,37.0,25.6,86,0.0,10.6
Pune,18.5204,73.8567,2026-06-07 06:00:00,23.5,12.3,130.0,8.2,7.5,42.0,25.4,86,0.0,10.8
Pune,18.5204,73.8567,2026-06-07 07:00:00,28.1,13.0,141.0,6.3,7.0,50.0,26.5,79,0.0,10.2
Pune,18.5204,73.8567,2026-06-07 08:00:00,37.1,15.2,146.0,4.6,6.5,59.0,28.3,68,0.0,11.0
Pune,18.5204,73.8567,2026-06-07 09:00:00,41.8,16.6,142.0,3.3,5.9,71.0,30.4,58,0.0,12.3
Pune,18.5204,73.8567,2026-06-07 10:00:00,46.8,18.0,132.0,2.2,5.3,83.0,32.2,50,0.0,12.6
Pune,18.5204,73.8567,2026-06-07 11:00:00,47.6,18.2,126.0,1.5,4.8,93.0,33.9,42,0.0,11.3
Pune,18.5204,73.8567,2026-06-07 12:00:00,46.3,18.1,126.0,1.1,4.4,98.0,34.9,38,0.0,10.7
Pune,18.5204,73.8567,2026-06-07 13:00:00,43.1,17.4,129.0,1.0,4.1,99.0,35.1,37,0.0,12.6
Pune,18.5204,73.8567,2026-06-07 14:00:00,38.5,16.1,132.0,1.3,3.9,98.0,35.3,36,0.0,14.0
Pune,18.5204,73.8567,2026-06-07 15:00:00,33.8,14.6,133.0,2.1,3.7,93.0,34.5,38,0.0,15.8
Pune,18.5204,73.8567,2026-06-07 16:00:00,32.1,14.1,135.0,3.2,3.7,86.0,31.9,48,1.3,18.7
Pune,18.5204,73.8567,2026-06-07 17:00:00,35.5,18.2,137.0,4.3,4.1,79.0,31.3,50,0.0,16.6
Pune,18.5204,73.8567,2026-06-07 18:00:00,44.2,20.2,143.0,4.8,4.4,71.0,29.7,57,0.3,16.9
Pune,18.5204,73.8567,2026-06-07 19:00:00,51.1,22.5,149.0,5.5,4.8,61.0,28.5,63,0.0,16.6
Pune,18.5204,73.8567,2026-06-07 20:00:00,57.0,24.7,153.0,6.1,5.2,53.0,27.3,70,0.0,14.9
Pune,18.5204,73.8567,2026-06-07 21:00:00,64.0,26.5,151.0,6.4,5.6,50.0,26.3,78,0.0,14.1
Pune,18.5204,73.8567,2026-06-07 22:00:00,68.2,27.9,146.0,6.7,6.0,49.0,25.7,82,0.0,13.5
Pune,18.5204,73.8567,2026-06-07 23:00:00,70.5,28.6,140.0,6.9,6.4,48.0,25.6,82,0.0,13.3
Pune,18.5204,73.8567,2026-06-08 00:00:00,70.3,28.3,131.0,7.2,6.6,46.0,25.2,84,0.0,12.0
Pune,18.5204,73.8567,2026-06-08 01:00:00,66.8,26.8,120.0,7.4,6.8,44.0,25.1,84,0.0,11.7
Pune,18.5204,73.8567,2026-06-08 02:00:00,66.1,25.9,113.0,7.6,6.9,43.0,24.9,84,0.0,12.8
Pune,18.5204,73.8567,2026-06-08 03:00:00,67.5,25.0,110.0,7.7,7.0,42.0,24.8,85,0.0,12.3
Pune,18.5204,73.8567,2026-06-08 04:00:00,67.3,24.6,109.0,7.7,7.0,41.0,24.5,86,0.0,12.4
Pune,18.5204,73.8567,2026-06-08 05:00:00,34.6,14.0,114.0,6.4,6.3,46.0,25.2,91,0.0,8.6
Pune,18.5204,73.8567,2026-06-08 06:00:00,31.1,12.8,129.0,6.0,6.3,48.0,25.4,88,0.0,10.6
Pune,18.5204,73.8567,2026-06-08 07:00:00,29.0,11.8,148.0,5.5,6.2,52.0,26.3,79,0.0,10.5
Pune,18.5204,73.8567,2026-06-08 08:00:00,30.6,11.4,159.0,4.8,6.0,58.0,28.1,66,0.0,14.8
Pune,18.5204,73.8567,2026-06-08 09:00:00,34.3,12.7,153.0,3.8,5.5,68.0,29.7,58,0.0,15.6
Pune,18.5204,73.8567,2026-06-08 10:00:00,35.4,13.5,139.0,2.6,4.8,80.0,31.0,55,0.0,15.5
Pune,18.5204,73.8567,2026-06-08 11:00:00,33.2,13.2,129.0,1.7,4.2,89.0,32.4,48,0.0,14.5
Pune,18.5204,73.8567,2026-06-08 12:00:00,29.6,12.5,129.0,1.3,3.8,92.0,33.1,46,0.1,14.9
Pune,18.5204,73.8567,2026-06-08 13:00:00,26.6,11.9,133.0,1.3,3.5,91.0,33.5,42,0.0,16.2
Pune,18.5204,73.8567,2026-06-08 14:00:00,24.8,11.1,138.0,1.7,3.3,88.0,33.0,44,0.0,17.6
Pune,18.5204,73.8567,2026-06-08 15:00:00,21.7,10.1,141.0,2.8,3.2,81.0,31.8,47,0.5,18.4
Pune,18.5204,73.8567,2026-06-08 16:00:00,18.0,8.8,144.0,4.3,3.1,72.0,30.1,58,0.6,20.0
Pune,18.5204,73.8567,2026-06-08 17:00:00,48.1,19.6,148.0,4.6,4.2,78.0,31.6,45,0.3,18.2
Pune,18.5204,73.8567,2026-06-08 18:00:00,45.1,18.8,157.0,5.5,4.6,72.0,29.6,54,0.1,18.1
Pune,18.5204,73.8567,2026-06-08 19:00:00,41.8,17.9,168.0,6.8,5.1,63.0,27.7,66,0.0,17.8
Pune,18.5204,73.8567,2026-06-08 20:00:00,37.1,15.9,173.0,7.7,5.5,56.0,26.3,77,0.0,14.7
Pune,18.5204,73.8567,2026-06-08 21:00:00,31.2,13.8,168.0,7.9,5.8,53.0,25.7,82,0.0,13.2
Pune,18.5204,73.8567,2026-06-08 22:00:00,24.7,11.7,158.0,7.8,6.1,53.0,25.4,83,0.0,12.6
Pune,18.5204,73.8567,2026-06-08 23:00:00,20.0,9.5,148.0,7.6,6.3,52.0,25.9,84,0.0,12.3
Pune,18.5204,73.8567,2026-06-09 00:00:00,20.9,9.1,140.0,7.3,6.4,51.0,25.4,86,0.0,13.9
Pune,18.5204,73.8567,2026-06-09 01:00:00,22.9,9.7,133.0,7.0,6.5,49.0,25.0,87,0.0,13.2
Pune,18.5204,73.8567,2026-06-09 02:00:00,23.1,10.3,127.0,6.8,6.5,48.0,24.6,87,0.0,14.5
Pune,18.5204,73.8567,2026-06-09 03:00:00,24.2,10.9,124.0,6.9,6.5,46.0,24.3,88,0.0,13.0
Pune,18.5204,73.8567,2026-06-09 04:00:00,25.1,11.4,122.0,7.1,6.5,45.0,24.4,86,0.0,15.9
Pune,18.5204,73.8567,2026-06-09 05:00:00,9.2,5.0,124.0,6.2,5.9,48.0,24.7,86,0.0,13.0
Pune,18.5204,73.8567,2026-06-09 06:00:00,11.9,5.5,131.0,5.9,5.9,50.0,24.6,85,0.0,12.8
Pune,18.5204,73.8567,2026-06-09 07:00:00,16.0,6.9,141.0,5.4,5.8,54.0,25.5,80,0.0,14.2
Pune,18.5204,73.8567,2026-06-09 08:00:00,25.4,9.7,146.0,4.8,5.6,59.0,27.2,70,0.0,17.3
Pune,18.5204,73.8567,2026-06-09 09:00:00,32.7,12.1,141.0,3.8,5.2,67.0,28.7,63,0.0,16.9
Pune,18.5204,73.8567,2026-06-09 10:00:00,34.9,13.6,132.0,2.7,4.7,78.0,30.9,53,0.0,17.6
Pune,18.5204,73.8567,2026-06-09 11:00:00,36.4,14.1,126.0,1.9,4.3,86.0,32.4,45,0.0,16.4
Pune,18.5204,73.8567,2026-06-09 12:00:00,34.7,14.0,127.0,1.6,4.1,91.0,33.1,43,0.0,17.0
Pune,18.5204,73.8567,2026-06-09 13:00:00,35.3,14.5,131.0,1.5,3.9,95.0,32.9,45,0.0,18.5
Pune,18.5204,73.8567,2026-06-09 14:00:00,40.2,16.0,136.0,1.7,3.8,95.0,32.4,45,0.0,20.2
Pune,18.5204,73.8567,2026-06-09 15:00:00,40.4,16.2,139.0,2.1,3.6,92.0,30.5,56,1.0,17.7
Pune,18.5204,73.8567,2026-06-09 16:00:00,37.7,15.8,143.0,2.8,3.5,86.0,30.4,58,0.1,18.6
Pune,18.5204,73.8567,2026-06-09 17:00:00,48.4,18.9,148.0,3.2,3.4,75.0,29.3,63,0.0,17.8
Pune,18.5204,73.8567,2026-06-09 18:00:00,40.0,17.2,156.0,4.3,3.8,68.0,28.3,67,0.0,18.7
Pune,18.5204,73.8567,2026-06-09 19:00:00,33.5,15.7,165.0,5.8,4.4,58.0,26.8,76,0.0,16.8
Pune,18.5204,73.8567,2026-06-09 20:00:00,31.1,15.0,171.0,7.1,5.0,50.0,26.0,82,0.0,13.4
Pune,18.5204,73.8567,2026-06-09 21:00:00,29.1,14.8,175.0,7.9,5.6,46.0,25.8,83,0.0,14.1
Pune,18.5204,73.8567,2026-06-09 22:00:00,29.8,15.2,177.0,8.4,6.1,44.0,25.6,84,0.0,15.4
Pune,18.5204,73.8567,2026-06-09 23:00:00,31.0,15.1,172.0,8.5,6.4,43.0,25.3,85,0.0,15.0
Pune,18.5204,73.8567,2026-06-10 00:00:00,30.6,14.2,156.0,7.9,6.2,43.0,25.0,84,0.0,17.2
Pune,18.5204,73.8567,2026-06-10 01:00:00,29.2,13.2,134.0,7.0,5.8,44.0,24.8,84,0.0,17.5
Pune,18.5204,73.8567,2026-06-10 02:00:00,23.6,10.9,118.0,6.3,5.5,44.0,24.7,85,0.0,18.4
Pune,18.5204,73.8567,2026-06-10 03:00:00,18.3,8.8,114.0,6.4,5.4,42.0,24.9,83,0.0,16.6
Pune,18.5204,73.8567,2026-06-10 04:00:00,16.1,7.8,116.0,6.8,5.3,40.0,24.6,85,0.0,16.3
Pune,18.5204,73.8567,2026-06-10 05:00:00,22.8,11.6,121.0,6.0,4.5,44.0,24.6,85,0.0,13.6
Pune,18.5204,73.8567,2026-06-10 06:00:00,28.2,13.7,130.0,5.8,4.7,48.0,24.5,86,0.0,11.8
Pune,18.5204,73.8567,2026-06-10 07:00:00,31.8,13.7,141.0,5.4,5.1,54.0,26.2,77,0.0,16.7
Pune,18.5204,73.8567,2026-06-10 08:00:00,34.8,15.2,147.0,4.8,5.2,61.0,27.9,68,0.1,18.2
Pune,18.5204,73.8567,2026-06-10 09:00:00,38.8,16.8,143.0,3.9,5.0,70.0,29.2,62,0.0,17.8
Pune,18.5204,73.8567,2026-06-10 10:00:00,46.4,19.9,133.0,2.7,4.6,80.0,31.2,53,0.0,17.8
Pune,18.5204,73.8567,2026-06-10 11:00:00,43.3,18.8,126.0,1.9,4.2,88.0,32.6,48,0.0,16.2
Pune,18.5204,73.8567,2026-06-10 12:00:00,42.7,18.5,125.0,1.6,4.0,92.0,33.4,43,0.0,17.3
Pune,18.5204,73.8567,2026-06-10 13:00:00,45.8,19.1,126.0,1.5,3.8,94.0,33.8,41,0.1,18.2
Pune,18.5204,73.8567,2026-06-10 14:00:00,45.1,19.1,128.0,1.7,3.7,93.0,33.8,41,0.0,19.2
Pune,18.5204,73.8567,2026-06-10 15:00:00,43.0,18.6,131.0,2.1,3.6,88.0,33.3,44,0.0,19.4
Pune,18.5204,73.8567,2026-06-10 16:00:00,40.4,18.0,135.0,2.7,3.5,80.0,32.6,46,0.0,19.0
Pune,18.5204,73.8567,2026-06-10 17:00:00,45.3,19.8,139.0,3.2,3.3,75.0,31.4,47,0.0,20.1
Pune,18.5204,73.8567,2026-06-10 18:00:00,42.0,18.9,144.0,4.3,3.7,68.0,30.0,53,0.0,20.3
Pune,18.5204,73.8567,2026-06-10 19:00:00,38.3,18.3,149.0,5.8,4.3,57.0,27.7,69,0.0,18.9
Pune,18.5204,73.8567,2026-06-10 20:00:00,35.4,17.1,151.0,7.1,4.9,49.0,26.6,76,0.0,14.5
Pune,18.5204,73.8567,2026-06-10 21:00:00,33.1,16.1,150.0,8.1,5.6,45.0,26.2,79,0.0,14.4
Pune,18.5204,73.8567,2026-06-10 22:00:00,31.3,15.7,147.0,9.0,6.3,43.0,25.7,82,0.0,13.8
Pune,18.5204,73.8567,2026-06-10 23:00:00,29.0,15.1,142.0,9.5,6.8,41.0,25.4,84,0.0,14.2
Pune,18.5204,73.8567,2026-06-11 00:00:00,28.2,14.3,132.0,9.6,6.8,39.0,25.2,84,0.0,14.2
Pune,18.5204,73.8567,2026-06-11 01:00:00,25.3,13.4,120.0,9.4,6.6,38.0,24.9,86,0.0,12.6
Pune,18.5204,73.8567,2026-06-11 02:00:00,22.1,12.4,111.0,9.0,6.4,38.0,24.9,85,0.0,14.6
Pune,18.5204,73.8567,2026-06-11 03:00:00,19.1,11.3,107.0,8.6,6.2,38.0,25.1,83,0.0,15.9
Pune,18.5204,73.8567,2026-06-11 04:00:00,17.2,10.4,107.0,8.0,6.0,38.0,24.8,84,0.0,14.8
Pune,18.5204,73.8567,2026-06-11 05:00:00,20.2,11.4,111.0,7.8,6.0,41.0,24.9,85,0.0,13.3
Pune,18.5204,73.8567,2026-06-11 06:00:00,22.0,12.7,124.0,7.0,6.0,46.0,24.7,84,0.0,10.8
Pune,18.5204,73.8567,2026-06-11 07:00:00,20.4,10.7,142.0,5.9,5.9,52.0,26.2,77,0.0,15.5
Pune,18.5204,73.8567,2026-06-11 08:00:00,21.4,11.1,152.0,4.8,5.7,60.0,28.0,67,0.0,13.8
Pune,18.5204,73.8567,2026-06-11 09:00:00,27.7,13.3,148.0,3.7,5.3,70.0,30.2,54,0.0,14.9
Pune,18.5204,73.8567,2026-06-11 10:00:00,32.5,15.1,136.0,2.6,4.7,81.0,31.9,48,0.0,15.4
Pune,18.5204,73.8567,2026-06-11 11:00:00,35.3,16.5,128.0,1.8,4.3,90.0,33.1,45,0.0,16.9
Pune,18.5204,73.8567,2026-06-11 12:00:00,37.7,17.8,126.0,1.5,4.1,94.0,34.2,41,0.0,16.2
Pune,18.5204,73.8567,2026-06-11 13:00:00,39.6,18.5,128.0,1.4,4.0,96.0,34.7,40,0.0,16.0
Pune,18.5204,73.8567,2026-06-11 14:00:00,43.3,19.3,130.0,1.6,3.9,95.0,35.2,38,0.0,16.0
Pune,18.5204,73.8567,2026-06-11 15:00:00,49.0,20.2,132.0,1.9,3.8,93.0,35.0,38,0.0,17.9
Pune,18.5204,73.8567,2026-06-11 16:00:00,55.1,21.3,136.0,2.3,3.6,88.0,33.9,41,0.0,19.1
Pune,18.5204,73.8567,2026-06-11 17:00:00,61.0,24.6,139.0,3.0,3.7,83.0,32.2,48,0.0,17.5
Pune,18.5204,73.8567,2026-06-11 18:00:00,59.6,24.7,143.0,4.0,4.0,75.0,30.2,55,0.0,17.7
Pune,18.5204,73.8567,2026-06-11 19:00:00,55.1,24.9,147.0,5.3,4.4,63.0,28.6,64,0.0,18.0
Pune,18.5204,73.8567,2026-06-11 20:00:00,52.4,24.9,150.0,6.5,4.9,53.0,27.2,70,0.0,15.7
Pune,18.5204,73.8567,2026-06-11 21:00:00,46.6,23.2,154.0,7.4,5.5,48.0,26.4,76,0.0,14.4
Pune,18.5204,73.8567,2026-06-11 22:00:00,41.9,21.5,158.0,8.2,6.1,44.0,25.8,80,0.0,13.6
Pune,18.5204,73.8567,2026-06-11 23:00:00,37.3,19.9,156.0,8.6,6.4,42.0,25.5,81,0.0,13.3
Pune,18.5204,73.8567,2026-06-12 00:00:00,34.3,17.4,144.0,8.3,6.2,41.0,25.3,82,0.0,13.2
Pune,18.5204,73.8567,2026-06-12 01:00:00,32.9,16.5,126.0,7.5,5.8,41.0,25.0,84,0.0,13.1
Pune,18.5204,73.8567,2026-06-12 02:00:00,30.3,15.7,113.0,6.8,5.4,42.0,24.9,84,0.0,12.6
Pune,18.5204,73.8567,2026-06-12 03:00:00,28.5,14.8,108.0,6.5,5.1,42.0,24.7,85,0.0,12.2
Pune,18.5204,73.8567,2026-06-12 04:00:00,26.3,13.6,108.0,6.2,4.9,42.0,24.5,86,0.0,12.5
Pune,18.5204,73.8567,2026-06-12 05:00:00,27.1,13.4,113.0,6.0,4.9,44.0,25.2,86,0.0,12.7
Pune,18.5204,73.8567,2026-06-12 06:00:00,29.5,13.4,126.0,5.6,5.0,48.0,25.4,85,0.0,13.2
Pune,18.5204,73.8567,2026-06-12 07:00:00,33.1,14.9,143.0,5.0,5.1,54.0,26.6,75,0.0,14.2
Pune,18.5204,73.8567,2026-06-12 08:00:00,36.0,15.8,153.0,4.3,5.1,61.0,28.6,62,0.0,15.6
Pune,18.5204,73.8567,2026-06-12 09:00:00,38.4,16.5,150.0,3.4,4.8,70.0,30.6,55,0.0,16.8
Pune,18.5204,73.8567,2026-06-12 10:00:00,44.9,18.0,141.0,2.4,4.4,81.0,32.6,46,0.0,17.9
Pune,18.5204,73.8567,2026-06-12 11:00:00,53.0,19.6,133.0,1.7,4.0,88.0,32.8,46,0.0,15.7
Pune,18.5204,73.8567,2026-06-12 12:00:00,60.3,21.4,129.0,1.5,3.7,90.0,33.4,44,0.0,16.6
Pune,18.5204,73.8567,2026-06-12 13:00:00,66.1,23.0,126.0,1.5,3.5,89.0,33.9,45,0.1,15.0
Pune,18.5204,73.8567,2026-06-12 14:00:00,69.6,24.1,125.0,1.7,3.3,87.0,34.2,44,0.1,15.9
Pune,18.5204,73.8567,2026-06-12 15:00:00,68.2,24.3,127.0,2.0,3.3,85.0,33.1,47,0.2,15.8
Pune,18.5204,73.8567,2026-06-12 16:00:00,65.2,23.8,131.0,2.4,3.3,83.0,32.2,50,0.3,18.4
Pune,18.5204,73.8567,2026-06-12 17:00:00,83.6,31.2,136.0,3.1,3.4,78.0,32.5,47,0.1,18.3
Pune,18.5204,73.8567,2026-06-12 18:00:00,78.0,31.8,142.0,4.2,3.9,70.0,29.3,64,0.0,18.6
Pune,18.5204,73.8567,2026-06-12 19:00:00,68.5,31.1,149.0,5.6,4.5,59.0,27.5,74,0.0,17.3
Pune,18.5204,73.8567,2026-06-12 20:00:00,61.2,29.5,153.0,6.9,5.2,50.0,26.6,79,0.0,16.2
Pune,18.5204,73.8567,2026-06-12 21:00:00,51.7,25.6,154.0,7.8,5.8,45.0,26.2,81,0.0,15.4
Pune,18.5204,73.8567,2026-06-12 22:00:00,45.3,23.0,152.0,8.4,6.5,43.0,25.8,83,0.0,13.6
Pune,18.5204,73.8567,2026-06-12 23:00:00,38.5,19.7,147.0,8.8,6.9,41.0,25.7,83,0.0,14.7
Pune,18.5204,73.8567,2026-06-13 00:00:00,33.8,17.3,136.0,8.9,7.1,39.0,25.3,85,0.0,14.0
Pune,18.5204,73.8567,2026-06-13 01:00:00,31.7,16.2,121.0,8.7,7.0,38.0,25.1,85,0.0,13.6
Pune,18.5204,73.8567,2026-06-13 02:00:00,28.4,15.0,110.0,8.5,6.8,37.0,25.1,85,0.0,12.4
Pune,18.5204,73.8567,2026-06-13 03:00:00,27.7,15.0,106.0,8.4,6.3,36.0,25.2,84,0.0,12.9
Pune,18.5204,73.8567,2026-06-13 04:00:00,27.2,15.2,106.0,8.2,5.7,35.0,24.9,86,0.0,13.0
Pune,18.5204,73.8567,2026-06-13 05:00:00,27.1,12.4,110.0,5.8,5.5,45.0,24.9,86,0.0,14.2
Pune,18.5204,73.8567,2026-06-13 06:00:00,27.9,12.4,123.0,5.4,5.5,48.0,24.9,86,0.0,13.7
Pune,18.5204,73.8567,2026-06-13 07:00:00,31.9,13.4,140.0,4.8,5.4,53.0,26.3,76,0.0,13.6
Pune,18.5204,73.8567,2026-06-13 08:00:00,36.6,14.4,150.0,4.1,5.2,60.0,28.4,63,0.0,14.0
Pune,18.5204,73.8567,2026-06-13 09:00:00,39.2,15.2,145.0,3.2,4.8,69.0,30.4,53,0.0,15.4
Pune,18.5204,73.8567,2026-06-13 10:00:00,42.1,15.8,133.0,2.3,4.4,80.0,32.1,44,0.0,15.2
Pune,18.5204,73.8567,2026-06-13 11:00:00,46.6,16.9,124.0,1.6,4.0,89.0,34.0,38,0.0,13.2
Pune,18.5204,73.8567,2026-06-13 12:00:00,46.2,17.2,122.0,1.3,3.8,94.0,34.2,39,0.0,16.3
Pune,18.5204,73.8567,2026-06-13 13:00:00,44.2,16.8,123.0,1.3,3.6,96.0,34.4,38,0.1,16.8
Pune,18.5204,73.8567,2026-06-13 14:00:00,42.5,16.6,125.0,1.5,3.5,96.0,33.9,38,1.1,19.6
Pune,18.5204,73.8567,2026-06-13 15:00:00,59.5,21.8,128.0,2.0,3.4,92.0,33.2,43,0.0,20.7
Pune,18.5204,73.8567,2026-06-13 16:00:00,35.6,15.5,131.0,2.6,3.5,85.0,32.2,48,0.0,21.6
Pune,18.5204,73.8567,2026-06-13 17:00:00,36.4,16.0,135.0,3.1,3.7,84.0,31.2,52,0.0,19.7
Pune,18.5204,73.8567,2026-06-13 18:00:00,36.7,16.2,138.0,4.1,4.1,76.0,29.4,59,0.0,19.6
Pune,18.5204,73.8567,2026-06-13 19:00:00,33.6,15.8,140.0,5.4,4.7,64.0,27.7,69,0.0,17.6
Pune,18.5204,73.8567,2026-06-13 20:00:00,30.6,15.1,143.0,6.5,5.2,55.0,26.7,75,0.0,16.2
Pune,18.5204,73.8567,2026-06-13 21:00:00,27.1,13.8,147.0,7.2,5.7,50.0,26.1,76,0.0,14.9
Pune,18.5204,73.8567,2026-06-13 22:00:00,25.4,13.4,151.0,7.6,6.2,47.0,25.6,81,0.0,13.6
Pune,18.5204,73.8567,2026-06-13 23:00:00,25.1,13.2,150.0,7.9,6.6,45.0,25.3,82,0.0,11.9
Pune,18.5204,73.8567,2026-06-14 00:00:00,23.9,12.3,139.0,8.0,6.7,43.0,25.1,83,0.0,12.2
Pune,18.5204,73.8567,2026-06-14 01:00:00,24.1,12.3,122.0,7.9,6.6,41.0,25.1,84,0.0,14.5
Pune,18.5204,73.8567,2026-06-14 02:00:00,24.2,12.5,110.0,8.0,6.6,39.0,24.9,84,0.0,12.4
Pune,18.5204,73.8567,2026-06-14 03:00:00,24.3,12.9,107.0,8.5,6.7,36.0,24.7,85,0.0,13.2
Pune,18.5204,73.8567,2026-06-14 04:00:00,23.3,12.9,108.0,9.1,6.9,34.0,24.9,83,0.0,13.9
Pune,18.5204,73.8567,2026-06-14 05:00:00,21.8,10.8,111.0,6.5,5.4,41.0,24.8,84,0.0,11.7
Pune,18.5204,73.8567,2026-06-14 06:00:00,21.2,9.8,118.0,5.8,5.4,44.0,25.1,82,0.0,11.6
Pune,18.5204,73.8567,2026-06-14 07:00:00,21.5,9.8,127.0,4.8,5.5,49.0,26.1,76,0.0,11.7
Pune,18.5204,73.8567,2026-06-14 08:00:00,27.4,11.1,133.0,3.8,5.5,55.0,27.4,69,0.1,14.2
Pune,18.5204,73.8567,2026-06-14 09:00:00,36.0,14.1,132.0,2.9,5.4,64.0,29.8,57,0.1,14.6
Pune,18.5204,73.8567,2026-06-14 10:00:00,39.1,15.7,127.0,2.1,5.2,76.0,31.3,50,0.0,15.7
Pune,18.5204,73.8567,2026-06-14 11:00:00,41.8,17.3,123.0,1.5,5.1,85.0,32.9,39,0.0,15.5
Pune,18.5204,73.8567,2026-06-14 12:00:00,43.3,18.7,122.0,1.2,5.0,92.0,33.5,38,0.3,15.9
Pune,18.5204,73.8567,2026-06-14 13:00:00,44.9,19.6,123.0,1.2,4.9,97.0,32.5,43,0.2,15.9
Pune,18.5204,73.8567,2026-06-14 14:00:00,45.9,19.9,124.0,1.3,4.8,99.0,32.4,42,0.4,18.6
Pune,18.5204,73.8567,2026-06-14 15:00:00,44.9,19.4,124.0,1.5,4.7,97.0,33.2,38,0.1,21.7
Pune,18.5204,73.8567,2026-06-14 16:00:00,42.1,18.6,125.0,1.9,4.7,91.0,31.2,48,0.5,22.0
Pune,18.5204,73.8567,2026-06-14 17:00:00,33.9,15.9,126.0,2.3,3.8,79.0,30.5,50,0.4,20.3
Pune,18.5204,73.8567,2026-06-14 18:00:00,26.7,13.3,128.0,3.2,4.3,72.0,28.6,59,0.0,20.0
Pune,18.5204,73.8567,2026-06-14 19:00:00,20.7,11.5,132.0,4.4,5.0,62.0,27.1,67,0.0,18.4
Pune,18.5204,73.8567,2026-06-14 20:00:00,17.7,10.4,135.0,5.4,5.7,54.0,26.3,73,0.0,16.6
Pune,18.5204,73.8567,2026-06-14 21:00:00,15.4,9.5,140.0,6.2,6.3,49.0,25.7,78,0.0,15.5
Pune,18.5204,73.8567,2026-06-14 22:00:00,14.9,9.2,145.0,6.8,6.9,45.0,25.3,81,0.0,14.3
Pune,18.5204,73.8567,2026-06-14 23:00:00,14.8,9.2,145.0,7.1,7.2,43.0,25.0,82,0.0,14.6
Pune,18.5204,73.8567,2026-06-15 00:00:00,15.6,9.3,136.0,6.9,7.0,42.0,24.7,83,0.0,13.3
Pune,18.5204,73.8567,2026-06-15 01:00:00,16.3,9.2,121.0,6.3,6.6,43.0,24.5,85,0.0,13.0
Pune,18.5204,73.8567,2026-06-15 02:00:00,17.4,9.5,112.0,5.9,6.3,43.0,24.2,86,0.0,13.0
Pune,18.5204,73.8567,2026-06-15 03:00:00,19.5,10.3,111.0,6.0,6.2,42.0,24.2,86,0.0,11.2
Pune,18.5204,73.8567,2026-06-15 04:00:00,19.8,10.6,114.0,6.2,6.3,41.0,24.0,87,0.0,7.4
Pune,18.5204,73.8567,2026-06-15 05:00:00,17.7,9.7,121.0,6.3,5.7,40.0,24.2,83,0.0,8.6
Pune,18.5204,73.8567,2026-06-15 06:00:00,18.2,10.1,133.0,6.0,6.2,43.0,24.2,84,0.0,8.5
Pune,18.5204,73.8567,2026-06-15 07:00:00,20.8,10.8,148.0,5.5,6.8,48.0,25.6,76,0.0,11.5
Pune,18.5204,73.8567,2026-06-15 08:00:00,26.2,12.3,157.0,4.8,7.1,55.0,27.4,65,0.0,12.4
Pune,18.5204,73.8567,2026-06-15 09:00:00,32.9,14.7,152.0,3.8,6.6,66.0,29.6,53,0.0,13.9
Pune,18.5204,73.8567,2026-06-15 10:00:00,39.1,17.2,141.0,2.6,5.8,79.0,32.0,42,0.0,17.1
Pune,18.5204,73.8567,2026-06-15 11:00:00,40.9,18.2,133.0,1.7,5.1,89.0,32.8,39,0.0,19.9
Pune,18.5204,73.8567,2026-06-15 12:00:00,40.2,18.6,134.0,1.4,4.9,96.0,32.6,43,0.1,18.7
Pune,18.5204,73.8567,2026-06-15 13:00:00,36.3,17.8,138.0,1.4,4.8,100.0,33.8,40,0.1,19.1
Pune,18.5204,73.8567,2026-06-15 14:00:00,30.4,15.8,142.0,1.7,4.9,100.0,33.7,32,0.3,21.5
Pune,18.5204,73.8567,2026-06-15 15:00:00,24.1,13.3,145.0,2.2,5.0,95.0,30.7,53,0.5,19.5
Pune,18.5204,73.8567,2026-06-15 16:00:00,20.3,11.6,149.0,2.8,5.1,86.0,31.1,52,0.4,18.6
Pune,18.5204,73.8567,2026-06-15 17:00:00,30.6,15.1,152.0,3.1,4.7,83.0,31.0,49,0.3,19.7
Pune,18.5204,73.8567,2026-06-15 18:00:00,26.7,13.9,154.0,4.1,5.2,75.0,29.3,54,0.0,17.5
Pune,18.5204,73.8567,2026-06-15 19:00:00,23.7,13.0,155.0,5.6,5.8,64.0,27.9,61,0.0,16.5
Pune,18.5204,73.8567,2026-06-15 20:00:00,23.3,13.2,157.0,6.8,6.4,55.0,26.9,68,0.0,16.0
Pune,18.5204,73.8567,2026-06-15 21:00:00,23.1,12.9,164.0,7.5,6.8,49.0,26.0,76,0.0,15.1
Pune,18.5204,73.8567,2026-06-15 22:00:00,21.5,12.2,173.0,8.0,7.2,46.0,25.4,80,0.0,13.5
Pune,18.5204,73.8567,2026-06-15 23:00:00,21.1,12.1,175.0,8.2,7.4,43.0,25.1,79,0.0,11.4
Pune,18.5204,73.8567,2026-06-16 00:00:00,20.3,11.8,164.0,8.1,7.4,41.0,24.5,82,0.0,10.5
Pune,18.5204,73.8567,2026-06-16 01:00:00,21.0,11.4,146.0,7.8,7.2,41.0,24.2,84,0.0,9.2
Pune,18.5204,73.8567,2026-06-16 02:00:00,20.5,11.1,131.0,7.7,7.1,40.0,24.0,85,0.0,7.6
Pune,18.5204,73.8567,2026-06-16 03:00:00,22.1,11.4,123.0,8.0,7.2,38.0,23.7,87,0.0,6.9
Pune,18.5204,73.8567,2026-06-16 04:00:00,23.6,12.0,119.0,8.6,7.3,36.0,23.4,88,0.0,6.4
Pune,18.5204,73.8567,2026-06-16 05:00:00,22.0,12.4,120.0,10.4,8.9,33.0,23.7,88,0.0,6.7
Pune,18.5204,73.8567,2026-06-16 06:00:00,22.9,12.7,132.0,8.9,8.3,39.0,23.9,85,0.0,8.1
Pune,18.5204,73.8567,2026-06-16 07:00:00,25.6,12.8,150.0,6.7,7.4,47.0,25.2,78,0.0,9.7
Pune,18.5204,73.8567,2026-06-16 08:00:00,24.2,12.1,160.0,4.8,6.6,57.0,27.3,66,0.0,10.5
Pune,18.5204,73.8567,2026-06-16 09:00:00,24.2,12.6,154.0,3.5,5.9,70.0,29.8,53,0.0,12.3
Pune,18.5204,73.8567,2026-06-16 10:00:00,25.6,13.7,141.0,2.5,5.3,84.0,31.5,45,0.0,13.3
Pune,18.5204,73.8567,2026-06-16 11:00:00,27.1,14.2,131.0,1.8,4.8,95.0,32.6,41,0.0,12.1
Pune,18.5204,73.8567,2026-06-16 12:00:00,29.3,14.5,129.0,1.4,4.3,101.0,33.8,36,0.0,13.7
Pune,18.5204,73.8567,2026-06-16 13:00:00,29.3,14.3,130.0,1.4,3.9,103.0,34.4,34,0.0,14.4
Pune,18.5204,73.8567,2026-06-16 14:00:00,31.0,14.3,133.0,1.6,3.7,102.0,34.5,34,0.0,13.8
Pune,18.5204,73.8567,2026-06-16 15:00:00,30.5,14.1,138.0,2.1,3.6,97.0,34.2,29,0.5,16.1
Pune,18.5204,73.8567,2026-06-16 16:00:00,28.1,13.5,145.0,2.8,3.6,88.0,32.3,38,0.1,19.8
Pune,18.5204,73.8567,2026-06-16 17:00:00,31.3,14.9,149.0,3.2,3.7,87.0,30.6,46,0.0,17.5
Pune,18.5204,73.8567,2026-06-16 18:00:00,27.9,14.1,149.0,4.0,4.0,79.0,29.6,53,0.0,17.2
Pune,18.5204,73.8567,2026-06-16 19:00:00,26.5,13.9,146.0,5.0,4.4,68.0,28.0,61,0.0,16.7
Pune,18.5204,73.8567,2026-06-16 20:00:00,24.7,13.5,145.0,5.9,4.8,58.0,26.8,70,0.0,16.4
Pune,18.5204,73.8567,2026-06-16 21:00:00,23.5,13.2,149.0,6.5,5.3,52.0,25.9,77,0.0,15.5
Pune,18.5204,73.8567,2026-06-16 22:00:00,21.4,12.5,154.0,6.9,5.9,47.0,25.3,81,0.0,13.0
Pune,18.5204,73.8567,2026-06-16 23:00:00,20.0,11.7,155.0,7.1,6.4,43.0,25.1,82,0.0,11.4
Pune,18.5204,73.8567,2026-06-17 00:00:00,17.8,10.4,148.0,7.1,6.7,41.0,24.8,83,0.0,10.5
Pune,18.5204,73.8567,2026-06-17 01:00:00,17.2,9.9,137.0,6.9,6.9,41.0,24.4,85,0.0,10.5
Pune,18.5204,73.8567,2026-06-17 02:00:00,17.3,9.6,129.0,6.9,7.1,40.0,24.2,86,0.0,9.7
Pune,18.5204,73.8567,2026-06-17 03:00:00,16.8,9.3,126.0,7.3,7.4,38.0,24.1,86,0.0,9.6
Pune,18.5204,73.8567,2026-06-17 04:00:00,16.9,9.3,126.0,7.9,7.7,37.0,23.9,87,0.0,9.4
Pune,18.5204,73.8567,2026-06-17 05:00:00,17.6,10.1,130.0,9.3,8.7,35.0,24.0,88,0.0,9.4
Pune,18.5204,73.8567,2026-06-17 06:00:00,20.8,10.6,142.0,8.1,8.2,39.0,24.1,87,0.0,10.3
Pune,18.5204,73.8567,2026-06-17 07:00:00,23.9,11.7,159.0,6.4,7.4,46.0,25.5,77,0.0,10.8
Pune,18.5204,73.8567,2026-06-17 08:00:00,27.5,12.6,167.0,4.9,6.7,55.0,27.6,64,0.0,11.3
Pune,18.5204,73.8567,2026-06-17 09:00:00,30.2,13.7,159.0,3.7,6.1,68.0,29.8,54,0.0,12.7
Pune,18.5204,73.8567,2026-06-17 10:00:00,32.4,15.0,142.0,2.7,5.5,84.0,31.7,45,0.0,13.7
Pune,18.5204,73.8567,2026-06-17 11:00:00,33.6,15.4,130.0,1.9,5.0,96.0,33.2,36,0.0,12.3
Pune,18.5204,73.8567,2026-06-17 12:00:00,34.1,15.3,129.0,1.5,4.4,102.0,34.2,32,0.0,11.9
Pune,18.5204,73.8567,2026-06-17 13:00:00,34.0,14.8,132.0,1.4,3.9,104.0,35.1,30,0.0,13.2
Pune,18.5204,73.8567,2026-06-17 14:00:00,31.9,14.0,135.0,1.5,3.5,102.0,34.9,31,0.0,15.1
Pune,18.5204,73.8567,2026-06-17 15:00:00,28.5,12.8,136.0,1.8,3.3,96.0,34.3,31,0.0,17.6
Pune,18.5204,73.8567,2026-06-17 16:00:00,24.0,11.4,137.0,2.4,3.2,87.0,30.7,46,1.0,20.9
Pune,18.5204,73.8567,2026-06-17 17:00:00,22.3,11.7,138.0,3.1,3.5,85.0,31.0,45,1.8,17.8
Pune,18.5204,73.8567,2026-06-17 18:00:00,23.2,12.0,139.0,4.1,4.0,76.0,29.0,56,0.0,18.7
Pune,18.5204,73.8567,2026-06-17 19:00:00,23.8,12.6,141.0,5.5,4.7,64.0,27.7,63,0.0,16.4
Pune,18.5204,73.8567,2026-06-17 20:00:00,23.1,12.6,143.0,6.6,5.4,54.0,26.6,68,0.0,15.7
Pune,18.5204,73.8567,2026-06-17 21:00:00,22.0,12.1,146.0,7.2,6.1,49.0,25.7,73,0.0,15.7
Pune,18.5204,73.8567,2026-06-17 22:00:00,21.2,11.9,150.0,7.5,6.9,45.0,25.2,76,0.0,13.9
Pune,18.5204,73.8567,2026-06-17 23:00:00,20.7,11.8,150.0,7.7,7.4,43.0,24.6,78,0.0,12.4
Pune,18.5204,73.8567,2026-06-18 00:00:00,20.2,11.4,145.0,7.6,7.6,41.0,24.2,81,0.0,11.8
Pune,18.5204,73.8567,2026-06-18 01:00:00,20.1,11.3,136.0,7.2,7.6,41.0,23.9,82,0.0,12.6
Pune,18.5204,73.8567,2026-06-18 02:00:00,19.7,11.2,130.0,7.1,7.6,40.0,23.7,83,0.0,11.5
Pune,18.5204,73.8567,2026-06-18 03:00:00,19.6,11.2,127.0,7.6,7.9,38.0,23.6,84,0.0,10.9
Pune,18.5204,73.8567,2026-06-18 04:00:00,18.0,10.5,125.0,8.3,8.3,36.0,23.6,85,0.0,11.3
Pune,18.5204,73.8567,2026-06-18 05:00:00,17.2,10.7,127.0,9.5,8.7,33.0,23.7,86,0.0,11.5
Pune,18.5204,73.8567,2026-06-18 06:00:00,18.7,11.4,136.0,8.2,8.2,38.0,23.8,85,0.0,10.6
Pune,18.5204,73.8567,2026-06-18 07:00:00,20.0,11.3,148.0,6.4,7.4,45.0,25.2,76,0.0,12.4
Pune,18.5204,73.8567,2026-06-18 08:00:00,19.0,10.7,154.0,4.8,6.6,54.0,27.2,66,0.0,12.2
Pune,18.5204,73.8567,2026-06-18 09:00:00,19.6,11.4,149.0,3.6,5.9,67.0,29.5,55,0.0,12.3
Pune,18.5204,73.8567,2026-06-18 10:00:00,20.8,12.2,137.0,2.5,5.2,82.0,31.3,46,0.0,12.6
Pune,18.5204,73.8567,2026-06-18 11:00:00,22.2,12.8,129.0,1.8,4.6,93.0,33.0,38,0.0,12.0
Pune,18.5204,73.8567,2026-06-18 12:00:00,24.2,13.4,127.0,1.4,4.1,99.0,34.1,34,0.0,13.0
Pune,18.5204,73.8567,2026-06-18 13:00:00,25.2,13.6,127.0,1.3,3.7,101.0,34.0,35,0.0,16.4
Pune,18.5204,73.8567,2026-06-18 14:00:00,25.6,13.9,129.0,1.5,3.4,100.0,33.3,37,0.0,16.8
Pune,18.5204,73.8567,2026-06-18 15:00:00,25.9,14.3,132.0,1.9,3.1,96.0,32.8,37,0.6,15.8
Pune,18.5204,73.8567,2026-06-18 16:00:00,25.2,14.3,136.0,2.5,3.0,89.0,31.7,41,0.3,16.9
Pune,18.5204,73.8567,2026-06-18 17:00:00,20.7,12.2,140.0,2.8,3.4,88.0,31.0,44,1.4,14.9
Pune,18.5204,73.8567,2026-06-18 18:00:00,20.5,12.5,143.0,3.8,3.9,80.0,30.0,47,0.0,15.6
Pune,18.5204,73.8567,2026-06-18 19:00:00,19.8,12.7,145.0,5.3,4.6,69.0,28.3,52,0.0,15.7
Pune,18.5204,73.8567,2026-06-18 20:00:00,19.6,12.8,148.0,6.5,5.3,60.0,27.2,58,0.0,14.4
Pune,18.5204,73.8567,2026-06-18 21:00:00,19.6,12.7,154.0,7.2,5.8,54.0,26.2,65,0.0,12.5
Pune,18.5204,73.8567,2026-06-18 22:00:00,20.0,12.9,160.0,7.6,6.2,49.0,25.3,72,0.0,12.0
Pune,18.5204,73.8567,2026-06-18 23:00:00,20.5,13.0,162.0,7.9,6.6,45.0,24.6,77,0.0,12.4
Pune,18.5204,73.8567,2026-06-19 00:00:00,20.6,13.0,156.0,8.1,6.8,42.0,23.9,81,0.0,11.7
Pune,18.5204,73.8567,2026-06-19 01:00:00,20.5,12.8,145.0,8.3,7.0,40.0,23.5,83,0.0,11.0
Pune,18.5204,73.8567,2026-06-19 02:00:00,19.6,12.5,137.0,8.5,7.2,38.0,23.1,86,0.0,9.7
Pune,18.5204,73.8567,2026-06-19 03:00:00,19.1,12.3,133.0,9.1,7.6,36.0,23.0,81,0.0,9.5
Pune,18.5204,73.8567,2026-06-19 04:00:00,18.8,12.3,132.0,9.7,8.0,33.0,22.7,85,0.0,8.9
Pune,18.5204,73.8567,2026-06-19 05:00:00,17.1,11.3,136.0,10.1,8.5,33.0,22.9,84,0.0,10.0
Pune,18.5204,73.8567,2026-06-19 06:00:00,17.6,11.1,152.0,8.8,8.4,38.0,22.8,86,0.0,8.0
Pune,18.5204,73.8567,2026-06-19 07:00:00,19.0,11.8,174.0,7.1,8.2,45.0,24.2,78,0.0,7.2
Pune,18.5204,73.8567,2026-06-19 08:00:00,20.2,12.1,184.0,5.4,7.7,54.0,26.5,64,0.0,9.1
Pune,18.5204,73.8567,2026-06-19 09:00:00,20.9,12.5,170.0,4.0,6.6,67.0,29.2,48,0.0,11.4
Pune,18.5204,73.8567,2026-06-19 10:00:00,21.3,12.7,144.0,2.6,5.3,82.0,31.3,38,0.0,12.1
Pune,18.5204,73.8567,2026-06-19 11:00:00,24.2,13.6,125.0,1.7,4.2,93.0,32.9,33,0.0,11.5
Pune,18.5204,73.8567,2026-06-19 12:00:00,21.9,12.5,122.0,1.3,3.6,98.0,33.9,30,0.0,11.0
Pune,18.5204,73.8567,2026-06-19 13:00:00,19.9,11.5,126.0,1.2,3.3,100.0,34.0,30,0.0,13.7
Pune,18.5204,73.8567,2026-06-19 14:00:00,18.3,10.7,130.0,1.4,3.1,99.0,33.9,32,0.0,15.6
Pune,18.5204,73.8567,2026-06-19 15:00:00,17.0,10.2,132.0,1.7,3.0,96.0,32.6,37,0.0,15.1
Pune,18.5204,73.8567,2026-06-19 16:00:00,19.6,11.6,134.0,2.1,3.0,91.0,30.3,46,1.3,16.8
Pune,18.5204,73.8567,2026-06-19 17:00:00,20.1,12.1,137.0,2.6,3.1,85.0,31.8,40,0.3,14.4
Pune,18.5204,73.8567,2026-06-19 18:00:00,18.2,11.2,140.0,3.5,3.5,77.0,30.1,44,0.0,15.3
Pune,18.5204,73.8567,2026-06-19 19:00:00,16.6,10.6,143.0,4.9,4.1,66.0,28.7,50,0.0,16.2
Pune,18.5204,73.8567,2026-06-19 20:00:00,15.1,9.8,146.0,6.0,4.7,56.0,27.5,57,0.0,16.4
Pune,18.5204,73.8567,2026-06-19 21:00:00,14.1,9.1,151.0,6.7,5.3,50.0,26.6,65,0.0,14.6
Pune,18.5204,73.8567,2026-06-19 22:00:00,13.5,8.9,156.0,7.3,5.9,46.0,25.8,70,0.0,12.4
Pune,18.5204,73.8567,2026-06-19 23:00:00,13.2,8.8,157.0,7.8,6.5,42.0,25.4,73,0.0,10.6
Pune,18.5204,73.8567,2026-06-20 00:00:00,12.9,8.5,150.0,8.1,7.0,39.0,24.8,75,0.0,9.6
Pune,18.5204,73.8567,2026-06-20 01:00:00,12.7,8.4,139.0,8.4,7.4,38.0,24.3,79,0.0,9.2
Pune,18.5204,73.8567,2026-06-20 02:00:00,12.7,8.5,131.0,8.8,7.9,36.0,23.8,81,0.0,9.4
Pune,18.5204,73.8567,2026-06-20 03:00:00,12.1,8.4,129.0,9.8,8.5,33.0,23.5,82,0.0,8.8
Pune,18.5204,73.8567,2026-06-20 04:00:00,12.0,8.5,130.0,10.9,9.0,30.0,23.3,84,0.0,8.0
Pune,18.5204,73.8567,2026-06-20 05:00:00,12.8,9.2,134.0,11.4,9.2,29.0,23.3,87,0.0,6.1
Pune,18.5204,73.8567,2026-06-20 06:00:00,13.1,9.5,146.0,10.1,9.2,33.0,23.5,86,0.0,6.5
Pune,18.5204,73.8567,2026-06-20 07:00:00,13.4,9.3,160.0,8.2,9.1,40.0,24.6,79,0.0,7.1
Pune,18.5204,73.8567,2026-06-20 08:00:00,13.0,8.8,167.0,6.4,8.7,50.0,26.7,65,0.0,7.7
Pune,18.5204,73.8567,2026-06-20 09:00:00,13.9,9.2,157.0,4.7,7.8,65.0,29.1,54,0.0,8.0
Pune,18.5204,73.8567,2026-06-20 10:00:00,14.8,9.7,139.0,3.1,6.6,83.0,31.4,44,0.0,8.7
Pune,18.5204,73.8567,2026-06-20 11:00:00,15.9,10.4,126.0,2.0,5.6,97.0,32.1,40,0.0,8.1
Pune,18.5204,73.8567,2026-06-20 12:00:00,16.6,10.7,123.0,1.5,4.9,103.0,33.3,37,0.0,8.8
Pune,18.5204,73.8567,2026-06-20 13:00:00,16.6,10.5,125.0,1.4,4.3,105.0,34.3,35,0.0,10.6
Pune,18.5204,73.8567,2026-06-20 14:00:00,16.2,10.2,128.0,1.6,3.9,104.0,34.8,33,0.0,11.4
Pune,18.5204,73.8567,2026-06-20 15:00:00,15.8,9.9,130.0,2.0,3.7,100.0,34.6,34,0.0,13.6
Pune,18.5204,73.8567,2026-06-20 16:00:00,14.8,9.3,133.0,2.7,3.6,93.0,33.5,38,0.0,12.9
Pune,18.5204,73.8567,2026-06-20 17:00:00,24.4,14.9,135.0,3.0,3.8,95.0,33.0,39,0.5,14.1
Pune,18.5204,73.8567,2026-06-20 18:00:00,22.0,13.6,137.0,3.7,3.9,85.0,30.9,46,0.1,16.3
Pune,18.5204,73.8567,2026-06-20 19:00:00,20.2,12.7,138.0,4.8,4.1,72.0,28.7,58,0.0,18.0
Pune,18.5204,73.8567,2026-06-20 20:00:00,19.0,11.8,140.0,5.6,4.4,61.0,27.4,65,0.0,15.8
Pune,18.5204,73.8567,2026-06-20 21:00:00,18.5,11.3,143.0,6.0,4.7,55.0,26.4,70,0.0,13.5
Pune,18.5204,73.8567,2026-06-20 22:00:00,18.2,11.1,145.0,6.2,5.1,51.0,25.9,73,0.0,11.2
Pune,18.5204,73.8567,2026-06-20 23:00:00,18.1,11.0,144.0,6.4,5.4,48.0,25.7,75,0.0,11.1
Pune,18.5204,73.8567,2026-06-21 00:00:00,18.0,10.9,136.0,6.5,5.7,46.0,25.3,76,0.0,10.3
Pune,18.5204,73.8567,2026-06-21 01:00:00,18.3,10.9,124.0,6.6,6.0,45.0,25.2,77,0.0,10.5
Pune,18.5204,73.8567,2026-06-21 02:00:00,18.6,11.1,117.0,6.7,6.4,44.0,25.2,76,0.0,12.1
Pune,18.5204,73.8567,2026-06-21 03:00:00,18.8,11.2,118.0,7.0,6.8,42.0,25.2,76,0.0,12.6
Pune,18.5204,73.8567,2026-06-21 04:00:00,18.5,11.1,122.0,7.4,7.3,41.0,24.8,80,0.0,11.4
Pune,18.5204,73.8567,2026-06-21 05:00:00,16.5,10.1,127.0,7.0,6.9,41.0,24.5,80,0.0,9.0
Pune,18.5204,73.8567,2026-06-21 06:00:00,17.3,10.5,132.0,6.6,7.0,42.0,24.5,80,0.0,7.1
Pune,18.5204,73.8567,2026-06-21 07:00:00,17.1,10.4,137.0,6.0,7.0,43.0,25.7,73,0.0,5.6
Pune,18.5204,73.8567,2026-06-21 08:00:00,17.8,10.8,138.0,5.2,6.9,48.0,27.6,63,0.0,6.9
Pune,18.5204,73.8567,2026-06-21 09:00:00,19.4,11.7,132.0,4.0,6.4,60.0,29.7,54,0.0,8.2
Pune,18.5204,73.8567,2026-06-21 10:00:00,19.4,11.8,121.0,2.6,5.8,74.0,30.1,54,0.0,7.5
Pune,18.5204,73.8567,2026-06-21 11:00:00,19.1,11.7,114.0,1.6,5.1,84.0,32.4,45,0.0,7.0
Pune,18.5204,73.8567,2026-06-21 12:00:00,17.5,10.9,113.0,1.4,4.3,84.0,34.0,40,0.0,6.1
Pune,18.5204,73.8567,2026-06-21 13:00:00,15.3,9.7,116.0,1.5,3.5,78.0,34.7,37,0.0,6.3
Pune,18.5204,73.8567,2026-06-21 14:00:00,14.6,9.4,119.0,1.9,3.0,74.0,35.7,34,0.0,6.0
Pune,18.5204,73.8567,2026-06-21 15:00:00,13.6,9.2,121.0,2.3,3.0,73.0,29.5,57,0.9,20.0
Pune,18.5204,73.8567,2026-06-21 16:00:00,11.6,8.2,123.0,2.9,3.3,74.0,29.6,59,1.8,12.4
Pune,18.5204,73.8567,2026-06-21 17:00:00,6.7,5.4,126.0,4.3,2.8,68.0,29.2,62,0.1,11.7
Pune,18.5204,73.8567,2026-06-21 18:00:00,6.9,5.6,131.0,6.0,4.1,64.0,28.2,68,0.0,11.7
Pune,18.5204,73.8567,2026-06-21 19:00:00,7.9,6.6,136.0,8.4,5.9,58.0,27.2,73,0.0,11.3
Pune,18.5204,73.8567,2026-06-21 20:00:00,9.5,7.9,139.0,10.4,7.5,52.0,26.7,74,0.0,9.8
Pune,18.5204,73.8567,2026-06-21 21:00:00,10.4,8.6,138.0,11.4,8.5,48.0,26.4,76,0.0,9.3
Pune,18.5204,73.8567,2026-06-21 22:00:00,10.6,8.8,134.0,12.0,9.1,44.0,26.0,78,0.0,9.0
Pune,18.5204,73.8567,2026-06-21 23:00:00,10.8,9.0,129.0,12.4,9.7,41.0,25.9,80,0.0,8.4
Pune,18.5204,73.8567,2026-06-22 00:00:00,10.7,8.8,120.0,12.6,10.1,39.0,25.8,81,0.0,7.7
Pune,18.5204,73.8567,2026-06-22 01:00:00,10.8,8.9,110.0,12.7,10.4,37.0,25.5,81,0.0,9.3
Pune,18.5204,73.8567,2026-06-22 02:00:00,11.0,9.0,107.0,12.8,10.7,35.0,25.3,81,0.0,8.3
Pune,18.5204,73.8567,2026-06-22 03:00:00,11.0,9.0,117.0,13.4,11.1,32.0,25.1,81,0.0,7.8
Pune,18.5204,73.8567,2026-06-22 04:00:00,11.2,9.2,134.0,14.0,11.4,30.0,24.8,83,0.0,6.3
Pune,18.5204,73.8567,2026-06-22 05:00:00,9.6,7.7,149.0,11.5,9.7,33.0,24.9,83,0.0,7.7
Pune,18.5204,73.8567,2026-06-22 06:00:00,9.2,7.5,160.0,10.0,8.8,38.0,24.7,84,0.0,7.1
Pune,18.5204,73.8567,2026-06-22 07:00:00,8.1,6.8,169.0,7.8,7.6,44.0,25.8,77,0.0,5.8
Pune,18.5204,73.8567,2026-06-22 08:00:00,5.0,4.2,170.0,5.9,6.3,51.0,27.2,70,0.1,4.6
Pune,18.5204,73.8567,2026-06-22 09:00:00,3.2,3.0,157.0,4.4,5.1,57.0,29.3,60,0.1,7.1
Pune,18.5204,73.8567,2026-06-22 10:00:00,3.2,2.9,137.0,3.1,3.9,63.0,30.9,54,0.1,7.8
Pune,18.5204,73.8567,2026-06-22 11:00:00,4.0,3.3,123.0,2.1,3.0,68.0,32.4,47,0.0,11.8
Pune,18.5204,73.8567,2026-06-22 12:00:00,4.3,3.3,121.0,1.5,2.6,72.0,29.0,60,1.1,15.5
Pune,18.5204,73.8567,2026-06-22 13:00:00,4.6,3.5,124.0,1.3,2.5,75.0,31.5,53,0.1,12.0
Pune,18.5204,73.8567,2026-06-22 14:00:00,5.1,3.7,131.0,1.5,2.5,76.0,27.8,70,1.8,16.7
Pune,18.5204,73.8567,2026-06-22 15:00:00,7.9,5.8,142.0,2.2,2.6,75.0,28.1,68,0.8,15.0
Pune,18.5204,73.8567,2026-06-22 16:00:00,4.9,3.9,155.0,3.5,2.8,72.0,26.9,74,2.6,11.6
Pune,18.5204,73.8567,2026-06-22 17:00:00,6.0,4.6,166.0,4.8,3.5,64.0,27.4,70,0.2,14.8
Pune,18.5204,73.8567,2026-06-22 18:00:00,6.0,4.7,173.0,7.0,4.2,57.0,27.1,71,0.0,12.6
Pune,18.5204,73.8567,2026-06-22 19:00:00,6.7,5.7,177.0,10.1,5.1,48.0,26.0,76,0.0,11.6
Pune,18.5204,73.8567,2026-06-22 20:00:00,7.4,6.4,178.0,12.4,5.9,40.0,25.3,80,0.0,10.7
Pune,18.5204,73.8567,2026-06-22 21:00:00,7.5,6.4,176.0,13.1,6.3,37.0,25.0,82,0.0,10.1
Pune,18.5204,73.8567,2026-06-22 22:00:00,8.5,7.4,170.0,13.0,6.4,35.0,24.7,83,0.0,8.5
Pune,18.5204,73.8567,2026-06-22 23:00:00,8.5,7.4,161.0,12.7,6.5,34.0,24.7,82,0.0,9.0
Pune,18.5204,73.8567,2026-06-23 00:00:00,7.6,6.7,143.0,12.6,6.5,32.0,24.3,83,0.0,7.3
Pune,18.5204,73.8567,2026-06-23 01:00:00,7.1,6.3,121.0,12.4,6.4,30.0,24.0,84,0.0,6.5
Pune,18.5204,73.8567,2026-06-23 02:00:00,7.3,6.6,108.0,11.9,6.2,29.0,23.8,85,0.0,6.9
Pune,18.5204,73.8567,2026-06-23 03:00:00,6.1,5.4,110.0,11.1,5.8,29.0,23.9,85,0.0,3.8
Pune,18.5204,73.8567,2026-06-23 04:00:00,5.5,4.8,119.0,10.0,5.3,30.0,23.8,86,0.0,3.7
Pune,18.5204,73.8567,2026-06-23 05:00:00,4.4,4.1,130.0,8.5,3.9,34.0,24.0,85,0.0,8.7
Pune,18.5204,73.8567,2026-06-23 06:00:00,4.2,4.0,141.0,8.0,4.0,37.0,24.1,85,0.0,8.2
Pune,18.5204,73.8567,2026-06-23 07:00:00,4.9,4.7,153.0,7.4,4.2,42.0,25.2,78,0.0,11.3
Pune,18.5204,73.8567,2026-06-23 08:00:00,4.4,4.2,159.0,7.0,4.3,45.0,25.2,79,0.5,10.2
Pune,18.5204,73.8567,2026-06-23 09:00:00,3.5,3.3,152.0,7.1,4.1,46.0,24.1,89,1.7,6.0
Pune,18.5204,73.8567,2026-06-23 10:00:00,4.1,4.0,139.0,7.6,3.7,45.0,25.5,79,0.6,11.6
Pune,18.5204,73.8567,2026-06-23 11:00:00,4.8,4.6,132.0,7.9,3.5,45.0,28.0,68,0.2,13.1
Pune,18.5204,73.8567,2026-06-23 12:00:00,5.0,4.8,134.0,8.0,3.5,46.0,27.5,67,0.0,17.1
Pune,18.5204,73.8567,2026-06-23 13:00:00,5.4,5.0,142.0,8.0,3.6,47.0,27.0,67,0.1,19.3
Pune,18.5204,73.8567,2026-06-23 14:00:00,5.8,5.3,155.0,8.1,3.8,48.0,25.8,76,0.3,16.1
Pune,18.5204,73.8567,2026-06-23 15:00:00,5.4,5.0,176.0,8.4,4.1,48.0,24.5,85,1.3,13.6
Pune,18.5204,73.8567,2026-06-23 16:00:00,4.5,4.3,202.0,8.8,4.4,48.0,23.7,93,2.5,9.4
Pune,18.5204,73.8567,2026-06-23 17:00:00,2.1,1.9,226.0,4.8,2.3,48.0,24.9,84,0.7,14.8
Pune,18.5204,73.8567,2026-06-23 18:00:00,2.8,2.6,248.0,6.9,2.9,44.0,23.7,91,1.0,12.5
Pune,18.5204,73.8567,2026-06-23 19:00:00,4.2,4.0,268.0,9.7,3.8,37.0,23.2,95,4.0,8.8
Pune,18.5204,73.8567,2026-06-23 20:00:00,4.7,4.5,275.0,11.7,4.5,33.0,23.3,96,3.7,8.4
Pune,18.5204,73.8567,2026-06-23 21:00:00,5.0,4.8,260.0,12.1,5.1,32.0,23.1,95,1.1,10.3
Pune,18.5204,73.8567,2026-06-23 22:00:00,4.9,4.8,232.0,11.6,5.5,32.0,22.7,95,1.0,13.4
Pune,18.5204,73.8567,2026-06-23 23:00:00,3.9,3.8,204.0,10.8,5.7,34.0,22.1,95,0.8,14.4
Pune,18.5204,73.8567,2026-06-24 00:00:00,2.5,2.5,178.0,9.6,5.4,37.0,21.9,95,0.7,12.6
Pune,18.5204,73.8567,2026-06-24 01:00:00,1.9,1.9,153.0,8.1,4.8,41.0,21.9,96,1.3,12.5
Pune,18.5204,73.8567,2026-06-24 02:00:00,1.8,1.8,135.0,7.0,4.4,43.0,22.0,94,1.3,11.9
Pune,18.5204,73.8567,2026-06-24 03:00:00,2.0,2.0,122.0,6.8,4.4,43.0,22.0,93,0.2,10.8
Pune,18.5204,73.8567,2026-06-24 04:00:00,2.3,2.2,117.0,7.0,4.5,42.0,22.2,90,0.1,11.2
Pune,18.5204,73.8567,2026-06-24 05:00:00,5.1,3.2,134.0,6.7,4.3,42.0,22.5,92,0.1,9.9
Pune,18.5204,73.8567,2026-06-24 06:00:00,5.3,3.9,198.0,9.6,4.8,38.0,22.3,92,1.0,12.5
Pune,18.5204,73.8567,2026-06-24 07:00:00,7.1,5.9,284.0,13.6,5.4,33.0,22.2,93,1.3,9.6
Pune,18.5204,73.8567,2026-06-24 08:00:00,7.6,6.9,333.0,15.8,6.0,31.0,22.5,91,0.8,8.3
Pune,18.5204,73.8567,2026-06-24 09:00:00,7.4,6.5,309.0,14.7,6.6,37.0,23.4,85,0.1,9.6
Pune,18.5204,73.8567,2026-06-24 10:00:00,8.1,6.7,248.0,11.8,7.1,46.0,24.2,76,0.1,11.4
Pune,18.5204,73.8567,2026-06-24 11:00:00,9.3,6.4,196.0,9.6,7.3,53.0,23.7,85,0.5,8.7
Pune,18.5204,73.8567,2026-06-24 12:00:00,10.2,6.7,171.0,8.7,6.9,56.0,24.4,82,1.1,11.2
Pune,18.5204,73.8567,2026-06-24 13:00:00,8.8,6.0,155.0,8.4,6.1,58.0,25.4,75,0.1,12.1
Pune,18.5204,73.8567,2026-06-24 14:00:00,9.1,6.3,146.0,8.9,5.6,57.0,26.7,67,0.0,11.7
Pune,18.5204,73.8567,2026-06-24 15:00:00,10.0,7.2,144.0,10.4,5.4,54.0,27.1,64,0.0,13.7
Pune,18.5204,73.8567,2026-06-24 16:00:00,9.1,6.5,148.0,12.6,5.3,48.0,26.4,64,0.0,13.5
Pune,18.5204,73.8567,2026-06-24 17:00:00,8.1,6.5,157.0,15.1,5.7,43.0,24.9,78,0.0,11.3
Pune,18.5204,73.8567,2026-06-24 18:00:00,8.6,7.4,173.0,18.1,6.8,38.0,24.4,79,0.0,11.3
Pune,18.5204,73.8567,2026-06-24 19:00:00,9.5,8.1,194.0,21.3,8.3,32.0,23.8,83,0.0,10.3
Pune,18.5204,73.8567,2026-06-24 20:00:00,10.5,8.8,206.0,23.5,9.4,28.0,23.3,85,0.0,8.2
Pune,18.5204,73.8567,2026-06-24 21:00:00,11.0,9.5,203.0,24.2,10.0,25.0,23.1,86,0.0,7.1
Pune,18.5204,73.8567,2026-06-24 22:00:00,12.3,10.7,190.0,23.9,10.2,22.0,22.7,88,0.2,8.3
Pune,18.5204,73.8567,2026-06-24 23:00:00,14.1,12.4,176.0,22.3,9.9,22.0,23.0,85,0.1,10.6
Pune,18.5204,73.8567,2026-06-25 00:00:00,15.3,13.7,159.0,18.8,8.8,25.0,22.7,86,0.0,10.2
Pune,18.5204,73.8567,2026-06-25 01:00:00,16.2,14.4,140.0,14.0,7.2,30.0,22.7,86,0.0,10.5
Pune,18.5204,73.8567,2026-06-25 02:00:00,15.2,11.8,126.0,10.2,6.0,34.0,22.7,86,0.0,10.0
Pune,18.5204,73.8567,2026-06-25 03:00:00,12.7,9.2,119.0,8.1,5.7,37.0,22.9,85,0.0,10.6
Pune,18.5204,73.8567,2026-06-25 04:00:00,9.4,6.6,118.0,6.9,5.8,39.0,22.8,87,0.0,10.1
Pune,18.5204,73.8567,2026-06-25 05:00:00,7.2,5.1,125.0,6.2,5.9,41.0,23.5,89,0.0,11.0
Pune,18.5204,73.8567,2026-06-25 06:00:00,5.1,3.7,148.0,6.3,6.0,42.0,23.5,89,0.0,9.2
Pune,18.5204,73.8567,2026-06-25 07:00:00,5.0,3.7,179.0,6.8,6.1,43.0,24.1,86,0.0,10.2
Pune,18.5204,73.8567,2026-06-25 08:00:00,5.8,4.1,195.0,6.8,6.1,47.0,25.0,81,0.0,11.6
Pune,18.5204,73.8567,2026-06-25 09:00:00,6.6,4.2,183.0,5.5,5.7,57.0,25.8,76,0.0,14.3
Pune,18.5204,73.8567,2026-06-25 10:00:00,9.1,5.0,157.0,3.5,5.2,70.0,26.0,75,0.0,14.1
Pune,18.5204,73.8567,2026-06-25 11:00:00,12.2,6.2,137.0,2.2,4.7,78.0,28.4,62,0.0,13.3
Pune,18.5204,73.8567,2026-06-25 12:00:00,15.4,7.1,132.0,1.9,4.2,78.0,29.2,59,0.0,13.5
Pune,18.5204,73.8567,2026-06-25 13:00:00,17.2,7.5,133.0,2.2,3.8,73.0,29.8,57,0.0,13.9
Pune,18.5204,73.8567,2026-06-25 14:00:00,17.2,7.3,137.0,2.7,3.6,69.0,29.9,57,0.0,14.6
Pune,18.5204,73.8567,2026-06-25 15:00:00,15.7,7.9,143.0,3.2,3.8,70.0,29.1,56,0.4,15.5
Pune,18.5204,73.8567,2026-06-25 16:00:00,15.4,8.2,152.0,4.0,4.3,72.0,27.9,63,0.4,16.6
Pune,18.5204,73.8567,2026-06-25 17:00:00,19.2,9.4,164.0,8.4,4.2,58.0,26.6,73,0.1,15.0
Pune,18.5204,73.8567,2026-06-25 18:00:00,14.0,8.0,181.0,10.5,5.4,53.0,26.0,76,0.0,13.5
Pune,18.5204,73.8567,2026-06-25 19:00:00,12.0,7.9,201.0,13.3,6.9,45.0,25.1,80,0.0,11.6
Pune,18.5204,73.8567,2026-06-25 20:00:00,11.0,8.2,213.0,15.7,8.2,38.0,24.5,83,0.0,11.6
Pune,18.5204,73.8567,2026-06-25 21:00:00,10.1,8.1,212.0,17.3,8.8,32.0,23.8,87,0.0,10.2
Pune,18.5204,73.8567,2026-06-25 22:00:00,11.0,9.3,203.0,18.4,9.1,27.0,23.5,88,0.0,8.5
Pune,18.5204,73.8567,2026-06-25 23:00:00,13.1,11.7,191.0,18.6,9.1,24.0,23.4,88,0.0,9.2
Pune,18.5204,73.8567,2026-06-26 00:00:00,13.4,12.2,173.0,17.2,8.8,24.0,23.1,89,0.0,8.9
Pune,18.5204,73.8567,2026-06-26 01:00:00,13.2,10.4,152.0,14.9,8.3,26.0,22.8,90,0.0,8.9
Pune,18.5204,73.8567,2026-06-26 02:00:00,13.9,11.2,136.0,13.2,7.9,27.0,22.7,91,0.0,8.9
Pune,18.5204,73.8567,2026-06-26 03:00:00,15.7,11.9,128.0,13.1,7.9,25.0,22.6,91,0.0,9.0
Pune,18.5204,73.8567,2026-06-26 04:00:00,16.8,12.7,125.0,13.6,8.0,22.0,22.7,91,0.0,9.0
Pune,18.5204,73.8567,2026-06-26 05:00:00,13.0,8.8,131.0,9.7,6.8,30.0,23.0,90,0.0,9.0
Pune,18.5204,73.8567,2026-06-26 06:00:00,11.0,7.7,153.0,9.6,7.0,32.0,23.4,87,0.0,8.3
Pune,18.5204,73.8567,2026-06-26 07:00:00,8.6,5.7,183.0,9.4,7.4,35.0,24.1,84,0.0,8.3
Pune,18.5204,73.8567,2026-06-26 08:00:00,9.1,5.8,200.0,8.7,7.5,40.0,25.0,80,0.0,9.2
Pune,18.5204,73.8567,2026-06-26 09:00:00,11.4,6.3,189.0,7.2,7.3,47.0,26.0,74,0.0,10.9
Pune,18.5204,73.8567,2026-06-26 10:00:00,16.4,7.9,165.0,5.2,6.9,57.0,26.9,70,0.0,11.3
Pune,18.5204,73.8567,2026-06-26 11:00:00,20.6,9.8,146.0,3.7,6.5,66.0,28.2,64,0.0,9.3
Pune,18.5204,73.8567,2026-06-26 12:00:00,25.0,11.8,140.0,2.8,6.2,76.0,29.0,59,0.0,8.8
Pune,18.5204,73.8567,2026-06-26 13:00:00,29.6,13.4,139.0,2.4,6.0,87.0,30.9,51,0.0,9.1
Pune,18.5204,73.8567,2026-06-26 14:00:00,31.3,14.2,140.0,2.4,5.9,93.0,31.3,47,0.0,11.8
Pune,18.5204,73.8567,2026-06-26 15:00:00,30.7,14.2,142.0,3.0,6.0,93.0,30.4,51,0.0,14.0
Pune,18.5204,73.8567,2026-06-26 16:00:00,29.7,13.9,147.0,4.1,6.2,89.0,29.5,57,0.0,13.8
Pune,18.5204,73.8567,2026-06-26 17:00:00,46.8,19.8,156.0,5.4,6.1,85.0,28.5,60,0.1,15.5
Pune,18.5204,73.8567,2026-06-26 18:00:00,39.0,18.5,173.0,7.8,7.0,76.0,26.6,74,0.0,13.6
Pune,18.5204,73.8567,2026-06-26 19:00:00,27.4,15.5,194.0,11.1,8.2,62.0,25.6,79,0.0,12.0
Pune,18.5204,73.8567,2026-06-26 20:00:00,22.5,14.1,207.0,13.8,9.3,51.0,25.1,81,0.0,10.8
Pune,18.5204,73.8567,2026-06-26 21:00:00,20.4,13.4,207.0,15.5,10.2,44.0,24.6,84,0.0,10.8
Pune,18.5204,73.8567,2026-06-26 22:00:00,19.3,13.3,198.0,16.6,11.0,38.0,24.3,86,0.0,11.3
Pune,18.5204,73.8567,2026-06-26 23:00:00,18.7,13.1,186.0,16.9,11.4,35.0,24.3,87,0.0,9.8
Pune,18.5204,73.8567,2026-06-27 00:00:00,17.3,12.3,167.0,16.0,11.3,34.0,23.9,87,0.0,9.8
Pune,18.5204,73.8567,2026-06-27 01:00:00,15.3,10.7,144.0,14.4,11.0,34.0,23.6,88,0.0,9.0
Pune,18.5204,73.8567,2026-06-27 02:00:00,13.5,9.6,128.0,12.9,10.6,35.0,23.3,90,0.0,8.6
Pune,18.5204,73.8567,2026-06-27 03:00:00,12.5,8.9,122.0,12.0,10.5,34.0,23.2,90,0.0,8.7
Pune,18.5204,73.8567,2026-06-27 04:00:00,11.6,8.4,122.0,11.3,10.4,33.0,23.1,90,0.0,8.7
Pune,18.5204,73.8567,2026-06-27 05:00:00,8.5,6.7,129.0,10.1,9.3,36.0,23.2,90,0.0,6.8
Pune,18.5204,73.8567,2026-06-27 06:00:00,8.7,6.8,151.0,9.1,8.8,38.0,23.5,89,0.0,6.6
Pune,18.5204,73.8567,2026-06-27 07:00:00,9.1,6.6,179.0,7.7,8.1,42.0,24.4,83,0.0,7.1
Pune,18.5204,73.8567,2026-06-27 08:00:00,11.3,7.2,195.0,6.2,7.4,49.0,26.0,76,0.0,6.7
Pune,18.5204,73.8567,2026-06-27 09:00:00,14.8,8.3,184.0,4.7,6.6,63.0,27.9,66,0.0,8.1
Pune,18.5204,73.8567,2026-06-27 10:00:00,23.1,11.0,161.0,3.1,5.8,81.0,29.4,59,0.0,7.2
Pune,18.5204,73.8567,2026-06-27 11:00:00,29.2,13.1,142.0,2.1,5.1,94.0,30.4,53,0.1,7.2
Pune,18.5204,73.8567,2026-06-27 12:00:00,32.6,14.5,133.0,1.8,4.7,99.0,31.6,47,0.0,6.1
Pune,18.5204,73.8567,2026-06-27 13:00:00,31.2,14.3,130.0,2.1,4.5,100.0,32.2,45,0.0,5.5
Pune,18.5204,73.8567,2026-06-27 14:00:00,32.6,15.2,136.0,2.7,4.5,99.0,32.8,44,0.0,8.1
Pune,18.5204,73.8567,2026-06-27 15:00:00,30.2,14.6,157.0,3.7,4.6,96.0,30.2,53,0.5,16.8
Pune,18.5204,73.8567,2026-06-27 16:00:00,24.2,13.2,188.0,5.0,4.9,92.0,29.3,60,0.6,13.0
Pune,18.5204,73.8567,2026-06-27 17:00:00,21.1,11.5,213.0,4.6,5.1,100.0,28.1,68,0.1,10.9
Pune,18.5204,73.8567,2026-06-27 18:00:00,21.1,12.4,227.0,9.4,6.2,84.0,27.5,72,0.1,9.1
Pune,18.5204,73.8567,2026-06-27 19:00:00,14.6,11.6,235.0,15.9,7.7,63.0,26.5,79,0.0,9.5
Pune,18.5204,73.8567,2026-06-27 20:00:00,13.3,11.2,240.0,20.4,9.0,46.0,25.7,83,0.0,9.2
Pune,18.5204,73.8567,2026-06-27 21:00:00,12.8,10.9,243.0,20.8,9.8,40.0,25.4,84,0.1,6.6
Pune,18.5204,73.8567,2026-06-27 22:00:00,12.8,10.4,243.0,19.1,10.3,38.0,25.0,86,0.1,8.3
Pune,18.5204,73.8567,2026-06-27 23:00:00,13.3,10.9,233.0,17.6,10.5,37.0,25.2,87,0.0,7.6
Pune,18.5204,73.8567,2026-06-28 00:00:00,13.7,11.3,206.0,17.0,10.3,34.0,24.7,89,0.0,7.8
Pune,18.5204,73.8567,2026-06-28 01:00:00,13.7,11.2,169.0,16.5,9.9,32.0,24.5,90,0.0,7.0
Pune,18.5204,73.8567,2026-06-28 02:00:00,13.6,11.0,142.0,16.0,9.6,30.0,24.2,92,0.0,7.2
Pune,18.5204,73.8567,2026-06-28 03:00:00,13.3,10.9,133.0,15.9,9.8,28.0,24.0,92,0.0,5.7
Pune,18.5204,73.8567,2026-06-28 04:00:00,12.9,10.4,135.0,15.8,10.3,26.0,23.8,93,0.0,6.4
Pune,18.5204,73.8567,2026-06-28 05:00:00,9.7,7.5,137.0,12.1,9.4,33.0,24.4,91,0.0,6.9
Pune,18.5204,73.8567,2026-06-28 06:00:00,9.4,7.1,139.0,10.9,9.2,36.0,24.4,90,0.0,6.1
Pune,18.5204,73.8567,2026-06-28 07:00:00,9.2,6.9,143.0,9.1,8.9,40.0,25.0,86,0.0,6.0
Pune,18.5204,73.8567,2026-06-28 08:00:00,8.8,6.4,145.0,7.3,8.4,47.0,25.4,82,0.0,6.3
Pune,18.5204,73.8567,2026-06-28 09:00:00,8.3,6.0,142.0,5.4,7.4,60.0,27.3,72,0.0,6.0
Pune,18.5204,73.8567,2026-06-28 10:00:00,9.5,6.5,136.0,3.4,6.2,77.0,28.5,66,0.0,3.5
Pune,18.5204,73.8567,2026-06-28 11:00:00,10.8,6.8,133.0,2.2,5.2,89.0,29.1,64,0.0,3.7
Pune,18.5204,73.8567,2026-06-28 12:00:00,12.5,7.5,136.0,2.1,4.6,94.0,30.4,60,0.0,5.0
Pune,18.5204,73.8567,2026-06-28 13:00:00,12.8,7.9,142.0,2.8,4.3,95.0,31.5,56,0.0,6.2
Pune,18.5204,73.8567,2026-06-28 14:00:00,14.5,9.6,146.0,3.6,4.2,93.0,26.3,81,5.5,18.8
Pune,18.5204,73.8567,2026-06-28 15:00:00,27.0,17.9,145.0,4.5,4.3,89.0,26.3,81,2.1,11.5
Pune,18.5204,73.8567,2026-06-28 16:00:00,13.6,10.6,142.0,5.6,4.6,82.0,25.7,82,1.5,11.3
Pune,18.5204,73.8567,2026-06-28 17:00:00,9.9,8.3,142.0,6.9,5.0,75.0,25.3,86,0.8,10.7
Pune,18.5204,73.8567,2026-06-28 18:00:00,9.9,9.1,149.0,8.8,5.7,67.0,24.2,88,0.6,10.7
Pune,18.5204,73.8567,2026-06-28 19:00:00,9.7,9.2,160.0,10.8,6.6,59.0,23.8,92,0.4,11.4
Pune,18.5204,73.8567,2026-06-28 20:00:00,7.8,7.2,166.0,12.2,7.3,52.0,23.8,93,0.7,10.7
Pune,18.5204,73.8567,2026-06-28 21:00:00,7.0,6.4,164.0,12.3,7.5,46.0,23.9,94,0.1,7.7
Pune,18.5204,73.8567,2026-06-28 22:00:00,6.3,5.8,158.0,11.7,7.5,40.0,23.7,94,0.0,7.6
Pune,18.5204,73.8567,2026-06-28 23:00:00,6.4,5.7,150.0,11.0,7.4,36.0,24.1,96,0.0,8.2
Pune,18.5204,73.8567,2026-06-29 00:00:00,5.4,4.8,140.0,10.2,7.2,34.0,23.6,97,0.6,7.8
Pune,18.5204,73.8567,2026-06-29 01:00:00,4.6,4.1,128.0,9.3,6.8,34.0,23.6,96,0.7,8.2
Pune,18.5204,73.8567,2026-06-29 02:00:00,4.3,3.8,121.0,8.6,6.5,34.0,23.5,96,0.5,10.1
Pune,18.5204,73.8567,2026-06-29 03:00:00,5.0,4.5,119.0,8.5,6.3,32.0,23.3,96,0.1,8.5
Pune,18.5204,73.8567,2026-06-29 04:00:00,5.5,4.9,120.0,8.7,6.1,31.0,23.1,96,0.0,8.8
Pune,18.5204,73.8567,2026-06-29 05:00:00,3.5,3.3,128.0,7.9,5.9,35.0,23.0,96,0.0,9.2
Pune,18.5204,73.8567,2026-06-29 06:00:00,3.5,3.3,149.0,7.6,6.1,38.0,23.1,94,0.0,9.3
Pune,18.5204,73.8567,2026-06-29 07:00:00,4.8,4.6,176.0,7.3,6.2,42.0,23.8,90,0.0,9.0
Pune,18.5204,73.8567,2026-06-29 08:00:00,3.6,3.3,190.0,6.6,6.1,46.0,25.1,82,0.0,11.5
Pune,18.5204,73.8567,2026-06-29 09:00:00,4.4,3.5,178.0,5.4,5.3,51.0,26.6,75,0.0,11.5
Pune,18.5204,73.8567,2026-06-29 10:00:00,4.6,3.4,153.0,4.0,4.1,57.0,27.8,70,0.0,11.0
Pune,18.5204,73.8567,2026-06-29 11:00:00,3.1,2.4,136.0,3.0,3.3,61.0,28.3,65,0.1,12.8
Pune,18.5204,73.8567,2026-06-29 12:00:00,4.0,3.4,135.0,2.7,3.1,64.0,27.8,66,0.5,13.7
Pune,18.5204,73.8567,2026-06-29 13:00:00,4.5,3.8,142.0,2.9,3.2,67.0,27.9,68,0.2,15.5
Pune,18.5204,73.8567,2026-06-29 14:00:00,5.0,3.9,148.0,3.8,3.5,66.0,27.9,67,0.1,16.2
Pune,18.5204,73.8567,2026-06-29 15:00:00,5.2,4.0,151.0,5.8,4.0,60.0,26.6,72,0.0,15.7
Pune,18.5204,73.8567,2026-06-29 16:00:00,5.6,4.4,154.0,8.6,4.7,51.0,26.3,75,0.2,15.9
Pune,18.5204,73.8567,2026-06-29 17:00:00,21.2,10.7,160.0,6.1,5.2,58.0,24.8,89,0.2,13.4
Pune,18.5204,73.8567,2026-06-29 18:00:00,20.5,11.6,172.0,8.6,5.9,52.0,24.5,90,0.5,11.1
Pune,18.5204,73.8567,2026-06-29 19:00:00,17.8,11.5,187.0,12.0,6.9,44.0,24.1,91,0.2,11.4
Pune,18.5204,73.8567,2026-06-29 20:00:00,17.0,11.3,196.0,14.5,7.7,37.0,23.7,91,0.1,9.6
Pune,18.5204,73.8567,2026-06-29 21:00:00,16.2,11.1,196.0,15.5,8.1,33.0,23.6,90,0.0,8.9
Pune,18.5204,73.8567,2026-06-29 22:00:00,15.1,10.8,190.0,15.7,8.4,31.0,23.4,90,0.0,10.1
Pune,18.5204,73.8567,2026-06-29 23:00:00,13.9,10.3,180.0,15.0,8.4,30.0,23.5,89,0.0,10.7
Pune,18.5204,73.8567,2026-06-30 00:00:00,10.3,7.7,161.0,13.0,8.0,31.0,23.5,88,0.0,9.8
Pune,18.5204,73.8567,2026-06-30 01:00:00,7.1,5.8,138.0,10.2,7.4,33.0,23.3,89,0.0,9.2
Pune,18.5204,73.8567,2026-06-30 02:00:00,4.8,4.3,121.0,8.1,6.9,35.0,23.4,90,0.0,8.8
Pune,18.5204,73.8567,2026-06-30 03:00:00,4.1,3.9,115.0,7.4,6.7,35.0,23.5,90,0.0,8.4
Pune,18.5204,73.8567,2026-06-30 04:00:00,3.8,3.8,116.0,7.3,6.7,35.0,23.6,90,0.0,9.9
Pune,18.5204,73.8567,2026-06-30 05:00:00,2.2,2.1,122.0,6.1,4.9,42.0,23.4,91,1.2,13.4
Pune,18.5204,73.8567,2026-06-30 06:00:00,2.9,2.9,136.0,6.9,4.9,42.0,23.5,90,0.0,12.5
Pune,18.5204,73.8567,2026-06-30 07:00:00,4.2,4.2,155.0,7.8,4.8,41.0,23.9,87,0.0,12.9
Pune,18.5204,73.8567,2026-06-30 08:00:00,3.4,3.4,166.0,8.0,4.6,43.0,24.8,83,0.0,16.6
Pune,18.5204,73.8567,2026-06-30 09:00:00,2.6,2.6,162.0,6.6,4.2,48.0,25.7,80,0.8,16.1
Pune,18.5204,73.8567,2026-06-30 10:00:00,1.9,1.9,150.0,4.3,3.8,56.0,26.1,77,0.4,16.2
Pune,18.5204,73.8567,2026-06-30 11:00:00,2.0,1.7,142.0,2.7,3.4,61.0,27.1,74,0.1,17.4
Pune,18.5204,73.8567,2026-06-30 12:00:00,3.3,2.7,141.0,2.2,3.3,63.0,26.9,77,2.1,15.5
Pune,18.5204,73.8567,2026-06-30 13:00:00,3.4,2.7,144.0,2.3,3.3,63.0,26.6,77,0.3,18.4
Pune,18.5204,73.8567,2026-06-30 14:00:00,2.5,2.1,152.0,3.1,3.3,61.0,25.9,80,0.3,17.3
Pune,18.5204,73.8567,2026-06-30 15:00:00,3.1,2.6,169.0,5.2,3.3,55.0,24.5,90,1.5,15.0
Pune,18.5204,73.8567,2026-06-30 16:00:00,3.5,2.9,191.0,8.1,3.4,47.0,24.4,91,0.9,13.8
Pune,18.5204,73.8567,2026-06-30 17:00:00,6.4,4.9,206.0,10.1,4.7,44.0,25.0,84,0.2,14.8
Pune,18.5204,73.8567,2026-06-30 18:00:00,6.0,4.9,209.0,10.7,5.0,42.0,24.2,90,1.0,12.4
Pune,18.5204,73.8567,2026-06-30 19:00:00,5.3,4.6,206.0,11.6,5.5,40.0,23.6,94,1.0,12.4
Pune,18.5204,73.8567,2026-06-30 20:00:00,4.9,4.5,199.0,11.8,5.7,38.0,23.6,94,0.5,14.0
Pune,18.5204,73.8567,2026-06-30 21:00:00,4.3,4.1,190.0,11.0,5.5,38.0,23.5,95,1.2,12.6
Pune,18.5204,73.8567,2026-06-30 22:00:00,3.3,3.2,178.0,9.6,5.2,38.0,23.5,94,2.9,15.2
Pune,18.5204,73.8567,2026-06-30 23:00:00,3.0,2.9,164.0,8.2,4.7,39.0,23.3,94,4.5,16.9
Pune,18.5204,73.8567,2026-07-01 00:00:00,2.1,2.0,145.0,6.9,4.1,41.0,23.2,94,1.7,15.1
Pune,18.5204,73.8567,2026-07-01 01:00:00,1.6,1.5,124.0,5.5,3.4,42.0,23.2,93,2.0,16.2
Pune,18.5204,73.8567,2026-07-01 02:00:00,1.6,1.4,110.0,4.5,2.8,44.0,23.0,94,0.4,17.0
Pune,18.5204,73.8567,2026-07-01 03:00:00,1.5,1.3,105.0,3.9,2.5,45.0,23.1,91,0.4,17.7
Pune,18.5204,73.8567,2026-07-01 04:00:00,1.4,1.3,106.0,3.7,2.3,45.0,22.8,93,0.3,16.9
Pune,18.5204,73.8567,2026-07-01 05:00:00,1.4,1.4,116.0,4.2,3.3,44.0,22.9,94,0.5,15.1
Pune,18.5204,73.8567,2026-07-01 06:00:00,1.8,1.8,143.0,5.5,3.8,42.0,23.1,92,0.2,15.3
Pune,18.5204,73.8567,2026-07-01 07:00:00,2.5,2.4,180.0,7.1,4.4,40.0,23.6,91,0.2,16.1
Pune,18.5204,73.8567,2026-07-01 08:00:00,3.4,3.1,200.0,7.9,4.7,40.0,24.3,87,0.1,14.4
Pune,18.5204,73.8567,2026-07-01 09:00:00,4.0,3.5,188.0,6.8,4.5,44.0,25.2,82,0.1,15.9
Pune,18.5204,73.8567,2026-07-01 10:00:00,2.8,2.4,160.0,4.8,3.9,50.0,26.3,80,0.2,13.9
Pune,18.5204,73.8567,2026-07-01 11:00:00,2.5,2.0,142.0,3.6,3.5,54.0,27.1,71,0.4,18.5
Pune,18.5204,73.8567,2026-07-01 12:00:00,2.9,2.4,144.0,4.1,3.3,53.0,26.0,83,1.5,17.8
Pune,18.5204,73.8567,2026-07-01 13:00:00,3.5,2.8,155.0,5.4,3.1,50.0,26.0,77,0.6,18.5
Pune,18.5204,73.8567,2026-07-01 14:00:00,3.2,2.8,167.0,6.7,3.1,47.0,24.4,89,2.4,19.5
Pune,18.5204,73.8567,2026-07-01 15:00:00,3.3,2.9,179.0,8.0,3.3,45.0,24.0,92,3.9,18.9
Pune,18.5204,73.8567,2026-07-01 16:00:00,3.2,2.9,191.0,9.3,3.5,43.0,23.8,93,2.6,18.3
Pune,18.5204,73.8567,2026-07-01 17:00:00,5.3,3.9,198.0,6.2,3.9,52.0,23.9,92,2.8,19.3
Pune,18.5204,73.8567,2026-07-01 18:00:00,6.4,4.5,196.0,7.7,4.3,48.0,23.6,91,0.6,20.7
Pune,18.5204,73.8567,2026-07-01 19:00:00,6.6,5.2,189.0,9.7,4.9,43.0,23.0,94,1.1,15.8
Pune,18.5204,73.8567,2026-07-01 20:00:00,5.4,4.6,183.0,10.9,5.2,39.0,22.8,96,1.7,14.1
Pune,18.5204,73.8567,2026-07-01 21:00:00,4.2,3.8,183.0,10.4,5.0,39.0,23.1,94,0.9,14.8
Pune,18.5204,73.8567,2026-07-01 22:00:00,4.3,3.7,184.0,9.1,4.6,40.0,23.0,95,1.0,13.9
Pune,18.5204,73.8567,2026-07-01 23:00:00,3.9,3.2,179.0,7.8,4.3,41.0,22.6,94,1.0,15.5
Pune,18.5204,73.8567,2026-07-02 00:00:00,3.1,2.6,160.0,6.8,4.1,42.0,22.5,94,0.3,15.9
Pune,18.5204,73.8567,2026-07-02 01:00:00,2.3,1.9,135.0,5.8,4.1,43.0,22.5,93,0.0,13.1
Pune,18.5204,73.8567,2026-07-02 02:00:00,2.3,1.8,117.0,5.1,4.0,44.0,22.5,92,0.0,12.6
Pune,18.5204,73.8567,2026-07-02 03:00:00,2.0,1.7,110.0,4.7,3.9,44.0,22.7,92,0.2,13.9
Pune,18.5204,73.8567,2026-07-02 04:00:00,1.8,1.6,110.0,4.5,3.9,43.0,22.6,93,0.3,12.9
Pune,18.5204,73.8567,2026-07-02 05:00:00,1.9,1.7,119.0,5.5,4.6,39.0,22.9,94,0.3,15.9
Pune,18.5204,73.8567,2026-07-02 06:00:00,2.6,2.3,146.0,6.6,4.9,38.0,22.8,93,0.1,14.6
Pune,18.5204,73.8567,2026-07-02 07:00:00,3.3,2.8,183.0,8.1,5.3,37.0,23.1,90,0.0,12.1
Pune,18.5204,73.8567,2026-07-02 08:00:00,3.8,3.3,204.0,8.9,5.5,37.0,23.8,87,0.0,11.7
Pune,18.5204,73.8567,2026-07-02 09:00:00,3.6,3.2,193.0,8.3,5.5,39.0,25.4,78,0.0,17.1
Pune,18.5204,73.8567,2026-07-02 10:00:00,3.3,2.8,167.0,7.1,5.3,42.0,25.6,79,0.0,18.6
Pune,18.5204,73.8567,2026-07-02 11:00:00,5.1,3.5,147.0,6.1,5.1,45.0,25.0,86,0.4,16.4
Pune,18.5204,73.8567,2026-07-02 12:00:00,8.1,4.5,142.0,5.7,4.8,46.0,23.8,90,0.8,17.6
Pune,18.5204,73.8567,2026-07-02 13:00:00,10.6,5.7,144.0,5.7,4.4,47.0,24.0,89,0.5,15.8
Pune,18.5204,73.8567,2026-07-02 14:00:00,9.6,5.5,149.0,6.0,4.2,47.0,25.4,79,0.2,20.3
Pune,18.5204,73.8567,2026-07-02 15:00:00,8.3,5.5,159.0,6.9,4.1,46.0,24.4,86,0.8,18.2
Pune,18.5204,73.8567,2026-07-02 16:00:00,6.2,4.4,174.0,8.1,4.2,45.0,23.8,90,1.2,17.1
Pune,18.5204,73.8567,2026-07-02 17:00:00,7.0,4.1,184.0,5.7,3.7,51.0,24.5,90,0.9,14.0
Pune,18.5204,73.8567,2026-07-02 18:00:00,5.8,4.4,188.0,7.6,4.4,48.0,23.9,92,0.5,14.6
Pune,18.5204,73.8567,2026-07-02 19:00:00,5.3,4.4,188.0,10.2,5.3,43.0,23.4,94,1.1,14.1
Pune,18.5204,73.8567,2026-07-02 20:00:00,5.3,4.6,186.0,12.1,6.0,39.0,23.1,95,0.6,12.4
Pune,18.5204,73.8567,2026-07-02 21:00:00,4.1,3.8,185.0,12.6,6.3,37.0,23.0,94,0.6,14.0
Pune,18.5204,73.8567,2026-07-02 22:00:00,4.2,3.9,182.0,12.4,6.4,36.0,22.7,95,0.4,13.3
Pune,18.5204,73.8567,2026-07-02 23:00:00,3.7,3.5,174.0,11.7,6.3,35.0,22.7,94,0.2,14.9
Pune,18.5204,73.8567,2026-07-03 00:00:00,2.8,2.7,157.0,10.6,5.8,35.0,22.6,94,0.5,13.7
Pune,18.5204,73.8567,2026-07-03 01:00:00,2.4,2.1,135.0,9.0,5.2,37.0,22.4,95,1.7,12.1
Pune,18.5204,73.8567,2026-07-03 02:00:00,2.4,2.1,119.0,7.6,4.6,38.0,22.5,95,1.1,13.6
Pune,18.5204,73.8567,2026-07-03 03:00:00,2.4,1.8,111.0,6.4,4.3,40.0,22.5,95,1.8,12.6
Pune,18.5204,73.8567,2026-07-03 04:00:00,2.2,1.6,108.0,5.3,4.1,42.0,22.9,95,1.0,14.8
Pune,18.5204,73.8567,2026-07-03 05:00:00,5.0,2.8,115.0,4.8,3.6,46.0,23.1,94,2.9,12.9
Pune,18.5204,73.8567,2026-07-03 06:00:00,4.2,2.9,141.0,6.8,3.8,44.0,23.1,96,3.5,10.9
Pune,18.5204,73.8567,2026-07-03 07:00:00,3.8,3.1,176.0,9.4,4.0,41.0,23.4,95,1.3,17.0
Pune,18.5204,73.8567,2026-07-03 08:00:00,3.0,2.9,197.0,10.6,4.1,41.0,23.4,95,1.1,18.1
Pune,18.5204,73.8567,2026-07-03 09:00:00,3.0,3.0,188.0,8.8,3.9,46.0,24.0,92,0.5,14.4
Pune,18.5204,73.8567,2026-07-03 10:00:00,3.2,2.9,164.0,5.7,3.6,53.0,24.1,91,0.5,14.1
Pune,18.5204,73.8567,2026-07-03 11:00:00,3.9,2.8,148.0,3.5,3.4,58.0,24.7,90,0.7,18.0
Pune,18.5204,73.8567,2026-07-03 12:00:00,5.0,3.5,150.0,3.5,3.6,58.0,24.6,88,1.1,19.6
Pune,18.5204,73.8567,2026-07-03 13:00:00,3.6,2.8,160.0,4.5,3.9,55.0,24.6,86,0.5,16.6
Pune,18.5204,73.8567,2026-07-03 14:00:00,3.2,2.7,171.0,5.6,4.1,52.0,25.1,82,0.1,18.7
Pune,18.5204,73.8567,2026-07-03 15:00:00,3.3,2.8,183.0,6.7,4.1,49.0,23.2,90,0.5,15.6
Pune,18.5204,73.8567,2026-07-03 16:00:00,2.9,2.5,195.0,8.0,3.9,46.0,24.3,85,0.1,17.8
Pune,18.5204,73.8567,2026-07-03 17:00:00,4.0,3.4,201.0,10.0,3.9,42.0,23.8,91,0.4,17.3
Pune,18.5204,73.8567,2026-07-03 18:00:00,4.3,3.8,195.0,10.4,4.2,41.0,23.0,94,0.9,16.2
Pune,18.5204,73.8567,2026-07-03 19:00:00,4.5,4.0,182.0,10.9,4.6,40.0,22.8,95,0.8,14.3
Pune,18.5204,73.8567,2026-07-03 20:00:00,3.7,3.5,170.0,10.9,4.8,39.0,22.7,94,0.8,14.1
Pune,18.5204,73.8567,2026-07-03 21:00:00,2.6,2.5,162.0,10.0,4.8,40.0,22.5,95,0.6,15.0
Pune,18.5204,73.8567,2026-07-03 22:00:00,2.4,2.3,156.0,8.7,4.7,41.0,22.5,95,0.6,15.3
Pune,18.5204,73.8567,2026-07-03 23:00:00,2.3,2.2,147.0,7.3,4.4,43.0,22.6,94,0.4,16.5
Pune,18.5204,73.8567,2026-07-04 00:00:00,1.8,1.7,133.0,6.0,4.0,44.0,22.3,94,0.6,19.6
Pune,18.5204,73.8567,2026-07-04 01:00:00,1.3,1.2,116.0,4.8,3.4,46.0,22.3,95,0.4,18.4
Pune,18.5204,73.8567,2026-07-04 02:00:00,1.2,1.1,105.0,3.9,3.0,47.0,22.3,95,0.5,15.9
Pune,18.5204,73.8567,2026-07-04 03:00:00,1.3,1.2,98.0,3.3,2.8,47.0,22.3,95,1.0,14.7
Pune,18.5204,73.8567,2026-07-04 04:00:00,1.2,1.1,96.0,3.1,2.7,47.0,22.2,96,1.4,13.9
Pune,18.5204,73.8567,2026-07-04 05:00:00,1.4,1.4,107.0,4.0,2.9,47.0,22.6,95,0.9,16.6
Pune,18.5204,73.8567,2026-07-04 06:00:00,1.8,1.6,145.0,5.9,3.3,44.0,22.5,95,1.8,18.6
Pune,18.5204,73.8567,2026-07-04 07:00:00,2.4,2.3,196.0,8.4,3.9,40.0,22.5,95,1.7,16.0
Pune,18.5204,73.8567,2026-07-04 08:00:00,3.7,3.4,228.0,9.9,4.3,38.0,23.2,94,0.7,15.0
Pune,18.5204,73.8567,2026-07-04 09:00:00,3.4,3.1,221.0,9.2,4.3,41.0,23.9,94,2.0,15.7
Pune,18.5204,73.8567,2026-07-04 10:00:00,3.5,3.4,194.0,7.3,4.2,47.0,23.0,95,2.7,15.1
Pune,18.5204,73.8567,2026-07-04 11:00:00,2.4,2.4,172.0,6.0,3.9,51.0,23.6,93,2.6,17.4
Pune,18.5204,73.8567,2026-07-04 12:00:00,2.2,2.1,166.0,5.9,3.4,50.0,23.7,94,1.9,20.0
Pune,18.5204,73.8567,2026-07-04 13:00:00,2.5,2.4,165.0,6.3,2.9,46.0,23.9,93,1.3,20.9
Pune,18.5204,73.8567,2026-07-04 14:00:00,2.5,2.3,165.0,6.7,2.4,44.0,24.1,92,1.5,18.7
Pune,18.5204,73.8567,2026-07-04 15:00:00,1.8,1.7,166.0,7.2,2.2,44.0,23.7,93,1.3,17.7
Pune,18.5204,73.8567,2026-07-04 16:00:00,1.8,1.7,168.0,7.8,2.1,44.0,24.2,86,0.7,18.5
Pune,18.5204,73.8567,2026-07-04 17:00:00,7.8,4.9,168.0,8.6,3.5,44.0,23.2,93,0.6,19.6
Pune,18.5204,73.8567,2026-07-04 18:00:00,5.8,4.2,163.0,8.5,3.6,44.0,23.2,94,0.5,21.6
Pune,18.5204,73.8567,2026-07-04 19:00:00,3.9,3.2,155.0,8.3,3.7,43.0,23.3,93,0.8,21.7
Pune,18.5204,73.8567,2026-07-04 20:00:00,3.2,2.8,147.0,7.9,3.7,43.0,23.3,94,0.5,19.8
Pune,18.5204,73.8567,2026-07-04 21:00:00,3.0,2.6,139.0,7.3,3.7,43.0,23.2,93,0.2,18.9
Pune,18.5204,73.8567,2026-07-04 22:00:00,2.6,2.3,131.0,6.5,3.6,43.0,22.9,94,0.5,16.1
Pune,18.5204,73.8567,2026-07-04 23:00:00,2.0,1.8,123.0,5.6,3.4,43.0,23.0,96,1.3,13.6
Pune,18.5204,73.8567,2026-07-05 00:00:00,1.4,1.2,114.0,4.6,3.0,43.0,22.9,96,0.6,10.6
Pune,18.5204,73.8567,2026-07-05 01:00:00,1.1,0.9,105.0,3.6,2.4,44.0,23.0,96,2.2,9.1
Pune,18.5204,73.8567,2026-07-05 02:00:00,0.9,0.8,99.0,2.9,2.0,44.0,23.1,95,6.0,11.7
Pune,18.5204,73.8567,2026-07-05 03:00:00,0.8,0.7,95.0,2.6,1.8,44.0,23.1,95,8.3,11.2
Pune,18.5204,73.8567,2026-07-05 04:00:00,0.7,0.7,93.0,2.5,1.7,44.0,22.7,95,1.8,14.9
Pune,18.5204,73.8567,2026-07-05 05:00:00,0.5,0.5,98.0,2.0,1.2,49.0,23.1,95,0.4,13.0
Pune,18.5204,73.8567,2026-07-05 06:00:00,1.0,0.9,118.0,3.0,1.5,47.0,23.2,95,9.2,11.2
Pune,18.5204,73.8567,2026-07-05 07:00:00,1.5,1.5,144.0,4.3,2.0,43.0,23.3,94,4.1,15.9
Pune,18.5204,73.8567,2026-07-05 08:00:00,1.9,1.8,160.0,5.1,2.3,42.0,23.3,94,3.8,17.3
Pune,18.5204,73.8567,2026-07-05 09:00:00,2.1,2.0,154.0,4.8,2.5,45.0,23.7,93,2.2,17.8
Pune,18.5204,73.8567,2026-07-05 10:00:00,2.0,1.9,138.0,4.1,2.6,49.0,24.9,91,1.6,16.6
Pune,18.5204,73.8567,2026-07-05 11:00:00,2.0,2.0,125.0,3.5,2.6,52.0,24.0,92,7.2,20.7
Pune,18.5204,73.8567,2026-07-05 12:00:00,1.7,1.7,121.0,3.4,2.5,51.0,23.7,94,2.5,19.5
Pune,18.5204,73.8567,2026-07-05 13:00:00,2.6,2.2,121.0,3.5,2.3,49.0,24.2,91,2.5,21.8
Pune,18.5204,73.8567,2026-07-05 14:00:00,2.0,1.6,122.0,3.9,2.3,47.0,24.2,92,1.8,23.5
Pune,18.5204,73.8567,2026-07-05 15:00:00,1.7,1.6,124.0,4.8,2.6,45.0,24.0,90,0.7,23.5
Pune,18.5204,73.8567,2026-07-05 16:00:00,1.8,1.7,127.0,6.0,3.0,43.0,24.4,88,1.0,22.0
Pune,18.5204,73.8567,2026-07-05 17:00:00,7.7,4.0,129.0,4.6,2.5,49.0,23.6,94,2.6,16.5
Pune,18.5204,73.8567,2026-07-05 18:00:00,5.8,3.4,129.0,5.2,2.8,47.0,23.5,94,7.5,14.9
Pune,18.5204,73.8567,2026-07-05 19:00:00,3.6,2.7,128.0,6.0,3.2,45.0,23.5,93,8.0,19.5
Pune,18.5204,73.8567,2026-07-05 20:00:00,2.6,2.3,126.0,6.4,3.5,44.0,23.2,94,5.3,19.6
Pune,18.5204,73.8567,2026-07-05 21:00:00,2.2,2.1,124.0,6.0,3.5,44.0,23.1,95,3.2,20.6
Pune,18.5204,73.8567,2026-07-05 22:00:00,1.9,1.9,121.0,5.2,3.3,46.0,23.0,94,2.9,20.7
Pune,18.5204,73.8567,2026-07-05 23:00:00,1.8,1.5,118.0,4.5,3.1,47.0,23.0,94,2.3,20.3
Pune,18.5204,73.8567,2026-07-06 00:00:00,3.4,2.1,113.0,4.0,2.9,48.0,22.9,94,1.7,19.6
Pune,18.5204,73.8567,2026-07-06 01:00:00,4.8,2.8,106.0,3.6,2.7,49.0,23.2,94,3.2,20.5
Pune,18.5204,73.8567,2026-07-06 02:00:00,3.9,2.5,102.0,3.3,2.6,50.0,23.2,94,0.6,23.6
Pune,18.5204,73.8567,2026-07-06 03:00:00,2.1,1.5,99.0,3.2,2.6,50.0,23.0,95,0.8,17.5
Pune,18.5204,73.8567,2026-07-06 04:00:00,1.6,1.2,97.0,3.2,2.7,50.0,23.1,95,1.5,14.5
Pune,18.5204,73.8567,2026-07-06 05:00:00,2.2,1.8,103.0,3.8,2.3,50.0,23.4,94,0.7,15.8
Pune,18.5204,73.8567,2026-07-06 06:00:00,2.5,1.9,124.0,4.4,2.4,48.0,23.4,95,2.2,12.6
Pune,18.5204,73.8567,2026-07-06 07:00:00,3.8,2.6,153.0,5.2,2.6,45.0,23.5,96,2.9,16.3
Pune,18.5204,73.8567,2026-07-06 08:00:00,6.5,4.0,171.0,5.5,2.8,44.0,23.8,91,0.9,22.6
Pune,18.5204,73.8567,2026-07-06 09:00:00,10.9,6.2,166.0,4.9,3.0,46.0,23.8,92,1.2,21.9
Pune,18.5204,73.8567,2026-07-06 10:00:00,13.9,7.1,150.0,3.8,3.1,51.0,23.8,92,1.6,22.2
Pune,18.5204,73.8567,2026-07-06 11:00:00,15.1,6.7,137.0,3.0,3.2,54.0,24.2,91,0.9,23.6
Pune,18.5204,73.8567,2026-07-06 12:00:00,8.2,5.0,130.0,2.7,3.1,56.0,24.1,93,3.3,25.4
Pune,18.5204,73.8567,2026-07-06 13:00:00,5.7,4.0,126.0,2.6,3.0,57.0,24.1,93,5.7,25.2
Pune,18.5204,73.8567,2026-07-06 14:00:00,4.0,2.5,128.0,2.9,2.8,56.0,23.6,92,5.0,31.3
Pune,18.5204,73.8567,2026-07-06 15:00:00,4.7,3.0,141.0,3.8,2.6,53.0,23.3,93,3.3,26.9
Pune,18.5204,73.8567,2026-07-06 16:00:00,3.9,2.8,160.0,5.0,2.3,49.0,23.1,92,1.4,27.5
Pune,18.5204,73.8567,2026-07-06 17:00:00,45.1,19.9,174.0,5.6,3.3,52.0,24.0,94,0.9,20.2
Pune,18.5204,73.8567,2026-07-06 18:00:00,43.1,21.7,179.0,6.5,3.9,52.0,23.8,93,0.8,20.6
Pune,18.5204,73.8567,2026-07-06 19:00:00,32.2,18.1,178.0,7.7,4.6,51.0,23.6,93,1.0,24.5
Pune,18.5204,73.8567,2026-07-06 20:00:00,15.7,9.9,173.0,8.2,5.0,50.0,23.6,91,0.3,23.7
Pune,18.5204,73.8567,2026-07-06 21:00:00,4.7,3.6,162.0,7.2,4.6,49.0,23.3,91,0.2,21.7
Pune,18.5204,73.8567,2026-07-06 22:00:00,2.2,1.8,148.0,5.5,3.8,47.0,22.9,91,1.0,24.3
Pune,18.5204,73.8567,2026-07-06 23:00:00,2.0,1.5,134.0,4.1,3.0,46.0,23.3,94,3.1,18.3
Pune,18.5204,73.8567,2026-07-07 00:00:00,1.3,1.1,123.0,3.3,2.4,46.0,22.9,94,2.9,18.9
Pune,18.5204,73.8567,2026-07-07 01:00:00,0.9,0.8,112.0,2.9,1.9,46.0,23.1,95,1.0,19.1
Pune,18.5204,73.8567,2026-07-07 02:00:00,0.8,0.7,105.0,2.7,1.5,46.0,23.2,94,0.4,22.3
Pune,18.5204,73.8567,2026-07-07 03:00:00,0.8,0.8,100.0,2.6,1.2,46.0,23.1,94,0.9,21.4
Pune,18.5204,73.8567,2026-07-07 04:00:00,0.9,0.9,98.0,2.7,1.0,45.0,23.1,93,0.3,21.0
Pune,18.5204,73.8567,2026-07-07 05:00:00,4.7,2.7,104.0,3.1,2.3,44.0,22.9,94,0.2,21.4
Pune,18.5204,73.8567,2026-07-07 06:00:00,5.5,3.0,126.0,3.9,2.6,43.0,22.9,94,1.8,19.6
Pune,18.5204,73.8567,2026-07-07 07:00:00,7.6,4.3,155.0,5.0,3.0,43.0,23.3,94,1.2,24.8
Pune,18.5204,73.8567,2026-07-07 08:00:00,7.5,4.4,171.0,5.8,3.4,43.0,24.7,89,0.2,18.3
Pune,18.5204,73.8567,2026-07-07 09:00:00,6.7,4.4,161.0,6.0,3.8,45.0,25.0,83,0.1,25.2
Pune,18.5204,73.8567,2026-07-07 10:00:00,5.0,3.4,139.0,5.9,4.1,48.0,26.2,78,0.0,27.5
Pune,18.5204,73.8567,2026-07-07 11:00:00,3.9,3.3,124.0,5.8,4.2,51.0,25.8,77,0.0,26.9
Pune,18.5204,73.8567,2026-07-07 12:00:00,3.1,2.7,125.0,5.6,4.0,53.0,26.1,79,0.3,24.7
Pune,18.5204,73.8567,2026-07-07 13:00:00,3.5,2.6,134.0,5.5,3.6,54.0,26.6,77,0.7,26.2
Pune,18.5204,73.8567,2026-07-07 14:00:00,3.4,2.7,146.0,5.5,3.3,54.0,26.7,77,0.7,27.0
Pune,18.5204,73.8567,2026-07-07 15:00:00,3.2,2.5,161.0,6.0,3.3,53.0,25.1,83,0.8,24.3
Pune,18.5204,73.8567,2026-07-07 16:00:00,2.9,2.4,179.0,6.6,3.5,51.0,24.4,86,0.6,23.8
Pune,18.5204,73.8567,2026-07-07 17:00:00,6.5,3.3,191.0,6.2,3.1,48.0,24.7,87,0.3,19.4
Pune,18.5204,73.8567,2026-07-07 18:00:00,6.4,4.1,192.0,6.8,3.5,48.0,23.8,91,0.7,20.0
Pune,18.5204,73.8567,2026-07-07 19:00:00,8.8,5.3,186.0,7.6,4.0,47.0,23.6,91,0.4,18.4
Pune,18.5204,73.8567,2026-07-07 20:00:00,7.7,4.9,178.0,7.9,4.3,48.0,23.7,91,0.4,18.6
Pune,18.5204,73.8567,2026-07-07 21:00:00,5.2,3.7,168.0,7.4,4.3,51.0,23.8,91,0.2,19.5
Pune,18.5204,73.8567,2026-07-07 22:00:00,4.2,3.2,157.0,6.3,4.2,54.0,23.5,92,0.1,17.2
Pune,18.5204,73.8567,2026-07-07 23:00:00,3.4,2.5,145.0,5.4,3.9,56.0,23.1,94,1.2,17.9
Pune,18.5204,73.8567,2026-07-08 00:00:00,1.9,1.6,134.0,4.7,3.4,54.0,23.5,95,12.8,17.3
Pune,18.5204,73.8567,2026-07-08 01:00:00,1.4,1.3,122.0,4.0,2.7,51.0,23.7,93,12.8,28.2
Pune,18.5204,73.8567,2026-07-08 02:00:00,1.1,1.1,114.0,3.5,2.2,48.0,23.4,94,5.0,25.2
Pune,18.5204,73.8567,2026-07-08 03:00:00,1.1,1.0,109.0,3.0,1.9,48.0,23.3,94,4.7,21.7
Pune,18.5204,73.8567,2026-07-08 04:00:00,0.8,0.8,106.0,2.6,1.8,49.0,23.3,93,1.5,24.6
Pune,18.5204,73.8567,2026-07-08 05:00:00,4.8,2.8,109.0,3.2,3.0,49.0,23.7,91,0.3,19.6
Pune,18.5204,73.8567,2026-07-08 06:00:00,5.5,3.3,122.0,4.2,3.4,46.0,23.9,93,2.1,19.0
Pune,18.5204,73.8567,2026-07-08 07:00:00,5.7,3.8,141.0,5.6,3.8,41.0,24.2,93,0.8,23.4
Pune,18.5204,73.8567,2026-07-08 08:00:00,4.6,3.3,152.0,6.3,4.2,40.0,24.5,87,0.1,22.0
Pune,18.5204,73.8567,2026-07-08 09:00:00,7.5,4.2,149.0,5.5,4.3,46.0,25.0,85,0.0,20.6
Pune,18.5204,73.8567,2026-07-08 10:00:00,11.1,5.7,139.0,4.0,4.3,55.0,25.2,82,0.8,23.0
Pune,18.5204,73.8567,2026-07-08 11:00:00,14.2,6.9,132.0,3.1,4.3,61.0,24.6,88,1.2,24.0
Pune,18.5204,73.8567,2026-07-08 12:00:00,12.5,6.6,134.0,3.1,4.2,61.0,25.8,83,0.3,16.6
Pune,18.5204,73.8567,2026-07-08 13:00:00,11.9,7.3,139.0,3.7,4.0,59.0,24.8,84,0.7,18.4
Pune,18.5204,73.8567,2026-07-08 14:00:00,11.5,6.7,145.0,4.8,4.1,55.0,25.9,86,1.6,18.5
Pune,18.5204,73.8567,2026-07-08 15:00:00,9.7,6.2,149.0,6.9,4.9,51.0,25.6,85,0.2,18.5
Pune,18.5204,73.8567,2026-07-08 16:00:00,7.2,4.8,154.0,9.5,5.9,45.0,25.0,89,0.2,17.0
Pune,18.5204,73.8567,2026-07-08 17:00:00,11.4,6.5,160.0,7.1,3.8,51.0,25.2,84,0.1,17.0
Pune,18.5204,73.8567,2026-07-08 18:00:00,7.8,5.7,170.0,8.3,4.6,46.0,24.6,88,0.0,11.6
Pune,18.5204,73.8567,2026-07-08 19:00:00,5.3,4.5,182.0,9.9,5.7,39.0,24.4,88,0.0,14.2
Pune,18.5204,73.8567,2026-07-08 20:00:00,4.8,3.9,186.0,10.9,6.5,33.0,24.2,88,0.0,15.5
Pune,18.5204,73.8567,2026-07-08 21:00:00,6.2,4.4,176.0,11.0,6.9,30.0,23.8,89,0.0,15.0
Pune,18.5204,73.8567,2026-07-08 22:00:00,8.1,5.1,158.0,10.5,7.0,29.0,23.9,89,0.0,14.7
Pune,18.5204,73.8567,2026-07-08 23:00:00,10.8,6.1,141.0,9.7,6.8,28.0,24.0,89,0.0,14.7
Pune,18.5204,73.8567,2026-07-09 00:00:00,8.8,4.8,125.0,8.4,6.2,28.0,23.8,89,0.0,15.6
Pune,18.5204,73.8567,2026-07-09 01:00:00,5.2,3.0,110.0,6.8,5.3,29.0,23.5,90,0.0,15.4
Pune,18.5204,73.8567,2026-07-09 02:00:00,3.1,1.9,99.0,5.5,4.6,30.0,23.6,88,0.0,15.3
Pune,18.5204,73.8567,2026-07-09 03:00:00,3.8,2.0,95.0,4.7,4.1,31.0,23.4,89,0.0,15.1
Pune,18.5204,73.8567,2026-07-09 04:00:00,4.3,2.2,96.0,4.3,3.7,32.0,23.5,91,0.0,16.6
Pune,18.5204,73.8567,2026-07-09 05:00:00,8.3,3.4,102.0,4.2,3.7,32.0,24.1,91,0.0,16.7
Pune,18.5204,73.8567,2026-07-09 06:00:00,8.0,3.5,119.0,4.5,4.0,34.0,24.1,89,0.0,18.2
Pune,18.5204,73.8567,2026-07-09 07:00:00,11.0,4.6,142.0,4.8,4.4,36.0,24.5,88,0.0,16.5
Pune,18.5204,73.8567,2026-07-09 08:00:00,16.5,6.9,155.0,4.8,4.7,40.0,25.0,84,0.0,18.6
Pune,18.5204,73.8567,2026-07-09 09:00:00,17.8,8.1,149.0,4.0,4.6,47.0,26.1,78,0.1,21.6
Pune,18.5204,73.8567,2026-07-09 10:00:00,19.1,8.5,134.0,2.9,4.3,55.0,27.1,74,0.1,21.3
Pune,18.5204,73.8567,2026-07-09 11:00:00,20.0,8.8,123.0,2.1,4.1,60.0,27.3,73,0.2,20.0
Pune,18.5204,73.8567,2026-07-09 12:00:00,17.2,7.8,120.0,2.0,4.0,61.0,27.9,70,0.0,19.2
Pune,18.5204,73.8567,2026-07-09 13:00:00,14.6,7.0,120.0,2.2,4.1,60.0,28.3,68,0.1,21.2
Pune,18.5204,73.8567,2026-07-09 14:00:00,12.8,6.8,123.0,2.6,4.1,58.0,28.2,69,0.0,20.6
Pune,18.5204,73.8567,2026-07-09 15:00:00,14.3,7.2,128.0,3.0,4.1,56.0,27.8,71,0.1,21.0
Pune,18.5204,73.8567,2026-07-09 16:00:00,16.3,8.1,135.0,3.7,4.1,54.0,27.0,76,0.0,17.2
Pune,18.5204,73.8567,2026-07-09 17:00:00,26.4,12.3,143.0,4.4,4.3,52.0,26.4,77,0.0,17.5
Pune,18.5204,73.8567,2026-07-09 18:00:00,25.7,12.6,154.0,6.8,5.0,46.0,25.6,81,0.0,16.3
Pune,18.5204,73.8567,2026-07-09 19:00:00,24.7,13.0,167.0,10.0,6.1,38.0,24.3,86,0.0,15.7
Pune,18.5204,73.8567,2026-07-09 20:00:00,21.8,12.0,172.0,11.9,6.7,33.0,23.9,88,0.0,13.5
Pune,18.5204,73.8567,2026-07-09 21:00:00,17.3,10.3,166.0,11.2,6.7,32.0,23.8,89,0.0,13.1
Pune,18.5204,73.8567,2026-07-09 22:00:00,13.0,8.1,153.0,9.1,6.3,34.0,24.0,89,0.0,13.2
Pune,18.5204,73.8567,2026-07-09 23:00:00,8.8,5.0,140.0,7.3,5.8,35.0,23.6,90,0.0,14.1
Pune,18.5204,73.8567,2026-07-10 00:00:00,6.4,3.7,128.0,6.2,5.3,36.0,23.5,90,0.0,13.6
Pune,18.5204,73.8567,2026-07-10 01:00:00,4.8,3.0,116.0,5.3,4.9,36.0,23.6,90,0.0,13.8
Pune,18.5204,73.8567,2026-07-10 02:00:00,4.6,2.4,107.0,4.7,4.5,36.0,23.6,90,0.0,12.9
Pune,18.5204,73.8567,2026-07-10 03:00:00,4.3,2.3,102.0,4.4,4.4,35.0,23.5,90,0.0,15.4
Pune,18.5204,73.8567,2026-07-10 04:00:00,4.8,2.4,101.0,4.5,4.4,34.0,23.3,90,0.0,14.6
Pune,18.5204,73.8567,2026-07-10 05:00:00,6.4,3.3,105.0,4.7,4.5,35.0,23.6,90,0.0,15.8
Pune,18.5204,73.8567,2026-07-10 06:00:00,5.7,3.4,119.0,4.8,4.6,36.0,23.7,89,0.0,16.0
Pune,18.5204,73.8567,2026-07-10 07:00:00,6.3,3.3,138.0,4.8,4.7,38.0,24.1,87,0.0,17.7
Pune,18.5204,73.8567,2026-07-10 08:00:00,10.6,4.8,149.0,4.6,4.7,41.0,25.0,83,0.0,19.2
Pune,18.5204,73.8567,2026-07-10 09:00:00,17.6,7.3,144.0,3.8,4.5,48.0,26.6,76,0.0,18.4
Pune,18.5204,73.8567,2026-07-10 10:00:00,23.6,9.4,132.0,2.7,4.2,56.0,27.5,71,0.0,18.6
Pune,18.5204,73.8567,2026-07-10 11:00:00,26.4,10.4,123.0,1.9,4.0,63.0,28.2,65,0.0,19.3
Pune,18.5204,73.8567,2026-07-10 12:00:00,27.8,11.1,121.0,1.6,3.8,67.0,28.1,67,0.0,19.5
Pune,18.5204,73.8567,2026-07-10 13:00:00,28.1,11.4,123.0,1.5,3.6,68.0,28.9,64,0.0,19.5
Pune,18.5204,73.8567,2026-07-10 14:00:00,28.8,12.0,126.0,1.8,3.6,68.0,28.3,68,0.0,19.9
Pune,18.5204,73.8567,2026-07-10 15:00:00,28.5,12.1,129.0,2.3,3.7,65.0,27.4,71,0.0,19.4
Pune,18.5204,73.8567,2026-07-10 16:00:00,30.4,12.7,134.0,3.1,3.8,59.0,27.0,71,0.0,18.4
Pune,18.5204,73.8567,2026-07-10 17:00:00,31.5,12.2,142.0,4.1,3.8,55.0,26.2,77,0.0,13.9
Pune,18.5204,73.8567,2026-07-10 18:00:00,26.7,11.2,157.0,5.8,4.6,49.0,25.4,81,0.0,13.0
Pune,18.5204,73.8567,2026-07-10 19:00:00,23.1,10.7,175.0,8.1,5.7,42.0,24.6,85,0.0,12.7
Pune,18.5204,73.8567,2026-07-10 20:00:00,20.8,10.3,183.0,9.7,6.5,36.0,24.2,87,0.0,13.1
Pune,18.5204,73.8567,2026-07-10 21:00:00,18.9,10.1,173.0,9.9,6.7,34.0,24.0,89,0.0,12.8
Pune,18.5204,73.8567,2026-07-10 22:00:00,17.0,9.4,154.0,9.2,6.6,34.0,23.9,89,0.0,12.6
Pune,18.5204,73.8567,2026-07-10 23:00:00,14.2,7.3,136.0,8.4,6.4,34.0,23.6,89,0.0,14.7
Pune,18.5204,73.8567,2026-07-11 00:00:00,10.6,5.9,123.0,7.4,5.9,35.0,23.5,90,0.0,14.5
Pune,18.5204,73.8567,2026-07-11 01:00:00,8.3,4.3,111.0,6.1,5.3,36.0,23.5,91,0.0,14.9
Pune,18.5204,73.8567,2026-07-11 02:00:00,7.4,3.7,102.0,5.1,4.8,37.0,23.6,91,0.0,14.7
Pune,18.5204,73.8567,2026-07-11 03:00:00,8.7,3.7,97.0,4.5,4.5,38.0,23.5,91,0.1,16.3
Pune,18.5204,73.8567,2026-07-11 04:00:00,8.4,3.7,95.0,4.1,4.3,39.0,23.4,92,0.0,16.2
Pune,18.5204,73.8567,2026-07-11 05:00:00,9.9,4.5,99.0,3.9,3.9,39.0,23.3,89,0.0,16.6
Pune,18.5204,73.8567,2026-07-11 06:00:00,9.4,4.1,112.0,4.4,4.1,38.0,23.4,87,0.0,16.9
Pune,18.5204,73.8567,2026-07-11 07:00:00,11.1,4.5,131.0,5.1,4.4,38.0,24.0,85,0.0,20.6
Pune,18.5204,73.8567,2026-07-11 08:00:00,12.8,5.5,142.0,5.3,4.5,40.0,25.0,79,0.1,22.5
Pune,18.5204,73.8567,2026-07-11 09:00:00,22.4,8.5,140.0,4.4,4.3,47.0,25.9,77,0.0,19.1
Pune,18.5204,73.8567,2026-07-11 10:00:00,44.1,14.4,131.0,2.9,3.9,56.0,26.4,72,0.0,19.0
Pune,18.5204,73.8567,2026-07-11 11:00:00,36.7,12.6,123.0,1.8,3.6,62.0,27.4,66,0.0,19.9
Pune,18.5204,73.8567,2026-07-11 12:00:00,37.7,13.1,120.0,1.5,3.4,64.0,28.5,60,0.0,22.6
Pune,18.5204,73.8567,2026-07-11 13:00:00,35.5,12.8,118.0,1.6,3.3,63.0,28.8,59,0.0,22.8
Pune,18.5204,73.8567,2026-07-11 14:00:00,32.9,11.8,119.0,1.9,3.2,62.0,28.8,60,0.0,22.5
Pune,18.5204,73.8567,2026-07-11 15:00:00,26.9,11.0,125.0,2.2,3.2,61.0,28.2,64,0.0,21.8
Pune,18.5204,73.8567,2026-07-11 16:00:00,24.2,10.5,134.0,2.7,3.3,59.0,27.7,67,0.0,21.5
Pune,18.5204,73.8567,2026-07-11 17:00:00,28.2,11.0,143.0,4.0,3.6,53.0,26.5,72,0.0,18.0
Pune,18.5204,73.8567,2026-07-11 18:00:00,22.9,9.9,155.0,5.7,4.3,48.0,25.4,79,0.0,16.1
Pune,18.5204,73.8567,2026-07-11 19:00:00,20.7,10.0,167.0,8.1,5.2,41.0,24.5,83,0.0,14.3
Pune,18.5204,73.8567,2026-07-11 20:00:00,20.7,10.3,171.0,9.6,5.8,36.0,23.9,85,0.0,13.7
Pune,18.5204,73.8567,2026-07-11 21:00:00,19.2,9.6,160.0,9.6,6.0,34.0,23.6,89,0.0,14.3
Pune,18.5204,73.8567,2026-07-11 22:00:00,18.0,9.4,142.0,8.9,5.9,34.0,23.8,89,0.0,15.0
Pune,18.5204,73.8567,2026-07-11 23:00:00,14.3,7.7,125.0,7.9,5.7,35.0,23.8,87,0.0,16.8
Pune,18.5204,73.8567,2026-07-12 00:00:00,10.0,5.5,114.0,6.8,5.3,36.0,23.4,89,0.0,15.4
Pune,18.5204,73.8567,2026-07-12 01:00:00,8.9,4.3,105.0,5.5,4.7,37.0,23.2,89,0.0,16.0
Pune,18.5204,73.8567,2026-07-12 02:00:00,8.4,4.0,99.0,4.5,4.2,38.0,23.0,87,0.0,16.9
Pune,18.5204,73.8567,2026-07-12 03:00:00,8.0,4.0,96.0,4.0,3.9,38.0,22.9,85,0.0,15.8
Pune,18.5204,73.8567,2026-07-12 04:00:00,7.5,3.8,95.0,3.8,3.8,38.0,22.6,87,0.0,15.6
Pune,18.5204,73.8567,2026-07-12 05:00:00,9.3,4.4,97.0,4.1,3.9,38.0,22.9,89,0.0,15.7
Pune,18.5204,73.8567,2026-07-12 06:00:00,10.7,4.6,104.0,4.0,4.1,39.0,23.2,90,0.0,16.9
Pune,18.5204,73.8567,2026-07-12 07:00:00,12.4,5.5,113.0,3.9,4.4,42.0,24.2,86,0.0,19.3
Pune,18.5204,73.8567,2026-07-12 08:00:00,19.2,7.5,119.0,3.6,4.5,45.0,25.5,80,0.0,23.1
Pune,18.5204,73.8567,2026-07-12 09:00:00,24.9,9.4,117.0,2.9,4.3,51.0,26.6,75,0.0,23.6
Pune,18.5204,73.8567,2026-07-12 10:00:00,29.1,10.6,112.0,2.0,3.9,58.0,27.5,70,0.0,23.9
Pune,18.5204,73.8567,2026-07-12 11:00:00,29.5,10.9,108.0,1.4,3.6,63.0,28.3,67,0.0,22.8
Pune,18.5204,73.8567,2026-07-12 12:00:00,29.5,10.9,107.0,1.2,3.4,64.0,29.2,61,0.0,23.4
Pune,18.5204,73.8567,2026-07-12 13:00:00,29.2,10.7,108.0,1.2,3.2,64.0,29.3,58,0.0,23.1
Pune,18.5204,73.8567,2026-07-12 14:00:00,39.5,13.0,109.0,1.3,3.1,62.0,29.5,57,0.0,24.8
Pune,18.5204,73.8567,2026-07-12 15:00:00,29.6,10.5,111.0,1.5,3.0,60.0,29.0,60,0.0,24.9
Pune,18.5204,73.8567,2026-07-12 16:00:00,29.1,10.5,113.0,1.7,3.1,57.0,28.0,68,0.0,22.5
Pune,18.5204,73.8567,2026-07-12 17:00:00,33.6,12.7,117.0,2.5,3.2,52.0,27.5,67,0.0,21.7
Pune,18.5204,73.8567,2026-07-12 18:00:00,25.2,10.6,124.0,3.8,3.8,48.0,26.0,77,0.0,16.7
Pune,18.5204,73.8567,2026-07-12 19:00:00,18.9,9.1,132.0,5.6,4.7,42.0,24.8,81,0.0,15.5
Pune,18.5204,73.8567,2026-07-12 20:00:00,17.3,8.6,136.0,6.8,5.3,38.0,24.2,85,0.0,15.4
Pune,18.5204,73.8567,2026-07-12 21:00:00,17.8,9.1,133.0,7.0,5.5,36.0,23.8,88,0.0,16.1
Pune,18.5204,73.8567,2026-07-12 22:00:00,17.5,9.1,126.0,6.8,5.4,36.0,23.8,87,0.0,16.9
Pune,18.5204,73.8567,2026-07-12 23:00:00,15.4,8.0,119.0,6.3,5.3,36.0,23.5,87,0.0,17.1
Pune,18.5204,73.8567,2026-07-13 00:00:00,12.5,6.4,111.0,5.7,5.0,36.0,23.4,87,0.0,18.6
Pune,18.5204,73.8567,2026-07-13 01:00:00,10.0,5.1,103.0,4.9,4.7,37.0,23.3,87,0.0,17.9
Pune,18.5204,73.8567,2026-07-13 02:00:00,8.4,4.4,97.0,4.3,4.4,38.0,23.1,88,0.0,16.6
Pune,18.5204,73.8567,2026-07-13 03:00:00,7.6,4.1,94.0,4.0,4.2,38.0,23.1,88,0.0,17.3
Pune,18.5204,73.8567,2026-07-13 04:00:00,7.1,4.1,93.0,4.0,4.1,38.0,23.0,88,0.0,17.4
Pune,18.5204,73.8567,2026-07-13 05:00:00,5.3,3.4,98.0,4.3,4.2,37.0,23.1,87,0.0,17.6
Pune,18.5204,73.8567,2026-07-13 06:00:00,5.4,3.7,116.0,4.5,4.5,39.0,23.3,85,0.0,17.1
Pune,18.5204,73.8567,2026-07-13 07:00:00,6.4,4.7,141.0,4.6,4.9,41.0,24.1,83,0.0,18.9
Pune,18.5204,73.8567,2026-07-13 08:00:00,8.8,5.9,155.0,4.5,5.1,46.0,25.3,78,0.0,16.9
Pune,18.5204,73.8567,2026-07-13 09:00:00,11.6,7.2,150.0,3.7,4.8,54.0,26.7,70,0.0,18.3
Pune,18.5204,73.8567,2026-07-13 10:00:00,13.8,8.3,135.0,2.6,4.3,64.0,27.9,66,0.0,19.0
Pune,18.5204,73.8567,2026-07-13 11:00:00,15.8,9.1,123.0,1.7,3.8,71.0,28.8,61,0.0,20.5
Pune,18.5204,73.8567,2026-07-13 12:00:00,17.5,9.8,119.0,1.4,3.5,74.0,28.9,60,0.0,20.3
Pune,18.5204,73.8567,2026-07-13 13:00:00,19.3,10.7,119.0,1.3,3.2,74.0,29.3,57,0.0,20.2
Pune,18.5204,73.8567,2026-07-13 14:00:00,20.6,11.3,121.0,1.5,3.1,73.0,29.2,57,0.0,21.2
Pune,18.5204,73.8567,2026-07-13 15:00:00,20.3,11.1,125.0,1.8,3.0,71.0,28.5,59,0.0,21.8
Pune,18.5204,73.8567,2026-07-13 16:00:00,20.0,11.1,132.0,2.2,3.0,68.0,27.9,60,0.0,21.2
Pune,18.5204,73.8567,2026-07-13 17:00:00,31.5,16.9,142.0,3.2,3.5,66.0,27.3,63,0.0,19.3
Pune,18.5204,73.8567,2026-07-13 18:00:00,29.5,16.6,158.0,4.9,4.1,59.0,26.0,70,0.0,16.9
Pune,18.5204,73.8567,2026-07-13 19:00:00,25.6,15.5,178.0,7.3,5.0,50.0,24.7,77,0.0,13.8
Pune,18.5204,73.8567,2026-07-13 20:00:00,23.0,14.6,188.0,9.1,5.8,42.0,23.8,84,0.0,11.8
Pune,18.5204,73.8567,2026-07-13 21:00:00,19.8,13.0,183.0,10.1,6.4,38.0,23.4,87,0.0,10.3
Pune,18.5204,73.8567,2026-07-13 22:00:00,18.2,12.4,169.0,10.5,6.8,35.0,23.1,88,0.0,10.3
Pune,18.5204,73.8567,2026-07-13 23:00:00,16.2,11.3,154.0,10.2,6.9,34.0,23.0,89,0.0,13.0
Pune,18.5204,73.8567,2026-07-14 00:00:00,14.2,9.5,137.0,8.7,6.3,35.0,23.0,89,0.0,14.5
Pune,18.5204,73.8567,2026-07-14 01:00:00,10.1,7.0,119.0,6.5,5.4,38.0,22.9,89,0.0,15.4
Pune,18.5204,73.8567,2026-07-14 02:00:00,7.3,4.9,106.0,4.8,4.7,40.0,22.7,90,0.0,14.0
Pune,18.5204,73.8567,2026-07-14 03:00:00,6.9,4.3,100.0,4.2,4.4,41.0,22.8,89,0.0,14.2
Pune,18.5204,73.8567,2026-07-14 04:00:00,7.7,4.7,98.0,4.1,4.3,41.0,23.0,89,0.0,15.9
Pune,18.5204,73.8567,2026-07-14 05:00:00,8.9,5.7,104.0,5.0,5.0,40.0,22.6,89,0.0,14.4
Pune,18.5204,73.8567,2026-07-14 06:00:00,10.7,6.8,124.0,5.0,5.0,41.0,22.6,89,0.0,14.7
Pune,18.5204,73.8567,2026-07-14 07:00:00,15.0,9.0,151.0,5.0,5.0,43.0,23.5,85,0.0,16.0
Pune,18.5204,73.8567,2026-07-14 08:00:00,19.2,11.4,167.0,4.7,5.0,48.0,25.1,77,0.0,15.4
Pune,18.5204,73.8567,2026-07-14 09:00:00,23.7,14.1,160.0,3.9,4.9,57.0,26.9,70,0.0,17.8
Pune,18.5204,73.8567,2026-07-14 10:00:00,26.8,15.8,142.0,2.7,4.7,69.0,28.2,65,0.0,19.0
Pune,18.5204,73.8567,2026-07-14 11:00:00,28.4,16.8,128.0,1.9,4.5,78.0,28.9,60,0.0,19.6
Pune,18.5204,73.8567,2026-07-14 12:00:00,30.5,17.6,124.0,1.5,4.2,83.0,29.5,56,0.0,20.0
Pune,18.5204,73.8567,2026-07-14 13:00:00,31.3,17.9,124.0,1.4,3.8,85.0,29.9,53,0.0,18.9
Pune,18.5204,73.8567,2026-07-14 14:00:00,32.1,17.8,126.0,1.6,3.6,84.0,29.5,54,0.0,18.4
Pune,18.5204,73.8567,2026-07-14 15:00:00,33.5,17.6,131.0,1.9,3.5,80.0,29.4,54,0.0,17.3
Pune,18.5204,73.8567,2026-07-14 16:00:00,35.2,17.7,139.0,2.5,3.4,74.0,28.7,57,0.0,17.3
Pune,18.5204,73.8567,2026-07-14 17:00:00,34.6,18.2,148.0,4.6,4.2,65.0,28.0,61,0.0,15.7
Pune,18.5204,73.8567,2026-07-14 18:00:00,37.3,18.7,159.0,6.2,4.9,58.0,26.7,68,0.0,16.1
Pune,18.5204,73.8567,2026-07-14 19:00:00,36.8,18.9,172.0,8.4,5.9,48.0,25.4,75,0.0,14.7
Pune,18.5204,73.8567,2026-07-14 20:00:00,34.2,18.2,180.0,10.0,6.7,41.0,24.6,80,0.0,12.9
Pune,18.5204,73.8567,2026-07-14 21:00:00,32.9,17.7,182.0,10.5,7.1,38.0,24.0,83,0.0,12.6
Pune,18.5204,73.8567,2026-07-14 22:00:00,31.7,16.4,179.0,10.4,7.4,37.0,23.5,85,0.0,11.7
Pune,18.5204,73.8567,2026-07-14 23:00:00,28.5,14.6,171.0,10.0,7.4,36.0,23.4,84,0.0,10.1
Pune,18.5204,73.8567,2026-07-15 00:00:00,25.0,12.5,154.0,9.1,7.1,36.0,23.3,86,0.0,11.3
Pune,18.5204,73.8567,2026-07-15 01:00:00,19.3,9.9,133.0,8.0,6.6,37.0,23.2,86,0.0,12.4
Pune,18.5204,73.8567,2026-07-15 02:00:00,14.0,7.2,117.0,7.1,6.2,37.0,23.0,86,0.0,11.8
Pune,18.5204,73.8567,2026-07-15 03:00:00,11.0,5.7,111.0,6.9,6.0,36.0,22.7,87,0.0,11.0
Pune,18.5204,73.8567,2026-07-15 04:00:00,9.6,5.2,112.0,7.0,5.8,34.0,22.6,88,0.0,10.8
Pune,18.5204,73.8567,2026-07-15 05:00:00,14.1,6.9,116.0,6.5,5.5,35.0,22.6,90,0.0,12.0
Pune,18.5204,73.8567,2026-07-15 06:00:00,20.0,9.0,128.0,6.5,5.4,36.0,23.0,88,0.0,11.9
Pune,18.5204,73.8567,2026-07-15 07:00:00,24.8,10.5,143.0,6.4,5.4,39.0,23.8,83,0.0,15.7
Pune,18.5204,73.8567,2026-07-15 08:00:00,23.2,10.8,153.0,5.9,5.2,43.0,25.0,76,0.0,17.7
Pune,18.5204,73.8567,2026-07-15 09:00:00,20.8,10.3,150.0,4.7,4.9,52.0,26.0,72,0.2,18.1
Pune,18.5204,73.8567,2026-07-15 10:00:00,17.4,9.0,141.0,3.2,4.5,63.0,26.6,71,0.6,19.4
Pune,18.5204,73.8567,2026-07-15 11:00:00,19.3,9.7,134.0,2.2,4.2,70.0,27.6,66,0.3,17.4
Pune,18.5204,73.8567,2026-07-15 12:00:00,20.5,10.0,133.0,2.0,4.0,72.0,28.3,62,0.2,19.6
Pune,18.5204,73.8567,2026-07-15 13:00:00,23.7,9.8,135.0,2.3,3.8,70.0,28.5,59,0.3,18.8
Pune,18.5204,73.8567,2026-07-15 14:00:00,20.4,9.4,139.0,2.7,3.7,67.0,27.6,59,0.5,21.0
Pune,18.5204,73.8567,2026-07-15 15:00:00,21.2,9.7,147.0,3.0,3.5,64.0,26.7,68,0.2,16.0
Pune,18.5204,73.8567,2026-07-15 16:00:00,16.2,7.6,158.0,3.4,3.4,60.0,26.3,69,0.1,15.7
Pune,18.5204,73.8567,2026-07-15 17:00:00,24.4,11.7,169.0,5.8,4.3,59.0,25.6,76,0.0,15.3
Pune,18.5204,73.8567,2026-07-15 18:00:00,22.1,11.3,180.0,7.4,4.9,54.0,24.9,79,0.0,11.2
Pune,18.5204,73.8567,2026-07-15 19:00:00,19.2,11.0,190.0,9.5,5.8,47.0,24.5,81,0.0,11.6
Pune,18.5204,73.8567,2026-07-15 20:00:00,17.2,10.0,196.0,11.3,6.6,41.0,24.1,84,0.0,12.9
Pune,18.5204,73.8567,2026-07-15 21:00:00,16.1,9.7,194.0,12.4,7.3,37.0,23.7,86,0.0,10.8
Pune,18.5204,73.8567,2026-07-15 22:00:00,16.0,10.1,188.0,13.0,8.1,35.0,23.6,86,0.0,10.1
Pune,18.5204,73.8567,2026-07-15 23:00:00,15.7,10.3,181.0,13.3,8.5,33.0,23.5,87,0.0,12.7
Pune,18.5204,73.8567,2026-07-16 00:00:00,15.3,10.2,173.0,13.0,8.5,32.0,23.4,87,0.0,10.8
Pune,18.5204,73.8567,2026-07-16 01:00:00,15.4,10.1,164.0,12.3,8.3,32.0,23.3,88,0.0,9.5
Pune,18.5204,73.8567,2026-07-16 02:00:00,15.8,9.8,156.0,11.6,8.1,32.0,23.3,87,0.0,10.5
Pune,18.5204,73.8567,2026-07-16 03:00:00,15.6,9.5,148.0,10.9,8.1,32.0,23.1,89,0.0,11.4
Pune,18.5204,73.8567,2026-07-16 04:00:00,15.3,9.4,141.0,10.2,8.0,31.0,23.1,87,0.0,11.1
Pune,18.5204,73.8567,2026-07-16 05:00:00,9.8,5.4,138.0,6.1,5.5,39.0,23.1,90,0.0,12.8
Pune,18.5204,73.8567,2026-07-16 06:00:00,9.2,5.3,145.0,6.0,5.6,40.0,23.3,88,0.0,11.5
Pune,18.5204,73.8567,2026-07-16 07:00:00,9.5,5.2,156.0,5.8,5.7,41.0,23.9,84,0.0,12.8
Pune,18.5204,73.8567,2026-07-16 08:00:00,10.6,5.6,163.0,5.3,5.6,45.0,25.4,75,0.1,15.0
Pune,18.5204,73.8567,2026-07-16 09:00:00,15.4,7.1,159.0,4.3,5.3,54.0,26.5,70,0.1,15.1
Pune,18.5204,73.8567,2026-07-16 10:00:00,20.2,9.2,151.0,2.9,4.7,65.0,27.3,67,0.4,13.9
Pune,18.5204,73.8567,2026-07-16 11:00:00,24.2,11.0,144.0,2.0,4.3,72.0,28.8,63,0.2,14.9
Pune,18.5204,73.8567,2026-07-16 12:00:00,23.7,11.3,141.0,1.7,3.9,73.0,29.0,60,0.1,15.4
Pune,18.5204,73.8567,2026-07-16 13:00:00,22.7,10.8,140.0,1.9,3.6,69.0,29.0,60,1.4,16.2
Pune,18.5204,73.8567,2026-07-16 14:00:00,23.1,10.0,141.0,2.3,3.5,66.0,28.4,64,1.1,18.3
Pune,18.5204,73.8567,2026-07-16 15:00:00,22.9,10.0,145.0,3.0,3.7,64.0,27.3,68,0.4,18.7
Pune,18.5204,73.8567,2026-07-16 16:00:00,23.3,10.9,151.0,4.0,4.2,62.0,27.1,67,0.2,19.0
Pune,18.5204,73.8567,2026-07-16 17:00:00,27.8,14.3,160.0,5.4,4.9,60.0,26.3,76,0.2,15.3
Pune,18.5204,73.8567,2026-07-16 18:00:00,23.7,12.9,175.0,7.1,5.5,54.0,25.5,77,0.0,13.8
Pune,18.5204,73.8567,2026-07-16 19:00:00,18.9,10.7,192.0,9.5,6.4,45.0,24.7,81,0.0,14.3
Pune,18.5204,73.8567,2026-07-16 20:00:00,16.9,10.2,201.0,11.2,7.1,38.0,24.3,84,0.0,12.1
Pune,18.5204,73.8567,2026-07-16 21:00:00,14.8,8.8,197.0,11.7,7.5,35.0,24.1,85,0.0,9.4
Pune,18.5204,73.8567,2026-07-16 22:00:00,12.9,7.9,185.0,11.5,7.8,33.0,24.0,85,0.0,9.0
Pune,18.5204,73.8567,2026-07-16 23:00:00,12.5,8.1,174.0,11.0,7.9,32.0,24.2,86,0.0,10.9
Pune,18.5204,73.8567,2026-07-17 00:00:00,11.6,7.6,165.0,10.2,7.7,32.0,23.8,87,0.0,11.8
Pune,18.5204,73.8567,2026-07-17 01:00:00,10.9,7.0,156.0,9.1,7.3,32.0,23.8,88,0.0,11.8
Pune,18.5204,73.8567,2026-07-17 02:00:00,8.8,5.4,148.0,8.1,7.0,33.0,23.6,87,0.0,11.3
Pune,18.5204,73.8567,2026-07-17 03:00:00,6.5,4.3,141.0,7.5,6.8,33.0,23.4,88,0.0,11.0
Pune,18.5204,73.8567,2026-07-17 04:00:00,4.8,3.4,137.0,7.1,6.6,32.0,23.4,89,0.0,10.7
Pune,18.5204,73.8567,2026-07-17 05:00:00,6.6,4.3,136.0,7.5,6.9,32.0,23.7,88,0.0,12.1
Pune,18.5204,73.8567,2026-07-17 06:00:00,6.6,4.5,144.0,7.4,6.6,33.0,23.6,87,0.0,11.9
Pune,18.5204,73.8567,2026-07-17 07:00:00,6.4,4.0,157.0,7.1,6.3,35.0,24.1,84,0.0,13.6
Pune,18.5204,73.8567,2026-07-17 08:00:00,7.3,4.6,164.0,6.6,5.9,38.0,25.3,78,0.0,16.1
Pune,18.5204,73.8567,2026-07-17 09:00:00,10.0,5.8,157.0,5.6,5.6,45.0,26.2,73,0.1,15.7
Pune,18.5204,73.8567,2026-07-17 10:00:00,13.3,7.3,144.0,4.3,5.3,53.0,26.8,70,0.2,16.3
Pune,18.5204,73.8567,2026-07-17 11:00:00,16.1,8.6,135.0,3.3,5.0,59.0,28.2,67,0.2,17.3
Pune,18.5204,73.8567,2026-07-17 12:00:00,16.1,8.4,134.0,2.8,4.6,61.0,28.3,65,0.2,18.4
Pune,18.5204,73.8567,2026-07-17 13:00:00,17.1,8.5,136.0,2.6,4.2,60.0,27.9,64,0.8,19.9
Pune,18.5204,73.8567,2026-07-17 14:00:00,15.7,7.9,140.0,3.0,4.0,59.0,28.0,63,0.4,18.2
Pune,18.5204,73.8567,2026-07-17 15:00:00,16.5,8.8,146.0,4.0,4.3,57.0,27.1,66,0.6,20.8
Pune,18.5204,73.8567,2026-07-17 16:00:00,17.3,9.4,154.0,5.6,4.9,55.0,25.6,75,0.2,19.8
Pune,18.5204,73.8567,2026-07-17 17:00:00,17.0,10.0,162.0,6.2,4.5,51.0,25.6,76,0.2,18.3
Pune,18.5204,73.8567,2026-07-17 18:00:00,14.4,8.9,172.0,8.3,5.2,46.0,24.9,78,0.0,15.5
Pune,18.5204,73.8567,2026-07-17 19:00:00,14.8,9.2,183.0,11.0,6.1,38.0,24.1,83,0.0,14.8
Pune,18.5204,73.8567,2026-07-17 20:00:00,13.5,9.2,189.0,12.7,6.7,33.0,23.9,84,0.0,12.4
Pune,18.5204,73.8567,2026-07-17 21:00:00,13.6,9.1,187.0,12.1,6.8,32.0,23.8,85,0.0,11.8
Pune,18.5204,73.8567,2026-07-17 22:00:00,11.4,7.4,179.0,10.5,6.7,34.0,23.6,87,0.0,11.9
Pune,18.5204,73.8567,2026-07-17 23:00:00,9.8,6.3,169.0,9.1,6.5,35.0,23.5,86,0.0,13.2
Pune,18.5204,73.8567,2026-07-18 00:00:00,8.9,5.7,153.0,8.6,6.4,34.0,23.2,86,0.0,12.3
Pune,18.5204,73.8567,2026-07-18 01:00:00,7.7,5.0,135.0,8.4,6.3,33.0,23.1,87,0.0,11.5
Pune,18.5204,73.8567,2026-07-18 02:00:00,8.1,5.3,122.0,8.3,6.3,32.0,23.1,87,0.0,12.2
Pune,18.5204,73.8567,2026-07-18 03:00:00,8.2,5.5,118.0,8.1,6.5,31.0,23.1,87,0.0,12.5
Pune,18.5204,73.8567,2026-07-18 04:00:00,8.7,5.7,120.0,8.0,6.8,31.0,23.1,87,0.0,11.1
Pune,18.5204,73.8567,2026-07-18 05:00:00,4.6,3.3,125.0,6.3,5.8,34.0,23.3,88,0.0,12.8
Pune,18.5204,73.8567,2026-07-18 06:00:00,4.4,3.3,135.0,6.0,5.6,36.0,23.4,88,0.0,10.8
Pune,18.5204,73.8567,2026-07-18 07:00:00,5.0,3.6,147.0,5.6,5.3,39.0,24.1,85,0.0,13.0
Pune,18.5204,73.8567,2026-07-18 08:00:00,6.7,3.9,154.0,5.2,5.1,43.0,25.2,79,0.1,17.9
Pune,18.5204,73.8567,2026-07-18 09:00:00,9.7,5.5,149.0,4.6,5.0,48.0,25.8,76,0.0,17.3
Pune,18.5204,73.8567,2026-07-18 10:00:00,12.5,6.7,137.0,4.0,4.9,52.0,26.6,71,0.2,18.9
Pune,18.5204,73.8567,2026-07-18 11:00:00,13.5,7.6,129.0,3.6,4.8,56.0,26.0,74,0.3,17.6
Pune,18.5204,73.8567,2026-07-18 12:00:00,14.2,7.8,128.0,3.4,4.5,58.0,26.5,72,0.5,20.0
Pune,18.5204,73.8567,2026-07-18 13:00:00,15.4,8.1,131.0,3.5,4.3,58.0,27.9,64,0.1,20.7
Pune,18.5204,73.8567,2026-07-18 14:00:00,14.6,7.8,135.0,4.0,4.2,56.0,27.3,67,0.6,20.0
Pune,18.5204,73.8567,2026-07-18 15:00:00,14.2,8.0,140.0,5.1,4.5,52.0,27.2,66,0.1,17.5
Pune,18.5204,73.8567,2026-07-18 16:00:00,14.0,8.4,148.0,6.6,5.0,47.0,25.6,74,0.1,17.5
Pune,18.5204,73.8567,2026-07-18 17:00:00,10.6,6.5,158.0,8.7,4.8,42.0,25.5,77,0.1,14.5
Pune,18.5204,73.8567,2026-07-18 18:00:00,10.0,6.7,175.0,10.2,5.3,38.0,24.9,80,0.3,15.3
Pune,18.5204,73.8567,2026-07-18 19:00:00,9.1,6.6,196.0,12.1,5.9,33.0,22.9,94,1.9,12.3
Pune,18.5204,73.8567,2026-07-18 20:00:00,7.0,5.5,208.0,13.3,6.3,29.0,22.9,95,0.8,13.3
Pune,18.5204,73.8567,2026-07-18 21:00:00,5.3,4.5,206.0,13.0,6.3,28.0,22.7,96,0.7,12.5
Pune,18.5204,73.8567,2026-07-18 22:00:00,3.5,3.2,197.0,11.8,6.2,29.0,22.7,96,0.7,11.9
Pune,18.5204,73.8567,2026-07-18 23:00:00,3.0,2.9,183.0,10.7,6.0,30.0,22.8,94,0.0,11.7
Pune,18.5204,73.8567,2026-07-19 00:00:00,2.7,2.6,164.0,9.9,5.9,30.0,22.7,93,0.0,11.1
Pune,18.5204,73.8567,2026-07-19 01:00:00,2.4,2.3,142.0,9.2,5.8,31.0,22.7,93,0.0,10.6
Pune,18.5204,73.8567,2026-07-19 02:00:00,2.3,2.2,125.0,8.5,5.8,31.0,22.8,92,0.0,10.9
Pune,18.5204,73.8567,2026-07-19 03:00:00,2.1,2.0,118.0,7.9,5.8,32.0,22.9,90,0.0,12.0
Pune,18.5204,73.8567,2026-07-19 04:00:00,2.2,2.1,118.0,7.3,5.8,33.0,22.9,90,0.0,11.9
Pune,18.5204,73.8567,2026-07-19 05:00:00,2.8,1.9,120.0,5.5,5.0,37.0,23.3,89,0.0,14.5
Pune,18.5204,73.8567,2026-07-19 06:00:00,3.7,2.4,127.0,5.7,5.0,37.0,23.1,89,0.1,14.2
Pune,18.5204,73.8567,2026-07-19 07:00:00,6.4,3.8,137.0,5.9,5.1,37.0,23.7,88,0.0,11.2
Pune,18.5204,73.8567,2026-07-19 08:00:00,9.7,4.8,142.0,5.7,5.1,38.0,24.7,82,0.0,16.3
Pune,18.5204,73.8567,2026-07-19 09:00:00,12.0,5.3,137.0,4.9,5.0,42.0,25.9,76,0.1,17.1
Pune,18.5204,73.8567,2026-07-19 10:00:00,15.7,6.7,128.0,3.7,4.8,47.0,26.2,77,0.2,18.0
Pune,18.5204,73.8567,2026-07-19 11:00:00,17.2,7.5,122.0,2.8,4.6,52.0,25.5,77,0.6,18.1
Pune,18.5204,73.8567,2026-07-19 12:00:00,15.0,6.7,124.0,2.2,4.2,55.0,25.9,76,0.5,17.9
Pune,18.5204,73.8567,2026-07-19 13:00:00,10.8,5.1,130.0,1.7,3.7,58.0,27.4,68,0.2,19.7
Pune,18.5204,73.8567,2026-07-19 14:00:00,8.6,4.6,135.0,1.9,3.4,58.0,27.3,69,0.1,19.3
Pune,18.5204,73.8567,2026-07-19 15:00:00,5.8,3.5,136.0,3.1,3.2,54.0,26.3,72,0.0,17.9
Pune,18.5204,73.8567,2026-07-19 16:00:00,5.9,3.9,136.0,4.9,3.2,47.0,25.4,77,0.1,18.4
Pune,18.5204,73.8567,2026-07-19 17:00:00,6.9,4.3,140.0,8.2,3.6,35.0,25.0,82,0.0,16.8
Pune,18.5204,73.8567,2026-07-19 18:00:00,5.4,4.1,153.0,8.8,4.3,34.0,24.4,84,0.0,13.9
Pune,18.5204,73.8567,2026-07-19 19:00:00,4.7,3.7,170.0,9.5,5.3,34.0,23.7,86,0.0,15.9
Pune,18.5204,73.8567,2026-07-19 20:00:00,4.1,3.6,180.0,9.9,6.1,33.0,23.4,87,0.0,13.2
Pune,18.5204,73.8567,2026-07-19 21:00:00,4.2,3.8,176.0,9.6,6.5,33.0,23.3,88,0.0,12.0
Pune,18.5204,73.8567,2026-07-19 22:00:00,4.5,4.1,165.0,8.9,6.6,34.0,23.2,88,0.0,12.9
Pune,18.5204,73.8567,2026-07-19 23:00:00,4.1,3.6,153.0,8.1,6.6,34.0,23.8,88,0.0,12.8
Pune,18.5204,73.8567,2026-07-20 00:00:00,3.6,2.8,141.0,7.4,6.4,34.0,23.4,88,0.1,11.9
Pune,18.5204,73.8567,2026-07-20 01:00:00,2.9,2.2,127.0,6.6,5.9,34.0,23.0,90,0.3,13.1
Pune,18.5204,73.8567,2026-07-20 02:00:00,2.3,1.9,118.0,6.0,5.6,34.0,22.8,90,0.2,14.3
Pune,18.5204,73.8567,2026-07-20 03:00:00,1.8,1.6,114.0,5.6,5.4,34.0,22.7,90,0.0,13.0
Pune,18.5204,73.8567,2026-07-20 04:00:00,2.0,1.8,115.0,5.4,5.3,34.0,22.7,89,0.0,13.0
Pune,18.5204,73.8567,2026-07-20 05:00:00,2.0,1.8,121.0,5.1,4.6,36.0,23.6,90,0.0,13.9
Pune,18.5204,73.8567,2026-07-20 06:00:00,2.2,1.8,139.0,5.2,4.6,37.0,23.5,89,0.0,14.9
Pune,18.5204,73.8567,2026-07-20 07:00:00,3.8,2.7,163.0,5.4,4.6,38.0,23.7,87,0.1,12.2
Pune,18.5204,73.8567,2026-07-20 08:00:00,5.3,3.3,177.0,5.2,4.5,41.0,24.1,85,0.0,14.3
Pune,18.5204,73.8567,2026-07-20 09:00:00,7.5,4.1,169.0,4.4,4.4,47.0,24.5,83,0.0,15.5
Pune,18.5204,73.8567,2026-07-20 10:00:00,9.1,4.5,150.0,3.3,4.3,54.0,25.3,80,0.0,17.2
Pune,18.5204,73.8567,2026-07-20 11:00:00,9.3,4.7,137.0,2.4,4.2,60.0,26.5,76,0.2,21.1
Pune,18.5204,73.8567,2026-07-20 12:00:00,9.0,4.4,134.0,1.9,3.9,63.0,27.1,75,0.1,20.9
Pune,18.5204,73.8567,2026-07-20 13:00:00,12.6,5.4,137.0,1.7,3.6,63.0,26.1,77,0.8,22.8
Pune,18.5204,73.8567,2026-07-20 14:00:00,12.8,6.0,143.0,2.0,3.4,62.0,26.2,74,0.3,22.5
Pune,18.5204,73.8567,2026-07-20 15:00:00,10.4,5.7,155.0,2.9,3.3,57.0,25.9,75,0.6,21.3
Pune,18.5204,73.8567,2026-07-20 16:00:00,8.2,5.2,171.0,4.4,3.3,51.0,25.3,80,0.3,21.1
Pune,18.5204,73.8567,2026-07-20 17:00:00,10.4,5.9,183.0,6.5,3.4,45.0,24.4,86,0.1,19.8
Pune,18.5204,73.8567,2026-07-20 18:00:00,9.1,5.6,187.0,8.0,3.9,41.0,24.0,88,0.6,16.2
Pune,18.5204,73.8567,2026-07-20 19:00:00,6.8,5.0,188.0,9.9,4.7,36.0,23.7,88,0.2,15.9
Pune,18.5204,73.8567,2026-07-20 20:00:00,7.3,5.7,187.0,10.9,5.2,33.0,23.4,90,0.3,14.6
Pune,18.5204,73.8567,2026-07-20 21:00:00,7.5,5.1,187.0,10.0,5.2,34.0,23.3,90,0.1,13.4
Pune,18.5204,73.8567,2026-07-20 22:00:00,6.0,4.2,186.0,8.2,5.0,36.0,23.2,90,0.1,15.1
Pune,18.5204,73.8567,2026-07-20 23:00:00,4.9,3.6,178.0,6.6,4.8,38.0,23.5,88,0.1,17.1
Pune,18.5204,73.8567,2026-07-21 00:00:00,4.5,3.3,157.0,5.7,4.5,39.0,23.1,89,0.1,17.5
Pune,18.5204,73.8567,2026-07-21 01:00:00,3.6,2.6,130.0,5.1,4.2,39.0,23.0,89,0.1,17.1
Pune,18.5204,73.8567,2026-07-21 02:00:00,4.1,2.8,111.0,4.7,4.0,39.0,22.9,90,0.1,16.2
Pune,18.5204,73.8567,2026-07-21 03:00:00,3.7,2.5,104.0,4.4,3.9,39.0,23.0,91,0.1,16.9
Pune,18.5204,73.8567,2026-07-21 04:00:00,4.0,2.7,105.0,4.2,3.8,39.0,23.1,90,0.1,18.7
Pune,18.5204,73.8567,2026-07-21 05:00:00,5.3,3.0,115.0,3.7,3.1,40.0,22.9,90,0.0,16.7
Pune,18.5204,73.8567,2026-07-21 06:00:00,4.5,2.6,144.0,4.7,3.5,40.0,22.9,89,0.0,16.3
Pune,18.5204,73.8567,2026-07-21 07:00:00,4.7,3.2,182.0,6.0,4.0,39.0,23.5,87,0.1,14.4
Pune,18.5204,73.8567,2026-07-21 08:00:00,6.7,4.0,203.0,6.7,4.4,40.0,24.1,86,0.2,13.1
Pune,18.5204,73.8567,2026-07-21 09:00:00,10.0,5.8,192.0,6.2,4.5,43.0,24.8,84,0.6,21.8
Pune,18.5204,73.8567,2026-07-21 10:00:00,12.4,7.0,164.0,5.1,4.4,48.0,25.4,83,0.2,19.7
Pune,18.5204,73.8567,2026-07-21 11:00:00,16.1,8.4,142.0,4.3,4.3,51.0,25.9,77,0.5,25.2
Pune,18.5204,73.8567,2026-07-21 12:00:00,17.5,9.2,133.0,4.1,4.1,51.0,26.4,75,0.7,24.4
Pune,18.5204,73.8567,2026-07-21 13:00:00,15.0,7.9,129.0,4.1,4.0,49.0,26.2,77,0.3,23.7
Pune,18.5204,73.8567,2026-07-21 14:00:00,7.8,4.5,133.0,4.5,3.8,47.0,24.9,89,1.6,18.0
Pune,18.5204,73.8567,2026-07-21 15:00:00,5.8,3.7,151.0,5.4,3.7,44.0,24.1,89,0.4,17.0
Pune,18.5204,73.8567,2026-07-21 16:00:00,7.5,4.4,176.0,6.7,3.7,41.0,25.0,80,0.2,21.6
Pune,18.5204,73.8567,2026-07-21 17:00:00,10.4,6.0,191.0,8.9,4.0,39.0,24.5,85,0.3,20.3
Pune,18.5204,73.8567,2026-07-21 18:00:00,8.5,5.1,187.0,8.8,4.2,39.0,23.7,87,0.5,19.9
Pune,18.5204,73.8567,2026-07-21 19:00:00,6.4,4.2,173.0,8.6,4.4,38.0,23.1,92,0.9,19.8
Pune,18.5204,73.8567,2026-07-21 20:00:00,5.6,3.9,160.0,8.3,4.6,38.0,22.8,94,2.0,21.9
Pune,18.5204,73.8567,2026-07-21 21:00:00,5.5,3.8,153.0,7.7,4.7,38.0,22.8,94,1.0,19.5
Pune,18.5204,73.8567,2026-07-21 22:00:00,4.1,3.0,147.0,7.0,4.6,38.0,22.7,94,1.0,18.1
Pune,18.5204,73.8567,2026-07-21 23:00:00,3.0,2.4,139.0,6.3,4.5,38.0,23.4,89,0.5,20.1
Pune,18.5204,73.8567,2026-07-22 00:00:00,2.4,1.8,126.0,5.5,4.2,38.0,22.9,93,0.7,20.4
Pune,18.5204,73.8567,2026-07-22 01:00:00,2.5,1.8,111.0,4.7,3.8,39.0,22.9,93,0.3,18.8
Pune,18.5204,73.8567,2026-07-22 02:00:00,2.5,1.7,101.0,4.1,3.4,39.0,22.6,94,0.6,18.2
Pune,18.5204,73.8567,2026-07-22 03:00:00,1.6,1.3,97.0,3.6,3.1,39.0,22.5,94,1.4,19.8
Pune,18.5204,73.8567,2026-07-22 04:00:00,1.1,1.0,99.0,3.4,2.9,39.0,22.6,94,1.1,22.3
Pune,18.5204,73.8567,2026-07-22 05:00:00,4.3,2.4,106.0,2.9,2.4,41.0,22.2,93,1.2,21.9
Pune,18.5204,73.8567,2026-07-22 06:00:00,4.7,2.5,126.0,4.0,2.8,39.0,22.2,93,0.5,19.9
Pune,18.5204,73.8567,2026-07-22 07:00:00,5.8,3.4,153.0,5.4,3.3,37.0,22.9,90,0.1,20.3
Pune,18.5204,73.8567,2026-07-22 08:00:00,6.7,4.2,168.0,6.4,3.8,36.0,23.3,88,0.1,20.8
Pune,18.5204,73.8567,2026-07-22 09:00:00,7.9,5.3,160.0,6.3,4.1,39.0,23.7,86,0.3,18.6
Pune,18.5204,73.8567,2026-07-22 10:00:00,8.8,5.9,141.0,5.7,4.4,44.0,24.2,84,0.2,20.7
Pune,18.5204,73.8567,2026-07-22 11:00:00,8.6,5.9,126.0,5.4,4.5,47.0,23.7,86,0.2,17.7
Pune,18.5204,73.8567,2026-07-22 12:00:00,6.0,4.0,121.0,5.6,4.3,46.0,24.0,85,1.0,19.4
Pune,18.5204,73.8567,2026-07-22 13:00:00,5.4,3.5,120.0,6.1,4.0,43.0,25.0,76,0.3,24.3
Pune,18.5204,73.8567,2026-07-22 14:00:00,4.8,3.5,124.0,6.5,3.7,41.0,24.8,81,0.3,25.1
Pune,18.5204,73.8567,2026-07-22 15:00:00,3.4,2.8,135.0,6.8,3.5,40.0,25.2,79,0.4,26.6
Pune,18.5204,73.8567,2026-07-22 16:00:00,6.6,3.5,151.0,7.1,3.4,40.0,24.3,83,0.4,24.1
Pune,18.5204,73.8567,2026-07-22 17:00:00,21.1,8.6,160.0,7.3,3.4,39.0,23.2,94,0.3,25.1
Pune,18.5204,73.8567,2026-07-22 18:00:00,16.9,7.6,157.0,6.9,3.4,40.0,23.0,91,0.8,25.0
Pune,18.5204,73.8567,2026-07-22 19:00:00,12.7,6.1,147.0,6.4,3.4,42.0,22.6,90,0.4,24.6
Pune,18.5204,73.8567,2026-07-22 20:00:00,12.2,5.9,138.0,5.8,3.3,44.0,22.5,89,0.2,24.0
Pune,18.5204,73.8567,2026-07-22 21:00:00,9.2,4.8,133.0,5.2,3.1,45.0,22.4,88,0.1,22.1
Pune,18.5204,73.8567,2026-07-22 22:00:00,5.9,3.2,129.0,4.5,2.9,46.0,22.5,88,0.1,21.9
Pune,18.5204,73.8567,2026-07-22 23:00:00,7.5,3.5,125.0,3.9,2.7,48.0,22.5,88,0.1,24.6
Pune,18.5204,73.8567,2026-07-23 00:00:00,7.4,3.4,118.0,3.3,2.5,51.0,22.4,88,0.2,24.9
Pune,18.5204,73.8567,2026-07-23 01:00:00,9.7,4.1,111.0,2.8,2.3,54.0,22.1,87,0.1,24.6
Pune,18.5204,73.8567,2026-07-23 02:00:00,12.8,5.3,106.0,2.5,2.1,56.0,22.0,88,0.3,26.3
Pune,18.5204,73.8567,2026-07-23 03:00:00,16.0,6.7,103.0,2.3,2.0,56.0,21.3,89,0.5,28.2
Pune,18.5204,73.8567,2026-07-23 04:00:00,18.6,7.8,101.0,2.2,1.9,55.0,20.7,89,0.9,28.0
Pune,18.5204,73.8567,2026-07-23 05:00:00,44.6,16.9,104.0,2.4,2.0,57.0,22.0,88,0.7,24.8
Pune,18.5204,73.8567,2026-07-23 06:00:00,36.2,15.3,114.0,3.3,2.2,57.0,22.0,86,0.2,23.3
Pune,18.5204,73.8567,2026-07-23 07:00:00,43.3,18.2,127.0,4.5,2.6,56.0,22.6,87,0.2,25.2
Pune,18.5204,73.8567,2026-07-23 08:00:00,44.2,19.5,137.0,5.5,2.8,54.0,23.1,86,0.3,27.7
Pune,18.5204,73.8567,2026-07-23 09:00:00,35.2,17.0,140.0,6.0,2.9,51.0,23.6,87,0.3,21.4
Pune,18.5204,73.8567,2026-07-23 10:00:00,16.8,9.4,139.0,6.3,2.9,47.0,24.2,85,0.3,24.0
Pune,18.5204,73.8567,2026-07-23 11:00:00,4.5,3.2,139.0,6.4,2.9,43.0,24.7,83,0.3,21.1
Pune,18.5204,73.8567,2026-07-23 12:00:00,1.8,1.7,142.0,6.2,2.8,40.0,25.3,83,0.4,23.6
Pune,18.5204,73.8567,2026-07-23 13:00:00,3.7,2.9,146.0,5.7,2.7,38.0,25.1,83,0.2,22.9
Pune,18.5204,73.8567,2026-07-23 14:00:00,2.6,2.3,150.0,5.4,2.6,37.0,24.6,87,0.6,23.3
Pune,18.5204,73.8567,2026-07-23 15:00:00,2.3,2.0,155.0,5.3,2.4,37.0,24.0,87,1.1,26.0
Pune,18.5204,73.8567,2026-07-23 16:00:00,2.8,1.9,161.0,5.4,2.2,37.0,23.8,88,0.5,22.9
Pune,18.5204,73.8567,2026-07-23 17:00:00,11.3,5.7,162.0,6.7,2.7,34.0,24.1,90,0.4,22.3
Pune,18.5204,73.8567,2026-07-23 18:00:00,7.6,4.3,155.0,6.5,2.7,35.0,23.1,94,2.5,22.1
Pune,18.5204,73.8567,2026-07-23 19:00:00,6.0,3.6,144.0,6.2,2.8,36.0,22.9,94,2.6,24.6
Pune,18.5204,73.8567,2026-07-23 20:00:00,8.1,4.3,135.0,5.9,2.9,37.0,22.7,92,1.6,24.9
Pune,18.5204,73.8567,2026-07-23 21:00:00,7.5,4.0,130.0,5.5,3.0,38.0,22.6,92,0.8,22.3
Pune,18.5204,73.8567,2026-07-23 22:00:00,6.0,3.4,126.0,5.1,3.2,38.0,22.7,91,0.3,22.6
Pune,18.5204,73.8567,2026-07-23 23:00:00,6.4,3.4,121.0,4.6,3.2,39.0,22.9,91,0.1,22.2
Pune,18.5204,73.8567,2026-07-24 00:00:00,6.2,3.1,113.0,4.0,3.0,39.0,23.0,90,0.1,19.7
Pune,18.5204,73.8567,2026-07-24 01:00:00,5.4,2.7,105.0,3.4,2.7,40.0,23.1,89,0.1,20.0
Pune,18.5204,73.8567,2026-07-24 02:00:00,5.2,2.7,99.0,2.9,2.4,40.0,22.9,89,0.2,19.9
Pune,18.5204,73.8567,2026-07-24 03:00:00,4.3,2.3,96.0,2.6,2.3,40.0,22.7,93,0.4,18.1
Pune,18.5204,73.8567,2026-07-24 04:00:00,4.4,2.3,95.0,2.5,2.2,39.0,22.8,91,0.2,18.2
Pune,18.5204,73.8567,2026-07-24 05:00:00,5.6,2.7,101.0,2.4,2.0,38.0,23.0,92,0.2,21.6
Pune,18.5204,73.8567,2026-07-24 06:00:00,4.6,2.3,119.0,3.1,2.3,38.0,22.6,93,1.5,22.2
Pune,18.5204,73.8567,2026-07-24 07:00:00,6.2,3.3,142.0,3.9,2.7,38.0,23.6,90,0.3,21.9
Pune,18.5204,73.8567,2026-07-24 08:00:00,8.3,4.4,157.0,4.3,2.9,39.0,24.2,87,0.4,19.2
Pune,18.5204,73.8567,2026-07-24 09:00:00,5.9,3.1,154.0,3.7,2.8,43.0,25.0,83,0.3,23.5
Pune,18.5204,73.8567,2026-07-24 10:00:00,5.9,3.2,142.0,2.7,2.7,47.0,26.0,77,0.5,28.2
Pune,18.5204,73.8567,2026-07-24 11:00:00,8.2,4.3,132.0,1.9,2.5,51.0,25.7,82,1.3,25.2
Pune,18.5204,73.8567,2026-07-24 12:00:00,10.3,5.0,126.0,1.6,2.5,53.0,26.2,74,1.0,26.9
Pune,18.5204,73.8567,2026-07-24 13:00:00,8.2,3.9,122.0,1.6,2.5,54.0,25.2,82,1.5,25.7
Pune,18.5204,73.8567,2026-07-24 14:00:00,8.1,4.6,122.0,2.0,2.5,53.0,25.8,83,0.8,19.9
Pune,18.5204,73.8567,2026-07-24 15:00:00,7.3,4.0,130.0,2.9,2.6,50.0,25.1,82,1.2,23.8
Pune,18.5204,73.8567,2026-07-24 16:00:00,7.1,4.0,142.0,4.2,2.7,46.0,25.3,83,0.6,25.1
Pune,18.5204,73.8567,2026-07-24 17:00:00,14.0,7.5,150.0,5.1,3.1,41.0,24.7,89,0.3,17.8
Pune,18.5204,73.8567,2026-07-24 18:00:00,12.9,7.3,151.0,5.9,3.4,39.0,23.9,89,0.5,19.6
Pune,18.5204,73.8567,2026-07-24 19:00:00,10.6,6.4,147.0,7.0,3.9,36.0,23.7,89,0.2,20.0
Pune,18.5204,73.8567,2026-07-24 20:00:00,9.7,6.1,143.0,7.6,4.2,34.0,23.3,89,0.1,20.3
Pune,18.5204,73.8567,2026-07-24 21:00:00,8.4,5.5,139.0,7.4,4.3,33.0,23.4,89,0.1,19.6
Pune,18.5204,73.8567,2026-07-24 22:00:00,6.2,4.3,135.0,6.8,4.2,33.0,23.2,89,0.1,18.1
Pune,18.5204,73.8567,2026-07-24 23:00:00,5.2,3.6,129.0,6.2,4.1,33.0,23.1,89,0.1,19.2
Pune,18.5204,73.8567,2026-07-25 00:00:00,4.8,3.2,121.0,5.6,4.0,33.0,22.9,89,0.0,18.8
Pune,18.5204,73.8567,2026-07-25 01:00:00,4.1,2.8,112.0,5.0,3.8,33.0,22.7,89,0.0,17.2
Pune,18.5204,73.8567,2026-07-25 02:00:00,3.1,2.2,105.0,4.5,3.6,33.0,22.5,90,0.2,16.8
Pune,18.5204,73.8567,2026-07-25 03:00:00,3.4,2.4,101.0,4.3,3.4,32.0,22.4,91,0.2,16.3
Pune,18.5204,73.8567,2026-07-25 04:00:00,4.1,2.8,99.0,4.2,3.3,31.0,22.4,91,0.1,18.4
Pune,18.5204,73.8567,2026-07-25 05:00:00,4.5,2.4,104.0,3.6,3.2,35.0,22.9,91,0.1,15.5
Pune,18.5204,73.8567,2026-07-25 06:00:00,4.5,2.5,121.0,4.3,3.5,35.0,23.3,91,0.0,16.4
Pune,18.5204,73.8567,2026-07-25 07:00:00,5.0,3.2,144.0,5.3,3.9,35.0,24.1,88,0.1,14.2
Pune,18.5204,73.8567,2026-07-25 08:00:00,3.8,2.9,157.0,5.6,4.1,36.0,24.6,85,0.3,15.2
Pune,18.5204,73.8567,2026-07-25 09:00:00,5.6,3.5,152.0,4.7,3.8,40.0,24.8,85,0.3,15.2
Pune,18.5204,73.8567,2026-07-25 10:00:00,8.0,3.5,137.0,3.2,3.3,47.0,25.8,81,0.2,18.8
Pune,18.5204,73.8567,2026-07-25 11:00:00,11.3,4.4,126.0,2.1,2.9,51.0,26.8,74,0.2,23.4
Pune,18.5204,73.8567,2026-07-25 12:00:00,10.2,4.5,123.0,1.7,2.7,53.0,27.6,70,0.2,22.9
Pune,18.5204,73.8567,2026-07-25 13:00:00,11.9,5.4,122.0,1.7,2.7,53.0,27.3,69,0.6,21.4
Pune,18.5204,73.8567,2026-07-25 14:00:00,10.6,4.8,124.0,2.0,2.7,52.0,27.0,73,0.3,20.8
Pune,18.5204,73.8567,2026-07-25 15:00:00,10.3,5.1,127.0,2.7,2.9,52.0,26.6,76,0.3,21.7
Pune,18.5204,73.8567,2026-07-25 16:00:00,11.2,6.4,132.0,3.7,3.1,51.0,26.2,78,0.3,19.2
Pune,18.5204,73.8567,2026-07-25 17:00:00,23.4,12.0,139.0,3.9,3.3,48.0,25.6,81,0.3,17.7
Pune,18.5204,73.8567,2026-07-25 18:00:00,24.1,12.3,150.0,6.6,4.0,42.0,24.5,82,0.2,15.7
Pune,18.5204,73.8567,2026-07-25 19:00:00,22.1,11.3,162.0,10.2,4.9,34.0,23.8,88,0.1,13.1
Pune,18.5204,73.8567,2026-07-25 20:00:00,14.7,8.8,170.0,12.5,5.6,28.0,23.3,89,0.1,12.6
Pune,18.5204,73.8567,2026-07-25 21:00:00,7.6,5.3,170.0,12.4,5.9,27.0,22.7,95,1.0,8.5
Pune,18.5204,73.8567,2026-07-25 22:00:00,4.6,3.6,165.0,11.0,6.0,28.0,22.9,94,0.1,11.1
Pune,18.5204,73.8567,2026-07-25 23:00:00,3.7,3.0,156.0,9.6,5.9,30.0,22.9,91,0.0,13.3
Pune,18.5204,73.8567,2026-07-26 00:00:00,3.1,2.5,142.0,8.5,5.6,31.0,22.7,92,0.1,10.9
Pune,18.5204,73.8567,2026-07-26 01:00:00,2.7,2.2,125.0,7.4,5.2,32.0,22.7,92,0.0,12.9
Pune,18.5204,73.8567,2026-07-26 02:00:00,2.3,1.9,112.0,6.4,4.8,33.0,22.9,90,0.0,14.4
Pune,18.5204,73.8567,2026-07-26 03:00:00,2.5,1.7,108.0,5.7,4.5,34.0,22.6,90,0.0,13.9
Pune,18.5204,73.8567,2026-07-26 04:00:00,3.0,1.9,108.0,5.1,4.2,36.0,22.5,92,0.0,11.4
Pune,18.5204,73.8567,2026-07-26 05:00:00,5.7,3.1,112.0,4.5,3.9,41.0,22.9,94,0.1,12.0
Pune,18.5204,73.8567,2026-07-26 06:00:00,4.6,3.0,121.0,4.5,4.1,42.0,22.8,94,0.1,14.6
Pune,18.5204,73.8567,2026-07-26 07:00:00,5.6,3.6,134.0,4.4,4.5,43.0,23.3,89,0.0,14.3
Pune,18.5204,73.8567,2026-07-26 08:00:00,9.9,5.0,141.0,4.1,4.6,46.0,24.2,84,0.0,14.9
Pune,18.5204,73.8567,2026-07-26 09:00:00,20.5,9.1,137.0,3.4,4.4,50.0,25.4,79,0.1,17.3
Pune,18.5204,73.8567,2026-07-26 10:00:00,23.7,10.2,128.0,2.4,4.0,56.0,26.5,75,0.2,16.1
Pune,18.5204,73.8567,2026-07-26 11:00:00,22.1,9.3,120.0,1.7,3.7,60.0,26.2,79,0.2,17.7
Pune,18.5204,73.8567,2026-07-26 12:00:00,24.7,9.2,116.0,1.5,3.5,63.0,27.2,69,0.2,19.1
Pune,18.5204,73.8567,2026-07-26 13:00:00,21.5,8.9,113.0,1.5,3.4,65.0,27.1,73,0.5,19.2
Pune,18.5204,73.8567,2026-07-26 14:00:00,17.6,8.6,113.0,1.9,3.3,65.0,27.8,65,0.2,22.7
Pune,18.5204,73.8567,2026-07-26 15:00:00,13.9,7.2,117.0,2.6,3.2,62.0,26.6,76,0.3,20.4
Pune,18.5204,73.8567,2026-07-26 16:00:00,13.6,7.2,123.0,3.6,3.3,58.0,26.1,77,0.1,20.4
Pune,18.5204,73.8567,2026-07-26 17:00:00,21.6,10.9,131.0,2.8,3.3,54.0,25.0,82,0.2,17.2
Pune,18.5204,73.8567,2026-07-26 18:00:00,20.4,11.0,141.0,4.7,4.1,49.0,24.4,86,0.1,15.3
Pune,18.5204,73.8567,2026-07-26 19:00:00,15.8,9.2,152.0,7.2,5.1,42.0,23.8,88,0.0,13.5
Pune,18.5204,73.8567,2026-07-26 20:00:00,11.4,7.7,159.0,9.0,5.9,37.0,23.8,87,0.0,13.5
Pune,18.5204,73.8567,2026-07-26 21:00:00,7.6,5.9,159.0,9.4,6.2,35.0,23.4,88,0.0,13.9
Pune,18.5204,73.8567,2026-07-26 22:00:00,5.6,4.7,155.0,9.0,6.2,35.0,23.3,89,0.0,11.1
Pune,18.5204,73.8567,2026-07-26 23:00:00,4.9,4.0,149.0,8.4,6.1,35.0,23.7,87,0.0,12.4
Pune,18.5204,73.8567,2026-07-27 00:00:00,3.8,3.0,139.0,7.5,5.8,36.0,23.3,89,0.0,11.8
Pune,18.5204,73.8567,2026-07-27 01:00:00,3.1,2.3,126.0,6.4,5.4,38.0,23.2,90,0.0,10.7
Pune,18.5204,73.8567,2026-07-27 02:00:00,2.9,2.2,116.0,5.5,5.0,39.0,22.9,91,0.0,10.2
Pune,18.5204,73.8567,2026-07-27 03:00:00,2.6,1.8,111.0,5.1,4.8,39.0,22.8,90,0.0,10.2
Pune,18.5204,73.8567,2026-07-27 04:00:00,2.7,1.8,109.0,4.9,4.6,39.0,22.8,89,0.0,11.8
Pune,18.5204,73.8567,2026-07-27 05:00:00,2.0,1.6,113.0,3.9,3.9,44.0,23.5,90,0.0,12.9
Pune,18.5204,73.8567,2026-07-27 06:00:00,3.5,2.4,130.0,4.3,4.2,45.0,23.4,91,0.1,12.3
Pune,18.5204,73.8567,2026-07-27 07:00:00,5.4,3.2,154.0,4.8,4.6,46.0,23.9,89,0.1,12.6
Pune,18.5204,73.8567,2026-07-27 08:00:00,6.3,3.3,167.0,4.9,4.7,48.0,24.4,86,0.1,14.8
Pune,18.5204,73.8567,2026-07-27 09:00:00,8.3,3.6,160.0,4.1,4.3,51.0,25.6,81,0.2,18.9
Pune,18.5204,73.8567,2026-07-27 10:00:00,10.3,4.3,142.0,3.0,3.7,56.0,26.8,77,0.1,18.1
Pune,18.5204,73.8567,2026-07-27 11:00:00,12.4,4.8,129.0,2.2,3.2,59.0,25.7,83,2.1,17.3
Pune,18.5204,73.8567,2026-07-27 12:00:00,10.6,4.4,126.0,2.1,3.1,61.0,25.8,82,2.5,18.2
Pune,18.5204,73.8567,2026-07-27 13:00:00,13.1,6.2,127.0,2.5,3.3,63.0,25.1,83,2.7,20.7
Pune,18.5204,73.8567,2026-07-27 14:00:00,10.7,5.5,131.0,2.9,3.4,63.0,26.2,77,0.3,18.5
Pune,18.5204,73.8567,2026-07-27 15:00:00,7.1,4.0,136.0,3.2,3.4,61.0,26.1,79,0.2,18.6
Pune,18.5204,73.8567,2026-07-27 16:00:00,7.9,3.7,144.0,3.6,3.4,57.0,25.2,81,0.6,19.9
Pune,18.5204,73.8567,2026-07-27 17:00:00,18.3,7.8,152.0,4.3,3.7,53.0,25.0,86,0.1,16.1
Pune,18.5204,73.8567,2026-07-27 18:00:00,16.5,8.3,163.0,6.3,4.4,49.0,24.1,88,0.1,13.1
Pune,18.5204,73.8567,2026-07-27 19:00:00,15.0,8.4,176.0,8.9,5.3,43.0,23.6,90,0.2,14.3
Pune,18.5204,73.8567,2026-07-27 20:00:00,13.2,7.9,183.0,10.8,6.0,38.0,23.3,92,0.2,10.0
Pune,18.5204,73.8567,2026-07-27 21:00:00,11.4,7.0,182.0,11.2,6.5,36.0,23.4,93,0.1,9.5
Pune,18.5204,73.8567,2026-07-27 22:00:00,9.8,6.2,176.0,10.8,6.8,36.0,23.2,94,0.0,8.9
Pune,18.5204,73.8567,2026-07-27 23:00:00,9.9,6.0,166.0,10.1,6.8,36.0,23.1,94,0.0,10.4
Pune,18.5204,73.8567,2026-07-28 00:00:00,9.3,5.1,151.0,9.1,6.4,36.0,23.0,95,0.7,13.0
Pune,18.5204,73.8567,2026-07-28 01:00:00,8.5,4.6,133.0,7.7,5.9,37.0,22.7,95,0.2,11.9
Pune,18.5204,73.8567,2026-07-28 02:00:00,7.2,4.1,120.0,6.6,5.4,38.0,22.4,95,0.0,11.9
Pune,18.5204,73.8567,2026-07-28 03:00:00,5.6,2.9,113.0,6.0,5.3,38.0,22.3,95,0.0,11.1
Pune,18.5204,73.8567,2026-07-28 04:00:00,4.5,2.6,111.0,5.7,5.3,38.0,22.4,95,0.1,12.0
Pune,18.5204,73.8567,2026-07-28 05:00:00,5.4,3.2,115.0,5.4,4.8,41.0,23.1,95,0.4,14.9
Pune,18.5204,73.8567,2026-07-28 06:00:00,4.6,3.0,131.0,5.4,4.7,42.0,23.1,94,0.2,16.4
Pune,18.5204,73.8567,2026-07-28 07:00:00,4.5,2.8,154.0,5.3,4.6,42.0,23.9,92,0.0,14.7
Pune,18.5204,73.8567,2026-07-28 08:00:00,5.9,3.2,166.0,5.0,4.5,45.0,24.7,86,0.0,16.6
Pune,18.5204,73.8567,2026-07-28 09:00:00,10.4,4.5,157.0,4.2,4.4,50.0,25.8,80,0.0,18.3
Pune,18.5204,73.8567,2026-07-28 10:00:00,18.3,7.2,138.0,3.2,4.4,58.0,26.4,77,0.2,19.1
Pune,18.5204,73.8567,2026-07-28 11:00:00,24.4,9.1,127.0,2.4,4.3,63.0,27.2,73,0.2,19.3
Pune,18.5204,73.8567,2026-07-28 12:00:00,26.1,9.7,133.0,2.1,4.1,66.0,27.1,68,0.1,20.8
Pune,18.5204,73.8567,2026-07-28 13:00:00,24.3,8.7,147.0,2.0,3.9,68.0,26.1,79,1.0,19.6
Pune,18.5204,73.8567,2026-07-28 14:00:00,20.4,8.6,156.0,2.3,3.8,67.0,26.7,80,0.7,20.0
Pune,18.5204,73.8567,2026-07-28 15:00:00,16.2,7.9,153.0,3.0,3.7,62.0,26.3,72,0.4,22.9
Pune,18.5204,73.8567,2026-07-28 16:00:00,10.8,5.8,147.0,4.1,3.7,55.0,25.6,79,0.3,20.2
Pune,18.5204,73.8567,2026-07-28 17:00:00,19.5,9.7,145.0,4.8,4.0,51.0,24.7,85,0.3,18.4
Pune,18.5204,73.8567,2026-07-28 18:00:00,19.2,10.2,156.0,6.8,4.6,46.0,24.5,88,0.2,15.6
Pune,18.5204,73.8567,2026-07-28 19:00:00,18.9,10.2,173.0,9.6,5.5,38.0,23.9,88,0.0,15.4
Pune,18.5204,73.8567,2026-07-28 20:00:00,18.9,10.1,183.0,11.3,6.1,33.0,23.6,90,0.0,14.6
Pune,18.5204,73.8567,2026-07-28 21:00:00,18.2,9.5,181.0,11.1,6.3,32.0,23.5,90,0.0,14.2
Pune,18.5204,73.8567,2026-07-28 22:00:00,15.8,8.4,171.0,10.0,6.3,34.0,23.6,90,0.0,14.1
Pune,18.5204,73.8567,2026-07-28 23:00:00,11.8,6.5,159.0,8.8,6.2,35.0,23.8,89,0.0,16.3
Pune,18.5204,73.8567,2026-07-29 00:00:00,7.2,4.3,143.0,8.0,6.1,35.0,23.6,91,0.1,13.5
Pune,18.5204,73.8567,2026-07-29 01:00:00,4.8,3.3,124.0,7.2,5.8,35.0,23.6,90,0.0,15.4
Pune,18.5204,73.8567,2026-07-29 02:00:00,4.5,2.9,110.0,6.5,5.6,35.0,23.3,91,0.0,15.0
Pune,18.5204,73.8567,2026-07-29 03:00:00,5.0,3.0,103.0,6.0,5.4,35.0,23.4,90,0.0,17.6
Pune,18.5204,73.8567,2026-07-29 04:00:00,4.4,2.8,102.0,5.6,5.1,35.0,23.5,90,0.0,15.0
Pune,18.5204,73.8567,2026-07-29 05:00:00,6.2,3.0,109.0,5.4,4.7,36.0,23.8,89,0.0,17.0
Pune,18.5204,73.8567,2026-07-29 06:00:00,4.8,2.6,132.0,5.8,4.9,36.0,23.7,90,0.0,16.8
Pune,18.5204,73.8567,2026-07-29 07:00:00,4.6,3.0,164.0,6.4,5.1,36.0,23.9,90,0.2,14.6
Pune,18.5204,73.8567,2026-07-29 08:00:00,5.9,3.4,182.0,6.4,5.2,39.0,24.1,90,0.3,16.2
Pune,18.5204,73.8567,2026-07-29 09:00:00,13.4,5.5,173.0,5.3,4.9,46.0,25.8,81,0.5,21.7
Pune,18.5204,73.8567,2026-07-29 10:00:00,20.6,8.2,150.0,3.7,4.5,55.0,26.5,78,0.2,24.5
Pune,18.5204,73.8567,2026-07-29 11:00:00,22.6,9.7,134.0,2.5,4.1,62.0,25.6,79,0.3,24.4
Pune,18.5204,73.8567,2026-07-29 12:00:00,19.4,7.9,131.0,2.1,3.7,63.0,26.4,77,0.5,22.3
Pune,18.5204,73.8567,2026-07-29 13:00:00,20.0,8.5,134.0,2.1,3.4,62.0,26.7,74,0.7,25.1
Pune,18.5204,73.8567,2026-07-29 14:00:00,19.2,7.9,140.0,2.4,3.2,60.0,26.0,79,0.7,25.8
Pune,18.5204,73.8567,2026-07-29 15:00:00,18.9,8.2,151.0,3.1,3.2,57.0,25.8,78,0.1,23.1
Pune,18.5204,73.8567,2026-07-29 16:00:00,21.7,10.4,164.0,4.1,3.3,54.0,25.1,84,0.2,22.3
Pune,18.5204,73.8567,2026-07-29 17:00:00,29.3,13.6,173.0,5.6,3.9,52.0,24.9,86,0.1,15.5
Pune,18.5204,73.8567,2026-07-29 18:00:00,21.7,10.8,173.0,7.4,4.4,47.0,24.4,88,0.1,19.0
Pune,18.5204,73.8567,2026-07-29 19:00:00,17.6,10.1,169.0,9.9,5.2,41.0,23.9,88,0.1,17.5
Pune,18.5204,73.8567,2026-07-29 20:00:00,14.4,9.1,163.0,11.6,5.8,36.0,23.8,90,0.0,18.0
Pune,18.5204,73.8567,2026-07-29 21:00:00,9.2,6.5,155.0,11.7,6.1,35.0,23.9,89,0.0,18.0
Pune,18.5204,73.8567,2026-07-29 22:00:00,8.8,6.2,145.0,10.9,6.4,35.0,24.0,90,0.0,18.0
Pune,18.5204,73.8567,2026-07-29 23:00:00,7.2,5.1,136.0,10.0,6.4,36.0,23.7,89,0.0,17.1
Pune,18.5204,73.8567,2026-07-30 00:00:00,5.9,4.2,127.0,9.0,6.2,36.0,23.7,90,0.1,18.8
Pune,18.5204,73.8567,2026-07-30 01:00:00,4.5,3.3,117.0,7.9,5.9,37.0,23.6,90,0.0,18.4
Pune,18.5204,73.8567,2026-07-30 02:00:00,3.4,2.6,111.0,7.0,5.6,37.0,23.4,91,0.0,16.1
Pune,18.5204,73.8567,2026-07-30 03:00:00,3.2,2.4,107.0,6.5,5.5,37.0,23.4,91,0.1,15.5
Pune,18.5204,73.8567,2026-07-30 04:00:00,3.4,2.4,105.0,6.2,5.4,37.0,23.5,90,0.0,16.2
Pune,18.5204,73.8567,2026-07-30 05:00:00,4.9,2.5,110.0,4.6,4.6,43.0,23.9,90,0.0,17.9
Pune,18.5204,73.8567,2026-07-30 06:00:00,5.2,3.0,129.0,6.5,4.9,41.0,23.7,90,0.0,17.5
Pune,18.5204,73.8567,2026-07-30 07:00:00,7.3,3.9,156.0,9.1,5.4,38.0,24.2,89,0.1,16.7
Pune,18.5204,73.8567,2026-07-30 08:00:00,8.4,5.0,173.0,10.6,5.8,37.0,24.9,85,0.0,18.6
Pune,18.5204,73.8567,2026-07-30 09:00:00,8.2,4.8,172.0,10.1,6.2,40.0,25.2,84,0.0,21.3
Pune,18.5204,73.8567,2026-07-30 10:00:00,7.5,4.9,161.0,8.6,6.5,44.0,25.6,83,0.1,20.5
Pune,18.5204,73.8567,2026-07-30 11:00:00,6.7,4.2,153.0,7.2,6.6,48.0,25.5,84,0.4,20.3
Pune,18.5204,73.8567,2026-07-30 12:00:00,6.5,3.7,152.0,5.9,6.2,51.0,25.6,82,0.2,20.7
Pune,18.5204,73.8567,2026-07-30 13:00:00,6.8,3.5,155.0,4.7,5.5,54.0,26.1,81,0.3,22.3
Pune,18.5204,73.8567,2026-07-30 14:00:00,7.9,4.1,158.0,4.3,5.0,55.0,26.1,81,0.2,23.8
Pune,18.5204,73.8567,2026-07-30 15:00:00,12.9,6.2,163.0,5.5,4.9,52.0,25.7,82,0.1,23.3
Pune,18.5204,73.8567,2026-07-30 16:00:00,12.8,6.7,170.0,7.5,5.0,46.0,25.3,85,0.2,22.0
Pune,18.5204,73.8567,2026-07-30 17:00:00,16.4,8.5,174.0,9.6,5.7,44.0,24.9,87,0.2,20.2
Pune,18.5204,73.8567,2026-07-30 18:00:00,14.8,8.3,176.0,9.7,6.0,43.0,23.8,93,1.3,22.6
Pune,18.5204,73.8567,2026-07-30 19:00:00,9.3,5.9,176.0,9.8,6.4,43.0,23.2,95,1.1,21.1
Pune,18.5204,73.8567,2026-07-30 20:00:00,6.4,4.4,172.0,9.6,6.5,42.0,23.2,95,0.5,20.1
Pune,18.5204,73.8567,2026-07-30 21:00:00,6.3,4.3,164.0,8.9,6.1,42.0,23.2,94,0.3,19.9
Pune,18.5204,73.8567,2026-07-30 22:00:00,6.5,4.4,152.0,7.9,5.5,42.0,23.2,94,0.3,19.0
Pune,18.5204,73.8567,2026-07-30 23:00:00,5.7,3.7,140.0,6.9,5.0,42.0,23.3,94,0.3,20.2
Pune,18.5204,73.8567,2026-07-31 00:00:00,4.2,2.7,128.0,6.0,4.7,42.0,23.0,95,0.5,18.9
Pune,18.5204,73.8567,2026-07-31 01:00:00,2.6,1.8,116.0,5.2,4.6,43.0,22.9,95,0.5,21.1
Pune,18.5204,73.8567,2026-07-31 02:00:00,2.1,1.4,108.0,4.6,4.5,43.0,22.7,95,1.3,19.6
Pune,18.5204,73.8567,2026-07-31 03:00:00,1.4,1.1,101.0,4.1,4.4,43.0,22.6,95,0.8,18.6
Pune,18.5204,73.8567,2026-07-31 04:00:00,1.5,1.1,98.0,3.8,4.4,43.0,22.7,95,1.1,19.4
Pune,18.5204,73.8567,2026-07-31 05:00:00,1.3,1.2,106.0,3.6,3.6,48.0,23.0,96,1.8,20.0
Pune,18.5204,73.8567,2026-07-31 06:00:00,2.1,1.6,138.0,5.1,4.2,47.0,23.0,95,0.5,18.9
Pune,18.5204,73.8567,2026-07-31 07:00:00,3.8,2.6,180.0,7.2,5.0,45.0,23.3,95,0.9,17.0
Pune,18.5204,73.8567,2026-07-31 08:00:00,5.2,3.4,206.0,8.6,5.6,43.0,23.6,94,0.9,18.0
Pune,18.5204,73.8567,2026-07-31 09:00:00,5.6,4.1,197.0,8.7,5.7,41.0,24.0,94,0.7,18.8
Pune,18.5204,73.8567,2026-07-31 10:00:00,5.1,3.4,170.0,8.1,5.6,39.0,25.1,89,0.2,19.2
Pune,18.5204,73.8567,2026-07-31 11:00:00,5.4,4.0,151.0,7.4,5.4,39.0,24.2,90,0.2,17.9
Pune,18.5204,73.8567,2026-07-31 12:00:00,6.1,3.7,151.0,6.5,5.1,41.0,23.9,94,2.4,18.1
Pune,18.5204,73.8567,2026-07-31 13:00:00,8.7,4.9,159.0,5.4,4.8,44.0,24.2,94,3.1,20.8
Pune,18.5204,73.8567,2026-07-31 14:00:00,9.1,5.2,164.0,4.9,4.5,46.0,24.7,92,0.5,18.9
Pune,18.5204,73.8567,2026-07-31 15:00:00,10.7,5.6,161.0,5.4,4.4,45.0,24.1,89,0.6,18.5
Pune,18.5204,73.8567,2026-07-31 16:00:00,13.1,6.6,155.0,6.4,4.3,42.0,24.4,90,0.5,18.3
Pune,18.5204,73.8567,2026-07-31 17:00:00,10.8,6.7,150.0,9.7,5.1,37.0,24.0,90,0.6,19.0
Pune,18.5204,73.8567,2026-07-31 18:00:00,6.9,4.7,149.0,9.4,5.1,36.0,23.7,89,0.1,19.4
Pune,18.5204,73.8567,2026-07-31 19:00:00,6.5,4.2,149.0,8.9,5.2,34.0,23.8,89,0.1,17.9
Pune,18.5204,73.8567,2026-07-31 20:00:00,5.3,3.4,147.0,8.6,5.2,33.0,23.9,88,0.0,18.3
Pune,18.5204,73.8567,2026-07-31 21:00:00,5.4,3.6,141.0,8.6,5.3,32.0,23.5,91,0.0,16.3
Pune,18.5204,73.8567,2026-07-31 22:00:00,5.7,3.9,133.0,8.8,5.4,30.0,23.8,90,0.0,17.6
Pune,18.5204,73.8567,2026-07-31 23:00:00,5.7,3.7,125.0,8.6,5.4,30.0,23.4,90,0.0,16.8
Pune,18.5204,73.8567,2026-08-01 00:00:00,3.4,2.3,117.0,7.8,5.1,31.0,23.4,89,0.0,16.7
Pune,18.5204,73.8567,2026-08-01 01:00:00,2.3,1.8,108.0,6.6,4.7,33.0,23.1,90,0.1,17.7
Pune,18.5204,73.8567,2026-08-01 02:00:00,2.1,1.6,102.0,5.7,4.3,34.0,23.3,90,0.0,19.2
Pune,18.5204,73.8567,2026-08-01 03:00:00,1.7,1.4,99.0,5.3,4.1,34.0,23.0,90,0.1,17.8
Pune,18.5204,73.8567,2026-08-01 04:00:00,2.1,1.5,98.0,5.2,4.1,33.0,23.0,91,0.1,18.6
Pune,18.5204,73.8567,2026-08-01 05:00:00,4.5,2.3,102.0,4.1,4.1,42.0,23.3,90,0.0,18.8
Pune,18.5204,73.8567,2026-08-01 06:00:00,6.0,2.8,117.0,4.7,4.0,40.0,23.4,91,0.1,20.7
Pune,18.5204,73.8567,2026-08-01 07:00:00,6.1,3.5,137.0,5.5,3.9,37.0,23.7,89,0.2,20.9
Pune,18.5204,73.8567,2026-08-01 08:00:00,11.7,5.7,150.0,5.7,3.8,37.0,24.7,83,0.1,23.7
Pune,18.5204,73.8567,2026-08-01 09:00:00,15.1,7.0,147.0,4.7,3.7,42.0,25.5,79,0.1,25.2
Pune,18.5204,73.8567,2026-08-01 10:00:00,17.8,8.2,135.0,3.2,3.5,51.0,26.4,74,0.2,25.6
Pune,18.5204,73.8567,2026-08-01 11:00:00,18.6,7.3,127.0,2.1,3.4,57.0,27.1,72,0.4,26.4
Pune,18.5204,73.8567,2026-08-01 12:00:00,18.5,7.0,125.0,1.7,3.3,60.0,26.6,73,0.5,26.8
Pune,18.5204,73.8567,2026-08-01 13:00:00,16.4,6.5,126.0,1.8,3.1,61.0,26.3,76,0.7,25.0
Pune,18.5204,73.8567,2026-08-01 14:00:00,18.1,8.1,130.0,2.2,3.1,61.0,26.2,78,0.7,26.2
Pune,18.5204,73.8567,2026-08-01 15:00:00,14.5,6.8,138.0,3.0,3.1,59.0,26.0,78,0.2,25.6
Pune,18.5204,73.8567,2026-08-01 16:00:00,13.5,6.3,147.0,4.1,3.3,54.0,25.5,81,0.1,22.1
Pune,18.5204,73.8567,2026-08-01 17:00:00,16.9,8.0,155.0,6.4,3.7,44.0,24.9,85,0.1,20.0
Pune,18.5204,73.8567,2026-08-01 18:00:00,13.9,6.5,159.0,7.6,4.0,41.0,24.3,87,0.1,17.5
Pune,18.5204,73.8567,2026-08-01 19:00:00,14.8,7.6,161.0,9.2,4.5,36.0,24.0,87,0.1,20.4
Pune,18.5204,73.8567,2026-08-01 20:00:00,12.8,7.3,158.0,10.2,4.8,33.0,23.2,86,0.0,20.0
Pune,18.5204,73.8567,2026-08-01 21:00:00,9.6,6.0,148.0,9.9,4.9,32.0,22.8,89,0.5,16.2
Pune,18.5204,73.8567,2026-08-01 22:00:00,8.3,5.4,133.0,8.9,4.8,32.0,23.1,91,0.2,15.7
Pune,18.5204,73.8567,2026-08-01 23:00:00,7.0,4.2,120.0,7.9,4.7,33.0,23.4,90,0.0,15.9
Pune,18.5204,73.8567,2026-08-02 00:00:00,5.4,3.2,111.0,7.0,4.5,33.0,23.3,92,0.0,15.7
Pune,18.5204,73.8567,2026-08-02 01:00:00,4.6,2.7,104.0,6.1,4.2,34.0,23.4,91,0.1,17.3
Pune,18.5204,73.8567,2026-08-02 02:00:00,4.1,2.5,100.0,5.3,4.0,35.0,23.5,89,0.1,19.1
Pune,18.5204,73.8567,2026-08-02 03:00:00,3.1,2.0,98.0,4.7,3.8,36.0,23.2,91,0.0,16.7
Pune,18.5204,73.8567,2026-08-02 04:00:00,2.3,1.6,97.0,4.4,3.7,37.0,23.0,90,0.0,15.9
Pune,18.5204,73.8567,2026-08-02 05:00:00,4.7,2.4,101.0,4.0,3.4,36.0,23.1,93,0.0,16.2
Pune,18.5204,73.8567,2026-08-02 06:00:00,4.1,2.3,112.0,4.1,3.7,36.0,23.2,92,0.0,15.9
Pune,18.5204,73.8567,2026-08-02 07:00:00,3.9,2.7,127.0,4.3,4.0,36.0,23.9,90,0.0,15.6
Pune,18.5204,73.8567,2026-08-02 08:00:00,5.1,3.2,135.0,4.2,4.2,38.0,24.5,86,0.1,18.1
Pune,18.5204,73.8567,2026-08-02 09:00:00,9.7,4.9,131.0,3.5,3.9,42.0,25.6,81,0.1,20.2
Pune,18.5204,73.8567,2026-08-02 10:00:00,12.5,5.8,121.0,2.5,3.5,48.0,26.2,79,0.1,21.0
Pune,18.5204,73.8567,2026-08-02 11:00:00,14.3,5.9,114.0,1.8,3.2,53.0,26.0,81,0.3,20.4
Pune,18.5204,73.8567,2026-08-02 12:00:00,15.8,6.3,112.0,1.6,3.2,58.0,25.8,79,0.2,22.4
Pune,18.5204,73.8567,2026-08-02 13:00:00,13.1,6.0,113.0,1.7,3.4,61.0,26.1,77,0.2,20.0
Pune,18.5204,73.8567,2026-08-02 14:00:00,12.1,6.5,116.0,1.9,3.6,63.0,27.2,70,0.1,21.0
Pune,18.5204,73.8567,2026-08-02 15:00:00,13.0,6.8,120.0,2.1,3.6,61.0,26.0,77,0.6,19.8
Pune,18.5204,73.8567,2026-08-02 16:00:00,9.9,5.2,126.0,2.5,3.5,56.0,25.9,78,0.2,22.1
Pune,18.5204,73.8567,2026-08-02 17:00:00,25.8,12.0,133.0,4.4,4.0,50.0,25.4,83,0.3,17.9
Pune,18.5204,73.8567,2026-08-02 18:00:00,22.2,10.8,141.0,5.6,4.4,46.0,24.5,87,0.1,14.2
Pune,18.5204,73.8567,2026-08-02 19:00:00,22.2,11.1,150.0,7.3,4.9,39.0,24.2,87,0.0,17.5
Pune,18.5204,73.8567,2026-08-02 20:00:00,23.3,11.6,154.0,8.3,5.3,35.0,23.7,88,0.0,15.9
Pune,18.5204,73.8567,2026-08-02 21:00:00,23.2,11.5,151.0,8.2,5.4,34.0,23.8,88,0.0,14.0
Pune,18.5204,73.8567,2026-08-02 22:00:00,17.2,8.9,145.0,7.5,5.4,34.0,23.8,89,0.1,14.5
Pune,18.5204,73.8567,2026-08-02 23:00:00,13.2,7.0,138.0,6.8,5.3,35.0,23.9,90,0.0,14.1
Pune,18.5204,73.8567,2026-08-03 00:00:00,9.3,4.9,132.0,6.1,5.1,36.0,23.6,90,0.1,14.6
Pune,18.5204,73.8567,2026-08-03 01:00:00,7.3,3.9,126.0,5.3,4.8,37.0,23.6,89,0.0,14.5
Pune,18.5204,73.8567,2026-08-03 02:00:00,5.8,3.1,121.0,4.8,4.6,38.0,23.4,90,0.0,13.9
Pune,18.5204,73.8567,2026-08-03 03:00:00,4.9,2.7,113.0,4.8,4.7,37.0,23.4,89,0.0,15.1
Pune,18.5204,73.8567,2026-08-03 04:00:00,3.9,2.5,107.0,5.1,4.9,35.0,23.4,90,0.0,13.7
Pune,18.5204,73.8567,2026-08-03 05:00:00,3.1,2.1,112.0,4.8,4.3,38.0,23.5,91,0.1,15.9
Pune,18.5204,73.8567,2026-08-03 06:00:00,3.8,2.5,144.0,5.3,4.4,40.0,23.2,92,0.2,15.3
Pune,18.5204,73.8567,2026-08-03 07:00:00,5.0,3.3,187.0,5.9,4.6,42.0,23.7,91,0.3,13.2
Pune,18.5204,73.8567,2026-08-03 08:00:00,5.4,3.7,212.0,6.0,4.6,45.0,24.3,89,0.4,15.9
Pune,18.5204,73.8567,2026-08-03 09:00:00,5.4,3.5,198.0,5.1,4.3,49.0,25.4,81,0.1,19.9
Pune,18.5204,73.8567,2026-08-03 10:00:00,8.7,3.9,164.0,3.6,3.8,53.0,25.8,79,0.1,17.7
Pune,18.5204,73.8567,2026-08-03 11:00:00,16.1,6.3,139.0,2.6,3.5,57.0,24.7,85,0.3,14.5
Pune,18.5204,73.8567,2026-08-03 12:00:00,18.8,7.6,135.0,2.2,3.5,62.0,24.5,90,2.0,15.5
Pune,18.5204,73.8567,2026-08-03 13:00:00,19.9,9.0,140.0,2.2,3.7,67.0,24.2,91,2.1,15.9
Pune,18.5204,73.8567,2026-08-03 14:00:00,21.1,10.0,144.0,2.7,4.0,69.0,24.1,91,1.6,15.9
Pune,18.5204,73.8567,2026-08-03 15:00:00,15.5,7.9,144.0,3.9,4.2,66.0,24.4,88,1.1,15.5
Pune,18.5204,73.8567,2026-08-03 16:00:00,16.4,8.8,143.0,5.5,4.5,60.0,24.2,89,1.7,16.6
Pune,18.5204,73.8567,2026-08-03 17:00:00,25.4,11.7,147.0,4.9,4.5,56.0,25.4,80,1.2,18.4
Pune,18.5204,73.8567,2026-08-03 18:00:00,25.4,12.3,160.0,6.9,5.2,50.0,24.6,85,0.1,14.7
Pune,18.5204,73.8567,2026-08-03 19:00:00,21.2,11.7,178.0,9.6,6.2,43.0,23.9,88,0.0,12.7
Pune,18.5204,73.8567,2026-08-03 20:00:00,17.9,10.7,187.0,11.5,6.9,37.0,23.6,89,0.0,12.5
Pune,18.5204,73.8567,2026-08-03 21:00:00,13.4,8.9,181.0,11.9,7.3,34.0,23.4,90,0.0,11.2
Pune,18.5204,73.8567,2026-08-03 22:00:00,9.8,7.2,167.0,11.4,7.4,34.0,23.2,91,0.0,9.8
Pune,18.5204,73.8567,2026-08-03 23:00:00,7.7,5.7,153.0,10.5,7.3,34.0,23.5,89,0.0,11.4
Pune,18.5204,73.8567,2026-08-04 00:00:00,5.2,3.9,139.0,9.1,6.8,36.0,23.4,90,0.1,9.2
Pune,18.5204,73.8567,2026-08-04 01:00:00,4.9,3.2,125.0,7.2,5.9,39.0,23.5,90,0.0,11.3
Pune,18.5204,73.8567,2026-08-04 02:00:00,4.9,3.1,116.0,5.8,5.3,41.0,23.3,91,0.1,11.7
Pune,18.5204,73.8567,2026-08-04 03:00:00,4.9,3.1,112.0,5.1,5.0,42.0,23.1,90,0.0,11.9
Pune,18.5204,73.8567,2026-08-04 04:00:00,4.7,3.0,112.0,4.8,4.9,42.0,23.0,90,0.0,11.8
Pune,18.5204,73.8567,2026-08-04 05:00:00,7.5,4.0,119.0,4.7,4.5,43.0,23.2,93,0.0,12.6
Pune,18.5204,73.8567,2026-08-04 06:00:00,6.0,3.5,140.0,5.2,4.8,44.0,23.2,92,0.1,10.8
Pune,18.5204,73.8567,2026-08-04 07:00:00,6.1,4.1,167.0,5.7,5.2,45.0,23.6,90,0.1,12.2
Pune,18.5204,73.8567,2026-08-04 08:00:00,8.9,5.2,182.0,5.8,5.4,48.0,24.3,86,0.1,16.9
Pune,18.5204,73.8567,2026-08-04 09:00:00,16.1,7.5,172.0,4.8,5.1,55.0,25.4,81,0.2,16.4
Pune,18.5204,73.8567,2026-08-04 10:00:00,24.9,10.4,150.0,3.3,4.6,64.0,26.6,75,0.2,17.8
Pune,18.5204,73.8567,2026-08-04 11:00:00,28.6,11.8,134.0,2.2,4.2,71.0,27.7,68,0.1,17.6
Pune,18.5204,73.8567,2026-08-04 12:00:00,29.2,12.3,133.0,1.8,4.1,75.0,27.2,72,0.5,18.4
Pune,18.5204,73.8567,2026-08-04 13:00:00,27.9,12.1,139.0,1.8,4.1,76.0,27.8,69,0.0,16.0
Pune,18.5204,73.8567,2026-08-04 14:00:00,26.2,12.0,146.0,2.1,4.2,76.0,27.8,69,0.2,17.5
Pune,18.5204,73.8567,2026-08-04 15:00:00,24.6,12.1,151.0,2.7,4.4,73.0,27.4,69,0.1,18.0
Pune,18.5204,73.8567,2026-08-04 16:00:00,19.7,10.8,157.0,3.6,4.8,68.0,25.8,79,0.2,16.3
Pune,18.5204,73.8567,2026-08-04 17:00:00,16.1,8.8,164.0,7.2,4.9,49.0,25.4,80,0.0,16.3
Pune,18.5204,73.8567,2026-08-04 18:00:00,12.7,8.0,175.0,9.8,5.9,43.0,24.6,83,0.1,14.4
Pune,18.5204,73.8567,2026-08-04 19:00:00,12.8,8.8,187.0,13.4,7.2,36.0,24.0,87,0.0,11.6
Pune,18.5204,73.8567,2026-08-04 20:00:00,12.6,8.8,192.0,15.7,8.2,30.0,23.7,88,0.0,11.3
Pune,18.5204,73.8567,2026-08-04 21:00:00,12.3,8.6,186.0,15.7,8.5,29.0,23.6,89,0.0,11.2
Pune,18.5204,73.8567,2026-08-04 22:00:00,10.6,7.5,174.0,14.4,8.5,29.0,23.5,89,0.0,10.6
Pune,18.5204,73.8567,2026-08-04 23:00:00,9.5,6.8,160.0,12.9,8.2,31.0,23.6,89,0.0,11.7
Pune,18.5204,73.8567,2026-08-05 00:00:00,7.8,5.2,144.0,11.2,7.6,33.0,23.4,89,0.0,11.1
Pune,18.5204,73.8567,2026-08-05 01:00:00,6.4,4.3,126.0,9.2,6.8,36.0,23.5,89,0.0,11.9
Pune,18.5204,73.8567,2026-08-05 02:00:00,5.5,3.5,113.0,7.5,6.1,38.0,23.2,90,0.0,11.9
Pune,18.5204,73.8567,2026-08-05 03:00:00,4.5,3.0,106.0,6.2,5.6,40.0,23.2,89,0.0,12.6
Pune,18.5204,73.8567,2026-08-05 04:00:00,3.6,2.5,105.0,5.3,5.1,41.0,23.1,90,0.1,11.0
Pune,18.5204,73.8567,2026-08-05 05:00:00,6.8,3.4,115.0,4.3,4.1,43.0,23.0,94,0.0,13.7
Pune,18.5204,73.8567,2026-08-05 06:00:00,9.3,4.5,150.0,4.9,4.3,42.0,22.9,94,0.6,13.5
Pune,18.5204,73.8567,2026-08-05 07:00:00,11.0,5.7,197.0,5.7,4.5,41.0,23.2,93,0.3,14.6
Pune,18.5204,73.8567,2026-08-05 08:00:00,9.1,4.9,223.0,6.0,4.6,43.0,23.7,92,0.4,13.4
Pune,18.5204,73.8567,2026-08-05 09:00:00,8.9,4.0,206.0,5.4,4.6,49.0,23.6,92,0.5,12.0
Pune,18.5204,73.8567,2026-08-05 10:00:00,10.1,4.6,167.0,4.2,4.6,58.0,25.8,82,0.2,15.2
Pune,18.5204,73.8567,2026-08-05 11:00:00,10.7,6.0,138.0,3.3,4.5,64.0,26.2,76,0.0,17.5
Pune,18.5204,73.8567,2026-08-05 12:00:00,11.3,6.0,131.0,2.6,4.2,65.0,25.5,83,1.3,17.7
Pune,18.5204,73.8567,2026-08-05 13:00:00,9.6,4.6,134.0,2.1,3.8,64.0,26.9,71,0.1,17.7
Pune,18.5204,73.8567,2026-08-05 14:00:00,11.6,5.6,140.0,2.4,3.6,61.0,25.4,83,1.1,19.7
Pune,18.5204,73.8567,2026-08-05 15:00:00,14.0,6.9,148.0,4.1,3.8,56.0,25.4,80,0.4,18.2
Pune,18.5204,73.8567,2026-08-05 16:00:00,13.9,7.4,159.0,6.6,4.2,49.0,25.6,78,0.3,18.8
Pune,18.5204,73.8567,2026-08-05 17:00:00,16.4,7.7,169.0,6.3,4.5,44.0,25.0,82,0.6,15.3
Pune,18.5204,73.8567,2026-08-05 18:00:00,17.2,8.6,176.0,8.1,5.1,40.0,24.6,83,0.0,14.5
Pune,18.5204,73.8567,2026-08-05 19:00:00,19.0,9.8,182.0,10.5,5.9,35.0,23.9,88,0.0,11.8
Pune,18.5204,73.8567,2026-08-05 20:00:00,19.0,9.9,183.0,12.0,6.5,32.0,23.5,89,0.0,11.2
Pune,18.5204,73.8567,2026-08-05 21:00:00,15.7,9.5,178.0,11.7,6.6,32.0,23.4,90,0.0,10.1
Pune,18.5204,73.8567,2026-08-05 22:00:00,9.5,6.3,168.0,10.5,6.5,34.0,23.5,90,0.0,11.4
Pune,18.5204,73.8567,2026-08-05 23:00:00,6.8,4.6,157.0,9.2,6.3,35.0,23.4,90,0.0,11.3
Pune,18.5204,73.8567,2026-08-06 00:00:00,5.5,3.5,144.0,8.2,5.9,36.0,23.3,90,0.0,10.7
Pune,18.5204,73.8567,2026-08-06 01:00:00,4.8,3.1,129.0,7.1,5.4,36.0,23.2,91,0.0,9.9
Pune,18.5204,73.8567,2026-08-06 02:00:00,4.2,2.8,118.0,6.3,5.0,36.0,23.2,90,0.0,11.8
Pune,18.5204,73.8567,2026-08-06 03:00:00,3.7,2.5,111.0,5.8,4.9,36.0,23.0,91,0.0,11.8
Pune,18.5204,73.8567,2026-08-06 04:00:00,3.3,2.2,107.0,5.6,4.9,36.0,22.9,91,0.0,10.9
Pune,18.5204,73.8567,2026-08-06 05:00:00,7.1,3.3,112.0,4.8,4.8,38.0,23.2,91,0.2,12.5
Pune,18.5204,73.8567,2026-08-06 06:00:00,6.4,3.4,134.0,5.2,4.8,39.0,23.3,91,0.1,12.4
Pune,18.5204,73.8567,2026-08-06 07:00:00,7.9,4.4,164.0,5.7,4.7,40.0,23.4,91,0.0,9.3
Pune,18.5204,73.8567,2026-08-06 08:00:00,13.1,5.8,181.0,5.8,4.6,42.0,24.6,86,0.2,14.7
Pune,18.5204,73.8567,2026-08-06 09:00:00,16.6,7.2,171.0,5.0,4.3,46.0,25.9,80,0.1,17.2
Pune,18.5204,73.8567,2026-08-06 10:00:00,15.5,6.8,148.0,3.8,4.0,52.0,24.8,90,4.7,17.2
Pune,18.5204,73.8567,2026-08-06 11:00:00,17.7,7.1,130.0,2.8,3.7,56.0,26.2,77,0.2,20.5
Pune,18.5204,73.8567,2026-08-06 12:00:00,16.8,7.5,125.0,2.3,3.5,58.0,26.9,72,0.5,20.2
Pune,18.5204,73.8567,2026-08-06 13:00:00,17.2,7.9,127.0,2.2,3.3,59.0,25.8,80,1.7,21.4
Pune,18.5204,73.8567,2026-08-06 14:00:00,20.4,8.5,130.0,2.3,3.2,59.0,26.5,74,0.5,22.8
Pune,18.5204,73.8567,2026-08-06 15:00:00,22.0,10.2,136.0,2.8,3.3,57.0,26.7,74,0.1,22.7
Pune,18.5204,73.8567,2026-08-06 16:00:00,24.2,11.3,143.0,3.6,3.4,55.0,26.2,76,0.0,21.8
Pune,18.5204,73.8567,2026-08-06 17:00:00,24.6,11.1,150.0,4.0,3.9,56.0,25.5,79,0.0,19.1
Pune,18.5204,73.8567,2026-08-06 18:00:00,19.3,10.2,156.0,6.1,4.6,50.0,24.1,86,0.0,17.9
Pune,18.5204,73.8567,2026-08-06 19:00:00,18.4,10.3,161.0,9.0,5.6,42.0,23.8,87,0.0,17.7
Pune,18.5204,73.8567,2026-08-06 20:00:00,16.0,9.5,161.0,10.9,6.4,36.0,23.3,89,0.0,15.7
Pune,18.5204,73.8567,2026-08-06 21:00:00,12.7,8.4,154.0,11.0,6.7,34.0,23.3,89,0.0,16.6
Pune,18.5204,73.8567,2026-08-06 22:00:00,7.6,5.2,142.0,10.0,6.8,35.0,23.2,90,0.0,18.2
Pune,18.5204,73.8567,2026-08-06 23:00:00,5.8,4.0,130.0,8.9,6.6,36.0,23.5,89,0.0,18.0
Pune,18.5204,73.8567,2026-08-07 00:00:00,4.2,2.8,119.0,7.7,6.0,37.0,23.1,91,0.1,17.6
Pune,18.5204,73.8567,2026-08-07 01:00:00,3.5,2.1,108.0,6.2,5.1,38.0,23.0,90,0.0,19.9
Pune,18.5204,73.8567,2026-08-07 02:00:00,3.2,2.2,101.0,5.1,4.4,39.0,22.9,90,0.0,18.3
Pune,18.5204,73.8567,2026-08-07 03:00:00,3.1,2.0,97.0,4.6,4.2,39.0,22.6,90,0.0,18.4
Pune,18.5204,73.8567,2026-08-07 04:00:00,3.5,2.1,97.0,4.4,4.3,39.0,22.5,91,0.0,17.3
Pune,18.5204,73.8567,2026-08-07 05:00:00,6.7,3.7,103.0,4.4,4.4,40.0,22.7,91,0.0,18.1
Pune,18.5204,73.8567,2026-08-07 06:00:00,5.5,3.4,120.0,5.0,4.7,39.0,23.1,90,0.0,16.6
Pune,18.5204,73.8567,2026-08-07 07:00:00,5.6,3.6,144.0,5.7,5.2,38.0,23.4,88,0.0,15.5
Pune,18.5204,73.8567,2026-08-07 08:00:00,7.5,4.7,158.0,5.9,5.4,39.0,24.6,82,0.0,21.1
Pune,18.5204,73.8567,2026-08-07 09:00:00,11.7,6.7,155.0,4.9,5.2,46.0,25.3,80,0.2,22.1
Pune,18.5204,73.8567,2026-08-07 10:00:00,11.8,6.7,143.0,3.4,4.8,55.0,25.8,78,0.6,22.5
Pune,18.5204,73.8567,2026-08-07 11:00:00,13.2,7.2,133.0,2.3,4.5,63.0,26.0,76,0.3,24.0
Pune,18.5204,73.8567,2026-08-07 12:00:00,15.7,8.3,130.0,1.9,4.5,68.0,26.9,73,0.3,22.6
Pune,18.5204,73.8567,2026-08-07 13:00:00,18.0,9.3,129.0,1.8,4.6,71.0,26.9,73,0.1,22.8
Pune,18.5204,73.8567,2026-08-07 14:00:00,17.5,9.4,131.0,2.3,4.6,70.0,27.4,69,0.1,22.3
Pune,18.5204,73.8567,2026-08-07 15:00:00,16.8,9.4,137.0,3.6,4.5,64.0,26.6,75,0.1,22.1
Pune,18.5204,73.8567,2026-08-07 16:00:00,15.6,8.3,145.0,5.4,4.3,54.0,26.4,74,0.1,22.1
Pune,18.5204,73.8567,2026-08-07 17:00:00,23.3,11.8,152.0,4.2,4.7,56.0,25.7,77,0.0,19.3
Pune,18.5204,73.8567,2026-08-07 18:00:00,21.1,12.0,156.0,7.3,5.9,48.0,24.5,84,0.0,16.6
Pune,18.5204,73.8567,2026-08-07 19:00:00,19.0,12.1,159.0,11.5,7.4,37.0,23.7,88,0.0,14.2
Pune,18.5204,73.8567,2026-08-07 20:00:00,18.6,12.3,158.0,14.4,8.6,29.0,23.5,89,0.0,12.6
Pune,18.5204,73.8567,2026-08-07 21:00:00,15.9,10.8,151.0,14.8,9.0,26.0,23.5,89,0.0,12.4
Pune,18.5204,73.8567,2026-08-07 22:00:00,12.2,8.6,141.0,13.8,9.0,25.0,23.7,89,0.0,13.7
Pune,18.5204,73.8567,2026-08-07 23:00:00,8.7,6.5,130.0,12.4,8.6,25.0,23.1,89,0.0,14.4
Pune,18.5204,73.8567,2026-08-08 00:00:00,5.2,3.8,119.0,10.6,7.6,26.0,23.0,90,0.0,13.2
Pune,18.5204,73.8567,2026-08-08 01:00:00,3.9,2.9,107.0,8.4,6.3,29.0,23.1,90,0.0,13.5
Pune,18.5204,73.8567,2026-08-08 02:00:00,3.1,2.5,99.0,6.6,5.3,31.0,22.9,90,0.0,14.8
Pune,18.5204,73.8567,2026-08-08 03:00:00,3.0,2.1,94.0,5.6,4.9,32.0,22.6,92,0.0,14.6
Pune,18.5204,73.8567,2026-08-08 04:00:00,3.6,2.3,92.0,5.1,4.8,32.0,22.6,92,0.0,13.5
Pune,18.5204,73.8567,2026-08-08 05:00:00,5.6,3.0,96.0,4.7,4.6,34.0,23.2,91,0.0,15.1
Pune,18.5204,73.8567,2026-08-08 06:00:00,5.5,3.3,111.0,4.9,4.6,35.0,23.4,89,0.1,14.0
Pune,18.5204,73.8567,2026-08-08 07:00:00,6.1,3.5,132.0,5.1,4.7,36.0,23.4,90,0.1,15.2
Pune,18.5204,73.8567,2026-08-08 08:00:00,9.0,4.8,145.0,5.0,4.6,39.0,24.5,83,0.1,19.1
Pune,18.5204,73.8567,2026-08-08 09:00:00,16.5,7.9,141.0,4.2,4.4,46.0,25.1,81,0.3,18.7
Pune,18.5204,73.8567,2026-08-08 10:00:00,18.6,8.9,128.0,3.0,4.1,54.0,26.4,73,0.0,20.4
Pune,18.5204,73.8567,2026-08-08 11:00:00,19.4,9.3,119.0,2.2,3.9,61.0,26.8,72,0.1,20.7
Pune,18.5204,73.8567,2026-08-08 12:00:00,18.3,8.9,118.0,1.8,3.7,64.0,26.8,73,0.4,20.0
Pune,18.5204,73.8567,2026-08-08 13:00:00,16.5,8.3,120.0,1.8,3.6,66.0,26.7,74,0.4,21.2
Pune,18.5204,73.8567,2026-08-08 14:00:00,15.8,8.1,124.0,2.1,3.6,65.0,27.1,70,0.1,21.4
Pune,18.5204,73.8567,2026-08-08 15:00:00,15.4,8.4,131.0,2.8,3.8,63.0,27.0,68,0.2,21.1
Pune,18.5204,73.8567,2026-08-08 16:00:00,16.1,8.5,141.0,3.9,4.1,58.0,26.5,71,0.2,19.9
Pune,18.5204,73.8567,2026-08-08 17:00:00,29.8,13.9,150.0,4.3,4.8,59.0,25.7,77,0.2,16.4
Pune,18.5204,73.8567,2026-08-08 18:00:00,25.5,13.1,159.0,6.7,5.6,52.0,24.6,82,0.0,17.0
Pune,18.5204,73.8567,2026-08-08 19:00:00,22.5,12.5,167.0,10.1,6.6,42.0,23.6,87,0.0,14.1
Pune,18.5204,73.8567,2026-08-08 20:00:00,20.8,12.3,169.0,12.5,7.5,34.0,23.1,90,0.0,12.3
Pune,18.5204,73.8567,2026-08-08 21:00:00,18.0,11.1,162.0,13.2,8.0,30.0,23.2,90,0.0,11.7
Pune,18.5204,73.8567,2026-08-08 22:00:00,14.8,9.7,150.0,13.0,8.3,29.0,23.2,92,0.0,11.9
Pune,18.5204,73.8567,2026-08-08 23:00:00,12.2,8.4,137.0,12.3,8.2,28.0,23.5,89,0.0,13.4
Pune,18.5204,73.8567,2026-08-09 00:00:00,8.7,5.8,124.0,10.8,7.7,29.0,23.1,91,0.0,13.1
Pune,18.5204,73.8567,2026-08-09 01:00:00,6.4,4.5,112.0,8.8,6.8,30.0,23.1,90,0.0,14.3
Pune,18.5204,73.8567,2026-08-09 02:00:00,4.9,3.4,103.0,7.1,6.0,32.0,23.2,90,0.0,15.8
Pune,18.5204,73.8567,2026-08-09 03:00:00,3.3,2.3,100.0,5.9,5.3,34.0,22.9,90,0.0,16.2
Pune,18.5204,73.8567,2026-08-09 04:00:00,3.0,1.9,100.0,4.9,4.7,35.0,23.0,90,0.0,14.2
Pune,18.5204,73.8567,2026-08-09 05:00:00,4.5,2.6,105.0,4.9,4.8,36.0,23.0,90,0.0,15.5
Pune,18.5204,73.8567,2026-08-09 06:00:00,4.6,2.8,118.0,4.8,4.8,37.0,23.1,90,0.0,14.2
Pune,18.5204,73.8567,2026-08-09 07:00:00,5.6,3.2,135.0,4.5,4.7,39.0,23.2,90,0.0,12.5
Pune,18.5204,73.8567,2026-08-09 08:00:00,7.9,4.2,144.0,4.1,4.6,43.0,24.0,88,0.1,15.2
Pune,18.5204,73.8567,2026-08-09 09:00:00,12.7,6.2,137.0,3.3,4.4,49.0,25.1,81,0.2,17.9
Pune,18.5204,73.8567,2026-08-09 10:00:00,15.0,7.1,122.0,2.4,4.2,57.0,26.2,76,0.1,19.3
Pune,18.5204,73.8567,2026-08-09 11:00:00,14.2,6.9,112.0,1.7,4.0,63.0,27.0,70,0.2,18.7
Pune,18.5204,73.8567,2026-08-09 12:00:00,14.1,6.7,111.0,1.4,3.9,65.0,27.5,68,0.1,20.7
Pune,18.5204,73.8567,2026-08-09 13:00:00,14.6,7.1,113.0,1.3,3.8,65.0,27.6,68,0.1,20.4
Pune,18.5204,73.8567,2026-08-09 14:00:00,16.9,7.9,118.0,1.6,3.8,64.0,27.9,66,0.2,19.7
Pune,18.5204,73.8567,2026-08-09 15:00:00,16.5,8.2,124.0,2.2,4.0,62.0,27.3,69,0.2,19.5
Pune,18.5204,73.8567,2026-08-09 16:00:00,15.6,7.9,132.0,3.1,4.3,59.0,26.2,75,0.1,19.7
Pune,18.5204,73.8567,2026-08-09 17:00:00,21.4,10.5,139.0,3.6,4.9,59.0,26.0,76,0.0,16.8
Pune,18.5204,73.8567,2026-08-09 18:00:00,17.2,9.5,144.0,5.2,5.6,53.0,24.9,81,0.0,14.2
Pune,18.5204,73.8567,2026-08-09 19:00:00,14.7,8.8,147.0,7.4,6.6,45.0,24.0,85,0.0,13.5
Pune,18.5204,73.8567,2026-08-09 20:00:00,13.2,8.5,148.0,9.0,7.3,39.0,23.4,88,0.0,13.3
Pune,18.5204,73.8567,2026-08-09 21:00:00,12.7,8.0,146.0,9.4,7.6,36.0,23.4,88,0.0,11.9
Pune,18.5204,73.8567,2026-08-09 22:00:00,12.1,7.8,142.0,9.3,7.5,34.0,23.4,89,0.0,10.9
Pune,18.5204,73.8567,2026-08-09 23:00:00,11.3,7.5,136.0,8.9,7.4,33.0,23.1,88,0.0,11.6
Pune,18.5204,73.8567,2026-08-10 00:00:00,10.2,6.5,127.0,8.4,7.1,32.0,23.0,88,0.0,11.6
Pune,18.5204,73.8567,2026-08-10 01:00:00,8.6,5.4,116.0,7.7,6.6,32.0,23.0,88,0.0,11.5
Pune,18.5204,73.8567,2026-08-10 02:00:00,6.8,4.4,107.0,7.0,6.2,32.0,22.9,89,0.0,10.8
Pune,18.5204,73.8567,2026-08-10 03:00:00,5.9,3.7,101.0,6.4,5.9,32.0,22.8,91,0.0,10.4
Pune,18.5204,73.8567,2026-08-10 04:00:00,5.1,3.1,97.0,5.8,5.7,33.0,22.9,91,0.0,9.9
Pune,18.5204,73.8567,2026-08-10 05:00:00,3.1,1.9,101.0,4.6,4.9,37.0,22.9,89,0.0,12.5
Pune,18.5204,73.8567,2026-08-10 06:00:00,3.4,2.3,121.0,5.1,5.2,37.0,22.6,90,0.0,11.5
Pune,18.5204,73.8567,2026-08-10 07:00:00,4.5,3.2,148.0,5.8,5.5,37.0,23.5,87,0.0,11.0
Pune,18.5204,73.8567,2026-08-10 08:00:00,5.9,4.1,164.0,5.9,5.6,40.0,24.3,84,0.0,15.8
Pune,18.5204,73.8567,2026-08-10 09:00:00,7.3,4.4,157.0,4.8,5.2,47.0,25.3,78,0.0,16.8
Pune,18.5204,73.8567,2026-08-10 10:00:00,12.1,6.3,138.0,3.2,4.5,57.0,26.2,74,0.1,19.5
Pune,18.5204,73.8567,2026-08-10 11:00:00,15.7,7.4,124.0,2.0,4.0,64.0,27.4,68,0.2,18.9
Pune,18.5204,73.8567,2026-08-10 12:00:00,17.0,7.7,122.0,1.7,3.8,67.0,26.7,73,1.0,19.9
Pune,18.5204,73.8567,2026-08-10 13:00:00,15.0,7.0,126.0,1.9,3.7,67.0,26.1,78,0.4,17.3
Pune,18.5204,73.8567,2026-08-10 14:00:00,14.3,7.2,130.0,2.3,3.8,65.0,24.9,80,1.0,23.8
Pune,18.5204,73.8567,2026-08-10 15:00:00,14.1,7.2,133.0,2.9,4.0,62.0,25.8,75,1.5,20.8
Pune,18.5204,73.8567,2026-08-10 16:00:00,14.3,7.6,136.0,3.8,4.4,57.0,26.0,74,0.3,19.5
Pune,18.5204,73.8567,2026-08-10 17:00:00,27.4,12.2,143.0,4.2,5.6,58.0,25.3,76,0.1,15.6
Pune,18.5204,73.8567,2026-08-10 18:00:00,25.1,13.0,157.0,7.8,7.1,51.0,24.1,82,0.0,15.8
Pune,18.5204,73.8567,2026-08-10 19:00:00,24.4,14.1,173.0,12.8,9.1,42.0,23.1,87,0.0,13.5
Pune,18.5204,73.8567,2026-08-10 20:00:00,24.2,15.1,182.0,16.4,10.7,34.0,22.8,89,0.0,11.2
Pune,18.5204,73.8567,2026-08-10 21:00:00,22.0,13.5,177.0,17.4,11.4,30.0,22.5,91,0.0,10.6
Pune,18.5204,73.8567,2026-08-10 22:00:00,22.2,14.3,164.0,17.1,11.6,27.0,22.4,91,0.0,9.8
Pune,18.5204,73.8567,2026-08-10 23:00:00,19.6,12.3,150.0,15.8,11.3,26.0,22.6,89,0.0,11.2
Pune,18.5204,73.8567,2026-08-11 00:00:00,15.4,9.8,137.0,13.3,10.2,27.0,22.6,90,0.0,12.9
Pune,18.5204,73.8567,2026-08-11 01:00:00,11.9,7.2,124.0,9.9,8.6,30.0,22.6,90,0.0,13.6
Pune,18.5204,73.8567,2026-08-11 02:00:00,8.4,5.0,115.0,7.3,7.3,32.0,22.2,91,0.0,11.8
Pune,18.5204,73.8567,2026-08-11 03:00:00,5.9,3.7,110.0,6.4,6.7,32.0,22.2,91,0.0,12.0
Pune,18.5204,73.8567,2026-08-11 04:00:00,4.2,2.7,109.0,6.4,6.4,32.0,22.4,90,0.0,11.4
Pune,18.5204,73.8567,2026-08-11 05:00:00,5.3,3.0,113.0,5.2,5.0,37.0,22.7,92,0.0,11.4
Pune,18.5204,73.8567,2026-08-11 06:00:00,5.5,3.5,128.0,5.8,5.2,36.0,22.9,90,0.0,12.7
Pune,18.5204,73.8567,2026-08-11 07:00:00,5.6,3.7,149.0,6.5,5.6,36.0,23.6,87,0.0,12.5
Pune,18.5204,73.8567,2026-08-11 08:00:00,5.2,3.8,160.0,6.6,5.6,38.0,24.6,83,0.0,16.5
Pune,18.5204,73.8567,2026-08-11 09:00:00,5.5,4.0,153.0,5.4,5.1,45.0,25.3,80,0.1,16.6
Pune,18.5204,73.8567,2026-08-11 10:00:00,5.8,3.8,138.0,3.6,4.3,55.0,26.1,77,0.2,19.7
Pune,18.5204,73.8567,2026-08-11 11:00:00,6.4,3.6,126.0,2.2,3.7,62.0,27.0,72,0.2,17.3
Pune,18.5204,73.8567,2026-08-11 12:00:00,7.2,3.7,124.0,1.7,3.6,66.0,26.7,74,0.2,19.3
Pune,18.5204,73.8567,2026-08-11 13:00:00,8.8,4.7,126.0,1.7,3.7,68.0,25.8,78,0.2,18.0
Pune,18.5204,73.8567,2026-08-11 14:00:00,9.5,5.2,129.0,2.2,3.9,67.0,25.0,82,0.8,17.8
Pune,18.5204,73.8567,2026-08-11 15:00:00,13.9,6.8,133.0,3.5,4.0,64.0,23.9,89,0.6,18.2
Pune,18.5204,73.8567,2026-08-11 16:00:00,13.4,7.6,139.0,5.4,4.2,58.0,24.0,85,0.8,18.6
Pune,18.5204,73.8567,2026-08-11 17:00:00,7.2,4.7,146.0,8.0,3.7,39.0,23.9,90,2.6,16.2
Pune,18.5204,73.8567,2026-08-11 18:00:00,6.4,4.5,158.0,8.5,4.1,38.0,23.0,95,1.8,16.3
Pune,18.5204,73.8567,2026-08-11 19:00:00,5.2,3.9,171.0,9.2,4.7,36.0,22.7,95,3.6,15.0
Pune,18.5204,73.8567,2026-08-11 20:00:00,5.0,3.8,178.0,9.6,5.2,35.0,22.7,95,3.3,13.3
Pune,18.5204,73.8567,2026-08-11 21:00:00,6.1,4.4,176.0,9.6,5.5,34.0,22.6,96,2.7,13.9
Pune,18.5204,73.8567,2026-08-11 22:00:00,7.9,5.3,168.0,9.3,5.7,34.0,22.6,95,2.8,12.9
Pune,18.5204,73.8567,2026-08-11 23:00:00,8.4,5.4,157.0,8.9,5.8,34.0,22.6,94,1.4,12.4
Pune,18.5204,73.8567,2026-08-12 00:00:00,7.8,5.0,142.0,8.3,5.7,34.0,22.4,95,0.1,12.2
Pune,18.5204,73.8567,2026-08-12 01:00:00,8.0,4.7,125.0,7.6,5.5,34.0,22.5,94,0.0,13.3
Pune,18.5204,73.8567,2026-08-12 02:00:00,7.7,4.5,112.0,7.0,5.4,34.0,22.5,93,0.0,14.2
Pune,18.5204,73.8567,2026-08-12 03:00:00,8.7,4.8,104.0,6.6,5.5,35.0,22.4,92,0.0,15.8
Pune,18.5204,73.8567,2026-08-12 04:00:00,8.7,4.7,100.0,6.2,5.6,36.0,22.3,92,0.0,14.1
Pune,18.5204,73.8567,2026-08-12 05:00:00,4.2,2.6,105.0,4.6,4.4,42.0,22.5,93,0.0,13.2
Pune,18.5204,73.8567,2026-08-12 06:00:00,3.6,2.5,130.0,5.3,4.6,42.0,22.8,92,0.0,12.6
Pune,18.5204,73.8567,2026-08-12 07:00:00,4.8,3.4,164.0,6.1,4.9,42.0,23.4,89,0.1,14.5
Pune,18.5204,73.8567,2026-08-12 08:00:00,5.6,3.9,184.0,6.4,5.1,44.0,23.9,86,0.1,16.5
Pune,18.5204,73.8567,2026-08-12 09:00:00,6.5,3.9,174.0,5.5,5.0,50.0,24.9,82,0.1,18.4
Pune,18.5204,73.8567,2026-08-12 10:00:00,9.2,4.9,150.0,3.9,4.7,59.0,25.5,79,0.3,19.5
Pune,18.5204,73.8567,2026-08-12 11:00:00,14.5,7.1,132.0,2.8,4.4,65.0,24.8,81,0.4,16.9
Pune,18.5204,73.8567,2026-08-12 12:00:00,18.6,7.7,130.0,2.5,4.2,67.0,24.9,84,1.2,16.1
Pune,18.5204,73.8567,2026-08-12 13:00:00,20.5,8.2,134.0,2.6,4.0,66.0,24.7,88,3.9,17.1
Pune,18.5204,73.8567,2026-08-12 14:00:00,13.3,6.9,141.0,3.0,3.9,63.0,26.1,81,0.2,19.8
Pune,18.5204,73.8567,2026-08-12 15:00:00,10.2,5.9,151.0,3.5,3.9,58.0,25.6,77,0.3,18.5
Pune,18.5204,73.8567,2026-08-12 16:00:00,11.7,6.0,162.0,4.3,4.1,52.0,25.2,81,0.1,19.4
Pune,18.5204,73.8567,2026-08-12 17:00:00,16.9,8.9,172.0,6.7,5.6,47.0,25.1,80,0.0,16.6
Pune,18.5204,73.8567,2026-08-12 18:00:00,15.8,9.1,178.0,8.9,6.5,42.0,24.0,85,0.1,14.1
Pune,18.5204,73.8567,2026-08-12 19:00:00,16.1,9.8,181.0,11.9,7.7,35.0,23.3,88,0.0,12.9
Pune,18.5204,73.8567,2026-08-12 20:00:00,16.1,10.0,181.0,14.0,8.6,30.0,22.9,90,0.0,11.9
Pune,18.5204,73.8567,2026-08-12 21:00:00,16.5,10.1,177.0,14.4,8.9,28.0,23.2,89,0.0,11.2
Pune,18.5204,73.8567,2026-08-12 22:00:00,16.6,10.1,171.0,13.8,8.8,27.0,22.9,89,0.0,11.3
Pune,18.5204,73.8567,2026-08-12 23:00:00,16.7,9.9,161.0,12.9,8.5,27.0,23.0,89,0.0,11.8
Pune,18.5204,73.8567,2026-08-13 00:00:00,16.8,9.3,146.0,11.6,8.0,27.0,22.9,89,0.0,13.5
Pune,18.5204,73.8567,2026-08-13 01:00:00,13.7,7.6,128.0,10.0,7.3,29.0,22.6,91,0.0,12.0
Pune,18.5204,73.8567,2026-08-13 02:00:00,10.1,6.0,114.0,8.4,6.6,30.0,22.7,90,0.0,12.5
Pune,18.5204,73.8567,2026-08-13 03:00:00,5.8,3.4,104.0,6.9,6.1,32.0,22.6,90,0.0,13.4
Pune,18.5204,73.8567,2026-08-13 04:00:00,3.4,2.3,97.0,5.5,5.6,34.0,22.5,91,0.0,11.4
Pune,18.5204,73.8567,2026-08-13 05:00:00,2.4,1.7,104.0,5.1,5.0,35.0,22.9,90,0.0,11.6
Pune,18.5204,73.8567,2026-08-13 06:00:00,2.9,1.9,138.0,5.5,4.7,35.0,22.9,90,0.1,11.4
Pune,18.5204,73.8567,2026-08-13 07:00:00,5.3,3.3,185.0,6.0,4.3,36.0,23.1,89,0.1,11.3
Pune,18.5204,73.8567,2026-08-13 08:00:00,7.9,4.4,211.0,6.0,4.1,39.0,23.7,87,0.2,11.7
Pune,18.5204,73.8567,2026-08-13 09:00:00,10.3,5.3,194.0,5.1,4.2,46.0,25.2,80,0.2,17.8
Pune,18.5204,73.8567,2026-08-13 10:00:00,11.1,6.0,155.0,3.8,4.5,54.0,25.7,74,0.2,19.5
Pune,18.5204,73.8567,2026-08-13 11:00:00,14.3,7.1,127.0,2.8,4.7,61.0,26.4,73,0.3,19.2
Pune,18.5204,73.8567,2026-08-13 12:00:00,19.0,8.7,122.0,2.6,4.7,65.0,26.6,71,0.7,20.2
Pune,18.5204,73.8567,2026-08-13 13:00:00,19.4,9.2,127.0,2.7,4.5,67.0,25.1,82,1.0,18.5
Pune,18.5204,73.8567,2026-08-13 14:00:00,17.5,9.3,134.0,3.1,4.4,66.0,24.6,84,0.8,17.8
Pune,18.5204,73.8567,2026-08-13 15:00:00,17.9,9.3,139.0,3.5,4.3,62.0,25.2,81,0.4,20.9
Pune,18.5204,73.8567,2026-08-13 16:00:00,15.0,8.1,146.0,4.2,4.2,56.0,25.4,80,0.7,20.3
Pune,18.5204,73.8567,2026-08-13 17:00:00,13.1,7.0,153.0,5.2,4.2,49.0,24.4,84,0.0,17.6
Pune,18.5204,73.8567,2026-08-13 18:00:00,11.5,6.8,162.0,7.2,4.9,44.0,23.8,87,0.0,15.1
Pune,18.5204,73.8567,2026-08-13 19:00:00,12.0,7.6,171.0,9.9,5.7,37.0,23.1,90,0.0,14.1
Pune,18.5204,73.8567,2026-08-13 20:00:00,12.0,7.8,174.0,11.6,6.4,32.0,23.1,90,0.0,14.2
Pune,18.5204,73.8567,2026-08-13 21:00:00,10.6,7.0,168.0,11.6,6.6,31.0,22.9,90,0.0,12.5
Pune,18.5204,73.8567,2026-08-13 22:00:00,9.6,6.3,156.0,10.6,6.6,31.0,22.9,91,0.1,11.9
Pune,18.5204,73.8567,2026-08-13 23:00:00,8.6,5.3,143.0,9.4,6.4,32.0,22.6,90,0.0,13.4
Pune,18.5204,73.8567,2026-08-14 00:00:00,10.3,5.5,130.0,8.2,6.0,33.0,22.6,90,0.0,14.1
Pune,18.5204,73.8567,2026-08-14 01:00:00,10.0,5.1,117.0,6.8,5.5,35.0,22.7,90,0.0,12.4
Pune,18.5204,73.8567,2026-08-14 02:00:00,8.8,4.5,108.0,5.8,5.1,36.0,22.6,91,0.0,10.9
Pune,18.5204,73.8567,2026-08-14 03:00:00,7.5,3.9,105.0,5.4,5.0,36.0,22.7,91,0.0,10.0
Pune,18.5204,73.8567,2026-08-14 04:00:00,5.7,3.2,106.0,5.3,5.1,35.0,22.6,91,0.0,10.7
Pune,18.5204,73.8567,2026-08-14 05:00:00,3.2,2.2,114.0,5.2,4.9,37.0,22.8,90,0.0,11.6
Pune,18.5204,73.8567,2026-08-14 06:00:00,2.7,2.1,137.0,5.9,5.2,37.0,22.5,90,0.0,10.5
Pune,18.5204,73.8567,2026-08-14 07:00:00,2.9,2.4,166.0,6.7,5.6,36.0,23.1,88,0.1,10.4
Pune,18.5204,73.8567,2026-08-14 08:00:00,4.2,3.4,182.0,6.9,5.7,39.0,24.0,85,0.0,13.5
Pune,18.5204,73.8567,2026-08-14 09:00:00,5.5,4.0,170.0,5.7,5.4,47.0,25.0,80,0.1,16.1
Pune,18.5204,73.8567,2026-08-14 10:00:00,6.5,4.4,144.0,3.8,4.9,58.0,25.7,76,0.1,17.0
Pune,18.5204,73.8567,2026-08-14 11:00:00,10.4,5.5,125.0,2.4,4.4,65.0,27.0,71,0.2,19.5
Pune,18.5204,73.8567,2026-08-14 12:00:00,16.8,7.8,122.0,2.0,3.9,65.0,26.5,70,0.6,18.6
Pune,18.5204,73.8567,2026-08-14 13:00:00,18.1,7.9,125.0,2.1,3.4,61.0,26.7,73,1.1,19.4
Pune,18.5204,73.8567,2026-08-14 14:00:00,16.4,7.3,129.0,2.5,3.2,58.0,26.6,71,0.2,20.0
Pune,18.5204,73.8567,2026-08-14 15:00:00,15.3,8.3,131.0,3.3,3.5,57.0,25.9,75,0.2,20.1
Pune,18.5204,73.8567,2026-08-14 16:00:00,12.5,7.4,134.0,4.4,4.0,56.0,25.8,75,0.0,20.9
Pune,18.5204,73.8567,2026-08-14 17:00:00,25.8,12.0,138.0,4.5,3.9,55.0,25.1,78,0.0,18.3
Pune,18.5204,73.8567,2026-08-14 18:00:00,23.1,11.9,146.0,7.1,4.7,49.0,23.7,84,0.0,15.6
Pune,18.5204,73.8567,2026-08-14 19:00:00,18.6,10.7,156.0,10.6,5.9,40.0,23.1,88,0.0,13.5
Pune,18.5204,73.8567,2026-08-14 20:00:00,15.1,9.8,161.0,12.8,6.7,34.0,23.0,89,0.0,12.1
Pune,18.5204,73.8567,2026-08-14 21:00:00,12.9,8.8,160.0,12.6,6.9,32.0,23.1,88,0.0,13.9
Pune,18.5204,73.8567,2026-08-14 22:00:00,11.1,7.8,155.0,11.2,6.7,33.0,22.7,90,0.0,12.9
Pune,18.5204,73.8567,2026-08-14 23:00:00,8.1,5.7,147.0,9.7,6.4,34.0,22.9,89,0.0,13.8
Pune,18.5204,73.8567,2026-08-15 00:00:00,5.9,4.5,134.0,8.3,5.9,35.0,22.9,89,0.0,12.8
Pune,18.5204,73.8567,2026-08-15 01:00:00,4.4,3.2,118.0,6.9,5.4,37.0,22.5,90,0.0,13.5
Pune,18.5204,73.8567,2026-08-15 02:00:00,4.1,2.8,106.0,5.7,4.9,38.0,22.4,90,0.0,12.4
Pune,18.5204,73.8567,2026-08-15 03:00:00,3.6,2.4,98.0,5.0,4.7,39.0,22.2,91,0.0,10.7
Pune,18.5204,73.8567,2026-08-15 04:00:00,3.3,2.2,94.0,4.7,4.5,39.0,22.2,91,0.0,10.7
Pune,18.5204,73.8567,2026-08-15 05:00:00,4.0,2.5,103.0,5.0,4.4,39.0,22.3,94,0.0,10.7
Pune,18.5204,73.8567,2026-08-15 06:00:00,5.2,3.1,139.0,5.3,4.4,40.0,22.4,92,0.1,12.2
Pune,18.5204,73.8567,2026-08-15 07:00:00,6.2,3.8,188.0,5.7,4.4,42.0,22.7,90,0.3,12.3
Pune,18.5204,73.8567,2026-08-15 08:00:00,6.1,3.8,214.0,5.7,4.3,44.0,23.2,90,0.4,11.3
Pune,18.5204,73.8567,2026-08-15 09:00:00,5.2,3.3,195.0,4.8,4.0,48.0,23.8,86,0.1,14.6
Pune,18.5204,73.8567,2026-08-15 10:00:00,6.7,3.6,153.0,3.4,3.6,53.0,25.4,78,0.3,19.4
Pune,18.5204,73.8567,2026-08-15 11:00:00,9.3,4.4,123.0,2.4,3.3,57.0,26.0,75,0.1,19.7
Pune,18.5204,73.8567,2026-08-15 12:00:00,13.5,5.7,118.0,2.0,3.2,61.0,27.0,70,0.2,17.9
Pune,18.5204,73.8567,2026-08-15 13:00:00,14.3,6.2,123.0,2.0,3.3,65.0,26.4,69,0.1,19.6
Pune,18.5204,73.8567,2026-08-15 14:00:00,13.8,6.8,131.0,2.3,3.4,66.0,26.2,73,0.1,17.0
Pune,18.5204,73.8567,2026-08-15 15:00:00,14.2,6.8,138.0,3.1,3.5,63.0,25.8,79,0.4,19.7
Pune,18.5204,73.8567,2026-08-15 16:00:00,15.1,6.9,147.0,4.2,3.7,57.0,25.4,79,0.3,17.6
Pune,18.5204,73.8567,2026-08-15 17:00:00,18.1,9.3,155.0,6.2,3.8,51.0,25.3,78,0.0,16.3
Pune,18.5204,73.8567,2026-08-15 18:00:00,22.1,10.5,163.0,7.6,4.4,47.0,23.7,87,0.5,15.8
Pune,18.5204,73.8567,2026-08-15 19:00:00,20.3,10.6,172.0,9.5,5.1,40.0,23.1,90,0.0,13.6
Pune,18.5204,73.8567,2026-08-15 20:00:00,15.9,9.1,175.0,10.6,5.7,36.0,23.0,90,0.0,12.5
Pune,18.5204,73.8567,2026-08-15 21:00:00,11.5,7.0,172.0,10.4,5.9,35.0,22.9,90,0.0,11.8
Pune,18.5204,73.8567,2026-08-15 22:00:00,7.7,4.8,164.0,9.5,5.9,36.0,22.9,90,0.0,10.6
Pune,18.5204,73.8567,2026-08-15 23:00:00,7.3,4.6,154.0,8.5,5.8,37.0,22.7,90,0.0,11.9
Pune,18.5204,73.8567,2026-08-16 00:00:00,7.4,4.6,139.0,7.4,5.6,38.0,22.6,90,0.0,12.4
Pune,18.5204,73.8567,2026-08-16 01:00:00,7.1,4.4,122.0,6.1,5.2,40.0,22.4,90,0.0,12.2
Pune,18.5204,73.8567,2026-08-16 02:00:00,6.0,3.1,110.0,5.1,4.9,41.0,22.2,91,0.0,11.4
Pune,18.5204,73.8567,2026-08-16 03:00:00,4.8,2.8,107.0,4.8,4.7,41.0,22.2,91,0.0,12.2
Pune,18.5204,73.8567,2026-08-16 04:00:00,3.7,2.3,110.0,4.8,4.6,41.0,22.4,90,0.0,11.1
Pune,18.5204,73.8567,2026-08-16 05:00:00,3.1,2.3,114.0,4.5,4.3,42.0,22.7,90,0.0,14.0
Pune,18.5204,73.8567,2026-08-16 06:00:00,3.8,2.4,120.0,4.5,4.3,43.0,22.3,91,0.0,11.8
Pune,18.5204,73.8567,2026-08-16 07:00:00,5.2,3.3,128.0,4.4,4.4,44.0,23.0,89,0.0,11.1
Pune,18.5204,73.8567,2026-08-16 08:00:00,8.9,4.4,132.0,4.1,4.4,47.0,24.0,84,0.1,17.3
Pune,18.5204,73.8567,2026-08-16 09:00:00,16.1,6.9,127.0,3.4,4.3,53.0,25.2,79,0.0,16.6
Pune,18.5204,73.8567,2026-08-16 10:00:00,18.7,8.1,117.0,2.5,4.1,60.0,26.4,73,0.0,17.9
Pune,18.5204,73.8567,2026-08-16 11:00:00,20.8,8.7,110.0,1.8,3.9,66.0,27.2,68,0.0,18.3
Pune,18.5204,73.8567,2026-08-16 12:00:00,21.4,9.1,109.0,1.5,3.7,69.0,27.2,68,0.1,17.9
Pune,18.5204,73.8567,2026-08-16 13:00:00,19.7,8.6,110.0,1.5,3.6,70.0,27.7,66,0.1,19.3
Pune,18.5204,73.8567,2026-08-16 14:00:00,16.9,7.9,113.0,1.7,3.5,69.0,27.2,68,0.1,18.9
Pune,18.5204,73.8567,2026-08-16 15:00:00,15.3,7.6,118.0,2.1,3.5,66.0,26.8,71,0.1,19.2
Pune,18.5204,73.8567,2026-08-16 16:00:00,13.2,6.8,126.0,2.7,3.7,61.0,26.2,74,0.0,17.3
Pune,18.5204,73.8567,2026-08-16 17:00:00,18.0,8.3,133.0,3.4,3.5,56.0,25.7,76,0.2,17.2
Pune,18.5204,73.8567,2026-08-16 18:00:00,14.4,7.4,141.0,4.8,4.2,52.0,24.6,82,0.0,14.0
Pune,18.5204,73.8567,2026-08-16 19:00:00,12.4,7.0,149.0,6.7,5.2,45.0,23.8,87,0.0,12.5
Pune,18.5204,73.8567,2026-08-16 20:00:00,9.1,5.8,153.0,8.3,6.0,40.0,23.5,88,0.0,10.5
Pune,18.5204,73.8567,2026-08-16 21:00:00,7.9,5.7,152.0,9.3,6.6,36.0,23.4,88,0.0,11.3
Pune,18.5204,73.8567,2026-08-16 22:00:00,6.7,5.4,147.0,9.9,7.1,33.0,23.1,89,0.0,10.8
Pune,18.5204,73.8567,2026-08-16 23:00:00,5.4,4.6,141.0,9.9,7.2,32.0,23.0,88,0.0,12.4
Pune,18.5204,73.8567,2026-08-17 00:00:00,4.1,3.3,132.0,8.8,6.6,34.0,22.9,89,0.0,12.0
Pune,18.5204,73.8567,2026-08-17 01:00:00,4.0,2.8,121.0,7.0,5.5,38.0,23.0,89,0.0,12.0
Pune,18.5204,73.8567,2026-08-17 02:00:00,3.9,2.7,112.0,5.6,4.7,41.0,22.9,90,0.0,12.6
Pune,18.5204,73.8567,2026-08-17 03:00:00,3.9,2.4,105.0,5.0,4.3,42.0,22.8,88,0.0,12.2
Pune,18.5204,73.8567,2026-08-17 04:00:00,4.3,2.6,100.0,4.7,4.2,41.0,22.7,88,0.0,13.5
Pune,18.5204,73.8567,2026-08-17 05:00:00,4.3,2.3,104.0,4.0,3.8,44.0,22.9,89,0.0,14.2
Pune,18.5204,73.8567,2026-08-17 06:00:00,3.9,2.4,126.0,4.4,4.0,44.0,22.5,90,0.0,12.4
Pune,18.5204,73.8567,2026-08-17 07:00:00,4.0,2.7,158.0,4.9,4.4,44.0,23.1,88,0.0,10.4
Pune,18.5204,73.8567,2026-08-17 08:00:00,4.5,3.1,176.0,5.1,4.6,45.0,24.0,84,0.1,16.6
Pune,18.5204,73.8567,2026-08-17 09:00:00,7.1,4.6,168.0,4.7,4.7,48.0,24.6,80,0.2,17.6
Pune,18.5204,73.8567,2026-08-17 10:00:00,9.6,5.8,146.0,4.1,4.7,52.0,25.5,76,0.2,20.1
Pune,18.5204,73.8567,2026-08-17 11:00:00,16.0,8.6,130.0,3.5,4.7,56.0,25.7,77,0.2,19.5
Pune,18.5204,73.8567,2026-08-17 12:00:00,15.1,8.1,127.0,3.0,4.5,59.0,26.1,74,0.2,19.8
Pune,18.5204,73.8567,2026-08-17 13:00:00,13.0,6.6,130.0,2.6,4.2,62.0,26.0,72,0.4,19.9
Pune,18.5204,73.8567,2026-08-17 14:00:00,13.4,7.2,134.0,2.8,4.1,62.0,26.3,72,0.2,21.7
Pune,18.5204,73.8567,2026-08-17 15:00:00,15.4,8.0,139.0,3.7,4.2,59.0,25.6,76,0.1,18.6
Pune,18.5204,73.8567,2026-08-17 16:00:00,16.5,8.6,147.0,5.2,4.5,54.0,25.4,77,0.2,19.2
Pune,18.5204,73.8567,2026-08-17 17:00:00,18.3,8.6,154.0,4.5,3.9,51.0,25.0,79,0.2,15.7
Pune,18.5204,73.8567,2026-08-17 18:00:00,18.6,9.4,163.0,7.1,4.8,45.0,23.9,85,0.0,15.3
Pune,18.5204,73.8567,2026-08-17 19:00:00,15.3,8.7,173.0,10.6,6.0,37.0,23.4,87,0.0,14.0
Pune,18.5204,73.8567,2026-08-17 20:00:00,14.4,8.9,177.0,12.7,6.8,31.0,23.4,87,0.1,13.1
Pune,18.5204,73.8567,2026-08-17 21:00:00,11.4,6.9,172.0,12.1,6.8,30.0,23.1,88,0.0,14.3
Pune,18.5204,73.8567,2026-08-17 22:00:00,7.8,5.1,161.0,10.2,6.5,31.0,22.9,89,0.0,13.4
Pune,18.5204,73.8567,2026-08-17 23:00:00,5.7,4.0,149.0,8.5,6.1,32.0,23.0,89,0.0,13.4
Pune,18.5204,73.8567,2026-08-18 00:00:00,5.7,3.8,133.0,7.7,5.8,32.0,22.7,90,0.0,13.9
Pune,18.5204,73.8567,2026-08-18 01:00:00,6.2,4.0,116.0,7.1,5.6,32.0,22.6,90,0.0,14.1
Pune,18.5204,73.8567,2026-08-18 02:00:00,5.0,3.4,104.0,6.6,5.4,32.0,22.6,91,0.0,15.1
Pune,18.5204,73.8567,2026-08-18 03:00:00,3.4,2.3,100.0,6.2,5.3,31.0,22.5,92,0.0,14.7
Pune,18.5204,73.8567,2026-08-18 04:00:00,2.5,2.0,102.0,6.0,5.3,31.0,22.8,90,0.0,15.7
Pune,18.5204,73.8567,2026-08-18 05:00:00,2.5,1.5,108.0,4.5,4.4,35.0,23.0,90,0.0,15.3
Pune,18.5204,73.8567,2026-08-18 06:00:00,3.2,2.0,124.0,5.0,4.6,34.0,22.7,91,0.1,15.3
Pune,18.5204,73.8567,2026-08-18 07:00:00,4.5,3.2,145.0,5.8,4.8,33.0,23.3,89,0.0,12.9
Pune,18.5204,73.8567,2026-08-18 08:00:00,6.0,3.6,157.0,5.9,4.8,34.0,24.2,85,0.1,17.3
Pune,18.5204,73.8567,2026-08-18 09:00:00,9.2,4.7,151.0,4.9,4.5,39.0,24.9,81,0.0,18.0
Pune,18.5204,73.8567,2026-08-18 10:00:00,9.1,4.4,136.0,3.4,4.1,46.0,25.7,77,0.4,20.7
Pune,18.5204,73.8567,2026-08-18 11:00:00,10.8,5.2,124.0,2.3,3.7,51.0,26.4,74,0.8,22.0
Pune,18.5204,73.8567,2026-08-18 12:00:00,12.4,6.2,120.0,1.9,3.5,54.0,27.1,71,0.1,21.1
Pune,18.5204,73.8567,2026-08-18 13:00:00,11.4,5.5,120.0,1.8,3.4,55.0,27.0,72,0.3,22.0
Pune,18.5204,73.8567,2026-08-18 14:00:00,10.2,5.2,122.0,2.1,3.5,55.0,27.3,69,0.2,22.3
Pune,18.5204,73.8567,2026-08-18 15:00:00,10.2,5.6,128.0,2.8,3.8,54.0,26.3,76,0.3,21.2
Pune,18.5204,73.8567,2026-08-18 16:00:00,11.2,6.8,137.0,3.9,4.3,51.0,25.7,79,0.1,22.2
Pune,18.5204,73.8567,2026-08-18 17:00:00,13.7,7.9,145.0,4.0,4.2,49.0,25.1,81,0.0,19.6
Pune,18.5204,73.8567,2026-08-18 18:00:00,12.6,8.0,150.0,6.3,5.1,43.0,24.1,85,0.1,14.2
Pune,18.5204,73.8567,2026-08-18 19:00:00,13.4,8.8,154.0,9.4,6.4,36.0,23.4,88,0.0,15.5
Pune,18.5204,73.8567,2026-08-18 20:00:00,12.5,8.6,154.0,11.4,7.3,30.0,23.2,90,0.0,14.1
Pune,18.5204,73.8567,2026-08-18 21:00:00,9.9,7.2,148.0,11.4,7.6,28.0,23.6,89,0.0,12.7
Pune,18.5204,73.8567,2026-08-18 22:00:00,7.7,5.9,139.0,10.3,7.5,29.0,23.5,90,0.0,13.9
Pune,18.5204,73.8567,2026-08-18 23:00:00,5.9,4.5,129.0,9.1,7.2,29.0,23.1,90,0.0,13.4
Pune,18.5204,73.8567,2026-08-19 00:00:00,4.5,3.4,118.0,8.1,6.7,29.0,23.1,90,0.0,14.1
Pune,18.5204,73.8567,2026-08-19 01:00:00,3.5,2.7,106.0,7.0,6.0,30.0,23.0,90,0.0,14.4
Pune,18.5204,73.8567,2026-08-19 02:00:00,2.8,2.2,98.0,6.1,5.5,30.0,22.8,90,0.0,14.7
Pune,18.5204,73.8567,2026-08-19 03:00:00,2.4,1.9,93.0,5.5,5.2,31.0,22.5,90,0.0,14.0
Pune,18.5204,73.8567,2026-08-19 04:00:00,2.3,1.8,92.0,5.1,5.1,31.0,22.4,90,0.0,13.1
Pune,18.5204,73.8567,2026-08-19 05:00:00,4.2,2.7,98.0,4.7,4.7,33.0,22.9,90,0.0,12.9
Pune,18.5204,73.8567,2026-08-19 06:00:00,4.5,3.2,121.0,5.4,5.1,33.0,23.0,90,0.0,12.9
Pune,18.5204,73.8567,2026-08-19 07:00:00,5.0,3.5,151.0,6.2,5.5,33.0,23.4,90,0.0,13.9
Pune,18.5204,73.8567,2026-08-19 08:00:00,7.3,4.6,170.0,6.5,5.8,35.0,24.1,87,0.2,17.6
Pune,18.5204,73.8567,2026-08-19 09:00:00,10.3,6.0,164.0,5.6,5.7,42.0,25.0,81,0.1,17.3
Pune,18.5204,73.8567,2026-08-19 10:00:00,13.1,7.1,147.0,4.0,5.3,51.0,26.3,75,0.0,17.5
Pune,18.5204,73.8567,2026-08-19 11:00:00,14.7,7.4,133.0,2.9,5.1,58.0,26.6,74,0.0,17.3
Pune,18.5204,73.8567,2026-08-19 12:00:00,16.5,8.1,129.0,2.6,5.1,62.0,27.5,68,0.0,18.7
Pune,18.5204,73.8567,2026-08-19 13:00:00,15.9,8.4,128.0,2.6,5.2,64.0,27.3,69,0.0,18.4
Pune,18.5204,73.8567,2026-08-19 14:00:00,14.5,8.0,132.0,3.1,5.3,63.0,27.0,70,0.0,20.1
Pune,18.5204,73.8567,2026-08-19 15:00:00,13.8,7.8,142.0,4.0,5.4,59.0,26.5,73,0.0,18.3
Pune,18.5204,73.8567,2026-08-19 16:00:00,12.7,7.4,157.0,5.2,5.5,52.0,25.6,77,0.1,19.7
Pune,18.5204,73.8567,2026-08-19 17:00:00,20.7,10.6,168.0,6.0,5.6,48.0,25.0,81,0.0,16.0
Pune,18.5204,73.8567,2026-08-19 18:00:00,18.6,10.4,174.0,8.5,6.5,42.0,24.4,85,0.0,13.5
Pune,18.5204,73.8567,2026-08-19 19:00:00,16.8,10.2,176.0,11.9,7.8,34.0,23.6,88,0.0,14.0
Pune,18.5204,73.8567,2026-08-19 20:00:00,15.5,10.1,173.0,13.9,8.6,28.0,23.6,89,0.0,14.8
Pune,18.5204,73.8567,2026-08-19 21:00:00,13.9,9.5,162.0,13.3,8.5,27.0,23.3,90,0.0,15.3
Pune,18.5204,73.8567,2026-08-19 22:00:00,10.7,7.4,146.0,11.3,7.9,29.0,23.3,89,0.0,15.5
Pune,18.5204,73.8567,2026-08-19 23:00:00,8.8,5.6,131.0,9.4,7.2,30.0,23.0,90,0.0,14.3
Pune,18.5204,73.8567,2026-08-20 00:00:00,6.6,4.3,118.0,8.2,6.6,31.0,23.1,91,0.0,14.1
Pune,18.5204,73.8567,2026-08-20 01:00:00,5.5,3.5,107.0,7.1,5.9,31.0,23.3,90,0.0,15.3
Pune,18.5204,73.8567,2026-08-20 02:00:00,4.9,3.2,99.0,6.3,5.4,32.0,23.2,90,0.0,15.8
Pune,18.5204,73.8567,2026-08-20 03:00:00,4.4,2.9,95.0,5.9,5.2,32.0,23.0,91,0.0,14.2
Pune,18.5204,73.8567,2026-08-20 04:00:00,3.8,2.6,94.0,5.7,5.2,32.0,22.8,92,0.0,13.3
Pune,18.5204,73.8567,2026-08-20 05:00:00,4.5,2.6,100.0,4.8,4.9,34.0,23.0,91,0.1,11.8
Pune,18.5204,73.8567,2026-08-20 06:00:00,4.9,3.1,118.0,5.2,5.2,34.0,23.1,90,0.1,12.0
Pune,18.5204,73.8567,2026-08-20 07:00:00,7.8,4.0,141.0,5.6,5.7,35.0,23.3,88,0.0,13.7
Pune,18.5204,73.8567,2026-08-20 08:00:00,10.1,5.5,156.0,5.6,5.9,38.0,24.2,84,0.0,16.0
Pune,18.5204,73.8567,2026-08-20 09:00:00,14.0,7.1,152.0,4.7,5.7,46.0,25.4,78,0.0,16.8
Pune,18.5204,73.8567,2026-08-20 10:00:00,21.2,9.6,138.0,3.3,5.2,57.0,26.3,74,0.1,17.5
Pune,18.5204,73.8567,2026-08-20 11:00:00,20.4,9.7,129.0,2.3,4.8,66.0,26.9,70,0.0,16.5
Pune,18.5204,73.8567,2026-08-20 12:00:00,40.2,15.8,129.0,1.9,4.6,70.0,27.5,67,0.0,15.6
Pune,18.5204,73.8567,2026-08-20 13:00:00,23.0,10.7,133.0,1.7,4.5,72.0,28.2,64,0.0,18.9
Pune,18.5204,73.8567,2026-08-20 14:00:00,19.9,9.9,137.0,2.0,4.5,72.0,27.0,69,0.0,18.4
Pune,18.5204,73.8567,2026-08-20 15:00:00,19.8,10.0,140.0,2.6,4.7,70.0,27.3,69,0.0,18.8
Pune,18.5204,73.8567,2026-08-20 16:00:00,19.3,10.0,143.0,3.6,5.0,65.0,26.3,73,0.0,18.4
Pune,18.5204,73.8567,2026-08-20 17:00:00,25.3,12.2,150.0,4.8,5.5,65.0,25.8,76,0.1,15.0
Pune,18.5204,73.8567,2026-08-20 18:00:00,22.5,11.7,165.0,7.6,6.4,56.0,24.8,79,0.0,14.0
Pune,18.5204,73.8567,2026-08-20 19:00:00,20.5,12.0,184.0,11.5,7.7,44.0,23.6,84,0.0,13.2
Pune,18.5204,73.8567,2026-08-20 20:00:00,19.2,11.5,193.0,14.0,8.6,35.0,23.0,88,0.0,13.0
Pune,18.5204,73.8567,2026-08-20 21:00:00,17.7,10.6,183.0,14.0,8.8,31.0,23.0,89,0.0,14.1
Pune,18.5204,73.8567,2026-08-20 22:00:00,15.1,9.4,164.0,12.7,8.6,30.0,22.9,89,0.0,13.9
Pune,18.5204,73.8567,2026-08-20 23:00:00,12.0,7.6,145.0,11.1,8.1,30.0,22.7,88,0.0,13.2
Pune,18.5204,73.8567,2026-08-21 00:00:00,9.3,5.9,131.0,9.1,7.2,31.0,22.5,89,0.0,11.8
Pune,18.5204,73.8567,2026-08-21 01:00:00,6.2,3.8,117.0,6.8,6.1,33.0,22.7,90,0.0,11.0
Pune,18.5204,73.8567,2026-08-21 02:00:00,4.2,2.5,108.0,5.1,5.2,35.0,22.7,90,0.0,11.1
Pune,18.5204,73.8567,2026-08-21 03:00:00,3.2,2.1,102.0,4.6,4.9,35.0,22.4,91,0.0,10.3
Pune,18.5204,73.8567,2026-08-21 04:00:00,2.8,2.1,99.0,4.7,4.9,34.0,22.4,90,0.0,10.3
Pune,18.5204,73.8567,2026-08-21 05:00:00,4.2,2.6,104.0,5.0,5.1,34.0,22.3,91,0.0,11.3
Pune,18.5204,73.8567,2026-08-21 06:00:00,3.7,2.7,123.0,5.2,5.2,34.0,22.3,90,0.0,11.5
Pune,18.5204,73.8567,2026-08-21 07:00:00,3.9,2.8,148.0,5.4,5.3,35.0,23.0,88,0.0,12.4
Pune,18.5204,73.8567,2026-08-21 08:00:00,5.9,3.8,163.0,5.3,5.3,39.0,23.7,84,0.0,13.7
Pune,18.5204,73.8567,2026-08-21 09:00:00,10.7,5.9,155.0,4.4,5.1,48.0,25.3,75,0.0,14.2
Pune,18.5204,73.8567,2026-08-21 10:00:00,14.3,7.8,137.0,3.1,4.9,59.0,26.5,69,0.1,16.7
Pune,18.5204,73.8567,2026-08-21 11:00:00,17.2,9.2,123.0,2.2,4.6,67.0,27.4,65,0.0,17.3
Pune,18.5204,73.8567,2026-08-21 12:00:00,18.7,9.7,121.0,1.8,4.3,71.0,28.1,63,0.0,15.9
Pune,18.5204,73.8567,2026-08-21 13:00:00,19.6,9.9,124.0,1.8,4.0,72.0,28.1,61,0.1,16.8
Pune,18.5204,73.8567,2026-08-21 14:00:00,19.0,9.7,128.0,2.0,3.8,71.0,27.0,67,0.5,18.8
Pune,18.5204,73.8567,2026-08-21 15:00:00,16.2,8.6,131.0,2.4,3.8,68.0,26.8,70,0.6,19.4
Pune,18.5204,73.8567,2026-08-21 16:00:00,13.1,7.4,136.0,3.1,4.0,63.0,26.2,72,0.0,18.9
Pune,18.5204,73.8567,2026-08-21 17:00:00,17.0,9.2,143.0,3.9,4.0,56.0,25.5,75,0.0,15.9
Pune,18.5204,73.8567,2026-08-21 18:00:00,17.1,9.6,156.0,6.4,4.8,49.0,24.5,79,0.0,14.5
Pune,18.5204,73.8567,2026-08-21 19:00:00,15.1,9.4,172.0,9.8,5.9,40.0,23.5,85,0.0,12.9
Pune,18.5204,73.8567,2026-08-21 20:00:00,13.9,9.1,182.0,12.0,6.7,33.0,23.1,86,0.0,12.8
Pune,18.5204,73.8567,2026-08-21 21:00:00,12.7,9.1,183.0,12.1,7.0,31.0,23.1,87,0.0,11.9
Pune,18.5204,73.8567,2026-08-21 22:00:00,11.0,7.9,178.0,11.0,7.0,31.0,23.0,88,0.0,12.7
Pune,18.5204,73.8567,2026-08-21 23:00:00,8.6,6.0,169.0,9.8,6.8,32.0,22.7,88,0.0,12.3
Pune,18.5204,73.8567,2026-08-22 00:00:00,7.3,4.9,155.0,8.6,6.4,33.0,22.4,90,0.0,11.2
Pune,18.5204,73.8567,2026-08-22 01:00:00,6.7,4.2,136.0,7.3,5.9,33.0,22.3,90,0.0,10.2
Pune,18.5204,73.8567,2026-08-22 02:00:00,5.8,3.8,123.0,6.3,5.5,34.0,22.3,91,0.0,10.0
Pune,18.5204,73.8567,2026-08-22 03:00:00,4.9,3.1,117.0,5.9,5.4,34.0,22.4,90,0.0,11.4
Pune,18.5204,73.8567,2026-08-22 04:00:00,4.0,2.7,115.0,5.9,5.4,33.0,22.4,90,0.0,10.1
Pune,18.5204,73.8567,2026-08-22 05:00:00,3.3,2.1,119.0,5.2,5.2,36.0,23.0,89,0.0,12.5
Pune,18.5204,73.8567,2026-08-22 06:00:00,3.3,2.2,133.0,5.6,5.2,36.0,23.1,88,0.0,10.9
Pune,18.5204,73.8567,2026-08-22 07:00:00,4.9,3.5,153.0,6.1,5.1,37.0,23.3,87,0.0,11.6
Pune,18.5204,73.8567,2026-08-22 08:00:00,5.5,3.8,164.0,6.1,4.9,40.0,23.9,84,0.0,14.9
Pune,18.5204,73.8567,2026-08-22 09:00:00,9.1,5.3,156.0,5.0,4.4,46.0,24.8,79,0.2,15.8
Pune,18.5204,73.8567,2026-08-22 10:00:00,12.6,6.4,138.0,3.3,3.8,54.0,25.7,74,0.2,17.2
Pune,18.5204,73.8567,2026-08-22 11:00:00,14.2,7.0,126.0,2.2,3.4,59.0,26.1,74,0.5,20.1
Pune,18.5204,73.8567,2026-08-22 12:00:00,15.8,7.6,124.0,2.0,3.3,61.0,27.0,71,0.1,17.4
Pune,18.5204,73.8567,2026-08-22 13:00:00,15.9,7.9,127.0,2.3,3.3,60.0,26.6,68,0.6,20.4
Pune,18.5204,73.8567,2026-08-22 14:00:00,15.6,8.0,133.0,3.0,3.5,58.0,25.9,73,0.1,16.8
Pune,18.5204,73.8567,2026-08-22 15:00:00,15.4,8.6,141.0,4.4,3.9,54.0,25.9,75,0.4,18.1
Pune,18.5204,73.8567,2026-08-22 16:00:00,15.7,8.7,152.0,6.2,4.4,48.0,25.1,77,0.0,18.6
Pune,18.5204,73.8567,2026-08-22 17:00:00,17.5,9.5,162.0,5.9,5.1,50.0,25.0,79,0.0,17.5
Pune,18.5204,73.8567,2026-08-22 18:00:00,15.8,9.1,173.0,8.2,5.8,45.0,24.0,85,0.2,15.3
Pune,18.5204,73.8567,2026-08-22 19:00:00,15.0,9.6,184.0,11.4,6.8,37.0,23.7,87,0.0,13.7
Pune,18.5204,73.8567,2026-08-22 20:00:00,15.4,10.1,188.0,13.6,7.6,31.0,23.2,88,0.0,12.1
Pune,18.5204,73.8567,2026-08-22 21:00:00,13.4,9.2,180.0,14.0,7.9,28.0,23.2,88,0.0,11.8
Pune,18.5204,73.8567,2026-08-22 22:00:00,11.5,8.4,164.0,13.3,8.0,27.0,23.1,89,0.0,11.1
Pune,18.5204,73.8567,2026-08-22 23:00:00,9.5,6.9,149.0,12.2,7.8,27.0,23.4,89,0.0,10.0
Pune,18.5204,73.8567,2026-08-23 00:00:00,7.9,5.6,136.0,10.4,7.3,28.0,23.3,89,0.0,12.2
Pune,18.5204,73.8567,2026-08-23 01:00:00,6.6,4.3,122.0,8.1,6.5,30.0,22.9,89,0.0,10.8
Pune,18.5204,73.8567,2026-08-23 02:00:00,5.5,3.4,113.0,6.4,5.9,31.0,22.8,90,0.0,9.9
Pune,18.5204,73.8567,2026-08-23 03:00:00,4.6,3.0,109.0,5.7,5.5,32.0,22.6,91,0.0,10.8
Pune,18.5204,73.8567,2026-08-23 04:00:00,3.2,2.2,108.0,5.5,5.2,32.0,22.6,89,0.0,10.4
Pune,18.5204,73.8567,2026-08-23 05:00:00,4.7,2.9,111.0,5.8,5.2,32.0,22.9,91,0.0,10.7
Pune,18.5204,73.8567,2026-08-23 06:00:00,4.2,2.8,121.0,5.3,5.1,34.0,22.9,90,0.0,9.9
Pune,18.5204,73.8567,2026-08-23 07:00:00,5.3,3.3,135.0,4.6,5.0,37.0,23.4,87,0.0,10.9
Pune,18.5204,73.8567,2026-08-23 08:00:00,7.3,4.0,143.0,3.9,4.9,42.0,24.4,82,0.0,14.9
Pune,18.5204,73.8567,2026-08-23 09:00:00,11.1,5.7,138.0,3.1,4.7,49.0,25.8,74,0.1,15.9
Pune,18.5204,73.8567,2026-08-23 10:00:00,16.2,7.6,126.0,2.4,4.4,57.0,26.4,71,0.1,15.5
Pune,18.5204,73.8567,2026-08-23 11:00:00,19.2,8.8,117.0,1.8,4.2,63.0,26.8,72,0.3,18.4
Pune,18.5204,73.8567,2026-08-23 12:00:00,20.0,9.4,115.0,1.5,3.9,65.0,27.6,69,0.3,18.9
Pune,18.5204,73.8567,2026-08-23 13:00:00,20.3,9.3,115.0,1.4,3.7,65.0,27.4,71,0.3,19.3
Pune,18.5204,73.8567,2026-08-23 14:00:00,20.0,9.3,117.0,1.6,3.6,64.0,27.1,72,0.2,19.8
Pune,18.5204,73.8567,2026-08-23 15:00:00,16.5,8.1,120.0,2.0,3.7,61.0,26.7,74,0.4,19.3
Pune,18.5204,73.8567,2026-08-23 16:00:00,13.1,7.0,125.0,2.7,3.9,57.0,26.2,77,0.4,20.4
Pune,18.5204,73.8567,2026-08-23 17:00:00,13.3,7.3,131.0,3.2,3.9,52.0,25.7,77,0.1,17.5
Pune,18.5204,73.8567,2026-08-23 18:00:00,14.3,7.7,139.0,5.6,4.9,45.0,24.6,83,0.0,14.8
Pune,18.5204,73.8567,2026-08-23 19:00:00,13.6,8.2,147.0,8.9,6.3,36.0,23.8,87,0.0,13.6
Pune,18.5204,73.8567,2026-08-23 20:00:00,14.4,9.3,151.0,11.0,7.2,29.0,23.5,88,0.0,13.1
Pune,18.5204,73.8567,2026-08-23 21:00:00,14.8,9.6,148.0,11.0,7.3,27.0,23.3,89,0.0,11.9
Pune,18.5204,73.8567,2026-08-23 22:00:00,15.3,9.0,140.0,9.8,7.0,29.0,23.2,90,0.0,10.8
Pune,18.5204,73.8567,2026-08-23 23:00:00,14.7,8.4,131.0,8.5,6.6,30.0,23.3,89,0.0,11.6
Pune,18.5204,73.8567,2026-08-24 00:00:00,12.7,7.6,121.0,7.3,6.1,31.0,23.1,90,0.0,11.0
Pune,18.5204,73.8567,2026-08-24 01:00:00,10.2,5.8,109.0,6.0,5.5,33.0,22.9,91,0.0,10.8
Pune,18.5204,73.8567,2026-08-24 02:00:00,8.0,4.4,102.0,5.1,5.1,34.0,22.9,91,0.0,10.3
Pune,18.5204,73.8567,2026-08-24 03:00:00,6.4,3.6,99.0,4.8,5.0,34.0,22.7,92,0.0,9.4
Pune,18.5204,73.8567,2026-08-24 04:00:00,5.8,3.3,100.0,4.8,5.0,34.0,22.6,93,0.0,8.4
Pune,18.5204,73.8567,2026-08-24 05:00:00,8.0,3.9,107.0,4.3,4.6,37.0,23.4,90,0.0,10.3
Pune,18.5204,73.8567,2026-08-24 06:00:00,8.4,4.3,126.0,4.8,5.0,37.0,23.2,91,0.0,10.3
Pune,18.5204,73.8567,2026-08-24 07:00:00,10.0,5.0,150.0,5.5,5.4,38.0,23.5,89,0.0,10.3
Pune,18.5204,73.8567,2026-08-24 08:00:00,12.2,6.2,164.0,5.6,5.7,41.0,24.6,83,0.0,13.5
Pune,18.5204,73.8567,2026-08-24 09:00:00,17.1,8.2,158.0,4.8,5.6,49.0,25.8,76,0.1,13.2
Pune,18.5204,73.8567,2026-08-24 10:00:00,21.8,10.2,141.0,3.4,5.3,61.0,26.9,70,0.0,13.5
Pune,18.5204,73.8567,2026-08-24 11:00:00,22.8,11.1,129.0,2.4,5.0,69.0,27.5,69,0.0,17.3
Pune,18.5204,73.8567,2026-08-24 12:00:00,22.8,11.2,126.0,1.9,4.7,73.0,28.2,65,0.0,15.9
Pune,18.5204,73.8567,2026-08-24 13:00:00,20.8,10.4,127.0,1.7,4.3,74.0,28.2,66,0.5,18.0
Pune,18.5204,73.8567,2026-08-24 14:00:00,20.4,10.2,130.0,1.9,4.1,73.0,27.0,73,0.9,20.7
Pune,18.5204,73.8567,2026-08-24 15:00:00,19.1,9.6,133.0,2.4,4.1,69.0,27.5,69,0.1,18.9
Pune,18.5204,73.8567,2026-08-24 16:00:00,17.3,9.1,138.0,3.3,4.3,61.0,27.1,70,0.0,20.4
Pune,18.5204,73.8567,2026-08-24 17:00:00,25.2,11.3,145.0,4.5,4.6,53.0,26.0,76,0.0,17.1
Pune,18.5204,73.8567,2026-08-24 18:00:00,22.9,11.2,158.0,6.4,5.4,47.0,24.6,83,0.0,14.2
Pune,18.5204,73.8567,2026-08-24 19:00:00,21.0,10.8,173.0,8.9,6.5,40.0,23.9,85,0.0,14.0
Pune,18.5204,73.8567,2026-08-24 20:00:00,21.0,11.1,181.0,10.7,7.3,34.0,23.4,87,0.0,12.7
Pune,18.5204,73.8567,2026-08-24 21:00:00,21.4,11.1,175.0,11.2,7.5,32.0,23.3,89,0.0,11.7
Pune,18.5204,73.8567,2026-08-24 22:00:00,21.1,11.5,161.0,10.9,7.4,31.0,23.2,90,0.0,11.4
Pune,18.5204,73.8567,2026-08-24 23:00:00,20.1,10.7,147.0,10.3,7.2,31.0,23.2,89,0.0,11.2
Pune,18.5204,73.8567,2026-08-25 00:00:00,15.3,7.9,136.0,9.1,6.8,31.0,23.0,89,0.0,11.0
Pune,18.5204,73.8567,2026-08-25 01:00:00,12.0,6.2,125.0,7.5,6.2,32.0,22.8,91,0.0,11.5
Pune,18.5204,73.8567,2026-08-25 02:00:00,11.1,5.5,117.0,6.3,5.8,33.0,22.9,90,0.0,12.2
Pune,18.5204,73.8567,2026-08-25 03:00:00,8.7,4.4,112.0,5.7,5.6,33.0,22.6,90,0.0,11.2
Pune,18.5204,73.8567,2026-08-25 04:00:00,7.2,3.5,109.0,5.5,5.5,33.0,22.6,90,0.0,10.9
Pune,18.5204,73.8567,2026-08-25 05:00:00,7.5,3.5,113.0,4.8,4.7,35.0,22.6,90,0.0,10.5
Pune,18.5204,73.8567,2026-08-25 06:00:00,6.8,3.5,130.0,5.3,5.1,35.0,22.6,91,0.0,9.0
Pune,18.5204,73.8567,2026-08-25 07:00:00,8.1,4.1,153.0,5.8,5.6,36.0,23.1,89,0.0,9.6
Pune,18.5204,73.8567,2026-08-25 08:00:00,11.6,5.3,166.0,5.9,5.9,40.0,24.3,83,0.0,13.7
Pune,18.5204,73.8567,2026-08-25 09:00:00,19.3,8.2,160.0,5.0,5.7,48.0,25.3,77,0.1,14.6
Pune,18.5204,73.8567,2026-08-25 10:00:00,24.6,10.3,144.0,3.5,5.3,60.0,26.6,71,0.0,15.3
Pune,18.5204,73.8567,2026-08-25 11:00:00,27.6,11.5,132.0,2.4,4.9,68.0,26.6,73,0.2,17.7
Pune,18.5204,73.8567,2026-08-25 12:00:00,28.9,12.2,129.0,1.9,4.5,72.0,27.3,69,0.2,16.4
Pune,18.5204,73.8567,2026-08-25 13:00:00,31.1,12.6,129.0,1.8,4.2,74.0,28.1,65,0.0,17.3
Pune,18.5204,73.8567,2026-08-25 14:00:00,29.8,12.3,131.0,2.0,4.0,73.0,28.3,64,0.0,20.2
Pune,18.5204,73.8567,2026-08-25 15:00:00,25.7,11.2,133.0,2.6,4.0,70.0,27.4,68,0.0,19.4
Pune,18.5204,73.8567,2026-08-25 16:00:00,24.7,11.0,136.0,3.5,4.1,64.0,26.6,71,0.0,19.3
Pune,18.5204,73.8567,2026-08-25 17:00:00,50.8,21.3,142.0,4.4,4.3,60.0,26.0,74,0.0,17.6
Pune,18.5204,73.8567,2026-08-25 18:00:00,41.9,18.6,156.0,6.2,5.0,53.0,24.7,81,0.0,15.1
Pune,18.5204,73.8567,2026-08-25 19:00:00,36.0,17.0,173.0,8.6,5.9,44.0,23.7,85,0.0,14.1
Pune,18.5204,73.8567,2026-08-25 20:00:00,32.6,15.8,182.0,10.6,6.8,37.0,23.3,88,0.0,13.6
Pune,18.5204,73.8567,2026-08-25 21:00:00,30.5,15.2,178.0,11.8,7.5,33.0,23.3,88,0.0,12.4
Pune,18.5204,73.8567,2026-08-25 22:00:00,30.4,14.9,165.0,12.5,8.1,30.0,23.4,89,0.0,11.9
Pune,18.5204,73.8567,2026-08-25 23:00:00,27.9,14.4,152.0,12.5,8.3,29.0,23.2,89,0.0,11.9
Pune,18.5204,73.8567,2026-08-26 00:00:00,24.9,12.7,137.0,11.2,7.8,29.0,23.0,89,0.0,14.4
Pune,18.5204,73.8567,2026-08-26 01:00:00,22.7,10.6,122.0,9.2,6.9,31.0,22.7,91,0.0,13.8
Pune,18.5204,73.8567,2026-08-26 02:00:00,17.1,8.7,111.0,7.5,6.2,33.0,22.7,90,0.0,13.7
Pune,18.5204,73.8567,2026-08-26 03:00:00,14.8,6.9,107.0,6.5,5.9,34.0,22.6,90,0.0,13.9
Pune,18.5204,73.8567,2026-08-26 04:00:00,13.1,6.2,109.0,5.9,5.8,35.0,22.6,90,0.0,13.9
Pune,18.5204,73.8567,2026-08-26 05:00:00,9.6,4.4,116.0,4.8,5.2,39.0,22.9,90,0.0,12.0
Pune,18.5204,73.8567,2026-08-26 06:00:00,8.7,4.1,135.0,5.3,5.4,39.0,22.6,92,0.0,11.2
Pune,18.5204,73.8567,2026-08-26 07:00:00,8.8,4.4,160.0,6.0,5.8,39.0,22.9,91,0.1,13.9
Pune,18.5204,73.8567,2026-08-26 08:00:00,10.0,5.2,174.0,6.1,5.9,42.0,24.0,85,0.2,15.3
Pune,18.5204,73.8567,2026-08-26 09:00:00,16.8,7.6,165.0,5.1,5.7,51.0,25.4,78,0.1,16.6
Pune,18.5204,73.8567,2026-08-26 10:00:00,23.6,10.4,146.0,3.5,5.4,63.0,26.5,73,0.2,19.1
Pune,18.5204,73.8567,2026-08-26 11:00:00,32.7,13.5,131.0,2.3,5.1,72.0,27.5,69,0.0,18.1
Pune,18.5204,73.8567,2026-08-26 12:00:00,38.5,15.4,128.0,1.8,4.9,77.0,28.1,66,0.0,17.5
Pune,18.5204,73.8567,2026-08-26 13:00:00,36.0,14.9,129.0,1.7,4.7,80.0,28.3,64,0.1,18.2
Pune,18.5204,73.8567,2026-08-26 14:00:00,36.7,15.4,133.0,2.0,4.6,80.0,28.1,66,0.0,19.1
Pune,18.5204,73.8567,2026-08-26 15:00:00,37.7,16.1,138.0,2.5,4.6,77.0,27.7,67,0.1,18.2
Pune,18.5204,73.8567,2026-08-26 16:00:00,35.7,15.8,146.0,3.4,4.8,71.0,27.0,71,0.0,18.8
Pune,18.5204,73.8567,2026-08-26 17:00:00,41.3,17.6,154.0,4.2,4.4,64.0,26.1,74,0.0,16.6
Pune,18.5204,73.8567,2026-08-26 18:00:00,36.2,16.4,164.0,6.6,5.3,56.0,25.0,79,0.0,14.3
Pune,18.5204,73.8567,2026-08-26 19:00:00,30.7,15.5,175.0,9.8,6.5,45.0,23.9,85,0.0,13.9
Pune,18.5204,73.8567,2026-08-26 20:00:00,25.5,13.8,180.0,12.2,7.5,36.0,23.7,85,0.0,13.4
Pune,18.5204,73.8567,2026-08-26 21:00:00,19.2,11.2,176.0,13.0,8.1,31.0,23.3,86,0.0,12.1
Pune,18.5204,73.8567,2026-08-26 22:00:00,14.1,9.0,165.0,12.8,8.4,29.0,23.1,89,0.0,10.5
Pune,18.5204,73.8567,2026-08-26 23:00:00,10.9,7.0,153.0,12.0,8.3,28.0,23.1,88,0.0,12.4
Pune,18.5204,73.8567,2026-08-27 00:00:00,9.2,5.1,137.0,10.1,7.4,30.0,23.1,89,0.0,12.5
Pune,18.5204,73.8567,2026-08-27 01:00:00,9.5,4.2,119.0,7.4,6.1,33.0,23.2,89,0.0,12.2
Pune,18.5204,73.8567,2026-08-27 02:00:00,8.8,3.8,106.0,5.5,5.2,36.0,23.0,90,0.0,12.1
Pune,18.5204,73.8567,2026-08-27 03:00:00,6.9,3.2,101.0,5.0,5.0,36.0,22.9,89,0.0,12.6
Pune,18.5204,73.8567,2026-08-27 04:00:00,4.9,2.6,101.0,5.1,5.1,36.0,22.8,90,0.0,12.5
Pune,18.5204,73.8567,2026-08-27 05:00:00,8.5,3.7,106.0,4.5,4.5,39.0,22.8,91,0.0,12.8
Pune,18.5204,73.8567,2026-08-27 06:00:00,7.5,3.8,121.0,4.7,4.6,40.0,23.1,88,0.0,14.1
Pune,18.5204,73.8567,2026-08-27 07:00:00,8.5,4.0,142.0,4.9,4.7,42.0,23.3,86,0.0,13.3
Pune,18.5204,73.8567,2026-08-27 08:00:00,16.9,6.9,154.0,4.8,4.7,45.0,24.0,83,0.0,17.7
Pune,18.5204,73.8567,2026-08-27 09:00:00,26.1,10.2,148.0,4.0,4.5,51.0,25.4,75,0.2,19.7
Pune,18.5204,73.8567,2026-08-27 10:00:00,27.0,11.1,133.0,2.8,4.1,59.0,26.4,70,0.0,17.5
Pune,18.5204,73.8567,2026-08-27 11:00:00,28.5,11.4,122.0,2.0,3.8,65.0,27.3,64,0.0,18.8
Pune,18.5204,73.8567,2026-08-27 12:00:00,28.2,11.6,120.0,1.7,3.6,68.0,27.6,63,0.0,17.5
Pune,18.5204,73.8567,2026-08-27 13:00:00,24.3,10.7,121.0,1.8,3.5,69.0,26.8,66,0.8,22.0
Pune,18.5204,73.8567,2026-08-27 14:00:00,18.9,9.1,125.0,2.1,3.5,68.0,26.6,70,0.6,19.1
Pune,18.5204,73.8567,2026-08-27 15:00:00,18.5,8.7,133.0,2.3,3.5,65.0,26.5,68,0.4,19.4
Pune,18.5204,73.8567,2026-08-27 16:00:00,19.6,8.7,143.0,2.7,3.6,59.0,26.0,71,0.1,19.6
Pune,18.5204,73.8567,2026-08-27 17:00:00,17.7,8.1,152.0,4.1,4.1,53.0,25.4,75,0.2,17.7
Pune,18.5204,73.8567,2026-08-27 18:00:00,16.0,8.2,160.0,7.6,5.3,45.0,24.1,83,0.0,16.2
Pune,18.5204,73.8567,2026-08-27 19:00:00,15.2,8.9,167.0,12.0,6.9,37.0,23.3,86,0.0,13.6
Pune,18.5204,73.8567,2026-08-27 20:00:00,15.0,9.9,170.0,14.9,8.1,31.0,23.0,85,0.0,13.5
Pune,18.5204,73.8567,2026-08-27 21:00:00,13.0,8.9,166.0,14.7,8.4,29.0,22.7,87,0.0,13.2
Pune,18.5204,73.8567,2026-08-27 22:00:00,10.3,7.2,157.0,13.0,8.3,30.0,22.7,88,0.0,12.5
Pune,18.5204,73.8567,2026-08-27 23:00:00,8.2,6.0,147.0,11.2,8.0,31.0,22.8,88,0.0,13.4
